IKResults
version=1
nRows=6338
nColumns=18
inDegrees=yes

Units are S.I. units (second, meters, Newtons, ...)
If the header above contains a line with 'inDegrees', this indicates whether rotational values are in degrees (yes) or radians (no).

endheader
time	TH_x	TH_y	TH_z	TH_x_trans	TH_y_trans	TH_z_trans	SC_y	SC_z	SC_x	AC_y	AC_z	AC_x	GH_y	GH_z	GH_yy	EL_x	PS_y
      5.54000000	      2.65993609	   -169.54584126	      0.00000000	      0.11153907	      1.18622809	     -0.17231759	    -40.80844710	      4.03897834	     29.22887328	     55.91066893	      1.00610526	      1.67935834	     63.94927572	     52.01131280	    -66.69172469	     24.28358083	    103.19801845
      5.55000000	      2.61836784	   -169.55113649	      0.00000000	      0.11147901	      1.18629338	     -0.17258077	    -40.79922098	      4.07311624	     32.84505307	     55.93635287	     -1.91536796	     -0.31071435	     64.05353084	     52.09500904	    -66.56475841	     24.17230856	    102.68742108
      5.56000000	      2.58430721	   -169.52266606	      0.00000000	      0.11147121	      1.18632701	     -0.17285438	    -40.82174345	      4.13115669	     36.62759205	     55.86920162	     -4.96647299	     -2.33820499	     64.10139732	     52.10233897	    -66.52545642	     24.11104335	    102.56601579
      5.57000000	      2.56500474	   -169.57988544	      0.00000000	      0.11134420	      1.18633410	     -0.17307813	    -40.76617516	      4.17127251	     39.71648810	     55.68717514	     -7.48140956	     -4.00804299	     64.19000435	     52.16526732	    -66.78985031	     24.11652204	    103.93444268
      5.58000000	      2.52789240	   -169.58870635	      0.00000000	      0.11130280	      1.18638897	     -0.17336403	    -40.74792977	      4.19784334	     42.28688947	     55.45997789	     -9.52112230	     -5.50549468	     64.35126224	     52.27513625	    -66.59494162	     23.95810017	    102.96025737
      5.59000000	      2.50244257	   -169.59618655	      0.00000000	      0.11122959	      1.18640472	     -0.17360372	    -40.74661842	      4.24806809	     45.75917239	     55.13859086	    -12.33851097	     -7.39132192	     64.36307532	     52.25159503	    -66.79441847	     23.98936046	    103.98617761
      5.60000000	      2.46879833	   -169.59960103	      0.00000000	      0.11117625	      1.18643831	     -0.17389091	    -40.74037905	      4.27606929	     44.30873150	     55.26640434	    -11.06466408	     -6.60993746	     64.55622409	     52.37792152	    -66.43984019	     23.79435981	    102.37957092
      5.61000000	      2.45203192	   -169.62929280	      0.00000000	      0.11106993	      1.18646986	     -0.17409085	    -40.74849241	      4.31788803	     44.44101232	     55.29909271	    -11.08831172	     -6.60280456	     64.68356009	     52.36993805	    -66.37813579	     23.69606950	    101.69326919
      5.62000000	      2.42522633	   -169.61524388	      0.00000000	      0.11106794	      1.18647383	     -0.17432412	    -40.77240695	      4.35631165	     44.26233467	     55.44127761	    -10.95771564	     -6.31970964	     64.51913236	     52.28088747	    -66.20706810	     23.69867025	    101.64574003
      5.63000000	      2.42098100	   -169.64195025	      0.00000000	      0.11099995	      1.18647308	     -0.17451259	    -40.76856605	      4.36854519	     44.17974974	     55.55556395	    -10.88808735	     -6.14168736	     64.41797773	     52.25711909	    -66.04250342	     23.66535687	    101.58446931
      5.64000000	      2.37453099	   -169.64422750	      0.00000000	      0.11096034	      1.18651771	     -0.17490130	    -40.71296332	      4.40929989	     43.88621463	     55.38745543	    -10.53013970	     -6.18699805	     64.82653761	     52.42527642	    -66.87073307	     23.74158085	    103.66258124
      5.65000000	      2.35997639	   -169.64930163	      0.00000000	      0.11090608	      1.18650692	     -0.17511167	    -40.73275797	      4.43886237	     43.79614250	     55.48592661	    -10.45254533	     -5.98966024	     64.75160732	     52.34856049	    -66.76640280	     23.72522581	    103.43151373
      5.66000000	      2.34348557	   -169.63987896	      0.00000000	      0.11088462	      1.18650515	     -0.17536869	    -40.75775861	      4.46471856	     43.75461644	     55.52283458	    -10.37898335	     -5.89735218	     64.78098564	     52.30924055	    -66.77901426	     23.71842756	    103.28204958
      5.67000000	      2.28835898	   -169.65327593	      0.00000000	      0.11081801	      1.18656028	     -0.17570866	    -40.71468656	      4.48735181	     43.51009003	     55.43606563	    -10.14638760	     -5.89785057	     64.99823178	     52.43226400	    -66.87338515	     23.62879549	    103.08535970
      5.68000000	      2.28809459	   -169.66118652	      0.00000000	      0.11077275	      1.18654534	     -0.17591939	    -40.72134532	      4.50418363	     43.36678175	     55.44090619	     -9.98786269	     -5.80398268	     65.07709159	     52.43599525	    -66.92527984	     23.65524963	    102.98606218
      5.69000000	      2.25221833	   -169.67886526	      0.00000000	      0.11072621	      1.18659323	     -0.17618808	    -40.69698005	      4.50412953	     43.74032664	     55.36194646	    -10.26571862	     -6.10742638	     65.21481128	     52.51598996	    -66.86125504	     23.55077886	    102.17178968
      5.70000000	      2.22207453	   -169.66698454	      0.00000000	      0.11072221	      1.18661670	     -0.17642948	    -40.71893319	      4.51821040	     43.03675603	     55.46720609	     -9.68039905	     -5.66446470	     65.22395593	     52.47715637	    -67.06317920	     23.58421106	    102.64623699
      5.71000000	      2.20447574	   -169.72596195	      0.00000000	      0.11059077	      1.18661581	     -0.17667410	    -40.65897176	      4.52398841	     42.28186369	     55.49189204	     -9.06924154	     -5.23565711	     65.31008257	     52.50003975	    -66.95683841	     23.52043290	    102.07053305
      5.72000000	      2.17717186	   -169.66774529	      0.00000000	      0.11066040	      1.18664491	     -0.17695354	    -40.70448365	      4.53374633	     38.65890376	     55.78758386	     -6.07505663	     -3.17540456	     65.30048922	     52.44673059	    -67.21928844	     23.63899344	    102.48218684
      5.73000000	      2.15968698	   -169.68861819	      0.00000000	      0.11060184	      1.18667322	     -0.17717953	    -40.69034341	      4.52948128	     37.13045271	     55.82889638	     -4.79992807	     -2.37251613	     65.41937980	     52.49521055	    -67.05220193	     23.54136601	    101.24133631
      5.74000000	      2.13765896	   -169.69873796	      0.00000000	      0.11055243	      1.18668955	     -0.17740500	    -40.68426783	      4.53500044	     36.35596614	     55.88033487	     -4.18994897	     -1.88961834	     65.40349283	     52.42452565	    -67.28401357	     23.63939770	    101.92619345
      5.75000000	      2.11574153	   -169.67017841	      0.00000000	      0.11056333	      1.18672039	     -0.17765100	    -40.70808715	      4.52407240	     35.55064120	     55.89358584	     -3.52067181	     -1.50460220	     65.49004884	     52.45135208	    -67.24028883	     23.59109601	    100.90995600
      5.76000000	      2.09096441	   -169.66908853	      0.00000000	      0.11053173	      1.18675967	     -0.17788687	    -40.70623611	      4.51345321	     34.75673303	     55.91114486	     -2.88609824	     -1.08436427	     65.53406684	     52.43590233	    -67.23597840	     23.58945121	    100.36007969
      5.77000000	      2.06660593	   -169.65223856	      0.00000000	      0.11053061	      1.18678017	     -0.17812162	    -40.71259203	      4.51161882	     33.66560482	     55.95359609	     -2.02230606	     -0.45534250	     65.52604655	     52.36922741	    -67.56419926	     23.69824875	    101.07865007
      5.78000000	      2.04202607	   -169.62820089	      0.00000000	      0.11055637	      1.18686533	     -0.17835998	    -40.71987632	      4.47902305	     32.61165655	     55.97543374	     -1.16809247	      0.07045667	     65.56562747	     52.35062039	    -67.45755138	     23.69020882	     99.72731277
      5.79000000	      2.02133670	   -169.61814609	      0.00000000	      0.11049528	      1.18687574	     -0.17858024	    -40.72689074	      4.45961644	     31.46806001	     55.91297790	     -0.25985516	      0.61362594	     65.70954464	     52.42469784	    -67.35343017	     23.59025780	     98.61343700
      5.80000000	      2.00479463	   -169.60650801	      0.00000000	      0.11049041	      1.18689072	     -0.17877922	    -40.73024631	      4.45016713	     30.34774925	     55.96382614	      0.60665892	      1.29936361	     65.63873824	     52.30649748	    -67.82035845	     23.76211905	     99.97102660
      5.81000000	      1.99635999	   -169.60773788	      0.00000000	      0.11045101	      1.18692623	     -0.17896307	    -40.72516876	      4.41348114	     29.69970343	     55.95376554	      1.10126947	      1.61820164	     65.69404164	     52.29035632	    -67.71704696	     23.73875331	     98.68289031
      5.82000000	      1.95530725	   -169.55430453	      0.00000000	      0.11049235	      1.18700368	     -0.17923178	    -40.73927284	      4.38178578	     29.21583339	     55.91411662	      1.44905109	      1.76931302	     65.78404907	     52.31754536	    -67.88139744	     23.74696084	     98.29799414
      5.83000000	      1.94408014	   -169.51989189	      0.00000000	      0.11048189	      1.18705661	     -0.17942025	    -40.76217734	      4.34885169	     28.56054665	     55.93166470	      1.92379234	      2.13667905	     65.76916915	     52.24239682	    -68.12902075	     23.84180239	     98.58827583
      5.84000000	      1.93083804	   -169.49038018	      0.00000000	      0.11048239	      1.18709979	     -0.17961264	    -40.77715405	      4.30956549	     28.64770416	     55.94524057	      1.79436836	      2.06218356	     65.80124524	     52.18154143	    -68.19762355	     23.86985314	     97.84416539
      5.85000000	      1.91294363	   -169.45239070	      0.00000000	      0.11048073	      1.18716152	     -0.17980424	    -40.78826418	      4.26258940	     28.77496791	     55.95677519	      1.61322784	      1.92303537	     65.82689102	     52.15919664	    -68.33605755	     23.91173357	     97.50236437
      5.86000000	      1.90095362	   -169.40873236	      0.00000000	      0.11048334	      1.18722078	     -0.17999396	    -40.80846839	      4.21172726	     28.18976220	     55.93567696	      2.03350864	      2.18065455	     65.89643694	     52.13007689	    -68.46528036	     23.94383837	     96.84815784
      5.87000000	      1.88294440	   -169.35439805	      0.00000000	      0.11048155	      1.18730138	     -0.18017998	    -40.83392550	      4.15490322	     28.05754407	     55.92874463	      2.06476220	      2.17622861	     65.96040876	     52.10276259	    -68.59037525	     23.96907433	     96.26007526
      5.88000000	      1.86830155	   -169.32439648	      0.00000000	      0.11048169	      1.18735920	     -0.18034865	    -40.83857721	      4.09979220	     27.85706785	     55.96137316	      2.14463814	      2.24763970	     65.97038137	     52.03595641	    -68.71227525	     24.01420575	     95.61988180
      5.89000000	      1.84687115	   -169.23023732	      0.00000000	      0.11050756	      1.18744126	     -0.18057916	    -40.88688683	      4.03304841	     27.22998963	     55.92543822	      2.56414084	      2.48962587	     66.03616741	     52.02855108	    -68.80395997	     24.02523078	     94.93573829
      5.90000000	      1.83504470	   -169.15659419	      0.00000000	      0.11055778	      1.18758811	     -0.18070025	    -40.95207061	      3.97233063	     26.74348232	     56.04876598	      2.89825985	      2.80797698	     65.94266648	     51.79259654	    -68.95476655	     24.18999741	     94.09879865
      5.91000000	      1.82920662	   -169.15015384	      0.00000000	      0.11050103	      1.18761134	     -0.18089274	    -40.88976481	      3.88279210	     26.57292813	     55.94447391	      2.91698081	      2.71000008	     66.09755275	     51.92787160	    -69.04833889	     24.11473742	     93.66969971
      5.92000000	      1.82141402	   -169.06890440	      0.00000000	      0.11055875	      1.18771558	     -0.18102838	    -40.95615591	      3.81337470	     26.55187841	     56.07722698	      2.85063350	      2.75304634	     66.00526744	     51.72740349	    -69.29635212	     24.25608400	     93.39728204
      5.93000000	      1.81258598	   -169.02834019	      0.00000000	      0.11052875	      1.18778300	     -0.18121625	    -40.92111035	      3.71710526	     26.53935140	     56.02714461	      2.72735753	      2.57640364	     66.11070493	     51.80752797	    -69.47778192	     24.24923365	     93.07055393
      5.94000000	      1.82721907	   -168.92226661	      0.00000000	      0.11058859	      1.18783021	     -0.18128902	    -41.04046659	      3.66684763	     26.47069245	     56.27520637	      2.66928721	      2.84388877	     65.80701787	     51.41150507	    -69.53951076	     24.44722347	     92.62028954
      5.95000000	      1.79902826	   -168.89099720	      0.00000000	      0.11056567	      1.18798142	     -0.18152661	    -40.96745344	      3.54072806	     26.28570456	     56.11012886	      2.71098933	      2.59703874	     66.11677774	     51.61790914	    -69.81674263	     24.38052027	     92.13568754
      5.96000000	      1.78486356	   -168.80519867	      0.00000000	      0.11059981	      1.18811039	     -0.18169111	    -40.98900380	      3.43939116	     26.16490031	     56.08337613	      2.69191190	      2.48500281	     66.22629473	     51.63395732	    -69.99026643	     24.41015923	     91.45618894
      5.97000000	      1.77233148	   -168.73956695	      0.00000000	      0.11059747	      1.18818196	     -0.18185854	    -40.99531793	      3.34982395	     26.08386368	     56.12096957	      2.61630374	      2.44235515	     66.23673888	     51.57716128	    -70.10117605	     24.42297682	     90.76874290
      5.98000000	      1.74628650	   -168.66106986	      0.00000000	      0.11065223	      1.18837547	     -0.18206257	    -40.99961978	      3.22715231	     25.98759184	     56.13773506	      2.59733238	      2.36138388	     66.28992042	     51.50147844	    -70.22229259	     24.45657396	     90.04342611
      5.99000000	      1.75693665	   -168.60082304	      0.00000000	      0.11063486	      1.18837590	     -0.18214767	    -41.02390592	      3.15991609	     25.85498615	     56.25991490	      2.53421364	      2.47742737	     66.17829320	     51.31898637	    -70.33624558	     24.55385952	     89.42635521
      6.00000000	      1.75355710	   -168.52109280	      0.00000000	      0.11066264	      1.18847574	     -0.18231623	    -41.04190379	      3.05350532	     25.63997348	     56.26189503	      2.59245076	      2.46949146	     66.25931315	     51.27463013	    -70.48413858	     24.57147762	     88.76937023
      6.01000000	      1.73840697	   -168.44655242	      0.00000000	      0.11068079	      1.18860792	     -0.18248205	    -41.03986473	      2.93705490	     25.53176783	     56.26465161	      2.54522028	      2.36390009	     66.34343218	     51.25242428	    -70.61058144	     24.58409879	     87.96403675
      6.02000000	      1.75701051	   -168.31701149	      0.00000000	      0.11073415	      1.18859906	     -0.18257252	    -41.16227815	      2.88509355	     25.51414577	     56.52741247	      2.37968030	      2.62685983	     66.00957568	     50.84059799	    -70.62548162	     24.73596774	     87.50936959
      6.03000000	      1.74258919	   -168.27805995	      0.00000000	      0.11074786	      1.18875230	     -0.18277220	    -41.10740267	      2.74865632	     25.41195280	     56.53229990	      2.35119040	      2.50713726	     66.10348866	     50.79199296	    -70.80020055	     24.77541383	     86.94378144
      6.04000000	      1.71815287	   -168.24901770	      0.00000000	      0.11074007	      1.18890404	     -0.18294243	    -41.01477548	      2.59329063	     25.26555880	     56.36540108	      2.33480341	      2.11760918	     66.47370023	     51.08609767	    -70.94643235	     24.64930161	     85.76298532
      6.05000000	      1.71025699	   -168.13570899	      0.00000000	      0.11079510	      1.18892863	     -0.18309110	    -41.09857403	      2.55379002	     25.25874449	     56.64175036	      2.14697999	      2.41767716	     66.11222587	     50.57654349	    -70.96932042	     24.84462083	     85.29014262
      6.06000000	      1.68033927	   -168.09335804	      0.00000000	      0.11079895	      1.18905196	     -0.18331635	    -41.03635822	      2.42355704	     25.15019216	     56.50906269	      2.11838716	      2.12691280	     66.46316460	     50.72517047	    -71.06534201	     24.73512908	     83.64581269
      6.07000000	      1.66347421	   -168.02240133	      0.00000000	      0.11082936	      1.18913751	     -0.18349293	    -41.02124334	      2.32190521	     25.05582025	     56.58074607	      2.01120831	      2.11094990	     66.42172630	     50.59293023	    -71.17139622	     24.78281964	     83.21913746
      6.08000000	      1.63632683	   -167.95482141	      0.00000000	      0.11086860	      1.18923644	     -0.18371656	    -40.99223583	      2.21428443	     24.99392053	     56.62362871	      1.89212513	      2.04088595	     66.43684184	     50.47829454	    -71.26743503	     24.80776992	     82.60533219
      6.09000000	      1.61621209	   -167.89587296	      0.00000000	      0.11089485	      1.18931626	     -0.18390462	    -40.96477720	      2.11151220	     24.95212159	     56.68827738	      1.75200101	      1.98508229	     66.43656819	     50.34330394	    -71.34577143	     24.83888047	     81.86051335
      6.10000000	      1.60278982	   -167.83024616	      0.00000000	      0.11092133	      1.18935870	     -0.18410966	    -40.93898354	      2.02256450	     24.92552074	     56.73438287	      1.60185098	      1.93189185	     66.46257936	     50.20873168	    -71.41157386	     24.86250414	     81.01739254
      6.11000000	      1.60976205	   -167.68695598	      0.00000000	      0.11107579	      1.18932914	     -0.18421865	    -41.07326424	      2.00261503	     24.87798237	     57.18580296	      1.46559318	      2.42801293	     65.89070442	     49.48766575	    -71.38827781	     25.13789312	     80.55376106
      6.12000000	      1.54331050	   -167.72899997	      0.00000000	      0.11100176	      1.18949953	     -0.18454341	    -40.85021958	      1.82839783	     24.59340919	     56.90046830	      1.50556733	      1.99673160	     66.39603697	     49.87861813	    -71.54121262	     24.93044165	     79.63239396
      6.13000000	      1.49577524	   -167.68513110	      0.00000000	      0.11103563	      1.18957610	     -0.18478128	    -40.78662693	      1.74018917	     24.38887577	     56.93883602	      1.48485550	      2.02523789	     66.42737989	     49.72000915	    -71.60871729	     24.96291371	     78.85475589
      6.14000000	      1.45864157	   -167.62731781	      0.00000000	      0.11108296	      1.18963992	     -0.18505186	    -40.73446494	      1.64737564	     24.27925396	     56.97417759	      1.38298229	      1.97233016	     66.47960477	     49.61747218	    -71.66018494	     24.93790736	     77.98811110
      6.15000000	      1.43144683	   -167.60060315	      0.00000000	      0.11109502	      1.18965886	     -0.18521967	    -40.67870721	      1.56567172	     24.21405099	     57.03128132	      1.25711061	      1.94330799	     66.53910963	     49.45769654	    -71.71089892	     24.98242285	     76.89652892
      6.16000000	      1.43956174	   -167.54637508	      0.00000000	      0.11107358	      1.18962100	     -0.18542855	    -40.64558062	      1.45687619	     24.10763652	     57.05716650	      1.14093815	      1.92826194	     66.56758901	     49.38224841	    -71.75229514	     24.96213908	     76.87032538
      6.17000000	      1.40477625	   -167.49581405	      0.00000000	      0.11107102	      1.18966393	     -0.18569559	    -40.59032345	      1.34653345	     23.98895426	     57.09271703	      1.01671873	      1.90316383	     66.58568382	     49.27922992	    -71.81956093	     24.94061678	     76.82237637
      6.18000000	      1.32105080	   -167.45824608	      0.00000000	      0.11130003	      1.18973160	     -0.18600577	    -40.48332669	      1.34377445	     23.95499698	     57.28450628	      0.87395877	      2.00759497	     66.46364894	     48.81818569	    -71.80679987	     25.13590242	     74.32432144
      6.19000000	      1.31579280	   -167.41573891	      0.00000000	      0.11125446	      1.18967921	     -0.18619825	    -40.44654703	      1.24239703	     23.83993991	     57.31656089	      0.74696950	      1.99369728	     66.51095528	     48.74995095	    -71.84989629	     25.11071370	     74.30037663
      6.20000000	      1.22825526	   -167.44145548	      0.00000000	      0.11130993	      1.18974436	     -0.18653902	    -40.27293858	      1.19664856	     23.74403328	     57.28160676	      0.64209525	      1.90861197	     66.74337482	     48.59025508	    -71.89513962	     25.12081167	     72.11931181
      6.21000000	      1.21523388	   -167.39072697	      0.00000000	      0.11132741	      1.18970165	     -0.18674665	    -40.22924932	      1.10331349	     23.62830697	     57.32231044	      0.52027144	      1.88530468	     66.78226337	     48.50844393	    -71.93229309	     25.09858304	     72.10010699
      6.22000000	      1.12349317	   -167.42629434	      0.00000000	      0.11139063	      1.18975780	     -0.18713488	    -40.00183782	      1.04494703	     23.50755971	     57.38714291	      0.34688473	      1.92078415	     66.69576762	     48.24660602	    -71.99275671	     25.21325427	     71.64053771
      6.23000000	      1.06113413	   -167.38867564	      0.00000000	      0.11144132	      1.18972694	     -0.18744847	    -39.91521366	      0.98549802	     23.39212538	     57.44914188	      0.19336085	      1.94070257	     66.69883878	     48.07185183	    -72.03210837	     25.22778631	     71.30895023
      6.24000000	      1.03815502	   -167.34111698	      0.00000000	      0.11146619	      1.18970034	     -0.18768051	    -39.86823723	      0.89097241	     23.27440975	     57.50089983	      0.06490419	      1.92404571	     66.74884106	     47.97290784	    -72.06384142	     25.20503369	     71.25924587
      6.25000000	      0.97090181	   -167.35217948	      0.00000000	      0.11161767	      1.18965920	     -0.18796852	    -39.73515469	      0.91351716	     23.25784266	     57.67669592	     -0.10075157	      2.10890003	     66.69826659	     47.46998213	    -72.03183682	     25.41618091	     68.62723606
      6.26000000	      0.89119190	   -167.42181325	      0.00000000	      0.11162230	      1.18964710	     -0.18826040	    -39.51326246	      0.84004201	     23.10812163	     57.61321492	     -0.20835347	      1.98269920	     66.90811109	     47.43923898	    -72.07138737	     25.39413300	     68.18926097
      6.27000000	      0.86534618	   -167.35084631	      0.00000000	      0.11164046	      1.18962098	     -0.18854784	    -39.46764633	      0.73978847	     22.97636815	     57.65245006	     -0.35916599	      1.97511799	     66.95979946	     47.34962909	    -72.11188425	     25.36074056	     68.14921771
      6.28000000	      0.72640577	   -167.36782494	      0.00000000	      0.11180028	      1.18967171	     -0.18906355	    -39.22670430	      0.71888720	     22.83282250	     57.65269508	     -0.53263843	      1.97642570	     66.95833049	     47.11223121	    -72.15059591	     25.41437779	     67.83894448
      6.29000000	      0.72285346	   -167.36613922	      0.00000000	      0.11185551	      1.18953885	     -0.18923520	    -39.15557092	      0.68613962	     22.80083494	     57.72019656	     -0.63742598	      2.00449830	     67.19709254	     46.87907301	    -72.11632994	     25.51270616	     65.13233171
      6.30000000	      0.67399042	   -167.32218909	      0.00000000	      0.11190651	      1.18949877	     -0.18949645	    -39.07586754	      0.60831431	     22.66620937	     57.76941171	     -0.78422715	      1.98455930	     67.26328807	     46.77726005	    -72.14864954	     25.49757005	     65.10302002
      6.31000000	      0.59243656	   -167.39972616	      0.00000000	      0.11197512	      1.18947304	     -0.18988640	    -38.79404952	      0.57299777	     22.53927519	     57.75604218	     -0.96152086	      2.02025788	     67.30030727	     46.53640036	    -72.18403890	     25.60894075	     64.80947021
      6.32000000	      0.55455985	   -167.34982225	      0.00000000	      0.11201636	      1.18943631	     -0.19012174	    -38.73304895	      0.48136531	     22.41207101	     57.82399977	     -1.10886995	      2.01457789	     67.36323135	     46.42705544	    -72.19319190	     25.59432023	     64.74526006
      6.33000000	      0.50514153	   -167.38476562	      0.00000000	      0.11212458	      1.18933863	     -0.19039441	    -38.55972408	      0.48278103	     22.36696721	     57.85063465	     -1.23375076	      2.05365961	     67.59719741	     46.13625627	    -72.18736482	     25.74539273	     62.21352102
      6.34000000	      0.44668204	   -167.36191800	      0.00000000	      0.11222219	      1.18936605	     -0.19070567	    -38.43052792	      0.40501157	     22.24023492	     57.89960669	     -1.37273519	      2.03371190	     67.66891560	     45.98947181	    -72.21604818	     25.75973304	     62.15222893
      6.35000000	      0.41933130	   -167.40037648	      0.00000000	      0.11225618	      1.18932506	     -0.19098233	    -38.22034102	      0.34086225	     22.13467480	     57.91356631	     -1.53854963	      2.09188566	     67.72714775	     45.75921122	    -72.23712588	     25.86886900	     61.90279078
      6.36000000	      0.41273647	   -167.34660293	      0.00000000	      0.11227866	      1.18925995	     -0.19111999	    -38.18212897	      0.23919799	     22.00670573	     57.99373891	     -1.69060504	      2.09224007	     67.80040905	     45.67867978	    -72.21348197	     25.86521974	     61.86587795
      6.37000000	      0.37079933	   -167.34836717	      0.00000000	      0.11241696	      1.18918947	     -0.19133738	    -38.04555611	      0.24847867	     21.98745217	     58.15310397	     -1.85697559	      2.27085852	     67.82819410	     45.22374769	    -72.23777140	     26.10220317	     59.98959950
      6.38000000	      0.35242269	   -167.33962978	      0.00000000	      0.11248962	      1.18922530	     -0.19153448	    -37.92448180	      0.13910356	     21.87469297	     58.21376490	     -1.96942383	      2.23399936	     67.95234907	     45.10374953	    -72.26031452	     26.12225100	     59.91283957
      6.39000000	      0.35067787	   -167.29456332	      0.00000000	      0.11250934	      1.18921916	     -0.19169164	    -37.84688391	      0.02711657	     21.75171536	     58.27534891	     -2.11407998	      2.23195116	     68.04213640	     45.00388172	    -72.25964140	     26.13518674	     59.85660978
      6.40000000	      0.35358568	   -167.32859846	      0.00000000	      0.11254560	      1.18917140	     -0.19181521	    -37.68744471	     -0.02621359	     21.69899679	     58.26621849	     -2.21457756	      2.20867381	     68.37761427	     44.81423372	    -72.26562308	     26.28132544	     57.79143476
      6.41000000	      0.35680300	   -167.26853672	      0.00000000	      0.11259393	      1.18919859	     -0.19193839	    -37.62718715	     -0.14695353	     21.57960856	     58.34873221	     -2.34983376	      2.19763309	     68.46302763	     44.71856294	    -72.26091051	     26.28620809	     57.77108844
      6.42000000	      0.37576122	   -167.24225552	      0.00000000	      0.11275857	      1.18911572	     -0.19213077	    -37.49660124	     -0.18257901	     21.54929018	     58.45112718	     -2.48861198	      2.31010767	     68.51797040	     44.39043679	    -72.28486708	     26.47596026	     56.85190182
      6.43000000	      0.37696801	   -167.21021075	      0.00000000	      0.11273767	      1.18919166	     -0.19217024	    -37.43679588	     -0.32490751	     21.43581233	     58.56083755	     -2.61207867	      2.28929719	     68.63388225	     44.29250715	    -72.28632255	     26.49528863	     56.82483479
      6.44000000	      0.41255947	   -167.22706320	      0.00000000	      0.11276636	      1.18920772	     -0.19222665	    -37.29294798	     -0.43829203	     21.36245933	     58.61372232	     -2.71527351	      2.30872323	     68.78973609	     44.10329867	    -72.31215383	     26.60850819	     56.64794640
      6.45000000	      0.42862196	   -167.15951473	      0.00000000	      0.11279730	      1.18923143	     -0.19228525	    -37.24354653	     -0.56386418	     21.24707342	     58.71045305	     -2.85229208	      2.30739839	     68.87172817	     44.01394127	    -72.30675256	     26.61447203	     56.59289601
      6.46000000	      0.47577614	   -167.17324072	      0.00000000	      0.11282948	      1.18924007	     -0.19225744	    -37.13397072	     -0.65759089	     21.22048387	     58.75466665	     -2.92028460	      2.27182048	     69.22050842	     43.86261443	    -72.31162327	     26.72856297	     54.63041136
      6.47000000	      0.49954488	   -167.09728471	      0.00000000	      0.11292750	      1.18927626	     -0.19232514	    -37.08466081	     -0.77647665	     21.12685031	     58.86017882	     -3.02437100	      2.25634911	     69.31342293	     43.74986192	    -72.32554173	     26.77643830	     54.59929290
      6.48000000	      0.53826778	   -167.02874155	      0.00000000	      0.11297618	      1.18931278	     -0.19236050	    -37.02990042	     -0.91226632	     21.02849334	     58.95277387	     -3.14378956	      2.25902826	     69.40126276	     43.64811158	    -72.32182791	     26.80625968	     54.56286890
      6.49000000	      0.59540352	   -166.98765819	      0.00000000	      0.11308164	      1.18928746	     -0.19230707	    -36.97203307	     -0.97398425	     21.03370456	     59.13326157	     -3.27078031	      2.42053425	     69.45425307	     43.28041960	    -72.33103066	     27.03493143	     53.50112459
      6.50000000	      0.63832899	   -166.92310849	      0.00000000	      0.11311357	      1.18934598	     -0.19231427	    -36.91416334	     -1.12412003	     20.93656185	     59.23267441	     -3.37920050	      2.40697784	     69.54412195	     43.20559366	    -72.32560963	     27.03965176	     53.47242376
      6.51000000	      0.70029657	   -166.90121431	      0.00000000	      0.11318184	      1.18936815	     -0.19223214	    -36.83910406	     -1.23013428	     20.90984575	     59.32644333	     -3.44650171	      2.39847746	     69.77985222	     43.05371126	    -72.33873176	     27.15395536	     52.27077950
      6.52000000	      0.74255345	   -166.83468374	      0.00000000	      0.11326576	      1.18942635	     -0.19222779	    -36.77705517	     -1.36095314	     20.82355537	     59.43193697	     -3.53930728	      2.37894283	     69.87547434	     42.97139535	    -72.34635490	     27.16838339	     52.24567037
      6.53000000	      0.79106904	   -166.77750393	      0.00000000	      0.11332763	      1.18950529	     -0.19219479	    -36.71620687	     -1.50042579	     20.74478525	     59.53431377	     -3.63005986	      2.37100601	     69.97210510	     42.87970909	    -72.35553262	     27.19486407	     52.20392702
      6.54000000	      0.84543685	   -166.73829536	      0.00000000	      0.11338960	      1.18957289	     -0.19212434	    -36.64775436	     -1.63467084	     20.68246211	     59.65009757	     -3.70617691	      2.36882333	     70.08330400	     42.76390795	    -72.36856241	     27.24668671	     52.12145188
      6.55000000	      0.91228214	   -166.69585734	      0.00000000	      0.11347863	      1.18957846	     -0.19200023	    -36.60506450	     -1.71445696	     20.69671968	     59.83018925	     -3.80715841	      2.50785691	     70.18381257	     42.46031851	    -72.35403131	     27.43037735	     50.50968167
      6.56000000	      0.97656615	   -166.64318681	      0.00000000	      0.11353738	      1.18966266	     -0.19190976	    -36.54592549	     -1.85709992	     20.62576516	     59.93739166	     -3.87847702	      2.48049160	     70.29245116	     42.40257270	    -72.36421212	     27.45051825	     50.46300292
      6.57000000	      1.03006841	   -166.57694931	      0.00000000	      0.11360316	      1.18974721	     -0.19186867	    -36.48849444	     -1.99456857	     20.55163555	     60.03552250	     -3.96262025	      2.47088044	     70.38002937	     42.33301667	    -72.36866403	     27.45947041	     50.41520446
      6.58000000	      1.09089775	   -166.54025658	      0.00000000	      0.11367203	      1.18983652	     -0.19174111	    -36.42789906	     -2.12967153	     20.50103789	     60.16087451	     -4.02017328	      2.45916258	     70.49107937	     42.24028277	    -72.38175568	     27.49853527	     50.32154372
      6.59000000	      1.17141468	   -166.51737147	      0.00000000	      0.11373679	      1.18988269	     -0.19153885	    -36.38793868	     -2.22651640	     20.51999229	     60.32851275	     -4.08644359	      2.55710085	     70.64360362	     42.00549329	    -72.37069912	     27.65414895	     48.64570835
      6.60000000	      1.23349409	   -166.44897090	      0.00000000	      0.11379691	      1.18998039	     -0.19145376	    -36.34485531	     -2.37259325	     20.43736174	     60.35645891	     -4.10725273	      2.42142330	     70.90029908	     42.09078199	    -72.38179972	     27.60913680	     48.29883638
      6.61000000	      1.29878366	   -166.40317507	      0.00000000	      0.11385349	      1.19005607	     -0.19131725	    -36.30879282	     -2.49199920	     20.39484829	     60.47347519	     -4.14429350	      2.43047055	     71.05433191	     42.00337857	    -72.38469027	     27.65031150	     47.52131786
      6.62000000	      1.32527219	   -166.34178608	      0.00000000	      0.11392720	      1.19028734	     -0.19130419	    -36.24211433	     -2.64263283	     20.25686045	     60.54899278	     -4.12208319	      2.44911387	     71.17907591	     41.89299336	    -72.38390057	     27.67753218	     47.23724383
      6.63000000	      1.43495355	   -166.30069789	      0.00000000	      0.11400271	      1.19029805	     -0.19099560	    -36.24058696	     -2.75017789	     20.01816971	     60.75683999	     -3.97281128	      2.59412364	     71.22985253	     41.81595689	    -72.39132947	     27.74940944	     46.89304690
      6.64000000	      1.49843975	   -166.25901727	      0.00000000	      0.11407663	      1.19038016	     -0.19084075	    -36.19868365	     -2.87110115	     19.85924636	     60.88921262	     -3.91377900	      2.64998628	     71.32219342	     41.75243696	    -72.39519283	     27.80777963	     46.38624443
      6.65000000	      1.56626801	   -166.24087487	      0.00000000	      0.11410021	      1.19047526	     -0.19064910	    -36.14533548	     -2.99511495	     19.71783253	     61.03335231	     -3.86573397	      2.72809270	     71.40073880	     41.66889119	    -72.39707609	     27.84651195	     46.01291476
      6.66000000	      1.67603702	   -166.16126016	      0.00000000	      0.11421510	      1.19050164	     -0.19035369	    -36.20219142	     -3.05074480	     19.68754665	     61.48086792	     -3.91069408	      3.17870976	     71.03041392	     41.17840976	    -72.39180153	     28.04579559	     45.96015193
      6.67000000	      1.70744503	   -166.15703070	      0.00000000	      0.11419445	      1.19070048	     -0.19027019	    -36.09963406	     -3.23448135	     19.56769017	     61.28946737	     -3.84371248	      2.76969789	     71.60872545	     41.57498322	    -72.40494371	     27.87021977	     45.26141178
      6.68000000	      1.78038348	   -166.11945473	      0.00000000	      0.11424519	      1.19081310	     -0.19005328	    -36.08121380	     -3.34539666	     19.46293013	     61.45154969	     -3.80261091	      2.84086512	     71.65668818	     41.48690329	    -72.40685799	     27.93845101	     44.89614069
      6.69000000	      1.88422523	   -166.00312042	      0.00000000	      0.11440259	      1.19079038	     -0.18972629	    -36.19769783	     -3.33077325	     19.54632435	     62.08412689	     -3.98326668	      3.60013913	     70.90685639	     40.60244241	    -72.39298836	     28.36912516	     45.13804587
      6.70000000	      1.91500258	   -166.04237297	      0.00000000	      0.11433393	      1.19104226	     -0.18964065	    -36.05611475	     -3.56316520	     19.32782697	     61.71067504	     -3.75665208	      2.88141878	     71.85616364	     41.40366153	    -72.40840641	     28.02213318	     43.70938462
      6.71000000	      1.98398603	   -166.00864897	      0.00000000	      0.11436738	      1.19115459	     -0.18942896	    -36.04298201	     -3.66894036	     19.20674327	     61.86296447	     -3.70467711	      2.96847406	     71.86206348	     41.33192486	    -72.41177337	     28.05338303	     43.79049304
      6.72000000	      2.05423331	   -165.97083513	      0.00000000	      0.11439356	      1.19127083	     -0.18919595	    -36.04656634	     -3.77682158	     19.15116981	     61.98931448	     -3.68173820	      2.96989890	     71.94749381	     41.32238334	    -72.41508739	     28.07141713	     43.48856508
      6.73000000	      2.11821568	   -165.89796755	      0.00000000	      0.11449336	      1.19130203	     -0.18894854	    -36.09358792	     -3.78702454	     19.25681716	     62.39676013	     -3.86866041	      3.41815937	     71.48051961	     40.73944637	    -72.40674699	     28.40969490	     43.62721675
      6.74000000	      2.18433998	   -165.89700518	      0.00000000	      0.11443652	      1.19149330	     -0.18876151	    -36.05644495	     -3.97219113	     19.21937180	     62.24913961	     -3.80424556	      2.95692603	     72.03239558	     41.24415191	    -72.41854222	     28.13471697	     43.10410954
      6.75000000	      2.24626694	   -165.85984912	      0.00000000	      0.11444875	      1.19160726	     -0.18854537	    -36.06804681	     -4.06629148	     19.28384108	     62.35789730	     -3.87946269	      2.91505121	     72.10418326	     41.22591749	    -72.41999956	     28.17459264	     42.78379325
      6.76000000	      2.29897118	   -165.80798742	      0.00000000	      0.11448711	      1.19172295	     -0.18832148	    -36.10083921	     -4.14826280	     19.35250540	     62.46734380	     -3.96203609	      2.85896609	     72.16441120	     41.22092843	    -72.42021344	     28.22596359	     42.53157203
      6.77000000	      2.37261553	   -165.78531981	      0.00000000	      0.11444807	      1.19188370	     -0.18810838	    -36.12443411	     -4.26661425	     19.46299370	     62.62585256	     -4.04221179	      2.88400787	     72.16575508	     41.11856201	    -72.41878949	     28.24736515	     42.39183142
      6.78000000	      2.40471828	   -165.73591552	      0.00000000	      0.11448511	      1.19189913	     -0.18793229	    -36.12096099	     -4.29195217	     19.53253472	     62.66261361	     -4.18825229	      2.81144162	     72.21081418	     41.15416412	    -72.42609256	     28.31781097	     42.21483456
      6.79000000	      2.51032728	   -165.64673995	      0.00000000	      0.11455462	      1.19188142	     -0.18760771	    -36.25063722	     -4.30383423	     19.70947719	     63.12704280	     -4.37066194	      3.25737919	     71.70476669	     40.63604767	    -72.41876671	     28.56206704	     42.35475157
      6.80000000	      2.56176934	   -165.67583533	      0.00000000	      0.11445079	      1.19206054	     -0.18742188	    -36.20201495	     -4.45545317	     19.73063873	     62.91337544	     -4.33401233	      2.76789786	     72.27232299	     41.12146508	    -72.42639417	     28.38149115	     41.82900057
      6.81000000	      2.61638452	   -165.63054088	      0.00000000	      0.11445136	      1.19213602	     -0.18721203	    -36.25375263	     -4.51690982	     19.81519123	     63.01682049	     -4.40591177	      2.73608090	     72.30831958	     41.11365084	    -72.42757128	     28.42323465	     41.54393787
      6.82000000	      2.66712511	   -165.59143223	      0.00000000	      0.11444270	      1.19221096	     -0.18701477	    -36.29436972	     -4.57753805	     19.75509042	     63.12041353	     -4.36278907	      2.78650128	     72.30177664	     41.09061247	    -72.42901786	     28.46805882	     41.52561276
      6.83000000	      2.74631190	   -165.53322966	      0.00000000	      0.11446485	      1.19215742	     -0.18673723	    -36.39427066	     -4.56487629	     19.89202984	     63.47470406	     -4.52825745	      3.19430735	     71.86471836	     40.63310597	    -72.42286242	     28.70352175	     41.80010714
      6.84000000	      2.76664255	   -165.52117192	      0.00000000	      0.11442845	      1.19236836	     -0.18661937	    -36.37934769	     -4.68731775	     19.80820498	     63.30678114	     -4.41417417	      2.80511037	     72.28200419	     41.03282987	    -72.43077595	     28.59198245	     41.53197926
      6.85000000	      2.81944145	   -165.49956765	      0.00000000	      0.11439004	      1.19238581	     -0.18641834	    -36.42329097	     -4.72335015	     19.63412928	     63.39698921	     -4.25417504	      2.93590642	     72.28998998	     41.00739744	    -72.43246193	     28.62485371	     41.31423156
      6.86000000	      2.86132292	   -165.46251889	      0.00000000	      0.11439498	      1.19243011	     -0.18625293	    -36.47038172	     -4.76596847	     19.59943377	     63.46765877	     -4.23214051	      2.94319879	     72.28320494	     41.02362257	    -72.43373116	     28.66409950	     41.29162094
      6.87000000	      2.90178061	   -165.43815922	      0.00000000	      0.11438546	      1.19248036	     -0.18608333	    -36.51168633	     -4.80486749	     19.38647791	     63.52367928	     -4.03181405	      3.03227863	     72.30921722	     41.03186555	    -72.43467737	     28.71160249	     41.14351378
      6.88000000	      2.94415980	   -165.41018278	      0.00000000	      0.11437951	      1.19249905	     -0.18590980	    -36.55915288	     -4.82747725	     19.57344181	     63.60036781	     -4.20885705	      3.01653788	     72.23611187	     40.96979977	    -72.43676841	     28.77713140	     41.46203315
      6.89000000	      2.98292262	   -165.40704114	      0.00000000	      0.11436307	      1.19252573	     -0.18573946	    -36.58681048	     -4.85991858	     19.60756575	     63.65086139	     -4.23589608	      3.00244384	     72.23094142	     40.98453271	    -72.43821107	     28.82342139	     41.33203153
      6.90000000	      3.02769891	   -165.39033027	      0.00000000	      0.11436757	      1.19252822	     -0.18557245	    -36.62866342	     -4.87800099	     19.47806372	     63.71798705	     -4.10404791	      3.09654302	     72.20597671	     40.96371031	    -72.43593625	     28.87492458	     41.16520366
      6.91000000	      3.04750955	   -165.36481259	      0.00000000	      0.11437479	      1.19255619	     -0.18544562	    -36.67522251	     -4.88938353	     19.29494668	     63.76284864	     -3.95549505	      3.20511598	     72.15408713	     40.92063283	    -72.43844676	     28.96549123	     41.30957220
      6.92000000	      3.07791178	   -165.36051305	      0.00000000	      0.11437234	      1.19254184	     -0.18530656	    -36.70218124	     -4.90279893	     19.21160244	     63.78805879	     -3.88258821	      3.25631414	     72.13024709	     40.91561661	    -72.43929391	     29.02222032	     41.34301993
      6.93000000	      3.11217544	   -165.38441467	      0.00000000	      0.11436224	      1.19254426	     -0.18514205	    -36.71252507	     -4.90845668	     18.84322665	     63.84171340	     -3.53375593	      3.47403246	     72.09825592	     40.86598337	    -72.43850611	     29.09092664	     41.12941543
      6.94000000	      3.13532694	   -165.36849107	      0.00000000	      0.11438484	      1.19250403	     -0.18504563	    -36.75240690	     -4.89889866	     18.93496504	     63.83674000	     -3.60957767	      3.43838471	     72.10618611	     40.86884360	    -72.43641063	     29.16624113	     40.76314935
      6.95000000	      3.16013224	   -165.37313011	      0.00000000	      0.11439493	      1.19247229	     -0.18492310	    -36.77772052	     -4.89371767	     18.88661423	     63.87241394	     -3.57899154	      3.51739901	     72.00329198	     40.82221867	    -72.43847916	     29.21221901	     41.23054622
      6.96000000	      3.17373524	   -165.38155409	      0.00000000	      0.11441447	      1.19245118	     -0.18483732	    -36.79492136	     -4.88885621	     18.86560556	     63.86974161	     -3.56155589	      3.53521592	     71.96570326	     40.81592338	    -72.43873628	     29.25985408	     41.23167892
      6.97000000	      3.20862067	   -165.35166937	      0.00000000	      0.11452020	      1.19235256	     -0.18468994	    -36.86771396	     -4.81358099	     18.79435938	     64.15243486	     -3.52312685	      4.01394927	     71.44503416	     40.34949041	    -72.43027133	     29.52886713	     41.60425454
      6.98000000	      3.25579216	   -165.35714883	      0.00000000	      0.11459472	      1.19216700	     -0.18446418	    -36.94409744	     -4.70084441	     18.71108036	     64.52158609	     -3.47387229	      4.69170339	     70.77296408	     39.70519085	    -72.41997070	     29.83844629	     42.43670687
      6.99000000	      3.20301791	   -165.42354822	      0.00000000	      0.11450138	      1.19228872	     -0.18458669	    -36.83799501	     -4.82473841	     18.29009471	     63.88969678	     -3.08271049	      3.91896364	     71.69166270	     40.70625324	    -72.44054299	     29.40123438	     42.18534152
      7.00000000	      3.21015349	   -165.45054371	      0.00000000	      0.11455345	      1.19224668	     -0.18452572	    -36.83187379	     -4.79559919	     18.10477258	     63.85601501	     -2.91121863	      4.01380458	     71.64177028	     40.67069213	    -72.43878302	     29.48932097	     42.20708072
      7.01000000	      3.20684546	   -165.50156965	      0.00000000	      0.11458925	      1.19215401	     -0.18447589	    -36.81354099	     -4.75118912	     17.87812358	     63.82272492	     -2.70997453	      4.15206002	     71.58960858	     40.65270834	    -72.43709889	     29.50216848	     42.28564393
      7.02000000	      3.25696436	   -165.41262167	      0.00000000	      0.11481401	      1.19188455	     -0.18431787	    -36.98984201	     -4.55923816	     17.85644820	     64.42623312	     -2.72965885	      5.17290921	     70.46532781	     39.61628616	    -72.41070548	     29.98496999	     43.04370896
      7.03000000	      3.19461923	   -165.54731211	      0.00000000	      0.11471725	      1.19197729	     -0.18441818	    -36.80733633	     -4.64081191	     17.70112553	     63.78749384	     -2.59759321	      4.37778434	     71.29402890	     40.48838131	    -72.43568071	     29.66067013	     43.11783642
      7.04000000	      3.18373558	   -165.61037853	      0.00000000	      0.11477085	      1.19186153	     -0.18441614	    -36.77681233	     -4.58884196	     17.48647957	     63.65236814	     -2.37578881	      4.40230177	     71.39060773	     40.59438640	    -72.43252923	     29.59307456	     42.84360497
      7.05000000	      3.15588753	   -165.64767015	      0.00000000	      0.11485073	      1.19175852	     -0.18442037	    -36.76688102	     -4.51722138	     17.49131365	     63.60237606	     -2.39565290	      4.45027702	     71.28116314	     40.53820334	    -72.43032719	     29.64447104	     43.06174129
      7.06000000	      3.13347851	   -165.70065210	      0.00000000	      0.11492706	      1.19164375	     -0.18442945	    -36.74147332	     -4.44314286	     17.50210085	     63.52281641	     -2.40732707	      4.48006816	     71.20669675	     40.50759377	    -72.42765551	     29.65985487	     43.31859021
      7.07000000	      3.10487333	   -165.73510383	      0.00000000	      0.11504261	      1.19154068	     -0.18445922	    -36.72609796	     -4.36119475	     17.49961918	     63.46595394	     -2.41436722	      4.54169577	     71.05804604	     40.42948623	    -72.42412384	     29.72538259	     43.71095226
      7.08000000	      3.08120300	   -165.80526402	      0.00000000	      0.11512574	      1.19137664	     -0.18447418	    -36.69232854	     -4.26924693	     17.48702047	     63.34690030	     -2.39130847	      4.54391584	     71.04200308	     40.47050804	    -72.42194430	     29.66723799	     43.95859232
      7.09000000	      3.04974714	   -165.86604212	      0.00000000	      0.11521737	      1.19122691	     -0.18452401	    -36.66293343	     -4.17379445	     17.59796667	     63.23700831	     -2.48256754	      4.52987525	     70.97235389	     40.45031439	    -72.41728638	     29.64882771	     44.28510551
      7.10000000	      3.02397165	   -165.93653011	      0.00000000	      0.11534771	      1.19093973	     -0.18442417	    -36.65142001	     -3.96077278	     17.62283927	     63.42718212	     -2.54091198	      5.03311102	     70.41091793	     39.92073934	    -72.40021483	     29.93958842	     44.68434207
      7.11000000	      2.98585168	   -166.03669541	      0.00000000	      0.11541014	      1.19094464	     -0.18455998	    -36.56195488	     -3.97827104	     17.51187180	     63.03869507	     -2.36877464	      4.60272163	     70.81355773	     40.45119565	    -72.40884611	     29.60911706	     44.97705423
      7.12000000	      2.92278591	   -166.08117390	      0.00000000	      0.11552952	      1.19078826	     -0.18470837	    -36.53562148	     -3.84851516	     17.43223391	     62.87928813	     -2.29939453	      4.67630343	     70.75233446	     40.42231882	    -72.40318725	     29.57585581	     45.32238863
      7.13000000	      2.86962633	   -166.15326116	      0.00000000	      0.11565196	      1.19063790	     -0.18479836	    -36.49548054	     -3.72654475	     17.75928887	     62.70734282	     -2.55688693	      4.50433519	     70.75303078	     40.46075882	    -72.39687545	     29.52360953	     45.39048428
      7.14000000	      2.81596760	   -166.21055291	      0.00000000	      0.11579059	      1.19046291	     -0.18491690	    -36.46641738	     -3.58945349	     17.83780046	     62.57009957	     -2.61455744	      4.51421114	     70.63784268	     40.44142050	    -72.38910447	     29.46644583	     46.00321878
      7.15000000	      2.79369867	   -166.36530112	      0.00000000	      0.11586989	      1.19031584	     -0.18486394	    -36.36970417	     -3.48588095	     17.82833792	     62.48840304	     -2.54403285	      4.55763764	     70.51454910	     40.42051699	    -72.38405042	     29.46463416	     46.56626853
      7.16000000	      2.70587690	   -166.39670836	      0.00000000	      0.11602241	      1.19016089	     -0.18508816	    -36.35556425	     -3.33540142	     17.86780956	     62.26825103	     -2.57434160	      4.49717169	     70.50167336	     40.50076519	    -72.37595762	     29.29469220	     47.13136279
      7.17000000	      2.65757282	   -166.49318298	      0.00000000	      0.11613264	      1.18999965	     -0.18517579	    -36.30326504	     -3.19526469	     17.87016096	     62.11509717	     -2.53023960	      4.51795086	     70.42855170	     40.52356349	    -72.36652790	     29.19373663	     47.67327698
      7.18000000	      2.59703748	   -166.56481085	      0.00000000	      0.11627699	      1.18984300	     -0.18529503	    -36.27548759	     -3.05277239	     17.62937627	     61.94615387	     -2.26490198	      4.61875748	     70.37628892	     40.57594569	    -72.35928042	     29.07537284	     48.25083236
      7.19000000	      2.53871407	   -166.65072343	      0.00000000	      0.11639565	      1.18969086	     -0.18541547	    -36.23271748	     -2.90842613	     17.70110485	     61.75921061	     -2.26999591	      4.56665352	     70.33928391	     40.64411660	    -72.34861183	     28.93781635	     48.81048765
      7.20000000	      2.48112251	   -166.73542845	      0.00000000	      0.11652067	      1.18954280	     -0.18552773	    -36.20001464	     -2.75871902	     17.73727243	     61.58747156	     -2.23692436	      4.54570301	     70.27475269	     40.69854137	    -72.33882504	     28.79838127	     49.55582435
      7.21000000	      2.42803117	   -166.83783253	      0.00000000	      0.11664209	      1.18938645	     -0.18561518	    -36.15562651	     -2.61131137	     17.71624834	     61.39564265	     -2.13592340	      4.52475252	     70.25557710	     40.79868337	    -72.32640131	     28.63623447	     50.06808534
      7.22000000	      2.36895150	   -166.91327902	      0.00000000	      0.11679356	      1.18922398	     -0.18571490	    -36.14518593	     -2.43813614	     17.76343487	     61.25063872	     -2.08697145	      4.52789925	     70.18986632	     40.83290936	    -72.30365666	     28.51964851	     50.11177220
      7.23000000	      2.32760344	   -166.98238479	      0.00000000	      0.11693872	      1.18910014	     -0.18581084	    -36.13965973	     -2.28632992	     17.82198028	     61.11497964	     -2.01579376	      4.51913885	     70.11272020	     40.86793136	    -72.27757710	     28.41372716	     50.15545222
      7.24000000	      2.25103839	   -167.10151442	      0.00000000	      0.11696957	      1.18904400	     -0.18597444	    -36.07206921	     -2.18542897	     17.80553956	     60.69901447	     -1.91052565	      4.21477396	     70.38950508	     41.28128143	    -72.28546824	     28.01661627	     51.52160694
      7.25000000	      2.21002856	   -167.17262260	      0.00000000	      0.11708221	      1.18885370	     -0.18604299	    -36.08309166	     -2.00004663	     17.87361345	     60.57337981	     -1.85532840	      4.25004343	     70.29742735	     41.30098565	    -72.25898002	     27.89573406	     51.60462626
      7.26000000	      2.14678159	   -167.26245860	      0.00000000	      0.11715388	      1.18878806	     -0.18619542	    -36.04676506	     -1.87960296	     17.90618668	     60.30128688	     -1.79666314	      4.09522015	     70.30573401	     41.54230549	    -72.24941562	     27.57026882	     53.32271668
      7.27000000	      2.12024206	   -167.32228239	      0.00000000	      0.11727175	      1.18863215	     -0.18624666	    -36.08055452	     -1.70028835	     17.99001987	     60.17968292	     -1.72824173	      4.13875161	     70.20791750	     41.56201734	    -72.21783075	     27.43365579	     53.39291762
      7.28000000	      2.08342900	   -167.37493762	      0.00000000	      0.11734733	      1.18848239	     -0.18632923	    -36.12444883	     -1.52144735	     18.07225486	     60.03789213	     -1.65169940	      4.16320949	     70.15669934	     41.61448268	    -72.18764644	     27.23525416	     53.55711990
      7.29000000	      2.05560627	   -167.45061543	      0.00000000	      0.11737900	      1.18844786	     -0.18640107	    -36.13600412	     -1.42113611	     18.16609394	     59.86537627	     -1.62492590	      4.08370516	     69.98177068	     41.76718059	    -72.18755509	     26.93932000	     56.27971493
      7.30000000	      2.02262886	   -167.49235163	      0.00000000	      0.11744946	      1.18833175	     -0.18646849	    -36.19681464	     -1.24564545	     18.24789147	     59.72423823	     -1.54022049	      4.09194705	     69.92787088	     41.84151692	    -72.14229459	     26.73461908	     56.36287317
      7.31000000	      2.00380038	   -167.53224261	      0.00000000	      0.11752545	      1.18823468	     -0.18652229	    -36.25981433	     -1.08407305	     18.33286267	     59.57131600	     -1.43519925	      4.07399040	     69.89785988	     41.94105276	    -72.09028889	     26.52553833	     56.50231783
      7.32000000	      1.97267982	   -167.60055910	      0.00000000	      0.11750378	      1.18821544	     -0.18661188	    -36.29027024	     -1.00158213	     18.41129628	     59.32034629	     -1.36210914	      3.87265968	     69.89625481	     42.26475540	    -72.10422378	     26.14274866	     58.93207739
      7.33000000	      1.95393168	   -167.66434765	      0.00000000	      0.11757893	      1.18820550	     -0.18662409	    -36.32490235	     -0.86486462	     18.51096341	     59.21143620	     -1.23584665	      3.85471930	     69.80898073	     42.29381235	    -72.07342402	     26.06191589	     58.94738735
      7.34000000	      1.92925038	   -167.69959169	      0.00000000	      0.11752251	      1.18810158	     -0.18673122	    -36.41072400	     -0.74308068	     18.55385373	     58.88351181	     -1.10869969	      3.61962562	     70.02038029	     42.75246444	    -72.03275795	     25.54503160	     60.26834992
      7.35000000	      1.91618044	   -167.71591965	      0.00000000	      0.11758267	      1.18802666	     -0.18676809	    -36.51654818	     -0.57660517	     18.66440661	     58.78362358	     -0.99673040	      3.63666676	     69.93968531	     42.82821099	    -71.96106231	     25.33192660	     60.41162352
      7.36000000	      1.89786711	   -167.75507465	      0.00000000	      0.11757701	      1.18803181	     -0.18682246	    -36.58055340	     -0.49023428	     18.74120007	     58.59400227	     -0.90387067	      3.47349881	     69.87979961	     43.11474697	    -71.95231710	     25.01497302	     62.36975083
      7.37000000	      1.90287721	   -167.79369682	      0.00000000	      0.11758140	      1.18792651	     -0.18681435	    -36.68417385	     -0.32130492	     18.86509388	     58.49778140	     -0.78856207	      3.50918560	     69.82427488	     43.20322683	    -71.86962353	     24.76588964	     62.50958361
      7.38000000	      1.90934560	   -167.82135448	      0.00000000	      0.11755852	      1.18785387	     -0.18680672	    -36.80357927	     -0.18282040	     18.96948900	     58.37847108	     -0.65044740	      3.46667130	     69.81450119	     43.38450335	    -71.76067504	     24.47851798	     62.82138078
      7.39000000	      1.86745970	   -167.88591049	      0.00000000	      0.11755178	      1.18795629	     -0.18692233	    -36.80409570	     -0.12556633	     18.98524184	     58.03981193	     -0.48297031	      3.13459599	     69.96934028	     43.85761818	    -71.78508996	     24.13138923	     64.63381137
      7.40000000	      1.90036150	   -167.92532940	      0.00000000	      0.11752759	      1.18788968	     -0.18678917	    -36.96153222	      0.02114337	     19.14362909	     58.03877428	     -0.35126109	      3.19895334	     69.86326180	     43.91812410	    -71.67129104	     23.88118349	     64.96312160
      7.41000000	      1.87298881	   -167.97547953	      0.00000000	      0.11750527	      1.18791479	     -0.18687886	    -36.97763613	      0.10762377	     19.19044756	     57.83018552	     -0.25770854	      3.02997914	     69.77049750	     44.23131403	    -71.62489058	     23.64090504	     66.87700241
      7.42000000	      1.92251905	   -168.02474506	      0.00000000	      0.11744395	      1.18781271	     -0.18674729	    -37.12745347	      0.25441434	     19.35713745	     57.80567288	     -0.11649230	      3.10500433	     69.71366916	     44.29532097	    -71.52715313	     23.40887531	     67.03785821
      7.43000000	      1.92818426	   -168.07988515	      0.00000000	      0.11739196	      1.18783079	     -0.18672099	    -37.19365154	      0.34511847	     19.47102597	     57.71301491	     -0.03654413	      3.03470971	     69.54322078	     44.50170360	    -71.50567830	     23.18860237	     69.15505470
      7.44000000	      1.92521747	   -168.14958397	      0.00000000	      0.11740098	      1.18788414	     -0.18669736	    -37.23551598	      0.48018790	     19.59208620	     57.64340069	      0.11169484	      3.02398993	     69.46919315	     44.54619556	    -71.46445616	     23.13208474	     69.17577528
      7.45000000	      1.99638357	   -168.17050978	      0.00000000	      0.11726065	      1.18774070	     -0.18648463	    -37.46683729	      0.60054970	     19.74128671	     57.60566689	      0.26251505	      3.05056751	     69.47905092	     44.76557407	    -71.19318195	     22.75617256	     69.43500321
      7.46000000	      1.98582457	   -168.20728970	      0.00000000	      0.11720127	      1.18782412	     -0.18647444	    -37.56172414	      0.66383254	     19.81524068	     57.49465590	      0.42831278	      2.89823065	     69.46725914	     45.06990401	    -70.95428562	     22.47091337	     70.08108210
      7.47000000	      2.03545010	   -168.26638189	      0.00000000	      0.11708481	      1.18778426	     -0.18633437	    -37.68762558	      0.76519595	     19.94801653	     57.41980131	      0.58455947	      2.87620044	     69.47083750	     45.26102755	    -70.80739192	     22.25102168	     70.64972990
      7.48000000	      2.06220060	   -168.34228405	      0.00000000	      0.11696699	      1.18782951	     -0.18621526	    -37.74159185	      0.83917282	     20.06793894	     57.40201489	      0.62438407	      2.86653356	     69.18036439	     45.42182013	    -70.95723891	     22.15970013	     73.88837190
      7.49000000	      2.12372192	   -168.40337835	      0.00000000	      0.11683179	      1.18779446	     -0.18600924	    -37.88075503	      0.94790728	     20.21589111	     57.37660363	      0.78183753	      2.88506350	     69.16790859	     45.54447283	    -70.80179547	     22.02815312	     73.98045379
      7.50000000	      2.15898258	   -168.43886228	      0.00000000	      0.11673074	      1.18782000	     -0.18587604	    -38.03782170	      1.02655289	     20.34510398	     57.34738024	      0.94632971	      2.85191346	     69.14945539	     45.73722470	    -70.54301104	     21.79180574	     74.22524416
      7.51000000	      2.18031827	   -168.51047705	      0.00000000	      0.11657217	      1.18791131	     -0.18577136	    -38.09796226	      1.07460349	     20.44038532	     57.27752006	      1.03867006	      2.75030495	     69.02871852	     46.01465478	    -70.46641487	     21.63733662	     76.13507552
      7.52000000	      2.25300292	   -168.56903861	      0.00000000	      0.11639078	      1.18789092	     -0.18552408	    -38.26187944	      1.16074391	     20.60298216	     57.29623179	      1.20517706	      2.78154934	     69.02432027	     46.12702685	    -70.32281854	     21.52674801	     76.25627452
      7.53000000	      2.26747821	   -168.63000696	      0.00000000	      0.11625755	      1.18806354	     -0.18538864	    -38.35255745	      1.18150267	     20.69615161	     57.27641097	      1.33633809	      2.68810688	     68.90396504	     46.36603892	    -69.99127884	     21.36560199	     77.12082330
      7.54000000	      2.32921027	   -168.66065432	      0.00000000	      0.11602136	      1.18802222	     -0.18512026	    -38.56373697	      1.28711326	     20.84905799	     57.31226756	      1.46574195	      2.74784414	     68.89294618	     46.49883300	    -69.84769185	     21.20633381	     77.44313789
      7.55000000	      2.38426402	   -168.72647448	      0.00000000	      0.11586457	      1.18804023	     -0.18493955	    -38.66574034	      1.34498064	     21.01847211	     57.39472155	      1.51514403	      2.82026103	     68.60268428	     46.56878970	    -69.79414904	     21.19245266	     79.49334856
      7.56000000	      2.40218181	   -168.80357434	      0.00000000	      0.11573690	      1.18811318	     -0.18480481	    -38.73131805	      1.44822118	     21.14178593	     57.38482675	      1.65763206	      2.82279794	     68.58209366	     46.65133307	    -69.74069558	     21.19294387	     79.51867166
      7.57000000	      2.48754347	   -168.84401324	      0.00000000	      0.11544273	      1.18817446	     -0.18451231	    -38.92342889	      1.42748888	     21.25323389	     57.38515231	      1.81382037	      2.73206908	     68.57891776	     46.99184617	    -69.30863105	     20.96677791	     80.13378198
      7.58000000	      2.49873625	   -168.92043559	      0.00000000	      0.11530646	      1.18823553	     -0.18437301	    -38.99122346	      1.53570949	     21.37398297	     57.38477155	      1.94497991	      2.74791683	     68.56109788	     47.06801995	    -69.26209005	     20.97617804	     80.16796662
      7.59000000	      2.60188736	   -168.93652113	      0.00000000	      0.11497870	      1.18820927	     -0.18400984	    -39.25778213	      1.54958491	     21.52020262	     57.44205083	      2.08580169	      2.77678571	     68.56203263	     47.29727819	    -68.90466739	     20.78737949	     80.61210013
      7.60000000	      2.60548936	   -169.01497877	      0.00000000	      0.11485941	      1.18828646	     -0.18392393	    -39.29935124	      1.64690858	     21.63694959	     57.44052974	      2.22007784	      2.78030300	     68.53702348	     47.37025652	    -68.85228794	     20.81414081	     80.65633931
      7.61000000	      2.69015111	   -169.05073069	      0.00000000	      0.11456483	      1.18830042	     -0.18366218	    -39.48246839	      1.63282379	     21.74991680	     57.48542522	      2.33840432	      2.77336825	     68.43650415	     47.63276387	    -68.37562943	     20.65340886	     81.41079161
      7.62000000	      2.72532008	   -169.14650915	      0.00000000	      0.11432130	      1.18833748	     -0.18342755	    -39.56468404	      1.67712136	     21.90829530	     57.64830323	      2.35603234	      2.91945706	     68.09425568	     47.61566554	    -68.34712361	     20.75733626	     83.54802354
      7.63000000	      2.74387739	   -169.22520039	      0.00000000	      0.11412406	      1.18833672	     -0.18328066	    -39.63198864	      1.76470442	     22.02134568	     57.65861368	      2.47575572	      2.93829340	     68.09906553	     47.71106788	    -68.30362286	     20.80367049	     83.57753285
      7.64000000	      2.81169412	   -169.27396116	      0.00000000	      0.11384531	      1.18836685	     -0.18305449	    -39.77736064	      1.76801569	     22.08790298	     57.65108256	      2.65446714	      2.93629108	     68.15309632	     47.93590044	    -68.16310134	     20.73075161	     84.30742242
      7.65000000	      2.88774482	   -169.31754109	      0.00000000	      0.11365822	      1.18826438	     -0.18269803	    -39.98903881	      1.87694481	     22.31567003	     58.21157640	      2.58425510	      3.57700060	     67.22794034	     47.36878623	    -67.41090651	     20.99859821	     84.09280028
      7.66000000	      2.87048825	   -169.39961677	      0.00000000	      0.11342289	      1.18840236	     -0.18272730	    -39.95623896	      1.85002817	     22.34611269	     57.69958836	      2.81792742	      2.91553932	     68.07620412	     48.23438968	    -67.76993865	     20.74017194	     84.98646348
      7.67000000	      2.89534669	   -169.47618712	      0.00000000	      0.11320426	      1.18840162	     -0.18256491	    -40.03291496	      1.89656362	     22.49452153	     57.85069792	      2.83664110	      3.03747770	     67.81424167	     48.23989212	    -67.35568940	     20.76912902	     85.01564286
      7.68000000	      2.94669015	   -169.55213506	      0.00000000	      0.11297191	      1.18837297	     -0.18234295	    -40.13263734	      1.94319247	     22.70216374	     57.98126353	      2.84104034	      3.13108285	     67.64717034	     48.23071885	    -67.11452844	     20.85129421	     85.06609573
      7.69000000	      2.96002074	   -169.57916870	      0.00000000	      0.11279430	      1.18838282	     -0.18225129	    -40.23705113	      1.98780388	     22.87913579	     58.01380881	      2.86234913	      3.12296818	     67.60645221	     48.31297918	    -66.96814574	     20.90963501	     85.26309021
      7.70000000	      2.96473306	   -169.68610682	      0.00000000	      0.11252675	      1.18839466	     -0.18218874	    -40.21159078	      2.01012629	     23.04744115	     57.88241520	      2.87419920	      2.92123352	     67.80128116	     48.63284918	    -67.46700208	     20.95410866	     87.71497544
      7.71000000	      2.99232070	   -169.76655460	      0.00000000	      0.11231684	      1.18837675	     -0.18202025	    -40.26797906	      2.03956152	     23.19927284	     58.05037202	      2.85307351	      3.03595906	     67.52404215	     48.62530586	    -67.07271351	     21.01653868	     87.58907135
      7.72000000	      3.00204319	   -169.79928929	      0.00000000	      0.11217736	      1.18831851	     -0.18193892	    -40.34396213	      2.10123778	     23.36250868	     58.12992625	      2.84223230	      3.09538756	     67.37576658	     48.63294283	    -66.81561039	     21.11513087	     87.50967091
      7.73000000	      3.02967360	   -169.82795109	      0.00000000	      0.11200633	      1.18830211	     -0.18181133	    -40.45971378	      2.13947104	     23.61236501	     58.28225251	      2.78966182	      3.16577219	     67.20617040	     48.56556224	    -66.59707620	     21.24437506	     87.37213792
      7.74000000	      3.00446194	   -169.92746491	      0.00000000	      0.11175235	      1.18836273	     -0.18181645	    -40.40463115	      2.13790669	     23.67753359	     58.08137127	      2.85826541	      2.91357006	     67.52485945	     48.92410499	    -66.68427004	     21.22497548	     87.65851139
      7.75000000	      3.02191062	   -169.96745122	      0.00000000	      0.11161362	      1.18830812	     -0.18175886	    -40.44656642	      2.17751214	     23.80402222	     58.12566337	      2.85532606	      2.93014084	     67.44093632	     48.99494500	    -66.57128345	     21.29720125	     87.80569913
      7.76000000	      3.01235390	   -170.03329588	      0.00000000	      0.11141224	      1.18834605	     -0.18175540	    -40.42922213	      2.16969709	     23.89562151	     58.01072109	      2.90072140	      2.71752654	     67.65627024	     49.30162212	    -66.80931844	     21.31135735	     88.77441861
      7.77000000	      3.03089750	   -170.08266484	      0.00000000	      0.11123421	      1.18823106	     -0.18168108	    -40.45847769	      2.23065946	     24.11251088	     58.13292617	      2.76181114	      2.82519100	     67.42954097	     49.21157201	    -66.63165028	     21.47974912	     88.71946756
      7.78000000	      3.04951585	   -170.18640033	      0.00000000	      0.11105837	      1.18830683	     -0.18160590	    -40.42921268	      2.17868279	     24.20930837	     58.10149100	      2.85429015	      2.65154621	     67.58261320	     49.44689354	    -66.67944454	     21.47449561	     89.15062656
      7.79000000	      3.03174546	   -170.19137383	      0.00000000	      0.11090033	      1.18820332	     -0.18160644	    -40.46808953	      2.23750746	     24.29031313	     58.07099904	      2.79639478	      2.63611525	     67.57936148	     49.54293000	    -66.76499269	     21.60302532	     89.73618851
      7.80000000	      3.03605700	   -170.23792156	      0.00000000	      0.11076368	      1.18823066	     -0.18158908	    -40.47251652	      2.22259802	     24.41651931	     58.11730098	      2.78198240	      2.60180352	     67.53854876	     49.58632776	    -66.72804917	     21.69044377	     89.93350090
      7.81000000	      3.03945496	   -170.26498481	      0.00000000	      0.11064305	      1.18819422	     -0.18157533	    -40.49447408	      2.23966908	     24.56105243	     58.14047095	      2.72796420	      2.56845257	     67.52224187	     49.62797640	    -66.65121592	     21.77381789	     89.86046957
      7.82000000	      3.02441683	   -170.30743883	      0.00000000	      0.11051508	      1.18824441	     -0.18157675	    -40.48391590	      2.23298899	     24.72033761	     58.16838804	      2.65260305	      2.49480892	     67.51624079	     49.66716406	    -66.65949850	     21.85014833	     90.05438972
      7.83000000	      3.04783569	   -170.33874689	      0.00000000	      0.11036193	      1.18818130	     -0.18151771	    -40.50457524	      2.22179096	     24.80904881	     58.16283905	      2.63649041	      2.44583937	     67.56678479	     49.75406712	    -66.66805619	     21.93773235	     90.10140448
      7.84000000	      3.04844198	   -170.38770342	      0.00000000	      0.11025274	      1.18816248	     -0.18151088	    -40.48012602	      2.21318618	     24.95261316	     58.20119718	      2.55938057	      2.40427826	     67.52624098	     49.76946891	    -66.63090473	     22.03546395	     90.11376010
      7.85000000	      3.06307660	   -170.41691605	      0.00000000	      0.11013346	      1.18807310	     -0.18150041	    -40.48329752	      2.22107450	     25.12225354	     58.20529595	      2.45133096	      2.36119304	     67.52900148	     49.78678397	    -66.72127002	     22.14962514	     90.58181050
      7.86000000	      3.04577537	   -170.43155954	      0.00000000	      0.11004714	      1.18809653	     -0.18152711	    -40.48149962	      2.21016850	     25.24956594	     58.23094202	      2.37096142	      2.31219435	     67.51560049	     49.77561146	    -66.81625407	     22.26574554	     91.00962115
      7.87000000	      3.04893844	   -170.45124614	      0.00000000	      0.10995888	      1.18805170	     -0.18154442	    -40.47440450	      2.19705678	     25.82497606	     58.21016292	      1.91197000	      1.99362200	     67.57491497	     49.82108966	    -66.55574175	     22.27655041	     90.02610559
      7.88000000	      3.05796381	   -170.49211610	      0.00000000	      0.10985440	      1.18801819	     -0.18152390	    -40.45093637	      2.18130163	     24.56521638	     58.22246022	      2.99659068	      2.72113155	     67.52163627	     49.77778244	    -66.78607554	     22.42890861	     91.10796131
      7.89000000	      3.07156319	   -170.49991780	      0.00000000	      0.10976082	      1.18792206	     -0.18149749	    -40.46307926	      2.19507527	     24.73766409	     58.22208436	      2.85919173	      2.68789571	     67.55016857	     49.73268302	    -66.68363249	     22.53407147	     90.40520959
      7.90000000	      3.05412356	   -170.51407237	      0.00000000	      0.10972708	      1.18797624	     -0.18155985	    -40.42893207	      2.14427524	     24.54114248	     58.17886530	      3.05613343	      2.72104828	     67.62248333	     49.77955590	    -66.84647530	     22.58060794	     91.10091354
      7.91000000	      3.06214164	   -170.45556988	      0.00000000	      0.10973311	      1.18787983	     -0.18154317	    -40.52629471	      2.17456089	     24.72291830	     58.38063887	      2.87386781	      2.90681285	     67.28936839	     49.48029623	    -66.52729468	     22.73898702	     90.67843911
      7.92000000	      3.03687578	   -170.50351795	      0.00000000	      0.10965825	      1.18799301	     -0.18162541	    -40.43066583	      2.10463938	     24.76023081	     58.18828742	      2.89820952	      2.66329990	     67.61974701	     49.63329173	    -66.68541246	     22.76476484	     90.66290487
      7.93000000	      3.07261567	   -170.54124713	      0.00000000	      0.10956967	      1.18785083	     -0.18159215	    -40.40070955	      2.09206719	     24.82914294	     58.17923247	      2.84816000	      2.68702636	     67.65299356	     49.61214598	    -66.71365241	     22.78516727	     90.61800032
      7.94000000	      3.05007347	   -170.55506730	      0.00000000	      0.10956207	      1.18791221	     -0.18163058	    -40.37218796	      2.06484452	     24.86692113	     58.16196247	      2.84626567	      2.67180220	     67.69325077	     49.51891698	    -66.68748890	     22.87517337	     90.54203189
      7.95000000	      3.09228478	   -170.61665718	      0.00000000	      0.10946938	      1.18775273	     -0.18155764	    -40.31150686	      2.04802813	     24.94019797	     58.28213552	      2.71241566	      2.82488902	     67.42964094	     49.38284743	    -66.39390858	     22.89211312	     90.37379412
      7.96000000	      3.06800247	   -170.57419690	      0.00000000	      0.10948232	      1.18776563	     -0.18167744	    -40.29589966	      2.02144552	     24.59836266	     58.01067165	      3.04998372	      2.74603916	     67.85464638	     49.58245068	    -66.89400450	     22.92556565	     91.39466375
      7.97000000	      3.07317402	   -170.57662520	      0.00000000	      0.10948134	      1.18772363	     -0.18168314	    -40.27646260	      1.99890265	     24.75924702	     57.97003145	      2.93078396	      2.65512401	     67.91728026	     49.55236322	    -66.75385391	     22.92428827	     90.85925563
      7.98000000	      3.07347527	   -170.57593625	      0.00000000	      0.10947201	      1.18768392	     -0.18170749	    -40.25106044	      1.97975123	     27.43313677	     57.98035108	      0.65797120	      1.25415863	     67.92528552	     49.49388212	    -66.85046086	     22.99651722	     91.50299400
      7.99000000	      3.06752831	   -170.57604951	      0.00000000	      0.10947652	      1.18767410	     -0.18174177	    -40.22021948	      1.95586160	     27.35768115	     57.91845499	      0.73446525	      1.26142518	     67.99713497	     49.47505297	    -66.70656391	     22.98348795	     90.96233806
      8.00000000	      3.08389047	   -170.60949824	      0.00000000	      0.10945756	      1.18762710	     -0.18174038	    -40.16206626	      1.93719616	     27.27384906	     57.85846193	      0.82501479	      1.33431590	     68.03813657	     49.40080721	    -66.54778363	     22.99458306	     90.50804503
      8.01000000	      3.03447134	   -170.59029472	      0.00000000	      0.10951033	      1.18766195	     -0.18188358	    -40.11113223	      1.91868501	     27.24507138	     57.75226033	      0.84242638	      1.21671633	     68.15343113	     49.49089393	    -66.58617787	     22.90504612	     90.89857271
      8.02000000	      3.08720144	   -170.57213176	      0.00000000	      0.10953163	      1.18751731	     -0.18174777	    -40.15193687	      1.92871144	     27.27100373	     57.84676425	      0.81944978	      1.41593366	     67.93439128	     49.26551778	    -66.37829607	     23.04325648	     90.84340900
      8.03000000	      3.09182164	   -170.56245218	      0.00000000	      0.10957268	      1.18750446	     -0.18176985	    -40.12078833	      1.91114936	     27.66822889	     57.74592025	      0.51194237	      1.13482725	     68.02723361	     49.30511510	    -66.59376344	     23.06670661	     91.99635888
      8.04000000	      3.10992785	   -170.57230399	      0.00000000	      0.10959041	      1.18742906	     -0.18169159	    -40.11238396	      1.91339710	     27.73378268	     57.84639435	      0.43870369	      1.27056445	     67.78262571	     49.13739286	    -66.24424084	     23.07554918	     91.81304067
      8.05000000	      3.10869937	   -170.55879028	      0.00000000	      0.10964572	      1.18742318	     -0.18176081	    -40.08291827	      1.90595072	     27.00348773	     57.60197268	      1.14771749	      1.48523209	     68.10221831	     49.27098323	    -66.01312982	     22.95476153	     90.71829662
      8.06000000	      3.09765203	   -170.52181503	      0.00000000	      0.10973206	      1.18742771	     -0.18179254	    -40.06065788	      1.91139725	     27.20726775	     57.58412474	      0.97777225	      1.35742735	     68.02189675	     49.26495583	    -66.31758006	     23.04256324	     92.54454565
      8.07000000	      3.09990345	   -170.54541376	      0.00000000	      0.10976088	      1.18736859	     -0.18176282	    -40.02703109	      1.92751194	     29.19773560	     57.48351637	     -0.64444029	      0.27739637	     68.10090644	     49.29181713	    -65.89611456	     22.90646328	     91.49379638
      8.08000000	      3.11464599	   -170.53622492	      0.00000000	      0.10980688	      1.18730006	     -0.18173485	    -40.01587368	      1.95476228	     29.48077301	     57.45832526	     -0.84491756	      0.21184359	     68.01799827	     49.21633950	    -66.02572136	     22.98120209	     92.89240972
      8.09000000	      3.12056022	   -170.52895365	      0.00000000	      0.10987901	      1.18726182	     -0.18171965	    -39.99871303	      1.98031752	     28.38248540	     57.40346682	      0.13876652	      0.82113894	     67.99439353	     49.21608773	    -65.86802400	     22.95259243	     93.14637722
      8.10000000	      3.12917449	   -170.50406255	      0.00000000	      0.10996482	      1.18722943	     -0.18170414	    -40.00661334	      2.00604070	     28.41952811	     57.33489072	      0.18795231	      0.81392197	     67.97731757	     49.21570911	    -65.32877225	     22.87472514	     92.03252035
      8.11000000	      3.12728191	   -170.52075682	      0.00000000	      0.11000172	      1.18718430	     -0.18166334	    -39.97310498	      2.05070695	     28.04267650	     57.27103243	      0.56633848	      1.01463293	     67.97195550	     49.28530091	    -65.36016714	     22.81544897	     93.05301135
      8.12000000	      3.13049588	   -170.50414477	      0.00000000	      0.11008402	      1.18713947	     -0.18163997	    -39.96967627	      2.10870385	     27.73719308	     57.20773991	      0.89102881	      1.23846747	     67.90554716	     49.27716426	    -65.29028232	     22.83482331	     93.99427464
      8.13000000	      3.13894186	   -170.50157599	      0.00000000	      0.11015476	      1.18708607	     -0.18159027	    -39.96367304	      2.16881216	     27.49086547	     57.12571313	      1.19052722	      1.37924501	     67.89925985	     49.34778424	    -64.92899789	     22.74497021	     93.68809173
      8.14000000	      3.13884887	   -170.49630065	      0.00000000	      0.11023691	      1.18703954	     -0.18156909	    -39.95331737	      2.23111982	     26.78330685	     57.02836062	      1.89205514	      1.77865398	     67.88188292	     49.41464246	    -64.57084577	     22.65833371	     93.63484621
      8.15000000	      3.13918246	   -170.51386385	      0.00000000	      0.11029721	      1.18701166	     -0.18151505	    -39.92359560	      2.30120988	     26.30681953	     56.94609691	      2.38328732	      2.03965395	     67.84622612	     49.52437841	    -64.36693642	     22.59184826	     94.16335909
      8.16000000	      3.14560555	   -170.50497743	      0.00000000	      0.11038761	      1.18693330	     -0.18146485	    -39.93982529	      2.41112710	     26.13181738	     56.91601489	      2.64487841	      2.27821841	     67.73476922	     49.49739586	    -64.29851696	     22.61667963	     95.32975463
      8.17000000	      3.14562833	   -170.49120272	      0.00000000	      0.11048293	      1.18687848	     -0.18142485	    -39.94992961	      2.50884616	     25.96200806	     56.83606078	      2.91264928	      2.41262987	     67.68551958	     49.58337495	    -63.99736435	     22.56885688	     95.72524534
      8.18000000	      3.14622357	   -170.49648410	      0.00000000	      0.11057216	      1.18683156	     -0.18136823	    -39.94739459	      2.61205556	     26.01135569	     56.74609835	      3.01669480	      2.40790217	     67.67113009	     49.70920224	    -63.47132828	     22.45173547	     95.19172353
      8.19000000	      3.12592212	   -170.50689785	      0.00000000	      0.11062542	      1.18682913	     -0.18135747	    -39.92489883	      2.72063362	     26.15372565	     56.61319781	      3.03887871	      2.29421104	     67.73090931	     49.89239543	    -63.13381073	     22.34966240	     95.43816930
      8.20000000	      3.14413052	   -170.50078500	      0.00000000	      0.11076151	      1.18669826	     -0.18126904	    -39.95432165	      2.85935759	     26.43189817	     56.60295308	      2.96936057	      2.27497564	     67.59017048	     49.96746978	    -62.76982796	     22.28560003	     95.91021997
      8.21000000	      3.14213419	   -170.51357686	      0.00000000	      0.11085850	      1.18656569	     -0.18118746	    -39.95002796	      3.03155476	     26.63140166	     56.53763220	      2.94321801	      2.25614900	     67.51530777	     50.07613033	    -62.63781166	     22.31778803	     96.90095239
      8.22000000	      3.17325323	   -170.53256790	      0.00000000	      0.11095152	      1.18650644	     -0.18103232	    -40.00157688	      3.16052586	     26.83319264	     56.69322050	      2.95091891	      2.47614511	     67.12913156	     49.96757654	    -61.86886785	     22.27529413	     96.77500993
      8.23000000	      3.14920713	   -170.50644587	      0.00000000	      0.11107753	      1.18647213	     -0.18107600	    -40.00502747	      3.31258756	     26.99282027	     56.40642692	      3.03663144	      2.22094791	     67.42785749	     50.36250865	    -61.66666375	     22.11708292	     97.24811582
      8.24000000	      3.14986446	   -170.53609255	      0.00000000	      0.11114506	      1.18635963	     -0.18094620	    -40.03020373	      3.50426054	     27.12398849	     56.34972347	      3.15187217	      2.27339616	     67.42632606	     50.48367631	    -61.35339456	     22.08179372	     97.57052607
      8.25000000	      3.13531826	   -170.54613037	      0.00000000	      0.11136395	      1.18636155	     -0.18092940	    -40.01862428	      3.69287492	     27.26533610	     56.34064090	      3.30941271	      2.28928842	     67.39976366	     50.55892155	    -61.28985653	     22.08163888	     97.60789903
      8.26000000	      3.15395099	   -170.56190583	      0.00000000	      0.11140890	      1.18619795	     -0.18084766	    -40.04973212	      3.86348993	     27.37126394	     56.20055890	      3.40853820	      2.31479891	     67.38239948	     50.84293480	    -60.57077959	     21.93597232	     98.17869619
      8.27000000	      3.12551770	   -170.58089965	      0.00000000	      0.11162502	      1.18620438	     -0.18080213	    -40.04291734	      4.07144716	     27.52105380	     56.20556113	      3.57307356	      2.33648275	     67.35892388	     50.92625579	    -60.50735913	     21.94676583	     98.21527963
      8.28000000	      3.15235754	   -170.60528664	      0.00000000	      0.11166311	      1.18604817	     -0.18067579	    -40.07981973	      4.24829595	     27.67230957	     56.26258722	      3.57844380	      2.56308509	     66.95248802	     51.02065847	    -59.78127545	     21.99102928	    100.14701959
      8.29000000	      3.12112347	   -170.62672473	      0.00000000	      0.11190044	      1.18603367	     -0.18063197	    -40.07911014	      4.47932317	     27.83564343	     56.26595428	      3.75541597	      2.59009796	     66.94543973	     51.11905502	    -59.71927447	     21.99899264	    100.17179450
      8.30000000	      3.15944399	   -170.64760911	      0.00000000	      0.11188506	      1.18580939	     -0.18044479	    -40.19225778	      4.71674015	     28.02556992	     56.10385544	      3.90753047	      2.68694090	     67.13577414	     51.35619631	    -59.21447857	     21.86997281	    100.43750354
      8.31000000	      3.13260033	   -170.67253742	      0.00000000	      0.11213858	      1.18580189	     -0.18041744	    -40.18370741	      4.95155476	     28.19400235	     56.10672748	      4.08787635	      2.71814444	     67.11512884	     51.48620644	    -59.12313464	     21.87975655	    100.48163584
      8.32000000	      3.15261596	   -170.73250305	      0.00000000	      0.11215643	      1.18563833	     -0.18029170	    -40.17600796	      5.14024517	     28.33028956	     56.09992957	      4.11925953	      2.87238730	     66.81065912	     51.75144423	    -58.23022269	     21.83212852	    102.04197475
      8.33000000	      3.16644738	   -170.77030398	      0.00000000	      0.11221930	      1.18550684	     -0.18013671	    -40.25704115	      5.37495891	     28.53553328	     56.02044360	      4.29771496	      2.96240214	     66.95101177	     51.95086155	    -57.92386513	     21.77008829	    102.20946891
      8.34000000	      3.15949654	   -170.81675898	      0.00000000	      0.11239935	      1.18545286	     -0.18011744	    -40.22247895	      5.59246324	     28.68556813	     55.95218712	      4.45229644	      2.98712232	     66.93386382	     52.23301479	    -57.49400847	     21.68823245	    102.52544492
      8.35000000	      3.18154160	   -170.87518223	      0.00000000	      0.11250922	      1.18528583	     -0.17983168	    -40.29882895	      5.86944273	     28.89391955	     55.96274263	      4.62700204	      3.09746477	     66.98618961	     52.41031894	    -57.32096204	     21.72122660	    102.61431703
      8.36000000	      3.13214447	   -170.88616917	      0.00000000	      0.11281468	      1.18536602	     -0.17991410	    -40.28981202	      6.10542030	     29.09298068	     55.97003018	      4.82557701	      3.15664223	     66.97985145	     52.52509953	    -57.23009917	     21.71789782	    102.65526142
      8.37000000	      3.17476893	   -170.97127445	      0.00000000	      0.11275638	      1.18516878	     -0.17973740	    -40.32933537	      6.30696557	     29.29666015	     56.01492622	      4.84331506	      3.46592015	     66.67495636	     52.71233888	    -56.21696609	     21.65147417	    104.00576846
      8.38000000	      3.12952196	   -171.00287844	      0.00000000	      0.11303891	      1.18521708	     -0.17970862	    -40.33833557	      6.56478825	     29.49784008	     56.04705752	      5.04077349	      3.53255866	     66.68447342	     52.85276244	    -56.14875742	     21.67697537	    104.03178491
      8.39000000	      3.22552774	   -171.08805696	      0.00000000	      0.11296944	      1.18494434	     -0.17940289	    -40.46504041	      6.81216481	     29.76860519	     55.96887134	      5.21006040	      3.75276436	     66.88104047	     53.08686304	    -55.75560038	     21.56866232	    104.23756695
      8.40000000	      3.22723094	   -171.17882518	      0.00000000	      0.11302973	      1.18487957	     -0.17928754	    -40.46455745	      7.03962199	     29.96568040	     55.92248027	      5.35251046	      3.88114980	     66.92991645	     53.36552775	    -55.25301463	     21.45025825	    104.57968802
      8.41000000	      3.24302934	   -171.25059793	      0.00000000	      0.11312806	      1.18483146	     -0.17910542	    -40.51397195	      7.27485467	     30.18979084	     55.94432799	      5.51318616	      4.03922108	     66.95768061	     53.57255631	    -54.94979281	     21.42067767	    104.80116821
      8.42000000	      3.19191851	   -171.28252280	      0.00000000	      0.11343051	      1.18490810	     -0.17910564	    -40.51952315	      7.53091725	     30.39353003	     55.99336938	      5.70459590	      4.12131959	     66.95828393	     53.72550432	    -54.87399182	     21.44913873	    104.83534138
      8.43000000	      3.30680817	   -171.40961524	      0.00000000	      0.11328467	      1.18467639	     -0.17871132	    -40.63827676	      7.75194049	     30.67810443	     55.98516876	      5.84534380	      4.41423565	     67.09181528	     53.96182639	    -54.41493135	     21.32340349	    105.11483990
      8.44000000	      3.25882236	   -171.44670689	      0.00000000	      0.11355621	      1.18476669	     -0.17867979	    -40.64497904	      8.00671150	     30.88223729	     56.04424015	      6.02910250	      4.50954068	     67.09866268	     54.12635444	    -54.32127884	     21.34988571	    105.16008080
      8.45000000	      3.37162583	   -171.61085227	      0.00000000	      0.11338257	      1.18459149	     -0.17831573	    -40.67988753	      8.15617607	     31.12299222	     56.19457940	      6.03599099	      4.92688454	     66.77995490	     54.33602481	    -53.28623367	     21.26441361	    106.32966728
      8.46000000	      3.43404835	   -171.71551400	      0.00000000	      0.11338315	      1.18451045	     -0.17802880	    -40.76689333	      8.38289421	     31.39450867	     56.25079731	      6.19887308	      5.17140874	     66.88920045	     54.50906341	    -53.13448707	     21.21871061	    106.46766896
      8.47000000	      3.47432772	   -171.84444140	      0.00000000	      0.11340442	      1.18448901	     -0.17779800	    -40.77908002	      8.58478470	     31.63316335	     56.33040472	      6.31344888	      5.42299671	     66.85645873	     54.70206492	    -52.75476877	     21.18142865	    107.01145426
      8.48000000	      3.55023915	   -171.93492869	      0.00000000	      0.11342197	      1.18443884	     -0.17751125	    -40.87904334	      8.79752187	     31.90814946	     56.41008316	      6.47874340	      5.67369465	     66.95767103	     54.88394188	    -52.60657320	     21.11442224	    107.13596333
      8.49000000	      3.61004344	   -172.04458820	      0.00000000	      0.11343618	      1.18441600	     -0.17719792	    -40.95434883	      9.00368025	     32.16311192	     56.49287567	      6.62897305	      5.91232043	     67.04831600	     55.08207476	    -52.43711814	     21.07068381	    107.25747449
      8.50000000	      3.68380964	   -172.17214784	      0.00000000	      0.11339351	      1.18439526	     -0.17688768	    -41.02774192	      9.19001900	     32.43036293	     56.58080923	      6.77355184	      6.18242816	     67.14947830	     55.26848005	    -52.21600556	     20.98189335	    107.41793378
      8.51000000	      3.76799179	   -172.30284838	      0.00000000	      0.11335539	      1.18437766	     -0.17652617	    -41.10018580	      9.37415236	     32.69353149	     56.68342419	      6.91346794	      6.45469846	     67.23659164	     55.46935994	    -51.99989760	     20.90952154	    107.57599636
      8.52000000	      3.83669168	   -172.46510577	      0.00000000	      0.11324913	      1.18442213	     -0.17619809	    -41.13145487	      9.53628773	     32.97169437	     56.97905177	      6.93299855	      6.92929561	     66.92973062	     55.46352173	    -51.55155019	     20.96145745	    108.87972096
      8.53000000	      3.93171295	   -172.58126771	      0.00000000	      0.11320082	      1.18444810	     -0.17583359	    -41.22867322	      9.69250388	     33.23592201	     57.09078365	      7.08832323	      7.18261808	     67.07743901	     55.67340942	    -51.42984030	     20.86982811	    108.97180692
      8.54000000	      4.02759138	   -172.72582377	      0.00000000	      0.11308478	      1.18449937	     -0.17544910	    -41.30902115	      9.84095484	     33.50508038	     57.21158866	      7.22678622	      7.47253921	     67.22703179	     55.86257989	    -51.26808033	     20.75353119	    109.10130337
      8.55000000	      4.14577582	   -172.86193418	      0.00000000	      0.11300157	      1.18451389	     -0.17504130	    -41.39010346	      9.98714838	     33.76440238	     57.34366547	      7.36378865	      7.74967592	     67.33706818	     56.07123663	    -51.12867397	     20.68304748	    109.21181098
      8.56000000	      4.26385639	   -173.01115855	      0.00000000	      0.11285440	      1.18457815	     -0.17460814	    -41.47551811	     10.11546221	     34.03219542	     57.50046755	      7.49402280	      8.05706153	     67.46555615	     56.25532675	    -50.96998063	     20.57762205	    109.34331384
      8.57000000	      4.35461602	   -173.13288962	      0.00000000	      0.11277124	      1.18469368	     -0.17422542	    -41.54976802	     10.25061206	     34.26783066	     57.65873127	      7.61564358	      8.32045952	     67.57105461	     56.44690564	    -50.85073275	     20.52648477	    109.43812144
      8.58000000	      4.50196855	   -173.29970256	      0.00000000	      0.11257851	      1.18472289	     -0.17370585	    -41.65110192	     10.35078704	     34.54298037	     57.84047717	      7.74297389	      8.65225889	     67.70500406	     56.62871056	    -50.70070507	     20.40759740	    109.56763830
      8.59000000	      4.62237945	   -173.51694704	      0.00000000	      0.11227316	      1.18484174	     -0.17321208	    -41.70908617	     10.43701876	     34.85132775	     58.23411664	      7.75141912	      9.24931328	     67.46252915	     56.52643251	    -50.25126311	     20.37283872	    110.62619695
      8.60000000	      4.76757208	   -173.65302221	      0.00000000	      0.11208780	      1.18492860	     -0.17271834	    -41.82983266	     10.52225925	     35.11289295	     58.42205349	      7.88221726	      9.55328885	     67.63805524	     56.71239102	    -50.20539938	     20.25964046	    110.75032804
      8.61000000	      4.90156380	   -173.82169419	      0.00000000	      0.11181410	      1.18504931	     -0.17220260	    -41.93032859	     10.60613382	     35.37731962	     58.62249057	      7.98724663	      9.90681854	     67.81828291	     56.85585889	    -50.13675685	     20.12670678	    110.93927102
      8.62000000	      5.06727611	   -173.97138383	      0.00000000	      0.11163599	      1.18509578	     -0.17168359	    -42.02389734	     10.68373223	     35.63110816	     58.82750447	      8.11630676	     10.20486925	     67.95508701	     57.04579369	    -50.06806283	     20.04809558	    111.06359980
      8.63000000	      5.22311226	   -174.14048679	      0.00000000	      0.11135146	      1.18520024	     -0.17114467	    -42.12418985	     10.74371799	     35.88922412	     59.05303275	      8.22478344	     10.54958557	     68.12073189	     57.19558204	    -49.98432694	     19.91131195	    111.21734572
      8.64000000	      5.36208994	   -174.31799022	      0.00000000	      0.11104030	      1.18530320	     -0.17064424	    -42.21697240	     10.82826054	     36.18593345	     59.43783825	      8.24563507	     11.09951929	     68.00086038	     57.09171031	    -50.13861557	     20.00429405	    113.08900084
      8.65000000	      5.51822735	   -174.47001914	      0.00000000	      0.11078815	      1.18543968	     -0.17010371	    -42.31374981	     10.86595618	     36.42165807	     59.65555374	      8.36615665	     11.38417286	     68.20461305	     57.28210945	    -50.08753719	     19.86982985	    113.15804022
      8.66000000	      5.67188211	   -174.63598918	      0.00000000	      0.11048455	      1.18554575	     -0.16957709	    -42.40212542	     10.91301350	     36.65759055	     59.87632446	      8.46795001	     11.70334879	     68.40793037	     57.44648082	    -50.02633666	     19.71895266	    113.24673227
      8.67000000	      5.81388099	   -174.81075401	      0.00000000	      0.11014541	      1.18566732	     -0.16905336	    -42.48106221	     10.95727710	     36.89586925	     60.10911702	      8.56151263	     12.04444294	     68.61679030	     57.57519022	    -49.95650222	     19.55402843	    113.36591902
      8.68000000	      5.95960960	   -174.98694209	      0.00000000	      0.10978766	      1.18577306	     -0.16854454	    -42.55764613	     10.99877614	     37.12861324	     60.34775727	      8.64640236	     12.39223634	     68.80987929	     57.69377643	    -49.88659494	     19.39947612	    113.51003599
      8.69000000	      6.08729325	   -175.17720280	      0.00000000	      0.10940622	      1.18585776	     -0.16805335	    -42.61372278	     11.07105135	     37.38501566	     60.66623385	      8.66808282	     12.84966018	     68.86264893	     57.66821430	    -50.20630421	     19.43866576	    115.35828255
      8.70000000	      6.23494758	   -175.29959055	      0.00000000	      0.10915193	      1.18597612	     -0.16756146	    -42.69866144	     11.10333277	     37.57817310	     60.89765372	      8.76338060	     13.10376193	     69.04298870	     57.84213321	    -50.14722798	     19.34400699	    115.40251438
      8.71000000	      6.38733911	   -175.48277473	      0.00000000	      0.10872951	      1.18606455	     -0.16703069	    -42.78385355	     11.11758745	     37.81351022	     61.15590426	      8.85201367	     13.46064247	     69.28085779	     57.95104012	    -50.06146431	     19.11382187	    115.49979936
      8.72000000	      6.52919802	   -175.64434311	      0.00000000	      0.10835153	      1.18614015	     -0.16654626	    -42.84652383	     11.15331921	     38.01717207	     61.39604538	      8.92188301	     13.78610527	     69.48040209	     58.06579094	    -49.98201960	     18.95414766	    115.60553123
      8.73000000	      6.66223080	   -175.80787007	      0.00000000	      0.10795815	      1.18621450	     -0.16607168	    -42.90713002	     11.18667083	     38.21837024	     61.64523388	      8.98871078	     14.11551506	     69.67956074	     58.16563849	    -49.89532203	     18.78321044	    115.73598431
      8.74000000	      6.78043028	   -175.96252200	      0.00000000	      0.10756716	      1.18629001	     -0.16562609	    -42.96129873	     11.22683270	     38.40854926	     61.89408689	      9.04836941	     14.43714263	     69.86963710	     58.25588371	    -49.80525273	     18.62346519	    115.89000956
      8.75000000	      6.90220329	   -176.11456741	      0.00000000	      0.10717359	      1.18634202	     -0.16517569	    -43.01671367	     11.26706760	     38.59173663	     62.14640046	      9.10793242	     14.74736026	     70.05612474	     58.35351184	    -49.71475314	     18.46807004	    116.05103556
      8.76000000	      6.90253564	   -176.16148806	      0.00000000	      0.10704655	      1.18655599	     -0.16493225	    -43.04164212	     11.36547700	     38.68281914	     62.35465241	      9.14904133	     14.89375477	     70.19716288	     58.47131145	    -49.66572806	     18.46655326	    116.09388469
      8.77000000	      7.12652171	   -176.40882361	      0.00000000	      0.10636318	      1.18642128	     -0.16433546	    -43.12052363	     11.35436511	     38.97083039	     62.78494411	      9.15396521	     15.51729844	     70.16588588	     58.33523231	    -49.69793067	     18.36483383	    118.04736641
      8.78000000	      7.23149252	   -176.53921602	      0.00000000	      0.10600892	      1.18645402	     -0.16392709	    -43.16643359	     11.39741707	     39.12459455	     63.00333636	      9.22090958	     15.75176268	     70.39637984	     58.46796890	    -49.66177891	     18.18179669	    118.12164912
      8.79000000	      7.34196389	   -176.67072309	      0.00000000	      0.10561040	      1.18645920	     -0.16356097	    -43.20877132	     11.43760974	     39.28105953	     63.21343957	      9.27933670	     16.00907956	     70.62689376	     58.58356988	    -49.59726150	     17.98694014	    118.21669588
      8.80000000	      7.43533847	   -176.79746214	      0.00000000	      0.10522549	      1.18647588	     -0.16321952	    -43.24125206	     11.48398065	     39.42797686	     63.41922277	      9.32870196	     16.26411473	     70.85076907	     58.68074638	    -49.51591718	     17.79274025	    118.33153965
      8.81000000	      7.52446648	   -176.92277770	      0.00000000	      0.10483264	      1.18646038	     -0.16288454	    -43.27026893	     11.53848149	     39.56757013	     63.62265215	      9.37392369	     16.51223538	     71.05948425	     58.77530057	    -49.42357482	     17.60583397	    118.46334489
      8.82000000	      7.60805775	   -177.03661460	      0.00000000	      0.10445464	      1.18644002	     -0.16257110	    -43.29852078	     11.59589561	     39.69848273	     63.82638614	      9.41725763	     16.74674516	     71.25273013	     58.86979744	    -49.32949858	     17.42856328	    118.59310902
      8.83000000	      7.68220159	   -177.15244698	      0.00000000	      0.10408118	      1.18642663	     -0.16227620	    -43.31762523	     11.64962472	     39.82648147	     64.02160478	      9.45454249	     16.98633373	     71.44840680	     58.94387928	    -49.21742982	     17.23192364	    118.75581109
      8.84000000	      7.75211752	   -177.25365471	      0.00000000	      0.10373213	      1.18640356	     -0.16202616	    -43.33474819	     11.70772430	     39.94261234	     64.21310104	      9.48922030	     17.20535881	     71.62582185	     59.02261832	    -49.11020258	     17.05520320	    118.91396631
      8.85000000	      7.79977240	   -177.34387470	      0.00000000	      0.10339994	      1.18640167	     -0.16180661	    -43.33968337	     11.77311508	     40.27474121	     64.44003389	      9.29335124	     17.36261080	     71.72363281	     59.02809555	    -49.32406599	     17.06437872	    120.68395032
      8.86000000	      7.86068522	   -177.45216316	      0.00000000	      0.10306146	      1.18633339	     -0.16158282	    -43.32945842	     11.84605468	     40.75268589	     64.63257737	      8.98387321	     17.38673548	     71.89689471	     59.12775584	    -49.25596209	     16.87296781	    120.93829457
      8.87000000	      7.91541238	   -177.53858520	      0.00000000	      0.10274267	      1.18628434	     -0.16137459	    -43.33838574	     11.90821087	     40.86421782	     64.80877197	      9.00138444	     17.56374690	     72.04616802	     59.20019556	    -49.15048270	     16.70741965	    121.14095645
      8.88000000	      7.96131497	   -177.61360663	      0.00000000	      0.10243687	      1.18622398	     -0.16121198	    -43.33999947	     11.97751816	     41.14960562	     64.95454067	      8.84017930	     17.63962247	     72.22756309	     59.29118630	    -49.06672286	     16.51575203	    121.40551797
      8.89000000	      8.00942567	   -177.68720228	      0.00000000	      0.10214833	      1.18615064	     -0.16103440	    -43.34916588	     12.03590938	     41.09947952	     65.10539564	      9.00186975	     17.86897372	     72.35817630	     59.34422931	    -48.94282103	     16.35031203	    121.44378581
      8.90000000	      8.04701546	   -177.74694193	      0.00000000	      0.10188633	      1.18610047	     -0.16089886	    -43.35601096	     12.10225437	     41.11615259	     65.23822575	      9.08792610	     18.03353968	     72.50126885	     59.41186865	    -48.86243737	     16.18622690	    121.64669122
      8.91000000	      8.07684956	   -177.77213435	      0.00000000	      0.10169377	      1.18605365	     -0.16078328	    -43.38317430	     12.16408601	     41.28092180	     65.39101048	      9.03678230	     18.08338906	     72.62122983	     59.50123981	    -48.78535543	     16.01682864	    121.70879851
      8.92000000	      8.11280832	   -177.86050442	      0.00000000	      0.10139263	      1.18595062	     -0.16068840	    -43.34035189	     12.23248889	     41.75081914	     65.48946639	      8.67356336	     18.05404911	     72.77414690	     59.56305661	    -48.62858463	     15.83917512	    121.86044417
      8.93000000	      8.12588015	   -177.91909895	      0.00000000	      0.10117437	      1.18590805	     -0.16065621	    -43.25658538	     12.26654735	     41.68337014	     65.48267806	      8.74634684	     18.00762103	     73.02108882	     59.84264087	    -47.07938466	     15.12670263	    117.51095076
      8.94000000	      8.16273699	   -177.95187502	      0.00000000	      0.10095925	      1.18580088	     -0.16053886	    -43.33035738	     12.35224558	     41.83264399	     65.70022952	      8.75125446	     18.27991308	     72.98211183	     59.65522197	    -48.46759553	     15.53481499	    122.05549583
      8.95000000	      8.19178379	   -177.97325399	      0.00000000	      0.10079343	      1.18569368	     -0.16048488	    -43.35471071	     12.40668671	     41.62281638	     65.79051397	      9.03325173	     18.49389780	     73.05875859	     59.67628906	    -48.42255548	     15.39971046	    122.09631138
      8.96000000	      8.20448910	   -178.00146440	      0.00000000	      0.10062053	      1.18562542	     -0.16046219	    -43.33930563	     12.46259304	     41.61174867	     65.85007415	      9.09193433	     18.56997199	     73.15448269	     59.73419299	    -48.34957783	     15.25544341	    122.20386646
      8.97000000	      8.21897544	   -178.02239275	      0.00000000	      0.10046890	      1.18553700	     -0.16045319	    -43.33029739	     12.51270590	     41.33211966	     65.88941343	      9.39718483	     18.75537236	     73.23290332	     59.77524072	    -48.28477530	     15.12043845	    122.26173479
      8.98000000	      8.22769667	   -178.03706182	      0.00000000	      0.10033112	      1.18545422	     -0.16046764	    -43.31658055	     12.56137583	     41.05981961	     65.90824819	      9.68560922	     18.91466203	     73.31432634	     59.82088091	    -48.23643197	     14.98832396	    122.31857258
      8.99000000	      8.23339604	   -178.05300641	      0.00000000	      0.10018039	      1.18537217	     -0.16045291	    -43.32164653	     12.60604721	     40.71061825	     65.91275259	     10.04371673	     19.09427619	     73.40744061	     59.87482262	    -48.17433247	     14.86248513	    122.37292076
      9.00000000	      8.26430217	   -178.13903569	      0.00000000	      0.09998320	      1.18521678	     -0.16053080	    -43.15834692	     12.63192470	     40.67881338	     65.79100480	     10.02031314	     19.05274474	     73.56192699	     60.03456661	    -47.58807422	     14.58107138	    121.43176714
      9.01000000	      8.25586080	   -178.05632438	      0.00000000	      0.09998938	      1.18513837	     -0.16055435	    -43.30827021	     12.68054317	     40.76401038	     65.99498669	     10.07013343	     19.17215048	     73.43560048	     59.85321380	    -47.77366867	     14.55871846	    121.22825113
      9.02000000	      8.23716575	   -177.98043351	      0.00000000	      0.09999630	      1.18505023	     -0.16072673	    -43.32149159	     12.72496380	     40.78501208	     65.93381911	     10.02486810	     19.09868978	     73.51450763	     59.93227795	    -48.03197276	     14.54580290	    122.40136849
      9.03000000	      8.22584518	   -178.00783804	      0.00000000	      0.09989202	      1.18500073	     -0.16078039	    -43.26191469	     12.74856062	     40.43999774	     65.94531373	     10.33416766	     19.23410830	     73.50676959	     59.91888257	    -48.07151914	     14.47032140	    122.43225851
      9.04000000	      8.21232462	   -177.98053107	      0.00000000	      0.09983788	      1.18489166	     -0.16090286	    -43.25953118	     12.78451975	     40.79860581	     65.95578839	      9.99643978	     19.07852883	     73.51676092	     59.90064699	    -48.04349161	     14.38272195	    122.29051514
      9.05000000	      8.19684240	   -177.95694401	      0.00000000	      0.09980328	      1.18479918	     -0.16103711	    -43.22694444	     12.80523000	     43.04649204	     66.06899978	      7.91027514	     18.09758176	     73.51694113	     59.91140108	    -48.01917294	     14.30985679	    122.26226450
      9.06000000	      8.17269758	   -177.91377210	      0.00000000	      0.09979060	      1.18469625	     -0.16119654	    -43.21612279	     12.83119751	     44.31017698	     66.09527280	      6.72114775	     17.52273306	     73.51384372	     59.90296613	    -48.06727780	     14.25182737	    122.35513386
      9.07000000	      8.14272366	   -177.87408681	      0.00000000	      0.09978727	      1.18461973	     -0.16139253	    -43.16653719	     12.84311351	     44.39303369	     66.02748235	      6.56614939	     17.36925523	     73.51202867	     59.93768815	    -48.02500726	     14.17944481	    122.38658903
      9.08000000	      8.11417720	   -177.82416104	      0.00000000	      0.09977817	      1.18448215	     -0.16156522	    -43.16183558	     12.86938290	     45.86209914	     66.03768519	      5.17167775	     16.70619206	     73.47520092	     59.89899140	    -48.05601636	     14.14395154	    122.33221649
      9.09000000	      8.05860497	   -177.77110854	      0.00000000	      0.09976116	      1.18439759	     -0.16184415	    -43.09710901	     12.87434719	     47.53000990	     65.89143656	      3.53180602	     15.74481837	     73.64532918	     60.06789816	    -46.35417202	     13.39415797	    116.61567391
      9.10000000	      8.06195069	   -177.73373498	      0.00000000	      0.09972557	      1.18426907	     -0.16195708	    -43.10029839	     12.83226884	     47.48202120	     65.94692934	      3.50688063	     15.79711527	     73.39214781	     59.88453329	    -46.17996266	     13.52824288	    116.70768670
      9.11000000	      8.02360981	   -177.68593385	      0.00000000	      0.09971217	      1.18408837	     -0.16218092	    -43.07674447	     12.85363033	     47.37482812	     66.00500906	      3.49406559	     15.88197746	     73.09322968	     59.71108160	    -45.83342267	     13.48326710	    116.63375749
      9.12000000	      7.89927484	   -177.57045827	      0.00000000	      0.09989055	      1.18404979	     -0.16264997	    -42.97721094	     12.93428558	     47.24282307	     65.53031858	      3.49899225	     15.38625246	     73.58114452	     60.01102143	    -47.44853893	     13.61538403	    119.16075150
      9.13000000	      7.87573200	   -177.49759605	      0.00000000	      0.09988106	      1.18385442	     -0.16285529	    -43.05463828	     12.95538840	     47.14911820	     65.61415961	      3.52221495	     15.61404409	     73.25711007	     59.62508062	    -48.27607401	     13.99010320	    121.47913254
      9.14000000	      7.86278171	   -177.46659528	      0.00000000	      0.09983903	      1.18362580	     -0.16311931	    -42.97872379	     12.93364076	     46.97464319	     65.58193349	      3.50663131	     15.64093091	     72.99467472	     59.51350337	    -47.77126701	     13.90955633	    121.08770230
      9.15000000	      7.77362247	   -177.38041254	      0.00000000	      0.09986701	      1.18355409	     -0.16343030	    -42.93984544	     12.91318230	     46.82082621	     65.61797095	      3.43450904	     15.63827287	     72.65334544	     59.32881661	    -47.40247112	     13.92164096	    120.83362993
      9.16000000	      7.69591646	   -177.30629828	      0.00000000	      0.09988590	      1.18341074	     -0.16373326	    -42.90197628	     12.90707071	     46.65231509	     65.64276523	      3.36859499	     15.66172634	     72.29906476	     59.13405272	    -47.00433190	     13.93641293	    120.49912639
      9.17000000	      7.57073092	   -177.10821705	      0.00000000	      0.10017614	      1.18336072	     -0.16426705	    -42.88287890	     12.94833397	     46.33244917	     65.00599958	      3.57609857	     15.03620722	     73.00174801	     59.51460313	    -48.55420358	     13.98298555	    121.44341316
      9.18000000	      7.48758415	   -177.02542072	      0.00000000	      0.10021870	      1.18321816	     -0.16464984	    -42.82422560	     12.94247745	     46.15180356	     64.80979495	      3.55051938	     14.87830703	     72.96819202	     59.44990207	    -48.61240320	     13.97236369	    121.11686495
      9.19000000	      7.38772717	   -176.91581400	      0.00000000	      0.10027345	      1.18310494	     -0.16507117	    -42.78713027	     12.93239492	     46.01147851	     64.66433411	      3.46138320	     14.74272894	     72.85130122	     59.32505845	    -48.68596117	     13.98538547	    121.09484189
      9.20000000	      7.28636336	   -176.80196746	      0.00000000	      0.10035603	      1.18297912	     -0.16548667	    -42.74157480	     12.91857789	     45.85659308	     64.50701436	      3.37456799	     14.57003803	     72.72628313	     59.21617123	    -48.79491316	     14.04266548	    121.05158884
      9.21000000	      7.19217732	   -176.68096206	      0.00000000	      0.10045917	      1.18284530	     -0.16590432	    -42.69988712	     12.89497954	     45.68923296	     64.33564588	      3.29534924	     14.36082213	     72.61335066	     59.13168844	    -48.97335214	     14.12408640	    120.97421303
      9.22000000	      7.10837084	   -176.55250988	      0.00000000	      0.10054266	      1.18268256	     -0.16631520	    -42.69481648	     12.87703722	     45.51614244	     64.06229546	      3.28222409	     14.08042407	     72.71900657	     59.12114852	    -49.48536454	     14.13204754	    120.73526901
      9.23000000	      7.10392046	   -176.51271597	      0.00000000	      0.10042930	      1.18245360	     -0.16654158	    -42.67975987	     12.77506458	     45.40997055	     63.92413439	      3.20978071	     13.98311013	     72.63113066	     59.00042533	    -49.52752901	     14.10791507	    120.72208273
      9.24000000	      6.89520253	   -176.32900587	      0.00000000	      0.10067813	      1.18248339	     -0.16714916	    -42.59290441	     12.78394509	     45.16741860	     63.73152106	      3.08302240	     13.69864058	     72.45866603	     58.85879873	    -49.70832601	     14.26810746	    120.62870064
      9.25000000	      6.78190830	   -176.19112709	      0.00000000	      0.10079274	      1.18245413	     -0.16758311	    -42.55875687	     12.71511091	     44.97325058	     63.55803183	      2.99838667	     13.44543778	     72.35619365	     58.74618049	    -49.95565138	     14.36813768	    120.50819077
      9.26000000	      6.79305339	   -176.15053296	      0.00000000	      0.10064054	      1.18219570	     -0.16779633	    -42.55431301	     12.59078066	     44.85783780	     63.40925352	      2.92026466	     13.33989670	     72.27131679	     58.62391447	    -50.02963100	     14.34129390	    120.48182258
      9.27000000	      6.59950518	   -175.92636291	      0.00000000	      0.10095045	      1.18226754	     -0.16836530	    -42.56206873	     12.58206938	     44.62255609	     63.05287906	      2.94172414	     12.85959565	     72.50662231	     58.58343193	    -51.04567479	     14.51266281	    119.96769593
      9.28000000	      6.59401451	   -175.87960341	      0.00000000	      0.10078996	      1.18206051	     -0.16858635	    -42.55158380	     12.44548310	     44.48156423	     62.90596225	      2.83957433	     12.74647525	     72.41095749	     58.45084812	    -51.10501399	     14.48792663	    119.94746429
      9.29000000	      6.36437375	   -175.66987955	      0.00000000	      0.10107601	      1.18222408	     -0.16923809	    -42.46886949	     12.39296341	     44.21036169	     62.72410302	      2.71002036	     12.41128093	     72.23251459	     58.27582786	    -51.34420690	     14.66652059	    119.83053242
      9.30000000	      6.37594991	   -175.62745644	      0.00000000	      0.10089510	      1.18200774	     -0.16940582	    -42.47111969	     12.23520321	     44.06573029	     62.57930873	      2.61417027	     12.27950043	     72.14443375	     58.14662309	    -51.44532460	     14.67155438	    119.79142018
      9.31000000	      6.18621652	   -175.36283262	      0.00000000	      0.10129080	      1.18213873	     -0.16995465	    -42.52609517	     12.19580882	     43.82725800	     62.24063170	      2.66787923	     11.74691902	     72.40840378	     58.07350517	    -52.76353663	     14.91875014	    119.18322826
      9.32000000	      6.06584662	   -175.22488217	      0.00000000	      0.10136944	      1.18217396	     -0.17036984	    -42.48086731	     12.07016860	     43.59391395	     62.07377114	      2.55846441	     11.46642460	     72.27837391	     57.92632685	    -52.97367724	     15.04730880	    119.08477991
      9.33000000	      5.99332841	   -175.05717871	      0.00000000	      0.10151148	      1.18214059	     -0.17070594	    -42.49585157	     11.93658925	     43.37105673	     61.89889033	      2.49437546	     11.13904538	     72.20581830	     57.81190582	    -53.48899959	     15.24379916	    118.86014242
      9.34000000	      5.87392064	   -174.91429211	      0.00000000	      0.10154460	      1.18220713	     -0.17104247	    -42.55097340	     11.81655586	     43.18568733	     61.64255863	      2.48884544	     10.82485666	     72.43139277	     57.65288355	    -54.38613380	     15.31287156	    118.49427618
      9.35000000	      5.75687796	   -174.79404038	      0.00000000	      0.10160785	      1.18232728	     -0.17146610	    -42.49000449	     11.64115922	     42.96394303	     61.48870933	      2.39084625	     10.54674975	     72.32231575	     57.45095374	    -54.57642672	     15.43762912	    118.41455351
      9.36000000	      5.69297358	   -174.62240276	      0.00000000	      0.10172928	      1.18228177	     -0.17172399	    -42.57718127	     11.52107221	     42.77027729	     61.25686559	      2.40292076	     10.18847528	     72.48847058	     57.32731154	    -55.62690110	     15.63770695	    118.01367635
      9.37000000	      5.57069133	   -174.49716739	      0.00000000	      0.10180761	      1.18241088	     -0.17210865	    -42.51999737	     11.34821349	     42.52684469	     61.10858103	      2.29452975	      9.89052332	     72.37791413	     57.13911892	    -55.87907402	     15.79710617	    117.91444499
      9.38000000	      5.50659420	   -174.33504483	      0.00000000	      0.10196551	      1.18243528	     -0.17239508	    -42.54445533	     11.18298236	     42.29824864	     60.95681100	      2.23522634	      9.54979353	     72.31955755	     56.97894679	    -56.52026111	     16.03944141	    117.67436549
      9.39000000	      5.41297787	   -174.19168929	      0.00000000	      0.10202491	      1.18250984	     -0.17267483	    -42.62702367	     11.04124333	     42.13054852	     60.71288337	      2.26368996	      9.21752068	     72.62631230	     56.77374390	    -57.71326468	     16.18938968	    117.26835806
      9.40000000	      5.29125640	   -174.06601483	      0.00000000	      0.10215431	      1.18266057	     -0.17305096	    -42.55944548	     10.85906820	     41.86311393	     60.56304857	      2.15850364	      8.87320393	     72.51716179	     56.59413281	    -58.05267935	     16.41857153	    117.14203278
      9.41000000	      5.18894147	   -173.92133584	      0.00000000	      0.10228207	      1.18281474	     -0.17336617	    -42.54658860	     10.67605622	     41.62611502	     60.44110967	      2.08310072	      8.54222382	     72.46636861	     56.38176115	    -58.60170867	     16.64705180	    116.94497756
      9.42000000	      5.14138262	   -173.79485914	      0.00000000	      0.10237426	      1.18282157	     -0.17355702	    -42.65391861	     10.53519176	     41.47566379	     60.18071797	      2.13724872	      8.20945164	     72.85639453	     56.16647069	    -60.01639424	     16.83973462	    116.48445014
      9.43000000	      5.05243938	   -173.67407366	      0.00000000	      0.10249648	      1.18295022	     -0.17385240	    -42.63646507	     10.34973135	     41.22495822	     59.96490180	      2.12567698	      7.81049267	     73.01369525	     56.02628884	    -60.83792684	     17.04847962	    116.23769208
      9.44000000	      4.96615288	   -173.55371003	      0.00000000	      0.10260948	      1.18308889	     -0.17412512	    -42.60484972	     10.14738400	     40.96908813	     59.86409787	      2.02584154	      7.49424557	     72.91637991	     55.80955754	    -61.27291463	     17.29620441	    116.07951486
      9.45000000	      4.82196479	   -173.43571212	      0.00000000	      0.10278717	      1.18334851	     -0.17446843	    -42.55647682	      9.94877587	     40.72026510	     59.76872172	      1.93581038	      7.16808646	     72.85424581	     55.52868703	    -61.73538984	     17.54305620	    115.90566866
      9.46000000	      4.82510442	   -173.30787905	      0.00000000	      0.10289362	      1.18331449	     -0.17461957	    -42.68443277	      9.80927094	     40.59517350	     59.55703776	      1.99057408	      6.89465603	     73.23960671	     55.23592090	    -63.23463996	     17.79370215	    115.36071247
      9.47000000	      4.75727804	   -173.17957101	      0.00000000	      0.10311817	      1.18339946	     -0.17494372	    -42.60731022	      9.61331437	     40.31636959	     59.42794710	      1.89803387	      6.52376487	     73.12785707	     55.06376919	    -63.67696871	     18.08566653	    115.17891595
      9.48000000	      4.65119468	   -173.08084287	      0.00000000	      0.10316770	      1.18364419	     -0.17510302	    -42.66833723	      9.43318622	     40.11679626	     59.28862172	      1.88238963	      6.22021389	     73.40067340	     54.76669977	    -64.72284162	     18.32050580	    114.73532168
      9.49000000	      4.57890710	   -172.98624558	      0.00000000	      0.10329549	      1.18377849	     -0.17535376	    -42.63927296	      9.24340095	     39.86778003	     59.11301331	      1.85932551	      5.85751208	     73.56231002	     54.57053745	    -65.48615054	     18.55288368	    114.31975530
      9.50000000	      4.49873071	   -172.88004861	      0.00000000	      0.10345217	      1.18395356	     -0.17558045	    -42.61563601	      9.03675763	     39.61969648	     59.04983355	      1.76696692	      5.55908739	     73.50628732	     54.30275399	    -65.98191293	     18.82226129	    114.06871511
      9.51000000	      4.39761955	   -172.79974250	      0.00000000	      0.10358261	      1.18415006	     -0.17582477	    -42.55427366	      8.83674364	     39.36733452	     58.97166974	      1.65441231	      5.26988315	     73.44751384	     54.02556438	    -66.36631865	     19.07038800	    113.87932182
      9.52000000	      4.38709070	   -172.70777345	      0.00000000	      0.10369002	      1.18418469	     -0.17597060	    -42.60257125	      8.68394563	     39.18547152	     58.77965605	      1.67020675	      4.98685389	     73.79345954	     53.75638142	    -67.50648620	     19.31673772	    113.01269712
      9.53000000	      4.30340353	   -172.63456020	      0.00000000	      0.10380400	      1.18439329	     -0.17624773	    -42.53361937	      8.45203349	     38.94149584	     58.72001493	      1.55673333	      4.71224494	     73.71020799	     53.49491713	    -67.70591710	     19.46760026	    112.89573547
      9.54000000	      4.27153899	   -172.51822125	      0.00000000	      0.10398290	      1.18443623	     -0.17637670	    -42.57977748	      8.31407750	     38.73955168	     58.64620320	      1.50324804	      4.48425392	     73.81441676	     53.14432798	    -68.62105518	     19.83272818	    112.03699504
      9.55000000	      4.19588759	   -172.46268139	      0.00000000	      0.10408654	      1.18464236	     -0.17662865	    -42.50205511	      8.08193358	     38.49730964	     58.58365961	      1.38659483	      4.21893541	     73.74212034	     52.89402045	    -68.79859048	     19.96983888	    111.90455138
      9.56000000	      4.14989818	   -172.36357310	      0.00000000	      0.10425654	      1.18473851	     -0.17678947	    -42.50827062	      7.92693085	     38.23389893	     58.45029450	      1.38487340	      3.90200588	     73.94691429	     52.67904427	    -69.33421534	     20.14886975	    109.76580998
      9.57000000	      4.10377549	   -172.28377258	      0.00000000	      0.10442172	      1.18485364	     -0.17700708	    -42.44478408	      7.73157763	     37.98914091	     58.40956172	      1.25221127	      3.67404729	     73.81357529	     52.39313282	    -69.61724592	     20.41763676	    109.52118072
      9.58000000	      4.05553283	   -172.20918400	      0.00000000	      0.10454265	      1.18499408	     -0.17716434	    -42.44483422	      7.55358773	     37.79399848	     58.41337568	      1.14322051	      3.52363523	     73.75800410	     52.00949387	    -70.03994187	     20.66544750	    108.94872594
      9.59000000	      4.02057160	   -172.16331327	      0.00000000	      0.10464326	      1.18507929	     -0.17732377	    -42.39341835	      7.36975559	     37.50355970	     58.33124007	      1.10947067	      3.31660879	     73.80222298	     51.77270875	    -70.00881207	     20.71627255	    106.53435564
      9.60000000	      3.96951294	   -172.09031744	      0.00000000	      0.10480002	      1.18522556	     -0.17755333	    -42.32499749	      7.17889616	     37.26641060	     58.28445297	      0.97796459	      3.09416187	     73.68898039	     51.51969352	    -70.24765601	     20.92273874	    106.39071442
      9.61000000	      3.96438558	   -172.01327710	      0.00000000	      0.10491309	      1.18521990	     -0.17768745	    -42.35828510	      7.04314863	     37.10487914	     58.31104799	      0.85226271	      3.07591026	     73.59602939	     51.06982500	    -70.61121800	     21.13595959	    105.46926166
      9.62000000	      3.93322437	   -171.97725703	      0.00000000	      0.10500686	      1.18538859	     -0.17779455	    -42.29946336	      6.83066171	     36.83828217	     58.27097300	      0.82529617	      2.82846018	     73.60903944	     50.88321255	    -70.55345301	     21.22303108	    103.72971560
      9.63000000	      3.87994416	   -171.91830762	      0.00000000	      0.10513556	      1.18550135	     -0.17803971	    -42.20997354	      6.66035385	     36.59622351	     58.21672120	      0.66799016	      2.63749322	     73.47680912	     50.66791664	    -70.73593765	     21.36952854	    103.59241055
      9.64000000	      3.87258645	   -171.88075905	      0.00000000	      0.10520169	      1.18555918	     -0.17810966	    -42.20250680	      6.50106031	     36.40755730	     58.28137841	      0.56817742	      2.59925690	     73.35374937	     50.29473220	    -70.80145898	     21.50748158	    102.12153246
      9.65000000	      3.83904334	   -171.81492034	      0.00000000	      0.10535406	      1.18564506	     -0.17835552	    -42.12463407	      6.33785599	     36.18764009	     58.21674923	      0.43404371	      2.41357143	     73.24155437	     50.09829059	    -70.94399222	     21.64003859	    101.96165058
      9.66000000	      3.83136311	   -171.77130334	      0.00000000	      0.10542750	      1.18568837	     -0.17844567	    -42.11325576	      6.18953637	     35.98344432	     58.23940172	      0.35737681	      2.34981713	     73.17939725	     49.80028319	    -70.91273661	     21.71284290	    100.04359958
      9.67000000	      3.80251071	   -171.72451816	      0.00000000	      0.10554064	      1.18576940	     -0.17866974	    -42.03818422	      6.03739654	     35.78669970	     58.19496807	      0.23022676	      2.19658311	     73.07679374	     49.61482538	    -71.03594762	     21.79373336	     99.92183178
      9.68000000	      3.83581231	   -171.71248892	      0.00000000	      0.10548931	      1.18571734	     -0.17870618	    -42.02957852	      5.86871734	     35.63093033	     58.14917760	      0.10079148	      2.11389260	     73.04577451	     49.47614895	    -71.09662793	     21.78171845	     99.87860211
      9.69000000	      3.72661593	   -171.64784889	      0.00000000	      0.10571844	      1.18596404	     -0.17905967	    -41.89968909	      5.74184367	     35.40958704	     58.15720238	     -0.03888870	      1.93389394	     72.84806320	     49.23309982	    -71.25925580	     21.96287604	     99.60793473
      9.70000000	      3.78654271	   -171.62846946	      0.00000000	      0.10569061	      1.18585967	     -0.17910399	    -41.89291016	      5.59600258	     35.28149538	     58.11383665	     -0.15204691	      1.87749396	     72.80910153	     49.10475390	    -71.30504065	     21.93944801	     99.54226822
      9.71000000	      3.75909633	   -171.56333526	      0.00000000	      0.10585809	      1.18590137	     -0.17929021	    -41.88507295	      5.53376579	     35.12899473	     58.20661179	     -0.20413497	      1.90660023	     72.71266072	     48.72277353	    -71.06591697	     21.95965255	     96.03414602
      9.72000000	      3.75979680	   -171.53431732	      0.00000000	      0.10590483	      1.18591905	     -0.17947708	    -41.84008337	      5.40249475	     34.99034718	     58.16965054	     -0.31124451	      1.82276771	     72.65801475	     48.59380428	    -71.13034111	     21.93281279	     95.99646571
      9.73000000	      3.74270649	   -171.50994961	      0.00000000	      0.10597679	      1.18593080	     -0.17964022	    -41.78108353	      5.32236297	     34.12478480	     58.19170966	      0.20268085	      2.17744035	     72.56846403	     48.37001335	    -71.06706161	     21.96332697	     94.40429769
      9.74000000	      3.74086647	   -171.46530287	      0.00000000	      0.10606328	      1.18594974	     -0.17978834	    -41.75614817	      5.21834403	     33.52574418	     58.22152540	      0.49738462	      2.37558395	     72.44481144	     48.21844618	    -71.06244359	     21.95836321	     93.99483581
      9.75000000	      3.72490372	   -171.42950354	      0.00000000	      0.10612532	      1.18595777	     -0.18000091	    -41.70916141	      5.13948963	     33.01310698	     58.21919942	      0.72104276	      2.54121433	     72.34923288	     48.07650903	    -71.06464053	     21.93997922	     93.55658595
      9.76000000	      3.71915977	   -171.40448671	      0.00000000	      0.10616701	      1.18595305	     -0.18017628	    -41.67467662	      5.06679377	     32.78145600	     58.26063279	      0.71977503	      2.65328031	     72.20464518	     47.85643607	    -71.05998140	     21.94615754	     93.28236277
      9.77000000	      3.71559098	   -171.38638291	      0.00000000	      0.10621700	      1.18596003	     -0.18034445	    -41.61250250	      4.97801711	     32.55690677	     58.23854995	      0.73618801	      2.59856346	     72.17884498	     47.83494334	    -71.07928513	     21.90708977	     92.86177526
      9.78000000	      3.70519310	   -171.33703178	      0.00000000	      0.10625936	      1.18595519	     -0.18054587	    -41.59748515	      4.91906339	     32.38412283	     58.26692883	      0.69729339	      2.63753892	     72.07356424	     47.71336923	    -71.05289497	     21.84836126	     92.46695581
      9.79000000	      3.69785034	   -171.30697110	      0.00000000	      0.10630500	      1.18594353	     -0.18075044	    -41.55953522	      4.87347766	     32.21662089	     58.26557531	      0.66628010	      2.66969417	     72.00633472	     47.61244877	    -71.04268742	     21.80012313	     92.07231630
      9.80000000	      3.68935918	   -171.27102812	      0.00000000	      0.10634073	      1.18592198	     -0.18093663	    -41.53773612	      4.82992391	     32.01100891	     58.28450194	      0.67513104	      2.72391637	     71.93434241	     47.53462494	    -71.02817416	     21.73985897	     91.68862919
      9.81000000	      3.69089262	   -171.24492257	      0.00000000	      0.10637072	      1.18589585	     -0.18108774	    -41.52796845	      4.79458319	     31.85453676	     58.36885417	      0.67187373	      2.87147344	     71.77711979	     47.33019199	    -70.97955729	     21.75927695	     91.32993455
      9.82000000	      3.72249417	   -171.18797007	      0.00000000	      0.10638155	      1.18583863	     -0.18118924	    -41.59160879	      4.76905410	     31.76244659	     58.61232916	      0.60404191	      3.19129141	     71.40092828	     46.95997579	    -70.87032445	     21.82852037	     90.95775594
      9.83000000	      3.69338140	   -171.17341638	      0.00000000	      0.10640717	      1.18582735	     -0.18146634	    -41.49438998	      4.72677257	     31.52206895	     58.36755325	      0.68491385	      2.93800968	     71.72551546	     47.27596744	    -70.95299486	     21.61032125	     90.62160163
      9.84000000	      3.69135135	   -171.13384918	      0.00000000	      0.10643717	      1.18580202	     -0.18161214	    -41.51300803	      4.71323345	     31.37717686	     58.48433138	      0.68718104	      3.12108424	     71.55618475	     47.08327670	    -70.89137394	     21.60965056	     90.16986528
      9.85000000	      3.66749528	   -171.10746034	      0.00000000	      0.10645601	      1.18581490	     -0.18186807	    -41.44113735	      4.66751937	     31.19223048	     58.33606618	      0.71889125	      2.94510360	     71.73444568	     47.30340845	    -70.92487817	     21.45244490	     89.78518908
      9.86000000	      3.67557919	   -171.08408744	      0.00000000	      0.10645940	      1.18578351	     -0.18202256	    -41.43132694	      4.64499195	     31.15203612	     58.36585279	      0.65641490	      2.95826092	     71.71328583	     47.27553918	    -70.90530450	     21.39333356	     89.38548322
      9.87000000	      3.66751716	   -171.03396813	      0.00000000	      0.10649026	      1.18575860	     -0.18221122	    -41.43690216	      4.63424980	     31.00118165	     58.37942875	      0.67130263	      3.01935188	     71.68416909	     47.24998237	    -70.87764416	     21.34784469	     89.01632584
      9.88000000	      3.67553079	   -171.00971850	      0.00000000	      0.10648605	      1.18572723	     -0.18237242	    -41.42214782	      4.61560255	     30.83361415	     58.39630021	      0.71967291	      3.08893030	     71.67358028	     47.24208664	    -70.86484920	     21.30966093	     88.58895646
      9.89000000	      3.69865927	   -170.93779769	      0.00000000	      0.10652831	      1.18562658	     -0.18244966	    -41.52652203	      4.65738556	     30.72890221	     58.69146011	      0.70764202	      3.55834186	     71.25899046	     46.78018094	    -70.74231899	     21.45465653	     88.08528975
      9.90000000	      3.67568744	   -170.92309407	      0.00000000	      0.10652143	      1.18569759	     -0.18270248	    -41.42981898	      4.58347089	     30.39719282	     58.43592797	      0.90256778	      3.28497777	     71.65454135	     47.22834812	    -70.86073697	     21.24385371	     87.84254128
      9.91000000	      3.69972284	   -170.86847154	      0.00000000	      0.10657226	      1.18560527	     -0.18277970	    -41.50737463	      4.61593122	     30.34976165	     58.74759589	      0.84519912	      3.71258479	     71.21899589	     46.78780703	    -70.74844604	     21.38616344	     87.36038274
      9.92000000	      3.65563815	   -170.85037962	      0.00000000	      0.10656720	      1.18567667	     -0.18306709	    -41.41448000	      4.57107538	     30.03140024	     58.47034036	      1.02061098	      3.46469133	     71.65174443	     47.20479410	    -70.89102489	     21.17944179	     87.05795578
      9.93000000	      3.68108382	   -170.80833543	      0.00000000	      0.10657378	      1.18559867	     -0.18314313	    -41.46165798	      4.57467965	     29.91622751	     58.62790678	      1.03290018	      3.73027327	     71.47516507	     46.98848965	    -70.85979856	     21.25650859	     86.53885916
      9.94000000	      3.66700799	   -170.78360294	      0.00000000	      0.10659107	      1.18564765	     -0.18333566	    -41.40694860	      4.52192681	     29.71534952	     58.51030535	      1.11878518	      3.59310715	     71.69187719	     47.22446583	    -70.94466611	     21.14938521	     86.20007903
      9.95000000	      3.67394134	   -170.74945678	      0.00000000	      0.10662420	      1.18563639	     -0.18347022	    -41.40508896	      4.50409892	     29.56884558	     58.53184798	      1.16853028	      3.67547056	     71.72091943	     47.20211879	    -70.98241228	     21.15347257	     85.68981101
      9.96000000	      3.71390040	   -170.71089361	      0.00000000	      0.10671272	      1.18561021	     -0.18343392	    -41.45650071	      4.47422155	     29.54026176	     59.01788261	      1.05446586	      4.11083689	     71.04374676	     46.73408076	    -70.81869594	     21.36917541	     85.18319356
      9.97000000	      3.68095766	   -170.68516000	      0.00000000	      0.10669048	      1.18568220	     -0.18370016	    -41.39237665	      4.41146409	     29.29290750	     58.61735964	      1.24578871	      3.77196025	     71.76343198	     47.20145621	    -71.05119199	     21.15130768	     84.82106430
      9.98000000	      3.66301900	   -170.64110589	      0.00000000	      0.10671489	      1.18565390	     -0.18388442	    -41.37248490	      4.40374154	     29.14640238	     58.60464069	      1.22742674	      3.83678806	     71.80900516	     47.20323431	    -71.12943327	     21.13613028	     84.21345506
      9.99000000	      3.66049566	   -170.60668859	      0.00000000	      0.10676514	      1.18567144	     -0.18401300	    -41.35268857	      4.36030248	     29.01757701	     58.63206724	      1.23567712	      3.88038328	     71.84811046	     47.19125024	    -71.18589797	     21.14946439	     83.61301391
     10.00000000	      3.66833342	   -170.56997331	      0.00000000	      0.10681543	      1.18569104	     -0.18412014	    -41.33910250	      4.30132316	     28.88252280	     58.63906419	      1.25948746	      3.90437299	     71.93279962	     47.20301357	    -71.22693001	     21.15584833	     82.96801600
     10.01000000	      3.67664288	   -170.52641664	      0.00000000	      0.10687323	      1.18565365	     -0.18415406	    -41.38787278	      4.29956772	     28.83034743	     58.95147075	      1.18258417	      4.31081967	     71.58459327	     46.74856803	    -71.23880858	     21.34107622	     82.35044321
     10.02000000	      3.61168557	   -170.49380772	      0.00000000	      0.10695043	      1.18582311	     -0.18442794	    -41.27588300	      4.19786153	     28.60497306	     58.72768954	      1.24273703	      4.02525781	     71.98445161	     47.07962981	    -71.36301283	     21.19804094	     81.71885301
     10.03000000	      3.65244642	   -170.46807992	      0.00000000	      0.10699507	      1.18574475	     -0.18447667	    -41.26059771	      4.13815165	     27.97689429	     58.75039936	      1.68183705	      4.36373947	     72.06842957	     47.05549971	    -71.42925387	     21.20606218	     80.79152879
     10.04000000	      3.64774535	   -170.41901586	      0.00000000	      0.10707419	      1.18577750	     -0.18456993	    -41.24689716	      4.06409028	     27.92830585	     58.86135345	      1.57917666	      4.41976441	     72.01677600	     46.95392048	    -71.48954107	     21.26019886	     80.27706044
