simulation
nRows=4275
nColumns=15
endheader
time  TH_x TH_y TH_z SC_y  SC_z  SC_x  AC_y  AC_z  AC_x  GH_y  GH_z  GH_yy  EL_x  PS_y
0.000000  0.000000  0.000000  0.000000  -26.987189  16.419017  -10.000000  35.780950  18.949052  19.357634  114.884547  7.493467  -128.689349  16.467929  112.243288
0.000234  0.000000  0.000000  0.000000  -26.987189  16.419017  -7.500000  36.445564  17.475424  17.231534  114.884547  7.493467  -128.689349  16.467929  112.243288
0.000468  0.000000  0.000000  0.000000  -26.987189  16.419017  -5.000000  37.047705  15.979549  15.139850  114.884547  7.493467  -128.689349  16.467929  112.243288
0.000702  0.000000  0.000000  0.000000  -26.987189  16.419017  -2.500000  37.588784  14.463784  13.079420  114.884547  7.493467  -128.689349  16.467929  112.243288
0.000936  0.000000  0.000000  0.000000  -26.987189  16.419017  0.000000  38.070109  12.930327  11.047071  114.884547  7.493467  -128.689349  16.467929  112.243288
0.001170  0.000000  0.000000  0.000000  -26.987189  16.419017  2.500000  38.492892  11.381349  9.039674  114.884547  7.493467  -128.689349  16.467929  112.243288
0.001404  0.000000  0.000000  0.000000  -26.987189  16.419017  5.000000  38.858212  9.818917  7.054106  114.884547  7.493467  -128.689349  16.467929  112.243288
0.001638  0.000000  0.000000  0.000000  -26.987189  16.419017  7.500000  39.167023  8.245024  5.087259  114.884547  7.493467  -128.689349  16.467929  112.243288
0.001872  0.000000  0.000000  0.000000  -26.987189  16.419017  10.000000  39.420193  6.661642  3.136058  114.884547  7.493467  -128.689349  16.467929  112.243288
0.002106  0.000000  0.000000  0.000000  -26.987189  16.419017  12.500000  39.618366  5.070644  1.197440  114.884547  7.493467  -128.689349  16.467929  112.243288
0.002340  0.000000  0.000000  0.000000  -26.987189  16.419017  15.000000  39.762099  3.473900  -0.731633  114.884547  7.493467  -128.689349  16.467929  112.243288
0.002574  0.000000  0.000000  0.000000  -26.987189  16.419017  17.500000  39.851797  1.873244  -2.654174  114.884547  7.493467  -128.689349  16.467929  112.243288
0.002808  0.000000  0.000000  0.000000  -26.987189  16.419017  20.000000  39.887702  0.270483  -4.573207  114.884547  7.493467  -128.689349  16.467929  112.243288
0.003042  0.000000  0.000000  0.000000  -26.987189  16.419017  22.500000  39.869917  -1.332580  -6.491733  114.884547  7.493467  -128.689349  16.467929  112.243288
0.003276  0.000000  0.000000  0.000000  -26.987189  16.419017  25.000000  39.798392  -2.934150  -8.412756  114.884547  7.493467  -128.689349  16.467929  112.243288
0.003510  0.000000  0.000000  0.000000  -26.987189  16.419017  27.500000  39.672929  -4.532415  -10.339286  114.884547  7.493467  -128.689349  16.467929  112.243288
0.003744  0.000000  0.000000  0.000000  -26.987189  16.419017  30.000000  39.493182  -6.125548  -12.274341  114.884547  7.493467  -128.689349  16.467929  112.243288
0.003978  0.000000  0.000000  0.000000  -26.987189  16.419017  32.500000  39.258643  -7.711727  -14.220959  114.884547  7.493467  -128.689349  16.467929  112.243288
0.004212  0.000000  0.000000  0.000000  -26.987189  16.419017  35.000000  38.968687  -9.289035  -16.182184  114.884547  7.493467  -128.689349  16.467929  112.243288
0.004445  0.000000  0.000000  0.000000  -26.987189  16.419017  37.500000  38.622529  -10.855554  -18.161090  114.884547  7.493467  -128.689349  16.467929  112.243288
0.004679  0.000000  0.000000  0.000000  -26.987189  16.419017  40.000000  38.219254  -12.409300  -20.160771  114.884547  7.493467  -128.689349  16.467929  112.243288
0.004913  0.000000  0.000000  0.000000  -26.987189  16.419017  42.500000  37.757816  -13.948229  -22.184341  114.884547  7.493467  -128.689349  16.467929  112.243288
0.005147  0.000000  0.000000  0.000000  -26.987189  16.419017  45.000000  37.237045  -15.470214  -24.234944  114.884547  7.493467  -128.689349  16.467929  112.243288
0.005381  0.000000  0.000000  0.000000  -26.987189  16.419017  47.500000  36.655655  -16.973046  -26.315738  114.884547  7.493467  -128.689349  16.467929  112.243288
0.005615  0.000000  0.000000  0.000000  -26.987189  16.419017  50.000000  36.012282  -18.454446  -28.429874  114.884547  7.493467  -128.689349  16.467929  112.243288
0.005849  0.000000  0.000000  0.000000  -26.042024  14.330736  -10.000000  39.119097  12.345774  15.294223  97.500698  3.776279  -81.636807  25.779946  124.495590
0.006083  0.000000  0.000000  0.000000  -26.042024  14.330736  -7.500000  39.514550  10.761591  13.320143  97.500698  3.776279  -81.636807  25.779946  124.495590
0.006317  0.000000  0.000000  0.000000  -26.042024  14.330736  -5.000000  39.852576  9.165070  11.366790  97.500698  3.776279  -81.636807  25.779946  124.495590
0.006551  0.000000  0.000000  0.000000  -26.042024  14.330736  -2.500000  40.134135  7.558169  9.430977  97.500698  3.776279  -81.636807  25.779946  124.495590
0.006785  0.000000  0.000000  0.000000  -26.042024  14.330736  0.000000  40.360023  5.942798  7.509556  97.500698  3.776279  -81.636807  25.779946  124.495590
0.007019  0.000000  0.000000  0.000000  -26.042024  14.330736  2.500000  40.530924  4.320841  5.599403  97.500698  3.776279  -81.636807  25.779946  124.495590
0.007253  0.000000  0.000000  0.000000  -26.042024  14.330736  5.000000  40.647309  2.694118  3.697416  97.500698  3.776279  -81.636807  25.779946  124.495590
0.007487  0.000000  0.000000  0.000000  -26.042024  14.330736  7.500000  40.709527  1.064437  1.800510  97.500698  3.776279  -81.636807  25.779946  124.495590
0.007721  0.000000  0.000000  0.000000  -26.042024  14.330736  10.000000  40.717763  -0.566406  -0.094384  97.500698  3.776279  -81.636807  25.779946  124.495590
0.007955  0.000000  0.000000  0.000000  -26.042024  14.330736  12.500000  40.672037  -2.196626  -1.990367  97.500698  3.776279  -81.636807  25.779946  124.495590
0.008189  0.000000  0.000000  0.000000  -26.042024  14.330736  15.000000  40.572232  -3.824453  -3.890468  97.500698  3.776279  -81.636807  25.779946  124.495590
0.008423  0.000000  0.000000  0.000000  -26.042024  14.330736  17.500000  40.418034  -5.448061  -5.797799  97.500698  3.776279  -81.636807  25.779946  124.495590
0.008657  0.000000  0.000000  0.000000  -26.042024  14.330736  20.000000  40.209001  -7.065638  -7.715451  97.500698  3.776279  -81.636807  25.779946  124.495590
0.008891  0.000000  0.000000  0.000000  -26.042024  14.330736  22.500000  39.944529  -8.675330  -9.646532  97.500698  3.776279  -81.636807  25.779946  124.495590
0.009125  0.000000  0.000000  0.000000  -26.042024  14.330736  25.000000  39.623824  -10.275224  -11.594197  97.500698  3.776279  -81.636807  25.779946  124.495590
0.009359  0.000000  0.000000  0.000000  -26.042024  14.330736  27.500000  39.246023  -11.863386  -13.561611  97.500698  3.776279  -81.636807  25.779946  124.495590
0.009593  0.000000  0.000000  0.000000  -26.042024  14.330736  30.000000  38.810033  -13.437802  -15.551972  97.500698  3.776279  -81.636807  25.779946  124.495590
0.009827  0.000000  0.000000  0.000000  -26.042024  14.330736  32.500000  38.314690  -14.996370  -17.568507  97.500698  3.776279  -81.636807  25.779946  124.495590
0.010061  0.000000  0.000000  0.000000  -26.042024  14.330736  35.000000  37.758654  -16.536966  -19.614464  97.500698  3.776279  -81.636807  25.779946  124.495590
0.010295  0.000000  0.000000  0.000000  -26.042024  14.330736  37.500000  37.140489  -18.057297  -21.693146  97.500698  3.776279  -81.636807  25.779946  124.495590
0.010529  0.000000  0.000000  0.000000  -26.042024  14.330736  40.000000  36.458652  -19.555018  -23.807835  97.500698  3.776279  -81.636807  25.779946  124.495590
0.010763  0.000000  0.000000  0.000000  -26.042024  14.330736  42.500000  35.711514  -21.027665  -25.961830  97.500698  3.776279  -81.636807  25.779946  124.495590
0.010997  0.000000  0.000000  0.000000  -26.042024  14.330736  45.000000  34.897412  -22.472661  -28.158396  97.500698  3.776279  -81.636807  25.779946  124.495590
0.011231  0.000000  0.000000  0.000000  -26.042024  14.330736  47.500000  34.014598  -23.887288  -30.400788  97.500698  3.776279  -81.636807  25.779946  124.495590
0.011465  0.000000  0.000000  0.000000  -26.042024  14.330736  50.000000  33.061363  -25.268712  -32.692167  97.500698  3.776279  -81.636807  25.779946  124.495590
0.011699  0.000000  0.000000  0.000000  -14.292258  7.579908  -10.000000  38.536908  22.693518  12.236199  69.280584  15.753032  -80.894662  25.577720  124.816054
0.011933  0.000000  0.000000  0.000000  -14.292258  7.579908  -7.500000  39.319179  21.122467  10.140029  69.280584  15.753032  -80.894662  25.577720  124.816054
0.012167  0.000000  0.000000  0.000000  -14.292258  7.579908  -5.000000  40.032002  19.526196  8.088148  69.280584  15.753032  -80.894662  25.577720  124.816054
0.012401  0.000000  0.000000  0.000000  -14.292258  7.579908  -2.500000  40.677571  17.907207  6.076717  69.280584  15.753032  -80.894662  25.577720  124.816054
0.012635  0.000000  0.000000  0.000000  -14.292258  7.579908  0.000000  41.257953  16.267969  4.101900  69.280584  15.753032  -80.894662  25.577720  124.816054
0.012869  0.000000  0.000000  0.000000  -14.292258  7.579908  2.500000  41.775030  14.610709  2.159966  69.280584  15.753032  -80.894662  25.577720  124.816054
0.013102  0.000000  0.000000  0.000000  -14.292258  7.579908  5.000000  42.230531  12.937629  0.247238  69.280584  15.753032  -80.894662  25.577720  124.816054
0.013336  0.000000  0.000000  0.000000  -14.292258  7.579908  7.500000  42.626000  11.250805  -1.639891  69.280584  15.753032  -80.894662  25.577720  124.816054
0.013570  0.000000  0.000000  0.000000  -14.292258  7.579908  10.000000  42.962796  9.552230  -3.504966  69.280584  15.753032  -80.894662  25.577720  124.816054
0.013804  0.000000  0.000000  0.000000  -14.292258  7.579908  12.500000  43.242090  7.843816  -5.351469  69.280584  15.753032  -80.894662  25.577720  124.816054
0.014038  0.000000  0.000000  0.000000  -14.292258  7.579908  15.000000  43.464864  6.127427  -7.182828  69.280584  15.753032  -80.894662  25.577720  124.816054
0.014272  0.000000  0.000000  0.000000  -14.292258  7.579908  17.500000  43.631896  4.404864  -9.002429  69.280584  15.753032  -80.894662  25.577720  124.816054
0.014506  0.000000  0.000000  0.000000  -14.292258  7.579908  20.000000  43.743801  2.677898  -10.813598  69.280584  15.753032  -80.894662  25.577720  124.816054
0.014740  0.000000  0.000000  0.000000  -14.292258  7.579908  22.500000  43.800955  0.948266  -12.619668  69.280584  15.753032  -80.894662  25.577720  124.816054
0.014974  0.000000  0.000000  0.000000  -14.292258  7.579908  25.000000  43.803568  -0.782309  -14.423935  69.280584  15.753032  -80.894662  25.577720  124.816054
0.015208  0.000000  0.000000  0.000000  -14.292258  7.579908  27.500000  43.751648  -2.512102  -16.229688  69.280584  15.753032  -80.894662  25.577720  124.816054
0.015442  0.000000  0.000000  0.000000  -14.292258  7.579908  30.000000  43.645015  -4.239399  -18.040229  69.280584  15.753032  -80.894662  25.577720  124.816054
0.015676  0.000000  0.000000  0.000000  -14.292258  7.579908  32.500000  43.483292  -5.962459  -19.858873  69.280584  15.753032  -80.894662  25.577720  124.816054
0.015910  0.000000  0.000000  0.000000  -14.292258  7.579908  35.000000  43.265893  -7.679519  -21.688957  69.280584  15.753032  -80.894662  25.577720  124.816054
0.016144  0.000000  0.000000  0.000000  -14.292258  7.579908  37.500000  42.992058  -9.388776  -23.533860  69.280584  15.753032  -80.894662  25.577720  124.816054
0.016378  0.000000  0.000000  0.000000  -14.292258  7.579908  40.000000  42.660825  -11.088379  -25.397003  69.280584  15.753032  -80.894662  25.577720  124.816054
0.016612  0.000000  0.000000  0.000000  -14.292258  7.579908  42.500000  42.271044  -12.776418  -27.281861  69.280584  15.753032  -80.894662  25.577720  124.816054
0.016846  0.000000  0.000000  0.000000  -14.292258  7.579908  45.000000  41.821369  -14.450905  -29.191973  69.280584  15.753032  -80.894662  25.577720  124.816054
0.017080  0.000000  0.000000  0.000000  -14.292258  7.579908  47.500000  41.310261  -16.109763  -31.130956  69.280584  15.753032  -80.894662  25.577720  124.816054
0.017314  0.000000  0.000000  0.000000  -14.292258  7.579908  50.000000  40.736030  -17.750835  -33.102455  69.280584  15.753032  -80.894662  25.577720  124.816054
0.017548  0.000000  0.000000  0.000000  -25.244303  12.679520  -10.000000  35.801293  8.271605  7.569365  109.724378  1.346096  -63.217274  12.466305  121.479102
0.017782  0.000000  0.000000  0.000000  -25.244303  12.679520  -7.500000  36.069190  6.804273  5.527573  109.724378  1.346096  -63.217274  12.466305  121.479102
0.018016  0.000000  0.000000  0.000000  -25.244303  12.679520  -5.000000  36.283684  5.328429  3.498258  109.724378  1.346096  -63.217274  12.466305  121.479102
0.018250  0.000000  0.000000  0.000000  -25.244303  12.679520  -2.500000  36.445236  3.845980  1.478689  109.724378  1.346096  -63.217274  12.466305  121.479102
0.018484  0.000000  0.000000  0.000000  -25.244303  12.679520  0.000000  36.554175  2.358778  -0.533851  109.724378  1.346096  -63.217274  12.466305  121.479102
0.018718  0.000000  0.000000  0.000000  -25.244303  12.679520  2.500000  36.610741  0.868680  -2.542094  109.724378  1.346096  -63.217274  12.466305  121.479102
0.018952  0.000000  0.000000  0.000000  -25.244303  12.679520  5.000000  36.615055  -0.622484  -4.548751  109.724378  1.346096  -63.217274  12.466305  121.479102
0.019186  0.000000  0.000000  0.000000  -25.244303  12.679520  7.500000  36.567122  -2.112888  -6.556541  109.724378  1.346096  -63.217274  12.466305  121.479102
0.019420  0.000000  0.000000  0.000000  -25.244303  12.679520  10.000000  36.466843  -3.600693  -8.568186  109.724378  1.346096  -63.217274  12.466305  121.479102
0.019654  0.000000  0.000000  0.000000  -25.244303  12.679520  12.500000  36.314003  -5.084058  -10.586407  109.724378  1.346096  -63.217274  12.466305  121.479102
0.019888  0.000000  0.000000  0.000000  -25.244303  12.679520  15.000000  36.108280  -6.561118  -12.613929  109.724378  1.346096  -63.217274  12.466305  121.479102
0.020122  0.000000  0.000000  0.000000  -25.244303  12.679520  17.500000  35.849243  -8.029990  -14.653475  109.724378  1.346096  -63.217274  12.466305  121.479102
0.020356  0.000000  0.000000  0.000000  -25.244303  12.679520  20.000000  35.536332  -9.488744  -16.707771  109.724378  1.346096  -63.217274  12.466305  121.479102
0.020590  0.000000  0.000000  0.000000  -25.244303  12.679520  22.500000  35.168966  -10.935423  -18.779557  109.724378  1.346096  -63.217274  12.466305  121.479102
0.020824  0.000000  0.000000  0.000000  -25.244303  12.679520  25.000000  34.746369  -12.368012  -20.871563  109.724378  1.346096  -63.217274  12.466305  121.479102
0.021058  0.000000  0.000000  0.000000  -25.244303  12.679520  27.500000  34.267781  -13.784450  -22.986504  109.724378  1.346096  -63.217274  12.466305  121.479102
0.021292  0.000000  0.000000  0.000000  -25.244303  12.679520  30.000000  33.732325  -15.182600  -25.127068  109.724378  1.346096  -63.217274  12.466305  121.479102
0.021526  0.000000  0.000000  0.000000  -25.244303  12.679520  32.500000  33.139068  -16.560275  -27.295970  109.724378  1.346096  -63.217274  12.466305  121.479102
0.021759  0.000000  0.000000  0.000000  -25.244303  12.679520  35.000000  32.487042  -17.915197  -29.495852  109.724378  1.346096  -63.217274  12.466305  121.479102
0.021993  0.000000  0.000000  0.000000  -25.244303  12.679520  37.500000  31.775263  -19.245020  -31.729313  109.724378  1.346096  -63.217274  12.466305  121.479102
0.022227  0.000000  0.000000  0.000000  -25.244303  12.679520  40.000000  31.002749  -20.547312  -33.998880  109.724378  1.346096  -63.217274  12.466305  121.479102
0.022461  0.000000  0.000000  0.000000  -25.244303  12.679520  42.500000  30.168540  -21.819557  -36.306998  109.724378  1.346096  -63.217274  12.466305  121.479102
0.022695  0.000000  0.000000  0.000000  -25.244303  12.679520  45.000000  29.271779  -23.059159  -38.655967  109.724378  1.346096  -63.217274  12.466305  121.479102
0.022929  0.000000  0.000000  0.000000  -25.244303  12.679520  47.500000  28.311625  -24.263415  -41.047981  109.724378  1.346096  -63.217274  12.466305  121.479102
0.023163  0.000000  0.000000  0.000000  -25.244303  12.679520  50.000000  27.287428  -25.429551  -43.485003  109.724378  1.346096  -63.217274  12.466305  121.479102
0.023397  0.000000  0.000000  0.000000  -27.553544  9.426932  -10.000000  37.728150  11.425129  6.871167  102.747894  14.848734  -82.812391  27.298875  126.601857
0.023631  0.000000  0.000000  0.000000  -27.553544  9.426932  -7.500000  38.099352  9.888786  4.864266  102.747894  14.848734  -82.812391  27.298875  126.601857
0.023865  0.000000  0.000000  0.000000  -27.553544  9.426932  -5.000000  38.414355  8.340661  2.876115  102.747894  14.848734  -82.812391  27.298875  126.601857
0.024099  0.000000  0.000000  0.000000  -27.553544  9.426932  -2.500000  38.673961  6.782712  0.903701  102.747894  14.848734  -82.812391  27.298875  126.601857
0.024333  0.000000  0.000000  0.000000  -27.553544  9.426932  0.000000  38.878829  5.216848  -1.055963  102.747894  14.848734  -82.812391  27.298875  126.601857
0.024567  0.000000  0.000000  0.000000  -27.553544  9.426932  2.500000  39.029503  3.644953  -3.005853  102.747894  14.848734  -82.812391  27.298875  126.601857
0.024801  0.000000  0.000000  0.000000  -27.553544  9.426932  5.000000  39.126368  2.068858  -4.948928  102.747894  14.848734  -82.812391  27.298875  126.601857
0.025035  0.000000  0.000000  0.000000  -27.553544  9.426932  7.500000  39.169685  0.490405  -6.888141  102.747894  14.848734  -82.812391  27.298875  126.601857
0.025269  0.000000  0.000000  0.000000  -27.553544  9.426932  10.000000  39.159569  -1.088628  -8.826440  102.747894  14.848734  -82.812391  27.298875  126.601857
0.025503  0.000000  0.000000  0.000000  -27.553544  9.426932  12.500000  39.095978  -2.666412  -10.766779  102.747894  14.848734  -82.812391  27.298875  126.601857
0.025737  0.000000  0.000000  0.000000  -27.553544  9.426932  15.000000  38.978765  -4.241133  -12.712091  102.747894  14.848734  -82.812391  27.298875  126.601857
0.025971  0.000000  0.000000  0.000000  -27.553544  9.426932  17.500000  38.807612  -5.810962  -14.665336  102.747894  14.848734  -82.812391  27.298875  126.601857
0.026205  0.000000  0.000000  0.000000  -27.553544  9.426932  20.000000  38.582073  -7.374048  -16.629482  102.747894  14.848734  -82.812391  27.298875  126.601857
0.026439  0.000000  0.000000  0.000000  -27.553544  9.426932  22.500000  38.301568  -8.928507  -18.607502  102.747894  14.848734  -82.812391  27.298875  126.601857
0.026673  0.000000  0.000000  0.000000  -27.553544  9.426932  25.000000  37.965369  -10.472402  -20.602403  102.747894  14.848734  -82.812391  27.298875  126.601857
0.026907  0.000000  0.000000  0.000000  -27.553544  9.426932  27.500000  37.572632  -12.003758  -22.617203  102.747894  14.848734  -82.812391  27.298875  126.601857
0.027141  0.000000  0.000000  0.000000  -27.553544  9.426932  30.000000  37.122406  -13.520542  -24.654916  102.747894  14.848734  -82.812391  27.298875  126.601857
0.027375  0.000000  0.000000  0.000000  -27.553544  9.426932  32.500000  36.613613  -15.020645  -26.718593  102.747894  14.848734  -82.812391  27.298875  126.601857
0.027609  0.000000  0.000000  0.000000  -27.553544  9.426932  35.000000  36.045069  -16.501881  -28.811288  102.747894  14.848734  -82.812391  27.298875  126.601857
0.027843  0.000000  0.000000  0.000000  -27.553544  9.426932  37.500000  35.415508  -17.961979  -30.936058  102.747894  14.848734  -82.812391  27.298875  126.601857
0.028077  0.000000  0.000000  0.000000  -27.553544  9.426932  40.000000  34.723598  -19.398584  -33.095938  102.747894  14.848734  -82.812391  27.298875  126.601857
0.028311  0.000000  0.000000  0.000000  -27.553544  9.426932  42.500000  33.967943  -20.809227  -35.293946  102.747894  14.848734  -82.812391  27.298875  126.601857
0.028545  0.000000  0.000000  0.000000  -27.553544  9.426932  45.000000  33.147160  -22.191355  -37.533042  102.747894  14.848734  -82.812391  27.298875  126.601857
0.028779  0.000000  0.000000  0.000000  -27.553544  9.426932  47.500000  32.259810  -23.542276  -39.816136  102.747894  14.848734  -82.812391  27.298875  126.601857
0.029013  0.000000  0.000000  0.000000  -27.553544  9.426932  50.000000  31.304535  -24.859199  -42.146011  102.747894  14.848734  -82.812391  27.298875  126.601857
0.029247  0.000000  0.000000  0.000000  -24.736177  16.721695  -10.000000  38.361350  21.654707  19.469323  95.493085  -7.755797  -51.716120  29.254383  127.676512
0.029481  0.000000  0.000000  0.000000  -24.736177  16.721695  -7.500000  39.105099  20.090291  17.382234  95.493085  -7.755797  -51.716120  29.254383  127.676512
0.029715  0.000000  0.000000  0.000000  -24.736177  16.721695  -5.000000  39.781159  18.501823  15.336743  95.493085  -7.755797  -51.716120  29.254383  127.676512
0.029949  0.000000  0.000000  0.000000  -24.736177  16.721695  -2.500000  40.391552  16.891790  13.329104  95.493085  -7.755797  -51.716120  29.254383  127.676512
0.030182  0.000000  0.000000  0.000000  -24.736177  16.721695  0.000000  40.938179  15.262554  11.355644  95.493085  -7.755797  -51.716120  29.254383  127.676512
0.030416  0.000000  0.000000  0.000000  -24.736177  16.721695  2.500000  41.422750  13.616305  9.412729  95.493085  -7.755797  -51.716120  29.254383  127.676512
0.030650  0.000000  0.000000  0.000000  -24.736177  16.721695  5.000000  41.846825  11.955192  7.496803  95.493085  -7.755797  -51.716120  29.254383  127.676512
0.030884  0.000000  0.000000  0.000000  -24.736177  16.721695  7.500000  42.211843  10.281262  5.604336  95.493085  -7.755797  -51.716120  29.254383  127.676512
0.031118  0.000000  0.000000  0.000000  -24.736177  16.721695  10.000000  42.518970  8.596465  3.731896  95.493085  -7.755797  -51.716120  29.254383  127.676512
0.031352  0.000000  0.000000  0.000000  -24.736177  16.721695  12.500000  42.769268  6.902713  1.876071  95.493085  -7.755797  -51.716120  29.254383  127.676512
0.031586  0.000000  0.000000  0.000000  -24.736177  16.721695  15.000000  42.963566  5.201841  0.033506  95.493085  -7.755797  -51.716120  29.254383  127.676512
0.031820  0.000000  0.000000  0.000000  -24.736177  16.721695  17.500000  43.102565  3.495640  -1.799096  95.493085  -7.755797  -51.716120  29.254383  127.676512
0.032054  0.000000  0.000000  0.000000  -24.736177  16.721695  20.000000  43.186715  1.785890  -3.625042  95.493085  -7.755797  -51.716120  29.254383  127.676512
0.032288  0.000000  0.000000  0.000000  -24.736177  16.721695  22.500000  43.216302  0.074329  -5.447591  95.493085  -7.755797  -51.716120  29.254383  127.676512
0.032522  0.000000  0.000000  0.000000  -24.736177  16.721695  25.000000  43.191441  -1.637305  -7.269998  95.493085  -7.755797  -51.716120  29.254383  127.676512
0.032756  0.000000  0.000000  0.000000  -24.736177  16.721695  27.500000  43.112037  -3.347283  -9.095519  95.493085  -7.755797  -51.716120  29.254383  127.676512
0.032990  0.000000  0.000000  0.000000  -24.736177  16.721695  30.000000  42.977827  -5.053860  -10.927418  95.493085  -7.755797  -51.716120  29.254383  127.676512
0.033224  0.000000  0.000000  0.000000  -24.736177  16.721695  32.500000  42.788351  -6.755266  -12.768983  95.493085  -7.755797  -51.716120  29.254383  127.676512
0.033458  0.000000  0.000000  0.000000  -24.736177  16.721695  35.000000  42.542947  -8.449710  -14.623524  95.493085  -7.755797  -51.716120  29.254383  127.676512
0.033692  0.000000  0.000000  0.000000  -24.736177  16.721695  37.500000  42.240792  -10.135359  -16.494387  95.493085  -7.755797  -51.716120  29.254383  127.676512
0.033926  0.000000  0.000000  0.000000  -24.736177  16.721695  40.000000  41.880846  -11.810308  -18.384978  95.493085  -7.755797  -51.716120  29.254383  127.676512
0.034160  0.000000  0.000000  0.000000  -24.736177  16.721695  42.500000  41.461955  -13.472614  -20.298729  95.493085  -7.755797  -51.716120  29.254383  127.676512
0.034394  0.000000  0.000000  0.000000  -24.736177  16.721695  45.000000  40.982695  -15.120236  -22.239159  95.493085  -7.755797  -51.716120  29.254383  127.676512
0.034628  0.000000  0.000000  0.000000  -24.736177  16.721695  47.500000  40.441524  -16.751038  -24.209824  95.493085  -7.755797  -51.716120  29.254383  127.676512
0.034862  0.000000  0.000000  0.000000  -24.736177  16.721695  50.000000  39.836741  -18.362829  -26.214351  95.493085  -7.755797  -51.716120  29.254383  127.676512
0.035096  0.000000  0.000000  0.000000  -19.985869  11.704506  -10.000000  38.638364  25.419087  22.715694  62.458842  10.053043  -17.238944  16.332232  127.761993
0.035330  0.000000  0.000000  0.000000  -19.985869  11.704506  -7.500000  39.528247  23.842767  20.580918  62.458842  10.053043  -17.238944  16.332232  127.761993
0.035564  0.000000  0.000000  0.000000  -19.985869  11.704506  -5.000000  40.343652  22.237748  18.497896  62.458842  10.053043  -17.238944  16.332232  127.761993
0.035798  0.000000  0.000000  0.000000  -19.985869  11.704506  -2.500000  41.087226  20.606805  16.462431  62.458842  10.053043  -17.238944  16.332232  127.761993
0.036032  0.000000  0.000000  0.000000  -19.985869  11.704506  0.000000  41.761473  18.952549  14.470383  62.458842  10.053043  -17.238944  16.332232  127.761993
0.036266  0.000000  0.000000  0.000000  -19.985869  11.704506  2.500000  42.368732  17.277447  12.517695  62.458842  10.053043  -17.238944  16.332232  127.761993
0.036500  0.000000  0.000000  0.000000  -19.985869  11.704506  5.000000  42.911154  15.583809  10.600395  62.458842  10.053043  -17.238944  16.332232  127.761993
0.036734  0.000000  0.000000  0.000000  -19.985869  11.704506  7.500000  43.390708  13.873849  8.714595  62.458842  10.053043  -17.238944  16.332232  127.761993
0.036968  0.000000  0.000000  0.000000  -19.985869  11.704506  10.000000  43.809133  12.149643  6.856524  62.458842  10.053043  -17.238944  16.332232  127.761993
0.037202  0.000000  0.000000  0.000000  -19.985869  11.704506  12.500000  44.167997  10.413202  5.022459  62.458842  10.053043  -17.238944  16.332232  127.761993
0.037436  0.000000  0.000000  0.000000  -19.985869  11.704506  15.000000  44.468644  8.666444  3.208771  62.458842  10.053043  -17.238944  16.332232  127.761993
0.037670  0.000000  0.000000  0.000000  -19.985869  11.704506  17.500000  44.712214  6.911210  1.411906  62.458842  10.053043  -17.238944  16.332232  127.761993
0.037904  0.000000  0.000000  0.000000  -19.985869  11.704506  20.000000  44.899613  5.149302  -0.371640  62.458842  10.053043  -17.238944  16.332232  127.761993
0.038138  0.000000  0.000000  0.000000  -19.985869  11.704506  22.500000  45.031564  3.382459  -2.145312  62.458842  10.053043  -17.238944  16.332232  127.761993
0.038372  0.000000  0.000000  0.000000  -19.985869  11.704506  25.000000  45.108593  1.612387  -3.912525  62.458842  10.053043  -17.238944  16.332232  127.761993
0.038606  0.000000  0.000000  0.000000  -19.985869  11.704506  27.500000  45.130969  -0.159209  -5.676662  62.458842  10.053043  -17.238944  16.332232  127.761993
0.038839  0.000000  0.000000  0.000000  -19.985869  11.704506  30.000000  45.098785  -1.930659  -7.441106  62.458842  10.053043  -17.238944  16.332232  127.761993
0.039073  0.000000  0.000000  0.000000  -19.985869  11.704506  32.500000  45.011916  -3.700273  -9.209226  62.458842  10.053043  -17.238944  16.332232  127.761993
0.039307  0.000000  0.000000  0.000000  -19.985869  11.704506  35.000000  44.870038  -5.466360  -10.984423  62.458842  10.053043  -17.238944  16.332232  127.761993
0.039541  0.000000  0.000000  0.000000  -19.985869  11.704506  37.500000  44.672599  -7.227201  -12.770108  62.458842  10.053043  -17.238944  16.332232  127.761993
0.039775  0.000000  0.000000  0.000000  -19.985869  11.704506  40.000000  44.418842  -8.981034  -14.569743  62.458842  10.053043  -17.238944  16.332232  127.761993
0.040009  0.000000  0.000000  0.000000  -19.985869  11.704506  42.500000  44.107831  -10.726083  -16.386824  62.458842  10.053043  -17.238944  16.332232  127.761993
0.040243  0.000000  0.000000  0.000000  -19.985869  11.704506  45.000000  43.738372  -12.460468  -18.224933  62.458842  10.053043  -17.238944  16.332232  127.761993
0.040477  0.000000  0.000000  0.000000  -19.985869  11.704506  47.500000  43.309071  -14.182260  -20.087719  62.458842  10.053043  -17.238944  16.332232  127.761993
0.040711  0.000000  0.000000  0.000000  -19.985869  11.704506  50.000000  42.818360  -15.889456  -21.978893  62.458842  10.053043  -17.238944  16.332232  127.761993
0.040945  0.000000  0.000000  0.000000  -21.376908  14.620218  -10.000000  36.064076  14.147174  14.168922  149.712204  7.020800  -22.135369  21.020628  115.084611
0.041179  0.000000  0.000000  0.000000  -21.376908  14.620218  -7.500000  36.544385  12.666821  12.097814  149.712204  7.020800  -22.135369  21.020628  115.084611
0.041413  0.000000  0.000000  0.000000  -21.376908  14.620218  -5.000000  36.967234  11.170643  10.050750  149.712204  7.020800  -22.135369  21.020628  115.084611
0.041647  0.000000  0.000000  0.000000  -21.376908  14.620218  -2.500000  37.333572  9.660710  8.024789  149.712204  7.020800  -22.135369  21.020628  115.084611
0.041881  0.000000  0.000000  0.000000  -21.376908  14.620218  0.000000  37.644244  8.139028  6.016994  149.712204  7.020800  -22.135369  21.020628  115.084611
0.042115  0.000000  0.000000  0.000000  -21.376908  14.620218  2.500000  37.900011  6.607571  4.024444  149.712204  7.020800  -22.135369  21.020628  115.084611
0.042349  0.000000  0.000000  0.000000  -21.376908  14.620218  5.000000  38.101466  5.068238  2.044224  149.712204  7.020800  -22.135369  21.020628  115.084611
0.042583  0.000000  0.000000  0.000000  -21.376908  14.620218  7.500000  38.249107  3.522910  0.073435  149.712204  7.020800  -22.135369  21.020628  115.084611
0.042817  0.000000  0.000000  0.000000  -21.376908  14.620218  10.000000  38.343305  1.973442  -1.890804  149.712204  7.020800  -22.135369  21.020628  115.084611
0.043051  0.000000  0.000000  0.000000  -21.376908  14.620218  12.500000  38.384288  0.421660  -3.851387  149.712204  7.020800  -22.135369  21.020628  115.084611
0.043285  0.000000  0.000000  0.000000  -21.376908  14.620218  15.000000  38.372162  -1.130627  -5.811189  149.712204  7.020800  -22.135369  21.020628  115.084611
0.043519  0.000000  0.000000  0.000000  -21.376908  14.620218  17.500000  38.306890  -2.681573  -7.773087  149.712204  7.020800  -22.135369  21.020628  115.084611
0.043753  0.000000  0.000000  0.000000  -21.376908  14.620218  20.000000  38.188322  -4.229373  -9.739959  149.712204  7.020800  -22.135369  21.020628  115.084611
0.043987  0.000000  0.000000  0.000000  -21.376908  14.620218  22.500000  38.016153  -5.772193  -11.714695  149.712204  7.020800  -22.135369  21.020628  115.084611
0.044221  0.000000  0.000000  0.000000  -21.376908  14.620218  25.000000  37.789967  -7.308164  -13.700188  149.712204  7.020800  -22.135369  21.020628  115.084611
0.044455  0.000000  0.000000  0.000000  -21.376908  14.620218  27.500000  37.509202  -8.835399  -15.699339  149.712204  7.020800  -22.135369  21.020628  115.084611
0.044689  0.000000  0.000000  0.000000  -21.376908  14.620218  30.000000  37.173197  -10.351959  -17.715068  149.712204  7.020800  -22.135369  21.020628  115.084611
0.044923  0.000000  0.000000  0.000000  -21.376908  14.620218  32.500000  36.781161  -11.855863  -19.750302  149.712204  7.020800  -22.135369  21.020628  115.084611
0.045157  0.000000  0.000000  0.000000  -21.376908  14.620218  35.000000  36.332196  -13.345075  -21.807976  149.712204  7.020800  -22.135369  21.020628  115.084611
0.045391  0.000000  0.000000  0.000000  -21.376908  14.620218  37.500000  35.825302  -14.817491  -23.891035  149.712204  7.020800  -22.135369  21.020628  115.084611
0.045625  0.000000  0.000000  0.000000  -21.376908  14.620218  40.000000  35.259381  -16.270921  -26.002433  149.712204  7.020800  -22.135369  21.020628  115.084611
0.045859  0.000000  0.000000  0.000000  -21.376908  14.620218  42.500000  34.633268  -17.703107  -28.145103  149.712204  7.020800  -22.135369  21.020628  115.084611
0.046093  0.000000  0.000000  0.000000  -21.376908  14.620218  45.000000  33.945756  -19.111717  -30.321946  149.712204  7.020800  -22.135369  21.020628  115.084611
0.046327  0.000000  0.000000  0.000000  -21.376908  14.620218  47.500000  33.195575  -20.494315  -32.535845  149.712204  7.020800  -22.135369  21.020628  115.084611
0.046561  0.000000  0.000000  0.000000  -21.376908  14.620218  50.000000  32.381459  -21.848349  -34.789621  149.712204  7.020800  -22.135369  21.020628  115.084611
0.046795  0.000000  0.000000  0.000000  -37.423073  3.974529  -10.000000  41.729727  11.470078  5.918737  109.026716  13.165267  -29.306191  12.232894  125.365516
0.047029  0.000000  0.000000  0.000000  -37.423073  3.974529  -7.500000  42.079174  9.800199  4.025633  109.026716  13.165267  -29.306191  12.232894  125.365516
0.047263  0.000000  0.000000  0.000000  -37.423073  3.974529  -5.000000  42.371099  8.119927  2.151553  109.026716  13.165267  -29.306191  12.232894  125.365516
0.047496  0.000000  0.000000  0.000000  -37.423073  3.974529  -2.500000  42.606509  6.431171  0.293136  109.026716  13.165267  -29.306191  12.232894  125.365516
0.047730  0.000000  0.000000  0.000000  -37.423073  3.974529  0.000000  42.786159  4.735741  -1.552952  109.026716  13.165267  -29.306191  12.232894  125.365516
0.047964  0.000000  0.000000  0.000000  -37.423073  3.974529  2.500000  42.910670  3.035442  -3.389997  109.026716  13.165267  -29.306191  12.232894  125.365516
0.048198  0.000000  0.000000  0.000000  -37.423073  3.974529  5.000000  42.980462  1.332039  -5.221263  109.026716  13.165267  -29.306191  12.232894  125.365516
0.048432  0.000000  0.000000  0.000000  -37.423073  3.974529  7.500000  42.995774  -0.372721  -7.049996  109.026716  13.165267  -29.306191  12.232894  125.365516
0.048666  0.000000  0.000000  0.000000  -37.423073  3.974529  10.000000  42.956659  -2.077108  -8.879442  109.026716  13.165267  -29.306191  12.232894  125.365516
0.048900  0.000000  0.000000  0.000000  -37.423073  3.974529  12.500000  42.862981  -3.779363  -10.712831  109.026716  13.165267  -29.306191  12.232894  125.365516
0.049134  0.000000  0.000000  0.000000  -37.423073  3.974529  15.000000  42.714424  -5.477753  -12.553428  109.026716  13.165267  -29.306191  12.232894  125.365516
0.049368  0.000000  0.000000  0.000000  -37.423073  3.974529  17.500000  42.510484  -7.170491  -14.404501  109.026716  13.165267  -29.306191  12.232894  125.365516
0.049602  0.000000  0.000000  0.000000  -37.423073  3.974529  20.000000  42.250473  -8.855769  -16.269356  109.026716  13.165267  -29.306191  12.232894  125.365516
0.049836  0.000000  0.000000  0.000000  -37.423073  3.974529  22.500000  41.933519  -10.531728  -18.151338  109.026716  13.165267  -29.306191  12.232894  125.365516
0.050070  0.000000  0.000000  0.000000  -37.423073  3.974529  25.000000  41.558574  -12.196461  -20.053832  109.026716  13.165267  -29.306191  12.232894  125.365516
0.050304  0.000000  0.000000  0.000000  -37.423073  3.974529  27.500000  41.124409  -13.847987  -21.980276  109.026716  13.165267  -29.306191  12.232894  125.365516
0.050538  0.000000  0.000000  0.000000  -37.423073  3.974529  30.000000  40.629615  -15.484245  -23.934170  109.026716  13.165267  -29.306191  12.232894  125.365516
0.050772  0.000000  0.000000  0.000000  -37.423073  3.974529  32.500000  40.072622  -17.103084  -25.919067  109.026716  13.165267  -29.306191  12.232894  125.365516
0.051006  0.000000  0.000000  0.000000  -37.423073  3.974529  35.000000  39.451707  -18.702263  -27.938565  109.026716  13.165267  -29.306191  12.232894  125.365516
0.051240  0.000000  0.000000  0.000000  -37.423073  3.974529  37.500000  38.764983  -20.279410  -29.996325  109.026716  13.165267  -29.306191  12.232894  125.365516
0.051474  0.000000  0.000000  0.000000  -37.423073  3.974529  40.000000  38.010474  -21.832048  -32.096035  109.026716  13.165267  -29.306191  12.232894  125.365516
0.051708  0.000000  0.000000  0.000000  -37.423073  3.974529  42.500000  37.186032  -23.357542  -34.241434  109.026716  13.165267  -29.306191  12.232894  125.365516
0.051942  0.000000  0.000000  0.000000  -37.423073  3.974529  45.000000  36.289469  -24.853123  -36.436248  109.026716  13.165267  -29.306191  12.232894  125.365516
0.052176  0.000000  0.000000  0.000000  -37.423073  3.974529  47.500000  35.318530  -26.315864  -38.684183  109.026716  13.165267  -29.306191  12.232894  125.365516
0.052410  0.000000  0.000000  0.000000  -37.423073  3.974529  50.000000  34.270970  -27.742672  -40.988895  109.026716  13.165267  -29.306191  12.232894  125.365516
0.052644  0.000000  0.000000  0.000000  -17.900414  12.198152  -10.000000  36.209326  13.513881  9.217723  118.336835  -8.149702  -46.310475  22.102724  125.987008
0.052878  0.000000  0.000000  0.000000  -17.900414  12.198152  -7.500000  36.665277  12.028855  7.155493  118.336835  -8.149702  -46.310475  22.102724  125.987008
0.053112  0.000000  0.000000  0.000000  -17.900414  12.198152  -5.000000  37.064257  10.528874  5.116014  118.336835  -8.149702  -46.310475  22.102724  125.987008
0.053346  0.000000  0.000000  0.000000  -17.900414  12.198152  -2.500000  37.407123  9.015978  3.096381  118.336835  -8.149702  -46.310475  22.102724  125.987008
0.053580  0.000000  0.000000  0.000000  -17.900414  12.198152  0.000000  37.694692  7.492155  1.093662  118.336835  -8.149702  -46.310475  22.102724  125.987008
0.053814  0.000000  0.000000  0.000000  -17.900414  12.198152  2.500000  37.927650  5.959348  -0.895054  118.336835  -8.149702  -46.310475  22.102724  125.987008
0.054048  0.000000  0.000000  0.000000  -17.900414  12.198152  5.000000  38.106548  4.419451  -2.872677  118.336835  -8.149702  -46.310475  22.102724  125.987008
0.054282  0.000000  0.000000  0.000000  -17.900414  12.198152  7.500000  38.231847  2.874336  -4.842072  118.336835  -8.149702  -46.310475  22.102724  125.987008
0.054516  0.000000  0.000000  0.000000  -17.900414  12.198152  10.000000  38.303839  1.325837  -6.806144  118.336835  -8.149702  -46.310475  22.102724  125.987008
0.054750  0.000000  0.000000  0.000000  -17.900414  12.198152  12.500000  38.322696  -0.224219  -8.767767  118.336835  -8.149702  -46.310475  22.102724  125.987008
0.054984  0.000000  0.000000  0.000000  -17.900414  12.198152  15.000000  38.288478  -1.774005  -10.729783  118.336835  -8.149702  -46.310475  22.102724  125.987008
0.055218  0.000000  0.000000  0.000000  -17.900414  12.198152  17.500000  38.201087  -3.321718  -12.695102  118.336835  -8.149702  -46.310475  22.102724  125.987008
0.055452  0.000000  0.000000  0.000000  -17.900414  12.198152  20.000000  38.060321  -4.865512  -14.666580  118.336835  -8.149702  -46.310475  22.102724  125.987008
0.055686  0.000000  0.000000  0.000000  -17.900414  12.198152  22.500000  37.865844  -6.403547  -16.647110  118.336835  -8.149702  -46.310475  22.102724  125.987008
0.055920  0.000000  0.000000  0.000000  -17.900414  12.198152  25.000000  37.617163  -7.933946  -18.639582  118.336835  -8.149702  -46.310475  22.102724  125.987008
0.056153  0.000000  0.000000  0.000000  -17.900414  12.198152  27.500000  37.313660  -9.454816  -20.646891  118.336835  -8.149702  -46.310475  22.102724  125.987008
0.056387  0.000000  0.000000  0.000000  -17.900414  12.198152  30.000000  36.954654  -10.964185  -22.671961  118.336835  -8.149702  -46.310475  22.102724  125.987008
0.056621  0.000000  0.000000  0.000000  -17.900414  12.198152  32.500000  36.539301  -12.460055  -24.717713  118.336835  -8.149702  -46.310475  22.102724  125.987008
0.056855  0.000000  0.000000  0.000000  -17.900414  12.198152  35.000000  36.066669  -13.940364  -26.787078  118.336835  -8.149702  -46.310475  22.102724  125.987008
0.057089  0.000000  0.000000  0.000000  -17.900414  12.198152  37.500000  35.535709  -15.402963  -28.883010  118.336835  -8.149702  -46.310475  22.102724  125.987008
0.057323  0.000000  0.000000  0.000000  -17.900414  12.198152  40.000000  34.945323  -16.845651  -31.008418  118.336835  -8.149702  -46.310475  22.102724  125.987008
0.057557  0.000000  0.000000  0.000000  -17.900414  12.198152  42.500000  34.294332  -18.266152  -33.166229  118.336835  -8.149702  -46.310475  22.102724  125.987008
0.057791  0.000000  0.000000  0.000000  -17.900414  12.198152  45.000000  33.581506  -19.662061  -35.359333  118.336835  -8.149702  -46.310475  22.102724  125.987008
0.058025  0.000000  0.000000  0.000000  -17.900414  12.198152  47.500000  32.805554  -21.030924  -37.590582  118.336835  -8.149702  -46.310475  22.102724  125.987008
0.058259  0.000000  0.000000  0.000000  -17.900414  12.198152  50.000000  31.965259  -22.370140  -39.862744  118.336835  -8.149702  -46.310475  22.102724  125.987008
0.058493  0.000000  0.000000  0.000000  -17.801318  18.115328  -10.000000  35.075975  13.503096  17.550167  73.678352  15.554368  -74.034149  14.218854  116.679943
0.058727  0.000000  0.000000  0.000000  -17.801318  18.115328  -7.500000  35.538823  12.058022  15.458232  73.678352  15.554368  -74.034149  14.218854  116.679943
0.058961  0.000000  0.000000  0.000000  -17.801318  18.115328  -5.000000  35.945385  10.597514  13.388829  73.678352  15.554368  -74.034149  14.218854  116.679943
0.059195  0.000000  0.000000  0.000000  -17.801318  18.115328  -2.500000  36.296457  9.123627  11.339167  73.678352  15.554368  -74.034149  14.218854  116.679943
0.059429  0.000000  0.000000  0.000000  -17.801318  18.115328  0.000000  36.592790  7.638354  9.306434  73.678352  15.554368  -74.034149  14.218854  116.679943
0.059663  0.000000  0.000000  0.000000  -17.801318  18.115328  2.500000  36.835031  6.143651  7.287832  73.678352  15.554368  -74.034149  14.218854  116.679943
0.059897  0.000000  0.000000  0.000000  -17.801318  18.115328  5.000000  37.023699  4.641419  5.280553  73.678352  15.554368  -74.034149  14.218854  116.679943
0.060131  0.000000  0.000000  0.000000  -17.801318  18.115328  7.500000  37.159240  3.133544  3.281835  73.678352  15.554368  -74.034149  14.218854  116.679943
0.060365  0.000000  0.000000  0.000000  -17.801318  18.115328  10.000000  37.241947  1.621874  1.288865  73.678352  15.554368  -74.034149  14.218854  116.679943
0.060599  0.000000  0.000000  0.000000  -17.801318  18.115328  12.500000  37.271988  0.108244  -0.701121  73.678352  15.554368  -74.034149  14.218854  116.679943
0.060833  0.000000  0.000000  0.000000  -17.801318  18.115328  15.000000  37.249458  -1.405514  -2.690912  73.678352  15.554368  -74.034149  14.218854  116.679943
0.061067  0.000000  0.000000  0.000000  -17.801318  18.115328  17.500000  37.174294  -2.917579  -4.683285  73.678352  15.554368  -74.034149  14.218854  116.679943
0.061301  0.000000  0.000000  0.000000  -17.801318  18.115328  20.000000  37.046328  -4.426110  -6.681015  73.678352  15.554368  -74.034149  14.218854  116.679943
0.061535  0.000000  0.000000  0.000000  -17.801318  18.115328  22.500000  36.865282  -5.929260  -8.686893  73.678352  15.554368  -74.034149  14.218854  116.679943
0.061769  0.000000  0.000000  0.000000  -17.801318  18.115328  25.000000  36.630738  -7.425154  -10.703706  73.678352  15.554368  -74.034149  14.218854  116.679943
0.062003  0.000000  0.000000  0.000000  -17.801318  18.115328  27.500000  36.342168  -8.911897  -12.734244  73.678352  15.554368  -74.034149  14.218854  116.679943
0.062237  0.000000  0.000000  0.000000  -17.801318  18.115328  30.000000  35.998965  -10.387534  -14.781314  73.678352  15.554368  -74.034149  14.218854  116.679943
0.062471  0.000000  0.000000  0.000000  -17.801318  18.115328  32.500000  35.600398  -11.850079  -16.847718  73.678352  15.554368  -74.034149  14.218854  116.679943
0.062705  0.000000  0.000000  0.000000  -17.801318  18.115328  35.000000  35.145649  -13.297491  -18.936257  73.678352  15.554368  -74.034149  14.218854  116.679943
0.062939  0.000000  0.000000  0.000000  -17.801318  18.115328  37.500000  34.633803  -14.727652  -21.049745  73.678352  15.554368  -74.034149  14.218854  116.679943
0.063173  0.000000  0.000000  0.000000  -17.801318  18.115328  40.000000  34.063892  -16.138389  -23.190951  73.678352  15.554368  -74.034149  14.218854  116.679943
0.063407  0.000000  0.000000  0.000000  -17.801318  18.115328  42.500000  33.434897  -17.527469  -25.362650  73.678352  15.554368  -74.034149  14.218854  116.679943
0.063641  0.000000  0.000000  0.000000  -17.801318  18.115328  45.000000  32.745738  -18.892546  -27.567567  73.678352  15.554368  -74.034149  14.218854  116.679943
0.063875  0.000000  0.000000  0.000000  -17.801318  18.115328  47.500000  31.995314  -20.231210  -29.808383  73.678352  15.554368  -74.034149  14.218854  116.679943
0.064109  0.000000  0.000000  0.000000  -17.801318  18.115328  50.000000  31.182569  -21.540947  -32.087696  73.678352  15.554368  -74.034149  14.218854  116.679943
0.064343  0.000000  0.000000  0.000000  -37.724716  3.738575  -10.000000  36.759379  3.027348  4.346973  132.444292  -9.999412  -49.243642  27.757673  115.772949
0.064577  0.000000  0.000000  0.000000  -37.724716  3.738575  -7.500000  36.839042  1.529663  2.343597  132.444292  -9.999412  -49.243642  27.757673  115.772949
0.064810  0.000000  0.000000  0.000000  -37.724716  3.738575  -5.000000  36.866277  0.030112  0.343017  132.444292  -9.999412  -49.243642  27.757673  115.772949
0.065044  0.000000  0.000000  0.000000  -37.724716  3.738575  -2.500000  36.841157  -1.469472  -1.657498  132.444292  -9.999412  -49.243642  27.757673  115.772949
0.065278  0.000000  0.000000  0.000000  -37.724716  3.738575  0.000000  36.763590  -2.967266  -3.660715  132.444292  -9.999412  -49.243642  27.757673  115.772949
0.065512  0.000000  0.000000  0.000000  -37.724716  3.738575  2.500000  36.633442  -4.461432  -5.669359  132.444292  -9.999412  -49.243642  27.757673  115.772949
0.065746  0.000000  0.000000  0.000000  -37.724716  3.738575  5.000000  36.450417  -5.950114  -7.686176  132.444292  -9.999412  -49.243642  27.757673  115.772949
0.065980  0.000000  0.000000  0.000000  -37.724716  3.738575  7.500000  36.214121  -7.431437  -9.713919  132.444292  -9.999412  -49.243642  27.757673  115.772949
0.066214  0.000000  0.000000  0.000000  -37.724716  3.738575  10.000000  35.924054  -8.903499  -11.755336  132.444292  -9.999412  -49.243642  27.757673  115.772949
0.066448  0.000000  0.000000  0.000000  -37.724716  3.738575  12.500000  35.579603  -10.364347  -13.813191  132.444292  -9.999412  -49.243642  27.757673  115.772949
0.066682  0.000000  0.000000  0.000000  -37.724716  3.738575  15.000000  35.180064  -11.811989  -15.890251  132.444292  -9.999412  -49.243642  27.757673  115.772949
0.066916  0.000000  0.000000  0.000000  -37.724716  3.738575  17.500000  34.724663  -13.244392  -17.989252  132.444292  -9.999412  -49.243642  27.757673  115.772949
0.067150  0.000000  0.000000  0.000000  -37.724716  3.738575  20.000000  34.212531  -14.659447  -20.112948  132.444292  -9.999412  -49.243642  27.757673  115.772949
0.067384  0.000000  0.000000  0.000000  -37.724716  3.738575  22.500000  33.642735  -16.054984  -22.264070  132.444292  -9.999412  -49.243642  27.757673  115.772949
0.067618  0.000000  0.000000  0.000000  -37.724716  3.738575  25.000000  33.014286  -17.428751  -24.445326  132.444292  -9.999412  -49.243642  27.757673  115.772949
0.067852  0.000000  0.000000  0.000000  -37.724716  3.738575  27.500000  32.326173  -18.778431  -26.659377  132.444292  -9.999412  -49.243642  27.757673  115.772949
0.068086  0.000000  0.000000  0.000000  -37.724716  3.738575  30.000000  31.577376  -20.101624  -28.908824  132.444292  -9.999412  -49.243642  27.757673  115.772949
0.068320  0.000000  0.000000  0.000000  -37.724716  3.738575  32.500000  30.766871  -21.395826  -31.196190  132.444292  -9.999412  -49.243642  27.757673  115.772949
0.068554  0.000000  0.000000  0.000000  -37.724716  3.738575  35.000000  29.893734  -22.658479  -33.523889  132.444292  -9.999412  -49.243642  27.757673  115.772949
0.068788  0.000000  0.000000  0.000000  -37.724716  3.738575  37.500000  28.957030  -23.886892  -35.894225  132.444292  -9.999412  -49.243642  27.757673  115.772949
0.069022  0.000000  0.000000  0.000000  -37.724716  3.738575  40.000000  27.956002  -25.078313  -38.309307  132.444292  -9.999412  -49.243642  27.757673  115.772949
0.069256  0.000000  0.000000  0.000000  -37.724716  3.738575  42.500000  26.890036  -26.229898  -40.771046  132.444292  -9.999412  -49.243642  27.757673  115.772949
0.069490  0.000000  0.000000  0.000000  -37.724716  3.738575  45.000000  25.758727  -27.338725  -43.281097  132.444292  -9.999412  -49.243642  27.757673  115.772949
0.069724  0.000000  0.000000  0.000000  -37.724716  3.738575  47.500000  24.561925  -28.401802  -45.840816  132.444292  -9.999412  -49.243642  27.757673  115.772949
0.069958  0.000000  0.000000  0.000000  -37.724716  3.738575  50.000000  23.299797  -29.416083  -48.451204  132.444292  -9.999412  -49.243642  27.757673  115.772949
0.070192  0.000000  0.000000  0.000000  -42.239002  14.147851  -10.000000  35.700296  8.570019  7.931320  88.345537  7.751428  -10.577517  28.247469  112.071793
0.070426  0.000000  0.000000  0.000000  -42.239002  14.147851  -7.500000  35.979324  7.106058  5.885617  88.345537  7.751428  -10.577517  28.247469  112.071793
0.070660  0.000000  0.000000  0.000000  -42.239002  14.147851  -5.000000  36.204878  5.633192  3.852948  88.345537  7.751428  -10.577517  28.247469  112.071793
0.070894  0.000000  0.000000  0.000000  -42.239002  14.147851  -2.500000  36.377413  4.153314  1.830575  88.345537  7.751428  -10.577517  28.247469  112.071793
0.071128  0.000000  0.000000  0.000000  -42.239002  14.147851  0.000000  36.497309  2.668304  -0.184196  88.345537  7.751428  -10.577517  28.247469  112.071793
0.071362  0.000000  0.000000  0.000000  -42.239002  14.147851  2.500000  36.564807  1.180005  -2.194109  88.345537  7.751428  -10.577517  28.247469  112.071793
0.071596  0.000000  0.000000  0.000000  -42.239002  14.147851  5.000000  36.580057  -0.309743  -4.201871  88.345537  7.751428  -10.577517  28.247469  112.071793
0.071830  0.000000  0.000000  0.000000  -42.239002  14.147851  7.500000  36.543093  -1.799113  -6.210198  88.345537  7.751428  -10.577517  28.247469  112.071793
0.072064  0.000000  0.000000  0.000000  -42.239002  14.147851  10.000000  36.453833  -3.286267  -8.221804  88.345537  7.751428  -10.577517  28.247469  112.071793
0.072298  0.000000  0.000000  0.000000  -42.239002  14.147851  12.500000  36.312090  -4.769367  -10.239406  88.345537  7.751428  -10.577517  28.247469  112.071793
0.072532  0.000000  0.000000  0.000000  -42.239002  14.147851  15.000000  36.117562  -6.246552  -12.265724  88.345537  7.751428  -10.577517  28.247469  112.071793
0.072766  0.000000  0.000000  0.000000  -42.239002  14.147851  17.500000  35.869835  -7.715956  -14.303486  88.345537  7.751428  -10.577517  28.247469  112.071793
0.073000  0.000000  0.000000  0.000000  -42.239002  14.147851  20.000000  35.568404  -9.175645  -16.355408  88.345537  7.751428  -10.577517  28.247469  112.071793
0.073234  0.000000  0.000000  0.000000  -42.239002  14.147851  22.500000  35.212661  -10.623671  -18.424219  88.345537  7.751428  -10.577517  28.247469  112.071793
0.073467  0.000000  0.000000  0.000000  -42.239002  14.147851  25.000000  34.801907  -12.058035  -20.512644  88.345537  7.751428  -10.577517  28.247469  112.071793
0.073701  0.000000  0.000000  0.000000  -42.239002  14.147851  27.500000  34.335361  -13.476686  -22.623400  88.345537  7.751428  -10.577517  28.247469  112.071793
0.073935  0.000000  0.000000  0.000000  -42.239002  14.147851  30.000000  33.812172  -14.877509  -24.759191  88.345537  7.751428  -10.577517  28.247469  112.071793
0.074169  0.000000  0.000000  0.000000  -42.239002  14.147851  32.500000  33.231410  -16.258303  -26.922722  88.345537  7.751428  -10.577517  28.247469  112.071793
0.074403  0.000000  0.000000  0.000000  -42.239002  14.147851  35.000000  32.592151  -17.616849  -29.116616  88.345537  7.751428  -10.577517  28.247469  112.071793
0.074637  0.000000  0.000000  0.000000  -42.239002  14.147851  37.500000  31.893393  -18.950790  -31.343501  88.345537  7.751428  -10.577517  28.247469  112.071793
0.074871  0.000000  0.000000  0.000000  -42.239002  14.147851  40.000000  31.134163  -20.257723  -33.605905  88.345537  7.751428  -10.577517  28.247469  112.071793
0.075105  0.000000  0.000000  0.000000  -42.239002  14.147851  42.500000  30.313527  -21.535162  -35.906277  88.345537  7.751428  -10.577517  28.247469  112.071793
0.075339  0.000000  0.000000  0.000000  -42.239002  14.147851  45.000000  29.430555  -22.780508  -38.246970  88.345537  7.751428  -10.577517  28.247469  112.071793
0.075573  0.000000  0.000000  0.000000  -42.239002  14.147851  47.500000  28.484444  -23.991098  -40.630177  88.345537  7.751428  -10.577517  28.247469  112.071793
0.075807  0.000000  0.000000  0.000000  -42.239002  14.147851  50.000000  27.474508  -25.164177  -43.057915  88.345537  7.751428  -10.577517  28.247469  112.071793
0.076041  0.000000  0.000000  0.000000  -37.291325  9.776114  -10.000000  38.834831  0.705346  7.787433  129.138613  -6.323201  -14.239768  24.436933  124.948818
0.076275  0.000000  0.000000  0.000000  -37.291325  9.776114  -7.500000  38.832160  -0.862452  5.840064  129.138613  -6.323201  -14.239768  24.436933  124.948818
0.076509  0.000000  0.000000  0.000000  -37.291325  9.776114  -5.000000  38.776168  -2.429249  3.891084  129.138613  -6.323201  -14.239768  24.436933  124.948818
0.076743  0.000000  0.000000  0.000000  -37.291325  9.776114  -2.500000  38.666721  -3.993243  1.937591  129.138613  -6.323201  -14.239768  24.436933  124.948818
0.076977  0.000000  0.000000  0.000000  -37.291325  9.776114  0.000000  38.503527  -5.552587  -0.023355  129.138613  -6.323201  -14.239768  24.436933  124.948818
0.077211  0.000000  0.000000  0.000000  -37.291325  9.776114  2.500000  38.286175  -7.105435  -1.994686  129.138613  -6.323201  -14.239768  24.436933  124.948818
0.077445  0.000000  0.000000  0.000000  -37.291325  9.776114  5.000000  38.014118  -8.649906  -3.979340  129.138613  -6.323201  -14.239768  24.436933  124.948818
0.077679  0.000000  0.000000  0.000000  -37.291325  9.776114  7.500000  37.686651  -10.184063  -5.980291  129.138613  -6.323201  -14.239768  24.436933  124.948818
0.077913  0.000000  0.000000  0.000000  -37.291325  9.776114  10.000000  37.303013  -11.705948  -8.000507  129.138613  -6.323201  -14.239768  24.436933  124.948818
0.078147  0.000000  0.000000  0.000000  -37.291325  9.776114  12.500000  36.862253  -13.213528  -10.042979  129.138613  -6.323201  -14.239768  24.436933  124.948818
0.078381  0.000000  0.000000  0.000000  -37.291325  9.776114  15.000000  36.363367  -14.704705  -12.110697  129.138613  -6.323201  -14.239768  24.436933  124.948818
0.078615  0.000000  0.000000  0.000000  -37.291325  9.776114  17.500000  35.805217  -16.177315  -14.206680  129.138613  -6.323201  -14.239768  24.436933  124.948818
0.078849  0.000000  0.000000  0.000000  -37.291325  9.776114  20.000000  35.186590  -17.629099  -16.333933  129.138613  -6.323201  -14.239768  24.436933  124.948818
0.079083  0.000000  0.000000  0.000000  -37.291325  9.776114  22.500000  34.506212  -19.057722  -18.495443  129.138613  -6.323201  -14.239768  24.436933  124.948818
0.079317  0.000000  0.000000  0.000000  -37.291325  9.776114  25.000000  33.762749  -20.460744  -20.694172  129.138613  -6.323201  -14.239768  24.436933  124.948818
0.079551  0.000000  0.000000  0.000000  -37.291325  9.776114  27.500000  32.954868  -21.835634  -22.933031  129.138613  -6.323201  -14.239768  24.436933  124.948818
0.079785  0.000000  0.000000  0.000000  -37.291325  9.776114  30.000000  32.081204  -23.179737  -25.214871  129.138613  -6.323201  -14.239768  24.436933  124.948818
0.080019  0.000000  0.000000  0.000000  -37.291325  9.776114  32.500000  31.140458  -24.490299  -27.542429  129.138613  -6.323201  -14.239768  24.436933  124.948818
0.080253  0.000000  0.000000  0.000000  -37.291325  9.776114  35.000000  30.131400  -25.764449  -29.918301  129.138613  -6.323201  -14.239768  24.436933  124.948818
0.080487  0.000000  0.000000  0.000000  -37.291325  9.776114  37.500000  29.052937  -26.999208  -32.344922  129.138613  -6.323201  -14.239768  24.436933  124.948818
0.080721  0.000000  0.000000  0.000000  -37.291325  9.776114  40.000000  27.904144  -28.191487  -34.824479  129.138613  -6.323201  -14.239768  24.436933  124.948818
0.080955  0.000000  0.000000  0.000000  -37.291325  9.776114  42.500000  26.684340  -29.338093  -37.358877  129.138613  -6.323201  -14.239768  24.436933  124.948818
0.081189  0.000000  0.000000  0.000000  -37.291325  9.776114  45.000000  25.393140  -30.435758  -39.949696  129.138613  -6.323201  -14.239768  24.436933  124.948818
0.081423  0.000000  0.000000  0.000000  -37.291325  9.776114  47.500000  24.030546  -31.481106  -42.598056  129.138613  -6.323201  -14.239768  24.436933  124.948818
0.081657  0.000000  0.000000  0.000000  -37.291325  9.776114  50.000000  22.596999  -32.470731  -45.304632  129.138613  -6.323201  -14.239768  24.436933  124.948818
0.081891  0.000000  0.000000  0.000000  -18.285406  15.881722  -10.000000  36.123003  8.838842  14.158396  89.118224  10.263870  -70.363680  27.414126  121.258331
0.082124  0.000000  0.000000  0.000000  -18.285406  15.881722  -7.500000  36.409898  7.359831  12.122455  89.118224  10.263870  -70.363680  27.414126  121.258331
0.082358  0.000000  0.000000  0.000000  -18.285406  15.881722  -5.000000  36.642941  5.871693  10.100088  89.118224  10.263870  -70.363680  27.414126  121.258331
0.082592  0.000000  0.000000  0.000000  -18.285406  15.881722  -2.500000  36.822624  4.376327  8.088513  89.118224  10.263870  -70.363680  27.414126  121.258331
0.082826  0.000000  0.000000  0.000000  -18.285406  15.881722  0.000000  36.949363  2.875614  6.084987  89.118224  10.263870  -70.363680  27.414126  121.258331
0.083060  0.000000  0.000000  0.000000  -18.285406  15.881722  2.500000  37.023425  1.371397  4.086723  89.118224  10.263870  -70.363680  27.414126  121.258331
0.083294  0.000000  0.000000  0.000000  -18.285406  15.881722  5.000000  37.044966  -0.134483  2.090976  89.118224  10.263870  -70.363680  27.414126  121.258331
0.083528  0.000000  0.000000  0.000000  -18.285406  15.881722  7.500000  37.014050  -1.640200  0.094982  89.118224  10.263870  -70.363680  27.414126  121.258331
0.083762  0.000000  0.000000  0.000000  -18.285406  15.881722  10.000000  36.930594  -3.143932  -1.904020  89.118224  10.263870  -70.363680  27.414126  121.258331
0.083996  0.000000  0.000000  0.000000  -18.285406  15.881722  12.500000  36.794433  -4.643822  -3.908782  89.118224  10.263870  -70.363680  27.414126  121.258331
0.084230  0.000000  0.000000  0.000000  -18.285406  15.881722  15.000000  36.605250  -6.138033  -5.922074  89.118224  10.263870  -70.363680  27.414126  121.258331
0.084464  0.000000  0.000000  0.000000  -18.285406  15.881722  17.500000  36.362638  -7.624679  -7.946665  89.118224  10.263870  -70.363680  27.414126  121.258331
0.084698  0.000000  0.000000  0.000000  -18.285406  15.881722  20.000000  36.066055  -9.101859  -9.985319  89.118224  10.263870  -70.363680  27.414126  121.258331
0.084932  0.000000  0.000000  0.000000  -18.285406  15.881722  22.500000  35.714896  -10.567613  -12.040822  89.118224  10.263870  -70.363680  27.414126  121.258331
0.085166  0.000000  0.000000  0.000000  -18.285406  15.881722  25.000000  35.308429  -12.019948  -14.115947  89.118224  10.263870  -70.363680  27.414126  121.258331
0.085400  0.000000  0.000000  0.000000  -18.285406  15.881722  27.500000  34.845844  -13.456814  -16.213469  89.118224  10.263870  -70.363680  27.414126  121.258331
0.085634  0.000000  0.000000  0.000000  -18.285406  15.881722  30.000000  34.326236  -14.876083  -18.336169  89.118224  10.263870  -70.363680  27.414126  121.258331
0.085868  0.000000  0.000000  0.000000  -18.285406  15.881722  32.500000  33.748656  -16.275585  -20.486786  89.118224  10.263870  -70.363680  27.414126  121.258331
0.086102  0.000000  0.000000  0.000000  -18.285406  15.881722  35.000000  33.112102  -17.653070  -22.668050  89.118224  10.263870  -70.363680  27.414126  121.258331
0.086336  0.000000  0.000000  0.000000  -18.285406  15.881722  37.500000  32.415528  -19.006188  -24.882646  89.118224  10.263870  -70.363680  27.414126  121.258331
0.086570  0.000000  0.000000  0.000000  -18.285406  15.881722  40.000000  31.657863  -20.332527  -27.133206  89.118224  10.263870  -70.363680  27.414126  121.258331
0.086804  0.000000  0.000000  0.000000  -18.285406  15.881722  42.500000  30.838096  -21.629568  -29.422271  89.118224  10.263870  -70.363680  27.414126  121.258331
0.087038  0.000000  0.000000  0.000000  -18.285406  15.881722  45.000000  29.955224  -22.894713  -31.752287  89.118224  10.263870  -70.363680  27.414126  121.258331
0.087272  0.000000  0.000000  0.000000  -18.285406  15.881722  47.500000  29.008338  -24.125270  -34.125556  89.118224  10.263870  -70.363680  27.414126  121.258331
0.087506  0.000000  0.000000  0.000000  -18.285406  15.881722  50.000000  27.996646  -25.318455  -36.544212  89.118224  10.263870  -70.363680  27.414126  121.258331
0.087740  0.000000  0.000000  0.000000  -31.318934  12.119847  -10.000000  39.191392  26.001746  19.824473  123.343458  -11.070565  -42.096501  10.119243  117.234333
0.087974  0.000000  0.000000  0.000000  -31.318934  12.119847  -7.500000  40.097575  24.406489  17.696918  123.343458  -11.070565  -42.096501  10.119243  117.234333
0.088208  0.000000  0.000000  0.000000  -31.318934  12.119847  -5.000000  40.927867  22.782256  15.622929  123.343458  -11.070565  -42.096501  10.119243  117.234333
0.088442  0.000000  0.000000  0.000000  -31.318934  12.119847  -2.500000  41.685107  21.131855  13.598138  123.343458  -11.070565  -42.096501  10.119243  117.234333
0.088676  0.000000  0.000000  0.000000  -31.318934  12.119847  0.000000  42.371962  19.457925  11.618255  123.343458  -11.070565  -42.096501  10.119243  117.234333
0.088910  0.000000  0.000000  0.000000  -31.318934  12.119847  2.500000  42.990941  17.762952  9.679077  123.343458  -11.070565  -42.096501  10.119243  117.234333
0.089144  0.000000  0.000000  0.000000  -31.318934  12.119847  5.000000  43.544324  16.049271  7.776512  123.343458  -11.070565  -42.096501  10.119243  117.234333
0.089378  0.000000  0.000000  0.000000  -31.318934  12.119847  7.500000  44.034202  14.319094  5.906567  123.343458  -11.070565  -42.096501  10.119243  117.234333
0.089612  0.000000  0.000000  0.000000  -31.318934  12.119847  10.000000  44.462446  12.574514  4.065353  123.343458  -11.070565  -42.096501  10.119243  117.234333
0.089846  0.000000  0.000000  0.000000  -31.318934  12.119847  12.500000  44.830716  10.817536  2.249069  123.343458  -11.070565  -42.096501  10.119243  117.234333
0.090080  0.000000  0.000000  0.000000  -31.318934  12.119847  15.000000  45.140445  9.050068  0.454012  123.343458  -11.070565  -42.096501  10.119243  117.234333
0.090314  0.000000  0.000000  0.000000  -31.318934  12.119847  17.500000  45.392842  7.273948  -1.323440  123.343458  -11.070565  -42.096501  10.119243  117.234333
0.090547  0.000000  0.000000  0.000000  -31.318934  12.119847  20.000000  45.588910  5.490959  -3.086857  123.343458  -11.070565  -42.096501  10.119243  117.234333
0.090781  0.000000  0.000000  0.000000  -31.318934  12.119847  22.500000  45.729422  3.702829  -4.839741  123.343458  -11.070565  -42.096501  10.119243  117.234333
0.091015  0.000000  0.000000  0.000000  -31.318934  12.119847  25.000000  45.814935  1.911260  -6.585544  123.343458  -11.070565  -42.096501  10.119243  117.234333
0.091249  0.000000  0.000000  0.000000  -31.318934  12.119847  27.500000  45.845791  0.117924  -8.327712  123.343458  -11.070565  -42.096501  10.119243  117.234333
0.091483  0.000000  0.000000  0.000000  -31.318934  12.119847  30.000000  45.822112  -1.675526  -10.069655  123.343458  -11.070565  -42.096501  10.119243  117.234333
0.091717  0.000000  0.000000  0.000000  -31.318934  12.119847  32.500000  45.743800  -3.467419  -11.814783  123.343458  -11.070565  -42.096501  10.119243  117.234333
0.091951  0.000000  0.000000  0.000000  -31.318934  12.119847  35.000000  45.610544  -5.256094  -13.566538  123.343458  -11.070565  -42.096501  10.119243  117.234333
0.092185  0.000000  0.000000  0.000000  -31.318934  12.119847  37.500000  45.421822  -7.039857  -15.328371  123.343458  -11.070565  -42.096501  10.119243  117.234333
0.092419  0.000000  0.000000  0.000000  -31.318934  12.119847  40.000000  45.176880  -8.816978  -17.103778  123.343458  -11.070565  -42.096501  10.119243  117.234333
0.092653  0.000000  0.000000  0.000000  -31.318934  12.119847  42.500000  44.874758  -10.585686  -18.896312  123.343458  -11.070565  -42.096501  10.119243  117.234333
0.092887  0.000000  0.000000  0.000000  -31.318934  12.119847  45.000000  44.514264  -12.344152  -20.709594  123.343458  -11.070565  -42.096501  10.119243  117.234333
0.093121  0.000000  0.000000  0.000000  -31.318934  12.119847  47.500000  44.093991  -14.090478  -22.547319  123.343458  -11.070565  -42.096501  10.119243  117.234333
0.093355  0.000000  0.000000  0.000000  -31.318934  12.119847  50.000000  43.612321  -15.822664  -24.413264  123.343458  -11.070565  -42.096501  10.119243  117.234333
0.093589  0.000000  0.000000  0.000000  -21.584236  -1.805335  -10.000000  39.962832  8.904014  3.540705  91.958834  18.032466  -52.505161  23.793694  127.525713
0.093823  0.000000  0.000000  0.000000  -21.584236  -1.805335  -7.500000  40.235016  7.293597  1.609166  91.958834  18.032466  -52.505161  23.793694  127.525713
0.094057  0.000000  0.000000  0.000000  -21.584236  -1.805335  -5.000000  40.451620  5.675030  -0.308487  91.958834  18.032466  -52.505161  23.793694  127.525713
0.094291  0.000000  0.000000  0.000000  -21.584236  -1.805335  -2.500000  40.613287  4.050182  -2.215387  91.958834  18.032466  -52.505161  23.793694  127.525713
0.094525  0.000000  0.000000  0.000000  -21.584236  -1.805335  0.000000  40.720507  2.420883  -4.114624  91.958834  18.032466  -52.505161  23.793694  127.525713
0.094759  0.000000  0.000000  0.000000  -21.584236  -1.805335  2.500000  40.773582  0.788932  -6.009300  91.958834  18.032466  -52.505161  23.793694  127.525713
0.094993  0.000000  0.000000  0.000000  -21.584236  -1.805335  5.000000  40.772674  -0.843886  -7.902491  91.958834  18.032466  -52.505161  23.793694  127.525713
0.095227  0.000000  0.000000  0.000000  -21.584236  -1.805335  7.500000  40.717778  -2.475772  -9.797270  91.958834  18.032466  -52.505161  23.793694  127.525713
0.095461  0.000000  0.000000  0.000000  -21.584236  -1.805335  10.000000  40.608731  -4.104954  -11.696719  91.958834  18.032466  -52.505161  23.793694  127.525713
0.095695  0.000000  0.000000  0.000000  -21.584236  -1.805335  12.500000  40.445227  -5.729615  -13.603924  91.958834  18.032466  -52.505161  23.793694  127.525713
0.095929  0.000000  0.000000  0.000000  -21.584236  -1.805335  15.000000  40.226771  -7.347935  -15.521996  91.958834  18.032466  -52.505161  23.793694  127.525713
0.096163  0.000000  0.000000  0.000000  -21.584236  -1.805335  17.500000  39.952712  -8.958060  -17.454052  91.958834  18.032466  -52.505161  23.793694  127.525713
0.096397  0.000000  0.000000  0.000000  -21.584236  -1.805335  20.000000  39.622283  -10.558072  -19.403250  91.958834  18.032466  -52.505161  23.793694  127.525713
0.096631  0.000000  0.000000  0.000000  -21.584236  -1.805335  22.500000  39.234537  -12.146018  -21.372768  91.958834  18.032466  -52.505161  23.793694  127.525713
0.096865  0.000000  0.000000  0.000000  -21.584236  -1.805335  25.000000  38.788391  -13.719876  -23.365815  91.958834  18.032466  -52.505161  23.793694  127.525713
0.097099  0.000000  0.000000  0.000000  -21.584236  -1.805335  27.500000  38.282618  -15.277543  -25.385640  91.958834  18.032466  -52.505161  23.793694  127.525713
0.097333  0.000000  0.000000  0.000000  -21.584236  -1.805335  30.000000  37.715853  -16.816825  -27.435521  91.958834  18.032466  -52.505161  23.793694  127.525713
0.097567  0.000000  0.000000  0.000000  -21.584236  -1.805335  32.500000  37.086665  -18.335485  -29.518729  91.958834  18.032466  -52.505161  23.793694  127.525713
0.097801  0.000000  0.000000  0.000000  -21.584236  -1.805335  35.000000  36.393469  -19.831130  -31.638575  91.958834  18.032466  -52.505161  23.793694  127.525713
0.098035  0.000000  0.000000  0.000000  -21.584236  -1.805335  37.500000  35.634614  -21.301276  -33.798366  91.958834  18.032466  -52.505161  23.793694  127.525713
0.098269  0.000000  0.000000  0.000000  -21.584236  -1.805335  40.000000  34.808398  -22.743315  -36.001389  91.958834  18.032466  -52.505161  23.793694  127.525713
0.098503  0.000000  0.000000  0.000000  -21.584236  -1.805335  42.500000  33.913092  -24.154512  -38.250885  91.958834  18.032466  -52.505161  23.793694  127.525713
0.098737  0.000000  0.000000  0.000000  -21.584236  -1.805335  45.000000  32.946951  -25.532020  -40.550029  91.958834  18.032466  -52.505161  23.793694  127.525713
0.098971  0.000000  0.000000  0.000000  -21.584236  -1.805335  47.500000  31.908330  -26.872803  -42.901841  91.958834  18.032466  -52.505161  23.793694  127.525713
0.099204  0.000000  0.000000  0.000000  -21.584236  -1.805335  50.000000  30.795652  -28.173749  -45.309261  91.958834  18.032466  -52.505161  23.793694  127.525713
0.099438  0.000000  0.000000  0.000000  -31.585334  10.976275  -10.000000  39.495029  7.597305  8.385603  83.239284  4.775200  -88.491296  22.823247  110.358569
0.099672  0.000000  0.000000  0.000000  -31.585334  10.976275  -7.500000  39.724739  6.003261  6.446011  83.239284  4.775200  -88.491296  22.823247  110.358569
0.099906  0.000000  0.000000  0.000000  -31.585334  10.976275  -5.000000  39.899621  4.402423  4.517750  83.239284  4.775200  -88.491296  22.823247  110.358569
0.100140  0.000000  0.000000  0.000000  -31.585334  10.976275  -2.500000  40.020192  2.796647  2.597798  83.239284  4.775200  -88.491296  22.823247  110.358569
0.100374  0.000000  0.000000  0.000000  -31.585334  10.976275  0.000000  40.086771  1.187739  0.683090  83.239284  4.775200  -88.491296  22.823247  110.358569
0.100608  0.000000  0.000000  0.000000  -31.585334  10.976275  2.500000  40.099541  -0.422488  -1.229381  83.239284  4.775200  -88.491296  22.823247  110.358569
0.100842  0.000000  0.000000  0.000000  -31.585334  10.976275  5.000000  40.058551  -2.032248  -3.142649  83.239284  4.775200  -88.491296  22.823247  110.358569
0.101076  0.000000  0.000000  0.000000  -31.585334  10.976275  7.500000  39.963681  -3.639737  -5.059734  83.239284  4.775200  -88.491296  22.823247  110.358569
0.101310  0.000000  0.000000  0.000000  -31.585334  10.976275  10.000000  39.814663  -5.243150  -6.983665  83.239284  4.775200  -88.491296  22.823247  110.358569
0.101544  0.000000  0.000000  0.000000  -31.585334  10.976275  12.500000  39.611081  -6.840653  -8.917487  83.239284  4.775200  -88.491296  22.823247  110.358569
0.101778  0.000000  0.000000  0.000000  -31.585334  10.976275  15.000000  39.352360  -8.430389  -10.864256  83.239284  4.775200  -88.491296  22.823247  110.358569
0.102012  0.000000  0.000000  0.000000  -31.585334  10.976275  17.500000  39.037795  -10.010452  -12.827055  83.239284  4.775200  -88.491296  22.823247  110.358569
0.102246  0.000000  0.000000  0.000000  -31.585334  10.976275  20.000000  38.666529  -11.578895  -14.808985  83.239284  4.775200  -88.491296  22.823247  110.358569
0.102480  0.000000  0.000000  0.000000  -31.585334  10.976275  22.500000  38.237574  -13.133710  -16.813173  83.239284  4.775200  -88.491296  22.823247  110.358569
0.102714  0.000000  0.000000  0.000000  -31.585334  10.976275  25.000000  37.749807  -14.672818  -18.842773  83.239284  4.775200  -88.491296  22.823247  110.358569
0.102948  0.000000  0.000000  0.000000  -31.585334  10.976275  27.500000  37.201979  -16.194053  -20.900968  83.239284  4.775200  -88.491296  22.823247  110.358569
0.103182  0.000000  0.000000  0.000000  -31.585334  10.976275  30.000000  36.592744  -17.695177  -22.990939  83.239284  4.775200  -88.491296  22.823247  110.358569
0.103416  0.000000  0.000000  0.000000  -31.585334  10.976275  32.500000  35.920670  -19.173863  -25.115873  83.239284  4.775200  -88.491296  22.823247  110.358569
0.103650  0.000000  0.000000  0.000000  -31.585334  10.976275  35.000000  35.184244  -20.627656  -27.278964  83.239284  4.775200  -88.491296  22.823247  110.358569
0.103884  0.000000  0.000000  0.000000  -31.585334  10.976275  37.500000  34.381866  -22.054033  -29.483374  83.239284  4.775200  -88.491296  22.823247  110.358569
0.104118  0.000000  0.000000  0.000000  -31.585334  10.976275  40.000000  33.511971  -23.450287  -31.732222  83.239284  4.775200  -88.491296  22.823247  110.358569
0.104352  0.000000  0.000000  0.000000  -31.585334  10.976275  42.500000  32.572977  -24.813634  -34.028550  83.239284  4.775200  -88.491296  22.823247  110.358569
0.104586  0.000000  0.000000  0.000000  -31.585334  10.976275  45.000000  31.563333  -26.141158  -36.375276  83.239284  4.775200  -88.491296  22.823247  110.358569
0.104820  0.000000  0.000000  0.000000  -31.585334  10.976275  47.500000  30.481619  -27.429801  -38.775186  83.239284  4.775200  -88.491296  22.823247  110.358569
0.105054  0.000000  0.000000  0.000000  -31.585334  10.976275  50.000000  29.326544  -28.676386  -41.230843  83.239284  4.775200  -88.491296  22.823247  110.358569
0.105288  0.000000  0.000000  0.000000  -37.089965  8.469841  -10.000000  39.275566  -2.454601  5.615194  47.504777  -4.324077  -27.170021  13.664821  118.723490
0.105522  0.000000  0.000000  0.000000  -37.089965  8.469841  -7.500000  39.165747  -4.035537  3.675365  47.504777  -4.324077  -27.170021  13.664821  118.723490
0.105756  0.000000  0.000000  0.000000  -37.089965  8.469841  -5.000000  39.001961  -5.611832  1.727967  47.504777  -4.324077  -27.170021  13.664821  118.723490
0.105990  0.000000  0.000000  0.000000  -37.089965  8.469841  -2.500000  38.783786  -7.181652  -0.229968  47.504777  -4.324077  -27.170021  13.664821  118.723490
0.106224  0.000000  0.000000  0.000000  -37.089965  8.469841  0.000000  38.510635  -8.743116  -2.201427  47.504777  -4.324077  -27.170021  13.664821  118.723490
0.106458  0.000000  0.000000  0.000000  -37.089965  8.469841  2.500000  38.181817  -10.294303  -4.189432  47.504777  -4.324077  -27.170021  13.664821  118.723490
0.106692  0.000000  0.000000  0.000000  -37.089965  8.469841  5.000000  37.796496  -11.833243  -6.197011  47.504777  -4.324077  -27.170021  13.664821  118.723490
0.106926  0.000000  0.000000  0.000000  -37.089965  8.469841  7.500000  37.353681  -13.357911  -8.227210  47.504777  -4.324077  -27.170021  13.664821  118.723490
0.107160  0.000000  0.000000  0.000000  -37.089965  8.469841  10.000000  36.852329  -14.866201  -10.283077  47.504777  -4.324077  -27.170021  13.664821  118.723490
0.107394  0.000000  0.000000  0.000000  -37.089965  8.469841  12.500000  36.291240  -16.355946  -12.367702  47.504777  -4.324077  -27.170021  13.664821  118.723490
0.107628  0.000000  0.000000  0.000000  -37.089965  8.469841  15.000000  35.669136  -17.824883  -14.484167  47.504777  -4.324077  -27.170021  13.664821  118.723490
0.107861  0.000000  0.000000  0.000000  -37.089965  8.469841  17.500000  34.984669  -19.270663  -16.635537  47.504777  -4.324077  -27.170021  13.664821  118.723490
0.108095  0.000000  0.000000  0.000000  -37.089965  8.469841  20.000000  34.236423  -20.690831  -18.824862  47.504777  -4.324077  -27.170021  13.664821  118.723490
0.108329  0.000000  0.000000  0.000000  -37.089965  8.469841  22.500000  33.422979  -22.082837  -21.055143  47.504777  -4.324077  -27.170021  13.664821  118.723490
0.108563  0.000000  0.000000  0.000000  -37.089965  8.469841  25.000000  32.542874  -23.444002  -23.329332  47.504777  -4.324077  -27.170021  13.664821  118.723490
0.108797  0.000000  0.000000  0.000000  -37.089965  8.469841  27.500000  31.594704  -24.771541  -25.650272  47.504777  -4.324077  -27.170021  13.664821  118.723490
0.109031  0.000000  0.000000  0.000000  -37.089965  8.469841  30.000000  30.577132  -26.062548  -28.020672  47.504777  -4.324077  -27.170021  13.664821  118.723490
0.109265  0.000000  0.000000  0.000000  -37.089965  8.469841  32.500000  29.488948  -27.314001  -30.443078  47.504777  -4.324077  -27.170021  13.664821  118.723490
0.109499  0.000000  0.000000  0.000000  -37.089965  8.469841  35.000000  28.329110  -28.522760  -32.919797  47.504777  -4.324077  -27.170021  13.664821  118.723490
0.109733  0.000000  0.000000  0.000000  -37.089965  8.469841  37.500000  27.096819  -29.685575  -35.452851  47.504777  -4.324077  -27.170021  13.664821  118.723490
0.109967  0.000000  0.000000  0.000000  -37.089965  8.469841  40.000000  25.791578  -30.799100  -38.043918  47.504777  -4.324077  -27.170021  13.664821  118.723490
0.110201  0.000000  0.000000  0.000000  -37.089965  8.469841  42.500000  24.413266  -31.859918  -40.694275  47.504777  -4.324077  -27.170021  13.664821  118.723490
0.110435  0.000000  0.000000  0.000000  -37.089965  8.469841  45.000000  22.962234  -32.864512  -43.404651  47.504777  -4.324077  -27.170021  13.664821  118.723490
0.110669  0.000000  0.000000  0.000000  -37.089965  8.469841  47.500000  21.439362  -33.809358  -46.175249  47.504777  -4.324077  -27.170021  13.664821  118.723490
0.110903  0.000000  0.000000  0.000000  -37.089965  8.469841  50.000000  19.846146  -34.690916  -49.005610  47.504777  -4.324077  -27.170021  13.664821  118.723490
0.111137  0.000000  0.000000  0.000000  -17.062240  16.759775  -10.000000  34.591537  6.060130  6.117825  100.928931  -0.381374  -30.690288  17.543772  111.514641
0.111371  0.000000  0.000000  0.000000  -17.062240  16.759775  -7.500000  34.784019  4.637211  4.053211  100.928931  -0.381374  -30.690288  17.543772  111.514641
0.111605  0.000000  0.000000  0.000000  -17.062240  16.759775  -5.000000  34.924726  3.208329  1.996939  100.928931  -0.381374  -30.690288  17.543772  111.514641
0.111839  0.000000  0.000000  0.000000  -17.062240  16.759775  -2.500000  35.013894  1.775332  -0.053593  100.928931  -0.381374  -30.690288  17.543772  111.514641
0.112073  0.000000  0.000000  0.000000  -17.062240  16.759775  0.000000  35.051694  0.340067  -2.100947  100.928931  -0.381374  -30.690288  17.543772  111.514641
0.112307  0.000000  0.000000  0.000000  -17.062240  16.759775  2.500000  35.038197  -1.095636  -4.147693  100.928931  -0.381374  -30.690288  17.543772  111.514641
0.112541  0.000000  0.000000  0.000000  -17.062240  16.759775  5.000000  34.973375  -2.529938  -6.196402  100.928931  -0.381374  -30.690288  17.543772  111.514641
0.112775  0.000000  0.000000  0.000000  -17.062240  16.759775  7.500000  34.857113  -3.960997  -8.249639  100.928931  -0.381374  -30.690288  17.543772  111.514641
0.113009  0.000000  0.000000  0.000000  -17.062240  16.759775  10.000000  34.689193  -5.386973  -10.309980  100.928931  -0.381374  -30.690288  17.543772  111.514641
0.113243  0.000000  0.000000  0.000000  -17.062240  16.759775  12.500000  34.469312  -6.805992  -12.379991  100.928931  -0.381374  -30.690288  17.543772  111.514641
0.113477  0.000000  0.000000  0.000000  -17.062240  16.759775  15.000000  34.197084  -8.216155  -14.462238  100.928931  -0.381374  -30.690288  17.543772  111.514641
0.113711  0.000000  0.000000  0.000000  -17.062240  16.759775  17.500000  33.872007  -9.615550  -16.559277  100.928931  -0.381374  -30.690288  17.543772  111.514641
0.113945  0.000000  0.000000  0.000000  -17.062240  16.759775  20.000000  33.493559  -11.002196  -18.673663  100.928931  -0.381374  -30.690288  17.543772  111.514641
0.114179  0.000000  0.000000  0.000000  -17.062240  16.759775  22.500000  33.061110  -12.374089  -20.807933  100.928931  -0.381374  -30.690288  17.543772  111.514641
0.114413  0.000000  0.000000  0.000000  -17.062240  16.759775  25.000000  32.573986  -13.729172  -22.964602  100.928931  -0.381374  -30.690288  17.543772  111.514641
0.114647  0.000000  0.000000  0.000000  -17.062240  16.759775  27.500000  32.031452  -15.065314  -25.146170  100.928931  -0.381374  -30.690288  17.543772  111.514641
0.114881  0.000000  0.000000  0.000000  -17.062240  16.759775  30.000000  31.432767  -16.380353  -27.355073  100.928931  -0.381374  -30.690288  17.543772  111.514641
0.115115  0.000000  0.000000  0.000000  -17.062240  16.759775  32.500000  30.777154  -17.672044  -29.593713  100.928931  -0.381374  -30.690288  17.543772  111.514641
0.115349  0.000000  0.000000  0.000000  -17.062240  16.759775  35.000000  30.063865  -18.938073  -31.864413  100.928931  -0.381374  -30.690288  17.543772  111.514641
0.115583  0.000000  0.000000  0.000000  -17.062240  16.759775  37.500000  29.292121  -20.176059  -34.169432  100.928931  -0.381374  -30.690288  17.543772  111.514641
0.115817  0.000000  0.000000  0.000000  -17.062240  16.759775  40.000000  28.461286  -21.383556  -36.510865  100.928931  -0.381374  -30.690288  17.543772  111.514641
0.116051  0.000000  0.000000  0.000000  -17.062240  16.759775  42.500000  27.570742  -22.558032  -38.890729  100.928931  -0.381374  -30.690288  17.543772  111.514641
0.116285  0.000000  0.000000  0.000000  -17.062240  16.759775  45.000000  26.620009  -23.696897  -41.310839  100.928931  -0.381374  -30.690288  17.543772  111.514641
0.116518  0.000000  0.000000  0.000000  -17.062240  16.759775  47.500000  25.608762  -24.797492  -43.772818  100.928931  -0.381374  -30.690288  17.543772  111.514641
0.116752  0.000000  0.000000  0.000000  -17.062240  16.759775  50.000000  24.536868  -25.857101  -46.278050  100.928931  -0.381374  -30.690288  17.543772  111.514641
0.116986  0.000000  0.000000  0.000000  -30.463903  8.337262  -10.000000  39.025196  -0.142264  5.567507  105.696790  14.906557  1.147054  25.030368  110.545902
0.117220  0.000000  0.000000  0.000000  -30.463903  8.337262  -7.500000  38.993687  -1.716038  3.624703  105.696790  14.906557  1.147054  25.030368  110.545902
0.117454  0.000000  0.000000  0.000000  -30.463903  8.337262  -5.000000  38.908720  -3.287833  1.678704  105.696790  14.906557  1.147054  25.030368  110.545902
0.117688  0.000000  0.000000  0.000000  -30.463903  8.337262  -2.500000  38.770080  -4.855823  -0.273421  105.696790  14.906557  1.147054  25.030368  110.545902
0.117922  0.000000  0.000000  0.000000  -30.463903  8.337262  0.000000  38.577400  -6.418201  -2.234648  105.696790  14.906557  1.147054  25.030368  110.545902
0.118156  0.000000  0.000000  0.000000  -30.463903  8.337262  2.500000  38.330189  -7.973065  -4.207905  105.696790  14.906557  1.147054  25.030368  110.545902
0.118390  0.000000  0.000000  0.000000  -30.463903  8.337262  5.000000  38.027815  -9.518524  -6.196172  105.696790  14.906557  1.147054  25.030368  110.545902
0.118624  0.000000  0.000000  0.000000  -30.463903  8.337262  7.500000  37.669524  -11.052617  -8.202450  105.696790  14.906557  1.147054  25.030368  110.545902
0.118858  0.000000  0.000000  0.000000  -30.463903  8.337262  10.000000  37.254419  -12.573376  -10.229719  105.696790  14.906557  1.147054  25.030368  110.545902
0.119092  0.000000  0.000000  0.000000  -30.463903  8.337262  12.500000  36.781526  -14.078708  -12.281014  105.696790  14.906557  1.147054  25.030368  110.545902
0.119326  0.000000  0.000000  0.000000  -30.463903  8.337262  15.000000  36.249732  -15.566484  -14.359360  105.696790  14.906557  1.147054  25.030368  110.545902
0.119560  0.000000  0.000000  0.000000  -30.463903  8.337262  17.500000  35.657834  -17.034484  -16.467798  105.696790  14.906557  1.147054  25.030368  110.545902
0.119794  0.000000  0.000000  0.000000  -30.463903  8.337262  20.000000  35.004564  -18.480412  -18.609348  105.696790  14.906557  1.147054  25.030368  110.545902
0.120028  0.000000  0.000000  0.000000  -30.463903  8.337262  22.500000  34.288582  -19.901870  -20.787016  105.696790  14.906557  1.147054  25.030368  110.545902
0.120262  0.000000  0.000000  0.000000  -30.463903  8.337262  25.000000  33.508529  -21.296368  -23.003772  105.696790  14.906557  1.147054  25.030368  110.545902
0.120496  0.000000  0.000000  0.000000  -30.463903  8.337262  27.500000  32.663000  -22.661292  -25.262539  105.696790  14.906557  1.147054  25.030368  110.545902
0.120730  0.000000  0.000000  0.000000  -30.463903  8.337262  30.000000  31.750634  -23.993928  -27.566145  105.696790  14.906557  1.147054  25.030368  110.545902
0.120964  0.000000  0.000000  0.000000  -30.463903  8.337262  32.500000  30.770119  -25.291442  -29.917291  105.696790  14.906557  1.147054  25.030368  110.545902
0.121198  0.000000  0.000000  0.000000  -30.463903  8.337262  35.000000  29.720260  -26.550897  -32.318545  105.696790  14.906557  1.147054  25.030368  110.545902
0.121432  0.000000  0.000000  0.000000  -30.463903  8.337262  37.500000  28.600001  -27.769231  -34.772250  105.696790  14.906557  1.147054  25.030368  110.545902
0.121666  0.000000  0.000000  0.000000  -30.463903  8.337262  40.000000  27.408497  -28.943280  -37.280492  105.696790  14.906557  1.147054  25.030368  110.545902
0.121900  0.000000  0.000000  0.000000  -30.463903  8.337262  42.500000  26.145178  -30.069779  -39.845044  105.696790  14.906557  1.147054  25.030368  110.545902
0.122134  0.000000  0.000000  0.000000  -30.463903  8.337262  45.000000  24.809811  -31.145395  -42.467308  105.696790  14.906557  1.147054  25.030368  110.545902
0.122368  0.000000  0.000000  0.000000  -30.463903  8.337262  47.500000  23.402594  -32.166680  -45.148188  105.696790  14.906557  1.147054  25.030368  110.545902
0.122602  0.000000  0.000000  0.000000  -30.463903  8.337262  50.000000  21.924206  -33.130182  -47.888101  105.696790  14.906557  1.147054  25.030368  110.545902
0.122836  0.000000  0.000000  0.000000  -39.532566  15.209057  -10.000000  38.407941  13.589829  13.963289  50.332102  7.356738  -47.862194  7.847266  120.329899
0.123070  0.000000  0.000000  0.000000  -39.532566  15.209057  -7.500000  38.852055  12.028944  11.960517  50.332102  7.356738  -47.862194  7.847266  120.329899
0.123304  0.000000  0.000000  0.000000  -39.532566  15.209057  -5.000000  39.238031  10.453956  9.980968  50.332102  7.356738  -47.862194  7.847266  120.329899
0.123538  0.000000  0.000000  0.000000  -39.532566  15.209057  -2.500000  39.566913  8.866889  8.021475  50.332102  7.356738  -47.862194  7.847266  120.329899
0.123772  0.000000  0.000000  0.000000  -39.532566  15.209057  0.000000  39.839621  7.269701  6.078902  50.332102  7.356738  -47.862194  7.847266  120.329899
0.124006  0.000000  0.000000  0.000000  -39.532566  15.209057  2.500000  40.056895  5.664314  4.150126  50.332102  7.356738  -47.862194  7.847266  120.329899
0.124240  0.000000  0.000000  0.000000  -39.532566  15.209057  5.000000  40.219363  4.052584  2.232065  50.332102  7.356738  -47.862194  7.847266  120.329899
0.124474  0.000000  0.000000  0.000000  -39.532566  15.209057  7.500000  40.327516  2.436342  0.321646  50.332102  7.356738  -47.862194  7.847266  120.329899
0.124708  0.000000  0.000000  0.000000  -39.532566  15.209057  10.000000  40.381635  0.817402  -1.584188  50.332102  7.356738  -47.862194  7.847266  120.329899
0.124942  0.000000  0.000000  0.000000  -39.532566  15.209057  12.500000  40.381884  -0.802440  -3.488486  50.332102  7.356738  -47.862194  7.847266  120.329899
0.125175  0.000000  0.000000  0.000000  -39.532566  15.209057  15.000000  40.328263  -2.421395  -5.394292  50.332102  7.356738  -47.862194  7.847266  120.329899
0.125409  0.000000  0.000000  0.000000  -39.532566  15.209057  17.500000  40.220617  -4.037669  -7.304653  50.332102  7.356738  -47.862194  7.847266  120.329899
0.125643  0.000000  0.000000  0.000000  -39.532566  15.209057  20.000000  40.058644  -5.649452  -9.222631  50.332102  7.356738  -47.862194  7.847266  120.329899
0.125877  0.000000  0.000000  0.000000  -39.532566  15.209057  22.500000  39.841872  -7.254910  -11.151292  50.332102  7.356738  -47.862194  7.847266  120.329899
0.126111  0.000000  0.000000  0.000000  -39.532566  15.209057  25.000000  39.569677  -8.852169  -13.093729  50.332102  7.356738  -47.862194  7.847266  120.329899
0.126345  0.000000  0.000000  0.000000  -39.532566  15.209057  27.500000  39.241330  -10.439346  -15.053047  50.332102  7.356738  -47.862194  7.847266  120.329899
0.126579  0.000000  0.000000  0.000000  -39.532566  15.209057  30.000000  38.855878  -12.014453  -17.032403  50.332102  7.356738  -47.862194  7.847266  120.329899
0.126813  0.000000  0.000000  0.000000  -39.532566  15.209057  32.500000  38.412313  -13.575481  -19.034940  50.332102  7.356738  -47.862194  7.847266  120.329899
0.127047  0.000000  0.000000  0.000000  -39.532566  15.209057  35.000000  37.909431  -15.120333  -21.063873  50.332102  7.356738  -47.862194  7.847266  120.329899
0.127281  0.000000  0.000000  0.000000  -39.532566  15.209057  37.500000  37.345939  -16.646815  -23.122400  50.332102  7.356738  -47.862194  7.847266  120.329899
0.127515  0.000000  0.000000  0.000000  -39.532566  15.209057  40.000000  36.720426  -18.152687  -25.213766  50.332102  7.356738  -47.862194  7.847266  120.329899
0.127749  0.000000  0.000000  0.000000  -39.532566  15.209057  42.500000  36.031386  -19.635565  -27.341211  50.332102  7.356738  -47.862194  7.847266  120.329899
0.127983  0.000000  0.000000  0.000000  -39.532566  15.209057  45.000000  35.277244  -21.092981  -29.507967  50.332102  7.356738  -47.862194  7.847266  120.329899
0.128217  0.000000  0.000000  0.000000  -39.532566  15.209057  47.500000  34.456362  -22.522346  -31.717246  50.332102  7.356738  -47.862194  7.847266  120.329899
0.128451  0.000000  0.000000  0.000000  -39.532566  15.209057  50.000000  33.567092  -23.920946  -33.972211  50.332102  7.356738  -47.862194  7.847266  120.329899
0.128685  0.000000  0.000000  0.000000  -40.419546  14.716641  -10.000000  38.094137  7.233845  11.396630  78.682309  -9.548118  -38.982283  19.275065  115.883638
0.128919  0.000000  0.000000  0.000000  -40.419546  14.716641  -7.500000  38.316632  5.687486  9.419636  78.682309  -9.548118  -38.982283  19.275065  115.883638
0.129153  0.000000  0.000000  0.000000  -40.419546  14.716641  -5.000000  38.484996  4.134434  7.453261  78.682309  -9.548118  -38.982283  19.275065  115.883638
0.129387  0.000000  0.000000  0.000000  -40.419546  14.716641  -2.500000  38.599664  2.576552  5.494597  78.682309  -9.548118  -38.982283  19.275065  115.883638
0.129621  0.000000  0.000000  0.000000  -40.419546  14.716641  0.000000  38.660917  1.015669  3.540720  78.682309  -9.548118  -38.982283  19.275065  115.883638
0.129855  0.000000  0.000000  0.000000  -40.419546  14.716641  2.500000  38.668919  -0.546388  1.588741  78.682309  -9.548118  -38.982283  19.275065  115.883638
0.130089  0.000000  0.000000  0.000000  -40.419546  14.716641  5.000000  38.623670  -2.107822  -0.364271  78.682309  -9.548118  -38.982283  19.275065  115.883638
0.130323  0.000000  0.000000  0.000000  -40.419546  14.716641  7.500000  38.525077  -3.666798  -2.321194  78.682309  -9.548118  -38.982283  19.275065  115.883638
0.130557  0.000000  0.000000  0.000000  -40.419546  14.716641  10.000000  38.372884  -5.221495  -4.284944  78.682309  -9.548118  -38.982283  19.275065  115.883638
0.130791  0.000000  0.000000  0.000000  -40.419546  14.716641  12.500000  38.166707  -6.770060  -6.258440  78.682309  -9.548118  -38.982283  19.275065  115.883638
0.131025  0.000000  0.000000  0.000000  -40.419546  14.716641  15.000000  37.906021  -8.310621  -8.244606  78.682309  -9.548118  -38.982283  19.275065  115.883638
0.131259  0.000000  0.000000  0.000000  -40.419546  14.716641  17.500000  37.590194  -9.841257  -10.246386  78.682309  -9.548118  -38.982283  19.275065  115.883638
0.131493  0.000000  0.000000  0.000000  -40.419546  14.716641  20.000000  37.218457  -11.360007  -12.266733  78.682309  -9.548118  -38.982283  19.275065  115.883638
0.131727  0.000000  0.000000  0.000000  -40.419546  14.716641  22.500000  36.789926  -12.864853  -14.308617  78.682309  -9.548118  -38.982283  19.275065  115.883638
0.131961  0.000000  0.000000  0.000000  -40.419546  14.716641  25.000000  36.303613  -14.353717  -16.375013  78.682309  -9.548118  -38.982283  19.275065  115.883638
0.132195  0.000000  0.000000  0.000000  -40.419546  14.716641  27.500000  35.758429  -15.824447  -18.468906  78.682309  -9.548118  -38.982283  19.275065  115.883638
0.132429  0.000000  0.000000  0.000000  -40.419546  14.716641  30.000000  35.153197  -17.274798  -20.593273  78.682309  -9.548118  -38.982283  19.275065  115.883638
0.132663  0.000000  0.000000  0.000000  -40.419546  14.716641  32.500000  34.486683  -18.702477  -22.751085  78.682309  -9.548118  -38.982283  19.275065  115.883638
0.132897  0.000000  0.000000  0.000000  -40.419546  14.716641  35.000000  33.757583  -20.105056  -24.945286  78.682309  -9.548118  -38.982283  19.275065  115.883638
0.133131  0.000000  0.000000  0.000000  -40.419546  14.716641  37.500000  32.964582  -21.480025  -27.178770  78.682309  -9.548118  -38.982283  19.275065  115.883638
0.133365  0.000000  0.000000  0.000000  -40.419546  14.716641  40.000000  32.106369  -22.824768  -29.454363  78.682309  -9.548118  -38.982283  19.275065  115.883638
0.133599  0.000000  0.000000  0.000000  -40.419546  14.716641  42.500000  31.181650  -24.136561  -31.774797  78.682309  -9.548118  -38.982283  19.275065  115.883638
0.133832  0.000000  0.000000  0.000000  -40.419546  14.716641  45.000000  30.189222  -25.412569  -34.142666  78.682309  -9.548118  -38.982283  19.275065  115.883638
0.134066  0.000000  0.000000  0.000000  -40.419546  14.716641  47.500000  29.127978  -26.649850  -36.560386  78.682309  -9.548118  -38.982283  19.275065  115.883638
0.134300  0.000000  0.000000  0.000000  -40.419546  14.716641  50.000000  27.997024  -27.845346  -39.030181  78.682309  -9.548118  -38.982283  19.275065  115.883638
0.134534  0.000000  0.000000  0.000000  -15.117664  6.433062  -10.000000  37.466995  10.377900  7.375244  93.019937  8.922088  -12.770234  14.928125  122.294858
0.134768  0.000000  0.000000  0.000000  -15.117664  6.433062  -7.500000  37.802417  8.851173  5.367299  93.019937  8.922088  -12.770234  14.928125  122.294858
0.135002  0.000000  0.000000  0.000000  -15.117664  6.433062  -5.000000  38.082450  7.313849  3.376001  93.019937  8.922088  -12.770234  14.928125  122.294858
0.135236  0.000000  0.000000  0.000000  -15.117664  6.433062  -2.500000  38.307763  5.767841  1.398412  93.019937  8.922088  -12.770234  14.928125  122.294858
0.135470  0.000000  0.000000  0.000000  -15.117664  6.433062  0.000000  38.478920  4.215047  -0.568401  93.019937  8.922088  -12.770234  14.928125  122.294858
0.135704  0.000000  0.000000  0.000000  -15.117664  6.433062  2.500000  38.596369  2.657322  -2.527361  93.019937  8.922088  -12.770234  14.928125  122.294858
0.135938  0.000000  0.000000  0.000000  -15.117664  6.433062  5.000000  38.660369  1.096505  -4.481377  93.019937  8.922088  -12.770234  14.928125  122.294858
0.136172  0.000000  0.000000  0.000000  -15.117664  6.433062  7.500000  38.671118  -0.465585  -6.433356  93.019937  8.922088  -12.770234  14.928125  122.294858
0.136406  0.000000  0.000000  0.000000  -15.117664  6.433062  10.000000  38.628639  -2.027136  -8.386200  93.019937  8.922088  -12.770234  14.928125  122.294858
0.136640  0.000000  0.000000  0.000000  -15.117664  6.433062  12.500000  38.532804  -3.586328  -10.342813  93.019937  8.922088  -12.770234  14.928125  122.294858
0.136874  0.000000  0.000000  0.000000  -15.117664  6.433062  15.000000  38.383382  -5.141338  -12.306099  93.019937  8.922088  -12.770234  14.928125  122.294858
0.137108  0.000000  0.000000  0.000000  -15.117664  6.433062  17.500000  38.180012  -6.690311  -14.278988  93.019937  8.922088  -12.770234  14.928125  122.294858
0.137342  0.000000  0.000000  0.000000  -15.117664  6.433062  20.000000  37.922159  -8.231373  -16.264393  93.019937  8.922088  -12.770234  14.928125  122.294858
0.137576  0.000000  0.000000  0.000000  -15.117664  6.433062  22.500000  37.609202  -9.762618  -18.265258  93.019937  8.922088  -12.770234  14.928125  122.294858
0.137810  0.000000  0.000000  0.000000  -15.117664  6.433062  25.000000  37.240374  -11.282076  -20.284540  93.019937  8.922088  -12.770234  14.928125  122.294858
0.138044  0.000000  0.000000  0.000000  -15.117664  6.433062  27.500000  36.814800  -12.787738  -22.325204  93.019937  8.922088  -12.770234  14.928125  122.294858
0.138278  0.000000  0.000000  0.000000  -15.117664  6.433062  30.000000  36.331496  -14.277528  -24.390228  93.019937  8.922088  -12.770234  14.928125  122.294858
0.138512  0.000000  0.000000  0.000000  -15.117664  6.433062  32.500000  35.789378  -15.749297  -26.482597  93.019937  8.922088  -12.770234  14.928125  122.294858
0.138746  0.000000  0.000000  0.000000  -15.117664  6.433062  35.000000  35.187274  -17.200800  -28.605284  93.019937  8.922088  -12.770234  14.928125  122.294858
0.138980  0.000000  0.000000  0.000000  -15.117664  6.433062  37.500000  34.523954  -18.629755  -30.761266  93.019937  8.922088  -12.770234  14.928125  122.294858
0.139214  0.000000  0.000000  0.000000  -15.117664  6.433062  40.000000  33.798105  -20.033740  -32.953490  93.019937  8.922088  -12.770234  14.928125  122.294858
0.139448  0.000000  0.000000  0.000000  -15.117664  6.433062  42.500000  33.008435  -21.410245  -35.184846  93.019937  8.922088  -12.770234  14.928125  122.294858
0.139682  0.000000  0.000000  0.000000  -15.117664  6.433062  45.000000  32.153607  -22.756663  -37.458174  93.019937  8.922088  -12.770234  14.928125  122.294858
0.139916  0.000000  0.000000  0.000000  -15.117664  6.433062  47.500000  31.232340  -24.070274  -39.776207  93.019937  8.922088  -12.770234  14.928125  122.294858
0.140150  0.000000  0.000000  0.000000  -15.117664  6.433062  50.000000  30.243423  -25.348249  -42.141546  93.019937  8.922088  -12.770234  14.928125  122.294858
0.140384  0.000000  0.000000  0.000000  -12.884197  13.426437  -10.000000  38.100176  25.955713  21.815583  48.732751  -3.623321  -0.302822  9.435947  125.187939
0.140618  0.000000  0.000000  0.000000  -12.884197  13.426437  -7.500000  39.019257  24.397186  19.655523  48.732751  -3.623321  -0.302822  9.435947  125.187939
0.140852  0.000000  0.000000  0.000000  -12.884197  13.426437  -5.000000  39.863018  22.808780  17.548613  48.732751  -3.623321  -0.302822  9.435947  125.187939
0.141086  0.000000  0.000000  0.000000  -12.884197  13.426437  -2.500000  40.634106  21.193329  15.490681  48.732751  -3.623321  -0.302822  9.435947  125.187939
0.141320  0.000000  0.000000  0.000000  -12.884197  13.426437  0.000000  41.335083  19.553511  13.477583  48.732751  -3.623321  -0.302822  9.435947  125.187939
0.141554  0.000000  0.000000  0.000000  -12.884197  13.426437  2.500000  41.968294  17.891836  11.505285  48.732751  -3.623321  -0.302822  9.435947  125.187939
0.141788  0.000000  0.000000  0.000000  -12.884197  13.426437  5.000000  42.535943  16.210673  9.569783  48.732751  -3.623321  -0.302822  9.435947  125.187939
0.142022  0.000000  0.000000  0.000000  -12.884197  13.426437  7.500000  43.040056  14.512308  7.667183  48.732751  -3.623321  -0.302822  9.435947  125.187939
0.142255  0.000000  0.000000  0.000000  -12.884197  13.426437  10.000000  43.482445  12.798834  5.793693  48.732751  -3.623321  -0.302822  9.435947  125.187939
0.142489  0.000000  0.000000  0.000000  -12.884197  13.426437  12.500000  43.864741  11.072310  3.945588  48.732751  -3.623321  -0.302822  9.435947  125.187939
0.142723  0.000000  0.000000  0.000000  -12.884197  13.426437  15.000000  44.188326  9.334680  2.119223  48.732751  -3.623321  -0.302822  9.435947  125.187939
0.142957  0.000000  0.000000  0.000000  -12.884197  13.426437  17.500000  44.454443  7.587830  0.311033  48.732751  -3.623321  -0.302822  9.435947  125.187939
0.143191  0.000000  0.000000  0.000000  -12.884197  13.426437  20.000000  44.664065  5.833567  -1.482500  48.732751  -3.623321  -0.302822  9.435947  125.187939
0.143425  0.000000  0.000000  0.000000  -12.884197  13.426437  22.500000  44.817997  4.073666  -3.264828  48.732751  -3.623321  -0.302822  9.435947  125.187939
0.143659  0.000000  0.000000  0.000000  -12.884197  13.426437  25.000000  44.916821  2.309864  -5.039365  48.732751  -3.623321  -0.302822  9.435947  125.187939
0.143893  0.000000  0.000000  0.000000  -12.884197  13.426437  27.500000  44.960904  0.543831  -6.809506  48.732751  -3.623321  -0.302822  9.435947  125.187939
0.144127  0.000000  0.000000  0.000000  -12.884197  13.426437  30.000000  44.950422  -1.222705  -8.578591  48.732751  -3.623321  -0.302822  9.435947  125.187939
0.144361  0.000000  0.000000  0.000000  -12.884197  13.426437  32.500000  44.885331  -2.988077  -10.350016  48.732751  -3.623321  -0.302822  9.435947  125.187939
0.144595  0.000000  0.000000  0.000000  -12.884197  13.426437  35.000000  44.765382  -4.750587  -12.127144  48.732751  -3.623321  -0.302822  9.435947  125.187939
0.144829  0.000000  0.000000  0.000000  -12.884197  13.426437  37.500000  44.590120  -6.508525  -13.913369  48.732751  -3.623321  -0.302822  9.435947  125.187939
0.145063  0.000000  0.000000  0.000000  -12.884197  13.426437  40.000000  44.358898  -8.260154  -15.712126  48.732751  -3.623321  -0.302822  9.435947  125.187939
0.145297  0.000000  0.000000  0.000000  -12.884197  13.426437  42.500000  44.070828  -10.003677  -17.526883  48.732751  -3.623321  -0.302822  9.435947  125.187939
0.145531  0.000000  0.000000  0.000000  -12.884197  13.426437  45.000000  43.724834  -11.737261  -19.361173  48.732751  -3.623321  -0.302822  9.435947  125.187939
0.145765  0.000000  0.000000  0.000000  -12.884197  13.426437  47.500000  43.319622  -13.459012  -21.218601  48.732751  -3.623321  -0.302822  9.435947  125.187939
0.145999  0.000000  0.000000  0.000000  -12.884197  13.426437  50.000000  42.853716  -15.166928  -23.102828  48.732751  -3.623321  -0.302822  9.435947  125.187939
0.146233  0.000000  0.000000  0.000000  -14.306228  11.021188  -10.000000  39.407536  20.304001  15.078139  87.721969  -9.859043  -35.973253  8.186000  115.544805
0.146467  0.000000  0.000000  0.000000  -14.306228  11.021188  -7.500000  40.088507  18.705295  13.039010  87.721969  -9.859043  -35.973253  8.186000  115.544805
0.146701  0.000000  0.000000  0.000000  -14.306228  11.021188  -5.000000  40.703392  17.084958  11.038310  87.721969  -9.859043  -35.973253  8.186000  115.544805
0.146935  0.000000  0.000000  0.000000  -14.306228  11.021188  -2.500000  41.254148  15.445346  9.072293  87.721969  -9.859043  -35.973253  8.186000  115.544805
0.147169  0.000000  0.000000  0.000000  -14.306228  11.021188  0.000000  41.742554  13.788688  7.137287  87.721969  -9.859043  -35.973253  8.186000  115.544805
0.147403  0.000000  0.000000  0.000000  -14.306228  11.021188  2.500000  42.170226  12.117114  5.229677  87.721969  -9.859043  -35.973253  8.186000  115.544805
0.147637  0.000000  0.000000  0.000000  -14.306228  11.021188  5.000000  42.538615  10.432661  3.345915  87.721969  -9.859043  -35.973253  8.186000  115.544805
0.147871  0.000000  0.000000  0.000000  -14.306228  11.021188  7.500000  42.848946  8.737321  1.482486  87.721969  -9.859043  -35.973253  8.186000  115.544805
0.148105  0.000000  0.000000  0.000000  -14.306228  11.021188  10.000000  43.102311  7.032954  -0.364014  87.721969  -9.859043  -35.973253  8.186000  115.544805
0.148339  0.000000  0.000000  0.000000  -14.306228  11.021188  12.500000  43.299584  5.321409  -2.196983  87.721969  -9.859043  -35.973253  8.186000  115.544805
0.148573  0.000000  0.000000  0.000000  -14.306228  11.021188  15.000000  43.441450  3.604479  -4.019764  87.721969  -9.859043  -35.973253  8.186000  115.544805
0.148807  0.000000  0.000000  0.000000  -14.306228  11.021188  17.500000  43.528406  1.883923  -5.835664  87.721969  -9.859043  -35.973253  8.186000  115.544805
0.149041  0.000000  0.000000  0.000000  -14.306228  11.021188  20.000000  43.560760  0.161495  -7.647971  87.721969  -9.859043  -35.973253  8.186000  115.544805
0.149275  0.000000  0.000000  0.000000  -14.306228  11.021188  22.500000  43.538626  -1.561117  -9.459993  87.721969  -9.859043  -35.973253  8.186000  115.544805
0.149509  0.000000  0.000000  0.000000  -14.306228  11.021188  25.000000  43.461921  -3.282154  -11.274971  87.721969  -9.859043  -35.973253  8.186000  115.544805
0.149743  0.000000  0.000000  0.000000  -14.306228  11.021188  27.500000  43.330382  -4.999897  -13.096213  87.721969  -9.859043  -35.973253  8.186000  115.544805
0.149977  0.000000  0.000000  0.000000  -14.306228  11.021188  30.000000  43.143544  -6.712587  -14.927019  87.721969  -9.859043  -35.973253  8.186000  115.544805
0.150211  0.000000  0.000000  0.000000  -14.306228  11.021188  32.500000  42.900753  -8.418437  -16.770725  87.721969  -9.859043  -35.973253  8.186000  115.544805
0.150445  0.000000  0.000000  0.000000  -14.306228  11.021188  35.000000  42.601172  -10.115620  -18.630712  87.721969  -9.859043  -35.973253  8.186000  115.544805
0.150679  0.000000  0.000000  0.000000  -14.306228  11.021188  37.500000  42.243764  -11.802252  -20.510404  87.721969  -9.859043  -35.973253  8.186000  115.544805
0.150912  0.000000  0.000000  0.000000  -14.306228  11.021188  40.000000  41.827305  -13.476392  -22.413282  87.721969  -9.859043  -35.973253  8.186000  115.544805
0.151146  0.000000  0.000000  0.000000  -14.306228  11.021188  42.500000  41.350402  -15.136004  -24.342878  87.721969  -9.859043  -35.973253  8.186000  115.544805
0.151380  0.000000  0.000000  0.000000  -14.306228  11.021188  45.000000  40.811469  -16.778982  -26.302799  87.721969  -9.859043  -35.973253  8.186000  115.544805
0.151614  0.000000  0.000000  0.000000  -14.306228  11.021188  47.500000  40.208750  -18.403114  -28.296712  87.721969  -9.859043  -35.973253  8.186000  115.544805
0.151848  0.000000  0.000000  0.000000  -14.306228  11.021188  50.000000  39.540337  -20.006052  -30.328346  87.721969  -9.859043  -35.973253  8.186000  115.544805
0.152082  0.000000  0.000000  0.000000  -14.154418  11.531953  -10.000000  35.836499  22.946321  18.529776  49.229664  5.529888  -29.802841  7.706036  116.979767
0.152316  0.000000  0.000000  0.000000  -14.154418  11.531953  -7.500000  36.659709  21.467923  16.352124  49.229664  5.529888  -29.802841  7.706036  116.979767
0.152550  0.000000  0.000000  0.000000  -14.154418  11.531953  -5.000000  37.414502  19.961906  14.218630  49.229664  5.529888  -29.802841  7.706036  116.979767
0.152784  0.000000  0.000000  0.000000  -14.154418  11.531953  -2.500000  38.102769  18.430887  12.125815  49.229664  5.529888  -29.802841  7.706036  116.979767
0.153018  0.000000  0.000000  0.000000  -14.154418  11.531953  0.000000  38.726290  16.877348  10.070214  49.229664  5.529888  -29.802841  7.706036  116.979767
0.153252  0.000000  0.000000  0.000000  -14.154418  11.531953  2.500000  39.286760  15.303656  8.048376  49.229664  5.529888  -29.802841  7.706036  116.979767
0.153486  0.000000  0.000000  0.000000  -14.154418  11.531953  5.000000  39.785750  13.712074  6.056878  49.229664  5.529888  -29.802841  7.706036  116.979767
0.153720  0.000000  0.000000  0.000000  -14.154418  11.531953  7.500000  40.224706  12.104768  4.092324  49.229664  5.529888  -29.802841  7.706036  116.979767
0.153954  0.000000  0.000000  0.000000  -14.154418  11.531953  10.000000  40.604919  10.483823  2.151362  49.229664  5.529888  -29.802841  7.706036  116.979767
0.154188  0.000000  0.000000  0.000000  -14.154418  11.531953  12.500000  40.927520  8.851234  0.230699  49.229664  5.529888  -29.802841  7.706036  116.979767
0.154422  0.000000  0.000000  0.000000  -14.154418  11.531953  15.000000  41.193490  7.208938  -1.672939  49.229664  5.529888  -29.802841  7.706036  116.979767
0.154656  0.000000  0.000000  0.000000  -14.154418  11.531953  17.500000  41.403660  5.558829  -3.562796  49.229664  5.529888  -29.802841  7.706036  116.979767
0.154890  0.000000  0.000000  0.000000  -14.154418  11.531953  20.000000  41.558679  3.902736  -5.442078  49.229664  5.529888  -29.802841  7.706036  116.979767
0.155124  0.000000  0.000000  0.000000  -14.154418  11.531953  22.500000  41.659035  2.242493  -7.313932  49.229664  5.529888  -29.802841  7.706036  116.979767
0.155358  0.000000  0.000000  0.000000  -14.154418  11.531953  25.000000  41.705037  0.579854  -9.181556  49.229664  5.529888  -29.802841  7.706036  116.979767
0.155592  0.000000  0.000000  0.000000  -14.154418  11.531953  27.500000  41.696834  -1.083397  -11.048071  49.229664  5.529888  -29.802841  7.706036  116.979767
0.155826  0.000000  0.000000  0.000000  -14.154418  11.531953  30.000000  41.634398  -2.745500  -12.916642  49.229664  5.529888  -29.802841  7.706036  116.979767
0.156060  0.000000  0.000000  0.000000  -14.154418  11.531953  32.500000  41.517532  -4.404678  -14.790415  49.229664  5.529888  -29.802841  7.706036  116.979767
0.156294  0.000000  0.000000  0.000000  -14.154418  11.531953  35.000000  41.345867  -6.059142  -16.672552  49.229664  5.529888  -29.802841  7.706036  116.979767
0.156528  0.000000  0.000000  0.000000  -14.154418  11.531953  37.500000  41.118882  -7.707083  -18.566245  49.229664  5.529888  -29.802841  7.706036  116.979767
0.156762  0.000000  0.000000  0.000000  -14.154418  11.531953  40.000000  40.835857  -9.346638  -20.474698  49.229664  5.529888  -29.802841  7.706036  116.979767
0.156996  0.000000  0.000000  0.000000  -14.154418  11.531953  42.500000  40.495930  -10.975908  -22.401156  49.229664  5.529888  -29.802841  7.706036  116.979767
0.157230  0.000000  0.000000  0.000000  -14.154418  11.531953  45.000000  40.098061  -12.592946  -24.348909  49.229664  5.529888  -29.802841  7.706036  116.979767
0.157464  0.000000  0.000000  0.000000  -14.154418  11.531953  47.500000  39.641072  -14.195722  -26.321274  49.229664  5.529888  -29.802841  7.706036  116.979767
0.157698  0.000000  0.000000  0.000000  -14.154418  11.531953  50.000000  39.123624  -15.782111  -28.321595  49.229664  5.529888  -29.802841  7.706036  116.979767
0.157932  0.000000  0.000000  0.000000  -15.026292  10.411724  -10.000000  41.580280  28.245824  20.990361  93.018704  3.223587  -63.626339  21.227553  117.519631
0.158166  0.000000  0.000000  0.000000  -15.026292  10.411724  -7.500000  42.542878  26.570795  18.899657  93.018704  3.223587  -63.626339  21.227553  117.519631
0.158400  0.000000  0.000000  0.000000  -15.026292  10.411724  -5.000000  43.423933  24.866133  16.869738  93.018704  3.223587  -63.626339  21.227553  117.519631
0.158634  0.000000  0.000000  0.000000  -15.026292  10.411724  -2.500000  44.227095  23.134784  14.895479  93.018704  3.223587  -63.626339  21.227553  117.519631
0.158868  0.000000  0.000000  0.000000  -15.026292  10.411724  0.000000  44.955835  21.379491  12.971886  93.018704  3.223587  -63.626339  21.227553  117.519631
0.159102  0.000000  0.000000  0.000000  -15.026292  10.411724  2.500000  45.613290  19.602798  11.094168  93.018704  3.223587  -63.626339  21.227553  117.519631
0.159336  0.000000  0.000000  0.000000  -15.026292  10.411724  5.000000  46.202352  17.807087  9.257703  93.018704  3.223587  -63.626339  21.227553  117.519631
0.159569  0.000000  0.000000  0.000000  -15.026292  10.411724  7.500000  46.725651  15.994583  7.458024  93.018704  3.223587  -63.626339  21.227553  117.519631
0.159803  0.000000  0.000000  0.000000  -15.026292  10.411724  10.000000  47.185543  14.167367  5.690812  93.018704  3.223587  -63.626339  21.227553  117.519631
0.160037  0.000000  0.000000  0.000000  -15.026292  10.411724  12.500000  47.584105  12.327421  3.951919  93.018704  3.223587  -63.626339  21.227553  117.519631
0.160271  0.000000  0.000000  0.000000  -15.026292  10.411724  15.000000  47.923129  10.476629  2.237350  93.018704  3.223587  -63.626339  21.227553  117.519631
0.160505  0.000000  0.000000  0.000000  -15.026292  10.411724  17.500000  48.204163  8.616773  0.543198  93.018704  3.223587  -63.626339  21.227553  117.519631
0.160739  0.000000  0.000000  0.000000  -15.026292  10.411724  20.000000  48.428494  6.749571  -1.134327  93.018704  3.223587  -63.626339  21.227553  117.519631
0.160973  0.000000  0.000000  0.000000  -15.026292  10.411724  22.500000  48.597122  4.876677  -2.798950  93.018704  3.223587  -63.626339  21.227553  117.519631
0.161207  0.000000  0.000000  0.000000  -15.026292  10.411724  25.000000  48.710833  2.999701  -4.454308  93.018704  3.223587  -63.626339  21.227553  117.519631
0.161441  0.000000  0.000000  0.000000  -15.026292  10.411724  27.500000  48.770145  1.120256  -6.103967  93.018704  3.223587  -63.626339  21.227553  117.519631
0.161675  0.000000  0.000000  0.000000  -15.026292  10.411724  30.000000  48.775324  -0.760126  -7.751520  93.018704  3.223587  -63.626339  21.227553  117.519631
0.161909  0.000000  0.000000  0.000000  -15.026292  10.411724  32.500000  48.726394  -2.639880  -9.400508  93.018704  3.223587  -63.626339  21.227553  117.519631
0.162143  0.000000  0.000000  0.000000  -15.026292  10.411724  35.000000  48.623130  -4.517443  -11.054492  93.018704  3.223587  -63.626339  21.227553  117.519631
0.162377  0.000000  0.000000  0.000000  -15.026292  10.411724  37.500000  48.465060  -6.391234  -12.717052  93.018704  3.223587  -63.626339  21.227553  117.519631
0.162611  0.000000  0.000000  0.000000  -15.026292  10.411724  40.000000  48.251486  -8.259660  -14.391827  93.018704  3.223587  -63.626339  21.227553  117.519631
0.162845  0.000000  0.000000  0.000000  -15.026292  10.411724  42.500000  47.981408  -10.121053  -16.082504  93.018704  3.223587  -63.626339  21.227553  117.519631
0.163079  0.000000  0.000000  0.000000  -15.026292  10.411724  45.000000  47.653604  -11.973713  -17.792861  93.018704  3.223587  -63.626339  21.227553  117.519631
0.163313  0.000000  0.000000  0.000000  -15.026292  10.411724  47.500000  47.266574  -13.815882  -19.526782  93.018704  3.223587  -63.626339  21.227553  117.519631
0.163547  0.000000  0.000000  0.000000  -15.026292  10.411724  50.000000  46.818584  -15.645680  -21.288247  93.018704  3.223587  -63.626339  21.227553  117.519631
0.163781  0.000000  0.000000  0.000000  -34.786788  17.767035  -10.000000  35.573682  3.749686  9.291280  15.281644  -2.992055  11.002181  21.655993  122.468409
0.164015  0.000000  0.000000  0.000000  -34.786788  17.767035  -7.500000  35.680960  2.293258  7.256451  15.281644  -2.992055  11.002181  21.655993  122.468409
0.164249  0.000000  0.000000  0.000000  -34.786788  17.767035  -5.000000  35.736382  0.833944  5.225760  15.281644  -2.992055  11.002181  21.655993  122.468409
0.164483  0.000000  0.000000  0.000000  -34.786788  17.767035  -2.500000  35.740056  -0.626418  3.196577  15.281644  -2.992055  11.002181  21.655993  122.468409
0.164717  0.000000  0.000000  0.000000  -34.786788  17.767035  0.000000  35.691994  -2.085989  1.166263  15.281644  -2.992055  11.002181  21.655993  122.468409
0.164951  0.000000  0.000000  0.000000  -34.786788  17.767035  2.500000  35.592092  -3.542944  -0.867821  15.281644  -2.992055  11.002181  21.655993  122.468409
0.165185  0.000000  0.000000  0.000000  -34.786788  17.767035  5.000000  35.440172  -4.995424  -2.908306  15.281644  -2.992055  11.002181  21.655993  122.468409
0.165419  0.000000  0.000000  0.000000  -34.786788  17.767035  7.500000  35.235918  -6.441577  -4.957837  15.281644  -2.992055  11.002181  21.655993  122.468409
0.165653  0.000000  0.000000  0.000000  -34.786788  17.767035  10.000000  34.978949  -7.879507  -7.019051  15.281644  -2.992055  11.002181  21.655993  122.468409
0.165887  0.000000  0.000000  0.000000  -34.786788  17.767035  12.500000  34.668753  -9.307309  -9.094578  15.281644  -2.992055  11.002181  21.655993  122.468409
0.166121  0.000000  0.000000  0.000000  -34.786788  17.767035  15.000000  34.304785  -10.723008  -11.187057  15.281644  -2.992055  11.002181  21.655993  122.468409
0.166355  0.000000  0.000000  0.000000  -34.786788  17.767035  17.500000  33.886386  -12.124609  -13.299110  15.281644  -2.992055  11.002181  21.655993  122.468409
0.166589  0.000000  0.000000  0.000000  -34.786788  17.767035  20.000000  33.412831  -13.510054  -15.433351  15.281644  -2.992055  11.002181  21.655993  122.468409
0.166823  0.000000  0.000000  0.000000  -34.786788  17.767035  22.500000  32.883345  -14.877235  -17.592370  15.281644  -2.992055  11.002181  21.655993  122.468409
0.167057  0.000000  0.000000  0.000000  -34.786788  17.767035  25.000000  32.297096  -16.223964  -19.778724  15.281644  -2.992055  11.002181  21.655993  122.468409
0.167291  0.000000  0.000000  0.000000  -34.786788  17.767035  27.500000  31.653243  -17.548021  -21.994934  15.281644  -2.992055  11.002181  21.655993  122.468409
0.167525  0.000000  0.000000  0.000000  -34.786788  17.767035  30.000000  30.950930  -18.847069  -24.243456  15.281644  -2.992055  11.002181  21.655993  122.468409
0.167759  0.000000  0.000000  0.000000  -34.786788  17.767035  32.500000  30.189261  -20.118724  -26.526695  15.281644  -2.992055  11.002181  21.655993  122.468409
0.167993  0.000000  0.000000  0.000000  -34.786788  17.767035  35.000000  29.367481  -21.360523  -28.846897  15.281644  -2.992055  11.002181  21.655993  122.468409
0.168226  0.000000  0.000000  0.000000  -34.786788  17.767035  37.500000  28.484823  -22.569911  -31.206252  15.281644  -2.992055  11.002181  21.655993  122.468409
0.168460  0.000000  0.000000  0.000000  -34.786788  17.767035  40.000000  27.540650  -23.744265  -33.606756  15.281644  -2.992055  11.002181  21.655993  122.468409
0.168694  0.000000  0.000000  0.000000  -34.786788  17.767035  42.500000  26.534463  -24.880889  -36.050225  15.281644  -2.992055  11.002181  21.655993  122.468409
0.168928  0.000000  0.000000  0.000000  -34.786788  17.767035  45.000000  25.465942  -25.977013  -38.538250  15.281644  -2.992055  11.002181  21.655993  122.468409
0.169162  0.000000  0.000000  0.000000  -34.786788  17.767035  47.500000  24.334972  -27.029822  -41.072158  15.281644  -2.992055  11.002181  21.655993  122.468409
0.169396  0.000000  0.000000  0.000000  -34.786788  17.767035  50.000000  23.141785  -28.036403  -43.652924  15.281644  -2.992055  11.002181  21.655993  122.468409
0.169630  0.000000  0.000000  0.000000  -35.272666  16.266127  -10.000000  37.302184  20.454002  17.404284  25.123448  13.913335  -24.043743  21.840272  121.945362
0.169864  0.000000  0.000000  0.000000  -35.272666  16.266127  -7.500000  38.010595  18.926513  15.302190  25.123448  13.913335  -24.043743  21.840272  121.945362
0.170098  0.000000  0.000000  0.000000  -35.272666  16.266127  -5.000000  38.653617  17.375791  13.238471  25.123448  13.913335  -24.043743  21.840272  121.945362
0.170332  0.000000  0.000000  0.000000  -35.272666  16.266127  -2.500000  39.233002  15.804245  11.209645  25.123448  13.913335  -24.043743  21.840272  121.945362
0.170566  0.000000  0.000000  0.000000  -35.272666  16.266127  0.000000  39.750369  14.214162  9.212267  25.123448  13.913335  -24.043743  21.840272  121.945362
0.170800  0.000000  0.000000  0.000000  -35.272666  16.266127  2.500000  40.207215  12.607734  7.242922  25.123448  13.913335  -24.043743  21.840272  121.945362
0.171034  0.000000  0.000000  0.000000  -35.272666  16.266127  5.000000  40.604889  10.987078  5.298225  25.123448  13.913335  -24.043743  21.840272  121.945362
0.171268  0.000000  0.000000  0.000000  -35.272666  16.266127  7.500000  40.944588  9.354209  3.374851  25.123448  13.913335  -24.043743  21.840272  121.945362
0.171502  0.000000  0.000000  0.000000  -35.272666  16.266127  10.000000  41.227338  7.711076  1.469519  25.123448  13.913335  -24.043743  21.840272  121.945362
0.171736  0.000000  0.000000  0.000000  -35.272666  16.266127  12.500000  41.454025  6.059587  -0.421039  25.123448  13.913335  -24.043743  21.840272  121.945362
0.171970  0.000000  0.000000  0.000000  -35.272666  16.266127  15.000000  41.625356  4.401580  -2.300050  25.123448  13.913335  -24.043743  21.840272  121.945362
0.172204  0.000000  0.000000  0.000000  -35.272666  16.266127  17.500000  41.741867  2.738900  -4.170678  25.123448  13.913335  -24.043743  21.840272  121.945362
0.172438  0.000000  0.000000  0.000000  -35.272666  16.266127  20.000000  41.803926  1.073312  -6.036113  25.123448  13.913335  -24.043743  21.840272  121.945362
0.172672  0.000000  0.000000  0.000000  -35.272666  16.266127  22.500000  41.811733  -0.593437  -7.899539  25.123448  13.913335  -24.043743  21.840272  121.945362
0.172906  0.000000  0.000000  0.000000  -35.272666  16.266127  25.000000  41.765306  -2.259532  -9.764071  25.123448  13.913335  -24.043743  21.840272  121.945362
0.173140  0.000000  0.000000  0.000000  -35.272666  16.266127  27.500000  41.664503  -3.923241  -11.632888  25.123448  13.913335  -24.043743  21.840272  121.945362
0.173374  0.000000  0.000000  0.000000  -35.272666  16.266127  30.000000  41.509005  -5.582773  -13.509154  25.123448  13.913335  -24.043743  21.840272  121.945362
0.173608  0.000000  0.000000  0.000000  -35.272666  16.266127  32.500000  41.298312  -7.236318  -15.396054  25.123448  13.913335  -24.043743  21.840272  121.945362
0.173842  0.000000  0.000000  0.000000  -35.272666  16.266127  35.000000  41.031793  -8.882051  -17.296807  25.123448  13.913335  -24.043743  21.840272  121.945362
0.174076  0.000000  0.000000  0.000000  -35.272666  16.266127  37.500000  40.708597  -10.518073  -19.214646  25.123448  13.913335  -24.043743  21.840272  121.945362
0.174310  0.000000  0.000000  0.000000  -35.272666  16.266127  40.000000  40.327735  -12.142454  -21.152861  25.123448  13.913335  -24.043743  21.840272  121.945362
0.174544  0.000000  0.000000  0.000000  -35.272666  16.266127  42.500000  39.888053  -13.753194  -23.114772  25.123448  13.913335  -24.043743  21.840272  121.945362
0.174778  0.000000  0.000000  0.000000  -35.272666  16.266127  45.000000  39.388258  -15.348197  -25.103729  25.123448  13.913335  -24.043743  21.840272  121.945362
0.175012  0.000000  0.000000  0.000000  -35.272666  16.266127  47.500000  38.826885  -16.925319  -27.123143  25.123448  13.913335  -24.043743  21.840272  121.945362
0.175246  0.000000  0.000000  0.000000  -35.272666  16.266127  50.000000  38.202370  -18.482272  -29.176461  25.123448  13.913335  -24.043743  21.840272  121.945362
0.175480  0.000000  0.000000  0.000000  -19.038653  10.409679  -10.000000  40.788978  27.809626  21.286888  36.673462  13.405771  0.561460  7.399880  112.026346
0.175714  0.000000  0.000000  0.000000  -19.038653  10.409679  -7.500000  41.745972  26.160482  19.178256  36.673462  13.405771  0.561460  7.399880  112.026346
0.175948  0.000000  0.000000  0.000000  -19.038653  10.409679  -5.000000  42.622610  24.481493  17.128946  36.673462  13.405771  0.561460  7.399880  112.026346
0.176182  0.000000  0.000000  0.000000  -19.038653  10.409679  -2.500000  43.422323  22.775591  15.134044  36.673462  13.405771  0.561460  7.399880  112.026346
0.176416  0.000000  0.000000  0.000000  -19.038653  10.409679  0.000000  44.148381  21.045518  13.188739  36.673462  13.405771  0.561460  7.399880  112.026346
0.176650  0.000000  0.000000  0.000000  -19.038653  10.409679  2.500000  44.803755  19.293822  11.288400  36.673462  13.405771  0.561460  7.399880  112.026346
0.176883  0.000000  0.000000  0.000000  -19.038653  10.409679  5.000000  45.391188  17.522891  9.428547  36.673462  13.405771  0.561460  7.399880  112.026346
0.177117  0.000000  0.000000  0.000000  -19.038653  10.409679  7.500000  45.913198  15.734954  7.604801  36.673462  13.405771  0.561460  7.399880  112.026346
0.177351  0.000000  0.000000  0.000000  -19.038653  10.409679  10.000000  46.372008  13.932142  5.813004  36.673462  13.405771  0.561460  7.399880  112.026346
0.177585  0.000000  0.000000  0.000000  -19.038653  10.409679  12.500000  46.769626  12.116427  4.049035  36.673462  13.405771  0.561460  7.399880  112.026346
0.177819  0.000000  0.000000  0.000000  -19.038653  10.409679  15.000000  47.107760  10.289725  2.308995  36.673462  13.405771  0.561460  7.399880  112.026346
0.178053  0.000000  0.000000  0.000000  -19.038653  10.409679  17.500000  47.387894  8.453844  0.589038  36.673462  13.405771  0.561460  7.399880  112.026346
0.178287  0.000000  0.000000  0.000000  -19.038653  10.409679  20.000000  47.611264  6.610528  -1.114571  36.673462  13.405771  0.561460  7.399880  112.026346
0.178521  0.000000  0.000000  0.000000  -19.038653  10.409679  22.500000  47.778823  4.761459  -2.805516  36.673462  13.405771  0.561460  7.399880  112.026346
0.178755  0.000000  0.000000  0.000000  -19.038653  10.409679  25.000000  47.891327  2.908273  -4.487389  36.673462  13.405771  0.561460  7.399880  112.026346
0.178989  0.000000  0.000000  0.000000  -19.038653  10.409679  27.500000  47.949273  1.052620  -6.163714  36.673462  13.405771  0.561460  7.399880  112.026346
0.179223  0.000000  0.000000  0.000000  -19.038653  10.409679  30.000000  47.952907  -0.803944  -7.838057  36.673462  13.405771  0.561460  7.399880  112.026346
0.179457  0.000000  0.000000  0.000000  -19.038653  10.409679  32.500000  47.902248  -2.659823  -9.513923  36.673462  13.405771  0.561460  7.399880  112.026346
0.179691  0.000000  0.000000  0.000000  -19.038653  10.409679  35.000000  47.797070  -4.513421  -11.194839  36.673462  13.405771  0.561460  7.399880  112.026346
0.179925  0.000000  0.000000  0.000000  -19.038653  10.409679  37.500000  47.636920  -6.363134  -12.884352  36.673462  13.405771  0.561460  7.399880  112.026346
0.180159  0.000000  0.000000  0.000000  -19.038653  10.409679  40.000000  47.421085  -8.207318  -14.586060  36.673462  13.405771  0.561460  7.399880  112.026346
0.180393  0.000000  0.000000  0.000000  -19.038653  10.409679  42.500000  47.148625  -10.044294  -16.303612  36.673462  13.405771  0.561460  7.399880  112.026346
0.180627  0.000000  0.000000  0.000000  -19.038653  10.409679  45.000000  46.818343  -11.872324  -18.040738  36.673462  13.405771  0.561460  7.399880  112.026346
0.180861  0.000000  0.000000  0.000000  -19.038653  10.409679  47.500000  46.428787  -13.689621  -19.801266  36.673462  13.405771  0.561460  7.399880  112.026346
0.181095  0.000000  0.000000  0.000000  -19.038653  10.409679  50.000000  45.978277  -15.494279  -21.589114  36.673462  13.405771  0.561460  7.399880  112.026346
0.181329  0.000000  0.000000  0.000000  -21.170462  18.477439  -10.000000  35.173945  4.311697  6.753456  54.431439  13.165711  -63.426471  17.079584  113.451260
0.181563  0.000000  0.000000  0.000000  -21.170462  18.477439  -7.500000  35.302091  2.869109  4.707592  54.431439  13.165711  -63.426471  17.079584  113.451260
0.181797  0.000000  0.000000  0.000000  -21.170462  18.477439  -5.000000  35.378525  1.422877  2.666887  54.431439  13.165711  -63.426471  17.079584  113.451260
0.182031  0.000000  0.000000  0.000000  -21.170462  18.477439  -2.500000  35.403386  -0.025154  0.628747  54.431439  13.165711  -63.426471  17.079584  113.451260
0.182265  0.000000  0.000000  0.000000  -21.170462  18.477439  0.000000  35.376732  -1.473159  -1.409447  54.431439  13.165711  -63.426471  17.079584  113.451260
0.182499  0.000000  0.000000  0.000000  -21.170462  18.477439  2.500000  35.298508  -2.919295  -3.450288  54.431439  13.165711  -63.426471  17.079584  113.451260
0.182733  0.000000  0.000000  0.000000  -21.170462  18.477439  5.000000  35.168553  -4.361727  -5.496381  54.431439  13.165711  -63.426471  17.079584  113.451260
0.182967  0.000000  0.000000  0.000000  -21.170462  18.477439  7.500000  34.986656  -5.798593  -7.550333  54.431439  13.165711  -63.426471  17.079584  113.451260
0.183201  0.000000  0.000000  0.000000  -21.170462  18.477439  10.000000  34.752443  -7.228021  -9.614747  54.431439  13.165711  -63.426471  17.079584  113.451260
0.183435  0.000000  0.000000  0.000000  -21.170462  18.477439  12.500000  34.465480  -8.648112  -11.692220  54.431439  13.165711  -63.426471  17.079584  113.451260
0.183669  0.000000  0.000000  0.000000  -21.170462  18.477439  15.000000  34.125266  -10.056919  -13.785354  54.431439  13.165711  -63.426471  17.079584  113.451260
0.183903  0.000000  0.000000  0.000000  -21.170462  18.477439  17.500000  33.731201  -11.452464  -15.896737  54.431439  13.165711  -63.426471  17.079584  113.451260
0.184137  0.000000  0.000000  0.000000  -21.170462  18.477439  20.000000  33.282618  -12.832721  -18.028944  54.431439  13.165711  -63.426471  17.079584  113.451260
0.184371  0.000000  0.000000  0.000000  -21.170462  18.477439  22.500000  32.778797  -14.195609  -20.184532  54.431439  13.165711  -63.426471  17.079584  113.451260
0.184605  0.000000  0.000000  0.000000  -21.170462  18.477439  25.000000  32.218965  -15.538988  -22.366030  54.431439  13.165711  -63.426471  17.079584  113.451260
0.184839  0.000000  0.000000  0.000000  -21.170462  18.477439  27.500000  31.602319  -16.860642  -24.575918  54.431439  13.165711  -63.426471  17.079584  113.451260
0.185073  0.000000  0.000000  0.000000  -21.170462  18.477439  30.000000  30.928054  -18.158314  -26.816637  54.431439  13.165711  -63.426471  17.079584  113.451260
0.185307  0.000000  0.000000  0.000000  -21.170462  18.477439  32.500000  30.195336  -19.429655  -29.090559  54.431439  13.165711  -63.426471  17.079584  113.451260
0.185540  0.000000  0.000000  0.000000  -21.170462  18.477439  35.000000  29.403412  -20.672244  -31.399932  54.431439  13.165711  -63.426471  17.079584  113.451260
0.185774  0.000000  0.000000  0.000000  -21.170462  18.477439  37.500000  28.551553  -21.883588  -33.746930  54.431439  13.165711  -63.426471  17.079584  113.451260
0.186008  0.000000  0.000000  0.000000  -21.170462  18.477439  40.000000  27.639133  -23.061121  -36.133560  54.431439  13.165711  -63.426471  17.079584  113.451260
0.186242  0.000000  0.000000  0.000000  -21.170462  18.477439  42.500000  26.665646  -24.202203  -38.561657  54.431439  13.165711  -63.426471  17.079584  113.451260
0.186476  0.000000  0.000000  0.000000  -21.170462  18.477439  45.000000  25.630754  -25.304126  -41.032849  54.431439  13.165711  -63.426471  17.079584  113.451260
0.186710  0.000000  0.000000  0.000000  -21.170462  18.477439  47.500000  24.534322  -26.364121  -43.548515  54.431439  13.165711  -63.426471  17.079584  113.451260
0.186944  0.000000  0.000000  0.000000  -21.170462  18.477439  50.000000  23.376462  -27.379371  -46.109731  54.431439  13.165711  -63.426471  17.079584  113.451260
0.187178  0.000000  0.000000  0.000000  -39.515068  16.364457  -10.000000  35.292141  11.457157  11.793239  62.778697  -0.426047  -18.581095  16.792344  116.109539
0.187412  0.000000  0.000000  0.000000  -39.515068  16.364457  -7.500000  35.678004  10.005768  9.721388  62.778697  -0.426047  -18.581095  16.792344  116.109539
0.187646  0.000000  0.000000  0.000000  -39.515068  16.364457  -5.000000  36.008963  8.541677  7.668054  62.778697  -0.426047  -18.581095  16.792344  116.109539
0.187880  0.000000  0.000000  0.000000  -39.515068  16.364457  -2.500000  36.285699  7.066859  5.630479  62.778697  -0.426047  -18.581095  16.792344  116.109539
0.188114  0.000000  0.000000  0.000000  -39.515068  16.364457  0.000000  36.508783  5.583255  3.605903  62.778697  -0.426047  -18.581095  16.792344  116.109539
0.188348  0.000000  0.000000  0.000000  -39.515068  16.364457  2.500000  36.678689  4.092765  1.591580  62.778697  -0.426047  -18.581095  16.792344  116.109539
0.188582  0.000000  0.000000  0.000000  -39.515068  16.364457  5.000000  36.795814  2.597242  -0.415252  62.778697  -0.426047  -18.581095  16.792344  116.109539
0.188816  0.000000  0.000000  0.000000  -39.515068  16.364457  7.500000  36.860388  1.098546  -2.417331  62.778697  -0.426047  -18.581095  16.792344  116.109539
0.189050  0.000000  0.000000  0.000000  -39.515068  16.364457  10.000000  36.872557  -0.401487  -4.417401  62.778697  -0.426047  -18.581095  16.792344  116.109539
0.189284  0.000000  0.000000  0.000000  -39.515068  16.364457  12.500000  36.832349  -1.901030  -6.418204  62.778697  -0.426047  -18.581095  16.792344  116.109539
0.189518  0.000000  0.000000  0.000000  -39.515068  16.364457  15.000000  36.739676  -3.398252  -8.422482  62.778697  -0.426047  -18.581095  16.792344  116.109539
0.189752  0.000000  0.000000  0.000000  -39.515068  16.364457  17.500000  36.594337  -4.891315  -10.432985  62.778697  -0.426047  -18.581095  16.792344  116.109539
0.189986  0.000000  0.000000  0.000000  -39.515068  16.364457  20.000000  36.396013  -6.378358  -12.452456  62.778697  -0.426047  -18.581095  16.792344  116.109539
0.190220  0.000000  0.000000  0.000000  -39.515068  16.364457  22.500000  36.144272  -7.857493  -14.483646  62.778697  -0.426047  -18.581095  16.792344  116.109539
0.190454  0.000000  0.000000  0.000000  -39.515068  16.364457  25.000000  35.838598  -9.326815  -16.529314  62.778697  -0.426047  -18.581095  16.792344  116.109539
0.190688  0.000000  0.000000  0.000000  -39.515068  16.364457  27.500000  35.478342  -10.784355  -18.592216  62.778697  -0.426047  -18.581095  16.792344  116.109539
0.190922  0.000000  0.000000  0.000000  -39.515068  16.364457  30.000000  35.062777  -12.228113  -20.675115  62.778697  -0.426047  -18.581095  16.792344  116.109539
0.191156  0.000000  0.000000  0.000000  -39.515068  16.364457  32.500000  34.591099  -13.656030  -22.780760  62.778697  -0.426047  -18.581095  16.792344  116.109539
0.191390  0.000000  0.000000  0.000000  -39.515068  16.364457  35.000000  34.062416  -15.065986  -24.911902  62.778697  -0.426047  -18.581095  16.792344  116.109539
0.191624  0.000000  0.000000  0.000000  -39.515068  16.364457  37.500000  33.475777  -16.455762  -27.071248  62.778697  -0.426047  -18.581095  16.792344  116.109539
0.191858  0.000000  0.000000  0.000000  -39.515068  16.364457  40.000000  32.830190  -17.823128  -29.261512  62.778697  -0.426047  -18.581095  16.792344  116.109539
0.192092  0.000000  0.000000  0.000000  -39.515068  16.364457  42.500000  32.124637  -19.165716  -31.485350  62.778697  -0.426047  -18.581095  16.792344  116.109539
0.192326  0.000000  0.000000  0.000000  -39.515068  16.364457  45.000000  31.358093  -20.481115  -33.745305  62.778697  -0.426047  -18.581095  16.792344  116.109539
0.192560  0.000000  0.000000  0.000000  -39.515068  16.364457  47.500000  30.529553  -21.766791  -36.043921  62.778697  -0.426047  -18.581095  16.792344  116.109539
0.192794  0.000000  0.000000  0.000000  -39.515068  16.364457  50.000000  29.638071  -23.020144  -38.383568  62.778697  -0.426047  -18.581095  16.792344  116.109539
0.193028  0.000000  0.000000  0.000000  -35.711139  17.988921  -10.000000  37.916889  1.335217  10.728120  85.199198  5.604383  -2.732487  11.555473  128.794752
0.193262  0.000000  0.000000  0.000000  -35.711139  17.988921  -7.500000  37.936397  -0.201561  8.756094  85.199198  5.604383  -2.732487  11.555473  128.794752
0.193496  0.000000  0.000000  0.000000  -35.711139  17.988921  -5.000000  37.903006  -1.738102  6.783693  85.199198  5.604383  -2.732487  11.555473  128.794752
0.193730  0.000000  0.000000  0.000000  -35.711139  17.988921  -2.500000  37.816630  -3.272582  4.808077  85.199198  5.604383  -2.732487  11.555473  128.794752
0.193964  0.000000  0.000000  0.000000  -35.711139  17.988921  0.000000  37.677063  -4.803169  2.826408  85.199198  5.604383  -2.732487  11.555473  128.794752
0.194197  0.000000  0.000000  0.000000  -35.711139  17.988921  2.500000  37.483971  -6.328013  0.835839  85.199198  5.604383  -2.732487  11.555473  128.794752
0.194431  0.000000  0.000000  0.000000  -35.711139  17.988921  5.000000  37.236904  -7.845233  -1.166487  85.199198  5.604383  -2.732487  11.555473  128.794752
0.194665  0.000000  0.000000  0.000000  -35.711139  17.988921  7.500000  36.935269  -9.352930  -3.183428  85.199198  5.604383  -2.732487  11.555473  128.794752
0.194899  0.000000  0.000000  0.000000  -35.711139  17.988921  10.000000  36.578394  -10.849140  -5.217864  85.199198  5.604383  -2.732487  11.555473  128.794752
0.195133  0.000000  0.000000  0.000000  -35.711139  17.988921  12.500000  36.165475  -12.331865  -7.272673  85.199198  5.604383  -2.732487  11.555473  128.794752
0.195367  0.000000  0.000000  0.000000  -35.711139  17.988921  15.000000  35.695616  -13.799046  -9.350737  85.199198  5.604383  -2.732487  11.555473  128.794752
0.195601  0.000000  0.000000  0.000000  -35.711139  17.988921  17.500000  35.167825  -15.248551  -11.454945  85.199198  5.604383  -2.732487  11.555473  128.794752
0.195835  0.000000  0.000000  0.000000  -35.711139  17.988921  20.000000  34.581025  -16.678167  -13.588186  85.199198  5.604383  -2.732487  11.555473  128.794752
0.196069  0.000000  0.000000  0.000000  -35.711139  17.988921  22.500000  33.934093  -18.085618  -15.753312  85.199198  5.604383  -2.732487  11.555473  128.794752
0.196303  0.000000  0.000000  0.000000  -35.711139  17.988921  25.000000  33.225864  -19.468546  -17.953144  85.199198  5.604383  -2.732487  11.555473  128.794752
0.196537  0.000000  0.000000  0.000000  -35.711139  17.988921  27.500000  32.455144  -20.824485  -20.190456  85.199198  5.604383  -2.732487  11.555473  128.794752
0.196771  0.000000  0.000000  0.000000  -35.711139  17.988921  30.000000  31.620740  -22.150873  -22.467965  85.199198  5.604383  -2.732487  11.555473  128.794752
0.197005  0.000000  0.000000  0.000000  -35.711139  17.988921  32.500000  30.721498  -23.445052  -24.788276  85.199198  5.604383  -2.732487  11.555473  128.794752
0.197239  0.000000  0.000000  0.000000  -35.711139  17.988921  35.000000  29.756340  -24.704263  -27.153864  85.199198  5.604383  -2.732487  11.555473  128.794752
0.197473  0.000000  0.000000  0.000000  -35.711139  17.988921  37.500000  28.724303  -25.925645  -29.567032  85.199198  5.604383  -2.732487  11.555473  128.794752
0.197707  0.000000  0.000000  0.000000  -35.711139  17.988921  40.000000  27.624571  -27.106240  -32.029873  85.199198  5.604383  -2.732487  11.555473  128.794752
0.197941  0.000000  0.000000  0.000000  -35.711139  17.988921  42.500000  26.456580  -28.242995  -34.544232  85.199198  5.604383  -2.732487  11.555473  128.794752
0.198175  0.000000  0.000000  0.000000  -35.711139  17.988921  45.000000  25.219994  -29.332780  -37.111618  85.199198  5.604383  -2.732487  11.555473  128.794752
0.198409  0.000000  0.000000  0.000000  -35.711139  17.988921  47.500000  23.914836  -30.372393  -39.733175  85.199198  5.604383  -2.732487  11.555473  128.794752
0.198643  0.000000  0.000000  0.000000  -35.711139  17.988921  50.000000  22.541513  -31.358584  -42.409613  85.199198  5.604383  -2.732487  11.555473  128.794752
0.198877  0.000000  0.000000  0.000000  -35.606665  3.312160  -10.000000  38.464190  4.580490  5.460294  8.444934  14.469276  -16.495797  15.620297  125.531999
0.199111  0.000000  0.000000  0.000000  -35.606665  3.312160  -7.500000  38.594176  3.023055  3.500318  8.444934  14.469276  -16.495797  15.620297  125.531999
0.199345  0.000000  0.000000  0.000000  -35.606665  3.312160  -5.000000  38.670669  1.462100  1.545963  8.444934  14.469276  -16.495797  15.620297  125.531999
0.199579  0.000000  0.000000  0.000000  -35.606665  3.312160  -2.500000  38.693858  -0.100554  -0.405674  8.444934  14.469276  -16.495797  15.620297  125.531999
0.199813  0.000000  0.000000  0.000000  -35.606665  3.312160  0.000000  38.663814  -1.663090  -2.357497  8.444934  14.469276  -16.495797  15.620297  125.531999
0.200047  0.000000  0.000000  0.000000  -35.606665  3.312160  2.500000  38.580454  -3.223696  -4.312413  8.444934  14.469276  -16.495797  15.620297  125.531999
0.200281  0.000000  0.000000  0.000000  -35.606665  3.312160  5.000000  38.443571  -4.780544  -6.273329  8.444934  14.469276  -16.495797  15.620297  125.531999
0.200515  0.000000  0.000000  0.000000  -35.606665  3.312160  7.500000  38.252815  -6.331794  -8.243162  8.444934  14.469276  -16.495797  15.620297  125.531999
0.200749  0.000000  0.000000  0.000000  -35.606665  3.312160  10.000000  38.007701  -7.875579  -10.224838  8.444934  14.469276  -16.495797  15.620297  125.531999
0.200983  0.000000  0.000000  0.000000  -35.606665  3.312160  12.500000  37.707619  -9.409982  -12.221304  8.444934  14.469276  -16.495797  15.620297  125.531999
0.201217  0.000000  0.000000  0.000000  -35.606665  3.312160  15.000000  37.351865  -10.933083  -14.235490  8.444934  14.469276  -16.495797  15.620297  125.531999
0.201451  0.000000  0.000000  0.000000  -35.606665  3.312160  17.500000  36.939554  -12.442855  -16.270386  8.444934  14.469276  -16.495797  15.620297  125.531999
0.201685  0.000000  0.000000  0.000000  -35.606665  3.312160  20.000000  36.469737  -13.937247  -18.328961  8.444934  14.469276  -16.495797  15.620297  125.531999
0.201919  0.000000  0.000000  0.000000  -35.606665  3.312160  22.500000  35.941349  -15.414128  -20.414203  8.444934  14.469276  -16.495797  15.620297  125.531999
0.202153  0.000000  0.000000  0.000000  -35.606665  3.312160  25.000000  35.353231  -16.871273  -22.529091  8.444934  14.469276  -16.495797  15.620297  125.531999
0.202387  0.000000  0.000000  0.000000  -35.606665  3.312160  27.500000  34.704170  -18.306422  -24.676606  8.444934  14.469276  -16.495797  15.620297  125.531999
0.202620  0.000000  0.000000  0.000000  -35.606665  3.312160  30.000000  33.992866  -19.717166  -26.859704  8.444934  14.469276  -16.495797  15.620297  125.531999
0.202854  0.000000  0.000000  0.000000  -35.606665  3.312160  32.500000  33.218004  -21.101027  -29.081300  8.444934  14.469276  -16.495797  15.620297  125.531999
0.203088  0.000000  0.000000  0.000000  -35.606665  3.312160  35.000000  32.378269  -22.455416  -31.344243  8.444934  14.469276  -16.495797  15.620297  125.531999
0.203322  0.000000  0.000000  0.000000  -35.606665  3.312160  37.500000  31.472348  -23.777641  -33.651304  8.444934  14.469276  -16.495797  15.620297  125.531999
0.203556  0.000000  0.000000  0.000000  -35.606665  3.312160  40.000000  30.499008  -25.064896  -36.005124  8.444934  14.469276  -16.495797  15.620297  125.531999
0.203790  0.000000  0.000000  0.000000  -35.606665  3.312160  42.500000  29.457104  -26.314270  -38.408171  8.444934  14.469276  -16.495797  15.620297  125.531999
0.204024  0.000000  0.000000  0.000000  -35.606665  3.312160  45.000000  28.345669  -27.522732  -40.862748  8.444934  14.469276  -16.495797  15.620297  125.531999
0.204258  0.000000  0.000000  0.000000  -35.606665  3.312160  47.500000  27.163919  -28.687160  -43.370862  8.444934  14.469276  -16.495797  15.620297  125.531999
0.204492  0.000000  0.000000  0.000000  -35.606665  3.312160  50.000000  25.911356  -29.804332  -45.934219  8.444934  14.469276  -16.495797  15.620297  125.531999
0.204726  0.000000  0.000000  0.000000  -20.372289  18.489134  -10.000000  35.850636  8.757833  15.835085  27.257680  -4.282705  3.625732  16.136225  128.719563
0.204960  0.000000  0.000000  0.000000  -20.372289  18.489134  -7.500000  36.135793  7.288457  13.792426  27.257680  -4.282705  3.625732  16.136225  128.719563
0.205194  0.000000  0.000000  0.000000  -20.372289  18.489134  -5.000000  36.367288  5.809973  11.763166  27.257680  -4.282705  3.625732  16.136225  128.719563
0.205428  0.000000  0.000000  0.000000  -20.372289  18.489134  -2.500000  36.545610  4.324290  9.744560  27.257680  -4.282705  3.625732  16.136225  128.719563
0.205662  0.000000  0.000000  0.000000  -20.372289  18.489134  0.000000  36.671141  2.833281  7.733870  27.257680  -4.282705  3.625732  16.136225  128.719563
0.205896  0.000000  0.000000  0.000000  -20.372289  18.489134  2.500000  36.744157  1.338798  5.728358  27.257680  -4.282705  3.625732  16.136225  128.719563
0.206130  0.000000  0.000000  0.000000  -20.372289  18.489134  5.000000  36.764813  -0.157321  3.725292  27.257680  -4.282705  3.625732  16.136225  128.719563
0.206364  0.000000  0.000000  0.000000  -20.372289  18.489134  7.500000  36.733159  -1.653251  1.721937  27.257680  -4.282705  3.625732  16.136225  128.719563
0.206598  0.000000  0.000000  0.000000  -20.372289  18.489134  10.000000  36.649113  -3.147156  -0.284436  27.257680  -4.282705  3.625732  16.136225  128.719563
0.206832  0.000000  0.000000  0.000000  -20.372289  18.489134  12.500000  36.512501  -4.637199  -2.296559  27.257680  -4.282705  3.625732  16.136225  128.719563
0.207066  0.000000  0.000000  0.000000  -20.372289  18.489134  15.000000  36.323039  -6.121525  -4.317182  27.257680  -4.282705  3.625732  16.136225  128.719563
0.207300  0.000000  0.000000  0.000000  -20.372289  18.489134  17.500000  36.080305  -7.598253  -6.349031  27.257680  -4.282705  3.625732  16.136225  128.719563
0.207534  0.000000  0.000000  0.000000  -20.372289  18.489134  20.000000  35.783798  -9.065475  -8.394855  27.257680  -4.282705  3.625732  16.136225  128.719563
0.207768  0.000000  0.000000  0.000000  -20.372289  18.489134  22.500000  35.432905  -10.521238  -10.457398  27.257680  -4.282705  3.625732  16.136225  128.719563
0.208002  0.000000  0.000000  0.000000  -20.372289  18.489134  25.000000  35.026903  -11.963544  -12.539420  27.257680  -4.282705  3.625732  16.136225  128.719563
0.208236  0.000000  0.000000  0.000000  -20.372289  18.489134  27.500000  34.565055  -13.390353  -14.643632  27.257680  -4.282705  3.625732  16.136225  128.719563
0.208470  0.000000  0.000000  0.000000  -20.372289  18.489134  30.000000  34.046447  -14.799549  -16.772797  27.257680  -4.282705  3.625732  16.136225  128.719563
0.208704  0.000000  0.000000  0.000000  -20.372289  18.489134  32.500000  33.470162  -16.188928  -18.929608  27.257680  -4.282705  3.625732  16.136225  128.719563
0.208938  0.000000  0.000000  0.000000  -20.372289  18.489134  35.000000  32.835238  -17.556293  -21.116760  27.257680  -4.282705  3.625732  16.136225  128.719563
0.209172  0.000000  0.000000  0.000000  -20.372289  18.489134  37.500000  32.140667  -18.899274  -23.336896  27.257680  -4.282705  3.625732  16.136225  128.719563
0.209406  0.000000  0.000000  0.000000  -20.372289  18.489134  40.000000  31.385437  -20.215471  -25.592578  27.257680  -4.282705  3.625732  16.136225  128.719563
0.209640  0.000000  0.000000  0.000000  -20.372289  18.489134  42.500000  30.568561  -21.502387  -27.886320  27.257680  -4.282705  3.625732  16.136225  128.719563
0.209874  0.000000  0.000000  0.000000  -20.372289  18.489134  45.000000  29.689099  -22.757438  -30.220502  27.257680  -4.282705  3.625732  16.136225  128.719563
0.210108  0.000000  0.000000  0.000000  -20.372289  18.489134  47.500000  28.746194  -23.977949  -32.597370  27.257680  -4.282705  3.625732  16.136225  128.719563
0.210342  0.000000  0.000000  0.000000  -20.372289  18.489134  50.000000  27.739110  -25.161158  -35.019000  27.257680  -4.282705  3.625732  16.136225  128.719563
0.210576  0.000000  0.000000  0.000000  -39.343204  19.435303  -10.000000  39.051157  13.468991  21.096974  65.881389  0.423250  -55.597747  21.341555  120.658099
0.210810  0.000000  0.000000  0.000000  -39.343204  19.435303  -7.500000  39.486607  11.886423  19.113211  65.881389  0.423250  -55.597747  21.341555  120.658099
0.211044  0.000000  0.000000  0.000000  -39.343204  19.435303  -5.000000  39.863769  10.290177  17.152478  65.881389  0.423250  -55.597747  21.341555  120.658099
0.211277  0.000000  0.000000  0.000000  -39.343204  19.435303  -2.500000  40.183715  8.682258  15.211552  65.881389  0.423250  -55.597747  21.341555  120.658099
0.211511  0.000000  0.000000  0.000000  -39.343204  19.435303  0.000000  40.447369  7.064613  13.287241  65.881389  0.423250  -55.597747  21.341555  120.658099
0.211745  0.000000  0.000000  0.000000  -39.343204  19.435303  2.500000  40.655502  5.439132  11.376382  65.881389  0.423250  -55.597747  21.341555  120.658099
0.211979  0.000000  0.000000  0.000000  -39.343204  19.435303  5.000000  40.808725  3.807677  9.475839  65.881389  0.423250  -55.597747  21.341555  120.658099
0.212213  0.000000  0.000000  0.000000  -39.343204  19.435303  7.500000  40.907498  2.172061  7.582497  65.881389  0.423250  -55.597747  21.341555  120.658099
0.212447  0.000000  0.000000  0.000000  -39.343204  19.435303  10.000000  40.952119  0.534075  5.693252  65.881389  0.423250  -55.597747  21.341555  120.658099
0.212681  0.000000  0.000000  0.000000  -39.343204  19.435303  12.500000  40.942720  -1.104481  3.805025  65.881389  0.423250  -55.597747  21.341555  120.658099
0.212915  0.000000  0.000000  0.000000  -39.343204  19.435303  15.000000  40.879267  -2.741851  1.914696  65.881389  0.423250  -55.597747  21.341555  120.658099
0.213149  0.000000  0.000000  0.000000  -39.343204  19.435303  17.500000  40.761567  -4.376222  0.019210  65.881389  0.423250  -55.597747  21.341555  120.658099
0.213383  0.000000  0.000000  0.000000  -39.343204  19.435303  20.000000  40.589298  -6.005811  -1.884582  65.881389  0.423250  -55.597747  21.341555  120.658099
0.213617  0.000000  0.000000  0.000000  -39.343204  19.435303  22.500000  40.361913  -7.628771  -3.799766  65.881389  0.423250  -55.597747  21.341555  120.658099
0.213851  0.000000  0.000000  0.000000  -39.343204  19.435303  25.000000  40.078760  -9.243249  -5.729501  65.881389  0.423250  -55.597747  21.341555  120.658099
0.214085  0.000000  0.000000  0.000000  -39.343204  19.435303  27.500000  39.739008  -10.847326  -7.676958  65.881389  0.423250  -55.597747  21.341555  120.658099
0.214319  0.000000  0.000000  0.000000  -39.343204  19.435303  30.000000  39.341676  -12.439040  -9.645347  65.881389  0.423250  -55.597747  21.341555  120.658099
0.214553  0.000000  0.000000  0.000000  -39.343204  19.435303  32.500000  38.885653  -14.016360  -11.637897  65.881389  0.423250  -55.597747  21.341555  120.658099
0.214787  0.000000  0.000000  0.000000  -39.343204  19.435303  35.000000  38.369670  -15.577165  -13.657876  65.881389  0.423250  -55.597747  21.341555  120.658099
0.215021  0.000000  0.000000  0.000000  -39.343204  19.435303  37.500000  37.792333  -17.119262  -15.708591  65.881389  0.423250  -55.597747  21.341555  120.658099
0.215255  0.000000  0.000000  0.000000  -39.343204  19.435303  40.000000  37.152146  -18.640403  -17.793345  65.881389  0.423250  -55.597747  21.341555  120.658099
0.215489  0.000000  0.000000  0.000000  -39.343204  19.435303  42.500000  36.447490  -20.138128  -19.915498  65.881389  0.423250  -55.597747  21.341555  120.658099
0.215723  0.000000  0.000000  0.000000  -39.343204  19.435303  45.000000  35.676693  -21.609963  -22.078363  65.881389  0.423250  -55.597747  21.341555  120.658099
0.215957  0.000000  0.000000  0.000000  -39.343204  19.435303  47.500000  34.837987  -23.053279  -24.285267  65.881389  0.423250  -55.597747  21.341555  120.658099
0.216191  0.000000  0.000000  0.000000  -39.343204  19.435303  50.000000  33.929612  -24.465308  -26.539481  65.881389  0.423250  -55.597747  21.341555  120.658099
0.216425  0.000000  0.000000  0.000000  -28.992742  12.443244  -10.000000  37.373862  11.050145  11.939636  41.614258  25.313342  -54.871758  19.764489  118.599963
0.216659  0.000000  0.000000  0.000000  -28.992742  12.443244  -7.500000  37.733679  9.526221  9.925351  41.614258  25.313342  -54.871758  19.764489  118.599963
0.216893  0.000000  0.000000  0.000000  -28.992742  12.443244  -5.000000  38.037729  7.990836  7.929039  41.614258  25.313342  -54.871758  19.764489  118.599963
0.217127  0.000000  0.000000  0.000000  -28.992742  12.443244  -2.500000  38.286720  6.445962  5.947729  41.614258  25.313342  -54.871758  19.764489  118.599963
0.217361  0.000000  0.000000  0.000000  -28.992742  12.443244  0.000000  38.481300  4.893487  3.978487  41.614258  25.313342  -54.871758  19.764489  118.599963
0.217595  0.000000  0.000000  0.000000  -28.992742  12.443244  2.500000  38.621953  3.335294  2.018382  41.614258  25.313342  -54.871758  19.764489  118.599963
0.217829  0.000000  0.000000  0.000000  -28.992742  12.443244  5.000000  38.709057  1.773202  0.064481  41.614258  25.313342  -54.871758  19.764489  118.599963
0.218063  0.000000  0.000000  0.000000  -28.992742  12.443244  7.500000  38.742804  0.209065  -1.886110  41.614258  25.313342  -54.871758  19.764489  118.599963
0.218297  0.000000  0.000000  0.000000  -28.992742  12.443244  10.000000  38.723298  -1.355320  -3.836326  41.614258  25.313342  -54.871758  19.764489  118.599963
0.218531  0.000000  0.000000  0.000000  -28.992742  12.443244  12.500000  38.650472  -2.918132  -5.789060  41.614258  25.313342  -54.871758  19.764489  118.599963
0.218765  0.000000  0.000000  0.000000  -28.992742  12.443244  15.000000  38.524149  -4.477548  -7.747215  41.614258  25.313342  -54.871758  19.764489  118.599963
0.218999  0.000000  0.000000  0.000000  -28.992742  12.443244  17.500000  38.344026  -6.031739  -9.713739  41.614258  25.313342  -54.871758  19.764489  118.599963
0.219233  0.000000  0.000000  0.000000  -28.992742  12.443244  20.000000  38.109620  -7.578833  -11.691532  41.614258  25.313342  -54.871758  19.764489  118.599963
0.219467  0.000000  0.000000  0.000000  -28.992742  12.443244  22.500000  37.820360  -9.116940  -13.683548  41.614258  25.313342  -54.871758  19.764489  118.599963
0.219701  0.000000  0.000000  0.000000  -28.992742  12.443244  25.000000  37.475531  -10.644118  -15.692739  41.614258  25.313342  -54.871758  19.764489  118.599963
0.219934  0.000000  0.000000  0.000000  -28.992742  12.443244  27.500000  37.074303  -12.158384  -17.722073  41.614258  25.313342  -54.871758  19.764489  118.599963
0.220168  0.000000  0.000000  0.000000  -28.992742  12.443244  30.000000  36.615717  -13.657678  -19.774546  41.614258  25.313342  -54.871758  19.764489  118.599963
0.220402  0.000000  0.000000  0.000000  -28.992742  12.443244  32.500000  36.098741  -15.139900  -21.853135  41.614258  25.313342  -54.871758  19.764489  118.599963
0.220636  0.000000  0.000000  0.000000  -28.992742  12.443244  35.000000  35.522220  -16.602813  -23.960826  41.614258  25.313342  -54.871758  19.764489  118.599963
0.220870  0.000000  0.000000  0.000000  -28.992742  12.443244  37.500000  34.884945  -18.044211  -26.100616  41.614258  25.313342  -54.871758  19.764489  118.599963
0.221104  0.000000  0.000000  0.000000  -28.992742  12.443244  40.000000  34.185627  -19.461672  -28.275474  41.614258  25.313342  -54.871758  19.764489  118.599963
0.221338  0.000000  0.000000  0.000000  -28.992742  12.443244  42.500000  33.422941  -20.852746  -30.488334  41.614258  25.313342  -54.871758  19.764489  118.599963
0.221572  0.000000  0.000000  0.000000  -28.992742  12.443244  45.000000  32.595556  -22.214869  -32.742070  41.614258  25.313342  -54.871758  19.764489  118.599963
0.221806  0.000000  0.000000  0.000000  -28.992742  12.443244  47.500000  31.702153  -23.545363  -35.039477  41.614258  25.313342  -54.871758  19.764489  118.599963
0.222040  0.000000  0.000000  0.000000  -28.992742  12.443244  50.000000  30.741468  -24.841441  -37.383236  41.614258  25.313342  -54.871758  19.764489  118.599963
0.222274  0.000000  0.000000  0.000000  -33.288808  12.387936  -10.000000  34.847356  5.807319  6.040525  34.780420  20.715294  -17.786995  11.033927  123.460115
0.222508  0.000000  0.000000  0.000000  -33.288808  12.387936  -7.500000  35.029977  4.375416  3.983044  34.780420  20.715294  -17.786995  11.033927  123.460115
0.222742  0.000000  0.000000  0.000000  -33.288808  12.387936  -5.000000  35.160723  2.937915  1.933435  34.780420  20.715294  -17.786995  11.033927  123.460115
0.222976  0.000000  0.000000  0.000000  -33.288808  12.387936  -2.500000  35.239832  1.496671  -0.110897  34.780420  20.715294  -17.786995  11.033927  123.460115
0.223210  0.000000  0.000000  0.000000  -33.288808  12.387936  0.000000  35.267455  0.053526  -2.152542  34.780420  20.715294  -17.786995  11.033927  123.460115
0.223444  0.000000  0.000000  0.000000  -33.288808  12.387936  2.500000  35.243647  -1.389687  -4.194090  34.780420  20.715294  -17.786995  11.033927  123.460115
0.223678  0.000000  0.000000  0.000000  -33.288808  12.387936  5.000000  35.168360  -2.831135  -6.238134  34.780420  20.715294  -17.786995  11.033927  123.460115
0.223912  0.000000  0.000000  0.000000  -33.288808  12.387936  7.500000  35.041452  -4.268977  -8.287264  34.780420  20.715294  -17.786995  11.033927  123.460115
0.224146  0.000000  0.000000  0.000000  -33.288808  12.387936  10.000000  34.862676  -5.701363  -10.344065  34.780420  20.715294  -17.786995  11.033927  123.460115
0.224380  0.000000  0.000000  0.000000  -33.288808  12.387936  12.500000  34.631733  -7.126406  -12.411145  34.780420  20.715294  -17.786995  11.033927  123.460115
0.224614  0.000000  0.000000  0.000000  -33.288808  12.387936  15.000000  34.348163  -8.542212  -14.491072  34.780420  20.715294  -17.786995  11.033927  123.460115
0.224848  0.000000  0.000000  0.000000  -33.288808  12.387936  17.500000  34.011491  -9.946856  -16.586433  34.780420  20.715294  -17.786995  11.033927  123.460115
0.225082  0.000000  0.000000  0.000000  -33.288808  12.387936  20.000000  33.621118  -11.338346  -18.699805  34.780420  20.715294  -17.786995  11.033927  123.460115
0.225316  0.000000  0.000000  0.000000  -33.288808  12.387936  22.500000  33.176398  -12.714666  -20.833747  34.780420  20.715294  -17.786995  11.033927  123.460115
0.225550  0.000000  0.000000  0.000000  -33.288808  12.387936  25.000000  32.676628  -14.073741  -22.990801  34.780420  20.715294  -17.786995  11.033927  123.460115
0.225784  0.000000  0.000000  0.000000  -33.288808  12.387936  27.500000  32.121051  -15.413437  -25.173477  34.780420  20.715294  -17.786995  11.033927  123.460115
0.226018  0.000000  0.000000  0.000000  -33.288808  12.387936  30.000000  31.508881  -16.731546  -27.384237  34.780420  20.715294  -17.786995  11.033927  123.460115
0.226252  0.000000  0.000000  0.000000  -33.288808  12.387936  32.500000  30.839324  -18.025816  -29.625511  34.780420  20.715294  -17.786995  11.033927  123.460115
0.226486  0.000000  0.000000  0.000000  -33.288808  12.387936  35.000000  30.111588  -19.293913  -31.899645  34.780420  20.715294  -17.786995  11.033927  123.460115
0.226720  0.000000  0.000000  0.000000  -33.288808  12.387936  37.500000  29.324913  -20.533429  -34.208873  34.780420  20.715294  -17.786995  11.033927  123.460115
0.226954  0.000000  0.000000  0.000000  -33.288808  12.387936  40.000000  28.478598  -21.741881  -36.555358  34.780420  20.715294  -17.786995  11.033927  123.460115
0.227188  0.000000  0.000000  0.000000  -33.288808  12.387936  42.500000  27.572030  -22.916717  -38.941086  34.780420  20.715294  -17.786995  11.033927  123.460115
0.227422  0.000000  0.000000  0.000000  -33.288808  12.387936  45.000000  26.604722  -24.055313  -41.367881  34.780420  20.715294  -17.786995  11.033927  123.460115
0.227656  0.000000  0.000000  0.000000  -33.288808  12.387936  47.500000  25.576345  -25.154976  -43.837358  34.780420  20.715294  -17.786995  11.033927  123.460115
0.227890  0.000000  0.000000  0.000000  -33.288808  12.387936  50.000000  24.486777  -26.212955  -46.350890  34.780420  20.715294  -17.786995  11.033927  123.460115
0.228124  0.000000  0.000000  0.000000  -22.314255  14.508983  -10.000000  34.953669  9.860128  9.805906  28.847501  8.910265  4.751907  18.009779  128.008094
0.228358  0.000000  0.000000  0.000000  -22.314255  14.508983  -7.500000  35.282764  8.421806  7.734737  28.847501  8.910265  4.751907  18.009779  128.008094
0.228591  0.000000  0.000000  0.000000  -22.314255  14.508983  -5.000000  35.558167  6.972717  5.678965  28.847501  8.910265  4.751907  18.009779  128.008094
0.228825  0.000000  0.000000  0.000000  -22.314255  14.508983  -2.500000  35.780404  5.514798  3.635908  28.847501  8.910265  4.751907  18.009779  128.008094
0.229059  0.000000  0.000000  0.000000  -22.314255  14.508983  0.000000  35.949930  4.049945  1.602890  28.847501  8.910265  4.751907  18.009779  128.008094
0.229293  0.000000  0.000000  0.000000  -22.314255  14.508983  2.500000  36.067085  2.580030  -0.422767  28.847501  8.910265  4.751907  18.009779  128.008094
0.229527  0.000000  0.000000  0.000000  -22.314255  14.508983  5.000000  36.132111  1.106898  -2.443744  28.847501  8.910265  4.751907  18.009779  128.008094
0.229761  0.000000  0.000000  0.000000  -22.314255  14.508983  7.500000  36.145139  -0.367606  -4.462711  28.847501  8.910265  4.751907  18.009779  128.008094
0.229995  0.000000  0.000000  0.000000  -22.314255  14.508983  10.000000  36.106197  -1.841654  -6.482345  28.847501  8.910265  4.751907  18.009779  128.008094
0.230229  0.000000  0.000000  0.000000  -22.314255  14.508983  12.500000  36.015203  -3.313412  -8.505320  28.847501  8.910265  4.751907  18.009779  128.008094
0.230463  0.000000  0.000000  0.000000  -22.314255  14.508983  15.000000  35.871965  -4.781034  -10.534304  28.847501  8.910265  4.751907  18.009779  128.008094
0.230697  0.000000  0.000000  0.000000  -22.314255  14.508983  17.500000  35.676215  -6.242669  -12.572003  28.847501  8.910265  4.751907  18.009779  128.008094
0.230931  0.000000  0.000000  0.000000  -22.314255  14.508983  20.000000  35.427528  -7.696422  -14.621064  28.847501  8.910265  4.751907  18.009779  128.008094
0.231165  0.000000  0.000000  0.000000  -22.314255  14.508983  22.500000  35.125434  -9.140389  -16.684179  28.847501  8.910265  4.751907  18.009779  128.008094
0.231399  0.000000  0.000000  0.000000  -22.314255  14.508983  25.000000  34.769340  -10.572607  -18.764023  28.847501  8.910265  4.751907  18.009779  128.008094
0.231633  0.000000  0.000000  0.000000  -22.314255  14.508983  27.500000  34.358576  -11.991085  -20.863273  28.847501  8.910265  4.751907  18.009779  128.008094
0.231867  0.000000  0.000000  0.000000  -22.314255  14.508983  30.000000  33.892399  -13.393768  -22.984594  28.847501  8.910265  4.751907  18.009779  128.008094
0.232101  0.000000  0.000000  0.000000  -22.314255  14.508983  32.500000  33.370001  -14.778556  -25.130635  28.847501  8.910265  4.751907  18.009779  128.008094
0.232335  0.000000  0.000000  0.000000  -22.314255  14.508983  35.000000  32.790510  -16.143249  -27.304004  28.847501  8.910265  4.751907  18.009779  128.008094
0.232569  0.000000  0.000000  0.000000  -22.314255  14.508983  37.500000  32.153040  -17.485631  -29.507306  28.847501  8.910265  4.751907  18.009779  128.008094
0.232803  0.000000  0.000000  0.000000  -22.314255  14.508983  40.000000  31.456667  -18.803375  -31.743076  28.847501  8.910265  4.751907  18.009779  128.008094
0.233037  0.000000  0.000000  0.000000  -22.314255  14.508983  42.500000  30.700475  -20.094085  -34.013754  28.847501  8.910265  4.751907  18.009779  128.008094
0.233271  0.000000  0.000000  0.000000  -22.314255  14.508983  45.000000  29.883582  -21.355283  -36.321742  28.847501  8.910265  4.751907  18.009779  128.008094
0.233505  0.000000  0.000000  0.000000  -22.314255  14.508983  47.500000  29.005167  -22.584413  -38.669283  28.847501  8.910265  4.751907  18.009779  128.008094
0.233739  0.000000  0.000000  0.000000  -22.314255  14.508983  50.000000  28.064499  -23.778834  -41.058484  28.847501  8.910265  4.751907  18.009779  128.008094
0.233973  0.000000  0.000000  0.000000  -19.900072  15.121442  -10.000000  34.177305  28.028946  22.721499  21.940139  28.035757  -22.908454  21.808638  114.747786
0.234207  0.000000  0.000000  0.000000  -19.900072  15.121442  -7.500000  35.239011  26.605240  20.408409  21.940139  28.035757  -22.908454  21.808638  114.747786
0.234441  0.000000  0.000000  0.000000  -19.900072  15.121442  -5.000000  36.223522  25.145073  18.152906  21.940139  28.035757  -22.908454  21.808638  114.747786
0.234675  0.000000  0.000000  0.000000  -19.900072  15.121442  -2.500000  37.133106  23.651568  15.951332  21.940139  28.035757  -22.908454  21.808638  114.747786
0.234909  0.000000  0.000000  0.000000  -19.900072  15.121442  0.000000  37.970077  22.127696  13.799937  21.940139  28.035757  -22.908454  21.808638  114.747786
0.235143  0.000000  0.000000  0.000000  -19.900072  15.121442  2.500000  38.736610  20.576228  11.695015  21.940139  28.035757  -22.908454  21.808638  114.747786
0.235377  0.000000  0.000000  0.000000  -19.900072  15.121442  5.000000  39.434893  18.999841  9.632784  21.940139  28.035757  -22.908454  21.808638  114.747786
0.235611  0.000000  0.000000  0.000000  -19.900072  15.121442  7.500000  40.066961  17.401037  7.609534  21.940139  28.035757  -22.908454  21.808638  114.747786
0.235845  0.000000  0.000000  0.000000  -19.900072  15.121442  10.000000  40.634724  15.782203  5.621585  21.940139  28.035757  -22.908454  21.808638  114.747786
0.236079  0.000000  0.000000  0.000000  -19.900072  15.121442  12.500000  41.139952  14.145604  3.665308  21.940139  28.035757  -22.908454  21.808638  114.747786
0.236313  0.000000  0.000000  0.000000  -19.900072  15.121442  15.000000  41.584254  12.493406  1.737131  21.940139  28.035757  -22.908454  21.808638  114.747786
0.236547  0.000000  0.000000  0.000000  -19.900072  15.121442  17.500000  41.969070  10.827677  -0.166461  21.940139  28.035757  -22.908454  21.808638  114.747786
0.236781  0.000000  0.000000  0.000000  -19.900072  15.121442  20.000000  42.295662  9.150414  -2.048932  21.940139  28.035757  -22.908454  21.808638  114.747786
0.237015  0.000000  0.000000  0.000000  -19.900072  15.121442  22.500000  42.565126  7.463528  -3.913672  21.940139  28.035757  -22.908454  21.808638  114.747786
0.237248  0.000000  0.000000  0.000000  -19.900072  15.121442  25.000000  42.778368  5.768884  -5.764049  21.940139  28.035757  -22.908454  21.808638  114.747786
0.237482  0.000000  0.000000  0.000000  -19.900072  15.121442  27.500000  42.936105  4.068301  -7.603382  21.940139  28.035757  -22.908454  21.808638  114.747786
0.237716  0.000000  0.000000  0.000000  -19.900072  15.121442  30.000000  43.038874  2.363560  -9.434956  21.940139  28.035757  -22.908454  21.808638  114.747786
0.237950  0.000000  0.000000  0.000000  -19.900072  15.121442  32.500000  43.087028  0.656411  -11.262032  21.940139  28.035757  -22.908454  21.808638  114.747786
0.238184  0.000000  0.000000  0.000000  -19.900072  15.121442  35.000000  43.080729  -1.051395  -13.087867  21.940139  28.035757  -22.908454  21.808638  114.747786
0.238418  0.000000  0.000000  0.000000  -19.900072  15.121442  37.500000  43.019962  -2.758139  -14.915704  21.940139  28.035757  -22.908454  21.808638  114.747786
0.238652  0.000000  0.000000  0.000000  -19.900072  15.121442  40.000000  42.904522  -4.462086  -16.748767  21.940139  28.035757  -22.908454  21.808638  114.747786
0.238886  0.000000  0.000000  0.000000  -19.900072  15.121442  42.500000  42.733988  -6.161442  -18.590374  21.940139  28.035757  -22.908454  21.808638  114.747786
0.239120  0.000000  0.000000  0.000000  -19.900072  15.121442  45.000000  42.507831  -7.854464  -20.443767  21.940139  28.035757  -22.908454  21.808638  114.747786
0.239354  0.000000  0.000000  0.000000  -19.900072  15.121442  47.500000  42.225242  -9.539290  -22.312306  21.940139  28.035757  -22.908454  21.808638  114.747786
0.239588  0.000000  0.000000  0.000000  -19.900072  15.121442  50.000000  41.885289  -11.214055  -24.199349  21.940139  28.035757  -22.908454  21.808638  114.747786
0.239822  0.000000  0.000000  0.000000  -26.156786  16.806635  -10.000000  37.787566  17.757693  19.071191  39.440746  20.107810  -22.361930  7.167919  124.818818
0.240056  0.000000  0.000000  0.000000  -26.156786  16.806635  -7.500000  38.388734  16.215341  17.013826  39.440746  20.107810  -22.361930  7.167919  124.818818
0.240290  0.000000  0.000000  0.000000  -26.156786  16.806635  -5.000000  38.927813  14.653488  14.988626  39.440746  20.107810  -22.361930  7.167919  124.818818
0.240524  0.000000  0.000000  0.000000  -26.156786  16.806635  -2.500000  39.406266  13.074362  12.992256  39.440746  20.107810  -22.361930  7.167919  124.818818
0.240758  0.000000  0.000000  0.000000  -26.156786  16.806635  0.000000  39.825439  11.480098  11.021406  39.440746  20.107810  -22.361930  7.167919  124.818818
0.240992  0.000000  0.000000  0.000000  -26.156786  16.806635  2.500000  40.186510  9.872783  9.072780  39.440746  20.107810  -22.361930  7.167919  124.818818
0.241226  0.000000  0.000000  0.000000  -26.156786  16.806635  5.000000  40.490540  8.254371  7.143168  39.440746  20.107810  -22.361930  7.167919  124.818818
0.241460  0.000000  0.000000  0.000000  -26.156786  16.806635  7.500000  40.738422  6.626802  5.229349  39.440746  20.107810  -22.361930  7.167919  124.818818
0.241694  0.000000  0.000000  0.000000  -26.156786  16.806635  10.000000  40.930897  4.991955  3.328149  39.440746  20.107810  -22.361930  7.167919  124.818818
0.241928  0.000000  0.000000  0.000000  -26.156786  16.806635  12.500000  41.068542  3.351666  1.436417  39.440746  20.107810  -22.361930  7.167919  124.818818
0.242162  0.000000  0.000000  0.000000  -26.156786  16.806635  15.000000  41.151777  1.707749  -0.448975  39.440746  20.107810  -22.361930  7.167919  124.818818
0.242396  0.000000  0.000000  0.000000  -26.156786  16.806635  17.500000  41.180846  0.061982  -2.331136  39.440746  20.107810  -22.361930  7.167919  124.818818
0.242630  0.000000  0.000000  0.000000  -26.156786  16.806635  20.000000  41.155847  -1.583849  -4.213185  39.440746  20.107810  -22.361930  7.167919  124.818818
0.242864  0.000000  0.000000  0.000000  -26.156786  16.806635  22.500000  41.076710  -3.227978  -6.098231  39.440746  20.107810  -22.361930  7.167919  124.818818
0.243098  0.000000  0.000000  0.000000  -26.156786  16.806635  25.000000  40.943166  -4.868596  -7.989355  39.440746  20.107810  -22.361930  7.167919  124.818818
0.243332  0.000000  0.000000  0.000000  -26.156786  16.806635  27.500000  40.754837  -6.503915  -9.889744  39.440746  20.107810  -22.361930  7.167919  124.818818
0.243566  0.000000  0.000000  0.000000  -26.156786  16.806635  30.000000  40.511151  -8.132096  -11.802504  39.440746  20.107810  -22.361930  7.167919  124.818818
0.243800  0.000000  0.000000  0.000000  -26.156786  16.806635  32.500000  40.211379  -9.751262  -13.730816  39.440746  20.107810  -22.361930  7.167919  124.818818
0.244034  0.000000  0.000000  0.000000  -26.156786  16.806635  35.000000  39.854637  -11.359489  -15.677888  39.440746  20.107810  -22.361930  7.167919  124.818818
0.244268  0.000000  0.000000  0.000000  -26.156786  16.806635  37.500000  39.439879  -12.954802  -17.646961  39.440746  20.107810  -22.361930  7.167919  124.818818
0.244502  0.000000  0.000000  0.000000  -26.156786  16.806635  40.000000  38.965934  -14.535149  -19.641305  39.440746  20.107810  -22.361930  7.167919  124.818818
0.244736  0.000000  0.000000  0.000000  -26.156786  16.806635  42.500000  38.431470  -16.098367  -21.664209  39.440746  20.107810  -22.361930  7.167919  124.818818
0.244970  0.000000  0.000000  0.000000  -26.156786  16.806635  45.000000  37.835035  -17.642276  -23.719030  39.440746  20.107810  -22.361930  7.167919  124.818818
0.245204  0.000000  0.000000  0.000000  -26.156786  16.806635  47.500000  37.175052  -19.164529  -25.809128  39.440746  20.107810  -22.361930  7.167919  124.818818
0.245438  0.000000  0.000000  0.000000  -26.156786  16.806635  50.000000  36.449861  -20.662699  -27.937873  39.440746  20.107810  -22.361930  7.167919  124.818818
0.245672  0.000000  0.000000  0.000000  -32.773548  7.697509  -10.000000  37.674913  10.384326  5.259055  30.234659  17.432340  -17.457721  10.631795  120.678324
0.245905  0.000000  0.000000  0.000000  -32.773548  7.697509  -7.500000  38.009504  8.850445  3.256711  30.234659  17.432340  -17.457721  10.631795  120.678324
0.246139  0.000000  0.000000  0.000000  -32.773548  7.697509  -5.000000  38.288599  7.306012  1.271051  30.234659  17.432340  -17.457721  10.631795  120.678324
0.246373  0.000000  0.000000  0.000000  -32.773548  7.697509  -2.500000  38.512874  5.752966  -0.700896  30.234659  17.432340  -17.457721  10.631795  120.678324
0.246607  0.000000  0.000000  0.000000  -32.773548  7.697509  0.000000  38.682912  4.193187  -2.662078  30.234659  17.432340  -17.457721  10.631795  120.678324
0.246841  0.000000  0.000000  0.000000  -32.773548  7.697509  2.500000  38.799151  2.628533  -4.615433  30.234659  17.432340  -17.457721  10.631795  120.678324
0.247075  0.000000  0.000000  0.000000  -32.773548  7.697509  5.000000  38.861887  1.060833  -6.563893  30.234659  17.432340  -17.457721  10.631795  120.678324
0.247309  0.000000  0.000000  0.000000  -32.773548  7.697509  7.500000  38.871278  -0.508092  -8.510378  30.234659  17.432340  -17.457721  10.631795  120.678324
0.247543  0.000000  0.000000  0.000000  -32.773548  7.697509  10.000000  38.827350  -2.076427  -10.457808  30.234659  17.432340  -17.457721  10.631795  120.678324
0.247777  0.000000  0.000000  0.000000  -32.773548  7.697509  12.500000  38.729989  -3.642362  -12.409103  30.234659  17.432340  -17.457721  10.631795  120.678324
0.248011  0.000000  0.000000  0.000000  -32.773548  7.697509  15.000000  38.578949  -5.204071  -14.367195  30.234659  17.432340  -17.457721  10.631795  120.678324
0.248245  0.000000  0.000000  0.000000  -32.773548  7.697509  17.500000  38.373836  -6.759705  -16.335013  30.234659  17.432340  -17.457721  10.631795  120.678324
0.248479  0.000000  0.000000  0.000000  -32.773548  7.697509  20.000000  38.114125  -8.307384  -18.315505  30.234659  17.432340  -17.457721  10.631795  120.678324
0.248713  0.000000  0.000000  0.000000  -32.773548  7.697509  22.500000  37.799184  -9.845209  -20.311631  30.234659  17.432340  -17.457721  10.631795  120.678324
0.248947  0.000000  0.000000  0.000000  -32.773548  7.697509  25.000000  37.428218  -11.371205  -22.326369  30.234659  17.432340  -17.457721  10.631795  120.678324
0.249181  0.000000  0.000000  0.000000  -32.773548  7.697509  27.500000  37.000333  -12.883363  -24.362709  30.234659  17.432340  -17.457721  10.631795  120.678324
0.249415  0.000000  0.000000  0.000000  -32.773548  7.697509  30.000000  36.514527  -14.379605  -26.423656  30.234659  17.432340  -17.457721  10.631795  120.678324
0.249649  0.000000  0.000000  0.000000  -32.773548  7.697509  32.500000  35.969689  -15.857765  -28.512208  30.234659  17.432340  -17.457721  10.631795  120.678324
0.249883  0.000000  0.000000  0.000000  -32.773548  7.697509  35.000000  35.364624  -17.315628  -30.631390  30.234659  17.432340  -17.457721  10.631795  120.678324
0.250117  0.000000  0.000000  0.000000  -32.773548  7.697509  37.500000  34.698056  -18.750866  -32.784196  30.234659  17.432340  -17.457721  10.631795  120.678324
0.250351  0.000000  0.000000  0.000000  -32.773548  7.697509  40.000000  33.968671  -20.161063  -34.973603  30.234659  17.432340  -17.457721  10.631795  120.678324
0.250585  0.000000  0.000000  0.000000  -32.773548  7.697509  42.500000  33.175107  -21.543704  -37.202547  30.234659  17.432340  -17.457721  10.631795  120.678324
0.250819  0.000000  0.000000  0.000000  -32.773548  7.697509  45.000000  32.316011  -22.896167  -39.473895  30.234659  17.432340  -17.457721  10.631795  120.678324
0.251053  0.000000  0.000000  0.000000  -32.773548  7.697509  47.500000  31.390059  -24.215717  -41.790422  30.234659  17.432340  -17.457721  10.631795  120.678324
0.251287  0.000000  0.000000  0.000000  -32.773548  7.697509  50.000000  30.395999  -25.499506  -44.154767  30.234659  17.432340  -17.457721  10.631795  120.678324
0.251521  0.000000  0.000000  0.000000  -16.305372  16.534026  -10.000000  33.253499  11.892162  6.013076  21.112862  20.989294  -20.243714  19.079774  115.033563
0.251755  0.000000  0.000000  0.000000  -16.305372  16.534026  -7.500000  33.666649  10.513611  3.886934  21.112862  20.989294  -20.243714  19.079774  115.033563
0.251989  0.000000  0.000000  0.000000  -16.305372  16.534026  -5.000000  34.025998  9.121033  1.779790  21.112862  20.989294  -20.243714  19.079774  115.033563
0.252223  0.000000  0.000000  0.000000  -16.305372  16.534026  -2.500000  34.332149  7.716420  -0.310902  21.112862  20.989294  -20.243714  19.079774  115.033563
0.252457  0.000000  0.000000  0.000000  -16.305372  16.534026  0.000000  34.585617  6.301730  -2.387704  21.112862  20.989294  -20.243714  19.079774  115.033563
0.252691  0.000000  0.000000  0.000000  -16.305372  16.534026  2.500000  34.786861  4.878869  -4.453178  21.112862  20.989294  -20.243714  19.079774  115.033563
0.252925  0.000000  0.000000  0.000000  -16.305372  16.534026  5.000000  34.936240  3.449727  -6.509894  21.112862  20.989294  -20.243714  19.079774  115.033563
0.253159  0.000000  0.000000  0.000000  -16.305372  16.534026  7.500000  35.034030  2.016167  -8.560425  21.112862  20.989294  -20.243714  19.079774  115.033563
0.253393  0.000000  0.000000  0.000000  -16.305372  16.534026  10.000000  35.080409  0.580026  -10.607344  21.112862  20.989294  -20.243714  19.079774  115.033563
0.253627  0.000000  0.000000  0.000000  -16.305372  16.534026  12.500000  35.075467  -0.856859  -12.653226  21.112862  20.989294  -20.243714  19.079774  115.033563
0.253861  0.000000  0.000000  0.000000  -16.305372  16.534026  15.000000  35.019191  -2.292636  -14.700639  21.112862  20.989294  -20.243714  19.079774  115.033563
0.254095  0.000000  0.000000  0.000000  -16.305372  16.534026  17.500000  34.911476  -3.725490  -16.752158  21.112862  20.989294  -20.243714  19.079774  115.033563
0.254328  0.000000  0.000000  0.000000  -16.305372  16.534026  20.000000  34.752130  -5.153568  -18.810366  21.112862  20.989294  -20.243714  19.079774  115.033563
0.254562  0.000000  0.000000  0.000000  -16.305372  16.534026  22.500000  34.540854  -6.575002  -20.877821  21.112862  20.989294  -20.243714  19.079774  115.033563
0.254796  0.000000  0.000000  0.000000  -16.305372  16.534026  25.000000  34.277256  -7.987895  -22.957098  21.112862  20.989294  -20.243714  19.079774  115.033563
0.255030  0.000000  0.000000  0.000000  -16.305372  16.534026  27.500000  33.960916  -9.390347  -25.050763  21.112862  20.989294  -20.243714  19.079774  115.033563
0.255264  0.000000  0.000000  0.000000  -16.305372  16.534026  30.000000  33.591251  -10.780377  -27.161369  21.112862  20.989294  -20.243714  19.079774  115.033563
0.255498  0.000000  0.000000  0.000000  -16.305372  16.534026  32.500000  33.167659  -12.155994  -29.291465  21.112862  20.989294  -20.243714  19.079774  115.033563
0.255732  0.000000  0.000000  0.000000  -16.305372  16.534026  35.000000  32.689472  -13.515142  -31.443575  21.112862  20.989294  -20.243714  19.079774  115.033563
0.255966  0.000000  0.000000  0.000000  -16.305372  16.534026  37.500000  32.155974  -14.855723  -33.620201  21.112862  20.989294  -20.243714  19.079774  115.033563
0.256200  0.000000  0.000000  0.000000  -16.305372  16.534026  40.000000  31.566412  -16.175541  -35.823778  21.112862  20.989294  -20.243714  19.079774  115.033563
0.256434  0.000000  0.000000  0.000000  -16.305372  16.534026  42.500000  30.919991  -17.472392  -38.056760  21.112862  20.989294  -20.243714  19.079774  115.033563
0.256668  0.000000  0.000000  0.000000  -16.305372  16.534026  45.000000  30.215968  -18.743961  -40.321458  21.112862  20.989294  -20.243714  19.079774  115.033563
0.256902  0.000000  0.000000  0.000000  -16.305372  16.534026  47.500000  29.453582  -19.987884  -42.620153  21.112862  20.989294  -20.243714  19.079774  115.033563
0.257136  0.000000  0.000000  0.000000  -16.305372  16.534026  50.000000  28.632140  -21.201720  -44.954992  21.112862  20.989294  -20.243714  19.079774  115.033563
0.257370  0.000000  0.000000  0.000000  -34.212200  5.101251  -10.000000  43.077310  35.608434  19.787311  16.790104  24.523359  -16.583753  10.209934  121.057338
0.257604  0.000000  0.000000  0.000000  -34.212200  5.101251  -7.500000  44.331047  33.880849  17.587896  16.790104  24.523359  -16.583753  10.209934  121.057338
0.257838  0.000000  0.000000  0.000000  -34.212200  5.101251  -5.000000  45.481057  32.115754  15.476710  16.790104  24.523359  -16.583753  10.209934  121.057338
0.258072  0.000000  0.000000  0.000000  -34.212200  5.101251  -2.500000  46.533527  30.316973  13.446384  16.790104  24.523359  -16.583753  10.209934  121.057338
0.258306  0.000000  0.000000  0.000000  -34.212200  5.101251  0.000000  47.494254  28.487973  11.489868  16.790104  24.523359  -16.583753  10.209934  121.057338
0.258540  0.000000  0.000000  0.000000  -34.212200  5.101251  2.500000  48.368605  26.631929  9.600483  16.790104  24.523359  -16.583753  10.209934  121.057338
0.258774  0.000000  0.000000  0.000000  -34.212200  5.101251  5.000000  49.161514  24.751723  7.771899  16.790104  24.523359  -16.583753  10.209934  121.057338
0.259008  0.000000  0.000000  0.000000  -34.212200  5.101251  7.500000  49.877476  22.849994  5.998141  16.790104  24.523359  -16.583753  10.209934  121.057338
0.259242  0.000000  0.000000  0.000000  -34.212200  5.101251  10.000000  50.520561  20.929163  4.273572  16.790104  24.523359  -16.583753  10.209934  121.057338
0.259476  0.000000  0.000000  0.000000  -34.212200  5.101251  12.500000  51.094426  18.991437  2.592847  16.790104  24.523359  -16.583753  10.209934  121.057338
0.259710  0.000000  0.000000  0.000000  -34.212200  5.101251  15.000000  51.602314  17.038902  0.950965  16.790104  24.523359  -16.583753  10.209934  121.057338
0.259944  0.000000  0.000000  0.000000  -34.212200  5.101251  17.500000  52.047096  15.073459  -0.656856  16.790104  24.523359  -16.583753  10.209934  121.057338
0.260178  0.000000  0.000000  0.000000  -34.212200  5.101251  20.000000  52.431277  13.096896  -2.235150  16.790104  24.523359  -16.583753  10.209934  121.057338
0.260412  0.000000  0.000000  0.000000  -34.212200  5.101251  22.500000  52.757006  11.110890  -3.788246  16.790104  24.523359  -16.583753  10.209934  121.057338
0.260646  0.000000  0.000000  0.000000  -34.212200  5.101251  25.000000  53.026098  9.117035  -5.320300  16.790104  24.523359  -16.583753  10.209934  121.057338
0.260880  0.000000  0.000000  0.000000  -34.212200  5.101251  27.500000  53.240046  7.116840  -6.835295  16.790104  24.523359  -16.583753  10.209934  121.057338
0.261114  0.000000  0.000000  0.000000  -34.212200  5.101251  30.000000  53.400050  5.111760  -8.337119  16.790104  24.523359  -16.583753  10.209934  121.057338
0.261348  0.000000  0.000000  0.000000  -34.212200  5.101251  32.500000  53.506973  3.103211  -9.829564  16.790104  24.523359  -16.583753  10.209934  121.057338
0.261582  0.000000  0.000000  0.000000  -34.212200  5.101251  35.000000  53.561416  1.092568  -11.316340  16.790104  24.523359  -16.583753  10.209934  121.057338
0.261816  0.000000  0.000000  0.000000  -34.212200  5.101251  37.500000  53.563675  -0.918795  -12.801135  16.790104  24.523359  -16.583753  10.209934  121.057338
0.262050  0.000000  0.000000  0.000000  -34.212200  5.101251  40.000000  53.513741  -2.929565  -14.287592  16.790104  24.523359  -16.583753  10.209934  121.057338
0.262284  0.000000  0.000000  0.000000  -34.212200  5.101251  42.500000  53.411367  -4.938350  -15.779401  16.790104  24.523359  -16.583753  10.209934  121.057338
0.262518  0.000000  0.000000  0.000000  -34.212200  5.101251  45.000000  53.255992  -6.943782  -17.280269  16.790104  24.523359  -16.583753  10.209934  121.057338
0.262752  0.000000  0.000000  0.000000  -34.212200  5.101251  47.500000  53.046746  -8.944454  -18.793976  16.790104  24.523359  -16.583753  10.209934  121.057338
0.262985  0.000000  0.000000  0.000000  -34.212200  5.101251  50.000000  52.782478  -10.938914  -20.324391  16.790104  24.523359  -16.583753  10.209934  121.057338
0.263219  0.000000  0.000000  0.000000  -31.112013  6.510267  -10.000000  38.652675  8.965589  5.941878  7.503139  24.424073  -0.048271  24.583745  118.106883
0.263453  0.000000  0.000000  0.000000  -31.112013  6.510267  -7.500000  38.932913  7.399169  3.973354  7.503139  24.424073  -0.048271  24.583745  118.106883
0.263687  0.000000  0.000000  0.000000  -31.112013  6.510267  -5.000000  39.157994  5.824179  2.018796  7.503139  24.424073  -0.048271  24.583745  118.106883
0.263921  0.000000  0.000000  0.000000  -31.112013  6.510267  -2.500000  39.328547  4.242491  0.075194  7.503139  24.424073  -0.048271  24.583745  118.106883
0.264155  0.000000  0.000000  0.000000  -31.112013  6.510267  0.000000  39.445025  2.655959  -1.860450  7.503139  24.424073  -0.048271  24.583745  118.106883
0.264389  0.000000  0.000000  0.000000  -31.112013  6.510267  2.500000  39.507742  1.066408  -3.791124  7.503139  24.424073  -0.048271  24.583745  118.106883
0.264623  0.000000  0.000000  0.000000  -31.112013  6.510267  5.000000  39.516867  -0.524351  -5.719803  7.503139  24.424073  -0.048271  24.583745  118.106883
0.264857  0.000000  0.000000  0.000000  -31.112013  6.510267  7.500000  39.472425  -2.114517  -7.649463  7.503139  24.424073  -0.048271  24.583745  118.106883
0.265091  0.000000  0.000000  0.000000  -31.112013  6.510267  10.000000  39.374295  -3.702281  -9.583078  7.503139  24.424073  -0.048271  24.583745  118.106883
0.265325  0.000000  0.000000  0.000000  -31.112013  6.510267  12.500000  39.222214  -5.285826  -11.523633  7.503139  24.424073  -0.048271  24.583745  118.106883
0.265559  0.000000  0.000000  0.000000  -31.112013  6.510267  15.000000  39.015769  -6.863312  -13.474119  7.503139  24.424073  -0.048271  24.583745  118.106883
0.265793  0.000000  0.000000  0.000000  -31.112013  6.510267  17.500000  38.754406  -8.432864  -15.437543  7.503139  24.424073  -0.048271  24.583745  118.106883
0.266027  0.000000  0.000000  0.000000  -31.112013  6.510267  20.000000  38.437451  -9.992586  -17.416928  7.503139  24.424073  -0.048271  24.583745  118.106883
0.266261  0.000000  0.000000  0.000000  -31.112013  6.510267  22.500000  38.064065  -11.540506  -19.415322  7.503139  24.424073  -0.048271  24.583745  118.106883
0.266495  0.000000  0.000000  0.000000  -31.112013  6.510267  25.000000  37.633301  -13.074615  -21.435789  7.503139  24.424073  -0.048271  24.583745  118.106883
0.266729  0.000000  0.000000  0.000000  -31.112013  6.510267  27.500000  37.144092  -14.592833  -23.481412  7.503139  24.424073  -0.048271  24.583745  118.106883
0.266963  0.000000  0.000000  0.000000  -31.112013  6.510267  30.000000  36.595252  -16.092990  -25.555279  7.503139  24.424073  -0.048271  24.583745  118.106883
0.267197  0.000000  0.000000  0.000000  -31.112013  6.510267  32.500000  35.985503  -17.572856  -27.660504  7.503139  24.424073  -0.048271  24.583745  118.106883
0.267431  0.000000  0.000000  0.000000  -31.112013  6.510267  35.000000  35.313482  -19.030099  -29.800185  7.503139  24.424073  -0.048271  24.583745  118.106883
0.267665  0.000000  0.000000  0.000000  -31.112013  6.510267  37.500000  34.577754  -20.462278  -31.977414  7.503139  24.424073  -0.048271  24.583745  118.106883
0.267899  0.000000  0.000000  0.000000  -31.112013  6.510267  40.000000  33.776874  -21.866852  -34.195233  7.503139  24.424073  -0.048271  24.583745  118.106883
0.268133  0.000000  0.000000  0.000000  -31.112013  6.510267  42.500000  32.909341  -23.241172  -36.456647  7.503139  24.424073  -0.048271  24.583745  118.106883
0.268367  0.000000  0.000000  0.000000  -31.112013  6.510267  45.000000  31.973706  -24.582464  -38.764565  7.503139  24.424073  -0.048271  24.583745  118.106883
0.268601  0.000000  0.000000  0.000000  -31.112013  6.510267  47.500000  30.968570  -25.887841  -41.121748  7.503139  24.424073  -0.048271  24.583745  118.106883
0.268835  0.000000  0.000000  0.000000  -31.112013  6.510267  50.000000  29.892651  -27.154282  -43.530854  7.503139  24.424073  -0.048271  24.583745  118.106883
0.269069  0.000000  0.000000  0.000000  -18.411191  10.685082  -10.000000  39.217144  11.645035  12.897375  30.154995  31.766703  -14.323955  25.209652  117.382037
0.269303  0.000000  0.000000  0.000000  -18.411191  10.685082  -7.500000  39.587507  10.057970  10.930494  30.154995  31.766703  -14.323955  25.209652  117.382037
0.269537  0.000000  0.000000  0.000000  -18.411191  10.685082  -5.000000  39.900917  8.459411  8.982915  30.154995  31.766703  -14.323955  25.209652  117.382037
0.269771  0.000000  0.000000  0.000000  -18.411191  10.685082  -2.500000  40.158264  6.851298  7.051482  30.154995  31.766703  -14.323955  25.209652  117.382037
0.270005  0.000000  0.000000  0.000000  -18.411191  10.685082  0.000000  40.360261  5.235531  5.133061  30.154995  31.766703  -14.323955  25.209652  117.382037
0.270239  0.000000  0.000000  0.000000  -18.411191  10.685082  2.500000  40.507544  3.613952  3.224550  30.154995  31.766703  -14.323955  25.209652  117.382037
0.270473  0.000000  0.000000  0.000000  -18.411191  10.685082  5.000000  40.600497  1.988392  1.322858  30.154995  31.766703  -14.323955  25.209652  117.382037
0.270707  0.000000  0.000000  0.000000  -18.411191  10.685082  7.500000  40.639395  0.360640  -0.575092  30.154995  31.766703  -14.323955  25.209652  117.382037
0.270941  0.000000  0.000000  0.000000  -18.411191  10.685082  10.000000  40.624396  -1.267493  -2.472353  30.154995  31.766703  -14.323955  25.209652  117.382037
0.271175  0.000000  0.000000  0.000000  -18.411191  10.685082  12.500000  40.555401  -2.894244  -4.372009  30.154995  31.766703  -14.323955  25.209652  117.382037
0.271409  0.000000  0.000000  0.000000  -18.411191  10.685082  15.000000  40.432227  -4.517806  -6.277111  30.154995  31.766703  -14.323955  25.209652  117.382037
0.271642  0.000000  0.000000  0.000000  -18.411191  10.685082  17.500000  40.254537  -6.136378  -8.190770  30.154995  31.766703  -14.323955  25.209652  117.382037
0.271876  0.000000  0.000000  0.000000  -18.411191  10.685082  20.000000  40.021785  -7.748111  -10.116053  30.154995  31.766703  -14.323955  25.209652  117.382037
0.272110  0.000000  0.000000  0.000000  -18.411191  10.685082  22.500000  39.733313  -9.351140  -12.056092  30.154995  31.766703  -14.323955  25.209652  117.382037
0.272344  0.000000  0.000000  0.000000  -18.411191  10.685082  25.000000  39.388299  -10.943539  -14.014031  30.154995  31.766703  -14.323955  25.209652  117.382037
0.272578  0.000000  0.000000  0.000000  -18.411191  10.685082  27.500000  38.985770  -12.523334  -15.993048  30.154995  31.766703  -14.323955  25.209652  117.382037
0.272812  0.000000  0.000000  0.000000  -18.411191  10.685082  30.000000  38.524625  -14.088488  -17.996340  30.154995  31.766703  -14.323955  25.209652  117.382037
0.273046  0.000000  0.000000  0.000000  -18.411191  10.685082  32.500000  38.003619  -15.636882  -20.027146  30.154995  31.766703  -14.323955  25.209652  117.382037
0.273280  0.000000  0.000000  0.000000  -18.411191  10.685082  35.000000  37.421384  -17.166281  -22.088712  30.154995  31.766703  -14.323955  25.209652  117.382037
0.273514  0.000000  0.000000  0.000000  -18.411191  10.685082  37.500000  36.776456  -18.674458  -24.184316  30.154995  31.766703  -14.323955  25.209652  117.382037
0.273748  0.000000  0.000000  0.000000  -18.411191  10.685082  40.000000  36.067255  -20.158948  -26.317254  30.154995  31.766703  -14.323955  25.209652  117.382037
0.273982  0.000000  0.000000  0.000000  -18.411191  10.685082  42.500000  35.292157  -21.617264  -28.490787  30.154995  31.766703  -14.323955  25.209652  117.382037
0.274216  0.000000  0.000000  0.000000  -18.411191  10.685082  45.000000  34.449454  -23.046774  -30.708174  30.154995  31.766703  -14.323955  25.209652  117.382037
0.274450  0.000000  0.000000  0.000000  -18.411191  10.685082  47.500000  33.537451  -24.444714  -32.972609  30.154995  31.766703  -14.323955  25.209652  117.382037
0.274684  0.000000  0.000000  0.000000  -18.411191  10.685082  50.000000  32.554458  -25.808201  -35.287175  30.154995  31.766703  -14.323955  25.209652  117.382037
0.274918  0.000000  0.000000  0.000000  -43.421061  18.182248  -10.000000  38.241833  11.588054  17.663327  23.644914  35.074075  -20.477902  9.679197  111.403228
0.275152  0.000000  0.000000  0.000000  -43.421061  18.182248  -7.500000  38.615878  10.034037  15.669546  23.644914  35.074075  -20.477902  9.679197  111.403228
0.275386  0.000000  0.000000  0.000000  -43.421061  18.182248  -5.000000  38.933389  8.468233  13.694882  23.644914  35.074075  -20.477902  9.679197  111.403228
0.275620  0.000000  0.000000  0.000000  -43.421061  18.182248  -2.500000  39.195206  6.892597  11.736273  23.644914  35.074075  -20.477902  9.679197  111.403228
0.275854  0.000000  0.000000  0.000000  -43.421061  18.182248  0.000000  39.402016  5.309040  9.790675  23.644914  35.074075  -20.477902  9.679197  111.403228
0.276088  0.000000  0.000000  0.000000  -43.421061  18.182248  2.500000  39.554391  3.719427  7.855065  23.644914  35.074075  -20.477902  9.679197  111.403228
0.276322  0.000000  0.000000  0.000000  -43.421061  18.182248  5.000000  39.652740  2.125598  5.926435  23.644914  35.074075  -20.477902  9.679197  111.403228
0.276556  0.000000  0.000000  0.000000  -43.421061  18.182248  7.500000  39.697331  0.529361  4.001787  23.644914  35.074075  -20.477902  9.679197  111.403228
0.276790  0.000000  0.000000  0.000000  -43.421061  18.182248  10.000000  39.688305  -1.067462  2.078130  23.644914  35.074075  -20.477902  9.679197  111.403228
0.277024  0.000000  0.000000  0.000000  -43.421061  18.182248  12.500000  39.625612  -2.663087  0.152472  23.644914  35.074075  -20.477902  9.679197  111.403228
0.277258  0.000000  0.000000  0.000000  -43.421061  18.182248  15.000000  39.509086  -4.255698  -1.778168  23.644914  35.074075  -20.477902  9.679197  111.403228
0.277492  0.000000  0.000000  0.000000  -43.421061  18.182248  17.500000  39.338425  -5.843480  -3.716814  23.644914  35.074075  -20.477902  9.679197  111.403228
0.277726  0.000000  0.000000  0.000000  -43.421061  18.182248  20.000000  39.113145  -7.424578  -5.666457  23.644914  35.074075  -20.477902  9.679197  111.403228
0.277960  0.000000  0.000000  0.000000  -43.421061  18.182248  22.500000  38.832647  -8.997115  -7.630136  23.644914  35.074075  -20.477902  9.679197  111.403228
0.278194  0.000000  0.000000  0.000000  -43.421061  18.182248  25.000000  38.496184  -10.559167  -9.610899  23.644914  35.074075  -20.477902  9.679197  111.403228
0.278428  0.000000  0.000000  0.000000  -43.421061  18.182248  27.500000  38.102870  -12.108760  -11.611821  23.644914  35.074075  -20.477902  9.679197  111.403228
0.278662  0.000000  0.000000  0.000000  -43.421061  18.182248  30.000000  37.651708  -13.643857  -13.635986  23.644914  35.074075  -20.477902  9.679197  111.403228
0.278896  0.000000  0.000000  0.000000  -43.421061  18.182248  32.500000  37.141561  -15.162356  -15.686513  23.644914  35.074075  -20.477902  9.679197  111.403228
0.279130  0.000000  0.000000  0.000000  -43.421061  18.182248  35.000000  36.571192  -16.662044  -17.766512  23.644914  35.074075  -20.477902  9.679197  111.403228
0.279364  0.000000  0.000000  0.000000  -43.421061  18.182248  37.500000  35.939262  -18.140688  -19.879129  23.644914  35.074075  -20.477902  9.679197  111.403228
0.279598  0.000000  0.000000  0.000000  -43.421061  18.182248  40.000000  35.244365  -19.595874  -22.027494  23.644914  35.074075  -20.477902  9.679197  111.403228
0.279832  0.000000  0.000000  0.000000  -43.421061  18.182248  42.500000  34.485032  -21.025157  -24.214704  23.644914  35.074075  -20.477902  9.679197  111.403228
0.280066  0.000000  0.000000  0.000000  -43.421061  18.182248  45.000000  33.659741  -22.425944  -26.443841  23.644914  35.074075  -20.477902  9.679197  111.403228
0.280299  0.000000  0.000000  0.000000  -43.421061  18.182248  47.500000  32.766987  -23.795534  -28.717906  23.644914  35.074075  -20.477902  9.679197  111.403228
0.280533  0.000000  0.000000  0.000000  -43.421061  18.182248  50.000000  31.805294  -25.131100  -31.039810  23.644914  35.074075  -20.477902  9.679197  111.403228
0.280767  0.000000  0.000000  0.000000  -26.050240  9.396367  -10.000000  39.667668  20.437993  14.510302  -0.666848  35.447166  -15.738620  8.926933  120.411808
0.281001  0.000000  0.000000  0.000000  -26.050240  9.396367  -7.500000  40.350926  18.830537  12.477294  -0.666848  35.447166  -15.738620  8.926933  120.411808
0.281235  0.000000  0.000000  0.000000  -26.050240  9.396367  -5.000000  40.967823  17.201464  10.483080  -0.666848  35.447166  -15.738620  8.926933  120.411808
0.281469  0.000000  0.000000  0.000000  -26.050240  9.396367  -2.500000  41.520351  15.553128  8.523873  -0.666848  35.447166  -15.738620  8.926933  120.411808
0.281703  0.000000  0.000000  0.000000  -26.050240  9.396367  0.000000  42.010335  13.887762  6.595956  -0.666848  35.447166  -15.738620  8.926933  120.411808
0.281937  0.000000  0.000000  0.000000  -26.050240  9.396367  2.500000  42.439427  12.207497  4.695678  -0.666848  35.447166  -15.738620  8.926933  120.411808
0.282171  0.000000  0.000000  0.000000  -26.050240  9.396367  5.000000  42.809100  10.514376  2.819448  -0.666848  35.447166  -15.738620  8.926933  120.411808
0.282405  0.000000  0.000000  0.000000  -26.050240  9.396367  7.500000  43.120623  8.810352  0.963759  -0.666848  35.447166  -15.738620  8.926933  120.411808
0.282639  0.000000  0.000000  0.000000  -26.050240  9.396367  10.000000  43.375087  7.097311  -0.874849  -0.666848  35.447166  -15.738620  8.926933  120.411808
0.282873  0.000000  0.000000  0.000000  -26.050240  9.396367  12.500000  43.573395  5.377094  -2.699794  -0.666848  35.447166  -15.738620  8.926933  120.411808
0.283107  0.000000  0.000000  0.000000  -26.050240  9.396367  15.000000  43.716249  3.651481  -4.514440  -0.666848  35.447166  -15.738620  8.926933  120.411808
0.283341  0.000000  0.000000  0.000000  -26.050240  9.396367  17.500000  43.804160  1.922249  -6.322109  -0.666848  35.447166  -15.738620  8.926933  120.411808
0.283575  0.000000  0.000000  0.000000  -26.050240  9.396367  20.000000  43.837432  0.191080  -8.126121  -0.666848  35.447166  -15.738620  8.926933  120.411808
0.283809  0.000000  0.000000  0.000000  -26.050240  9.396367  22.500000  43.816192  -1.540263  -9.929767  -0.666848  35.447166  -15.738620  8.926933  120.411808
0.284043  0.000000  0.000000  0.000000  -26.050240  9.396367  25.000000  43.740362  -3.270081  -11.736345  -0.666848  35.447166  -15.738620  8.926933  120.411808
0.284277  0.000000  0.000000  0.000000  -26.050240  9.396367  27.500000  43.609672  -4.996643  -13.549149  -0.666848  35.447166  -15.738620  8.926933  120.411808
0.284511  0.000000  0.000000  0.000000  -26.050240  9.396367  30.000000  43.423655  -6.718202  -15.371546  -0.666848  35.447166  -15.738620  8.926933  120.411808
0.284745  0.000000  0.000000  0.000000  -26.050240  9.396367  32.500000  43.181653  -8.432980  -17.206851  -0.666848  35.447166  -15.738620  8.926933  120.411808
0.284979  0.000000  0.000000  0.000000  -26.050240  9.396367  35.000000  42.882812  -10.139154  -19.058474  -0.666848  35.447166  -15.738620  8.926933  120.411808
0.285213  0.000000  0.000000  0.000000  -26.050240  9.396367  37.500000  42.526082  -11.834847  -20.929866  -0.666848  35.447166  -15.738620  8.926933  120.411808
0.285447  0.000000  0.000000  0.000000  -26.050240  9.396367  40.000000  42.110219  -13.518127  -22.824535  -0.666848  35.447166  -15.738620  8.926933  120.411808
0.285681  0.000000  0.000000  0.000000  -26.050240  9.396367  42.500000  41.633810  -15.186958  -24.746040  -0.666848  35.447166  -15.738620  8.926933  120.411808
0.285915  0.000000  0.000000  0.000000  -26.050240  9.396367  45.000000  41.095235  -16.839246  -26.698020  -0.666848  35.447166  -15.738620  8.926933  120.411808
0.286149  0.000000  0.000000  0.000000  -26.050240  9.396367  47.500000  40.492714  -18.472770  -28.684186  -0.666848  35.447166  -15.738620  8.926933  120.411808
0.286383  0.000000  0.000000  0.000000  -26.050240  9.396367  50.000000  39.824296  -20.085196  -30.708299  -0.666848  35.447166  -15.738620  8.926933  120.411808
0.286617  0.000000  0.000000  0.000000  -27.939736  12.218358  -10.000000  38.902291  23.649383  16.982448  -0.648384  32.329082  -12.562321  10.899226  113.022819
0.286851  0.000000  0.000000  0.000000  -27.939736  12.218358  -7.500000  39.717823  22.065401  14.883337  -0.648384  32.329082  -12.562321  10.899226  113.022819
0.287085  0.000000  0.000000  0.000000  -27.939736  12.218358  -5.000000  40.462100  20.455242  12.831137  -0.648384  32.329082  -12.562321  10.899226  113.022819
0.287319  0.000000  0.000000  0.000000  -27.939736  12.218358  -2.500000  41.137532  18.821521  10.821818  -0.648384  32.329082  -12.562321  10.899226  113.022819
0.287553  0.000000  0.000000  0.000000  -27.939736  12.218358  0.000000  41.746334  17.166688  8.851445  -0.648384  32.329082  -12.562321  10.899226  113.022819
0.287787  0.000000  0.000000  0.000000  -27.939736  12.218358  2.500000  42.290599  15.493110  6.916099  -0.648384  32.329082  -12.562321  10.899226  113.022819
0.288021  0.000000  0.000000  0.000000  -27.939736  12.218358  5.000000  42.772199  13.802965  5.012009  -0.648384  32.329082  -12.562321  10.899226  113.022819
0.288255  0.000000  0.000000  0.000000  -27.939736  12.218358  7.500000  43.192856  12.098367  3.135430  -0.648384  32.329082  -12.562321  10.899226  113.022819
0.288489  0.000000  0.000000  0.000000  -27.939736  12.218358  10.000000  43.554041  10.381338  1.282722  -0.648384  32.329082  -12.562321  10.899226  113.022819
0.288723  0.000000  0.000000  0.000000  -27.939736  12.218358  12.500000  43.857089  8.653807  -0.549684  -0.648384  32.329082  -12.562321  10.899226  113.022819
0.288956  0.000000  0.000000  0.000000  -27.939736  12.218358  15.000000  44.103102  6.917641  -2.365303  -0.648384  32.329082  -12.562321  10.899226  113.022819
0.289190  0.000000  0.000000  0.000000  -27.939736  12.218358  17.500000  44.292970  5.174644  -4.167599  -0.648384  32.329082  -12.562321  10.899226  113.022819
0.289424  0.000000  0.000000  0.000000  -27.939736  12.218358  20.000000  44.427404  3.426574  -5.959984  -0.648384  32.329082  -12.562321  10.899226  113.022819
0.289658  0.000000  0.000000  0.000000  -27.939736  12.218358  22.500000  44.506905  1.675189  -7.745809  -0.648384  32.329082  -12.562321  10.899226  113.022819
0.289892  0.000000  0.000000  0.000000  -27.939736  12.218358  25.000000  44.531756  -0.077822  -9.528445  -0.648384  32.329082  -12.562321  10.899226  113.022819
0.290126  0.000000  0.000000  0.000000  -27.939736  12.218358  27.500000  44.502058  -1.830763  -11.311233  -0.648384  32.329082  -12.562321  10.899226  113.022819
0.290360  0.000000  0.000000  0.000000  -27.939736  12.218358  30.000000  44.417698  -3.581930  -13.097506  -0.648384  32.329082  -12.562321  10.899226  113.022819
0.290594  0.000000  0.000000  0.000000  -27.939736  12.218358  32.500000  44.278359  -5.329608  -14.890624  -0.648384  32.329082  -12.562321  10.899226  113.022819
0.290828  0.000000  0.000000  0.000000  -27.939736  12.218358  35.000000  44.083541  -7.072073  -16.693962  -0.648384  32.329082  -12.562321  10.899226  113.022819
0.291062  0.000000  0.000000  0.000000  -27.939736  12.218358  37.500000  43.832509  -8.807547  -18.510934  -0.648384  32.329082  -12.562321  10.899226  113.022819
0.291296  0.000000  0.000000  0.000000  -27.939736  12.218358  40.000000  43.524351  -10.534219  -20.344996  -0.648384  32.329082  -12.562321  10.899226  113.022819
0.291530  0.000000  0.000000  0.000000  -27.939736  12.218358  42.500000  43.157935  -12.250223  -22.199674  -0.648384  32.329082  -12.562321  10.899226  113.022819
0.291764  0.000000  0.000000  0.000000  -27.939736  12.218358  45.000000  42.731936  -13.953626  -24.078548  -0.648384  32.329082  -12.562321  10.899226  113.022819
0.291998  0.000000  0.000000  0.000000  -27.939736  12.218358  47.500000  42.244844  -15.642384  -25.985261  -0.648384  32.329082  -12.562321  10.899226  113.022819
0.292232  0.000000  0.000000  0.000000  -27.939736  12.218358  50.000000  41.694930  -17.314406  -27.923551  -0.648384  32.329082  -12.562321  10.899226  113.022819
0.292466  0.000000  0.000000  0.000000  -21.649741  18.103336  -10.000000  35.234130  16.662314  21.499589  34.566516  34.399129  -16.106240  8.217905  117.359882
0.292700  0.000000  0.000000  0.000000  -21.649741  18.103336  -7.500000  35.815195  15.209512  19.383651  34.566516  34.399129  -16.106240  8.217905  117.359882
0.292934  0.000000  0.000000  0.000000  -21.649741  18.103336  -5.000000  36.336832  13.737194  17.296887  34.566516  34.399129  -16.106240  8.217905  117.359882
0.293168  0.000000  0.000000  0.000000  -21.649741  18.103336  -2.500000  36.800175  12.247567  15.236328  34.566516  34.399129  -16.106240  8.217905  117.359882
0.293402  0.000000  0.000000  0.000000  -21.649741  18.103336  0.000000  37.206257  10.742755  13.199012  34.566516  34.399129  -16.106240  8.217905  117.359882
0.293636  0.000000  0.000000  0.000000  -21.649741  18.103336  2.500000  37.556013  9.224810  11.181987  34.566516  34.399129  -16.106240  8.217905  117.359882
0.293870  0.000000  0.000000  0.000000  -21.649741  18.103336  5.000000  37.850269  7.695728  9.182308  34.566516  34.399129  -16.106240  8.217905  117.359882
0.294104  0.000000  0.000000  0.000000  -21.649741  18.103336  7.500000  38.089732  6.157450  7.197044  34.566516  34.399129  -16.106240  8.217905  117.359882
0.294338  0.000000  0.000000  0.000000  -21.649741  18.103336  10.000000  38.274990  4.611875  5.223270  34.566516  34.399129  -16.106240  8.217905  117.359882
0.294572  0.000000  0.000000  0.000000  -21.649741  18.103336  12.500000  38.406499  3.060885  3.258091  34.566516  34.399129  -16.106240  8.217905  117.359882
0.294806  0.000000  0.000000  0.000000  -21.649741  18.103336  15.000000  38.484592  1.506308  1.298596  34.566516  34.399129  -16.106240  8.217905  117.359882
0.295040  0.000000  0.000000  0.000000  -21.649741  18.103336  17.500000  38.509462  -0.050029  -0.658102  34.566516  34.399129  -16.106240  8.217905  117.359882
0.295274  0.000000  0.000000  0.000000  -21.649741  18.103336  20.000000  38.481175  -1.606308  -2.614896  34.566516  34.399129  -16.106240  8.217905  117.359882
0.295508  0.000000  0.000000  0.000000  -21.649741  18.103336  22.500000  38.399660  -3.160711  -4.574670  34.566516  34.399129  -16.106240  8.217905  117.359882
0.295742  0.000000  0.000000  0.000000  -21.649741  18.103336  25.000000  38.264699  -4.711409  -6.540303  34.566516  34.399129  -16.106240  8.217905  117.359882
0.295976  0.000000  0.000000  0.000000  -21.649741  18.103336  27.500000  38.075975  -6.256567  -8.514735  34.566516  34.399129  -16.106240  8.217905  117.359882
0.296210  0.000000  0.000000  0.000000  -21.649741  18.103336  30.000000  37.833009  -7.794311  -10.500838  34.566516  34.399129  -16.106240  8.217905  117.359882
0.296444  0.000000  0.000000  0.000000  -21.649741  18.103336  32.500000  37.535210  -9.322736  -12.501542  34.566516  34.399129  -16.106240  8.217905  117.359882
0.296678  0.000000  0.000000  0.000000  -21.649741  18.103336  35.000000  37.181862  -10.839895  -14.519781  34.566516  34.399129  -16.106240  8.217905  117.359882
0.296912  0.000000  0.000000  0.000000  -21.649741  18.103336  37.500000  36.772122  -12.343795  -16.558507  34.566516  34.399129  -16.106240  8.217905  117.359882
0.297146  0.000000  0.000000  0.000000  -21.649741  18.103336  40.000000  36.305064  -13.832376  -18.620668  34.566516  34.399129  -16.106240  8.217905  117.359882
0.297380  0.000000  0.000000  0.000000  -21.649741  18.103336  42.500000  35.779636  -15.303496  -20.709218  34.566516  34.399129  -16.106240  8.217905  117.359882
0.297613  0.000000  0.000000  0.000000  -21.649741  18.103336  45.000000  35.194714  -16.754973  -22.827128  34.566516  34.399129  -16.106240  8.217905  117.359882
0.297847  0.000000  0.000000  0.000000  -21.649741  18.103336  47.500000  34.549090  -18.184504  -24.977347  34.566516  34.399129  -16.106240  8.217905  117.359882
0.298081  0.000000  0.000000  0.000000  -21.649741  18.103336  50.000000  33.841524  -19.589720  -27.162792  34.566516  34.399129  -16.106240  8.217905  117.359882
0.298315  0.000000  0.000000  0.000000  -19.832363  20.106250  -10.000000  36.057175  23.667336  22.926157  24.877872  10.470265  -16.828347  21.918345  122.994327
0.298549  0.000000  0.000000  0.000000  -19.832363  20.106250  -7.500000  36.907411  22.180707  20.743730  24.877872  10.470265  -16.828347  21.918345  122.994327
0.298783  0.000000  0.000000  0.000000  -19.832363  20.106250  -5.000000  37.687841  20.665628  18.607430  24.877872  10.470265  -16.828347  21.918345  122.994327
0.299017  0.000000  0.000000  0.000000  -19.832363  20.106250  -2.500000  38.400490  19.124778  16.513670  24.877872  10.470265  -16.828347  21.918345  122.994327
0.299251  0.000000  0.000000  0.000000  -19.832363  20.106250  0.000000  39.047252  17.560682  14.458894  24.877872  10.470265  -16.828347  21.918345  122.994327
0.299485  0.000000  0.000000  0.000000  -19.832363  20.106250  2.500000  39.629946  15.975757  12.439550  24.877872  10.470265  -16.828347  21.918345  122.994327
0.299719  0.000000  0.000000  0.000000  -19.832363  20.106250  5.000000  40.150255  14.372299  10.452130  24.877872  10.470265  -16.828347  21.918345  122.994327
0.299953  0.000000  0.000000  0.000000  -19.832363  20.106250  7.500000  40.609732  12.752501  8.493151  24.877872  10.470265  -16.828347  21.918345  122.994327
0.300187  0.000000  0.000000  0.000000  -19.832363  20.106250  10.000000  41.009780  11.118469  6.559189  24.877872  10.470265  -16.828347  21.918345  122.994327
0.300421  0.000000  0.000000  0.000000  -19.832363  20.106250  12.500000  41.351613  9.472223  4.646868  24.877872  10.470265  -16.828347  21.918345  122.994327
0.300655  0.000000  0.000000  0.000000  -19.832363  20.106250  15.000000  41.636334  7.815719  2.752857  24.877872  10.470265  -16.828347  21.918345  122.994327
0.300889  0.000000  0.000000  0.000000  -19.832363  20.106250  17.500000  41.864822  6.150844  0.873854  24.877872  10.470265  -16.828347  21.918345  122.994327
0.301123  0.000000  0.000000  0.000000  -19.832363  20.106250  20.000000  42.037824  4.479448  -0.993392  24.877872  10.470265  -16.828347  21.918345  122.994327
0.301357  0.000000  0.000000  0.000000  -19.832363  20.106250  22.500000  42.155896  2.803333  -2.852114  24.877872  10.470265  -16.828347  21.918345  122.994327
0.301591  0.000000  0.000000  0.000000  -19.832363  20.106250  25.000000  42.219422  1.124285  -4.705509  24.877872  10.470265  -16.828347  21.918345  122.994327
0.301825  0.000000  0.000000  0.000000  -19.832363  20.106250  27.500000  42.228605  -0.555936  -6.556770  24.877872  10.470265  -16.828347  21.918345  122.994327
0.302059  0.000000  0.000000  0.000000  -19.832363  20.106250  30.000000  42.183477  -2.235576  -8.409092  24.877872  10.470265  -16.828347  21.918345  122.994327
0.302293  0.000000  0.000000  0.000000  -19.832363  20.106250  32.500000  42.083891  -3.912882  -10.265648  24.877872  10.470265  -16.828347  21.918345  122.994327
0.302527  0.000000  0.000000  0.000000  -19.832363  20.106250  35.000000  41.929517  -5.586071  -12.129648  24.877872  10.470265  -16.828347  21.918345  122.994327
0.302761  0.000000  0.000000  0.000000  -19.832363  20.106250  37.500000  41.719875  -7.253359  -14.004311  24.877872  10.470265  -16.828347  21.918345  122.994327
0.302995  0.000000  0.000000  0.000000  -19.832363  20.106250  40.000000  41.454274  -8.912904  -15.892879  24.877872  10.470265  -16.828347  21.918345  122.994327
0.303229  0.000000  0.000000  0.000000  -19.832363  20.106250  42.500000  41.131875  -10.562832  -17.798631  24.877872  10.470265  -16.828347  21.918345  122.994327
0.303463  0.000000  0.000000  0.000000  -19.832363  20.106250  45.000000  40.751655  -12.201219  -19.724896  24.877872  10.470265  -16.828347  21.918345  122.994327
0.303697  0.000000  0.000000  0.000000  -19.832363  20.106250  47.500000  40.312427  -13.826071  -21.675036  24.877872  10.470265  -16.828347  21.918345  122.994327
0.303931  0.000000  0.000000  0.000000  -19.832363  20.106250  50.000000  39.812860  -15.435292  -23.652448  24.877872  10.470265  -16.828347  21.918345  122.994327
0.304165  0.000000  0.000000  0.000000  -35.845787  10.825644  -10.000000  38.188744  35.040355  26.896294  4.915087  26.276810  -35.187873  8.778605  126.552700
0.304399  0.000000  0.000000  0.000000  -35.845787  10.825644  -7.500000  39.514904  33.471827  24.540767  4.915087  26.276810  -35.187873  8.778605  126.552700
0.304633  0.000000  0.000000  0.000000  -35.845787  10.825644  -5.000000  40.740701  31.860348  22.270123  4.915087  26.276810  -35.187873  8.778605  126.552700
0.304867  0.000000  0.000000  0.000000  -35.845787  10.825644  -2.500000  41.870880  30.209925  20.078425  4.915087  26.276810  -35.187873  8.778605  126.552700
0.305101  0.000000  0.000000  0.000000  -35.845787  10.825644  0.000000  42.910062  28.524267  17.959800  4.915087  26.276810  -35.187873  8.778605  126.552700
0.305335  0.000000  0.000000  0.000000  -35.845787  10.825644  2.500000  43.862698  26.806771  15.908476  4.915087  26.276810  -35.187873  8.778605  126.552700
0.305569  0.000000  0.000000  0.000000  -35.845787  10.825644  5.000000  44.732981  25.060608  13.918879  4.915087  26.276810  -35.187873  8.778605  126.552700
0.305803  0.000000  0.000000  0.000000  -35.845787  10.825644  7.500000  45.524852  23.288686  11.985606  4.915087  26.276810  -35.187873  8.778605  126.552700
0.306036  0.000000  0.000000  0.000000  -35.845787  10.825644  10.000000  46.241958  21.493703  10.103462  4.915087  26.276810  -35.187873  8.778605  126.552700
0.306270  0.000000  0.000000  0.000000  -35.845787  10.825644  12.500000  46.887649  19.678161  8.267461  4.915087  26.276810  -35.187873  8.778605  126.552700
0.306504  0.000000  0.000000  0.000000  -35.845787  10.825644  15.000000  47.464971  17.844374  6.472797  4.915087  26.276810  -35.187873  8.778605  126.552700
0.306738  0.000000  0.000000  0.000000  -35.845787  10.825644  17.500000  47.976665  15.994534  4.714915  4.915087  26.276810  -35.187873  8.778605  126.552700
0.306972  0.000000  0.000000  0.000000  -35.845787  10.825644  20.000000  48.425173  14.130672  2.989399  4.915087  26.276810  -35.187873  8.778605  126.552700
0.307206  0.000000  0.000000  0.000000  -35.845787  10.825644  22.500000  48.812642  12.254708  1.292011  4.915087  26.276810  -35.187873  8.778605  126.552700
0.307440  0.000000  0.000000  0.000000  -35.845787  10.825644  25.000000  49.140927  10.368462  -0.381333  4.915087  26.276810  -35.187873  8.778605  126.552700
0.307674  0.000000  0.000000  0.000000  -35.845787  10.825644  27.500000  49.411596  8.473673  -2.034597  4.915087  26.276810  -35.187873  8.778605  126.552700
0.307908  0.000000  0.000000  0.000000  -35.845787  10.825644  30.000000  49.625962  6.571993  -3.671605  4.915087  26.276810  -35.187873  8.778605  126.552700
0.308142  0.000000  0.000000  0.000000  -35.845787  10.825644  32.500000  49.785051  4.665034  -5.296123  4.915087  26.276810  -35.187873  8.778605  126.552700
0.308376  0.000000  0.000000  0.000000  -35.845787  10.825644  35.000000  49.889606  2.754369  -6.911836  4.915087  26.276810  -35.187873  8.778605  126.552700
0.308610  0.000000  0.000000  0.000000  -35.845787  10.825644  37.500000  49.940149  0.841519  -8.522365  4.915087  26.276810  -35.187873  8.778605  126.552700
0.308844  0.000000  0.000000  0.000000  -35.845787  10.825644  40.000000  49.936910  -1.071988  -10.131319  4.915087  26.276810  -35.187873  8.778605  126.552700
0.309078  0.000000  0.000000  0.000000  -35.845787  10.825644  42.500000  49.879880  -2.984655  -11.742281  4.915087  26.276810  -35.187873  8.778605  126.552700
0.309312  0.000000  0.000000  0.000000  -35.845787  10.825644  45.000000  49.768778  -4.894957  -13.358863  4.915087  26.276810  -35.187873  8.778605  126.552700
0.309546  0.000000  0.000000  0.000000  -35.845787  10.825644  47.500000  49.603092  -6.801360  -14.984690  4.915087  26.276810  -35.187873  8.778605  126.552700
0.309780  0.000000  0.000000  0.000000  -35.845787  10.825644  50.000000  49.382007  -8.702293  -16.623458  4.915087  26.276810  -35.187873  8.778605  126.552700
0.310014  0.000000  0.000000  0.000000  -29.632333  8.222401  -10.000000  39.678999  22.678933  15.776571  -2.190813  22.420241  0.726230  10.996568  113.128085
0.310248  0.000000  0.000000  0.000000  -29.632333  8.222401  -7.500000  40.447272  21.069664  13.714851  -2.190813  22.420241  0.726230  10.996568  113.128085
0.310482  0.000000  0.000000  0.000000  -29.632333  8.222401  -5.000000  41.145718  19.436052  11.697593  -2.190813  22.420241  0.726230  10.996568  113.128085
0.310716  0.000000  0.000000  0.000000  -29.632333  8.222401  -2.500000  41.776635  17.780600  9.720792  -2.190813  22.420241  0.726230  10.996568  113.128085
0.310950  0.000000  0.000000  0.000000  -29.632333  8.222401  0.000000  42.342189  16.105682  7.780503  -2.190813  22.420241  0.726230  10.996568  113.128085
0.311184  0.000000  0.000000  0.000000  -29.632333  8.222401  2.500000  42.844364  14.413546  5.872865  -2.190813  22.420241  0.726230  10.996568  113.128085
0.311418  0.000000  0.000000  0.000000  -29.632333  8.222401  5.000000  43.284949  12.706330  3.994101  -2.190813  22.420241  0.726230  10.996568  113.128085
0.311652  0.000000  0.000000  0.000000  -29.632333  8.222401  7.500000  43.665543  10.986075  2.140507  -2.190813  22.420241  0.726230  10.996568  113.128085
0.311886  0.000000  0.000000  0.000000  -29.632333  8.222401  10.000000  43.987531  9.254735  0.308465  -2.190813  22.420241  0.726230  10.996568  113.128085
0.312120  0.000000  0.000000  0.000000  -29.632333  8.222401  12.500000  44.252090  7.514182  -1.505563  -2.190813  22.420241  0.726230  10.996568  113.128085
0.312354  0.000000  0.000000  0.000000  -29.632333  8.222401  15.000000  44.460217  5.766246  -3.305087  -2.190813  22.420241  0.726230  10.996568  113.128085
0.312588  0.000000  0.000000  0.000000  -29.632333  8.222401  17.500000  44.612683  4.012689  -5.093543  -2.190813  22.420241  0.726230  10.996568  113.128085
0.312822  0.000000  0.000000  0.000000  -29.632333  8.222401  20.000000  44.710058  2.255262  -6.874314  -2.190813  22.420241  0.726230  10.996568  113.128085
0.313056  0.000000  0.000000  0.000000  -29.632333  8.222401  22.500000  44.752710  0.495664  -8.650799  -2.190813  22.420241  0.726230  10.996568  113.128085
0.313290  0.000000  0.000000  0.000000  -29.632333  8.222401  25.000000  44.740797  -1.264411  -10.426326  -2.190813  22.420241  0.726230  10.996568  113.128085
0.313524  0.000000  0.000000  0.000000  -29.632333  8.222401  27.500000  44.674273  -3.023273  -12.204268  -2.190813  22.420241  0.726230  10.996568  113.128085
0.313758  0.000000  0.000000  0.000000  -29.632333  8.222401  30.000000  44.552893  -4.779220  -13.987970  -2.190813  22.420241  0.726230  10.996568  113.128085
0.313992  0.000000  0.000000  0.000000  -29.632333  8.222401  32.500000  44.376195  -6.530533  -15.780848  -2.190813  22.420241  0.726230  10.996568  113.128085
0.314226  0.000000  0.000000  0.000000  -29.632333  8.222401  35.000000  44.143523  -8.275462  -17.586283  -2.190813  22.420241  0.726230  10.996568  113.128085
0.314460  0.000000  0.000000  0.000000  -29.632333  8.222401  37.500000  43.854013  -10.012217  -19.407748  -2.190813  22.420241  0.726230  10.996568  113.128085
0.314693  0.000000  0.000000  0.000000  -29.632333  8.222401  40.000000  43.506589  -11.738950  -21.248759  -2.190813  22.420241  0.726230  10.996568  113.128085
0.314927  0.000000  0.000000  0.000000  -29.632333  8.222401  42.500000  43.099971  -13.453760  -23.112901  -2.190813  22.420241  0.726230  10.996568  113.128085
0.315161  0.000000  0.000000  0.000000  -29.632333  8.222401  45.000000  42.632691  -15.154643  -25.003818  -2.190813  22.420241  0.726230  10.996568  113.128085
0.315395  0.000000  0.000000  0.000000  -29.632333  8.222401  47.500000  42.103063  -16.839531  -26.925244  -2.190813  22.420241  0.726230  10.996568  113.128085
0.315629  0.000000  0.000000  0.000000  -29.632333  8.222401  50.000000  41.509213  -18.506226  -28.881008  -2.190813  22.420241  0.726230  10.996568  113.128085
0.315863  0.000000  0.000000  0.000000  -37.826480  18.054045  -10.000000  35.405168  26.654571  25.350340  2.246290  31.150764  -23.916678  23.809697  125.336211
0.316097  0.000000  0.000000  0.000000  -37.826480  18.054045  -7.500000  36.389648  25.188525  23.098666  2.246290  31.150764  -23.916678  23.809697  125.336211
0.316331  0.000000  0.000000  0.000000  -37.826480  18.054045  -5.000000  37.298984  23.689218  20.901141  2.246290  31.150764  -23.916678  23.809697  125.336211
0.316565  0.000000  0.000000  0.000000  -37.826480  18.054045  -2.500000  38.135473  22.159610  18.754008  2.246290  31.150764  -23.916678  23.809697  125.336211
0.316799  0.000000  0.000000  0.000000  -37.826480  18.054045  0.000000  38.901420  20.602509  16.653463  2.246290  31.150764  -23.916678  23.809697  125.336211
0.317033  0.000000  0.000000  0.000000  -37.826480  18.054045  2.500000  39.598973  19.020559  14.595749  2.246290  31.150764  -23.916678  23.809697  125.336211
0.317267  0.000000  0.000000  0.000000  -37.826480  18.054045  5.000000  40.230204  17.416274  12.577100  2.246290  31.150764  -23.916678  23.809697  125.336211
0.317501  0.000000  0.000000  0.000000  -37.826480  18.054045  7.500000  40.797048  15.792033  10.593829  2.246290  31.150764  -23.916678  23.809697  125.336211
0.317735  0.000000  0.000000  0.000000  -37.826480  18.054045  10.000000  41.301292  14.150102  8.642279  2.246290  31.150764  -23.916678  23.809697  125.336211
0.317969  0.000000  0.000000  0.000000  -37.826480  18.054045  12.500000  41.744555  12.492645  6.718868  2.246290  31.150764  -23.916678  23.809697  125.336211
0.318203  0.000000  0.000000  0.000000  -37.826480  18.054045  15.000000  42.128299  10.821724  4.820039  2.246290  31.150764  -23.916678  23.809697  125.336211
0.318437  0.000000  0.000000  0.000000  -37.826480  18.054045  17.500000  42.453790  9.139329  2.942347  2.246290  31.150764  -23.916678  23.809697  125.336211
0.318671  0.000000  0.000000  0.000000  -37.826480  18.054045  20.000000  42.722130  7.447375  1.082363  2.246290  31.150764  -23.916678  23.809697  125.336211
0.318905  0.000000  0.000000  0.000000  -37.826480  18.054045  22.500000  42.934230  5.747721  -0.763278  2.246290  31.150764  -23.916678  23.809697  125.336211
0.319139  0.000000  0.000000  0.000000  -37.826480  18.054045  25.000000  43.090806  4.042180  -2.597916  2.246290  31.150764  -23.916678  23.809697  125.336211
0.319373  0.000000  0.000000  0.000000  -37.826480  18.054045  27.500000  43.192395  2.332512  -4.424827  2.246290  31.150764  -23.916678  23.809697  125.336211
0.319607  0.000000  0.000000  0.000000  -37.826480  18.054045  30.000000  43.239374  0.620508  -6.247324  2.246290  31.150764  -23.916678  23.809697  125.336211
0.319841  0.000000  0.000000  0.000000  -37.826480  18.054045  32.500000  43.231876  -1.092135  -8.068630  2.246290  31.150764  -23.916678  23.809697  125.336211
0.320075  0.000000  0.000000  0.000000  -37.826480  18.054045  35.000000  43.169884  -2.803669  -9.892023  2.246290  31.150764  -23.916678  23.809697  125.336211
0.320309  0.000000  0.000000  0.000000  -37.826480  18.054045  37.500000  43.053187  -4.512372  -11.720732  2.246290  31.150764  -23.916678  23.809697  125.336211
0.320543  0.000000  0.000000  0.000000  -37.826480  18.054045  40.000000  42.881382  -6.216472  -13.558068  2.246290  31.150764  -23.916678  23.809697  125.336211
0.320777  0.000000  0.000000  0.000000  -37.826480  18.054045  42.500000  42.653877  -7.914187  -15.407328  2.246290  31.150764  -23.916678  23.809697  125.336211
0.321011  0.000000  0.000000  0.000000  -37.826480  18.054045  45.000000  42.369900  -9.603694  -17.271849  2.246290  31.150764  -23.916678  23.809697  125.336211
0.321245  0.000000  0.000000  0.000000  -37.826480  18.054045  47.500000  42.028487  -11.283118  -19.155012  2.246290  31.150764  -23.916678  23.809697  125.336211
0.321479  0.000000  0.000000  0.000000  -37.826480  18.054045  50.000000  41.628486  -12.950539  -21.060261  2.246290  31.150764  -23.916678  23.809697  125.336211
0.321713  0.000000  0.000000  0.000000  -47.391655  14.785545  -10.000000  40.252548  16.670230  15.704410  31.363329  25.025123  -26.816013  16.153967  111.778070
0.321947  0.000000  0.000000  0.000000  -47.391655  14.785545  -7.500000  40.792471  15.045702  13.728900  31.363329  25.025123  -26.816013  16.153967  111.778070
0.322181  0.000000  0.000000  0.000000  -47.391655  14.785545  -5.000000  41.270621  13.404352  11.783438  31.363329  25.025123  -26.816013  16.153967  111.778070
0.322415  0.000000  0.000000  0.000000  -47.391655  14.785545  -2.500000  41.688533  11.748307  9.864481  31.363329  25.025123  -26.816013  16.153967  111.778070
0.322649  0.000000  0.000000  0.000000  -47.391655  14.785545  0.000000  42.047568  10.079607  7.968543  31.363329  25.025123  -26.816013  16.153967  111.778070
0.322883  0.000000  0.000000  0.000000  -47.391655  14.785545  2.500000  42.348918  8.400205  6.092202  31.363329  25.025123  -26.816013  16.153967  111.778070
0.323117  0.000000  0.000000  0.000000  -47.391655  14.785545  5.000000  42.593563  6.712002  4.232070  31.363329  25.025123  -26.816013  16.153967  111.778070
0.323350  0.000000  0.000000  0.000000  -47.391655  14.785545  7.500000  42.782340  5.016847  2.384825  31.363329  25.025123  -26.816013  16.153967  111.778070
0.323584  0.000000  0.000000  0.000000  -47.391655  14.785545  10.000000  42.915885  3.316530  0.547167  31.363329  25.025123  -26.816013  16.153967  111.778070
0.323818  0.000000  0.000000  0.000000  -47.391655  14.785545  12.500000  42.994654  1.612817  -1.284173  31.363329  25.025123  -26.816013  16.153967  111.778070
0.324052  0.000000  0.000000  0.000000  -47.391655  14.785545  15.000000  43.018914  -0.092538  -3.112447  31.363329  25.025123  -26.816013  16.153967  111.778070
0.324286  0.000000  0.000000  0.000000  -47.391655  14.785545  17.500000  42.988746  -1.797803  -4.940901  31.363329  25.025123  -26.816013  16.153967  111.778070
0.324520  0.000000  0.000000  0.000000  -47.391655  14.785545  20.000000  42.904046  -3.501230  -6.772766  31.363329  25.025123  -26.816013  16.153967  111.778070
0.324754  0.000000  0.000000  0.000000  -47.391655  14.785545  22.500000  42.764534  -5.201080  -8.611311  31.363329  25.025123  -26.816013  16.153967  111.778070
0.324988  0.000000  0.000000  0.000000  -47.391655  14.785545  25.000000  42.569727  -6.895573  -10.459795  31.363329  25.025123  -26.816013  16.153967  111.778070
0.325222  0.000000  0.000000  0.000000  -47.391655  14.785545  27.500000  42.318957  -8.582897  -12.321520  31.363329  25.025123  -26.816013  16.153967  111.778070
0.325456  0.000000  0.000000  0.000000  -47.391655  14.785545  30.000000  42.011420  -10.261234  -14.199825  31.363329  25.025123  -26.816013  16.153967  111.778070
0.325690  0.000000  0.000000  0.000000  -47.391655  14.785545  32.500000  41.646055  -11.928655  -16.098096  31.363329  25.025123  -26.816013  16.153967  111.778070
0.325924  0.000000  0.000000  0.000000  -47.391655  14.785545  35.000000  41.221670  -13.583204  -18.019765  31.363329  25.025123  -26.816013  16.153967  111.778070
0.326158  0.000000  0.000000  0.000000  -47.391655  14.785545  37.500000  40.736892  -15.222843  -19.968320  31.363329  25.025123  -26.816013  16.153967  111.778070
0.326392  0.000000  0.000000  0.000000  -47.391655  14.785545  40.000000  40.190174  -16.845408  -21.947294  31.363329  25.025123  -26.816013  16.153967  111.778070
0.326626  0.000000  0.000000  0.000000  -47.391655  14.785545  42.500000  39.579809  -18.448708  -23.960300  31.363329  25.025123  -26.816013  16.153967  111.778070
0.326860  0.000000  0.000000  0.000000  -47.391655  14.785545  45.000000  38.903950  -20.030355  -26.010992  31.363329  25.025123  -26.816013  16.153967  111.778070
0.327094  0.000000  0.000000  0.000000  -47.391655  14.785545  47.500000  38.160569  -21.587947  -28.103057  31.363329  25.025123  -26.816013  16.153967  111.778070
0.327328  0.000000  0.000000  0.000000  -47.391655  14.785545  50.000000  37.347621  -23.118813  -30.240229  31.363329  25.025123  -26.816013  16.153967  111.778070
0.327562  0.000000  0.000000  0.000000  -46.870177  11.256826  -10.000000  39.460050  32.937742  31.423560  8.435775  12.000158  -13.815482  12.553207  119.986770
0.327796  0.000000  0.000000  0.000000  -46.870177  11.256826  -7.500000  40.662078  31.328493  29.164066  8.435775  12.000158  -13.815482  12.553207  119.986770
0.328030  0.000000  0.000000  0.000000  -46.870177  11.256826  -5.000000  41.770224  29.681014  26.981420  8.435775  12.000158  -13.815482  12.553207  119.986770
0.328264  0.000000  0.000000  0.000000  -46.870177  11.256826  -2.500000  42.788950  27.998928  24.869892  8.435775  12.000158  -13.815482  12.553207  119.986770
0.328498  0.000000  0.000000  0.000000  -46.870177  11.256826  0.000000  43.722531  26.285587  22.823868  8.435775  12.000158  -13.815482  12.553207  119.986770
0.328732  0.000000  0.000000  0.000000  -46.870177  11.256826  2.500000  44.575006  24.544086  20.837898  8.435775  12.000158  -13.815482  12.553207  119.986770
0.328966  0.000000  0.000000  0.000000  -46.870177  11.256826  5.000000  45.350197  22.777293  18.906690  8.435775  12.000158  -13.815482  12.553207  119.986770
0.329200  0.000000  0.000000  0.000000  -46.870177  11.256826  7.500000  46.051593  20.987863  17.025174  8.435775  12.000158  -13.815482  12.553207  119.986770
0.329434  0.000000  0.000000  0.000000  -46.870177  11.256826  10.000000  46.682410  19.178267  15.188473  8.435775  12.000158  -13.815482  12.553207  119.986770
0.329668  0.000000  0.000000  0.000000  -46.870177  11.256826  12.500000  47.245585  17.350792  13.391874  8.435775  12.000158  -13.815482  12.553207  119.986770
0.329902  0.000000  0.000000  0.000000  -46.870177  11.256826  15.000000  47.743744  15.507605  11.630893  8.435775  12.000158  -13.815482  12.553207  119.986770
0.330136  0.000000  0.000000  0.000000  -46.870177  11.256826  17.500000  48.179228  13.650722  9.901193  8.435775  12.000158  -13.815482  12.553207  119.986770
0.330370  0.000000  0.000000  0.000000  -46.870177  11.256826  20.000000  48.554088  11.782052  8.198598  8.435775  12.000158  -13.815482  12.553207  119.986770
0.330604  0.000000  0.000000  0.000000  -46.870177  11.256826  22.500000  48.870092  9.903407  6.519076  8.435775  12.000158  -13.815482  12.553207  119.986770
0.330838  0.000000  0.000000  0.000000  -46.870177  11.256826  25.000000  49.128735  8.016516  4.858722  8.435775  12.000158  -13.815482  12.553207  119.986770
0.331072  0.000000  0.000000  0.000000  -46.870177  11.256826  27.500000  49.331251  6.123044  3.213737  8.435775  12.000158  -13.815482  12.553207  119.986770
0.331306  0.000000  0.000000  0.000000  -46.870177  11.256826  30.000000  49.478563  4.224596  1.580376  8.435775  12.000158  -13.815482  12.553207  119.986770
0.331540  0.000000  0.000000  0.000000  -46.870177  11.256826  32.500000  49.571399  2.322746  -0.044993  8.435775  12.000158  -13.815482  12.553207  119.986770
0.331774  0.000000  0.000000  0.000000  -46.870177  11.256826  35.000000  49.610187  0.419032  -1.665987  8.435775  12.000158  -13.815482  12.553207  119.986770
0.332007  0.000000  0.000000  0.000000  -46.870177  11.256826  37.500000  49.595113  -1.485013  -3.286197  8.435775  12.000158  -13.815482  12.553207  119.986770
0.332241  0.000000  0.000000  0.000000  -46.870177  11.256826  40.000000  49.526103  -3.387872  -4.909197  8.435775  12.000158  -13.815482  12.553207  119.986770
0.332475  0.000000  0.000000  0.000000  -46.870177  11.256826  42.500000  49.402824  -5.288005  -6.538592  8.435775  12.000158  -13.815482  12.553207  119.986770
0.332709  0.000000  0.000000  0.000000  -46.870177  11.256826  45.000000  49.224718  -7.183866  -8.178005  8.435775  12.000158  -13.815482  12.553207  119.986770
0.332943  0.000000  0.000000  0.000000  -46.870177  11.256826  47.500000  48.990920  -9.073855  -9.831136  8.435775  12.000158  -13.815482  12.553207  119.986770
0.333177  0.000000  0.000000  0.000000  -46.870177  11.256826  50.000000  48.700335  -10.956334  -11.501742  8.435775  12.000158  -13.815482  12.553207  119.986770
0.333411  0.000000  0.000000  0.000000  -34.525479  16.379524  -10.000000  37.875169  22.122162  19.264893  -0.784064  34.572445  -21.345491  10.870920  113.902401
0.333645  0.000000  0.000000  0.000000  -34.525479  16.379524  -7.500000  38.642542  20.573933  17.157280  -0.784064  34.572445  -21.345491  10.870920  113.902401
0.333879  0.000000  0.000000  0.000000  -34.525479  16.379524  -5.000000  39.341734  19.000721  15.092320  -0.784064  34.572445  -21.345491  10.870920  113.902401
0.334113  0.000000  0.000000  0.000000  -34.525479  16.379524  -2.500000  39.974745  17.405031  13.066320  -0.784064  34.572445  -21.345491  10.870920  113.902401
0.334347  0.000000  0.000000  0.000000  -34.525479  16.379524  0.000000  40.543485  15.789252  11.075609  -0.784064  34.572445  -21.345491  10.870920  113.902401
0.334581  0.000000  0.000000  0.000000  -34.525479  16.379524  2.500000  41.049709  14.155650  9.116571  -0.784064  34.572445  -21.345491  10.870920  113.902401
0.334815  0.000000  0.000000  0.000000  -34.525479  16.379524  5.000000  41.495018  12.506388  7.185648  -0.784064  34.572445  -21.345491  10.870920  113.902401
0.335049  0.000000  0.000000  0.000000  -34.525479  16.379524  7.500000  41.880854  10.843547  5.279327  -0.784064  34.572445  -21.345491  10.870920  113.902401
0.335283  0.000000  0.000000  0.000000  -34.525479  16.379524  10.000000  42.208481  9.169121  3.394156  -0.784064  34.572445  -21.345491  10.870920  113.902401
0.335517  0.000000  0.000000  0.000000  -34.525479  16.379524  12.500000  42.478978  7.485027  1.526741  -0.784064  34.572445  -21.345491  10.870920  113.902401
0.335751  0.000000  0.000000  0.000000  -34.525479  16.379524  15.000000  42.693255  5.793134  -0.326271  -0.784064  34.572445  -21.345491  10.870920  113.902401
0.335985  0.000000  0.000000  0.000000  -34.525479  16.379524  17.500000  42.852034  4.095257  -2.168195  -0.784064  34.572445  -21.345491  10.870920  113.902401
0.336219  0.000000  0.000000  0.000000  -34.525479  16.379524  20.000000  42.955850  2.393198  -4.002303  -0.784064  34.572445  -21.345491  10.870920  113.902401
0.336453  0.000000  0.000000  0.000000  -34.525479  16.379524  22.500000  43.005058  0.688672  -5.831868  -0.784064  34.572445  -21.345491  10.870920  113.902401
0.336687  0.000000  0.000000  0.000000  -34.525479  16.379524  25.000000  42.999826  -1.016548  -7.660117  -0.784064  34.572445  -21.345491  10.870920  113.902401
0.336921  0.000000  0.000000  0.000000  -34.525479  16.379524  27.500000  42.940138  -2.720732  -9.490302  -0.784064  34.572445  -21.345491  10.870920  113.902401
0.337155  0.000000  0.000000  0.000000  -34.525479  16.379524  30.000000  42.825784  -4.422134  -11.325662  -0.784064  34.572445  -21.345491  10.870920  113.902401
0.337389  0.000000  0.000000  0.000000  -34.525479  16.379524  32.500000  42.656382  -6.118998  -13.169463  -0.784064  34.572445  -21.345491  10.870920  113.902401
0.337623  0.000000  0.000000  0.000000  -34.525479  16.379524  35.000000  42.431349  -7.809528  -15.024983  -0.784064  34.572445  -21.345491  10.870920  113.902401
0.337857  0.000000  0.000000  0.000000  -34.525479  16.379524  37.500000  42.149947  -9.491912  -16.895552  -0.784064  34.572445  -21.345491  10.870920  113.902401
0.338091  0.000000  0.000000  0.000000  -34.525479  16.379524  40.000000  41.811221  -11.164261  -18.784523  -0.784064  34.572445  -21.345491  10.870920  113.902401
0.338325  0.000000  0.000000  0.000000  -34.525479  16.379524  42.500000  41.414044  -12.824647  -20.695313  -0.784064  34.572445  -21.345491  10.870920  113.902401
0.338559  0.000000  0.000000  0.000000  -34.525479  16.379524  45.000000  40.957137  -14.471069  -22.631371  -0.784064  34.572445  -21.345491  10.870920  113.902401
0.338793  0.000000  0.000000  0.000000  -34.525479  16.379524  47.500000  40.439023  -16.101408  -24.596215  -0.784064  34.572445  -21.345491  10.870920  113.902401
0.339027  0.000000  0.000000  0.000000  -34.525479  16.379524  50.000000  39.858064  -17.713498  -26.593433  -0.784064  34.572445  -21.345491  10.870920  113.902401
0.339261  0.000000  0.000000  0.000000  -23.448565  19.105483  -10.000000  38.289533  21.204224  22.372194  23.896328  17.423295  -33.320235  20.520973  125.827402
0.339495  0.000000  0.000000  0.000000  -23.448565  19.105483  -7.500000  39.016628  19.642530  20.288935  23.896328  17.423295  -33.320235  20.520973  125.827402
0.339729  0.000000  0.000000  0.000000  -23.448565  19.105483  -5.000000  39.676776  18.057328  18.246114  23.896328  17.423295  -33.320235  20.520973  125.827402
0.339963  0.000000  0.000000  0.000000  -23.448565  19.105483  -2.500000  40.271910  16.451047  16.240059  23.896328  17.423295  -33.320235  20.520973  125.827402
0.340197  0.000000  0.000000  0.000000  -23.448565  19.105483  0.000000  40.803850  14.826008  14.267136  23.896328  17.423295  -33.320235  20.520973  125.827402
0.340431  0.000000  0.000000  0.000000  -23.448565  19.105483  2.500000  41.274252  13.184411  12.323772  23.896328  17.423295  -33.320235  20.520973  125.827402
0.340664  0.000000  0.000000  0.000000  -23.448565  19.105483  5.000000  41.684624  11.528372  10.406439  23.896328  17.423295  -33.320235  20.520973  125.827402
0.340898  0.000000  0.000000  0.000000  -23.448565  19.105483  7.500000  42.036308  9.859910  8.511670  23.896328  17.423295  -33.320235  20.520973  125.827402
0.341132  0.000000  0.000000  0.000000  -23.448565  19.105483  10.000000  42.330430  8.181004  6.636031  23.896328  17.423295  -33.320235  20.520973  125.827402
0.341366  0.000000  0.000000  0.000000  -23.448565  19.105483  12.500000  42.567998  6.493513  4.776177  23.896328  17.423295  -33.320235  20.520973  125.827402
0.341600  0.000000  0.000000  0.000000  -23.448565  19.105483  15.000000  42.749799  4.799279  2.928775  23.896328  17.423295  -33.320235  20.520973  125.827402
0.341834  0.000000  0.000000  0.000000  -23.448565  19.105483  17.500000  42.876440  3.100115  1.090543  23.896328  17.423295  -33.320235  20.520973  125.827402
0.342068  0.000000  0.000000  0.000000  -23.448565  19.105483  20.000000  42.948358  1.397780  -0.741790  23.896328  17.423295  -33.320235  20.520973  125.827402
0.342302  0.000000  0.000000  0.000000  -23.448565  19.105483  22.500000  42.965793  -0.305998  -2.571466  23.896328  17.423295  -33.320235  20.520973  125.827402
0.342536  0.000000  0.000000  0.000000  -23.448565  19.105483  25.000000  42.928806  -2.009457  -4.401725  23.896328  17.423295  -33.320235  20.520973  125.827402
0.342770  0.000000  0.000000  0.000000  -23.448565  19.105483  27.500000  42.837266  -3.710858  -6.235796  23.896328  17.423295  -33.320235  20.520973  125.827402
0.343004  0.000000  0.000000  0.000000  -23.448565  19.105483  30.000000  42.690876  -5.408461  -8.076954  23.896328  17.423295  -33.320235  20.520973  125.827402
0.343238  0.000000  0.000000  0.000000  -23.448565  19.105483  32.500000  42.489128  -7.100478  -9.928446  23.896328  17.423295  -33.320235  20.520973  125.827402
0.343472  0.000000  0.000000  0.000000  -23.448565  19.105483  35.000000  42.231344  -8.785102  -11.793581  23.896328  17.423295  -33.320235  20.520973  125.827402
0.343706  0.000000  0.000000  0.000000  -23.448565  19.105483  37.500000  41.916669  -10.460478  -13.675697  23.896328  17.423295  -33.320235  20.520973  125.827402
0.343940  0.000000  0.000000  0.000000  -23.448565  19.105483  40.000000  41.544054  -12.124699  -15.578181  23.896328  17.423295  -33.320235  20.520973  125.827402
0.344174  0.000000  0.000000  0.000000  -23.448565  19.105483  42.500000  41.112277  -13.775790  -17.504468  23.896328  17.423295  -33.320235  20.520973  125.827402
0.344408  0.000000  0.000000  0.000000  -23.448565  19.105483  45.000000  40.619954  -15.411684  -19.458038  23.896328  17.423295  -33.320235  20.520973  125.827402
0.344642  0.000000  0.000000  0.000000  -23.448565  19.105483  47.500000  40.065519  -17.030249  -21.442442  23.896328  17.423295  -33.320235  20.520973  125.827402
0.344876  0.000000  0.000000  0.000000  -23.448565  19.105483  50.000000  39.447254  -18.629233  -23.461279  23.896328  17.423295  -33.320235  20.520973  125.827402
0.345110  0.000000  0.000000  0.000000  -27.257867  10.575599  -10.000000  41.120832  25.144554  19.651432  21.831964  17.309366  -35.327633  12.548269  112.616954
0.345344  0.000000  0.000000  0.000000  -27.257867  10.575599  -7.500000  41.966428  23.486386  17.598217  21.831964  17.309366  -35.327633  12.548269  112.616954
0.345578  0.000000  0.000000  0.000000  -27.257867  10.575599  -5.000000  42.737291  21.801998  15.596402  21.831964  17.309366  -35.327633  12.548269  112.616954
0.345812  0.000000  0.000000  0.000000  -27.257867  10.575599  -2.500000  43.436356  20.094055  13.641452  21.831964  17.309366  -35.327633  12.548269  112.616954
0.346046  0.000000  0.000000  0.000000  -27.257867  10.575599  0.000000  44.066381  18.365061  11.728934  21.831964  17.309366  -35.327633  12.548269  112.616954
0.346280  0.000000  0.000000  0.000000  -27.257867  10.575599  2.500000  44.629853  16.617359  9.854565  21.831964  17.309366  -35.327633  12.548269  112.616954
0.346514  0.000000  0.000000  0.000000  -27.257867  10.575599  5.000000  45.129053  14.853159  8.014177  21.831964  17.309366  -35.327633  12.548269  112.616954
0.346748  0.000000  0.000000  0.000000  -27.257867  10.575599  7.500000  45.566018  13.074549  6.203730  21.831964  17.309366  -35.327633  12.548269  112.616954
0.346982  0.000000  0.000000  0.000000  -27.257867  10.575599  10.000000  45.942551  11.283516  4.419294  21.831964  17.309366  -35.327633  12.548269  112.616954
0.347216  0.000000  0.000000  0.000000  -27.257867  10.575599  12.500000  46.260215  9.481954  2.657043  21.831964  17.309366  -35.327633  12.548269  112.616954
0.347450  0.000000  0.000000  0.000000  -27.257867  10.575599  15.000000  46.520323  7.671674  0.913260  21.831964  17.309366  -35.327633  12.548269  112.616954
0.347684  0.000000  0.000000  0.000000  -27.257867  10.575599  17.500000  46.723974  5.854434  -0.815715  21.831964  17.309366  -35.327633  12.548269  112.616954
0.347918  0.000000  0.000000  0.000000  -27.257867  10.575599  20.000000  46.872019  4.031931  -2.533467  21.831964  17.309366  -35.327633  12.548269  112.616954
0.348152  0.000000  0.000000  0.000000  -27.257867  10.575599  22.500000  46.965076  2.205849  -4.243515  21.831964  17.309366  -35.327633  12.548269  112.616954
0.348386  0.000000  0.000000  0.000000  -27.257867  10.575599  25.000000  47.003543  0.377788  -5.949380  21.831964  17.309366  -35.327633  12.548269  112.616954
0.348620  0.000000  0.000000  0.000000  -27.257867  10.575599  27.500000  46.987576  -1.450597  -7.654517  21.831964  17.309366  -35.327633  12.548269  112.616954
0.348854  0.000000  0.000000  0.000000  -27.257867  10.575599  30.000000  46.917113  -3.277700  -9.362414  21.831964  17.309366  -35.327633  12.548269  112.616954
0.349088  0.000000  0.000000  0.000000  -27.257867  10.575599  32.500000  46.791850  -5.101884  -11.076559  21.831964  17.309366  -35.327633  12.548269  112.616954
0.349321  0.000000  0.000000  0.000000  -27.257867  10.575599  35.000000  46.611268  -6.921501  -12.800466  21.831964  17.309366  -35.327633  12.548269  112.616954
0.349555  0.000000  0.000000  0.000000  -27.257867  10.575599  37.500000  46.374604  -8.734863  -14.537692  21.831964  17.309366  -35.327633  12.548269  112.616954
0.349789  0.000000  0.000000  0.000000  -27.257867  10.575599  40.000000  46.080873  -10.540243  -16.291862  21.831964  17.309366  -35.327633  12.548269  112.616954
0.350023  0.000000  0.000000  0.000000  -27.257867  10.575599  42.500000  45.728843  -12.335852  -18.066672  21.831964  17.309366  -35.327633  12.548269  112.616954
0.350257  0.000000  0.000000  0.000000  -27.257867  10.575599  45.000000  45.317050  -14.119835  -19.865903  21.831964  17.309366  -35.327633  12.548269  112.616954
0.350491  0.000000  0.000000  0.000000  -27.257867  10.575599  47.500000  44.843802  -15.890234  -21.693435  21.831964  17.309366  -35.327633  12.548269  112.616954
0.350725  0.000000  0.000000  0.000000  -27.257867  10.575599  50.000000  44.307140  -17.645004  -23.553274  21.831964  17.309366  -35.327633  12.548269  112.616954
0.350959  0.000000  0.000000  0.000000  -36.432593  -0.395339  -10.000000  48.024607  44.958598  21.842031  22.130757  30.575875  -34.797210  17.954114  127.130287
0.351193  0.000000  0.000000  0.000000  -36.432593  -0.395339  -7.500000  49.615498  43.076682  19.553057  22.130757  30.575875  -34.797210  17.954114  127.130287
0.351427  0.000000  0.000000  0.000000  -36.432593  -0.395339  -5.000000  51.058295  41.151879  17.402034  22.130757  30.575875  -34.797210  17.954114  127.130287
0.351661  0.000000  0.000000  0.000000  -36.432593  -0.395339  -2.500000  52.366200  39.189359  15.374902  22.130757  30.575875  -34.797210  17.954114  127.130287
0.351895  0.000000  0.000000  0.000000  -36.432593  -0.395339  0.000000  53.551135  37.193634  13.458838  22.130757  30.575875  -34.797210  17.954114  127.130287
0.352129  0.000000  0.000000  0.000000  -36.432593  -0.395339  2.500000  54.623804  35.168652  11.642186  22.130757  30.575875  -34.797210  17.954114  127.130287
0.352363  0.000000  0.000000  0.000000  -36.432593  -0.395339  5.000000  55.593761  33.117876  9.914386  22.130757  30.575875  -34.797210  17.954114  127.130287
0.352597  0.000000  0.000000  0.000000  -36.432593  -0.395339  7.500000  56.469502  31.044344  8.265879  22.130757  30.575875  -34.797210  17.954114  127.130287
0.352831  0.000000  0.000000  0.000000  -36.432593  -0.395339  10.000000  57.258543  28.950758  6.688015  22.130757  30.575875  -34.797210  17.954114  127.130287
0.353065  0.000000  0.000000  0.000000  -36.432593  -0.395339  12.500000  57.967521  26.839500  5.172955  22.130757  30.575875  -34.797210  17.954114  127.130287
0.353299  0.000000  0.000000  0.000000  -36.432593  -0.395339  15.000000  58.602273  24.712695  3.713577  22.130757  30.575875  -34.797210  17.954114  127.130287
0.353533  0.000000  0.000000  0.000000  -36.432593  -0.395339  17.500000  59.167914  22.572249  2.303396  22.130757  30.575875  -34.797210  17.954114  127.130287
0.353767  0.000000  0.000000  0.000000  -36.432593  -0.395339  20.000000  59.668910  20.419877  0.936479  22.130757  30.575875  -34.797210  17.954114  127.130287
0.354001  0.000000  0.000000  0.000000  -36.432593  -0.395339  22.500000  60.109138  18.257137  -0.392626  22.130757  30.575875  -34.797210  17.954114  127.130287
0.354235  0.000000  0.000000  0.000000  -36.432593  -0.395339  25.000000  60.491941  16.085449  -1.688960  22.130757  30.575875  -34.797210  17.954114  127.130287
0.354469  0.000000  0.000000  0.000000  -36.432593  -0.395339  27.500000  60.820174  13.906119  -2.957208  22.130757  30.575875  -34.797210  17.954114  127.130287
0.354703  0.000000  0.000000  0.000000  -36.432593  -0.395339  30.000000  61.096247  11.720358  -4.201758  22.130757  30.575875  -34.797210  17.954114  127.130287
0.354937  0.000000  0.000000  0.000000  -36.432593  -0.395339  32.500000  61.322150  9.529311  -5.426720  22.130757  30.575875  -34.797210  17.954114  127.130287
0.355171  0.000000  0.000000  0.000000  -36.432593  -0.395339  35.000000  61.499510  7.334046  -6.636031  22.130757  30.575875  -34.797210  17.954114  127.130287
0.355405  0.000000  0.000000  0.000000  -36.432593  -0.395339  37.500000  61.629590  5.135582  -7.833462  22.130757  30.575875  -34.797210  17.954114  127.130287
0.355639  0.000000  0.000000  0.000000  -36.432593  -0.395339  40.000000  61.713290  2.934900  -9.022654  22.130757  30.575875  -34.797210  17.954114  127.130287
0.355873  0.000000  0.000000  0.000000  -36.432593  -0.395339  42.500000  61.751205  0.732961  -10.207168  22.130757  30.575875  -34.797210  17.954114  127.130287
0.356107  0.000000  0.000000  0.000000  -36.432593  -0.395339  45.000000  61.743599  -1.469290  -11.390519  22.130757  30.575875  -34.797210  17.954114  127.130287
0.356341  0.000000  0.000000  0.000000  -36.432593  -0.395339  47.500000  61.690417  -3.670912  -12.576203  22.130757  30.575875  -34.797210  17.954114  127.130287
0.356575  0.000000  0.000000  0.000000  -36.432593  -0.395339  50.000000  61.591286  -5.870965  -13.767761  22.130757  30.575875  -34.797210  17.954114  127.130287
0.356809  0.000000  0.000000  0.000000  -22.913998  17.758090  -10.000000  37.982789  20.122918  24.196722  17.719768  30.485170  -35.479371  24.967059  129.022823
0.357043  0.000000  0.000000  0.000000  -22.913998  17.758090  -7.500000  38.671548  18.572365  22.118177  17.719768  30.485170  -35.479371  24.967059  129.022823
0.357277  0.000000  0.000000  0.000000  -22.913998  17.758090  -5.000000  39.295057  16.999457  20.077361  17.719768  30.485170  -35.479371  24.967059  129.022823
0.357511  0.000000  0.000000  0.000000  -22.913998  17.758090  -2.500000  39.855102  15.406571  18.070728  17.719768  30.485170  -35.479371  24.967059  129.022823
0.357745  0.000000  0.000000  0.000000  -22.913998  17.758090  0.000000  40.353314  13.795957  16.094784  17.719768  30.485170  -35.479371  24.967059  129.022823
0.357978  0.000000  0.000000  0.000000  -22.913998  17.758090  2.500000  40.791193  12.169776  14.146067  17.719768  30.485170  -35.479371  24.967059  129.022823
0.358212  0.000000  0.000000  0.000000  -22.913998  17.758090  5.000000  41.170089  10.530107  12.221157  17.719768  30.485170  -35.479371  24.967059  129.022823
0.358446  0.000000  0.000000  0.000000  -22.913998  17.758090  7.500000  41.491188  8.878940  10.316692  17.719768  30.485170  -35.479371  24.967059  129.022823
0.358680  0.000000  0.000000  0.000000  -22.913998  17.758090  10.000000  41.755485  7.218216  8.429343  17.719768  30.485170  -35.479371  24.967059  129.022823
0.358914  0.000000  0.000000  0.000000  -22.913998  17.758090  12.500000  41.963850  5.549785  6.555834  17.719768  30.485170  -35.479371  24.967059  129.022823
0.359148  0.000000  0.000000  0.000000  -22.913998  17.758090  15.000000  42.116928  3.875511  4.692921  17.719768  30.485170  -35.479371  24.967059  129.022823
0.359382  0.000000  0.000000  0.000000  -22.913998  17.758090  17.500000  42.215234  2.197165  2.837378  17.719768  30.485170  -35.479371  24.967059  129.022823
0.359616  0.000000  0.000000  0.000000  -22.913998  17.758090  20.000000  42.259081  0.516515  0.985999  17.719768  30.485170  -35.479371  24.967059  129.022823
0.359850  0.000000  0.000000  0.000000  -22.913998  17.758090  22.500000  42.248613  -1.164675  -0.864393  17.719768  30.485170  -35.479371  24.967059  129.022823
0.360084  0.000000  0.000000  0.000000  -22.913998  17.758090  25.000000  42.183794  -2.844646  -2.716996  17.719768  30.485170  -35.479371  24.967059  129.022823
0.360318  0.000000  0.000000  0.000000  -22.913998  17.758090  27.500000  42.064416  -4.521641  -4.575003  17.719768  30.485170  -35.479371  24.967059  129.022823
0.360552  0.000000  0.000000  0.000000  -22.913998  17.758090  30.000000  41.890089  -6.193879  -6.441620  17.719768  30.485170  -35.479371  24.967059  129.022823
0.360786  0.000000  0.000000  0.000000  -22.913998  17.758090  32.500000  41.660244  -7.859548  -8.320074  17.719768  30.485170  -35.479371  24.967059  129.022823
0.361020  0.000000  0.000000  0.000000  -22.913998  17.758090  35.000000  41.374159  -9.516816  -10.213631  17.719768  30.485170  -35.479371  24.967059  129.022823
0.361254  0.000000  0.000000  0.000000  -22.913998  17.758090  37.500000  41.030910  -11.163777  -12.125584  17.719768  30.485170  -35.479371  24.967059  129.022823
0.361488  0.000000  0.000000  0.000000  -22.913998  17.758090  40.000000  40.629415  -12.798485  -14.059277  17.719768  30.485170  -35.479371  24.967059  129.022823
0.361722  0.000000  0.000000  0.000000  -22.913998  17.758090  42.500000  40.168438  -14.418918  -16.018092  17.719768  30.485170  -35.479371  24.967059  129.022823
0.361956  0.000000  0.000000  0.000000  -22.913998  17.758090  45.000000  39.646573  -16.022952  -18.005450  17.719768  30.485170  -35.479371  24.967059  129.022823
0.362190  0.000000  0.000000  0.000000  -22.913998  17.758090  47.500000  39.062261  -17.608405  -20.024846  17.719768  30.485170  -35.479371  24.967059  129.022823
0.362424  0.000000  0.000000  0.000000  -22.913998  17.758090  50.000000  38.413815  -19.173001  -22.079776  17.719768  30.485170  -35.479371  24.967059  129.022823
0.362658  0.000000  0.000000  0.000000  -39.435956  6.380447  -10.000000  41.181636  43.189441  30.859266  27.986795  36.089328  -34.579969  22.370340  125.332478
0.362892  0.000000  0.000000  0.000000  -39.435956  6.380447  -7.500000  42.874848  41.515370  28.346410  27.986795  36.089328  -34.579969  22.370340  125.332478
0.363126  0.000000  0.000000  0.000000  -39.435956  6.380447  -5.000000  44.428406  39.789387  25.962177  27.986795  36.089328  -34.579969  22.370340  125.332478
0.363360  0.000000  0.000000  0.000000  -39.435956  6.380447  -2.500000  45.851749  38.017027  23.696181  27.986795  36.089328  -34.579969  22.370340  125.332478
0.363594  0.000000  0.000000  0.000000  -39.435956  6.380447  0.000000  47.153891  36.203253  21.538422  27.986795  36.089328  -34.579969  22.370340  125.332478
0.363828  0.000000  0.000000  0.000000  -39.435956  6.380447  2.500000  48.343315  34.352516  19.479382  27.986795  36.089328  -34.579969  22.370340  125.332478
0.364062  0.000000  0.000000  0.000000  -39.435956  6.380447  5.000000  49.427901  32.468811  17.510088  27.986795  36.089328  -34.579969  22.370340  125.332478
0.364296  0.000000  0.000000  0.000000  -39.435956  6.380447  7.500000  50.414905  30.555705  15.622125  27.986795  36.089328  -34.579969  22.370340  125.332478
0.364530  0.000000  0.000000  0.000000  -39.435956  6.380447  10.000000  51.310946  28.616429  13.807661  27.986795  36.089328  -34.579969  22.370340  125.332478
0.364764  0.000000  0.000000  0.000000  -39.435956  6.380447  12.500000  52.122026  26.653876  12.059400  27.986795  36.089328  -34.579969  22.370340  125.332478
0.364998  0.000000  0.000000  0.000000  -39.435956  6.380447  15.000000  52.853556  24.670664  10.370559  27.986795  36.089328  -34.579969  22.370340  125.332478
0.365232  0.000000  0.000000  0.000000  -39.435956  6.380447  17.500000  53.510381  22.669166  8.734834  27.986795  36.089328  -34.579969  22.370340  125.332478
0.365466  0.000000  0.000000  0.000000  -39.435956  6.380447  20.000000  54.096827  20.651520  7.146342  27.986795  36.089328  -34.579969  22.370340  125.332478
0.365700  0.000000  0.000000  0.000000  -39.435956  6.380447  22.500000  54.616690  18.619736  5.599628  27.986795  36.089328  -34.579969  22.370340  125.332478
0.365934  0.000000  0.000000  0.000000  -39.435956  6.380447  25.000000  55.073328  16.575619  4.089558  27.986795  36.089328  -34.579969  22.370340  125.332478
0.366168  0.000000  0.000000  0.000000  -39.435956  6.380447  27.500000  55.469654  14.520849  2.611314  27.986795  36.089328  -34.579969  22.370340  125.332478
0.366401  0.000000  0.000000  0.000000  -39.435956  6.380447  30.000000  55.808176  12.456994  1.160348  27.986795  36.089328  -34.579969  22.370340  125.332478
0.366635  0.000000  0.000000  0.000000  -39.435956  6.380447  32.500000  56.091012  10.385521  -0.267661  27.986795  36.089328  -34.579969  22.370340  125.332478
0.366869  0.000000  0.000000  0.000000  -39.435956  6.380447  35.000000  56.319913  8.307823  -1.676844  27.986795  36.089328  -34.579969  22.370340  125.332478
0.367103  0.000000  0.000000  0.000000  -39.435956  6.380447  37.500000  56.496314  6.225220  -3.071141  27.986795  36.089328  -34.579969  22.370340  125.332478
0.367337  0.000000  0.000000  0.000000  -39.435956  6.380447  40.000000  56.621285  4.138987  -4.454421  27.986795  36.089328  -34.579969  22.370340  125.332478
0.367571  0.000000  0.000000  0.000000  -39.435956  6.380447  42.500000  56.695587  2.050364  -5.830424  27.986795  36.089328  -34.579969  22.370340  125.332478
0.367805  0.000000  0.000000  0.000000  -39.435956  6.380447  45.000000  56.719672  -0.039435  -7.202838  27.986795  36.089328  -34.579969  22.370340  125.332478
0.368039  0.000000  0.000000  0.000000  -39.435956  6.380447  47.500000  56.693695  -2.129213  -8.575321  27.986795  36.089328  -34.579969  22.370340  125.332478
0.368273  0.000000  0.000000  0.000000  -39.435956  6.380447  50.000000  56.617490  -4.217769  -9.951533  27.986795  36.089328  -34.579969  22.370340  125.332478
0.368507  0.000000  0.000000  0.000000  -23.363220  4.648581  -10.000000  42.303965  28.994521  15.116467  7.478563  16.894292  -29.598777  21.848469  121.925038
0.368741  0.000000  0.000000  0.000000  -23.363220  4.648581  -7.500000  43.285516  27.295878  13.036028  7.478563  16.894292  -29.598777  21.848469  121.925038
0.368975  0.000000  0.000000  0.000000  -23.363220  4.648581  -5.000000  44.183605  25.567384  11.018835  7.478563  16.894292  -29.598777  21.848469  121.925038
0.369209  0.000000  0.000000  0.000000  -23.363220  4.648581  -2.500000  45.002193  23.812036  9.059490  7.478563  16.894292  -29.598777  21.848469  121.925038
0.369443  0.000000  0.000000  0.000000  -23.363220  4.648581  0.000000  45.744972  22.032604  7.152779  7.478563  16.894292  -29.598777  21.848469  121.925038
0.369677  0.000000  0.000000  0.000000  -23.363220  4.648581  2.500000  46.415337  20.231656  5.293695  7.478563  16.894292  -29.598777  21.848469  121.925038
0.369911  0.000000  0.000000  0.000000  -23.363220  4.648581  5.000000  47.016416  18.411590  3.477415  7.478563  16.894292  -29.598777  21.848469  121.925038
0.370145  0.000000  0.000000  0.000000  -23.363220  4.648581  7.500000  47.551000  16.574630  1.699332  7.478563  16.894292  -29.598777  21.848469  121.925038
0.370379  0.000000  0.000000  0.000000  -23.363220  4.648581  10.000000  48.021609  14.722875  -0.045000  7.478563  16.894292  -29.598777  21.848469  121.925038
0.370613  0.000000  0.000000  0.000000  -23.363220  4.648581  12.500000  48.430472  12.858284  -1.759847  7.478563  16.894292  -29.598777  21.848469  121.925038
0.370847  0.000000  0.000000  0.000000  -23.363220  4.648581  15.000000  48.779517  10.982726  -3.449330  7.478563  16.894292  -29.598777  21.848469  121.925038
0.371081  0.000000  0.000000  0.000000  -23.363220  4.648581  17.500000  49.070398  9.097970  -5.117426  7.478563  16.894292  -29.598777  21.848469  121.925038
0.371315  0.000000  0.000000  0.000000  -23.363220  4.648581  20.000000  49.304482  7.205704  -6.767990  7.478563  16.894292  -29.598777  21.848469  121.925038
0.371549  0.000000  0.000000  0.000000  -23.363220  4.648581  22.500000  49.482901  5.307573  -8.404811  7.478563  16.894292  -29.598777  21.848469  121.925038
0.371783  0.000000  0.000000  0.000000  -23.363220  4.648581  25.000000  49.606494  3.405160  -10.031577  7.478563  16.894292  -29.598777  21.848469  121.925038
0.372017  0.000000  0.000000  0.000000  -23.363220  4.648581  27.500000  49.675847  1.500027  -11.651915  7.478563  16.894292  -29.598777  21.848469  121.925038
0.372251  0.000000  0.000000  0.000000  -23.363220  4.648581  30.000000  49.691289  -0.406315  -13.269438  7.478563  16.894292  -29.598777  21.848469  121.925038
0.372485  0.000000  0.000000  0.000000  -23.363220  4.648581  32.500000  49.652891  -2.312315  -14.887719  7.478563  16.894292  -29.598777  21.848469  121.925038
0.372719  0.000000  0.000000  0.000000  -23.363220  4.648581  35.000000  49.560484  -4.216486  -16.510358  7.478563  16.894292  -29.598777  21.848469  121.925038
0.372953  0.000000  0.000000  0.000000  -23.363220  4.648581  37.500000  49.413599  -6.117256  -18.140960  7.478563  16.894292  -29.598777  21.848469  121.925038
0.373187  0.000000  0.000000  0.000000  -23.363220  4.648581  40.000000  49.211560  -8.013073  -19.783182  7.478563  16.894292  -29.598777  21.848469  121.925038
0.373421  0.000000  0.000000  0.000000  -23.363220  4.648581  42.500000  48.953422  -9.902344  -21.440756  7.478563  16.894292  -29.598777  21.848469  121.925038
0.373655  0.000000  0.000000  0.000000  -23.363220  4.648581  45.000000  48.637941  -11.783391  -23.117482  7.478563  16.894292  -29.598777  21.848469  121.925038
0.373889  0.000000  0.000000  0.000000  -23.363220  4.648581  47.500000  48.263616  -13.654502  -24.817282  7.478563  16.894292  -29.598777  21.848469  121.925038
0.374123  0.000000  0.000000  0.000000  -23.363220  4.648581  50.000000  47.828688  -15.513866  -26.544187  7.478563  16.894292  -29.598777  21.848469  121.925038
0.374357  0.000000  0.000000  0.000000  -24.389807  -1.815974  -10.000000  49.155450  43.341021  18.761387  23.524560  33.788852  -34.108488  13.436202  129.020412
0.374591  0.000000  0.000000  0.000000  -24.389807  -1.815974  -7.500000  50.625643  41.428691  16.580885  23.524560  33.788852  -34.108488  13.436202  129.020412
0.374825  0.000000  0.000000  0.000000  -24.389807  -1.815974  -5.000000  51.958920  39.477569  14.526403  23.524560  33.788852  -34.108488  13.436202  129.020412
0.375058  0.000000  0.000000  0.000000  -24.389807  -1.815974  -2.500000  53.167316  37.492292  12.585011  23.524560  33.788852  -34.108488  13.436202  129.020412
0.375292  0.000000  0.000000  0.000000  -24.389807  -1.815974  0.000000  54.261680  35.476892  10.744913  23.524560  33.788852  -34.108488  13.436202  129.020412
0.375526  0.000000  0.000000  0.000000  -24.389807  -1.815974  2.500000  55.251706  33.434936  8.995418  23.524560  33.788852  -34.108488  13.436202  129.020412
0.375760  0.000000  0.000000  0.000000  -24.389807  -1.815974  5.000000  56.146019  31.369562  7.326840  23.524560  33.788852  -34.108488  13.436202  129.020412
0.375994  0.000000  0.000000  0.000000  -24.389807  -1.815974  7.500000  56.952281  29.283503  5.730395  23.524560  33.788852  -34.108488  13.436202  129.020412
0.376228  0.000000  0.000000  0.000000  -24.389807  -1.815974  10.000000  57.677249  27.179237  4.198132  23.524560  33.788852  -34.108488  13.436202  129.020412
0.376462  0.000000  0.000000  0.000000  -24.389807  -1.815974  12.500000  58.326874  25.058942  2.722823  23.524560  33.788852  -34.108488  13.436202  129.020412
0.376696  0.000000  0.000000  0.000000  -24.389807  -1.815974  15.000000  58.906387  22.924570  1.297880  23.524560  33.788852  -34.108488  13.436202  129.020412
0.376930  0.000000  0.000000  0.000000  -24.389807  -1.815974  17.500000  59.420352  20.777879  -0.082718  23.524560  33.788852  -34.108488  13.436202  129.020412
0.377164  0.000000  0.000000  0.000000  -24.389807  -1.815974  20.000000  59.872742  18.620464  -1.424505  23.524560  33.788852  -34.108488  13.436202  129.020412
0.377398  0.000000  0.000000  0.000000  -24.389807  -1.815974  22.500000  60.266987  16.453778  -2.732589  23.524560  33.788852  -34.108488  13.436202  129.020412
0.377632  0.000000  0.000000  0.000000  -24.389807  -1.815974  25.000000  60.606022  14.279159  -4.011715  23.524560  33.788852  -34.108488  13.436202  129.020412
0.377866  0.000000  0.000000  0.000000  -24.389807  -1.815974  27.500000  60.892331  12.097845  -5.266322  23.524560  33.788852  -34.108488  13.436202  129.020412
0.378100  0.000000  0.000000  0.000000  -24.389807  -1.815974  30.000000  61.127984  9.910994  -6.500581  23.524560  33.788852  -34.108488  13.436202  129.020412
0.378334  0.000000  0.000000  0.000000  -24.389807  -1.815974  32.500000  61.314665  7.719695  -7.718463  23.524560  33.788852  -34.108488  13.436202  129.020412
0.378568  0.000000  0.000000  0.000000  -24.389807  -1.815974  35.000000  61.453701  5.524989  -8.923767  23.524560  33.788852  -34.108488  13.436202  129.020412
0.378802  0.000000  0.000000  0.000000  -24.389807  -1.815974  37.500000  61.546055  3.327867  -10.120164  23.524560  33.788852  -34.108488  13.436202  129.020412
0.379036  0.000000  0.000000  0.000000  -24.389807  -1.815974  40.000000  61.592382  1.129306  -11.311234  23.524560  33.788852  -34.108488  13.436202  129.020412
0.379270  0.000000  0.000000  0.000000  -24.389807  -1.815974  42.500000  61.592999  -1.069742  -12.500502  23.524560  33.788852  -34.108488  13.436202  129.020412
0.379504  0.000000  0.000000  0.000000  -24.389807  -1.815974  45.000000  61.547914  -3.268329  -13.691477  23.524560  33.788852  -34.108488  13.436202  129.020412
0.379738  0.000000  0.000000  0.000000  -24.389807  -1.815974  47.500000  61.456808  -5.465502  -14.887683  23.524560  33.788852  -34.108488  13.436202  129.020412
0.379972  0.000000  0.000000  0.000000  -24.389807  -1.815974  50.000000  61.319056  -7.660288  -16.092698  23.524560  33.788852  -34.108488  13.436202  129.020412
0.380206  0.000000  0.000000  0.000000  -41.680751  16.091525  -10.000000  38.459743  27.598097  29.800487  17.890510  31.317740  -31.805621  17.540582  119.723648
0.380440  0.000000  0.000000  0.000000  -41.680751  16.091525  -7.500000  39.442520  26.026244  27.622121  17.890510  31.317740  -31.805621  17.540582  119.723648
0.380674  0.000000  0.000000  0.000000  -41.680751  16.091525  -5.000000  40.346250  24.422606  25.501922  17.890510  31.317740  -31.805621  17.540582  119.723648
0.380908  0.000000  0.000000  0.000000  -41.680751  16.091525  -2.500000  41.173944  22.790182  23.435416  17.890510  31.317740  -31.805621  17.540582  119.723648
0.381142  0.000000  0.000000  0.000000  -41.680751  16.091525  0.000000  41.928466  21.131772  21.418195  17.890510  31.317740  -31.805621  17.540582  119.723648
0.381376  0.000000  0.000000  0.000000  -41.680751  16.091525  2.500000  42.612571  19.450018  19.445910  17.890510  31.317740  -31.805621  17.540582  119.723648
0.381610  0.000000  0.000000  0.000000  -41.680751  16.091525  5.000000  43.228744  17.747388  17.514348  17.890510  31.317740  -31.805621  17.540582  119.723648
0.381844  0.000000  0.000000  0.000000  -41.680751  16.091525  7.500000  43.779305  16.026211  15.619384  17.890510  31.317740  -31.805621  17.540582  119.723648
0.382078  0.000000  0.000000  0.000000  -41.680751  16.091525  10.000000  44.266364  14.288691  13.756999  17.890510  31.317740  -31.805621  17.540582  119.723648
0.382312  0.000000  0.000000  0.000000  -41.680751  16.091525  12.500000  44.691796  12.536913  11.923281  17.890510  31.317740  -31.805621  17.540582  119.723648
0.382546  0.000000  0.000000  0.000000  -41.680751  16.091525  15.000000  45.057301  10.772874  10.114420  17.890510  31.317740  -31.805621  17.540582  119.723648
0.382780  0.000000  0.000000  0.000000  -41.680751  16.091525  17.500000  45.364285  8.998471  8.326692  17.890510  31.317740  -31.805621  17.540582  119.723648
0.383014  0.000000  0.000000  0.000000  -41.680751  16.091525  20.000000  45.613973  7.215532  6.556463  17.890510  31.317740  -31.805621  17.540582  119.723648
0.383248  0.000000  0.000000  0.000000  -41.680751  16.091525  22.500000  45.807368  5.425833  4.800152  17.890510  31.317740  -31.805621  17.540582  119.723648
0.383482  0.000000  0.000000  0.000000  -41.680751  16.091525  25.000000  45.945242  3.631094  3.054245  17.890510  31.317740  -31.805621  17.540582  119.723648
0.383715  0.000000  0.000000  0.000000  -41.680751  16.091525  27.500000  46.028147  1.833012  1.315279  17.890510  31.317740  -31.805621  17.540582  119.723648
0.383949  0.000000  0.000000  0.000000  -41.680751  16.091525  30.000000  46.056417  0.033245  -0.420211  17.890510  31.317740  -31.805621  17.540582  119.723648
0.384183  0.000000  0.000000  0.000000  -41.680751  16.091525  32.500000  46.030166  -1.766560  -2.155618  17.890510  31.317740  -31.805621  17.540582  119.723648
0.384417  0.000000  0.000000  0.000000  -41.680751  16.091525  35.000000  45.949286  -3.564733  -3.894393  17.890510  31.317740  -31.805621  17.540582  119.723648
0.384651  0.000000  0.000000  0.000000  -41.680751  16.091525  37.500000  45.813445  -5.359619  -5.639978  17.890510  31.317740  -31.805621  17.540582  119.723648
0.384885  0.000000  0.000000  0.000000  -41.680751  16.091525  40.000000  45.622113  -7.149533  -7.395842  17.890510  31.317740  -31.805621  17.540582  119.723648
0.385119  0.000000  0.000000  0.000000  -41.680751  16.091525  42.500000  45.374516  -8.932750  -9.165497  17.890510  31.317740  -31.805621  17.540582  119.723648
0.385353  0.000000  0.000000  0.000000  -41.680751  16.091525  45.000000  45.069674  -10.707500  -10.952511  17.890510  31.317740  -31.805621  17.540582  119.723648
0.385587  0.000000  0.000000  0.000000  -41.680751  16.091525  47.500000  44.706366  -12.471958  -12.760526  17.890510  31.317740  -31.805621  17.540582  119.723648
0.385821  0.000000  0.000000  0.000000  -41.680751  16.091525  50.000000  44.283162  -14.224228  -14.593261  17.890510  31.317740  -31.805621  17.540582  119.723648
0.386055  0.000000  0.000000  0.000000  -39.651261  24.760611  -10.000000  33.720813  18.517679  29.243365  -13.750810  37.765065  -9.837510  21.338169  122.467955
0.386289  0.000000  0.000000  0.000000  -39.651261  24.760611  -7.500000  34.386647  17.117584  27.067766  -13.750810  37.765065  -9.837510  21.338169  122.467955
0.386523  0.000000  0.000000  0.000000  -39.651261  24.760611  -5.000000  34.991981  15.694590  24.924940  -13.750810  37.765065  -9.837510  21.338169  122.467955
0.386757  0.000000  0.000000  0.000000  -39.651261  24.760611  -2.500000  35.537985  14.251034  22.812015  -13.750810  37.765065  -9.837510  21.338169  122.467955
0.386991  0.000000  0.000000  0.000000  -39.651261  24.760611  0.000000  36.025719  12.789110  20.726143  -13.750810  37.765065  -9.837510  21.338169  122.467955
0.387225  0.000000  0.000000  0.000000  -39.651261  24.760611  2.500000  36.456214  11.310988  18.664423  -13.750810  37.765065  -9.837510  21.338169  122.467955
0.387459  0.000000  0.000000  0.000000  -39.651261  24.760611  5.000000  36.830398  9.818748  16.623970  -13.750810  37.765065  -9.837510  21.338169  122.467955
0.387693  0.000000  0.000000  0.000000  -39.651261  24.760611  7.500000  37.149112  8.314402  14.601908  -13.750810  37.765065  -9.837510  21.338169  122.467955
0.387927  0.000000  0.000000  0.000000  -39.651261  24.760611  10.000000  37.413044  6.799939  12.595347  -13.750810  37.765065  -9.837510  21.338169  122.467955
0.388161  0.000000  0.000000  0.000000  -39.651261  24.760611  12.500000  37.622839  5.277260  10.601433  -13.750810  37.765065  -9.837510  21.338169  122.467955
0.388395  0.000000  0.000000  0.000000  -39.651261  24.760611  15.000000  37.778981  3.748258  8.617306  -13.750810  37.765065  -9.837510  21.338169  122.467955
0.388629  0.000000  0.000000  0.000000  -39.651261  24.760611  17.500000  37.881842  2.214793  6.640115  -13.750810  37.765065  -9.837510  21.338169  122.467955
0.388863  0.000000  0.000000  0.000000  -39.651261  24.760611  20.000000  37.931671  0.678691  4.667012  -13.750810  37.765065  -9.837510  21.338169  122.467955
0.389097  0.000000  0.000000  0.000000  -39.651261  24.760611  22.500000  37.928579  -0.858205  2.695174  -13.750810  37.765065  -9.837510  21.338169  122.467955
0.389331  0.000000  0.000000  0.000000  -39.651261  24.760611  25.000000  37.872566  -2.394092  0.721739  -13.750810  37.765065  -9.837510  21.338169  122.467955
0.389565  0.000000  0.000000  0.000000  -39.651261  24.760611  27.500000  37.763492  -3.927132  -1.256110  -13.750810  37.765065  -9.837510  21.338169  122.467955
0.389799  0.000000  0.000000  0.000000  -39.651261  24.760611  30.000000  37.601107  -5.455494  -3.241240  -13.750810  37.765065  -9.837510  21.338169  122.467955
0.390033  0.000000  0.000000  0.000000  -39.651261  24.760611  32.500000  37.385014  -6.977312  -5.236482  -13.750810  37.765065  -9.837510  21.338169  122.467955
0.390267  0.000000  0.000000  0.000000  -39.651261  24.760611  35.000000  37.114708  -8.490699  -7.244702  -13.750810  37.765065  -9.837510  21.338169  122.467955
0.390501  0.000000  0.000000  0.000000  -39.651261  24.760611  37.500000  36.789567  -9.993726  -9.268768  -13.750810  37.765065  -9.837510  21.338169  122.467955
0.390735  0.000000  0.000000  0.000000  -39.651261  24.760611  40.000000  36.408850  -11.484420  -11.311556  -13.750810  37.765065  -9.837510  21.338169  122.467955
0.390969  0.000000  0.000000  0.000000  -39.651261  24.760611  42.500000  35.971713  -12.960757  -13.375953  -13.750810  37.765065  -9.837510  21.338169  122.467955
0.391203  0.000000  0.000000  0.000000  -39.651261  24.760611  45.000000  35.477223  -14.420651  -15.464846  -13.750810  37.765065  -9.837510  21.338169  122.467955
0.391437  0.000000  0.000000  0.000000  -39.651261  24.760611  47.500000  34.924350  -15.861922  -17.581103  -13.750810  37.765065  -9.837510  21.338169  122.467955
0.391671  0.000000  0.000000  0.000000  -39.651261  24.760611  50.000000  34.311996  -17.282370  -19.727616  -13.750810  37.765065  -9.837510  21.338169  122.467955
0.391905  0.000000  0.000000  0.000000  -18.529947  20.659185  -10.000000  37.453658  22.227095  33.510993  23.237410  21.998881  -28.869675  13.473956  112.737437
0.392139  0.000000  0.000000  0.000000  -18.529947  20.659185  -7.500000  38.229870  20.693195  31.389710  23.237410  21.998881  -28.869675  13.473956  112.737437
0.392372  0.000000  0.000000  0.000000  -18.529947  20.659185  -5.000000  38.937946  19.133868  29.311237  23.237410  21.998881  -28.869675  13.473956  112.737437
0.392606  0.000000  0.000000  0.000000  -18.529947  20.659185  -2.500000  39.579842  17.551631  27.271936  23.237410  21.998881  -28.869675  13.473956  112.737437
0.392840  0.000000  0.000000  0.000000  -18.529947  20.659185  0.000000  40.157440  15.948890  25.268176  23.237410  21.998881  -28.869675  13.473956  112.737437
0.393074  0.000000  0.000000  0.000000  -18.529947  20.659185  2.500000  40.672478  14.327931  23.296382  23.237410  21.998881  -28.869675  13.473956  112.737437
0.393308  0.000000  0.000000  0.000000  -18.529947  20.659185  5.000000  41.126540  12.690930  21.353028  23.237410  21.998881  -28.869675  13.473956  112.737437
0.393542  0.000000  0.000000  0.000000  -18.529947  20.659185  7.500000  41.521065  11.039986  19.434626  23.237410  21.998881  -28.869675  13.473956  112.737437
0.393776  0.000000  0.000000  0.000000  -18.529947  20.659185  10.000000  41.857316  9.377108  17.537752  23.237410  21.998881  -28.869675  13.473956  112.737437
0.394010  0.000000  0.000000  0.000000  -18.529947  20.659185  12.500000  42.136382  7.704232  15.659028  23.237410  21.998881  -28.869675  13.473956  112.737437
0.394244  0.000000  0.000000  0.000000  -18.529947  20.659185  15.000000  42.359178  6.023237  13.795124  23.237410  21.998881  -28.869675  13.473956  112.737437
0.394478  0.000000  0.000000  0.000000  -18.529947  20.659185  17.500000  42.526440  4.335952  11.942747  23.237410  21.998881  -28.869675  13.473956  112.737437
0.394712  0.000000  0.000000  0.000000  -18.529947  20.659185  20.000000  42.638718  2.644190  10.098639  23.237410  21.998881  -28.869675  13.473956  112.737437
0.394946  0.000000  0.000000  0.000000  -18.529947  20.659185  22.500000  42.696402  0.949674  8.259554  23.237410  21.998881  -28.869675  13.473956  112.737437
0.395180  0.000000  0.000000  0.000000  -18.529947  20.659185  25.000000  42.699672  -0.745818  6.422272  23.237410  21.998881  -28.869675  13.473956  112.737437
0.395414  0.000000  0.000000  0.000000  -18.529947  20.659185  27.500000  42.648541  -2.440521  4.583577  23.237410  21.998881  -28.869675  13.473956  112.737437
0.395648  0.000000  0.000000  0.000000  -18.529947  20.659185  30.000000  42.542831  -4.132714  2.740253  23.237410  21.998881  -28.869675  13.473956  112.737437
0.395882  0.000000  0.000000  0.000000  -18.529947  20.659185  32.500000  42.382216  -5.820637  0.889030  23.237410  21.998881  -28.869675  13.473956  112.737437
0.396116  0.000000  0.000000  0.000000  -18.529947  20.659185  35.000000  42.166134  -7.502482  -0.973312  23.237410  21.998881  -28.869675  13.473956  112.737437
0.396350  0.000000  0.000000  0.000000  -18.529947  20.659185  37.500000  41.893880  -9.176433  -2.850078  23.237410  21.998881  -28.869675  13.473956  112.737437
0.396584  0.000000  0.000000  0.000000  -18.529947  20.659185  40.000000  41.564562  -10.840613  -4.744591  23.237410  21.998881  -28.869675  13.473956  112.737437
0.396818  0.000000  0.000000  0.000000  -18.529947  20.659185  42.500000  41.177101  -12.493096  -6.660229  23.237410  21.998881  -28.869675  13.473956  112.737437
0.397052  0.000000  0.000000  0.000000  -18.529947  20.659185  45.000000  40.730268  -14.131884  -8.600404  23.237410  21.998881  -28.869675  13.473956  112.737437
0.397286  0.000000  0.000000  0.000000  -18.529947  20.659185  47.500000  40.222645  -15.754883  -10.568588  23.237410  21.998881  -28.869675  13.473956  112.737437
0.397520  0.000000  0.000000  0.000000  -18.529947  20.659185  50.000000  39.652656  -17.359923  -12.568319  23.237410  21.998881  -28.869675  13.473956  112.737437
0.397754  0.000000  0.000000  0.000000  -21.501067  18.886681  -10.000000  35.346336  17.838753  24.192959  -10.187155  19.786201  1.159321  25.361876  117.591239
0.397988  0.000000  0.000000  0.000000  -21.501067  18.886681  -7.500000  35.971717  16.381176  22.067690  -10.187155  19.786201  1.159321  25.361876  117.591239
0.398222  0.000000  0.000000  0.000000  -21.501067  18.886681  -5.000000  36.536294  14.902609  19.974187  -10.187155  19.786201  1.159321  25.361876  117.591239
0.398456  0.000000  0.000000  0.000000  -21.501067  18.886681  -2.500000  37.041272  13.405269  17.909440  -10.187155  19.786201  1.159321  25.361876  117.591239
0.398690  0.000000  0.000000  0.000000  -21.501067  18.886681  0.000000  37.487834  11.891360  15.870394  -10.187155  19.786201  1.159321  25.361876  117.591239
0.398924  0.000000  0.000000  0.000000  -21.501067  18.886681  2.500000  37.877041  10.362987  13.854018  -10.187155  19.786201  1.159321  25.361876  117.591239
0.399158  0.000000  0.000000  0.000000  -21.501067  18.886681  5.000000  38.209840  8.822182  11.857296  -10.187155  19.786201  1.159321  25.361876  117.591239
0.399392  0.000000  0.000000  0.000000  -21.501067  18.886681  7.500000  38.487063  7.270917  9.877231  -10.187155  19.786201  1.159321  25.361876  117.591239
0.399626  0.000000  0.000000  0.000000  -21.501067  18.886681  10.000000  38.709396  5.711127  7.910834  -10.187155  19.786201  1.159321  25.361876  117.591239
0.399860  0.000000  0.000000  0.000000  -21.501067  18.886681  12.500000  38.877413  4.144697  5.955144  -10.187155  19.786201  1.159321  25.361876  117.591239
0.400094  0.000000  0.000000  0.000000  -21.501067  18.886681  15.000000  38.991582  2.573461  4.007192  -10.187155  19.786201  1.159321  25.361876  117.591239
0.400328  0.000000  0.000000  0.000000  -21.501067  18.886681  17.500000  39.052170  0.999273  2.064045  -10.187155  19.786201  1.159321  25.361876  117.591239
0.400562  0.000000  0.000000  0.000000  -21.501067  18.886681  20.000000  39.059340  -0.576079  0.122758  -10.187155  19.786201  1.159321  25.361876  117.591239
0.400796  0.000000  0.000000  0.000000  -21.501067  18.886681  22.500000  39.013115  -2.150756  -1.819599  -10.187155  19.786201  1.159321  25.361876  117.591239
0.401029  0.000000  0.000000  0.000000  -21.501067  18.886681  25.000000  38.913370  -3.722961  -3.765965  -10.187155  19.786201  1.159321  25.361876  117.591239
0.401263  0.000000  0.000000  0.000000  -21.501067  18.886681  27.500000  38.759853  -5.290869  -5.719292  -10.187155  19.786201  1.159321  25.361876  117.591239
0.401497  0.000000  0.000000  0.000000  -21.501067  18.886681  30.000000  38.552156  -6.852630  -7.682522  -10.187155  19.786201  1.159321  25.361876  117.591239
0.401731  0.000000  0.000000  0.000000  -21.501067  18.886681  32.500000  38.289736  -8.406365  -9.658623  -10.187155  19.786201  1.159321  25.361876  117.591239
0.401965  0.000000  0.000000  0.000000  -21.501067  18.886681  35.000000  37.971956  -9.950177  -11.650575  -10.187155  19.786201  1.159321  25.361876  117.591239
0.402199  0.000000  0.000000  0.000000  -21.501067  18.886681  37.500000  37.597991  -11.482086  -13.661376  -10.187155  19.786201  1.159321  25.361876  117.591239
0.402433  0.000000  0.000000  0.000000  -21.501067  18.886681  40.000000  37.166932  -13.000082  -15.694039  -10.187155  19.786201  1.159321  25.361876  117.591239
0.402667  0.000000  0.000000  0.000000  -21.501067  18.886681  42.500000  36.677753  -14.502085  -17.751593  -10.187155  19.786201  1.159321  25.361876  117.591239
0.402901  0.000000  0.000000  0.000000  -21.501067  18.886681  45.000000  36.129316  -15.985919  -19.837060  -10.187155  19.786201  1.159321  25.361876  117.591239
0.403135  0.000000  0.000000  0.000000  -21.501067  18.886681  47.500000  35.520400  -17.449371  -21.953492  -10.187155  19.786201  1.159321  25.361876  117.591239
0.403369  0.000000  0.000000  0.000000  -21.501067  18.886681  50.000000  34.849699  -18.890091  -24.103917  -10.187155  19.786201  1.159321  25.361876  117.591239
0.403603  0.000000  0.000000  0.000000  -34.524151  16.523325  -10.000000  36.170013  33.180003  33.595486  -15.482953  36.149482  -4.823841  27.611222  110.336009
0.403837  0.000000  0.000000  0.000000  -34.524151  16.523325  -7.500000  37.442061  31.681986  31.223960  -15.482953  36.149482  -4.823841  27.611222  110.336009
0.404071  0.000000  0.000000  0.000000  -34.524151  16.523325  -5.000000  38.621346  30.141507  28.928802  -15.482953  36.149482  -4.823841  27.611222  110.336009
0.404305  0.000000  0.000000  0.000000  -34.524151  16.523325  -2.500000  39.711563  28.562344  26.705076  -15.482953  36.149482  -4.823841  27.611222  110.336009
0.404539  0.000000  0.000000  0.000000  -34.524151  16.523325  0.000000  40.716381  26.948022  24.547814  -15.482953  36.149482  -4.823841  27.611222  110.336009
0.404773  0.000000  0.000000  0.000000  -34.524151  16.523325  2.500000  41.639376  25.301822  22.452075  -15.482953  36.149482  -4.823841  27.611222  110.336009
0.405007  0.000000  0.000000  0.000000  -34.524151  16.523325  5.000000  42.483978  23.626805  20.412994  -15.482953  36.149482  -4.823841  27.611222  110.336009
0.405241  0.000000  0.000000  0.000000  -34.524151  16.523325  7.500000  43.253423  21.925817  18.425813  -15.482953  36.149482  -4.823841  27.611222  110.336009
0.405475  0.000000  0.000000  0.000000  -34.524151  16.523325  10.000000  43.950791  20.201528  16.485877  -15.482953  36.149482  -4.823841  27.611222  110.336009
0.405709  0.000000  0.000000  0.000000  -34.524151  16.523325  12.500000  44.578884  18.456433  14.588678  -15.482953  36.149482  -4.823841  27.611222  110.336009
0.405943  0.000000  0.000000  0.000000  -34.524151  16.523325  15.000000  45.140237  16.692834  12.729908  -15.482953  36.149482  -4.823841  27.611222  110.336009
0.406177  0.000000  0.000000  0.000000  -34.524151  16.523325  17.500000  45.637231  14.912961  10.905284  -15.482953  36.149482  -4.823841  27.611222  110.336009
0.406411  0.000000  0.000000  0.000000  -34.524151  16.523325  20.000000  46.071949  13.118869  9.110713  -15.482953  36.149482  -4.823841  27.611222  110.336009
0.406645  0.000000  0.000000  0.000000  -34.524151  16.523325  22.500000  46.446234  11.312539  7.342244  -15.482953  36.149482  -4.823841  27.611222  110.336009
0.406879  0.000000  0.000000  0.000000  -34.524151  16.523325  25.000000  46.761639  9.495839  5.596002  -15.482953  36.149482  -4.823841  27.611222  110.336009
0.407113  0.000000  0.000000  0.000000  -34.524151  16.523325  27.500000  47.019563  7.670578  3.868243  -15.482953  36.149482  -4.823841  27.611222  110.336009
0.407347  0.000000  0.000000  0.000000  -34.524151  16.523325  30.000000  47.221068  5.838477  2.155270  -15.482953  36.149482  -4.823841  27.611222  110.336009
0.407581  0.000000  0.000000  0.000000  -34.524151  16.523325  32.500000  47.367044  4.001230  0.453480  -15.482953  36.149482  -4.823841  27.611222  110.336009
0.407815  0.000000  0.000000  0.000000  -34.524151  16.523325  35.000000  47.458115  2.160479  -1.240683  -15.482953  36.149482  -4.823841  27.611222  110.336009
0.408049  0.000000  0.000000  0.000000  -34.524151  16.523325  37.500000  47.494672  0.317846  -2.930752  -15.482953  36.149482  -4.823841  27.611222  110.336009
0.408283  0.000000  0.000000  0.000000  -34.524151  16.523325  40.000000  47.476870  -1.525055  -4.620194  -15.482953  36.149482  -4.823841  27.611222  110.336009
0.408517  0.000000  0.000000  0.000000  -34.524151  16.523325  42.500000  47.404634  -3.366636  -6.312542  -15.482953  36.149482  -4.823841  27.611222  110.336009
0.408751  0.000000  0.000000  0.000000  -34.524151  16.523325  45.000000  47.277648  -5.205271  -8.011299  -15.482953  36.149482  -4.823841  27.611222  110.336009
0.408985  0.000000  0.000000  0.000000  -34.524151  16.523325  47.500000  47.095369  -7.039329  -9.720005  -15.482953  36.149482  -4.823841  27.611222  110.336009
0.409219  0.000000  0.000000  0.000000  -34.524151  16.523325  50.000000  46.857036  -8.867150  -11.442257  -15.482953  36.149482  -4.823841  27.611222  110.336009
0.409453  0.000000  0.000000  0.000000  -27.960245  13.676714  -10.000000  36.837411  19.776898  20.622857  18.439565  13.170460  -9.910074  23.562700  127.385065
0.409686  0.000000  0.000000  0.000000  -27.960245  13.676714  -7.500000  37.524197  18.265886  18.516034  18.439565  13.170460  -9.910074  23.562700  127.385065
0.409920  0.000000  0.000000  0.000000  -27.960245  13.676714  -5.000000  38.146806  16.732227  16.445837  18.439565  13.170460  -9.910074  23.562700  127.385065
0.410154  0.000000  0.000000  0.000000  -27.960245  13.676714  -2.500000  38.706841  15.178278  14.408906  18.439565  13.170460  -9.910074  23.562700  127.385065
0.410388  0.000000  0.000000  0.000000  -27.960245  13.676714  0.000000  39.205790  13.606291  12.401913  18.439565  13.170460  -9.910074  23.562700  127.385065
0.410622  0.000000  0.000000  0.000000  -27.960245  13.676714  2.500000  39.645036  12.018440  10.421537  18.439565  13.170460  -9.910074  23.562700  127.385065
0.410856  0.000000  0.000000  0.000000  -27.960245  13.676714  5.000000  40.025824  10.416818  8.464490  18.439565  13.170460  -9.910074  23.562700  127.385065
0.411090  0.000000  0.000000  0.000000  -27.960245  13.676714  7.500000  40.349248  8.803433  6.527527  18.439565  13.170460  -9.910074  23.562700  127.385065
0.411324  0.000000  0.000000  0.000000  -27.960245  13.676714  10.000000  40.616259  7.180229  4.607439  18.439565  13.170460  -9.910074  23.562700  127.385065
0.411558  0.000000  0.000000  0.000000  -27.960245  13.676714  12.500000  40.827630  5.549108  2.701039  18.439565  13.170460  -9.910074  23.562700  127.385065
0.411792  0.000000  0.000000  0.000000  -27.960245  13.676714  15.000000  40.984011  3.911915  0.805177  18.439565  13.170460  -9.910074  23.562700  127.385065
0.412026  0.000000  0.000000  0.000000  -27.960245  13.676714  17.500000  41.085864  2.270470  -1.083279  18.439565  13.170460  -9.910074  23.562700  127.385065
0.412260  0.000000  0.000000  0.000000  -27.960245  13.676714  20.000000  41.133505  0.626563  -2.967447  18.439565  13.170460  -9.910074  23.562700  127.385065
0.412494  0.000000  0.000000  0.000000  -27.960245  13.676714  22.500000  41.127072  -1.018017  -4.850431  18.439565  13.170460  -9.910074  23.562700  127.385065
0.412728  0.000000  0.000000  0.000000  -27.960245  13.676714  25.000000  41.066545  -2.661499  -6.735340  18.439565  13.170460  -9.910074  23.562700  127.385065
0.412962  0.000000  0.000000  0.000000  -27.960245  13.676714  27.500000  40.951737  -4.302095  -8.625270  18.439565  13.170460  -9.910074  23.562700  127.385065
0.413196  0.000000  0.000000  0.000000  -27.960245  13.676714  30.000000  40.782321  -5.938012  -10.523363  18.439565  13.170460  -9.910074  23.562700  127.385065
0.413430  0.000000  0.000000  0.000000  -27.960245  13.676714  32.500000  40.557765  -7.567417  -12.432733  18.439565  13.170460  -9.910074  23.562700  127.385065
0.413664  0.000000  0.000000  0.000000  -27.960245  13.676714  35.000000  40.277408  -9.188456  -14.356549  18.439565  13.170460  -9.910074  23.562700  127.385065
0.413898  0.000000  0.000000  0.000000  -27.960245  13.676714  37.500000  39.940421  -10.799218  -16.298000  18.439565  13.170460  -9.910074  23.562700  127.385065
0.414132  0.000000  0.000000  0.000000  -27.960245  13.676714  40.000000  39.545817  -12.397744  -18.260309  18.439565  13.170460  -9.910074  23.562700  127.385065
0.414366  0.000000  0.000000  0.000000  -27.960245  13.676714  42.500000  39.092473  -13.982010  -20.246728  18.439565  13.170460  -9.910074  23.562700  127.385065
0.414600  0.000000  0.000000  0.000000  -27.960245  13.676714  45.000000  38.579111  -15.549911  -22.260550  18.439565  13.170460  -9.910074  23.562700  127.385065
0.414834  0.000000  0.000000  0.000000  -27.960245  13.676714  47.500000  38.004321  -17.099222  -24.305088  18.439565  13.170460  -9.910074  23.562700  127.385065
0.415068  0.000000  0.000000  0.000000  -27.960245  13.676714  50.000000  37.366592  -18.627737  -26.383688  18.439565  13.170460  -9.910074  23.562700  127.385065
0.415302  0.000000  0.000000  0.000000  -24.268253  3.881862  -10.000000  42.917340  39.459102  29.922728  14.606983  28.623365  1.011011  22.924180  127.622481
0.415536  0.000000  0.000000  0.000000  -24.268253  3.881862  -7.500000  44.361714  37.733525  27.607848  14.606983  28.623365  1.011011  22.924180  127.622481
0.415770  0.000000  0.000000  0.000000  -24.268253  3.881862  -5.000000  45.686223  35.964760  25.399703  14.606983  28.623365  1.011011  22.924180  127.622481
0.416004  0.000000  0.000000  0.000000  -24.268253  3.881862  -2.500000  46.898752  34.157330  23.289360  14.606983  28.623365  1.011011  22.924180  127.622481
0.416238  0.000000  0.000000  0.000000  -24.268253  3.881862  0.000000  48.006707  32.315310  21.268297  14.606983  28.623365  1.011011  22.924180  127.622481
0.416472  0.000000  0.000000  0.000000  -24.268253  3.881862  2.500000  49.016968  30.442375  19.328473  14.606983  28.623365  1.011011  22.924180  127.622481
0.416706  0.000000  0.000000  0.000000  -24.268253  3.881862  5.000000  49.935871  28.541840  17.462317  14.606983  28.623365  1.011011  22.924180  127.622481
0.416940  0.000000  0.000000  0.000000  -24.268253  3.881862  7.500000  50.769190  26.616702  15.662743  14.606983  28.623365  1.011011  22.924180  127.622481
0.417174  0.000000  0.000000  0.000000  -24.268253  3.881862  10.000000  51.522199  24.669678  13.923110  14.606983  28.623365  1.011011  22.924180  127.622481
0.417408  0.000000  0.000000  0.000000  -24.268253  3.881862  12.500000  52.199619  22.703240  12.237220  14.606983  28.623365  1.011011  22.924180  127.622481
0.417642  0.000000  0.000000  0.000000  -24.268253  3.881862  15.000000  52.805679  20.719642  10.599277  14.606983  28.623365  1.011011  22.924180  127.622481
0.417876  0.000000  0.000000  0.000000  -24.268253  3.881862  17.500000  53.344132  18.720955  9.003855  14.606983  28.623365  1.011011  22.924180  127.622481
0.418109  0.000000  0.000000  0.000000  -24.268253  3.881862  20.000000  53.818306  16.709078  7.445845  14.606983  28.623365  1.011011  22.924180  127.622481
0.418343  0.000000  0.000000  0.000000  -24.268253  3.881862  22.500000  54.231106  14.685776  5.920433  14.606983  28.623365  1.011011  22.924180  127.622481
0.418577  0.000000  0.000000  0.000000  -24.268253  3.881862  25.000000  54.585041  12.652702  4.423077  14.606983  28.623365  1.011011  22.924180  127.622481
0.418811  0.000000  0.000000  0.000000  -24.268253  3.881862  27.500000  54.882219  10.611392  2.949434  14.606983  28.623365  1.011011  22.924180  127.622481
0.419045  0.000000  0.000000  0.000000  -24.268253  3.881862  30.000000  55.124445  8.563317  1.495379  14.606983  28.623365  1.011011  22.924180  127.622481
0.419279  0.000000  0.000000  0.000000  -24.268253  3.881862  32.500000  55.313156  6.509870  0.056920  14.606983  28.623365  1.011011  22.924180  127.622481
0.419513  0.000000  0.000000  0.000000  -24.268253  3.881862  35.000000  55.449461  4.452383  -1.369809  14.606983  28.623365  1.011011  22.924180  127.622481
0.419747  0.000000  0.000000  0.000000  -24.268253  3.881862  37.500000  55.534169  2.392162  -2.788574  14.606983  28.623365  1.011011  22.924180  127.622481
0.419981  0.000000  0.000000  0.000000  -24.268253  3.881862  40.000000  55.567782  0.330484  -4.203077  14.606983  28.623365  1.011011  22.924180  127.622481
0.420215  0.000000  0.000000  0.000000  -24.268253  3.881862  42.500000  55.550494  -1.731395  -5.616996  14.606983  28.623365  1.011011  22.924180  127.622481
0.420449  0.000000  0.000000  0.000000  -24.268253  3.881862  45.000000  55.482201  -3.792219  -7.033993  14.606983  28.623365  1.011011  22.924180  127.622481
0.420683  0.000000  0.000000  0.000000  -24.268253  3.881862  47.500000  55.362508  -5.850721  -8.457762  14.606983  28.623365  1.011011  22.924180  127.622481
0.420917  0.000000  0.000000  0.000000  -24.268253  3.881862  50.000000  55.190702  -7.905605  -9.892047  14.606983  28.623365  1.011011  22.924180  127.622481
0.421151  0.000000  0.000000  0.000000  -32.725149  19.526512  -10.000000  34.638382  20.585679  27.775007  -8.404254  11.287569  3.073868  27.756010  127.540033
0.421385  0.000000  0.000000  0.000000  -32.725149  19.526512  -7.500000  35.378477  19.151252  25.597779  -8.404254  11.287569  3.073868  27.756010  127.540033
0.421619  0.000000  0.000000  0.000000  -32.725149  19.526512  -5.000000  36.054653  17.691637  23.458408  -8.404254  11.287569  3.073868  27.756010  127.540033
0.421853  0.000000  0.000000  0.000000  -32.725149  19.526512  -2.500000  36.668364  16.209276  21.353787  -8.404254  11.287569  3.073868  27.756010  127.540033
0.422087  0.000000  0.000000  0.000000  -32.725149  19.526512  0.000000  37.220980  14.706501  19.280806  -8.404254  11.287569  3.073868  27.756010  127.540033
0.422321  0.000000  0.000000  0.000000  -32.725149  19.526512  2.500000  37.713798  13.185554  17.236350  -8.404254  11.287569  3.073868  27.756010  127.540033
0.422555  0.000000  0.000000  0.000000  -32.725149  19.526512  5.000000  38.148027  11.648610  15.217297  -8.404254  11.287569  3.073868  27.756010  127.540033
0.422789  0.000000  0.000000  0.000000  -32.725149  19.526512  7.500000  38.524755  10.097756  13.220551  -8.404254  11.287569  3.073868  27.756010  127.540033
0.423023  0.000000  0.000000  0.000000  -32.725149  19.526512  10.000000  38.844948  8.535008  11.243035  -8.404254  11.287569  3.073868  27.756010  127.540033
0.423257  0.000000  0.000000  0.000000  -32.725149  19.526512  12.500000  39.109445  6.962324  9.281695  -8.404254  11.287569  3.073868  27.756010  127.540033
0.423491  0.000000  0.000000  0.000000  -32.725149  19.526512  15.000000  39.318926  5.381621  7.333492  -8.404254  11.287569  3.073868  27.756010  127.540033
0.423725  0.000000  0.000000  0.000000  -32.725149  19.526512  17.500000  39.474002  3.794760  5.395411  -8.404254  11.287569  3.073868  27.756010  127.540033
0.423959  0.000000  0.000000  0.000000  -32.725149  19.526512  20.000000  39.575051  2.203590  3.464448  -8.404254  11.287569  3.073868  27.756010  127.540033
0.424193  0.000000  0.000000  0.000000  -32.725149  19.526512  22.500000  39.622362  0.609917  1.537611  -8.404254  11.287569  3.073868  27.756010  127.540033
0.424427  0.000000  0.000000  0.000000  -32.725149  19.526512  25.000000  39.616072  -0.984433  -0.388084  -8.404254  11.287569  3.073868  27.756010  127.540033
0.424661  0.000000  0.000000  0.000000  -32.725149  19.526512  27.500000  39.556150  -2.577677  -2.315624  -8.404254  11.287569  3.073868  27.756010  127.540033
0.424895  0.000000  0.000000  0.000000  -32.725149  19.526512  30.000000  39.442435  -4.167998  -4.247985  -8.404254  11.287569  3.073868  27.756010  127.540033
0.425129  0.000000  0.000000  0.000000  -32.725149  19.526512  32.500000  39.274634  -5.753580  -6.188180  -8.404254  11.287569  3.073868  27.756010  127.540033
0.425363  0.000000  0.000000  0.000000  -32.725149  19.526512  35.000000  39.052273  -7.332570  -8.139197  -8.404254  11.287569  3.073868  27.756010  127.540033
0.425597  0.000000  0.000000  0.000000  -32.725149  19.526512  37.500000  38.774763  -8.903093  -10.104063  -8.404254  11.287569  3.073868  27.756010  127.540033
0.425831  0.000000  0.000000  0.000000  -32.725149  19.526512  40.000000  38.441370  -10.463224  -12.085820  -8.404254  11.287569  3.073868  27.756010  127.540033
0.426065  0.000000  0.000000  0.000000  -32.725149  19.526512  42.500000  38.051223  -12.010993  -14.087532  -8.404254  11.287569  3.073868  27.756010  127.540033
0.426299  0.000000  0.000000  0.000000  -32.725149  19.526512  45.000000  37.603327  -13.544367  -16.112279  -8.404254  11.287569  3.073868  27.756010  127.540033
0.426533  0.000000  0.000000  0.000000  -32.725149  19.526512  47.500000  37.096570  -15.061247  -18.163165  -8.404254  11.287569  3.073868  27.756010  127.540033
0.426766  0.000000  0.000000  0.000000  -32.725149  19.526512  50.000000  36.529724  -16.559425  -20.243288  -8.404254  11.287569  3.073868  27.756010  127.540033
0.427000  0.000000  0.000000  0.000000  -18.239310  6.400636  -10.000000  40.423954  41.857869  36.098451  5.659729  15.880369  7.642622  19.288803  127.656293
0.427234  0.000000  0.000000  0.000000  -18.239310  6.400636  -7.500000  42.060314  40.209450  33.606389  5.659729  15.880369  7.642622  19.288803  127.656293
0.427468  0.000000  0.000000  0.000000  -18.239310  6.400636  -5.000000  43.564867  38.510153  31.234445  5.659729  15.880369  7.642622  19.288803  127.656293
0.427702  0.000000  0.000000  0.000000  -18.239310  6.400636  -2.500000  44.945934  36.765239  28.973319  5.659729  15.880369  7.642622  19.288803  127.656293
0.427936  0.000000  0.000000  0.000000  -18.239310  6.400636  0.000000  46.211536  34.979458  26.813950  5.659729  15.880369  7.642622  19.288803  127.656293
0.428170  0.000000  0.000000  0.000000  -18.239310  6.400636  2.500000  47.369249  33.157094  24.747686  5.659729  15.880369  7.642622  19.288803  127.656293
0.428404  0.000000  0.000000  0.000000  -18.239310  6.400636  5.000000  48.426162  31.302010  22.766298  5.659729  15.880369  7.642622  19.288803  127.656293
0.428638  0.000000  0.000000  0.000000  -18.239310  6.400636  7.500000  49.388834  29.417691  20.862024  5.659729  15.880369  7.642622  19.288803  127.656293
0.428872  0.000000  0.000000  0.000000  -18.239310  6.400636  10.000000  50.263280  27.507286  19.027577  5.659729  15.880369  7.642622  19.288803  127.656293
0.429106  0.000000  0.000000  0.000000  -18.239310  6.400636  12.500000  51.054972  25.573645  17.256133  5.659729  15.880369  7.642622  19.288803  127.656293
0.429340  0.000000  0.000000  0.000000  -18.239310  6.400636  15.000000  51.768879  23.619361  15.541304  5.659729  15.880369  7.642622  19.288803  127.656293
0.429574  0.000000  0.000000  0.000000  -18.239310  6.400636  17.500000  52.409435  21.646796  13.877127  5.659729  15.880369  7.642622  19.288803  127.656293
0.429808  0.000000  0.000000  0.000000  -18.239310  6.400636  20.000000  52.980612  19.658109  12.258009  5.659729  15.880369  7.642622  19.288803  127.656293
0.430042  0.000000  0.000000  0.000000  -18.239310  6.400636  22.500000  53.485932  17.655280  10.678700  5.659729  15.880369  7.642622  19.288803  127.656293
0.430276  0.000000  0.000000  0.000000  -18.239310  6.400636  25.000000  53.928487  15.640143  9.134256  5.659729  15.880369  7.642622  19.288803  127.656293
0.430510  0.000000  0.000000  0.000000  -18.239310  6.400636  27.500000  54.310964  13.614407  7.620011  5.659729  15.880369  7.642622  19.288803  127.656293
0.430744  0.000000  0.000000  0.000000  -18.239310  6.400636  30.000000  54.635659  11.579674  6.131544  5.659729  15.880369  7.642622  19.288803  127.656293
0.430978  0.000000  0.000000  0.000000  -18.239310  6.400636  32.500000  54.904511  9.537451  4.664633  5.659729  15.880369  7.642622  19.288803  127.656293
0.431212  0.000000  0.000000  0.000000  -18.239310  6.400636  35.000000  55.119127  7.489165  3.215221  5.659729  15.880369  7.642622  19.288803  127.656293
0.431446  0.000000  0.000000  0.000000  -18.239310  6.400636  37.500000  55.280778  5.436187  1.779390  5.659729  15.880369  7.642622  19.288803  127.656293
0.431680  0.000000  0.000000  0.000000  -18.239310  6.400636  40.000000  55.390402  3.379835  0.353323  5.659729  15.880369  7.642622  19.288803  127.656293
0.431914  0.000000  0.000000  0.000000  -18.239310  6.400636  42.500000  55.448657  1.321405  -1.066702  5.659729  15.880369  7.642622  19.288803  127.656293
0.432148  0.000000  0.000000  0.000000  -18.239310  6.400636  45.000000  55.455879  -0.737833  -2.484378  5.659729  15.880369  7.642622  19.288803  127.656293
0.432382  0.000000  0.000000  0.000000  -18.239310  6.400636  47.500000  55.412108  -2.796623  -3.903363  5.659729  15.880369  7.642622  19.288803  127.656293
0.432616  0.000000  0.000000  0.000000  -18.239310  6.400636  50.000000  55.317085  -4.853691  -5.327340  5.659729  15.880369  7.642622  19.288803  127.656293
0.432850  0.000000  0.000000  0.000000  -39.212793  8.096810  -10.000000  40.919579  32.636885  24.987805  -4.722278  11.107270  -29.524631  17.399563  124.126455
0.433084  0.000000  0.000000  0.000000  -39.212793  8.096810  -7.500000  42.081094  30.980088  22.784561  -4.722278  11.107270  -29.524631  17.399563  124.126455
0.433318  0.000000  0.000000  0.000000  -39.212793  8.096810  -5.000000  43.149217  29.287191  20.657322  -4.722278  11.107270  -29.524631  17.399563  124.126455
0.433552  0.000000  0.000000  0.000000  -39.212793  8.096810  -2.500000  44.128645  27.561704  18.600102  -4.722278  11.107270  -29.524631  17.399563  124.126455
0.433786  0.000000  0.000000  0.000000  -39.212793  8.096810  0.000000  45.023833  25.806863  16.607092  -4.722278  11.107270  -29.524631  17.399563  124.126455
0.434020  0.000000  0.000000  0.000000  -39.212793  8.096810  2.500000  45.838943  24.025653  14.672696  -4.722278  11.107270  -29.524631  17.399563  124.126455
0.434254  0.000000  0.000000  0.000000  -39.212793  8.096810  5.000000  46.577842  22.220824  12.791533  -4.722278  11.107270  -29.524631  17.399563  124.126455
0.434488  0.000000  0.000000  0.000000  -39.212793  8.096810  7.500000  47.244070  20.394923  10.958459  -4.722278  11.107270  -29.524631  17.399563  124.126455
0.434722  0.000000  0.000000  0.000000  -39.212793  8.096810  10.000000  47.840880  18.550321  9.168530  -4.722278  11.107270  -29.524631  17.399563  124.126455
0.434956  0.000000  0.000000  0.000000  -39.212793  8.096810  12.500000  48.371161  16.689212  7.417051  -4.722278  11.107270  -29.524631  17.399563  124.126455
0.435190  0.000000  0.000000  0.000000  -39.212793  8.096810  15.000000  48.837512  14.813657  5.699489  -4.722278  11.107270  -29.524631  17.399563  124.126455
0.435423  0.000000  0.000000  0.000000  -39.212793  8.096810  17.500000  49.242231  12.925613  4.011498  -4.722278  11.107270  -29.524631  17.399563  124.126455
0.435657  0.000000  0.000000  0.000000  -39.212793  8.096810  20.000000  49.587297  11.026881  2.348932  -4.722278  11.107270  -29.524631  17.399563  124.126455
0.435891  0.000000  0.000000  0.000000  -39.212793  8.096810  22.500000  49.874405  9.119209  0.707757  -4.722278  11.107270  -29.524631  17.399563  124.126455
0.436125  0.000000  0.000000  0.000000  -39.212793  8.096810  25.000000  50.104958  7.204255  -0.915923  -4.722278  11.107270  -29.524631  17.399563  124.126455
0.436359  0.000000  0.000000  0.000000  -39.212793  8.096810  27.500000  50.280099  5.283627  -2.525924  -4.722278  11.107270  -29.524631  17.399563  124.126455
0.436593  0.000000  0.000000  0.000000  -39.212793  8.096810  30.000000  50.400685  3.358875  -4.125963  -4.722278  11.107270  -29.524631  17.399563  124.126455
0.436827  0.000000  0.000000  0.000000  -39.212793  8.096810  32.500000  50.467304  1.431532  -5.719688  -4.722278  11.107270  -29.524631  17.399563  124.126455
0.437061  0.000000  0.000000  0.000000  -39.212793  8.096810  35.000000  50.480283  -0.496938  -7.310753  -4.722278  11.107270  -29.524631  17.399563  124.126455
0.437295  0.000000  0.000000  0.000000  -39.212793  8.096810  37.500000  50.439691  -2.425015  -8.902742  -4.722278  11.107270  -29.524631  17.399563  124.126455
0.437529  0.000000  0.000000  0.000000  -39.212793  8.096810  40.000000  50.345312  -4.351207  -10.499264  -4.722278  11.107270  -29.524631  17.399563  124.126455
0.437763  0.000000  0.000000  0.000000  -39.212793  8.096810  42.500000  50.196703  -6.274025  -12.103979  -4.722278  11.107270  -29.524631  17.399563  124.126455
0.437997  0.000000  0.000000  0.000000  -39.212793  8.096810  45.000000  49.993124  -8.191918  -13.720561  -4.722278  11.107270  -29.524631  17.399563  124.126455
0.438231  0.000000  0.000000  0.000000  -39.212793  8.096810  47.500000  49.733587  -10.103325  -15.352776  -4.722278  11.107270  -29.524631  17.399563  124.126455
0.438465  0.000000  0.000000  0.000000  -39.212793  8.096810  50.000000  49.416809  -12.006601  -17.004475  -4.722278  11.107270  -29.524631  17.399563  124.126455
0.438699  0.000000  0.000000  0.000000  -22.886489  15.642841  -10.000000  37.546669  30.414996  34.668987  9.950432  10.964675  7.702759  22.647041  111.421365
0.438933  0.000000  0.000000  0.000000  -22.886489  15.642841  -7.500000  38.666344  28.871956  32.405623  9.950432  10.964675  7.702759  22.647041  111.421365
0.439167  0.000000  0.000000  0.000000  -22.886489  15.642841  -5.000000  39.700444  27.292228  30.209270  9.950432  10.964675  7.702759  22.647041  111.421365
0.439401  0.000000  0.000000  0.000000  -22.886489  15.642841  -2.500000  40.652383  25.679163  28.075173  9.950432  10.964675  7.702759  22.647041  111.421365
0.439635  0.000000  0.000000  0.000000  -22.886489  15.642841  0.000000  41.525461  24.035893  25.998612  9.950432  10.964675  7.702759  22.647041  111.421365
0.439869  0.000000  0.000000  0.000000  -22.886489  15.642841  2.500000  42.322847  22.365340  23.974935  9.950432  10.964675  7.702759  22.647041  111.421365
0.440103  0.000000  0.000000  0.000000  -22.886489  15.642841  5.000000  43.047511  20.670233  21.999598  9.950432  10.964675  7.702759  22.647041  111.421365
0.440337  0.000000  0.000000  0.000000  -22.886489  15.642841  7.500000  43.702276  18.953141  20.068143  9.950432  10.964675  7.702759  22.647041  111.421365
0.440571  0.000000  0.000000  0.000000  -22.886489  15.642841  10.000000  44.289678  17.216457  18.176269  9.950432  10.964675  7.702759  22.647041  111.421365
0.440805  0.000000  0.000000  0.000000  -22.886489  15.642841  12.500000  44.812063  15.462443  16.319781  9.950432  10.964675  7.702759  22.647041  111.421365
0.441039  0.000000  0.000000  0.000000  -22.886489  15.642841  15.000000  45.271541  13.693233  14.494611  9.950432  10.964675  7.702759  22.647041  111.421365
0.441273  0.000000  0.000000  0.000000  -22.886489  15.642841  17.500000  45.669979  11.910848  12.696807  9.950432  10.964675  7.702759  22.647041  111.421365
0.441507  0.000000  0.000000  0.000000  -22.886489  15.642841  20.000000  46.009031  10.117228  10.922512  9.950432  10.964675  7.702759  22.647041  111.421365
0.441741  0.000000  0.000000  0.000000  -22.886489  15.642841  22.500000  46.290076  8.314208  9.167992  9.950432  10.964675  7.702759  22.647041  111.421365
0.441975  0.000000  0.000000  0.000000  -22.886489  15.642841  25.000000  46.514288  6.503572  7.429570  9.950432  10.964675  7.702759  22.647041  111.421365
0.442209  0.000000  0.000000  0.000000  -22.886489  15.642841  27.500000  46.682605  4.687032  5.703645  9.950432  10.964675  7.702759  22.647041  111.421365
0.442443  0.000000  0.000000  0.000000  -22.886489  15.642841  30.000000  46.795716  2.866303  3.986691  9.950432  10.964675  7.702759  22.647041  111.421365
0.442677  0.000000  0.000000  0.000000  -22.886489  15.642841  32.500000  46.854104  1.043003  2.275192  9.950432  10.964675  7.702759  22.647041  111.421365
0.442911  0.000000  0.000000  0.000000  -22.886489  15.642841  35.000000  46.858010  -0.781227  0.565676  9.950432  10.964675  7.702759  22.647041  111.421365
0.443145  0.000000  0.000000  0.000000  -22.886489  15.642841  37.500000  46.807453  -2.604765  -1.145327  9.950432  10.964675  7.702759  22.647041  111.421365
0.443379  0.000000  0.000000  0.000000  -22.886489  15.642841  40.000000  46.702213  -4.425970  -2.861286  9.950432  10.964675  7.702759  22.647041  111.421365
0.443613  0.000000  0.000000  0.000000  -22.886489  15.642841  42.500000  46.541860  -6.243206  -4.585706  9.950432  10.964675  7.702759  22.647041  111.421365
0.443847  0.000000  0.000000  0.000000  -22.886489  15.642841  45.000000  46.325716  -8.054786  -6.322112  9.950432  10.964675  7.702759  22.647041  111.421365
0.444080  0.000000  0.000000  0.000000  -22.886489  15.642841  47.500000  46.052897  -9.859010  -8.074101  9.950432  10.964675  7.702759  22.647041  111.421365
0.444314  0.000000  0.000000  0.000000  -22.886489  15.642841  50.000000  45.722258  -11.654092  -9.845323  9.950432  10.964675  7.702759  22.647041  111.421365
0.444548  0.000000  0.000000  0.000000  -28.951996  18.109009  -10.000000  38.576919  21.695968  26.528962  -14.546590  18.999874  -19.208235  24.561469  112.317993
0.444782  0.000000  0.000000  0.000000  -28.951996  18.109009  -7.500000  39.319884  20.124233  24.447656  -14.546590  18.999874  -19.208235  24.561469  112.317993
0.445016  0.000000  0.000000  0.000000  -28.951996  18.109009  -5.000000  39.995003  18.528561  22.408092  -14.546590  18.999874  -19.208235  24.561469  112.317993
0.445250  0.000000  0.000000  0.000000  -28.951996  18.109009  -2.500000  40.604337  16.911432  20.406502  -14.546590  18.999874  -19.208235  24.561469  112.317993
0.445484  0.000000  0.000000  0.000000  -28.951996  18.109009  0.000000  41.149790  15.275168  18.439173  -14.546590  18.999874  -19.208235  24.561469  112.317993
0.445718  0.000000  0.000000  0.000000  -28.951996  18.109009  2.500000  41.633124  13.622012  16.502445  -14.546590  18.999874  -19.208235  24.561469  112.317993
0.445952  0.000000  0.000000  0.000000  -28.951996  18.109009  5.000000  42.055904  11.954070  14.592747  -14.546590  18.999874  -19.208235  24.561469  112.317993
0.446186  0.000000  0.000000  0.000000  -28.951996  18.109009  7.500000  42.419554  10.273392  12.706535  -14.546590  18.999874  -19.208235  24.561469  112.317993
0.446420  0.000000  0.000000  0.000000  -28.951996  18.109009  10.000000  42.725301  8.581936  10.840336  -14.546590  18.999874  -19.208235  24.561469  112.317993
0.446654  0.000000  0.000000  0.000000  -28.951996  18.109009  12.500000  42.974193  6.881589  8.990740  -14.546590  18.999874  -19.208235  24.561469  112.317993
0.446888  0.000000  0.000000  0.000000  -28.951996  18.109009  15.000000  43.167066  5.174196  7.154370  -14.546590  18.999874  -19.208235  24.561469  112.317993
0.447122  0.000000  0.000000  0.000000  -28.951996  18.109009  17.500000  43.304605  3.461545  5.327903  -14.546590  18.999874  -19.208235  24.561469  112.317993
0.447356  0.000000  0.000000  0.000000  -28.951996  18.109009  20.000000  43.387288  1.745395  3.508035  -14.546590  18.999874  -19.208235  24.561469  112.317993
0.447590  0.000000  0.000000  0.000000  -28.951996  18.109009  22.500000  43.415397  0.027489  1.691490  -14.546590  18.999874  -19.208235  24.561469  112.317993
0.447824  0.000000  0.000000  0.000000  -28.951996  18.109009  25.000000  43.389042  -1.690444  -0.125002  -14.546590  18.999874  -19.208235  24.561469  112.317993
0.448058  0.000000  0.000000  0.000000  -28.951996  18.109009  27.500000  43.308099  -3.406674  -1.944712  -14.546590  18.999874  -19.208235  24.561469  112.317993
0.448292  0.000000  0.000000  0.000000  -28.951996  18.109009  30.000000  43.172321  -5.119466  -3.770919  -14.546590  18.999874  -19.208235  24.561469  112.317993
0.448526  0.000000  0.000000  0.000000  -28.951996  18.109009  32.500000  42.981222  -6.827058  -5.606919  -14.546590  18.999874  -19.208235  24.561469  112.317993
0.448760  0.000000  0.000000  0.000000  -28.951996  18.109009  35.000000  42.734137  -8.527650  -7.456044  -14.546590  18.999874  -19.208235  24.561469  112.317993
0.448994  0.000000  0.000000  0.000000  -28.951996  18.109009  37.500000  42.430229  -10.219424  -9.321656  -14.546590  18.999874  -19.208235  24.561469  112.317993
0.449228  0.000000  0.000000  0.000000  -28.951996  18.109009  40.000000  42.068448  -11.900474  -11.207177  -14.546590  18.999874  -19.208235  24.561469  112.317993
0.449462  0.000000  0.000000  0.000000  -28.951996  18.109009  42.500000  41.647575  -13.568851  -13.116074  -14.546590  18.999874  -19.208235  24.561469  112.317993
0.449696  0.000000  0.000000  0.000000  -28.951996  18.109009  45.000000  41.166209  -15.222525  -15.051876  -14.546590  18.999874  -19.208235  24.561469  112.317993
0.449930  0.000000  0.000000  0.000000  -28.951996  18.109009  47.500000  40.622760  -16.859341  -17.018169  -14.546590  18.999874  -19.208235  24.561469  112.317993
0.450164  0.000000  0.000000  0.000000  -28.951996  18.109009  50.000000  40.015510  -18.477136  -19.018606  -14.546590  18.999874  -19.208235  24.561469  112.317993
0.450398  0.000000  0.000000  0.000000  -22.004293  24.461181  -10.000000  30.882221  29.225924  39.442982  14.071522  27.582970  -24.679949  22.203854  116.503396
0.450632  0.000000  0.000000  0.000000  -22.004293  24.461181  -7.500000  32.043785  27.920838  37.014811  14.071522  27.582970  -24.679949  22.203854  116.503396
0.450866  0.000000  0.000000  0.000000  -22.004293  24.461181  -5.000000  33.128752  26.574204  34.645464  14.071522  27.582970  -24.679949  22.203854  116.503396
0.451100  0.000000  0.000000  0.000000  -22.004293  24.461181  -2.500000  34.138822  25.189291  32.331949  14.071522  27.582970  -24.679949  22.203854  116.503396
0.451334  0.000000  0.000000  0.000000  -22.004293  24.461181  0.000000  35.075814  23.769219  30.071097  14.071522  27.582970  -24.679949  22.203854  116.503396
0.451568  0.000000  0.000000  0.000000  -22.004293  24.461181  2.500000  35.941601  22.316959  27.859611  14.071522  27.582970  -24.679949  22.203854  116.503396
0.451802  0.000000  0.000000  0.000000  -22.004293  24.461181  5.000000  36.738068  20.835333  25.694130  14.071522  27.582970  -24.679949  22.203854  116.503396
0.452036  0.000000  0.000000  0.000000  -22.004293  24.461181  7.500000  37.467117  19.327042  23.571220  14.071522  27.582970  -24.679949  22.203854  116.503396
0.452270  0.000000  0.000000  0.000000  -22.004293  24.461181  10.000000  38.130528  17.794639  21.487463  14.071522  27.582970  -24.679949  22.203854  116.503396
0.452504  0.000000  0.000000  0.000000  -22.004293  24.461181  12.500000  38.730033  16.240564  19.439426  14.071522  27.582970  -24.679949  22.203854  116.503396
0.452737  0.000000  0.000000  0.000000  -22.004293  24.461181  15.000000  39.267249  14.667141  17.423700  14.071522  27.582970  -24.679949  22.203854  116.503396
0.452971  0.000000  0.000000  0.000000  -22.004293  24.461181  17.500000  39.743684  13.076600  15.436889  14.071522  27.582970  -24.679949  22.203854  116.503396
0.453205  0.000000  0.000000  0.000000  -22.004293  24.461181  20.000000  40.160683  11.471065  13.475681  14.071522  27.582970  -24.679949  22.203854  116.503396
0.453439  0.000000  0.000000  0.000000  -22.004293  24.461181  22.500000  40.519490  9.852606  11.536720  14.071522  27.582970  -24.679949  22.203854  116.503396
0.453673  0.000000  0.000000  0.000000  -22.004293  24.461181  25.000000  40.821143  8.223184  9.616772  14.071522  27.582970  -24.679949  22.203854  116.503396
0.453907  0.000000  0.000000  0.000000  -22.004293  24.461181  27.500000  41.066569  6.584733  7.712579  14.071522  27.582970  -24.679949  22.203854  116.503396
0.454141  0.000000  0.000000  0.000000  -22.004293  24.461181  30.000000  41.256516  4.939121  5.820943  14.071522  27.582970  -24.679949  22.203854  116.503396
0.454375  0.000000  0.000000  0.000000  -22.004293  24.461181  32.500000  41.391565  3.288177  3.938687  14.071522  27.582970  -24.679949  22.203854  116.503396
0.454609  0.000000  0.000000  0.000000  -22.004293  24.461181  35.000000  41.472134  1.633710  2.062666  14.071522  27.582970  -24.679949  22.203854  116.503396
0.454843  0.000000  0.000000  0.000000  -22.004293  24.461181  37.500000  41.498472  -0.022505  0.189732  14.071522  27.582970  -24.679949  22.203854  116.503396
0.455077  0.000000  0.000000  0.000000  -22.004293  24.461181  40.000000  41.470662  -1.678698  -1.683244  14.071522  27.582970  -24.679949  22.203854  116.503396
0.455311  0.000000  0.000000  0.000000  -22.004293  24.461181  42.500000  41.388617  -3.333097  -3.559395  14.071522  27.582970  -24.679949  22.203854  116.503396
0.455545  0.000000  0.000000  0.000000  -22.004293  24.461181  45.000000  41.252080  -4.983915  -5.441860  14.071522  27.582970  -24.679949  22.203854  116.503396
0.455779  0.000000  0.000000  0.000000  -22.004293  24.461181  47.500000  41.060628  -6.629354  -7.333793  14.071522  27.582970  -24.679949  22.203854  116.503396
0.456013  0.000000  0.000000  0.000000  -22.004293  24.461181  50.000000  40.813689  -8.267587  -9.238375  14.071522  27.582970  -24.679949  22.203854  116.503396
0.456247  0.000000  0.000000  0.000000  -26.734251  18.668264  -10.000000  39.564867  32.987351  39.547521  -10.850596  34.021708  -6.358849  23.361921  110.894641
0.456481  0.000000  0.000000  0.000000  -26.734251  18.668264  -7.500000  40.767268  31.374597  37.290328  -10.850596  34.021708  -6.358849  23.361921  110.894641
0.456715  0.000000  0.000000  0.000000  -26.734251  18.668264  -5.000000  41.875590  29.723663  35.110203  -10.850596  34.021708  -6.358849  23.361921  110.894641
0.456949  0.000000  0.000000  0.000000  -26.734251  18.668264  -2.500000  42.894332  28.038178  33.001379  -10.850596  34.021708  -6.358849  23.361921  110.894641
0.457183  0.000000  0.000000  0.000000  -26.734251  18.668264  0.000000  43.827807  26.321490  30.958208  -10.850596  34.021708  -6.358849  23.361921  110.894641
0.457417  0.000000  0.000000  0.000000  -26.734251  18.668264  2.500000  44.680087  24.576700  28.975211  -10.850596  34.021708  -6.358849  23.361921  110.894641
0.457651  0.000000  0.000000  0.000000  -26.734251  18.668264  5.000000  45.454990  22.806670  27.047085  -10.850596  34.021708  -6.358849  23.361921  110.894641
0.457885  0.000000  0.000000  0.000000  -26.734251  18.668264  7.500000  46.156035  21.014051  25.168735  -10.850596  34.021708  -6.358849  23.361921  110.894641
0.458119  0.000000  0.000000  0.000000  -26.734251  18.668264  10.000000  46.786497  19.201316  23.335244  -10.850596  34.021708  -6.358849  23.361921  110.894641
0.458353  0.000000  0.000000  0.000000  -26.734251  18.668264  12.500000  47.349289  17.370757  21.541920  -10.850596  34.021708  -6.358849  23.361921  110.894641
0.458587  0.000000  0.000000  0.000000  -26.734251  18.668264  15.000000  47.847056  15.524522  19.784247  -10.850596  34.021708  -6.358849  23.361921  110.894641
0.458821  0.000000  0.000000  0.000000  -26.734251  18.668264  17.500000  48.282155  13.664631  18.057874  -10.850596  34.021708  -6.358849  23.361921  110.894641
0.459055  0.000000  0.000000  0.000000  -26.734251  18.668264  20.000000  48.656632  11.792986  16.358641  -10.850596  34.021708  -6.358849  23.361921  110.894641
0.459289  0.000000  0.000000  0.000000  -26.734251  18.668264  22.500000  48.972282  9.911400  14.682481  -10.850596  34.021708  -6.358849  23.361921  110.894641
0.459523  0.000000  0.000000  0.000000  -26.734251  18.668264  25.000000  49.230581  8.021590  13.025506  -10.850596  34.021708  -6.358849  23.361921  110.894641
0.459757  0.000000  0.000000  0.000000  -26.734251  18.668264  27.500000  49.432771  6.125221  11.383889  -10.850596  34.021708  -6.358849  23.361921  110.894641
0.459991  0.000000  0.000000  0.000000  -26.734251  18.668264  30.000000  49.579811  4.223891  9.753904  -10.850596  34.021708  -6.358849  23.361921  110.894641
0.460225  0.000000  0.000000  0.000000  -26.734251  18.668264  32.500000  49.672389  2.319196  8.131914  -10.850596  34.021708  -6.358849  23.361921  110.894641
0.460459  0.000000  0.000000  0.000000  -26.734251  18.668264  35.000000  49.710961  0.412624  6.514265  -10.850596  34.021708  -6.358849  23.361921  110.894641
0.460693  0.000000  0.000000  0.000000  -26.734251  18.668264  37.500000  49.695699  -1.494271  4.897405  -10.850596  34.021708  -6.358849  23.361921  110.894641
0.460927  0.000000  0.000000  0.000000  -26.734251  18.668264  40.000000  49.626529  -3.399967  3.277738  -10.850596  34.021708  -6.358849  23.361921  110.894641
0.461161  0.000000  0.000000  0.000000  -26.734251  18.668264  42.500000  49.503124  -5.302945  1.651655  -10.850596  34.021708  -6.358849  23.361921  110.894641
0.461394  0.000000  0.000000  0.000000  -26.734251  18.668264  45.000000  49.324904  -7.201652  0.015524  -10.850596  34.021708  -6.358849  23.361921  110.894641
0.461628  0.000000  0.000000  0.000000  -26.734251  18.668264  47.500000  49.091016  -9.094497  -1.634342  -10.850596  34.021708  -6.358849  23.361921  110.894641
0.461862  0.000000  0.000000  0.000000  -26.734251  18.668264  50.000000  48.800357  -10.979848  -3.301723  -10.850596  34.021708  -6.358849  23.361921  110.894641
0.462096  0.000000  0.000000  0.000000  -41.750903  24.271176  -10.000000  31.870932  30.667176  37.090466  -4.502580  16.917988  -24.672065  20.739794  122.934443
0.462330  0.000000  0.000000  0.000000  -41.750903  24.271176  -7.500000  33.088546  29.324446  34.655370  -4.502580  16.917988  -24.672065  20.739794  122.934443
0.462564  0.000000  0.000000  0.000000  -41.750903  24.271176  -5.000000  34.224793  27.938689  32.284547  -4.502580  16.917988  -24.672065  20.739794  122.934443
0.462798  0.000000  0.000000  0.000000  -41.750903  24.271176  -2.500000  35.281787  26.513365  29.974615  -4.502580  16.917988  -24.672065  20.739794  122.934443
0.463032  0.000000  0.000000  0.000000  -41.750903  24.271176  0.000000  36.261750  25.051764  27.722023  -4.502580  16.917988  -24.672065  20.739794  122.934443
0.463266  0.000000  0.000000  0.000000  -41.750903  24.271176  2.500000  37.166961  23.557000  25.523110  -4.502580  16.917988  -24.672065  20.739794  122.934443
0.463500  0.000000  0.000000  0.000000  -41.750903  24.271176  5.000000  37.999684  22.032021  23.374150  -4.502580  16.917988  -24.672065  20.739794  122.934443
0.463734  0.000000  0.000000  0.000000  -41.750903  24.271176  7.500000  38.762133  20.479615  21.271402  -4.502580  16.917988  -24.672065  20.739794  122.934443
0.463968  0.000000  0.000000  0.000000  -41.750903  24.271176  10.000000  39.456484  18.902433  19.211109  -4.502580  16.917988  -24.672065  20.739794  122.934443
0.464202  0.000000  0.000000  0.000000  -41.750903  24.271176  12.500000  40.084743  17.302972  17.189567  -4.502580  16.917988  -24.672065  20.739794  122.934443
0.464436  0.000000  0.000000  0.000000  -41.750903  24.271176  15.000000  40.648817  15.683610  15.203097  -4.502580  16.917988  -24.672065  20.739794  122.934443
0.464670  0.000000  0.000000  0.000000  -41.750903  24.271176  17.500000  41.150461  14.046605  13.248082  -4.502580  16.917988  -24.672065  20.739794  122.934443
0.464904  0.000000  0.000000  0.000000  -41.750903  24.271176  20.000000  41.591273  12.394117  11.320954  -4.502580  16.917988  -24.672065  20.739794  122.934443
0.465138  0.000000  0.000000  0.000000  -41.750903  24.271176  22.500000  41.972688  10.728217  9.418196  -4.502580  16.917988  -24.672065  20.739794  122.934443
0.465372  0.000000  0.000000  0.000000  -41.750903  24.271176  25.000000  42.295957  9.050888  7.536360  -4.502580  16.917988  -24.672065  20.739794  122.934443
0.465606  0.000000  0.000000  0.000000  -41.750903  24.271176  27.500000  42.562151  7.364044  5.672050  -4.502580  16.917988  -24.672065  20.739794  122.934443
0.465840  0.000000  0.000000  0.000000  -41.750903  24.271176  30.000000  42.772173  5.669549  3.821904  -4.502580  16.917988  -24.672065  20.739794  122.934443
0.466074  0.000000  0.000000  0.000000  -41.750903  24.271176  32.500000  42.926731  3.969212  1.982605  -4.502580  16.917988  -24.672065  20.739794  122.934443
0.466308  0.000000  0.000000  0.000000  -41.750903  24.271176  35.000000  43.026351  2.264822  0.150885  -4.502580  16.917988  -24.672065  20.739794  122.934443
0.466542  0.000000  0.000000  0.000000  -41.750903  24.271176  37.500000  43.071373  0.558126  -1.676540  -4.502580  16.917988  -24.672065  20.739794  122.934443
0.466776  0.000000  0.000000  0.000000  -41.750903  24.271176  40.000000  43.061952  -1.149140  -3.502887  -4.502580  16.917988  -24.672065  20.739794  122.934443
0.467010  0.000000  0.000000  0.000000  -41.750903  24.271176  42.500000  42.998064  -2.855247  -5.331436  -4.502580  16.917988  -24.672065  20.739794  122.934443
0.467244  0.000000  0.000000  0.000000  -41.750903  24.271176  45.000000  42.879464  -4.558424  -7.165394  -4.502580  16.917988  -24.672065  20.739794  122.934443
0.467478  0.000000  0.000000  0.000000  -41.750903  24.271176  47.500000  42.705772  -6.256940  -9.008082  -4.502580  16.917988  -24.672065  20.739794  122.934443
0.467712  0.000000  0.000000  0.000000  -41.750903  24.271176  50.000000  42.476391  -7.948991  -10.862755  -4.502580  16.917988  -24.672065  20.739794  122.934443
0.467946  0.000000  0.000000  0.000000  -37.380082  25.303006  -10.000000  31.189011  31.735355  45.080715  -8.058414  39.103474  -13.785384  24.069514  119.062362
0.468180  0.000000  0.000000  0.000000  -37.380082  25.303006  -7.500000  32.469341  30.416652  42.600740  -8.058414  39.103474  -13.785384  24.069514  119.062362
0.468414  0.000000  0.000000  0.000000  -37.380082  25.303006  -5.000000  33.666228  29.052349  40.188011  -8.058414  39.103474  -13.785384  24.069514  119.062362
0.468648  0.000000  0.000000  0.000000  -37.380082  25.303006  -2.500000  34.781738  27.646056  37.839228  -8.058414  39.103474  -13.785384  24.069514  119.062362
0.468882  0.000000  0.000000  0.000000  -37.380082  25.303006  0.000000  35.818102  26.201203  35.550876  -8.058414  39.103474  -13.785384  24.069514  119.062362
0.469116  0.000000  0.000000  0.000000  -37.380082  25.303006  2.500000  36.777638  24.721040  33.319298  -8.058414  39.103474  -13.785384  24.069514  119.062362
0.469350  0.000000  0.000000  0.000000  -37.380082  25.303006  5.000000  37.662682  23.208645  31.140740  -8.058414  39.103474  -13.785384  24.069514  119.062362
0.469584  0.000000  0.000000  0.000000  -37.380082  25.303006  7.500000  38.475557  21.666925  29.011412  -8.058414  39.103474  -13.785384  24.069514  119.062362
0.469818  0.000000  0.000000  0.000000  -37.380082  25.303006  10.000000  39.218510  20.098630  26.927518  -8.058414  39.103474  -13.785384  24.069514  119.062362
0.470051  0.000000  0.000000  0.000000  -37.380082  25.303006  12.500000  39.893726  18.506371  24.885260  -8.058414  39.103474  -13.785384  24.069514  119.062362
0.470285  0.000000  0.000000  0.000000  -37.380082  25.303006  15.000000  40.503218  16.892606  22.880902  -8.058414  39.103474  -13.785384  24.069514  119.062362
0.470519  0.000000  0.000000  0.000000  -37.380082  25.303006  17.500000  41.048891  15.259681  20.910741  -8.058414  39.103474  -13.785384  24.069514  119.062362
0.470753  0.000000  0.000000  0.000000  -37.380082  25.303006  20.000000  41.532481  13.609819  18.971144  -8.058414  39.103474  -13.785384  24.069514  119.062362
0.470987  0.000000  0.000000  0.000000  -37.380082  25.303006  22.500000  41.955566  11.945149  17.058527  -8.058414  39.103474  -13.785384  24.069514  119.062362
0.471221  0.000000  0.000000  0.000000  -37.380082  25.303006  25.000000  42.319552  10.267713  15.169366  -8.058414  39.103474  -13.785384  24.069514  119.062362
0.471455  0.000000  0.000000  0.000000  -37.380082  25.303006  27.500000  42.625652  8.579468  13.300206  -8.058414  39.103474  -13.785384  24.069514  119.062362
0.471689  0.000000  0.000000  0.000000  -37.380082  25.303006  30.000000  42.874908  6.882306  11.447637  -8.058414  39.103474  -13.785384  24.069514  119.062362
0.471923  0.000000  0.000000  0.000000  -37.380082  25.303006  32.500000  43.068173  5.178071  9.608295  -8.058414  39.103474  -13.785384  24.069514  119.062362
0.472157  0.000000  0.000000  0.000000  -37.380082  25.303006  35.000000  43.206111  3.468557  7.778857  -8.058414  39.103474  -13.785384  24.069514  119.062362
0.472391  0.000000  0.000000  0.000000  -37.380082  25.303006  37.500000  43.289198  1.755530  5.956034  -8.058414  39.103474  -13.785384  24.069514  119.062362
0.472625  0.000000  0.000000  0.000000  -37.380082  25.303006  40.000000  43.317724  0.040731  4.136550  -8.058414  39.103474  -13.785384  24.069514  119.062362
0.472859  0.000000  0.000000  0.000000  -37.380082  25.303006  42.500000  43.291789  -1.674113  2.317140  -8.058414  39.103474  -13.785384  24.069514  119.062362
0.473093  0.000000  0.000000  0.000000  -37.380082  25.303006  45.000000  43.211300  -3.387263  0.494550  -8.058414  39.103474  -13.785384  24.069514  119.062362
0.473327  0.000000  0.000000  0.000000  -37.380082  25.303006  47.500000  43.075972  -5.096980  -1.334496  -8.058414  39.103474  -13.785384  24.069514  119.062362
0.473561  0.000000  0.000000  0.000000  -37.380082  25.303006  50.000000  42.885349  -6.801506  -3.173292  -8.058414  39.103474  -13.785384  24.069514  119.062362
0.473795  0.000000  0.000000  0.000000  -46.845727  18.307705  -10.000000  35.317609  32.394192  35.300630  -2.490850  26.203405  -7.899220  14.160037  114.153975
0.474029  0.000000  0.000000  0.000000  -46.845727  18.307705  -7.500000  36.565968  30.926544  32.922716  -2.490850  26.203405  -7.899220  14.160037  114.153975
0.474263  0.000000  0.000000  0.000000  -46.845727  18.307705  -5.000000  37.724669  29.416717  30.617698  -2.490850  26.203405  -7.899220  14.160037  114.153975
0.474497  0.000000  0.000000  0.000000  -46.845727  18.307705  -2.500000  38.797010  27.868390  28.381020  -2.490850  26.203405  -7.899220  14.160037  114.153975
0.474731  0.000000  0.000000  0.000000  -46.845727  18.307705  0.000000  39.786291  26.285009  26.208066  -2.490850  26.203405  -7.899220  14.160037  114.153975
0.474965  0.000000  0.000000  0.000000  -46.845727  18.307705  2.500000  40.695754  24.669796  24.094213  -2.490850  26.203405  -7.899220  14.160037  114.153975
0.475199  0.000000  0.000000  0.000000  -46.845727  18.307705  5.000000  41.528520  23.025768  22.034881  -2.490850  26.203405  -7.899220  14.160037  114.153975
0.475433  0.000000  0.000000  0.000000  -46.845727  18.307705  7.500000  42.287570  21.355742  20.025562  -2.490850  26.203405  -7.899220  14.160037  114.153975
0.475667  0.000000  0.000000  0.000000  -46.845727  18.307705  10.000000  42.975696  19.662358  18.061847  -2.490850  26.203405  -7.899220  14.160037  114.153975
0.475901  0.000000  0.000000  0.000000  -46.845727  18.307705  12.500000  43.595521  17.948102  16.139421  -2.490850  26.203405  -7.899220  14.160037  114.153975
0.476135  0.000000  0.000000  0.000000  -46.845727  18.307705  15.000000  44.149415  16.215301  14.254103  -2.490850  26.203405  -7.899220  14.160037  114.153975
0.476369  0.000000  0.000000  0.000000  -46.845727  18.307705  17.500000  44.639552  14.466159  12.401816  -2.490850  26.203405  -7.899220  14.160037  114.153975
0.476603  0.000000  0.000000  0.000000  -46.845727  18.307705  20.000000  45.067869  12.702758  10.578604  -2.490850  26.203405  -7.899220  14.160037  114.153975
0.476837  0.000000  0.000000  0.000000  -46.845727  18.307705  22.500000  45.436082  10.927083  8.780606  -2.490850  26.203405  -7.899220  14.160037  114.153975
0.477071  0.000000  0.000000  0.000000  -46.845727  18.307705  25.000000  45.745679  9.141035  7.004057  -2.490850  26.203405  -7.899220  14.160037  114.153975
0.477305  0.000000  0.000000  0.000000  -46.845727  18.307705  27.500000  45.997909  7.346433  5.245289  -2.490850  26.203405  -7.899220  14.160037  114.153975
0.477539  0.000000  0.000000  0.000000  -46.845727  18.307705  30.000000  46.193799  5.545040  3.500697  -2.490850  26.203405  -7.899220  14.160037  114.153975
0.477773  0.000000  0.000000  0.000000  -46.845727  18.307705  32.500000  46.334151  3.738569  1.766738  -2.490850  26.203405  -7.899220  14.160037  114.153975
0.478007  0.000000  0.000000  0.000000  -46.845727  18.307705  35.000000  46.419534  1.928703  0.039919  -2.490850  26.203405  -7.899220  14.160037  114.153975
0.478241  0.000000  0.000000  0.000000  -46.845727  18.307705  37.500000  46.450302  0.117094  -1.683219  -2.490850  26.203405  -7.899220  14.160037  114.153975
0.478474  0.000000  0.000000  0.000000  -46.845727  18.307705  40.000000  46.426580  -1.694639  -3.406155  -2.490850  26.203405  -7.899220  14.160037  114.153975
0.478708  0.000000  0.000000  0.000000  -46.845727  18.307705  42.500000  46.348264  -3.504822  -5.132300  -2.490850  26.203405  -7.899220  14.160037  114.153975
0.478942  0.000000  0.000000  0.000000  -46.845727  18.307705  45.000000  46.215049  -5.311829  -6.865146  -2.490850  26.203405  -7.899220  14.160037  114.153975
0.479176  0.000000  0.000000  0.000000  -46.845727  18.307705  47.500000  46.026377  -7.113974  -8.608168  -2.490850  26.203405  -7.899220  14.160037  114.153975
0.479410  0.000000  0.000000  0.000000  -46.845727  18.307705  50.000000  45.781480  -8.909550  -10.364901  -2.490850  26.203405  -7.899220  14.160037  114.153975
0.479644  0.000000  0.000000  0.000000  -23.949365  19.146694  -10.000000  34.801484  24.993347  31.338432  -12.989639  22.524002  11.528594  29.558085  116.339367
0.479878  0.000000  0.000000  0.000000  -23.949365  19.146694  -7.500000  35.722109  23.549864  29.099228  -12.989639  22.524002  11.528594  29.558085  116.339367
0.480112  0.000000  0.000000  0.000000  -23.949365  19.146694  -5.000000  36.571384  22.075031  26.909185  -12.989639  22.524002  11.528594  29.558085  116.339367
0.480346  0.000000  0.000000  0.000000  -23.949365  19.146694  -2.500000  37.351287  20.571650  24.764829  -12.989639  22.524002  11.528594  29.558085  116.339367
0.480580  0.000000  0.000000  0.000000  -23.949365  19.146694  0.000000  38.063750  19.042393  22.662650  -12.989639  22.524002  11.528594  29.558085  116.339367
0.480814  0.000000  0.000000  0.000000  -23.949365  19.146694  2.500000  38.710636  17.489782  20.599141  -12.989639  22.524002  11.528594  29.558085  116.339367
0.481048  0.000000  0.000000  0.000000  -23.949365  19.146694  5.000000  39.293715  15.916245  18.570808  -12.989639  22.524002  11.528594  29.558085  116.339367
0.481282  0.000000  0.000000  0.000000  -23.949365  19.146694  7.500000  39.814622  14.324057  16.574184  -12.989639  22.524002  11.528594  29.558085  116.339367
0.481516  0.000000  0.000000  0.000000  -23.949365  19.146694  10.000000  40.274886  12.715428  14.605826  -12.989639  22.524002  11.528594  29.558085  116.339367
0.481750  0.000000  0.000000  0.000000  -23.949365  19.146694  12.500000  40.675826  11.092469  12.662393  -12.989639  22.524002  11.528594  29.558085  116.339367
0.481984  0.000000  0.000000  0.000000  -23.949365  19.146694  15.000000  41.018700  9.457200  10.740495  -12.989639  22.524002  11.528594  29.558085  116.339367
0.482218  0.000000  0.000000  0.000000  -23.949365  19.146694  17.500000  41.304548  7.811583  8.836843  -12.989639  22.524002  11.528594  29.558085  116.339367
0.482452  0.000000  0.000000  0.000000  -23.949365  19.146694  20.000000  41.534261  6.157517  6.948174  -12.989639  22.524002  11.528594  29.558085  116.339367
0.482686  0.000000  0.000000  0.000000  -23.949365  19.146694  22.500000  41.708551  4.496855  5.071256  -12.989639  22.524002  11.528594  29.558085  116.339367
0.482920  0.000000  0.000000  0.000000  -23.949365  19.146694  25.000000  41.827975  2.831409  3.202890  -12.989639  22.524002  11.528594  29.558085  116.339367
0.483154  0.000000  0.000000  0.000000  -23.949365  19.146694  27.500000  41.892916  1.162965  1.339892  -12.989639  22.524002  11.528594  29.558085  116.339367
0.483388  0.000000  0.000000  0.000000  -23.949365  19.146694  30.000000  41.903574  -0.506705  -0.520901  -12.989639  22.524002  11.528594  29.558085  116.339367
0.483622  0.000000  0.000000  0.000000  -23.949365  19.146694  32.500000  41.859987  -2.175842  -2.382655  -12.989639  22.524002  11.528594  29.558085  116.339367
0.483856  0.000000  0.000000  0.000000  -23.949365  19.146694  35.000000  41.762012  -3.842678  -4.248531  -12.989639  22.524002  11.528594  29.558085  116.339367
0.484090  0.000000  0.000000  0.000000  -23.949365  19.146694  37.500000  41.609345  -5.505436  -6.121709  -12.989639  22.524002  11.528594  29.558085  116.339367
0.484324  0.000000  0.000000  0.000000  -23.949365  19.146694  40.000000  41.401495  -7.162314  -8.005376  -12.989639  22.524002  11.528594  29.558085  116.339367
0.484558  0.000000  0.000000  0.000000  -23.949365  19.146694  42.500000  41.137802  -8.811467  -9.902754  -12.989639  22.524002  11.528594  29.558085  116.339367
0.484792  0.000000  0.000000  0.000000  -23.949365  19.146694  45.000000  40.817468  -10.451040  -11.817085  -12.989639  22.524002  11.528594  29.558085  116.339367
0.485026  0.000000  0.000000  0.000000  -23.949365  19.146694  47.500000  40.439471  -12.079075  -13.751672  -12.989639  22.524002  11.528594  29.558085  116.339367
0.485260  0.000000  0.000000  0.000000  -23.949365  19.146694  50.000000  40.002691  -13.693586  -15.709822  -12.989639  22.524002  11.528594  29.558085  116.339367
0.485494  0.000000  0.000000  0.000000  -45.171237  8.256897  -10.000000  42.086067  38.106276  30.107441  -20.957131  25.752489  4.754324  14.080560  113.089543
0.485728  0.000000  0.000000  0.000000  -45.171237  8.256897  -7.500000  43.481901  36.407901  27.802241  -20.957131  25.752489  4.754324  14.080560  113.089543
0.485962  0.000000  0.000000  0.000000  -45.171237  8.256897  -5.000000  44.763985  34.667148  25.596873  -20.957131  25.752489  4.754324  14.080560  113.089543
0.486196  0.000000  0.000000  0.000000  -45.171237  8.256897  -2.500000  45.939331  32.888332  23.483252  -20.957131  25.752489  4.754324  14.080560  113.089543
0.486430  0.000000  0.000000  0.000000  -45.171237  8.256897  0.000000  47.014557  31.075372  21.453613  -20.957131  25.752489  4.754324  14.080560  113.089543
0.486664  0.000000  0.000000  0.000000  -45.171237  8.256897  2.500000  47.995805  29.231825  19.500575  -20.957131  25.752489  4.754324  14.080560  113.089543
0.486898  0.000000  0.000000  0.000000  -45.171237  8.256897  5.000000  48.888795  27.360918  17.617141  -20.957131  25.752489  4.754324  14.080560  113.089543
0.487131  0.000000  0.000000  0.000000  -45.171237  8.256897  7.500000  49.698764  25.465584  15.796713  -20.957131  25.752489  4.754324  14.080560  113.089543
0.487365  0.000000  0.000000  0.000000  -45.171237  8.256897  10.000000  50.430476  23.548497  14.033084  -20.957131  25.752489  4.754324  14.080560  113.089543
0.487599  0.000000  0.000000  0.000000  -45.171237  8.256897  12.500000  51.088222  21.612099  12.320422  -20.957131  25.752489  4.754324  14.080560  113.089543
0.487833  0.000000  0.000000  0.000000  -45.171237  8.256897  15.000000  51.675910  19.658641  10.653212  -20.957131  25.752489  4.754324  14.080560  113.089543
0.488067  0.000000  0.000000  0.000000  -45.171237  8.256897  17.500000  52.196947  17.690185  9.026290  -20.957131  25.752489  4.754324  14.080560  113.089543
0.488301  0.000000  0.000000  0.000000  -45.171237  8.256897  20.000000  52.654370  15.708646  7.434763  -20.957131  25.752489  4.754324  14.080560  113.089543
0.488535  0.000000  0.000000  0.000000  -45.171237  8.256897  22.500000  53.050833  13.715808  5.873994  -20.957131  25.752489  4.754324  14.080560  113.089543
0.488769  0.000000  0.000000  0.000000  -45.171237  8.256897  25.000000  53.388621  11.713341  4.339573  -20.957131  25.752489  4.754324  14.080560  113.089543
0.489003  0.000000  0.000000  0.000000  -45.171237  8.256897  27.500000  53.669674  9.702825  2.827276  -20.957131  25.752489  4.754324  14.080560  113.089543
0.489237  0.000000  0.000000  0.000000  -45.171237  8.256897  30.000000  53.895589  7.685755  1.333058  -20.957131  25.752489  4.754324  14.080560  113.089543
0.489471  0.000000  0.000000  0.000000  -45.171237  8.256897  32.500000  54.067655  5.663571  -0.147008  -20.957131  25.752489  4.754324  14.080560  113.089543
0.489705  0.000000  0.000000  0.000000  -45.171237  8.256897  35.000000  54.186846  3.637657  -1.616739  -20.957131  25.752489  4.754324  14.080560  113.089543
0.489939  0.000000  0.000000  0.000000  -45.171237  8.256897  37.500000  54.253831  1.609369  -3.079870  -20.957131  25.752489  4.754324  14.080560  113.089543
0.490173  0.000000  0.000000  0.000000  -45.171237  8.256897  40.000000  54.268991  -0.419968  -4.540093  -20.957131  25.752489  4.754324  14.080560  113.089543
0.490407  0.000000  0.000000  0.000000  -45.171237  8.256897  42.500000  54.232409  -2.449029  -6.001073  -20.957131  25.752489  4.754324  14.080560  113.089543
0.490641  0.000000  0.000000  0.000000  -45.171237  8.256897  45.000000  54.143879  -4.476497  -7.466487  -20.957131  25.752489  4.754324  14.080560  113.089543
0.490875  0.000000  0.000000  0.000000  -45.171237  8.256897  47.500000  54.002904  -6.501033  -8.940040  -20.957131  25.752489  4.754324  14.080560  113.089543
0.491109  0.000000  0.000000  0.000000  -45.171237  8.256897  50.000000  53.808685  -8.521267  -10.425501  -20.957131  25.752489  4.754324  14.080560  113.089543
0.491343  0.000000  0.000000  0.000000  -41.857865  -1.677582  -10.000000  48.553723  53.987544  33.913363  1.921915  15.007939  -0.687995  25.392313  110.376537
0.491577  0.000000  0.000000  0.000000  -41.857865  -1.677582  -7.500000  50.705819  52.082394  31.220436  1.921915  15.007939  -0.687995  25.392313  110.376537
0.491811  0.000000  0.000000  0.000000  -41.857865  -1.677582  -5.000000  52.627984  50.120952  28.751129  1.921915  15.007939  -0.687995  25.392313  110.376537
0.492045  0.000000  0.000000  0.000000  -41.857865  -1.677582  -2.500000  54.346521  48.111299  26.478522  1.921915  15.007939  -0.687995  25.392313  110.376537
0.492279  0.000000  0.000000  0.000000  -41.857865  -1.677582  0.000000  55.884696  46.060243  24.378706  1.921915  15.007939  -0.687995  25.392313  110.376537
0.492513  0.000000  0.000000  0.000000  -41.857865  -1.677582  2.500000  57.262916  43.973501  22.430601  1.921915  15.007939  -0.687995  25.392313  110.376537
0.492747  0.000000  0.000000  0.000000  -41.857865  -1.677582  5.000000  58.498944  41.855917  20.615730  1.921915  15.007939  -0.687995  25.392313  110.376537
0.492981  0.000000  0.000000  0.000000  -41.857865  -1.677582  7.500000  59.608195  39.711605  18.917936  1.921915  15.007939  -0.687995  25.392313  110.376537
0.493215  0.000000  0.000000  0.000000  -41.857865  -1.677582  10.000000  60.604016  37.544066  17.323080  1.921915  15.007939  -0.687995  25.392313  110.376537
0.493449  0.000000  0.000000  0.000000  -41.857865  -1.677582  12.500000  61.497950  35.356291  15.818784  1.921915  15.007939  -0.687995  25.392313  110.376537
0.493683  0.000000  0.000000  0.000000  -41.857865  -1.677582  15.000000  62.299971  33.150875  14.394182  1.921915  15.007939  -0.687995  25.392313  110.376537
0.493917  0.000000  0.000000  0.000000  -41.857865  -1.677582  17.500000  63.018691  30.930022  13.039731  1.921915  15.007939  -0.687995  25.392313  110.376537
0.494151  0.000000  0.000000  0.000000  -41.857865  -1.677582  20.000000  63.661550  28.695696  11.746974  1.921915  15.007939  -0.687995  25.392313  110.376537
0.494385  0.000000  0.000000  0.000000  -41.857865  -1.677582  22.500000  64.234975  26.449604  10.508413  1.921915  15.007939  -0.687995  25.392313  110.376537
0.494619  0.000000  0.000000  0.000000  -41.857865  -1.677582  25.000000  64.744500  24.193245  9.317362  1.921915  15.007939  -0.687995  25.392313  110.376537
0.494853  0.000000  0.000000  0.000000  -41.857865  -1.677582  27.500000  65.194892  21.927953  8.167814  1.921915  15.007939  -0.687995  25.392313  110.376537
0.495087  0.000000  0.000000  0.000000  -41.857865  -1.677582  30.000000  65.590200  19.654923  7.054387  1.921915  15.007939  -0.687995  25.392313  110.376537
0.495321  0.000000  0.000000  0.000000  -41.857865  -1.677582  32.500000  65.933957  17.375230  5.972119  1.921915  15.007939  -0.687995  25.392313  110.376537
0.495555  0.000000  0.000000  0.000000  -41.857865  -1.677582  35.000000  66.229104  15.089855  4.916513  1.921915  15.007939  -0.687995  25.392313  110.376537
0.495788  0.000000  0.000000  0.000000  -41.857865  -1.677582  37.500000  66.478125  12.799694  3.883403  1.921915  15.007939  -0.687995  25.392313  110.376537
0.496022  0.000000  0.000000  0.000000  -41.857865  -1.677582  40.000000  66.683083  10.505584  2.868902  1.921915  15.007939  -0.687995  25.392313  110.376537
0.496256  0.000000  0.000000  0.000000  -41.857865  -1.677582  42.500000  66.845624  8.208303  1.869387  1.921915  15.007939  -0.687995  25.392313  110.376537
0.496490  0.000000  0.000000  0.000000  -41.857865  -1.677582  45.000000  66.967054  5.908580  0.881386  1.921915  15.007939  -0.687995  25.392313  110.376537
0.496724  0.000000  0.000000  0.000000  -41.857865  -1.677582  47.500000  67.048344  3.607128  -0.098443  1.921915  15.007939  -0.687995  25.392313  110.376537
0.496958  0.000000  0.000000  0.000000  -41.857865  -1.677582  50.000000  67.090125  1.304633  -1.073319  1.921915  15.007939  -0.687995  25.392313  110.376537
0.497192  0.000000  0.000000  0.000000  -26.518849  4.058251  -10.000000  42.654775  45.334062  28.431439  1.607991  29.952625  4.390600  18.913284  120.817695
0.497426  0.000000  0.000000  0.000000  -26.518849  4.058251  -7.500000  44.434178  43.611417  25.891999  1.607991  29.952625  4.390600  18.913284  120.817695
0.497660  0.000000  0.000000  0.000000  -26.518849  4.058251  -5.000000  46.060029  41.835724  23.496085  1.607991  29.952625  4.390600  18.913284  120.817695
0.497894  0.000000  0.000000  0.000000  -26.518849  4.058251  -2.500000  47.543961  40.012945  21.231225  1.607991  29.952625  4.390600  18.913284  120.817695
0.498128  0.000000  0.000000  0.000000  -26.518849  4.058251  0.000000  48.896923  38.148409  19.085509  1.607991  29.952625  4.390600  18.913284  120.817695
0.498362  0.000000  0.000000  0.000000  -26.518849  4.058251  2.500000  50.129107  36.246775  17.047800  1.607991  29.952625  4.390600  18.913284  120.817695
0.498596  0.000000  0.000000  0.000000  -26.518849  4.058251  5.000000  51.249849  34.312256  15.107740  1.607991  29.952625  4.390600  18.913284  120.817695
0.498830  0.000000  0.000000  0.000000  -26.518849  4.058251  7.500000  52.267663  32.348538  13.255741  1.607991  29.952625  4.390600  18.913284  120.817695
0.499064  0.000000  0.000000  0.000000  -26.518849  4.058251  10.000000  53.190268  30.358907  11.482959  1.607991  29.952625  4.390600  18.913284  120.817695
0.499298  0.000000  0.000000  0.000000  -26.518849  4.058251  12.500000  54.024578  28.346314  9.781274  1.607991  29.952625  4.390600  18.913284  120.817695
0.499532  0.000000  0.000000  0.000000  -26.518849  4.058251  15.000000  54.776789  26.313391  8.143215  1.607991  29.952625  4.390600  18.913284  120.817695
0.499766  0.000000  0.000000  0.000000  -26.518849  4.058251  17.500000  55.452417  24.262504  6.561909  1.607991  29.952625  4.390600  18.913284  120.817695
0.500000  0.000000  0.000000  0.000000  -26.518849  4.058251  20.000000  56.056346  22.195790  5.031021  1.607991  29.952625  4.390600  18.913284  120.817695
0.500234  0.000000  0.000000  0.000000  -26.518849  4.058251  22.500000  56.592879  20.115185  3.544701  1.607991  29.952625  4.390600  18.913284  120.817695
0.500468  0.000000  0.000000  0.000000  -26.518849  4.058251  25.000000  57.065795  18.022456  2.097507  1.607991  29.952625  4.390600  18.913284  120.817695
0.500702  0.000000  0.000000  0.000000  -26.518849  4.058251  27.500000  57.478328  15.919228  0.684436  1.607991  29.952625  4.390600  18.913284  120.817695
0.500936  0.000000  0.000000  0.000000  -26.518849  4.058251  30.000000  57.833349  13.806998  -0.699296  1.607991  29.952625  4.390600  18.913284  120.817695
0.501170  0.000000  0.000000  0.000000  -26.518849  4.058251  32.500000  58.133239  11.687164  -2.058132  1.607991  29.952625  4.390600  18.913284  120.817695
0.501404  0.000000  0.000000  0.000000  -26.518849  4.058251  35.000000  58.380006  9.561035  -3.396292  1.607991  29.952625  4.390600  18.913284  120.817695
0.501638  0.000000  0.000000  0.000000  -26.518849  4.058251  37.500000  58.575267  7.429847  -4.717788  1.607991  29.952625  4.390600  18.913284  120.817695
0.501872  0.000000  0.000000  0.000000  -26.518849  4.058251  40.000000  58.720325  5.294789  -6.026517  1.607991  29.952625  4.390600  18.913284  120.817695
0.502106  0.000000  0.000000  0.000000  -26.518849  4.058251  42.500000  58.816120  3.157004  -7.326229  1.607991  29.952625  4.390600  18.913284  120.817695
0.502340  0.000000  0.000000  0.000000  -26.518849  4.058251  45.000000  58.863272  1.017601  -8.620599  1.607991  29.952625  4.390600  18.913284  120.817695
0.502574  0.000000  0.000000  0.000000  -26.518849  4.058251  47.500000  58.862094  -1.122310  -9.913250  1.607991  29.952625  4.390600  18.913284  120.817695
0.502808  0.000000  0.000000  0.000000  -26.518849  4.058251  50.000000  58.812567  -3.261655  -11.207797  1.607991  29.952625  4.390600  18.913284  120.817695
0.503042  0.000000  0.000000  0.000000  -31.811284  8.508851  -10.000000  40.140043  43.594126  40.203216  -21.632780  40.311837  -16.065686  12.460625  127.442077
0.503276  0.000000  0.000000  0.000000  -31.811284  8.508851  -7.500000  41.885610  41.953218  37.633315  -21.632780  40.311837  -16.065686  12.460625  127.442077
0.503510  0.000000  0.000000  0.000000  -31.811284  8.508851  -5.000000  43.489323  40.257899  35.194493  -21.632780  40.311837  -16.065686  12.460625  127.442077
0.503744  0.000000  0.000000  0.000000  -31.811284  8.508851  -2.500000  44.960425  38.513934  32.876571  -21.632780  40.311837  -16.065686  12.460625  127.442077
0.503978  0.000000  0.000000  0.000000  -31.811284  8.508851  0.000000  46.307864  36.726448  30.669630  -21.632780  40.311837  -16.065686  12.460625  127.442077
0.504212  0.000000  0.000000  0.000000  -31.811284  8.508851  2.500000  47.540113  34.900087  28.564166  -21.632780  40.311837  -16.065686  12.460625  127.442077
0.504445  0.000000  0.000000  0.000000  -31.811284  8.508851  5.000000  48.665107  33.039009  26.551167  -21.632780  40.311837  -16.065686  12.460625  127.442077
0.504679  0.000000  0.000000  0.000000  -31.811284  8.508851  7.500000  49.690189  31.146954  24.622152  -21.632780  40.311837  -16.065686  12.460625  127.442077
0.504913  0.000000  0.000000  0.000000  -31.811284  8.508851  10.000000  50.622098  29.227281  22.769182  -21.632780  40.311837  -16.065686  12.460625  127.442077
0.505147  0.000000  0.000000  0.000000  -31.811284  8.508851  12.500000  51.466990  27.283019  20.984842  -21.632780  40.311837  -16.065686  12.460625  127.442077
0.505381  0.000000  0.000000  0.000000  -31.811284  8.508851  15.000000  52.230382  25.316901  19.262243  -21.632780  40.311837  -16.065686  12.460625  127.442077
0.505615  0.000000  0.000000  0.000000  -31.811284  8.508851  17.500000  52.917277  23.331407  17.594958  -21.632780  40.311837  -16.065686  12.460625  127.442077
0.505849  0.000000  0.000000  0.000000  -31.811284  8.508851  20.000000  53.532126  21.328788  15.977006  -21.632780  40.311837  -16.065686  12.460625  127.442077
0.506083  0.000000  0.000000  0.000000  -31.811284  8.508851  22.500000  54.078913  19.311112  14.402787  -21.632780  40.311837  -16.065686  12.460625  127.442077
0.506317  0.000000  0.000000  0.000000  -31.811284  8.508851  25.000000  54.561115  17.280271  12.867074  -21.632780  40.311837  -16.065686  12.460625  127.442077
0.506551  0.000000  0.000000  0.000000  -31.811284  8.508851  27.500000  54.981758  15.238002  11.364981  -21.632780  40.311837  -16.065686  12.460625  127.442077
0.506785  0.000000  0.000000  0.000000  -31.811284  8.508851  30.000000  55.343506  13.185944  9.891846  -21.632780  40.311837  -16.065686  12.460625  127.442077
0.507019  0.000000  0.000000  0.000000  -31.811284  8.508851  32.500000  55.648599  11.125615  8.443280  -21.632780  40.311837  -16.065686  12.460625  127.442077
0.507253  0.000000  0.000000  0.000000  -31.811284  8.508851  35.000000  55.898912  9.058450  7.015101  -21.632780  40.311837  -16.065686  12.460625  127.442077
0.507487  0.000000  0.000000  0.000000  -31.811284  8.508851  37.500000  56.095975  6.985810  5.603291  -21.632780  40.311837  -16.065686  12.460625  127.442077
0.507721  0.000000  0.000000  0.000000  -31.811284  8.508851  40.000000  56.240999  4.909010  4.203953  -21.632780  40.311837  -16.065686  12.460625  127.442077
0.507955  0.000000  0.000000  0.000000  -31.811284  8.508851  42.500000  56.334849  2.829326  2.813321  -21.632780  40.311837  -16.065686  12.460625  127.442077
0.508189  0.000000  0.000000  0.000000  -31.811284  8.508851  45.000000  56.378117  0.747959  1.427647  -21.632780  40.311837  -16.065686  12.460625  127.442077
0.508423  0.000000  0.000000  0.000000  -31.811284  8.508851  47.500000  56.371041  -1.333841  0.043301  -21.632780  40.311837  -16.065686  12.460625  127.442077
0.508657  0.000000  0.000000  0.000000  -31.811284  8.508851  50.000000  56.313580  -3.414847  -1.343385  -21.632780  40.311837  -16.065686  12.460625  127.442077
0.508891  0.000000  0.000000  0.000000  -30.147983  -1.616463  -10.000000  50.976475  46.240142  26.287164  -19.141778  34.773097  -2.616561  29.389955  120.913867
0.509125  0.000000  0.000000  0.000000  -30.147983  -1.616463  -7.500000  52.538255  44.276336  24.088818  -19.141778  34.773097  -2.616561  29.389955  120.913867
0.509359  0.000000  0.000000  0.000000  -30.147983  -1.616463  -5.000000  53.947095  42.273126  22.034043  -19.141778  34.773097  -2.616561  29.389955  120.913867
0.509593  0.000000  0.000000  0.000000  -30.147983  -1.616463  -2.500000  55.218102  40.235511  20.106938  -19.141778  34.773097  -2.616561  29.389955  120.913867
0.509827  0.000000  0.000000  0.000000  -30.147983  -1.616463  0.000000  56.364686  38.167811  18.293258  -19.141778  34.773097  -2.616561  29.389955  120.913867
0.510061  0.000000  0.000000  0.000000  -30.147983  -1.616463  2.500000  57.398683  36.073767  16.580283  -19.141778  34.773097  -2.616561  29.389955  120.913867
0.510295  0.000000  0.000000  0.000000  -30.147983  -1.616463  5.000000  58.330501  33.956624  14.956671  -19.141778  34.773097  -2.616561  29.389955  120.913867
0.510529  0.000000  0.000000  0.000000  -30.147983  -1.616463  7.500000  59.169279  31.819199  13.412286  -19.141778  34.773097  -2.616561  29.389955  120.913867
0.510763  0.000000  0.000000  0.000000  -30.147983  -1.616463  10.000000  59.923003  29.663971  11.938088  -19.141778  34.773097  -2.616561  29.389955  120.913867
0.510997  0.000000  0.000000  0.000000  -30.147983  -1.616463  12.500000  60.598661  27.493121  10.525963  -19.141778  34.773097  -2.616561  29.389955  120.913867
0.511231  0.000000  0.000000  0.000000  -30.147983  -1.616463  15.000000  61.202315  25.308566  9.168659  -19.141778  34.773097  -2.616561  29.389955  120.913867
0.511465  0.000000  0.000000  0.000000  -30.147983  -1.616463  17.500000  61.739271  23.112027  7.859575  -19.141778  34.773097  -2.616561  29.389955  120.913867
0.511699  0.000000  0.000000  0.000000  -30.147983  -1.616463  20.000000  62.214103  20.905038  6.592756  -19.141778  34.773097  -2.616561  29.389955  120.913867
0.511933  0.000000  0.000000  0.000000  -30.147983  -1.616463  22.500000  62.630786  18.688986  5.362757  -19.141778  34.773097  -2.616561  29.389955  120.913867
0.512167  0.000000  0.000000  0.000000  -30.147983  -1.616463  25.000000  62.992704  16.465129  4.164589  -19.141778  34.773097  -2.616561  29.389955  120.913867
0.512401  0.000000  0.000000  0.000000  -30.147983  -1.616463  27.500000  63.302727  14.234611  2.993666  -19.141778  34.773097  -2.616561  29.389955  120.913867
0.512635  0.000000  0.000000  0.000000  -30.147983  -1.616463  30.000000  63.563304  11.998504  1.845673  -19.141778  34.773097  -2.616561  29.389955  120.913867
0.512869  0.000000  0.000000  0.000000  -30.147983  -1.616463  32.500000  63.776432  9.757798  0.716597  -19.141778  34.773097  -2.616561  29.389955  120.913867
0.513102  0.000000  0.000000  0.000000  -30.147983  -1.616463  35.000000  63.943729  7.513423  -0.397370  -19.141778  34.773097  -2.616561  29.389955  120.913867
0.513336  0.000000  0.000000  0.000000  -30.147983  -1.616463  37.500000  64.066457  5.266271  -1.499876  -19.141778  34.773097  -2.616561  29.389955  120.913867
0.513570  0.000000  0.000000  0.000000  -30.147983  -1.616463  40.000000  64.145523  3.017194  -2.594431  -19.141778  34.773097  -2.616561  29.389955  120.913867
0.513804  0.000000  0.000000  0.000000  -30.147983  -1.616463  42.500000  64.181526  0.767022  -3.684469  -19.141778  34.773097  -2.616561  29.389955  120.913867
0.514038  0.000000  0.000000  0.000000  -30.147983  -1.616463  45.000000  64.174719  -1.483427  -4.773357  -19.141778  34.773097  -2.616561  29.389955  120.913867
0.514272  0.000000  0.000000  0.000000  -30.147983  -1.616463  47.500000  64.125042  -3.733337  -5.864460  -19.141778  34.773097  -2.616561  29.389955  120.913867
0.514506  0.000000  0.000000  0.000000  -30.147983  -1.616463  50.000000  64.032161  -5.981895  -6.961178  -19.141778  34.773097  -2.616561  29.389955  120.913867
0.514740  0.000000  0.000000  0.000000  -45.654282  16.638936  -10.000000  38.167539  36.856567  42.099803  -9.062323  22.991838  15.635727  15.503044  127.145964
0.514974  0.000000  0.000000  0.000000  -45.654282  16.638936  -7.500000  39.585529  35.287199  39.691960  -9.062323  22.991838  15.635727  15.503044  127.145964
0.515208  0.000000  0.000000  0.000000  -45.654282  16.638936  -5.000000  40.896331  33.671932  37.376961  -9.062323  22.991838  15.635727  15.503044  127.145964
0.515442  0.000000  0.000000  0.000000  -45.654282  16.638936  -2.500000  42.105220  32.015114  35.148397  -9.062323  22.991838  15.635727  15.503044  127.145964
0.515676  0.000000  0.000000  0.000000  -45.654282  16.638936  0.000000  43.217403  30.320728  32.999872  -9.062323  22.991838  15.635727  15.503044  127.145964
0.515910  0.000000  0.000000  0.000000  -45.654282  16.638936  2.500000  44.237890  28.592437  30.925125  -9.062323  22.991838  15.635727  15.503044  127.145964
0.516144  0.000000  0.000000  0.000000  -45.654282  16.638936  5.000000  45.171438  26.833603  28.918085  -9.062323  22.991838  15.635727  15.503044  127.145964
0.516378  0.000000  0.000000  0.000000  -45.654282  16.638936  7.500000  46.022500  25.047326  26.972909  -9.062323  22.991838  15.635727  15.503044  127.145964
0.516612  0.000000  0.000000  0.000000  -45.654282  16.638936  10.000000  46.795220  23.236452  25.083984  -9.062323  22.991838  15.635727  15.503044  127.145964
0.516846  0.000000  0.000000  0.000000  -45.654282  16.638936  12.500000  47.493409  21.403610  23.245950  -9.062323  22.991838  15.635727  15.503044  127.145964
0.517080  0.000000  0.000000  0.000000  -45.654282  16.638936  15.000000  48.120531  19.551232  21.453689  -9.062323  22.991838  15.635727  15.503044  127.145964
0.517314  0.000000  0.000000  0.000000  -45.654282  16.638936  17.500000  48.679745  17.681581  19.702305  -9.062323  22.991838  15.635727  15.503044  127.145964
0.517548  0.000000  0.000000  0.000000  -45.654282  16.638936  20.000000  49.173841  15.796759  17.987137  -9.062323  22.991838  15.635727  15.503044  127.145964
0.517782  0.000000  0.000000  0.000000  -45.654282  16.638936  22.500000  49.605309  13.898737  16.303716  -9.062323  22.991838  15.635727  15.503044  127.145964
0.518016  0.000000  0.000000  0.000000  -45.654282  16.638936  25.000000  49.976318  11.989368  14.647760  -9.062323  22.991838  15.635727  15.503044  127.145964
0.518250  0.000000  0.000000  0.000000  -45.654282  16.638936  27.500000  50.288738  10.070414  13.015138  -9.062323  22.991838  15.635727  15.503044  127.145964
0.518484  0.000000  0.000000  0.000000  -45.654282  16.638936  30.000000  50.544135  8.143544  11.401870  -9.062323  22.991838  15.635727  15.503044  127.145964
0.518718  0.000000  0.000000  0.000000  -45.654282  16.638936  32.500000  50.743794  6.210366  9.804083  -9.062323  22.991838  15.635727  15.503044  127.145964
0.518952  0.000000  0.000000  0.000000  -45.654282  16.638936  35.000000  50.888718  4.272428  8.218001  -9.062323  22.991838  15.635727  15.503044  127.145964
0.519186  0.000000  0.000000  0.000000  -45.654282  16.638936  37.500000  50.979621  2.331259  6.639928  -9.062323  22.991838  15.635727  15.503044  127.145964
0.519420  0.000000  0.000000  0.000000  -45.654282  16.638936  40.000000  51.016979  0.388312  5.066194  -9.062323  22.991838  15.635727  15.503044  127.145964
0.519654  0.000000  0.000000  0.000000  -45.654282  16.638936  42.500000  51.000962  -1.554920  3.493195  -9.062323  22.991838  15.635727  15.503044  127.145964
0.519888  0.000000  0.000000  0.000000  -45.654282  16.638936  45.000000  50.931489  -3.496975  1.917300  -9.062323  22.991838  15.635727  15.503044  127.145964
0.520122  0.000000  0.000000  0.000000  -45.654282  16.638936  47.500000  50.808229  -5.436390  0.334852  -9.062323  22.991838  15.635727  15.503044  127.145964
0.520356  0.000000  0.000000  0.000000  -45.654282  16.638936  50.000000  50.630551  -7.371653  -1.257810  -9.062323  22.991838  15.635727  15.503044  127.145964
0.520590  0.000000  0.000000  0.000000  -49.993503  22.119370  -10.000000  36.617753  27.753479  36.574404  -26.550161  30.310481  -18.815106  13.980239  116.794131
0.520824  0.000000  0.000000  0.000000  -49.993503  22.119370  -7.500000  37.633511  26.244353  34.337345  -26.550161  30.310481  -18.815106  13.980239  116.794131
0.521058  0.000000  0.000000  0.000000  -49.993503  22.119370  -5.000000  38.570873  24.701486  32.158269  -26.550161  30.310481  -18.815106  13.980239  116.794131
0.521292  0.000000  0.000000  0.000000  -49.993503  22.119370  -2.500000  39.432553  23.127938  30.033037  -26.550161  30.310481  -18.815106  13.980239  116.794131
0.521526  0.000000  0.000000  0.000000  -49.993503  22.119370  0.000000  40.221185  21.526574  27.957523  -26.550161  30.310481  -18.815106  13.980239  116.794131
0.521759  0.000000  0.000000  0.000000  -49.993503  22.119370  2.500000  40.939281  19.900108  25.927629  -26.550161  30.310481  -18.815106  13.980239  116.794131
0.521993  0.000000  0.000000  0.000000  -49.993503  22.119370  5.000000  41.589218  18.251099  23.939313  -26.550161  30.310481  -18.815106  13.980239  116.794131
0.522227  0.000000  0.000000  0.000000  -49.993503  22.119370  7.500000  42.173209  16.581965  21.988614  -26.550161  30.310481  -18.815106  13.980239  116.794131
0.522461  0.000000  0.000000  0.000000  -49.993503  22.119370  10.000000  42.693281  14.894973  20.071646  -26.550161  30.310481  -18.815106  13.980239  116.794131
0.522695  0.000000  0.000000  0.000000  -49.993503  22.119370  12.500000  43.151280  13.192299  18.184612  -26.550161  30.310481  -18.815106  13.980239  116.794131
0.522929  0.000000  0.000000  0.000000  -49.993503  22.119370  15.000000  43.548855  11.476011  16.323790  -26.550161  30.310481  -18.815106  13.980239  116.794131
0.523163  0.000000  0.000000  0.000000  -49.993503  22.119370  17.500000  43.887447  9.748080  14.485547  -26.550161  30.310481  -18.815106  13.980239  116.794131
0.523397  0.000000  0.000000  0.000000  -49.993503  22.119370  20.000000  44.168306  8.010412  12.666308  -26.550161  30.310481  -18.815106  13.980239  116.794131
0.523631  0.000000  0.000000  0.000000  -49.993503  22.119370  22.500000  44.392474  6.264839  10.862570  -26.550161  30.310481  -18.815106  13.980239  116.794131
0.523865  0.000000  0.000000  0.000000  -49.993503  22.119370  25.000000  44.560775  4.513152  9.070878  -26.550161  30.310481  -18.815106  13.980239  116.794131
0.524099  0.000000  0.000000  0.000000  -49.993503  22.119370  27.500000  44.673844  2.757091  7.287825  -26.550161  30.310481  -18.815106  13.980239  116.794131
0.524333  0.000000  0.000000  0.000000  -49.993503  22.119370  30.000000  44.732110  0.998369  5.510033  -26.550161  30.310481  -18.815106  13.980239  116.794131
0.524567  0.000000  0.000000  0.000000  -49.993503  22.119370  32.500000  44.735785  -0.761310  3.734142  -26.550161  30.310481  -18.815106  13.980239  116.794131
0.524801  0.000000  0.000000  0.000000  -49.993503  22.119370  35.000000  44.684884  -2.520259  1.956802  -26.550161  30.310481  -18.815106  13.980239  116.794131
0.525035  0.000000  0.000000  0.000000  -49.993503  22.119370  37.500000  44.579211  -4.276779  0.174658  -26.550161  30.310481  -18.815106  13.980239  116.794131
0.525269  0.000000  0.000000  0.000000  -49.993503  22.119370  40.000000  44.418386  -6.029158  -1.615675  -26.550161  30.310481  -18.815106  13.980239  116.794131
0.525503  0.000000  0.000000  0.000000  -49.993503  22.119370  42.500000  44.201792  -7.775655  -3.417592  -26.550161  30.310481  -18.815106  13.980239  116.794131
0.525737  0.000000  0.000000  0.000000  -49.993503  22.119370  45.000000  43.928627  -9.514495  -5.234539  -26.550161  30.310481  -18.815106  13.980239  116.794131
0.525971  0.000000  0.000000  0.000000  -49.993503  22.119370  47.500000  43.597880  -11.243845  -7.070016  -26.550161  30.310481  -18.815106  13.980239  116.794131
0.526205  0.000000  0.000000  0.000000  -49.993503  22.119370  50.000000  43.208332  -12.961817  -8.927584  -26.550161  30.310481  -18.815106  13.980239  116.794131
0.526439  0.000000  0.000000  0.000000  -23.085844  21.315288  -10.000000  33.210701  28.603446  35.341786  -35.642297  38.570294  -17.552389  25.255592  115.062756
0.526673  0.000000  0.000000  0.000000  -23.085844  21.315288  -7.500000  34.311752  27.213897  32.989861  -35.642297  38.570294  -17.552389  25.255592  115.062756
0.526907  0.000000  0.000000  0.000000  -23.085844  21.315288  -5.000000  35.335159  25.786064  30.696663  -35.642297  38.570294  -17.552389  25.255592  115.062756
0.527141  0.000000  0.000000  0.000000  -23.085844  21.315288  -2.500000  36.283079  24.323144  28.458685  -35.642297  38.570294  -17.552389  25.255592  115.062756
0.527375  0.000000  0.000000  0.000000  -23.085844  21.315288  0.000000  37.157704  22.828157  26.272332  -35.642297  38.570294  -17.552389  25.255592  115.062756
0.527609  0.000000  0.000000  0.000000  -23.085844  21.315288  2.500000  37.961194  21.304021  24.133930  -35.642297  38.570294  -17.552389  25.255592  115.062756
0.527843  0.000000  0.000000  0.000000  -23.085844  21.315288  5.000000  38.695680  19.753412  22.039825  -35.642297  38.570294  -17.552389  25.255592  115.062756
0.528077  0.000000  0.000000  0.000000  -23.085844  21.315288  7.500000  39.363219  18.178939  19.986334  -35.642297  38.570294  -17.552389  25.255592  115.062756
0.528311  0.000000  0.000000  0.000000  -23.085844  21.315288  10.000000  39.965717  16.583043  17.969821  -35.642297  38.570294  -17.552389  25.255592  115.062756
0.528545  0.000000  0.000000  0.000000  -23.085844  21.315288  12.500000  40.504981  14.968060  15.986679  -35.642297  38.570294  -17.552389  25.255592  115.062756
0.528779  0.000000  0.000000  0.000000  -23.085844  21.315288  15.000000  40.982650  13.336200  14.033368  -35.642297  38.570294  -17.552389  25.255592  115.062756
0.529013  0.000000  0.000000  0.000000  -23.085844  21.315288  17.500000  41.400228  11.689594  12.106378  -35.642297  38.570294  -17.552389  25.255592  115.062756
0.529247  0.000000  0.000000  0.000000  -23.085844  21.315288  20.000000  41.759049  10.030286  10.202256  -35.642297  38.570294  -17.552389  25.255592  115.062756
0.529481  0.000000  0.000000  0.000000  -23.085844  21.315288  22.500000  42.060274  8.360238  8.317604  -35.642297  38.570294  -17.552389  25.255592  115.062756
0.529715  0.000000  0.000000  0.000000  -23.085844  21.315288  25.000000  42.304889  6.681349  6.449073  -35.642297  38.570294  -17.552389  25.255592  115.062756
0.529949  0.000000  0.000000  0.000000  -23.085844  21.315288  27.500000  42.493694  4.995468  4.593353  -35.642297  38.570294  -17.552389  25.255592  115.062756
0.530182  0.000000  0.000000  0.000000  -23.085844  21.315288  30.000000  42.627321  3.304401  2.747170  -35.642297  38.570294  -17.552389  25.255592  115.062756
0.530416  0.000000  0.000000  0.000000  -23.085844  21.315288  32.500000  42.706217  1.609922  0.907276  -35.642297  38.570294  -17.552389  25.255592  115.062756
0.530650  0.000000  0.000000  0.000000  -23.085844  21.315288  35.000000  42.730646  -0.086212  -0.929559  -35.642297  38.570294  -17.552389  25.255592  115.062756
0.530884  0.000000  0.000000  0.000000  -23.085844  21.315288  37.500000  42.700688  -1.782259  -2.766560  -35.642297  38.570294  -17.552389  25.255592  115.062756
0.531118  0.000000  0.000000  0.000000  -23.085844  21.315288  40.000000  42.616241  -3.476471  -4.606943  -35.642297  38.570294  -17.552389  25.255592  115.062756
0.531352  0.000000  0.000000  0.000000  -23.085844  21.315288  42.500000  42.477030  -5.167094  -6.453949  -35.642297  38.570294  -17.552389  25.255592  115.062756
0.531586  0.000000  0.000000  0.000000  -23.085844  21.315288  45.000000  42.282584  -6.852348  -8.310822  -35.642297  38.570294  -17.552389  25.255592  115.062756
0.531820  0.000000  0.000000  0.000000  -23.085844  21.315288  47.500000  42.032250  -8.530416  -10.180840  -35.642297  38.570294  -17.552389  25.255592  115.062756
0.532054  0.000000  0.000000  0.000000  -23.085844  21.315288  50.000000  41.725227  -10.199466  -12.067316  -35.642297  38.570294  -17.552389  25.255592  115.062756
0.532288  0.000000  0.000000  0.000000  -48.331690  19.490348  -10.000000  33.544760  34.387075  40.103514  -28.423577  30.969835  -0.338065  29.630227  114.411434
0.532522  0.000000  0.000000  0.000000  -48.331690  19.490348  -7.500000  34.922595  32.980398  37.619627  -28.423577  30.969835  -0.338065  29.630227  114.411434
0.532756  0.000000  0.000000  0.000000  -48.331690  19.490348  -5.000000  36.206125  31.526116  35.214932  -28.423577  30.969835  -0.338065  29.630227  114.411434
0.532990  0.000000  0.000000  0.000000  -48.331690  19.490348  -2.500000  37.398548  30.028240  32.885054  -28.423577  30.969835  -0.338065  29.630227  114.411434
0.533224  0.000000  0.000000  0.000000  -48.331690  19.490348  0.000000  38.503173  28.490552  30.625446  -28.423577  30.969835  -0.338065  29.630227  114.411434
0.533458  0.000000  0.000000  0.000000  -48.331690  19.490348  2.500000  39.523339  26.916588  28.431473  -28.423577  30.969835  -0.338065  29.630227  114.411434
0.533692  0.000000  0.000000  0.000000  -48.331690  19.490348  5.000000  40.462350  25.309652  26.298481  -28.423577  30.969835  -0.338065  29.630227  114.411434
0.533926  0.000000  0.000000  0.000000  -48.331690  19.490348  7.500000  41.323394  23.672841  24.221844  -28.423577  30.969835  -0.338065  29.630227  114.411434
0.534160  0.000000  0.000000  0.000000  -48.331690  19.490348  10.000000  42.109538  22.009042  22.197002  -28.423577  30.969835  -0.338065  29.630227  114.411434
0.534394  0.000000  0.000000  0.000000  -48.331690  19.490348  12.500000  42.823657  20.320959  20.219490  -28.423577  30.969835  -0.338065  29.630227  114.411434
0.534628  0.000000  0.000000  0.000000  -48.331690  19.490348  15.000000  43.468479  18.611138  18.284932  -28.423577  30.969835  -0.338065  29.630227  114.411434
0.534862  0.000000  0.000000  0.000000  -48.331690  19.490348  17.500000  44.046461  16.881957  16.389092  -28.423577  30.969835  -0.338065  29.630227  114.411434
0.535096  0.000000  0.000000  0.000000  -48.331690  19.490348  20.000000  44.559871  15.135663  14.527836  -28.423577  30.969835  -0.338065  29.630227  114.411434
0.535330  0.000000  0.000000  0.000000  -48.331690  19.490348  22.500000  45.010744  13.374378  12.697154  -28.423577  30.969835  -0.338065  29.630227  114.411434
0.535564  0.000000  0.000000  0.000000  -48.331690  19.490348  25.000000  45.400887  11.600120  10.893143  -28.423577  30.969835  -0.338065  29.630227  114.411434
0.535798  0.000000  0.000000  0.000000  -48.331690  19.490348  27.500000  45.731884  9.814813  9.111993  -28.423577  30.969835  -0.338065  29.630227  114.411434
0.536032  0.000000  0.000000  0.000000  -48.331690  19.490348  30.000000  46.005069  8.020317  7.349995  -28.423577  30.969835  -0.338065  29.630227  114.411434
0.536266  0.000000  0.000000  0.000000  -48.331690  19.490348  32.500000  46.221565  6.218396  5.603515  -28.423577  30.969835  -0.338065  29.630227  114.411434
0.536500  0.000000  0.000000  0.000000  -48.331690  19.490348  35.000000  46.382258  4.410777  3.868982  -28.423577  30.969835  -0.338065  29.630227  114.411434
0.536734  0.000000  0.000000  0.000000  -48.331690  19.490348  37.500000  46.487797  2.599174  2.142886  -28.423577  30.969835  -0.338065  29.630227  114.411434
0.536968  0.000000  0.000000  0.000000  -48.331690  19.490348  40.000000  46.538638  0.785191  0.421738  -28.423577  30.969835  -0.338065  29.630227  114.411434
0.537202  0.000000  0.000000  0.000000  -48.331690  19.490348  42.500000  46.534971  -1.029485  -1.297915  -28.423577  30.969835  -0.338065  29.630227  114.411434
0.537436  0.000000  0.000000  0.000000  -48.331690  19.490348  45.000000  46.476787  -2.843233  -3.019525  -28.423577  30.969835  -0.338065  29.630227  114.411434
0.537670  0.000000  0.000000  0.000000  -48.331690  19.490348  47.500000  46.363847  -4.654413  -4.746557  -28.423577  30.969835  -0.338065  29.630227  114.411434
0.537904  0.000000  0.000000  0.000000  -48.331690  19.490348  50.000000  46.195687  -6.461360  -6.482494  -28.423577  30.969835  -0.338065  29.630227  114.411434
0.538138  0.000000  0.000000  0.000000  -26.965865  14.175430  -10.000000  36.036070  34.786633  32.833087  -26.950578  20.028785  -14.083138  27.849634  111.236142
0.538372  0.000000  0.000000  0.000000  -26.965865  14.175430  -7.500000  37.390096  33.291855  30.414602  -26.950578  20.028785  -14.083138  27.849634  111.236142
0.538606  0.000000  0.000000  0.000000  -26.965865  14.175430  -5.000000  38.646112  31.751835  28.078796  -26.950578  20.028785  -14.083138  27.849634  111.236142
0.538839  0.000000  0.000000  0.000000  -26.965865  14.175430  -2.500000  39.808162  30.170611  25.820433  -26.950578  20.028785  -14.083138  27.849634  111.236142
0.539073  0.000000  0.000000  0.000000  -26.965865  14.175430  0.000000  40.880300  28.551950  23.634216  -26.950578  20.028785  -14.083138  27.849634  111.236142
0.539307  0.000000  0.000000  0.000000  -26.965865  14.175430  2.500000  41.866493  26.899328  21.514881  -26.950578  20.028785  -14.083138  27.849634  111.236142
0.539541  0.000000  0.000000  0.000000  -26.965865  14.175430  5.000000  42.770540  25.216001  19.457240  -26.950578  20.028785  -14.083138  27.849634  111.236142
0.539775  0.000000  0.000000  0.000000  -26.965865  14.175430  7.500000  43.596076  23.504976  17.456217  -26.950578  20.028785  -14.083138  27.849634  111.236142
0.540009  0.000000  0.000000  0.000000  -26.965865  14.175430  10.000000  44.346507  21.769051  15.506880  -26.950578  20.028785  -14.083138  27.849634  111.236142
0.540243  0.000000  0.000000  0.000000  -26.965865  14.175430  12.500000  45.024988  20.010832  13.604456  -26.950578  20.028785  -14.083138  27.849634  111.236142
0.540477  0.000000  0.000000  0.000000  -26.965865  14.175430  15.000000  45.634455  18.232758  11.744317  -26.950578  20.028785  -14.083138  27.849634  111.236142
0.540711  0.000000  0.000000  0.000000  -26.965865  14.175430  17.500000  46.177533  16.437104  9.922016  -26.950578  20.028785  -14.083138  27.849634  111.236142
0.540945  0.000000  0.000000  0.000000  -26.965865  14.175430  20.000000  46.656607  14.626011  8.133249  -26.950578  20.028785  -14.083138  27.849634  111.236142
0.541179  0.000000  0.000000  0.000000  -26.965865  14.175430  22.500000  47.073790  12.801496  6.373868  -26.950578  20.028785  -14.083138  27.849634  111.236142
0.541413  0.000000  0.000000  0.000000  -26.965865  14.175430  25.000000  47.430932  10.965474  4.639852  -26.950578  20.028785  -14.083138  27.849634  111.236142
0.541647  0.000000  0.000000  0.000000  -26.965865  14.175430  27.500000  47.729637  9.119769  2.927300  -26.950578  20.028785  -14.083138  27.849634  111.236142
0.541881  0.000000  0.000000  0.000000  -26.965865  14.175430  30.000000  47.971214  7.266151  1.232396  -26.950578  20.028785  -14.083138  27.849634  111.236142
0.542115  0.000000  0.000000  0.000000  -26.965865  14.175430  32.500000  48.156772  5.406278  -0.448550  -26.950578  20.028785  -14.083138  27.849634  111.236142
0.542349  0.000000  0.000000  0.000000  -26.965865  14.175430  35.000000  48.287114  3.541826  -2.119185  -26.950578  20.028785  -14.083138  27.849634  111.236142
0.542583  0.000000  0.000000  0.000000  -26.965865  14.175430  37.500000  48.362843  1.674376  -3.783096  -26.950578  20.028785  -14.083138  27.849634  111.236142
0.542817  0.000000  0.000000  0.000000  -26.965865  14.175430  40.000000  48.384295  -0.194476  -5.443833  -26.950578  20.028785  -14.083138  27.849634  111.236142
0.543051  0.000000  0.000000  0.000000  -26.965865  14.175430  42.500000  48.351564  -2.063181  -7.104950  -26.950578  20.028785  -14.083138  27.849634  111.236142
0.543285  0.000000  0.000000  0.000000  -26.965865  14.175430  45.000000  48.264494  -3.930136  -8.769959  -26.950578  20.028785  -14.083138  27.849634  111.236142
0.543519  0.000000  0.000000  0.000000  -26.965865  14.175430  47.500000  48.122722  -5.793779  -10.442452  -26.950578  20.028785  -14.083138  27.849634  111.236142
0.543753  0.000000  0.000000  0.000000  -26.965865  14.175430  50.000000  47.925588  -7.652480  -12.126001  -26.950578  20.028785  -14.083138  27.849634  111.236142
0.543987  0.000000  0.000000  0.000000  -26.273247  -0.499857  -10.000000  47.178057  48.288751  31.263810  -24.468767  21.902581  -5.432473  16.318343  117.148987
0.544221  0.000000  0.000000  0.000000  -26.273247  -0.499857  -7.500000  48.991961  46.428044  28.798444  -24.468767  21.902581  -5.432473  16.318343  117.148987
0.544455  0.000000  0.000000  0.000000  -26.273247  -0.499857  -5.000000  50.632373  44.517889  26.497939  -24.468767  21.902581  -5.432473  16.318343  117.148987
0.544689  0.000000  0.000000  0.000000  -26.273247  -0.499857  -2.500000  52.115725  42.564509  24.345093  -24.468767  21.902581  -5.432473  16.318343  117.148987
0.544923  0.000000  0.000000  0.000000  -26.273247  -0.499857  0.000000  53.456898  40.573292  22.324218  -24.468767  21.902581  -5.432473  16.318343  117.148987
0.545157  0.000000  0.000000  0.000000  -26.273247  -0.499857  2.500000  54.669243  38.548906  20.421112  -24.468767  21.902581  -5.432473  16.318343  117.148987
0.545391  0.000000  0.000000  0.000000  -26.273247  -0.499857  5.000000  55.764650  36.495413  18.622999  -24.468767  21.902581  -5.432473  16.318343  117.148987
0.545625  0.000000  0.000000  0.000000  -26.273247  -0.499857  7.500000  56.753678  34.416341  16.918362  -24.468767  21.902581  -5.432473  16.318343  117.148987
0.545859  0.000000  0.000000  0.000000  -26.273247  -0.499857  10.000000  57.645645  32.314772  15.296888  -24.468767  21.902581  -5.432473  16.318343  117.148987
0.546093  0.000000  0.000000  0.000000  -26.273247  -0.499857  12.500000  58.448755  30.193415  13.749309  -24.468767  21.902581  -5.432473  16.318343  117.148987
0.546327  0.000000  0.000000  0.000000  -26.273247  -0.499857  15.000000  59.170227  28.054661  12.267270  -24.468767  21.902581  -5.432473  16.318343  117.148987
0.546561  0.000000  0.000000  0.000000  -26.273247  -0.499857  17.500000  59.816339  25.900613  10.843298  -24.468767  21.902581  -5.432473  16.318343  117.148987
0.546795  0.000000  0.000000  0.000000  -26.273247  -0.499857  20.000000  60.392617  23.733158  9.470560  -24.468767  21.902581  -5.432473  16.318343  117.148987
0.547029  0.000000  0.000000  0.000000  -26.273247  -0.499857  22.500000  60.903893  21.553986  8.142863  -24.468767  21.902581  -5.432473  16.318343  117.148987
0.547263  0.000000  0.000000  0.000000  -26.273247  -0.499857  25.000000  61.354308  19.364613  6.854573  -24.468767  21.902581  -5.432473  16.318343  117.148987
0.547496  0.000000  0.000000  0.000000  -26.273247  -0.499857  27.500000  61.747455  17.166425  5.600498  -24.468767  21.902581  -5.432473  16.318343  117.148987
0.547730  0.000000  0.000000  0.000000  -26.273247  -0.499857  30.000000  62.086370  14.960661  4.375891  -24.468767  21.902581  -5.432473  16.318343  117.148987
0.547964  0.000000  0.000000  0.000000  -26.273247  -0.499857  32.500000  62.373707  12.748522  3.176248  -24.468767  21.902581  -5.432473  16.318343  117.148987
0.548198  0.000000  0.000000  0.000000  -26.273247  -0.499857  35.000000  62.611600  10.531064  1.997417  -24.468767  21.902581  -5.432473  16.318343  117.148987
0.548432  0.000000  0.000000  0.000000  -26.273247  -0.499857  37.500000  62.801822  8.309309  0.835458  -24.468767  21.902581  -5.432473  16.318343  117.148987
0.548666  0.000000  0.000000  0.000000  -26.273247  -0.499857  40.000000  62.945778  6.084223  -0.313398  -24.468767  21.902581  -5.432473  16.318343  117.148987
0.548900  0.000000  0.000000  0.000000  -26.273247  -0.499857  42.500000  63.044520  3.856728  -1.452777  -24.468767  21.902581  -5.432473  16.318343  117.148987
0.549134  0.000000  0.000000  0.000000  -26.273247  -0.499857  45.000000  63.098767  1.627731  -2.586192  -24.468767  21.902581  -5.432473  16.318343  117.148987
0.549368  0.000000  0.000000  0.000000  -26.273247  -0.499857  47.500000  63.108883  -0.601924  -3.717107  -24.468767  21.902581  -5.432473  16.318343  117.148987
0.549602  0.000000  0.000000  0.000000  -26.273247  -0.499857  50.000000  63.074970  -2.831330  -4.848945  -24.468767  21.902581  -5.432473  16.318343  117.148987
0.549836  0.000000  0.000000  0.000000  -33.838971  -3.385745  -10.000000  53.323652  53.507056  30.433200  -27.129681  17.718914  -15.214537  21.676917  128.108543
0.550070  0.000000  0.000000  0.000000  -33.838971  -3.385745  -7.500000  55.225875  51.477098  28.035750  -27.129681  17.718914  -15.214537  21.676917  128.108543
0.550304  0.000000  0.000000  0.000000  -33.838971  -3.385745  -5.000000  56.915372  49.402454  25.844785  -27.129681  17.718914  -15.214537  21.676917  128.108543
0.550538  0.000000  0.000000  0.000000  -33.838971  -3.385745  -2.500000  58.418796  47.289786  23.833059  -27.129681  17.718914  -15.214537  21.676917  128.108543
0.550772  0.000000  0.000000  0.000000  -33.838971  -3.385745  0.000000  59.759080  45.144638  21.977042  -27.129681  17.718914  -15.214537  21.676917  128.108543
0.551006  0.000000  0.000000  0.000000  -33.838971  -3.385745  2.500000  60.955763  42.971616  20.256532  -27.129681  17.718914  -15.214537  21.676917  128.108543
0.551240  0.000000  0.000000  0.000000  -33.838971  -3.385745  5.000000  62.025584  40.774592  18.654116  -27.129681  17.718914  -15.214537  21.676917  128.108543
0.551474  0.000000  0.000000  0.000000  -33.838971  -3.385745  7.500000  62.982815  38.556838  17.154794  -27.129681  17.718914  -15.214537  21.676917  128.108543
0.551708  0.000000  0.000000  0.000000  -33.838971  -3.385745  10.000000  63.839682  36.321097  15.745596  -27.129681  17.718914  -15.214537  21.676917  128.108543
0.551942  0.000000  0.000000  0.000000  -33.838971  -3.385745  12.500000  64.606591  34.069736  14.415309  -27.129681  17.718914  -15.214537  21.676917  128.108543
0.552176  0.000000  0.000000  0.000000  -33.838971  -3.385745  15.000000  65.292479  31.804804  13.154102  -27.129681  17.718914  -15.214537  21.676917  128.108543
0.552410  0.000000  0.000000  0.000000  -33.838971  -3.385745  17.500000  65.905000  29.528017  11.953451  -27.129681  17.718914  -15.214537  21.676917  128.108543
0.552644  0.000000  0.000000  0.000000  -33.838971  -3.385745  20.000000  66.450705  27.240920  10.805796  -27.129681  17.718914  -15.214537  21.676917  128.108543
0.552878  0.000000  0.000000  0.000000  -33.838971  -3.385745  22.500000  66.935209  24.944846  9.704470  -27.129681  17.718914  -15.214537  21.676917  128.108543
0.553112  0.000000  0.000000  0.000000  -33.838971  -3.385745  25.000000  67.363316  22.640975  8.643537  -27.129681  17.718914  -15.214537  21.676917  128.108543
0.553346  0.000000  0.000000  0.000000  -33.838971  -3.385745  27.500000  67.739148  20.330356  7.617667  -27.129681  17.718914  -15.214537  21.676917  128.108543
0.553580  0.000000  0.000000  0.000000  -33.838971  -3.385745  30.000000  68.066188  18.013928  6.622057  -27.129681  17.718914  -15.214537  21.676917  128.108543
0.553814  0.000000  0.000000  0.000000  -33.838971  -3.385745  32.500000  68.347399  15.692547  5.652325  -27.129681  17.718914  -15.214537  21.676917  128.108543
0.554048  0.000000  0.000000  0.000000  -33.838971  -3.385745  35.000000  68.585258  13.366987  4.704451  -27.129681  17.718914  -15.214537  21.676917  128.108543
0.554282  0.000000  0.000000  0.000000  -33.838971  -3.385745  37.500000  68.781823  11.037968  3.774704  -27.129681  17.718914  -15.214537  21.676917  128.108543
0.554516  0.000000  0.000000  0.000000  -33.838971  -3.385745  40.000000  68.938750  8.706159  2.859610  -27.129681  17.718914  -15.214537  21.676917  128.108543
0.554750  0.000000  0.000000  0.000000  -33.838971  -3.385745  42.500000  69.057350  6.372189  1.955864  -27.129681  17.718914  -15.214537  21.676917  128.108543
0.554984  0.000000  0.000000  0.000000  -33.838971  -3.385745  45.000000  69.138604  4.036661  1.060306  -27.129681  17.718914  -15.214537  21.676917  128.108543
0.555218  0.000000  0.000000  0.000000  -33.838971  -3.385745  47.500000  69.183185  1.700169  0.169891  -27.129681  17.718914  -15.214537  21.676917  128.108543
0.555452  0.000000  0.000000  0.000000  -33.838971  -3.385745  50.000000  69.191417  -0.636757  -0.718372  -27.129681  17.718914  -15.214537  21.676917  128.108543
0.555686  0.000000  0.000000  0.000000  -49.565739  21.366100  -10.000000  34.155840  32.386162  44.533681  -23.623476  28.906781  15.883168  25.092741  121.219561
0.555920  0.000000  0.000000  0.000000  -49.565739  21.366100  -7.500000  35.422766  30.959520  42.121247  -23.623476  28.906781  15.883168  25.092741  121.219561
0.556153  0.000000  0.000000  0.000000  -49.565739  21.366100  -5.000000  36.601106  29.489415  39.780866  -23.623476  28.906781  15.883168  25.092741  121.219561
0.556387  0.000000  0.000000  0.000000  -49.565739  21.366100  -2.500000  37.693823  27.979514  37.508352  -23.623476  28.906781  15.883168  25.092741  121.219561
0.556621  0.000000  0.000000  0.000000  -49.565739  21.366100  0.000000  38.703978  26.433320  35.299317  -23.623476  28.906781  15.883168  25.092741  121.219561
0.556855  0.000000  0.000000  0.000000  -49.565739  21.366100  2.500000  39.634589  24.854084  33.149386  -23.623476  28.906781  15.883168  25.092741  121.219561
0.557089  0.000000  0.000000  0.000000  -49.565739  21.366100  5.000000  40.488605  23.244862  31.054172  -23.623476  28.906781  15.883168  25.092741  121.219561
0.557323  0.000000  0.000000  0.000000  -49.565739  21.366100  7.500000  41.268866  21.608521  29.009331  -23.623476  28.906781  15.883168  25.092741  121.219561
0.557557  0.000000  0.000000  0.000000  -49.565739  21.366100  10.000000  41.978054  19.947757  27.010577  -23.623476  28.906781  15.883168  25.092741  121.219561
0.557791  0.000000  0.000000  0.000000  -49.565739  21.366100  12.500000  42.618718  18.265109  25.053705  -23.623476  28.906781  15.883168  25.092741  121.219561
0.558025  0.000000  0.000000  0.000000  -49.565739  21.366100  15.000000  43.193162  16.562952  23.134626  -23.623476  28.906781  15.883168  25.092741  121.219561
0.558259  0.000000  0.000000  0.000000  -49.565739  21.366100  17.500000  43.703530  14.843545  21.249330  -23.623476  28.906781  15.883168  25.092741  121.219561
0.558493  0.000000  0.000000  0.000000  -49.565739  21.366100  20.000000  44.151736  13.109016  19.393924  -23.623476  28.906781  15.883168  25.092741  121.219561
0.558727  0.000000  0.000000  0.000000  -49.565739  21.366100  22.500000  44.539489  11.361398  17.564602  -23.623476  28.906781  15.883168  25.092741  121.219561
0.558961  0.000000  0.000000  0.000000  -49.565739  21.366100  25.000000  44.868289  9.602641  15.757637  -23.623476  28.906781  15.883168  25.092741  121.219561
0.559195  0.000000  0.000000  0.000000  -49.565739  21.366100  27.500000  45.139418  7.834604  13.969398  -23.623476  28.906781  15.883168  25.092741  121.219561
0.559429  0.000000  0.000000  0.000000  -49.565739  21.366100  30.000000  45.353901  6.059107  12.196305  -23.623476  28.906781  15.883168  25.092741  121.219561
0.559663  0.000000  0.000000  0.000000  -49.565739  21.366100  32.500000  45.512615  4.277881  10.434865  -23.623476  28.906781  15.883168  25.092741  121.219561
0.559897  0.000000  0.000000  0.000000  -49.565739  21.366100  35.000000  45.616160  2.492653  8.681608  -23.623476  28.906781  15.883168  25.092741  121.219561
0.560131  0.000000  0.000000  0.000000  -49.565739  21.366100  37.500000  45.664961  0.705090  6.933105  -23.623476  28.906781  15.883168  25.092741  121.219561
0.560365  0.000000  0.000000  0.000000  -49.565739  21.366100  40.000000  45.659200  -1.083122  5.185947  -23.623476  28.906781  15.883168  25.092741  121.219561
0.560599  0.000000  0.000000  0.000000  -49.565739  21.366100  42.500000  45.598846  -2.870329  3.436721  -23.623476  28.906781  15.883168  25.092741  121.219561
0.560833  0.000000  0.000000  0.000000  -49.565739  21.366100  45.000000  45.483676  -4.654857  1.682020  -23.623476  28.906781  15.883168  25.092741  121.219561
0.561067  0.000000  0.000000  0.000000  -49.565739  21.366100  47.500000  45.313231  -6.435017  -0.081593  -23.623476  28.906781  15.883168  25.092741  121.219561
0.561301  0.000000  0.000000  0.000000  -49.565739  21.366100  50.000000  45.086840  -8.209084  -1.857592  -23.623476  28.906781  15.883168  25.092741  121.219561
0.561535  0.000000  0.000000  0.000000  -40.609109  9.096372  -10.000000  40.530058  45.327358  44.652187  -42.005854  36.990638  -7.124579  31.730331  120.180561
0.561769  0.000000  0.000000  0.000000  -40.609109  9.096372  -7.500000  42.371798  43.672053  42.025040  -42.005854  36.990638  -7.124579  31.730331  120.180561
0.562003  0.000000  0.000000  0.000000  -40.609109  9.096372  -5.000000  44.060207  41.959848  39.541277  -42.005854  36.990638  -7.124579  31.730331  120.180561
0.562237  0.000000  0.000000  0.000000  -40.609109  9.096372  -2.500000  45.605929  40.196938  37.189372  -42.005854  36.990638  -7.124579  31.730331  120.180561
0.562471  0.000000  0.000000  0.000000  -40.609109  9.096372  0.000000  47.019212  38.388867  34.958152  -42.005854  36.990638  -7.124579  31.730331  120.180561
0.562705  0.000000  0.000000  0.000000  -40.609109  9.096372  2.500000  48.309729  36.540582  32.836972  -42.005854  36.990638  -7.124579  31.730331  120.180561
0.562939  0.000000  0.000000  0.000000  -40.609109  9.096372  5.000000  49.486508  34.656489  30.815786  -42.005854  36.990638  -7.124579  31.730331  120.180561
0.563173  0.000000  0.000000  0.000000  -40.609109  9.096372  7.500000  50.557852  32.740552  28.885214  -42.005854  36.990638  -7.124579  31.730331  120.180561
0.563407  0.000000  0.000000  0.000000  -40.609109  9.096372  10.000000  51.531351  30.796276  27.036522  -42.005854  36.990638  -7.124579  31.730331  120.180561
0.563641  0.000000  0.000000  0.000000  -40.609109  9.096372  12.500000  52.413948  28.826807  25.261602  -42.005854  36.990638  -7.124579  31.730331  120.180561
0.563875  0.000000  0.000000  0.000000  -40.609109  9.096372  15.000000  53.211809  26.834979  23.552978  -42.005854  36.990638  -7.124579  31.730331  120.180561
0.564109  0.000000  0.000000  0.000000  -40.609109  9.096372  17.500000  53.930524  24.823339  21.903719  -42.005854  36.990638  -7.124579  31.730331  120.180561
0.564343  0.000000  0.000000  0.000000  -40.609109  9.096372  20.000000  54.575065  22.794191  20.307414  -42.005854  36.990638  -7.124579  31.730331  120.180561
0.564577  0.000000  0.000000  0.000000  -40.609109  9.096372  22.500000  55.149831  20.749624  18.758120  -42.005854  36.990638  -7.124579  31.730331  120.180561
0.564810  0.000000  0.000000  0.000000  -40.609109  9.096372  25.000000  55.658734  18.691553  17.250299  -42.005854  36.990638  -7.124579  31.730331  120.180561
0.565044  0.000000  0.000000  0.000000  -40.609109  9.096372  27.500000  56.105154  16.621725  15.778801  -42.005854  36.990638  -7.124579  31.730331  120.180561
0.565278  0.000000  0.000000  0.000000  -40.609109  9.096372  30.000000  56.492043  14.541760  14.338790  -42.005854  36.990638  -7.124579  31.730331  120.180561
0.565512  0.000000  0.000000  0.000000  -40.609109  9.096372  32.500000  56.821931  12.453164  12.925709  -42.005854  36.990638  -7.124579  31.730331  120.180561
0.565746  0.000000  0.000000  0.000000  -40.609109  9.096372  35.000000  57.096954  10.357349  11.535240  -42.005854  36.990638  -7.124579  31.730331  120.180561
0.565980  0.000000  0.000000  0.000000  -40.609109  9.096372  37.500000  57.318867  8.255643  10.163279  -42.005854  36.990638  -7.124579  31.730331  120.180561
0.566214  0.000000  0.000000  0.000000  -40.609109  9.096372  40.000000  57.489089  6.149318  8.805864  -42.005854  36.990638  -7.124579  31.730331  120.180561
0.566448  0.000000  0.000000  0.000000  -40.609109  9.096372  42.500000  57.608702  4.039593  7.459170  -42.005854  36.990638  -7.124579  31.730331  120.180561
0.566682  0.000000  0.000000  0.000000  -40.609109  9.096372  45.000000  57.678446  1.927664  6.119471  -42.005854  36.990638  -7.124579  31.730331  120.180561
0.566916  0.000000  0.000000  0.000000  -40.609109  9.096372  47.500000  57.698769  -0.185324  4.783088  -42.005854  36.990638  -7.124579  31.730331  120.180561
0.567150  0.000000  0.000000  0.000000  -40.609109  9.096372  50.000000  57.669796  -2.298208  3.446389  -42.005854  36.990638  -7.124579  31.730331  120.180561
0.567384  0.000000  0.000000  0.000000  -51.566940  -2.836137  -10.000000  48.081480  64.515652  42.673740  -3.506560  44.908995  -2.207325  23.308960  122.413402
0.567618  0.000000  0.000000  0.000000  -51.566940  -2.836137  -7.500000  51.333843  62.607864  39.042252  -3.506560  44.908995  -2.207325  23.308960  122.413402
0.567852  0.000000  0.000000  0.000000  -51.566940  -2.836137  -5.000000  54.135699  60.617555  35.858092  -3.506560  44.908995  -2.207325  23.308960  122.413402
0.568086  0.000000  0.000000  0.000000  -51.566940  -2.836137  -2.500000  56.558114  58.560465  33.049819  -3.506560  44.908995  -2.207325  23.308960  122.413402
0.568320  0.000000  0.000000  0.000000  -51.566940  -2.836137  0.000000  58.661092  56.448970  30.557011  -3.506560  44.908995  -2.207325  23.308960  122.413402
0.568554  0.000000  0.000000  0.000000  -51.566940  -2.836137  2.500000  60.494521  54.292809  28.329342  -3.506560  44.908995  -2.207325  23.308960  122.413402
0.568788  0.000000  0.000000  0.000000  -51.566940  -2.836137  5.000000  62.099582  52.099712  26.325192  -3.506560  44.908995  -2.207325  23.308960  122.413402
0.569022  0.000000  0.000000  0.000000  -51.566940  -2.836137  7.500000  63.510165  49.875833  24.510199  -3.506560  44.908995  -2.207325  23.308960  122.413402
0.569256  0.000000  0.000000  0.000000  -51.566940  -2.836137  10.000000  64.754187  47.626116  22.855953  -3.506560  44.908995  -2.207325  23.308960  122.413402
0.569490  0.000000  0.000000  0.000000  -51.566940  -2.836137  12.500000  65.854668  45.354611  21.338924  -3.506560  44.908995  -2.207325  23.308960  122.413402
0.569724  0.000000  0.000000  0.000000  -51.566940  -2.836137  15.000000  66.830690  43.064563  19.939503  -3.506560  44.908995  -2.207325  23.308960  122.413402
0.569958  0.000000  0.000000  0.000000  -51.566940  -2.836137  17.500000  67.698114  40.758698  18.641225  -3.506560  44.908995  -2.207325  23.308960  122.413402
0.570192  0.000000  0.000000  0.000000  -51.566940  -2.836137  20.000000  68.470148  38.439269  17.430287  -3.506560  44.908995  -2.207325  23.308960  122.413402
0.570426  0.000000  0.000000  0.000000  -51.566940  -2.836137  22.500000  69.157883  36.108142  16.294965  -3.506560  44.908995  -2.207325  23.308960  122.413402
0.570660  0.000000  0.000000  0.000000  -51.566940  -2.836137  25.000000  69.770629  33.766926  15.225257  -3.506560  44.908995  -2.207325  23.308960  122.413402
0.570894  0.000000  0.000000  0.000000  -51.566940  -2.836137  27.500000  70.316237  31.416975  14.212576  -3.506560  44.908995  -2.207325  23.308960  122.413402
0.571128  0.000000  0.000000  0.000000  -51.566940  -2.836137  30.000000  70.801352  29.059454  13.249496  -3.506560  44.908995  -2.207325  23.308960  122.413402
0.571362  0.000000  0.000000  0.000000  -51.566940  -2.836137  32.500000  71.231615  26.695365  12.329534  -3.506560  44.908995  -2.207325  23.308960  122.413402
0.571596  0.000000  0.000000  0.000000  -51.566940  -2.836137  35.000000  71.611752  24.325593  11.447069  -3.506560  44.908995  -2.207325  23.308960  122.413402
0.571830  0.000000  0.000000  0.000000  -51.566940  -2.836137  37.500000  71.945853  21.950905  10.597030  -3.506560  44.908995  -2.207325  23.308960  122.413402
0.572064  0.000000  0.000000  0.000000  -51.566940  -2.836137  40.000000  72.237308  19.571979  9.774981  -3.506560  44.908995  -2.207325  23.308960  122.413402
0.572298  0.000000  0.000000  0.000000  -51.566940  -2.836137  42.500000  72.489054  17.189457  8.976842  -3.506560  44.908995  -2.207325  23.308960  122.413402
0.572532  0.000000  0.000000  0.000000  -51.566940  -2.836137  45.000000  72.703457  14.803867  8.199018  -3.506560  44.908995  -2.207325  23.308960  122.413402
0.572766  0.000000  0.000000  0.000000  -51.566940  -2.836137  47.500000  72.882537  12.415722  7.438144  -3.506560  44.908995  -2.207325  23.308960  122.413402
0.573000  0.000000  0.000000  0.000000  -51.566940  -2.836137  50.000000  73.027932  10.025501  6.691123  -3.506560  44.908995  -2.207325  23.308960  122.413402
0.573234  0.000000  0.000000  0.000000  -45.551538  13.779988  -10.000000  34.594185  41.376755  43.287107  -8.382678  30.741567  11.268427  24.406413  124.132692
0.573467  0.000000  0.000000  0.000000  -45.551538  13.779988  -7.500000  36.342836  39.925794  40.603376  -8.382678  30.741567  11.268427  24.406413  124.132692
0.573701  0.000000  0.000000  0.000000  -45.551538  13.779988  -5.000000  37.966517  38.415561  38.033248  -8.382678  30.741567  11.268427  24.406413  124.132692
0.573935  0.000000  0.000000  0.000000  -45.551538  13.779988  -2.500000  39.470754  36.851541  35.570215  -8.382678  30.741567  11.268427  24.406413  124.132692
0.574169  0.000000  0.000000  0.000000  -45.551538  13.779988  0.000000  40.861315  35.238773  33.207458  -8.382678  30.741567  11.268427  24.406413  124.132692
0.574403  0.000000  0.000000  0.000000  -45.551538  13.779988  2.500000  42.144043  33.581879  30.938048  -8.382678  30.741567  11.268427  24.406413  124.132692
0.574637  0.000000  0.000000  0.000000  -45.551538  13.779988  5.000000  43.324636  31.885141  28.755154  -8.382678  30.741567  11.268427  24.406413  124.132692
0.574871  0.000000  0.000000  0.000000  -45.551538  13.779988  7.500000  44.408615  30.152463  26.652061  -8.382678  30.741567  11.268427  24.406413  124.132692
0.575105  0.000000  0.000000  0.000000  -45.551538  13.779988  10.000000  45.401235  28.387424  24.622255  -8.382678  30.741567  11.268427  24.406413  124.132692
0.575339  0.000000  0.000000  0.000000  -45.551538  13.779988  12.500000  46.307437  26.593299  22.659472  -8.382678  30.741567  11.268427  24.406413  124.132692
0.575573  0.000000  0.000000  0.000000  -45.551538  13.779988  15.000000  47.131811  24.773097  20.757722  -8.382678  30.741567  11.268427  24.406413  124.132692
0.575807  0.000000  0.000000  0.000000  -45.551538  13.779988  17.500000  47.878596  22.929578  18.911285  -8.382678  30.741567  11.268427  24.406413  124.132692
0.576041  0.000000  0.000000  0.000000  -45.551538  13.779988  20.000000  48.551649  21.065282  17.114728  -8.382678  30.741567  11.268427  24.406413  124.132692
0.576275  0.000000  0.000000  0.000000  -45.551538  13.779988  22.500000  49.154513  19.182565  15.362860  -8.382678  30.741567  11.268427  24.406413  124.132692
0.576509  0.000000  0.000000  0.000000  -45.551538  13.779988  25.000000  49.690310  17.283604  13.650772  -8.382678  30.741567  11.268427  24.406413  124.132692
0.576743  0.000000  0.000000  0.000000  -45.551538  13.779988  27.500000  50.161843  15.370426  11.973775  -8.382678  30.741567  11.268427  24.406413  124.132692
0.576977  0.000000  0.000000  0.000000  -45.551538  13.779988  30.000000  50.571580  13.444925  10.327397  -8.382678  30.741567  11.268427  24.406413  124.132692
0.577211  0.000000  0.000000  0.000000  -45.551538  13.779988  32.500000  50.921663  11.508913  8.707322  -8.382678  30.741567  11.268427  24.406413  124.132692
0.577445  0.000000  0.000000  0.000000  -45.551538  13.779988  35.000000  51.213916  9.564061  7.109448  -8.382678  30.741567  11.268427  24.406413  124.132692
0.577679  0.000000  0.000000  0.000000  -45.551538  13.779988  37.500000  51.449849  7.611989  5.529795  -8.382678  30.741567  11.268427  24.406413  124.132692
0.577913  0.000000  0.000000  0.000000  -45.551538  13.779988  40.000000  51.630698  5.654252  3.964481  -8.382678  30.741567  11.268427  24.406413  124.132692
0.578147  0.000000  0.000000  0.000000  -45.551538  13.779988  42.500000  51.757396  3.692349  2.409735  -8.382678  30.741567  11.268427  24.406413  124.132692
0.578381  0.000000  0.000000  0.000000  -45.551538  13.779988  45.000000  51.830597  1.727753  0.861855  -8.382678  30.741567  11.268427  24.406413  124.132692
0.578615  0.000000  0.000000  0.000000  -45.551538  13.779988  47.500000  51.850681  -0.238107  -0.682828  -8.382678  30.741567  11.268427  24.406413  124.132692
0.578849  0.000000  0.000000  0.000000  -45.551538  13.779988  50.000000  51.817753  -2.203793  -2.227952  -8.382678  30.741567  11.268427  24.406413  124.132692
0.579083  0.000000  0.000000  0.000000  -27.750040  15.448000  -10.000000  37.776197  38.727953  44.170546  -10.620810  30.652617  -4.874855  28.950033  122.903229
0.579317  0.000000  0.000000  0.000000  -27.750040  15.448000  -7.500000  39.301473  37.170051  41.690740  -10.620810  30.652617  -4.874855  28.950033  122.903229
0.579551  0.000000  0.000000  0.000000  -27.750040  15.448000  -5.000000  40.711805  35.562588  39.312685  -10.620810  30.652617  -4.874855  28.950033  122.903229
0.579785  0.000000  0.000000  0.000000  -27.750040  15.448000  -2.500000  42.013048  33.910287  37.029443  -10.620810  30.652617  -4.874855  28.950033  122.903229
0.580019  0.000000  0.000000  0.000000  -27.750040  15.448000  0.000000  43.211004  32.217473  34.834085  -10.620810  30.652617  -4.874855  28.950033  122.903229
0.580253  0.000000  0.000000  0.000000  -27.750040  15.448000  2.500000  44.311279  30.488117  32.719828  -10.620810  30.652617  -4.874855  28.950033  122.903229
0.580487  0.000000  0.000000  0.000000  -27.750040  15.448000  5.000000  45.319202  28.725851  30.680099  -10.620810  30.652617  -4.874855  28.950033  122.903229
0.580721  0.000000  0.000000  0.000000  -27.750040  15.448000  7.500000  46.239794  26.934002  28.708564  -10.620810  30.652617  -4.874855  28.950033  122.903229
0.580955  0.000000  0.000000  0.000000  -27.750040  15.448000  10.000000  47.077733  25.115620  26.799161  -10.620810  30.652617  -4.874855  28.950033  122.903229
0.581189  0.000000  0.000000  0.000000  -27.750040  15.448000  12.500000  47.837336  23.273505  24.946106  -10.620810  30.652617  -4.874855  28.950033  122.903229
0.581423  0.000000  0.000000  0.000000  -27.750040  15.448000  15.000000  48.522552  21.410233  23.143898  -10.620810  30.652617  -4.874855  28.950033  122.903229
0.581657  0.000000  0.000000  0.000000  -27.750040  15.448000  17.500000  49.136956  19.528183  21.387310  -10.620810  30.652617  -4.874855  28.950033  122.903229
0.581891  0.000000  0.000000  0.000000  -27.750040  15.448000  20.000000  49.683792  17.629562  19.671359  -10.620810  30.652617  -4.874855  28.950033  122.903229
0.582124  0.000000  0.000000  0.000000  -27.750040  15.448000  22.500000  50.165912  15.716418  17.991316  -10.620810  30.652617  -4.874855  28.950033  122.903229
0.582358  0.000000  0.000000  0.000000  -27.750040  15.448000  25.000000  50.585849  13.790671  16.342658  -10.620810  30.652617  -4.874855  28.950033  122.903229
0.582592  0.000000  0.000000  0.000000  -27.750040  15.448000  27.500000  50.945802  11.854119  14.721065  -10.620810  30.652617  -4.874855  28.950033  122.903229
0.582826  0.000000  0.000000  0.000000  -27.750040  15.448000  30.000000  51.247659  9.908467  13.122383  -10.620810  30.652617  -4.874855  28.950033  122.903229
0.583060  0.000000  0.000000  0.000000  -27.750040  15.448000  32.500000  51.492987  7.955353  11.542584  -10.620810  30.652617  -4.874855  28.950033  122.903229
0.583294  0.000000  0.000000  0.000000  -27.750040  15.448000  35.000000  51.683070  5.996321  9.977797  -10.620810  30.652617  -4.874855  28.950033  122.903229
0.583528  0.000000  0.000000  0.000000  -27.750040  15.448000  37.500000  51.818897  4.032880  8.424224  -10.620810  30.652617  -4.874855  28.950033  122.903229
0.583762  0.000000  0.000000  0.000000  -27.750040  15.448000  40.000000  51.901165  2.066503  6.878150  -10.620810  30.652617  -4.874855  28.950033  122.903229
0.583996  0.000000  0.000000  0.000000  -27.750040  15.448000  42.500000  51.930311  0.098625  5.335904  -10.620810  30.652617  -4.874855  28.950033  122.903229
0.584230  0.000000  0.000000  0.000000  -27.750040  15.448000  45.000000  51.906479  -1.869330  3.793834  -10.620810  30.652617  -4.874855  28.950033  122.903229
0.584464  0.000000  0.000000  0.000000  -27.750040  15.448000  47.500000  51.829537  -3.835920  2.248315  -10.620810  30.652617  -4.874855  28.950033  122.903229
0.584698  0.000000  0.000000  0.000000  -27.750040  15.448000  50.000000  51.699115  -5.799726  0.695652  -10.620810  30.652617  -4.874855  28.950033  122.903229
0.584932  0.000000  0.000000  0.000000  -47.734579  16.401525  -10.000000  34.853388  42.181067  51.916977  -41.207895  31.168323  -7.496182  21.082543  115.836867
0.585166  0.000000  0.000000  0.000000  -47.734579  16.401525  -7.500000  36.645711  40.720116  49.209937  -41.207895  31.168323  -7.496182  21.082543  115.836867
0.585400  0.000000  0.000000  0.000000  -47.734579  16.401525  -5.000000  38.308401  39.198699  46.621550  -41.207895  31.168323  -7.496182  21.082543  115.836867
0.585634  0.000000  0.000000  0.000000  -47.734579  16.401525  -2.500000  39.847469  37.622468  44.144816  -41.207895  31.168323  -7.496182  21.082543  115.836867
0.585868  0.000000  0.000000  0.000000  -47.734579  16.401525  0.000000  41.269112  35.996657  41.772531  -41.207895  31.168323  -7.496182  21.082543  115.836867
0.586102  0.000000  0.000000  0.000000  -47.734579  16.401525  2.500000  42.579609  34.326024  39.497336  -41.207895  31.168323  -7.496182  21.082543  115.836867
0.586336  0.000000  0.000000  0.000000  -47.734579  16.401525  5.000000  43.785060  32.614976  37.312027  -41.207895  31.168323  -7.496182  21.082543  115.836867
0.586570  0.000000  0.000000  0.000000  -47.734579  16.401525  7.500000  44.891367  30.867519  35.209535  -41.207895  31.168323  -7.496182  21.082543  115.836867
0.586804  0.000000  0.000000  0.000000  -47.734579  16.401525  10.000000  45.904131  29.087312  33.183027  -41.207895  31.168323  -7.496182  21.082543  115.836867
0.587038  0.000000  0.000000  0.000000  -47.734579  16.401525  12.500000  46.828610  27.277697  31.225949  -41.207895  31.168323  -7.496182  21.082543  115.836867
0.587272  0.000000  0.000000  0.000000  -47.734579  16.401525  15.000000  47.669677  25.441732  29.332058  -41.207895  31.168323  -7.496182  21.082543  115.836867
0.587506  0.000000  0.000000  0.000000  -47.734579  16.401525  17.500000  48.431826  23.582216  27.495411  -41.207895  31.168323  -7.496182  21.082543  115.836867
0.587740  0.000000  0.000000  0.000000  -47.734579  16.401525  20.000000  49.119155  21.701720  25.710371  -41.207895  31.168323  -7.496182  21.082543  115.836867
0.587974  0.000000  0.000000  0.000000  -47.734579  16.401525  22.500000  49.735368  19.802612  23.971600  -41.207895  31.168323  -7.496182  21.082543  115.836867
0.588208  0.000000  0.000000  0.000000  -47.734579  16.401525  25.000000  50.283813  17.887085  22.274022  -41.207895  31.168323  -7.496182  21.082543  115.836867
0.588442  0.000000  0.000000  0.000000  -47.734579  16.401525  27.500000  50.767434  15.957164  20.612845  -41.207895  31.168323  -7.496182  21.082543  115.836867
0.588676  0.000000  0.000000  0.000000  -47.734579  16.401525  30.000000  51.188857  14.014768  18.983450  -41.207895  31.168323  -7.496182  21.082543  115.836867
0.588910  0.000000  0.000000  0.000000  -47.734579  16.401525  32.500000  51.550338  12.061669  17.381484  -41.207895  31.168323  -7.496182  21.082543  115.836867
0.589144  0.000000  0.000000  0.000000  -47.734579  16.401525  35.000000  51.853822  10.099547  15.802744  -41.207895  31.168323  -7.496182  21.082543  115.836867
0.589378  0.000000  0.000000  0.000000  -47.734579  16.401525  37.500000  52.100922  8.130004  14.243199  -41.207895  31.168323  -7.496182  21.082543  115.836867
0.589612  0.000000  0.000000  0.000000  -47.734579  16.401525  40.000000  52.292967  6.154577  12.698920  -41.207895  31.168323  -7.496182  21.082543  115.836867
0.589846  0.000000  0.000000  0.000000  -47.734579  16.401525  42.500000  52.430980  4.174741  11.166092  -41.207895  31.168323  -7.496182  21.082543  115.836867
0.590080  0.000000  0.000000  0.000000  -47.734579  16.401525  45.000000  52.515684  2.191958  9.640994  -41.207895  31.168323  -7.496182  21.082543  115.836867
0.590314  0.000000  0.000000  0.000000  -47.734579  16.401525  47.500000  52.547542  0.207615  8.119923  -41.207895  31.168323  -7.496182  21.082543  115.836867
0.590547  0.000000  0.000000  0.000000  -47.734579  16.401525  50.000000  52.526716  -1.776874  6.599237  -41.207895  31.168323  -7.496182  21.082543  115.836867
0.590781  0.000000  0.000000  0.000000  -46.990589  6.070077  -10.000000  40.250149  48.201925  40.568565  -13.307518  28.808066  7.182147  33.358511  124.599778
0.591015  0.000000  0.000000  0.000000  -46.990589  6.070077  -7.500000  42.292332  46.552452  37.793745  -13.307518  28.808066  7.182147  33.358511  124.599778
0.591249  0.000000  0.000000  0.000000  -46.990589  6.070077  -5.000000  44.159179  44.839894  35.185641  -13.307518  28.808066  7.182147  33.358511  124.599778
0.591483  0.000000  0.000000  0.000000  -46.990589  6.070077  -2.500000  45.863646  43.071441  32.730485  -13.307518  28.808066  7.182147  33.358511  124.599778
0.591717  0.000000  0.000000  0.000000  -46.990589  6.070077  0.000000  47.418247  41.253468  30.414909  -13.307518  28.808066  7.182147  33.358511  124.599778
0.591951  0.000000  0.000000  0.000000  -46.990589  6.070077  2.500000  48.834819  39.391637  28.226226  -13.307518  28.808066  7.182147  33.358511  124.599778
0.592185  0.000000  0.000000  0.000000  -46.990589  6.070077  5.000000  50.124357  37.490965  26.152474  -13.307518  28.808066  7.182147  33.358511  124.599778
0.592419  0.000000  0.000000  0.000000  -46.990589  6.070077  7.500000  51.296995  35.555835  24.182564  -13.307518  28.808066  7.182147  33.358511  124.599778
0.592653  0.000000  0.000000  0.000000  -46.990589  6.070077  10.000000  52.361936  33.590199  22.306260  -13.307518  28.808066  7.182147  33.358511  124.599778
0.592887  0.000000  0.000000  0.000000  -46.990589  6.070077  12.500000  53.327520  31.597512  20.514134  -13.307518  28.808066  7.182147  33.358511  124.599778
0.593121  0.000000  0.000000  0.000000  -46.990589  6.070077  15.000000  54.201226  29.580861  18.797550  -13.307518  28.808066  7.182147  33.358511  124.599778
0.593355  0.000000  0.000000  0.000000  -46.990589  6.070077  17.500000  54.989779  27.542997  17.148574  -13.307518  28.808066  7.182147  33.358511  124.599778
0.593589  0.000000  0.000000  0.000000  -46.990589  6.070077  20.000000  55.699136  25.486388  15.559947  -13.307518  28.808066  7.182147  33.358511  124.599778
0.593823  0.000000  0.000000  0.000000  -46.990589  6.070077  22.500000  56.334584  23.413247  14.024996  -13.307518  28.808066  7.182147  33.358511  124.599778
0.594057  0.000000  0.000000  0.000000  -46.990589  6.070077  25.000000  56.900787  21.325577  12.537578  -13.307518  28.808066  7.182147  33.358511  124.599778
0.594291  0.000000  0.000000  0.000000  -46.990589  6.070077  27.500000  57.401832  19.225195  11.092022  -13.307518  28.808066  7.182147  33.358511  124.599778
0.594525  0.000000  0.000000  0.000000  -46.990589  6.070077  30.000000  57.841283  17.113760  9.683065  -13.307518  28.808066  7.182147  33.358511  124.599778
0.594759  0.000000  0.000000  0.000000  -46.990589  6.070077  32.500000  58.222217  14.992800  8.305812  -13.307518  28.808066  7.182147  33.358511  124.599778
0.594993  0.000000  0.000000  0.000000  -46.990589  6.070077  35.000000  58.547281  12.863731  6.955657  -13.307518  28.808066  7.182147  33.358511  124.599778
0.595227  0.000000  0.000000  0.000000  -46.990589  6.070077  37.500000  58.818695  10.727874  5.628260  -13.307518  28.808066  7.182147  33.358511  124.599778
0.595461  0.000000  0.000000  0.000000  -46.990589  6.070077  40.000000  59.038284  8.586469  4.319523  -13.307518  28.808066  7.182147  33.358511  124.599778
0.595695  0.000000  0.000000  0.000000  -46.990589  6.070077  42.500000  59.207527  6.440700  3.025495  -13.307518  28.808066  7.182147  33.358511  124.599778
0.595929  0.000000  0.000000  0.000000  -46.990589  6.070077  45.000000  59.327557  4.291696  1.742369  -13.307518  28.808066  7.182147  33.358511  124.599778
0.596163  0.000000  0.000000  0.000000  -46.990589  6.070077  47.500000  59.399148  2.140579  0.466469  -13.307518  28.808066  7.182147  33.358511  124.599778
0.596397  0.000000  0.000000  0.000000  -46.990589  6.070077  50.000000  59.422792  -0.011614  -0.805878  -13.307518  28.808066  7.182147  33.358511  124.599778
0.596631  0.000000  0.000000  0.000000  -52.984086  16.423198  -10.000000  32.871318  45.487087  53.537283  -13.517943  44.094766  12.251537  27.204346  114.581248
0.596865  0.000000  0.000000  0.000000  -52.984086  16.423198  -7.500000  34.931573  44.092294  50.613423  -13.517943  44.094766  12.251537  27.204346  114.581248
0.597099  0.000000  0.000000  0.000000  -52.984086  16.423198  -5.000000  36.844580  42.626427  47.827625  -13.517943  44.094766  12.251537  27.204346  114.581248
0.597333  0.000000  0.000000  0.000000  -52.984086  16.423198  -2.500000  38.616609  41.096210  45.172721  -13.517943  44.094766  12.251537  27.204346  114.581248
0.597567  0.000000  0.000000  0.000000  -52.984086  16.423198  0.000000  40.254517  39.507879  42.640946  -13.517943  44.094766  12.251537  27.204346  114.581248
0.597801  0.000000  0.000000  0.000000  -52.984086  16.423198  2.500000  41.765483  37.867114  40.224145  -13.517943  44.094766  12.251537  27.204346  114.581248
0.598035  0.000000  0.000000  0.000000  -52.984086  16.423198  5.000000  43.156704  36.179128  37.914125  -13.517943  44.094766  12.251537  27.204346  114.581248
0.598269  0.000000  0.000000  0.000000  -52.984086  16.423198  7.500000  44.435267  34.448642  35.702726  -13.517943  44.094766  12.251537  27.204346  114.581248
0.598503  0.000000  0.000000  0.000000  -52.984086  16.423198  10.000000  45.607949  32.679974  33.582076  -13.517943  44.094766  12.251537  27.204346  114.581248
0.598737  0.000000  0.000000  0.000000  -52.984086  16.423198  12.500000  46.681187  30.877031  31.544576  -13.517943  44.094766  12.251537  27.204346  114.581248
0.598971  0.000000  0.000000  0.000000  -52.984086  16.423198  15.000000  47.661005  29.043361  29.582974  -13.517943  44.094766  12.251537  27.204346  114.581248
0.599204  0.000000  0.000000  0.000000  -52.984086  16.423198  17.500000  48.552987  27.182189  27.690391  -13.517943  44.094766  12.251537  27.204346  114.581248
0.599438  0.000000  0.000000  0.000000  -52.984086  16.423198  20.000000  49.362261  25.296453  25.860331  -13.517943  44.094766  12.251537  27.204346  114.581248
0.599672  0.000000  0.000000  0.000000  -52.984086  16.423198  22.500000  50.093503  23.388830  24.086664  -13.517943  44.094766  12.251537  27.204346  114.581248
0.599906  0.000000  0.000000  0.000000  -52.984086  16.423198  25.000000  50.750935  21.461772  22.363621  -13.517943  44.094766  12.251537  27.204346  114.581248
0.600140  0.000000  0.000000  0.000000  -52.984086  16.423198  27.500000  51.338381  19.517534  20.685751  -13.517943  44.094766  12.251537  27.204346  114.581248
0.600374  0.000000  0.000000  0.000000  -52.984086  16.423198  30.000000  51.859214  17.558194  19.047918  -13.517943  44.094766  12.251537  27.204346  114.581248
0.600608  0.000000  0.000000  0.000000  -52.984086  16.423198  32.500000  52.316399  15.585678  17.445301  -13.517943  44.094766  12.251537  27.204346  114.581248
0.600842  0.000000  0.000000  0.000000  -52.984086  16.423198  35.000000  52.712582  13.601781  15.873251  -13.517943  44.094766  12.251537  27.204346  114.581248
0.601076  0.000000  0.000000  0.000000  -52.984086  16.423198  37.500000  53.050008  11.608191  14.327395  -13.517943  44.094766  12.251537  27.204346  114.581248
0.601310  0.000000  0.000000  0.000000  -52.984086  16.423198  40.000000  53.330584  9.606502  12.803522  -13.517943  44.094766  12.251537  27.204346  114.581248
0.601544  0.000000  0.000000  0.000000  -52.984086  16.423198  42.500000  53.555869  7.598213  11.297617  -13.517943  44.094766  12.251537  27.204346  114.581248
0.601778  0.000000  0.000000  0.000000  -52.984086  16.423198  45.000000  53.727154  5.584787  9.805742  -13.517943  44.094766  12.251537  27.204346  114.581248
0.602012  0.000000  0.000000  0.000000  -52.984086  16.423198  47.500000  53.845392  3.567622  8.324094  -13.517943  44.094766  12.251537  27.204346  114.581248
0.602246  0.000000  0.000000  0.000000  -52.984086  16.423198  50.000000  53.911231  1.548096  6.848952  -13.517943  44.094766  12.251537  27.204346  114.581248
0.602480  0.000000  0.000000  0.000000  -35.309840  11.105917  -10.000000  36.880909  45.219251  43.003683  -24.006065  31.333552  -11.420082  28.894219  129.288633
0.602714  0.000000  0.000000  0.000000  -35.309840  11.105917  -7.500000  38.817974  43.684910  40.238205  -24.006065  31.333552  -11.420082  28.894219  129.288633
0.602948  0.000000  0.000000  0.000000  -35.309840  11.105917  -5.000000  40.604593  42.087267  37.613421  -24.006065  31.333552  -11.420082  28.894219  129.288633
0.603182  0.000000  0.000000  0.000000  -35.309840  11.105917  -2.500000  42.249381  40.432784  35.119822  -24.006065  31.333552  -11.420082  28.894219  129.288633
0.603416  0.000000  0.000000  0.000000  -35.309840  11.105917  0.000000  43.761034  38.727332  32.747785  -24.006065  31.333552  -11.420082  28.894219  129.288633
0.603650  0.000000  0.000000  0.000000  -35.309840  11.105917  2.500000  45.148083  36.976205  30.487797  -24.006065  31.333552  -11.420082  28.894219  129.288633
0.603884  0.000000  0.000000  0.000000  -35.309840  11.105917  5.000000  46.418718  35.184185  28.330645  -24.006065  31.333552  -11.420082  28.894219  129.288633
0.604118  0.000000  0.000000  0.000000  -35.309840  11.105917  7.500000  47.580684  33.355580  26.267512  -24.006065  31.333552  -11.420082  28.894219  129.288633
0.604352  0.000000  0.000000  0.000000  -35.309840  11.105917  10.000000  48.641206  31.494270  24.290038  -24.006065  31.333552  -11.420082  28.894219  129.288633
0.604586  0.000000  0.000000  0.000000  -35.309840  11.105917  12.500000  49.606963  29.603751  22.390349  -24.006065  31.333552  -11.420082  28.894219  129.288633
0.604820  0.000000  0.000000  0.000000  -35.309840  11.105917  15.000000  50.484097  27.687182  20.561058  -24.006065  31.333552  -11.420082  28.894219  129.288633
0.605054  0.000000  0.000000  0.000000  -35.309840  11.105917  17.500000  51.278140  25.747417  18.795269  -24.006065  31.333552  -11.420082  28.894219  129.288633
0.605288  0.000000  0.000000  0.000000  -35.309840  11.105917  20.000000  51.994137  23.787046  17.086526  -24.006065  31.333552  -11.420082  28.894219  129.288633
0.605522  0.000000  0.000000  0.000000  -35.309840  11.105917  22.500000  52.636592  21.808427  15.428809  -24.006065  31.333552  -11.420082  28.894219  129.288633
0.605756  0.000000  0.000000  0.000000  -35.309840  11.105917  25.000000  53.209564  19.813721  13.816465  -24.006065  31.333552  -11.420082  28.894219  129.288633
0.605990  0.000000  0.000000  0.000000  -35.309840  11.105917  27.500000  53.716596  17.804905  12.244220  -24.006065  31.333552  -11.420082  28.894219  129.288633
0.606224  0.000000  0.000000  0.000000  -35.309840  11.105917  30.000000  54.160820  15.783810  10.707106  -24.006065  31.333552  -11.420082  28.894219  129.288633
0.606458  0.000000  0.000000  0.000000  -35.309840  11.105917  32.500000  54.544963  13.752135  9.200431  -24.006065  31.333552  -11.420082  28.894219  129.288633
0.606692  0.000000  0.000000  0.000000  -35.309840  11.105917  35.000000  54.871358  11.711470  7.719743  -24.006065  31.333552  -11.420082  28.894219  129.288633
0.606926  0.000000  0.000000  0.000000  -35.309840  11.105917  37.500000  55.141981  9.663313  6.260801  -24.006065  31.333552  -11.420082  28.894219  129.288633
0.607160  0.000000  0.000000  0.000000  -35.309840  11.105917  40.000000  55.358438  7.609078  4.819558  -24.006065  31.333552  -11.420082  28.894219  129.288633
0.607394  0.000000  0.000000  0.000000  -35.309840  11.105917  42.500000  55.522038  5.550132  3.392068  -24.006065  31.333552  -11.420082  28.894219  129.288633
0.607628  0.000000  0.000000  0.000000  -35.309840  11.105917  45.000000  55.633749  3.487786  1.974523  -24.006065  31.333552  -11.420082  28.894219  129.288633
0.607861  0.000000  0.000000  0.000000  -35.309840  11.105917  47.500000  55.694222  1.423317  0.563191  -24.006065  31.333552  -11.420082  28.894219  129.288633
0.608095  0.000000  0.000000  0.000000  -35.309840  11.105917  50.000000  55.703836  -0.642011  -0.845615  -24.006065  31.333552  -11.420082  28.894219  129.288633
0.608329  0.000000  0.000000  0.000000  -25.314460  19.135021  -10.000000  38.322633  34.070764  43.174840  -25.947779  23.400126  11.774125  29.385977  126.118810
0.608563  0.000000  0.000000  0.000000  -25.314460  19.135021  -7.500000  39.599046  32.498543  40.849452  -25.947779  23.400126  11.774125  29.385977  126.118810
0.608797  0.000000  0.000000  0.000000  -25.314460  19.135021  -5.000000  40.778401  30.885041  38.604993  -25.947779  23.400126  11.774125  29.385977  126.118810
0.609031  0.000000  0.000000  0.000000  -25.314460  19.135021  -2.500000  41.865186  29.234100  36.435745  -25.947779  23.400126  11.774125  29.385977  126.118810
0.609265  0.000000  0.000000  0.000000  -25.314460  19.135021  0.000000  42.863774  27.549277  34.336051  -25.947779  23.400126  11.774125  29.385977  126.118810
0.609499  0.000000  0.000000  0.000000  -25.314460  19.135021  2.500000  43.778358  25.833864  32.300370  -25.947779  23.400126  11.774125  29.385977  126.118810
0.609733  0.000000  0.000000  0.000000  -25.314460  19.135021  5.000000  44.612880  24.090901  30.323328  -25.947779  23.400126  11.774125  29.385977  126.118810
0.609967  0.000000  0.000000  0.000000  -25.314460  19.135021  7.500000  45.371037  22.323203  28.399725  -25.947779  23.400126  11.774125  29.385977  126.118810
0.610201  0.000000  0.000000  0.000000  -25.314460  19.135021  10.000000  46.056228  20.533381  26.524558  -25.947779  23.400126  11.774125  29.385977  126.118810
0.610435  0.000000  0.000000  0.000000  -25.314460  19.135021  12.500000  46.671622  18.723877  24.692998  -25.947779  23.400126  11.774125  29.385977  126.118810
0.610669  0.000000  0.000000  0.000000  -25.314460  19.135021  15.000000  47.220026  16.896951  22.900427  -25.947779  23.400126  11.774125  29.385977  126.118810
0.610903  0.000000  0.000000  0.000000  -25.314460  19.135021  17.500000  47.703992  15.054730  21.142395  -25.947779  23.400126  11.774125  29.385977  126.118810
0.611137  0.000000  0.000000  0.000000  -25.314460  19.135021  20.000000  48.125778  13.199213  19.414625  -25.947779  23.400126  11.774125  29.385977  126.118810
0.611371  0.000000  0.000000  0.000000  -25.314460  19.135021  22.500000  48.487355  11.332284  17.712993  -25.947779  23.400126  11.774125  29.385977  126.118810
0.611605  0.000000  0.000000  0.000000  -25.314460  19.135021  25.000000  48.790423  9.455746  16.033501  -25.947779  23.400126  11.774125  29.385977  126.118810
0.611839  0.000000  0.000000  0.000000  -25.314460  19.135021  27.500000  49.036412  7.571316  14.372275  -25.947779  23.400126  11.774125  29.385977  126.118810
0.612073  0.000000  0.000000  0.000000  -25.314460  19.135021  30.000000  49.226462  5.680654  12.725531  -25.947779  23.400126  11.774125  29.385977  126.118810
0.612307  0.000000  0.000000  0.000000  -25.314460  19.135021  32.500000  49.361474  3.785363  11.089580  -25.947779  23.400126  11.774125  29.385977  126.118810
0.612541  0.000000  0.000000  0.000000  -25.314460  19.135021  35.000000  49.442082  1.887008  9.460783  -25.947779  23.400126  11.774125  29.385977  126.118810
0.612775  0.000000  0.000000  0.000000  -25.314460  19.135021  37.500000  49.468668  -0.012866  7.835544  -25.947779  23.400126  11.774125  29.385977  126.118810
0.613009  0.000000  0.000000  0.000000  -25.314460  19.135021  40.000000  49.441353  -1.912736  6.210272  -25.947779  23.400126  11.774125  29.385977  126.118810
0.613243  0.000000  0.000000  0.000000  -25.314460  19.135021  42.500000  49.360003  -3.811060  4.581406  -25.947779  23.400126  11.774125  29.385977  126.118810
0.613477  0.000000  0.000000  0.000000  -25.314460  19.135021  45.000000  49.224254  -5.706303  2.945330  -25.947779  23.400126  11.774125  29.385977  126.118810
0.613711  0.000000  0.000000  0.000000  -25.314460  19.135021  47.500000  49.033451  -7.596892  1.298416  -25.947779  23.400126  11.774125  29.385977  126.118810
0.613945  0.000000  0.000000  0.000000  -25.314460  19.135021  50.000000  48.786689  -9.481211  -0.363044  -25.947779  23.400126  11.774125  29.385977  126.118810
0.614179  0.000000  0.000000  0.000000  -43.069475  -4.152774  -10.000000  52.338683  56.451817  27.620623  -21.391316  15.296098  -11.548327  28.195528  126.164696
0.614413  0.000000  0.000000  0.000000  -43.069475  -4.152774  -7.500000  54.502656  54.443764  24.993749  -21.391316  15.296098  -11.548327  28.195528  126.164696
0.614647  0.000000  0.000000  0.000000  -43.069475  -4.152774  -5.000000  56.412732  52.384103  22.615466  -21.391316  15.296098  -11.548327  28.195528  126.164696
0.614881  0.000000  0.000000  0.000000  -43.069475  -4.152774  -2.500000  58.102788  50.280995  20.451371  -21.391316  15.296098  -11.548327  28.195528  126.164696
0.615115  0.000000  0.000000  0.000000  -43.069475  -4.152774  0.000000  59.601737  48.141126  18.471996  -21.391316  15.296098  -11.548327  28.195528  126.164696
0.615349  0.000000  0.000000  0.000000  -43.069475  -4.152774  2.500000  60.934155  45.970011  16.652186  -21.391316  15.296098  -11.548327  28.195528  126.164696
0.615583  0.000000  0.000000  0.000000  -43.069475  -4.152774  5.000000  62.120851  43.772203  14.970519  -21.391316  15.296098  -11.548327  28.195528  126.164696
0.615817  0.000000  0.000000  0.000000  -43.069475  -4.152774  7.500000  63.179473  41.551490  13.408714  -21.391316  15.296098  -11.548327  28.195528  126.164696
0.616051  0.000000  0.000000  0.000000  -43.069475  -4.152774  10.000000  64.125012  39.311045  11.951108  -21.391316  15.296098  -11.548327  28.195528  126.164696
0.616285  0.000000  0.000000  0.000000  -43.069475  -4.152774  12.500000  64.970067  37.053565  10.584360  -21.391316  15.296098  -11.548327  28.195528  126.164696
0.616518  0.000000  0.000000  0.000000  -43.069475  -4.152774  15.000000  65.725518  34.781312  9.296843  -21.391316  15.296098  -11.548327  28.195528  126.164696
0.616752  0.000000  0.000000  0.000000  -43.069475  -4.152774  17.500000  66.400534  32.496241  8.078567  -21.391316  15.296098  -11.548327  28.195528  126.164696
0.616986  0.000000  0.000000  0.000000  -43.069475  -4.152774  20.000000  67.002968  30.200000  6.920835  -21.391316  15.296098  -11.548327  28.195528  126.164696
0.617220  0.000000  0.000000  0.000000  -43.069475  -4.152774  22.500000  67.539513  27.894057  5.816012  -21.391316  15.296098  -11.548327  28.195528  126.164696
0.617454  0.000000  0.000000  0.000000  -43.069475  -4.152774  25.000000  68.015887  25.579675  4.757387  -21.391316  15.296098  -11.548327  28.195528  126.164696
0.617688  0.000000  0.000000  0.000000  -43.069475  -4.152774  27.500000  68.436989  23.257966  3.739002  -21.391316  15.296098  -11.548327  28.195528  126.164696
0.617922  0.000000  0.000000  0.000000  -43.069475  -4.152774  30.000000  68.806961  20.929926  2.755551  -21.391316  15.296098  -11.548327  28.195528  126.164696
0.618156  0.000000  0.000000  0.000000  -43.069475  -4.152774  32.500000  69.129390  18.596402  1.802246  -21.391316  15.296098  -11.548327  28.195528  126.164696
0.618390  0.000000  0.000000  0.000000  -43.069475  -4.152774  35.000000  69.407238  16.258230  0.874747  -21.391316  15.296098  -11.548327  28.195528  126.164696
0.618624  0.000000  0.000000  0.000000  -43.069475  -4.152774  37.500000  69.643021  13.916115  -0.030900  -21.391316  15.296098  -11.548327  28.195528  126.164696
0.618858  0.000000  0.000000  0.000000  -43.069475  -4.152774  40.000000  69.838832  11.570725  -0.918371  -21.391316  15.296098  -11.548327  28.195528  126.164696
0.619092  0.000000  0.000000  0.000000  -43.069475  -4.152774  42.500000  69.996359  9.222682  -1.791071  -21.391316  15.296098  -11.548327  28.195528  126.164696
0.619326  0.000000  0.000000  0.000000  -43.069475  -4.152774  45.000000  70.116938  6.872561  -2.652210  -21.391316  15.296098  -11.548327  28.195528  126.164696
0.619560  0.000000  0.000000  0.000000  -43.069475  -4.152774  47.500000  70.201586  4.520905  -3.504874  -21.391316  15.296098  -11.548327  28.195528  126.164696
0.619794  0.000000  0.000000  0.000000  -43.069475  -4.152774  50.000000  70.251021  2.168280  -4.352026  -21.391316  15.296098  -11.548327  28.195528  126.164696
0.620028  0.000000  0.000000  0.000000  -23.543906  8.430027  -10.000000  41.712464  42.687262  38.054874  -10.046132  20.145550  -14.857602  26.790071  121.738332
0.620262  0.000000  0.000000  0.000000  -23.543906  8.430027  -7.500000  43.362235  40.996765  35.582229  -10.046132  20.145550  -14.857602  26.790071  121.738332
0.620496  0.000000  0.000000  0.000000  -23.543906  8.430027  -5.000000  44.875252  39.256102  33.235024  -10.046132  20.145550  -14.857602  26.790071  121.738332
0.620730  0.000000  0.000000  0.000000  -23.543906  8.430027  -2.500000  46.260839  37.470627  31.002978  -10.046132  20.145550  -14.857602  26.790071  121.738332
0.620964  0.000000  0.000000  0.000000  -23.543906  8.430027  0.000000  47.527862  35.645143  28.876223  -10.046132  20.145550  -14.857602  26.790071  121.738332
0.621198  0.000000  0.000000  0.000000  -23.543906  8.430027  2.500000  48.684615  33.783956  26.845406  -10.046132  20.145550  -14.857602  26.790071  121.738332
0.621432  0.000000  0.000000  0.000000  -23.543906  8.430027  5.000000  49.738807  31.890925  24.901716  -10.046132  20.145550  -14.857602  26.790071  121.738332
0.621666  0.000000  0.000000  0.000000  -23.543906  8.430027  7.500000  50.697511  29.969517  23.036918  -10.046132  20.145550  -14.857602  26.790071  121.738332
0.621900  0.000000  0.000000  0.000000  -23.543906  8.430027  10.000000  51.567126  28.022846  21.243348  -10.046132  20.145550  -14.857602  26.790071  121.738332
0.622134  0.000000  0.000000  0.000000  -23.543906  8.430027  12.500000  52.353487  26.053721  19.513867  -10.046132  20.145550  -14.857602  26.790071  121.738332
0.622368  0.000000  0.000000  0.000000  -23.543906  8.430027  15.000000  53.061829  24.064681  17.841841  -10.046132  20.145550  -14.857602  26.790071  121.738332
0.622602  0.000000  0.000000  0.000000  -23.543906  8.430027  17.500000  53.696816  22.058029  16.221111  -10.046132  20.145550  -14.857602  26.790071  121.738332
0.622836  0.000000  0.000000  0.000000  -23.543906  8.430027  20.000000  54.262648  20.035872  14.645913  -10.046132  20.145550  -14.857602  26.790071  121.738332
0.623070  0.000000  0.000000  0.000000  -23.543906  8.430027  22.500000  54.762968  18.000131  13.110893  -10.046132  20.145550  -14.857602  26.790071  121.738332
0.623304  0.000000  0.000000  0.000000  -23.543906  8.430027  25.000000  55.200989  15.952579  11.611026  -10.046132  20.145550  -14.857602  26.790071  121.738332
0.623538  0.000000  0.000000  0.000000  -23.543906  8.430027  27.500000  55.579499  13.894863  10.141571  -10.046132  20.145550  -14.857602  26.790071  121.738332
0.623772  0.000000  0.000000  0.000000  -23.543906  8.430027  30.000000  55.900895  11.828520  8.698062  -10.046132  20.145550  -14.857602  26.790071  121.738332
0.624006  0.000000  0.000000  0.000000  -23.543906  8.430027  32.500000  56.167176  9.754989  7.276236  -10.046132  20.145550  -14.857602  26.790071  121.738332
0.624240  0.000000  0.000000  0.000000  -23.543906  8.430027  35.000000  56.379990  7.675637  5.872032  -10.046132  20.145550  -14.857602  26.790071  121.738332
0.624474  0.000000  0.000000  0.000000  -23.543906  8.430027  37.500000  56.540659  5.591775  4.481513  -10.046132  20.145550  -14.857602  26.790071  121.738332
0.624708  0.000000  0.000000  0.000000  -23.543906  8.430027  40.000000  56.650165  3.504663  3.100872  -10.046132  20.145550  -14.857602  26.790071  121.738332
0.624942  0.000000  0.000000  0.000000  -23.543906  8.430027  42.500000  56.709171  1.415530  1.726385  -10.046132  20.145550  -14.857602  26.790071  121.738332
0.625175  0.000000  0.000000  0.000000  -23.543906  8.430027  45.000000  56.718050  -0.674421  0.354370  -10.046132  20.145550  -14.857602  26.790071  121.738332
0.625409  0.000000  0.000000  0.000000  -23.543906  8.430027  47.500000  56.676845  -2.763970  -1.018822  -10.046132  20.145550  -14.857602  26.790071  121.738332
0.625643  0.000000  0.000000  0.000000  -23.543906  8.430027  50.000000  56.585306  -4.851936  -2.396858  -10.046132  20.145550  -14.857602  26.790071  121.738332
0.625877  0.000000  0.000000  0.000000  -44.252387  21.255860  -10.000000  35.451442  27.168902  30.729128  -20.072246  20.084135  17.396840  17.893728  122.731684
0.626111  0.000000  0.000000  0.000000  -44.252387  21.255860  -7.500000  36.457726  25.700834  28.469150  -20.072246  20.084135  17.396840  17.893728  122.731684
0.626345  0.000000  0.000000  0.000000  -44.252387  21.255860  -5.000000  37.387723  24.198788  26.264860  -20.072246  20.084135  17.396840  17.893728  122.731684
0.626579  0.000000  0.000000  0.000000  -44.252387  21.255860  -2.500000  38.243836  22.665772  24.112432  -20.072246  20.084135  17.396840  17.893728  122.731684
0.626813  0.000000  0.000000  0.000000  -44.252387  21.255860  0.000000  39.028407  21.104666  22.007990  -20.072246  20.084135  17.396840  17.893728  122.731684
0.627047  0.000000  0.000000  0.000000  -44.252387  21.255860  2.500000  39.743711  19.518125  19.947713  -20.072246  20.084135  17.396840  17.893728  122.731684
0.627281  0.000000  0.000000  0.000000  -44.252387  21.255860  5.000000  40.391900  17.908712  17.927774  -20.072246  20.084135  17.396840  17.893728  122.731684
0.627515  0.000000  0.000000  0.000000  -44.252387  21.255860  7.500000  40.974999  16.278851  15.944409  -20.072246  20.084135  17.396840  17.893728  122.731684
0.627749  0.000000  0.000000  0.000000  -44.252387  21.255860  10.000000  41.494866  14.630813  13.993905  -20.072246  20.084135  17.396840  17.893728  122.731684
0.627983  0.000000  0.000000  0.000000  -44.252387  21.255860  12.500000  41.953226  12.966791  12.072600  -20.072246  20.084135  17.396840  17.893728  122.731684
0.628217  0.000000  0.000000  0.000000  -44.252387  21.255860  15.000000  42.351551  11.288876  10.176963  -20.072246  20.084135  17.396840  17.893728  122.731684
0.628451  0.000000  0.000000  0.000000  -44.252387  21.255860  17.500000  42.691239  9.599058  8.303427  -20.072246  20.084135  17.396840  17.893728  122.731684
0.628685  0.000000  0.000000  0.000000  -44.252387  21.255860  20.000000  42.973439  7.899270  6.448543  -20.072246  20.084135  17.396840  17.893728  122.731684
0.628919  0.000000  0.000000  0.000000  -44.252387  21.255860  22.500000  43.199126  6.191373  4.608905  -20.072246  20.084135  17.396840  17.893728  122.731684
0.629153  0.000000  0.000000  0.000000  -44.252387  21.255860  25.000000  43.369076  4.477187  2.781148  -20.072246  20.084135  17.396840  17.893728  122.731684
0.629387  0.000000  0.000000  0.000000  -44.252387  21.255860  27.500000  43.483891  2.758485  0.961948  -20.072246  20.084135  17.396840  17.893728  122.731684
0.629621  0.000000  0.000000  0.000000  -44.252387  21.255860  30.000000  43.543974  1.037013  -0.851995  -20.072246  20.084135  17.396840  17.893728  122.731684
0.629855  0.000000  0.000000  0.000000  -44.252387  21.255860  32.500000  43.549534  -0.685495  -2.663967  -20.072246  20.084135  17.396840  17.893728  122.731684
0.630089  0.000000  0.000000  0.000000  -44.252387  21.255860  35.000000  43.500590  -2.407318  -4.477242  -20.072246  20.084135  17.396840  17.893728  122.731684
0.630323  0.000000  0.000000  0.000000  -44.252387  21.255860  37.500000  43.396967  -4.126727  -6.295099  -20.072246  20.084135  17.396840  17.893728  122.731684
0.630557  0.000000  0.000000  0.000000  -44.252387  21.255860  40.000000  43.238313  -5.841979  -8.120843  -20.072246  20.084135  17.396840  17.893728  122.731684
0.630791  0.000000  0.000000  0.000000  -44.252387  21.255860  42.500000  43.024060  -7.551304  -9.957786  -20.072246  20.084135  17.396840  17.893728  122.731684
0.631025  0.000000  0.000000  0.000000  -44.252387  21.255860  45.000000  42.753455  -9.252885  -11.809290  -20.072246  20.084135  17.396840  17.893728  122.731684
0.631259  0.000000  0.000000  0.000000  -44.252387  21.255860  47.500000  42.425601  -10.944903  -13.678733  -20.072246  20.084135  17.396840  17.893728  122.731684
0.631493  0.000000  0.000000  0.000000  -44.252387  21.255860  50.000000  42.039331  -12.625409  -15.569589  -20.072246  20.084135  17.396840  17.893728  122.731684
0.631727  0.000000  0.000000  0.000000  -31.086759  10.805482  -10.000000  36.648265  44.469409  40.919656  -5.296893  23.072371  -20.829184  21.514267  117.763034
0.631961  0.000000  0.000000  0.000000  -31.086759  10.805482  -7.500000  38.542041  42.943854  38.179412  -5.296893  23.072371  -20.829184  21.514267  117.763034
0.632195  0.000000  0.000000  0.000000  -31.086759  10.805482  -5.000000  40.290591  41.356136  35.574306  -5.296893  23.072371  -20.829184  21.514267  117.763034
0.632429  0.000000  0.000000  0.000000  -31.086759  10.805482  -2.500000  41.901950  39.712515  33.095403  -5.296893  23.072371  -20.829184  21.514267  117.763034
0.632663  0.000000  0.000000  0.000000  -31.086759  10.805482  0.000000  43.384263  38.018656  30.733595  -5.296893  23.072371  -20.829184  21.514267  117.763034
0.632897  0.000000  0.000000  0.000000  -31.086759  10.805482  2.500000  44.745528  36.279710  28.479886  -5.296893  23.072371  -20.829184  21.514267  117.763034
0.633131  0.000000  0.000000  0.000000  -31.086759  10.805482  5.000000  45.993448  34.500335  26.325529  -5.296893  23.072371  -20.829184  21.514267  117.763034
0.633365  0.000000  0.000000  0.000000  -31.086759  10.805482  7.500000  47.135326  32.684740  24.262125  -5.296893  23.072371  -20.829184  21.514267  117.763034
0.633599  0.000000  0.000000  0.000000  -31.086759  10.805482  10.000000  48.177991  30.836725  22.281679  -5.296893  23.072371  -20.829184  21.514267  117.763034
0.633832  0.000000  0.000000  0.000000  -31.086759  10.805482  12.500000  49.127754  28.959727  20.376651  -5.296893  23.072371  -20.829184  21.514267  117.763034
0.634066  0.000000  0.000000  0.000000  -31.086759  10.805482  15.000000  49.990466  27.056857  18.539931  -5.296893  23.072371  -20.829184  21.514267  117.763034
0.634300  0.000000  0.000000  0.000000  -31.086759  10.805482  17.500000  50.771377  25.130935  16.764868  -5.296893  23.072371  -20.829184  21.514267  117.763034
0.634534  0.000000  0.000000  0.000000  -31.086759  10.805482  20.000000  51.475274  23.184528  15.045222  -5.296893  23.072371  -20.829184  21.514267  117.763034
0.634768  0.000000  0.000000  0.000000  -31.086759  10.805482  22.500000  52.106503  21.219983  13.375126  -5.296893  23.072371  -20.829184  21.514267  117.763034
0.635002  0.000000  0.000000  0.000000  -31.086759  10.805482  25.000000  52.668880  19.239447  11.749102  -5.296893  23.072371  -20.829184  21.514267  117.763034
0.635236  0.000000  0.000000  0.000000  -31.086759  10.805482  27.500000  53.165805  17.244897  10.161991  -5.296893  23.072371  -20.829184  21.514267  117.763034
0.635470  0.000000  0.000000  0.000000  -31.086759  10.805482  30.000000  53.600267  15.238168  8.608928  -5.296893  23.072371  -20.829184  21.514267  117.763034
0.635704  0.000000  0.000000  0.000000  -31.086759  10.805482  32.500000  53.974869  13.220965  7.085303  -5.296893  23.072371  -20.829184  21.514267  117.763034
0.635938  0.000000  0.000000  0.000000  -31.086759  10.805482  35.000000  54.291826  11.194893  5.586733  -5.296893  23.072371  -20.829184  21.514267  117.763034
0.636172  0.000000  0.000000  0.000000  -31.086759  10.805482  37.500000  54.553007  9.161459  4.109038  -5.296893  23.072371  -20.829184  21.514267  117.763034
0.636406  0.000000  0.000000  0.000000  -31.086759  10.805482  40.000000  54.759932  7.122098  2.648202  -5.296893  23.072371  -20.829184  21.514267  117.763034
0.636640  0.000000  0.000000  0.000000  -31.086759  10.805482  42.500000  54.913825  5.078198  1.200313  -5.296893  23.072371  -20.829184  21.514267  117.763034
0.636874  0.000000  0.000000  0.000000  -31.086759  10.805482  45.000000  55.015575  3.031092  -0.238414  -5.296893  23.072371  -20.829184  21.514267  117.763034
0.637108  0.000000  0.000000  0.000000  -31.086759  10.805482  47.500000  55.065773  0.982088  -1.671706  -5.296893  23.072371  -20.829184  21.514267  117.763034
0.637342  0.000000  0.000000  0.000000  -31.086759  10.805482  50.000000  55.064705  -1.067528  -3.103236  -5.296893  23.072371  -20.829184  21.514267  117.763034
0.637576  0.000000  0.000000  0.000000  -36.289639  7.350782  -10.000000  41.688542  42.359693  34.474831  -0.747475  12.097919  -20.482325  18.842673  126.906818
0.637810  0.000000  0.000000  0.000000  -36.289639  7.350782  -7.500000  43.320319  40.670249  32.013420  -0.747475  12.097919  -20.482325  18.842673  126.906818
0.638044  0.000000  0.000000  0.000000  -36.289639  7.350782  -5.000000  44.817227  38.931164  29.675402  -0.747475  12.097919  -20.482325  18.842673  126.906818
0.638278  0.000000  0.000000  0.000000  -36.289639  7.350782  -2.500000  46.188373  37.147688  27.450689  -0.747475  12.097919  -20.482325  18.842673  126.906818
0.638512  0.000000  0.000000  0.000000  -36.289639  7.350782  0.000000  47.442426  35.324561  25.329606  -0.747475  12.097919  -20.482325  18.842673  126.906818
0.638746  0.000000  0.000000  0.000000  -36.289639  7.350782  2.500000  48.587499  33.466037  23.302974  -0.747475  12.097919  -20.482325  18.842673  126.906818
0.638980  0.000000  0.000000  0.000000  -36.289639  7.350782  5.000000  49.631113  31.575930  21.362150  -0.747475  12.097919  -20.482325  18.842673  126.906818
0.639214  0.000000  0.000000  0.000000  -36.289639  7.350782  7.500000  50.580173  29.657667  19.499042  -0.747475  12.097919  -20.482325  18.842673  126.906818
0.639448  0.000000  0.000000  0.000000  -36.289639  7.350782  10.000000  51.440995  27.714334  17.706096  -0.747475  12.097919  -20.482325  18.842673  126.906818
0.639682  0.000000  0.000000  0.000000  -36.289639  7.350782  12.500000  52.219238  25.748715  15.976298  -0.747475  12.097919  -20.482325  18.842673  126.906818
0.639916  0.000000  0.000000  0.000000  -36.289639  7.350782  15.000000  52.920042  23.763330  14.303105  -0.747475  12.097919  -20.482325  18.842673  126.906818
0.640150  0.000000  0.000000  0.000000  -36.289639  7.350782  17.500000  53.547978  21.760467  12.680436  -0.747475  12.097919  -20.482325  18.842673  126.906818
0.640384  0.000000  0.000000  0.000000  -36.289639  7.350782  20.000000  54.107150  19.742222  11.102602  -0.747475  12.097919  -20.482325  18.842673  126.906818
0.640618  0.000000  0.000000  0.000000  -36.289639  7.350782  22.500000  54.601126  17.710507  9.564304  -0.747475  12.097919  -20.482325  18.842673  126.906818
0.640852  0.000000  0.000000  0.000000  -36.289639  7.350782  25.000000  55.033065  15.667094  8.060548  -0.747475  12.097919  -20.482325  18.842673  126.906818
0.641086  0.000000  0.000000  0.000000  -36.289639  7.350782  27.500000  55.405654  13.613622  6.586695  -0.747475  12.097919  -20.482325  18.842673  126.906818
0.641320  0.000000  0.000000  0.000000  -36.289639  7.350782  30.000000  55.721263  11.551629  5.138246  -0.747475  12.097919  -20.482325  18.842673  126.906818
0.641554  0.000000  0.000000  0.000000  -36.289639  7.350782  32.500000  55.981836  9.482557  3.710993  -0.747475  12.097919  -20.482325  18.842673  126.906818
0.641788  0.000000  0.000000  0.000000  -36.289639  7.350782  35.000000  56.188967  7.407773  2.300893  -0.747475  12.097919  -20.482325  18.842673  126.906818
0.642022  0.000000  0.000000  0.000000  -36.289639  7.350782  37.500000  56.343936  5.328596  0.904021  -0.747475  12.097919  -20.482325  18.842673  126.906818
0.642255  0.000000  0.000000  0.000000  -36.289639  7.350782  40.000000  56.447683  3.246291  -0.483417  -0.747475  12.097919  -20.482325  18.842673  126.906818
0.642489  0.000000  0.000000  0.000000  -36.289639  7.350782  42.500000  56.500837  1.162096  -1.865142  -0.747475  12.097919  -20.482325  18.842673  126.906818
0.642723  0.000000  0.000000  0.000000  -36.289639  7.350782  45.000000  56.503721  -0.922781  -3.244832  -0.747475  12.097919  -20.482325  18.842673  126.906818
0.642957  0.000000  0.000000  0.000000  -36.289639  7.350782  47.500000  56.456351  -3.007115  -4.626136  -0.747475  12.097919  -20.482325  18.842673  126.906818
0.643191  0.000000  0.000000  0.000000  -36.289639  7.350782  50.000000  56.358434  -5.089692  -6.012728  -0.747475  12.097919  -20.482325  18.842673  126.906818
0.643425  0.000000  0.000000  0.000000  -22.991595  15.086594  -10.000000  41.719990  34.893723  40.792177  -20.353312  18.565109  -9.395959  23.221982  114.589926
0.643659  0.000000  0.000000  0.000000  -22.991595  15.086594  -7.500000  42.968959  33.209513  38.562054  -20.353312  18.565109  -9.395959  23.221982  114.589926
0.643893  0.000000  0.000000  0.000000  -22.991595  15.086594  -5.000000  44.116886  31.487038  36.417070  -20.353312  18.565109  -9.395959  23.221982  114.589926
0.644127  0.000000  0.000000  0.000000  -22.991595  15.086594  -2.500000  45.169372  29.730101  34.350416  -20.353312  18.565109  -9.395959  23.221982  114.589926
0.644361  0.000000  0.000000  0.000000  -22.991595  15.086594  0.000000  46.131713  27.942175  32.355523  -20.353312  18.565109  -9.395959  23.221982  114.589926
0.644595  0.000000  0.000000  0.000000  -22.991595  15.086594  2.500000  47.008859  26.126440  30.426098  -20.353312  18.565109  -9.395959  23.221982  114.589926
0.644829  0.000000  0.000000  0.000000  -22.991595  15.086594  5.000000  47.805389  24.285809  28.556141  -20.353312  18.565109  -9.395959  23.221982  114.589926
0.645063  0.000000  0.000000  0.000000  -22.991595  15.086594  7.500000  48.525504  22.422956  26.739949  -20.353312  18.565109  -9.395959  23.221982  114.589926
0.645297  0.000000  0.000000  0.000000  -22.991595  15.086594  10.000000  49.173014  20.540341  24.972111  -20.353312  18.565109  -9.395959  23.221982  114.589926
0.645531  0.000000  0.000000  0.000000  -22.991595  15.086594  12.500000  49.751398  18.640248  23.247470  -20.353312  18.565109  -9.395959  23.221982  114.589926
0.645765  0.000000  0.000000  0.000000  -22.991595  15.086594  15.000000  50.263713  16.724781  21.561149  -20.353312  18.565109  -9.395959  23.221982  114.589926
0.645999  0.000000  0.000000  0.000000  -22.991595  15.086594  17.500000  50.712690  14.795910  19.908497  -20.353312  18.565109  -9.395959  23.221982  114.589926
0.646233  0.000000  0.000000  0.000000  -22.991595  15.086594  20.000000  51.100720  12.855477  18.285070  -20.353312  18.565109  -9.395959  23.221982  114.589926
0.646467  0.000000  0.000000  0.000000  -22.991595  15.086594  22.500000  51.429857  10.905217  16.686617  -20.353312  18.565109  -9.395959  23.221982  114.589926
0.646701  0.000000  0.000000  0.000000  -22.991595  15.086594  25.000000  51.701850  8.946784  15.109041  -20.353312  18.565109  -9.395959  23.221982  114.589926
0.646935  0.000000  0.000000  0.000000  -22.991595  15.086594  27.500000  51.918132  6.981749  13.548384  -20.353312  18.565109  -9.395959  23.221982  114.589926
0.647169  0.000000  0.000000  0.000000  -22.991595  15.086594  30.000000  52.079850  5.011622  12.000803  -20.353312  18.565109  -9.395959  23.221982  114.589926
0.647403  0.000000  0.000000  0.000000  -22.991595  15.086594  32.500000  52.187833  3.037893  10.462537  -20.353312  18.565109  -9.395959  23.221982  114.589926
0.647637  0.000000  0.000000  0.000000  -22.991595  15.086594  35.000000  52.242667  1.061980  8.929891  -20.353312  18.565109  -9.395959  23.221982  114.589926
0.647871  0.000000  0.000000  0.000000  -22.991595  15.086594  37.500000  52.244638  -0.914679  7.399212  -20.353312  18.565109  -9.395959  23.221982  114.589926
0.648105  0.000000  0.000000  0.000000  -22.991595  15.086594  40.000000  52.193745  -2.890708  5.866829  -20.353312  18.565109  -9.395959  23.221982  114.589926
0.648339  0.000000  0.000000  0.000000  -22.991595  15.086594  42.500000  52.089734  -4.864657  4.329107  -20.353312  18.565109  -9.395959  23.221982  114.589926
0.648573  0.000000  0.000000  0.000000  -22.991595  15.086594  45.000000  51.932053  -6.835097  2.782347  -20.353312  18.565109  -9.395959  23.221982  114.589926
0.648807  0.000000  0.000000  0.000000  -22.991595  15.086594  47.500000  51.719869  -8.800557  1.222792  -20.353312  18.565109  -9.395959  23.221982  114.589926
0.649041  0.000000  0.000000  0.000000  -22.991595  15.086594  50.000000  51.452078  -10.759540  -0.353382  -20.353312  18.565109  -9.395959  23.221982  114.589926
0.649275  0.000000  0.000000  0.000000  -36.603130  8.323693  -10.000000  41.822167  42.082084  37.760825  5.351545  33.994654  -13.568424  12.749901  128.023348
0.649509  0.000000  0.000000  0.000000  -36.603130  8.323693  -7.500000  43.434758  40.388670  35.314855  5.351545  33.994654  -13.568424  12.749901  128.023348
0.649743  0.000000  0.000000  0.000000  -36.603130  8.323693  -5.000000  44.914032  38.646272  32.990556  5.351545  33.994654  -13.568424  12.749901  128.023348
0.649977  0.000000  0.000000  0.000000  -36.603130  8.323693  -2.500000  46.268981  36.860086  30.777971  5.351545  33.994654  -13.568424  12.749901  128.023348
0.650211  0.000000  0.000000  0.000000  -36.603130  8.323693  0.000000  47.508141  35.034779  28.667543  5.351545  33.994654  -13.568424  12.749901  128.023348
0.650445  0.000000  0.000000  0.000000  -36.603130  8.323693  2.500000  48.639503  33.174540  26.650206  5.351545  33.994654  -13.568424  12.749901  128.023348
0.650679  0.000000  0.000000  0.000000  -36.603130  8.323693  5.000000  49.670465  31.283131  24.717428  5.351545  33.994654  -13.568424  12.749901  128.023348
0.650912  0.000000  0.000000  0.000000  -36.603130  8.323693  7.500000  50.607821  29.363933  22.861222  5.351545  33.994654  -13.568424  12.749901  128.023348
0.651146  0.000000  0.000000  0.000000  -36.603130  8.323693  10.000000  51.457754  27.419992  21.074136  5.351545  33.994654  -13.568424  12.749901  128.023348
0.651380  0.000000  0.000000  0.000000  -36.603130  8.323693  12.500000  52.225864  25.454058  19.349232  5.351545  33.994654  -13.568424  12.749901  128.023348
0.651614  0.000000  0.000000  0.000000  -36.603130  8.323693  15.000000  52.917186  23.468623  17.680047  5.351545  33.994654  -13.568424  12.749901  128.023348
0.651848  0.000000  0.000000  0.000000  -36.603130  8.323693  17.500000  53.536216  21.465954  16.060566  5.351545  33.994654  -13.568424  12.749901  128.023348
0.652082  0.000000  0.000000  0.000000  -36.603130  8.323693  20.000000  54.086957  19.448129  14.485158  5.351545  33.994654  -13.568424  12.749901  128.023348
0.652316  0.000000  0.000000  0.000000  -36.603130  8.323693  22.500000  54.572883  17.417024  12.948626  5.351545  33.994654  -13.568424  12.749901  128.023348
0.652550  0.000000  0.000000  0.000000  -36.603130  8.323693  25.000000  54.997125  15.374417  11.445979  5.351545  33.994654  -13.568424  12.749901  128.023348
0.652784  0.000000  0.000000  0.000000  -36.603130  8.323693  27.500000  55.362336  13.321933  9.972585  5.351545  33.994654  -13.568424  12.749901  128.023348
0.653018  0.000000  0.000000  0.000000  -36.603130  8.323693  30.000000  55.670782  11.261098  8.524030  5.351545  33.994654  -13.568424  12.749901  128.023348
0.653252  0.000000  0.000000  0.000000  -36.603130  8.323693  32.500000  55.924369  9.193351  7.096115  5.351545  33.994654  -13.568424  12.749901  128.023348
0.653486  0.000000  0.000000  0.000000  -36.603130  8.323693  35.000000  56.124637  7.120049  5.684825  5.351545  33.994654  -13.568424  12.749901  128.023348
0.653720  0.000000  0.000000  0.000000  -36.603130  8.323693  37.500000  56.272831  5.042513  4.286245  5.351545  33.994654  -13.568424  12.749901  128.023348
0.653954  0.000000  0.000000  0.000000  -36.603130  8.323693  40.000000  56.369843  2.962007  2.896595  5.351545  33.994654  -13.568424  12.749901  128.023348
0.654188  0.000000  0.000000  0.000000  -36.603130  8.323693  42.500000  56.416258  0.879771  1.512163  5.351545  33.994654  -13.568424  12.749901  128.023348
0.654422  0.000000  0.000000  0.000000  -36.603130  8.323693  45.000000  56.412357  -1.202977  0.129274  5.351545  33.994654  -13.568424  12.749901  128.023348
0.654656  0.000000  0.000000  0.000000  -36.603130  8.323693  47.500000  56.358115  -3.285025  -1.255726  5.351545  33.994654  -13.568424  12.749901  128.023348
0.654890  0.000000  0.000000  0.000000  -36.603130  8.323693  50.000000  56.253208  -5.365152  -2.646518  5.351545  33.994654  -13.568424  12.749901  128.023348
0.655124  0.000000  0.000000  0.000000  -37.098093  19.230907  -10.000000  36.285274  28.983536  32.832925  11.331150  36.886130  -22.283821  20.974730  124.972612
0.655358  0.000000  0.000000  0.000000  -37.098093  19.230907  -7.500000  37.360055  27.484966  30.561459  11.331150  36.886130  -22.283821  20.974730  124.972612
0.655592  0.000000  0.000000  0.000000  -37.098093  19.230907  -5.000000  38.353743  25.950527  28.351697  11.331150  36.886130  -22.283821  20.974730  124.972612
0.655826  0.000000  0.000000  0.000000  -37.098093  19.230907  -2.500000  39.269206  24.383425  26.199395  11.331150  36.886130  -22.283821  20.974730  124.972612
0.656060  0.000000  0.000000  0.000000  -37.098093  19.230907  0.000000  40.109236  22.786675  24.100297  11.331150  36.886130  -22.283821  20.974730  124.972612
0.656294  0.000000  0.000000  0.000000  -37.098093  19.230907  2.500000  40.876536  21.163105  22.050185  11.331150  36.886130  -22.283821  20.974730  124.972612
0.656528  0.000000  0.000000  0.000000  -37.098093  19.230907  5.000000  41.573658  19.515377  20.044898  11.331150  36.886130  -22.283821  20.974730  124.972612
0.656762  0.000000  0.000000  0.000000  -37.098093  19.230907  7.500000  42.203022  17.846005  18.080337  11.331150  36.886130  -22.283821  20.974730  124.972612
0.656996  0.000000  0.000000  0.000000  -37.098093  19.230907  10.000000  42.766831  16.157350  16.152503  11.331150  36.886130  -22.283821  20.974730  124.972612
0.657230  0.000000  0.000000  0.000000  -37.098093  19.230907  12.500000  43.267121  14.451655  14.257477  11.331150  36.886130  -22.283821  20.974730  124.972612
0.657464  0.000000  0.000000  0.000000  -37.098093  19.230907  15.000000  43.705715  12.731040  12.391444  11.331150  36.886130  -22.283821  20.974730  124.972612
0.657698  0.000000  0.000000  0.000000  -37.098093  19.230907  17.500000  44.084242  10.997539  10.550658  11.331150  36.886130  -22.283821  20.974730  124.972612
0.657932  0.000000  0.000000  0.000000  -37.098093  19.230907  20.000000  44.404128  9.253091  8.731464  11.331150  36.886130  -22.283821  20.974730  124.972612
0.658166  0.000000  0.000000  0.000000  -37.098093  19.230907  22.500000  44.666563  7.499576  6.930270  11.331150  36.886130  -22.283821  20.974730  124.972612
0.658400  0.000000  0.000000  0.000000  -37.098093  19.230907  25.000000  44.872556  5.738790  5.143566  11.331150  36.886130  -22.283821  20.974730  124.972612
0.658634  0.000000  0.000000  0.000000  -37.098093  19.230907  27.500000  45.022890  3.972493  3.367883  11.331150  36.886130  -22.283821  20.974730  124.972612
0.658868  0.000000  0.000000  0.000000  -37.098093  19.230907  30.000000  45.118137  2.202418  1.599798  11.331150  36.886130  -22.283821  20.974730  124.972612
0.659102  0.000000  0.000000  0.000000  -37.098093  19.230907  32.500000  45.158666  0.430242  -0.164094  11.331150  36.886130  -22.283821  20.974730  124.972612
0.659336  0.000000  0.000000  0.000000  -37.098093  19.230907  35.000000  45.144631  -1.342338  -1.927156  11.331150  36.886130  -22.283821  20.974730  124.972612
0.659569  0.000000  0.000000  0.000000  -37.098093  19.230907  37.500000  45.075975  -3.113644  -3.692778  11.331150  36.886130  -22.283821  20.974730  124.972612
0.659803  0.000000  0.000000  0.000000  -37.098093  19.230907  40.000000  44.952441  -4.881992  -5.464351  11.331150  36.886130  -22.283821  20.974730  124.972612
0.660037  0.000000  0.000000  0.000000  -37.098093  19.230907  42.500000  44.773551  -6.645670  -7.245276  11.331150  36.886130  -22.283821  20.974730  124.972612
0.660271  0.000000  0.000000  0.000000  -37.098093  19.230907  45.000000  44.538615  -8.402932  -9.038997  11.331150  36.886130  -22.283821  20.974730  124.972612
0.660505  0.000000  0.000000  0.000000  -37.098093  19.230907  47.500000  44.246763  -10.152016  -10.849009  11.331150  36.886130  -22.283821  20.974730  124.972612
0.660739  0.000000  0.000000  0.000000  -37.098093  19.230907  50.000000  43.896867  -11.891064  -12.678865  11.331150  36.886130  -22.283821  20.974730  124.972612
0.660973  0.000000  0.000000  0.000000  -31.452452  5.672192  -10.000000  42.104120  40.380632  28.549329  -9.453894  22.245638  -5.286790  20.126243  119.103165
0.661207  0.000000  0.000000  0.000000  -31.452452  5.672192  -7.500000  43.616650  38.679805  26.173413  -9.453894  22.245638  -5.286790  20.126243  119.103165
0.661441  0.000000  0.000000  0.000000  -31.452452  5.672192  -5.000000  45.004845  36.933162  23.909256  -9.453894  22.245638  -5.286790  20.126243  119.103165
0.661675  0.000000  0.000000  0.000000  -31.452452  5.672192  -2.500000  46.276818  35.145485  21.747716  -9.453894  22.245638  -5.286790  20.126243  119.103165
0.661909  0.000000  0.000000  0.000000  -31.452452  5.672192  0.000000  47.440255  33.321086  19.680039  -9.453894  22.245638  -5.286790  20.126243  119.103165
0.662143  0.000000  0.000000  0.000000  -31.452452  5.672192  2.500000  48.502330  31.463850  17.697906  -9.453894  22.245638  -5.286790  20.126243  119.103165
0.662377  0.000000  0.000000  0.000000  -31.452452  5.672192  5.000000  49.469681  29.577280  15.793489  -9.453894  22.245638  -5.286790  20.126243  119.103165
0.662611  0.000000  0.000000  0.000000  -31.452452  5.672192  7.500000  50.348382  27.664540  13.959438  -9.453894  22.245638  -5.286790  20.126243  119.103165
0.662845  0.000000  0.000000  0.000000  -31.452452  5.672192  10.000000  51.144001  25.728493  12.188864  -9.453894  22.245638  -5.286790  20.126243  119.103165
0.663079  0.000000  0.000000  0.000000  -31.452452  5.672192  12.500000  51.861540  23.771738  10.475337  -9.453894  22.245638  -5.286790  20.126243  119.103165
0.663313  0.000000  0.000000  0.000000  -31.452452  5.672192  15.000000  52.505499  21.796642  8.812843  -9.453894  22.245638  -5.286790  20.126243  119.103165
0.663547  0.000000  0.000000  0.000000  -31.452452  5.672192  17.500000  53.079890  19.805370  7.195756  -9.453894  22.245638  -5.286790  20.126243  119.103165
0.663781  0.000000  0.000000  0.000000  -31.452452  5.672192  20.000000  53.588261  17.799912  5.618805  -9.453894  22.245638  -5.286790  20.126243  119.103165
0.664015  0.000000  0.000000  0.000000  -31.452452  5.672192  22.500000  54.033749  15.782101  4.077017  -9.453894  22.245638  -5.286790  20.126243  119.103165
0.664249  0.000000  0.000000  0.000000  -31.452452  5.672192  25.000000  54.419070  13.753644  2.565705  -9.453894  22.245638  -5.286790  20.126243  119.103165
0.664483  0.000000  0.000000  0.000000  -31.452452  5.672192  27.500000  54.746562  11.716145  1.080429  -9.453894  22.245638  -5.286790  20.126243  119.103165
0.664717  0.000000  0.000000  0.000000  -31.452452  5.672192  30.000000  55.018172  9.671097  -0.383056  -9.453894  22.245638  -5.286790  20.126243  119.103165
0.664951  0.000000  0.000000  0.000000  -31.452452  5.672192  32.500000  55.235551  7.619941  -1.828811  -9.453894  22.245638  -5.286790  20.126243  119.103165
0.665185  0.000000  0.000000  0.000000  -31.452452  5.672192  35.000000  55.399967  5.564029  -3.260763  -9.453894  22.245638  -5.286790  20.126243  119.103165
0.665419  0.000000  0.000000  0.000000  -31.452452  5.672192  37.500000  55.512406  3.504685  -4.682733  -9.453894  22.245638  -5.286790  20.126243  119.103165
0.665653  0.000000  0.000000  0.000000  -31.452452  5.672192  40.000000  55.573529  1.443208  -6.098443  -9.453894  22.245638  -5.286790  20.126243  119.103165
0.665887  0.000000  0.000000  0.000000  -31.452452  5.672192  42.500000  55.583693  -0.619152  -7.511591  -9.453894  22.245638  -5.286790  20.126243  119.103165
0.666121  0.000000  0.000000  0.000000  -31.452452  5.672192  45.000000  55.542959  -2.681136  -8.925838  -9.453894  22.245638  -5.286790  20.126243  119.103165
0.666355  0.000000  0.000000  0.000000  -31.452452  5.672192  47.500000  55.451087  -4.741483  -10.344861  -9.453894  22.245638  -5.286790  20.126243  119.103165
0.666589  0.000000  0.000000  0.000000  -31.452452  5.672192  50.000000  55.307540  -6.798922  -11.772373  -9.453894  22.245638  -5.286790  20.126243  119.103165
0.666823  0.000000  0.000000  0.000000  -34.926609  12.804893  -10.000000  39.977147  32.938858  28.802521  -15.619317  24.863533  0.406209  31.637289  110.671682
0.667057  0.000000  0.000000  0.000000  -34.926609  12.804893  -7.500000  41.169745  31.312562  26.560294  -15.619317  24.863533  0.406209  31.637289  110.671682
0.667291  0.000000  0.000000  0.000000  -34.926609  12.804893  -5.000000  42.268271  29.648642  24.395051  -15.619317  24.863533  0.406209  31.637289  110.671682
0.667525  0.000000  0.000000  0.000000  -34.926609  12.804893  -2.500000  43.277304  27.950697  22.300940  -15.619317  24.863533  0.406209  31.637289  110.671682
0.667759  0.000000  0.000000  0.000000  -34.926609  12.804893  0.000000  44.201219  26.222051  20.272247  -15.619317  24.863533  0.406209  31.637289  110.671682
0.667993  0.000000  0.000000  0.000000  -34.926609  12.804893  2.500000  45.044134  24.465775  18.303442  -15.619317  24.863533  0.406209  31.637289  110.671682
0.668226  0.000000  0.000000  0.000000  -34.926609  12.804893  5.000000  45.809899  22.684704  16.389185  -15.619317  24.863533  0.406209  31.637289  110.671682
0.668460  0.000000  0.000000  0.000000  -34.926609  12.804893  7.500000  46.502055  20.881460  14.524350  -15.619317  24.863533  0.406209  31.637289  110.671682
0.668694  0.000000  0.000000  0.000000  -34.926609  12.804893  10.000000  47.123887  19.058490  12.704001  -15.619317  24.863533  0.406209  31.637289  110.671682
0.668928  0.000000  0.000000  0.000000  -34.926609  12.804893  12.500000  47.678315  17.218061  10.923430  -15.619317  24.863533  0.406209  31.637289  110.671682
0.669162  0.000000  0.000000  0.000000  -34.926609  12.804893  15.000000  48.167979  15.362295  9.178112  -15.619317  24.863533  0.406209  31.637289  110.671682
0.669396  0.000000  0.000000  0.000000  -34.926609  12.804893  17.500000  48.595228  13.493189  7.463698  -15.619317  24.863533  0.406209  31.637289  110.671682
0.669630  0.000000  0.000000  0.000000  -34.926609  12.804893  20.000000  48.962109  11.612626  5.776002  -15.619317  24.863533  0.406209  31.637289  110.671682
0.669864  0.000000  0.000000  0.000000  -34.926609  12.804893  22.500000  49.270386  9.722396  4.110978  -15.619317  24.863533  0.406209  31.637289  110.671682
0.670098  0.000000  0.000000  0.000000  -34.926609  12.804893  25.000000  49.521529  7.824198  2.464725  -15.619317  24.863533  0.406209  31.637289  110.671682
0.670332  0.000000  0.000000  0.000000  -34.926609  12.804893  27.500000  49.716755  5.919681  0.833416  -15.619317  24.863533  0.406209  31.637289  110.671682
0.670566  0.000000  0.000000  0.000000  -34.926609  12.804893  30.000000  49.857001  4.010428  -0.786672  -15.619317  24.863533  0.406209  31.637289  110.671682
0.670800  0.000000  0.000000  0.000000  -34.926609  12.804893  32.500000  49.942932  2.098007  -2.399192  -15.619317  24.863533  0.406209  31.637289  110.671682
0.671034  0.000000  0.000000  0.000000  -34.926609  12.804893  35.000000  49.974971  0.183918  -4.007781  -15.619317  24.863533  0.406209  31.637289  110.671682
0.671268  0.000000  0.000000  0.000000  -34.926609  12.804893  37.500000  49.953266  -1.730315  -5.616023  -15.619317  24.863533  0.406209  31.637289  110.671682
0.671502  0.000000  0.000000  0.000000  -34.926609  12.804893  40.000000  49.877706  -3.643172  -7.227503  -15.619317  24.863533  0.406209  31.637289  110.671682
0.671736  0.000000  0.000000  0.000000  -34.926609  12.804893  42.500000  49.747945  -5.553155  -8.845862  -15.619317  24.863533  0.406209  31.637289  110.671682
0.671970  0.000000  0.000000  0.000000  -34.926609  12.804893  45.000000  49.563349  -7.458704  -10.474729  -15.619317  24.863533  0.406209  31.637289  110.671682
0.672204  0.000000  0.000000  0.000000  -34.926609  12.804893  47.500000  49.323030  -9.358238  -12.117819  -15.619317  24.863533  0.406209  31.637289  110.671682
0.672438  0.000000  0.000000  0.000000  -34.926609  12.804893  50.000000  49.025843  -11.250129  -13.778931  -15.619317  24.863533  0.406209  31.637289  110.671682
0.672672  0.000000  0.000000  0.000000  -39.166703  14.896761  -10.000000  36.666511  28.902551  26.736171  15.865891  30.797807  -24.563410  31.298844  111.090897
0.672906  0.000000  0.000000  0.000000  -39.166703  14.896761  -7.500000  37.732061  27.390859  24.477785  15.865891  30.797807  -24.563410  31.298844  111.090897
0.673140  0.000000  0.000000  0.000000  -39.166703  14.896761  -5.000000  38.716465  25.843797  22.281016  15.865891  30.797807  -24.563410  31.298844  111.090897
0.673374  0.000000  0.000000  0.000000  -39.166703  14.896761  -2.500000  39.622651  24.264552  20.141550  15.865891  30.797807  -24.563410  31.298844  111.090897
0.673608  0.000000  0.000000  0.000000  -39.166703  14.896761  0.000000  40.453465  22.656119  18.055076  15.865891  30.797807  -24.563410  31.298844  111.090897
0.673842  0.000000  0.000000  0.000000  -39.166703  14.896761  2.500000  41.211626  21.021304  16.017335  15.865891  30.797807  -24.563410  31.298844  111.090897
0.674076  0.000000  0.000000  0.000000  -39.166703  14.896761  5.000000  41.899769  19.362760  14.024105  15.865891  30.797807  -24.563410  31.298844  111.090897
0.674310  0.000000  0.000000  0.000000  -39.166703  14.896761  7.500000  42.520273  17.682966  12.071280  15.865891  30.797807  -24.563410  31.298844  111.090897
0.674544  0.000000  0.000000  0.000000  -39.166703  14.896761  10.000000  43.075374  15.984268  10.154829  15.865891  30.797807  -24.563410  31.298844  111.090897
0.674778  0.000000  0.000000  0.000000  -39.166703  14.896761  12.500000  43.567108  14.268889  8.270816  15.865891  30.797807  -24.563410  31.298844  111.090897
0.675012  0.000000  0.000000  0.000000  -39.166703  14.896761  15.000000  43.997303  12.538934  6.415403  15.865891  30.797807  -24.563410  31.298844  111.090897
0.675246  0.000000  0.000000  0.000000  -39.166703  14.896761  17.500000  44.367583  10.796421  4.584832  15.865891  30.797807  -24.563410  31.298844  111.090897
0.675480  0.000000  0.000000  0.000000  -39.166703  14.896761  20.000000  44.679350  9.043271  2.775438  15.865891  30.797807  -24.563410  31.298844  111.090897
0.675714  0.000000  0.000000  0.000000  -39.166703  14.896761  22.500000  44.933794  7.281335  0.983634  15.865891  30.797807  -24.563410  31.298844  111.090897
0.675948  0.000000  0.000000  0.000000  -39.166703  14.896761  25.000000  45.131901  5.512411  -0.794117  15.865891  30.797807  -24.563410  31.298844  111.090897
0.676182  0.000000  0.000000  0.000000  -39.166703  14.896761  27.500000  45.274433  3.738243  -2.561292  15.865891  30.797807  -24.563410  31.298844  111.090897
0.676416  0.000000  0.000000  0.000000  -39.166703  14.896761  30.000000  45.361942  1.960545  -4.321316  15.865891  30.797807  -24.563410  31.298844  111.090897
0.676650  0.000000  0.000000  0.000000  -39.166703  14.896761  32.500000  45.394770  0.181008  -6.077610  15.865891  30.797807  -24.563410  31.298844  111.090897
0.676883  0.000000  0.000000  0.000000  -39.166703  14.896761  35.000000  45.373045  -1.598707  -7.833560  15.865891  30.797807  -24.563410  31.298844  111.090897
0.677117  0.000000  0.000000  0.000000  -39.166703  14.896761  37.500000  45.296679  -3.376913  -9.592550  15.865891  30.797807  -24.563410  31.298844  111.090897
0.677351  0.000000  0.000000  0.000000  -39.166703  14.896761  40.000000  45.165372  -5.151932  -11.357992  15.865891  30.797807  -24.563410  31.298844  111.090897
0.677585  0.000000  0.000000  0.000000  -39.166703  14.896761  42.500000  44.978625  -6.922062  -13.133313  15.865891  30.797807  -24.563410  31.298844  111.090897
0.677819  0.000000  0.000000  0.000000  -39.166703  14.896761  45.000000  44.735708  -8.685560  -14.921976  15.865891  30.797807  -24.563410  31.298844  111.090897
0.678053  0.000000  0.000000  0.000000  -39.166703  14.896761  47.500000  44.435693  -10.440644  -16.727501  15.865891  30.797807  -24.563410  31.298844  111.090897
0.678287  0.000000  0.000000  0.000000  -39.166703  14.896761  50.000000  44.077422  -12.185475  -18.553469  15.865891  30.797807  -24.563410  31.298844  111.090897
0.678521  0.000000  0.000000  0.000000  -34.612839  4.628567  -10.000000  42.699859  26.198529  14.350855  16.239230  24.287032  -6.865904  13.980616  111.930916
0.678755  0.000000  0.000000  0.000000  -34.612839  4.628567  -7.500000  43.564127  24.489133  12.332166  16.239230  24.287032  -6.865904  13.980616  111.930916
0.678989  0.000000  0.000000  0.000000  -34.612839  4.628567  -5.000000  44.351297  22.753631  10.368020  16.239230  24.287032  -6.865904  13.980616  111.930916
0.679223  0.000000  0.000000  0.000000  -34.612839  4.628567  -2.500000  45.064735  20.994721  8.453488  16.239230  24.287032  -6.865904  13.980616  111.930916
0.679457  0.000000  0.000000  0.000000  -34.612839  4.628567  0.000000  45.707538  19.214911  6.583811  16.239230  24.287032  -6.865904  13.980616  111.930916
0.679691  0.000000  0.000000  0.000000  -34.612839  4.628567  2.500000  46.282559  17.416553  4.754391  16.239230  24.287032  -6.865904  13.980616  111.930916
0.679925  0.000000  0.000000  0.000000  -34.612839  4.628567  5.000000  46.792341  15.601840  2.960813  16.239230  24.287032  -6.865904  13.980616  111.930916
0.680159  0.000000  0.000000  0.000000  -34.612839  4.628567  7.500000  47.239179  13.772841  1.198809  16.239230  24.287032  -6.865904  13.980616  111.930916
0.680393  0.000000  0.000000  0.000000  -34.612839  4.628567  10.000000  47.625080  11.931504  -0.535731  16.239230  24.287032  -6.865904  13.980616  111.930916
0.680627  0.000000  0.000000  0.000000  -34.612839  4.628567  12.500000  47.951797  10.079689  -2.246802  16.239230  24.287032  -6.865904  13.980616  111.930916
0.680861  0.000000  0.000000  0.000000  -34.612839  4.628567  15.000000  48.220815  8.219170  -3.938275  16.239230  24.287032  -6.865904  13.980616  111.930916
0.681095  0.000000  0.000000  0.000000  -34.612839  4.628567  17.500000  48.433348  6.351657  -5.613926  16.239230  24.287032  -6.865904  13.980616  111.930916
0.681329  0.000000  0.000000  0.000000  -34.612839  4.628567  20.000000  48.590372  4.478790  -7.277440  16.239230  24.287032  -6.865904  13.980616  111.930916
0.681563  0.000000  0.000000  0.000000  -34.612839  4.628567  22.500000  48.692586  2.602196  -8.932446  16.239230  24.287032  -6.865904  13.980616  111.930916
0.681797  0.000000  0.000000  0.000000  -34.612839  4.628567  25.000000  48.740485  0.723421  -10.582523  16.239230  24.287032  -6.865904  13.980616  111.930916
0.682031  0.000000  0.000000  0.000000  -34.612839  4.628567  27.500000  48.734267  -1.155937  -12.231238  16.239230  24.287032  -6.865904  13.980616  111.930916
0.682265  0.000000  0.000000  0.000000  -34.612839  4.628567  30.000000  48.673891  -3.034351  -13.882144  16.239230  24.287032  -6.865904  13.980616  111.930916
0.682499  0.000000  0.000000  0.000000  -34.612839  4.628567  32.500000  48.559107  -4.910237  -15.538792  16.239230  24.287032  -6.865904  13.980616  111.930916
0.682733  0.000000  0.000000  0.000000  -34.612839  4.628567  35.000000  48.389381  -6.782014  -17.204777  16.239230  24.287032  -6.865904  13.980616  111.930916
0.682967  0.000000  0.000000  0.000000  -34.612839  4.628567  37.500000  48.163937  -8.648061  -18.883740  16.239230  24.287032  -6.865904  13.980616  111.930916
0.683201  0.000000  0.000000  0.000000  -34.612839  4.628567  40.000000  47.881763  -10.506733  -20.579385  16.239230  24.287032  -6.865904  13.980616  111.930916
0.683435  0.000000  0.000000  0.000000  -34.612839  4.628567  42.500000  47.541564  -12.356293  -22.295512  16.239230  24.287032  -6.865904  13.980616  111.930916
0.683669  0.000000  0.000000  0.000000  -34.612839  4.628567  45.000000  47.141799  -14.194960  -24.036018  16.239230  24.287032  -6.865904  13.980616  111.930916
0.683903  0.000000  0.000000  0.000000  -34.612839  4.628567  47.500000  46.680663  -16.020858  -25.804917  16.239230  24.287032  -6.865904  13.980616  111.930916
0.684137  0.000000  0.000000  0.000000  -34.612839  4.628567  50.000000  46.156082  -17.831987  -27.606358  16.239230  24.287032  -6.865904  13.980616  111.930916
0.684371  0.000000  0.000000  0.000000  -28.439095  7.969921  -10.000000  39.942848  32.549005  27.267979  5.505300  12.933007  -15.087480  27.021860  128.920829
0.684605  0.000000  0.000000  0.000000  -28.439095  7.969921  -7.500000  41.118289  30.924134  25.033792  5.505300  12.933007  -15.087480  27.021860  128.920829
0.684839  0.000000  0.000000  0.000000  -28.439095  7.969921  -5.000000  42.200887  29.262152  22.875091  5.505300  12.933007  -15.087480  27.021860  128.920829
0.685073  0.000000  0.000000  0.000000  -28.439095  7.969921  -2.500000  43.195104  27.566607  20.786128  5.505300  12.933007  -15.087480  27.021860  128.920829
0.685307  0.000000  0.000000  0.000000  -28.439095  7.969921  0.000000  44.105197  25.840775  18.761292  5.505300  12.933007  -15.087480  27.021860  128.920829
0.685540  0.000000  0.000000  0.000000  -28.439095  7.969921  2.500000  44.935179  24.087686  16.795142  5.505300  12.933007  -15.087480  27.021860  128.920829
0.685774  0.000000  0.000000  0.000000  -28.439095  7.969921  5.000000  45.688794  22.310142  14.882429  5.505300  12.933007  -15.087480  27.021860  128.920829
0.686008  0.000000  0.000000  0.000000  -28.439095  7.969921  7.500000  46.369489  20.510738  13.018104  5.505300  12.933007  -15.087480  27.021860  128.920829
0.686242  0.000000  0.000000  0.000000  -28.439095  7.969921  10.000000  46.980444  18.691895  11.197309  5.505300  12.933007  -15.087480  27.021860  128.920829
0.686476  0.000000  0.000000  0.000000  -28.439095  7.969921  12.500000  47.524503  16.855860  9.415400  5.505300  12.933007  -15.087480  27.021860  128.920829
0.686710  0.000000  0.000000  0.000000  -28.439095  7.969921  15.000000  48.004228  15.004748  7.667909  5.505300  12.933007  -15.087480  27.021860  128.920829
0.686944  0.000000  0.000000  0.000000  -28.439095  7.969921  17.500000  48.421898  13.140532  5.950528  5.505300  12.933007  -15.087480  27.021860  128.920829
0.687178  0.000000  0.000000  0.000000  -28.439095  7.969921  20.000000  48.779496  11.265097  4.259125  5.505300  12.933007  -15.087480  27.021860  128.920829
0.687412  0.000000  0.000000  0.000000  -28.439095  7.969921  22.500000  49.078696  9.380216  2.589693  5.505300  12.933007  -15.087480  27.021860  128.920829
0.687646  0.000000  0.000000  0.000000  -28.439095  7.969921  25.000000  49.320950  7.487604  0.938353  5.505300  12.933007  -15.087480  27.021860  128.920829
0.687880  0.000000  0.000000  0.000000  -28.439095  7.969921  27.500000  49.507389  5.588891  -0.698687  5.505300  12.933007  -15.087480  27.021860  128.920829
0.688114  0.000000  0.000000  0.000000  -28.439095  7.969921  30.000000  49.638909  3.685668  -2.325136  5.505300  12.933007  -15.087480  27.021860  128.920829
0.688348  0.000000  0.000000  0.000000  -28.439095  7.969921  32.500000  49.716133  1.779513  -3.944619  5.505300  12.933007  -15.087480  27.021860  128.920829
0.688582  0.000000  0.000000  0.000000  -28.439095  7.969921  35.000000  49.739428  -0.128066  -5.560762  5.505300  12.933007  -15.087480  27.021860  128.920829
0.688816  0.000000  0.000000  0.000000  -28.439095  7.969921  37.500000  49.708905  -2.035546  -7.177145  5.505300  12.933007  -15.087480  27.021860  128.920829
0.689050  0.000000  0.000000  0.000000  -28.439095  7.969921  40.000000  49.624416  -3.941403  -8.797358  5.505300  12.933007  -15.087480  27.021860  128.920829
0.689284  0.000000  0.000000  0.000000  -28.439095  7.969921  42.500000  49.485567  -5.844105  -10.425011  5.505300  12.933007  -15.087480  27.021860  128.920829
0.689518  0.000000  0.000000  0.000000  -28.439095  7.969921  45.000000  49.291685  -7.742086  -12.063752  5.505300  12.933007  -15.087480  27.021860  128.920829
0.689752  0.000000  0.000000  0.000000  -28.439095  7.969921  47.500000  49.041867  -9.633762  -13.717301  5.505300  12.933007  -15.087480  27.021860  128.920829
0.689986  0.000000  0.000000  0.000000  -28.439095  7.969921  50.000000  48.734913  -11.517470  -15.389450  5.505300  12.933007  -15.087480  27.021860  128.920829
0.690220  0.000000  0.000000  0.000000  -22.985826  12.740746  -10.000000  38.112636  19.624254  14.327172  1.770417  27.258157  -4.379208  23.856889  114.843642
0.690454  0.000000  0.000000  0.000000  -22.985826  12.740746  -7.500000  38.781088  18.069608  12.258335  1.770417  27.258157  -4.379208  23.856889  114.843642
0.690688  0.000000  0.000000  0.000000  -22.985826  12.740746  -5.000000  39.384926  16.493324  10.226057  1.770417  27.258157  -4.379208  23.856889  114.843642
0.690922  0.000000  0.000000  0.000000  -22.985826  12.740746  -2.500000  39.925877  14.897740  8.226819  1.770417  27.258157  -4.379208  23.856889  114.843642
0.691156  0.000000  0.000000  0.000000  -22.985826  12.740746  0.000000  40.405521  13.285073  6.257153  1.770417  27.258157  -4.379208  23.856889  114.843642
0.691390  0.000000  0.000000  0.000000  -22.985826  12.740746  2.500000  40.825305  11.657463  4.313617  1.770417  27.258157  -4.379208  23.856889  114.843642
0.691624  0.000000  0.000000  0.000000  -22.985826  12.740746  5.000000  41.186521  10.016963  2.392818  1.770417  27.258157  -4.379208  23.856889  114.843642
0.691858  0.000000  0.000000  0.000000  -22.985826  12.740746  7.500000  41.490304  8.365539  0.491420  1.770417  27.258157  -4.379208  23.856889  114.843642
0.692092  0.000000  0.000000  0.000000  -22.985826  12.740746  10.000000  41.737561  6.705129  -1.393894  1.770417  27.258157  -4.379208  23.856889  114.843642
0.692326  0.000000  0.000000  0.000000  -22.985826  12.740746  12.500000  41.929158  5.037558  -3.266371  1.770417  27.258157  -4.379208  23.856889  114.843642
0.692560  0.000000  0.000000  0.000000  -22.985826  12.740746  15.000000  42.065653  3.364670  -5.129248  1.770417  27.258157  -4.379208  23.856889  114.843642
0.692794  0.000000  0.000000  0.000000  -22.985826  12.740746  17.500000  42.147504  1.688245  -6.985734  1.770417  27.258157  -4.379208  23.856889  114.843642
0.693028  0.000000  0.000000  0.000000  -22.985826  12.740746  20.000000  42.174975  0.010049  -8.839018  1.770417  27.258157  -4.379208  23.856889  114.843642
0.693262  0.000000  0.000000  0.000000  -22.985826  12.740746  22.500000  42.148154  -1.668155  -10.692284  1.770417  27.258157  -4.379208  23.856889  114.843642
0.693496  0.000000  0.000000  0.000000  -22.985826  12.740746  25.000000  42.066954  -3.344612  -12.548709  1.770417  27.258157  -4.379208  23.856889  114.843642
0.693730  0.000000  0.000000  0.000000  -22.985826  12.740746  27.500000  41.931116  -5.017556  -14.411495  1.770417  27.258157  -4.379208  23.856889  114.843642
0.693964  0.000000  0.000000  0.000000  -22.985826  12.740746  30.000000  41.740197  -6.685196  -16.283839  1.770417  27.258157  -4.379208  23.856889  114.843642
0.694197  0.000000  0.000000  0.000000  -22.985826  12.740746  32.500000  41.493578  -8.345707  -18.168974  1.770417  27.258157  -4.379208  23.856889  114.843642
0.694431  0.000000  0.000000  0.000000  -22.985826  12.740746  35.000000  41.190497  -9.997248  -20.070165  1.770417  27.258157  -4.379208  23.856889  114.843642
0.694665  0.000000  0.000000  0.000000  -22.985826  12.740746  37.500000  40.829975  -11.637889  -21.990712  1.770417  27.258157  -4.379208  23.856889  114.843642
0.694899  0.000000  0.000000  0.000000  -22.985826  12.740746  40.000000  40.410893  -13.265663  -23.933962  1.770417  27.258157  -4.379208  23.856889  114.843642
0.695133  0.000000  0.000000  0.000000  -22.985826  12.740746  42.500000  39.931972  -14.878527  -25.903301  1.770417  27.258157  -4.379208  23.856889  114.843642
0.695367  0.000000  0.000000  0.000000  -22.985826  12.740746  45.000000  39.391770  -16.474325  -27.902154  1.770417  27.258157  -4.379208  23.856889  114.843642
0.695601  0.000000  0.000000  0.000000  -22.985826  12.740746  47.500000  38.788698  -18.050857  -29.934013  1.770417  27.258157  -4.379208  23.856889  114.843642
0.695835  0.000000  0.000000  0.000000  -22.985826  12.740746  50.000000  38.121046  -19.605767  -32.002388  1.770417  27.258157  -4.379208  23.856889  114.843642
0.696069  0.000000  0.000000  0.000000  -42.085111  20.839186  -10.000000  37.451242  20.458623  23.640295  20.252338  28.661226  -11.315127  22.430921  128.404878
0.696303  0.000000  0.000000  0.000000  -42.085111  20.839186  -7.500000  38.158318  18.926015  21.542384  20.252338  28.661226  -11.315127  22.430921  128.404878
0.696537  0.000000  0.000000  0.000000  -42.085111  20.839186  -5.000000  38.799921  17.370267  19.482893  20.252338  28.661226  -11.315127  22.430921  128.404878
0.696771  0.000000  0.000000  0.000000  -42.085111  20.839186  -2.500000  39.377822  15.793789  17.458320  20.252338  28.661226  -11.315127  22.430921  128.404878
0.697005  0.000000  0.000000  0.000000  -42.085111  20.839186  0.000000  39.893654  14.198863  15.465204  20.252338  28.661226  -11.315127  22.430921  128.404878
0.697239  0.000000  0.000000  0.000000  -42.085111  20.839186  2.500000  40.348918  12.587677  13.500117  20.252338  28.661226  -11.315127  22.430921  128.404878
0.697473  0.000000  0.000000  0.000000  -42.085111  20.839186  5.000000  40.744980  10.962339  11.559662  20.252338  28.661226  -11.315127  22.430921  128.404878
0.697707  0.000000  0.000000  0.000000  -42.085111  20.839186  7.500000  41.083041  9.324869  9.640493  20.252338  28.661226  -11.315127  22.430921  128.404878
0.697941  0.000000  0.000000  0.000000  -42.085111  20.839186  10.000000  41.364142  7.677218  7.739309  20.252338  28.661226  -11.315127  22.430921  128.404878
0.698175  0.000000  0.000000  0.000000  -42.085111  20.839186  12.500000  41.589167  6.021270  5.852844  20.252338  28.661226  -11.315127  22.430921  128.404878
0.698409  0.000000  0.000000  0.000000  -42.085111  20.839186  15.000000  41.758805  4.358901  3.977872  20.252338  28.661226  -11.315127  22.430921  128.404878
0.698643  0.000000  0.000000  0.000000  -42.085111  20.839186  17.500000  41.873607  2.691909  2.111189  20.252338  28.661226  -11.315127  22.430921  128.404878
0.698877  0.000000  0.000000  0.000000  -42.085111  20.839186  20.000000  41.933946  1.022046  0.249606  20.252338  28.661226  -11.315127  22.430921  128.404878
0.699111  0.000000  0.000000  0.000000  -42.085111  20.839186  22.500000  41.940004  -0.648888  -1.610039  20.252338  28.661226  -11.315127  22.430921  128.404878
0.699345  0.000000  0.000000  0.000000  -42.085111  20.839186  25.000000  41.891801  -2.319126  -3.470912  20.252338  28.661226  -11.315127  22.430921  128.404878
0.699579  0.000000  0.000000  0.000000  -42.085111  20.839186  27.500000  41.789179  -3.986918  -5.336173  20.252338  28.661226  -11.315127  22.430921  128.404878
0.699813  0.000000  0.000000  0.000000  -42.085111  20.839186  30.000000  41.631831  -5.650489  -7.209028  20.252338  28.661226  -11.315127  22.430921  128.404878
0.700047  0.000000  0.000000  0.000000  -42.085111  20.839186  32.500000  41.419236  -7.308023  -9.092645  20.252338  28.661226  -11.315127  22.430921  128.404878
0.700281  0.000000  0.000000  0.000000  -42.085111  20.839186  35.000000  41.150731  -8.957687  -10.990259  20.252338  28.661226  -11.315127  22.430921  128.404878
0.700515  0.000000  0.000000  0.000000  -42.085111  20.839186  37.500000  40.825478  -10.597597  -12.905125  20.252338  28.661226  -11.315127  22.430921  128.404878
0.700749  0.000000  0.000000  0.000000  -42.085111  20.839186  40.000000  40.442451  -12.225814  -14.840551  20.252338  28.661226  -11.315127  22.430921  128.404878
0.700983  0.000000  0.000000  0.000000  -42.085111  20.839186  42.500000  40.000532  -13.840342  -16.799840  20.252338  28.661226  -11.315127  22.430921  128.404878
0.701217  0.000000  0.000000  0.000000  -42.085111  20.839186  45.000000  39.498353  -15.439083  -18.786398  20.252338  28.661226  -11.315127  22.430921  128.404878
0.701451  0.000000  0.000000  0.000000  -42.085111  20.839186  47.500000  38.934456  -17.019881  -20.803640  20.252338  28.661226  -11.315127  22.430921  128.404878
0.701685  0.000000  0.000000  0.000000  -42.085111  20.839186  50.000000  38.307233  -18.580464  -22.855026  20.252338  28.661226  -11.315127  22.430921  128.404878
0.701919  0.000000  0.000000  0.000000  -31.721841  6.273066  -10.000000  43.277089  37.516219  25.673285  -3.505630  14.218243  -29.638640  14.801948  112.239003
0.702153  0.000000  0.000000  0.000000  -31.721841  6.273066  -7.500000  44.616475  35.780982  23.429845  -3.505630  14.218243  -29.638640  14.801948  112.239003
0.702387  0.000000  0.000000  0.000000  -31.721841  6.273066  -5.000000  45.844633  34.005874  21.283336  -3.505630  14.218243  -29.638640  14.801948  112.239003
0.702620  0.000000  0.000000  0.000000  -31.721841  6.273066  -2.500000  46.968606  32.195021  19.225598  -3.505630  14.218243  -29.638640  14.801948  112.239003
0.702854  0.000000  0.000000  0.000000  -31.721841  6.273066  0.000000  47.994986  30.352157  17.248864  -3.505630  14.218243  -29.638640  14.801948  112.239003
0.703088  0.000000  0.000000  0.000000  -31.721841  6.273066  2.500000  48.929875  28.480674  15.345789  -3.505630  14.218243  -29.638640  14.801948  112.239003
0.703322  0.000000  0.000000  0.000000  -31.721841  6.273066  5.000000  49.778898  26.583601  13.509434  -3.505630  14.218243  -29.638640  14.801948  112.239003
0.703556  0.000000  0.000000  0.000000  -31.721841  6.273066  7.500000  50.547162  24.663758  11.733302  -3.505630  14.218243  -29.638640  14.801948  112.239003
0.703790  0.000000  0.000000  0.000000  -31.721841  6.273066  10.000000  51.239282  22.723671  10.011305  -3.505630  14.218243  -29.638640  14.801948  112.239003
0.704024  0.000000  0.000000  0.000000  -31.721841  6.273066  12.500000  51.859434  20.765667  8.337690  -3.505630  14.218243  -29.638640  14.801948  112.239003
0.704258  0.000000  0.000000  0.000000  -31.721841  6.273066  15.000000  52.411339  18.791859  6.707060  -3.505630  14.218243  -29.638640  14.801948  112.239003
0.704492  0.000000  0.000000  0.000000  -31.721841  6.273066  17.500000  52.898268  16.804237  5.114365  -3.505630  14.218243  -29.638640  14.801948  112.239003
0.704726  0.000000  0.000000  0.000000  -31.721841  6.273066  20.000000  53.323111  14.804617  3.554804  -3.505630  14.218243  -29.638640  14.801948  112.239003
0.704960  0.000000  0.000000  0.000000  -31.721841  6.273066  22.500000  53.688363  12.794706  2.023837  -3.505630  14.218243  -29.638640  14.801948  112.239003
0.705194  0.000000  0.000000  0.000000  -31.721841  6.273066  25.000000  53.996173  10.776095  0.517117  -3.505630  14.218243  -29.638640  14.801948  112.239003
0.705428  0.000000  0.000000  0.000000  -31.721841  6.273066  27.500000  54.248316  8.750306  -0.969483  -3.505630  14.218243  -29.638640  14.801948  112.239003
0.705662  0.000000  0.000000  0.000000  -31.721841  6.273066  30.000000  54.446261  6.718782  -2.439960  -3.505630  14.218243  -29.638640  14.801948  112.239003
0.705896  0.000000  0.000000  0.000000  -31.721841  6.273066  32.500000  54.591147  4.682909  -3.898188  -3.505630  14.218243  -29.638640  14.801948  112.239003
0.706130  0.000000  0.000000  0.000000  -31.721841  6.273066  35.000000  54.683798  2.644034  -5.347946  -3.505630  14.218243  -29.638640  14.801948  112.239003
0.706364  0.000000  0.000000  0.000000  -31.721841  6.273066  37.500000  54.724754  0.603474  -6.792941  -3.505630  14.218243  -29.638640  14.801948  112.239003
0.706598  0.000000  0.000000  0.000000  -31.721841  6.273066  40.000000  54.714242  -1.437469  -8.236852  -3.505630  14.218243  -29.638640  14.801948  112.239003
0.706832  0.000000  0.000000  0.000000  -31.721841  6.273066  42.500000  54.652206  -3.477499  -9.683348  -3.505630  14.218243  -29.638640  14.801948  112.239003
0.707066  0.000000  0.000000  0.000000  -31.721841  6.273066  45.000000  54.538277  -5.515305  -11.136117  -3.505630  14.218243  -29.638640  14.801948  112.239003
0.707300  0.000000  0.000000  0.000000  -31.721841  6.273066  47.500000  54.371842  -7.549568  -12.598889  -3.505630  14.218243  -29.638640  14.801948  112.239003
0.707534  0.000000  0.000000  0.000000  -31.721841  6.273066  50.000000  54.151908  -9.578918  -14.075481  -3.505630  14.218243  -29.638640  14.801948  112.239003
0.707768  0.000000  0.000000  0.000000  -37.836128  12.840633  -10.000000  36.391214  7.902898  10.538845  1.861466  22.943677  -4.050861  9.418013  129.863650
0.708002  0.000000  0.000000  0.000000  -37.836128  12.840633  -7.500000  36.643615  6.415073  8.513925  1.861466  22.943677  -4.050861  9.418013  129.863650
0.708236  0.000000  0.000000  0.000000  -37.836128  12.840633  -5.000000  36.842444  4.919352  6.500824  1.861466  22.943677  -4.050861  9.418013  129.863650
0.708470  0.000000  0.000000  0.000000  -37.836128  12.840633  -2.500000  36.988142  3.417615  4.496768  1.861466  22.943677  -4.050861  9.418013  129.863650
0.708704  0.000000  0.000000  0.000000  -37.836128  12.840633  0.000000  37.081040  1.911719  2.498985  1.861466  22.943677  -4.050861  9.418013  129.863650
0.708938  0.000000  0.000000  0.000000  -37.836128  12.840633  2.500000  37.121340  0.403502  0.504702  1.861466  22.943677  -4.050861  9.418013  129.863650
0.709172  0.000000  0.000000  0.000000  -37.836128  12.840633  5.000000  37.109129  -1.105197  -1.488830  1.861466  22.943677  -4.050861  9.418013  129.863650
0.709406  0.000000  0.000000  0.000000  -37.836128  12.840633  7.500000  37.044384  -2.612560  -3.484395  1.861466  22.943677  -4.050861  9.418013  129.863650
0.709640  0.000000  0.000000  0.000000  -37.836128  12.840633  10.000000  36.926958  -4.116751  -5.484748  1.861466  22.943677  -4.050861  9.418013  129.863650
0.709874  0.000000  0.000000  0.000000  -37.836128  12.840633  12.500000  36.756594  -5.615924  -7.492669  1.861466  22.943677  -4.050861  9.418013  129.863650
0.710108  0.000000  0.000000  0.000000  -37.836128  12.840633  15.000000  36.532908  -7.108208  -9.510922  1.861466  22.943677  -4.050861  9.418013  129.863650
0.710342  0.000000  0.000000  0.000000  -37.836128  12.840633  17.500000  36.255403  -8.591700  -11.542290  1.861466  22.943677  -4.050861  9.418013  129.863650
0.710576  0.000000  0.000000  0.000000  -37.836128  12.840633  20.000000  35.923516  -10.064485  -13.589553  1.861466  22.943677  -4.050861  9.418013  129.863650
0.710810  0.000000  0.000000  0.000000  -37.836128  12.840633  22.500000  35.536518  -11.524562  -15.655503  1.861466  22.943677  -4.050861  9.418013  129.863650
0.711044  0.000000  0.000000  0.000000  -37.836128  12.840633  25.000000  35.093628  -12.969907  -17.742925  1.861466  22.943677  -4.050861  9.418013  129.863650
0.711277  0.000000  0.000000  0.000000  -37.836128  12.840633  27.500000  34.593978  -14.398432  -19.854605  1.861466  22.943677  -4.050861  9.418013  129.863650
0.711511  0.000000  0.000000  0.000000  -37.836128  12.840633  30.000000  34.036619  -15.807962  -21.993301  1.861466  22.943677  -4.050861  9.418013  129.863650
0.711745  0.000000  0.000000  0.000000  -37.836128  12.840633  32.500000  33.420546  -17.196290  -24.161775  1.861466  22.943677  -4.050861  9.418013  129.863650
0.711979  0.000000  0.000000  0.000000  -37.836128  12.840633  35.000000  32.744722  -18.561078  -26.362737  1.861466  22.943677  -4.050861  9.418013  129.863650
0.712213  0.000000  0.000000  0.000000  -37.836128  12.840633  37.500000  32.008085  -19.899954  -28.598846  1.861466  22.943677  -4.050861  9.418013  129.863650
0.712447  0.000000  0.000000  0.000000  -37.836128  12.840633  40.000000  31.209568  -21.210428  -30.872700  1.861466  22.943677  -4.050861  9.418013  129.863650
0.712681  0.000000  0.000000  0.000000  -37.836128  12.840633  42.500000  30.348152  -22.489929  -33.186794  1.861466  22.943677  -4.050861  9.418013  129.863650
0.712915  0.000000  0.000000  0.000000  -37.836128  12.840633  45.000000  29.422879  -23.735790  -35.543497  1.861466  22.943677  -4.050861  9.418013  129.863650
0.713149  0.000000  0.000000  0.000000  -37.836128  12.840633  47.500000  28.432893  -24.945254  -37.945025  1.861466  22.943677  -4.050861  9.418013  129.863650
0.713383  0.000000  0.000000  0.000000  -37.836128  12.840633  50.000000  27.377492  -26.115473  -40.393389  1.861466  22.943677  -4.050861  9.418013  129.863650
0.713617  0.000000  0.000000  0.000000  -23.230321  18.062418  -10.000000  38.684898  11.533487  17.815166  22.291203  31.098770  -2.296835  17.681518  120.639363
0.713851  0.000000  0.000000  0.000000  -23.230321  18.062418  -7.500000  39.054463  9.964449  15.834024  22.291203  31.098770  -2.296835  17.681518  120.639363
0.714085  0.000000  0.000000  0.000000  -23.230321  18.062418  -5.000000  39.367358  8.383846  13.871927  22.291203  31.098770  -2.296835  17.681518  120.639363
0.714319  0.000000  0.000000  0.000000  -23.230321  18.062418  -2.500000  39.624418  6.793631  11.925763  22.291203  31.098770  -2.296835  17.681518  120.639363
0.714553  0.000000  0.000000  0.000000  -23.230321  18.062418  0.000000  39.826361  5.195711  9.992460  22.291203  31.098770  -2.296835  17.681518  120.639363
0.714787  0.000000  0.000000  0.000000  -23.230321  18.062418  2.500000  39.973750  3.591938  8.068959  22.291203  31.098770  -2.296835  17.681518  120.639363
0.715021  0.000000  0.000000  0.000000  -23.230321  18.062418  5.000000  40.067001  1.984141  6.152214  22.291203  31.098770  -2.296835  17.681518  120.639363
0.715255  0.000000  0.000000  0.000000  -23.230321  18.062418  7.500000  40.106374  0.374124  4.239191  22.291203  31.098770  -2.296835  17.681518  120.639363
0.715489  0.000000  0.000000  0.000000  -23.230321  18.062418  10.000000  40.091984  -1.236307  2.326876  22.291203  31.098770  -2.296835  17.681518  120.639363
0.715723  0.000000  0.000000  0.000000  -23.230321  18.062418  12.500000  40.023787  -2.845359  0.412238  22.291203  31.098770  -2.296835  17.681518  120.639363
0.715957  0.000000  0.000000  0.000000  -23.230321  18.062418  15.000000  39.901592  -4.451231  -1.507748  22.291203  31.098770  -2.296835  17.681518  120.639363
0.716191  0.000000  0.000000  0.000000  -23.230321  18.062418  17.500000  39.725054  -6.052104  -3.436119  22.291203  31.098770  -2.296835  17.681518  120.639363
0.716425  0.000000  0.000000  0.000000  -23.230321  18.062418  20.000000  39.493674  -7.646129  -5.375921  22.291203  31.098770  -2.296835  17.681518  120.639363
0.716659  0.000000  0.000000  0.000000  -23.230321  18.062418  22.500000  39.206823  -9.231436  -7.330232  22.291203  31.098770  -2.296835  17.681518  120.639363
0.716893  0.000000  0.000000  0.000000  -23.230321  18.062418  25.000000  38.863706  -10.806088  -9.302139  22.291203  31.098770  -2.296835  17.681518  120.639363
0.717127  0.000000  0.000000  0.000000  -23.230321  18.062418  27.500000  38.463392  -12.368115  -11.294764  22.291203  31.098770  -2.296835  17.681518  120.639363
0.717361  0.000000  0.000000  0.000000  -23.230321  18.062418  30.000000  38.004838  -13.915475  -13.311243  22.291203  31.098770  -2.296835  17.681518  120.639363
0.717595  0.000000  0.000000  0.000000  -23.230321  18.062418  32.500000  37.486850  -15.446037  -15.354738  22.291203  31.098770  -2.296835  17.681518  120.639363
0.717829  0.000000  0.000000  0.000000  -23.230321  18.062418  35.000000  36.908131  -16.957609  -17.428440  22.291203  31.098770  -2.296835  17.681518  120.639363
0.718063  0.000000  0.000000  0.000000  -23.230321  18.062418  37.500000  36.267292  -18.447928  -19.535531  22.291203  31.098770  -2.296835  17.681518  120.639363
0.718297  0.000000  0.000000  0.000000  -23.230321  18.062418  40.000000  35.562835  -19.914569  -21.679217  22.291203  31.098770  -2.296835  17.681518  120.639363
0.718531  0.000000  0.000000  0.000000  -23.230321  18.062418  42.500000  34.793219  -21.355050  -23.862675  22.291203  31.098770  -2.296835  17.681518  120.639363
0.718765  0.000000  0.000000  0.000000  -23.230321  18.062418  45.000000  33.956858  -22.766758  -26.089047  22.291203  31.098770  -2.296835  17.681518  120.639363
0.718999  0.000000  0.000000  0.000000  -23.230321  18.062418  47.500000  33.052158  -24.146961  -28.361416  22.291203  31.098770  -2.296835  17.681518  120.639363
0.719233  0.000000  0.000000  0.000000  -23.230321  18.062418  50.000000  32.077560  -25.492793  -30.682770  22.291203  31.098770  -2.296835  17.681518  120.639363
0.719467  0.000000  0.000000  0.000000  -33.424876  8.382875  -10.000000  38.066215  6.960311  4.837181  22.099803  32.732079  -25.102520  12.589006  125.873940
0.719701  0.000000  0.000000  0.000000  -33.424876  8.382875  -7.500000  38.279326  5.415072  2.860344  22.099803  32.732079  -25.102520  12.589006  125.873940
0.719934  0.000000  0.000000  0.000000  -33.424876  8.382875  -5.000000  38.438422  3.863457  0.893612  22.099803  32.732079  -25.102520  12.589006  125.873940
0.720168  0.000000  0.000000  0.000000  -33.424876  8.382875  -2.500000  38.543918  2.307319  -1.065928  22.099803  32.732079  -25.102520  12.589006  125.873940
0.720402  0.000000  0.000000  0.000000  -33.424876  8.382875  0.000000  38.596063  0.748492  -3.021181  22.099803  32.732079  -25.102520  12.589006  125.873940
0.720636  0.000000  0.000000  0.000000  -33.424876  8.382875  2.500000  38.594994  -0.811204  -4.975044  22.099803  32.732079  -25.102520  12.589006  125.873940
0.720870  0.000000  0.000000  0.000000  -33.424876  8.382875  5.000000  38.540707  -2.369958  -6.930413  22.099803  32.732079  -25.102520  12.589006  125.873940
0.721104  0.000000  0.000000  0.000000  -33.424876  8.382875  7.500000  38.433065  -3.925948  -8.890185  22.099803  32.732079  -25.102520  12.589006  125.873940
0.721338  0.000000  0.000000  0.000000  -33.424876  8.382875  10.000000  38.271801  -5.477344  -10.857269  22.099803  32.732079  -25.102520  12.589006  125.873940
0.721572  0.000000  0.000000  0.000000  -33.424876  8.382875  12.500000  38.056504  -7.022290  -12.834572  22.099803  32.732079  -25.102520  12.589006  125.873940
0.721806  0.000000  0.000000  0.000000  -33.424876  8.382875  15.000000  37.786633  -8.558895  -14.825019  22.099803  32.732079  -25.102520  12.589006  125.873940
0.722040  0.000000  0.000000  0.000000  -33.424876  8.382875  17.500000  37.461556  -10.085255  -16.831543  22.099803  32.732079  -25.102520  12.589006  125.873940
0.722274  0.000000  0.000000  0.000000  -33.424876  8.382875  20.000000  37.080464  -11.599380  -18.857097  22.099803  32.732079  -25.102520  12.589006  125.873940
0.722508  0.000000  0.000000  0.000000  -33.424876  8.382875  22.500000  36.642470  -13.099250  -20.904643  22.099803  32.732079  -25.102520  12.589006  125.873940
0.722742  0.000000  0.000000  0.000000  -33.424876  8.382875  25.000000  36.146575  -14.582777  -22.977152  22.099803  32.732079  -25.102520  12.589006  125.873940
0.722976  0.000000  0.000000  0.000000  -33.424876  8.382875  27.500000  35.591682  -16.047781  -25.077587  22.099803  32.732079  -25.102520  12.589006  125.873940
0.723210  0.000000  0.000000  0.000000  -33.424876  8.382875  30.000000  34.976614  -17.492037  -27.208930  22.099803  32.732079  -25.102520  12.589006  125.873940
0.723444  0.000000  0.000000  0.000000  -33.424876  8.382875  32.500000  34.300125  -18.913198  -29.374132  22.099803  32.732079  -25.102520  12.589006  125.873940
0.723678  0.000000  0.000000  0.000000  -33.424876  8.382875  35.000000  33.560935  -20.308846  -31.576112  22.099803  32.732079  -25.102520  12.589006  125.873940
0.723912  0.000000  0.000000  0.000000  -33.424876  8.382875  37.500000  32.757726  -21.676454  -33.817749  22.099803  32.732079  -25.102520  12.589006  125.873940
0.724146  0.000000  0.000000  0.000000  -33.424876  8.382875  40.000000  31.889199  -23.013390  -36.101839  22.099803  32.732079  -25.102520  12.589006  125.873940
0.724380  0.000000  0.000000  0.000000  -33.424876  8.382875  42.500000  30.954097  -24.316914  -38.431078  22.099803  32.732079  -25.102520  12.589006  125.873940
0.724614  0.000000  0.000000  0.000000  -33.424876  8.382875  45.000000  29.951246  -25.584178  -40.808015  22.099803  32.732079  -25.102520  12.589006  125.873940
0.724848  0.000000  0.000000  0.000000  -33.424876  8.382875  47.500000  28.879579  -26.812227  -43.235023  22.099803  32.732079  -25.102520  12.589006  125.873940
0.725082  0.000000  0.000000  0.000000  -33.424876  8.382875  50.000000  27.738235  -27.997994  -45.714264  22.099803  32.732079  -25.102520  12.589006  125.873940
0.725316  0.000000  0.000000  0.000000  -35.552627  15.485236  -10.000000  38.768031  17.107146  17.391410  33.877279  11.917362  -33.164793  25.979902  121.150776
0.725550  0.000000  0.000000  0.000000  -35.552627  15.485236  -7.500000  39.336557  15.531905  15.368530  33.877279  11.917362  -33.164793  25.979902  121.150776
0.725784  0.000000  0.000000  0.000000  -35.552627  15.485236  -5.000000  39.843328  13.938516  13.376510  33.877279  11.917362  -33.164793  25.979902  121.150776
0.726018  0.000000  0.000000  0.000000  -35.552627  15.485236  -2.500000  40.289816  12.329159  11.411938  33.877279  11.917362  -33.164793  25.979902  121.150776
0.726252  0.000000  0.000000  0.000000  -35.552627  15.485236  0.000000  40.677349  10.705928  9.471440  33.877279  11.917362  -33.164793  25.979902  121.150776
0.726486  0.000000  0.000000  0.000000  -35.552627  15.485236  2.500000  41.007091  9.070829  7.551697  33.877279  11.917362  -33.164793  25.979902  121.150776
0.726720  0.000000  0.000000  0.000000  -35.552627  15.485236  5.000000  41.280045  7.425803  5.649429  33.877279  11.917362  -33.164793  25.979902  121.150776
0.726954  0.000000  0.000000  0.000000  -35.552627  15.485236  7.500000  41.497069  5.772747  3.761375  33.877279  11.917362  -33.164793  25.979902  121.150776
0.727188  0.000000  0.000000  0.000000  -35.552627  15.485236  10.000000  41.658839  4.113493  1.884316  33.877279  11.917362  -33.164793  25.979902  121.150776
0.727422  0.000000  0.000000  0.000000  -35.552627  15.485236  12.500000  41.765865  2.449876  0.015087  33.877279  11.917362  -33.164793  25.979902  121.150776
0.727656  0.000000  0.000000  0.000000  -35.552627  15.485236  15.000000  41.818483  0.783652  -1.849506  33.877279  11.917362  -33.164793  25.979902  121.150776
0.727890  0.000000  0.000000  0.000000  -35.552627  15.485236  17.500000  41.816861  -0.883400  -3.712617  33.877279  11.917362  -33.164793  25.979902  121.150776
0.728124  0.000000  0.000000  0.000000  -35.552627  15.485236  20.000000  41.760993  -2.549518  -5.577400  33.877279  11.917362  -33.164793  25.979902  121.150776
0.728358  0.000000  0.000000  0.000000  -35.552627  15.485236  22.500000  41.650702  -4.212932  -7.447015  33.877279  11.917362  -33.164793  25.979902  121.150776
0.728591  0.000000  0.000000  0.000000  -35.552627  15.485236  25.000000  41.485641  -5.871858  -9.324633  33.877279  11.917362  -33.164793  25.979902  121.150776
0.728825  0.000000  0.000000  0.000000  -35.552627  15.485236  27.500000  41.265290  -7.524485  -11.213448  33.877279  11.917362  -33.164793  25.979902  121.150776
0.729059  0.000000  0.000000  0.000000  -35.552627  15.485236  30.000000  40.988960  -9.168967  -13.116674  33.877279  11.917362  -33.164793  25.979902  121.150776
0.729293  0.000000  0.000000  0.000000  -35.552627  15.485236  32.500000  40.655796  -10.803410  -15.037562  33.877279  11.917362  -33.164793  25.979902  121.150776
0.729527  0.000000  0.000000  0.000000  -35.552627  15.485236  35.000000  40.264772  -12.425874  -16.979405  33.877279  11.917362  -33.164793  25.979902  121.150776
0.729761  0.000000  0.000000  0.000000  -35.552627  15.485236  37.500000  39.814711  -14.034340  -18.945533  33.877279  11.917362  -33.164793  25.979902  121.150776
0.729995  0.000000  0.000000  0.000000  -35.552627  15.485236  40.000000  39.304286  -15.626697  -20.939300  33.877279  11.917362  -33.164793  25.979902  121.150776
0.730229  0.000000  0.000000  0.000000  -35.552627  15.485236  42.500000  38.732018  -17.200785  -22.964133  33.877279  11.917362  -33.164793  25.979902  121.150776
0.730463  0.000000  0.000000  0.000000  -35.552627  15.485236  45.000000  38.096294  -18.754311  -25.023475  33.877279  11.917362  -33.164793  25.979902  121.150776
0.730697  0.000000  0.000000  0.000000  -35.552627  15.485236  47.500000  37.395379  -20.284889  -27.120806  33.877279  11.917362  -33.164793  25.979902  121.150776
0.730931  0.000000  0.000000  0.000000  -35.552627  15.485236  50.000000  36.627447  -21.790007  -29.259618  33.877279  11.917362  -33.164793  25.979902  121.150776
0.731165  0.000000  0.000000  0.000000  -22.001911  13.376340  -10.000000  37.359877  9.800355  10.746822  12.632818  20.647048  -14.884343  11.496326  118.861633
0.731399  0.000000  0.000000  0.000000  -22.001911  13.376340  -7.500000  37.675385  8.277677  8.739033  12.632818  20.647048  -14.884343  11.496326  118.861633
0.731633  0.000000  0.000000  0.000000  -22.001911  13.376340  -5.000000  37.935861  6.745066  6.746754  12.632818  20.647048  -14.884343  11.496326  118.861633
0.731867  0.000000  0.000000  0.000000  -22.001911  13.376340  -2.500000  38.141965  5.204419  4.767076  12.632818  20.647048  -14.884343  11.496326  118.861633
0.732101  0.000000  0.000000  0.000000  -22.001911  13.376340  0.000000  38.294192  3.657627  2.797093  12.632818  20.647048  -14.884343  11.496326  118.861633
0.732335  0.000000  0.000000  0.000000  -22.001911  13.376340  2.500000  38.392920  2.106539  0.833908  12.632818  20.647048  -14.884343  11.496326  118.861633
0.732569  0.000000  0.000000  0.000000  -22.001911  13.376340  5.000000  38.438397  0.552980  -1.125369  12.632818  20.647048  -14.884343  11.496326  118.861633
0.732803  0.000000  0.000000  0.000000  -22.001911  13.376340  7.500000  38.430737  -1.001216  -3.083611  12.632818  20.647048  -14.884343  11.496326  118.861633
0.733037  0.000000  0.000000  0.000000  -22.001911  13.376340  10.000000  38.369917  -2.554253  -5.043728  12.632818  20.647048  -14.884343  11.496326  118.861633
0.733271  0.000000  0.000000  0.000000  -22.001911  13.376340  12.500000  38.255782  -4.104290  -7.008571  12.632818  20.647048  -14.884343  11.496326  118.861633
0.733505  0.000000  0.000000  0.000000  -22.001911  13.376340  15.000000  38.088066  -5.649505  -8.981061  12.632818  20.647048  -14.884343  11.496326  118.861633
0.733739  0.000000  0.000000  0.000000  -22.001911  13.376340  17.500000  37.866334  -7.188028  -10.964072  12.632818  20.647048  -14.884343  11.496326  118.861633
0.733973  0.000000  0.000000  0.000000  -22.001911  13.376340  20.000000  37.590052  -8.717976  -12.960524  12.632818  20.647048  -14.884343  11.496326  118.861633
0.734207  0.000000  0.000000  0.000000  -22.001911  13.376340  22.500000  37.258554  -10.237415  -14.973335  12.632818  20.647048  -14.884343  11.496326  118.861633
0.734441  0.000000  0.000000  0.000000  -22.001911  13.376340  25.000000  36.871055  -11.744371  -17.005441  12.632818  20.647048  -14.884343  11.496326  118.861633
0.734675  0.000000  0.000000  0.000000  -22.001911  13.376340  27.500000  36.426658  -13.236810  -19.059787  12.632818  20.647048  -14.884343  11.496326  118.861633
0.734909  0.000000  0.000000  0.000000  -22.001911  13.376340  30.000000  35.924371  -14.712638  -21.139324  12.632818  20.647048  -14.884343  11.496326  118.861633
0.735143  0.000000  0.000000  0.000000  -22.001911  13.376340  32.500000  35.363097  -16.169659  -23.246988  12.632818  20.647048  -14.884343  11.496326  118.861633
0.735377  0.000000  0.000000  0.000000  -22.001911  13.376340  35.000000  34.741677  -17.605654  -25.385747  12.632818  20.647048  -14.884343  11.496326  118.861633
0.735611  0.000000  0.000000  0.000000  -22.001911  13.376340  37.500000  34.058897  -19.018243  -27.558523  12.632818  20.647048  -14.884343  11.496326  118.861633
0.735845  0.000000  0.000000  0.000000  -22.001911  13.376340  40.000000  33.313470  -20.405037  -29.768177  12.632818  20.647048  -14.884343  11.496326  118.861633
0.736079  0.000000  0.000000  0.000000  -22.001911  13.376340  42.500000  32.504121  -21.763480  -32.017582  12.632818  20.647048  -14.884343  11.496326  118.861633
0.736313  0.000000  0.000000  0.000000  -22.001911  13.376340  45.000000  31.629583  -23.090942  -34.309477  12.632818  20.647048  -14.884343  11.496326  118.861633
0.736547  0.000000  0.000000  0.000000  -22.001911  13.376340  47.500000  30.688637  -24.384678  -36.646510  12.632818  20.647048  -14.884343  11.496326  118.861633
0.736781  0.000000  0.000000  0.000000  -22.001911  13.376340  50.000000  29.680153  -25.641835  -39.031186  12.632818  20.647048  -14.884343  11.496326  118.861633
0.737015  0.000000  0.000000  0.000000  -36.086957  15.998055  -10.000000  39.218618  13.261848  15.871782  24.109113  11.184484  -31.123050  27.133397  116.314681
0.737248  0.000000  0.000000  0.000000  -36.086957  15.998055  -7.500000  39.645627  11.673774  13.894263  24.109113  11.184484  -31.123050  27.133397  116.314681
0.737482  0.000000  0.000000  0.000000  -36.086957  15.998055  -5.000000  40.014466  10.072326  11.939363  24.109113  11.184484  -31.123050  27.133397  116.314681
0.737716  0.000000  0.000000  0.000000  -36.086957  15.998055  -2.500000  40.326170  8.459525  10.003836  24.109113  11.184484  -31.123050  27.133397  116.314681
0.737950  0.000000  0.000000  0.000000  -36.086957  15.998055  0.000000  40.581669  6.837281  8.084503  24.109113  11.184484  -31.123050  27.133397  116.314681
0.738184  0.000000  0.000000  0.000000  -36.086957  15.998055  2.500000  40.781717  5.207477  6.178182  24.109113  11.184484  -31.123050  27.133397  116.314681
0.738418  0.000000  0.000000  0.000000  -36.086957  15.998055  5.000000  40.926895  3.571994  4.281749  24.109113  11.184484  -31.123050  27.133397  116.314681
0.738652  0.000000  0.000000  0.000000  -36.086957  15.998055  7.500000  41.017651  1.932611  2.392068  24.109113  11.184484  -31.123050  27.133397  116.314681
0.738886  0.000000  0.000000  0.000000  -36.086957  15.998055  10.000000  41.054257  0.291132  0.506032  24.109113  11.184484  -31.123050  27.133397  116.314681
0.739120  0.000000  0.000000  0.000000  -36.086957  15.998055  12.500000  41.036820  -1.350661  -1.379453  24.109113  11.184484  -31.123050  27.133397  116.314681
0.739354  0.000000  0.000000  0.000000  -36.086957  15.998055  15.000000  40.965291  -2.990993  -3.267488  24.109113  11.184484  -31.123050  27.133397  116.314681
0.739588  0.000000  0.000000  0.000000  -36.086957  15.998055  17.500000  40.839449  -4.628072  -5.161174  24.109113  11.184484  -31.123050  27.133397  116.314681
0.739822  0.000000  0.000000  0.000000  -36.086957  15.998055  20.000000  40.658921  -6.260096  -7.063629  24.109113  11.184484  -31.123050  27.133397  116.314681
0.740056  0.000000  0.000000  0.000000  -36.086957  15.998055  22.500000  40.423154  -7.885222  -8.977981  24.109113  11.184484  -31.123050  27.133397  116.314681
0.740290  0.000000  0.000000  0.000000  -36.086957  15.998055  25.000000  40.131484  -9.501602  -10.907398  24.109113  11.184484  -31.123050  27.133397  116.314681
0.740524  0.000000  0.000000  0.000000  -36.086957  15.998055  27.500000  39.783024  -11.107297  -12.855060  24.109113  11.184484  -31.123050  27.133397  116.314681
0.740758  0.000000  0.000000  0.000000  -36.086957  15.998055  30.000000  39.376768  -12.700342  -14.824197  24.109113  11.184484  -31.123050  27.133397  116.314681
0.740992  0.000000  0.000000  0.000000  -36.086957  15.998055  32.500000  38.911583  -14.278701  -16.818046  24.109113  11.184484  -31.123050  27.133397  116.314681
0.741226  0.000000  0.000000  0.000000  -36.086957  15.998055  35.000000  38.386162  -15.840225  -18.839895  24.109113  11.184484  -31.123050  27.133397  116.314681
0.741460  0.000000  0.000000  0.000000  -36.086957  15.998055  37.500000  37.799088  -17.382729  -20.893071  24.109113  11.184484  -31.123050  27.133397  116.314681
0.741694  0.000000  0.000000  0.000000  -36.086957  15.998055  40.000000  37.148825  -18.903913  -22.980902  24.109113  11.184484  -31.123050  27.133397  116.314681
0.741928  0.000000  0.000000  0.000000  -36.086957  15.998055  42.500000  36.433733  -20.401345  -25.106749  24.109113  11.184484  -31.123050  27.133397  116.314681
0.742162  0.000000  0.000000  0.000000  -36.086957  15.998055  45.000000  35.652094  -21.872507  -27.273961  24.109113  11.184484  -31.123050  27.133397  116.314681
0.742396  0.000000  0.000000  0.000000  -36.086957  15.998055  47.500000  34.802139  -23.314748  -29.485867  24.109113  11.184484  -31.123050  27.133397  116.314681
0.742630  0.000000  0.000000  0.000000  -36.086957  15.998055  50.000000  33.882074  -24.725278  -31.745750  24.109113  11.184484  -31.123050  27.133397  116.314681
0.742864  0.000000  0.000000  0.000000  -34.218128  8.923068  -10.000000  40.617831  9.511914  9.354299  11.195212  17.523953  -6.475948  21.593627  128.213753
0.743098  0.000000  0.000000  0.000000  -34.218128  8.923068  -7.500000  40.907493  7.879438  7.438794  11.195212  17.523953  -6.475948  21.593627  128.213753
0.743332  0.000000  0.000000  0.000000  -34.218128  8.923068  -5.000000  41.141059  6.238355  5.538376  11.195212  17.523953  -6.475948  21.593627  128.213753
0.743566  0.000000  0.000000  0.000000  -34.218128  8.923068  -2.500000  41.319307  4.590478  3.649840  11.195212  17.523953  -6.475948  21.593627  128.213753
0.743800  0.000000  0.000000  0.000000  -34.218128  8.923068  0.000000  41.442728  2.937685  1.770027  11.195212  17.523953  -6.475948  21.593627  128.213753
0.744034  0.000000  0.000000  0.000000  -34.218128  8.923068  2.500000  41.511746  1.281717  -0.104227  11.195212  17.523953  -6.475948  21.593627  128.213753
0.744268  0.000000  0.000000  0.000000  -34.218128  8.923068  5.000000  41.526550  -0.375605  -1.976056  11.195212  17.523953  -6.475948  21.593627  128.213753
0.744502  0.000000  0.000000  0.000000  -34.218128  8.923068  7.500000  41.487194  -2.032526  -3.848595  11.195212  17.523953  -6.475948  21.593627  128.213753
0.744736  0.000000  0.000000  0.000000  -34.218128  8.923068  10.000000  41.393552  -3.687273  -5.724975  11.195212  17.523953  -6.475948  21.593627  128.213753
0.744970  0.000000  0.000000  0.000000  -34.218128  8.923068  12.500000  41.245345  -5.338066  -7.608354  11.195212  17.523953  -6.475948  21.593627  128.213753
0.745204  0.000000  0.000000  0.000000  -34.218128  8.923068  15.000000  41.042102  -6.983092  -9.501880  11.195212  17.523953  -6.475948  21.593627  128.213753
0.745438  0.000000  0.000000  0.000000  -34.218128  8.923068  17.500000  40.783188  -8.620504  -11.408740  11.195212  17.523953  -6.475948  21.593627  128.213753
0.745672  0.000000  0.000000  0.000000  -34.218128  8.923068  20.000000  40.467858  -10.248449  -13.332146  11.195212  17.523953  -6.475948  21.593627  128.213753
0.745905  0.000000  0.000000  0.000000  -34.218128  8.923068  22.500000  40.095118  -11.864965  -15.275350  11.195212  17.523953  -6.475948  21.593627  128.213753
0.746139  0.000000  0.000000  0.000000  -34.218128  8.923068  25.000000  39.663875  -13.468066  -17.241634  11.195212  17.523953  -6.475948  21.593627  128.213753
0.746373  0.000000  0.000000  0.000000  -34.218128  8.923068  27.500000  39.172875  -15.055686  -19.234322  11.195212  17.523953  -6.475948  21.593627  128.213753
0.746607  0.000000  0.000000  0.000000  -34.218128  8.923068  30.000000  38.620718  -16.625644  -21.256762  11.195212  17.523953  -6.475948  21.593627  128.213753
0.746841  0.000000  0.000000  0.000000  -34.218128  8.923068  32.500000  38.005869  -18.175728  -23.312362  11.195212  17.523953  -6.475948  21.593627  128.213753
0.747075  0.000000  0.000000  0.000000  -34.218128  8.923068  35.000000  37.326676  -19.703553  -25.404545  11.195212  17.523953  -6.475948  21.593627  128.213753
0.747309  0.000000  0.000000  0.000000  -34.218128  8.923068  37.500000  36.581392  -21.206669  -27.536740  11.195212  17.523953  -6.475948  21.593627  128.213753
0.747543  0.000000  0.000000  0.000000  -34.218128  8.923068  40.000000  35.768180  -22.682484  -29.712390  11.195212  17.523953  -6.475948  21.593627  128.213753
0.747777  0.000000  0.000000  0.000000  -34.218128  8.923068  42.500000  34.885158  -24.128272  -31.934910  11.195212  17.523953  -6.475948  21.593627  128.213753
0.748011  0.000000  0.000000  0.000000  -34.218128  8.923068  45.000000  33.930433  -25.541174  -34.207638  11.195212  17.523953  -6.475948  21.593627  128.213753
0.748245  0.000000  0.000000  0.000000  -34.218128  8.923068  47.500000  32.902114  -26.918178  -36.533876  11.195212  17.523953  -6.475948  21.593627  128.213753
0.748479  0.000000  0.000000  0.000000  -34.218128  8.923068  50.000000  31.798407  -28.256125  -38.916758  11.195212  17.523953  -6.475948  21.593627  128.213753
0.748713  0.000000  0.000000  0.000000  -23.984727  3.295332  -10.000000  41.969556  17.511311  8.057313  28.666324  10.427384  -11.606851  9.574657  121.194219
0.748947  0.000000  0.000000  0.000000  -23.984727  3.295332  -7.500000  42.523839  15.830335  6.125534  28.666324  10.427384  -11.606851  9.574657  121.194219
0.749181  0.000000  0.000000  0.000000  -23.984727  3.295332  -5.000000  43.015028  14.132550  4.225795  28.666324  10.427384  -11.606851  9.574657  121.194219
0.749415  0.000000  0.000000  0.000000  -23.984727  3.295332  -2.500000  43.444897  12.420073  2.354314  28.666324  10.427384  -11.606851  9.574657  121.194219
0.749649  0.000000  0.000000  0.000000  -23.984727  3.295332  0.000000  43.815006  10.694929  0.507398  28.666324  10.427384  -11.606851  9.574657  121.194219
0.749883  0.000000  0.000000  0.000000  -23.984727  3.295332  2.500000  44.126712  8.959051  -1.318560  28.666324  10.427384  -11.606851  9.574657  121.194219
0.750117  0.000000  0.000000  0.000000  -23.984727  3.295332  5.000000  44.381165  7.214301  -3.127104  28.666324  10.427384  -11.606851  9.574657  121.194219
0.750351  0.000000  0.000000  0.000000  -23.984727  3.295332  7.500000  44.579330  5.462498  -4.921737  28.666324  10.427384  -11.606851  9.574657  121.194219
0.750585  0.000000  0.000000  0.000000  -23.984727  3.295332  10.000000  44.721946  3.705393  -6.705895  28.666324  10.427384  -11.606851  9.574657  121.194219
0.750819  0.000000  0.000000  0.000000  -23.984727  3.295332  12.500000  44.809554  1.944738  -8.482969  28.666324  10.427384  -11.606851  9.574657  121.194219
0.751053  0.000000  0.000000  0.000000  -23.984727  3.295332  15.000000  44.842470  0.182199  -10.256330  28.666324  10.427384  -11.606851  9.574657  121.194219
0.751287  0.000000  0.000000  0.000000  -23.984727  3.295332  17.500000  44.820831  -1.580502  -12.029337  28.666324  10.427384  -11.606851  9.574657  121.194219
0.751521  0.000000  0.000000  0.000000  -23.984727  3.295332  20.000000  44.744551  -3.341693  -13.805364  28.666324  10.427384  -11.606851  9.574657  121.194219
0.751755  0.000000  0.000000  0.000000  -23.984727  3.295332  22.500000  44.613342  -5.099668  -15.587772  28.666324  10.427384  -11.606851  9.574657  121.194219
0.751989  0.000000  0.000000  0.000000  -23.984727  3.295332  25.000000  44.426709  -6.852707  -17.379956  28.666324  10.427384  -11.606851  9.574657  121.194219
0.752223  0.000000  0.000000  0.000000  -23.984727  3.295332  27.500000  44.183960  -8.599059  -19.185347  28.666324  10.427384  -11.606851  9.574657  121.194219
0.752457  0.000000  0.000000  0.000000  -23.984727  3.295332  30.000000  43.884181  -10.336921  -21.007415  28.666324  10.427384  -11.606851  9.574657  121.194219
0.752691  0.000000  0.000000  0.000000  -23.984727  3.295332  32.500000  43.526254  -12.064441  -22.849701  28.666324  10.427384  -11.606851  9.574657  121.194219
0.752925  0.000000  0.000000  0.000000  -23.984727  3.295332  35.000000  43.108858  -13.779707  -24.715806  28.666324  10.427384  -11.606851  9.574657  121.194219
0.753159  0.000000  0.000000  0.000000  -23.984727  3.295332  37.500000  42.630483  -15.480696  -26.609398  28.666324  10.427384  -11.606851  9.574657  121.194219
0.753393  0.000000  0.000000  0.000000  -23.984727  3.295332  40.000000  42.089394  -17.165331  -28.534237  28.666324  10.427384  -11.606851  9.574657  121.194219
0.753627  0.000000  0.000000  0.000000  -23.984727  3.295332  42.500000  41.483677  -18.831392  -30.494177  28.666324  10.427384  -11.606851  9.574657  121.194219
0.753861  0.000000  0.000000  0.000000  -23.984727  3.295332  45.000000  40.811226  -20.476568  -32.493121  28.666324  10.427384  -11.606851  9.574657  121.194219
0.754095  0.000000  0.000000  0.000000  -23.984727  3.295332  47.500000  40.069744  -22.098385  -34.535104  28.666324  10.427384  -11.606851  9.574657  121.194219
0.754328  0.000000  0.000000  0.000000  -23.984727  3.295332  50.000000  39.256800  -23.694260  -36.624185  28.666324  10.427384  -11.606851  9.574657  121.194219
0.754562  0.000000  0.000000  0.000000  -20.301570  17.002749  -10.000000  33.311298  27.259877  22.380845  32.667368  9.247914  -30.085399  19.579628  126.591208
0.754796  0.000000  0.000000  0.000000  -20.301570  17.002749  -7.500000  34.349781  25.867820  20.059050  32.667368  9.247914  -30.085399  19.579628  126.591208
0.755030  0.000000  0.000000  0.000000  -20.301570  17.002749  -5.000000  35.313552  24.439689  17.792018  32.667368  9.247914  -30.085399  19.579628  126.591208
0.755264  0.000000  0.000000  0.000000  -20.301570  17.002749  -2.500000  36.204642  22.978556  15.576334  32.667368  9.247914  -30.085399  19.579628  126.591208
0.755498  0.000000  0.000000  0.000000  -20.301570  17.002749  0.000000  37.025027  21.487283  13.408548  32.667368  9.247914  -30.085399  19.579628  126.591208
0.755732  0.000000  0.000000  0.000000  -20.301570  17.002749  2.500000  37.776711  19.968629  11.285133  32.667368  9.247914  -30.085399  19.579628  126.591208
0.755966  0.000000  0.000000  0.000000  -20.301570  17.002749  5.000000  38.461625  18.425201  9.202556  32.667368  9.247914  -30.085399  19.579628  126.591208
0.756200  0.000000  0.000000  0.000000  -20.301570  17.002749  7.500000  39.081610  16.859482  7.157291  32.667368  9.247914  -30.085399  19.579628  126.591208
0.756434  0.000000  0.000000  0.000000  -20.301570  17.002749  10.000000  39.638396  15.273837  5.145837  32.667368  9.247914  -30.085399  19.579628  126.591208
0.756668  0.000000  0.000000  0.000000  -20.301570  17.002749  12.500000  40.133588  13.670517  3.164726  32.667368  9.247914  -30.085399  19.579628  126.591208
0.756902  0.000000  0.000000  0.000000  -20.301570  17.002749  15.000000  40.568652  12.051682  1.210533  32.667368  9.247914  -30.085399  19.579628  126.591208
0.757136  0.000000  0.000000  0.000000  -20.301570  17.002749  17.500000  40.944902  10.419401  -0.720127  32.667368  9.247914  -30.085399  19.579628  126.591208
0.757370  0.000000  0.000000  0.000000  -20.301570  17.002749  20.000000  41.263485  8.775683  -2.630603  32.667368  9.247914  -30.085399  19.579628  126.591208
0.757604  0.000000  0.000000  0.000000  -20.301570  17.002749  22.500000  41.525405  7.122420  -4.524162  32.667368  9.247914  -30.085399  19.579628  126.591208
0.757838  0.000000  0.000000  0.000000  -20.301570  17.002749  25.000000  41.731474  5.461530  -6.404094  32.667368  9.247914  -30.085399  19.579628  126.591208
0.758072  0.000000  0.000000  0.000000  -20.301570  17.002749  27.500000  41.882362  3.794818  -8.273613  32.667368  9.247914  -30.085399  19.579628  126.591208
0.758306  0.000000  0.000000  0.000000  -20.301570  17.002749  30.000000  41.978526  2.124106  -10.135923  32.667368  9.247914  -30.085399  19.579628  126.591208
0.758540  0.000000  0.000000  0.000000  -20.301570  17.002749  32.500000  42.020289  0.451152  -11.994204  32.667368  9.247914  -30.085399  19.579628  126.591208
0.758774  0.000000  0.000000  0.000000  -20.301570  17.002749  35.000000  42.007789  -1.222276  -13.851633  32.667368  9.247914  -30.085399  19.579628  126.591208
0.759008  0.000000  0.000000  0.000000  -20.301570  17.002749  37.500000  41.940978  -2.894421  -15.711378  32.667368  9.247914  -30.085399  19.579628  126.591208
0.759242  0.000000  0.000000  0.000000  -20.301570  17.002749  40.000000  41.819647  -4.563508  -17.576613  32.667368  9.247914  -30.085399  19.579628  126.591208
0.759476  0.000000  0.000000  0.000000  -20.301570  17.002749  42.500000  41.643404  -6.227760  -19.450531  32.667368  9.247914  -30.085399  19.579628  126.591208
0.759710  0.000000  0.000000  0.000000  -20.301570  17.002749  45.000000  41.411690  -7.885361  -21.336342  32.667368  9.247914  -30.085399  19.579628  126.591208
0.759944  0.000000  0.000000  0.000000  -20.301570  17.002749  47.500000  41.123772  -9.534459  -23.237287  32.667368  9.247914  -30.085399  19.579628  126.591208
0.760178  0.000000  0.000000  0.000000  -20.301570  17.002749  50.000000  40.778751  -11.173150  -25.156641  32.667368  9.247914  -30.085399  19.579628  126.591208
0.760412  0.000000  0.000000  0.000000  -18.415144  18.973385  -10.000000  34.984577  19.546771  20.880545  1.278501  0.009634  5.946515  11.122251  112.725835
0.760646  0.000000  0.000000  0.000000  -18.415144  18.973385  -7.500000  35.679949  18.100800  18.725811  1.278501  0.009634  5.946515  11.122251  112.725835
0.760880  0.000000  0.000000  0.000000  -18.415144  18.973385  -5.000000  36.312579  16.631297  16.606621  1.278501  0.009634  5.946515  11.122251  112.725835
0.761114  0.000000  0.000000  0.000000  -18.415144  18.973385  -2.500000  36.883888  15.140621  14.519883  1.278501  0.009634  5.946515  11.122251  112.725835
0.761348  0.000000  0.000000  0.000000  -18.415144  18.973385  0.000000  37.395141  13.631059  12.462505  1.278501  0.009634  5.946515  11.122251  112.725835
0.761582  0.000000  0.000000  0.000000  -18.415144  18.973385  2.500000  37.847562  12.104795  10.431402  1.278501  0.009634  5.946515  11.122251  112.725835
0.761816  0.000000  0.000000  0.000000  -18.415144  18.973385  5.000000  38.242264  10.563937  8.423468  1.278501  0.009634  5.946515  11.122251  112.725835
0.762050  0.000000  0.000000  0.000000  -18.415144  18.973385  7.500000  38.580233  9.010525  6.435665  1.278501  0.009634  5.946515  11.122251  112.725835
0.762284  0.000000  0.000000  0.000000  -18.415144  18.973385  10.000000  38.862341  7.446537  4.464941  1.278501  0.009634  5.946515  11.122251  112.725835
0.762518  0.000000  0.000000  0.000000  -18.415144  18.973385  12.500000  39.089326  5.873900  2.508271  1.278501  0.009634  5.946515  11.122251  112.725835
0.762752  0.000000  0.000000  0.000000  -18.415144  18.973385  15.000000  39.261776  4.294503  0.562639  1.278501  0.009634  5.946515  11.122251  112.725835
0.762985  0.000000  0.000000  0.000000  -18.415144  18.973385  17.500000  39.380164  2.710192  -1.374939  1.278501  0.009634  5.946515  11.122251  112.725835
0.763219  0.000000  0.000000  0.000000  -18.415144  18.973385  20.000000  39.444805  1.122794  -3.307447  1.278501  0.009634  5.946515  11.122251  112.725835
0.763453  0.000000  0.000000  0.000000  -18.415144  18.973385  22.500000  39.455872  -0.465877  -5.237857  1.278501  0.009634  5.946515  11.122251  112.725835
0.763687  0.000000  0.000000  0.000000  -18.415144  18.973385  25.000000  39.413398  -2.054020  -7.169138  1.278501  0.009634  5.946515  11.122251  112.725835
0.763921  0.000000  0.000000  0.000000  -18.415144  18.973385  27.500000  39.317267  -3.639830  -9.104256  1.278501  0.009634  5.946515  11.122251  112.725835
0.764155  0.000000  0.000000  0.000000  -18.415144  18.973385  30.000000  39.167216  -5.221480  -11.046197  1.278501  0.009634  5.946515  11.122251  112.725835
0.764389  0.000000  0.000000  0.000000  -18.415144  18.973385  32.500000  38.962853  -6.797143  -12.997936  1.278501  0.009634  5.946515  11.122251  112.725835
0.764623  0.000000  0.000000  0.000000  -18.415144  18.973385  35.000000  38.703625  -8.364937  -14.962484  1.278501  0.009634  5.946515  11.122251  112.725835
0.764857  0.000000  0.000000  0.000000  -18.415144  18.973385  37.500000  38.388857  -9.922956  -16.942852  1.278501  0.009634  5.946515  11.122251  112.725835
0.765091  0.000000  0.000000  0.000000  -18.415144  18.973385  40.000000  38.017732  -11.469247  -18.942085  1.278501  0.009634  5.946515  11.122251  112.725835
0.765325  0.000000  0.000000  0.000000  -18.415144  18.973385  42.500000  37.589293  -13.001800  -20.963251  1.278501  0.009634  5.946515  11.122251  112.725835
0.765559  0.000000  0.000000  0.000000  -18.415144  18.973385  45.000000  37.102520  -14.518544  -23.009394  1.278501  0.009634  5.946515  11.122251  112.725835
0.765793  0.000000  0.000000  0.000000  -18.415144  18.973385  47.500000  36.556204  -16.017287  -25.083603  1.278501  0.009634  5.946515  11.122251  112.725835
0.766027  0.000000  0.000000  0.000000  -18.415144  18.973385  50.000000  35.949093  -17.495828  -27.188999  1.278501  0.009634  5.946515  11.122251  112.725835
0.766261  0.000000  0.000000  0.000000  -42.904330  14.697222  -10.000000  37.286101  12.248808  15.122432  16.903927  25.933348  -3.136818  22.294666  111.834746
0.766495  0.000000  0.000000  0.000000  -42.904330  14.697222  -7.500000  37.689322  10.727168  13.098225  16.903927  25.933348  -3.136818  22.294666  111.834746
0.766729  0.000000  0.000000  0.000000  -42.904330  14.697222  -5.000000  38.035973  9.192583  11.094369  16.903927  25.933348  -3.136818  22.294666  111.834746
0.766963  0.000000  0.000000  0.000000  -42.904330  14.697222  -2.500000  38.326900  7.647042  9.107874  16.903927  25.933348  -3.136818  22.294666  111.834746
0.767197  0.000000  0.000000  0.000000  -42.904330  14.697222  0.000000  38.562835  6.092484  7.135757  16.903927  25.933348  -3.136818  22.294666  111.834746
0.767431  0.000000  0.000000  0.000000  -42.904330  14.697222  2.500000  38.744378  4.530798  5.175051  16.903927  25.933348  -3.136818  22.294666  111.834746
0.767665  0.000000  0.000000  0.000000  -42.904330  14.697222  5.000000  38.871993  2.963864  3.222821  16.903927  25.933348  -3.136818  22.294666  111.834746
0.767899  0.000000  0.000000  0.000000  -42.904330  14.697222  7.500000  38.946013  1.393502  1.276116  16.903927  25.933348  -3.136818  22.294666  111.834746
0.768133  0.000000  0.000000  0.000000  -42.904330  14.697222  10.000000  38.966630  -0.178470  -0.667998  16.903927  25.933348  -3.136818  22.294666  111.834746
0.768367  0.000000  0.000000  0.000000  -42.904330  14.697222  12.500000  38.933901  -1.750237  -2.612446  16.903927  25.933348  -3.136818  22.294666  111.834746
0.768601  0.000000  0.000000  0.000000  -42.904330  14.697222  15.000000  38.847739  -3.319985  -4.560152  16.903927  25.933348  -3.136818  22.294666  111.834746
0.768835  0.000000  0.000000  0.000000  -42.904330  14.697222  17.500000  38.707907  -4.885889  -6.514033  16.903927  25.933348  -3.136818  22.294666  111.834746
0.769069  0.000000  0.000000  0.000000  -42.904330  14.697222  20.000000  38.514060  -6.446115  -8.477079  16.903927  25.933348  -3.136818  22.294666  111.834746
0.769303  0.000000  0.000000  0.000000  -42.904330  14.697222  22.500000  38.265698  -7.998794  -10.452200  16.903927  25.933348  -3.136818  22.294666  111.834746
0.769537  0.000000  0.000000  0.000000  -42.904330  14.697222  25.000000  37.962190  -9.542018  -12.442374  16.903927  25.933348  -3.136818  22.294666  111.834746
0.769771  0.000000  0.000000  0.000000  -42.904330  14.697222  27.500000  37.602778  -11.073839  -14.450585  16.903927  25.933348  -3.136818  22.294666  111.834746
0.770005  0.000000  0.000000  0.000000  -42.904330  14.697222  30.000000  37.186573  -12.592257  -16.479840  16.903927  25.933348  -3.136818  22.294666  111.834746
0.770239  0.000000  0.000000  0.000000  -42.904330  14.697222  32.500000  36.712604  -14.095213  -18.533134  16.903927  25.933348  -3.136818  22.294666  111.834746
0.770473  0.000000  0.000000  0.000000  -42.904330  14.697222  35.000000  36.179755  -15.580542  -20.613488  16.903927  25.933348  -3.136818  22.294666  111.834746
0.770707  0.000000  0.000000  0.000000  -42.904330  14.697222  37.500000  35.586840  -17.046065  -22.723939  16.903927  25.933348  -3.136818  22.294666  111.834746
0.770941  0.000000  0.000000  0.000000  -42.904330  14.697222  40.000000  34.932586  -18.489440  -24.867505  16.903927  25.933348  -3.136818  22.294666  111.834746
0.771175  0.000000  0.000000  0.000000  -42.904330  14.697222  42.500000  34.215678  -19.908297  -27.047173  16.903927  25.933348  -3.136818  22.294666  111.834746
0.771409  0.000000  0.000000  0.000000  -42.904330  14.697222  45.000000  33.434734  -21.300132  -29.265916  16.903927  25.933348  -3.136818  22.294666  111.834746
0.771642  0.000000  0.000000  0.000000  -42.904330  14.697222  47.500000  32.588389  -22.662343  -31.526628  16.903927  25.933348  -3.136818  22.294666  111.834746
0.771876  0.000000  0.000000  0.000000  -42.904330  14.697222  50.000000  31.675288  -23.992213  -33.832123  16.903927  25.933348  -3.136818  22.294666  111.834746
0.772110  0.000000  0.000000  0.000000  -29.965209  7.001133  -10.000000  36.204951  8.146125  5.636317  40.874155  15.575905  13.455797  9.900580  125.414928
0.772344  0.000000  0.000000  0.000000  -29.965209  7.001133  -7.500000  36.466737  6.664681  3.605536  40.874155  15.575905  13.455797  9.900580  125.414928
0.772578  0.000000  0.000000  0.000000  -29.965209  7.001133  -5.000000  36.674958  5.174985  1.587024  40.874155  15.575905  13.455797  9.900580  125.414928
0.772812  0.000000  0.000000  0.000000  -29.965209  7.001133  -2.500000  36.830058  3.678932  -0.421981  40.874155  15.575905  13.455797  9.900580  125.414928
0.773046  0.000000  0.000000  0.000000  -29.965209  7.001133  0.000000  36.932378  2.178387  -2.424242  40.874155  15.575905  13.455797  9.900580  125.414928
0.773280  0.000000  0.000000  0.000000  -29.965209  7.001133  2.500000  36.982150  0.675180  -4.422522  40.874155  15.575905  13.455797  9.900580  125.414928
0.773514  0.000000  0.000000  0.000000  -29.965209  7.001133  5.000000  36.979466  -0.828844  -6.419555  40.874155  15.575905  13.455797  9.900580  125.414928
0.773748  0.000000  0.000000  0.000000  -29.965209  7.001133  7.500000  36.924337  -2.331849  -8.418107  40.874155  15.575905  13.455797  9.900580  125.414928
0.773982  0.000000  0.000000  0.000000  -29.965209  7.001133  10.000000  36.816634  -3.832021  -10.420927  40.874155  15.575905  13.455797  9.900580  125.414928
0.774216  0.000000  0.000000  0.000000  -29.965209  7.001133  12.500000  36.656127  -5.327512  -12.430783  40.874155  15.575905  13.455797  9.900580  125.414928
0.774450  0.000000  0.000000  0.000000  -29.965209  7.001133  15.000000  36.442454  -6.816452  -14.450420  40.874155  15.575905  13.455797  9.900580  125.414928
0.774684  0.000000  0.000000  0.000000  -29.965209  7.001133  17.500000  36.175157  -8.296951  -16.482608  40.874155  15.575905  13.455797  9.900580  125.414928
0.774918  0.000000  0.000000  0.000000  -29.965209  7.001133  20.000000  35.853668  -9.767081  -18.530114  40.874155  15.575905  13.455797  9.900580  125.414928
0.775152  0.000000  0.000000  0.000000  -29.965209  7.001133  22.500000  35.477316  -11.224870  -20.595712  40.874155  15.575905  13.455797  9.900580  125.414928
0.775386  0.000000  0.000000  0.000000  -29.965209  7.001133  25.000000  35.045335  -12.668300  -22.682178  40.874155  15.575905  13.455797  9.900580  125.414928
0.775620  0.000000  0.000000  0.000000  -29.965209  7.001133  27.500000  34.556891  -14.095297  -24.792267  40.874155  15.575905  13.455797  9.900580  125.414928
0.775854  0.000000  0.000000  0.000000  -29.965209  7.001133  30.000000  34.011055  -15.503697  -26.928734  40.874155  15.575905  13.455797  9.900580  125.414928
0.776088  0.000000  0.000000  0.000000  -29.965209  7.001133  32.500000  33.406843  -16.891316  -29.094326  40.874155  15.575905  13.455797  9.900580  125.414928
0.776322  0.000000  0.000000  0.000000  -29.965209  7.001133  35.000000  32.743272  -18.255826  -31.291734  40.874155  15.575905  13.455797  9.900580  125.414928
0.776556  0.000000  0.000000  0.000000  -29.965209  7.001133  37.500000  32.019262  -19.594876  -33.523604  40.874155  15.575905  13.455797  9.900580  125.414928
0.776790  0.000000  0.000000  0.000000  -29.965209  7.001133  40.000000  31.233788  -20.906006  -35.792533  40.874155  15.575905  13.455797  9.900580  125.414928
0.777024  0.000000  0.000000  0.000000  -29.965209  7.001133  42.500000  30.385841  -22.186665  -38.101004  40.874155  15.575905  13.455797  9.900580  125.414928
0.777258  0.000000  0.000000  0.000000  -29.965209  7.001133  45.000000  29.474474  -23.434215  -40.451387  40.874155  15.575905  13.455797  9.900580  125.414928
0.777492  0.000000  0.000000  0.000000  -29.965209  7.001133  47.500000  28.498835  -24.645923  -42.845901  40.874155  15.575905  13.455797  9.900580  125.414928
0.777726  0.000000  0.000000  0.000000  -29.965209  7.001133  50.000000  27.458213  -25.818967  -45.286579  40.874155  15.575905  13.455797  9.900580  125.414928
0.777960  0.000000  0.000000  0.000000  -25.648250  13.258118  -10.000000  37.111592  12.644556  11.893386  19.577853  1.629147  6.740984  17.181235  123.964096
0.778194  0.000000  0.000000  0.000000  -25.648250  13.258118  -7.500000  37.530139  11.128698  9.861744  19.577853  1.629147  6.740984  17.181235  123.964096
0.778428  0.000000  0.000000  0.000000  -25.648250  13.258118  -5.000000  37.891903  9.599341  7.851231  19.577853  1.629147  6.740984  17.181235  123.964096
0.778662  0.000000  0.000000  0.000000  -25.648250  13.258118  -2.500000  38.197758  8.058489  5.858860  19.577853  1.629147  6.740984  17.181235  123.964096
0.778896  0.000000  0.000000  0.000000  -25.648250  13.258118  0.000000  38.448467  6.508094  3.881650  19.577853  1.629147  6.740984  17.181235  123.964096
0.779130  0.000000  0.000000  0.000000  -25.648250  13.258118  2.500000  38.644662  4.950053  1.916630  19.577853  1.629147  6.740984  17.181235  123.964096
0.779364  0.000000  0.000000  0.000000  -25.648250  13.258118  5.000000  38.786840  3.386268  -0.039121  19.577853  1.629147  6.740984  17.181235  123.964096
0.779598  0.000000  0.000000  0.000000  -25.648250  13.258118  7.500000  38.875371  1.818551  -1.988564  19.577853  1.629147  6.740984  17.181235  123.964096
0.779832  0.000000  0.000000  0.000000  -25.648250  13.258118  10.000000  38.910484  0.248733  -3.934622  19.577853  1.629147  6.740984  17.181235  123.964096
0.780066  0.000000  0.000000  0.000000  -25.648250  13.258118  12.500000  38.892269  -1.321372  -5.880216  19.577853  1.629147  6.740984  17.181235  123.964096
0.780299  0.000000  0.000000  0.000000  -25.648250  13.258118  15.000000  38.820687  -2.889958  -7.828279  19.577853  1.629147  6.740984  17.181235  123.964096
0.780533  0.000000  0.000000  0.000000  -25.648250  13.258118  17.500000  38.695537  -4.455192  -9.781712  19.577853  1.629147  6.740984  17.181235  123.964096
0.780767  0.000000  0.000000  0.000000  -25.648250  13.258118  20.000000  38.516494  -6.015245  -11.743473  19.577853  1.629147  6.740984  17.181235  123.964096
0.781001  0.000000  0.000000  0.000000  -25.648250  13.258118  22.500000  38.283118  -7.568263  -13.716499  19.577853  1.629147  6.740984  17.181235  123.964096
0.781235  0.000000  0.000000  0.000000  -25.648250  13.258118  25.000000  37.994810  -9.112346  -15.703746  19.577853  1.629147  6.740984  17.181235  123.964096
0.781469  0.000000  0.000000  0.000000  -25.648250  13.258118  27.500000  37.650851  -10.645557  -17.708186  19.577853  1.629147  6.740984  17.181235  123.964096
0.781703  0.000000  0.000000  0.000000  -25.648250  13.258118  30.000000  37.250395  -12.165915  -19.732811  19.577853  1.629147  6.740984  17.181235  123.964096
0.781937  0.000000  0.000000  0.000000  -25.648250  13.258118  32.500000  36.792484  -13.671368  -21.780623  19.577853  1.629147  6.740984  17.181235  123.964096
0.782171  0.000000  0.000000  0.000000  -25.648250  13.258118  35.000000  36.276057  -15.159790  -23.854621  19.577853  1.629147  6.740984  17.181235  123.964096
0.782405  0.000000  0.000000  0.000000  -25.648250  13.258118  37.500000  35.699943  -16.629003  -25.957836  19.577853  1.629147  6.740984  17.181235  123.964096
0.782639  0.000000  0.000000  0.000000  -25.648250  13.258118  40.000000  35.062926  -18.076719  -28.093272  19.577853  1.629147  6.740984  17.181235  123.964096
0.782873  0.000000  0.000000  0.000000  -25.648250  13.258118  42.500000  34.363677  -19.500571  -30.263930  19.577853  1.629147  6.740984  17.181235  123.964096
0.783107  0.000000  0.000000  0.000000  -25.648250  13.258118  45.000000  33.600850  -20.898092  -32.472774  19.577853  1.629147  6.740984  17.181235  123.964096
0.783341  0.000000  0.000000  0.000000  -25.648250  13.258118  47.500000  32.773083  -22.266712  -34.722712  19.577853  1.629147  6.740984  17.181235  123.964096
0.783575  0.000000  0.000000  0.000000  -25.648250  13.258118  50.000000  31.879028  -23.603749  -37.016569  19.577853  1.629147  6.740984  17.181235  123.964096
0.783809  0.000000  0.000000  0.000000  -43.551293  11.010511  -10.000000  39.139241  12.853190  9.203859  48.169256  2.956178  26.891516  8.987723  111.845712
0.784043  0.000000  0.000000  0.000000  -43.551293  11.010511  -7.500000  39.552387  11.268029  7.226948  48.169256  2.956178  26.891516  8.987723  111.845712
0.784277  0.000000  0.000000  0.000000  -43.551293  11.010511  -5.000000  39.907714  9.669945  5.271797  48.169256  2.956178  26.891516  8.987723  111.845712
0.784511  0.000000  0.000000  0.000000  -43.551293  11.010511  -2.500000  40.206226  8.060917  3.335211  48.169256  2.956178  26.891516  8.987723  111.845712
0.784745  0.000000  0.000000  0.000000  -43.551293  11.010511  0.000000  40.448788  6.442874  1.414011  48.169256  2.956178  26.891516  8.987723  111.845712
0.784979  0.000000  0.000000  0.000000  -43.551293  11.010511  2.500000  40.636112  4.817684  -0.494954  48.169256  2.956178  26.891516  8.987723  111.845712
0.785213  0.000000  0.000000  0.000000  -43.551293  11.010511  5.000000  40.768742  3.187218  -2.394784  48.169256  2.956178  26.891516  8.987723  111.845712
0.785447  0.000000  0.000000  0.000000  -43.551293  11.010511  7.500000  40.847078  1.553255  -4.288600  48.169256  2.956178  26.891516  8.987723  111.845712
0.785681  0.000000  0.000000  0.000000  -43.551293  11.010511  10.000000  40.871354  -0.082399  -6.179493  48.169256  2.956178  26.891516  8.987723  111.845712
0.785915  0.000000  0.000000  0.000000  -43.551293  11.010511  12.500000  40.841642  -1.717967  -8.070541  48.169256  2.956178  26.891516  8.987723  111.845712
0.786149  0.000000  0.000000  0.000000  -43.551293  11.010511  15.000000  40.757853  -3.351659  -9.964826  48.169256  2.956178  26.891516  8.987723  111.845712
0.786383  0.000000  0.000000  0.000000  -43.551293  11.010511  17.500000  40.619725  -4.981680  -11.865437  48.169256  2.956178  26.891516  8.987723  111.845712
0.786617  0.000000  0.000000  0.000000  -43.551293  11.010511  20.000000  40.426865  -6.606224  -13.775486  48.169256  2.956178  26.891516  8.987723  111.845712
0.786851  0.000000  0.000000  0.000000  -43.551293  11.010511  22.500000  40.178701  -8.223444  -15.698094  48.169256  2.956178  26.891516  8.987723  111.845712
0.787085  0.000000  0.000000  0.000000  -43.551293  11.010511  25.000000  39.874509  -9.831456  -17.636406  48.169256  2.956178  26.891516  8.987723  111.845712
0.787319  0.000000  0.000000  0.000000  -43.551293  11.010511  27.500000  39.513409  -11.428329  -19.593600  48.169256  2.956178  26.891516  8.987723  111.845712
0.787553  0.000000  0.000000  0.000000  -43.551293  11.010511  30.000000  39.094371  -13.012078  -21.572887  48.169256  2.956178  26.891516  8.987723  111.845712
0.787787  0.000000  0.000000  0.000000  -43.551293  11.010511  32.500000  38.616238  -14.580643  -23.577505  48.169256  2.956178  26.891516  8.987723  111.845712
0.788021  0.000000  0.000000  0.000000  -43.551293  11.010511  35.000000  38.077701  -16.131855  -25.610703  48.169256  2.956178  26.891516  8.987723  111.845712
0.788255  0.000000  0.000000  0.000000  -43.551293  11.010511  37.500000  37.477340  -17.663530  -27.675800  48.169256  2.956178  26.891516  8.987723  111.845712
0.788489  0.000000  0.000000  0.000000  -43.551293  11.010511  40.000000  36.813610  -19.173301  -29.776110  48.169256  2.956178  26.891516  8.987723  111.845712
0.788723  0.000000  0.000000  0.000000  -43.551293  11.010511  42.500000  36.084899  -20.658754  -31.914944  48.169256  2.956178  26.891516  8.987723  111.845712
0.788956  0.000000  0.000000  0.000000  -43.551293  11.010511  45.000000  35.289495  -22.117340  -34.095624  48.169256  2.956178  26.891516  8.987723  111.845712
0.789190  0.000000  0.000000  0.000000  -43.551293  11.010511  47.500000  34.425661  -23.546381  -36.321427  48.169256  2.956178  26.891516  8.987723  111.845712
0.789424  0.000000  0.000000  0.000000  -43.551293  11.010511  50.000000  33.491643  -24.943066  -38.595585  48.169256  2.956178  26.891516  8.987723  111.845712
0.789658  0.000000  0.000000  0.000000  -28.069382  15.747984  -10.000000  36.472753  19.351831  20.755912  -16.314537  21.307684  -8.048971  18.348699  115.800699
0.789892  0.000000  0.000000  0.000000  -28.069382  15.747984  -7.500000  37.146570  17.853743  18.644055  -16.314537  21.307684  -8.048971  18.348699  115.800699
0.790126  0.000000  0.000000  0.000000  -28.069382  15.747984  -5.000000  37.756994  16.333348  16.567708  -16.314537  21.307684  -8.048971  18.348699  115.800699
0.790360  0.000000  0.000000  0.000000  -28.069382  15.747984  -2.500000  38.305525  14.792950  14.523627  -16.314537  21.307684  -8.048971  18.348699  115.800699
0.790594  0.000000  0.000000  0.000000  -28.069382  15.747984  0.000000  38.793587  13.234807  12.508533  -16.314537  21.307684  -8.048971  18.348699  115.800699
0.790828  0.000000  0.000000  0.000000  -28.069382  15.747984  2.500000  39.222478  11.661072  10.519180  -16.314537  21.307684  -8.048971  18.348699  115.800699
0.791062  0.000000  0.000000  0.000000  -28.069382  15.747984  5.000000  39.593369  10.073820  8.552350  -16.314537  21.307684  -8.048971  18.348699  115.800699
0.791296  0.000000  0.000000  0.000000  -28.069382  15.747984  7.500000  39.907294  8.475056  6.604856  -16.314537  21.307684  -8.048971  18.348699  115.800699
0.791530  0.000000  0.000000  0.000000  -28.069382  15.747984  10.000000  40.165152  6.866721  4.673548  -16.314537  21.307684  -8.048971  18.348699  115.800699
0.791764  0.000000  0.000000  0.000000  -28.069382  15.747984  12.500000  40.367651  5.250714  2.755270  -16.314537  21.307684  -8.048971  18.348699  115.800699
0.791998  0.000000  0.000000  0.000000  -28.069382  15.747984  15.000000  40.515405  3.628885  0.846934  -16.314537  21.307684  -8.048971  18.348699  115.800699
0.792232  0.000000  0.000000  0.000000  -28.069382  15.747984  17.500000  40.608840  2.003055  -1.054551  -16.314537  21.307684  -8.048971  18.348699  115.800699
0.792466  0.000000  0.000000  0.000000  -28.069382  15.747984  20.000000  40.648229  0.375024  -2.952261  -16.314537  21.307684  -8.048971  18.348699  115.800699
0.792700  0.000000  0.000000  0.000000  -28.069382  15.747984  22.500000  40.633683  -1.253413  -4.849271  -16.314537  21.307684  -8.048971  18.348699  115.800699
0.792934  0.000000  0.000000  0.000000  -28.069382  15.747984  25.000000  40.565162  -2.880472  -6.748649  -16.314537  21.307684  -8.048971  18.348699  115.800699
0.793168  0.000000  0.000000  0.000000  -28.069382  15.747984  27.500000  40.442470  -4.504375  -8.653436  -16.314537  21.307684  -8.048971  18.348699  115.800699
0.793402  0.000000  0.000000  0.000000  -28.069382  15.747984  30.000000  40.265230  -6.123284  -10.566751  -16.314537  21.307684  -8.048971  18.348699  115.800699
0.793636  0.000000  0.000000  0.000000  -28.069382  15.747984  32.500000  40.032967  -7.735394  -12.491665  -16.314537  21.307684  -8.048971  18.348699  115.800699
0.793870  0.000000  0.000000  0.000000  -28.069382  15.747984  35.000000  39.744974  -9.338802  -14.431316  -16.314537  21.307684  -8.048971  18.348699  115.800699
0.794104  0.000000  0.000000  0.000000  -28.069382  15.747984  37.500000  39.400443  -10.931597  -16.388841  -16.314537  21.307684  -8.048971  18.348699  115.800699
0.794338  0.000000  0.000000  0.000000  -28.069382  15.747984  40.000000  38.998404  -12.511815  -18.367427  -16.314537  21.307684  -8.048971  18.348699  115.800699
0.794572  0.000000  0.000000  0.000000  -28.069382  15.747984  42.500000  38.537738  -14.077410  -20.370273  -16.314537  21.307684  -8.048971  18.348699  115.800699
0.794806  0.000000  0.000000  0.000000  -28.069382  15.747984  45.000000  38.017225  -15.626247  -22.400593  -16.314537  21.307684  -8.048971  18.348699  115.800699
0.795040  0.000000  0.000000  0.000000  -28.069382  15.747984  47.500000  37.435488  -17.156153  -24.461666  -16.314537  21.307684  -8.048971  18.348699  115.800699
0.795274  0.000000  0.000000  0.000000  -28.069382  15.747984  50.000000  36.791061  -18.664813  -26.556762  -16.314537  21.307684  -8.048971  18.348699  115.800699
0.795508  0.000000  0.000000  0.000000  -36.271193  14.397080  -10.000000  38.434248  4.260729  10.477353  4.195883  21.650258  -15.283717  9.765862  128.288849
0.795742  0.000000  0.000000  0.000000  -36.271193  14.397080  -7.500000  38.553346  2.704502  8.517104  4.195883  21.650258  -15.283717  9.765862  128.288849
0.795976  0.000000  0.000000  0.000000  -36.271193  14.397080  -5.000000  38.619031  1.145123  6.561884  4.195883  21.650258  -15.283717  9.765862  128.288849
0.796210  0.000000  0.000000  0.000000  -36.271193  14.397080  -2.500000  38.631468  -0.415588  4.608791  4.195883  21.650258  -15.283717  9.765862  128.288849
0.796444  0.000000  0.000000  0.000000  -36.271193  14.397080  0.000000  38.590700  -1.975817  2.654927  4.195883  21.650258  -15.283717  9.765862  128.288849
0.796678  0.000000  0.000000  0.000000  -36.271193  14.397080  2.500000  38.496587  -3.533743  0.697391  4.195883  21.650258  -15.283717  9.765862  128.288849
0.796912  0.000000  0.000000  0.000000  -36.271193  14.397080  5.000000  38.348919  -5.087544  -1.266714  4.195883  21.650258  -15.283717  9.765862  128.288849
0.797146  0.000000  0.000000  0.000000  -36.271193  14.397080  7.500000  38.147341  -6.635369  -3.240326  4.195883  21.650258  -15.283717  9.765862  128.288849
0.797380  0.000000  0.000000  0.000000  -36.271193  14.397080  10.000000  37.891315  -8.175339  -5.226340  4.195883  21.650258  -15.283717  9.765862  128.288849
0.797613  0.000000  0.000000  0.000000  -36.271193  14.397080  12.500000  37.580233  -9.705552  -7.227703  4.195883  21.650258  -15.283717  9.765862  128.288849
0.797847  0.000000  0.000000  0.000000  -36.271193  14.397080  15.000000  37.213331  -11.224039  -9.247363  4.195883  21.650258  -15.283717  9.765862  128.288849
0.798081  0.000000  0.000000  0.000000  -36.271193  14.397080  17.500000  36.789741  -12.728794  -11.288284  4.195883  21.650258  -15.283717  9.765862  128.288849
0.798315  0.000000  0.000000  0.000000  -36.271193  14.397080  20.000000  36.308488  -14.217742  -13.353438  4.195883  21.650258  -15.283717  9.765862  128.288849
0.798549  0.000000  0.000000  0.000000  -36.271193  14.397080  22.500000  35.768494  -15.688738  -15.445802  4.195883  21.650258  -15.283717  9.765862  128.288849
0.798783  0.000000  0.000000  0.000000  -36.271193  14.397080  25.000000  35.168597  -17.139537  -17.568345  4.195883  21.650258  -15.283717  9.765862  128.288849
0.799017  0.000000  0.000000  0.000000  -36.271193  14.397080  27.500000  34.507577  -18.567859  -19.724036  4.195883  21.650258  -15.283717  9.765862  128.288849
0.799251  0.000000  0.000000  0.000000  -36.271193  14.397080  30.000000  33.784105  -19.971290  -21.915839  4.195883  21.650258  -15.283717  9.765862  128.288849
0.799485  0.000000  0.000000  0.000000  -36.271193  14.397080  32.500000  32.996934  -21.347339  -24.146586  4.195883  21.650258  -15.283717  9.765862  128.288849
0.799719  0.000000  0.000000  0.000000  -36.271193  14.397080  35.000000  32.144710  -22.693382  -26.419159  4.195883  21.650258  -15.283717  9.765862  128.288849
0.799953  0.000000  0.000000  0.000000  -36.271193  14.397080  37.500000  31.226163  -24.006713  -28.736270  4.195883  21.650258  -15.283717  9.765862  128.288849
0.800187  0.000000  0.000000  0.000000  -36.271193  14.397080  40.000000  30.240089  -25.284509  -31.100520  4.195883  21.650258  -15.283717  9.765862  128.288849
0.800421  0.000000  0.000000  0.000000  -36.271193  14.397080  42.500000  29.185371  -26.523845  -33.514323  4.195883  21.650258  -15.283717  9.765862  128.288849
0.800655  0.000000  0.000000  0.000000  -36.271193  14.397080  45.000000  28.061113  -27.721677  -35.979921  4.195883  21.650258  -15.283717  9.765862  128.288849
0.800889  0.000000  0.000000  0.000000  -36.271193  14.397080  47.500000  26.866586  -28.874845  -38.499272  4.195883  21.650258  -15.283717  9.765862  128.288849
0.801123  0.000000  0.000000  0.000000  -36.271193  14.397080  50.000000  25.601356  -29.980151  -41.073965  4.195883  21.650258  -15.283717  9.765862  128.288849
0.801357  0.000000  0.000000  0.000000  -32.601965  -0.744520  -10.000000  40.786105  7.143123  1.814217  71.781934  0.034923  -23.089905  12.562402  121.768923
0.801591  0.000000  0.000000  0.000000  -32.601965  -0.744520  -7.500000  40.995599  5.506426  -0.087189  71.781934  0.034923  -23.089905  12.562402  121.768923
0.801825  0.000000  0.000000  0.000000  -32.601965  -0.744520  -5.000000  41.150087  3.863729  -1.978130  71.781934  0.034923  -23.089905  12.562402  121.768923
0.802059  0.000000  0.000000  0.000000  -32.601965  -0.744520  -2.500000  41.250009  2.216858  -3.861752  71.781934  0.034923  -23.089905  12.562402  121.768923
0.802293  0.000000  0.000000  0.000000  -32.601965  -0.744520  0.000000  41.295683  0.567594  -5.741185  71.781934  0.034923  -23.089905  12.562402  121.768923
0.802527  0.000000  0.000000  0.000000  -32.601965  -0.744520  2.500000  41.287248  -1.082276  -7.619542  71.781934  0.034923  -23.089905  12.562402  121.768923
0.802761  0.000000  0.000000  0.000000  -32.601965  -0.744520  5.000000  41.224670  -2.730985  -9.499949  71.781934  0.034923  -23.089905  12.562402  121.768923
0.802995  0.000000  0.000000  0.000000  -32.601965  -0.744520  7.500000  41.107758  -4.376746  -11.385510  71.781934  0.034923  -23.089905  12.562402  121.768923
0.803229  0.000000  0.000000  0.000000  -32.601965  -0.744520  10.000000  40.936178  -6.017770  -13.279387  71.781934  0.034923  -23.089905  12.562402  121.768923
0.803463  0.000000  0.000000  0.000000  -32.601965  -0.744520  12.500000  40.709381  -7.652224  -15.184703  71.781934  0.034923  -23.089905  12.562402  121.768923
0.803697  0.000000  0.000000  0.000000  -32.601965  -0.744520  15.000000  40.426695  -9.278255  -17.104643  71.781934  0.034923  -23.089905  12.562402  121.768923
0.803931  0.000000  0.000000  0.000000  -32.601965  -0.744520  17.500000  40.087273  -10.893953  -19.042413  71.781934  0.034923  -23.089905  12.562402  121.768923
0.804165  0.000000  0.000000  0.000000  -32.601965  -0.744520  20.000000  39.690112  -12.497358  -21.001255  71.781934  0.034923  -23.089905  12.562402  121.768923
0.804399  0.000000  0.000000  0.000000  -32.601965  -0.744520  22.500000  39.234068  -14.086445  -22.984439  71.781934  0.034923  -23.089905  12.562402  121.768923
0.804633  0.000000  0.000000  0.000000  -32.601965  -0.744520  25.000000  38.717841  -15.659106  -24.995280  71.781934  0.034923  -23.089905  12.562402  121.768923
0.804867  0.000000  0.000000  0.000000  -32.601965  -0.744520  27.500000  38.139997  -17.213111  -27.037115  71.781934  0.034923  -23.089905  12.562402  121.768923
0.805101  0.000000  0.000000  0.000000  -32.601965  -0.744520  30.000000  37.498996  -18.746250  -29.113313  71.781934  0.034923  -23.089905  12.562402  121.768923
0.805335  0.000000  0.000000  0.000000  -32.601965  -0.744520  32.500000  36.793162  -20.256045  -31.227288  71.781934  0.034923  -23.089905  12.562402  121.768923
0.805569  0.000000  0.000000  0.000000  -32.601965  -0.744520  35.000000  36.020764  -21.740019  -33.382417  71.781934  0.034923  -23.089905  12.562402  121.768923
0.805803  0.000000  0.000000  0.000000  -32.601965  -0.744520  37.500000  35.179971  -23.195530  -35.582095  71.781934  0.034923  -23.089905  12.562402  121.768923
0.806036  0.000000  0.000000  0.000000  -32.601965  -0.744520  40.000000  34.268950  -24.619807  -37.829650  71.781934  0.034923  -23.089905  12.562402  121.768923
0.806270  0.000000  0.000000  0.000000  -32.601965  -0.744520  42.500000  33.285841  -26.009934  -40.128373  71.781934  0.034923  -23.089905  12.562402  121.768923
0.806504  0.000000  0.000000  0.000000  -32.601965  -0.744520  45.000000  32.228886  -27.362845  -42.481434  71.781934  0.034923  -23.089905  12.562402  121.768923
0.806738  0.000000  0.000000  0.000000  -32.601965  -0.744520  47.500000  31.096365  -28.675361  -44.891811  71.781934  0.034923  -23.089905  12.562402  121.768923
0.806972  0.000000  0.000000  0.000000  -32.601965  -0.744520  50.000000  29.886753  -29.944100  -47.362341  71.781934  0.034923  -23.089905  12.562402  121.768923
0.807206  0.000000  0.000000  0.000000  -15.682686  9.231492  -10.000000  39.813635  21.566886  18.367392  -15.120072  7.336363  -19.783816  18.849887  125.361510
0.807440  0.000000  0.000000  0.000000  -15.682686  9.231492  -7.500000  40.537861  19.953875  16.324627  -15.120072  7.336363  -19.783816  18.849887  125.361510
0.807674  0.000000  0.000000  0.000000  -15.682686  9.231492  -5.000000  41.193972  18.317967  14.323505  -15.120072  7.336363  -19.783816  18.849887  125.361510
0.807908  0.000000  0.000000  0.000000  -15.682686  9.231492  -2.500000  41.784163  16.661604  12.360088  -15.120072  7.336363  -19.783816  18.849887  125.361510
0.808142  0.000000  0.000000  0.000000  -15.682686  9.231492  0.000000  42.310431  14.987081  10.430542  -15.120072  7.336363  -19.783816  18.849887  125.361510
0.808376  0.000000  0.000000  0.000000  -15.682686  9.231492  2.500000  42.774599  13.296579  8.531099  -15.120072  7.336363  -19.783816  18.849887  125.361510
0.808610  0.000000  0.000000  0.000000  -15.682686  9.231492  5.000000  43.178300  11.592179  6.658073  -15.120072  7.336363  -19.783816  18.849887  125.361510
0.808844  0.000000  0.000000  0.000000  -15.682686  9.231492  7.500000  43.522971  9.875875  4.807845  -15.120072  7.336363  -19.783816  18.849887  125.361510
0.809078  0.000000  0.000000  0.000000  -15.682686  9.231492  10.000000  43.809855  8.149580  2.976877  -15.120072  7.336363  -19.783816  18.849887  125.361510
0.809312  0.000000  0.000000  0.000000  -15.682686  9.231492  12.500000  44.040008  6.415143  1.161689  -15.120072  7.336363  -19.783816  18.849887  125.361510
0.809546  0.000000  0.000000  0.000000  -15.682686  9.231492  15.000000  44.214229  4.674369  -0.641178  -15.120072  7.336363  -19.783816  18.849887  125.361510
0.809780  0.000000  0.000000  0.000000  -15.682686  9.231492  17.500000  44.333194  2.929009  -2.435090  -15.120072  7.336363  -19.783816  18.849887  125.361510
0.810014  0.000000  0.000000  0.000000  -15.682686  9.231492  20.000000  44.397330  1.180792  -4.223413  -15.120072  7.336363  -19.783816  18.849887  125.361510
0.810248  0.000000  0.000000  0.000000  -15.682686  9.231492  22.500000  44.406875  -0.568572  -6.009487  -15.120072  7.336363  -19.783816  18.849887  125.361510
0.810482  0.000000  0.000000  0.000000  -15.682686  9.231492  25.000000  44.361860  -2.317380  -7.796652  -15.120072  7.336363  -19.783816  18.849887  125.361510
0.810716  0.000000  0.000000  0.000000  -15.682686  9.231492  27.500000  44.262124  -4.063940  -9.588218  -15.120072  7.336363  -19.783816  18.849887  125.361510
0.810950  0.000000  0.000000  0.000000  -15.682686  9.231492  30.000000  44.107287  -5.806512  -11.387567  -15.120072  7.336363  -19.783816  18.849887  125.361510
0.811184  0.000000  0.000000  0.000000  -15.682686  9.231492  32.500000  43.896812  -7.543375  -13.198052  -15.120072  7.336363  -19.783816  18.849887  125.361510
0.811418  0.000000  0.000000  0.000000  -15.682686  9.231492  35.000000  43.629898  -9.272725  -15.023107  -15.120072  7.336363  -19.783816  18.849887  125.361510
0.811652  0.000000  0.000000  0.000000  -15.682686  9.231492  37.500000  43.305587  -10.992735  -16.866188  -15.120072  7.336363  -19.783816  18.849887  125.361510
0.811886  0.000000  0.000000  0.000000  -15.682686  9.231492  40.000000  42.922698  -12.701525  -18.730832  -15.120072  7.336363  -19.783816  18.849887  125.361510
0.812120  0.000000  0.000000  0.000000  -15.682686  9.231492  42.500000  42.479862  -14.397135  -20.620619  -15.120072  7.336363  -19.783816  18.849887  125.361510
0.812354  0.000000  0.000000  0.000000  -15.682686  9.231492  45.000000  41.975526  -16.077487  -22.539201  -15.120072  7.336363  -19.783816  18.849887  125.361510
0.812588  0.000000  0.000000  0.000000  -15.682686  9.231492  47.500000  41.407926  -17.740463  -24.490331  -15.120072  7.336363  -19.783816  18.849887  125.361510
0.812822  0.000000  0.000000  0.000000  -15.682686  9.231492  50.000000  40.775122  -19.383795  -26.477817  -15.120072  7.336363  -19.783816  18.849887  125.361510
0.813056  0.000000  0.000000  0.000000  -25.503288  7.725884  -10.000000  36.261325  5.358917  5.461114  29.197588  6.187324  11.147484  16.869856  118.114436
0.813290  0.000000  0.000000  0.000000  -25.503288  7.725884  -7.500000  36.424008  3.877231  3.440893  29.197588  6.187324  11.147484  16.869856  118.114436
0.813524  0.000000  0.000000  0.000000  -25.503288  7.725884  -5.000000  36.534090  2.390756  1.427753  29.197588  6.187324  11.147484  16.869856  118.114436
0.813758  0.000000  0.000000  0.000000  -25.503288  7.725884  -2.500000  36.591804  0.901341  -0.581026  29.197588  6.187324  11.147484  16.869856  118.114436
0.813992  0.000000  0.000000  0.000000  -25.503288  7.725884  0.000000  36.597273  -0.589183  -2.588163  29.197588  6.187324  11.147484  16.869856  118.114436
0.814226  0.000000  0.000000  0.000000  -25.503288  7.725884  2.500000  36.550508  -2.078984  -4.596373  29.197588  6.187324  11.147484  16.869856  118.114436
0.814460  0.000000  0.000000  0.000000  -25.503288  7.725884  5.000000  36.451410  -3.566227  -6.608374  29.197588  6.187324  11.147484  16.869856  118.114436
0.814693  0.000000  0.000000  0.000000  -25.503288  7.725884  7.500000  36.299757  -5.049069  -8.626875  29.197588  6.187324  11.147484  16.869856  118.114436
0.814927  0.000000  0.000000  0.000000  -25.503288  7.725884  10.000000  36.095260  -6.525653  -10.654635  29.197588  6.187324  11.147484  16.869856  118.114436
0.815161  0.000000  0.000000  0.000000  -25.503288  7.725884  12.500000  35.837449  -7.994080  -12.694336  29.197588  6.187324  11.147484  16.869856  118.114436
0.815395  0.000000  0.000000  0.000000  -25.503288  7.725884  15.000000  35.525824  -9.452444  -14.748725  29.197588  6.187324  11.147484  16.869856  118.114436
0.815629  0.000000  0.000000  0.000000  -25.503288  7.725884  17.500000  35.159741  -10.898771  -16.820526  29.197588  6.187324  11.147484  16.869856  118.114436
0.815863  0.000000  0.000000  0.000000  -25.503288  7.725884  20.000000  34.738484  -12.331055  -18.912470  29.197588  6.187324  11.147484  16.869856  118.114436
0.816097  0.000000  0.000000  0.000000  -25.503288  7.725884  22.500000  34.261263  -13.747235  -21.027270  29.197588  6.187324  11.147484  16.869856  118.114436
0.816331  0.000000  0.000000  0.000000  -25.503288  7.725884  25.000000  33.727208  -15.145184  -23.167639  29.197588  6.187324  11.147484  16.869856  118.114436
0.816565  0.000000  0.000000  0.000000  -25.503288  7.725884  27.500000  33.135393  -16.522686  -25.336243  29.197588  6.187324  11.147484  16.869856  118.114436
0.816799  0.000000  0.000000  0.000000  -25.503288  7.725884  30.000000  32.484856  -17.877500  -27.535751  29.197588  6.187324  11.147484  16.869856  118.114436
0.817033  0.000000  0.000000  0.000000  -25.503288  7.725884  32.500000  31.774620  -19.207267  -29.768762  29.197588  6.187324  11.147484  16.869856  118.114436
0.817267  0.000000  0.000000  0.000000  -25.503288  7.725884  35.000000  31.003702  -20.509571  -32.037771  29.197588  6.187324  11.147484  16.869856  118.114436
0.817501  0.000000  0.000000  0.000000  -25.503288  7.725884  37.500000  30.171148  -21.781885  -34.345255  29.197588  6.187324  11.147484  16.869856  118.114436
0.817735  0.000000  0.000000  0.000000  -25.503288  7.725884  40.000000  29.276069  -23.021613  -36.693517  29.197588  6.187324  11.147484  16.869856  118.114436
0.817969  0.000000  0.000000  0.000000  -25.503288  7.725884  42.500000  28.317670  -24.226068  -39.084727  29.197588  6.187324  11.147484  16.869856  118.114436
0.818203  0.000000  0.000000  0.000000  -25.503288  7.725884  45.000000  27.295287  -25.392476  -41.520872  29.197588  6.187324  11.147484  16.869856  118.114436
0.818437  0.000000  0.000000  0.000000  -25.503288  7.725884  47.500000  26.208440  -26.517988  -44.003705  29.197588  6.187324  11.147484  16.869856  118.114436
0.818671  0.000000  0.000000  0.000000  -25.503288  7.725884  50.000000  25.056860  -27.599678  -46.534717  29.197588  6.187324  11.147484  16.869856  118.114436
0.818905  0.000000  0.000000  0.000000  -21.386721  6.786490  -10.000000  37.968538  6.892794  2.489043  -26.123884  12.283462  -12.828759  24.948330  123.227068
0.819139  0.000000  0.000000  0.000000  -21.386721  6.786490  -7.500000  38.179645  5.350942  0.509778  -26.123884  12.283462  -12.828759  24.948330  123.227068
0.819373  0.000000  0.000000  0.000000  -21.386721  6.786490  -5.000000  38.336823  3.802771  -1.459511  -26.123884  12.283462  -12.828759  24.948330  123.227068
0.819607  0.000000  0.000000  0.000000  -21.386721  6.786490  -2.500000  38.440441  2.250141  -3.421729  -26.123884  12.283462  -12.828759  24.948330  123.227068
0.819841  0.000000  0.000000  0.000000  -21.386721  6.786490  0.000000  38.490765  0.694871  -5.379769  -26.123884  12.283462  -12.828759  24.948330  123.227068
0.820075  0.000000  0.000000  0.000000  -21.386721  6.786490  2.500000  38.487928  -0.861196  -7.336520  -26.123884  12.283462  -12.828759  24.948330  123.227068
0.820309  0.000000  0.000000  0.000000  -21.386721  6.786490  5.000000  38.431913  -2.416267  -9.294872  -26.123884  12.283462  -12.828759  24.948330  123.227068
0.820543  0.000000  0.000000  0.000000  -21.386721  6.786490  7.500000  38.322580  -3.968509  -11.257703  -26.123884  12.283462  -12.828759  24.948330  123.227068
0.820777  0.000000  0.000000  0.000000  -21.386721  6.786490  10.000000  38.159667  -5.516094  -13.227927  -26.123884  12.283462  -12.828759  24.948330  123.227068
0.821011  0.000000  0.000000  0.000000  -21.386721  6.786490  12.500000  37.942757  -7.057162  -15.208429  -26.123884  12.283462  -12.828759  24.948330  123.227068
0.821245  0.000000  0.000000  0.000000  -21.386721  6.786490  15.000000  37.671319  -8.589829  -17.202128  -26.123884  12.283462  -12.828759  24.948330  123.227068
0.821479  0.000000  0.000000  0.000000  -21.386721  6.786490  17.500000  37.344699  -10.112167  -19.211949  -26.123884  12.283462  -12.828759  24.948330  123.227068
0.821713  0.000000  0.000000  0.000000  -21.386721  6.786490  20.000000  36.962116  -11.622205  -21.240833  -26.123884  12.283462  -12.828759  24.948330  123.227068
0.821947  0.000000  0.000000  0.000000  -21.386721  6.786490  22.500000  36.522679  -13.117917  -23.291728  -26.123884  12.283462  -12.828759  24.948330  123.227068
0.822181  0.000000  0.000000  0.000000  -21.386721  6.786490  25.000000  36.025400  -14.597211  -25.367594  -26.123884  12.283462  -12.828759  24.948330  123.227068
0.822415  0.000000  0.000000  0.000000  -21.386721  6.786490  27.500000  35.469185  -16.057902  -27.471376  -26.123884  12.283462  -12.828759  24.948330  123.227068
0.822649  0.000000  0.000000  0.000000  -21.386721  6.786490  30.000000  34.852870  -17.497778  -29.606045  -26.123884  12.283462  -12.828759  24.948330  123.227068
0.822883  0.000000  0.000000  0.000000  -21.386721  6.786490  32.500000  34.175232  -18.914463  -31.774533  -26.123884  12.283462  -12.828759  24.948330  123.227068
0.823117  0.000000  0.000000  0.000000  -21.386721  6.786490  35.000000  33.434999  -20.305567  -33.979736  -26.123884  12.283462  -12.828759  24.948330  123.227068
0.823350  0.000000  0.000000  0.000000  -21.386721  6.786490  37.500000  32.630868  -21.668554  -36.224515  -26.123884  12.283462  -12.828759  24.948330  123.227068
0.823584  0.000000  0.000000  0.000000  -21.386721  6.786490  40.000000  31.761566  -23.000795  -38.511641  -26.123884  12.283462  -12.828759  24.948330  123.227068
0.823818  0.000000  0.000000  0.000000  -21.386721  6.786490  42.500000  30.825857  -24.299553  -40.843783  -26.123884  12.283462  -12.828759  24.948330  123.227068
0.824052  0.000000  0.000000  0.000000  -21.386721  6.786490  45.000000  29.822590  -25.561980  -43.223469  -26.123884  12.283462  -12.828759  24.948330  123.227068
0.824286  0.000000  0.000000  0.000000  -21.386721  6.786490  47.500000  28.750732  -26.785137  -45.653026  -26.123884  12.283462  -12.828759  24.948330  123.227068
0.824520  0.000000  0.000000  0.000000  -21.386721  6.786490  50.000000  27.609456  -27.965949  -48.134603  -26.123884  12.283462  -12.828759  24.948330  123.227068
0.824754  0.000000  0.000000  0.000000  -17.989069  17.791882  -10.000000  34.621407  13.860395  13.852712  20.378803  18.961847  8.827219  22.943977  127.780823
0.824988  0.000000  0.000000  0.000000  -17.989069  17.791882  -7.500000  35.100579  12.431258  11.746207  20.378803  18.961847  8.827219  22.943977  127.780823
0.825222  0.000000  0.000000  0.000000  -17.989069  17.791882  -5.000000  35.523442  10.986027  9.662863  20.378803  18.961847  8.827219  22.943977  127.780823
0.825456  0.000000  0.000000  0.000000  -17.989069  17.791882  -2.500000  35.890830  9.526766  7.599917  20.378803  18.961847  8.827219  22.943977  127.780823
0.825690  0.000000  0.000000  0.000000  -17.989069  17.791882  0.000000  36.203472  8.055476  5.554617  20.378803  18.961847  8.827219  22.943977  127.780823
0.825924  0.000000  0.000000  0.000000  -17.989069  17.791882  2.500000  36.462036  6.574135  3.524173  20.378803  18.961847  8.827219  22.943977  127.780823
0.826158  0.000000  0.000000  0.000000  -17.989069  17.791882  5.000000  36.667070  5.084659  1.505825  20.378803  18.961847  8.827219  22.943977  127.780823
0.826392  0.000000  0.000000  0.000000  -17.989069  17.791882  7.500000  36.819017  3.588933  -0.503192  20.378803  18.961847  8.827219  22.943977  127.780823
0.826626  0.000000  0.000000  0.000000  -17.989069  17.791882  10.000000  36.918213  2.088830  -2.505621  20.378803  18.961847  8.827219  22.943977  127.780823
0.826860  0.000000  0.000000  0.000000  -17.989069  17.791882  12.500000  36.964872  0.586177  -4.504234  20.378803  18.961847  8.827219  22.943977  127.780823
0.827094  0.000000  0.000000  0.000000  -17.989069  17.791882  15.000000  36.959101  -0.917187  -6.501769  20.378803  18.961847  8.827219  22.943977  127.780823
0.827328  0.000000  0.000000  0.000000  -17.989069  17.791882  17.500000  36.900886  -2.419436  -8.500985  20.378803  18.961847  8.827219  22.943977  127.780823
0.827562  0.000000  0.000000  0.000000  -17.989069  17.791882  20.000000  36.790098  -3.918737  -10.504631  20.378803  18.961847  8.827219  22.943977  127.780823
0.827796  0.000000  0.000000  0.000000  -17.989069  17.791882  22.500000  36.626488  -5.413241  -12.515462  20.378803  18.961847  8.827219  22.943977  127.780823
0.828030  0.000000  0.000000  0.000000  -17.989069  17.791882  25.000000  36.409712  -6.901091  -14.536235  20.378803  18.961847  8.827219  22.943977  127.780823
0.828264  0.000000  0.000000  0.000000  -17.989069  17.791882  27.500000  36.139289  -8.380384  -16.569715  20.378803  18.961847  8.827219  22.943977  127.780823
0.828498  0.000000  0.000000  0.000000  -17.989069  17.791882  30.000000  35.814650  -9.849190  -18.618665  20.378803  18.961847  8.827219  22.943977  127.780823
0.828732  0.000000  0.000000  0.000000  -17.989069  17.791882  32.500000  35.435121  -11.305539  -20.685859  20.378803  18.961847  8.827219  22.943977  127.780823
0.828966  0.000000  0.000000  0.000000  -17.989069  17.791882  35.000000  34.999922  -12.747408  -22.774079  20.378803  18.961847  8.827219  22.943977  127.780823
0.829200  0.000000  0.000000  0.000000  -17.989069  17.791882  37.500000  34.508241  -14.172726  -24.886058  20.378803  18.961847  8.827219  22.943977  127.780823
0.829434  0.000000  0.000000  0.000000  -17.989069  17.791882  40.000000  33.959122  -15.579308  -27.024554  20.378803  18.961847  8.827219  22.943977  127.780823
0.829668  0.000000  0.000000  0.000000  -17.989069  17.791882  42.500000  33.351604  -16.964970  -29.192316  20.378803  18.961847  8.827219  22.943977  127.780823
0.829902  0.000000  0.000000  0.000000  -17.989069  17.791882  45.000000  32.684666  -18.327407  -31.392027  20.378803  18.961847  8.827219  22.943977  127.780823
0.830136  0.000000  0.000000  0.000000  -17.989069  17.791882  47.500000  31.957265  -19.664234  -33.626339  20.378803  18.961847  8.827219  22.943977  127.780823
0.830370  0.000000  0.000000  0.000000  -17.989069  17.791882  50.000000  31.168371  -20.972996  -35.897821  20.378803  18.961847  8.827219  22.943977  127.780823
0.830604  0.000000  0.000000  0.000000  -39.332480  8.884177  -10.000000  39.040266  12.790837  11.926295  45.374187  0.372982  -54.297104  22.317380  111.265914
0.830838  0.000000  0.000000  0.000000  -39.332480  8.884177  -7.500000  39.451859  11.209043  9.947013  45.374187  0.372982  -54.297104  22.317380  111.265914
0.831072  0.000000  0.000000  0.000000  -39.332480  8.884177  -5.000000  39.805717  9.614362  7.989352  45.374187  0.372982  -54.297104  22.317380  111.265914
0.831306  0.000000  0.000000  0.000000  -39.332480  8.884177  -2.500000  40.102832  8.008765  6.050135  45.374187  0.372982  -54.297104  22.317380  111.265914
0.831540  0.000000  0.000000  0.000000  -39.332480  8.884177  0.000000  40.344060  6.394186  4.126190  45.374187  0.372982  -54.297104  22.317380  111.265914
0.831774  0.000000  0.000000  0.000000  -39.332480  8.884177  2.500000  40.530104  4.772491  2.214377  45.374187  0.372982  -54.297104  22.317380  111.265914
0.832007  0.000000  0.000000  0.000000  -39.332480  8.884177  5.000000  40.661501  3.145556  0.311610  45.374187  0.372982  -54.297104  22.317380  111.265914
0.832241  0.000000  0.000000  0.000000  -39.332480  8.884177  7.500000  40.738642  1.515166  -1.585217  45.374187  0.372982  -54.297104  22.317380  111.265914
0.832475  0.000000  0.000000  0.000000  -39.332480  8.884177  10.000000  40.761758  -0.116896  -3.479212  45.374187  0.372982  -54.297104  22.317380  111.265914
0.832709  0.000000  0.000000  0.000000  -39.332480  8.884177  12.500000  40.730917  -1.748827  -5.373421  45.374187  0.372982  -54.297104  22.317380  111.265914
0.832943  0.000000  0.000000  0.000000  -39.332480  8.884177  15.000000  40.646028  -3.378842  -7.270923  45.374187  0.372982  -54.297104  22.317380  111.265914
0.833177  0.000000  0.000000  0.000000  -39.332480  8.884177  17.500000  40.506821  -5.005141  -9.174780  45.374187  0.372982  -54.297104  22.317380  111.265914
0.833411  0.000000  0.000000  0.000000  -39.332480  8.884177  20.000000  40.312909  -6.625917  -11.088143  45.374187  0.372982  -54.297104  22.317380  111.265914
0.833645  0.000000  0.000000  0.000000  -39.332480  8.884177  22.500000  40.063722  -8.239326  -13.014083  45.374187  0.372982  -54.297104  22.317380  111.265914
0.833879  0.000000  0.000000  0.000000  -39.332480  8.884177  25.000000  39.758537  -9.843477  -14.955748  45.374187  0.372982  -54.297104  22.317380  111.265914
0.834113  0.000000  0.000000  0.000000  -39.332480  8.884177  27.500000  39.396479  -11.436436  -16.916305  45.374187  0.372982  -54.297104  22.317380  111.265914
0.834347  0.000000  0.000000  0.000000  -39.332480  8.884177  30.000000  38.976521  -13.016219  -18.898954  45.374187  0.372982  -54.297104  22.317380  111.265914
0.834581  0.000000  0.000000  0.000000  -39.332480  8.884177  32.500000  38.497518  -14.580762  -20.906921  45.374187  0.372982  -54.297104  22.317380  111.265914
0.834815  0.000000  0.000000  0.000000  -39.332480  8.884177  35.000000  37.958167  -16.127894  -22.943440  45.374187  0.372982  -54.297104  22.317380  111.265914
0.835049  0.000000  0.000000  0.000000  -39.332480  8.884177  37.500000  37.357060  -17.655432  -25.011816  45.374187  0.372982  -54.297104  22.317380  111.265914
0.835283  0.000000  0.000000  0.000000  -39.332480  8.884177  40.000000  36.692668  -19.161004  -27.115347  45.374187  0.372982  -54.297104  22.317380  111.265914
0.835517  0.000000  0.000000  0.000000  -39.332480  8.884177  42.500000  35.963394  -20.642198  -29.257324  45.374187  0.372982  -54.297104  22.317380  111.265914
0.835751  0.000000  0.000000  0.000000  -39.332480  8.884177  45.000000  35.167544  -22.096467  -31.441047  45.374187  0.372982  -54.297104  22.317380  111.265914
0.835985  0.000000  0.000000  0.000000  -39.332480  8.884177  47.500000  34.303404  -23.521133  -33.669772  45.374187  0.372982  -54.297104  22.317380  111.265914
0.836219  0.000000  0.000000  0.000000  -39.332480  8.884177  50.000000  33.369242  -24.913388  -35.946701  45.374187  0.372982  -54.297104  22.317380  111.265914
0.836453  0.000000  0.000000  0.000000  -18.225649  7.283098  -10.000000  40.703887  21.530601  15.078753  -17.176042  18.324287  -28.165665  27.069069  116.736555
0.836687  0.000000  0.000000  0.000000  -18.225649  7.283098  -7.500000  41.416662  19.888291  13.063544  -17.176042  18.324287  -28.165665  27.069069  116.736555
0.836921  0.000000  0.000000  0.000000  -18.225649  7.283098  -5.000000  42.061143  18.223774  11.089982  -17.176042  18.324287  -28.165665  27.069069  116.736555
0.837155  0.000000  0.000000  0.000000  -18.225649  7.283098  -2.500000  42.639588  16.539450  9.154041  -17.176042  18.324287  -28.165665  27.069069  116.736555
0.837389  0.000000  0.000000  0.000000  -18.225649  7.283098  0.000000  43.154073  14.837587  7.251784  -17.176042  18.324287  -28.165665  27.069069  116.736555
0.837623  0.000000  0.000000  0.000000  -18.225649  7.283098  2.500000  43.606473  13.120337  5.379366  -17.176042  18.324287  -28.165665  27.069069  116.736555
0.837857  0.000000  0.000000  0.000000  -18.225649  7.283098  5.000000  43.998460  11.389748  3.533032  -17.176042  18.324287  -28.165665  27.069069  116.736555
0.838091  0.000000  0.000000  0.000000  -18.225649  7.283098  7.500000  44.331496  9.647782  1.709104  -17.176042  18.324287  -28.165665  27.069069  116.736555
0.838325  0.000000  0.000000  0.000000  -18.225649  7.283098  10.000000  44.606837  7.896322  -0.096010  -17.176042  18.324287  -28.165665  27.069069  116.736555
0.838559  0.000000  0.000000  0.000000  -18.225649  7.283098  12.500000  44.825537  6.137188  -1.885840  -17.176042  18.324287  -28.165665  27.069069  116.736555
0.838793  0.000000  0.000000  0.000000  -18.225649  7.283098  15.000000  44.988398  4.372152  -3.663884  -17.176042  18.324287  -28.165665  27.069069  116.736555
0.839027  0.000000  0.000000  0.000000  -18.225649  7.283098  17.500000  45.096071  2.602942  -5.433556  -17.176042  18.324287  -28.165665  27.069069  116.736555
0.839261  0.000000  0.000000  0.000000  -18.225649  7.283098  20.000000  45.148960  0.831259  -7.198260  -17.176042  18.324287  -28.165665  27.069069  116.736555
0.839495  0.000000  0.000000  0.000000  -18.225649  7.283098  22.500000  45.147268  -0.941210  -8.961383  -17.176042  18.324287  -28.165665  27.069069  116.736555
0.839729  0.000000  0.000000  0.000000  -18.225649  7.283098  25.000000  45.090988  -2.712790  -10.726297  -17.176042  18.324287  -28.165665  27.069069  116.736555
0.839963  0.000000  0.000000  0.000000  -18.225649  7.283098  27.500000  44.979903  -4.481789  -12.496389  -17.176042  18.324287  -28.165665  27.069069  116.736555
0.840197  0.000000  0.000000  0.000000  -18.225649  7.283098  30.000000  44.813592  -6.246512  -14.275057  -17.176042  18.324287  -28.165665  27.069069  116.736555
0.840431  0.000000  0.000000  0.000000  -18.225649  7.283098  32.500000  44.591416  -8.005220  -16.065741  -17.176042  18.324287  -28.165665  27.069069  116.736555
0.840664  0.000000  0.000000  0.000000  -18.225649  7.283098  35.000000  44.312531  -9.756143  -17.871918  -17.176042  18.324287  -28.165665  27.069069  116.736555
0.840898  0.000000  0.000000  0.000000  -18.225649  7.283098  37.500000  43.975880  -11.497453  -19.697125  -17.176042  18.324287  -28.165665  27.069069  116.736555
0.841132  0.000000  0.000000  0.000000  -18.225649  7.283098  40.000000  43.580191  -13.227279  -21.544974  -17.176042  18.324287  -28.165665  27.069069  116.736555
0.841366  0.000000  0.000000  0.000000  -18.225649  7.283098  42.500000  43.123980  -14.943648  -23.419142  -17.176042  18.324287  -28.165665  27.069069  116.736555
0.841600  0.000000  0.000000  0.000000  -18.225649  7.283098  45.000000  42.605583  -16.644475  -25.323369  -17.176042  18.324287  -28.165665  27.069069  116.736555
0.841834  0.000000  0.000000  0.000000  -18.225649  7.283098  47.500000  42.023100  -18.327645  -27.261524  -17.176042  18.324287  -28.165665  27.069069  116.736555
0.842068  0.000000  0.000000  0.000000  -18.225649  7.283098  50.000000  41.374457  -19.990848  -29.237556  -17.176042  18.324287  -28.165665  27.069069  116.736555
0.842302  0.000000  0.000000  0.000000  -29.816149  15.061478  -10.000000  36.598053  19.452148  14.556606  -7.052813  -4.327020  -19.353104  19.826991  127.863606
0.842536  0.000000  0.000000  0.000000  -29.816149  15.061478  -7.500000  37.274574  17.949653  12.447004  -7.052813  -4.327020  -19.353104  19.826991  127.863606
0.842770  0.000000  0.000000  0.000000  -29.816149  15.061478  -5.000000  37.887484  16.424772  10.373218  -7.052813  -4.327020  -19.353104  19.826991  127.863606
0.843004  0.000000  0.000000  0.000000  -29.816149  15.061478  -2.500000  38.438326  14.879853  8.331929  -7.052813  -4.327020  -19.353104  19.826991  127.863606
0.843238  0.000000  0.000000  0.000000  -29.816149  15.061478  0.000000  38.928540  13.317146  6.319848  -7.052813  -4.327020  -19.353104  19.826991  127.863606
0.843472  0.000000  0.000000  0.000000  -29.816149  15.061478  2.500000  39.359448  11.738805  4.333711  -7.052813  -4.327020  -19.353104  19.826991  127.863606
0.843706  0.000000  0.000000  0.000000  -29.816149  15.061478  5.000000  39.732236  10.146909  2.370279  -7.052813  -4.327020  -19.353104  19.826991  127.863606
0.843940  0.000000  0.000000  0.000000  -29.816149  15.061478  7.500000  40.047955  8.543461  0.426349  -7.052813  -4.327020  -19.353104  19.826991  127.863606
0.844174  0.000000  0.000000  0.000000  -29.816149  15.061478  10.000000  40.307509  6.930405  -1.501253  -7.052813  -4.327020  -19.353104  19.826991  127.863606
0.844408  0.000000  0.000000  0.000000  -29.816149  15.061478  12.500000  40.511651  5.309634  -3.415673  -7.052813  -4.327020  -19.353104  19.826991  127.863606
0.844642  0.000000  0.000000  0.000000  -29.816149  15.061478  15.000000  40.660970  3.683002  -5.320040  -7.052813  -4.327020  -19.353104  19.826991  127.863606
0.844876  0.000000  0.000000  0.000000  -29.816149  15.061478  17.500000  40.755915  2.052328  -7.217448  -7.052813  -4.327020  -19.353104  19.826991  127.863606
0.845110  0.000000  0.000000  0.000000  -29.816149  15.061478  20.000000  40.796765  0.419407  -9.110984  -7.052813  -4.327020  -19.353104  19.826991  127.863606
0.845344  0.000000  0.000000  0.000000  -29.816149  15.061478  22.500000  40.783636  -1.213965  -11.003736  -7.052813  -4.327020  -19.353104  19.826991  127.863606
0.845578  0.000000  0.000000  0.000000  -29.816149  15.061478  25.000000  40.716493  -2.846008  -12.898783  -7.052813  -4.327020  -19.353104  19.826991  127.863606
0.845812  0.000000  0.000000  0.000000  -29.816149  15.061478  27.500000  40.595142  -4.474948  -14.799178  -7.052813  -4.327020  -19.353104  19.826991  127.863606
0.846046  0.000000  0.000000  0.000000  -29.816149  15.061478  30.000000  40.419206  -6.098950  -16.708053  -7.052813  -4.327020  -19.353104  19.826991  127.863606
0.846280  0.000000  0.000000  0.000000  -29.816149  15.061478  32.500000  40.188207  -7.716210  -18.628489  -7.052813  -4.327020  -19.353104  19.826991  127.863606
0.846514  0.000000  0.000000  0.000000  -29.816149  15.061478  35.000000  39.901435  -9.324830  -20.563638  -7.052813  -4.327020  -19.353104  19.826991  127.863606
0.846748  0.000000  0.000000  0.000000  -29.816149  15.061478  37.500000  39.558079  -10.922901  -22.516652  -7.052813  -4.327020  -19.353104  19.826991  127.863606
0.846982  0.000000  0.000000  0.000000  -29.816149  15.061478  40.000000  39.157158  -12.508460  -24.490732  -7.052813  -4.327020  -19.353104  19.826991  127.863606
0.847216  0.000000  0.000000  0.000000  -29.816149  15.061478  42.500000  38.697546  -14.079468  -26.489093  -7.052813  -4.327020  -19.353104  19.826991  127.863606
0.847450  0.000000  0.000000  0.000000  -29.816149  15.061478  45.000000  38.178009  -15.633791  -28.514967  -7.052813  -4.327020  -19.353104  19.826991  127.863606
0.847684  0.000000  0.000000  0.000000  -29.816149  15.061478  47.500000  37.597158  -17.169250  -30.571653  -7.052813  -4.327020  -19.353104  19.826991  127.863606
0.847918  0.000000  0.000000  0.000000  -29.816149  15.061478  50.000000  36.953503  -18.683541  -32.662444  -7.052813  -4.327020  -19.353104  19.826991  127.863606
0.848152  0.000000  0.000000  0.000000  -33.884379  9.507591  -10.000000  35.682749  3.844810  6.403765  67.633101  -4.351543  6.272116  7.861066  126.784344
0.848386  0.000000  0.000000  0.000000  -33.884379  9.507591  -7.500000  35.793192  2.384458  4.371577  67.633101  -4.351543  6.272116  7.861066  126.784344
0.848620  0.000000  0.000000  0.000000  -33.884379  9.507591  -5.000000  35.851692  0.921116  2.343702  67.633101  -4.351543  6.272116  7.861066  126.784344
0.848854  0.000000  0.000000  0.000000  -33.884379  9.507591  -2.500000  35.858372  -0.543376  0.317492  67.633101  -4.351543  6.272116  7.861066  126.784344
0.849088  0.000000  0.000000  0.000000  -33.884379  9.507591  0.000000  35.813261  -2.007193  -1.709698  67.633101  -4.351543  6.272116  7.861066  126.784344
0.849321  0.000000  0.000000  0.000000  -33.884379  9.507591  2.500000  35.716223  -3.468489  -3.740521  67.633101  -4.351543  6.272116  7.861066  126.784344
0.849555  0.000000  0.000000  0.000000  -33.884379  9.507591  5.000000  35.567103  -4.925428  -5.777616  67.633101  -4.351543  6.272116  7.861066  126.784344
0.849789  0.000000  0.000000  0.000000  -33.884379  9.507591  7.500000  35.365611  -6.376146  -7.823654  67.633101  -4.351543  6.272116  7.861066  126.784344
0.850023  0.000000  0.000000  0.000000  -33.884379  9.507591  10.000000  35.111329  -7.818752  -9.881262  67.633101  -4.351543  6.272116  7.861066  126.784344
0.850257  0.000000  0.000000  0.000000  -33.884379  9.507591  12.500000  34.803785  -9.251336  -11.953098  67.633101  -4.351543  6.272116  7.861066  126.784344
0.850491  0.000000  0.000000  0.000000  -33.884379  9.507591  15.000000  34.442396  -10.671933  -14.041806  67.633101  -4.351543  6.272116  7.861066  126.784344
0.850725  0.000000  0.000000  0.000000  -33.884379  9.507591  17.500000  34.026498  -12.078549  -16.150030  67.633101  -4.351543  6.272116  7.861066  126.784344
0.850959  0.000000  0.000000  0.000000  -33.884379  9.507591  20.000000  33.555390  -13.469124  -18.280392  67.633101  -4.351543  6.272116  7.861066  126.784344
0.851193  0.000000  0.000000  0.000000  -33.884379  9.507591  22.500000  33.028260  -14.841556  -20.435505  67.633101  -4.351543  6.272116  7.861066  126.784344
0.851427  0.000000  0.000000  0.000000  -33.884379  9.507591  25.000000  32.444272  -16.193650  -22.617935  67.633101  -4.351543  6.272116  7.861066  126.784344
0.851661  0.000000  0.000000  0.000000  -33.884379  9.507591  27.500000  31.802574  -17.523183  -24.830235  67.633101  -4.351543  6.272116  7.861066  126.784344
0.851895  0.000000  0.000000  0.000000  -33.884379  9.507591  30.000000  31.102279  -18.827835  -27.074889  67.633101  -4.351543  6.272116  7.861066  126.784344
0.852129  0.000000  0.000000  0.000000  -33.884379  9.507591  32.500000  30.342517  -20.105208  -29.354284  67.633101  -4.351543  6.272116  7.861066  126.784344
0.852363  0.000000  0.000000  0.000000  -33.884379  9.507591  35.000000  29.522459  -21.352835  -31.670754  67.633101  -4.351543  6.272116  7.861066  126.784344
0.852597  0.000000  0.000000  0.000000  -33.884379  9.507591  37.500000  28.641339  -22.568167  -34.026478  67.633101  -4.351543  6.272116  7.861066  126.784344
0.852831  0.000000  0.000000  0.000000  -33.884379  9.507591  40.000000  27.698490  -23.748574  -36.423490  67.633101  -4.351543  6.272116  7.861066  126.784344
0.853065  0.000000  0.000000  0.000000  -33.884379  9.507591  42.500000  26.693382  -24.891349  -38.863642  67.633101  -4.351543  6.272116  7.861066  126.784344
0.853299  0.000000  0.000000  0.000000  -33.884379  9.507591  45.000000  25.625662  -25.993718  -41.348563  67.633101  -4.351543  6.272116  7.861066  126.784344
0.853533  0.000000  0.000000  0.000000  -33.884379  9.507591  47.500000  24.495195  -27.052846  -43.879612  67.633101  -4.351543  6.272116  7.861066  126.784344
0.853767  0.000000  0.000000  0.000000  -33.884379  9.507591  50.000000  23.302139  -28.065833  -46.457814  67.633101  -4.351543  6.272116  7.861066  126.784344
0.854001  0.000000  0.000000  0.000000  -16.056667  13.815404  -10.000000  35.947838  10.831488  8.699327  -23.530037  5.782263  0.635232  20.911836  117.978157
0.854235  0.000000  0.000000  0.000000  -16.056667  13.815404  -7.500000  36.307377  9.357351  6.648369  -23.530037  5.782263  0.635232  20.911836  117.978157
0.854469  0.000000  0.000000  0.000000  -16.056667  13.815404  -5.000000  36.612035  7.871564  4.614791  -23.530037  5.782263  0.635232  20.911836  117.978157
0.854703  0.000000  0.000000  0.000000  -16.056667  13.815404  -2.500000  36.862465  6.376042  2.595794  -23.530037  5.782263  0.635232  20.911836  117.978157
0.854937  0.000000  0.000000  0.000000  -16.056667  13.815404  0.000000  37.059223  4.872707  0.588564  -23.530037  5.782263  0.635232  20.911836  117.978157
0.855171  0.000000  0.000000  0.000000  -16.056667  13.815404  2.500000  37.202747  3.363462  -1.409676  -23.530037  5.782263  0.635232  20.911836  117.978157
0.855405  0.000000  0.000000  0.000000  -16.056667  13.815404  5.000000  37.293367  1.850143  -3.401735  -23.530037  5.782263  0.635232  20.911836  117.978157
0.855639  0.000000  0.000000  0.000000  -16.056667  13.815404  7.500000  37.331286  0.334592  -5.390397  -23.530037  5.782263  0.635232  20.911836  117.978157
0.855873  0.000000  0.000000  0.000000  -16.056667  13.815404  10.000000  37.316593  -1.181361  -7.378444  -23.530037  5.782263  0.635232  20.911836  117.978157
0.856107  0.000000  0.000000  0.000000  -16.056667  13.815404  12.500000  37.249259  -2.695896  -9.368666  -23.530037  5.782263  0.635232  20.911836  117.978157
0.856341  0.000000  0.000000  0.000000  -16.056667  13.815404  15.000000  37.129121  -4.207170  -11.363833  -23.530037  5.782263  0.635232  20.911836  117.978157
0.856575  0.000000  0.000000  0.000000  -16.056667  13.815404  17.500000  36.955899  -5.713339  -13.366748  -23.530037  5.782263  0.635232  20.911836  117.978157
0.856809  0.000000  0.000000  0.000000  -16.056667  13.815404  20.000000  36.729212  -7.212535  -15.380201  -23.530037  5.782263  0.635232  20.911836  117.978157
0.857043  0.000000  0.000000  0.000000  -16.056667  13.815404  22.500000  36.448576  -8.702870  -17.406998  -23.530037  5.782263  0.635232  20.911836  117.978157
0.857277  0.000000  0.000000  0.000000  -16.056667  13.815404  25.000000  36.113351  -10.182391  -19.449936  -23.530037  5.782263  0.635232  20.911836  117.978157
0.857511  0.000000  0.000000  0.000000  -16.056667  13.815404  27.500000  35.722828  -11.649121  -21.511833  -23.530037  5.782263  0.635232  20.911836  117.978157
0.857745  0.000000  0.000000  0.000000  -16.056667  13.815404  30.000000  35.276189  -13.101029  -23.595502  -23.530037  5.782263  0.635232  20.911836  117.978157
0.857978  0.000000  0.000000  0.000000  -16.056667  13.815404  32.500000  34.772551  -14.536019  -25.703752  -23.530037  5.782263  0.635232  20.911836  117.978157
0.858212  0.000000  0.000000  0.000000  -16.056667  13.815404  35.000000  34.210925  -15.951894  -27.839360  -23.530037  5.782263  0.635232  20.911836  117.978157
0.858446  0.000000  0.000000  0.000000  -16.056667  13.815404  37.500000  33.590296  -17.346451  -30.005130  -23.530037  5.782263  0.635232  20.911836  117.978157
0.858680  0.000000  0.000000  0.000000  -16.056667  13.815404  40.000000  32.909584  -18.717359  -32.203797  -23.530037  5.782263  0.635232  20.911836  117.978157
0.858914  0.000000  0.000000  0.000000  -16.056667  13.815404  42.500000  32.167686  -20.062205  -34.438063  -23.530037  5.782263  0.635232  20.911836  117.978157
0.859148  0.000000  0.000000  0.000000  -16.056667  13.815404  45.000000  31.363519  -21.378500  -36.710547  -23.530037  5.782263  0.635232  20.911836  117.978157
0.859382  0.000000  0.000000  0.000000  -16.056667  13.815404  47.500000  30.496023  -22.663656  -39.023777  -23.530037  5.782263  0.635232  20.911836  117.978157
0.859616  0.000000  0.000000  0.000000  -16.056667  13.815404  50.000000  29.564205  -23.914987  -41.380159  -23.530037  5.782263  0.635232  20.911836  117.978157
0.859850  0.000000  0.000000  0.000000  -22.796789  11.156143  -10.000000  35.226905  2.647405  8.083962  70.753830  6.423721  -23.848991  14.289259  113.107799
0.860084  0.000000  0.000000  0.000000  -22.796789  11.156143  -7.500000  35.295551  1.203989  6.041541  70.753830  6.423721  -23.848991  14.289259  113.107799
0.860318  0.000000  0.000000  0.000000  -22.796789  11.156143  -5.000000  35.312698  -0.240954  4.001282  70.753830  6.423721  -23.848991  14.289259  113.107799
0.860552  0.000000  0.000000  0.000000  -22.796789  11.156143  -2.500000  35.278391  -1.685592  1.960593  70.753830  6.423721  -23.848991  14.289259  113.107799
0.860786  0.000000  0.000000  0.000000  -22.796789  11.156143  0.000000  35.192545  -3.128090  -0.083125  70.753830  6.423721  -23.848991  14.289259  113.107799
0.861020  0.000000  0.000000  0.000000  -22.796789  11.156143  2.500000  35.055009  -4.566605  -2.132465  70.753830  6.423721  -23.848991  14.289259  113.107799
0.861254  0.000000  0.000000  0.000000  -22.796789  11.156143  5.000000  34.865529  -5.999281  -4.190030  70.753830  6.423721  -23.848991  14.289259  113.107799
0.861488  0.000000  0.000000  0.000000  -22.796789  11.156143  7.500000  34.623744  -7.424236  -6.258404  70.753830  6.423721  -23.848991  14.289259  113.107799
0.861722  0.000000  0.000000  0.000000  -22.796789  11.156143  10.000000  34.329203  -8.839554  -8.340186  70.753830  6.423721  -23.848991  14.289259  113.107799
0.861956  0.000000  0.000000  0.000000  -22.796789  11.156143  12.500000  33.981427  -10.243318  -10.437951  70.753830  6.423721  -23.848991  14.289259  113.107799
0.862190  0.000000  0.000000  0.000000  -22.796789  11.156143  15.000000  33.579771  -11.633514  -12.554286  70.753830  6.423721  -23.848991  14.289259  113.107799
0.862424  0.000000  0.000000  0.000000  -22.796789  11.156143  17.500000  33.123582  -13.008119  -14.691752  70.753830  6.423721  -23.848991  14.289259  113.107799
0.862658  0.000000  0.000000  0.000000  -22.796789  11.156143  20.000000  32.612142  -14.365047  -16.852891  70.753830  6.423721  -23.848991  14.289259  113.107799
0.862892  0.000000  0.000000  0.000000  -22.796789  11.156143  22.500000  32.044681  -15.702139  -19.040203  70.753830  6.423721  -23.848991  14.289259  113.107799
0.863126  0.000000  0.000000  0.000000  -22.796789  11.156143  25.000000  31.420404  -17.017197  -21.256168  70.753830  6.423721  -23.848991  14.289259  113.107799
0.863360  0.000000  0.000000  0.000000  -22.796789  11.156143  27.500000  30.738513  -18.307938  -23.503193  70.753830  6.423721  -23.848991  14.289259  113.107799
0.863594  0.000000  0.000000  0.000000  -22.796789  11.156143  30.000000  29.998202  -19.571995  -25.783622  70.753830  6.423721  -23.848991  14.289259  113.107799
0.863828  0.000000  0.000000  0.000000  -22.796789  11.156143  32.500000  29.198735  -20.806977  -28.099662  70.753830  6.423721  -23.848991  14.289259  113.107799
0.864062  0.000000  0.000000  0.000000  -22.796789  11.156143  35.000000  28.339400  -22.010358  -30.453472  70.753830  6.423721  -23.848991  14.289259  113.107799
0.864296  0.000000  0.000000  0.000000  -22.796789  11.156143  37.500000  27.419607  -23.179575  -32.847009  70.753830  6.423721  -23.848991  14.289259  113.107799
0.864530  0.000000  0.000000  0.000000  -22.796789  11.156143  40.000000  26.438890  -24.311986  -35.282064  70.753830  6.423721  -23.848991  14.289259  113.107799
0.864764  0.000000  0.000000  0.000000  -22.796789  11.156143  42.500000  25.396949  -25.404880  -37.760216  70.753830  6.423721  -23.848991  14.289259  113.107799
0.864998  0.000000  0.000000  0.000000  -22.796789  11.156143  45.000000  24.293702  -26.455490  -40.282788  70.753830  6.423721  -23.848991  14.289259  113.107799
0.865232  0.000000  0.000000  0.000000  -22.796789  11.156143  47.500000  23.129318  -27.461011  -42.850794  70.753830  6.423721  -23.848991  14.289259  113.107799
0.865466  0.000000  0.000000  0.000000  -22.796789  11.156143  50.000000  21.904251  -28.418587  -45.464956  70.753830  6.423721  -23.848991  14.289259  113.107799
0.865700  0.000000  0.000000  0.000000  -22.986230  12.711485  -10.000000  37.732670  11.555427  10.325589  66.471772  21.755557  -52.708521  12.893705  116.859043
0.865934  0.000000  0.000000  0.000000  -22.986230  12.711485  -7.500000  38.108482  10.018846  8.318010  66.471772  21.755557  -52.708521  12.893705  116.859043
0.866168  0.000000  0.000000  0.000000  -22.986230  12.711485  -5.000000  38.428005  8.470329  6.329440  66.471772  21.755557  -52.708521  12.893705  116.859043
0.866401  0.000000  0.000000  0.000000  -22.986230  12.711485  -2.500000  38.692048  6.911838  4.356865  66.471772  21.755557  -52.708521  12.893705  116.859043
0.866635  0.000000  0.000000  0.000000  -22.986230  12.711485  0.000000  38.901291  5.345288  2.397289  66.471772  21.755557  -52.708521  12.893705  116.859043
0.866869  0.000000  0.000000  0.000000  -22.986230  12.711485  2.500000  39.056280  3.772552  0.447732  66.471772  21.755557  -52.708521  12.893705  116.859043
0.867103  0.000000  0.000000  0.000000  -22.986230  12.711485  5.000000  39.157423  2.195489  -1.494763  66.471772  21.755557  -52.708521  12.893705  116.859043
0.867337  0.000000  0.000000  0.000000  -22.986230  12.711485  7.500000  39.204980  0.615898  -3.433160  66.471772  21.755557  -52.708521  12.893705  116.859043
0.867571  0.000000  0.000000  0.000000  -22.986230  12.711485  10.000000  39.199088  -0.964399  -5.370420  66.471772  21.755557  -52.708521  12.893705  116.859043
0.867805  0.000000  0.000000  0.000000  -22.986230  12.711485  12.500000  39.139732  -2.543593  -7.309478  66.471772  21.755557  -52.708521  12.893705  116.859043
0.868039  0.000000  0.000000  0.000000  -22.986230  12.711485  15.000000  39.026744  -4.119864  -9.253274  66.471772  21.755557  -52.708521  12.893705  116.859043
0.868273  0.000000  0.000000  0.000000  -22.986230  12.711485  17.500000  38.859823  -5.691391  -11.204784  66.471772  21.755557  -52.708521  12.893705  116.859043
0.868507  0.000000  0.000000  0.000000  -22.986230  12.711485  20.000000  38.638537  -7.256322  -13.166967  66.471772  21.755557  -52.708521  12.893705  116.859043
0.868741  0.000000  0.000000  0.000000  -22.986230  12.711485  22.500000  38.362328  -8.812783  -15.142815  66.471772  21.755557  -52.708521  12.893705  116.859043
0.868975  0.000000  0.000000  0.000000  -22.986230  12.711485  25.000000  38.030468  -10.358836  -17.135315  66.471772  21.755557  -52.708521  12.893705  116.859043
0.869209  0.000000  0.000000  0.000000  -22.986230  12.711485  27.500000  37.642123  -11.892515  -19.147494  66.471772  21.755557  -52.708521  12.893705  116.859043
0.869443  0.000000  0.000000  0.000000  -22.986230  12.711485  30.000000  37.196330  -13.411790  -21.182383  66.471772  21.755557  -52.708521  12.893705  116.859043
0.869677  0.000000  0.000000  0.000000  -22.986230  12.711485  32.500000  36.692029  -14.914545  -23.243022  66.471772  21.755557  -52.708521  12.893705  116.859043
0.869911  0.000000  0.000000  0.000000  -22.986230  12.711485  35.000000  36.128032  -16.398620  -25.332475  66.471772  21.755557  -52.708521  12.893705  116.859043
0.870145  0.000000  0.000000  0.000000  -22.986230  12.711485  37.500000  35.503100  -17.861738  -27.453799  66.471772  21.755557  -52.708521  12.893705  116.859043
0.870379  0.000000  0.000000  0.000000  -22.986230  12.711485  40.000000  34.815876  -19.301548  -29.610041  66.471772  21.755557  -52.708521  12.893705  116.859043
0.870613  0.000000  0.000000  0.000000  -22.986230  12.711485  42.500000  34.064970  -20.715600  -31.804232  66.471772  21.755557  -52.708521  12.893705  116.859043
0.870847  0.000000  0.000000  0.000000  -22.986230  12.711485  45.000000  33.248971  -22.101335  -34.039347  66.471772  21.755557  -52.708521  12.893705  116.859043
0.871081  0.000000  0.000000  0.000000  -22.986230  12.711485  47.500000  32.366464  -23.456084  -36.318294  66.471772  21.755557  -52.708521  12.893705  116.859043
0.871315  0.000000  0.000000  0.000000  -22.986230  12.711485  50.000000  31.416068  -24.777054  -38.643888  66.471772  21.755557  -52.708521  12.893705  116.859043
0.871549  0.000000  0.000000  0.000000  -15.760968  3.832119  -10.000000  39.031316  12.281670  8.618301  58.817277  -5.780984  -48.024395  17.185392  112.636458
0.871783  0.000000  0.000000  0.000000  -15.760968  3.832119  -7.500000  39.425067  10.700483  6.642165  58.817277  -5.780984  -48.024395  17.185392  112.636458
0.872017  0.000000  0.000000  0.000000  -15.760968  3.832119  -5.000000  39.761476  9.106994  4.686611  58.817277  -5.780984  -48.024395  17.185392  112.636458
0.872251  0.000000  0.000000  0.000000  -15.760968  3.832119  -2.500000  40.041479  7.503164  2.748477  58.817277  -5.780984  -48.024395  17.185392  112.636458
0.872485  0.000000  0.000000  0.000000  -15.760968  3.832119  0.000000  40.265881  5.890912  0.824618  58.817277  -5.780984  -48.024395  17.185392  112.636458
0.872719  0.000000  0.000000  0.000000  -15.760968  3.832119  2.500000  40.435327  4.272097  -1.088083  58.817277  -5.780984  -48.024395  17.185392  112.636458
0.872953  0.000000  0.000000  0.000000  -15.760968  3.832119  5.000000  40.550307  2.648571  -2.992706  58.817277  -5.780984  -48.024395  17.185392  112.636458
0.873187  0.000000  0.000000  0.000000  -15.760968  3.832119  7.500000  40.611159  1.022128  -4.892339  58.817277  -5.780984  -48.024395  17.185392  112.636458
0.873421  0.000000  0.000000  0.000000  -15.760968  3.832119  10.000000  40.618062  -0.605449  -6.790057  58.817277  -5.780984  -48.024395  17.185392  112.636458
0.873655  0.000000  0.000000  0.000000  -15.760968  3.832119  12.500000  40.571038  -2.232352  -8.688913  58.817277  -5.780984  -48.024395  17.185392  112.636458
0.873889  0.000000  0.000000  0.000000  -15.760968  3.832119  15.000000  40.469946  -3.856800  -10.591967  58.817277  -5.780984  -48.024395  17.185392  112.636458
0.874123  0.000000  0.000000  0.000000  -15.760968  3.832119  17.500000  40.314477  -5.476987  -12.502300  58.817277  -5.780984  -48.024395  17.185392  112.636458
0.874357  0.000000  0.000000  0.000000  -15.760968  3.832119  20.000000  40.104197  -7.091092  -14.423003  58.817277  -5.780984  -48.024395  17.185392  112.636458
0.874591  0.000000  0.000000  0.000000  -15.760968  3.832119  22.500000  39.838503  -8.697259  -16.357188  58.817277  -5.780984  -48.024395  17.185392  112.636458
0.874825  0.000000  0.000000  0.000000  -15.760968  3.832119  25.000000  39.516624  -10.293580  -18.307978  58.817277  -5.780984  -48.024395  17.185392  112.636458
0.875058  0.000000  0.000000  0.000000  -15.760968  3.832119  27.500000  39.137654  -11.878107  -20.278541  58.817277  -5.780984  -48.024395  17.185392  112.636458
0.875292  0.000000  0.000000  0.000000  -15.760968  3.832119  30.000000  38.700538  -13.448831  -22.272067  58.817277  -5.780984  -48.024395  17.185392  112.636458
0.875526  0.000000  0.000000  0.000000  -15.760968  3.832119  32.500000  38.204101  -15.003651  -24.291764  58.817277  -5.780984  -48.024395  17.185392  112.636458
0.875760  0.000000  0.000000  0.000000  -15.760968  3.832119  35.000000  37.647016  -16.540419  -26.340884  58.817277  -5.780984  -48.024395  17.185392  112.636458
0.875994  0.000000  0.000000  0.000000  -15.760968  3.832119  37.500000  37.027876  -18.056858  -28.422695  58.817277  -5.780984  -48.024395  17.185392  112.636458
0.876228  0.000000  0.000000  0.000000  -15.760968  3.832119  40.000000  36.345129  -19.550627  -30.540472  58.817277  -5.780984  -48.024395  17.185392  112.636458
0.876462  0.000000  0.000000  0.000000  -15.760968  3.832119  42.500000  35.597172  -21.019252  -32.697495  58.817277  -5.780984  -48.024395  17.185392  112.636458
0.876696  0.000000  0.000000  0.000000  -15.760968  3.832119  45.000000  34.782337  -22.460156  -34.897021  58.817277  -5.780984  -48.024395  17.185392  112.636458
0.876930  0.000000  0.000000  0.000000  -15.760968  3.832119  47.500000  33.898927  -23.870632  -37.142262  58.817277  -5.780984  -48.024395  17.185392  112.636458
0.877164  0.000000  0.000000  0.000000  -15.760968  3.832119  50.000000  32.945245  -25.247838  -39.436371  58.817277  -5.780984  -48.024395  17.185392  112.636458
0.877398  0.000000  0.000000  0.000000  -19.700091  -2.416609  -10.000000  44.450309  21.402906  6.718351  0.066540  4.718818  -41.791423  25.068184  127.779551
0.877632  0.000000  0.000000  0.000000  -19.700091  -2.416609  -7.500000  45.114655  19.641694  4.823702  0.066540  4.718818  -41.791423  25.068184  127.779551
0.877866  0.000000  0.000000  0.000000  -19.700091  -2.416609  -5.000000  45.710536  17.861085  2.970413  0.066540  4.718818  -41.791423  25.068184  127.779551
0.878100  0.000000  0.000000  0.000000  -19.700091  -2.416609  -2.500000  46.240552  16.063313  1.154039  0.066540  4.718818  -41.791423  25.068184  127.779551
0.878334  0.000000  0.000000  0.000000  -19.700091  -2.416609  0.000000  46.707017  14.250514  -0.629658  0.066540  4.718818  -41.791423  25.068184  127.779551
0.878568  0.000000  0.000000  0.000000  -19.700091  -2.416609  2.500000  47.111990  12.424680  -2.384807  0.066540  4.718818  -41.791423  25.068184  127.779551
0.878802  0.000000  0.000000  0.000000  -19.700091  -2.416609  5.000000  47.457271  10.587704  -4.115414  0.066540  4.718818  -41.791423  25.068184  127.779551
0.879036  0.000000  0.000000  0.000000  -19.700091  -2.416609  7.500000  47.744389  8.741403  -5.825340  0.066540  4.718818  -41.791423  25.068184  127.779551
0.879270  0.000000  0.000000  0.000000  -19.700091  -2.416609  10.000000  47.974643  6.887515  -7.518357  0.066540  4.718818  -41.791423  25.068184  127.779551
0.879504  0.000000  0.000000  0.000000  -19.700091  -2.416609  12.500000  48.149021  5.027711  -9.198185  0.066540  4.718818  -41.791423  25.068184  127.779551
0.879738  0.000000  0.000000  0.000000  -19.700091  -2.416609  15.000000  48.268335  3.163637  -10.868428  0.066540  4.718818  -41.791423  25.068184  127.779551
0.879972  0.000000  0.000000  0.000000  -19.700091  -2.416609  17.500000  48.333112  1.296888  -12.532665  0.066540  4.718818  -41.791423  25.068184  127.779551
0.880206  0.000000  0.000000  0.000000  -19.700091  -2.416609  20.000000  48.343643  -0.570950  -14.194453  0.066540  4.718818  -41.791423  25.068184  127.779551
0.880440  0.000000  0.000000  0.000000  -19.700091  -2.416609  22.500000  48.299971  -2.438305  -15.857328  0.066540  4.718818  -41.791423  25.068184  127.779551
0.880674  0.000000  0.000000  0.000000  -19.700091  -2.416609  25.000000  48.201900  -4.303611  -17.524804  0.066540  4.718818  -41.791423  25.068184  127.779551
0.880908  0.000000  0.000000  0.000000  -19.700091  -2.416609  27.500000  48.048998  -6.165266  -19.200473  0.066540  4.718818  -41.791423  25.068184  127.779551
0.881142  0.000000  0.000000  0.000000  -19.700091  -2.416609  30.000000  47.840575  -8.021650  -20.887932  0.066540  4.718818  -41.791423  25.068184  127.779551
0.881376  0.000000  0.000000  0.000000  -19.700091  -2.416609  32.500000  47.575705  -9.871102  -22.590845  0.066540  4.718818  -41.791423  25.068184  127.779551
0.881610  0.000000  0.000000  0.000000  -19.700091  -2.416609  35.000000  47.253204  -11.711908  -24.312952  0.066540  4.718818  -41.791423  25.068184  127.779551
0.881844  0.000000  0.000000  0.000000  -19.700091  -2.416609  37.500000  46.871628  -13.542299  -26.058100  0.066540  4.718818  -41.791423  25.068184  127.779551
0.882078  0.000000  0.000000  0.000000  -19.700091  -2.416609  40.000000  46.429284  -15.360411  -27.830226  0.066540  4.718818  -41.791423  25.068184  127.779551
0.882312  0.000000  0.000000  0.000000  -19.700091  -2.416609  42.500000  45.924233  -17.164251  -29.633391  0.066540  4.718818  -41.791423  25.068184  127.779551
0.882546  0.000000  0.000000  0.000000  -19.700091  -2.416609  45.000000  45.354245  -18.951792  -31.471817  0.066540  4.718818  -41.791423  25.068184  127.779551
0.882780  0.000000  0.000000  0.000000  -19.700091  -2.416609  47.500000  44.716826  -20.720824  -33.349873  0.066540  4.718818  -41.791423  25.068184  127.779551
0.883014  0.000000  0.000000  0.000000  -19.700091  -2.416609  50.000000  44.009251  -22.469015  -35.272036  0.066540  4.718818  -41.791423  25.068184  127.779551
0.883248  0.000000  0.000000  0.000000  -40.191327  17.270782  -10.000000  38.088694  0.864997  11.136776  -6.246757  -1.303371  -50.011700  24.085386  110.863112
0.883482  0.000000  0.000000  0.000000  -40.191327  17.270782  -7.500000  38.091916  -0.677410  9.169235  -6.246757  -1.303371  -50.011700  24.085386  110.863112
0.883715  0.000000  0.000000  0.000000  -40.191327  17.270782  -5.000000  38.042153  -2.219019  7.200440  -6.246757  -1.303371  -50.011700  24.085386  110.863112
0.883949  0.000000  0.000000  0.000000  -40.191327  17.270782  -2.500000  37.939269  -3.758006  5.227539  -6.246757  -1.303371  -50.011700  24.085386  110.863112
0.884183  0.000000  0.000000  0.000000  -40.191327  17.270782  0.000000  37.783024  -5.292537  3.247678  -6.246757  -1.303371  -50.011700  24.085386  110.863112
0.884417  0.000000  0.000000  0.000000  -40.191327  17.270782  2.500000  37.573057  -6.820748  1.257981  -6.246757  -1.303371  -50.011700  24.085386  110.863112
0.884651  0.000000  0.000000  0.000000  -40.191327  17.270782  5.000000  37.308841  -8.340760  -0.744415  -6.246757  -1.303371  -50.011700  24.085386  110.863112
0.884885  0.000000  0.000000  0.000000  -40.191327  17.270782  7.500000  36.989774  -9.850656  -2.762394  -6.246757  -1.303371  -50.011700  24.085386  110.863112
0.885119  0.000000  0.000000  0.000000  -40.191327  17.270782  10.000000  36.615110  -11.348461  -4.798854  -6.246757  -1.303371  -50.011700  24.085386  110.863112
0.885353  0.000000  0.000000  0.000000  -40.191327  17.270782  12.500000  36.184007  -12.832156  -6.856695  -6.246757  -1.303371  -50.011700  24.085386  110.863112
0.885587  0.000000  0.000000  0.000000  -40.191327  17.270782  15.000000  35.695525  -14.299661  -8.938823  -6.246757  -1.303371  -50.011700  24.085386  110.863112
0.885821  0.000000  0.000000  0.000000  -40.191327  17.270782  17.500000  35.148630  -15.748815  -11.048140  -6.246757  -1.303371  -50.011700  24.085386  110.863112
0.886055  0.000000  0.000000  0.000000  -40.191327  17.270782  20.000000  34.542213  -17.177394  -13.187550  -6.246757  -1.303371  -50.011700  24.085386  110.863112
0.886289  0.000000  0.000000  0.000000  -40.191327  17.270782  22.500000  33.875115  -18.583093  -15.359922  -6.246757  -1.303371  -50.011700  24.085386  110.863112
0.886523  0.000000  0.000000  0.000000  -40.191327  17.270782  25.000000  33.146109  -19.963505  -17.568105  -6.246757  -1.303371  -50.011700  24.085386  110.863112
0.886757  0.000000  0.000000  0.000000  -40.191327  17.270782  27.500000  32.353999  -21.316126  -19.814877  -6.246757  -1.303371  -50.011700  24.085386  110.863112
0.886991  0.000000  0.000000  0.000000  -40.191327  17.270782  30.000000  31.497557  -22.638364  -22.102955  -6.246757  -1.303371  -50.011700  24.085386  110.863112
0.887225  0.000000  0.000000  0.000000  -40.191327  17.270782  32.500000  30.575624  -23.927519  -24.434939  -6.246757  -1.303371  -50.011700  24.085386  110.863112
0.887459  0.000000  0.000000  0.000000  -40.191327  17.270782  35.000000  29.587121  -25.180788  -26.813289  -6.246757  -1.303371  -50.011700  24.085386  110.863112
0.887693  0.000000  0.000000  0.000000  -40.191327  17.270782  37.500000  28.531083  -26.395269  -29.240270  -6.246757  -1.303371  -50.011700  24.085386  110.863112
0.887927  0.000000  0.000000  0.000000  -40.191327  17.270782  40.000000  27.406749  -27.567951  -31.717965  -6.246757  -1.303371  -50.011700  24.085386  110.863112
0.888161  0.000000  0.000000  0.000000  -40.191327  17.270782  42.500000  26.213546  -28.695734  -34.248150  -6.246757  -1.303371  -50.011700  24.085386  110.863112
0.888395  0.000000  0.000000  0.000000  -40.191327  17.270782  45.000000  24.951266  -29.775470  -36.832226  -6.246757  -1.303371  -50.011700  24.085386  110.863112
0.888629  0.000000  0.000000  0.000000  -40.191327  17.270782  47.500000  23.619955  -30.803887  -39.471287  -6.246757  -1.303371  -50.011700  24.085386  110.863112
0.888863  0.000000  0.000000  0.000000  -40.191327  17.270782  50.000000  22.220199  -31.777711  -42.165886  -6.246757  -1.303371  -50.011700  24.085386  110.863112
0.889097  0.000000  0.000000  0.000000  -20.929257  10.923729  -10.000000  35.607581  9.281019  11.564939  -9.190052  20.035332  -4.596541  26.387958  124.755896
0.889331  0.000000  0.000000  0.000000  -20.929257  10.923729  -7.500000  35.912633  7.819887  9.513509  -9.190052  20.035332  -4.596541  26.387958  124.755896
0.889565  0.000000  0.000000  0.000000  -20.929257  10.923729  -5.000000  36.163913  6.348917  7.476451  -9.190052  20.035332  -4.596541  26.387958  124.755896
0.889799  0.000000  0.000000  0.000000  -20.929257  10.923729  -2.500000  36.361931  4.870029  5.451025  -9.190052  20.035332  -4.596541  26.387958  124.755896
0.890033  0.000000  0.000000  0.000000  -20.929257  10.923729  0.000000  36.507100  3.385120  3.434513  -9.190052  20.035332  -4.596541  26.387958  124.755896
0.890267  0.000000  0.000000  0.000000  -20.929257  10.923729  2.500000  36.599736  1.896040  1.424181  -9.190052  20.035332  -4.596541  26.387958  124.755896
0.890501  0.000000  0.000000  0.000000  -20.929257  10.923729  5.000000  36.640031  0.404627  -0.582694  -9.190052  20.035332  -4.596541  26.387958  124.755896
0.890735  0.000000  0.000000  0.000000  -20.929257  10.923729  7.500000  36.628078  -1.087280  -2.588829  -9.190052  20.035332  -4.596541  26.387958  124.755896
0.890969  0.000000  0.000000  0.000000  -20.929257  10.923729  10.000000  36.563851  -2.577855  -4.596950  -9.190052  20.035332  -4.596541  26.387958  124.755896
0.891203  0.000000  0.000000  0.000000  -20.929257  10.923729  12.500000  36.447205  -4.065257  -6.609768  -9.190052  20.035332  -4.596541  26.387958  124.755896
0.891437  0.000000  0.000000  0.000000  -20.929257  10.923729  15.000000  36.277897  -5.547643  -8.630026  -9.190052  20.035332  -4.596541  26.387958  124.755896
0.891671  0.000000  0.000000  0.000000  -20.929257  10.923729  17.500000  36.055560  -7.023139  -10.660432  -9.190052  20.035332  -4.596541  26.387958  124.755896
0.891905  0.000000  0.000000  0.000000  -20.929257  10.923729  20.000000  35.779744  -8.489852  -12.703727  -9.190052  20.035332  -4.596541  26.387958  124.755896
0.892139  0.000000  0.000000  0.000000  -20.929257  10.923729  22.500000  35.449870  -9.945843  -14.762637  -9.190052  20.035332  -4.596541  26.387958  124.755896
0.892372  0.000000  0.000000  0.000000  -20.929257  10.923729  25.000000  35.065280  -11.389135  -16.839899  -9.190052  20.035332  -4.596541  26.387958  124.755896
0.892606  0.000000  0.000000  0.000000  -20.929257  10.923729  27.500000  34.625221  -12.817706  -18.938244  -9.190052  20.035332  -4.596541  26.387958  124.755896
0.892840  0.000000  0.000000  0.000000  -20.929257  10.923729  30.000000  34.128878  -14.229472  -21.060394  -9.190052  20.035332  -4.596541  26.387958  124.755896
0.893074  0.000000  0.000000  0.000000  -20.929257  10.923729  32.500000  33.575349  -15.622259  -23.209034  -9.190052  20.035332  -4.596541  26.387958  124.755896
0.893308  0.000000  0.000000  0.000000  -20.929257  10.923729  35.000000  32.963697  -16.993876  -25.386866  -9.190052  20.035332  -4.596541  26.387958  124.755896
0.893542  0.000000  0.000000  0.000000  -20.929257  10.923729  37.500000  32.292947  -18.342019  -27.596530  -9.190052  20.035332  -4.596541  26.387958  124.755896
0.893776  0.000000  0.000000  0.000000  -20.929257  10.923729  40.000000  31.562099  -19.664309  -29.840584  -9.190052  20.035332  -4.596541  26.387958  124.755896
0.894010  0.000000  0.000000  0.000000  -20.929257  10.923729  42.500000  30.770180  -20.958291  -32.121565  -9.190052  20.035332  -4.596541  26.387958  124.755896
0.894244  0.000000  0.000000  0.000000  -20.929257  10.923729  45.000000  29.916248  -22.221423  -34.441869  -9.190052  20.035332  -4.596541  26.387958  124.755896
0.894478  0.000000  0.000000  0.000000  -20.929257  10.923729  47.500000  28.999434  -23.451070  -36.803773  -9.190052  20.035332  -4.596541  26.387958  124.755896
0.894712  0.000000  0.000000  0.000000  -20.929257  10.923729  50.000000  28.018971  -24.644512  -39.209404  -9.190052  20.035332  -4.596541  26.387958  124.755896
0.894946  0.000000  0.000000  0.000000  -25.039495  13.935842  -10.000000  36.162423  25.067256  16.901529  46.604952  -3.623826  -14.772798  18.858273  111.463932
0.895180  0.000000  0.000000  0.000000  -25.039495  13.935842  -7.500000  37.069515  23.575933  14.699502  46.604952  -3.623826  -14.772798  18.858273  111.463932
0.895414  0.000000  0.000000  0.000000  -25.039495  13.935842  -5.000000  37.904163  22.054296  12.547431  46.604952  -3.623826  -14.772798  18.858273  111.463932
0.895648  0.000000  0.000000  0.000000  -25.039495  13.935842  -2.500000  38.668562  20.505129  10.441589  46.604952  -3.623826  -14.772798  18.858273  111.463932
0.895882  0.000000  0.000000  0.000000  -25.039495  13.935842  0.000000  39.364852  18.931082  8.378246  46.604952  -3.623826  -14.772798  18.858273  111.463932
0.896116  0.000000  0.000000  0.000000  -25.039495  13.935842  2.500000  39.995057  17.334660  6.353696  46.604952  -3.623826  -14.772798  18.858273  111.463932
0.896350  0.000000  0.000000  0.000000  -25.039495  13.935842  5.000000  40.561076  15.718242  4.364273  46.604952  -3.623826  -14.772798  18.858273  111.463932
0.896584  0.000000  0.000000  0.000000  -25.039495  13.935842  7.500000  41.064647  14.084107  2.406370  46.604952  -3.623826  -14.772798  18.858273  111.463932
0.896818  0.000000  0.000000  0.000000  -25.039495  13.935842  10.000000  41.507381  12.434402  0.476420  46.604952  -3.623826  -14.772798  18.858273  111.463932
0.897052  0.000000  0.000000  0.000000  -25.039495  13.935842  12.500000  41.890702  10.771201  -1.429078  46.604952  -3.623826  -14.772798  18.858273  111.463932
0.897286  0.000000  0.000000  0.000000  -25.039495  13.935842  15.000000  42.215858  9.096502  -3.313582  46.604952  -3.623826  -14.772798  18.858273  111.463932
0.897520  0.000000  0.000000  0.000000  -25.039495  13.935842  17.500000  42.483931  7.412212  -5.180465  46.604952  -3.623826  -14.772798  18.858273  111.463932
0.897754  0.000000  0.000000  0.000000  -25.039495  13.935842  20.000000  42.695828  5.720191  -7.033089  46.604952  -3.623826  -14.772798  18.858273  111.463932
0.897988  0.000000  0.000000  0.000000  -25.039495  13.935842  22.500000  42.852252  4.022268  -8.874767  46.604952  -3.623826  -14.772798  18.858273  111.463932
0.898222  0.000000  0.000000  0.000000  -25.039495  13.935842  25.000000  42.953728  2.320227  -10.708778  46.604952  -3.623826  -14.772798  18.858273  111.463932
0.898456  0.000000  0.000000  0.000000  -25.039495  13.935842  27.500000  43.000610  0.615815  -12.538374  46.604952  -3.623826  -14.772798  18.858273  111.463932
0.898690  0.000000  0.000000  0.000000  -25.039495  13.935842  30.000000  42.993061  -1.089227  -14.366796  46.604952  -3.623826  -14.772798  18.858273  111.463932
0.898924  0.000000  0.000000  0.000000  -25.039495  13.935842  32.500000  42.931027  -2.793139  -16.197311  46.604952  -3.623826  -14.772798  18.858273  111.463932
0.899158  0.000000  0.000000  0.000000  -25.039495  13.935842  35.000000  42.814345  -4.494228  -18.033110  46.604952  -3.623826  -14.772798  18.858273  111.463932
0.899392  0.000000  0.000000  0.000000  -25.039495  13.935842  37.500000  42.642583  -6.190687  -19.877499  46.604952  -3.623826  -14.772798  18.858273  111.463932
0.899626  0.000000  0.000000  0.000000  -25.039495  13.935842  40.000000  42.415171  -7.880740  -21.733752  46.604952  -3.623826  -14.772798  18.858273  111.463932
0.899860  0.000000  0.000000  0.000000  -25.039495  13.935842  42.500000  42.131344  -9.562558  -23.605187  46.604952  -3.623826  -14.772798  18.858273  111.463932
0.900094  0.000000  0.000000  0.000000  -25.039495  13.935842  45.000000  41.790156  -11.234258  -25.495166  46.604952  -3.623826  -14.772798  18.858273  111.463932
0.900328  0.000000  0.000000  0.000000  -25.039495  13.935842  47.500000  41.390469  -12.893915  -27.407114  46.604952  -3.623826  -14.772798  18.858273  111.463932
0.900562  0.000000  0.000000  0.000000  -25.039495  13.935842  50.000000  40.930983  -14.539514  -29.344487  46.604952  -3.623826  -14.772798  18.858273  111.463932
0.900796  0.000000  0.000000  0.000000  -28.547694  10.632233  -10.000000  37.151211  2.742487  6.998675  44.644600  -5.190010  -12.834243  17.638553  118.648552
0.901029  0.000000  0.000000  0.000000  -28.547694  10.632233  -7.500000  37.220319  1.231332  5.005834  44.644600  -5.190010  -12.834243  17.638553  118.648552
0.901263  0.000000  0.000000  0.000000  -28.547694  10.632233  -5.000000  37.236819  -0.281312  3.015251  44.644600  -5.190010  -12.834243  17.638553  118.648552
0.901497  0.000000  0.000000  0.000000  -28.547694  10.632233  -2.500000  37.200772  -1.793614  1.024155  44.644600  -5.190010  -12.834243  17.638553  118.648552
0.901731  0.000000  0.000000  0.000000  -28.547694  10.632233  0.000000  37.112063  -3.303749  -0.970233  44.644600  -5.190010  -12.834243  17.638553  118.648552
0.901965  0.000000  0.000000  0.000000  -28.547694  10.632233  2.500000  36.970507  -4.809878  -2.970688  44.644600  -5.190010  -12.834243  17.638553  118.648552
0.902199  0.000000  0.000000  0.000000  -28.547694  10.632233  5.000000  36.775798  -6.310146  -4.980005  44.644600  -5.190010  -12.834243  17.638553  118.648552
0.902433  0.000000  0.000000  0.000000  -28.547694  10.632233  7.500000  36.527483  -7.802671  -7.000957  44.644600  -5.190010  -12.834243  17.638553  118.648552
0.902667  0.000000  0.000000  0.000000  -28.547694  10.632233  10.000000  36.225030  -9.285544  -9.036341  44.644600  -5.190010  -12.834243  17.638553  118.648552
0.902901  0.000000  0.000000  0.000000  -28.547694  10.632233  12.500000  35.867785  -10.756804  -11.088955  44.644600  -5.190010  -12.834243  17.638553  118.648552
0.903135  0.000000  0.000000  0.000000  -28.547694  10.632233  15.000000  35.454996  -12.214451  -13.161603  44.644600  -5.190010  -12.834243  17.638553  118.648552
0.903369  0.000000  0.000000  0.000000  -28.547694  10.632233  17.500000  34.985831  -13.656426  -15.257081  44.644600  -5.190010  -12.834243  17.638553  118.648552
0.903603  0.000000  0.000000  0.000000  -28.547694  10.632233  20.000000  34.459367  -15.080609  -17.378187  44.644600  -5.190010  -12.834243  17.638553  118.648552
0.903837  0.000000  0.000000  0.000000  -28.547694  10.632233  22.500000  33.874613  -16.484781  -19.527687  44.644600  -5.190010  -12.834243  17.638553  118.648552
0.904071  0.000000  0.000000  0.000000  -28.547694  10.632233  25.000000  33.230542  -17.866719  -21.708344  44.644600  -5.190010  -12.834243  17.638553  118.648552
0.904305  0.000000  0.000000  0.000000  -28.547694  10.632233  27.500000  32.526067  -19.224036  -23.922870  44.644600  -5.190010  -12.834243  17.638553  118.648552
0.904539  0.000000  0.000000  0.000000  -28.547694  10.632233  30.000000  31.760124  -20.554306  -26.173910  44.644600  -5.190010  -12.834243  17.638553  118.648552
0.904773  0.000000  0.000000  0.000000  -28.547694  10.632233  32.500000  30.931631  -21.854997  -28.464046  44.644600  -5.190010  -12.834243  17.638553  118.648552
0.905007  0.000000  0.000000  0.000000  -28.547694  10.632233  35.000000  30.039576  -23.123490  -30.795740  44.644600  -5.190010  -12.834243  17.638553  118.648552
0.905241  0.000000  0.000000  0.000000  -28.547694  10.632233  37.500000  29.083019  -24.357068  -33.171317  44.644600  -5.190010  -12.834243  17.638553  118.648552
0.905475  0.000000  0.000000  0.000000  -28.547694  10.632233  40.000000  28.061147  -25.552921  -35.592932  44.644600  -5.190010  -12.834243  17.638553  118.648552
0.905709  0.000000  0.000000  0.000000  -28.547694  10.632233  42.500000  26.973303  -26.708159  -38.062505  44.644600  -5.190010  -12.834243  17.638553  118.648552
0.905943  0.000000  0.000000  0.000000  -28.547694  10.632233  45.000000  25.819058  -27.819784  -40.581743  44.644600  -5.190010  -12.834243  17.638553  118.648552
0.906177  0.000000  0.000000  0.000000  -28.547694  10.632233  47.500000  24.598267  -28.884787  -43.151965  44.644600  -5.190010  -12.834243  17.638553  118.648552
0.906411  0.000000  0.000000  0.000000  -28.547694  10.632233  50.000000  23.311103  -29.900019  -45.774186  44.644600  -5.190010  -12.834243  17.638553  118.648552
0.906645  0.000000  0.000000  0.000000  -30.450522  6.771690  -10.000000  38.930502  2.950365  5.868017  53.499520  -8.133098  -3.115223  29.057578  116.946511
0.906879  0.000000  0.000000  0.000000  -30.450522  6.771690  -7.500000  39.003971  1.378024  3.922926  53.499520  -8.133098  -3.115223  29.057578  116.946511
0.907113  0.000000  0.000000  0.000000  -30.450522  6.771690  -5.000000  39.024013  -0.195898  1.980405  53.499520  -8.133098  -3.115223  29.057578  116.946511
0.907347  0.000000  0.000000  0.000000  -30.450522  6.771690  -2.500000  38.990689  -1.769603  0.037515  53.499520  -8.133098  -3.115223  29.057578  116.946511
0.907581  0.000000  0.000000  0.000000  -30.450522  6.771690  0.000000  38.903894  -3.341266  -1.908670  53.499520  -8.133098  -3.115223  29.057578  116.946511
0.907815  0.000000  0.000000  0.000000  -30.450522  6.771690  2.500000  38.763412  -4.909073  -3.861087  53.499520  -8.133098  -3.115223  29.057578  116.946511
0.908049  0.000000  0.000000  0.000000  -30.450522  6.771690  5.000000  38.568893  -6.471180  -5.822698  53.499520  -8.133098  -3.115223  29.057578  116.946511
0.908283  0.000000  0.000000  0.000000  -30.450522  6.771690  7.500000  38.319812  -8.025718  -7.796444  53.499520  -8.133098  -3.115223  29.057578  116.946511
0.908517  0.000000  0.000000  0.000000  -30.450522  6.771690  10.000000  38.015550  -9.570790  -9.785303  53.499520  -8.133098  -3.115223  29.057578  116.946511
0.908751  0.000000  0.000000  0.000000  -30.450522  6.771690  12.500000  37.655337  -11.104438  -11.792264  53.499520  -8.133098  -3.115223  29.057578  116.946511
0.908985  0.000000  0.000000  0.000000  -30.450522  6.771690  15.000000  37.238289  -12.624663  -13.820333  53.499520  -8.133098  -3.115223  29.057578  116.946511
0.909219  0.000000  0.000000  0.000000  -30.450522  6.771690  17.500000  36.763409  -14.129398  -15.872528  53.499520  -8.133098  -3.115223  29.057578  116.946511
0.909453  0.000000  0.000000  0.000000  -30.450522  6.771690  20.000000  36.229590  -15.616506  -17.951878  53.499520  -8.133098  -3.115223  29.057578  116.946511
0.909686  0.000000  0.000000  0.000000  -30.450522  6.771690  22.500000  35.635629  -17.083746  -20.061410  53.499520  -8.133098  -3.115223  29.057578  116.946511
0.909920  0.000000  0.000000  0.000000  -30.450522  6.771690  25.000000  34.980259  -18.528856  -22.204155  53.499520  -8.133098  -3.115223  29.057578  116.946511
0.910154  0.000000  0.000000  0.000000  -30.450522  6.771690  27.500000  34.262125  -19.949408  -24.383126  53.499520  -8.133098  -3.115223  29.057578  116.946511
0.910388  0.000000  0.000000  0.000000  -30.450522  6.771690  30.000000  33.479873  -21.342903  -26.601286  53.499520  -8.133098  -3.115223  29.057578  116.946511
0.910622  0.000000  0.000000  0.000000  -30.450522  6.771690  32.500000  32.632099  -22.706738  -28.861553  53.499520  -8.133098  -3.115223  29.057578  116.946511
0.910856  0.000000  0.000000  0.000000  -30.450522  6.771690  35.000000  31.717446  -24.038190  -31.166754  53.499520  -8.133098  -3.115223  29.057578  116.946511
0.911090  0.000000  0.000000  0.000000  -30.450522  6.771690  37.500000  30.734614  -25.334427  -33.519588  53.499520  -8.133098  -3.115223  29.057578  116.946511
0.911324  0.000000  0.000000  0.000000  -30.450522  6.771690  40.000000  29.682388  -26.592502  -35.922594  53.499520  -8.133098  -3.115223  29.057578  116.946511
0.911558  0.000000  0.000000  0.000000  -30.450522  6.771690  42.500000  28.559732  -27.809349  -38.378132  53.499520  -8.133098  -3.115223  29.057578  116.946511
0.911792  0.000000  0.000000  0.000000  -30.450522  6.771690  45.000000  27.365810  -28.981801  -40.888272  53.499520  -8.133098  -3.115223  29.057578  116.946511
0.912026  0.000000  0.000000  0.000000  -30.450522  6.771690  47.500000  26.100061  -30.106594  -43.454770  53.499520  -8.133098  -3.115223  29.057578  116.946511
0.912260  0.000000  0.000000  0.000000  -30.450522  6.771690  50.000000  24.762261  -31.180372  -46.079010  53.499520  -8.133098  -3.115223  29.057578  116.946511
0.912494  0.000000  0.000000  0.000000  -33.232524  15.264436  -10.000000  37.518938  16.593641  15.484443  14.475997  5.896464  22.304272  23.104501  127.689748
0.912728  0.000000  0.000000  0.000000  -33.232524  15.264436  -7.500000  38.079035  15.061238  13.431242  14.475997  5.896464  22.304272  23.104501  127.689748
0.912962  0.000000  0.000000  0.000000  -33.232524  15.264436  -5.000000  38.578495  13.510641  11.407560  14.475997  5.896464  22.304272  23.104501  127.689748
0.913196  0.000000  0.000000  0.000000  -33.232524  15.264436  -2.500000  39.018642  11.944014  9.410148  14.475997  5.896464  22.304272  23.104501  127.689748
0.913430  0.000000  0.000000  0.000000  -33.232524  15.264436  0.000000  39.400624  10.363457  7.435814  14.475997  5.896464  22.304272  23.104501  127.689748
0.913664  0.000000  0.000000  0.000000  -33.232524  15.264436  2.500000  39.725522  8.770982  5.481380  14.475997  5.896464  22.304272  23.104501  127.689748
0.913898  0.000000  0.000000  0.000000  -33.232524  15.264436  5.000000  39.994242  7.168548  3.543694  14.475997  5.896464  22.304272  23.104501  127.689748
0.914132  0.000000  0.000000  0.000000  -33.232524  15.264436  7.500000  40.207527  5.558056  1.619621  14.475997  5.896464  22.304272  23.104501  127.689748
0.914366  0.000000  0.000000  0.000000  -33.232524  15.264436  10.000000  40.366005  3.941371  -0.293932  14.475997  5.896464  22.304272  23.104501  127.689748
0.914600  0.000000  0.000000  0.000000  -33.232524  15.264436  12.500000  40.470121  2.320310  -2.200039  14.475997  5.896464  22.304272  23.104501  127.689748
0.914834  0.000000  0.000000  0.000000  -33.232524  15.264436  15.000000  40.520205  0.696708  -4.101807  14.475997  5.896464  22.304272  23.104501  127.689748
0.915068  0.000000  0.000000  0.000000  -33.232524  15.264436  17.500000  40.516373  -0.927662  -6.002233  14.475997  5.896464  22.304272  23.104501  127.689748
0.915302  0.000000  0.000000  0.000000  -33.232524  15.264436  20.000000  40.458625  -2.551012  -7.904422  14.475997  5.896464  22.304272  23.104501  127.689748
0.915536  0.000000  0.000000  0.000000  -33.232524  15.264436  22.500000  40.346794  -4.171555  -9.811402  14.475997  5.896464  22.304272  23.104501  127.689748
0.915770  0.000000  0.000000  0.000000  -33.232524  15.264436  25.000000  40.180544  -5.787466  -11.726264  14.475997  5.896464  22.304272  23.104501  127.689748
0.916004  0.000000  0.000000  0.000000  -33.232524  15.264436  27.500000  39.959424  -7.396932  -13.652080  14.475997  5.896464  22.304272  23.104501  127.689748
0.916238  0.000000  0.000000  0.000000  -33.232524  15.264436  30.000000  39.682773  -8.998067  -15.591958  14.475997  5.896464  22.304272  23.104501  127.689748
0.916472  0.000000  0.000000  0.000000  -33.232524  15.264436  32.500000  39.349820  -10.588965  -17.549024  14.475997  5.896464  22.304272  23.104501  127.689748
0.916706  0.000000  0.000000  0.000000  -33.232524  15.264436  35.000000  38.959631  -12.167667  -19.526443  14.475997  5.896464  22.304272  23.104501  127.689748
0.916940  0.000000  0.000000  0.000000  -33.232524  15.264436  37.500000  38.511128  -13.732149  -21.527396  14.475997  5.896464  22.304272  23.104501  127.689748
0.917174  0.000000  0.000000  0.000000  -33.232524  15.264436  40.000000  38.003125  -15.280290  -23.555080  14.475997  5.896464  22.304272  23.104501  127.689748
0.917408  0.000000  0.000000  0.000000  -33.232524  15.264436  42.500000  37.434285  -16.809932  -25.612746  14.475997  5.896464  22.304272  23.104501  127.689748
0.917642  0.000000  0.000000  0.000000  -33.232524  15.264436  45.000000  36.803189  -18.318770  -27.703646  14.475997  5.896464  22.304272  23.104501  127.689748
0.917876  0.000000  0.000000  0.000000  -33.232524  15.264436  47.500000  36.108280  -19.804450  -29.831046  14.475997  5.896464  22.304272  23.104501  127.689748
0.918109  0.000000  0.000000  0.000000  -33.232524  15.264436  50.000000  35.347961  -21.264481  -31.998202  14.475997  5.896464  22.304272  23.104501  127.689748
0.918343  0.000000  0.000000  0.000000  -27.004810  12.953821  -10.000000  36.984810  13.123985  13.241654  2.520989  -5.481605  -1.071892  14.559026  125.951467
0.918577  0.000000  0.000000  0.000000  -27.004810  12.953821  -7.500000  37.421507  11.612209  11.203160  2.520989  -5.481605  -1.071892  14.559026  125.951467
0.918811  0.000000  0.000000  0.000000  -27.004810  12.953821  -5.000000  37.801138  10.086302  9.186742  2.520989  -5.481605  -1.071892  14.559026  125.951467
0.919045  0.000000  0.000000  0.000000  -27.004810  12.953821  -2.500000  38.124566  8.548267  7.189427  2.520989  -5.481605  -1.071892  14.559026  125.951467
0.919279  0.000000  0.000000  0.000000  -27.004810  12.953821  0.000000  38.392610  7.000081  5.208217  2.520989  -5.481605  -1.071892  14.559026  125.951467
0.919513  0.000000  0.000000  0.000000  -27.004810  12.953821  2.500000  38.605947  5.443664  3.240143  2.520989  -5.481605  -1.071892  14.559026  125.951467
0.919747  0.000000  0.000000  0.000000  -27.004810  12.953821  5.000000  38.765118  3.880893  1.282248  2.520989  -5.481605  -1.071892  14.559026  125.951467
0.919981  0.000000  0.000000  0.000000  -27.004810  12.953821  7.500000  38.870534  2.313631  -0.668391  2.520989  -5.481605  -1.071892  14.559026  125.951467
0.920215  0.000000  0.000000  0.000000  -27.004810  12.953821  10.000000  38.922467  0.743691  -2.614728  2.520989  -5.481605  -1.071892  14.559026  125.951467
0.920449  0.000000  0.000000  0.000000  -27.004810  12.953821  12.500000  38.921051  -0.827106  -4.559679  2.520989  -5.481605  -1.071892  14.559026  125.951467
0.920683  0.000000  0.000000  0.000000  -27.004810  12.953821  15.000000  38.866283  -2.396949  -6.506170  2.520989  -5.481605  -1.071892  14.559026  125.951467
0.920917  0.000000  0.000000  0.000000  -27.004810  12.953821  17.500000  38.758020  -3.964023  -8.457127  2.520989  -5.481605  -1.071892  14.559026  125.951467
0.921151  0.000000  0.000000  0.000000  -27.004810  12.953821  20.000000  38.595980  -5.526498  -10.415482  2.520989  -5.481605  -1.071892  14.559026  125.951467
0.921385  0.000000  0.000000  0.000000  -27.004810  12.953821  22.500000  38.379754  -7.082526  -12.384180  2.520989  -5.481605  -1.071892  14.559026  125.951467
0.921619  0.000000  0.000000  0.000000  -27.004810  12.953821  25.000000  38.108785  -8.630220  -14.366172  2.520989  -5.481605  -1.071892  14.559026  125.951467
0.921853  0.000000  0.000000  0.000000  -27.004810  12.953821  27.500000  37.782395  -10.167658  -16.364427  2.520989  -5.481605  -1.071892  14.559026  125.951467
0.922087  0.000000  0.000000  0.000000  -27.004810  12.953821  30.000000  37.399777  -11.692872  -18.381934  2.520989  -5.481605  -1.071892  14.559026  125.951467
0.922321  0.000000  0.000000  0.000000  -27.004810  12.953821  32.500000  36.960000  -13.203840  -20.421695  2.520989  -5.481605  -1.071892  14.559026  125.951467
0.922555  0.000000  0.000000  0.000000  -27.004810  12.953821  35.000000  36.462043  -14.698452  -22.486708  2.520989  -5.481605  -1.071892  14.559026  125.951467
0.922789  0.000000  0.000000  0.000000  -27.004810  12.953821  37.500000  35.904762  -16.174556  -24.580002  2.520989  -5.481605  -1.071892  14.559026  125.951467
0.923023  0.000000  0.000000  0.000000  -27.004810  12.953821  40.000000  35.286939  -17.629894  -26.704596  2.520989  -5.481605  -1.071892  14.559026  125.951467
0.923257  0.000000  0.000000  0.000000  -27.004810  12.953821  42.500000  34.607304  -19.062116  -28.863483  2.520989  -5.481605  -1.071892  14.559026  125.951467
0.923491  0.000000  0.000000  0.000000  -27.004810  12.953821  45.000000  33.864482  -20.468795  -31.059660  2.520989  -5.481605  -1.071892  14.559026  125.951467
0.923725  0.000000  0.000000  0.000000  -27.004810  12.953821  47.500000  33.057126  -21.847396  -33.296047  2.520989  -5.481605  -1.071892  14.559026  125.951467
0.923959  0.000000  0.000000  0.000000  -27.004810  12.953821  50.000000  32.183873  -23.195270  -35.575505  2.520989  -5.481605  -1.071892  14.559026  125.951467
0.924193  0.000000  0.000000  0.000000  -16.308712  8.010198  -10.000000  39.873460  27.553536  17.622376  56.218711  -11.582884  8.204951  28.145146  120.815675
0.924427  0.000000  0.000000  0.000000  -16.308712  8.010198  -7.500000  40.833652  25.934574  15.489047  56.218711  -11.582884  8.204951  28.145146  120.815675
0.924661  0.000000  0.000000  0.000000  -16.308712  8.010198  -5.000000  41.714329  24.285229  13.414094  56.218711  -11.582884  8.204951  28.145146  120.815675
0.924895  0.000000  0.000000  0.000000  -16.308712  8.010198  -2.500000  42.518774  22.608434  11.392787  56.218711  -11.582884  8.204951  28.145146  120.815675
0.925129  0.000000  0.000000  0.000000  -16.308712  8.010198  0.000000  43.250003  20.906951  9.420516  56.218711  -11.582884  8.204951  28.145146  120.815675
0.925363  0.000000  0.000000  0.000000  -16.308712  8.010198  2.500000  43.910886  19.183347  7.492778  56.218711  -11.582884  8.204951  28.145146  120.815675
0.925597  0.000000  0.000000  0.000000  -16.308712  8.010198  5.000000  44.504058  17.440031  5.605204  56.218711  -11.582884  8.204951  28.145146  120.815675
0.925831  0.000000  0.000000  0.000000  -16.308712  8.010198  7.500000  45.031898  15.679284  3.753559  56.218711  -11.582884  8.204951  28.145146  120.815675
0.926065  0.000000  0.000000  0.000000  -16.308712  8.010198  10.000000  45.496589  13.903229  1.933724  56.218711  -11.582884  8.204951  28.145146  120.815675
0.926299  0.000000  0.000000  0.000000  -16.308712  8.010198  12.500000  45.900047  12.113899  0.141712  56.218711  -11.582884  8.204951  28.145146  120.815675
0.926533  0.000000  0.000000  0.000000  -16.308712  8.010198  15.000000  46.243947  10.313222  -1.626357  56.218711  -11.582884  8.204951  28.145146  120.815675
0.926766  0.000000  0.000000  0.000000  -16.308712  8.010198  17.500000  46.529723  8.503057  -3.374274  56.218711  -11.582884  8.204951  28.145146  120.815675
0.927000  0.000000  0.000000  0.000000  -16.308712  8.010198  20.000000  46.758583  6.685155  -5.105700  56.218711  -11.582884  8.204951  28.145146  120.815675
0.927234  0.000000  0.000000  0.000000  -16.308712  8.010198  22.500000  46.931498  4.861244  -6.824276  56.218711  -11.582884  8.204951  28.145146  120.815675
0.927468  0.000000  0.000000  0.000000  -16.308712  8.010198  25.000000  47.049183  3.033010  -8.533563  56.218711  -11.582884  8.204951  28.145146  120.815675
0.927702  0.000000  0.000000  0.000000  -16.308712  8.010198  27.500000  47.112143  1.202099  -10.237079  56.218711  -11.582884  8.204951  28.145146  120.815675
0.927936  0.000000  0.000000  0.000000  -16.308712  8.010198  30.000000  47.120635  -0.629882  -11.938304  56.218711  -11.582884  8.204951  28.145146  120.815675
0.928170  0.000000  0.000000  0.000000  -16.308712  8.010198  32.500000  47.074708  -2.461308  -13.640724  56.218711  -11.582884  8.204951  28.145146  120.815675
0.928404  0.000000  0.000000  0.000000  -16.308712  8.010198  35.000000  46.974162  -4.290554  -15.347831  56.218711  -11.582884  8.204951  28.145146  120.815675
0.928638  0.000000  0.000000  0.000000  -16.308712  8.010198  37.500000  46.818571  -6.115989  -17.063127  56.218711  -11.582884  8.204951  28.145146  120.815675
0.928872  0.000000  0.000000  0.000000  -16.308712  8.010198  40.000000  46.607281  -7.935946  -18.790159  56.218711  -11.582884  8.204951  28.145146  120.815675
0.929106  0.000000  0.000000  0.000000  -16.308712  8.010198  42.500000  46.339401  -9.748719  -20.532522  56.218711  -11.582884  8.204951  28.145146  120.815675
0.929340  0.000000  0.000000  0.000000  -16.308712  8.010198  45.000000  46.013807  -11.552548  -22.293885  56.218711  -11.582884  8.204951  28.145146  120.815675
0.929574  0.000000  0.000000  0.000000  -16.308712  8.010198  47.500000  45.629118  -13.345627  -24.078015  56.218711  -11.582884  8.204951  28.145146  120.815675
0.929808  0.000000  0.000000  0.000000  -16.308712  8.010198  50.000000  45.183734  -15.126051  -25.888753  56.218711  -11.582884  8.204951  28.145146  120.815675
0.930042  0.000000  0.000000  0.000000  -28.432565  2.875430  -10.000000  39.410114  10.187379  4.628367  44.680838  17.041440  25.487367  12.330925  121.385172
0.930276  0.000000  0.000000  0.000000  -28.432565  2.875430  -7.500000  39.728890  8.594689  2.675117  44.680838  17.041440  25.487367  12.330925  121.385172
0.930510  0.000000  0.000000  0.000000  -28.432565  2.875430  -5.000000  39.991583  6.992242  0.738263  44.680838  17.041440  25.487367  12.330925  121.385172
0.930744  0.000000  0.000000  0.000000  -28.432565  2.875430  -2.500000  40.198942  5.381927  -1.185321  44.680838  17.041440  25.487367  12.330925  121.385172
0.930978  0.000000  0.000000  0.000000  -28.432565  2.875430  0.000000  40.351546  3.765637  -3.098717  44.680838  17.041440  25.487367  12.330925  121.385172
0.931212  0.000000  0.000000  0.000000  -28.432565  2.875430  2.500000  40.449852  2.145171  -5.005013  44.680838  17.041440  25.487367  12.330925  121.385172
0.931446  0.000000  0.000000  0.000000  -28.432565  2.875430  5.000000  40.494136  0.522327  -6.907280  44.680838  17.041440  25.487367  12.330925  121.385172
0.931680  0.000000  0.000000  0.000000  -28.432565  2.875430  7.500000  40.484532  -1.101089  -8.808552  44.680838  17.041440  25.487367  12.330925  121.385172
0.931914  0.000000  0.000000  0.000000  -28.432565  2.875430  10.000000  40.421011  -2.723292  -10.711902  44.680838  17.041440  25.487367  12.330925  121.385172
0.932148  0.000000  0.000000  0.000000  -28.432565  2.875430  12.500000  40.303375  -4.342479  -12.620367  44.680838  17.041440  25.487367  12.330925  121.385172
0.932382  0.000000  0.000000  0.000000  -28.432565  2.875430  15.000000  40.131315  -5.956858  -14.537056  44.680838  17.041440  25.487367  12.330925  121.385172
0.932616  0.000000  0.000000  0.000000  -28.432565  2.875430  17.500000  39.904301  -7.564571  -16.465009  44.680838  17.041440  25.487367  12.330925  121.385172
0.932850  0.000000  0.000000  0.000000  -28.432565  2.875430  20.000000  39.621711  -9.163763  -18.407351  44.680838  17.041440  25.487367  12.330925  121.385172
0.933084  0.000000  0.000000  0.000000  -28.432565  2.875430  22.500000  39.282735  -10.752505  -20.367203  44.680838  17.041440  25.487367  12.330925  121.385172
0.933318  0.000000  0.000000  0.000000  -28.432565  2.875430  25.000000  38.886431  -12.328841  -22.347722  44.680838  17.041440  25.487367  12.330925  121.385172
0.933552  0.000000  0.000000  0.000000  -28.432565  2.875430  27.500000  38.431712  -13.890715  -24.352109  44.680838  17.041440  25.487367  12.330925  121.385172
0.933786  0.000000  0.000000  0.000000  -28.432565  2.875430  30.000000  37.917377  -15.436025  -26.383546  44.680838  17.041440  25.487367  12.330925  121.385172
0.934020  0.000000  0.000000  0.000000  -28.432565  2.875430  32.500000  37.342081  -16.962574  -28.445289  44.680838  17.041440  25.487367  12.330925  121.385172
0.934254  0.000000  0.000000  0.000000  -28.432565  2.875430  35.000000  36.704391  -18.468114  -30.540574  44.680838  17.041440  25.487367  12.330925  121.385172
0.934488  0.000000  0.000000  0.000000  -28.432565  2.875430  37.500000  36.002763  -19.950204  -32.672676  44.680838  17.041440  25.487367  12.330925  121.385172
0.934722  0.000000  0.000000  0.000000  -28.432565  2.875430  40.000000  35.235584  -21.406375  -34.844840  44.680838  17.041440  25.487367  12.330925  121.385172
0.934956  0.000000  0.000000  0.000000  -28.432565  2.875430  42.500000  34.401201  -22.834008  -37.060289  44.680838  17.041440  25.487367  12.330925  121.385172
0.935190  0.000000  0.000000  0.000000  -28.432565  2.875430  45.000000  33.497939  -24.230363  -39.322194  44.680838  17.041440  25.487367  12.330925  121.385172
0.935423  0.000000  0.000000  0.000000  -28.432565  2.875430  47.500000  32.524145  -25.592569  -41.633630  44.680838  17.041440  25.487367  12.330925  121.385172
0.935657  0.000000  0.000000  0.000000  -28.432565  2.875430  50.000000  31.478216  -26.917617  -43.997586  44.680838  17.041440  25.487367  12.330925  121.385172
0.935891  0.000000  0.000000  0.000000  -21.589928  10.681101  -10.000000  37.526299  13.535300  9.481199  61.306234  11.418717  10.982127  20.661292  118.887005
0.936125  0.000000  0.000000  0.000000  -21.589928  10.681101  -7.500000  37.974369  12.004580  7.454406  61.306234  11.418717  10.982127  20.661292  118.887005
0.936359  0.000000  0.000000  0.000000  -21.589928  10.681101  -5.000000  38.364760  10.459445  5.450616  61.306234  11.418717  10.982127  20.661292  118.887005
0.936593  0.000000  0.000000  0.000000  -21.589928  10.681101  -2.500000  38.698423  8.901923  3.466763  61.306234  11.418717  10.982127  20.661292  118.887005
0.936827  0.000000  0.000000  0.000000  -21.589928  10.681101  0.000000  38.976231  7.333986  1.499791  61.306234  11.418717  10.982127  20.661292  118.887005
0.937061  0.000000  0.000000  0.000000  -21.589928  10.681101  2.500000  39.198923  5.757563  -0.453338  61.306234  11.418717  10.982127  20.661292  118.887005
0.937295  0.000000  0.000000  0.000000  -21.589928  10.681101  5.000000  39.367090  4.174524  -2.395648  61.306234  11.418717  10.982127  20.661292  118.887005
0.937529  0.000000  0.000000  0.000000  -21.589928  10.681101  7.500000  39.481186  2.586741  -4.330110  61.306234  11.418717  10.982127  20.661292  118.887005
0.937763  0.000000  0.000000  0.000000  -21.589928  10.681101  10.000000  39.541518  0.996014  -6.259737  61.306234  11.418717  10.982127  20.661292  118.887005
0.937997  0.000000  0.000000  0.000000  -21.589928  10.681101  12.500000  39.548253  -0.595853  -8.187506  61.306234  11.418717  10.982127  20.661292  118.887005
0.938231  0.000000  0.000000  0.000000  -21.589928  10.681101  15.000000  39.501404  -2.187024  -10.116381  61.306234  11.418717  10.982127  20.661292  118.887005
0.938465  0.000000  0.000000  0.000000  -21.589928  10.681101  17.500000  39.400848  -3.775724  -12.049353  61.306234  11.418717  10.982127  20.661292  118.887005
0.938699  0.000000  0.000000  0.000000  -21.589928  10.681101  20.000000  39.246309  -5.360123  -13.989402  61.306234  11.418717  10.982127  20.661292  118.887005
0.938933  0.000000  0.000000  0.000000  -21.589928  10.681101  22.500000  39.037365  -6.938378  -15.939525  61.306234  11.418717  10.982127  20.661292  118.887005
0.939167  0.000000  0.000000  0.000000  -21.589928  10.681101  25.000000  38.773487  -8.508630  -17.902736  61.306234  11.418717  10.982127  20.661292  118.887005
0.939401  0.000000  0.000000  0.000000  -21.589928  10.681101  27.500000  38.453945  -10.068952  -19.882058  61.306234  11.418717  10.982127  20.661292  118.887005
0.939635  0.000000  0.000000  0.000000  -21.589928  10.681101  30.000000  38.077917  -11.617391  -21.880545  61.306234  11.418717  10.982127  20.661292  118.887005
0.939869  0.000000  0.000000  0.000000  -21.589928  10.681101  32.500000  37.644439  -13.151935  -23.901269  61.306234  11.418717  10.982127  20.661292  118.887005
0.940103  0.000000  0.000000  0.000000  -21.589928  10.681101  35.000000  37.152442  -14.670485  -25.947304  61.306234  11.418717  10.982127  20.661292  118.887005
0.940337  0.000000  0.000000  0.000000  -21.589928  10.681101  37.500000  36.600730  -16.170890  -28.021760  61.306234  11.418717  10.982127  20.661292  118.887005
0.940571  0.000000  0.000000  0.000000  -21.589928  10.681101  40.000000  35.988020  -17.650896  -30.127747  61.306234  11.418717  10.982127  20.661292  118.887005
0.940805  0.000000  0.000000  0.000000  -21.589928  10.681101  42.500000  35.312935  -19.108174  -32.268369  61.306234  11.418717  10.982127  20.661292  118.887005
0.941039  0.000000  0.000000  0.000000  -21.589928  10.681101  45.000000  34.574037  -20.540270  -34.446724  61.306234  11.418717  10.982127  20.661292  118.887005
0.941273  0.000000  0.000000  0.000000  -21.589928  10.681101  47.500000  33.769861  -21.944652  -36.665860  61.306234  11.418717  10.982127  20.661292  118.887005
0.941507  0.000000  0.000000  0.000000  -21.589928  10.681101  50.000000  32.898922  -23.318658  -38.928771  61.306234  11.418717  10.982127  20.661292  118.887005
0.941741  0.000000  0.000000  0.000000  -29.892074  6.871802  -10.000000  38.218139  13.925207  10.760202  3.928840  13.988129  -5.077637  25.371725  124.314308
0.941975  0.000000  0.000000  0.000000  -29.892074  6.871802  -7.500000  38.675577  12.370576  8.749575  3.928840  13.988129  -5.077637  25.371725  124.314308
0.942209  0.000000  0.000000  0.000000  -29.892074  6.871802  -5.000000  39.074656  10.801349  6.762875  3.928840  13.988129  -5.077637  25.371725  124.314308
0.942443  0.000000  0.000000  0.000000  -29.892074  6.871802  -2.500000  39.416467  9.219581  4.796896  3.928840  13.988129  -5.077637  25.371725  124.314308
0.942677  0.000000  0.000000  0.000000  -29.892074  6.871802  0.000000  39.701927  7.627235  2.848526  3.928840  13.988129  -5.077637  25.371725  124.314308
0.942911  0.000000  0.000000  0.000000  -29.892074  6.871802  2.500000  39.931846  6.026241  0.914639  3.928840  13.988129  -5.077637  25.371725  124.314308
0.943145  0.000000  0.000000  0.000000  -29.892074  6.871802  5.000000  40.106865  4.418461  -1.007859  3.928840  13.988129  -5.077637  25.371725  124.314308
0.943379  0.000000  0.000000  0.000000  -29.892074  6.871802  7.500000  40.227483  2.805772  -2.922003  3.928840  13.988129  -5.077637  25.371725  124.314308
0.943613  0.000000  0.000000  0.000000  -29.892074  6.871802  10.000000  40.294044  1.189955  -4.830876  3.928840  13.988129  -5.077637  25.371725  124.314308
0.943847  0.000000  0.000000  0.000000  -29.892074  6.871802  12.500000  40.306739  -0.427187  -6.737518  3.928840  13.988129  -5.077637  25.371725  124.314308
0.944080  0.000000  0.000000  0.000000  -29.892074  6.871802  15.000000  40.265601  -2.043844  -8.644956  3.928840  13.988129  -5.077637  25.371725  124.314308
0.944314  0.000000  0.000000  0.000000  -29.892074  6.871802  17.500000  40.170516  -3.658240  -10.556240  3.928840  13.988129  -5.077637  25.371725  124.314308
0.944548  0.000000  0.000000  0.000000  -29.892074  6.871802  20.000000  40.021209  -5.268560  -12.474414  3.928840  13.988129  -5.077637  25.371725  124.314308
0.944782  0.000000  0.000000  0.000000  -29.892074  6.871802  22.500000  39.817250  -6.872977  -14.402538  3.928840  13.988129  -5.077637  25.371725  124.314308
0.945016  0.000000  0.000000  0.000000  -29.892074  6.871802  25.000000  39.558087  -8.469641  -16.343695  3.928840  13.988129  -5.077637  25.371725  124.314308
0.945250  0.000000  0.000000  0.000000  -29.892074  6.871802  27.500000  39.242968  -10.056640  -18.300977  3.928840  13.988129  -5.077637  25.371725  124.314308
0.945484  0.000000  0.000000  0.000000  -29.892074  6.871802  30.000000  38.871030  -11.632030  -20.277515  3.928840  13.988129  -5.077637  25.371725  124.314308
0.945718  0.000000  0.000000  0.000000  -29.892074  6.871802  32.500000  38.441259  -13.193811  -22.276463  3.928840  13.988129  -5.077637  25.371725  124.314308
0.945952  0.000000  0.000000  0.000000  -29.892074  6.871802  35.000000  37.952526  -14.739889  -24.300988  3.928840  13.988129  -5.077637  25.371725  124.314308
0.946186  0.000000  0.000000  0.000000  -29.892074  6.871802  37.500000  37.403559  -16.268120  -26.354297  3.928840  13.988129  -5.077637  25.371725  124.314308
0.946420  0.000000  0.000000  0.000000  -29.892074  6.871802  40.000000  36.792989  -17.776250  -28.439610  3.928840  13.988129  -5.077637  25.371725  124.314308
0.946654  0.000000  0.000000  0.000000  -29.892074  6.871802  42.500000  36.119335  -19.261949  -30.560150  3.928840  13.988129  -5.077637  25.371725  124.314308
0.946888  0.000000  0.000000  0.000000  -29.892074  6.871802  45.000000  35.381044  -20.722756  -32.719150  3.928840  13.988129  -5.077637  25.371725  124.314308
0.947122  0.000000  0.000000  0.000000  -29.892074  6.871802  47.500000  34.576516  -22.156126  -34.919804  3.928840  13.988129  -5.077637  25.371725  124.314308
0.947356  0.000000  0.000000  0.000000  -29.892074  6.871802  50.000000  33.704119  -23.559376  -37.165266  3.928840  13.988129  -5.077637  25.371725  124.314308
0.947590  0.000000  0.000000  0.000000  -16.225259  5.539658  -10.000000  42.590336  28.784054  17.085162  37.396697  2.752544  -0.318433  15.763447  112.694228
0.947824  0.000000  0.000000  0.000000  -16.225259  5.539658  -7.500000  43.558652  27.076480  15.018277  37.396697  2.752544  -0.318433  15.763447  112.694228
0.948058  0.000000  0.000000  0.000000  -16.225259  5.539658  -5.000000  44.443982  25.339596  13.013980  37.396697  2.752544  -0.318433  15.763447  112.694228
0.948292  0.000000  0.000000  0.000000  -16.225259  5.539658  -2.500000  45.250313  23.576366  11.066830  37.396697  2.752544  -0.318433  15.763447  112.694228
0.948526  0.000000  0.000000  0.000000  -16.225259  5.539658  0.000000  45.981307  21.789526  9.171635  37.396697  2.752544  -0.318433  15.763447  112.694228
0.948760  0.000000  0.000000  0.000000  -16.225259  5.539658  2.500000  46.640346  19.981613  7.323390  37.396697  2.752544  -0.318433  15.763447  112.694228
0.948994  0.000000  0.000000  0.000000  -16.225259  5.539658  5.000000  47.230499  18.154996  5.517302  37.396697  2.752544  -0.318433  15.763447  112.694228
0.949228  0.000000  0.000000  0.000000  -16.225259  5.539658  7.500000  47.754563  16.311870  3.748755  37.396697  2.752544  -0.318433  15.763447  112.694228
0.949462  0.000000  0.000000  0.000000  -16.225259  5.539658  10.000000  48.215014  14.454305  2.013331  37.396697  2.752544  -0.318433  15.763447  112.694228
0.949696  0.000000  0.000000  0.000000  -16.225259  5.539658  12.500000  48.614042  12.584247  0.306773  37.396697  2.752544  -0.318433  15.763447  112.694228
0.949930  0.000000  0.000000  0.000000  -16.225259  5.539658  15.000000  48.953546  10.703537  -1.375019  37.396697  2.752544  -0.318433  15.763447  112.694228
0.950164  0.000000  0.000000  0.000000  -16.225259  5.539658  17.500000  49.235140  8.813937  -3.036030  37.396697  2.752544  -0.318433  15.763447  112.694228
0.950398  0.000000  0.000000  0.000000  -16.225259  5.539658  20.000000  49.460167  6.917116  -4.680088  37.396697  2.752544  -0.318433  15.763447  112.694228
0.950632  0.000000  0.000000  0.000000  -16.225259  5.539658  22.500000  49.629719  5.014692  -6.310970  37.396697  2.752544  -0.318433  15.763447  112.694228
0.950866  0.000000  0.000000  0.000000  -16.225259  5.539658  25.000000  49.744582  3.108256  -7.932370  37.396697  2.752544  -0.318433  15.763447  112.694228
0.951100  0.000000  0.000000  0.000000  -16.225259  5.539658  27.500000  49.805310  1.199344  -9.547915  37.396697  2.752544  -0.318433  15.763447  112.694228
0.951334  0.000000  0.000000  0.000000  -16.225259  5.539658  30.000000  49.812192  -0.710517  -11.161207  37.396697  2.752544  -0.318433  15.763447  112.694228
0.951568  0.000000  0.000000  0.000000  -16.225259  5.539658  32.500000  49.765264  -2.619815  -12.775836  37.396697  2.752544  -0.318433  15.763447  112.694228
0.951802  0.000000  0.000000  0.000000  -16.225259  5.539658  35.000000  49.664295  -4.527031  -14.395394  37.396697  2.752544  -0.318433  15.763447  112.694228
0.952036  0.000000  0.000000  0.000000  -16.225259  5.539658  37.500000  49.508821  -6.430626  -16.023501  37.396697  2.752544  -0.318433  15.763447  112.694228
0.952270  0.000000  0.000000  0.000000  -16.225259  5.539658  40.000000  49.298085  -8.329031  -17.663835  37.396697  2.752544  -0.318433  15.763447  112.694228
0.952504  0.000000  0.000000  0.000000  -16.225259  5.539658  42.500000  49.031089  -10.220638  -19.320133  37.396697  2.752544  -0.318433  15.763447  112.694228
0.952737  0.000000  0.000000  0.000000  -16.225259  5.539658  45.000000  48.706543  -12.103795  -20.996238  37.396697  2.752544  -0.318433  15.763447  112.694228
0.952971  0.000000  0.000000  0.000000  -16.225259  5.539658  47.500000  48.322928  -13.976742  -22.696068  37.396697  2.752544  -0.318433  15.763447  112.694228
0.953205  0.000000  0.000000  0.000000  -16.225259  5.539658  50.000000  47.878387  -15.837699  -24.423710  37.396697  2.752544  -0.318433  15.763447  112.694228
0.953439  0.000000  0.000000  0.000000  -22.766905  8.178110  -10.000000  38.366405  20.079196  9.699585  12.526300  8.958123  28.158888  21.801893  114.994166
0.953673  0.000000  0.000000  0.000000  -22.766905  8.178110  -7.500000  39.049596  18.515639  7.632647  12.526300  8.958123  28.158888  21.801893  114.994166
0.953907  0.000000  0.000000  0.000000  -22.766905  8.178110  -5.000000  39.667444  16.930037  5.603410  12.526300  8.958123  28.158888  21.801893  114.994166
0.954141  0.000000  0.000000  0.000000  -22.766905  8.178110  -2.500000  40.221743  15.324752  3.608285  12.526300  8.958123  28.158888  21.801893  114.994166
0.954375  0.000000  0.000000  0.000000  -22.766905  8.178110  0.000000  40.714168  13.702032  1.643730  12.526300  8.958123  28.158888  21.801893  114.994166
0.954609  0.000000  0.000000  0.000000  -22.766905  8.178110  2.500000  41.146235  12.064024  -0.293752  12.526300  8.958123  28.158888  21.801893  114.994166
0.954843  0.000000  0.000000  0.000000  -22.766905  8.178110  5.000000  41.519301  10.412790  -2.207607  12.526300  8.958123  28.158888  21.801893  114.994166
0.955077  0.000000  0.000000  0.000000  -22.766905  8.178110  7.500000  41.834556  8.750313  -4.101225  12.526300  8.958123  28.158888  21.801893  114.994166
0.955311  0.000000  0.000000  0.000000  -22.766905  8.178110  10.000000  42.093021  7.078509  -5.977955  12.526300  8.958123  28.158888  21.801893  114.994166
0.955545  0.000000  0.000000  0.000000  -22.766905  8.178110  12.500000  42.295539  5.399242  -7.841100  12.526300  8.958123  28.158888  21.801893  114.994166
0.955779  0.000000  0.000000  0.000000  -22.766905  8.178110  15.000000  42.442768  3.714334  -9.693939  12.526300  8.958123  28.158888  21.801893  114.994166
0.956013  0.000000  0.000000  0.000000  -22.766905  8.178110  17.500000  42.535202  2.025567  -11.539706  12.526300  8.958123  28.158888  21.801893  114.994166
0.956247  0.000000  0.000000  0.000000  -22.766905  8.178110  20.000000  42.573147  0.334702  -13.381622  12.526300  8.958123  28.158888  21.801893  114.994166
0.956481  0.000000  0.000000  0.000000  -22.766905  8.178110  22.500000  42.556723  -1.356503  -15.222911  12.526300  8.958123  28.158888  21.801893  114.994166
0.956715  0.000000  0.000000  0.000000  -22.766905  8.178110  25.000000  42.485883  -3.046311  -17.066768  12.526300  8.958123  28.158888  21.801893  114.994166
0.956949  0.000000  0.000000  0.000000  -22.766905  8.178110  27.500000  42.360385  -4.732957  -18.916422  12.526300  8.958123  28.158888  21.801893  114.994166
0.957183  0.000000  0.000000  0.000000  -22.766905  8.178110  30.000000  42.179823  -6.414674  -20.775098  12.526300  8.958123  28.158888  21.801893  114.994166
0.957417  0.000000  0.000000  0.000000  -22.766905  8.178110  32.500000  41.943594  -8.089650  -22.646059  12.526300  8.958123  28.158888  21.801893  114.994166
0.957651  0.000000  0.000000  0.000000  -22.766905  8.178110  35.000000  41.650931  -9.756042  -24.532593  12.526300  8.958123  28.158888  21.801893  114.994166
0.957885  0.000000  0.000000  0.000000  -22.766905  8.178110  37.500000  41.300881  -11.411955  -26.438032  12.526300  8.958123  28.158888  21.801893  114.994166
0.958119  0.000000  0.000000  0.000000  -22.766905  8.178110  40.000000  40.892313  -13.055447  -28.365758  12.526300  8.958123  28.158888  21.801893  114.994166
0.958353  0.000000  0.000000  0.000000  -22.766905  8.178110  42.500000  40.423948  -14.684480  -30.319195  12.526300  8.958123  28.158888  21.801893  114.994166
0.958587  0.000000  0.000000  0.000000  -22.766905  8.178110  45.000000  39.894328  -16.296918  -32.301790  12.526300  8.958123  28.158888  21.801893  114.994166
0.958821  0.000000  0.000000  0.000000  -22.766905  8.178110  47.500000  39.301834  -17.890596  -34.317098  12.526300  8.958123  28.158888  21.801893  114.994166
0.959055  0.000000  0.000000  0.000000  -22.766905  8.178110  50.000000  38.644739  -19.463154  -36.368684  12.526300  8.958123  28.158888  21.801893  114.994166
0.959289  0.000000  0.000000  0.000000  -14.224287  4.583496  -10.000000  39.223783  3.741386  3.344608  48.366355  11.821874  75.580617  26.767866  121.742882
0.959523  0.000000  0.000000  0.000000  -14.224287  4.583496  -7.500000  39.323539  2.158671  1.406773  48.366355  11.821874  75.580617  26.767866  121.742882
0.959757  0.000000  0.000000  0.000000  -14.224287  4.583496  -5.000000  39.369651  0.573496  -0.527026  48.366355  11.821874  75.580617  26.767866  121.742882
0.959991  0.000000  0.000000  0.000000  -14.224287  4.583496  -2.500000  39.362249  -1.012332  -2.459755  48.366355  11.821874  75.580617  26.767866  121.742882
0.960225  0.000000  0.000000  0.000000  -14.224287  4.583496  0.000000  39.301311  -2.597007  -4.394375  48.366355  11.821874  75.580617  26.767866  121.742882
0.960459  0.000000  0.000000  0.000000  -14.224287  4.583496  2.500000  39.186673  -4.178719  -6.333848  48.366355  11.821874  75.580617  26.767866  121.742882
0.960693  0.000000  0.000000  0.000000  -14.224287  4.583496  5.000000  39.018036  -5.755641  -8.281155  48.366355  11.821874  75.580617  26.767866  121.742882
0.960927  0.000000  0.000000  0.000000  -14.224287  4.583496  7.500000  38.794944  -7.325922  -10.239271  48.366355  11.821874  75.580617  26.767866  121.742882
0.961161  0.000000  0.000000  0.000000  -14.224287  4.583496  10.000000  38.516801  -8.887673  -12.211200  48.366355  11.821874  75.580617  26.767866  121.742882
0.961394  0.000000  0.000000  0.000000  -14.224287  4.583496  12.500000  38.182922  -10.438994  -14.199949  48.366355  11.821874  75.580617  26.767866  121.742882
0.961628  0.000000  0.000000  0.000000  -14.224287  4.583496  15.000000  37.792405  -11.977882  -16.208570  48.366355  11.821874  75.580617  26.767866  121.742882
0.961862  0.000000  0.000000  0.000000  -14.224287  4.583496  17.500000  37.344320  -13.502319  -18.240092  48.366355  11.821874  75.580617  26.767866  121.742882
0.962096  0.000000  0.000000  0.000000  -14.224287  4.583496  20.000000  36.837544  -15.010197  -20.297606  48.366355  11.821874  75.580617  26.767866  121.742882
0.962330  0.000000  0.000000  0.000000  -14.224287  4.583496  22.500000  36.270883  -16.499303  -22.384177  48.366355  11.821874  75.580617  26.767866  121.742882
0.962564  0.000000  0.000000  0.000000  -14.224287  4.583496  25.000000  35.643073  -17.967442  -24.502891  48.366355  11.821874  75.580617  26.767866  121.742882
0.962798  0.000000  0.000000  0.000000  -14.224287  4.583496  27.500000  34.952725  -19.412186  -26.656832  48.366355  11.821874  75.580617  26.767866  121.742882
0.963032  0.000000  0.000000  0.000000  -14.224287  4.583496  30.000000  34.198436  -20.831099  -28.849042  48.366355  11.821874  75.580617  26.767866  121.742882
0.963266  0.000000  0.000000  0.000000  -14.224287  4.583496  32.500000  33.378751  -22.221612  -31.082537  48.366355  11.821874  75.580617  26.767866  121.742882
0.963500  0.000000  0.000000  0.000000  -14.224287  4.583496  35.000000  32.492226  -23.581040  -33.360259  48.366355  11.821874  75.580617  26.767866  121.742882
0.963734  0.000000  0.000000  0.000000  -14.224287  4.583496  37.500000  31.537452  -24.906583  -35.685050  48.366355  11.821874  75.580617  26.767866  121.742882
0.963968  0.000000  0.000000  0.000000  -14.224287  4.583496  40.000000  30.513078  -26.195331  -38.059595  48.366355  11.821874  75.580617  26.767866  121.742882
0.964202  0.000000  0.000000  0.000000  -14.224287  4.583496  42.500000  29.417926  -27.444231  -40.486461  48.366355  11.821874  75.580617  26.767866  121.742882
0.964436  0.000000  0.000000  0.000000  -14.224287  4.583496  45.000000  28.250940  -28.650140  -42.967923  48.366355  11.821874  75.580617  26.767866  121.742882
0.964670  0.000000  0.000000  0.000000  -14.224287  4.583496  47.500000  27.011344  -29.809797  -45.505987  48.366355  11.821874  75.580617  26.767866  121.742882
0.964904  0.000000  0.000000  0.000000  -14.224287  4.583496  50.000000  25.698651  -30.919839  -48.102313  48.366355  11.821874  75.580617  26.767866  121.742882
0.965138  0.000000  0.000000  0.000000  -18.660109  16.131810  -10.000000  36.980259  14.002779  14.598534  -13.545992  -17.025945  29.369037  14.323713  122.245031
0.965372  0.000000  0.000000  0.000000  -18.660109  16.131810  -7.500000  37.449023  12.490611  12.553215  -13.545992  -17.025945  29.369037  14.323713  122.245031
0.965606  0.000000  0.000000  0.000000  -18.660109  16.131810  -5.000000  37.859943  10.963200  10.531817  -13.545992  -17.025945  29.369037  14.323713  122.245031
0.965840  0.000000  0.000000  0.000000  -18.660109  16.131810  -2.500000  38.214038  9.422620  8.531261  -13.545992  -17.025945  29.369037  14.323713  122.245031
0.966074  0.000000  0.000000  0.000000  -18.660109  16.131810  0.000000  38.512173  7.870852  6.548557  -13.545992  -17.025945  29.369037  14.323713  122.245031
0.966308  0.000000  0.000000  0.000000  -18.660109  16.131810  2.500000  38.755120  6.309851  4.580682  -13.545992  -17.025945  29.369037  14.323713  122.245031
0.966542  0.000000  0.000000  0.000000  -18.660109  16.131810  5.000000  38.943505  4.741512  2.624656  -13.545992  -17.025945  29.369037  14.323713  122.245031
0.966776  0.000000  0.000000  0.000000  -18.660109  16.131810  7.500000  39.077817  3.167695  0.677506  -13.545992  -17.025945  29.369037  14.323713  122.245031
0.967010  0.000000  0.000000  0.000000  -18.660109  16.131810  10.000000  39.158412  1.590243  -1.263722  -13.545992  -17.025945  29.369037  14.323713  122.245031
0.967244  0.000000  0.000000  0.000000  -18.660109  16.131810  12.500000  39.185498  0.010969  -3.201983  -13.545992  -17.025945  29.369037  14.323713  122.245031
0.967478  0.000000  0.000000  0.000000  -18.660109  16.131810  15.000000  39.159153  -1.568319  -5.140225  -13.545992  -17.025945  29.369037  14.323713  122.245031
0.967712  0.000000  0.000000  0.000000  -18.660109  16.131810  17.500000  39.079303  -3.145810  -7.081392  -13.545992  -17.025945  29.369037  14.323713  122.245031
0.967946  0.000000  0.000000  0.000000  -18.660109  16.131810  20.000000  38.945737  -4.719686  -9.028438  -13.545992  -17.025945  29.369037  14.323713  122.245031
0.968180  0.000000  0.000000  0.000000  -18.660109  16.131810  22.500000  38.758100  -6.288111  -10.984318  -13.545992  -17.025945  29.369037  14.323713  122.245031
0.968414  0.000000  0.000000  0.000000  -18.660109  16.131810  25.000000  38.515920  -7.849231  -12.952009  -13.545992  -17.025945  29.369037  14.323713  122.245031
0.968648  0.000000  0.000000  0.000000  -18.660109  16.131810  27.500000  38.218553  -9.401135  -14.934492  -13.545992  -17.025945  29.369037  14.323713  122.245031
0.968882  0.000000  0.000000  0.000000  -18.660109  16.131810  30.000000  37.865249  -10.941885  -16.934771  -13.545992  -17.025945  29.369037  14.323713  122.245031
0.969116  0.000000  0.000000  0.000000  -18.660109  16.131810  32.500000  37.455116  -12.469493  -18.955876  -13.545992  -17.025945  29.369037  14.323713  122.245031
0.969350  0.000000  0.000000  0.000000  -18.660109  16.131810  35.000000  36.987170  -13.981898  -21.000836  -13.545992  -17.025945  29.369037  14.323713  122.245031
0.969584  0.000000  0.000000  0.000000  -18.660109  16.131810  37.500000  36.460291  -15.476952  -23.072687  -13.545992  -17.025945  29.369037  14.323713  122.245031
0.969818  0.000000  0.000000  0.000000  -18.660109  16.131810  40.000000  35.873264  -16.952471  -25.174505  -13.545992  -17.025945  29.369037  14.323713  122.245031
0.970051  0.000000  0.000000  0.000000  -18.660109  16.131810  42.500000  35.224832  -18.406139  -27.309341  -13.545992  -17.025945  29.369037  14.323713  122.245031
0.970285  0.000000  0.000000  0.000000  -18.660109  16.131810  45.000000  34.513601  -19.835582  -29.480209  -13.545992  -17.025945  29.369037  14.323713  122.245031
0.970519  0.000000  0.000000  0.000000  -18.660109  16.131810  47.500000  33.738186  -21.238296  -31.690144  -13.545992  -17.025945  29.369037  14.323713  122.245031
0.970753  0.000000  0.000000  0.000000  -18.660109  16.131810  50.000000  32.897175  -22.611689  -33.942083  -13.545992  -17.025945  29.369037  14.323713  122.245031
0.970987  0.000000  0.000000  0.000000  -16.391915  12.136102  -10.000000  37.101860  14.329722  13.279695  -55.598726  -7.913408  41.860888  23.571951  117.004562
0.971221  0.000000  0.000000  0.000000  -16.391915  12.136102  -7.500000  37.581733  12.813133  11.235082  -55.598726  -7.913408  41.860888  23.571951  117.004562
0.971455  0.000000  0.000000  0.000000  -16.391915  12.136102  -5.000000  38.003424  11.280960  9.215063  -55.598726  -7.913408  41.860888  23.571951  117.004562
0.971689  0.000000  0.000000  0.000000  -16.391915  12.136102  -2.500000  38.367975  9.735276  7.216565  -55.598726  -7.913408  41.860888  23.571951  117.004562
0.971923  0.000000  0.000000  0.000000  -16.391915  12.136102  0.000000  38.676288  8.178073  5.236569  -55.598726  -7.913408  41.860888  23.571951  117.004562
0.972157  0.000000  0.000000  0.000000  -16.391915  12.136102  2.500000  38.929178  6.611314  3.272020  -55.598726  -7.913408  41.860888  23.571951  117.004562
0.972391  0.000000  0.000000  0.000000  -16.391915  12.136102  5.000000  39.127304  5.036902  1.319913  -55.598726  -7.913408  41.860888  23.571951  117.004562
0.972625  0.000000  0.000000  0.000000  -16.391915  12.136102  7.500000  39.271190  3.456698  -0.622746  -55.598726  -7.913408  41.860888  23.571951  117.004562
0.972859  0.000000  0.000000  0.000000  -16.391915  12.136102  10.000000  39.361216  1.872543  -2.558926  -55.598726  -7.913408  41.860888  23.571951  117.004562
0.973093  0.000000  0.000000  0.000000  -16.391915  12.136102  12.500000  39.397635  0.286267  -4.491619  -55.598726  -7.913408  41.860888  23.571951  117.004562
0.973327  0.000000  0.000000  0.000000  -16.391915  12.136102  15.000000  39.380534  -1.300338  -6.423761  -55.598726  -7.913408  41.860888  23.571951  117.004562
0.973561  0.000000  0.000000  0.000000  -16.391915  12.136102  17.500000  39.309870  -2.885467  -8.358341  -55.598726  -7.913408  41.860888  23.571951  117.004562
0.973795  0.000000  0.000000  0.000000  -16.391915  12.136102  20.000000  39.185451  -4.467302  -10.298318  -55.598726  -7.913408  41.860888  23.571951  117.004562
0.974029  0.000000  0.000000  0.000000  -16.391915  12.136102  22.500000  39.006942  -6.044012  -12.246668  -55.598726  -7.913408  41.860888  23.571951  117.004562
0.974263  0.000000  0.000000  0.000000  -16.391915  12.136102  25.000000  38.773887  -7.613753  -14.206383  -55.598726  -7.913408  41.860888  23.571951  117.004562
0.974497  0.000000  0.000000  0.000000  -16.391915  12.136102  27.500000  38.485653  -9.174622  -16.180462  -55.598726  -7.913408  41.860888  23.571951  117.004562
0.974731  0.000000  0.000000  0.000000  -16.391915  12.136102  30.000000  38.141499  -10.724690  -18.171927  -55.598726  -7.913408  41.860888  23.571951  117.004562
0.974965  0.000000  0.000000  0.000000  -16.391915  12.136102  32.500000  37.740546  -12.261979  -20.183827  -55.598726  -7.913408  41.860888  23.571951  117.004562
0.975199  0.000000  0.000000  0.000000  -16.391915  12.136102  35.000000  37.281789  -13.784439  -22.219221  -55.598726  -7.913408  41.860888  23.571951  117.004562
0.975433  0.000000  0.000000  0.000000  -16.391915  12.136102  37.500000  36.764124  -15.289938  -24.281165  -55.598726  -7.913408  41.860888  23.571951  117.004562
0.975667  0.000000  0.000000  0.000000  -16.391915  12.136102  40.000000  36.186333  -16.776298  -26.372760  -55.598726  -7.913408  41.860888  23.571951  117.004562
0.975901  0.000000  0.000000  0.000000  -16.391915  12.136102  42.500000  35.547104  -18.241228  -28.497090  -55.598726  -7.913408  41.860888  23.571951  117.004562
0.976135  0.000000  0.000000  0.000000  -16.391915  12.136102  45.000000  34.845063  -19.682345  -30.657230  -55.598726  -7.913408  41.860888  23.571951  117.004562
0.976369  0.000000  0.000000  0.000000  -16.391915  12.136102  47.500000  34.078777  -21.097172  -32.856234  -55.598726  -7.913408  41.860888  23.571951  117.004562
0.976603  0.000000  0.000000  0.000000  -16.391915  12.136102  50.000000  33.246797  -22.483121  -35.097100  -55.598726  -7.913408  41.860888  23.571951  117.004562
0.976837  0.000000  0.000000  0.000000  -27.052650  6.567917  -10.000000  37.144305  4.842421  7.596434  -48.309776  -13.138226  31.407154  28.561805  121.861368
0.977071  0.000000  0.000000  0.000000  -27.052650  6.567917  -7.500000  37.286558  3.330235  5.600500  -48.309776  -13.138226  31.407154  28.561805  121.861368
0.977305  0.000000  0.000000  0.000000  -27.052650  6.567917  -5.000000  37.375874  1.814027  3.610694  -48.309776  -13.138226  31.407154  28.561805  121.861368
0.977539  0.000000  0.000000  0.000000  -27.052650  6.567917  -2.500000  37.412447  0.295636  1.624223  -48.309776  -13.138226  31.407154  28.561805  121.861368
0.977773  0.000000  0.000000  0.000000  -27.052650  6.567917  0.000000  37.396377  -1.223106  -0.361700  -48.309776  -13.138226  31.407154  28.561805  121.861368
0.978007  0.000000  0.000000  0.000000  -27.052650  6.567917  2.500000  37.327608  -2.740380  -2.349875  -48.309776  -13.138226  31.407154  28.561805  121.861368
0.978241  0.000000  0.000000  0.000000  -27.052650  6.567917  5.000000  37.205990  -4.254350  -4.343087  -48.309776  -13.138226  31.407154  28.561805  121.861368
0.978474  0.000000  0.000000  0.000000  -27.052650  6.567917  7.500000  37.031253  -5.763174  -6.344146  -48.309776  -13.138226  31.407154  28.561805  121.861368
0.978708  0.000000  0.000000  0.000000  -27.052650  6.567917  10.000000  36.802989  -7.264976  -8.355840  -48.309776  -13.138226  31.407154  28.561805  121.861368
0.978942  0.000000  0.000000  0.000000  -27.052650  6.567917  12.500000  36.520691  -8.757861  -10.380984  -48.309776  -13.138226  31.407154  28.561805  121.861368
0.979176  0.000000  0.000000  0.000000  -27.052650  6.567917  15.000000  36.183740  -10.239888  -12.422391  -48.309776  -13.138226  31.407154  28.561805  121.861368
0.979410  0.000000  0.000000  0.000000  -27.052650  6.567917  17.500000  35.791408  -11.709074  -14.482883  -48.309776  -13.138226  31.407154  28.561805  121.861368
0.979644  0.000000  0.000000  0.000000  -27.052650  6.567917  20.000000  35.342872  -13.163380  -16.565282  -48.309776  -13.138226  31.407154  28.561805  121.861368
0.979878  0.000000  0.000000  0.000000  -27.052650  6.567917  22.500000  34.837231  -14.600712  -18.672409  -48.309776  -13.138226  31.407154  28.561805  121.861368
0.980112  0.000000  0.000000  0.000000  -27.052650  6.567917  25.000000  34.273494  -16.018881  -20.807059  -48.309776  -13.138226  31.407154  28.561805  121.861368
0.980346  0.000000  0.000000  0.000000  -27.052650  6.567917  27.500000  33.650619  -17.415671  -22.972041  -48.309776  -13.138226  31.407154  28.561805  121.861368
0.980580  0.000000  0.000000  0.000000  -27.052650  6.567917  30.000000  32.967532  -18.788726  -25.170101  -48.309776  -13.138226  31.407154  28.561805  121.861368
0.980814  0.000000  0.000000  0.000000  -27.052650  6.567917  32.500000  32.223118  -20.135661  -27.403944  -48.309776  -13.138226  31.407154  28.561805  121.861368
0.981048  0.000000  0.000000  0.000000  -27.052650  6.567917  35.000000  31.416264  -21.453963  -29.676216  -48.309776  -13.138226  31.407154  28.561805  121.861368
0.981282  0.000000  0.000000  0.000000  -27.052650  6.567917  37.500000  30.545904  -22.741038  -31.989456  -48.309776  -13.138226  31.407154  28.561805  121.861368
0.981516  0.000000  0.000000  0.000000  -27.052650  6.567917  40.000000  29.611032  -23.994193  -34.346080  -48.309776  -13.138226  31.407154  28.561805  121.861368
0.981750  0.000000  0.000000  0.000000  -27.052650  6.567917  42.500000  28.610745  -25.210641  -36.748350  -48.309776  -13.138226  31.407154  28.561805  121.861368
0.981984  0.000000  0.000000  0.000000  -27.052650  6.567917  45.000000  27.544272  -26.387517  -39.198333  -48.309776  -13.138226  31.407154  28.561805  121.861368
0.982218  0.000000  0.000000  0.000000  -27.052650  6.567917  47.500000  26.411099  -27.521801  -41.697805  -48.309776  -13.138226  31.407154  28.561805  121.861368
0.982452  0.000000  0.000000  0.000000  -27.052650  6.567917  50.000000  25.210895  -28.610522  -44.248325  -48.309776  -13.138226  31.407154  28.561805  121.861368
0.982686  0.000000  0.000000  0.000000  -20.833718  11.817538  -10.000000  38.667530  6.482291  9.302883  -27.144792  -7.875639  46.995611  21.951473  110.509324
0.982920  0.000000  0.000000  0.000000  -20.833718  11.817538  -7.500000  38.862112  4.916826  7.343951  -27.144792  -7.875639  46.995611  21.951473  110.509324
0.983154  0.000000  0.000000  0.000000  -20.833718  11.817538  -5.000000  39.002585  3.345681  5.394230  -27.144792  -7.875639  46.995611  21.951473  110.509324
0.983388  0.000000  0.000000  0.000000  -20.833718  11.817538  -2.500000  39.089360  1.770658  3.450747  -27.144792  -7.875639  46.995611  21.951473  110.509324
0.983622  0.000000  0.000000  0.000000  -20.833718  11.817538  0.000000  39.122622  0.193617  1.510578  -27.144792  -7.875639  46.995611  21.951473  110.509324
0.983856  0.000000  0.000000  0.000000  -20.833718  11.817538  2.500000  39.102480  -1.383648  -0.429235  -27.144792  -7.875639  46.995611  21.951473  110.509324
0.984090  0.000000  0.000000  0.000000  -20.833718  11.817538  5.000000  39.028860  -2.959328  -2.371634  -27.144792  -7.875639  46.995611  21.951473  110.509324
0.984324  0.000000  0.000000  0.000000  -20.833718  11.817538  7.500000  38.901581  -4.531598  -4.319544  -27.144792  -7.875639  46.995611  21.951473  110.509324
0.984558  0.000000  0.000000  0.000000  -20.833718  11.817538  10.000000  38.720329  -6.098637  -6.275953  -27.144792  -7.875639  46.995611  21.951473  110.509324
0.984792  0.000000  0.000000  0.000000  -20.833718  11.817538  12.500000  38.484602  -7.658572  -8.243791  -27.144792  -7.875639  46.995611  21.951473  110.509324
0.985026  0.000000  0.000000  0.000000  -20.833718  11.817538  15.000000  38.193809  -9.209520  -10.226051  -27.144792  -7.875639  46.995611  21.951473  110.509324
0.985260  0.000000  0.000000  0.000000  -20.833718  11.817538  17.500000  37.847209  -10.749536  -12.225725  -27.144792  -7.875639  46.995611  21.951473  110.509324
0.985494  0.000000  0.000000  0.000000  -20.833718  11.817538  20.000000  37.443934  -12.276636  -14.245829  -27.144792  -7.875639  46.995611  21.951473  110.509324
0.985728  0.000000  0.000000  0.000000  -20.833718  11.817538  22.500000  36.983012  -13.788770  -16.289386  -27.144792  -7.875639  46.995611  21.951473  110.509324
0.985962  0.000000  0.000000  0.000000  -20.833718  11.817538  25.000000  36.463348  -15.283821  -18.359440  -27.144792  -7.875639  46.995611  21.951473  110.509324
0.986196  0.000000  0.000000  0.000000  -20.833718  11.817538  27.500000  35.883747  -16.759553  -20.459025  -27.144792  -7.875639  46.995611  21.951473  110.509324
0.986430  0.000000  0.000000  0.000000  -20.833718  11.817538  30.000000  35.242949  -18.213745  -22.591194  -27.144792  -7.875639  46.995611  21.951473  110.509324
0.986664  0.000000  0.000000  0.000000  -20.833718  11.817538  32.500000  34.539601  -19.643978  -24.758981  -27.144792  -7.875639  46.995611  21.951473  110.509324
0.986898  0.000000  0.000000  0.000000  -20.833718  11.817538  35.000000  33.772323  -21.047777  -26.965383  -27.144792  -7.875639  46.995611  21.951473  110.509324
0.987131  0.000000  0.000000  0.000000  -20.833718  11.817538  37.500000  32.939711  -22.422564  -29.213348  -27.144792  -7.875639  46.995611  21.951473  110.509324
0.987365  0.000000  0.000000  0.000000  -20.833718  11.817538  40.000000  32.040373  -23.765641  -31.505745  -27.144792  -7.875639  46.995611  21.951473  110.509324
0.987599  0.000000  0.000000  0.000000  -20.833718  11.817538  42.500000  31.072967  -25.074191  -33.845335  -27.144792  -7.875639  46.995611  21.951473  110.509324
0.987833  0.000000  0.000000  0.000000  -20.833718  11.817538  45.000000  30.036231  -26.345297  -36.234708  -27.144792  -7.875639  46.995611  21.951473  110.509324
0.988067  0.000000  0.000000  0.000000  -20.833718  11.817538  47.500000  28.929068  -27.575900  -38.676323  -27.144792  -7.875639  46.995611  21.951473  110.509324
0.988301  0.000000  0.000000  0.000000  -20.833718  11.817538  50.000000  27.750546  -28.762857  -41.172329  -27.144792  -7.875639  46.995611  21.951473  110.509324
0.988535  0.000000  0.000000  0.000000  -18.938391  0.192413  -10.000000  35.815028  4.884695  2.261967  -65.496218  -5.366210  23.317863  15.537129  129.155699
0.988769  0.000000  0.000000  0.000000  -18.938391  0.192413  -7.500000  35.962072  3.419018  0.231297  -65.496218  -5.366210  23.317863  15.537129  129.155699
0.989003  0.000000  0.000000  0.000000  -18.938391  0.192413  -5.000000  36.056896  1.949065  -1.793168  -65.496218  -5.366210  23.317863  15.537129  129.155699
0.989237  0.000000  0.000000  0.000000  -18.938391  0.192413  -2.500000  36.099682  0.476686  -3.814099  -65.496218  -5.366210  23.317863  15.537129  129.155699
0.989471  0.000000  0.000000  0.000000  -18.938391  0.192413  0.000000  36.090521  -0.996283  -5.834163  -65.496218  -5.366210  23.317863  15.537129  129.155699
0.989705  0.000000  0.000000  0.000000  -18.938391  0.192413  2.500000  36.029393  -2.468015  -7.856036  -65.496218  -5.366210  23.317863  15.537129  129.155699
0.989939  0.000000  0.000000  0.000000  -18.938391  0.192413  5.000000  35.916173  -3.936670  -9.882382  -65.496218  -5.366210  23.317863  15.537129  129.155699
0.990173  0.000000  0.000000  0.000000  -18.938391  0.192413  7.500000  35.750636  -5.400401  -11.915885  -65.496218  -5.366210  23.317863  15.537129  129.155699
0.990407  0.000000  0.000000  0.000000  -18.938391  0.192413  10.000000  35.532440  -6.857337  -13.959207  -65.496218  -5.366210  23.317863  15.537129  129.155699
0.990641  0.000000  0.000000  0.000000  -18.938391  0.192413  12.500000  35.261144  -8.305577  -16.015026  -65.496218  -5.366210  23.317863  15.537129  129.155699
0.990875  0.000000  0.000000  0.000000  -18.938391  0.192413  15.000000  34.936250  -9.743208  -18.086017  -65.496218  -5.366210  23.317863  15.537129  129.155699
0.991109  0.000000  0.000000  0.000000  -18.938391  0.192413  17.500000  34.557108  -11.168240  -20.174851  -65.496218  -5.366210  23.317863  15.537129  129.155699
0.991343  0.000000  0.000000  0.000000  -18.938391  0.192413  20.000000  34.123026  -12.578662  -22.284198  -65.496218  -5.366210  23.317863  15.537129  129.155699
0.991577  0.000000  0.000000  0.000000  -18.938391  0.192413  22.500000  33.633242  -13.972403  -24.416703  -65.496218  -5.366210  23.317863  15.537129  129.155699
0.991811  0.000000  0.000000  0.000000  -18.938391  0.192413  25.000000  33.086920  -15.347326  -26.575007  -65.496218  -5.366210  23.317863  15.537129  129.155699
0.992045  0.000000  0.000000  0.000000  -18.938391  0.192413  27.500000  32.483176  -16.701215  -28.761697  -65.496218  -5.366210  23.317863  15.537129  129.155699
0.992279  0.000000  0.000000  0.000000  -18.938391  0.192413  30.000000  31.821129  -18.031803  -30.979347  -65.496218  -5.366210  23.317863  15.537129  129.155699
0.992513  0.000000  0.000000  0.000000  -18.938391  0.192413  32.500000  31.099855  -19.336758  -33.230450  -65.496218  -5.366210  23.317863  15.537129  129.155699
0.992747  0.000000  0.000000  0.000000  -18.938391  0.192413  35.000000  30.318449  -20.613634  -35.517435  -65.496218  -5.366210  23.317863  15.537129  129.155699
0.992981  0.000000  0.000000  0.000000  -18.938391  0.192413  37.500000  29.476064  -21.859931  -37.842615  -65.496218  -5.366210  23.317863  15.537129  129.155699
0.993215  0.000000  0.000000  0.000000  -18.938391  0.192413  40.000000  28.571920  -23.073057  -40.208178  -65.496218  -5.366210  23.317863  15.537129  129.155699
0.993449  0.000000  0.000000  0.000000  -18.938391  0.192413  42.500000  27.605346  -24.250338  -42.616150  -65.496218  -5.366210  23.317863  15.537129  129.155699
0.993683  0.000000  0.000000  0.000000  -18.938391  0.192413  45.000000  26.575814  -25.389024  -45.068365  -65.496218  -5.366210  23.317863  15.537129  129.155699
0.993917  0.000000  0.000000  0.000000  -18.938391  0.192413  47.500000  25.482998  -26.486294  -47.566415  -65.496218  -5.366210  23.317863  15.537129  129.155699
0.994151  0.000000  0.000000  0.000000  -18.938391  0.192413  50.000000  24.326794  -27.539269  -50.111604  -65.496218  -5.366210  23.317863  15.537129  129.155699
0.994385  0.000000  0.000000  0.000000  -34.498767  13.701489  -10.000000  37.524976  11.565750  9.246983  -11.274996  -0.796771  21.434891  27.477339  112.236377
0.994619  0.000000  0.000000  0.000000  -34.498767  13.701489  -7.500000  37.902339  10.036301  7.233675  -11.274996  -0.796771  21.434891  27.477339  112.236377
0.994853  0.000000  0.000000  0.000000  -34.498767  13.701489  -5.000000  38.223504  8.494828  5.239376  -11.274996  -0.796771  21.434891  27.477339  112.236377
0.995087  0.000000  0.000000  0.000000  -34.498767  13.701489  -2.500000  38.489268  6.943294  3.261094  -11.274996  -0.796771  21.434891  27.477339  112.236377
0.995321  0.000000  0.000000  0.000000  -34.498767  13.701489  0.000000  38.700306  5.383618  1.295850  -11.274996  -0.796771  21.434891  27.477339  112.236377
0.995555  0.000000  0.000000  0.000000  -34.498767  13.701489  2.500000  38.857160  3.817677  -0.659317  -11.274996  -0.796771  21.434891  27.477339  112.236377
0.995788  0.000000  0.000000  0.000000  -34.498767  13.701489  5.000000  38.960239  2.247335  -2.607348  -11.274996  -0.796771  21.434891  27.477339  112.236377
0.996022  0.000000  0.000000  0.000000  -34.498767  13.701489  7.500000  39.009800  0.674388  -4.551190  -11.274996  -0.796771  21.434891  27.477339  112.236377
0.996256  0.000000  0.000000  0.000000  -34.498767  13.701489  10.000000  39.005987  -0.899337  -6.493789  -11.274996  -0.796771  21.434891  27.477339  112.236377
0.996490  0.000000  0.000000  0.000000  -34.498767  13.701489  12.500000  38.948790  -2.472028  -8.438064  -11.274996  -0.796771  21.434891  27.477339  112.236377
0.996724  0.000000  0.000000  0.000000  -34.498767  13.701489  15.000000  38.838050  -4.041863  -10.386936  -11.274996  -0.796771  21.434891  27.477339  112.236377
0.996958  0.000000  0.000000  0.000000  -34.498767  13.701489  17.500000  38.673467  -5.607015  -12.343357  -11.274996  -0.796771  21.434891  27.477339  112.236377
0.997192  0.000000  0.000000  0.000000  -34.498767  13.701489  20.000000  38.454633  -7.165638  -14.310280  -11.274996  -0.796771  21.434891  27.477339  112.236377
0.997426  0.000000  0.000000  0.000000  -34.498767  13.701489  22.500000  38.181001  -8.715855  -16.290673  -11.274996  -0.796771  21.434891  27.477339  112.236377
0.997660  0.000000  0.000000  0.000000  -34.498767  13.701489  25.000000  37.851857  -10.255730  -18.287503  -11.274996  -0.796771  21.434891  27.477339  112.236377
0.997894  0.000000  0.000000  0.000000  -34.498767  13.701489  27.500000  37.466390  -11.783296  -20.303773  -11.274996  -0.796771  21.434891  27.477339  112.236377
0.998128  0.000000  0.000000  0.000000  -34.498767  13.701489  30.000000  37.023656  -13.296526  -22.342495  -11.274996  -0.796771  21.434891  27.477339  112.236377
0.998362  0.000000  0.000000  0.000000  -34.498767  13.701489  32.500000  36.522620  -14.793310  -24.406680  -11.274996  -0.796771  21.434891  27.477339  112.236377
0.998596  0.000000  0.000000  0.000000  -34.498767  13.701489  35.000000  35.962121  -16.271491  -26.499367  -11.274996  -0.796771  21.434891  27.477339  112.236377
0.998830  0.000000  0.000000  0.000000  -34.498767  13.701489  37.500000  35.340941  -17.728802  -28.623586  -11.274996  -0.796771  21.434891  27.477339  112.236377
0.999064  0.000000  0.000000  0.000000  -34.498767  13.701489  40.000000  34.657771  -19.162893  -30.782349  -11.274996  -0.796771  21.434891  27.477339  112.236377
0.999298  0.000000  0.000000  0.000000  -34.498767  13.701489  42.500000  33.911237  -20.571326  -32.978660  -11.274996  -0.796771  21.434891  27.477339  112.236377
0.999532  0.000000  0.000000  0.000000  -34.498767  13.701489  45.000000  33.099971  -21.951558  -35.215456  -11.274996  -0.796771  21.434891  27.477339  112.236377
0.999766  0.000000  0.000000  0.000000  -34.498767  13.701489  47.500000  32.222596  -23.300931  -37.495611  -11.274996  -0.796771  21.434891  27.477339  112.236377
1.000000  0.000000  0.000000  0.000000  -34.498767  13.701489  50.000000  31.277767  -24.616671  -39.821901  -11.274996  -0.796771  21.434891  27.477339  112.236377
