simulation
nRows=1785
nColumns=15
endheader
time  TH_x TH_y TH_z SC_y  SC_z  SC_x  AC_y  AC_z  AC_x  GH_y  GH_z  GH_yy  EL_x  PS_y
0.000000  0.000000  0.000000  0.000000  3.057132  -7.966145  -20.738116  48.091670  9.117911  -4.272828  38.725248  11.220258  -26.287873  29.300104  91.324765
0.000561  0.000000  0.000000  0.000000  3.057132  -7.966145  -16.452402  48.468259  5.918354  -7.149301  38.725248  11.220258  -26.287873  29.300104  91.324765
0.001121  0.000000  0.000000  0.000000  3.057132  -7.966145  -12.166687  48.682123  2.704160  -9.992563  38.725248  11.220258  -26.287873  29.300104  91.324765
0.001682  0.000000  0.000000  0.000000  3.057132  -7.966145  -7.880973  48.736143  -0.516648  -12.820771  38.725248  11.220258  -26.287873  29.300104  91.324765
0.002242  0.000000  0.000000  0.000000  3.057132  -7.966145  -3.595259  48.631032  -3.736197  -15.651849  38.725248  11.220258  -26.287873  29.300104  91.324765
0.002803  0.000000  0.000000  0.000000  3.057132  -7.966145  0.690456  48.365391  -6.946584  -18.503766  38.725248  11.220258  -26.287873  29.300104  91.324765
0.003363  0.000000  0.000000  0.000000  3.057132  -7.966145  4.976170  47.935660  -10.139698  -21.394805  38.725248  11.220258  -26.287873  29.300104  91.324765
0.003924  0.000000  0.000000  0.000000  3.057132  -7.966145  9.261884  47.336096  -13.307030  -24.343853  38.725248  11.220258  -26.287873  29.300104  91.324765
0.004484  0.000000  0.000000  0.000000  3.057132  -7.966145  13.547598  46.558714  -16.439476  -27.370647  38.725248  11.220258  -26.287873  29.300104  91.324765
0.005045  0.000000  0.000000  0.000000  3.057132  -7.966145  17.833313  45.593216  -19.527106  -30.496016  38.725248  11.220258  -26.287873  29.300104  91.324765
0.005605  0.000000  0.000000  0.000000  3.057132  -7.966145  22.119027  44.426966  -22.558958  -33.742127  38.725248  11.220258  -26.287873  29.300104  91.324765
0.006166  0.000000  0.000000  0.000000  3.057132  -7.966145  26.404741  43.044959  -25.522763  -37.132528  38.725248  11.220258  -26.287873  29.300104  91.324765
0.006726  0.000000  0.000000  0.000000  3.057132  -7.966145  30.690456  41.429961  -28.404663  -40.692257  38.725248  11.220258  -26.287873  29.300104  91.324765
0.007287  0.000000  0.000000  0.000000  3.057132  -7.966145  34.976170  39.562760  -31.188919  -44.447636  38.725248  11.220258  -26.287873  29.300104  91.324765
0.007848  0.000000  0.000000  0.000000  3.057132  -7.966145  39.261884  37.422759  -33.857649  -48.425769  38.725248  11.220258  -26.287873  29.300104  91.324765
0.008408  0.000000  0.000000  0.000000  -3.724461  -11.655747  -20.738116  62.389263  26.372925  -2.656897  28.711850  9.983710  -16.401282  14.035268  79.214267
0.008969  0.000000  0.000000  0.000000  -3.724461  -11.655747  -16.452402  63.279997  22.559467  -4.806234  28.711850  9.983710  -16.401282  14.035268  79.214267
0.009529  0.000000  0.000000  0.000000  -3.724461  -11.655747  -12.166687  63.997120  18.718994  -6.839378  28.711850  9.983710  -16.401282  14.035268  79.214267
0.010090  0.000000  0.000000  0.000000  -3.724461  -11.655747  -7.880973  64.558547  14.857569  -8.781859  28.711850  9.983710  -16.401282  14.035268  79.214267
0.010650  0.000000  0.000000  0.000000  -3.724461  -11.655747  -3.595259  64.977806  10.980399  -10.655878  28.711850  9.983710  -16.401282  14.035268  79.214267
0.011211  0.000000  0.000000  0.000000  -3.724461  -11.655747  0.690456  65.264672  7.092066  -12.481181  28.711850  9.983710  -16.401282  14.035268  79.214267
0.011771  0.000000  0.000000  0.000000  -3.724461  -11.655747  4.976170  65.425698  3.196725  -14.275854  28.711850  9.983710  -16.401282  14.035268  79.214267
0.012332  0.000000  0.000000  0.000000  -3.724461  -11.655747  9.261884  65.464503  -0.701721  -16.056926  28.711850  9.983710  -16.401282  14.035268  79.214267
0.012892  0.000000  0.000000  0.000000  -3.724461  -11.655747  13.547598  65.381943  -4.599479  -17.840972  28.711850  9.983710  -16.401282  14.035268  79.214267
0.013453  0.000000  0.000000  0.000000  -3.724461  -11.655747  17.833313  65.176178  -8.492751  -19.644679  28.711850  9.983710  -16.401282  14.035268  79.214267
0.014013  0.000000  0.000000  0.000000  -3.724461  -11.655747  22.119027  64.842573  -12.377567  -21.485354  28.711850  9.983710  -16.401282  14.035268  79.214267
0.014574  0.000000  0.000000  0.000000  -3.724461  -11.655747  26.404741  64.373450  -16.249625  -23.381627  28.711850  9.983710  -16.401282  14.035268  79.214267
0.015135  0.000000  0.000000  0.000000  -3.724461  -11.655747  30.690456  63.757752  -20.104146  -25.354030  28.711850  9.983710  -16.401282  14.035268  79.214267
0.015695  0.000000  0.000000  0.000000  -3.724461  -11.655747  34.976170  62.980458  -23.935648  -27.425852  28.711850  9.983710  -16.401282  14.035268  79.214267
0.016256  0.000000  0.000000  0.000000  -3.724461  -11.655747  39.261884  62.021829  -27.737673  -29.624099  28.711850  9.983710  -16.401282  14.035268  79.214267
0.016816  0.000000  0.000000  0.000000  -10.377851  -8.402008  -20.843736  61.926247  31.824865  -5.605200  24.758829  23.110674  -21.608293  14.201921  84.993984
0.017377  0.000000  0.000000  0.000000  -10.377851  -8.402008  -16.558022  63.065969  28.022948  -7.888423  24.758829  23.110674  -21.608293  14.201921  84.993984
0.017937  0.000000  0.000000  0.000000  -10.377851  -8.402008  -12.272308  64.002296  24.185893  -10.015003  24.758829  23.110674  -21.608293  14.201921  84.993984
0.018498  0.000000  0.000000  0.000000  -10.377851  -8.402008  -7.986593  64.760902  20.321069  -12.016818  24.758829  23.110674  -21.608293  14.201921  84.993984
0.019058  0.000000  0.000000  0.000000  -10.377851  -8.402008  -3.700879  65.361527  16.434587  -13.920634  24.758829  23.110674  -21.608293  14.201921  84.993984
0.019619  0.000000  0.000000  0.000000  -10.377851  -8.402008  0.584835  65.819223  12.531611  -15.749522  24.758829  23.110674  -21.608293  14.201921  84.993984
0.020179  0.000000  0.000000  0.000000  -10.377851  -8.402008  4.870549  66.145017  8.616646  -17.523700  24.758829  23.110674  -21.608293  14.201921  84.993984
0.020740  0.000000  0.000000  0.000000  -10.377851  -8.402008  9.156264  66.346534  4.693702  -19.261411  24.758829  23.110674  -21.608293  14.201921  84.993984
0.021300  0.000000  0.000000  0.000000  -10.377851  -8.402008  13.441978  66.428432  0.766516  -20.979664  24.758829  23.110674  -21.608293  14.201921  84.993984
0.021861  0.000000  0.000000  0.000000  -10.377851  -8.402008  17.727692  66.392566  -3.161360  -22.694765  24.758829  23.110674  -21.608293  14.201921  84.993984
0.022422  0.000000  0.000000  0.000000  -10.377851  -8.402008  22.013407  66.238125  -7.086389  -24.422918  24.758829  23.110674  -21.608293  14.201921  84.993984
0.022982  0.000000  0.000000  0.000000  -10.377851  -8.402008  26.299121  65.961571  -11.004927  -26.180773  24.758829  23.110674  -21.608293  14.201921  84.993984
0.023543  0.000000  0.000000  0.000000  -10.377851  -8.402008  30.584835  65.556468  -14.913087  -27.986023  24.758829  23.110674  -21.608293  14.201921  84.993984
0.024103  0.000000  0.000000  0.000000  -10.377851  -8.402008  34.870549  65.013164  -18.806579  -29.858038  24.758829  23.110674  -21.608293  14.201921  84.993984
0.024664  0.000000  0.000000  0.000000  -10.377851  -8.402008  39.156264  64.318285  -22.680523  -31.818645  24.758829  23.110674  -21.608293  14.201921  84.993984
0.025224  0.000000  0.000000  0.000000  -0.776714  -10.480828  -18.650556  56.492417  20.089725  1.287396  20.375271  26.498185  -14.604023  18.549273  95.940939
0.025785  0.000000  0.000000  0.000000  -0.776714  -10.480828  -14.364842  57.267001  16.499739  -1.178584  20.375271  26.498185  -14.604023  18.549273  95.940939
0.026345  0.000000  0.000000  0.000000  -0.776714  -10.480828  -10.079128  57.869863  12.881934  -3.554284  20.375271  26.498185  -14.604023  18.549273  95.940939
0.026906  0.000000  0.000000  0.000000  -0.776714  -10.480828  -5.793413  58.312967  9.243323  -5.862074  20.375271  26.498185  -14.604023  18.549273  95.940939
0.027466  0.000000  0.000000  0.000000  -0.776714  -10.480828  -1.507699  58.604943  5.590277  -8.122505  20.375271  26.498185  -14.604023  18.549273  95.940939
0.028027  0.000000  0.000000  0.000000  -0.776714  -10.480828  2.778015  58.751406  1.928695  -10.354835  20.375271  26.498185  -14.604023  18.549273  95.940939
0.028587  0.000000  0.000000  0.000000  -0.776714  -10.480828  7.063730  58.755150  -1.735800  -12.577564  20.375271  26.498185  -14.604023  18.549273  95.940939
0.029148  0.000000  0.000000  0.000000  -0.776714  -10.480828  11.349444  58.616246  -5.397674  -14.808932  20.375271  26.498185  -14.604023  18.549273  95.940939
0.029709  0.000000  0.000000  0.000000  -0.776714  -10.480828  15.635158  58.332042  -9.051307  -17.067423  20.375271  26.498185  -14.604023  18.549273  95.940939
0.030269  0.000000  0.000000  0.000000  -0.776714  -10.480828  19.920872  57.897087  -12.690837  -19.372210  20.375271  26.498185  -14.604023  18.549273  95.940939
0.030830  0.000000  0.000000  0.000000  -0.776714  -10.480828  24.206587  57.302899  -16.309918  -21.743783  20.375271  26.498185  -14.604023  18.549273  95.940939
0.031390  0.000000  0.000000  0.000000  -0.776714  -10.480828  28.492301  56.537717  -19.901554  -24.204418  20.375271  26.498185  -14.604023  18.549273  95.940939
0.031951  0.000000  0.000000  0.000000  -0.776714  -10.480828  32.778015  55.586080  -23.457807  -26.778867  20.375271  26.498185  -14.604023  18.549273  95.940939
0.032511  0.000000  0.000000  0.000000  -0.776714  -10.480828  37.063730  54.428289  -26.969470  -29.495060  20.375271  26.498185  -14.604023  18.549273  95.940939
0.033072  0.000000  0.000000  0.000000  -0.776714  -10.480828  41.349444  53.039788  -30.425768  -32.384850  20.375271  26.498185  -14.604023  18.549273  95.940939
0.033632  0.000000  0.000000  0.000000  -0.555075  -6.407478  -17.024168  68.103202  40.168003  -0.467306  32.859085  28.885379  -25.365682  22.115610  89.613327
0.034193  0.000000  0.000000  0.000000  -0.555075  -6.407478  -12.738454  69.326778  36.174154  -2.445840  32.859085  28.885379  -25.365682  22.115610  89.613327
0.034753  0.000000  0.000000  0.000000  -0.555075  -6.407478  -8.452739  70.330194  32.150926  -4.231528  32.859085  28.885379  -25.365682  22.115610  89.613327
0.035314  0.000000  0.000000  0.000000  -0.555075  -6.407478  -4.167025  71.150952  28.104754  -5.865627  32.859085  28.885379  -25.365682  22.115610  89.613327
0.035874  0.000000  0.000000  0.000000  -0.555075  -6.407478  0.118689  71.817212  24.040628  -7.380515  32.859085  28.885379  -25.365682  22.115610  89.613327
0.036435  0.000000  0.000000  0.000000  -0.555075  -6.407478  4.404403  72.350174  19.962517  -8.802179  32.859085  28.885379  -25.365682  22.115610  89.613327
0.036996  0.000000  0.000000  0.000000  -0.555075  -6.407478  8.690118  72.765733  15.873659  -10.151985  32.859085  28.885379  -25.365682  22.115610  89.613327
0.037556  0.000000  0.000000  0.000000  -0.555075  -6.407478  12.975832  73.075629  11.776766  -11.447958  32.859085  28.885379  -25.365682  22.115610  89.613327
0.038117  0.000000  0.000000  0.000000  -0.555075  -6.407478  17.261546  73.288255  7.674197  -12.705769  32.859085  28.885379  -25.365682  22.115610  89.613327
0.038677  0.000000  0.000000  0.000000  -0.555075  -6.407478  21.547261  73.409179  3.568037  -13.939493  32.859085  28.885379  -25.365682  22.115610  89.613327
0.039238  0.000000  0.000000  0.000000  -0.555075  -6.407478  25.832975  73.441510  -0.539757  -15.162220  32.859085  28.885379  -25.365682  22.115610  89.613327
0.039798  0.000000  0.000000  0.000000  -0.555075  -6.407478  30.118689  73.386071  -4.647308  -16.386604  32.859085  28.885379  -25.365682  22.115610  89.613327
0.040359  0.000000  0.000000  0.000000  -0.555075  -6.407478  34.404403  73.241444  -8.752715  -17.625359  32.859085  28.885379  -25.365682  22.115610  89.613327
0.040919  0.000000  0.000000  0.000000  -0.555075  -6.407478  38.690118  73.003907  -12.854008  -18.891783  32.859085  28.885379  -25.365682  22.115610  89.613327
0.041480  0.000000  0.000000  0.000000  -0.555075  -6.407478  42.975832  72.667178  -16.949027  -20.200303  32.859085  28.885379  -25.365682  22.115610  89.613327
0.042040  0.000000  0.000000  0.000000  -7.394813  -7.868643  -17.024168  68.527941  34.664911  -1.209493  13.858511  33.131161  -5.285980  22.478003  97.385694
0.042601  0.000000  0.000000  0.000000  -7.394813  -7.868643  -12.738454  69.512159  30.662920  -3.031866  13.858511  33.131161  -5.285980  22.478003  97.385694
0.043161  0.000000  0.000000  0.000000  -7.394813  -7.868643  -8.452739  70.316675  26.637538  -4.708695  13.858511  33.131161  -5.285980  22.478003  97.385694
0.043722  0.000000  0.000000  0.000000  -7.394813  -7.868643  -4.167025  70.967839  22.593834  -6.270949  13.858511  33.131161  -5.285980  22.478003  97.385694
0.044283  0.000000  0.000000  0.000000  -7.394813  -7.868643  0.118689  71.485529  18.535877  -7.743754  13.858511  33.131161  -5.285980  22.478003  97.385694
0.044843  0.000000  0.000000  0.000000  -7.394813  -7.868643  4.404403  71.884690  14.467057  -9.148069  13.858511  33.131161  -5.285980  22.478003  97.385694
0.045404  0.000000  0.000000  0.000000  -7.394813  -7.868643  8.690118  72.176228  10.390203  -10.501718  13.858511  33.131161  -5.285980  22.478003  97.385694
0.045964  0.000000  0.000000  0.000000  -7.394813  -7.868643  12.975832  72.367829  6.307823  -11.820397  13.858511  33.131161  -5.285980  22.478003  97.385694
0.046525  0.000000  0.000000  0.000000  -7.394813  -7.868643  17.261546  72.464429  2.222175  -13.118440  13.858511  33.131161  -5.285980  22.478003  97.385694
0.047085  0.000000  0.000000  0.000000  -7.394813  -7.868643  21.547261  72.468461  -1.864594  -14.409305  13.858511  33.131161  -5.285980  22.478003  97.385694
0.047646  0.000000  0.000000  0.000000  -7.394813  -7.868643  25.832975  72.380021  -5.950419  -15.706187  13.858511  33.131161  -5.285980  22.478003  97.385694
0.048206  0.000000  0.000000  0.000000  -7.394813  -7.868643  30.118689  72.196888  -10.033174  -17.022517  13.858511  33.131161  -5.285980  22.478003  97.385694
0.048767  0.000000  0.000000  0.000000  -7.394813  -7.868643  34.404403  71.914364  -14.110608  -18.372494  13.858511  33.131161  -5.285980  22.478003  97.385694
0.049327  0.000000  0.000000  0.000000  -7.394813  -7.868643  38.690118  71.525018  -18.180245  -19.771682  13.858511  33.131161  -5.285980  22.478003  97.385694
0.049888  0.000000  0.000000  0.000000  -7.394813  -7.868643  42.975832  71.018221  -22.239271  -21.237722  13.858511  33.131161  -5.285980  22.478003  97.385694
0.050448  0.000000  0.000000  0.000000  -5.786302  -8.040604  -17.024168  68.690286  35.938605  -2.535678  20.363744  34.211784  -30.510050  16.274911  98.706336
0.051009  0.000000  0.000000  0.000000  -5.786302  -8.040604  -12.738454  69.714686  31.931740  -4.369444  20.363744  34.211784  -30.510050  16.274911  98.706336
0.051570  0.000000  0.000000  0.000000  -5.786302  -8.040604  -8.452739  70.553093  27.900745  -6.049385  20.363744  34.211784  -30.510050  16.274911  98.706336
0.052130  0.000000  0.000000  0.000000  -5.786302  -8.040604  -4.167025  71.233868  23.850849  -7.608223  20.363744  34.211784  -30.510050  16.274911  98.706336
0.052691  0.000000  0.000000  0.000000  -5.786302  -8.040604  0.118689  71.778357  19.786221  -9.072243  20.363744  34.211784  -30.510050  16.274911  98.706336
0.053251  0.000000  0.000000  0.000000  -5.786302  -8.040604  4.404403  72.202664  15.710277  -10.463209  20.363744  34.211784  -30.510050  16.274911  98.706336
0.053812  0.000000  0.000000  0.000000  -5.786302  -8.040604  8.690118  72.518631  11.625872  -11.799459  20.363744  34.211784  -30.510050  16.274911  98.706336
0.054372  0.000000  0.000000  0.000000  -5.786302  -8.040604  12.975832  72.734731  7.535502  -13.096981  20.363744  34.211784  -30.510050  16.274911  98.706336
0.054933  0.000000  0.000000  0.000000  -5.786302  -8.040604  17.261546  72.856588  3.441373  -14.370180  20.363744  34.211784  -30.510050  16.274911  98.706336
0.055493  0.000000  0.000000  0.000000  -5.786302  -8.040604  21.547261  72.887314  -0.654425  -15.632465  20.363744  34.211784  -30.510050  16.274911  98.706336
0.056054  0.000000  0.000000  0.000000  -5.786302  -8.040604  25.832975  72.827657  -4.749912  -16.896809  20.363744  34.211784  -30.510050  16.274911  98.706336
0.056614  0.000000  0.000000  0.000000  -5.786302  -8.040604  30.118689  72.676135  -8.843063  -18.176300  20.363744  34.211784  -30.510050  16.274911  98.706336
0.057175  0.000000  0.000000  0.000000  -5.786302  -8.040604  34.404403  72.428865  -12.931788  -19.484557  20.363744  34.211784  -30.510050  16.274911  98.706336
0.057735  0.000000  0.000000  0.000000  -5.786302  -8.040604  38.690118  72.079351  -17.013772  -20.836450  20.363744  34.211784  -30.510050  16.274911  98.706336
0.058296  0.000000  0.000000  0.000000  -5.786302  -8.040604  42.975832  71.618112  -21.086434  -22.248626  20.363744  34.211784  -30.510050  16.274911  98.706336
0.058857  0.000000  0.000000  0.000000  -25.818204  -5.401630  -17.024168  67.945303  36.485763  -4.792777  36.667740  30.181320  -7.162023  29.143529  90.414223
0.059417  0.000000  0.000000  0.000000  -25.818204  -5.401630  -12.738454  69.025721  32.498220  -6.699379  36.667740  30.181320  -7.162023  29.143529  90.414223
0.059978  0.000000  0.000000  0.000000  -25.818204  -5.401630  -8.452739  69.911228  28.484385  -8.443366  36.667740  30.181320  -7.162023  29.143529  90.414223
0.060538  0.000000  0.000000  0.000000  -25.818204  -5.401630  -4.167025  70.631845  24.449935  -10.059140  36.667740  30.181320  -7.162023  29.143529  90.414223
0.061099  0.000000  0.000000  0.000000  -25.818204  -5.401630  0.118689  71.210207  20.399386  -11.574285  36.667740  30.181320  -7.162023  29.143529  90.414223
0.061659  0.000000  0.000000  0.000000  -25.818204  -5.401630  4.404403  71.663435  16.336421  -13.011590  36.667740  30.181320  -7.162023  29.143529  90.414223
0.062220  0.000000  0.000000  0.000000  -25.818204  -5.401630  8.690118  72.004188  12.264117  -14.390207  36.667740  30.181320  -7.162023  29.143529  90.414223
0.062780  0.000000  0.000000  0.000000  -25.818204  -5.401630  12.975832  72.241602  8.185148  -15.726773  36.667740  30.181320  -7.162023  29.143529  90.414223
0.063341  0.000000  0.000000  0.000000  -25.818204  -5.401630  17.261546  72.381825  4.101862  -17.036174  36.667740  30.181320  -7.162023  29.143529  90.414223
0.063901  0.000000  0.000000  0.000000  -25.818204  -5.401630  21.547261  72.428427  0.016472  -18.332242  36.667740  30.181320  -7.162023  29.143529  90.414223
0.064462  0.000000  0.000000  0.000000  -25.818204  -5.401630  25.832975  72.382572  -4.068929  -19.628257  36.667740  30.181320  -7.162023  29.143529  90.414223
0.065022  0.000000  0.000000  0.000000  -25.818204  -5.401630  30.118689  72.243109  -8.152230  -20.937506  36.667740  30.181320  -7.162023  29.143529  90.414223
0.065583  0.000000  0.000000  0.000000  -25.818204  -5.401630  34.404403  72.006506  -12.231255  -22.273788  36.667740  30.181320  -7.162023  29.143529  90.414223
0.066143  0.000000  0.000000  0.000000  -25.818204  -5.401630  38.690118  71.666617  -16.303618  -23.651998  36.667740  30.181320  -7.162023  29.143529  90.414223
0.066704  0.000000  0.000000  0.000000  -25.818204  -5.401630  42.975832  71.214343  -20.366671  -25.088753  36.667740  30.181320  -7.162023  29.143529  90.414223
0.067265  0.000000  0.000000  0.000000  -0.037305  3.760029  -15.128956  53.937661  22.235804  0.558134  24.614243  52.275151  -17.133030  12.746046  93.886682
0.067825  0.000000  0.000000  0.000000  -0.037305  3.760029  -10.843241  54.870453  18.750245  -2.104590  24.614243  52.275151  -17.133030  12.746046  93.886682
0.068386  0.000000  0.000000  0.000000  -0.037305  3.760029  -6.557527  55.617279  15.228551  -4.658911  24.614243  52.275151  -17.133030  12.746046  93.886682
0.068946  0.000000  0.000000  0.000000  -0.037305  3.760029  -2.271813  56.192280  11.678960  -7.128766  24.614243  52.275151  -17.133030  12.746046  93.886682
0.069507  0.000000  0.000000  0.000000  -0.037305  3.760029  2.013901  56.606145  8.108798  -9.535914  24.614243  52.275151  -17.133030  12.746046  93.886682
0.070067  0.000000  0.000000  0.000000  -0.037305  3.760029  6.299616  56.866487  4.524755  -11.900573  24.614243  52.275151  -17.133030  12.746046  93.886682
0.070628  0.000000  0.000000  0.000000  -0.037305  3.760029  10.585330  56.978026  0.933131  -14.241896  24.614243  52.275151  -17.133030  12.746046  93.886682
0.071188  0.000000  0.000000  0.000000  -0.037305  3.760029  14.871044  56.942791  -2.660057  -16.578421  24.614243  52.275151  -17.133030  12.746046  93.886682
0.071749  0.000000  0.000000  0.000000  -0.037305  3.760029  19.156759  56.760145  -6.248801  -18.928616  24.614243  52.275151  -17.133030  12.746046  93.886682
0.072309  0.000000  0.000000  0.000000  -0.037305  3.760029  23.442473  56.426776  -9.826970  -21.311253  24.614243  52.275151  -17.133030  12.746046  93.886682
0.072870  0.000000  0.000000  0.000000  -0.037305  3.760029  27.728187  55.936596  -13.388116  -23.745930  24.614243  52.275151  -17.133030  12.746046  93.886682
0.073430  0.000000  0.000000  0.000000  -0.037305  3.760029  32.013901  55.280542  -16.925266  -26.253545  24.614243  52.275151  -17.133030  12.746046  93.886682
0.073991  0.000000  0.000000  0.000000  -0.037305  3.760029  36.299616  54.446325  -20.430680  -28.856837  24.614243  52.275151  -17.133030  12.746046  93.886682
0.074552  0.000000  0.000000  0.000000  -0.037305  3.760029  40.585330  53.418033  -23.895619  -31.580939  24.614243  52.275151  -17.133030  12.746046  93.886682
0.075112  0.000000  0.000000  0.000000  -0.037305  3.760029  44.871044  52.175725  -27.309949  -34.454041  24.614243  52.275151  -17.133030  12.746046  93.886682
0.075673  0.000000  0.000000  0.000000  -2.893058  -2.636388  -15.128956  66.840324  30.890531  1.398676  16.722567  49.015534  -22.807410  29.853640  92.179001
0.076233  0.000000  0.000000  0.000000  -2.893058  -2.636388  -10.843241  67.754364  26.936467  -0.490569  16.722567  49.015534  -22.807410  29.853640  92.179001
0.076794  0.000000  0.000000  0.000000  -2.893058  -2.636388  -6.557527  68.497503  22.958961  -2.251263  16.722567  49.015534  -22.807410  29.853640  92.179001
0.077354  0.000000  0.000000  0.000000  -2.893058  -2.636388  -2.271813  69.091640  18.963136  -3.910987  16.722567  49.015534  -22.807410  29.853640  92.179001
0.077915  0.000000  0.000000  0.000000  -2.893058  -2.636388  2.013901  69.553319  14.953232  -5.492783  16.722567  49.015534  -22.807410  29.853640  92.179001
0.078475  0.000000  0.000000  0.000000  -2.893058  -2.636388  6.299616  69.894809  10.932841  -7.016377  16.722567  49.015534  -22.807410  29.853640  92.179001
0.079036  0.000000  0.000000  0.000000  -2.893058  -2.636388  10.585330  70.124839  6.905108  -8.499108  16.722567  49.015534  -22.807410  29.853640  92.179001
0.079596  0.000000  0.000000  0.000000  -2.893058  -2.636388  14.871044  70.249152  2.872873  -9.956760  16.722567  49.015534  -22.807410  29.853640  92.179001
0.080157  0.000000  0.000000  0.000000  -2.893058  -2.636388  19.156759  70.270785  -1.161204  -11.404135  16.722567  49.015534  -22.807410  29.853640  92.179001
0.080717  0.000000  0.000000  0.000000  -2.893058  -2.636388  23.442473  70.190265  -5.194539  -12.855653  16.722567  49.015534  -22.807410  29.853640  92.179001
0.081278  0.000000  0.000000  0.000000  -2.893058  -2.636388  27.728187  70.005629  -9.224516  -14.325891  16.722567  49.015534  -22.807410  29.853640  92.179001
0.081839  0.000000  0.000000  0.000000  -2.893058  -2.636388  32.013901  69.712318  -13.248386  -15.830132  16.722567  49.015534  -22.807410  29.853640  92.179001
0.082399  0.000000  0.000000  0.000000  -2.893058  -2.636388  36.299616  69.302920  -17.263149  -17.384974  16.722567  49.015534  -22.807410  29.853640  92.179001
0.082960  0.000000  0.000000  0.000000  -2.893058  -2.636388  40.585330  68.766741  -21.265423  -19.009035  16.722567  49.015534  -22.807410  29.853640  92.179001
0.083520  0.000000  0.000000  0.000000  -2.893058  -2.636388  44.871044  68.089161  -25.251270  -20.723813  16.722567  49.015534  -22.807410  29.853640  92.179001
0.084081  0.000000  0.000000  0.000000  -5.186421  3.479610  -15.128956  52.874159  16.515446  4.138580  4.304445  44.536219  -29.181228  29.148766  91.402765
0.084641  0.000000  0.000000  0.000000  -5.186421  3.479610  -10.843241  53.552517  13.082510  1.484458  4.304445  44.536219  -29.181228  29.148766  91.402765
0.085202  0.000000  0.000000  0.000000  -5.186421  3.479610  -6.557527  54.060878  9.623215  -1.096424  4.304445  44.536219  -29.181228  29.148766  91.402765
0.085762  0.000000  0.000000  0.000000  -5.186421  3.479610  -2.271813  54.407915  6.145153  -3.624818  4.304445  44.536219  -29.181228  29.148766  91.402765
0.086323  0.000000  0.000000  0.000000  -5.186421  3.479610  2.013901  54.599496  2.655372  -6.120291  4.304445  44.536219  -29.181228  29.148766  91.402765
0.086883  0.000000  0.000000  0.000000  -5.186421  3.479610  6.299616  54.638844  -0.839404  -8.601679  4.304445  44.536219  -29.181228  29.148766  91.402765
0.087444  0.000000  0.000000  0.000000  -5.186421  3.479610  10.585330  54.526614  -4.332614  -11.087517  4.304445  44.536219  -29.181228  29.148766  91.402765
0.088004  0.000000  0.000000  0.000000  -5.186421  3.479610  14.871044  54.260927  -7.817619  -13.596419  4.304445  44.536219  -29.181228  29.148766  91.402765
0.088565  0.000000  0.000000  0.000000  -5.186421  3.479610  19.156759  53.837303  -11.287575  -16.147518  4.304445  44.536219  -29.181228  29.148766  91.402765
0.089126  0.000000  0.000000  0.000000  -5.186421  3.479610  23.442473  53.248548  -14.735198  -18.760902  4.304445  44.536219  -29.181228  29.148766  91.402765
0.089686  0.000000  0.000000  0.000000  -5.186421  3.479610  27.728187  52.484584  -18.152570  -21.458026  4.304445  44.536219  -29.181228  29.148766  91.402765
0.090247  0.000000  0.000000  0.000000  -5.186421  3.479610  32.013901  51.532202  -21.530864  -24.262200  4.304445  44.536219  -29.181228  29.148766  91.402765
0.090807  0.000000  0.000000  0.000000  -5.186421  3.479610  36.299616  50.374767  -24.860072  -27.199056  4.304445  44.536219  -29.181228  29.148766  91.402765
0.091368  0.000000  0.000000  0.000000  -5.186421  3.479610  40.585330  48.991894  -28.128729  -30.297007  4.304445  44.536219  -29.181228  29.148766  91.402765
0.091928  0.000000  0.000000  0.000000  -5.186421  3.479610  44.871044  47.359229  -31.323386  -33.587699  4.304445  44.536219  -29.181228  29.148766  91.402765
0.092489  0.000000  0.000000  0.000000  -12.614748  -5.937685  -15.128956  58.016775  18.262981  1.641629  10.502147  47.941667  -22.139867  27.172027  84.235636
0.093049  0.000000  0.000000  0.000000  -12.614748  -5.937685  -10.843241  58.680631  14.614206  -0.702756  10.502147  47.941667  -22.139867  27.172027  84.235636
0.093610  0.000000  0.000000  0.000000  -12.614748  -5.937685  -6.557527  59.182479  10.942781  -2.970238  10.502147  47.941667  -22.139867  27.172027  84.235636
0.094170  0.000000  0.000000  0.000000  -12.614748  -5.937685  -2.271813  59.532475  7.255043  -5.182039  10.502147  47.941667  -22.139867  27.172027  84.235636
0.094731  0.000000  0.000000  0.000000  -12.614748  -5.937685  2.013901  59.737587  3.556783  -7.357796  10.502147  47.941667  -22.139867  27.172027  84.235636
0.095291  0.000000  0.000000  0.000000  -12.614748  -5.937685  6.299616  59.801850  -0.146545  -9.516132  10.502147  47.941667  -22.139867  27.172027  84.235636
0.095852  0.000000  0.000000  0.000000  -12.614748  -5.937685  10.585330  59.726514  -3.849672  -11.675181  10.502147  47.941667  -22.139867  27.172027  84.235636
0.096413  0.000000  0.000000  0.000000  -12.614748  -5.937685  14.871044  59.510131  -7.547301  -13.853110  10.502147  47.941667  -22.139867  27.172027  84.235636
0.096973  0.000000  0.000000  0.000000  -12.614748  -5.937685  19.156759  59.148414  -11.233966  -16.068582  10.502147  47.941667  -22.139867  27.172027  84.235636
0.097534  0.000000  0.000000  0.000000  -12.614748  -5.937685  23.442473  58.634162  -14.903839  -18.341350  10.502147  47.941667  -22.139867  27.172027  84.235636
0.098094  0.000000  0.000000  0.000000  -12.614748  -5.937685  27.728187  57.956951  -18.550531  -20.692785  10.502147  47.941667  -22.139867  27.172027  84.235636
0.098655  0.000000  0.000000  0.000000  -12.614748  -5.937685  32.013901  57.102761  -22.166856  -23.146529  10.502147  47.941667  -22.139867  27.172027  84.235636
0.099215  0.000000  0.000000  0.000000  -12.614748  -5.937685  36.299616  56.053462  -25.744531  -25.729224  10.502147  47.941667  -22.139867  27.172027  84.235636
0.099776  0.000000  0.000000  0.000000  -12.614748  -5.937685  40.585330  54.786114  -29.273839  -28.471319  10.502147  47.941667  -22.139867  27.172027  84.235636
0.100336  0.000000  0.000000  0.000000  -12.614748  -5.937685  44.871044  53.272307  -32.743194  -31.408002  10.502147  47.941667  -22.139867  27.172027  84.235636
0.100897  0.000000  0.000000  0.000000  -15.439982  -9.356766  -15.128956  68.092593  29.567294  -6.499034  31.198747  33.617497  -32.380474  25.087635  90.379022
0.101457  0.000000  0.000000  0.000000  -15.439982  -9.356766  -10.843241  68.913102  25.579357  -8.270448  31.198747  33.617497  -32.380474  25.087635  90.379022
0.102018  0.000000  0.000000  0.000000  -15.439982  -9.356766  -6.557527  69.576170  21.571475  -9.927192  31.198747  33.617497  -32.380474  25.087635  90.379022
0.102578  0.000000  0.000000  0.000000  -15.439982  -9.356766  -2.271813  70.101229  17.548095  -11.494465  31.198747  33.617497  -32.380474  25.087635  90.379022
0.103139  0.000000  0.000000  0.000000  -15.439982  -9.356766  2.013901  70.502860  13.512934  -12.993456  31.198747  33.617497  -32.380474  25.087635  90.379022
0.103700  0.000000  0.000000  0.000000  -15.439982  -9.356766  6.299616  70.791712  9.469158  -14.442423  31.198747  33.617497  -32.380474  25.087635  90.379022
0.104260  0.000000  0.000000  0.000000  -15.439982  -9.356766  10.585330  70.975187  5.419575  -15.857586  31.198747  33.617497  -32.380474  25.087635  90.379022
0.104821  0.000000  0.000000  0.000000  -15.439982  -9.356766  14.871044  71.057889  1.366747  -17.253870  31.198747  33.617497  -32.380474  25.087635  90.379022
0.105381  0.000000  0.000000  0.000000  -15.439982  -9.356766  19.156759  71.041850  -2.686892  -18.645433  31.198747  33.617497  -32.380474  25.087635  90.379022
0.105942  0.000000  0.000000  0.000000  -15.439982  -9.356766  23.442473  70.926667  -6.738927  -20.046286  31.198747  33.617497  -32.380474  25.087635  90.379022
0.106502  0.000000  0.000000  0.000000  -15.439982  -9.356766  27.728187  70.709506  -10.786910  -21.470771  31.198747  33.617497  -32.380474  25.087635  90.379022
0.107063  0.000000  0.000000  0.000000  -15.439982  -9.356766  32.013901  70.384888  -14.828205  -22.934158  31.198747  33.617497  -32.380474  25.087635  90.379022
0.107623  0.000000  0.000000  0.000000  -15.439982  -9.356766  36.299616  69.944405  -18.859899  -24.453257  31.198747  33.617497  -32.380474  25.087635  90.379022
0.108184  0.000000  0.000000  0.000000  -15.439982  -9.356766  40.585330  69.376210  -22.878668  -26.047178  31.198747  33.617497  -32.380474  25.087635  90.379022
0.108744  0.000000  0.000000  0.000000  -15.439982  -9.356766  44.871044  68.664268  -26.880586  -27.738270  31.198747  33.617497  -32.380474  25.087635  90.379022
0.109305  0.000000  0.000000  0.000000  -19.934678  -7.430587  -15.128956  63.669757  22.210215  -4.767888  30.639725  30.855908  -27.838910  18.716473  96.122280
0.109865  0.000000  0.000000  0.000000  -19.934678  -7.430587  -10.843241  64.364024  18.357272  -6.769252  30.639725  30.855908  -27.838910  18.716473  96.122280
0.110426  0.000000  0.000000  0.000000  -19.934678  -7.430587  -6.557527  64.905351  14.484346  -8.682910  30.639725  30.855908  -27.838910  18.716473  96.122280
0.110987  0.000000  0.000000  0.000000  -19.934678  -7.430587  -2.271813  65.306820  10.596480  -10.530682  30.639725  30.855908  -27.838910  18.716473  96.122280
0.111547  0.000000  0.000000  0.000000  -19.934678  -7.430587  2.013901  65.577828  6.698112  -12.331996  30.639725  30.855908  -27.838910  18.716473  96.122280
0.112108  0.000000  0.000000  0.000000  -19.934678  -7.430587  6.299616  65.724573  2.793290  -14.104686  30.639725  30.855908  -27.838910  18.716473  96.122280
0.112668  0.000000  0.000000  0.000000  -19.934678  -7.430587  10.585330  65.750405  -1.114186  -15.865615  30.639725  30.855908  -27.838910  18.716473  96.122280
0.113229  0.000000  0.000000  0.000000  -19.934678  -7.430587  14.871044  65.655864  -5.020606  -17.631222  30.639725  30.855908  -27.838910  18.716473  96.122280
0.113789  0.000000  0.000000  0.000000  -19.934678  -7.430587  19.156759  65.438831  -8.922221  -19.418137  30.639725  30.855908  -27.838910  18.716473  96.122280
0.114350  0.000000  0.000000  0.000000  -19.934678  -7.430587  23.442473  65.094391  -12.815123  -21.243657  30.639725  30.855908  -27.838910  18.716473  96.122280
0.114910  0.000000  0.000000  0.000000  -19.934678  -7.430587  27.728187  64.614542  -16.695047  -23.126484  30.639725  30.855908  -27.838910  18.716473  96.122280
0.115471  0.000000  0.000000  0.000000  -19.934678  -7.430587  32.013901  63.987862  -20.557241  -25.087302  30.639725  30.855908  -27.838910  18.716473  96.122280
0.116031  0.000000  0.000000  0.000000  -19.934678  -7.430587  36.299616  63.198893  -24.396230  -27.149650  30.639725  30.855908  -27.838910  18.716473  96.122280
0.116592  0.000000  0.000000  0.000000  -19.934678  -7.430587  40.585330  62.227343  -28.205549  -29.340924  30.639725  30.855908  -27.838910  18.716473  96.122280
0.117152  0.000000  0.000000  0.000000  -19.934678  -7.430587  44.871044  61.046981  -31.977389  -31.693620  30.639725  30.855908  -27.838910  18.716473  96.122280
0.117713  0.000000  0.000000  0.000000  -29.583196  -2.084739  -13.051483  66.662167  25.646518  2.699373  29.102803  57.083352  -2.552298  28.587463  82.863502
0.118274  0.000000  0.000000  0.000000  -29.583196  -2.084739  -8.765769  67.395794  21.700288  0.873477  29.102803  57.083352  -2.552298  28.587463  82.863502
0.118834  0.000000  0.000000  0.000000  -29.583196  -2.084739  -4.480055  67.979223  17.735140  -0.854635  29.102803  57.083352  -2.552298  28.587463  82.863502
0.119395  0.000000  0.000000  0.000000  -29.583196  -2.084739  -0.194340  68.428094  13.755528  -2.507668  29.102803  57.083352  -2.552298  28.587463  82.863502
0.119955  0.000000  0.000000  0.000000  -29.583196  -2.084739  4.091374  68.753937  9.765270  -4.105277  29.102803  57.083352  -2.552298  28.587463  82.863502
0.120516  0.000000  0.000000  0.000000  -29.583196  -2.084739  8.377088  68.964844  5.767743  -5.664945  29.102803  57.083352  -2.552298  28.587463  82.863502
0.121076  0.000000  0.000000  0.000000  -29.583196  -2.084739  12.662802  69.065936  1.766029  -7.202743  29.102803  57.083352  -2.552298  28.587463  82.863502
0.121637  0.000000  0.000000  0.000000  -29.583196  -2.084739  16.948517  69.059646  -2.236949  -8.733922  29.102803  57.083352  -2.552298  28.587463  82.863502
0.122197  0.000000  0.000000  0.000000  -29.583196  -2.084739  21.234231  68.945804  -6.238320  -10.273491  29.102803  57.083352  -2.552298  28.587463  82.863502
0.122758  0.000000  0.000000  0.000000  -29.583196  -2.084739  25.519945  68.721694  -10.235156  -11.836769  29.102803  57.083352  -2.552298  28.587463  82.863502
0.123318  0.000000  0.000000  0.000000  -29.583196  -2.084739  29.805660  68.381860  -14.224344  -13.439953  29.102803  57.083352  -2.552298  28.587463  82.863502
0.123879  0.000000  0.000000  0.000000  -29.583196  -2.084739  34.091374  67.917831  -18.202464  -15.100749  29.102803  57.083352  -2.552298  28.587463  82.863502
0.124439  0.000000  0.000000  0.000000  -29.583196  -2.084739  38.377088  67.317630  -22.165631  -16.839119  29.102803  57.083352  -2.552298  28.587463  82.863502
0.125000  0.000000  0.000000  0.000000  -29.583196  -2.084739  42.662802  66.565081  -26.109303  -18.678194  29.102803  57.083352  -2.552298  28.587463  82.863502
0.125561  0.000000  0.000000  0.000000  -29.583196  -2.084739  46.948517  65.638821  -30.028022  -20.645442  29.102803  57.083352  -2.552298  28.587463  82.863502
0.126121  0.000000  0.000000  0.000000  -8.472386  -5.134768  -13.051483  70.664150  30.988116  1.158603  17.276657  38.380137  -20.675157  22.063134  95.759129
0.126682  0.000000  0.000000  0.000000  -8.472386  -5.134768  -8.765769  71.434771  26.934397  -0.431789  17.276657  38.380137  -20.675157  22.063134  95.759129
0.127242  0.000000  0.000000  0.000000  -8.472386  -5.134768  -4.480055  72.058155  22.864094  -1.911427  17.276657  38.380137  -20.675157  22.063134  95.759129
0.127803  0.000000  0.000000  0.000000  -8.472386  -5.134768  -0.194340  72.553774  18.780908  -3.304730  17.276657  38.380137  -20.675157  22.063134  95.759129
0.128363  0.000000  0.000000  0.000000  -8.472386  -5.134768  4.091374  72.936181  14.687888  -4.631923  17.276657  38.380137  -20.675157  22.063134  95.759129
0.128924  0.000000  0.000000  0.000000  -8.472386  -5.134768  8.377088  73.216041  10.587604  -5.910203  17.276657  38.380137  -20.675157  22.063134  95.759129
0.129484  0.000000  0.000000  0.000000  -8.472386  -5.134768  12.662802  73.400861  6.482306  -7.154662  17.276657  38.380137  -20.675157  22.063134  95.759129
0.130045  0.000000  0.000000  0.000000  -8.472386  -5.134768  16.948517  73.495454  2.374024  -8.378981  17.276657  38.380137  -20.675157  22.063134  95.759129
0.130605  0.000000  0.000000  0.000000  -8.472386  -5.134768  21.234231  73.502242  -1.735333  -9.596030  17.276657  38.380137  -20.675157  22.063134  95.759129
0.131166  0.000000  0.000000  0.000000  -8.472386  -5.134768  25.519945  73.421397  -5.843904  -10.818389  17.276657  38.380137  -20.675157  22.063134  95.759129
0.131726  0.000000  0.000000  0.000000  -8.472386  -5.134768  29.805660  73.250855  -9.949795  -12.058845  17.276657  38.380137  -20.675157  22.063134  95.759129
0.132287  0.000000  0.000000  0.000000  -8.472386  -5.134768  34.091374  72.986187  -14.051000  -13.330921  17.276657  38.380137  -20.675157  22.063134  95.759129
0.132848  0.000000  0.000000  0.000000  -8.472386  -5.134768  38.377088  72.620334  -18.145309  -14.649443  17.276657  38.380137  -20.675157  22.063134  95.759129
0.133408  0.000000  0.000000  0.000000  -8.472386  -5.134768  42.662802  72.143157  -22.230207  -16.031233  17.276657  38.380137  -20.675157  22.063134  95.759129
0.133969  0.000000  0.000000  0.000000  -8.472386  -5.134768  46.948517  71.540770  -26.302737  -17.495972  17.276657  38.380137  -20.675157  22.063134  95.759129
0.134529  0.000000  0.000000  0.000000  -7.731355  -7.927757  -13.051483  66.369909  30.183223  -5.101507  4.795077  37.343751  -28.564786  23.072406  92.354221
0.135090  0.000000  0.000000  0.000000  -7.731355  -7.927757  -8.765769  67.275277  26.242994  -7.015329  4.795077  37.343751  -28.564786  23.072406  92.354221
0.135650  0.000000  0.000000  0.000000  -7.731355  -7.927757  -4.480055  68.010351  22.279085  -8.803102  4.795077  37.343751  -28.564786  23.072406  92.354221
0.136211  0.000000  0.000000  0.000000  -7.731355  -7.927757  -0.194340  68.596332  18.296688  -10.491958  4.795077  37.343751  -28.564786  23.072406  92.354221
0.136771  0.000000  0.000000  0.000000  -7.731355  -7.927757  4.091374  69.049234  14.300126  -12.104692  4.795077  37.343751  -28.564786  23.072406  92.354221
0.137332  0.000000  0.000000  0.000000  -7.731355  -7.927757  8.377088  69.380896  10.293079  -13.660929  4.795077  37.343751  -28.564786  23.072406  92.354221
0.137892  0.000000  0.000000  0.000000  -7.731355  -7.927757  12.662802  69.599672  6.278787  -15.178021  4.795077  37.343751  -28.564786  23.072406  92.354221
0.138453  0.000000  0.000000  0.000000  -7.731355  -7.927757  16.948517  69.710959  2.260194  -16.671863  4.795077  37.343751  -28.564786  23.072406  92.354221
0.139013  0.000000  0.000000  0.000000  -7.731355  -7.927757  21.234231  69.717451  -1.759922  -18.157442  4.795077  37.343751  -28.564786  23.072406  92.354221
0.139574  0.000000  0.000000  0.000000  -7.731355  -7.927757  25.519945  69.619298  -5.778853  -19.649451  4.795077  37.343751  -28.564786  23.072406  92.354221
0.140135  0.000000  0.000000  0.000000  -7.731355  -7.927757  29.805660  69.414131  -9.793835  -21.162815  4.795077  37.343751  -28.564786  23.072406  92.354221
0.140695  0.000000  0.000000  0.000000  -7.731355  -7.927757  34.091374  69.096914  -13.801954  -22.713264  4.795077  37.343751  -28.564786  23.072406  92.354221
0.141256  0.000000  0.000000  0.000000  -7.731355  -7.927757  38.377088  68.659670  -17.800011  -24.317949  4.795077  37.343751  -28.564786  23.072406  92.354221
0.141816  0.000000  0.000000  0.000000  -7.731355  -7.927757  42.662802  68.091030  -21.784389  -25.996165  4.795077  37.343751  -28.564786  23.072406  92.354221
0.142377  0.000000  0.000000  0.000000  -7.731355  -7.927757  46.948517  67.375546  -25.750861  -27.770254  4.795077  37.343751  -28.564786  23.072406  92.354221
0.142937  0.000000  0.000000  0.000000  -19.582542  -9.366417  -10.639208  65.644904  22.344389  -8.295925  13.041792  44.965698  -24.393267  31.250374  101.896371
0.143498  0.000000  0.000000  0.000000  -19.582542  -9.366417  -6.353494  66.293816  18.429762  -10.157449  13.041792  44.965698  -24.393267  31.250374  101.896371
0.144058  0.000000  0.000000  0.000000  -19.582542  -9.366417  -2.067779  66.798150  14.497804  -11.935801  13.041792  44.965698  -24.393267  31.250374  101.896371
0.144619  0.000000  0.000000  0.000000  -19.582542  -9.366417  2.217935  67.170586  10.552940  -13.651960  13.041792  44.965698  -24.393267  31.250374  101.896371
0.145179  0.000000  0.000000  0.000000  -19.582542  -9.366417  6.503649  67.420167  6.599055  -15.324535  13.041792  44.965698  -24.393267  31.250374  101.896371
0.145740  0.000000  0.000000  0.000000  -19.582542  -9.366417  10.789364  67.552816  2.639684  -16.970559  13.041792  44.965698  -24.393267  31.250374  101.896371
0.146300  0.000000  0.000000  0.000000  -19.582542  -9.366417  15.075078  67.571641  -1.321847  -18.606114  13.041792  44.965698  -24.393267  31.250374  101.896371
0.146861  0.000000  0.000000  0.000000  -19.582542  -9.366417  19.360792  67.477069  -5.282298  -20.246901  13.041792  44.965698  -24.393267  31.250374  101.896371
0.147422  0.000000  0.000000  0.000000  -19.582542  -9.366417  23.646506  67.266900  -9.238387  -21.908813  13.041792  44.965698  -24.393267  31.250374  101.896371
0.147982  0.000000  0.000000  0.000000  -19.582542  -9.366417  27.932221  66.936179  -13.186665  -23.608496  13.041792  44.965698  -24.393267  31.250374  101.896371
0.148543  0.000000  0.000000  0.000000  -19.582542  -9.366417  32.217935  66.476941  -17.123377  -25.363963  13.041792  44.965698  -24.393267  31.250374  101.896371
0.149103  0.000000  0.000000  0.000000  -19.582542  -9.366417  36.503649  65.877782  -21.044300  -27.195311  13.041792  44.965698  -24.393267  31.250374  101.896371
0.149664  0.000000  0.000000  0.000000  -19.582542  -9.366417  40.789364  65.123250  -24.944552  -29.125584  13.041792  44.965698  -24.393267  31.250374  101.896371
0.150224  0.000000  0.000000  0.000000  -19.582542  -9.366417  45.075078  64.192923  -28.818301  -31.181805  13.041792  44.965698  -24.393267  31.250374  101.896371
0.150785  0.000000  0.000000  0.000000  -19.582542  -9.366417  49.360792  63.060254  -32.658492  -33.396402  13.041792  44.965698  -24.393267  31.250374  101.896371
0.151345  0.000000  0.000000  0.000000  -21.701942  3.413398  -10.639208  57.705572  17.141868  -0.682073  27.464751  50.111202  -20.946056  27.742178  92.235540
0.151906  0.000000  0.000000  0.000000  -21.701942  3.413398  -6.353494  58.327898  13.506185  -3.035395  27.464751  50.111202  -20.946056  27.742178  92.235540
0.152466  0.000000  0.000000  0.000000  -21.701942  3.413398  -2.067779  58.790159  9.849213  -5.317775  27.464751  50.111202  -20.946056  27.742178  92.235540
0.153027  0.000000  0.000000  0.000000  -21.701942  3.413398  2.217935  59.101543  6.177245  -7.549964  27.464751  50.111202  -20.946056  27.742178  92.235540
0.153587  0.000000  0.000000  0.000000  -21.701942  3.413398  6.503649  59.268086  2.496133  -9.751343  27.464751  50.111202  -20.946056  27.742178  92.235540
0.154148  0.000000  0.000000  0.000000  -21.701942  3.413398  10.789364  59.293098  -1.188654  -11.940395  27.464751  50.111202  -20.946056  27.742178  92.235540
0.154709  0.000000  0.000000  0.000000  -21.701942  3.413398  15.075078  59.176989  -4.871708  -14.135307  27.464751  50.111202  -20.946056  27.742178  92.235540
0.155269  0.000000  0.000000  0.000000  -21.701942  3.413398  19.360792  58.917547  -8.547562  -16.354410  27.464751  50.111202  -20.946056  27.742178  92.235540
0.155830  0.000000  0.000000  0.000000  -21.701942  3.413398  23.646506  58.509719  -12.210544  -18.616686  27.464751  50.111202  -20.946056  27.742178  92.235540
0.156390  0.000000  0.000000  0.000000  -21.701942  3.413398  27.932221  57.945450  -15.854543  -20.942344  27.464751  50.111202  -20.946056  27.742178  92.235540
0.156951  0.000000  0.000000  0.000000  -21.701942  3.413398  32.217935  57.213417  -19.472827  -23.353345  27.464751  50.111202  -20.946056  27.742178  92.235540
0.157511  0.000000  0.000000  0.000000  -21.701942  3.413398  36.503649  56.298608  -23.057779  -25.874070  27.464751  50.111202  -20.946056  27.742178  92.235540
0.158072  0.000000  0.000000  0.000000  -21.701942  3.413398  40.789364  55.181799  -26.600582  -28.532048  27.464751  50.111202  -20.946056  27.742178  92.235540
0.158632  0.000000  0.000000  0.000000  -21.701942  3.413398  45.075078  53.838876  -30.090877  -31.358747  27.464751  50.111202  -20.946056  27.742178  92.235540
0.159193  0.000000  0.000000  0.000000  -21.701942  3.413398  49.360792  52.240136  -33.516291  -34.390478  27.464751  50.111202  -20.946056  27.742178  92.235540
0.159753  0.000000  0.000000  0.000000  -28.131860  6.276703  -8.370903  62.474645  24.067503  2.648640  4.193002  41.743148  -8.736388  15.076116  85.645024
0.160314  0.000000  0.000000  0.000000  -28.131860  6.276703  -4.085189  63.270903  20.252769  0.539011  4.193002  41.743148  -8.736388  15.076116  85.645024
0.160874  0.000000  0.000000  0.000000  -28.131860  6.276703  0.200525  63.902950  16.414033  -1.469036  4.193002  41.743148  -8.736388  15.076116  85.645024
0.161435  0.000000  0.000000  0.000000  -28.131860  6.276703  4.486240  64.386022  12.556952  -3.399045  4.193002  41.743148  -8.736388  15.076116  85.645024
0.161996  0.000000  0.000000  0.000000  -28.131860  6.276703  8.771954  64.731455  8.686490  -5.271868  4.193002  41.743148  -8.736388  15.076116  85.645024
0.162556  0.000000  0.000000  0.000000  -28.131860  6.276703  13.057668  64.947124  4.807068  -7.106329  4.193002  41.743148  -8.736388  15.076116  85.645024
0.163117  0.000000  0.000000  0.000000  -28.131860  6.276703  17.343383  65.037822  0.922820  -8.919979  4.193002  41.743148  -8.736388  15.076116  85.645024
0.163677  0.000000  0.000000  0.000000  -28.131860  6.276703  21.629097  65.005590  -2.962373  -10.729674  4.193002  41.743148  -8.736388  15.076116  85.645024
0.164238  0.000000  0.000000  0.000000  -28.131860  6.276703  25.914811  64.849711  -6.844587  -12.552123  4.193002  41.743148  -8.736388  15.076116  85.645024
0.164798  0.000000  0.000000  0.000000  -28.131860  6.276703  30.200525  64.566712  -10.719830  -14.404469  4.193002  41.743148  -8.736388  15.076116  85.645024
0.165359  0.000000  0.000000  0.000000  -28.131860  6.276703  34.486240  64.150202  -14.583846  -16.304863  4.193002  41.743148  -8.736388  15.076116  85.645024
0.165919  0.000000  0.000000  0.000000  -28.131860  6.276703  38.771954  63.590569  -18.431954  -18.273088  4.193002  41.743148  -8.736388  15.076116  85.645024
0.166480  0.000000  0.000000  0.000000  -28.131860  6.276703  43.057668  62.874503  -22.258855  -20.331305  4.193002  41.743148  -8.736388  15.076116  85.645024
0.167040  0.000000  0.000000  0.000000  -28.131860  6.276703  47.343383  61.984335  -26.058384  -22.504943  4.193002  41.743148  -8.736388  15.076116  85.645024
0.167601  0.000000  0.000000  0.000000  -28.131860  6.276703  51.629097  60.897131  -29.823193  -24.823772  4.193002  41.743148  -8.736388  15.076116  85.645024
0.168161  0.000000  0.000000  0.000000  -8.296289  6.272274  -8.370903  58.155869  24.509387  5.068222  23.741576  42.266679  -40.753417  12.038343  92.071379
0.168722  0.000000  0.000000  0.000000  -8.296289  6.272274  -4.085189  59.088835  20.849857  2.650125  23.741576  42.266679  -40.753417  12.038343  92.071379
0.169283  0.000000  0.000000  0.000000  -8.296289  6.272274  0.200525  59.839132  17.158006  0.347496  23.741576  42.266679  -40.753417  12.038343  92.071379
0.169843  0.000000  0.000000  0.000000  -8.296289  6.272274  4.486240  60.423283  13.441094  -1.864899  23.741576  42.266679  -40.753417  12.038343  92.071379
0.170404  0.000000  0.000000  0.000000  -8.296289  6.272274  8.771954  60.853814  9.705462  -4.009499  23.741576  42.266679  -40.753417  12.038343  92.071379
0.170964  0.000000  0.000000  0.000000  -8.296289  6.272274  13.057668  61.139740  5.956785  -6.106650  23.741576  42.266679  -40.753417  12.038343  92.071379
0.171525  0.000000  0.000000  0.000000  -8.296289  6.272274  17.343383  61.286964  2.200296  -8.175300  23.741576  42.266679  -40.753417  12.038343  92.071379
0.172085  0.000000  0.000000  0.000000  -8.296289  6.272274  21.629097  61.298493  -1.559047  -10.233545  23.741576  42.266679  -40.753417  12.038343  92.071379
0.172646  0.000000  0.000000  0.000000  -8.296289  6.272274  25.914811  61.174550  -5.316370  -12.299157  23.741576  42.266679  -40.753417  12.038343  92.071379
0.173206  0.000000  0.000000  0.000000  -8.296289  6.272274  30.200525  60.912613  -9.066732  -14.390154  23.741576  42.266679  -40.753417  12.038343  92.071379
0.173767  0.000000  0.000000  0.000000  -8.296289  6.272274  34.486240  60.507306  -12.804982  -16.525250  23.741576  42.266679  -40.753417  12.038343  92.071379
0.174327  0.000000  0.000000  0.000000  -8.296289  6.272274  38.771954  59.950145  -16.525516  -18.724558  23.741576  42.266679  -40.753417  12.038343  92.071379
0.174888  0.000000  0.000000  0.000000  -8.296289  6.272274  43.057668  59.229244  -20.222129  -21.010090  23.741576  42.266679  -40.753417  12.038343  92.071379
0.175448  0.000000  0.000000  0.000000  -8.296289  6.272274  47.343383  58.328812  -23.887743  -23.406551  23.741576  42.266679  -40.753417  12.038343  92.071379
0.176009  0.000000  0.000000  0.000000  -8.296289  6.272274  51.629097  57.228491  -27.514074  -25.942165  23.741576  42.266679  -40.753417  12.038343  92.071379
0.176570  0.000000  0.000000  0.000000  -11.380029  -0.650922  -8.370903  60.955092  20.780736  -6.131238  25.356038  60.019348  -11.638940  12.482801  91.562318
0.177130  0.000000  0.000000  0.000000  -11.380029  -0.650922  -4.085189  61.659930  17.020793  -8.305734  25.356038  60.019348  -11.638940  12.482801  91.562318
0.177691  0.000000  0.000000  0.000000  -11.380029  -0.650922  0.200525  62.205395  13.238666  -10.394237  25.356038  60.019348  -11.638940  12.482801  91.562318
0.178251  0.000000  0.000000  0.000000  -11.380029  -0.650922  4.486240  62.603694  9.440090  -12.418648  25.356038  60.019348  -11.638940  12.482801  91.562318
0.178812  0.000000  0.000000  0.000000  -11.380029  -0.650922  8.771954  62.863527  5.630196  -14.398793  25.356038  60.019348  -11.638940  12.482801  91.562318
0.179372  0.000000  0.000000  0.000000  -11.380029  -0.650922  13.057668  62.990472  1.813707  -16.353092  25.356038  60.019348  -11.638940  12.482801  91.562318
0.179933  0.000000  0.000000  0.000000  -11.380029  -0.650922  17.343383  62.987224  -2.004880  -18.299151  25.356038  60.019348  -11.638940  12.482801  91.562318
0.180493  0.000000  0.000000  0.000000  -11.380029  -0.650922  21.629097  62.853712  -5.821146  -20.254322  25.356038  60.019348  -11.638940  12.482801  91.562318
0.181054  0.000000  0.000000  0.000000  -11.380029  -0.650922  25.914811  62.587103  -9.630589  -22.236236  25.356038  60.019348  -11.638940  12.482801  91.562318
0.181614  0.000000  0.000000  0.000000  -11.380029  -0.650922  30.200525  62.181671  -13.428467  -24.263370  25.356038  60.019348  -11.638940  12.482801  91.562318
0.182175  0.000000  0.000000  0.000000  -11.380029  -0.650922  34.486240  61.628549  -17.209625  -26.355635  25.356038  60.019348  -11.638940  12.482801  91.562318
0.182735  0.000000  0.000000  0.000000  -11.380029  -0.650922  38.771954  60.915337  -20.968292  -28.535062  25.356038  60.019348  -11.638940  12.482801  91.562318
0.183296  0.000000  0.000000  0.000000  -11.380029  -0.650922  43.057668  60.025545  -24.697834  -30.826587  25.356038  60.019348  -11.638940  12.482801  91.562318
0.183857  0.000000  0.000000  0.000000  -11.380029  -0.650922  47.343383  58.937851  -28.390442  -33.258991  25.356038  60.019348  -11.638940  12.482801  91.562318
0.184417  0.000000  0.000000  0.000000  -11.380029  -0.650922  51.629097  57.625092  -32.036760  -35.866005  25.356038  60.019348  -11.638940  12.482801  91.562318
0.184978  0.000000  0.000000  0.000000  -6.468598  6.962675  -6.076296  59.887761  23.685230  5.941965  -4.132066  49.002354  -30.810763  22.156864  100.741828
0.185538  0.000000  0.000000  0.000000  -6.468598  6.962675  -1.790582  60.738122  19.961514  3.655942  -4.132066  49.002354  -30.810763  22.156864  100.741828
0.186099  0.000000  0.000000  0.000000  -6.468598  6.962675  2.495133  61.415358  16.209896  1.475841  -4.132066  49.002354  -30.810763  22.156864  100.741828
0.186659  0.000000  0.000000  0.000000  -6.468598  6.962675  6.780847  61.934797  12.436866  -0.622462  -4.132066  49.002354  -30.810763  22.156864  100.741828
0.187220  0.000000  0.000000  0.000000  -6.468598  6.962675  11.066561  62.307930  8.648146  -2.660505  -4.132066  49.002354  -30.810763  22.156864  100.741828
0.187780  0.000000  0.000000  0.000000  -6.468598  6.962675  15.352275  62.542805  4.848854  -4.657850  -4.132066  49.002354  -30.810763  22.156864  100.741828
0.188341  0.000000  0.000000  0.000000  -6.468598  6.962675  19.637990  62.644373  1.043793  -6.632808  -4.132066  49.002354  -30.810763  22.156864  100.741828
0.188901  0.000000  0.000000  0.000000  -6.468598  6.962675  23.923704  62.614803  -2.762532  -8.602992  -4.132066  49.002354  -30.810763  22.156864  100.741828
0.189462  0.000000  0.000000  0.000000  -6.468598  6.962675  28.209418  62.453466  -6.565566  -10.585854  -4.132066  49.002354  -30.810763  22.156864  100.741828
0.190022  0.000000  0.000000  0.000000  -6.468598  6.962675  32.495133  62.156957  -10.360685  -12.599250  -4.132066  49.002354  -30.810763  22.156864  100.741828
0.190583  0.000000  0.000000  0.000000  -6.468598  6.962675  36.780847  61.718942  -14.142983  -14.661987  -4.132066  49.002354  -30.810763  22.156864  100.741828
0.191143  0.000000  0.000000  0.000000  -6.468598  6.962675  41.066561  61.129885  -17.907092  -16.794424  -4.132066  49.002354  -30.810763  22.156864  100.741828
0.191704  0.000000  0.000000  0.000000  -6.468598  6.962675  45.352275  60.376631  -21.646977  -19.019167  -4.132066  49.002354  -30.810763  22.156864  100.741828
0.192265  0.000000  0.000000  0.000000  -6.468598  6.962675  49.637990  59.441834  -25.355675  -21.361877  -4.132066  49.002354  -30.810763  22.156864  100.741828
0.192825  0.000000  0.000000  0.000000  -6.468598  6.962675  53.923704  58.303155  -29.024965  -23.852209  -4.132066  49.002354  -30.810763  22.156864  100.741828
0.193386  0.000000  0.000000  0.000000  -15.177734  -2.563769  -6.076296  68.138264  22.367097  -1.329181  15.252936  63.249455  -17.751970  22.618385  95.061552
0.193946  0.000000  0.000000  0.000000  -15.177734  -2.563769  -1.790582  68.723662  18.381185  -3.009515  15.252936  63.249455  -17.751970  22.618385  95.061552
0.194507  0.000000  0.000000  0.000000  -15.177734  -2.563769  2.495133  69.176380  14.381195  -4.613675  15.252936  63.249455  -17.751970  22.618385  95.061552
0.195067  0.000000  0.000000  0.000000  -15.177734  -2.563769  6.780847  69.508292  10.370782  -6.161263  15.252936  63.249455  -17.751970  22.618385  95.061552
0.195628  0.000000  0.000000  0.000000  -15.177734  -2.563769  11.066561  69.727792  6.353155  -7.669608  15.252936  63.249455  -17.751970  22.618385  95.061552
0.196188  0.000000  0.000000  0.000000  -15.177734  -2.563769  15.352275  69.840296  2.331228  -9.154536  15.252936  63.249455  -17.751970  22.618385  95.061552
0.196749  0.000000  0.000000  0.000000  -15.177734  -2.563769  19.637990  69.848535  -1.692253  -10.630987  15.252936  63.249455  -17.751970  22.618385  95.061552
0.197309  0.000000  0.000000  0.000000  -15.177734  -2.563769  23.923704  69.752706  -5.714606  -12.113585  15.252936  63.249455  -17.751970  22.618385  95.061552
0.197870  0.000000  0.000000  0.000000  -15.177734  -2.563769  28.209418  69.550489  -9.733106  -13.617184  15.252936  63.249455  -17.751970  22.618385  95.061552
0.198430  0.000000  0.000000  0.000000  -15.177734  -2.563769  32.495133  69.236911  -13.744871  -15.157427  15.252936  63.249455  -17.751970  22.618385  95.061552
0.198991  0.000000  0.000000  0.000000  -15.177734  -2.563769  36.780847  68.804076  -17.746747  -16.751362  15.252936  63.249455  -17.751970  22.618385  95.061552
0.199552  0.000000  0.000000  0.000000  -15.177734  -2.563769  41.066561  68.240703  -21.735161  -18.418172  15.252936  63.249455  -17.751970  22.618385  95.061552
0.200112  0.000000  0.000000  0.000000  -15.177734  -2.563769  45.352275  67.531463  -25.705944  -20.180061  15.252936  63.249455  -17.751970  22.618385  95.061552
0.200673  0.000000  0.000000  0.000000  -15.177734  -2.563769  49.637990  66.656014  -29.654093  -22.063388  15.252936  63.249455  -17.751970  22.618385  95.061552
0.201233  0.000000  0.000000  0.000000  -15.177734  -2.563769  53.923704  65.587653  -33.573456  -24.100158  15.252936  63.249455  -17.751970  22.618385  95.061552
0.201794  0.000000  0.000000  0.000000  -4.033096  1.542808  -6.076296  65.549661  25.383112  6.193152  1.731017  52.579399  -26.823376  16.082487  102.012726
0.202354  0.000000  0.000000  0.000000  -4.033096  1.542808  -1.790582  66.307420  21.469704  4.288440  1.731017  52.579399  -26.823376  16.082487  102.012726
0.202915  0.000000  0.000000  0.000000  -4.033096  1.542808  2.495133  66.910313  17.535862  2.483771  1.731017  52.579399  -26.823376  16.082487  102.012726
0.203475  0.000000  0.000000  0.000000  -4.033096  1.542808  6.780847  67.374125  13.586387  0.755998  1.731017  52.579399  -26.823376  16.082487  102.012726
0.204036  0.000000  0.000000  0.000000  -4.033096  1.542808  11.066561  67.710517  9.625407  -0.914991  1.731017  52.579399  -26.823376  16.082487  102.012726
0.204596  0.000000  0.000000  0.000000  -4.033096  1.542808  15.352275  67.927681  5.656579  -2.547153  1.731017  52.579399  -26.823376  16.082487  102.012726
0.205157  0.000000  0.000000  0.000000  -4.033096  1.542808  19.637990  68.030793  1.683253  -4.157029  1.731017  52.579399  -26.823376  16.082487  102.012726
0.205717  0.000000  0.000000  0.000000  -4.033096  1.542808  23.923704  68.022282  -2.291396  -5.760347  1.731017  52.579399  -26.823376  16.082487  102.012726
0.206278  0.000000  0.000000  0.000000  -4.033096  1.542808  28.209418  67.901939  -6.264238  -7.372601  1.731017  52.579399  -26.823376  16.082487  102.012726
0.206839  0.000000  0.000000  0.000000  -4.033096  1.542808  32.495133  67.666937  -10.232088  -9.009606  1.731017  52.579399  -26.823376  16.082487  102.012726
0.207399  0.000000  0.000000  0.000000  -4.033096  1.542808  36.780847  67.311660  -14.191554  -10.688073  1.731017  52.579399  -26.823376  16.082487  102.012726
0.207960  0.000000  0.000000  0.000000  -4.033096  1.542808  41.066561  66.827417  -18.138919  -12.426243  1.731017  52.579399  -26.823376  16.082487  102.012726
0.208520  0.000000  0.000000  0.000000  -4.033096  1.542808  45.352275  66.201963  -22.069964  -14.244632  1.731017  52.579399  -26.823376  16.082487  102.012726
0.209081  0.000000  0.000000  0.000000  -4.033096  1.542808  49.637990  65.418822  -25.979767  -16.166947  1.731017  52.579399  -26.823376  16.082487  102.012726
0.209641  0.000000  0.000000  0.000000  -4.033096  1.542808  53.923704  64.456260  -29.862426  -18.221199  1.731017  52.579399  -26.823376  16.082487  102.012726
0.210202  0.000000  0.000000  0.000000  -31.573107  5.679671  -3.391428  68.079516  30.543469  1.701394  26.240979  45.656864  -39.230811  23.707609  89.869714
0.210762  0.000000  0.000000  0.000000  -31.573107  5.679671  0.894286  68.934250  26.555412  -0.085862  26.240979  45.656864  -39.230811  23.707609  89.869714
0.211323  0.000000  0.000000  0.000000  -31.573107  5.679671  5.180001  69.627197  22.546568  -1.752477  26.240979  45.656864  -39.230811  23.707609  89.869714
0.211883  0.000000  0.000000  0.000000  -31.573107  5.679671  9.465715  70.179039  18.521528  -3.324678  26.240979  45.656864  -39.230811  23.707609  89.869714
0.212444  0.000000  0.000000  0.000000  -31.573107  5.679671  13.751429  70.605333  14.484097  -4.824365  26.240979  45.656864  -39.230811  23.707609  89.869714
0.213004  0.000000  0.000000  0.000000  -31.573107  5.679671  18.037143  70.917537  10.437499  -6.270294  26.240979  45.656864  -39.230811  23.707609  89.869714
0.213565  0.000000  0.000000  0.000000  -31.573107  5.679671  22.322858  71.123726  6.384569  -7.678981  26.240979  45.656864  -39.230811  23.707609  89.869714
0.214126  0.000000  0.000000  0.000000  -31.573107  5.679671  26.608572  71.229113  2.327869  -9.065507  26.240979  45.656864  -39.230811  23.707609  89.869714
0.214686  0.000000  0.000000  0.000000  -31.573107  5.679671  30.894286  71.236310  -1.730181  -10.444058  26.240979  45.656864  -39.230811  23.707609  89.869714
0.215247  0.000000  0.000000  0.000000  -31.573107  5.679671  35.180001  71.145489  -5.787228  -11.828532  26.240979  45.656864  -39.230811  23.707609  89.869714
0.215807  0.000000  0.000000  0.000000  -31.573107  5.679671  39.465715  70.954405  -9.840870  -13.233043  26.240979  45.656864  -39.230811  23.707609  89.869714
0.216368  0.000000  0.000000  0.000000  -31.573107  5.679671  43.751429  70.658254  -13.888571  -14.672485  26.240979  45.656864  -39.230811  23.707609  89.869714
0.216928  0.000000  0.000000  0.000000  -31.573107  5.679671  48.037143  70.249399  -17.927544  -16.163135  26.240979  45.656864  -39.230811  23.707609  89.869714
0.217489  0.000000  0.000000  0.000000  -31.573107  5.679671  52.322858  69.716918  -21.954631  -17.723368  26.240979  45.656864  -39.230811  23.707609  89.869714
0.218049  0.000000  0.000000  0.000000  -31.573107  5.679671  56.608572  69.045914  -25.966126  -19.374551  26.240979  45.656864  -39.230811  23.707609  89.869714
0.218610  0.000000  0.000000  0.000000  -7.955811  10.237194  -1.239013  66.765055  31.126115  9.770609  -9.427330  56.216238  -19.805130  28.245678  97.099660
0.219170  0.000000  0.000000  0.000000  -7.955811  10.237194  3.046701  67.690708  27.174054  7.871541  -9.427330  56.216238  -19.805130  28.245678  97.099660
0.219731  0.000000  0.000000  0.000000  -7.955811  10.237194  7.332416  68.443863  23.198181  6.102920  -9.427330  56.216238  -19.805130  28.245678  97.099660
0.220291  0.000000  0.000000  0.000000  -7.955811  10.237194  11.618130  69.046791  19.203688  4.436832  -9.427330  56.216238  -19.805130  28.245678  97.099660
0.220852  0.000000  0.000000  0.000000  -7.955811  10.237194  15.903844  69.516328  15.194863  2.849993  -9.427330  56.216238  -19.805130  28.245678  97.099660
0.221413  0.000000  0.000000  0.000000  -7.955811  10.237194  20.189559  69.864984  11.175337  1.322498  -9.427330  56.216238  -19.805130  28.245678  97.099660
0.221973  0.000000  0.000000  0.000000  -7.955811  10.237194  24.475273  70.101684  7.148282  -0.163118  -9.427330  56.216238  -19.805130  28.245678  97.099660
0.222534  0.000000  0.000000  0.000000  -7.955811  10.237194  28.760987  70.232345  3.116552  -1.622725  -9.427330  56.216238  -19.805130  28.245678  97.099660
0.223094  0.000000  0.000000  0.000000  -7.955811  10.237194  33.046701  70.260162  -0.917178  -3.071170  -9.427330  56.216238  -19.805130  28.245678  97.099660
0.223655  0.000000  0.000000  0.000000  -7.955811  10.237194  37.332416  70.185811  -4.950322  -4.522890  -9.427330  56.216238  -19.805130  28.245678  97.099660
0.224215  0.000000  0.000000  0.000000  -7.955811  10.237194  41.618130  70.007482  -8.980266  -5.992441  -9.427330  56.216238  -19.805130  28.245678  97.099660
0.224776  0.000000  0.000000  0.000000  -7.955811  10.237194  45.903844  69.720776  -13.004268  -7.495054  -9.427330  56.216238  -19.805130  28.245678  97.099660
0.225336  0.000000  0.000000  0.000000  -7.955811  10.237194  50.189559  69.318463  -17.019344  -9.047236  -9.427330  56.216238  -19.805130  28.245678  97.099660
0.225897  0.000000  0.000000  0.000000  -7.955811  10.237194  54.475273  68.790059  -21.022137  -10.667466  -9.427330  56.216238  -19.805130  28.245678  97.099660
0.226457  0.000000  0.000000  0.000000  -7.955811  10.237194  58.760987  68.121202  -25.008742  -12.377049  -9.427330  56.216238  -19.805130  28.245678  97.099660
0.227018  0.000000  0.000000  0.000000  -19.700379  13.656883  -1.239013  59.025770  24.692692  8.364386  18.620761  35.876406  -18.349498  26.559192  98.607196
0.227578  0.000000  0.000000  0.000000  -19.700379  13.656883  3.046701  59.943065  21.000026  6.003343  18.620761  35.876406  -18.349498  26.559192  98.607196
0.228139  0.000000  0.000000  0.000000  -19.700379  13.656883  7.332416  60.680037  17.276389  3.756896  18.620761  35.876406  -18.349498  26.559192  98.607196
0.228700  0.000000  0.000000  0.000000  -19.700379  13.656883  11.618130  61.253318  13.528770  1.599848  18.620761  35.876406  -18.349498  26.559192  98.607196
0.229260  0.000000  0.000000  0.000000  -19.700379  13.656883  15.903844  61.675484  9.763257  -0.490123  18.620761  35.876406  -18.349498  26.559192  98.607196
0.229821  0.000000  0.000000  0.000000  -19.700379  13.656883  20.189559  61.955565  5.985288  -2.533212  18.620761  35.876406  -18.349498  26.559192  98.607196
0.230381  0.000000  0.000000  0.000000  -19.700379  13.656883  24.475273  62.099463  2.199871  -4.548184  18.620761  35.876406  -18.349498  26.559192  98.607196
0.230942  0.000000  0.000000  0.000000  -19.700379  13.656883  28.760987  62.110173  -1.588253  -6.552947  18.620761  35.876406  -18.349498  26.559192  98.607196
0.231502  0.000000  0.000000  0.000000  -19.700379  13.656883  33.046701  61.987909  -5.374424  -8.565077  18.620761  35.876406  -18.349498  26.559192  98.607196
0.232063  0.000000  0.000000  0.000000  -19.700379  13.656883  37.332416  61.730130  -9.153917  -10.602404  18.620761  35.876406  -18.349498  26.559192  98.607196
0.232623  0.000000  0.000000  0.000000  -19.700379  13.656883  41.618130  61.331441  -12.921802  -12.683466  18.620761  35.876406  -18.349498  26.559192  98.607196
0.233184  0.000000  0.000000  0.000000  -19.700379  13.656883  45.903844  60.783313  -16.672704  -14.828233  18.620761  35.876406  -18.349498  26.559192  98.607196
0.233744  0.000000  0.000000  0.000000  -19.700379  13.656883  50.189559  60.073787  -20.400660  -17.058619  18.620761  35.876406  -18.349498  26.559192  98.607196
0.234305  0.000000  0.000000  0.000000  -19.700379  13.656883  54.475273  59.186933  -24.098852  -19.399302  18.620761  35.876406  -18.349498  26.559192  98.607196
0.234865  0.000000  0.000000  0.000000  -19.700379  13.656883  58.760987  58.102158  -27.759284  -21.878589  18.620761  35.876406  -18.349498  26.559192  98.607196
0.235426  0.000000  0.000000  0.000000  -28.044529  12.512118  0.875093  66.405975  33.784557  7.340165  6.589634  35.063096  -30.665982  16.128105  90.540057
0.235987  0.000000  0.000000  0.000000  -28.044529  12.512118  5.160807  67.448381  29.841214  5.364036  6.589634  35.063096  -30.665982  16.128105  90.540057
0.236547  0.000000  0.000000  0.000000  -28.044529  12.512118  9.446522  68.301828  25.870703  3.538722  6.589634  35.063096  -30.665982  16.128105  90.540057
0.237108  0.000000  0.000000  0.000000  -28.044529  12.512118  13.732236  68.992836  21.878854  1.832576  6.589634  35.063096  -30.665982  16.128105  90.540057
0.237668  0.000000  0.000000  0.000000  -28.044529  12.512118  18.017950  69.541548  17.870396  0.219622  6.589634  35.063096  -30.665982  16.128105  90.540057
0.238229  0.000000  0.000000  0.000000  -28.044529  12.512118  22.303665  69.963120  13.849263  -1.321955  6.589634  35.063096  -30.665982  16.128105  90.540057
0.238789  0.000000  0.000000  0.000000  -28.044529  12.512118  26.589379  70.268695  9.818822  -2.810968  6.589634  35.063096  -30.665982  16.128105  90.540057
0.239350  0.000000  0.000000  0.000000  -28.044529  12.512118  30.875093  70.466038  5.782034  -4.264051  6.589634  35.063096  -30.665982  16.128105  90.540057
0.239910  0.000000  0.000000  0.000000  -28.044529  12.512118  35.160807  70.560074  1.741613  -5.696508  6.589634  35.063096  -30.665982  16.128105  90.540057
0.240471  0.000000  0.000000  0.000000  -28.044529  12.512118  39.446522  70.553132  -2.299907  -7.122850  6.589634  35.063096  -30.665982  16.128105  90.540057
0.241031  0.000000  0.000000  0.000000  -28.044529  12.512118  43.732236  70.445006  -6.339986  -8.557297  6.589634  35.063096  -30.665982  16.128105  90.540057
0.241592  0.000000  0.000000  0.000000  -28.044529  12.512118  48.017950  70.233060  -10.376065  -10.014421  6.589634  35.063096  -30.665982  16.128105  90.540057
0.242152  0.000000  0.000000  0.000000  -28.044529  12.512118  52.303665  69.912001  -14.405405  -11.509651  6.589634  35.063096  -30.665982  16.128105  90.540057
0.242713  0.000000  0.000000  0.000000  -28.044529  12.512118  56.589379  69.473608  -18.424996  -13.059911  6.589634  35.063096  -30.665982  16.128105  90.540057
0.243274  0.000000  0.000000  0.000000  -28.044529  12.512118  60.875093  68.906242  -22.431408  -14.684358  6.589634  35.063096  -30.665982  16.128105  90.540057
0.243834  0.000000  0.000000  0.000000  -16.106675  15.340580  1.926017  67.543186  26.672451  12.627864  2.890882  37.592585  -5.580705  26.314926  91.047718
0.244395  0.000000  0.000000  0.000000  -16.106675  15.340580  6.211731  68.284263  22.700882  10.854679  2.890882  37.592585  -5.580705  26.314926  91.047718
0.244955  0.000000  0.000000  0.000000  -16.106675  15.340580  10.497445  68.876140  18.710881  9.181797  2.890882  37.592585  -5.580705  26.314926  91.047718
0.245516  0.000000  0.000000  0.000000  -16.106675  15.340580  14.783159  69.335167  14.706717  7.586272  2.890882  37.592585  -5.580705  26.314926  91.047718
0.246076  0.000000  0.000000  0.000000  -16.106675  15.340580  19.068874  69.673492  10.692057  6.048353  2.890882  37.592585  -5.580705  26.314926  91.047718
0.246637  0.000000  0.000000  0.000000  -16.106675  15.340580  23.354588  69.899689  6.670059  4.550708  2.890882  37.592585  -5.580705  26.314926  91.047718
0.247197  0.000000  0.000000  0.000000  -16.106675  15.340580  27.640302  70.019373  2.643618  3.077508  2.890882  37.592585  -5.580705  26.314926  91.047718
0.247758  0.000000  0.000000  0.000000  -16.106675  15.340580  31.926017  70.035469  -1.384555  1.613843  2.890882  37.592585  -5.580705  26.314926  91.047718
0.248318  0.000000  0.000000  0.000000  -16.106675  15.340580  36.211731  69.948355  -5.411823  0.145193  2.890882  37.592585  -5.580705  26.314926  91.047718
0.248879  0.000000  0.000000  0.000000  -16.106675  15.340580  40.497445  69.755922  -9.435509  -1.343168  2.890882  37.592585  -5.580705  26.314926  91.047718
0.249439  0.000000  0.000000  0.000000  -16.106675  15.340580  44.783159  69.453430  -13.452795  -2.866707  2.890882  37.592585  -5.580705  26.314926  91.047718
0.250000  0.000000  0.000000  0.000000  -16.106675  15.340580  49.068874  69.033253  -17.460602  -4.442239  2.890882  37.592585  -5.580705  26.314926  91.047718
0.250561  0.000000  0.000000  0.000000  -16.106675  15.340580  53.354588  68.484439  -21.455452  -6.088654  2.890882  37.592585  -5.580705  26.314926  91.047718
0.251121  0.000000  0.000000  0.000000  -16.106675  15.340580  57.640302  67.792051  -25.433289  -7.827778  2.890882  37.592585  -5.580705  26.314926  91.047718
0.251682  0.000000  0.000000  0.000000  -16.106675  15.340580  61.926017  66.936235  -29.389256  -9.685497  2.890882  37.592585  -5.580705  26.314926  91.047718
0.252242  0.000000  0.000000  0.000000  -27.238564  19.535871  1.926017  60.243471  25.823985  12.373687  9.343668  50.443095  -23.985004  24.185128  95.697568
0.252803  0.000000  0.000000  0.000000  -27.238564  19.535871  6.211731  61.175451  22.085655  10.079719  9.343668  50.443095  -23.985004  24.185128  95.697568
0.253363  0.000000  0.000000  0.000000  -27.238564  19.535871  10.497445  61.927029  18.316989  7.904675  9.343668  50.443095  -23.985004  24.185128  95.697568
0.253924  0.000000  0.000000  0.000000  -27.238564  19.535871  14.783159  62.515958  14.524745  5.822732  9.343668  50.443095  -23.985004  24.185128  95.697568
0.254484  0.000000  0.000000  0.000000  -27.238564  19.535871  19.068874  62.955720  10.714757  3.811230  9.343668  50.443095  -23.985004  24.185128  95.697568
0.255045  0.000000  0.000000  0.000000  -27.238564  19.535871  23.354588  63.256089  6.892189  1.849874  9.343668  50.443095  -23.985004  24.185128  95.697568
0.255605  0.000000  0.000000  0.000000  -27.238564  19.535871  27.640302  63.423627  3.061751  -0.080033  9.343668  50.443095  -23.985004  24.185128  95.697568
0.256166  0.000000  0.000000  0.000000  -27.238564  19.535871  31.926017  63.461936  -0.772126  -1.996164  9.343668  50.443095  -23.985004  24.185128  95.697568
0.256726  0.000000  0.000000  0.000000  -27.238564  19.535871  36.211731  63.371833  -4.605141  -3.915758  9.343668  50.443095  -23.985004  24.185128  95.697568
0.257287  0.000000  0.000000  0.000000  -27.238564  19.535871  40.497445  63.151386  -8.432950  -5.856173  9.343668  50.443095  -23.985004  24.185128  95.697568
0.257848  0.000000  0.000000  0.000000  -27.238564  19.535871  44.783159  62.795840  -12.251041  -7.835394  9.343668  50.443095  -23.985004  24.185128  95.697568
0.258408  0.000000  0.000000  0.000000  -27.238564  19.535871  49.068874  62.297374  -16.054537  -9.872705  9.343668  50.443095  -23.985004  24.185128  95.697568
0.258969  0.000000  0.000000  0.000000  -27.238564  19.535871  53.354588  61.644786  -19.838032  -11.989259  9.343668  50.443095  -23.985004  24.185128  95.697568
0.259529  0.000000  0.000000  0.000000  -27.238564  19.535871  57.640302  60.822953  -23.595356  -14.208881  9.343668  50.443095  -23.985004  24.185128  95.697568
0.260090  0.000000  0.000000  0.000000  -27.238564  19.535871  61.926017  59.812158  -27.319282  -16.558975  9.343668  50.443095  -23.985004  24.185128  95.697568
0.260650  0.000000  0.000000  0.000000  -20.688820  14.815302  3.212845  63.185724  25.422641  10.847797  14.052203  37.198633  -15.648704  27.814519  97.164943
0.261211  0.000000  0.000000  0.000000  -20.688820  14.815302  7.498560  64.014798  21.583412  8.770220  14.052203  37.198633  -15.648704  27.814519  97.164943
0.261771  0.000000  0.000000  0.000000  -20.688820  14.815302  11.784274  64.677679  17.719752  6.800408  14.052203  37.198633  -15.648704  27.814519  97.164943
0.262332  0.000000  0.000000  0.000000  -20.688820  14.815302  16.069988  65.190970  13.837291  4.913996  14.052203  37.198633  -15.648704  27.814519  97.164943
0.262892  0.000000  0.000000  0.000000  -20.688820  14.815302  20.355702  65.567054  9.940883  3.089712  14.052203  37.198633  -15.648704  27.814519  97.164943
0.263453  0.000000  0.000000  0.000000  -20.688820  14.815302  24.641417  65.814735  6.034831  1.308520  14.052203  37.198633  -15.648704  27.814519  97.164943
0.264013  0.000000  0.000000  0.000000  -20.688820  14.815302  28.927131  65.939698  2.123073  -0.447116  14.052203  37.198633  -15.648704  27.814519  97.164943
0.264574  0.000000  0.000000  0.000000  -20.688820  14.815302  33.212845  65.944771  -1.790666  -2.193901  14.052203  37.198633  -15.648704  27.814519  97.164943
0.265135  0.000000  0.000000  0.000000  -20.688820  14.815302  37.498560  65.830061  -5.702733  -3.948158  14.052203  37.198633  -15.648704  27.814519  97.164943
0.265695  0.000000  0.000000  0.000000  -20.688820  14.815302  41.784274  65.592980  -9.609418  -5.726517  14.052203  37.198633  -15.648704  27.814519  97.164943
0.266256  0.000000  0.000000  0.000000  -20.688820  14.815302  46.069988  65.228100  -13.506806  -7.546425  14.052203  37.198633  -15.648704  27.814519  97.164943
0.266816  0.000000  0.000000  0.000000  -20.688820  14.815302  50.355702  64.726892  -17.390632  -9.426767  14.052203  37.198633  -15.648704  27.814519  97.164943
0.267377  0.000000  0.000000  0.000000  -20.688820  14.815302  54.641417  64.077297  -21.256094  -11.388598  14.052203  37.198633  -15.648704  27.814519  97.164943
0.267937  0.000000  0.000000  0.000000  -20.688820  14.815302  58.927131  63.263102  -25.097640  -13.455982  14.052203  37.198633  -15.648704  27.814519  97.164943
0.268498  0.000000  0.000000  0.000000  -20.688820  14.815302  63.212845  62.263083  -28.908678  -15.657052  14.052203  37.198633  -15.648704  27.814519  97.164943
0.269058  0.000000  0.000000  0.000000  -12.326085  14.438249  3.212845  65.137443  30.886532  14.290563  -5.728834  36.432241  -19.601608  32.239797  101.111051
0.269619  0.000000  0.000000  0.000000  -12.326085  14.438249  7.498560  66.115640  26.982324  12.270033  -5.728834  36.432241  -19.601608  32.239797  101.111051
0.270179  0.000000  0.000000  0.000000  -12.326085  14.438249  11.784274  66.913052  23.051251  10.385628  -5.728834  36.432241  -19.601608  32.239797  101.111051
0.270740  0.000000  0.000000  0.000000  -12.326085  14.438249  16.069988  67.552499  19.099122  8.608558  -5.728834  36.432241  -19.601608  32.239797  101.111051
0.271300  0.000000  0.000000  0.000000  -12.326085  14.438249  20.355702  68.051323  15.130750  6.914679  -5.728834  36.432241  -19.601608  32.239797  101.111051
0.271861  0.000000  0.000000  0.000000  -12.326085  14.438249  24.641417  68.422460  11.150225  5.283256  -5.728834  36.432241  -19.601608  32.239797  101.111051
0.272422  0.000000  0.000000  0.000000  -12.326085  14.438249  28.927131  68.675181  7.161127  3.696034  -5.728834  36.432241  -19.601608  32.239797  101.111051
0.272982  0.000000  0.000000  0.000000  -12.326085  14.438249  33.212845  68.815650  3.166683  2.136394  -5.728834  36.432241  -19.601608  32.239797  101.111051
0.273543  0.000000  0.000000  0.000000  -12.326085  14.438249  37.498560  68.847226  -0.830082  0.588759  -5.728834  36.432241  -19.601608  32.239797  101.111051
0.274103  0.000000  0.000000  0.000000  -12.326085  14.438249  41.784274  68.770658  -4.826242  -0.962010  -5.728834  36.432241  -19.601608  32.239797  101.111051
0.274664  0.000000  0.000000  0.000000  -12.326085  14.438249  46.069988  68.584126  -8.818841  -2.531174  -5.728834  36.432241  -19.601608  32.239797  101.111051
0.275224  0.000000  0.000000  0.000000  -12.326085  14.438249  50.355702  68.283137  -12.804788  -4.134659  -5.728834  36.432241  -19.601608  32.239797  101.111051
0.275785  0.000000  0.000000  0.000000  -12.326085  14.438249  54.641417  67.860289  -16.780724  -5.789678  -5.728834  36.432241  -19.601608  32.239797  101.111051
0.276345  0.000000  0.000000  0.000000  -12.326085  14.438249  58.927131  67.304861  -20.742882  -7.515421  -5.728834  36.432241  -19.601608  32.239797  101.111051
0.276906  0.000000  0.000000  0.000000  -12.326085  14.438249  63.212845  66.602194  -24.686899  -9.333907  -5.728834  36.432241  -19.601608  32.239797  101.111051
0.277466  0.000000  0.000000  0.000000  -11.263621  6.394095  3.212845  66.196694  26.208636  6.793726  22.195611  37.050765  -14.044381  29.993010  87.774324
0.278027  0.000000  0.000000  0.000000  -11.263621  6.394095  7.498560  66.964105  22.275605  4.925937  22.195611  37.050765  -14.044381  29.993010  87.774324
0.278587  0.000000  0.000000  0.000000  -11.263621  6.394095  11.784274  67.576903  18.322390  3.160711  22.195611  37.050765  -14.044381  29.993010  87.774324
0.279148  0.000000  0.000000  0.000000  -11.263621  6.394095  16.069988  68.051515  14.353663  1.474626  22.195611  37.050765  -14.044381  29.993010  87.774324
0.279709  0.000000  0.000000  0.000000  -11.263621  6.394095  20.355702  68.400169  10.373458  -0.152595  22.195611  37.050765  -14.044381  29.993010  87.774324
0.280269  0.000000  0.000000  0.000000  -11.263621  6.394095  24.641417  68.631477  6.385263  -1.738827  22.195611  37.050765  -14.044381  29.993010  87.774324
0.280830  0.000000  0.000000  0.000000  -11.263621  6.394095  28.927131  68.751059  2.392289  -3.300478  22.195611  37.050765  -14.044381  29.993010  87.774324
0.281390  0.000000  0.000000  0.000000  -11.263621  6.394095  33.212845  68.761771  -1.602448  -4.853071  22.195611  37.050765  -14.044381  29.993010  87.774324
0.281951  0.000000  0.000000  0.000000  -11.263621  6.394095  37.498560  68.663857  -5.596005  -6.411729  22.195611  37.050765  -14.044381  29.993010  87.774324
0.282511  0.000000  0.000000  0.000000  -11.263621  6.394095  41.784274  68.454992  -9.585391  -7.991843  22.195611  37.050765  -14.044381  29.993010  87.774324
0.283072  0.000000  0.000000  0.000000  -11.263621  6.394095  46.069988  68.130135  -13.567452  -9.609580  22.195611  37.050765  -14.044381  29.993010  87.774324
0.283632  0.000000  0.000000  0.000000  -11.263621  6.394095  50.355702  67.681270  -17.538741  -11.282515  22.195611  37.050765  -14.044381  29.993010  87.774324
0.284193  0.000000  0.000000  0.000000  -11.263621  6.394095  54.641417  67.096951  -21.495367  -13.030354  22.195611  37.050765  -14.044381  29.993010  87.774324
0.284753  0.000000  0.000000  0.000000  -11.263621  6.394095  58.927131  66.361648  -25.432800  -14.875816  22.195611  37.050765  -14.044381  29.993010  87.774324
0.285314  0.000000  0.000000  0.000000  -11.263621  6.394095  63.212845  65.454817  -29.345624  -16.845745  22.195611  37.050765  -14.044381  29.993010  87.774324
0.285874  0.000000  0.000000  0.000000  -18.099545  15.706576  3.263406  64.871914  28.486362  15.756249  15.332560  43.388774  -30.995146  31.453267  93.094425
0.286435  0.000000  0.000000  0.000000  -18.099545  15.706576  7.549120  65.766108  24.591723  13.756274  15.332560  43.388774  -30.995146  31.453267  93.094425
0.286996  0.000000  0.000000  0.000000  -18.099545  15.706576  11.834834  66.489553  20.672270  11.877511  15.332560  43.388774  -30.995146  31.453267  93.094425
0.287556  0.000000  0.000000  0.000000  -18.099545  15.706576  16.120549  67.061941  16.733489  10.093658  15.332560  43.388774  -30.995146  31.453267  93.094425
0.288117  0.000000  0.000000  0.000000  -18.099545  15.706576  20.406263  67.498158  12.780037  8.382261  15.332560  43.388774  -30.995146  31.453267  93.094425
0.288677  0.000000  0.000000  0.000000  -18.099545  15.706576  24.691977  67.809079  8.815889  6.723767  15.332560  43.388774  -30.995146  31.453267  93.094425
0.289238  0.000000  0.000000  0.000000  -18.099545  15.706576  28.977691  68.002258  4.844620  5.100576  15.332560  43.388774  -30.995146  31.453267  93.094425
0.289798  0.000000  0.000000  0.000000  -18.099545  15.706576  33.263406  68.082261  0.869534  3.496378  15.332560  43.388774  -30.995146  31.453267  93.094425
0.290359  0.000000  0.000000  0.000000  -18.099545  15.706576  37.549120  68.050997  -3.106231  1.895559  15.332560  43.388774  -30.995146  31.453267  93.094425
0.290919  0.000000  0.000000  0.000000  -18.099545  15.706576  41.834834  67.907721  -7.079561  0.282622  15.332560  43.388774  -30.995146  31.453267  93.094425
0.291480  0.000000  0.000000  0.000000  -18.099545  15.706576  46.120549  67.649050  -11.047241  -1.358354  15.332560  43.388774  -30.995146  31.453267  93.094425
0.292040  0.000000  0.000000  0.000000  -18.099545  15.706576  50.406263  67.268775  -15.005841  -3.044328  15.332560  43.388774  -30.995146  31.453267  93.094425
0.292601  0.000000  0.000000  0.000000  -18.099545  15.706576  54.691977  66.757526  -18.951565  -4.793918  15.332560  43.388774  -30.995146  31.453267  93.094425
0.293161  0.000000  0.000000  0.000000  -18.099545  15.706576  58.977691  66.102263  -22.880085  -6.628192  15.332560  43.388774  -30.995146  31.453267  93.094425
0.293722  0.000000  0.000000  0.000000  -18.099545  15.706576  63.263406  65.285529  -26.786319  -8.571614  15.332560  43.388774  -30.995146  31.453267  93.094425
0.294283  0.000000  0.000000  0.000000  -24.927240  19.519466  2.883267  65.043044  27.998783  13.900345  25.030069  42.779175  -43.809470  19.758009  97.363676
0.294843  0.000000  0.000000  0.000000  -24.927240  19.519466  7.168981  65.912899  24.099204  11.920837  25.030069  42.779175  -43.809470  19.758009  97.363676
0.295404  0.000000  0.000000  0.000000  -24.927240  19.519466  11.454696  66.615033  20.175649  10.058799  25.030069  42.779175  -43.809470  19.758009  97.363676
0.295964  0.000000  0.000000  0.000000  -24.927240  19.519466  15.740410  67.168461  16.233470  8.288502  25.030069  42.779175  -43.809470  19.758009  97.363676
0.296525  0.000000  0.000000  0.000000  -24.927240  19.519466  20.026124  67.587489  12.277189  6.587958  25.030069  42.779175  -43.809470  19.758009  97.363676
0.297085  0.000000  0.000000  0.000000  -24.927240  19.519466  24.311839  67.882547  8.310734  4.937905  25.030069  42.779175  -43.809470  19.758009  97.363676
0.297646  0.000000  0.000000  0.000000  -24.927240  19.519466  28.597553  68.060777  4.337616  3.320967  25.030069  42.779175  -43.809470  19.758009  97.363676
0.298206  0.000000  0.000000  0.000000  -24.927240  19.519466  32.883267  68.126407  0.361096  1.720979  25.030069  42.779175  -43.809470  19.758009  97.363676
0.298767  0.000000  0.000000  0.000000  -24.927240  19.519466  37.168981  68.080978  -3.615714  0.122391  25.030069  42.779175  -43.809470  19.758009  97.363676
0.299327  0.000000  0.000000  0.000000  -24.927240  19.519466  41.454696  67.923429  -7.589675  -1.490297  25.030069  42.779175  -43.809470  19.758009  97.363676
0.299888  0.000000  0.000000  0.000000  -24.927240  19.519466  45.740410  67.650027  -11.557593  -3.133087  25.030069  42.779175  -43.809470  19.758009  97.363676
0.300448  0.000000  0.000000  0.000000  -24.927240  19.519466  50.026124  67.254185  -15.516000  -4.823093  25.030069  42.779175  -43.809470  19.758009  97.363676
0.301009  0.000000  0.000000  0.000000  -24.927240  19.519466  54.311839  66.726102  -19.461054  -6.579180  25.030069  42.779175  -43.809470  19.758009  97.363676
0.301570  0.000000  0.000000  0.000000  -24.927240  19.519466  58.597553  66.052232  -23.388360  -8.422773  25.030069  42.779175  -43.809470  19.758009  97.363676
0.302130  0.000000  0.000000  0.000000  -24.927240  19.519466  62.883267  65.214489  -27.292734  -10.378834  25.030069  42.779175  -43.809470  19.758009  97.363676
0.302691  0.000000  0.000000  0.000000  -16.168302  19.143744  2.187960  61.545953  25.844011  13.684985  -11.912312  44.135075  -25.814028  30.609613  99.335729
0.303251  0.000000  0.000000  0.000000  -16.168302  19.143744  6.473674  62.440353  22.059683  11.483268  -11.912312  44.135075  -25.814028  30.609613  99.335729
0.303812  0.000000  0.000000  0.000000  -16.168302  19.143744  10.759388  63.159667  18.247452  9.396879  -11.912312  44.135075  -25.814028  30.609613  99.335729
0.304372  0.000000  0.000000  0.000000  -16.168302  19.143744  15.045102  63.721393  14.413603  7.400426  -11.912312  44.135075  -25.814028  30.609613  99.335729
0.304933  0.000000  0.000000  0.000000  -16.168302  19.143744  19.330817  64.138746  10.563553  5.471702  -11.912312  44.135075  -25.814028  30.609613  99.335729
0.305493  0.000000  0.000000  0.000000  -16.168302  19.143744  23.616531  64.421245  6.702092  3.590861  -11.912312  44.135075  -25.814028  30.609613  99.335729
0.306054  0.000000  0.000000  0.000000  -16.168302  19.143744  27.902245  64.575223  2.833590  1.739639  -11.912312  44.135075  -25.814028  30.609613  99.335729
0.306614  0.000000  0.000000  0.000000  -16.168302  19.143744  32.187960  64.604052  -1.037847  -0.099231  -11.912312  44.135075  -25.814028  30.609613  99.335729
0.307175  0.000000  0.000000  0.000000  -16.168302  19.143744  36.473674  64.508380  -4.908213  -1.942614  -11.912312  44.135075  -25.814028  30.609613  99.335729
0.307735  0.000000  0.000000  0.000000  -16.168302  19.143744  40.759388  64.286098  -8.773460  -3.807535  -11.912312  44.135075  -25.814028  30.609613  99.335729
0.308296  0.000000  0.000000  0.000000  -16.168302  19.143744  45.045102  63.932287  -12.629373  -5.711678  -11.912312  44.135075  -25.814028  30.609613  99.335729
0.308857  0.000000  0.000000  0.000000  -16.168302  19.143744  49.330817  63.438939  -16.471368  -7.674109  -11.912312  44.135075  -25.814028  30.609613  99.335729
0.309417  0.000000  0.000000  0.000000  -16.168302  19.143744  53.616531  62.794629  -20.294350  -9.715834  -11.912312  44.135075  -25.814028  30.609613  99.335729
0.309978  0.000000  0.000000  0.000000  -16.168302  19.143744  57.902245  61.983930  -24.092469  -11.860652  -11.912312  44.135075  -25.814028  30.609613  99.335729
0.310538  0.000000  0.000000  0.000000  -16.168302  19.143744  62.187960  60.986667  -27.858845  -14.136113  -11.912312  44.135075  -25.814028  30.609613  99.335729
0.311099  0.000000  0.000000  0.000000  -31.472274  11.669924  2.187960  65.960794  33.034056  9.966832  20.409411  59.069774  -23.066332  29.396476  98.324180
0.311659  0.000000  0.000000  0.000000  -31.472274  11.669924  6.473674  66.991899  29.104045  7.970171  20.409411  59.069774  -23.066332  29.396476  98.324180
0.312220  0.000000  0.000000  0.000000  -31.472274  11.669924  10.759388  67.835535  25.146654  6.121072  20.409411  59.069774  -23.066332  29.396476  98.324180
0.312780  0.000000  0.000000  0.000000  -31.472274  11.669924  15.045102  68.517303  21.167758  4.388580  20.409411  59.069774  -23.066332  29.396476  98.324180
0.313341  0.000000  0.000000  0.000000  -31.472274  11.669924  19.330817  69.056665  17.172149  2.747141  20.409411  59.069774  -23.066332  29.396476  98.324180
0.313901  0.000000  0.000000  0.000000  -31.472274  11.669924  23.616531  69.468249  13.163835  1.175163  20.409411  59.069774  -23.066332  29.396476  98.324180
0.314462  0.000000  0.000000  0.000000  -31.472274  11.669924  27.902245  69.762757  9.146271  -0.346076  20.409411  59.069774  -23.066332  29.396476  98.324180
0.315022  0.000000  0.000000  0.000000  -31.472274  11.669924  32.187960  69.947578  5.122503  -1.833252  20.409411  59.069774  -23.066332  29.396476  98.324180
0.315583  0.000000  0.000000  0.000000  -31.472274  11.669924  36.473674  70.027279  1.095352  -3.301796  20.409411  59.069774  -23.066332  29.396476  98.324180
0.316143  0.000000  0.000000  0.000000  -31.472274  11.669924  40.759388  70.003782  -2.932518  -4.766391  20.409411  59.069774  -23.066332  29.396476  98.324180
0.316704  0.000000  0.000000  0.000000  -31.472274  11.669924  45.045102  69.876523  -6.958462  -6.241588  20.409411  59.069774  -23.066332  29.396476  98.324180
0.317265  0.000000  0.000000  0.000000  -31.472274  11.669924  49.330817  69.642399  -10.979760  -7.742329  20.409411  59.069774  -23.066332  29.396476  98.324180
0.317825  0.000000  0.000000  0.000000  -31.472274  11.669924  53.616531  69.295595  -14.993504  -9.284530  20.409411  59.069774  -23.066332  29.396476  98.324180
0.318386  0.000000  0.000000  0.000000  -31.472274  11.669924  57.902245  68.827273  -18.996479  -10.885717  20.409411  59.069774  -23.066332  29.396476  98.324180
0.318946  0.000000  0.000000  0.000000  -31.472274  11.669924  62.187960  68.225037  -22.985003  -12.565799  20.409411  59.069774  -23.066332  29.396476  98.324180
0.319507  0.000000  0.000000  0.000000  -7.980298  16.641893  2.187960  63.624410  25.491395  14.462207  -11.529852  43.054528  -9.165058  29.375503  103.154493
0.320067  0.000000  0.000000  0.000000  -7.980298  16.641893  6.473674  64.443224  21.637867  12.415403  -11.529852  43.054528  -9.165058  29.375503  103.154493
0.320628  0.000000  0.000000  0.000000  -7.980298  16.641893  10.759388  65.097583  17.760588  10.475435  -11.529852  43.054528  -9.165058  29.375503  103.154493
0.321188  0.000000  0.000000  0.000000  -7.980298  16.641893  15.045102  65.604038  13.865042  8.618079  -11.529852  43.054528  -9.165058  29.375503  103.154493
0.321749  0.000000  0.000000  0.000000  -7.980298  16.641893  19.330817  65.974920  9.955952  6.822220  -11.529852  43.054528  -9.165058  29.375503  103.154493
0.322309  0.000000  0.000000  0.000000  -7.980298  16.641893  23.616531  66.218984  6.037504  5.068983  -11.529852  43.054528  -9.165058  29.375503  103.154493
0.322870  0.000000  0.000000  0.000000  -7.980298  16.641893  27.902245  66.341876  2.113525  3.340990  -11.529852  43.054528  -9.165058  29.375503  103.154493
0.323430  0.000000  0.000000  0.000000  -7.980298  16.641893  32.187960  66.346400  -1.812364  1.621697  -11.529852  43.054528  -9.165058  29.375503  103.154493
0.323991  0.000000  0.000000  0.000000  -7.980298  16.641893  36.473674  66.232651  -5.736614  -0.105063  -11.529852  43.054528  -9.165058  29.375503  103.154493
0.324552  0.000000  0.000000  0.000000  -7.980298  16.641893  40.759388  65.998043  -9.655617  -1.855766  -11.529852  43.054528  -9.165058  29.375503  103.154493
0.325112  0.000000  0.000000  0.000000  -7.980298  16.641893  45.045102  65.637161  -13.565568  -3.647708  -11.529852  43.054528  -9.165058  29.375503  103.154493
0.325673  0.000000  0.000000  0.000000  -7.980298  16.641893  49.330817  65.141495  -17.462313  -5.499629  -11.529852  43.054528  -9.165058  29.375503  103.154493
0.326233  0.000000  0.000000  0.000000  -7.980298  16.641893  53.616531  64.499010  -21.341176  -7.432447  -11.529852  43.054528  -9.165058  29.375503  103.154493
0.326794  0.000000  0.000000  0.000000  -7.980298  16.641893  57.902245  63.693507  -25.196740  -9.470112  -11.529852  43.054528  -9.165058  29.375503  103.154493
0.327354  0.000000  0.000000  0.000000  -7.980298  16.641893  62.187960  62.703753  -29.022566  -11.640668  -11.529852  43.054528  -9.165058  29.375503  103.154493
0.327915  0.000000  0.000000  0.000000  -34.401427  13.947323  0.914496  63.729963  26.452915  15.066356  -1.302565  37.422113  -33.512907  18.072064  100.665475
0.328475  0.000000  0.000000  0.000000  -34.401427  13.947323  5.200210  64.582714  22.595378  13.013261  -1.302565  37.422113  -33.512907  18.072064  100.665475
0.329036  0.000000  0.000000  0.000000  -34.401427  13.947323  9.485925  65.267699  18.713174  11.072572  -1.302565  37.422113  -33.512907  18.072064  100.665475
0.329596  0.000000  0.000000  0.000000  -34.401427  13.947323  13.771639  65.802549  14.811897  9.219293  -1.302565  37.422113  -33.512907  18.072064  100.665475
0.330157  0.000000  0.000000  0.000000  -34.401427  13.947323  18.057353  66.200483  10.896331  7.431775  -1.302565  37.422113  -33.512907  18.072064  100.665475
0.330717  0.000000  0.000000  0.000000  -34.401427  13.947323  22.343067  66.471010  6.970683  5.690810  -1.302565  37.422113  -33.512907  18.072064  100.665475
0.331278  0.000000  0.000000  0.000000  -34.401427  13.947323  26.628782  66.620457  3.038764  3.978830  -1.302565  37.422113  -33.512907  18.072064  100.665475
0.331839  0.000000  0.000000  0.000000  -34.401427  13.947323  30.914496  66.652260  -0.895832  2.279302  -1.302565  37.422113  -33.512907  18.072064  100.665475
0.332399  0.000000  0.000000  0.000000  -34.401427  13.947323  35.200210  66.567140  -4.829645  0.576113  -1.302565  37.422113  -33.512907  18.072064  100.665475
0.332960  0.000000  0.000000  0.000000  -34.401427  13.947323  39.485925  66.363148  -8.759155  -1.146981  -1.302565  37.422113  -33.512907  18.072064  100.665475
0.333520  0.000000  0.000000  0.000000  -34.401427  13.947323  43.771639  66.035580  -12.680710  -2.906869  -1.302565  37.422113  -33.512907  18.072064  100.665475
0.334081  0.000000  0.000000  0.000000  -34.401427  13.947323  48.057353  65.576695  -16.590322  -4.721817  -1.302565  37.422113  -33.512907  18.072064  100.665475
0.334641  0.000000  0.000000  0.000000  -34.401427  13.947323  52.343067  64.975369  -20.483549  -6.612034  -1.302565  37.422113  -33.512907  18.072064  100.665475
0.335202  0.000000  0.000000  0.000000  -34.401427  13.947323  56.628782  64.216476  -24.355272  -8.600566  -1.302565  37.422113  -33.512907  18.072064  100.665475
0.335762  0.000000  0.000000  0.000000  -34.401427  13.947323  60.914496  63.280080  -28.199435  -10.714302  -1.302565  37.422113  -33.512907  18.072064  100.665475
0.336323  0.000000  0.000000  0.000000  -17.668872  12.751848  0.914496  62.108422  22.400671  4.684291  15.929305  51.499240  -18.239200  29.562426  95.333269
0.336883  0.000000  0.000000  0.000000  -17.668872  12.751848  5.200210  62.849186  18.599469  2.570449  15.929305  51.499240  -18.239200  29.562426  95.333269
0.337444  0.000000  0.000000  0.000000  -17.668872  12.751848  9.485925  63.429942  14.775728  0.549315  15.929305  51.499240  -18.239200  29.562426  95.333269
0.338004  0.000000  0.000000  0.000000  -17.668872  12.751848  13.771639  63.864302  10.935019  -1.401661  15.929305  51.499240  -18.239200  29.562426  95.333269
0.338565  0.000000  0.000000  0.000000  -17.668872  12.751848  18.057353  64.162151  7.082253  -3.302600  15.929305  51.499240  -18.239200  29.562426  95.333269
0.339126  0.000000  0.000000  0.000000  -17.668872  12.751848  22.343067  64.330130  3.221899  -5.171969  15.929305  51.499240  -18.239200  29.562426  95.333269
0.339686  0.000000  0.000000  0.000000  -17.668872  12.751848  26.628782  64.371924  -0.641851  -7.027187  15.929305  51.499240  -18.239200  29.562426  95.333269
0.340247  0.000000  0.000000  0.000000  -17.668872  12.751848  30.914496  64.288446  -4.504927  -8.885214  15.929305  51.499240  -18.239200  29.562426  95.333269
0.340807  0.000000  0.000000  0.000000  -17.668872  12.751848  35.200210  64.077869  -8.363233  -10.763107  15.929305  51.499240  -18.239200  29.562426  95.333269
0.341368  0.000000  0.000000  0.000000  -17.668872  12.751848  39.485925  63.735562  -12.212510  -12.678546  15.929305  51.499240  -18.239200  29.562426  95.333269
0.341928  0.000000  0.000000  0.000000  -17.668872  12.751848  43.771639  63.253838  -16.048156  -14.650491  15.929305  51.499240  -18.239200  29.562426  95.333269
0.342489  0.000000  0.000000  0.000000  -17.668872  12.751848  48.057353  62.621637  -19.865065  -16.699782  15.929305  51.499240  -18.239200  29.562426  95.333269
0.343049  0.000000  0.000000  0.000000  -17.668872  12.751848  52.343067  61.823965  -23.657397  -18.849952  15.929305  51.499240  -18.239200  29.562426  95.333269
0.343610  0.000000  0.000000  0.000000  -17.668872  12.751848  56.628782  60.841187  -27.418305  -21.128153  15.929305  51.499240  -18.239200  29.562426  95.333269
0.344170  0.000000  0.000000  0.000000  -17.668872  12.751848  60.914496  59.648026  -31.139583  -23.566291  15.929305  51.499240  -18.239200  29.562426  95.333269
0.344731  0.000000  0.000000  0.000000  -6.266411  17.305611  -0.636467  56.034954  21.901353  8.033820  5.682958  54.354794  -35.386010  13.971428  94.498373
0.345291  0.000000  0.000000  0.000000  -6.266411  17.305611  3.649247  56.902416  18.328241  5.513026  5.682958  54.354794  -35.386010  13.971428  94.498373
0.345852  0.000000  0.000000  0.000000  -6.266411  17.305611  7.934962  57.590698  14.723365  3.094833  5.682958  54.354794  -35.386010  13.971428  94.498373
0.346413  0.000000  0.000000  0.000000  -6.266411  17.305611  12.220676  58.113613  11.094235  0.755621  5.682958  54.354794  -35.386010  13.971428  94.498373
0.346973  0.000000  0.000000  0.000000  -6.266411  17.305611  16.506390  58.481416  7.447511  -1.525982  5.682958  54.354794  -35.386010  13.971428  94.498373
0.347534  0.000000  0.000000  0.000000  -6.266411  17.305611  20.792104  58.701237  3.789302  -3.769836  5.682958  54.354794  -35.386010  13.971428  94.498373
0.348094  0.000000  0.000000  0.000000  -6.266411  17.305611  25.077819  58.777276  0.125352  -5.994756  5.682958  54.354794  -35.386010  13.971428  94.498373
0.348655  0.000000  0.000000  0.000000  -6.266411  17.305611  29.363533  58.710979  -3.538784  -8.219049  5.682958  54.354794  -35.386010  13.971428  94.498373
0.349215  0.000000  0.000000  0.000000  -6.266411  17.305611  33.649247  58.501106  -7.197569  -10.461024  5.682958  54.354794  -35.386010  13.971428  94.498373
0.349776  0.000000  0.000000  0.000000  -6.266411  17.305611  37.934962  58.143617  -10.845266  -12.739427  5.682958  54.354794  -35.386010  13.971428  94.498373
0.350336  0.000000  0.000000  0.000000  -6.266411  17.305611  42.220676  57.631609  -14.475811  -15.074024  5.682958  54.354794  -35.386010  13.971428  94.498373
0.350897  0.000000  0.000000  0.000000  -6.266411  17.305611  46.506390  56.955030  -18.082570  -17.486097  5.682958  54.354794  -35.386010  13.971428  94.498373
0.351457  0.000000  0.000000  0.000000  -6.266411  17.305611  50.792104  56.100352  -21.658129  -19.999057  5.682958  54.354794  -35.386010  13.971428  94.498373
0.352018  0.000000  0.000000  0.000000  -6.266411  17.305611  55.077819  55.050107  -25.193951  -22.639139  5.682958  54.354794  -35.386010  13.971428  94.498373
0.352578  0.000000  0.000000  0.000000  -6.266411  17.305611  59.363533  53.782275  -28.680123  -25.436094  5.682958  54.354794  -35.386010  13.971428  94.498373
0.353139  0.000000  0.000000  0.000000  -23.227743  16.287956  -0.636467  61.113281  34.446019  12.141375  4.140173  50.505283  -36.178139  19.337501  97.141072
0.353700  0.000000  0.000000  0.000000  -23.227743  16.287956  3.649247  62.408633  30.669735  9.735890  4.140173  50.505283  -36.178139  19.337501  97.141072
0.354260  0.000000  0.000000  0.000000  -23.227743  16.287956  7.934962  63.479126  26.852509  7.512520  4.140173  50.505283  -36.178139  19.337501  97.141072
0.354821  0.000000  0.000000  0.000000  -23.227743  16.287956  12.220676  64.355311  23.002794  5.435020  4.140173  50.505283  -36.178139  19.337501  97.141072
0.355381  0.000000  0.000000  0.000000  -23.227743  16.287956  16.506390  65.060883  19.127492  3.473273  4.140173  50.505283  -36.178139  19.337501  97.141072
0.355942  0.000000  0.000000  0.000000  -23.227743  16.287956  20.792104  65.614034  15.232357  1.601798  4.140173  50.505283  -36.178139  19.337501  97.141072
0.356502  0.000000  0.000000  0.000000  -23.227743  16.287956  25.077819  66.028447  11.322286  -0.201437  4.140173  50.505283  -36.178139  19.337501  97.141072
0.357063  0.000000  0.000000  0.000000  -23.227743  16.287956  29.363533  66.314038  7.401592  -1.955915  4.140173  50.505283  -36.178139  19.337501  97.141072
0.357623  0.000000  0.000000  0.000000  -23.227743  16.287956  33.649247  66.477471  3.474144  -3.679408  4.140173  50.505283  -36.178139  19.337501  97.141072
0.358184  0.000000  0.000000  0.000000  -23.227743  16.287956  37.934962  66.522507  -0.456399  -5.388589  4.140173  50.505283  -36.178139  19.337501  97.141072
0.358744  0.000000  0.000000  0.000000  -23.227743  16.287956  42.220676  66.450167  -4.386542  -7.099645  4.140173  50.505283  -36.178139  19.337501  97.141072
0.359305  0.000000  0.000000  0.000000  -23.227743  16.287956  46.506390  66.258797  -8.312738  -8.828821  4.140173  50.505283  -36.178139  19.337501  97.141072
0.359865  0.000000  0.000000  0.000000  -23.227743  16.287956  50.792104  65.944008  -12.231335  -10.592981  4.140173  50.505283  -36.178139  19.337501  97.141072
0.360426  0.000000  0.000000  0.000000  -23.227743  16.287956  55.077819  65.498389  -16.138337  -12.410239  4.140173  50.505283  -36.178139  19.337501  97.141072
0.360987  0.000000  0.000000  0.000000  -23.227743  16.287956  59.363533  64.911214  -20.029333  -14.300602  4.140173  50.505283  -36.178139  19.337501  97.141072
0.361547  0.000000  0.000000  0.000000  -31.210934  12.854745  -0.636467  64.080444  26.239734  6.709669  12.262165  39.935226  -13.633996  19.351449  86.065767
0.362108  0.000000  0.000000  0.000000  -31.210934  12.854745  3.649247  64.914203  22.371159  4.685350  12.262165  39.935226  -13.633996  19.351449  86.065767
0.362668  0.000000  0.000000  0.000000  -31.210934  12.854745  7.934962  65.582724  18.478780  2.770968  12.262165  39.935226  -13.633996  19.351449  86.065767
0.363229  0.000000  0.000000  0.000000  -31.210934  12.854745  12.220676  66.103272  14.568031  0.941888  12.262165  39.935226  -13.633996  19.351449  86.065767
0.363789  0.000000  0.000000  0.000000  -31.210934  12.854745  16.506390  66.488754  10.643565  -0.823237  12.262165  39.935226  -13.633996  19.351449  86.065767
0.364350  0.000000  0.000000  0.000000  -31.210934  12.854745  20.792104  66.748416  6.709480  -2.543372  12.262165  39.935226  -13.633996  19.351449  86.065767
0.364910  0.000000  0.000000  0.000000  -31.210934  12.854745  25.077819  66.888353  2.769497  -4.235886  12.262165  39.935226  -13.633996  19.351449  86.065767
0.365471  0.000000  0.000000  0.000000  -31.210934  12.854745  29.363533  66.911794  -1.172877  -5.917157  12.262165  39.935226  -13.633996  19.351449  86.065767
0.366031  0.000000  0.000000  0.000000  -31.210934  12.854745  33.649247  66.819274  -5.114242  -7.603178  12.262165  39.935226  -13.633996  19.351449  86.065767
0.366592  0.000000  0.000000  0.000000  -31.210934  12.854745  37.934962  66.608667  -9.051147  -9.310106  12.262165  39.935226  -13.633996  19.351449  86.065767
0.367152  0.000000  0.000000  0.000000  -31.210934  12.854745  42.220676  66.275073  -12.979978  -11.054830  12.262165  39.935226  -13.633996  19.351449  86.065767
0.367713  0.000000  0.000000  0.000000  -31.210934  12.854745  46.506390  65.810566  -16.896808  -12.855585  12.262165  39.935226  -13.633996  19.351449  86.065767
0.368274  0.000000  0.000000  0.000000  -31.210934  12.854745  50.792104  65.203791  -20.797231  -14.732659  12.262165  39.935226  -13.633996  19.351449  86.065767
0.368834  0.000000  0.000000  0.000000  -31.210934  12.854745  55.077819  64.439349  -24.676161  -16.709230  12.262165  39.935226  -13.633996  19.351449  86.065767
0.369395  0.000000  0.000000  0.000000  -31.210934  12.854745  59.363533  63.496952  -28.527567  -18.812417  12.262165  39.935226  -13.633996  19.351449  86.065767
0.369955  0.000000  0.000000  0.000000  -20.181980  8.185213  -0.636467  65.333896  28.117761  3.908038  23.654521  58.358608  -13.282940  18.374960  99.095210
0.370516  0.000000  0.000000  0.000000  -20.181980  8.185213  3.649247  66.198510  24.209290  1.948468  23.654521  58.358608  -13.282940  18.374960  99.095210
0.371076  0.000000  0.000000  0.000000  -20.181980  8.185213  7.934962  66.896412  20.277255  0.106019  23.654521  58.358608  -13.282940  18.374960  99.095210
0.371637  0.000000  0.000000  0.000000  -20.181980  8.185213  12.220676  67.446633  16.326910  -1.644970  23.654521  58.358608  -13.282940  18.374960  99.095210
0.372197  0.000000  0.000000  0.000000  -20.181980  8.185213  16.506390  67.863511  12.362714  -3.326434  23.654521  58.358608  -13.282940  18.374960  99.095210
0.372758  0.000000  0.000000  0.000000  -20.181980  8.185213  20.792104  68.157464  8.388503  -4.957514  23.654521  58.358608  -13.282940  18.374960  99.095210
0.373318  0.000000  0.000000  0.000000  -20.181980  8.185213  25.077819  68.335656  4.407725  -6.555488  23.654521  58.358608  -13.282940  18.374960  99.095210
0.373879  0.000000  0.000000  0.000000  -20.181980  8.185213  29.363533  68.402332  0.423571  -8.136407  23.654521  58.358608  -13.282940  18.374960  99.095210
0.374439  0.000000  0.000000  0.000000  -20.181980  8.185213  33.649247  68.359069  -3.560915  -9.715701  23.654521  58.358608  -13.282940  18.374960  99.095210
0.375000  0.000000  0.000000  0.000000  -20.181980  8.185213  37.934962  68.204848  -7.542660  -11.308741  23.654521  58.358608  -13.282940  18.374960  99.095210
0.375561  0.000000  0.000000  0.000000  -20.181980  8.185213  42.220676  67.936001  -11.518546  -12.931385  23.654521  58.358608  -13.282940  18.374960  99.095210
0.376121  0.000000  0.000000  0.000000  -20.181980  8.185213  46.506390  67.546019  -15.485182  -14.600599  23.654521  58.358608  -13.282940  18.374960  99.095210
0.376682  0.000000  0.000000  0.000000  -20.181980  8.185213  50.792104  67.025199  -19.438816  -16.335084  23.654521  58.358608  -13.282940  18.374960  99.095210
0.377242  0.000000  0.000000  0.000000  -20.181980  8.185213  55.077819  66.360109  -23.375150  -18.156088  23.654521  58.358608  -13.282940  18.374960  99.095210
0.377803  0.000000  0.000000  0.000000  -20.181980  8.185213  59.363533  65.532800  -27.289119  -20.088384  23.654521  58.358608  -13.282940  18.374960  99.095210
0.378363  0.000000  0.000000  0.000000  -20.602327  15.992908  -0.636467  64.362509  23.761584  10.124796  0.220386  58.170952  -29.101150  24.507465  98.369154
0.378924  0.000000  0.000000  0.000000  -20.602327  15.992908  3.649247  65.095506  19.885608  8.154345  0.220386  58.170952  -29.101150  24.507465  98.369154
0.379484  0.000000  0.000000  0.000000  -20.602327  15.992908  7.934962  65.673645  15.989002  6.278379  0.220386  58.170952  -29.101150  24.507465  98.369154
0.380045  0.000000  0.000000  0.000000  -20.602327  15.992908  12.220676  66.111359  12.076748  4.474386  0.220386  58.170952  -29.101150  24.507465  98.369154
0.380605  0.000000  0.000000  0.000000  -20.602327  15.992908  16.506390  66.419239  8.153213  2.722483  0.220386  58.170952  -29.101150  24.507465  98.369154
0.381166  0.000000  0.000000  0.000000  -20.602327  15.992908  20.792104  66.604520  4.222303  1.004701  0.220386  58.170952  -29.101150  24.507465  98.369154
0.381726  0.000000  0.000000  0.000000  -20.602327  15.992908  25.077819  66.671466  0.287654  -0.695736  0.220386  58.170952  -29.101150  24.507465  98.369154
0.382287  0.000000  0.000000  0.000000  -20.602327  15.992908  29.363533  66.621613  -3.647247  -2.394996  0.220386  58.170952  -29.101150  24.507465  98.369154
0.382848  0.000000  0.000000  0.000000  -20.602327  15.992908  33.649247  66.453841  -7.578925  -4.109224  0.220386  58.170952  -29.101150  24.507465  98.369154
0.383408  0.000000  0.000000  0.000000  -20.602327  15.992908  37.934962  66.164263  -11.503774  -5.855050  0.220386  58.170952  -29.101150  24.507465  98.369154
0.383969  0.000000  0.000000  0.000000  -20.602327  15.992908  42.220676  65.746099  -15.417934  -7.650248  0.220386  58.170952  -29.101150  24.507465  98.369154
0.384529  0.000000  0.000000  0.000000  -20.602327  15.992908  46.506390  65.189296  -19.317123  -9.514353  0.220386  58.170952  -29.101150  24.507465  98.369154
0.385090  0.000000  0.000000  0.000000  -20.602327  15.992908  50.792104  64.480011  -23.196457  -11.469454  0.220386  58.170952  -29.101150  24.507465  98.369154
0.385650  0.000000  0.000000  0.000000  -20.602327  15.992908  55.077819  63.599855  -27.050199  -13.541160  0.220386  58.170952  -29.101150  24.507465  98.369154
0.386211  0.000000  0.000000  0.000000  -20.602327  15.992908  59.363533  62.524873  -30.871447  -15.759781  0.220386  58.170952  -29.101150  24.507465  98.369154
0.386771  0.000000  0.000000  0.000000  -29.287057  11.875359  -2.760105  65.072701  24.097672  9.447805  26.022501  51.580839  -24.251203  24.378272  90.324718
0.387332  0.000000  0.000000  0.000000  -29.287057  11.875359  1.525609  65.798256  20.199449  7.524575  26.022501  51.580839  -24.251203  24.378272  90.324718
0.387892  0.000000  0.000000  0.000000  -29.287057  11.875359  5.811323  66.371111  16.281337  5.695624  26.022501  51.580839  -24.251203  24.378272  90.324718
0.388453  0.000000  0.000000  0.000000  -29.287057  11.875359  10.097037  66.805824  12.348124  3.938557  26.022501  51.580839  -24.251203  24.378272  90.324718
0.389013  0.000000  0.000000  0.000000  -29.287057  11.875359  14.382752  67.113095  8.403993  2.233653  26.022501  51.580839  -24.251203  24.378272  90.324718
0.389574  0.000000  0.000000  0.000000  -29.287057  11.875359  18.668466  67.300255  4.452673  0.563160  26.022501  51.580839  -24.251203  24.378272  90.324718
0.390135  0.000000  0.000000  0.000000  -29.287057  11.875359  22.954180  67.371665  0.497629  -1.089457  26.022501  51.580839  -24.251203  24.378272  90.324718
0.390695  0.000000  0.000000  0.000000  -29.287057  11.875359  27.239895  67.328996  -3.457829  -2.740087  26.022501  51.580839  -24.251203  24.378272  90.324718
0.391256  0.000000  0.000000  0.000000  -29.287057  11.875359  31.525609  67.171268  -7.410402  -4.404567  26.022501  51.580839  -24.251203  24.378272  90.324718
0.391816  0.000000  0.000000  0.000000  -29.287057  11.875359  35.811323  66.894789  -11.356680  -6.099199  26.022501  51.580839  -24.251203  24.378272  90.324718
0.392377  0.000000  0.000000  0.000000  -29.287057  11.875359  40.097037  66.492998  -15.293010  -7.841384  26.022501  51.580839  -24.251203  24.378272  90.324718
0.392937  0.000000  0.000000  0.000000  -29.287057  11.875359  44.382752  65.956111  -19.215346  -9.650255  26.022501  51.580839  -24.251203  24.378272  90.324718
0.393498  0.000000  0.000000  0.000000  -29.287057  11.875359  48.668466  65.270593  -23.119068  -11.547465  26.022501  51.580839  -24.251203  24.378272  90.324718
0.394058  0.000000  0.000000  0.000000  -29.287057  11.875359  52.954180  64.418414  -26.998741  -13.558145  26.022501  51.580839  -24.251203  24.378272  90.324718
0.394619  0.000000  0.000000  0.000000  -29.287057  11.875359  57.239895  63.375976  -30.847852  -15.712132  26.022501  51.580839  -24.251203  24.378272  90.324718
0.395179  0.000000  0.000000  0.000000  -31.243973  15.359944  -2.760105  62.610904  39.316536  13.725547  25.898938  46.561182  -24.263636  20.934371  103.199958
0.395740  0.000000  0.000000  0.000000  -31.243973  15.359944  1.525609  64.081592  35.485569  11.305802  25.898938  46.561182  -24.263636  20.934371  103.199958
0.396300  0.000000  0.000000  0.000000  -31.243973  15.359944  5.811323  65.297140  31.610717  9.107711  25.898938  46.561182  -24.263636  20.934371  103.199958
0.396861  0.000000  0.000000  0.000000  -31.243973  15.359944  10.097037  66.297994  27.701250  7.086265  25.898938  46.561182  -24.263636  20.934371  103.199958
0.397422  0.000000  0.000000  0.000000  -31.243973  15.359944  14.382752  67.115204  23.764469  5.205304  25.898938  46.561182  -24.263636  20.934371  103.199958
0.397982  0.000000  0.000000  0.000000  -31.243973  15.359944  18.668466  67.772559  19.806257  3.435258  25.898938  46.561182  -24.263636  20.934371  103.199958
0.398543  0.000000  0.000000  0.000000  -31.243973  15.359944  22.954180  68.288164  15.831465  1.751450  25.898938  46.561182  -24.263636  20.934371  103.199958
0.399103  0.000000  0.000000  0.000000  -31.243973  15.359944  27.239895  68.675560  11.844181  0.132801  25.898938  46.561182  -24.263636  20.934371  103.199958
0.399664  0.000000  0.000000  0.000000  -31.243973  15.359944  31.525609  68.944555  7.847992  -1.439161  25.898938  46.561182  -24.263636  20.934371  103.199958
0.400224  0.000000  0.000000  0.000000  -31.243973  15.359944  35.811323  69.101738  3.846061  -2.981115  25.898938  46.561182  -24.263636  20.934371  103.199958
0.400785  0.000000  0.000000  0.000000  -31.243973  15.359944  40.097037  69.150929  -0.158608  -4.508636  25.898938  46.561182  -24.263636  20.934371  103.199958
0.401345  0.000000  0.000000  0.000000  -31.243973  15.359944  44.382752  69.093258  -4.163170  -6.036740  25.898938  46.561182  -24.263636  20.934371  103.199958
0.401906  0.000000  0.000000  0.000000  -31.243973  15.359944  48.668466  68.927389  -8.164750  -7.580496  25.898938  46.561182  -24.263636  20.934371  103.199958
0.402466  0.000000  0.000000  0.000000  -31.243973  15.359944  52.954180  68.649306  -12.160365  -9.155526  25.898938  46.561182  -24.263636  20.934371  103.199958
0.403027  0.000000  0.000000  0.000000  -31.243973  15.359944  57.239895  68.252150  -16.146790  -10.778631  25.898938  46.561182  -24.263636  20.934371  103.199958
0.403587  0.000000  0.000000  0.000000  -12.283047  6.765482  -2.760105  58.912749  19.092964  4.725077  9.736846  53.941037  -50.121119  29.895030  86.014010
0.404148  0.000000  0.000000  0.000000  -12.283047  6.765482  1.525609  59.593453  15.409154  2.431208  9.736846  53.941037  -50.121119  29.895030  86.014010
0.404709  0.000000  0.000000  0.000000  -12.283047  6.765482  5.811323  60.112660  11.702659  0.217523  9.736846  53.941037  -50.121119  29.895030  86.014010
0.405269  0.000000  0.000000  0.000000  -12.283047  6.765482  10.097037  60.481210  7.979620  -1.937408  9.736846  53.941037  -50.121119  29.895030  86.014010
0.405830  0.000000  0.000000  0.000000  -12.283047  6.765482  14.382752  60.706669  4.245640  -4.053334  9.736846  53.941037  -50.121119  29.895030  86.014010
0.406390  0.000000  0.000000  0.000000  -12.283047  6.765482  18.668466  60.793590  0.505953  -6.148852  9.736846  53.941037  -50.121119  29.895030  86.014010
0.406951  0.000000  0.000000  0.000000  -12.283047  6.765482  22.954180  60.743721  -3.234413  -8.241940  9.736846  53.941037  -50.121119  29.895030  86.014010
0.407511  0.000000  0.000000  0.000000  -12.283047  6.765482  27.239895  60.556071  -6.970441  -10.350549  9.736846  53.941037  -50.121119  29.895030  86.014010
0.408072  0.000000  0.000000  0.000000  -12.283047  6.765482  31.525609  60.226844  -10.696972  -12.493040  9.736846  53.941037  -50.121119  29.895030  86.014010
0.408632  0.000000  0.000000  0.000000  -12.283047  6.765482  35.811323  59.749317  -14.408529  -14.688787  9.736846  53.941037  -50.121119  29.895030  86.014010
0.409193  0.000000  0.000000  0.000000  -12.283047  6.765482  40.097037  59.113569  -18.099122  -16.958730  9.736846  53.941037  -50.121119  29.895030  86.014010
0.409753  0.000000  0.000000  0.000000  -12.283047  6.765482  44.382752  58.306082  -21.762023  -19.326036  9.736846  53.941037  -50.121119  29.895030  86.014010
0.410314  0.000000  0.000000  0.000000  -12.283047  6.765482  48.668466  57.309226  -25.389490  -21.816859  9.736846  53.941037  -50.121119  29.895030  86.014010
0.410874  0.000000  0.000000  0.000000  -12.283047  6.765482  52.954180  56.100525  -28.972420  -24.461189  9.736846  53.941037  -50.121119  29.895030  86.014010
0.411435  0.000000  0.000000  0.000000  -12.283047  6.765482  57.239895  54.651893  -32.499943  -27.293865  9.736846  53.941037  -50.121119  29.895030  86.014010
0.411996  0.000000  0.000000  0.000000  -16.930342  0.551776  -2.760105  64.729213  19.468235  -3.127107  5.670930  39.185418  -24.525489  22.061739  98.725438
0.412556  0.000000  0.000000  0.000000  -16.930342  0.551776  1.525609  65.301128  15.583208  -5.025059  5.670930  39.185418  -24.525489  22.061739  98.725438
0.413117  0.000000  0.000000  0.000000  -16.930342  0.551776  5.811323  65.732099  11.682519  -6.852328  5.670930  39.185418  -24.525489  22.061739  98.725438
0.413677  0.000000  0.000000  0.000000  -16.930342  0.551776  10.097037  66.032412  7.770597  -8.628724  5.670930  39.185418  -24.525489  22.061739  98.725438
0.414238  0.000000  0.000000  0.000000  -16.930342  0.551776  14.382752  66.209058  3.851433  -10.372248  5.670930  39.185418  -24.525489  22.061739  98.725438
0.414798  0.000000  0.000000  0.000000  -16.930342  0.551776  18.668466  66.266072  -0.071251  -12.099759  5.670930  39.185418  -24.525489  22.061739  98.725438
0.415359  0.000000  0.000000  0.000000  -16.930342  0.551776  22.954180  66.204739  -3.993874  -13.827561  5.670930  39.185418  -24.525489  22.061739  98.725438
0.415919  0.000000  0.000000  0.000000  -16.930342  0.551776  27.239895  66.023700  -7.912839  -15.571988  5.670930  39.185418  -24.525489  22.061739  98.725438
0.416480  0.000000  0.000000  0.000000  -16.930342  0.551776  31.525609  65.718783  -11.824426  -17.349905  5.670930  39.185418  -24.525489  22.061739  98.725438
0.417040  0.000000  0.000000  0.000000  -16.930342  0.551776  35.811323  65.282894  -15.724628  -19.179381  5.670930  39.185418  -24.525489  22.061739  98.725438
0.417601  0.000000  0.000000  0.000000  -16.930342  0.551776  40.097037  64.705620  -19.608995  -21.080305  5.670930  39.185418  -24.525489  22.061739  98.725438
0.418161  0.000000  0.000000  0.000000  -16.930342  0.551776  44.382752  63.972691  -23.472439  -23.075195  5.670930  39.185418  -24.525489  22.061739  98.725438
0.418722  0.000000  0.000000  0.000000  -16.930342  0.551776  48.668466  63.065227  -27.308970  -25.190148  5.670930  39.185418  -24.525489  22.061739  98.725438
0.419283  0.000000  0.000000  0.000000  -16.930342  0.551776  52.954180  61.958691  -31.111423  -27.456106  5.670930  39.185418  -24.525489  22.061739  98.725438
0.419843  0.000000  0.000000  0.000000  -16.930342  0.551776  57.239895  60.621521  -34.870926  -29.910252  5.670930  39.185418  -24.525489  22.061739  98.725438
0.420404  0.000000  0.000000  0.000000  -17.863373  17.408570  -2.760105  56.484422  23.181877  10.897791  22.298869  54.124463  -41.397124  27.966401  90.796015
0.420964  0.000000  0.000000  0.000000  -17.863373  17.408570  1.525609  57.400358  19.589311  8.387528  22.298869  54.124463  -41.397124  27.966401  90.796015
0.421525  0.000000  0.000000  0.000000  -17.863373  17.408570  5.811323  58.133577  15.963531  5.987455  22.298869  54.124463  -41.397124  27.966401  90.796015
0.422085  0.000000  0.000000  0.000000  -17.863373  17.408570  10.097037  58.699227  12.312119  3.673116  22.298869  54.124463  -41.397124  27.966401  90.796015
0.422646  0.000000  0.000000  0.000000  -17.863373  17.408570  14.382752  59.108738  8.641770  1.422507  22.298869  54.124463  -41.397124  27.966401  90.796015
0.423206  0.000000  0.000000  0.000000  -17.863373  17.408570  18.668466  59.370237  4.958542  -0.784572  22.298869  54.124463  -41.397124  27.966401  90.796015
0.423767  0.000000  0.000000  0.000000  -17.863373  17.408570  22.954180  59.488854  1.268090  -2.967110  22.298869  54.124463  -41.397124  27.966401  90.796015
0.424327  0.000000  0.000000  0.000000  -17.863373  17.408570  27.239895  59.466878  -2.424225  -5.143448  22.298869  54.124463  -41.397124  27.966401  90.796015
0.424888  0.000000  0.000000  0.000000  -17.863373  17.408570  31.525609  59.303897  -6.113011  -7.331689  22.298869  54.124463  -41.397124  27.966401  90.796015
0.425448  0.000000  0.000000  0.000000  -17.863373  17.408570  35.811323  58.996734  -9.792827  -9.550311  22.298869  54.124463  -41.397124  27.966401  90.796015
0.426009  0.000000  0.000000  0.000000  -17.863373  17.408570  40.097037  58.539351  -13.457922  -11.818630  22.298869  54.124463  -41.397124  27.966401  90.796015
0.426570  0.000000  0.000000  0.000000  -17.863373  17.408570  44.382752  57.922620  -17.102065  -14.157347  22.298869  54.124463  -41.397124  27.966401  90.796015
0.427130  0.000000  0.000000  0.000000  -17.863373  17.408570  48.668466  57.134001  -20.718316  -16.589154  22.298869  54.124463  -41.397124  27.966401  90.796015
0.427691  0.000000  0.000000  0.000000  -17.863373  17.408570  52.954180  56.157098  -24.298751  -19.139430  22.298869  54.124463  -41.397124  27.966401  90.796015
0.428251  0.000000  0.000000  0.000000  -17.863373  17.408570  57.239895  54.971016  -27.834135  -21.836982  22.298869  54.124463  -41.397124  27.966401  90.796015
0.428812  0.000000  0.000000  0.000000  -11.304269  4.789942  -2.760105  63.357859  19.224061  -1.441776  17.944855  59.600505  -32.579526  16.971387  100.238408
0.429372  0.000000  0.000000  0.000000  -11.304269  4.789942  1.525609  63.950658  15.383090  -3.433512  17.944855  59.600505  -32.579526  16.971387  100.238408
0.429933  0.000000  0.000000  0.000000  -11.304269  4.789942  5.811323  64.397517  11.525054  -5.352859  17.944855  59.600505  -32.579526  16.971387  100.238408
0.430493  0.000000  0.000000  0.000000  -11.304269  4.789942  10.097037  64.708788  7.654774  -7.220062  17.944855  59.600505  -32.579526  16.971387  100.238408
0.431054  0.000000  0.000000  0.000000  -11.304269  4.789942  14.382752  64.891515  3.776606  -9.053588  17.944855  59.600505  -32.579526  16.971387  100.238408
0.431614  0.000000  0.000000  0.000000  -11.304269  4.789942  18.668466  64.949760  -0.105380  -10.870772  17.944855  59.600505  -32.579526  16.971387  100.238408
0.432175  0.000000  0.000000  0.000000  -11.304269  4.789942  22.954180  64.884803  -3.987266  -12.688407  17.944855  59.600505  -32.579526  16.971387  100.238408
0.432735  0.000000  0.000000  0.000000  -11.304269  4.789942  27.239895  64.695239  -7.865110  -14.523317  17.944855  59.600505  -32.579526  16.971387  100.238408
0.433296  0.000000  0.000000  0.000000  -11.304269  4.789942  31.525609  64.376818  -11.734842  -16.392861  17.944855  59.600505  -32.579526  16.971387  100.238408
0.433857  0.000000  0.000000  0.000000  -11.304269  4.789942  35.811323  63.922334  -15.592081  -18.315597  17.944855  59.600505  -32.579526  16.971387  100.238408
0.434417  0.000000  0.000000  0.000000  -11.304269  4.789942  40.097037  63.321245  -19.431975  -20.311890  17.944855  59.600505  -32.579526  16.971387  100.238408
0.434978  0.000000  0.000000  0.000000  -11.304269  4.789942  44.382752  62.559156  -23.248994  -22.404696  17.944855  59.600505  -32.579526  16.971387  100.238408
0.435538  0.000000  0.000000  0.000000  -11.304269  4.789942  48.668466  61.617107  -27.036660  -24.620496  17.944855  59.600505  -32.579526  16.971387  100.238408
0.436099  0.000000  0.000000  0.000000  -11.304269  4.789942  52.954180  60.470591  -30.787215  -26.990429  17.944855  59.600505  -32.579526  16.971387  100.238408
0.436659  0.000000  0.000000  0.000000  -11.304269  4.789942  57.239895  59.088288  -34.491184  -29.551702  17.944855  59.600505  -32.579526  16.971387  100.238408
0.437220  0.000000  0.000000  0.000000  -19.474514  8.496597  -2.760105  63.176999  27.223025  4.470575  11.261847  59.225187  -43.910261  18.706561  90.636929
0.437780  0.000000  0.000000  0.000000  -19.474514  8.496597  1.525609  64.077448  23.382880  2.365167  11.261847  59.225187  -43.910261  18.706561  90.636929
0.438341  0.000000  0.000000  0.000000  -19.474514  8.496597  5.811323  64.804264  19.516150  0.378899  11.261847  59.225187  -43.910261  18.706561  90.636929
0.438901  0.000000  0.000000  0.000000  -19.474514  8.496597  10.097037  65.376179  15.628745  -1.514189  11.261847  59.225187  -43.910261  18.706561  90.636929
0.439462  0.000000  0.000000  0.000000  -19.474514  8.496597  14.382752  65.807377  11.725743  -3.336555  11.261847  59.225187  -43.910261  18.706561  90.636929
0.440022  0.000000  0.000000  0.000000  -19.474514  8.496597  18.668466  66.108125  7.811518  -5.107941  11.261847  59.225187  -43.910261  18.706561  90.636929
0.440583  0.000000  0.000000  0.000000  -19.474514  8.496597  22.954180  66.285453  3.890056  -6.846358  11.261847  59.225187  -43.910261  18.706561  90.636929
0.441143  0.000000  0.000000  0.000000  -19.474514  8.496597  27.239895  66.343422  -0.034940  -8.568640  11.261847  59.225187  -43.910261  18.706561  90.636929
0.441704  0.000000  0.000000  0.000000  -19.474514  8.496597  31.525609  66.283338  -3.959911  -10.291066  11.261847  59.225187  -43.910261  18.706561  90.636929
0.442265  0.000000  0.000000  0.000000  -19.474514  8.496597  35.811323  66.103865  -7.881271  -12.029929  11.261847  59.225187  -43.910261  18.706561  90.636929
0.442825  0.000000  0.000000  0.000000  -19.474514  8.496597  40.097037  65.800866  -11.795333  -13.802058  11.261847  59.225187  -43.910261  18.706561  90.636929
0.443386  0.000000  0.000000  0.000000  -19.474514  8.496597  44.382752  65.367279  -15.698111  -15.625482  11.261847  59.225187  -43.910261  18.706561  90.636929
0.443946  0.000000  0.000000  0.000000  -19.474514  8.496597  48.668466  64.792730  -19.585181  -17.520039  11.261847  59.225187  -43.910261  18.706561  90.636929
0.444507  0.000000  0.000000  0.000000  -19.474514  8.496597  52.954180  64.062998  -23.451491  -19.508190  11.261847  59.225187  -43.910261  18.706561  90.636929
0.445067  0.000000  0.000000  0.000000  -19.474514  8.496597  57.239895  63.159256  -27.291100  -21.615985  11.261847  59.225187  -43.910261  18.706561  90.636929
0.445628  0.000000  0.000000  0.000000  -6.318358  6.998200  -5.111022  63.325158  25.332103  10.589033  11.819571  57.271650  -34.522283  13.034585  99.526072
0.446188  0.000000  0.000000  0.000000  -6.318358  6.998200  -0.825308  64.146626  21.488378  8.522822  11.819571  57.271650  -34.522283  13.034585  99.526072
0.446749  0.000000  0.000000  0.000000  -6.318358  6.998200  3.460407  64.802880  17.620571  6.563399  11.819571  57.271650  -34.522283  13.034585  99.526072
0.447309  0.000000  0.000000  0.000000  -6.318358  6.998200  7.746121  65.310383  13.734246  4.686535  11.819571  57.271650  -34.522283  13.034585  99.526072
0.447870  0.000000  0.000000  0.000000  -6.318358  6.998200  12.031835  65.681395  9.834207  2.871072  11.819571  57.271650  -34.522283  13.034585  99.526072
0.448430  0.000000  0.000000  0.000000  -6.318358  6.998200  16.317549  65.924613  5.924713  1.098068  11.819571  57.271650  -34.522283  13.034585  99.526072
0.448991  0.000000  0.000000  0.000000  -6.318358  6.998200  20.603264  66.045631  2.009667  -0.649943  11.819571  57.271650  -34.522283  13.034585  99.526072
0.449552  0.000000  0.000000  0.000000  -6.318358  6.998200  24.888978  66.047189  -1.907241  -2.389602  11.819571  57.271650  -34.522283  13.034585  99.526072
0.450112  0.000000  0.000000  0.000000  -6.318358  6.998200  29.174692  65.929316  -5.822381  -4.137198  11.819571  57.271650  -34.522283  13.034585  99.526072
0.450673  0.000000  0.000000  0.000000  -6.318358  6.998200  33.460407  65.689350  -9.732068  -5.909334  11.819571  57.271650  -34.522283  13.034585  99.526072
0.451233  0.000000  0.000000  0.000000  -6.318358  6.998200  37.746121  65.321778  -13.632407  -7.723451  11.819571  57.271650  -34.522283  13.034585  99.526072
0.451794  0.000000  0.000000  0.000000  -6.318358  6.998200  42.031835  64.817986  -17.519149  -9.598449  11.819571  57.271650  -34.522283  13.034585  99.526072
0.452354  0.000000  0.000000  0.000000  -6.318358  6.998200  46.317549  64.165810  -21.387507  -11.555420  11.819571  57.271650  -34.522283  13.034585  99.526072
0.452915  0.000000  0.000000  0.000000  -6.318358  6.998200  50.603264  63.348912  -25.231939  -13.618501  11.819571  57.271650  -34.522283  13.034585  99.526072
0.453475  0.000000  0.000000  0.000000  -6.318358  6.998200  54.888978  62.345905  -29.045859  -15.815934  11.819571  57.271650  -34.522283  13.034585  99.526072
0.454036  0.000000  0.000000  0.000000  -22.445094  10.322633  -5.111022  61.370260  26.358059  4.161307  -0.562462  29.471414  -29.598230  22.565895  89.267835
0.454596  0.000000  0.000000  0.000000  -22.445094  10.322633  -0.825308  62.291375  22.579437  1.938871  -0.562462  29.471414  -29.598230  22.565895  89.267835
0.455157  0.000000  0.000000  0.000000  -22.445094  10.322633  3.460407  63.034464  18.771896  -0.164347  -0.562462  29.471414  -29.598230  22.565895  89.267835
0.455717  0.000000  0.000000  0.000000  -22.445094  10.322633  7.746121  63.617672  14.941862  -2.174253  -0.562462  29.471414  -29.598230  22.565895  89.267835
0.456278  0.000000  0.000000  0.000000  -22.445094  10.322633  12.031835  64.054815  11.094911  -4.113503  -0.562462  29.471414  -29.598230  22.565895  89.267835
0.456839  0.000000  0.000000  0.000000  -22.445094  10.322633  16.317549  64.355847  7.235874  -6.002178  -0.562462  29.471414  -29.598230  22.565895  89.267835
0.457399  0.000000  0.000000  0.000000  -22.445094  10.322633  20.603264  64.527524  3.369193  -7.858750  -0.562462  29.471414  -29.598230  22.565895  89.267835
0.457960  0.000000  0.000000  0.000000  -22.445094  10.322633  24.888978  64.573662  -0.501001  -9.700615  -0.562462  29.471414  -29.598230  22.565895  89.267835
0.458520  0.000000  0.000000  0.000000  -22.445094  10.322633  29.174692  64.495237  -4.370658  -11.544652  -0.562462  29.471414  -29.598230  22.565895  89.267835
0.459081  0.000000  0.000000  0.000000  -22.445094  10.322633  33.460407  64.290542  -8.235766  -13.407848  -0.562462  29.471414  -29.598230  22.565895  89.267835
0.459641  0.000000  0.000000  0.000000  -22.445094  10.322633  37.746121  63.955052  -12.092118  -15.307779  -0.562462  29.471414  -29.598230  22.565895  89.267835
0.460202  0.000000  0.000000  0.000000  -22.445094  10.322633  42.031835  63.481207  -15.935187  -17.263289  -0.562462  29.471414  -29.598230  22.565895  89.267835
0.460762  0.000000  0.000000  0.000000  -22.445094  10.322633  46.317549  62.858086  -19.759950  -19.295077  -0.562462  29.471414  -29.598230  22.565895  89.267835
0.461323  0.000000  0.000000  0.000000  -22.445094  10.322633  50.603264  62.070853  -23.560666  -21.426511  -0.562462  29.471414  -29.598230  22.565895  89.267835
0.461883  0.000000  0.000000  0.000000  -22.445094  10.322633  54.888978  61.100051  -27.330604  -23.684565  -0.562462  29.471414  -29.598230  22.565895  89.267835
0.462444  0.000000  0.000000  0.000000  -13.382645  10.192611  -5.111022  64.786245  29.745895  10.316833  6.040863  48.623391  -17.938142  12.048299  86.324960
0.463004  0.000000  0.000000  0.000000  -13.382645  10.192611  -0.825308  65.732348  25.853106  8.289558  6.040863  48.623391  -17.938142  12.048299  86.324960
0.463565  0.000000  0.000000  0.000000  -13.382645  10.192611  3.460407  66.501396  21.933974  6.392105  6.040863  48.623391  -17.938142  12.048299  86.324960
0.464126  0.000000  0.000000  0.000000  -13.382645  10.192611  7.746121  67.114785  17.994242  4.596777  6.040863  48.623391  -17.938142  12.048299  86.324960
0.464686  0.000000  0.000000  0.000000  -13.382645  10.192611  12.031835  67.588742  14.038709  2.880151  6.040863  48.623391  -17.938142  12.048299  86.324960
0.465247  0.000000  0.000000  0.000000  -13.382645  10.192611  16.317549  67.935296  10.071484  1.221950  6.040863  48.623391  -17.938142  12.048299  86.324960
0.465807  0.000000  0.000000  0.000000  -13.382645  10.192611  20.603264  68.162941  6.096197  -0.395846  6.040863  48.623391  -17.938142  12.048299  86.324960
0.466368  0.000000  0.000000  0.000000  -13.382645  10.192611  24.888978  68.277139  2.116153  -1.989803  6.040863  48.623391  -17.938142  12.048299  86.324960
0.466928  0.000000  0.000000  0.000000  -13.382645  10.192611  29.174692  68.280627  -1.865510  -3.575582  6.040863  48.623391  -17.938142  12.048299  86.324960
0.467489  0.000000  0.000000  0.000000  -13.382645  10.192611  33.460407  68.173436  -5.845741  -5.168569  6.040863  48.623391  -17.938142  12.048299  86.324960
0.468049  0.000000  0.000000  0.000000  -13.382645  10.192611  37.746121  67.953058  -9.821421  -6.784396  6.040863  48.623391  -17.938142  12.048299  86.324960
0.468610  0.000000  0.000000  0.000000  -13.382645  10.192611  42.031835  67.614212  -13.789258  -8.439534  6.040863  48.623391  -17.938142  12.048299  86.324960
0.469170  0.000000  0.000000  0.000000  -13.382645  10.192611  46.317549  67.148592  -17.745643  -10.151908  6.040863  48.623391  -17.938142  12.048299  86.324960
0.469731  0.000000  0.000000  0.000000  -13.382645  10.192611  50.603264  66.544412  -21.686501  -11.941628  6.040863  48.623391  -17.938142  12.048299  86.324960
0.470291  0.000000  0.000000  0.000000  -13.382645  10.192611  54.888978  65.785732  -25.607086  -13.831888  6.040863  48.623391  -17.938142  12.048299  86.324960
0.470852  0.000000  0.000000  0.000000  -13.797064  18.486462  -5.111022  59.677482  20.275342  11.615333  23.409773  30.254420  -39.750883  24.654715  88.601055
0.471413  0.000000  0.000000  0.000000  -13.797064  18.486462  -0.825308  60.390692  16.562026  9.359487  23.409773  30.254420  -39.750883  24.654715  88.601055
0.471973  0.000000  0.000000  0.000000  -13.797064  18.486462  3.460407  60.941515  12.825367  7.189312  23.409773  30.254420  -39.750883  24.654715  88.601055
0.472534  0.000000  0.000000  0.000000  -13.797064  18.486462  7.746121  61.341842  9.071440  5.082856  23.409773  30.254420  -39.750883  24.654715  88.601055
0.473094  0.000000  0.000000  0.000000  -13.797064  18.486462  12.031835  61.600141  5.305696  3.020143  23.409773  30.254420  -39.750883  24.654715  88.601055
0.473655  0.000000  0.000000  0.000000  -13.797064  18.486462  16.317549  61.721742  1.533220  0.982498  23.409773  30.254420  -39.750883  24.654715  88.601055
0.474215  0.000000  0.000000  0.000000  -13.797064  18.486462  20.603264  61.709189  -2.241197  -1.047961  23.409773  30.254420  -39.750883  24.654715  88.601055
0.474776  0.000000  0.000000  0.000000  -13.797064  18.486462  24.888978  61.562212  -6.012789  -3.088927  23.409773  30.254420  -39.750883  24.654715  88.601055
0.475336  0.000000  0.000000  0.000000  -13.797064  18.486462  29.174692  61.277779  -9.776701  -5.158398  23.409773  30.254420  -39.750883  24.654715  88.601055
0.475897  0.000000  0.000000  0.000000  -13.797064  18.486462  33.460407  60.849963  -13.527821  -7.275233  23.409773  30.254420  -39.750883  24.654715  88.601055
0.476457  0.000000  0.000000  0.000000  -13.797064  18.486462  37.746121  60.269694  -17.260586  -9.459735  23.409773  30.254420  -39.750883  24.654715  88.601055
0.477018  0.000000  0.000000  0.000000  -13.797064  18.486462  42.031835  59.524384  -20.968781  -11.734305  23.409773  30.254420  -39.750883  24.654715  88.601055
0.477578  0.000000  0.000000  0.000000  -13.797064  18.486462  46.317549  58.597402  -24.645274  -14.124204  23.409773  30.254420  -39.750883  24.654715  88.601055
0.478139  0.000000  0.000000  0.000000  -13.797064  18.486462  50.603264  57.467364  -28.281699  -16.658430  23.409773  30.254420  -39.750883  24.654715  88.601055
0.478700  0.000000  0.000000  0.000000  -13.797064  18.486462  54.888978  56.107279  -31.868066  -19.370751  23.409773  30.254420  -39.750883  24.654715  88.601055
0.479260  0.000000  0.000000  0.000000  -20.962928  -0.470543  -5.111022  63.244031  18.224721  -4.321715  16.466945  40.246745  -38.018868  18.796032  92.553619
0.479821  0.000000  0.000000  0.000000  -20.962928  -0.470543  -0.825308  63.803252  14.388098  -6.312125  16.466945  40.246745  -38.018868  18.796032  92.553619
0.480381  0.000000  0.000000  0.000000  -20.962928  -0.470543  3.460407  64.218475  10.535398  -8.235083  16.466945  40.246745  -38.018868  18.796032  92.553619
0.480942  0.000000  0.000000  0.000000  -20.962928  -0.470543  7.746121  64.499196  6.671383  -10.110407  16.466945  40.246745  -38.018868  18.796032  92.553619
0.481502  0.000000  0.000000  0.000000  -20.962928  -0.470543  12.031835  64.651700  2.800398  -11.956312  16.466945  40.246745  -38.018868  18.796032  92.553619
0.482063  0.000000  0.000000  0.000000  -20.962928  -0.470543  16.317549  64.679355  -1.073464  -13.790035  16.466945  40.246745  -38.018868  18.796032  92.553619
0.482623  0.000000  0.000000  0.000000  -20.962928  -0.470543  20.603264  64.582759  -4.946234  -15.628418  16.466945  40.246745  -38.018868  18.796032  92.553619
0.483184  0.000000  0.000000  0.000000  -20.962928  -0.470543  24.888978  64.359793  -8.813870  -17.488456  16.466945  40.246745  -38.018868  18.796032  92.553619
0.483744  0.000000  0.000000  0.000000  -20.962928  -0.470543  29.174692  64.005512  -12.672177  -19.387833  16.466945  40.246745  -38.018868  18.796032  92.553619
0.484305  0.000000  0.000000  0.000000  -20.962928  -0.470543  33.460407  63.511884  -16.516592  -21.345592  16.466945  40.246745  -38.018868  18.796032  92.553619
0.484865  0.000000  0.000000  0.000000  -20.962928  -0.470543  37.746121  62.867450  -20.342033  -23.382742  16.466945  40.246745  -38.018868  18.796032  92.553619
0.485426  0.000000  0.000000  0.000000  -20.962928  -0.470543  42.031835  62.056746  -24.142672  -25.523094  16.466945  40.246745  -38.018868  18.796032  92.553619
0.485987  0.000000  0.000000  0.000000  -20.962928  -0.470543  46.317549  61.059541  -27.911645  -27.794220  16.466945  40.246745  -38.018868  18.796032  92.553619
0.486547  0.000000  0.000000  0.000000  -20.962928  -0.470543  50.603264  59.849801  -31.640699  -30.228637  16.466945  40.246745  -38.018868  18.796032  92.553619
0.487108  0.000000  0.000000  0.000000  -20.962928  -0.470543  54.888978  58.394374  -35.319718  -32.865271  16.466945  40.246745  -38.018868  18.796032  92.553619
0.487668  0.000000  0.000000  0.000000  -7.780950  2.337076  -5.111022  64.554713  30.311062  2.119097  5.276918  33.490986  -29.740286  17.027240  98.504767
0.488229  0.000000  0.000000  0.000000  -7.780950  2.337076  -0.825308  65.531620  26.425052  0.064388  5.276918  33.490986  -29.740286  17.027240  98.504767
0.488789  0.000000  0.000000  0.000000  -7.780950  2.337076  3.460407  66.327424  22.511606  -1.855698  5.276918  33.490986  -29.740286  17.027240  98.504767
0.489350  0.000000  0.000000  0.000000  -7.780950  2.337076  7.746121  66.964414  18.576659  -3.669645  5.276918  33.490986  -29.740286  17.027240  98.504767
0.489910  0.000000  0.000000  0.000000  -7.780950  2.337076  12.031835  67.459531  14.625157  -5.401464  5.276918  33.490986  -29.740286  17.027240  98.504767
0.490471  0.000000  0.000000  0.000000  -7.780950  2.337076  16.317549  67.825397  10.661321  -7.071877  5.276918  33.490986  -29.740286  17.027240  98.504767
0.491031  0.000000  0.000000  0.000000  -7.780950  2.337076  20.603264  68.071010  6.688859  -8.699213  5.276918  33.490986  -29.740286  17.027240  98.504767
0.491592  0.000000  0.000000  0.000000  -7.780950  2.337076  24.888978  68.202284  2.711135  -10.300252  5.276918  33.490986  -29.740286  17.027240  98.504767
0.492152  0.000000  0.000000  0.000000  -7.780950  2.337076  29.174692  68.222318  -1.268685  -11.890780  5.276918  33.490986  -29.740286  17.027240  98.504767
0.492713  0.000000  0.000000  0.000000  -7.780950  2.337076  33.460407  68.131582  -5.247527  -13.486216  5.276918  33.490986  -29.740286  17.027240  98.504767
0.493274  0.000000  0.000000  0.000000  -7.780950  2.337076  37.746121  67.927940  -9.222271  -15.102154  5.276918  33.490986  -29.740286  17.027240  98.504767
0.493834  0.000000  0.000000  0.000000  -7.780950  2.337076  42.031835  67.606532  -13.189642  -16.754928  5.276918  33.490986  -29.740286  17.027240  98.504767
0.494395  0.000000  0.000000  0.000000  -7.780950  2.337076  46.317549  67.159521  -17.146071  -18.462233  5.276918  33.490986  -29.740286  17.027240  98.504767
0.494955  0.000000  0.000000  0.000000  -7.780950  2.337076  50.603264  66.575669  -21.087546  -20.243832  5.276918  33.490986  -29.740286  17.027240  98.504767
0.495516  0.000000  0.000000  0.000000  -7.780950  2.337076  54.888978  65.839695  -25.009411  -22.122421  5.276918  33.490986  -29.740286  17.027240  98.504767
0.496076  0.000000  0.000000  0.000000  -9.338807  -0.975317  -5.111022  62.219424  19.837868  0.556951  30.792202  36.183502  -20.869234  21.393659  97.802212
0.496637  0.000000  0.000000  0.000000  -9.338807  -0.975317  -0.825308  62.859435  16.034596  -1.519938  30.792202  36.183502  -20.869234  21.393659  97.802212
0.497197  0.000000  0.000000  0.000000  -9.338807  -0.975317  3.460407  63.347490  12.212090  -3.518780  30.792202  36.183502  -20.869234  21.393659  97.802212
0.497758  0.000000  0.000000  0.000000  -9.338807  -0.975317  7.746121  63.694703  8.375580  -5.460544  30.792202  36.183502  -20.869234  21.393659  97.802212
0.498318  0.000000  0.000000  0.000000  -9.338807  -0.975317  12.031835  63.908797  4.529770  -7.364298  30.792202  36.183502  -20.869234  21.393659  97.802212
0.498879  0.000000  0.000000  0.000000  -9.338807  -0.975317  16.317549  63.994438  0.679040  -9.247879  30.792202  36.183502  -20.869234  21.393659  97.802212
0.499439  0.000000  0.000000  0.000000  -9.338807  -0.975317  20.603264  63.953492  -3.172426  -11.128451  30.792202  36.183502  -20.869234  21.393659  97.802212
0.500000  0.000000  0.000000  0.000000  -9.338807  -0.975317  24.888978  63.785078  -7.020456  -13.023106  30.792202  36.183502  -20.869234  21.393659  97.802212
0.500561  0.000000  0.000000  0.000000  -9.338807  -0.975317  29.174692  63.485521  -10.860761  -14.949369  30.792202  36.183502  -20.869234  21.393659  97.802212
0.501121  0.000000  0.000000  0.000000  -9.338807  -0.975317  33.460407  63.048208  -14.688770  -16.925805  30.792202  36.183502  -20.869234  21.393659  97.802212
0.501682  0.000000  0.000000  0.000000  -9.338807  -0.975317  37.746121  62.463273  -18.499462  -18.972633  30.792202  36.183502  -20.869234  21.393659  97.802212
0.502242  0.000000  0.000000  0.000000  -9.338807  -0.975317  42.031835  61.717139  -22.287153  -21.112461  30.792202  36.183502  -20.869234  21.393659  97.802212
0.502803  0.000000  0.000000  0.000000  -9.338807  -0.975317  46.317549  60.791872  -26.045243  -23.371148  30.792202  36.183502  -20.869234  21.393659  97.802212
0.503363  0.000000  0.000000  0.000000  -9.338807  -0.975317  50.603264  59.664315  -29.765886  -25.778844  30.792202  36.183502  -20.869234  21.393659  97.802212
0.503924  0.000000  0.000000  0.000000  -9.338807  -0.975317  54.888978  58.304950  -33.439582  -28.371263  30.792202  36.183502  -20.869234  21.393659  97.802212
0.504484  0.000000  0.000000  0.000000  -17.683576  1.654049  -7.461254  63.129587  19.878320  -1.499789  5.497894  37.866583  -23.430511  27.203971  102.509987
0.505045  0.000000  0.000000  0.000000  -17.683576  1.654049  -3.175540  63.751086  16.044467  -3.513866  5.497894  37.866583  -23.430511  27.203971  102.509987
0.505605  0.000000  0.000000  0.000000  -17.683576  1.654049  1.110175  64.224068  12.192522  -5.451620  5.497894  37.866583  -23.430511  27.203971  102.509987
0.506166  0.000000  0.000000  0.000000  -17.683576  1.654049  5.395889  64.559518  8.327438  -7.333716  5.497894  37.866583  -23.430511  27.203971  102.509987
0.506726  0.000000  0.000000  0.000000  -17.683576  1.654049  9.681603  64.765037  4.453666  -9.178916  5.497894  37.866583  -23.430511  27.203971  102.509987
0.507287  0.000000  0.000000  0.000000  -17.683576  1.654049  13.967317  64.845190  0.575347  -11.004753  5.497894  37.866583  -23.430511  27.203971  102.509987
0.507848  0.000000  0.000000  0.000000  -17.683576  1.654049  18.253032  64.801750  -3.303557  -12.828096  5.497894  37.866583  -23.430511  27.203971  102.509987
0.508408  0.000000  0.000000  0.000000  -17.683576  1.654049  22.538746  64.633771  -7.179098  -14.665767  5.497894  37.866583  -23.430511  27.203971  102.509987
0.508969  0.000000  0.000000  0.000000  -17.683576  1.654049  26.824460  64.337514  -11.047206  -16.535029  5.497894  37.866583  -23.430511  27.203971  102.509987
0.509529  0.000000  0.000000  0.000000  -17.683576  1.654049  31.110175  63.906312  -14.903539  -18.454217  5.497894  37.866583  -23.430511  27.203971  102.509987
0.510090  0.000000  0.000000  0.000000  -17.683576  1.654049  35.395889  63.330233  -18.743313  -20.443356  5.497894  37.866583  -23.430511  27.203971  102.509987
0.510650  0.000000  0.000000  0.000000  -17.683576  1.654049  39.681603  62.595599  -22.561098  -22.524917  5.497894  37.866583  -23.430511  27.203971  102.509987
0.511211  0.000000  0.000000  0.000000  -17.683576  1.654049  43.967317  61.684313  -26.350569  -24.724710  5.497894  37.866583  -23.430511  27.203971  102.509987
0.511771  0.000000  0.000000  0.000000  -17.683576  1.654049  48.253032  60.572938  -30.104176  -27.072972  5.497894  37.866583  -23.430511  27.203971  102.509987
0.512332  0.000000  0.000000  0.000000  -17.683576  1.654049  52.538746  59.231483  -33.812740  -29.605720  5.497894  37.866583  -23.430511  27.203971  102.509987
0.512892  0.000000  0.000000  0.000000  -22.023692  7.989351  -7.461254  62.403881  24.693682  10.414207  3.839513  52.571051  -30.882533  29.104649  85.084487
0.513453  0.000000  0.000000  0.000000  -22.023692  7.989351  -3.175540  63.226808  20.880902  8.290857  3.839513  52.571051  -30.882533  29.104649  85.084487
0.514013  0.000000  0.000000  0.000000  -22.023692  7.989351  1.110175  63.882895  17.043223  6.273102  3.839513  52.571051  -30.882533  29.104649  85.084487
0.514574  0.000000  0.000000  0.000000  -22.023692  7.989351  5.395889  64.388115  13.186436  4.336845  3.839513  52.571051  -30.882533  29.104649  85.084487
0.515135  0.000000  0.000000  0.000000  -22.023692  7.989351  9.681603  64.754367  9.315571  2.460901  3.839513  52.571051  -30.882533  29.104649  85.084487
0.515695  0.000000  0.000000  0.000000  -22.023692  7.989351  13.967317  64.990039  5.435109  0.626191  3.839513  52.571051  -30.882533  29.104649  85.084487
0.516256  0.000000  0.000000  0.000000  -22.023692  7.989351  18.253032  65.100436  1.549183  -1.184979  3.839513  52.571051  -30.882533  29.104649  85.084487
0.516816  0.000000  0.000000  0.000000  -22.023692  7.989351  22.538746  65.088000  -2.338293  -2.989509  3.839513  52.571051  -30.882533  29.104649  85.084487
0.517377  0.000000  0.000000  0.000000  -22.023692  7.989351  26.824460  64.952460  -6.223432  -4.804074  3.839513  52.571051  -30.882533  29.104649  85.084487
0.517937  0.000000  0.000000  0.000000  -22.023692  7.989351  31.110175  64.690803  -10.102288  -6.645689  3.839513  52.571051  -30.882533  29.104649  85.084487
0.518498  0.000000  0.000000  0.000000  -22.023692  7.989351  35.395889  64.297126  -13.970673  -8.532274  3.839513  52.571051  -30.882533  29.104649  85.084487
0.519058  0.000000  0.000000  0.000000  -22.023692  7.989351  39.681603  63.762367  -17.824008  -10.483278  3.839513  52.571051  -30.882533  29.104649  85.084487
0.519619  0.000000  0.000000  0.000000  -22.023692  7.989351  43.967317  63.073853  -21.657131  -12.520406  3.839513  52.571051  -30.882533  29.104649  85.084487
0.520179  0.000000  0.000000  0.000000  -22.023692  7.989351  48.253032  62.214671  -25.464059  -14.668476  3.839513  52.571051  -30.882533  29.104649  85.084487
0.520740  0.000000  0.000000  0.000000  -22.023692  7.989351  52.538746  61.162808  -29.237686  -16.956465  3.839513  52.571051  -30.882533  29.104649  85.084487
0.521300  0.000000  0.000000  0.000000  -21.175260  5.374165  -7.461254  62.972485  29.610018  2.807651  31.856429  54.042275  -33.993594  29.255251  90.670744
0.521861  0.000000  0.000000  0.000000  -21.175260  5.374165  -3.175540  63.977483  25.774909  0.646489  31.856429  54.042275  -33.993594  29.255251  90.670744
0.522422  0.000000  0.000000  0.000000  -21.175260  5.374165  1.110175  64.796639  21.909895  -1.378670  31.856429  54.042275  -33.993594  29.255251  90.670744
0.522982  0.000000  0.000000  0.000000  -21.175260  5.374165  5.395889  65.451891  18.021416  -3.296387  31.856429  54.042275  -33.993594  29.255251  90.670744
0.523543  0.000000  0.000000  0.000000  -21.175260  5.374165  9.681603  65.959997  14.114872  -5.130950  31.856429  54.042275  -33.993594  29.255251  90.670744
0.524103  0.000000  0.000000  0.000000  -21.175260  5.374165  13.967317  66.333464  10.194908  -6.903486  31.856429  54.042275  -33.993594  29.255251  90.670744
0.524664  0.000000  0.000000  0.000000  -21.175260  5.374165  18.253032  66.581179  6.265622  -8.632805  31.856429  54.042275  -33.993594  29.255251  90.670744
0.525224  0.000000  0.000000  0.000000  -21.175260  5.374165  22.538746  66.708930  2.330759  -10.336232  31.856429  54.042275  -33.993594  29.255251  90.670744
0.525785  0.000000  0.000000  0.000000  -21.175260  5.374165  26.824460  66.719650  -1.606148  -12.030144  31.856429  54.042275  -33.993594  29.255251  90.670744
0.526345  0.000000  0.000000  0.000000  -21.175260  5.374165  31.110175  66.613579  -5.541648  -13.730608  31.856429  54.042275  -33.993594  29.255251  90.670744
0.526906  0.000000  0.000000  0.000000  -21.175260  5.374165  35.395889  66.388288  -9.472232  -15.453904  31.856429  54.042275  -33.993594  29.255251  90.670744
0.527466  0.000000  0.000000  0.000000  -21.175260  5.374165  39.681603  66.038542  -13.394208  -17.217119  31.856429  54.042275  -33.993594  29.255251  90.670744
0.528027  0.000000  0.000000  0.000000  -21.175260  5.374165  43.967317  65.556043  -17.303552  -19.038755  31.856429  54.042275  -33.993594  29.255251  90.670744
0.528587  0.000000  0.000000  0.000000  -21.175260  5.374165  48.253032  64.929000  -21.195735  -20.939448  31.856429  54.042275  -33.993594  29.255251  90.670744
0.529148  0.000000  0.000000  0.000000  -21.175260  5.374165  52.538746  64.141496  -25.065517  -22.942827  31.856429  54.042275  -33.993594  29.255251  90.670744
0.529709  0.000000  0.000000  0.000000  -12.846976  -8.312119  -9.693551  67.080301  25.016051  -8.504652  7.031942  53.094037  -52.598937  26.474645  88.917018
0.530269  0.000000  0.000000  0.000000  -12.846976  -8.312119  -5.407836  67.780107  21.058221  -10.291746  7.031942  53.094037  -52.598937  26.474645  88.917018
0.530830  0.000000  0.000000  0.000000  -12.846976  -8.312119  -1.122122  68.334026  17.082680  -11.985928  7.031942  53.094037  -52.598937  26.474645  88.917018
0.531390  0.000000  0.000000  0.000000  -12.846976  -8.312119  3.163592  68.756822  13.093650  -13.609112  7.031942  53.094037  -52.598937  26.474645  88.917018
0.531951  0.000000  0.000000  0.000000  -12.846976  -8.312119  7.449306  69.059386  9.094805  -15.180446  7.031942  53.094037  -52.598937  26.474645  88.917018
0.532511  0.000000  0.000000  0.000000  -12.846976  -8.312119  11.735021  69.249219  5.089382  -16.716972  7.031942  53.094037  -52.598937  26.474645  88.917018
0.533072  0.000000  0.000000  0.000000  -12.846976  -8.312119  16.020735  69.330936  1.080363  -18.234449  7.031942  53.094037  -52.598937  26.474645  88.917018
0.533632  0.000000  0.000000  0.000000  -12.846976  -8.312119  20.306449  69.306499  -2.929410  -19.747919  7.031942  53.094037  -52.598937  26.474645  88.917018
0.534193  0.000000  0.000000  0.000000  -12.846976  -8.312119  24.592164  69.175324  -6.937128  -21.272284  7.031942  53.094037  -52.598937  26.474645  88.917018
0.534753  0.000000  0.000000  0.000000  -12.846976  -8.312119  28.877878  68.934246  -10.939901  -22.822839  7.031942  53.094037  -52.598937  26.474645  88.917018
0.535314  0.000000  0.000000  0.000000  -12.846976  -8.312119  33.163592  68.577354  -14.934642  -24.415866  7.031942  53.094037  -52.598937  26.474645  88.917018
0.535874  0.000000  0.000000  0.000000  -12.846976  -8.312119  37.449306  68.095658  -18.917935  -26.069269  7.031942  53.094037  -52.598937  26.474645  88.917018
0.536435  0.000000  0.000000  0.000000  -12.846976  -8.312119  41.735021  67.476580  -22.885882  -27.803347  7.031942  53.094037  -52.598937  26.474645  88.917018
0.536996  0.000000  0.000000  0.000000  -12.846976  -8.312119  46.020735  66.703201  -26.833894  -29.641749  7.031942  53.094037  -52.598937  26.474645  88.917018
0.537556  0.000000  0.000000  0.000000  -12.846976  -8.312119  50.306449  65.753208  -30.756433  -31.612694  7.031942  53.094037  -52.598937  26.474645  88.917018
0.538117  0.000000  0.000000  0.000000  -13.180553  -7.708149  -9.693551  64.577988  16.415202  -5.532226  14.553496  55.153623  -21.834017  20.784791  97.451374
0.538677  0.000000  0.000000  0.000000  -13.180553  -7.708149  -5.407836  65.049073  12.536581  -7.415525  14.553496  55.153623  -21.834017  20.784791  97.451374
0.539238  0.000000  0.000000  0.000000  -13.180553  -7.708149  -1.122122  65.385139  8.645234  -9.242801  14.553496  55.153623  -21.834017  20.784791  97.451374
0.539798  0.000000  0.000000  0.000000  -13.180553  -7.708149  3.163592  65.593955  4.745404  -11.032632  14.553496  55.153623  -21.834017  20.784791  97.451374
0.540359  0.000000  0.000000  0.000000  -13.180553  -7.708149  7.449306  65.680248  0.841019  -12.802314  14.553496  55.153623  -21.834017  20.784791  97.451374
0.540919  0.000000  0.000000  0.000000  -13.180553  -7.708149  11.735021  65.645962  -3.064167  -14.568452  14.553496  55.153623  -21.834017  20.784791  97.451374
0.541480  0.000000  0.000000  0.000000  -13.180553  -7.708149  16.020735  65.490330  -6.966427  -16.347539  14.553496  55.153623  -21.834017  20.784791  97.451374
0.542040  0.000000  0.000000  0.000000  -13.180553  -7.708149  20.306449  65.209839  -10.861925  -18.156500  14.553496  55.153623  -21.834017  20.784791  97.451374
0.542601  0.000000  0.000000  0.000000  -13.180553  -7.708149  24.592164  64.798066  -14.746575  -20.013284  14.553496  55.153623  -21.834017  20.784791  97.451374
0.543161  0.000000  0.000000  0.000000  -13.180553  -7.708149  28.877878  64.245363  -18.615875  -21.937499  14.553496  55.153623  -21.834017  20.784791  97.451374
0.543722  0.000000  0.000000  0.000000  -13.180553  -7.708149  33.163592  63.538383  -22.464719  -23.951178  14.553496  55.153623  -21.834017  20.784791  97.451374
0.544283  0.000000  0.000000  0.000000  -13.180553  -7.708149  37.449306  62.659329  -26.287138  -26.079647  14.553496  55.153623  -21.834017  20.784791  97.451374
0.544843  0.000000  0.000000  0.000000  -13.180553  -7.708149  41.735021  61.585134  -30.076042  -28.352725  14.553496  55.153623  -21.834017  20.784791  97.451374
0.545404  0.000000  0.000000  0.000000  -13.180553  -7.708149  46.020735  60.286099  -33.822728  -30.805997  14.553496  55.153623  -21.834017  20.784791  97.451374
0.545964  0.000000  0.000000  0.000000  -13.180553  -7.708149  50.306449  58.724301  -37.516408  -33.482679  14.553496  55.153623  -21.834017  20.784791  97.451374
0.546525  0.000000  0.000000  0.000000  -10.844687  6.574428  -9.693551  60.912585  32.503963  2.407294  17.021531  50.345900  -46.377533  10.119111  86.434251
0.547085  0.000000  0.000000  0.000000  -10.844687  6.574428  -5.407836  62.122834  28.736351  0.032728  17.021531  50.345900  -46.377533  10.119111  86.434251
0.547646  0.000000  0.000000  0.000000  -10.844687  6.574428  -1.122122  63.120299  24.930166  -2.175567  17.021531  50.345900  -46.377533  10.119111  86.434251
0.548206  0.000000  0.000000  0.000000  -10.844687  6.574428  3.163592  63.932118  21.093407  -4.250893  17.021531  50.345900  -46.377533  10.119111  86.434251
0.548767  0.000000  0.000000  0.000000  -10.844687  6.574428  7.449306  64.579329  17.232685  -6.221254  17.021531  50.345900  -46.377533  10.119111  86.434251
0.549327  0.000000  0.000000  0.000000  -10.844687  6.574428  11.735021  65.077998  13.353579  -8.110646  17.021531  50.345900  -46.377533  10.119111  86.434251
0.549888  0.000000  0.000000  0.000000  -10.844687  6.574428  16.020735  65.440075  9.460920  -9.940100  17.021531  50.345900  -46.377533  10.119111  86.434251
0.550448  0.000000  0.000000  0.000000  -10.844687  6.574428  20.306449  65.673957  5.558997  -11.728459  17.021531  50.345900  -46.377533  10.119111  86.434251
0.551009  0.000000  0.000000  0.000000  -10.844687  6.574428  24.592164  65.785006  1.651768  -13.493233  17.021531  50.345900  -46.377533  10.119111  86.434251
0.551570  0.000000  0.000000  0.000000  -10.844687  6.574428  28.877878  65.775723  -2.257026  -15.251066  17.021531  50.345900  -46.377533  10.119111  86.434251
0.552130  0.000000  0.000000  0.000000  -10.844687  6.574428  33.163592  65.645875  -6.163680  -17.018396  17.021531  50.345900  -46.377533  10.119111  86.434251
0.552691  0.000000  0.000000  0.000000  -10.844687  6.574428  37.449306  65.392560  -10.064433  -18.811958  17.021531  50.345900  -46.377533  10.119111  86.434251
0.553251  0.000000  0.000000  0.000000  -10.844687  6.574428  41.735021  65.009973  -13.955289  -20.649400  17.021531  50.345900  -46.377533  10.119111  86.434251
0.553812  0.000000  0.000000  0.000000  -10.844687  6.574428  46.020735  64.489176  -17.831879  -22.549889  17.021531  50.345900  -46.377533  10.119111  86.434251
0.554372  0.000000  0.000000  0.000000  -10.844687  6.574428  50.306449  63.817637  -21.689278  -24.534843  17.021531  50.345900  -46.377533  10.119111  86.434251
0.554933  0.000000  0.000000  0.000000  -6.798490  16.367910  -9.693551  52.022772  14.207569  8.473323  7.577457  32.695868  -22.997915  12.596556  83.040948
0.555493  0.000000  0.000000  0.000000  -6.798490  16.367910  -5.407836  52.604440  10.815353  5.789948  7.577457  32.695868  -22.997915  12.596556  83.040948
0.556054  0.000000  0.000000  0.000000  -6.798490  16.367910  -1.122122  53.019924  7.400495  3.166845  7.577457  32.695868  -22.997915  12.596556  83.040948
0.556614  0.000000  0.000000  0.000000  -6.798490  16.367910  3.163592  53.275938  3.970542  0.584156  7.577457  32.695868  -22.997915  12.596556  83.040948
0.557175  0.000000  0.000000  0.000000  -6.798490  16.367910  7.449306  53.376625  0.532614  -1.977109  7.577457  32.695868  -22.997915  12.596556  83.040948
0.557735  0.000000  0.000000  0.000000  -6.798490  16.367910  11.735021  53.323598  -2.906377  -4.535520  7.577457  32.695868  -22.997915  12.596556  83.040948
0.558296  0.000000  0.000000  0.000000  -6.798490  16.367910  16.020735  53.116007  -6.339549  -7.109571  7.577457  32.695868  -22.997915  12.596556  83.040948
0.558857  0.000000  0.000000  0.000000  -6.798490  16.367910  20.306449  52.750495  -9.759852  -9.718101  7.577457  32.695868  -22.997915  12.596556  83.040948
0.559417  0.000000  0.000000  0.000000  -6.798490  16.367910  24.592164  52.221187  -13.159928  -12.380609  7.577457  32.695868  -22.997915  12.596556  83.040948
0.559978  0.000000  0.000000  0.000000  -6.798490  16.367910  28.877878  51.519434  -16.531800  -15.117802  7.577457  32.695868  -22.997915  12.596556  83.040948
0.560538  0.000000  0.000000  0.000000  -6.798490  16.367910  33.163592  50.633756  -19.866753  -17.951849  7.577457  32.695868  -22.997915  12.596556  83.040948
0.561099  0.000000  0.000000  0.000000  -6.798490  16.367910  37.449306  49.549558  -23.154971  -20.906887  7.577457  32.695868  -22.997915  12.596556  83.040948
0.561659  0.000000  0.000000  0.000000  -6.798490  16.367910  41.735021  48.248890  -26.385350  -24.009383  7.577457  32.695868  -22.997915  12.596556  83.040948
0.562220  0.000000  0.000000  0.000000  -6.798490  16.367910  46.020735  46.710290  -29.545033  -27.288511  7.577457  32.695868  -22.997915  12.596556  83.040948
0.562780  0.000000  0.000000  0.000000  -6.798490  16.367910  50.306449  44.908570  -32.619075  -30.776377  7.577457  32.695868  -22.997915  12.596556  83.040948
0.563341  0.000000  0.000000  0.000000  -10.981917  -1.265231  -9.693551  60.623597  17.971440  -0.396537  35.035471  54.684806  -41.762748  26.872098  88.016506
0.563901  0.000000  0.000000  0.000000  -10.981917  -1.265231  -5.407836  61.224960  14.225355  -2.563871  35.035471  54.684806  -41.762748  26.872098  88.016506
0.564462  0.000000  0.000000  0.000000  -10.981917  -1.265231  -1.122122  61.673379  10.460382  -4.660271  35.035471  54.684806  -41.762748  26.872098  88.016506
0.565022  0.000000  0.000000  0.000000  -10.981917  -1.265231  3.163592  61.978508  6.682044  -6.706264  35.035471  54.684806  -41.762748  26.872098  88.016506
0.565583  0.000000  0.000000  0.000000  -10.981917  -1.265231  7.449306  62.146795  2.895394  -8.720814  35.035471  54.684806  -41.762748  26.872098  88.016506
0.566143  0.000000  0.000000  0.000000  -10.981917  -1.265231  11.735021  62.181752  -0.894801  -10.721915  35.035471  54.684806  -41.762748  26.872098  88.016506
0.566704  0.000000  0.000000  0.000000  -10.981917  -1.265231  16.020735  62.084105  -4.683911  -12.727165  35.035471  54.684806  -41.762748  26.872098  88.016506
0.567265  0.000000  0.000000  0.000000  -10.981917  -1.265231  20.306449  61.851821  -8.467242  -14.754277  35.035471  54.684806  -41.762748  26.872098  88.016506
0.567825  0.000000  0.000000  0.000000  -10.981917  -1.265231  24.592164  61.480035  -12.239925  -16.821620  35.035471  54.684806  -41.762748  26.872098  88.016506
0.568386  0.000000  0.000000  0.000000  -10.981917  -1.265231  28.877878  60.960819  -15.996706  -18.948831  35.035471  54.684806  -41.762748  26.872098  88.016506
0.568946  0.000000  0.000000  0.000000  -10.981917  -1.265231  33.163592  60.282874  -19.731765  -21.157404  35.035471  54.684806  -41.762748  26.872098  88.016506
0.569507  0.000000  0.000000  0.000000  -10.981917  -1.265231  37.449306  59.431032  -23.438480  -23.471444  35.035471  54.684806  -41.762748  26.872098  88.016506
0.570067  0.000000  0.000000  0.000000  -10.981917  -1.265231  41.735021  58.385608  -27.109125  -25.918520  35.035471  54.684806  -41.762748  26.872098  88.016506
0.570628  0.000000  0.000000  0.000000  -10.981917  -1.265231  46.020735  57.121538  -30.734513  -28.530670  35.035471  54.684806  -41.762748  26.872098  88.016506
0.571188  0.000000  0.000000  0.000000  -10.981917  -1.265231  50.306449  55.607333  -34.303526  -31.345593  35.035471  54.684806  -41.762748  26.872098  88.016506
0.571749  0.000000  0.000000  0.000000  -23.528427  7.563952  -9.693551  62.689546  35.880405  9.595731  29.254352  55.286190  -39.220626  29.052925  97.651373
0.572309  0.000000  0.000000  0.000000  -23.528427  7.563952  -5.407836  63.985648  32.049806  7.277339  29.254352  55.286190  -39.220626  29.052925  97.651373
0.572870  0.000000  0.000000  0.000000  -23.528427  7.563952  -1.122122  65.055543  28.180415  5.146366  29.254352  55.286190  -39.220626  29.052925  97.651373
0.573430  0.000000  0.000000  0.000000  -23.528427  7.563952  3.163592  65.931872  24.280350  3.164964  29.254352  55.286190  -39.220626  29.052925  97.651373
0.573991  0.000000  0.000000  0.000000  -23.528427  7.563952  7.449306  66.639739  20.356138  1.302144  29.254352  55.286190  -39.220626  29.052925  97.651373
0.574552  0.000000  0.000000  0.000000  -23.528427  7.563952  11.735021  67.198410  16.413160  -0.468008  29.254352  55.286190  -39.220626  29.052925  97.651373
0.575112  0.000000  0.000000  0.000000  -23.528427  7.563952  16.020735  67.622352  12.455942  -2.167603  29.254352  55.286190  -39.220626  29.052925  97.651373
0.575673  0.000000  0.000000  0.000000  -23.528427  7.563952  20.306449  67.922158  8.488433  -3.815975  29.254352  55.286190  -39.220626  29.052925  97.651373
0.576233  0.000000  0.000000  0.000000  -23.528427  7.563952  24.592164  68.105091  4.514143  -5.430548  29.254352  55.286190  -39.220626  29.052925  97.651373
0.576794  0.000000  0.000000  0.000000  -23.528427  7.563952  28.877878  68.175500  0.536320  -7.027502  29.254352  55.286190  -39.220626  29.052925  97.651373
0.577354  0.000000  0.000000  0.000000  -23.528427  7.563952  33.163592  68.135036  -3.441918  -8.622376  29.254352  55.286190  -39.220626  29.052925  97.651373
0.577915  0.000000  0.000000  0.000000  -23.528427  7.563952  37.449306  67.982746  -7.417466  -10.230643  29.254352  55.286190  -39.220626  29.052925  97.651373
0.578475  0.000000  0.000000  0.000000  -23.528427  7.563952  41.735021  67.715049  -11.387145  -11.868252  29.254352  55.286190  -39.220626  29.052925  97.651373
0.579036  0.000000  0.000000  0.000000  -23.528427  7.563952  46.020735  67.325464  -15.347500  -13.552223  29.254352  55.286190  -39.220626  29.052925  97.651373
0.579596  0.000000  0.000000  0.000000  -23.528427  7.563952  50.306449  66.804366  -19.294736  -15.301306  29.254352  55.286190  -39.220626  29.052925  97.651373
0.580157  0.000000  0.000000  0.000000  -21.196384  17.081884  -11.507327  55.510135  23.723241  11.490739  20.178438  46.049332  -20.363358  23.995582  95.023186
0.580717  0.000000  0.000000  0.000000  -21.196384  17.081884  -7.221613  56.476424  20.169858  8.906897  20.178438  46.049332  -20.363358  23.995582  95.023186
0.581278  0.000000  0.000000  0.000000  -21.196384  17.081884  -2.935898  57.254957  16.580462  6.438819  20.178438  46.049332  -20.363358  23.995582  95.023186
0.581839  0.000000  0.000000  0.000000  -21.196384  17.081884  1.349816  57.861452  12.963048  4.061594  20.178438  46.049332  -20.363358  23.995582  95.023186
0.582399  0.000000  0.000000  0.000000  -21.196384  17.081884  5.635530  58.307981  9.324702  1.752725  20.178438  46.049332  -20.363358  23.995582  95.023186
0.582960  0.000000  0.000000  0.000000  -21.196384  17.081884  9.921244  58.603225  5.671786  -0.508338  20.178438  46.049332  -20.363358  23.995582  95.023186
0.583520  0.000000  0.000000  0.000000  -21.196384  17.081884  14.206959  58.752873  2.010211  -2.740884  20.178438  46.049332  -20.363358  23.995582  95.023186
0.584081  0.000000  0.000000  0.000000  -21.196384  17.081884  18.492673  58.759781  -1.654409  -4.963432  20.178438  46.049332  -20.363358  23.995582  95.023186
0.584641  0.000000  0.000000  0.000000  -21.196384  17.081884  22.778387  58.624072  -5.316521  -7.194205  20.178438  46.049332  -20.363358  23.995582  95.023186
0.585202  0.000000  0.000000  0.000000  -21.196384  17.081884  27.064102  58.343163  -8.970523  -9.451684  20.178438  46.049332  -20.363358  23.995582  95.023186
0.585762  0.000000  0.000000  0.000000  -21.196384  17.081884  31.349816  57.911663  -12.610559  -11.755020  20.178438  46.049332  -20.363358  23.995582  95.023186
0.586323  0.000000  0.000000  0.000000  -21.196384  17.081884  35.635530  57.321160  -16.230298  -14.124669  20.178438  46.049332  -20.363358  23.995582  95.023186
0.586883  0.000000  0.000000  0.000000  -21.196384  17.081884  39.921244  56.559969  -19.822764  -16.582857  20.178438  46.049332  -20.363358  23.995582  95.023186
0.587444  0.000000  0.000000  0.000000  -21.196384  17.081884  44.206959  55.612720  -23.380018  -19.154288  20.178438  46.049332  -20.363358  23.995582  95.023186
0.588004  0.000000  0.000000  0.000000  -21.196384  17.081884  48.492673  54.459811  -26.892938  -21.866787  20.178438  46.049332  -20.363358  23.995582  95.023186
0.588565  0.000000  0.000000  0.000000  -16.020033  -3.842772  -11.507327  65.262733  23.931947  1.804499  8.484041  34.835461  -42.154827  26.292080  98.165471
0.589126  0.000000  0.000000  0.000000  -16.020033  -3.842772  -7.221613  65.977111  20.028015  -0.102898  8.484041  34.835461  -42.154827  26.292080  98.165471
0.589686  0.000000  0.000000  0.000000  -16.020033  -3.842772  -2.935898  66.540231  16.104650  -1.917506  8.484041  34.835461  -42.154827  26.292080  98.165471
0.590247  0.000000  0.000000  0.000000  -16.020033  -3.842772  1.349816  66.966424  12.166558  -3.661506  8.484041  34.835461  -42.154827  26.292080  98.165471
0.590807  0.000000  0.000000  0.000000  -16.020033  -3.842772  5.635530  67.266189  8.217855  -5.354443  8.484041  34.835461  -42.154827  26.292080  98.165471
0.591368  0.000000  0.000000  0.000000  -16.020033  -3.842772  9.921244  67.446690  4.262213  -7.013934  8.484041  34.835461  -42.154827  26.292080  98.165471
0.591928  0.000000  0.000000  0.000000  -16.020033  -3.842772  14.206959  67.512147  0.303049  -8.656406  8.484041  34.835461  -42.154827  26.292080  98.165471
0.592489  0.000000  0.000000  0.000000  -16.020033  -3.842772  18.492673  67.464085  -3.656364  -10.297673  8.484041  34.835461  -42.154827  26.292080  98.165471
0.593049  0.000000  0.000000  0.000000  -16.020033  -3.842772  22.778387  67.301408  -7.612760  -11.953524  8.484041  34.835461  -42.154827  26.292080  98.165471
0.593610  0.000000  0.000000  0.000000  -16.020033  -3.842772  27.064102  67.020287  -11.562756  -13.640233  8.484041  34.835461  -42.154827  26.292080  98.165471
0.594170  0.000000  0.000000  0.000000  -16.020033  -3.842772  31.349816  66.614030  -15.502723  -15.375216  8.484041  34.835461  -42.154827  26.292080  98.165471
0.594731  0.000000  0.000000  0.000000  -16.020033  -3.842772  35.635530  66.072699  -19.428632  -17.177647  8.484041  34.835461  -42.154827  26.292080  98.165471
0.595291  0.000000  0.000000  0.000000  -16.020033  -3.842772  39.921244  65.382581  -23.335875  -19.069267  8.484041  34.835461  -42.154827  26.292080  98.165471
0.595852  0.000000  0.000000  0.000000  -16.020033  -3.842772  44.206959  64.525417  -27.219023  -21.075355  8.484041  34.835461  -42.154827  26.292080  98.165471
0.596413  0.000000  0.000000  0.000000  -16.020033  -3.842772  48.492673  63.477325  -31.071553  -23.225963  8.484041  34.835461  -42.154827  26.292080  98.165471
0.596973  0.000000  0.000000  0.000000  -9.746100  3.136250  -11.507327  66.801651  35.977466  4.710220  14.522548  46.805601  -28.937171  18.370190  87.050732
0.597534  0.000000  0.000000  0.000000  -9.746100  3.136250  -7.221613  67.915014  32.021579  2.720511  14.522548  46.805601  -28.937171  18.370190  87.050732
0.598094  0.000000  0.000000  0.000000  -9.746100  3.136250  -2.935898  68.828536  28.037219  0.896309  14.522548  46.805601  -28.937171  18.370190  87.050732
0.598655  0.000000  0.000000  0.000000  -9.746100  3.136250  1.349816  69.572276  24.030493  -0.797088  14.522548  46.805601  -28.937171  18.370190  87.050732
0.599215  0.000000  0.000000  0.000000  -9.746100  3.136250  5.635530  70.168985  20.006280  -2.387672  14.522548  46.805601  -28.937171  18.370190  87.050732
0.599776  0.000000  0.000000  0.000000  -9.746100  3.136250  9.921244  70.635923  15.968586  -3.898712  14.522548  46.805601  -28.937171  18.370190  87.050732
0.600336  0.000000  0.000000  0.000000  -9.746100  3.136250  14.206959  70.985862  11.920765  -5.349852  14.522548  46.805601  -28.937171  18.370190  87.050732
0.600897  0.000000  0.000000  0.000000  -9.746100  3.136250  18.492673  71.228005  7.865745  -6.758234  14.522548  46.805601  -28.937171  18.370190  87.050732
0.601457  0.000000  0.000000  0.000000  -9.746100  3.136250  22.778387  71.368522  3.806109  -8.139279  14.522548  46.805601  -28.937171  18.370190  87.050732
0.602018  0.000000  0.000000  0.000000  -9.746100  3.136250  27.064102  71.410945  -0.255691  -9.507354  14.522548  46.805601  -28.937171  18.370190  87.050732
0.602578  0.000000  0.000000  0.000000  -9.746100  3.136250  31.349816  71.356278  -4.317365  -10.876280  14.522548  46.805601  -28.937171  18.370190  87.050732
0.603139  0.000000  0.000000  0.000000  -9.746100  3.136250  35.635530  71.203208  -8.376546  -12.259968  14.522548  46.805601  -28.937171  18.370190  87.050732
0.603700  0.000000  0.000000  0.000000  -9.746100  3.136250  39.921244  70.947897  -12.430819  -13.672849  14.522548  46.805601  -28.937171  18.370190  87.050732
0.604260  0.000000  0.000000  0.000000  -9.746100  3.136250  44.206959  70.583803  -16.477529  -15.130539  14.522548  46.805601  -28.937171  18.370190  87.050732
0.604821  0.000000  0.000000  0.000000  -9.746100  3.136250  48.492673  70.101313  -20.513723  -16.650446  14.522548  46.805601  -28.937171  18.370190  87.050732
0.605381  0.000000  0.000000  0.000000  -2.614428  3.111188  -11.507327  63.665240  30.603892  4.153829  38.158609  29.166379  -21.792324  14.146984  101.813636
0.605942  0.000000  0.000000  0.000000  -2.614428  3.111188  -7.221613  64.686755  26.745663  2.026349  38.158609  29.166379  -21.792324  14.146984  101.813636
0.606502  0.000000  0.000000  0.000000  -2.614428  3.111188  -2.935898  65.520864  22.857786  0.039216  38.158609  29.166379  -21.792324  14.146984  101.813636
0.607063  0.000000  0.000000  0.000000  -2.614428  3.111188  1.349816  66.190675  18.946619  -1.836937  38.158609  29.166379  -21.792324  14.146984  101.813636
0.607623  0.000000  0.000000  0.000000  -2.614428  3.111188  5.635530  66.713799  15.017456  -3.626846  38.158609  29.166379  -21.792324  14.146984  101.813636
0.608184  0.000000  0.000000  0.000000  -2.614428  3.111188  9.921244  67.103467  11.074805  -5.351903  38.158609  29.166379  -21.792324  14.146984  101.813636
0.608744  0.000000  0.000000  0.000000  -2.614428  3.111188  14.206959  67.369162  7.122625  -7.030973  38.158609  29.166379  -21.792324  14.146984  101.813636
0.609305  0.000000  0.000000  0.000000  -2.614428  3.111188  18.492673  67.517213  3.164494  -8.681288  38.158609  29.166379  -21.792324  14.146984  101.813636
0.609865  0.000000  0.000000  0.000000  -2.614428  3.111188  22.778387  67.551080  -0.796235  -10.319024  38.158609  29.166379  -21.792324  14.146984  101.813636
0.610426  0.000000  0.000000  0.000000  -2.614428  3.111188  27.064102  67.471548  -4.756313  -11.959913  38.158609  29.166379  -21.792324  14.146984  101.813636
0.610987  0.000000  0.000000  0.000000  -2.614428  3.111188  31.349816  67.276765  -8.712458  -13.619818  38.158609  29.166379  -21.792324  14.146984  101.813636
0.611547  0.000000  0.000000  0.000000  -2.614428  3.111188  35.635530  66.962162  -12.661261  -15.315215  38.158609  29.166379  -21.792324  14.146984  101.813636
0.612108  0.000000  0.000000  0.000000  -2.614428  3.111188  39.921244  66.520175  -16.598992  -17.063952  38.158609  29.166379  -21.792324  14.146984  101.813636
0.612668  0.000000  0.000000  0.000000  -2.614428  3.111188  44.206959  65.939893  -20.521501  -18.885800  38.158609  29.166379  -21.792324  14.146984  101.813636
0.613229  0.000000  0.000000  0.000000  -2.614428  3.111188  48.492673  65.206431  -24.423991  -20.803361  38.158609  29.166379  -21.792324  14.146984  101.813636
0.613789  0.000000  0.000000  0.000000  -13.394093  7.326555  -11.507327  64.314925  39.814868  7.471595  3.803181  26.751865  -38.397690  9.517049  87.752254
0.614350  0.000000  0.000000  0.000000  -13.394093  7.326555  -7.221613  65.723197  35.929469  5.179136  3.803181  26.751865  -38.397690  9.517049  87.752254
0.614910  0.000000  0.000000  0.000000  -13.394093  7.326555  -2.935898  66.884080  32.004590  3.102742  3.803181  26.751865  -38.397690  9.517049  87.752254
0.615471  0.000000  0.000000  0.000000  -13.394093  7.326555  1.349816  67.837997  28.048686  1.197712  3.803181  26.751865  -38.397690  9.517049  87.752254
0.616031  0.000000  0.000000  0.000000  -13.394093  7.326555  5.635530  68.615730  24.068368  -0.571542  3.803181  26.751865  -38.397690  9.517049  87.752254
0.616592  0.000000  0.000000  0.000000  -13.394093  7.326555  9.921244  69.240715  20.068929  -2.233893  3.803181  26.751865  -38.397690  9.517049  87.752254
0.617152  0.000000  0.000000  0.000000  -13.394093  7.326555  14.206959  69.730742  16.054736  -3.813319  3.803181  26.751865  -38.397690  9.517049  87.752254
0.617713  0.000000  0.000000  0.000000  -13.394093  7.326555  18.492673  70.099018  12.029417  -5.330128  3.803181  26.751865  -38.397690  9.517049  87.752254
0.618274  0.000000  0.000000  0.000000  -13.394093  7.326555  22.778387  70.355121  7.996171  -6.802081  3.803181  26.751865  -38.397690  9.517049  87.752254
0.618834  0.000000  0.000000  0.000000  -13.394093  7.326555  27.064102  70.505482  3.957800  -8.245140  3.803181  26.751865  -38.397690  9.517049  87.752254
0.619395  0.000000  0.000000  0.000000  -13.394093  7.326555  31.349816  70.553833  -0.083040  -9.674173  3.803181  26.751865  -38.397690  9.517049  87.752254
0.619955  0.000000  0.000000  0.000000  -13.394093  7.326555  35.635530  70.501328  -4.123831  -11.103493  3.803181  26.751865  -38.397690  9.517049  87.752254
0.620516  0.000000  0.000000  0.000000  -13.394093  7.326555  39.921244  70.346699  -8.162037  -12.547449  3.803181  26.751865  -38.397690  9.517049  87.752254
0.621076  0.000000  0.000000  0.000000  -13.394093  7.326555  44.206959  70.086152  -12.195027  -14.020913  3.803181  26.751865  -38.397690  9.517049  87.752254
0.621637  0.000000  0.000000  0.000000  -13.394093  7.326555  48.492673  69.713078  -16.219949  -15.539930  3.803181  26.751865  -38.397690  9.517049  87.752254
0.622197  0.000000  0.000000  0.000000  -5.168242  5.264971  -11.507327  52.605144  12.880370  5.299848  20.177231  23.687393  -32.437721  19.864708  83.966424
0.622758  0.000000  0.000000  0.000000  -5.168242  5.264971  -7.221613  53.116401  9.463306  2.662738  20.177231  23.687393  -32.437721  19.864708  83.966424
0.623318  0.000000  0.000000  0.000000  -5.168242  5.264971  -2.935898  53.464990  6.026951  0.077729  20.177231  23.687393  -32.437721  19.864708  83.966424
0.623879  0.000000  0.000000  0.000000  -5.168242  5.264971  1.349816  53.656597  2.578579  -2.474666  20.177231  23.687393  -32.437721  19.864708  83.966424
0.624439  0.000000  0.000000  0.000000  -5.168242  5.264971  5.635530  53.694370  -0.874881  -5.013239  20.177231  23.687393  -32.437721  19.864708  83.966424
0.625000  0.000000  0.000000  0.000000  -5.168242  5.264971  9.921244  53.578886  -4.326620  -7.556488  20.177231  23.687393  -32.437721  19.864708  83.966424
0.625561  0.000000  0.000000  0.000000  -5.168242  5.264971  14.206959  53.308304  -7.769786  -10.123030  20.177231  23.687393  -32.437721  19.864708  83.966424
0.626121  0.000000  0.000000  0.000000  -5.168242  5.264971  18.492673  52.878185  -11.197304  -12.731940  20.177231  23.687393  -32.437721  19.864708  83.966424
0.626682  0.000000  0.000000  0.000000  -5.168242  5.264971  22.778387  52.281478  -14.601654  -15.403221  20.177231  23.687393  -32.437721  19.864708  83.966424
0.627242  0.000000  0.000000  0.000000  -5.168242  5.264971  27.064102  51.508327  -17.974678  -18.158172  20.177231  23.687393  -32.437721  19.864708  83.966424
0.627803  0.000000  0.000000  0.000000  -5.168242  5.264971  31.349816  50.545865  -21.307315  -21.019834  20.177231  23.687393  -32.437721  19.864708  83.966424
0.628363  0.000000  0.000000  0.000000  -5.168242  5.264971  35.635530  49.377965  -24.589326  -24.013414  20.177231  23.687393  -32.437721  19.864708  83.966424
0.628924  0.000000  0.000000  0.000000  -5.168242  5.264971  39.921244  47.984982  -27.809010  -27.166682  20.177231  23.687393  -32.437721  19.864708  83.966424
0.629484  0.000000  0.000000  0.000000  -5.168242  5.264971  44.206959  46.343572  -30.952748  -30.510337  20.177231  23.687393  -32.437721  19.864708  83.966424
0.630045  0.000000  0.000000  0.000000  -5.168242  5.264971  48.492673  44.426570  -34.004631  -34.078186  20.177231  23.687393  -32.437721  19.864708  83.966424
0.630605  0.000000  0.000000  0.000000  -25.210115  17.494089  -11.507327  51.683789  11.980586  6.031989  11.953541  39.668478  -46.455285  12.619822  101.640029
0.631166  0.000000  0.000000  0.000000  -25.210115  17.494089  -7.221613  52.164018  8.606273  3.346107  11.953541  39.668478  -46.455285  12.619822  101.640029
0.631726  0.000000  0.000000  0.000000  -25.210115  17.494089  -2.935898  52.481622  5.213668  0.707844  11.953541  39.668478  -46.455285  12.619822  101.640029
0.632287  0.000000  0.000000  0.000000  -25.210115  17.494089  1.349816  52.641587  1.810190  -1.901995  11.953541  39.668478  -46.455285  12.619822  101.640029
0.632848  0.000000  0.000000  0.000000  -25.210115  17.494089  5.635530  52.646437  -1.597028  -4.502039  11.953541  39.668478  -46.455285  12.619822  101.640029
0.633408  0.000000  0.000000  0.000000  -25.210115  17.494089  9.921244  52.496215  -5.000947  -7.110724  11.953541  39.668478  -46.455285  12.619822  101.640029
0.633969  0.000000  0.000000  0.000000  -25.210115  17.494089  14.206959  52.188595  -8.394444  -9.746657  11.953541  39.668478  -46.455285  12.619822  101.640029
0.634529  0.000000  0.000000  0.000000  -25.210115  17.494089  18.492673  51.718736  -11.770127  -12.428980  11.953541  39.668478  -46.455285  12.619822  101.640029
0.635090  0.000000  0.000000  0.000000  -25.210115  17.494089  22.778387  51.079211  -15.120113  -15.177779  11.953541  39.668478  -46.455285  12.619822  101.640029
0.635650  0.000000  0.000000  0.000000  -25.210115  17.494089  27.064102  50.259875  -18.435841  -18.014429  11.953541  39.668478  -46.455285  12.619822  101.640029
0.636211  0.000000  0.000000  0.000000  -25.210115  17.494089  31.349816  49.247666  -21.707781  -20.962002  11.953541  39.668478  -46.455285  12.619822  101.640029
0.636771  0.000000  0.000000  0.000000  -25.210115  17.494089  35.635530  48.026408  -24.925193  -24.045631  11.953541  39.668478  -46.455285  12.619822  101.640029
0.637332  0.000000  0.000000  0.000000  -25.210115  17.494089  39.921244  46.576627  -28.075845  -27.292842  11.953541  39.668478  -46.455285  12.619822  101.640029
0.637892  0.000000  0.000000  0.000000  -25.210115  17.494089  44.206959  44.875429  -31.145498  -30.733791  11.953541  39.668478  -46.455285  12.619822  101.640029
0.638453  0.000000  0.000000  0.000000  -25.210115  17.494089  48.492673  42.896655  -34.117627  -34.401288  11.953541  39.668478  -46.455285  12.619822  101.640029
0.639013  0.000000  0.000000  0.000000  -26.512889  10.163299  -11.507327  63.652075  37.822811  8.399109  5.340519  40.724267  -22.103303  18.758389  90.583450
0.639574  0.000000  0.000000  0.000000  -26.512889  10.163299  -7.221613  64.996473  33.959665  6.107389  5.340519  40.724267  -22.103303  18.758389  90.583450
0.640135  0.000000  0.000000  0.000000  -26.512889  10.163299  -2.935898  66.105762  30.057749  4.015963  5.340519  40.724267  -22.103303  18.758389  90.583450
0.640695  0.000000  0.000000  0.000000  -26.512889  10.163299  1.349816  67.016119  26.125262  2.083938  5.340519  40.724267  -22.103303  18.758389  90.583450
0.641256  0.000000  0.000000  0.000000  -26.512889  10.163299  5.635530  67.755265  22.168705  0.278288  5.340519  40.724267  -22.103303  18.758389  90.583450
0.641816  0.000000  0.000000  0.000000  -26.512889  10.163299  9.921244  68.344360  18.193354  -1.428160  5.340519  40.724267  -22.103303  18.758389  90.583450
0.642377  0.000000  0.000000  0.000000  -26.512889  10.163299  14.206959  68.799410  14.203602  -3.058277  5.340519  40.724267  -22.103303  18.758389  90.583450
0.642937  0.000000  0.000000  0.000000  -26.512889  10.163299  18.492673  69.132243  10.203202  -4.631772  5.340519  40.724267  -22.103303  18.758389  90.583450
0.643498  0.000000  0.000000  0.000000  -26.512889  10.163299  22.778387  69.351214  6.195458  -6.166116  5.340519  40.724267  -22.103303  18.758389  90.583450
0.644058  0.000000  0.000000  0.000000  -26.512889  10.163299  27.064102  69.461685  2.183371  -7.677288  5.340519  40.724267  -22.103303  18.758389  90.583450
0.644619  0.000000  0.000000  0.000000  -26.512889  10.163299  31.349816  69.466321  -1.830225  -9.180399  5.340519  40.724267  -22.103303  18.758389  90.583450
0.645179  0.000000  0.000000  0.000000  -26.512889  10.163299  35.635530  69.365228  -5.842557  -10.690264  5.340519  40.724267  -22.103303  18.758389  90.583450
0.645740  0.000000  0.000000  0.000000  -26.512889  10.163299  39.921244  69.155983  -9.850801  -12.221942  5.340519  40.724267  -22.103303  18.758389  90.583450
0.646300  0.000000  0.000000  0.000000  -26.512889  10.163299  44.206959  68.833457  -13.851973  -13.791317  5.340519  40.724267  -22.103303  18.758389  90.583450
0.646861  0.000000  0.000000  0.000000  -26.512889  10.163299  48.492673  68.389578  -17.842804  -15.415698  5.340519  40.724267  -22.103303  18.758389  90.583450
0.647422  0.000000  0.000000  0.000000  -20.015913  3.835049  -13.113656  65.168518  37.124200  7.236222  32.662789  39.814946  -46.787987  14.950674  87.527425
0.647982  0.000000  0.000000  0.000000  -20.015913  3.835049  -8.827941  66.407592  33.214948  5.086463  32.662789  39.814946  -46.787987  14.950674  87.527425
0.648543  0.000000  0.000000  0.000000  -20.015913  3.835049  -4.542227  67.427413  29.271901  3.121567  32.662789  39.814946  -46.787987  14.950674  87.527425
0.649103  0.000000  0.000000  0.000000  -20.015913  3.835049  -0.256513  68.261550  25.302260  1.303304  32.662789  39.814946  -46.787987  14.950674  87.527425
0.649664  0.000000  0.000000  0.000000  -20.015913  3.835049  4.029201  68.935599  21.311743  -0.399171  32.662789  39.814946  -46.787987  14.950674  87.527425
0.650224  0.000000  0.000000  0.000000  -20.015913  3.835049  8.314916  69.468999  17.305007  -2.011268  32.662789  39.814946  -46.787987  14.950674  87.527425
0.650785  0.000000  0.000000  0.000000  -20.015913  3.835049  12.600630  69.876347  13.285939  -3.554412  32.662789  39.814946  -46.787987  14.950674  87.527425
0.651345  0.000000  0.000000  0.000000  -20.015913  3.835049  16.886344  70.168321  9.257884  -5.047135  32.662789  39.814946  -46.787987  14.950674  87.527425
0.651906  0.000000  0.000000  0.000000  -20.015913  3.835049  21.172059  70.352315  5.223794  -6.505958  32.662789  39.814946  -46.787987  14.950674  87.527425
0.652466  0.000000  0.000000  0.000000  -20.015913  3.835049  25.457773  70.432887  1.186376  -7.946085  32.662789  39.814946  -46.787987  14.950674  87.527425
0.653027  0.000000  0.000000  0.000000  -20.015913  3.835049  29.743487  70.412005  -2.851787  -9.382007  32.662789  39.814946  -46.787987  14.950674  87.527425
0.653587  0.000000  0.000000  0.000000  -20.015913  3.835049  34.029201  70.289152  -6.888146  -10.828063  32.662789  39.814946  -46.787987  14.950674  87.527425
0.654148  0.000000  0.000000  0.000000  -20.015913  3.835049  38.314916  70.061340  -10.920094  -12.298964  32.662789  39.814946  -46.787987  14.950674  87.527425
0.654709  0.000000  0.000000  0.000000  -20.015913  3.835049  42.600630  69.722851  -14.944818  -13.810384  32.662789  39.814946  -46.787987  14.950674  87.527425
0.655269  0.000000  0.000000  0.000000  -20.015913  3.835049  46.886344  69.265011  -18.959230  -15.379576  32.662789  39.814946  -46.787987  14.950674  87.527425
0.655830  0.000000  0.000000  0.000000  -19.401022  -0.101665  -13.113656  65.310973  29.430428  3.553349  40.229748  27.859234  -42.238672  27.788097  97.411147
0.656390  0.000000  0.000000  0.000000  -19.401022  -0.101665  -8.827941  66.226135  25.521870  1.571127  40.229748  27.859234  -42.238672  27.788097  97.411147
0.656951  0.000000  0.000000  0.000000  -19.401022  -0.101665  -4.542227  66.968588  21.588341  -0.285493  40.229748  27.859234  -42.238672  27.788097  97.411147
0.657511  0.000000  0.000000  0.000000  -19.401022  -0.101665  -0.256513  67.559060  17.635322  -2.043535  40.229748  27.859234  -42.238672  27.788097  97.411147
0.658072  0.000000  0.000000  0.000000  -19.401022  -0.101665  4.029201  68.013233  13.667403  -3.725877  40.229748  27.859234  -42.238672  27.788097  97.411147
0.658632  0.000000  0.000000  0.000000  -19.401022  -0.101665  8.314916  68.342669  9.688519  -5.352339  40.229748  27.859234  -42.238672  27.788097  97.411147
0.659193  0.000000  0.000000  0.000000  -19.401022  -0.101665  12.600630  68.555482  5.702155  -6.940582  40.229748  27.859234  -42.238672  27.788097  97.411147
0.659753  0.000000  0.000000  0.000000  -19.401022  -0.101665  16.886344  68.656821  1.711509  -8.506871  40.229748  27.859234  -42.238672  27.788097  97.411147
0.660314  0.000000  0.000000  0.000000  -19.401022  -0.101665  21.172059  68.649070  -2.280435  -10.066645  40.229748  27.859234  -42.238672  27.788097  97.411147
0.660874  0.000000  0.000000  0.000000  -19.401022  -0.101665  25.457773  68.532051  -6.270662  -11.635112  40.229748  27.859234  -42.238672  27.788097  97.411147
0.661435  0.000000  0.000000  0.000000  -19.401022  -0.101665  29.743487  68.302992  -10.256159  -13.227788  40.229748  27.859234  -42.238672  27.788097  97.411147
0.661996  0.000000  0.000000  0.000000  -19.401022  -0.101665  34.029201  67.956353  -14.233703  -14.861086  40.229748  27.859234  -42.238672  27.788097  97.411147
0.662556  0.000000  0.000000  0.000000  -19.401022  -0.101665  38.314916  67.483550  -18.199752  -16.552942  40.229748  27.859234  -42.238672  27.788097  97.411147
0.663117  0.000000  0.000000  0.000000  -19.401022  -0.101665  42.600630  66.872479  -22.150290  -18.323556  40.229748  27.859234  -42.238672  27.788097  97.411147
0.663677  0.000000  0.000000  0.000000  -19.401022  -0.101665  46.886344  66.106806  -26.080617  -20.196315  40.229748  27.859234  -42.238672  27.788097  97.411147
0.664238  0.000000  0.000000  0.000000  -10.698549  0.160976  -13.113656  62.198559  28.184233  2.442609  11.487078  49.180016  -43.147108  10.534046  95.327000
0.664798  0.000000  0.000000  0.000000  -10.698549  0.160976  -8.827941  63.170156  24.375894  0.249607  11.487078  49.180016  -43.147108  10.534046  95.327000
0.665359  0.000000  0.000000  0.000000  -10.698549  0.160976  -4.542227  63.959151  20.537860  -1.814528  11.487078  49.180016  -43.147108  10.534046  95.327000
0.665919  0.000000  0.000000  0.000000  -10.698549  0.160976  -0.256513  64.585802  16.676598  -3.777171  11.487078  49.180016  -43.147108  10.534046  95.327000
0.666480  0.000000  0.000000  0.000000  -10.698549  0.160976  4.029201  65.065553  12.797589  -5.661861  11.487078  49.180016  -43.147108  10.534046  95.327000
0.667040  0.000000  0.000000  0.000000  -10.698549  0.160976  8.314916  65.409824  8.905598  -7.489292  11.487078  49.180016  -43.147108  10.534046  95.327000
0.667601  0.000000  0.000000  0.000000  -10.698549  0.160976  12.600630  65.626581  5.004879  -9.278127  11.487078  49.180016  -43.147108  10.534046  95.327000
0.668161  0.000000  0.000000  0.000000  -10.698549  0.160976  16.886344  65.720748  1.099355  -11.045720  11.487078  49.180016  -43.147108  10.534046  95.327000
0.668722  0.000000  0.000000  0.000000  -10.698549  0.160976  21.172059  65.694467  -2.807190  -12.808689  11.487078  49.180016  -43.147108  10.534046  95.327000
0.669283  0.000000  0.000000  0.000000  -10.698549  0.160976  25.457773  65.547120  -6.711077  -14.583499  11.487078  49.180016  -43.147108  10.534046  95.327000
0.669843  0.000000  0.000000  0.000000  -10.698549  0.160976  29.743487  65.275392  -10.608478  -16.387010  11.487078  49.180016  -43.147108  10.534046  95.327000
0.670404  0.000000  0.000000  0.000000  -10.698549  0.160976  34.029201  64.873065  -14.495343  -18.237072  11.487078  49.180016  -43.147108  10.534046  95.327000
0.670964  0.000000  0.000000  0.000000  -10.698549  0.160976  38.314916  64.330716  -18.367215  -20.153148  11.487078  49.180016  -43.147108  10.534046  95.327000
0.671525  0.000000  0.000000  0.000000  -10.698549  0.160976  42.600630  63.635254  -22.219047  -22.157063  11.487078  49.180016  -43.147108  10.534046  95.327000
0.672085  0.000000  0.000000  0.000000  -10.698549  0.160976  46.886344  62.769240  -26.044964  -24.273905  11.487078  49.180016  -43.147108  10.534046  95.327000
0.672646  0.000000  0.000000  0.000000  -29.876777  -1.980130  -13.113656  62.075022  22.440350  3.795790  37.378854  22.044153  -30.270805  25.157836  100.507743
0.673206  0.000000  0.000000  0.000000  -29.876777  -1.980130  -8.827941  62.818173  18.640261  1.679111  37.378854  22.044153  -30.270805  25.157836  100.507743
0.673767  0.000000  0.000000  0.000000  -29.876777  -1.980130  -4.542227  63.401052  14.817532  -0.344546  37.378854  22.044153  -30.270805  25.157836  100.507743
0.674327  0.000000  0.000000  0.000000  -29.876777  -1.980130  -0.256513  63.837318  10.977750  -2.297773  37.378854  22.044153  -30.270805  25.157836  100.507743
0.674888  0.000000  0.000000  0.000000  -29.876777  -1.980130  4.029201  64.136898  7.125839  -4.200717  37.378854  22.044153  -30.270805  25.157836  100.507743
0.675448  0.000000  0.000000  0.000000  -29.876777  -1.980130  8.314916  64.306469  3.266280  -6.071871  37.378854  22.044153  -30.270805  25.157836  100.507743
0.676009  0.000000  0.000000  0.000000  -29.876777  -1.980130  12.600630  64.349749  -0.596728  -7.928667  37.378854  22.044153  -30.270805  25.157836  100.507743
0.676570  0.000000  0.000000  0.000000  -29.876777  -1.980130  16.886344  64.267684  -4.459108  -9.788076  37.378854  22.044153  -30.270805  25.157836  100.507743
0.677130  0.000000  0.000000  0.000000  -29.876777  -1.980130  21.172059  64.058479  -8.316760  -11.667160  37.378854  22.044153  -30.270805  25.157836  100.507743
0.677691  0.000000  0.000000  0.000000  -29.876777  -1.980130  25.457773  63.717535  -12.165422  -13.583592  37.378854  22.044153  -30.270805  25.157836  100.507743
0.678251  0.000000  0.000000  0.000000  -29.876777  -1.980130  29.743487  63.237202  -16.000490  -15.556323  37.378854  22.044153  -30.270805  25.157836  100.507743
0.678812  0.000000  0.000000  0.000000  -29.876777  -1.980130  34.029201  62.606461  -19.816857  -17.606173  37.378854  22.044153  -30.270805  25.157836  100.507743
0.679372  0.000000  0.000000  0.000000  -29.876777  -1.980130  38.314916  61.810369  -23.608688  -19.756643  37.378854  22.044153  -30.270805  25.157836  100.507743
0.679933  0.000000  0.000000  0.000000  -29.876777  -1.980130  42.600630  60.829350  -27.369139  -22.034839  37.378854  22.044153  -30.270805  25.157836  100.507743
0.680493  0.000000  0.000000  0.000000  -29.876777  -1.980130  46.886344  59.638205  -31.090014  -24.472606  37.378854  22.044153  -30.270805  25.157836  100.507743
0.681054  0.000000  0.000000  0.000000  -3.130917  7.018455  -13.113656  52.020958  12.969129  9.584427  33.389456  31.015595  -30.070384  22.821036  98.876020
0.681614  0.000000  0.000000  0.000000  -3.130917  7.018455  -8.827941  52.543851  9.578346  6.911355  33.389456  31.015595  -30.070384  22.821036  98.876020
0.682175  0.000000  0.000000  0.000000  -3.130917  7.018455  -4.542227  52.902954  6.167512  4.291339  33.389456  31.015595  -30.070384  22.821036  98.876020
0.682735  0.000000  0.000000  0.000000  -3.130917  7.018455  -0.256513  53.104005  2.744054  1.704904  33.389456  31.015595  -30.070384  22.821036  98.876020
0.683296  0.000000  0.000000  0.000000  -3.130917  7.018455  4.029201  53.150251  -0.684964  -0.866733  33.389456  31.015595  -30.070384  22.821036  98.876020
0.683857  0.000000  0.000000  0.000000  -3.130917  7.018455  8.314916  53.042389  -4.112597  -3.442052  33.389456  31.015595  -30.070384  22.821036  98.876020
0.684417  0.000000  0.000000  0.000000  -3.130917  7.018455  12.600630  52.778730  -7.531878  -6.039623  33.389456  31.015595  -30.070384  22.821036  98.876020
0.684978  0.000000  0.000000  0.000000  -3.130917  7.018455  16.886344  52.355039  -10.935617  -8.678445  33.389456  31.015595  -30.070384  22.821036  98.876020
0.685538  0.000000  0.000000  0.000000  -3.130917  7.018455  21.172059  51.764511  -14.316198  -11.378388  33.389456  31.015595  -30.070384  22.821036  98.876020
0.686099  0.000000  0.000000  0.000000  -3.130917  7.018455  25.457773  50.997603  -17.665375  -14.160557  33.389456  31.015595  -30.070384  22.821036  98.876020
0.686659  0.000000  0.000000  0.000000  -3.130917  7.018455  29.743487  50.041845  -20.974019  -17.047703  33.389456  31.015595  -30.070384  22.821036  98.876020
0.687220  0.000000  0.000000  0.000000  -3.130917  7.018455  34.029201  48.881616  -24.231842  -20.064630  33.389456  31.015595  -30.070384  22.821036  98.876020
0.687780  0.000000  0.000000  0.000000  -3.130917  7.018455  38.314916  47.497927  -27.427126  -23.238560  33.389456  31.015595  -30.070384  22.821036  98.876020
0.688341  0.000000  0.000000  0.000000  -3.130917  7.018455  42.600630  45.868251  -30.546284  -26.599451  33.389456  31.015595  -30.070384  22.821036  98.876020
0.688901  0.000000  0.000000  0.000000  -3.130917  7.018455  46.886344  43.966503  -33.573490  -30.180136  33.389456  31.015595  -30.070384  22.821036  98.876020
0.689462  0.000000  0.000000  0.000000  -24.983914  1.897601  -13.113656  61.189841  28.700897  -0.239952  14.457351  22.962469  -20.862415  27.072669  85.113198
0.690022  0.000000  0.000000  0.000000  -24.983914  1.897601  -8.827941  62.217160  24.926746  -2.515895  14.457351  22.962469  -20.862415  27.072669  85.113198
0.690583  0.000000  0.000000  0.000000  -24.983914  1.897601  -4.542227  63.054688  21.120110  -4.655914  14.457351  22.962469  -20.862415  27.072669  85.113198
0.691143  0.000000  0.000000  0.000000  -24.983914  1.897601  -0.256513  63.723677  17.287959  -6.688374  14.457351  22.962469  -20.862415  27.072669  85.113198
0.691704  0.000000  0.000000  0.000000  -24.983914  1.897601  4.029201  64.240392  13.436190  -8.637598  14.457351  22.962469  -20.862415  27.072669  85.113198
0.692265  0.000000  0.000000  0.000000  -24.983914  1.897601  8.314916  64.617034  9.569911  -10.525028  14.457351  22.962469  -20.862415  27.072669  85.113198
0.692825  0.000000  0.000000  0.000000  -24.983914  1.897601  12.600630  64.862197  5.693667  -12.369868  14.457351  22.962469  -20.862415  27.072669  85.113198
0.693386  0.000000  0.000000  0.000000  -24.983914  1.897601  16.886344  64.981397  1.811639  -14.189945  14.457351  22.962469  -20.862415  27.072669  85.113198
0.693946  0.000000  0.000000  0.000000  -24.983914  1.897601  21.172059  64.977282  -2.072211  -16.002223  14.457351  22.962469  -20.862415  27.072669  85.113198
0.694507  0.000000  0.000000  0.000000  -24.983914  1.897601  25.457773  64.849735  -5.953974  -17.823426  14.457351  22.962469  -20.862415  27.072669  85.113198
0.695067  0.000000  0.000000  0.000000  -24.983914  1.897601  29.743487  64.595951  -9.829680  -19.670561  14.457351  22.962469  -20.862415  27.072669  85.113198
0.695628  0.000000  0.000000  0.000000  -24.983914  1.897601  34.029201  64.210222  -13.695135  -21.561508  14.457351  22.962469  -20.862415  27.072669  85.113198
0.696188  0.000000  0.000000  0.000000  -24.983914  1.897601  38.314916  63.683702  -17.545755  -23.515631  14.457351  22.962469  -20.862415  27.072669  85.113198
0.696749  0.000000  0.000000  0.000000  -24.983914  1.897601  42.600630  63.003976  -21.376388  -25.554489  14.457351  22.962469  -20.862415  27.072669  85.113198
0.697309  0.000000  0.000000  0.000000  -24.983914  1.897601  46.886344  62.154446  -25.181077  -27.702687  14.457351  22.962469  -20.862415  27.072669  85.113198
0.697870  0.000000  0.000000  0.000000  -3.054472  -5.389531  -13.113656  55.439902  10.746453  -4.626550  25.980874  28.598025  -32.018646  14.410197  89.783303
0.698430  0.000000  0.000000  0.000000  -3.054472  -5.389531  -8.827941  55.822304  7.208397  -7.075551  25.980874  28.598025  -32.018646  14.410197  89.783303
0.698991  0.000000  0.000000  0.000000  -3.054472  -5.389531  -4.542227  56.050707  3.657511  -9.486477  25.980874  28.598025  -32.018646  14.410197  89.783303
0.699552  0.000000  0.000000  0.000000  -3.054472  -5.389531  -0.256513  56.129186  0.100219  -11.878335  25.980874  28.598025  -32.018646  14.410197  89.783303
0.700112  0.000000  0.000000  0.000000  -3.054472  -5.389531  4.029201  56.059095  -3.457250  -14.269680  25.980874  28.598025  -32.018646  14.410197  89.783303
0.700673  0.000000  0.000000  0.000000  -3.054472  -5.389531  8.314916  55.839212  -7.008665  -16.679033  25.980874  28.598025  -32.018646  14.410197  89.783303
0.701233  0.000000  0.000000  0.000000  -3.054472  -5.389531  12.600630  55.465648  -10.547624  -19.125357  25.980874  28.598025  -32.018646  14.410197  89.783303
0.701794  0.000000  0.000000  0.000000  -3.054472  -5.389531  16.886344  54.931741  -14.067350  -21.628498  25.980874  28.598025  -32.018646  14.410197  89.783303
0.702354  0.000000  0.000000  0.000000  -3.054472  -5.389531  21.172059  54.227901  -17.560496  -24.209692  25.980874  28.598025  -32.018646  14.410197  89.783303
0.702915  0.000000  0.000000  0.000000  -3.054472  -5.389531  25.457773  53.341262  -21.018888  -26.892014  25.980874  28.598025  -32.018646  14.410197  89.783303
0.703475  0.000000  0.000000  0.000000  -3.054472  -5.389531  29.743487  52.255419  -24.433247  -29.700990  25.980874  28.598025  -32.018646  14.410197  89.783303
0.704036  0.000000  0.000000  0.000000  -3.054472  -5.389531  34.029201  50.949977  -27.792875  -32.665130  25.980874  28.598025  -32.018646  14.410197  89.783303
0.704596  0.000000  0.000000  0.000000  -3.054472  -5.389531  38.314916  49.400146  -31.085255  -35.816505  25.980874  28.598025  -32.018646  14.410197  89.783303
0.705157  0.000000  0.000000  0.000000  -3.054472  -5.389531  42.600630  47.576348  -34.295546  -39.191270  25.980874  28.598025  -32.018646  14.410197  89.783303
0.705717  0.000000  0.000000  0.000000  -3.054472  -5.389531  46.886344  45.443977  -37.406042  -42.829992  25.980874  28.598025  -32.018646  14.410197  89.783303
0.706278  0.000000  0.000000  0.000000  -11.469074  0.214557  -14.323125  54.666783  11.731290  -0.525456  14.623626  15.088519  -10.455880  16.687189  91.568418
0.706839  0.000000  0.000000  0.000000  -11.469074  0.214557  -10.037411  55.100729  8.225071  -3.028248  14.623626  15.088519  -10.455880  16.687189  91.568418
0.707399  0.000000  0.000000  0.000000  -11.469074  0.214557  -5.751696  55.377721  4.703642  -5.487004  14.623626  15.088519  -10.455880  16.687189  91.568418
0.707960  0.000000  0.000000  0.000000  -11.469074  0.214557  -1.465982  55.502580  1.173679  -7.920964  14.623626  15.088519  -10.455880  16.687189  91.568418
0.708520  0.000000  0.000000  0.000000  -11.469074  0.214557  2.819732  55.477464  -2.358395  -10.348780  14.623626  15.088519  -10.455880  16.687189  91.568418
0.709081  0.000000  0.000000  0.000000  -11.469074  0.214557  7.105447  55.301941  -5.886220  -12.788960  14.623626  15.088519  -10.455880  16.687189  91.568418
0.709641  0.000000  0.000000  0.000000  -11.469074  0.214557  11.391161  54.972966  -9.403304  -15.260309  14.623626  15.088519  -10.455880  16.687189  91.568418
0.710202  0.000000  0.000000  0.000000  -11.469074  0.214557  15.676875  54.484831  -12.902866  -17.782321  14.623626  15.088519  -10.455880  16.687189  91.568418
0.710762  0.000000  0.000000  0.000000  -11.469074  0.214557  19.962589  53.828943  -16.377579  -20.375729  14.623626  15.088519  -10.455880  16.687189  91.568418
0.711323  0.000000  0.000000  0.000000  -11.469074  0.214557  24.248304  52.993658  -19.819396  -23.062887  14.623626  15.088519  -10.455880  16.687189  91.568418
0.711883  0.000000  0.000000  0.000000  -11.469074  0.214557  28.534018  51.963950  -23.219243  -25.868331  14.623626  15.088519  -10.455880  16.687189  91.568418
0.712444  0.000000  0.000000  0.000000  -11.469074  0.214557  32.819732  50.721064  -26.566730  -28.819291  14.623626  15.088519  -10.455880  16.687189  91.568418
0.713004  0.000000  0.000000  0.000000  -11.469074  0.214557  37.105447  49.242142  -29.849799  -31.946217  14.623626  15.088519  -10.455880  16.687189  91.568418
0.713565  0.000000  0.000000  0.000000  -11.469074  0.214557  41.391161  47.499885  -33.054238  -35.283262  14.623626  15.088519  -10.455880  16.687189  91.568418
0.714126  0.000000  0.000000  0.000000  -11.469074  0.214557  45.676875  45.462338  -36.163190  -38.868581  14.623626  15.088519  -10.455880  16.687189  91.568418
0.714686  0.000000  0.000000  0.000000  -21.860764  -3.811323  -14.323125  61.029914  25.049212  3.272837  17.928198  42.685812  -42.659135  16.031264  101.321144
0.715247  0.000000  0.000000  0.000000  -21.860764  -3.811323  -10.037411  61.906271  21.283479  1.046621  17.928198  42.685812  -42.659135  16.031264  101.321144
0.715807  0.000000  0.000000  0.000000  -21.860764  -3.811323  -5.751696  62.608639  17.489962  -1.067922  17.928198  42.685812  -42.659135  16.031264  101.321144
0.716368  0.000000  0.000000  0.000000  -21.860764  -3.811323  -1.465982  63.153704  13.674993  -3.095689  17.928198  42.685812  -42.659135  16.031264  101.321144
0.716928  0.000000  0.000000  0.000000  -21.860764  -3.811323  2.819732  63.554016  9.844069  -5.058590  17.928198  42.685812  -42.659135  16.031264  101.321144
0.717489  0.000000  0.000000  0.000000  -21.860764  -3.811323  7.105447  63.818535  6.002076  -6.976335  17.928198  42.685812  -42.659135  16.031264  101.321144
0.718049  0.000000  0.000000  0.000000  -21.860764  -3.811323  11.391161  63.953080  2.153503  -8.867165  17.928198  42.685812  -42.659135  16.031264  101.321144
0.718610  0.000000  0.000000  0.000000  -21.860764  -3.811323  15.676875  63.960577  -1.697401  -10.748471  17.928198  42.685812  -42.659135  16.031264  101.321144
0.719170  0.000000  0.000000  0.000000  -21.860764  -3.811323  19.962589  63.841175  -5.546468  -12.637285  17.928198  42.685812  -42.659135  16.031264  101.321144
0.719731  0.000000  0.000000  0.000000  -21.860764  -3.811323  24.248304  63.592294  -9.389467  -14.550916  17.928198  42.685812  -42.659135  16.031264  101.321144
0.720291  0.000000  0.000000  0.000000  -21.860764  -3.811323  28.534018  63.208474  -13.221949  -16.507471  17.928198  42.685812  -42.659135  16.031264  101.321144
0.720852  0.000000  0.000000  0.000000  -21.860764  -3.811323  32.819732  62.681136  -17.039081  -18.526458  17.928198  42.685812  -42.659135  16.031264  101.321144
0.721413  0.000000  0.000000  0.000000  -21.860764  -3.811323  37.105447  61.998190  -20.835451  -20.629485  17.928198  42.685812  -42.659135  16.031264  101.321144
0.721973  0.000000  0.000000  0.000000  -21.860764  -3.811323  41.391161  61.143460  -24.604840  -22.841058  17.928198  42.685812  -42.659135  16.031264  101.321144
0.722534  0.000000  0.000000  0.000000  -21.860764  -3.811323  45.676875  60.095921  -28.339908  -25.189553  17.928198  42.685812  -42.659135  16.031264  101.321144
0.723094  0.000000  0.000000  0.000000  -10.948663  1.491140  -14.323125  53.699674  10.004332  6.006694  31.385497  20.516119  -45.189559  23.048543  83.330436
0.723655  0.000000  0.000000  0.000000  -10.948663  1.491140  -10.037411  54.067160  6.541675  3.454374  31.385497  20.516119  -45.189559  23.048543  83.330436
0.724215  0.000000  0.000000  0.000000  -10.948663  1.491140  -5.751696  54.278086  3.066325  0.937292  31.385497  20.516119  -45.189559  23.048543  83.330436
0.724776  0.000000  0.000000  0.000000  -10.948663  1.491140  -1.465982  54.335983  -0.414893  -1.563455  31.385497  20.516119  -45.189559  23.048543  83.330436
0.725336  0.000000  0.000000  0.000000  -10.948663  1.491140  2.819732  54.241799  -3.895321  -4.066406  31.385497  20.516119  -45.189559  23.048543  83.330436
0.725897  0.000000  0.000000  0.000000  -10.948663  1.491140  7.105447  53.993980  -7.368275  -6.590147  31.385497  20.516119  -45.189559  23.048543  83.330436
0.726457  0.000000  0.000000  0.000000  -10.948663  1.491140  11.391161  53.588388  -10.826872  -9.153715  31.385497  20.516119  -45.189559  23.048543  83.330436
0.727018  0.000000  0.000000  0.000000  -10.948663  1.491140  15.676875  53.018221  -14.263816  -11.777027  31.385497  20.516119  -45.189559  23.048543  83.330436
0.727578  0.000000  0.000000  0.000000  -10.948663  1.491140  19.962589  52.273838  -17.671198  -14.481302  31.385497  20.516119  -45.189559  23.048543  83.330436
0.728139  0.000000  0.000000  0.000000  -10.948663  1.491140  24.248304  51.342539  -21.040253  -17.289511  31.385497  20.516119  -45.189559  23.048543  83.330436
0.728700  0.000000  0.000000  0.000000  -10.948663  1.491140  28.534018  50.208288  -24.361057  -20.226843  31.385497  20.516119  -45.189559  23.048543  83.330436
0.729260  0.000000  0.000000  0.000000  -10.948663  1.491140  32.819732  48.851424  -27.622256  -23.321148  31.385497  20.516119  -45.189559  23.048543  83.330436
0.729821  0.000000  0.000000  0.000000  -10.948663  1.491140  37.105447  47.248392  -30.810635  -26.603355  31.385497  20.516119  -45.189559  23.048543  83.330436
0.730381  0.000000  0.000000  0.000000  -10.948663  1.491140  41.391161  45.371564  -33.910686  -30.107761  31.385497  20.516119  -45.189559  23.048543  83.330436
0.730942  0.000000  0.000000  0.000000  -10.948663  1.491140  45.676875  43.189294  -36.904105  -33.872092  31.385497  20.516119  -45.189559  23.048543  83.330436
0.731502  0.000000  0.000000  0.000000  -8.128669  2.451478  -14.323125  56.193987  20.796370  -0.058158  36.293362  16.428685  -34.554148  18.143296  87.497723
0.732063  0.000000  0.000000  0.000000  -8.128669  2.451478  -10.037411  57.007037  17.217835  -2.552992  36.293362  16.428685  -34.554148  18.143296  87.497723
0.732623  0.000000  0.000000  0.000000  -8.128669  2.451478  -5.751696  57.645230  13.609759  -4.952604  36.293362  16.428685  -34.554148  18.143296  87.497723
0.733184  0.000000  0.000000  0.000000  -8.128669  2.451478  -1.465982  58.121230  9.979394  -7.279852  36.293362  16.428685  -34.554148  18.143296  87.497723
0.733744  0.000000  0.000000  0.000000  -8.128669  2.451478  2.819732  58.444305  6.333253  -9.555610  36.293362  16.428685  -34.554148  18.143296  87.497723
0.734305  0.000000  0.000000  0.000000  -8.128669  2.451478  7.105447  58.620668  2.677343  -11.799372  36.293362  16.428685  -34.554148  18.143296  87.497723
0.734865  0.000000  0.000000  0.000000  -8.128669  2.451478  11.391161  58.653673  -0.982641  -14.029762  36.293362  16.428685  -34.554148  18.143296  87.497723
0.735426  0.000000  0.000000  0.000000  -8.128669  2.451478  15.676875  58.543947  -4.641134  -16.265049  36.293362  16.428685  -34.554148  18.143296  87.497723
0.735987  0.000000  0.000000  0.000000  -8.128669  2.451478  19.962589  58.289405  -8.292521  -18.523639  36.293362  16.428685  -34.554148  18.143296  87.497723
0.736547  0.000000  0.000000  0.000000  -8.128669  2.451478  24.248304  57.885184  -11.930966  -20.824539  36.293362  16.428685  -34.554148  18.143296  87.497723
0.737108  0.000000  0.000000  0.000000  -8.128669  2.451478  28.534018  57.323458  -15.550215  -23.187931  36.293362  16.428685  -34.554148  18.143296  87.497723
0.737668  0.000000  0.000000  0.000000  -8.128669  2.451478  32.819732  56.593189  -19.143393  -25.635672  36.293362  16.428685  -34.554148  18.143296  87.497723
0.738229  0.000000  0.000000  0.000000  -8.128669  2.451478  37.105447  55.679740  -22.702734  -28.191947  36.293362  16.428685  -34.554148  18.143296  87.497723
0.738789  0.000000  0.000000  0.000000  -8.128669  2.451478  41.391161  54.564376  -26.219319  -30.883926  36.293362  16.428685  -34.554148  18.143296  87.497723
0.739350  0.000000  0.000000  0.000000  -8.128669  2.451478  45.676875  53.223663  -29.682659  -33.742551  36.293362  16.428685  -34.554148  18.143296  87.497723
0.739910  0.000000  0.000000  0.000000  -25.354296  3.059110  -14.323125  56.443030  18.295179  0.644207  34.251724  21.439375  -36.047879  12.619186  94.305916
0.740471  0.000000  0.000000  0.000000  -25.354296  3.059110  -10.037411  57.138745  14.708852  -1.803517  34.251724  21.439375  -36.047879  12.619186  94.305916
0.741031  0.000000  0.000000  0.000000  -25.354296  3.059110  -5.751696  57.667920  11.097681  -4.171753  34.251724  21.439375  -36.047879  12.619186  94.305916
0.741592  0.000000  0.000000  0.000000  -25.354296  3.059110  -1.465982  58.040818  7.468475  -6.481944  34.251724  21.439375  -36.047879  12.619186  94.305916
0.742152  0.000000  0.000000  0.000000  -25.354296  3.059110  2.819732  58.264567  3.827463  -8.753983  34.251724  21.439375  -36.047879  12.619186  94.305916
0.742713  0.000000  0.000000  0.000000  -25.354296  3.059110  7.105447  58.343392  0.180515  -11.006739  34.251724  21.439375  -36.047879  12.619186  94.305916
0.743274  0.000000  0.000000  0.000000  -25.354296  3.059110  11.391161  58.278777  -3.466732  -13.258608  34.251724  21.439375  -36.047879  12.619186  94.305916
0.743834  0.000000  0.000000  0.000000  -25.354296  3.059110  15.676875  58.069519  -7.108590  -15.527916  34.251724  21.439375  -36.047879  12.619186  94.305916
0.744395  0.000000  0.000000  0.000000  -25.354296  3.059110  19.962589  57.711650  -10.739234  -17.833464  34.251724  21.439375  -36.047879  12.619186  94.305916
0.744955  0.000000  0.000000  0.000000  -25.354296  3.059110  24.248304  57.198344  -14.352483  -20.195028  34.251724  21.439375  -36.047879  12.619186  94.305916
0.745516  0.000000  0.000000  0.000000  -25.354296  3.059110  28.534018  56.519663  -17.941594  -22.633873  34.251724  21.439375  -36.047879  12.619186  94.305916
0.746076  0.000000  0.000000  0.000000  -25.354296  3.059110  32.819732  55.662233  -21.499036  -25.173343  34.251724  21.439375  -36.047879  12.619186  94.305916
0.746637  0.000000  0.000000  0.000000  -25.354296  3.059110  37.105447  54.608802  -25.016174  -27.839527  34.251724  21.439375  -36.047879  12.619186  94.305916
0.747197  0.000000  0.000000  0.000000  -25.354296  3.059110  41.391161  53.337672  -28.482974  -30.661947  34.251724  21.439375  -36.047879  12.619186  94.305916
0.747758  0.000000  0.000000  0.000000  -25.354296  3.059110  45.676875  51.822111  -31.887579  -33.674342  34.251724  21.439375  -36.047879  12.619186  94.305916
0.748318  0.000000  0.000000  0.000000  -11.908789  -7.191129  -14.323125  62.944455  25.927754  -1.633084  20.338052  36.689368  -44.516953  17.204223  86.079317
0.748879  0.000000  0.000000  0.000000  -11.908789  -7.191129  -10.037411  63.800531  22.096117  -3.735485  20.338052  36.689368  -44.516953  17.204223  86.079317
0.749439  0.000000  0.000000  0.000000  -11.908789  -7.191129  -5.751696  64.487338  18.239024  -5.726254  20.338052  36.689368  -44.516953  17.204223  86.079317
0.750000  0.000000  0.000000  0.000000  -11.908789  -7.191129  -1.465982  65.022109  14.362267  -7.630283  20.338052  36.689368  -44.516953  17.204223  86.079317
0.750561  0.000000  0.000000  0.000000  -11.908789  -7.191129  2.819732  65.417783  10.470825  -9.469257  20.338052  36.689368  -44.516953  17.204223  86.079317
0.751121  0.000000  0.000000  0.000000  -11.908789  -7.191129  7.105447  65.683632  6.569097  -11.262505  20.338052  36.689368  -44.516953  17.204223  86.079317
0.751682  0.000000  0.000000  0.000000  -11.908789  -7.191129  11.391161  65.825764  2.661089  -13.027791  20.338052  36.689368  -44.516953  17.204223  86.079317
0.752242  0.000000  0.000000  0.000000  -11.908789  -7.191129  15.676875  65.847387  -1.249421  -14.781901  20.338052  36.689368  -44.516953  17.204223  86.079317
0.752803  0.000000  0.000000  0.000000  -11.908789  -7.191129  19.962589  65.748987  -5.158760  -16.541248  20.338052  36.689368  -44.516953  17.204223  86.079317
0.753363  0.000000  0.000000  0.000000  -11.908789  -7.191129  24.248304  65.528347  -9.063200  -18.322420  20.338052  36.689368  -44.516953  17.204223  86.079317
0.753924  0.000000  0.000000  0.000000  -11.908789  -7.191129  28.534018  65.180440  -12.958839  -20.142752  20.338052  36.689368  -44.516953  17.204223  86.079317
0.754484  0.000000  0.000000  0.000000  -11.908789  -7.191129  32.819732  64.697175  -16.841437  -22.020931  20.338052  36.689368  -44.516953  17.204223  86.079317
0.755045  0.000000  0.000000  0.000000  -11.908789  -7.191129  37.105447  64.067007  -20.706250  -23.977700  20.338052  36.689368  -44.516953  17.204223  86.079317
0.755605  0.000000  0.000000  0.000000  -11.908789  -7.191129  41.391161  63.274334  -24.547806  -26.036684  20.338052  36.689368  -44.516953  17.204223  86.079317
0.756166  0.000000  0.000000  0.000000  -11.908789  -7.191129  45.676875  62.298681  -28.359639  -28.225410  20.338052  36.689368  -44.516953  17.204223  86.079317
0.756726  0.000000  0.000000  0.000000  -27.350872  -6.236234  -15.024045  60.532589  15.404563  -0.722814  18.124510  39.665709  -41.344088  27.673525  84.589704
0.757287  0.000000  0.000000  0.000000  -27.350872  -6.236234  -10.738330  61.036348  11.663584  -2.874027  18.124510  39.665709  -41.344088  27.673525  84.589704
0.757848  0.000000  0.000000  0.000000  -27.350872  -6.236234  -6.452616  61.392444  7.907036  -4.967828  18.124510  39.665709  -41.344088  27.673525  84.589704
0.758408  0.000000  0.000000  0.000000  -27.350872  -6.236234  -2.166902  61.608323  4.140262  -7.023763  18.124510  39.665709  -41.344088  27.673525  84.589704
0.758969  0.000000  0.000000  0.000000  -27.350872  -6.236234  2.118812  61.688473  0.368221  -9.060176  18.124510  39.665709  -41.344088  27.673525  84.589704
0.759529  0.000000  0.000000  0.000000  -27.350872  -6.236234  6.404527  61.634534  -3.404282  -11.094863  18.124510  39.665709  -41.344088  27.673525  84.589704
0.760090  0.000000  0.000000  0.000000  -27.350872  -6.236234  10.690241  61.445404  -7.172471  -13.145565  18.124510  39.665709  -41.344088  27.673525  84.589704
0.760650  0.000000  0.000000  0.000000  -27.350872  -6.236234  14.975955  61.117171  -10.931417  -15.230491  18.124510  39.665709  -41.344088  27.673525  84.589704
0.761211  0.000000  0.000000  0.000000  -27.350872  -6.236234  19.261670  60.642973  -14.675875  -17.368894  18.124510  39.665709  -41.344088  27.673525  84.589704
0.761771  0.000000  0.000000  0.000000  -27.350872  -6.236234  23.547384  60.012703  -18.400094  -19.581656  18.124510  39.665709  -41.344088  27.673525  84.589704
0.762332  0.000000  0.000000  0.000000  -27.350872  -6.236234  27.833098  59.212592  -22.097592  -21.891978  18.124510  39.665709  -41.344088  27.673525  84.589704
0.762892  0.000000  0.000000  0.000000  -27.350872  -6.236234  32.118812  58.224637  -25.760878  -24.326175  18.124510  39.665709  -41.344088  27.673525  84.589704
0.763453  0.000000  0.000000  0.000000  -27.350872  -6.236234  36.404527  57.025845  -29.381116  -26.914591  18.124510  39.665709  -41.344088  27.673525  84.589704
0.764013  0.000000  0.000000  0.000000  -27.350872  -6.236234  40.690241  55.587287  -32.947698  -29.692688  18.124510  39.665709  -41.344088  27.673525  84.589704
0.764574  0.000000  0.000000  0.000000  -27.350872  -6.236234  44.975955  53.873019  -36.447659  -32.702270  18.124510  39.665709  -41.344088  27.673525  84.589704
0.765135  0.000000  0.000000  0.000000  -12.569865  9.984821  -15.024045  58.924701  29.137851  8.635699  28.860019  18.879959  -22.898798  13.628348  97.644474
0.765695  0.000000  0.000000  0.000000  -12.569865  9.984821  -10.738330  60.047971  25.445052  6.187474  28.860019  18.879959  -22.898798  13.628348  97.644474
0.766256  0.000000  0.000000  0.000000  -12.569865  9.984821  -6.452616  60.969281  21.714097  3.885822  28.860019  18.879959  -22.898798  13.628348  97.644474
0.766816  0.000000  0.000000  0.000000  -12.569865  9.984821  -2.166902  61.711007  17.952976  1.701118  28.860019  18.879959  -22.898798  13.628348  97.644474
0.767377  0.000000  0.000000  0.000000  -12.569865  9.984821  2.118812  62.290512  14.168452  -0.392199  28.860019  18.879959  -22.898798  13.628348  97.644474
0.767937  0.000000  0.000000  0.000000  -12.569865  9.984821  6.404527  62.720935  10.366377  -2.416618  28.860019  18.879959  -22.898798  13.628348  97.644474
0.768498  0.000000  0.000000  0.000000  -12.569865  9.984821  10.690241  63.011752  6.551942  -4.392320  28.860019  18.879959  -22.898798  13.628348  97.644474
0.769058  0.000000  0.000000  0.000000  -12.569865  9.984821  14.975955  63.169279  2.729904  -6.337979  28.860019  18.879959  -22.898798  13.628348  97.644474
0.769619  0.000000  0.000000  0.000000  -12.569865  9.984821  19.261670  63.196875  -1.095254  -8.271279  28.860019  18.879959  -22.898798  13.628348  97.644474
0.770179  0.000000  0.000000  0.000000  -12.569865  9.984821  23.547384  63.095125  -4.919165  -10.209526  28.860019  18.879959  -22.898798  13.628348  97.644474
0.770740  0.000000  0.000000  0.000000  -12.569865  9.984821  27.833098  62.861860  -8.737403  -12.170191  28.860019  18.879959  -22.898798  13.628348  97.644474
0.771300  0.000000  0.000000  0.000000  -12.569865  9.984821  32.118812  62.492076  -12.545371  -14.171410  28.860019  18.879959  -22.898798  13.628348  97.644474
0.771861  0.000000  0.000000  0.000000  -12.569865  9.984821  36.404527  61.977668  -16.338070  -16.232676  28.860019  18.879959  -22.898798  13.628348  97.644474
0.772422  0.000000  0.000000  0.000000  -12.569865  9.984821  40.690241  61.307132  -20.109962  -18.375392  28.860019  18.879959  -22.898798  13.628348  97.644474
0.772982  0.000000  0.000000  0.000000  -12.569865  9.984821  44.975955  60.464999  -23.854713  -20.623693  28.860019  18.879959  -22.898798  13.628348  97.644474
0.773543  0.000000  0.000000  0.000000  -28.439467  -5.757355  -15.024045  66.615685  32.963244  0.390238  48.141485  33.433159  -36.677580  17.981299  85.788321
0.774103  0.000000  0.000000  0.000000  -28.439467  -5.757355  -10.738330  67.617085  29.014393  -1.553416  48.141485  33.433159  -36.677580  17.981299  85.788321
0.774664  0.000000  0.000000  0.000000  -28.439467  -5.757355  -6.452616  68.435517  25.039649  -3.353301  48.141485  33.433159  -36.677580  17.981299  85.788321
0.775224  0.000000  0.000000  0.000000  -28.439467  -5.757355  -2.166902  69.096050  21.044591  -5.039751  48.141485  33.433159  -36.677580  17.981299  85.788321
0.775785  0.000000  0.000000  0.000000  -28.439467  -5.757355  2.118812  69.617699  17.033770  -6.637779  48.141485  33.433159  -36.677580  17.981299  85.788321
0.776345  0.000000  0.000000  0.000000  -28.439467  -5.757355  6.404527  70.014725  13.010989  -8.168505  48.141485  33.433159  -36.677580  17.981299  85.788321
0.776906  0.000000  0.000000  0.000000  -28.439467  -5.757355  10.690241  70.297526  8.979530  -9.650237  48.141485  33.433159  -36.677580  17.981299  85.788321
0.777466  0.000000  0.000000  0.000000  -28.439467  -5.757355  14.975955  70.473253  4.942289  -11.099288  48.141485  33.433159  -36.677580  17.981299  85.788321
0.778027  0.000000  0.000000  0.000000  -28.439467  -5.757355  19.261670  70.546278  0.901943  -12.530766  48.141485  33.433159  -36.677580  17.981299  85.788321
0.778587  0.000000  0.000000  0.000000  -28.439467  -5.757355  23.547384  70.518377  -3.138964  -13.959063  48.141485  33.433159  -36.677580  17.981299  85.788321
0.779148  0.000000  0.000000  0.000000  -28.439467  -5.757355  27.833098  70.388874  -7.177910  -15.398468  48.141485  33.433159  -36.677580  17.981299  85.788321
0.779709  0.000000  0.000000  0.000000  -28.439467  -5.757355  32.118812  70.154580  -11.212294  -16.863682  48.141485  33.433159  -36.677580  17.981299  85.788321
0.780269  0.000000  0.000000  0.000000  -28.439467  -5.757355  36.404527  69.809625  -15.239327  -18.370404  48.141485  33.433159  -36.677580  17.981299  85.788321
0.780830  0.000000  0.000000  0.000000  -28.439467  -5.757355  40.690241  69.345120  -19.255920  -19.935968  48.141485  33.433159  -36.677580  17.981299  85.788321
0.781390  0.000000  0.000000  0.000000  -28.439467  -5.757355  44.975955  68.748626  -23.258526  -21.580116  48.141485  33.433159  -36.677580  17.981299  85.788321
0.781951  0.000000  0.000000  0.000000  -27.161099  -10.616102  -15.024045  68.036714  25.221990  -6.584712  30.208058  31.003182  -24.981859  25.904347  95.121741
0.782511  0.000000  0.000000  0.000000  -27.161099  -10.616102  -10.738330  68.714921  21.237577  -8.303066  30.208058  31.003182  -24.981859  25.904347  95.121741
0.783072  0.000000  0.000000  0.000000  -27.161099  -10.616102  -6.452616  69.251542  17.236684  -9.930673  30.208058  31.003182  -24.981859  25.904347  95.121741
0.783632  0.000000  0.000000  0.000000  -27.161099  -10.616102  -2.166902  69.661192  13.223263  -11.489046  30.208058  31.003182  -24.981859  25.904347  95.121741
0.784193  0.000000  0.000000  0.000000  -27.161099  -10.616102  2.118812  69.954561  9.200710  -12.996819  30.208058  31.003182  -24.981859  25.904347  95.121741
0.784753  0.000000  0.000000  0.000000  -27.161099  -10.616102  6.404527  70.139050  5.172036  -14.470604  30.208058  31.003182  -24.981859  25.904347  95.121741
0.785314  0.000000  0.000000  0.000000  -27.161099  -10.616102  10.690241  70.219213  1.140000  -15.925713  30.208058  31.003182  -24.981859  25.904347  95.121741
0.785874  0.000000  0.000000  0.000000  -27.161099  -10.616102  14.975955  70.197006  -2.892766  -17.376747  30.208058  31.003182  -24.981859  25.904347  95.121741
0.786435  0.000000  0.000000  0.000000  -27.161099  -10.616102  19.261670  70.071885  -6.923666  -18.838154  30.208058  31.003182  -24.981859  25.904347  95.121741
0.786996  0.000000  0.000000  0.000000  -27.161099  -10.616102  23.547384  69.840791  -10.950031  -20.324767  30.208058  31.003182  -24.981859  25.904347  95.121741
0.787556  0.000000  0.000000  0.000000  -27.161099  -10.616102  27.833098  69.497972  -14.969005  -21.852389  30.208058  31.003182  -24.981859  25.904347  95.121741
0.788117  0.000000  0.000000  0.000000  -27.161099  -10.616102  32.118812  69.034661  -18.977426  -23.438418  30.208058  31.003182  -24.981859  25.904347  95.121741
0.788677  0.000000  0.000000  0.000000  -27.161099  -10.616102  36.404527  68.438555  -22.971681  -25.102621  30.208058  31.003182  -24.981859  25.904347  95.121741
0.789238  0.000000  0.000000  0.000000  -27.161099  -10.616102  40.690241  67.693067  -26.947510  -26.868087  30.208058  31.003182  -24.981859  25.904347  95.121741
0.789798  0.000000  0.000000  0.000000  -27.161099  -10.616102  44.975955  66.776256  -30.899759  -28.762461  30.208058  31.003182  -24.981859  25.904347  95.121741
0.790359  0.000000  0.000000  0.000000  -21.083745  2.904766  -15.024045  58.514837  20.736323  7.093468  47.751543  37.285489  -44.542010  21.262874  96.994260
0.790919  0.000000  0.000000  0.000000  -21.083745  2.904766  -10.738330  59.273314  17.066300  4.753561  47.751543  37.285489  -44.542010  21.262874  96.994260
0.791480  0.000000  0.000000  0.000000  -21.083745  2.904766  -6.452616  59.864118  13.370507  2.504316  47.751543  37.285489  -44.542010  21.262874  96.994260
0.792040  0.000000  0.000000  0.000000  -21.083745  2.904766  -2.166902  60.299717  9.655452  0.323252  47.751543  37.285489  -44.542010  21.262874  96.994260
0.792601  0.000000  0.000000  0.000000  -21.083745  2.904766  2.118812  60.589103  5.926971  -1.810073  47.751543  37.285489  -44.542010  21.262874  96.994260
0.793161  0.000000  0.000000  0.000000  -21.083745  2.904766  6.404527  60.738160  2.190442  -3.914705  47.751543  37.285489  -44.542010  21.262874  96.994260
0.793722  0.000000  0.000000  0.000000  -21.083745  2.904766  10.690241  60.749891  -1.549025  -6.008848  47.751543  37.285489  -44.542010  21.262874  96.994260
0.794283  0.000000  0.000000  0.000000  -21.083745  2.904766  14.975955  60.624526  -5.286416  -8.110402  47.751543  37.285489  -44.542010  21.262874  96.994260
0.794843  0.000000  0.000000  0.000000  -21.083745  2.904766  19.261670  60.359543  -9.016645  -10.237495  47.751543  37.285489  -44.542010  21.262874  96.994260
0.795404  0.000000  0.000000  0.000000  -21.083745  2.904766  23.547384  59.949581  -12.734407  -12.408952  47.751543  37.285489  -44.542010  21.262874  96.994260
0.795964  0.000000  0.000000  0.000000  -21.083745  2.904766  27.833098  59.386185  -16.433946  -14.644967  47.751543  37.285489  -44.542010  21.262874  96.994260
0.796525  0.000000  0.000000  0.000000  -21.083745  2.904766  32.118812  58.657526  -20.108891  -16.967609  47.751543  37.285489  -44.542010  21.262874  96.994260
0.797085  0.000000  0.000000  0.000000  -21.083745  2.904766  36.404527  57.747907  -23.751986  -19.401587  47.751543  37.285489  -44.542010  21.262874  96.994260
0.797646  0.000000  0.000000  0.000000  -21.083745  2.904766  40.690241  56.637141  -27.354769  -21.975048  47.751543  37.285489  -44.542010  21.262874  96.994260
0.798206  0.000000  0.000000  0.000000  -21.083745  2.904766  44.975955  55.299801  -30.907228  -24.720487  47.751543  37.285489  -44.542010  21.262874  96.994260
0.798767  0.000000  0.000000  0.000000  -8.959301  9.484692  -15.024045  48.090815  9.180504  0.343676  45.524572  21.986871  -24.160915  28.405627  95.092616
0.799327  0.000000  0.000000  0.000000  -8.959301  9.484692  -10.738330  48.470570  5.980911  -2.533172  45.524572  21.986871  -24.160915  28.405627  95.092616
0.799888  0.000000  0.000000  0.000000  -8.959301  9.484692  -6.452616  48.687527  2.766526  -5.376452  45.524572  21.986871  -24.160915  28.405627  95.092616
0.800448  0.000000  0.000000  0.000000  -8.959301  9.484692  -2.166902  48.744612  -0.454624  -8.204331  45.524572  21.986871  -24.160915  28.405627  95.092616
0.801009  0.000000  0.000000  0.000000  -8.959301  9.484692  2.118812  48.642578  -3.674667  -11.034734  45.524572  21.986871  -24.160915  28.405627  95.092616
0.801570  0.000000  0.000000  0.000000  -8.959301  9.484692  6.404527  48.380066  -6.885704  -13.885630  45.524572  21.986871  -24.160915  28.405627  95.092616
0.802130  0.000000  0.000000  0.000000  -8.959301  9.484692  10.690241  47.953557  -10.079630  -16.775295  45.524572  21.986871  -24.160915  28.405627  95.092616
0.802691  0.000000  0.000000  0.000000  -8.959301  9.484692  14.975955  47.357350  -13.247948  -19.722603  45.524572  21.986871  -24.160915  28.405627  95.092616
0.803251  0.000000  0.000000  0.000000  -8.959301  9.484692  19.261670  46.583499  -16.381568  -22.747276  45.524572  21.986871  -24.160915  28.405627  95.092616
0.803812  0.000000  0.000000  0.000000  -8.959301  9.484692  23.547384  45.621749  -19.470580  -25.870123  45.524572  21.986871  -24.160915  28.405627  95.092616
0.804372  0.000000  0.000000  0.000000  -8.959301  9.484692  27.833098  44.459502  -22.504044  -29.113291  45.524572  21.986871  -24.160915  28.405627  95.092616
0.804933  0.000000  0.000000  0.000000  -8.959301  9.484692  32.118812  43.081791  -25.469722  -32.500305  45.524572  21.986871  -24.160915  28.405627  95.092616
0.805493  0.000000  0.000000  0.000000  -8.959301  9.484692  36.404527  41.471416  -28.353787  -36.056185  45.524572  21.986871  -24.160915  28.405627  95.092616
0.806054  0.000000  0.000000  0.000000  -8.959301  9.484692  40.690241  39.609186  -31.140540  -39.807241  45.524572  21.986871  -24.160915  28.405627  95.092616
0.806614  0.000000  0.000000  0.000000  -8.959301  9.484692  44.975955  37.474506  -33.812141  -43.780587  45.524572  21.986871  -24.160915  28.405627  95.092616
0.807175  0.000000  0.000000  0.000000  -20.892573  8.037582  -15.024045  56.909636  29.125965  7.924989  23.619178  30.555103  -45.656466  24.926853  93.548695
0.807735  0.000000  0.000000  0.000000  -20.892573  8.037582  -10.738330  58.099511  25.510564  5.333928  23.619178  30.555103  -45.656466  24.926853  93.548695
0.808296  0.000000  0.000000  0.000000  -20.892573  8.037582  -6.452616  59.079589  21.852300  2.895369  23.619178  30.555103  -45.656466  24.926853  93.548695
0.808857  0.000000  0.000000  0.000000  -20.892573  8.037582  -2.166902  59.872489  18.159982  0.579255  23.619178  30.555103  -45.656466  24.926853  93.548695
0.809417  0.000000  0.000000  0.000000  -20.892573  8.037582  2.118812  60.495929  14.441092  -1.640522  23.619178  30.555103  -45.656466  24.926853  93.548695
0.809978  0.000000  0.000000  0.000000  -20.892573  8.037582  6.404527  60.963446  10.702120  -3.787046  23.619178  30.555103  -45.656466  24.926853  93.548695
0.810538  0.000000  0.000000  0.000000  -20.892573  8.037582  10.690241  61.284927  6.948830  -5.881090  23.619178  30.555103  -45.656466  24.926853  93.548695
0.811099  0.000000  0.000000  0.000000  -20.892573  8.037582  14.975955  61.467083  3.186499  -7.941902  23.619178  30.555103  -45.656466  24.926853  93.548695
0.811659  0.000000  0.000000  0.000000  -20.892573  8.037582  19.261670  61.513638  -0.579917  -9.987651  23.619178  30.555103  -45.656466  24.926853  93.548695
0.812220  0.000000  0.000000  0.000000  -20.892573  8.037582  23.547384  61.425557  -4.345592  -12.036139  23.619178  30.555103  -45.656466  24.926853  93.548695
0.812780  0.000000  0.000000  0.000000  -20.892573  8.037582  27.833098  61.201036  -8.105678  -14.105207  23.619178  30.555103  -45.656466  24.926853  93.548695
0.813341  0.000000  0.000000  0.000000  -20.892573  8.037582  32.118812  60.835446  -11.855140  -16.213298  23.619178  30.555103  -45.656466  24.926853  93.548695
0.813901  0.000000  0.000000  0.000000  -20.892573  8.037582  36.404527  60.321135  -15.588573  -18.380063  23.619178  30.555103  -45.656466  24.926853  93.548695
0.814462  0.000000  0.000000  0.000000  -20.892573  8.037582  40.690241  59.647139  -19.300017  -20.626916  23.619178  30.555103  -45.656466  24.926853  93.548695
0.815022  0.000000  0.000000  0.000000  -20.892573  8.037582  44.975955  58.798716  -22.982699  -22.977790  23.619178  30.555103  -45.656466  24.926853  93.548695
0.815583  0.000000  0.000000  0.000000  -0.136448  -10.197081  -15.419275  66.678421  29.033817  -5.431102  47.783070  11.908786  -7.851201  12.248677  85.869115
0.816143  0.000000  0.000000  0.000000  -0.136448  -10.197081  -11.133560  67.530577  25.085357  -7.303066  47.783070  11.908786  -7.851201  12.248677  85.869115
0.816704  0.000000  0.000000  0.000000  -0.136448  -10.197081  -6.847846  68.219387  21.114890  -9.057548  47.783070  11.908786  -7.851201  12.248677  85.869115
0.817265  0.000000  0.000000  0.000000  -0.136448  -10.197081  -2.562132  68.764394  17.127310  -10.720250  47.783070  11.908786  -7.851201  12.248677  85.869115
0.817825  0.000000  0.000000  0.000000  -0.136448  -10.197081  1.723582  69.180300  13.126729  -12.312927  47.783070  11.908786  -7.851201  12.248677  85.869115
0.818386  0.000000  0.000000  0.000000  -0.136448  -10.197081  6.009297  69.477849  9.116670  -13.854433  47.783070  11.908786  -7.851201  12.248677  85.869115
0.818946  0.000000  0.000000  0.000000  -0.136448  -10.197081  10.295011  69.664481  5.100265  -15.361608  47.783070  11.908786  -7.851201  12.248677  85.869115
0.819507  0.000000  0.000000  0.000000  -0.136448  -10.197081  14.580725  69.744776  1.080395  -16.850010  47.783070  11.908786  -7.851201  12.248677  85.869115
0.820067  0.000000  0.000000  0.000000  -0.136448  -10.197081  18.866440  69.720675  -2.940211  -18.334473  47.783070  11.908786  -7.851201  12.248677  85.869115
0.820628  0.000000  0.000000  0.000000  -0.136448  -10.197081  23.152154  69.591577  -6.958816  -19.829690  47.783070  11.908786  -7.851201  12.248677  85.869115
0.821188  0.000000  0.000000  0.000000  -0.136448  -10.197081  27.437868  69.354371  -10.972655  -21.350748  47.783070  11.908786  -7.851201  12.248677  85.869115
0.821749  0.000000  0.000000  0.000000  -0.136448  -10.197081  31.723582  69.003190  -14.978742  -22.913720  47.783070  11.908786  -7.851201  12.248677  85.869115
0.822309  0.000000  0.000000  0.000000  -0.136448  -10.197081  36.009297  68.529121  -18.973777  -24.536292  47.783070  11.908786  -7.851201  12.248677  85.869115
0.822870  0.000000  0.000000  0.000000  -0.136448  -10.197081  40.295011  67.919685  -22.953991  -26.238540  47.783070  11.908786  -7.851201  12.248677  85.869115
0.823430  0.000000  0.000000  0.000000  -0.136448  -10.197081  44.580725  67.158077  -26.914944  -28.043887  47.783070  11.908786  -7.851201  12.248677  85.869115
0.823991  0.000000  0.000000  0.000000  -15.976756  3.015499  -15.419275  55.630908  8.707358  7.424633  28.647587  22.666624  -11.698966  22.455873  87.940542
0.824552  0.000000  0.000000  0.000000  -15.976756  3.015499  -11.133560  55.924221  5.163143  4.996928  28.647587  22.666624  -11.698966  22.455873  87.940542
0.825112  0.000000  0.000000  0.000000  -15.976756  3.015499  -6.847846  56.066129  1.609800  2.596284  28.647587  22.666624  -11.698966  22.455873  87.940542
0.825673  0.000000  0.000000  0.000000  -15.976756  3.015499  -2.562132  56.059102  -1.946351  0.204001  28.647587  22.666624  -11.698966  22.455873  87.940542
0.826233  0.000000  0.000000  0.000000  -15.976756  3.015499  1.723582  55.903016  -5.499098  -2.198400  28.647587  22.666624  -11.698966  22.455873  87.940542
0.826794  0.000000  0.000000  0.000000  -15.976756  3.015499  6.009297  55.595133  -9.042121  -4.629651  28.647587  22.666624  -11.698966  22.455873  87.940542
0.827354  0.000000  0.000000  0.000000  -15.976756  3.015499  10.295011  55.129984  -12.568814  -7.109160  28.647587  22.666624  -11.698966  22.455873  87.940542
0.827915  0.000000  0.000000  0.000000  -15.976756  3.015499  14.580725  54.499288  -16.072096  -9.657491  28.647587  22.666624  -11.698966  22.455873  87.940542
0.828475  0.000000  0.000000  0.000000  -15.976756  3.015499  18.866440  53.691578  -19.544148  -12.296892  28.647587  22.666624  -11.698966  22.455873  87.940542
0.829036  0.000000  0.000000  0.000000  -15.976756  3.015499  23.152154  52.692039  -22.976195  -15.051761  28.647587  22.666624  -11.698966  22.455873  87.940542
0.829596  0.000000  0.000000  0.000000  -15.976756  3.015499  27.437868  51.482045  -26.358168  -17.949248  28.647587  22.666624  -11.698966  22.455873  87.940542
0.830157  0.000000  0.000000  0.000000  -15.976756  3.015499  31.723582  50.038765  -29.678366  -21.019809  28.647587  22.666624  -11.698966  22.455873  87.940542
0.830717  0.000000  0.000000  0.000000  -15.976756  3.015499  36.009297  48.334744  -32.922993  -24.297755  28.647587  22.666624  -11.698966  22.455873  87.940542
0.831278  0.000000  0.000000  0.000000  -15.976756  3.015499  40.295011  46.337633  -36.075611  -27.821687  28.647587  22.666624  -11.698966  22.455873  87.940542
0.831839  0.000000  0.000000  0.000000  -15.976756  3.015499  44.580725  44.010034  -39.116577  -31.634626  28.647587  22.666624  -11.698966  22.455873  87.940542
0.832399  0.000000  0.000000  0.000000  0.564154  0.735538  -15.419275  51.824166  13.153511  6.546560  23.088377  12.483277  -13.084579  29.083592  86.104500
0.832960  0.000000  0.000000  0.000000  0.564154  0.735538  -11.133560  52.358342  9.771489  3.860190  23.088377  12.483277  -13.084579  29.083592  86.104500
0.833520  0.000000  0.000000  0.000000  0.564154  0.735538  -6.847846  52.728080  6.368831  1.228092  23.088377  12.483277  -13.084579  29.083592  86.104500
0.834081  0.000000  0.000000  0.000000  0.564154  0.735538  -2.562132  52.939264  2.953023  -1.369248  23.088377  12.483277  -13.084579  29.083592  86.104500
0.834641  0.000000  0.000000  0.000000  0.564154  0.735538  1.723582  52.995256  -0.468804  -3.950634  23.088377  12.483277  -13.084579  29.083592  86.104500
0.835202  0.000000  0.000000  0.000000  0.564154  0.735538  6.009297  52.896935  -3.889680  -6.534543  23.088377  12.483277  -13.084579  29.083592  86.104500
0.835762  0.000000  0.000000  0.000000  0.564154  0.735538  10.295011  52.642758  -7.302606  -9.139516  23.088377  12.483277  -13.084579  29.083592  86.104500
0.836323  0.000000  0.000000  0.000000  0.564154  0.735538  14.580725  52.228670  -10.700374  -11.784503  23.088377  12.483277  -13.084579  29.083592  86.104500
0.836883  0.000000  0.000000  0.000000  0.564154  0.735538  18.866440  51.648061  -14.075364  -14.489287  23.088377  12.483277  -13.084579  29.083592  86.104500
0.837444  0.000000  0.000000  0.000000  0.564154  0.735538  23.152154  50.891610  -17.419342  -17.274845  23.088377  12.483277  -13.084579  29.083592  86.104500
0.838004  0.000000  0.000000  0.000000  0.564154  0.735538  27.437868  49.947102  -20.723208  -20.163762  23.088377  12.483277  -13.084579  29.083592  86.104500
0.838565  0.000000  0.000000  0.000000  0.564154  0.735538  31.723582  48.799215  -23.976717  -23.180623  23.088377  12.483277  -13.084579  29.083592  86.104500
0.839126  0.000000  0.000000  0.000000  0.564154  0.735538  36.009297  47.429305  -27.168229  -26.352372  23.088377  12.483277  -13.084579  29.083592  86.104500
0.839686  0.000000  0.000000  0.000000  0.564154  0.735538  40.295011  45.815247  -30.284260  -29.708625  23.088377  12.483277  -13.084579  29.083592  86.104500
0.840247  0.000000  0.000000  0.000000  0.564154  0.735538  44.580725  43.931424  -33.309125  -33.281809  23.088377  12.483277  -13.084579  29.083592  86.104500
0.840807  0.000000  0.000000  0.000000  -15.895860  -0.339853  -15.419275  63.234038  30.348666  0.559305  14.829123  33.829597  -11.525129  15.371414  98.065899
0.841368  0.000000  0.000000  0.000000  -15.895860  -0.339853  -11.133560  64.260668  26.504501  -1.595921  14.829123  33.829597  -11.525129  15.371414  98.065899
0.841928  0.000000  0.000000  0.000000  -15.895860  -0.339853  -6.847846  65.098965  22.630072  -3.610893  14.829123  33.829597  -11.525129  15.371414  98.065899
0.842489  0.000000  0.000000  0.000000  -15.895860  -0.339853  -2.562132  65.771847  18.731862  -5.514915  14.829123  33.829597  -11.525129  15.371414  98.065899
0.843049  0.000000  0.000000  0.000000  -15.895860  -0.339853  1.723582  66.296792  14.815283  -7.332728  14.829123  33.829597  -11.525129  15.371414  98.065899
0.843610  0.000000  0.000000  0.000000  -15.895860  -0.339853  6.009297  66.686938  10.884954  -9.085793  14.829123  33.829597  -11.525129  15.371414  98.065899
0.844170  0.000000  0.000000  0.000000  -15.895860  -0.339853  10.295011  66.951684  6.944939  -10.793074  14.829123  33.829597  -11.525129  15.371414  98.065899
0.844731  0.000000  0.000000  0.000000  -15.895860  -0.339853  14.580725  67.097283  2.998918  -12.471936  14.829123  33.829597  -11.525129  15.371414  98.065899
0.845291  0.000000  0.000000  0.000000  -15.895860  -0.339853  18.866440  67.127108  -0.949651  -14.138706  14.829123  33.829597  -11.525129  15.371414  98.065899
0.845852  0.000000  0.000000  0.000000  -15.895860  -0.339853  23.152154  67.041846  -4.897416  -15.809294  14.829123  33.829597  -11.525129  15.371414  98.065899
0.846413  0.000000  0.000000  0.000000  -15.895860  -0.339853  27.437868  66.839529  -8.840990  -17.499743  14.829123  33.829597  -11.525129  15.371414  98.065899
0.846973  0.000000  0.000000  0.000000  -15.895860  -0.339853  31.723582  66.515434  -12.776825  -19.226795  14.829123  33.829597  -11.525129  15.371414  98.065899
0.847534  0.000000  0.000000  0.000000  -15.895860  -0.339853  36.009297  66.061839  -16.701078  -21.008500  14.829123  33.829597  -11.525129  15.371414  98.065899
0.848094  0.000000  0.000000  0.000000  -15.895860  -0.339853  40.295011  65.467627  -20.609441  -22.864921  14.829123  33.829597  -11.525129  15.371414  98.065899
0.848655  0.000000  0.000000  0.000000  -15.895860  -0.339853  44.580725  64.717677  -24.496945  -24.818962  14.829123  33.829597  -11.525129  15.371414  98.065899
0.849215  0.000000  0.000000  0.000000  -26.477871  1.564167  -15.419275  60.175759  22.060797  6.394192  51.121011  24.379051  -35.073589  20.238545  85.330375
0.849776  0.000000  0.000000  0.000000  -26.477871  1.564167  -11.133560  60.950840  18.327865  4.150353  51.121011  24.379051  -35.073589  20.238545  85.330375
0.850336  0.000000  0.000000  0.000000  -26.477871  1.564167  -6.847846  61.559632  14.569815  2.001745  51.121011  24.379051  -35.073589  20.238545  85.330375
0.850897  0.000000  0.000000  0.000000  -26.477871  1.564167  -2.562132  62.015742  10.792816  -0.074581  51.121011  24.379051  -35.073589  20.238545  85.330375
0.851457  0.000000  0.000000  0.000000  -26.477871  1.564167  1.723582  62.329089  7.002318  -2.099205  51.121011  24.379051  -35.073589  20.238545  85.330375
0.852018  0.000000  0.000000  0.000000  -26.477871  1.564167  6.009297  62.506372  3.203304  -4.091115  51.121011  24.379051  -35.073589  20.238545  85.330375
0.852578  0.000000  0.000000  0.000000  -26.477871  1.564167  10.295011  62.551322  -0.599544  -6.068271  51.121011  24.379051  -35.073589  20.238545  85.330375
0.853139  0.000000  0.000000  0.000000  -26.477871  1.564167  14.580725  62.464882  -4.401677  -8.048179  51.121011  24.379051  -35.073589  20.238545  85.330375
0.853700  0.000000  0.000000  0.000000  -26.477871  1.564167  18.866440  62.245239  -8.198520  -10.048435  51.121011  24.379051  -35.073589  20.238545  85.330375
0.854260  0.000000  0.000000  0.000000  -26.477871  1.564167  23.152154  61.887753  -11.985321  -12.087240  51.121011  24.379051  -35.073589  20.238545  85.330375
0.854821  0.000000  0.000000  0.000000  -26.477871  1.564167  27.437868  61.384744  -15.756966  -14.184030  51.121011  24.379051  -35.073589  20.238545  85.330375
0.855381  0.000000  0.000000  0.000000  -26.477871  1.564167  31.723582  60.725179  -19.507799  -16.360060  51.121011  24.379051  -35.073589  20.238545  85.330375
0.855942  0.000000  0.000000  0.000000  -26.477871  1.564167  36.009297  59.894179  -23.231389  -18.639159  51.121011  24.379051  -35.073589  20.238545  85.330375
0.856502  0.000000  0.000000  0.000000  -26.477871  1.564167  40.295011  58.872380  -26.920238  -21.048592  51.121011  24.379051  -35.073589  20.238545  85.330375
0.857063  0.000000  0.000000  0.000000  -26.477871  1.564167  44.580725  57.635020  -30.565434  -23.620060  51.121011  24.379051  -35.073589  20.238545  85.330375
0.857623  0.000000  0.000000  0.000000  -18.390532  2.126326  -15.419275  56.225631  13.649664  7.660062  38.442669  19.999654  -33.108187  17.257020  83.266321
0.858184  0.000000  0.000000  0.000000  -18.390532  2.126326  -11.133560  56.723082  10.076384  5.241745  38.442669  19.999654  -33.108187  17.257020  83.266321
0.858744  0.000000  0.000000  0.000000  -18.390532  2.126326  -6.847846  57.063949  6.485908  2.876624  38.442669  19.999654  -33.108187  17.257020  83.266321
0.859305  0.000000  0.000000  0.000000  -18.390532  2.126326  -2.562132  57.254515  2.884635  0.545043  38.442669  19.999654  -33.108187  17.257020  83.266321
0.859865  0.000000  0.000000  0.000000  -18.390532  2.126326  1.723582  57.298278  -0.721376  -1.771788  38.442669  19.999654  -33.108187  17.257020  83.266321
0.860426  0.000000  0.000000  0.000000  -18.390532  2.126326  6.009297  57.196022  -4.326209  -4.092293  38.442669  19.999654  -33.108187  17.257020  83.266321
0.860987  0.000000  0.000000  0.000000  -18.390532  2.126326  10.295011  56.945908  -7.923901  -6.435006  38.442669  19.999654  -33.108187  17.257020  83.266321
0.861547  0.000000  0.000000  0.000000  -18.390532  2.126326  14.580725  56.543321  -11.508289  -8.818986  38.442669  19.999654  -33.108187  17.257020  83.266321
0.862108  0.000000  0.000000  0.000000  -18.390532  2.126326  18.866440  55.980799  -15.072787  -11.264372  38.442669  19.999654  -33.108187  17.257020  83.266321
0.862668  0.000000  0.000000  0.000000  -18.390532  2.126326  23.152154  55.247775  -18.610191  -13.792855  38.442669  19.999654  -33.108187  17.257020  83.266321
0.863229  0.000000  0.000000  0.000000  -18.390532  2.126326  27.437868  54.330245  -22.112429  -16.428258  38.442669  19.999654  -33.108187  17.257020  83.266321
0.863789  0.000000  0.000000  0.000000  -18.390532  2.126326  31.723582  53.210359  -25.570241  -19.197150  38.442669  19.999654  -33.108187  17.257020  83.266321
0.864350  0.000000  0.000000  0.000000  -18.390532  2.126326  36.009297  51.865914  -28.972878  -22.129487  38.442669  19.999654  -33.108187  17.257020  83.266321
0.864910  0.000000  0.000000  0.000000  -18.390532  2.126326  40.295011  50.269841  -32.307634  -25.259306  38.442669  19.999654  -33.108187  17.257020  83.266321
0.865471  0.000000  0.000000  0.000000  -18.390532  2.126326  44.580725  48.389677  -35.559316  -28.625360  38.442669  19.999654  -33.108187  17.257020  83.266321
0.866031  0.000000  0.000000  0.000000  -18.265288  7.784029  -15.419275  53.246837  15.648031  3.470977  31.112202  22.984529  -25.532200  29.229716  86.359624
0.866592  0.000000  0.000000  0.000000  -18.265288  7.784029  -11.133560  53.878201  12.199533  0.848817  31.112202  22.984529  -25.532200  29.229716  86.359624
0.867152  0.000000  0.000000  0.000000  -18.265288  7.784029  -6.847846  54.342393  8.726888  -1.705679  31.112202  22.984529  -25.532200  29.229716  86.359624
0.867713  0.000000  0.000000  0.000000  -18.265288  7.784029  -2.562132  54.647371  5.237478  -4.212928  31.112202  22.984529  -25.532200  29.229716  86.359624
0.868274  0.000000  0.000000  0.000000  -18.265288  7.784029  1.723582  54.798294  1.738217  -6.692276  31.112202  22.984529  -25.532200  29.229716  86.359624
0.868834  0.000000  0.000000  0.000000  -18.265288  7.784029  6.009297  54.797733  -1.764289  -9.162438  31.112202  22.984529  -25.532200  29.229716  86.359624
0.869395  0.000000  0.000000  0.000000  -18.265288  7.784029  10.295011  54.645669  -5.263507  -11.641923  31.112202  22.984529  -25.532200  29.229716  86.359624
0.869955  0.000000  0.000000  0.000000  -18.265288  7.784029  14.580725  54.339532  -8.752810  -14.149460  31.112202  22.984529  -25.532200  29.229716  86.359624
0.870516  0.000000  0.000000  0.000000  -18.265288  7.784029  18.866440  53.874128  -12.225304  -16.704380  31.112202  22.984529  -25.532200  29.229716  86.359624
0.871076  0.000000  0.000000  0.000000  -18.265288  7.784029  23.152154  53.241483  -15.673596  -19.327119  31.112202  22.984529  -25.532200  29.229716  86.359624
0.871637  0.000000  0.000000  0.000000  -18.265288  7.784029  27.437868  52.430669  -19.089603  -22.039606  31.112202  22.984529  -25.532200  29.229716  86.359624
0.872197  0.000000  0.000000  0.000000  -18.265288  7.784029  31.723582  51.427531  -22.464250  -24.865774  31.112202  22.984529  -25.532200  29.229716  86.359624
0.872758  0.000000  0.000000  0.000000  -18.265288  7.784029  36.009297  50.214370  -25.787226  -27.832030  31.112202  22.984529  -25.532200  29.229716  86.359624
0.873318  0.000000  0.000000  0.000000  -18.265288  7.784029  40.295011  48.769620  -29.046627  -30.967737  31.112202  22.984529  -25.532200  29.229716  86.359624
0.873879  0.000000  0.000000  0.000000  -18.265288  7.784029  44.580725  47.067600  -32.228468  -34.305641  31.112202  22.984529  -25.532200  29.229716  86.359624
0.874439  0.000000  0.000000  0.000000  -12.865436  3.686987  -15.419275  59.323428  34.634170  6.286766  37.051509  35.588585  -13.947635  20.043766  84.186578
0.875000  0.000000  0.000000  0.000000  -12.865436  3.686987  -11.133560  60.703336  30.921419  3.739532  37.051509  35.588585  -13.947635  20.043766  84.186578
0.875561  0.000000  0.000000  0.000000  -12.865436  3.686987  -6.847846  61.847580  27.162511  1.383978  37.051509  35.588585  -13.947635  20.043766  84.186578
0.876121  0.000000  0.000000  0.000000  -12.865436  3.686987  -2.562132  62.787674  23.366845  -0.817248  37.051509  35.588585  -13.947635  20.043766  84.186578
0.876682  0.000000  0.000000  0.000000  -12.865436  3.686987  1.723582  63.548267  19.542111  -2.895369  37.051509  35.588585  -13.947635  20.043766  84.186578
0.877242  0.000000  0.000000  0.000000  -12.865436  3.686987  6.009297  64.148421  15.694722  -4.876891  37.051509  35.588585  -13.947635  20.043766  84.186578
0.877803  0.000000  0.000000  0.000000  -12.865436  3.686987  10.295011  64.602598  11.830150  -6.784769  37.051509  35.588585  -13.947635  20.043766  84.186578
0.878363  0.000000  0.000000  0.000000  -12.865436  3.686987  14.580725  64.921402  7.953195  -8.639340  37.051509  35.588585  -13.947635  20.043766  84.186578
0.878924  0.000000  0.000000  0.000000  -12.865436  3.686987  18.866440  65.112071  4.068151  -10.459078  37.051509  35.588585  -13.947635  20.043766  84.186578
0.879484  0.000000  0.000000  0.000000  -12.865436  3.686987  23.152154  65.178898  0.179069  -12.261322  37.051509  35.588585  -13.947635  20.043766  84.186578
0.880045  0.000000  0.000000  0.000000  -12.865436  3.686987  27.437868  65.123357  -3.710191  -14.062802  37.051509  35.588585  -13.947635  20.043766  84.186578
0.880605  0.000000  0.000000  0.000000  -12.865436  3.686987  31.723582  64.944212  -7.595754  -15.880224  37.051509  35.588585  -13.947635  20.043766  84.186578
0.881166  0.000000  0.000000  0.000000  -12.865436  3.686987  36.009297  64.637478  -11.473643  -17.730830  37.051509  35.588585  -13.947635  20.043766  84.186578
0.881726  0.000000  0.000000  0.000000  -12.865436  3.686987  40.295011  64.196151  -15.339547  -19.632980  37.051509  35.588585  -13.947635  20.043766  84.186578
0.882287  0.000000  0.000000  0.000000  -12.865436  3.686987  44.580725  63.609975  -19.188736  -21.606806  37.051509  35.588585  -13.947635  20.043766  84.186578
0.882848  0.000000  0.000000  0.000000  -0.361182  11.886111  -15.419275  49.355951  8.354771  9.443139  39.840921  31.939838  -16.617194  29.243621  93.295433
0.883408  0.000000  0.000000  0.000000  -0.361182  11.886111  -11.133560  49.684139  5.094267  6.642027  39.840921  31.939838  -16.617194  29.243621  93.295433
0.883969  0.000000  0.000000  0.000000  -0.361182  11.886111  -6.847846  49.851492  1.821765  3.869271  39.840921  31.939838  -16.617194  29.243621  93.295433
0.884529  0.000000  0.000000  0.000000  -0.361182  11.886111  -2.562132  49.860341  -1.454979  1.106582  39.840921  31.939838  -16.617194  29.243621  93.295433
0.885090  0.000000  0.000000  0.000000  -0.361182  11.886111  1.723582  49.710809  -4.728336  -1.664143  39.840921  31.939838  -16.617194  29.243621  93.295433
0.885650  0.000000  0.000000  0.000000  -0.361182  11.886111  6.009297  49.400816  -7.990577  -4.461159  39.840921  31.939838  -16.617194  29.243621  93.295433
0.886211  0.000000  0.000000  0.000000  -0.361182  11.886111  10.295011  48.925984  -11.233727  -7.303137  39.840921  31.939838  -16.617194  29.243621  93.295433
0.886771  0.000000  0.000000  0.000000  -0.361182  11.886111  14.580725  48.279641  -14.449335  -10.209508  39.840921  31.939838  -16.617194  29.243621  93.295433
0.887332  0.000000  0.000000  0.000000  -0.361182  11.886111  18.866440  47.452708  -17.628290  -13.200733  39.840921  31.939838  -16.617194  29.243621  93.295433
0.887892  0.000000  0.000000  0.000000  -0.361182  11.886111  23.152154  46.433613  -20.760560  -16.298579  39.840921  31.939838  -16.617194  29.243621  93.295433
0.888453  0.000000  0.000000  0.000000  -0.361182  11.886111  27.437868  45.208207  -23.834996  -19.526367  39.840921  31.939838  -16.617194  29.243621  93.295433
0.889013  0.000000  0.000000  0.000000  -0.361182  11.886111  31.723582  43.759741  -26.838989  -22.909127  39.840921  31.939838  -16.617194  29.243621  93.295433
0.889574  0.000000  0.000000  0.000000  -0.361182  11.886111  36.009297  42.068940  -29.758192  -26.473650  39.840921  31.939838  -16.617194  29.243621  93.295433
0.890135  0.000000  0.000000  0.000000  -0.361182  11.886111  40.295011  40.114338  -32.576208  -30.248263  39.840921  31.939838  -16.617194  29.243621  93.295433
0.890695  0.000000  0.000000  0.000000  -0.361182  11.886111  44.580725  37.872730  -35.274194  -34.262445  39.840921  31.939838  -16.617194  29.243621  93.295433
0.891256  0.000000  0.000000  0.000000  -22.490192  2.473076  -15.419275  63.536257  26.903689  8.019828  47.555119  24.753162  -19.707165  14.973716  100.327538
0.891816  0.000000  0.000000  0.000000  -22.490192  2.473076  -11.133560  64.412659  23.052091  5.945727  47.555119  24.753162  -19.707165  14.973716  100.327538
0.892377  0.000000  0.000000  0.000000  -22.490192  2.473076  -6.847846  65.118505  19.174955  3.987510  47.555119  24.753162  -19.707165  14.973716  100.327538
0.892937  0.000000  0.000000  0.000000  -22.490192  2.473076  -2.562132  65.672029  15.278016  2.119675  47.555119  24.753162  -19.707165  14.973716  100.327538
0.893498  0.000000  0.000000  0.000000  -22.490192  2.473076  1.723582  66.086951  11.366167  0.320195  47.555119  24.753162  -19.707165  14.973716  100.327538
0.894058  0.000000  0.000000  0.000000  -22.490192  2.473076  6.009297  66.373207  7.443694  -1.430417  47.555119  24.753162  -19.707165  14.973716  100.327538
0.894619  0.000000  0.000000  0.000000  -22.490192  2.473076  10.295011  66.537488  3.514473  -3.149919  47.555119  24.753162  -19.707165  14.973716  100.327538
0.895179  0.000000  0.000000  0.000000  -22.490192  2.473076  14.580725  66.583600  -0.417889  -4.854984  47.555119  24.753162  -19.707165  14.973716  100.327538
0.895740  0.000000  0.000000  0.000000  -22.490192  2.473076  18.866440  66.512559  -4.349859  -6.561751  47.555119  24.753162  -19.707165  14.973716  100.327538
0.896300  0.000000  0.000000  0.000000  -22.490192  2.473076  23.152154  66.322757  -8.277952  -8.286458  47.555119  24.753162  -19.707165  14.973716  100.327538
0.896861  0.000000  0.000000  0.000000  -22.490192  2.473076  27.437868  66.009823  -12.198506  -10.045916  47.555119  24.753162  -19.707165  14.973716  100.327538
0.897422  0.000000  0.000000  0.000000  -22.490192  2.473076  31.723582  65.566400  -16.107562  -11.858213  47.555119  24.753162  -19.707165  14.973716  100.327538
0.897982  0.000000  0.000000  0.000000  -22.490192  2.473076  36.009297  64.981794  -20.000727  -13.743309  47.555119  24.753162  -19.707165  14.973716  100.327538
0.898543  0.000000  0.000000  0.000000  -22.490192  2.473076  40.295011  64.241395  -23.872948  -15.723883  47.555119  24.753162  -19.707165  14.973716  100.327538
0.899103  0.000000  0.000000  0.000000  -22.490192  2.473076  44.580725  63.325899  -27.718274  -17.826318  47.555119  24.753162  -19.707165  14.973716  100.327538
0.899664  0.000000  0.000000  0.000000  -8.979460  -5.098970  -15.907270  57.940195  15.728126  1.046507  49.011814  32.333319  -27.501620  13.108307  89.059938
0.900224  0.000000  0.000000  0.000000  -8.979460  -5.098970  -11.621556  58.499305  12.084438  -1.278393  49.011814  32.333319  -27.501620  13.108307  89.059938
0.900785  0.000000  0.000000  0.000000  -8.979460  -5.098970  -7.335841  58.902229  8.421956  -3.540603  49.011814  32.333319  -27.501620  13.108307  89.059938
0.901345  0.000000  0.000000  0.000000  -8.979460  -5.098970  -3.050127  59.156916  4.746779  -5.760276  49.011814  32.333319  -27.501620  13.108307  89.059938
0.901906  0.000000  0.000000  0.000000  -8.979460  -5.098970  1.235587  59.268309  1.064590  -7.956382  49.011814  32.333319  -27.501620  13.108307  89.059938
0.902466  0.000000  0.000000  0.000000  -8.979460  -5.098970  5.521302  59.238569  -2.619160  -10.147241  49.011814  32.333319  -27.501620  13.108307  89.059938
0.903027  0.000000  0.000000  0.000000  -8.979460  -5.098970  9.807016  59.067121  -6.299065  -12.351034  49.011814  32.333319  -27.501620  13.108307  89.059938
0.903587  0.000000  0.000000  0.000000  -8.979460  -5.098970  14.092730  58.750643  -9.969594  -14.586292  49.011814  32.333319  -27.501620  13.108307  89.059938
0.904148  0.000000  0.000000  0.000000  -8.979460  -5.098970  18.378444  58.282949  -13.624918  -16.872417  49.011814  32.333319  -27.501620  13.108307  89.059938
0.904709  0.000000  0.000000  0.000000  -8.979460  -5.098970  22.664159  57.654763  -17.258706  -19.230218  49.011814  32.333319  -27.501620  13.108307  89.059938
0.905269  0.000000  0.000000  0.000000  -8.979460  -5.098970  26.949873  56.853383  -20.863905  -21.682519  49.011814  32.333319  -27.501620  13.108307  89.059938
0.905830  0.000000  0.000000  0.000000  -8.979460  -5.098970  31.235587  55.862243  -24.432469  -24.254829  49.011814  32.333319  -27.501620  13.108307  89.059938
0.906390  0.000000  0.000000  0.000000  -8.979460  -5.098970  35.521302  54.660312  -27.955014  -26.976102  49.011814  32.333319  -27.501620  13.108307  89.059938
0.906951  0.000000  0.000000  0.000000  -8.979460  -5.098970  39.807016  53.221416  -31.420457  -29.879557  49.011814  32.333319  -27.501620  13.108307  89.059938
0.907511  0.000000  0.000000  0.000000  -8.979460  -5.098970  44.092730  51.513488  -34.815467  -33.003618  49.011814  32.333319  -27.501620  13.108307  89.059938
0.908072  0.000000  0.000000  0.000000  -1.590800  -8.936842  -15.907270  62.047527  23.906602  -0.091551  44.348209  27.898007  -18.478228  22.306819  86.119936
0.908632  0.000000  0.000000  0.000000  -1.590800  -8.936842  -11.621556  62.849085  20.106440  -2.229305  44.348209  27.898007  -18.478228  22.306819  86.119936
0.909193  0.000000  0.000000  0.000000  -1.590800  -8.936842  -7.335841  63.485219  16.281764  -4.265286  44.348209  27.898007  -18.478228  22.306819  86.119936
0.909753  0.000000  0.000000  0.000000  -1.590800  -8.936842  -3.050127  63.971093  12.438356  -6.223083  44.348209  27.898007  -18.478228  22.306819  86.119936
0.910314  0.000000  0.000000  0.000000  -1.590800  -8.936842  1.235587  64.317988  8.581295  -8.123627  44.348209  27.898007  -18.478228  22.306819  86.119936
0.910874  0.000000  0.000000  0.000000  -1.590800  -8.936842  5.521302  64.533734  4.715114  -9.985847  44.348209  27.898007  -18.478228  22.306819  86.119936
0.911435  0.000000  0.000000  0.000000  -1.590800  -8.936842  9.807016  64.623087  0.844043  -11.827419  44.348209  27.898007  -18.478228  22.306819  86.119936
0.911996  0.000000  0.000000  0.000000  -1.590800  -8.936842  14.092730  64.588037  -3.027904  -13.665320  44.348209  27.898007  -18.478228  22.306819  86.119936
0.912556  0.000000  0.000000  0.000000  -1.590800  -8.936842  18.378444  64.427813  -6.896720  -15.516423  44.348209  27.898007  -18.478228  22.306819  86.119936
0.913117  0.000000  0.000000  0.000000  -1.590800  -8.936842  22.664159  64.138874  -10.758289  -17.398021  44.348209  27.898007  -18.478228  22.306819  86.119936
0.913677  0.000000  0.000000  0.000000  -1.590800  -8.936842  26.949873  63.714754  -14.608234  -19.328427  44.348209  27.898007  -18.478228  22.306819  86.119936
0.914238  0.000000  0.000000  0.000000  -1.590800  -8.936842  31.235587  63.145751  -18.441740  -21.327595  44.348209  27.898007  -18.478228  22.306819  86.119936
0.914798  0.000000  0.000000  0.000000  -1.590800  -8.936842  35.521302  62.418463  -22.253361  -23.417859  44.348209  27.898007  -18.478228  22.306819  86.119936
0.915359  0.000000  0.000000  0.000000  -1.590800  -8.936842  39.807016  61.515131  -26.036763  -25.624809  44.348209  27.898007  -18.478228  22.306819  86.119936
0.915919  0.000000  0.000000  0.000000  -1.590800  -8.936842  44.092730  60.412750  -29.784406  -27.978357  44.348209  27.898007  -18.478228  22.306819  86.119936
0.916480  0.000000  0.000000  0.000000  -3.016162  2.503472  -15.907270  52.113618  16.318161  6.568698  62.903519  31.543705  -20.755809  30.011538  90.001922
0.917040  0.000000  0.000000  0.000000  -3.016162  2.503472  -11.621556  52.795152  12.919507  3.870011  62.903519  31.543705  -20.755809  30.011538  90.001922
0.917601  0.000000  0.000000  0.000000  -3.016162  2.503472  -7.335841  53.305802  9.493900  1.244129  62.903519  31.543705  -20.755809  30.011538  90.001922
0.918161  0.000000  0.000000  0.000000  -3.016162  2.503472  -3.050127  53.654051  6.049094  -1.329571  62.903519  31.543705  -20.755809  30.011538  90.001922
0.918722  0.000000  0.000000  0.000000  -3.016162  2.503472  1.235587  53.845586  2.592363  -3.870610  62.903519  31.543705  -20.755809  30.011538  90.001922
0.919283  0.000000  0.000000  0.000000  -3.016162  2.503472  5.521302  53.883619  -0.869453  -6.397773  62.903519  31.543705  -20.755809  30.011538  90.001922
0.919843  0.000000  0.000000  0.000000  -3.016162  2.503472  9.807016  53.768717  -4.329578  -8.929586  62.903519  31.543705  -20.755809  30.011538  90.001922
0.920404  0.000000  0.000000  0.000000  -3.016162  2.503472  14.092730  53.499018  -7.781201  -11.484647  62.903519  31.543705  -20.755809  30.011538  90.001922
0.920964  0.000000  0.000000  0.000000  -3.016162  2.503472  18.378444  53.070091  -11.217288  -14.082060  62.903519  31.543705  -20.755809  30.011538  90.001922
0.921525  0.000000  0.000000  0.000000  -3.016162  2.503472  22.664159  52.474849  -14.630371  -16.741844  62.903519  31.543705  -20.755809  30.011538  90.001922
0.922085  0.000000  0.000000  0.000000  -3.016162  2.503472  26.949873  51.703386  -18.012341  -19.485334  62.903519  31.543705  -20.755809  30.011538  90.001922
0.922646  0.000000  0.000000  0.000000  -3.016162  2.503472  31.235587  50.742766  -21.354173  -22.335629  62.903519  31.543705  -20.755809  30.011538  90.001922
0.923206  0.000000  0.000000  0.000000  -3.016162  2.503472  35.521302  49.576755  -24.645678  -25.318025  62.903519  31.543705  -20.755809  30.011538  90.001922
0.923767  0.000000  0.000000  0.000000  -3.016162  2.503472  39.807016  48.185556  -27.875203  -28.460426  62.903519  31.543705  -20.755809  30.011538  90.001922
0.924327  0.000000  0.000000  0.000000  -3.016162  2.503472  44.092730  46.545604  -31.029157  -31.793727  62.903519  31.543705  -20.755809  30.011538  90.001922
0.924888  0.000000  0.000000  0.000000  -4.403177  -12.056683  -15.907270  59.862965  16.726804  -5.879631  59.405507  31.938530  -39.378133  12.498852  79.965714
0.925448  0.000000  0.000000  0.000000  -4.403177  -12.056683  -11.621556  60.429607  13.009333  -8.086530  59.405507  31.938530  -39.378133  12.498852  79.965714
0.926009  0.000000  0.000000  0.000000  -4.403177  -12.056683  -7.335841  60.843678  9.273771  -10.228006  59.405507  31.938530  -39.378133  12.498852  79.965714
0.926570  0.000000  0.000000  0.000000  -4.403177  -12.056683  -3.050127  61.113836  5.525745  -12.324237  59.405507  31.938530  -39.378133  12.498852  79.965714
0.927130  0.000000  0.000000  0.000000  -4.403177  -12.056683  1.235587  61.245612  1.770472  -14.394053  59.405507  31.938530  -39.378133  12.498852  79.965714
0.927691  0.000000  0.000000  0.000000  -4.403177  -12.056683  5.521302  61.241713  -1.987105  -16.455483  59.405507  31.938530  -39.378133  12.498852  79.965714
0.928251  0.000000  0.000000  0.000000  -4.403177  -12.056683  9.807016  61.102051  -5.742101  -18.526325  59.405507  31.938530  -39.378133  12.498852  79.965714
0.928812  0.000000  0.000000  0.000000  -4.403177  -12.056683  14.092730  60.823774  -9.489543  -20.624660  59.405507  31.938530  -39.378133  12.498852  79.965714
0.929372  0.000000  0.000000  0.000000  -4.403177  -12.056683  18.378444  60.401178  -13.224225  -22.769333  59.405507  31.938530  -39.378133  12.498852  79.965714
0.929933  0.000000  0.000000  0.000000  -4.403177  -12.056683  22.664159  59.825407  -16.940469  -24.980655  59.405507  31.938530  -39.378133  12.498852  79.965714
0.930493  0.000000  0.000000  0.000000  -4.403177  -12.056683  26.949873  59.084161  -20.631970  -27.280913  59.405507  31.938530  -39.378133  12.498852  79.965714
0.931054  0.000000  0.000000  0.000000  -4.403177  -12.056683  31.235587  58.161170  -24.291510  -29.695166  59.405507  31.938530  -39.378133  12.498852  79.965714
0.931614  0.000000  0.000000  0.000000  -4.403177  -12.056683  35.521302  57.035537  -27.910649  -32.252086  59.405507  31.938530  -39.378133  12.498852  79.965714
0.932175  0.000000  0.000000  0.000000  -4.403177  -12.056683  39.807016  55.680882  -31.479336  -34.984936  59.405507  31.938530  -39.378133  12.498852  79.965714
0.932735  0.000000  0.000000  0.000000  -4.403177  -12.056683  44.092730  54.064380  -34.985407  -37.932709  59.405507  31.938530  -39.378133  12.498852  79.965714
0.933296  0.000000  0.000000  0.000000  -7.922994  4.457479  -16.587595  56.523386  30.013121  2.778391  49.764110  28.927052  -45.048163  20.881891  99.233181
0.933857  0.000000  0.000000  0.000000  -7.922994  4.457479  -12.301881  57.771260  26.412121  0.140418  49.764110  28.927052  -45.048163  20.881891  99.233181
0.934417  0.000000  0.000000  0.000000  -7.922994  4.457479  -8.016166  58.802668  22.765683  -2.336718  49.764110  28.927052  -45.048163  20.881891  99.233181
0.934978  0.000000  0.000000  0.000000  -7.922994  4.457479  -3.730452  59.641580  19.083032  -4.684220  49.764110  28.927052  -45.048163  20.881891  99.233181
0.935538  0.000000  0.000000  0.000000  -7.922994  4.457479  0.555262  60.306864  15.371963  -6.929097  49.764110  28.927052  -45.048163  20.881891  99.233181
0.936099  0.000000  0.000000  0.000000  -7.922994  4.457479  4.840977  60.813047  11.639206  -9.095113  49.764110  28.927052  -45.048163  20.881891  99.233181
0.936659  0.000000  0.000000  0.000000  -7.922994  4.457479  9.126691  61.170886  7.890699  -11.203576  49.764110  28.927052  -45.048163  20.881891  99.233181
0.937220  0.000000  0.000000  0.000000  -7.922994  4.457479  13.412405  61.387849  4.131824  -13.274046  49.764110  28.927052  -45.048163  20.881891  99.233181
0.937780  0.000000  0.000000  0.000000  -7.922994  4.457479  17.698119  61.468410  0.367635  -15.324946  49.764110  28.927052  -45.048163  20.881891  99.233181
0.938341  0.000000  0.000000  0.000000  -7.922994  4.457479  21.983834  61.414208  -3.397029  -17.374116  49.764110  28.927052  -45.048163  20.881891  99.233181
0.938901  0.000000  0.000000  0.000000  -7.922994  4.457479  26.269548  61.224140  -7.157326  -19.439346  49.764110  28.927052  -45.048163  20.881891  99.233181
0.939462  0.000000  0.000000  0.000000  -7.922994  4.457479  30.555262  60.894301  -10.908265  -21.538894  49.764110  28.927052  -45.048163  20.881891  99.233181
0.940022  0.000000  0.000000  0.000000  -7.922994  4.457479  34.840977  60.417827  -14.644546  -23.692058  49.764110  28.927052  -45.048163  20.881891  99.233181
0.940583  0.000000  0.000000  0.000000  -7.922994  4.457479  39.126691  59.784623  -18.360351  -25.919752  49.764110  28.927052  -45.048163  20.881891  99.233181
0.941143  0.000000  0.000000  0.000000  -7.922994  4.457479  43.412405  58.980960  -22.049126  -28.245210  49.764110  28.927052  -45.048163  20.881891  99.233181
0.941704  0.000000  0.000000  0.000000  -12.850243  -5.016685  -16.587595  64.953221  28.087326  -0.770001  52.042107  23.096910  -14.416903  27.365417  86.348902
0.942265  0.000000  0.000000  0.000000  -12.850243  -5.016685  -12.301881  65.829432  24.190438  -2.757596  52.042107  23.096910  -14.416903  27.365417  86.348902
0.942825  0.000000  0.000000  0.000000  -12.850243  -5.016685  -8.016166  66.537073  20.269314  -4.626828  52.042107  23.096910  -14.416903  27.365417  86.348902
0.943386  0.000000  0.000000  0.000000  -12.850243  -5.016685  -3.730452  67.095296  16.329344  -6.403547  52.042107  23.096910  -14.416903  27.365417  86.348902
0.943946  0.000000  0.000000  0.000000  -12.850243  -5.016685  0.555262  67.518561  12.375118  -8.109902  52.042107  23.096910  -14.416903  27.365417  86.348902
0.944507  0.000000  0.000000  0.000000  -12.850243  -5.016685  4.840977  67.817367  8.410564  -9.765193  52.042107  23.096910  -14.416903  27.365417  86.348902
0.945067  0.000000  0.000000  0.000000  -12.850243  -5.016685  9.126691  67.998957  4.439229  -11.386877  52.042107  23.096910  -14.416903  27.365417  86.348902
0.945628  0.000000  0.000000  0.000000  -12.850243  -5.016685  13.412405  68.067631  0.464393  -12.991172  52.042107  23.096910  -14.416903  27.365417  86.348902
0.946188  0.000000  0.000000  0.000000  -12.850243  -5.016685  17.698119  68.025005  -3.510817  -14.593663  52.042107  23.096910  -14.416903  27.365417  86.348902
0.946749  0.000000  0.000000  0.000000  -12.850243  -5.016685  21.983834  67.870079  -7.483245  -16.209870  52.042107  23.096910  -14.416903  27.365417  86.348902
0.947309  0.000000  0.000000  0.000000  -12.850243  -5.016685  26.269548  67.599192  -11.449689  -17.855801  52.042107  23.096910  -14.416903  27.365417  86.348902
0.947870  0.000000  0.000000  0.000000  -12.850243  -5.016685  30.555262  67.205828  -15.406673  -19.548560  52.042107  23.096910  -14.416903  27.365417  86.348902
0.948430  0.000000  0.000000  0.000000  -12.850243  -5.016685  34.840977  66.680266  -19.350349  -21.306985  52.042107  23.096910  -14.416903  27.365417  86.348902
0.948991  0.000000  0.000000  0.000000  -12.850243  -5.016685  39.126691  66.009054  -23.276320  -23.152450  52.042107  23.096910  -14.416903  27.365417  86.348902
0.949552  0.000000  0.000000  0.000000  -12.850243  -5.016685  43.412405  65.174227  -27.179407  -25.109836  52.042107  23.096910  -14.416903  27.365417  86.348902
0.950112  0.000000  0.000000  0.000000  -12.994921  2.311573  -16.587595  57.112790  25.172740  0.894822  46.596643  5.568356  -41.185563  28.097451  91.472414
0.950673  0.000000  0.000000  0.000000  -12.994921  2.311573  -12.301881  58.105009  21.553215  -1.605677  46.596643  5.568356  -41.185563  28.097451  91.472414
0.951233  0.000000  0.000000  0.000000  -12.994921  2.311573  -8.016166  58.908160  17.898231  -3.983724  46.596643  5.568356  -41.185563  28.097451  91.472414
0.951794  0.000000  0.000000  0.000000  -12.994921  2.311573  -3.730452  59.539630  14.215555  -6.265302  46.596643  5.568356  -41.185563  28.097451  91.472414
0.952354  0.000000  0.000000  0.000000  -12.994921  2.311573  0.555262  60.012748  10.511949  -8.473491  46.596643  5.568356  -41.185563  28.097451  91.472414
0.952915  0.000000  0.000000  0.000000  -12.994921  2.311573  4.840977  60.337261  6.793438  -10.629159  46.596643  5.568356  -41.185563  28.097451  91.472414
0.953475  0.000000  0.000000  0.000000  -12.994921  2.311573  9.126691  60.519756  3.065555  -12.751670  46.596643  5.568356  -41.185563  28.097451  91.472414
0.954036  0.000000  0.000000  0.000000  -12.994921  2.311573  13.412405  60.563919  -0.666513  -14.859431  46.596643  5.568356  -41.185563  28.097451  91.472414
0.954596  0.000000  0.000000  0.000000  -12.994921  2.311573  17.698119  60.470598  -4.397660  -16.970380  46.596643  5.568356  -41.185563  28.097451  91.472414
0.955157  0.000000  0.000000  0.000000  -12.994921  2.311573  21.983834  60.237944  -8.122809  -19.102596  46.596643  5.568356  -41.185563  28.097451  91.472414
0.955717  0.000000  0.000000  0.000000  -12.994921  2.311573  26.269548  59.861273  -11.836652  -21.274728  46.596643  5.568356  -41.185563  28.097451  91.472414
0.956278  0.000000  0.000000  0.000000  -12.994921  2.311573  30.555262  59.332898  -15.533509  -23.506625  46.596643  5.568356  -41.185563  28.097451  91.472414
0.956839  0.000000  0.000000  0.000000  -12.994921  2.311573  34.840977  58.641843  -19.207120  -25.819868  46.596643  5.568356  -41.185563  28.097451  91.472414
0.957399  0.000000  0.000000  0.000000  -12.994921  2.311573  39.126691  57.773403  -22.850405  -28.238479  46.596643  5.568356  -41.185563  28.097451  91.472414
0.957960  0.000000  0.000000  0.000000  -12.994921  2.311573  43.412405  56.708577  -26.455128  -30.789706  46.596643  5.568356  -41.185563  28.097451  91.472414
0.958520  0.000000  0.000000  0.000000  -5.073592  -5.176017  -17.271661  52.616969  12.090322  -1.024648  64.954958  21.148204  -27.560211  13.137692  99.080074
0.959081  0.000000  0.000000  0.000000  -5.073592  -5.176017  -12.985946  53.091316  8.673562  -3.655248  64.954958  21.148204  -27.560211  13.137692  99.080074
0.959641  0.000000  0.000000  0.000000  -5.073592  -5.176017  -8.700232  53.404346  5.239128  -6.238259  64.954958  21.148204  -27.560211  13.137692  99.080074
0.960202  0.000000  0.000000  0.000000  -5.073592  -5.176017  -4.414518  53.561144  1.794224  -8.792965  64.954958  21.148204  -27.560211  13.137692  99.080074
0.960762  0.000000  0.000000  0.000000  -5.073592  -5.176017  -0.128803  53.564267  -1.654232  -11.338050  64.954958  21.148204  -27.560211  13.137692  99.080074
0.961323  0.000000  0.000000  0.000000  -5.073592  -5.176017  4.156911  53.413729  -5.099414  -13.892004  64.954958  21.148204  -27.560211  13.137692  99.080074
0.961883  0.000000  0.000000  0.000000  -5.073592  -5.176017  8.442625  53.107123  -8.534408  -16.473501  64.954958  21.148204  -27.560211  13.137692  99.080074
0.962444  0.000000  0.000000  0.000000  -5.073592  -5.176017  12.728339  52.639458  -11.952031  -19.101781  64.954958  21.148204  -27.560211  13.137692  99.080074
0.963004  0.000000  0.000000  0.000000  -5.073592  -5.176017  17.014054  52.003077  -15.344605  -21.797092  64.954958  21.148204  -27.560211  13.137692  99.080074
0.963565  0.000000  0.000000  0.000000  -5.073592  -5.176017  21.299768  51.187501  -18.703769  -24.581060  64.954958  21.148204  -27.560211  13.137692  99.080074
0.964126  0.000000  0.000000  0.000000  -5.073592  -5.176017  25.585482  50.179202  -22.020186  -27.477136  64.954958  21.148204  -27.560211  13.137692  99.080074
0.964686  0.000000  0.000000  0.000000  -5.073592  -5.176017  29.871197  48.961354  -25.283298  -30.511006  64.954958  21.148204  -27.560211  13.137692  99.080074
0.965247  0.000000  0.000000  0.000000  -5.073592  -5.176017  34.156911  47.513600  -28.480981  -33.710983  64.954958  21.148204  -27.560211  13.137692  99.080074
0.965807  0.000000  0.000000  0.000000  -5.073592  -5.176017  38.442625  45.811866  -31.599123  -37.108324  64.954958  21.148204  -27.560211  13.137692  99.080074
0.966368  0.000000  0.000000  0.000000  -5.073592  -5.176017  42.728339  43.828355  -34.621211  -40.737355  64.954958  21.148204  -27.560211  13.137692  99.080074
0.966928  0.000000  0.000000  0.000000  -17.106247  2.139481  -17.271661  55.839106  22.731579  4.881977  64.359803  12.427660  -35.300720  19.157771  98.111581
0.967489  0.000000  0.000000  0.000000  -17.106247  2.139481  -12.985946  56.750028  19.165664  2.335789  64.359803  12.427660  -35.300720  19.157771  98.111581
0.968049  0.000000  0.000000  0.000000  -17.106247  2.139481  -8.700232  57.478095  15.566154  -0.101967  64.359803  12.427660  -35.300720  19.157771  98.111581
0.968610  0.000000  0.000000  0.000000  -17.106247  2.139481  -4.414518  58.037988  11.940762  -2.455490  64.359803  12.427660  -35.300720  19.157771  98.111581
0.969170  0.000000  0.000000  0.000000  -17.106247  2.139481  -0.128803  58.440763  8.296321  -4.746629  64.359803  12.427660  -35.300720  19.157771  98.111581
0.969731  0.000000  0.000000  0.000000  -17.106247  2.139481  4.156911  58.694255  4.639032  -6.995535  64.359803  12.427660  -35.300720  19.157771  98.111581
0.970291  0.000000  0.000000  0.000000  -17.106247  2.139481  8.442625  58.803307  0.974717  -9.221222  64.359803  12.427660  -35.300720  19.157771  98.111581
0.970852  0.000000  0.000000  0.000000  -17.106247  2.139481  12.728339  58.770023  -2.691072  -11.442059  64.359803  12.427660  -35.300720  19.157771  98.111581
0.971413  0.000000  0.000000  0.000000  -17.106247  2.139481  17.014054  58.593762  -6.352800  -13.676305  64.359803  12.427660  -35.300720  19.157771  98.111581
0.971973  0.000000  0.000000  0.000000  -17.106247  2.139481  21.299768  58.271153  -10.004810  -15.942562  64.359803  12.427660  -35.300720  19.157771  98.111581
0.972534  0.000000  0.000000  0.000000  -17.106247  2.139481  25.585482  57.795972  -13.641137  -18.260310  64.359803  12.427660  -35.300720  19.157771  98.111581
0.973094  0.000000  0.000000  0.000000  -17.106247  2.139481  29.871197  57.158917  -17.255309  -20.650426  64.359803  12.427660  -35.300720  19.157771  98.111581
0.973655  0.000000  0.000000  0.000000  -17.106247  2.139481  34.156911  56.347295  -20.840123  -23.135770  64.359803  12.427660  -35.300720  19.157771  98.111581
0.974215  0.000000  0.000000  0.000000  -17.106247  2.139481  38.442625  55.344593  -24.387342  -25.741866  64.359803  12.427660  -35.300720  19.157771  98.111581
0.974776  0.000000  0.000000  0.000000  -17.106247  2.139481  42.728339  54.129870  -27.887411  -28.497591  64.359803  12.427660  -35.300720  19.157771  98.111581
0.975336  0.000000  0.000000  0.000000  -14.917808  -1.468114  -17.271661  56.497975  20.004256  4.666068  36.650715  18.251945  -25.589627  23.726889  89.021988
0.975897  0.000000  0.000000  0.000000  -14.917808  -1.468114  -12.985946  57.268607  16.414125  2.201538  36.650715  18.251945  -25.589627  23.726889  89.021988
0.976457  0.000000  0.000000  0.000000  -14.917808  -1.468114  -8.700232  57.867802  12.796329  -0.173248  36.650715  18.251945  -25.589627  23.726889  89.021988
0.977018  0.000000  0.000000  0.000000  -14.917808  -1.468114  -4.414518  58.307441  9.157868  -2.480613  36.650715  18.251945  -25.589627  23.726889  89.021988
0.977578  0.000000  0.000000  0.000000  -14.917808  -1.468114  -0.128803  58.596080  5.505104  -4.741070  36.650715  18.251945  -25.589627  23.726889  89.021988
0.978139  0.000000  0.000000  0.000000  -14.917808  -1.468114  4.156911  58.739267  1.843930  -6.973858  36.650715  18.251945  -25.589627  23.726889  89.021988
0.978700  0.000000  0.000000  0.000000  -14.917808  -1.468114  8.442625  58.739731  -1.820030  -9.197464  36.650715  18.251945  -25.589627  23.726889  89.021988
0.979260  0.000000  0.000000  0.000000  -14.917808  -1.468114  12.728339  58.597481  -5.481240  -11.430133  36.650715  18.251945  -25.589627  23.726889  89.021988
0.979821  0.000000  0.000000  0.000000  -14.917808  -1.468114  17.014054  58.309801  -9.134072  -13.690361  36.650715  18.251945  -25.589627  23.726889  89.021988
0.980381  0.000000  0.000000  0.000000  -14.917808  -1.468114  21.299768  57.871177  -12.772651  -15.997342  36.650715  18.251945  -25.589627  23.726889  89.021988
0.980942  0.000000  0.000000  0.000000  -14.917808  -1.468114  25.585482  57.273054  -16.390616  -18.371607  36.650715  18.251945  -25.589627  23.726889  89.021988
0.981502  0.000000  0.000000  0.000000  -14.917808  -1.468114  29.871197  56.503593  -19.980947  -20.835478  36.650715  18.251945  -25.589627  23.726889  89.021988
0.982063  0.000000  0.000000  0.000000  -14.917808  -1.468114  34.156911  55.547245  -23.535677  -23.413772  36.650715  18.251945  -25.589627  23.726889  89.021988
0.982623  0.000000  0.000000  0.000000  -14.917808  -1.468114  38.442625  54.384214  -27.045564  -26.134497  36.650715  18.251945  -25.589627  23.726889  89.021988
0.983184  0.000000  0.000000  0.000000  -14.917808  -1.468114  42.728339  52.989835  -30.499784  -29.029597  36.650715  18.251945  -25.589627  23.726889  89.021988
0.983744  0.000000  0.000000  0.000000  -0.944224  -3.256466  -17.637650  63.716678  35.802378  2.744329  47.111224  4.216312  -68.760067  24.255838  98.709063
0.984305  0.000000  0.000000  0.000000  -0.944224  -3.256466  -13.351935  64.962983  31.938765  0.509544  47.111224  4.216312  -68.760067  24.255838  98.709063
0.984865  0.000000  0.000000  0.000000  -0.944224  -3.256466  -9.066221  65.990041  28.039188  -1.543903  47.111224  4.216312  -68.760067  24.255838  98.709063
0.985426  0.000000  0.000000  0.000000  -0.944224  -3.256466  -4.780507  66.829741  24.111224  -3.452997  47.111224  4.216312  -68.760067  24.255838  98.709063
0.985987  0.000000  0.000000  0.000000  -0.944224  -3.256466  -0.494792  67.506546  20.160959  -5.247959  47.111224  4.216312  -68.760067  24.255838  98.709063
0.986547  0.000000  0.000000  0.000000  -0.944224  -3.256466  3.790922  68.039106  16.193406  -6.953976  47.111224  4.216312  -68.760067  24.255838  98.709063
0.987108  0.000000  0.000000  0.000000  -0.944224  -3.256466  8.076636  68.441407  12.212780  -8.592531  47.111224  4.216312  -68.760067  24.255838  98.709063
0.987668  0.000000  0.000000  0.000000  -0.944224  -3.256466  12.362350  68.723631  8.222766  -10.182415  47.111224  4.216312  -68.760067  24.255838  98.709063
0.988229  0.000000  0.000000  0.000000  -0.944224  -3.256466  16.648065  68.892681  4.226618  -11.740527  47.111224  4.216312  -68.760067  24.255838  98.709063
0.988789  0.000000  0.000000  0.000000  -0.944224  -3.256466  20.933779  68.952646  0.227395  -13.282641  47.111224  4.216312  -68.760067  24.255838  98.709063
0.989350  0.000000  0.000000  0.000000  -0.944224  -3.256466  25.219493  68.904946  -3.771993  -14.823900  47.111224  4.216312  -68.760067  24.255838  98.709063
0.989910  0.000000  0.000000  0.000000  -0.944224  -3.256466  29.505208  68.748443  -7.768629  -16.379426  47.111224  4.216312  -68.760067  24.255838  98.709063
0.990471  0.000000  0.000000  0.000000  -0.944224  -3.256466  33.790922  68.479394  -11.759513  -17.964865  47.111224  4.216312  -68.760067  24.255838  98.709063
0.991031  0.000000  0.000000  0.000000  -0.944224  -3.256466  38.076636  68.091189  -15.741379  -19.596976  47.111224  4.216312  -68.760067  24.255838  98.709063
0.991592  0.000000  0.000000  0.000000  -0.944224  -3.256466  42.362350  67.574067  -19.710621  -21.294296  47.111224  4.216312  -68.760067  24.255838  98.709063
0.992152  0.000000  0.000000  0.000000  -6.090354  4.136124  -17.637650  48.330131  11.133532  4.273918  48.089495  5.443546  -52.670391  26.424194  89.148921
0.992713  0.000000  0.000000  0.000000  -6.090354  4.136124  -13.351935  48.806286  7.919658  1.398653  48.089495  5.443546  -52.670391  26.424194  89.148921
0.993274  0.000000  0.000000  0.000000  -6.090354  4.136124  -9.066221  49.117233  4.686404  -1.431926  48.089495  5.443546  -52.670391  26.424194  89.148921
0.993834  0.000000  0.000000  0.000000  -6.090354  4.136124  -4.780507  49.267231  1.441870  -4.236376  48.089495  5.443546  -52.670391  26.424194  89.148921
0.994395  0.000000  0.000000  0.000000  -6.090354  4.136124  -0.494792  49.258351  -1.806107  -7.032832  48.089495  5.443546  -52.670391  26.424194  89.148921
0.994955  0.000000  0.000000  0.000000  -6.090354  4.136124  3.790922  49.090429  -5.049767  -9.839306  48.089495  5.443546  -52.670391  26.424194  89.148921
0.995516  0.000000  0.000000  0.000000  -6.090354  4.136124  8.076636  48.761204  -8.281255  -12.673967  48.089495  5.443546  -52.670391  26.424194  89.148921
0.996076  0.000000  0.000000  0.000000  -6.090354  4.136124  12.362350  48.266154  -11.492432  -15.555428  48.089495  5.443546  -52.670391  26.424194  89.148921
0.996637  0.000000  0.000000  0.000000  -6.090354  4.136124  16.648065  47.598496  -14.674670  -18.503055  48.089495  5.443546  -52.670391  26.424194  89.148921
0.997197  0.000000  0.000000  0.000000  -6.090354  4.136124  20.933779  46.749117  -17.818668  -21.537211  48.089495  5.443546  -52.670391  26.424194  89.148921
0.997758  0.000000  0.000000  0.000000  -6.090354  4.136124  25.219493  45.706491  -20.914174  -24.679518  48.089495  5.443546  -52.670391  26.424194  89.148921
0.998318  0.000000  0.000000  0.000000  -6.090354  4.136124  29.505208  44.456621  -23.949828  -27.953065  48.089495  5.443546  -52.670391  26.424194  89.148921
0.998879  0.000000  0.000000  0.000000  -6.090354  4.136124  33.790922  42.983062  -26.912791  -31.382522  48.089495  5.443546  -52.670391  26.424194  89.148921
0.999439  0.000000  0.000000  0.000000  -6.090354  4.136124  38.076636  41.267049  -29.788497  -34.994133  48.089495  5.443546  -52.670391  26.424194  89.148921
1.000000  0.000000  0.000000  0.000000  -6.090354  4.136124  42.362350  39.287842  -32.560334  -38.815461  48.089495  5.443546  -52.670391  26.424194  89.148921
