simulation
nRows=4320
nColumns=15
endheader
time  TH_x TH_y TH_z SC_y  SC_z  SC_x  AC_y  AC_z  AC_x  GH_y  GH_z  GH_yy  EL_x  PS_y
0.000000  0.000000  0.000000  0.000000  -34.415377  6.648372  -10.000000  60.317009  18.537410  6.502645  -10.336378  27.156103  40.508185  25.585143  112.379954
0.000232  0.000000  0.000000  0.000000  -34.415377  6.648372  -5.714286  60.946666  14.801993  4.309020  -10.336378  27.156103  40.508185  25.585143  112.379954
0.000463  0.000000  0.000000  0.000000  -34.415377  6.648372  -1.428571  61.420923  11.046538  2.189981  -10.336378  27.156103  40.508185  25.585143  112.379954
0.000695  0.000000  0.000000  0.000000  -34.415377  6.648372  2.857143  61.749976  7.276721  0.124655  -10.336378  27.156103  40.508185  25.585143  112.379954
0.000926  0.000000  0.000000  0.000000  -34.415377  6.648372  7.142857  61.940760  3.497703  -1.906180  -10.336378  27.156103  40.508185  25.585143  112.379954
0.001158  0.000000  0.000000  0.000000  -34.415377  6.648372  11.428571  61.997263  -0.285656  -3.920669  -10.336378  27.156103  40.508185  25.585143  112.379954
0.001389  0.000000  0.000000  0.000000  -34.415377  6.648372  15.714286  61.920637  -4.068663  -5.936491  -10.336378  27.156103  40.508185  25.585143  112.379954
0.001621  0.000000  0.000000  0.000000  -34.415377  6.648372  20.000000  61.709293  -7.846608  -7.971346  -10.336378  27.156103  40.508185  25.585143  112.379954
0.001852  0.000000  0.000000  0.000000  -34.415377  6.648372  24.285714  61.358838  -11.614600  -10.043518  -10.336378  27.156103  40.508185  25.585143  112.379954
0.002084  0.000000  0.000000  0.000000  -34.415377  6.648372  28.571429  60.861855  -15.367407  -12.172435  -10.336378  27.156103  40.508185  25.585143  112.379954
0.002315  0.000000  0.000000  0.000000  -34.415377  6.648372  32.857143  60.207625  -19.099263  -14.379272  -10.336378  27.156103  40.508185  25.585143  112.379954
0.002547  0.000000  0.000000  0.000000  -34.415377  6.648372  37.142857  59.381652  -22.803629  -16.687689  -10.336378  27.156103  40.508185  25.585143  112.379954
0.002778  0.000000  0.000000  0.000000  -34.415377  6.648372  41.428571  58.365103  -26.472919  -19.124598  -10.336378  27.156103  40.508185  25.585143  112.379954
0.003010  0.000000  0.000000  0.000000  -34.415377  6.648372  45.714286  57.133839  -30.098135  -21.721281  -10.336378  27.156103  40.508185  25.585143  112.379954
0.003241  0.000000  0.000000  0.000000  -34.415377  6.648372  50.000000  55.657668  -33.668425  -24.514300  -10.336378  27.156103  40.508185  25.585143  112.379954
0.003473  0.000000  0.000000  0.000000  -11.164613  -7.905533  -10.000000  63.978936  24.571336  -9.325006  -5.386075  14.561135  46.307004  30.961184  128.212952
0.003705  0.000000  0.000000  0.000000  -11.164613  -7.905533  -5.714286  64.752575  20.707021  -11.333540  -5.386075  14.561135  46.307004  30.961184  128.212952
0.003936  0.000000  0.000000  0.000000  -11.164613  -7.905533  -1.428571  65.366803  16.820583  -13.241795  -5.386075  14.561135  46.307004  30.961184  128.212952
0.004168  0.000000  0.000000  0.000000  -11.164613  -7.905533  2.857143  65.837040  12.917249  -15.073095  -5.386075  14.561135  46.307004  30.961184  128.212952
0.004399  0.000000  0.000000  0.000000  -11.164613  -7.905533  7.142857  66.174669  9.001554  -16.847874  -5.386075  14.561135  46.307004  30.961184  128.212952
0.004631  0.000000  0.000000  0.000000  -11.164613  -7.905533  11.428571  66.387653  5.077553  -18.584562  -5.386075  14.561135  46.307004  30.961184  128.212952
0.004862  0.000000  0.000000  0.000000  -11.164613  -7.905533  15.714286  66.480895  1.148959  -20.300193  -5.386075  14.561135  46.307004  30.961184  128.212952
0.005094  0.000000  0.000000  0.000000  -11.164613  -7.905533  20.000000  66.456513  -2.780650  -22.011100  -5.386075  14.561135  46.307004  30.961184  128.212952
0.005325  0.000000  0.000000  0.000000  -11.164613  -7.905533  24.285714  66.313967  -6.707774  -23.733459  -5.386075  14.561135  46.307004  30.961184  128.212952
0.005557  0.000000  0.000000  0.000000  -11.164613  -7.905533  28.571429  66.049988  -10.628794  -25.483829  -5.386075  14.561135  46.307004  30.961184  128.212952
0.005788  0.000000  0.000000  0.000000  -11.164613  -7.905533  32.857143  65.658440  -14.539868  -27.279751  -5.386075  14.561135  46.307004  30.961184  128.212952
0.006020  0.000000  0.000000  0.000000  -11.164613  -7.905533  37.142857  65.130008  -18.436771  -29.140379  -5.386075  14.561135  46.307004  30.961184  128.212952
0.006251  0.000000  0.000000  0.000000  -11.164613  -7.905533  41.428571  64.451714  -22.314707  -31.087246  -5.386075  14.561135  46.307004  30.961184  128.212952
0.006483  0.000000  0.000000  0.000000  -11.164613  -7.905533  45.714286  63.606221  -26.168079  -33.145155  -5.386075  14.561135  46.307004  30.961184  128.212952
0.006715  0.000000  0.000000  0.000000  -11.164613  -7.905533  50.000000  62.570890  -29.990202  -35.343319  -5.386075  14.561135  46.307004  30.961184  128.212952
0.006946  0.000000  0.000000  0.000000  -15.492724  15.800383  -10.000000  51.448598  18.667307  6.700759  -7.348297  34.935069  49.341977  33.336035  122.449502
0.007178  0.000000  0.000000  0.000000  -15.492724  15.800383  -5.714286  52.257391  15.296216  3.933242  -7.348297  34.935069  49.341977  33.336035  122.449502
0.007409  0.000000  0.000000  0.000000  -15.492724  15.800383  -1.428571  52.887550  11.892194  1.253874  -7.348297  34.935069  49.341977  33.336035  122.449502
0.007641  0.000000  0.000000  0.000000  -15.492724  15.800383  2.857143  53.349536  8.463537  -1.358979  -7.348297  34.935069  49.341977  33.336035  122.449502
0.007872  0.000000  0.000000  0.000000  -15.492724  15.800383  7.142857  53.650978  5.017846  -3.925569  -7.348297  34.935069  49.341977  33.336035  122.449502
0.008104  0.000000  0.000000  0.000000  -15.492724  15.800383  11.428571  53.796815  1.562244  -6.465130  -7.348297  34.935069  49.341977  33.336035  122.449502
0.008335  0.000000  0.000000  0.000000  -15.492724  15.800383  15.714286  53.789427  -1.896417  -8.996340  -7.348297  34.935069  49.341977  33.336035  122.449502
0.008567  0.000000  0.000000  0.000000  -15.492724  15.800383  20.000000  53.628699  -5.351364  -11.537690  -7.348297  34.935069  49.341977  33.336035  122.449502
0.008798  0.000000  0.000000  0.000000  -15.492724  15.800383  24.285714  53.312001  -8.795727  -14.107893  -7.348297  34.935069  49.341977  33.336035  122.449502
0.009030  0.000000  0.000000  0.000000  -15.492724  15.800383  28.571429  52.834138  -12.222344  -16.726278  -7.348297  34.935069  49.341977  33.336035  122.449502
0.009261  0.000000  0.000000  0.000000  -15.492724  15.800383  32.857143  52.187224  -15.623557  -19.413194  -7.348297  34.935069  49.341977  33.336035  122.449502
0.009493  0.000000  0.000000  0.000000  -15.492724  15.800383  37.142857  51.360495  -18.990993  -22.190441  -7.348297  34.935069  49.341977  33.336035  122.449502
0.009724  0.000000  0.000000  0.000000  -15.492724  15.800383  41.428571  50.340109  -22.315311  -25.081688  -7.348297  34.935069  49.341977  33.336035  122.449502
0.009956  0.000000  0.000000  0.000000  -15.492724  15.800383  45.714286  49.108840  -25.585899  -28.112928  -7.348297  34.935069  49.341977  33.336035  122.449502
0.010188  0.000000  0.000000  0.000000  -15.492724  15.800383  50.000000  47.645870  -28.790544  -31.312858  -7.348297  34.935069  49.341977  33.336035  122.449502
0.010419  0.000000  0.000000  0.000000  -40.379028  6.139429  -10.000000  54.097829  18.740558  1.108585  8.810000  21.470921  16.454324  25.826413  124.435161
0.010651  0.000000  0.000000  0.000000  -40.379028  6.139429  -5.714286  54.859290  15.251789  -1.494781  8.810000  21.470921  16.454324  25.826413  124.435161
0.010882  0.000000  0.000000  0.000000  -40.379028  6.139429  -1.428571  55.447150  11.733994  -4.012692  8.810000  21.470921  16.454324  25.826413  124.435161
0.011114  0.000000  0.000000  0.000000  -40.379028  6.139429  2.857143  55.872086  8.194726  -6.466935  8.810000  21.470921  16.454324  25.826413  124.435161
0.011345  0.000000  0.000000  0.000000  -40.379028  6.139429  7.142857  56.141733  4.640892  -8.877779  8.810000  21.470921  16.454324  25.826413  124.435161
0.011577  0.000000  0.000000  0.000000  -40.379028  6.139429  11.428571  56.260887  1.078960  -11.264410  8.810000  21.470921  16.454324  25.826413  124.435161
0.011808  0.000000  0.000000  0.000000  -40.379028  6.139429  15.714286  56.231647  -2.484843  -13.645455  8.810000  21.470921  16.454324  25.826413  124.435161
0.012040  0.000000  0.000000  0.000000  -40.379028  6.139429  20.000000  56.053527  -6.044330  -16.039389  8.810000  21.470921  16.454324  25.826413  124.435161
0.012271  0.000000  0.000000  0.000000  -40.379028  6.139429  24.285714  55.723339  -9.593210  -18.465012  8.810000  21.470921  16.454324  25.826413  124.435161
0.012503  0.000000  0.000000  0.000000  -40.379028  6.139429  28.571429  55.235199  -13.124862  -20.941885  8.810000  21.470921  16.454324  25.826413  124.435161
0.012734  0.000000  0.000000  0.000000  -40.379028  6.139429  32.857143  54.580303  -16.632148  -23.490808  8.810000  21.470921  16.454324  25.826413  124.435161
0.012966  0.000000  0.000000  0.000000  -40.379028  6.139429  37.142857  53.746682  -20.107184  -26.134331  8.810000  21.470921  16.454324  25.826413  124.435161
0.013197  0.000000  0.000000  0.000000  -40.379028  6.139429  41.428571  52.718905  -23.541072  -28.897279  8.810000  21.470921  16.454324  25.826413  124.435161
0.013429  0.000000  0.000000  0.000000  -40.379028  6.139429  45.714286  51.477608  -26.923574  -31.807363  8.810000  21.470921  16.454324  25.826413  124.435161
0.013661  0.000000  0.000000  0.000000  -40.379028  6.139429  50.000000  49.999135  -30.242745  -34.895725  8.810000  21.470921  16.454324  25.826413  124.435161
0.013892  0.000000  0.000000  0.000000  -27.928802  17.523829  -10.000000  50.172021  12.155869  8.784935  -0.949999  33.428438  25.614976  28.670406  112.384291
0.014124  0.000000  0.000000  0.000000  -27.928802  17.523829  -5.714286  50.678486  8.851812  6.008419  -0.949999  33.428438  25.614976  28.670406  112.384291
0.014355  0.000000  0.000000  0.000000  -27.928802  17.523829  -1.428571  51.019981  5.527664  3.281513  -0.949999  33.428438  25.614976  28.670406  112.384291
0.014587  0.000000  0.000000  0.000000  -27.928802  17.523829  2.857143  51.201581  2.191211  0.585132  -0.949999  33.428438  25.614976  28.670406  112.384291
0.014818  0.000000  0.000000  0.000000  -27.928802  17.523829  7.142857  51.225990  -1.150069  -2.099225  -0.949999  33.428438  25.614976  28.670406  112.384291
0.015050  0.000000  0.000000  0.000000  -27.928802  17.523829  11.428571  51.093554  -4.488814  -4.789906  -0.949999  33.428438  25.614976  28.670406  112.384291
0.015281  0.000000  0.000000  0.000000  -27.928802  17.523829  15.714286  50.802326  -7.817616  -7.505286  -0.949999  33.428438  25.614976  28.670406  112.384291
0.015513  0.000000  0.000000  0.000000  -27.928802  17.523829  20.000000  50.347966  -11.128800  -10.264248  -0.949999  33.428438  25.614976  28.670406  112.384291
0.015744  0.000000  0.000000  0.000000  -27.928802  17.523829  24.285714  49.723693  -14.414248  -13.086462  -0.949999  33.428438  25.614976  28.670406  112.384291
0.015976  0.000000  0.000000  0.000000  -27.928802  17.523829  28.571429  48.920204  -17.665188  -15.992710  -0.949999  33.428438  25.614976  28.670406  112.384291
0.016207  0.000000  0.000000  0.000000  -27.928802  17.523829  32.857143  47.925473  -20.871949  -19.005256  -0.949999  33.428438  25.614976  28.670406  112.384291
0.016439  0.000000  0.000000  0.000000  -27.928802  17.523829  37.142857  46.724701  -24.023705  -22.148098  -0.949999  33.428438  25.614976  28.670406  112.384291
0.016671  0.000000  0.000000  0.000000  -27.928802  17.523829  41.428571  45.300102  -27.108167  -25.447282  -0.949999  33.428438  25.614976  28.670406  112.384291
0.016902  0.000000  0.000000  0.000000  -27.928802  17.523829  45.714286  43.630991  -30.111259  -28.930991  -0.949999  33.428438  25.614976  28.670406  112.384291
0.017134  0.000000  0.000000  0.000000  -27.928802  17.523829  50.000000  41.693880  -33.016743  -32.629523  -0.949999  33.428438  25.614976  28.670406  112.384291
0.017365  0.000000  0.000000  0.000000  -31.569598  1.246246  -10.000000  55.644837  15.535752  -5.220205  10.070629  24.546903  49.892223  29.218339  118.920533
0.017597  0.000000  0.000000  0.000000  -31.569598  1.246246  -5.714286  56.232929  11.984725  -7.691076  10.070629  24.546903  49.892223  29.218339  118.920533
0.017828  0.000000  0.000000  0.000000  -31.569598  1.246246  -1.428571  56.659286  8.412622  -10.097518  10.070629  24.546903  49.892223  29.218339  118.920533
0.018060  0.000000  0.000000  0.000000  -31.569598  1.246246  2.857143  56.931772  4.826162  -12.459870  10.070629  24.546903  49.892223  29.218339  118.920533
0.018291  0.000000  0.000000  0.000000  -31.569598  1.246246  7.142857  57.055361  1.231624  -14.797324  10.070629  24.546903  49.892223  29.218339  118.920533
0.018523  0.000000  0.000000  0.000000  -31.569598  1.246246  11.428571  57.032288  -2.364962  -17.128475  10.070629  24.546903  49.892223  29.218339  118.920533
0.018754  0.000000  0.000000  0.000000  -31.569598  1.246246  15.714286  56.862145  -5.957613  -19.471746  10.070629  24.546903  49.892223  29.218339  118.920533
0.018986  0.000000  0.000000  0.000000  -31.569598  1.246246  20.000000  56.541837  -9.540245  -21.845873  10.070629  24.546903  49.892223  29.218339  118.920533
0.019217  0.000000  0.000000  0.000000  -31.569598  1.246246  24.285714  56.065490  -13.106452  -24.270374  10.070629  24.546903  49.892223  29.218339  118.920533
0.019449  0.000000  0.000000  0.000000  -31.569598  1.246246  28.571429  55.424318  -16.649341  -26.766007  10.070629  24.546903  49.892223  29.218339  118.920533
0.019680  0.000000  0.000000  0.000000  -31.569598  1.246246  32.857143  54.606250  -20.161281  -29.355341  10.070629  24.546903  49.892223  29.218339  118.920533
0.019912  0.000000  0.000000  0.000000  -31.569598  1.246246  37.142857  53.595698  -23.633624  -32.063324  10.070629  24.546903  49.892223  29.218339  118.920533
0.020144  0.000000  0.000000  0.000000  -31.569598  1.246246  41.428571  52.372995  -27.056416  -34.917894  10.070629  24.546903  49.892223  29.218339  118.920533
0.020375  0.000000  0.000000  0.000000  -31.569598  1.246246  45.714286  50.913990  -30.417998  -37.950625  10.070629  24.546903  49.892223  29.218339  118.920533
0.020607  0.000000  0.000000  0.000000  -31.569598  1.246246  50.000000  49.189491  -33.704527  -41.197380  10.070629  24.546903  49.892223  29.218339  118.920533
0.020838  0.000000  0.000000  0.000000  -11.900702  20.452158  -10.000000  47.889803  16.367842  12.996962  6.008287  30.086577  19.965042  35.891964  119.265212
0.021070  0.000000  0.000000  0.000000  -11.900702  20.452158  -5.714286  48.642238  13.168913  10.046969  6.008287  30.086577  19.965042  35.891964  119.265212
0.021301  0.000000  0.000000  0.000000  -11.900702  20.452158  -1.428571  49.218075  9.937182  7.173493  6.008287  30.086577  19.965042  35.891964  119.265212
0.021533  0.000000  0.000000  0.000000  -11.900702  20.452158  2.857143  49.625423  6.681442  4.356495  6.008287  30.086577  19.965042  35.891964  119.265212
0.021764  0.000000  0.000000  0.000000  -11.900702  20.452158  7.142857  49.870033  3.409906  1.576859  6.008287  30.086577  19.965042  35.891964  119.265212
0.021996  0.000000  0.000000  0.000000  -11.900702  20.452158  11.428571  49.955369  0.130419  -1.183887  6.008287  30.086577  19.965042  35.891964  119.265212
0.022227  0.000000  0.000000  0.000000  -11.900702  20.452158  15.714286  49.882621  -3.149355  -3.943904  6.008287  30.086577  19.965042  35.891964  119.265212
0.022459  0.000000  0.000000  0.000000  -11.900702  20.452158  20.000000  49.650766  -6.421801  -6.721362  6.008287  30.086577  19.965042  35.891964  119.265212
0.022690  0.000000  0.000000  0.000000  -11.900702  20.452158  24.285714  49.256536  -9.679092  -9.534701  6.008287  30.086577  19.965042  35.891964  119.265212
0.022922  0.000000  0.000000  0.000000  -11.900702  20.452158  28.571429  48.694368  -12.913047  -12.402967  6.008287  30.086577  19.965042  35.891964  119.265212
0.023154  0.000000  0.000000  0.000000  -11.900702  20.452158  32.857143  47.956325  -16.114910  -15.346117  6.008287  30.086577  19.965042  35.891964  119.265212
0.023385  0.000000  0.000000  0.000000  -11.900702  20.452158  37.142857  47.032017  -19.275149  -18.385281  6.008287  30.086577  19.965042  35.891964  119.265212
0.023617  0.000000  0.000000  0.000000  -11.900702  20.452158  41.428571  45.908513  -22.383204  -21.543044  6.008287  30.086577  19.965042  35.891964  119.265212
0.023848  0.000000  0.000000  0.000000  -11.900702  20.452158  45.714286  44.570239  -25.427207  -24.843665  6.008287  30.086577  19.965042  35.891964  119.265212
0.024080  0.000000  0.000000  0.000000  -11.900702  20.452158  50.000000  42.999039  -28.393708  -28.313167  6.008287  30.086577  19.965042  35.891964  119.265212
0.024311  0.000000  0.000000  0.000000  -26.150802  19.212729  -10.000000  50.609409  22.756728  14.800739  3.983793  26.676037  30.099685  40.970113  112.495481
0.024543  0.000000  0.000000  0.000000  -26.150802  19.212729  -5.714286  51.647100  19.419327  11.918425  3.983793  26.676037  30.099685  40.970113  112.495481
0.024774  0.000000  0.000000  0.000000  -26.150802  19.212729  -1.428571  52.489742  16.038295  9.152933  3.983793  26.676037  30.099685  40.970113  112.495481
0.025006  0.000000  0.000000  0.000000  -26.150802  19.212729  2.857143  53.151690  12.623019  6.480233  3.983793  26.676037  30.099685  40.970113  112.495481
0.025237  0.000000  0.000000  0.000000  -26.150802  19.212729  7.142857  53.644117  9.181860  3.878279  3.983793  26.676037  30.099685  40.970113  112.495481
0.025469  0.000000  0.000000  0.000000  -26.150802  19.212729  11.428571  53.975284  5.722458  1.326516  3.983793  26.676037  30.099685  40.970113  112.495481
0.025700  0.000000  0.000000  0.000000  -26.150802  19.212729  15.714286  54.150685  2.251914  -1.194468  3.983793  26.676037  30.099685  40.970113  112.495481
0.025932  0.000000  0.000000  0.000000  -26.150802  19.212729  20.000000  54.173228  -1.222963  -3.703454  3.983793  26.676037  30.099685  40.970113  112.495481
0.026163  0.000000  0.000000  0.000000  -26.150802  19.212729  24.285714  54.043273  -4.695493  -6.218946  3.983793  26.676037  30.099685  40.970113  112.495481
0.026395  0.000000  0.000000  0.000000  -26.150802  19.212729  28.571429  53.758706  -8.158920  -8.759602  3.983793  26.676037  30.099685  40.970113  112.495481
0.026627  0.000000  0.000000  0.000000  -26.150802  19.212729  32.857143  53.314770  -11.606251  -11.344609  3.983793  26.676037  30.099685  40.970113  112.495481
0.026858  0.000000  0.000000  0.000000  -26.150802  19.212729  37.142857  52.704064  -15.030019  -13.994133  3.983793  26.676037  30.099685  40.970113  112.495481
0.027090  0.000000  0.000000  0.000000  -26.150802  19.212729  41.428571  51.916272  -18.422117  -16.729748  3.983793  26.676037  30.099685  40.970113  112.495481
0.027321  0.000000  0.000000  0.000000  -26.150802  19.212729  45.714286  50.938041  -21.773489  -19.574825  3.983793  26.676037  30.099685  40.970113  112.495481
0.027553  0.000000  0.000000  0.000000  -26.150802  19.212729  50.000000  49.752599  -25.073881  -22.555064  3.983793  26.676037  30.099685  40.970113  112.495481
0.027784  0.000000  0.000000  0.000000  -27.334546  -1.521729  -10.000000  63.102322  24.939334  -3.530430  1.459092  28.336103  21.809297  30.452635  115.505739
0.028016  0.000000  0.000000  0.000000  -27.334546  -1.521729  -5.714286  63.915020  21.103164  -5.607174  1.459092  28.336103  21.809297  30.452635  115.505739
0.028247  0.000000  0.000000  0.000000  -27.334546  -1.521729  -1.428571  64.562965  17.242976  -7.578854  1.459092  28.336103  21.809297  30.452635  115.505739
0.028479  0.000000  0.000000  0.000000  -27.334546  -1.521729  2.857143  65.062304  13.364383  -9.469464  1.459092  28.336103  21.809297  30.452635  115.505739
0.028710  0.000000  0.000000  0.000000  -27.334546  -1.521729  7.142857  65.424937  9.472200  -11.300034  1.459092  28.336103  21.809297  30.452635  115.505739
0.028942  0.000000  0.000000  0.000000  -27.334546  -1.521729  11.428571  65.659331  5.570743  -13.089485  1.459092  28.336103  21.809297  30.452635  115.505739
0.029173  0.000000  0.000000  0.000000  -27.334546  -1.521729  15.714286  65.770821  1.663956  -14.855268  1.459092  28.336103  21.809297  30.452635  115.505739
0.029405  0.000000  0.000000  0.000000  -27.334546  -1.521729  20.000000  65.761893  -2.244405  -16.614057  1.459092  28.336103  21.809297  30.452635  115.505739
0.029636  0.000000  0.000000  0.000000  -27.334546  -1.521729  24.285714  65.632389  -6.150641  -18.382289  1.459092  28.336103  21.809297  30.452635  115.505739
0.029868  0.000000  0.000000  0.000000  -27.334546  -1.521729  28.571429  65.379370  -10.050991  -20.176709  1.459092  28.336103  21.809297  30.452635  115.505739
0.030100  0.000000  0.000000  0.000000  -27.334546  -1.521729  32.857143  64.997023  -13.941423  -22.014972  1.459092  28.336103  21.809297  30.452635  115.505739
0.030331  0.000000  0.000000  0.000000  -27.334546  -1.521729  37.142857  64.476473  -17.817607  -23.916222  1.459092  28.336103  21.809297  30.452635  115.505739
0.030563  0.000000  0.000000  0.000000  -27.334546  -1.521729  41.428571  63.805173  -21.674598  -25.901902  1.459092  28.336103  21.809297  30.452635  115.505739
0.030794  0.000000  0.000000  0.000000  -27.334546  -1.521729  45.714286  62.966353  -25.506671  -27.996534  1.459092  28.336103  21.809297  30.452635  115.505739
0.031026  0.000000  0.000000  0.000000  -27.334546  -1.521729  50.000000  61.938141  -29.307026  -30.228840  1.459092  28.336103  21.809297  30.452635  115.505739
0.031257  0.000000  0.000000  0.000000  -33.459510  2.589497  -10.000000  59.276851  13.973112  1.054251  -9.544712  23.868723  43.197919  41.324571  124.446970
0.031489  0.000000  0.000000  0.000000  -33.459510  2.589497  -5.714286  59.744284  10.279541  -1.169479  -9.544712  23.868723  43.197919  41.324571  124.446970
0.031720  0.000000  0.000000  0.000000  -33.459510  2.589497  -1.428571  60.062756  6.571169  -3.341652  -9.544712  23.868723  43.197919  41.324571  124.446970
0.031952  0.000000  0.000000  0.000000  -33.459510  2.589497  2.857143  60.238673  2.853573  -5.481601  -9.544712  23.868723  43.197919  41.324571  124.446970
0.032183  0.000000  0.000000  0.000000  -33.459510  2.589497  7.142857  60.275537  -0.867968  -7.607724  -9.544712  23.868723  43.197919  41.324571  124.446970
0.032415  0.000000  0.000000  0.000000  -33.459510  2.589497  11.428571  60.174082  -4.588308  -9.738047  -9.544712  23.868723  43.197919  41.324571  124.446970
0.032646  0.000000  0.000000  0.000000  -33.459510  2.589497  15.714286  59.932276  -8.302280  -11.890689  -9.544712  23.868723  43.197919  41.324571  124.446970
0.032878  0.000000  0.000000  0.000000  -33.459510  2.589497  20.000000  59.545308  -12.004469  -14.084428  -9.544712  23.868723  43.197919  41.324571  124.446970
0.033110  0.000000  0.000000  0.000000  -33.459510  2.589497  24.285714  59.005332  -15.689095  -16.339216  -9.544712  23.868723  43.197919  41.324571  124.446970
0.033341  0.000000  0.000000  0.000000  -33.459510  2.589497  28.571429  58.301206  -19.349775  -18.676776  -9.544712  23.868723  43.197919  41.324571  124.446970
0.033573  0.000000  0.000000  0.000000  -33.459510  2.589497  32.857143  57.418052  -22.979278  -21.121289  -9.544712  23.868723  43.197919  41.324571  124.446970
0.033804  0.000000  0.000000  0.000000  -33.459510  2.589497  37.142857  56.336736  -26.569239  -23.700129  -9.544712  23.868723  43.197919  41.324571  124.446970
0.034036  0.000000  0.000000  0.000000  -33.459510  2.589497  41.428571  55.033045  -30.109776  -26.444789  -9.544712  23.868723  43.197919  41.324571  124.446970
0.034267  0.000000  0.000000  0.000000  -33.459510  2.589497  45.714286  53.476970  -33.589040  -29.391814  -9.544712  23.868723  43.197919  41.324571  124.446970
0.034499  0.000000  0.000000  0.000000  -33.459510  2.589497  50.000000  51.631686  -36.992623  -32.583891  -9.544712  23.868723  43.197919  41.324571  124.446970
0.034730  0.000000  0.000000  0.000000  -22.244702  13.169799  -10.000000  54.068317  10.907800  6.955797  -19.210139  25.269387  44.688829  30.835378  126.725408
0.034962  0.000000  0.000000  0.000000  -22.244702  13.169799  -5.714286  54.472418  7.428165  4.421111  -19.210139  25.269387  44.688829  30.835378  126.725408
0.035193  0.000000  0.000000  0.000000  -22.244702  13.169799  -1.428571  54.719527  3.934372  1.926350  -19.210139  25.269387  44.688829  30.835378  126.725408
0.035425  0.000000  0.000000  0.000000  -22.244702  13.169799  2.857143  54.813860  0.433223  -0.547513  -19.210139  25.269387  44.688829  30.835378  126.725408
0.035656  0.000000  0.000000  0.000000  -22.244702  13.169799  7.142857  54.756986  -3.068744  -3.019098  -19.210139  25.269387  44.688829  30.835378  126.725408
0.035888  0.000000  0.000000  0.000000  -22.244702  13.169799  11.428571  54.547950  -6.564973  -5.506936  -19.210139  25.269387  44.688829  30.835378  126.725408
0.036119  0.000000  0.000000  0.000000  -22.244702  13.169799  15.714286  54.183222  -10.048764  -8.029924  -19.210139  25.269387  44.688829  30.835378  126.725408
0.036351  0.000000  0.000000  0.000000  -22.244702  13.169799  20.000000  53.656570  -13.513047  -10.607782  -19.210139  25.269387  44.688829  30.835378  126.725408
0.036583  0.000000  0.000000  0.000000  -22.244702  13.169799  24.285714  52.958983  -16.950219  -13.261402  -19.210139  25.269387  44.688829  30.835378  126.725408
0.036814  0.000000  0.000000  0.000000  -22.244702  13.169799  28.571429  52.078313  -20.351832  -16.013459  -19.210139  25.269387  44.688829  30.835378  126.725408
0.037046  0.000000  0.000000  0.000000  -22.244702  13.169799  32.857143  50.999178  -23.708426  -18.888695  -19.210139  25.269387  44.688829  30.835378  126.725408
0.037277  0.000000  0.000000  0.000000  -22.244702  13.169799  37.142857  49.702448  -27.009117  -21.914591  -19.210139  25.269387  44.688829  30.835378  126.725408
0.037509  0.000000  0.000000  0.000000  -22.244702  13.169799  41.428571  48.165048  -30.241275  -25.121725  -19.210139  25.269387  44.688829  30.835378  126.725408
0.037740  0.000000  0.000000  0.000000  -22.244702  13.169799  45.714286  46.359712  -33.390068  -28.544171  -19.210139  25.269387  44.688829  30.835378  126.725408
0.037972  0.000000  0.000000  0.000000  -22.244702  13.169799  50.000000  44.254811  -36.437950  -32.219698  -19.210139  25.269387  44.688829  30.835378  126.725408
0.038203  0.000000  0.000000  0.000000  -36.753548  6.546918  -10.000000  53.562354  15.437997  -0.699629  -15.246125  14.604891  25.075481  28.964712  127.606757
0.038435  0.000000  0.000000  0.000000  -36.753548  6.546918  -5.714286  54.178964  11.975865  -3.300220  -15.246125  14.604891  25.075481  28.964712  127.606757
0.038666  0.000000  0.000000  0.000000  -36.753548  6.546918  -1.428571  54.629503  8.490384  -5.834707  -15.246125  14.604891  25.075481  28.964712  127.606757
0.038898  0.000000  0.000000  0.000000  -36.753548  6.546918  2.857143  54.921755  4.988833  -8.323442  -15.246125  14.604891  25.075481  28.964712  127.606757
0.039129  0.000000  0.000000  0.000000  -36.753548  6.546918  7.142857  55.060723  1.478016  -10.785700  -15.246125  14.604891  25.075481  28.964712  127.606757
0.039361  0.000000  0.000000  0.000000  -36.753548  6.546918  11.428571  55.048772  -2.035520  -13.240174  -15.246125  14.604891  25.075481  28.964712  127.606757
0.039592  0.000000  0.000000  0.000000  -36.753548  6.546918  15.714286  54.885706  -5.545308  -15.705374  -15.246125  14.604891  25.075481  28.964712  127.606757
0.039824  0.000000  0.000000  0.000000  -36.753548  6.546918  20.000000  54.568738  -9.044774  -18.200055  -15.246125  14.604891  25.075481  28.964712  127.606757
0.040056  0.000000  0.000000  0.000000  -36.753548  6.546918  24.285714  54.092436  -12.527050  -20.743647  -15.246125  14.604891  25.075481  28.964712  127.606757
0.040287  0.000000  0.000000  0.000000  -36.753548  6.546918  28.571429  53.448566  -15.984764  -23.356692  -15.246125  14.604891  25.075481  28.964712  127.606757
0.040519  0.000000  0.000000  0.000000  -36.753548  6.546918  32.857143  52.625883  -19.409826  -26.061310  -15.246125  14.604891  25.075481  28.964712  127.606757
0.040750  0.000000  0.000000  0.000000  -36.753548  6.546918  37.142857  51.609876  -22.793166  -28.881677  -15.246125  14.604891  25.075481  28.964712  127.606757
0.040982  0.000000  0.000000  0.000000  -36.753548  6.546918  41.428571  50.382386  -26.124416  -31.844551  -15.246125  14.604891  25.075481  28.964712  127.606757
0.041213  0.000000  0.000000  0.000000  -36.753548  6.546918  45.714286  48.921330  -29.391568  -34.979742  -15.246125  14.604891  25.075481  28.964712  127.606757
0.041445  0.000000  0.000000  0.000000  -36.753548  6.546918  50.000000  47.200350  -32.580542  -38.320553  -15.246125  14.604891  25.075481  28.964712  127.606757
0.041676  0.000000  0.000000  0.000000  -16.609520  19.146008  -10.000000  53.214460  13.259462  14.244430  1.685172  19.981890  46.670856  41.509974  120.856262
0.041908  0.000000  0.000000  0.000000  -16.609520  19.146008  -5.714286  53.735383  9.814874  11.641466  1.685172  19.981890  46.670856  41.509974  120.856262
0.042139  0.000000  0.000000  0.000000  -16.609520  19.146008  -1.428571  54.094032  6.350836  9.092286  1.685172  19.981890  46.670856  41.509974  120.856262
0.042371  0.000000  0.000000  0.000000  -16.609520  19.146008  2.857143  54.296412  2.874495  6.577269  1.685172  19.981890  46.670856  41.509974  120.856262
0.042602  0.000000  0.000000  0.000000  -16.609520  19.146008  7.142857  54.345899  -0.607340  4.077572  1.685172  19.981890  46.670856  41.509974  120.856262
0.042834  0.000000  0.000000  0.000000  -16.609520  19.146008  11.428571  54.243307  -4.088010  1.574625  1.685172  19.981890  46.670856  41.509974  120.856262
0.043066  0.000000  0.000000  0.000000  -16.609520  19.146008  15.714286  53.986932  -7.560848  -0.950135  1.685172  19.981890  46.670856  41.509974  120.856262
0.043297  0.000000  0.000000  0.000000  -16.609520  19.146008  20.000000  53.572503  -11.018939  -3.515796  1.685172  19.981890  46.670856  41.509974  120.856262
0.043529  0.000000  0.000000  0.000000  -16.609520  19.146008  24.285714  52.993057  -14.454967  -6.142341  1.685172  19.981890  46.670856  41.509974  120.856262
0.043760  0.000000  0.000000  0.000000  -16.609520  19.146008  28.571429  52.238789  -17.860982  -8.851071  1.685172  19.981890  46.670856  41.509974  120.856262
0.043992  0.000000  0.000000  0.000000  -16.609520  19.146008  32.857143  51.296806  -21.228163  -11.665077  1.685172  19.981890  46.670856  41.509974  120.856262
0.044223  0.000000  0.000000  0.000000  -16.609520  19.146008  37.142857  50.150911  -24.546540  -14.609669  1.685172  19.981890  46.670856  41.509974  120.856262
0.044455  0.000000  0.000000  0.000000  -16.609520  19.146008  41.428571  48.781185  -27.804647  -17.712886  1.685172  19.981890  46.670856  41.509974  120.856262
0.044686  0.000000  0.000000  0.000000  -16.609520  19.146008  45.714286  47.163854  -30.989160  -21.005841  1.685172  19.981890  46.670856  41.509974  120.856262
0.044918  0.000000  0.000000  0.000000  -16.609520  19.146008  50.000000  45.271038  -34.084434  -24.523041  1.685172  19.981890  46.670856  41.509974  120.856262
0.045149  0.000000  0.000000  0.000000  -26.220607  22.035034  -10.000000  49.692085  -0.012035  7.268960  -14.025613  15.806982  54.916953  36.254493  129.242276
0.045381  0.000000  0.000000  0.000000  -26.220607  22.035034  -5.714286  49.612339  -3.278943  4.493506  -14.025613  15.806982  54.916953  36.254493  129.242276
0.045612  0.000000  0.000000  0.000000  -26.220607  22.035034  -1.428571  49.373156  -6.538122  1.699873  -14.025613  15.806982  54.916953  36.254493  129.242276
0.045844  0.000000  0.000000  0.000000  -26.220607  22.035034  2.857143  48.971202  -9.781693  -1.130358  -14.025613  15.806982  54.916953  36.254493  129.242276
0.046075  0.000000  0.000000  0.000000  -26.220607  22.035034  7.142857  48.400870  -13.001400  -4.016214  -14.025613  15.806982  54.916953  36.254493  129.242276
0.046307  0.000000  0.000000  0.000000  -26.220607  22.035034  11.428571  47.654206  -16.188416  -6.977596  -14.025613  15.806982  54.916953  36.254493  129.242276
0.046539  0.000000  0.000000  0.000000  -26.220607  22.035034  15.714286  46.720833  -19.333127  -10.035597  -14.025613  15.806982  54.916953  36.254493  129.242276
0.046770  0.000000  0.000000  0.000000  -26.220607  22.035034  20.000000  45.587864  -22.424857  -13.212692  -14.025613  15.806982  54.916953  36.254493  129.242276
0.047002  0.000000  0.000000  0.000000  -26.220607  22.035034  24.285714  44.239839  -25.451671  -16.533027  -14.025613  15.806982  54.916953  36.254493  129.242276
0.047233  0.000000  0.000000  0.000000  -26.220607  22.035034  28.571429  42.658814  -28.400017  -20.022406  -14.025613  15.806982  54.916953  36.254493  129.242276
0.047465  0.000000  0.000000  0.000000  -26.220607  22.035034  32.857143  40.824461  -31.254436  -23.708291  -14.025613  15.806982  54.916953  36.254493  129.242276
0.047696  0.000000  0.000000  0.000000  -26.220607  22.035034  37.142857  38.714595  -33.997234  -27.619407  -14.025613  15.806982  54.916953  36.254493  129.242276
0.047928  0.000000  0.000000  0.000000  -26.220607  22.035034  41.428571  36.305996  -36.608162  -31.784979  -14.025613  15.806982  54.916953  36.254493  129.242276
0.048159  0.000000  0.000000  0.000000  -26.220607  22.035034  45.714286  33.575804  -39.064190  -36.233436  -14.025613  15.806982  54.916953  36.254493  129.242276
0.048391  0.000000  0.000000  0.000000  -26.220607  22.035034  50.000000  30.503760  -41.339375  -40.990212  -14.025613  15.806982  54.916953  36.254493  129.242276
0.048622  0.000000  0.000000  0.000000  -31.415390  -1.240991  -10.000000  58.862184  22.437785  -0.699383  -11.270165  34.780625  42.061728  42.414473  114.073978
0.048854  0.000000  0.000000  0.000000  -31.415390  -1.240991  -5.714286  59.685442  18.753161  -3.038232  -11.270165  34.780625  42.061728  42.414473  114.073978
0.049085  0.000000  0.000000  0.000000  -31.415390  -1.240991  -1.428571  60.336459  15.040722  -5.276651  -11.270165  34.780625  42.061728  42.414473  114.073978
0.049317  0.000000  0.000000  0.000000  -31.415390  -1.240991  2.857143  60.829400  11.307121  -7.438155  -11.270165  34.780625  42.061728  42.414473  114.073978
0.049549  0.000000  0.000000  0.000000  -31.415390  -1.240991  7.142857  61.174726  7.558247  -9.543879  -11.270165  34.780625  42.061728  42.414473  114.073978
0.049780  0.000000  0.000000  0.000000  -31.415390  -1.240991  11.428571  61.379626  3.799461  -11.613267  -11.270165  34.780625  42.061728  42.414473  114.073978
0.050012  0.000000  0.000000  0.000000  -31.415390  -1.240991  15.714286  61.448319  0.035773  -13.664665  -11.270165  34.780625  42.061728  42.414473  114.073978
0.050243  0.000000  0.000000  0.000000  -31.415390  -1.240991  20.000000  61.382197  -3.727959  -15.715896  -11.270165  34.780625  42.061728  42.414473  114.073978
0.050475  0.000000  0.000000  0.000000  -31.415390  -1.240991  24.285714  61.179925  -7.486879  -17.784783  -11.270165  34.780625  42.061728  42.414473  114.073978
0.050706  0.000000  0.000000  0.000000  -31.415390  -1.240991  28.571429  60.837311  -11.235996  -19.889629  -11.270165  34.780625  42.061728  42.414473  114.073978
0.050938  0.000000  0.000000  0.000000  -31.415390  -1.240991  32.857143  60.347259  -14.969939  -22.049882  -11.270165  34.780625  42.061728  42.414473  114.073978
0.051169  0.000000  0.000000  0.000000  -31.415390  -1.240991  37.142857  59.699379  -18.682839  -24.286625  -11.270165  34.780625  42.061728  42.414473  114.073978
0.051401  0.000000  0.000000  0.000000  -31.415390  -1.240991  41.428571  58.879544  -22.368062  -26.623332  -11.270165  34.780625  42.061728  42.414473  114.073978
0.051632  0.000000  0.000000  0.000000  -31.415390  -1.240991  45.714286  57.869423  -26.017929  -29.086609  -11.270165  34.780625  42.061728  42.414473  114.073978
0.051864  0.000000  0.000000  0.000000  -31.415390  -1.240991  50.000000  56.645625  -29.623383  -31.707163  -11.270165  34.780625  42.061728  42.414473  114.073978
0.052095  0.000000  0.000000  0.000000  -37.868706  21.412066  -10.000000  47.004729  7.074873  5.955234  -2.164135  15.827881  40.667544  34.653844  121.997582
0.052327  0.000000  0.000000  0.000000  -37.868706  21.412066  -5.714286  47.285721  3.932416  3.027203  -2.164135  15.827881  40.667544  34.653844  121.997582
0.052558  0.000000  0.000000  0.000000  -37.868706  21.412066  -1.428571  47.405259  0.779799  0.121215  -2.164135  15.827881  40.667544  34.653844  121.997582
0.052790  0.000000  0.000000  0.000000  -37.868706  21.412066  2.857143  47.364848  -2.374818  -2.780418  -2.164135  15.827881  40.667544  34.653844  121.997582
0.053022  0.000000  0.000000  0.000000  -37.868706  21.412066  7.142857  47.163980  -5.523328  -5.695330  -2.164135  15.827881  40.667544  34.653844  121.997582
0.053253  0.000000  0.000000  0.000000  -37.868706  21.412066  11.428571  46.800135  -8.657487  -8.641329  -2.164135  15.827881  40.667544  34.653844  121.997582
0.053485  0.000000  0.000000  0.000000  -37.868706  21.412066  15.714286  46.268714  -11.768721  -11.636666  -2.164135  15.827881  40.667544  34.653844  121.997582
0.053716  0.000000  0.000000  0.000000  -37.868706  21.412066  20.000000  45.563087  -14.847987  -14.700227  -2.164135  15.827881  40.667544  34.653844  121.997582
0.053948  0.000000  0.000000  0.000000  -37.868706  21.412066  24.285714  44.674512  -17.885512  -17.851787  -2.164135  15.827881  40.667544  34.653844  121.997582
0.054179  0.000000  0.000000  0.000000  -37.868706  21.412066  28.571429  43.592091  -20.870635  -21.112128  -2.164135  15.827881  40.667544  34.653844  121.997582
0.054411  0.000000  0.000000  0.000000  -37.868706  21.412066  32.857143  42.302886  -23.791529  -24.503220  -2.164135  15.827881  40.667544  34.653844  121.997582
0.054642  0.000000  0.000000  0.000000  -37.868706  21.412066  37.142857  40.791914  -26.634974  -28.048178  -2.164135  15.827881  40.667544  34.653844  121.997582
0.054874  0.000000  0.000000  0.000000  -37.868706  21.412066  41.428571  39.042510  -29.386109  -31.771118  -2.164135  15.827881  40.667544  34.653844  121.997582
0.055105  0.000000  0.000000  0.000000  -37.868706  21.412066  45.714286  37.036758  -32.028166  -35.696781  -2.164135  15.827881  40.667544  34.653844  121.997582
0.055337  0.000000  0.000000  0.000000  -37.868706  21.412066  50.000000  34.756304  -34.542252  -39.849802  -2.164135  15.827881  40.667544  34.653844  121.997582
0.055568  0.000000  0.000000  0.000000  -22.403111  15.940521  -10.000000  50.289210  23.625734  7.641496  10.780181  11.126775  25.753423  38.091274  128.283756
0.055800  0.000000  0.000000  0.000000  -22.403111  15.940521  -5.714286  51.381311  20.302112  4.723383  10.780181  11.126775  25.753423  38.091274  128.283756
0.056031  0.000000  0.000000  0.000000  -22.403111  15.940521  -1.428571  52.274003  16.932166  1.928812  10.780181  11.126775  25.753423  38.091274  128.283756
0.056263  0.000000  0.000000  0.000000  -22.403111  15.940521  2.857143  52.982514  13.525596  -0.766846  10.780181  11.126775  25.753423  38.091274  128.283756
0.056495  0.000000  0.000000  0.000000  -22.403111  15.940521  7.142857  53.518841  10.091004  -3.386086  10.780181  11.126775  25.753423  38.091274  128.283756
0.056726  0.000000  0.000000  0.000000  -22.403111  15.940521  11.428571  53.891993  6.636210  -5.949860  10.780181  11.126775  25.753423  38.091274  128.283756
0.056958  0.000000  0.000000  0.000000  -22.403111  15.940521  15.714286  54.108157  3.168427  -8.477801  10.780181  11.126775  25.753423  38.091274  128.283756
0.057189  0.000000  0.000000  0.000000  -22.403111  15.940521  20.000000  54.170926  -0.305469  -10.988828  10.780181  11.126775  25.753423  38.091274  128.283756
0.057421  0.000000  0.000000  0.000000  -22.403111  15.940521  24.285714  54.081333  -3.778779  -13.501480  10.780181  11.126775  25.753423  38.091274  128.283756
0.057652  0.000000  0.000000  0.000000  -22.403111  15.940521  28.571429  53.837901  -7.244786  -16.034332  10.780181  11.126775  25.753423  38.091274  128.283756
0.057884  0.000000  0.000000  0.000000  -22.403111  15.940521  32.857143  53.436594  -10.696570  -18.606394  10.780181  11.126775  25.753423  38.091274  128.283756
0.058115  0.000000  0.000000  0.000000  -22.403111  15.940521  37.142857  52.870733  -14.126815  -21.237527  10.780181  11.126775  25.753423  38.091274  128.283756
0.058347  0.000000  0.000000  0.000000  -22.403111  15.940521  41.428571  52.130781  -17.527594  -23.948892  10.780181  11.126775  25.753423  38.091274  128.283756
0.058578  0.000000  0.000000  0.000000  -22.403111  15.940521  45.714286  51.204228  -20.890132  -26.763335  10.780181  11.126775  25.753423  38.091274  128.283756
0.058810  0.000000  0.000000  0.000000  -22.403111  15.940521  50.000000  50.075231  -24.204512  -29.705897  10.780181  11.126775  25.753423  38.091274  128.283756
0.059041  0.000000  0.000000  0.000000  -15.030165  2.371414  -10.000000  58.878007  24.509711  0.926445  -27.829996  13.898489  20.361844  37.712131  119.130503
0.059273  0.000000  0.000000  0.000000  -15.030165  2.371414  -5.714286  59.791274  20.822744  -1.441933  -27.829996  13.898489  20.361844  37.712131  119.130503
0.059505  0.000000  0.000000  0.000000  -15.030165  2.371414  -1.428571  60.524446  17.104812  -3.696571  -27.829996  13.898489  20.361844  37.712131  119.130503
0.059736  0.000000  0.000000  0.000000  -15.030165  2.371414  2.857143  61.093932  13.362920  -5.862543  -27.829996  13.898489  20.361844  37.712131  119.130503
0.059968  0.000000  0.000000  0.000000  -15.030165  2.371414  7.142857  61.512173  9.603181  -7.962096  -27.829996  13.898489  20.361844  37.712131  119.130503
0.060199  0.000000  0.000000  0.000000  -15.030165  2.371414  11.428571  61.788082  5.831072  -10.015426  -27.829996  13.898489  20.361844  37.712131  119.130503
0.060431  0.000000  0.000000  0.000000  -15.030165  2.371414  15.714286  61.927428  2.051623  -12.041261  -27.829996  13.898489  20.361844  37.712131  119.130503
0.060662  0.000000  0.000000  0.000000  -15.030165  2.371414  20.000000  61.933074  -1.730375  -14.057529  -27.829996  13.898489  20.361844  37.712131  119.130503
0.060894  0.000000  0.000000  0.000000  -15.030165  2.371414  24.285714  61.805156  -5.510232  -16.081857  -27.829996  13.898489  20.361844  37.712131  119.130503
0.061125  0.000000  0.000000  0.000000  -15.030165  2.371414  28.571429  61.541045  -9.283150  -18.132139  -27.829996  13.898489  20.361844  37.712131  119.130503
0.061357  0.000000  0.000000  0.000000  -15.030165  2.371414  32.857143  61.135180  -13.044141  -20.227021  -27.829996  13.898489  20.361844  37.712131  119.130503
0.061588  0.000000  0.000000  0.000000  -15.030165  2.371414  37.142857  60.578980  -16.787779  -22.386509  -27.829996  13.898489  20.361844  37.712131  119.130503
0.061820  0.000000  0.000000  0.000000  -15.030165  2.371414  41.428571  59.860296  -20.508003  -24.632685  -27.829996  13.898489  20.361844  37.712131  119.130503
0.062051  0.000000  0.000000  0.000000  -15.030165  2.371414  45.714286  58.963080  -24.197901  -26.990341  -27.829996  13.898489  20.361844  37.712131  119.130503
0.062283  0.000000  0.000000  0.000000  -15.030165  2.371414  50.000000  57.866588  -27.849374  -29.487928  -27.829996  13.898489  20.361844  37.712131  119.130503
0.062514  0.000000  0.000000  0.000000  -31.863020  13.383947  -10.000000  52.274092  24.218127  7.731347  -10.551362  24.524417  29.656974  41.918350  129.639866
0.062746  0.000000  0.000000  0.000000  -31.863020  13.383947  -5.714286  53.348181  20.803192  4.927595  -10.551362  24.524417  29.656974  41.918350  129.639866
0.062978  0.000000  0.000000  0.000000  -31.863020  13.383947  -1.428571  54.224095  17.344735  2.248884  -10.551362  24.524417  29.656974  41.918350  129.639866
0.063209  0.000000  0.000000  0.000000  -31.863020  13.383947  2.857143  54.917996  13.851972  -0.330133  -10.551362  24.524417  29.656974  41.918350  129.639866
0.063441  0.000000  0.000000  0.000000  -31.863020  13.383947  7.142857  55.442522  10.333028  -2.832387  -10.551362  24.524417  29.656974  41.918350  129.639866
0.063672  0.000000  0.000000  0.000000  -31.863020  13.383947  11.428571  55.807108  6.795241  -5.279059  -10.551362  24.524417  29.656974  41.918350  129.639866
0.063904  0.000000  0.000000  0.000000  -31.863020  13.383947  15.714286  56.018207  3.245355  -7.689879  -10.551362  24.524417  29.656974  41.918350  129.639866
0.064135  0.000000  0.000000  0.000000  -31.863020  13.383947  20.000000  56.079557  -0.310238  -10.083791  -10.551362  24.524417  29.656974  41.918350  129.639866
0.064367  0.000000  0.000000  0.000000  -31.863020  13.383947  24.285714  55.992232  -3.865261  -12.479310  -10.551362  24.524417  29.656974  41.918350  129.639866
0.064598  0.000000  0.000000  0.000000  -31.863020  13.383947  28.571429  55.754702  -7.413506  -14.895002  -10.551362  24.524417  29.656974  41.918350  129.639866
0.064830  0.000000  0.000000  0.000000  -31.863020  13.383947  32.857143  55.362768  -10.948510  -17.349904  -10.551362  24.524417  29.656974  41.918350  129.639866
0.065061  0.000000  0.000000  0.000000  -31.863020  13.383947  37.142857  54.809462  -14.463430  -19.863996  -10.551362  24.524417  29.656974  41.918350  129.639866
0.065293  0.000000  0.000000  0.000000  -31.863020  13.383947  41.428571  54.084796  -17.950818  -22.458694  -10.551362  24.524417  29.656974  41.918350  129.639866
0.065524  0.000000  0.000000  0.000000  -31.863020  13.383947  45.714286  53.175579  -21.402380  -25.157319  -10.551362  24.524417  29.656974  41.918350  129.639866
0.065756  0.000000  0.000000  0.000000  -31.863020  13.383947  50.000000  52.064973  -24.808680  -27.985693  -10.551362  24.524417  29.656974  41.918350  129.639866
0.065987  0.000000  0.000000  0.000000  -30.633663  10.720886  -10.000000  58.014578  27.616005  11.327739  -18.169069  30.102028  31.623112  42.640134  111.679726
0.066219  0.000000  0.000000  0.000000  -30.633663  10.720886  -5.714286  59.095312  23.959061  8.845070  -18.169069  30.102028  31.623112  42.640134  111.679726
0.066451  0.000000  0.000000  0.000000  -30.633663  10.720886  -1.428571  59.978528  20.264411  6.500177  -18.169069  30.102028  31.623112  42.640134  111.679726
0.066682  0.000000  0.000000  0.000000  -30.633663  10.720886  2.857143  60.684635  16.540040  4.264890  -18.169069  30.102028  31.623112  42.640134  111.679726
0.066914  0.000000  0.000000  0.000000  -30.633663  10.720886  7.142857  61.229394  12.792771  2.114639  -18.169069  30.102028  31.623112  42.640134  111.679726
0.067145  0.000000  0.000000  0.000000  -30.633663  10.720886  11.428571  61.624710  9.028597  0.027504  -18.169069  30.102028  31.623112  42.640134  111.679726
0.067377  0.000000  0.000000  0.000000  -30.633663  10.720886  15.714286  61.878936  5.252889  -2.016383  -18.169069  30.102028  31.623112  42.640134  111.679726
0.067608  0.000000  0.000000  0.000000  -30.633663  10.720886  20.000000  61.997428  1.470604  -4.035589  -18.169069  30.102028  31.623112  42.640134  111.679726
0.067840  0.000000  0.000000  0.000000  -30.633663  10.720886  24.285714  61.982616  -2.313496  -6.047958  -18.169069  30.102028  31.623112  42.640134  111.679726
0.068071  0.000000  0.000000  0.000000  -30.633663  10.720886  28.571429  61.834203  -6.094730  -8.071104  -18.169069  30.102028  31.623112  42.640134  111.679726
0.068303  0.000000  0.000000  0.000000  -30.633663  10.720886  32.857143  61.549104  -9.868312  -10.122981  -18.169069  30.102028  31.623112  42.640134  111.679726
0.068534  0.000000  0.000000  0.000000  -30.633663  10.720886  37.142857  61.121335  -13.629203  -12.222391  -18.169069  30.102028  31.623112  42.640134  111.679726
0.068766  0.000000  0.000000  0.000000  -30.633663  10.720886  41.428571  60.541801  -17.371917  -14.389606  -18.169069  30.102028  31.623112  42.640134  111.679726
0.068997  0.000000  0.000000  0.000000  -30.633663  10.720886  45.714286  59.797751  -21.090294  -16.647071  -18.169069  30.102028  31.623112  42.640134  111.679726
0.069229  0.000000  0.000000  0.000000  -30.633663  10.720886  50.000000  58.872480  -24.777282  -19.020072  -18.169069  30.102028  31.623112  42.640134  111.679726
0.069461  0.000000  0.000000  0.000000  -22.857255  16.442182  -10.000000  53.951228  24.012572  10.330449  -20.980399  32.934846  28.563879  28.540725  110.122156
0.069692  0.000000  0.000000  0.000000  -22.857255  16.442182  -5.714286  54.971779  20.524488  7.638997  -20.980399  32.934846  28.563879  28.540725  110.122156
0.069924  0.000000  0.000000  0.000000  -22.857255  16.442182  -1.428571  55.799082  16.996755  5.068266  -20.980399  32.934846  28.563879  28.540725  110.122156
0.070155  0.000000  0.000000  0.000000  -22.857255  16.442182  2.857143  56.449188  13.437976  2.593012  -20.980399  32.934846  28.563879  28.540725  110.122156
0.070387  0.000000  0.000000  0.000000  -22.857255  16.442182  7.142857  56.934523  9.855743  0.190467  -20.980399  32.934846  28.563879  28.540725  110.122156
0.070618  0.000000  0.000000  0.000000  -22.857255  16.442182  11.428571  57.264187  6.256892  -2.160295  -20.980399  32.934846  28.563879  28.540725  110.122156
0.070850  0.000000  0.000000  0.000000  -22.857255  16.442182  15.714286  57.444285  2.647734  -4.478811  -20.980399  32.934846  28.563879  28.540725  110.122156
0.071081  0.000000  0.000000  0.000000  -22.857255  16.442182  20.000000  57.478139  -0.965728  -6.783836  -20.980399  32.934846  28.563879  28.540725  110.122156
0.071313  0.000000  0.000000  0.000000  -22.857255  16.442182  24.285714  57.366366  -4.577627  -9.093771  -20.980399  32.934846  28.563879  28.540725  110.122156
0.071544  0.000000  0.000000  0.000000  -22.857255  16.442182  28.571429  57.106923  -8.182038  -11.427146  -20.980399  32.934846  28.563879  28.540725  110.122156
0.071776  0.000000  0.000000  0.000000  -22.857255  16.442182  32.857143  56.695010  -11.772824  -13.803076  -20.980399  32.934846  28.563879  28.540725  110.122156
0.072007  0.000000  0.000000  0.000000  -22.857255  16.442182  37.142857  56.122952  -15.343411  -16.241775  -20.980399  32.934846  28.563879  28.540725  110.122156
0.072239  0.000000  0.000000  0.000000  -22.857255  16.442182  41.428571  55.379890  -18.886597  -18.765089  -20.980399  32.934846  28.563879  28.540725  110.122156
0.072470  0.000000  0.000000  0.000000  -22.857255  16.442182  45.714286  54.451551  -22.394286  -21.397018  -20.980399  32.934846  28.563879  28.540725  110.122156
0.072702  0.000000  0.000000  0.000000  -22.857255  16.442182  50.000000  53.319714  -25.857197  -24.164399  -20.980399  32.934846  28.563879  28.540725  110.122156
0.072934  0.000000  0.000000  0.000000  -18.009856  3.435270  -10.000000  54.139103  20.639257  -0.412000  5.833465  19.716065  30.118036  27.076664  125.344295
0.073165  0.000000  0.000000  0.000000  -18.009856  3.435270  -5.714286  54.989905  17.146742  -3.037905  5.833465  19.716065  30.118036  27.076664  125.344295
0.073397  0.000000  0.000000  0.000000  -18.009856  3.435270  -1.428571  55.661091  13.621590  -5.566332  5.833465  19.716065  30.118036  27.076664  125.344295
0.073628  0.000000  0.000000  0.000000  -18.009856  3.435270  2.857143  56.165156  10.071656  -8.020146  5.833465  19.716065  30.118036  27.076664  125.344295
0.073860  0.000000  0.000000  0.000000  -18.009856  3.435270  7.142857  56.511354  6.504024  -10.420356  5.833465  19.716065  30.118036  27.076664  125.344295
0.074091  0.000000  0.000000  0.000000  -18.009856  3.435270  11.428571  56.705968  2.925237  -12.786643  5.833465  19.716065  30.118036  27.076664  125.344295
0.074323  0.000000  0.000000  0.000000  -18.009856  3.435270  15.714286  56.752510  -0.658499  -15.137843  5.833465  19.716065  30.118036  27.076664  125.344295
0.074554  0.000000  0.000000  0.000000  -18.009856  3.435270  20.000000  56.651793  -4.241122  -17.492435  5.833465  19.716065  30.118036  27.076664  125.344295
0.074786  0.000000  0.000000  0.000000  -18.009856  3.435270  24.285714  56.402035  -7.816544  -19.868963  5.833465  19.716065  30.118036  27.076664  125.344295
0.075017  0.000000  0.000000  0.000000  -18.009856  3.435270  28.571429  55.998715  -11.378460  -22.286520  5.833465  19.716065  30.118036  27.076664  125.344295
0.075249  0.000000  0.000000  0.000000  -18.009856  3.435270  32.857143  55.434487  -14.920145  -24.765221  5.833465  19.716065  30.118036  27.076664  125.344295
0.075480  0.000000  0.000000  0.000000  -18.009856  3.435270  37.142857  54.698933  -18.434266  -27.326696  5.833465  19.716065  30.118036  27.076664  125.344295
0.075712  0.000000  0.000000  0.000000  -18.009856  3.435270  41.428571  53.778292  -21.912610  -29.994626  5.833465  19.716065  30.118036  27.076664  125.344295
0.075944  0.000000  0.000000  0.000000  -18.009856  3.435270  45.714286  52.655029  -25.345802  -32.795346  5.833465  19.716065  30.118036  27.076664  125.344295
0.076175  0.000000  0.000000  0.000000  -18.009856  3.435270  50.000000  51.307402  -28.722954  -35.758448  5.833465  19.716065  30.118036  27.076664  125.344295
0.076407  0.000000  0.000000  0.000000  -33.065060  15.650337  -10.000000  56.865356  23.411050  14.378924  -28.786902  32.044147  25.774739  30.990729  115.362489
0.076638  0.000000  0.000000  0.000000  -33.065060  15.650337  -5.714286  57.782227  19.803007  11.890614  -28.786902  32.044147  25.774739  30.990729  115.362489
0.076870  0.000000  0.000000  0.000000  -33.065060  15.650337  -1.428571  58.516663  16.162057  9.513246  -28.786902  32.044147  25.774739  30.990729  115.362489
0.077101  0.000000  0.000000  0.000000  -33.065060  15.650337  2.857143  59.084004  12.495694  7.222256  -28.786902  32.044147  25.774739  30.990729  115.362489
0.077333  0.000000  0.000000  0.000000  -33.065060  15.650337  7.142857  59.495896  8.810523  4.995567  -28.786902  32.044147  25.774739  30.990729  115.362489
0.077564  0.000000  0.000000  0.000000  -33.065060  15.650337  11.428571  59.760606  5.112518  2.812953  -28.786902  32.044147  25.774739  30.990729  115.362489
0.077796  0.000000  0.000000  0.000000  -33.065060  15.650337  15.714286  59.883371  1.407217  0.655459  -28.786902  32.044147  25.774739  30.990729  115.362489
0.078027  0.000000  0.000000  0.000000  -33.065060  15.650337  20.000000  59.866602  -2.300070  -1.495181  -28.786902  32.044147  25.774739  30.990729  115.362489
0.078259  0.000000  0.000000  0.000000  -33.065060  15.650337  24.285714  59.709974  -6.004105  -3.657037  -28.786902  32.044147  25.774739  30.990729  115.362489
0.078490  0.000000  0.000000  0.000000  -33.065060  15.650337  28.571429  59.410400  -9.699537  -5.848499  -28.786902  32.044147  25.774739  30.990729  115.362489
0.078722  0.000000  0.000000  0.000000  -33.065060  15.650337  32.857143  58.961932  -13.380741  -8.088772  -28.786902  32.044147  25.774739  30.990729  115.362489
0.078953  0.000000  0.000000  0.000000  -33.065060  15.650337  37.142857  58.355555  -17.041619  -10.398458  -28.786902  32.044147  25.774739  30.990729  115.362489
0.079185  0.000000  0.000000  0.000000  -33.065060  15.650337  41.428571  57.578735  -20.675369  -12.800192  -28.786902  32.044147  25.774739  30.990729  115.362489
0.079417  0.000000  0.000000  0.000000  -33.065060  15.650337  45.714286  56.615151  -24.274238  -15.319247  -28.786902  32.044147  25.774739  30.990729  115.362489
0.079648  0.000000  0.000000  0.000000  -33.065060  15.650337  50.000000  55.443933  -27.829194  -17.984399  -28.786902  32.044147  25.774739  30.990729  115.362489
0.079880  0.000000  0.000000  0.000000  -28.087759  -1.822159  -10.000000  59.769173  15.424914  -1.266234  -28.000017  12.588978  49.158037  38.442384  113.913915
0.080111  0.000000  0.000000  0.000000  -28.087759  -1.822159  -5.714286  60.286145  11.711872  -3.468393  -28.000017  12.588978  49.158037  38.442384  113.913915
0.080343  0.000000  0.000000  0.000000  -28.087759  -1.822159  -1.428571  60.652975  7.982456  -5.611968  -28.000017  12.588978  49.158037  38.442384  113.913915
0.080574  0.000000  0.000000  0.000000  -28.087759  -1.822159  2.857143  60.877225  4.242213  -7.716672  -28.000017  12.588978  49.158037  38.442384  113.913915
0.080806  0.000000  0.000000  0.000000  -28.087759  -1.822159  7.142857  60.963447  0.496315  -9.801052  -28.000017  12.588978  49.158037  38.442384  113.913915
0.081037  0.000000  0.000000  0.000000  -28.087759  -1.822159  11.428571  60.913386  -3.250224  -11.883062  -28.000017  12.588978  49.158037  38.442384  113.913915
0.081269  0.000000  0.000000  0.000000  -28.087759  -1.822159  15.714286  60.726027  -6.992457  -13.980605  -28.000017  12.588978  49.158037  38.442384  113.913915
0.081500  0.000000  0.000000  0.000000  -28.087759  -1.822159  20.000000  60.397575  -10.725263  -16.112024  -28.000017  12.588978  49.158037  38.442384  113.913915
0.081732  0.000000  0.000000  0.000000  -28.087759  -1.822159  24.285714  59.921293  -14.443210  -18.296659  -28.000017  12.588978  49.158037  38.442384  113.913915
0.081963  0.000000  0.000000  0.000000  -28.087759  -1.822159  28.571429  59.287235  -18.140356  -20.555435  -28.000017  12.588978  49.158037  38.442384  113.913915
0.082195  0.000000  0.000000  0.000000  -28.087759  -1.822159  32.857143  58.481856  -21.810021  -22.911513  -28.000017  12.588978  49.158037  38.442384  113.913915
0.082426  0.000000  0.000000  0.000000  -28.087759  -1.822159  37.142857  57.487451  -25.444519  -25.391080  -28.000017  12.588978  49.158037  38.442384  113.913915
0.082658  0.000000  0.000000  0.000000  -28.087759  -1.822159  41.428571  56.281496  -29.034806  -28.024159  -28.000017  12.588978  49.158037  38.442384  113.913915
0.082890  0.000000  0.000000  0.000000  -28.087759  -1.822159  45.714286  54.835745  -32.570065  -30.845691  -28.000017  12.588978  49.158037  38.442384  113.913915
0.083121  0.000000  0.000000  0.000000  -28.087759  -1.822159  50.000000  53.115234  -36.037152  -33.896637  -28.000017  12.588978  49.158037  38.442384  113.913915
0.083353  0.000000  0.000000  0.000000  -39.988986  3.065725  -10.000000  58.952685  28.763544  4.307101  -15.802503  40.633723  26.817602  36.319312  129.285132
0.083584  0.000000  0.000000  0.000000  -39.988986  3.065725  -5.714286  60.057389  25.070030  1.868394  -15.802503  40.633723  26.817602  36.319312  129.285132
0.083816  0.000000  0.000000  0.000000  -39.988986  3.065725  -1.428571  60.962256  21.339045  -0.426653  -15.802503  40.633723  26.817602  36.319312  129.285132
0.084047  0.000000  0.000000  0.000000  -39.988986  3.065725  2.857143  61.689143  17.578449  -2.607263  -15.802503  40.633723  26.817602  36.319312  129.285132
0.084279  0.000000  0.000000  0.000000  -39.988986  3.065725  7.142857  62.254963  13.794930  -4.698658  -15.802503  40.633723  26.817602  36.319312  129.285132
0.084510  0.000000  0.000000  0.000000  -39.988986  3.065725  11.428571  62.672501  9.994306  -6.723098  -15.802503  40.633723  26.817602  36.319312  129.285132
0.084742  0.000000  0.000000  0.000000  -39.988986  3.065725  15.714286  62.950913  6.181743  -8.700626  -15.802503  40.633723  26.817602  36.319312  129.285132
0.084973  0.000000  0.000000  0.000000  -39.988986  3.065725  20.000000  63.096196  2.361972  -10.649786  -15.802503  40.633723  26.817602  36.319312  129.285132
0.085205  0.000000  0.000000  0.000000  -39.988986  3.065725  24.285714  63.111460  -1.460511  -12.588237  -15.802503  40.633723  26.817602  36.319312  129.285132
0.085436  0.000000  0.000000  0.000000  -39.988986  3.065725  28.571429  62.997013  -5.281318  -14.533301  -15.802503  40.633723  26.817602  36.319312  129.285132
0.085668  0.000000  0.000000  0.000000  -39.988986  3.065725  32.857143  62.750430  -9.095997  -16.502511  -15.802503  40.633723  26.817602  36.319312  129.285132
0.085900  0.000000  0.000000  0.000000  -39.988986  3.065725  37.142857  62.366417  -12.899887  -18.514137  -15.802503  40.633723  26.817602  36.319312  129.285132
0.086131  0.000000  0.000000  0.000000  -39.988986  3.065725  41.428571  61.836577  -16.687937  -20.587836  -15.802503  40.633723  26.817602  36.319312  129.285132
0.086363  0.000000  0.000000  0.000000  -39.988986  3.065725  45.714286  61.149021  -20.454503  -22.745260  -15.802503  40.633723  26.817602  36.319312  129.285132
0.086594  0.000000  0.000000  0.000000  -39.988986  3.065725  50.000000  60.287900  -24.193141  -25.010859  -15.802503  40.633723  26.817602  36.319312  129.285132
0.086826  0.000000  0.000000  0.000000  -31.924980  16.085695  -10.000000  51.654644  27.249934  13.928092  -24.149731  41.564002  18.212794  31.461665  118.086763
0.087057  0.000000  0.000000  0.000000  -31.924980  16.085695  -5.714286  52.908900  23.859018  11.022249  -24.149731  41.564002  18.212794  31.461665  118.086763
0.087289  0.000000  0.000000  0.000000  -31.924980  16.085695  -1.428571  53.948238  20.416384  8.265867  -24.149731  41.564002  18.212794  31.461665  118.086763
0.087520  0.000000  0.000000  0.000000  -31.924980  16.085695  2.857143  54.792452  16.932312  5.630892  -24.149731  41.564002  18.212794  31.461665  118.086763
0.087752  0.000000  0.000000  0.000000  -31.924980  16.085695  7.142857  55.457360  13.415712  3.092227  -24.149731  41.564002  18.212794  31.461665  118.086763
0.087983  0.000000  0.000000  0.000000  -31.924980  16.085695  11.428571  55.955252  9.874470  0.627142  -24.149731  41.564002  18.212794  31.461665  118.086763
0.088215  0.000000  0.000000  0.000000  -31.924980  16.085695  15.714286  56.295178  6.315689  -1.785281  -24.149731  41.564002  18.212794  31.461665  118.086763
0.088446  0.000000  0.000000  0.000000  -31.924980  16.085695  20.000000  56.483249  2.745962  -4.164688  -24.149731  41.564002  18.212794  31.461665  118.086763
0.088678  0.000000  0.000000  0.000000  -31.924980  16.085695  24.285714  56.522854  -0.828468  -6.529889  -24.149731  41.564002  18.212794  31.461665  118.086763
0.088909  0.000000  0.000000  0.000000  -31.924980  16.085695  28.571429  56.414673  -4.401487  -8.899362  -24.149731  41.564002  18.212794  31.461665  118.086763
0.089141  0.000000  0.000000  0.000000  -31.924980  16.085695  32.857143  56.156803  -7.966931  -11.291699  -24.149731  41.564002  18.212794  31.461665  118.086763
0.089373  0.000000  0.000000  0.000000  -31.924980  16.085695  37.142857  55.744601  -11.518428  -13.726024  -24.149731  41.564002  18.212794  31.461665  118.086763
0.089604  0.000000  0.000000  0.000000  -31.924980  16.085695  41.428571  55.170612  -15.049174  -16.222514  -24.149731  41.564002  18.212794  31.461665  118.086763
0.089836  0.000000  0.000000  0.000000  -31.924980  16.085695  45.714286  54.424324  -18.551733  -18.802861  -24.149731  41.564002  18.212794  31.461665  118.086763
0.090067  0.000000  0.000000  0.000000  -31.924980  16.085695  50.000000  53.491869  -22.017786  -21.490821  -24.149731  41.564002  18.212794  31.461665  118.086763
0.090299  0.000000  0.000000  0.000000  -24.562177  -5.425781  -10.000000  67.595948  26.599643  -6.708100  -15.446093  19.074499  51.707053  29.211645  127.150876
0.090530  0.000000  0.000000  0.000000  -24.562177  -5.425781  -5.714286  68.332909  22.626654  -8.476376  -15.446093  19.074499  51.707053  29.211645  127.150876
0.090762  0.000000  0.000000  0.000000  -24.562177  -5.425781  -1.428571  68.921206  18.635364  -10.144940  -15.446093  19.074499  51.707053  29.211645  127.150876
0.090993  0.000000  0.000000  0.000000  -24.562177  -5.425781  2.857143  69.377136  14.630065  -11.736679  -15.446093  19.074499  51.707053  29.211645  127.150876
0.091225  0.000000  0.000000  0.000000  -24.562177  -5.425781  7.142857  69.712688  10.614335  -13.271202  -15.446093  19.074499  51.707053  29.211645  127.150876
0.091456  0.000000  0.000000  0.000000  -24.562177  -5.425781  11.428571  69.936413  6.591358  -14.765842  -15.446093  19.074499  51.707053  29.211645  127.150876
0.091688  0.000000  0.000000  0.000000  -24.562177  -5.425781  15.714286  70.053856  2.564008  -16.236377  -15.446093  19.074499  51.707053  29.211645  127.150876
0.091919  0.000000  0.000000  0.000000  -24.562177  -5.425781  20.000000  70.067879  -1.465014  -17.697664  -15.446093  19.074499  51.707053  29.211645  127.150876
0.092151  0.000000  0.000000  0.000000  -24.562177  -5.425781  24.285714  69.978823  -5.493092  -19.164223  -15.446093  19.074499  51.707053  29.211645  127.150876
0.092382  0.000000  0.000000  0.000000  -24.562177  -5.425781  28.571429  69.784523  -9.517538  -20.650771  -15.446093  19.074499  51.707053  29.211645  127.150876
0.092614  0.000000  0.000000  0.000000  -24.562177  -5.425781  32.857143  69.480189  -13.535545  -22.172773  -15.446093  19.074499  51.707053  29.211645  127.150876
0.092846  0.000000  0.000000  0.000000  -24.562177  -5.425781  37.142857  69.058139  -17.544035  -23.747060  -15.446093  19.074499  51.707053  29.211645  127.150876
0.093077  0.000000  0.000000  0.000000  -24.562177  -5.425781  41.428571  68.507363  -21.539532  -25.392565  -15.446093  19.074499  51.707053  29.211645  127.150876
0.093309  0.000000  0.000000  0.000000  -24.562177  -5.425781  45.714286  67.812841  -25.517976  -27.131145  -15.446093  19.074499  51.707053  29.211645  127.150876
0.093540  0.000000  0.000000  0.000000  -24.562177  -5.425781  50.000000  66.954621  -29.474506  -28.988771  -15.446093  19.074499  51.707053  29.211645  127.150876
0.093772  0.000000  0.000000  0.000000  -19.889882  9.137885  -10.000000  51.685837  6.812123  -0.181511  -14.071317  35.553914  26.118152  27.312397  116.625793
0.094003  0.000000  0.000000  0.000000  -19.889882  9.137885  -5.714286  51.923757  3.443343  -2.841817  -14.071317  35.553914  26.118152  27.312397  116.625793
0.094235  0.000000  0.000000  0.000000  -19.889882  9.137885  -1.428571  52.004708  0.067193  -5.483338  -14.071317  35.553914  26.118152  27.312397  116.625793
0.094466  0.000000  0.000000  0.000000  -19.889882  9.137885  2.857143  51.929952  -3.309086  -8.124485  -14.071317  35.553914  26.118152  27.312397  116.625793
0.094698  0.000000  0.000000  0.000000  -19.889882  9.137885  7.142857  51.698338  -6.678308  -10.783692  -14.071317  35.553914  26.118152  27.312397  116.625793
0.094929  0.000000  0.000000  0.000000  -19.889882  9.137885  11.428571  51.306328  -10.033082  -13.479709  -14.071317  35.553914  26.118152  27.312397  116.625793
0.095161  0.000000  0.000000  0.000000  -19.889882  9.137885  15.714286  50.747872  -13.365632  -16.232040  -14.071317  35.553914  26.118152  27.312397  116.625793
0.095392  0.000000  0.000000  0.000000  -19.889882  9.137885  20.000000  50.014396  -16.667624  -19.061199  -14.071317  35.553914  26.118152  27.312397  116.625793
0.095624  0.000000  0.000000  0.000000  -19.889882  9.137885  24.285714  49.094539  -19.929896  -21.989165  -14.071317  35.553914  26.118152  27.312397  116.625793
0.095856  0.000000  0.000000  0.000000  -19.889882  9.137885  28.571429  47.974071  -23.142217  -25.039680  -14.071317  35.553914  26.118152  27.312397  116.625793
0.096087  0.000000  0.000000  0.000000  -19.889882  9.137885  32.857143  46.635664  -26.292988  -28.238596  -14.071317  35.553914  26.118152  27.312397  116.625793
0.096319  0.000000  0.000000  0.000000  -19.889882  9.137885  37.142857  45.058836  -29.368914  -31.614099  -14.071317  35.553914  26.118152  27.312397  116.625793
0.096550  0.000000  0.000000  0.000000  -19.889882  9.137885  41.428571  43.219954  -32.354617  -35.196805  -14.071317  35.553914  26.118152  27.312397  116.625793
0.096782  0.000000  0.000000  0.000000  -19.889882  9.137885  45.714286  41.092495  -35.232232  -39.019605  -14.071317  35.553914  26.118152  27.312397  116.625793
0.097013  0.000000  0.000000  0.000000  -19.889882  9.137885  50.000000  38.647759  -37.980958  -43.117029  -14.071317  35.553914  26.118152  27.312397  116.625793
0.097245  0.000000  0.000000  0.000000  -30.224616  13.536152  -10.000000  54.355932  26.824432  16.299233  -9.105750  16.463577  39.530808  30.465594  129.823875
0.097476  0.000000  0.000000  0.000000  -30.224616  13.536152  -5.714286  55.508370  23.315976  13.581164  -9.105750  16.463577  39.530808  30.465594  129.823875
0.097708  0.000000  0.000000  0.000000  -30.224616  13.536152  -1.428571  56.455200  19.763079  11.003864  -9.105750  16.463577  39.530808  30.465594  129.823875
0.097939  0.000000  0.000000  0.000000  -30.224616  13.536152  2.857143  57.215934  16.174910  8.539552  -9.105750  16.463577  39.530808  30.465594  129.823875
0.098171  0.000000  0.000000  0.000000  -30.224616  13.536152  7.142857  57.805844  12.559400  6.163607  -9.105750  16.463577  39.530808  30.465594  129.823875
0.098402  0.000000  0.000000  0.000000  -30.224616  13.536152  11.428571  58.236628  8.923568  3.853767  -9.105750  16.463577  39.530808  30.465594  129.823875
0.098634  0.000000  0.000000  0.000000  -30.224616  13.536152  15.714286  58.516606  5.273749  1.589644  -9.105750  16.463577  39.530808  30.465594  129.823875
0.098865  0.000000  0.000000  0.000000  -30.224616  13.536152  20.000000  58.651139  1.615837  -0.647948  -9.105750  16.463577  39.530808  30.465594  129.823875
0.099097  0.000000  0.000000  0.000000  -30.224616  13.536152  24.285714  58.642807  -2.044528  -2.877483  -9.105750  16.463577  39.530808  30.465594  129.823875
0.099329  0.000000  0.000000  0.000000  -30.224616  13.536152  28.571429  58.491408  -5.701787  -5.117219  -9.105750  16.463577  39.530808  30.465594  129.823875
0.099560  0.000000  0.000000  0.000000  -30.224616  13.536152  32.857143  58.194099  -9.350277  -7.385691  -9.105750  16.463577  39.530808  30.465594  129.823875
0.099792  0.000000  0.000000  0.000000  -30.224616  13.536152  37.142857  57.745178  -12.984073  -9.702176  -9.105750  16.463577  39.530808  30.465594  129.823875
0.100023  0.000000  0.000000  0.000000  -30.224616  13.536152  41.428571  57.135910  -16.596755  -12.087295  -9.105750  16.463577  39.530808  30.465594  129.823875
0.100255  0.000000  0.000000  0.000000  -30.224616  13.536152  45.714286  56.354254  -20.181223  -14.563509  -9.105750  16.463577  39.530808  30.465594  129.823875
0.100486  0.000000  0.000000  0.000000  -30.224616  13.536152  50.000000  55.384436  -23.729418  -17.155793  -9.105750  16.463577  39.530808  30.465594  129.823875
0.100718  0.000000  0.000000  0.000000  -19.002290  14.506351  -10.000000  51.308353  10.751872  8.798579  -25.097239  14.684021  52.776593  37.099635  112.959297
0.100949  0.000000  0.000000  0.000000  -19.002290  14.506351  -5.714286  51.734444  7.396214  6.098500  -25.097239  14.684021  52.776593  37.099635  112.959297
0.101181  0.000000  0.000000  0.000000  -19.002290  14.506351  -1.428571  51.999195  4.024557  3.439288  -25.097239  14.684021  52.776593  37.099635  112.959297
0.101412  0.000000  0.000000  0.000000  -19.002290  14.506351  2.857143  52.106682  0.644344  0.802053  -25.097239  14.684021  52.776593  37.099635  112.959297
0.101644  0.000000  0.000000  0.000000  -19.002290  14.506351  7.142857  52.058552  -2.737250  -1.831680  -25.097239  14.684021  52.776593  37.099635  112.959297
0.101875  0.000000  0.000000  0.000000  -19.002290  14.506351  11.428571  51.854068  -6.113030  -4.480319  -25.097239  14.684021  52.776593  37.099635  112.959297
0.102107  0.000000  0.000000  0.000000  -19.002290  14.506351  15.714286  51.490089  -9.475683  -7.162554  -25.097239  14.684021  52.776593  37.099635  112.959297
0.102339  0.000000  0.000000  0.000000  -19.002290  14.506351  20.000000  50.960999  -12.817546  -9.897739  -25.097239  14.684021  52.776593  37.099635  112.959297
0.102570  0.000000  0.000000  0.000000  -19.002290  14.506351  24.285714  50.258620  -16.130410  -12.706222  -25.097239  14.684021  52.776593  37.099635  112.959297
0.102802  0.000000  0.000000  0.000000  -19.002290  14.506351  28.571429  49.372039  -19.405294  -15.609743  -25.097239  14.684021  52.776593  37.099635  112.959297
0.103033  0.000000  0.000000  0.000000  -19.002290  14.506351  32.857143  48.287477  -22.632193  -18.631765  -25.097239  14.684021  52.776593  37.099635  112.959297
0.103265  0.000000  0.000000  0.000000  -19.002290  14.506351  37.142857  46.988054  -25.799780  -21.797836  -25.097239  14.684021  52.776593  37.099635  112.959297
0.103496  0.000000  0.000000  0.000000  -19.002290  14.506351  41.428571  45.453729  -28.895088  -25.135827  -25.097239  14.684021  52.776593  37.099635  112.959297
0.103728  0.000000  0.000000  0.000000  -19.002290  14.506351  45.714286  43.661238  -31.903136  -28.676090  -25.097239  14.684021  52.776593  37.099635  112.959297
0.103959  0.000000  0.000000  0.000000  -19.002290  14.506351  50.000000  41.584335  -34.806502  -32.451329  -25.097239  14.684021  52.776593  37.099635  112.959297
0.104191  0.000000  0.000000  0.000000  -39.863563  12.546369  -10.000000  50.174856  10.851461  2.243571  -3.464219  41.482480  13.990119  35.571927  123.570649
0.104422  0.000000  0.000000  0.000000  -39.863563  12.546369  -5.714286  50.617562  7.548794  -0.523687  -3.464219  41.482480  13.990119  35.571927  123.570649
0.104654  0.000000  0.000000  0.000000  -39.863563  12.546369  -1.428571  50.897331  4.228986  -3.248858  -3.464219  41.482480  13.990119  35.571927  123.570649
0.104885  0.000000  0.000000  0.000000  -39.863563  12.546369  2.857143  51.018290  0.899729  -5.950724  -3.464219  41.482480  13.990119  35.571927  123.570649
0.105117  0.000000  0.000000  0.000000  -39.863563  12.546369  7.142857  50.982212  -2.431530  -8.647661  -3.464219  41.482480  13.990119  35.571927  123.570649
0.105348  0.000000  0.000000  0.000000  -39.863563  12.546369  11.428571  50.788585  -5.757369  -11.357941  -3.464219  41.482480  13.990119  35.571927  123.570649
0.105580  0.000000  0.000000  0.000000  -39.863563  12.546369  15.714286  50.434539  -9.070272  -14.100094  -3.464219  41.482480  13.990119  35.571927  123.570649
0.105812  0.000000  0.000000  0.000000  -39.863563  12.546369  20.000000  49.914852  -12.362367  -16.893221  -3.464219  41.482480  13.990119  35.571927  123.570649
0.106043  0.000000  0.000000  0.000000  -39.863563  12.546369  24.285714  49.221846  -15.625266  -19.757323  -3.464219  41.482480  13.990119  35.571927  123.570649
0.106275  0.000000  0.000000  0.000000  -39.863563  12.546369  28.571429  48.345258  -18.849837  -22.713646  -3.464219  41.482480  13.990119  35.571927  123.570649
0.106506  0.000000  0.000000  0.000000  -39.863563  12.546369  32.857143  47.272141  -22.025959  -25.784974  -3.464219  41.482480  13.990119  35.571927  123.570649
0.106738  0.000000  0.000000  0.000000  -39.863563  12.546369  37.142857  45.986695  -25.142243  -28.995934  -3.464219  41.482480  13.990119  35.571927  123.570649
0.106969  0.000000  0.000000  0.000000  -39.863563  12.546369  41.428571  44.470249  -28.185731  -32.373174  -3.464219  41.482480  13.990119  35.571927  123.570649
0.107201  0.000000  0.000000  0.000000  -39.863563  12.546369  45.714286  42.701278  -31.141553  -35.945448  -3.464219  41.482480  13.990119  35.571927  123.570649
0.107432  0.000000  0.000000  0.000000  -39.863563  12.546369  50.000000  40.655713  -33.992539  -39.743426  -3.464219  41.482480  13.990119  35.571927  123.570649
0.107664  0.000000  0.000000  0.000000  -24.253830  6.001630  -10.000000  53.452927  7.048715  1.844385  -24.746639  44.611909  32.765028  26.808721  118.745525
0.107895  0.000000  0.000000  0.000000  -24.253830  6.001630  -5.714286  53.690212  3.599860  -0.711196  -24.746639  44.611909  32.765028  26.808721  118.745525
0.108127  0.000000  0.000000  0.000000  -24.253830  6.001630  -1.428571  53.773107  0.143910  -3.247457  -24.746639  44.611909  32.765028  26.808721  118.745525
0.108358  0.000000  0.000000  0.000000  -24.253830  6.001630  2.857143  53.702967  -3.312313  -5.782947  -24.746639  44.611909  32.765028  26.808721  118.745525
0.108590  0.000000  0.000000  0.000000  -24.253830  6.001630  7.142857  53.478648  -6.762026  -8.336204  -24.746639  44.611909  32.765028  26.808721  118.745525
0.108821  0.000000  0.000000  0.000000  -24.253830  6.001630  11.428571  53.096493  -10.198246  -10.926129  -24.746639  44.611909  32.765028  26.808721  118.745525
0.109053  0.000000  0.000000  0.000000  -24.253830  6.001630  15.714286  52.550201  -13.613617  -13.572440  -24.746639  44.611909  32.765028  26.808721  118.745525
0.109285  0.000000  0.000000  0.000000  -24.253830  6.001630  20.000000  51.830771  -17.000219  -16.295999  -24.746639  44.611909  32.765028  26.808721  118.745525
0.109516  0.000000  0.000000  0.000000  -24.253830  6.001630  24.285714  50.926199  -20.349300  -19.119319  -24.746639  44.611909  32.765028  26.808721  118.745525
0.109748  0.000000  0.000000  0.000000  -24.253830  6.001630  28.571429  49.821328  -23.651029  -22.066947  -24.746639  44.611909  32.765028  26.808721  118.745525
0.109979  0.000000  0.000000  0.000000  -24.253830  6.001630  32.857143  48.497504  -26.894172  -25.165919  -24.746639  44.611909  32.765028  26.808721  118.745525
0.110211  0.000000  0.000000  0.000000  -24.253830  6.001630  37.142857  46.932409  -30.065740  -28.446111  -24.746639  44.611909  32.765028  26.808721  118.745525
0.110442  0.000000  0.000000  0.000000  -24.253830  6.001630  41.428571  45.099896  -33.150554  -31.940506  -24.746639  44.611909  32.765028  26.808721  118.745525
0.110674  0.000000  0.000000  0.000000  -24.253830  6.001630  45.714286  42.970069  -36.130772  -35.685207  -24.746639  44.611909  32.765028  26.808721  118.745525
0.110905  0.000000  0.000000  0.000000  -24.253830  6.001630  50.000000  40.509755  -38.985383  -39.719088  -24.746639  44.611909  32.765028  26.808721  118.745525
0.111137  0.000000  0.000000  0.000000  -29.167926  16.297766  -10.000000  53.518256  14.276838  8.156219  -6.289369  20.015105  13.534035  34.405137  110.581751
0.111368  0.000000  0.000000  0.000000  -29.167926  16.297766  -5.714286  54.081862  10.817830  5.563507  -6.289369  20.015105  13.534035  34.405137  110.581751
0.111600  0.000000  0.000000  0.000000  -29.167926  16.297766  -1.428571  54.481807  7.337691  3.030165  -6.289369  20.015105  13.534035  34.405137  110.581751
0.111831  0.000000  0.000000  0.000000  -29.167926  16.297766  2.857143  54.724907  3.843583  0.536248  -6.289369  20.015105  13.534035  34.405137  110.581751
0.112063  0.000000  0.000000  0.000000  -29.167926  16.297766  7.142857  54.815305  0.342282  -1.937261  -6.289369  20.015105  13.534035  34.405137  110.581751
0.112295  0.000000  0.000000  0.000000  -29.167926  16.297766  11.428571  54.754504  -3.159659  -4.408971  -6.289369  20.015105  13.534035  34.405137  110.581751
0.112526  0.000000  0.000000  0.000000  -29.167926  16.297766  15.714286  54.541484  -6.655695  -6.897417  -6.289369  20.015105  13.534035  34.405137  110.581751
0.112758  0.000000  0.000000  0.000000  -29.167926  16.297766  20.000000  54.172639  -10.139111  -9.421521  -6.289369  20.015105  13.534035  34.405137  110.581751
0.112989  0.000000  0.000000  0.000000  -29.167926  16.297766  24.285714  53.641691  -13.602840  -12.001004  -6.289369  20.015105  13.534035  34.405137  110.581751
0.113221  0.000000  0.000000  0.000000  -29.167926  16.297766  28.571429  52.939513  -17.039236  -14.656841  -6.289369  20.015105  13.534035  34.405137  110.581751
0.113452  0.000000  0.000000  0.000000  -29.167926  16.297766  32.857143  52.053917  -20.439859  -17.411699  -6.289369  20.015105  13.534035  34.405137  110.581751
0.113684  0.000000  0.000000  0.000000  -29.167926  16.297766  37.142857  50.969402  -23.795195  -20.290426  -6.289369  20.015105  13.534035  34.405137  110.581751
0.113915  0.000000  0.000000  0.000000  -29.167926  16.297766  41.428571  49.666743  -27.094326  -23.320567  -6.289369  20.015105  13.534035  34.405137  110.581751
0.114147  0.000000  0.000000  0.000000  -29.167926  16.297766  45.714286  48.122764  -30.324567  -26.532777  -6.289369  20.015105  13.534035  34.405137  110.581751
0.114378  0.000000  0.000000  0.000000  -29.167926  16.297766  50.000000  46.310072  -33.471032  -29.961255  -6.289369  20.015105  13.534035  34.405137  110.581751
0.114610  0.000000  0.000000  0.000000  -41.157638  12.261151  -10.000000  61.731587  28.055550  10.835107  -17.623522  24.394519  16.266403  39.586962  129.405780
0.114841  0.000000  0.000000  0.000000  -41.157638  12.261151  -5.714286  62.713105  24.263188  8.610239  -17.623522  24.394519  16.266403  39.586962  129.405780
0.115073  0.000000  0.000000  0.000000  -41.157638  12.261151  -1.428571  63.510453  20.440345  6.514936  -17.623522  24.394519  16.266403  39.586962  129.405780
0.115304  0.000000  0.000000  0.000000  -41.157638  12.261151  2.857143  64.143866  16.593644  4.521746  -17.623522  24.394519  16.266403  39.586962  129.405780
0.115536  0.000000  0.000000  0.000000  -41.157638  12.261151  7.142857  64.628795  12.728717  2.607045  -17.623522  24.394519  16.266403  39.586962  129.405780
0.115768  0.000000  0.000000  0.000000  -41.157638  12.261151  11.428571  64.976684  8.850456  0.749964  -17.623522  24.394519  16.266403  39.586962  129.405780
0.115999  0.000000  0.000000  0.000000  -41.157638  12.261151  15.714286  65.195477  4.963237  -1.068272  -17.623522  24.394519  16.266403  39.586962  129.405780
0.116231  0.000000  0.000000  0.000000  -41.157638  12.261151  20.000000  65.290123  1.071098  -2.865161  -17.623522  24.394519  16.266403  39.586962  129.405780
0.116462  0.000000  0.000000  0.000000  -41.157638  12.261151  24.285714  65.262719  -2.822088  -4.657486  -17.623522  24.394519  16.266403  39.586962  129.405780
0.116694  0.000000  0.000000  0.000000  -41.157638  12.261151  28.571429  65.112660  -6.712499  -6.461872  -17.623522  24.394519  16.266403  39.586962  129.405780
0.116925  0.000000  0.000000  0.000000  -41.157638  12.261151  32.857143  64.836580  -10.596204  -8.295357  -17.623522  24.394519  16.266403  39.586962  129.405780
0.117157  0.000000  0.000000  0.000000  -41.157638  12.261151  37.142857  64.428248  -14.469040  -10.175909  -17.623522  24.394519  16.266403  39.586962  129.405780
0.117388  0.000000  0.000000  0.000000  -41.157638  12.261151  41.428571  63.878169  -18.326415  -12.123198  -17.623522  24.394519  16.266403  39.586962  129.405780
0.117620  0.000000  0.000000  0.000000  -41.157638  12.261151  45.714286  63.173193  -22.163130  -14.159189  -17.623522  24.394519  16.266403  39.586962  129.405780
0.117851  0.000000  0.000000  0.000000  -41.157638  12.261151  50.000000  62.295830  -25.973153  -16.309099  -17.623522  24.394519  16.266403  39.586962  129.405780
0.118083  0.000000  0.000000  0.000000  -33.921058  16.072067  -10.000000  54.675477  25.669633  8.025219  -27.258336  38.069823  17.997804  40.276511  114.444469
0.118314  0.000000  0.000000  0.000000  -33.921058  16.072067  -5.714286  55.759871  22.148975  5.351282  -27.258336  38.069823  17.997804  40.276511  114.444469
0.118546  0.000000  0.000000  0.000000  -33.921058  16.072067  -1.428571  56.645361  18.586883  2.808712  -27.258336  38.069823  17.997804  40.276511  114.444469
0.118777  0.000000  0.000000  0.000000  -33.921058  16.072067  2.857143  57.349994  14.992108  0.370843  -27.258336  38.069823  17.997804  40.276511  114.444469
0.119009  0.000000  0.000000  0.000000  -33.921058  16.072067  7.142857  57.887834  11.372280  -1.986090  -27.258336  38.069823  17.997804  40.276511  114.444469
0.119241  0.000000  0.000000  0.000000  -33.921058  16.072067  11.428571  58.269391  7.734181  -4.283670  -27.258336  38.069823  17.997804  40.276511  114.444469
0.119472  0.000000  0.000000  0.000000  -33.921058  16.072067  15.714286  58.502020  4.084013  -6.541853  -27.258336  38.069823  17.997804  40.276511  114.444469
0.119704  0.000000  0.000000  0.000000  -33.921058  16.072067  20.000000  58.590154  0.427571  -8.779550  -27.258336  38.069823  17.997804  40.276511  114.444469
0.119935  0.000000  0.000000  0.000000  -33.921058  16.072067  24.285714  58.535461  -3.229518  -11.015112  -27.258336  38.069823  17.997804  40.276511  114.444469
0.120167  0.000000  0.000000  0.000000  -33.921058  16.072067  28.571429  58.336908  -6.881665  -13.266842  -27.258336  38.069823  17.997804  40.276511  114.444469
0.120398  0.000000  0.000000  0.000000  -33.921058  16.072067  32.857143  57.990716  -10.523124  -15.553471  -27.258336  38.069823  17.997804  40.276511  114.444469
0.120630  0.000000  0.000000  0.000000  -33.921058  16.072067  37.142857  57.490228  -14.147804  -17.894666  -27.258336  38.069823  17.997804  40.276511  114.444469
0.120861  0.000000  0.000000  0.000000  -33.921058  16.072067  41.428571  56.825719  -17.749087  -20.311575  -27.258336  38.069823  17.997804  40.276511  114.444469
0.121093  0.000000  0.000000  0.000000  -33.921058  16.072067  45.714286  55.983971  -21.319557  -22.827396  -27.258336  38.069823  17.997804  40.276511  114.444469
0.121324  0.000000  0.000000  0.000000  -33.921058  16.072067  50.000000  54.947928  -24.850759  -25.468053  -27.258336  38.069823  17.997804  40.276511  114.444469
0.121556  0.000000  0.000000  0.000000  -27.482136  -0.192411  -10.000000  69.931664  34.826377  0.619247  -20.494911  35.504772  43.893427  22.009268  113.745403
0.121787  0.000000  0.000000  0.000000  -27.482136  -0.192411  -5.714286  70.859087  30.788759  -1.091284  -20.494911  35.504772  43.893427  22.009268  113.745403
0.122019  0.000000  0.000000  0.000000  -27.482136  -0.192411  -1.428571  71.616007  26.730504  -2.663413  -20.494911  35.504772  43.893427  22.009268  113.745403
0.122251  0.000000  0.000000  0.000000  -27.482136  -0.192411  2.857143  72.227798  22.656118  -4.126875  -20.494911  35.504772  43.893427  22.009268  113.745403
0.122482  0.000000  0.000000  0.000000  -27.482136  -0.192411  7.142857  72.713546  18.569212  -5.505710  -20.494911  35.504772  43.893427  22.009268  113.745403
0.122714  0.000000  0.000000  0.000000  -27.482136  -0.192411  11.428571  73.087490  14.472756  -6.819829  -20.494911  35.504772  43.893427  22.009268  113.745403
0.122945  0.000000  0.000000  0.000000  -27.482136  -0.192411  15.714286  73.360068  10.369275  -8.086213  -20.494911  35.504772  43.893427  22.009268  113.745403
0.123177  0.000000  0.000000  0.000000  -27.482136  -0.192411  20.000000  73.538580  6.260964  -9.319761  -20.494911  35.504772  43.893427  22.009268  113.745403
0.123408  0.000000  0.000000  0.000000  -27.482136  -0.192411  24.285714  73.627680  2.149821  -10.534016  -20.494911  35.504772  43.893427  22.009268  113.745403
0.123640  0.000000  0.000000  0.000000  -27.482136  -0.192411  28.571429  73.629663  -1.962281  -11.741736  -20.494911  35.504772  43.893427  22.009268  113.745403
0.123871  0.000000  0.000000  0.000000  -27.482136  -0.192411  32.857143  73.544564  -6.073509  -12.955419  -20.494911  35.504772  43.893427  22.009268  113.745403
0.124103  0.000000  0.000000  0.000000  -27.482136  -0.192411  37.142857  73.370210  -10.181991  -14.187802  -20.494911  35.504772  43.893427  22.009268  113.745403
0.124334  0.000000  0.000000  0.000000  -27.482136  -0.192411  41.428571  73.102062  -14.285739  -15.452376  -20.494911  35.504772  43.893427  22.009268  113.745403
0.124566  0.000000  0.000000  0.000000  -27.482136  -0.192411  45.714286  72.732949  -18.382562  -16.763956  -20.494911  35.504772  43.893427  22.009268  113.745403
0.124797  0.000000  0.000000  0.000000  -27.482136  -0.192411  50.000000  72.252571  -22.469966  -18.139444  -20.494911  35.504772  43.893427  22.009268  113.745403
0.125029  0.000000  0.000000  0.000000  -25.689623  0.332536  -10.000000  53.099834  15.230281  -0.587843  -29.609305  25.420647  30.643963  25.686957  116.922196
0.125260  0.000000  0.000000  0.000000  -25.689623  0.332536  -5.714286  53.713935  11.788707  -3.214997  -29.609305  25.420647  30.643963  25.686957  116.922196
0.125492  0.000000  0.000000  0.000000  -25.689623  0.332536  -1.428571  54.161539  8.323643  -5.776818  -29.609305  25.420647  30.643963  25.686957  116.922196
0.125724  0.000000  0.000000  0.000000  -25.689623  0.332536  2.857143  54.450247  4.842466  -8.293567  -29.609305  25.420647  30.643963  25.686957  116.922196
0.125955  0.000000  0.000000  0.000000  -25.689623  0.332536  7.142857  54.584931  1.352080  -10.784483  -29.609305  25.420647  30.643963  25.686957  116.922196
0.126187  0.000000  0.000000  0.000000  -25.689623  0.332536  11.428571  54.567807  -2.140843  -13.268226  -29.609305  25.420647  30.643963  25.686957  116.922196
0.126418  0.000000  0.000000  0.000000  -25.689623  0.332536  15.714286  54.398649  -5.629723  -15.763328  -29.609305  25.420647  30.643963  25.686957  116.922196
0.126650  0.000000  0.000000  0.000000  -25.689623  0.332536  20.000000  54.074567  -9.107888  -18.288540  -29.609305  25.420647  30.643963  25.686957  116.922196
0.126881  0.000000  0.000000  0.000000  -25.689623  0.332536  24.285714  53.590125  -12.568312  -20.863302  -29.609305  25.420647  30.643963  25.686957  116.922196
0.127113  0.000000  0.000000  0.000000  -25.689623  0.332536  28.571429  52.937075  -16.003492  -23.508156  -29.609305  25.420647  30.643963  25.686957  116.922196
0.127344  0.000000  0.000000  0.000000  -25.689623  0.332536  32.857143  52.104216  -19.405193  -26.245181  -29.609305  25.420647  30.643963  25.686957  116.922196
0.127576  0.000000  0.000000  0.000000  -25.689623  0.332536  37.142857  51.077131  -22.764187  -29.098470  -29.609305  25.420647  30.643963  25.686957  116.922196
0.127807  0.000000  0.000000  0.000000  -25.689623  0.332536  41.428571  49.837846  -26.069944  -32.094621  -29.609305  25.420647  30.643963  25.686957  116.922196
0.128039  0.000000  0.000000  0.000000  -25.689623  0.332536  45.714286  48.364562  -29.310286  -35.263162  -29.609305  25.420647  30.643963  25.686957  116.922196
0.128270  0.000000  0.000000  0.000000  -25.689623  0.332536  50.000000  46.631418  -32.470985  -38.636989  -29.609305  25.420647  30.643963  25.686957  116.922196
0.128502  0.000000  0.000000  0.000000  -22.703208  -3.516880  -10.000000  65.684780  26.817837  -0.285578  -28.222739  44.990363  34.789924  23.248760  122.553944
0.128734  0.000000  0.000000  0.000000  -22.703208  -3.516880  -5.714286  66.490023  22.899590  -2.199796  -28.222739  44.990363  34.789924  23.248760  122.553944
0.128965  0.000000  0.000000  0.000000  -22.703208  -3.516880  -1.428571  67.135692  18.959704  -4.006096  -28.222739  44.990363  34.789924  23.248760  122.553944
0.129197  0.000000  0.000000  0.000000  -22.703208  -3.516880  2.857143  67.639129  15.003137  -5.728718  -28.222739  44.990363  34.789924  23.248760  122.553944
0.129428  0.000000  0.000000  0.000000  -22.703208  -3.516880  7.142857  68.013296  11.034096  -7.388565  -28.222739  44.990363  34.789924  23.248760  122.553944
0.129660  0.000000  0.000000  0.000000  -22.703208  -3.516880  11.428571  68.267449  7.056265  -9.004062  -28.222739  44.990363  34.789924  23.248760  122.553944
0.129891  0.000000  0.000000  0.000000  -22.703208  -3.516880  15.714286  68.407721  3.072973  -10.591960  -28.222739  44.990363  34.789924  23.248760  122.553944
0.130123  0.000000  0.000000  0.000000  -22.703208  -3.516880  20.000000  68.437452  -0.912655  -12.168028  -28.222739  44.990363  34.789924  23.248760  122.553944
0.130354  0.000000  0.000000  0.000000  -22.703208  -3.516880  24.285714  68.357336  -4.897596  -13.747594  -28.222739  44.990363  34.789924  23.248760  122.553944
0.130586  0.000000  0.000000  0.000000  -22.703208  -3.516880  28.571429  68.165498  -8.878781  -15.346129  -28.222739  44.990363  34.789924  23.248760  122.553944
0.130817  0.000000  0.000000  0.000000  -22.703208  -3.516880  32.857143  67.857320  -12.853017  -16.979779  -28.222739  44.990363  34.789924  23.248760  122.553944
0.131049  0.000000  0.000000  0.000000  -22.703208  -3.516880  37.142857  67.425315  -16.816830  -18.665950  -28.222739  44.990363  34.789924  23.248760  122.553944
0.131280  0.000000  0.000000  0.000000  -22.703208  -3.516880  41.428571  66.858598  -20.766324  -20.424126  -28.222739  44.990363  34.789924  23.248760  122.553944
0.131512  0.000000  0.000000  0.000000  -22.703208  -3.516880  45.714286  66.142301  -24.696964  -22.276589  -28.222739  44.990363  34.789924  23.248760  122.553944
0.131743  0.000000  0.000000  0.000000  -22.703208  -3.516880  50.000000  65.256762  -28.603390  -24.249532  -28.222739  44.990363  34.789924  23.248760  122.553944
0.131975  0.000000  0.000000  0.000000  -20.290633  -0.269525  -10.000000  63.735650  22.881707  1.518453  -23.247834  31.431338  48.184766  22.007811  117.930858
0.132207  0.000000  0.000000  0.000000  -20.290633  -0.269525  -5.714286  64.453008  19.026229  -0.486165  -23.247834  31.431338  48.184766  22.007811  117.930858
0.132438  0.000000  0.000000  0.000000  -20.290633  -0.269525  -1.428571  65.015591  15.150113  -2.399509  -23.247834  31.431338  48.184766  22.007811  117.930858
0.132670  0.000000  0.000000  0.000000  -20.290633  -0.269525  2.857143  65.437146  11.258466  -4.243788  -23.247834  31.431338  48.184766  22.007811  117.930858
0.132901  0.000000  0.000000  0.000000  -20.290633  -0.269525  7.142857  65.727625  7.355757  -6.038724  -23.247834  31.431338  48.184766  22.007811  117.930858
0.133133  0.000000  0.000000  0.000000  -20.290633  -0.269525  11.428571  65.893728  3.446034  -7.802299  -23.247834  31.431338  48.184766  22.007811  117.930858
0.133364  0.000000  0.000000  0.000000  -20.290633  -0.269525  15.714286  65.939227  -0.466921  -9.551405  -23.247834  31.431338  48.184766  22.007811  117.930858
0.133596  0.000000  0.000000  0.000000  -20.290633  -0.269525  20.000000  65.865144  -4.379438  -11.302476  -23.247834  31.431338  48.184766  22.007811  117.930858
0.133827  0.000000  0.000000  0.000000  -20.290633  -0.269525  24.285714  65.669808  -8.287838  -13.071969  -23.247834  31.431338  48.184766  22.007811  117.930858
0.134059  0.000000  0.000000  0.000000  -20.290633  -0.269525  28.571429  65.348765  -12.188287  -14.877003  -23.247834  31.431338  48.184766  22.007811  117.930858
0.134290  0.000000  0.000000  0.000000  -20.290633  -0.269525  32.857143  64.894596  -16.076652  -16.735882  -23.247834  31.431338  48.184766  22.007811  117.930858
0.134522  0.000000  0.000000  0.000000  -20.290633  -0.269525  37.142857  64.296484  -19.948335  -18.668872  -23.247834  31.431338  48.184766  22.007811  117.930858
0.134753  0.000000  0.000000  0.000000  -20.290633  -0.269525  41.428571  63.539690  -23.798050  -20.698912  -23.247834  31.431338  48.184766  22.007811  117.930858
0.134985  0.000000  0.000000  0.000000  -20.290633  -0.269525  45.714286  62.604801  -27.619591  -22.852625  -23.247834  31.431338  48.184766  22.007811  117.930858
0.135216  0.000000  0.000000  0.000000  -20.290633  -0.269525  50.000000  61.466662  -31.405478  -25.161542  -23.247834  31.431338  48.184766  22.007811  117.930858
0.135448  0.000000  0.000000  0.000000  -24.865783  -3.470929  -10.000000  65.109222  29.426603  -4.639543  -5.595490  30.529423  24.812653  27.361375  121.107802
0.135680  0.000000  0.000000  0.000000  -24.865783  -3.470929  -5.714286  66.031388  25.524153  -6.636984  -5.595490  30.529423  24.812653  27.361375  121.107802
0.135911  0.000000  0.000000  0.000000  -24.865783  -3.470929  -1.428571  66.779768  21.596339  -8.508031  -5.595490  30.529423  24.812653  27.361375  121.107802
0.136143  0.000000  0.000000  0.000000  -24.865783  -3.470929  2.857143  67.375164  17.648719  -10.279833  -5.595490  30.529423  24.812653  27.361375  121.107802
0.136374  0.000000  0.000000  0.000000  -24.865783  -3.470929  7.142857  67.833358  13.685959  -11.975374  -5.595490  30.529423  24.812653  27.361375  121.107802
0.136606  0.000000  0.000000  0.000000  -24.865783  -3.470929  11.428571  68.165964  9.712047  -13.614587  -5.595490  30.529423  24.812653  27.361375  121.107802
0.136837  0.000000  0.000000  0.000000  -24.865783  -3.470929  15.714286  68.381167  5.730530  -15.215260  -5.595490  30.529423  24.812653  27.361375  121.107802
0.137069  0.000000  0.000000  0.000000  -24.865783  -3.470929  20.000000  68.484125  1.744613  -16.793694  -5.595490  30.529423  24.812653  27.361375  121.107802
0.137300  0.000000  0.000000  0.000000  -24.865783  -3.470929  24.285714  68.477290  -2.242611  -18.365454  -5.595490  30.529423  24.812653  27.361375  121.107802
0.137532  0.000000  0.000000  0.000000  -24.865783  -3.470929  28.571429  68.360496  -6.228141  -19.945815  -5.595490  30.529423  24.812653  27.361375  121.107802
0.137763  0.000000  0.000000  0.000000  -24.865783  -3.470929  32.857143  68.130966  -10.208895  -21.550384  -5.595490  30.529423  24.812653  27.361375  121.107802
0.137995  0.000000  0.000000  0.000000  -24.865783  -3.470929  37.142857  67.783194  -14.181618  -23.195615  -5.595490  30.529423  24.812653  27.361375  121.107802
0.138226  0.000000  0.000000  0.000000  -24.865783  -3.470929  41.428571  67.308572  -18.142715  -24.899538  -5.595490  30.529423  24.812653  27.361375  121.107802
0.138458  0.000000  0.000000  0.000000  -24.865783  -3.470929  45.714286  66.695027  -22.088139  -26.682412  -5.595490  30.529423  24.812653  27.361375  121.107802
0.138690  0.000000  0.000000  0.000000  -24.865783  -3.470929  50.000000  65.926186  -26.013111  -28.567665  -5.595490  30.529423  24.812653  27.361375  121.107802
0.138921  0.000000  0.000000  0.000000  -45.427835  12.725262  -10.000000  57.615813  6.724401  6.769210  -22.207868  26.625558  42.189593  32.229037  110.460271
0.139153  0.000000  0.000000  0.000000  -45.427835  12.725262  -5.714286  57.812662  3.100790  4.471967  -22.207868  26.625558  42.189593  32.229037  110.460271
0.139384  0.000000  0.000000  0.000000  -45.427835  12.725262  -1.428571  57.863920  -0.527755  2.190445  -22.207868  26.625558  42.189593  32.229037  110.460271
0.139616  0.000000  0.000000  0.000000  -45.427835  12.725262  2.857143  57.770537  -4.155459  -0.093746  -22.207868  26.625558  42.189593  32.229037  110.460271
0.139847  0.000000  0.000000  0.000000  -45.427835  12.725262  7.142857  57.530775  -7.776536  -2.399055  -22.207868  26.625558  42.189593  32.229037  110.460271
0.140079  0.000000  0.000000  0.000000  -45.427835  12.725262  11.428571  57.140166  -11.384955  -4.744471  -22.207868  26.625558  42.189593  32.229037  110.460271
0.140310  0.000000  0.000000  0.000000  -45.427835  12.725262  15.714286  56.591332  -14.974317  -7.150047  -22.207868  26.625558  42.189593  32.229037  110.460271
0.140542  0.000000  0.000000  0.000000  -45.427835  12.725262  20.000000  55.873792  -18.537616  -9.637387  -22.207868  26.625558  42.189593  32.229037  110.460271
0.140773  0.000000  0.000000  0.000000  -45.427835  12.725262  24.285714  54.973560  -22.066987  -12.230272  -22.207868  26.625558  42.189593  32.229037  110.460271
0.141005  0.000000  0.000000  0.000000  -45.427835  12.725262  28.571429  53.872788  -25.553425  -14.955254  -22.207868  26.625558  42.189593  32.229037  110.460271
0.141236  0.000000  0.000000  0.000000  -45.427835  12.725262  32.857143  52.549118  -28.986425  -17.842403  -22.207868  26.625558  42.189593  32.229037  110.460271
0.141468  0.000000  0.000000  0.000000  -45.427835  12.725262  37.142857  50.975253  -32.353553  -20.925978  -22.207868  26.625558  42.189593  32.229037  110.460271
0.141699  0.000000  0.000000  0.000000  -45.427835  12.725262  41.428571  49.118206  -35.639911  -24.245203  -22.207868  26.625558  42.189593  32.229037  110.460271
0.141931  0.000000  0.000000  0.000000  -45.427835  12.725262  45.714286  46.938907  -38.827485  -27.844812  -22.207868  26.625558  42.189593  32.229037  110.460271
0.142163  0.000000  0.000000  0.000000  -45.427835  12.725262  50.000000  44.392036  -41.894391  -31.775290  -22.207868  26.625558  42.189593  32.229037  110.460271
0.142394  0.000000  0.000000  0.000000  -30.529109  20.546990  -10.000000  51.744375  29.981332  17.629457  -28.198298  30.354855  41.008134  30.120885  111.038050
0.142626  0.000000  0.000000  0.000000  -30.529109  20.546990  -5.714286  53.150480  26.582799  14.663634  -28.198298  30.354855  41.008134  30.120885  111.038050
0.142857  0.000000  0.000000  0.000000  -30.529109  20.546990  -1.428571  54.325275  23.126399  11.870336  -28.198298  30.354855  41.008134  30.120885  111.038050
0.143089  0.000000  0.000000  0.000000  -30.529109  20.546990  2.857143  55.292424  19.623300  9.218397  -28.198298  30.354855  41.008134  30.120885  111.038050
0.143320  0.000000  0.000000  0.000000  -30.529109  20.546990  7.142857  56.071037  16.083042  6.680301  -28.198298  30.354855  41.008134  30.120885  111.038050
0.143552  0.000000  0.000000  0.000000  -30.529109  20.546990  11.428571  56.676210  12.513914  4.231490  -28.198298  30.354855  41.008134  30.120885  111.038050
0.143783  0.000000  0.000000  0.000000  -30.529109  20.546990  15.714286  57.119457  8.923251  1.849742  -28.198298  30.354855  41.008134  30.120885  111.038050
0.144015  0.000000  0.000000  0.000000  -30.529109  20.546990  20.000000  57.409103  5.317716  -0.485449  -28.198298  30.354855  41.008134  30.120885  111.038050
0.144246  0.000000  0.000000  0.000000  -30.529109  20.546990  24.285714  57.550512  1.703505  -2.793386  -28.198298  30.354855  41.008134  30.120885  111.038050
0.144478  0.000000  0.000000  0.000000  -30.529109  20.546990  28.571429  57.546298  -1.913459  -5.092666  -28.198298  30.354855  41.008134  30.120885  111.038050
0.144709  0.000000  0.000000  0.000000  -30.529109  20.546990  32.857143  57.396378  -5.527331  -7.401671  -28.198298  30.354855  41.008134  30.120885  111.038050
0.144941  0.000000  0.000000  0.000000  -30.529109  20.546990  37.142857  57.097986  -9.132170  -9.739040  -28.198298  30.354855  41.008134  30.120885  111.038050
0.145172  0.000000  0.000000  0.000000  -30.529109  20.546990  41.428571  56.645597  -12.721772  -12.124101  -28.198298  30.354855  41.008134  30.120885  111.038050
0.145404  0.000000  0.000000  0.000000  -30.529109  20.546990  45.714286  56.030705  -16.289435  -14.577463  -28.198298  30.354855  41.008134  30.120885  111.038050
0.145636  0.000000  0.000000  0.000000  -30.529109  20.546990  50.000000  55.241594  -19.827775  -17.121470  -28.198298  30.354855  41.008134  30.120885  111.038050
0.145867  0.000000  0.000000  0.000000  -24.875114  -0.938420  -10.000000  62.516981  35.095195  3.245011  -4.184646  49.952907  29.444102  21.684926  117.337519
0.146099  0.000000  0.000000  0.000000  -24.875114  -0.938420  -5.714286  63.783439  31.270914  0.932576  -4.184646  49.952907  29.444102  21.684926  117.337519
0.146330  0.000000  0.000000  0.000000  -24.875114  -0.938420  -1.428571  64.828374  27.408465  -1.198607  -4.184646  49.952907  29.444102  21.684926  117.337519
0.146562  0.000000  0.000000  0.000000  -24.875114  -0.938420  2.857143  65.682960  23.515820  -3.185099  -4.184646  49.952907  29.444102  21.684926  117.337519
0.146793  0.000000  0.000000  0.000000  -24.875114  -0.938420  7.142857  66.371225  19.599428  -5.057021  -4.184646  49.952907  29.444102  21.684926  117.337519
0.147025  0.000000  0.000000  0.000000  -24.875114  -0.938420  11.428571  66.911550  15.664633  -6.839660  -4.184646  49.952907  29.444102  21.684926  117.337519
0.147256  0.000000  0.000000  0.000000  -24.875114  -0.938420  15.714286  67.317737  11.715969  -8.554728  -4.184646  49.952907  29.444102  21.684926  117.337519
0.147488  0.000000  0.000000  0.000000  -24.875114  -0.938420  20.000000  67.599782  7.757373  -10.221318  -4.184646  49.952907  29.444102  21.684926  117.337519
0.147719  0.000000  0.000000  0.000000  -24.875114  -0.938420  24.285714  67.764446  3.792434  -11.856783  -4.184646  49.952907  29.444102  21.684926  117.337519
0.147951  0.000000  0.000000  0.000000  -24.875114  -0.938420  28.571429  67.815618  -0.175564  -13.477275  -4.184646  49.952907  29.444102  21.684926  117.337519
0.148182  0.000000  0.000000  0.000000  -24.875114  -0.938420  32.857143  67.754479  -4.143426  -15.098451  -4.184646  49.952907  29.444102  21.684926  117.337519
0.148414  0.000000  0.000000  0.000000  -24.875114  -0.938420  37.142857  67.579629  -8.107943  -16.736005  -4.184646  49.952907  29.444102  21.684926  117.337519
0.148646  0.000000  0.000000  0.000000  -24.875114  -0.938420  41.428571  67.286921  -12.065800  -18.406173  -4.184646  49.952907  29.444102  21.684926  117.337519
0.148877  0.000000  0.000000  0.000000  -24.875114  -0.938420  45.714286  66.869326  -16.013406  -20.126415  -4.184646  49.952907  29.444102  21.684926  117.337519
0.149109  0.000000  0.000000  0.000000  -24.875114  -0.938420  50.000000  66.316528  -19.946765  -21.916033  -4.184646  49.952907  29.444102  21.684926  117.337519
0.149340  0.000000  0.000000  0.000000  -30.552380  -7.019761  -10.000000  77.932201  37.840121  -3.425872  -16.890834  38.997325  39.158516  38.803658  111.510113
0.149572  0.000000  0.000000  0.000000  -30.552380  -7.019761  -5.714286  78.560797  33.644119  -4.501229  -16.890834  38.997325  39.158516  38.803658  111.510113
0.149803  0.000000  0.000000  0.000000  -30.552380  -7.019761  -1.428571  79.071269  29.439676  -5.476372  -16.890834  38.997325  39.158516  38.803658  111.510113
0.150035  0.000000  0.000000  0.000000  -30.552380  -7.019761  2.857143  79.483619  25.228698  -6.373766  -16.890834  38.997325  39.158516  38.803658  111.510113
0.150266  0.000000  0.000000  0.000000  -30.552380  -7.019761  7.142857  79.812582  21.012663  -7.210951  -16.890834  38.997325  39.158516  38.803658  111.510113
0.150498  0.000000  0.000000  0.000000  -30.552380  -7.019761  11.428571  80.069039  16.792764  -8.002023  -16.890834  38.997325  39.158516  38.803658  111.510113
0.150729  0.000000  0.000000  0.000000  -30.552380  -7.019761  15.714286  80.260920  12.569967  -8.758602  -16.890834  38.997325  39.158516  38.803658  111.510113
0.150961  0.000000  0.000000  0.000000  -30.552380  -7.019761  20.000000  80.393884  8.345130  -9.490675  -16.890834  38.997325  39.158516  38.803658  111.510113
0.151192  0.000000  0.000000  0.000000  -30.552380  -7.019761  24.285714  80.471707  4.118961  -10.207048  -16.890834  38.997325  39.158516  38.803658  111.510113
0.151424  0.000000  0.000000  0.000000  -30.552380  -7.019761  28.571429  80.496530  -0.107837  -10.915840  -16.890834  38.997325  39.158516  38.803658  111.510113
0.151655  0.000000  0.000000  0.000000  -30.552380  -7.019761  32.857143  80.469023  -4.334619  -11.624825  -16.890834  38.997325  39.158516  38.803658  111.510113
0.151887  0.000000  0.000000  0.000000  -30.552380  -7.019761  37.142857  80.388465  -8.560731  -12.341795  -16.890834  38.997325  39.158516  38.803658  111.510113
0.152119  0.000000  0.000000  0.000000  -30.552380  -7.019761  41.428571  80.252593  -12.785489  -13.074910  -16.890834  38.997325  39.158516  38.803658  111.510113
0.152350  0.000000  0.000000  0.000000  -30.552380  -7.019761  45.714286  80.057568  -17.008156  -13.833003  -16.890834  38.997325  39.158516  38.803658  111.510113
0.152582  0.000000  0.000000  0.000000  -30.552380  -7.019761  50.000000  79.797645  -21.227890  -14.626115  -16.890834  38.997325  39.158516  38.803658  111.510113
0.152813  0.000000  0.000000  0.000000  -20.443918  8.309942  -10.000000  53.707555  26.724880  11.799541  -18.145798  51.176148  29.205825  21.645689  113.332056
0.153045  0.000000  0.000000  0.000000  -20.443918  8.309942  -5.714286  54.873744  23.244197  9.040210  -18.145798  51.176148  29.205825  21.645689  113.332056
0.153276  0.000000  0.000000  0.000000  -20.443918  8.309942  -1.428571  55.833026  19.717794  6.422234  -18.145798  51.176148  29.205825  21.645689  113.332056
0.153508  0.000000  0.000000  0.000000  -20.443918  8.309942  2.857143  56.604749  16.155051  3.917931  -18.145798  51.176148  29.205825  21.645689  113.332056
0.153739  0.000000  0.000000  0.000000  -20.443918  8.309942  7.142857  57.204099  12.564097  1.502705  -18.145798  51.176148  29.205825  21.645689  113.332056
0.153971  0.000000  0.000000  0.000000  -20.443918  8.309942  11.428571  57.642753  8.952130  -0.845742  -18.145798  51.176148  29.205825  21.645689  113.332056
0.154202  0.000000  0.000000  0.000000  -20.443918  8.309942  15.714286  57.929034  5.325659  -3.147860  -18.145798  51.176148  29.205825  21.645689  113.332056
0.154434  0.000000  0.000000  0.000000  -20.443918  8.309942  20.000000  58.068333  1.690742  -5.422910  -18.145798  51.176148  29.205825  21.645689  113.332056
0.154665  0.000000  0.000000  0.000000  -20.443918  8.309942  24.285714  58.063276  -1.946830  -7.689442  -18.145798  51.176148  29.205825  21.645689  113.332056
0.154897  0.000000  0.000000  0.000000  -20.443918  8.309942  28.571429  57.913732  -5.581344  -9.965785  -18.145798  51.176148  29.205825  21.645689  113.332056
0.155129  0.000000  0.000000  0.000000  -20.443918  8.309942  32.857143  57.616933  -9.206994  -12.270528  -18.145798  51.176148  29.205825  21.645689  113.332056
0.155360  0.000000  0.000000  0.000000  -20.443918  8.309942  37.142857  57.167285  -12.817706  -14.622977  -18.145798  51.176148  29.205825  21.645689  113.332056
0.155592  0.000000  0.000000  0.000000  -20.443918  8.309942  41.428571  56.556197  -16.406917  -17.043739  -18.145798  51.176148  29.205825  21.645689  113.332056
0.155823  0.000000  0.000000  0.000000  -20.443918  8.309942  45.714286  55.771822  -19.967379  -19.555201  -18.145798  51.176148  29.205825  21.645689  113.332056
0.156055  0.000000  0.000000  0.000000  -20.443918  8.309942  50.000000  54.798657  -23.490889  -22.182183  -18.145798  51.176148  29.205825  21.645689  113.332056
0.156286  0.000000  0.000000  0.000000  -40.195879  2.204832  -10.000000  58.379684  16.464162  -0.199014  -23.535255  35.761244  7.097508  32.391720  111.189176
0.156518  0.000000  0.000000  0.000000  -40.195879  2.204832  -5.714286  58.961800  12.802824  -2.501720  -23.535255  35.761244  7.097508  32.391720  111.189176
0.156749  0.000000  0.000000  0.000000  -40.195879  2.204832  -1.428571  59.387379  9.122061  -4.738252  -23.535255  35.761244  7.097508  32.391720  111.189176
0.156981  0.000000  0.000000  0.000000  -40.195879  2.204832  2.857143  59.664978  5.427922  -6.929000  -23.535255  35.761244  7.097508  32.391720  111.189176
0.157212  0.000000  0.000000  0.000000  -40.195879  2.204832  7.142857  59.800074  1.725987  -9.093001  -23.535255  35.761244  7.097508  32.391720  111.189176
0.157444  0.000000  0.000000  0.000000  -40.195879  2.204832  11.428571  59.795321  -1.978398  -11.248580  -23.535255  35.761244  7.097508  32.391720  111.189176
0.157675  0.000000  0.000000  0.000000  -40.195879  2.204832  15.714286  59.650641  -5.679964  -13.413820  -23.535255  35.761244  7.097508  32.391720  111.189176
0.157907  0.000000  0.000000  0.000000  -40.195879  2.204832  20.000000  59.363160  -9.373386  -15.607058  -23.535255  35.761244  7.097508  32.391720  111.189176
0.158138  0.000000  0.000000  0.000000  -40.195879  2.204832  24.285714  58.927217  -13.053020  -17.847442  -23.535255  35.761244  7.097508  32.391720  111.189176
0.158370  0.000000  0.000000  0.000000  -40.195879  2.204832  28.571429  58.334041  -16.712798  -20.155444  -23.535255  35.761244  7.097508  32.391720  111.189176
0.158602  0.000000  0.000000  0.000000  -40.195879  2.204832  32.857143  57.571490  -20.345972  -22.553465  -23.535255  35.761244  7.097508  32.391720  111.189176
0.158833  0.000000  0.000000  0.000000  -40.195879  2.204832  37.142857  56.623562  -23.944862  -25.066549  -23.535255  35.761244  7.097508  32.391720  111.189176
0.159065  0.000000  0.000000  0.000000  -40.195879  2.204832  41.428571  55.469854  -27.500530  -27.723100  -23.535255  35.761244  7.097508  32.391720  111.189176
0.159296  0.000000  0.000000  0.000000  -40.195879  2.204832  45.714286  54.084812  -31.002401  -30.555802  -23.535255  35.761244  7.097508  32.391720  111.189176
0.159528  0.000000  0.000000  0.000000  -40.195879  2.204832  50.000000  52.436917  -34.437759  -33.602559  -23.535255  35.761244  7.097508  32.391720  111.189176
0.159759  0.000000  0.000000  0.000000  -20.207668  9.676106  -10.000000  59.137992  22.742276  10.133905  -23.728149  46.454493  11.729208  39.146270  126.675201
0.159991  0.000000  0.000000  0.000000  -20.207668  9.676106  -5.714286  59.967471  19.047041  7.809649  -23.728149  46.454493  11.729208  39.146270  126.675201
0.160222  0.000000  0.000000  0.000000  -20.207668  9.676106  -1.428571  60.624562  15.323990  5.587127  -23.728149  46.454493  11.729208  39.146270  126.675201
0.160454  0.000000  0.000000  0.000000  -20.207668  9.676106  2.857143  61.123755  11.579747  3.442680  -23.728149  46.454493  11.729208  39.146270  126.675201
0.160685  0.000000  0.000000  0.000000  -20.207668  9.676106  7.142857  61.475717  7.820136  1.355084  -23.728149  46.454493  11.729208  39.146270  126.675201
0.160917  0.000000  0.000000  0.000000  -20.207668  9.676106  11.428571  61.687854  4.050460  -0.695130  -23.728149  46.454493  11.729208  39.146270  126.675201
0.161148  0.000000  0.000000  0.000000  -20.207668  9.676106  15.714286  61.764560  0.275661  -2.726287  -23.728149  46.454493  11.729208  39.146270  126.675201
0.161380  0.000000  0.000000  0.000000  -20.207668  9.676106  20.000000  61.707429  -3.499486  -4.756159  -23.728149  46.454493  11.729208  39.146270  126.675201
0.161611  0.000000  0.000000  0.000000  -20.207668  9.676106  24.285714  61.515274  -7.270214  -6.802466  -23.728149  46.454493  11.729208  39.146270  126.675201
0.161843  0.000000  0.000000  0.000000  -20.207668  9.676106  28.571429  61.184106  -11.031612  -8.883436  -23.728149  46.454493  11.729208  39.146270  126.675201
0.162075  0.000000  0.000000  0.000000  -20.207668  9.676106  32.857143  60.707008  -14.778451  -11.018299  -23.728149  46.454493  11.729208  39.146270  126.675201
0.162306  0.000000  0.000000  0.000000  -20.207668  9.676106  37.142857  60.073785  -18.504985  -13.228006  -23.728149  46.454493  11.729208  39.146270  126.675201
0.162538  0.000000  0.000000  0.000000  -20.207668  9.676106  41.428571  59.270528  -22.204732  -15.535819  -23.728149  46.454493  11.729208  39.146270  126.675201
0.162769  0.000000  0.000000  0.000000  -20.207668  9.676106  45.714286  58.279136  -25.870200  -17.968126  -23.728149  46.454493  11.729208  39.146270  126.675201
0.163001  0.000000  0.000000  0.000000  -20.207668  9.676106  50.000000  57.076448  -29.492544  -20.555400  -23.728149  46.454493  11.729208  39.146270  126.675201
0.163232  0.000000  0.000000  0.000000  -24.085280  8.367130  -10.000000  61.029613  34.085520  14.970919  -21.662083  37.998132  42.324117  31.221652  125.515702
0.163464  0.000000  0.000000  0.000000  -24.085280  8.367130  -5.714286  62.310918  30.312472  12.567899  -21.662083  37.998132  42.324117  31.221652  125.515702
0.163695  0.000000  0.000000  0.000000  -24.085280  8.367130  -1.428571  63.369452  26.498782  10.344183  -21.662083  37.998132  42.324117  31.221652  125.515702
0.163927  0.000000  0.000000  0.000000  -24.085280  8.367130  2.857143  64.235132  22.652855  8.264072  -21.662083  37.998132  42.324117  31.221652  125.515702
0.164158  0.000000  0.000000  0.000000  -24.085280  8.367130  7.142857  64.931152  18.781554  6.297836  -21.662083  37.998132  42.324117  31.221652  125.515702
0.164390  0.000000  0.000000  0.000000  -24.085280  8.367130  11.428571  65.475321  14.890615  4.420264  -21.662083  37.998132  42.324117  31.221652  125.515702
0.164621  0.000000  0.000000  0.000000  -24.085280  8.367130  15.714286  65.881008  10.984942  2.609511  -21.662083  37.998132  42.324117  31.221652  125.515702
0.164853  0.000000  0.000000  0.000000  -24.085280  8.367130  20.000000  66.157855  7.068836  0.846188  -21.662083  37.998132  42.324117  31.221652  125.515702
0.165085  0.000000  0.000000  0.000000  -24.085280  8.367130  24.285714  66.312288  3.146227  -0.887444  -21.662083  37.998132  42.324117  31.221652  125.515702
0.165316  0.000000  0.000000  0.000000  -24.085280  8.367130  28.571429  66.347849  -0.779238  -2.608048  -21.662083  37.998132  42.324117  31.221652  125.515702
0.165548  0.000000  0.000000  0.000000  -24.085280  8.367130  32.857143  66.265341  -4.704002  -4.331866  -21.662083  37.998132  42.324117  31.221652  125.515702
0.165779  0.000000  0.000000  0.000000  -24.085280  8.367130  37.142857  66.062884  -8.624476  -6.075250  -21.662083  37.998132  42.324117  31.221652  125.515702
0.166011  0.000000  0.000000  0.000000  -24.085280  8.367130  41.428571  65.735835  -12.536925  -7.855202  -21.662083  37.998132  42.324117  31.221652  125.515702
0.166242  0.000000  0.000000  0.000000  -24.085280  8.367130  45.714286  65.276525  -16.437295  -9.690041  -21.662083  37.998132  42.324117  31.221652  125.515702
0.166474  0.000000  0.000000  0.000000  -24.085280  8.367130  50.000000  64.673900  -20.321064  -11.600031  -21.662083  37.998132  42.324117  31.221652  125.515702
0.166705  0.000000  0.000000  0.000000  -35.805436  -2.373469  -10.000000  73.044376  38.185882  1.968031  -34.651354  41.795058  12.349479  27.212495  127.061496
0.166937  0.000000  0.000000  0.000000  -35.805436  -2.373469  -5.714286  73.933987  34.076606  0.460313  -34.651354  41.795058  12.349479  27.212495  127.061496
0.167168  0.000000  0.000000  0.000000  -35.805436  -2.373469  -1.428571  74.659530  29.950625  -0.907390  -34.651354  41.795058  12.349479  27.212495  127.061496
0.167400  0.000000  0.000000  0.000000  -35.805436  -2.373469  2.857143  75.248403  25.811652  -2.165777  -34.651354  41.795058  12.349479  27.212495  127.061496
0.167631  0.000000  0.000000  0.000000  -35.805436  -2.373469  7.142857  75.720979  21.662577  -3.338957  -34.651354  41.795058  12.349479  27.212495  127.061496
0.167863  0.000000  0.000000  0.000000  -35.805436  -2.373469  11.428571  76.092437  17.505731  -4.446384  -34.651354  41.795058  12.349479  27.212495  127.061496
0.168094  0.000000  0.000000  0.000000  -35.805436  -2.373469  15.714286  76.373955  13.343013  -5.504136  -34.651354  41.795058  12.349479  27.212495  127.061496
0.168326  0.000000  0.000000  0.000000  -35.805436  -2.373469  20.000000  76.573603  9.176054  -6.525957  -34.651354  41.795058  12.349479  27.212495  127.061496
0.168558  0.000000  0.000000  0.000000  -35.805436  -2.373469  24.285714  76.696896  5.006298  -7.524014  -34.651354  41.795058  12.349479  27.212495  127.061496
0.168789  0.000000  0.000000  0.000000  -35.805436  -2.373469  28.571429  76.747144  0.835057  -8.509389  -34.651354  41.795058  12.349479  27.212495  127.061496
0.169021  0.000000  0.000000  0.000000  -35.805436  -2.373469  32.857143  76.725660  -3.336444  -9.492695  -34.651354  41.795058  12.349479  27.212495  127.061496
0.169252  0.000000  0.000000  0.000000  -35.805436  -2.373469  37.142857  76.631898  -7.506950  -10.484387  -34.651354  41.795058  12.349479  27.212495  127.061496
0.169484  0.000000  0.000000  0.000000  -35.805436  -2.373469  41.428571  76.463346  -11.675190  -11.495315  -34.651354  41.795058  12.349479  27.212495  127.061496
0.169715  0.000000  0.000000  0.000000  -35.805436  -2.373469  45.714286  76.215417  -15.839786  -12.537139  -34.651354  41.795058  12.349479  27.212495  127.061496
0.169947  0.000000  0.000000  0.000000  -35.805436  -2.373469  50.000000  75.881124  -19.999198  -13.622888  -34.651354  41.795058  12.349479  27.212495  127.061496
0.170178  0.000000  0.000000  0.000000  -40.725727  2.131243  -10.000000  62.527442  32.793834  3.481873  -24.029785  52.240931  9.741606  20.410789  124.121629
0.170410  0.000000  0.000000  0.000000  -40.725727  2.131243  -5.714286  63.687371  28.971037  1.223495  -24.029785  52.240931  9.741606  20.410789  124.121629
0.170641  0.000000  0.000000  0.000000  -40.725727  2.131243  -1.428571  64.641190  25.113217  -0.873066  -24.029785  52.240931  9.741606  20.410789  124.121629
0.170873  0.000000  0.000000  0.000000  -40.725727  2.131243  2.857143  65.415915  21.227727  -2.840735  -24.029785  52.240931  9.741606  20.410789  124.121629
0.171104  0.000000  0.000000  0.000000  -40.725727  2.131243  7.142857  66.032348  17.320603  -4.706995  -24.029785  52.240931  9.741606  20.410789  124.121629
0.171336  0.000000  0.000000  0.000000  -40.725727  2.131243  11.428571  66.506303  13.396928  -6.495256  -24.029785  52.240931  9.741606  20.410789  124.121629
0.171567  0.000000  0.000000  0.000000  -40.725727  2.131243  15.714286  66.849484  9.461080  -8.225964  -24.029785  52.240931  9.741606  20.410789  124.121629
0.171799  0.000000  0.000000  0.000000  -40.725727  2.131243  20.000000  67.070083  5.516945  -9.917391  -24.029785  52.240931  9.741606  20.410789  124.121629
0.172031  0.000000  0.000000  0.000000  -40.725727  2.131243  24.285714  67.173278  1.568098  -11.586432  -24.029785  52.240931  9.741606  20.410789  124.121629
0.172262  0.000000  0.000000  0.000000  -40.725727  2.131243  28.571429  67.161460  -2.382074  -13.249175  -24.029785  52.240931  9.741606  20.410789  124.121629
0.172494  0.000000  0.000000  0.000000  -40.725727  2.131243  32.857143  67.034353  -6.330231  -14.921496  -24.029785  52.240931  9.741606  20.410789  124.121629
0.172725  0.000000  0.000000  0.000000  -40.725727  2.131243  37.142857  66.789001  -10.272953  -16.619615  -24.029785  52.240931  9.741606  20.410789  124.121629
0.172957  0.000000  0.000000  0.000000  -40.725727  2.131243  41.428571  66.419668  -14.206631  -18.360607  -24.029785  52.240931  9.741606  20.410789  124.121629
0.173188  0.000000  0.000000  0.000000  -40.725727  2.131243  45.714286  65.917417  -18.127269  -20.163191  -24.029785  52.240931  9.741606  20.410789  124.121629
0.173420  0.000000  0.000000  0.000000  -40.725727  2.131243  50.000000  65.269824  -22.030388  -22.048326  -24.029785  52.240931  9.741606  20.410789  124.121629
0.173651  0.000000  0.000000  0.000000  -44.473389  -1.497839  -10.000000  70.260085  29.715417  -0.604298  -41.584209  40.822208  5.875667  24.299499  113.813169
0.173883  0.000000  0.000000  0.000000  -44.473389  -1.497839  -5.714286  71.006386  25.671919  -2.209046  -41.584209  40.822208  5.875667  24.299499  113.813169
0.174114  0.000000  0.000000  0.000000  -44.473389  -1.497839  -1.428571  71.607956  21.612026  -3.708131  -41.584209  40.822208  5.875667  24.299499  113.813169
0.174346  0.000000  0.000000  0.000000  -44.473389  -1.497839  2.857143  72.083045  17.539442  -5.125114  -41.584209  40.822208  5.875667  24.299499  113.813169
0.174577  0.000000  0.000000  0.000000  -44.473389  -1.497839  7.142857  72.445228  13.457221  -6.479634  -41.584209  40.822208  5.875667  24.299499  113.813169
0.174809  0.000000  0.000000  0.000000  -44.473389  -1.497839  11.428571  72.704421  9.368002  -7.788645  -41.584209  40.822208  5.875667  24.299499  113.813169
0.175041  0.000000  0.000000  0.000000  -44.473389  -1.497839  15.714286  72.867449  5.274095  -9.067130  -41.584209  40.822208  5.875667  24.299499  113.813169
0.175272  0.000000  0.000000  0.000000  -44.473389  -1.497839  20.000000  72.938494  1.177606  -10.328815  -41.584209  40.822208  5.875667  24.299499  113.813169
0.175504  0.000000  0.000000  0.000000  -44.473389  -1.497839  24.285714  72.919360  -2.919454  -11.586792  -41.584209  40.822208  5.875667  24.299499  113.813169
0.175735  0.000000  0.000000  0.000000  -44.473389  -1.497839  28.571429  72.809562  -7.015092  -12.854002  -41.584209  40.822208  5.875667  24.299499  113.813169
0.175967  0.000000  0.000000  0.000000  -44.473389  -1.497839  32.857143  72.606307  -11.107275  -14.143724  -41.584209  40.822208  5.875667  24.299499  113.813169
0.176198  0.000000  0.000000  0.000000  -44.473389  -1.497839  37.142857  72.304323  -15.193814  -15.470162  -41.584209  40.822208  5.875667  24.299499  113.813169
0.176430  0.000000  0.000000  0.000000  -44.473389  -1.497839  41.428571  71.895539  -19.272267  -16.849043  -41.584209  40.822208  5.875667  24.299499  113.813169
0.176661  0.000000  0.000000  0.000000  -44.473389  -1.497839  45.714286  71.368590  -23.339878  -18.298316  -41.584209  40.822208  5.875667  24.299499  113.813169
0.176893  0.000000  0.000000  0.000000  -44.473389  -1.497839  50.000000  70.708026  -27.393297  -19.839176  -41.584209  40.822208  5.875667  24.299499  113.813169
0.177124  0.000000  0.000000  0.000000  -46.958077  4.731146  -10.000000  58.268936  23.372964  2.213498  -5.710752  53.492595  26.535953  18.363414  128.060129
0.177356  0.000000  0.000000  0.000000  -46.958077  4.731146  -5.714286  59.148051  19.710099  -0.179240  -5.710752  53.492595  26.535953  18.363414  128.060129
0.177587  0.000000  0.000000  0.000000  -46.958077  4.731146  -1.428571  59.849448  16.016940  -2.464286  -5.710752  53.492595  26.535953  18.363414  128.060129
0.177819  0.000000  0.000000  0.000000  -46.958077  4.731146  2.857143  60.388331  12.300491  -4.665952  -5.710752  53.492595  26.535953  18.363414  128.060129
0.178050  0.000000  0.000000  0.000000  -46.958077  4.731146  7.142857  60.776137  8.566927  -6.805997  -5.710752  53.492595  26.535953  18.363414  128.060129
0.178282  0.000000  0.000000  0.000000  -46.958077  4.731146  11.428571  61.020894  4.821828  -8.904333  -5.710752  53.492595  26.535953  18.363414  128.060129
0.178514  0.000000  0.000000  0.000000  -46.958077  4.731146  15.714286  61.127636  1.070352  -10.979596  -5.710752  53.492595  26.535953  18.363414  128.060129
0.178745  0.000000  0.000000  0.000000  -46.958077  4.731146  20.000000  61.098491  -2.682519  -13.049785  -5.710752  53.492595  26.535953  18.363414  128.060129
0.178977  0.000000  0.000000  0.000000  -46.958077  4.731146  24.285714  60.932887  -6.431872  -15.132730  -5.710752  53.492595  26.535953  18.363414  128.060129
0.179208  0.000000  0.000000  0.000000  -46.958077  4.731146  28.571429  60.627446  -10.172669  -17.246644  -5.710752  53.492595  26.535953  18.363414  128.060129
0.179440  0.000000  0.000000  0.000000  -46.958077  4.731146  32.857143  60.175900  -13.899590  -19.410630  -5.710752  53.492595  26.535953  18.363414  128.060129
0.179671  0.000000  0.000000  0.000000  -46.958077  4.731146  37.142857  59.568823  -17.606835  -21.645312  -5.710752  53.492595  26.535953  18.363414  128.060129
0.179903  0.000000  0.000000  0.000000  -46.958077  4.731146  41.428571  58.793180  -21.287898  -23.973471  -5.710752  53.492595  26.535953  18.363414  128.060129
0.180134  0.000000  0.000000  0.000000  -46.958077  4.731146  45.714286  57.831954  -24.935323  -26.420753  -5.710752  53.492595  26.535953  18.363414  128.060129
0.180366  0.000000  0.000000  0.000000  -46.958077  4.731146  50.000000  56.663332  -28.540360  -29.016582  -5.710752  53.492595  26.535953  18.363414  128.060129
0.180597  0.000000  0.000000  0.000000  -25.166587  21.053658  -10.000000  53.798037  22.207017  15.618388  -16.715685  53.063324  31.646379  30.031327  115.496344
0.180829  0.000000  0.000000  0.000000  -25.166587  21.053658  -5.714286  54.732684  18.727498  12.947120  -16.715685  53.063324  31.646379  30.031327  115.496344
0.181060  0.000000  0.000000  0.000000  -25.166587  21.053658  -1.428571  55.481154  15.211653  10.384272  -16.715685  53.063324  31.646379  30.031327  115.496344
0.181292  0.000000  0.000000  0.000000  -25.166587  21.053658  2.857143  56.057530  11.667744  7.905953  -16.715685  53.063324  31.646379  30.031327  115.496344
0.181524  0.000000  0.000000  0.000000  -25.166587  21.053658  7.142857  56.472491  8.103142  5.490388  -16.715685  53.063324  31.646379  30.031327  115.496344
0.181755  0.000000  0.000000  0.000000  -25.166587  21.053658  11.428571  56.733622  4.524586  3.117358  -16.715685  53.063324  31.646379  30.031327  115.496344
0.181987  0.000000  0.000000  0.000000  -25.166587  21.053658  15.714286  56.845672  0.938371  0.767727  -16.715685  53.063324  31.646379  30.031327  115.496344
0.182218  0.000000  0.000000  0.000000  -25.166587  21.053658  20.000000  56.810638  -2.649415  -1.577088  -16.715685  53.063324  31.646379  30.031327  115.496344
0.182450  0.000000  0.000000  0.000000  -25.166587  21.053658  24.285714  56.627906  -6.232743  -3.935540  -16.715685  53.063324  31.646379  30.031327  115.496344
0.182681  0.000000  0.000000  0.000000  -25.166587  21.053658  28.571429  56.294151  -9.805453  -6.326418  -16.715685  53.063324  31.646379  30.031327  115.496344
0.182913  0.000000  0.000000  0.000000  -25.166587  21.053658  32.857143  55.803329  -13.361058  -8.769303  -16.715685  53.063324  31.646379  30.031327  115.496344
0.183144  0.000000  0.000000  0.000000  -25.166587  21.053658  37.142857  55.146411  -16.892552  -11.285106  -16.715685  53.063324  31.646379  30.031327  115.496344
0.183376  0.000000  0.000000  0.000000  -25.166587  21.053658  41.428571  54.311122  -20.392166  -13.896535  -16.715685  53.063324  31.646379  30.031327  115.496344
0.183607  0.000000  0.000000  0.000000  -25.166587  21.053658  45.714286  53.281627  -23.851112  -16.628694  -16.715685  53.063324  31.646379  30.031327  115.496344
0.183839  0.000000  0.000000  0.000000  -25.166587  21.053658  50.000000  52.038061  -27.259245  -19.509692  -16.715685  53.063324  31.646379  30.031327  115.496344
0.184070  0.000000  0.000000  0.000000  -30.613398  18.717153  -10.000000  51.779325  19.626150  13.546223  -6.864178  35.657213  23.117936  33.321458  116.547991
0.184302  0.000000  0.000000  0.000000  -30.613398  18.717153  -5.714286  52.629706  16.238870  10.786014  -6.864178  35.657213  23.117936  33.321458  116.547991
0.184533  0.000000  0.000000  0.000000  -30.613398  18.717153  -1.428571  53.298948  12.817115  8.119794  -6.864178  35.657213  23.117936  33.321458  116.547991
0.184765  0.000000  0.000000  0.000000  -30.613398  18.717153  2.857143  53.798428  9.369244  5.525393  -6.864178  35.657213  23.117936  33.321458  116.547991
0.184997  0.000000  0.000000  0.000000  -30.613398  18.717153  7.142857  54.136586  5.902889  2.982165  -6.864178  35.657213  23.117936  33.321458  116.547991
0.185228  0.000000  0.000000  0.000000  -30.613398  18.717153  11.428571  54.319065  2.425125  0.470646  -6.864178  35.657213  23.117936  33.321458  116.547991
0.185460  0.000000  0.000000  0.000000  -30.613398  18.717153  15.714286  54.348908  -1.057267  -2.027973  -6.864178  35.657213  23.117936  33.321458  116.547991
0.185691  0.000000  0.000000  0.000000  -30.613398  18.717153  20.000000  54.226604  -4.537647  -4.532206  -6.864178  35.657213  23.117936  33.321458  116.547991
0.185923  0.000000  0.000000  0.000000  -30.613398  18.717153  24.285714  53.950143  -8.009309  -7.060695  -6.864178  35.657213  23.117936  33.321458  116.547991
0.186154  0.000000  0.000000  0.000000  -30.613398  18.717153  28.571429  53.514886  -11.465318  -9.632605  -6.864178  35.657213  23.117936  33.321458  116.547991
0.186386  0.000000  0.000000  0.000000  -30.613398  18.717153  32.857143  52.913529  -14.898277  -12.268062  -6.864178  35.657213  23.117936  33.321458  116.547991
0.186617  0.000000  0.000000  0.000000  -30.613398  18.717153  37.142857  52.135854  -18.300155  -14.988593  -6.864178  35.657213  23.117936  33.321458  116.547991
0.186849  0.000000  0.000000  0.000000  -30.613398  18.717153  41.428571  51.168590  -21.661992  -17.817529  -6.864178  35.657213  23.117936  33.321458  116.547991
0.187080  0.000000  0.000000  0.000000  -30.613398  18.717153  45.714286  49.995032  -24.973637  -20.780531  -6.864178  35.657213  23.117936  33.321458  116.547991
0.187312  0.000000  0.000000  0.000000  -30.613398  18.717153  50.000000  48.594805  -28.223421  -23.906004  -6.864178  35.657213  23.117936  33.321458  116.547991
0.187543  0.000000  0.000000  0.000000  -36.265963  9.505158  -10.000000  59.812462  30.970409  4.778596  -8.717956  37.233728  11.572292  35.175838  119.857692
0.187775  0.000000  0.000000  0.000000  -36.265963  9.505158  -5.714286  60.991538  27.243312  2.356268  -8.717956  37.233728  11.572292  35.175838  119.857692
0.188006  0.000000  0.000000  0.000000  -36.265963  9.505158  -1.428571  61.962013  23.477250  0.091913  -8.717956  37.233728  11.572292  35.175838  119.857692
0.188238  0.000000  0.000000  0.000000  -36.265963  9.505158  2.857143  62.748839  19.680312  -2.046093  -8.717956  37.233728  11.572292  35.175838  119.857692
0.188470  0.000000  0.000000  0.000000  -36.265963  9.505158  7.142857  63.371396  15.859248  -4.084669  -8.717956  37.233728  11.572292  35.175838  119.857692
0.188701  0.000000  0.000000  0.000000  -36.265963  9.505158  11.428571  63.844461  12.019833  -6.047150  -8.717956  37.233728  11.572292  35.175838  119.857692
0.188933  0.000000  0.000000  0.000000  -36.265963  9.505158  15.714286  64.178921  8.167117  -7.954273  -8.717956  37.233728  11.572292  35.175838  119.857692
0.189164  0.000000  0.000000  0.000000  -36.265963  9.505158  20.000000  64.382238  4.305647  -9.824841  -8.717956  37.233728  11.572292  35.175838  119.857692
0.189396  0.000000  0.000000  0.000000  -36.265963  9.505158  24.285714  64.458958  0.439644  -11.676479  -8.717956  37.233728  11.572292  35.175838  119.857692
0.189627  0.000000  0.000000  0.000000  -36.265963  9.505158  28.571429  64.410711  -3.426814  -13.526204  -8.717956  37.233728  11.572292  35.175838  119.857692
0.189859  0.000000  0.000000  0.000000  -36.265963  9.505158  32.857143  64.236463  -7.289679  -15.390952  -8.717956  37.233728  11.572292  35.175838  119.857692
0.190090  0.000000  0.000000  0.000000  -36.265963  9.505158  37.142857  63.932375  -11.144775  -17.288152  -8.717956  37.233728  11.572292  35.175838  119.857692
0.190322  0.000000  0.000000  0.000000  -36.265963  9.505158  41.428571  63.491653  -14.987638  -19.236311  -8.717956  37.233728  11.572292  35.175838  119.857692
0.190553  0.000000  0.000000  0.000000  -36.265963  9.505158  45.714286  62.904242  -18.813352  -21.255644  -8.717956  37.233728  11.572292  35.175838  119.857692
0.190785  0.000000  0.000000  0.000000  -36.265963  9.505158  50.000000  62.156290  -22.616321  -23.368818  -8.717956  37.233728  11.572292  35.175838  119.857692
0.191016  0.000000  0.000000  0.000000  -30.158086  6.614938  -10.000000  57.167886  32.934922  6.447896  -8.812415  38.377064  31.598232  33.129874  111.004774
0.191248  0.000000  0.000000  0.000000  -30.158086  6.614938  -5.714286  58.545146  29.305388  3.784783  -8.812415  38.377064  31.598232  33.129874  111.004774
0.191480  0.000000  0.000000  0.000000  -30.158086  6.614938  -1.428571  59.689187  25.626665  1.305920  -8.812415  38.377064  31.598232  33.129874  111.004774
0.191711  0.000000  0.000000  0.000000  -30.158086  6.614938  2.857143  60.628764  21.908648  -1.023870  -8.812415  38.377064  31.598232  33.129874  111.004774
0.191943  0.000000  0.000000  0.000000  -30.158086  6.614938  7.142857  61.386577  18.159510  -3.234536  -8.812415  38.377064  31.598232  33.129874  111.004774
0.192174  0.000000  0.000000  0.000000  -30.158086  6.614938  11.428571  61.980269  14.386177  -5.351901  -8.812415  38.377064  31.598232  33.129874  111.004774
0.192406  0.000000  0.000000  0.000000  -30.158086  6.614938  15.714286  62.423224  10.594643  -7.398669  -8.812415  38.377064  31.598232  33.129874  111.004774
0.192637  0.000000  0.000000  0.000000  -30.158086  6.614938  20.000000  62.725164  6.790217  -9.395237  -8.812415  38.377064  31.598232  33.129874  111.004774
0.192869  0.000000  0.000000  0.000000  -30.158086  6.614938  24.285714  62.892583  2.977756  -11.360415  -8.812415  38.377064  31.598232  33.129874  111.004774
0.193100  0.000000  0.000000  0.000000  -30.158086  6.614938  28.571429  62.929044  -0.838178  -13.312009  -8.812415  38.377064  31.598232  33.129874  111.004774
0.193332  0.000000  0.000000  0.000000  -30.158086  6.614938  32.857143  62.835314  -4.653140  -15.267416  -8.812415  38.377064  31.598232  33.129874  111.004774
0.193563  0.000000  0.000000  0.000000  -30.158086  6.614938  37.142857  62.609408  -8.462644  -17.244148  -8.812415  38.377064  31.598232  33.129874  111.004774
0.193795  0.000000  0.000000  0.000000  -30.158086  6.614938  41.428571  62.246511  -12.262029  -19.260369  -8.812415  38.377064  31.598232  33.129874  111.004774
0.194026  0.000000  0.000000  0.000000  -30.158086  6.614938  45.714286  61.738744  -16.046258  -21.335516  -8.812415  38.377064  31.598232  33.129874  111.004774
0.194258  0.000000  0.000000  0.000000  -30.158086  6.614938  50.000000  61.074838  -19.809749  -23.490906  -8.812415  38.377064  31.598232  33.129874  111.004774
0.194489  0.000000  0.000000  0.000000  -27.596280  10.262650  -10.000000  58.487889  30.964010  10.557859  -18.006456  33.596158  25.183554  29.998069  128.602403
0.194721  0.000000  0.000000  0.000000  -27.596280  10.262650  -5.714286  59.714700  27.285865  8.038873  -18.006456  33.596158  25.183554  29.998069  128.602403
0.194953  0.000000  0.000000  0.000000  -27.596280  10.262650  -1.428571  60.727059  23.565529  5.682460  -18.006456  33.596158  25.183554  29.998069  128.602403
0.195184  0.000000  0.000000  0.000000  -27.596280  10.262650  2.857143  61.550199  19.811642  3.456554  -18.006456  33.596158  25.183554  29.998069  128.602403
0.195416  0.000000  0.000000  0.000000  -27.596280  10.262650  7.142857  62.203825  16.031454  1.333770  -18.006456  33.596158  25.183554  29.998069  128.602403
0.195647  0.000000  0.000000  0.000000  -27.596280  10.262650  11.428571  62.703052  12.231174  -0.709710  -18.006456  33.596158  25.183554  29.998069  128.602403
0.195879  0.000000  0.000000  0.000000  -27.596280  10.262650  15.714286  63.059093  8.416236  -2.695100  -18.006456  33.596158  25.183554  29.998069  128.602403
0.196110  0.000000  0.000000  0.000000  -27.596280  10.262650  20.000000  63.279711  4.591533  -4.641645  -18.006456  33.596158  25.183554  29.998069  128.602403
0.196342  0.000000  0.000000  0.000000  -27.596280  10.262650  24.285714  63.369710  0.761605  -6.567392  -18.006456  33.596158  25.183554  29.998069  128.602403
0.196573  0.000000  0.000000  0.000000  -27.596280  10.262650  28.571429  63.330973  -3.069180  -8.489708  -18.006456  33.596158  25.183554  29.998069  128.602403
0.196805  0.000000  0.000000  0.000000  -27.596280  10.262650  32.857143  63.162694  -6.896492  -10.425872  -18.006456  33.596158  25.183554  29.998069  128.602403
0.197036  0.000000  0.000000  0.000000  -27.596280  10.262650  37.142857  62.861256  -10.715878  -12.393585  -18.006456  33.596158  25.183554  29.998069  128.602403
0.197268  0.000000  0.000000  0.000000  -27.596280  10.262650  41.428571  62.420101  -14.522603  -14.411558  -18.006456  33.596158  25.183554  29.998069  128.602403
0.197499  0.000000  0.000000  0.000000  -27.596280  10.262650  45.714286  61.829432  -18.311473  -16.500129  -18.006456  33.596158  25.183554  29.998069  128.602403
0.197731  0.000000  0.000000  0.000000  -27.596280  10.262650  50.000000  61.075769  -22.076621  -18.681977  -18.006456  33.596158  25.183554  29.998069  128.602403
0.197962  0.000000  0.000000  0.000000  -35.970796  6.613603  -10.000000  63.158241  31.839828  6.402944  -22.404544  31.086827  30.310554  29.822076  114.006552
0.198194  0.000000  0.000000  0.000000  -35.970796  6.613603  -5.714286  64.251298  27.997062  4.212849  -22.404544  31.086827  30.310554  29.822076  114.006552
0.198426  0.000000  0.000000  0.000000  -35.970796  6.613603  -1.428571  65.147406  24.121994  2.174365  -22.404544  31.086827  30.310554  29.822076  114.006552
0.198657  0.000000  0.000000  0.000000  -35.970796  6.613603  2.857143  65.871745  20.221473  0.256259  -22.404544  31.086827  30.310554  29.822076  114.006552
0.198889  0.000000  0.000000  0.000000  -35.970796  6.613603  7.142857  66.443637  16.301144  -1.567639  -22.404544  31.086827  30.310554  29.822076  114.006552
0.199120  0.000000  0.000000  0.000000  -35.970796  6.613603  11.428571  66.877684  12.365794  -3.319741  -22.404544  31.086827  30.310554  29.822076  114.006552
0.199352  0.000000  0.000000  0.000000  -35.970796  6.613603  15.714286  67.184563  8.419573  -5.019729  -22.404544  31.086827  30.310554  29.822076  114.006552
0.199583  0.000000  0.000000  0.000000  -35.970796  6.613603  20.000000  67.371577  4.466192  -6.685319  -22.404544  31.086827  30.310554  29.822076  114.006552
0.199815  0.000000  0.000000  0.000000  -35.970796  6.613603  24.285714  67.443149  0.509089  -8.333013  -22.404544  31.086827  30.310554  29.822076  114.006552
0.200046  0.000000  0.000000  0.000000  -35.970796  6.613603  28.571429  67.400911  -3.448431  -9.978686  -22.404544  31.086827  30.310554  29.822076  114.006552
0.200278  0.000000  0.000000  0.000000  -35.970796  6.613603  32.857143  67.243897  -7.403089  -11.638132  -22.404544  31.086827  30.310554  29.822076  114.006552
0.200509  0.000000  0.000000  0.000000  -35.970796  6.613603  37.142857  66.968437  -11.351496  -13.327629  -22.404544  31.086827  30.310554  29.822076  114.006552
0.200741  0.000000  0.000000  0.000000  -35.970796  6.613603  41.428571  66.567983  -15.290020  -15.064539  -22.404544  31.086827  30.310554  29.822076  114.006552
0.200972  0.000000  0.000000  0.000000  -35.970796  6.613603  45.714286  66.032779  -19.214647  -16.867961  -22.404544  31.086827  30.310554  29.822076  114.006552
0.201204  0.000000  0.000000  0.000000  -35.970796  6.613603  50.000000  65.349292  -23.120763  -18.759505  -22.404544  31.086827  30.310554  29.822076  114.006552
0.201436  0.000000  0.000000  0.000000  -30.339437  10.799220  -10.000000  54.225150  16.810933  4.624569  -7.414346  45.306777  25.157008  29.747848  111.629229
0.201667  0.000000  0.000000  0.000000  -30.339437  10.799220  -5.714286  54.894358  13.318665  2.051420  -7.414346  45.306777  25.157008  29.747848  111.629229
0.201899  0.000000  0.000000  0.000000  -30.339437  10.799220  -1.428571  55.395577  9.801236  -0.448200  -7.414346  45.306777  25.157008  29.747848  111.629229
0.202130  0.000000  0.000000  0.000000  -30.339437  10.799220  2.857143  55.737764  6.265902  -2.895176  -7.414346  45.306777  25.157008  29.747848  111.629229
0.202362  0.000000  0.000000  0.000000  -30.339437  10.799220  7.142857  55.926969  2.719384  -5.309137  -7.414346  45.306777  25.157008  29.747848  111.629229
0.202593  0.000000  0.000000  0.000000  -30.339437  10.799220  11.428571  55.966520  -0.831924  -7.708921  -7.414346  45.306777  25.157008  29.747848  111.629229
0.202825  0.000000  0.000000  0.000000  -30.339437  10.799220  15.714286  55.857109  -4.381769  -10.113032  -7.414346  45.306777  25.157008  29.747848  111.629229
0.203056  0.000000  0.000000  0.000000  -30.339437  10.799220  20.000000  55.596813  -7.923860  -12.540076  -7.414346  45.306777  25.157008  29.747848  111.629229
0.203288  0.000000  0.000000  0.000000  -30.339437  10.799220  24.285714  55.181052  -11.451673  -15.009203  -7.414346  45.306777  25.157008  29.747848  111.629229
0.203519  0.000000  0.000000  0.000000  -30.339437  10.799220  28.571429  54.602437  -14.958258  -17.540575  -7.414346  45.306777  25.157008  29.747848  111.629229
0.203751  0.000000  0.000000  0.000000  -30.339437  10.799220  32.857143  53.850571  -18.436033  -20.155832  -7.414346  45.306777  25.157008  29.747848  111.629229
0.203982  0.000000  0.000000  0.000000  -30.339437  10.799220  37.142857  52.911776  -21.876526  -22.878608  -7.414346  45.306777  25.157008  29.747848  111.629229
0.204214  0.000000  0.000000  0.000000  -30.339437  10.799220  41.428571  51.768705  -25.270085  -25.735092  -7.414346  45.306777  25.157008  29.747848  111.629229
0.204445  0.000000  0.000000  0.000000  -30.339437  10.799220  45.714286  50.399978  -28.605527  -28.754576  -7.414346  45.306777  25.157008  29.747848  111.629229
0.204677  0.000000  0.000000  0.000000  -30.339437  10.799220  50.000000  48.779754  -31.869736  -31.970004  -7.414346  45.306777  25.157008  29.747848  111.629229
0.204909  0.000000  0.000000  0.000000  -33.914679  7.055204  -10.000000  54.464469  18.061491  3.707613  -5.298482  33.401463  -0.866443  28.995827  116.881155
0.205140  0.000000  0.000000  0.000000  -33.914679  7.055204  -5.714286  55.187203  14.557714  1.135637  -5.298482  33.401463  -0.866443  28.995827  116.881155
0.205372  0.000000  0.000000  0.000000  -33.914679  7.055204  -1.428571  55.739136  11.026736  -1.355545  -5.298482  33.401463  -0.866443  28.995827  116.881155
0.205603  0.000000  0.000000  0.000000  -33.914679  7.055204  2.857143  56.130336  7.475909  -3.787382  -5.298482  33.401463  -0.866443  28.995827  116.881155
0.205835  0.000000  0.000000  0.000000  -33.914679  7.055204  7.142857  56.367849  3.911985  -6.179881  -5.298482  33.401463  -0.866443  28.995827  116.881155
0.206066  0.000000  0.000000  0.000000  -33.914679  7.055204  11.428571  56.455939  0.341320  -8.552065  -5.298482  33.401463  -0.866443  28.995827  116.881155
0.206298  0.000000  0.000000  0.000000  -33.914679  7.055204  15.714286  56.396155  -3.229929  -10.922490  -5.298482  33.401463  -0.866443  28.995827  116.881155
0.206529  0.000000  0.000000  0.000000  -33.914679  7.055204  20.000000  56.187440  -6.795624  -13.309653  -5.298482  33.401463  -0.866443  28.995827  116.881155
0.206761  0.000000  0.000000  0.000000  -33.914679  7.055204  24.285714  55.826065  -10.349461  -15.732462  -5.298482  33.401463  -0.866443  28.995827  116.881155
0.206992  0.000000  0.000000  0.000000  -33.914679  7.055204  28.571429  55.305533  -13.884780  -18.210696  -5.298482  33.401463  -0.866443  28.995827  116.881155
0.207224  0.000000  0.000000  0.000000  -33.914679  7.055204  32.857143  54.616366  -17.394356  -20.765493  -5.298482  33.401463  -0.866443  28.995827  116.881155
0.207455  0.000000  0.000000  0.000000  -33.914679  7.055204  37.142857  53.745850  -20.870170  -23.419859  -5.298482  33.401463  -0.866443  28.995827  116.881155
0.207687  0.000000  0.000000  0.000000  -33.914679  7.055204  41.428571  52.677704  -24.303132  -26.199223  -5.298482  33.401463  -0.866443  28.995827  116.881155
0.207918  0.000000  0.000000  0.000000  -33.914679  7.055204  45.714286  51.391570  -27.682723  -29.132067  -5.298482  33.401463  -0.866443  28.995827  116.881155
0.208150  0.000000  0.000000  0.000000  -33.914679  7.055204  50.000000  49.862668  -30.996640  -32.250472  -5.298482  33.401463  -0.866443  28.995827  116.881155
0.208382  0.000000  0.000000  0.000000  -39.323554  14.371110  -10.000000  55.004899  12.648724  7.873534  -12.901860  50.192861  36.044517  18.929280  122.333525
0.208613  0.000000  0.000000  0.000000  -39.323554  14.371110  -5.714286  55.475118  9.127237  5.385679  -12.901860  50.192861  36.044517  18.929280  122.333525
0.208845  0.000000  0.000000  0.000000  -39.323554  14.371110  -1.428571  55.787693  5.589178  2.946617  -12.901860  50.192861  36.044517  18.929280  122.333525
0.209076  0.000000  0.000000  0.000000  -39.323554  14.371110  2.857143  55.948129  2.041170  0.536934  -12.901860  50.192861  36.044517  18.929280  122.333525
0.209308  0.000000  0.000000  0.000000  -39.323554  14.371110  7.142857  55.959246  -1.510429  -1.862119  -12.901860  50.192861  36.044517  18.929280  122.333525
0.209539  0.000000  0.000000  0.000000  -39.323554  14.371110  11.428571  55.821253  -5.059361  -4.269035  -12.901860  50.192861  36.044517  18.929280  122.333525
0.209771  0.000000  0.000000  0.000000  -39.323554  14.371110  15.714286  55.531694  -8.599338  -6.702482  -12.901860  50.192861  36.044517  18.929280  122.333525
0.210002  0.000000  0.000000  0.000000  -39.323554  14.371110  20.000000  55.085492  -12.123737  -9.181776  -12.901860  50.192861  36.044517  18.929280  122.333525
0.210234  0.000000  0.000000  0.000000  -39.323554  14.371110  24.285714  54.474696  -15.625521  -11.727316  -12.901860  50.192861  36.044517  18.929280  122.333525
0.210465  0.000000  0.000000  0.000000  -39.323554  14.371110  28.571429  53.688301  -19.096954  -14.361087  -12.901860  50.192861  36.044517  18.929280  122.333525
0.210697  0.000000  0.000000  0.000000  -39.323554  14.371110  32.857143  52.711963  -22.529365  -17.107166  -12.901860  50.192861  36.044517  18.929280  122.333525
0.210928  0.000000  0.000000  0.000000  -39.323554  14.371110  37.142857  51.527589  -25.912838  -19.992295  -12.901860  50.192861  36.044517  18.929280  122.333525
0.211160  0.000000  0.000000  0.000000  -39.323554  14.371110  41.428571  50.112978  -29.235859  -23.046421  -12.901860  50.192861  36.044517  18.929280  122.333525
0.211392  0.000000  0.000000  0.000000  -39.323554  14.371110  45.714286  48.441378  -32.484882  -26.303252  -12.901860  50.192861  36.044517  18.929280  122.333525
0.211623  0.000000  0.000000  0.000000  -39.323554  14.371110  50.000000  46.481243  -35.643824  -29.800661  -12.901860  50.192861  36.044517  18.929280  122.333525
0.211855  0.000000  0.000000  0.000000  -33.368904  17.979184  -10.000000  58.138828  25.470726  16.223992  -38.781193  54.024586  31.792950  25.806757  121.405335
0.212086  0.000000  0.000000  0.000000  -33.368904  17.979184  -5.714286  59.115955  21.810989  13.788829  -38.781193  54.024586  31.792950  25.806757  121.405335
0.212318  0.000000  0.000000  0.000000  -33.368904  17.979184  -1.428571  59.906240  18.117339  11.475731  -38.781193  54.024586  31.792950  25.806757  121.405335
0.212549  0.000000  0.000000  0.000000  -33.368904  17.979184  2.857143  60.527290  14.397236  9.258650  -38.781193  54.024586  31.792950  25.806757  121.405335
0.212781  0.000000  0.000000  0.000000  -33.368904  17.979184  7.142857  60.992655  10.657156  7.114545  -38.781193  54.024586  31.792950  25.806757  121.405335
0.213012  0.000000  0.000000  0.000000  -33.368904  17.979184  11.428571  61.312185  6.902853  5.022607  -38.781193  54.024586  31.792950  25.806757  121.405335
0.213244  0.000000  0.000000  0.000000  -33.368904  17.979184  15.714286  61.492507  3.139579  2.963690  -38.781193  54.024586  31.792950  25.806757  121.405335
0.213475  0.000000  0.000000  0.000000  -33.368904  17.979184  20.000000  61.537340  -0.627713  0.919584  -38.781193  54.024586  31.792950  25.806757  121.405335
0.213707  0.000000  0.000000  0.000000  -33.368904  17.979184  24.285714  61.447596  -4.394205  -1.127474  -38.781193  54.024586  31.792950  25.806757  121.405335
0.213938  0.000000  0.000000  0.000000  -33.368904  17.979184  28.571429  61.221448  -8.155051  -3.195332  -38.781193  54.024586  31.792950  25.806757  121.405335
0.214170  0.000000  0.000000  0.000000  -33.368904  17.979184  32.857143  60.854224  -11.905222  -5.302448  -38.781193  54.024586  31.792950  25.806757  121.405335
0.214401  0.000000  0.000000  0.000000  -33.368904  17.979184  37.142857  60.338234  -15.639311  -7.468473  -38.781193  54.024586  31.792950  25.806757  121.405335
0.214633  0.000000  0.000000  0.000000  -33.368904  17.979184  41.428571  59.662479  -19.351362  -9.714862  -38.781193  54.024586  31.792950  25.806757  121.405335
0.214865  0.000000  0.000000  0.000000  -33.368904  17.979184  45.714286  58.812135  -23.034598  -12.065558  -38.781193  54.024586  31.792950  25.806757  121.405335
0.215096  0.000000  0.000000  0.000000  -33.368904  17.979184  50.000000  57.768000  -26.681161  -14.547838  -38.781193  54.024586  31.792950  25.806757  121.405335
0.215328  0.000000  0.000000  0.000000  -32.428630  9.983875  -10.000000  55.639371  39.878644  16.886720  -40.847454  39.719105  33.032822  17.986028  125.796390
0.215559  0.000000  0.000000  0.000000  -32.428630  9.983875  -5.714286  57.491196  36.301181  13.886770  -40.847454  39.719105  33.032822  17.986028  125.796390
0.215791  0.000000  0.000000  0.000000  -32.428630  9.983875  -1.428571  59.039980  32.655402  11.152591  -40.847454  39.719105  33.032822  17.986028  125.796390
0.216022  0.000000  0.000000  0.000000  -32.428630  9.983875  2.857143  60.330409  28.955024  8.634428  -40.847454  39.719105  33.032822  17.986028  125.796390
0.216254  0.000000  0.000000  0.000000  -32.428630  9.983875  7.142857  61.397931  25.211015  6.291184  -40.847454  39.719105  33.032822  17.986028  125.796390
0.216485  0.000000  0.000000  0.000000  -32.428630  9.983875  11.428571  62.270475  21.432290  4.088618  -40.847454  39.719105  33.032822  17.986028  125.796390
0.216717  0.000000  0.000000  0.000000  -32.428630  9.983875  15.714286  62.969884  17.626225  1.997739  -40.847454  39.719105  33.032822  17.986028  125.796390
0.216948  0.000000  0.000000  0.000000  -32.428630  9.983875  20.000000  63.512977  13.799057  -0.006365  -40.847454  39.719105  33.032822  17.986028  125.796390
0.217180  0.000000  0.000000  0.000000  -32.428630  9.983875  24.285714  63.912368  9.956178  -1.945561  -40.847454  39.719105  33.032822  17.986028  125.796390
0.217411  0.000000  0.000000  0.000000  -32.428630  9.983875  28.571429  64.177084  6.102383  -3.839500  -40.847454  39.719105  33.032822  17.986028  125.796390
0.217643  0.000000  0.000000  0.000000  -32.428630  9.983875  32.857143  64.312994  2.242066  -5.706338  -40.847454  39.719105  33.032822  17.986028  125.796390
0.217875  0.000000  0.000000  0.000000  -32.428630  9.983875  37.142857  64.323072  -1.620615  -7.563337  -40.847454  39.719105  33.032822  17.986028  125.796390
0.218106  0.000000  0.000000  0.000000  -32.428630  9.983875  41.428571  64.207536  -5.481588  -9.427442  -40.847454  39.719105  33.032822  17.986028  125.796390
0.218338  0.000000  0.000000  0.000000  -32.428630  9.983875  45.714286  63.963861  -9.336720  -11.315826  -40.847454  39.719105  33.032822  17.986028  125.796390
0.218569  0.000000  0.000000  0.000000  -32.428630  9.983875  50.000000  63.586664  -13.181666  -13.246460  -40.847454  39.719105  33.032822  17.986028  125.796390
0.218801  0.000000  0.000000  0.000000  -41.557775  16.110177  -10.000000  58.366576  15.998750  10.888017  -15.627242  59.073904  22.789457  32.312703  113.257068
0.219032  0.000000  0.000000  0.000000  -41.557775  16.110177  -5.714286  58.929771  12.338293  8.588618  -15.627242  59.073904  22.789457  32.312703  113.257068
0.219264  0.000000  0.000000  0.000000  -41.557775  16.110177  -1.428571  59.337418  8.659105  6.352834  -15.627242  59.073904  22.789457  32.312703  113.257068
0.219495  0.000000  0.000000  0.000000  -41.557775  16.110177  2.857143  59.597670  4.967190  4.160465  -15.627242  59.073904  22.789457  32.312703  113.257068
0.219727  0.000000  0.000000  0.000000  -41.557775  16.110177  7.142857  59.715661  1.268105  1.992565  -15.627242  59.073904  22.789457  32.312703  113.257068
0.219958  0.000000  0.000000  0.000000  -41.557775  16.110177  11.428571  59.693656  -2.432765  -0.169125  -15.627242  59.073904  22.789457  32.312703  113.257068
0.220190  0.000000  0.000000  0.000000  -41.557775  16.110177  15.714286  59.531290  -6.130167  -2.342725  -15.627242  59.073904  22.789457  32.312703  113.257068
0.220421  0.000000  0.000000  0.000000  -41.557775  16.110177  20.000000  59.225339  -9.818694  -4.546664  -15.627242  59.073904  22.789457  32.312703  113.257068
0.220653  0.000000  0.000000  0.000000  -41.557775  16.110177  24.285714  58.769763  -13.492658  -6.800224  -15.627242  59.073904  22.789457  32.312703  113.257068
0.220884  0.000000  0.000000  0.000000  -41.557775  16.110177  28.571429  58.155411  -17.145885  -9.124092  -15.627242  59.073904  22.789457  32.312703  113.257068
0.221116  0.000000  0.000000  0.000000  -41.557775  16.110177  32.857143  57.369711  -20.771499  -11.540956  -15.627242  59.073904  22.789457  32.312703  113.257068
0.221348  0.000000  0.000000  0.000000  -41.557775  16.110177  37.142857  56.396169  -24.361655  -14.076227  -15.627242  59.073904  22.789457  32.312703  113.257068
0.221579  0.000000  0.000000  0.000000  -41.557775  16.110177  41.428571  55.213831  -27.907207  -16.758758  -15.627242  59.073904  22.789457  32.312703  113.257068
0.221811  0.000000  0.000000  0.000000  -41.557775  16.110177  45.714286  53.796516  -31.397314  -19.621779  -15.627242  59.073904  22.789457  32.312703  113.257068
0.222042  0.000000  0.000000  0.000000  -41.557775  16.110177  50.000000  52.112003  -34.818925  -22.703825  -15.627242  59.073904  22.789457  32.312703  113.257068
0.222274  0.000000  0.000000  0.000000  -44.962828  17.753926  -10.000000  53.489583  35.250606  20.050875  -13.465004  59.291065  15.484789  18.752033  120.608909
0.222505  0.000000  0.000000  0.000000  -44.962828  17.753926  -5.714286  55.145611  31.768565  17.053101  -13.465004  59.291065  15.484789  18.752033  120.608909
0.222737  0.000000  0.000000  0.000000  -44.962828  17.753926  -1.428571  56.535362  28.221451  14.274917  -13.465004  59.291065  15.484789  18.752033  120.608909
0.222968  0.000000  0.000000  0.000000  -44.962828  17.753926  2.857143  57.692163  24.621843  11.676849  -13.465004  59.291065  15.484789  18.752033  120.608909
0.223200  0.000000  0.000000  0.000000  -44.962828  17.753926  7.142857  58.642870  20.980128  9.225170  -13.465004  59.291065  15.484789  18.752033  120.608909
0.223431  0.000000  0.000000  0.000000  -44.962828  17.753926  11.428571  59.408840  17.305023  6.890810  -13.465004  59.291065  15.484789  18.752033  120.608909
0.223663  0.000000  0.000000  0.000000  -44.962828  17.753926  15.714286  60.006782  13.603973  4.648336  -13.465004  59.291065  15.484789  18.752033  120.608909
0.223894  0.000000  0.000000  0.000000  -44.962828  17.753926  20.000000  60.449388  9.883474  2.475159  -13.465004  59.291065  15.484789  18.752033  120.608909
0.224126  0.000000  0.000000  0.000000  -44.962828  17.753926  24.285714  60.745839  6.149361  0.350732  -13.465004  59.291065  15.484789  18.752033  120.608909
0.224357  0.000000  0.000000  0.000000  -44.962828  17.753926  28.571429  60.902194  2.406974  -1.743990  -13.465004  59.291065  15.484789  18.752033  120.608909
0.224589  0.000000  0.000000  0.000000  -44.962828  17.753926  32.857143  60.921651  -1.338602  -3.827222  -13.465004  59.291065  15.484789  18.752033  120.608909
0.224821  0.000000  0.000000  0.000000  -44.962828  17.753926  37.142857  60.804535  -5.082421  -5.916842  -13.465004  59.291065  15.484789  18.752033  120.608909
0.225052  0.000000  0.000000  0.000000  -44.962828  17.753926  41.428571  60.548526  -8.819426  -8.030901  -13.465004  59.291065  15.484789  18.752033  120.608909
0.225284  0.000000  0.000000  0.000000  -44.962828  17.753926  45.714286  60.148412  -12.544378  -10.188151  -13.465004  59.291065  15.484789  18.752033  120.608909
0.225515  0.000000  0.000000  0.000000  -44.962828  17.753926  50.000000  59.595915  -16.251604  -12.408659  -13.465004  59.291065  15.484789  18.752033  120.608909
0.225747  0.000000  0.000000  0.000000  -41.776979  0.901370  -10.000000  64.322411  37.080859  4.785844  -7.727878  42.047521  23.778760  32.741717  121.691051
0.225978  0.000000  0.000000  0.000000  -41.776979  0.901370  -5.714286  65.599687  33.197349  2.568125  -7.727878  42.047521  23.778760  32.741717  121.691051
0.226210  0.000000  0.000000  0.000000  -41.776979  0.901370  -1.428571  66.652228  29.277866  0.539840  -7.727878  42.047521  23.778760  32.741717  121.691051
0.226441  0.000000  0.000000  0.000000  -41.776979  0.901370  2.857143  67.514132  25.330029  -1.337881  -7.727878  42.047521  23.778760  32.741717  121.691051
0.226673  0.000000  0.000000  0.000000  -41.776979  0.901370  7.142857  68.211463  21.359894  -3.096493  -7.727878  42.047521  23.778760  32.741717  121.691051
0.226904  0.000000  0.000000  0.000000  -41.776979  0.901370  11.428571  68.764137  17.372442  -4.762001  -7.727878  42.047521  23.778760  32.741717  121.691051
0.227136  0.000000  0.000000  0.000000  -41.776979  0.901370  15.714286  69.187057  13.371776  -6.356296  -7.727878  42.047521  23.778760  32.741717  121.691051
0.227367  0.000000  0.000000  0.000000  -41.776979  0.901370  20.000000  69.491174  9.361440  -7.898380  -7.727878  42.047521  23.778760  32.741717  121.691051
0.227599  0.000000  0.000000  0.000000  -41.776979  0.901370  24.285714  69.684156  5.344604  -9.405212  -7.727878  42.047521  23.778760  32.741717  121.691051
0.227831  0.000000  0.000000  0.000000  -41.776979  0.901370  28.571429  69.770705  1.324146  -10.892373  -7.727878  42.047521  23.778760  32.741717  121.691051
0.228062  0.000000  0.000000  0.000000  -41.776979  0.901370  32.857143  69.752931  -2.697203  -12.374704  -7.727878  42.047521  23.778760  32.741717  121.691051
0.228294  0.000000  0.000000  0.000000  -41.776979  0.901370  37.142857  69.630402  -6.716739  -13.866884  -7.727878  42.047521  23.778760  32.741717  121.691051
0.228525  0.000000  0.000000  0.000000  -41.776979  0.901370  41.428571  69.400142  -10.731686  -15.383949  -7.727878  42.047521  23.778760  32.741717  121.691051
0.228757  0.000000  0.000000  0.000000  -41.776979  0.901370  45.714286  69.056468  -14.739086  -16.941877  -7.727878  42.047521  23.778760  32.741717  121.691051
0.228988  0.000000  0.000000  0.000000  -41.776979  0.901370  50.000000  68.590674  -18.735673  -18.558220  -7.727878  42.047521  23.778760  32.741717  121.691051
0.229220  0.000000  0.000000  0.000000  -32.090159  5.587505  -10.000000  60.547989  42.396517  10.844099  -16.159709  63.430698  17.491293  24.623480  120.631874
0.229451  0.000000  0.000000  0.000000  -32.090159  5.587505  -5.714286  62.300572  38.632023  8.148055  -16.159709  63.430698  17.491293  24.623480  120.631874
0.229683  0.000000  0.000000  0.000000  -32.090159  5.587505  -1.428571  63.751415  34.811868  5.723203  -16.159709  63.430698  17.491293  24.623480  120.631874
0.229914  0.000000  0.000000  0.000000  -32.090159  5.587505  2.857143  64.951179  30.947899  3.514653  -16.159709  63.430698  17.491293  24.623480  120.631874
0.230146  0.000000  0.000000  0.000000  -32.090159  5.587505  7.142857  65.938817  27.049315  1.478725  -16.159709  63.430698  17.491293  24.623480  120.631874
0.230377  0.000000  0.000000  0.000000  -32.090159  5.587505  11.428571  66.744308  23.123406  -0.419821  -16.159709  63.430698  17.491293  24.623480  120.631874
0.230609  0.000000  0.000000  0.000000  -32.090159  5.587505  15.714286  67.390646  19.176074  -2.209999  -16.159709  63.430698  17.491293  24.623480  120.631874
0.230840  0.000000  0.000000  0.000000  -32.090159  5.587505  20.000000  67.895327  15.212204  -3.916113  -16.159709  63.430698  17.491293  24.623480  120.631874
0.231072  0.000000  0.000000  0.000000  -32.090159  5.587505  24.285714  68.271412  11.235947  -5.559034  -16.159709  63.430698  17.491293  24.623480  120.631874
0.231304  0.000000  0.000000  0.000000  -32.090159  5.587505  28.571429  68.528289  7.250933  -7.157157  -16.159709  63.430698  17.491293  24.623480  120.631874
0.231535  0.000000  0.000000  0.000000  -32.090159  5.587505  32.857143  68.672200  3.260436  -8.727182  -16.159709  63.430698  17.491293  24.623480  120.631874
0.231767  0.000000  0.000000  0.000000  -32.090159  5.587505  37.142857  68.706582  -0.732483  -10.284776  -16.159709  63.430698  17.491293  24.623480  120.631874
0.231998  0.000000  0.000000  0.000000  -32.090159  5.587505  41.428571  68.632249  -4.724861  -11.845153  -16.159709  63.430698  17.491293  24.623480  120.631874
0.232230  0.000000  0.000000  0.000000  -32.090159  5.587505  45.714286  68.447431  -8.713706  -13.423637  -16.159709  63.430698  17.491293  24.623480  120.631874
0.232461  0.000000  0.000000  0.000000  -32.090159  5.587505  50.000000  68.147708  -12.695907  -15.036168  -16.159709  63.430698  17.491293  24.623480  120.631874
0.232693  0.000000  0.000000  0.000000  -30.721307  14.845035  -10.000000  53.023552  18.550702  11.203262  -23.053804  45.555781  19.837283  26.273733  125.326620
0.232924  0.000000  0.000000  0.000000  -30.721307  14.845035  -5.714286  53.796663  15.108952  8.534688  -23.053804  45.555781  19.837283  26.273733  125.326620
0.233156  0.000000  0.000000  0.000000  -30.721307  14.845035  -1.428571  54.394443  11.636936  5.951731  -23.053804  45.555781  19.837283  26.273733  125.326620
0.233387  0.000000  0.000000  0.000000  -30.721307  14.845035  2.857143  54.827358  8.142486  3.432712  -23.053804  45.555781  19.837283  26.273733  125.326620
0.233619  0.000000  0.000000  0.000000  -30.721307  14.845035  7.142857  55.102919  4.632783  0.957404  -23.053804  45.555781  19.837283  26.273733  125.326620
0.233850  0.000000  0.000000  0.000000  -30.721307  14.845035  11.428571  55.225867  1.114555  -1.493396  -23.053804  45.555781  19.837283  26.273733  125.326620
0.234082  0.000000  0.000000  0.000000  -30.721307  14.845035  15.714286  55.198292  -2.405708  -3.938339  -23.053804  45.555781  19.837283  26.273733  125.326620
0.234313  0.000000  0.000000  0.000000  -30.721307  14.845035  20.000000  55.019754  -5.921567  -6.395942  -23.053804  45.555781  19.837283  26.273733  125.326620
0.234545  0.000000  0.000000  0.000000  -30.721307  14.845035  24.285714  54.687164  -9.426477  -8.885008  -23.053804  45.555781  19.837283  26.273733  125.326620
0.234777  0.000000  0.000000  0.000000  -30.721307  14.845035  28.571429  54.194798  -12.913563  -11.425065  -23.053804  45.555781  19.837283  26.273733  125.326620
0.235008  0.000000  0.000000  0.000000  -30.721307  14.845035  32.857143  53.534081  -16.375425  -14.036822  -23.053804  45.555781  19.837283  26.273733  125.326620
0.235240  0.000000  0.000000  0.000000  -30.721307  14.845035  37.142857  52.693395  -19.803927  -16.742615  -23.053804  45.555781  19.837283  26.273733  125.326620
0.235471  0.000000  0.000000  0.000000  -30.721307  14.845035  41.428571  51.657798  -23.189924  -19.566917  -23.053804  45.555781  19.837283  26.273733  125.326620
0.235703  0.000000  0.000000  0.000000  -30.721307  14.845035  45.714286  50.408632  -26.522923  -22.536872  -23.053804  45.555781  19.837283  26.273733  125.326620
0.235934  0.000000  0.000000  0.000000  -30.721307  14.845035  50.000000  48.923235  -29.790764  -25.682760  -23.053804  45.555781  19.837283  26.273733  125.326620
0.236166  0.000000  0.000000  0.000000  -31.318400  20.584015  -10.000000  53.923421  24.774083  16.834235  -21.489061  48.813278  29.219225  14.047896  120.201595
0.236397  0.000000  0.000000  0.000000  -31.318400  20.584015  -5.714286  54.983088  21.286347  14.127263  -21.489061  48.813278  29.219225  14.047896  120.201595
0.236629  0.000000  0.000000  0.000000  -31.318400  20.584015  -1.428571  55.846015  17.757370  11.546551  -21.489061  48.813278  29.219225  14.047896  120.201595
0.236860  0.000000  0.000000  0.000000  -31.318400  20.584015  2.857143  56.529137  14.195944  9.066214  -21.489061  48.813278  29.219225  14.047896  120.201595
0.237092  0.000000  0.000000  0.000000  -31.318400  20.584015  7.142857  57.045639  10.609793  6.663018  -21.489061  48.813278  29.219225  14.047896  120.201595
0.237323  0.000000  0.000000  0.000000  -31.318400  20.584015  11.428571  57.405287  7.005823  4.315711  -21.489061  48.813278  29.219225  14.047896  120.201595
0.237555  0.000000  0.000000  0.000000  -31.318400  20.584015  15.714286  57.614813  3.390392  2.004508  -21.489061  48.813278  29.219225  14.047896  120.201595
0.237787  0.000000  0.000000  0.000000  -31.318400  20.584015  20.000000  57.678102  -0.230513  -0.289447  -21.489061  48.813278  29.219225  14.047896  120.201595
0.238018  0.000000  0.000000  0.000000  -31.318400  20.584015  24.285714  57.596319  -3.851024  -2.584571  -21.489061  48.813278  29.219225  14.047896  120.201595
0.238250  0.000000  0.000000  0.000000  -31.318400  20.584015  28.571429  57.367957  -7.465334  -4.899309  -21.489061  48.813278  29.219225  14.047896  120.201595
0.238481  0.000000  0.000000  0.000000  -31.318400  20.584015  32.857143  56.988780  -11.067399  -7.252606  -21.489061  48.813278  29.219225  14.047896  120.201595
0.238713  0.000000  0.000000  0.000000  -31.318400  20.584015  37.142857  56.451680  -14.650801  -9.664404  -21.489061  48.813278  29.219225  14.047896  120.201595
0.238944  0.000000  0.000000  0.000000  -31.318400  20.584015  41.428571  55.746475  -18.208544  -12.156178  -21.489061  48.813278  29.219225  14.047896  120.201595
0.239176  0.000000  0.000000  0.000000  -31.318400  20.584015  45.714286  54.859530  -21.732786  -14.751462  -21.489061  48.813278  29.219225  14.047896  120.201595
0.239407  0.000000  0.000000  0.000000  -31.318400  20.584015  50.000000  53.773392  -25.214573  -17.476523  -21.489061  48.813278  29.219225  14.047896  120.201595
0.239639  0.000000  0.000000  0.000000  -40.770275  12.156830  -10.000000  54.205142  38.147305  13.072138  -15.337686  62.902100  1.042111  32.219021  110.543040
0.239870  0.000000  0.000000  0.000000  -40.770275  12.156830  -5.714286  56.012737  34.631023  10.027182  -15.337686  62.902100  1.042111  32.219021  110.543040
0.240102  0.000000  0.000000  0.000000  -40.770275  12.156830  -1.428571  57.529217  31.045264  7.232389  -15.337686  62.902100  1.042111  32.219021  110.543040
0.240333  0.000000  0.000000  0.000000  -40.770275  12.156830  2.857143  58.794620  27.403674  4.642229  -15.337686  62.902100  1.042111  32.219021  110.543040
0.240565  0.000000  0.000000  0.000000  -40.770275  12.156830  7.142857  59.841058  23.717310  2.218461  -15.337686  62.902100  1.042111  32.219021  110.543040
0.240796  0.000000  0.000000  0.000000  -40.770275  12.156830  11.428571  60.694023  19.995278  -0.071265  -15.337686  62.902100  1.042111  32.219021  110.543040
0.241028  0.000000  0.000000  0.000000  -40.770275  12.156830  15.714286  61.373549  16.245199  -2.254731  -15.337686  62.902100  1.042111  32.219021  110.543040
0.241260  0.000000  0.000000  0.000000  -40.770275  12.156830  20.000000  61.895046  12.473630  -4.356160  -15.337686  62.902100  1.042111  32.219021  110.543040
0.241491  0.000000  0.000000  0.000000  -40.770275  12.156830  24.285714  62.270014  8.686267  -6.397064  -15.337686  62.902100  1.042111  32.219021  110.543040
0.241723  0.000000  0.000000  0.000000  -40.770275  12.156830  28.571429  62.506541  4.888264  -8.397045  -15.337686  62.902100  1.042111  32.219021  110.543040
0.241954  0.000000  0.000000  0.000000  -40.770275  12.156830  32.857143  62.609617  1.084414  -10.374439  -15.337686  62.902100  1.042111  32.219021  110.543040
0.242186  0.000000  0.000000  0.000000  -40.770275  12.156830  37.142857  62.581433  -2.720731  -12.346860  -15.337686  62.902100  1.042111  32.219021  110.543040
0.242417  0.000000  0.000000  0.000000  -40.770275  12.156830  41.428571  62.421393  -6.522637  -14.331782  -15.337686  62.902100  1.042111  32.219021  110.543040
0.242649  0.000000  0.000000  0.000000  -40.770275  12.156830  45.714286  62.126121  -10.316663  -16.347057  -15.337686  62.902100  1.042111  32.219021  110.543040
0.242880  0.000000  0.000000  0.000000  -40.770275  12.156830  50.000000  61.689316  -14.097897  -18.411488  -15.337686  62.902100  1.042111  32.219021  110.543040
0.243112  0.000000  0.000000  0.000000  -35.308833  -7.109454  -10.000000  76.096297  46.692103  -4.780991  -33.546184  59.872169  11.032121  24.408632  127.564332
0.243343  0.000000  0.000000  0.000000  -35.308833  -7.109454  -5.714286  77.077401  42.523035  -6.177125  -33.546184  59.872169  11.032121  24.408632  127.564332
0.243575  0.000000  0.000000  0.000000  -35.308833  -7.109454  -1.428571  77.869738  38.339146  -7.398021  -33.546184  59.872169  11.032121  24.408632  127.564332
0.243806  0.000000  0.000000  0.000000  -35.308833  -7.109454  2.857143  78.512909  34.143987  -8.485203  -33.546184  59.872169  11.032121  24.408632  127.564332
0.244038  0.000000  0.000000  0.000000  -35.308833  -7.109454  7.142857  79.035367  29.940148  -9.469273  -33.546184  59.872169  11.032121  24.408632  127.564332
0.244270  0.000000  0.000000  0.000000  -35.308833  -7.109454  11.428571  79.457789  25.729598  -10.373338  -33.546184  59.872169  11.032121  24.408632  127.564332
0.244501  0.000000  0.000000  0.000000  -35.308833  -7.109454  15.714286  79.795441  21.513851  -11.215417  -33.546184  59.872169  11.032121  24.408632  127.564332
0.244733  0.000000  0.000000  0.000000  -35.308833  -7.109454  20.000000  80.059580  17.294120  -12.009922  -33.546184  59.872169  11.032121  24.408632  127.564332
0.244964  0.000000  0.000000  0.000000  -35.308833  -7.109454  24.285714  80.258448  13.071401  -12.768730  -33.546184  59.872169  11.032121  24.408632  127.564332
0.245196  0.000000  0.000000  0.000000  -35.308833  -7.109454  28.571429  80.397937  8.846545  -13.501960  -33.546184  59.872169  11.032121  24.408632  127.564332
0.245427  0.000000  0.000000  0.000000  -35.308833  -7.109454  32.857143  80.482015  4.620294  -14.218515  -33.546184  59.872169  11.032121  24.408632  127.564332
0.245659  0.000000  0.000000  0.000000  -35.308833  -7.109454  37.142857  80.513002  0.393337  -14.926563  -33.546184  59.872169  11.032121  24.408632  127.564332
0.245890  0.000000  0.000000  0.000000  -35.308833  -7.109454  41.428571  80.491748  -3.833688  -15.633893  -33.546184  59.872169  11.032121  24.408632  127.564332
0.246122  0.000000  0.000000  0.000000  -35.308833  -7.109454  45.714286  80.417687  -8.060119  -16.348270  -33.546184  59.872169  11.032121  24.408632  127.564332
0.246353  0.000000  0.000000  0.000000  -35.308833  -7.109454  50.000000  80.288762  -12.285291  -17.077743  -33.546184  59.872169  11.032121  24.408632  127.564332
0.246585  0.000000  0.000000  0.000000  -29.823878  8.022597  -10.000000  59.043225  43.286652  18.609926  -30.300673  58.302538  28.048972  31.507690  111.629047
0.246816  0.000000  0.000000  0.000000  -29.823878  8.022597  -5.714286  60.936005  39.574564  15.751333  -30.300673  58.302538  28.048972  31.507690  111.629047
0.247048  0.000000  0.000000  0.000000  -29.823878  8.022597  -1.428571  62.505360  35.799607  13.185957  -30.300673  58.302538  28.048972  31.507690  111.629047
0.247279  0.000000  0.000000  0.000000  -29.823878  8.022597  2.857143  63.805840  31.975129  10.855038  -30.300673  58.302538  28.048972  31.507690  111.629047
0.247511  0.000000  0.000000  0.000000  -29.823878  8.022597  7.142857  64.879591  28.111483  8.711733  -30.300673  58.302538  28.048972  31.507690  111.629047
0.247743  0.000000  0.000000  0.000000  -29.823878  8.022597  11.428571  65.759185  24.216837  6.718266  -30.300673  58.302538  28.048972  31.507690  111.629047
0.247974  0.000000  0.000000  0.000000  -29.823878  8.022597  15.714286  66.469723  20.297792  4.843583  -30.300673  58.302538  28.048972  31.507690  111.629047
0.248206  0.000000  0.000000  0.000000  -29.823878  8.022597  20.000000  67.030429  16.359782  3.061752  -30.300673  58.302538  28.048972  31.507690  111.629047
0.248437  0.000000  0.000000  0.000000  -29.823878  8.022597  24.285714  67.455771  12.407387  1.350636  -30.300673  58.302538  28.048972  31.507690  111.629047
0.248669  0.000000  0.000000  0.000000  -29.823878  8.022597  28.571429  67.756340  8.444593  -0.309183  -30.300673  58.302538  28.048972  31.507690  111.629047
0.248900  0.000000  0.000000  0.000000  -29.823878  8.022597  32.857143  67.939403  4.474953  -1.935184  -30.300673  58.302538  28.048972  31.507690  111.629047
0.249132  0.000000  0.000000  0.000000  -29.823878  8.022597  37.142857  68.009275  0.501769  -3.543616  -30.300673  58.302538  28.048972  31.507690  111.629047
0.249363  0.000000  0.000000  0.000000  -29.823878  8.022597  41.428571  67.967609  -3.471812  -5.150091  -30.300673  58.302538  28.048972  31.507690  111.629047
0.249595  0.000000  0.000000  0.000000  -29.823878  8.022597  45.714286  67.813438  -7.442647  -6.770162  -30.300673  58.302538  28.048972  31.507690  111.629047
0.249826  0.000000  0.000000  0.000000  -29.823878  8.022597  50.000000  67.543111  -11.407493  -8.419849  -30.300673  58.302538  28.048972  31.507690  111.629047
0.250058  0.000000  0.000000  0.000000  -48.516505  1.588923  -10.000000  69.766427  31.485239  3.396645  -43.572146  44.266884  1.310106  27.607051  123.177015
0.250289  0.000000  0.000000  0.000000  -48.516505  1.588923  -5.714286  70.588044  27.453152  1.727665  -43.572146  44.266884  1.310106  27.607051  123.177015
0.250521  0.000000  0.000000  0.000000  -48.516505  1.588923  -1.428571  71.254373  23.402585  0.176855  -43.572146  44.266884  1.310106  27.607051  123.177015
0.250752  0.000000  0.000000  0.000000  -48.516505  1.588923  2.857143  71.786169  19.337620  -1.281572  -43.572146  44.266884  1.310106  27.607051  123.177015
0.250984  0.000000  0.000000  0.000000  -48.516505  1.588923  7.142857  72.199011  15.261633  -2.668946  -43.572146  44.266884  1.310106  27.607051  123.177015
0.251216  0.000000  0.000000  0.000000  -48.516505  1.588923  11.428571  72.504373  11.177435  -4.003347  -43.572146  44.266884  1.310106  27.607051  123.177015
0.251447  0.000000  0.000000  0.000000  -48.516505  1.588923  15.714286  72.710409  7.087491  -5.300596  -43.572146  44.266884  1.310106  27.607051  123.177015
0.251679  0.000000  0.000000  0.000000  -48.516505  1.588923  20.000000  72.822457  2.994015  -6.574973  -43.572146  44.266884  1.310106  27.607051  123.177015
0.251910  0.000000  0.000000  0.000000  -48.516505  1.588923  24.285714  72.843367  -1.100928  -7.839845  -43.572146  44.266884  1.310106  27.607051  123.177015
0.252142  0.000000  0.000000  0.000000  -48.516505  1.588923  28.571429  72.773664  -5.195334  -9.108202  -43.572146  44.266884  1.310106  27.607051  123.177015
0.252373  0.000000  0.000000  0.000000  -48.516505  1.588923  32.857143  72.611587  -9.287175  -10.393170  -43.572146  44.266884  1.310106  27.607051  123.177015
0.252605  0.000000  0.000000  0.000000  -48.516505  1.588923  37.142857  72.352978  -13.374318  -11.708538  -43.572146  44.266884  1.310106  27.607051  123.177015
0.252836  0.000000  0.000000  0.000000  -48.516505  1.588923  41.428571  71.991038  -17.454430  -13.069328  -43.572146  44.266884  1.310106  27.607051  123.177015
0.253068  0.000000  0.000000  0.000000  -48.516505  1.588923  45.714286  71.515901  -21.524871  -14.492478  -43.572146  44.266884  1.310106  27.607051  123.177015
0.253299  0.000000  0.000000  0.000000  -48.516505  1.588923  50.000000  70.914003  -25.582550  -15.997679  -43.572146  44.266884  1.310106  27.607051  123.177015
0.253531  0.000000  0.000000  0.000000  -42.374149  15.419055  -10.000000  56.744892  33.810640  18.662923  -12.993931  54.178539  -8.365502  32.315790  125.849538
0.253762  0.000000  0.000000  0.000000  -42.374149  15.419055  -5.714286  58.186063  30.196721  15.945316  -12.993931  54.178539  -8.365502  32.315790  125.849538
0.253994  0.000000  0.000000  0.000000  -42.374149  15.419055  -1.428571  59.385736  26.530750  13.421658  -12.993931  54.178539  -8.365502  32.315790  125.849538
0.254226  0.000000  0.000000  0.000000  -42.374149  15.419055  2.857143  60.374338  22.823142  11.055283  -12.993931  54.178539  -8.365502  32.315790  125.849538
0.254457  0.000000  0.000000  0.000000  -42.374149  15.419055  7.142857  61.175954  19.082451  8.815056  -12.993931  54.178539  -8.365502  32.315790  125.849538
0.254689  0.000000  0.000000  0.000000  -42.374149  15.419055  11.428571  61.809388  15.315896  6.674235  -12.993931  54.178539  -8.365502  32.315790  125.849538
0.254920  0.000000  0.000000  0.000000  -42.374149  15.419055  15.714286  62.289014  11.529688  4.609421  -12.993931  54.178539  -8.365502  32.315790  125.849538
0.255152  0.000000  0.000000  0.000000  -42.374149  15.419055  20.000000  62.625414  7.729295  2.599708  -12.993931  54.178539  -8.365502  32.315790  125.849538
0.255383  0.000000  0.000000  0.000000  -42.374149  15.419055  24.285714  62.825842  3.919679  0.625937  -12.993931  54.178539  -8.365502  32.315790  125.849538
0.255615  0.000000  0.000000  0.000000  -42.374149  15.419055  28.571429  62.894573  0.105470  -1.329891  -12.993931  54.178539  -8.365502  32.315790  125.849538
0.255846  0.000000  0.000000  0.000000  -42.374149  15.419055  32.857143  62.833051  -3.708866  -3.285240  -12.993931  54.178539  -8.365502  32.315790  125.849538
0.256078  0.000000  0.000000  0.000000  -42.374149  15.419055  37.142857  62.639991  -7.518854  -5.257556  -12.993931  54.178539  -8.365502  32.315790  125.849538
0.256309  0.000000  0.000000  0.000000  -42.374149  15.419055  41.428571  62.311274  -11.319882  -7.264797  -12.993931  54.178539  -8.365502  32.315790  125.849538
0.256541  0.000000  0.000000  0.000000  -42.374149  15.419055  45.714286  61.839811  -15.107012  -9.326038  -12.993931  54.178539  -8.365502  32.315790  125.849538
0.256772  0.000000  0.000000  0.000000  -42.374149  15.419055  50.000000  61.215215  -18.874808  -11.462073  -12.993931  54.178539  -8.365502  32.315790  125.849538
0.257004  0.000000  0.000000  0.000000  -24.911462  -2.506663  -10.000000  70.702036  42.334124  -1.460809  -25.196686  67.466587  18.773338  14.493372  110.866162
0.257235  0.000000  0.000000  0.000000  -24.911462  -2.506663  -5.714286  71.868955  38.274593  -3.263583  -25.196686  67.466587  18.773338  14.493372  110.866162
0.257467  0.000000  0.000000  0.000000  -24.911462  -2.506663  -1.428571  72.821827  34.190411  -4.874621  -25.196686  67.466587  18.773338  14.493372  110.866162
0.257699  0.000000  0.000000  0.000000  -24.911462  -2.506663  2.857143  73.599915  30.087123  -6.336277  -25.196686  67.466587  18.773338  14.493372  110.866162
0.257930  0.000000  0.000000  0.000000  -24.911462  -2.506663  7.142857  74.232275  25.968956  -7.681083  -25.196686  67.466587  18.773338  14.493372  110.866162
0.258162  0.000000  0.000000  0.000000  -24.911462  -2.506663  11.428571  74.740575  21.839204  -8.934647  -25.196686  67.466587  18.773338  14.493372  110.866162
0.258393  0.000000  0.000000  0.000000  -24.911462  -2.506663  15.714286  75.140991  17.700519  -10.117644  -25.196686  67.466587  18.773338  14.493372  110.866162
0.258625  0.000000  0.000000  0.000000  -24.911462  -2.506663  20.000000  75.445479  13.555071  -11.247180  -25.196686  67.466587  18.773338  14.493372  110.866162
0.258856  0.000000  0.000000  0.000000  -24.911462  -2.506663  24.285714  75.662708  9.404727  -12.337906  -25.196686  67.466587  18.773338  14.493372  110.866162
0.259088  0.000000  0.000000  0.000000  -24.911462  -2.506663  28.571429  75.798628  5.251114  -13.402712  -25.196686  67.466587  18.773338  14.493372  110.866162
0.259319  0.000000  0.000000  0.000000  -24.911462  -2.506663  32.857143  75.856821  1.095727  -14.453408  -25.196686  67.466587  18.773338  14.493372  110.866162
0.259551  0.000000  0.000000  0.000000  -24.911462  -2.506663  37.142857  75.838848  -3.060030  -15.501180  -25.196686  67.466587  18.773338  14.493372  110.866162
0.259782  0.000000  0.000000  0.000000  -24.911462  -2.506663  41.428571  75.744230  -7.214758  -16.557124  -25.196686  67.466587  18.773338  14.493372  110.866162
0.260014  0.000000  0.000000  0.000000  -24.911462  -2.506663  45.714286  75.570470  -11.367019  -17.632661  -25.196686  67.466587  18.773338  14.493372  110.866162
0.260245  0.000000  0.000000  0.000000  -24.911462  -2.506663  50.000000  75.312888  -15.515260  -18.740037  -25.196686  67.466587  18.773338  14.493372  110.866162
0.260477  0.000000  0.000000  0.000000  -38.285001  3.216312  -10.000000  68.504105  49.168624  10.148978  -28.752773  57.250483  14.018783  27.783125  122.817406
0.260708  0.000000  0.000000  0.000000  -38.285001  3.216312  -5.714286  70.137215  45.158396  7.923402  -28.752773  57.250483  14.018783  27.783125  122.817406
0.260940  0.000000  0.000000  0.000000  -38.285001  3.216312  -1.428571  71.458491  41.110649  5.992189  -28.752773  57.250483  14.018783  27.783125  122.817406
0.261172  0.000000  0.000000  0.000000  -38.285001  3.216312  2.857143  72.534426  37.034418  4.286335  -28.752773  57.250483  14.018783  27.783125  122.817406
0.261403  0.000000  0.000000  0.000000  -38.285001  3.216312  7.142857  73.413088  32.936252  2.754940  -28.752773  57.250483  14.018783  27.783125  122.817406
0.261635  0.000000  0.000000  0.000000  -38.285001  3.216312  11.428571  74.129649  28.821075  1.359689  -28.752773  57.250483  14.018783  27.783125  122.817406
0.261866  0.000000  0.000000  0.000000  -38.285001  3.216312  15.714286  74.710284  24.692644  0.070857  -28.752773  57.250483  14.018783  27.783125  122.817406
0.262098  0.000000  0.000000  0.000000  -38.285001  3.216312  20.000000  75.174490  20.553915  -1.135082  -28.752773  57.250483  14.018783  27.783125  122.817406
0.262329  0.000000  0.000000  0.000000  -38.285001  3.216312  24.285714  75.536782  16.407278  -2.277246  -28.752773  57.250483  14.018783  27.783125  122.817406
0.262561  0.000000  0.000000  0.000000  -38.285001  3.216312  28.571429  75.807858  12.254736  -3.371641  -28.752773  57.250483  14.018783  27.783125  122.817406
0.262792  0.000000  0.000000  0.000000  -38.285001  3.216312  32.857143  75.995344  8.097996  -4.432057  -28.752773  57.250483  14.018783  27.783125  122.817406
0.263024  0.000000  0.000000  0.000000  -38.285001  3.216312  37.142857  76.104319  3.938566  -5.470745  -28.752773  57.250483  14.018783  27.783125  122.817406
0.263255  0.000000  0.000000  0.000000  -38.285001  3.216312  41.428571  76.137688  -0.222130  -6.499083  -28.752773  57.250483  14.018783  27.783125  122.817406
0.263487  0.000000  0.000000  0.000000  -38.285001  3.216312  45.714286  76.096323  -4.382761  -7.528001  -28.752773  57.250483  14.018783  27.783125  122.817406
0.263718  0.000000  0.000000  0.000000  -38.285001  3.216312  50.000000  75.979133  -8.541965  -8.568470  -28.752773  57.250483  14.018783  27.783125  122.817406
0.263950  0.000000  0.000000  0.000000  -49.709964  10.371998  -10.000000  65.050168  37.571805  9.765937  -37.024304  58.709814  -4.256750  27.840547  114.261054
0.264182  0.000000  0.000000  0.000000  -49.709964  10.371998  -5.714286  66.315143  33.665777  7.595326  -37.024304  58.709814  -4.256750  27.840547  114.261054
0.264413  0.000000  0.000000  0.000000  -49.709964  10.371998  -1.428571  67.356662  29.725120  5.614320  -37.024304  58.709814  -4.256750  27.840547  114.261054
0.264645  0.000000  0.000000  0.000000  -49.709964  10.371998  2.857143  68.209333  25.757211  3.783725  -37.024304  58.709814  -4.256750  27.840547  114.261054
0.264876  0.000000  0.000000  0.000000  -49.709964  10.371998  7.142857  68.899534  21.767898  2.071987  -37.024304  58.709814  -4.256750  27.840547  114.261054
0.265108  0.000000  0.000000  0.000000  -49.709964  10.371998  11.428571  69.447323  17.761929  0.453175  -37.024304  58.709814  -4.256750  27.840547  114.261054
0.265339  0.000000  0.000000  0.000000  -49.709964  10.371998  15.714286  69.867769  13.743252  -1.094489  -37.024304  58.709814  -4.256750  27.840547  114.261054
0.265571  0.000000  0.000000  0.000000  -49.709964  10.371998  20.000000  70.171955  9.715257  -2.589817  -37.024304  58.709814  -4.256750  27.840547  114.261054
0.265802  0.000000  0.000000  0.000000  -49.709964  10.371998  24.285714  70.367614  5.680922  -4.049490  -37.024304  58.709814  -4.256750  27.840547  114.261054
0.266034  0.000000  0.000000  0.000000  -49.709964  10.371998  28.571429  70.459607  1.642982  -5.488827  -37.024304  58.709814  -4.256750  27.840547  114.261054
0.266265  0.000000  0.000000  0.000000  -49.709964  10.371998  32.857143  70.450180  -2.395993  -6.922342  -37.024304  58.709814  -4.256750  27.840547  114.261054
0.266497  0.000000  0.000000  0.000000  -49.709964  10.371998  37.142857  70.339107  -6.433461  -8.364351  -37.024304  58.709814  -4.256750  27.840547  114.261054
0.266728  0.000000  0.000000  0.000000  -49.709964  10.371998  41.428571  70.123663  -10.466824  -9.829482  -37.024304  58.709814  -4.256750  27.840547  114.261054
0.266960  0.000000  0.000000  0.000000  -49.709964  10.371998  45.714286  69.798480  -14.493318  -11.333251  -37.024304  58.709814  -4.256750  27.840547  114.261054
0.267191  0.000000  0.000000  0.000000  -49.709964  10.371998  50.000000  69.355238  -18.509895  -12.892681  -37.024304  58.709814  -4.256750  27.840547  114.261054
0.267423  0.000000  0.000000  0.000000  -41.630511  17.488334  -10.000000  59.588146  28.885645  18.109551  -10.013550  52.095387  0.235240  23.431829  113.576952
0.267655  0.000000  0.000000  0.000000  -41.630511  17.488334  -5.714286  60.677405  25.168546  15.714021  -10.013550  52.095387  0.235240  23.431829  113.576952
0.267886  0.000000  0.000000  0.000000  -41.630511  17.488334  -1.428571  61.568836  21.415206  13.461071  -10.013550  52.095387  0.235240  23.431829  113.576952
0.268118  0.000000  0.000000  0.000000  -41.630511  17.488334  2.857143  62.284340  17.633265  11.321535  -10.013550  52.095387  0.235240  23.431829  113.576952
0.268349  0.000000  0.000000  0.000000  -41.630511  17.488334  7.142857  62.840828  13.829205  9.270300  -10.013550  52.095387  0.235240  23.431829  113.576952
0.268581  0.000000  0.000000  0.000000  -41.630511  17.488334  11.428571  63.251071  10.008657  7.285246  -10.013550  52.095387  0.235240  23.431829  113.576952
0.268812  0.000000  0.000000  0.000000  -41.630511  17.488334  15.714286  63.524179  6.176614  5.346494  -10.013550  52.095387  0.235240  23.431829  113.576952
0.269044  0.000000  0.000000  0.000000  -41.630511  17.488334  20.000000  63.666117  2.337654  3.435673  -10.013550  52.095387  0.235240  23.431829  113.576952
0.269275  0.000000  0.000000  0.000000  -41.630511  17.488334  24.285714  63.679954  -1.503888  1.535294  -10.013550  52.095387  0.235240  23.431829  113.576952
0.269507  0.000000  0.000000  0.000000  -41.630511  17.488334  28.571429  63.565984  -5.343772  -0.371793  -10.013550  52.095387  0.235240  23.431829  113.576952
0.269738  0.000000  0.000000  0.000000  -41.630511  17.488334  32.857143  63.321752  -9.177694  -2.302961  -10.013550  52.095387  0.235240  23.431829  113.576952
0.269970  0.000000  0.000000  0.000000  -41.630511  17.488334  37.142857  62.941948  -13.001147  -4.276327  -10.013550  52.095387  0.235240  23.431829  113.576952
0.270201  0.000000  0.000000  0.000000  -41.630511  17.488334  41.428571  62.418133  -16.809232  -6.311413  -10.013550  52.095387  0.235240  23.431829  113.576952
0.270433  0.000000  0.000000  0.000000  -41.630511  17.488334  45.714286  61.738441  -20.596495  -8.429769  -10.013550  52.095387  0.235240  23.431829  113.576952
0.270665  0.000000  0.000000  0.000000  -41.630511  17.488334  50.000000  60.886871  -24.356643  -10.655777  -10.013550  52.095387  0.235240  23.431829  113.576952
0.270896  0.000000  0.000000  0.000000  -34.572579  13.054744  -10.000000  55.619493  32.040012  9.718779  -8.090006  67.588334  26.898739  15.978935  113.194015
0.271128  0.000000  0.000000  0.000000  -34.572579  13.054744  -5.714286  57.006816  28.473177  6.967190  -8.090006  67.588334  26.898739  15.978935  113.194015
0.271359  0.000000  0.000000  0.000000  -34.572579  13.054744  -1.428571  58.161039  24.854605  4.396763  -8.090006  67.588334  26.898739  15.978935  113.194015
0.271591  0.000000  0.000000  0.000000  -34.572579  13.054744  2.857143  59.109492  21.194560  1.973408  -8.090006  67.588334  26.898739  15.978935  113.194015
0.271822  0.000000  0.000000  0.000000  -34.572579  13.054744  7.142857  59.873814  17.501664  -0.332135  -8.090006  67.588334  26.898739  15.978935  113.194015
0.272054  0.000000  0.000000  0.000000  -34.572579  13.054744  11.428571  60.470963  13.783215  -2.545419  -8.090006  67.588334  26.898739  15.978935  113.194015
0.272285  0.000000  0.000000  0.000000  -34.572579  13.054744  15.714286  60.913826  10.045614  -4.689090  -8.090006  67.588334  26.898739  15.978935  113.194015
0.272517  0.000000  0.000000  0.000000  -34.572579  13.054744  20.000000  61.211667  6.294544  -6.783625  -8.090006  67.588334  26.898739  15.978935  113.194015
0.272748  0.000000  0.000000  0.000000  -34.572579  13.054744  24.285714  61.370676  2.535259  -8.848064  -8.090006  67.588334  26.898739  15.978935  113.194015
0.272980  0.000000  0.000000  0.000000  -34.572579  13.054744  28.571429  61.394129  -1.227299  -10.900520  -8.090006  67.588334  26.898739  15.978935  113.194015
0.273211  0.000000  0.000000  0.000000  -34.572579  13.054744  32.857143  61.282467  -4.988277  -12.958766  -8.090006  67.588334  26.898739  15.978935  113.194015
0.273443  0.000000  0.000000  0.000000  -34.572579  13.054744  37.142857  61.033426  -8.742775  -15.040747  -8.090006  67.588334  26.898739  15.978935  113.194015
0.273674  0.000000  0.000000  0.000000  -34.572579  13.054744  41.428571  60.641881  -12.485681  -17.165090  -8.090006  67.588334  26.898739  15.978935  113.194015
0.273906  0.000000  0.000000  0.000000  -34.572579  13.054744  45.714286  60.099638  -16.211473  -19.351730  -8.090006  67.588334  26.898739  15.978935  113.194015
0.274138  0.000000  0.000000  0.000000  -34.572579  13.054744  50.000000  59.395123  -19.914035  -21.622477  -8.090006  67.588334  26.898739  15.978935  113.194015
0.274369  0.000000  0.000000  0.000000  -35.683081  9.027521  -10.000000  60.885549  31.149540  6.755732  -41.012909  42.230624  10.533726  18.202831  129.854952
0.274601  0.000000  0.000000  0.000000  -35.683081  9.027521  -5.714286  62.033613  27.384038  4.408875  -41.012909  42.230624  10.533726  18.202831  129.854952
0.274832  0.000000  0.000000  0.000000  -35.683081  9.027521  -1.428571  62.977073  23.581874  2.217454  -41.012909  42.230624  10.533726  18.202831  129.854952
0.275064  0.000000  0.000000  0.000000  -35.683081  9.027521  2.857143  63.740868  19.750716  0.150021  -41.012909  42.230624  10.533726  18.202831  129.854952
0.275295  0.000000  0.000000  0.000000  -35.683081  9.027521  7.142857  64.344279  15.896945  -1.820063  -41.012909  42.230624  10.533726  18.202831  129.854952
0.275527  0.000000  0.000000  0.000000  -35.683081  9.027521  11.428571  64.801966  12.026007  -3.715821  -41.012909  42.230624  10.533726  18.202831  129.854952
0.275758  0.000000  0.000000  0.000000  -35.683081  9.027521  15.714286  65.124685  8.142653  -5.557648  -41.012909  42.230624  10.533726  18.202831  129.854952
0.275990  0.000000  0.000000  0.000000  -35.683081  9.027521  20.000000  65.319802  4.251157  -7.364001  -41.012909  42.230624  10.533726  18.202831  129.854952
0.276221  0.000000  0.000000  0.000000  -35.683081  9.027521  24.285714  65.391713  0.355491  -9.152171  -41.012909  42.230624  10.533726  18.202831  129.854952
0.276453  0.000000  0.000000  0.000000  -35.683081  9.027521  28.571429  65.342028  -3.540517  -10.938829  -41.012909  42.230624  10.533726  18.202831  129.854952
0.276684  0.000000  0.000000  0.000000  -35.683081  9.027521  32.857143  65.169638  -7.433063  -12.740601  -41.012909  42.230624  10.533726  18.202831  129.854952
0.276916  0.000000  0.000000  0.000000  -35.683081  9.027521  37.142857  64.870670  -11.318213  -14.574610  -41.012909  42.230624  10.533726  18.202831  129.854952
0.277147  0.000000  0.000000  0.000000  -35.683081  9.027521  41.428571  64.438289  -15.191750  -16.459087  -41.012909  42.230624  10.533726  18.202831  129.854952
0.277379  0.000000  0.000000  0.000000  -35.683081  9.027521  45.714286  63.862453  -19.049042  -18.413980  -41.012909  42.230624  10.533726  18.202831  129.854952
0.277611  0.000000  0.000000  0.000000  -35.683081  9.027521  50.000000  63.129210  -22.884766  -20.461782  -41.012909  42.230624  10.533726  18.202831  129.854952
0.277842  0.000000  0.000000  0.000000  -37.563700  11.281013  -10.000000  53.412703  27.463878  12.310789  -15.866692  43.538540  24.636466  16.254931  117.571015
0.278074  0.000000  0.000000  0.000000  -37.563700  11.281013  -5.714286  54.626661  23.995045  9.516160  -15.866692  43.538540  24.636466  16.254931  117.571015
0.278305  0.000000  0.000000  0.000000  -37.563700  11.281013  -1.428571  55.628937  20.478247  6.869317  -15.866692  43.538540  24.636466  16.254931  117.571015
0.278537  0.000000  0.000000  0.000000  -37.563700  11.281013  2.857143  56.439819  16.923184  4.341837  -15.866692  43.538540  24.636466  16.254931  117.571015
0.278768  0.000000  0.000000  0.000000  -37.563700  11.281013  7.142857  57.075365  13.338229  1.908502  -15.866692  43.538540  24.636466  16.254931  117.571015
0.279000  0.000000  0.000000  0.000000  -37.563700  11.281013  11.428571  57.547948  9.730762  -0.453398  -15.866692  43.538540  24.636466  16.254931  117.571015
0.279231  0.000000  0.000000  0.000000  -37.563700  11.281013  15.714286  57.866591  6.107427  -2.764690  -15.866692  43.538540  24.636466  16.254931  117.571015
0.279463  0.000000  0.000000  0.000000  -37.563700  11.281013  20.000000  58.037299  2.474361  -5.044832  -15.866692  43.538540  24.636466  16.254931  117.571015
0.279694  0.000000  0.000000  0.000000  -37.563700  11.281013  24.285714  58.063275  -1.162597  -7.312491  -15.866692  43.538540  24.636466  16.254931  117.571015
0.279926  0.000000  0.000000  0.000000  -37.563700  11.281013  28.571429  57.944990  -4.797735  -9.586002  -15.866692  43.538540  24.636466  16.254931  117.571015
0.280157  0.000000  0.000000  0.000000  -37.563700  11.281013  32.857143  57.680263  -8.425264  -11.883867  -15.866692  43.538540  24.636466  16.254931  117.571015
0.280389  0.000000  0.000000  0.000000  -37.563700  11.281013  37.142857  57.264092  -12.039193  -14.225191  -15.866692  43.538540  24.636466  16.254931  117.571015
0.280621  0.000000  0.000000  0.000000  -37.563700  11.281013  41.428571  56.688584  -15.633073  -16.630248  -15.866692  43.538540  24.636466  16.254931  117.571015
0.280852  0.000000  0.000000  0.000000  -37.563700  11.281013  45.714286  55.942578  -19.199825  -19.121015  -15.866692  43.538540  24.636466  16.254931  117.571015
0.281084  0.000000  0.000000  0.000000  -37.563700  11.281013  50.000000  55.011448  -22.731468  -21.721706  -15.866692  43.538540  24.636466  16.254931  117.571015
0.281315  0.000000  0.000000  0.000000  -38.672079  4.605524  -10.000000  66.540711  41.578338  7.467372  -32.998450  48.265589  26.699790  16.652623  125.798817
0.281547  0.000000  0.000000  0.000000  -38.672079  4.605524  -5.714286  67.913868  37.626143  5.314689  -32.998450  48.265589  26.699790  16.652623  125.798817
0.281778  0.000000  0.000000  0.000000  -38.672079  4.605524  -1.428571  69.041400  33.638808  3.380582  -32.998450  48.265589  26.699790  16.652623  125.798817
0.282010  0.000000  0.000000  0.000000  -38.672079  4.605524  2.857143  69.966166  29.624039  1.618469  -32.998450  48.265589  26.699790  16.652623  125.798817
0.282241  0.000000  0.000000  0.000000  -38.672079  4.605524  7.142857  70.720386  25.587777  -0.008058  -32.998450  48.265589  26.699790  16.652623  125.798817
0.282473  0.000000  0.000000  0.000000  -38.672079  4.605524  11.428571  71.328382  21.534702  -1.528055  -32.998450  48.265589  26.699790  16.652623  125.798817
0.282704  0.000000  0.000000  0.000000  -38.672079  4.605524  15.714286  71.808492  17.468614  -2.965248  -32.998450  48.265589  26.699790  16.652623  125.798817
0.282936  0.000000  0.000000  0.000000  -38.672079  4.605524  20.000000  72.174379  13.392651  -4.339467  -32.998450  48.265589  26.699790  16.652623  125.798817
0.283167  0.000000  0.000000  0.000000  -38.672079  4.605524  24.285714  72.436000  9.309510  -5.667804  -32.998450  48.265589  26.699790  16.652623  125.798817
0.283399  0.000000  0.000000  0.000000  -38.672079  4.605524  28.571429  72.600230  5.221568  -6.965399  -32.998450  48.265589  26.699790  16.652623  125.798817
0.283630  0.000000  0.000000  0.000000  -38.672079  4.605524  32.857143  72.671230  1.131001  -8.246154  -32.998450  48.265589  26.699790  16.652623  125.798817
0.283862  0.000000  0.000000  0.000000  -38.672079  4.605524  37.142857  72.650831  -2.960131  -9.523292  -32.998450  48.265589  26.699790  16.652623  125.798817
0.284094  0.000000  0.000000  0.000000  -38.672079  4.605524  41.428571  72.538509  -7.049785  -10.809911  -32.998450  48.265589  26.699790  16.652623  125.798817
0.284325  0.000000  0.000000  0.000000  -38.672079  4.605524  45.714286  72.331414  -11.135859  -12.119471  -32.998450  48.265589  26.699790  16.652623  125.798817
0.284557  0.000000  0.000000  0.000000  -38.672079  4.605524  50.000000  72.024193  -15.216098  -13.466357  -32.998450  48.265589  26.699790  16.652623  125.798817
0.284788  0.000000  0.000000  0.000000  -31.226185  1.620275  -10.000000  67.059319  32.887015  3.832992  -42.184333  51.613911  2.849344  21.001384  125.912391
0.285020  0.000000  0.000000  0.000000  -31.226185  1.620275  -5.714286  68.039553  28.925703  1.925843  -42.184333  51.613911  2.849344  21.001384  125.912391
0.285251  0.000000  0.000000  0.000000  -31.226185  1.620275  -1.428571  68.840057  24.939505  0.159684  -42.184333  51.613911  2.849344  21.001384  125.912391
0.285483  0.000000  0.000000  0.000000  -31.226185  1.620275  2.857143  69.485480  20.933801  -1.495355  -42.184333  51.613911  2.849344  21.001384  125.912391
0.285714  0.000000  0.000000  0.000000  -31.226185  1.620275  7.142857  69.994511  16.912983  -3.063905  -42.184333  51.613911  2.849344  21.001384  125.912391
0.285946  0.000000  0.000000  0.000000  -31.226185  1.620275  11.428571  70.381104  12.880700  -4.566696  -42.184333  51.613911  2.849344  21.001384  125.912391
0.286177  0.000000  0.000000  0.000000  -31.226185  1.620275  15.714286  70.655450  8.840131  -6.021774  -42.184333  51.613911  2.849344  21.001384  125.912391
0.286409  0.000000  0.000000  0.000000  -31.226185  1.620275  20.000000  70.824527  4.794073  -7.445212  -42.184333  51.613911  2.849344  21.001384  125.912391
0.286640  0.000000  0.000000  0.000000  -31.226185  1.620275  24.285714  70.892541  0.745104  -8.851856  -42.184333  51.613911  2.849344  21.001384  125.912391
0.286872  0.000000  0.000000  0.000000  -31.226185  1.620275  28.571429  70.861165  -3.304313  -10.255912  -42.184333  51.613911  2.849344  21.001384  125.912391
0.287103  0.000000  0.000000  0.000000  -31.226185  1.620275  32.857143  70.729630  -7.351733  -11.671489  -42.184333  51.613911  2.849344  21.001384  125.912391
0.287335  0.000000  0.000000  0.000000  -31.226185  1.620275  37.142857  70.494680  -11.394634  -13.113133  -42.184333  51.613911  2.849344  21.001384  125.912391
0.287567  0.000000  0.000000  0.000000  -31.226185  1.620275  41.428571  70.150390  -15.430307  -14.596399  -42.184333  51.613911  2.849344  21.001384  125.912391
0.287798  0.000000  0.000000  0.000000  -31.226185  1.620275  45.714286  69.687824  -19.455742  -16.138499  -42.184333  51.613911  2.849344  21.001384  125.912391
0.288030  0.000000  0.000000  0.000000  -31.226185  1.620275  50.000000  69.094493  -23.467477  -17.759074  -42.184333  51.613911  2.849344  21.001384  125.912391
0.288261  0.000000  0.000000  0.000000  -34.758195  13.620090  -10.000000  60.374064  37.179825  17.777235  -22.739586  55.748776  21.888902  25.041384  112.126765
0.288493  0.000000  0.000000  0.000000  -34.758195  13.620090  -5.714286  61.841115  33.426845  15.240307  -22.739586  55.748776  21.888902  25.041384  112.126765
0.288724  0.000000  0.000000  0.000000  -34.758195  13.620090  -1.428571  63.057717  29.626528  12.915152  -22.739586  55.748776  21.888902  25.041384  112.126765
0.288956  0.000000  0.000000  0.000000  -34.758195  13.620090  2.857143  64.060412  25.788625  10.760040  -22.739586  55.748776  21.888902  25.041384  112.126765
0.289187  0.000000  0.000000  0.000000  -34.758195  13.620090  7.142857  64.877597  21.920968  8.740732  -22.739586  55.748776  21.888902  25.041384  112.126765
0.289419  0.000000  0.000000  0.000000  -34.758195  13.620090  11.428571  65.531215  18.029971  6.828682  -22.739586  55.748776  21.888902  25.041384  112.126765
0.289650  0.000000  0.000000  0.000000  -34.758195  13.620090  15.714286  66.038020  14.121012  4.999636  -22.739586  55.748776  21.888902  25.041384  112.126765
0.289882  0.000000  0.000000  0.000000  -34.758195  13.620090  20.000000  66.410495  10.198707  3.232502  -22.739586  55.748776  21.888902  25.041384  112.126765
0.290113  0.000000  0.000000  0.000000  -34.758195  13.620090  24.285714  66.657546  6.267127  1.508487  -22.739586  55.748776  21.888902  25.041384  112.126765
0.290345  0.000000  0.000000  0.000000  -34.758195  13.620090  28.571429  66.784896  2.330021  -0.189703  -22.739586  55.748776  21.888902  25.041384  112.126765
0.290577  0.000000  0.000000  0.000000  -34.758195  13.620090  32.857143  66.795535  -1.609127  -1.878399  -22.739586  55.748776  21.888902  25.041384  112.126765
0.290808  0.000000  0.000000  0.000000  -34.758195  13.620090  37.142857  66.689670  -5.546873  -3.573638  -22.739586  55.748776  21.888902  25.041384  112.126765
0.291040  0.000000  0.000000  0.000000  -34.758195  13.620090  41.428571  66.464869  -9.479725  -5.291690  -22.739586  55.748776  21.888902  25.041384  112.126765
0.291271  0.000000  0.000000  0.000000  -34.758195  13.620090  45.714286  66.115926  -13.404023  -7.049570  -22.739586  55.748776  21.888902  25.041384  112.126765
0.291503  0.000000  0.000000  0.000000  -34.758195  13.620090  50.000000  65.634527  -17.315752  -8.865787  -22.739586  55.748776  21.888902  25.041384  112.126765
0.291734  0.000000  0.000000  0.000000  -50.289025  0.114940  -10.000000  64.800300  36.693805  -0.682326  -23.527295  58.468259  16.676394  12.447220  125.743329
0.291966  0.000000  0.000000  0.000000  -50.289025  0.114940  -5.714286  66.037424  32.795949  -2.851583  -23.527295  58.468259  16.676394  12.447220  125.743329
0.292197  0.000000  0.000000  0.000000  -50.289025  0.114940  -1.428571  67.055934  28.863854  -4.837637  -23.527295  58.468259  16.676394  12.447220  125.743329
0.292429  0.000000  0.000000  0.000000  -50.289025  0.114940  2.857143  67.888790  24.904788  -6.678234  -23.527295  58.468259  16.676394  12.447220  125.743329
0.292660  0.000000  0.000000  0.000000  -50.289025  0.114940  7.142857  68.561145  20.924536  -8.403938  -23.527295  58.468259  16.676394  12.447220  125.743329
0.292892  0.000000  0.000000  0.000000  -50.289025  0.114940  11.428571  69.092194  16.927873  -10.040060  -23.527295  58.468259  16.676394  12.447220  125.743329
0.293123  0.000000  0.000000  0.000000  -50.289025  0.114940  15.714286  69.496226  12.918716  -11.607925  -23.527295  58.468259  16.676394  12.447220  125.743329
0.293355  0.000000  0.000000  0.000000  -50.289025  0.114940  20.000000  69.783757  8.900512  -13.126136  -23.527295  58.468259  16.676394  12.447220  125.743329
0.293586  0.000000  0.000000  0.000000  -50.289025  0.114940  24.285714  69.961998  4.876291  -14.611282  -23.527295  58.468259  16.676394  12.447220  125.743329
0.293818  0.000000  0.000000  0.000000  -50.289025  0.114940  28.571429  70.035334  0.848853  -16.078708  -23.527295  58.468259  16.676394  12.447220  125.743329
0.294050  0.000000  0.000000  0.000000  -50.289025  0.114940  32.857143  70.005534  -3.179143  -17.543075  -23.527295  58.468259  16.676394  12.447220  125.743329
0.294281  0.000000  0.000000  0.000000  -50.289025  0.114940  37.142857  69.871887  -7.205049  -19.018937  -23.527295  58.468259  16.676394  12.447220  125.743329
0.294513  0.000000  0.000000  0.000000  -50.289025  0.114940  41.428571  69.631126  -11.226142  -20.521277  -23.527295  58.468259  16.676394  12.447220  125.743329
0.294744  0.000000  0.000000  0.000000  -50.289025  0.114940  45.714286  69.277269  -15.239500  -22.066088  -23.527295  58.468259  16.676394  12.447220  125.743329
0.294976  0.000000  0.000000  0.000000  -50.289025  0.114940  50.000000  68.801263  -19.241881  -23.671013  -23.527295  58.468259  16.676394  12.447220  125.743329
0.295207  0.000000  0.000000  0.000000  -25.448067  6.642353  -10.000000  58.279324  47.584291  13.381585  -10.728921  44.377297  -4.509427  24.947224  117.227017
0.295439  0.000000  0.000000  0.000000  -25.448067  6.642353  -5.714286  60.519218  43.894277  10.256001  -10.728921  44.377297  -4.509427  24.947224  117.227017
0.295670  0.000000  0.000000  0.000000  -25.448067  6.642353  -1.428571  62.365618  40.129086  7.499007  -10.728921  44.377297  -4.509427  24.947224  117.227017
0.295902  0.000000  0.000000  0.000000  -25.448067  6.642353  2.857143  63.891665  36.305432  5.033850  -10.728921  44.377297  -4.509427  24.947224  117.227017
0.296133  0.000000  0.000000  0.000000  -25.448067  6.642353  7.142857  65.153185  32.435913  2.800744  -10.728921  44.377297  -4.509427  24.947224  117.227017
0.296365  0.000000  0.000000  0.000000  -25.448067  6.642353  11.428571  66.192922  28.530263  0.752475  -10.728921  44.377297  -4.509427  24.947224  117.227017
0.296596  0.000000  0.000000  0.000000  -25.448067  6.642353  15.714286  67.043661  24.596085  -1.148693  -10.728921  44.377297  -4.509427  24.947224  117.227017
0.296828  0.000000  0.000000  0.000000  -25.448067  6.642353  20.000000  67.730526  20.639496  -2.933515  -10.728921  44.377297  -4.509427  24.947224  117.227017
0.297060  0.000000  0.000000  0.000000  -25.448067  6.642353  24.285714  68.272674  16.665498  -4.627516  -10.728921  44.377297  -4.509427  24.947224  117.227017
0.297291  0.000000  0.000000  0.000000  -25.448067  6.642353  28.571429  68.684510  12.678309  -6.252402  -10.728921  44.377297  -4.509427  24.947224  117.227017
0.297523  0.000000  0.000000  0.000000  -25.448067  6.642353  32.857143  68.976527  8.681556  -7.827061  -10.728921  44.377297  -4.509427  24.947224  117.227017
0.297754  0.000000  0.000000  0.000000  -25.448067  6.642353  37.142857  69.155951  4.678478  -9.368447  -10.728921  44.377297  -4.509427  24.947224  117.227017
0.297986  0.000000  0.000000  0.000000  -25.448067  6.642353  41.428571  69.227118  0.672072  -10.892277  -10.728921  44.377297  -4.509427  24.947224  117.227017
0.298217  0.000000  0.000000  0.000000  -25.448067  6.642353  45.714286  69.191749  -3.334819  -12.413607  -10.728921  44.377297  -4.509427  24.947224  117.227017
0.298449  0.000000  0.000000  0.000000  -25.448067  6.642353  50.000000  69.048986  -7.339325  -13.947401  -10.728921  44.377297  -4.509427  24.947224  117.227017
0.298680  0.000000  0.000000  0.000000  -53.350561  2.751022  -10.000000  65.567198  27.266462  2.439482  -22.684045  59.128385  -6.092449  29.575140  111.124335
0.298912  0.000000  0.000000  0.000000  -53.350561  2.751022  -5.714286  66.392571  23.351475  0.510082  -22.684045  59.128385  -6.092449  29.575140  111.124335
0.299143  0.000000  0.000000  0.000000  -53.350561  2.751022  -1.428571  67.055980  19.414195  -1.308296  -22.684045  59.128385  -6.092449  29.575140  111.124335
0.299375  0.000000  0.000000  0.000000  -53.350561  2.751022  2.857143  67.575353  15.459694  -3.040370  -22.684045  59.128385  -6.092449  29.575140  111.124335
0.299606  0.000000  0.000000  0.000000  -53.350561  2.751022  7.142857  67.964070  11.492242  -4.707344  -22.684045  59.128385  -6.092449  29.575140  111.124335
0.299838  0.000000  0.000000  0.000000  -53.350561  2.751022  11.428571  68.231844  7.515592  -6.327944  -22.684045  59.128385  -6.092449  29.575140  111.124335
0.300069  0.000000  0.000000  0.000000  -53.350561  2.751022  15.714286  68.385120  3.533104  -7.919056  -22.684045  59.128385  -6.092449  29.575140  111.124335
0.300301  0.000000  0.000000  0.000000  -53.350561  2.751022  20.000000  68.427561  -0.452078  -9.496543  -22.684045  59.128385  -6.092449  29.575140  111.124335
0.300533  0.000000  0.000000  0.000000  -53.350561  2.751022  24.285714  68.360159  -4.436923  -11.075760  -22.684045  59.128385  -6.092449  29.575140  111.124335
0.300764  0.000000  0.000000  0.000000  -53.350561  2.751022  28.571429  68.181326  -8.418364  -12.672145  -22.684045  59.128385  -6.092449  29.575140  111.124335
0.300996  0.000000  0.000000  0.000000  -53.350561  2.751022  32.857143  67.886787  -12.393233  -14.301733  -22.684045  59.128385  -6.092449  29.575140  111.124335
0.301227  0.000000  0.000000  0.000000  -53.350561  2.751022  37.142857  67.469393  -16.358088  -15.981765  -22.684045  59.128385  -6.092449  29.575140  111.124335
0.301459  0.000000  0.000000  0.000000  -53.350561  2.751022  41.428571  66.918679  -20.309087  -17.731444  -22.684045  59.128385  -6.092449  29.575140  111.124335
0.301690  0.000000  0.000000  0.000000  -53.350561  2.751022  45.714286  66.220275  -24.241778  -19.572687  -22.684045  59.128385  -6.092449  29.575140  111.124335
0.301922  0.000000  0.000000  0.000000  -53.350561  2.751022  50.000000  65.355124  -28.150906  -21.531180  -22.684045  59.128385  -6.092449  29.575140  111.124335
0.302153  0.000000  0.000000  0.000000  -32.745087  6.174449  -10.000000  58.843182  36.873526  1.877971  -35.119291  58.981533  -6.109336  14.317072  123.526856
0.302385  0.000000  0.000000  0.000000  -32.745087  6.174449  -5.714286  60.363728  33.176146  -0.769685  -35.119291  58.981533  -6.109336  14.317072  123.526856
0.302616  0.000000  0.000000  0.000000  -32.745087  6.174449  -1.428571  61.627889  29.427291  -3.201329  -35.119291  58.981533  -6.109336  14.317072  123.526856
0.302848  0.000000  0.000000  0.000000  -32.745087  6.174449  2.857143  62.672061  25.637434  -5.458755  -35.119291  58.981533  -6.109336  14.317072  123.526856
0.303079  0.000000  0.000000  0.000000  -32.745087  6.174449  7.142857  63.524738  21.815029  -7.576523  -35.119291  58.981533  -6.109336  14.317072  123.526856
0.303311  0.000000  0.000000  0.000000  -32.745087  6.174449  11.428571  64.208065  17.967028  -9.583632  -35.119291  58.981533  -6.109336  14.317072  123.526856
0.303542  0.000000  0.000000  0.000000  -32.745087  6.174449  15.714286  64.739042  14.099282  -11.504852  -35.119291  58.981533  -6.109336  14.317072  123.526856
0.303774  0.000000  0.000000  0.000000  -32.745087  6.174449  20.000000  65.130391  10.216825  -13.361805  -35.119291  58.981533  -6.109336  14.317072  123.526856
0.304006  0.000000  0.000000  0.000000  -32.745087  6.174449  24.285714  65.391227  6.324107  -15.173818  -35.119291  58.981533  -6.109336  14.317072  123.526856
0.304237  0.000000  0.000000  0.000000  -32.745087  6.174449  28.571429  65.527442  2.425230  -16.958709  -35.119291  58.981533  -6.109336  14.317072  123.526856
0.304469  0.000000  0.000000  0.000000  -32.745087  6.174449  32.857143  65.542175  -1.475993  -18.733313  -35.119291  58.981533  -6.109336  14.317072  123.526856
0.304700  0.000000  0.000000  0.000000  -32.745087  6.174449  37.142857  65.435673  -5.375801  -20.514166  -35.119291  58.981533  -6.109336  14.317072  123.526856
0.304932  0.000000  0.000000  0.000000  -32.745087  6.174449  41.428571  65.205592  -9.270372  -22.318003  -35.119291  58.981533  -6.109336  14.317072  123.526856
0.305163  0.000000  0.000000  0.000000  -32.745087  6.174449  45.714286  64.846722  -13.155721  -24.162302  -35.119291  58.981533  -6.109336  14.317072  123.526856
0.305395  0.000000  0.000000  0.000000  -32.745087  6.174449  50.000000  64.350745  -17.027486  -26.065994  -35.119291  58.981533  -6.109336  14.317072  123.526856
0.305626  0.000000  0.000000  0.000000  -33.367487  13.161017  -10.000000  58.552563  42.937883  21.852041  -18.482190  43.992349  5.838240  23.622367  120.505387
0.305858  0.000000  0.000000  0.000000  -33.367487  13.161017  -5.714286  60.450369  39.244181  18.966425  -18.482190  43.992349  5.838240  23.622367  120.505387
0.306089  0.000000  0.000000  0.000000  -33.367487  13.161017  -1.428571  62.025816  35.486449  16.372186  -18.482190  43.992349  5.838240  23.622367  120.505387
0.306321  0.000000  0.000000  0.000000  -33.367487  13.161017  2.857143  63.332469  31.678185  14.011453  -18.482190  43.992349  5.838240  23.622367  120.505387
0.306552  0.000000  0.000000  0.000000  -33.367487  13.161017  7.142857  64.411859  27.829893  11.837902  -18.482190  43.992349  5.838240  23.622367  120.505387
0.306784  0.000000  0.000000  0.000000  -33.367487  13.161017  11.428571  65.296167  23.949903  9.813987  -18.482190  43.992349  5.838240  23.622367  120.505387
0.307016  0.000000  0.000000  0.000000  -33.367487  13.161017  15.714286  66.010255  20.044945  7.908801  -18.482190  43.992349  5.838240  23.622367  120.505387
0.307247  0.000000  0.000000  0.000000  -33.367487  13.161017  20.000000  66.573185  16.120587  6.096402  -18.482190  43.992349  5.838240  23.622367  120.505387
0.307479  0.000000  0.000000  0.000000  -33.367487  13.161017  24.285714  66.999292  12.181525  4.354618  -18.482190  43.992349  5.838240  23.622367  120.505387
0.307710  0.000000  0.000000  0.000000  -33.367487  13.161017  28.571429  67.299084  8.231866  2.663906  -18.482190  43.992349  5.838240  23.622367  120.505387
0.307942  0.000000  0.000000  0.000000  -33.367487  13.161017  32.857143  67.479730  4.275276  1.006662  -18.482190  43.992349  5.838240  23.622367  120.505387
0.308173  0.000000  0.000000  0.000000  -33.367487  13.161017  37.142857  67.545456  0.315163  -0.633530  -18.482190  43.992349  5.838240  23.622367  120.505387
0.308405  0.000000  0.000000  0.000000  -33.367487  13.161017  41.428571  67.497795  -3.645208  -2.272470  -18.482190  43.992349  5.838240  23.622367  120.505387
0.308636  0.000000  0.000000  0.000000  -33.367487  13.161017  45.714286  67.335659  -7.602580  -3.925933  -18.482190  43.992349  5.838240  23.622367  120.505387
0.308868  0.000000  0.000000  0.000000  -33.367487  13.161017  50.000000  67.055230  -11.553580  -5.610176  -18.482190  43.992349  5.838240  23.622367  120.505387
0.309099  0.000000  0.000000  0.000000  -49.152249  -0.512764  -10.000000  75.540666  51.596165  0.718986  -38.067691  61.705360  1.225691  19.682572  128.175564
0.309331  0.000000  0.000000  0.000000  -49.152249  -0.512764  -5.714286  76.743761  47.434859  -0.861737  -38.067691  61.705360  1.225691  19.682572  128.175564
0.309562  0.000000  0.000000  0.000000  -49.152249  -0.512764  -1.428571  77.703473  43.255010  -2.209952  -38.067691  61.705360  1.225691  19.682572  128.175564
0.309794  0.000000  0.000000  0.000000  -49.152249  -0.512764  2.857143  78.476976  39.061372  -3.384428  -38.067691  61.705360  1.225691  19.682572  128.175564
0.310025  0.000000  0.000000  0.000000  -49.152249  -0.512764  7.142857  79.104145  34.857279  -4.426824  -38.067691  61.705360  1.225691  19.682572  128.175564
0.310257  0.000000  0.000000  0.000000  -49.152249  -0.512764  11.428571  79.613454  30.645158  -5.367601  -38.067691  61.705360  1.225691  19.682572  128.175564
0.310489  0.000000  0.000000  0.000000  -49.152249  -0.512764  15.714286  80.025527  26.426834  -6.229630  -38.067691  61.705360  1.225691  19.682572  128.175564
0.310720  0.000000  0.000000  0.000000  -49.152249  -0.512764  20.000000  80.355623  22.203702  -7.030714  -38.067691  61.705360  1.225691  19.682572  128.175564
0.310952  0.000000  0.000000  0.000000  -49.152249  -0.512764  24.285714  80.614855  17.976877  -7.784875  -38.067691  61.705360  1.225691  19.682572  128.175564
0.311183  0.000000  0.000000  0.000000  -49.152249  -0.512764  28.571429  80.811464  13.747279  -8.503705  -38.067691  61.705360  1.225691  19.682572  128.175564
0.311415  0.000000  0.000000  0.000000  -49.152249  -0.512764  32.857143  80.951338  9.515674  -9.196985  -38.067691  61.705360  1.225691  19.682572  128.175564
0.311646  0.000000  0.000000  0.000000  -49.152249  -0.512764  37.142857  81.038498  5.282733  -9.873273  -38.067691  61.705360  1.225691  19.682572  128.175564
0.311878  0.000000  0.000000  0.000000  -49.152249  -0.512764  41.428571  81.075349  1.049067  -10.540362  -38.067691  61.705360  1.225691  19.682572  128.175564
0.312109  0.000000  0.000000  0.000000  -49.152249  -0.512764  45.714286  81.062954  -3.184733  -11.205655  -38.067691  61.705360  1.225691  19.682572  128.175564
0.312341  0.000000  0.000000  0.000000  -49.152249  -0.512764  50.000000  81.000931  -7.418102  -11.876449  -38.067691  61.705360  1.225691  19.682572  128.175564
0.312572  0.000000  0.000000  0.000000  -28.384733  2.963286  -10.000000  61.269936  29.776925  6.259007  -45.439334  68.829649  14.449944  15.600666  119.947053
0.312804  0.000000  0.000000  0.000000  -28.384733  2.963286  -5.714286  62.341999  25.999144  3.968514  -45.439334  68.829649  14.449944  15.600666  119.947053
0.313035  0.000000  0.000000  0.000000  -28.384733  2.963286  -1.428571  63.219027  22.187545  1.821529  -45.439334  68.829649  14.449944  15.600666  119.947053
0.313267  0.000000  0.000000  0.000000  -28.384733  2.963286  2.857143  63.923767  18.349306  -0.211508  -45.439334  68.829649  14.449944  15.600666  119.947053
0.313498  0.000000  0.000000  0.000000  -28.384733  2.963286  7.142857  64.473718  14.490447  -2.155812  -45.439334  68.829649  14.449944  15.600666  119.947053
0.313730  0.000000  0.000000  0.000000  -28.384733  2.963286  11.428571  64.882077  10.616160  -4.033380  -45.439334  68.829649  14.449944  15.600666  119.947053
0.313962  0.000000  0.000000  0.000000  -28.384733  2.963286  15.714286  65.158305  6.731013  -5.863829  -45.439334  68.829649  14.449944  15.600666  119.947053
0.314193  0.000000  0.000000  0.000000  -28.384733  2.963286  20.000000  65.308667  2.839167  -7.665141  -45.439334  68.829649  14.449944  15.600666  119.947053
0.314425  0.000000  0.000000  0.000000  -28.384733  2.963286  24.285714  65.336535  -1.055462  -9.454336  -45.439334  68.829649  14.449944  15.600666  119.947053
0.314656  0.000000  0.000000  0.000000  -28.384733  2.963286  28.571429  65.242517  -4.949065  -11.248019  -45.439334  68.829649  14.449944  15.600666  119.947053
0.314888  0.000000  0.000000  0.000000  -28.384733  2.963286  32.857143  65.024548  -8.837773  -13.062965  -45.439334  68.829649  14.449944  15.600666  119.947053
0.315119  0.000000  0.000000  0.000000  -28.384733  2.963286  37.142857  64.677691  -12.717575  -14.916623  -45.439334  68.829649  14.449944  15.600666  119.947053
0.315351  0.000000  0.000000  0.000000  -28.384733  2.963286  41.428571  64.193976  -16.584096  -16.827798  -45.439334  68.829649  14.449944  15.600666  119.947053
0.315582  0.000000  0.000000  0.000000  -28.384733  2.963286  45.714286  63.562032  -20.432474  -18.817287  -45.439334  68.829649  14.449944  15.600666  119.947053
0.315814  0.000000  0.000000  0.000000  -28.384733  2.963286  50.000000  62.766397  -24.257086  -20.908702  -45.439334  68.829649  14.449944  15.600666  119.947053
0.316045  0.000000  0.000000  0.000000  -29.674985  2.628750  -10.000000  73.510887  46.529592  8.475219  -21.646039  64.163485  7.467951  17.503218  110.026881
0.316277  0.000000  0.000000  0.000000  -29.674985  2.628750  -5.714286  74.664826  42.407740  6.829071  -21.646039  64.163485  7.467951  17.503218  110.026881
0.316508  0.000000  0.000000  0.000000  -29.674985  2.628750  -1.428571  75.599080  38.265251  5.386697  -21.646039  64.163485  7.467951  17.503218  110.026881
0.316740  0.000000  0.000000  0.000000  -29.674985  2.628750  2.857143  76.358977  34.107021  4.100500  -21.646039  64.163485  7.467951  17.503218  110.026881
0.316972  0.000000  0.000000  0.000000  -29.674985  2.628750  7.142857  76.977344  29.936629  2.935132  -21.646039  64.163485  7.467951  17.503218  110.026881
0.317203  0.000000  0.000000  0.000000  -29.674985  2.628750  11.428571  77.478111  25.756824  1.863810  -21.646039  64.163485  7.467951  17.503218  110.026881
0.317435  0.000000  0.000000  0.000000  -29.674985  2.628750  15.714286  77.879060  21.569714  0.865523  -21.646039  64.163485  7.467951  17.503218  110.026881
0.317666  0.000000  0.000000  0.000000  -29.674985  2.628750  20.000000  78.193342  17.376992  -0.076572  -21.646039  64.163485  7.467951  17.503218  110.026881
0.317898  0.000000  0.000000  0.000000  -29.674985  2.628750  24.285714  78.430616  13.180049  -0.976387  -21.646039  64.163485  7.467951  17.503218  110.026881
0.318129  0.000000  0.000000  0.000000  -29.674985  2.628750  28.571429  78.597816  8.980079  -1.845798  -21.646039  64.163485  7.467951  17.503218  110.026881
0.318361  0.000000  0.000000  0.000000  -29.674985  2.628750  32.857143  78.699638  4.778119  -2.695252  -21.646039  64.163485  7.467951  17.503218  110.026881
0.318592  0.000000  0.000000  0.000000  -29.674985  2.628750  37.142857  78.738842  0.575133  -3.534339  -21.646039  64.163485  7.467951  17.503218  110.026881
0.318824  0.000000  0.000000  0.000000  -29.674985  2.628750  41.428571  78.716503  -3.627985  -4.372188  -21.646039  64.163485  7.467951  17.503218  110.026881
0.319055  0.000000  0.000000  0.000000  -29.674985  2.628750  45.714286  78.632025  -7.830316  -5.217886  -21.646039  64.163485  7.467951  17.503218  110.026881
0.319287  0.000000  0.000000  0.000000  -29.674985  2.628750  50.000000  78.483103  -12.030933  -6.080837  -21.646039  64.163485  7.467951  17.503218  110.026881
0.319518  0.000000  0.000000  0.000000  -49.552280  -5.880701  -10.000000  78.540547  43.396449  -3.854045  -7.343771  55.137073  19.756557  21.290023  110.502539
0.319750  0.000000  0.000000  0.000000  -49.552280  -5.880701  -5.714286  79.265398  39.190710  -4.951682  -7.343771  55.137073  19.756557  21.290023  110.502539
0.319981  0.000000  0.000000  0.000000  -49.552280  -5.880701  -1.428571  79.852699  34.975838  -5.925019  -7.343771  55.137073  19.756557  21.290023  110.502539
0.320213  0.000000  0.000000  0.000000  -49.552280  -5.880701  2.857143  80.329400  30.753960  -6.802853  -7.343771  55.137073  19.756557  21.290023  110.502539
0.320445  0.000000  0.000000  0.000000  -49.552280  -5.880701  7.142857  80.714990  26.526671  -7.606765  -7.343771  55.137073  19.756557  21.290023  110.502539
0.320676  0.000000  0.000000  0.000000  -49.552280  -5.880701  11.428571  81.023778  22.295196  -8.353429  -7.343771  55.137073  19.756557  21.290023  110.502539
0.320908  0.000000  0.000000  0.000000  -49.552280  -5.880701  15.714286  81.266343  18.060507  -9.056138  -7.343771  55.137073  19.756557  21.290023  110.502539
0.321139  0.000000  0.000000  0.000000  -49.552280  -5.880701  20.000000  81.450370  13.823396  -9.725685  -7.343771  55.137073  19.756557  21.290023  110.502539
0.321371  0.000000  0.000000  0.000000  -49.552280  -5.880701  24.285714  81.581417  9.584534  -10.371254  -7.343771  55.137073  19.756557  21.290023  110.502539
0.321602  0.000000  0.000000  0.000000  -49.552280  -5.880701  28.571429  81.663268  5.344512  -11.000864  -7.343771  55.137073  19.756557  21.290023  110.502539
0.321834  0.000000  0.000000  0.000000  -49.552280  -5.880701  32.857143  81.698215  1.103850  -11.621800  -7.343771  55.137073  19.756557  21.290023  110.502539
0.322065  0.000000  0.000000  0.000000  -49.552280  -5.880701  37.142857  81.687222  -3.136936  -12.240964  -7.343771  55.137073  19.756557  21.290023  110.502539
0.322297  0.000000  0.000000  0.000000  -49.552280  -5.880701  41.428571  81.629990  -7.377356  -12.865176  -7.343771  55.137073  19.756557  21.290023  110.502539
0.322528  0.000000  0.000000  0.000000  -49.552280  -5.880701  45.714286  81.524925  -11.616891  -13.501498  -7.343771  55.137073  19.756557  21.290023  110.502539
0.322760  0.000000  0.000000  0.000000  -49.552280  -5.880701  50.000000  81.369050  -15.854991  -14.157505  -7.343771  55.137073  19.756557  21.290023  110.502539
0.322991  0.000000  0.000000  0.000000  -53.432670  14.803087  -10.000000  54.864675  46.987274  17.748651  -35.163444  61.340831  -3.108026  14.001987  117.372390
0.323223  0.000000  0.000000  0.000000  -53.432670  14.803087  -5.714286  57.275676  43.430021  14.353481  -35.163444  61.340831  -3.108026  14.001987  117.372390
0.323455  0.000000  0.000000  0.000000  -53.432670  14.803087  -1.428571  59.277938  39.783573  11.340009  -35.163444  61.340831  -3.108026  14.001987  117.372390
0.323686  0.000000  0.000000  0.000000  -53.432670  14.803087  2.857143  60.942886  36.067092  8.632900  -35.163444  61.340831  -3.108026  14.001987  117.372390
0.323918  0.000000  0.000000  0.000000  -53.432670  14.803087  7.142857  62.326327  32.295268  6.172028  -35.163444  61.340831  -3.108026  14.001987  117.372390
0.324149  0.000000  0.000000  0.000000  -53.432670  14.803087  11.428571  63.471770  28.479548  3.909081  -35.163444  61.340831  -3.108026  14.001987  117.372390
0.324381  0.000000  0.000000  0.000000  -53.432670  14.803087  15.714286  64.413078  24.628983  1.804841  -35.163444  61.340831  -3.108026  14.001987  117.372390
0.324612  0.000000  0.000000  0.000000  -53.432670  14.803087  20.000000  65.176524  20.750903  -0.173017  -35.163444  61.340831  -3.108026  14.001987  117.372390
0.324844  0.000000  0.000000  0.000000  -53.432670  14.803087  24.285714  65.782349  16.851330  -2.051571  -35.163444  61.340831  -3.108026  14.001987  117.372390
0.325075  0.000000  0.000000  0.000000  -53.432670  14.803087  28.571429  66.245919  12.935382  -3.853983  -35.163444  61.340831  -3.108026  14.001987  117.372390
0.325307  0.000000  0.000000  0.000000  -53.432670  14.803087  32.857143  66.578540  9.007438  -5.600518  -35.163444  61.340831  -3.108026  14.001987  117.372390
0.325538  0.000000  0.000000  0.000000  -53.432670  14.803087  37.142857  66.788104  5.071438  -7.309403  -35.163444  61.340831  -3.108026  14.001987  117.372390
0.325770  0.000000  0.000000  0.000000  -53.432670  14.803087  41.428571  66.879480  1.130994  -8.997539  -35.163444  61.340831  -3.108026  14.001987  117.372390
0.326001  0.000000  0.000000  0.000000  -53.432670  14.803087  45.714286  66.854804  -2.810405  -10.681095  -35.163444  61.340831  -3.108026  14.001987  117.372390
0.326233  0.000000  0.000000  0.000000  -53.432670  14.803087  50.000000  66.713472  -6.749378  -12.376072  -35.163444  61.340831  -3.108026  14.001987  117.372390
0.326464  0.000000  0.000000  0.000000  -46.862884  2.229633  -10.000000  67.173317  46.702043  10.012994  -42.124651  61.224183  -10.770500  17.823330  115.746061
0.326696  0.000000  0.000000  0.000000  -46.862884  2.229633  -5.714286  68.765771  42.728608  7.751148  -42.124651  61.224183  -10.770500  17.823330  115.746061
0.326928  0.000000  0.000000  0.000000  -46.862884  2.229633  -1.428571  70.063545  38.716050  5.763241  -42.124651  61.224183  -10.770500  17.823330  115.746061
0.327159  0.000000  0.000000  0.000000  -46.862884  2.229633  2.857143  71.125227  34.673425  3.987717  -42.124651  61.224183  -10.770500  17.823330  115.746061
0.327391  0.000000  0.000000  0.000000  -46.862884  2.229633  7.142857  71.993964  30.607461  2.378142  -42.124651  61.224183  -10.770500  17.823330  115.746061
0.327622  0.000000  0.000000  0.000000  -46.862884  2.229633  11.428571  72.701836  26.523286  0.898740  -42.124651  61.224183  -10.770500  17.823330  115.746061
0.327854  0.000000  0.000000  0.000000  -46.862884  2.229633  15.714286  73.272866  22.424901  -0.478686  -42.124651  61.224183  -10.770500  17.823330  115.746061
0.328085  0.000000  0.000000  0.000000  -46.862884  2.229633  20.000000  73.725066  18.315514  -1.776900  -42.124651  61.224183  -10.770500  17.823330  115.746061
0.328317  0.000000  0.000000  0.000000  -46.862884  2.229633  24.285714  74.071813  14.197744  -3.014728  -42.124651  61.224183  -10.770500  17.823330  115.746061
0.328548  0.000000  0.000000  0.000000  -46.862884  2.229633  28.571429  74.322902  10.073855  -4.208257  -42.124651  61.224183  -10.770500  17.823330  115.746061
0.328780  0.000000  0.000000  0.000000  -46.862884  2.229633  32.857143  74.485117  5.945796  -5.371591  -42.124651  61.224183  -10.770500  17.823330  115.746061
0.329011  0.000000  0.000000  0.000000  -46.862884  2.229633  37.142857  74.562722  1.815334  -6.517554  -42.124651  61.224183  -10.770500  17.823330  115.746061
0.329243  0.000000  0.000000  0.000000  -46.862884  2.229633  41.428571  74.557740  -2.315848  -7.658283  -42.124651  61.224183  -10.770500  17.823330  115.746061
0.329474  0.000000  0.000000  0.000000  -46.862884  2.229633  45.714286  74.470031  -6.446107  -8.805695  -42.124651  61.224183  -10.770500  17.823330  115.746061
0.329706  0.000000  0.000000  0.000000  -46.862884  2.229633  50.000000  74.297327  -10.573763  -9.971975  -42.124651  61.224183  -10.770500  17.823330  115.746061
0.329937  0.000000  0.000000  0.000000  -51.013176  11.257909  -10.000000  59.983795  39.511570  8.509420  -38.282483  49.868481  -9.705301  13.507677  116.420387
0.330169  0.000000  0.000000  0.000000  -51.013176  11.257909  -5.714286  61.597593  35.770030  5.868623  -38.282483  49.868481  -9.705301  13.507677  116.420387
0.330401  0.000000  0.000000  0.000000  -51.013176  11.257909  -1.428571  62.937030  31.975982  3.466978  -38.282483  49.868481  -9.705301  13.507677  116.420387
0.330632  0.000000  0.000000  0.000000  -51.013176  11.257909  2.857143  64.044563  28.140323  1.257240  -38.282483  49.868481  -9.705301  13.507677  116.420387
0.330864  0.000000  0.000000  0.000000  -51.013176  11.257909  7.142857  64.953151  24.271681  -0.798900  -38.282483  49.868481  -9.705301  13.507677  116.420387
0.331095  0.000000  0.000000  0.000000  -51.013176  11.257909  11.428571  65.688293  20.377029  -2.732983  -38.282483  49.868481  -9.705301  13.507677  116.420387
0.331327  0.000000  0.000000  0.000000  -51.013176  11.257909  15.714286  66.269579  16.462123  -4.571433  -38.282483  49.868481  -9.705301  13.507677  116.420387
0.331558  0.000000  0.000000  0.000000  -51.013176  11.257909  20.000000  66.711814  12.531823  -6.336876  -38.282483  49.868481  -9.705301  13.507677  116.420387
0.331790  0.000000  0.000000  0.000000  -51.013176  11.257909  24.285714  67.025852  8.590348  -8.049140  -38.282483  49.868481  -9.705301  13.507677  116.420387
0.332021  0.000000  0.000000  0.000000  -51.013176  11.257909  28.571429  67.219193  4.641469  -9.726098  -38.282483  49.868481  -9.705301  13.507677  116.420387
0.332253  0.000000  0.000000  0.000000  -51.013176  11.257909  32.857143  67.296345  0.688681  -11.384364  -38.282483  49.868481  -9.705301  13.507677  116.420387
0.332484  0.000000  0.000000  0.000000  -51.013176  11.257909  37.142857  67.259104  -3.264685  -13.039871  -38.282483  49.868481  -9.705301  13.507677  116.420387
0.332716  0.000000  0.000000  0.000000  -51.013176  11.257909  41.428571  67.106615  -7.215310  -14.708482  -38.282483  49.868481  -9.705301  13.507677  116.420387
0.332947  0.000000  0.000000  0.000000  -51.013176  11.257909  45.714286  66.835320  -11.159775  -16.406495  -38.282483  49.868481  -9.705301  13.507677  116.420387
0.333179  0.000000  0.000000  0.000000  -51.013176  11.257909  50.000000  66.438796  -15.094422  -18.151276  -38.282483  49.868481  -9.705301  13.507677  116.420387
0.333411  0.000000  0.000000  0.000000  -37.922662  9.862727  -10.000000  56.886248  33.921268  10.246689  -40.181633  69.439498  3.391391  23.553874  114.208535
0.333642  0.000000  0.000000  0.000000  -37.922662  9.862727  -5.714286  58.327848  30.301667  7.536426  -40.181633  69.439498  3.391391  23.553874  114.208535
0.333874  0.000000  0.000000  0.000000  -37.922662  9.862727  -1.428571  59.527718  26.630210  5.020662  -40.181633  69.439498  3.391391  23.553874  114.208535
0.334105  0.000000  0.000000  0.000000  -37.922662  9.862727  2.857143  60.516480  22.917284  2.662577  -40.181633  69.439498  3.391391  23.553874  114.208535
0.334337  0.000000  0.000000  0.000000  -37.922662  9.862727  7.142857  61.318356  19.171413  0.430933  -40.181633  69.439498  3.391391  23.553874  114.208535
0.334568  0.000000  0.000000  0.000000  -37.922662  9.862727  11.428571  61.952250  15.399779  -1.701065  -40.181633  69.439498  3.391391  23.553874  114.208535
0.334800  0.000000  0.000000  0.000000  -37.922662  9.862727  15.714286  62.432621  11.608565  -3.756843  -40.181633  69.439498  3.391391  23.553874  114.208535
0.335031  0.000000  0.000000  0.000000  -37.922662  9.862727  20.000000  62.770112  7.803196  -5.757300  -40.181633  69.439498  3.391391  23.553874  114.208535
0.335263  0.000000  0.000000  0.000000  -37.922662  9.862727  24.285714  62.972008  3.988616  -7.721605  -40.181633  69.439498  3.391391  23.553874  114.208535
0.335494  0.000000  0.000000  0.000000  -37.922662  9.862727  28.571429  63.042654  0.169413  -9.667699  -40.181633  69.439498  3.391391  23.553874  114.208535
0.335726  0.000000  0.000000  0.000000  -37.922662  9.862727  32.857143  62.983533  -3.650010  -11.613048  -40.181633  69.439498  3.391391  23.553874  114.208535
0.335957  0.000000  0.000000  0.000000  -37.922662  9.862727  37.142857  62.793403  -7.465188  -13.575016  -40.181633  69.439498  3.391391  23.553874  114.208535
0.336189  0.000000  0.000000  0.000000  -37.922662  9.862727  41.428571  62.468198  -11.271562  -15.571523  -40.181633  69.439498  3.391391  23.553874  114.208535
0.336420  0.000000  0.000000  0.000000  -37.922662  9.862727  45.714286  62.000880  -15.064243  -17.621582  -40.181633  69.439498  3.391391  23.553874  114.208535
0.336652  0.000000  0.000000  0.000000  -37.922662  9.862727  50.000000  61.381120  -18.837849  -19.745917  -40.181633  69.439498  3.391391  23.553874  114.208535
0.336884  0.000000  0.000000  0.000000  -49.254434  12.776384  -10.000000  57.205351  35.417404  12.198154  -43.066238  57.835623  -11.167300  13.478167  124.954201
0.337115  0.000000  0.000000  0.000000  -49.254434  12.776384  -5.714286  58.716685  31.783654  9.468880  -43.066238  57.835623  -11.167300  13.478167  124.954201
0.337347  0.000000  0.000000  0.000000  -49.254434  12.776384  -1.428571  59.975788  28.096146  6.947703  -43.066238  57.835623  -11.167300  13.478167  124.954201
0.337578  0.000000  0.000000  0.000000  -49.254434  12.776384  2.857143  61.016269  24.365624  4.595139  -43.066238  57.835623  -11.167300  13.478167  124.954201
0.337810  0.000000  0.000000  0.000000  -49.254434  12.776384  7.142857  61.864644  20.600890  2.378097  -43.066238  57.835623  -11.167300  13.478167  124.954201
0.338041  0.000000  0.000000  0.000000  -49.254434  12.776384  11.428571  62.541642  16.809268  0.268429  -43.066238  57.835623  -11.167300  13.478167  124.954201
0.338273  0.000000  0.000000  0.000000  -49.254434  12.776384  15.714286  63.063206  12.996991  -1.758217  -43.066238  57.835623  -11.167300  13.478167  124.954201
0.338504  0.000000  0.000000  0.000000  -49.254434  12.776384  20.000000  63.441222  9.169482  -3.723360  -43.066238  57.835623  -11.167300  13.478167  124.954201
0.338736  0.000000  0.000000  0.000000  -49.254434  12.776384  24.285714  63.684096  5.331594  -5.646460  -43.066238  57.835623  -11.167300  13.478167  124.954201
0.338967  0.000000  0.000000  0.000000  -49.254434  12.776384  28.571429  63.797119  1.487814  -7.545622  -43.066238  57.835623  -11.167300  13.478167  124.954201
0.339199  0.000000  0.000000  0.000000  -49.254434  12.776384  32.857143  63.782745  -2.357595  -9.438165  -43.066238  57.835623  -11.167300  13.478167  124.954201
0.339430  0.000000  0.000000  0.000000  -49.254434  12.776384  37.142857  63.640660  -6.200422  -11.341207  -43.066238  57.835623  -11.167300  13.478167  124.954201
0.339662  0.000000  0.000000  0.000000  -49.254434  12.776384  41.428571  63.367789  -10.036362  -13.272196  -43.066238  57.835623  -11.167300  13.478167  124.954201
0.339893  0.000000  0.000000  0.000000  -49.254434  12.776384  45.714286  62.958156  -13.860869  -15.249486  -43.066238  57.835623  -11.167300  13.478167  124.954201
0.340125  0.000000  0.000000  0.000000  -49.254434  12.776384  50.000000  62.402605  -17.668973  -17.292942  -43.066238  57.835623  -11.167300  13.478167  124.954201
0.340357  0.000000  0.000000  0.000000  -44.322519  7.130217  -10.000000  70.317751  52.002103  12.212134  -39.917192  71.554211  -0.297026  22.117425  124.627834
0.340588  0.000000  0.000000  0.000000  -44.322519  7.130217  -5.714286  71.967845  47.945804  10.058722  -39.917192  71.554211  -0.297026  22.117425  124.627834
0.340820  0.000000  0.000000  0.000000  -44.322519  7.130217  -1.428571  73.288939  43.855120  8.220341  -39.917192  71.554211  -0.297026  22.117425  124.627834
0.341051  0.000000  0.000000  0.000000  -44.322519  7.130217  2.857143  74.356920  39.738771  6.619042  -39.917192  71.554211  -0.297026  22.117425  124.627834
0.341283  0.000000  0.000000  0.000000  -44.322519  7.130217  7.142857  75.225376  35.602910  5.198932  -39.917192  71.554211  -0.297026  22.117425  124.627834
0.341514  0.000000  0.000000  0.000000  -44.322519  7.130217  11.428571  75.932907  31.452025  3.918843  -39.917192  71.554211  -0.297026  22.117425  124.627834
0.341746  0.000000  0.000000  0.000000  -44.322519  7.130217  15.714286  76.507689  27.289497  2.747720  -39.917192  71.554211  -0.297026  22.117425  124.627834
0.341977  0.000000  0.000000  0.000000  -44.322519  7.130217  20.000000  76.970592  23.117933  1.661438  -39.917192  71.554211  -0.297026  22.117425  124.627834
0.342209  0.000000  0.000000  0.000000  -44.322519  7.130217  24.285714  77.337071  18.939358  0.640820  -39.917192  71.554211  -0.297026  22.117425  124.627834
0.342440  0.000000  0.000000  0.000000  -44.322519  7.130217  28.571429  77.618583  14.755483  -0.329841  -39.917192  71.554211  -0.297026  22.117425  124.627834
0.342672  0.000000  0.000000  0.000000  -44.322519  7.130217  32.857143  77.823448  10.567720  -1.263813  -39.917192  71.554211  -0.297026  22.117425  124.627834
0.342903  0.000000  0.000000  0.000000  -44.322519  7.130217  37.142857  77.957436  6.377282  -2.172597  -39.917192  71.554211  -0.297026  22.117425  124.627834
0.343135  0.000000  0.000000  0.000000  -44.322519  7.130217  41.428571  78.024212  2.185275  -3.066613  -39.917192  71.554211  -0.297026  22.117425  124.627834
0.343367  0.000000  0.000000  0.000000  -44.322519  7.130217  45.714286  78.025606  -2.007254  -3.955643  -39.917192  71.554211  -0.297026  22.117425  124.627834
0.343598  0.000000  0.000000  0.000000  -44.322519  7.130217  50.000000  77.961619  -6.199300  -4.849253  -39.917192  71.554211  -0.297026  22.117425  124.627834
0.343830  0.000000  0.000000  0.000000  -31.572562  6.014549  -10.000000  62.018434  32.533469  3.563284  -12.976975  51.832800  21.630614  12.108830  122.277212
0.344061  0.000000  0.000000  0.000000  -31.572562  6.014549  -5.714286  63.186729  28.727888  1.271754  -12.976975  51.832800  21.630614  12.108830  122.277212
0.344293  0.000000  0.000000  0.000000  -31.572562  6.014549  -1.428571  64.147788  24.886403  -0.857852  -12.976975  51.832800  21.630614  12.108830  122.277212
0.344524  0.000000  0.000000  0.000000  -31.572562  6.014549  2.857143  64.928403  21.016531  -2.858362  -12.976975  51.832800  21.630614  12.108830  122.277212
0.344756  0.000000  0.000000  0.000000  -31.572562  6.014549  7.142857  65.549233  17.124459  -4.757260  -12.976975  51.832800  21.630614  12.108830  122.277212
0.344987  0.000000  0.000000  0.000000  -31.572562  6.014549  11.428571  66.026004  13.215412  -6.578016  -12.976975  51.832800  21.630614  12.108830  122.277212
0.345219  0.000000  0.000000  0.000000  -31.572562  6.014549  15.714286  66.370361  9.293897  -8.341202  -12.976975  51.832800  21.630614  12.108830  122.277212
0.345450  0.000000  0.000000  0.000000  -31.572562  6.014549  20.000000  66.590433  5.363926  -10.065224  -12.976975  51.832800  21.630614  12.108830  122.277212
0.345682  0.000000  0.000000  0.000000  -31.572562  6.014549  24.285714  66.691332  1.429189  -11.767135  -12.976975  51.832800  21.630614  12.108830  122.277212
0.345913  0.000000  0.000000  0.000000  -31.572562  6.014549  28.571429  66.675372  -2.506804  -13.463215  -12.976975  51.832800  21.630614  12.108830  122.277212
0.346145  0.000000  0.000000  0.000000  -31.572562  6.014549  32.857143  66.542188  -6.440590  -15.169540  -12.976975  51.832800  21.630614  12.108830  122.277212
0.346376  0.000000  0.000000  0.000000  -31.572562  6.014549  37.142857  66.288711  -10.368621  -16.902552  -12.976975  51.832800  21.630614  12.108830  122.277212
0.346608  0.000000  0.000000  0.000000  -31.572562  6.014549  41.428571  65.909062  -14.287144  -18.679576  -12.976975  51.832800  21.630614  12.108830  122.277212
0.346840  0.000000  0.000000  0.000000  -31.572562  6.014549  45.714286  65.394147  -18.192013  -20.519587  -12.976975  51.832800  21.630614  12.108830  122.277212
0.347071  0.000000  0.000000  0.000000  -31.572562  6.014549  50.000000  64.731331  -22.078566  -22.443829  -12.976975  51.832800  21.630614  12.108830  122.277212
0.347303  0.000000  0.000000  0.000000  -44.997749  8.085271  -10.000000  62.784615  47.835599  9.443950  -17.169480  53.913865  23.270204  24.847578  110.391550
0.347534  0.000000  0.000000  0.000000  -44.997749  8.085271  -5.714286  64.741635  43.990513  6.721156  -17.169480  53.913865  23.270204  24.847578  110.391550
0.347766  0.000000  0.000000  0.000000  -44.997749  8.085271  -1.428571  66.342330  40.088685  4.332365  -17.169480  53.913865  23.270204  24.847578  110.391550
0.347997  0.000000  0.000000  0.000000  -44.997749  8.085271  2.857143  67.656772  36.143136  2.204280  -17.169480  53.913865  23.270204  24.847578  110.391550
0.348229  0.000000  0.000000  0.000000  -44.997749  8.085271  7.142857  68.737175  32.163562  0.281117  -17.169480  53.913865  23.270204  24.847578  110.391550
0.348460  0.000000  0.000000  0.000000  -44.997749  8.085271  11.428571  69.622761  28.157346  -1.480339  -17.169480  53.913865  23.270204  24.847578  110.391550
0.348692  0.000000  0.000000  0.000000  -44.997749  8.085271  15.714286  70.343169  24.130227  -3.114200  -17.169480  53.913865  23.270204  24.847578  110.391550
0.348923  0.000000  0.000000  0.000000  -44.997749  8.085271  20.000000  70.920811  20.086791  -4.647974  -17.169480  53.913865  23.270204  24.847578  110.391550
0.349155  0.000000  0.000000  0.000000  -44.997749  8.085271  24.285714  71.372577  16.030776  -6.104337  -17.169480  53.913865  23.270204  24.847578  110.391550
0.349386  0.000000  0.000000  0.000000  -44.997749  8.085271  28.571429  71.711008  11.965338  -7.502494  -17.169480  53.913865  23.270204  24.847578  110.391550
0.349618  0.000000  0.000000  0.000000  -44.997749  8.085271  32.857143  71.945093  7.893181  -8.859120  -17.169480  53.913865  23.270204  24.847578  110.391550
0.349850  0.000000  0.000000  0.000000  -44.997749  8.085271  37.142857  72.080868  3.816741  -10.189213  -17.169480  53.913865  23.270204  24.847578  110.391550
0.350081  0.000000  0.000000  0.000000  -44.997749  8.085271  41.428571  72.121764  -0.261743  -11.506717  -17.169480  53.913865  23.270204  24.847578  110.391550
0.350313  0.000000  0.000000  0.000000  -44.997749  8.085271  45.714286  72.068798  -4.340064  -12.825082  -17.169480  53.913865  23.270204  24.847578  110.391550
0.350544  0.000000  0.000000  0.000000  -44.997749  8.085271  50.000000  71.920644  -8.416079  -14.157797  -17.169480  53.913865  23.270204  24.847578  110.391550
0.350776  0.000000  0.000000  0.000000  -33.329515  -0.916767  -10.000000  67.413700  31.433255  1.951526  -12.762916  65.436427  11.765935  11.986415  126.723458
0.351007  0.000000  0.000000  0.000000  -33.329515  -0.916767  -5.714286  68.325640  27.462884  0.097849  -12.762916  65.436427  11.765935  11.986415  126.723458
0.351239  0.000000  0.000000  0.000000  -33.329515  -0.916767  -1.428571  69.067531  23.469687  -1.626405  -12.762916  65.436427  11.765935  11.986415  126.723458
0.351470  0.000000  0.000000  0.000000  -33.329515  -0.916767  2.857143  69.661657  19.458636  -3.248998  -12.762916  65.436427  11.765935  11.986415  126.723458
0.351702  0.000000  0.000000  0.000000  -33.329515  -0.916767  7.142857  70.124899  15.433879  -4.793034  -12.762916  65.436427  11.765935  11.986415  126.723458
0.351933  0.000000  0.000000  0.000000  -33.329515  -0.916767  11.428571  70.469717  11.398841  -6.278150  -12.762916  65.436427  11.765935  11.986415  126.723458
0.352165  0.000000  0.000000  0.000000  -33.329515  -0.916767  15.714286  70.705071  7.356555  -7.721584  -12.762916  65.436427  11.765935  11.986415  126.723458
0.352396  0.000000  0.000000  0.000000  -33.329515  -0.916767  20.000000  70.836895  3.309736  -9.138907  -12.762916  65.436427  11.765935  11.986415  126.723458
0.352628  0.000000  0.000000  0.000000  -33.329515  -0.916767  24.285714  70.868449  -0.739089  -10.544673  -12.762916  65.436427  11.765935  11.986415  126.723458
0.352859  0.000000  0.000000  0.000000  -33.329515  -0.916767  28.571429  70.800508  -4.787468  -11.953011  -12.762916  65.436427  11.765935  11.986415  126.723458
0.353091  0.000000  0.000000  0.000000  -33.329515  -0.916767  32.857143  70.631402  -8.832934  -13.378136  -12.762916  65.436427  11.765935  11.986415  126.723458
0.353323  0.000000  0.000000  0.000000  -33.329515  -0.916767  37.142857  70.356923  -12.872901  -14.834910  -12.762916  65.436427  11.765935  11.986415  126.723458
0.353554  0.000000  0.000000  0.000000  -33.329515  -0.916767  41.428571  69.970089  -16.904561  -16.339426  -12.762916  65.436427  11.765935  11.986415  126.723458
0.353786  0.000000  0.000000  0.000000  -33.329515  -0.916767  45.714286  69.460726  -20.924749  -17.909704  -12.762916  65.436427  11.765935  11.986415  126.723458
0.354017  0.000000  0.000000  0.000000  -33.329515  -0.916767  50.000000  68.814858  -24.929789  -19.566524  -12.762916  65.436427  11.765935  11.986415  126.723458
0.354249  0.000000  0.000000  0.000000  -51.487607  3.622259  -10.000000  65.250658  42.724177  -0.340070  -16.008609  65.434957  -6.028809  17.791075  115.251277
0.354480  0.000000  0.000000  0.000000  -51.487607  3.622259  -5.714286  66.754122  38.808270  -2.641034  -16.008609  65.434957  -6.028809  17.791075  115.251277
0.354712  0.000000  0.000000  0.000000  -51.487607  3.622259  -1.428571  67.989626  34.851959  -4.700747  -16.008609  65.434957  -6.028809  17.791075  115.251277
0.354943  0.000000  0.000000  0.000000  -51.487607  3.622259  2.857143  69.004753  30.864125  -6.570492  -16.008609  65.434957  -6.028809  17.791075  115.251277
0.355175  0.000000  0.000000  0.000000  -51.487607  3.622259  7.142857  69.835329  26.851579  -8.290245  -16.008609  65.434957  -6.028809  17.791075  115.251277
0.355406  0.000000  0.000000  0.000000  -51.487607  3.622259  11.428571  70.508453  22.819661  -9.891781  -16.008609  65.434957  -6.028809  17.791075  115.251277
0.355638  0.000000  0.000000  0.000000  -51.487607  3.622259  15.714286  71.044618  18.772663  -11.400898  -16.008609  65.434957  -6.028809  17.791075  115.251277
0.355869  0.000000  0.000000  0.000000  -51.487607  3.622259  20.000000  71.459212  14.714126  -12.839048  -16.008609  65.434957  -6.028809  17.791075  115.251277
0.356101  0.000000  0.000000  0.000000  -51.487607  3.622259  24.285714  71.763544  10.647034  -14.224521  -16.008609  65.434957  -6.028809  17.791075  115.251277
0.356332  0.000000  0.000000  0.000000  -51.487607  3.622259  28.571429  71.965640  6.574031  -15.573437  -16.008609  65.434957  -6.028809  17.791075  115.251277
0.356564  0.000000  0.000000  0.000000  -51.487607  3.622259  32.857143  72.070648  2.497475  -16.900386  -16.008609  65.434957  -6.028809  17.791075  115.251277
0.356796  0.000000  0.000000  0.000000  -51.487607  3.622259  37.142857  72.081213  -1.580398  -18.219101  -16.008609  65.434957  -6.028809  17.791075  115.251277
0.357027  0.000000  0.000000  0.000000  -51.487607  3.622259  41.428571  71.997586  -5.657459  -19.543024  -16.008609  65.434957  -6.028809  17.791075  115.251277
0.357259  0.000000  0.000000  0.000000  -51.487607  3.622259  45.714286  71.817685  -9.731464  -20.885761  -16.008609  65.434957  -6.028809  17.791075  115.251277
0.357490  0.000000  0.000000  0.000000  -51.487607  3.622259  50.000000  71.536930  -13.800097  -22.261682  -16.008609  65.434957  -6.028809  17.791075  115.251277
0.357722  0.000000  0.000000  0.000000  -52.783053  -4.496841  -10.000000  78.043284  36.668030  -6.919171  -13.399486  54.084105  16.819793  27.437840  123.530157
0.357953  0.000000  0.000000  0.000000  -52.783053  -4.496841  -5.714286  78.640331  32.470586  -7.970668  -13.399486  54.084105  16.819793  27.437840  123.530157
0.358185  0.000000  0.000000  0.000000  -52.783053  -4.496841  -1.428571  79.124767  28.265186  -8.928242  -13.399486  54.084105  16.819793  27.437840  123.530157
0.358416  0.000000  0.000000  0.000000  -52.783053  -4.496841  2.857143  79.515070  24.053622  -9.812932  -13.399486  54.084105  16.819793  27.437840  123.530157
0.358648  0.000000  0.000000  0.000000  -52.783053  -4.496841  7.142857  79.824861  19.837296  -10.641291  -13.399486  54.084105  16.819793  27.437840  123.530157
0.358879  0.000000  0.000000  0.000000  -52.783053  -4.496841  11.428571  80.064176  15.617344  -11.426707  -13.399486  54.084105  16.819793  27.437840  123.530157
0.359111  0.000000  0.000000  0.000000  -52.783053  -4.496841  15.714286  80.240317  11.394716  -12.180379  -13.399486  54.084105  16.819793  27.437840  123.530157
0.359342  0.000000  0.000000  0.000000  -52.783053  -4.496841  20.000000  80.358399  7.170221  -12.911934  -13.399486  54.084105  16.819793  27.437840  123.530157
0.359574  0.000000  0.000000  0.000000  -52.783053  -4.496841  24.285714  80.421745  2.944593  -13.630023  -13.399486  54.084105  16.819793  27.437840  123.530157
0.359806  0.000000  0.000000  0.000000  -52.783053  -4.496841  28.571429  80.432096  -1.281494  -14.342674  -13.399486  54.084105  16.819793  27.437840  123.530157
0.360037  0.000000  0.000000  0.000000  -52.783053  -4.496841  32.857143  80.389730  -5.507383  -15.057683  -13.399486  54.084105  16.819793  27.437840  123.530157
0.360269  0.000000  0.000000  0.000000  -52.783053  -4.496841  37.142857  80.293495  -9.732410  -15.782945  -13.399486  54.084105  16.819793  27.437840  123.530157
0.360500  0.000000  0.000000  0.000000  -52.783053  -4.496841  41.428571  80.140704  -13.955861  -16.526838  -13.399486  54.084105  16.819793  27.437840  123.530157
0.360732  0.000000  0.000000  0.000000  -52.783053  -4.496841  45.714286  79.926991  -18.176971  -17.298524  -13.399486  54.084105  16.819793  27.437840  123.530157
0.360963  0.000000  0.000000  0.000000  -52.783053  -4.496841  50.000000  79.645965  -22.394843  -18.108532  -13.399486  54.084105  16.819793  27.437840  123.530157
0.361195  0.000000  0.000000  0.000000  -46.104318  2.612429  -10.000000  67.569676  39.353204  1.388778  -38.224497  63.026444  9.102481  13.245633  127.353829
0.361426  0.000000  0.000000  0.000000  -46.104318  2.612429  -5.714286  68.786677  35.374103  -0.615252  -38.224497  63.026444  9.102481  13.245633  127.353829
0.361658  0.000000  0.000000  0.000000  -46.104318  2.612429  -1.428571  69.785529  31.365037  -2.430007  -38.224497  63.026444  9.102481  13.245633  127.353829
0.361889  0.000000  0.000000  0.000000  -46.104318  2.612429  2.857143  70.602456  27.332526  -4.095658  -38.224497  63.026444  9.102481  13.245633  127.353829
0.362121  0.000000  0.000000  0.000000  -46.104318  2.612429  7.142857  71.264751  23.281656  -5.643950  -38.224497  63.026444  9.102481  13.245633  127.353829
0.362352  0.000000  0.000000  0.000000  -46.104318  2.612429  11.428571  71.793005  19.216493  -7.100526  -38.224497  63.026444  9.102481  13.245633  127.353829
0.362584  0.000000  0.000000  0.000000  -46.104318  2.612429  15.714286  72.202655  15.140380  -8.486595  -38.224497  63.026444  9.102481  13.245633  127.353829
0.362815  0.000000  0.000000  0.000000  -46.104318  2.612429  20.000000  72.505080  11.056134  -9.820178  -38.224497  63.026444  9.102481  13.245633  127.353829
0.363047  0.000000  0.000000  0.000000  -46.104318  2.612429  24.285714  72.708339  6.966203  -11.117034  -38.224497  63.026444  9.102481  13.245633  127.353829
0.363279  0.000000  0.000000  0.000000  -46.104318  2.612429  28.571429  72.817701  2.872804  -12.391424  -38.224497  63.026444  9.102481  13.245633  127.353829
0.363510  0.000000  0.000000  0.000000  -46.104318  2.612429  32.857143  72.835943  -1.222003  -13.656689  -38.224497  63.026444  9.102481  13.245633  127.353829
0.363742  0.000000  0.000000  0.000000  -46.104318  2.612429  37.142857  72.763518  -5.316216  -14.925825  -38.224497  63.026444  9.102481  13.245633  127.353829
0.363973  0.000000  0.000000  0.000000  -46.104318  2.612429  41.428571  72.598601  -9.407801  -16.211975  -38.224497  63.026444  9.102481  13.245633  127.353829
0.364205  0.000000  0.000000  0.000000  -46.104318  2.612429  45.714286  72.336959  -13.494617  -17.528954  -38.224497  63.026444  9.102481  13.245633  127.353829
0.364436  0.000000  0.000000  0.000000  -46.104318  2.612429  50.000000  71.971706  -17.574325  -18.891840  -38.224497  63.026444  9.102481  13.245633  127.353829
0.364668  0.000000  0.000000  0.000000  -26.131780  -1.066412  -10.000000  66.831912  47.519544  12.778247  -41.241304  72.875917  1.838505  11.122963  112.158524
0.364899  0.000000  0.000000  0.000000  -26.131780  -1.066412  -5.714286  68.492432  43.554750  10.453173  -41.241304  72.875917  1.838505  11.122963  112.158524
0.365131  0.000000  0.000000  0.000000  -26.131780  -1.066412  -1.428571  69.843969  39.548685  8.416930  -41.241304  72.875917  1.838505  11.122963  112.158524
0.365362  0.000000  0.000000  0.000000  -26.131780  -1.066412  2.857143  70.949029  35.510983  6.604123  -41.241304  72.875917  1.838505  11.122963  112.158524
0.365594  0.000000  0.000000  0.000000  -26.131780  -1.066412  7.142857  71.853488  31.448769  4.965662  -41.241304  72.875917  1.838505  11.122963  112.158524
0.365825  0.000000  0.000000  0.000000  -26.131780  -1.066412  11.428571  72.591396  27.367440  3.463895  -41.241304  72.875917  1.838505  11.122963  112.158524
0.366057  0.000000  0.000000  0.000000  -26.131780  -1.066412  15.714286  73.188222  23.271189  2.069288  -41.241304  72.875917  1.838505  11.122963  112.158524
0.366288  0.000000  0.000000  0.000000  -26.131780  -1.066412  20.000000  73.663070  19.163364  0.758124  -41.241304  72.875917  1.838505  11.122963  112.158524
0.366520  0.000000  0.000000  0.000000  -26.131780  -1.066412  24.285714  74.030150  15.046664  -0.489105  -41.241304  72.875917  1.838505  11.122963  112.158524
0.366752  0.000000  0.000000  0.000000  -26.131780  -1.066412  28.571429  74.299938  10.923430  -1.688961  -41.241304  72.875917  1.838505  11.122963  112.158524
0.366983  0.000000  0.000000  0.000000  -26.131780  -1.066412  32.857143  74.479787  6.795655  -2.855892  -41.241304  72.875917  1.838505  11.122963  112.158524
0.367215  0.000000  0.000000  0.000000  -26.131780  -1.066412  37.142857  74.574440  2.665130  -4.002900  -41.241304  72.875917  1.838505  11.122963  112.158524
0.367446  0.000000  0.000000  0.000000  -26.131780  -1.066412  41.428571  74.586369  -1.466453  -5.142230  -41.241304  72.875917  1.838505  11.122963  112.158524
0.367678  0.000000  0.000000  0.000000  -26.131780  -1.066412  45.714286  74.515872  -5.597456  -6.285777  -41.241304  72.875917  1.838505  11.122963  112.158524
0.367909  0.000000  0.000000  0.000000  -26.131780  -1.066412  50.000000  74.361129  -9.726211  -7.445623  -41.241304  72.875917  1.838505  11.122963  112.158524
0.368141  0.000000  0.000000  0.000000  -35.442693  16.825229  -10.000000  52.511845  28.856117  16.415740  -42.766859  57.900622  -8.161839  16.106393  112.207726
0.368372  0.000000  0.000000  0.000000  -35.442693  16.825229  -5.714286  53.829406  25.424930  13.529230  -42.766859  57.900622  -8.161839  16.106393  112.207726
0.368604  0.000000  0.000000  0.000000  -35.442693  16.825229  -1.428571  54.924790  21.940498  10.803850  -42.766859  57.900622  -8.161839  16.106393  112.207726
0.368835  0.000000  0.000000  0.000000  -35.442693  16.825229  2.857143  55.820123  18.413301  8.209702  -42.766859  57.900622  -8.161839  16.106393  112.207726
0.369067  0.000000  0.000000  0.000000  -35.442693  16.825229  7.142857  56.533116  14.852327  5.720331  -42.766859  57.900622  -8.161839  16.106393  112.207726
0.369298  0.000000  0.000000  0.000000  -35.442693  16.825229  11.428571  57.077604  11.265430  3.312080  -42.766859  57.900622  -8.161839  16.106393  112.207726
0.369530  0.000000  0.000000  0.000000  -35.442693  16.825229  15.714286  57.463998  7.659627  0.963331  -42.766859  57.900622  -8.161839  16.106393  112.207726
0.369762  0.000000  0.000000  0.000000  -35.442693  16.825229  20.000000  57.699530  4.041318  -1.345868  -42.766859  57.900622  -8.161839  16.106393  112.207726
0.369993  0.000000  0.000000  0.000000  -35.442693  16.825229  24.285714  57.788597  0.416525  -3.634514  -42.766859  57.900622  -8.161839  16.106393  112.207726
0.370225  0.000000  0.000000  0.000000  -35.442693  16.825229  28.571429  57.732847  -3.208932  -5.921052  -42.766859  57.900622  -8.161839  16.106393  112.207726
0.370456  0.000000  0.000000  0.000000  -35.442693  16.825229  32.857143  57.531251  -6.829253  -8.223878  -42.766859  57.900622  -8.161839  16.106393  112.207726
0.370688  0.000000  0.000000  0.000000  -35.442693  16.825229  37.142857  57.180061  -10.438482  -10.561804  -42.766859  57.900622  -8.161839  16.106393  112.207726
0.370919  0.000000  0.000000  0.000000  -35.442693  16.825229  41.428571  56.672680  -14.030312  -12.954551  -42.766859  57.900622  -8.161839  16.106393  112.207726
0.371151  0.000000  0.000000  0.000000  -35.442693  16.825229  45.714286  55.999496  -17.597903  -15.423282  -42.766859  57.900622  -8.161839  16.106393  112.207726
0.371382  0.000000  0.000000  0.000000  -35.442693  16.825229  50.000000  55.147472  -21.133610  -17.991129  -42.766859  57.900622  -8.161839  16.106393  112.207726
0.371614  0.000000  0.000000  0.000000  -37.333469  -3.993570  -10.000000  81.667198  56.954151  5.898526  -39.392820  69.890388  -10.337834  24.275940  110.957569
0.371845  0.000000  0.000000  0.000000  -37.333469  -3.993570  -5.714286  82.505106  52.709114  4.874251  -39.392820  69.890388  -10.337834  24.275940  110.957569
0.372077  0.000000  0.000000  0.000000  -37.333469  -3.993570  -1.428571  83.156148  48.456804  4.032096  -39.392820  69.890388  -10.337834  24.275940  110.957569
0.372308  0.000000  0.000000  0.000000  -37.333469  -3.993570  2.857143  83.671294  44.199302  3.320384  -39.392820  69.890388  -10.337834  24.275940  110.957569
0.372540  0.000000  0.000000  0.000000  -37.333469  -3.993570  7.142857  84.084034  39.937983  2.704794  -39.392820  69.890388  -10.337834  24.275940  110.957569
0.372771  0.000000  0.000000  0.000000  -37.333469  -3.993570  11.428571  84.417282  35.673786  2.161534  -39.392820  69.890388  -10.337834  24.275940  110.957569
0.373003  0.000000  0.000000  0.000000  -37.333469  -3.993570  15.714286  84.687127  31.407401  1.673488  -39.392820  69.890388  -10.337834  24.275940  110.957569
0.373235  0.000000  0.000000  0.000000  -37.333469  -3.993570  20.000000  84.905125  27.139327  1.227972  -39.392820  69.890388  -10.337834  24.275940  110.957569
0.373466  0.000000  0.000000  0.000000  -37.333469  -3.993570  24.285714  85.079692  22.869950  0.815282  -39.392820  69.890388  -10.337834  24.275940  110.957569
0.373698  0.000000  0.000000  0.000000  -37.333469  -3.993570  28.571429  85.216971  18.599574  0.427803  -39.392820  69.890388  -10.337834  24.275940  110.957569
0.373929  0.000000  0.000000  0.000000  -37.333469  -3.993570  32.857143  85.321479  14.328445  0.059314  -39.392820  69.890388  -10.337834  24.275940  110.957569
0.374161  0.000000  0.000000  0.000000  -37.333469  -3.993570  37.142857  85.396443  10.056769  -0.295380  -39.392820  69.890388  -10.337834  24.275940  110.957569
0.374392  0.000000  0.000000  0.000000  -37.333469  -3.993570  41.428571  85.444074  5.784725  -0.640791  -39.392820  69.890388  -10.337834  24.275940  110.957569
0.374624  0.000000  0.000000  0.000000  -37.333469  -3.993570  45.714286  85.465740  1.512476  -0.981018  -39.392820  69.890388  -10.337834  24.275940  110.957569
0.374855  0.000000  0.000000  0.000000  -37.333469  -3.993570  50.000000  85.462049  -2.759826  -1.319904  -39.392820  69.890388  -10.337834  24.275940  110.957569
0.375087  0.000000  0.000000  0.000000  -34.115377  -6.107661  -10.000000  71.209324  32.497654  -1.588804  -44.394298  44.859897  -2.135152  20.542640  126.918788
0.375318  0.000000  0.000000  0.000000  -34.115377  -6.107661  -5.714286  72.005108  28.430586  -3.157341  -44.394298  44.859897  -2.135152  20.542640  126.918788
0.375550  0.000000  0.000000  0.000000  -34.115377  -6.107661  -1.428571  72.650917  24.346877  -4.609377  -44.394298  44.859897  -2.135152  20.542640  126.918788
0.375781  0.000000  0.000000  0.000000  -34.115377  -6.107661  2.857143  73.167682  20.250202  -5.970390  -44.394298  44.859897  -2.135152  20.542640  126.918788
0.376013  0.000000  0.000000  0.000000  -34.115377  -6.107661  7.142857  73.571077  16.143588  -7.261270  -44.394298  44.859897  -2.135152  20.542640  126.918788
0.376245  0.000000  0.000000  0.000000  -34.115377  -6.107661  11.428571  73.872660  12.029513  -8.499536  -44.394298  44.859897  -2.135152  20.542640  126.918788
0.376476  0.000000  0.000000  0.000000  -34.115377  -6.107661  15.714286  74.080706  7.910148  -9.700395  -44.394298  44.859897  -2.135152  20.542640  126.918788
0.376708  0.000000  0.000000  0.000000  -34.115377  -6.107661  20.000000  74.200735  3.787421  -10.877453  -44.394298  44.859897  -2.135152  20.542640  126.918788
0.376939  0.000000  0.000000  0.000000  -34.115377  -6.107661  24.285714  74.235859  -0.336885  -12.043327  -44.394298  44.859897  -2.135152  20.542640  126.918788
0.377171  0.000000  0.000000  0.000000  -34.115377  -6.107661  28.571429  74.186985  -4.461056  -13.210183  -44.394298  44.859897  -2.135152  20.542640  126.918788
0.377402  0.000000  0.000000  0.000000  -34.115377  -6.107661  32.857143  74.052851  -8.583355  -14.390255  -44.394298  44.859897  -2.135152  20.542640  126.918788
0.377634  0.000000  0.000000  0.000000  -34.115377  -6.107661  37.142857  73.829970  -12.701993  -15.596261  -44.394298  44.859897  -2.135152  20.542640  126.918788
0.377865  0.000000  0.000000  0.000000  -34.115377  -6.107661  41.428571  73.512400  -16.815006  -16.842029  -44.394298  44.859897  -2.135152  20.542640  126.918788
0.378097  0.000000  0.000000  0.000000  -34.115377  -6.107661  45.714286  73.091375  -20.920185  -18.143087  -44.394298  44.859897  -2.135152  20.542640  126.918788
0.378328  0.000000  0.000000  0.000000  -34.115377  -6.107661  50.000000  72.554721  -25.014955  -19.517446  -44.394298  44.859897  -2.135152  20.542640  126.918788
0.378560  0.000000  0.000000  0.000000  -52.056932  4.655705  -10.000000  74.637347  47.856639  5.708406  -38.642230  48.795453  0.589351  18.158025  129.501269
0.378791  0.000000  0.000000  0.000000  -52.056932  4.655705  -5.714286  75.763052  43.712772  4.138850  -38.642230  48.795453  0.589351  18.158025  129.501269
0.379023  0.000000  0.000000  0.000000  -52.056932  4.655705  -1.428571  76.671019  39.550224  2.773062  -38.642230  48.795453  0.589351  18.158025  129.501269
0.379254  0.000000  0.000000  0.000000  -52.056932  4.655705  2.857143  77.407899  35.373507  1.562382  -38.642230  48.795453  0.589351  18.158025  129.501269
0.379486  0.000000  0.000000  0.000000  -52.056932  4.655705  7.142857  78.007090  31.185900  0.471179  -38.642230  48.795453  0.589351  18.158025  129.501269
0.379718  0.000000  0.000000  0.000000  -52.056932  4.655705  11.428571  78.492844  26.989873  -0.527316  -38.642230  48.795453  0.589351  18.158025  129.501269
0.379949  0.000000  0.000000  0.000000  -52.056932  4.655705  15.714286  78.883030  22.787317  -1.453818  -38.642230  48.795453  0.589351  18.158025  129.501269
0.380181  0.000000  0.000000  0.000000  -52.056932  4.655705  20.000000  79.190897  18.579735  -2.324827  -38.642230  48.795453  0.589351  18.158025  129.501269
0.380412  0.000000  0.000000  0.000000  -52.056932  4.655705  24.285714  79.426127  14.368337  -3.153762  -38.642230  48.795453  0.589351  18.158025  129.501269
0.380644  0.000000  0.000000  0.000000  -52.056932  4.655705  28.571429  79.595767  10.154169  -3.952001  -38.642230  48.795453  0.589351  18.158025  129.501269
0.380875  0.000000  0.000000  0.000000  -52.056932  4.655705  32.857143  79.704661  5.938121  -4.729441  -38.642230  48.795453  0.589351  18.158025  129.501269
0.381107  0.000000  0.000000  0.000000  -52.056932  4.655705  37.142857  79.755828  1.721003  -5.495047  -38.642230  48.795453  0.589351  18.158025  129.501269
0.381338  0.000000  0.000000  0.000000  -52.056932  4.655705  41.428571  79.750669  -2.496418  -6.257268  -38.642230  48.795453  0.589351  18.158025  129.501269
0.381570  0.000000  0.000000  0.000000  -52.056932  4.655705  45.714286  79.689037  -6.713396  -7.024407  -38.642230  48.795453  0.589351  18.158025  129.501269
0.381801  0.000000  0.000000  0.000000  -52.056932  4.655705  50.000000  79.569252  -10.929162  -7.804976  -38.642230  48.795453  0.589351  18.158025  129.501269
0.382033  0.000000  0.000000  0.000000  -48.650087  -4.369106  -10.000000  73.476899  37.388691  -3.332215  -30.134785  58.261795  5.611640  25.828721  129.967402
0.382264  0.000000  0.000000  0.000000  -48.650087  -4.369106  -5.714286  74.319810  33.270840  -4.788835  -30.134785  58.261795  5.611640  25.828721  129.967402
0.382496  0.000000  0.000000  0.000000  -48.650087  -4.369106  -1.428571  75.006741  29.137539  -6.113820  -30.134785  58.261795  5.611640  25.828721  129.967402
0.382727  0.000000  0.000000  0.000000  -48.650087  -4.369106  2.857143  75.563235  24.992219  -7.336051  -30.134785  58.261795  5.611640  25.828721  129.967402
0.382959  0.000000  0.000000  0.000000  -48.650087  -4.369106  7.142857  76.008295  20.837566  -8.478312  -30.134785  58.261795  5.611640  25.828721  129.967402
0.383191  0.000000  0.000000  0.000000  -48.650087  -4.369106  11.428571  76.356050  16.675752  -9.559068  -30.134785  58.261795  5.611640  25.828721  129.967402
0.383422  0.000000  0.000000  0.000000  -48.650087  -4.369106  15.714286  76.616888  12.508572  -10.593685  -30.134785  58.261795  5.611640  25.828721  129.967402
0.383654  0.000000  0.000000  0.000000  -48.650087  -4.369106  20.000000  76.798234  8.337568  -11.595377  -30.134785  58.261795  5.611640  25.828721  129.967402
0.383885  0.000000  0.000000  0.000000  -48.650087  -4.369106  24.285714  76.905064  4.164115  -12.575875  -30.134785  58.261795  5.611640  25.828721  129.967402
0.384117  0.000000  0.000000  0.000000  -48.650087  -4.369106  28.571429  76.940245  -0.010562  -13.546009  -30.134785  58.261795  5.611640  25.828721  129.967402
0.384348  0.000000  0.000000  0.000000  -48.650087  -4.369106  32.857143  76.904707  -4.185230  -14.516160  -30.134785  58.261795  5.611640  25.828721  129.967402
0.384580  0.000000  0.000000  0.000000  -48.650087  -4.369106  37.142857  76.797506  -8.358680  -15.496748  -30.134785  58.261795  5.611640  25.828721  129.967402
0.384811  0.000000  0.000000  0.000000  -48.650087  -4.369106  41.428571  76.615773  -12.529670  -16.498574  -30.134785  58.261795  5.611640  25.828721  129.967402
0.385043  0.000000  0.000000  0.000000  -48.650087  -4.369106  45.714286  76.354517  -16.696826  -17.533389  -30.134785  58.261795  5.611640  25.828721  129.967402
0.385274  0.000000  0.000000  0.000000  -48.650087  -4.369106  50.000000  76.006299  -20.858610  -18.614413  -30.134785  58.261795  5.611640  25.828721  129.967402
0.385506  0.000000  0.000000  0.000000  -38.261352  3.542419  -10.000000  64.667781  28.908393  5.118448  -40.722164  68.829207  9.377087  22.447751  123.282352
0.385737  0.000000  0.000000  0.000000  -38.261352  3.542419  -5.714286  65.585291  25.019780  3.096312  -40.722164  68.829207  9.377087  22.447751  123.282352
0.385969  0.000000  0.000000  0.000000  -38.261352  3.542419  -1.428571  66.329070  21.105503  1.198908  -40.722164  68.829207  9.377087  22.447751  123.282352
0.386201  0.000000  0.000000  0.000000  -38.261352  3.542419  2.857143  66.919424  17.171197  -0.600626  -40.722164  68.829207  9.377087  22.447751  123.282352
0.386432  0.000000  0.000000  0.000000  -38.261352  3.542419  7.142857  67.371777  13.221629  -2.325136  -40.722164  68.829207  9.377087  22.447751  123.282352
0.386664  0.000000  0.000000  0.000000  -38.261352  3.542419  11.428571  67.697422  9.260868  -3.994516  -40.722164  68.829207  9.377087  22.447751  123.282352
0.386895  0.000000  0.000000  0.000000  -38.261352  3.542419  15.714286  67.904284  5.292558  -5.626600  -40.722164  68.829207  9.377087  22.447751  123.282352
0.387127  0.000000  0.000000  0.000000  -38.261352  3.542419  20.000000  67.997272  1.320031  -7.237830  -40.722164  68.829207  9.377087  22.447751  123.282352
0.387358  0.000000  0.000000  0.000000  -38.261352  3.542419  24.285714  67.978570  -2.653536  -8.843910  -40.722164  68.829207  9.377087  22.447751  123.282352
0.387590  0.000000  0.000000  0.000000  -38.261352  3.542419  28.571429  67.847740  -6.625006  -10.460363  -40.722164  68.829207  9.377087  22.447751  123.282352
0.387821  0.000000  0.000000  0.000000  -38.261352  3.542419  32.857143  67.601698  -10.591165  -12.103081  -40.722164  68.829207  9.377087  22.447751  123.282352
0.388053  0.000000  0.000000  0.000000  -38.261352  3.542419  37.142857  67.234561  -14.548592  -13.788897  -40.722164  68.829207  9.377087  22.447751  123.282352
0.388284  0.000000  0.000000  0.000000  -38.261352  3.542419  41.428571  66.737355  -18.493523  -15.536225  -40.722164  68.829207  9.377087  22.447751  123.282352
0.388516  0.000000  0.000000  0.000000  -38.261352  3.542419  45.714286  66.097448  -22.421674  -17.365886  -40.722164  68.829207  9.377087  22.447751  123.282352
0.388747  0.000000  0.000000  0.000000  -38.261352  3.542419  50.000000  65.297905  -26.328020  -19.301921  -40.722164  68.829207  9.377087  22.447751  123.282352
0.388979  0.000000  0.000000  0.000000  -25.359279  -0.197994  -10.000000  81.155184  53.035929  6.792006  -36.583998  72.850035  18.076827  26.107759  125.543127
0.389210  0.000000  0.000000  0.000000  -25.359279  -0.197994  -5.714286  81.931548  48.796671  5.792514  -36.583998  72.850035  18.076827  26.107759  125.543127
0.389442  0.000000  0.000000  0.000000  -25.359279  -0.197994  -1.428571  82.545448  44.550125  4.949206  -36.583998  72.850035  18.076827  26.107759  125.543127
0.389674  0.000000  0.000000  0.000000  -25.359279  -0.197994  2.857143  83.037162  40.298219  4.220820  -36.583998  72.850035  18.076827  26.107759  125.543127
0.389905  0.000000  0.000000  0.000000  -25.359279  -0.197994  7.142857  83.434158  36.042277  3.578885  -36.583998  72.850035  18.076827  26.107759  125.543127
0.390137  0.000000  0.000000  0.000000  -25.359279  -0.197994  11.428571  83.755726  31.783273  3.002922  -36.583998  72.850035  18.076827  26.107759  125.543127
0.390368  0.000000  0.000000  0.000000  -25.359279  -0.197994  15.714286  84.015705  27.521907  2.477787  -36.583998  72.850035  18.076827  26.107759  125.543127
0.390600  0.000000  0.000000  0.000000  -25.359279  -0.197994  20.000000  84.224207  23.258711  1.991886  -36.583998  72.850035  18.076827  26.107759  125.543127
0.390831  0.000000  0.000000  0.000000  -25.359279  -0.197994  24.285714  84.388575  18.994116  1.536172  -36.583998  72.850035  18.076827  26.107759  125.543127
0.391063  0.000000  0.000000  0.000000  -25.359279  -0.197994  28.571429  84.514227  14.728461  1.103272  -36.583998  72.850035  18.076827  26.107759  125.543127
0.391294  0.000000  0.000000  0.000000  -25.359279  -0.197994  32.857143  84.605056  10.462042  0.687019  -36.583998  72.850035  18.076827  26.107759  125.543127
0.391526  0.000000  0.000000  0.000000  -25.359279  -0.197994  37.142857  84.663756  6.195079  0.282084  -36.583998  72.850035  18.076827  26.107759  125.543127
0.391757  0.000000  0.000000  0.000000  -25.359279  -0.197994  41.428571  84.691994  1.927823  -0.116346  -36.583998  72.850035  18.076827  26.107759  125.543127
0.391989  0.000000  0.000000  0.000000  -25.359279  -0.197994  45.714286  84.690570  -2.339525  -0.512780  -36.583998  72.850035  18.076827  26.107759  125.543127
0.392220  0.000000  0.000000  0.000000  -25.359279  -0.197994  50.000000  84.659440  -6.606760  -0.911639  -36.583998  72.850035  18.076827  26.107759  125.543127
0.392452  0.000000  0.000000  0.000000  -52.179412  6.592099  -10.000000  65.861458  35.286005  7.042321  -7.125554  70.520647  22.107796  14.346361  110.969833
0.392683  0.000000  0.000000  0.000000  -52.179412  6.592099  -5.714286  66.988858  31.357498  4.991397  -7.125554  70.520647  22.107796  14.346361  110.969833
0.392915  0.000000  0.000000  0.000000  -52.179412  6.592099  -1.428571  67.914493  27.398998  3.105810  -7.125554  70.520647  22.107796  14.346361  110.969833
0.393147  0.000000  0.000000  0.000000  -52.179412  6.592099  2.857143  68.667848  23.416908  1.351159  -7.125554  70.520647  22.107796  14.346361  110.969833
0.393378  0.000000  0.000000  0.000000  -52.179412  6.592099  7.142857  69.271369  19.416363  -0.300567  -7.125554  70.520647  22.107796  14.346361  110.969833
0.393610  0.000000  0.000000  0.000000  -52.179412  6.592099  11.428571  69.742059  15.401621  -1.872701  -7.125554  70.520647  22.107796  14.346361  110.969833
0.393841  0.000000  0.000000  0.000000  -52.179412  6.592099  15.714286  70.092510  11.376247  -3.385120  -7.125554  70.520647  22.107796  14.346361  110.969833
0.394073  0.000000  0.000000  0.000000  -52.179412  6.592099  20.000000  70.331769  7.343369  -4.855274  -7.125554  70.520647  22.107796  14.346361  110.969833
0.394304  0.000000  0.000000  0.000000  -52.179412  6.592099  24.285714  70.465827  3.305795  -6.298940  -7.125554  70.520647  22.107796  14.346361  110.969833
0.394536  0.000000  0.000000  0.000000  -52.179412  6.592099  28.571429  70.497986  -0.733854  -7.730881  -7.125554  70.520647  22.107796  14.346361  110.969833
0.394767  0.000000  0.000000  0.000000  -52.179412  6.592099  32.857143  70.429013  -4.773051  -9.165407  -7.125554  70.520647  22.107796  14.346361  110.969833
0.394999  0.000000  0.000000  0.000000  -52.179412  6.592099  37.142857  70.257264  -8.809222  -10.616960  -7.125554  70.520647  22.107796  14.346361  110.969833
0.395230  0.000000  0.000000  0.000000  -52.179412  6.592099  41.428571  69.978455  -12.839713  -12.100568  -7.125554  70.520647  22.107796  14.346361  110.969833
0.395462  0.000000  0.000000  0.000000  -52.179412  6.592099  45.714286  69.585543  -16.861609  -13.632553  -7.125554  70.520647  22.107796  14.346361  110.969833
0.395693  0.000000  0.000000  0.000000  -52.179412  6.592099  50.000000  69.068265  -20.871638  -15.231146  -7.125554  70.520647  22.107796  14.346361  110.969833
0.395925  0.000000  0.000000  0.000000  -51.949329  4.011536  -10.000000  68.600713  48.611005  12.224701  -44.507971  64.730967  -3.525463  16.226136  124.529991
0.396157  0.000000  0.000000  0.000000  -51.949329  4.011536  -5.714286  70.196438  44.598746  10.030126  -44.507971  64.730967  -3.525463  16.226136  124.529991
0.396388  0.000000  0.000000  0.000000  -51.949329  4.011536  -1.428571  71.489163  40.549906  8.120644  -44.507971  64.730967  -3.525463  16.226136  124.529991
0.396620  0.000000  0.000000  0.000000  -51.949329  4.011536  2.857143  72.542648  36.473228  6.429914  -44.507971  64.730967  -3.525463  16.226136  124.529991
0.396851  0.000000  0.000000  0.000000  -51.949329  4.011536  7.142857  73.403124  32.375093  4.908829  -44.507971  64.730967  -3.525463  16.226136  124.529991
0.397083  0.000000  0.000000  0.000000  -51.949329  4.011536  11.428571  74.104586  28.260286  3.520176  -44.507971  64.730967  -3.525463  16.226136  124.529991
0.397314  0.000000  0.000000  0.000000  -51.949329  4.011536  15.714286  74.672279  24.132490  2.235077  -44.507971  64.730967  -3.525463  16.226136  124.529991
0.397546  0.000000  0.000000  0.000000  -51.949329  4.011536  20.000000  75.125056  19.994626  1.030557  -44.507971  64.730967  -3.525463  16.226136  124.529991
0.397777  0.000000  0.000000  0.000000  -51.949329  4.011536  24.285714  75.476905  15.849015  -0.112104  -44.507971  64.730967  -3.525463  16.226136  124.529991
0.398009  0.000000  0.000000  0.000000  -51.949329  4.011536  28.571429  75.738156  11.697672  -1.208667  -44.507971  64.730967  -3.525463  16.226136  124.529991
0.398240  0.000000  0.000000  0.000000  -51.949329  4.011536  32.857143  75.916104  7.542292  -2.272761  -44.507971  64.730967  -3.525463  16.226136  124.529991
0.398472  0.000000  0.000000  0.000000  -51.949329  4.011536  37.142857  76.015551  3.384383  -3.316563  -44.507971  64.730967  -3.525463  16.226136  124.529991
0.398703  0.000000  0.000000  0.000000  -51.949329  4.011536  41.428571  76.039134  -0.774632  -4.351427  -44.507971  64.730967  -3.525463  16.226136  124.529991
0.398935  0.000000  0.000000  0.000000  -51.949329  4.011536  45.714286  75.987470  -4.933396  -5.388329  -44.507971  64.730967  -3.525463  16.226136  124.529991
0.399166  0.000000  0.000000  0.000000  -51.949329  4.011536  50.000000  75.859202  -9.090533  -6.438325  -44.507971  64.730967  -3.525463  16.226136  124.529991
0.399398  0.000000  0.000000  0.000000  -50.813836  1.805458  -10.000000  68.505771  52.161915  3.452530  -34.220328  51.301611  -14.960908  22.754195  115.722979
0.399630  0.000000  0.000000  0.000000  -50.813836  1.805458  -5.714286  70.312870  48.149264  1.100456  -34.220328  51.301611  -14.960908  22.754195  115.722979
0.399861  0.000000  0.000000  0.000000  -50.813836  1.805458  -1.428571  71.761902  44.095600  -0.908432  -34.220328  51.301611  -14.960908  22.754195  115.722979
0.400093  0.000000  0.000000  0.000000  -50.813836  1.805458  2.857143  72.934778  40.011279  -2.658273  -34.220328  51.301611  -14.960908  22.754195  115.722979
0.400324  0.000000  0.000000  0.000000  -50.813836  1.805458  7.142857  73.889669  35.903626  -4.209695  -34.220328  51.301611  -14.960908  22.754195  115.722979
0.400556  0.000000  0.000000  0.000000  -50.813836  1.805458  11.428571  74.668626  31.777985  -5.607493  -34.220328  51.301611  -14.960908  22.754195  115.722979
0.400787  0.000000  0.000000  0.000000  -50.813836  1.805458  15.714286  75.302421  27.638391  -6.885509  -34.220328  51.301611  -14.960908  22.754195  115.722979
0.401019  0.000000  0.000000  0.000000  -50.813836  1.805458  20.000000  75.813922  23.487938  -8.070080  -34.220328  51.301611  -14.960908  22.754195  115.722979
0.401250  0.000000  0.000000  0.000000  -50.813836  1.805458  24.285714  76.220125  19.329080  -9.182158  -34.220328  51.301611  -14.960908  22.754195  115.722979
0.401482  0.000000  0.000000  0.000000  -50.813836  1.805458  28.571429  76.533632  15.163810  -10.238866  -34.220328  51.301611  -14.960908  22.754195  115.722979
0.401713  0.000000  0.000000  0.000000  -50.813836  1.805458  32.857143  76.763663  10.993822  -11.254675  -34.220328  51.301611  -14.960908  22.754195  115.722979
0.401945  0.000000  0.000000  0.000000  -50.813836  1.805458  37.142857  76.916656  6.820553  -12.242094  -34.220328  51.301611  -14.960908  22.754195  115.722979
0.402176  0.000000  0.000000  0.000000  -50.813836  1.805458  41.428571  76.996774  2.645310  -13.212419  -34.220328  51.301611  -14.960908  22.754195  115.722979
0.402408  0.000000  0.000000  0.000000  -50.813836  1.805458  45.714286  77.006155  -1.530684  -14.176220  -34.220328  51.301611  -14.960908  22.754195  115.722979
0.402639  0.000000  0.000000  0.000000  -50.813836  1.805458  50.000000  76.945048  -5.706244  -15.143790  -34.220328  51.301611  -14.960908  22.754195  115.722979
0.402871  0.000000  0.000000  0.000000  -28.802855  11.049175  -10.000000  63.388112  38.323689  16.557476  -10.911096  64.799376  -9.227296  15.545648  115.424118
0.403103  0.000000  0.000000  0.000000  -28.802855  11.049175  -5.714286  64.769797  34.468507  14.230439  -10.911096  64.799376  -9.227296  15.545648  115.424118
0.403334  0.000000  0.000000  0.000000  -28.802855  11.049175  -1.428571  65.910431  30.573136  12.110142  -10.911096  64.799376  -9.227296  15.545648  115.424118
0.403566  0.000000  0.000000  0.000000  -28.802855  11.049175  2.857143  66.847512  26.646073  10.154453  -10.911096  64.799376  -9.227296  15.545648  115.424118
0.403797  0.000000  0.000000  0.000000  -28.802855  11.049175  7.142857  67.609789  22.694039  8.329385  -10.911096  64.799376  -9.227296  15.545648  115.424118
0.404029  0.000000  0.000000  0.000000  -28.802855  11.049175  11.428571  68.219230  18.722475  6.607041  -10.911096  64.799376  -9.227296  15.545648  115.424118
0.404260  0.000000  0.000000  0.000000  -28.802855  11.049175  15.714286  68.692488  14.735899  4.964024  -10.911096  64.799376  -9.227296  15.545648  115.424118
0.404492  0.000000  0.000000  0.000000  -28.802855  11.049175  20.000000  69.041914  10.738151  3.380229  -10.911096  64.799376  -9.227296  15.545648  115.424118
0.404723  0.000000  0.000000  0.000000  -28.802855  11.049175  24.285714  69.276302  6.732594  1.837908  -10.911096  64.799376  -9.227296  15.545648  115.424118
0.404955  0.000000  0.000000  0.000000  -28.802855  11.049175  28.571429  69.401415  2.722289  0.320877  -10.911096  64.799376  -9.227296  15.545648  115.424118
0.405186  0.000000  0.000000  0.000000  -28.802855  11.049175  32.857143  69.420268  -1.289909  -1.186065  -10.911096  64.799376  -9.227296  15.545648  115.424118
0.405418  0.000000  0.000000  0.000000  -28.802855  11.049175  37.142857  69.333302  -5.301215  -2.697776  -10.911096  64.799376  -9.227296  15.545648  115.424118
0.405649  0.000000  0.000000  0.000000  -28.802855  11.049175  41.428571  69.138433  -9.308800  -4.229285  -10.911096  64.799376  -9.227296  15.545648  115.424118
0.405881  0.000000  0.000000  0.000000  -28.802855  11.049175  45.714286  68.830928  -13.309706  -5.796325  -10.911096  64.799376  -9.227296  15.545648  115.424118
0.406113  0.000000  0.000000  0.000000  -28.802855  11.049175  50.000000  68.403104  -17.300685  -7.416031  -10.911096  64.799376  -9.227296  15.545648  115.424118
0.406344  0.000000  0.000000  0.000000  -37.206038  -5.412842  -10.000000  80.783429  47.713378  -6.950600  -9.450673  46.458870  -6.116522  16.652357  118.270586
0.406576  0.000000  0.000000  0.000000  -37.206038  -5.412842  -5.714286  81.459114  43.478910  -7.895736  -9.450673  46.458870  -6.116522  16.652357  118.270586
0.406807  0.000000  0.000000  0.000000  -37.206038  -5.412842  -1.428571  82.002009  39.237667  -8.716779  -9.450673  46.458870  -6.116522  16.652357  118.270586
0.407039  0.000000  0.000000  0.000000  -37.206038  -5.412842  2.857143  82.441123  34.991318  -9.443998  -9.450673  46.458870  -6.116522  16.652357  118.270586
0.407270  0.000000  0.000000  0.000000  -37.206038  -5.412842  7.142857  82.797010  30.741063  -10.099334  -9.450673  46.458870  -6.116522  16.652357  118.270586
0.407502  0.000000  0.000000  0.000000  -37.206038  -5.412842  11.428571  83.084481  26.487792  -10.699173  -9.450673  46.458870  -6.116522  16.652357  118.270586
0.407733  0.000000  0.000000  0.000000  -37.206038  -5.412842  15.714286  83.314362  22.232195  -11.256123  -9.450673  46.458870  -6.116522  16.652357  118.270586
0.407965  0.000000  0.000000  0.000000  -37.206038  -5.412842  20.000000  83.494626  17.974814  -11.780202  -9.450673  46.458870  -6.116522  16.652357  118.270586
0.408196  0.000000  0.000000  0.000000  -37.206038  -5.412842  24.285714  83.631064  13.716090  -12.279549  -9.450673  46.458870  -6.116522  16.652357  118.270586
0.408428  0.000000  0.000000  0.000000  -37.206038  -5.412842  28.571429  83.727833  9.456414  -12.761075  -9.450673  46.458870  -6.116522  16.652357  118.270586
0.408659  0.000000  0.000000  0.000000  -37.206038  -5.412842  32.857143  83.787789  5.196071  -13.230785  -9.450673  46.458870  -6.116522  16.652357  118.270586
0.408891  0.000000  0.000000  0.000000  -37.206038  -5.412842  37.142857  83.812583  0.935402  -13.694186  -9.450673  46.458870  -6.116522  16.652357  118.270586
0.409122  0.000000  0.000000  0.000000  -37.206038  -5.412842  41.428571  83.802933  -3.325332  -14.156458  -9.450673  46.458870  -6.116522  16.652357  118.270586
0.409354  0.000000  0.000000  0.000000  -37.206038  -5.412842  45.714286  83.758571  -7.585846  -14.622751  -9.450673  46.458870  -6.116522  16.652357  118.270586
0.409586  0.000000  0.000000  0.000000  -37.206038  -5.412842  50.000000  83.678249  -11.845857  -15.098375  -9.450673  46.458870  -6.116522  16.652357  118.270586
0.409817  0.000000  0.000000  0.000000  -30.732553  8.965220  -10.000000  61.584296  32.153917  11.844495  -24.391684  46.786904  -9.526198  19.360374  120.830785
0.410049  0.000000  0.000000  0.000000  -30.732553  8.965220  -5.714286  62.752155  28.363387  9.528369  -24.391684  46.786904  -9.526198  19.360374  120.830785
0.410280  0.000000  0.000000  0.000000  -30.732553  8.965220  -1.428571  63.712854  24.536428  7.372921  -24.391684  46.786904  -9.526198  19.360374  120.830785
0.410512  0.000000  0.000000  0.000000  -30.732553  8.965220  2.857143  64.492717  20.680658  5.345648  -24.391684  46.786904  -9.526198  19.360374  120.830785
0.410743  0.000000  0.000000  0.000000  -30.732553  8.965220  7.142857  65.112069  16.802362  3.419237  -24.391684  46.786904  -9.526198  19.360374  120.830785
0.410975  0.000000  0.000000  0.000000  -30.732553  8.965220  11.428571  65.586388  12.906869  1.570283  -24.391684  46.786904  -9.526198  19.360374  120.830785
0.411206  0.000000  0.000000  0.000000  -30.732553  8.965220  15.714286  65.927119  8.998787  -0.221796  -24.391684  46.786904  -9.526198  19.360374  120.830785
0.411438  0.000000  0.000000  0.000000  -30.732553  8.965220  20.000000  66.142212  5.082232  -1.975471  -24.391684  46.786904  -9.526198  19.360374  120.830785
0.411669  0.000000  0.000000  0.000000  -30.732553  8.965220  24.285714  66.236615  1.160995  -3.707909  -24.391684  46.786904  -9.526198  19.360374  120.830785
0.411901  0.000000  0.000000  0.000000  -30.732553  8.965220  28.571429  66.212472  -2.761297  -5.435540  -24.391684  46.786904  -9.526198  19.360374  120.830785
0.412132  0.000000  0.000000  0.000000  -30.732553  8.965220  32.857143  66.069239  -6.681067  -7.174630  -24.391684  46.786904  -9.526198  19.360374  120.830785
0.412364  0.000000  0.000000  0.000000  -30.732553  8.965220  37.142857  65.803640  -10.594637  -8.941848  -24.391684  46.786904  -9.526198  19.360374  120.830785
0.412596  0.000000  0.000000  0.000000  -30.732553  8.965220  41.428571  65.409563  -14.498108  -10.754786  -24.391684  46.786904  -9.526198  19.360374  120.830785
0.412827  0.000000  0.000000  0.000000  -30.732553  8.965220  45.714286  64.877657  -18.387179  -12.632732  -24.391684  46.786904  -9.526198  19.360374  120.830785
0.413059  0.000000  0.000000  0.000000  -30.732553  8.965220  50.000000  64.194931  -22.256971  -14.597274  -24.391684  46.786904  -9.526198  19.360374  120.830785
0.413290  0.000000  0.000000  0.000000  -50.542122  -8.478421  -10.000000  78.444052  45.048996  -5.710524  -34.069293  72.728470  18.027992  22.885453  113.344755
0.413522  0.000000  0.000000  0.000000  -50.542122  -8.478421  -5.714286  79.217137  40.844290  -6.844433  -34.069293  72.728470  18.027992  22.885453  113.344755
0.413753  0.000000  0.000000  0.000000  -50.542122  -8.478421  -1.428571  79.842215  36.629808  -7.842674  -34.069293  72.728470  18.027992  22.885453  113.344755
0.413985  0.000000  0.000000  0.000000  -50.542122  -8.478421  2.857143  80.349440  32.407865  -8.737136  -34.069293  72.728470  18.027992  22.885453  113.344755
0.414216  0.000000  0.000000  0.000000  -50.542122  -8.478421  7.142857  80.760505  28.180169  -9.551467  -34.069293  72.728470  18.027992  22.885453  113.344755
0.414448  0.000000  0.000000  0.000000  -50.542122  -8.478421  11.428571  81.091258  23.948024  -10.303726  -34.069293  72.728470  18.027992  22.885453  113.344755
0.414679  0.000000  0.000000  0.000000  -50.542122  -8.478421  15.714286  81.353364  19.712448  -11.008093  -34.069293  72.728470  18.027992  22.885453  113.344755
0.414911  0.000000  0.000000  0.000000  -50.542122  -8.478421  20.000000  81.555397  15.474265  -11.676038  -34.069293  72.728470  18.027992  22.885453  113.344755
0.415142  0.000000  0.000000  0.000000  -50.542122  -8.478421  24.285714  81.703569  11.234158  -12.317113  -34.069293  72.728470  18.027992  22.885453  113.344755
0.415374  0.000000  0.000000  0.000000  -50.542122  -8.478421  28.571429  81.802228  6.992731  -12.939586  -34.069293  72.728470  18.027992  22.885453  113.344755
0.415605  0.000000  0.000000  0.000000  -50.542122  -8.478421  32.857143  81.854174  2.750483  -13.550832  -34.069293  72.728470  18.027992  22.885453  113.344755
0.415837  0.000000  0.000000  0.000000  -50.542122  -8.478421  37.142857  81.860848  -1.492063  -14.157738  -34.069293  72.728470  18.027992  22.885453  113.344755
0.416069  0.000000  0.000000  0.000000  -50.542122  -8.478421  41.428571  81.822422  -5.734447  -14.766996  -34.069293  72.728470  18.027992  22.885453  113.344755
0.416300  0.000000  0.000000  0.000000  -50.542122  -8.478421  45.714286  81.737848  -9.976177  -15.385385  -34.069293  72.728470  18.027992  22.885453  113.344755
0.416532  0.000000  0.000000  0.000000  -50.542122  -8.478421  50.000000  81.604737  -14.216733  -16.020144  -34.069293  72.728470  18.027992  22.885453  113.344755
0.416763  0.000000  0.000000  0.000000  -49.863592  6.462493  -10.000000  66.851980  56.342532  11.910453  -23.919324  73.062029  -13.870981  22.245274  111.987962
0.416995  0.000000  0.000000  0.000000  -49.863592  6.462493  -5.714286  69.094562  52.368615  9.152698  -23.919324  73.062029  -13.870981  22.245274  111.987962
0.417226  0.000000  0.000000  0.000000  -49.863592  6.462493  -1.428571  70.866130  48.341167  6.853538  -23.919324  73.062029  -13.870981  22.245274  111.987962
0.417458  0.000000  0.000000  0.000000  -49.863592  6.462493  2.857143  72.284655  44.274632  4.893035  -23.919324  73.062029  -13.870981  22.245274  111.987962
0.417689  0.000000  0.000000  0.000000  -49.863592  6.462493  7.142857  73.431649  40.178928  3.187526  -23.919324  73.062029  -13.870981  22.245274  111.987962
0.417921  0.000000  0.000000  0.000000  -49.863592  6.462493  11.428571  74.364757  36.061058  1.676984  -23.919324  73.062029  -13.870981  22.245274  111.987962
0.418152  0.000000  0.000000  0.000000  -49.863592  6.462493  15.714286  75.125537  31.926124  0.317197  -23.919324  73.062029  -13.870981  22.245274  111.987962
0.418384  0.000000  0.000000  0.000000  -49.863592  6.462493  20.000000  75.744373  27.777958  -0.925185  -23.919324  73.062029  -13.870981  22.245274  111.987962
0.418615  0.000000  0.000000  0.000000  -49.863592  6.462493  24.285714  76.243770  23.619501  -2.076036  -23.919324  73.062029  -13.870981  22.245274  111.987962
0.418847  0.000000  0.000000  0.000000  -49.863592  6.462493  28.571429  76.640443  19.453081  -3.155889  -23.919324  73.062029  -13.870981  22.245274  111.987962
0.419078  0.000000  0.000000  0.000000  -49.863592  6.462493  32.857143  76.946803  15.280595  -4.181547  -23.919324  73.062029  -13.870981  22.245274  111.987962
0.419310  0.000000  0.000000  0.000000  -49.863592  6.462493  37.142857  77.171881  11.103620  -5.167101  -23.919324  73.062029  -13.870981  22.245274  111.987962
0.419542  0.000000  0.000000  0.000000  -49.863592  6.462493  41.428571  77.322019  6.923535  -6.124779  -23.919324  73.062029  -13.870981  22.245274  111.987962
0.419773  0.000000  0.000000  0.000000  -49.863592  6.462493  45.714286  77.401333  2.741564  -7.065614  -23.919324  73.062029  -13.870981  22.245274  111.987962
0.420005  0.000000  0.000000  0.000000  -49.863592  6.462493  50.000000  77.411949  -1.441130  -7.999888  -23.919324  73.062029  -13.870981  22.245274  111.987962
0.420236  0.000000  0.000000  0.000000  -40.135360  -0.090631  -10.000000  76.429276  45.836801  5.212664  -7.399211  68.012135  7.110533  24.882406  120.978497
0.420468  0.000000  0.000000  0.000000  -40.135360  -0.090631  -5.714286  77.359959  41.662472  3.867713  -7.399211  68.012135  7.110533  24.882406  120.978497
0.420699  0.000000  0.000000  0.000000  -40.135360  -0.090631  -1.428571  78.112566  37.474378  2.687039  -7.399211  68.012135  7.110533  24.882406  120.978497
0.420931  0.000000  0.000000  0.000000  -40.135360  -0.090631  2.857143  78.723746  33.275792  1.632036  -7.399211  68.012135  7.110533  24.882406  120.978497
0.421162  0.000000  0.000000  0.000000  -40.135360  -0.090631  7.142857  79.219966  29.069103  0.674063  -7.399211  68.012135  7.110533  24.882406  120.978497
0.421394  0.000000  0.000000  0.000000  -40.135360  -0.090631  11.428571  79.620440  24.856154  -0.208578  -7.399211  68.012135  7.110533  24.882406  120.978497
0.421625  0.000000  0.000000  0.000000  -40.135360  -0.090631  15.714286  79.939414  20.638361  -1.032939  -7.399211  68.012135  7.110533  24.882406  120.978497
0.421857  0.000000  0.000000  0.000000  -40.135360  -0.090631  20.000000  80.187374  16.416869  -1.812730  -7.399211  68.012135  7.110533  24.882406  120.978497
0.422088  0.000000  0.000000  0.000000  -40.135360  -0.090631  24.285714  80.371963  12.192618  -2.559304  -7.399211  68.012135  7.110533  24.882406  120.978497
0.422320  0.000000  0.000000  0.000000  -40.135360  -0.090631  28.571429  80.498608  7.966425  -3.282425  -7.399211  68.012135  7.110533  24.882406  120.978497
0.422552  0.000000  0.000000  0.000000  -40.135360  -0.090631  32.857143  80.570887  3.739004  -3.990741  -7.399211  68.012135  7.110533  24.882406  120.978497
0.422783  0.000000  0.000000  0.000000  -40.135360  -0.090631  37.142857  80.590793  -0.488976  -4.692246  -7.399211  68.012135  7.110533  24.882406  120.978497
0.423015  0.000000  0.000000  0.000000  -40.135360  -0.090631  41.428571  80.558873  -4.716892  -5.394637  -7.399211  68.012135  7.110533  24.882406  120.978497
0.423246  0.000000  0.000000  0.000000  -40.135360  -0.090631  45.714286  80.474252  -8.944089  -6.105649  -7.399211  68.012135  7.110533  24.882406  120.978497
0.423478  0.000000  0.000000  0.000000  -40.135360  -0.090631  50.000000  80.334584  -13.169900  -6.833394  -7.399211  68.012135  7.110533  24.882406  120.978497
0.423709  0.000000  0.000000  0.000000  -35.488577  3.610758  -10.000000  69.635158  46.530446  13.375461  -37.670439  53.599156  -15.425477  14.894084  117.081652
0.423941  0.000000  0.000000  0.000000  -35.488577  3.610758  -5.714286  71.053082  42.493937  11.354269  -37.670439  53.599156  -15.425477  14.894084  117.081652
0.424172  0.000000  0.000000  0.000000  -35.488577  3.610758  -1.428571  72.205635  38.426239  9.579370  -37.670439  53.599156  -15.425477  14.894084  117.081652
0.424404  0.000000  0.000000  0.000000  -35.488577  3.610758  2.857143  73.146293  34.334635  7.994562  -37.670439  53.599156  -15.425477  14.894084  117.081652
0.424635  0.000000  0.000000  0.000000  -35.488577  3.610758  7.142857  73.914167  30.224519  6.557710  -37.670439  53.599156  -15.425477  14.894084  117.081652
0.424867  0.000000  0.000000  0.000000  -35.488577  3.610758  11.428571  74.538158  26.099993  5.236514  -37.670439  53.599156  -15.425477  14.894084  117.081652
0.425098  0.000000  0.000000  0.000000  -35.488577  3.610758  15.714286  75.039792  21.964252  4.005592  -37.670439  53.599156  -15.425477  14.894084  117.081652
0.425330  0.000000  0.000000  0.000000  -35.488577  3.610758  20.000000  75.435133  17.819867  2.844489  -37.670439  53.599156  -15.425477  14.894084  117.081652
0.425561  0.000000  0.000000  0.000000  -35.488577  3.610758  24.285714  75.736036  13.668920  1.736293  -37.670439  53.599156  -15.425477  14.894084  117.081652
0.425793  0.000000  0.000000  0.000000  -35.488577  3.610758  28.571429  75.951124  9.513233  0.666549  -37.670439  53.599156  -15.425477  14.894084  117.081652
0.426025  0.000000  0.000000  0.000000  -35.488577  3.610758  32.857143  76.086290  5.354370  -0.377452  -37.670439  53.599156  -15.425477  14.894084  117.081652
0.426256  0.000000  0.000000  0.000000  -35.488577  3.610758  37.142857  76.145146  1.193761  -1.407313  -37.670439  53.599156  -15.425477  14.894084  117.081652
0.426488  0.000000  0.000000  0.000000  -35.488577  3.610758  41.428571  76.129247  -2.967230  -2.434059  -37.670439  53.599156  -15.425477  14.894084  117.081652
0.426719  0.000000  0.000000  0.000000  -35.488577  3.610758  45.714286  76.038171  -7.127263  -3.468578  -37.670439  53.599156  -15.425477  14.894084  117.081652
0.426951  0.000000  0.000000  0.000000  -35.488577  3.610758  50.000000  75.869511  -11.284956  -4.522076  -37.670439  53.599156  -15.425477  14.894084  117.081652
0.427182  0.000000  0.000000  0.000000  -47.533411  17.969796  -10.000000  51.790216  45.836353  26.688379  -10.967521  65.954929  16.205492  26.393835  127.764263
0.427414  0.000000  0.000000  0.000000  -47.533411  17.969796  -5.714286  54.290706  42.410415  23.098994  -10.967521  65.954929  16.205492  26.393835  127.764263
0.427645  0.000000  0.000000  0.000000  -47.533411  17.969796  -1.428571  56.384449  38.884216  19.886787  -10.967521  65.954929  16.205492  26.393835  127.764263
0.427877  0.000000  0.000000  0.000000  -47.533411  17.969796  2.857143  58.137071  35.278420  16.981863  -10.967521  65.954929  16.205492  26.393835  127.764263
0.428108  0.000000  0.000000  0.000000  -47.533411  17.969796  7.142857  59.601202  31.609142  14.326901  -10.967521  65.954929  16.205492  26.393835  127.764263
0.428340  0.000000  0.000000  0.000000  -47.533411  17.969796  11.428571  60.818718  27.889145  11.874816  -10.967521  65.954929  16.205492  26.393835  127.764263
0.428571  0.000000  0.000000  0.000000  -47.533411  17.969796  15.714286  61.822717  24.128649  9.586703  -10.967521  65.954929  16.205492  26.393835  127.764263
0.428803  0.000000  0.000000  0.000000  -47.533411  17.969796  20.000000  62.639285  20.336027  7.429962  -10.967521  65.954929  16.205492  26.393835  127.764263
0.429034  0.000000  0.000000  0.000000  -47.533411  17.969796  24.285714  63.288652  16.518217  5.376970  -10.967521  65.954929  16.205492  26.393835  127.764263
0.429266  0.000000  0.000000  0.000000  -47.533411  17.969796  28.571429  63.786338  12.681148  3.403844  -10.967521  65.954929  16.205492  26.393835  127.764263
0.429498  0.000000  0.000000  0.000000  -47.533411  17.969796  32.857143  64.143830  8.829956  1.489481  -10.967521  65.954929  16.205492  26.393835  127.764263
0.429729  0.000000  0.000000  0.000000  -47.533411  17.969796  37.142857  64.369182  4.969261  -0.385209  -10.967521  65.954929  16.205492  26.393835  127.764263
0.429961  0.000000  0.000000  0.000000  -47.533411  17.969796  41.428571  64.467386  1.103334  -2.238022  -10.967521  65.954929  16.205492  26.393835  127.764263
0.430192  0.000000  0.000000  0.000000  -47.533411  17.969796  45.714286  64.440597  -2.763748  -4.086021  -10.967521  65.954929  16.205492  26.393835  127.764263
0.430424  0.000000  0.000000  0.000000  -47.533411  17.969796  50.000000  64.288216  -6.627926  -5.946110  -10.967521  65.954929  16.205492  26.393835  127.764263
0.430655  0.000000  0.000000  0.000000  -47.996749  10.204184  -10.000000  60.987719  50.073744  17.609495  -37.259334  67.219214  19.745003  25.842334  129.429324
0.430887  0.000000  0.000000  0.000000  -47.996749  10.204184  -5.714286  63.229577  46.284758  14.603193  -37.259334  67.219214  19.745003  25.842334  129.429324
0.431118  0.000000  0.000000  0.000000  -47.996749  10.204184  -1.428571  65.058003  42.427254  11.989549  -37.259334  67.219214  19.745003  25.842334  129.429324
0.431350  0.000000  0.000000  0.000000  -47.996749  10.204184  2.857143  66.557296  38.517291  9.681206  -37.259334  67.219214  19.745003  25.842334  129.429324
0.431581  0.000000  0.000000  0.000000  -47.996749  10.204184  7.142857  67.790038  34.566706  7.612178  -37.259334  67.219214  19.745003  25.842334  129.429324
0.431813  0.000000  0.000000  0.000000  -47.996749  10.204184  11.428571  68.803131  30.584400  5.731787  -37.259334  67.219214  19.745003  25.842334  129.429324
0.432044  0.000000  0.000000  0.000000  -47.996749  10.204184  15.714286  69.631958  26.577196  4.000454  -37.259334  67.219214  19.745003  25.842334  129.429324
0.432276  0.000000  0.000000  0.000000  -47.996749  10.204184  20.000000  70.303292  22.550480  2.386618  -37.259334  67.219214  19.745003  25.842334  129.429324
0.432508  0.000000  0.000000  0.000000  -47.996749  10.204184  24.285714  70.837405  18.508581  0.864610  -37.259334  67.219214  19.745003  25.842334  129.429324
0.432739  0.000000  0.000000  0.000000  -47.996749  10.204184  28.571429  71.249512  14.455077  -0.586967  -37.259334  67.219214  19.745003  25.842334  129.429324
0.432971  0.000000  0.000000  0.000000  -47.996749  10.204184  32.857143  71.550799  10.393002  -1.986412  -37.259334  67.219214  19.745003  25.842334  129.429324
0.433202  0.000000  0.000000  0.000000  -47.996749  10.204184  37.142857  71.749143  6.325018  -3.349848  -37.259334  67.219214  19.745003  25.842334  129.429324
0.433434  0.000000  0.000000  0.000000  -47.996749  10.204184  41.428571  71.849590  2.253537  -4.691948  -37.259334  67.219214  19.745003  25.842334  129.429324
0.433665  0.000000  0.000000  0.000000  -47.996749  10.204184  45.714286  71.854654  -1.819172  -6.026550  -37.259334  67.219214  19.745003  25.842334  129.429324
0.433897  0.000000  0.000000  0.000000  -47.996749  10.204184  50.000000  71.764457  -5.890890  -7.367202  -37.259334  67.219214  19.745003  25.842334  129.429324
0.434128  0.000000  0.000000  0.000000  -27.173894  -2.786045  -10.000000  65.120021  32.604060  0.885776  -14.971779  54.484005  13.310223  20.810370  115.928573
0.434360  0.000000  0.000000  0.000000  -27.173894  -2.786045  -5.714286  66.167938  28.699306  -1.168348  -14.971779  54.484005  13.310223  20.810370  115.928573
0.434591  0.000000  0.000000  0.000000  -27.173894  -2.786045  -1.428571  67.025721  24.765758  -3.073999  -14.971779  54.484005  13.310223  20.810370  115.928573
0.434823  0.000000  0.000000  0.000000  -27.173894  -2.786045  2.857143  67.718764  20.809597  -4.862148  -14.971779  54.484005  13.310223  20.810370  115.928573
0.435054  0.000000  0.000000  0.000000  -27.173894  -2.786045  7.142857  68.266452  16.835859  -6.558533  -14.971779  54.484005  13.310223  20.810370  115.928573
0.435286  0.000000  0.000000  0.000000  -27.173894  -2.786045  11.428571  68.683350  12.848762  -8.184941  -14.971779  54.484005  13.310223  20.810370  115.928573
0.435517  0.000000  0.000000  0.000000  -27.173894  -2.786045  15.714286  68.980121  8.851975  -9.760401  -14.971779  54.484005  13.310223  20.810370  115.928573
0.435749  0.000000  0.000000  0.000000  -27.173894  -2.786045  20.000000  69.164114  4.848748  -11.301929  -14.971779  54.484005  13.310223  20.810370  115.928573
0.435981  0.000000  0.000000  0.000000  -27.173894  -2.786045  24.285714  69.239782  0.842059  -12.825239  -14.971779  54.484005  13.310223  20.810370  115.928573
0.436212  0.000000  0.000000  0.000000  -27.173894  -2.786045  28.571429  69.208943  -3.165218  -14.345425  -14.971779  54.484005  13.310223  20.810370  115.928573
0.436444  0.000000  0.000000  0.000000  -27.173894  -2.786045  32.857143  69.070861  -7.170255  -15.877431  -14.971779  54.484005  13.310223  20.810370  115.928573
0.436675  0.000000  0.000000  0.000000  -27.173894  -2.786045  37.142857  68.822196  -11.170126  -17.436656  -14.971779  54.484005  13.310223  20.810370  115.928573
0.436907  0.000000  0.000000  0.000000  -27.173894  -2.786045  41.428571  68.456885  -15.161714  -19.039464  -14.971779  54.484005  13.310223  20.810370  115.928573
0.437138  0.000000  0.000000  0.000000  -27.173894  -2.786045  45.714286  67.965689  -19.141543  -20.703966  -14.971779  54.484005  13.310223  20.810370  115.928573
0.437370  0.000000  0.000000  0.000000  -27.173894  -2.786045  50.000000  67.335799  -23.105669  -22.450675  -14.971779  54.484005  13.310223  20.810370  115.928573
0.437601  0.000000  0.000000  0.000000  -54.682060  -1.204635  -10.000000  84.704873  58.536701  2.599682  -9.111952  56.297068  -7.464856  20.361350  121.201625
0.437833  0.000000  0.000000  0.000000  -54.682060  -1.204635  -5.714286  85.268848  54.267308  1.923055  -9.111952  56.297068  -7.464856  20.361350  121.201625
0.438064  0.000000  0.000000  0.000000  -54.682060  -1.204635  -1.428571  85.702817  49.994853  1.373706  -9.111952  56.297068  -7.464856  20.361350  121.201625
0.438296  0.000000  0.000000  0.000000  -54.682060  -1.204635  2.857143  86.043808  45.720217  0.914158  -9.111952  56.297068  -7.464856  20.361350  121.201625
0.438527  0.000000  0.000000  0.000000  -54.682060  -1.204635  7.142857  86.315684  41.444007  0.520063  -9.111952  56.297068  -7.464856  20.361350  121.201625
0.438759  0.000000  0.000000  0.000000  -54.682060  -1.204635  11.428571  86.534550  37.166616  0.174792  -9.111952  56.297068  -7.464856  20.361350  121.201625
0.438991  0.000000  0.000000  0.000000  -54.682060  -1.204635  15.714286  86.711578  32.888332  -0.133420  -9.111952  56.297068  -7.464856  20.361350  121.201625
0.439222  0.000000  0.000000  0.000000  -54.682060  -1.204635  20.000000  86.854714  28.609361  -0.413186  -9.111952  56.297068  -7.464856  20.361350  121.201625
0.439454  0.000000  0.000000  0.000000  -54.682060  -1.204635  24.285714  86.969719  24.329861  -0.671019  -9.111952  56.297068  -7.464856  20.361350  121.201625
0.439685  0.000000  0.000000  0.000000  -54.682060  -1.204635  28.571429  87.060784  20.049953  -0.911968  -9.111952  56.297068  -7.464856  20.361350  121.201625
0.439917  0.000000  0.000000  0.000000  -54.682060  -1.204635  32.857143  87.130990  15.769737  -1.140107  -9.111952  56.297068  -7.464856  20.361350  121.201625
0.440148  0.000000  0.000000  0.000000  -54.682060  -1.204635  37.142857  87.182560  11.489295  -1.358803  -9.111952  56.297068  -7.464856  20.361350  121.201625
0.440380  0.000000  0.000000  0.000000  -54.682060  -1.204635  41.428571  87.217046  7.208692  -1.570943  -9.111952  56.297068  -7.464856  20.361350  121.201625
0.440611  0.000000  0.000000  0.000000  -54.682060  -1.204635  45.714286  87.235448  2.927993  -1.779104  -9.111952  56.297068  -7.464856  20.361350  121.201625
0.440843  0.000000  0.000000  0.000000  -54.682060  -1.204635  50.000000  87.238289  -1.352741  -1.985675  -9.111952  56.297068  -7.464856  20.361350  121.201625
0.441074  0.000000  0.000000  0.000000  -31.650520  13.398007  -10.000000  53.472192  30.789691  15.252251  -11.086354  61.411464  -14.281993  24.887538  125.496982
0.441306  0.000000  0.000000  0.000000  -31.650520  13.398007  -5.714286  54.866514  27.314234  12.382704  -11.086354  61.411464  -14.281993  24.887538  125.496982
0.441537  0.000000  0.000000  0.000000  -31.650520  13.398007  -1.428571  56.028998  23.783768  9.688970  -11.086354  61.411464  -14.281993  24.887538  125.496982
0.441769  0.000000  0.000000  0.000000  -31.650520  13.398007  2.857143  56.984810  20.209054  7.138669  -11.086354  61.411464  -14.281993  24.887538  125.496982
0.442000  0.000000  0.000000  0.000000  -31.650520  13.398007  7.142857  57.754117  16.599203  4.703538  -11.086354  61.411464  -14.281993  24.887538  125.496982
0.442232  0.000000  0.000000  0.000000  -31.650520  13.398007  11.428571  58.352711  12.962070  2.358634  -11.086354  61.411464  -14.281993  24.887538  125.496982
0.442464  0.000000  0.000000  0.000000  -31.650520  13.398007  15.714286  58.792693  9.304570  0.081509  -11.086354  61.411464  -14.281993  24.887538  125.496982
0.442695  0.000000  0.000000  0.000000  -31.650520  13.398007  20.000000  59.082729  5.632931  -2.148333  -11.086354  61.411464  -14.281993  24.887538  125.496982
0.442927  0.000000  0.000000  0.000000  -31.650520  13.398007  24.285714  59.228467  1.952923  -4.350102  -11.086354  61.411464  -14.281993  24.887538  125.496982
0.443158  0.000000  0.000000  0.000000  -31.650520  13.398007  28.571429  59.232744  -1.729954  -6.542231  -11.086354  61.411464  -14.281993  24.887538  125.496982
0.443390  0.000000  0.000000  0.000000  -31.650520  13.398007  32.857143  59.095614  -5.410291  -8.742896  -11.086354  61.411464  -14.281993  24.887538  125.496982
0.443621  0.000000  0.000000  0.000000  -31.650520  13.398007  37.142857  58.814447  -9.082596  -10.970507  -11.086354  61.411464  -14.281993  24.887538  125.496982
0.443853  0.000000  0.000000  0.000000  -31.650520  13.398007  41.428571  58.383770  -12.741127  -13.244191  -11.086354  61.411464  -14.281993  24.887538  125.496982
0.444084  0.000000  0.000000  0.000000  -31.650520  13.398007  45.714286  57.795069  -16.379681  -15.584388  -11.086354  61.411464  -14.281993  24.887538  125.496982
0.444316  0.000000  0.000000  0.000000  -31.650520  13.398007  50.000000  57.036516  -19.991395  -18.013370  -11.086354  61.411464  -14.281993  24.887538  125.496982
0.444547  0.000000  0.000000  0.000000  -31.137481  -2.026781  -10.000000  75.752203  42.313470  2.934457  -36.977260  62.518587  15.765626  10.006358  112.974928
0.444779  0.000000  0.000000  0.000000  -31.137481  -2.026781  -5.714286  76.618411  38.151499  1.594274  -36.977260  62.518587  15.765626  10.006358  112.974928
0.445010  0.000000  0.000000  0.000000  -31.137481  -2.026781  -1.428571  77.322408  33.975945  0.399228  -36.977260  62.518587  15.765626  10.006358  112.974928
0.445242  0.000000  0.000000  0.000000  -31.137481  -2.026781  2.857143  77.894740  29.789926  -0.683607  -36.977260  62.518587  15.765626  10.006358  112.974928
0.445473  0.000000  0.000000  0.000000  -31.137481  -2.026781  7.142857  78.357777  25.595795  -1.679275  -36.977260  62.518587  15.765626  10.006358  112.974928
0.445705  0.000000  0.000000  0.000000  -31.137481  -2.026781  11.428571  78.728023  21.395380  -2.607318  -36.977260  62.518587  15.765626  10.006358  112.974928
0.445937  0.000000  0.000000  0.000000  -31.137481  -2.026781  15.714286  79.017689  17.190150  -3.483430  -36.977260  62.518587  15.765626  10.006358  112.974928
0.446168  0.000000  0.000000  0.000000  -31.137481  -2.026781  20.000000  79.235707  12.981299  -4.320541  -36.977260  62.518587  15.765626  10.006358  112.974928
0.446400  0.000000  0.000000  0.000000  -31.137481  -2.026781  24.285714  79.388484  8.769860  -5.129715  -36.977260  62.518587  15.765626  10.006358  112.974928
0.446631  0.000000  0.000000  0.000000  -31.137481  -2.026781  28.571429  79.480331  4.556747  -5.920715  -36.977260  62.518587  15.765626  10.006358  112.974928
0.446863  0.000000  0.000000  0.000000  -31.137481  -2.026781  32.857143  79.513769  0.342765  -6.702480  -36.977260  62.518587  15.765626  10.006358  112.974928
0.447094  0.000000  0.000000  0.000000  -31.137481  -2.026781  37.142857  79.489700  -3.871274  -7.483553  -36.977260  62.518587  15.765626  10.006358  112.974928
0.447326  0.000000  0.000000  0.000000  -31.137481  -2.026781  41.428571  79.407488  -8.084587  -8.272458  -36.977260  62.518587  15.765626  10.006358  112.974928
0.447557  0.000000  0.000000  0.000000  -31.137481  -2.026781  45.714286  79.264864  -12.296357  -9.078044  -36.977260  62.518587  15.765626  10.006358  112.974928
0.447789  0.000000  0.000000  0.000000  -31.137481  -2.026781  50.000000  79.057832  -16.505693  -9.909903  -36.977260  62.518587  15.765626  10.006358  112.974928
0.448020  0.000000  0.000000  0.000000  -50.601572  5.554748  -10.000000  65.287161  31.735108  3.099571  -10.860798  55.727307  -10.404970  26.378620  126.074249
0.448252  0.000000  0.000000  0.000000  -50.601572  5.554748  -5.714286  66.293358  27.825871  1.075048  -10.860798  55.727307  -10.404970  26.378620  126.074249
0.448483  0.000000  0.000000  0.000000  -50.601572  5.554748  -1.428571  67.115201  23.889147  -0.808075  -10.860798  55.727307  -10.404970  26.378620  126.074249
0.448715  0.000000  0.000000  0.000000  -50.601572  5.554748  2.857143  67.776654  19.930877  -2.579513  -10.860798  55.727307  -10.404970  26.378620  126.074249
0.448947  0.000000  0.000000  0.000000  -50.601572  5.554748  7.142857  68.295974  15.955916  -4.264070  -10.860798  55.727307  -10.404970  26.378620  126.074249
0.449178  0.000000  0.000000  0.000000  -50.601572  5.554748  11.428571  68.686828  11.968375  -5.882902  -10.860798  55.727307  -10.404970  26.378620  126.074249
0.449410  0.000000  0.000000  0.000000  -50.601572  5.554748  15.714286  68.959115  7.971826  -7.454541  -10.860798  55.727307  -10.404970  26.378620  126.074249
0.449641  0.000000  0.000000  0.000000  -50.601572  5.554748  20.000000  69.119534  3.969475  -8.995713  -10.860798  55.727307  -10.404970  26.378620  126.074249
0.449873  0.000000  0.000000  0.000000  -50.601572  5.554748  24.285714  69.171951  -0.035722  -10.521966  -10.860798  55.727307  -10.404970  26.378620  126.074249
0.450104  0.000000  0.000000  0.000000  -50.601572  5.554748  28.571429  69.117623  -4.040883  -12.048377  -10.860798  55.727307  -10.404970  26.378620  126.074249
0.450336  0.000000  0.000000  0.000000  -50.601572  5.554748  32.857143  68.955253  -8.043160  -13.589949  -10.860798  55.727307  -10.404970  26.378620  126.074249
0.450567  0.000000  0.000000  0.000000  -50.601572  5.554748  37.142857  68.680906  -12.039574  -15.162295  -10.860798  55.727307  -10.404970  26.378620  126.074249
0.450799  0.000000  0.000000  0.000000  -50.601572  5.554748  41.428571  68.287855  -16.026923  -16.782124  -10.860798  55.727307  -10.404970  26.378620  126.074249
0.451030  0.000000  0.000000  0.000000  -50.601572  5.554748  45.714286  67.766150  -20.001630  -18.468027  -10.860798  55.727307  -10.404970  26.378620  126.074249
0.451262  0.000000  0.000000  0.000000  -50.601572  5.554748  50.000000  67.102013  -23.959573  -20.241235  -10.860798  55.727307  -10.404970  26.378620  126.074249
0.451493  0.000000  0.000000  0.000000  -44.281181  11.214179  -10.000000  59.079859  27.160887  8.301932  -10.968886  74.628065  2.580930  11.836073  120.233331
0.451725  0.000000  0.000000  0.000000  -44.281181  11.214179  -5.714286  60.106287  23.464073  5.902771  -10.968886  74.628065  2.580930  11.836073  120.233331
0.451956  0.000000  0.000000  0.000000  -44.281181  11.214179  -1.428571  60.941557  19.732576  3.635075  -10.968886  74.628065  2.580930  11.836073  120.233331
0.452188  0.000000  0.000000  0.000000  -44.281181  11.214179  2.857143  61.605316  15.973861  1.471395  -10.968886  74.628065  2.580930  11.836073  120.233331
0.452420  0.000000  0.000000  0.000000  -44.281181  11.214179  7.142857  62.112689  12.194337  -0.612202  -10.968886  74.628065  2.580930  11.836073  120.233331
0.452651  0.000000  0.000000  0.000000  -44.281181  11.214179  11.428571  62.474864  8.399607  -2.637042  -10.968886  74.628065  2.580930  11.836073  120.233331
0.452883  0.000000  0.000000  0.000000  -44.281181  11.214179  15.714286  62.699674  4.594744  -4.622569  -10.968886  74.628065  2.580930  11.836073  120.233331
0.453114  0.000000  0.000000  0.000000  -44.281181  11.214179  20.000000  62.791921  0.784437  -6.586964  -10.968886  74.628065  2.580930  11.836073  120.233331
0.453346  0.000000  0.000000  0.000000  -44.281181  11.214179  24.285714  62.753529  -3.026786  -8.547784  -10.968886  74.628065  2.580930  11.836073  120.233331
0.453577  0.000000  0.000000  0.000000  -44.281181  11.214179  28.571429  62.583696  -6.834446  -10.522457  -10.968886  74.628065  2.580930  11.836073  120.233331
0.453809  0.000000  0.000000  0.000000  -44.281181  11.214179  32.857143  62.278820  -10.633935  -12.528854  -10.968886  74.628065  2.580930  11.836073  120.233331
0.454040  0.000000  0.000000  0.000000  -44.281181  11.214179  37.142857  61.832371  -14.420363  -14.585805  -10.968886  74.628065  2.580930  11.836073  120.233331
0.454272  0.000000  0.000000  0.000000  -44.281181  11.214179  41.428571  61.234590  -18.188370  -16.713785  -10.968886  74.628065  2.580930  11.836073  120.233331
0.454503  0.000000  0.000000  0.000000  -44.281181  11.214179  45.714286  60.472022  -21.931897  -18.935558  -10.968886  74.628065  2.580930  11.836073  120.233331
0.454735  0.000000  0.000000  0.000000  -44.281181  11.214179  50.000000  59.526967  -25.643981  -21.277025  -10.968886  74.628065  2.580930  11.836073  120.233331
0.454966  0.000000  0.000000  0.000000  -44.258615  3.579017  -10.000000  68.905743  57.131970  8.349709  -14.854352  69.087095  22.835745  13.128979  116.580377
0.455198  0.000000  0.000000  0.000000  -44.258615  3.579017  -5.714286  71.013530  53.104848  5.782016  -14.854352  69.087095  22.835745  13.128979  116.580377
0.455429  0.000000  0.000000  0.000000  -44.258615  3.579017  -1.428571  72.667827  49.031983  3.656827  -14.854352  69.087095  22.835745  13.128979  116.580377
0.455661  0.000000  0.000000  0.000000  -44.258615  3.579017  2.857143  73.986101  44.926020  1.854924  -14.854352  69.087095  22.835745  13.128979  116.580377
0.455893  0.000000  0.000000  0.000000  -44.258615  3.579017  7.142857  75.048285  40.795518  0.294457  -14.854352  69.087095  22.835745  13.128979  116.580377
0.456124  0.000000  0.000000  0.000000  -44.258615  3.579017  11.428571  75.910223  36.646464  -1.082536  -14.854352  69.087095  22.835745  13.128979  116.580377
0.456356  0.000000  0.000000  0.000000  -44.258615  3.579017  15.714286  76.611790  32.483189  -2.318290  -14.854352  69.087095  22.835745  13.128979  116.580377
0.456587  0.000000  0.000000  0.000000  -44.258615  3.579017  20.000000  77.182012  28.308903  -3.444478  -14.854352  69.087095  22.835745  13.128979  116.580377
0.456819  0.000000  0.000000  0.000000  -44.258615  3.579017  24.285714  77.642178  24.126079  -4.485376  -14.854352  69.087095  22.835745  13.128979  116.580377
0.457050  0.000000  0.000000  0.000000  -44.258615  3.579017  28.571429  78.008095  19.936647  -5.460193  -14.854352  69.087095  22.835745  13.128979  116.580377
0.457282  0.000000  0.000000  0.000000  -44.258615  3.579017  32.857143  78.291455  15.742172  -6.384516  -14.854352  69.087095  22.835745  13.128979  116.580377
0.457513  0.000000  0.000000  0.000000  -44.258615  3.579017  37.142857  78.500798  11.543969  -7.271408  -14.854352  69.087095  22.835745  13.128979  116.580377
0.457745  0.000000  0.000000  0.000000  -44.258615  3.579017  41.428571  78.642111  7.343150  -8.132080  -14.854352  69.087095  22.835745  13.128979  116.580377
0.457976  0.000000  0.000000  0.000000  -44.258615  3.579017  45.714286  78.719321  3.140721  -8.976608  -14.854352  69.087095  22.835745  13.128979  116.580377
0.458208  0.000000  0.000000  0.000000  -44.258615  3.579017  50.000000  78.734522  -1.062377  -9.814348  -14.854352  69.087095  22.835745  13.128979  116.580377
0.458439  0.000000  0.000000  0.000000  -37.122523  2.397810  -10.000000  78.639473  56.314036  12.947789  -11.005048  45.337527  -15.296608  26.310735  118.888012
0.458671  0.000000  0.000000  0.000000  -37.122523  2.397810  -5.714286  79.754183  52.104013  11.574519  -11.005048  45.337527  -15.296608  26.310735  118.888012
0.458903  0.000000  0.000000  0.000000  -37.122523  2.397810  -1.428571  80.624643  47.880790  10.438876  -11.005048  45.337527  -15.296608  26.310735  118.888012
0.459134  0.000000  0.000000  0.000000  -37.122523  2.397810  2.857143  81.315793  43.648070  9.474896  -11.005048  45.337527  -15.296608  26.310735  118.888012
0.459366  0.000000  0.000000  0.000000  -37.122523  2.397810  7.142857  81.870937  39.408307  8.638138  -11.005048  45.337527  -15.296608  26.310735  118.888012
0.459597  0.000000  0.000000  0.000000  -37.122523  2.397810  11.428571  82.319908  35.163244  7.897520  -11.005048  45.337527  -15.296608  26.310735  118.888012
0.459829  0.000000  0.000000  0.000000  -37.122523  2.397810  15.714286  82.683794  30.914122  7.230546  -11.005048  45.337527  -15.296608  26.310735  118.888012
0.460060  0.000000  0.000000  0.000000  -37.122523  2.397810  20.000000  82.977825  26.661869  6.620404  -11.005048  45.337527  -15.296608  26.310735  118.888012
0.460292  0.000000  0.000000  0.000000  -37.122523  2.397810  24.285714  83.213113  22.407197  6.054183  -11.005048  45.337527  -15.296608  26.310735  118.888012
0.460523  0.000000  0.000000  0.000000  -37.122523  2.397810  28.571429  83.397801  18.150670  5.521683  -11.005048  45.337527  -15.296608  26.310735  118.888012
0.460755  0.000000  0.000000  0.000000  -37.122523  2.397810  32.857143  83.537870  13.892750  5.014545  -11.005048  45.337527  -15.296608  26.310735  118.888012
0.460986  0.000000  0.000000  0.000000  -37.122523  2.397810  37.142857  83.637591  9.633821  4.525749  -11.005048  45.337527  -15.296608  26.310735  118.888012
0.461218  0.000000  0.000000  0.000000  -37.122523  2.397810  41.428571  83.699873  5.374220  4.049166  -11.005048  45.337527  -15.296608  26.310735  118.888012
0.461449  0.000000  0.000000  0.000000  -37.122523  2.397810  45.714286  83.726487  1.114256  3.579211  -11.005048  45.337527  -15.296608  26.310735  118.888012
0.461681  0.000000  0.000000  0.000000  -37.122523  2.397810  50.000000  83.718176  -3.145786  3.110617  -11.005048  45.337527  -15.296608  26.310735  118.888012
0.461912  0.000000  0.000000  0.000000  -41.798852  1.365164  -10.000000  71.248306  56.837926  8.929306  -46.134801  69.753151  -5.474053  26.240485  127.204216
0.462144  0.000000  0.000000  0.000000  -41.798852  1.365164  -5.714286  73.108484  52.757143  6.654342  -46.134801  69.753151  -5.474053  26.240485  127.204216
0.462376  0.000000  0.000000  0.000000  -41.798852  1.365164  -1.428571  74.566672  48.640342  4.771242  -46.134801  69.753151  -5.474053  26.240485  127.204216
0.462607  0.000000  0.000000  0.000000  -41.798852  1.365164  2.857143  75.727693  44.497484  3.173576  -46.134801  69.753151  -5.474053  26.240485  127.204216
0.462839  0.000000  0.000000  0.000000  -41.798852  1.365164  7.142857  76.662478  40.335319  1.788662  -46.134801  69.753151  -5.474053  26.240485  127.204216
0.463070  0.000000  0.000000  0.000000  -41.798852  1.365164  11.428571  77.420387  36.158562  0.565197  -46.134801  69.753151  -5.474053  26.240485  127.204216
0.463302  0.000000  0.000000  0.000000  -41.798852  1.365164  15.714286  78.036572  31.970625  -0.534137  -46.134801  69.753151  -5.474053  26.240485  127.204216
0.463533  0.000000  0.000000  0.000000  -41.798852  1.365164  20.000000  78.536576  27.774035  -1.537314  -46.134801  69.753151  -5.474053  26.240485  127.204216
0.463765  0.000000  0.000000  0.000000  -41.798852  1.365164  24.285714  78.939088  23.570747  -2.465776  -46.134801  69.753151  -5.474053  26.240485  127.204216
0.463996  0.000000  0.000000  0.000000  -41.798852  1.365164  28.571429  79.257957  19.362285  -3.336508  -46.134801  69.753151  -5.474053  26.240485  127.204216
0.464228  0.000000  0.000000  0.000000  -41.798852  1.365164  32.857143  79.503397  15.149894  -4.163327  -46.134801  69.753151  -5.474053  26.240485  127.204216
0.464459  0.000000  0.000000  0.000000  -41.798852  1.365164  37.142857  79.682815  10.934614  -4.957816  -46.134801  69.753151  -5.474053  26.240485  127.204216
0.464691  0.000000  0.000000  0.000000  -41.798852  1.365164  41.428571  79.801374  6.717337  -5.729984  -46.134801  69.753151  -5.474053  26.240485  127.204216
0.464922  0.000000  0.000000  0.000000  -41.798852  1.365164  45.714286  79.862384  2.498871  -6.488855  -46.134801  69.753151  -5.474053  26.240485  127.204216
0.465154  0.000000  0.000000  0.000000  -41.798852  1.365164  50.000000  79.867513  -1.720026  -7.242855  -46.134801  69.753151  -5.474053  26.240485  127.204216
0.465386  0.000000  0.000000  0.000000  -38.556097  5.164360  -10.000000  63.040604  34.007173  2.526849  -41.608581  62.485420  19.200882  24.316219  124.082862
0.465617  0.000000  0.000000  0.000000  -38.556097  5.164360  -5.714286  64.234369  30.166608  0.281034  -41.608581  62.485420  19.200882  24.316219  124.082862
0.465849  0.000000  0.000000  0.000000  -38.556097  5.164360  -1.428571  65.217144  26.290674  -1.795387  -41.608581  62.485420  19.200882  24.316219  124.082862
0.466080  0.000000  0.000000  0.000000  -38.556097  5.164360  2.857143  66.017817  22.386798  -3.736867  -41.608581  62.485420  19.200882  24.316219  124.082862
0.466312  0.000000  0.000000  0.000000  -38.556097  5.164360  7.142857  66.658600  18.461021  -5.571916  -41.608581  62.485420  19.200882  24.316219  124.082862
0.466543  0.000000  0.000000  0.000000  -38.556097  5.164360  11.428571  67.156411  14.518388  -7.324595  -41.608581  62.485420  19.200882  24.316219  124.082862
0.466775  0.000000  0.000000  0.000000  -38.556097  5.164360  15.714286  67.523866  10.563202  -9.015735  -41.608581  62.485420  19.200882  24.316219  124.082862
0.467006  0.000000  0.000000  0.000000  -38.556097  5.164360  20.000000  67.769940  6.599251  -10.663779  -41.608581  62.485420  19.200882  24.316219  124.082862
0.467238  0.000000  0.000000  0.000000  -38.556097  5.164360  24.285714  67.900502  2.629975  -12.285592  -41.608581  62.485420  19.200882  24.316219  124.082862
0.467469  0.000000  0.000000  0.000000  -38.556097  5.164360  28.571429  67.918642  -1.341394  -13.897097  -41.608581  62.485420  19.200882  24.316219  124.082862
0.467701  0.000000  0.000000  0.000000  -38.556097  5.164360  32.857143  67.824763  -5.311698  -15.513849  -41.608581  62.485420  19.200882  24.316219  124.082862
0.467932  0.000000  0.000000  0.000000  -38.556097  5.164360  37.142857  67.616672  -9.277741  -17.151594  -41.608581  62.485420  19.200882  24.316219  124.082862
0.468164  0.000000  0.000000  0.000000  -38.556097  5.164360  41.428571  67.289439  -13.236169  -18.826808  -41.608581  62.485420  19.200882  24.316219  124.082862
0.468395  0.000000  0.000000  0.000000  -38.556097  5.164360  45.714286  66.835106  -17.183313  -20.557375  -41.608581  62.485420  19.200882  24.316219  124.082862
0.468627  0.000000  0.000000  0.000000  -38.556097  5.164360  50.000000  66.242357  -21.115083  -22.363244  -41.608581  62.485420  19.200882  24.316219  124.082862
0.468859  0.000000  0.000000  0.000000  -38.179215  -4.053572  -10.000000  76.499449  56.511481  8.870981  -34.885689  67.095342  -5.925482  21.197666  115.897042
0.469090  0.000000  0.000000  0.000000  -38.179215  -4.053572  -5.714286  77.830969  52.332473  7.234980  -34.885689  67.095342  -5.925482  21.197666  115.897042
0.469322  0.000000  0.000000  0.000000  -38.179215  -4.053572  -1.428571  78.871334  48.134767  5.882440  -34.885689  67.095342  -5.925482  21.197666  115.897042
0.469553  0.000000  0.000000  0.000000  -38.179215  -4.053572  2.857143  79.697727  43.923628  4.734980  -34.885689  67.095342  -5.925482  21.197666  115.897042
0.469785  0.000000  0.000000  0.000000  -38.179215  -4.053572  7.142857  80.361777  39.702497  3.739635  -34.885689  67.095342  -5.925482  21.197666  115.897042
0.470016  0.000000  0.000000  0.000000  -38.179215  -4.053572  11.428571  80.899117  35.473861  2.859333  -34.885689  67.095342  -5.925482  21.197666  115.897042
0.470248  0.000000  0.000000  0.000000  -38.179215  -4.053572  15.714286  81.334960  31.239474  2.067215  -34.885689  67.095342  -5.925482  21.197666  115.897042
0.470479  0.000000  0.000000  0.000000  -38.179215  -4.053572  20.000000  81.687537  27.000647  1.343210  -34.885689  67.095342  -5.925482  21.197666  115.897042
0.470711  0.000000  0.000000  0.000000  -38.179215  -4.053572  24.285714  81.970163  22.758388  0.671909  -34.885689  67.095342  -5.925482  21.197666  115.897042
0.470942  0.000000  0.000000  0.000000  -38.179215  -4.053572  28.571429  82.192615  18.513491  0.041150  -34.885689  67.095342  -5.925482  21.197666  115.897042
0.471174  0.000000  0.000000  0.000000  -38.179215  -4.053572  32.857143  82.362085  14.266608  -0.559015  -34.885689  67.095342  -5.925482  21.197666  115.897042
0.471405  0.000000  0.000000  0.000000  -38.179215  -4.053572  37.142857  82.483734  10.018279  -1.136937  -34.885689  67.095342  -5.925482  21.197666  115.897042
0.471637  0.000000  0.000000  0.000000  -38.179215  -4.053572  41.428571  82.561095  5.768976  -1.699873  -34.885689  67.095342  -5.925482  21.197666  115.897042
0.471868  0.000000  0.000000  0.000000  -38.179215  -4.053572  45.714286  82.596366  1.519129  -2.254426  -34.885689  67.095342  -5.925482  21.197666  115.897042
0.472100  0.000000  0.000000  0.000000  -38.179215  -4.053572  50.000000  82.590522  -2.730860  -2.806797  -34.885689  67.095342  -5.925482  21.197666  115.897042
0.472332  0.000000  0.000000  0.000000  -38.376796  0.514344  -10.000000  81.847513  56.165271  9.657200  -8.117358  67.605080  -16.506174  28.700111  119.115263
0.472563  0.000000  0.000000  0.000000  -38.376796  0.514344  -5.714286  82.644980  51.918604  8.672694  -8.117358  67.605080  -16.506174  28.700111  119.115263
0.472795  0.000000  0.000000  0.000000  -38.376796  0.514344  -1.428571  83.267002  47.665144  7.858774  -8.117358  67.605080  -16.506174  28.700111  119.115263
0.473026  0.000000  0.000000  0.000000  -38.376796  0.514344  2.857143  83.760509  43.406799  7.167770  -8.117358  67.605080  -16.506174  28.700111  119.115263
0.473258  0.000000  0.000000  0.000000  -38.376796  0.514344  7.142857  84.156624  39.144846  6.567715  -8.117358  67.605080  -16.506174  28.700111  119.115263
0.473489  0.000000  0.000000  0.000000  -38.376796  0.514344  11.428571  84.476738  34.880156  6.036337  -8.117358  67.605080  -16.506174  28.700111  119.115263
0.473721  0.000000  0.000000  0.000000  -38.376796  0.514344  15.714286  84.735941  30.613389  5.557481  -8.117358  67.605080  -16.506174  28.700111  119.115263
0.473952  0.000000  0.000000  0.000000  -38.376796  0.514344  20.000000  84.945116  26.345016  5.119118  -8.117358  67.605080  -16.506174  28.700111  119.115263
0.474184  0.000000  0.000000  0.000000  -38.376796  0.514344  24.285714  85.112190  22.075404  4.712002  -8.117358  67.605080  -16.506174  28.700111  119.115263
0.474415  0.000000  0.000000  0.000000  -38.376796  0.514344  28.571429  85.242958  17.804844  4.328826  -8.117358  67.605080  -16.506174  28.700111  119.115263
0.474647  0.000000  0.000000  0.000000  -38.376796  0.514344  32.857143  85.341671  13.533573  3.963593  -8.117358  67.605080  -16.506174  28.700111  119.115263
0.474878  0.000000  0.000000  0.000000  -38.376796  0.514344  37.142857  85.411347  9.261791  3.611261  -8.117358  67.605080  -16.506174  28.700111  119.115263
0.475110  0.000000  0.000000  0.000000  -38.376796  0.514344  41.428571  85.454029  4.989673  3.267415  -8.117358  67.605080  -16.506174  28.700111  119.115263
0.475342  0.000000  0.000000  0.000000  -38.376796  0.514344  45.714286  85.470936  0.717377  2.928022  -8.117358  67.605080  -16.506174  28.700111  119.115263
0.475573  0.000000  0.000000  0.000000  -38.376796  0.514344  50.000000  85.462545  -3.554942  2.589263  -8.117358  67.605080  -16.506174  28.700111  119.115263
0.475805  0.000000  0.000000  0.000000  -39.915677  6.437189  -10.000000  72.454920  55.876445  13.667353  -29.013713  52.086097  -14.442956  14.537248  118.634759
0.476036  0.000000  0.000000  0.000000  -39.915677  6.437189  -5.714286  74.140168  51.770948  11.581019  -29.013713  52.086097  -14.442956  14.537248  118.634759
0.476268  0.000000  0.000000  0.000000  -39.915677  6.437189  -1.428571  75.465681  47.634700  9.844287  -29.013713  52.086097  -14.442956  14.537248  118.634759
0.476499  0.000000  0.000000  0.000000  -39.915677  6.437189  2.857143  76.523689  43.476093  8.363346  -29.013713  52.086097  -14.442956  14.537248  118.634759
0.476731  0.000000  0.000000  0.000000  -39.915677  6.437189  7.142857  77.376890  39.300844  7.073775  -29.013713  52.086097  -14.442956  14.537248  118.634759
0.476962  0.000000  0.000000  0.000000  -39.915677  6.437189  11.428571  78.069106  35.112976  5.929826  -29.013713  52.086097  -14.442956  14.537248  118.634759
0.477194  0.000000  0.000000  0.000000  -39.915677  6.437189  15.714286  78.631654  30.915417  4.898035  -29.013713  52.086097  -14.442956  14.537248  118.634759
0.477425  0.000000  0.000000  0.000000  -39.915677  6.437189  20.000000  79.087364  26.710350  3.953159  -29.013713  52.086097  -14.442956  14.537248  118.634759
0.477657  0.000000  0.000000  0.000000  -39.915677  6.437189  24.285714  79.452928  22.499480  3.075765  -29.013713  52.086097  -14.442956  14.537248  118.634759
0.477888  0.000000  0.000000  0.000000  -39.915677  6.437189  28.571429  79.740739  18.284134  2.250327  -29.013713  52.086097  -14.442956  14.537248  118.634759
0.478120  0.000000  0.000000  0.000000  -39.915677  6.437189  32.857143  79.959897  14.065421  1.464145  -29.013713  52.086097  -14.442956  14.537248  118.634759
0.478351  0.000000  0.000000  0.000000  -39.915677  6.437189  37.142857  80.116950  9.844257  0.706493  -29.013713  52.086097  -14.442956  14.537248  118.634759
0.478583  0.000000  0.000000  0.000000  -39.915677  6.437189  41.428571  80.216380  5.621446  -0.031976  -29.013713  52.086097  -14.442956  14.537248  118.634759
0.478815  0.000000  0.000000  0.000000  -39.915677  6.437189  45.714286  80.260977  1.397716  -0.759802  -29.013713  52.086097  -14.442956  14.537248  118.634759
0.479046  0.000000  0.000000  0.000000  -39.915677  6.437189  50.000000  80.251921  -2.826230  -1.484994  -29.013713  52.086097  -14.442956  14.537248  118.634759
0.479278  0.000000  0.000000  0.000000  -44.611524  4.693657  -10.000000  63.678178  57.622807  17.246454  -32.491259  62.217780  -1.914521  16.294938  118.485493
0.479509  0.000000  0.000000  0.000000  -44.611524  4.693657  -5.714286  66.332289  53.737099  14.034972  -32.491259  62.217780  -1.914521  16.294938  118.485493
0.479741  0.000000  0.000000  0.000000  -44.611524  4.693657  -1.428571  68.425078  49.780162  11.372158  -32.491259  62.217780  -1.914521  16.294938  118.485493
0.479972  0.000000  0.000000  0.000000  -44.611524  4.693657  2.857143  70.098158  45.771475  9.114351  -32.491259  62.217780  -1.914521  16.294938  118.485493
0.480204  0.000000  0.000000  0.000000  -44.611524  4.693657  7.142857  71.449707  41.724303  7.161107  -32.491259  62.217780  -1.914521  16.294938  118.485493
0.480435  0.000000  0.000000  0.000000  -44.611524  4.693657  11.428571  72.549227  37.647991  5.440457  -32.491259  62.217780  -1.914521  16.294938  118.485493
0.480667  0.000000  0.000000  0.000000  -44.611524  4.693657  15.714286  73.446798  33.549296  3.899567  -32.491259  62.217780  -1.914521  16.294938  118.485493
0.480898  0.000000  0.000000  0.000000  -44.611524  4.693657  20.000000  74.179038  29.433248  2.498757  -32.491259  62.217780  -1.914521  16.294938  118.485493
0.481130  0.000000  0.000000  0.000000  -44.611524  4.693657  24.285714  74.773087  25.303688  1.207421  -32.491259  62.217780  -1.914521  16.294938  118.485493
0.481361  0.000000  0.000000  0.000000  -44.611524  4.693657  28.571429  75.249146  21.163626  0.001443  -32.491259  62.217780  -1.914521  16.294938  118.485493
0.481593  0.000000  0.000000  0.000000  -44.611524  4.693657  32.857143  75.622292  17.015485  -1.138735  -32.491259  62.217780  -1.914521  16.294938  118.485493
0.481824  0.000000  0.000000  0.000000  -44.611524  4.693657  37.142857  75.903628  12.861270  -2.229368  -32.491259  62.217780  -1.914521  16.294938  118.485493
0.482056  0.000000  0.000000  0.000000  -44.611524  4.693657  41.428571  76.101136  8.702699  -3.284413  -32.491259  62.217780  -1.914521  16.294938  118.485493
0.482288  0.000000  0.000000  0.000000  -44.611524  4.693657  45.714286  76.220199  4.541282  -4.316203  -32.491259  62.217780  -1.914521  16.294938  118.485493
0.482519  0.000000  0.000000  0.000000  -44.611524  4.693657  50.000000  76.264004  0.378418  -5.336146  -32.491259  62.217780  -1.914521  16.294938  118.485493
0.482751  0.000000  0.000000  0.000000  -46.716426  1.346424  -10.000000  69.186592  41.576849  1.801654  -18.667021  61.151409  -7.049129  16.687257  114.892382
0.482982  0.000000  0.000000  0.000000  -46.716426  1.346424  -5.714286  70.410050  37.554325  -0.117808  -18.667021  61.151409  -7.049129  16.687257  114.892382
0.483214  0.000000  0.000000  0.000000  -46.716426  1.346424  -1.428571  71.411362  33.503924  -1.839727  -18.667021  61.151409  -7.049129  16.687257  114.892382
0.483445  0.000000  0.000000  0.000000  -46.716426  1.346424  2.857143  72.230099  29.431843  -3.407066  -18.667021  61.151409  -7.049129  16.687257  114.892382
0.483677  0.000000  0.000000  0.000000  -46.716426  1.346424  7.142857  72.895744  25.342833  -4.853128  -18.667021  61.151409  -7.049129  16.687257  114.892382
0.483908  0.000000  0.000000  0.000000  -46.716426  1.346424  11.428571  73.430392  21.240628  -6.204335  -18.667021  61.151409  -7.049129  16.687257  114.892382
0.484140  0.000000  0.000000  0.000000  -46.716426  1.346424  15.714286  73.850597  17.128257  -7.482185  -18.667021  61.151409  -7.049129  16.687257  114.892382
0.484371  0.000000  0.000000  0.000000  -46.716426  1.346424  20.000000  74.168593  13.008201  -8.704565  -18.667021  61.151409  -7.049129  16.687257  114.892382
0.484603  0.000000  0.000000  0.000000  -46.716426  1.346424  24.285714  74.393239  8.882614  -9.886911  -18.667021  61.151409  -7.049129  16.687257  114.892382
0.484834  0.000000  0.000000  0.000000  -46.716426  1.346424  28.571429  74.530572  4.753390  -11.042890  -18.667021  61.151409  -7.049129  16.687257  114.892382
0.485066  0.000000  0.000000  0.000000  -46.716426  1.346424  32.857143  74.584166  0.622265  -12.185074  -18.667021  61.151409  -7.049129  16.687257  114.892382
0.485298  0.000000  0.000000  0.000000  -46.716426  1.346424  37.142857  74.555416  -3.509108  -13.325464  -18.667021  61.151409  -7.049129  16.687257  114.892382
0.485529  0.000000  0.000000  0.000000  -46.716426  1.346424  41.428571  74.443588  -7.639081  -14.476002  -18.667021  61.151409  -7.049129  16.687257  114.892382
0.485761  0.000000  0.000000  0.000000  -46.716426  1.346424  45.714286  74.245760  -11.765954  -15.649031  -18.667021  61.151409  -7.049129  16.687257  114.892382
0.485992  0.000000  0.000000  0.000000  -46.716426  1.346424  50.000000  73.956673  -15.887884  -16.857829  -18.667021  61.151409  -7.049129  16.687257  114.892382
0.486224  0.000000  0.000000  0.000000  -48.464090  -4.829339  -10.000000  80.702250  48.754143  1.477257  -41.319754  49.065255  22.069913  28.262725  118.577851
0.486455  0.000000  0.000000  0.000000  -48.464090  -4.829339  -5.714286  81.408153  44.520421  0.506978  -41.319754  49.065255  22.069913  28.262725  118.577851
0.486687  0.000000  0.000000  0.000000  -48.464090  -4.829339  -1.428571  81.973946  40.279600  -0.331518  -41.319754  49.065255  22.069913  28.262725  118.577851
0.486918  0.000000  0.000000  0.000000  -48.464090  -4.829339  2.857143  82.431005  36.033442  -1.070808  -41.319754  49.065255  22.069913  28.262725  118.577851
0.487150  0.000000  0.000000  0.000000  -48.464090  -4.829339  7.142857  82.801388  31.783213  -1.734289  -41.319754  49.065255  22.069913  28.262725  118.577851
0.487381  0.000000  0.000000  0.000000  -48.464090  -4.829339  11.428571  83.100995  27.529844  -2.339360  -41.319754  49.065255  22.069913  28.262725  118.577851
0.487613  0.000000  0.000000  0.000000  -48.464090  -4.829339  15.714286  83.341325  23.274055  -2.899237  -41.319754  49.065255  22.069913  28.262725  118.577851
0.487844  0.000000  0.000000  0.000000  -48.464090  -4.829339  20.000000  83.530906  19.016401  -3.424398  -41.319754  49.065255  22.069913  28.262725  118.577851
0.488076  0.000000  0.000000  0.000000  -48.464090  -4.829339  24.285714  83.675920  14.757339  -3.923268  -41.319754  49.065255  22.069913  28.262725  118.577851
0.488307  0.000000  0.000000  0.000000  -48.464090  -4.829339  28.571429  83.780854  10.497248  -4.402942  -41.319754  49.065255  22.069913  28.262725  118.577851
0.488539  0.000000  0.000000  0.000000  -48.464090  -4.829339  32.857143  83.848799  6.236458  -4.869554  -41.319754  49.065255  22.069913  28.262725  118.577851
0.488771  0.000000  0.000000  0.000000  -48.464090  -4.829339  37.142857  83.881691  1.975264  -5.328629  -41.319754  49.065255  22.069913  28.262725  118.577851
0.489002  0.000000  0.000000  0.000000  -48.464090  -4.829339  41.428571  83.880452  -2.286056  -5.785351  -41.319754  49.065255  22.069913  28.262725  118.577851
0.489234  0.000000  0.000000  0.000000  -48.464090  -4.829339  45.714286  83.845045  -6.547230  -6.244798  -41.319754  49.065255  22.069913  28.262725  118.577851
0.489465  0.000000  0.000000  0.000000  -48.464090  -4.829339  50.000000  83.774483  -10.807981  -6.712162  -41.319754  49.065255  22.069913  28.262725  118.577851
0.489697  0.000000  0.000000  0.000000  -41.865775  2.221101  -10.000000  66.620775  41.415567  1.248551  -11.290237  72.064000  14.072255  18.263911  125.922846
0.489928  0.000000  0.000000  0.000000  -41.865775  2.221101  -5.714286  67.981757  37.461241  -0.892451  -11.290237  72.064000  14.072255  18.263911  125.922846
0.490160  0.000000  0.000000  0.000000  -41.865775  2.221101  -1.428571  69.099294  33.472186  -2.817190  -11.290237  72.064000  14.072255  18.263911  125.922846
0.490391  0.000000  0.000000  0.000000  -41.865775  2.221101  2.857143  70.015718  29.456016  -4.571733  -11.290237  72.064000  14.072255  18.263911  125.922846
0.490623  0.000000  0.000000  0.000000  -41.865775  2.221101  7.142857  70.762858  25.418600  -6.192117  -11.290237  72.064000  14.072255  18.263911  125.922846
0.490854  0.000000  0.000000  0.000000  -41.865775  2.221101  11.428571  71.364739  21.364568  -7.707121  -11.290237  72.064000  14.072255  18.263911  125.922846
0.491086  0.000000  0.000000  0.000000  -41.865775  2.221101  15.714286  71.839481  17.297692  -9.140285  -11.290237  72.064000  14.072255  18.263911  125.922846
0.491317  0.000000  0.000000  0.000000  -41.865775  2.221101  20.000000  72.200555  13.221070  -10.511272  -11.290237  72.064000  14.072255  18.263911  125.922846
0.491549  0.000000  0.000000  0.000000  -41.865775  2.221101  24.285714  72.457768  9.137381  -11.837068  -11.290237  72.064000  14.072255  18.263911  125.922846
0.491781  0.000000  0.000000  0.000000  -41.865775  2.221101  28.571429  72.617881  5.048998  -13.132753  -11.290237  72.064000  14.072255  18.263911  125.922846
0.492012  0.000000  0.000000  0.000000  -41.865775  2.221101  32.857143  72.684959  0.958080  -14.412177  -11.290237  72.064000  14.072255  18.263911  125.922846
0.492244  0.000000  0.000000  0.000000  -41.865775  2.221101  37.142857  72.660713  -3.133316  -15.688538  -11.290237  72.064000  14.072255  18.263911  125.922846
0.492475  0.000000  0.000000  0.000000  -41.865775  2.221101  41.428571  72.544533  -7.223148  -16.974934  -11.290237  72.064000  14.072255  18.263911  125.922846
0.492707  0.000000  0.000000  0.000000  -41.865775  2.221101  45.714286  72.333466  -11.309313  -18.284843  -11.290237  72.064000  14.072255  18.263911  125.922846
0.492938  0.000000  0.000000  0.000000  -41.865775  2.221101  50.000000  72.022052  -15.389551  -19.632694  -11.290237  72.064000  14.072255  18.263911  125.922846
0.493170  0.000000  0.000000  0.000000  -28.933849  11.648788  -10.000000  53.112151  37.579518  22.222400  -23.239642  58.994554  -15.882379  12.426511  128.636393
0.493401  0.000000  0.000000  0.000000  -28.933849  11.648788  -5.714286  54.931935  34.110338  19.116736  -23.239642  58.994554  -15.882379  12.426511  128.636393
0.493633  0.000000  0.000000  0.000000  -28.933849  11.648788  -1.428571  56.461931  30.569207  16.258391  -23.239642  58.994554  -15.882379  12.426511  128.636393
0.493864  0.000000  0.000000  0.000000  -28.933849  11.648788  2.857143  57.740671  26.970064  13.603159  -23.239642  58.994554  -15.882379  12.426511  128.636393
0.494096  0.000000  0.000000  0.000000  -28.933849  11.648788  7.142857  58.799270  23.324282  11.113599  -23.239642  58.994554  -15.882379  12.426511  128.636393
0.494327  0.000000  0.000000  0.000000  -28.933849  11.648788  11.428571  59.662556  19.641292  8.757823  -23.239642  58.994554  -15.882379  12.426511  128.636393
0.494559  0.000000  0.000000  0.000000  -28.933849  11.648788  15.714286  60.350135  15.929008  6.508239  -23.239642  58.994554  -15.882379  12.426511  128.636393
0.494790  0.000000  0.000000  0.000000  -28.933849  11.648788  20.000000  60.877118  12.194287  4.340656  -23.239642  58.994554  -15.882379  12.426511  128.636393
0.495022  0.000000  0.000000  0.000000  -28.933849  11.648788  24.285714  61.254800  8.443097  2.233505  -23.239642  58.994554  -15.882379  12.426511  128.636393
0.495254  0.000000  0.000000  0.000000  -28.933849  11.648788  28.571429  61.491111  4.680868  0.167024  -23.239642  58.994554  -15.882379  12.426511  128.636393
0.495485  0.000000  0.000000  0.000000  -28.933849  11.648788  32.857143  61.590921  0.912649  -1.877314  -23.239642  58.994554  -15.882379  12.426511  128.636393
0.495717  0.000000  0.000000  0.000000  -28.933849  11.648788  37.142857  61.556288  -2.856731  -3.917365  -23.239642  58.994554  -15.882379  12.426511  128.636393
0.495948  0.000000  0.000000  0.000000  -28.933849  11.648788  41.428571  61.386505  -6.622474  -5.970867  -23.239642  58.994554  -15.882379  12.426511  128.636393
0.496180  0.000000  0.000000  0.000000  -28.933849  11.648788  45.714286  61.078073  -10.379656  -8.055949  -23.239642  58.994554  -15.882379  12.426511  128.636393
0.496411  0.000000  0.000000  0.000000  -28.933849  11.648788  50.000000  60.624573  -14.123066  -10.191698  -23.239642  58.994554  -15.882379  12.426511  128.636393
0.496643  0.000000  0.000000  0.000000  -43.968682  0.725573  -10.000000  67.241682  53.316217  12.125464  -32.267312  49.027032  -12.572569  28.449389  120.833847
0.496874  0.000000  0.000000  0.000000  -43.968682  0.725573  -5.714286  69.228112  49.335170  9.582768  -32.267312  49.027032  -12.572569  28.449389  120.833847
0.497106  0.000000  0.000000  0.000000  -43.968682  0.725573  -1.428571  70.816835  45.306736  7.423178  -32.267312  49.027032  -12.572569  28.449389  120.833847
0.497337  0.000000  0.000000  0.000000  -43.968682  0.725573  2.857143  72.100562  41.243027  5.551745  -32.267312  49.027032  -12.572569  28.449389  120.833847
0.497569  0.000000  0.000000  0.000000  -43.968682  0.725573  7.142857  73.144903  37.152580  3.900427  -32.267312  49.027032  -12.572569  28.449389  120.833847
0.497800  0.000000  0.000000  0.000000  -43.968682  0.725573  11.428571  73.997123  33.041576  2.419234  -32.267312  49.027032  -12.572569  28.449389  120.833847
0.498032  0.000000  0.000000  0.000000  -43.968682  0.725573  15.714286  74.691754  28.914641  1.070597  -32.267312  49.027032  -12.572569  28.449389  120.833847
0.498263  0.000000  0.000000  0.000000  -43.968682  0.725573  20.000000  75.254406  24.775301  -0.174518  -32.267312  49.027032  -12.572569  28.449389  120.833847
0.498495  0.000000  0.000000  0.000000  -43.968682  0.725573  24.285714  75.704132  20.626331  -1.339058  -32.267312  49.027032  -12.572569  28.449389  120.833847
0.498727  0.000000  0.000000  0.000000  -43.968682  0.725573  28.571429  76.055108  16.469974  -2.441645  -32.267312  49.027032  -12.572569  28.449389  120.833847
0.498958  0.000000  0.000000  0.000000  -43.968682  0.725573  32.857143  76.317749  12.308087  -3.497815  -32.267312  49.027032  -12.572569  28.449389  120.833847
0.499190  0.000000  0.000000  0.000000  -43.968682  0.725573  37.142857  76.499507  8.142280  -4.520982  -32.267312  49.027032  -12.572569  28.449389  120.833847
0.499421  0.000000  0.000000  0.000000  -43.968682  0.725573  41.428571  76.605330  3.973951  -5.523023  -32.267312  49.027032  -12.572569  28.449389  120.833847
0.499653  0.000000  0.000000  0.000000  -43.968682  0.725573  45.714286  76.638057  -0.195558  -6.514971  -32.267312  49.027032  -12.572569  28.449389  120.833847
0.499884  0.000000  0.000000  0.000000  -43.968682  0.725573  50.000000  76.598540  -4.365020  -7.507410  -32.267312  49.027032  -12.572569  28.449389  120.833847
0.500116  0.000000  0.000000  0.000000  -27.332517  3.766848  -10.000000  65.904228  41.832137  3.675125  -43.491165  63.825314  -4.794761  18.152121  114.221388
0.500347  0.000000  0.000000  0.000000  -27.332517  3.766848  -5.714286  67.325462  37.897869  1.459321  -43.491165  63.825314  -4.794761  18.152121  114.221388
0.500579  0.000000  0.000000  0.000000  -27.332517  3.766848  -1.428571  68.493251  33.926299  -0.530321  -43.491165  63.825314  -4.794761  18.152121  114.221388
0.500810  0.000000  0.000000  0.000000  -27.332517  3.766848  2.857143  69.451859  29.925595  -2.341828  -43.491165  63.825314  -4.794761  18.152121  114.221388
0.501042  0.000000  0.000000  0.000000  -27.332517  3.766848  7.142857  70.234618  25.902052  -4.012756  -43.491165  63.825314  -4.794761  18.152121  114.221388
0.501273  0.000000  0.000000  0.000000  -27.332517  3.766848  11.428571  70.866725  21.860621  -5.573074  -43.491165  63.825314  -4.794761  18.152121  114.221388
0.501505  0.000000  0.000000  0.000000  -27.332517  3.766848  15.714286  71.367229  17.805331  -7.047255  -43.491165  63.825314  -4.794761  18.152121  114.221388
0.501737  0.000000  0.000000  0.000000  -27.332517  3.766848  20.000000  71.750331  13.739482  -8.455707  -43.491165  63.825314  -4.794761  18.152121  114.221388
0.501968  0.000000  0.000000  0.000000  -27.332517  3.766848  24.285714  72.026423  9.665911  -9.815993  -43.491165  63.825314  -4.794761  18.152121  114.221388
0.502200  0.000000  0.000000  0.000000  -27.332517  3.766848  28.571429  72.202759  5.587128  -11.143661  -43.491165  63.825314  -4.794761  18.152121  114.221388
0.502431  0.000000  0.000000  0.000000  -27.332517  3.766848  32.857143  72.283787  1.505413  -12.452941  -43.491165  63.825314  -4.794761  18.152121  114.221388
0.502663  0.000000  0.000000  0.000000  -27.332517  3.766848  37.142857  72.271580  -2.577090  -13.757312  -43.491165  63.825314  -4.794761  18.152121  114.221388
0.502894  0.000000  0.000000  0.000000  -27.332517  3.766848  41.428571  72.165822  -6.658251  -15.070088  -43.491165  63.825314  -4.794761  18.152121  114.221388
0.503126  0.000000  0.000000  0.000000  -27.332517  3.766848  45.714286  71.963848  -10.735890  -16.404903  -43.491165  63.825314  -4.794761  18.152121  114.221388
0.503357  0.000000  0.000000  0.000000  -27.332517  3.766848  50.000000  71.660477  -14.807682  -17.776267  -43.491165  63.825314  -4.794761  18.152121  114.221388
0.503589  0.000000  0.000000  0.000000  -32.571571  18.158401  -10.000000  57.169790  39.455682  23.306637  -22.178801  52.579176  8.010209  22.735684  118.073198
0.503820  0.000000  0.000000  0.000000  -32.571571  18.158401  -5.714286  58.919791  35.818520  20.442688  -22.178801  52.579176  8.010209  22.735684  118.073198
0.504052  0.000000  0.000000  0.000000  -32.571571  18.158401  -1.428571  60.379460  32.119419  17.831947  -22.178801  52.579176  8.010209  22.735684  118.073198
0.504283  0.000000  0.000000  0.000000  -32.571571  18.158401  2.857143  61.592068  28.370946  15.426103  -22.178801  52.579176  8.010209  22.735684  118.073198
0.504515  0.000000  0.000000  0.000000  -32.571571  18.158401  7.142857  62.591674  24.583133  13.185481  -22.178801  52.579176  8.010209  22.735684  118.073198
0.504746  0.000000  0.000000  0.000000  -32.571571  18.158401  11.428571  63.404947  20.764128  11.077090  -22.178801  52.579176  8.010209  22.735684  118.073198
0.504978  0.000000  0.000000  0.000000  -32.571571  18.158401  15.714286  64.052592  16.920678  9.073098  -22.178801  52.579176  8.010209  22.735684  118.073198
0.505210  0.000000  0.000000  0.000000  -32.571571  18.158401  20.000000  64.550431  13.058496  7.149553  -22.178801  52.579176  8.010209  22.735684  118.073198
0.505441  0.000000  0.000000  0.000000  -32.571571  18.158401  24.285714  64.910210  9.182539  5.285415  -22.178801  52.579176  8.010209  22.735684  118.073198
0.505673  0.000000  0.000000  0.000000  -32.571571  18.158401  28.571429  65.140202  5.297229  3.461714  -22.178801  52.579176  8.010209  22.735684  118.073198
0.505904  0.000000  0.000000  0.000000  -32.571571  18.158401  32.857143  65.245557  1.406664  1.660837  -22.178801  52.579176  8.010209  22.735684  118.073198
0.506136  0.000000  0.000000  0.000000  -32.571571  18.158401  37.142857  65.228650  -2.485292  -0.134029  -22.178801  52.579176  8.010209  22.735684  118.073198
0.506367  0.000000  0.000000  0.000000  -32.571571  18.158401  41.428571  65.089099  -6.374798  -1.939522  -22.178801  52.579176  8.010209  22.735684  118.073198
0.506599  0.000000  0.000000  0.000000  -32.571571  18.158401  45.714286  64.823787  -10.257931  -3.772625  -22.178801  52.579176  8.010209  22.735684  118.073198
0.506830  0.000000  0.000000  0.000000  -32.571571  18.158401  50.000000  64.426711  -14.130533  -5.651254  -22.178801  52.579176  8.010209  22.735684  118.073198
0.507062  0.000000  0.000000  0.000000  -35.084396  -4.668024  -10.000000  80.826620  56.232857  0.233465  -36.617723  62.600138  7.735125  9.206561  126.394652
0.507293  0.000000  0.000000  0.000000  -35.084396  -4.668024  -5.714286  81.725560  51.996557  -0.875284  -36.617723  62.600138  7.735125  9.206561  126.394652
0.507525  0.000000  0.000000  0.000000  -35.084396  -4.668024  -1.428571  82.426823  47.751640  -1.791793  -36.617723  62.600138  7.735125  9.206561  126.394652
0.507756  0.000000  0.000000  0.000000  -35.084396  -4.668024  2.857143  82.983296  43.500535  -2.569761  -36.617723  62.600138  7.735125  9.206561  126.394652
0.507988  0.000000  0.000000  0.000000  -35.084396  -4.668024  7.142857  83.430013  39.244856  -3.245171  -36.617723  62.600138  7.735125  9.206561  126.394652
0.508219  0.000000  0.000000  0.000000  -35.084396  -4.668024  11.428571  83.791088  34.985709  -3.843123  -36.617723  62.600138  7.735125  9.206561  126.394652
0.508451  0.000000  0.000000  0.000000  -35.084396  -4.668024  15.714286  84.083539  30.723930  -4.381821  -36.617723  62.600138  7.735125  9.206561  126.394652
0.508683  0.000000  0.000000  0.000000  -35.084396  -4.668024  20.000000  84.319640  26.460114  -4.874823  -36.617723  62.600138  7.735125  9.206561  126.394652
0.508914  0.000000  0.000000  0.000000  -35.084396  -4.668024  24.285714  84.508335  22.194727  -5.332547  -36.617723  62.600138  7.735125  9.206561  126.394652
0.509146  0.000000  0.000000  0.000000  -35.084396  -4.668024  28.571429  84.656172  17.928135  -5.763224  -36.617723  62.600138  7.735125  9.206561  126.394652
0.509377  0.000000  0.000000  0.000000  -35.084396  -4.668024  32.857143  84.767951  13.660642  -6.173606  -36.617723  62.600138  7.735125  9.206561  126.394652
0.509609  0.000000  0.000000  0.000000  -35.084396  -4.668024  37.142857  84.847089  9.392498  -6.569367  -36.617723  62.600138  7.735125  9.206561  126.394652
0.509840  0.000000  0.000000  0.000000  -35.084396  -4.668024  41.428571  84.895901  5.123924  -6.955467  -36.617723  62.600138  7.735125  9.206561  126.394652
0.510072  0.000000  0.000000  0.000000  -35.084396  -4.668024  45.714286  84.915780  0.855117  -7.336437  -36.617723  62.600138  7.735125  9.206561  126.394652
0.510303  0.000000  0.000000  0.000000  -35.084396  -4.668024  50.000000  84.907294  -3.413720  -7.716560  -36.617723  62.600138  7.735125  9.206561  126.394652
0.510535  0.000000  0.000000  0.000000  -39.765195  12.714396  -10.000000  59.121492  29.081954  15.763486  -45.736481  45.645955  -12.668332  25.186848  117.537985
0.510766  0.000000  0.000000  0.000000  -39.765195  12.714396  -5.714286  60.235517  25.381885  13.330511  -45.736481  45.645955  -12.668332  25.186848  117.537985
0.510998  0.000000  0.000000  0.000000  -39.765195  12.714396  -1.428571  61.148713  21.644194  11.043060  -45.736481  45.645955  -12.668332  25.186848  117.537985
0.511229  0.000000  0.000000  0.000000  -39.765195  12.714396  2.857143  61.883317  17.876793  8.871638  -45.736481  45.645955  -12.668332  25.186848  117.537985
0.511461  0.000000  0.000000  0.000000  -39.765195  12.714396  7.142857  62.456587  14.086343  6.790792  -45.736481  45.645955  -12.668332  25.186848  117.537985
0.511693  0.000000  0.000000  0.000000  -39.765195  12.714396  11.428571  62.881594  10.278644  4.778131  -45.736481  45.645955  -12.668332  25.186848  117.537985
0.511924  0.000000  0.000000  0.000000  -39.765195  12.714396  15.714286  63.167720  6.458832  2.813530  -45.736481  45.645955  -12.668332  25.186848  117.537985
0.512156  0.000000  0.000000  0.000000  -39.765195  12.714396  20.000000  63.321168  2.631602  0.878438  -45.736481  45.645955  -12.668332  25.186848  117.537985
0.512387  0.000000  0.000000  0.000000  -39.765195  12.714396  24.285714  63.345234  -1.198607  -1.044787  -45.736481  45.645955  -12.668332  25.186848  117.537985
0.512619  0.000000  0.000000  0.000000  -39.765195  12.714396  28.571429  63.240420  -5.027468  -2.973402  -45.736481  45.645955  -12.668332  25.186848  117.537985
0.512850  0.000000  0.000000  0.000000  -39.765195  12.714396  32.857143  63.004514  -8.850583  -4.924852  -45.736481  45.645955  -12.668332  25.186848  117.537985
0.513082  0.000000  0.000000  0.000000  -39.765195  12.714396  37.142857  62.632402  -12.663391  -6.917266  -45.736481  45.645955  -12.668332  25.186848  117.537985
0.513313  0.000000  0.000000  0.000000  -39.765195  12.714396  41.428571  62.115909  -16.460927  -8.970121  -45.736481  45.645955  -12.668332  25.186848  117.537985
0.513545  0.000000  0.000000  0.000000  -39.765195  12.714396  45.714286  61.443456  -20.237683  -11.104864  -45.736481  45.645955  -12.668332  25.186848  117.537985
0.513776  0.000000  0.000000  0.000000  -39.765195  12.714396  50.000000  60.599408  -23.987330  -13.345677  -45.736481  45.645955  -12.668332  25.186848  117.537985
0.514008  0.000000  0.000000  0.000000  -52.048360  10.016013  -10.000000  62.065674  26.546414  7.718163  -13.774636  71.372556  22.549420  8.981671  124.656865
0.514239  0.000000  0.000000  0.000000  -52.048360  10.016013  -5.714286  62.973425  22.743772  5.542723  -13.774636  71.372556  22.549420  8.981671  124.656865
0.514471  0.000000  0.000000  0.000000  -52.048360  10.016013  -1.428571  63.705355  18.913282  3.485613  -13.774636  71.372556  22.549420  8.981671  124.656865
0.514702  0.000000  0.000000  0.000000  -52.048360  10.016013  2.857143  64.279682  15.061149  1.521012  -13.774636  71.372556  22.549420  8.981671  124.656865
0.514934  0.000000  0.000000  0.000000  -52.048360  10.016013  7.142857  64.710249  11.192732  -0.373542  -13.774636  71.372556  22.549420  8.981671  124.656865
0.515166  0.000000  0.000000  0.000000  -52.048360  10.016013  11.428571  65.007012  7.312697  -2.217993  -13.774636  71.372556  22.549420  8.981671  124.656865
0.515397  0.000000  0.000000  0.000000  -52.048360  10.016013  15.714286  65.176727  3.425296  -4.030592  -13.774636  71.372556  22.549420  8.981671  124.656865
0.515629  0.000000  0.000000  0.000000  -52.048360  10.016013  20.000000  65.223192  -0.465497  -5.828500  -13.774636  71.372556  22.549420  8.981671  124.656865
0.515860  0.000000  0.000000  0.000000  -52.048360  10.016013  24.285714  65.147436  -4.355831  -7.628397  -13.774636  71.372556  22.549420  8.981671  124.656865
0.516092  0.000000  0.000000  0.000000  -52.048360  10.016013  28.571429  64.947775  -8.241839  -9.447024  -13.774636  71.372556  22.549420  8.981671  124.656865
0.516323  0.000000  0.000000  0.000000  -52.048360  10.016013  32.857143  64.619722  -12.119493  -11.301759  -13.774636  71.372556  22.549420  8.981671  124.656865
0.516555  0.000000  0.000000  0.000000  -52.048360  10.016013  37.142857  64.155814  -15.984463  -13.211160  -13.774636  71.372556  22.549420  8.981671  124.656865
0.516786  0.000000  0.000000  0.000000  -52.048360  10.016013  41.428571  63.545179  -19.831929  -15.195745  -13.774636  71.372556  22.549420  8.981671  124.656865
0.517018  0.000000  0.000000  0.000000  -52.048360  10.016013  45.714286  62.773030  -23.656365  -17.278668  -13.774636  71.372556  22.549420  8.981671  124.656865
0.517249  0.000000  0.000000  0.000000  -52.048360  10.016013  50.000000  61.819940  -27.451299  -19.486729  -13.774636  71.372556  22.549420  8.981671  124.656865
0.517481  0.000000  0.000000  0.000000  -45.499683  -1.647781  -10.000000  76.016234  56.726503  9.851442  -11.220731  70.050233  -2.973044  11.548761  126.115608
0.517712  0.000000  0.000000  0.000000  -45.499683  -1.647781  -5.714286  77.405259  52.555151  8.149428  -11.220731  70.050233  -2.973044  11.548761  126.115608
0.517944  0.000000  0.000000  0.000000  -45.499683  -1.647781  -1.428571  78.489816  48.363622  6.744028  -11.220731  70.050233  -2.973044  11.548761  126.115608
0.518176  0.000000  0.000000  0.000000  -45.499683  -1.647781  2.857143  79.350880  44.157622  5.553061  -11.220731  70.050233  -2.973044  11.548761  126.115608
0.518407  0.000000  0.000000  0.000000  -45.499683  -1.647781  7.142857  80.042587  39.940865  4.521008  -11.220731  70.050233  -2.973044  11.548761  126.115608
0.518639  0.000000  0.000000  0.000000  -45.499683  -1.647781  11.428571  80.602256  35.716033  3.609084  -11.220731  70.050233  -2.973044  11.548761  126.115608
0.518870  0.000000  0.000000  0.000000  -45.499683  -1.647781  15.714286  81.056281  31.485018  2.789215  -11.220731  70.050233  -2.973044  11.548761  126.115608
0.519102  0.000000  0.000000  0.000000  -45.499683  -1.647781  20.000000  81.423745  27.249227  2.040437  -11.220731  70.050233  -2.973044  11.548761  126.115608
0.519333  0.000000  0.000000  0.000000  -45.499683  -1.647781  24.285714  81.718551  23.009748  1.346713  -11.220731  70.050233  -2.973044  11.548761  126.115608
0.519565  0.000000  0.000000  0.000000  -45.499683  -1.647781  28.571429  81.950955  18.767430  0.695354  -11.220731  70.050233  -2.973044  11.548761  126.115608
0.519796  0.000000  0.000000  0.000000  -45.499683  -1.647781  32.857143  82.128483  14.522969  0.076020  -11.220731  70.050233  -2.973044  11.548761  126.115608
0.520028  0.000000  0.000000  0.000000  -45.499683  -1.647781  37.142857  82.256550  10.276944  -0.519949  -11.220731  70.050233  -2.973044  11.548761  126.115608
0.520259  0.000000  0.000000  0.000000  -45.499683  -1.647781  41.428571  82.338880  6.029859  -1.100071  -11.220731  70.050233  -2.973044  11.548761  126.115608
0.520491  0.000000  0.000000  0.000000  -45.499683  -1.647781  45.714286  82.377811  1.782173  -1.671167  -11.220731  70.050233  -2.973044  11.548761  126.115608
0.520722  0.000000  0.000000  0.000000  -45.499683  -1.647781  50.000000  82.374418  -2.465693  -2.239632  -11.220731  70.050233  -2.973044  11.548761  126.115608
0.520954  0.000000  0.000000  0.000000  -42.911707  4.006544  -10.000000  64.373439  43.744775  11.753477  -26.083291  67.531119  -5.671442  19.833269  121.493307
0.521185  0.000000  0.000000  0.000000  -42.911707  4.006544  -5.714286  65.982819  39.854277  9.340483  -26.083291  67.531119  -5.671442  19.833269  121.493307
0.521417  0.000000  0.000000  0.000000  -42.911707  4.006544  -1.428571  67.305493  35.919181  7.188077  -26.083291  67.531119  -5.671442  19.833269  121.493307
0.521649  0.000000  0.000000  0.000000  -42.911707  4.006544  2.857143  68.393258  31.949327  5.240817  -26.083291  67.531119  -5.671442  19.833269  121.493307
0.521880  0.000000  0.000000  0.000000  -42.911707  4.006544  7.142857  69.285122  27.952232  3.455626  -26.083291  67.531119  -5.671442  19.833269  121.493307
0.522112  0.000000  0.000000  0.000000  -42.911707  4.006544  11.428571  70.010607  23.933757  1.798400  -26.083291  67.531119  -5.671442  19.833269  121.493307
0.522343  0.000000  0.000000  0.000000  -42.911707  4.006544  15.714286  70.592080  19.898584  0.241583  -26.083291  67.531119  -5.671442  19.833269  121.493307
0.522575  0.000000  0.000000  0.000000  -42.911707  4.006544  20.000000  71.046404  15.850554  -1.237599  -26.083291  67.531119  -5.671442  19.833269  121.493307
0.522806  0.000000  0.000000  0.000000  -42.911707  4.006544  24.285714  71.386062  11.792869  -2.658430  -26.083291  67.531119  -5.671442  19.833269  121.493307
0.523038  0.000000  0.000000  0.000000  -42.911707  4.006544  28.571429  71.620065  7.728353  -4.037771  -26.083291  67.531119  -5.671442  19.833269  121.493307
0.523269  0.000000  0.000000  0.000000  -42.911707  4.006544  32.857143  71.754396  3.659502  -5.390763  -26.083291  67.531119  -5.671442  19.833269  121.493307
0.523501  0.000000  0.000000  0.000000  -42.911707  4.006544  37.142857  71.792419  -0.411370  -6.731488  -26.083291  67.531119  -5.671442  19.833269  121.493307
0.523732  0.000000  0.000000  0.000000  -42.911707  4.006544  41.428571  71.735086  -4.482017  -8.073583  -26.083291  67.531119  -5.671442  19.833269  121.493307
0.523964  0.000000  0.000000  0.000000  -42.911707  4.006544  45.714286  71.580965  -8.550185  -9.430738  -26.083291  67.531119  -5.671442  19.833269  121.493307
0.524195  0.000000  0.000000  0.000000  -42.911707  4.006544  50.000000  71.326187  -12.613531  -10.817194  -26.083291  67.531119  -5.671442  19.833269  121.493307
0.524427  0.000000  0.000000  0.000000  -44.643173  12.483943  -10.000000  57.317647  46.094036  16.476293  -36.488801  54.813802  -9.005811  14.035893  126.946290
0.524658  0.000000  0.000000  0.000000  -44.643173  12.483943  -5.714286  59.507037  42.442160  13.341699  -36.488801  54.813802  -9.005811  14.035893  126.946290
0.524890  0.000000  0.000000  0.000000  -44.643173  12.483943  -1.428571  61.320203  38.714360  10.556088  -36.488801  54.813802  -9.005811  14.035893  126.946290
0.525122  0.000000  0.000000  0.000000  -44.643173  12.483943  2.857143  62.823707  34.927062  8.049003  -36.488801  54.813802  -9.005811  14.035893  126.946290
0.525353  0.000000  0.000000  0.000000  -44.643173  12.483943  7.142857  64.068964  31.092840  5.764715  -36.488801  54.813802  -9.005811  14.035893  126.946290
0.525585  0.000000  0.000000  0.000000  -44.643173  12.483943  11.428571  65.095707  27.221485  3.658688  -36.488801  54.813802  -9.005811  14.035893  126.946290
0.525816  0.000000  0.000000  0.000000  -44.643173  12.483943  15.714286  65.934628  23.320761  1.694850  -36.488801  54.813802  -9.005811  14.035893  126.946290
0.526048  0.000000  0.000000  0.000000  -44.643173  12.483943  20.000000  66.609360  19.396970  -0.156529  -36.488801  54.813802  -9.005811  14.035893  126.946290
0.526279  0.000000  0.000000  0.000000  -44.643173  12.483943  24.285714  67.137956  15.455327  -1.920417  -36.488801  54.813802  -9.005811  14.035893  126.946290
0.526511  0.000000  0.000000  0.000000  -44.643173  12.483943  28.571429  67.533934  11.500258  -3.618257  -36.488801  54.813802  -9.005811  14.035893  126.946290
0.526742  0.000000  0.000000  0.000000  -44.643173  12.483943  32.857143  67.807064  7.535633  -5.268936  -36.488801  54.813802  -9.005811  14.035893  126.946290
0.526974  0.000000  0.000000  0.000000  -44.643173  12.483943  37.142857  67.963919  3.564939  -6.889606  -36.488801  54.813802  -9.005811  14.035893  126.946290
0.527205  0.000000  0.000000  0.000000  -44.643173  12.483943  41.428571  68.008200  -0.408582  -8.496318  -36.488801  54.813802  -9.005811  14.035893  126.946290
0.527437  0.000000  0.000000  0.000000  -44.643173  12.483943  45.714286  67.940940  -4.381769  -10.104621  -36.488801  54.813802  -9.005811  14.035893  126.946290
0.527668  0.000000  0.000000  0.000000  -44.643173  12.483943  50.000000  67.760565  -8.351483  -11.730135  -36.488801  54.813802  -9.005811  14.035893  126.946290
0.527900  0.000000  0.000000  0.000000  -52.293196  -7.193947  -10.000000  79.170779  45.655278  -3.423869  -8.555033  59.832585  16.015118  15.211927  114.654787
0.528132  0.000000  0.000000  0.000000  -52.293196  -7.193947  -5.714286  79.910675  41.440622  -4.497056  -8.555033  59.832585  16.015118  15.211927  114.654787
0.528363  0.000000  0.000000  0.000000  -52.293196  -7.193947  -1.428571  80.508068  37.217212  -5.439004  -8.555033  59.832585  16.015118  15.211927  114.654787
0.528595  0.000000  0.000000  0.000000  -52.293196  -7.193947  2.857143  80.992470  32.987137  -6.280819  -8.555033  59.832585  16.015118  15.211927  114.654787
0.528826  0.000000  0.000000  0.000000  -52.293196  -7.193947  7.142857  81.385094  28.751927  -7.045489  -8.555033  59.832585  16.015118  15.211927  114.654787
0.529058  0.000000  0.000000  0.000000  -52.293196  -7.193947  11.428571  81.701303  24.512753  -7.750410  -8.555033  59.832585  16.015118  15.211927  114.654787
0.529289  0.000000  0.000000  0.000000  -52.293196  -7.193947  15.714286  81.952443  20.270519  -8.409222  -8.555033  59.832585  16.015118  15.211927  114.654787
0.529521  0.000000  0.000000  0.000000  -52.293196  -7.193947  20.000000  82.146837  16.025955  -9.032894  -8.555033  59.832585  16.015118  15.211927  114.654787
0.529752  0.000000  0.000000  0.000000  -52.293196  -7.193947  24.285714  82.290531  11.779662  -9.630519  -8.555033  59.832585  16.015118  15.211927  114.654787
0.529984  0.000000  0.000000  0.000000  -52.293196  -7.193947  28.571429  82.387780  7.532172  -10.209922  -8.555033  59.832585  16.015118  15.211927  114.654787
0.530215  0.000000  0.000000  0.000000  -52.293196  -7.193947  32.857143  82.441365  3.283918  -10.778053  -8.555033  59.832585  16.015118  15.211927  114.654787
0.530447  0.000000  0.000000  0.000000  -52.293196  -7.193947  37.142857  82.452773  -0.964643  -11.341362  -8.555033  59.832585  16.015118  15.211927  114.654787
0.530678  0.000000  0.000000  0.000000  -52.293196  -7.193947  41.428571  82.422322  -5.213118  -11.906082  -8.555033  59.832585  16.015118  15.211927  114.654787
0.530910  0.000000  0.000000  0.000000  -52.293196  -7.193947  45.714286  82.349170  -9.461081  -12.478502  -8.555033  59.832585  16.015118  15.211927  114.654787
0.531141  0.000000  0.000000  0.000000  -52.293196  -7.193947  50.000000  82.231254  -13.708090  -13.065283  -8.555033  59.832585  16.015118  15.211927  114.654787
0.531373  0.000000  0.000000  0.000000  -32.428928  20.946789  -10.000000  53.053006  28.597996  20.367947  -15.015698  62.916539  -3.672610  21.956098  110.913127
0.531605  0.000000  0.000000  0.000000  -32.428928  20.946789  -5.714286  54.339312  25.143408  17.523755  -15.015698  62.916539  -3.672610  21.956098  110.913127
0.531836  0.000000  0.000000  0.000000  -32.428928  20.946789  -1.428571  55.406455  21.637524  14.837371  -15.015698  62.916539  -3.672610  21.956098  110.913127
0.532068  0.000000  0.000000  0.000000  -32.428928  20.946789  2.857143  56.276254  18.090530  12.279153  -15.015698  62.916539  -3.672610  21.956098  110.913127
0.532299  0.000000  0.000000  0.000000  -32.428928  20.946789  7.142857  56.966106  14.511167  9.822900  -15.015698  62.916539  -3.672610  21.956098  110.913127
0.532531  0.000000  0.000000  0.000000  -32.428928  20.946789  11.428571  57.489536  10.907079  7.445182  -15.015698  62.916539  -3.672610  21.956098  110.913127
0.532762  0.000000  0.000000  0.000000  -32.428928  20.946789  15.714286  57.856643  7.285107  5.124579  -15.015698  62.916539  -3.672610  21.956098  110.913127
0.532994  0.000000  0.000000  0.000000  -32.428928  20.946789  20.000000  58.074354  3.651502  2.841295  -15.015698  62.916539  -3.672610  21.956098  110.913127
0.533225  0.000000  0.000000  0.000000  -32.428928  20.946789  24.285714  58.146811  0.012161  0.576451  -15.015698  62.916539  -3.672610  21.956098  110.913127
0.533457  0.000000  0.000000  0.000000  -32.428928  20.946789  28.571429  58.075328  -3.627204  -1.688321  -15.015698  62.916539  -3.672610  21.956098  110.913127
0.533688  0.000000  0.000000  0.000000  -32.428928  20.946789  32.857143  57.858586  -7.260868  -3.971419  -15.015698  62.916539  -3.672610  21.956098  110.913127
0.533920  0.000000  0.000000  0.000000  -32.428928  20.946789  37.142857  57.492509  -10.882942  -6.291692  -15.015698  62.916539  -3.672610  21.956098  110.913127
0.534151  0.000000  0.000000  0.000000  -32.428928  20.946789  41.428571  56.970138  -14.487166  -8.668973  -15.015698  62.916539  -3.672610  21.956098  110.913127
0.534383  0.000000  0.000000  0.000000  -32.428928  20.946789  45.714286  56.281442  -18.066720  -11.124629  -15.015698  62.916539  -3.672610  21.956098  110.913127
0.534614  0.000000  0.000000  0.000000  -32.428928  20.946789  50.000000  55.412898  -21.613958  -13.682081  -15.015698  62.916539  -3.672610  21.956098  110.913127
0.534846  0.000000  0.000000  0.000000  -36.731794  11.491263  -10.000000  57.083510  47.776889  18.829849  -22.318527  69.411524  21.226850  26.141068  116.407247
0.535078  0.000000  0.000000  0.000000  -36.731794  11.491263  -5.714286  59.416371  44.131304  15.586355  -22.318527  69.411524  21.226850  26.141068  116.407247
0.535309  0.000000  0.000000  0.000000  -36.731794  11.491263  -1.428571  61.342636  40.404704  12.724283  -22.318527  69.411524  21.226850  26.141068  116.407247
0.535541  0.000000  0.000000  0.000000  -36.731794  11.491263  2.857143  62.937072  36.615003  10.165198  -22.318527  69.411524  21.226850  26.141068  116.407247
0.535772  0.000000  0.000000  0.000000  -36.731794  11.491263  7.142857  64.257111  32.775714  7.847668  -22.318527  69.411524  21.226850  26.141068  116.407247
0.536004  0.000000  0.000000  0.000000  -36.731794  11.491263  11.428571  65.346911  28.897322  5.722995  -22.318527  69.411524  21.226850  26.141068  116.407247
0.536235  0.000000  0.000000  0.000000  -36.731794  11.491263  15.714286  66.240483  24.988000  3.752165  -22.318527  69.411524  21.226850  26.141068  116.407247
0.536467  0.000000  0.000000  0.000000  -36.731794  11.491263  20.000000  66.963982  21.054331  1.903342  -22.318527  69.411524  21.226850  26.141068  116.407247
0.536698  0.000000  0.000000  0.000000  -36.731794  11.491263  24.285714  67.537425  17.101693  0.150083  -22.318527  69.411524  21.226850  26.141068  116.407247
0.536930  0.000000  0.000000  0.000000  -36.731794  11.491263  28.571429  67.975922  13.134610  -1.530070  -22.318527  69.411524  21.226850  26.141068  116.407247
0.537161  0.000000  0.000000  0.000000  -36.731794  11.491263  32.857143  68.290560  9.156971  -3.156646  -22.318527  69.411524  21.226850  26.141068  116.407247
0.537393  0.000000  0.000000  0.000000  -36.731794  11.491263  37.142857  68.489055  5.172237  -4.747128  -22.318527  69.411524  21.226850  26.141068  116.407247
0.537624  0.000000  0.000000  0.000000  -36.731794  11.491263  41.428571  68.576180  1.183589  -6.317676  -22.318527  69.411524  21.226850  26.141068  116.407247
0.537856  0.000000  0.000000  0.000000  -36.731794  11.491263  45.714286  68.554001  -2.805951  -7.883706  -22.318527  69.411524  21.226850  26.141068  116.407247
0.538088  0.000000  0.000000  0.000000  -36.731794  11.491263  50.000000  68.421975  -6.793372  -9.460475  -22.318527  69.411524  21.226850  26.141068  116.407247
0.538319  0.000000  0.000000  0.000000  -47.746690  -7.883082  -10.000000  81.606784  48.363891  -5.371136  -35.441735  66.667198  12.033678  25.401856  128.726055
0.538551  0.000000  0.000000  0.000000  -47.746690  -7.883082  -5.714286  82.236063  44.120612  -6.241768  -35.441735  66.667198  12.033678  25.401856  128.726055
0.538782  0.000000  0.000000  0.000000  -47.746690  -7.883082  -1.428571  82.740687  39.871588  -6.995461  -35.441735  66.667198  12.033678  25.401856  128.726055
0.539014  0.000000  0.000000  0.000000  -47.746690  -7.883082  2.857143  83.148396  35.618269  -7.661029  -35.441735  66.667198  12.033678  25.401856  128.726055
0.539245  0.000000  0.000000  0.000000  -47.746690  -7.883082  7.142857  83.478698  31.361662  -8.259227  -35.441735  66.667198  12.033678  25.401856  128.726055
0.539477  0.000000  0.000000  0.000000  -47.746690  -7.883082  11.428571  83.745674  27.102517  -8.805517  -35.441735  66.667198  12.033678  25.401856  128.726055
0.539708  0.000000  0.000000  0.000000  -47.746690  -7.883082  15.714286  83.959503  22.841418  -9.311667  -35.441735  66.667198  12.033678  25.401856  128.726055
0.539940  0.000000  0.000000  0.000000  -47.746690  -7.883082  20.000000  84.127729  18.578815  -9.787022  -35.441735  66.667198  12.033678  25.401856  128.726055
0.540171  0.000000  0.000000  0.000000  -47.746690  -7.883082  24.285714  84.255822  14.315079  -10.239130  -35.441735  66.667198  12.033678  25.401856  128.726055
0.540403  0.000000  0.000000  0.000000  -47.746690  -7.883082  28.571429  84.347724  10.050534  -10.674363  -35.441735  66.667198  12.033678  25.401856  128.726055
0.540634  0.000000  0.000000  0.000000  -47.746690  -7.883082  32.857143  84.406164  5.785410  -11.098231  -35.441735  66.667198  12.033678  25.401856  128.726055
0.540866  0.000000  0.000000  0.000000  -47.746690  -7.883082  37.142857  84.432785  1.519991  -11.515746  -35.441735  66.667198  12.033678  25.401856  128.726055
0.541097  0.000000  0.000000  0.000000  -47.746690  -7.883082  41.428571  84.428331  -2.745512  -11.931611  -35.441735  66.667198  12.033678  25.401856  128.726055
0.541329  0.000000  0.000000  0.000000  -47.746690  -7.883082  45.714286  84.392688  -7.010867  -12.350463  -35.441735  66.667198  12.033678  25.401856  128.726055
0.541561  0.000000  0.000000  0.000000  -47.746690  -7.883082  50.000000  84.324853  -11.275847  -12.777060  -35.441735  66.667198  12.033678  25.401856  128.726055
0.541792  0.000000  0.000000  0.000000  -49.587201  7.393687  -10.000000  64.938513  33.684515  7.314555  -39.208769  43.005147  -0.795197  14.531838  113.545510
0.542024  0.000000  0.000000  0.000000  -49.587201  7.393687  -5.714286  66.038666  29.784539  5.224320  -39.208769  43.005147  -0.795197  14.531838  113.545510
0.542255  0.000000  0.000000  0.000000  -49.587201  7.393687  -1.428571  66.941212  25.854169  3.291653  -39.208769  43.005147  -0.795197  14.531838  113.545510
0.542487  0.000000  0.000000  0.000000  -49.587201  7.393687  2.857143  67.673442  21.899870  1.483878  -39.208769  43.005147  -0.795197  14.531838  113.545510
0.542718  0.000000  0.000000  0.000000  -49.587201  7.393687  7.142857  68.256188  17.926898  -0.225937  -39.208769  43.005147  -0.795197  14.531838  113.545510
0.542950  0.000000  0.000000  0.000000  -49.587201  7.393687  11.428571  68.705203  13.939645  -1.860480  -39.208769  43.005147  -0.795197  14.531838  113.545510
0.543181  0.000000  0.000000  0.000000  -49.587201  7.393687  15.714286  69.032093  9.941859  -3.439364  -39.208769  43.005147  -0.795197  14.531838  113.545510
0.543413  0.000000  0.000000  0.000000  -49.587201  7.393687  20.000000  69.245036  5.936853  -4.980003  -39.208769  43.005147  -0.795197  14.531838  113.545510
0.543644  0.000000  0.000000  0.000000  -49.587201  7.393687  24.285714  69.349229  1.927648  -6.498362  -39.208769  43.005147  -0.795197  14.531838  113.545510
0.543876  0.000000  0.000000  0.000000  -49.587201  7.393687  28.571429  69.347182  -2.082903  -8.009573  -39.208769  43.005147  -0.795197  14.531838  113.545510
0.544107  0.000000  0.000000  0.000000  -49.587201  7.393687  32.857143  69.238841  -6.091999  -9.528509  -39.208769  43.005147  -0.795197  14.531838  113.545510
0.544339  0.000000  0.000000  0.000000  -49.587201  7.393687  37.142857  69.021594  -10.096780  -11.070334  -39.208769  43.005147  -0.795197  14.531838  113.545510
0.544571  0.000000  0.000000  0.000000  -49.587201  7.393687  41.428571  68.690156  -14.094225  -12.651028  -39.208769  43.005147  -0.795197  14.531838  113.545510
0.544802  0.000000  0.000000  0.000000  -49.587201  7.393687  45.714286  68.236196  -18.080996  -14.288108  -39.208769  43.005147  -0.795197  14.531838  113.545510
0.545034  0.000000  0.000000  0.000000  -49.587201  7.393687  50.000000  67.647993  -22.053334  -16.001266  -39.208769  43.005147  -0.795197  14.531838  113.545510
0.545265  0.000000  0.000000  0.000000  -52.389857  9.128346  -10.000000  59.223681  31.083181  3.675939  -12.679741  43.777106  -2.371973  12.435714  120.081460
0.545497  0.000000  0.000000  0.000000  -52.389857  9.128346  -5.714286  60.429639  27.377493  1.207918  -12.679741  43.777106  -2.371973  12.435714  120.081460
0.545728  0.000000  0.000000  0.000000  -52.389857  9.128346  -1.428571  61.423639  23.631239  -1.099094  -12.679741  43.777106  -2.371973  12.435714  120.081460
0.545960  0.000000  0.000000  0.000000  -52.389857  9.128346  2.857143  62.230957  19.852778  -3.277101  -12.679741  43.777106  -2.371973  12.435714  120.081460
0.546191  0.000000  0.000000  0.000000  -52.389857  9.128346  7.142857  62.871267  16.049100  -5.353349  -12.679741  43.777106  -2.371973  12.435714  120.081460
0.546423  0.000000  0.000000  0.000000  -52.389857  9.128346  11.428571  63.359629  12.226188  -7.351476  -12.679741  43.777106  -2.371973  12.435714  120.081460
0.546654  0.000000  0.000000  0.000000  -52.389857  9.128346  15.714286  63.707182  8.389270  -9.292501  -12.679741  43.777106  -2.371973  12.435714  120.081460
0.546886  0.000000  0.000000  0.000000  -52.389857  9.128346  20.000000  63.921626  4.543046  -11.195455  -12.679741  43.777106  -2.371973  12.435714  120.081460
0.547117  0.000000  0.000000  0.000000  -52.389857  9.128346  24.285714  64.007662  0.691884  -13.078175  -12.679741  43.777106  -2.371973  12.435714  120.081460
0.547349  0.000000  0.000000  0.000000  -52.389857  9.128346  28.571429  63.967152  -3.160022  -14.957837  -12.679741  43.777106  -2.371973  12.435714  120.081460
0.547580  0.000000  0.000000  0.000000  -52.389857  9.128346  32.857143  63.799224  -7.008510  -16.851517  -12.679741  43.777106  -2.371973  12.435714  120.081460
0.547812  0.000000  0.000000  0.000000  -52.389857  9.128346  37.142857  63.500217  -10.849293  -18.776741  -12.679741  43.777106  -2.371973  12.435714  120.081460
0.548044  0.000000  0.000000  0.000000  -52.389857  9.128346  41.428571  63.063513  -14.677801  -20.752069  -12.679741  43.777106  -2.371973  12.435714  120.081460
0.548275  0.000000  0.000000  0.000000  -52.389857  9.128346  45.714286  62.479315  -18.489037  -22.797689  -12.679741  43.777106  -2.371973  12.435714  120.081460
0.548507  0.000000  0.000000  0.000000  -52.389857  9.128346  50.000000  61.733992  -22.277296  -24.936213  -12.679741  43.777106  -2.371973  12.435714  120.081460
0.548738  0.000000  0.000000  0.000000  -50.811480  3.931700  -10.000000  65.533357  49.719291  15.256145  -9.117427  56.097733  -0.841904  27.936558  111.912296
0.548970  0.000000  0.000000  0.000000  -50.811480  3.931700  -5.714286  67.417817  45.788940  12.712181  -9.117427  56.097733  -0.841904  27.936558  111.912296
0.549201  0.000000  0.000000  0.000000  -50.811480  3.931700  -1.428571  68.945984  41.809606  10.505731  -9.117427  56.097733  -0.841904  27.936558  111.912296
0.549433  0.000000  0.000000  0.000000  -50.811480  3.931700  2.857143  70.193103  37.793012  8.558821  -9.117427  56.097733  -0.841904  27.936558  111.912296
0.549664  0.000000  0.000000  0.000000  -50.811480  3.931700  7.142857  71.213905  33.747697  6.813656  -9.117427  56.097733  -0.841904  27.936558  111.912296
0.549896  0.000000  0.000000  0.000000  -50.811480  3.931700  11.428571  72.048873  29.680049  5.226367  -9.117427  56.097733  -0.841904  27.936558  111.912296
0.550127  0.000000  0.000000  0.000000  -50.811480  3.931700  15.714286  72.728167  25.594961  3.762972  -9.117427  56.097733  -0.841904  27.936558  111.912296
0.550359  0.000000  0.000000  0.000000  -50.811480  3.931700  20.000000  73.274408  21.496284  2.396533  -9.117427  56.097733  -0.841904  27.936558  111.912296
0.550590  0.000000  0.000000  0.000000  -50.811480  3.931700  24.285714  73.704506  17.387084  1.105206  -9.117427  56.097733  -0.841904  27.936558  111.912296
0.550822  0.000000  0.000000  0.000000  -50.811480  3.931700  28.571429  74.031068  13.269966  -0.129265  -9.117427  56.097733  -0.841904  27.936558  111.912296
0.551053  0.000000  0.000000  0.000000  -50.811480  3.931700  32.857143  74.263169  9.147102  -1.322498  -9.117427  56.097733  -0.841904  27.936558  111.912296
0.551285  0.000000  0.000000  0.000000  -50.811480  3.931700  37.142857  74.407044  5.020424  -2.488331  -9.117427  56.097733  -0.841904  27.936558  111.912296
0.551517  0.000000  0.000000  0.000000  -50.811480  3.931700  41.428571  74.466439  0.891706  -3.639480  -9.117427  56.097733  -0.841904  27.936558  111.912296
0.551748  0.000000  0.000000  0.000000  -50.811480  3.931700  45.714286  74.442918  -3.237374  -4.788048  -9.117427  56.097733  -0.841904  27.936558  111.912296
0.551980  0.000000  0.000000  0.000000  -50.811480  3.931700  50.000000  74.335854  -7.365132  -5.946032  -9.117427  56.097733  -0.841904  27.936558  111.912296
0.552211  0.000000  0.000000  0.000000  -34.536059  8.550939  -10.000000  60.006809  43.724629  12.921781  -39.892743  66.237123  16.939456  15.693720  113.167807
0.552443  0.000000  0.000000  0.000000  -34.536059  8.550939  -5.714286  61.872364  39.977543  10.127474  -39.892743  66.237123  16.939456  15.693720  113.167807
0.552674  0.000000  0.000000  0.000000  -34.536059  8.550939  -1.428571  63.415856  36.170383  7.626188  -39.892743  66.237123  16.939456  15.693720  113.167807
0.552906  0.000000  0.000000  0.000000  -34.536059  8.550939  2.857143  64.692849  32.316045  5.358301  -39.892743  66.237123  16.939456  15.693720  113.167807
0.553137  0.000000  0.000000  0.000000  -34.536059  8.550939  7.142857  65.746004  28.424478  3.276632  -39.892743  66.237123  16.939456  15.693720  113.167807
0.553369  0.000000  0.000000  0.000000  -34.536059  8.550939  11.428571  66.608125  24.503507  1.343319  -39.892743  66.237123  16.939456  15.693720  113.167807
0.553600  0.000000  0.000000  0.000000  -34.536059  8.550939  15.714286  67.304407  20.559410  -0.472535  -39.892743  66.237123  16.939456  15.693720  113.167807
0.553832  0.000000  0.000000  0.000000  -34.536059  8.550939  20.000000  67.854093  16.597353  -2.196671  -39.892743  66.237123  16.939456  15.693720  113.167807
0.554063  0.000000  0.000000  0.000000  -34.536059  8.550939  24.285714  68.271615  12.621659  -3.850923  -39.892743  66.237123  16.939456  15.693720  113.167807
0.554295  0.000000  0.000000  0.000000  -34.536059  8.550939  28.571429  68.567576  8.636099  -5.454434  -39.892743  66.237123  16.939456  15.693720  113.167807
0.554527  0.000000  0.000000  0.000000  -34.536059  8.550939  32.857143  68.749236  4.644012  -7.024335  -39.892743  66.237123  16.939456  15.693720  113.167807
0.554758  0.000000  0.000000  0.000000  -34.536059  8.550939  37.142857  68.820939  0.648501  -8.576539  -39.892743  66.237123  16.939456  15.693720  113.167807
0.554990  0.000000  0.000000  0.000000  -34.536059  8.550939  41.428571  68.784413  -3.347487  -10.126287  -39.892743  66.237123  16.939456  15.693720  113.167807
0.555221  0.000000  0.000000  0.000000  -34.536059  8.550939  45.714286  68.638792  -7.341012  -11.688750  -39.892743  66.237123  16.939456  15.693720  113.167807
0.555453  0.000000  0.000000  0.000000  -34.536059  8.550939  50.000000  68.380582  -11.329042  -13.279544  -39.892743  66.237123  16.939456  15.693720  113.167807
0.555684  0.000000  0.000000  0.000000  -27.799495  0.199792  -10.000000  76.866291  48.796551  12.111824  -42.829175  67.145769  -16.327964  23.581986  124.218020
0.555916  0.000000  0.000000  0.000000  -27.799495  0.199792  -5.714286  77.861831  44.614385  10.744960  -42.829175  67.145769  -16.327964  23.581986  124.218020
0.556147  0.000000  0.000000  0.000000  -27.799495  0.199792  -1.428571  78.661607  40.418115  9.562324  -42.829175  67.145769  -16.327964  23.581986  124.218020
0.556379  0.000000  0.000000  0.000000  -27.799495  0.199792  2.857143  79.308928  36.211213  8.518945  -42.829175  67.145769  -16.327964  23.581986  124.218020
0.556610  0.000000  0.000000  0.000000  -27.799495  0.199792  7.142857  79.834439  31.996185  7.582319  -42.829175  67.145769  -16.327964  23.581986  124.218020
0.556842  0.000000  0.000000  0.000000  -27.799495  0.199792  11.428571  80.260343  27.774873  6.728171  -42.829175  67.145769  -16.327964  23.581986  124.218020
0.557073  0.000000  0.000000  0.000000  -27.799495  0.199792  15.714286  80.602761  23.548711  5.938009  -42.829175  67.145769  -16.327964  23.581986  124.218020
0.557305  0.000000  0.000000  0.000000  -27.799495  0.199792  20.000000  80.873683  19.318806  5.197151  -42.829175  67.145769  -16.327964  23.581986  124.218020
0.557536  0.000000  0.000000  0.000000  -27.799495  0.199792  24.285714  81.081852  15.086058  4.493767  -42.829175  67.145769  -16.327964  23.581986  124.218020
0.557768  0.000000  0.000000  0.000000  -27.799495  0.199792  28.571429  81.233635  10.851229  3.817897  -42.829175  67.145769  -16.327964  23.581986  124.218020
0.558000  0.000000  0.000000  0.000000  -27.799495  0.199792  32.857143  81.333450  6.614966  3.160950  -42.829175  67.145769  -16.327964  23.581986  124.218020
0.558231  0.000000  0.000000  0.000000  -27.799495  0.199792  37.142857  81.384110  2.377856  2.515195  -42.829175  67.145769  -16.327964  23.581986  124.218020
0.558463  0.000000  0.000000  0.000000  -27.799495  0.199792  41.428571  81.387015  -1.859554  1.873402  -42.829175  67.145769  -16.327964  23.581986  124.218020
0.558694  0.000000  0.000000  0.000000  -27.799495  0.199792  45.714286  81.342244  -6.096729  1.228512  -42.829175  67.145769  -16.327964  23.581986  124.218020
0.558926  0.000000  0.000000  0.000000  -27.799495  0.199792  50.000000  81.248563  -10.333126  0.573337  -42.829175  67.145769  -16.327964  23.581986  124.218020
0.559157  0.000000  0.000000  0.000000  -28.266896  13.767971  -10.000000  55.023924  24.872901  9.290886  -38.592173  51.326662  10.882799  11.479884  127.741563
0.559389  0.000000  0.000000  0.000000  -28.266896  13.767971  -5.714286  56.059010  21.338502  6.654886  -38.592173  51.326662  10.882799  11.479884  127.741563
0.559620  0.000000  0.000000  0.000000  -28.266896  13.767971  -1.428571  56.899917  17.764948  4.143730  -38.592173  51.326662  10.882799  11.479884  127.741563
0.559852  0.000000  0.000000  0.000000  -28.266896  13.767971  2.857143  57.563728  14.160675  1.731476  -38.592173  51.326662  10.882799  11.479884  127.741563
0.560083  0.000000  0.000000  0.000000  -28.266896  13.767971  7.142857  58.063679  10.533076  -0.605076  -38.592173  51.326662  10.882799  11.479884  127.741563
0.560315  0.000000  0.000000  0.000000  -28.266896  13.767971  11.428571  58.409505  6.888749  -2.887077  -38.592173  51.326662  10.882799  11.479884  127.741563
0.560546  0.000000  0.000000  0.000000  -28.266896  13.767971  15.714286  58.607873  3.233767  -5.134186  -38.592173  51.326662  10.882799  11.479884  127.741563
0.560778  0.000000  0.000000  0.000000  -28.266896  13.767971  20.000000  58.662566  -0.426141  -7.365126  -38.592173  51.326662  10.882799  11.479884  127.741563
0.561009  0.000000  0.000000  0.000000  -28.266896  13.767971  24.285714  58.574612  -4.085405  -9.598188  -38.592173  51.326662  10.882799  11.479884  127.741563
0.561241  0.000000  0.000000  0.000000  -28.266896  13.767971  28.571429  58.342352  -7.738426  -11.851724  -38.592173  51.326662  10.882799  11.479884  127.741563
0.561473  0.000000  0.000000  0.000000  -28.266896  13.767971  32.857143  57.961348  -11.379417  -14.144625  -38.592173  51.326662  10.882799  11.479884  127.741563
0.561704  0.000000  0.000000  0.000000  -28.266896  13.767971  37.142857  57.424237  -15.002200  -16.496847  -38.592173  51.326662  10.882799  11.479884  127.741563
0.561936  0.000000  0.000000  0.000000  -28.266896  13.767971  41.428571  56.720505  -18.600013  -18.929968  -38.592173  51.326662  10.882799  11.479884  127.741563
0.562167  0.000000  0.000000  0.000000  -28.266896  13.767971  45.714286  55.836067  -22.165249  -21.467761  -38.592173  51.326662  10.882799  11.479884  127.741563
0.562399  0.000000  0.000000  0.000000  -28.266896  13.767971  50.000000  54.752854  -25.689179  -24.136905  -38.592173  51.326662  10.882799  11.479884  127.741563
0.562630  0.000000  0.000000  0.000000  -41.135411  7.750350  -10.000000  57.744883  23.843237  8.308914  -14.225807  68.564386  -15.746310  10.723204  123.345830
0.562862  0.000000  0.000000  0.000000  -41.135411  7.750350  -5.714286  58.658713  20.200181  5.873306  -14.225807  68.564386  -15.746310  10.723204  123.345830
0.563093  0.000000  0.000000  0.000000  -41.135411  7.750350  -1.428571  59.391219  16.525117  3.549642  -14.225807  68.564386  -15.746310  10.723204  123.345830
0.563325  0.000000  0.000000  0.000000  -41.135411  7.750350  2.857143  59.958159  12.825321  1.313158  -14.225807  68.564386  -15.746310  10.723204  123.345830
0.563556  0.000000  0.000000  0.000000  -41.135411  7.750350  7.142857  60.371497  9.107179  -0.858289  -14.225807  68.564386  -15.746310  10.723204  123.345830
0.563788  0.000000  0.000000  0.000000  -41.135411  7.750350  11.428571  60.639748  5.376446  -2.984909  -14.225807  68.564386  -15.746310  10.723204  123.345830
0.564019  0.000000  0.000000  0.000000  -41.135411  7.750350  15.714286  60.768351  1.638439  -5.085562  -14.225807  68.564386  -15.746310  10.723204  123.345830
0.564251  0.000000  0.000000  0.000000  -41.135411  7.750350  20.000000  60.759877  -2.101761  -7.178377  -14.225807  68.564386  -15.746310  10.723204  123.345830
0.564483  0.000000  0.000000  0.000000  -41.135411  7.750350  24.285714  60.614177  -5.839146  -9.281252  -14.225807  68.564386  -15.746310  10.723204  123.345830
0.564714  0.000000  0.000000  0.000000  -41.135411  7.750350  28.571429  60.328306  -9.568615  -11.412380  -14.225807  68.564386  -15.746310  10.723204  123.345830
0.564946  0.000000  0.000000  0.000000  -41.135411  7.750350  32.857143  59.896454  -13.284803  -13.590765  -14.225807  68.564386  -15.746310  10.723204  123.345830
0.565177  0.000000  0.000000  0.000000  -41.135411  7.750350  37.142857  59.309729  -16.981900  -15.836795  -14.225807  68.564386  -15.746310  10.723204  123.345830
0.565409  0.000000  0.000000  0.000000  -41.135411  7.750350  41.428571  58.555708  -20.653415  -18.172920  -14.225807  68.564386  -15.746310  10.723204  123.345830
0.565640  0.000000  0.000000  0.000000  -41.135411  7.750350  45.714286  57.618097  -24.291943  -20.624284  -14.225807  68.564386  -15.746310  10.723204  123.345830
0.565872  0.000000  0.000000  0.000000  -41.135411  7.750350  50.000000  56.475981  -27.888835  -23.219617  -14.225807  68.564386  -15.746310  10.723204  123.345830
0.566103  0.000000  0.000000  0.000000  -42.050341  12.114716  -10.000000  58.514362  25.708253  6.207508  -29.899903  68.335162  11.506576  12.764170  125.470014
0.566335  0.000000  0.000000  0.000000  -42.050341  12.114716  -5.714286  59.491557  22.033977  3.794314  -29.899903  68.335162  11.506576  12.764170  125.470014
0.566566  0.000000  0.000000  0.000000  -42.050341  12.114716  -1.428571  60.282212  18.326153  1.503884  -29.899903  68.335162  11.506576  12.764170  125.470014
0.566798  0.000000  0.000000  0.000000  -42.050341  12.114716  2.857143  60.904174  14.592152  -0.689963  -29.899903  68.335162  11.506576  12.764170  125.470014
0.567029  0.000000  0.000000  0.000000  -42.050341  12.114716  7.142857  61.371194  10.838365  -2.810343  -29.899903  68.335162  11.506576  12.764170  125.470014
0.567261  0.000000  0.000000  0.000000  -42.050341  12.114716  11.428571  61.693233  7.070443  -4.878025  -29.899903  68.335162  11.506576  12.764170  125.470014
0.567492  0.000000  0.000000  0.000000  -42.050341  12.114716  15.714286  61.877075  3.293555  -6.912170  -29.899903  68.335162  11.506576  12.764170  125.470014
0.567724  0.000000  0.000000  0.000000  -42.050341  12.114716  20.000000  61.926538  -0.487443  -8.930912  -29.899903  68.335162  11.506576  12.764170  125.470014
0.567956  0.000000  0.000000  0.000000  -42.050341  12.114716  24.285714  61.842638  -4.267837  -10.951924  -29.899903  68.335162  11.506576  12.764170  125.470014
0.568187  0.000000  0.000000  0.000000  -42.050341  12.114716  28.571429  61.623650  -8.042887  -12.992950  -29.899903  68.335162  11.506576  12.764170  125.470014
0.568419  0.000000  0.000000  0.000000  -42.050341  12.114716  32.857143  61.264995  -11.807673  -15.072347  -29.899903  68.335162  11.506576  12.764170  125.470014
0.568650  0.000000  0.000000  0.000000  -42.050341  12.114716  37.142857  60.759136  -15.556929  -17.209580  -29.899903  68.335162  11.506576  12.764170  125.470014
0.568882  0.000000  0.000000  0.000000  -42.050341  12.114716  41.428571  60.095154  -19.284824  -19.426008  -29.899903  68.335162  11.506576  12.764170  125.470014
0.569113  0.000000  0.000000  0.000000  -42.050341  12.114716  45.714286  59.258305  -22.984753  -21.745438  -29.899903  68.335162  11.506576  12.764170  125.470014
0.569345  0.000000  0.000000  0.000000  -42.050341  12.114716  50.000000  58.229521  -26.649032  -24.195001  -29.899903  68.335162  11.506576  12.764170  125.470014
0.569576  0.000000  0.000000  0.000000  -44.938011  0.519080  -10.000000  65.605995  41.653781  0.248354  -33.576395  62.854247  5.480859  28.490449  120.752193
0.569808  0.000000  0.000000  0.000000  -44.938011  0.519080  -5.714286  67.035239  37.728290  -1.988076  -33.576395  62.854247  5.480859  28.490449  120.752193
0.570039  0.000000  0.000000  0.000000  -44.938011  0.519080  -1.428571  68.210233  33.764825  -3.998023  -33.576395  62.854247  5.480859  28.490449  120.752193
0.570271  0.000000  0.000000  0.000000  -44.938011  0.519080  2.857143  69.175069  29.771675  -5.829397  -33.576395  62.854247  5.480859  28.490449  120.752193
0.570502  0.000000  0.000000  0.000000  -44.938011  0.519080  7.142857  69.963001  25.755238  -7.519749  -33.576395  62.854247  5.480859  28.490449  120.752193
0.570734  0.000000  0.000000  0.000000  -44.938011  0.519080  11.428571  70.599200  21.720563  -9.099097  -33.576395  62.854247  5.480859  28.490449  120.752193
0.570966  0.000000  0.000000  0.000000  -44.938011  0.519080  15.714286  71.102693  17.671745  -10.591985  -33.576395  62.854247  5.480859  28.490449  120.752193
0.571197  0.000000  0.000000  0.000000  -44.938011  0.519080  20.000000  71.487695  13.612169  -12.018940  -33.576395  62.854247  5.480859  28.490449  120.752193
0.571429  0.000000  0.000000  0.000000  -44.938011  0.519080  24.285714  71.764596  9.544734  -13.397628  -33.576395  62.854247  5.480859  28.490449  120.752193
0.571660  0.000000  0.000000  0.000000  -44.938011  0.519080  28.571429  71.940618  5.472016  -14.743743  -33.576395  62.854247  5.480859  28.490449  120.752193
0.571892  0.000000  0.000000  0.000000  -44.938011  0.519080  32.857143  72.020224  1.396337  -16.071597  -33.576395  62.854247  5.480859  28.490449  120.752193
0.572123  0.000000  0.000000  0.000000  -44.938011  0.519080  37.142857  72.005377  -2.680103  -17.394851  -33.576395  62.854247  5.480859  28.490449  120.752193
0.572355  0.000000  0.000000  0.000000  -44.938011  0.519080  41.428571  71.895745  -6.755099  -18.726961  -33.576395  62.854247  5.480859  28.490449  120.752193
0.572586  0.000000  0.000000  0.000000  -44.938011  0.519080  45.714286  71.688561  -10.826416  -20.081729  -33.576395  62.854247  5.480859  28.490449  120.752193
0.572818  0.000000  0.000000  0.000000  -44.938011  0.519080  50.000000  71.378528  -14.891661  -21.473858  -33.576395  62.854247  5.480859  28.490449  120.752193
0.573049  0.000000  0.000000  0.000000  -31.636591  9.262444  -10.000000  56.623811  43.355298  16.284167  -13.190603  65.407757  -14.982392  22.005533  113.965837
0.573281  0.000000  0.000000  0.000000  -31.636591  9.262444  -5.714286  58.657471  39.734067  13.219690  -13.190603  65.407757  -14.982392  22.005533  113.965837
0.573512  0.000000  0.000000  0.000000  -31.636591  9.262444  -1.428571  60.350656  36.040371  10.464312  -13.190603  65.407757  -14.982392  22.005533  113.965837
0.573744  0.000000  0.000000  0.000000  -31.636591  9.262444  2.857143  61.759089  32.289322  7.957926  -13.190603  65.407757  -14.982392  22.005533  113.965837
0.573975  0.000000  0.000000  0.000000  -31.636591  9.262444  7.142857  62.926381  28.492720  5.652052  -13.190603  65.407757  -14.982392  22.005533  113.965837
0.574207  0.000000  0.000000  0.000000  -31.636591  9.262444  11.428571  63.886577  24.659917  3.507240  -13.190603  65.407757  -14.982392  22.005533  113.965837
0.574439  0.000000  0.000000  0.000000  -31.636591  9.262444  15.714286  64.666164  20.798495  1.490861  -13.190603  65.407757  -14.982392  22.005533  113.965837
0.574670  0.000000  0.000000  0.000000  -31.636591  9.262444  20.000000  65.285613  16.914704  -0.424461  -13.190603  65.407757  -14.982392  22.005533  113.965837
0.574902  0.000000  0.000000  0.000000  -31.636591  9.262444  24.285714  65.760438  13.013808  -2.262126  -13.190603  65.407757  -14.982392  22.005533  113.965837
0.575133  0.000000  0.000000  0.000000  -31.636591  9.262444  28.571429  66.102155  9.100385  -4.042695  -13.190603  65.407757  -14.982392  22.005533  113.965837
0.575365  0.000000  0.000000  0.000000  -31.636591  9.262444  32.857143  66.318791  5.178509  -5.784624  -13.190603  65.407757  -14.982392  22.005533  113.965837
0.575596  0.000000  0.000000  0.000000  -31.636591  9.262444  37.142857  66.415339  1.251925  -7.505033  -13.190603  65.407757  -14.982392  22.005533  113.965837
0.575828  0.000000  0.000000  0.000000  -31.636591  9.262444  41.428571  66.394022  -2.675774  -9.220293  -13.190603  65.407757  -14.982392  22.005533  113.965837
0.576059  0.000000  0.000000  0.000000  -31.636591  9.262444  45.714286  66.254328  -6.601064  -10.946588  -13.190603  65.407757  -14.982392  22.005533  113.965837
0.576291  0.000000  0.000000  0.000000  -31.636591  9.262444  50.000000  65.993075  -10.520322  -12.700491  -13.190603  65.407757  -14.982392  22.005533  113.965837
0.576522  0.000000  0.000000  0.000000  -38.853260  10.859219  -10.000000  55.420161  40.272306  18.687365  -9.736513  58.367900  23.066699  10.048774  111.599284
0.576754  0.000000  0.000000  0.000000  -38.853260  10.859219  -5.714286  57.308580  36.703122  15.654916  -9.736513  58.367900  23.066699  10.048774  111.599284
0.576985  0.000000  0.000000  0.000000  -38.853260  10.859219  -1.428571  58.888364  33.063917  12.894372  -9.736513  58.367900  23.066699  10.048774  111.599284
0.577217  0.000000  0.000000  0.000000  -38.853260  10.859219  2.857143  60.205348  29.368761  10.354884  -9.736513  58.367900  23.066699  10.048774  111.599284
0.577448  0.000000  0.000000  0.000000  -38.853260  10.859219  7.142857  61.295915  25.628885  7.994490  -9.736513  58.367900  23.066699  10.048774  111.599284
0.577680  0.000000  0.000000  0.000000  -38.853260  10.859219  11.428571  62.188752  21.853401  5.778275  -9.736513  58.367900  23.066699  10.048774  111.599284
0.577912  0.000000  0.000000  0.000000  -38.853260  10.859219  15.714286  62.906321  18.049833  3.676727  -9.736513  58.367900  23.066699  10.048774  111.599284
0.578143  0.000000  0.000000  0.000000  -38.853260  10.859219  20.000000  63.465951  14.224524  1.664538  -9.736513  58.367900  23.066699  10.048774  111.599284
0.578375  0.000000  0.000000  0.000000  -38.853260  10.859219  24.285714  63.880689  10.382948  -0.280452  -9.736513  58.367900  23.066699  10.048774  111.599284
0.578606  0.000000  0.000000  0.000000  -38.853260  10.859219  28.571429  64.159934  6.529951  -2.178096  -9.736513  58.367900  23.066699  10.048774  111.599284
0.578838  0.000000  0.000000  0.000000  -38.853260  10.859219  32.857143  64.309887  2.669963  -4.046687  -9.736513  58.367900  23.066699  10.048774  111.599284
0.579069  0.000000  0.000000  0.000000  -38.853260  10.859219  37.142857  64.333841  -1.192842  -5.903556  -9.736513  58.367900  23.066699  10.048774  111.599284
0.579301  0.000000  0.000000  0.000000  -38.853260  10.859219  41.428571  64.232307  -5.054392  -7.765651  -9.736513  58.367900  23.066699  10.048774  111.599284
0.579532  0.000000  0.000000  0.000000  -38.853260  10.859219  45.714286  64.003069  -8.910563  -9.650104  -9.736513  58.367900  23.066699  10.048774  111.599284
0.579764  0.000000  0.000000  0.000000  -38.853260  10.859219  50.000000  63.641081  -12.757058  -11.574730  -9.736513  58.367900  23.066699  10.048774  111.599284
0.579995  0.000000  0.000000  0.000000  -30.929826  0.615983  -10.000000  65.650636  32.087201  3.893105  -32.827968  40.453224  16.003333  15.999957  111.006732
0.580227  0.000000  0.000000  0.000000  -30.929826  0.615983  -5.714286  66.656599  28.166891  1.890190  -32.827968  40.453224  16.003333  15.999957  111.006732
0.580458  0.000000  0.000000  0.000000  -30.929826  0.615983  -1.428571  67.478443  24.219520  0.029525  -32.827968  40.453224  16.003333  15.999957  111.006732
0.580690  0.000000  0.000000  0.000000  -30.929826  0.615983  2.857143  68.140480  20.250907  -1.718832  -32.827968  40.453224  16.003333  15.999957  111.006732
0.580922  0.000000  0.000000  0.000000  -30.929826  0.615983  7.142857  68.661210  16.265844  -3.379776  -32.827968  40.453224  16.003333  15.999957  111.006732
0.581153  0.000000  0.000000  0.000000  -30.929826  0.615983  11.428571  69.054455  12.268333  -4.974419  -32.827968  40.453224  16.003333  15.999957  111.006732
0.581385  0.000000  0.000000  0.000000  -30.929826  0.615983  15.714286  69.330297  8.261893  -6.521290  -32.827968  40.453224  16.003333  15.999957  111.006732
0.581616  0.000000  0.000000  0.000000  -30.929826  0.615983  20.000000  69.495567  4.249633  -8.036996  -32.827968  40.453224  16.003333  15.999957  111.006732
0.581848  0.000000  0.000000  0.000000  -30.929826  0.615983  24.285714  69.554290  0.234442  -9.536978  -32.827968  40.453224  16.003333  15.999957  111.006732
0.582079  0.000000  0.000000  0.000000  -30.929826  0.615983  28.571429  69.507867  -3.780911  -11.036100  -32.827968  40.453224  16.003333  15.999957  111.006732
0.582311  0.000000  0.000000  0.000000  -30.929826  0.615983  32.857143  69.355194  -7.793657  -12.549192  -32.827968  40.453224  16.003333  15.999957  111.006732
0.582542  0.000000  0.000000  0.000000  -30.929826  0.615983  37.142857  69.092559  -11.800932  -14.091594  -32.827968  40.453224  16.003333  15.999957  111.006732
0.582774  0.000000  0.000000  0.000000  -30.929826  0.615983  41.428571  68.713466  -15.799649  -15.679762  -32.827968  40.453224  16.003333  15.999957  111.006732
0.583005  0.000000  0.000000  0.000000  -30.929826  0.615983  45.714286  68.208262  -19.786369  -17.331922  -32.827968  40.453224  16.003333  15.999957  111.006732
0.583237  0.000000  0.000000  0.000000  -30.929826  0.615983  50.000000  67.563582  -23.757134  -19.068871  -32.827968  40.453224  16.003333  15.999957  111.006732
0.583468  0.000000  0.000000  0.000000  -37.525185  0.429468  -10.000000  67.135842  37.685971  0.547138  -10.163536  42.902733  14.981226  10.951813  125.271803
0.583700  0.000000  0.000000  0.000000  -37.525185  0.429468  -5.714286  68.304109  33.719746  -1.453420  -10.163536  42.902733  14.981226  10.951813  125.271803
0.583931  0.000000  0.000000  0.000000  -37.525185  0.429468  -1.428571  69.263278  29.724129  -3.276419  -10.163536  42.902733  14.981226  10.951813  125.271803
0.584163  0.000000  0.000000  0.000000  -37.525185  0.429468  2.857143  70.046425  25.705460  -4.959219  -10.163536  42.902733  14.981226  10.951813  125.271803
0.584395  0.000000  0.000000  0.000000  -37.525185  0.429468  7.142857  70.678571  21.668731  -6.531687  -10.163536  42.902733  14.981226  10.951813  125.271803
0.584626  0.000000  0.000000  0.000000  -37.525185  0.429468  11.428571  71.178653  17.618023  -8.018268  -10.163536  42.902733  14.981226  10.951813  125.271803
0.584858  0.000000  0.000000  0.000000  -37.525185  0.429468  15.714286  71.560776  13.556670  -9.439362  -10.163536  42.902733  14.981226  10.951813  125.271803
0.585089  0.000000  0.000000  0.000000  -37.525185  0.429468  20.000000  71.835247  9.487543  -10.812571  -10.163536  42.902733  14.981226  10.951813  125.271803
0.585321  0.000000  0.000000  0.000000  -37.525185  0.429468  24.285714  72.009238  5.413199  -12.153501  -10.163536  42.902733  14.981226  10.951813  125.271803
0.585552  0.000000  0.000000  0.000000  -37.525185  0.429468  28.571429  72.087164  1.335950  -13.476448  -10.163536  42.902733  14.981226  10.951813  125.271803
0.585784  0.000000  0.000000  0.000000  -37.525185  0.429468  32.857143  72.070974  -2.742009  -14.795002  -10.163536  42.902733  14.981226  10.951813  125.271803
0.586015  0.000000  0.000000  0.000000  -37.525185  0.429468  37.142857  71.960266  -6.818509  -16.122589  -10.163536  42.902733  14.981226  10.951813  125.271803
0.586247  0.000000  0.000000  0.000000  -37.525185  0.429468  41.428571  71.752255  -10.891322  -17.472982  -10.163536  42.902733  14.981226  10.951813  125.271803
0.586478  0.000000  0.000000  0.000000  -37.525185  0.429468  45.714286  71.441618  -14.958065  -18.860862  -10.163536  42.902733  14.981226  10.951813  125.271803
0.586710  0.000000  0.000000  0.000000  -37.525185  0.429468  50.000000  71.020173  -19.016101  -20.302421  -10.163536  42.902733  14.981226  10.951813  125.271803
0.586941  0.000000  0.000000  0.000000  -28.107338  -1.903769  -10.000000  72.508327  42.016616  3.490596  -37.579896  38.424789  -5.464004  13.776017  115.202772
0.587173  0.000000  0.000000  0.000000  -28.107338  -1.903769  -5.714286  73.557069  37.917118  1.859047  -37.579896  38.424789  -5.464004  13.776017  115.202772
0.587404  0.000000  0.000000  0.000000  -28.107338  -1.903769  -1.428571  74.412058  33.797482  0.400440  -37.579896  38.424789  -5.464004  13.776017  115.202772
0.587636  0.000000  0.000000  0.000000  -28.107338  -1.903769  2.857143  75.108951  29.662262  -0.923759  -37.579896  38.424789  -5.464004  13.776017  115.202772
0.587868  0.000000  0.000000  0.000000  -28.107338  -1.903769  7.142857  75.674030  25.514925  -2.143082  -37.579896  38.424789  -5.464004  13.776017  115.202772
0.588099  0.000000  0.000000  0.000000  -28.107338  -1.903769  11.428571  76.126827  21.358176  -3.280744  -37.579896  38.424789  -5.464004  13.776017  115.202772
0.588331  0.000000  0.000000  0.000000  -28.107338  -1.903769  15.714286  76.481874  17.194201  -4.355484  -37.579896  38.424789  -5.464004  13.776017  115.202772
0.588562  0.000000  0.000000  0.000000  -28.107338  -1.903769  20.000000  76.749841  13.024758  -5.382829  -37.579896  38.424789  -5.464004  13.776017  115.202772
0.588794  0.000000  0.000000  0.000000  -28.107338  -1.903769  24.285714  76.938440  8.851418  -6.376089  -37.579896  38.424789  -5.464004  13.776017  115.202772
0.589025  0.000000  0.000000  0.000000  -28.107338  -1.903769  28.571429  77.052873  4.675518  -7.347024  -37.579896  38.424789  -5.464004  13.776017  115.202772
0.589257  0.000000  0.000000  0.000000  -28.107338  -1.903769  32.857143  77.096200  0.498299  -8.306437  -37.579896  38.424789  -5.464004  13.776017  115.202772
0.589488  0.000000  0.000000  0.000000  -28.107338  -1.903769  37.142857  77.069582  -3.679060  -9.264624  -37.579896  38.424789  -5.464004  13.776017  115.202772
0.589720  0.000000  0.000000  0.000000  -28.107338  -1.903769  41.428571  76.972325  -7.855382  -10.231861  -37.579896  38.424789  -5.464004  13.776017  115.202772
0.589951  0.000000  0.000000  0.000000  -28.107338  -1.903769  45.714286  76.801811  -12.029453  -11.218771  -37.579896  38.424789  -5.464004  13.776017  115.202772
0.590183  0.000000  0.000000  0.000000  -28.107338  -1.903769  50.000000  76.553368  -16.199945  -12.236848  -37.579896  38.424789  -5.464004  13.776017  115.202772
0.590414  0.000000  0.000000  0.000000  -48.549163  -2.379479  -10.000000  73.310821  46.113174  3.241097  -14.551016  49.534952  24.172302  21.097493  118.474148
0.590646  0.000000  0.000000  0.000000  -48.549163  -2.379479  -5.714286  74.462199  41.995474  1.586371  -14.551016  49.534952  24.172302  21.097493  118.474148
0.590878  0.000000  0.000000  0.000000  -48.549163  -2.379479  -1.428571  75.395270  37.856908  0.133533  -14.551016  49.534952  24.172302  21.097493  118.474148
0.591109  0.000000  0.000000  0.000000  -48.549163  -2.379479  2.857143  76.154584  33.702401  -1.164298  -14.551016  49.534952  24.172302  21.097493  118.474148
0.591341  0.000000  0.000000  0.000000  -48.549163  -2.379479  7.142857  76.772494  29.535562  -2.342074  -14.551016  49.534952  24.172302  21.097493  118.474148
0.591572  0.000000  0.000000  0.000000  -48.549163  -2.379479  11.428571  77.272615  25.359174  -3.426348  -14.551016  49.534952  24.172302  21.097493  118.474148
0.591804  0.000000  0.000000  0.000000  -48.549163  -2.379479  15.714286  77.672523  21.175376  -4.438022  -14.551016  49.534952  24.172302  21.097493  118.474148
0.592035  0.000000  0.000000  0.000000  -48.549163  -2.379479  20.000000  77.985215  16.985892  -5.393905  -14.551016  49.534952  24.172302  21.097493  118.474148
0.592267  0.000000  0.000000  0.000000  -48.549163  -2.379479  24.285714  78.220231  12.792147  -6.307924  -14.551016  49.534952  24.172302  21.097493  118.474148
0.592498  0.000000  0.000000  0.000000  -48.549163  -2.379479  28.571429  78.384396  8.595360  -7.192008  -14.551016  49.534952  24.172302  21.097493  118.474148
0.592730  0.000000  0.000000  0.000000  -48.549163  -2.379479  32.857143  78.482290  4.396599  -8.056687  -14.551016  49.534952  24.172302  21.097493  118.474148
0.592961  0.000000  0.000000  0.000000  -48.549163  -2.379479  37.142857  78.516575  0.196861  -8.911656  -14.551016  49.534952  24.172302  21.097493  118.474148
0.593193  0.000000  0.000000  0.000000  -48.549163  -2.379479  41.428571  78.488168  -4.002939  -9.766197  -14.551016  49.534952  24.172302  21.097493  118.474148
0.593424  0.000000  0.000000  0.000000  -48.549163  -2.379479  45.714286  78.396329  -8.201829  -10.629572  -14.551016  49.534952  24.172302  21.097493  118.474148
0.593656  0.000000  0.000000  0.000000  -48.549163  -2.379479  50.000000  78.238546  -12.398851  -11.511397  -14.551016  49.534952  24.172302  21.097493  118.474148
0.593887  0.000000  0.000000  0.000000  -30.831675  1.760162  -10.000000  66.803281  42.185945  10.470968  -13.347254  41.908593  15.629146  25.745457  127.092960
0.594119  0.000000  0.000000  0.000000  -30.831675  1.760162  -5.714286  68.190415  38.225990  8.323599  -13.347254  41.908593  15.629146  25.745457  127.092960
0.594351  0.000000  0.000000  0.000000  -30.831675  1.760162  -1.428571  69.328516  34.230972  6.399188  -13.347254  41.908593  15.629146  25.745457  127.092960
0.594582  0.000000  0.000000  0.000000  -30.831675  1.760162  2.857143  70.261800  30.208627  4.649914  -13.347254  41.908593  15.629146  25.745457  127.092960
0.594814  0.000000  0.000000  0.000000  -30.831675  1.760162  7.142857  71.023426  26.164891  3.038574  -13.347254  41.908593  15.629146  25.745457  127.092960
0.595045  0.000000  0.000000  0.000000  -30.831675  1.760162  11.428571  71.638376  22.104427  1.535610  -13.347254  41.908593  15.629146  25.745457  127.092960
0.595277  0.000000  0.000000  0.000000  -30.831675  1.760162  15.714286  72.125473  18.030988  0.117005  -13.347254  41.908593  15.629146  25.745457  127.092960
0.595508  0.000000  0.000000  0.000000  -30.831675  1.760162  20.000000  72.498765  13.947679  -1.237247  -13.347254  41.908593  15.629146  25.745457  127.092960
0.595740  0.000000  0.000000  0.000000  -30.831675  1.760162  24.285714  72.768514  9.857139  -2.544267  -13.347254  41.908593  15.629146  25.745457  127.092960
0.595971  0.000000  0.000000  0.000000  -30.831675  1.760162  28.571429  72.941872  5.761706  -3.819212  -13.347254  41.908593  15.629146  25.745457  127.092960
0.596203  0.000000  0.000000  0.000000  -30.831675  1.760162  32.857143  73.023296  1.663473  -5.075849  -13.347254  41.908593  15.629146  25.745457  127.092960
0.596434  0.000000  0.000000  0.000000  -30.831675  1.760162  37.142857  73.014859  -2.435555  -6.327268  -13.347254  41.908593  15.629146  25.745457  127.092960
0.596666  0.000000  0.000000  0.000000  -30.831675  1.760162  41.428571  72.916347  -6.533416  -7.586337  -13.347254  41.908593  15.629146  25.745457  127.092960
0.596897  0.000000  0.000000  0.000000  -30.831675  1.760162  45.714286  72.725254  -10.628098  -8.866228  -13.347254  41.908593  15.629146  25.745457  127.092960
0.597129  0.000000  0.000000  0.000000  -30.831675  1.760162  50.000000  72.436631  -14.717457  -10.180949  -13.347254  41.908593  15.629146  25.745457  127.092960
0.597361  0.000000  0.000000  0.000000  -46.874795  8.065655  -10.000000  62.202315  24.667185  6.546555  -9.436639  54.638102  -5.016857  20.227439  129.862257
0.597592  0.000000  0.000000  0.000000  -46.874795  8.065655  -5.714286  63.029887  20.861238  4.409198  -9.436639  54.638102  -5.016857  20.227439  129.862257
0.597824  0.000000  0.000000  0.000000  -46.874795  8.065655  -1.428571  63.689821  17.030067  2.377846  -9.436639  54.638102  -5.016857  20.227439  129.862257
0.598055  0.000000  0.000000  0.000000  -46.874795  8.065655  2.857143  64.198174  13.179549  0.428344  -9.436639  54.638102  -5.016857  20.227439  129.862257
0.598287  0.000000  0.000000  0.000000  -46.874795  8.065655  7.142857  64.566827  9.314760  -1.460555  -9.436639  54.638102  -5.016857  20.227439  129.862257
0.598518  0.000000  0.000000  0.000000  -46.874795  8.065655  11.428571  64.804212  5.440246  -3.308019  -9.436639  54.638102  -5.016857  20.227439  129.862257
0.598750  0.000000  0.000000  0.000000  -46.874795  8.065655  15.714286  64.915632  1.560182  -5.131786  -9.436639  54.638102  -5.016857  20.227439  129.862257
0.598981  0.000000  0.000000  0.000000  -46.874795  8.065655  20.000000  64.903551  -2.321456  -6.948826  -9.436639  54.638102  -5.016857  20.227439  129.862257
0.599213  0.000000  0.000000  0.000000  -46.874795  8.065655  24.285714  64.767708  -6.200750  -8.775885  -9.436639  54.638102  -5.016857  20.227439  129.862257
0.599444  0.000000  0.000000  0.000000  -46.874795  8.065655  28.571429  64.505086  -10.073694  -10.630045  -9.436639  54.638102  -5.016857  20.227439  129.862257
0.599676  0.000000  0.000000  0.000000  -46.874795  8.065655  32.857143  64.109789  -13.936054  -12.529276  -9.436639  54.638102  -5.016857  20.227439  129.862257
0.599907  0.000000  0.000000  0.000000  -46.874795  8.065655  37.142857  63.572784  -17.783206  -14.493067  -9.436639  54.638102  -5.016857  20.227439  129.862257
0.600139  0.000000  0.000000  0.000000  -46.874795  8.065655  41.428571  62.881363  -21.609917  -16.543197  -9.436639  54.638102  -5.016857  20.227439  129.862257
0.600370  0.000000  0.000000  0.000000  -46.874795  8.065655  45.714286  62.018633  -25.410147  -18.704499  -9.436639  54.638102  -5.016857  20.227439  129.862257
0.600602  0.000000  0.000000  0.000000  -46.874795  8.065655  50.000000  60.962618  -29.176728  -21.005957  -9.436639  54.638102  -5.016857  20.227439  129.862257
0.600834  0.000000  0.000000  0.000000  -53.410201  19.819217  -10.000000  54.982211  36.352566  16.921565  -32.417400  48.763003  16.397698  29.124156  117.880799
0.601065  0.000000  0.000000  0.000000  -53.410201  19.819217  -5.714286  56.643045  32.806510  13.997074  -32.417400  48.763003  16.397698  29.124156  117.880799
0.601297  0.000000  0.000000  0.000000  -53.410201  19.819217  -1.428571  58.033585  29.197719  11.299065  -32.417400  48.763003  16.397698  29.124156  117.880799
0.601528  0.000000  0.000000  0.000000  -53.410201  19.819217  2.857143  59.189602  25.538558  8.785977  -32.417400  48.763003  16.397698  29.124156  117.880799
0.601760  0.000000  0.000000  0.000000  -53.410201  19.819217  7.142857  60.139722  21.839058  6.422650  -32.417400  48.763003  16.397698  29.124156  117.880799
0.601991  0.000000  0.000000  0.000000  -53.410201  19.819217  11.428571  60.906541  18.107606  4.179189  -32.417400  48.763003  16.397698  29.124156  117.880799
0.602223  0.000000  0.000000  0.000000  -53.410201  19.819217  15.714286  61.507678  14.351292  2.029700  -32.417400  48.763003  16.397698  29.124156  117.880799
0.602454  0.000000  0.000000  0.000000  -53.410201  19.819217  20.000000  61.956515  10.576257  -0.048611  -32.417400  48.763003  16.397698  29.124156  117.880799
0.602686  0.000000  0.000000  0.000000  -53.410201  19.819217  24.285714  62.262791  6.787952  -2.076257  -32.417400  48.763003  16.397698  29.124156  117.880799
0.602917  0.000000  0.000000  0.000000  -53.410201  19.819217  28.571429  62.433027  2.991358  -4.072165  -32.417400  48.763003  16.397698  29.124156  117.880799
0.603149  0.000000  0.000000  0.000000  -53.410201  19.819217  32.857143  62.470797  -0.808820  -6.054266  -32.417400  48.763003  16.397698  29.124156  117.880799
0.603380  0.000000  0.000000  0.000000  -53.410201  19.819217  37.142857  62.376901  -4.608056  -8.040102  -32.417400  48.763003  16.397698  29.124156  117.880799
0.603612  0.000000  0.000000  0.000000  -53.410201  19.819217  41.428571  62.149363  -8.401705  -10.047288  -32.417400  48.763003  16.397698  29.124156  117.880799
0.603843  0.000000  0.000000  0.000000  -53.410201  19.819217  45.714286  61.783386  -12.184996  -12.094103  -32.417400  48.763003  16.397698  29.124156  117.880799
0.604075  0.000000  0.000000  0.000000  -53.410201  19.819217  50.000000  61.271114  -15.952764  -14.200086  -32.417400  48.763003  16.397698  29.124156  117.880799
0.604307  0.000000  0.000000  0.000000  -49.081876  0.816730  -10.000000  75.779971  46.641178  1.704387  -30.200824  65.495659  7.178626  10.948731  127.183536
0.604538  0.000000  0.000000  0.000000  -49.081876  0.816730  -5.714286  76.781359  42.477471  0.278170  -30.200824  65.495659  7.178626  10.948731  127.183536
0.604770  0.000000  0.000000  0.000000  -49.081876  0.816730  -1.428571  77.590355  38.298294  -0.969502  -30.200824  65.495659  7.178626  10.948731  127.183536
0.605001  0.000000  0.000000  0.000000  -49.081876  0.816730  2.857143  78.247220  34.107348  -2.080858  -30.200824  65.495659  7.178626  10.948731  127.183536
0.605233  0.000000  0.000000  0.000000  -49.081876  0.816730  7.142857  78.780901  29.907334  -3.087042  -30.200824  65.495659  7.178626  10.948731  127.183536
0.605464  0.000000  0.000000  0.000000  -49.081876  0.816730  11.428571  79.212454  25.700307  -4.011597  -30.200824  65.495659  7.178626  10.948731  127.183536
0.605696  0.000000  0.000000  0.000000  -49.081876  0.816730  15.714286  79.557413  21.487853  -4.872871  -30.200824  65.495659  7.178626  10.948731  127.183536
0.605927  0.000000  0.000000  0.000000  -49.081876  0.816730  20.000000  79.827300  17.271226  -5.685623  -30.200824  65.495659  7.178626  10.948731  127.183536
0.606159  0.000000  0.000000  0.000000  -49.081876  0.816730  24.285714  80.030471  13.051481  -6.461917  -30.200824  65.495659  7.178626  10.948731  127.183536
0.606390  0.000000  0.000000  0.000000  -49.081876  0.816730  28.571429  80.172947  8.829501  -7.212101  -30.200824  65.495659  7.178626  10.948731  127.183536
0.606622  0.000000  0.000000  0.000000  -49.081876  0.816730  32.857143  80.258774  4.606065  -7.945271  -30.200824  65.495659  7.178626  10.948731  127.183536
0.606853  0.000000  0.000000  0.000000  -49.081876  0.816730  37.142857  80.290320  0.381885  -8.669768  -30.200824  65.495659  7.178626  10.948731  127.183536
0.607085  0.000000  0.000000  0.000000  -49.081876  0.816730  41.428571  80.268446  -3.842354  -9.393550  -30.200824  65.495659  7.178626  10.948731  127.183536
0.607317  0.000000  0.000000  0.000000  -49.081876  0.816730  45.714286  80.192567  -8.065973  -10.124556  -30.200824  65.495659  7.178626  10.948731  127.183536
0.607548  0.000000  0.000000  0.000000  -49.081876  0.816730  50.000000  80.060585  -12.288274  -10.871010  -30.200824  65.495659  7.178626  10.948731  127.183536
0.607780  0.000000  0.000000  0.000000  -34.451992  8.412751  -10.000000  60.769634  44.011529  13.629650  -35.188062  64.314049  5.158686  21.182565  125.283520
0.608011  0.000000  0.000000  0.000000  -34.451992  8.412751  -5.714286  62.608658  40.237569  10.889637  -35.188062  64.314049  5.158686  21.182565  125.283520
0.608243  0.000000  0.000000  0.000000  -34.451992  8.412751  -1.428571  64.127801  36.405844  8.441324  -35.188062  64.314049  5.158686  21.182565  125.283520
0.608474  0.000000  0.000000  0.000000  -34.451992  8.412751  2.857143  65.383075  32.528867  6.224738  -35.188062  64.314049  5.158686  21.182565  125.283520
0.608706  0.000000  0.000000  0.000000  -34.451992  8.412751  7.142857  66.417370  28.616255  4.192577  -35.188062  64.314049  5.158686  21.182565  125.283520
0.608937  0.000000  0.000000  0.000000  -34.451992  8.412751  11.428571  67.263519  24.675518  2.307112  -35.188062  64.314049  5.158686  21.182565  125.283520
0.609169  0.000000  0.000000  0.000000  -34.451992  8.412751  15.714286  67.946659  20.712693  0.537626  -35.188062  64.314049  5.158686  21.182565  125.283520
0.609400  0.000000  0.000000  0.000000  -34.451992  8.412751  20.000000  68.485951  16.732714  -1.141348  -35.188062  64.314049  5.158686  21.182565  125.283520
0.609632  0.000000  0.000000  0.000000  -34.451992  8.412751  24.285714  68.895781  12.739730  -2.751427  -35.188062  64.314049  5.158686  21.182565  125.283520
0.609863  0.000000  0.000000  0.000000  -34.451992  8.412751  28.571429  69.186647  8.737316  -4.311423  -35.188062  64.314049  5.158686  21.182565  125.283520
0.610095  0.000000  0.000000  0.000000  -34.451992  8.412751  32.857143  69.365778  4.728657  -5.838197  -35.188062  64.314049  5.158686  21.182565  125.283520
0.610326  0.000000  0.000000  0.000000  -34.451992  8.412751  37.142857  69.437504  0.716699  -7.347372  -35.188062  64.314049  5.158686  21.182565  125.283520
0.610558  0.000000  0.000000  0.000000  -34.451992  8.412751  41.428571  69.403578  -3.295758  -8.853901  -35.188062  64.314049  5.158686  21.182565  125.283520
0.610790  0.000000  0.000000  0.000000  -34.451992  8.412751  45.714286  69.263175  -7.305916  -10.372647  -35.188062  64.314049  5.158686  21.182565  125.283520
0.611021  0.000000  0.000000  0.000000  -34.451992  8.412751  50.000000  69.012902  -11.310911  -11.918914  -35.188062  64.314049  5.158686  21.182565  125.283520
0.611253  0.000000  0.000000  0.000000  -52.231653  -2.971220  -10.000000  71.521162  46.997053  1.200335  -41.660195  51.126844  -6.417809  29.402679  115.501962
0.611484  0.000000  0.000000  0.000000  -52.231653  -2.971220  -5.714286  72.831618  42.916593  -0.653079  -41.660195  51.126844  -6.417809  29.402679  115.501962
0.611716  0.000000  0.000000  0.000000  -52.231653  -2.971220  -1.428571  73.893659  38.809964  -2.275254  -41.660195  51.126844  -6.417809  29.402679  115.501962
0.611947  0.000000  0.000000  0.000000  -52.231653  -2.971220  2.857143  74.758548  34.683361  -3.719906  -41.660195  51.126844  -6.417809  29.402679  115.501962
0.612179  0.000000  0.000000  0.000000  -52.231653  -2.971220  7.142857  75.463490  30.541324  -5.026974  -41.660195  51.126844  -6.417809  29.402679  115.501962
0.612410  0.000000  0.000000  0.000000  -52.231653  -2.971220  11.428571  76.035711  26.387316  -6.226755  -41.660195  51.126844  -6.417809  29.402679  115.501962
0.612642  0.000000  0.000000  0.000000  -52.231653  -2.971220  15.714286  76.495476  22.224002  -7.342996  -41.660195  51.126844  -6.417809  29.402679  115.501962
0.612873  0.000000  0.000000  0.000000  -52.231653  -2.971220  20.000000  76.857822  18.053512  -8.394704  -41.660195  51.126844  -6.417809  29.402679  115.501962
0.613105  0.000000  0.000000  0.000000  -52.231653  -2.971220  24.285714  77.133851  13.877596  -9.397544  -41.660195  51.126844  -6.417809  29.402679  115.501962
0.613336  0.000000  0.000000  0.000000  -52.231653  -2.971220  28.571429  77.331597  9.697746  -10.364850  -41.660195  51.126844  -6.417809  29.402679  115.501962
0.613568  0.000000  0.000000  0.000000  -52.231653  -2.971220  32.857143  77.456563  5.515247  -11.308277  -41.660195  51.126844  -6.417809  29.402679  115.501962
0.613799  0.000000  0.000000  0.000000  -52.231653  -2.971220  37.142857  77.512149  1.331281  -12.238475  -41.660195  51.126844  -6.417809  29.402679  115.501962
0.614031  0.000000  0.000000  0.000000  -52.231653  -2.971220  41.428571  77.499827  -2.853033  -13.165509  -41.660195  51.126844  -6.417809  29.402679  115.501962
0.614263  0.000000  0.000000  0.000000  -52.231653  -2.971220  45.714286  77.419278  -7.036593  -14.099331  -41.660195  51.126844  -6.417809  29.402679  115.501962
0.614494  0.000000  0.000000  0.000000  -52.231653  -2.971220  50.000000  77.268344  -11.218272  -15.050162  -41.660195  51.126844  -6.417809  29.402679  115.501962
0.614726  0.000000  0.000000  0.000000  -35.796963  3.323916  -10.000000  65.801148  34.093413  4.001933  -20.371129  51.661742  -8.609040  25.422348  114.001738
0.614957  0.000000  0.000000  0.000000  -35.796963  3.323916  -5.714286  66.881765  30.167428  1.971462  -20.371129  51.661742  -8.609040  25.422348  114.001738
0.615189  0.000000  0.000000  0.000000  -35.796963  3.323916  -1.428571  67.767705  26.212589  0.097296  -20.371129  51.661742  -8.609040  25.422348  114.001738
0.615420  0.000000  0.000000  0.000000  -35.796963  3.323916  2.857143  68.486402  22.235060  -1.653162  -20.371129  51.661742  -8.609040  25.422348  114.001738
0.615652  0.000000  0.000000  0.000000  -35.796963  3.323916  7.142857  69.058749  18.239835  -3.306663  -20.371129  51.661742  -8.609040  25.422348  114.001738
0.615883  0.000000  0.000000  0.000000  -35.796963  3.323916  11.428571  69.500505  14.231065  -4.885641  -20.371129  51.661742  -8.609040  25.422348  114.001738
0.616115  0.000000  0.000000  0.000000  -35.796963  3.323916  15.714286  69.823298  10.212289  -6.409413  -20.371129  51.661742  -8.609040  25.422348  114.001738
0.616346  0.000000  0.000000  0.000000  -35.796963  3.323916  20.000000  70.035321  6.186615  -7.895062  -20.371129  51.661742  -8.609040  25.422348  114.001738
0.616578  0.000000  0.000000  0.000000  -35.796963  3.323916  24.285714  70.141827  2.156883  -9.358215  -20.371129  51.661742  -8.609040  25.422348  114.001738
0.616809  0.000000  0.000000  0.000000  -35.796963  3.323916  28.571429  70.145424  -1.874249  -10.813620  -20.371129  51.661742  -8.609040  25.422348  114.001738
0.617041  0.000000  0.000000  0.000000  -35.796963  3.323916  32.857143  70.046185  -5.904168  -12.275751  -20.371129  51.661742  -8.609040  25.422348  114.001738
0.617273  0.000000  0.000000  0.000000  -35.796963  3.323916  37.142857  69.841688  -9.930209  -13.759343  -20.371129  51.661742  -8.609040  25.422348  114.001738
0.617504  0.000000  0.000000  0.000000  -35.796963  3.323916  41.428571  69.526903  -13.949571  -15.279893  -20.371129  51.661742  -8.609040  25.422348  114.001738
0.617736  0.000000  0.000000  0.000000  -35.796963  3.323916  45.714286  69.093825  -17.959153  -16.854403  -20.371129  51.661742  -8.609040  25.422348  114.001738
0.617967  0.000000  0.000000  0.000000  -35.796963  3.323916  50.000000  68.531094  -21.955450  -18.501992  -20.371129  51.661742  -8.609040  25.422348  114.001738
0.618199  0.000000  0.000000  0.000000  -40.956876  11.701886  -10.000000  54.397139  28.217405  8.749695  -42.356606  39.380220  20.606824  25.699701  111.397958
0.618430  0.000000  0.000000  0.000000  -40.956876  11.701886  -5.714286  55.620999  24.705626  6.004834  -42.356606  39.380220  20.606824  25.699701  111.397958
0.618662  0.000000  0.000000  0.000000  -40.956876  11.701886  -1.428571  56.631793  21.146675  3.411649  -42.356606  39.380220  20.606824  25.699701  111.397958
0.618893  0.000000  0.000000  0.000000  -40.956876  11.701886  2.857143  57.450913  17.550098  0.940885  -42.356606  39.380220  20.606824  25.699701  111.397958
0.619125  0.000000  0.000000  0.000000  -40.956876  11.701886  7.142857  58.095209  13.924094  -1.433185  -42.356606  39.380220  20.606824  25.699701  111.397958
0.619356  0.000000  0.000000  0.000000  -40.956876  11.701886  11.428571  58.577732  10.275828  -3.733620  -42.356606  39.380220  20.606824  25.699701  111.397958
0.619588  0.000000  0.000000  0.000000  -40.956876  11.701886  15.714286  58.908007  6.611719  -5.981374  -42.356606  39.380220  20.606824  25.699701  111.397958
0.619819  0.000000  0.000000  0.000000  -40.956876  11.701886  20.000000  59.092448  2.937683  -8.195979  -42.356606  39.380220  20.606824  25.699701  111.397958
0.620051  0.000000  0.000000  0.000000  -40.956876  11.701886  24.285714  59.134661  -0.740713  -10.396026  -42.356606  39.380220  20.606824  25.699701  111.397958
0.620282  0.000000  0.000000  0.000000  -40.956876  11.701886  28.571429  59.035415  -4.418016  -12.599728  -42.356606  39.380220  20.606824  25.699701  111.397958
0.620514  0.000000  0.000000  0.000000  -40.956876  11.701886  32.857143  58.792835  -8.088738  -14.825410  -42.356606  39.380220  20.606824  25.699701  111.397958
0.620746  0.000000  0.000000  0.000000  -40.956876  11.701886  37.142857  58.402201  -11.747202  -17.091962  -42.356606  39.380220  20.606824  25.699701  111.397958
0.620977  0.000000  0.000000  0.000000  -40.956876  11.701886  41.428571  57.855877  -15.387315  -19.419423  -42.356606  39.380220  20.606824  25.699701  111.397958
0.621209  0.000000  0.000000  0.000000  -40.956876  11.701886  45.714286  57.142930  -19.002381  -21.829532  -42.356606  39.380220  20.606824  25.699701  111.397958
0.621440  0.000000  0.000000  0.000000  -40.956876  11.701886  50.000000  56.248904  -22.584859  -24.346311  -42.356606  39.380220  20.606824  25.699701  111.397958
0.621672  0.000000  0.000000  0.000000  -29.663528  16.460665  -10.000000  53.638623  35.377504  21.565684  -30.973754  45.008635  -1.185101  25.538997  123.967121
0.621903  0.000000  0.000000  0.000000  -29.663528  16.460665  -5.714286  55.296358  31.888936  18.574562  -30.973754  45.008635  -1.185101  25.538997  123.967121
0.622135  0.000000  0.000000  0.000000  -29.663528  16.460665  -1.428571  56.687244  28.335481  15.803925  -30.973754  45.008635  -1.185101  25.538997  123.967121
0.622366  0.000000  0.000000  0.000000  -29.663528  16.460665  2.857143  57.844888  24.729703  13.214052  -30.973754  45.008635  -1.185101  25.538997  123.967121
0.622598  0.000000  0.000000  0.000000  -29.663528  16.460665  7.142857  58.796352  21.081964  10.771053  -30.973754  45.008635  -1.185101  25.538997  123.967121
0.622829  0.000000  0.000000  0.000000  -29.663528  16.460665  11.428571  59.563141  17.400951  8.445752  -30.973754  45.008635  -1.185101  25.538997  123.967121
0.623061  0.000000  0.000000  0.000000  -29.663528  16.460665  15.714286  60.162080  13.694077  6.212653  -30.973754  45.008635  -1.185101  25.538997  123.967121
0.623292  0.000000  0.000000  0.000000  -29.663528  16.460665  20.000000  60.605942  9.967809  4.049127  -30.973754  45.008635  -1.185101  25.538997  123.967121
0.623524  0.000000  0.000000  0.000000  -29.663528  16.460665  24.285714  60.903988  6.227930  1.934646  -30.973754  45.008635  -1.185101  25.538997  123.967121
0.623755  0.000000  0.000000  0.000000  -29.663528  16.460665  28.571429  61.062327  2.479757  -0.149853  -30.973754  45.008635  -1.185101  25.538997  123.967121
0.623987  0.000000  0.000000  0.000000  -29.663528  16.460665  32.857143  61.084202  -1.271677  -2.222561  -30.973754  45.008635  -1.185101  25.538997  123.967121
0.624219  0.000000  0.000000  0.000000  -29.663528  16.460665  37.142857  60.970026  -5.021442  -4.301306  -30.973754  45.008635  -1.185101  25.538997  123.967121
0.624450  0.000000  0.000000  0.000000  -29.663528  16.460665  41.428571  60.717492  -8.764552  -6.404113  -30.973754  45.008635  -1.185101  25.538997  123.967121
0.624682  0.000000  0.000000  0.000000  -29.663528  16.460665  45.714286  60.321449  -12.495812  -8.549677  -30.973754  45.008635  -1.185101  25.538997  123.967121
0.624913  0.000000  0.000000  0.000000  -29.663528  16.460665  50.000000  59.773672  -16.209601  -10.758012  -30.973754  45.008635  -1.185101  25.538997  123.967121
0.625145  0.000000  0.000000  0.000000  -37.330620  1.834658  -10.000000  75.303650  45.947337  7.537298  -31.256381  50.002732  7.695563  20.630332  112.848221
0.625376  0.000000  0.000000  0.000000  -37.330620  1.834658  -5.714286  76.314148  41.792130  6.080190  -31.256381  50.002732  7.695563  20.630332  112.848221
0.625608  0.000000  0.000000  0.000000  -37.330620  1.834658  -1.428571  77.131865  37.620760  4.801096  -31.256381  50.002732  7.695563  20.630332  112.848221
0.625839  0.000000  0.000000  0.000000  -37.330620  1.834658  2.857143  77.796388  33.437058  3.658336  -31.256381  50.002732  7.695563  20.630332  112.848221
0.626071  0.000000  0.000000  0.000000  -37.330620  1.834658  7.142857  78.336333  29.243831  2.620960  -31.256381  50.002732  7.695563  20.630332  112.848221
0.626302  0.000000  0.000000  0.000000  -37.330620  1.834658  11.428571  78.772547  25.043237  1.665475  -31.256381  50.002732  7.695563  20.630332  112.848221
0.626534  0.000000  0.000000  0.000000  -37.330620  1.834658  15.714286  79.120484  20.836948  0.773426  -31.256381  50.002732  7.695563  20.630332  112.848221
0.626765  0.000000  0.000000  0.000000  -37.330620  1.834658  20.000000  79.391523  16.626271  -0.070011  -31.256381  50.002732  7.695563  20.630332  112.848221
0.626997  0.000000  0.000000  0.000000  -37.330620  1.834658  24.285714  79.594019  12.412348  -0.877153  -31.256381  50.002732  7.695563  20.630332  112.848221
0.627229  0.000000  0.000000  0.000000  -37.330620  1.834658  28.571429  79.733886  8.196115  -1.658533  -31.256381  50.002732  7.695563  20.630332  112.848221
0.627460  0.000000  0.000000  0.000000  -37.330620  1.834658  32.857143  79.815047  3.978411  -2.423481  -31.256381  50.002732  7.695563  20.630332  112.848221
0.627692  0.000000  0.000000  0.000000  -37.330620  1.834658  37.142857  79.839774  -0.239999  -3.180635  -31.256381  50.002732  7.695563  20.630332  112.848221
0.627923  0.000000  0.000000  0.000000  -37.330620  1.834658  41.428571  79.808698  -4.458358  -3.938252  -31.256381  50.002732  7.695563  20.630332  112.848221
0.628155  0.000000  0.000000  0.000000  -37.330620  1.834658  45.714286  79.720983  -8.675933  -4.704643  -31.256381  50.002732  7.695563  20.630332  112.848221
0.628386  0.000000  0.000000  0.000000  -37.330620  1.834658  50.000000  79.574230  -12.891952  -5.488453  -31.256381  50.002732  7.695563  20.630332  112.848221
0.628618  0.000000  0.000000  0.000000  -42.720891  16.035139  -10.000000  53.178224  37.582567  16.669413  -2.492788  44.485472  15.383729  12.844561  111.492523
0.628849  0.000000  0.000000  0.000000  -42.720891  16.035139  -5.714286  54.995277  34.110554  13.568535  -2.492788  44.485472  15.383729  12.844561  111.492523
0.629081  0.000000  0.000000  0.000000  -42.720891  16.035139  -1.428571  56.522776  30.566812  10.714769  -2.492788  44.485472  15.383729  12.844561  111.492523
0.629312  0.000000  0.000000  0.000000  -42.720891  16.035139  2.857143  57.799264  26.965248  8.063910  -2.492788  44.485472  15.383729  12.844561  111.492523
0.629544  0.000000  0.000000  0.000000  -42.720891  16.035139  7.142857  58.855853  23.317208  5.578529  -2.492788  44.485472  15.383729  12.844561  111.492523
0.629775  0.000000  0.000000  0.000000  -42.720891  16.035139  11.428571  59.717367  19.632085  3.226728  -2.492788  44.485472  15.383729  12.844561  111.492523
0.630007  0.000000  0.000000  0.000000  -42.720891  16.035139  15.714286  60.403404  15.917792  0.980937  -2.492788  44.485472  15.383729  12.844561  111.492523
0.630238  0.000000  0.000000  0.000000  -42.720891  16.035139  20.000000  60.929055  12.181134  -1.182986  -2.492788  44.485472  15.383729  12.844561  111.492523
0.630470  0.000000  0.000000  0.000000  -42.720891  16.035139  24.285714  61.305600  8.428089  -3.286626  -2.492788  44.485472  15.383729  12.844561  111.492523
0.630702  0.000000  0.000000  0.000000  -42.720891  16.035139  28.571429  61.540957  4.664056  -5.349714  -2.492788  44.485472  15.383729  12.844561  111.492523
0.630933  0.000000  0.000000  0.000000  -42.720891  16.035139  32.857143  61.639973  0.894079  -7.390768  -2.492788  44.485472  15.383729  12.844561  111.492523
0.631165  0.000000  0.000000  0.000000  -42.720891  16.035139  37.142857  61.604703  -2.877033  -9.427622  -2.492788  44.485472  15.383729  12.844561  111.492523
0.631396  0.000000  0.000000  0.000000  -42.720891  16.035139  41.428571  61.434422  -6.644495  -11.478011  -2.492788  44.485472  15.383729  12.844561  111.492523
0.631628  0.000000  0.000000  0.000000  -42.720891  16.035139  45.714286  61.125617  -10.403392  -13.560052  -2.492788  44.485472  15.383729  12.844561  111.492523
0.631859  0.000000  0.000000  0.000000  -42.720891  16.035139  50.000000  60.671853  -14.148527  -15.692830  -2.492788  44.485472  15.383729  12.844561  111.492523
0.632091  0.000000  0.000000  0.000000  -42.231233  7.306878  -10.000000  58.980339  45.012254  9.837644  -39.906139  36.279875  1.231908  12.784021  126.867207
0.632322  0.000000  0.000000  0.000000  -42.231233  7.306878  -5.714286  60.991437  41.300240  6.899286  -39.906139  36.279875  1.231908  12.784021  126.867207
0.632554  0.000000  0.000000  0.000000  -42.231233  7.306878  -1.428571  62.655187  37.521611  4.280399  -39.906139  36.279875  1.231908  12.784021  126.867207
0.632785  0.000000  0.000000  0.000000  -42.231233  7.306878  2.857143  64.032705  33.690765  1.915929  -39.906139  36.279875  1.231908  12.784021  126.867207
0.633017  0.000000  0.000000  0.000000  -42.231233  7.306878  7.142857  65.170958  29.818753  -0.245467  -39.906139  36.279875  1.231908  12.784021  126.867207
0.633248  0.000000  0.000000  0.000000  -42.231233  7.306878  11.428571  66.106095  25.914188  -2.244808  -39.906139  36.279875  1.231908  12.784021  126.867207
0.633480  0.000000  0.000000  0.000000  -42.231233  7.306878  15.714286  66.865922  21.983969  -4.115415  -39.906139  36.279875  1.231908  12.784021  126.867207
0.633712  0.000000  0.000000  0.000000  -42.231233  7.306878  20.000000  67.471755  18.033697  -5.884824  -39.906139  36.279875  1.231908  12.784021  126.867207
0.633943  0.000000  0.000000  0.000000  -42.231233  7.306878  24.285714  67.939743  14.068051  -7.576289  -39.906139  36.279875  1.231908  12.784021  126.867207
0.634175  0.000000  0.000000  0.000000  -42.231233  7.306878  28.571429  68.281843  10.091034  -9.209919  -39.906139  36.279875  1.231908  12.784021  126.867207
0.634406  0.000000  0.000000  0.000000  -42.231233  7.306878  32.857143  68.506498  6.106179  -10.803570  -39.906139  36.279875  1.231908  12.784021  126.867207
0.634638  0.000000  0.000000  0.000000  -42.231233  7.306878  37.142857  68.619129  2.116700  -12.373642  -39.906139  36.279875  1.231908  12.784021  126.867207
0.634869  0.000000  0.000000  0.000000  -42.231233  7.306878  41.428571  68.622452  -1.874350  -13.935637  -39.906139  36.279875  1.231908  12.784021  126.867207
0.635101  0.000000  0.000000  0.000000  -42.231233  7.306878  45.714286  68.516494  -5.864005  -15.504783  -39.906139  36.279875  1.231908  12.784021  126.867207
0.635332  0.000000  0.000000  0.000000  -42.231233  7.306878  50.000000  68.298763  -9.849229  -17.096553  -39.906139  36.279875  1.231908  12.784021  126.867207
0.635564  0.000000  0.000000  0.000000  -51.588332  10.064930  -10.000000  59.489011  23.104965  5.332289  -17.623504  52.400746  23.662958  24.718453  122.672867
0.635795  0.000000  0.000000  0.000000  -51.588332  10.064930  -5.714286  60.325090  19.396375  3.027020  -17.623504  52.400746  23.662958  24.718453  122.672867
0.636027  0.000000  0.000000  0.000000  -51.588332  10.064930  -1.428571  60.988711  15.660030  0.824970  -17.623504  52.400746  23.662958  24.718453  122.672867
0.636258  0.000000  0.000000  0.000000  -51.588332  10.064930  2.857143  61.494699  11.902489  -1.297694  -17.623504  52.400746  23.662958  24.718453  122.672867
0.636490  0.000000  0.000000  0.000000  -51.588332  10.064930  7.142857  61.854011  8.129509  -3.362290  -17.623504  52.400746  23.662958  24.718453  122.672867
0.636721  0.000000  0.000000  0.000000  -51.588332  10.064930  11.428571  62.074292  4.346314  -5.388312  -17.623504  52.400746  23.662958  24.718453  122.672867
0.636953  0.000000  0.000000  0.000000  -51.588332  10.064930  15.714286  62.160164  0.557755  -7.394057  -17.623504  52.400746  23.662958  24.718453  122.672867
0.637185  0.000000  0.000000  0.000000  -51.588332  10.064930  20.000000  62.113398  -3.231484  -9.397219  -17.623504  52.400746  23.662958  24.718453  122.672867
0.637416  0.000000  0.000000  0.000000  -51.588332  10.064930  24.285714  61.933030  -7.016753  -11.415407  -17.623504  52.400746  23.662958  24.718453  122.672867
0.637648  0.000000  0.000000  0.000000  -51.588332  10.064930  28.571429  61.615284  -10.793259  -13.466702  -17.623504  52.400746  23.662958  24.718453  122.672867
0.637879  0.000000  0.000000  0.000000  -51.588332  10.064930  32.857143  61.153460  -14.555917  -15.570147  -17.623504  52.400746  23.662958  24.718453  122.672867
0.638111  0.000000  0.000000  0.000000  -51.588332  10.064930  37.142857  60.537609  -18.299143  -17.746476  -17.623504  52.400746  23.662958  24.718453  122.672867
0.638342  0.000000  0.000000  0.000000  -51.588332  10.064930  41.428571  59.754067  -22.016639  -20.018707  -17.623504  52.400746  23.662958  24.718453  122.672867
0.638574  0.000000  0.000000  0.000000  -51.588332  10.064930  45.714286  58.785009  -25.701137  -22.412958  -17.623504  52.400746  23.662958  24.718453  122.672867
0.638805  0.000000  0.000000  0.000000  -51.588332  10.064930  50.000000  57.607546  -29.344050  -24.959424  -17.623504  52.400746  23.662958  24.718453  122.672867
0.639037  0.000000  0.000000  0.000000  -45.589408  9.542774  -10.000000  60.285581  46.705455  16.674371  -33.136013  60.010408  -10.880115  12.085904  114.169688
0.639268  0.000000  0.000000  0.000000  -45.589408  9.542774  -5.714286  62.331655  42.944951  13.773781  -33.136013  60.010408  -10.880115  12.085904  114.169688
0.639500  0.000000  0.000000  0.000000  -45.589408  9.542774  -1.428571  64.015709  39.119690  11.210210  -33.136013  60.010408  -10.880115  12.085904  114.169688
0.639731  0.000000  0.000000  0.000000  -45.589408  9.542774  2.857143  65.405154  35.244103  8.912638  -33.136013  60.010408  -10.880115  12.085904  114.169688
0.639963  0.000000  0.000000  0.000000  -45.589408  9.542774  7.142857  66.551141  31.329083  6.825943  -33.136013  60.010408  -10.880115  12.085904  114.169688
0.640194  0.000000  0.000000  0.000000  -45.589408  9.542774  11.428571  67.492621  27.383003  4.906761  -33.136013  60.010408  -10.880115  12.085904  114.169688
0.640426  0.000000  0.000000  0.000000  -45.589408  9.542774  15.714286  68.259313  23.412490  3.120367  -33.136013  60.010408  -10.880115  12.085904  114.169688
0.640658  0.000000  0.000000  0.000000  -45.589408  9.542774  20.000000  68.873903  19.422857  1.438445  -33.136013  60.010408  -10.880115  12.085904  114.169688
0.640889  0.000000  0.000000  0.000000  -45.589408  9.542774  24.285714  69.353555  15.418485  -0.162603  -33.136013  60.010408  -10.880115  12.085904  114.169688
0.641121  0.000000  0.000000  0.000000  -45.589408  9.542774  28.571429  69.711047  11.403081  -1.702932  -33.136013  60.010408  -10.880115  12.085904  114.169688
0.641352  0.000000  0.000000  0.000000  -45.589408  9.542774  32.857143  69.955533  7.379878  -3.200206  -33.136013  60.010408  -10.880115  12.085904  114.169688
0.641584  0.000000  0.000000  0.000000  -45.589408  9.542774  37.142857  70.093113  3.351779  -4.670436  -33.136013  60.010408  -10.880115  12.085904  114.169688
0.641815  0.000000  0.000000  0.000000  -45.589408  9.542774  41.428571  70.127150  -0.678501  -6.128590  -33.136013  60.010408  -10.880115  12.085904  114.169688
0.642047  0.000000  0.000000  0.000000  -45.589408  9.542774  45.714286  70.058467  -4.708343  -7.589178  -33.136013  60.010408  -10.880115  12.085904  114.169688
0.642278  0.000000  0.000000  0.000000  -45.589408  9.542774  50.000000  69.885399  -8.735103  -9.066806  -33.136013  60.010408  -10.880115  12.085904  114.169688
0.642510  0.000000  0.000000  0.000000  -48.502992  4.722232  -10.000000  57.751275  23.130030  1.683005  -35.106297  32.543518  15.942451  13.240847  120.482936
0.642741  0.000000  0.000000  0.000000  -48.502992  4.722232  -5.714286  58.632793  19.487367  -0.741256  -35.106297  32.543518  15.942451  13.240847  120.482936
0.642973  0.000000  0.000000  0.000000  -48.502992  4.722232  -1.428571  59.335799  15.813876  -3.058285  -35.106297  32.543518  15.942451  13.240847  120.482936
0.643204  0.000000  0.000000  0.000000  -48.502992  4.722232  2.857143  59.875283  12.116696  -5.292307  -35.106297  32.543518  15.942451  13.240847  120.482936
0.643436  0.000000  0.000000  0.000000  -48.502992  4.722232  7.142857  60.262510  8.402131  -7.465066  -35.106297  32.543518  15.942451  13.240847  120.482936
0.643668  0.000000  0.000000  0.000000  -48.502992  4.722232  11.428571  60.505388  4.675889  -9.596502  -35.106297  32.543518  15.942451  13.240847  120.482936
0.643899  0.000000  0.000000  0.000000  -48.502992  4.722232  15.714286  60.608829  0.943266  -11.705330  -35.106297  32.543518  15.942451  13.240847  120.482936
0.644131  0.000000  0.000000  0.000000  -48.502992  4.722232  20.000000  60.574884  -2.790627  -13.809635  -35.106297  32.543518  15.942451  13.240847  120.482936
0.644362  0.000000  0.000000  0.000000  -48.502992  4.722232  24.285714  60.402883  -6.520740  -15.927361  -35.106297  32.543518  15.942451  13.240847  120.482936
0.644594  0.000000  0.000000  0.000000  -48.502992  4.722232  28.571429  60.089365  -10.241886  -18.076851  -35.106297  32.543518  15.942451  13.240847  120.482936
0.644825  0.000000  0.000000  0.000000  -48.502992  4.722232  32.857143  59.627983  -13.948592  -20.277328  -35.106297  32.543518  15.942451  13.240847  120.482936
0.645057  0.000000  0.000000  0.000000  -48.502992  4.722232  37.142857  59.009243  -17.634887  -22.549556  -35.106297  32.543518  15.942451  13.240847  120.482936
0.645288  0.000000  0.000000  0.000000  -48.502992  4.722232  41.428571  58.220030  -21.294083  -24.916436  -35.106297  32.543518  15.942451  13.240847  120.482936
0.645520  0.000000  0.000000  0.000000  -48.502992  4.722232  45.714286  57.243318  -24.918513  -27.403693  -35.106297  32.543518  15.942451  13.240847  120.482936
0.645751  0.000000  0.000000  0.000000  -48.502992  4.722232  50.000000  56.057316  -28.499198  -30.040786  -35.106297  32.543518  15.942451  13.240847  120.482936
0.645983  0.000000  0.000000  0.000000  -48.103761  5.755210  -10.000000  56.943885  17.032204  1.383981  -37.554432  42.551429  5.162942  28.964757  114.810662
0.646214  0.000000  0.000000  0.000000  -48.103761  5.755210  -5.714286  57.575214  13.426818  -1.017858  -37.554432  42.551429  5.162942  28.964757  114.810662
0.646446  0.000000  0.000000  0.000000  -48.103761  5.755210  -1.428571  58.044628  9.799364  -3.348301  -37.554432  42.551429  5.162942  28.964757  114.810662
0.646677  0.000000  0.000000  0.000000  -48.103761  5.755210  2.857143  58.361264  6.156371  -5.628199  -37.554432  42.551429  5.162942  28.964757  114.810662
0.646909  0.000000  0.000000  0.000000  -48.103761  5.755210  7.142857  58.531158  2.503832  -7.876948  -37.554432  42.551429  5.162942  28.964757  114.810662
0.647141  0.000000  0.000000  0.000000  -48.103761  5.755210  11.428571  58.557545  -1.152535  -10.113174  -37.554432  42.551429  5.162942  28.964757  114.810662
0.647372  0.000000  0.000000  0.000000  -48.103761  5.755210  15.714286  58.440924  -4.807144  -12.355155  -37.554432  42.551429  5.162942  28.964757  114.810662
0.647604  0.000000  0.000000  0.000000  -48.103761  5.755210  20.000000  58.179082  -8.454350  -14.621320  -37.554432  42.551429  5.162942  28.964757  114.810662
0.647835  0.000000  0.000000  0.000000  -48.103761  5.755210  24.285714  57.767031  -12.088275  -16.930742  -37.554432  42.551429  5.162942  28.964757  114.810662
0.648067  0.000000  0.000000  0.000000  -48.103761  5.755210  28.571429  57.196808  -15.702612  -19.303667  -37.554432  42.551429  5.162942  28.964757  114.810662
0.648298  0.000000  0.000000  0.000000  -48.103761  5.755210  32.857143  56.457236  -19.290427  -21.762046  -37.554432  42.551429  5.162942  28.964757  114.810662
0.648530  0.000000  0.000000  0.000000  -48.103761  5.755210  37.142857  55.533515  -22.843886  -24.330169  -37.554432  42.551429  5.162942  28.964757  114.810662
0.648761  0.000000  0.000000  0.000000  -48.103761  5.755210  41.428571  54.406746  -26.353965  -27.035351  -37.554432  42.551429  5.162942  28.964757  114.810662
0.648993  0.000000  0.000000  0.000000  -48.103761  5.755210  45.714286  53.053336  -29.810077  -29.908678  -37.554432  42.551429  5.162942  28.964757  114.810662
0.649224  0.000000  0.000000  0.000000  -48.103761  5.755210  50.000000  51.444324  -33.199618  -32.985823  -37.554432  42.551429  5.162942  28.964757  114.810662
0.649456  0.000000  0.000000  0.000000  -25.070384  15.841130  -10.000000  52.537075  20.799702  11.379041  -5.524333  57.524247  12.428189  21.224704  126.483011
0.649687  0.000000  0.000000  0.000000  -25.070384  15.841130  -5.714286  53.430381  17.377023  8.649117  -5.524333  57.524247  12.428189  21.224704  126.483011
0.649919  0.000000  0.000000  0.000000  -25.070384  15.841130  -1.428571  54.139955  13.918646  6.019975  -5.524333  57.524247  12.428189  21.224704  126.483011
0.650150  0.000000  0.000000  0.000000  -25.070384  15.841130  2.857143  54.678388  10.432941  3.468711  -5.524333  57.524247  12.428189  21.224704  126.483011
0.650382  0.000000  0.000000  0.000000  -25.070384  15.841130  7.142857  55.055096  6.927456  0.974177  -5.524333  57.524247  12.428189  21.224704  126.483011
0.650614  0.000000  0.000000  0.000000  -25.070384  15.841130  11.428571  55.276620  3.409162  -1.483444  -5.524333  57.524247  12.428189  21.224704  126.483011
0.650845  0.000000  0.000000  0.000000  -25.070384  15.841130  15.714286  55.346781  -0.115349  -3.923107  -5.524333  57.524247  12.428189  21.224704  126.483011
0.651077  0.000000  0.000000  0.000000  -25.070384  15.841130  20.000000  55.266768  -3.639641  -6.363393  -5.524333  57.524247  12.428189  21.224704  126.483011
0.651308  0.000000  0.000000  0.000000  -25.070384  15.841130  24.285714  55.035247  -7.157300  -8.822844  -5.524333  57.524247  12.428189  21.224704  126.483011
0.651540  0.000000  0.000000  0.000000  -25.070384  15.841130  28.571429  54.648177  -10.661703  -11.320490  -5.524333  57.524247  12.428189  21.224704  126.483011
0.651771  0.000000  0.000000  0.000000  -25.070384  15.841130  32.857143  54.098880  -14.145864  -13.876170  -5.524333  57.524247  12.428189  21.224704  126.483011
0.652003  0.000000  0.000000  0.000000  -25.070384  15.841130  37.142857  53.377702  -17.602171  -16.511183  -5.524333  57.524247  12.428189  21.224704  126.483011
0.652234  0.000000  0.000000  0.000000  -25.070384  15.841130  41.428571  52.471855  -21.022196  -19.248554  -5.524333  57.524247  12.428189  21.224704  126.483011
0.652466  0.000000  0.000000  0.000000  -25.070384  15.841130  45.714286  51.365081  -24.396381  -22.113684  -5.524333  57.524247  12.428189  21.224704  126.483011
0.652697  0.000000  0.000000  0.000000  -25.070384  15.841130  50.000000  50.037291  -27.713735  -25.134818  -5.524333  57.524247  12.428189  21.224704  126.483011
0.652929  0.000000  0.000000  0.000000  -42.178071  12.092285  -10.000000  53.999271  28.227297  2.943151  -19.174597  59.011938  -5.134349  12.680912  118.912840
0.653160  0.000000  0.000000  0.000000  -42.178071  12.092285  -5.714286  55.236038  24.732378  0.171119  -19.174597  59.011938  -5.134349  12.680912  118.912840
0.653392  0.000000  0.000000  0.000000  -42.178071  12.092285  -1.428571  56.258496  21.189300  -2.448245  -19.174597  59.011938  -5.134349  12.680912  118.912840
0.653624  0.000000  0.000000  0.000000  -42.178071  12.092285  2.857143  57.088031  17.607765  -4.944210  -19.174597  59.011938  -5.134349  12.680912  118.912840
0.653855  0.000000  0.000000  0.000000  -42.178071  12.092285  7.142857  57.741534  13.996116  -7.342555  -19.174597  59.011938  -5.134349  12.680912  118.912840
0.654087  0.000000  0.000000  0.000000  -42.178071  12.092285  11.428571  58.232094  10.361639  -9.666403  -19.174597  59.011938  -5.134349  12.680912  118.912840
0.654318  0.000000  0.000000  0.000000  -42.178071  12.092285  15.714286  58.569316  6.710868  -11.936782  -19.174597  59.011938  -5.134349  12.680912  118.912840
0.654550  0.000000  0.000000  0.000000  -42.178071  12.092285  20.000000  58.759705  3.049816  -14.173293  -19.174597  59.011938  -5.134349  12.680912  118.912840
0.654781  0.000000  0.000000  0.000000  -42.178071  12.092285  24.285714  58.806913  -0.615842  -16.394599  -19.174597  59.011938  -5.134349  12.680912  118.912840
0.655013  0.000000  0.000000  0.000000  -42.178071  12.092285  28.571429  58.711826  -4.280577  -18.618961  -19.174597  59.011938  -5.134349  12.680912  118.912840
0.655244  0.000000  0.000000  0.000000  -42.178071  12.092285  32.857143  58.472660  -7.938817  -20.864740  -19.174597  59.011938  -5.134349  12.680912  118.912840
0.655476  0.000000  0.000000  0.000000  -42.178071  12.092285  37.142857  58.084801  -11.584806  -23.150836  -19.174597  59.011938  -5.134349  12.680912  118.912840
0.655707  0.000000  0.000000  0.000000  -42.178071  12.092285  41.428571  57.540729  -15.212378  -25.497277  -19.174597  59.011938  -5.134349  12.680912  118.912840
0.655939  0.000000  0.000000  0.000000  -42.178071  12.092285  45.714286  56.829720  -18.814770  -27.925725  -19.174597  59.011938  -5.134349  12.680912  118.912840
0.656170  0.000000  0.000000  0.000000  -42.178071  12.092285  50.000000  55.937476  -22.384376  -30.460105  -19.174597  59.011938  -5.134349  12.680912  118.912840
0.656402  0.000000  0.000000  0.000000  -30.425218  1.856353  -10.000000  67.246792  38.977262  5.195056  -16.497370  59.287936  21.728298  19.538286  115.462511
0.656633  0.000000  0.000000  0.000000  -30.425218  1.856353  -5.714286  68.464382  35.007188  3.172843  -16.497370  59.287936  21.728298  19.538286  115.462511
0.656865  0.000000  0.000000  0.000000  -30.425218  1.856353  -1.428571  69.464147  31.006694  1.338767  -16.497370  59.287936  21.728298  19.538286  115.462511
0.657097  0.000000  0.000000  0.000000  -30.425218  1.856353  2.857143  70.281804  26.982376  -0.346943  -16.497370  59.287936  21.728298  19.538286  115.462511
0.657328  0.000000  0.000000  0.000000  -30.425218  1.856353  7.142857  70.944316  22.939395  -1.915821  -16.497370  59.287936  21.728298  19.538286  115.462511
0.657560  0.000000  0.000000  0.000000  -30.425218  1.856353  11.428571  71.472042  18.881891  -3.393413  -16.497370  59.287936  21.728298  19.538286  115.462511
0.657791  0.000000  0.000000  0.000000  -30.425218  1.856353  15.714286  71.880252  14.813272  -4.800920  -16.497370  59.287936  21.728298  19.538286  115.462511
0.658023  0.000000  0.000000  0.000000  -30.425218  1.856353  20.000000  72.180174  10.736416  -6.156391  -16.497370  59.287936  21.728298  19.538286  115.462511
0.658254  0.000000  0.000000  0.000000  -30.425218  1.856353  24.285714  72.379765  6.653861  -7.475719  -16.497370  59.287936  21.728298  19.538286  115.462511
0.658486  0.000000  0.000000  0.000000  -30.425218  1.856353  28.571429  72.484141  2.567860  -8.773237  -16.497370  59.287936  21.728298  19.538286  115.462511
0.658717  0.000000  0.000000  0.000000  -30.425218  1.856353  32.857143  72.495944  -1.519445  -10.062467  -16.497370  59.287936  21.728298  19.538286  115.462511
0.658949  0.000000  0.000000  0.000000  -30.425218  1.856353  37.142857  72.415471  -5.605980  -11.356593  -16.497370  59.287936  21.728298  19.538286  115.462511
0.659180  0.000000  0.000000  0.000000  -30.425218  1.856353  41.428571  72.240695  -9.689633  -12.668989  -16.497370  59.287936  21.728298  19.538286  115.462511
0.659412  0.000000  0.000000  0.000000  -30.425218  1.856353  45.714286  71.967144  -13.768177  -14.013754  -16.497370  59.287936  21.728298  19.538286  115.462511
0.659643  0.000000  0.000000  0.000000  -30.425218  1.856353  50.000000  71.587640  -17.839164  -15.406297  -16.497370  59.287936  21.728298  19.538286  115.462511
0.659875  0.000000  0.000000  0.000000  -28.023552  6.856969  -10.000000  57.724163  17.769806  6.740519  -1.705292  32.458321  -2.017217  19.097185  122.866852
0.660107  0.000000  0.000000  0.000000  -28.023552  6.856969  -5.714286  58.372726  14.132862  4.382068  -1.705292  32.458321  -2.017217  19.097185  122.866852
0.660338  0.000000  0.000000  0.000000  -28.023552  6.856969  -1.428571  58.859712  10.473660  2.098123  -1.705292  32.458321  -2.017217  19.097185  122.866852
0.660570  0.000000  0.000000  0.000000  -28.023552  6.856969  2.857143  59.194850  6.798565  -0.132346  -1.705292  32.458321  -2.017217  19.097185  122.866852
0.660801  0.000000  0.000000  0.000000  -28.023552  6.856969  7.142857  59.384730  3.113421  -2.328881  -1.705292  32.458321  -2.017217  19.097185  122.866852
0.661033  0.000000  0.000000  0.000000  -28.023552  6.856969  11.428571  59.433052  -0.576257  -4.510074  -1.705292  32.458321  -2.017217  19.097185  122.866852
0.661264  0.000000  0.000000  0.000000  -28.023552  6.856969  15.714286  59.340748  -4.265099  -6.694094  -1.705292  32.458321  -2.017217  19.097185  122.866852
0.661496  0.000000  0.000000  0.000000  -28.023552  6.856969  20.000000  59.106030  -7.947709  -8.899196  -1.705292  32.458321  -2.017217  19.097185  122.866852
0.661727  0.000000  0.000000  0.000000  -28.023552  6.856969  24.285714  58.724319  -11.618489  -11.144207  -1.705292  32.458321  -2.017217  19.097185  122.866852
0.661959  0.000000  0.000000  0.000000  -28.023552  6.856969  28.571429  58.188065  -15.271451  -13.449078  -1.705292  32.458321  -2.017217  19.097185  122.866852
0.662190  0.000000  0.000000  0.000000  -28.023552  6.856969  32.857143  57.486508  -18.900027  -15.835426  -1.705292  32.458321  -2.017217  19.097185  122.866852
0.662422  0.000000  0.000000  0.000000  -28.023552  6.856969  37.142857  56.605242  -22.496800  -18.327189  -1.705292  32.458321  -2.017217  19.097185  122.866852
0.662653  0.000000  0.000000  0.000000  -28.023552  6.856969  41.428571  55.525734  -26.053230  -20.951339  -1.705292  32.458321  -2.017217  19.097185  122.866852
0.662885  0.000000  0.000000  0.000000  -28.023552  6.856969  45.714286  54.224674  -29.559286  -23.738689  -1.705292  32.458321  -2.017217  19.097185  122.866852
0.663116  0.000000  0.000000  0.000000  -28.023552  6.856969  50.000000  52.673225  -33.002998  -26.724782  -1.705292  32.458321  -2.017217  19.097185  122.866852
0.663348  0.000000  0.000000  0.000000  -27.062955  -5.522169  -10.000000  78.938840  41.804455  -3.806868  -30.354454  55.360957  15.231303  17.715913  112.355112
0.663580  0.000000  0.000000  0.000000  -27.062955  -5.522169  -5.714286  79.601561  37.593533  -4.843673  -30.354454  55.360957  15.231303  17.715913  112.355112
0.663811  0.000000  0.000000  0.000000  -27.062955  -5.522169  -1.428571  80.139133  33.374518  -5.769131  -30.354454  55.360957  15.231303  17.715913  112.355112
0.664043  0.000000  0.000000  0.000000  -27.062955  -5.522169  2.857143  80.575177  29.149268  -6.608774  -30.354454  55.360957  15.231303  17.715913  112.355112
0.664274  0.000000  0.000000  0.000000  -27.062955  -5.522169  7.142857  80.926832  24.919201  -7.381918  -30.354454  55.360957  15.231303  17.715913  112.355112
0.664506  0.000000  0.000000  0.000000  -27.062955  -5.522169  11.428571  81.206744  20.685412  -8.103673  -30.354454  55.360957  15.231303  17.715913  112.355112
0.664737  0.000000  0.000000  0.000000  -27.062955  -5.522169  15.714286  81.424211  16.448780  -8.786163  -30.354454  55.360957  15.231303  17.715913  112.355112
0.664969  0.000000  0.000000  0.000000  -27.062955  -5.522169  20.000000  81.586005  12.210039  -9.439435  -30.354454  55.360957  15.231303  17.715913  112.355112
0.665200  0.000000  0.000000  0.000000  -27.062955  -5.522169  24.285714  81.696918  7.969805  -10.072080  -30.354454  55.360957  15.231303  17.715913  112.355112
0.665432  0.000000  0.000000  0.000000  -27.062955  -5.522169  28.571429  81.760096  3.728632  -10.691719  -30.354454  55.360957  15.231303  17.715913  112.355112
0.665663  0.000000  0.000000  0.000000  -27.062955  -5.522169  32.857143  81.777340  -0.512961  -11.305407  -30.354454  55.360957  15.231303  17.715913  112.355112
0.665895  0.000000  0.000000  0.000000  -27.062955  -5.522169  37.142857  81.749084  -4.754518  -11.919908  -30.354454  55.360957  15.231303  17.715913  112.355112
0.666126  0.000000  0.000000  0.000000  -27.062955  -5.522169  41.428571  81.674556  -8.995510  -12.542044  -30.354454  55.360957  15.231303  17.715913  112.355112
0.666358  0.000000  0.000000  0.000000  -27.062955  -5.522169  45.714286  81.551689  -13.235439  -13.178939  -30.354454  55.360957  15.231303  17.715913  112.355112
0.666589  0.000000  0.000000  0.000000  -27.062955  -5.522169  50.000000  81.376936  -17.473732  -13.838444  -30.354454  55.360957  15.231303  17.715913  112.355112
0.666821  0.000000  0.000000  0.000000  -47.522440  19.677097  -10.000000  57.002091  18.322790  10.268052  -28.047557  47.247607  -6.716613  27.505812  115.891801
0.667053  0.000000  0.000000  0.000000  -47.522440  19.677097  -5.714286  57.688196  14.713933  7.856410  -28.047557  47.247607  -6.716613  27.505812  115.891801
0.667284  0.000000  0.000000  0.000000  -47.522440  19.677097  -1.428571  58.209238  11.080965  5.523601  -28.047557  47.247607  -6.716613  27.505812  115.891801
0.667516  0.000000  0.000000  0.000000  -47.522440  19.677097  2.857143  58.575447  7.430520  3.248211  -28.047557  47.247607  -6.716613  27.505812  115.891801
0.667747  0.000000  0.000000  0.000000  -47.522440  19.677097  7.142857  58.793938  3.768682  1.010420  -28.047557  47.247607  -6.716613  27.505812  115.891801
0.667979  0.000000  0.000000  0.000000  -47.522440  19.677097  11.428571  58.868912  0.101157  -1.208570  -28.047557  47.247607  -6.716613  27.505812  115.891801
0.668210  0.000000  0.000000  0.000000  -47.522440  19.677097  15.714286  58.801789  -3.566515  -3.427059  -28.047557  47.247607  -6.716613  27.505812  115.891801
0.668442  0.000000  0.000000  0.000000  -47.522440  19.677097  20.000000  58.591295  -7.228814  -5.663329  -28.047557  47.247607  -6.716613  27.505812  115.891801
0.668673  0.000000  0.000000  0.000000  -47.522440  19.677097  24.285714  58.233381  -10.880038  -7.936152  -28.047557  47.247607  -6.716613  27.505812  115.891801
0.668905  0.000000  0.000000  0.000000  -47.522440  19.677097  28.571429  57.721131  -14.514142  -10.265247  -28.047557  47.247607  -6.716613  27.505812  115.891801
0.669136  0.000000  0.000000  0.000000  -47.522440  19.677097  32.857143  57.044448  -18.124512  -12.671947  -28.047557  47.247607  -6.716613  27.505812  115.891801
0.669368  0.000000  0.000000  0.000000  -47.522440  19.677097  37.142857  56.189751  -21.703741  -15.179672  -28.047557  47.247607  -6.716613  27.505812  115.891801
0.669599  0.000000  0.000000  0.000000  -47.522440  19.677097  41.428571  55.139504  -25.243345  -17.814681  -28.047557  47.247607  -6.716613  27.505812  115.891801
0.669831  0.000000  0.000000  0.000000  -47.522440  19.677097  45.714286  53.871628  -28.733414  -20.606802  -28.047557  47.247607  -6.716613  27.505812  115.891801
0.670063  0.000000  0.000000  0.000000  -47.522440  19.677097  50.000000  52.358820  -32.162190  -23.590257  -28.047557  47.247607  -6.716613  27.505812  115.891801
0.670294  0.000000  0.000000  0.000000  -30.996974  6.808672  -10.000000  64.398484  40.375706  12.891053  -19.055658  52.837205  26.917696  21.241515  116.526179
0.670526  0.000000  0.000000  0.000000  -30.996974  6.808672  -5.714286  65.830214  36.487298  10.589191  -19.055658  52.837205  26.917696  21.241515  116.526179
0.670757  0.000000  0.000000  0.000000  -30.996974  6.808672  -1.428571  67.010078  32.558924  8.508719  -19.055658  52.837205  26.917696  21.241515  116.526179
0.670989  0.000000  0.000000  0.000000  -30.996974  6.808672  2.857143  67.979870  28.599176  6.603663  -19.055658  52.837205  26.917696  21.241515  116.526179
0.671220  0.000000  0.000000  0.000000  -30.996974  6.808672  7.142857  68.771379  24.614742  4.837574  -19.055658  52.837205  26.917696  21.241515  116.526179
0.671452  0.000000  0.000000  0.000000  -30.996974  6.808672  11.428571  69.408781  20.610973  3.180953  -19.055658  52.837205  26.917696  21.241515  116.526179
0.671683  0.000000  0.000000  0.000000  -30.996974  6.808672  15.714286  69.910402  16.592233  1.609458  -19.055658  52.837205  26.917696  21.241515  116.526179
0.671915  0.000000  0.000000  0.000000  -30.996974  6.808672  20.000000  70.289939  12.562184  0.102486  -19.055658  52.837205  26.917696  21.241515  116.526179
0.672146  0.000000  0.000000  0.000000  -30.996974  6.808672  24.285714  70.557326  8.523980  -1.357857  -19.055658  52.837205  26.917696  21.241515  116.526179
0.672378  0.000000  0.000000  0.000000  -30.996974  6.808672  28.571429  70.719346  4.480432  -2.787600  -19.055658  52.837205  26.917696  21.241515  116.526179
0.672609  0.000000  0.000000  0.000000  -30.996974  6.808672  32.857143  70.780005  0.434140  -4.201591  -19.055658  52.837205  26.917696  21.241515  116.526179
0.672841  0.000000  0.000000  0.000000  -30.996974  6.808672  37.142857  70.740802  -3.612418  -5.614065  -19.055658  52.837205  26.917696  21.241515  116.526179
0.673072  0.000000  0.000000  0.000000  -30.996974  6.808672  41.428571  70.600787  -7.656763  -7.039213  -19.055658  52.837205  26.917696  21.241515  116.526179
0.673304  0.000000  0.000000  0.000000  -30.996974  6.808672  45.714286  70.356483  -11.696342  -8.491686  -19.055658  52.837205  26.917696  21.241515  116.526179
0.673536  0.000000  0.000000  0.000000  -30.996974  6.808672  50.000000  70.001732  -15.728395  -9.987217  -19.055658  52.837205  26.917696  21.241515  116.526179
0.673767  0.000000  0.000000  0.000000  -31.967541  -1.798150  -10.000000  66.286783  34.934199  2.039755  -28.046545  52.887629  -2.597203  16.581993  121.390073
0.673999  0.000000  0.000000  0.000000  -31.967541  -1.798150  -5.714286  67.380703  30.993589  0.030614  -28.046545  52.887629  -2.597203  16.581993  121.390073
0.674230  0.000000  0.000000  0.000000  -31.967541  -1.798150  -1.428571  68.277938  27.024360  -1.818324  -28.046545  52.887629  -2.597203  16.581993  121.390073
0.674462  0.000000  0.000000  0.000000  -31.967541  -1.798150  2.857143  69.007040  23.032636  -3.540537  -28.046545  52.887629  -2.597203  16.581993  121.390073
0.674693  0.000000  0.000000  0.000000  -31.967541  -1.798150  7.142857  69.589720  19.023348  -5.163308  -28.046545  52.887629  -2.597203  16.581993  121.390073
0.674925  0.000000  0.000000  0.000000  -31.967541  -1.798150  11.428571  70.042370  15.000573  -6.709386  -28.046545  52.887629  -2.597203  16.581993  121.390073
0.675156  0.000000  0.000000  0.000000  -31.967541  -1.798150  15.714286  70.377092  10.967736  -8.198191  -28.046545  52.887629  -2.597203  16.581993  121.390073
0.675388  0.000000  0.000000  0.000000  -31.967541  -1.798150  20.000000  70.602560  6.927879  -9.646841  -28.046545  52.887629  -2.597203  16.581993  121.390073
0.675619  0.000000  0.000000  0.000000  -31.967541  -1.798150  24.285714  70.724422  2.883718  -11.070840  -28.046545  52.887629  -2.597203  16.581993  121.390073
0.675851  0.000000  0.000000  0.000000  -31.967541  -1.798150  28.571429  70.745675  -1.162202  -12.484718  -28.046545  52.887629  -2.597203  16.581993  121.390073
0.676082  0.000000  0.000000  0.000000  -31.967541  -1.798150  32.857143  70.666846  -5.207436  -13.902666  -28.046545  52.887629  -2.597203  16.581993  121.390073
0.676314  0.000000  0.000000  0.000000  -31.967541  -1.798150  37.142857  70.485989  -9.249441  -15.339011  -28.046545  52.887629  -2.597203  16.581993  121.390073
0.676545  0.000000  0.000000  0.000000  -31.967541  -1.798150  41.428571  70.198630  -13.285612  -16.808744  -28.046545  52.887629  -2.597203  16.581993  121.390073
0.676777  0.000000  0.000000  0.000000  -31.967541  -1.798150  45.714286  69.797425  -17.313060  -18.328234  -28.046545  52.887629  -2.597203  16.581993  121.390073
0.677009  0.000000  0.000000  0.000000  -31.967541  -1.798150  50.000000  69.271811  -21.328542  -19.915809  -28.046545  52.887629  -2.597203  16.581993  121.390073
0.677240  0.000000  0.000000  0.000000  -47.804328  1.643523  -10.000000  61.781379  25.884416  3.314764  -14.942042  38.850107  20.647612  14.216522  129.594366
0.677472  0.000000  0.000000  0.000000  -47.804328  1.643523  -5.714286  62.670472  22.091955  1.129262  -14.942042  38.850107  20.647612  14.216522  129.594366
0.677703  0.000000  0.000000  0.000000  -47.804328  1.643523  -1.428571  63.385297  18.271970  -0.941336  -14.942042  38.850107  20.647612  14.216522  129.594366
0.677935  0.000000  0.000000  0.000000  -47.804328  1.643523  2.857143  63.943367  14.430666  -2.922376  -14.942042  38.850107  20.647612  14.216522  129.594366
0.678166  0.000000  0.000000  0.000000  -47.804328  1.643523  7.142857  64.357893  10.573399  -4.836002  -14.942042  38.850107  20.647612  14.216522  129.594366
0.678398  0.000000  0.000000  0.000000  -47.804328  1.643523  11.428571  64.638375  6.704892  -6.702005  -14.942042  38.850107  20.647612  14.216522  129.594366
0.678629  0.000000  0.000000  0.000000  -47.804328  1.643523  15.714286  64.791097  2.829450  -8.538547  -14.942042  38.850107  20.647612  14.216522  129.594366
0.678861  0.000000  0.000000  0.000000  -47.804328  1.643523  20.000000  64.819469  -1.048877  -10.362829  -14.942042  38.850107  20.647612  14.216522  129.594366
0.679092  0.000000  0.000000  0.000000  -47.804328  1.643523  24.285714  64.724091  -4.926138  -12.191645  -14.942042  38.850107  20.647612  14.216522  129.594366
0.679324  0.000000  0.000000  0.000000  -47.804328  1.643523  28.571429  64.502866  -8.798344  -14.041938  -14.942042  38.850107  20.647612  14.216522  129.594366
0.679555  0.000000  0.000000  0.000000  -47.804328  1.643523  32.857143  64.150870  -12.661332  -15.931347  -14.942042  38.850107  20.647612  14.216522  129.594366
0.679787  0.000000  0.000000  0.000000  -47.804328  1.643523  37.142857  63.660094  -16.510580  -17.878848  -14.942042  38.850107  20.647612  14.216522  129.594366
0.680019  0.000000  0.000000  0.000000  -47.804328  1.643523  41.428571  63.019154  -20.341072  -19.905402  -14.942042  38.850107  20.647612  14.216522  129.594366
0.680250  0.000000  0.000000  0.000000  -47.804328  1.643523  45.714286  62.212553  -24.147002  -22.034750  -14.942042  38.850107  20.647612  14.216522  129.594366
0.680482  0.000000  0.000000  0.000000  -47.804328  1.643523  50.000000  61.220112  -27.921597  -24.294429  -14.942042  38.850107  20.647612  14.216522  129.594366
0.680713  0.000000  0.000000  0.000000  -35.283458  18.342325  -10.000000  52.296250  36.919707  17.827545  -31.640272  52.925444  -5.979864  19.728318  123.840749
0.680945  0.000000  0.000000  0.000000  -35.283458  18.342325  -5.714286  54.108285  33.486904  14.686199  -31.640272  52.925444  -5.979864  19.728318  123.840749
0.681176  0.000000  0.000000  0.000000  -35.283458  18.342325  -1.428571  55.634134  29.980938  11.787013  -31.640272  52.925444  -5.979864  19.728318  123.840749
0.681408  0.000000  0.000000  0.000000  -35.283458  18.342325  2.857143  56.910595  26.415833  9.087322  -31.640272  52.925444  -5.979864  19.728318  123.840749
0.681639  0.000000  0.000000  0.000000  -35.283458  18.342325  7.142857  57.967590  22.803106  6.550711  -31.640272  52.925444  -5.979864  19.728318  123.840749
0.681871  0.000000  0.000000  0.000000  -35.283458  18.342325  11.428571  58.829075  19.152343  4.145915  -31.640272  52.925444  -5.979864  19.728318  123.840749
0.682102  0.000000  0.000000  0.000000  -35.283458  18.342325  15.714286  59.513985  15.471662  1.845771  -31.640272  52.925444  -5.979864  19.728318  123.840749
0.682334  0.000000  0.000000  0.000000  -35.283458  18.342325  20.000000  60.036944  11.768076  -0.373652  -31.640272  52.925444  -5.979864  19.728318  123.840749
0.682565  0.000000  0.000000  0.000000  -35.283458  18.342325  24.285714  60.408885  8.047782  -2.533900  -31.640272  52.925444  -5.979864  19.728318  123.840749
0.682797  0.000000  0.000000  0.000000  -35.283458  18.342325  28.571429  60.637427  4.316399  -4.654741  -31.640272  52.925444  -5.979864  19.728318  123.840749
0.683028  0.000000  0.000000  0.000000  -35.283458  18.342325  32.857143  60.727171  0.579193  -6.754794  -31.640272  52.925444  -5.979864  19.728318  123.840749
0.683260  0.000000  0.000000  0.000000  -35.283458  18.342325  37.142857  60.679932  -3.158797  -8.852075  -31.640272  52.925444  -5.979864  19.728318  123.840749
0.683492  0.000000  0.000000  0.000000  -35.283458  18.342325  41.428571  60.494759  -6.892529  -10.964524  -31.640272  52.925444  -5.979864  19.728318  123.840749
0.683723  0.000000  0.000000  0.000000  -35.283458  18.342325  45.714286  60.167921  -10.616834  -13.110511  -31.640272  52.925444  -5.979864  19.728318  123.840749
0.683955  0.000000  0.000000  0.000000  -35.283458  18.342325  50.000000  59.692758  -14.326230  -15.309396  -31.640272  52.925444  -5.979864  19.728318  123.840749
0.684186  0.000000  0.000000  0.000000  -43.077943  3.546573  -10.000000  58.121711  19.477796  2.659761  -6.279287  41.148454  5.252187  30.144305  127.961179
0.684418  0.000000  0.000000  0.000000  -43.077943  3.546573  -5.714286  58.835027  15.823935  0.308784  -6.279287  41.148454  5.252187  30.144305  127.961179
0.684649  0.000000  0.000000  0.000000  -43.077943  3.546573  -1.428571  59.383253  12.145668  -1.958345  -6.279287  41.148454  5.252187  30.144305  127.961179
0.684881  0.000000  0.000000  0.000000  -43.077943  3.546573  2.857143  59.777692  8.449455  -4.163465  -6.279287  41.148454  5.252187  30.144305  127.961179
0.685112  0.000000  0.000000  0.000000  -43.077943  3.546573  7.142857  60.026294  4.741150  -6.326616  -6.279287  41.148454  5.252187  30.144305  127.961179
0.685344  0.000000  0.000000  0.000000  -43.077943  3.546573  11.428571  60.134031  1.026182  -8.466610  -6.279287  41.148454  5.252187  30.144305  127.961179
0.685575  0.000000  0.000000  0.000000  -43.077943  3.546573  15.714286  60.103008  -2.690210  -10.601636  -6.279287  41.148454  5.252187  30.144305  127.961179
0.685807  0.000000  0.000000  0.000000  -43.077943  3.546573  20.000000  59.932623  -6.402850  -12.749725  -6.279287  41.148454  5.252187  30.144305  127.961179
0.686038  0.000000  0.000000  0.000000  -43.077943  3.546573  24.285714  59.619491  -10.106432  -14.929289  -6.279287  41.148454  5.252187  30.144305  127.961179
0.686270  0.000000  0.000000  0.000000  -43.077943  3.546573  28.571429  59.157353  -13.795361  -17.159604  -6.279287  41.148454  5.252187  30.144305  127.961179
0.686502  0.000000  0.000000  0.000000  -43.077943  3.546573  32.857143  58.536830  -17.463544  -19.461440  -6.279287  41.148454  5.252187  30.144305  127.961179
0.686733  0.000000  0.000000  0.000000  -43.077943  3.546573  37.142857  57.744965  -21.104171  -21.857666  -6.279287  41.148454  5.252187  30.144305  127.961179
0.686965  0.000000  0.000000  0.000000  -43.077943  3.546573  41.428571  56.764947  -24.709449  -24.373894  -6.279287  41.148454  5.252187  30.144305  127.961179
0.687196  0.000000  0.000000  0.000000  -43.077943  3.546573  45.714286  55.575295  -28.270273  -27.039375  -6.279287  41.148454  5.252187  30.144305  127.961179
0.687428  0.000000  0.000000  0.000000  -43.077943  3.546573  50.000000  54.149167  -31.775815  -29.887874  -6.279287  41.148454  5.252187  30.144305  127.961179
0.687659  0.000000  0.000000  0.000000  -24.296086  16.252240  -10.000000  55.232240  34.740373  17.569937  -36.173009  25.438841  20.226477  17.272236  110.418568
0.687891  0.000000  0.000000  0.000000  -24.296086  16.252240  -5.714286  56.786775  31.186116  14.714652  -36.173009  25.438841  20.226477  17.272236  110.418568
0.688122  0.000000  0.000000  0.000000  -24.296086  16.252240  -1.428571  58.086106  27.573419  12.067851  -36.173009  25.438841  20.226477  17.272236  110.418568
0.688354  0.000000  0.000000  0.000000  -24.296086  16.252240  2.857143  59.162592  23.913772  9.591015  -36.173009  25.438841  20.226477  17.272236  110.418568
0.688585  0.000000  0.000000  0.000000  -24.296086  16.252240  7.142857  60.042031  20.216646  7.251454  -36.173009  25.438841  20.226477  17.272236  110.418568
0.688817  0.000000  0.000000  0.000000  -24.296086  16.252240  11.428571  60.744793  16.489989  5.021034  -36.173009  25.438841  20.226477  17.272236  110.418568
0.689048  0.000000  0.000000  0.000000  -24.296086  16.252240  15.714286  61.286588  12.740598  2.875233  -36.173009  25.438841  20.226477  17.272236  110.418568
0.689280  0.000000  0.000000  0.000000  -24.296086  16.252240  20.000000  61.679214  8.974428  0.792217  -36.173009  25.438841  20.226477  17.272236  110.418568
0.689511  0.000000  0.000000  0.000000  -24.296086  16.252240  24.285714  61.931026  5.196829  -1.247876  -36.173009  25.438841  20.226477  17.272236  110.418568
0.689743  0.000000  0.000000  0.000000  -24.296086  16.252240  28.571429  62.047305  1.412758  -3.263601  -36.173009  25.438841  20.226477  17.272236  110.418568
0.689975  0.000000  0.000000  0.000000  -24.296086  16.252240  32.857143  62.030456  -2.373056  -5.272757  -36.173009  25.438841  20.226477  17.272236  110.418568
0.690206  0.000000  0.000000  0.000000  -24.296086  16.252240  37.142857  61.880135  -6.155939  -7.292958  -36.173009  25.438841  20.226477  17.272236  110.418568
0.690438  0.000000  0.000000  0.000000  -24.296086  16.252240  41.428571  61.593216  -9.931119  -9.342143  -36.173009  25.438841  20.226477  17.272236  110.418568
0.690669  0.000000  0.000000  0.000000  -24.296086  16.252240  45.714286  61.163669  -13.693559  -11.439138  -36.173009  25.438841  20.226477  17.272236  110.418568
0.690901  0.000000  0.000000  0.000000  -24.296086  16.252240  50.000000  60.582304  -17.437776  -13.604244  -36.173009  25.438841  20.226477  17.272236  110.418568
0.691132  0.000000  0.000000  0.000000  -23.168331  19.227647  -10.000000  54.036525  21.587926  16.174826  -11.891639  42.913076  12.651686  26.222822  115.783952
0.691364  0.000000  0.000000  0.000000  -23.168331  19.227647  -5.714286  54.935388  18.098812  13.528474  -11.891639  42.913076  12.651686  26.222822  115.783952
0.691595  0.000000  0.000000  0.000000  -23.168331  19.227647  -1.428571  55.650991  14.575024  10.985996  -11.891639  42.913076  12.651686  26.222822  115.783952
0.691827  0.000000  0.000000  0.000000  -23.168331  19.227647  2.857143  56.196785  11.024630  8.523950  -11.891639  42.913076  12.651686  26.222822  115.783952
0.692058  0.000000  0.000000  0.000000  -23.168331  19.227647  7.142857  56.582896  7.454862  6.120824  -11.891639  42.913076  12.651686  26.222822  115.783952
0.692290  0.000000  0.000000  0.000000  -23.168331  19.227647  11.428571  56.816354  3.872335  3.756686  -11.891639  42.913076  12.651686  26.222822  115.783952
0.692521  0.000000  0.000000  0.000000  -23.168331  19.227647  15.714286  56.901406  0.283300  1.412507  -11.891639  42.913076  12.651686  26.222822  115.783952
0.692753  0.000000  0.000000  0.000000  -23.168331  19.227647  20.000000  56.839566  -3.306225  -0.930203  -11.891639  42.913076  12.651686  26.222822  115.783952
0.692984  0.000000  0.000000  0.000000  -23.168331  19.227647  24.285714  56.629741  -6.890187  -3.289945  -11.891639  42.913076  12.651686  26.222822  115.783952
0.693216  0.000000  0.000000  0.000000  -23.168331  19.227647  28.571429  56.268124  -10.462401  -5.685609  -11.891639  42.913076  12.651686  26.222822  115.783952
0.693448  0.000000  0.000000  0.000000  -23.168331  19.227647  32.857143  55.748105  -14.016310  -8.136983  -11.891639  42.913076  12.651686  26.222822  115.783952
0.693679  0.000000  0.000000  0.000000  -23.168331  19.227647  37.142857  55.060108  -17.544809  -10.665272  -11.891639  42.913076  12.651686  26.222822  115.783952
0.693911  0.000000  0.000000  0.000000  -23.168331  19.227647  41.428571  54.191206  -21.039975  -13.293571  -11.891639  42.913076  12.651686  26.222822  115.783952
0.694142  0.000000  0.000000  0.000000  -23.168331  19.227647  45.714286  53.124846  -24.492810  -16.047511  -11.891639  42.913076  12.651686  26.222822  115.783952
0.694374  0.000000  0.000000  0.000000  -23.168331  19.227647  50.000000  51.840341  -27.892898  -18.955842  -11.891639  42.913076  12.651686  26.222822  115.783952
0.694605  0.000000  0.000000  0.000000  -23.978141  -4.133579  -10.000000  69.142122  31.682139  0.155062  -13.917614  50.642419  31.981930  24.092495  126.211363
0.694837  0.000000  0.000000  0.000000  -23.978141  -4.133579  -5.714286  69.994976  27.665698  -1.566499  -13.917614  50.642419  31.981930  24.092495  126.211363
0.695068  0.000000  0.000000  0.000000  -23.978141  -4.133579  -1.428571  70.687565  23.629500  -3.165545  -13.917614  50.642419  31.981930  24.092495  126.211363
0.695300  0.000000  0.000000  0.000000  -23.978141  -4.133579  2.857143  71.241360  19.577896  -4.668653  -13.917614  50.642419  31.981930  24.092495  126.211363
0.695531  0.000000  0.000000  0.000000  -23.978141  -4.133579  7.142857  71.672501  15.514455  -6.097795  -13.917614  50.642419  31.981930  24.092495  126.211363
0.695763  0.000000  0.000000  0.000000  -23.978141  -4.133579  11.428571  71.992923  11.442183  -7.471606  -13.917614  50.642419  31.981930  24.092495  126.211363
0.695994  0.000000  0.000000  0.000000  -23.978141  -4.133579  15.714286  72.211136  7.363685  -8.806356  -13.917614  50.642419  31.981930  24.092495  126.211363
0.696226  0.000000  0.000000  0.000000  -23.978141  -4.133579  20.000000  72.332773  3.281312  -10.116732  -13.917614  50.642419  31.981930  24.092495  126.211363
0.696458  0.000000  0.000000  0.000000  -23.978141  -4.133579  24.285714  72.360901  -0.802759  -11.416421  -13.917614  50.642419  31.981930  24.092495  126.211363
0.696689  0.000000  0.000000  0.000000  -23.978141  -4.133579  28.571429  72.296228  -4.886421  -12.718715  -13.917614  50.642419  31.981930  24.092495  126.211363
0.696921  0.000000  0.000000  0.000000  -23.978141  -4.133579  32.857143  72.137125  -8.967535  -14.037003  -13.917614  50.642419  31.981930  24.092495  126.211363
0.697152  0.000000  0.000000  0.000000  -23.978141  -4.133579  37.142857  71.879559  -13.043880  -15.385281  -13.917614  50.642419  31.981930  24.092495  126.211363
0.697384  0.000000  0.000000  0.000000  -23.978141  -4.133579  41.428571  71.516804  -17.113010  -16.778789  -13.917614  50.642419  31.981930  24.092495  126.211363
0.697615  0.000000  0.000000  0.000000  -23.978141  -4.133579  45.714286  71.039083  -21.172182  -18.234624  -13.917614  50.642419  31.981930  24.092495  126.211363
0.697847  0.000000  0.000000  0.000000  -23.978141  -4.133579  50.000000  70.432920  -25.218194  -19.772601  -13.917614  50.642419  31.981930  24.092495  126.211363
0.698078  0.000000  0.000000  0.000000  -19.064967  10.351146  -10.000000  53.395770  10.166395  2.473331  -27.159658  47.725885  19.947492  27.068837  120.898387
0.698310  0.000000  0.000000  0.000000  -19.064967  10.351146  -5.714286  53.773525  6.716946  -0.098297  -27.159658  47.725885  19.947492  27.068837  120.898387
0.698541  0.000000  0.000000  0.000000  -19.064967  10.351146  -1.428571  53.993991  3.254279  -2.633619  -27.159658  47.725885  19.947492  27.068837  120.898387
0.698773  0.000000  0.000000  0.000000  -19.064967  10.351146  2.857143  54.060817  -0.214697  -5.151538  -27.159658  47.725885  19.947492  27.068837  120.898387
0.699004  0.000000  0.000000  0.000000  -19.064967  10.351146  7.142857  53.975092  -3.683261  -7.670605  -27.159658  47.725885  19.947492  27.068837  120.898387
0.699236  0.000000  0.000000  0.000000  -19.064967  10.351146  11.428571  53.735407  -7.144671  -10.209379  -27.159658  47.725885  19.947492  27.068837  120.898387
0.699467  0.000000  0.000000  0.000000  -19.064967  10.351146  15.714286  53.337808  -10.591989  -12.786851  -27.159658  47.725885  19.947492  27.068837  120.898387
0.699699  0.000000  0.000000  0.000000  -19.064967  10.351146  20.000000  52.775694  -14.017884  -15.422848  -27.159658  47.725885  19.947492  27.068837  120.898387
0.699931  0.000000  0.000000  0.000000  -19.064967  10.351146  24.285714  52.039659  -17.414419  -18.138461  -27.159658  47.725885  19.947492  27.068837  120.898387
0.700162  0.000000  0.000000  0.000000  -19.064967  10.351146  28.571429  51.117280  -20.772815  -20.956469  -27.159658  47.725885  19.947492  27.068837  120.898387
0.700394  0.000000  0.000000  0.000000  -19.064967  10.351146  32.857143  49.992908  -24.083183  -23.901781  -27.159658  47.725885  19.947492  27.068837  120.898387
0.700625  0.000000  0.000000  0.000000  -19.064967  10.351146  37.142857  48.647275  -27.334179  -27.001917  -27.159658  47.725885  19.947492  27.068837  120.898387
0.700857  0.000000  0.000000  0.000000  -19.064967  10.351146  41.428571  47.057361  -30.512657  -30.287342  -27.159658  47.725885  19.947492  27.068837  120.898387
0.701088  0.000000  0.000000  0.000000  -19.064967  10.351146  45.714286  45.196201  -33.603220  -33.791778  -27.159658  47.725885  19.947492  27.068837  120.898387
0.701320  0.000000  0.000000  0.000000  -19.064967  10.351146  50.000000  43.032939  -36.587734  -37.552194  -27.159658  47.725885  19.947492  27.068837  120.898387
0.701551  0.000000  0.000000  0.000000  -22.832326  7.799918  -10.000000  61.147345  28.359060  11.710898  -22.715507  23.818097  20.106795  21.281235  129.056795
0.701783  0.000000  0.000000  0.000000  -22.832326  7.799918  -5.714286  62.161153  24.586666  9.438109  -22.715507  23.818097  20.106795  21.281235  129.056795
0.702014  0.000000  0.000000  0.000000  -22.832326  7.799918  -1.428571  62.986664  20.782168  7.298959  -22.715507  23.818097  20.106795  21.281235  129.056795
0.702246  0.000000  0.000000  0.000000  -22.832326  7.799918  2.857143  63.644685  16.952483  5.265440  -22.715507  23.818097  20.106795  21.281235  129.056795
0.702477  0.000000  0.000000  0.000000  -22.832326  7.799918  7.142857  64.151153  13.103477  3.313435  -22.715507  23.818097  20.106795  21.281235  129.056795
0.702709  0.000000  0.000000  0.000000  -22.832326  7.799918  11.428571  64.517917  9.240241  1.421726  -22.715507  23.818097  20.106795  21.281235  129.056795
0.702940  0.000000  0.000000  0.000000  -22.832326  7.799918  15.714286  64.753338  5.367319  -0.428823  -22.715507  23.818097  20.106795  21.281235  129.056795
0.703172  0.000000  0.000000  0.000000  -22.832326  7.799918  20.000000  64.862661  1.488908  -2.255975  -22.715507  23.818097  20.106795  21.281235  129.056795
0.703404  0.000000  0.000000  0.000000  -22.832326  7.799918  24.285714  64.848318  -2.391013  -4.076695  -22.715507  23.818097  20.106795  21.281235  129.056795
0.703635  0.000000  0.000000  0.000000  -22.832326  7.799918  28.571429  64.709989  -6.268510  -5.907753  -22.715507  23.818097  20.106795  21.281235  129.056795
0.703867  0.000000  0.000000  0.000000  -22.832326  7.799918  32.857143  64.444610  -10.139562  -7.766251  -22.715507  23.818097  20.106795  21.281235  129.056795
0.704098  0.000000  0.000000  0.000000  -22.832326  7.799918  37.142857  64.046227  -13.999911  -9.670209  -22.715507  23.818097  20.106795  21.281235  129.056795
0.704330  0.000000  0.000000  0.000000  -22.832326  7.799918  41.428571  63.505715  -17.844903  -11.639182  -22.715507  23.818097  20.106795  21.281235  129.056795
0.704561  0.000000  0.000000  0.000000  -22.832326  7.799918  45.714286  62.810331  -21.669288  -13.694986  -22.715507  23.818097  20.106795  21.281235  129.056795
0.704793  0.000000  0.000000  0.000000  -22.832326  7.799918  50.000000  61.943093  -25.466985  -15.862546  -22.715507  23.818097  20.106795  21.281235  129.056795
0.705024  0.000000  0.000000  0.000000  -38.947548  12.667825  -10.000000  57.865144  20.263586  10.883038  -16.659603  23.984291  34.255150  15.887175  111.793993
0.705256  0.000000  0.000000  0.000000  -38.947548  12.667825  -5.714286  58.617705  16.619007  8.505562  -16.659603  23.984291  34.255150  15.887175  111.793993
0.705487  0.000000  0.000000  0.000000  -38.947548  12.667825  -1.428571  59.202004  12.948402  6.217108  -16.659603  23.984291  34.255150  15.887175  111.793993
0.705719  0.000000  0.000000  0.000000  -38.947548  12.667825  2.857143  59.630162  9.258427  3.995313  -16.659603  23.984291  34.255150  15.887175  111.793993
0.705950  0.000000  0.000000  0.000000  -38.947548  12.667825  7.142857  59.910791  5.555056  1.819821  -16.659603  23.984291  34.255150  15.887175  111.793993
0.706182  0.000000  0.000000  0.000000  -38.947548  12.667825  11.428571  60.049492  1.843826  -0.328424  -16.659603  23.984291  34.255150  15.887175  111.793993
0.706414  0.000000  0.000000  0.000000  -38.947548  12.667825  15.714286  60.049006  -1.869982  -2.467716  -16.659603  23.984291  34.255150  15.887175  111.793993
0.706645  0.000000  0.000000  0.000000  -38.947548  12.667825  20.000000  59.909316  -5.581176  -4.616089  -16.659603  23.984291  34.255150  15.887175  111.793993
0.706877  0.000000  0.000000  0.000000  -38.947548  12.667825  24.285714  59.627669  -9.284472  -6.791840  -16.659603  23.984291  34.255150  15.887175  111.793993
0.707108  0.000000  0.000000  0.000000  -38.947548  12.667825  28.571429  59.198444  -12.974332  -9.014032  -16.659603  23.984291  34.255150  15.887175  111.793993
0.707340  0.000000  0.000000  0.000000  -38.947548  12.667825  32.857143  58.613012  -16.644778  -11.303030  -16.659603  23.984291  34.255150  15.887175  111.793993
0.707571  0.000000  0.000000  0.000000  -38.947548  12.667825  37.142857  57.859211  -20.289148  -13.681219  -16.659603  23.984291  34.255150  15.887175  111.793993
0.707803  0.000000  0.000000  0.000000  -38.947548  12.667825  41.428571  56.921176  -23.899873  -16.173521  -16.659603  23.984291  34.255150  15.887175  111.793993
0.708034  0.000000  0.000000  0.000000  -38.947548  12.667825  45.714286  55.778529  -27.468147  -18.808300  -16.659603  23.984291  34.255150  15.887175  111.793993
0.708266  0.000000  0.000000  0.000000  -38.947548  12.667825  50.000000  54.405729  -30.983533  -21.618209  -16.659603  23.984291  34.255150  15.887175  111.793993
0.708497  0.000000  0.000000  0.000000  -44.217060  1.913771  -10.000000  61.630591  32.482615  -0.333911  -29.010836  32.075476  24.563627  29.647256  110.924079
0.708729  0.000000  0.000000  0.000000  -44.217060  1.913771  -5.714286  62.811783  28.690231  -2.653759  -29.010836  32.075476  24.563627  29.647256  110.924079
0.708960  0.000000  0.000000  0.000000  -44.217060  1.913771  -1.428571  63.784008  24.861067  -4.810475  -29.010836  32.075476  24.563627  29.647256  110.924079
0.709192  0.000000  0.000000  0.000000  -44.217060  1.913771  2.857143  64.574128  21.002809  -6.836972  -29.010836  32.075476  24.563627  29.647256  110.924079
0.709423  0.000000  0.000000  0.000000  -44.217060  1.913771  7.142857  65.202892  17.121780  -8.760910  -29.010836  32.075476  24.563627  29.647256  110.924079
0.709655  0.000000  0.000000  0.000000  -44.217060  1.913771  11.428571  65.686095  13.223316  -10.605906  -29.010836  32.075476  24.563627  29.647256  110.924079
0.709887  0.000000  0.000000  0.000000  -44.217060  1.913771  15.714286  66.035453  9.312050  -12.392688  -29.010836  32.075476  24.563627  29.647256  110.924079
0.710118  0.000000  0.000000  0.000000  -44.217060  1.913771  20.000000  66.259171  5.392080  -14.139798  -29.010836  32.075476  24.563627  29.647256  110.924079
0.710350  0.000000  0.000000  0.000000  -44.217060  1.913771  24.285714  66.362410  1.467190  -15.864445  -29.010836  32.075476  24.563627  29.647256  110.924079
0.710581  0.000000  0.000000  0.000000  -44.217060  1.913771  28.571429  66.347527  -2.459022  -17.583041  -29.010836  32.075476  24.563627  29.647256  110.924079
0.710813  0.000000  0.000000  0.000000  -44.217060  1.913771  32.857143  66.214178  -6.383013  -19.311793  -29.010836  32.075476  24.563627  29.647256  110.924079
0.711044  0.000000  0.000000  0.000000  -44.217060  1.913771  37.142857  65.959323  -10.301153  -21.067256  -29.010836  32.075476  24.563627  29.647256  110.924079
0.711276  0.000000  0.000000  0.000000  -44.217060  1.913771  41.428571  65.577058  -14.209592  -22.866914  -29.010836  32.075476  24.563627  29.647256  110.924079
0.711507  0.000000  0.000000  0.000000  -44.217060  1.913771  45.714286  65.058332  -18.104107  -24.729809  -29.010836  32.075476  24.563627  29.647256  110.924079
0.711739  0.000000  0.000000  0.000000  -44.217060  1.913771  50.000000  64.390474  -21.979921  -26.677291  -29.010836  32.075476  24.563627  29.647256  110.924079
0.711970  0.000000  0.000000  0.000000  -46.776766  19.254789  -10.000000  54.655580  22.848934  16.904621  -16.462923  48.231726  17.908256  28.764666  125.210101
0.712202  0.000000  0.000000  0.000000  -46.776766  19.254789  -5.714286  55.601064  19.332129  14.278764  -16.462923  48.231726  17.908256  28.764666  125.210101
0.712433  0.000000  0.000000  0.000000  -46.776766  19.254789  -1.428571  56.360004  15.779328  11.764263  -16.462923  48.231726  17.908256  28.764666  125.210101
0.712665  0.000000  0.000000  0.000000  -46.776766  19.254789  2.857143  56.947176  12.198656  9.336786  -16.462923  48.231726  17.908256  28.764666  125.210101
0.712897  0.000000  0.000000  0.000000  -46.776766  19.254789  7.142857  57.373838  8.597308  6.974281  -16.462923  48.231726  17.908256  28.764666  125.210101
0.713128  0.000000  0.000000  0.000000  -46.776766  19.254789  11.428571  57.648041  4.981837  4.656383  -16.462923  48.231726  17.908256  28.764666  125.210101
0.713360  0.000000  0.000000  0.000000  -46.776766  19.254789  15.714286  57.774896  1.358344  2.363899  -16.462923  48.231726  17.908256  28.764666  125.210101
0.713591  0.000000  0.000000  0.000000  -46.776766  19.254789  20.000000  57.756754  -2.267316  0.078291  -16.462923  48.231726  17.908256  28.764666  125.210101
0.713823  0.000000  0.000000  0.000000  -46.776766  19.254789  24.285714  57.593281  -5.889354  -2.218805  -16.462923  48.231726  17.908256  28.764666  125.210101
0.714054  0.000000  0.000000  0.000000  -46.776766  19.254789  28.571429  57.281436  -9.501866  -4.546060  -16.462923  48.231726  17.908256  28.764666  125.210101
0.714286  0.000000  0.000000  0.000000  -46.776766  19.254789  32.857143  56.815407  -13.098670  -6.922880  -16.462923  48.231726  17.908256  28.764666  125.210101
0.714517  0.000000  0.000000  0.000000  -46.776766  19.254789  37.142857  56.186353  -16.673065  -9.370025  -16.462923  48.231726  17.908256  28.764666  125.210101
0.714749  0.000000  0.000000  0.000000  -46.776766  19.254789  41.428571  55.382183  -20.217646  -11.910052  -16.462923  48.231726  17.908256  28.764666  125.210101
0.714980  0.000000  0.000000  0.000000  -46.776766  19.254789  45.714286  54.387146  -23.724020  -14.567977  -16.462923  48.231726  17.908256  28.764666  125.210101
0.715212  0.000000  0.000000  0.000000  -46.776766  19.254789  50.000000  53.181342  -27.182473  -17.371923  -16.462923  48.231726  17.908256  28.764666  125.210101
0.715443  0.000000  0.000000  0.000000  -38.732762  6.818039  -10.000000  52.477758  5.966734  2.757858  -1.347891  25.445655  18.128386  16.568220  123.242622
0.715675  0.000000  0.000000  0.000000  -38.732762  6.818039  -5.714286  52.672070  2.562648  0.146477  -1.347891  25.445655  18.128386  16.568220  123.242622
0.715906  0.000000  0.000000  0.000000  -38.732762  6.818039  -1.428571  52.710987  -0.846721  -2.451028  -1.347891  25.445655  18.128386  16.568220  123.242622
0.716138  0.000000  0.000000  0.000000  -38.732762  6.818039  2.857143  52.595126  -4.254349  -5.053106  -1.347891  25.445655  18.128386  16.568220  123.242622
0.716370  0.000000  0.000000  0.000000  -38.732762  6.818039  7.142857  52.322656  -7.653164  -7.678304  -1.347891  25.445655  18.128386  16.568220  123.242622
0.716601  0.000000  0.000000  0.000000  -38.732762  6.818039  11.428571  51.889298  -11.035846  -10.345621  -1.347891  25.445655  18.128386  16.568220  123.242622
0.716833  0.000000  0.000000  0.000000  -38.732762  6.818039  15.714286  51.288200  -14.394661  -13.074906  -1.347891  25.445655  18.128386  16.568220  123.242622
0.717064  0.000000  0.000000  0.000000  -38.732762  6.818039  20.000000  50.509810  -17.721220  -15.887233  -1.347891  25.445655  18.128386  16.568220  123.242622
0.717296  0.000000  0.000000  0.000000  -38.732762  6.818039  24.285714  49.541693  -21.006252  -18.805289  -1.347891  25.445655  18.128386  16.568220  123.242622
0.717527  0.000000  0.000000  0.000000  -38.732762  6.818039  28.571429  48.368380  -24.239337  -21.853733  -1.347891  25.445655  18.128386  16.568220  123.242622
0.717759  0.000000  0.000000  0.000000  -38.732762  6.818039  32.857143  46.971051  -27.408565  -25.059599  -1.347891  25.445655  18.128386  16.568220  123.242622
0.717990  0.000000  0.000000  0.000000  -38.732762  6.818039  37.142857  45.327538  -30.500206  -28.452499  -1.347891  25.445655  18.128386  16.568220  123.242622
0.718222  0.000000  0.000000  0.000000  -38.732762  6.818039  41.428571  43.412252  -33.498286  -32.064758  -1.347891  25.445655  18.128386  16.568220  123.242622
0.718453  0.000000  0.000000  0.000000  -38.732762  6.818039  45.714286  41.196549  -36.384145  -35.931202  -1.347891  25.445655  18.128386  16.568220  123.242622
0.718685  0.000000  0.000000  0.000000  -38.732762  6.818039  50.000000  38.649342  -39.135965  -40.088536  -1.347891  25.445655  18.128386  16.568220  123.242622
0.718916  0.000000  0.000000  0.000000  -25.871997  16.791290  -10.000000  50.462996  32.013942  11.955353  -12.945222  31.095409  1.362078  17.420587  117.339451
0.719148  0.000000  0.000000  0.000000  -25.871997  16.791290  -5.714286  52.034045  28.670724  8.847298  -12.945222  31.095409  1.362078  17.420587  117.339451
0.719379  0.000000  0.000000  0.000000  -25.871997  16.791290  -1.428571  53.356175  25.260963  5.933436  -12.945222  31.095409  1.362078  17.420587  117.339451
0.719611  0.000000  0.000000  0.000000  -25.871997  16.791290  2.857143  54.456010  21.797159  3.180110  -12.945222  31.095409  1.362078  17.420587  117.339451
0.719843  0.000000  0.000000  0.000000  -25.871997  16.791290  7.142857  55.355379  18.289911  0.557671  -12.945222  31.095409  1.362078  17.420587  117.339451
0.720074  0.000000  0.000000  0.000000  -25.871997  16.791290  11.428571  56.071734  14.748323  -1.960153  -12.945222  31.095409  1.362078  17.420587  117.339451
0.720306  0.000000  0.000000  0.000000  -25.871997  16.791290  15.714286  56.618773  11.180381  -4.396990  -12.945222  31.095409  1.362078  17.420587  117.339451
0.720537  0.000000  0.000000  0.000000  -25.871997  16.791290  20.000000  57.006758  7.593203  -6.774342  -12.945222  31.095409  1.362078  17.420587  117.339451
0.720769  0.000000  0.000000  0.000000  -25.871997  16.791290  24.285714  57.242894  3.993318  -9.112233  -12.945222  31.095409  1.362078  17.420587  117.339451
0.721000  0.000000  0.000000  0.000000  -25.871997  16.791290  28.571429  57.331508  0.386870  -11.429667  -12.945222  31.095409  1.362078  17.420587  117.339451
0.721232  0.000000  0.000000  0.000000  -25.871997  16.791290  32.857143  57.274224  -3.220208  -13.745123  -12.945222  31.095409  1.362078  17.420587  117.339451
0.721463  0.000000  0.000000  0.000000  -25.871997  16.791290  37.142857  57.070002  -6.822009  -16.077055  -12.945222  31.095409  1.362078  17.420587  117.339451
0.721695  0.000000  0.000000  0.000000  -25.871997  16.791290  41.428571  56.715088  -10.412442  -18.444300  -12.945222  31.095409  1.362078  17.420587  117.339451
0.721926  0.000000  0.000000  0.000000  -25.871997  16.791290  45.714286  56.202921  -13.985088  -20.866619  -12.945222  31.095409  1.362078  17.420587  117.339451
0.722158  0.000000  0.000000  0.000000  -25.871997  16.791290  50.000000  55.523905  -17.532970  -23.365166  -12.945222  31.095409  1.362078  17.420587  117.339451
0.722389  0.000000  0.000000  0.000000  -40.285204  1.289839  -10.000000  61.056472  32.185855  -1.795029  -20.554161  43.690622  33.712340  27.698635  110.452789
0.722621  0.000000  0.000000  0.000000  -40.285204  1.289839  -5.714286  62.246198  28.413509  -4.151625  -20.554161  43.690622  33.712340  27.698635  110.452789
0.722853  0.000000  0.000000  0.000000  -40.285204  1.289839  -1.428571  63.225866  24.603402  -6.345149  -20.554161  43.690622  33.712340  27.698635  110.452789
0.723084  0.000000  0.000000  0.000000  -40.285204  1.289839  2.857143  64.022045  20.763396  -8.408366  -20.554161  43.690622  33.712340  27.698635  110.452789
0.723316  0.000000  0.000000  0.000000  -40.285204  1.289839  7.142857  64.655300  16.899987  -10.368901  -20.554161  43.690622  33.712340  27.698635  110.452789
0.723547  0.000000  0.000000  0.000000  -40.285204  1.289839  11.428571  65.141304  13.018667  -12.250428  -20.554161  43.690622  33.712340  27.698635  110.452789
0.723779  0.000000  0.000000  0.000000  -40.285204  1.289839  15.714286  65.491678  9.124214  -14.073770  -20.554161  43.690622  33.712340  27.698635  110.452789
0.724010  0.000000  0.000000  0.000000  -40.285204  1.289839  20.000000  65.714552  5.220870  -15.857622  -20.554161  43.690622  33.712340  27.698635  110.452789
0.724242  0.000000  0.000000  0.000000  -40.285204  1.289839  24.285714  65.815011  1.312556  -17.619362  -20.554161  43.690622  33.712340  27.698635  110.452789
0.724473  0.000000  0.000000  0.000000  -40.285204  1.289839  28.571429  65.795311  -2.596994  -19.375590  -20.554161  43.690622  33.712340  27.698635  110.452789
0.724705  0.000000  0.000000  0.000000  -40.285204  1.289839  32.857143  65.655016  -6.504093  -21.142738  -20.554161  43.690622  33.712340  27.698635  110.452789
0.724936  0.000000  0.000000  0.000000  -40.285204  1.289839  37.142857  65.390955  -10.404962  -22.937593  -20.554161  43.690622  33.712340  27.698635  110.452789
0.725168  0.000000  0.000000  0.000000  -40.285204  1.289839  41.428571  64.997077  -14.295591  -24.777897  -20.554161  43.690622  33.712340  27.698635  110.452789
0.725399  0.000000  0.000000  0.000000  -40.285204  1.289839  45.714286  64.464155  -18.171580  -26.682973  -20.554161  43.690622  33.712340  27.698635  110.452789
0.725631  0.000000  0.000000  0.000000  -40.285204  1.289839  50.000000  63.779318  -22.027948  -28.674466  -20.554161  43.690622  33.712340  27.698635  110.452789
0.725862  0.000000  0.000000  0.000000  -35.235929  10.502568  -10.000000  59.407112  24.301334  6.317464  -12.620883  25.449626  5.882586  24.871212  110.253504
0.726094  0.000000  0.000000  0.000000  -35.235929  10.502568  -5.714286  60.296817  20.594809  3.988944  -12.620883  25.449626  5.882586  24.871212  110.253504
0.726326  0.000000  0.000000  0.000000  -35.235929  10.502568  -1.428571  61.009191  16.858604  1.771498  -12.620883  25.449626  5.882586  24.871212  110.253504
0.726557  0.000000  0.000000  0.000000  -35.235929  10.502568  2.857143  61.560374  13.099504  -0.359655  -12.620883  25.449626  5.882586  24.871212  110.253504
0.726789  0.000000  0.000000  0.000000  -35.235929  10.502568  7.142857  61.962497  9.323437  -2.426496  -12.620883  25.449626  5.882586  24.871212  110.253504
0.727020  0.000000  0.000000  0.000000  -35.235929  10.502568  11.428571  62.224169  5.535708  -4.448967  -12.620883  25.449626  5.882586  24.871212  110.253504
0.727252  0.000000  0.000000  0.000000  -35.235929  10.502568  15.714286  62.350972  1.741209  -6.445628  -12.620883  25.449626  5.882586  24.871212  110.253504
0.727483  0.000000  0.000000  0.000000  -35.235929  10.502568  20.000000  62.345517  -2.055392  -8.434256  -12.620883  25.449626  5.882586  24.871212  110.253504
0.727715  0.000000  0.000000  0.000000  -35.235929  10.502568  24.285714  62.207700  -5.849508  -10.432374  -12.620883  25.449626  5.882586  24.871212  110.253504
0.727946  0.000000  0.000000  0.000000  -35.235929  10.502568  28.571429  61.934632  -9.636459  -12.457808  -12.620883  25.449626  5.882586  24.871212  110.253504
0.728178  0.000000  0.000000  0.000000  -35.235929  10.502568  32.857143  61.520557  -13.411335  -14.529179  -12.620883  25.449626  5.882586  24.871212  110.253504
0.728409  0.000000  0.000000  0.000000  -35.235929  10.502568  37.142857  60.956541  -17.168775  -16.666607  -12.620883  25.449626  5.882586  24.871212  110.253504
0.728641  0.000000  0.000000  0.000000  -35.235929  10.502568  41.428571  60.230156  -20.902798  -18.892265  -12.620883  25.449626  5.882586  24.871212  110.253504
0.728872  0.000000  0.000000  0.000000  -35.235929  10.502568  45.714286  59.324907  -24.606541  -21.231205  -12.620883  25.449626  5.882586  24.871212  110.253504
0.729104  0.000000  0.000000  0.000000  -35.235929  10.502568  50.000000  58.219524  -28.271939  -23.712257  -12.620883  25.449626  5.882586  24.871212  110.253504
0.729335  0.000000  0.000000  0.000000  -31.008165  8.191489  -10.000000  53.702341  24.423053  7.221319  -9.740678  39.454245  38.832006  15.101936  119.487758
0.729567  0.000000  0.000000  0.000000  -31.008165  8.191489  -5.714286  54.750048  20.945218  4.506274  -9.740678  39.454245  38.832006  15.101936  119.487758
0.729799  0.000000  0.000000  0.000000  -31.008165  8.191489  -1.428571  55.602042  17.426397  1.915345  -9.740678  39.454245  38.832006  15.101936  119.487758
0.730030  0.000000  0.000000  0.000000  -31.008165  8.191489  2.857143  56.274853  13.875377  -0.577053  -9.740678  39.454245  38.832006  15.101936  119.487758
0.730262  0.000000  0.000000  0.000000  -31.008165  8.191489  7.142857  56.781288  10.299880  -2.993956  -9.740678  39.454245  38.832006  15.101936  119.487758
0.730493  0.000000  0.000000  0.000000  -31.008165  8.191489  11.428571  57.130847  6.706852  -5.356468  -9.740678  39.454245  38.832006  15.101936  119.487758
0.730725  0.000000  0.000000  0.000000  -31.008165  8.191489  15.714286  57.330003  3.102694  -7.684305  -9.740678  39.454245  38.832006  15.101936  119.487758
0.730956  0.000000  0.000000  0.000000  -31.008165  8.191489  20.000000  57.382411  -0.506539  -9.996292  -9.740678  39.454245  38.832006  15.101936  119.487758
0.731188  0.000000  0.000000  0.000000  -31.008165  8.191489  24.285714  57.289022  -4.114948  -12.310855  -9.740678  39.454245  38.832006  15.101936  119.487758
0.731419  0.000000  0.000000  0.000000  -31.008165  8.191489  28.571429  57.048152  -7.716604  -14.646501  -9.740678  39.454245  38.832006  15.101936  119.487758
0.731651  0.000000  0.000000  0.000000  -31.008165  8.191489  32.857143  56.655347  -11.305377  -17.022237  -9.740678  39.454245  38.832006  15.101936  119.487758
0.731882  0.000000  0.000000  0.000000  -31.008165  8.191489  37.142857  56.103314  -14.874735  -19.458124  -9.740678  39.454245  38.832006  15.101936  119.487758
0.732114  0.000000  0.000000  0.000000  -31.008165  8.191489  41.428571  55.381663  -18.417541  -21.975748  -9.740678  39.454245  38.832006  15.101936  119.487758
0.732345  0.000000  0.000000  0.000000  -31.008165  8.191489  45.714286  54.476581  -21.925806  -24.598800  -9.740678  39.454245  38.832006  15.101936  119.487758
0.732577  0.000000  0.000000  0.000000  -31.008165  8.191489  50.000000  53.370425  -25.390372  -27.353696  -9.740678  39.454245  38.832006  15.101936  119.487758
0.732809  0.000000  0.000000  0.000000  -29.141679  4.050341  -10.000000  52.009947  13.946917  1.806664  9.524061  39.313606  17.790969  14.392677  125.015356
0.733040  0.000000  0.000000  0.000000  -29.141679  4.050341  -5.714286  52.579381  10.555569  -0.875184  9.524061  39.313606  17.790969  14.392677  125.015356
0.733272  0.000000  0.000000  0.000000  -29.141679  4.050341  -1.428571  52.983135  7.142114  -3.498282  9.524061  39.313606  17.790969  14.392677  125.015356
0.733503  0.000000  0.000000  0.000000  -29.141679  4.050341  2.857143  53.227731  3.714067  -6.082394  9.524061  39.313606  17.790969  14.392677  125.015356
0.733735  0.000000  0.000000  0.000000  -29.141679  4.050341  7.142857  53.317108  0.278544  -8.646470  9.524061  39.313606  17.790969  14.392677  125.015356
0.733966  0.000000  0.000000  0.000000  -29.141679  4.050341  11.428571  53.252691  -3.157535  -11.209051  9.524061  39.313606  17.790969  14.392677  125.015356
0.734198  0.000000  0.000000  0.000000  -29.141679  4.050341  15.714286  53.033462  -6.587266  -13.788647  9.524061  39.313606  17.790969  14.392677  125.015356
0.734429  0.000000  0.000000  0.000000  -29.141679  4.050341  20.000000  52.655873  -10.003588  -16.404106  9.524061  39.313606  17.790969  14.392677  125.015356
0.734661  0.000000  0.000000  0.000000  -29.141679  4.050341  24.285714  52.113844  -13.399050  -19.075042  9.524061  39.313606  17.790969  14.392677  125.015356
0.734892  0.000000  0.000000  0.000000  -29.141679  4.050341  28.571429  51.398579  -16.765650  -21.822208  9.524061  39.313606  17.790969  14.392677  125.015356
0.735124  0.000000  0.000000  0.000000  -29.141679  4.050341  32.857143  50.498376  -20.094571  -24.667892  9.524061  39.313606  17.790969  14.392677  125.015356
0.735355  0.000000  0.000000  0.000000  -29.141679  4.050341  37.142857  49.398436  -23.375920  -27.636360  9.524061  39.313606  17.790969  14.392677  125.015356
0.735587  0.000000  0.000000  0.000000  -29.141679  4.050341  41.428571  48.080604  -26.598426  -30.754228  9.524061  39.313606  17.790969  14.392677  125.015356
0.735818  0.000000  0.000000  0.000000  -29.141679  4.050341  45.714286  46.523206  -29.749135  -34.050832  9.524061  39.313606  17.790969  14.392677  125.015356
0.736050  0.000000  0.000000  0.000000  -29.141679  4.050341  50.000000  44.700884  -32.812876  -37.558407  9.524061  39.313606  17.790969  14.392677  125.015356
0.736282  0.000000  0.000000  0.000000  -28.130998  17.720351  -10.000000  52.229736  23.046183  10.967884  -10.627327  30.622049  4.943559  12.172515  128.084542
0.736513  0.000000  0.000000  0.000000  -28.130998  17.720351  -5.714286  53.244039  19.634621  8.182345  -10.627327  30.622049  4.943559  12.172515  128.084542
0.736745  0.000000  0.000000  0.000000  -28.130998  17.720351  -1.428571  54.065212  16.181998  5.513467  -10.627327  30.622049  4.943559  12.172515  128.084542
0.736976  0.000000  0.000000  0.000000  -28.130998  17.720351  2.857143  54.708126  12.697258  2.936816  -10.627327  30.622049  4.943559  12.172515  128.084542
0.737208  0.000000  0.000000  0.000000  -28.130998  17.720351  7.142857  55.184260  9.188345  0.430139  -10.627327  30.622049  4.943559  12.172515  128.084542
0.737439  0.000000  0.000000  0.000000  -28.130998  17.720351  11.428571  55.502036  5.662487  -2.027201  -10.627327  30.622049  4.943559  12.172515  128.084542
0.737671  0.000000  0.000000  0.000000  -28.130998  17.720351  15.714286  55.667003  2.126413  -4.454666  -10.627327  30.622049  4.943559  12.172515  128.084542
0.737902  0.000000  0.000000  0.000000  -28.130998  17.720351  20.000000  55.682058  -1.413459  -6.871013  -10.627327  30.622049  4.943559  12.172515  128.084542
0.738134  0.000000  0.000000  0.000000  -28.130998  17.720351  24.285714  55.547424  -4.950811  -9.294744  -10.627327  30.622049  4.943559  12.172515  128.084542
0.738365  0.000000  0.000000  0.000000  -28.130998  17.720351  28.571429  55.260787  -8.479252  -11.744536  -10.627327  30.622049  4.943559  12.172515  128.084542
0.738597  0.000000  0.000000  0.000000  -28.130998  17.720351  32.857143  54.817134  -11.992140  -14.239659  -10.627327  30.622049  4.943559  12.172515  128.084542
0.738828  0.000000  0.000000  0.000000  -28.130998  17.720351  37.142857  54.208637  -15.482364  -16.800481  -10.627327  30.622049  4.943559  12.172515  128.084542
0.739060  0.000000  0.000000  0.000000  -28.130998  17.720351  41.428571  53.424453  -18.942144  -19.448892  -10.627327  30.622049  4.943559  12.172515  128.084542
0.739292  0.000000  0.000000  0.000000  -28.130998  17.720351  45.714286  52.450425  -22.362758  -22.208843  -10.627327  30.622049  4.943559  12.172515  128.084542
0.739523  0.000000  0.000000  0.000000  -28.130998  17.720351  50.000000  51.268731  -25.734239  -25.106877  -10.627327  30.622049  4.943559  12.172515  128.084542
0.739755  0.000000  0.000000  0.000000  -32.289658  -2.647580  -10.000000  56.106109  15.371181  -1.499998  -22.071462  18.271236  32.473448  16.038942  116.519899
0.739986  0.000000  0.000000  0.000000  -32.289658  -2.647580  -5.714286  56.679652  11.801259  -3.940024  -22.071462  18.271236  32.473448  16.038942  116.519899
0.740218  0.000000  0.000000  0.000000  -32.289658  -2.647580  -1.428571  57.092937  8.211071  -6.317097  -22.071462  18.271236  32.473448  16.038942  116.519899
0.740449  0.000000  0.000000  0.000000  -32.289658  -2.647580  2.857143  57.353672  4.607202  -8.651453  -22.071462  18.271236  32.473448  16.038942  116.519899
0.740681  0.000000  0.000000  0.000000  -32.289658  -2.647580  7.142857  57.466692  0.995788  -10.962205  -22.071462  18.271236  32.473448  16.038942  116.519899
0.740912  0.000000  0.000000  0.000000  -32.289658  -2.647580  11.428571  57.434047  -2.617238  -13.267896  -22.071462  18.271236  32.473448  16.038942  116.519899
0.741144  0.000000  0.000000  0.000000  -32.289658  -2.647580  15.714286  57.255154  -6.226006  -15.586928  -22.071462  18.271236  32.473448  16.038942  116.519899
0.741375  0.000000  0.000000  0.000000  -32.289658  -2.647580  20.000000  56.926699  -9.824518  -17.938039  -22.071462  18.271236  32.473448  16.038942  116.519899
0.741607  0.000000  0.000000  0.000000  -32.289658  -2.647580  24.285714  56.442618  -13.406455  -20.340776  -22.071462  18.271236  32.473448  16.038942  116.519899
0.741838  0.000000  0.000000  0.000000  -32.289658  -2.647580  28.571429  55.793825  -16.964986  -22.816040  -22.071462  18.271236  32.473448  16.038942  116.519899
0.742070  0.000000  0.000000  0.000000  -32.289658  -2.647580  32.857143  54.967938  -20.492524  -25.386581  -22.071462  18.271236  32.473448  16.038942  116.519899
0.742301  0.000000  0.000000  0.000000  -32.289658  -2.647580  37.142857  53.948936  -23.980474  -28.077619  -22.071462  18.271236  32.473448  16.038942  116.519899
0.742533  0.000000  0.000000  0.000000  -32.289658  -2.647580  41.428571  52.716657  -27.418889  -30.917491  -22.071462  18.271236  32.473448  16.038942  116.519899
0.742765  0.000000  0.000000  0.000000  -32.289658  -2.647580  45.714286  51.246273  -30.796097  -33.938330  -22.071462  18.271236  32.473448  16.038942  116.519899
0.742996  0.000000  0.000000  0.000000  -32.289658  -2.647580  50.000000  49.507732  -34.098206  -37.176760  -22.071462  18.271236  32.473448  16.038942  116.519899
0.743228  0.000000  0.000000  0.000000  -23.055533  13.268462  -10.000000  53.374685  21.298998  7.702355  -7.687776  26.424045  25.556722  21.575089  115.897584
0.743459  0.000000  0.000000  0.000000  -23.055533  13.268462  -5.714286  54.274349  17.838843  5.017975  -7.687776  26.424045  25.556722  21.575089  115.897584
0.743691  0.000000  0.000000  0.000000  -23.055533  13.268462  -1.428571  54.990276  14.343424  2.436542  -7.687776  26.424045  25.556722  21.575089  115.897584
0.743922  0.000000  0.000000  0.000000  -23.055533  13.268462  2.857143  55.535601  10.820958  -0.065209  -7.687776  26.424045  25.556722  21.575089  115.897584
0.744154  0.000000  0.000000  0.000000  -23.055533  13.268462  7.142857  55.920177  7.278816  -2.508631  -7.687776  26.424045  25.556722  21.575089  115.897584
0.744385  0.000000  0.000000  0.000000  -23.055533  13.268462  11.428571  56.150886  3.723789  -4.913664  -7.687776  26.424045  25.556722  21.575089  115.897584
0.744617  0.000000  0.000000  0.000000  -23.055533  13.268462  15.714286  56.231826  0.162280  -7.299299  -7.687776  26.424045  25.556722  21.575089  115.897584
0.744848  0.000000  0.000000  0.000000  -23.055533  13.268462  20.000000  56.164420  -3.399527  -9.684121  -7.687776  26.424045  25.556722  21.575089  115.897584
0.745080  0.000000  0.000000  0.000000  -23.055533  13.268462  24.285714  55.947482  -6.955407  -12.086612  -7.687776  26.424045  25.556722  21.575089  115.897584
0.745311  0.000000  0.000000  0.000000  -23.055533  13.268462  28.571429  55.577163  -10.498995  -14.525731  -7.687776  26.424045  25.556722  21.575089  115.897584
0.745543  0.000000  0.000000  0.000000  -23.055533  13.268462  32.857143  55.046835  -14.023547  -17.021304  -7.687776  26.424045  25.556722  21.575089  115.897584
0.745774  0.000000  0.000000  0.000000  -23.055533  13.268462  37.142857  54.346949  -17.521759  -19.594552  -7.687776  26.424045  25.556722  21.575089  115.897584
0.746006  0.000000  0.000000  0.000000  -23.055533  13.268462  41.428571  53.464658  -20.985498  -22.268527  -7.687776  26.424045  25.556722  21.575089  115.897584
0.746238  0.000000  0.000000  0.000000  -23.055533  13.268462  45.714286  52.383578  -24.405532  -25.068747  -7.687776  26.424045  25.556722  21.575089  115.897584
0.746469  0.000000  0.000000  0.000000  -23.055533  13.268462  50.000000  51.083317  -27.771222  -28.023718  -7.687776  26.424045  25.556722  21.575089  115.897584
0.746701  0.000000  0.000000  0.000000  -37.101478  12.137309  -10.000000  55.677625  28.075919  6.319801  -7.329822  26.561013  40.634574  21.735563  128.936370
0.746932  0.000000  0.000000  0.000000  -37.101478  12.137309  -5.714286  56.854142  24.511117  3.665491  -7.329822  26.561013  40.634574  21.735563  128.936370
0.747164  0.000000  0.000000  0.000000  -37.101478  12.137309  -1.428571  57.822439  20.902476  1.158636  -7.329822  26.561013  40.634574  21.735563  128.936370
0.747395  0.000000  0.000000  0.000000  -37.101478  12.137309  2.857143  58.603702  17.259008  -1.229768  -7.329822  26.561013  40.634574  21.735563  128.936370
0.747627  0.000000  0.000000  0.000000  -37.101478  12.137309  7.142857  59.214575  13.588432  -3.525200  -7.329822  26.561013  40.634574  21.735563  128.936370
0.747858  0.000000  0.000000  0.000000  -37.101478  12.137309  11.428571  59.667732  9.897493  -5.750350  -7.329822  26.561013  40.634574  21.735563  128.936370
0.748090  0.000000  0.000000  0.000000  -37.101478  12.137309  15.714286  59.972391  6.192258  -7.925895  -7.329822  26.561013  40.634574  21.735563  128.936370
0.748321  0.000000  0.000000  0.000000  -37.101478  12.137309  20.000000  60.134641  2.478288  -10.071047  -7.329822  26.561013  40.634574  21.735563  128.936370
0.748553  0.000000  0.000000  0.000000  -37.101478  12.137309  24.285714  60.157743  -1.239125  -12.204173  -7.329822  26.561013  40.634574  21.735563  128.936370
0.748784  0.000000  0.000000  0.000000  -37.101478  12.137309  28.571429  60.042090  -4.954837  -14.343311  -7.329822  26.561013  40.634574  21.735563  128.936370
0.749016  0.000000  0.000000  0.000000  -37.101478  12.137309  32.857143  59.785431  -8.663586  -16.506645  -7.329822  26.561013  40.634574  21.735563  128.936370
0.749248  0.000000  0.000000  0.000000  -37.101478  12.137309  37.142857  59.382647  -12.359936  -18.713041  -7.329822  26.561013  40.634574  21.735563  128.936370
0.749479  0.000000  0.000000  0.000000  -37.101478  12.137309  41.428571  58.825581  -16.038011  -20.982635  -7.329822  26.561013  40.634574  21.735563  128.936370
0.749711  0.000000  0.000000  0.000000  -37.101478  12.137309  45.714286  58.102759  -19.691321  -23.337369  -7.329822  26.561013  40.634574  21.735563  128.936370
0.749942  0.000000  0.000000  0.000000  -37.101478  12.137309  50.000000  57.198930  -23.312506  -25.801702  -7.329822  26.561013  40.634574  21.735563  128.936370
0.750174  0.000000  0.000000  0.000000  -41.385137  -1.907398  -10.000000  70.029176  33.283319  2.230896  -22.191334  23.193715  35.735362  13.752128  111.206783
0.750405  0.000000  0.000000  0.000000  -41.385137  -1.907398  -5.714286  70.899689  29.243989  0.554662  -22.191334  23.193715  35.735362  13.752128  111.206783
0.750637  0.000000  0.000000  0.000000  -41.385137  -1.907398  -1.428571  71.608312  25.185350  -0.993785  -22.191334  23.193715  35.735362  13.752128  111.206783
0.750868  0.000000  0.000000  0.000000  -41.385137  -1.907398  2.857143  72.178040  21.111635  -2.442066  -22.191334  23.193715  35.735362  13.752128  111.206783
0.751100  0.000000  0.000000  0.000000  -41.385137  -1.907398  7.142857  72.626148  17.026281  -3.812732  -22.191334  23.193715  35.735362  13.752128  111.206783
0.751331  0.000000  0.000000  0.000000  -41.385137  -1.907398  11.428571  72.965477  12.932152  -5.124671  -22.191334  23.193715  35.735362  13.752128  111.206783
0.751563  0.000000  0.000000  0.000000  -41.385137  -1.907398  15.714286  73.205290  8.831652  -6.394130  -22.191334  23.193715  35.735362  13.752128  111.206783
0.751794  0.000000  0.000000  0.000000  -41.385137  -1.907398  20.000000  73.351953  4.726998  -7.635629  -22.191334  23.193715  35.735362  13.752128  111.206783
0.752026  0.000000  0.000000  0.000000  -41.385137  -1.907398  24.285714  73.409212  0.620161  -8.862478  -22.191334  23.193715  35.735362  13.752128  111.206783
0.752257  0.000000  0.000000  0.000000  -41.385137  -1.907398  28.571429  73.378545  -3.486960  -10.087413  -22.191334  23.193715  35.735362  13.752128  111.206783
0.752489  0.000000  0.000000  0.000000  -41.385137  -1.907398  32.857143  73.259177  -7.592477  -11.323119  -22.191334  23.193715  35.735362  13.752128  111.206783
0.752721  0.000000  0.000000  0.000000  -41.385137  -1.907398  37.142857  73.048038  -11.694439  -12.582680  -22.191334  23.193715  35.735362  13.752128  111.206783
0.752952  0.000000  0.000000  0.000000  -41.385137  -1.907398  41.428571  72.739596  -15.790739  -13.880172  -22.191334  23.193715  35.735362  13.752128  111.206783
0.753184  0.000000  0.000000  0.000000  -41.385137  -1.907398  45.714286  72.325514  -19.879027  -15.231246  -22.191334  23.193715  35.735362  13.752128  111.206783
0.753415  0.000000  0.000000  0.000000  -41.385137  -1.907398  50.000000  71.794108  -23.956580  -16.653909  -22.191334  23.193715  35.735362  13.752128  111.206783
0.753647  0.000000  0.000000  0.000000  -37.871141  14.238916  -10.000000  51.312949  8.671672  2.025095  -9.141850  22.532650  23.211607  13.860718  111.949873
0.753878  0.000000  0.000000  0.000000  -37.871141  14.238916  -5.714286  51.640609  5.318102  -0.663824  -9.141850  22.532650  23.211607  13.860718  111.949873
0.754110  0.000000  0.000000  0.000000  -37.871141  14.238916  -1.428571  51.809363  1.953011  -3.323526  -9.141850  22.532650  23.211607  13.860718  111.949873
0.754341  0.000000  0.000000  0.000000  -37.871141  14.238916  2.857143  51.821778  -1.416267  -5.972579  -9.141850  22.532650  23.211607  13.860718  111.949873
0.754573  0.000000  0.000000  0.000000  -37.871141  14.238916  7.142857  51.678048  -4.782508  -8.629350  -9.141850  22.532650  23.211607  13.860718  111.949873
0.754804  0.000000  0.000000  0.000000  -37.871141  14.238916  11.428571  51.375976  -8.138420  -11.312348  -9.141850  22.532650  23.211607  13.860718  111.949873
0.755036  0.000000  0.000000  0.000000  -37.871141  14.238916  15.714286  50.910974  -11.476431  -14.040583  -9.141850  22.532650  23.211607  13.860718  111.949873
0.755267  0.000000  0.000000  0.000000  -37.871141  14.238916  20.000000  50.275934  -14.788508  -16.833923  -9.141850  22.532650  23.211607  13.860718  111.949873
0.755499  0.000000  0.000000  0.000000  -37.871141  14.238916  24.285714  49.461119  -18.065941  -19.713446  -9.141850  22.532650  23.211607  13.860718  111.949873
0.755730  0.000000  0.000000  0.000000  -37.871141  14.238916  28.571429  48.454022  -21.299103  -22.701782  -9.141850  22.532650  23.211607  13.860718  111.949873
0.755962  0.000000  0.000000  0.000000  -37.871141  14.238916  32.857143  47.239172  -24.477166  -25.823470  -9.141850  22.532650  23.211607  13.860718  111.949873
0.756194  0.000000  0.000000  0.000000  -37.871141  14.238916  37.142857  45.798028  -27.587802  -29.105215  -9.141850  22.532650  23.211607  13.860718  111.949873
0.756425  0.000000  0.000000  0.000000  -37.871141  14.238916  41.428571  44.108920  -30.616835  -32.576077  -9.141850  22.532650  23.211607  13.860718  111.949873
0.756657  0.000000  0.000000  0.000000  -37.871141  14.238916  45.714286  42.147182  -33.547839  -36.267439  -9.141850  22.532650  23.211607  13.860718  111.949873
0.756888  0.000000  0.000000  0.000000  -37.871141  14.238916  50.000000  39.885526  -36.361739  -40.212707  -9.141850  22.532650  23.211607  13.860718  111.949873
0.757120  0.000000  0.000000  0.000000  -42.019047  18.944135  -10.000000  53.736153  19.453070  8.220882  -7.559222  17.760641  5.307529  30.962004  117.971399
0.757351  0.000000  0.000000  0.000000  -42.019047  18.944135  -5.714286  54.538598  15.979182  5.585507  -7.559222  17.760641  5.307529  30.962004  117.971399
0.757583  0.000000  0.000000  0.000000  -42.019047  18.944135  -1.428571  55.164424  12.474314  3.040561  -7.559222  17.760641  5.307529  30.962004  117.971399
0.757814  0.000000  0.000000  0.000000  -42.019047  18.944135  2.857143  55.625000  8.946255  0.563848  -7.559222  17.760641  5.307529  30.962004  117.971399
0.758046  0.000000  0.000000  0.000000  -42.019047  18.944135  7.142857  55.928542  5.402067  -1.865155  -7.559222  17.760641  5.307529  30.962004  117.971399
0.758277  0.000000  0.000000  0.000000  -42.019047  18.944135  11.428571  56.080429  1.848341  -4.265839  -7.559222  17.760641  5.307529  30.962004  117.971399
0.758509  0.000000  0.000000  0.000000  -42.019047  18.944135  15.714286  56.083351  -1.708615  -6.656917  -7.559222  17.760641  5.307529  30.962004  117.971399
0.758740  0.000000  0.000000  0.000000  -42.019047  18.944135  20.000000  55.937343  -5.262586  -9.056873  -7.559222  17.760641  5.307529  30.962004  117.971399
0.758972  0.000000  0.000000  0.000000  -42.019047  18.944135  24.285714  55.639844  -8.807269  -11.484406  -7.559222  17.760641  5.307529  30.962004  117.971399
0.759204  0.000000  0.000000  0.000000  -42.019047  18.944135  28.571429  55.185586  -12.336097  -13.958857  -7.559222  17.760641  5.307529  30.962004  117.971399
0.759435  0.000000  0.000000  0.000000  -42.019047  18.944135  32.857143  54.566435  -15.842013  -16.500724  -7.559222  17.760641  5.307529  30.962004  117.971399
0.759667  0.000000  0.000000  0.000000  -42.019047  18.944135  37.142857  53.771182  -19.317276  -19.132102  -7.559222  17.760641  5.307529  30.962004  117.971399
0.759898  0.000000  0.000000  0.000000  -42.019047  18.944135  41.428571  52.785230  -22.753188  -21.877243  -7.559222  17.760641  5.307529  30.962004  117.971399
0.760130  0.000000  0.000000  0.000000  -42.019047  18.944135  45.714286  51.590209  -26.139775  -24.763103  -7.559222  17.760641  5.307529  30.962004  117.971399
0.760361  0.000000  0.000000  0.000000  -42.019047  18.944135  50.000000  50.163565  -29.465470  -27.819910  -7.559222  17.760641  5.307529  30.962004  117.971399
0.760593  0.000000  0.000000  0.000000  -42.439623  6.814762  -10.000000  56.790629  6.928198  2.754125  -22.243586  22.739161  9.642268  21.162782  110.359565
0.760824  0.000000  0.000000  0.000000  -42.439623  6.814762  -5.714286  57.000980  3.337638  0.404379  -22.243586  22.739161  9.642268  21.162782  110.359565
0.761056  0.000000  0.000000  0.000000  -42.439623  6.814762  -1.428571  57.063695  -0.258475  -1.928213  -22.243586  22.739161  9.642268  21.162782  110.359565
0.761287  0.000000  0.000000  0.000000  -42.439623  6.814762  2.857143  56.979898  -3.854162  -4.262134  -22.243586  22.739161  9.642268  21.162782  110.359565
0.761519  0.000000  0.000000  0.000000  -42.439623  6.814762  7.142857  56.748071  -7.443422  -6.615876  -22.243586  22.739161  9.642268  21.162782  110.359565
0.761750  0.000000  0.000000  0.000000  -42.439623  6.814762  11.428571  56.363997  -11.020054  -9.008438  -22.243586  22.739161  9.642268  21.162782  110.359565
0.761982  0.000000  0.000000  0.000000  -42.439623  6.814762  15.714286  55.820616  -14.577487  -11.459779  -22.243586  22.739161  9.642268  21.162782  110.359565
0.762213  0.000000  0.000000  0.000000  -42.439623  6.814762  20.000000  55.107813  -18.108536  -13.991363  -22.243586  22.739161  9.642268  21.162782  110.359565
0.762445  0.000000  0.000000  0.000000  -42.439623  6.814762  24.285714  54.212107  -21.605187  -16.626669  -22.243586  22.739161  9.642268  21.162782  110.359565
0.762677  0.000000  0.000000  0.000000  -42.439623  6.814762  28.571429  53.116307  -25.058306  -19.391785  -22.243586  22.739161  9.642268  21.162782  110.359565
0.762908  0.000000  0.000000  0.000000  -42.439623  6.814762  32.857143  51.798918  -28.457273  -22.316094  -22.243586  22.739161  9.642268  21.162782  110.359565
0.763140  0.000000  0.000000  0.000000  -42.439623  6.814762  37.142857  50.233770  -31.789594  -25.432867  -22.243586  22.739161  9.642268  21.162782  110.359565
0.763371  0.000000  0.000000  0.000000  -42.439623  6.814762  41.428571  48.389446  -35.040372  -28.779902  -22.243586  22.739161  9.642268  21.162782  110.359565
0.763603  0.000000  0.000000  0.000000  -42.439623  6.814762  45.714286  46.228943  -38.191707  -32.400043  -22.243586  22.739161  9.642268  21.162782  110.359565
0.763834  0.000000  0.000000  0.000000  -42.439623  6.814762  50.000000  43.709669  -41.221979  -36.341135  -22.243586  22.739161  9.642268  21.162782  110.359565
0.764066  0.000000  0.000000  0.000000  -28.822929  0.509847  -10.000000  64.782740  30.131001  -0.876886  -23.962811  35.743199  8.173210  26.233969  111.366295
0.764297  0.000000  0.000000  0.000000  -28.822929  0.509847  -5.714286  65.744160  26.238083  -2.911101  -23.962811  35.743199  8.173210  26.233969  111.366295
0.764529  0.000000  0.000000  0.000000  -28.822929  0.509847  -1.428571  66.526623  22.318388  -4.812872  -23.962811  35.743199  8.173210  26.233969  111.366295
0.764760  0.000000  0.000000  0.000000  -28.822929  0.509847  2.857143  67.152055  18.377736  -6.610331  -23.962811  35.743199  8.173210  26.233969  111.366295
0.764992  0.000000  0.000000  0.000000  -28.822929  0.509847  7.142857  67.637105  14.420968  -8.327210  -23.962811  35.743199  8.173210  26.233969  111.366295
0.765223  0.000000  0.000000  0.000000  -28.822929  0.509847  11.428571  67.994148  10.452227  -9.984001  -23.962811  35.743199  8.173210  26.233969  111.366295
0.765455  0.000000  0.000000  0.000000  -28.822929  0.509847  15.714286  68.231989  6.475155  -11.598881  -23.962811  35.743199  8.173210  26.233969  111.366295
0.765687  0.000000  0.000000  0.000000  -28.822929  0.509847  20.000000  68.356340  2.493064  -13.188460  -23.962811  35.743199  8.173210  26.233969  111.366295
0.765918  0.000000  0.000000  0.000000  -28.822929  0.509847  24.285714  68.370190  -1.490923  -14.768433  -23.962811  35.743199  8.173210  26.233969  111.366295
0.766150  0.000000  0.000000  0.000000  -28.822929  0.509847  28.571429  68.273794  -5.473791  -16.354146  -23.962811  35.743199  8.173210  26.233969  111.366295
0.766381  0.000000  0.000000  0.000000  -28.822929  0.509847  32.857143  68.064916  -9.452422  -17.961159  -23.962811  35.743199  8.173210  26.233969  111.366295
0.766613  0.000000  0.000000  0.000000  -28.822929  0.509847  37.142857  67.738569  -13.423592  -19.605755  -23.962811  35.743199  8.173210  26.233969  111.366295
0.766844  0.000000  0.000000  0.000000  -28.822929  0.509847  41.428571  67.286735  -17.383739  -21.305695  -23.962811  35.743199  8.173210  26.233969  111.366295
0.767076  0.000000  0.000000  0.000000  -28.822929  0.509847  45.714286  66.698001  -21.328869  -23.080795  -23.962811  35.743199  8.173210  26.233969  111.366295
0.767307  0.000000  0.000000  0.000000  -28.822929  0.509847  50.000000  65.956875  -25.254339  -24.953872  -23.962811  35.743199  8.173210  26.233969  111.366295
0.767539  0.000000  0.000000  0.000000  -15.625296  18.943874  -10.000000  47.763459  25.340889  18.284545  11.587438  30.459478  18.674296  15.292064  120.877545
0.767770  0.000000  0.000000  0.000000  -15.625296  18.943874  -5.714286  49.015636  22.135709  15.175863  11.587438  30.459478  18.674296  15.292064  120.877545
0.768002  0.000000  0.000000  0.000000  -15.625296  18.943874  -1.428571  50.056294  18.874304  12.206784  11.587438  30.459478  18.674296  15.292064  120.877545
0.768233  0.000000  0.000000  0.000000  -15.625296  18.943874  2.857143  50.902020  15.567620  9.351898  11.587438  30.459478  18.674296  15.292064  120.877545
0.768465  0.000000  0.000000  0.000000  -15.625296  18.943874  7.142857  51.566248  12.225336  6.587908  11.587438  30.459478  18.674296  15.292064  120.877545
0.768696  0.000000  0.000000  0.000000  -15.625296  18.943874  11.428571  52.059495  8.856147  3.893248  11.587438  30.459478  18.674296  15.292064  120.877545
0.768928  0.000000  0.000000  0.000000  -15.625296  18.943874  15.714286  52.389545  5.468030  1.247690  11.587438  30.459478  18.674296  15.292064  120.877545
0.769160  0.000000  0.000000  0.000000  -15.625296  18.943874  20.000000  52.561546  2.068478  -1.368012  11.587438  30.459478  18.674296  15.292064  120.877545
0.769391  0.000000  0.000000  0.000000  -15.625296  18.943874  24.285714  52.578235  -1.335363  -3.972501  11.587438  30.459478  18.674296  15.292064  120.877545
0.769623  0.000000  0.000000  0.000000  -15.625296  18.943874  28.571429  52.439814  -4.736461  -6.584237  11.587438  30.459478  18.674296  15.292064  120.877545
0.769854  0.000000  0.000000  0.000000  -15.625296  18.943874  32.857143  52.144165  -8.127654  -9.221767  11.587438  30.459478  18.674296  15.292064  120.877545
0.770086  0.000000  0.000000  0.000000  -15.625296  18.943874  37.142857  51.686640  -11.501569  -11.904180  11.587438  30.459478  18.674296  15.292064  120.877545
0.770317  0.000000  0.000000  0.000000  -15.625296  18.943874  41.428571  51.060034  -14.850357  -14.651464  11.587438  30.459478  18.674296  15.292064  120.877545
0.770549  0.000000  0.000000  0.000000  -15.625296  18.943874  45.714286  50.254442  -18.165491  -17.484863  11.587438  30.459478  18.674296  15.292064  120.877545
0.770780  0.000000  0.000000  0.000000  -15.625296  18.943874  50.000000  49.257058  -21.437533  -20.427274  11.587438  30.459478  18.674296  15.292064  120.877545
0.771012  0.000000  0.000000  0.000000  -36.386191  6.936940  -10.000000  51.573010  8.543896  2.983766  10.489334  33.190295  16.686752  27.035275  117.687611
0.771243  0.000000  0.000000  0.000000  -36.386191  6.936940  -5.714286  51.892537  5.178438  0.310726  10.489334  33.190295  16.686752  27.035275  117.687611
0.771475  0.000000  0.000000  0.000000  -36.386191  6.936940  -1.428571  52.053635  1.801888  -2.333933  10.489334  33.190295  16.686752  27.035275  117.687611
0.771706  0.000000  0.000000  0.000000  -36.386191  6.936940  2.857143  52.058775  -1.578482  -4.968791  10.489334  33.190295  16.686752  27.035275  117.687611
0.771938  0.000000  0.000000  0.000000  -36.386191  6.936940  7.142857  51.908041  -4.955502  -7.612234  10.489334  33.190295  16.686752  27.035275  117.687611
0.772169  0.000000  0.000000  0.000000  -36.386191  6.936940  11.428571  51.599108  -8.321926  -10.282813  10.489334  33.190295  16.686752  27.035275  117.687611
0.772401  0.000000  0.000000  0.000000  -36.386191  6.936940  15.714286  51.127238  -11.670223  -12.999600  10.489334  33.190295  16.686752  27.035275  117.687611
0.772633  0.000000  0.000000  0.000000  -36.386191  6.936940  20.000000  50.485149  -14.992376  -15.782566  10.489334  33.190295  16.686752  27.035275  117.687611
0.772864  0.000000  0.000000  0.000000  -36.386191  6.936940  24.285714  49.662893  -18.279694  -18.652921  10.489334  33.190295  16.686752  27.035275  117.687611
0.773096  0.000000  0.000000  0.000000  -36.386191  6.936940  28.571429  48.647710  -21.522548  -21.633481  10.489334  33.190295  16.686752  27.035275  117.687611
0.773327  0.000000  0.000000  0.000000  -36.386191  6.936940  32.857143  47.423821  -24.710089  -24.749028  10.489334  33.190295  16.686752  27.035275  117.687611
0.773559  0.000000  0.000000  0.000000  -36.386191  6.936940  37.142857  45.972312  -27.829951  -28.026582  10.489334  33.190295  16.686752  27.035275  117.687611
0.773790  0.000000  0.000000  0.000000  -36.386191  6.936940  41.428571  44.271064  -30.867877  -31.495597  10.489334  33.190295  16.686752  27.035275  117.687611
0.774022  0.000000  0.000000  0.000000  -36.386191  6.936940  45.714286  42.294872  -33.807334  -35.187946  10.489334  33.190295  16.686752  27.035275  117.687611
0.774253  0.000000  0.000000  0.000000  -36.386191  6.936940  50.000000  40.015826  -36.629078  -39.137615  10.489334  33.190295  16.686752  27.035275  117.687611
0.774485  0.000000  0.000000  0.000000  -14.765272  15.920136  -10.000000  48.497344  12.427540  11.151840  -1.121535  18.741201  35.574814  29.525259  124.166716
0.774716  0.000000  0.000000  0.000000  -14.765272  15.920136  -5.714286  49.037251  9.203820  8.276335  -1.121535  18.741201  35.574814  29.525259  124.166716
0.774948  0.000000  0.000000  0.000000  -14.765272  15.920136  -1.428571  49.409947  5.957747  5.452983  -1.121535  18.741201  35.574814  29.525259  124.166716
0.775179  0.000000  0.000000  0.000000  -14.765272  15.920136  2.857143  49.620609  2.697476  2.662922  -1.121535  18.741201  35.574814  29.525259  124.166716
0.775411  0.000000  0.000000  0.000000  -14.765272  15.920136  7.142857  49.672181  -0.569145  -0.112192  -1.121535  18.741201  35.574814  29.525259  124.166716
0.775643  0.000000  0.000000  0.000000  -14.765272  15.920136  11.428571  49.565372  -3.834435  -2.890456  -1.121535  18.741201  35.574814  29.525259  124.166716
0.775874  0.000000  0.000000  0.000000  -14.765272  15.920136  15.714286  49.298724  -7.090657  -5.690014  -1.121535  18.741201  35.574814  29.525259  124.166716
0.776106  0.000000  0.000000  0.000000  -14.765272  15.920136  20.000000  48.868473  -10.329902  -8.529347  -1.121535  18.741201  35.574814  29.525259  124.166716
0.776337  0.000000  0.000000  0.000000  -14.765272  15.920136  24.285714  48.268660  -13.543813  -11.427612  -1.121535  18.741201  35.574814  29.525259  124.166716
0.776569  0.000000  0.000000  0.000000  -14.765272  15.920136  28.571429  47.490909  -16.723431  -14.404904  -1.121535  18.741201  35.574814  29.525259  124.166716
0.776800  0.000000  0.000000  0.000000  -14.765272  15.920136  32.857143  46.524443  -19.858989  -17.482504  -1.121535  18.741201  35.574814  29.525259  124.166716
0.777032  0.000000  0.000000  0.000000  -14.765272  15.920136  37.142857  45.355944  -22.939616  -20.683174  -1.121535  18.741201  35.574814  29.525259  124.166716
0.777263  0.000000  0.000000  0.000000  -14.765272  15.920136  41.428571  43.969542  -25.953113  -24.031304  -1.121535  18.741201  35.574814  29.525259  124.166716
0.777495  0.000000  0.000000  0.000000  -14.765272  15.920136  45.714286  42.346868  -28.885626  -27.552989  -1.121535  18.741201  35.574814  29.525259  124.166716
0.777726  0.000000  0.000000  0.000000  -14.765272  15.920136  50.000000  40.467311  -31.721338  -31.275885  -1.121535  18.741201  35.574814  29.525259  124.166716
0.777958  0.000000  0.000000  0.000000  -41.925977  12.292593  -10.000000  61.966844  27.054465  11.492013  6.719996  28.219972  18.593043  31.970167  124.930986
0.778189  0.000000  0.000000  0.000000  -41.925977  12.292593  -5.714286  62.898683  23.254811  9.301205  6.719996  28.219972  18.593043  31.970167  124.930986
0.778421  0.000000  0.000000  0.000000  -41.925977  12.292593  -1.428571  63.652036  19.426462  7.232398  6.719996  28.219972  18.593043  31.970167  124.930986
0.778652  0.000000  0.000000  0.000000  -41.925977  12.292593  2.857143  64.245799  15.575765  5.259241  6.719996  28.219972  18.593043  31.970167  124.930986
0.778884  0.000000  0.000000  0.000000  -41.925977  12.292593  7.142857  64.694307  11.708148  3.358902  6.719996  28.219972  18.593043  31.970167  124.930986
0.779116  0.000000  0.000000  0.000000  -41.925977  12.292593  11.428571  65.007997  7.828344  1.511160  6.719996  28.219972  18.593043  31.970167  124.930986
0.779347  0.000000  0.000000  0.000000  -41.925977  12.292593  15.714286  65.194054  3.940654  -0.302422  6.719996  28.219972  18.593043  31.970167  124.930986
0.779579  0.000000  0.000000  0.000000  -41.925977  12.292593  20.000000  65.256636  0.049066  -2.099097  6.719996  28.219972  18.593043  31.970167  124.930986
0.779810  0.000000  0.000000  0.000000  -41.925977  12.292593  24.285714  65.197130  -3.842571  -3.895559  6.719996  28.219972  18.593043  31.970167  124.930986
0.780042  0.000000  0.000000  0.000000  -41.925977  12.292593  28.571429  65.014231  -7.730406  -5.708510  6.719996  28.219972  18.593043  31.970167  124.930986
0.780273  0.000000  0.000000  0.000000  -41.925977  12.292593  32.857143  64.703824  -11.610456  -7.555175  6.719996  28.219972  18.593043  31.970167  124.930986
0.780505  0.000000  0.000000  0.000000  -41.925977  12.292593  37.142857  64.258840  -15.478441  -9.453945  6.719996  28.219972  18.593043  31.970167  124.930986
0.780736  0.000000  0.000000  0.000000  -41.925977  12.292593  41.428571  63.668897  -19.329627  -11.424997  6.719996  28.219972  18.593043  31.970167  124.930986
0.780968  0.000000  0.000000  0.000000  -41.925977  12.292593  45.714286  62.919790  -23.158609  -13.491083  6.719996  28.219972  18.593043  31.970167  124.930986
0.781199  0.000000  0.000000  0.000000  -41.925977  12.292593  50.000000  61.992715  -26.959079  -15.678459  6.719996  28.219972  18.593043  31.970167  124.930986
0.781431  0.000000  0.000000  0.000000  -28.180857  -1.905787  -10.000000  64.911269  26.491849  -0.145689  9.756612  20.425676  31.799323  32.691541  124.071224
0.781662  0.000000  0.000000  0.000000  -28.180857  -1.905787  -5.714286  65.728859  22.597200  -2.112588  9.756612  20.425676  31.799323  32.691541  124.071224
0.781894  0.000000  0.000000  0.000000  -28.180857  -1.905787  -1.428571  66.384258  18.679919  -3.970807  9.756612  20.425676  31.799323  32.691541  124.071224
0.782125  0.000000  0.000000  0.000000  -28.180857  -1.905787  2.857143  66.894729  14.745185  -5.744757  9.756612  20.425676  31.799323  32.691541  124.071224
0.782357  0.000000  0.000000  0.000000  -28.180857  -1.905787  7.142857  67.273177  10.797418  -7.455542  9.756612  20.425676  31.799323  32.691541  124.071224
0.782589  0.000000  0.000000  0.000000  -28.180857  -1.905787  11.428571  67.528804  6.840489  -9.121824  9.756612  20.425676  31.799323  32.691541  124.071224
0.782820  0.000000  0.000000  0.000000  -28.180857  -1.905787  15.714286  67.667718  2.877928  -10.760669  9.756612  20.425676  31.799323  32.691541  124.071224
0.783052  0.000000  0.000000  0.000000  -28.180857  -1.905787  20.000000  67.693172  -1.086967  -12.388137  9.756612  20.425676  31.799323  32.691541  124.071224
0.783283  0.000000  0.000000  0.000000  -28.180857  -1.905787  24.285714  67.605750  -5.050984  -14.019890  9.756612  20.425676  31.799323  32.691541  124.071224
0.783515  0.000000  0.000000  0.000000  -28.180857  -1.905787  28.571429  67.403417  -9.010873  -15.671747  9.756612  20.425676  31.799323  32.691541  124.071224
0.783746  0.000000  0.000000  0.000000  -28.180857  -1.905787  32.857143  67.081405  -12.963237  -17.360220  9.756612  20.425676  31.799323  32.691541  124.071224
0.783978  0.000000  0.000000  0.000000  -28.180857  -1.905787  37.142857  66.631939  -16.904371  -19.103188  9.756612  20.425676  31.799323  32.691541  124.071224
0.784209  0.000000  0.000000  0.000000  -28.180857  -1.905787  41.428571  66.043870  -20.830137  -20.920552  9.756612  20.425676  31.799323  32.691541  124.071224
0.784441  0.000000  0.000000  0.000000  -28.180857  -1.905787  45.714286  65.301988  -24.735706  -22.835077  9.756612  20.425676  31.799323  32.691541  124.071224
0.784672  0.000000  0.000000  0.000000  -28.180857  -1.905787  50.000000  64.386262  -28.615388  -24.873488  9.756612  20.425676  31.799323  32.691541  124.071224
0.784904  0.000000  0.000000  0.000000  -43.973697  10.212427  -10.000000  55.518780  14.649729  1.107975  -1.277388  28.632401  32.824048  34.828477  118.040826
0.785135  0.000000  0.000000  0.000000  -43.973697  10.212427  -5.714286  56.069832  11.104774  -1.363078  -1.277388  28.632401  32.824048  34.828477  118.040826
0.785367  0.000000  0.000000  0.000000  -43.973697  10.212427  -1.428571  56.460723  7.540164  -3.774613  -1.277388  28.632401  32.824048  34.828477  118.040826
0.785599  0.000000  0.000000  0.000000  -43.973697  10.212427  2.857143  56.698575  3.962571  -6.146649  -1.277388  28.632401  32.824048  34.828477  118.040826
0.785830  0.000000  0.000000  0.000000  -43.973697  10.212427  7.142857  56.787693  0.378265  -8.498209  -1.277388  28.632401  32.824048  34.828477  118.040826
0.786062  0.000000  0.000000  0.000000  -43.973697  10.212427  11.428571  56.729663  -3.206679  -10.847826  -1.277388  28.632401  32.824048  34.828477  118.040826
0.786293  0.000000  0.000000  0.000000  -43.973697  10.212427  15.714286  56.523469  -6.786196  -13.213985  -1.277388  28.632401  32.824048  34.828477  118.040826
0.786525  0.000000  0.000000  0.000000  -43.973697  10.212427  20.000000  56.165354  -10.354089  -15.615554  -1.277388  28.632401  32.824048  34.828477  118.040826
0.786756  0.000000  0.000000  0.000000  -43.973697  10.212427  24.285714  55.648830  -13.903770  -18.072318  -1.277388  28.632401  32.824048  34.828477  118.040826
0.786988  0.000000  0.000000  0.000000  -43.973697  10.212427  28.571429  54.964400  -17.428123  -20.605411  -1.277388  28.632401  32.824048  34.828477  118.040826
0.787219  0.000000  0.000000  0.000000  -43.973697  10.212427  32.857143  54.099278  -20.919221  -23.237867  -1.277388  28.632401  32.824048  34.828477  118.040826
0.787451  0.000000  0.000000  0.000000  -43.973697  10.212427  37.142857  53.037054  -24.368069  -25.995202  -1.277388  28.632401  32.824048  34.828477  118.040826
0.787682  0.000000  0.000000  0.000000  -43.973697  10.212427  41.428571  51.757233  -27.764264  -28.906019  -1.277388  28.632401  32.824048  34.828477  118.040826
0.787914  0.000000  0.000000  0.000000  -43.973697  10.212427  45.714286  50.234759  -31.095609  -32.002635  -1.277388  28.632401  32.824048  34.828477  118.040826
0.788145  0.000000  0.000000  0.000000  -43.973697  10.212427  50.000000  48.439542  -34.347610  -35.321684  -1.277388  28.632401  32.824048  34.828477  118.040826
0.788377  0.000000  0.000000  0.000000  -44.210759  2.243312  -10.000000  59.747654  27.431980  -2.168211  17.456198  13.964403  27.422881  22.644380  117.962587
0.788608  0.000000  0.000000  0.000000  -44.210759  2.243312  -5.714286  60.765538  23.710314  -4.524914  17.456198  13.964403  27.422881  22.644380  117.962587
0.788840  0.000000  0.000000  0.000000  -44.210759  2.243312  -1.428571  61.593635  19.954947  -6.750165  17.456198  13.964403  27.422881  22.644380  117.962587
0.789072  0.000000  0.000000  0.000000  -44.210759  2.243312  2.857143  62.251838  16.173150  -8.871491  17.456198  13.964403  27.422881  22.644380  117.962587
0.789303  0.000000  0.000000  0.000000  -44.210759  2.243312  7.142857  62.755410  12.371136  -10.912820  17.456198  13.964403  27.422881  22.644380  117.962587
0.789535  0.000000  0.000000  0.000000  -44.210759  2.243312  11.428571  63.115676  8.554337  -12.895390  17.456198  13.964403  27.422881  22.644380  117.962587
0.789766  0.000000  0.000000  0.000000  -44.210759  2.243312  15.714286  63.340542  4.727654  -14.838530  17.456198  13.964403  27.422881  22.644380  117.962587
0.789998  0.000000  0.000000  0.000000  -44.210759  2.243312  20.000000  63.434867  0.895619  -16.760276  17.456198  13.964403  27.422881  22.644380  117.962587
0.790229  0.000000  0.000000  0.000000  -44.210759  2.243312  24.285714  63.400675  -2.937423  -18.678002  17.456198  13.964403  27.422881  22.644380  117.962587
0.790461  0.000000  0.000000  0.000000  -44.210759  2.243312  28.571429  63.237235  -6.767158  -20.608952  17.456198  13.964403  27.422881  22.644380  117.962587
0.790692  0.000000  0.000000  0.000000  -44.210759  2.243312  32.857143  62.941034  -10.589158  -22.570785  17.456198  13.964403  27.422881  22.644380  117.962587
0.790924  0.000000  0.000000  0.000000  -44.210759  2.243312  37.142857  62.505619  -14.398718  -24.582150  17.456198  13.964403  27.422881  22.644380  117.962587
0.791155  0.000000  0.000000  0.000000  -44.210759  2.243312  41.428571  61.921315  -18.190682  -26.663300  17.456198  13.964403  27.422881  22.644380  117.962587
0.791387  0.000000  0.000000  0.000000  -44.210759  2.243312  45.714286  61.174778  -21.959233  -28.836805  17.456198  13.964403  27.422881  22.644380  117.962587
0.791618  0.000000  0.000000  0.000000  -44.210759  2.243312  50.000000  60.248384  -25.697636  -31.128392  17.456198  13.964403  27.422881  22.644380  117.962587
0.791850  0.000000  0.000000  0.000000  -14.243280  14.068252  -10.000000  54.978572  29.871100  16.199839  -14.272388  21.979840  20.191183  34.535275  117.875048
0.792082  0.000000  0.000000  0.000000  -14.243280  14.068252  -5.714286  56.271340  26.333094  13.457080  -14.272388  21.979840  20.191183  34.535275  117.875048
0.792313  0.000000  0.000000  0.000000  -14.243280  14.068252  -1.428571  57.343066  22.746007  10.878237  -14.272388  21.979840  20.191183  34.535275  117.875048
0.792545  0.000000  0.000000  0.000000  -14.243280  14.068252  2.857143  58.217529  19.119665  8.432164  -14.272388  21.979840  20.191183  34.535275  117.875048
0.792776  0.000000  0.000000  0.000000  -14.243280  14.068252  7.142857  58.913631  15.462395  6.091669  -14.272388  21.979840  20.191183  34.535275  117.875048
0.793008  0.000000  0.000000  0.000000  -14.243280  14.068252  11.428571  59.445985  11.781429  3.832719  -14.272388  21.979840  20.191183  34.535275  117.875048
0.793239  0.000000  0.000000  0.000000  -14.243280  14.068252  15.714286  59.825519  8.083128  1.633724  -14.272388  21.979840  20.191183  34.535275  117.875048
0.793471  0.000000  0.000000  0.000000  -14.243280  14.068252  20.000000  60.059893  4.373291  -0.525211  -14.272388  21.979840  20.191183  34.535275  117.875048
0.793702  0.000000  0.000000  0.000000  -14.243280  14.068252  24.285714  60.153763  0.657337  -2.662833  -14.272388  21.979840  20.191183  34.535275  117.875048
0.793934  0.000000  0.000000  0.000000  -14.243280  14.068252  28.571429  60.108990  -3.059533  -4.797265  -14.272388  21.979840  20.191183  34.535275  117.875048
0.794165  0.000000  0.000000  0.000000  -14.243280  14.068252  32.857143  59.924696  -6.772139  -6.946566  -14.272388  21.979840  20.191183  34.535275  117.875048
0.794397  0.000000  0.000000  0.000000  -14.243280  14.068252  37.142857  59.597216  -10.475157  -9.129191  -14.272388  21.979840  20.191183  34.535275  117.875048
0.794628  0.000000  0.000000  0.000000  -14.243280  14.068252  41.428571  59.119983  -14.162952  -11.364561  -14.272388  21.979840  20.191183  34.535275  117.875048
0.794860  0.000000  0.000000  0.000000  -14.243280  14.068252  45.714286  58.483264  -17.829377  -13.673611  -14.272388  21.979840  20.191183  34.535275  117.875048
0.795091  0.000000  0.000000  0.000000  -14.243280  14.068252  50.000000  57.673796  -21.467547  -16.079428  -14.272388  21.979840  20.191183  34.535275  117.875048
0.795323  0.000000  0.000000  0.000000  -23.916463  6.674976  -10.000000  58.823453  23.943218  3.805750  8.498152  13.673954  23.834443  19.674990  113.662309
0.795555  0.000000  0.000000  0.000000  -23.916463  6.674976  -5.714286  59.713233  20.258783  1.442365  8.498152  13.673954  23.834443  19.674990  113.662309
0.795786  0.000000  0.000000  0.000000  -23.916463  6.674976  -1.428571  60.424965  16.544166  -0.810860  8.498152  13.673954  23.834443  19.674990  113.662309
0.796018  0.000000  0.000000  0.000000  -23.916463  6.674976  2.857143  60.974477  12.806273  -2.978574  8.498152  13.673954  23.834443  19.674990  113.662309
0.796249  0.000000  0.000000  0.000000  -23.916463  6.674976  7.142857  61.373672  9.051183  -5.082738  8.498152  13.673954  23.834443  19.674990  113.662309
0.796481  0.000000  0.000000  0.000000  -23.916463  6.674976  11.428571  61.630937  5.284330  -7.143288  8.498152  13.673954  23.834443  19.674990  113.662309
0.796712  0.000000  0.000000  0.000000  -23.916463  6.674976  15.714286  61.751651  1.510767  -9.178879  8.498152  13.673954  23.834443  19.674990  113.662309
0.796944  0.000000  0.000000  0.000000  -23.916463  6.674976  20.000000  61.738296  -2.264695  -11.207400  8.498152  13.673954  23.834443  19.674990  113.662309
0.797175  0.000000  0.000000  0.000000  -23.916463  6.674976  24.285714  61.590598  -6.037307  -13.246530  8.498152  13.673954  23.834443  19.674990  113.662309
0.797407  0.000000  0.000000  0.000000  -23.916463  6.674976  28.571429  61.305501  -9.802219  -15.314279  8.498152  13.673954  23.834443  19.674990  113.662309
0.797638  0.000000  0.000000  0.000000  -23.916463  6.674976  32.857143  60.877082  -13.554334  -17.429466  8.498152  13.673954  23.834443  19.674990  113.662309
0.797870  0.000000  0.000000  0.000000  -23.916463  6.674976  37.142857  60.296227  -17.288085  -19.612439  8.498152  13.673954  23.834443  19.674990  113.662309
0.798101  0.000000  0.000000  0.000000  -23.916463  6.674976  41.428571  59.550330  -20.997263  -21.885599  8.498152  13.673954  23.834443  19.674990  113.662309
0.798333  0.000000  0.000000  0.000000  -23.916463  6.674976  45.714286  58.622727  -24.674740  -24.274222  8.498152  13.673954  23.834443  19.674990  113.662309
0.798564  0.000000  0.000000  0.000000  -23.916463  6.674976  50.000000  57.492005  -28.312154  -26.807337  8.498152  13.673954  23.834443  19.674990  113.662309
0.798796  0.000000  0.000000  0.000000  -39.969208  6.941024  -10.000000  55.643421  12.012419  -0.974726  -4.488590  31.902363  41.284549  34.517342  116.202132
0.799028  0.000000  0.000000  0.000000  -39.969208  6.941024  -5.714286  56.078051  8.464687  -3.418425  -4.488590  31.902363  41.284549  34.517342  116.202132
0.799259  0.000000  0.000000  0.000000  -39.969208  6.941024  -1.428571  56.357423  4.902066  -5.817372  -4.488590  31.902363  41.284549  34.517342  116.202132
0.799491  0.000000  0.000000  0.000000  -39.969208  6.941024  2.857143  56.486548  1.330981  -8.190809  -4.488590  31.902363  41.284549  34.517342  116.202132
0.799722  0.000000  0.000000  0.000000  -39.969208  6.941024  7.142857  56.467701  -2.242379  -10.557370  -4.488590  31.902363  41.284549  34.517342  116.202132
0.799954  0.000000  0.000000  0.000000  -39.969208  6.941024  11.428571  56.300589  -5.811895  -12.935526  -4.488590  31.902363  41.284549  34.517342  116.202132
0.800185  0.000000  0.000000  0.000000  -39.969208  6.941024  15.714286  55.982197  -9.371347  -15.344020  -4.488590  31.902363  41.284549  34.517342  116.202132
0.800417  0.000000  0.000000  0.000000  -39.969208  6.941024  20.000000  55.506820  -12.914199  -17.802343  -4.488590  31.902363  41.284549  34.517342  116.202132
0.800648  0.000000  0.000000  0.000000  -39.969208  6.941024  24.285714  54.865816  -16.433413  -20.331213  -4.488590  31.902363  41.284549  34.517342  116.202132
0.800880  0.000000  0.000000  0.000000  -39.969208  6.941024  28.571429  54.047399  -19.921233  -22.953059  -4.488590  31.902363  41.284549  34.517342  116.202132
0.801111  0.000000  0.000000  0.000000  -39.969208  6.941024  32.857143  53.036278  -23.368898  -25.692607  -4.488590  31.902363  41.284549  34.517342  116.202132
0.801343  0.000000  0.000000  0.000000  -39.969208  6.941024  37.142857  51.813262  -26.766337  -28.577441  -4.488590  31.902363  41.284549  34.517342  116.202132
0.801574  0.000000  0.000000  0.000000  -39.969208  6.941024  41.428571  50.354806  -30.101796  -31.638616  -4.488590  31.902363  41.284549  34.517342  116.202132
0.801806  0.000000  0.000000  0.000000  -39.969208  6.941024  45.714286  48.632563  -33.361381  -34.911242  -4.488590  31.902363  41.284549  34.517342  116.202132
0.802038  0.000000  0.000000  0.000000  -39.969208  6.941024  50.000000  46.613026  -36.528503  -38.434939  -4.488590  31.902363  41.284549  34.517342  116.202132
0.802269  0.000000  0.000000  0.000000  -24.495162  20.685751  -10.000000  49.201907  24.282725  19.196203  -7.120780  16.586370  26.635860  30.401830  122.586308
0.802501  0.000000  0.000000  0.000000  -24.495162  20.685751  -5.714286  50.357031  21.009497  16.197955  -7.120780  16.586370  26.635860  30.401830  122.586308
0.802732  0.000000  0.000000  0.000000  -24.495162  20.685751  -1.428571  51.307944  17.686041  13.329490  -7.120780  16.586370  26.635860  30.401830  122.586308
0.802964  0.000000  0.000000  0.000000  -24.495162  20.685751  2.857143  52.070359  14.322542  10.565902  -7.120780  16.586370  26.635860  30.401830  122.586308
0.803195  0.000000  0.000000  0.000000  -24.495162  20.685751  7.142857  52.656831  10.928042  7.884371  -7.120780  16.586370  26.635860  30.401830  122.586308
0.803427  0.000000  0.000000  0.000000  -24.495162  20.685751  11.428571  53.076955  7.510713  5.263747  -7.120780  16.586370  26.635860  30.401830  122.586308
0.803658  0.000000  0.000000  0.000000  -24.495162  20.685751  15.714286  53.337548  4.078101  2.684137  -7.120780  16.586370  26.635860  30.401830  122.586308
0.803890  0.000000  0.000000  0.000000  -24.495162  20.685751  20.000000  53.442828  0.637321  0.126521  -7.120780  16.586370  26.635860  30.401830  122.586308
0.804121  0.000000  0.000000  0.000000  -24.495162  20.685751  24.285714  53.394490  -2.804726  -2.427684  -7.120780  16.586370  26.635860  30.401830  122.586308
0.804353  0.000000  0.000000  0.000000  -24.495162  20.685751  28.571429  53.191756  -6.241178  -4.996967  -7.120780  16.586370  26.635860  30.401830  122.586308
0.804584  0.000000  0.000000  0.000000  -24.495162  20.685751  32.857143  52.831343  -9.665007  -7.600156  -7.120780  16.586370  26.635860  30.401830  122.586308
0.804816  0.000000  0.000000  0.000000  -24.495162  20.685751  37.142857  52.307439  -13.068882  -10.256734  -7.120780  16.586370  26.635860  30.401830  122.586308
0.805047  0.000000  0.000000  0.000000  -24.495162  20.685751  41.428571  51.611469  -16.444865  -12.987376  -7.120780  16.586370  26.635860  30.401830  122.586308
0.805279  0.000000  0.000000  0.000000  -24.495162  20.685751  45.714286  50.732015  -19.784282  -15.814219  -7.120780  16.586370  26.635860  30.401830  122.586308
0.805511  0.000000  0.000000  0.000000  -24.495162  20.685751  50.000000  49.654546  -23.077367  -18.761364  -7.120780  16.586370  26.635860  30.401830  122.586308
0.805742  0.000000  0.000000  0.000000  -20.504620  7.382537  -10.000000  52.859753  20.725941  1.146287  -5.470109  23.682010  17.461283  30.325837  127.181336
0.805974  0.000000  0.000000  0.000000  -20.504620  7.382537  -5.714286  53.742435  17.289034  -1.562216  -5.470109  23.682010  17.461283  30.325837  127.181336
0.806205  0.000000  0.000000  0.000000  -20.504620  7.382537  -1.428571  54.442322  13.817138  -4.170859  -5.470109  23.682010  17.461283  30.325837  127.181336
0.806437  0.000000  0.000000  0.000000  -20.504620  7.382537  2.857143  54.971942  10.318512  -6.702512  -5.470109  23.682010  17.461283  30.325837  127.181336
0.806668  0.000000  0.000000  0.000000  -20.504620  7.382537  7.142857  55.340681  6.800613  -9.178312  -5.470109  23.682010  17.461283  30.325837  127.181336
0.806900  0.000000  0.000000  0.000000  -20.504620  7.382537  11.428571  55.554940  3.270326  -11.618023  -5.470109  23.682010  17.461283  30.325837  127.181336
0.807131  0.000000  0.000000  0.000000  -20.504620  7.382537  15.714286  55.618493  -0.265840  -14.040578  -5.470109  23.682010  17.461283  30.325837  127.181336
0.807363  0.000000  0.000000  0.000000  -20.504620  7.382537  20.000000  55.532418  -3.801531  -16.464521  -5.470109  23.682010  17.461283  30.325837  127.181336
0.807594  0.000000  0.000000  0.000000  -20.504620  7.382537  24.285714  55.295234  -7.330382  -18.908428  -5.470109  23.682010  17.461283  30.325837  127.181336
0.807826  0.000000  0.000000  0.000000  -20.504620  7.382537  28.571429  54.902808  -10.845835  -21.391330  -5.470109  23.682010  17.461283  30.325837  127.181336
0.808057  0.000000  0.000000  0.000000  -20.504620  7.382537  32.857143  54.348277  -14.340933  -23.933175  -5.470109  23.682010  17.461283  30.325837  127.181336
0.808289  0.000000  0.000000  0.000000  -20.504620  7.382537  37.142857  53.621774  -17.808119  -26.555321  -5.470109  23.682010  17.461283  30.325837  127.181336
0.808520  0.000000  0.000000  0.000000  -20.504620  7.382537  41.428571  52.710322  -21.238993  -29.280952  -5.470109  23.682010  17.461283  30.325837  127.181336
0.808752  0.000000  0.000000  0.000000  -20.504620  7.382537  45.714286  51.597352  -24.624004  -32.135690  -5.470109  23.682010  17.461283  30.325837  127.181336
0.808984  0.000000  0.000000  0.000000  -20.504620  7.382537  50.000000  50.262401  -27.952164  -35.148080  -5.470109  23.682010  17.461283  30.325837  127.181336
0.809215  0.000000  0.000000  0.000000  -20.921005  13.593085  -10.000000  54.267155  26.624390  17.587622  -18.750889  24.391915  32.588614  35.009702  110.681557
0.809447  0.000000  0.000000  0.000000  -20.921005  13.593085  -5.714286  55.411861  23.119921  14.867678  -18.750889  24.391915  32.588614  35.009702  110.681557
0.809678  0.000000  0.000000  0.000000  -20.921005  13.593085  -1.428571  56.351744  19.571213  12.287146  -18.750889  24.391915  32.588614  35.009702  110.681557
0.809910  0.000000  0.000000  0.000000  -20.921005  13.593085  2.857143  57.106033  15.987416  9.818463  -18.750889  24.391915  32.588614  35.009702  110.681557
0.810141  0.000000  0.000000  0.000000  -20.921005  13.593085  7.142857  57.689840  12.376455  7.437107  -18.750889  24.391915  32.588614  35.009702  110.681557
0.810373  0.000000  0.000000  0.000000  -20.921005  13.593085  11.428571  58.114619  8.745333  5.120981  -18.750889  24.391915  32.588614  35.009702  110.681557
0.810604  0.000000  0.000000  0.000000  -20.921005  13.593085  15.714286  58.388554  5.100427  2.849689  -18.750889  24.391915  32.588614  35.009702  110.681557
0.810836  0.000000  0.000000  0.000000  -20.921005  13.593085  20.000000  58.516879  1.447639  0.604107  -18.750889  24.391915  32.588614  35.009702  110.681557
0.811067  0.000000  0.000000  0.000000  -20.921005  13.593085  24.285714  58.502030  -2.207367  -1.634238  -18.750889  24.391915  32.588614  35.009702  110.681557
0.811299  0.000000  0.000000  0.000000  -20.921005  13.593085  28.571429  58.343721  -5.858992  -3.883627  -18.750889  24.391915  32.588614  35.009702  110.681557
0.811530  0.000000  0.000000  0.000000  -20.921005  13.593085  32.857143  58.038945  -9.501526  -6.162639  -18.750889  24.391915  32.588614  35.009702  110.681557
0.811762  0.000000  0.000000  0.000000  -20.921005  13.593085  37.142857  57.581897  -13.128998  -8.490596  -18.750889  24.391915  32.588614  35.009702  110.681557
0.811994  0.000000  0.000000  0.000000  -20.921005  13.593085  41.428571  56.963708  -16.734917  -10.888214  -18.750889  24.391915  32.588614  35.009702  110.681557
0.812225  0.000000  0.000000  0.000000  -20.921005  13.593085  45.714286  56.172205  -20.312111  -13.378040  -18.750889  24.391915  32.588614  35.009702  110.681557
0.812457  0.000000  0.000000  0.000000  -20.921005  13.593085  50.000000  55.191482  -23.852427  -15.985162  -18.750889  24.391915  32.588614  35.009702  110.681557
0.812688  0.000000  0.000000  0.000000  -31.036198  20.878800  -10.000000  51.512813  22.532902  10.947158  -11.056825  19.320549  6.846211  36.180032  120.326621
0.812920  0.000000  0.000000  0.000000  -31.036198  20.878800  -5.714286  52.517541  19.154285  8.125167  -11.056825  19.320549  6.846211  36.180032  120.326621
0.813151  0.000000  0.000000  0.000000  -31.036198  20.878800  -1.428571  53.329842  15.734329  5.417211  -11.056825  19.320549  6.846211  36.180032  120.326621
0.813383  0.000000  0.000000  0.000000  -31.036198  20.878800  2.857143  53.963907  12.282094  2.799336  -11.056825  19.320549  6.846211  36.180032  120.326621
0.813614  0.000000  0.000000  0.000000  -31.036198  20.878800  7.142857  54.430776  8.805637  0.249542  -11.056825  19.320549  6.846211  36.180032  120.326621
0.813846  0.000000  0.000000  0.000000  -31.036198  20.878800  11.428571  54.738460  5.312338  -2.252612  -11.056825  19.320549  6.846211  36.180032  120.326621
0.814077  0.000000  0.000000  0.000000  -31.036198  20.878800  15.714286  54.892197  1.809083  -4.726491  -11.056825  19.320549  6.846211  36.180032  120.326621
0.814309  0.000000  0.000000  0.000000  -31.036198  20.878800  20.000000  54.894612  -1.697530  -7.190819  -11.056825  19.320549  6.846211  36.180032  120.326621
0.814540  0.000000  0.000000  0.000000  -31.036198  20.878800  24.285714  54.745702  -5.200992  -9.664109  -11.056825  19.320549  6.846211  36.180032  120.326621
0.814772  0.000000  0.000000  0.000000  -31.036198  20.878800  28.571429  54.442981  -8.694708  -12.165077  -11.056825  19.320549  6.846211  36.180032  120.326621
0.815003  0.000000  0.000000  0.000000  -31.036198  20.878800  32.857143  53.981284  -12.171812  -14.713046  -11.056825  19.320549  6.846211  36.180032  120.326621
0.815235  0.000000  0.000000  0.000000  -31.036198  20.878800  37.142857  53.352677  -15.624945  -17.328433  -11.056825  19.320549  6.846211  36.180032  120.326621
0.815467  0.000000  0.000000  0.000000  -31.036198  20.878800  41.428571  52.546264  -19.046062  -20.033153  -11.056825  19.320549  6.846211  36.180032  120.326621
0.815698  0.000000  0.000000  0.000000  -31.036198  20.878800  45.714286  51.547914  -22.426145  -22.851120  -11.056825  19.320549  6.846211  36.180032  120.326621
0.815930  0.000000  0.000000  0.000000  -31.036198  20.878800  50.000000  50.339943  -25.754922  -25.808743  -11.056825  19.320549  6.846211  36.180032  120.326621
0.816161  0.000000  0.000000  0.000000  -37.329330  1.278033  -10.000000  64.412551  29.826879  -2.165159  7.490086  31.481302  40.279722  26.613652  117.672584
0.816393  0.000000  0.000000  0.000000  -37.329330  1.278033  -5.714286  65.375253  25.945601  -4.222101  7.490086  31.481302  40.279722  26.613652  117.672584
0.816624  0.000000  0.000000  0.000000  -37.329330  1.278033  -1.428571  66.158497  22.037133  -6.147159  7.490086  31.481302  40.279722  26.613652  117.672584
0.816856  0.000000  0.000000  0.000000  -37.329330  1.278033  2.857143  66.783951  18.107382  -7.968350  7.490086  31.481302  40.279722  26.613652  117.672584
0.817087  0.000000  0.000000  0.000000  -37.329330  1.278033  7.142857  67.268085  14.161286  -9.709368  7.490086  31.481302  40.279722  26.613652  117.672584
0.817319  0.000000  0.000000  0.000000  -37.329330  1.278033  11.428571  67.623125  10.203071  -11.390736  7.490086  31.481302  40.279722  26.613652  117.672584
0.817550  0.000000  0.000000  0.000000  -37.329330  1.278033  15.714286  67.857760  6.236457  -13.030690  7.490086  31.481302  40.279722  26.613652  117.672584
0.817782  0.000000  0.000000  0.000000  -37.329330  1.278033  20.000000  67.977546  2.264869  -14.645988  7.490086  31.481302  40.279722  26.613652  117.672584
0.818013  0.000000  0.000000  0.000000  -37.329330  1.278033  24.285714  67.985357  -1.708516  -16.252429  7.490086  31.481302  40.279722  26.613652  117.672584
0.818245  0.000000  0.000000  0.000000  -37.329330  1.278033  28.571429  67.881344  -5.680554  -17.865538  7.490086  31.481302  40.279722  26.613652  117.672584
0.818476  0.000000  0.000000  0.000000  -37.329330  1.278033  32.857143  67.663061  -9.648051  -19.501082  7.490086  31.481302  40.279722  26.613652  117.672584
0.818708  0.000000  0.000000  0.000000  -37.329330  1.278033  37.142857  67.325340  -13.607662  -21.175582  7.490086  31.481302  40.279722  26.613652  117.672584
0.818940  0.000000  0.000000  0.000000  -37.329330  1.278033  41.428571  66.859932  -17.555697  -22.907072  7.490086  31.481302  40.279722  26.613652  117.672584
0.819171  0.000000  0.000000  0.000000  -37.329330  1.278033  45.714286  66.255151  -21.488013  -24.715693  7.490086  31.481302  40.279722  26.613652  117.672584
0.819403  0.000000  0.000000  0.000000  -37.329330  1.278033  50.000000  65.495172  -25.399804  -26.624645  7.490086  31.481302  40.279722  26.613652  117.672584
0.819634  0.000000  0.000000  0.000000  -17.718836  5.101529  -10.000000  55.336323  11.365995  3.380458  3.427199  19.341554  9.407954  19.481874  124.147582
0.819866  0.000000  0.000000  0.000000  -17.718836  5.101529  -5.714286  55.746605  7.831719  0.921515  3.427199  19.341554  9.407954  19.481874  124.147582
0.820097  0.000000  0.000000  0.000000  -17.718836  5.101529  -1.428571  56.001862  4.283441  -1.495944  3.427199  19.341554  9.407954  19.481874  124.147582
0.820329  0.000000  0.000000  0.000000  -17.718836  5.101529  2.857143  56.106643  0.727635  -3.891019  3.427199  19.341554  9.407954  19.481874  124.147582
0.820560  0.000000  0.000000  0.000000  -17.718836  5.101529  7.142857  56.062757  -2.829436  -6.282323  3.427199  19.341554  9.407954  19.481874  124.147582
0.820792  0.000000  0.000000  0.000000  -17.718836  5.101529  11.428571  55.869450  -6.381554  -8.688354  3.427199  19.341554  9.407954  19.481874  124.147582
0.821023  0.000000  0.000000  0.000000  -17.718836  5.101529  15.714286  55.523295  -9.922369  -11.127957  3.427199  19.341554  9.407954  19.481874  124.147582
0.821255  0.000000  0.000000  0.000000  -17.718836  5.101529  20.000000  55.018156  -13.445165  -13.620799  3.427199  19.341554  9.407954  19.481874  124.147582
0.821486  0.000000  0.000000  0.000000  -17.718836  5.101529  24.285714  54.344953  -16.942703  -16.187822  3.427199  19.341554  9.407954  19.481874  124.147582
0.821718  0.000000  0.000000  0.000000  -17.718836  5.101529  28.571429  53.491436  -20.406973  -18.851745  3.427199  19.341554  9.407954  19.481874  124.147582
0.821950  0.000000  0.000000  0.000000  -17.718836  5.101529  32.857143  52.441885  -23.828922  -21.637601  3.427199  19.341554  9.407954  19.481874  124.147582
0.822181  0.000000  0.000000  0.000000  -17.718836  5.101529  37.142857  51.176623  -27.198113  -24.573333  3.427199  19.341554  9.407954  19.481874  124.147582
0.822413  0.000000  0.000000  0.000000  -17.718836  5.101529  41.428571  49.671695  -30.502372  -27.690327  3.427199  19.341554  9.407954  19.481874  124.147582
0.822644  0.000000  0.000000  0.000000  -17.718836  5.101529  45.714286  47.898408  -33.727313  -31.023951  3.427199  19.341554  9.407954  19.481874  124.147582
0.822876  0.000000  0.000000  0.000000  -17.718836  5.101529  50.000000  45.823101  -36.855766  -34.613976  3.427199  19.341554  9.407954  19.481874  124.147582
0.823107  0.000000  0.000000  0.000000  -21.251575  16.882397  -10.000000  53.363922  10.667266  10.450103  13.144203  10.883899  34.940889  33.899033  126.619491
0.823339  0.000000  0.000000  0.000000  -21.251575  16.882397  -5.714286  53.764661  7.218719  7.873792  13.144203  10.883899  34.940889  33.899033  126.619491
0.823570  0.000000  0.000000  0.000000  -21.251575  16.882397  -1.428571  54.007428  3.755950  5.336571  13.144203  10.883899  34.940889  33.899033  126.619491
0.823802  0.000000  0.000000  0.000000  -21.251575  16.882397  2.857143  54.096254  0.285900  2.819452  13.144203  10.883899  34.940889  33.899033  126.619491
0.824033  0.000000  0.000000  0.000000  -21.251575  16.882397  7.142857  54.032584  -3.184703  0.303852  13.144203  10.883899  34.940889  33.899033  126.619491
0.824265  0.000000  0.000000  0.000000  -21.251575  16.882397  11.428571  53.815383  -6.649131  -2.228766  13.144203  10.883899  34.940889  33.899033  126.619491
0.824496  0.000000  0.000000  0.000000  -21.251575  16.882397  15.714286  53.441043  -10.100521  -4.797297  13.144203  10.883899  34.940889  33.899033  126.619491
0.824728  0.000000  0.000000  0.000000  -21.251575  16.882397  20.000000  52.903368  -13.531596  -7.421433  13.144203  10.883899  34.940889  33.899033  126.619491
0.824959  0.000000  0.000000  0.000000  -21.251575  16.882397  24.285714  52.193351  -16.934531  -10.122064  13.144203  10.883899  34.940889  33.899033  126.619491
0.825191  0.000000  0.000000  0.000000  -21.251575  16.882397  28.571429  51.299010  -20.300700  -12.921702  13.144203  10.883899  34.940889  33.899033  126.619491
0.825423  0.000000  0.000000  0.000000  -21.251575  16.882397  32.857143  50.205159  -23.620398  -15.844938  13.144203  10.883899  34.940889  33.899033  126.619491
0.825654  0.000000  0.000000  0.000000  -21.251575  16.882397  37.142857  48.893037  -26.882519  -18.918915  13.144203  10.883899  34.940889  33.899033  126.619491
0.825886  0.000000  0.000000  0.000000  -21.251575  16.882397  41.428571  47.340144  -30.074211  -22.173681  13.144203  10.883899  34.940889  33.899033  126.619491
0.826117  0.000000  0.000000  0.000000  -21.251575  16.882397  45.714286  45.520043  -33.180435  -25.642532  13.144203  10.883899  34.940889  33.899033  126.619491
0.826349  0.000000  0.000000  0.000000  -21.251575  16.882397  50.000000  43.402343  -36.183486  -29.362042  13.144203  10.883899  34.940889  33.899033  126.619491
0.826580  0.000000  0.000000  0.000000  -29.817261  14.729109  -10.000000  50.284588  3.608771  -0.136303  16.231803  24.036875  8.137220  25.607856  111.019753
0.826812  0.000000  0.000000  0.000000  -29.817261  14.729109  -5.714286  50.378208  0.309221  -2.873290  16.231803  24.036875  8.137220  25.607856  111.019753
0.827043  0.000000  0.000000  0.000000  -29.817261  14.729109  -1.428571  50.314161  -2.991039  -5.608578  16.231803  24.036875  8.137220  25.607856  111.019753
0.827275  0.000000  0.000000  0.000000  -29.817261  14.729109  2.857143  50.091528  -6.284455  -8.360377  16.231803  24.036875  8.137220  25.607856  111.019753
0.827506  0.000000  0.000000  0.000000  -29.817261  14.729109  7.142857  49.707121  -9.563313  -11.147177  16.231803  24.036875  8.137220  25.607856  111.019753
0.827738  0.000000  0.000000  0.000000  -29.817261  14.729109  11.428571  49.155398  -12.819530  -13.988097  16.231803  24.036875  8.137220  25.607856  111.019753
0.827969  0.000000  0.000000  0.000000  -29.817261  14.729109  15.714286  48.428444  -16.044485  -16.903140  16.231803  24.036875  8.137220  25.607856  111.019753
0.828201  0.000000  0.000000  0.000000  -29.817261  14.729109  20.000000  47.515805  -19.228761  -19.913553  16.231803  24.036875  8.137220  25.607856  111.019753
0.828433  0.000000  0.000000  0.000000  -29.817261  14.729109  24.285714  46.404430  -22.361927  -23.042072  16.231803  24.036875  8.137220  25.607856  111.019753
0.828664  0.000000  0.000000  0.000000  -29.817261  14.729109  28.571429  45.078542  -25.432251  -26.313185  16.231803  24.036875  8.137220  25.607856  111.019753
0.828896  0.000000  0.000000  0.000000  -29.817261  14.729109  32.857143  43.519657  -28.426406  -29.753257  16.231803  24.036875  8.137220  25.607856  111.019753
0.829127  0.000000  0.000000  0.000000  -29.817261  14.729109  37.142857  41.706711  -31.329128  -33.390517  16.231803  24.036875  8.137220  25.607856  111.019753
0.829359  0.000000  0.000000  0.000000  -29.817261  14.729109  41.428571  39.616413  -34.122875  -37.254796  16.231803  24.036875  8.137220  25.607856  111.019753
0.829590  0.000000  0.000000  0.000000  -29.817261  14.729109  45.714286  37.224043  -36.787455  -41.376819  16.231803  24.036875  8.137220  25.607856  111.019753
0.829822  0.000000  0.000000  0.000000  -29.817261  14.729109  50.000000  34.504722  -39.299797  -45.787019  16.231803  24.036875  8.137220  25.607856  111.019753
0.830053  0.000000  0.000000  0.000000  -14.158947  7.026600  -10.000000  60.835195  29.493707  12.991719  -14.922471  32.945536  42.267574  36.952938  126.210968
0.830285  0.000000  0.000000  0.000000  -14.158947  7.026600  -5.714286  61.909747  25.731342  10.674826  -14.922471  32.945536  42.267574  36.952938  126.210968
0.830516  0.000000  0.000000  0.000000  -14.158947  7.026600  -1.428571  62.788751  21.934595  8.500873  -14.922471  32.945536  42.267574  36.952938  126.210968
0.830748  0.000000  0.000000  0.000000  -14.158947  7.026600  2.857143  63.494677  18.110758  6.440460  -14.922471  32.945536  42.267574  36.952938  126.210968
0.830979  0.000000  0.000000  0.000000  -14.158947  7.026600  7.142857  64.044834  14.265970  4.468420  -14.922471  32.945536  42.267574  36.952938  126.210968
0.831211  0.000000  0.000000  0.000000  -14.158947  7.026600  11.428571  64.452225  10.405519  2.562764  -14.922471  32.945536  42.267574  36.952938  126.210968
0.831442  0.000000  0.000000  0.000000  -14.158947  7.026600  15.714286  64.726206  6.534085  0.703816  -14.922471  32.945536  42.267574  36.952938  126.210968
0.831674  0.000000  0.000000  0.000000  -14.158947  7.026600  20.000000  64.872934  2.655937  -1.126516  -14.922471  32.945536  42.267574  36.952938  126.210968
0.831906  0.000000  0.000000  0.000000  -14.158947  7.026600  24.285714  64.895669  -1.224894  -2.945369  -14.922471  32.945536  42.267574  36.952938  126.210968
0.832137  0.000000  0.000000  0.000000  -14.158947  7.026600  28.571429  64.794892  -5.104498  -4.769509  -14.922471  32.945536  42.267574  36.952938  126.210968
0.832369  0.000000  0.000000  0.000000  -14.158947  7.026600  32.857143  64.568392  -8.978885  -6.615871  -14.922471  32.945536  42.267574  36.952938  126.210968
0.832600  0.000000  0.000000  0.000000  -14.158947  7.026600  37.142857  64.211115  -12.843909  -8.502103  -14.922471  32.945536  42.267574  36.952938  126.210968
0.832832  0.000000  0.000000  0.000000  -14.158947  7.026600  41.428571  63.714913  -16.695052  -10.447243  -14.922471  32.945536  42.267574  36.952938  126.210968
0.833063  0.000000  0.000000  0.000000  -14.158947  7.026600  45.714286  63.068198  -20.527278  -12.472326  -14.922471  32.945536  42.267574  36.952938  126.210968
0.833295  0.000000  0.000000  0.000000  -14.158947  7.026600  50.000000  62.255338  -24.334795  -14.601237  -14.922471  32.945536  42.267574  36.952938  126.210968
0.833526  0.000000  0.000000  0.000000  -20.305965  21.051129  -10.000000  48.614872  22.187034  12.107518  12.567014  23.839712  16.304093  28.938807  113.274142
0.833758  0.000000  0.000000  0.000000  -20.305965  21.051129  -5.714286  49.667320  18.944866  9.113320  12.567014  23.839712  16.304093  28.938807  113.274142
0.833989  0.000000  0.000000  0.000000  -20.305965  21.051129  -1.428571  50.524081  15.656497  6.234091  12.567014  23.839712  16.304093  28.938807  113.274142
0.834221  0.000000  0.000000  0.000000  -20.305965  21.051129  2.857143  51.198575  12.331737  3.446578  12.567014  23.839712  16.304093  28.938807  113.274142
0.834452  0.000000  0.000000  0.000000  -20.305965  21.051129  7.142857  51.701324  8.979391  0.729250  12.567014  23.839712  16.304093  28.938807  113.274142
0.834684  0.000000  0.000000  0.000000  -20.305965  21.051129  11.428571  52.040158  5.607549  -1.938114  12.567014  23.839712  16.304093  28.938807  113.274142
0.834915  0.000000  0.000000  0.000000  -20.305965  21.051129  15.714286  52.220315  2.223774  -4.574754  12.567014  23.839712  16.304093  28.938807  113.274142
0.835147  0.000000  0.000000  0.000000  -20.305965  21.051129  20.000000  52.244593  -1.164685  -7.199309  12.567014  23.839712  16.304093  28.938807  113.274142
0.835379  0.000000  0.000000  0.000000  -20.305965  21.051129  24.285714  52.113335  -4.550696  -9.830181  12.567014  23.839712  16.304093  28.938807  113.274142
0.835610  0.000000  0.000000  0.000000  -20.305965  21.051129  28.571429  51.824561  -7.927060  -12.485918  12.567014  23.839712  16.304093  28.938807  113.274142
0.835842  0.000000  0.000000  0.000000  -20.305965  21.051129  32.857143  51.373768  -11.286339  -15.185509  12.567014  23.839712  16.304093  28.938807  113.274142
0.836073  0.000000  0.000000  0.000000  -20.305965  21.051129  37.142857  50.753963  -14.620632  -17.948836  12.567014  23.839712  16.304093  28.938807  113.274142
0.836305  0.000000  0.000000  0.000000  -20.305965  21.051129  41.428571  49.955483  -17.921386  -20.796981  12.567014  23.839712  16.304093  28.938807  113.274142
0.836536  0.000000  0.000000  0.000000  -20.305965  21.051129  45.714286  48.965831  -21.179119  -23.752623  12.567014  23.839712  16.304093  28.938807  113.274142
0.836768  0.000000  0.000000  0.000000  -20.305965  21.051129  50.000000  47.769496  -24.383185  -26.840390  12.567014  23.839712  16.304093  28.938807  113.274142
0.836999  0.000000  0.000000  0.000000  -22.822843  23.663423  -10.000000  50.843976  17.337238  12.876840  0.577288  9.065388  44.480592  18.613779  124.826429
0.837231  0.000000  0.000000  0.000000  -22.822843  23.663423  -5.714286  51.597160  13.995569  10.089392  0.577288  9.065388  44.480592  18.613779  124.826429
0.837462  0.000000  0.000000  0.000000  -22.822843  23.663423  -1.428571  52.174626  10.623001  7.382269  0.577288  9.065388  44.480592  18.613779  124.826429
0.837694  0.000000  0.000000  0.000000  -22.822843  23.663423  2.857143  52.585674  7.227768  4.734501  0.577288  9.065388  44.480592  18.613779  124.826429
0.837925  0.000000  0.000000  0.000000  -22.822843  23.663423  7.142857  52.836832  3.817495  2.126352  0.577288  9.065388  44.480592  18.613779  124.826429
0.838157  0.000000  0.000000  0.000000  -22.822843  23.663423  11.428571  52.932080  0.399398  -0.461120  0.577288  9.065388  44.480592  18.613779  124.826429
0.838389  0.000000  0.000000  0.000000  -22.822843  23.663423  15.714286  52.872943  -3.019512  -3.046439  0.577288  9.065388  44.480592  18.613779  124.826429
0.838620  0.000000  0.000000  0.000000  -22.822843  23.663423  20.000000  52.658466  -6.432249  -5.648084  0.577288  9.065388  44.480592  18.613779  124.826429
0.838852  0.000000  0.000000  0.000000  -22.822843  23.663423  24.285714  52.285248  -9.831654  -8.284878  0.577288  9.065388  44.480592  18.613779  124.826429
0.839083  0.000000  0.000000  0.000000  -22.822843  23.663423  28.571429  51.747370  -13.210232  -10.976305  0.577288  9.065388  44.480592  18.613779  124.826429
0.839315  0.000000  0.000000  0.000000  -22.822843  23.663423  32.857143  51.036222  -16.559897  -13.743037  0.577288  9.065388  44.480592  18.613779  124.826429
0.839546  0.000000  0.000000  0.000000  -22.822843  23.663423  37.142857  50.140359  -19.871785  -16.607170  0.577288  9.065388  44.480592  18.613779  124.826429
0.839778  0.000000  0.000000  0.000000  -22.822843  23.663423  41.428571  49.045306  -23.135958  -19.592717  0.577288  9.065388  44.480592  18.613779  124.826429
0.840009  0.000000  0.000000  0.000000  -22.822843  23.663423  45.714286  47.733330  -26.341137  -22.725949  0.577288  9.065388  44.480592  18.613779  124.826429
0.840241  0.000000  0.000000  0.000000  -22.822843  23.663423  50.000000  46.183282  -29.474355  -26.035725  0.577288  9.065388  44.480592  18.613779  124.826429
0.840472  0.000000  0.000000  0.000000  -41.384131  9.560589  -10.000000  58.940871  26.711810  5.743673  -9.639935  16.767080  16.039282  38.932751  127.979180
0.840704  0.000000  0.000000  0.000000  -41.384131  9.560589  -5.714286  59.951097  23.020572  3.342790  -9.639935  16.767080  16.039282  38.932751  127.979180
0.840935  0.000000  0.000000  0.000000  -41.384131  9.560589  -1.428571  60.771750  19.295077  1.070576  -9.639935  16.767080  16.039282  38.932751  127.979180
0.841167  0.000000  0.000000  0.000000  -41.384131  9.560589  2.857143  61.421943  15.542731  -1.100020  -9.639935  16.767080  16.039282  38.932751  127.979180
0.841398  0.000000  0.000000  0.000000  -41.384131  9.560589  7.142857  61.916330  11.769921  -3.192657  -9.639935  16.767080  16.039282  38.932751  127.979180
0.841630  0.000000  0.000000  0.000000  -41.384131  9.560589  11.428571  62.265747  7.982256  -5.228457  -9.639935  16.767080  16.039282  38.932751  127.979180
0.841862  0.000000  0.000000  0.000000  -41.384131  9.560589  15.714286  62.477653  4.184842  -7.226791  -9.639935  16.767080  16.039282  38.932751  127.979180
0.842093  0.000000  0.000000  0.000000  -41.384131  9.560589  20.000000  62.556559  0.382398  -9.205788  -9.639935  16.767080  16.039282  38.932751  127.979180
0.842325  0.000000  0.000000  0.000000  -41.384131  9.560589  24.285714  62.504107  -3.420501  -11.183029  -9.639935  16.767080  16.039282  38.932751  127.979180
0.842556  0.000000  0.000000  0.000000  -41.384131  9.560589  28.571429  62.319205  -7.219304  -13.176035  -9.639935  16.767080  16.039282  38.932751  127.979180
0.842788  0.000000  0.000000  0.000000  -41.384131  9.560589  32.857143  61.997948  -11.009320  -15.202801  -9.639935  16.767080  16.039282  38.932751  127.979180
0.843019  0.000000  0.000000  0.000000  -41.384131  9.560589  37.142857  61.533471  -14.785547  -17.282383  -9.639935  16.767080  16.039282  38.932751  127.979180
0.843251  0.000000  0.000000  0.000000  -41.384131  9.560589  41.428571  60.915647  -18.542492  -19.435496  -9.639935  16.767080  16.039282  38.932751  127.979180
0.843482  0.000000  0.000000  0.000000  -41.384131  9.560589  45.714286  60.130645  -22.273949  -21.685231  -9.639935  16.767080  16.039282  38.932751  127.979180
0.843714  0.000000  0.000000  0.000000  -41.384131  9.560589  50.000000  59.160323  -25.972729  -24.057871  -9.639935  16.767080  16.039282  38.932751  127.979180
0.843945  0.000000  0.000000  0.000000  -33.345256  9.025170  -10.000000  56.776778  26.038616  4.592382  13.977333  7.711788  5.765859  30.921850  127.140429
0.844177  0.000000  0.000000  0.000000  -33.345256  9.025170  -5.714286  57.819579  22.431574  2.053552  13.977333  7.711788  5.765859  30.921850  127.140429
0.844408  0.000000  0.000000  0.000000  -33.345256  9.025170  -1.428571  58.668228  18.786874  -0.355881  13.977333  7.711788  5.765859  30.921850  127.140429
0.844640  0.000000  0.000000  0.000000  -33.345256  9.025170  2.857143  59.341168  15.112604  -2.662722  13.977333  7.711788  5.765859  30.921850  127.140429
0.844871  0.000000  0.000000  0.000000  -33.345256  9.025170  7.142857  59.852688  11.415757  -4.890707  13.977333  7.711788  5.765859  30.921850  127.140429
0.845103  0.000000  0.000000  0.000000  -33.345256  9.025170  11.428571  60.213370  7.702528  -7.061179  13.977333  7.711788  5.765859  30.921850  127.140429
0.845335  0.000000  0.000000  0.000000  -33.345256  9.025170  15.714286  60.430522  3.978582  -9.193856  13.977333  7.711788  5.765859  30.921850  127.140429
0.845566  0.000000  0.000000  0.000000  -33.345256  9.025170  20.000000  60.508528  0.249186  -11.307293  13.977333  7.711788  5.765859  30.921850  127.140429
0.845798  0.000000  0.000000  0.000000  -33.345256  9.025170  24.285714  60.448931  -3.480548  -13.419529  13.977333  7.711788  5.765859  30.921850  127.140429
0.846029  0.000000  0.000000  0.000000  -33.345256  9.025170  28.571429  60.250553  -7.205527  -15.548571  13.977333  7.711788  5.765859  30.921850  127.140429
0.846261  0.000000  0.000000  0.000000  -33.345256  9.025170  32.857143  59.909410  -10.920500  -17.712892  13.977333  7.711788  5.765859  30.921850  127.140429
0.846492  0.000000  0.000000  0.000000  -33.345256  9.025170  37.142857  59.418582  -14.619881  -19.932000  13.977333  7.711788  5.765859  30.921850  127.140429
0.846724  0.000000  0.000000  0.000000  -33.345256  9.025170  41.428571  58.767937  -18.297554  -22.226997  13.977333  7.711788  5.765859  30.921850  127.140429
0.846955  0.000000  0.000000  0.000000  -33.345256  9.025170  45.714286  57.943739  -21.946644  -24.621243  13.977333  7.711788  5.765859  30.921850  127.140429
0.847187  0.000000  0.000000  0.000000  -33.345256  9.025170  50.000000  56.928120  -25.559233  -27.141100  13.977333  7.711788  5.765859  30.921850  127.140429
0.847418  0.000000  0.000000  0.000000  -16.657184  -2.498633  -10.000000  62.235224  19.409385  -3.180834  22.381458  8.519529  5.667691  32.490340  127.037690
0.847650  0.000000  0.000000  0.000000  -16.657184  -2.498633  -5.714286  62.858755  15.605850  -5.252239  22.381458  8.519529  5.667691  32.490340  127.037690
0.847881  0.000000  0.000000  0.000000  -16.657184  -2.498633  -1.428571  63.331556  11.783631  -7.247950  22.381458  8.519529  5.667691  32.490340  127.037690
0.848113  0.000000  0.000000  0.000000  -16.657184  -2.498633  2.857143  63.664303  7.947894  -9.188710  22.381458  8.519529  5.667691  32.490340  127.037690
0.848345  0.000000  0.000000  0.000000  -16.657184  -2.498633  7.142857  63.864376  4.103325  -11.093442  22.381458  8.519529  5.667691  32.490340  127.037690
0.848576  0.000000  0.000000  0.000000  -16.657184  -2.498633  11.428571  63.936141  0.254278  -12.979886  22.381458  8.519529  5.667691  32.490340  127.037690
0.848808  0.000000  0.000000  0.000000  -16.657184  -2.498633  15.714286  63.881153  -3.595044  -14.865206  22.381458  8.519529  5.667691  32.490340  127.037690
0.849039  0.000000  0.000000  0.000000  -16.657184  -2.498633  20.000000  63.698214  -7.440450  -16.766521  22.381458  8.519529  5.667691  32.490340  127.037690
0.849271  0.000000  0.000000  0.000000  -16.657184  -2.498633  24.285714  63.383337  -11.277610  -18.701482  22.381458  8.519529  5.667691  32.490340  127.037690
0.849502  0.000000  0.000000  0.000000  -16.657184  -2.498633  28.571429  62.929585  -15.101902  -20.688782  22.381458  8.519529  5.667691  32.490340  127.037690
0.849734  0.000000  0.000000  0.000000  -16.657184  -2.498633  32.857143  62.326708  -18.908226  -22.748913  22.381458  8.519529  5.667691  32.490340  127.037690
0.849965  0.000000  0.000000  0.000000  -16.657184  -2.498633  37.142857  61.560660  -22.690778  -24.904801  22.381458  8.519529  5.667691  32.490340  127.037690
0.850197  0.000000  0.000000  0.000000  -16.657184  -2.498633  41.428571  60.612986  -26.442822  -27.182724  22.381458  8.519529  5.667691  32.490340  127.037690
0.850428  0.000000  0.000000  0.000000  -16.657184  -2.498633  45.714286  59.459906  -30.156350  -29.613405  22.381458  8.519529  5.667691  32.490340  127.037690
0.850660  0.000000  0.000000  0.000000  -16.657184  -2.498633  50.000000  58.071159  -33.821589  -32.233221  22.381458  8.519529  5.667691  32.490340  127.037690
0.850891  0.000000  0.000000  0.000000  -25.963816  0.800438  -10.000000  51.785773  6.098781  -0.591294  1.562795  16.650971  45.176834  25.133635  114.111294
0.851123  0.000000  0.000000  0.000000  -25.963816  0.800438  -5.714286  51.989980  2.726157  -3.243932  1.562795  16.650971  45.176834  25.133635  114.111294
0.851354  0.000000  0.000000  0.000000  -25.963816  0.800438  -1.428571  52.037749  -0.652272  -5.881703  1.562795  16.650971  45.176834  25.133635  114.111294
0.851586  0.000000  0.000000  0.000000  -25.963816  0.800438  2.857143  51.929802  -4.029304  -8.523040  1.562795  16.650971  45.176834  25.133635  114.111294
0.851818  0.000000  0.000000  0.000000  -25.963816  0.800438  7.142857  51.664491  -7.397743  -11.186383  1.562795  16.650971  45.176834  25.133635  114.111294
0.852049  0.000000  0.000000  0.000000  -25.963816  0.800438  11.428571  51.237749  -10.750132  -13.890628  1.562795  16.650971  45.176834  25.133635  114.111294
0.852281  0.000000  0.000000  0.000000  -25.963816  0.800438  15.714286  50.643002  -14.078609  -16.655460  1.562795  16.650971  45.176834  25.133635  114.111294
0.852512  0.000000  0.000000  0.000000  -25.963816  0.800438  20.000000  49.871068  -17.374684  -19.501699  1.562795  16.650971  45.176834  25.133635  114.111294
0.852744  0.000000  0.000000  0.000000  -25.963816  0.800438  24.285714  48.909970  -20.628997  -22.451683  1.562795  16.650971  45.176834  25.133635  114.111294
0.852975  0.000000  0.000000  0.000000  -25.963816  0.800438  28.571429  47.744834  -23.831067  -25.529585  1.562795  16.650971  45.176834  25.133635  114.111294
0.853207  0.000000  0.000000  0.000000  -25.963816  0.800438  32.857143  46.357613  -26.968960  -28.761778  1.562795  16.650971  45.176834  25.133635  114.111294
0.853438  0.000000  0.000000  0.000000  -25.963816  0.800438  37.142857  44.727106  -30.028981  -32.177000  1.562795  16.650971  45.176834  25.133635  114.111294
0.853670  0.000000  0.000000  0.000000  -25.963816  0.800438  41.428571  42.828982  -32.995255  -35.806428  1.562795  16.650971  45.176834  25.133635  114.111294
0.853901  0.000000  0.000000  0.000000  -25.963816  0.800438  45.714286  40.636099  -35.849330  -39.683448  1.562795  16.650971  45.176834  25.133635  114.111294
0.854133  0.000000  0.000000  0.000000  -25.963816  0.800438  50.000000  38.119345  -38.569716  -43.842898  1.562795  16.650971  45.176834  25.133635  114.111294
0.854364  0.000000  0.000000  0.000000  -36.007873  21.749809  -10.000000  50.885830  5.561822  6.570335  -12.349785  10.878028  18.542740  35.302971  128.148263
0.854596  0.000000  0.000000  0.000000  -36.007873  21.749809  -5.714286  51.069719  2.231625  3.866082  -12.349785  10.878028  18.542740  35.302971  128.148263
0.854828  0.000000  0.000000  0.000000  -36.007873  21.749809  -1.428571  51.096233  -1.103516  1.174068  -12.349785  10.878028  18.542740  35.302971  128.148263
0.855059  0.000000  0.000000  0.000000  -36.007873  21.749809  2.857143  50.965777  -4.436212  -1.523985  -12.349785  10.878028  18.542740  35.302971  128.148263
0.855291  0.000000  0.000000  0.000000  -36.007873  21.749809  7.142857  50.676407  -7.759037  -4.246488  -12.349785  10.878028  18.542740  35.302971  128.148263
0.855522  0.000000  0.000000  0.000000  -36.007873  21.749809  11.428571  50.223854  -11.064276  -7.012273  -12.349785  10.878028  18.542740  35.302971  128.148263
0.855754  0.000000  0.000000  0.000000  -36.007873  21.749809  15.714286  49.601406  -14.343801  -9.840967  -12.349785  10.878028  18.542740  35.302971  128.148263
0.855985  0.000000  0.000000  0.000000  -36.007873  21.749809  20.000000  48.799821  -17.588820  -12.753304  -12.349785  10.878028  18.542740  35.302971  128.148263
0.856217  0.000000  0.000000  0.000000  -36.007873  21.749809  24.285714  47.807184  -20.789650  -15.771460  -12.349785  10.878028  18.542740  35.302971  128.148263
0.856448  0.000000  0.000000  0.000000  -36.007873  21.749809  28.571429  46.608828  -23.935465  -18.919329  -12.349785  10.878028  18.542740  35.302971  128.148263
0.856680  0.000000  0.000000  0.000000  -36.007873  21.749809  32.857143  45.187120  -27.013976  -22.222821  -12.349785  10.878028  18.542740  35.302971  128.148263
0.856911  0.000000  0.000000  0.000000  -36.007873  21.749809  37.142857  43.521568  -30.011127  -25.709942  -12.349785  10.878028  18.542740  35.302971  128.148263
0.857143  0.000000  0.000000  0.000000  -36.007873  21.749809  41.428571  41.588941  -32.910710  -29.410759  -12.349785  10.878028  18.542740  35.302971  128.148263
0.857374  0.000000  0.000000  0.000000  -36.007873  21.749809  45.714286  39.363736  -35.693980  -33.357018  -12.349785  10.878028  18.542740  35.302971  128.148263
0.857606  0.000000  0.000000  0.000000  -36.007873  21.749809  50.000000  36.819084  -38.339330  -37.581338  -12.349785  10.878028  18.542740  35.302971  128.148263
0.857837  0.000000  0.000000  0.000000  -14.677992  5.624240  -10.000000  52.508235  22.471792  0.550054  -2.257188  20.141072  10.766926  39.186650  118.171608
0.858069  0.000000  0.000000  0.000000  -14.677992  5.624240  -5.714286  53.486458  19.048482  -2.208034  -2.257188  20.141072  10.766926  39.186650  118.171608
0.858301  0.000000  0.000000  0.000000  -14.677992  5.624240  -1.428571  54.274535  15.585882  -4.853919  -2.257188  20.141072  10.766926  39.186650  118.171608
0.858532  0.000000  0.000000  0.000000  -14.677992  5.624240  2.857143  54.886689  12.092720  -7.411591  -2.257188  20.141072  10.766926  39.186650  118.171608
0.858764  0.000000  0.000000  0.000000  -14.677992  5.624240  7.142857  55.333944  8.576783  -9.903063  -2.257188  20.141072  10.766926  39.186650  118.171608
0.858995  0.000000  0.000000  0.000000  -14.677992  5.624240  11.428571  55.624162  5.045161  -12.348687  -2.257188  20.141072  10.766926  39.186650  118.171608
0.859227  0.000000  0.000000  0.000000  -14.677992  5.624240  15.714286  55.762439  1.504495  -14.767779  -2.257188  20.141072  10.766926  39.186650  118.171608
0.859458  0.000000  0.000000  0.000000  -14.677992  5.624240  20.000000  55.751189  -2.038842  -17.179021  -2.257188  20.141072  10.766926  39.186650  118.171608
0.859690  0.000000  0.000000  0.000000  -14.677992  5.624240  24.285714  55.590213  -5.578556  -19.600908  -2.257188  20.141072  10.766926  39.186650  118.171608
0.859921  0.000000  0.000000  0.000000  -14.677992  5.624240  28.571429  55.276701  -9.108243  -22.052196  -2.257188  20.141072  10.766926  39.186650  118.171608
0.860153  0.000000  0.000000  0.000000  -14.677992  5.624240  32.857143  54.805163  -12.621221  -24.552301  -2.257188  20.141072  10.766926  39.186650  118.171608
0.860384  0.000000  0.000000  0.000000  -14.677992  5.624240  37.142857  54.167235  -16.110291  -27.121842  -2.257188  20.141072  10.766926  39.186650  118.171608
0.860616  0.000000  0.000000  0.000000  -14.677992  5.624240  41.428571  53.351492  -19.567551  -29.783043  -2.257188  20.141072  10.766926  39.186650  118.171608
0.860847  0.000000  0.000000  0.000000  -14.677992  5.624240  45.714286  52.343125  -22.984106  -32.560297  -2.257188  20.141072  10.766926  39.186650  118.171608
0.861079  0.000000  0.000000  0.000000  -14.677992  5.624240  50.000000  51.123577  -26.349763  -35.480695  -2.257188  20.141072  10.766926  39.186650  118.171608
0.861310  0.000000  0.000000  0.000000  -27.160386  13.677507  -10.000000  51.234826  4.790979  6.156514  -13.691809  26.733676  37.152333  39.439640  111.983735
0.861542  0.000000  0.000000  0.000000  -27.160386  13.677507  -5.714286  51.380844  1.445302  3.473770  -13.691809  26.733676  37.152333  39.439640  111.983735
0.861774  0.000000  0.000000  0.000000  -27.160386  13.677507  -1.428571  51.370140  -1.903541  0.798922  -13.691809  26.733676  37.152333  39.439640  111.983735
0.862005  0.000000  0.000000  0.000000  -27.160386  13.677507  2.857143  51.202557  -5.248216  -1.886332  -13.691809  26.733676  37.152333  39.439640  111.983735
0.862237  0.000000  0.000000  0.000000  -27.160386  13.677507  7.142857  50.875594  -8.581310  -4.600510  -13.691809  26.733676  37.152333  39.439640  111.983735
0.862468  0.000000  0.000000  0.000000  -27.160386  13.677507  11.428571  50.384348  -11.895098  -7.362664  -13.691809  26.733676  37.152333  39.439640  111.983735
0.862700  0.000000  0.000000  0.000000  -27.160386  13.677507  15.714286  49.721450  -15.181374  -10.192710  -13.691809  26.733676  37.152333  39.439640  111.983735
0.862931  0.000000  0.000000  0.000000  -27.160386  13.677507  20.000000  48.876925  -18.431213  -13.111796  -13.691809  26.733676  37.152333  39.439640  111.983735
0.863163  0.000000  0.000000  0.000000  -27.160386  13.677507  24.285714  47.838067  -21.634742  -16.142616  -13.691809  26.733676  37.152333  39.439640  111.983735
0.863394  0.000000  0.000000  0.000000  -27.160386  13.677507  28.571429  46.589274  -24.780857  -19.309726  -13.691809  26.733676  37.152333  39.439640  111.983735
0.863626  0.000000  0.000000  0.000000  -27.160386  13.677507  32.857143  45.111971  -27.856923  -22.639780  -13.691809  26.733676  37.152333  39.439640  111.983735
0.863857  0.000000  0.000000  0.000000  -27.160386  13.677507  37.142857  43.384606  -30.848420  -26.161646  -13.691809  26.733676  37.152333  39.439640  111.983735
0.864089  0.000000  0.000000  0.000000  -27.160386  13.677507  41.428571  41.382841  -33.738569  -29.906323  -13.691809  26.733676  37.152333  39.439640  111.983735
0.864320  0.000000  0.000000  0.000000  -27.160386  13.677507  45.714286  39.080118  -36.507917  -33.906465  -13.691809  26.733676  37.152333  39.439640  111.983735
0.864552  0.000000  0.000000  0.000000  -27.160386  13.677507  50.000000  36.448672  -39.134005  -38.195448  -13.691809  26.733676  37.152333  39.439640  111.983735
0.864784  0.000000  0.000000  0.000000  -33.590754  22.129317  -10.000000  49.132505  22.244413  15.476020  12.534179  30.250319  10.798825  23.728062  114.033686
0.865015  0.000000  0.000000  0.000000  -33.590754  22.129317  -5.714286  50.176490  18.977262  12.512094  12.534179  30.250319  10.798825  23.728062  114.033686
0.865247  0.000000  0.000000  0.000000  -33.590754  22.129317  -1.428571  51.025244  15.664790  9.663024  12.534179  30.250319  10.798825  23.728062  114.033686
0.865478  0.000000  0.000000  0.000000  -33.590754  22.129317  2.857143  51.692350  12.316678  6.905402  12.534179  30.250319  10.798825  23.728062  114.033686
0.865710  0.000000  0.000000  0.000000  -33.590754  22.129317  7.142857  52.188418  8.941604  4.217600  12.534179  30.250319  10.798825  23.728062  114.033686
0.865941  0.000000  0.000000  0.000000  -33.590754  22.129317  11.428571  52.521321  5.547532  1.579337  12.534179  30.250319  10.798825  23.728062  114.033686
0.866173  0.000000  0.000000  0.000000  -33.590754  22.129317  15.714286  52.696299  2.141910  -1.028666  12.534179  30.250319  10.798825  23.728062  114.033686
0.866404  0.000000  0.000000  0.000000  -33.590754  22.129317  20.000000  52.716114  -1.268127  -3.625082  12.534179  30.250319  10.798825  23.728062  114.033686
0.866636  0.000000  0.000000  0.000000  -33.590754  22.129317  24.285714  52.581050  -4.675557  -6.228346  12.534179  30.250319  10.798825  23.728062  114.033686
0.866867  0.000000  0.000000  0.000000  -33.590754  22.129317  28.571429  52.289029  -8.073279  -8.857056  12.534179  30.250319  10.798825  23.728062  114.033686
0.867099  0.000000  0.000000  0.000000  -33.590754  22.129317  32.857143  51.835418  -11.453955  -11.530278  12.534179  30.250319  10.798825  23.728062  114.033686
0.867330  0.000000  0.000000  0.000000  -33.590754  22.129317  37.142857  51.213046  -14.809773  -14.268003  12.534179  30.250319  10.798825  23.728062  114.033686
0.867562  0.000000  0.000000  0.000000  -33.590754  22.129317  41.428571  50.412017  -18.132262  -17.091482  12.534179  30.250319  10.798825  23.728062  114.033686
0.867793  0.000000  0.000000  0.000000  -33.590754  22.129317  45.714286  49.419531  -21.412014  -20.023630  12.534179  30.250319  10.798825  23.728062  114.033686
0.868025  0.000000  0.000000  0.000000  -33.590754  22.129317  50.000000  48.219680  -24.638437  -23.089403  12.534179  30.250319  10.798825  23.728062  114.033686
0.868257  0.000000  0.000000  0.000000  -29.022579  11.601792  -10.000000  51.167401  19.777820  6.619171  15.456937  27.095803  43.372271  22.454742  116.387048
0.868488  0.000000  0.000000  0.000000  -29.022579  11.601792  -5.714286  52.037762  16.418309  3.819086  15.456937  27.095803  43.372271  22.454742  116.387048
0.868720  0.000000  0.000000  0.000000  -29.022579  11.601792  -1.428571  52.725381  13.022969  1.114684  15.456937  27.095803  43.372271  22.454742  116.387048
0.868951  0.000000  0.000000  0.000000  -29.022579  11.601792  2.857143  53.241745  9.600371  -1.516225  15.456937  27.095803  43.372271  22.454742  116.387048
0.869183  0.000000  0.000000  0.000000  -29.022579  11.601792  7.142857  53.595393  6.158314  -4.094328  15.456937  27.095803  43.372271  22.454742  116.387048
0.869414  0.000000  0.000000  0.000000  -29.022579  11.601792  11.428571  53.792128  2.704042  -6.639127  15.456937  27.095803  43.372271  22.454742  116.387048
0.869646  0.000000  0.000000  0.000000  -29.022579  11.601792  15.714286  53.835180  -0.755524  -9.169451  15.456937  27.095803  43.372271  22.454742  116.387048
0.869877  0.000000  0.000000  0.000000  -29.022579  11.601792  20.000000  53.725244  -4.213617  -11.703810  15.456937  27.095803  43.372271  22.454742  116.387048
0.870109  0.000000  0.000000  0.000000  -29.022579  11.601792  24.285714  53.460534  -7.663420  -14.260804  15.456937  27.095803  43.372271  22.454742  116.387048
0.870340  0.000000  0.000000  0.000000  -29.022579  11.601792  28.571429  53.036703  -11.097900  -16.859508  15.456937  27.095803  43.372271  22.454742  116.387048
0.870572  0.000000  0.000000  0.000000  -29.022579  11.601792  32.857143  52.446766  -14.509591  -19.519896  15.456937  27.095803  43.372271  22.454742  116.387048
0.870803  0.000000  0.000000  0.000000  -29.022579  11.601792  37.142857  51.680927  -17.890392  -22.263246  15.456937  27.095803  43.372271  22.454742  116.387048
0.871035  0.000000  0.000000  0.000000  -29.022579  11.601792  41.428571  50.726370  -21.231315  -25.112573  15.456937  27.095803  43.372271  22.454742  116.387048
0.871266  0.000000  0.000000  0.000000  -29.022579  11.601792  45.714286  49.567003  -24.522197  -28.093069  15.456937  27.095803  43.372271  22.454742  116.387048
0.871498  0.000000  0.000000  0.000000  -29.022579  11.601792  50.000000  48.183188  -27.751416  -31.232514  15.456937  27.095803  43.372271  22.454742  116.387048
0.871730  0.000000  0.000000  0.000000  -19.934322  3.431169  -10.000000  59.197364  22.522680  1.177444  9.562196  26.353786  14.367996  30.284302  127.718234
0.871961  0.000000  0.000000  0.000000  -19.934322  3.431169  -5.714286  60.015970  18.825403  -1.139703  9.562196  26.353786  14.367996  30.284302  127.718234
0.872193  0.000000  0.000000  0.000000  -19.934322  3.431169  -1.428571  60.663164  15.100746  -3.356611  9.562196  26.353786  14.367996  30.284302  127.718234
0.872424  0.000000  0.000000  0.000000  -19.934322  3.431169  2.857143  61.153204  11.355262  -5.496775  9.562196  26.353786  14.367996  30.284302  127.718234
0.872656  0.000000  0.000000  0.000000  -19.934322  3.431169  7.142857  61.496588  7.594753  -7.581328  9.562196  26.353786  14.367996  30.284302  127.718234
0.872887  0.000000  0.000000  0.000000  -19.934322  3.431169  11.428571  61.700497  3.824479  -9.629609  9.562196  26.353786  14.367996  30.284302  127.718234
0.873119  0.000000  0.000000  0.000000  -19.934322  3.431169  15.714286  61.769164  0.049375  -11.659914  9.562196  26.353786  14.367996  30.284302  127.718234
0.873350  0.000000  0.000000  0.000000  -19.934322  3.431169  20.000000  61.704001  -3.725791  -13.689988  9.562196  26.353786  14.367996  30.284302  127.718234
0.873582  0.000000  0.000000  0.000000  -19.934322  3.431169  24.285714  61.503672  -7.496253  -15.737571  9.562196  26.353786  14.367996  30.284302  127.718234
0.873813  0.000000  0.000000  0.000000  -19.934322  3.431169  28.571429  61.164025  -11.257086  -17.820920  9.562196  26.353786  14.367996  30.284302  127.718234
0.874045  0.000000  0.000000  0.000000  -19.934322  3.431169  32.857143  60.677924  -15.003029  -19.959383  9.562196  26.353786  14.367996  30.284302  127.718234
0.874276  0.000000  0.000000  0.000000  -19.934322  3.431169  37.142857  60.034996  -18.728314  -22.174003  9.562196  26.353786  14.367996  30.284302  127.718234
0.874508  0.000000  0.000000  0.000000  -19.934322  3.431169  41.428571  59.221100  -22.426396  -24.488200  9.562196  26.353786  14.367996  30.284302  127.718234
0.874740  0.000000  0.000000  0.000000  -19.934322  3.431169  45.714286  58.217834  -26.089720  -26.928593  9.562196  26.353786  14.367996  30.284302  127.718234
0.874971  0.000000  0.000000  0.000000  -19.934322  3.431169  50.000000  57.001717  -29.709346  -29.525929  9.562196  26.353786  14.367996  30.284302  127.718234
0.875203  0.000000  0.000000  0.000000  -28.341728  5.788858  -10.000000  56.626803  28.157107  6.498792  23.945077  5.868956  27.785846  38.573401  115.989557
0.875434  0.000000  0.000000  0.000000  -28.341728  5.788858  -5.714286  57.777501  24.553917  3.908411  23.945077  5.868956  27.785846  38.573401  115.989557
0.875666  0.000000  0.000000  0.000000  -28.341728  5.788858  -1.428571  58.722789  20.908944  1.463671  23.945077  5.868956  27.785846  38.573401  115.989557
0.875897  0.000000  0.000000  0.000000  -28.341728  5.788858  2.857143  59.483894  17.230868  -0.864398  23.945077  5.868956  27.785846  38.573401  115.989557
0.876129  0.000000  0.000000  0.000000  -28.341728  5.788858  7.142857  60.077472  13.527074  -3.101173  23.945077  5.868956  27.785846  38.573401  115.989557
0.876360  0.000000  0.000000  0.000000  -28.341728  5.788858  11.428571  60.516123  9.804033  -5.269189  23.945077  5.868956  27.785846  38.573401  115.989557
0.876592  0.000000  0.000000  0.000000  -28.341728  5.788858  15.714286  60.808974  6.067528  -7.388910  23.945077  5.868956  27.785846  38.573401  115.989557
0.876823  0.000000  0.000000  0.000000  -28.341728  5.788858  20.000000  60.961987  2.322910  -9.479389  23.945077  5.868956  27.785846  38.573401  115.989557
0.877055  0.000000  0.000000  0.000000  -28.341728  5.788858  24.285714  60.978314  -1.424788  -11.558788  23.945077  5.868956  27.785846  38.573401  115.989557
0.877286  0.000000  0.000000  0.000000  -28.341728  5.788858  28.571429  60.858220  -5.170607  -13.644974  23.945077  5.868956  27.785846  38.573401  115.989557
0.877518  0.000000  0.000000  0.000000  -28.341728  5.788858  32.857143  60.599315  -8.909522  -15.756004  23.945077  5.868956  27.785846  38.573401  115.989557
0.877749  0.000000  0.000000  0.000000  -28.341728  5.788858  37.142857  60.196322  -12.636299  -17.910637  23.945077  5.868956  27.785846  38.573401  115.989557
0.877981  0.000000  0.000000  0.000000  -28.341728  5.788858  41.428571  59.640885  -16.345266  -20.128968  23.945077  5.868956  27.785846  38.573401  115.989557
0.878213  0.000000  0.000000  0.000000  -28.341728  5.788858  45.714286  58.921273  -20.030145  -22.432972  23.945077  5.868956  27.785846  38.573401  115.989557
0.878444  0.000000  0.000000  0.000000  -28.341728  5.788858  50.000000  58.021887  -23.683786  -24.847255  23.945077  5.868956  27.785846  38.573401  115.989557
0.878676  0.000000  0.000000  0.000000  -11.628204  14.114476  -10.000000  47.436230  10.492746  1.738126  2.278600  20.945671  39.990829  28.910112  126.587461
0.878907  0.000000  0.000000  0.000000  -11.628204  14.114476  -5.714286  47.888876  7.324090  -1.183160  2.278600  20.945671  39.990829  28.910112  126.587461
0.879139  0.000000  0.000000  0.000000  -11.628204  14.114476  -1.428571  48.176593  4.136867  -4.063079  2.278600  20.945671  39.990829  28.910112  126.587461
0.879370  0.000000  0.000000  0.000000  -11.628204  14.114476  2.857143  48.303189  0.939318  -6.919849  2.278600  20.945671  39.990829  28.910112  126.587461
0.879602  0.000000  0.000000  0.000000  -11.628204  14.114476  7.142857  48.270286  -2.260559  -9.771392  2.278600  20.945671  39.990829  28.910112  126.587461
0.879833  0.000000  0.000000  0.000000  -11.628204  14.114476  11.428571  48.077484  -5.454811  -12.635537  2.278600  20.945671  39.990829  28.910112  126.587461
0.880065  0.000000  0.000000  0.000000  -11.628204  14.114476  15.714286  47.722237  -8.635378  -15.530302  2.278600  20.945671  39.990829  28.910112  126.587461
0.880296  0.000000  0.000000  0.000000  -11.628204  14.114476  20.000000  47.199868  -11.793887  -18.474127  2.278600  20.945671  39.990829  28.910112  126.587461
0.880528  0.000000  0.000000  0.000000  -11.628204  14.114476  24.285714  46.503578  -14.921425  -21.486218  2.278600  20.945671  39.990829  28.910112  126.587461
0.880759  0.000000  0.000000  0.000000  -11.628204  14.114476  28.571429  45.624296  -18.008411  -24.586697  2.278600  20.945671  39.990829  28.910112  126.587461
0.880991  0.000000  0.000000  0.000000  -11.628204  14.114476  32.857143  44.550712  -21.044332  -27.796835  2.278600  20.945671  39.990829  28.910112  126.587461
0.881223  0.000000  0.000000  0.000000  -11.628204  14.114476  37.142857  43.269226  -24.017497  -31.139227  2.278600  20.945671  39.990829  28.910112  126.587461
0.881454  0.000000  0.000000  0.000000  -11.628204  14.114476  41.428571  41.764044  -26.914784  -34.637827  2.278600  20.945671  39.990829  28.910112  126.587461
0.881686  0.000000  0.000000  0.000000  -11.628204  14.114476  45.714286  40.017371  -29.721363  -38.317856  2.278600  20.945671  39.990829  28.910112  126.587461
0.881917  0.000000  0.000000  0.000000  -11.628204  14.114476  50.000000  38.009870  -32.420418  -42.205455  2.278600  20.945671  39.990829  28.910112  126.587461
0.882149  0.000000  0.000000  0.000000  -38.017456  15.002781  -10.000000  55.344854  27.293837  7.745399  16.235775  24.608297  20.699728  22.421817  122.940882
0.882380  0.000000  0.000000  0.000000  -38.017456  15.002781  -5.714286  56.491874  23.743539  5.084563  16.235775  24.608297  20.699728  22.421817  122.940882
0.882612  0.000000  0.000000  0.000000  -38.017456  15.002781  -1.428571  57.433809  20.150132  2.565897  16.235775  24.608297  20.699728  22.421817  122.940882
0.882843  0.000000  0.000000  0.000000  -38.017456  15.002781  2.857143  58.190797  16.522540  0.161188  16.235775  24.608297  20.699728  22.421817  122.940882
0.883075  0.000000  0.000000  0.000000  -38.017456  15.002781  7.142857  58.778607  12.868455  -2.154448  16.235775  24.608297  20.699728  22.421817  122.940882
0.883306  0.000000  0.000000  0.000000  -38.017456  15.002781  11.428571  59.209201  9.194634  -4.403324  16.235775  24.608297  20.699728  22.421817  122.940882
0.883538  0.000000  0.000000  0.000000  -38.017456  15.002781  15.714286  59.491191  5.507176  -6.605862  16.235775  24.608297  20.699728  22.421817  122.940882
0.883769  0.000000  0.000000  0.000000  -38.017456  15.002781  20.000000  59.630116  1.811737  -8.781177  16.235775  24.608297  20.699728  22.421817  122.940882
0.884001  0.000000  0.000000  0.000000  -38.017456  15.002781  24.285714  59.628707  -1.886303  -10.947620  16.235775  24.608297  20.699728  22.421817  122.940882
0.884232  0.000000  0.000000  0.000000  -38.017456  15.002781  28.571429  59.486928  -5.581637  -13.123300  16.235775  24.608297  20.699728  22.421817  122.940882
0.884464  0.000000  0.000000  0.000000  -38.017456  15.002781  32.857143  59.202005  -9.268869  -15.326592  16.235775  24.608297  20.699728  22.421817  122.940882
0.884696  0.000000  0.000000  0.000000  -38.017456  15.002781  37.142857  58.768339  -12.942358  -17.576600  16.235775  24.608297  20.699728  22.421817  122.940882
0.884927  0.000000  0.000000  0.000000  -38.017456  15.002781  41.428571  58.177249  -16.595980  -19.893803  16.235775  24.608297  20.699728  22.421817  122.940882
0.885159  0.000000  0.000000  0.000000  -38.017456  15.002781  45.714286  57.416700  -20.222963  -22.300552  16.235775  24.608297  20.699728  22.421817  122.940882
0.885390  0.000000  0.000000  0.000000  -38.017456  15.002781  50.000000  56.470846  -23.815597  -24.821793  16.235775  24.608297  20.699728  22.421817  122.940882
0.885622  0.000000  0.000000  0.000000  -16.732077  12.912761  -10.000000  55.469972  26.671493  15.963578  9.116839  30.943983  18.623108  36.505977  117.039712
0.885853  0.000000  0.000000  0.000000  -16.732077  12.912761  -5.714286  56.581898  23.116706  13.323715  9.116839  30.943983  18.623108  36.505977  117.039712
0.886085  0.000000  0.000000  0.000000  -16.732077  12.912761  -1.428571  57.492345  19.520282  10.820983  9.116839  30.943983  18.623108  36.505977  117.039712
0.886316  0.000000  0.000000  0.000000  -16.732077  12.912761  2.857143  58.220633  15.890937  8.427809  9.116839  30.943983  18.623108  36.505977  117.039712
0.886548  0.000000  0.000000  0.000000  -16.732077  12.912761  7.142857  58.781835  12.236210  6.119797  9.116839  30.943983  18.623108  36.505977  117.039712
0.886779  0.000000  0.000000  0.000000  -16.732077  12.912761  11.428571  59.187300  8.562751  3.875004  9.116839  30.943983  18.623108  36.505977  117.039712
0.887011  0.000000  0.000000  0.000000  -16.732077  12.912761  15.714286  59.445096  4.876594  1.673256  9.116839  30.943983  18.623108  36.505977  117.039712
0.887242  0.000000  0.000000  0.000000  -16.732077  12.912761  20.000000  59.560276  1.183351  -0.504404  9.116839  30.943983  18.623108  36.505977  117.039712
0.887474  0.000000  0.000000  0.000000  -16.732077  12.912761  24.285714  59.535085  -2.511596  -2.676264  9.116839  30.943983  18.623108  36.505977  117.039712
0.887705  0.000000  0.000000  0.000000  -16.732077  12.912761  28.571429  59.369035  -6.202919  -4.860455  9.116839  30.943983  18.623108  36.505977  117.039712
0.887937  0.000000  0.000000  0.000000  -16.732077  12.912761  32.857143  59.058884  -9.885174  -7.075446  9.116839  30.943983  18.623108  36.505977  117.039712
0.888169  0.000000  0.000000  0.000000  -16.732077  12.912761  37.142857  58.598522  -13.552620  -9.340567  9.116839  30.943983  18.623108  36.505977  117.039712
0.888400  0.000000  0.000000  0.000000  -16.732077  12.912761  41.428571  57.978743  -17.199029  -11.676553  9.116839  30.943983  18.623108  36.505977  117.039712
0.888632  0.000000  0.000000  0.000000  -16.732077  12.912761  45.714286  57.186909  -20.817461  -14.106155  9.116839  30.943983  18.623108  36.505977  117.039712
0.888863  0.000000  0.000000  0.000000  -16.732077  12.912761  50.000000  56.206496  -24.399996  -16.654822  9.116839  30.943983  18.623108  36.505977  117.039712
0.889095  0.000000  0.000000  0.000000  -15.424505  -3.906614  -10.000000  56.145070  15.104147  -2.409543  16.598590  18.907501  19.042205  32.043972  125.926520
0.889326  0.000000  0.000000  0.000000  -15.424505  -3.906614  -5.714286  56.706405  11.532868  -4.844739  16.598590  18.907501  19.042205  32.043972  125.926520
0.889558  0.000000  0.000000  0.000000  -15.424505  -3.906614  -1.428571  57.108142  7.941825  -7.218538  16.598590  18.907501  19.042205  32.043972  125.926520
0.889789  0.000000  0.000000  0.000000  -15.424505  -3.906614  2.857143  57.357762  4.337565  -9.551078  16.598590  18.907501  19.042205  32.043972  125.926520
0.890021  0.000000  0.000000  0.000000  -15.424505  -3.906614  7.142857  57.459897  0.726206  -11.861408  16.598590  18.907501  19.042205  32.043972  125.926520
0.890252  0.000000  0.000000  0.000000  -15.424505  -3.906614  11.428571  57.416390  -2.886327  -14.168049  16.598590  18.907501  19.042205  32.043972  125.926520
0.890484  0.000000  0.000000  0.000000  -15.424505  -3.906614  15.714286  57.226458  -6.494161  -16.489410  16.598590  18.907501  19.042205  32.043972  125.926520
0.890715  0.000000  0.000000  0.000000  -15.424505  -3.906614  20.000000  56.886598  -10.091279  -18.844270  16.598590  18.907501  19.042205  32.043972  125.926520
0.890947  0.000000  0.000000  0.000000  -15.424505  -3.906614  24.285714  56.390516  -13.671324  -21.252276  16.598590  18.907501  19.042205  32.043972  125.926520
0.891179  0.000000  0.000000  0.000000  -15.424505  -3.906614  28.571429  55.728903  -17.227406  -23.734422  16.598590  18.907501  19.042205  32.043972  125.926520
0.891410  0.000000  0.000000  0.000000  -15.424505  -3.906614  32.857143  54.889089  -20.751896  -26.313657  16.598590  18.907501  19.042205  32.043972  125.926520
0.891642  0.000000  0.000000  0.000000  -15.424505  -3.906614  37.142857  53.854808  -24.236086  -29.015372  16.598590  18.907501  19.042205  32.043972  125.926520
0.891873  0.000000  0.000000  0.000000  -15.424505  -3.906614  41.428571  52.605560  -27.669921  -31.868171  16.598590  18.907501  19.042205  32.043972  125.926520
0.892105  0.000000  0.000000  0.000000  -15.424505  -3.906614  45.714286  51.116152  -31.041574  -34.904493  16.598590  18.907501  19.042205  32.043972  125.926520
0.892336  0.000000  0.000000  0.000000  -15.424505  -3.906614  50.000000  49.356135  -34.336965  -38.161314  16.598590  18.907501  19.042205  32.043972  125.926520
0.892568  0.000000  0.000000  0.000000  -26.044511  13.825402  -10.000000  51.567154  15.377788  7.218922  -0.246829  5.843644  25.961191  33.966404  128.933927
0.892799  0.000000  0.000000  0.000000  -26.044511  13.825402  -5.714286  52.211835  12.005042  4.496885  -0.246829  5.843644  25.961191  33.966404  128.933927
0.893031  0.000000  0.000000  0.000000  -26.044511  13.825402  -1.428571  52.687008  8.606640  1.842463  -0.246829  5.843644  25.961191  33.966404  128.933927
0.893262  0.000000  0.000000  0.000000  -26.044511  13.825402  2.857143  53.000335  5.190375  -0.764571  -0.246829  5.843644  25.961191  33.966404  128.933927
0.893494  0.000000  0.000000  0.000000  -26.044511  13.825402  7.142857  53.156845  1.763539  -3.343446  -0.246829  5.843644  25.961191  33.966404  128.933927
0.893725  0.000000  0.000000  0.000000  -26.044511  13.825402  11.428571  53.159001  -1.666856  -5.912827  -0.246829  5.843644  25.961191  33.966404  128.933927
0.893957  0.000000  0.000000  0.000000  -26.044511  13.825402  15.714286  53.006877  -5.093889  -8.491180  -0.246829  5.843644  25.961191  33.966404  128.933927
0.894188  0.000000  0.000000  0.000000  -26.044511  13.825402  20.000000  52.698029  -8.510552  -11.097156  -0.246829  5.843644  25.961191  33.966404  128.933927
0.894420  0.000000  0.000000  0.000000  -26.044511  13.825402  24.285714  52.227512  -11.909562  -13.749971  -0.246829  5.843644  25.961191  33.966404  128.933927
0.894652  0.000000  0.000000  0.000000  -26.044511  13.825402  28.571429  51.587736  -15.283141  -16.469819  -0.246829  5.843644  25.961191  33.966404  128.933927
0.894883  0.000000  0.000000  0.000000  -26.044511  13.825402  32.857143  50.768343  -18.622830  -19.278227  -0.246829  5.843644  25.961191  33.966404  128.933927
0.895115  0.000000  0.000000  0.000000  -26.044511  13.825402  37.142857  49.755967  -21.919206  -22.198509  -0.246829  5.843644  25.961191  33.966404  128.933927
0.895346  0.000000  0.000000  0.000000  -26.044511  13.825402  41.428571  48.534032  -25.161609  -25.256135  -0.246829  5.843644  25.961191  33.966404  128.933927
0.895578  0.000000  0.000000  0.000000  -26.044511  13.825402  45.714286  47.082526  -28.337824  -28.479105  -0.246829  5.843644  25.961191  33.966404  128.933927
0.895809  0.000000  0.000000  0.000000  -26.044511  13.825402  50.000000  45.377878  -31.433678  -31.898223  -0.246829  5.843644  25.961191  33.966404  128.933927
0.896041  0.000000  0.000000  0.000000  -28.330076  21.969616  -10.000000  51.100641  13.916357  9.071095  23.086409  4.830941  18.153327  40.887369  126.967689
0.896272  0.000000  0.000000  0.000000  -28.330076  21.969616  -5.714286  51.681150  10.566757  6.334949  23.086409  4.830941  18.153327  40.887369  126.967689
0.896504  0.000000  0.000000  0.000000  -28.330076  21.969616  -1.428571  52.094638  7.194116  3.658086  23.086409  4.830941  18.153327  40.887369  126.967689
0.896735  0.000000  0.000000  0.000000  -28.330076  21.969616  2.857143  52.347565  3.806169  1.020824  23.086409  4.830941  18.153327  40.887369  126.967689
0.896967  0.000000  0.000000  0.000000  -28.330076  21.969616  7.142857  52.443883  0.410246  -1.595723  23.086409  4.830941  18.153327  40.887369  126.967689
0.897198  0.000000  0.000000  0.000000  -28.330076  21.969616  11.428571  52.385076  -2.986530  -4.210051  23.086409  4.830941  18.153327  40.887369  126.967689
0.897430  0.000000  0.000000  0.000000  -28.330076  21.969616  15.714286  52.170236  -6.377062  -6.840600  23.086409  4.830941  18.153327  40.887369  126.967689
0.897661  0.000000  0.000000  0.000000  -28.330076  21.969616  20.000000  51.796014  -9.754090  -9.506132  23.086409  4.830941  18.153327  40.887369  126.967689
0.897893  0.000000  0.000000  0.000000  -28.330076  21.969616  24.285714  51.256576  -13.109996  -12.226100  23.086409  4.830941  18.153327  40.887369  126.967689
0.898125  0.000000  0.000000  0.000000  -28.330076  21.969616  28.571429  50.543447  -16.436586  -15.021032  23.086409  4.830941  18.153327  40.887369  126.967689
0.898356  0.000000  0.000000  0.000000  -28.330076  21.969616  32.857143  49.645402  -19.724904  -17.912871  23.086409  4.830941  18.153327  40.887369  126.967689
0.898588  0.000000  0.000000  0.000000  -28.330076  21.969616  37.142857  48.548243  -22.964916  -20.925392  23.086409  4.830941  18.153327  40.887369  126.967689
0.898819  0.000000  0.000000  0.000000  -28.330076  21.969616  41.428571  47.234628  -26.145246  -24.084520  23.086409  4.830941  18.153327  40.887369  126.967689
0.899051  0.000000  0.000000  0.000000  -28.330076  21.969616  45.714286  45.683928  -29.252878  -27.418637  23.086409  4.830941  18.153327  40.887369  126.967689
0.899282  0.000000  0.000000  0.000000  -28.330076  21.969616  50.000000  43.872189  -32.272661  -30.958698  23.086409  4.830941  18.153327  40.887369  126.967689
0.899514  0.000000  0.000000  0.000000  -37.528582  8.223835  -10.000000  57.537685  26.652169  4.749697  -8.410000  29.735969  12.318601  38.640084  126.863201
0.899745  0.000000  0.000000  0.000000  -37.528582  8.223835  -5.714286  58.587346  23.014574  2.251973  -8.410000  29.735969  12.318601  38.640084  126.863201
0.899977  0.000000  0.000000  0.000000  -37.528582  8.223835  -1.428571  59.442540  19.339866  -0.113787  -8.410000  29.735969  12.318601  38.640084  126.863201
0.900208  0.000000  0.000000  0.000000  -37.528582  8.223835  2.857143  60.122427  15.635989  -2.374859  -8.410000  29.735969  12.318601  38.640084  126.863201
0.900440  0.000000  0.000000  0.000000  -37.528582  8.223835  7.142857  60.641855  11.909781  -4.555239  -8.410000  29.735969  12.318601  38.640084  126.863201
0.900671  0.000000  0.000000  0.000000  -37.528582  8.223835  11.428571  61.011837  8.167273  -6.676419  -8.410000  29.735969  12.318601  38.640084  126.863201
0.900903  0.000000  0.000000  0.000000  -37.528582  8.223835  15.714286  61.240077  4.413929  -8.758094  -8.410000  29.735969  12.318601  38.640084  126.863201
0.901135  0.000000  0.000000  0.000000  -37.528582  8.223835  20.000000  61.331256  0.654841  -10.818782  -8.410000  29.735969  12.318601  38.640084  126.863201
0.901366  0.000000  0.000000  0.000000  -37.528582  8.223835  24.285714  61.287233  -3.105093  -12.876377  -8.410000  29.735969  12.318601  38.640084  126.863201
0.901598  0.000000  0.000000  0.000000  -37.528582  8.223835  28.571429  61.107116  -6.861002  -14.948685  -8.410000  29.735969  12.318601  38.640084  126.863201
0.901829  0.000000  0.000000  0.000000  -37.528582  8.223835  32.857143  60.787216  -10.607881  -17.053943  -8.410000  29.735969  12.318601  38.640084  126.863201
0.902061  0.000000  0.000000  0.000000  -37.528582  8.223835  37.142857  60.320913  -14.340418  -19.211372  -8.410000  29.735969  12.318601  38.640084  126.863201
0.902292  0.000000  0.000000  0.000000  -37.528582  8.223835  41.428571  59.698381  -18.052803  -21.441763  -8.410000  29.735969  12.318601  38.640084  126.863201
0.902524  0.000000  0.000000  0.000000  -37.528582  8.223835  45.714286  58.906186  -21.738508  -23.768150  -8.410000  29.735969  12.318601  38.640084  126.863201
0.902755  0.000000  0.000000  0.000000  -37.528582  8.223835  50.000000  57.926743  -25.390012  -26.216571  -8.410000  29.735969  12.318601  38.640084  126.863201
0.902987  0.000000  0.000000  0.000000  -19.436721  14.100161  -10.000000  49.940484  24.075137  12.475271  -2.503349  21.563613  20.656887  25.345314  110.828400
0.903218  0.000000  0.000000  0.000000  -19.436721  14.100161  -5.714286  51.065728  20.767245  9.526849  -2.503349  21.563613  20.656887  25.345314  110.828400
0.903450  0.000000  0.000000  0.000000  -19.436721  14.100161  -1.428571  51.988904  17.411221  6.705750  -2.503349  21.563613  20.656887  25.345314  110.828400
0.903681  0.000000  0.000000  0.000000  -19.436721  14.100161  2.857143  52.725680  14.016986  3.987063  -2.503349  21.563613  20.656887  25.345314  110.828400
0.903913  0.000000  0.000000  0.000000  -19.436721  14.100161  7.142857  53.288451  10.593324  1.348025  -2.503349  21.563613  20.656887  25.345314  110.828400
0.904144  0.000000  0.000000  0.000000  -19.436721  14.100161  11.428571  53.686630  7.148182  -1.232444  -2.503349  21.563613  20.656887  25.345314  110.828400
0.904376  0.000000  0.000000  0.000000  -19.436721  14.100161  15.714286  53.926788  3.688920  -3.774188  -2.503349  21.563613  20.656887  25.345314  110.828400
0.904608  0.000000  0.000000  0.000000  -19.436721  14.100161  20.000000  54.012908  0.222470  -6.296177  -2.503349  21.563613  20.656887  25.345314  110.828400
0.904839  0.000000  0.000000  0.000000  -19.436721  14.100161  24.285714  53.946396  -3.244409  -8.816979  -2.503349  21.563613  20.656887  25.345314  110.828400
0.905071  0.000000  0.000000  0.000000  -19.436721  14.100161  28.571429  53.726163  -6.704981  -11.355135  -2.503349  21.563613  20.656887  25.345314  110.828400
0.905302  0.000000  0.000000  0.000000  -19.436721  14.100161  32.857143  53.348578  -10.152330  -13.929554  -2.503349  21.563613  20.656887  25.345314  110.828400
0.905534  0.000000  0.000000  0.000000  -19.436721  14.100161  37.142857  52.807378  -13.579174  -16.559923  -2.503349  21.563613  20.656887  25.345314  110.828400
0.905765  0.000000  0.000000  0.000000  -19.436721  14.100161  41.428571  52.093568  -16.977662  -19.267163  -2.503349  21.563613  20.656887  25.345314  110.828400
0.905997  0.000000  0.000000  0.000000  -19.436721  14.100161  45.714286  51.195113  -20.339123  -22.073776  -2.503349  21.563613  20.656887  25.345314  110.828400
0.906228  0.000000  0.000000  0.000000  -19.436721  14.100161  50.000000  50.096793  -23.653784  -25.004385  -2.503349  21.563613  20.656887  25.345314  110.828400
0.906460  0.000000  0.000000  0.000000  -10.889499  12.298404  -10.000000  49.412225  23.834579  8.281945  -4.875090  5.443064  10.706834  31.911436  124.018130
0.906691  0.000000  0.000000  0.000000  -10.889499  12.298404  -5.714286  50.537195  20.551958  5.305516  -4.875090  5.443064  10.706834  31.911436  124.018130
0.906923  0.000000  0.000000  0.000000  -10.889499  12.298404  -1.428571  51.460359  17.220664  2.455259  -4.875090  5.443064  10.706834  31.911436  124.018130
0.907154  0.000000  0.000000  0.000000  -10.889499  12.298404  2.857143  52.197020  13.850712  -0.293443  -4.875090  5.443064  10.706834  31.911436  124.018130
0.907386  0.000000  0.000000  0.000000  -10.889499  12.298404  7.142857  52.759300  10.450990  -2.963151  -4.875090  5.443064  10.706834  31.911436  124.018130
0.907618  0.000000  0.000000  0.000000  -10.889499  12.298404  11.428571  53.156410  7.029560  -5.574820  -4.875090  5.443064  10.706834  31.911436  124.018130
0.907849  0.000000  0.000000  0.000000  -10.889499  12.298404  15.714286  53.394778  3.593894  -8.148208  -4.875090  5.443064  10.706834  31.911436  124.018130
0.908081  0.000000  0.000000  0.000000  -10.889499  12.298404  20.000000  53.478283  0.151054  -10.702236  -4.875090  5.443064  10.706834  31.911436  124.018130
0.908312  0.000000  0.000000  0.000000  -10.889499  12.298404  24.285714  53.408261  -3.292095  -13.255468  -4.875090  5.443064  10.706834  31.911436  124.018130
0.908544  0.000000  0.000000  0.000000  -10.889499  12.298404  28.571429  53.183588  -6.728673  -15.826406  -4.875090  5.443064  10.706834  31.911436  124.018130
0.908775  0.000000  0.000000  0.000000  -10.889499  12.298404  32.857143  52.800627  -10.151639  -18.433945  -4.875090  5.443064  10.706834  31.911436  124.018130
0.909007  0.000000  0.000000  0.000000  -10.889499  12.298404  37.142857  52.253153  -13.553574  -21.097739  -4.875090  5.443064  10.706834  31.911436  124.018130
0.909238  0.000000  0.000000  0.000000  -10.889499  12.298404  41.428571  51.532239  -16.926484  -23.838641  -4.875090  5.443064  10.706834  31.911436  124.018130
0.909470  0.000000  0.000000  0.000000  -10.889499  12.298404  45.714286  50.625998  -20.261558  -26.679037  -4.875090  5.443064  10.706834  31.911436  124.018130
0.909701  0.000000  0.000000  0.000000  -10.889499  12.298404  50.000000  49.519427  -23.548874  -29.643356  -4.875090  5.443064  10.706834  31.911436  124.018130
0.909933  0.000000  0.000000  0.000000  -26.555954  17.699292  -10.000000  48.536351  24.028290  6.469787  -7.324678  17.168580  36.253758  40.291045  120.035734
0.910164  0.000000  0.000000  0.000000  -26.555954  17.699292  -5.714286  49.693572  20.787375  3.435846  -7.324678  17.168580  36.253758  40.291045  120.035734
0.910396  0.000000  0.000000  0.000000  -26.555954  17.699292  -1.428571  50.646805  17.495413  0.530523  -7.324678  17.168580  36.253758  40.291045  120.035734
0.910627  0.000000  0.000000  0.000000  -26.555954  17.699292  2.857143  51.411368  14.162732  -2.270741  -7.324678  17.168580  36.253758  40.291045  120.035734
0.910859  0.000000  0.000000  0.000000  -26.555954  17.699292  7.142857  51.999494  10.798505  -4.990517  -7.324678  17.168580  36.253758  40.291045  120.035734
0.911091  0.000000  0.000000  0.000000  -26.555954  17.699292  11.428571  52.420567  7.411044  -7.649788  -7.324678  17.168580  36.253758  40.291045  120.035734
0.911322  0.000000  0.000000  0.000000  -26.555954  17.699292  15.714286  52.681226  4.008053  -10.268362  -7.324678  17.168580  36.253758  40.291045  120.035734
0.911554  0.000000  0.000000  0.000000  -26.555954  17.699292  20.000000  52.785615  0.596782  -12.865179  -7.324678  17.168580  36.253758  40.291045  120.035734
0.911785  0.000000  0.000000  0.000000  -26.555954  17.699292  24.285714  52.735364  -2.815712  -15.458775  -7.324678  17.168580  36.253758  40.291045  120.035734
0.912017  0.000000  0.000000  0.000000  -26.555954  17.699292  28.571429  52.529686  -6.222414  -18.067611  -7.324678  17.168580  36.253758  40.291045  120.035734
0.912248  0.000000  0.000000  0.000000  -26.555954  17.699292  32.857143  52.165329  -9.616143  -20.710467  -7.324678  17.168580  36.253758  40.291045  120.035734
0.912480  0.000000  0.000000  0.000000  -26.555954  17.699292  37.142857  51.636556  -12.989408  -23.406759  -7.324678  17.168580  36.253758  40.291045  120.035734
0.912711  0.000000  0.000000  0.000000  -26.555954  17.699292  41.428571  50.934934  -16.334118  -26.177048  -7.324678  17.168580  36.253758  40.291045  120.035734
0.912943  0.000000  0.000000  0.000000  -26.555954  17.699292  45.714286  50.049259  -19.641437  -29.043296  -7.324678  17.168580  36.253758  40.291045  120.035734
0.913174  0.000000  0.000000  0.000000  -26.555954  17.699292  50.000000  48.965315  -22.901451  -32.029329  -7.324678  17.168580  36.253758  40.291045  120.035734
0.913406  0.000000  0.000000  0.000000  -24.589451  10.596140  -10.000000  52.296407  12.649252  5.038003  -3.395327  15.132724  45.345407  37.337107  118.919800
0.913637  0.000000  0.000000  0.000000  -24.589451  10.596140  -5.714286  52.800747  9.246330  2.383992  -3.395327  15.132724  45.345407  37.337107  118.919800
0.913869  0.000000  0.000000  0.000000  -24.589451  10.596140  -1.428571  53.142314  5.824301  -0.219023  -3.395327  15.132724  45.345407  37.337107  118.919800
0.914100  0.000000  0.000000  0.000000  -24.589451  10.596140  2.857143  53.326606  2.390474  -2.790425  -3.395327  15.132724  45.345407  37.337107  118.919800
0.914332  0.000000  0.000000  0.000000  -24.589451  10.596140  7.142857  53.356597  -1.048138  -5.348969  -3.395327  15.132724  45.345407  37.337107  118.919800
0.914564  0.000000  0.000000  0.000000  -24.589451  10.596140  11.428571  53.232764  -4.484653  -7.913146  -3.395327  15.132724  45.345407  37.337107  118.919800
0.914795  0.000000  0.000000  0.000000  -24.589451  10.596140  15.714286  52.953122  -7.912140  -10.501553  -3.395327  15.132724  45.345407  37.337107  118.919800
0.915027  0.000000  0.000000  0.000000  -24.589451  10.596140  20.000000  52.513151  -11.323427  -13.133282  -3.395327  15.132724  45.345407  37.337107  118.919800
0.915258  0.000000  0.000000  0.000000  -24.589451  10.596140  24.285714  51.905734  -14.710879  -15.828355  -3.395327  15.132724  45.345407  37.337107  118.919800
0.915490  0.000000  0.000000  0.000000  -24.589451  10.596140  28.571429  51.120955  -18.066217  -18.608075  -3.395327  15.132724  45.345407  37.337107  118.919800
0.915721  0.000000  0.000000  0.000000  -24.589451  10.596140  32.857143  50.145924  -21.380258  -21.495466  -3.395327  15.132724  45.345407  37.337107  118.919800
0.915953  0.000000  0.000000  0.000000  -24.589451  10.596140  37.142857  48.964586  -24.642643  -24.515665  -3.395327  15.132724  45.345407  37.337107  118.919800
0.916184  0.000000  0.000000  0.000000  -24.589451  10.596140  41.428571  47.557355  -27.841473  -27.696349  -3.395327  15.132724  45.345407  37.337107  118.919800
0.916416  0.000000  0.000000  0.000000  -24.589451  10.596140  45.714286  45.901109  -30.963014  -31.068009  -3.395327  15.132724  45.345407  37.337107  118.919800
0.916647  0.000000  0.000000  0.000000  -24.589451  10.596140  50.000000  43.969025  -33.991172  -34.664095  -3.395327  15.132724  45.345407  37.337107  118.919800
0.916879  0.000000  0.000000  0.000000  -19.419336  17.742648  -10.000000  45.411410  12.285444  4.500909  6.472056  32.303684  10.685204  41.846569  127.212537
0.917110  0.000000  0.000000  0.000000  -19.419336  17.742648  -5.714286  45.980070  9.217665  1.454344  6.472056  32.303684  10.685204  41.846569  127.212537
0.917342  0.000000  0.000000  0.000000  -19.419336  17.742648  -1.428571  46.379961  6.124743  -1.539508  6.472056  32.303684  10.685204  41.846569  127.212537
0.917574  0.000000  0.000000  0.000000  -19.419336  17.742648  2.857143  46.615887  3.015408  -4.498762  6.472056  32.303684  10.685204  41.846569  127.212537
0.917805  0.000000  0.000000  0.000000  -19.419336  17.742648  7.142857  46.690733  -0.101906  -7.441112  6.472056  32.303684  10.685204  41.846569  127.212537
0.918037  0.000000  0.000000  0.000000  -19.419336  17.742648  11.428571  46.605410  -3.218952  -10.384032  6.472056  32.303684  10.685204  41.846569  127.212537
0.918268  0.000000  0.000000  0.000000  -19.419336  17.742648  15.714286  46.358877  -6.327474  -13.345001  6.472056  32.303684  10.685204  41.846569  127.212537
0.918500  0.000000  0.000000  0.000000  -19.419336  17.742648  20.000000  45.948136  -9.419036  -16.341733  6.472056  32.303684  10.685204  41.846569  127.212537
0.918731  0.000000  0.000000  0.000000  -19.419336  17.742648  24.285714  45.368218  -12.484846  -19.392392  6.472056  32.303684  10.685204  41.846569  127.212537
0.918963  0.000000  0.000000  0.000000  -19.419336  17.742648  28.571429  44.612141  -15.515555  -22.515822  6.472056  32.303684  10.685204  41.846569  127.212537
0.919194  0.000000  0.000000  0.000000  -19.419336  17.742648  32.857143  43.670915  -18.501082  -25.731689  6.472056  32.303684  10.685204  41.846569  127.212537
0.919426  0.000000  0.000000  0.000000  -19.419336  17.742648  37.142857  42.533570  -21.430396  -29.060626  6.472056  32.303684  10.685204  41.846569  127.212537
0.919657  0.000000  0.000000  0.000000  -19.419336  17.742648  41.428571  41.187176  -24.291266  -32.524320  6.472056  32.303684  10.685204  41.846569  127.212537
0.919889  0.000000  0.000000  0.000000  -19.419336  17.742648  45.714286  39.617069  -27.070054  -36.145417  6.472056  32.303684  10.685204  41.846569  127.212537
0.920120  0.000000  0.000000  0.000000  -19.419336  17.742648  50.000000  37.807182  -29.751478  -39.947271  6.472056  32.303684  10.685204  41.846569  127.212537
0.920352  0.000000  0.000000  0.000000  -10.657610  21.805570  -10.000000  45.811825  19.896905  10.700094  17.432730  22.012095  36.640340  41.299907  123.280496
0.920583  0.000000  0.000000  0.000000  -10.657610  21.805570  -5.714286  46.794180  16.797515  7.581107  17.432730  22.012095  36.640340  41.299907  123.280496
0.920815  0.000000  0.000000  0.000000  -10.657610  21.805570  -1.428571  47.587209  13.652676  4.563121  17.432730  22.012095  36.640340  41.299907  123.280496
0.921047  0.000000  0.000000  0.000000  -10.657610  21.805570  2.857143  48.201557  10.472339  1.625052  17.432730  22.012095  36.640340  41.299907  123.280496
0.921278  0.000000  0.000000  0.000000  -10.657610  21.805570  7.142857  48.645574  7.265647  -1.253091  17.432730  22.012095  36.640340  41.299907  123.280496
0.921510  0.000000  0.000000  0.000000  -10.657610  21.805570  11.428571  48.925234  4.041069  -4.090298  17.432730  22.012095  36.640340  41.299907  123.280496
0.921741  0.000000  0.000000  0.000000  -10.657610  21.805570  15.714286  49.044344  0.806694  -6.904984  17.432730  22.012095  36.640340  41.299907  123.280496
0.921973  0.000000  0.000000  0.000000  -10.657610  21.805570  20.000000  49.004522  -2.429622  -9.715194  17.432730  22.012095  36.640340  41.299907  123.280496
0.922204  0.000000  0.000000  0.000000  -10.657610  21.805570  24.285714  48.805226  -5.660075  -12.538904  17.432730  22.012095  36.640340  41.299907  123.280496
0.922436  0.000000  0.000000  0.000000  -10.657610  21.805570  28.571429  48.443749  -8.876715  -15.394306  17.432730  22.012095  36.640340  41.299907  123.280496
0.922667  0.000000  0.000000  0.000000  -10.657610  21.805570  32.857143  47.915200  -12.071288  -18.300070  17.432730  22.012095  36.640340  41.299907  123.280496
0.922899  0.000000  0.000000  0.000000  -10.657610  21.805570  37.142857  47.212410  -15.235003  -21.275670  17.432730  22.012095  36.640340  41.299907  123.280496
0.923130  0.000000  0.000000  0.000000  -10.657610  21.805570  41.428571  46.325907  -18.358358  -24.341595  17.432730  22.012095  36.640340  41.299907  123.280496
0.923362  0.000000  0.000000  0.000000  -10.657610  21.805570  45.714286  45.243825  -21.430868  -27.519606  17.432730  22.012095  36.640340  41.299907  123.280496
0.923593  0.000000  0.000000  0.000000  -10.657610  21.805570  50.000000  43.951874  -24.440884  -30.832918  17.432730  22.012095  36.640340  41.299907  123.280496
0.923825  0.000000  0.000000  0.000000  -10.717974  6.673890  -10.000000  56.631759  21.361544  8.138177  13.408683  7.619933  45.422509  39.361852  110.691423
0.924056  0.000000  0.000000  0.000000  -10.717974  6.673890  -5.714286  57.460593  17.764771  5.664470  13.408683  7.619933  45.422509  39.361852  110.691423
0.924288  0.000000  0.000000  0.000000  -10.717974  6.673890  -1.428571  58.113888  14.138194  3.288799  13.408683  7.619933  45.422509  39.361852  110.691423
0.924520  0.000000  0.000000  0.000000  -10.717974  6.673890  2.857143  58.604871  10.489026  0.988018  13.408683  7.619933  45.422509  39.361852  110.691423
0.924751  0.000000  0.000000  0.000000  -10.717974  6.673890  7.142857  58.943288  6.823713  -1.258990  13.408683  7.619933  45.422509  39.361852  110.691423
0.924983  0.000000  0.000000  0.000000  -10.717974  6.673890  11.428571  59.135724  3.148159  -3.471759  13.408683  7.619933  45.422509  39.361852  110.691423
0.925214  0.000000  0.000000  0.000000  -10.717974  6.673890  15.714286  59.185914  -0.532046  -5.668940  13.408683  7.619933  45.422509  39.361852  110.691423
0.925446  0.000000  0.000000  0.000000  -10.717974  6.673890  20.000000  59.094818  -4.211471  -7.868746  13.408683  7.619933  45.422509  39.361852  110.691423
0.925677  0.000000  0.000000  0.000000  -10.717974  6.673890  24.285714  58.860691  -7.884649  -10.089464  13.408683  7.619933  45.422509  39.361852  110.691423
0.925909  0.000000  0.000000  0.000000  -10.717974  6.673890  28.571429  58.478987  -11.545925  -12.349944  13.408683  7.619933  45.422509  39.361852  110.691423
0.926140  0.000000  0.000000  0.000000  -10.717974  6.673890  32.857143  57.942216  -15.189249  -14.670137  13.408683  7.619933  45.422509  39.361852  110.691423
0.926372  0.000000  0.000000  0.000000  -10.717974  6.673890  37.142857  57.239696  -18.807990  -17.071664  13.408683  7.619933  45.422509  39.361852  110.691423
0.926603  0.000000  0.000000  0.000000  -10.717974  6.673890  41.428571  56.357109  -22.394666  -19.578406  13.408683  7.619933  45.422509  39.361852  110.691423
0.926835  0.000000  0.000000  0.000000  -10.717974  6.673890  45.714286  55.276070  -25.940675  -22.217251  13.408683  7.619933  45.422509  39.361852  110.691423
0.927066  0.000000  0.000000  0.000000  -10.717974  6.673890  50.000000  53.973465  -29.435922  -25.018862  13.408683  7.619933  45.422509  39.361852  110.691423
0.927298  0.000000  0.000000  0.000000  -29.278581  8.609272  -10.000000  50.925596  0.879887  -0.440746  4.615933  19.341862  27.935437  23.448818  126.231202
0.927530  0.000000  0.000000  0.000000  -29.278581  8.609272  -5.714286  50.888617  -2.446975  -3.143102  4.615933  19.341862  27.935437  23.448818  126.231202
0.927761  0.000000  0.000000  0.000000  -29.278581  8.609272  -1.428571  50.693967  -5.768381  -5.858905  4.615933  19.341862  27.935437  23.448818  126.231202
0.927993  0.000000  0.000000  0.000000  -29.278581  8.609272  2.857143  50.338777  -9.076760  -8.606658  4.615933  19.341862  27.935437  23.448818  126.231202
0.928224  0.000000  0.000000  0.000000  -29.278581  8.609272  7.142857  49.817846  -12.364238  -11.405462  4.615933  19.341862  27.935437  23.448818  126.231202
0.928456  0.000000  0.000000  0.000000  -29.278581  8.609272  11.428571  49.123465  -15.622399  -14.275290  4.615933  19.341862  27.935437  23.448818  126.231202
0.928687  0.000000  0.000000  0.000000  -29.278581  8.609272  15.714286  48.245449  -18.842080  -17.237345  4.615933  19.341862  27.935437  23.448818  126.231202
0.928919  0.000000  0.000000  0.000000  -29.278581  8.609272  20.000000  47.170828  -22.013143  -20.314421  4.615933  19.341862  27.935437  23.448818  126.231202
0.929150  0.000000  0.000000  0.000000  -29.278581  8.609272  24.285714  45.883918  -25.124183  -23.531048  4.615933  19.341862  27.935437  23.448818  126.231202
0.929382  0.000000  0.000000  0.000000  -29.278581  8.609272  28.571429  44.366086  -28.162218  -26.913817  4.615933  19.341862  27.935437  23.448818  126.231202
0.929613  0.000000  0.000000  0.000000  -29.278581  8.609272  32.857143  42.595941  -31.112356  -30.491364  4.615933  19.341862  27.935437  23.448818  126.231202
0.929845  0.000000  0.000000  0.000000  -29.278581  8.609272  37.142857  40.549552  -33.957429  -34.294218  4.615933  19.341862  27.935437  23.448818  126.231202
0.930076  0.000000  0.000000  0.000000  -29.278581  8.609272  41.428571  38.201126  -36.677600  -38.354211  4.615933  19.341862  27.935437  23.448818  126.231202
0.930308  0.000000  0.000000  0.000000  -29.278581  8.609272  45.714286  35.524171  -39.250064  -42.703430  4.615933  19.341862  27.935437  23.448818  126.231202
0.930539  0.000000  0.000000  0.000000  -29.278581  8.609272  50.000000  32.493578  -41.648762  -47.372153  4.615933  19.341862  27.935437  23.448818  126.231202
0.930771  0.000000  0.000000  0.000000  -23.956408  -1.315890  -10.000000  57.070574  10.931353  -0.829793  -5.184328  14.776328  31.213802  36.467759  116.939487
0.931003  0.000000  0.000000  0.000000  -23.956408  -1.315890  -5.714286  57.443228  7.326111  -3.177171  -5.184328  14.776328  31.213802  36.467759  116.939487
0.931234  0.000000  0.000000  0.000000  -23.956408  -1.315890  -1.428571  57.665428  3.708898  -5.486783  -5.184328  14.776328  31.213802  36.467759  116.939487
0.931466  0.000000  0.000000  0.000000  -23.956408  -1.315890  2.857143  57.741327  0.085726  -7.777524  -5.184328  14.776328  31.213802  36.467759  116.939487
0.931697  0.000000  0.000000  0.000000  -23.956408  -1.315890  7.142857  57.672304  -3.537572  -10.067828  -5.184328  14.776328  31.213802  36.467759  116.939487
0.931929  0.000000  0.000000  0.000000  -23.956408  -1.315890  11.428571  57.457088  -7.155196  -12.376119  -5.184328  14.776328  31.213802  36.467759  116.939487
0.932160  0.000000  0.000000  0.000000  -23.956408  -1.315890  15.714286  57.091687  -10.761142  -14.721279  -5.184328  14.776328  31.213802  36.467759  116.939487
0.932392  0.000000  0.000000  0.000000  -23.956408  -1.315890  20.000000  56.569246  -14.349064  -17.123125  -5.184328  14.776328  31.213802  36.467759  116.939487
0.932623  0.000000  0.000000  0.000000  -23.956408  -1.315890  24.285714  55.879840  -17.912024  -19.602985  -5.184328  14.776328  31.213802  36.467759  116.939487
0.932855  0.000000  0.000000  0.000000  -23.956408  -1.315890  28.571429  55.010139  -21.442290  -22.184204  -5.184328  14.776328  31.213802  36.467759  116.939487
0.933086  0.000000  0.000000  0.000000  -23.956408  -1.315890  32.857143  53.943046  -24.931043  -24.892782  -5.184328  14.776328  31.213802  36.467759  116.939487
0.933318  0.000000  0.000000  0.000000  -23.956408  -1.315890  37.142857  52.657072  -28.368014  -27.758089  -5.184328  14.776328  31.213802  36.467759  116.939487
0.933549  0.000000  0.000000  0.000000  -23.956408  -1.315890  41.428571  51.125896  -31.741101  -30.813535  -5.184328  14.776328  31.213802  36.467759  116.939487
0.933781  0.000000  0.000000  0.000000  -23.956408  -1.315890  45.714286  49.317704  -35.035826  -34.097303  -5.184328  14.776328  31.213802  36.467759  116.939487
0.934013  0.000000  0.000000  0.000000  -23.956408  -1.315890  50.000000  47.194722  -38.234734  -37.652939  -5.184328  14.776328  31.213802  36.467759  116.939487
0.934244  0.000000  0.000000  0.000000  -19.844933  18.427778  -10.000000  47.203187  17.285620  3.610150  14.465913  25.198815  23.886117  39.890867  125.448472
0.934476  0.000000  0.000000  0.000000  -19.844933  18.427778  -5.714286  48.015872  14.119574  0.609153  14.465913  25.198815  23.886117  39.890867  125.448472
0.934707  0.000000  0.000000  0.000000  -19.844933  18.427778  -1.428571  48.648783  10.917379  -2.309048  14.465913  25.198815  23.886117  39.890867  125.448472
0.934939  0.000000  0.000000  0.000000  -19.844933  18.427778  2.857143  49.110680  7.688140  -5.164704  14.465913  25.198815  23.886117  39.890867  125.448472
0.935170  0.000000  0.000000  0.000000  -19.844933  18.427778  7.142857  49.407962  4.440324  -7.977088  14.465913  25.198815  23.886117  39.890867  125.448472
0.935402  0.000000  0.000000  0.000000  -19.844933  18.427778  11.428571  49.544769  1.181945  -10.764758  14.465913  25.198815  23.886117  39.890867  125.448472
0.935633  0.000000  0.000000  0.000000  -19.844933  18.427778  15.714286  49.522978  -2.079223  -13.545889  14.465913  25.198815  23.886117  39.890867  125.448472
0.935865  0.000000  0.000000  0.000000  -19.844933  18.427778  20.000000  49.342298  -5.335476  -16.338538  14.465913  25.198815  23.886117  39.890867  125.448472
0.936096  0.000000  0.000000  0.000000  -19.844933  18.427778  24.285714  49.000215  -8.578995  -19.160954  14.465913  25.198815  23.886117  39.890867  125.448472
0.936328  0.000000  0.000000  0.000000  -19.844933  18.427778  28.571429  48.491982  -11.801655  -22.031868  14.465913  25.198815  23.886117  39.890867  125.448472
0.936559  0.000000  0.000000  0.000000  -19.844933  18.427778  32.857143  47.810588  -14.994847  -24.970780  14.465913  25.198815  23.886117  39.890867  125.448472
0.936791  0.000000  0.000000  0.000000  -19.844933  18.427778  37.142857  46.946572  -18.149233  -27.998274  14.465913  25.198815  23.886117  39.890867  125.448472
0.937022  0.000000  0.000000  0.000000  -19.844933  18.427778  41.428571  45.888064  -21.254535  -31.136226  14.465913  25.198815  23.886117  39.890867  125.448472
0.937254  0.000000  0.000000  0.000000  -19.844933  18.427778  45.714286  44.620657  -24.299306  -34.408047  14.465913  25.198815  23.886117  39.890867  125.448472
0.937486  0.000000  0.000000  0.000000  -19.844933  18.427778  50.000000  43.127431  -27.270599  -37.838802  14.465913  25.198815  23.886117  39.890867  125.448472
0.937717  0.000000  0.000000  0.000000  -25.872362  19.370768  -10.000000  48.234013  12.661452  3.518964  -6.125984  12.598125  32.215528  30.049867  126.508198
0.937949  0.000000  0.000000  0.000000  -25.872362  19.370768  -5.714286  48.789012  9.450364  0.626497  -6.125984  12.598125  32.215528  30.049867  126.508198
0.938180  0.000000  0.000000  0.000000  -25.872362  19.370768  -1.428571  49.176155  6.216094  -2.212296  -6.125984  12.598125  32.215528  30.049867  126.508198
0.938412  0.000000  0.000000  0.000000  -25.872362  19.370768  2.857143  49.400750  2.966858  -5.016286  -6.125984  12.598125  32.215528  30.049867  126.508198
0.938643  0.000000  0.000000  0.000000  -25.872362  19.370768  7.142857  49.465915  -0.289425  -7.803808  -6.125984  12.598125  32.215528  30.049867  126.508198
0.938875  0.000000  0.000000  0.000000  -25.872362  19.370768  11.428571  49.372547  -3.545023  -10.592937  -6.125984  12.598125  32.215528  30.049867  126.508198
0.939106  0.000000  0.000000  0.000000  -25.872362  19.370768  15.714286  49.119358  -6.792185  -13.401757  -6.125984  12.598125  32.215528  30.049867  126.508198
0.939338  0.000000  0.000000  0.000000  -25.872362  19.370768  20.000000  48.702848  -10.022962  -16.248682  -6.125984  12.598125  32.215528  30.049867  126.508198
0.939569  0.000000  0.000000  0.000000  -25.872362  19.370768  24.285714  48.117271  -13.229014  -19.152733  -6.125984  12.598125  32.215528  30.049867  126.508198
0.939801  0.000000  0.000000  0.000000  -25.872362  19.370768  28.571429  47.354537  -16.401404  -22.133850  -6.125984  12.598125  32.215528  30.049867  126.508198
0.940032  0.000000  0.000000  0.000000  -25.872362  19.370768  32.857143  46.404168  -19.530402  -25.213110  -6.125984  12.598125  32.215528  30.049867  126.508198
0.940264  0.000000  0.000000  0.000000  -25.872362  19.370768  37.142857  45.253225  -22.605226  -28.413005  -6.125984  12.598125  32.215528  30.049867  126.508198
0.940495  0.000000  0.000000  0.000000  -25.872362  19.370768  41.428571  43.886215  -25.613765  -31.757620  -6.125984  12.598125  32.215528  30.049867  126.508198
0.940727  0.000000  0.000000  0.000000  -25.872362  19.370768  45.714286  42.285227  -28.542315  -35.272674  -6.125984  12.598125  32.215528  30.049867  126.508198
0.940959  0.000000  0.000000  0.000000  -25.872362  19.370768  50.000000  40.430128  -31.375249  -38.985413  -6.125984  12.598125  32.215528  30.049867  126.508198
0.941190  0.000000  0.000000  0.000000  -11.837899  8.064624  -10.000000  53.252564  20.826633  5.366356  0.109798  29.922097  8.119520  32.265571  126.199421
0.941422  0.000000  0.000000  0.000000  -11.837899  8.064624  -5.714286  54.131706  17.372333  2.681232  0.109798  29.922097  8.119520  32.265571  126.199421
0.941653  0.000000  0.000000  0.000000  -11.837899  8.064624  -1.428571  54.828540  13.883514  0.096090  0.109798  29.922097  8.119520  32.265571  126.199421
0.941885  0.000000  0.000000  0.000000  -11.837899  8.064624  2.857143  55.355733  10.368342  -2.412024  0.109798  29.922097  8.119520  32.265571  126.199421
0.942116  0.000000  0.000000  0.000000  -11.837899  8.064624  7.142857  55.722711  6.834166  -4.864261  0.109798  29.922097  8.119520  32.265571  126.199421
0.942348  0.000000  0.000000  0.000000  -11.837899  8.064624  11.428571  55.935987  3.287774  -7.280411  0.109798  29.922097  8.119520  32.265571  126.199421
0.942579  0.000000  0.000000  0.000000  -11.837899  8.064624  15.714286  55.999315  -0.264417  -9.679409  0.109798  29.922097  8.119520  32.265571  126.199421
0.942811  0.000000  0.000000  0.000000  -11.837899  8.064624  20.000000  55.913802  -3.816129  -12.079780  0.109798  29.922097  8.119520  32.265571  126.199421
0.943042  0.000000  0.000000  0.000000  -11.837899  8.064624  24.285714  55.677953  -7.361116  -14.500086  0.109798  29.922097  8.119520  32.265571  126.199421
0.943274  0.000000  0.000000  0.000000  -11.837899  8.064624  28.571429  55.287611  -10.892905  -16.959359  0.109798  29.922097  8.119520  32.265571  126.199421
0.943505  0.000000  0.000000  0.000000  -11.837899  8.064624  32.857143  54.735855  -14.404639  -19.477561  0.109798  29.922097  8.119520  32.265571  126.199421
0.943737  0.000000  0.000000  0.000000  -11.837899  8.064624  37.142857  54.012755  -17.888858  -22.076077  0.109798  29.922097  8.119520  32.265571  126.199421
0.943969  0.000000  0.000000  0.000000  -11.837899  8.064624  41.428571  53.105188  -21.337260  -24.778185  0.109798  29.922097  8.119520  32.265571  126.199421
0.944200  0.000000  0.000000  0.000000  -11.837899  8.064624  45.714286  51.996406  -24.740403  -27.609643  0.109798  29.922097  8.119520  32.265571  126.199421
0.944432  0.000000  0.000000  0.000000  -11.837899  8.064624  50.000000  50.665675  -28.087386  -30.599223  0.109798  29.922097  8.119520  32.265571  126.199421
0.944663  0.000000  0.000000  0.000000  -33.074488  16.489568  -10.000000  56.968860  18.481175  14.089740  -7.169929  10.078620  37.503371  27.954613  124.392811
0.944895  0.000000  0.000000  0.000000  -33.074488  16.489568  -5.714286  57.662510  14.873505  11.674165  -7.169929  10.078620  37.503371  27.954613  124.392811
0.945126  0.000000  0.000000  0.000000  -33.074488  16.489568  -1.428571  58.190572  11.241416  9.338411  -7.169929  10.078620  37.503371  27.954613  124.392811
0.945358  0.000000  0.000000  0.000000  -33.074488  16.489568  2.857143  58.563418  7.591572  7.060981  -7.169929  10.078620  37.503371  27.954613  124.392811
0.945589  0.000000  0.000000  0.000000  -33.074488  16.489568  7.142857  58.788298  3.930078  4.821995  -7.169929  10.078620  37.503371  27.954613  124.392811
0.945821  0.000000  0.000000  0.000000  -33.074488  16.489568  11.428571  58.869539  0.262650  2.602625  -7.169929  10.078620  37.503371  27.954613  124.392811
0.946052  0.000000  0.000000  0.000000  -33.074488  16.489568  15.714286  58.808674  -3.405170  0.384557  -7.169929  10.078620  37.503371  27.954613  124.392811
0.946284  0.000000  0.000000  0.000000  -33.074488  16.489568  20.000000  58.604576  -7.067853  -1.850489  -7.169929  10.078620  37.503371  27.954613  124.392811
0.946515  0.000000  0.000000  0.000000  -33.074488  16.489568  24.285714  58.253278  -10.719733  -4.121217  -7.169929  10.078620  37.503371  27.954613  124.392811
0.946747  0.000000  0.000000  0.000000  -33.074488  16.489568  28.571429  57.748010  -14.354761  -6.447350  -7.169929  10.078620  37.503371  27.954613  124.392811
0.946978  0.000000  0.000000  0.000000  -33.074488  16.489568  32.857143  57.078834  -17.966363  -8.850098  -7.169929  10.078620  37.503371  27.954613  124.392811
0.947210  0.000000  0.000000  0.000000  -33.074488  16.489568  37.142857  56.232324  -21.547172  -11.352785  -7.169929  10.078620  37.503371  27.954613  124.392811
0.947442  0.000000  0.000000  0.000000  -33.074488  16.489568  41.428571  55.191128  -25.088759  -13.981530  -7.169929  10.078620  37.503371  27.954613  124.392811
0.947673  0.000000  0.000000  0.000000  -33.074488  16.489568  45.714286  53.933381  -28.581284  -16.765989  -7.169929  10.078620  37.503371  27.954613  124.392811
0.947905  0.000000  0.000000  0.000000  -33.074488  16.489568  50.000000  52.432025  -32.013082  -19.740173  -7.169929  10.078620  37.503371  27.954613  124.392811
0.948136  0.000000  0.000000  0.000000  -18.829509  5.166490  -10.000000  59.165239  27.460704  7.651254  -11.477567  15.852529  25.046507  41.649738  121.427778
0.948368  0.000000  0.000000  0.000000  -18.829509  5.166490  -5.714286  60.202716  23.760443  5.252639  -11.477567  15.852529  25.046507  41.649738  121.427778
0.948599  0.000000  0.000000  0.000000  -18.829509  5.166490  -1.428571  61.047898  20.025228  2.987412  -11.477567  15.852529  25.046507  41.649738  121.427778
0.948831  0.000000  0.000000  0.000000  -18.829509  5.166490  2.857143  61.720827  16.262536  0.827826  -11.477567  15.852529  25.046507  41.649738  121.427778
0.949062  0.000000  0.000000  0.000000  -18.829509  5.166490  7.142857  62.236922  12.478788  -1.250240  -11.477567  15.852529  25.046507  41.649738  121.427778
0.949294  0.000000  0.000000  0.000000  -18.829509  5.166490  11.428571  62.607673  8.679605  -3.268270  -11.477567  15.852529  25.046507  41.649738  121.427778
0.949525  0.000000  0.000000  0.000000  -18.829509  5.166490  15.714286  62.841085  4.870028  -5.245739  -11.477567  15.852529  25.046507  41.649738  121.427778
0.949757  0.000000  0.000000  0.000000  -18.829509  5.166490  20.000000  62.942206  1.054742  -7.200880  -11.477567  15.852529  25.046507  41.649738  121.427778
0.949988  0.000000  0.000000  0.000000  -18.829509  5.166490  24.285714  62.913134  -2.761766  -9.151228  -11.477567  15.852529  25.046507  41.649738  121.427778
0.950220  0.000000  0.000000  0.000000  -18.829509  5.166490  28.571429  62.753269  -6.575059  -11.114163  -11.477567  15.852529  25.046507  41.649738  121.427778
0.950451  0.000000  0.000000  0.000000  -18.829509  5.166490  32.857143  62.459214  -10.380585  -13.107453  -11.477567  15.852529  25.046507  41.649738  121.427778
0.950683  0.000000  0.000000  0.000000  -18.829509  5.166490  37.142857  62.024644  -14.173519  -15.149826  -11.477567  15.852529  25.046507  41.649738  121.427778
0.950915  0.000000  0.000000  0.000000  -18.829509  5.166490  41.428571  61.440027  -17.948583  -17.261571  -11.477567  15.852529  25.046507  41.649738  121.427778
0.951146  0.000000  0.000000  0.000000  -18.829509  5.166490  45.714286  60.692202  -21.699837  -19.465239  -11.477567  15.852529  25.046507  41.649738  121.427778
0.951378  0.000000  0.000000  0.000000  -18.829509  5.166490  50.000000  59.763792  -25.420422  -21.786453  -11.477567  15.852529  25.046507  41.649738  121.427778
0.951609  0.000000  0.000000  0.000000  -38.765462  19.122361  -10.000000  52.066911  12.585691  9.275916  11.844798  19.670026  7.086341  31.275877  114.417193
0.951841  0.000000  0.000000  0.000000  -38.765462  19.122361  -5.714286  52.571117  9.193233  6.608565  11.844798  19.670026  7.086341  31.275877  114.417193
0.952072  0.000000  0.000000  0.000000  -38.765462  19.122361  -1.428571  52.912289  5.781580  3.992015  11.844798  19.670026  7.086341  31.275877  114.417193
0.952304  0.000000  0.000000  0.000000  -38.765462  19.122361  2.857143  53.095872  2.358090  1.406914  11.844798  19.670026  7.086341  31.275877  114.417193
0.952535  0.000000  0.000000  0.000000  -38.765462  19.122361  7.142857  53.124803  -1.070170  -1.165475  11.844798  19.670026  7.086341  31.275877  114.417193
0.952767  0.000000  0.000000  0.000000  -38.765462  19.122361  11.428571  52.999539  -4.496266  -3.743625  11.844798  19.670026  7.086341  31.275877  114.417193
0.952998  0.000000  0.000000  0.000000  -38.765462  19.122361  15.714286  52.718086  -7.913205  -6.346129  11.844798  19.670026  7.086341  31.275877  114.417193
0.953230  0.000000  0.000000  0.000000  -38.765462  19.122361  20.000000  52.275938  -11.313780  -8.992057  11.844798  19.670026  7.086341  31.275877  114.417193
0.953461  0.000000  0.000000  0.000000  -38.765462  19.122361  24.285714  51.666000  -14.690277  -11.701410  11.844798  19.670026  7.086341  31.275877  114.417193
0.953693  0.000000  0.000000  0.000000  -38.765462  19.122361  28.571429  50.878408  -18.034365  -14.495447  11.844798  19.670026  7.086341  31.275877  114.417193
0.953925  0.000000  0.000000  0.000000  -38.765462  19.122361  32.857143  49.900350  -21.336802  -17.397124  11.844798  19.670026  7.086341  31.275877  114.417193
0.954156  0.000000  0.000000  0.000000  -38.765462  19.122361  37.142857  48.715894  -24.587167  -20.431469  11.844798  19.670026  7.086341  31.275877  114.417193
0.954388  0.000000  0.000000  0.000000  -38.765462  19.122361  41.428571  47.305628  -27.773513  -23.626000  11.844798  19.670026  7.086341  31.275877  114.417193
0.954619  0.000000  0.000000  0.000000  -38.765462  19.122361  45.714286  45.646678  -30.882051  -27.010975  11.844798  19.670026  7.086341  31.275877  114.417193
0.954851  0.000000  0.000000  0.000000  -38.765462  19.122361  50.000000  43.712572  -33.896655  -30.619512  11.844798  19.670026  7.086341  31.275877  114.417193
0.955082  0.000000  0.000000  0.000000  -38.186046  11.605696  -10.000000  51.883629  -0.141107  1.235491  24.371647  19.342922  9.759247  39.057735  119.520898
0.955314  0.000000  0.000000  0.000000  -38.186046  11.605696  -5.714286  51.799159  -3.511581  -1.413357  24.371647  19.342922  9.759247  39.057735  119.520898
0.955545  0.000000  0.000000  0.000000  -38.186046  11.605696  -1.428571  51.557532  -6.874519  -4.081403  24.371647  19.342922  9.759247  39.057735  119.520898
0.955777  0.000000  0.000000  0.000000  -38.186046  11.605696  2.857143  51.155038  -10.222476  -6.787407  24.371647  19.342922  9.759247  39.057735  119.520898
0.956008  0.000000  0.000000  0.000000  -38.186046  11.605696  7.142857  50.585550  -13.547649  -9.550908  24.371647  19.342922  9.759247  39.057735  119.520898
0.956240  0.000000  0.000000  0.000000  -38.186046  11.605696  11.428571  49.840326  -16.841618  -12.392480  24.371647  19.342922  9.759247  39.057735  119.520898
0.956471  0.000000  0.000000  0.000000  -38.186046  11.605696  15.714286  48.907913  -20.095120  -15.334123  24.371647  19.342922  9.759247  39.057735  119.520898
0.956703  0.000000  0.000000  0.000000  -38.186046  11.605696  20.000000  47.773923  -23.297847  -18.399682  24.371647  19.342922  9.759247  39.057735  119.520898
0.956934  0.000000  0.000000  0.000000  -38.186046  11.605696  24.285714  46.420988  -26.438086  -21.615024  24.371647  19.342922  9.759247  39.057735  119.520898
0.957166  0.000000  0.000000  0.000000  -38.186046  11.605696  28.571429  44.828532  -29.502402  -25.008370  24.371647  19.342922  9.759247  39.057735  119.520898
0.957398  0.000000  0.000000  0.000000  -38.186046  11.605696  32.857143  42.972921  -32.475274  -28.610315  24.371647  19.342922  9.759247  39.057735  119.520898
0.957629  0.000000  0.000000  0.000000  -38.186046  11.605696  37.142857  40.827709  -35.338676  -32.453648  24.371647  19.342922  9.759247  39.057735  119.520898
0.957861  0.000000  0.000000  0.000000  -38.186046  11.605696  41.428571  38.364393  -38.071647  -36.572679  24.371647  19.342922  9.759247  39.057735  119.520898
0.958092  0.000000  0.000000  0.000000  -38.186046  11.605696  45.714286  35.553753  -40.649952  -41.002015  24.371647  19.342922  9.759247  39.057735  119.520898
0.958324  0.000000  0.000000  0.000000  -38.186046  11.605696  50.000000  32.368289  -43.045769  -45.774139  24.371647  19.342922  9.759247  39.057735  119.520898
0.958555  0.000000  0.000000  0.000000  -12.568041  0.890999  -10.000000  60.710126  25.869248  3.380828  -10.333258  23.325483  9.802540  23.651133  129.755172
0.958787  0.000000  0.000000  0.000000  -12.568041  0.890999  -5.714286  61.630324  22.114200  1.119174  -10.333258  23.325483  9.802540  23.651133  129.755172
0.959018  0.000000  0.000000  0.000000  -12.568041  0.890999  -1.428571  62.371799  18.329637  -1.024561  -10.333258  23.325483  9.802540  23.651133  129.755172
0.959250  0.000000  0.000000  0.000000  -12.568041  0.890999  2.857143  62.952288  14.522153  -3.076097  -10.333258  23.325483  9.802540  23.651133  129.755172
0.959481  0.000000  0.000000  0.000000  -12.568041  0.890999  7.142857  63.385234  10.697449  -5.057960  -10.333258  23.325483  9.802540  23.651133  129.755172
0.959713  0.000000  0.000000  0.000000  -12.568041  0.890999  11.428571  63.680357  6.860556  -6.990333  -10.333258  23.325483  9.802540  23.651133  129.755172
0.959944  0.000000  0.000000  0.000000  -12.568041  0.890999  15.714286  63.844142  3.016057  -8.891738  -10.333258  23.325483  9.802540  23.651133  129.755172
0.960176  0.000000  0.000000  0.000000  -12.568041  0.890999  20.000000  63.880153  -0.831734  -10.779721  -10.333258  23.325483  9.802540  23.651133  129.755172
0.960408  0.000000  0.000000  0.000000  -12.568041  0.890999  24.285714  63.789155  -4.678625  -12.671391  -10.333258  23.325483  9.802540  23.651133  129.755172
0.960639  0.000000  0.000000  0.000000  -12.568041  0.890999  28.571429  63.569208  -8.520374  -14.583988  -10.333258  23.325483  9.802540  23.651133  129.755172
0.960871  0.000000  0.000000  0.000000  -12.568041  0.890999  32.857143  63.215490  -12.352585  -16.535393  -10.333258  23.325483  9.802540  23.651133  129.755172
0.961102  0.000000  0.000000  0.000000  -12.568041  0.890999  37.142857  62.720148  -16.170490  -18.544782  -10.333258  23.325483  9.802540  23.651133  129.755172
0.961334  0.000000  0.000000  0.000000  -12.568041  0.890999  41.428571  62.071964  -19.968814  -20.633249  -10.333258  23.325483  9.802540  23.651133  129.755172
0.961565  0.000000  0.000000  0.000000  -12.568041  0.890999  45.714286  61.255686  -23.741485  -22.824575  -10.333258  23.325483  9.802540  23.651133  129.755172
0.961797  0.000000  0.000000  0.000000  -12.568041  0.890999  50.000000  60.251468  -27.481454  -25.146207  -10.333258  23.325483  9.802540  23.651133  129.755172
0.962028  0.000000  0.000000  0.000000  -26.456764  2.936607  -10.000000  59.252773  14.014842  1.720981  -13.422455  11.386633  39.968511  28.823574  128.826399
0.962260  0.000000  0.000000  0.000000  -26.456764  2.936607  -5.714286  59.722202  10.322146  -0.504623  -13.422455  11.386633  39.968511  28.823574  128.826399
0.962491  0.000000  0.000000  0.000000  -26.456764  2.936607  -1.428571  60.042528  6.614566  -2.678423  -13.422455  11.386633  39.968511  28.823574  128.826399
0.962723  0.000000  0.000000  0.000000  -26.456764  2.936607  2.857143  60.220190  2.897691  -4.819767  -13.422455  11.386633  39.968511  28.823574  128.826399
0.962954  0.000000  0.000000  0.000000  -26.456764  2.936607  7.142857  60.258724  -0.823195  -6.947068  -13.422455  11.386633  39.968511  28.823574  128.826399
0.963186  0.000000  0.000000  0.000000  -26.456764  2.936607  11.428571  60.158896  -4.542945  -9.078348  -13.422455  11.386633  39.968511  28.823574  128.826399
0.963417  0.000000  0.000000  0.000000  -26.456764  2.936607  15.714286  59.918716  -8.256375  -11.231735  -13.422455  11.386633  39.968511  28.823574  128.826399
0.963649  0.000000  0.000000  0.000000  -26.456764  2.936607  20.000000  59.533398  -11.958086  -13.425993  -13.422455  11.386633  39.968511  28.823574  128.826399
0.963881  0.000000  0.000000  0.000000  -26.456764  2.936607  24.285714  58.995137  -15.642290  -15.681060  -13.422455  11.386633  39.968511  28.823574  128.826399
0.964112  0.000000  0.000000  0.000000  -26.456764  2.936607  28.571429  58.292841  -19.302608  -18.018634  -13.422455  11.386633  39.968511  28.823574  128.826399
0.964344  0.000000  0.000000  0.000000  -26.456764  2.936607  32.857143  57.411682  -22.931818  -20.462866  -13.422455  11.386633  39.968511  28.823574  128.826399
0.964575  0.000000  0.000000  0.000000  -26.456764  2.936607  37.142857  56.332557  -26.521561  -23.041090  -13.422455  11.386633  39.968511  28.823574  128.826399
0.964807  0.000000  0.000000  0.000000  -26.456764  2.936607  41.428571  55.031367  -30.061974  -25.784724  -13.422455  11.386633  39.968511  28.823574  128.826399
0.965038  0.000000  0.000000  0.000000  -26.456764  2.936607  45.714286  53.478177  -33.541230  -28.730241  -13.422455  11.386633  39.968511  28.823574  128.826399
0.965270  0.000000  0.000000  0.000000  -26.456764  2.936607  50.000000  51.636267  -36.944945  -31.920242  -13.422455  11.386633  39.968511  28.823574  128.826399
0.965501  0.000000  0.000000  0.000000  -34.686130  18.349403  -10.000000  55.414833  20.434439  11.373857  -1.073207  8.590615  26.239867  23.203141  118.576852
0.965733  0.000000  0.000000  0.000000  -34.686130  18.349403  -5.714286  56.228336  16.888288  8.833049  -1.073207  8.590615  26.239867  23.203141  118.576852
0.965964  0.000000  0.000000  0.000000  -34.686130  18.349403  -1.428571  56.866080  13.311976  6.386450  -1.073207  8.590615  26.239867  23.203141  118.576852
0.966196  0.000000  0.000000  0.000000  -34.686130  18.349403  2.857143  57.340411  9.712948  4.011363  -1.073207  8.590615  26.239867  23.203141  118.576852
0.966427  0.000000  0.000000  0.000000  -34.686130  18.349403  7.142857  57.660314  6.097902  1.686951  -1.073207  8.590615  26.239867  23.203141  118.576852
0.966659  0.000000  0.000000  0.000000  -34.686130  18.349403  11.428571  57.831783  2.473027  -0.606248  -1.073207  8.590615  26.239867  23.203141  118.576852
0.966890  0.000000  0.000000  0.000000  -34.686130  18.349403  15.714286  57.858016  -1.155782  -2.886930  -1.073207  8.590615  26.239867  23.203141  118.576852
0.967122  0.000000  0.000000  0.000000  -34.686130  18.349403  20.000000  57.739499  -4.782757  -5.173454  -1.073207  8.590615  26.239867  23.203141  118.576852
0.967354  0.000000  0.000000  0.000000  -34.686130  18.349403  24.285714  57.474028  -8.402069  -7.484329  -1.073207  8.590615  26.239867  23.203141  118.576852
0.967585  0.000000  0.000000  0.000000  -34.686130  18.349403  28.571429  57.056633  -12.007654  -9.838706  -1.073207  8.590615  26.239867  23.203141  118.576852
0.967817  0.000000  0.000000  0.000000  -34.686130  18.349403  32.857143  56.479475  -15.593030  -12.256816  -1.073207  8.590615  26.239867  23.203141  118.576852
0.968048  0.000000  0.000000  0.000000  -34.686130  18.349403  37.142857  55.731411  -19.151044  -14.760662  -1.073207  8.590615  26.239867  23.203141  118.576852
0.968280  0.000000  0.000000  0.000000  -34.686130  18.349403  41.428571  54.797875  -22.673664  -17.374422  -1.073207  8.590615  26.239867  23.203141  118.576852
0.968511  0.000000  0.000000  0.000000  -34.686130  18.349403  45.714286  53.660253  -26.151649  -20.125219  -1.073207  8.590615  26.239867  23.203141  118.576852
0.968743  0.000000  0.000000  0.000000  -34.686130  18.349403  50.000000  52.295401  -29.574192  -23.043784  -1.073207  8.590615  26.239867  23.203141  118.576852
0.968974  0.000000  0.000000  0.000000  -18.799475  10.073583  -10.000000  53.453136  22.656877  6.231805  15.821534  14.762949  10.826592  30.419507  120.381597
0.969206  0.000000  0.000000  0.000000  -18.799475  10.073583  -5.714286  54.418253  19.191804  3.531086  15.821534  14.762949  10.826592  30.419507  120.381597
0.969437  0.000000  0.000000  0.000000  -18.799475  10.073583  -1.428571  55.194592  15.688854  0.942419  15.821534  14.762949  10.826592  30.419507  120.381597
0.969669  0.000000  0.000000  0.000000  -18.799475  10.073583  2.857143  55.796681  12.156486  -1.558387  15.821534  14.762949  10.826592  30.419507  120.381597
0.969900  0.000000  0.000000  0.000000  -18.799475  10.073583  7.142857  56.235672  8.602252  -3.993403  15.821534  14.762949  10.826592  30.419507  120.381597
0.970132  0.000000  0.000000  0.000000  -18.799475  10.073583  11.428571  56.519511  5.033002  -6.382998  15.821534  14.762949  10.826592  30.419507  120.381597
0.970364  0.000000  0.000000  0.000000  -18.799475  10.073583  15.714286  56.653349  1.455129  -8.746450  15.821534  14.762949  10.826592  30.419507  120.381597
0.970595  0.000000  0.000000  0.000000  -18.799475  10.073583  20.000000  56.639573  -2.125206  -11.102408  15.821534  14.762949  10.826592  30.419507  120.381597
0.970827  0.000000  0.000000  0.000000  -18.799475  10.073583  24.285714  56.477917  -5.701936  -13.469324  15.821534  14.762949  10.826592  30.419507  120.381597
0.971058  0.000000  0.000000  0.000000  -18.799475  10.073583  28.571429  56.165503  -9.268876  -15.865927  15.821534  14.762949  10.826592  30.419507  120.381597
0.971290  0.000000  0.000000  0.000000  -18.799475  10.073583  32.857143  55.696679  -12.819556  -18.311658  15.821534  14.762949  10.826592  30.419507  120.381597
0.971521  0.000000  0.000000  0.000000  -18.799475  10.073583  37.142857  55.062920  -16.347016  -20.827181  15.821534  14.762949  10.826592  30.419507  120.381597
0.971753  0.000000  0.000000  0.000000  -18.799475  10.073583  41.428571  54.252461  -19.843553  -23.434906  15.821534  14.762949  10.826592  30.419507  120.381597
0.971984  0.000000  0.000000  0.000000  -18.799475  10.073583  45.714286  53.250089  -23.300501  -26.159501  15.821534  14.762949  10.826592  30.419507  120.381597
0.972216  0.000000  0.000000  0.000000  -18.799475  10.073583  50.000000  52.036657  -26.707875  -29.028524  15.821534  14.762949  10.826592  30.419507  120.381597
0.972447  0.000000  0.000000  0.000000  -26.507658  19.443665  -10.000000  49.797264  6.598095  9.921657  -5.938862  16.647891  13.516243  34.443004  125.619941
0.972679  0.000000  0.000000  0.000000  -26.507658  19.443665  -5.714286  50.036779  3.318398  7.152108  -5.938862  16.647891  13.516243  34.443004  125.619941
0.972910  0.000000  0.000000  0.000000  -26.507658  19.443665  -1.428571  50.117229  0.031018  4.400921  -5.938862  16.647891  13.516243  34.443004  125.619941
0.973142  0.000000  0.000000  0.000000  -26.507658  19.443665  2.857143  50.039760  -3.256430  1.649905  -5.938862  16.647891  13.516243  34.443004  125.619941
0.973373  0.000000  0.000000  0.000000  -26.507658  19.443665  7.142857  49.803270  -6.536344  -1.119124  -5.938862  16.647891  13.516243  34.443004  125.619941
0.973605  0.000000  0.000000  0.000000  -26.507658  19.443665  11.428571  49.404406  -9.800927  -3.924651  -5.938862  16.647891  13.516243  34.443004  125.619941
0.973837  0.000000  0.000000  0.000000  -26.507658  19.443665  15.714286  48.837473  -13.042006  -6.785798  -5.938862  16.647891  13.516243  34.443004  125.619941
0.974068  0.000000  0.000000  0.000000  -26.507658  19.443665  20.000000  48.094462  -16.250857  -9.722588  -5.938862  16.647891  13.516243  34.443004  125.619941
0.974300  0.000000  0.000000  0.000000  -26.507658  19.443665  24.285714  47.164791  -19.417932  -12.756266  -5.938862  16.647891  13.516243  34.443004  125.619941
0.974531  0.000000  0.000000  0.000000  -26.507658  19.443665  28.571429  46.035360  -22.532666  -15.909559  -5.938862  16.647891  13.516243  34.443004  125.619941
0.974763  0.000000  0.000000  0.000000  -26.507658  19.443665  32.857143  44.690379  -25.583167  -19.206904  -5.938862  16.647891  13.516243  34.443004  125.619941
0.974994  0.000000  0.000000  0.000000  -26.507658  19.443665  37.142857  43.111434  -28.555943  -22.674553  -5.938862  16.647891  13.516243  34.443004  125.619941
0.975226  0.000000  0.000000  0.000000  -26.507658  19.443665  41.428571  41.277637  -31.435551  -26.340519  -5.938862  16.647891  13.516243  34.443004  125.619941
0.975457  0.000000  0.000000  0.000000  -26.507658  19.443665  45.714286  39.166028  -34.204274  -30.234277  -5.938862  16.647891  13.516243  34.443004  125.619941
0.975689  0.000000  0.000000  0.000000  -26.507658  19.443665  50.000000  36.752425  -36.841758  -34.385989  -5.938862  16.647891  13.516243  34.443004  125.619941
0.975920  0.000000  0.000000  0.000000  -16.577592  10.595531  -10.000000  51.268116  19.867826  -0.285353  -9.758918  31.150116  42.556744  30.262041  111.952295
0.976152  0.000000  0.000000  0.000000  -16.577592  10.595531  -5.714286  52.141023  16.503581  -3.080544  -9.758918  31.150116  42.556744  30.262041  111.952295
0.976383  0.000000  0.000000  0.000000  -16.577592  10.595531  -1.428571  52.831051  13.103478  -5.779572  -9.758918  31.150116  42.556744  30.262041  111.952295
0.976615  0.000000  0.000000  0.000000  -16.577592  10.595531  2.857143  53.349790  9.676074  -8.404683  -9.758918  31.150116  42.556744  30.262041  111.952295
0.976846  0.000000  0.000000  0.000000  -16.577592  10.595531  7.142857  53.705853  6.229156  -10.976616  -9.758918  31.150116  42.556744  30.262041  111.952295
0.977078  0.000000  0.000000  0.000000  -16.577592  10.595531  11.428571  53.905107  2.769945  -13.514893  -9.758918  31.150116  42.556744  30.262041  111.952295
0.977310  0.000000  0.000000  0.000000  -16.577592  10.595531  15.714286  53.950834  -0.694660  -16.038359  -9.758918  31.150116  42.556744  30.262041  111.952295
0.977541  0.000000  0.000000  0.000000  -16.577592  10.595531  20.000000  53.843782  -4.157917  -18.565530  -9.758918  31.150116  42.556744  30.262041  111.952295
0.977773  0.000000  0.000000  0.000000  -16.577592  10.595531  24.285714  53.582196  -7.613044  -21.115004  -9.758918  31.150116  42.556744  30.262041  111.952295
0.978004  0.000000  0.000000  0.000000  -16.577592  10.595531  28.571429  53.161772  -11.053034  -23.705853  -9.758918  31.150116  42.556744  30.262041  111.952295
0.978236  0.000000  0.000000  0.000000  -16.577592  10.595531  32.857143  52.575563  -14.470461  -26.358035  -9.758918  31.150116  42.556744  30.262041  111.952295
0.978467  0.000000  0.000000  0.000000  -16.577592  10.595531  37.142857  51.813752  -17.857265  -29.092850  -9.758918  31.150116  42.556744  30.262041  111.952295
0.978699  0.000000  0.000000  0.000000  -16.577592  10.595531  41.428571  50.863574  -21.204502  -31.933288  -9.758918  31.150116  42.556744  30.262041  111.952295
0.978930  0.000000  0.000000  0.000000  -16.577592  10.595531  45.714286  49.708915  -24.502063  -34.904563  -9.758918  31.150116  42.556744  30.262041  111.952295
0.979162  0.000000  0.000000  0.000000  -16.577592  10.595531  50.000000  48.330109  -27.738369  -38.034486  -9.758918  31.150116  42.556744  30.262041  111.952295
0.979393  0.000000  0.000000  0.000000  -21.710139  10.009763  -10.000000  50.950662  21.542528  8.163128  9.551934  24.788821  32.551729  42.663292  123.761062
0.979625  0.000000  0.000000  0.000000  -21.710139  10.009763  -5.714286  51.916546  18.190856  5.322623  9.551934  24.788821  32.551729  42.663292  123.761062
0.979856  0.000000  0.000000  0.000000  -21.710139  10.009763  -1.428571  52.692905  14.799011  2.589973  9.551934  24.788821  32.551729  42.663292  123.761062
0.980088  0.000000  0.000000  0.000000  -21.710139  10.009763  2.857143  53.292893  11.375982  -0.058067  9.551934  24.788821  32.551729  42.663292  123.761062
0.980320  0.000000  0.000000  0.000000  -21.710139  10.009763  7.142857  53.726590  7.929854  -2.642940  9.551934  24.788821  32.551729  42.663292  123.761062
0.980551  0.000000  0.000000  0.000000  -21.710139  10.009763  11.428571  54.001223  4.468063  -5.184731  9.551934  24.788821  32.551729  42.663292  123.761062
0.980783  0.000000  0.000000  0.000000  -21.710139  10.009763  15.714286  54.121349  0.997594  -7.702579  9.551934  24.788821  32.551729  42.663292  123.761062
0.981014  0.000000  0.000000  0.000000  -21.710139  10.009763  20.000000  54.088940  -2.474795  -10.215116  9.551934  24.788821  32.551729  42.663292  123.761062
0.981246  0.000000  0.000000  0.000000  -21.710139  10.009763  24.285714  53.903467  -5.942406  -12.740853  9.551934  24.788821  32.551729  42.663292  123.761062
0.981477  0.000000  0.000000  0.000000  -21.710139  10.009763  28.571429  53.561859  -9.398406  -15.298596  9.551934  24.788821  32.551729  42.663292  123.761062
0.981709  0.000000  0.000000  0.000000  -21.710139  10.009763  32.857143  53.058447  -12.835647  -17.907815  9.551934  24.788821  32.551729  42.663292  123.761062
0.981940  0.000000  0.000000  0.000000  -21.710139  10.009763  37.142857  52.384836  -16.246446  -20.589139  9.551934  24.788821  32.551729  42.663292  123.761062
0.982172  0.000000  0.000000  0.000000  -21.710139  10.009763  41.428571  51.529635  -19.622361  -23.364716  9.551934  24.788821  32.551729  42.663292  123.761062
0.982403  0.000000  0.000000  0.000000  -21.710139  10.009763  45.714286  50.478313  -22.953929  -26.258697  9.551934  24.788821  32.551729  42.663292  123.761062
0.982635  0.000000  0.000000  0.000000  -21.710139  10.009763  50.000000  49.212862  -26.230370  -29.297676  9.551934  24.788821  32.551729  42.663292  123.761062
0.982866  0.000000  0.000000  0.000000  -17.102310  16.613586  -10.000000  45.737661  15.178387  5.082495  2.180908  31.080658  6.409979  31.703963  125.301481
0.983098  0.000000  0.000000  0.000000  -17.102310  16.613586  -5.714286  46.458830  12.089645  2.024857  2.180908  31.080658  6.409979  31.703963  125.301481
0.983329  0.000000  0.000000  0.000000  -17.102310  16.613586  -1.428571  47.005046  8.968255  -0.962567  2.180908  31.080658  6.409979  31.703963  125.301481
0.983561  0.000000  0.000000  0.000000  -17.102310  16.613586  2.857143  47.383241  5.823309  -3.898852  2.180908  31.080658  6.409979  31.703963  125.301481
0.983793  0.000000  0.000000  0.000000  -17.102310  16.613586  7.142857  47.598204  2.663339  -6.802345  2.180908  31.080658  6.409979  31.703963  125.301481
0.984024  0.000000  0.000000  0.000000  -17.102310  16.613586  11.428571  47.652678  -0.503416  -9.690948  2.180908  31.080658  6.409979  31.703963  125.301481
0.984256  0.000000  0.000000  0.000000  -17.102310  16.613586  15.714286  47.547350  -3.668910  -12.582369  2.180908  31.080658  6.409979  31.703963  125.301481
0.984487  0.000000  0.000000  0.000000  -17.102310  16.613586  20.000000  47.280917  -6.825001  -15.494327  2.180908  31.080658  6.409979  31.703963  125.301481
0.984719  0.000000  0.000000  0.000000  -17.102310  16.613586  24.285714  46.849931  -9.963414  -18.444843  2.180908  31.080658  6.409979  31.703963  125.301481
0.984950  0.000000  0.000000  0.000000  -17.102310  16.613586  28.571429  46.248955  -13.075440  -21.452479  2.180908  31.080658  6.409979  31.703963  125.301481
0.985182  0.000000  0.000000  0.000000  -17.102310  16.613586  32.857143  45.470380  -16.151786  -24.536572  2.180908  31.080658  6.409979  31.703963  125.301481
0.985413  0.000000  0.000000  0.000000  -17.102310  16.613586  37.142857  44.504482  -19.182394  -27.717397  2.180908  31.080658  6.409979  31.703963  125.301481
0.985645  0.000000  0.000000  0.000000  -17.102310  16.613586  41.428571  43.339351  -22.156169  -31.016381  2.180908  31.080658  6.409979  31.703963  125.301481
0.985876  0.000000  0.000000  0.000000  -17.102310  16.613586  45.714286  41.960972  -25.060766  -34.456181  2.180908  31.080658  6.409979  31.703963  125.301481
0.986108  0.000000  0.000000  0.000000  -17.102310  16.613586  50.000000  40.353371  -27.882330  -38.060614  2.180908  31.080658  6.409979  31.703963  125.301481
0.986339  0.000000  0.000000  0.000000  -24.765019  0.754871  -10.000000  62.555074  21.968852  3.174611  24.518108  20.717752  15.255005  39.699543  113.393732
0.986571  0.000000  0.000000  0.000000  -24.765019  0.754871  -5.714286  63.268068  18.152821  1.097366  24.518108  20.717752  15.255005  39.699543  113.393732
0.986803  0.000000  0.000000  0.000000  -24.765019  0.754871  -1.428571  63.824208  14.315442  -0.890731  24.518108  20.717752  15.255005  39.699543  113.393732
0.987034  0.000000  0.000000  0.000000  -24.765019  0.754871  2.857143  64.236640  10.462101  -2.811802  24.518108  20.717752  15.255005  39.699543  113.393732
0.987266  0.000000  0.000000  0.000000  -24.765019  0.754871  7.142857  64.514763  6.597545  -4.685626  24.518108  20.717752  15.255005  39.699543  113.393732
0.987497  0.000000  0.000000  0.000000  -24.765019  0.754871  11.428571  64.664792  2.726101  -6.530364  24.518108  20.717752  15.255005  39.699543  113.393732
0.987729  0.000000  0.000000  0.000000  -24.765019  0.754871  15.714286  64.690047  -1.148146  -8.363249  24.518108  20.717752  15.255005  39.699543  113.393732
0.987960  0.000000  0.000000  0.000000  -24.765019  0.754871  20.000000  64.591078  -5.021219  -10.201112  24.518108  20.717752  15.255005  39.699543  113.393732
0.988192  0.000000  0.000000  0.000000  -24.765019  0.754871  24.285714  64.365721  -8.889085  -12.060959  24.518108  20.717752  15.255005  39.699543  113.393732
0.988423  0.000000  0.000000  0.000000  -24.765019  0.754871  28.571429  64.008941  -12.747539  -13.960512  24.518108  20.717752  15.255005  39.699543  113.393732
0.988655  0.000000  0.000000  0.000000  -24.765019  0.754871  32.857143  63.512694  -16.592024  -15.918780  24.518108  20.717752  15.255005  39.699543  113.393732
0.988886  0.000000  0.000000  0.000000  -24.765019  0.754871  37.142857  62.865428  -20.417451  -17.956870  24.518108  20.717752  15.255005  39.699543  113.393732
0.989118  0.000000  0.000000  0.000000  -24.765019  0.754871  41.428571  62.051580  -24.217963  -20.098632  24.518108  20.717752  15.255005  39.699543  113.393732
0.989349  0.000000  0.000000  0.000000  -24.765019  0.754871  45.714286  61.050826  -27.986687  -22.371715  24.518108  20.717752  15.255005  39.699543  113.393732
0.989581  0.000000  0.000000  0.000000  -24.765019  0.754871  50.000000  59.837014  -31.715352  -24.808768  24.518108  20.717752  15.255005  39.699543  113.393732
0.989812  0.000000  0.000000  0.000000  -11.739164  18.014444  -10.000000  50.772879  8.864945  11.431514  27.496267  3.603622  17.760595  26.471235  128.409761
0.990044  0.000000  0.000000  0.000000  -11.739164  18.014444  -5.714286  51.114211  5.536356  8.710055  27.496267  3.603622  17.760595  26.471235  128.409761
0.990276  0.000000  0.000000  0.000000  -11.739164  18.014444  -1.428571  51.295747  2.195488  6.019156  27.496267  3.603622  17.760595  26.471235  128.409761
0.990507  0.000000  0.000000  0.000000  -11.739164  18.014444  2.857143  51.320197  -1.150195  3.340278  27.496267  3.603622  17.760595  26.471235  128.409761
0.990739  0.000000  0.000000  0.000000  -11.739164  18.014444  7.142857  51.187932  -4.493355  0.655112  27.496267  3.603622  17.760595  26.471235  128.409761
0.990970  0.000000  0.000000  0.000000  -11.739164  18.014444  11.428571  50.896967  -7.826610  -2.054777  27.496267  3.603622  17.760595  26.471235  128.409761
0.991202  0.000000  0.000000  0.000000  -11.739164  18.014444  15.714286  50.442972  -11.142292  -4.808271  27.496267  3.603622  17.760595  26.471235  128.409761
0.991433  0.000000  0.000000  0.000000  -11.739164  18.014444  20.000000  49.819150  -14.432312  -7.625054  27.496267  3.603622  17.760595  26.471235  128.409761
0.991665  0.000000  0.000000  0.000000  -11.739164  18.014444  24.285714  49.016145  -17.687911  -10.525951  27.496267  3.603622  17.760595  26.471235  128.409761
0.991896  0.000000  0.000000  0.000000  -11.739164  18.014444  28.571429  48.021897  -20.899439  -13.533252  27.496267  3.603622  17.760595  26.471235  128.409761
0.992128  0.000000  0.000000  0.000000  -11.739164  18.014444  32.857143  46.821553  -24.056091  -16.671015  27.496267  3.603622  17.760595  26.471235  128.409761
0.992359  0.000000  0.000000  0.000000  -11.739164  18.014444  37.142857  45.397231  -27.145585  -19.965366  27.496267  3.603622  17.760595  26.471235  128.409761
0.992591  0.000000  0.000000  0.000000  -11.739164  18.014444  41.428571  43.728126  -30.153860  -23.444600  27.496267  3.603622  17.760595  26.471235  128.409761
0.992822  0.000000  0.000000  0.000000  -11.739164  18.014444  45.714286  41.790611  -33.064672  -27.139152  27.496267  3.603622  17.760595  26.471235  128.409761
0.993054  0.000000  0.000000  0.000000  -11.739164  18.014444  50.000000  39.558691  -35.859213  -31.081237  27.496267  3.603622  17.760595  26.471235  128.409761
0.993285  0.000000  0.000000  0.000000  -27.676514  12.508382  -10.000000  51.745285  23.465378  7.649744  24.090476  6.877060  18.004803  40.005233  125.728196
0.993517  0.000000  0.000000  0.000000  -27.676514  12.508382  -5.714286  52.793192  20.075092  4.826050  24.090476  6.877060  18.004803  40.005233  125.728196
0.993749  0.000000  0.000000  0.000000  -27.676514  12.508382  -1.428571  53.645159  16.641856  2.122729  24.090476  6.877060  18.004803  40.005233  125.728196
0.993980  0.000000  0.000000  0.000000  -27.676514  12.508382  2.857143  54.316447  13.174864  -0.484919  24.090476  6.877060  18.004803  40.005233  125.728196
0.994212  0.000000  0.000000  0.000000  -27.676514  12.508382  7.142857  54.818958  9.682277  -3.019388  24.090476  6.877060  18.004803  40.005233  125.728196
0.994443  0.000000  0.000000  0.000000  -27.676514  12.508382  11.428571  55.161489  6.171492  -5.501513  24.090476  6.877060  18.004803  40.005233  125.728196
0.994675  0.000000  0.000000  0.000000  -27.676514  12.508382  15.714286  55.349958  2.649368  -7.950877  24.090476  6.877060  18.004803  40.005233  125.728196
0.994906  0.000000  0.000000  0.000000  -27.676514  12.508382  20.000000  55.387637  -0.877564  -10.386321  24.090476  6.877060  18.004803  40.005233  125.728196
0.995138  0.000000  0.000000  0.000000  -27.676514  12.508382  24.285714  55.275162  -4.402911  -12.826362  24.090476  6.877060  18.004803  40.005233  125.728196
0.995369  0.000000  0.000000  0.000000  -27.676514  12.508382  28.571429  55.010613  -7.920224  -15.289636  24.090476  6.877060  18.004803  40.005233  125.728196
0.995601  0.000000  0.000000  0.000000  -27.676514  12.508382  32.857143  54.589403  -11.422841  -17.795291  24.090476  6.877060  18.004803  40.005233  125.728196
0.995832  0.000000  0.000000  0.000000  -27.676514  12.508382  37.142857  54.004195  -14.903657  -20.363482  24.090476  6.877060  18.004803  40.005233  125.728196
0.996064  0.000000  0.000000  0.000000  -27.676514  12.508382  41.428571  53.244690  -18.354930  -23.015797  24.090476  6.877060  18.004803  40.005233  125.728196
0.996295  0.000000  0.000000  0.000000  -27.676514  12.508382  45.714286  52.297361  -21.768024  -25.775767  24.090476  6.877060  18.004803  40.005233  125.728196
0.996527  0.000000  0.000000  0.000000  -27.676514  12.508382  50.000000  51.145124  -25.133102  -28.669383  24.090476  6.877060  18.004803  40.005233  125.728196
0.996759  0.000000  0.000000  0.000000  -11.689042  1.097169  -10.000000  61.062248  26.716278  2.731396  11.957294  22.698189  38.068012  40.607114  118.900897
0.996990  0.000000  0.000000  0.000000  -11.689042  1.097169  -5.714286  62.007938  22.948144  0.481020  11.957294  22.698189  38.068012  40.607114  118.900897
0.997222  0.000000  0.000000  0.000000  -11.689042  1.097169  -1.428571  62.772681  19.150002  -1.646810  11.957294  22.698189  38.068012  40.607114  118.900897
0.997453  0.000000  0.000000  0.000000  -11.689042  1.097169  2.857143  63.375172  15.328474  -3.678474  11.957294  22.698189  38.068012  40.607114  118.900897
0.997685  0.000000  0.000000  0.000000  -11.689042  1.097169  7.142857  63.829628  11.489245  -5.636919  11.957294  22.698189  38.068012  40.607114  118.900897
0.997916  0.000000  0.000000  0.000000  -11.689042  1.097169  11.428571  64.146446  7.637305  -7.542599  11.957294  22.698189  38.068012  40.607114  118.900897
0.998148  0.000000  0.000000  0.000000  -11.689042  1.097169  15.714286  64.332677  3.777164  -9.414138  11.957294  22.698189  38.068012  40.607114  118.900897
0.998379  0.000000  0.000000  0.000000  -11.689042  1.097169  20.000000  64.392447  -0.086959  -11.269068  11.957294  22.698189  38.068012  40.607114  118.900897
0.998611  0.000000  0.000000  0.000000  -11.689042  1.097169  24.285714  64.327037  -3.950993  -13.124378  11.957294  22.698189  38.068012  40.607114  118.900897
0.998842  0.000000  0.000000  0.000000  -11.689042  1.097169  28.571429  64.135036  -7.810855  -14.997071  11.957294  22.698189  38.068012  40.607114  118.900897
0.999074  0.000000  0.000000  0.000000  -11.689042  1.097169  32.857143  63.812209  -11.662326  -16.904703  11.957294  22.698189  38.068012  40.607114  118.900897
0.999305  0.000000  0.000000  0.000000  -11.689042  1.097169  37.142857  63.351325  -15.500865  -18.865999  11.957294  22.698189  38.068012  40.607114  118.900897
0.999537  0.000000  0.000000  0.000000  -11.689042  1.097169  41.428571  62.741882  -19.321473  -20.901476  11.957294  22.698189  38.068012  40.607114  118.900897
0.999768  0.000000  0.000000  0.000000  -11.689042  1.097169  45.714286  61.969433  -23.118410  -23.034221  11.957294  22.698189  38.068012  40.607114  118.900897
1.000000  0.000000  0.000000  0.000000  -11.689042  1.097169  50.000000  61.015071  -26.885027  -25.290809  11.957294  22.698189  38.068012  40.607114  118.900897
