IKResults
version=1
nRows=6153
nColumns=18
inDegrees=yes

Units are S.I. units (second, meters, Newtons, ...)
If the header above contains a line with 'inDegrees', this indicates whether rotational values are in degrees (yes) or radians (no).

endheader
time	TH_x	TH_y	TH_z	TH_x_trans	TH_y_trans	TH_z_trans	SC_y	SC_z	SC_x	AC_y	AC_z	AC_x	GH_y	GH_z	GH_yy	EL_x	PS_y
     54.44000000	      7.52446435	   -185.04596220	      0.00000000	      0.05602219	      1.37615575	      0.13407020	    -22.83323974	      5.31014539	     16.92321788	     52.87961738	     -4.41294493	     -7.89541206	      0.27952574	     12.08839062	     35.10456964	     27.93240958	     73.83494759
     54.45000000	      7.53339613	   -184.89257053	      0.00000000	      0.05590633	      1.37611373	      0.13398183	    -22.93860069	      5.31070504	     16.90296119	     52.96126545	     -4.41046051	     -7.93207444	      0.34934853	     11.94290369	     35.51819622	     27.90405688	     73.61377420
     54.46000000	      7.60214918	   -184.85200479	      0.00000000	      0.05577200	      1.37601136	      0.13385066	    -22.87791719	      5.32808066	     16.93734476	     52.94878868	     -4.33433874	     -7.96541243	      0.50079492	     11.69006188	     35.91399652	     27.88765763	     73.57302291
     54.47000000	      7.58332886	   -184.85349996	      0.00000000	      0.05564053	      1.37608690	      0.13373778	    -22.74876697	      5.28422658	     16.89272900	     52.94385706	     -4.29323088	     -8.08301954	      0.63674378	     11.52095635	     36.22152016	     27.85147243	     73.60250937
     54.48000000	      7.58966507	   -184.76578128	      0.00000000	      0.05557818	      1.37607512	      0.13364091	    -22.69683443	      5.27594437	     16.85278564	     52.95696632	     -4.27369120	     -8.16516924	      0.75252816	     11.36397167	     36.56812526	     27.80694658	     73.56297290
     54.49000000	      7.64517029	   -184.71393420	      0.00000000	      0.05537514	      1.37601033	      0.13361721	    -22.72520789	      5.26130126	     16.87396048	     52.97820746	     -4.21973417	     -8.19148801	      0.88962712	     11.15054433	     36.94804674	     27.81255484	     73.51506936
     54.50000000	      7.62869994	   -184.69908643	      0.00000000	      0.05534316	      1.37609274	      0.13346261	    -22.51432348	      5.21109092	     16.79695078	     52.96585545	     -4.19325380	     -8.34084444	      1.01556470	     11.02988051	     37.21494632	     27.79027378	     73.56354128
     54.51000000	      7.69344482	   -184.60614985	      0.00000000	      0.05534302	      1.37601875	      0.13340703	    -22.47764247	      5.20544638	     16.81120112	     53.04213331	     -4.11815051	     -8.41128615	      1.19489065	     10.81562591	     37.54542781	     27.75280904	     73.58741904
     54.52000000	      7.67627044	   -184.56296417	      0.00000000	      0.05512897	      1.37605585	      0.13337421	    -22.44463663	      5.16259033	     16.73481046	     53.00618902	     -4.15274720	     -8.48041306	      1.23781408	     10.74500939	     37.86553200	     27.80111132	     73.46441595
     54.53000000	      7.71063998	   -184.50879998	      0.00000000	      0.05502437	      1.37602783	      0.13336518	    -22.39944761	      5.13213447	     16.71695592	     53.03326224	     -4.11929359	     -8.54084543	      1.32109500	     10.58566286	     38.21716138	     27.80349389	     73.38187621
     54.54000000	      7.73575273	   -184.49848828	      0.00000000	      0.05493509	      1.37605278	      0.13334496	    -22.28462328	      5.08074606	     16.68460096	     53.03282772	     -4.08268845	     -8.63362791	      1.43019549	     10.44707783	     38.46927596	     27.80625904	     73.40583727
     54.55000000	      7.75688808	   -184.45347394	      0.00000000	      0.05483525	      1.37604860	      0.13333353	    -22.22214740	      5.04311577	     16.64638433	     53.03476090	     -4.06658436	     -8.70694706	      1.52220792	     10.32982913	     38.71085167	     27.83598848	     73.40822993
     54.56000000	      7.78390803	   -184.42671014	      0.00000000	      0.05476134	      1.37606782	      0.13336043	    -22.15446575	      4.99062404	     16.62628519	     53.05679817	     -4.02346823	     -8.78689507	      1.62598837	     10.19047806	     38.92651863	     27.83911143	     73.44069743
     54.57000000	      7.80860246	   -184.38497314	      0.00000000	      0.05467526	      1.37606019	      0.13337572	    -22.09603249	      4.95094951	     16.59202992	     53.06006503	     -4.00734671	     -8.85354252	      1.70229147	     10.08739709	     39.10417598	     27.88215227	     73.46107556
     54.58000000	      7.84006778	   -184.33273491	      0.00000000	      0.05457869	      1.37601759	      0.13342051	    -22.05245510	      4.91618887	     16.55026378	     53.05317904	     -4.01236487	     -8.90594179	      1.73393175	     10.01943009	     39.25930305	     27.96598725	     73.43743958
     54.59000000	      7.87610658	   -184.22691774	      0.00000000	      0.05463108	      1.37597774	      0.13352851	    -22.07693568	      4.84532191	     16.79172381	     53.70245034	     -4.53396757	     -8.14279269	     -5.25905264	     10.30811235	     46.08197489	     28.23678079	     71.71238901
     54.60000000	      7.90160505	   -184.21865118	      0.00000000	      0.05454952	      1.37596016	      0.13357666	    -21.98529768	      4.80676401	     16.76008926	     53.65922810	     -4.50981997	     -8.21486197	     -5.14808111	     10.22303255	     46.04090444	     28.31320719	     71.90604741
     54.61000000	      7.92390572	   -184.17830911	      0.00000000	      0.05447470	      1.37594908	      0.13363366	    -21.94143145	      4.76388099	     16.72238920	     53.63512772	     -4.50475198	     -8.27373208	     -5.07872276	     10.17057762	     45.95382995	     28.40447148	     72.05474021
     54.62000000	      7.93551552	   -184.15097420	      0.00000000	      0.05438709	      1.37591595	      0.13385465	    -22.00685980	      4.75409039	     16.75838278	     53.76689826	     -4.42481457	     -8.32659973	     -4.99215579	      9.97755171	     45.89734462	     28.49944353	     72.16765767
     54.63000000	      7.97188717	   -184.11645833	      0.00000000	      0.05434487	      1.37591487	      0.13379701	    -21.86110761	      4.68915716	     16.67392818	     53.61004009	     -4.48734997	     -8.36570273	     -5.03493237	     10.09264697	     45.69373077	     28.65216522	     72.27539047
     54.64000000	      8.00360441	   -184.05787894	      0.00000000	      0.05428751	      1.37586021	      0.13391303	    -21.86832623	      4.65652113	     16.65347406	     53.61851852	     -4.49656455	     -8.38303056	     -5.11801386	     10.09453539	     45.50981819	     28.82775541	     72.30432062
     54.65000000	      8.04001490	   -184.03145340	      0.00000000	      0.05425897	      1.37582757	      0.13397412	    -21.79459013	      4.63088508	     16.64087310	     53.58620159	     -4.49869221	     -8.39344692	     -5.20474772	     10.11051597	     45.33133685	     28.99511831	     72.35799405
     54.66000000	      8.05445245	   -183.99455566	      0.00000000	      0.05417825	      1.37577895	      0.13413462	    -21.82339035	      4.60587625	     16.63049315	     53.59215832	     -4.51766716	     -8.38165326	     -5.38212563	     10.14031220	     45.03460427	     29.22885560	     72.37654588
     54.67000000	      8.08041157	   -183.96146484	      0.00000000	      0.05412703	      1.37573006	      0.13425067	    -21.80600168	      4.58624887	     16.62445185	     53.58097370	     -4.53497989	     -8.36220744	     -5.56938378	     10.19877073	     44.69546900	     29.48290026	     72.42770087
     54.68000000	      8.10147716	   -183.93591914	      0.00000000	      0.05408085	      1.37568538	      0.13437100	    -21.78718030	      4.57798494	     16.62899136	     53.57117584	     -4.55499531	     -8.32397480	     -5.78760797	     10.26715362	     44.30462441	     29.75470454	     72.49154025
     54.69000000	      8.11319932	   -183.89315249	      0.00000000	      0.05405013	      1.37566324	      0.13447813	    -21.77969331	      4.55705447	     16.62770298	     53.56708270	     -4.58558829	     -8.28399811	     -6.04474310	     10.38781972	     43.84712225	     30.06532403	     72.56983878
     54.70000000	      8.16033404	   -183.86827266	      0.00000000	      0.05399652	      1.37551279	      0.13466922	    -21.80828558	      4.59320893	     16.66920079	     53.59277434	     -4.60892075	     -8.18563232	     -6.36190926	     10.46996376	     43.29704538	     30.46221541	     72.65029029
     54.71000000	      8.13814397	   -183.92686915	      0.00000000	      0.05392602	      1.37562515	      0.13459854	    -21.58427799	      4.54634109	     16.64261446	     53.27465201	     -4.65695984	     -8.14200889	     -6.52949761	     10.76129535	     42.96965392	     30.81291831	     72.76066207
     54.72000000	      8.16930732	   -183.79345178	      0.00000000	      0.05395820	      1.37547440	      0.13486688	    -21.77089655	      4.60079899	     16.70108481	     53.57522729	     -4.71391382	     -7.99704544	     -7.12240428	     10.83704494	     42.12516236	     31.26924444	     72.71824053
     54.73000000	      8.21105085	   -183.74728234	      0.00000000	      0.05390490	      1.37539746	      0.13504448	    -21.83002865	      4.61667048	     16.76628947	     53.60917036	     -4.75568380	     -7.83708122	     -7.54062247	     11.04131300	     41.48147192	     31.74490080	     72.74624985
     54.74000000	      8.21566929	   -183.70842019	      0.00000000	      0.05391978	      1.37539964	      0.13521836	    -21.85770669	      4.60638752	     16.80755979	     53.75195973	     -4.80498079	     -7.71774970	     -8.01691254	     11.29141112	     40.62423523	     32.29427002	     72.93119537
     54.75000000	      8.22336257	   -183.68365127	      0.00000000	      0.05388833	      1.37536013	      0.13545219	    -21.90732804	      4.61036650	     16.86692113	     53.89259871	     -4.85010279	     -7.57300095	     -8.41849057	     11.55557526	     39.59791107	     32.90277265	     73.37656638
     54.76000000	      8.25153620	   -183.63492631	      0.00000000	      0.05383301	      1.37528281	      0.13547985	    -21.86848887	      4.67140164	     16.88683817	     53.66429172	     -4.80959123	     -7.55392268	     -7.54499113	     11.71926341	     37.07841580	     33.47492410	     75.93907239
     54.77000000	      8.27955593	   -183.58897887	      0.00000000	      0.05379512	      1.37520033	      0.13567610	    -21.94920062	      4.72156653	     16.98816474	     53.81967353	     -4.88631607	     -7.29779852	     -7.99807418	     12.02783955	     36.10933191	     34.08283449	     75.77471470
     54.78000000	      8.31072870	   -183.53240450	      0.00000000	      0.05375279	      1.37506535	      0.13578361	    -21.99420229	      4.81637754	     17.10991446	     53.84465372	     -4.96994513	     -6.98561967	     -8.47687767	     12.35719808	     35.22035714	     34.72046450	     75.67870296
     54.79000000	      8.31390594	   -183.51956852	      0.00000000	      0.05364258	      1.37510283	      0.13595206	    -22.02393626	      4.80980302	     17.01563551	     53.60664877	     -4.70979288	     -7.41379389	     -4.57716714	     12.46893254	     29.67932762	     35.29472479	     78.10579112
     54.80000000	      8.32742921	   -183.45882194	      0.00000000	      0.05363377	      1.37503878	      0.13605368	    -22.05334736	      4.87944505	     17.12981983	     53.72915509	     -4.82516784	     -7.08104478	     -5.12993868	     12.90122821	     28.70176383	     35.96294706	     77.85200535
     54.81000000	      8.36290462	   -183.41460630	      0.00000000	      0.05361369	      1.37501701	      0.13628133	    -22.13346183	      4.87967046	     17.26786659	     54.00993488	     -4.90301195	     -6.77279360	     -5.58273490	     13.37119379	     27.53010295	     36.66903464	     77.68916944
     54.82000000	      8.39134365	   -183.35765392	      0.00000000	      0.05354653	      1.37488923	      0.13637782	    -22.17888509	      4.98060491	     17.43871588	     54.09003928	     -5.01190650	     -6.34731355	     -6.04155114	     13.83339228	     26.53684842	     37.32867602	     77.58983845
     54.83000000	      8.39003079	   -183.30373049	      0.00000000	      0.05356903	      1.37498772	      0.13659902	    -22.22914461	      4.93354947	     17.55590802	     54.53861341	     -5.13224950	     -6.03193361	     -6.44719509	     14.42916028	     25.08126367	     37.96772958	     77.60825643
     54.84000000	      8.39709309	   -183.33199552	      0.00000000	      0.05321918	      1.37497992	      0.13664949	    -22.27531501	      5.00414084	     17.28259139	     53.42328191	     -4.31930147	     -7.45495978	      4.20411489	     14.37552309	     13.85869114	     38.16813761	     79.34619827
     54.85000000	      8.42659630	   -183.28033867	      0.00000000	      0.05316865	      1.37497803	      0.13684520	    -22.34015652	      5.00334432	     17.44942061	     53.75368541	     -4.43867836	     -7.04860457	      3.66436946	     15.00124692	     12.81623115	     38.73379599	     79.27578032
     54.86000000	      8.45445904	   -183.21038386	      0.00000000	      0.05313513	      1.37499602	      0.13701446	    -22.40658552	      4.99581503	     17.62351553	     54.11446089	     -4.54914374	     -6.64195513	      3.28070279	     15.66008324	     11.63000856	     39.21278121	     79.30756163
     54.87000000	      8.46498516	   -183.19524489	      0.00000000	      0.05293442	      1.37501027	      0.13711090	    -22.41953754	      5.01929538	     17.58580851	     53.77938317	     -4.21170781	     -7.08419201	      7.83737908	     16.14394987	      5.77119212	     39.46192125	     81.41393375
     54.88000000	      8.49789899	   -183.15869455	      0.00000000	      0.05280316	      1.37493884	      0.13720997	    -22.41734175	      5.05166971	     17.76396227	     54.00102515	     -4.37247102	     -6.58747518	      7.43796178	     16.93486521	      4.94441808	     39.81367257	     81.22773468
     54.89000000	      8.50361860	   -183.10471287	      0.00000000	      0.05279951	      1.37497006	      0.13735700	    -22.41865035	      5.02690610	     17.91414615	     54.48444080	     -4.53515113	     -6.15417950	      7.04708500	     17.79182204	      3.90439390	     40.01730488	     81.03955090
     54.90000000	      8.51780101	   -183.08501617	      0.00000000	      0.05247960	      1.37515909	      0.13750552	    -22.53668780	      4.94389304	     17.69699723	     53.82517794	     -3.68070199	     -7.34815023	     15.03988279	     18.43475047	     -4.42309573	     39.70758598	     81.08707455
     54.91000000	      8.52453932	   -183.04118625	      0.00000000	      0.05238098	      1.37520190	      0.13761468	    -22.51182836	      4.90795904	     17.84376542	     54.19103259	     -3.83465030	     -6.92043455	     14.68366769	     19.37473030	     -5.18663335	     39.68973431	     80.99596794
     54.92000000	      8.56442124	   -182.98416389	      0.00000000	      0.05231143	      1.37519161	      0.13776629	    -22.50520992	      4.86002861	     18.00221929	     54.61235160	     -3.96310057	     -6.50759902	     14.42047424	     20.35052482	     -5.97337890	     39.59842111	     80.91278538
     54.93000000	      8.58727956	   -182.91352292	      0.00000000	      0.05224139	      1.37525942	      0.13792475	    -22.50805202	      4.77478581	     18.15087192	     55.09938555	     -4.07761019	     -6.13121159	     14.25884291	     21.36394276	     -6.80845321	     39.34070993	     80.83435783
     54.94000000	      8.59396149	   -182.87408978	      0.00000000	      0.05188345	      1.37550887	      0.13803367	    -22.60076179	      4.63639207	     18.04777709	     54.26232590	     -3.15716974	     -7.78017203	     22.30723866	     22.41453207	    -14.83467629	     38.51819867	     81.41452608
     54.95000000	      8.61246706	   -182.82125009	      0.00000000	      0.05177793	      1.37553329	      0.13813583	    -22.51917261	      4.56974468	     18.16453902	     54.63318025	     -3.27052820	     -7.44944871	     22.08181227	     23.48392892	    -15.35929224	     38.04101616	     81.34596161
     54.96000000	      8.63234157	   -182.74869972	      0.00000000	      0.05170105	      1.37559789	      0.13828077	    -22.46960292	      4.46256070	     18.26639151	     55.10092802	     -3.35418196	     -7.18776417	     21.96068629	     24.61042832	    -15.90067759	     37.43142524	     81.27316693
     54.97000000	      8.63447032	   -182.65418732	      0.00000000	      0.05145591	      1.37580494	      0.13847101	    -22.56302447	      4.28490727	     18.20623354	     54.78545371	     -2.76069211	     -8.16387534	     26.20769035	     25.90867479	    -19.95246737	     36.45272129	     80.52965258
     54.98000000	      8.67504803	   -182.58047967	      0.00000000	      0.05138007	      1.37589630	      0.13856060	    -22.44540839	      4.14999488	     18.29068251	     55.18539115	     -2.80395327	     -7.97949563	     26.09703430	     27.04578140	    -20.32819601	     35.65051283	     80.53681329
     54.99000000	      8.68003306	   -182.49159224	      0.00000000	      0.05130979	      1.37597184	      0.13869202	    -22.35300144	      4.03940722	     18.34750996	     55.60747108	     -2.85015023	     -7.83798339	     26.07399857	     28.18463656	    -20.68456094	     34.75936924	     80.51833026
     55.00000000	      8.69679485	   -182.39717791	      0.00000000	      0.05121302	      1.37608641	      0.13887872	    -22.30190638	      3.86539440	     18.38095701	     56.04182665	     -2.86881578	     -7.77700210	     26.18477112	     29.38002229	    -21.02082615	     33.76606342	     80.48031648
     55.01000000	      8.70622855	   -182.27598304	      0.00000000	      0.05101402	      1.37634300	      0.13895525	    -22.27809563	      3.61051609	     18.24535773	     55.50361577	     -2.17001146	     -9.06540237	     30.15230468	     30.89183677	    -24.17429199	     32.45507123	     79.33679477
     55.02000000	      8.74355876	   -182.18432246	      0.00000000	      0.05094457	      1.37640948	      0.13913791	    -22.17624105	      3.45722879	     18.26874759	     55.88286454	     -2.15706759	     -9.06253847	     30.19920528	     32.02125512	    -24.28445117	     31.40479245	     79.39885720
     55.03000000	      8.74162545	   -182.07840128	      0.00000000	      0.05089212	      1.37648240	      0.13926390	    -22.04376592	      3.34828498	     18.27178480	     56.21673886	     -2.16898836	     -9.05606728	     30.26039764	     33.06549148	    -24.41478226	     30.30857385	     79.39535650
     55.04000000	      8.77103969	   -181.94003885	      0.00000000	      0.05085295	      1.37662615	      0.13943833	    -21.96740283	      3.14236661	     18.24900141	     56.50354175	     -2.09732025	     -9.22151398	     30.52241601	     34.19699650	    -24.42597700	     29.18262826	     79.34779388
     55.05000000	      8.73676139	   -181.81871265	      0.00000000	      0.05075170	      1.37683201	      0.13946557	    -21.82076452	      2.96082868	     18.10961943	     56.22643612	     -1.69725925	    -10.07205567	     32.54353364	     35.50101170	    -25.51453692	     27.86002087	     77.98042817
     55.06000000	      8.75599668	   -181.73124897	      0.00000000	      0.05068698	      1.37682228	      0.13963570	    -21.66603434	      2.89594280	     18.09826549	     56.55032406	     -1.71098699	    -10.08151876	     32.57123809	     36.36749357	    -25.48828885	     26.80165528	     78.00456314
     55.07000000	      8.76338701	   -181.56924671	      0.00000000	      0.05072242	      1.37696917	      0.13978487	    -21.57778977	      2.70815955	     18.03136559	     56.75363024	     -1.63184217	    -10.33054239	     32.80105635	     37.36514433	    -25.20606312	     25.69482466	     77.98117404
     55.08000000	      8.73994902	   -181.46501883	      0.00000000	      0.05072337	      1.37696912	      0.13992433	    -21.41486616	      2.69424308	     17.98251695	     56.99291920	     -1.64874868	    -10.40136614	     32.89534563	     38.11166451	    -25.13711473	     24.70158661	     77.92221052
     55.09000000	      8.73264662	   -181.28937380	      0.00000000	      0.05071161	      1.37720371	      0.13995920	    -21.30472941	      2.45107198	     17.84831356	     56.92197871	     -1.51919217	    -10.84287812	     33.45380288	     39.14363850	    -24.67953934	     23.62796310	     77.46773340
     55.10000000	      8.71499424	   -181.19600666	      0.00000000	      0.05067464	      1.37725953	      0.14007695	    -21.16040244	      2.39307414	     17.76562403	     56.93017043	     -1.36610347	    -11.21960908	     34.20573570	     39.88888312	    -24.51193233	     22.58064434	     75.60800962
     55.11000000	      8.72536042	   -181.08805718	      0.00000000	      0.05065542	      1.37724805	      0.14023859	    -21.05730156	      2.35636397	     17.71768185	     57.12766419	     -1.38806274	    -11.27856567	     34.25655555	     40.44158358	    -24.30881905	     21.77792432	     75.63032507
     55.12000000	      8.70078948	   -180.94536868	      0.00000000	      0.05071125	      1.37727307	      0.14034509	    -20.95075007	      2.32893275	     17.64344811	     57.24725980	     -1.40496124	    -11.39211988	     34.34172288	     40.94191550	    -24.04202721	     21.02196765	     75.61937463
     55.13000000	      8.68166279	   -180.85466077	      0.00000000	      0.05069081	      1.37728437	      0.14049268	    -20.84405482	      2.32283952	     17.59753979	     57.36629473	     -1.47522489	    -11.40296240	     34.32855455	     41.32590994	    -23.67112062	     20.37185286	     75.71317859
     55.14000000	      8.63543347	   -180.69438058	      0.00000000	      0.05075885	      1.37738657	      0.14053137	    -20.76069416	      2.24727803	     17.46287680	     57.27939746	     -1.43103112	    -11.71221049	     34.67770101	     41.86098544	    -22.89614794	     19.70375266	     73.97432790
     55.15000000	      8.61768051	   -180.55993970	      0.00000000	      0.05080383	      1.37737668	      0.14066644	    -20.72403653	      2.26840605	     17.41934223	     57.40088124	     -1.51547475	    -11.68541074	     34.57760185	     42.05868115	    -22.62294938	     19.28552780	     74.16025880
     55.16000000	      8.59533193	   -180.44969064	      0.00000000	      0.05083773	      1.37735373	      0.14081267	    -20.68502786	      2.29961622	     17.37465363	     57.50067139	     -1.62276699	    -11.64156050	     34.45832588	     42.19936973	    -22.36170878	     18.96620544	     74.35811286
     55.17000000	      8.56430524	   -180.33146235	      0.00000000	      0.05088896	      1.37731592	      0.14090090	    -20.64300076	      2.35050588	     17.30766123	     57.53055319	     -1.72980020	    -11.59912514	     34.35296292	     42.28930539	    -22.11643976	     18.75588731	     74.50283426
     55.18000000	      8.51915992	   -180.20448205	      0.00000000	      0.05092680	      1.37731123	      0.14102148	    -20.65109928	      2.39525745	     17.24192328	     57.53798827	     -1.82799342	    -11.56923202	     34.28744647	     42.29753965	    -21.98061819	     18.67470413	     74.55968095
     55.19000000	      8.49221110	   -180.17532979	      0.00000000	      0.05087923	      1.37723676	      0.14111939	    -20.57737860	      2.48596074	     17.18066247	     57.48712503	     -1.95577334	    -11.46352203	     34.24273931	     42.24926709	    -21.90239327	     18.66080642	     74.62559633
     55.20000000	      8.44348085	   -180.03284819	      0.00000000	      0.05098547	      1.37720452	      0.14123572	    -20.63007885	      2.57055005	     17.12014315	     57.44278431	     -2.04371448	    -11.43965906	     34.18074084	     42.11182120	    -21.86506042	     18.82089531	     74.64963589
     55.21000000	      8.39334924	   -179.87736998	      0.00000000	      0.05103735	      1.37719209	      0.14135539	    -20.74363501	      2.64468767	     17.07168663	     57.39994330	     -2.13521832	    -11.39795052	     34.13861559	     41.90926462	    -21.93456637	     19.07779736	     74.59522786
     55.22000000	      8.35310602	   -179.86620699	      0.00000000	      0.05099671	      1.37710966	      0.14145029	    -20.71073921	      2.76272845	     17.02617694	     57.28187326	     -2.28401559	    -11.26741645	     34.03176505	     41.66693464	    -21.92698738	     19.42970394	     74.67986434
     55.23000000	      8.30269832	   -179.72720063	      0.00000000	      0.05104191	      1.37709056	      0.14160376	    -20.85800654	      2.85736501	     16.98840759	     57.23825104	     -2.39824027	    -11.17106039	     33.87108983	     41.32077342	    -22.06138514	     19.95068674	     74.73915304
     55.24000000	      8.26839397	   -179.63036326	      0.00000000	      0.05107479	      1.37701386	      0.14174585	    -20.96372303	      2.99644242	     16.97346394	     57.17183729	     -2.53498353	    -11.00865194	     33.65371815	     40.86714935	    -22.32726230	     20.60868849	     74.84840788
     55.25000000	      8.22901215	   -179.82737071	      0.00000000	      0.05090869	      1.37681130	      0.14186653	    -20.76344852	      3.19962474	     16.90144655	     56.94679290	     -2.75832880	    -10.79266308	     33.46980763	     40.54259926	    -22.27351625	     21.24384539	     75.05833977
     55.26000000	      8.18562095	   -179.49843472	      0.00000000	      0.05110598	      1.37691364	      0.14204808	    -21.16441076	      3.25313825	     16.92254741	     56.94944935	     -2.80547796	    -10.69593986	     33.14286074	     39.88094560	    -22.70104616	     22.22532972	     75.23410223
     55.27000000	      8.15192640	   -179.44151519	      0.00000000	      0.05111033	      1.37687520	      0.14221222	    -21.27880598	      3.38523882	     16.90758122	     56.82384916	     -2.92129914	    -10.53439019	     32.85724722	     39.28870225	    -22.98673867	     23.21846055	     75.50279388
     55.28000000	      8.12964122	   -179.40418331	      0.00000000	      0.05111242	      1.37680518	      0.14240398	    -21.39190211	      3.53747014	     16.90014101	     56.68889167	     -3.03230698	    -10.35778543	     32.55815173	     38.62940948	    -23.37965066	     24.33757406	     75.82564856
     55.29000000	      8.11471520	   -179.39375278	      0.00000000	      0.05109553	      1.37675985	      0.14261765	    -21.47594189	      3.70262136	     16.91645925	     56.54647731	     -3.14653571	    -10.13886179	     32.17181019	     37.85987458	    -23.86801286	     25.58191231	     76.52490761
     55.30000000	      8.09065192	   -179.37089108	      0.00000000	      0.05105845	      1.37674556	      0.14281100	    -21.59878476	      3.80458682	     16.88589594	     56.29902496	     -3.21582169	    -10.07216920	     31.97984516	     37.21480708	    -24.23330845	     26.87039548	     76.79961891
     55.31000000	      8.05037179	   -179.30455181	      0.00000000	      0.05108754	      1.37678833	      0.14297421	    -21.72820828	      3.90891514	     16.86243479	     56.00748730	     -3.24543439	    -10.04940641	     31.76308758	     36.50240233	    -24.50557547	     28.26298058	     77.03225036
     55.32000000	      8.07354880	   -179.33210164	      0.00000000	      0.05107911	      1.37669992	      0.14328935	    -21.82235440	      4.07327890	     16.93654512	     56.05257359	     -3.47368333	     -9.57851800	     30.65135993	     35.51849367	    -25.00821078	     29.89242567	     80.24270733
     55.33000000	      8.08838254	   -179.29344932	      0.00000000	      0.05103035	      1.37678090	      0.14354849	    -21.99859689	      4.09357380	     16.90472093	     55.67851011	     -3.45243444	     -9.64108445	     30.53845986	     34.88286375	    -25.13045936	     31.39253384	     80.24619839
     55.34000000	      8.08130653	   -179.32827154	      0.00000000	      0.05106730	      1.37672058	      0.14382408	    -22.03858767	      4.27693743	     16.97280910	     55.65895644	     -3.63817607	     -9.24093450	     29.36972121	     33.82976333	    -25.24479037	     33.15046988	     82.11535019
     55.35000000	      8.08371320	   -179.37523573	      0.00000000	      0.05103612	      1.37674565	      0.14409253	    -22.09905387	      4.36874497	     16.96953982	     55.33962209	     -3.63446411	     -9.22958541	     29.05122187	     33.01369975	    -25.43581733	     34.82442262	     82.24478893
     55.36000000	      8.11093654	   -179.36864321	      0.00000000	      0.05097701	      1.37680050	      0.14440234	    -22.27280919	      4.38601833	     16.93916010	     54.95997032	     -3.58883681	     -9.32230912	     28.88935003	     32.35880208	    -25.47229563	     36.47962491	     82.31914779
     55.37000000	      8.08968623	   -179.37087366	      0.00000000	      0.05102727	      1.37691803	      0.14458562	    -22.30304794	      4.45350498	     16.93315861	     54.55667115	     -3.53337846	     -9.38252320	     28.50783571	     31.47026161	    -25.61301730	     38.31046153	     82.49897754
     55.38000000	      8.12948857	   -179.45591669	      0.00000000	      0.05106332	      1.37683028	      0.14494919	    -22.30341443	      4.57968082	     17.05053626	     54.74047008	     -3.88328309	     -8.67758777	     26.01932268	     30.43166413	    -24.48238277	     40.32881235	     85.67167157
     55.39000000	      8.12548624	   -179.46206127	      0.00000000	      0.05104091	      1.37694895	      0.14521236	    -22.41009826	      4.59227516	     17.02497682	     54.29904458	     -3.77365246	     -8.84412497	     25.80959300	     29.68843535	    -24.48889391	     42.14396507	     85.67677781
     55.40000000	      8.16681907	   -179.55576615	      0.00000000	      0.05109716	      1.37693554	      0.14554554	    -22.38622751	      4.64528793	     17.10966600	     54.32408615	     -3.98949417	     -8.38569050	     23.60901781	     28.82111477	    -23.12315073	     44.15183137	     87.34606718
     55.41000000	      8.17083699	   -179.63928542	      0.00000000	      0.05105495	      1.37699546	      0.14578919	    -22.37666720	      4.69553207	     17.08430062	     53.85359178	     -3.88989018	     -8.53205324	     23.29447152	     28.07885537	    -23.05054659	     46.03161062	     87.39296340
     55.42000000	      8.18583946	   -179.66266360	      0.00000000	      0.05103354	      1.37707325	      0.14606770	    -22.46559813	      4.70341597	     17.05875683	     53.41701137	     -3.75894004	     -8.71949577	     23.02287724	     27.41155044	    -22.93890659	     47.88931528	     87.49964197
     55.43000000	      8.21276425	   -179.77223908	      0.00000000	      0.05097819	      1.37710733	      0.14634131	    -22.45318130	      4.72219832	     17.04054335	     52.99807318	     -3.65248861	     -8.86339641	     22.61326538	     26.76978647	    -22.71909672	     49.77765451	     87.75910707
     55.44000000	      8.23696932	   -179.80155686	      0.00000000	      0.05098093	      1.37713440	      0.14661982	    -22.52922084	      4.74914404	     17.01687972	     52.58657088	     -3.51295437	     -9.05750396	     22.30254358	     26.16046349	    -22.53412904	     51.67036453	     87.95352819
     55.45000000	      8.26381705	   -179.87493575	      0.00000000	      0.05108315	      1.37713743	      0.14696254	    -22.48128844	      4.77312986	     17.17163480	     52.96188751	     -3.97035467	     -8.19998434	     18.05494394	     25.46387029	    -19.49467635	     53.84022188	     91.34905743
     55.46000000	      8.25058156	   -179.97191951	      0.00000000	      0.05106067	      1.37726289	      0.14712625	    -22.42214632	      4.75374746	     17.12622905	     52.42809128	     -3.79175250	     -8.47004143	     17.76293470	     24.95276201	    -19.16340018	     55.72673903	     91.27481166
     55.47000000	      8.26183339	   -180.01534986	      0.00000000	      0.05116942	      1.37728184	      0.14738118	    -22.41517781	      4.75479996	     17.25904442	     52.62042263	     -4.12079553	     -7.86581637	     14.14614547	     24.50452492	    -16.13838772	     57.76765604	     91.83552639
     55.48000000	      8.26209369	   -180.12255700	      0.00000000	      0.05112195	      1.37734618	      0.14756284	    -22.36770631	      4.76456143	     17.20904835	     52.13038999	     -3.93841472	     -8.13928909	     13.97251263	     24.08735679	    -15.91564028	     59.60777287	     91.70078575
     55.49000000	      8.26039191	   -180.18555978	      0.00000000	      0.05110822	      1.37741448	      0.14778458	    -22.38906907	      4.76006551	     17.17004532	     51.77173916	     -3.76460246	     -8.38750156	     13.65693892	     23.70637694	    -15.66305953	     61.44685600	     91.74539971
     55.50000000	      8.25947458	   -180.24528654	      0.00000000	      0.05121150	      1.37743749	      0.14799688	    -22.34699315	      4.77190092	     17.27527374	     51.93888278	     -4.00884596	     -7.87779356	     10.34717622	     23.42773937	    -12.99656497	     63.44079439	     93.19202590
     55.51000000	      8.26168520	   -180.31855833	      0.00000000	      0.05118354	      1.37747918	      0.14815985	    -22.35552931	      4.79053471	     17.24570902	     51.56524361	     -3.82679977	     -8.11817769	     10.20348747	     23.13283640	    -12.85151493	     65.21471191	     93.07336747
     55.52000000	      8.25009235	   -180.38517531	      0.00000000	      0.05119290	      1.37753661	      0.14831422	    -22.35818499	      4.80918184	     17.21682129	     51.25142166	     -3.65001769	     -8.35258011	     10.00833805	     22.88120186	    -12.70399213	     66.98160126	     93.05380135
     55.53000000	      8.35396933	   -180.49972176	      0.00000000	      0.05100724	      1.37729468	      0.14865281	    -22.51324548	      4.89856887	     17.23819138	     51.11364716	     -3.58924241	     -8.38613663	      9.95101810	     22.77839365	    -12.69769239	     68.61822476	     93.10594029
     55.54000000	      8.22799111	   -180.52766340	      0.00000000	      0.05123296	      1.37760584	      0.14861678	    -22.31861242	      4.87319433	     17.29349124	     51.06228414	     -3.62504095	     -8.25224282	      7.58534136	     22.57144572	    -11.02591031	     70.58796661	     95.65643901
     55.55000000	      8.27320356	   -180.55585744	      0.00000000	      0.05123570	      1.37754012	      0.14876660	    -22.40068353	      4.93893314	     17.31518587	     50.91017108	     -3.49860519	     -8.36535934	      7.46108394	     22.46156258	    -11.05770926	     72.23673059	     95.60648891
     55.56000000	      8.20119865	   -180.63408736	      0.00000000	      0.05128285	      1.37773524	      0.14884265	    -22.34868937	      4.92586510	     17.30778002	     50.72139740	     -3.31917753	     -8.58686578	      7.24634131	     22.36488809	    -10.96891453	     73.92447526	     95.64293133
     55.57000000	      8.17474469	   -180.67937508	      0.00000000	      0.05133184	      1.37781503	      0.14891885	    -22.35032692	      4.97078402	     17.32809463	     50.59491119	     -3.19659469	     -8.69767316	      7.01466780	     22.31350648	    -10.95951401	     75.55579666	     95.72480033
     55.58000000	      8.24714135	   -180.75756707	      0.00000000	      0.05127730	      1.37768679	      0.14909993	    -22.44835496	      5.07383812	     17.40966481	     50.54845540	     -3.12765870	     -8.65284608	      6.91605712	     22.34085441	    -11.03677126	     77.09260625	     95.75262490
     55.59000000	      8.26005334	   -180.81494721	      0.00000000	      0.05125700	      1.37769186	      0.14922151	    -22.51781800	      5.15639448	     17.48571811	     50.52416975	     -3.03748833	     -8.64441613	      6.80497063	     22.36663442	    -11.14035250	     78.60616459	     95.78602341
     55.60000000	      8.11687247	   -180.81473114	      0.00000000	      0.05151173	      1.37806760	      0.14916211	    -22.40180005	      5.11218182	     17.48839491	     50.51755230	     -2.84327116	     -8.87713597	      6.46433075	     22.38929870	    -11.24436580	     80.21391827	     96.02191142
     55.61000000	      8.20455994	   -180.88308806	      0.00000000	      0.05144156	      1.37798572	      0.14929871	    -22.49754285	      5.21732685	     17.62667793	     50.54009589	     -2.79911714	     -8.71754402	      6.36681686	     22.50517820	    -11.40813865	     81.63186543	     96.08628080
     55.62000000	      8.21865737	   -180.92120063	      0.00000000	      0.05148379	      1.37801091	      0.14936876	    -22.55794474	      5.31277019	     17.75168092	     50.60808525	     -2.72294079	     -8.61991956	      6.23796918	     22.62015967	    -11.62277487	     83.03969945	     96.15102952
     55.63000000	      8.13823993	   -180.92721613	      0.00000000	      0.05170482	      1.37834280	      0.14941410	    -22.51710397	      5.29089814	     17.83813955	     50.88341286	     -2.62120007	     -8.60309546	      5.58913101	     22.75280276	    -11.83309139	     84.52741622	     98.22477372
     55.64000000	      8.12740899	   -181.01673996	      0.00000000	      0.05161499	      1.37837934	      0.14953766	    -22.63335807	      5.43740720	     18.02303930	     50.98015599	     -2.57269638	     -8.37746859	      5.59946523	     22.92700895	    -11.99816305	     85.75563211	     98.19550604
     55.65000000	      8.15745368	   -180.94858357	      0.00000000	      0.05189055	      1.37848144	      0.14948079	    -22.62007838	      5.48523462	     18.13475589	     51.20723754	     -2.51293628	     -8.28725033	      5.33048203	     23.14323922	    -12.58383423	     87.09936430	     98.19532783
     55.66000000	      8.19802475	   -180.98181378	      0.00000000	      0.05197342	      1.37853622	      0.14953159	    -22.69126216	      5.58499255	     18.34371717	     51.38488220	     -2.42746154	     -8.07096364	      5.27642056	     23.38168859	    -12.93272644	     88.28425774	     98.19570321
     55.67000000	      8.14081708	   -180.97976339	      0.00000000	      0.05214671	      1.37877959	      0.14961507	    -22.75397121	      5.61115597	     18.46781140	     51.81089552	     -2.37599398	     -7.95729916	      5.15984388	     23.67848473	    -13.66080309	     89.42405793	     98.28299007
     55.68000000	      8.20501070	   -180.97993806	      0.00000000	      0.05225174	      1.37882791	      0.14961323	    -22.82267951	      5.72342261	     18.71667728	     51.98325400	     -2.29060743	     -7.67407791	      5.14668281	     23.94888760	    -14.09785713	     90.50415824	     98.30033869
     55.69000000	      8.17361761	   -181.00771974	      0.00000000	      0.05228046	      1.37904065	      0.14966991	    -22.95319987	      5.76711784	     18.66822193	     51.71058321	     -1.67033101	     -8.50220252	      9.24340000	     24.15586637	    -18.54696516	     91.34122455	    100.42190683
     55.70000000	      8.16022281	   -181.02031507	      0.00000000	      0.05241857	      1.37916462	      0.14963921	    -22.98334567	      5.90118233	     18.89721050	     51.98424268	     -1.64265523	     -8.17880294	      9.13271425	     24.48157519	    -19.08903928	     92.26741763	    100.29822449
     55.71000000	      8.17377114	   -181.02432279	      0.00000000	      0.05251634	      1.37927198	      0.14963672	    -23.12103805	      5.97862652	     18.98997147	     51.94774327	     -1.20494206	     -8.57100459	     11.81018348	     24.83767778	    -22.08911562	     92.95043139	     99.78230932
     55.72000000	      8.15119343	   -181.02546131	      0.00000000	      0.05270880	      1.37938250	      0.14960312	    -23.12981709	      6.11706028	     19.20992411	     52.28509190	     -1.20344648	     -8.22625188	     11.64699501	     25.25735957	    -22.70719131	     93.73669889	     99.75923185
     55.73000000	      8.16049071	   -181.01556998	      0.00000000	      0.05292928	      1.37946106	      0.14963698	    -23.22069734	      6.21740126	     19.44370212	     52.77941994	     -1.17501316	     -7.89400685	     11.59421262	     25.75210827	    -23.54985938	     94.40458564	     99.76544697
     55.74000000	      8.10861554	   -180.98375909	      0.00000000	      0.05302641	      1.37967483	      0.14949037	    -23.31296395	      6.31636847	     19.51067747	     52.42070059	     -0.59839843	     -8.50208418	     15.14076797	     26.17097586	    -27.33118191	     94.85986975	    100.50785839
     55.75000000	      8.09364896	   -181.01777336	      0.00000000	      0.05322257	      1.37968019	      0.14942074	    -23.29446012	      6.49764494	     19.75351904	     52.81809501	     -0.62882292	     -8.07084456	     14.98323075	     26.70357419	    -28.03782746	     95.37557392	    100.42714303
     55.76000000	      8.08307302	   -180.97152931	      0.00000000	      0.05350461	      1.37977098	      0.14920931	    -23.26906747	      6.64422404	     20.03952051	     53.03477464	     -0.58726197	     -7.65832212	     14.84354744	     27.18690163	    -28.62008630	     95.86775574	    100.36585140
     55.77000000	      8.01255403	   -180.99145342	      0.00000000	      0.05360118	      1.37991817	      0.14917039	    -23.37364250	      6.72295239	     20.08420578	     52.85855591	     -0.03597939	     -8.41724821	     18.60640320	     27.92336929	    -32.75331289	     95.95889350	    100.44475296
     55.78000000	      7.96321465	   -180.98842834	      0.00000000	      0.05379221	      1.37990814	      0.14900544	    -23.38297931	      6.93932200	     20.28725737	     52.97422611	      0.14194671	     -8.29986065	     19.70908641	     28.50056602	    -34.54514342	     96.15553170	    100.68063313
     55.79000000	      7.88980815	   -180.98605292	      0.00000000	      0.05408126	      1.37991767	      0.14880604	    -23.31073690	      7.14187383	     20.52246422	     53.31797034	      0.10963124	     -7.86861458	     19.52165778	     29.12635081	    -35.24566576	     96.32639325	    100.61585946
     55.80000000	      7.84220771	   -180.93698726	      0.00000000	      0.05440277	      1.37989068	      0.14854381	    -23.23074054	      7.35673784	     20.78528837	     53.57184134	      0.10794068	     -7.42956332	     19.35412875	     29.73861787	    -35.90301784	     96.47423926	    100.55753250
     55.81000000	      7.75570150	   -180.95651555	      0.00000000	      0.05457567	      1.37999239	      0.14838504	    -23.25157345	      7.46837468	     20.86821829	     53.35369647	      0.64612450	     -8.01956610	     22.43163063	     30.56296566	    -39.37417566	     96.22864519	    100.59523522
     55.82000000	      7.67457148	   -180.92842148	      0.00000000	      0.05488809	      1.37990937	      0.14812593	    -23.14384934	      7.73170587	     21.10636817	     53.60777026	      0.60321620	     -7.56365064	     22.23116982	     31.24316828	    -40.01073470	     96.17517689	    100.55980199
     55.83000000	      7.60637898	   -180.89808144	      0.00000000	      0.05522018	      1.37986553	      0.14787412	    -23.04556298	      7.94105811	     21.36068494	     53.88152829	      0.60171945	     -7.13366989	     22.06495783	     31.92881891	    -40.68592798	     96.01089507	    100.52440327
     55.84000000	      7.51281663	   -180.88336395	      0.00000000	      0.05551147	      1.37983987	      0.14770519	    -22.98318827	      8.13492734	     21.59418163	     54.23744797	      0.62087378	     -6.76363924	     22.01393628	     32.67095661	    -41.45962099	     95.73004829	    100.49785023
     55.85000000	      7.41417353	   -180.85612202	      0.00000000	      0.05570656	      1.38000532	      0.14738551	    -22.89337362	      8.21533561	     21.66308389	     53.62622584	      1.32793160	     -7.69703288	     25.62166017	     33.64315224	    -45.22729253	     95.18368865	    100.85521424
     55.86000000	      7.33670991	   -180.81719314	      0.00000000	      0.05602216	      1.37987966	      0.14711177	    -22.77504497	      8.47113480	     21.93184312	     53.84118198	      1.32873857	     -7.24345387	     25.43575522	     34.32492385	    -45.78818096	     94.77366129	    100.83647051
     55.87000000	      7.24714457	   -180.77366698	      0.00000000	      0.05626073	      1.37995476	      0.14687596	    -22.69222717	      8.58114708	     22.09278589	     53.68393308	      1.71190463	     -7.49873427	     27.00670649	     35.22129107	    -47.80810472	     94.17466083	    101.17092792
     55.88000000	      7.17356981	   -180.72812074	      0.00000000	      0.05658569	      1.37989380	      0.14662823	    -22.56279892	      8.79727012	     22.35960901	     53.89717661	      1.74652712	     -7.09209567	     26.82960543	     35.91093164	    -48.34315659	     93.61379902	    101.15453696
     55.89000000	      7.09466596	   -180.66735592	      0.00000000	      0.05691065	      1.37982230	      0.14637911	    -22.44092863	      8.99580861	     22.62370140	     54.09911571	      1.80695669	     -6.72390418	     26.70130316	     36.61690868	    -48.88151837	     92.97743282	    101.14609078
     55.90000000	      7.02637474	   -180.59214791	      0.00000000	      0.05724844	      1.37980129	      0.14616335	    -22.33077013	      9.15845976	     22.88531787	     54.28749173	      1.91066874	     -6.41886092	     26.64943774	     37.34591326	    -49.45272349	     92.25829291	    101.15282530
     55.91000000	      6.92248939	   -180.52488597	      0.00000000	      0.05748535	      1.37990688	      0.14585503	    -22.18723365	      9.24685722	     23.00722975	     53.77951957	      2.48831690	     -7.01936252	     28.90883625	     38.32026545	    -51.86761042	     91.34456534	    101.57284725
     55.92000000	      6.85686907	   -180.45767513	      0.00000000	      0.05779142	      1.37983601	      0.14562356	    -22.04557731	      9.44069009	     23.29582405	     53.92024872	      2.57234604	     -6.64254044	     28.75626868	     38.97825980	    -52.25796796	     90.50648519	    101.58725283
     55.93000000	      6.79048414	   -180.36953186	      0.00000000	      0.05811046	      1.37980410	      0.14539782	    -21.91667620	      9.59251252	     23.57170219	     54.05567604	      2.68176813	     -6.32102038	     28.65042904	     39.66886009	    -52.66025847	     89.59278463	    101.61594175
     55.94000000	      6.73281463	   -180.27833916	      0.00000000	      0.05844115	      1.37974641	      0.14519850	    -21.79356029	      9.74431715	     23.84549682	     54.17563046	      2.81843383	     -6.04006011	     28.59746182	     40.37243877	    -53.05666804	     88.62257479	    101.65896426
     55.95000000	      6.66373978	   -180.16786392	      0.00000000	      0.05876749	      1.37973550	      0.14497535	    -21.66694416	      9.87301880	     24.11422299	     54.26140796	      2.97687719	     -5.79912383	     28.59952993	     41.06925347	    -53.45859096	     87.57868627	    101.72060408
     55.96000000	      6.58113282	   -180.06188820	      0.00000000	      0.05911093	      1.37972029	      0.14474349	    -21.52833457	     10.02225759	     24.39490008	     54.32605890	      3.13562737	     -5.53919881	     28.59698784	     41.70581209	    -53.80963753	     86.49154538	    101.77939028
     55.97000000	      6.51029492	   -179.94836111	      0.00000000	      0.05935848	      1.37981858	      0.14443514	    -21.34172254	     10.07133294	     24.53526926	     53.70487921	      3.70934978	     -6.14629142	     30.52988575	     42.69980260	    -55.71750985	     85.24753156	    102.51041627
     55.98000000	      6.45414086	   -179.85447553	      0.00000000	      0.05967261	      1.37976607	      0.14423580	    -21.19707901	     10.23050933	     24.84473845	     53.78350455	      3.85556150	     -5.82069318	     30.41870957	     43.26972959	    -55.90685519	     84.06290895	    102.55834430
     55.99000000	      6.40728443	   -179.73671355	      0.00000000	      0.05998496	      1.37975767	      0.14404707	    -21.06808878	     10.35004919	     25.13563441	     53.84322272	      3.99927496	     -5.52367055	     30.33299601	     43.89473243	    -56.07719485	     82.81499022	    102.62031824
     56.00000000	      6.38258609	   -179.60625292	      0.00000000	      0.06031333	      1.37969329	      0.14387193	    -20.95037694	     10.45260891	     25.41220021	     53.88666738	      4.16517973	     -5.28249355	     30.27603347	     44.57878850	    -56.22272763	     81.51434467	    102.70523937
     56.01000000	      6.31179985	   -179.41883109	      0.00000000	      0.06069762	      1.37978789	      0.14363577	    -20.80805677	     10.45940932	     25.60394666	     53.86369894	      4.37513419	     -5.24626368	     30.35025092	     45.40264005	    -56.44686621	     80.14744453	    102.91313122
     56.02000000	      6.26536515	   -179.32521813	      0.00000000	      0.06098072	      1.37974725	      0.14346864	    -20.66933872	     10.61588099	     25.91207787	     53.88852370	      4.53786742	     -4.94810700	     30.34622586	     45.94096704	    -56.56680592	     78.76519738	    103.00417687
     56.03000000	      6.23665959	   -179.19851021	      0.00000000	      0.06127557	      1.37968768	      0.14330780	    -20.54882870	     10.72964187	     26.19274653	     53.89713254	      4.70525535	     -4.70401834	     30.34321046	     46.57150342	    -56.63369696	     77.32369694	    103.11049641
     56.04000000	      6.22716803	   -179.03495941	      0.00000000	      0.06158155	      1.37969740	      0.14313625	    -20.43087090	     10.75762216	     26.42313652	     53.87000438	      4.87166692	     -4.54568289	     30.36892614	     47.33658134	    -56.67698297	     75.83684359	    103.26482268
     56.05000000	      6.11224984	   -178.86077714	      0.00000000	      0.06200990	      1.37981241	      0.14284763	    -20.22107857	     10.80265107	     26.59171956	     53.79253477	      5.10104764	     -4.57773527	     30.49438608	     48.08066519	    -56.82457230	     74.31748581	    103.56049299
     56.06000000	      6.12464050	   -178.74348311	      0.00000000	      0.06227407	      1.37971746	      0.14272163	    -20.11562295	     10.92523539	     26.89424694	     53.77812258	      5.26593550	     -4.29499159	     30.52182909	     48.65582515	    -56.81437083	     72.77524039	    103.68416644
     56.07000000	      6.06926989	   -178.60834453	      0.00000000	      0.06257205	      1.37970871	      0.14254430	    -19.98326653	     11.05927907	     27.16030546	     53.78536935	      5.42907267	     -4.07005665	     30.51696263	     49.20325525	    -56.76025385	     71.20674945	    103.79429140
     56.08000000	      6.08972330	   -178.44927025	      0.00000000	      0.06288217	      1.37967192	      0.14241620	    -19.86584168	     11.10665150	     27.39713582	     53.75504640	      5.58599317	     -3.88895590	     30.50491059	     49.91888971	    -56.63840389	     69.59765548	    103.92994031
     56.09000000	      6.05906134	   -178.29748260	      0.00000000	      0.06318751	      1.37969073	      0.14225167	    -19.72676087	     11.17459095	     27.61946197	     53.74375484	      5.73632354	     -3.72187408	     30.48944966	     50.57486379	    -56.49804269	     67.96782088	    104.06166218
     56.10000000	      6.00757691	   -178.10134266	      0.00000000	      0.06356365	      1.37978165	      0.14203507	    -19.54280296	     11.17580897	     27.76567686	     53.70156825	      5.87982387	     -3.67386140	     30.43308134	     51.37408626	    -56.27304089	     66.30061896	    104.24460957
     56.11000000	      6.03268764	   -177.97893134	      0.00000000	      0.06381387	      1.37977176	      0.14193380	    -19.41756144	     11.25170568	     28.02522899	     53.69858205	      6.01759882	     -3.42563500	     30.42760196	     51.96322230	    -56.10851721	     64.63599884	    104.36134173
     56.12000000	      5.95701805	   -177.79490345	      0.00000000	      0.06417816	      1.37984658	      0.14172401	    -19.22618150	     11.29544979	     28.15972418	     53.69329120	      6.14176214	     -3.36595960	     30.32771162	     52.71003793	    -55.78115817	     62.93603826	    104.51009712
     56.13000000	      5.97861658	   -177.67142899	      0.00000000	      0.06441767	      1.37977738	      0.14165467	    -19.12330639	     11.41457395	     28.41462117	     53.70277310	      6.27403241	     -3.11677134	     30.33080765	     53.26574481	    -55.55384639	     61.23393661	    104.60915642
     56.14000000	      5.91902000	   -177.43094392	      0.00000000	      0.06474948	      1.37990386	      0.14143142	    -18.97783180	     11.40642276	     28.52198748	     53.65926132	      6.34710129	     -3.03922208	     30.23368174	     54.07220371	    -55.09813460	     59.49555078	    104.71027816
     56.15000000	      5.95130578	   -177.33973185	      0.00000000	      0.06500738	      1.37983691	      0.14137523	    -18.82904123	     11.55368626	     28.77435270	     53.70633653	      6.48576837	     -2.79898978	     30.19750561	     54.56205002	    -54.88126134	     57.81150419	    104.77868086
     56.16000000	      5.94929550	   -177.15330591	      0.00000000	      0.06528869	      1.37985160	      0.14123052	    -18.69864529	     11.61242245	     28.93185258	     53.69528541	      6.57231850	     -2.65383670	     30.13046183	     55.25911714	    -54.45316106	     56.07150951	    104.84075773
     56.17000000	      5.92934772	   -176.98247825	      0.00000000	      0.06557824	      1.37989419	      0.14109154	    -18.54005056	     11.67954379	     29.07499894	     53.71028764	      6.64817054	     -2.51375459	     30.02625019	     55.92559787	    -54.00061640	     54.34412706	    104.86395509
     56.18000000	      5.90104036	   -176.81243733	      0.00000000	      0.06595907	      1.37998838	      0.14094554	    -18.33319445	     11.72324311	     29.20186822	     53.91594719	      6.63581612	     -2.24411749	     29.45543054	     56.56808195	    -53.03927104	     52.63960454	    104.30613614
     56.19000000	      5.92011965	   -176.63266578	      0.00000000	      0.06617342	      1.37994848	      0.14085904	    -18.23724878	     11.83211187	     29.36577513	     53.90451528	      6.71670004	     -2.07814613	     29.48127531	     57.18522987	    -52.67566105	     50.91219322	    104.31527406
     56.20000000	      5.90367682	   -176.47858510	      0.00000000	      0.06642956	      1.37999434	      0.14072810	    -18.05579711	     11.90591090	     29.47897818	     53.91693871	      6.78045025	     -1.96935790	     29.41157296	     57.83808527	    -52.18428784	     49.19551402	    104.23029913
     56.21000000	      5.94005971	   -176.33484523	      0.00000000	      0.06662854	      1.37996083	      0.14069305	    -17.96419309	     12.03763509	     29.66192059	     53.92737727	      6.86129068	     -1.76941057	     29.44325073	     58.36390296	    -51.80847512	     47.49611384	    104.24414401
     56.22000000	      5.89974494	   -176.14688182	      0.00000000	      0.06689959	      1.38002928	      0.14054592	    -17.79639000	     12.11579775	     29.73782075	     53.91973768	      6.90486737	     -1.69988515	     29.37385360	     59.03046761	    -51.21526456	     45.79778252	    104.15471338
     56.23000000	      5.91148336	   -175.99183167	      0.00000000	      0.06711602	      1.38003261	      0.14044866	    -17.65932139	     12.21698327	     29.86410603	     53.93895900	      6.95819055	     -1.55580275	     29.33803755	     59.60646235	    -50.69307627	     44.11449394	    104.06050719
     56.24000000	      5.91292147	   -175.82780693	      0.00000000	      0.06743140	      1.38005860	      0.14036245	    -17.48353765	     12.30235295	     29.96810674	     54.20884113	      6.91226999	     -1.26501079	     28.75813714	     60.16532114	    -49.43049909	     42.44577576	    102.36006877
     56.25000000	      5.93059938	   -175.68331209	      0.00000000	      0.06759327	      1.38002059	      0.14034276	    -17.40208859	     12.45752997	     30.10801616	     54.19122958	      6.99067330	     -1.13749205	     28.87678570	     60.65510418	    -49.05502578	     40.82516495	    102.43251809
     56.26000000	      5.91822846	   -175.49474900	      0.00000000	      0.06781629	      1.38007851	      0.14018848	    -17.24134501	     12.53876273	     30.16869650	     54.13469997	      7.04621364	     -1.11718040	     28.92049791	     61.25632245	    -48.48865879	     39.22568827	    102.42315243
     56.27000000	      5.91180982	   -175.34501734	      0.00000000	      0.06801982	      1.38011664	      0.14008738	    -17.07464792	     12.63882645	     30.23498920	     54.13120726	      7.09419935	     -1.06972651	     28.92154595	     61.82380094	    -47.87791870	     37.64695069	    102.29748461
     56.28000000	      5.91044514	   -175.20661769	      0.00000000	      0.06819560	      1.38014491	      0.14003185	    -16.94376012	     12.74782800	     30.32593789	     54.15637451	      7.13177056	     -0.96272427	     28.94074307	     62.30472642	    -47.32750597	     36.09540439	    102.15582173
     56.29000000	      5.89742003	   -175.05781719	      0.00000000	      0.06837663	      1.38019191	      0.13994902	    -16.80462632	     12.84922092	     30.38849349	     54.17227766	      7.16368579	     -0.89676456	     28.94392136	     62.81835343	    -46.65752100	     34.56534699	    101.93480170
     56.30000000	      5.94275557	   -174.97422510	      0.00000000	      0.06849857	      1.38009832	      0.13997307	    -16.69623423	     13.03555175	     30.50338577	     54.25009477	      7.22766382	     -0.77953338	     28.97575141	     63.20960303	    -46.21256661	     33.11277513	    101.81263809
     56.31000000	      5.91562994	   -174.76431351	      0.00000000	      0.06882992	      1.38015992	      0.13982753	    -16.54097691	     13.06221161	     30.53340269	     54.53264497	      7.13371784	     -0.53528221	     28.33265220	     63.75017256	    -44.11120354	     31.54444546	     98.51795164
     56.32000000	      5.89086219	   -174.61340431	      0.00000000	      0.06897725	      1.38022698	      0.13975244	    -16.43553447	     13.16593348	     30.57736138	     54.46579460	      7.18987028	     -0.54498145	     28.52756123	     64.19455088	    -43.57819548	     30.12612220	     98.53666324
     56.33000000	      5.88106741	   -174.49948647	      0.00000000	      0.06910097	      1.38025055	      0.13972022	    -16.32386472	     13.27458693	     30.63473858	     54.46923713	      7.23468873	     -0.50715453	     28.65424083	     64.59741578	    -43.02512152	     28.74833851	     98.46602007
     56.34000000	      5.94113838	   -174.39691306	      0.00000000	      0.06923430	      1.38019543	      0.13973525	    -16.22778096	     13.39405775	     30.70321624	     54.47600658	      7.30427729	     -0.48482113	     28.75530799	     65.02761981	    -42.37895718	     27.43796764	     98.32875206
     56.35000000	      5.91521313	   -174.26481706	      0.00000000	      0.06945751	      1.38024281	      0.13962140	    -16.05471917	     13.43947325	     30.71119734	     54.67425559	      7.25417815	     -0.35365685	     28.40993545	     65.48765534	    -40.47423633	     25.99129849	     95.18143368
     56.36000000	      5.93585304	   -174.21369318	      0.00000000	      0.06953711	      1.38019954	      0.13962419	    -15.92776196	     13.59007201	     30.76584672	     54.66269847	      7.29762846	     -0.27966930	     28.54936988	     65.79480973	    -39.90034949	     24.77689832	     94.95435409
     56.37000000	      5.93738893	   -174.03867261	      0.00000000	      0.06971010	      1.38025197	      0.13957388	    -15.90171315	     13.64130434	     30.79321842	     54.67898265	      7.36900285	     -0.29894809	     28.66865895	     66.16452489	    -39.09904227	     23.56059065	     94.66715189
     56.38000000	      5.93624737	   -173.97835659	      0.00000000	      0.06978890	      1.38024804	      0.13960022	    -15.80319816	     13.74208761	     30.82010596	     54.71665248	      7.39948534	     -0.24865700	     28.77575346	     66.48816117	    -38.33771080	     22.39522464	     94.28260771
     56.39000000	      5.93980975	   -173.81812055	      0.00000000	      0.06997368	      1.38028703	      0.13953456	    -15.74714436	     13.79407480	     30.82504504	     54.75741535	      7.43140015	     -0.25138110	     28.80663476	     66.84031737	    -37.39286166	     21.28242552	     93.75574067
     56.40000000	      5.95846089	   -173.71819137	      0.00000000	      0.07008366	      1.38031967	      0.13953801	    -15.68189412	     13.84293273	     30.84353812	     54.82210717	      7.46686936	     -0.21477759	     28.84507373	     67.15758907	    -36.37852224	     20.20636775	     93.01471861
     56.41000000	      5.95987050	   -173.67203068	      0.00000000	      0.07020078	      1.38026738	      0.13955342	    -15.59011371	     13.92103116	     30.86449359	     55.07593857	      7.39651662	      0.04586820	     28.54786319	     67.44603670	    -34.10411108	     18.96690716	     89.61930116
     56.42000000	      5.96564820	   -173.60094831	      0.00000000	      0.07028370	      1.38029967	      0.13956922	    -15.53279495	     13.98869575	     30.88137442	     55.05755811	      7.45911235	      0.01861089	     28.77019784	     67.68238426	    -33.55350304	     18.04117170	     89.43524582
     56.43000000	      5.97092131	   -173.77408638	      0.00000000	      0.07020618	      1.38004789	      0.13947680	    -15.12156501	     14.27144615	     30.87481213	     54.94717978	      7.30801495	      0.24191981	     28.76282005	     67.85813589	    -33.16410300	     17.31795582	     89.18835956
     56.44000000	      5.98587005	   -173.81634747	      0.00000000	      0.07018844	      1.38003812	      0.13957008	    -14.99775065	     14.34893158	     30.89352224	     54.95698979	      7.28100270	      0.35049850	     28.91104690	     68.06720715	    -32.61283988	     16.51213053	     88.96028229
     56.45000000	      5.99169733	   -173.42881201	      0.00000000	      0.07053692	      1.38030636	      0.13962571	    -15.36400331	     14.14437945	     30.91234103	     55.26795521	      7.50050407	      0.18383754	     28.92267193	     68.37961809	    -30.03128499	     15.29879433	     85.77710533
     56.46000000	      5.98645341	   -173.36989844	      0.00000000	      0.07061348	      1.38030765	      0.13965054	    -15.33850831	     14.21244325	     30.93331451	     55.26753872	      7.54171689	      0.19105367	     29.10661540	     68.51176301	    -29.58372102	     14.60030841	     85.68110434
     56.47000000	      6.00670898	   -173.36243872	      0.00000000	      0.07065420	      1.38027431	      0.13968491	    -15.26185489	     14.28450319	     30.95110901	     55.26405868	      7.55767480	      0.22619720	     29.24676315	     68.66251551	    -29.10594364	     13.97163337	     85.53836918
     56.48000000	      6.00362558	   -173.30747591	      0.00000000	      0.07073767	      1.38028473	      0.13972120	    -15.24619568	     14.29696833	     30.95694553	     55.37303920	      7.55390467	      0.29984064	     29.25584938	     68.84825942	    -27.32584937	     13.12251390	     83.09293648
     56.49000000	      6.00830476	   -173.28412058	      0.00000000	      0.07078299	      1.38026746	      0.13974573	    -15.19944798	     14.35321996	     30.97197093	     55.37364831	      7.56444422	      0.33066472	     29.38477221	     68.96305147	    -26.92986413	     12.60616667	     83.07543413
     56.50000000	      5.97938726	   -173.22114298	      0.00000000	      0.07087747	      1.38028962	      0.13976465	    -15.20339118	     14.40047186	     30.98143416	     55.40986764	      7.58289310	      0.35177096	     29.48686853	     69.02678801	    -26.52624300	     12.12595351	     82.98246960
     56.51000000	      6.00767511	   -173.21468748	      0.00000000	      0.07091700	      1.38024876	      0.13983928	    -15.17306646	     14.44565118	     31.00184372	     55.44564117	      7.58874446	      0.41338164	     29.56137109	     69.12683852	    -26.09370961	     11.70848537	     82.78193265
     56.52000000	      6.01472516	   -173.21162662	      0.00000000	      0.07095469	      1.38024970	      0.13988367	    -15.13642241	     14.45308655	     31.01006572	     55.52073976	      7.59250831	      0.48148241	     29.59747319	     69.24070209	    -24.64832429	     11.09762936	     80.59450268
     56.53000000	      5.99881436	   -173.18273651	      0.00000000	      0.07099966	      1.38024204	      0.13993137	    -15.13859461	     14.49420072	     31.01811629	     55.54785349	      7.57829564	      0.54414448	     29.67625904	     69.30277252	    -24.33982756	     10.76228980	     80.63581920
     56.54000000	      6.02231351	   -173.28551237	      0.00000000	      0.07096836	      1.38013377	      0.13997641	    -14.97628057	     14.59153280	     31.02527394	     55.51912564	      7.52551524	      0.65690272	     29.70503874	     69.37632207	    -24.07030009	     10.50937221	     80.65802864
     56.55000000	      6.00235916	   -173.15936075	      0.00000000	      0.07108928	      1.38019465	      0.14003049	    -15.11545317	     14.55198455	     31.04779177	     55.61317505	      7.57930525	      0.64962882	     29.78138526	     69.40519558	    -23.78769673	     10.23416041	     80.57516412
     56.56000000	      6.01661316	   -173.15551582	      0.00000000	      0.07113261	      1.38016707	      0.14008031	    -15.10150204	     14.59171598	     31.06362794	     55.63810867	      7.58148063	      0.70119622	     29.81747225	     69.43890824	    -23.54998892	     10.03584835	     80.43296674
     56.57000000	      6.01577783	   -173.15186189	      0.00000000	      0.07117032	      1.38014736	      0.14013634	    -15.09814114	     14.61563577	     31.07425079	     55.67049880	      7.57807146	      0.75048721	     29.85521149	     69.47424216	    -23.32150468	      9.85939902	     80.27847051
     56.58000000	      6.01137954	   -173.15089852	      0.00000000	      0.07120378	      1.38012960	      0.14020731	    -15.10438579	     14.63562573	     31.08288738	     55.71332142	      7.57407345	      0.79566863	     29.88314270	     69.50655965	    -23.11279495	      9.71407134	     80.10110829
     56.59000000	      6.03422721	   -173.14282740	      0.00000000	      0.07125727	      1.38008416	      0.14025236	    -15.11096524	     14.65422486	     31.10413565	     55.74298812	      7.58566083	      0.83260132	     29.89638821	     69.53459583	    -22.93371651	      9.61007342	     79.88412619
     56.60000000	      5.99653188	   -173.14346599	      0.00000000	      0.07128054	      1.38009573	      0.14036746	    -15.14911224	     14.67146106	     31.09058326	     55.80463591	      7.56161455	      0.85965729	     29.93695584	     69.57484629	    -22.76548991	      9.50532305	     79.73829266
     56.61000000	      6.00703489	   -173.16945747	      0.00000000	      0.07129740	      1.38008600	      0.14039367	    -15.11109422	     14.66893458	     31.10151632	     55.80763223	      7.54493212	      0.91442361	     29.93971652	     69.59860758	    -22.65988571	      9.48643830	     79.56328785
     56.62000000	      6.00542704	   -173.19738159	      0.00000000	      0.07131572	      1.38004659	      0.14043800	    -15.08539437	     14.69471830	     31.10794961	     55.82743119	      7.53189926	      0.95709418	     29.92831391	     69.60493989	    -22.62262755	      9.49881941	     79.40306727
     56.63000000	      5.99803274	   -173.16870646	      0.00000000	      0.07135961	      1.38007178	      0.14049690	    -15.13572019	     14.68249744	     31.10995202	     55.87848888	      7.52731772	      0.98323189	     29.90765880	     69.61034589	    -22.60592945	      9.53463280	     79.32450366
     56.64000000	      5.97872836	   -173.19760942	      0.00000000	      0.07138184	      1.38005671	      0.14054521	    -15.10837178	     14.68118229	     31.10211994	     55.88413386	      7.51379646	      0.99593560	     29.91058979	     69.62297277	    -22.64241673	      9.59351968	     79.13563877
     56.65000000	      5.96651346	   -173.20255526	      0.00000000	      0.07140816	      1.38003950	      0.14059893	    -15.12865300	     14.68294476	     31.09175821	     55.90852735	      7.50463982	      0.99430402	     29.91105523	     69.63934825	    -22.73907941	      9.69425013	     78.94205113
     56.66000000	      5.97368016	   -173.51124461	      0.00000000	      0.07116223	      1.37986428	      0.14060166	    -14.75111277	     14.77529387	     31.07020347	     55.76800480	      7.32060684	      1.21303513	     29.84222670	     69.70577950	    -22.60208792	      9.83389569	     79.02382673
     56.67000000	      5.94708091	   -173.24528320	      0.00000000	      0.07143404	      1.38000439	      0.14069370	    -15.10745461	     14.66057897	     31.06330973	     55.95086708	      7.44668156	      1.04001841	     29.79971233	     69.67900946	    -22.85243445	     10.01708117	     78.92745544
     56.68000000	      5.93600464	   -173.24244870	      0.00000000	      0.07149638	      1.37997048	      0.14075210	    -15.14901078	     14.66405326	     31.07898992	     56.02321299	      7.42231464	      1.08287861	     29.68660876	     69.61585326	    -23.22366772	     10.27650658	     78.95839436
     56.69000000	      5.92867782	   -173.26539695	      0.00000000	      0.07151640	      1.37994876	      0.14081110	    -15.14829294	     14.64906977	     31.06547158	     56.00935253	      7.42968397	      1.02329778	     29.68715728	     69.60556085	    -23.66404605	     10.56896655	     78.94787125
     56.70000000	      5.91649994	   -173.30889395	      0.00000000	      0.07151915	      1.37991180	      0.14087071	    -15.13050600	     14.65077392	     31.04414034	     55.99999902	      7.40834793	      1.01235015	     29.64029279	     69.58444464	    -24.09679138	     10.90892332	     79.01521861
     56.71000000	      5.88376401	   -173.29991396	      0.00000000	      0.07156833	      1.37991722	      0.14088645	    -15.14970735	     14.61710586	     31.01392788	     55.98149391	      7.40988209	      0.94364885	     29.61976012	     69.54067865	    -24.70936709	     11.30333232	     79.10957780
     56.72000000	      5.88339134	   -173.32556223	      0.00000000	      0.07159319	      1.37989105	      0.14093525	    -15.15032891	     14.59503222	     30.98773775	     55.95370172	      7.41530058	      0.88246842	     29.58503665	     69.49918896	    -25.42135307	     11.77340847	     79.36284827
     56.73000000	      5.78949100	   -173.28417067	      0.00000000	      0.07167026	      1.37996900	      0.14099576	    -15.22608627	     14.53888724	     30.92282852	     56.02954988	      7.36925271	      0.82671623	     29.46219424	     69.45162341	    -25.84088365	     12.19130524	     79.51255337
     56.74000000	      5.81995171	   -173.35835520	      0.00000000	      0.07165841	      1.37986836	      0.14097058	    -15.13699727	     14.57780914	     30.91644426	     55.83652714	      7.39763660	      0.72917731	     29.52375432	     69.30344861	    -27.93702177	     13.06055329	     81.89579933
     56.75000000	      5.79561287	   -173.34745046	      0.00000000	      0.07171677	      1.37984471	      0.14098746	    -15.16628352	     14.53305390	     30.88491438	     55.88812130	      7.34540611	      0.74648994	     29.29034290	     69.21380482	    -28.23330087	     13.61038303	     81.84061873
     56.76000000	      5.78527129	   -173.34176172	      0.00000000	      0.07178504	      1.37982778	      0.14104912	    -15.23083740	     14.49162280	     30.86644283	     55.94759049	      7.34108686	      0.71762569	     29.11394307	     69.04911793	    -29.03884815	     14.30585121	     81.91350884
     56.77000000	      5.77079659	   -173.44944402	      0.00000000	      0.07174887	      1.37983141	      0.14108981	    -15.13598042	     14.46433046	     30.79445569	     55.70961957	      7.43008987	      0.43150273	     29.36980972	     68.92334844	    -31.15166000	     15.19611352	     83.70458943
     56.78000000	      5.71238359	   -173.39282362	      0.00000000	      0.07183126	      1.37979571	      0.14109529	    -15.22482499	     14.44834530	     30.74456117	     55.76900786	      7.31805742	      0.50929102	     29.03940931	     68.74367106	    -31.50071202	     15.95489719	     83.72309408
     56.79000000	      5.67038502	   -173.38000669	      0.00000000	      0.07191941	      1.37983905	      0.14118876	    -15.30797797	     14.36348929	     30.70165570	     55.87661708	      7.27383015	      0.49372742	     28.76086418	     68.53249726	    -32.22292447	     16.81285924	     83.81274106
     56.80000000	      5.65928480	   -173.44104704	      0.00000000	      0.07188437	      1.37974680	      0.14113948	    -15.24677719	     14.42391579	     30.63351637	     55.51206325	      7.33470901	      0.22682151	     29.06117681	     68.26346465	    -34.83016803	     17.99492344	     86.65899594
     56.81000000	      5.62950274	   -173.44224424	      0.00000000	      0.07194465	      1.37970821	      0.14115890	    -15.29166277	     14.37944574	     30.60065038	     55.59522539	      7.24971692	      0.30840553	     28.67751128	     67.95613414	    -35.40527029	     18.99001539	     86.62921962
     56.82000000	      5.60069168	   -173.41991417	      0.00000000	      0.07206369	      1.37971206	      0.14124452	    -15.40850760	     14.32289550	     30.54448586	     55.70472668	      7.23759955	      0.24057544	     28.38934225	     67.65669268	    -36.26284312	     20.03065419	     86.74262124
     56.83000000	      5.56988165	   -173.50158662	      0.00000000	      0.07200184	      1.37964816	      0.14124048	    -15.34194441	     14.33537162	     30.43551558	     55.34180893	      7.27882313	     -0.02692771	     28.68750205	     67.35163398	    -38.63391683	     21.33275466	     89.54312714
     56.84000000	      5.56906638	   -173.44846316	      0.00000000	      0.07214556	      1.37964393	      0.14133709	    -15.50010794	     14.25421293	     30.39818784	     55.48373630	      7.23983412	     -0.01663894	     28.28300681	     66.97526040	    -39.28881302	     22.50747403	     89.48017337
     56.85000000	      5.49476314	   -173.53073600	      0.00000000	      0.07207683	      1.37963649	      0.14131739	    -15.44694693	     14.24519038	     30.28267221	     55.13945914	      7.23559230	     -0.26791050	     28.55436669	     66.62476553	    -41.29685691	     23.84609315	     92.00637120
     56.86000000	      5.46656037	   -173.52816936	      0.00000000	      0.07215643	      1.37961820	      0.14139405	    -15.54398808	     14.17315859	     30.22096342	     55.24194366	      7.14831899	     -0.24021729	     28.15189041	     66.21135394	    -41.87976605	     25.10380889	     91.89108567
     56.87000000	      5.42692294	   -173.51127965	      0.00000000	      0.07223871	      1.37963365	      0.14150021	    -15.66126667	     14.08878114	     30.12928660	     55.31182548	      7.07257978	     -0.28658153	     27.82454049	     65.79427629	    -42.66295883	     26.46909524	     91.89866098
     56.88000000	      5.37777643	   -173.59408267	      0.00000000	      0.07217158	      1.37961901	      0.14146467	    -15.61129750	     14.07085263	     29.99833281	     54.79157916	      7.11496921	     -0.65861945	     28.34064145	     65.39077400	    -44.89026834	     27.97953053	     94.96681423
     56.89000000	      5.36222974	   -173.65998850	      0.00000000	      0.07223356	      1.37950415	      0.14152893	    -15.61998855	     14.03911618	     29.90919531	     54.82520614	      7.04392850	     -0.70599203	     27.95602499	     64.92385354	    -45.46694264	     29.42603201	     94.92036701
     56.90000000	      5.32777448	   -173.67535112	      0.00000000	      0.07220922	      1.37951277	      0.14162795	    -15.76648491	     13.99703740	     29.83748066	     54.68535467	      7.00244952	     -0.78328501	     27.98572010	     64.33862170	    -46.88647502	     30.99837247	     96.84954802
     56.91000000	      5.27517679	   -173.70177562	      0.00000000	      0.07227564	      1.37951481	      0.14163684	    -15.77309199	     13.88872923	     29.68989424	     54.62677458	      6.90297425	     -0.90215205	     27.68799448	     63.90422738	    -47.41648428	     32.51386089	     96.76670555
     56.92000000	      5.22316477	   -173.71524461	      0.00000000	      0.07232914	      1.37953115	      0.14166756	    -15.83106832	     13.79102829	     29.55435751	     54.54982468	      6.80523607	     -1.00472920	     27.44626654	     63.40521269	    -48.00320894	     34.06970559	     96.75551943
     56.93000000	      5.18696224	   -173.74681034	      0.00000000	      0.07237056	      1.37951163	      0.14172876	    -15.90096257	     13.71647727	     29.43035606	     54.47621640	      6.71780592	     -1.10147844	     27.22414346	     62.84479586	    -48.67102379	     35.69981928	     96.81792145
     56.94000000	      5.15300997	   -173.79143828	      0.00000000	      0.07239403	      1.37948043	      0.14183028	    -15.98657542	     13.64465220	     29.30832566	     54.39321437	      6.63082198	     -1.19626665	     27.03929724	     62.25532778	    -49.35944852	     37.36177917	     96.96137569
     56.95000000	      5.17571553	   -173.91604636	      0.00000000	      0.07228981	      1.37939545	      0.14212004	    -16.15318139	     13.61497006	     29.25049772	     54.33495147	      6.56612358	     -1.20838042	     27.01100377	     61.55030898	    -50.27234602	     39.05685256	     97.47312487
     56.96000000	      5.05328957	   -173.87942879	      0.00000000	      0.07236732	      1.37946214	      0.14206678	    -16.19712871	     13.48177358	     29.02857437	     54.15502050	      6.43868746	     -1.42756273	     26.81632425	     61.03604763	    -50.76368443	     40.78054138	     97.66292291
     56.97000000	      5.06684693	   -173.99781053	      0.00000000	      0.07227012	      1.37937438	      0.14223872	    -16.30166794	     13.48473724	     28.93364114	     53.80835517	      6.49839376	     -1.70396095	     27.24078343	     60.28119617	    -52.47440600	     42.64589477	    101.01589516
     56.98000000	      5.01499224	   -174.00685157	      0.00000000	      0.07230825	      1.37937128	      0.14229291	    -16.35205112	     13.35261105	     28.71851560	     53.67576986	      6.35378184	     -1.88114635	     26.99046397	     59.78321749	    -52.81729889	     44.38948375	    100.93369138
     56.99000000	      5.00354402	   -174.09421016	      0.00000000	      0.07229753	      1.37932802	      0.14242792	    -16.42171192	     13.29631805	     28.58104853	     53.59611516	      6.24412575	     -1.96844595	     26.76419017	     59.05570239	    -53.29538079	     46.20796397	    100.91164737
     57.00000000	      4.93182047	   -174.12608512	      0.00000000	      0.07230522	      1.37934524	      0.14254735	    -16.52344958	     13.18189333	     28.38877095	     53.46307957	      6.10026882	     -2.10768509	     26.57850755	     58.41947319	    -53.65827268	     47.98384810	    100.91399605
     57.01000000	      4.99581609	   -174.31426151	      0.00000000	      0.07218194	      1.37916761	      0.14291554	    -16.67189895	     13.20000264	     28.34789926	     53.41110161	      5.99427985	     -2.03525422	     26.44547014	     57.51381775	    -54.23142279	     49.85595383	    101.14210589
     57.02000000	      4.92775912	   -174.29544348	      0.00000000	      0.07221312	      1.37919089	      0.14293950	    -16.75867472	     13.07938494	     28.12045701	     53.22537652	      5.85716898	     -2.24587033	     26.24831775	     56.89018650	    -54.52982220	     51.67027323	    101.28292038
     57.03000000	      4.87949595	   -174.33040820	      0.00000000	      0.07220581	      1.37918960	      0.14304662	    -16.84322958	     12.96580163	     27.90787070	     53.06216052	      5.71844041	     -2.42646046	     26.06050731	     56.22067194	    -54.82621064	     53.49807558	    101.35468204
     57.04000000	      4.85199061	   -174.36054905	      0.00000000	      0.07218742	      1.37921629	      0.14316593	    -16.93656364	     12.83369485	     27.69607885	     52.88617172	      5.57317123	     -2.59881929	     25.87916198	     55.54587612	    -55.09227571	     55.33241753	    101.39514183
     57.05000000	      4.81248905	   -174.46244626	      0.00000000	      0.07212457	      1.37915916	      0.14338381	    -17.03297807	     12.78890459	     27.51906108	     52.74787556	      5.43345293	     -2.71611716	     25.71139934	     54.73328977	    -55.37630440	     57.17935533	    101.48125534
     57.06000000	      4.86381749	   -174.57511737	      0.00000000	      0.07198021	      1.37895336	      0.14371657	    -17.24279316	     12.82626205	     27.43732081	     52.62245349	      5.25140439	     -2.61722550	     25.50695688	     53.80117052	    -55.60376443	     59.05064491	    102.11638631
     57.07000000	      4.78430273	   -174.64882688	      0.00000000	      0.07196190	      1.37900458	      0.14391080	    -17.30029878	     12.70030123	     27.17961772	     52.47051518	      5.11198648	     -2.86826152	     25.31212637	     53.09058633	    -55.76557290	     60.85920596	    102.16667956
     57.08000000	      4.80436266	   -174.74109294	      0.00000000	      0.07183487	      1.37891027	      0.14410867	    -17.42427994	     12.67021063	     27.04478207	     52.30301733	      4.92086092	     -2.85012442	     25.06637951	     52.19036753	    -55.87053960	     62.67877123	    102.44664329
     57.09000000	      4.75892864	   -174.78512619	      0.00000000	      0.07180084	      1.37896914	      0.14427245	    -17.51059428	     12.52149365	     26.78880968	     52.11817787	      4.77075324	     -3.08492115	     24.87349760	     51.47474886	    -55.94808721	     64.43805142	    102.46334602
     57.10000000	      4.77987118	   -174.91111896	      0.00000000	      0.07167004	      1.37887381	      0.14457098	    -17.61362731	     12.48728508	     26.62412065	     51.94097998	      4.60226565	     -3.14580005	     24.65246970	     50.59624194	    -55.96107005	     66.21753452	    102.53683014
     57.11000000	      4.68181268	   -174.91685209	      0.00000000	      0.07164676	      1.37893791	      0.14472575	    -17.73981720	     12.37023918	     26.34338210	     51.72388304	      4.43769713	     -3.40258834	     24.46814368	     49.83888124	    -55.92809186	     67.91699205	    102.53644324
     57.12000000	      4.77969027	   -175.05491296	      0.00000000	      0.07151798	      1.37873039	      0.14509923	    -17.88012470	     12.34862065	     26.25817428	     51.83402260	      4.09812315	     -3.09148453	     23.50792134	     48.90711943	    -55.28967467	     69.65361531	    102.93286959
     57.13000000	      4.75331436	   -175.10578772	      0.00000000	      0.07140461	      1.37878556	      0.14539225	    -18.02820229	     12.20429168	     25.96946618	     51.59859641	      3.94805664	     -3.37944306	     23.42410147	     48.21989141	    -55.21983954	     71.26073921	    102.87534849
     57.14000000	      4.71528481	   -175.16696243	      0.00000000	      0.07129575	      1.37880344	      0.14553132	    -18.09540613	     12.13563174	     25.74968450	     51.31201103	      3.80437983	     -3.56628260	     23.25588198	     47.30108103	    -55.11930732	     72.89356156	    102.81465305
     57.15000000	      4.73649191	   -175.25780608	      0.00000000	      0.07116005	      1.37875995	      0.14586348	    -18.22411850	     12.04239925	     25.50895682	     51.06484646	      3.64014029	     -3.75710664	     23.09702588	     46.51750941	    -54.92542585	     74.43958111	    102.76749443
     57.16000000	      4.77666626	   -175.35578346	      0.00000000	      0.07105387	      1.37860913	      0.14620479	    -18.35823408	     12.03656689	     25.41156318	     51.24748114	      3.18995545	     -3.34061331	     21.64635683	     45.53213854	    -53.63128449	     76.01858695	    102.65437776
     57.17000000	      4.76005940	   -175.38462823	      0.00000000	      0.07094566	      1.37865142	      0.14646955	    -18.49607363	     11.88584788	     25.11202090	     50.95823385	      3.06760850	     -3.67717047	     21.56469765	     44.80118537	    -53.44225651	     77.44551142	    102.60560315
     57.18000000	      4.74255175	   -175.47508269	      0.00000000	      0.07078363	      1.37865444	      0.14673187	    -18.59125486	     11.79572984	     24.84909258	     50.65542540	      2.92750189	     -3.93168465	     21.44951399	     43.96894642	    -53.15356541	     78.82347681	    102.56078355
     57.19000000	      4.77311221	   -175.54989002	      0.00000000	      0.07060971	      1.37861921	      0.14702865	    -18.70364548	     11.68875508	     24.58699200	     50.34920064	      2.78882800	     -4.18543163	     21.30489420	     43.18266446	    -52.80273347	     80.15465847	    102.52451717
     57.20000000	      4.81459792	   -175.66807672	      0.00000000	      0.07049351	      1.37844531	      0.14742372	    -18.79169862	     11.70301391	     24.49552166	     50.68662261	      2.21106566	     -3.59192176	     19.14620945	     42.22931947	    -50.74052694	     81.51876479	    102.31059929
     57.21000000	      4.81034969	   -175.70495904	      0.00000000	      0.07030329	      1.37850441	      0.14770369	    -18.93697894	     11.52883840	     24.19047233	     50.34968863	      2.10705445	     -3.95335615	     19.10630471	     41.49235087	    -50.38412281	     82.69178563	    102.27960061
     57.22000000	      4.82481819	   -175.78730019	      0.00000000	      0.07013002	      1.37846554	      0.14801436	    -19.03951409	     11.43723199	     23.89953088	     50.00531896	      2.00496967	     -4.29219535	     19.01811090	     40.71463530	    -49.91291114	     83.80479548	    102.25795796
     57.23000000	      4.83752777	   -175.88126900	      0.00000000	      0.06992579	      1.37842553	      0.14830443	    -19.11083930	     11.35412742	     23.62231651	     49.64759438	      1.88268043	     -4.58258279	     18.84091526	     39.90815491	    -49.30749691	     84.86610687	    102.24179507
     57.24000000	      4.89891857	   -175.97388659	      0.00000000	      0.06979518	      1.37824475	      0.14873898	    -19.20460719	     11.32162091	     23.55212963	     50.15620229	      1.18682264	     -3.82408698	     15.87037870	     39.09634193	    -46.39197458	     85.96365958	    101.92116593
     57.25000000	      4.91309316	   -176.01735618	      0.00000000	      0.06958943	      1.37828860	      0.14906430	    -19.33792429	     11.15104254	     23.22089455	     49.78679369	      1.12866254	     -4.27224670	     15.87402853	     38.39941096	    -45.87011406	     86.83982290	    101.92303698
     57.26000000	      4.93083893	   -176.09962759	      0.00000000	      0.06934479	      1.37829066	      0.14937746	    -19.42139420	     11.01932794	     22.90913400	     49.38912561	      1.05087524	     -4.66361678	     15.81116476	     37.66758633	    -45.21323606	     87.65388498	    101.93556417
     57.27000000	      4.95581047	   -176.18269812	      0.00000000	      0.06908837	      1.37829466	      0.14970274	    -19.49905203	     10.88347023	     22.60378744	     48.99690025	      0.96750448	     -5.03548765	     15.68311860	     36.94691501	    -44.44312690	     88.39633988	    101.95940459
     57.28000000	      5.02192161	   -176.27625658	      0.00000000	      0.06896152	      1.37806975	      0.15010699	    -19.50295489	     10.86916410	     22.55447907	     49.56795325	      0.16140532	     -4.19149825	     12.00256209	     36.31838656	    -40.78814018	     89.21074820	    101.75672610
     57.29000000	      5.06685520	   -176.32165602	      0.00000000	      0.06870694	      1.37814631	      0.15049035	    -19.67272854	     10.65055556	     22.23493269	     49.19421007	      0.17502794	     -4.69448933	     12.08109623	     35.66999636	    -40.08241185	     89.73943319	    101.78506455
     57.30000000	      5.10160997	   -176.39149239	      0.00000000	      0.06842218	      1.37817866	      0.15084226	    -19.76976245	     10.48583713	     21.91265554	     48.77160927	      0.14212554	     -5.14319489	     12.06836334	     35.01211194	    -39.25749687	     90.21773258	    101.82465827
     57.31000000	      5.18092647	   -176.49387824	      0.00000000	      0.06822655	      1.37798900	      0.15123908	    -19.78826495	     10.44668691	     21.84897927	     49.16341664	     -0.49115442	     -4.48077861	      8.83937678	     34.44688469	    -35.77295773	     90.74766548	    101.70300923
     57.32000000	      5.22080119	   -176.52668101	      0.00000000	      0.06794832	      1.37811195	      0.15166324	    -19.95907032	     10.18752271	     21.49710714	     48.79046632	     -0.45794779	     -5.04727594	      8.97781084	     33.90023172	    -34.99105056	     90.99847418	    101.75606830
     57.33000000	      5.27923285	   -176.59871516	      0.00000000	      0.06774618	      1.37802862	      0.15199574	    -19.94399565	     10.08790387	     21.34253395	     48.91334043	     -0.92726525	     -4.71259457	      6.48573241	     33.43156966	    -32.02288060	     91.36108805	    101.69158025
     57.34000000	      5.33016200	   -176.66787149	      0.00000000	      0.06742442	      1.37812563	      0.15243259	    -20.11621626	      9.84921688	     21.01261776	     48.56949596	     -0.88592146	     -5.24972957	      6.67525744	     32.90219051	    -31.20413136	     91.38654473	    101.75678532
     57.35000000	      5.38754135	   -176.72166433	      0.00000000	      0.06710575	      1.37818852	      0.15281387	    -20.23505431	      9.64390060	     20.69350320	     48.14493477	     -0.85084541	     -5.75791790	      6.80265553	     32.34690726	    -30.27657200	     91.40127281	    101.83240366
     57.36000000	      5.46008626	   -176.78531518	      0.00000000	      0.06679690	      1.37825139	      0.15315669	    -20.31982964	      9.44828783	     20.39789116	     47.71295741	     -0.81161463	     -6.23167248	      6.87075997	     31.81003396	    -29.25148412	     91.31417198	    101.91979477
     57.37000000	      5.53498698	   -176.86128023	      0.00000000	      0.06645790	      1.37830300	      0.15352659	    -20.39907124	      9.25218021	     20.11034449	     47.31086682	     -0.79646916	     -6.66337794	      6.87350440	     31.29517424	    -28.14410849	     91.16008525	    102.01481326
     57.38000000	      5.63302070	   -176.89268403	      0.00000000	      0.06635364	      1.37813758	      0.15400885	    -20.39347886	      9.18353664	     20.27883798	     48.33656868	     -1.84271505	     -5.26757945	      0.80140450	     31.22695048	    -22.11335682	     91.26131709	    101.98600715
     57.39000000	      5.70331421	   -176.92777959	      0.00000000	      0.06603219	      1.37822008	      0.15436484	    -20.51699576	      8.97278262	     19.98008477	     47.93867530	     -1.78474100	     -5.76285926	      0.95777136	     30.75046500	    -21.08545199	     90.90496133	    102.02881927
     57.40000000	      5.78685744	   -176.98377767	      0.00000000	      0.06567775	      1.37831975	      0.15481858	    -20.64882094	      8.75394218	     19.72023572	     47.56455549	     -1.72712369	     -6.19680651	      1.00598887	     30.27735186	    -19.89238322	     90.51339989	    102.09124419
     57.41000000	      5.89843897	   -177.02270462	      0.00000000	      0.06548661	      1.37831570	      0.15525052	    -20.73396941	      8.57857751	     19.72850329	     48.13165486	     -2.25672170	     -5.57594833	     -2.42242708	     30.19766546	    -15.97198786	     90.09176866	    101.83567096
     57.42000000	      5.99982572	   -177.08367772	      0.00000000	      0.06511087	      1.37844777	      0.15570804	    -20.89573207	      8.32457232	     19.46708815	     47.85607530	     -2.17384854	     -6.04303209	     -2.15815482	     29.78856961	    -15.00606748	     89.45263879	    101.92623503
     57.43000000	      6.10420150	   -177.10217205	      0.00000000	      0.06484733	      1.37849118	      0.15613188	    -21.02417863	      8.16099746	     19.42570788	     48.09538199	     -2.47895900	     -5.76175990	     -4.31130098	     29.57238238	    -12.03821652	     88.85263149	    101.81431391
     57.44000000	      6.22164817	   -177.15998898	      0.00000000	      0.06447631	      1.37865633	      0.15658463	    -21.18719919	      7.89302945	     19.19370238	     47.87292537	     -2.38451945	     -6.19853627	     -4.02940053	     29.18226499	    -11.08950131	     88.05410642	    101.90571946
     57.45000000	      6.33163733	   -177.16528330	      0.00000000	      0.06419757	      1.37873752	      0.15704458	    -21.35921911	      7.71991038	     19.17712482	     48.15339767	     -2.64842437	     -5.94059260	     -5.98825030	     28.96611035	     -8.27146095	     87.27260225	    101.70636593
     57.46000000	      6.45475938	   -177.22972179	      0.00000000	      0.06381198	      1.37891827	      0.15751996	    -21.52564600	      7.45012294	     18.96788612	     48.00286214	     -2.55974167	     -6.33952551	     -5.68033962	     28.60119090	     -7.35389727	     86.31232611	    101.80173647
     57.47000000	      6.55284831	   -177.22787319	      0.00000000	      0.06343204	      1.37909327	      0.15793197	    -21.74881819	      7.26947198	     18.82192213	     47.85622828	     -2.48828962	     -6.62381107	     -5.55103294	     28.11086434	     -6.26166517	     85.27569658	    101.86610560
     57.48000000	      6.73125565	   -177.22689990	      0.00000000	      0.06317079	      1.37921199	      0.15849167	    -21.96397755	      7.03479993	     18.91130582	     48.43971166	     -2.83022333	     -6.12188387	     -8.14993625	     28.06476041	     -2.95207389	     84.29558725	    101.43023781
     57.49000000	      6.86901427	   -177.25669008	      0.00000000	      0.06278227	      1.37944410	      0.15896571	    -22.17458558	      6.77435843	     18.76883067	     48.36309676	     -2.73629793	     -6.43256156	     -7.84020364	     27.66013131	     -2.05375021	     83.12450805	    101.51957706
     57.50000000	      7.01297805	   -177.26015852	      0.00000000	      0.06239271	      1.37965477	      0.15944932	    -22.43684845	      6.54787429	     18.67335996	     48.35446426	     -2.64913169	     -6.66703905	     -7.62483026	     27.20185175	     -1.07741708	     81.87140937	    101.57451657
     57.51000000	      7.17999537	   -177.27088556	      0.00000000	      0.06199577	      1.37988400	      0.15995528	    -22.69468217	      6.29608458	     18.59944216	     48.41534699	     -2.57165201	     -6.86078985	     -7.47283744	     26.78343433	     -0.07691556	     80.56174789	    101.59897735
     57.52000000	      7.35281320	   -177.22138314	      0.00000000	      0.06172296	      1.38009646	      0.16053702	    -22.99330298	      6.05511854	     18.74619844	     49.15867337	     -2.90618764	     -6.25873399	    -10.11393105	     26.72730118	      3.22657584	     79.30310618	    100.72399864
     57.53000000	      7.55079929	   -177.23260059	      0.00000000	      0.06129300	      1.38034235	      0.16108576	    -23.28374268	      5.79731081	     18.71204227	     49.21324187	     -2.79018955	     -6.44187523	     -9.76358524	     26.25697838	      4.09152354	     77.87957036	    100.81940698
     57.54000000	      7.71182061	   -177.20325934	      0.00000000	      0.06091042	      1.38062392	      0.16160681	    -23.56992852	      5.54274323	     18.65930237	     49.40859602	     -2.74520501	     -6.57791527	     -9.63982380	     25.82574426	      4.93984491	     76.41375381	    100.80721890
     57.55000000	      7.79179945	   -177.27602704	      0.00000000	      0.06054461	      1.38104249	      0.16205704	    -23.65296865	      5.21337747	     18.51319967	     49.54932269	     -2.71681379	     -6.83632952	     -9.35282992	     25.54106608	      5.64132981	     74.94454892	    100.87629183
     57.56000000	      8.05968852	   -177.16317049	      0.00000000	      0.06009482	      1.38119227	      0.16267014	    -24.18898146	      5.04131535	     18.63590647	     49.81988403	     -2.61921078	     -6.76788381	     -9.20697709	     24.90268593	      6.61604822	     73.31048807	    100.75514947
     57.57000000	      8.25361176	   -177.21765211	      0.00000000	      0.05967468	      1.38153684	      0.16320890	    -24.39495205	      4.71550051	     18.62005074	     50.05364761	     -2.55318160	     -6.87528676	     -8.95337786	     24.54087922	      7.43105950	     71.73258337	    100.72665453
     57.58000000	      8.39232174	   -177.23564587	      0.00000000	      0.05924121	      1.38192348	      0.16368724	    -24.61355117	      4.41248610	     18.59199743	     50.29000457	     -2.52151761	     -6.96162083	     -8.71131075	     24.13511816	      8.15566193	     70.10759239	    100.70073732
     57.59000000	      8.60975466	   -177.07894567	      0.00000000	      0.05898953	      1.38206811	      0.16425322	    -25.07512123	      4.22853505	     18.80212793	     51.10115869	     -2.76593272	     -6.35696153	    -10.71549896	     23.88998921	     10.94649459	     68.43842989	     98.52819611
     57.60000000	      8.78482649	   -177.05598167	      0.00000000	      0.05858955	      1.38231505	      0.16472464	    -25.35348988	      4.00312519	     18.82044377	     51.39110417	     -2.73986546	     -6.36979199	    -10.42119866	     23.41819520	     11.60022595	     66.73816408	     98.62169562
     57.61000000	      8.95182397	   -177.06501709	      0.00000000	      0.05819248	      1.38258672	      0.16517345	    -25.57855666	      3.75102318	     18.83461147	     51.67675011	     -2.71600566	     -6.38497912	    -10.10005471	     22.97792387	     12.23595560	     65.02391270	     98.64144841
     57.62000000	      9.07870879	   -177.08521579	      0.00000000	      0.05781149	      1.38288075	      0.16558464	    -25.76694977	      3.50157582	     18.83220795	     51.97520310	     -2.70466896	     -6.41143814	     -9.76041947	     22.55409424	     12.85309722	     63.29244964	     98.63168906
     57.63000000	      9.21307532	   -177.06675357	      0.00000000	      0.05745604	      1.38308976	      0.16595394	    -25.98686624	      3.31156474	     18.84886881	     52.28480845	     -2.71238183	     -6.38328241	     -9.42369892	     22.09005546	     13.44016845	     61.52978973	     98.56077787
     57.64000000	      9.35103763	   -177.01938506	      0.00000000	      0.05718773	      1.38323266	      0.16624652	    -26.17157907	      3.15431834	     18.85570330	     52.59915581	     -2.73377210	     -6.35556258	     -9.08955225	     21.64374834	     13.99933793	     59.77612181	     98.42970304
     57.65000000	      9.44943705	   -177.02603183	      0.00000000	      0.05682437	      1.38342053	      0.16655928	    -26.34802315	      2.97463563	     18.86662457	     52.90677812	     -2.76838449	     -6.30183244	     -8.72053721	     21.19534979	     14.56432624	     57.99166514	     98.27282188
     57.66000000	      9.59714021	   -176.91522458	      0.00000000	      0.05656331	      1.38343914	      0.16688023	    -26.67325508	      2.86959214	     18.92006518	     53.30232978	     -2.79981820	     -6.18634943	     -8.32358987	     20.69488791	     15.15945510	     56.16547199	     97.22391205
     57.67000000	      9.52615518	   -176.89749622	      0.00000000	      0.05644183	      1.38381530	      0.16688442	    -26.55460544	      2.66142156	     18.76759340	     53.51027681	     -2.88818038	     -6.32804484	     -8.04365412	     20.41390774	     15.61340820	     54.53451117	     97.19180813
     57.68000000	      9.69227367	   -176.94194727	      0.00000000	      0.05598708	      1.38362575	      0.16721895	    -26.86315351	      2.68013069	     18.88394450	     53.80799135	     -2.92513698	     -6.09830513	     -7.10925129	     19.84305641	     16.32151911	     52.49889551	     94.06583576
     57.69000000	      9.74760349	   -176.98003767	      0.00000000	      0.05573603	      1.38369276	      0.16735103	    -26.88601425	      2.57732774	     18.87479471	     54.08052502	     -3.00180212	     -6.01775927	     -6.66416552	     19.44603304	     16.84669731	     50.75747676	     94.06824648
     57.70000000	      9.77439832	   -176.99127650	      0.00000000	      0.05550307	      1.38369772	      0.16744501	    -26.93263438	      2.53115608	     18.86521881	     54.35466142	     -3.09549716	     -5.91483696	     -6.17868037	     19.02090083	     17.35315641	     49.01462510	     93.94709300
     57.71000000	      9.79776838	   -177.00400717	      0.00000000	      0.05528819	      1.38368210	      0.16750328	    -26.96011060	      2.49556392	     18.85327845	     54.61858442	     -3.19267405	     -5.81037532	     -5.64585822	     18.60425238	     17.84880484	     47.28409205	     93.70401459
     57.72000000	      9.80228547	   -177.01875002	      0.00000000	      0.05506206	      1.38365795	      0.16751661	    -27.00447383	      2.47409896	     18.79673523	     54.72145156	     -3.19659312	     -5.91937392	     -3.99940514	     18.14921582	     17.88901794	     45.44767436	     90.52940295
     57.73000000	      9.81914173	   -177.07616996	      0.00000000	      0.05486780	      1.38361482	      0.16755254	    -26.95433549	      2.43345747	     18.77787679	     54.99170153	     -3.30171213	     -5.81450216	     -3.45056473	     17.78594476	     18.39820053	     43.79920109	     90.53643964
     57.74000000	      9.70868241	   -176.98186987	      0.00000000	      0.05495319	      1.38387452	      0.16733173	    -26.76702881	      2.28287000	     18.61523260	     55.19364586	     -3.40652290	     -5.95554543	     -3.16590718	     17.51872311	     18.75410383	     42.36513761	     90.55120870
     57.75000000	      9.77753967	   -177.15750735	      0.00000000	      0.05448667	      1.38348205	      0.16747313	    -26.88006840	      2.45199689	     18.66198409	     55.27929400	     -3.40231256	     -5.89557150	     -0.65196783	     16.97773081	     18.55658659	     40.43568525	     87.35029432
     57.76000000	      9.75611516	   -177.20589303	      0.00000000	      0.05433244	      1.38339460	      0.16742098	    -26.79199243	      2.46199165	     18.63740250	     55.49932788	     -3.50719688	     -5.79724027	     -0.01429312	     16.61171338	     19.09028395	     38.91570459	     87.35157775
     57.77000000	      9.73851156	   -177.27242503	      0.00000000	      0.05418517	      1.38328330	      0.16737583	    -26.69139388	      2.47627716	     18.61418699	     55.72072669	     -3.60933180	     -5.69961044	      0.66394158	     16.25786093	     19.62990307	     37.44997625	     87.21014437
     57.78000000	      9.71322038	   -177.34227160	      0.00000000	      0.05400174	      1.38316256	      0.16730182	    -26.59181463	      2.52028512	     18.59536985	     55.91498409	     -3.71232351	     -5.59106075	      1.44377256	     15.89612499	     20.18897529	     36.00729738	     86.88092747
     57.79000000	      9.64246112	   -177.37742361	      0.00000000	      0.05388416	      1.38300951	      0.16716644	    -26.47800819	      2.60081694	     18.53581986	     56.03612502	     -3.81299320	     -5.55270791	      2.43963962	     15.54955731	     20.66808618	     34.63964106	     85.99500320
     57.80000000	      9.52531074	   -177.34555698	      0.00000000	      0.05399295	      1.38320926	      0.16697252	    -26.25118522	      2.47604208	     18.40047842	     56.27782395	     -3.87458068	     -5.71520181	      2.83000751	     15.27383739	     21.04551980	     33.52598714	     85.89761867
     57.81000000	      9.56811641	   -177.55167126	      0.00000000	      0.05361156	      1.38280754	      0.16696332	    -26.19067472	      2.63274028	     18.37116914	     56.11989494	     -3.77982347	     -5.89807454	      6.45979447	     14.92765523	     20.72212433	     31.99182168	     80.21092691
     57.82000000	      9.51791273	   -177.60819075	      0.00000000	      0.05350326	      1.38264289	      0.16683346	    -26.04489808	      2.71300224	     18.33421534	     56.20054581	     -3.86568884	     -5.83894809	      7.31955996	     14.59863211	     21.22614768	     30.88101606	     80.21772889
     57.83000000	      9.46142062	   -177.66022103	      0.00000000	      0.05341801	      1.38257949	      0.16668168	    -25.89305871	      2.74411551	     18.25801375	     56.11294016	     -3.76083709	     -6.15921538	      9.98594770	     14.23493257	     20.54283244	     29.75785167	     78.02469682
     57.84000000	      9.43376129	   -177.78747319	      0.00000000	      0.05331372	      1.38238754	      0.16660620	    -25.68392609	      2.79802686	     18.21410061	     56.23638460	     -3.84602107	     -6.11535542	     10.72959540	     13.98607314	     21.10347044	     28.86453849	     78.09407384
     57.85000000	      9.37648164	   -177.88709552	      0.00000000	      0.05324846	      1.38224123	      0.16653077	    -25.49534969	      2.85480496	     18.18075434	     56.36784410	     -3.89260356	     -6.11053864	     11.41216934	     13.67730896	     21.67135628	     28.09651990	     78.06407789
     57.86000000	      9.30444848	   -177.97349198	      0.00000000	      0.05314192	      1.38211272	      0.16637090	    -25.31605092	      2.93280277	     18.09257229	     56.21321120	     -3.83204476	     -6.36782804	     13.87667671	     13.43566187	     21.41206339	     27.23986989	     75.30103774
     57.87000000	      9.17254712	   -177.98111046	      0.00000000	      0.05323399	      1.38209350	      0.16625834	    -25.12625866	      2.95316288	     17.99234977	     56.39230569	     -3.88072126	     -6.48415162	     14.21641171	     13.15053721	     21.75998873	     26.76226735	     75.38257489
     57.88000000	      9.19962164	   -178.15841142	      0.00000000	      0.05303274	      1.38175593	      0.16613116	    -24.90178582	      3.10189682	     18.01456762	     56.25421315	     -3.93169947	     -6.35534028	     15.16501175	     12.90775882	     22.52267776	     26.10089514	     75.34295896
     57.89000000	      9.12108332	   -178.27655678	      0.00000000	      0.05298129	      1.38167140	      0.16605212	    -24.70490518	      3.14002596	     17.93373431	     56.20830344	     -3.84546131	     -6.65367824	     17.26828824	     12.70444772	     22.23262345	     25.59683115	     73.09724461
     57.90000000	      9.07922806	   -178.41272500	      0.00000000	      0.05292387	      1.38149132	      0.16594691	    -24.45988778	      3.24110205	     17.92552726	     56.16256837	     -3.86999307	     -6.63726547	     17.76906852	     12.41041269	     22.70879776	     25.26122877	     73.42453021
     57.91000000	      9.02483451	   -178.51681829	      0.00000000	      0.05288551	      1.38128906	      0.16584612	    -24.26653617	      3.35086971	     17.89654182	     56.12615127	     -3.90294954	     -6.64126994	     18.29125158	     12.18052326	     23.19256909	     24.99649367	     73.68010642
     57.92000000	      8.96803694	   -178.62498194	      0.00000000	      0.05285567	      1.38111262	      0.16575385	    -24.06947917	      3.44913093	     17.86798910	     56.08914598	     -3.92168010	     -6.66689033	     18.78007304	     11.95754956	     23.64241390	     24.80703419	     73.85255200
     57.93000000	      8.90546236	   -178.72090228	      0.00000000	      0.05282509	      1.38093324	      0.16567182	    -23.89777416	      3.55962464	     17.83837759	     56.04128394	     -3.94200190	     -6.69283209	     19.26437527	     11.74896612	     24.07579874	     24.66620494	     73.93164668
     57.94000000	      8.85561801	   -178.82245535	      0.00000000	      0.05279920	      1.38072293	      0.16558232	    -23.72984640	      3.67211156	     17.81323979	     55.97474641	     -3.95402536	     -6.72305437	     19.74398083	     11.56135240	     24.48667219	     24.60412285	     73.89457057
     57.95000000	      8.80001234	   -178.97910044	      0.00000000	      0.05275900	      1.38058109	      0.16549922	    -23.49002411	      3.75508669	     17.79130028	     55.88977701	     -3.93877122	     -6.78606377	     20.13044311	     11.36335207	     24.86094387	     24.60464090	     73.97536748
     57.96000000	      8.72719060	   -179.11106288	      0.00000000	      0.05276767	      1.38046377	      0.16536704	    -23.24231501	      3.84459671	     17.74634370	     55.79106031	     -3.93750279	     -6.86699418	     20.43918486	     11.19854890	     25.18350037	     24.65481822	     74.08558041
     57.97000000	      8.66154280	   -179.24429123	      0.00000000	      0.05275103	      1.38030458	      0.16529580	    -23.04371445	      3.95042218	     17.72582355	     55.69131554	     -3.92783328	     -6.92036147	     20.77279465	     11.02333664	     25.53345626	     24.71468890	     74.19925640
     57.98000000	      8.59574802	   -179.37674044	      0.00000000	      0.05270146	      1.38014877	      0.16521611	    -22.85498218	      4.06002673	     17.69379454	     55.57655926	     -3.93228357	     -6.97162808	     21.05277459	     10.87899054	     25.83322035	     24.82471092	     74.30148614
     57.99000000	      8.57990564	   -179.46210836	      0.00000000	      0.05265771	      1.37987060	      0.16518643	    -22.78391412	      4.20645739	     17.69959188	     55.49683753	     -3.93528100	     -6.95763049	     21.36119748	     10.74414869	     26.15472690	     24.95335361	     74.30180332
     58.00000000	      8.49810101	   -179.60883921	      0.00000000	      0.05269599	      1.37984073	      0.16489412	    -22.36295944	      4.24738140	     17.54139393	     55.17787378	     -3.97852731	     -7.15805949	     21.39709170	     10.79109559	     26.24578732	     25.18926179	     74.46672767
     58.01000000	      8.48104690	   -179.76479812	      0.00000000	      0.05255929	      1.37958099	      0.16505776	    -22.39832081	      4.40203659	     17.65829765	     55.23422488	     -3.90049372	     -7.07807239	     21.76908746	     10.50193160	     26.64010240	     25.30801240	     74.53905273
     58.02000000	      8.45216094	   -179.87408323	      0.00000000	      0.05249363	      1.37937750	      0.16501700	    -22.29464034	      4.52382156	     17.64989885	     55.13082913	     -3.89945416	     -7.09396490	     21.94509560	     10.40088755	     26.85255761	     25.48984767	     74.57268891
     58.03000000	      8.42144546	   -180.01413927	      0.00000000	      0.05243418	      1.37924067	      0.16497038	    -22.15377642	      4.62170797	     17.64748133	     55.02722237	     -3.87147900	     -7.13378330	     22.09658358	     10.29376788	     27.05378691	     25.68353324	     74.63558963
     58.04000000	      8.37294455	   -180.13098117	      0.00000000	      0.05234397	      1.37905670	      0.16496532	    -22.06038078	      4.73993270	     17.62516177	     54.92366534	     -3.87980212	     -7.15680997	     22.19888572	     10.21106512	     27.20992852	     25.87054872	     74.66064162
     58.05000000	      8.31149209	   -180.27800611	      0.00000000	      0.05233729	      1.37900454	      0.16478540	    -21.72929946	      4.77432242	     17.47392430	     54.61305692	     -3.91554286	     -7.35074444	     22.15554690	     10.32620115	     27.22371407	     26.15931078	     74.79426448
     58.06000000	      8.31191630	   -180.38542453	      0.00000000	      0.05219068	      1.37876872	      0.16492061	    -21.83996090	      4.93363340	     17.59748070	     54.72336825	     -3.85575725	     -7.22449629	     22.33456300	     10.06687049	     27.45273748	     26.24693265	     74.80549590
     58.07000000	      8.25354658	   -180.53050664	      0.00000000	      0.05214374	      1.37872894	      0.16481720	    -21.60608586	      4.97863644	     17.50399327	     54.51590723	     -3.86662129	     -7.35904910	     22.32058012	     10.10856280	     27.48450646	     26.45567073	     74.90984936
     58.08000000	      8.20779792	   -180.69396209	      0.00000000	      0.05201345	      1.37869807	      0.16474509	    -21.39183314	      4.99571963	     17.39950709	     54.26497003	     -3.88462499	     -7.49718759	     22.27924512	     10.19203672	     27.49074293	     26.69307443	     75.02326738
     58.09000000	      8.25302526	   -180.81441063	      0.00000000	      0.05185353	      1.37843827	      0.16491716	    -21.52801309	      5.15059589	     17.57330495	     54.43491439	     -3.79285878	     -7.33773164	     22.41817214	      9.90485845	     27.66532463	     26.75978467	     75.09062128
     58.10000000	      8.24550921	   -180.93715444	      0.00000000	      0.05174870	      1.37830543	      0.16494253	    -21.44459543	      5.23373707	     17.56052998	     54.36019487	     -3.78541507	     -7.36413883	     22.39111162	      9.87116445	     27.69390999	     26.91105279	     75.17737646
     58.11000000	      8.22782740	   -181.08148809	      0.00000000	      0.05160015	      1.37823078	      0.16494532	    -21.37216744	      5.28724016	     17.55753237	     54.29302437	     -3.76841981	     -7.38797002	     22.35833820	      9.83279461	     27.72072010	     27.02134970	     75.28772882
     58.12000000	      8.23883450	   -181.20174103	      0.00000000	      0.05145617	      1.37808707	      0.16499531	    -21.34282419	      5.35864810	     17.56294698	     54.25683306	     -3.76152692	     -7.38417340	     22.29168901	      9.80218489	     27.72127041	     27.13310794	     75.39806585
     58.13000000	      8.23633455	   -181.32468036	      0.00000000	      0.05130013	      1.37799918	      0.16503460	    -21.30776577	      5.41422289	     17.55760111	     54.22219386	     -3.75688295	     -7.39588503	     22.20622001	      9.78334559	     27.71234963	     27.22566389	     75.51323335
     58.14000000	      8.23008197	   -181.48347413	      0.00000000	      0.05114128	      1.37796406	      0.16503695	    -21.20847238	      5.43908162	     17.54464893	     54.14612939	     -3.73625265	     -7.44369503	     22.14246246	      9.78876569	     27.71435691	     27.31116114	     75.64645797
