IKResults
version=1
nRows=6338
nColumns=18
inDegrees=yes

Units are S.I. units (second, meters, Newtons, ...)
If the header above contains a line with 'inDegrees', this indicates whether rotational values are in degrees (yes) or radians (no).

endheader
time	TH_x	TH_y	TH_z	TH_x_trans	TH_y_trans	TH_z_trans	SC_y	SC_z	SC_x	AC_y	AC_z	AC_x	GH_y	GH_z	GH_yy	EL_x	PS_y
     25.54000000	     13.80379505	   -170.56066046	      0.00000000	      0.08447027	      1.15846540	     -0.12362769	    -37.78372461	      1.68830988	     20.24389528	     45.13515273	     -7.56515067	     -4.48116011	     18.45892360	     22.08653383	    -15.18878949	     98.25260744	    105.10721468
     25.55000000	     13.87173000	   -170.48922740	      0.00000000	      0.08523298	      1.15825759	     -0.12388572	    -37.78014333	      1.76204948	     20.39159560	     45.54267702	     -7.83070254	     -4.05914254	     18.95559257	     22.27401415	    -15.13625393	     98.21489693	    105.05736654
     25.56000000	     13.78339366	   -170.32274709	      0.00000000	      0.08627874	      1.15845878	     -0.12432356	    -37.68677586	      1.81812630	     20.47470014	     45.86710912	     -8.00888448	     -3.80515520	     19.29125012	     22.36860451	    -15.05583857	     98.30531814	    105.05077146
     25.57000000	     13.83668794	   -170.24350966	      0.00000000	      0.08709430	      1.15831241	     -0.12460209	    -37.65335387	      1.88424808	     20.62115707	     46.29424011	     -8.27012918	     -3.38673998	     19.77409271	     22.59925692	    -15.13677351	     98.13255390	    105.03928853
     25.58000000	     13.82805822	   -170.13743923	      0.00000000	      0.08796945	      1.15833034	     -0.12491722	    -37.59045740	      1.94046268	     20.75070144	     46.68612988	     -8.47525999	     -3.04271348	     20.27086977	     22.77183926	    -15.28964803	     97.97873284	    105.03392281
     25.59000000	     13.79163654	   -170.11531648	      0.00000000	      0.08858826	      1.15848569	     -0.12529464	    -37.62285840	      2.07610794	     20.35901032	     45.67820797	     -7.37282641	     -4.57647094	     29.70352892	     23.04258681	    -23.08996483	     97.09890203	    105.21274892
     25.60000000	     13.75122674	   -169.97067797	      0.00000000	      0.08953887	      1.15856136	     -0.12568694	    -37.53583023	      2.13684017	     20.47736857	     46.04891023	     -7.60139461	     -4.22212110	     29.92713000	     23.29508205	    -23.08508493	     96.85519999	    105.24886500
     25.61000000	     13.77015353	   -169.90768080	      0.00000000	      0.09023717	      1.15852338	     -0.12591838	    -37.52679499	      2.23540607	     20.46589549	     46.05252571	     -7.36299205	     -4.34360617	     33.06084137	     23.57705879	    -25.66468111	     96.31367993	    105.93436493
     25.62000000	     13.71583365	   -169.77167063	      0.00000000	      0.09116693	      1.15864005	     -0.12630384	    -37.41538479	      2.28196040	     20.58069081	     46.43039276	     -7.58316040	     -4.00031651	     33.24103764	     23.88449720	    -25.70290395	     95.94366097	    105.94076728
     25.63000000	     13.69614944	   -169.66632302	      0.00000000	      0.09199064	      1.15866582	     -0.12657256	    -37.32855026	      2.33714824	     20.72863342	     46.85165433	     -7.80773988	     -3.60765932	     33.46674001	     24.19076452	    -25.80296392	     95.49030182	    105.94636079
     25.64000000	     13.68232324	   -169.55625835	      0.00000000	      0.09284270	      1.15870378	     -0.12685786	    -37.23934547	      2.38776590	     20.89709033	     47.26419291	     -8.00900309	     -3.20572900	     33.71044236	     24.48432565	    -25.97443754	     94.97509313	    105.94836298
     25.65000000	     13.65995183	   -169.44420085	      0.00000000	      0.09368966	      1.15874617	     -0.12713290	    -37.14842494	      2.45092163	     21.06910583	     47.67973720	     -8.20305481	     -2.80370097	     33.97301756	     24.78325356	    -26.19826488	     94.39087192	    105.94833807
     25.66000000	     13.71453535	   -169.43853535	      0.00000000	      0.09416941	      1.15869321	     -0.12730219	    -37.18441778	      2.59013494	     20.82974175	     46.93431063	     -7.19219590	     -3.88528072	     41.27433180	     25.56765295	    -32.37023056	     93.08851337	    105.72317243
     25.67000000	     13.70164747	   -169.33651157	      0.00000000	      0.09498905	      1.15872537	     -0.12754817	    -37.07987692	      2.63307876	     21.00130470	     47.36033824	     -7.38607889	     -3.48190952	     41.39056102	     25.95113897	    -32.53536239	     92.38578672	    105.77825687
     25.68000000	     13.70454259	   -169.23837459	      0.00000000	      0.09577095	      1.15876241	     -0.12775131	    -36.98811363	      2.68822554	     21.20579077	     47.78650842	     -7.53944025	     -3.06933367	     41.64411564	     26.28229212	    -32.86787570	     91.60911922	    105.82480633
     25.69000000	     13.68039652	   -169.17470378	      0.00000000	      0.09642386	      1.15881477	     -0.12802055	    -36.92975549	      2.81298558	     21.17159537	     47.48586860	     -7.03440289	     -3.55955117	     45.62647838	     27.04007631	    -36.36438661	     90.40240203	    106.05661088
     25.70000000	     13.66468966	   -169.05645075	      0.00000000	      0.09721440	      1.15886588	     -0.12826206	    -36.83044205	      2.86013850	     21.36200730	     47.90480740	     -7.20344734	     -3.14657322	     45.70065526	     27.45326278	    -36.57739050	     89.51226860	    106.08124082
     25.71000000	     13.61176075	   -168.92254347	      0.00000000	      0.09806806	      1.15895676	     -0.12854678	    -36.70994357	      2.93671021	     21.54651091	     48.30179061	     -7.36020021	     -2.75049918	     45.78315602	     27.84872608	    -36.83280714	     88.57363280	    106.09235633
     25.72000000	     13.64288345	   -168.88642731	      0.00000000	      0.09862548	      1.15894033	     -0.12866365	    -36.67158158	      3.03894146	     21.59666772	     48.07672581	     -6.84220946	     -3.19372782	     49.41715842	     28.70538454	    -40.07303657	     87.15882968	    105.85632936
     25.73000000	     13.58745861	   -168.73889340	      0.00000000	      0.09946792	      1.15907894	     -0.12898287	    -36.54311228	      3.10801423	     21.78112363	     48.44786667	     -6.99431121	     -2.79542981	     49.40798862	     29.13062062	    -40.29058138	     86.10612311	    105.89049407
     25.74000000	     13.60155870	   -168.64484551	      0.00000000	      0.10018698	      1.15907583	     -0.12910637	    -36.44579718	      3.15952889	     22.01408463	     48.88625136	     -7.11229758	     -2.36700858	     49.50424230	     29.58278176	    -40.61796831	     84.96520853	    105.90673060
     25.75000000	     13.53513877	   -168.52281618	      0.00000000	      0.10097746	      1.15928993	     -0.12934712	    -36.37625780	      3.27169335	     22.21456489	     49.02797690	     -6.90208282	     -2.30241763	     51.00642701	     30.03913559	    -42.17805674	     83.61860052	    105.77132536
     25.76000000	     13.53996132	   -168.39681345	      0.00000000	      0.10173626	      1.15922967	     -0.12954043	    -36.24097291	      3.34359405	     22.39198787	     49.39749598	     -7.04690148	     -1.91221728	     51.03732951	     30.62129347	    -42.50421272	     82.39995380	    105.78889412
     25.77000000	     13.56023868	   -168.34959565	      0.00000000	      0.10228203	      1.15930612	     -0.12966306	    -36.16383117	      3.42115371	     22.42230361	     48.97337812	     -6.39488093	     -2.58911999	     54.72664417	     31.81151032	    -45.79345908	     80.64802691	    105.49822713
     25.78000000	     13.55021002	   -168.23170072	      0.00000000	      0.10301148	      1.15936413	     -0.12980214	    -36.04954802	      3.48509371	     22.66130979	     49.39278514	     -6.49127552	     -2.16235243	     54.70040750	     32.27507397	    -46.09957950	     79.31049252	    105.54751187
     25.79000000	     13.42048976	   -168.03306309	      0.00000000	      0.10392328	      1.15963030	     -0.13023000	    -35.87105224	      3.58778899	     22.84185565	     49.72485409	     -6.59596330	     -1.80394165	     54.59212320	     32.68936009	    -46.40854404	     77.97572466	    105.57253377
     25.80000000	     13.51402758	   -168.01102335	      0.00000000	      0.10436839	      1.15954561	     -0.13010918	    -35.84640418	      3.65706824	     22.98547459	     49.53188069	     -6.06426916	     -2.16698985	     57.34200741	     33.78110884	    -48.95093516	     76.12963350	    105.41282294
     25.81000000	     13.42153412	   -167.83603163	      0.00000000	      0.10519817	      1.15972794	     -0.13039401	    -35.68560147	      3.74412331	     23.17858174	     49.90084327	     -6.17024690	     -1.78661967	     57.18024204	     34.23842596	    -49.23719319	     74.71490063	    105.44877241
     25.82000000	     13.51905075	   -167.75089321	      0.00000000	      0.10585910	      1.15963604	     -0.13030901	    -35.61010732	      3.78314088	     23.47513122	     50.32870746	     -6.15292698	     -1.39258120	     57.29485107	     34.79306156	    -49.66616070	     73.16081375	    105.46388669
     25.83000000	     13.47038677	   -167.58193903	      0.00000000	      0.10667385	      1.15976844	     -0.13050431	    -35.46756894	      3.86191353	     23.69242188	     50.65674292	     -6.18485255	     -1.05181672	     57.29797574	     35.28249596	    -50.08205329	     71.64616993	    105.47036980
     25.84000000	     13.47978196	   -167.44064737	      0.00000000	      0.10737123	      1.15983535	     -0.13058050	    -35.35269489	      3.92294777	     23.93504571	     51.00964955	     -6.17963877	     -0.71717303	     57.40687740	     35.82297531	    -50.56057997	     70.04152301	    105.46336779
     25.85000000	     13.44723014	   -167.33769910	      0.00000000	      0.10792085	      1.15996632	     -0.13071686	    -35.26414898	      4.04072284	     23.95750869	     50.46276437	     -5.46617798	     -1.44316911	     60.61301698	     37.17030202	    -53.57048074	     67.92171805	    105.03758975
     25.86000000	     13.43956069	   -167.18571209	      0.00000000	      0.10864827	      1.16007567	     -0.13077668	    -35.13682875	      4.08354889	     24.19356806	     50.83727954	     -5.48631836	     -1.08435412	     60.48300782	     37.68877606	    -53.86080159	     66.29114369	    105.09924270
     25.87000000	     13.40545892	   -167.04053209	      0.00000000	      0.10931246	      1.16025775	     -0.13089191	    -35.00702900	      4.14531016	     24.32572636	     50.78917410	     -5.17894556	     -1.21593841	     61.68642073	     38.57416130	    -55.26409956	     64.43516895	    105.10124572
     25.88000000	     13.41194954	   -166.87487785	      0.00000000	      0.11005917	      1.16028966	     -0.13092347	    -34.88997627	      4.21847672	     24.56496646	     51.15550508	     -5.19276894	     -0.85237719	     61.54746560	     39.09104597	    -55.57213007	     62.76538445	    105.14817455
     25.89000000	     13.38539926	   -166.72015945	      0.00000000	      0.11071682	      1.16046188	     -0.13103508	    -34.74364027	      4.27196527	     24.68667730	     51.10667510	     -4.90712964	     -0.98242016	     62.60089401	     40.00110941	    -56.86644160	     60.87228514	    105.07049155
     25.90000000	     13.40995925	   -166.54455136	      0.00000000	      0.11147175	      1.16049409	     -0.13103825	    -34.63794589	      4.34212784	     24.94010366	     51.46758660	     -4.89519960	     -0.62514214	     62.43371262	     40.48785023	    -57.15113745	     59.17195416	    105.11687639
     25.91000000	     13.40343346	   -166.36746136	      0.00000000	      0.11213957	      1.16060003	     -0.13104925	    -34.52616307	      4.38335870	     25.15402169	     51.78127421	     -4.88517864	     -0.32086311	     62.38212242	     41.03380356	    -57.54686777	     57.42263210	    105.13766611
     25.92000000	     13.36977613	   -166.18792095	      0.00000000	      0.11278503	      1.16076637	     -0.13117567	    -34.37324685	      4.44982158	     25.23231730	     51.56442970	     -4.53234233	     -0.61662310	     63.66593635	     42.07950481	    -59.01219569	     55.44471518	    104.97161289
     25.93000000	     13.38805396	   -166.01860695	      0.00000000	      0.11349198	      1.16083481	     -0.13111014	    -34.27034621	      4.49202447	     25.47154630	     51.93417299	     -4.50785195	     -0.29114605	     63.48792617	     42.57830385	    -59.30634093	     53.69599686	    105.02026423
     25.94000000	     13.37976809	   -165.81846586	      0.00000000	      0.11419233	      1.16097609	     -0.13113067	    -34.14273300	      4.53883287	     25.66254408	     52.20339516	     -4.48570992	     -0.02964696	     63.39267388	     43.10910865	    -59.68183581	     51.95525765	    105.04357582
     25.95000000	     13.40101293	   -165.63182648	      0.00000000	      0.11487831	      1.16104618	     -0.13110140	    -34.02464093	      4.57727154	     25.85910042	     52.45267309	     -4.42159048	      0.18902730	     63.37631458	     43.68811767	    -60.09300407	     50.19560083	    105.05285304
     25.96000000	     13.34926091	   -165.42964133	      0.00000000	      0.11552165	      1.16129734	     -0.13123036	    -33.84470508	      4.58612775	     25.87318740	     52.20883474	     -4.09669386	     -0.17410590	     64.40507058	     44.80025159	    -61.28294120	     48.21641734	    104.88199010
     25.97000000	     13.27320183	   -165.20201255	      0.00000000	      0.11629845	      1.16145434	     -0.13138259	    -33.67630340	      4.69433650	     26.05171184	     52.49838302	     -4.13704405	      0.14737437	     64.12004820	     45.15028561	    -61.63276205	     46.57519865	    104.90804366
     25.98000000	     13.35456943	   -165.04011225	      0.00000000	      0.11685245	      1.16153227	     -0.13123717	    -33.57166081	      4.66764008	     26.16437384	     52.43915592	     -3.85628528	     -0.00897794	     64.80578208	     46.12944320	    -62.49373248	     44.63029680	    104.81349643
     25.99000000	     13.37301165	   -164.84867468	      0.00000000	      0.11751759	      1.16158045	     -0.13113032	    -33.47213804	      4.71428786	     26.35529453	     52.74659847	     -3.85718935	      0.28609701	     64.57962367	     46.57610087	    -62.78600825	     42.96014054	    104.84671385
     26.00000000	     13.37817074	   -164.62710700	      0.00000000	      0.11820474	      1.16170361	     -0.13117956	    -33.33504981	      4.74581497	     26.48025313	     52.89163036	     -3.78359006	      0.39149829	     64.55396108	     47.20490449	    -63.13849026	     41.21699549	    104.84441497
     26.01000000	     13.36640105	   -164.43633361	      0.00000000	      0.11884599	      1.16184200	     -0.13115257	    -33.17641527	      4.74765164	     26.54902747	     52.92334447	     -3.64915166	      0.33949568	     64.77663453	     47.98315503	    -63.66190379	     39.46570622	    104.76111452
     26.02000000	     13.39696889	   -164.23947185	      0.00000000	      0.11946375	      1.16190330	     -0.13108002	    -33.06821891	      4.78807337	     26.71115159	     53.16007823	     -3.63443904	      0.57840114	     64.61629308	     48.44487523	    -63.99811163	     37.81376771	    104.75702233
     26.03000000	     13.41156057	   -164.04385008	      0.00000000	      0.12008767	      1.16198141	     -0.13100576	    -32.94358086	      4.81018041	     26.84137651	     53.36779215	     -3.62562599	      0.77249908	     64.44354204	     48.93522071	    -64.29532218	     36.21174010	    104.75454452
     26.04000000	     13.42113414	   -163.84513923	      0.00000000	      0.12072874	      1.16205275	     -0.13095510	    -32.81600300	      4.84272175	     26.95287850	     53.53877871	     -3.59630910	      0.91156918	     64.31272412	     49.46209898	    -64.56770429	     34.61806903	    104.74314198
     26.05000000	     13.43474910	   -163.64743727	      0.00000000	      0.12133652	      1.16214255	     -0.13091807	    -32.68764216	      4.85129045	     27.04243074	     53.67080592	     -3.56118844	      1.00942598	     64.22481097	     50.02901051	    -64.83666216	     33.03203915	    104.71335085
     26.06000000	     13.36653743	   -163.45656503	      0.00000000	      0.12198024	      1.16237602	     -0.13105131	    -32.44519582	      4.84543291	     26.96919047	     53.44949159	     -3.36009581	      0.65248924	     64.69057142	     50.99552719	    -65.39187701	     31.34542153	    104.35161180
     26.07000000	     13.40063478	   -163.25848752	      0.00000000	      0.12260923	      1.16238506	     -0.13096570	    -32.36365214	      4.90512937	     27.10629248	     53.67057828	     -3.36892626	      0.88490869	     64.45828816	     51.36081834	    -65.61252481	     29.89728734	    104.33068929
     26.08000000	     13.41537362	   -163.06327958	      0.00000000	      0.12315803	      1.16245678	     -0.13090738	    -32.25255066	      4.90339339	     27.17455908	     53.79979126	     -3.36201199	      0.98721018	     64.31088067	     51.87278816	    -65.74607446	     28.44253831	    104.27651169
     26.09000000	     13.39847985	   -162.86848810	      0.00000000	      0.12379102	      1.16255931	     -0.13093820	    -32.09859390	      4.92872004	     27.20348503	     53.86461956	     -3.34760878	      1.02014675	     64.18902982	     52.39837013	    -65.89251388	     27.02818582	    104.15696437
     26.10000000	     13.40932875	   -162.69979822	      0.00000000	      0.12437613	      1.16260326	     -0.13086416	    -31.97349556	      4.96570697	     27.28071364	     54.03110452	     -3.38167674	      1.19011558	     63.95683221	     52.75630608	    -66.10035347	     25.73161917	    104.10860185
     26.11000000	     13.41957649	   -162.52944942	      0.00000000	      0.12493134	      1.16261261	     -0.13081025	    -31.85688810	      4.97856746	     27.30311448	     54.09812369	     -3.33447620	      1.16604873	     63.89843711	     53.34152890	    -66.12092468	     24.35565355	    103.96781997
     26.12000000	     13.33795545	   -162.30169467	      0.00000000	      0.12553624	      1.16280026	     -0.13103780	    -31.70031951	      5.03438514	     27.32426547	     54.13595695	     -3.42853175	      1.33049591	     63.64252419	     53.55160991	    -66.32741171	     23.28629656	    103.91758706
     26.13000000	     13.43144138	   -162.18508217	      0.00000000	      0.12604015	      1.16274674	     -0.13078308	    -31.61791421	      5.02760808	     27.40405856	     54.31041808	     -3.40010103	      1.41976531	     63.49243578	     53.99761915	    -66.39915838	     22.05251617	    103.84202147
     26.14000000	     13.40800494	   -162.00310007	      0.00000000	      0.12657929	      1.16283042	     -0.13084384	    -31.49929734	      5.06313027	     27.42055883	     54.37403885	     -3.45033176	      1.51564924	     63.30905158	     54.31993673	    -66.49348489	     20.95563266	    103.77146564
     26.15000000	     13.41668006	   -161.87821191	      0.00000000	      0.12703285	      1.16294153	     -0.13079147	    -31.33376374	      4.97975262	     27.30261776	     54.18128018	     -3.28957337	      1.16096169	     63.62694330	     55.17108664	    -66.03761547	     19.54340460	    101.65515142
     26.16000000	     13.34737312	   -161.68971421	      0.00000000	      0.12755952	      1.16304217	     -0.13094610	    -31.22272860	      5.05731760	     27.32168275	     54.24582855	     -3.38348188	      1.32108336	     63.38849839	     55.29457448	    -66.16776788	     18.68664947	    101.64988628
     26.17000000	     13.39631823	   -161.57368366	      0.00000000	      0.12803837	      1.16298175	     -0.13080279	    -31.15490384	      5.08235591	     27.37886286	     54.38714540	     -3.41150269	      1.45176120	     63.18833235	     55.54672474	    -66.21669012	     17.76886111	    101.64547983
     26.18000000	     13.42831066	   -161.46455865	      0.00000000	      0.12848115	      1.16307044	     -0.13069327	    -31.04552336	      5.00107268	     27.73145264	     54.38214188	     -3.71604995	      1.08898227	     63.12045733	     56.08589776	    -65.20740056	     16.59710840	     99.53707037
     26.19000000	     13.44224847	   -161.36686592	      0.00000000	      0.12890592	      1.16308353	     -0.13061411	    -30.93759719	      5.00371313	     29.15975819	     54.34718484	     -4.91487644	      0.25297418	     63.02466320	     56.40100799	    -64.82329096	     15.69722087	     98.56101489
     26.20000000	     13.44498320	   -161.24241957	      0.00000000	      0.12934356	      1.16309688	     -0.13058339	    -30.88298521	      5.02983656	     30.29047668	     54.35635330	     -5.85901467	     -0.31253403	     62.87363393	     56.56623611	    -65.04334771	     15.06877201	     99.39637917
     26.21000000	     13.44773175	   -161.16555645	      0.00000000	      0.12973226	      1.16314448	     -0.13056104	    -30.77001226	      5.02536419	     30.75573875	     54.32146684	     -6.26060293	     -0.63410282	     62.84404911	     56.83324264	    -64.49617618	     14.25979286	     97.57664753
     26.22000000	     13.47783819	   -161.04460034	      0.00000000	      0.13012722	      1.16307597	     -0.13048643	    -30.77423534	      5.08421950	     31.64589389	     54.29765002	     -6.98250452	     -1.05961035	     62.79242952	     56.93559886	    -64.38483387	     13.70468790	     97.04866729
     26.23000000	     13.45405675	   -160.96712726	      0.00000000	      0.13051359	      1.16318841	     -0.13042879	    -30.67042419	      5.02999143	     33.45090507	     54.13615222	     -8.53816611	     -2.31751528	     62.72576226	     57.30017886	    -64.12127154	     13.06132540	     97.15739874
     26.24000000	     13.49302558	   -160.88544819	      0.00000000	      0.13085775	      1.16309884	     -0.13039187	    -30.65588508	      5.09377566	     36.74888732	     53.85875072	    -11.22541703	     -4.06819880	     62.56307718	     57.23839637	    -64.41083086	     12.82460852	     98.16699577
     26.25000000	     13.51464955	   -160.82001333	      0.00000000	      0.13118064	      1.16303607	     -0.13029525	    -30.65531608	      5.14145315	     36.58440249	     53.94785136	    -11.11888200	     -3.82675448	     62.45034892	     57.21553303	    -64.31985640	     12.51767898	     97.93570633
     26.26000000	     13.54867018	   -160.80204705	      0.00000000	      0.13145417	      1.16297647	     -0.13014284	    -30.62206291	      5.16370220	     36.44644270	     54.02915058	    -11.03816382	     -3.63628712	     62.34413398	     57.20931228	    -64.23959866	     12.27604067	     97.73999909
     26.27000000	     13.54769781	   -160.70758391	      0.00000000	      0.13176763	      1.16296734	     -0.13015023	    -30.64427539	      5.19295807	     36.23677068	     54.01797170	    -10.90145174	     -3.53233543	     62.33898401	     57.25400759	    -64.10642682	     12.05745215	     97.58157116
     26.28000000	     13.55993125	   -160.78801495	      0.00000000	      0.13196655	      1.16290024	     -0.13005413	    -30.48918947	      5.22521314	     36.07232160	     54.09563539	    -10.86045232	     -3.32502555	     62.15266867	     57.19215402	    -63.98032346	     11.96763245	     97.35147197
     26.29000000	     13.60154960	   -160.64750407	      0.00000000	      0.13227187	      1.16287355	     -0.12996730	    -30.66349980	      5.24157587	     35.90844429	     54.09328586	    -10.68069435	     -3.23321107	     62.22772681	     57.17504528	    -63.79449289	     11.89647690	     97.19609381
     26.30000000	     13.58451128	   -160.66020047	      0.00000000	      0.13247488	      1.16291416	     -0.12993721	    -30.58888100	      5.23152077	     35.89308335	     53.90889588	    -10.67159369	     -3.50197663	     62.45094609	     57.33640946	    -64.09790763	     11.91993551	     97.83311338
     26.31000000	     13.62372571	   -160.64663400	      0.00000000	      0.13265070	      1.16282876	     -0.12981714	    -30.64932020	      5.27627324	     35.53976333	     53.94205993	    -10.36526260	     -3.25713747	     62.51541674	     57.22580710	    -63.52404323	     11.90458510	     95.79586553
     26.32000000	     13.64073788	   -160.69422856	      0.00000000	      0.13280254	      1.16274506	     -0.12967229	    -30.65125059	      5.31122308	     34.93285230	     53.95065439	     -9.85897408	     -2.93752212	     62.63062535	     57.15311947	    -63.45225775	     12.04265872	     95.26252517
     26.33000000	     13.66638379	   -160.67438152	      0.00000000	      0.13297210	      1.16271426	     -0.12962534	    -30.70665821	      5.33227469	     34.19004249	     54.04110942	     -9.29340629	     -2.42973040	     62.51343203	     56.97900777	    -64.35617470	     12.57873760	     98.29581452
     26.34000000	     13.69568130	   -160.68881184	      0.00000000	      0.13310728	      1.16265493	     -0.12951317	    -30.77485709	      5.36598547	     33.59861018	     54.07805803	     -8.80312372	     -2.06291823	     62.55711825	     56.80698047	    -63.97041349	     12.82865469	     97.01588551
     26.35000000	     13.73772984	   -160.69511719	      0.00000000	      0.13323742	      1.16255412	     -0.12939735	    -30.87948725	      5.39836846	     33.39479365	     54.09811608	     -8.64338097	     -1.89259187	     62.52517860	     56.61071233	    -63.73671835	     13.22264550	     96.92864649
     26.36000000	     13.74013824	   -160.76960507	      0.00000000	      0.13328449	      1.16253206	     -0.12930683	    -30.87838699	      5.42265771	     33.02795376	     54.01972764	     -8.33490496	     -1.77070681	     62.65947445	     56.46599956	    -64.57748472	     13.87462322	     99.07184973
     26.37000000	     13.78300618	   -160.80833039	      0.00000000	      0.13335827	      1.16243346	     -0.12917500	    -30.98770739	      5.45830041	     32.88168745	     54.04647114	     -8.19757084	     -1.62291218	     62.63780421	     56.20752215	    -64.32396859	     14.38971860	     98.75286682
     26.38000000	     13.79582817	   -160.87694220	      0.00000000	      0.13337809	      1.16237968	     -0.12909113	    -31.03259955	      5.49013954	     32.59484862	     53.95393022	     -7.94379816	     -1.53394927	     62.78055852	     56.01357877	    -64.69497634	     15.07320696	     99.69333659
     26.39000000	     13.81876568	   -160.93934352	      0.00000000	      0.13338703	      1.16232549	     -0.12899951	    -31.11583567	      5.51037117	     32.34338527	     53.88571133	     -7.70865962	     -1.44911081	     62.89448805	     55.80165471	    -64.57822899	     15.70154741	     99.52865012
     26.40000000	     13.84297296	   -161.02025846	      0.00000000	      0.13338078	      1.16225610	     -0.12889551	    -31.19954651	      5.54260824	     32.14201879	     53.83016633	     -7.51282476	     -1.36691598	     62.97599175	     55.54983694	    -64.52975130	     16.42622028	     99.63819251
     26.41000000	     13.89864614	   -161.05486166	      0.00000000	      0.13338051	      1.16205632	     -0.12874254	    -31.40376581	      5.61265744	     31.98072295	     53.94792736	     -7.40308298	     -1.00188024	     62.73101855	     55.07361343	    -63.85920024	     17.18346696	     99.03375190
     26.42000000	     13.90255034	   -161.18818606	      0.00000000	      0.13329536	      1.16207667	     -0.12866587	    -31.40948963	      5.62015153	     31.69793898	     53.75374697	     -7.09813056	     -1.07200436	     63.04386407	     54.90157116	    -64.56178307	     18.15891681	    100.71747218
     26.43000000	     13.92524289	   -161.27151327	      0.00000000	      0.13322633	      1.16201838	     -0.12857623	    -31.53036951	      5.64585734	     31.79508948	     53.67400160	     -7.13819152	     -1.15249268	     63.09548241	     54.58304980	    -64.41820622	     19.05801084	    100.88129746
     26.44000000	     13.95461729	   -161.38555794	      0.00000000	      0.13313082	      1.16194397	     -0.12846585	    -31.62473675	      5.67073578	     31.86452569	     53.57148264	     -7.15747758	     -1.24557184	     63.15745883	     54.28359176	    -64.11146072	     19.97012528	    100.59627383
     26.45000000	     13.96912730	   -161.47811255	      0.00000000	      0.13304000	      1.16185778	     -0.12843460	    -31.74545170	      5.71330786	     33.39528383	     53.31271244	     -8.33611752	     -2.23273606	     63.25395812	     53.97306523	    -63.53779936	     20.86055929	     99.32345523
     26.46000000	     13.99871756	   -161.55859466	      0.00000000	      0.13297218	      1.16178776	     -0.12830413	    -31.93394261	      5.75469962	     33.77614662	     53.28669867	     -8.56852808	     -2.38106124	     63.20222352	     53.49509224	    -63.06286449	     21.90286087	     98.32566766
     26.47000000	     14.01390872	   -161.70728544	      0.00000000	      0.13278093	      1.16172384	     -0.12823076	    -31.99720401	      5.77062216	     34.09779105	     53.12907874	     -8.82308489	     -2.67050422	     63.22844699	     53.23157330	    -63.41796769	     23.08864341	    101.19011545
     26.48000000	     14.02489117	   -161.82927931	      0.00000000	      0.13263588	      1.16167369	     -0.12816965	    -32.11569149	      5.78305552	     34.47486729	     52.96484867	     -9.07556810	     -3.02700182	     63.28037776	     52.95171114	    -62.65729823	     24.06441165	     99.55023982
     26.49000000	     14.04982046	   -161.96218701	      0.00000000	      0.13242933	      1.16160115	     -0.12808426	    -32.24659603	      5.79137337	     34.44465904	     52.78408248	     -8.95731167	     -3.18295702	     63.46390094	     52.72589656	    -62.41241748	     25.12823475	     99.65456860
     26.50000000	     14.15292048	   -162.14386766	      0.00000000	      0.13219746	      1.16146928	     -0.12783005	    -32.39141372	      5.77216191	     34.44869666	     52.66144144	     -8.80346601	     -3.34457472	     63.64919306	     52.55137380	    -62.15086063	     26.20028186	     99.71391825
     26.51000000	     14.07583976	   -162.20434225	      0.00000000	      0.13210110	      1.16147228	     -0.12798885	    -32.53286281	      5.87502948	     34.43720378	     52.73829210	     -8.92912247	     -3.03775281	     63.07308718	     51.76446985	    -61.57396948	     27.67381029	    100.32416193
     26.52000000	     14.17681147	   -162.39639065	      0.00000000	      0.13179896	      1.16132215	     -0.12773698	    -32.69258128	      5.85001700	     34.43369119	     52.58920423	     -8.75670280	     -3.23116014	     63.30668780	     51.63595614	    -61.28053481	     28.75142117	    100.34464456
     26.53000000	     14.07480778	   -162.46616794	      0.00000000	      0.13165243	      1.16143138	     -0.12798287	    -32.78281950	      5.90545952	     34.32814368	     52.29976512	     -8.67932086	     -3.43533093	     63.38785078	     51.30831641	    -60.96418913	     30.04715751	    100.34677150
     26.54000000	     14.07512668	   -162.61319313	      0.00000000	      0.13139709	      1.16139202	     -0.12793644	    -32.92169616	      5.92469141	     34.28749530	     52.13744594	     -8.57854950	     -3.58262722	     63.45332232	     51.03489742	    -60.60252195	     31.28937651	    100.34105440
     26.55000000	     14.10793603	   -162.74378467	      0.00000000	      0.13121098	      1.16128230	     -0.12786604	    -33.10249103	      5.95488821	     34.33113729	     52.36519218	     -8.71579125	     -3.20156208	     62.60782280	     50.31060994	    -59.45733527	     32.75053402	    100.19986894
     26.56000000	     14.17633829	   -162.92149834	      0.00000000	      0.13089585	      1.16116269	     -0.12773384	    -33.26456651	      5.94698648	     34.30681582	     52.16100422	     -8.54128258	     -3.41831221	     62.81471839	     50.16025289	    -59.13274917	     33.94077079	    100.16886137
     26.57000000	     14.16745121	   -163.07084494	      0.00000000	      0.13059073	      1.16114069	     -0.12775123	    -33.40505665	      5.96016841	     34.24720076	     51.93773952	     -8.40756435	     -3.63523762	     62.93948775	     49.95127087	    -58.78817662	     35.20957272	    100.12023981
     26.58000000	     14.07372230	   -163.15690057	      0.00000000	      0.13040217	      1.16125658	     -0.12798293	    -33.50954749	      6.00291127	     34.14314235	     51.69390907	     -8.33771462	     -3.82936029	     62.88369735	     49.62948393	    -58.35134268	     36.60543760	    100.02287733
     26.59000000	     14.16982686	   -163.35600189	      0.00000000	      0.13005362	      1.16111277	     -0.12779492	    -33.68864706	      5.98243559	     34.14804712	     51.56103376	     -8.17946627	     -3.98473313	     62.95249398	     49.44662524	    -57.91916153	     37.85120375	     99.96260184
     26.60000000	     14.12066492	   -163.46134195	      0.00000000	      0.12986578	      1.16108133	     -0.12783853	    -33.85829569	      6.00925953	     34.16757156	     51.96476333	     -8.53005518	     -3.40196687	     61.39501258	     48.56922769	    -56.03021504	     39.46895921	     99.16659862
     26.61000000	     14.10848783	   -163.60663591	      0.00000000	      0.12959835	      1.16111346	     -0.12786757	    -34.00448311	      5.99738121	     34.05595368	     51.90436114	     -8.43776054	     -3.42522015	     61.06307414	     48.24257293	    -55.14329526	     40.81733549	     98.16063404
     26.62000000	     14.12299353	   -163.75993374	      0.00000000	      0.12923077	      1.16101948	     -0.12787769	    -34.17983547	      6.02144497	     33.99611996	     51.64084112	     -8.27816429	     -3.66285642	     61.22068093	     48.09269092	    -54.81119834	     42.10597250	     98.11616982
     26.63000000	     14.16218202	   -163.93371168	      0.00000000	      0.12886993	      1.16095820	     -0.12783804	    -34.34630967	      6.01606858	     33.95265144	     51.42263573	     -8.11083477	     -3.89425387	     61.32250623	     47.94342328	    -54.45267017	     43.40222258	     98.07215064
     26.64000000	     14.09683558	   -164.06189357	      0.00000000	      0.12853760	      1.16101828	     -0.12796983	    -34.48501194	      6.02815606	     33.85097226	     51.19920006	     -8.01550686	     -4.12189718	     61.27977043	     47.73811125	    -54.01603244	     44.77322370	     97.99648929
     26.65000000	     14.09907843	   -164.19711584	      0.00000000	      0.12831813	      1.16097909	     -0.12795979	    -34.64738522	      6.00698086	     33.85596642	     51.57267567	     -8.29560685	     -3.63886328	     59.70851739	     47.05821822	    -52.13029372	     46.35461149	     97.20147925
     26.66000000	     14.09092267	   -164.36227649	      0.00000000	      0.12791130	      1.16094639	     -0.12799828	    -34.82203086	      6.01769153	     33.78467083	     51.32195427	     -8.13738440	     -3.89334685	     59.83626329	     46.92857037	    -51.80686317	     47.63500543	     97.12467391
     26.67000000	     14.07623695	   -164.50085188	      0.00000000	      0.12762285	      1.16097614	     -0.12805910	    -34.95631965	      5.98288998	     33.70005747	     51.38209358	     -8.20177123	     -3.78292873	     58.96372853	     46.56545395	    -50.49865851	     49.10072096	     96.42464181
     26.68000000	     14.06016254	   -164.65874078	      0.00000000	      0.12729162	      1.16093578	     -0.12813005	    -35.12634408	      6.01390710	     33.63016095	     51.14809847	     -8.03346556	     -4.04673280	     59.04185132	     46.42399355	    -50.18928534	     50.40976162	     96.34478735
     26.69000000	     14.14371193	   -164.87737841	      0.00000000	      0.12678226	      1.16082291	     -0.12796510	    -35.32642133	      5.97815314	     33.60628677	     50.96260476	     -7.85857824	     -4.26110961	     59.15426460	     46.33734735	    -49.83869662	     51.65962839	     96.29995114
     26.70000000	     14.05100569	   -164.94008599	      0.00000000	      0.12659819	      1.16092593	     -0.12821629	    -35.46297325	      5.95301525	     33.50024115	     51.16237323	     -8.09655780	     -3.95185232	     57.65497354	     45.82074070	    -48.04645699	     53.26004090	     95.41671050
     26.71000000	     14.02459694	   -165.11640164	      0.00000000	      0.12623546	      1.16096005	     -0.12826432	    -35.60170999	      5.95122448	     33.40433811	     50.93460950	     -7.94016247	     -4.23262853	     57.66905580	     45.71658905	    -47.69218238	     54.57081525	     95.31510387
     26.72000000	     14.02741893	   -165.27627737	      0.00000000	      0.12589520	      1.16093989	     -0.12826645	    -35.75905311	      5.90687121	     33.33237557	     51.05400258	     -8.01869842	     -4.05807836	     56.66318748	     45.37732221	    -46.33114213	     56.01696794	     94.59890739
     26.73000000	     14.09553228	   -165.48982206	      0.00000000	      0.12539478	      1.16079600	     -0.12819889	    -35.95577069	      5.89679545	     33.30286245	     50.83101503	     -7.83066387	     -4.29100786	     56.80695090	     45.30935975	    -46.03621468	     57.25380306	     94.56968390
     26.74000000	     13.96055732	   -165.57821053	      0.00000000	      0.12519093	      1.16100498	     -0.12849657	    -36.05091557	      5.89729412	     33.11999104	     50.60148112	     -7.74081778	     -4.61285757	     56.52954472	     45.23699099	    -45.43299274	     58.62601739	     94.44000237
     26.75000000	     13.98112598	   -165.77628588	      0.00000000	      0.12469790	      1.16093907	     -0.12850140	    -36.22408823	      5.88018871	     33.06595447	     50.40956821	     -7.61319194	     -4.80566663	     56.49181289	     45.13427809	    -44.99754464	     59.88942060	     94.36729357
     26.76000000	     13.98106544	   -165.97162069	      0.00000000	      0.12424580	      1.16090985	     -0.12848440	    -36.39705565	      5.86437913	     32.99824328	     50.22972382	     -7.48779930	     -5.02159933	     56.43187997	     45.05093164	    -44.55664445	     61.15084577	     94.30108871
     26.77000000	     13.94483812	   -166.06778199	      0.00000000	      0.12406364	      1.16096959	     -0.12861817	    -36.50834197	      5.77996916	     32.95705518	     50.67339560	     -7.88860078	     -4.46977339	     54.16947867	     44.51646228	    -42.14764828	     62.81457811	     93.29637760
     26.78000000	     13.94458795	   -166.26212378	      0.00000000	      0.12362214	      1.16086932	     -0.12864420	    -36.63938528	      5.76843008	     32.82374408	     50.57943578	     -7.84737573	     -4.51276349	     53.69641736	     44.40029666	    -41.31976381	     64.14766715	     92.61628708
     26.79000000	     13.90650153	   -166.40669526	      0.00000000	      0.12326927	      1.16095652	     -0.12877103	    -36.80716185	      5.74615732	     32.73428133	     50.35576865	     -7.66043635	     -4.81776740	     53.70222571	     44.33759413	    -40.96562004	     65.40176257	     92.56778513
     26.80000000	     13.85530686	   -166.54663810	      0.00000000	      0.12292220	      1.16104853	     -0.12892597	    -36.92338183	      5.68782194	     32.58869773	     50.18079881	     -7.57293521	     -5.06929953	     53.36970145	     44.34689172	    -40.28621109	     66.71689633	     92.43409452
     26.81000000	     13.89052091	   -166.73467229	      0.00000000	      0.12249702	      1.16091026	     -0.12886474	    -37.08397821	      5.65747905	     32.56271650	     50.36822035	     -7.71389561	     -4.77655951	     52.18233735	     44.01037426	    -38.91791869	     68.14801660	     91.82195541
     26.82000000	     13.94597077	   -166.97329491	      0.00000000	      0.12195104	      1.16079081	     -0.12875856	    -37.28021011	      5.63918372	     32.54545320	     50.17892560	     -7.51669708	     -5.00344129	     52.32068963	     43.95937919	    -38.64053734	     69.30445220	     91.80677304
     26.83000000	     13.81246441	   -167.06240433	      0.00000000	      0.12168857	      1.16102111	     -0.12907785	    -37.35306564	      5.56937969	     32.32763804	     49.95930846	     -7.45090875	     -5.33114911	     51.90339686	     44.04587347	    -37.90335713	     70.64674002	     91.63078713
     26.84000000	     13.80068156	   -167.21174788	      0.00000000	      0.12137603	      1.16095041	     -0.12915104	    -37.49091518	      5.56538201	     32.28462790	     50.13872136	     -7.58709430	     -5.03836927	     50.60524269	     43.69038675	    -36.45727450	     72.09886770	     90.84932115
     26.85000000	     13.86428534	   -167.45618920	      0.00000000	      0.12077779	      1.16080933	     -0.12900355	    -37.68098433	      5.53512647	     32.26580563	     49.95878039	     -7.40606095	     -5.24831732	     50.74293401	     43.65096994	    -36.20767246	     73.26027131	     90.83521496
     26.86000000	     13.72144418	   -167.53790906	      0.00000000	      0.12056028	      1.16100844	     -0.12937217	    -37.75627049	      5.52925179	     32.08687780	     49.67792831	     -7.27522267	     -5.61211964	     50.56105065	     43.66469676	    -35.75419573	     74.58483779	     90.74813544
     26.87000000	     13.81910093	   -167.78365852	      0.00000000	      0.11994408	      1.16083016	     -0.12921841	    -37.94465530	      5.47406642	     32.08141647	     49.50917079	     -7.10333815	     -5.78982050	     50.63112955	     43.64406018	    -35.44744948	     75.75437384	     90.71820367
     26.88000000	     13.71143098	   -167.86161356	      0.00000000	      0.11974147	      1.16092193	     -0.12943623	    -38.01490623	      5.42505053	     31.97869142	     49.81357272	     -7.44039066	     -5.40380108	     48.64345037	     43.36195096	    -33.42799973	     77.32086171	     89.73250589
     26.89000000	     13.69316380	   -168.04972596	      0.00000000	      0.11925261	      1.16092937	     -0.12947517	    -38.16087987	      5.39757673	     31.91848599	     49.59468303	     -7.25962994	     -5.66332688	     48.71631721	     43.32014525	    -33.16475323	     78.52952454	     89.69055678
     26.90000000	     13.73551937	   -168.25390273	      0.00000000	      0.11872452	      1.16083086	     -0.12942556	    -38.32318142	      5.36334992	     31.88363565	     49.39726805	     -7.08262237	     -5.88666059	     48.78027353	     43.31041217	    -32.88709223	     79.71969039	     89.65772016
     26.91000000	     13.61786449	   -168.34632803	      0.00000000	      0.11846081	      1.16101039	     -0.12968463	    -38.39028047	      5.29232124	     31.69541235	     49.23792191	     -7.02262933	     -6.16960014	     48.29185108	     43.46633213	    -32.10167222	     81.02528973	     89.40112904
     26.92000000	     13.65444264	   -168.55729361	      0.00000000	      0.11788493	      1.16091483	     -0.12964984	    -38.54410836	      5.26794060	     31.68624528	     49.05917597	     -6.87365039	     -6.32168524	     48.31525653	     43.37599585	    -31.83716802	     82.22220329	     89.34100481
     26.93000000	     13.57984916	   -168.65278582	      0.00000000	      0.11763718	      1.16095802	     -0.12977759	    -38.62658147	      5.21388844	     31.64733872	     49.41210100	     -7.19932725	     -5.85219993	     46.29667100	     43.08613898	    -29.79518754	     83.76252591	     88.09827923
     26.94000000	     13.62913494	   -168.86222040	      0.00000000	      0.11704999	      1.16082789	     -0.12970626	    -38.79764608	      5.18367886	     31.64191893	     49.23473032	     -7.01942483	     -6.03637050	     46.41155008	     43.06131218	    -29.59553649	     84.93560780	     88.07527993
     26.95000000	     13.57602827	   -168.99351047	      0.00000000	      0.11666379	      1.16087771	     -0.12985332	    -38.91297564	      5.17793731	     31.56996028	     49.00817517	     -6.85235637	     -6.29636211	     46.41262030	     43.04897161	    -29.34064472	     86.16859425	     88.02429635
     26.96000000	     13.59346805	   -169.17883287	      0.00000000	      0.11611388	      1.16080751	     -0.12982583	    -39.06504578	      5.14315581	     31.54165334	     48.83844346	     -6.69512752	     -6.48828959	     46.44742156	     43.07169787	    -29.07299012	     87.34224343	     87.98071461
     26.97000000	     13.49483824	   -169.25565858	      0.00000000	      0.11586110	      1.16093557	     -0.12997813	    -39.12770294	      5.05915001	     31.42549893	     49.13143640	     -6.95550676	     -6.11300533	     44.60265149	     42.97327095	    -27.16175031	     88.82364169	     86.56418831
     26.98000000	     13.52237760	   -169.44957352	      0.00000000	      0.11528651	      1.16084515	     -0.12992528	    -39.28164995	      5.03891442	     31.42585235	     48.96908534	     -6.78454698	     -6.27811235	     44.70320096	     42.95798441	    -26.99000481	     89.98413403	     86.55117579
     26.99000000	     13.50073360	   -169.59802003	      0.00000000	      0.11481217	      1.16085139	     -0.13001046	    -39.40910135	      5.02239440	     31.39552342	     48.78293967	     -6.62388764	     -6.47376049	     44.73490039	     42.96456486	    -26.78504179	     91.17398768	     86.52013923
     27.00000000	     13.46405368	   -169.74188584	      0.00000000	      0.11433357	      1.16088947	     -0.13007155	    -39.53571489	      4.99983138	     31.35556980	     48.61662997	     -6.48456652	     -6.66076360	     44.72519569	     42.99857771	    -26.54580912	     92.35260132	     86.46993583
     27.01000000	     13.41987357	   -169.88171059	      0.00000000	      0.11388579	      1.16091886	     -0.13014622	    -39.65674295	      4.98595482	     31.32130141	     48.47144403	     -6.35075591	     -6.83375510	     44.66986663	     43.04754833	    -26.27533048	     93.51997067	     86.39657147
     27.02000000	     13.37046723	   -169.95119267	      0.00000000	      0.11359155	      1.16095246	     -0.13021437	    -39.75233798	      4.90749960	     31.29684504	     48.86928865	     -6.65151830	     -6.32200730	     42.72220771	     42.95148941	    -24.35588216	     94.98866562	     84.93836425
     27.03000000	     13.39881791	   -170.15540645	      0.00000000	      0.11295719	      1.16086480	     -0.13013766	    -39.89824207	      4.88592225	     31.33529619	     48.74495378	     -6.49842854	     -6.41474038	     42.83526574	     42.96135770	    -24.23059735	     96.10838611	     84.92408404
     27.04000000	     13.34114108	   -170.28093707	      0.00000000	      0.11253220	      1.16093446	     -0.13025968	    -40.00879431	      4.89012424	     31.32254691	     48.59448457	     -6.35587534	     -6.56563641	     42.84406529	     42.97934380	    -24.08750514	     97.24997197	     84.87504494
     27.05000000	     13.35711041	   -170.45492467	      0.00000000	      0.11197131	      1.16085293	     -0.13021263	    -40.15350468	      4.87962176	     31.35875613	     48.48836789	     -6.21599386	     -6.64926669	     42.90506826	     43.03528792	    -23.93918699	     98.35509727	     84.83807743
     27.06000000	     13.29778648	   -170.56472157	      0.00000000	      0.11155322	      1.16095101	     -0.13034055	    -40.26184049	      4.87013013	     31.35513332	     48.36243089	     -6.09480471	     -6.76549874	     42.85980289	     43.07900943	    -23.78058714	     99.50275763	     84.75423764
     27.07000000	     13.24156916	   -170.63222071	      0.00000000	      0.11124429	      1.16100531	     -0.13037667	    -40.38420126	      4.82867732	     31.38097780	     48.74139502	     -6.32320324	     -6.27655275	     41.24817308	     42.99380599	    -22.22975515	    100.84825448	     83.19780936
     27.08000000	     13.24186547	   -170.80281118	      0.00000000	      0.11069072	      1.16097120	     -0.13036550	    -40.51054969	      4.83048703	     31.43717840	     48.63793477	     -6.19140155	     -6.32028565	     41.33871967	     43.03831763	    -22.17118083	    101.91304474	     83.18036095
     27.09000000	     13.16791121	   -170.90204684	      0.00000000	      0.11029048	      1.16107336	     -0.13047796	    -40.63452416	      4.84401470	     31.45758325	     48.54952573	     -6.06805913	     -6.39893784	     41.33446544	     43.08939066	    -22.09448623	    102.99845211	     83.09867291
     27.10000000	     13.18121021	   -171.07612370	      0.00000000	      0.10970507	      1.16101693	     -0.13043138	    -40.77175713	      4.83640940	     31.53755975	     48.47677838	     -5.95684831	     -6.38910193	     41.41068410	     43.15753539	    -22.04174746	    104.02511464	     83.06107485
     27.11000000	     13.13641477	   -171.19781821	      0.00000000	      0.10926565	      1.16107365	     -0.13050973	    -40.88724867	      4.85344970	     31.59995595	     48.40513530	     -5.84256684	     -6.40657492	     41.42332128	     43.19748534	    -22.00852489	    105.08036993	     82.98814525
     27.12000000	     13.10712652	   -171.33807251	      0.00000000	      0.10876571	      1.16109212	     -0.13053223	    -41.01973253	      4.86156824	     31.68268925	     48.35120995	     -5.74208461	     -6.38266696	     41.46235225	     43.25907434	    -21.98120748	    106.07857739	     82.92330714
     27.13000000	     13.03710898	   -171.42739601	      0.00000000	      0.10839205	      1.16119985	     -0.13063152	    -41.14692930	      4.88802969	     31.75821705	     48.31594852	     -5.64193871	     -6.36572310	     41.42711678	     43.28481890	    -21.96344910	    107.10363956	     82.78786794
     27.14000000	     12.99062138	   -171.48227384	      0.00000000	      0.10807731	      1.16125435	     -0.13065416	    -41.31724662	      4.89226551	     31.87189698	     48.57948769	     -5.72345862	     -5.95048640	     40.50884670	     43.18705106	    -21.09056439	    108.23466041	     81.07390358
     27.15000000	     12.97859212	   -171.63731796	      0.00000000	      0.10755831	      1.16123930	     -0.13065871	    -41.43149080	      4.90518627	     31.98413667	     48.52637419	     -5.63326432	     -5.87135568	     40.58671528	     43.26785864	    -21.14139884	    109.16724580	     81.05596338
     27.16000000	     12.93346392	   -171.77491179	      0.00000000	      0.10708099	      1.16129408	     -0.13069163	    -41.55059840	      4.92688541	     32.10005109	     48.49140443	     -5.54354850	     -5.78924483	     40.65960493	     43.33060300	    -21.21184852	    110.09417252	     81.02744399
     27.17000000	     12.88628679	   -171.89105368	      0.00000000	      0.10666664	      1.16136120	     -0.13074547	    -41.66873252	      4.95537155	     32.22491215	     48.45984203	     -5.45100390	     -5.69725735	     40.71714179	     43.37620041	    -21.31359035	    111.00526660	     80.98468558
     27.18000000	     12.84082368	   -171.97964201	      0.00000000	      0.10632728	      1.16141844	     -0.13082037	    -41.79055356	      4.99496378	     32.36266230	     48.43829451	     -5.35150033	     -5.59322127	     40.75985864	     43.39124428	    -21.45733055	    111.90366443	     80.91632373
     27.19000000	     12.78969329	   -172.08052328	      0.00000000	      0.10594257	      1.16149290	     -0.13086515	    -41.92394136	      5.03150589	     32.51009277	     48.43006751	     -5.26194232	     -5.46562418	     40.82172062	     43.41885000	    -21.60072132	    112.76515631	     80.84503771
     27.20000000	     12.72760254	   -172.08822408	      0.00000000	      0.10566613	      1.16160161	     -0.13088762	    -42.19683752	      5.11340248	     32.72243998	     48.50515015	     -5.10936270	     -5.28780393	     40.94805672	     43.22949314	    -21.89942009	    113.60195431	     80.47996580
     27.21000000	     12.68786206	   -172.21963208	      0.00000000	      0.10525772	      1.16163947	     -0.13095677	    -42.27831469	      5.13731003	     32.86645802	     48.46725567	     -5.04266803	     -5.13799590	     41.02420162	     43.33684407	    -22.02532806	    114.40048206	     80.41884821
     27.22000000	     12.62662380	   -172.29687969	      0.00000000	      0.10492197	      1.16171516	     -0.13098627	    -42.45058828	      5.20219906	     32.96085043	     48.36186194	     -4.76548951	     -5.11976628	     41.62040002	     43.36037298	    -22.58163699	    115.12567630	     79.16790194
     27.23000000	     12.57657884	   -172.40695029	      0.00000000	      0.10457085	      1.16181591	     -0.13106581	    -42.53498375	      5.21924638	     33.12044038	     48.33960695	     -4.70064234	     -4.94638912	     41.67685560	     43.45025134	    -22.73303313	    115.87896701	     79.14959353
     27.24000000	     12.52771962	   -172.49737235	      0.00000000	      0.10428381	      1.16188329	     -0.13111751	    -42.63315449	      5.26058836	     33.29649541	     48.34652954	     -4.63028375	     -4.75565369	     41.71991513	     43.47800464	    -22.98166175	    116.62672415	     79.10842002
     27.25000000	     12.47754444	   -172.57486855	      0.00000000	      0.10401535	      1.16195660	     -0.13116521	    -42.75219054	      5.30988283	     33.49127589	     48.38031537	     -4.54994511	     -4.54926992	     41.78425501	     43.47015993	    -23.27493506	    117.33759892	     79.05208163
     27.26000000	     12.43217849	   -172.60196154	      0.00000000	      0.10374297	      1.16202643	     -0.13109911	    -43.03813022	      5.40898491	     33.76818385	     48.47100839	     -4.35934016	     -4.31817508	     42.11901149	     43.23543445	    -23.82533468	    117.96524025	     78.86927992
     27.27000000	     12.36057099	   -172.70754533	      0.00000000	      0.10340780	      1.16214797	     -0.13118679	    -43.14118771	      5.45904628	     33.82344606	     48.19061520	     -3.99668807	     -4.45268557	     43.21314084	     43.43303264	    -24.87089918	    118.46222147	     78.44596228
     27.28000000	     12.25716844	   -172.80567809	      0.00000000	      0.10307060	      1.16236829	     -0.13124661	    -43.21567712	      5.46624403	     33.97831441	     48.20112120	     -3.96657831	     -4.25283605	     43.26069956	     43.55933606	    -25.03589945	    119.05086760	     78.43367073
     27.29000000	     12.26791463	   -172.83680320	      0.00000000	      0.10295841	      1.16231037	     -0.13118373	    -43.41854184	      5.55767013	     34.25773791	     48.32556871	     -3.80998375	     -3.98662079	     43.42300988	     43.37552786	    -25.63451037	    119.66856658	     78.35511957
     27.30000000	     12.20513313	   -172.91766720	      0.00000000	      0.10269915	      1.16244066	     -0.13127103	    -43.53040202	      5.61335600	     34.32950427	     48.08483675	     -3.45922614	     -4.06111038	     44.44296893	     43.54889804	    -26.71140231	    120.09183705	     78.29359671
     27.31000000	     12.11122685	   -173.00007646	      0.00000000	      0.10242882	      1.16265228	     -0.13134969	    -43.58831079	      5.62572959	     34.48913502	     48.10681563	     -3.43750901	     -3.84507707	     44.46492200	     43.67427271	    -26.91713142	    120.61004464	     78.27706803
     27.32000000	     12.06676617	   -173.07142715	      0.00000000	      0.10225905	      1.16272888	     -0.13138857	    -43.64849286	      5.66613398	     34.67737757	     48.16427551	     -3.39759887	     -3.60777456	     44.46885176	     43.75025527	    -27.23947783	    121.13957778	     78.24525285
     27.33000000	     12.05786492	   -173.10919074	      0.00000000	      0.10210331	      1.16274996	     -0.13128267	    -43.89582113	      5.75863429	     34.84904701	     48.04274030	     -2.93239727	     -3.64542141	     45.66669997	     43.69258857	    -28.70828021	    121.47230149	     78.30704373
     27.34000000	     12.02065011	   -173.16833083	      0.00000000	      0.10193516	      1.16284128	     -0.13121913	    -44.01653393	      5.79914235	     35.06848928	     48.16291152	     -2.84721481	     -3.39193413	     45.73379084	     43.68686009	    -29.12085660	    121.93316091	     78.28494951
     27.35000000	     11.98786485	   -173.21958254	      0.00000000	      0.10180706	      1.16294975	     -0.13121405	    -44.12777340	      5.82915232	     35.28727900	     48.26487013	     -2.75846659	     -3.14338033	     45.83513889	     43.67581708	    -29.64224899	    122.35973249	     78.26098457
     27.36000000	     11.97207369	   -173.32586944	      0.00000000	      0.10158490	      1.16289848	     -0.13115451	    -44.15717972	      5.88066718	     35.37837616	     48.45075421	     -2.75625419	     -2.63446313	     45.45622062	     43.73042371	    -29.64294663	    122.81425550	     78.31077305
     27.37000000	     11.94998306	   -173.36229073	      0.00000000	      0.10149497	      1.16296354	     -0.13103910	    -44.28860855	      5.90875946	     35.51434828	     48.73411028	     -2.66776785	     -2.18438775	     45.15792959	     43.67826469	    -29.88358401	    123.23704970	     78.32853973
     27.38000000	     11.93416049	   -173.38314368	      0.00000000	      0.10142350	      1.16303287	     -0.13094572	    -44.42323115	      5.94764506	     35.65279517	     48.97504933	     -2.56093418	     -1.75438547	     44.94678690	     43.61089819	    -30.17657679	    123.63694516	     78.34401485
     27.39000000	     11.91641969	   -173.40134942	      0.00000000	      0.10135976	      1.16311303	     -0.13083952	    -44.56622152	      5.98584184	     35.79194584	     49.20655573	     -2.43057417	     -1.35712156	     44.81483154	     43.54574813	    -30.54864033	    123.99695498	     78.35741847
     27.40000000	     11.86197113	   -173.40279185	      0.00000000	      0.10132518	      1.16336986	     -0.13069299	    -44.73345268	      6.00993157	     35.92072046	     49.42423886	     -2.23573478	     -1.06200298	     44.88622183	     43.43913943	    -31.11452907	    124.32296618	     78.36944093
     27.41000000	     11.77038096	   -173.49682062	      0.00000000	      0.10109439	      1.16362759	     -0.13093774	    -44.78304806	      6.07884917	     35.77356669	     48.20007628	     -1.22534541	     -2.22629676	     48.73589274	     44.25308644	    -34.41161382	    124.06064643	     78.77225876
     27.42000000	     11.78394222	   -173.63546228	      0.00000000	      0.10085333	      1.16358602	     -0.13091465	    -44.71197532	      6.09739723	     35.82029387	     48.38819267	     -1.32591336	     -1.58608137	     48.06428870	     44.32311680	    -34.11636696	    124.41657916	     78.85225463
     27.43000000	     11.72014381	   -173.53505116	      0.00000000	      0.10100243	      1.16392432	     -0.13080567	    -45.00611695	      6.12504818	     35.87677271	     48.29666508	     -0.69978474	     -1.78903940	     49.39100461	     44.39481419	    -35.84725154	    124.49804685	     79.28769623
     27.44000000	     11.69610978	   -173.57449028	      0.00000000	      0.10088863	      1.16403407	     -0.13067947	    -45.12522402	      6.16520646	     35.88102810	     48.35148929	     -0.44778730	     -1.52392571	     49.71903900	     44.48305367	    -36.55302744	    124.64727445	     79.55328396
     27.45000000	     11.67957347	   -173.58439619	      0.00000000	      0.10085295	      1.16415923	     -0.13056876	    -45.24163127	      6.17562217	     35.88800987	     48.39649732	     -0.17100581	     -1.31485068	     50.03943832	     44.62095890	    -37.25758513	    124.79164387	     79.75475100
     27.46000000	     11.65691236	   -173.61560950	      0.00000000	      0.10079231	      1.16426623	     -0.13044846	    -45.34675487	      6.23186171	     35.92365620	     48.47020922	      0.06873437	     -1.03202466	     50.30261381	     44.63851315	    -37.92452919	    124.95037334	     79.94613487
     27.47000000	     11.65930074	   -173.62759476	      0.00000000	      0.10079428	      1.16436043	     -0.13026606	    -45.45590913	      6.24766521	     36.04220949	     48.81245998	      0.12616135	     -0.51597064	     49.81802731	     44.52050445	    -38.02386110	    125.19345649	     79.96453262
     27.48000000	     11.62184494	   -173.66620900	      0.00000000	      0.10074471	      1.16455413	     -0.13020324	    -45.53063975	      6.27942653	     36.05588488	     48.57704107	      0.52032819	     -0.61826443	     50.85683198	     44.77985118	    -39.23181361	    125.18989100	     80.30997668
     27.49000000	     11.60889257	   -173.69121326	      0.00000000	      0.10070794	      1.16468328	     -0.13006610	    -45.62445464	      6.30223549	     36.11286279	     48.61556950	      0.74942645	     -0.41084185	     51.15353839	     44.86916901	    -39.89908340	    125.27577819	     80.64244647
     27.50000000	     11.60983940	   -173.68827350	      0.00000000	      0.10074164	      1.16478575	     -0.12987476	    -45.73222342	      6.31999458	     36.24788420	     48.90766702	      0.79799101	      0.03192043	     50.73973055	     44.78557997	    -40.02202051	    125.44949168	     80.64989420
     27.51000000	     11.57471938	   -173.72225912	      0.00000000	      0.10069346	      1.16497275	     -0.12977066	    -45.82311618	      6.35290254	     36.29355448	     48.72560619	      1.13412605	      0.03095456	     51.58770842	     44.95727016	    -41.05185762	    125.42182599	     81.04435262
     27.52000000	     11.57674279	   -173.71590106	      0.00000000	      0.10075366	      1.16509284	     -0.12953826	    -45.92427786	      6.35978887	     36.42211645	     49.02513890	      1.18670546	      0.45243431	     51.15166591	     44.88168204	    -41.14916207	    125.57919945	     81.06182624
     27.53000000	     11.57189250	   -173.69026661	      0.00000000	      0.10085997	      1.16521742	     -0.12939146	    -46.04510901	      6.38987428	     36.57143613	     49.22685948	      1.28816702	      0.84796071	     50.90953701	     44.75322819	    -41.35569358	    125.70674369	     81.12693614
     27.54000000	     11.52025746	   -173.72875705	      0.00000000	      0.10077091	      1.16541328	     -0.12935913	    -46.10980916	      6.43818631	     36.57122528	     48.76352870	      1.71058419	      0.60284368	     52.34664468	     45.12136467	    -42.77921365	    125.53781546	     81.93932240
     27.55000000	     11.49903868	   -173.72921059	      0.00000000	      0.10081338	      1.16556864	     -0.12922278	    -46.20103661	      6.46715359	     36.64027162	     48.76827152	      1.91409129	      0.83504106	     52.55522321	     45.14423772	    -43.30500874	    125.55414031	     82.41069936
     27.56000000	     11.49546456	   -173.72392110	      0.00000000	      0.10088942	      1.16568988	     -0.12900267	    -46.29838084	      6.48156379	     36.77697850	     49.01843428	      1.96056609	      1.28020952	     52.12211729	     45.01935474	    -43.31818132	    125.65271115	     82.41288231
     27.57000000	     11.45112019	   -173.71228808	      0.00000000	      0.10090900	      1.16593086	     -0.12893469	    -46.38777784	      6.49076574	     36.77380260	     48.70810710	      2.30836350	      1.20196856	     53.04932766	     45.29458634	    -44.29884021	    125.52881011	     83.14136814
     27.58000000	     11.41559708	   -173.72014725	      0.00000000	      0.10097850	      1.16605695	     -0.12882878	    -46.46974528	      6.56035863	     36.88581547	     48.72333761	      2.47384141	      1.51135570	     53.15061049	     45.18480616	    -44.69470729	    125.54553250	     83.54227951
     27.59000000	     11.40434113	   -173.72770009	      0.00000000	      0.10107545	      1.16620072	     -0.12859437	    -46.54378354	      6.57481758	     37.02466391	     48.94404805	      2.51983297	      1.93920548	     52.72946898	     45.04345547	    -44.68690368	    125.61220195	     83.54185680
     27.60000000	     11.37108779	   -173.73463709	      0.00000000	      0.10109772	      1.16634148	     -0.12854777	    -46.60990144	      6.62149337	     37.07472241	     48.63438901	      2.81229975	      1.93493171	     53.53928520	     45.22194977	    -45.54550589	    125.48669303	     84.31754944
     27.61000000	     11.35134064	   -173.73600020	      0.00000000	      0.10121118	      1.16648788	     -0.12836203	    -46.67152085	      6.63197981	     37.20854286	     48.85650086	      2.85164217	      2.36031065	     53.05991328	     45.08762816	    -45.45333211	    125.54243726	     84.31014574
     27.62000000	     11.30221517	   -173.73914907	      0.00000000	      0.10124471	      1.16663919	     -0.12834078	    -46.74293535	      6.70284279	     37.26718356	     48.52821466	      3.13531441	      2.37536840	     53.86957976	     45.21167390	    -46.29876486	    125.40960076	     85.27748877
     27.63000000	     11.24376049	   -173.73502525	      0.00000000	      0.10138240	      1.16684354	     -0.12816154	    -46.81166397	      6.73154597	     37.38971400	     48.72710786	      3.18048108	      2.77288419	     53.43876555	     45.05481197	    -46.22351469	    125.43985961	     85.30264460
     27.64000000	     11.22445473	   -173.75243361	      0.00000000	      0.10141627	      1.16696297	     -0.12811706	    -46.85068407	      6.77201627	     37.44017610	     48.42588147	      3.44725494	      2.79108979	     54.12801414	     45.23192525	    -46.97892788	    125.29649710	     86.32295676
     27.65000000	     11.19947407	   -173.74403124	      0.00000000	      0.10155665	      1.16709749	     -0.12796831	    -46.90599702	      6.78836139	     37.56198741	     48.63872562	      3.48370489	      3.19266336	     53.61185577	     45.11617160	    -46.81516527	    125.31255332	     86.28713821
     27.66000000	     11.13394863	   -173.76054726	      0.00000000	      0.10163210	      1.16726589	     -0.12797525	    -46.93491461	      6.86393285	     37.59914107	     48.30848067	      3.74717468	      3.19880365	     54.33456009	     45.25382095	    -47.60874544	    125.16613871	     87.49190531
     27.67000000	     11.08948834	   -173.75952188	      0.00000000	      0.10174685	      1.16740919	     -0.12789712	    -46.97809180	      6.91121072	     37.65998122	     48.26607068	      3.90182013	      3.42466917	     54.37466307	     45.25280584	    -47.88412225	    125.10479621	     88.18963801
     27.68000000	     11.04844420	   -173.74176208	      0.00000000	      0.10188439	      1.16755307	     -0.12779214	    -47.05279607	      6.94752630	     37.78568267	     48.42858896	      3.94296754	      3.81732518	     53.94702607	     45.09689718	    -47.73838729	    125.09783476	     88.17923041
     27.69000000	     11.04509668	   -173.80459501	      0.00000000	      0.10185744	      1.16754494	     -0.12771126	    -46.97927547	      6.97962844	     37.83199600	     48.49689134	      3.84191832	      4.26342117	     53.29256076	     45.16103834	    -47.20920643	    125.09194011	     88.06907741
     27.70000000	     10.95187825	   -173.77531768	      0.00000000	      0.10200010	      1.16789828	     -0.12768959	    -47.10927670	      7.01659540	     37.87573789	     48.08789160	      4.33909586	      3.99873957	     54.64117961	     45.32902173	    -48.68965646	    124.82399868	     89.93477312
     27.71000000	     10.90082676	   -173.78423269	      0.00000000	      0.10209152	      1.16807041	     -0.12762674	    -47.14337550	      7.05666730	     37.92746445	     48.06151093	      4.48212120	      4.22912068	     54.62290698	     45.32658935	    -48.90877351	    124.74090065	     90.78307985
     27.72000000	     10.87512588	   -173.76876703	      0.00000000	      0.10221924	      1.16819343	     -0.12750940	    -47.20629112	      7.07893909	     38.04809898	     48.24028014	      4.51292029	      4.61271609	     54.11818448	     45.19822047	    -48.69225458	    124.71825256	     90.69498509
     27.73000000	     10.84266734	   -173.73736228	      0.00000000	      0.10236901	      1.16830336	     -0.12744462	    -47.29582812	      7.12267810	     38.17662802	     48.31286609	      4.60236683	      4.91920828	     53.88353328	     45.07493818	    -48.73077118	    124.66496618	     90.86509700
     27.74000000	     10.82824020	   -173.81676329	      0.00000000	      0.10230790	      1.16832257	     -0.12740184	    -47.18528660	      7.16152575	     38.21003137	     48.33225094	      4.49600557	      5.30336719	     53.27687934	     45.18368619	    -48.15648263	    124.64569496	     90.73007217
     27.75000000	     10.82049550	   -173.84333533	      0.00000000	      0.10233148	      1.16840602	     -0.12727765	    -47.19237102	      7.15752213	     38.30166325	     48.47769542	      4.48975675	      5.66192748	     52.73028637	     45.18400261	    -47.82494890	    124.58543261	     90.64919229
     27.76000000	     10.69734116	   -173.80732994	      0.00000000	      0.10244015	      1.16887820	     -0.12733592	    -47.34579364	      7.19021057	     38.33551153	     47.78953575	      5.12783912	      5.10778905	     54.83941036	     45.48344674	    -50.00832231	    124.21979676	     93.94330167
     27.77000000	     10.65939023	   -173.80377233	      0.00000000	      0.10249842	      1.16901844	     -0.12727843	    -47.39936999	      7.22770626	     38.41824862	     47.77761730	      5.23268082	      5.34844251	     54.74718121	     45.45680380	    -50.18703873	    124.14695922	     95.01680547
     27.78000000	     10.63121301	   -173.78008320	      0.00000000	      0.10259557	      1.16916649	     -0.12718526	    -47.46820949	      7.23737039	     38.53591350	     47.90389883	      5.27857700	      5.65609778	     54.33337566	     45.38181319	    -50.00089178	    124.08873428	     94.91415583
     27.79000000	     10.63187795	   -173.83713903	      0.00000000	      0.10254362	      1.16917804	     -0.12710771	    -47.41285810	      7.25431212	     38.60404345	     47.94672164	      5.21601614	      5.99867525	     53.80522733	     45.46606340	    -49.55769991	    124.03555151	     94.71068147
     27.80000000	     10.62316017	   -173.84585627	      0.00000000	      0.10255932	      1.16928657	     -0.12699699	    -47.44753859	      7.24268329	     38.71096982	     48.06283369	      5.23172942	      6.30855349	     53.35137498	     45.46551714	    -49.28562066	    123.95896180	     94.57648162
     27.81000000	     10.52219065	   -173.79932489	      0.00000000	      0.10267168	      1.16969758	     -0.12708576	    -47.58199761	      7.26673019	     38.76814904	     47.54129846	      5.70712415	      5.98905664	     54.81044584	     45.64441007	    -50.92535482	    123.70953967	     97.65747286
     27.82000000	     10.49902179	   -173.76295392	      0.00000000	      0.10275474	      1.16982860	     -0.12701010	    -47.67518650	      7.27575512	     38.89838727	     47.66033704	      5.75028306	      6.31637151	     54.38510211	     45.53441809	    -50.72039373	    123.65290045	     97.59028997
     27.83000000	     10.49622117	   -173.86795175	      0.00000000	      0.10263258	      1.16982467	     -0.12694620	    -47.54445268	      7.30097475	     38.93979115	     47.67339347	      5.63743986	      6.66402306	     53.78209599	     45.66918142	    -50.15092784	    123.62773488	     97.29463356
     27.84000000	     10.43404128	   -173.77146473	      0.00000000	      0.10276992	      1.17015787	     -0.12698368	    -47.74833391	      7.28102215	     39.03448240	     47.38130391	      6.03275348	      6.51103688	     54.71597829	     45.76949752	    -51.35304008	    123.39543406	     99.66898549
     27.85000000	     10.42317752	   -173.74904857	      0.00000000	      0.10282757	      1.17028466	     -0.12690744	    -47.81984076	      7.27220774	     39.16309752	     47.50997378	      6.06712876	      6.82745395	     54.24728608	     45.69455085	    -51.10899102	    123.33200204	     99.49831983
     27.86000000	     10.38270430	   -173.76387995	      0.00000000	      0.10279490	      1.17046866	     -0.12692403	    -47.85190394	      7.27242295	     39.21363406	     47.28568671	      6.24297012	      6.85953191	     54.61302450	     45.86180098	    -51.59795609	    123.18302850	    100.95436950
     27.87000000	     10.37436043	   -173.73374657	      0.00000000	      0.10284542	      1.17062480	     -0.12685221	    -47.92978459	      7.23273307	     39.34041644	     47.44103574	      6.28385529	      7.15664666	     54.11862242	     45.81381018	    -51.33474793	    123.10895231	    100.69662701
     27.88000000	     10.33122998	   -173.69508474	      0.00000000	      0.10277743	      1.17065084	     -0.12695425	    -48.01674791	      7.29719882	     39.35963671	     47.04757618	      6.43787628	      7.11573556	     54.73879851	     46.11079975	    -52.00601291	    122.91553282	    102.45004904
     27.89000000	     10.32430856	   -173.73922316	      0.00000000	      0.10285881	      1.17089292	     -0.12686658	    -47.99075995	      7.22048674	     39.50092748	     47.24111723	      6.50432120	      7.40204706	     54.16985515	     46.01846627	    -51.68852551	    122.86916783	    102.09285171
     27.90000000	     10.29361067	   -173.75316018	      0.00000000	      0.10281866	      1.17104918	     -0.12684673	    -48.05291294	      7.21997765	     39.61819821	     47.18873474	      6.59316903	      7.61784293	     54.11916695	     45.98685768	    -51.73723784	    122.77130659	    102.48046383
     27.91000000	     10.25520912	   -173.75046032	      0.00000000	      0.10282902	      1.17118724	     -0.12690529	    -48.07027478	      7.21973911	     39.64520381	     46.99729080	      6.75219930	      7.64131016	     54.35311902	     46.19737620	    -52.14271219	    122.63336635	    103.68473632
     27.92000000	     10.22858366	   -173.71428992	      0.00000000	      0.10290473	      1.17134773	     -0.12689720	    -48.12616871	      7.19631747	     39.75460134	     47.12935071	      6.78637941	      7.91052116	     53.85015503	     46.15697324	    -51.85123130	    122.56542055	    103.37238435
     27.93000000	     10.19920419	   -173.73627267	      0.00000000	      0.10284195	      1.17146470	     -0.12697469	    -48.14761936	      7.18733667	     39.79526688	     46.84056156	      6.96373638	      7.90076619	     54.30195298	     46.38814246	    -52.36047514	    122.39267897	    104.54269032
     27.94000000	     10.17974548	   -173.70505592	      0.00000000	      0.10288245	      1.17156012	     -0.12697287	    -48.21769943	      7.17357815	     39.90579877	     46.94430484	      7.00231702	      8.17649551	     53.86246128	     46.34897724	    -52.12790104	    122.32183839	    104.22165493
     27.95000000	     10.15594380	   -173.67550925	      0.00000000	      0.10295059	      1.17167093	     -0.12701836	    -48.26903765	      7.16114008	     40.01367319	     46.98945228	      7.06060694	      8.40766155	     53.53015889	     46.32699659	    -51.99043213	    122.23631978	    104.13682381
     27.96000000	     10.18251026	   -173.82080768	      0.00000000	      0.10275087	      1.17153812	     -0.12698929	    -48.10521478	      7.15869333	     40.05256982	     47.03007880	      6.91130201	      8.75895816	     52.84021667	     46.51851947	    -51.34881094	    122.16599783	    103.68135038
     27.97000000	     10.08170096	   -173.73970695	      0.00000000	      0.10284957	      1.17194626	     -0.12717918	    -48.25840299	      7.12832548	     40.11131432	     46.52790160	      7.33938831	      8.40478801	     54.15883515	     46.74825024	    -52.76834255	    121.94210208	    106.27235537
     27.98000000	     10.05984720	   -173.69440264	      0.00000000	      0.10292973	      1.17203965	     -0.12721505	    -48.32273999	      7.11100413	     40.22391558	     46.66001469	      7.36224636	      8.68310379	     53.62774432	     46.69160022	    -52.46089980	    121.88421103	    105.90345728
     27.99000000	     10.07849862	   -173.85321337	      0.00000000	      0.10272129	      1.17188266	     -0.12720488	    -48.13286056	      7.12442251	     40.25727288	     46.70344587	      7.19031357	      9.04281777	     52.90161363	     46.87220861	    -51.77670265	    121.83078934	    105.35771125
     28.00000000	      9.97954997	   -173.72116459	      0.00000000	      0.10287747	      1.17227938	     -0.12745033	    -48.34334564	      7.09441521	     40.34323224	     46.26738167	      7.59687226	      8.75931590	     54.06858497	     46.99121721	    -53.04226207	    121.61352059	    107.42202003
     28.01000000	      9.94643493	   -173.69080274	      0.00000000	      0.10296812	      1.17237959	     -0.12750961	    -48.38850292	      7.08557738	     40.45307713	     46.40894656	      7.61162438	      9.03190824	     53.53449594	     46.91493377	    -52.73238173	    121.57556955	    107.06799023
     28.02000000	      9.91604173	   -173.73844933	      0.00000000	      0.10289159	      1.17247575	     -0.12763987	    -48.36137894	      7.06450924	     40.48912243	     46.11704607	      7.76248205	      9.00337382	     53.97575756	     47.14198157	    -53.20934346	    121.42373825	    108.32865240
     28.03000000	      9.89709976	   -173.68242999	      0.00000000	      0.10300455	      1.17257210	     -0.12771733	    -48.42818481	      7.03898321	     40.60421089	     46.25924414	      7.77975259	      9.26648889	     53.43730667	     47.07044389	    -52.90165566	    121.37902932	    107.89476590
     28.04000000	      9.83255983	   -173.73730099	      0.00000000	      0.10292439	      1.17268436	     -0.12789160	    -48.38819551	      7.05158068	     40.62289814	     45.90353165	      7.92317636	      9.19663721	     53.98451932	     47.29416724	    -53.41218555	    121.22861749	    109.10296328
     28.05000000	      9.80675912	   -173.74496549	      0.00000000	      0.10292704	      1.17278167	     -0.12798798	    -48.41120748	      7.03564670	     40.69209820	     45.82377716	      8.01200766	      9.31358812	     53.98579316	     47.34616541	    -53.52010747	    121.14684031	    109.47563211
     28.06000000	      9.78429399	   -173.73991883	      0.00000000	      0.10293418	      1.17284447	     -0.12806051	    -48.44844131	      7.01366695	     40.79649922	     45.91085476	      8.01816488	      9.58677807	     53.56023010	     47.27520955	    -53.21380597	    121.07419360	    109.11233779
     28.07000000	      9.74957266	   -173.73383391	      0.00000000	      0.10298496	      1.17291754	     -0.12815578	    -48.49270900	      7.03439416	     40.88156385	     45.84553238	      8.09328395	      9.71956663	     53.51828357	     47.23706704	    -53.26022350	    121.03137171	    109.24784941
     28.08000000	      9.69360547	   -173.75357320	      0.00000000	      0.10297680	      1.17304307	     -0.12837713	    -48.45017749	      7.01368057	     40.87943040	     45.52126858	      8.26131602	      9.60888470	     54.05525372	     47.50122920	    -53.86249833	    120.89777235	    110.63201974
     28.09000000	      9.67057078	   -173.71906093	      0.00000000	      0.10309662	      1.17312705	     -0.12847557	    -48.49115131	      6.99929646	     40.98469769	     45.65490363	      8.27618470	      9.85347701	     53.56591841	     47.39767124	    -53.56532405	    120.87519843	    110.17401112
     28.10000000	      9.62812460	   -173.78432256	      0.00000000	      0.10299748	      1.17322874	     -0.12864327	    -48.46608590	      6.98542636	     41.02390650	     45.32220860	      8.42167647	      9.79236306	     54.15574359	     47.56144296	    -54.08928845	    120.74274263	    111.25891903
     28.11000000	      9.59848795	   -173.73784704	      0.00000000	      0.10312662	      1.17329432	     -0.12877907	    -48.51516257	      6.98693608	     41.11749360	     45.39296400	      8.45150823	      9.99770366	     53.79019998	     47.46498162	    -53.88092569	    120.72347120	    110.96133261
     28.12000000	      9.54982695	   -173.78266136	      0.00000000	      0.10307127	      1.17342842	     -0.12892969	    -48.48153449	      6.96231323	     41.12691411	     45.12741267	      8.58100641	      9.90384157	     54.25325895	     47.68508431	    -54.35884763	    120.61135455	    112.14335598
     28.13000000	      9.53052527	   -173.75630761	      0.00000000	      0.10316512	      1.17350917	     -0.12900788	    -48.52242486	      6.93376802	     41.21827421	     45.30265175	      8.58364555	     10.17253669	     53.71639284	     47.54913385	    -53.99067125	    120.58329936	    111.47942994
     28.14000000	      9.48184452	   -173.80243084	      0.00000000	      0.10312427	      1.17359526	     -0.12921120	    -48.49738979	      6.94031813	     41.23084702	     44.93771021	      8.73472420	     10.05212772	     54.37944285	     47.73959882	    -54.61297182	    120.48742486	    112.84930617
     28.15000000	      9.44996354	   -173.81247582	      0.00000000	      0.10315553	      1.17367181	     -0.12934508	    -48.50723178	      6.93143718	     41.28457027	     44.87096499	      8.80022325	     10.14057637	     54.39252958	     47.74528762	    -54.71404311	    120.44540610	    113.27828037
     28.16000000	      9.42380930	   -173.79313413	      0.00000000	      0.10322840	      1.17373696	     -0.12943320	    -48.54120965	      6.91790708	     41.36699096	     45.00849263	      8.79869810	     10.35471439	     53.95869769	     47.63635772	    -54.43068492	    120.42672036	    112.83134647
     28.17000000	      9.39069698	   -173.87114182	      0.00000000	      0.10319575	      1.17382833	     -0.12954036	    -48.50384568	      6.90483925	     41.38702424	     44.78321331	      8.94193569	     10.29089684	     54.42370251	     47.74806902	    -54.94174194	    120.34878684	    113.86782706
     28.18000000	      9.36304083	   -173.80187529	      0.00000000	      0.10331609	      1.17390646	     -0.12970085	    -48.57055819	      6.89217724	     41.45743406	     44.88874482	      8.92827632	     10.49404461	     53.99812666	     47.65023754	    -54.61240669	    120.34215455	    113.44090406
     28.19000000	      9.32070265	   -173.84370729	      0.00000000	      0.10328786	      1.17400440	     -0.12988216	    -48.54067198	      6.87819663	     41.57972288	     44.58123640	      8.97404672	     10.24820898	     54.61038938	     47.87699769	    -55.15639245	    120.23918423	    114.40804251
     28.20000000	      9.29466451	   -173.85943727	      0.00000000	      0.10332248	      1.17408457	     -0.13000391	    -48.54862605	      6.86311772	     41.65262587	     44.55514929	      9.01063518	     10.30473515	     54.60000017	     47.86383333	    -55.25304382	    120.21598112	    114.90888374
     28.21000000	      9.27330761	   -173.86926165	      0.00000000	      0.10334488	      1.17414870	     -0.13011053	    -48.56685218	      6.84462514	     41.70710332	     44.49890168	      9.05399550	     10.33771186	     54.65476241	     47.89087474	    -55.34719924	    120.16985225	    115.02653724
     28.22000000	      9.23491249	   -173.87397011	      0.00000000	      0.10339056	      1.17423147	     -0.13025698	    -48.56300249	      6.84108503	     41.80672074	     44.43368411	      9.04169514	     10.27486911	     54.71505599	     47.96380507	    -55.43539680	    120.11543059	    115.17116669
     28.23000000	      9.21629003	   -173.87305793	      0.00000000	      0.10342918	      1.17432376	     -0.13036481	    -48.58991478	      6.81111796	     41.97664953	     44.46138962	      8.99740949	     10.26838239	     54.63792431	     47.95030507	    -55.48246365	    120.10767692	    115.76184190
     28.24000000	      9.20859916	   -173.63592275	      0.00000000	      0.10387476	      1.17446579	     -0.13038832	    -48.81096295	      6.75870610	     42.14915476	     45.41364679	      8.80791359	     10.96106500	     52.48542970	     47.31785197	    -53.93110080	    120.27183082	    113.38612419
     28.25000000	      9.16938318	   -173.88617274	      0.00000000	      0.10349325	      1.17447880	     -0.13057831	    -48.61846681	      6.77194406	     42.02633854	     44.40883166	      9.08765949	     10.33545034	     54.64681303	     48.02031330	    -55.61736683	    120.03746143	    116.28739438
     28.26000000	      9.10059491	   -173.98959554	      0.00000000	      0.10339380	      1.17456830	     -0.13064255	    -48.50751191	      6.79748329	     42.00342932	     44.43090952	      9.00814299	     10.43013127	     54.42531410	     48.07918482	    -55.36885549	    120.04944493	    116.01140693
     28.27000000	      9.12654904	   -173.88880254	      0.00000000	      0.10358017	      1.17461328	     -0.13077726	    -48.66297236	      6.74216984	     42.08744379	     44.44721994	      9.14113220	     10.44324571	     54.48623052	     48.03523292	    -55.67671451	    120.01712940	    117.10925771
     28.28000000	      9.10758401	   -173.85339311	      0.00000000	      0.10369009	      1.17468720	     -0.13084709	    -48.71465796	      6.72017513	     42.18671736	     44.67257236	      9.08203858	     10.57366551	     53.98211751	     47.93420036	    -55.35040254	    120.01968784	    116.61761922
     28.29000000	      9.08920452	   -173.88860100	      0.00000000	      0.10365897	      1.17475833	     -0.13097039	    -48.69231438	      6.69472738	     42.20526595	     44.46907818	      9.14013404	     10.41811853	     54.39027573	     48.13994779	    -55.72375440	    119.95508685	    117.49534617
     28.30000000	      9.08645526	   -173.92334838	      0.00000000	      0.10363774	      1.17478305	     -0.13102673	    -48.68313512	      6.66402936	     42.22651613	     44.53429786	      9.13199525	     10.48959342	     54.21677462	     48.17809693	    -55.61200605	    119.91334483	    117.36067186
     28.31000000	      9.06163626	   -173.95538785	      0.00000000	      0.10364524	      1.17483092	     -0.13109805	    -48.67633004	      6.66403324	     42.24316024	     44.53971390	      9.12683721	     10.52680115	     54.14958596	     48.21052166	    -55.57623591	    119.89708646	    117.30984469
     28.32000000	      9.03345318	   -173.90762896	      0.00000000	      0.10376855	      1.17494964	     -0.13124234	    -48.74529898	      6.63387330	     42.36855310	     44.53418770	      9.15368560	     10.38175605	     54.26648704	     48.26454619	    -55.82143876	    119.85895860	    118.07889598
     28.33000000	      9.01113227	   -173.88604456	      0.00000000	      0.10381393	      1.17502464	     -0.13135367	    -48.78447102	      6.61105944	     42.70436822	     44.60584520	      8.94473274	     10.16826033	     54.17517173	     48.30893171	    -55.80252442	    119.82904091	    118.28711480
     28.34000000	      8.99497506	   -173.91063965	      0.00000000	      0.10386403	      1.17508613	     -0.13141017	    -48.77774307	      6.58889092	     42.77444562	     44.65337967	      8.93715058	     10.12487777	     54.10918512	     48.35821093	    -55.84029540	    119.80393051	    118.51522540
     28.35000000	      8.97674176	   -173.92071912	      0.00000000	      0.10389241	      1.17514551	     -0.13148004	    -48.78987497	      6.57182487	     42.79231931	     44.69739004	      8.94539676	     10.13510413	     54.02385171	     48.40254365	    -55.85162198	    119.78522738	    118.81652082
     28.36000000	      8.97272471	   -173.88381434	      0.00000000	      0.10399634	      1.17517440	     -0.13153701	    -48.84265583	      6.54831789	     42.81970413	     44.89390704	      8.93547932	     10.26342458	     53.59683145	     48.34419001	    -55.58877562	    119.78397280	    118.44379331
     28.37000000	      8.95109173	   -173.87755844	      0.00000000	      0.10405756	      1.17523906	     -0.13161165	    -48.87191703	      6.52766738	     42.84400680	     44.99845372	      8.94234363	     10.30300920	     53.39031044	     48.34228842	    -55.48846375	    119.76111980	    118.37661593
     28.38000000	      8.92825111	   -173.93661172	      0.00000000	      0.10400776	      1.17526553	     -0.13173444	    -48.83036176	      6.52373946	     42.93770204	     44.79701534	      8.92626641	     10.05987316	     53.84479807	     48.55240045	    -55.89097405	    119.69005752	    119.21677291
     28.39000000	      8.91774655	   -173.93920120	      0.00000000	      0.10405568	      1.17530765	     -0.13180235	    -48.84543251	      6.49852539	     42.95876626	     44.90034888	      8.92637874	     10.12536642	     53.61718818	     48.54356044	    -55.76003098	    119.67171598	    119.17753247
     28.40000000	      8.90551282	   -173.89546015	      0.00000000	      0.10417401	      1.17531871	     -0.13186969	    -48.91054115	      6.49396742	     42.97614792	     44.99751921	      8.94729838	     10.16223270	     53.42868289	     48.53774467	    -55.72947540	    119.66421852	    119.13194512
     28.41000000	      8.89667146	   -173.91267297	      0.00000000	      0.10421198	      1.17534518	     -0.13195876	    -48.90803754	      6.47530417	     42.98378156	     45.03772072	      8.96568139	     10.19056300	     53.32836564	     48.56235933	    -55.67515510	    119.62649910	    119.14665291
     28.42000000	      8.87055738	   -173.93753283	      0.00000000	      0.10423506	      1.17537091	     -0.13201493	    -48.89500395	      6.47275035	     42.97460200	     45.09749089	      8.96297780	     10.22185709	     53.17951018	     48.59703063	    -55.58880570	    119.60639787	    119.11697286
     28.43000000	      8.87843467	   -174.01165379	      0.00000000	      0.10419750	      1.17534303	     -0.13211955	    -48.83071870	      6.45552050	     42.95575984	     44.94556240	      9.02700688	     10.12030436	     53.48095928	     48.76131088	    -55.88811850	    119.55478075	    119.77165340
     28.44000000	      8.83870009	   -174.00357807	      0.00000000	      0.10424661	      1.17541686	     -0.13222292	    -48.85417094	      6.44853084	     42.93564734	     44.96730111	      9.04630167	     10.13445474	     53.42775777	     48.78741675	    -55.88402012	    119.52744034	    120.06787171
     28.45000000	      8.82057658	   -173.99550399	      0.00000000	      0.10432284	      1.17547450	     -0.13228740	    -48.88409986	      6.42885559	     42.94248323	     45.03782282	      9.06698257	     10.17582311	     53.28737795	     48.77294631	    -55.81580838	    119.50791128	    119.97718078
     28.46000000	      8.83482421	   -174.10286685	      0.00000000	      0.10421795	      1.17535644	     -0.13228150	    -48.76265394	      6.42208749	     42.91031274	     45.18387430	      8.95183380	     10.32486235	     52.80407685	     48.85561906	    -55.37871081	    119.48323903	    119.54174228
     28.47000000	      8.79810724	   -173.96436980	      0.00000000	      0.10451477	      1.17544941	     -0.13245032	    -48.92217134	      6.43526300	     42.92755256	     45.22136104	      9.09380791	     10.32752578	     52.81984522	     48.70771860	    -55.53337329	    119.47933309	    119.31430068
     28.48000000	      8.82934739	   -174.13713291	      0.00000000	      0.10428917	      1.17528700	     -0.13238887	    -48.75076327	      6.43100336	     42.88260905	     45.31065970	      8.93061771	     10.50052339	     52.39562308	     48.84029892	    -55.07895695	    119.45799490	    118.91114345
     28.49000000	      8.75180853	   -174.04920531	      0.00000000	      0.10447773	      1.17549422	     -0.13265291	    -48.85193838	      6.42434201	     42.81328332	     44.92631445	      9.22899314	     10.13762889	     53.40840482	     49.00077485	    -56.03522176	    119.38313285	    120.48191307
     28.50000000	      8.74660398	   -174.03596844	      0.00000000	      0.10455858	      1.17547028	     -0.13269764	    -48.88302982	      6.42810660	     42.83671760	     45.11287811	      9.19744033	     10.29646543	     52.98414129	     48.86961600	    -55.75300037	    119.40338871	    120.12363608
     28.51000000	      8.72880469	   -174.07897622	      0.00000000	      0.10455544	      1.17548195	     -0.13280475	    -48.84312957	      6.42737399	     42.75367433	     44.93480876	      9.29306798	     10.20452731	     53.32502249	     49.00964953	    -56.03437925	    119.35948285	    120.68878706
     28.52000000	      8.73302346	   -174.09492628	      0.00000000	      0.10458004	      1.17546562	     -0.13283968	    -48.83909032	      6.41032036	     42.74146521	     45.03570528	      9.27992761	     10.30121661	     53.07178923	     48.98203724	    -55.81844159	    119.33713996	    120.27761574
     28.53000000	      8.72011544	   -174.06348024	      0.00000000	      0.10470723	      1.17546256	     -0.13293799	    -48.88216272	      6.42262581	     42.74114896	     45.11118938	      9.31579873	     10.37163073	     52.91003142	     48.87406707	    -55.74196248	    119.34298712	    119.97254336
     28.54000000	      8.70648867	   -174.06494171	      0.00000000	      0.10470440	      1.17546264	     -0.13296759	    -48.91356826	      6.41796009	     42.71302286	     45.18176679	      9.32514774	     10.43720168	     52.79528160	     48.83859698	    -55.66083828	    119.31430741	    119.73298505
     28.55000000	      8.70790704	   -174.09155826	      0.00000000	      0.10473691	      1.17544326	     -0.13304671	    -48.87858835	      6.41000446	     42.67896838	     45.21515109	      9.32273772	     10.50920818	     52.63336567	     48.83145001	    -55.47574275	    119.30026083	    119.39570490
     28.56000000	      8.68964374	   -174.14774113	      0.00000000	      0.10470013	      1.17541716	     -0.13318808	    -48.81879322	      6.43895099	     42.59093237	     44.89459906	      9.43248256	     10.30193055	     53.27583032	     49.03401671	    -56.02589018	    119.28098448	    120.75679147
     28.57000000	      8.69458593	   -174.09941233	      0.00000000	      0.10483883	      1.17536523	     -0.13322624	    -48.86851677	      6.44527287	     42.58205522	     45.15369334	      9.39534450	     10.50247686	     52.69035571	     48.86126099	    -55.58183662	    119.31221384	    119.91136990
     28.58000000	      8.67880675	   -174.15280403	      0.00000000	      0.10478601	      1.17537413	     -0.13334146	    -48.82834673	      6.44900496	     42.49379958	     44.90657474	      9.49458178	     10.35921078	     53.21906147	     49.00152326	    -55.97633608	    119.27799254	    120.74368735
     28.59000000	      8.67814325	   -174.14744640	      0.00000000	      0.10482999	      1.17535140	     -0.13339164	    -48.85491849	      6.46006558	     42.47650635	     45.02117035	      9.48756384	     10.47475328	     52.96856835	     48.87051505	    -55.74739813	    119.29783032	    120.23843166
     28.60000000	      8.68319485	   -174.18280304	      0.00000000	      0.10480896	      1.17530287	     -0.13344721	    -48.83027298	      6.46840141	     42.39330104	     44.94920013	      9.53957366	     10.41411384	     53.13027173	     48.95914315	    -55.88096207	    119.27112493	    120.55299592
     28.61000000	      8.68673663	   -174.16176354	      0.00000000	      0.10486826	      1.17526017	     -0.13351364	    -48.84743185	      6.47041201	     42.36272825	     45.09211874	      9.50088416	     10.53576430	     52.79323335	     48.85166753	    -55.55929365	    119.28468003	    119.92203410
     28.62000000	      8.68201272	   -174.18017507	      0.00000000	      0.10487584	      1.17524571	     -0.13362972	    -48.83086746	      6.47996115	     42.27706220	     44.96891193	      9.57632708	     10.43635178	     53.09172253	     48.91375398	    -55.79545685	    119.27681690	    120.31348131
     28.63000000	      8.68572399	   -174.14544516	      0.00000000	      0.10495250	      1.17520284	     -0.13367727	    -48.87099295	      6.48880914	     42.25439193	     45.16762359	      9.52391614	     10.58254908	     52.65256643	     48.76395968	    -55.37979978	    119.30430507	    119.62021798
     28.64000000	      8.68300755	   -174.16377600	      0.00000000	      0.10488634	      1.17519461	     -0.13373434	    -48.91314710	      6.49766811	     42.22823889	     45.19012325	      9.53124654	     10.64289286	     52.70116102	     48.63645389	    -55.31324991	    119.29714671	    119.34479008
     28.65000000	      8.72847692	   -174.19688181	      0.00000000	      0.10490623	      1.17499805	     -0.13377875	    -48.83226683	      6.52628432	     42.14441777	     45.30377864	      9.42705611	     10.74359408	     52.26430913	     48.65206965	    -54.85989869	    119.33538946	    118.60912935
     28.66000000	      8.68726711	   -174.19073528	      0.00000000	      0.10491091	      1.17508706	     -0.13396362	    -48.84604241	      6.53187453	     42.01303715	     45.01159039	      9.58868897	     10.45952861	     53.04892340	     48.79247944	    -55.43048788	    119.29057751	    119.45789760
     28.67000000	      8.69440259	   -174.20168311	      0.00000000	      0.10494044	      1.17504098	     -0.13400203	    -48.84422200	      6.53771176	     41.98573874	     45.08865700	      9.55497314	     10.45164433	     52.95361439	     48.71790079	    -55.27155804	    119.30610652	    119.05197640
     28.68000000	      8.73686572	   -174.19802598	      0.00000000	      0.10492455	      1.17490874	     -0.13396949	    -48.84780743	      6.53808514	     41.92412026	     45.38156207	      9.41289267	     10.65371445	     52.26032508	     48.61186266	    -54.56575441	    119.36528606	    118.04065432
     28.69000000	      8.71856373	   -174.21697722	      0.00000000	      0.10494334	      1.17492873	     -0.13416198	    -48.83747390	      6.56532003	     41.83011239	     45.16086685	      9.54881685	     10.46574115	     52.89202207	     48.58936125	    -55.01471239	    119.36234406	    118.60585700
     28.70000000	      8.70342069	   -174.16522457	      0.00000000	      0.10498095	      1.17486831	     -0.13430770	    -48.87432878	      6.60227347	     41.71835724	     45.18176754	      9.50421241	     10.47067419	     52.82825911	     48.54573384	    -54.78375831	    119.38262132	    118.20867251
     28.71000000	      8.72328538	   -174.13998891	      0.00000000	      0.10503772	      1.17479214	     -0.13434585	    -48.90417751	      6.61191146	     41.66366543	     45.43793614	      9.41726639	     10.61769252	     52.32692016	     48.34071383	    -54.23608930	    119.45789561	    117.33274843
     28.72000000	      8.73183904	   -174.16725448	      0.00000000	      0.10496519	      1.17473610	     -0.13444535	    -48.89493993	      6.62669251	     41.53658587	     45.27320327	      9.45383381	     10.48375695	     52.76397264	     48.38333284	    -54.36913160	    119.43539185	    117.32502954
     28.73000000	      8.73904296	   -174.12657557	      0.00000000	      0.10503456	      1.17466018	     -0.13455045	    -48.91725888	      6.65099665	     41.45934299	     45.47720950	      9.37324214	     10.58249993	     52.36713493	     48.19398339	    -53.88392609	    119.51656638	    116.51043268
     28.74000000	      8.74044854	   -174.13742841	      0.00000000	      0.10500754	      1.17460871	     -0.13466211	    -48.90118029	      6.66590304	     41.31409956	     45.37971658	      9.38626868	     10.45449899	     52.66140750	     48.22578945	    -53.89215046	    119.50822043	    116.32541234
     28.75000000	      8.76353931	   -174.10340526	      0.00000000	      0.10507269	      1.17450193	     -0.13474337	    -48.92207020	      6.68839787	     41.23440221	     45.57869298	      9.29600554	     10.55521250	     52.26789062	     48.02819116	    -53.37000248	    119.59355726	    115.49934632
     28.76000000	      8.77037200	   -174.07190032	      0.00000000	      0.10509553	      1.17445023	     -0.13482419	    -48.95432841	      6.69874103	     41.14020530	     45.75431852	      9.22002061	     10.61208862	     52.00083002	     47.85055645	    -52.92115939	    119.66038807	    114.75807687
     28.77000000	      8.77299534	   -174.09100712	      0.00000000	      0.10504964	      1.17439909	     -0.13495500	    -48.92110851	      6.71188648	     40.96545997	     45.58583976	      9.23781704	     10.41542097	     52.46486795	     47.92365031	    -52.98196851	    119.64094486	    114.50259662
     28.78000000	      8.81033275	   -174.07615830	      0.00000000	      0.10504562	      1.17427419	     -0.13502254	    -48.90454704	      6.71806923	     40.84450175	     45.80962790	      9.09444084	     10.50413450	     52.00257021	     47.80175585	    -52.32125304	    119.73048784	    113.67642021
     28.79000000	      8.79395990	   -174.05587804	      0.00000000	      0.10506559	      1.17426759	     -0.13515276	    -48.92918637	      6.73901736	     40.71299756	     45.75832023	      9.10436755	     10.37956969	     52.29736058	     47.68561565	    -52.25642170	    119.75449536	    113.18559355
     28.80000000	      8.82244488	   -174.01572388	      0.00000000	      0.10513670	      1.17416919	     -0.13523076	    -48.94768634	      6.74986544	     40.60781773	     45.96706349	      9.00131523	     10.44245473	     51.93064318	     47.48089596	    -51.69379318	    119.85434545	    112.40698836
     28.81000000	      8.83371692	   -173.97495438	      0.00000000	      0.10518300	      1.17410137	     -0.13530896	    -48.97513739	      6.76203305	     40.49293197	     46.16721337	      8.90487347	     10.47723095	     51.63675183	     47.27565842	    -51.16323517	    119.94708637	    111.64606774
     28.82000000	      8.83630106	   -173.98923897	      0.00000000	      0.10512227	      1.17404906	     -0.13544441	    -48.93711701	      6.77016479	     40.30962259	     46.05038950	      8.87833116	     10.29284340	     52.01397916	     47.28704584	    -51.03318574	    119.94281557	    110.96594429
     28.83000000	      8.85839178	   -173.94298808	      0.00000000	      0.10519413	      1.17396150	     -0.13551940	    -48.95057585	      6.77925205	     40.18320822	     46.29805228	      8.75998858	     10.33661727	     51.60797686	     47.07637969	    -50.41392550	    120.06166191	    110.19218548
     28.84000000	      8.90943602	   -174.01732480	      0.00000000	      0.10506179	      1.17371743	     -0.13557898	    -48.79570262	      6.78647782	     39.99877355	     46.49845812	      8.48689330	     10.44629307	     51.03099472	     47.04132808	    -49.51094239	    120.16923974	    109.39469278
     28.85000000	      8.88214178	   -173.90262771	      0.00000000	      0.10519613	      1.17385115	     -0.13572529	    -48.93338120	      6.77976507	     39.85608770	     46.42368109	      8.61621497	     10.15721547	     51.64155943	     46.87206372	    -49.60970288	    120.15225050	    108.46842785
     28.86000000	      8.94275622	   -173.98273793	      0.00000000	      0.10507488	      1.17359897	     -0.13580065	    -48.74330174	      6.78078486	     39.66006573	     46.63509770	      8.33138331	     10.26083825	     51.01539484	     46.83258428	    -48.67008678	    120.28154687	    107.70714854
     28.87000000	      8.93162072	   -173.82002935	      0.00000000	      0.10530455	      1.17372958	     -0.13583806	    -48.92514467	      6.74678480	     39.57098918	     46.99794898	      8.33993528	     10.22683710	     50.69790242	     46.45422877	    -48.15631811	    120.40703968	    106.98473975
     28.88000000	      8.93137936	   -173.81163351	      0.00000000	      0.10529845	      1.17363931	     -0.13600131	    -48.89038036	      6.78013790	     39.35621860	     46.78667057	      8.35663511	      9.91520117	     51.35329722	     46.45576840	    -48.17329780	    120.38553720	    105.85701212
     28.89000000	      8.95922715	   -173.76208521	      0.00000000	      0.10534770	      1.17359639	     -0.13602849	    -48.89228897	      6.75230792	     39.20360411	     47.09599772	      8.21298057	      9.94205044	     50.86295091	     46.23649437	    -47.41572729	    120.51628044	    105.14541672
     28.90000000	      8.98026928	   -173.70870189	      0.00000000	      0.10541591	      1.17347501	     -0.13610549	    -48.90481929	      6.78066484	     39.05516100	     47.31346171	      8.08683635	      9.94131447	     50.55636909	     45.97905112	    -46.79360118	    120.65163244	    104.36593158
     28.91000000	      8.98842792	   -173.70296597	      0.00000000	      0.10539547	      1.17345046	     -0.13622752	    -48.84618803	      6.75363941	     38.81589420	     47.20569821	      8.07611723	      9.63667870	     51.01701542	     46.01618019	    -46.60387987	    120.63034168	    103.14114626
     28.92000000	      9.01777326	   -173.68538526	      0.00000000	      0.10538567	      1.17338084	     -0.13624721	    -48.84191639	      6.73583299	     38.64644219	     47.29341187	      8.02422138	      9.45858611	     51.15835707	     45.88369022	    -46.40448385	    120.72030438	    103.12433365
     28.93000000	      9.02644679	   -173.64719140	      0.00000000	      0.10542497	      1.17336050	     -0.13634270	    -48.82573585	      6.72608415	     38.46648282	     47.35803824	      7.97115468	      9.26297007	     51.29711364	     45.74557625	    -46.15010660	    120.79736471	    103.06854866
     28.94000000	      9.02531012	   -173.59555864	      0.00000000	      0.10550237	      1.17335105	     -0.13647976	    -48.79767893	      6.72737521	     38.27069315	     47.39950897	      7.90488925	      9.05515662	     51.41017202	     45.61626469	    -45.83687881	    120.85800457	    102.92867823
     28.95000000	      9.04568342	   -173.53350626	      0.00000000	      0.10559879	      1.17326220	     -0.13656380	    -48.72708417	      6.68988615	     38.07622173	     47.76083952	      7.66486361	      9.08652824	     50.62857918	     45.43688516	    -44.45145363	    120.94845683	     99.44954867
     28.96000000	      9.08894069	   -173.52199794	      0.00000000	      0.10556024	      1.17314061	     -0.13650329	    -48.72264761	      6.67507607	     37.88875207	     47.87054351	      7.59743701	      8.89945192	     50.76911040	     45.29844458	    -44.26717031	    121.03827381	     99.44007938
     28.97000000	      9.09081259	   -173.47786397	      0.00000000	      0.10562585	      1.17314476	     -0.13660472	    -48.69239692	      6.65628808	     37.69374061	     47.94262814	      7.54808946	      8.67609541	     50.91018811	     45.14259340	    -44.00423463	    121.10717302	     99.39210815
     28.98000000	      9.09196289	   -173.42319350	      0.00000000	      0.10571412	      1.17313002	     -0.13672051	    -48.65251587	      6.65176643	     37.48131606	     47.99443155	      7.48008139	      8.44468073	     51.02491472	     45.00631951	    -43.69930773	    121.16376768	     99.27119171
     28.99000000	      9.10146952	   -173.35676068	      0.00000000	      0.10581340	      1.17304894	     -0.13678828	    -48.56506700	      6.61725227	     37.24951910	     48.31824063	      7.23368068	      8.41520761	     50.32519495	     44.86439936	    -42.38617759	    121.26346828	     96.01485823
     29.00000000	      9.13893247	   -173.33493017	      0.00000000	      0.10582728	      1.17296735	     -0.13676611	    -48.54224067	      6.58823976	     37.05450041	     48.42152992	      7.17769066	      8.20082685	     50.46573231	     44.70330655	    -42.18009850	    121.33904630	     96.00207171
     29.01000000	      9.14438234	   -173.28786889	      0.00000000	      0.10590361	      1.17295885	     -0.13684033	    -48.49960976	      6.56655600	     36.84115830	     48.49566817	      7.11661630	      7.96075350	     50.60014982	     44.54121897	    -41.91906436	    121.40032558	     95.94686736
     29.02000000	      9.12648346	   -173.20478146	      0.00000000	      0.10609270	      1.17289708	     -0.13704423	    -48.36356830	      6.56574856	     36.56242347	     48.63891918	      6.92395622	      7.78320989	     50.23098296	     44.46873961	    -40.99338044	    121.51569681	     93.94986883
     29.03000000	      9.17152777	   -173.19329431	      0.00000000	      0.10605080	      1.17281768	     -0.13693820	    -48.35768349	      6.51528079	     36.36471062	     48.77319097	      6.85887604	      7.57695665	     50.37965665	     44.29676935	    -40.79077693	    121.55700845	     93.92464418
     29.04000000	      9.18373228	   -173.14884256	      0.00000000	      0.10612230	      1.17280383	     -0.13698067	    -48.31287159	      6.48214431	     36.14816178	     48.85732680	      6.79405155	      7.33556557	     50.51383208	     44.11799493	    -40.54096350	    121.61318505	     93.85844981
     29.05000000	      9.18187836	   -173.08935327	      0.00000000	      0.10623612	      1.17275090	     -0.13706869	    -48.19997339	      6.43431628	     35.87450605	     49.05661078	      6.59191542	      7.18225224	     50.11128942	     44.03635779	    -39.53903435	    121.68670584	     91.45137194
     29.06000000	      9.22043497	   -173.05686516	      0.00000000	      0.10627819	      1.17265605	     -0.13702886	    -48.15960195	      6.40508273	     35.66240451	     49.15612660	      6.52011690	      6.95567582	     50.24754490	     43.84347241	    -39.34849657	    121.76948327	     91.43600182
     29.07000000	      9.22844487	   -173.00750620	      0.00000000	      0.10637423	      1.17263143	     -0.13707309	    -48.10105216	      6.37744576	     35.43421615	     49.22709837	      6.44370260	      6.70633338	     50.37840602	     43.65563989	    -39.11192228	    121.83159681	     91.38790719
     29.08000000	      9.22683924	   -172.95542941	      0.00000000	      0.10652404	      1.17257086	     -0.13717939	    -47.93944515	      6.33616002	     35.13263495	     49.34915167	      6.25423865	      6.48646035	     50.08989486	     43.61037716	    -38.29194265	    121.92953613	     89.55769127
     29.09000000	      9.25544630	   -172.92125975	      0.00000000	      0.10655432	      1.17250345	     -0.13711972	    -47.91030454	      6.29520867	     34.91679948	     49.45033424	      6.17235131	      6.26432097	     50.23359631	     43.40651909	    -38.09260430	    121.98737418	     89.53679966
     29.10000000	      9.25218426	   -172.84969167	      0.00000000	      0.10671435	      1.17245482	     -0.13722524	    -47.80572178	      6.25863770	     34.65969520	     49.59528975	      5.99740288	      6.10202102	     49.95875740	     43.21964598	    -37.30691113	    122.08750612	     87.78060428
     29.11000000	      9.28879944	   -172.81784682	      0.00000000	      0.10675240	      1.17236436	     -0.13715346	    -47.75792889	      6.21557402	     34.43348342	     49.68187644	      5.90743191	      5.87055951	     50.09377130	     43.03342217	    -37.11894767	    122.16126652	     87.77891227
     29.12000000	      9.25826307	   -172.74676153	      0.00000000	      0.10692804	      1.17241559	     -0.13740571	    -47.57619212	      6.16007892	     34.11383472	     49.63234071	      5.74778116	      5.56551328	     50.11074037	     42.99297792	    -36.67454363	    122.20365210	     87.39207417
     29.13000000	      9.30037464	   -172.72625863	      0.00000000	      0.10697551	      1.17225985	     -0.13727055	    -47.53635144	      6.13241902	     33.89489377	     49.74462553	      5.66472738	      5.33909282	     50.23487215	     42.78795789	    -36.50242744	    122.28962853	     87.34569586
     29.14000000	      9.36806433	   -172.70224121	      0.00000000	      0.10697917	      1.17206251	     -0.13709732	    -47.50139607	      6.09957102	     33.66654226	     49.83192378	      5.55163451	      5.13050244	     50.35046638	     42.61121337	    -36.34686285	    122.36460526	     87.31819100
     29.15000000	      9.32575036	   -172.61132477	      0.00000000	      0.10725961	      1.17212459	     -0.13731708	    -47.32570673	      6.03655756	     33.37387098	     49.94983077	      5.34030193	      4.94800153	     49.91315273	     42.44976408	    -35.31134271	    122.50305255	     84.74218549
     29.16000000	      9.40821082	   -172.59405135	      0.00000000	      0.10722194	      1.17187862	     -0.13713660	    -47.29647831	      5.99638106	     33.14871478	     50.04096125	      5.21647627	      4.75629074	     50.02400247	     42.28149079	    -35.18574390	    122.56775514	     84.74775865
     29.17000000	      9.34505468	   -172.55336427	      0.00000000	      0.10742152	      1.17199776	     -0.13730377	    -47.08662958	      5.93906450	     32.82781710	     50.05042216	      5.06688004	      4.44279187	     49.96098226	     42.19777418	    -34.70913737	    122.65194585	     84.28411225
     29.18000000	      9.36490382	   -172.48368066	      0.00000000	      0.10757740	      1.17197812	     -0.13734983	    -47.01745112	      5.88215402	     32.59515582	     50.06734310	      4.96468151	      4.20692625	     50.05963333	     41.97208999	    -34.50381317	    122.73337745	     84.22817248
     29.19000000	      9.37249071	   -172.43096341	      0.00000000	      0.10770599	      1.17193029	     -0.13736074	    -46.92896293	      5.83964233	     32.33887675	     50.08564268	      4.84049098	      3.96068086	     50.13834662	     41.79467368	    -34.27891116	    122.81630353	     84.13707901
     29.20000000	      9.41368120	   -172.39282660	      0.00000000	      0.10776918	      1.17179010	     -0.13729577	    -46.84959027	      5.80121153	     32.08784284	     50.12630297	      4.71077236	      3.73078238	     50.21007220	     41.64704581	    -34.07308261	    122.89315281	     84.04494421
     29.21000000	      9.42919480	   -172.34794185	      0.00000000	      0.10788360	      1.17174684	     -0.13729608	    -46.74825768	      5.75146601	     31.82616777	     50.14385928	      4.58321425	      3.47970742	     50.26241478	     41.49734463	    -33.84451608	    122.96849797	     83.92700649
     29.22000000	      9.44626010	   -172.30977347	      0.00000000	      0.10801201	      1.17162817	     -0.13728559	    -46.57492745	      5.66293754	     31.51983787	     50.37901133	      4.26229007	      3.40947632	     49.49203025	     41.42253912	    -32.65977737	    123.15446127	     81.37792595
     29.23000000	      9.49442741	   -172.27591890	      0.00000000	      0.10807709	      1.17152302	     -0.13718299	    -46.51793085	      5.60677708	     31.29039931	     50.43319136	      4.14765306	      3.19463731	     49.58067856	     41.23170340	    -32.51776044	    123.23289834	     81.37432520
     29.24000000	      9.49789070	   -172.21889667	      0.00000000	      0.10825638	      1.17146717	     -0.13722604	    -46.37272860	      5.55360718	     31.00658710	     50.56248974	      3.89921799	      3.07171873	     49.10148629	     41.08368107	    -31.78763722	    123.37821250	     80.44395124
     29.25000000	      9.53374891	   -172.18386951	      0.00000000	      0.10832866	      1.17141139	     -0.13714948	    -46.30306676	      5.49478012	     30.76873809	     50.60437514	      3.78377816	      2.84297478	     49.17639186	     40.91090249	    -31.64381573	    123.43867185	     80.44270672
     29.26000000	      9.53845320	   -172.13652850	      0.00000000	      0.10845546	      1.17139127	     -0.13716680	    -46.19890246	      5.43682070	     30.49688100	     50.60543259	      3.64063885	      2.59184363	     49.21258173	     40.78115042	    -31.46316878	    123.50561990	     80.41483099
     29.27000000	      9.58158673	   -172.09685266	      0.00000000	      0.10859307	      1.17124350	     -0.13712883	    -46.04821701	      5.37091737	     30.21219265	     50.79726720	      3.34845560	      2.52076665	     48.54919700	     40.70017610	    -30.60846918	    123.66467607	     79.36055250
     29.28000000	      9.60310622	   -172.06887053	      0.00000000	      0.10866149	      1.17121373	     -0.13706713	    -45.97583170	      5.30958199	     29.96700539	     50.84038218	      3.22258858	      2.29213684	     48.60492658	     40.54737158	    -30.46931679	    123.69572251	     79.36070212
     29.29000000	      9.68149853	   -172.05701659	      0.00000000	      0.10862567	      1.17099212	     -0.13687444	    -45.94161949	      5.26381594	     29.73748690	     50.89634167	      3.07254076	      2.11821785	     48.66169024	     40.42108811	    -30.37618841	    123.73676875	     79.36053665
     29.30000000	      9.65977572	   -172.00567053	      0.00000000	      0.10887122	      1.17103449	     -0.13697522	    -45.72012878	      5.17952319	     29.41403004	     51.08174462	      2.75867892	      2.01294418	     47.84418724	     40.38609089	    -29.41235869	    123.88251242	     78.53105170
     29.31000000	      9.68681202	   -171.98191447	      0.00000000	      0.10892211	      1.17099084	     -0.13691255	    -45.64726814	      5.11748743	     29.17427185	     51.12285315	      2.62686090	      1.79885147	     47.88263592	     40.24563805	    -29.29475821	    123.89385698	     78.53302637
     29.32000000	      9.71377130	   -171.95657691	      0.00000000	      0.10905030	      1.17086436	     -0.13690559	    -45.49264663	      5.07365640	     28.86880093	     51.11833317	      2.44738173	      1.53798423	     47.79810189	     40.29107799	    -29.04453481	    123.91417079	     78.49202239
     29.33000000	      9.75633564	   -171.92715702	      0.00000000	      0.10912751	      1.17078786	     -0.13682879	    -45.38963748	      4.98365116	     28.64375553	     51.38136106	      2.15059502	      1.57025537	     47.02962195	     40.10462873	    -28.22340007	    124.01840325	     77.95345819
     29.34000000	      9.88053542	   -171.90861119	      0.00000000	      0.10913268	      1.17045983	     -0.13664294	    -45.36375378	      4.95886470	     28.45126601	     51.44143199	      2.01012886	      1.44177756	     47.07235049	     39.98261520	    -28.18166964	    123.99529767	     77.95709205
     29.35000000	      9.81010265	   -171.91961836	      0.00000000	      0.10926482	      1.17062470	     -0.13670760	    -45.13513693	      4.86360999	     28.10553871	     51.44381431	      1.82621405	      1.12152808	     46.93395967	     40.06752929	    -27.88783852	    123.95573037	     77.94479769
     29.36000000	      9.84949425	   -171.91364095	      0.00000000	      0.10935069	      1.17051421	     -0.13661775	    -45.00948504	      4.80182865	     27.87459243	     51.63593345	      1.58218261	      1.09411671	     46.39433924	     39.93181521	    -27.36151882	    123.96515181	     77.98830885
     29.37000000	      9.88867236	   -171.90736579	      0.00000000	      0.10943018	      1.17040173	     -0.13653758	    -44.88209831	      4.74051911	     27.64315908	     51.79908376	      1.34469797	      1.05444089	     45.90991427	     39.82000372	    -26.87218897	    123.94994346	     78.02075438
     29.38000000	      9.92197582	   -171.89907147	      0.00000000	      0.10951493	      1.17030273	     -0.13646063	    -44.75785451	      4.67746992	     27.41478737	     51.95394750	      1.11757042	      1.00469975	     45.46515972	     39.71675715	    -26.42319684	    123.90995942	     78.04588014
     29.39000000	      9.96001449	   -171.89648873	      0.00000000	      0.10958004	      1.17018418	     -0.13637378	    -44.63492845	      4.61563638	     27.19589472	     52.07657600	      0.90517959	      0.94499671	     45.10508229	     39.62428814	    -26.04081427	    123.83105463	     78.07071348
     29.40000000	      9.99905540	   -171.89375671	      0.00000000	      0.10965811	      1.17006753	     -0.13629147	    -44.50479327	      4.55496597	     26.98302467	     52.18419944	      0.70058833	      0.88369790	     44.76612541	     39.53733281	    -25.67722645	    123.73154684	     78.10204944
     29.41000000	     10.03572511	   -171.88576660	      0.00000000	      0.10976506	      1.16994901	     -0.13622014	    -44.37312188	      4.49497923	     26.77804269	     52.27898878	      0.51323523	      0.81180500	     44.46726034	     39.45357545	    -25.35928331	    123.60380330	     78.13087409
     29.42000000	     10.07215147	   -171.89293922	      0.00000000	      0.10982655	      1.16983885	     -0.13613577	    -44.23567140	      4.43271845	     26.58488467	     52.35950375	      0.32267491	      0.76411488	     44.18885948	     39.36060180	    -25.04301000	    123.44361598	     78.18622562
     29.43000000	     10.10763558	   -171.87433670	      0.00000000	      0.10995853	      1.16973098	     -0.13605972	    -44.11293060	      4.37797378	     26.40773468	     52.43609281	      0.15830725	      0.70385910	     43.93966345	     39.25206123	    -24.77973781	    123.26093859	     78.25997767
     29.44000000	     10.14681785	   -171.93334437	      0.00000000	      0.10992992	      1.16956448	     -0.13599797	    -43.90708112	      4.33378216	     26.23261990	     52.42521796	     -0.06904756	      0.73069438	     43.67293510	     39.15546949	    -24.35824053	    123.05444157	     78.35857188
     29.45000000	     10.19408221	   -172.01642595	      0.00000000	      0.10992805	      1.16939320	     -0.13597078	    -43.63339193	      4.28014400	     26.06083705	     52.41496794	     -0.32204039	      0.79539974	     43.28872464	     39.05549918	    -23.84945839	    122.85275835	     78.48463980
     29.46000000	     10.23399339	   -171.88918086	      0.00000000	      0.11016871	      1.16936831	     -0.13574578	    -43.69463828	      4.18666735	     25.96062392	     52.65988896	     -0.37133394	      0.71008332	     43.11770501	     38.87475803	    -23.88637485	    122.54064339	     78.61744227
     29.47000000	     10.28458370	   -171.92887836	      0.00000000	      0.11012084	      1.16921082	     -0.13562853	    -43.55953130	      4.11274963	     25.83777327	     52.70021153	     -0.54823325	      0.75486611	     42.91442473	     38.77785224	    -23.57987157	    122.15610226	     78.76358280
     29.48000000	     10.33843043	   -171.91568375	      0.00000000	      0.11022916	      1.16904700	     -0.13541526	    -43.47127566	      4.06276037	     25.73912292	     52.77883897	     -0.63283991	      0.71238585	     42.85491592	     38.65362991	    -23.50466668	    121.79566314	     78.92110960
     29.49000000	     10.39759615	   -171.90997101	      0.00000000	      0.11031383	      1.16893305	     -0.13538710	    -43.30174368	      3.99751323	     25.62751916	     52.75423996	     -0.76580678	      0.71211455	     42.77700736	     38.53381532	    -23.37528993	    121.39727868	     79.08983456
     29.50000000	     10.46061483	   -171.91816552	      0.00000000	      0.11041491	      1.16876717	     -0.13533234	    -43.11318623	      3.93760106	     25.52875062	     52.72988162	     -0.90954428	      0.74620789	     42.63272623	     38.43244718	    -23.16758039	    120.99384036	     79.23252389
     29.51000000	     10.42157007	   -171.95448324	      0.00000000	      0.11034353	      1.16884620	     -0.13528783	    -43.00272336	      3.92654252	     25.24578666	     51.87510634	     -0.36526016	     -0.31679530	     45.72900323	     38.75440413	    -25.80952624	    120.07350300	     81.06534237
     29.52000000	     10.46620214	   -171.94833324	      0.00000000	      0.11041469	      1.16873783	     -0.13517686	    -42.87156625	      3.87404966	     25.10674275	     51.82765801	     -0.37084715	     -0.35474676	     45.96311630	     38.67706207	    -26.00755354	    119.51269961	     81.60243801
     29.53000000	     10.50658996	   -171.93412809	      0.00000000	      0.11047612	      1.16863363	     -0.13505751	    -42.75145805	      3.82910781	     25.03207575	     51.77316317	     -0.42700116	     -0.40813936	     46.20422470	     38.59678890	    -26.19376567	    118.91494083	     82.08999105
     29.54000000	     10.54910028	   -171.93606062	      0.00000000	      0.11055415	      1.16853667	     -0.13493198	    -42.60483667	      3.78225250	     25.03719225	     51.72549327	     -0.52253917	     -0.54212681	     46.51366847	     38.54434995	    -26.49354776	    118.26441143	     82.66429609
     29.55000000	     10.61913126	   -171.80459375	      0.00000000	      0.11092535	      1.16840561	     -0.13492438	    -42.48861227	      3.73203468	     24.97751892	     51.73486292	     -0.57791954	     -0.56777722	     46.44679284	     38.45753876	    -26.52639299	    117.72066128	     82.67095370
     29.56000000	     10.66482681	   -171.90632018	      0.00000000	      0.11074885	      1.16830607	     -0.13462246	    -42.33987124	      3.66183746	     24.93272319	     51.81402989	     -0.68470455	     -0.50463455	     46.56596525	     38.41067465	    -26.54966877	    116.93835282	     82.85456476
     29.57000000	     10.64590496	   -171.81998991	      0.00000000	      0.11094015	      1.16833254	     -0.13456059	    -42.24194725	      3.61971897	     24.86405907	     51.88082257	     -0.76821824	     -0.50993358	     46.56506210	     38.33453118	    -26.58593391	    116.20888292	     82.93206451
     29.58000000	     10.71180746	   -171.85648505	      0.00000000	      0.11093719	      1.16819907	     -0.13441561	    -42.07992061	      3.59445496	     24.78932461	     51.60292680	     -0.63958120	     -0.79314905	     47.70334620	     38.43828301	    -27.73001638	    115.28977483	     85.18196868
     29.59000000	     10.72298433	   -171.77199723	      0.00000000	      0.11114301	      1.16817461	     -0.13432779	    -41.97894523	      3.55178250	     24.73977004	     51.68493620	     -0.72374699	     -0.76730352	     47.67580285	     38.38316078	    -27.75897262	    114.50198423	     85.20855768
     29.60000000	     10.75739247	   -171.71537176	      0.00000000	      0.11130836	      1.16810685	     -0.13419510	    -41.86463600	      3.50460782	     24.70433856	     51.76598579	     -0.80731789	     -0.71940420	     47.67230121	     38.34113734	    -27.80262172	    113.66772416	     85.26904320
     29.61000000	     10.79296129	   -171.67183582	      0.00000000	      0.11145585	      1.16802828	     -0.13405177	    -41.74148526	      3.46010059	     24.67500287	     51.85000990	     -0.89055464	     -0.66206563	     47.69140564	     38.30728248	    -27.86635346	    112.79321956	     85.36601068
     29.62000000	     10.86220489	   -171.72134751	      0.00000000	      0.11144745	      1.16790213	     -0.13387184	    -41.56549923	      3.44292310	     24.60775528	     51.55281170	     -0.70446215	     -0.98941238	     49.04720797	     38.48244086	    -29.23109249	    111.70367541	     87.66089593
     29.63000000	     10.87230347	   -171.62465180	      0.00000000	      0.11167961	      1.16787645	     -0.13380276	    -41.45988801	      3.40662403	     24.57629279	     51.64058692	     -0.79227832	     -0.92998362	     49.01409540	     38.45623607	    -29.26926988	    110.77916182	     87.70125052
     29.64000000	     10.91849991	   -171.46526470	      0.00000000	      0.11216157	      1.16783061	     -0.13383759	    -41.31652396	      3.37960978	     24.55018448	     51.67636792	     -0.84481076	     -0.90587257	     48.91857920	     38.40446409	    -29.34268900	    109.92677733	     87.72808371
     29.65000000	     10.90925416	   -171.48106343	      0.00000000	      0.11208909	      1.16779117	     -0.13354498	    -41.23551918	      3.33742088	     24.52624841	     51.85864090	     -0.96472588	     -0.79489593	     48.97851966	     38.42463255	    -29.39442198	    108.81159267	     87.84615028
     29.66000000	     11.00091275	   -171.52202835	      0.00000000	      0.11211979	      1.16762756	     -0.13333563	    -41.06883870	      3.32065198	     24.47851900	     51.59793409	     -0.78745302	     -1.09980844	     50.26837776	     38.65013925	    -30.72923010	    107.61993050	     89.95722145
     29.67000000	     10.97730277	   -171.40799852	      0.00000000	      0.11241928	      1.16766910	     -0.13330827	    -40.95682984	      3.29911760	     24.44690648	     51.69739635	     -0.87515184	     -1.04111648	     50.22101138	     38.61809366	    -30.77979002	    106.57864157	     90.01216109
     29.68000000	     10.98079125	   -171.30489374	      0.00000000	      0.11273008	      1.16764888	     -0.13323207	    -40.83657493	      3.27841237	     24.42376478	     51.80513875	     -0.95590203	     -0.97754050	     50.17068603	     38.60452858	    -30.86041477	    105.52951780	     90.08225850
     29.69000000	     11.06838007	   -171.30993637	      0.00000000	      0.11283709	      1.16746845	     -0.13298729	    -40.70184421	      3.24014437	     24.43648235	     51.92179719	     -1.02148909	     -0.87523336	     50.25474564	     38.63890761	    -31.01529006	    104.39849815	     90.30016602
     29.70000000	     11.06310070	   -171.24429088	      0.00000000	      0.11308163	      1.16750867	     -0.13296549	    -40.55772872	      3.24129167	     24.35357198	     51.62374483	     -0.82488083	     -1.25304362	     51.53281063	     38.86171379	    -32.38317280	    103.15158731	     92.36722652
     29.71000000	     11.07795190	   -171.14406820	      0.00000000	      0.11337725	      1.16745336	     -0.13286694	    -40.45632776	      3.22331060	     24.33225222	     51.75527608	     -0.91615089	     -1.17360701	     51.45631780	     38.86902821	    -32.45896464	    102.03581037	     92.42578687
     29.72000000	     11.05286119	   -171.02500890	      0.00000000	      0.11374245	      1.16747562	     -0.13283414	    -40.34004558	      3.21335923	     24.29892403	     51.87555024	     -1.00218942	     -1.11997979	     51.36798776	     38.85440745	    -32.55138312	    100.91796828	     92.48794835
     29.73000000	     11.10166660	   -170.96623614	      0.00000000	      0.11399058	      1.16738305	     -0.13269048	    -40.23010218	      3.18064793	     24.29233971	     52.00501798	     -1.07864614	     -1.03506585	     51.33947781	     38.87933443	    -32.67189384	     99.75551532	     92.61021555
     29.74000000	     11.09854646	   -170.87030098	      0.00000000	      0.11433936	      1.16736542	     -0.13261934	    -40.11103249	      3.16836591	     24.26451390	     52.11516306	     -1.15349565	     -0.98616396	     51.28803277	     38.87823945	    -32.80913579	     98.61233175	     92.73055392
     29.75000000	     11.16320739	   -170.81750431	      0.00000000	      0.11460403	      1.16724237	     -0.13246929	    -39.99149423	      3.13732844	     24.26093856	     52.21521858	     -1.20588594	     -0.92633398	     51.31653910	     38.91368861	    -33.00604248	     97.44976585	     92.94772982
     29.76000000	     11.10355928	   -170.69015728	      0.00000000	      0.11504203	      1.16732867	     -0.13249145	    -39.87476229	      3.14593689	     24.20493341	     52.31076525	     -1.28485769	     -0.91775042	     51.23082460	     38.88692020	    -33.15598833	     96.31347742	     93.05828117
     29.77000000	     11.17244083	   -170.70992104	      0.00000000	      0.11513525	      1.16717879	     -0.13229942	    -39.76301098	      3.15300258	     24.11909941	     51.90529774	     -0.97906917	     -1.42631806	     52.99508664	     39.27848902	    -35.00607583	     94.91419755	     95.79148688
     29.78000000	     11.12272199	   -170.57610611	      0.00000000	      0.11560277	      1.16726777	     -0.13233358	    -39.65498366	      3.15031313	     24.06869248	     52.01211338	     -1.05787265	     -1.40911175	     52.83305634	     39.24227785	    -35.10544944	     93.79839083	     95.83183115
     29.79000000	     11.12181219	   -170.48486546	      0.00000000	      0.11597529	      1.16724454	     -0.13225792	    -39.56334430	      3.13569315	     24.03196991	     52.13354621	     -1.13800048	     -1.36826097	     52.69336413	     39.23960333	    -35.21496460	     92.65981577	     95.89079935
     29.80000000	     11.12803020	   -170.40290392	      0.00000000	      0.11634334	      1.16722055	     -0.13219119	    -39.46734060	      3.12012336	     23.99553239	     52.24566242	     -1.21195214	     -1.33467787	     52.55800367	     39.23475103	    -35.33989378	     91.53398856	     95.96169726
     29.81000000	     11.15701455	   -170.34943406	      0.00000000	      0.11665345	      1.16714056	     -0.13206865	    -39.37880349	      3.09567668	     23.96651314	     52.36298864	     -1.27986419	     -1.29676678	     52.44786387	     39.24698025	    -35.48448430	     90.39929051	     96.06370020
     29.82000000	     11.18111972	   -170.29623256	      0.00000000	      0.11699189	      1.16709153	     -0.13194534	    -39.28775538	      3.07562930	     23.93257680	     52.45928998	     -1.33881091	     -1.27776340	     52.34159377	     39.25203724	    -35.65352113	     89.29134920	     96.18663390
     29.83000000	     11.19435500	   -170.24215741	      0.00000000	      0.11733373	      1.16705290	     -0.13185989	    -39.19955314	      3.05902405	     23.89040665	     52.54501568	     -1.39573146	     -1.27456678	     52.23675999	     39.25302003	    -35.83837207	     88.19899234	     96.32307454
     29.84000000	     11.24227979	   -170.26011895	      0.00000000	      0.11752803	      1.16696416	     -0.13169574	    -39.10705783	      3.05675749	     23.80590351	     52.23275608	     -1.15523913	     -1.72042777	     53.50777137	     39.54167298	    -37.37051256	     86.96830052	     98.66791832
     29.85000000	     11.21597515	   -170.17692713	      0.00000000	      0.11794580	      1.16699669	     -0.13170172	    -39.02733140	      3.05290601	     23.74413638	     52.29717843	     -1.22468645	     -1.73240295	     53.30118816	     39.50419337	    -37.50272252	     85.94227486	     98.70896036
     29.86000000	     11.22765512	   -170.13314741	      0.00000000	      0.11827853	      1.16695217	     -0.13159800	    -38.96202123	      3.03104366	     23.69431115	     52.37703135	     -1.28608937	     -1.73552073	     53.11208242	     39.49298580	    -37.64567298	     84.92003373	     98.76736936
     29.87000000	     11.31595562	   -170.11047559	      0.00000000	      0.11857642	      1.16677899	     -0.13139548	    -38.90830892	      2.98752022	     23.65767277	     52.47711364	     -1.36468412	     -1.68982280	     52.78167273	     39.51739772	    -37.64059916	     83.96498538	     98.73715632
     29.88000000	     11.30719202	   -170.08700731	      0.00000000	      0.11887597	      1.16682407	     -0.13127994	    -38.86394027	      2.94353278	     23.61138631	     52.62133102	     -1.44085063	     -1.67147272	     52.45481563	     39.46269514	    -37.71066237	     82.96740073	     98.77966152
     29.89000000	     11.30921033	   -170.09559412	      0.00000000	      0.11913989	      1.16682226	     -0.13123666	    -38.77597222	      2.95823306	     23.54067066	     52.33044135	     -1.29022663	     -2.06662132	     53.29709795	     39.62291401	    -38.87228232	     81.91650208	    100.16539165
     29.90000000	     11.34018113	   -170.08807551	      0.00000000	      0.11942337	      1.16678186	     -0.13109993	    -38.72019358	      2.90530276	     23.48747959	     52.46338418	     -1.40589288	     -1.99961491	     52.75023334	     39.57909518	    -38.72184081	     81.03230039	    100.06130601
     29.91000000	     11.34378056	   -170.07640794	      0.00000000	      0.11968718	      1.16677606	     -0.13101713	    -38.68992759	      2.90005072	     23.50212802	     52.32298807	     -1.39203181	     -2.27550146	     53.08341065	     39.62122956	    -39.40720349	     80.09699402	    100.57403398
     29.92000000	     11.36783243	   -170.08682220	      0.00000000	      0.11994471	      1.16671054	     -0.13091196	    -38.64661781	      2.88438258	     23.45882000	     52.31165690	     -1.42618658	     -2.32578421	     52.92030116	     39.57727715	    -39.68416161	     79.24451962	    101.03891656
     29.93000000	     11.39523919	   -170.18007261	      0.00000000	      0.12004013	      1.16663503	     -0.13063239	    -38.57372771	      2.82031463	     23.40716303	     52.46592583	     -1.59897878	     -2.21846099	     52.19631314	     39.53778616	    -39.31626291	     78.44629931	    100.77113394
     29.94000000	     11.41915481	   -170.16268829	      0.00000000	      0.12035880	      1.16663162	     -0.13062643	    -38.55845916	      2.82701015	     23.37036307	     52.28304616	     -1.46727919	     -2.48424383	     52.60723237	     39.50717483	    -40.22766399	     77.59894146	    101.41513496
     29.95000000	     11.46231135	   -170.22293482	      0.00000000	      0.12049352	      1.16654747	     -0.13049632	    -38.50319378	      2.76063480	     23.32101729	     52.38037600	     -1.63126695	     -2.35340805	     51.82248415	     39.43699046	    -39.81691699	     76.85226771	    101.06190241
     29.96000000	     11.43381675	   -170.22175739	      0.00000000	      0.12076005	      1.16659182	     -0.13046086	    -38.47563124	      2.75345379	     23.24845708	     52.32236678	     -1.64544187	     -2.45015726	     51.57849002	     39.34079667	    -40.03865233	     76.13527891	    101.09982019
     29.97000000	     11.46409534	   -170.26773746	      0.00000000	      0.12090009	      1.16653913	     -0.13031836	    -38.47848561	      2.71970023	     23.19801880	     52.29188213	     -1.65141838	     -2.52184150	     51.36124951	     39.29799306	    -40.26434374	     75.39073266	    101.16124225
     29.98000000	     11.47887929	   -170.31976714	      0.00000000	      0.12102854	      1.16650954	     -0.13022734	    -38.45776862	      2.69076257	     23.13934991	     52.22418732	     -1.65930021	     -2.60347556	     51.12787230	     39.23850268	    -40.47246995	     74.68673202	    101.21118900
     29.99000000	     11.52853205	   -170.40284776	      0.00000000	      0.12108124	      1.16642437	     -0.13004120	    -38.46838652	      2.64583233	     23.09410811	     52.18619703	     -1.65424785	     -2.68040912	     50.92646766	     39.21892963	    -40.70963223	     73.96256381	    101.30390446
     30.00000000	     11.53094484	   -170.46379248	      0.00000000	      0.12118036	      1.16642178	     -0.12998851	    -38.43727286	      2.62247284	     23.03016702	     52.08006181	     -1.65731229	     -2.77543143	     50.68106396	     39.14396026	    -40.91160640	     73.31229993	    101.35079446
     30.01000000	     11.55115145	   -170.56541602	      0.00000000	      0.12115186	      1.16634425	     -0.12982351	    -38.44134439	      2.58448538	     22.97432765	     52.01783113	     -1.66141805	     -2.85717877	     50.45534814	     39.11192571	    -41.13005688	     72.63081201	    101.42225019
     30.02000000	     11.58189891	   -170.65249151	      0.00000000	      0.12115886	      1.16628723	     -0.12973595	    -38.43053421	      2.54827002	     22.92481699	     51.92095883	     -1.65024095	     -2.94674826	     50.22219700	     39.06433257	    -41.34354592	     71.99272816	    101.49055652
     30.03000000	     11.59373910	   -170.74615766	      0.00000000	      0.12115406	      1.16625004	     -0.12964709	    -38.41753528	      2.51815055	     22.86845260	     51.81191858	     -1.64573194	     -3.03863943	     49.97645385	     39.00440154	    -41.54426809	     71.37369834	    101.54077821
     30.04000000	     11.63705201	   -170.87458453	      0.00000000	      0.12102530	      1.16614957	     -0.12944584	    -38.43505648	      2.47002072	     22.82218800	     51.74910126	     -1.63461161	     -3.12284360	     49.76887081	     38.99425645	    -41.77948162	     70.71225025	    101.64777163
     30.05000000	     11.64693080	   -170.97586327	      0.00000000	      0.12097008	      1.16609687	     -0.12939800	    -38.42130310	      2.44380943	     22.76925878	     51.61738878	     -1.61920662	     -3.22127307	     49.53029559	     38.93393261	    -41.98840534	     70.12026089	    101.71624389
     30.06000000	     11.67225183	   -171.10103322	      0.00000000	      0.12082872	      1.16601483	     -0.12927092	    -38.42200509	      2.40481691	     22.71966296	     51.51149953	     -1.60695222	     -3.31049689	     49.30794591	     38.90072624	    -42.20352886	     69.51096512	    101.80152113
     30.07000000	     11.68669765	   -171.20694680	      0.00000000	      0.12070343	      1.16598038	     -0.12920288	    -38.40573358	      2.37496255	     22.66555762	     51.37342817	     -1.59486417	     -3.40593111	     49.06255739	     38.83738653	    -42.39379644	     68.94158681	    101.84987361
     30.08000000	     11.68790950	   -171.33599672	      0.00000000	      0.12054635	      1.16590528	     -0.12914580	    -38.39955004	      2.34516162	     22.61597841	     51.25376541	     -1.58478322	     -3.49198307	     48.81637605	     38.79380176	    -42.58238310	     68.35147912	    101.89603334
     30.09000000	     11.70566747	   -171.49070649	      0.00000000	      0.12025597	      1.16580548	     -0.12899068	    -38.40619294	      2.29701710	     22.56483570	     51.15948103	     -1.58571356	     -3.56694731	     48.59310097	     38.78282247	    -42.77598478	     67.73975647	    101.96268848
     30.10000000	     11.72933571	   -171.61024409	      0.00000000	      0.12009107	      1.16571473	     -0.12894886	    -38.38776322	      2.27260732	     22.52447040	     51.01597377	     -1.55671042	     -3.66078404	     48.35769091	     38.73820613	    -42.94889468	     67.18992914	    102.01223164
     30.11000000	     11.73846642	   -171.74608977	      0.00000000	      0.11984081	      1.16564208	     -0.12887743	    -38.37484599	      2.24234505	     22.47558900	     50.88989087	     -1.54604174	     -3.74574029	     48.12535689	     38.70585258	    -43.11823095	     66.62140103	    102.05678146
     30.12000000	     11.74708104	   -171.88632514	      0.00000000	      0.11955414	      1.16555625	     -0.12880455	    -38.36046324	      2.20705561	     22.42768354	     50.76530502	     -1.53800139	     -3.82587469	     47.89659338	     38.68102647	    -43.27976359	     66.05402867	    102.09718776
     30.13000000	     11.75088583	   -172.02314802	      0.00000000	      0.11926137	      1.16547390	     -0.12875325	    -38.34053064	      2.17566007	     22.37993205	     50.63682482	     -1.52898910	     -3.90686473	     47.66619718	     38.65285235	    -43.43211405	     65.49289057	    102.12917464
     30.14000000	     11.75610045	   -172.16322762	      0.00000000	      0.11894939	      1.16538499	     -0.12870045	    -38.31842923	      2.14402873	     22.33371990	     50.51342748	     -1.52174408	     -3.98329874	     47.44144047	     38.63347343	    -43.57504382	     64.93274729	    102.15713309
     30.15000000	     11.76585906	   -172.31461013	      0.00000000	      0.11857643	      1.16527701	     -0.12863869	    -38.29380341	      2.10534186	     22.28742189	     50.39668410	     -1.51999963	     -4.05318509	     47.22777802	     38.63274663	    -43.70925023	     64.36262081	    102.18614610
     30.16000000	     11.77325945	   -172.46409317	      0.00000000	      0.11820512	      1.16516161	     -0.12859762	    -38.26071766	      2.07012426	     22.24238839	     50.27810467	     -1.51535998	     -4.12426911	     47.02041478	     38.63700624	    -43.83488853	     63.79447023	    102.21311673
     30.17000000	     11.79577041	   -172.63344853	      0.00000000	      0.11776889	      1.16501771	     -0.12850995	    -38.22178184	      2.02509087	     22.19674458	     50.16639460	     -1.51509729	     -4.19072130	     46.84268593	     38.67750233	    -43.94414267	     63.21976693	    102.24636332
     30.18000000	     11.77709272	   -172.76074483	      0.00000000	      0.11741003	      1.16495498	     -0.12854383	    -38.17392830	      1.99524896	     22.14687063	     50.03978714	     -1.51406298	     -4.26460721	     46.63953660	     38.66509006	    -44.06556217	     62.67003120	    102.26369661
     30.19000000	     11.77145689	   -172.90533737	      0.00000000	      0.11698831	      1.16484724	     -0.12852746	    -38.12618916	      1.96175617	     22.09979560	     49.93292637	     -1.52093862	     -4.32512044	     46.45630042	     38.68045724	    -44.17233559	     62.11037631	    102.28013902
     30.20000000	     11.76584362	   -173.05034458	      0.00000000	      0.11655918	      1.16472950	     -0.12851955	    -38.07076683	      1.92753394	     22.05460951	     49.82950891	     -1.52853588	     -4.38190025	     46.28516028	     38.70418100	    -44.26947946	     61.55463691	    102.29436598
     30.21000000	     11.77084034	   -173.16753393	      0.00000000	      0.11618568	      1.16459698	     -0.12857799	    -38.01044198	      1.88863928	     22.02176183	     49.70753244	     -1.52292481	     -4.43475277	     46.10841816	     38.71388887	    -44.36856451	     61.04143931	    102.30329117
     30.22000000	     11.75319815	   -173.34950302	      0.00000000	      0.11562260	      1.16446957	     -0.12855415	    -37.93480827	      1.85094281	     21.96706385	     49.63755372	     -1.55678823	     -4.47567635	     45.98130769	     38.79275316	    -44.44271230	     60.43188449	    102.31702530
     30.23000000	     11.76759252	   -173.51714373	      0.00000000	      0.11513520	      1.16430542	     -0.12854047	    -37.83692333	      1.80420418	     21.91858042	     49.53202068	     -1.56947334	     -4.53071476	     45.87718525	     38.88284317	    -44.51193408	     59.85493027	    102.32531994
     30.24000000	     11.73037927	   -173.63144557	      0.00000000	      0.11468569	      1.16423365	     -0.12863471	    -37.75549234	      1.76859798	     21.86830264	     49.43515314	     -1.59078678	     -4.57913117	     45.74591264	     38.91056831	    -44.60583160	     59.34172918	    102.32740058
