trapscap1
parameters 49
# exponents ... coefficient
	  0   0   0   0   0   0    1.98347e-01 
	  1   0   0   0   0   0    8.46970e-02 
	  0   0   0   1   0   0    2.27156e-02 
	  0   1   0   0   0   0    -3.43328e-02 
	  0   0   1   0   0   0    8.54648e-03 
	  0   0   0   1   0   1    -3.54020e-03 
	  0   0   0   1   1   0    -2.98951e-03 
	  0   0   0   0   2   0    8.02723e-03 
	  0   0   1   0   1   0    1.01211e-02 
	  1   0   2   0   0   0    -1.07977e-03 
	  0   0   0   2   2   0    -7.84197e-05 
	  1   1   0   1   0   0    3.49195e-02 
	  0   1   0   0   1   0    3.56074e-03 
	  0   1   1   1   0   0    3.65251e-03 
	  2   0   1   0   0   1    3.18328e-04 
	  0   0   0   0   1   1    3.28120e-02 
	  0   0   0   0   0   1    5.73908e-03 
	  0   0   0   2   0   2    -5.16514e-03 
	  0   0   1   0   0   1    1.29671e-02 
	  0   0   0   0   1   0    1.08424e-02 
	  0   0   0   1   1   1    -1.55496e-02 
	  2   0   0   0   0   0    -2.00534e-02 
	  0   0   2   0   0   0    8.36669e-03 
	  1   0   0   1   0   1    -4.04555e-03 
	  0   0   1   3   0   0    -6.79560e-04 
	  0   0   1   2   0   1    -4.11954e-03 
	  1   1   0   2   0   0    -1.59572e-02 
	  0   0   2   2   0   0    -2.73331e-03 
	  1   0   1   0   1   0    -2.40240e-03 
	  2   2   0   0   0   0    1.70917e-02 
	  0   2   0   0   0   0    -1.44850e-02 
	  0   0   1   1   1   0    -2.22722e-03 
	  1   0   1   0   0   0    -4.00691e-03 
	  2   1   1   0   0   0    -1.01360e-02 
	  0   0   0   1   3   0    -4.86707e-03 
	  0   0   1   1   2   0    -5.96400e-03 
	  0   0   0   0   3   1    -4.61635e-03 
	  1   1   0   0   1   0    6.65471e-03 
	  1   0   0   0   1   0    -2.30203e-03 
	  0   1   0   2   0   1    3.32253e-03 
	  0   3   0   0   0   0    6.64399e-03 
	  0   0   2   0   1   0    -3.52317e-03 
	  3   1   0   0   0   0    1.06198e-02 
	  1   1   0   1   0   1    3.98095e-03 
	  1   2   0   0   0   0    -2.73274e-02 
	  4   0   0   0   0   0    5.87831e-03 
	  0   0   0   2   0   0    1.27237e-03 
	  0   0   0   0   4   0    1.97687e-03 
	  0   0   3   0   0   0    -9.41360e-04 
trapscap2
parameters 43
# exponents ... coefficient
	  0   0   0   0   0   0    1.77475e-01 
	  1   0   0   0   0   0    8.96509e-02 
	  0   0   0   1   0   0    2.86369e-02 
	  0   1   0   0   0   0    -3.49724e-02 
	  0   0   1   0   0   0    1.56198e-02 
	  0   0   0   1   0   1    2.80118e-02 
	  0   0   0   1   1   0    -5.33317e-03 
	  0   0   0   0   2   0    1.89274e-02 
	  0   0   1   0   1   0    1.76373e-02 
	  0   0   2   0   0   0    1.43623e-02 
	  1   1   0   1   0   0    1.90585e-02 
	  0   0   0   2   2   0    -7.65395e-03 
	  0   0   0   0   1   0    1.87962e-02 
	  0   0   0   0   1   1    4.13534e-02 
	  0   0   1   0   0   1    2.27090e-02 
	  1   0   0   1   0   2    1.36398e-03 
	  0   0   0   2   0   1    -3.31957e-02 
	  0   0   0   2   1   1    -7.56434e-03 
	  1   0   1   0   0   0    1.26739e-03 
	  0   0   1   3   0   0    -2.41075e-03 
	  0   1   0   2   0   0    4.24310e-03 
	  0   0   0   2   0   2    -6.55374e-03 
	  2   0   0   1   0   1    6.32183e-04 
	  1   0   0   0   1   0    -3.79878e-03 
	  2   0   0   0   0   0    -2.26440e-02 
	  0   0   0   2   0   0    9.18903e-03 
	  0   0   1   1   0   1    -2.42303e-03 
	  2   2   0   0   0   0    9.71546e-03 
	  0   2   0   0   0   0    -1.22262e-02 
	  1   0   0   2   0   1    -6.02435e-03 
	  0   0   0   0   2   1    -1.30132e-02 
	  0   0   1   0   1   1    -1.80954e-02 
	  0   0   2   0   0   1    -7.20042e-03 
	  2   1   0   0   0   0    -1.71964e-02 
	  0   0   2   2   0   0    -5.05248e-03 
	  0   0   0   3   0   1    8.25140e-03 
	  0   0   1   2   1   0    -5.90393e-03 
	  1   0   0   3   0   0    2.27972e-03 
	  1   0   1   1   0   0    -1.12123e-02 
	  3   0   0   0   0   0    -1.10972e-02 
	  1   0   0   2   1   0    -3.68224e-03 
	  0   0   0   0   3   1    -3.30866e-03 
	  1   2   0   0   0   0    -2.84853e-02 
trapscap3
parameters 43
# exponents ... coefficient
	  0   0   0   0   0   0    1.48705e-01 
	  1   0   0   0   0   0    9.44655e-02 
	  0   0   1   2   0   0    -6.05145e-02 
	  0   1   0   0   0   0    -2.76872e-02 
	  0   0   0   1   0   0    3.54356e-02 
	  0   0   0   1   0   1    3.19896e-02 
	  0   0   0   1   1   0    7.49186e-02 
	  0   0   0   0   2   0    3.83232e-02 
	  0   0   1   1   0   0    6.05283e-02 
	  1   1   0   1   0   0    2.84159e-02 
	  0   0   0   2   2   0    -1.83862e-02 
	  0   0   1   0   1   0    5.41958e-02 
	  0   0   2   0   0   0    2.29955e-02 
	  0   0   0   2   1   0    -8.18818e-02 
	  0   0   0   0   1   1    4.16761e-02 
	  0   0   1   1   0   2    -2.60712e-03 
	  0   0   0   3   0   1    1.34129e-02 
	  0   0   0   1   1   2    -1.62243e-03 
	  0   0   1   1   0   1    8.59464e-03 
	  1   0   0   1   0   1    -9.18033e-03 
	  1   0   1   1   0   0    -1.62046e-02 
	  1   0   0   0   1   0    -7.81062e-03 
	  0   0   2   1   0   1    -1.32452e-02 
	  0   0   0   4   0   0    -5.89394e-03 
	  0   1   0   3   0   0    3.50581e-03 
	  1   0   0   3   0   0    4.38550e-03 
	  0   0   1   1   1   0    -3.35038e-02 
	  2   2   0   0   0   0    4.34261e-02 
	  0   0   0   3   1   0    2.81270e-02 
	  0   0   1   1   1   1    -3.02366e-02 
	  0   0   0   1   2   1    -2.15471e-02 
	  0   0   0   0   0   2    5.68919e-03 
	  0   0   2   2   0   0    -9.31965e-03 
	  0   0   0   2   0   1    -4.50676e-02 
	  2   0   0   0   0   0    -1.58146e-02 
	  0   2   0   1   0   0    -6.55456e-03 
	  3   1   0   0   0   0    2.08703e-02 
	  0   0   0   1   0   2    -1.32656e-02 
	  0   0   1   0   0   1    1.75152e-02 
	  4   0   0   0   0   0    9.84262e-03 
	  1   0   0   2   1   0    -5.85971e-03 
	  0   0   0   3   0   0    1.73978e-02 
	  0   0   1   3   0   0    1.87399e-02 
trapscap4
parameters 36
# exponents ... coefficient
	  0   0   0   1   0   0    2.52794e-02 
	  1   0   0   1   0   0    1.43504e-02 
	  0   0   0   0   0   0    1.37163e-01 
	  0   0   1   1   0   0    4.70937e-02 
	  1   1   0   0   0   0    1.52024e-02 
	  0   0   0   1   0   1    2.49275e-02 
	  0   0   0   1   1   0    1.09510e-03 
	  1   0   0   0   0   0    9.66637e-02 
	  0   0   0   0   2   0    4.98550e-02 
	  0   1   0   1   0   0    -5.20672e-02 
	  0   0   0   2   2   0    -2.34861e-02 
	  0   0   1   0   1   0    5.10249e-02 
	  0   0   2   0   0   0    2.60439e-02 
	  0   0   1   2   1   0    -2.11746e-02 
	  0   0   2   2   0   0    -8.07621e-03 
	  0   0   0   0   1   1    4.59923e-02 
	  0   0   1   1   0   2    -1.85971e-03 
	  1   0   0   0   0   1    -1.79271e-03 
	  0   0   0   1   2   1    -2.53903e-02 
	  1   0   1   1   0   0    -1.94593e-02 
	  0   0   1   0   0   1    2.70131e-02 
	  0   0   0   3   0   1    5.00674e-03 
	  0   0   0   2   0   2    -8.27849e-03 
	  1   0   0   0   1   0    -1.68555e-02 
	  0   1   0   2   0   0    3.25772e-02 
	  1   1   0   2   0   0    1.67571e-02 
	  0   0   0   2   0   0    2.39976e-02 
	  2   2   0   0   0   0    4.44694e-02 
	  0   0   1   1   1   1    -3.35940e-02 
	  0   0   0   0   1   0    2.33568e-02 
	  0   0   1   2   0   0    -2.62655e-02 
	  0   0   2   0   0   1    -1.23776e-02 
	  3   1   0   0   0   0    2.17857e-02 
	  0   2   0   0   0   0    -5.34684e-03 
	  1   0   0   2   0   1    -8.00893e-03 
	  0   0   0   2   0   1    -3.05815e-02 
trapscap5
parameters 36
# exponents ... coefficient
	  0   0   0   1   0   0    1.02550e-02 
	  1   0   0   1   0   0    9.14764e-03 
	  0   0   1   0   0   0    2.08144e-02 
	  0   0   0   0   0   0    1.32310e-01 
	  0   0   0   1   0   1    1.70217e-03 
	  1   1   0   1   0   0    3.11725e-02 
	  0   0   0   1   1   0    9.54470e-02 
	  1   0   0   0   0   0    1.02880e-01 
	  0   0   0   0   2   0    4.74881e-02 
	  0   0   1   0   1   0    5.46170e-02 
	  0   0   2   1   0   0    5.70023e-02 
	  0   0   0   0   1   1    5.53917e-02 
	  0   0   1   0   0   1    3.74870e-02 
	  1   0   0   1   0   2    2.31230e-03 
	  0   0   0   2   1   0    -9.90336e-02 
	  0   0   0   2   1   1    -2.32561e-02 
	  0   1   0   0   0   0    -1.44123e-02 
	  0   0   0   3   0   1    -2.97223e-03 
	  1   0   2   0   0   0    -2.22384e-02 
	  1   0   1   0   1   0    -7.06494e-02 
	  0   0   0   1   0   2    -8.65831e-03 
	  2   2   0   0   0   0    4.75820e-02 
	  1   0   0   2   0   1    -6.70509e-03 
	  0   0   2   2   0   0    -3.84087e-02 
	  0   0   0   2   0   0    3.15110e-02 
	  0   0   1   1   0   1    -1.92853e-02 
	  0   1   0   3   0   0    5.52492e-03 
	  0   0   0   1   3   0    -2.19497e-02 
	  0   0   1   1   1   0    -2.05397e-02 
	  0   0   1   1   2   0    -3.25850e-02 
	  1   0   2   0   1   0    3.67011e-02 
	  0   0   0   3   1   0    2.60802e-02 
	  2   1   0   0   1   0    -5.27638e-02 
	  2   1   1   0   0   0    -4.52225e-02 
	  1   0   0   0   2   0    -1.57556e-02 
	  0   0   0   0   0   3    -1.55679e-03 
trapscap6
parameters 29
# exponents ... coefficient
	  0   0   0   1   0   0    3.98961e-02 
	  1   0   0   1   0   0    1.24958e-02 
	  0   0   0   0   0   0    1.33101e-01 
	  1   0   1   2   0   0    -1.27503e-02 
	  1   0   0   2   1   0    -1.05963e-02 
	  1   0   0   0   0   0    1.06948e-01 
	  0   0   0   3   0   1    -1.13110e-02 
	  0   0   0   0   2   0    6.55561e-02 
	  0   0   1   0   1   0    8.46054e-02 
	  0   0   2   0   0   0    1.35796e-02 
	  2   2   0   0   0   0    8.11752e-02 
	  0   0   0   0   1   1    5.00109e-02 
	  0   0   1   1   0   1    3.16676e-02 
	  0   0   0   2   0   2    -1.15839e-02 
	  0   0   0   0   1   0    1.22768e-02 
	  0   1   0   0   0   0    8.20416e-03 
	  1   1   0   2   0   0    7.21513e-03 
	  0   0   1   1   0   0    7.26587e-03 
	  1   0   0   2   0   1    -6.77702e-03 
	  0   0   0   2   2   0    -3.04929e-02 
	  0   0   1   2   1   0    -3.54636e-02 
	  0   2   0   2   0   0    -5.99148e-03 
	  2   1   0   0   1   0    -6.92146e-02 
	  2   1   1   0   0   0    -5.65110e-02 
	  0   0   2   2   0   0    -3.77233e-02 
	  0   0   0   3   1   0    2.64713e-03 
	  2   0   0   0   0   0    -1.21043e-02 
	  0   0   0   2   0   0    1.53358e-02 
	  0   0   2   1   0   0    5.35488e-02 
trapscap7
parameters 33
# exponents ... coefficient
	  0   0   0   1   0   0    3.30890e-02 
	  1   0   0   1   0   0    3.07348e-01 
	  0   1   0   0   0   0    2.95818e-02 
	  0   0   0   0   0   0    1.34534e-01 
	  1   0   0   2   0   0    -2.67263e-01 
	  0   0   0   0   2   0    6.94170e-02 
	  0   0   1   0   1   0    7.13058e-02 
	  0   0   0   0   1   1    4.07884e-02 
	  0   0   2   2   0   0    -4.08174e-02 
	  0   0   1   2   0   1    -3.29484e-02 
	  0   0   0   2   0   1    -7.94408e-03 
	  0   0   0   2   0   2    -2.05231e-02 
	  0   0   1   3   0   0    -1.57101e-03 
	  0   0   0   0   1   0    -9.88684e-03 
	  2   2   0   0   0   0    8.89864e-02 
	  1   0   0   3   0   0    8.02110e-02 
	  2   1   0   0   1   0    -1.02070e-01 
	  0   0   0   3   0   0    1.13858e-02 
	  1   1   1   1   0   0    8.21946e-02 
	  1   1   0   1   0   0    -3.23674e-02 
	  0   0   1   1   0   1    6.64468e-02 
	  0   0   2   1   0   0    8.39008e-02 
	  0   0   1   0   0   0    -1.32079e-02 
	  0   0   0   0   0   1    -4.40054e-03 
	  0   0   0   2   2   0    -1.68286e-02 
	  2   0   0   0   0   0    -1.42345e-02 
	  0   0   0   1   0   2    1.67579e-02 
	  1   1   0   1   0   1    2.01949e-02 
	  0   1   1   1   0   0    1.21458e-02 
	  1   0   1   0   1   0    -5.51551e-02 
	  2   0   0   0   1   1    1.83671e-02 
	  1   0   1   1   1   0    3.69108e-02 
	  0   0   0   0   3   1    -1.10470e-02 
trapscap8
parameters 49
# exponents ... coefficient
	  0   0   0   1   0   0    1.32021e-02 
	  1   0   0   1   0   0    1.39814e-01 
	  0   1   0   0   0   0    4.66817e-02 
	  0   0   0   0   0   0    1.48215e-01 
	  0   0   0   0   2   0    6.23287e-02 
	  1   0   0   2   0   0    -8.92904e-02 
	  0   0   0   0   0   2    1.18283e-02 
	  0   0   1   0   0   1    3.07717e-02 
	  1   1   0   1   0   1    4.11123e-02 
	  0   0   0   0   0   1    -1.46491e-02 
	  0   0   0   0   1   1    3.42925e-02 
	  0   0   1   1   1   0    -1.74763e-02 
	  0   0   3   1   0   0    -1.25132e-03 
	  1   0   1   0   0   0    9.33827e-03 
	  1   0   0   1   1   0    1.45698e-02 
	  1   0   2   1   0   0    -2.61809e-02 
	  1   0   1   1   1   0    -4.72694e-02 
	  2   1   0   0   0   0    6.45183e-02 
	  0   0   0   1   0   2    -2.07194e-02 
	  1   0   0   3   0   0    1.91421e-02 
	  1   0   0   1   2   0    -3.99302e-02 
	  2   0   0   0   0   1    -1.25852e-02 
	  0   0   2   0   0   0    3.62718e-02 
	  0   0   1   0   0   0    -2.06034e-02 
	  0   0   1   0   1   0    8.07609e-02 
	  0   0   0   0   1   0    -1.19710e-02 
	  2   1   0   0   1   0    -8.05693e-02 
	  2   1   1   0   0   0    -9.11436e-02 
	  0   0   0   3   0   0    4.41138e-02 
	  0   0   0   2   1   1    -3.61101e-02 
	  1   2   0   1   0   0    -7.18973e-02 
	  0   2   0   0   0   0    -1.81384e-02 
	  0   1   0   0   0   1    1.09938e-02 
	  0   0   0   2   2   0    -1.65602e-02 
	  2   0   1   1   0   0    -2.37378e-02 
	  0   0   0   0   3   1    -1.01344e-02 
	  1   0   0   1   1   1    -1.42633e-02 
	  1   0   1   0   0   1    -2.40789e-02 
	  1   0   0   0   2   0    2.20734e-02 
	  3   0   0   0   1   0    2.21528e-02 
	  0   0   0   2   0   1    -5.02852e-03 
	  1   0   0   0   0   2    -1.13686e-02 
	  1   0   0   0   0   0    5.83646e-02 
	  0   0   0   4   0   0    -1.80886e-02 
	  0   0   0   1   1   1    5.07597e-02 
	  0   1   1   0   0   0    1.77328e-02 
	  0   1   1   2   0   0    -1.50646e-02 
	  0   1   0   1   0   0    1.31338e-02 
	  0   2   0   1   1   0    1.22672e-02 
trapscap9
parameters 22
# exponents ... coefficient
	  0   0   0   0   0   0    1.64677e-01 
	  1   0   0   0   0   0    8.07319e-02 
	  0   1   0   0   0   0    4.68427e-02 
	  0   0   0   3   0   0    2.27744e-02 
	  0   0   0   0   0   1    -2.35308e-02 
	  0   0   1   0   0   0    -4.86735e-02 
	  0   0   0   0   1   0    -4.59516e-02 
	  0   0   0   0   2   0    6.47932e-02 
	  0   0   1   0   1   0    1.02930e-01 
	  0   0   2   0   0   0    4.99503e-02 
	  1   0   0   0   1   1    -1.08256e-03 
	  0   0   1   1   0   1    6.10274e-02 
	  1   1   0   1   0   0    4.40537e-03 
	  0   0   0   0   1   1    3.74566e-02 
	  1   0   0   2   0   0    2.32824e-02 
	  3   0   0   0   0   1    2.02004e-02 
	  1   0   1   0   0   0    3.66116e-02 
	  1   0   0   0   1   0    3.65018e-02 
	  0   0   1   2   0   1    -2.84416e-02 
	  0   1   0   1   0   0    4.67280e-02 
	  2   1   0   0   0   0    6.22787e-02 
	  4   0   0   0   0   0    1.16997e-02 
trapscap10
parameters 27
# exponents ... coefficient
	  0   0   0   0   0   0    1.89759e-01 
	  0   1   0   0   0   0    6.90587e-02 
	  1   0   0   0   0   0    8.40047e-02 
	  0   0   0   0   0   1    -2.26433e-02 
	  0   0   0   3   0   0    2.07663e-02 
	  0   0   1   0   0   0    -5.83015e-02 
	  0   0   0   0   1   0    -4.94259e-02 
	  0   0   0   0   2   0    5.47198e-02 
	  0   0   1   0   1   0    8.69100e-02 
	  0   0   2   0   0   0    4.71956e-02 
	  1   0   0   0   1   1    1.69641e-02 
	  0   0   1   1   0   1    4.64556e-02 
	  1   1   0   2   0   0    1.29816e-02 
	  1   0   0   2   0   0    2.21146e-02 
	  0   0   0   1   1   1    2.21262e-02 
	  1   0   0   2   0   1    -1.67476e-02 
	  1   0   1   1   0   1    1.42429e-02 
	  0   1   0   2   0   0    3.87555e-02 
	  3   0   0   0   0   0    -3.32469e-02 
	  2   0   0   0   1   0    -5.15718e-02 
	  2   0   1   0   0   0    -4.42027e-02 
	  0   0   0   0   1   1    3.20957e-02 
	  0   0   0   3   0   1    -1.25554e-02 
	  1   1   0   0   0   0    -4.99708e-02 
	  1   0   0   0   0   1    2.12177e-02 
	  0   2   0   0   0   1    2.46575e-02 
	  1   0   2   0   1   0    -2.12782e-02 
trapscap11
parameters 29
# exponents ... coefficient
	  0   0   0   0   0   0    2.11245e-01 
	  0   1   0   0   0   0    6.42595e-02 
	  1   0   1   0   0   0    2.54090e-02 
	  0   0   0   1   0   1    -2.15610e-02 
	  1   0   0   0   1   0    3.01683e-02 
	  0   0   0   3   0   0    2.05843e-02 
	  1   0   0   0   0   0    4.49970e-02 
	  0   0   0   0   1   1    4.19490e-02 
	  0   0   1   1   0   1    6.72834e-02 
	  0   0   1   0   0   0    -4.29007e-02 
	  1   1   0   2   0   0    -2.22190e-02 
	  0   0   0   0   1   0    -4.00262e-02 
	  0   0   1   1   1   0    8.19619e-02 
	  0   0   2   1   0   0    4.49986e-02 
	  0   0   0   1   2   0    5.00666e-02 
	  1   0   1   1   0   0    2.03714e-03 
	  3   0   0   0   0   1    1.57845e-02 
	  0   1   0   1   0   0    6.04983e-02 
	  1   0   0   1   0   0    4.14449e-02 
	  3   0   0   0   0   0    -1.85649e-02 
	  0   0   0   3   1   0    -1.14328e-02 
	  0   0   0   0   0   1    -1.73957e-02 
	  0   0   1   2   0   0    -1.95894e-02 
	  1   0   0   0   2   1    -2.28229e-02 
	  0   0   1   2   0   1    -2.57234e-02 
	  0   0   0   1   0   3    -6.72340e-03 
	  0   2   0   1   0   1    2.62193e-02 
	  1   1   1   0   0   1    3.51616e-02 
	  0   1   0   1   1   0    1.08432e-02 
trapclav1
parameters 4
# exponents ... coefficient
	  0   0   0    2.17538e-01 
	  0   1   0    -5.99530e-02 
	  1   0   0    6.11339e-02 
	  1   1   0    2.37524e-02 
trapclav2
parameters 5
# exponents ... coefficient
	  0   0   0    2.09145e-01 
	  1   0   0    6.64025e-02 
	  0   1   0    -4.04235e-02 
	  1   1   0    2.10388e-02 
	  2   0   0    -1.56678e-02 
levscap1
parameters 28
# exponents ... coefficient
	  0   0   0   0   0   0    1.29196e-01 
	  0   0   1   1   0   0    2.71331e-02 
	  0   1   0   0   0   0    -3.95019e-02 
	  0   0   0   0   1   0    1.13615e-01 
	  0   0   0   0   0   1    2.89682e-02 
	  0   0   0   1   0   0    6.15612e-02 
	  1   0   0   1   0   0    1.06528e-02 
	  3   0   0   0   0   0    -1.54845e-02 
	  0   0   1   0   0   0    6.07035e-02 
	  0   0   0   1   0   1    -1.63277e-02 
	  1   1   0   2   0   0    1.21871e-02 
	  0   0   1   1   1   0    9.29289e-04 
	  0   0   2   1   0   0    -1.95214e-02 
	  0   0   0   2   0   2    -6.21257e-03 
	  0   0   1   0   2   1    -9.67843e-03 
	  4   0   0   0   0   0    -1.99685e-03 
	  1   0   0   0   2   0    6.70171e-03 
	  0   1   0   1   0   0    -4.60621e-02 
	  0   2   0   1   0   0    -1.81813e-02 
	  0   0   0   0   3   0    -1.41851e-02 
	  0   0   1   0   0   1    -4.74956e-03 
	  0   1   0   0   1   0    1.90835e-02 
	  0   1   1   2   0   0    1.69145e-02 
	  0   0   1   0   1   0    -4.18439e-02 
	  0   0   0   1   1   0    -1.74201e-02 
	  1   0   0   0   0   0    9.83053e-03 
	  3   0   0   1   0   0    9.56721e-03 
	  2   0   0   0   0   0    1.36341e-02 
levscap2
parameters 38
# exponents ... coefficient
	  0   0   0   1   0   0    3.22187e-02 
	  0   0   1   0   0   0    4.22272e-02 
	  0   0   0   0   0   1    1.42261e-02 
	  0   1   0   0   0   0    -4.95784e-02 
	  0   0   0   0   1   0    1.07228e-01 
	  0   0   0   0   0   0    1.10888e-01 
	  1   0   0   0   0   0    3.00010e-02 
	  2   0   0   0   0   0    1.90600e-02 
	  0   0   1   0   3   0    -5.36157e-03 
	  0   0   0   1   1   0    -2.48509e-02 
	  0   0   0   3   0   1    -1.08421e-03 
	  0   0   0   2   0   0    2.09256e-02 
	  0   0   0   0   2   0    5.52858e-02 
	  1   1   0   2   0   0    1.23431e-02 
	  0   1   0   2   0   1    1.66391e-03 
	  2   0   0   2   0   0    -7.25612e-03 
	  0   0   2   2   0   0    -9.55884e-03 
	  0   2   0   2   0   0    -1.83554e-02 
	  0   0   0   0   2   1    -2.15923e-03 
	  0   1   0   0   1   0    3.49176e-02 
	  0   1   1   0   0   0    6.94724e-03 
	  0   1   0   1   0   0    -3.10349e-02 
	  0   1   1   1   0   0    2.55151e-02 
	  0   0   0   1   2   0    -4.39801e-02 
	  0   0   1   1   1   0    -2.17912e-02 
	  0   0   1   1   0   0    4.50181e-02 
	  1   0   0   0   2   0    7.45517e-03 
	  0   0   1   3   0   0    -9.86991e-03 
	  0   1   0   0   2   0    -3.32152e-02 
	  3   0   0   0   0   0    -6.45345e-03 
	  0   1   1   1   1   0    -4.56176e-02 
	  1   0   0   1   0   2    3.70900e-03 
	  1   0   1   1   0   1    7.06102e-03 
	  0   1   2   1   0   0    -2.18543e-02 
	  1   0   0   0   1   0    -3.10305e-03 
	  0   0   0   2   0   2    -1.49106e-03 
	  0   0   0   0   3   0    -2.95296e-02 
	  0   0   0   1   3   0    2.21999e-02 
pectmin1
parameters 70
# exponents ... coefficient
	  0   0   0   0   0   0    1.11982e-01 
	  0   1   0   0   0   0    7.93944e-02 
	  1   0   0   1   0   0    -7.95376e-03 
	  0   0   0   2   0   2    -1.48064e-02 
	  0   0   1   2   0   0    -9.89468e-03 
	  0   1   0   1   0   0    -1.18807e-02 
	  0   1   1   0   0   0    5.16699e-03 
	  1   0   0   0   0   0    -1.91352e-02 
	  0   1   0   0   1   1    1.81575e-03 
	  0   0   1   1   0   1    1.64737e-02 
	  0   0   0   4   0   0    1.37465e-03 
	  0   0   0   3   1   0    2.59063e-03 
	  0   0   0   2   1   1    2.55059e-02 
	  0   0   0   0   2   0    2.95569e-02 
	  0   0   0   1   1   1    8.14242e-03 
	  0   0   0   1   0   2    5.00550e-02 
	  0   0   0   0   3   0    9.64957e-04 
	  0   0   2   0   0   0    7.18840e-03 
	  0   0   1   0   1   0    -1.33611e-03 
	  1   1   0   0   0   0    1.80208e-02 
	  0   0   1   1   0   0    -1.44360e-02 
	  0   0   2   0   1   0    1.31493e-02 
	  0   0   0   2   0   0    3.11710e-02 
	  0   0   1   0   0   1    9.66249e-03 
	  2   0   0   0   0   0    1.12237e-02 
	  0   0   2   1   1   0    -3.39904e-03 
	  0   1   0   0   1   0    1.21928e-02 
	  1   2   1   0   0   0    7.47820e-03 
	  0   0   0   0   0   1    1.50022e-02 
	  1   0   0   0   0   1    7.05269e-03 
	  0   1   1   1   1   0    1.93429e-03 
	  0   1   0   3   0   0    1.03683e-03 
	  0   1   2   1   0   0    2.71236e-04 
	  1   0   1   0   0   0    5.47814e-03 
	  0   3   0   0   0   0    -1.89453e-02 
	  0   0   0   0   2   1    -1.50491e-02 
	  0   0   3   0   0   0    1.17301e-04 
	  0   0   1   1   0   2    -8.10436e-03 
	  0   1   0   1   1   0    -7.66342e-03 
	  0   0   1   2   1   0    5.70368e-03 
	  0   0   1   0   0   3    2.36049e-03 
	  1   1   0   1   0   1    1.93385e-02 
	  3   0   0   1   0   0    7.60972e-03 
	  1   1   0   2   0   0    -4.77790e-03 
	  0   0   0   1   1   2    2.63741e-03 
	  0   0   2   1   0   1    -1.56554e-02 
	  1   1   1   1   0   0    5.18405e-03 
	  0   0   0   0   3   1    2.06132e-03 
	  0   0   0   3   0   0    -1.18269e-03 
	  0   0   0   0   1   1    -5.38165e-02 
	  0   0   1   2   0   1    -5.72937e-03 
	  0   0   1   1   1   1    -2.58832e-02 
	  0   0   0   1   0   1    -1.09741e-02 
	  0   0   0   1   2   0    -1.55163e-02 
	  0   0   0   0   0   4    1.28097e-03 
	  0   0   1   0   2   0    9.11947e-03 
	  0   0   0   1   0   0    -4.90242e-02 
	  0   0   1   0   0   0    1.83022e-02 
	  0   0   0   0   1   3    4.64635e-03 
	  0   0   0   2   1   0    -1.73403e-02 
	  0   0   0   0   1   0    4.79114e-03 
	  1   1   0   0   1   0    -6.17636e-03 
	  3   0   0   0   1   0    -4.39402e-03 
	  2   0   1   1   0   0    5.92302e-03 
	  1   0   1   0   1   0    5.11921e-03 
	  0   1   0   1   0   2    -4.73162e-03 
	  0   0   0   0   1   2    -9.30001e-03 
	  2   0   0   1   0   1    2.72300e-03 
	  2   0   0   0   2   0    -2.50496e-03 
	  1   0   2   0   0   0    1.87444e-03 
pectmin2
parameters 45
# exponents ... coefficient
	  0   0   0   0   0   0    1.07084e-01 
	  0   1   0   0   0   0    1.23961e-01 
	  1   0   0   0   0   0    -3.30135e-02 
	  0   0   0   0   1   0    -7.08319e-03 
	  0   0   0   4   0   0    4.72269e-03 
	  0   0   1   3   0   0    6.01496e-03 
	  1   1   0   1   0   1    2.16765e-02 
	  0   1   1   0   0   0    8.18802e-03 
	  0   0   0   0   0   1    1.22090e-02 
	  0   0   0   2   0   2    5.82044e-03 
	  0   0   1   1   0   1    -3.48895e-03 
	  0   1   0   1   1   0    -7.44639e-03 
	  1   1   0   1   0   0    -1.39384e-02 
	  0   0   2   0   0   0    8.80573e-03 
	  1   0   0   2   0   1    1.01005e-02 
	  0   0   0   0   2   0    2.06705e-02 
	  0   0   0   1   1   1    -5.34196e-02 
	  0   0   0   0   0   3    -1.06946e-02 
	  0   0   0   2   1   0    -1.39399e-02 
	  0   0   1   0   1   0    9.53546e-03 
	  0   0   0   2   0   1    5.22059e-03 
	  0   0   1   0   0   2    -2.11655e-02 
	  0   1   0   1   0   0    -4.99460e-02 
	  0   2   0   1   0   0    -4.40537e-02 
	  0   0   0   0   3   0    -8.12172e-03 
	  0   1   0   0   1   1    -2.40109e-02 
	  1   1   0   0   0   0    3.21280e-02 
	  1   0   0   0   1   0    -5.44034e-03 
	  0   0   2   1   1   0    1.19774e-02 
	  0   0   2   0   0   1    -1.28957e-02 
	  0   0   1   0   0   0    1.51573e-02 
	  0   1   0   1   0   2    1.45530e-02 
	  0   0   1   2   0   0    -2.92900e-02 
	  0   0   1   0   0   1    1.83689e-02 
	  0   1   0   3   0   0    1.24606e-02 
	  2   0   0   0   0   0    3.61388e-03 
	  0   1   1   1   1   0    -1.56868e-02 
	  1   1   2   0   0   0    1.26320e-02 
	  0   1   0   0   0   1    5.70648e-04 
	  0   0   0   2   1   1    3.17013e-02 
	  0   0   0   1   0   2    2.49711e-02 
	  0   2   0   2   0   0    3.39808e-02 
	  0   1   0   0   1   0    2.23274e-02 
	  1   0   0   0   1   2    9.31113e-03 
	  1   0   1   0   0   0    2.16402e-03 
pectmin3
parameters 34
# exponents ... coefficient
	  1   0   0   0   0   0    -6.17053e-03 
	  0   1   0   0   0   0    1.13167e-01 
	  0   0   0   0   0   0    8.40877e-02 
	  0   0   0   0   1   0    -1.85541e-02 
	  0   0   1   0   0   1    1.63343e-02 
	  1   0   0   1   0   2    -1.67307e-02 
	  0   0   0   0   0   1    2.65346e-02 
	  0   1   0   3   0   0    -1.59316e-02 
	  0   1   1   0   0   0    2.79849e-02 
	  2   0   0   1   0   0    -2.93138e-02 
	  0   1   0   0   1   0    2.69693e-02 
	  1   0   1   2   0   0    1.29956e-02 
	  1   1   0   0   0   0    2.92373e-02 
	  0   0   2   0   0   0    2.84680e-02 
	  0   0   0   0   0   2    2.73793e-02 
	  1   0   0   2   0   0    -2.98114e-02 
	  0   0   2   1   0   0    -2.52489e-02 
	  1   0   0   1   0   1    5.85801e-02 
	  0   0   0   0   2   0    3.80189e-02 
	  0   0   2   0   1   0    3.14017e-02 
	  0   1   0   1   1   1    -3.53658e-02 
	  0   0   0   0   1   1    -3.44409e-02 
	  1   0   0   2   1   0    1.67400e-02 
	  0   0   0   0   3   0    -5.39484e-05 
	  0   2   1   1   0   0    -3.06468e-02 
	  2   0   0   0   0   0    4.77579e-02 
	  0   0   3   1   0   0    1.06779e-02 
	  0   0   0   2   1   1    1.46458e-02 
	  0   0   0   1   2   0    -2.31387e-02 
	  1   0   0   2   0   1    -3.70488e-02 
	  2   0   0   0   1   0    1.59523e-02 
	  0   0   1   0   2   0    2.16009e-02 
	  0   0   1   3   0   0    -3.33489e-03 
	  1   0   1   0   0   2    1.55413e-02 
pectmin4
parameters 52
# exponents ... coefficient
	  0   0   0   0   0   0    9.63708e-02 
	  0   1   0   0   0   0    1.52030e-01 
	  1   0   0   0   0   0    -1.85662e-02 
	  1   1   0   2   0   0    -1.00524e-02 
	  0   1   1   0   0   0    -3.44213e-02 
	  0   1   0   0   1   0    2.22206e-02 
	  0   0   1   0   0   1    6.29876e-02 
	  1   0   0   1   0   2    -9.59552e-03 
	  0   0   2   0   0   0    3.52351e-02 
	  0   0   0   0   1   1    -1.16745e-02 
	  0   0   2   1   0   0    -1.92482e-02 
	  2   0   0   1   0   0    1.78527e-03 
	  0   1   0   1   0   0    -4.56516e-02 
	  1   0   2   0   0   0    -1.55112e-03 
	  1   0   0   2   1   0    1.84674e-02 
	  0   0   2   0   1   0    1.80736e-02 
	  0   0   1   0   2   0    1.30206e-02 
	  1   0   1   2   0   0    1.30446e-03 
	  0   0   0   0   0   1    1.87852e-02 
	  0   0   0   0   0   2    2.25597e-02 
	  1   0   0   1   0   1    5.93575e-02 
	  0   0   0   1   1   0    -3.46655e-02 
	  0   0   0   0   2   0    2.16609e-02 
	  0   0   3   1   0   0    4.55298e-03 
	  1   0   0   3   0   0    -8.81119e-03 
	  1   0   0   2   0   1    -3.62451e-02 
	  0   0   1   2   0   1    -3.25486e-02 
	  1   0   2   1   0   0    6.47063e-04 
	  0   2   0   0   0   0    -1.43147e-02 
	  1   0   0   1   1   0    -1.43638e-02 
	  0   0   1   0   0   0    4.66500e-02 
	  0   0   1   1   0   0    -4.65075e-02 
	  0   0   1   1   1   0    2.10155e-02 
	  0   1   1   1   0   0    5.39156e-02 
	  2   0   0   0   0   0    3.15704e-02 
	  0   1   1   1   0   1    -5.81953e-02 
	  0   1   0   1   1   1    -5.02033e-02 
	  1   1   0   0   0   0    3.21357e-02 
	  0   1   2   1   0   0    -2.47466e-02 
	  0   0   0   0   2   1    -1.83425e-02 
	  0   1   1   1   1   0    -1.22679e-02 
	  2   0   0   0   0   2    -6.53930e-03 
	  0   0   0   0   1   0    1.79601e-02 
	  0   0   0   4   0   0    1.78513e-03 
	  0   0   0   3   0   1    6.08441e-03 
	  0   2   0   1   0   1    -1.92925e-02 
	  0   0   1   1   1   1    -2.77259e-02 
	  0   0   0   2   0   2    1.18899e-02 
	  1   0   1   0   0   0    1.66188e-02 
	  0   0   0   0   0   3    -4.93046e-03 
	  3   0   0   1   0   0    1.34558e-02 
	  0   0   2   1   0   1    -9.33508e-03 
rhomboid1
parameters 46
# exponents ... coefficient
	  0   0   0   1   0   0    1.31868e-02 
	  0   0   1   0   0   0    3.35108e-02 
	  1   0   0   1   0   0    3.19734e-02 
	  0   0   0   0   1   0    1.02995e-01 
	  1   1   0   0   0   0    1.73330e-02 
	  0   0   0   0   0   0    1.13332e-01 
	  1   0   0   0   0   1    -4.37446e-02 
	  0   1   0   0   0   0    -2.69139e-02 
	  1   0   0   1   0   1    6.15455e-02 
	  0   0   0   0   2   0    3.93507e-02 
	  1   0   0   0   0   0    5.67558e-02 
	  0   0   0   2   1   0    -2.62487e-02 
	  2   0   1   0   0   0    -8.06406e-03 
	  2   0   0   0   1   0    -1.32666e-02 
	  0   0   0   2   0   0    4.24315e-02 
	  0   0   0   0   3   0    -1.10268e-02 
	  1   0   0   0   1   2    -1.72980e-02 
	  1   0   1   0   0   2    -1.77401e-02 
	  1   0   0   0   1   1    -1.00331e-03 
	  0   0   1   3   0   0    -1.69335e-02 
	  1   0   0   0   2   0    1.57172e-02 
	  0   2   0   1   0   0    -1.39127e-02 
	  1   0   0   1   0   2    7.53916e-03 
	  0   1   0   0   0   1    6.96434e-03 
	  0   0   1   1   0   0    4.51300e-02 
	  0   1   1   0   0   0    1.79639e-02 
	  0   1   0   0   1   0    1.53156e-02 
	  1   1   0   1   0   0    4.13972e-02 
	  0   0   0   1   2   0    -1.20223e-02 
	  0   0   0   2   0   2    9.03043e-03 
	  0   0   0   0   2   1    -2.99423e-02 
	  0   0   0   0   1   1    3.75390e-02 
	  0   0   1   0   0   2    -1.12637e-02 
	  0   0   0   2   0   1    -3.65759e-02 
	  0   0   0   1   0   2    -1.72852e-02 
	  4   0   0   0   0   0    1.95452e-02 
	  0   0   1   1   1   1    -4.67153e-02 
	  1   0   0   2   0   1    -2.97828e-02 
	  0   0   1   2   0   1    2.14288e-02 
	  0   0   2   1   0   1    -2.47832e-02 
	  0   0   0   0   0   1    1.44685e-02 
	  1   0   1   0   0   0    -3.58134e-02 
	  1   0   0   0   1   0    -3.82442e-02 
	  0   1   0   0   1   1    -8.63735e-03 
	  0   0   0   3   0   1    1.31617e-02 
	  0   0   0   0   1   2    -1.09644e-02 
rhomboid2
parameters 48
# exponents ... coefficient
	  0   0   0   0   0   0    1.72042e-01 
	  0   0   1   1   0   0    -4.62549e-03 
	  0   0   0   0   1   0    2.37416e-01 
	  1   0   0   0   0   0    5.56709e-02 
	  1   1   0   0   0   0    5.66376e-02 
	  0   0   0   1   0   0    -4.00077e-02 
	  0   0   0   3   0   1    2.81192e-02 
	  0   0   1   0   0   0    9.11163e-02 
	  1   0   0   2   0   1    3.77444e-02 
	  0   0   0   1   1   0    -1.97211e-01 
	  0   0   1   0   3   0    -2.55496e-03 
	  3   0   0   0   0   0    -5.58277e-02 
	  3   0   0   1   0   0    3.97174e-02 
	  1   0   0   1   0   2    2.56906e-03 
	  0   0   0   0   1   1    5.20456e-02 
	  0   0   0   0   0   2    -9.47185e-03 
	  0   0   0   0   2   1    -1.03355e-01 
	  1   0   1   0   0   0    -2.88034e-02 
	  0   0   1   2   0   1    9.98574e-03 
	  0   1   0   0   0   0    -5.08201e-03 
	  0   0   0   2   1   0    1.31873e-01 
	  0   2   0   0   0   1    8.24611e-03 
	  2   1   0   1   0   0    -2.93268e-02 
	  1   0   0   0   2   1    -1.58954e-02 
	  0   1   0   0   0   2    -9.62430e-03 
	  0   1   1   0   0   1    -2.82259e-02 
	  0   0   1   1   0   1    7.42893e-03 
	  0   2   0   0   1   0    -4.00075e-03 
	  1   1   0   0   0   1    2.22575e-03 
	  0   0   0   2   0   1    -3.63541e-02 
	  0   0   0   1   0   1    -9.40533e-02 
	  0   0   0   3   0   0    -1.77727e-02 
	  0   0   1   1   1   1    -3.13890e-02 
	  0   0   1   1   1   0    -2.25146e-02 
	  0   2   0   0   0   0    -8.41172e-03 
	  0   0   0   1   2   1    5.53197e-02 
	  0   0   0   3   1   0    -4.46185e-02 
	  1   0   0   1   0   1    -7.06484e-02 
	  1   0   0   1   0   0    1.51701e-02 
	  0   0   0   2   0   2    -1.32181e-02 
	  0   1   0   1   0   1    1.56845e-02 
	  1   0   0   0   2   0    1.61664e-02 
	  0   0   2   2   0   0    -6.85550e-03 
	  1   0   1   2   0   0    9.68242e-03 
	  0   0   0   0   0   1    6.23952e-02 
	  0   0   0   2   0   0    8.83484e-02 
	  0   1   0   0   1   1    -1.64919e-02 
	  0   0   2   1   0   1    -1.10082e-02 
rhomboid3
parameters 21
# exponents ... coefficient
	  0   0   0   1   0   0    8.44706e-02 
	  0   0   1   0   0   0    9.96508e-02 
	  0   0   0   0   1   0    1.93521e-01 
	  1   0   0   2   0   0    5.78046e-02 
	  1   1   0   0   0   0    9.20444e-02 
	  0   0   0   0   0   0    1.03277e-01 
	  0   0   0   3   0   1    -2.17993e-02 
	  1   0   0   0   0   1    -2.41784e-02 
	  1   0   0   0   0   0    5.05176e-02 
	  3   0   0   0   0   0    -6.60281e-02 
	  0   0   0   1   1   0    -7.22498e-02 
	  0   0   1   0   2   1    -6.34089e-02 
	  0   0   2   0   0   2    -3.54196e-02 
	  0   0   1   0   1   1    3.70053e-02 
	  1   0   0   1   0   2    2.32918e-02 
	  1   0   0   0   1   1    -1.92318e-02 
	  3   0   0   1   0   0    4.21348e-02 
	  0   0   1   2   0   0    -1.32007e-02 
	  0   0   0   1   1   2    -2.20823e-02 
	  1   0   1   0   0   0    -1.37768e-02 
	  1   0   0   3   0   0    -2.99217e-02 
rhomboid4
parameters 32
# exponents ... coefficient
	  0   0   1   1   0   0    2.98390e-01 
	  0   0   0   0   0   0    1.40066e-01 
	  0   0   0   0   1   0    1.77033e-01 
	  1   0   0   0   0   0    8.78402e-02 
	  2   1   0   0   0   0    -4.91575e-02 
	  0   0   0   3   0   1    1.04249e-01 
	  0   0   0   1   0   0    2.25427e-03 
	  0   0   1   2   0   0    -3.00960e-01 
	  1   0   0   2   0   1    -8.42726e-04 
	  0   0   1   0   2   1    -6.08962e-02 
	  0   0   0   2   1   0    -4.01693e-02 
	  0   0   1   1   0   2    -3.27787e-02 
	  3   0   0   0   0   0    -8.88519e-02 
	  0   0   0   0   1   1    4.15533e-02 
	  0   0   1   3   0   0    9.44516e-02 
	  0   0   0   1   1   2    1.25396e-02 
	  3   0   0   1   0   0    7.00005e-02 
	  0   1   0   0   0   0    1.64670e-02 
	  1   1   0   0   0   0    6.61099e-02 
	  1   0   0   0   0   3    -5.68529e-03 
	  1   0   1   0   0   0    -5.76723e-02 
	  0   0   1   2   0   1    3.02068e-02 
	  1   0   0   0   0   1    -4.27359e-02 
	  0   0   0   2   0   1    -2.73868e-01 
	  0   0   0   1   0   1    1.22178e-01 
	  0   0   0   2   0   0    3.95910e-02 
	  0   0   2   1   0   1    -2.44755e-02 
	  0   0   0   0   1   2    -6.53954e-02 
	  0   0   1   0   1   2    4.32356e-02 
	  2   2   0   0   0   0    1.97618e-02 
	  1   0   1   1   0   0    3.47886e-02 
	  0   0   0   0   0   2    -6.62414e-03 
rhomboid5
parameters 26
# exponents ... coefficient
	  0   0   1   1   0   0    3.12650e-01 
	  0   0   0   0   1   0    1.84120e-01 
	  0   0   0   0   0   0    9.77338e-02 
	  1   0   0   0   0   0    9.06610e-02 
	  0   0   0   3   0   1    -4.42428e-02 
	  3   1   0   0   0   0    4.94213e-02 
	  0   0   0   1   0   0    7.21650e-02 
	  0   0   1   2   0   0    -2.96414e-01 
	  0   1   0   0   0   0    3.43726e-02 
	  1   0   0   2   0   1    -3.65258e-02 
	  1   1   0   0   0   0    9.28802e-02 
	  0   0   1   0   2   1    -2.39211e-02 
	  0   0   0   2   1   0    -3.54141e-02 
	  2   0   1   0   0   0    9.19128e-02 
	  0   0   2   0   0   2    1.97303e-02 
	  0   0   1   0   1   1    1.42845e-02 
	  1   2   0   0   0   0    -2.85488e-02 
	  0   0   1   3   0   0    8.72077e-02 
	  0   0   0   0   1   2    -3.85123e-02 
	  0   0   1   0   0   2    -4.81218e-02 
	  0   0   0   0   1   1    4.71483e-02 
	  0   0   1   2   0   1    2.28928e-02 
	  4   0   0   0   0   0    9.13114e-02 
	  3   0   0   1   0   0    6.06195e-02 
	  1   0   0   0   0   2    2.27447e-02 
	  3   0   1   0   0   0    8.45723e-02 
serrant1
parameters 21
# exponents ... coefficient
	  1   0   0   0   0   1    9.56823e-03 
	  0   0   0   0   1   0    -1.50201e-01 
	  0   0   1   0   0   0    -1.81013e-01 
	  0   0   0   0   0   0    1.19202e-01 
	  0   1   0   1   0   0    7.54416e-02 
	  1   0   0   1   0   0    5.29454e-02 
	  0   0   0   0   0   1    -1.08042e-01 
	  2   0   0   0   0   0    2.84020e-02 
	  0   2   0   1   0   0    1.37570e-01 
	  0   0   0   0   2   0    6.92237e-02 
	  0   0   1   1   1   0    7.64787e-02 
	  0   0   2   2   0   0    3.16264e-02 
	  2   0   0   1   0   0    1.15293e-02 
	  0   1   0   0   1   0    9.06608e-02 
	  0   1   1   1   0   0    5.09019e-02 
	  0   0   0   0   2   2    -7.33833e-02 
	  1   1   0   0   0   0    7.96322e-02 
	  0   0   0   4   0   0    9.61765e-03 
	  1   0   0   0   0   0    -1.21912e-01 
	  0   1   0   3   0   0    4.00165e-02 
	  0   1   0   0   0   2    6.42574e-02 
serrant2
parameters 44
# exponents ... coefficient
	  1   0   0   0   0   1    -4.60976e-02 
	  0   0   0   0   1   0    -2.76277e-01 
	  0   0   1   0   0   0    -1.68406e-01 
	  0   0   0   0   0   0    1.26245e-01 
	  1   0   0   1   0   0    1.22440e-02 
	  0   0   0   0   0   1    -8.91315e-02 
	  0   1   0   1   0   0    -1.16094e-01 
	  1   0   0   0   0   0    -1.27613e-01 
	  0   2   0   2   0   0    -2.66014e-02 
	  0   0   1   3   0   0    1.97798e-02 
	  0   1   0   2   0   0    1.84078e-01 
	  0   0   0   1   1   0    2.39717e-01 
	  0   1   0   0   1   0    2.35817e-01 
	  0   1   0   1   0   1    -1.59172e-01 
	  0   0   0   3   0   1    -1.03455e-02 
	  1   1   0   1   0   0    8.62777e-02 
	  2   0   0   0   0   0    3.36968e-02 
	  0   1   0   0   2   0    2.86926e-01 
	  0   0   0   0   3   0    1.11719e-01 
	  0   0   1   1   2   0    2.48637e-01 
	  1   0   0   1   1   0    6.02738e-02 
	  1   0   1   2   0   0    4.53728e-02 
	  1   0   0   1   1   1    4.37154e-02 
	  0   1   1   2   0   0    -4.63646e-02 
	  1   0   1   0   0   1    5.98641e-02 
	  0   0   2   1   1   0    2.25190e-01 
	  0   1   1   1   1   0    3.19665e-01 
	  0   2   0   1   0   0    2.09603e-01 
	  0   2   0   1   1   0    1.60283e-01 
	  0   2   1   0   0   0    9.63452e-02 
	  0   0   1   0   1   0    -1.06632e-01 
	  0   0   0   0   1   1    -8.44451e-02 
	  0   0   0   1   0   2    3.91916e-02 
	  0   1   2   1   0   0    1.64977e-01 
	  0   1   0   1   1   0    -2.01083e-01 
	  0   0   0   2   1   0    -9.28027e-02 
	  0   0   3   1   0   0    6.54923e-02 
	  0   0   2   0   0   0    -6.14228e-02 
	  0   0   0   4   0   0    4.92826e-03 
	  0   1   1   1   0   1    1.27836e-01 
	  0   1   0   1   0   2    6.76047e-02 
	  1   2   0   0   0   0    7.52189e-02 
	  1   0   0   1   2   0    3.16711e-02 
	  0   0   2   0   0   1    -2.08473e-02 
serrant3
parameters 24
# exponents ... coefficient
	  1   0   0   0   0   0    -1.77825e-01 
	  0   0   0   0   0   1    -9.11015e-02 
	  0   0   0   0   1   0    -1.40805e-01 
	  0   0   1   0   0   0    -1.73335e-01 
	  0   0   0   0   0   0    1.16304e-01 
	  0   1   0   1   0   0    -7.74539e-02 
	  0   0   0   2   0   0    2.32034e-02 
	  0   2   0   1   0   0    1.65111e-01 
	  0   1   0   2   0   0    1.28721e-01 
	  0   0   0   1   0   2    -1.61243e-03 
	  0   0   1   3   0   0    1.73598e-02 
	  0   0   0   0   2   0    7.57047e-02 
	  1   0   0   1   0   0    8.48841e-02 
	  1   1   0   0   0   0    5.95622e-02 
	  2   0   0   1   0   0    3.31429e-02 
	  0   0   0   0   2   1    7.40645e-02 
	  0   0   1   0   0   1    -4.22062e-02 
	  0   0   1   1   1   0    5.77025e-02 
	  0   1   0   1   0   2    3.86513e-02 
	  0   1   0   0   1   0    6.81136e-02 
	  0   0   0   0   1   1    -8.57336e-02 
	  0   0   1   0   1   1    7.49180e-02 
	  0   1   0   1   0   1    -7.18923e-02 
	  0   1   0   0   2   0    7.30656e-02 
serrant4
parameters 30
# exponents ... coefficient
	  1   0   0   0   0   0    -1.62510e-01 
	  0   0   0   0   0   1    -7.05650e-02 
	  0   0   0   0   1   0    -9.77492e-02 
	  0   0   1   0   0   0    -1.55523e-01 
	  0   0   0   0   0   0    9.90800e-02 
	  0   2   0   1   0   0    1.47857e-01 
	  0   0   0   1   0   0    3.53124e-02 
	  0   1   0   3   0   0    3.68766e-02 
	  0   0   0   2   0   2    -3.02728e-03 
	  0   0   1   2   0   0    3.66568e-02 
	  0   1   0   0   0   0    -3.90733e-02 
	  0   0   0   0   2   0    6.65200e-02 
	  0   0   1   0   0   1    -9.09914e-02 
	  1   0   0   1   0   0    5.28623e-02 
	  0   0   0   1   2   1    1.27043e-01 
	  2   0   0   1   0   0    3.34022e-02 
	  1   0   0   0   1   0    6.40981e-02 
	  1   0   1   1   0   0    4.32940e-02 
	  1   1   0   0   0   0    3.86437e-02 
	  0   0   1   1   1   0    4.89187e-02 
	  1   0   0   0   1   1    5.89457e-02 
	  0   1   0   1   0   2    4.57917e-03 
	  0   1   0   0   1   0    9.61551e-02 
	  0   1   0   1   0   1    -1.43104e-01 
	  0   1   0   0   1   1    1.59781e-01 
	  0   0   0   1   1   1    -1.05696e-01 
	  0   0   1   1   1   1    1.71003e-01 
	  0   0   2   0   0   1    5.58577e-02 
	  0   1   1   0   0   1    1.29588e-01 
	  0   1   2   0   0   0    4.08338e-02 
serrant5
parameters 35
# exponents ... coefficient
	  0   0   0   0   0   0    1.09330e-01 
	  1   0   0   0   0   0    -1.04648e-01 
	  0   0   1   0   0   0    -9.67838e-02 
	  0   0   0   0   0   1    -5.62735e-02 
	  0   0   0   0   1   0    -9.45900e-02 
	  0   0   0   1   0   0    1.98921e-02 
	  0   1   0   0   0   0    -6.24841e-02 
	  0   2   0   1   0   0    1.14359e-01 
	  0   1   0   3   0   0    3.63739e-02 
	  0   1   0   1   0   1    -5.26933e-02 
	  0   1   1   0   0   0    -1.11567e-01 
	  1   0   0   0   1   0    6.97969e-03 
	  1   0   1   0   0   0    -5.61484e-02 
	  0   0   0   0   2   0    1.09846e-02 
	  0   0   1   3   0   0    2.79376e-02 
	  0   1   0   0   2   0    1.29270e-01 
	  2   0   0   0   0   0    4.34805e-02 
	  1   0   1   1   0   0    1.28524e-01 
	  1   0   0   0   1   1    8.76575e-02 
	  1   1   0   0   0   0    3.22557e-02 
	  1   0   1   0   0   1    6.45575e-02 
	  0   1   1   0   1   0    7.03823e-02 
	  0   0   1   2   1   0    -1.79367e-02 
	  2   0   0   0   0   1    3.60896e-02 
	  0   2   0   1   1   0    1.20885e-01 
	  0   2   1   0   0   0    1.01954e-01 
	  0   1   1   2   0   0    6.31981e-02 
	  0   1   0   0   0   1    -7.38946e-02 
	  1   0   0   1   1   0    8.44294e-02 
	  0   0   0   0   3   0    9.81976e-02 
	  0   0   1   0   2   0    8.61783e-02 
	  0   0   2   1   1   0    5.73390e-02 
	  0   0   0   1   1   0    5.49711e-02 
	  0   0   0   2   0   1    -1.32873e-02 
	  0   0   0   1   3   0    -5.65058e-02 
serrant6
parameters 28
# exponents ... coefficient
	  0   0   0   0   0   0    1.09462e-01 
	  1   0   0   1   0   0    4.63019e-02 
	  0   0   0   0   0   1    -3.60355e-02 
	  0   1   0   0   0   0    -8.61585e-02 
	  0   0   1   0   0   0    -4.65780e-02 
	  1   0   0   0   1   0    7.37807e-02 
	  2   0   0   0   0   0    1.21913e-02 
	  0   0   1   1   0   0    2.83250e-02 
	  1   0   1   2   0   0    -9.78378e-03 
	  0   2   0   1   0   0    1.22128e-01 
	  0   1   0   2   0   1    6.44713e-02 
	  0   0   0   0   2   0    3.22193e-02 
	  0   1   1   0   0   0    -1.02566e-01 
	  0   1   0   0   2   0    1.18848e-01 
	  2   0   0   1   0   0    2.90625e-02 
	  0   0   0   2   0   0    2.04541e-02 
	  1   0   0   0   0   0    -1.22996e-01 
	  0   1   0   3   0   0    4.11717e-02 
	  0   1   0   1   0   1    -1.82073e-01 
	  0   0   0   3   0   1    -1.37494e-02 
	  1   0   0   0   2   0    4.06414e-02 
	  1   0   1   1   0   0    7.48416e-02 
	  0   0   0   0   1   0    7.06727e-03 
	  1   1   0   0   0   0    2.62450e-02 
	  0   1   0   0   1   0    -5.01125e-02 
	  0   1   1   0   1   0    1.13605e-01 
	  0   1   2   0   0   0    4.76665e-02 
	  0   2   0   1   1   0    3.75816e-02 
serrant7
parameters 31
# exponents ... coefficient
	  0   0   0   0   0   0    5.98168e-02 
	  1   0   0   1   0   0    4.63058e-02 
	  0   1   0   0   0   0    -7.60719e-02 
	  0   0   0   1   0   1    -2.88933e-02 
	  0   1   1   0   0   0    -6.67527e-02 
	  0   1   0   0   0   1    -7.11329e-02 
	  0   2   0   1   0   0    8.69564e-02 
	  1   0   1   2   0   0    5.88212e-02 
	  0   0   0   1   0   0    5.06438e-02 
	  1   0   0   0   0   0    -8.63718e-02 
	  2   0   0   0   0   0    3.72105e-02 
	  0   1   0   3   0   0    2.87413e-02 
	  0   1   0   0   1   0    -1.40899e-02 
	  0   0   0   0   2   0    4.49290e-02 
	  0   0   0   0   1   0    3.38213e-02 
	  1   0   0   1   1   0    6.77006e-02 
	  0   0   0   1   2   0    -2.34174e-02 
	  0   0   1   3   0   0    1.14305e-02 
	  1   1   1   0   0   0    7.50854e-02 
	  1   0   0   3   0   0    -1.28316e-02 
	  1   1   0   0   1   0    7.61082e-02 
	  0   1   0   0   2   0    8.13417e-02 
	  0   1   1   2   0   0    -2.08694e-03 
	  0   0   0   0   1   2    -1.77890e-02 
	  1   0   0   0   2   0    2.15037e-02 
	  0   1   1   1   1   0    9.01035e-02 
	  0   1   2   1   0   0    3.72419e-02 
	  0   1   0   2   1   0    -2.88484e-02 
	  0   0   0   1   0   3    7.09367e-03 
	  3   0   0   0   1   0    -2.31840e-02 
	  2   0   1   1   0   0    1.83849e-02 
serrant8
parameters 19
# exponents ... coefficient
	  0   0   0   1   0   0    8.36433e-02 
	  1   0   0   0   0   0    -9.53933e-02 
	  0   1   1   1   0   0    -2.16189e-01 
	  0   0   0   0   0   1    -1.17285e-02 
	  0   1   0   1   1   0    -1.97122e-01 
	  1   0   0   2   0   0    4.87482e-02 
	  0   1   0   0   0   0    -4.02075e-02 
	  0   1   0   0   0   1    -4.08588e-02 
	  2   0   0   2   0   0    4.29052e-02 
	  0   0   0   0   1   0    3.95517e-02 
	  0   0   0   0   2   0    9.61972e-02 
	  0   0   1   1   0   0    2.83038e-02 
	  1   0   1   1   0   0    4.54569e-02 
	  1   0   0   0   1   0    4.96713e-02 
	  0   0   0   1   2   0    -6.33749e-02 
	  0   2   0   0   0   0    4.83212e-02 
	  0   1   1   2   0   0    1.38545e-01 
	  0   1   0   2   1   0    1.30684e-01 
	  1   0   0   0   2   0    3.29600e-02 
serrant9
parameters 39
# exponents ... coefficient
	  0   0   0   1   0   0    8.62232e-02 
	  1   0   0   0   0   0    -1.07736e-01 
	  0   1   1   1   0   0    -8.45646e-02 
	  0   1   0   0   1   0    -1.76694e-01 
	  0   1   0   0   0   1    -1.77530e-02 
	  0   0   0   0   2   0    1.60112e-01 
	  0   0   1   0   0   0    5.28161e-03 
	  0   2   0   0   0   1    -1.27513e-02 
	  0   1   1   0   0   0    -7.88155e-02 
	  2   0   0   0   0   0    3.29870e-02 
	  1   0   0   1   0   0    7.37924e-02 
	  0   2   0   2   0   0    3.09257e-03 
	  0   0   0   0   1   0    1.10031e-02 
	  0   0   0   1   2   0    -1.05054e-01 
	  0   1   0   0   0   0    -1.55387e-02 
	  0   0   0   0   0   1    -5.64100e-03 
	  0   1   0   1   1   0    8.00762e-02 
	  1   0   0   1   1   0    3.69506e-03 
	  1   0   1   0   0   0    3.37558e-03 
	  0   0   1   0   1   0    9.10783e-02 
	  0   0   2   0   0   0    2.52051e-02 
	  1   0   1   2   0   0    -4.29131e-03 
	  0   0   1   2   1   0    -2.91901e-02 
	  0   2   0   0   0   0    4.29011e-02 
	  0   0   0   2   0   0    2.41727e-03 
	  1   0   0   0   2   0    1.53992e-01 
	  1   0   1   0   1   0    9.72239e-02 
	  1   0   2   1   0   0    3.99473e-02 
	  0   0   0   0   1   1    1.90250e-02 
	  0   0   0   1   0   2    -1.06381e-02 
	  0   1   0   0   1   1    2.81654e-02 
	  1   0   0   0   1   1    1.92758e-02 
	  1   0   0   1   0   2    -6.04499e-03 
	  0   0   0   0   0   0    -1.67300e-02 
	  1   0   0   1   2   0    -9.18164e-02 
	  0   1   1   0   0   1    1.51076e-02 
	  0   1   1   2   0   0    7.25259e-02 
	  2   0   0   1   0   0    3.81981e-02 
	  3   0   0   0   0   0    2.52479e-02 
serrant10
parameters 30
# exponents ... coefficient
	  0   0   0   1   0   0    9.01124e-02 
	  2   0   0   0   0   0    5.92992e-02 
	  0   1   1   2   0   0    1.86401e-01 
	  0   1   0   0   1   0    -2.10655e-01 
	  0   0   0   3   0   1    -1.18315e-02 
	  0   0   1   1   0   0    4.11121e-03 
	  0   1   1   1   0   0    -2.90576e-01 
	  0   1   0   0   0   1    -1.38324e-02 
	  0   2   0   0   0   0    5.84040e-02 
	  0   0   0   0   2   0    1.55532e-01 
	  0   0   0   2   0   1    1.42238e-02 
	  3   0   0   1   0   0    1.70163e-02 
	  0   0   1   0   1   0    8.50044e-02 
	  0   0   2   0   0   0    3.34539e-02 
	  0   0   0   1   2   0    -8.20104e-02 
	  0   0   0   0   0   0    -3.26898e-02 
	  1   0   1   1   1   0    1.32175e-01 
	  1   0   2   1   0   0    4.96917e-02 
	  2   0   0   0   2   0    1.62291e-03 
	  1   0   0   0   0   0    -6.92370e-02 
	  1   0   0   1   0   0    4.05443e-02 
	  0   1   0   1   1   0    1.02685e-01 
	  0   1   0   1   0   0    -8.02218e-03 
	  1   0   0   0   0   1    3.98899e-03 
	  2   0   0   1   1   0    3.39329e-02 
	  0   0   0   0   1   1    7.32886e-03 
	  0   0   1   1   0   1    4.99420e-03 
	  1   0   0   0   0   2    3.43908e-03 
	  1   0   0   0   2   0    8.91126e-02 
	  2   0   1   1   0   0    2.17832e-02 
serrant11
parameters 18
# exponents ... coefficient
	  1   0   0   1   0   0    3.30624e-02 
	  0   0   0   0   0   1    6.04983e-03 
	  0   0   0   1   0   0    7.88627e-02 
	  0   1   1   2   0   0    1.40843e-01 
	  0   1   0   0   1   0    -2.35653e-01 
	  2   0   0   0   0   0    4.05966e-02 
	  0   0   0   0   2   0    1.05596e-01 
	  0   2   0   0   0   0    6.69966e-02 
	  0   1   1   1   0   0    -2.41471e-01 
	  1   0   0   0   0   0    -7.02309e-02 
	  0   0   1   3   0   0    2.87712e-04 
	  0   1   0   1   1   0    1.17917e-01 
	  0   0   0   0   0   0    -2.55154e-02 
	  1   0   0   0   0   1    2.86480e-03 
	  0   0   0   1   2   0    -6.99467e-02 
	  0   0   1   0   1   0    2.45031e-02 
	  0   0   2   1   0   0    1.06406e-02 
	  0   1   0   0   0   1    -2.97957e-03 
deltscap1
parameters 16
# exponents ... coefficient
	  0   0   0    1.70646e-01 
	  0   1   0    5.89305e-02 
	  0   0   1    2.81635e-02 
	  2   0   1    -8.98137e-03 
	  0   2   0    -3.05102e-02 
	  1   0   0    1.32977e-02 
	  1   0   1    -5.08050e-02 
	  0   0   2    -7.21073e-03 
	  2   0   0    -1.09774e-02 
	  1   2   0    2.99586e-02 
	  2   2   0    -1.40922e-02 
	  0   1   2    -3.57613e-02 
	  0   2   2    2.16665e-02 
	  1   3   0    -1.64993e-02 
	  0   3   0    5.07125e-03 
	  4   0   0    3.15779e-03 
deltscap2
parameters 17
# exponents ... coefficient
	  0   0   0    1.50241e-01 
	  0   0   1    2.78537e-02 
	  1   1   0    2.69863e-02 
	  0   1   0    3.01712e-02 
	  1   0   1    -3.30097e-02 
	  2   0   2    -4.90563e-02 
	  0   2   0    -1.61887e-02 
	  0   0   2    -1.67023e-02 
	  2   1   0    -1.23337e-02 
	  1   0   0    5.18833e-03 
	  2   0   1    -1.14132e-03 
	  1   0   3    -7.11674e-02 
	  3   1   0    -1.24432e-02 
	  1   0   2    4.36828e-02 
	  0   2   1    3.61422e-03 
	  0   0   4    -2.79433e-02 
	  0   0   3    2.62398e-02 
deltscap3
parameters 20
# exponents ... coefficient
	  0   0   0    1.36379e-01 
	  0   0   1    3.12625e-02 
	  1   1   0    2.79722e-02 
	  0   3   0    3.24460e-04 
	  1   2   0    7.05359e-03 
	  2   0   1    -1.52195e-02 
	  0   0   2    -1.48994e-02 
	  1   0   1    -1.26788e-02 
	  1   0   0    5.70325e-03 
	  0   1   0    8.65645e-03 
	  0   2   0    -1.27266e-02 
	  1   3   0    -1.20614e-02 
	  2   1   1    2.21526e-02 
	  2   1   0    -7.76501e-03 
	  1   0   3    9.01168e-04 
	  0   0   3    1.20785e-02 
	  0   1   3    -1.28188e-02 
	  3   0   0    -1.33673e-03 
	  1   0   2    9.95339e-03 
	  0   1   2    6.82160e-03 
deltscap4
parameters 18
# exponents ... coefficient
	  0   0   0    1.12660e-01 
	  0   0   1    3.08219e-02 
	  1   1   0    2.94105e-02 
	  0   2   0    -7.81307e-03 
	  1   0   0    6.08972e-03 
	  1   3   0    -5.67817e-03 
	  2   0   1    -1.44020e-02 
	  0   0   2    -9.16055e-03 
	  1   0   1    -5.24956e-03 
	  2   1   1    1.98341e-02 
	  2   1   0    -5.59904e-03 
	  1   0   3    4.80739e-03 
	  1   1   1    -6.01975e-03 
	  0   0   3    3.79157e-03 
	  1   0   2    6.21180e-03 
	  0   1   0    1.28613e-03 
	  0   4   0    5.38308e-04 
	  3   0   0    -8.33441e-04 
deltscap5
parameters 24
# exponents ... coefficient
	  0   0   0    1.07275e-01 
	  0   0   1    2.41227e-02 
	  1   0   0    5.10774e-03 
	  0   2   0    -6.39394e-03 
	  1   0   1    9.68434e-03 
	  0   3   0    8.35680e-04 
	  1   1   0    2.03621e-02 
	  0   1   0    -1.42405e-02 
	  0   0   2    -4.78095e-03 
	  1   2   0    -5.00399e-03 
	  3   0   1    -1.12157e-03 
	  1   2   1    -1.29314e-02 
	  1   0   2    6.57854e-03 
	  0   3   1    4.91883e-03 
	  0   1   1    -5.07616e-03 
	  1   1   2    -1.01496e-02 
	  3   1   0    -1.99617e-03 
	  1   3   0    2.69676e-03 
	  1   1   1    6.43507e-03 
	  2   1   0    1.04399e-02 
	  2   0   1    -9.52908e-03 
	  2   2   0    -1.01414e-02 
	  0   0   3    -1.37244e-03 
	  2   1   1    7.20061e-03 
deltscap6
parameters 18
# exponents ... coefficient
	  0   0   0    1.43516e-01 
	  0   0   1    3.14916e-02 
	  1   1   0    2.72298e-02 
	  0   1   0    -4.20002e-03 
	  0   0   2    -1.20290e-02 
	  1   2   0    -1.21818e-03 
	  0   2   0    -1.11132e-02 
	  1   0   0    5.38800e-03 
	  2   0   1    -1.35054e-02 
	  0   3   1    3.28727e-03 
	  1   2   1    -1.70006e-02 
	  1   1   1    6.57502e-03 
	  2   0   2    1.08043e-02 
	  1   0   3    4.95871e-03 
	  0   4   0    5.88696e-04 
	  3   0   0    -9.06479e-04 
	  0   0   3    4.12589e-03 
	  0   1   3    -3.27827e-03 
deltscap7
parameters 19
# exponents ... coefficient
	  0   0   0    1.59713e-01 
	  0   0   1    3.01102e-02 
	  1   1   0    2.94776e-02 
	  0   1   0    -8.06180e-03 
	  0   0   2    -8.98521e-03 
	  1   2   0    -3.38644e-03 
	  0   2   0    -8.43590e-03 
	  1   0   0    3.30115e-03 
	  0   3   1    2.83349e-03 
	  2   0   1    -1.57892e-02 
	  3   1   0    -9.44652e-04 
	  1   0   1    6.37161e-03 
	  1   2   1    -1.07608e-02 
	  2   0   2    4.94895e-03 
	  2   1   1    6.91848e-03 
	  2   0   0    1.80583e-03 
	  0   4   0    5.23341e-04 
	  3   0   0    -1.55226e-03 
	  2   2   0    -2.29100e-03 
deltscap8
parameters 19
# exponents ... coefficient
	  0   0   0    1.41706e-01 
	  0   0   1    2.42727e-02 
	  0   2   0    -7.70249e-03 
	  1   1   0    2.58708e-02 
	  0   1   0    -1.52711e-02 
	  0   0   2    -7.95773e-03 
	  1   0   0    2.08993e-03 
	  1   0   1    1.15314e-02 
	  1   2   0    -1.54304e-02 
	  0   3   1    5.66409e-03 
	  0   1   1    -4.50272e-03 
	  3   0   1    2.01026e-03 
	  2   0   0    3.71805e-03 
	  2   0   1    -1.29591e-02 
	  1   2   1    -1.90030e-02 
	  1   3   0    1.03913e-02 
	  3   0   0    -2.62181e-03 
	  2   0   2    1.01111e-02 
	  1   1   1    7.70332e-03 
deltscap9
parameters 22
# exponents ... coefficient
	  0   0   0    1.50548e-01 
	  0   1   0    -2.01212e-02 
	  1   1   0    2.56859e-02 
	  0   0   1    1.98769e-02 
	  1   0   1    1.74165e-02 
	  1   2   0    -2.45910e-02 
	  0   0   2    -6.05391e-03 
	  2   0   0    4.15837e-03 
	  1   3   0    1.46326e-02 
	  1   2   1    -1.20862e-02 
	  2   0   1    -1.03474e-02 
	  3   0   0    -3.91686e-03 
	  2   0   2    7.51455e-03 
	  0   2   2    1.06392e-02 
	  0   2   0    -4.59326e-03 
	  0   1   2    -6.25779e-03 
	  1   0   0    2.55931e-03 
	  0   1   1    -7.19725e-03 
	  0   0   3    -3.04850e-03 
	  3   1   0    3.60171e-03 
	  0   2   1    4.83208e-03 
	  1   0   3    -3.92226e-03 
deltscap10
parameters 23
# exponents ... coefficient
	  0   0   0    1.40149e-01 
	  0   1   0    -2.41434e-02 
	  1   0   1    1.98744e-02 
	  1   0   0    3.20262e-03 
	  0   0   1    1.24993e-02 
	  0   0   2    -1.28402e-02 
	  1   1   0    7.19818e-03 
	  2   1   0    1.62487e-02 
	  1   1   1    -9.54942e-03 
	  0   1   2    5.85341e-03 
	  2   2   0    -1.22484e-02 
	  2   0   1    -4.17559e-03 
	  0   2   0    -9.55429e-03 
	  0   2   2    6.45637e-03 
	  0   1   1    -9.88997e-03 
	  0   2   1    1.24638e-02 
	  1   0   3    -1.08850e-02 
	  1   0   2    5.56530e-03 
	  3   1   0    -2.34974e-03 
	  0   3   0    8.51190e-03 
	  0   4   0    -3.00913e-03 
	  0   3   1    -5.74535e-03 
	  0   0   3    -1.74147e-03 
deltscap11
parameters 21
# exponents ... coefficient
	  0   0   0    1.31381e-01 
	  0   1   0    -2.76633e-02 
	  1   0   1    1.97170e-02 
	  0   0   2    -2.15021e-02 
	  2   0   0    2.62225e-03 
	  0   1   2    2.71663e-02 
	  0   0   1    -4.96714e-03 
	  2   1   0    2.86840e-03 
	  0   2   2    -9.89221e-03 
	  1   1   1    -1.81904e-02 
	  1   2   1    8.41505e-03 
	  0   1   1    4.08721e-03 
	  0   2   0    -4.08429e-03 
	  1   0   0    6.54408e-04 
	  0   3   0    1.51620e-03 
	  1   0   2    -5.19481e-03 
	  1   2   0    -7.72772e-04 
	  1   1   2    1.22430e-02 
	  1   0   3    -5.65160e-03 
	  3   0   0    -4.80642e-04 
	  0   0   3    1.20017e-03 
deltclav1
parameters 18
# exponents ... coefficient
	  0   0   0   0   0   0    1.53661e-01 
	  1   0   0   0   0   1    -5.58244e-03 
	  0   0   1   0   0   0    -7.33916e-03 
	  0   0   0   1   0   0    -9.15308e-03 
	  1   0   0   0   2   0    -1.44508e-02 
	  0   1   0   0   0   0    3.26900e-02 
	  1   1   0   0   0   0    -1.67584e-02 
	  1   0   0   1   1   0    -8.60345e-03 
	  0   0   0   0   0   1    -1.89873e-02 
	  2   0   0   0   0   0    -5.49770e-03 
	  1   0   1   0   0   0    -1.64641e-02 
	  1   0   1   0   2   0    9.53574e-03 
	  0   1   0   0   1   0    -6.69375e-03 
	  0   2   0   0   1   0    -6.87567e-03 
	  1   0   0   0   0   2    -9.88326e-03 
	  2   0   0   0   1   1    8.17330e-03 
	  2   0   0   1   0   0    3.25085e-03 
	  0   0   0   1   0   1    -4.27063e-03 
deltclav2
parameters 35
# exponents ... coefficient
	  0   0   0   0   0   0    1.82719e-01 
	  1   0   0   0   0   1    -2.25225e-02 
	  0   0   1   0   0   0    -1.10767e-02 
	  0   1   0   0   0   0    6.43369e-02 
	  0   0   0   1   0   0    -7.01361e-03 
	  2   0   0   0   2   0    2.56381e-02 
	  1   1   0   0   0   0    -3.94411e-02 
	  0   0   0   1   1   1    -1.32398e-03 
	  0   0   0   0   0   2    -1.60948e-02 
	  0   0   0   0   1   0    2.51228e-02 
	  1   0   0   1   1   0    -1.22897e-02 
	  1   0   0   0   2   0    -4.35253e-02 
	  3   0   0   0   1   0    -1.04469e-02 
	  0   0   0   0   0   1    -9.44744e-03 
	  1   0   1   0   0   0    -2.83107e-02 
	  0   0   1   0   1   0    3.86943e-03 
	  0   2   0   0   1   0    -3.09141e-02 
	  0   0   0   1   0   1    -2.45301e-02 
	  0   1   0   0   1   0    -9.18020e-03 
	  1   0   0   0   0   0    -8.12668e-03 
	  0   0   0   1   1   0    -5.37516e-03 
	  1   0   1   0   2   0    1.04682e-02 
	  0   0   0   2   1   0    -1.24830e-02 
	  0   2   1   0   0   0    -3.05376e-02 
	  2   1   0   0   1   0    6.64686e-03 
	  1   0   1   1   0   1    -1.53376e-02 
	  0   1   0   1   0   1    9.77412e-03 
	  1   0   0   2   0   1    7.23018e-03 
	  1   2   0   0   1   0    2.20676e-02 
	  1   2   1   0   0   0    2.13599e-02 
	  2   0   0   2   0   0    2.97469e-03 
	  2   0   0   1   0   1    7.89501e-03 
	  0   1   0   0   2   0    -6.18257e-03 
	  0   2   0   0   0   0    -3.66569e-03 
	  3   0   0   0   0   1    3.31535e-03 
deltclav3
parameters 33
# exponents ... coefficient
	  0   0   0   0   0   0    1.63982e-01 
	  1   0   0   0   0   1    -9.83286e-03 
	  0   0   1   0   0   0    -1.14117e-02 
	  0   1   0   0   0   0    5.96672e-02 
	  0   0   0   1   0   0    -7.47293e-03 
	  2   0   0   0   2   0    2.47592e-02 
	  1   1   0   0   0   0    -3.66338e-02 
	  1   0   0   1   1   0    -1.18353e-02 
	  0   0   0   0   0   2    -9.32851e-03 
	  0   0   0   1   0   1    -1.70377e-02 
	  0   0   0   0   1   0    2.13379e-02 
	  1   0   0   0   2   0    -4.29457e-02 
	  3   0   0   0   1   0    -9.11727e-03 
	  0   0   0   0   0   1    -1.60181e-02 
	  0   2   0   0   1   0    -2.90274e-02 
	  1   0   1   0   0   0    -2.45188e-02 
	  0   0   1   0   1   0    7.72075e-03 
	  0   1   0   0   1   0    -2.28948e-02 
	  1   0   0   0   0   0    -8.34350e-03 
	  0   0   0   1   1   0    -5.35244e-03 
	  1   1   0   0   1   0    1.54876e-02 
	  0   0   0   2   1   0    -1.14874e-02 
	  0   2   1   0   0   0    -2.55057e-02 
	  1   0   1   1   1   0    -1.02874e-02 
	  0   1   0   1   1   0    6.77708e-03 
	  1   0   0   2   0   0    2.93666e-03 
	  1   2   0   0   1   0    2.05176e-02 
	  1   2   1   0   0   0    1.73463e-02 
	  2   0   0   1   0   1    6.72565e-03 
	  1   0   0   2   0   1    6.54706e-03 
	  1   0   1   0   2   0    4.63438e-03 
	  0   0   0   0   0   3    -4.75308e-03 
	  0   2   0   0   0   0    -3.16971e-03 
deltclav4
parameters 35
# exponents ... coefficient
	  0   0   0   0   0   0    1.82861e-01 
	  1   0   0   0   0   1    -1.27744e-02 
	  0   0   1   0   0   0    -1.05456e-02 
	  0   1   0   0   0   0    6.36888e-02 
	  0   0   0   1   0   0    -1.01434e-02 
	  2   0   0   0   2   0    2.01257e-02 
	  1   1   0   0   0   0    -3.95509e-02 
	  1   0   0   1   2   0    6.00435e-03 
	  0   0   0   0   0   2    -1.55049e-02 
	  0   0   0   1   0   1    -2.30796e-02 
	  0   0   0   0   1   0    2.40038e-02 
	  0   0   1   0   3   0    1.19069e-03 
	  1   0   0   1   1   0    -2.47224e-02 
	  0   2   0   0   2   0    9.49536e-03 
	  1   0   1   0   0   0    -2.75888e-02 
	  1   0   0   0   0   0    -9.30235e-03 
	  0   0   0   0   0   1    -1.48851e-02 
	  0   1   0   0   1   0    -1.97964e-02 
	  1   0   0   1   0   0    5.76101e-03 
	  1   0   0   0   2   0    -4.29559e-02 
	  2   0   1   0   1   0    4.00872e-03 
	  3   0   0   0   1   0    -7.15575e-03 
	  0   2   0   0   1   0    -4.22252e-02 
	  0   2   1   0   0   0    -2.70481e-02 
	  0   0   0   2   1   0    -7.77276e-03 
	  1   2   0   0   1   0    2.18198e-02 
	  1   0   1   1   0   1    -1.44815e-02 
	  0   1   0   1   0   1    9.13460e-03 
	  1   0   0   2   0   1    7.34855e-03 
	  2   0   0   1   0   1    6.46748e-03 
	  1   2   1   0   0   0    1.95277e-02 
	  1   0   0   0   3   0    2.63541e-03 
	  1   1   0   0   1   0    1.51529e-02 
	  0   1   0   0   3   0    -4.06565e-03 
	  0   0   1   0   2   0    8.69628e-03 
coracobr1
parameters 25
# exponents ... coefficient
	  0   0   0    1.64737e-01 
	  0   0   1    -2.97392e-02 
	  1   1   0    -2.97471e-02 
	  1   0   0    1.56640e-05 
	  0   4   0    3.96653e-04 
	  0   1   0    9.31035e-03 
	  0   2   0    -6.95132e-03 
	  0   0   2    -8.49673e-03 
	  1   3   0    3.08657e-03 
	  1   0   1    -9.77138e-03 
	  2   0   1    1.56467e-02 
	  2   2   0    -1.73652e-03 
	  1   2   0    1.87182e-03 
	  1   1   2    1.18793e-02 
	  0   0   3    3.46348e-03 
	  3   1   0    3.25522e-03 
	  1   2   1    -3.00818e-03 
	  2   1   0    -3.02519e-03 
	  3   0   0    1.26758e-03 
	  0   2   2    2.38289e-03 
	  0   1   2    -3.36577e-03 
	  2   1   1    -1.88941e-03 
	  0   3   0    -9.26840e-04 
	  4   0   0    -6.17470e-04 
	  0   1   3    1.07646e-03 
coracobr2
parameters 27
# exponents ... coefficient
	  0   0   0    1.78125e-01 
	  0   0   1    -3.23223e-02 
	  1   1   0    -3.20210e-02 
	  0   1   0    1.48660e-02 
	  0   3   0    -2.17295e-03 
	  1   0   2    -1.87075e-04 
	  1   3   0    4.19577e-03 
	  0   0   3    4.68401e-03 
	  0   2   0    -4.24939e-03 
	  1   0   1    -1.48213e-02 
	  0   0   2    -6.74663e-03 
	  3   0   1    1.20851e-03 
	  2   0   1    1.66252e-02 
	  2   1   0    -7.17182e-03 
	  3   0   0    2.74296e-04 
	  1   1   2    1.30150e-02 
	  3   1   0    4.56792e-03 
	  1   0   0    1.20015e-03 
	  0   1   2    -6.33387e-03 
	  0   3   1    -2.87005e-04 
	  1   2   1    -2.46042e-03 
	  2   1   1    -2.39555e-03 
	  0   1   1    1.57706e-03 
	  1   2   0    1.14974e-03 
	  0   2   2    2.66264e-03 
	  0   4   0    5.70198e-04 
	  1   1   1    -1.74964e-03 
coracobr3
parameters 26
# exponents ... coefficient
	  0   0   0    1.93669e-01 
	  0   0   1    -3.52209e-02 
	  1   1   0    -3.43866e-02 
	  1   0   0    4.41207e-04 
	  2   0   0    7.35382e-04 
	  0   4   0    1.60218e-04 
	  0   1   0    1.04110e-02 
	  0   2   0    -6.88154e-03 
	  0   0   2    -1.06527e-02 
	  1   3   0    3.89412e-03 
	  1   0   2    2.20050e-03 
	  2   0   1    1.72408e-02 
	  1   0   1    -1.07953e-02 
	  2   2   0    -7.96974e-04 
	  0   0   3    4.87054e-03 
	  3   0   0    -1.07626e-04 
	  1   2   0    8.00706e-04 
	  1   1   2    1.06877e-02 
	  3   1   0    5.69495e-03 
	  1   1   1    -3.27799e-03 
	  2   1   0    -5.82088e-03 
	  0   3   1    1.85929e-03 
	  0   2   1    -2.31471e-03 
	  3   0   1    1.33306e-03 
	  0   1   1    7.79893e-04 
	  0   3   0    -9.78979e-04 
infra1
parameters 33
# exponents ... coefficient
	  0   0   0    8.93904e-02 
	  1   0   0    1.58058e-02 
	  0   2   0    -8.41432e-03 
	  0   2   1    1.28738e-03 
	  2   0   0    -7.07383e-03 
	  0   0   1    -5.07564e-03 
	  0   1   1    9.64162e-03 
	  1   0   1    6.27090e-03 
	  0   0   3    9.35725e-04 
	  1   3   0    2.09271e-04 
	  3   0   0    -1.44727e-03 
	  1   0   2    -4.61214e-03 
	  0   0   2    9.84169e-04 
	  0   1   0    -9.22249e-04 
	  2   0   1    -6.14223e-04 
	  2   2   0    3.11260e-03 
	  1   2   0    -1.56150e-03 
	  1   1   2    -8.77053e-04 
	  2   1   1    -4.35934e-03 
	  0   1   2    3.52161e-03 
	  0   1   3    -2.01122e-03 
	  1   2   1    5.79407e-05 
	  0   4   0    3.43427e-04 
	  2   1   0    3.12355e-03 
	  1   1   0    -2.01142e-03 
	  4   0   0    4.54431e-04 
	  1   0   3    -7.68864e-04 
	  0   3   1    -8.63715e-04 
	  1   1   1    2.50556e-03 
	  0   2   2    -5.19477e-04 
	  0   0   4    -2.04652e-04 
	  3   1   0    -4.55782e-04 
	  2   0   2    -1.78856e-04 
infra2
parameters 32
# exponents ... coefficient
	  0   0   0    1.73919e-01 
	  1   0   0    1.13008e-02 
	  0   2   0    -1.03229e-02 
	  0   0   1    -6.89388e-03 
	  1   0   1    1.04283e-02 
	  0   2   1    1.74078e-03 
	  4   0   0    3.06219e-04 
	  0   1   3    -1.64437e-03 
	  1   1   0    -3.86465e-03 
	  0   1   1    5.85817e-03 
	  1   0   2    -1.72385e-03 
	  0   1   0    -2.26164e-03 
	  1   2   0    -1.18500e-03 
	  2   0   0    -6.80708e-03 
	  2   1   0    5.87513e-03 
	  1   1   2    -7.36424e-04 
	  0   1   2    6.15411e-03 
	  0   0   2    -1.97062e-03 
	  3   1   0    -2.12480e-04 
	  2   0   1    1.29568e-03 
	  0   4   0    4.53193e-04 
	  1   2   1    3.52405e-04 
	  0   0   3    1.30552e-03 
	  2   1   1    -3.55938e-03 
	  1   0   3    -1.57277e-03 
	  2   0   2    -1.55964e-03 
	  3   0   1    -1.37621e-03 
	  2   2   0    2.32862e-03 
	  3   0   0    -1.17856e-03 
	  0   3   1    -9.67854e-04 
	  1   1   1    2.39031e-03 
	  0   3   0    4.35996e-04 
infra3
parameters 34
# exponents ... coefficient
	  0   0   0    1.49036e-01 
	  1   0   0    1.20691e-02 
	  0   2   0    -9.76570e-03 
	  0   0   1    -6.91336e-03 
	  0   2   2    2.03462e-04 
	  1   0   1    1.05348e-02 
	  0   1   1    5.79173e-03 
	  0   1   0    -3.60399e-03 
	  3   0   0    -1.32070e-03 
	  1   3   0    3.31980e-04 
	  2   0   0    -6.68281e-03 
	  1   0   2    -1.67097e-03 
	  0   1   2    5.99684e-03 
	  2   0   1    1.40544e-03 
	  2   2   0    2.77661e-03 
	  1   2   0    -2.00722e-03 
	  1   1   2    -5.40498e-04 
	  1   2   1    3.04540e-04 
	  0   0   2    -1.36845e-03 
	  3   1   0    -6.78027e-05 
	  0   4   0    5.22200e-04 
	  2   1   1    -3.60560e-03 
	  4   0   0    3.48678e-04 
	  1   1   0    -4.05257e-03 
	  2   1   0    5.52282e-03 
	  0   0   3    1.38886e-03 
	  0   1   3    -1.82440e-03 
	  1   0   3    -1.74368e-03 
	  2   0   2    -1.66662e-03 
	  3   0   1    -1.37742e-03 
	  1   1   1    2.80503e-03 
	  0   3   0    3.37996e-04 
	  0   2   1    1.58831e-03 
	  0   3   1    -1.06093e-03 
infra4
parameters 32
# exponents ... coefficient
	  0   0   0    1.40390e-01 
	  0   1   0    -1.02096e-02 
	  1   0   0    1.20471e-02 
	  1   1   1    2.69533e-03 
	  0   2   2    -9.52514e-04 
	  0   0   1    -6.80736e-03 
	  1   0   1    1.38581e-02 
	  0   2   0    -9.30049e-03 
	  0   1   1    6.44606e-03 
	  3   0   0    -1.27797e-03 
	  0   1   2    8.38235e-03 
	  1   3   0    -2.66787e-04 
	  1   0   2    -1.22894e-03 
	  2   0   0    -6.33518e-03 
	  2   1   0    7.16991e-03 
	  1   1   0    -4.63815e-03 
	  0   3   0    1.81273e-03 
	  2   1   1    -3.81828e-03 
	  3   1   0    -2.84541e-04 
	  1   2   1    1.93719e-03 
	  3   0   1    -1.81061e-03 
	  2   2   0    2.56082e-03 
	  1   0   3    -2.40303e-03 
	  2   0   2    -2.57552e-03 
	  0   0   3    1.46818e-03 
	  0   0   4    -3.50931e-04 
	  0   0   2    -6.96180e-04 
	  0   1   3    -1.59856e-03 
	  2   0   1    1.65662e-03 
	  1   1   2    -1.66236e-03 
	  1   2   0    -1.28517e-03 
	  4   0   0    3.16884e-04 
infra5
parameters 34
# exponents ... coefficient
	  0   0   0    1.27176e-01 
	  0   1   0    -1.50333e-02 
	  1   0   0    1.17995e-02 
	  0   1   2    8.28831e-03 
	  1   0   1    1.41835e-02 
	  3   0   0    -6.81130e-04 
	  0   2   0    -8.44037e-03 
	  0   0   1    -4.07180e-03 
	  0   1   1    6.37244e-03 
	  1   3   0    -7.34757e-04 
	  2   0   0    -7.35461e-03 
	  2   1   0    8.54162e-03 
	  0   2   2    -7.71839e-04 
	  1   0   3    -2.66999e-03 
	  1   2   1    7.47098e-04 
	  0   3   0    2.19823e-03 
	  1   1   0    -4.15307e-03 
	  2   0   2    -2.22858e-03 
	  0   0   2    1.31313e-03 
	  1   0   2    -2.12427e-03 
	  3   1   0    -1.27672e-03 
	  2   0   1    1.55832e-03 
	  0   0   4    -4.25806e-04 
	  0   0   3    1.13913e-03 
	  2   2   0    2.18257e-03 
	  4   0   0    1.63235e-04 
	  0   3   1    -1.37128e-03 
	  0   1   3    -2.19345e-03 
	  2   1   1    -5.18742e-03 
	  1   1   1    4.42787e-03 
	  3   0   1    -1.79515e-03 
	  1   1   2    -1.78887e-03 
	  0   2   1    1.06183e-03 
	  0   4   0    3.07106e-04 
infra6
parameters 34
# exponents ... coefficient
	  0   0   0    1.09924e-01 
	  0   1   0    -1.23828e-02 
	  1   0   0    1.57287e-02 
	  0   1   2    4.77924e-03 
	  1   0   1    8.08273e-03 
	  4   0   0    4.29320e-04 
	  0   2   0    -7.44357e-03 
	  0   1   1    6.89945e-03 
	  1   3   0    1.75661e-04 
	  1   1   1    4.62070e-03 
	  2   0   0    -7.07366e-03 
	  3   0   0    -1.54407e-03 
	  0   2   2    -6.68555e-04 
	  0   0   1    -2.31086e-03 
	  1   1   2    -7.98296e-04 
	  0   0   2    2.98896e-03 
	  1   0   2    -3.28117e-03 
	  2   1   0    3.82440e-03 
	  1   2   0    -3.45989e-03 
	  2   2   0    4.03615e-03 
	  2   1   1    -4.66001e-03 
	  0   4   0    5.11243e-04 
	  0   0   4    -4.15053e-04 
	  1   1   0    -2.62304e-03 
	  0   3   1    -1.13671e-03 
	  1   0   3    -1.45353e-03 
	  0   1   3    -1.68360e-03 
	  0   3   0    1.17756e-03 
	  1   2   1    5.57348e-04 
	  0   0   3    5.31050e-04 
	  2   0   2    -1.17373e-03 
	  2   0   1    1.21616e-03 
	  3   0   1    -8.48906e-04 
	  3   1   0    -3.47171e-04 
termin1
parameters 19
# exponents ... coefficient
	  0   0   0    9.38602e-02 
	  1   0   0    1.53459e-02 
	  0   1   0    1.87710e-02 
	  0   0   2    3.76052e-03 
	  0   2   0    -9.48073e-03 
	  2   0   1    -5.56040e-03 
	  0   1   1    6.61438e-03 
	  1   0   1    -6.90630e-03 
	  2   0   0    -8.41016e-03 
	  2   1   1    6.28274e-03 
	  1   1   0    -3.21605e-03 
	  1   1   1    5.17727e-03 
	  4   0   0    2.30047e-03 
	  0   0   3    -2.42458e-04 
	  0   0   1    -1.52120e-03 
	  0   1   2    -4.03479e-03 
	  1   1   2    -3.63727e-03 
	  2   2   0    2.83753e-03 
	  3   0   0    8.69267e-04 
termin2
parameters 20
# exponents ... coefficient
	  0   0   0    1.10125e-01 
	  1   0   0    1.59602e-02 
	  0   1   0    1.50021e-02 
	  0   2   0    -1.05066e-02 
	  0   2   1    -5.00460e-04 
	  2   0   1    -5.99748e-03 
	  2   0   0    -8.35935e-03 
	  2   1   1    7.39065e-03 
	  0   0   2    3.24093e-03 
	  0   0   1    -2.62215e-03 
	  0   1   1    6.65025e-03 
	  1   1   0    -3.22887e-03 
	  1   0   1    -2.51318e-03 
	  4   0   0    2.88324e-03 
	  0   1   2    -5.02825e-03 
	  2   2   0    2.91950e-03 
	  1   0   2    -2.09768e-03 
	  1   1   1    3.53430e-03 
	  0   2   2    2.64672e-03 
	  1   3   0    -1.11587e-03 
termin3
parameters 22
# exponents ... coefficient
	  0   0   0    7.03226e-02 
	  1   0   0    1.60540e-02 
	  0   1   1    6.07130e-03 
	  0   1   0    1.27834e-02 
	  0   2   0    -8.33475e-03 
	  1   0   1    -6.50588e-03 
	  2   0   0    -8.61169e-03 
	  0   2   1    -8.27359e-04 
	  0   0   2    3.54711e-03 
	  1   3   0    3.36204e-04 
	  0   1   2    -5.85856e-03 
	  3   0   1    -2.67634e-03 
	  3   0   0    3.29656e-03 
	  1   0   2    -3.09504e-03 
	  1   1   1    5.23636e-03 
	  0   0   1    8.21230e-04 
	  3   1   0    -2.54155e-03 
	  2   2   0    3.89249e-03 
	  0   2   2    3.01451e-03 
	  1   2   0    -3.14995e-03 
	  1   0   3    1.52426e-03 
	  0   0   3    -5.57711e-04 
termaj1
parameters 32
# exponents ... coefficient
	  0   0   0    9.44489e-02 
	  0   1   0    5.96444e-02 
	  1   0   1    -5.97984e-02 
	  0   0   1    2.84311e-02 
	  2   0   0    -4.05966e-04 
	  0   2   1    6.44476e-03 
	  1   0   2    1.32574e-02 
	  1   2   0    -1.04238e-02 
	  4   0   0    4.09425e-04 
	  0   1   1    -2.32587e-02 
	  1   0   3    8.56075e-03 
	  1   1   1    2.42798e-02 
	  1   1   2    -1.88545e-02 
	  1   0   0    -8.81039e-03 
	  3   0   0    1.10445e-03 
	  0   2   2    7.22740e-03 
	  0   0   2    2.30866e-02 
	  0   3   0    -1.44986e-02 
	  0   1   2    -3.91640e-02 
	  1   3   0    1.02656e-03 
	  2   1   0    -2.62077e-02 
	  1   1   0    2.43605e-02 
	  3   1   0    -2.81589e-03 
	  0   2   0    1.20774e-02 
	  1   2   1    -3.80405e-03 
	  2   0   1    -1.09828e-02 
	  0   0   3    -6.75985e-03 
	  0   1   3    6.94401e-03 
	  2   2   0    9.38268e-03 
	  0   4   0    2.90375e-03 
	  2   1   1    1.28521e-02 
	  3   0   1    4.46847e-03 
termaj2
parameters 30
# exponents ... coefficient
	  0   0   0    1.11341e-01 
	  0   1   0    7.97767e-02 
	  1   0   1    -7.59215e-02 
	  0   0   1    3.15383e-02 
	  2   2   0    1.34043e-02 
	  0   2   1    7.44609e-03 
	  1   0   2    1.57059e-02 
	  2   0   0    -1.12101e-03 
	  1   2   0    -1.11456e-02 
	  4   0   0    1.54435e-03 
	  1   1   2    -2.23755e-02 
	  1   1   1    3.33093e-02 
	  0   1   1    -2.56864e-02 
	  0   2   0    4.00750e-03 
	  0   2   2    1.15281e-02 
	  0   0   2    2.77625e-02 
	  0   1   2    -5.00827e-02 
	  1   2   1    -5.61989e-03 
	  0   3   0    -9.14630e-03 
	  2   1   0    -3.45755e-02 
	  3   0   0    -7.99826e-04 
	  1   0   0    -7.79340e-03 
	  1   1   0    2.69760e-02 
	  2   0   2    -3.40044e-03 
	  2   1   1    1.78871e-02 
	  2   0   1    -1.24252e-02 
	  0   0   3    -6.53516e-03 
	  1   0   3    9.66566e-03 
	  3   0   1    5.20886e-03 
	  0   1   3    6.42869e-03 
termaj3
parameters 30
# exponents ... coefficient
	  0   0   0    1.05284e-01 
	  0   1   0    6.95740e-02 
	  0   0   1    3.73950e-02 
	  1   0   1    -6.80719e-02 
	  2   2   0    1.29298e-02 
	  0   2   1    1.47794e-02 
	  1   1   0    3.56036e-02 
	  2   0   0    -1.00593e-03 
	  1   0   2    1.99315e-02 
	  0   1   2    -4.16358e-02 
	  4   0   0    7.63062e-04 
	  0   0   2    1.67285e-02 
	  0   2   2    1.55955e-02 
	  0   2   0    3.41454e-03 
	  2   0   1    -1.13051e-02 
	  1   0   0    -7.60814e-03 
	  2   1   0    -3.24022e-02 
	  0   1   1    -2.83839e-02 
	  2   1   1    1.63183e-02 
	  1   3   0    4.98291e-03 
	  0   4   0    3.23058e-03 
	  1   1   1    2.79875e-02 
	  1   1   2    -1.81244e-02 
	  2   0   2    -5.83307e-03 
	  0   0   3    -2.83454e-03 
	  1   2   0    -1.99990e-02 
	  0   3   0    -1.23299e-02 
	  3   0   1    2.08736e-03 
	  0   3   1    -6.45228e-03 
	  1   2   1    -7.46208e-03 
termaj4
parameters 31
# exponents ... coefficient
	  0   0   0    8.99141e-02 
	  0   1   0    4.27880e-02 
	  0   0   1    2.60650e-02 
	  1   0   1    -4.39237e-02 
	  2   0   0    -4.55430e-04 
	  0   2   1    4.33451e-03 
	  1   0   2    1.25954e-02 
	  1   3   0    1.19249e-04 
	  0   1   1    -2.02792e-02 
	  4   0   0    2.85235e-04 
	  1   0   0    -1.01520e-02 
	  1   2   0    -7.57155e-03 
	  2   2   0    6.27979e-03 
	  1   1   2    -1.46868e-02 
	  1   1   1    1.14277e-02 
	  0   2   2    4.26646e-03 
	  0   0   2    1.52238e-02 
	  0   1   2    -2.69833e-02 
	  0   4   0    2.47419e-03 
	  3   0   0    1.42013e-03 
	  3   1   0    -2.59096e-03 
	  1   1   0    2.17908e-02 
	  0   2   0    1.26110e-02 
	  2   0   1    -9.29742e-03 
	  0   0   3    -5.32812e-03 
	  2   1   1    1.06258e-02 
	  2   1   0    -1.98326e-02 
	  0   3   0    -1.21702e-02 
	  3   0   1    3.09119e-03 
	  0   1   3    5.14027e-03 
	  1   0   3    4.74428e-03 
supra1
parameters 23
# exponents ... coefficient
	  0   0   0    9.23846e-02 
	  0   1   0    -1.97552e-02 
	  1   0   0    1.26837e-02 
	  0   0   3    -3.21634e-04 
	  1   0   1    8.94925e-03 
	  4   0   0    -1.29672e-03 
	  0   1   2    2.33001e-03 
	  0   0   1    -2.24238e-03 
	  0   0   2    3.08465e-03 
	  1   2   0    2.52730e-03 
	  2   0   0    -1.02525e-02 
	  0   4   0    1.85430e-03 
	  3   0   0    -5.14005e-04 
	  0   1   1    3.77626e-03 
	  1   0   2    -1.81627e-03 
	  1   1   0    -9.76849e-03 
	  2   1   0    9.11680e-03 
	  0   3   0    -4.20564e-03 
	  2   1   1    -7.94454e-03 
	  2   0   1    4.35757e-03 
	  0   2   1    -1.43820e-03 
	  3   0   1    -2.33803e-03 
	  1   2   1    8.55464e-04 
supra2
parameters 24
# exponents ... coefficient
	  0   0   0    9.59912e-02 
	  0   1   0    -1.80787e-02 
	  1   0   0    1.40903e-02 
	  0   0   2    3.32337e-03 
	  1   0   1    7.85859e-03 
	  0   0   1    -3.11613e-03 
	  4   0   0    5.62476e-04 
	  0   1   2    2.32186e-03 
	  1   2   0    3.59480e-03 
	  2   0   0    -7.06500e-03 
	  0   3   0    -1.57604e-03 
	  0   1   1    3.72788e-03 
	  3   1   0    3.59316e-03 
	  0   2   1    -1.97825e-03 
	  2   2   0    6.49551e-03 
	  1   1   0    -8.75419e-03 
	  0   4   0    1.20509e-03 
	  1   0   2    -1.54926e-03 
	  3   0   0    -3.31281e-03 
	  2   1   1    -4.31877e-03 
	  2   0   1    2.35468e-03 
	  1   2   1    2.45137e-03 
	  0   2   0    -3.18309e-03 
	  1   3   0    -3.37206e-03 
supra3
parameters 31
# exponents ... coefficient
	  0   0   0    1.17913e-01 
	  0   1   0    -1.98508e-02 
	  1   0   0    -8.04151e-03 
	  0   1   1    -1.12961e-02 
	  1   0   2    6.92559e-03 
	  0   2   2    -1.75461e-03 
	  1   0   1    1.33392e-02 
	  0   0   1    -7.48455e-03 
	  0   0   2    1.93220e-03 
	  1   3   0    1.50260e-03 
	  3   0   0    1.28208e-03 
	  2   0   0    -6.90311e-03 
	  2   1   0    5.40988e-03 
	  0   4   0    1.17487e-03 
	  1   2   0    -3.69891e-03 
	  2   1   1    3.92625e-03 
	  0   1   2    7.20303e-03 
	  0   0   3    1.73404e-03 
	  0   3   1    1.12099e-03 
	  2   2   0    3.18027e-03 
	  0   2   0    -2.90403e-03 
	  1   1   0    -3.30316e-03 
	  0   1   3    9.52366e-04 
	  1   1   2    2.96129e-03 
	  2   0   1    3.21768e-03 
	  3   0   1    -2.45783e-03 
	  1   0   3    -2.73498e-03 
	  0   3   0    1.08526e-03 
	  2   0   2    -1.88818e-03 
	  3   1   0    6.72677e-04 
	  0   2   1    8.78534e-04 
supra4
parameters 33
# exponents ... coefficient
	  0   0   0    9.52125e-02 
	  0   1   0    -2.04379e-02 
	  1   0   0    -9.42173e-03 
	  0   1   1    -1.09423e-02 
	  1   0   2    7.86483e-03 
	  0   2   2    -2.48018e-03 
	  1   0   1    1.31789e-02 
	  0   0   1    -6.50185e-03 
	  0   0   2    3.39724e-03 
	  3   0   0    9.58373e-04 
	  0   4   0    6.53083e-04 
	  1   3   0    9.75956e-05 
	  1   1   0    -2.50728e-03 
	  0   1   2    7.75906e-03 
	  1   2   0    -1.18159e-03 
	  0   0   3    2.10489e-03 
	  2   1   1    5.43305e-03 
	  2   0   0    -6.12605e-03 
	  2   2   0    3.55981e-03 
	  0   2   0    -3.63765e-03 
	  1   2   1    2.10370e-03 
	  2   1   0    4.86877e-03 
	  0   3   1    1.97905e-03 
	  0   3   0    2.53049e-03 
	  0   1   3    1.65596e-03 
	  3   0   1    -2.02957e-03 
	  1   1   2    2.30728e-03 
	  1   0   3    -3.81797e-03 
	  2   0   1    1.93451e-03 
	  2   0   2    -2.87211e-03 
	  0   0   4    -8.63533e-04 
	  3   1   0    1.06585e-03 
	  4   0   0    2.90198e-04 
subscap1
parameters 31
# exponents ... coefficient
	  0   0   0    7.53408e-02 
	  1   0   0    -2.03559e-02 
	  0   0   1    -5.91561e-03 
	  1   0   1    9.18586e-03 
	  1   1   0    -7.55217e-03 
	  0   4   0    -2.47518e-03 
	  0   1   1    -1.58175e-02 
	  1   2   0    6.86453e-03 
	  2   0   0    2.68469e-03 
	  0   2   1    2.91117e-04 
	  0   1   0    -8.71924e-03 
	  0   2   0    8.55365e-03 
	  0   1   2    4.86413e-03 
	  2   0   2    2.26228e-03 
	  3   1   0    1.50029e-03 
	  1   0   3    -4.13755e-04 
	  1   1   1    -8.76105e-03 
	  4   0   0    2.65501e-04 
	  2   0   1    4.40489e-03 
	  1   3   0    5.57066e-04 
	  0   1   3    4.15310e-03 
	  1   0   2    6.88142e-03 
	  2   1   1    7.52989e-03 
	  0   0   2    -1.61487e-03 
	  3   0   0    4.63510e-03 
	  1   1   2    5.64550e-03 
	  0   3   1    4.61464e-03 
	  0   2   2    -3.69231e-03 
	  0   3   0    4.19879e-03 
	  2   2   0    -6.06150e-03 
	  2   1   0    6.26233e-03 
subscap2
parameters 24
# exponents ... coefficient
	  0   0   0    9.86090e-02 
	  1   0   0    -1.53947e-02 
	  0   0   1    -7.18322e-03 
	  0   2   0    1.41253e-02 
	  2   0   0    1.07139e-02 
	  1   0   1    1.36253e-02 
	  0   0   2    1.72543e-03 
	  0   1   0    -5.52797e-03 
	  0   1   1    -1.07560e-02 
	  0   2   2    -1.44519e-03 
	  1   3   0    1.64698e-03 
	  1   1   1    -6.31037e-03 
	  1   1   2    5.03250e-03 
	  3   1   0    4.90941e-03 
	  2   0   2    -2.25305e-04 
	  0   4   0    -1.23456e-03 
	  0   0   3    1.97185e-03 
	  0   2   1    4.71255e-03 
	  2   1   1    9.50360e-03 
	  2   2   0    -3.24168e-03 
	  1   0   2    5.51761e-03 
	  0   1   2    4.99846e-03 
	  1   0   3    -2.79882e-03 
	  4   0   0    7.13255e-04 
subscap3
parameters 32
# exponents ... coefficient
	  0   0   0    1.16673e-01 
	  1   0   0    -1.87694e-02 
	  0   1   1    -1.79684e-02 
	  0   1   0    -1.26100e-02 
	  0   3   0    1.77644e-03 
	  1   0   1    1.19622e-02 
	  0   0   1    -4.98456e-03 
	  2   0   0    -7.04084e-04 
	  0   2   2    -1.93089e-03 
	  1   1   0    -5.68611e-03 
	  2   0   2    3.07482e-04 
	  1   0   3    -1.67928e-03 
	  1   1   1    -5.81895e-03 
	  0   2   0    3.24675e-03 
	  3   1   0    2.12148e-03 
	  2   1   1    7.95265e-03 
	  1   1   2    5.43279e-03 
	  0   0   4    -4.62932e-05 
	  1   0   2    8.62682e-03 
	  4   0   0    1.70864e-04 
	  1   3   0    1.90387e-03 
	  2   1   0    5.28373e-03 
	  0   0   2    -1.81232e-03 
	  0   0   3    7.75295e-04 
	  0   3   1    2.69873e-03 
	  0   1   2    5.51493e-03 
	  2   0   1    3.96707e-03 
	  3   0   0    2.80528e-03 
	  2   2   0    -1.92701e-03 
	  0   1   3    3.07659e-03 
	  3   0   1    -1.62046e-03 
	  1   2   1    -1.04688e-03 
subscap4
parameters 23
# exponents ... coefficient
	  0   0   0    1.18030e-01 
	  1   0   0    -2.23299e-02 
	  0   1   1    -2.29679e-02 
	  0   1   0    -4.21273e-03 
	  1   0   1    4.38562e-03 
	  1   2   1    -3.72596e-03 
	  0   3   1    2.91320e-03 
	  0   0   1    3.01165e-03 
	  1   0   2    1.26327e-02 
	  0   0   2    -5.28184e-03 
	  0   1   3    2.16015e-03 
	  0   2   0    -1.52792e-03 
	  1   0   3    -1.68586e-03 
	  0   1   2    7.34785e-03 
	  0   3   0    1.57471e-03 
	  1   1   2    -6.43162e-03 
	  0   2   2    -4.00007e-03 
	  3   0   0    -4.72453e-04 
	  2   1   1    2.38749e-03 
	  3   0   1    1.41307e-03 
	  0   4   0    -5.12933e-04 
	  2   0   1    -6.50604e-04 
	  3   1   0    4.31095e-04 
subscap5
parameters 24
# exponents ... coefficient
	  0   0   0    1.18864e-01 
	  1   0   0    -2.15865e-02 
	  0   2   1    3.67127e-03 
	  0   1   0    -4.90192e-03 
	  1   0   1    4.14691e-03 
	  0   1   1    -2.50709e-02 
	  0   0   1    6.20376e-03 
	  0   2   0    -3.59745e-03 
	  1   3   0    -4.43220e-04 
	  1   0   2    1.36855e-02 
	  0   0   2    -6.07901e-03 
	  0   2   2    -1.56392e-03 
	  1   1   0    1.15834e-03 
	  1   1   2    -7.53089e-03 
	  0   3   0    1.26523e-03 
	  0   1   2    7.97867e-03 
	  2   1   1    2.73180e-03 
	  0   0   4    9.74808e-04 
	  2   0   2    -1.45251e-03 
	  1   0   3    -2.19706e-03 
	  1   2   1    -7.22964e-03 
	  1   1   1    6.64627e-03 
	  3   0   1    1.51361e-03 
	  2   1   0    5.61764e-04 
subscap6
parameters 21
# exponents ... coefficient
	  0   0   0    1.41824e-01 
	  1   0   0    -2.07390e-02 
	  0   2   1    -2.06571e-03 
	  1   0   1    -1.86911e-03 
	  1   1   1    2.49350e-03 
	  0   0   1    1.12108e-02 
	  0   1   1    -2.32705e-02 
	  0   0   3    -1.65631e-03 
	  0   2   0    -1.60754e-03 
	  2   0   0    -2.34413e-03 
	  1   0   2    1.08690e-02 
	  0   0   2    -4.07897e-03 
	  0   1   0    1.03679e-03 
	  0   3   1    2.16374e-03 
	  0   1   3    4.25724e-03 
	  2   0   1    4.67058e-03 
	  1   2   1    -6.39608e-03 
	  3   0   0    -1.28966e-03 
	  4   0   0    1.17944e-03 
	  2   1   1    -3.27135e-03 
	  1   0   3    -1.61222e-03 
subscap7
parameters 24
# exponents ... coefficient
	  0   0   0    1.36867e-01 
	  1   0   0    -1.92974e-02 
	  0   2   1    -4.94262e-03 
	  0   0   1    1.41514e-02 
	  0   1   1    -2.08125e-02 
	  0   0   3    -2.55092e-03 
	  1   0   2    9.20922e-03 
	  0   1   0    3.01001e-04 
	  0   0   2    -3.44770e-03 
	  1   2   1    -4.14714e-03 
	  2   0   0    -2.47384e-03 
	  2   0   2    6.91340e-04 
	  0   2   2    -1.46378e-03 
	  4   0   0    1.62194e-03 
	  0   4   0    -4.20533e-05 
	  1   3   0    4.73216e-04 
	  2   0   1    4.27176e-03 
	  1   0   1    -2.28270e-03 
	  0   0   4    3.29697e-04 
	  2   2   0    -7.65487e-04 
	  0   3   1    3.03216e-03 
	  0   2   0    4.60581e-04 
	  0   1   3    3.81393e-03 
	  0   1   2    1.51384e-03 
subscap8
parameters 20
# exponents ... coefficient
	  0   0   0    9.50508e-02 
	  1   0   0    -1.98769e-02 
	  0   2   1    -3.99391e-03 
	  0   0   1    1.22837e-02 
	  0   1   1    -2.08625e-02 
	  0   0   3    -1.84814e-03 
	  1   0   2    9.43365e-03 
	  0   1   0    4.24273e-04 
	  0   0   2    -3.29759e-03 
	  1   2   1    -3.99786e-03 
	  2   0   0    -2.14503e-03 
	  2   0   1    5.87609e-03 
	  1   0   1    -2.35319e-03 
	  0   1   3    3.64148e-03 
	  0   3   1    2.52443e-03 
	  4   0   0    7.53639e-04 
	  0   2   0    3.11470e-04 
	  1   3   0    4.57467e-04 
	  2   1   1    -2.76775e-03 
	  3   0   1    -1.15086e-03 
subscap9
parameters 26
# exponents ... coefficient
	  0   0   0    1.13299e-01 
	  1   0   0    -1.75939e-02 
	  0   2   2    -1.93965e-03 
	  0   0   1    1.54696e-02 
	  0   1   1    -1.67603e-02 
	  0   2   0    3.49826e-03 
	  0   1   0    9.29041e-04 
	  0   0   3    -2.56146e-03 
	  1   0   1    -4.86190e-03 
	  1   2   0    2.92419e-04 
	  1   0   2    8.22751e-03 
	  1   2   1    -1.01227e-04 
	  2   1   0    -1.73606e-03 
	  0   0   2    -2.07176e-03 
	  2   0   1    4.56649e-03 
	  3   1   0    -2.24862e-04 
	  0   2   1    -7.45136e-03 
	  1   1   0    1.66069e-03 
	  0   3   1    4.14893e-03 
	  0   1   3    3.59362e-03 
	  0   4   0    -4.28226e-04 
	  3   0   0    2.08537e-03 
	  2   0   0    -1.65913e-03 
	  3   0   1    -1.95635e-03 
	  1   1   1    -4.01120e-03 
	  2   1   1    1.37102e-03 
subscap10
parameters 26
# exponents ... coefficient
	  0   0   0    5.78005e-02 
	  1   0   0    -1.42031e-02 
	  0   1   0    1.26580e-02 
	  0   0   1    1.48989e-02 
	  0   1   1    -1.49234e-02 
	  1   0   1    -1.30931e-02 
	  2   0   0    -1.68102e-03 
	  0   1   3    -7.85180e-04 
	  1   2   0    -1.62789e-04 
	  0   3   0    -3.22440e-03 
	  1   0   2    8.36643e-03 
	  1   1   2    -3.78814e-03 
	  3   0   0    1.57390e-03 
	  1   3   0    -2.13489e-03 
	  0   1   2    -5.10530e-03 
	  1   1   0    9.83003e-03 
	  0   2   0    5.84050e-03 
	  0   2   1    1.05503e-03 
	  2   1   0    -5.79211e-03 
	  2   1   1    7.71068e-03 
	  1   1   1    -9.18511e-03 
	  3   0   1    -1.52094e-04 
	  1   2   1    4.10685e-03 
	  2   0   1    -3.56937e-03 
	  2   0   2    3.01606e-03 
	  0   4   0    8.31618e-04 
subscap11
parameters 27
# exponents ... coefficient
	  0   0   0    3.83907e-02 
	  0   1   0    2.15673e-02 
	  1   0   0    -1.11726e-02 
	  0   0   1    1.45157e-02 
	  1   0   1    -1.94799e-02 
	  0   1   1    -1.64960e-02 
	  1   1   0    8.05850e-03 
	  2   0   1    -1.02423e-02 
	  0   1   3    7.16461e-04 
	  2   0   2    2.76312e-03 
	  2   1   0    -1.88829e-03 
	  1   0   2    7.86720e-03 
	  1   1   2    -5.28318e-03 
	  0   1   2    -1.30452e-02 
	  2   1   1    1.25895e-02 
	  3   0   0    3.08785e-03 
	  0   2   1    8.59148e-03 
	  0   0   2    3.56196e-03 
	  2   2   0    -5.06797e-03 
	  1   3   0    -7.85499e-03 
	  1   2   0    9.25599e-03 
	  3   1   0    -4.60029e-03 
	  0   0   3    -9.97509e-04 
	  0   3   1    -3.78758e-03 
	  0   2   2    4.40492e-03 
	  3   0   1    2.13342e-03 
	  2   0   0    -1.21581e-03 
bicl
parameters 18
# exponents ... coefficient
	  0   0   0   0   0    3.84795e-01 
	  1   0   0   0   0    -1.35176e-02 
	  0   0   1   1   0    1.31589e-05 
	  0   0   0   0   2    -9.17310e-04 
	  0   1   0   0   0    -1.32220e-02 
	  0   0   0   3   0    4.65039e-02 
	  0   0   1   0   0    -1.33854e-02 
	  0   4   0   0   0    1.29844e-03 
	  0   0   0   3   1    -2.75630e-02 
	  0   0   0   1   0    -3.74706e-02 
	  0   1   1   0   0    -1.68485e-02 
	  0   0   0   1   2    5.50220e-03 
	  0   2   1   0   0    -2.83191e-03 
	  1   0   2   0   0    1.68878e-02 
	  1   1   2   0   0    -1.69905e-02 
	  0   2   0   0   0    5.14468e-03 
	  0   0   3   0   0    2.57471e-03 
	  0   3   1   0   0    1.06848e-02 
bicb1
parameters 26
# exponents ... coefficient
	  0   0   0   0   0    3.57536e-01 
	  0   0   1   0   0    -3.74920e-02 
	  0   0   0   2   0    1.21401e-01 
	  1   1   0   0   0    -3.49705e-02 
	  0   0   0   1   3    4.38770e-03 
	  0   0   0   1   0    -5.43208e-02 
	  1   0   0   0   0    -2.65454e-03 
	  0   4   0   0   0    -3.19590e-05 
	  0   1   0   0   0    9.83641e-03 
	  0   2   0   0   0    -7.85047e-03 
	  1   3   0   0   0    4.83717e-03 
	  0   0   2   0   0    -9.98063e-03 
	  2   0   0   0   1    4.08480e-04 
	  1   0   2   0   0    4.11041e-03 
	  1   0   0   0   3    8.31016e-05 
	  0   0   0   3   1    8.41437e-02 
	  2   0   1   0   0    1.86296e-02 
	  1   0   1   0   0    -1.15715e-02 
	  2   1   0   0   0    -6.53769e-03 
	  0   0   3   0   0    5.95084e-03 
	  3   1   0   0   0    6.18112e-03 
	  0   0   0   0   4    -1.62273e-04 
	  0   0   0   2   2    -2.82276e-02 
	  0   0   1   0   3    4.92810e-05 
	  0   0   0   3   0    -1.86265e-01 
	  1   1   2   0   0    9.48901e-03 
triclong1
parameters 37
# exponents ... coefficient
	  0   0   0   0    2.89181e-01 
	  0   1   0   1    -6.16755e-05 
	  0   1   0   0    3.67014e-02 
	  0   0   0   1    1.57563e-02 
	  0   0   1   0    2.28834e-02 
	  1   1   0   0    2.37950e-02 
	  1   0   1   0    -3.61283e-02 
	  2   1   0   0    -1.72418e-02 
	  1   0   0   0    2.93553e-03 
	  0   2   2   0    2.43794e-03 
	  1   0   2   0    -1.36113e-03 
	  0   0   0   2    9.98683e-03 
	  1   1   2   0    -6.48731e-03 
	  2   0   1   0    -1.12880e-02 
	  2   2   0   0    3.53095e-03 
	  0   0   2   0    1.12778e-02 
	  0   1   2   0    -2.20592e-02 
	  0   4   0   0    8.23561e-04 
	  1   3   0   0    -2.33188e-03 
	  0   2   0   0    8.39884e-03 
	  0   0   3   0    -4.50905e-03 
	  1   0   0   1    1.85220e-03 
	  1   1   1   0    3.94182e-03 
	  0   3   0   0    -7.62434e-03 
	  0   0   0   3    -3.96563e-03 
	  1   0   3   0    5.17594e-03 
	  3   1   0   0    -3.42404e-03 
	  3   0   1   0    4.80176e-03 
	  2   1   1   0    4.37631e-03 
	  0   2   1   1    3.14083e-04 
	  1   0   0   3    -1.39323e-03 
	  2   0   2   0    2.51180e-03 
	  0   1   3   0    2.27540e-03 
	  0   0   1   2    -7.06655e-04 
	  1   2   0   0    -3.57146e-03 
	  2   0   0   0    3.57952e-04 
	  0   1   1   1    1.08341e-03 
triclong2
parameters 28
# exponents ... coefficient
	  0   0   0   0    2.90634e-01 
	  0   1   0   1    1.13061e-04 
	  0   1   0   0    2.77697e-02 
	  0   0   0   1    1.67397e-02 
	  1   0   1   0    -2.76059e-02 
	  1   1   0   0    7.14735e-03 
	  0   0   1   0    4.94321e-03 
	  2   1   0   0    -1.39971e-02 
	  1   0   0   0    2.17293e-03 
	  0   2   2   0    1.15693e-03 
	  0   0   2   0    9.78402e-03 
	  0   1   2   0    -1.62396e-02 
	  0   1   1   0    2.06831e-03 
	  0   0   0   2    9.75070e-03 
	  2   2   0   0    3.68422e-03 
	  2   0   1   0    -2.29751e-03 
	  0   2   0   0    8.29209e-03 
	  0   3   0   0    -5.22214e-03 
	  1   0   0   1    9.10348e-04 
	  1   2   0   0    -2.08827e-03 
	  1   0   3   0    2.41492e-03 
	  3   0   1   0    2.90572e-03 
	  1   1   1   0    2.43994e-03 
	  0   0   4   0    -7.62664e-04 
	  0   0   0   3    -4.57294e-03 
	  1   1   2   0    -1.68347e-03 
	  3   1   0   0    -9.48916e-04 
	  2   1   1   0    1.53714e-03 
triclong3
parameters 41
# exponents ... coefficient
	  0   0   0   0    2.92813e-01 
	  0   1   0   1    -7.09323e-05 
	  0   1   1   0    6.27922e-04 
	  1   0   0   2    -3.53580e-04 
	  0   1   0   0    2.58884e-02 
	  0   0   0   1    1.63863e-02 
	  1   1   0   0    1.69240e-02 
	  1   0   1   0    -2.53580e-02 
	  0   0   1   0    1.54918e-02 
	  2   1   0   0    -1.37509e-02 
	  1   0   0   0    1.98259e-03 
	  0   2   2   0    1.17117e-03 
	  1   0   2   0    -1.80817e-03 
	  0   0   0   2    9.52578e-03 
	  1   1   2   0    -4.12233e-03 
	  2   0   1   0    -8.42471e-03 
	  0   0   2   0    8.87172e-03 
	  0   1   2   0    -1.56472e-02 
	  2   2   0   0    3.42367e-03 
	  0   4   0   0    5.36368e-04 
	  0   2   0   0    7.38412e-03 
	  1   3   0   0    -1.19672e-03 
	  0   0   3   0    -3.15814e-03 
	  0   3   0   0    -5.65346e-03 
	  1   0   0   3    -5.40366e-04 
	  1   1   1   0    1.93386e-03 
	  3   1   0   0    -1.39325e-03 
	  3   0   1   0    3.93141e-03 
	  1   0   3   0    3.91366e-03 
	  0   0   0   3    -3.93377e-03 
	  2   1   1   0    2.99280e-03 
	  2   0   2   0    2.36347e-03 
	  0   1   2   1    2.87743e-04 
	  0   1   3   0    1.38421e-03 
	  0   0   1   1    -5.31442e-04 
	  0   1   1   1    9.49054e-04 
	  4   0   0   0    4.36410e-04 
	  1   2   0   0    -3.01372e-03 
	  1   0   0   1    1.37902e-03 
	  2   0   0   0    7.08560e-04 
	  3   0   0   0    -8.14717e-04 
triclong4
parameters 28
# exponents ... coefficient
	  0   0   0   0    2.90634e-01 
	  0   1   0   1    1.13061e-04 
	  0   1   0   0    2.77697e-02 
	  0   0   0   1    1.67397e-02 
	  1   0   1   0    -2.76059e-02 
	  1   1   0   0    7.14735e-03 
	  0   0   1   0    4.94321e-03 
	  2   1   0   0    -1.39971e-02 
	  1   0   0   0    2.17293e-03 
	  0   2   2   0    1.15693e-03 
	  0   0   2   0    9.78402e-03 
	  0   1   2   0    -1.62396e-02 
	  0   1   1   0    2.06831e-03 
	  0   0   0   2    9.75070e-03 
	  2   2   0   0    3.68422e-03 
	  2   0   1   0    -2.29751e-03 
	  0   2   0   0    8.29209e-03 
	  0   3   0   0    -5.22214e-03 
	  1   0   0   1    9.10348e-04 
	  1   2   0   0    -2.08827e-03 
	  1   0   3   0    2.41492e-03 
	  3   0   1   0    2.90572e-03 
	  1   1   1   0    2.43994e-03 
	  0   0   4   0    -7.62664e-04 
	  0   0   0   3    -4.57294e-03 
	  1   1   2   0    -1.68347e-03 
	  3   1   0   0    -9.48916e-04 
	  2   1   1   0    1.53714e-03 
latdorsi1
parameters 20
# exponents ... coefficient
	  0   0   0   0   0   0   0   0   0    2.65180e-01 
	  1   0   0   0   0   0   0   0   0    1.26881e-01 
	  0   0   0   0   1   0   0   0   0    7.66759e-02 
	  0   0   1   0   0   0   0   0   0    7.60188e-02 
	  0   0   0   0   0   0   0   1   0    3.55580e-02 
	  0   1   0   0   0   0   0   0   0    4.48097e-02 
	  0   0   0   0   0   0   1   0   0    -9.81552e-03 
	  0   0   0   0   0   1   0   0   0    6.71678e-02 
	  0   0   0   1   0   0   0   2   1    -1.94914e-02 
	  0   0   0   1   0   0   1   0   1    -2.68923e-02 
	  0   2   0   0   0   0   0   0   0    5.91838e-02 
	  0   0   0   2   1   0   0   1   0    -1.80243e-03 
	  0   0   1   1   0   0   0   1   0    -1.51567e-02 
	  0   0   0   1   0   1   0   0   0    -4.80260e-02 
	  0   0   0   1   0   0   0   0   0    -1.35606e-02 
	  0   0   0   1   0   0   2   0   0    -9.21174e-03 
	  0   0   0   0   0   0   0   0   1    7.21348e-03 
	  0   0   0   1   0   0   0   0   3    -9.69069e-03 
	  0   1   0   0   0   1   0   0   0    -2.92913e-02 
	  0   0   0   0   1   0   0   1   0    -1.60843e-02 
latdorsi2
parameters 20
# exponents ... coefficient
	  0   0   0   0   0   0   0   0   0    2.74205e-01 
	  1   0   0   0   0   0   0   0   0    1.15877e-01 
	  0   0   1   0   0   0   0   0   0    7.81199e-02 
	  0   0   0   0   1   0   0   0   0    7.52579e-02 
	  0   0   0   0   0   0   0   1   0    4.21650e-02 
	  0   1   0   0   0   0   0   0   0    1.19258e-01 
	  0   0   0   0   0   0   1   0   0    -1.08539e-02 
	  0   0   0   0   0   1   0   0   0    5.36023e-02 
	  0   0   0   1   0   0   0   3   0    -2.12679e-04 
	  0   0   0   1   0   0   1   0   1    -3.77106e-02 
	  0   1   0   2   0   0   0   0   0    -2.25525e-02 
	  0   0   0   1   0   0   2   1   0    -1.66142e-02 
	  0   0   1   0   1   0   0   0   1    -2.77575e-02 
	  0   0   0   1   0   0   0   2   1    -2.42400e-02 
	  0   0   0   0   0   0   0   0   1    1.52656e-02 
	  0   0   0   1   0   0   1   0   2    2.32652e-02 
	  0   0   0   1   0   1   0   0   0    -2.68398e-02 
	  0   0   0   3   0   0   0   0   0    -3.02680e-03 
	  0   1   0   0   0   0   0   0   1    -2.48441e-02 
	  0   0   0   1   0   2   0   0   1    -2.83923e-02 
latdorsi3
parameters 18
# exponents ... coefficient
	  0   0   0   0   0   0   0   0   0    2.97547e-01 
	  1   0   0   0   0   0   0   0   0    9.92899e-02 
	  0   0   1   0   0   0   0   1   0    1.81278e-04 
	  0   0   0   0   1   0   0   0   0    7.04533e-02 
	  0   1   0   0   0   0   0   0   0    1.41597e-01 
	  0   0   1   0   0   0   0   0   0    7.64001e-02 
	  0   0   0   0   0   0   0   1   0    4.03576e-02 
	  0   0   0   0   0   0   1   0   0    -9.94713e-03 
	  0   0   0   0   0   1   0   0   0    4.50323e-02 
	  0   1   0   2   0   0   0   0   0    -1.99344e-02 
	  0   0   0   1   0   0   1   0   1    -3.76930e-02 
	  0   0   0   0   0   0   0   0   1    2.17114e-02 
	  0   0   0   2   0   0   0   1   1    -2.14767e-02 
	  0   0   0   0   0   0   2   1   0    -1.64388e-02 
	  0   1   0   0   0   0   0   0   1    -3.22790e-02 
	  0   0   0   0   0   0   1   0   2    2.46286e-02 
	  0   0   0   1   0   1   0   0   0    -1.53565e-02 
	  0   0   0   1   0   2   0   0   1    -2.27850e-02 
latdorsi4
parameters 18
# exponents ... coefficient
	  0   0   0   0   0   0   0   0   0    3.30232e-01 
	  1   0   0   0   0   0   0   0   0    7.65388e-02 
	  0   0   1   0   0   0   0   1   0    1.27222e-02 
	  0   1   0   0   0   0   0   0   0    1.56127e-01 
	  0   0   0   0   1   0   0   0   0    5.36559e-02 
	  0   0   1   0   0   0   0   0   0    6.06841e-02 
	  0   0   0   0   0   1   0   0   0    2.95675e-02 
	  0   0   0   0   0   0   0   1   0    2.98366e-02 
	  0   0   0   0   0   0   1   0   0    -9.37725e-03 
	  0   0   0   0   0   0   0   0   1    1.83101e-02 
	  0   0   0   2   0   0   0   1   1    -1.85770e-02 
	  0   0   0   1   0   0   1   0   1    -3.32348e-02 
	  0   1   0   2   0   0   0   0   0    -1.95436e-02 
	  0   0   0   0   0   0   2   1   0    -1.32657e-02 
	  0   1   0   0   0   0   0   1   1    -3.66828e-02 
	  0   0   0   0   0   0   1   0   2    2.25777e-02 
	  0   0   0   0   1   0   0   1   0    1.45193e-02 
	  0   1   0   0   0   0   1   0   1    -3.64203e-02 
latdorsi5
parameters 20
# exponents ... coefficient
	  0   0   0   0   0   0   0   0   0    2.78545e-01 
	  0   1   0   0   0   0   0   0   0    1.69413e-01 
	  0   0   1   0   0   0   0   1   0    2.40588e-02 
	  1   0   0   0   0   0   0   0   0    5.19186e-02 
	  0   0   0   0   1   0   0   1   0    2.81379e-02 
	  0   0   0   0   0   1   0   0   0    2.22387e-02 
	  0   0   0   0   0   0   1   0   0    -8.58837e-03 
	  0   0   1   0   0   0   0   0   0    4.74807e-02 
	  0   0   0   0   1   0   0   0   0    4.29077e-02 
	  0   0   0   0   0   0   0   1   0    1.63305e-02 
	  0   0   0   0   0   0   0   0   1    1.80261e-02 
	  0   0   0   1   0   0   0   2   1    -2.16565e-02 
	  0   0   0   1   0   0   1   0   1    -1.50312e-02 
	  0   1   0   2   0   0   0   0   0    -1.79211e-02 
	  0   0   0   0   0   0   0   0   2    1.96256e-02 
	  0   0   0   0   0   0   0   2   0    9.24295e-03 
	  0   1   0   0   0   0   0   0   1    -3.79107e-02 
	  0   0   0   1   0   0   0   0   3    -1.36813e-02 
	  0   0   0   1   0   1   0   0   1    2.56091e-02 
	  0   0   0   0   1   0   0   0   1    -1.64383e-02 
latdorsi6
parameters 15
# exponents ... coefficient
	  0   0   0   0   0   0   0   0   0    2.53029e-01 
	  0   1   0   0   0   0   0   0   0    1.57411e-01 
	  0   0   1   0   0   0   0   1   0    3.17642e-02 
	  0   0   0   0   1   0   0   1   0    3.56941e-02 
	  1   0   0   0   0   0   0   0   0    6.23510e-02 
	  0   0   0   0   0   0   1   0   0    -9.74292e-03 
	  0   0   0   0   0   1   0   0   0    2.51620e-02 
	  0   0   0   0   1   0   0   0   0    3.93187e-02 
	  0   0   1   0   0   0   0   0   0    4.51600e-02 
	  0   0   0   0   0   0   0   1   0    2.47978e-02 
	  0   0   0   0   0   0   0   0   2    3.54554e-02 
	  0   0   0   1   0   0   0   1   2    -3.65072e-02 
	  0   1   0   2   0   0   0   0   1    -3.13141e-02 
	  2   0   0   0   0   0   0   0   0    2.46627e-02 
	  0   0   0   2   0   0   1   0   1    -1.16529e-02 
pectmajt1
parameters 30
# exponents ... coefficient
	  0   0   0   0   0   0   0   0   0    1.39179e-01 
	  0   1   0   0   0   0   0   0   0    1.51848e-01 
	  1   0   0   0   0   0   0   0   0    -3.87560e-02 
	  0   0   0   0   1   0   0   0   0    9.23342e-02 
	  0   0   0   1   0   0   0   0   1    -4.23913e-02 
	  0   0   0   0   0   0   1   0   0    -1.45927e-02 
	  0   0   1   0   0   0   0   1   0    3.75082e-02 
	  0   0   0   0   0   1   0   0   0    -5.41395e-02 
	  0   0   0   0   1   0   0   1   0    2.18982e-02 
	  0   0   0   1   1   0   0   0   0    -4.63462e-02 
	  0   0   0   0   0   0   1   0   1    -2.15236e-02 
	  0   0   0   1   0   1   0   0   1    5.92283e-02 
	  0   0   0   2   0   0   0   0   0    -1.23775e-02 
	  0   0   0   0   0   0   0   1   0    4.97325e-02 
	  0   0   1   1   0   0   0   0   1    2.71362e-02 
	  0   0   0   0   0   0   1   1   0    -6.95482e-02 
	  0   0   0   2   0   2   0   0   0    5.27590e-02 
	  0   0   0   0   0   0   1   2   0    4.26099e-02 
	  0   0   0   1   0   2   0   1   0    -4.82999e-02 
	  1   0   0   0   0   0   0   2   1    1.87004e-02 
	  0   0   1   0   1   0   0   0   0    5.13628e-02 
	  0   0   2   1   0   0   0   0   0    3.22384e-02 
	  0   0   0   0   2   0   0   0   0    1.89696e-02 
	  0   1   0   2   0   0   0   0   1    -3.65932e-02 
	  2   0   0   1   0   1   0   0   0    -2.66237e-02 
	  0   0   1   0   0   1   0   0   0    3.55462e-02 
	  1   0   1   1   0   0   0   1   0    1.70536e-02 
	  0   0   0   0   1   3   0   0   0    3.40228e-02 
	  0   0   0   1   0   0   0   0   2    1.21496e-02 
	  0   0   0   1   0   0   0   1   0    -1.53130e-02 
pectmajt2
parameters 30
# exponents ... coefficient
	  0   0   0   0   0   0   0   0   0    1.59809e-01 
	  0   1   0   0   0   0   0   0   0    1.29099e-01 
	  1   0   0   0   0   0   0   0   0    -3.95547e-02 
	  0   0   0   1   0   0   0   0   1    -4.67706e-02 
	  0   0   0   0   1   0   0   0   0    1.16324e-01 
	  0   0   0   0   0   0   1   0   0    -1.65103e-02 
	  0   0   1   0   0   0   0   1   0    3.26755e-02 
	  0   0   0   0   0   1   0   0   0    -7.50087e-02 
	  0   0   0   1   1   0   0   0   0    -5.84341e-02 
	  0   0   0   1   1   0   0   1   0    1.50196e-02 
	  0   0   0   0   0   0   1   0   1    -3.13917e-02 
	  0   0   0   2   0   0   0   0   0    -9.29707e-03 
	  0   0   0   0   0   1   0   0   1    4.49717e-02 
	  0   0   0   0   0   0   0   1   0    7.04367e-02 
	  0   0   0   0   0   0   1   1   0    -5.44284e-02 
	  0   0   1   1   0   0   0   0   1    2.31947e-02 
	  0   0   0   2   0   2   0   0   0    5.37765e-02 
	  0   0   0   1   0   2   0   1   0    -2.34739e-02 
	  0   0   0   0   0   0   1   3   0    2.23570e-02 
	  0   0   1   0   1   0   0   0   0    3.74778e-02 
	  0   0   2   1   0   0   0   0   0    2.47993e-02 
	  0   0   0   0   2   1   0   0   0    -4.45001e-02 
	  0   0   0   1   0   0   0   1   0    -3.36019e-02 
	  0   0   1   0   0   1   0   0   0    3.27887e-02 
	  0   1   0   1   0   0   0   1   1    -4.08980e-02 
	  0   0   0   0   0   1   0   1   0    2.81570e-02 
	  0   0   0   0   0   0   0   3   1    -9.86298e-03 
	  0   1   0   2   0   1   0   0   0    -3.29391e-02 
	  1   1   1   0   0   0   0   1   0    4.00007e-02 
	  0   0   0   0   0   0   2   1   0    -1.28870e-02 
pectmajt3
parameters 28
# exponents ... coefficient
	  0   0   0   0   0   0   0   0   0    1.72696e-01 
	  0   1   0   0   0   0   0   0   0    1.17981e-01 
	  1   0   0   0   0   0   0   1   0    -5.40077e-03 
	  0   0   0   1   0   0   0   0   1    -5.35200e-02 
	  0   0   0   0   1   0   0   0   0    1.24096e-01 
	  0   0   0   0   0   0   1   0   0    -1.74150e-02 
	  0   0   0   0   0   1   0   0   0    -9.14150e-02 
	  0   0   1   0   0   0   0   1   0    2.79256e-02 
	  1   0   0   0   0   0   0   0   0    -3.86414e-02 
	  0   0   0   1   1   0   0   0   0    -6.02717e-02 
	  0   0   0   0   0   0   1   0   1    -3.39245e-02 
	  0   0   0   1   1   0   0   1   0    1.06836e-02 
	  0   0   0   2   0   0   0   0   0    -8.83421e-03 
	  0   0   0   0   0   1   0   0   1    4.10662e-02 
	  0   0   0   0   0   0   1   1   0    -5.66954e-02 
	  0   0   0   0   0   0   0   1   0    5.66440e-02 
	  0   0   1   2   0   0   0   0   0    1.34745e-02 
	  0   0   0   2   0   0   0   1   0    -2.13747e-02 
	  0   0   0   0   0   1   0   1   0    3.66336e-02 
	  0   0   1   0   0   1   0   0   0    5.11886e-02 
	  0   0   0   2   0   2   0   0   0    2.88614e-02 
	  0   0   0   0   0   0   1   3   0    2.47470e-02 
	  0   1   0   0   0   0   0   2   1    -4.87807e-02 
	  0   0   1   1   0   0   0   0   1    2.20627e-02 
	  2   0   0   0   0   0   0   0   0    -1.00975e-02 
	  0   0   0   0   0   0   0   3   1    -9.84391e-03 
	  0   0   2   1   0   1   0   0   0    -3.95835e-02 
	  0   0   1   2   1   0   0   0   0    1.54488e-02 
pectmajt4
parameters 33
# exponents ... coefficient
	  0   0   0   0   0   0   0   0   0    1.70947e-01 
	  0   1   0   0   0   0   0   0   0    1.05758e-01 
	  0   0   0   1   0   0   0   0   1    -7.74014e-02 
	  1   0   0   0   0   0   0   0   0    -4.32011e-02 
	  0   0   0   0   1   0   0   0   0    1.09008e-01 
	  0   0   0   0   0   0   1   0   0    -1.82059e-02 
	  0   0   0   0   0   1   0   0   0    -4.09916e-02 
	  0   0   1   0   0   0   0   1   0    7.33007e-03 
	  0   0   0   1   1   0   0   0   0    -5.42919e-02 
	  0   0   0   0   0   0   1   0   1    -2.63497e-02 
	  0   0   0   0   0   0   0   1   0    4.81123e-02 
	  0   0   0   1   0   1   0   1   0    4.10857e-02 
	  0   0   0   0   0   0   1   1   0    -4.94813e-02 
	  0   0   0   2   0   0   0   1   0    -1.81174e-02 
	  0   0   1   1   0   0   0   1   0    1.50497e-02 
	  0   0   0   0   0   1   0   0   1    2.62419e-02 
	  0   0   1   1   0   0   0   0   1    1.36586e-02 
	  0   0   0   0   0   0   0   3   1    -1.03535e-02 
	  0   0   0   2   1   0   0   1   0    3.62162e-03 
	  0   1   0   1   0   0   0   1   1    -1.48736e-02 
	  0   0   0   0   0   0   1   3   0    1.92179e-02 
	  0   0   1   0   1   0   0   0   0    2.92874e-02 
	  0   0   0   1   0   1   0   0   0    -5.19468e-02 
	  0   0   0   2   0   0   0   0   0    -1.25442e-02 
	  0   0   2   2   0   0   0   0   0    -7.13955e-03 
	  0   0   0   0   2   2   0   0   0    3.82414e-02 
	  2   0   0   0   0   0   0   0   0    -8.86985e-03 
	  0   0   1   0   0   1   0   0   0    2.40623e-02 
	  0   0   0   2   0   0   0   0   1    2.66970e-02 
	  0   0   0   1   0   2   0   0   0    1.68170e-02 
	  0   2   0   1   0   0   0   0   0    -2.29079e-02 
	  0   1   0   2   0   0   0   1   0    -1.45916e-02 
	  0   0   2   1   0   0   0   0   0    2.52321e-02 
pectmajt5
parameters 32
# exponents ... coefficient
	  0   0   0   0   0   0   0   0   0    1.89859e-01 
	  0   0   0   1   0   0   0   0   1    -1.40454e-02 
	  0   1   0   0   0   0   0   0   0    5.08181e-02 
	  1   0   0   0   0   0   0   0   0    -2.50449e-02 
	  0   0   0   0   0   1   0   0   0    -4.29029e-02 
	  0   0   0   0   1   0   0   0   0    1.02920e-01 
	  0   0   0   0   0   0   1   0   0    -2.58510e-02 
	  0   0   1   0   0   0   0   1   0    1.08504e-02 
	  0   0   0   1   1   0   0   0   0    -5.38756e-02 
	  0   0   0   0   0   0   1   0   1    -2.14082e-02 
	  0   0   0   2   0   0   0   0   0    -1.95624e-02 
	  0   0   0   0   0   0   0   1   0    2.50254e-02 
	  0   0   0   2   0   1   0   1   0    3.55802e-02 
	  0   0   0   2   0   1   0   0   0    -4.07591e-02 
	  0   0   1   0   1   0   0   0   0    1.81388e-02 
	  0   0   2   2   0   0   0   0   0    7.40875e-03 
	  0   0   0   1   0   0   1   1   0    -2.10986e-02 
	  0   0   0   1   0   0   0   3   0    -7.21380e-03 
	  0   0   0   0   0   0   0   0   1    -3.22773e-02 
	  2   0   0   0   0   0   0   0   0    -8.91350e-03 
	  0   0   0   0   0   0   2   1   0    -2.84750e-02 
	  0   0   0   1   0   0   2   0   0    1.43882e-02 
	  1   0   0   0   0   0   0   1   0    -5.08314e-03 
	  0   0   1   0   0   0   0   0   0    -3.18847e-03 
	  0   1   0   0   0   0   0   2   1    -2.11362e-02 
	  0   0   0   2   0   0   0   1   1    -7.13870e-03 
	  0   0   0   1   1   0   0   1   0    -7.74473e-03 
	  0   0   0   0   2   2   0   0   0    3.01673e-02 
	  0   0   0   0   2   0   0   1   0    -1.19386e-02 
	  1   2   0   0   0   0   0   0   0    1.90489e-02 
	  1   0   1   0   0   0   0   0   1    -1.12472e-02 
	  1   0   0   0   0   1   0   0   2    -2.62827e-02 
pectmajt6
parameters 36
# exponents ... coefficient
	  0   0   0   0   0   0   0   0   0    1.94963e-01 
	  0   1   0   0   0   0   0   0   0    3.26863e-02 
	  0   0   0   1   0   0   0   0   1    -7.93023e-02 
	  0   0   0   0   0   1   0   0   0    -2.14137e-02 
	  0   0   0   0   1   0   0   0   0    1.11924e-01 
	  1   0   0   0   0   0   0   1   0    -6.76532e-03 
	  0   0   0   0   0   0   1   0   0    -2.31862e-02 
	  0   0   1   1   0   0   0   1   0    4.73738e-03 
	  0   0   0   1   1   0   0   0   0    -5.57371e-02 
	  1   0   0   0   0   0   0   0   0    -1.26153e-02 
	  0   0   0   3   0   0   0   0   0    2.77853e-03 
	  0   0   0   0   0   0   1   0   1    -5.90800e-02 
	  2   0   0   0   0   0   0   0   0    -6.00524e-03 
	  1   0   0   0   0   0   0   3   0    3.47781e-03 
	  0   0   0   1   0   0   1   1   0    -2.69808e-02 
	  0   0   0   0   0   0   0   1   0    3.22260e-02 
	  0   0   0   2   0   0   0   2   0    -1.21755e-02 
	  0   0   0   1   0   1   0   1   0    3.78633e-02 
	  0   0   0   1   0   1   0   0   0    -6.64686e-02 
	  0   0   0   2   0   0   0   0   1    2.84681e-02 
	  0   0   1   0   1   0   0   0   0    1.14884e-02 
	  0   0   2   1   0   0   0   0   0    4.57790e-03 
	  0   0   0   0   1   0   0   1   0    -1.71894e-02 
	  0   1   0   1   0   0   0   2   0    -8.39149e-03 
	  0   0   0   0   0   0   2   1   0    -2.70605e-02 
	  0   0   0   0   0   0   0   1   2    -1.36394e-02 
	  1   0   0   0   0   1   0   0   0    -6.22006e-03 
	  1   0   1   1   0   0   0   0   0    -3.88654e-03 
	  0   0   0   1   0   0   2   0   0    1.45953e-02 
	  0   2   0   1   0   0   0   1   0    -1.00005e-02 
	  0   0   0   2   0   0   0   0   0    -2.12304e-02 
	  0   0   0   1   0   0   1   0   1    3.57617e-02 
	  0   0   1   0   0   0   2   0   0    -6.15851e-03 
	  0   0   0   0   2   0   0   0   1    -2.07450e-02 
	  0   0   0   0   1   2   0   0   0    -1.62759e-02 
	  0   0   1   0   0   0   0   0   1    3.56063e-03 
pectmajc1
parameters 48
# exponents ... coefficient
	  0   0   0   0   0   0    1.82332e-01 
	  1   0   0   0   0   1    -6.36937e-02 
	  1   0   1   0   0   0    -5.66971e-02 
	  0   1   0   0   0   0    9.88253e-02 
	  0   0   0   1   0   0    -1.38187e-02 
	  3   0   0   0   0   0    -1.04222e-02 
	  0   0   0   1   0   1    -7.70720e-02 
	  2   1   0   0   0   0    -1.56522e-02 
	  0   0   0   0   0   2    -1.79144e-02 
	  0   1   0   0   1   0    -3.03410e-02 
	  1   0   1   0   2   0    5.83212e-03 
	  0   0   0   0   1   0    6.55466e-02 
	  1   0   0   0   1   0    -3.54004e-02 
	  1   0   0   1   1   0    -4.12679e-02 
	  0   0   0   0   3   0    -8.08546e-05 
	  0   2   0   0   1   0    -4.30121e-02 
	  2   0   0   0   0   1    1.44033e-02 
	  0   0   0   2   1   0    -2.07783e-02 
	  0   0   1   0   0   0    -1.84378e-02 
	  2   0   1   1   0   0    -3.83893e-03 
	  0   1   0   1   1   0    2.95657e-02 
	  0   0   0   0   2   0    -1.91097e-02 
	  1   0   0   1   0   1    4.30578e-02 
	  1   0   0   2   0   1    1.33912e-02 
	  0   1   2   0   0   0    -3.06048e-02 
	  1   2   0   0   1   0    3.14750e-02 
	  2   0   1   0   0   1    -2.31372e-03 
	  0   1   1   0   0   1    -3.45502e-02 
	  1   0   1   0   1   0    6.98482e-03 
	  2   1   0   0   1   0    1.21253e-02 
	  0   0   1   1   2   0    1.83176e-02 
	  1   0   3   0   0   0    1.61009e-02 
	  1   0   2   0   0   1    2.43033e-02 
	  0   2   0   0   0   0    -7.90983e-03 
	  0   0   1   0   1   0    1.47365e-02 
	  2   0   0   2   0   0    4.66495e-03 
	  1   1   0   0   0   0    -3.40418e-02 
	  1   0   1   1   1   0    -3.07390e-02 
	  0   2   0   1   1   0    -9.71319e-03 
	  0   0   0   1   2   0    9.52743e-03 
	  0   1   0   1   2   0    -1.97872e-02 
	  0   0   1   1   0   1    -1.68100e-02 
	  4   0   0   0   0   0    2.88439e-03 
	  0   0   0   0   1   2    -1.45062e-02 
	  0   1   0   1   0   1    1.03962e-02 
	  0   0   0   3   0   1    1.00977e-02 
	  0   3   1   0   0   0    9.20916e-03 
	  1   0   0   0   1   2    1.06099e-02 
pectmajc2
parameters 42
# exponents ... coefficient
	  0   0   0   0   0   0    1.44181e-01 
	  1   0   0   0   0   1    -2.48130e-02 
	  0   0   1   0   0   0    -2.06232e-02 
	  0   0   0   1   0   0    -1.49248e-02 
	  0   1   0   0   0   0    8.68048e-02 
	  1   1   0   0   0   0    -5.18188e-02 
	  2   0   0   0   2   0    2.00261e-03 
	  0   0   0   1   1   1    7.90027e-03 
	  0   0   0   0   1   0    4.35088e-02 
	  1   0   0   1   1   0    -2.62208e-02 
	  0   0   0   1   0   1    -3.94506e-02 
	  0   0   0   0   0   2    -1.27112e-02 
	  0   0   1   0   2   0    1.41405e-02 
	  1   0   0   0   1   0    -2.90603e-02 
	  0   0   0   0   2   0    -1.42976e-02 
	  0   1   0   0   2   0    -3.05960e-02 
	  1   0   1   0   0   0    -3.22922e-02 
	  2   0   0   0   0   0    -7.96531e-03 
	  0   0   0   0   0   1    -1.04340e-02 
	  0   0   1   2   1   0    1.46538e-03 
	  0   2   0   0   0   1    -3.35591e-02 
	  2   0   1   1   0   0    -1.19229e-02 
	  0   1   0   1   0   0    6.94025e-03 
	  1   0   0   1   2   0    5.02725e-03 
	  0   2   0   0   1   0    -4.03158e-03 
	  1   1   0   0   2   0    2.03102e-02 
	  2   0   0   1   0   1    1.28338e-02 
	  0   2   1   0   0   0    -2.65917e-02 
	  2   0   1   0   0   1    -7.91141e-03 
	  1   2   0   0   0   1    2.97529e-02 
	  0   2   0   0   0   0    -9.41282e-03 
	  0   0   0   0   1   1    -7.20000e-03 
	  0   0   0   3   0   1    5.93308e-03 
	  0   2   1   0   1   0    1.77495e-02 
	  1   0   0   0   2   1    3.71695e-03 
	  1   1   0   0   0   1    3.79607e-03 
	  1   0   0   2   0   1    1.05811e-02 
	  0   0   0   2   1   0    -2.60488e-02 
	  1   0   0   2   1   0    1.79583e-02 
	  0   0   0   3   0   0    3.10851e-03 
	  0   0   1   1   0   1    -1.23139e-02 
	  0   1   0   1   0   1    8.72413e-03 
tricmed1
parameters 4
# exponents ... coefficient
	  0    1.45466e-01 
	  1    2.47381e-02 
	  2    -6.66471e-03 
	  4    2.69456e-03 
tricmed2
parameters 4
# exponents ... coefficient
	  0    1.69065e-01 
	  1    2.49512e-02 
	  2    -5.98175e-03 
	  4    1.37542e-03 
tricmed3
parameters 4
# exponents ... coefficient
	  0    5.53156e-02 
	  1    2.17127e-02 
	  2    -6.87632e-03 
	  3    3.94482e-03 
tricmed4
parameters 3
# exponents ... coefficient
	  0    9.29484e-02 
	  1    2.42545e-02 
	  2    -4.69500e-03 
tricmed5
parameters 4
# exponents ... coefficient
	  0    1.36102e-01 
	  1    2.48639e-02 
	  2    -5.57216e-03 
	  4    8.70957e-04 
brachialis1
parameters 4
# exponents ... coefficient
	  0    1.88050e-01 
	  2    1.89649e-03 
	  1    -8.60456e-03 
	  4    -1.23264e-02 
brachialis2
parameters 4
# exponents ... coefficient
	  0    1.80274e-01 
	  1    -9.35880e-03 
	  3    -3.80983e-03 
	  2    -1.08709e-03 
brachialis3
parameters 4
# exponents ... coefficient
	  0    1.46200e-01 
	  1    -9.73600e-03 
	  2    -3.58888e-03 
	  3    -7.88126e-04 
brachialis4
parameters 3
# exponents ... coefficient
	  0    1.42513e-01 
	  1    -8.86154e-03 
	  4    -7.20220e-03 
brachialis5
parameters 4
# exponents ... coefficient
	  0    1.10103e-01 
	  1    -8.83952e-03 
	  2    -2.88462e-03 
	  3    -9.98340e-04 
brachialis6
parameters 4
# exponents ... coefficient
	  0    9.77106e-02 
	  1    -8.74444e-03 
	  2    -3.12064e-03 
	  3    -7.63482e-04 
brachialis7
parameters 4
# exponents ... coefficient
	  0    9.49374e-02 
	  1    -7.79338e-03 
	  2    -2.19729e-03 
	  3    -1.13798e-03 
brachiorad1
parameters 11
# exponents ... coefficient
	  0   0    3.26918e-01 
	  2   0    -1.24968e-02 
	  2   2    5.42915e-03 
	  1   0    -6.77164e-03 
	  3   1    -2.93710e-02 
	  2   1    1.01498e-02 
	  4   0    7.82777e-02 
	  3   0    -5.60539e-02 
	  1   1    -5.50566e-03 
	  0   2    1.50756e-04 
	  1   3    -9.46064e-05 
brachiorad2
parameters 9
# exponents ... coefficient
	  0   0    3.11791e-01 
	  1   0    -1.23703e-02 
	  1   3    -1.63778e-04 
	  4   0    -3.33422e-02 
	  3   1    1.43572e-03 
	  0   4    1.69866e-05 
	  1   1    -3.25467e-03 
	  0   1    3.85354e-04 
	  2   2    2.35981e-03 
brachiorad3
parameters 11
# exponents ... coefficient
	  0   0    2.98674e-01 
	  1   0    -1.82671e-02 
	  0   4    1.28035e-05 
	  0   1    -5.02301e-04 
	  3   1    1.49946e-02 
	  4   0    -4.83423e-02 
	  2   2    -9.00982e-04 
	  1   3    -1.16051e-04 
	  3   0    2.87368e-02 
	  2   1    -1.01760e-02 
	  1   2    1.34156e-03 
pronteres1
parameters 14
# exponents ... coefficient
	  0   0    1.46528e-01 
	  1   3    1.70399e-04 
	  0   1    1.18965e-02 
	  2   0    -5.78492e-03 
	  1   0    3.74107e-03 
	  0   2    -7.54098e-03 
	  0   4    1.40532e-04 
	  1   1    -4.53976e-03 
	  3   0    2.66133e-04 
	  2   2    -1.61311e-04 
	  4   0    3.81559e-04 
	  1   2    4.69559e-04 
	  0   3    3.57085e-04 
	  2   1    1.77533e-04 
pronteres2
parameters 4
# exponents ... coefficient
	  0    8.16988e-02 
	  1    9.62678e-04 
	  4    1.84667e-04 
	  2    -3.97510e-03 
supinator1
parameters 4
# exponents ... coefficient
	  0    2.08672e-02 
	  1    1.42731e-02 
	  2    -2.98950e-03 
	  4    4.59421e-05 
supinator2
parameters 4
# exponents ... coefficient
	  0    1.85520e-02 
	  1    1.31539e-02 
	  2    -2.65745e-03 
	  4    3.51703e-05 
supinator3
parameters 4
# exponents ... coefficient
	  0    1.66668e-02 
	  1    1.11961e-02 
	  2    -2.03376e-03 
	  4    1.59684e-05 
supinator4
parameters 4
# exponents ... coefficient
	  0    1.56445e-02 
	  1    1.05396e-02 
	  2    -1.94487e-03 
	  4    1.39832e-05 
supinator5
parameters 4
# exponents ... coefficient
	  0    1.61614e-02 
	  1    9.74541e-03 
	  2    -1.83197e-03 
	  4    1.17308e-05 
pronquad1
parameters 4
# exponents ... coefficient
	  0    3.88252e-02 
	  1    -4.91132e-03 
	  4    9.87707e-05 
	  2    -6.18493e-04 
pronquad2
parameters 4
# exponents ... coefficient
	  0    3.83086e-02 
	  1    -1.67555e-02 
	  2    3.27617e-03 
	  3    1.46366e-04 
pronquad3
parameters 4
# exponents ... coefficient
	  0    3.56097e-02 
	  4    -4.86146e-04 
	  1    -1.57260e-02 
	  3    2.78101e-03 
triclat1
parameters 4
# exponents ... coefficient
	  0    2.22439e-01 
	  1    1.87977e-02 
	  2    6.64003e-03 
	  3    -3.89969e-03 
triclat2
parameters 4
# exponents ... coefficient
	  0    2.24661e-01 
	  1    2.05124e-02 
	  2    5.17524e-03 
	  3    -3.87901e-03 
triclat3
parameters 3
# exponents ... coefficient
	  0    2.29782e-01 
	  1    2.01929e-02 
	  3    -1.11579e-03 
triclat4
parameters 4
# exponents ... coefficient
	  0    1.90046e-01 
	  1    2.01441e-02 
	  3    -1.63980e-03 
	  4    6.36548e-04 
triclat5
parameters 4
# exponents ... coefficient
	  0    1.85913e-01 
	  1    1.76640e-02 
	  2    4.09210e-03 
	  3    -3.27472e-03 
anconeus1
parameters 4
# exponents ... coefficient
	  0    1.60128e-02 
	  1    5.37057e-03 
	  2    4.94339e-03 
	  3    -2.36594e-03 
anconeus2
parameters 4
# exponents ... coefficient
	  0    1.60977e-02 
	  2    8.76417e-03 
	  1    1.75683e-03 
	  3    -3.15026e-03 
anconeus3
parameters 4
# exponents ... coefficient
	  0    1.74796e-02 
	  1    9.58982e-03 
	  4    -8.97219e-04 
	  2    6.65775e-05 
anconeus4
parameters 4
# exponents ... coefficient
	  0    4.75538e-02 
	  3    1.04960e-02 
	  4    -7.73872e-03 
	  1    -1.43341e-04 
anconeus5
parameters 4
# exponents ... coefficient
	  0    3.16776e-02 
	  2    6.71530e-03 
	  1    -8.57188e-04 
	  4    -9.18477e-04 
