trapscap1
parameters 71
# exponents ... coefficient
	  0   0   0   0   1   0    2.61928e-02 
	  0   0   0   0   0   0    2.01505e-01 
	  0   1   0   0   0   0    1.65494e-01 
	  0   0   1   0   0   0    -6.75293e-02 
	  0   0   0   1   0   0    1.86766e-02 
	  1   1   0   0   0   0    -9.10008e-02 
	  0   0   0   0   0   2    1.81042e-02 
	  0   0   1   0   0   1    5.66989e-03 
	  1   0   1   0   0   0    -1.52045e-01 
	  2   0   0   0   0   0    2.40391e-02 
	  0   0   0   2   0   0    2.19549e-02 
	  1   0   0   1   0   0    5.81621e-02 
	  0   0   0   0   0   1    1.69673e-02 
	  0   0   0   1   0   1    5.46287e-02 
	  0   0   2   0   1   0    -1.70854e-02 
	  0   2   0   1   0   0    7.22952e-03 
	  0   0   1   1   1   0    4.37477e-02 
	  0   2   1   0   0   0    -4.35036e-02 
	  0   0   0   0   2   1    -7.05366e-03 
	  0   2   0   0   0   0    -7.71959e-02 
	  1   0   0   0   0   0    1.88432e-02 
	  2   2   0   0   0   0    1.26283e-01 
	  0   0   0   2   1   0    -1.34776e-02 
	  0   0   1   0   2   1    -3.13535e-02 
	  0   0   0   0   1   2    8.13355e-03 
	  2   0   1   0   0   0    4.50425e-02 
	  1   0   1   0   1   1    -6.37528e-02 
	  1   0   0   1   1   0    -8.42045e-03 
	  2   0   0   0   1   0    3.20751e-02 
	  0   0   0   0   2   0    3.62312e-02 
	  2   0   0   0   2   0    -5.78961e-02 
	  0   0   2   0   0   0    -5.09790e-02 
	  0   2   0   0   2   0    -1.14266e-02 
	  1   3   0   0   0   0    -2.38915e-01 
	  0   0   0   0   0   3    -1.43951e-02 
	  1   0   0   1   0   1    -7.46307e-02 
	  0   0   0   2   0   1    -2.45254e-02 
	  1   0   0   2   1   0    -1.02411e-01 
	  0   1   1   0   1   0    2.03500e-02 
	  3   1   0   0   0   0    -3.17373e-03 
	  0   0   0   0   3   1    -2.97057e-02 
	  0   0   0   3   0   0    -1.14308e-02 
	  2   0   0   1   1   0    -1.02636e-01 
	  1   0   2   0   0   0    -5.63592e-02 
	  0   1   0   1   0   0    -1.80357e-02 
	  0   0   0   1   1   0    -1.61537e-02 
	  1   0   0   0   3   0    -3.12642e-02 
	  0   1   1   0   0   0    3.80672e-02 
	  0   1   0   1   2   0    -2.77608e-03 
	  2   1   0   0   0   0    -6.76727e-02 
	  1   0   0   1   1   1    5.87542e-02 
	  1   0   1   2   0   0    -3.73667e-02 
	  3   0   0   0   0   1    1.67861e-02 
	  1   1   0   0   0   1    -2.55261e-02 
	  1   1   0   0   1   1    6.56212e-02 
	  0   1   0   2   0   0    -1.75487e-02 
	  1   2   0   1   0   0    7.90079e-02 
	  0   1   0   0   1   0    1.03586e-02 
	  0   0   0   1   0   2    -1.50914e-02 
	  1   0   0   0   1   2    -6.02131e-02 
	  1   0   0   0   0   1    1.07770e-02 
	  2   0   0   0   0   1    -3.17924e-02 
	  0   1   1   1   1   0    5.62974e-02 
	  1   1   1   0   0   0    1.12119e-01 
	  2   1   1   0   0   0    -2.43335e-01 
	  0   2   0   1   0   1    -2.13785e-02 
	  1   0   0   1   0   2    -3.21717e-02 
	  1   0   1   0   0   1    4.56757e-02 
	  3   0   0   0   1   0    -2.46305e-02 
	  0   1   0   0   1   2    2.29073e-02 
	  0   1   0   0   2   1    -1.06756e-02 
trapscap2
parameters 62
# exponents ... coefficient
	  0   0   0   0   1   0    4.67062e-02 
	  0   1   0   0   1   0    2.79320e-02 
	  0   0   0   1   1   0    7.94006e-02 
	  0   0   1   0   0   0    -6.40506e-02 
	  0   0   0   0   0   0    1.78236e-01 
	  1   1   0   0   2   0    3.42616e-01 
	  0   0   0   0   0   2    5.65767e-02 
	  0   1   0   0   0   0    1.72266e-01 
	  0   0   1   0   0   1    8.27786e-03 
	  1   0   0   0   0   0    3.53301e-02 
	  1   0   1   0   0   0    -1.52147e-01 
	  0   0   0   0   0   1    3.89488e-02 
	  0   0   0   1   0   1    1.25647e-01 
	  0   0   1   1   0   0    2.56221e-02 
	  1   1   0   0   1   0    -3.82578e-01 
	  0   0   2   0   1   0    -2.38407e-01 
	  1   0   0   1   0   0    1.16819e-01 
	  2   0   0   0   1   0    -1.47573e-02 
	  0   1   1   0   2   0    7.25711e-02 
	  0   0   0   2   0   0    2.77313e-02 
	  0   0   0   1   3   0    6.37182e-02 
	  0   2   0   1   1   0    4.66060e-02 
	  2   0   0   0   0   0    6.08877e-02 
	  0   0   0   0   1   1    -4.08920e-02 
	  1   0   0   0   0   1    8.02631e-02 
	  0   0   0   0   2   0    6.34174e-02 
	  0   0   0   1   1   1    -5.74470e-02 
	  1   0   0   0   1   1    -9.71408e-02 
	  0   2   0   0   0   0    -6.59400e-02 
	  2   2   0   0   0   0    4.45803e-02 
	  1   0   0   1   1   0    -1.01592e-01 
	  0   0   0   2   2   0    3.81867e-02 
	  0   0   0   1   2   0    -1.71886e-01 
	  0   0   2   0   2   0    2.24340e-01 
	  3   0   1   0   0   0    1.10726e-01 
	  1   3   0   0   0   0    -2.97440e-01 
	  0   0   0   0   0   3    -3.29470e-02 
	  0   1   1   1   0   1    7.27842e-02 
	  0   2   1   0   0   0    -3.28617e-02 
	  0   1   0   0   0   1    -1.04723e-02 
	  1   0   0   2   1   0    -2.33605e-01 
	  0   0   0   3   0   0    -2.73051e-02 
	  2   0   0   1   1   0    -2.39794e-01 
	  0   1   0   1   1   0    -6.49648e-02 
	  0   0   1   0   1   2    -4.74648e-02 
	  1   0   0   0   1   2    -1.15411e-01 
	  0   0   0   2   1   1    -9.10572e-02 
	  2   1   0   0   0   0    -8.86493e-02 
	  1   0   0   1   0   1    -9.79050e-02 
	  1   0   0   0   2   0    -4.56329e-02 
	  0   0   0   1   0   0    1.20763e-02 
	  0   1   1   0   0   0    3.52794e-02 
	  2   0   0   0   0   1    -4.89002e-02 
	  3   0   0   0   1   0    -6.58867e-02 
	  0   0   0   1   0   2    -4.19981e-02 
	  1   0   0   1   2   0    1.74687e-01 
	  2   1   1   0   0   0    -2.95835e-01 
	  1   1   1   0   0   0    7.57912e-02 
	  2   0   1   1   0   0    8.24135e-02 
	  1   0   2   0   0   0    -3.34794e-02 
	  0   1   0   0   1   2    4.11839e-02 
	  0   0   0   3   0   1    1.97538e-02 
trapscap3
parameters 53
# exponents ... coefficient
	  0   0   0   0   1   0    2.83273e-02 
	  0   1   0   0   1   0    4.26633e-02 
	  0   0   0   1   1   0    -4.43548e-02 
	  0   0   1   0   0   0    -5.37141e-02 
	  1   0   0   0   0   0    3.70586e-02 
	  0   0   0   0   0   1    4.90656e-02 
	  0   0   0   0   0   0    1.54557e-01 
	  0   1   0   0   0   0    1.80918e-01 
	  0   0   0   1   0   1    1.78933e-01 
	  1   0   1   1   0   0    7.75829e-02 
	  1   1   0   0   1   0    -4.50790e-01 
	  0   0   2   0   2   0    2.07445e-01 
	  0   0   0   0   0   2    1.49508e-01 
	  1   0   1   0   1   0    -1.44351e-01 
	  2   0   1   0   1   0    2.94010e-01 
	  1   1   0   1   0   0    -1.50986e-02 
	  2   0   0   0   1   0    3.99869e-01 
	  0   0   1   1   0   0    2.52451e-02 
	  1   0   0   0   0   1    2.31322e-01 
	  0   0   0   0   1   1    -2.88446e-02 
	  0   0   1   0   3   0    -1.31643e-03 
	  1   0   0   1   1   0    5.01588e-01 
	  0   1   0   1   1   0    -7.63662e-02 
	  0   0   0   1   1   1    -9.43995e-02 
	  1   0   0   0   1   1    -3.84056e-01 
	  0   0   2   0   1   0    -2.29134e-01 
	  0   1   0   0   0   1    -3.09441e-02 
	  0   2   1   0   0   0    -5.84403e-02 
	  2   0   0   0   2   0    -5.14239e-01 
	  1   0   0   1   2   0    -3.76801e-01 
	  0   0   0   0   2   0    1.19371e-01 
	  0   0   0   2   0   0    4.22267e-02 
	  1   0   1   0   0   0    -1.08595e-01 
	  1   1   0   0   2   0    4.92514e-01 
	  0   1   0   0   0   3    2.14943e-01 
	  0   1   1   0   0   2    3.11672e-01 
	  1   0   0   2   1   0    -3.56488e-01 
	  0   0   0   1   0   0    4.24817e-02 
	  0   0   0   2   1   1    -1.71709e-01 
	  2   1   0   1   0   0    6.03755e-02 
	  1   0   0   1   1   1    -2.93540e-01 
	  0   2   0   0   0   0    -4.50952e-02 
	  1   3   0   0   0   0    -4.14454e-01 
	  0   0   0   0   1   2    -1.25019e-01 
	  2   1   0   0   1   0    -2.47032e-01 
	  2   0   0   1   1   0    -3.67568e-01 
	  0   0   0   3   1   0    -7.64936e-02 
	  0   0   1   0   0   1    2.05496e-02 
	  0   0   0   1   0   2    -4.87313e-02 
	  0   1   1   0   1   0    7.47941e-02 
	  0   2   0   1   0   0    5.70497e-02 
	  3   0   0   0   1   0    -8.16075e-02 
	  0   0   0   2   2   0    5.18280e-02 
trapscap4
parameters 50
# exponents ... coefficient
	  0   0   0   0   1   0    1.43981e-03 
	  0   1   0   0   1   0    6.01983e-02 
	  0   0   0   1   1   0    -5.49198e-02 
	  0   0   1   0   0   0    -4.02157e-02 
	  1   0   0   0   0   0    4.56243e-02 
	  0   0   0   0   0   1    5.47967e-02 
	  0   0   0   0   0   0    1.44832e-01 
	  0   1   0   0   0   0    1.85743e-01 
	  0   0   0   1   0   1    1.79040e-01 
	  1   0   1   1   0   0    2.19607e-02 
	  1   1   0   0   2   0    5.19304e-01 
	  0   0   0   0   0   2    1.42008e-01 
	  0   0   2   0   2   0    2.41177e-01 
	  0   0   1   0   3   0    -1.11252e-02 
	  0   0   1   1   0   0    3.33327e-02 
	  1   0   0   0   0   1    1.32900e-01 
	  0   0   0   0   3   1    -1.40812e-01 
	  2   0   0   0   0   0    1.16428e-01 
	  1   0   0   1   1   0    3.44492e-01 
	  0   1   0   1   2   0    -8.35857e-02 
	  0   0   2   0   1   0    -2.31716e-01 
	  1   0   1   0   0   0    -1.81660e-01 
	  1   1   0   0   1   0    -5.33523e-01 
	  1   0   0   1   2   0    -3.24116e-01 
	  0   0   0   0   2   0    1.76903e-01 
	  0   1   0   0   0   1    -3.87131e-02 
	  0   0   0   1   1   2    -2.50464e-01 
	  1   0   0   1   0   1    -3.11976e-01 
	  0   0   0   2   0   0    6.13955e-02 
	  2   0   0   0   1   1    -3.77603e-01 
	  1   0   0   0   1   2    -3.19004e-01 
	  0   0   0   1   0   0    4.72127e-02 
	  0   1   1   0   1   0    1.39912e-01 
	  1   0   0   0   3   0    -9.57260e-02 
	  0   0   0   2   0   1    -1.13783e-01 
	  2   2   0   0   0   0    3.65779e-01 
	  0   2   0   1   0   0    2.56468e-01 
	  1   0   0   2   0   0    -1.85183e-01 
	  2   0   0   1   1   0    -9.25991e-02 
	  0   0   0   3   0   0    -4.80464e-02 
	  3   0   0   0   1   0    -1.25474e-01 
	  2   0   1   0   1   0    2.24408e-01 
	  0   0   0   0   0   3    -9.82056e-02 
	  1   0   1   0   0   1    1.12942e-01 
	  0   3   0   1   0   0    3.33752e-01 
	  0   2   0   0   0   0    -3.39610e-02 
	  1   3   0   0   0   0    -2.54611e-01 
	  0   0   0   3   0   1    8.83591e-02 
	  1   0   0   1   0   0    1.01743e-01 
	  2   0   0   1   0   0    -1.58499e-01 
trapscap5
parameters 50
# exponents ... coefficient
	  0   0   0   0   1   0    1.53020e-02 
	  0   1   0   0   1   0    5.78444e-02 
	  0   0   0   1   1   0    3.65560e-02 
	  0   0   1   0   1   0    -5.44793e-02 
	  1   0   0   0   1   0    6.20686e-02 
	  0   0   0   0   1   1    4.35868e-01 
	  0   0   0   0   0   0    1.30652e-01 
	  0   1   0   0   0   0    1.85101e-01 
	  0   0   0   1   0   1    3.54777e-01 
	  1   0   1   1   0   0    2.19871e-01 
	  0   0   2   0   1   0    -1.38745e-01 
	  1   1   0   0   2   0    4.88448e-01 
	  0   0   0   0   0   2    1.44934e-01 
	  1   0   0   0   0   1    2.90546e-01 
	  0   0   0   0   2   1    -1.23633e+00 
	  2   0   0   0   0   0    1.71359e-01 
	  1   0   0   1   1   0    1.44074e-01 
	  0   0   1   1   1   0    1.82107e-01 
	  1   0   1   0   0   0    -1.50281e-01 
	  0   0   0   2   0   0    6.08084e-02 
	  1   0   0   0   2   1    -4.15668e-01 
	  0   0   0   0   1   2    8.86341e-02 
	  0   2   0   1   0   0    3.81314e-02 
	  0   0   0   0   3   1    9.91997e-01 
	  0   0   0   1   1   1    -3.15753e-01 
	  0   1   0   0   0   1    -1.02623e-01 
	  2   2   0   0   0   0    6.70491e-01 
	  1   0   0   1   2   0    -4.57098e-01 
	  2   0   0   0   2   0    -2.81445e-01 
	  0   0   0   0   2   0    1.57757e-01 
	  1   1   0   0   1   0    -4.54269e-01 
	  0   1   1   0   0   0    4.55572e-02 
	  1   0   1   1   1   0    -6.61404e-01 
	  0   0   0   1   1   2    -4.99583e-01 
	  1   0   0   1   0   1    -2.26763e-01 
	  0   0   1   1   1   1    -3.98149e-01 
	  0   1   0   1   2   0    -1.06342e-01 
	  0   2   0   0   0   0    -9.76977e-02 
	  1   2   0   0   0   1    7.89682e-01 
	  0   1   0   2   0   1    1.50383e-01 
	  1   0   0   1   0   0    1.72549e-01 
	  0   0   0   2   2   0    -1.11816e-01 
	  2   0   0   0   0   1    -2.17978e-01 
	  1   0   0   0   1   2    -6.50738e-01 
	  0   0   0   0   0   3    -1.46030e-01 
	  0   3   0   0   1   0    -2.26741e-01 
	  0   1   1   0   1   1    2.53224e-01 
	  0   1   0   0   2   1    2.83683e-01 
	  0   1   0   1   0   1    -1.84581e-01 
	  1   1   0   1   0   0    -9.70433e-02 
trapscap6
parameters 63
# exponents ... coefficient
	  0   0   0   0   1   0    1.37948e-02 
	  0   1   0   0   1   0    4.55541e-02 
	  0   0   0   0   0   2    1.53839e-01 
	  0   0   0   1   2   0    -5.16541e-02 
	  1   0   1   0   0   0    -2.00406e-01 
	  1   1   0   0   2   0    1.05976e-01 
	  0   0   0   0   0   0    1.43706e-01 
	  0   1   0   0   0   0    2.08842e-01 
	  1   0   0   0   0   1    1.92772e-01 
	  0   0   0   1   0   1    2.45927e-01 
	  2   0   0   0   1   0    2.00170e-01 
	  1   0   0   1   1   0    -3.96406e-02 
	  0   0   0   0   0   1    5.35043e-02 
	  0   0   0   2   1   0    -1.53689e-01 
	  0   0   1   1   2   0    -2.38065e-01 
	  0   0   2   0   2   0    6.90272e-02 
	  0   0   1   0   0   0    2.53072e-02 
	  0   0   1   0   3   0    1.79764e-01 
	  1   0   0   0   2   1    -1.55636e-01 
	  0   0   0   1   1   1    -9.70124e-02 
	  0   0   1   1   1   0    1.90409e-01 
	  0   2   0   0   0   0    -9.60778e-02 
	  0   1   0   1   2   0    4.78930e-02 
	  2   0   0   0   0   0    1.00973e-01 
	  1   0   0   1   2   0    -1.89729e-02 
	  0   0   0   2   2   0    1.42085e-01 
	  0   0   0   0   2   0    1.65941e-01 
	  2   0   0   0   2   0    -3.45314e-01 
	  0   1   1   0   2   0    1.14569e-01 
	  0   0   0   0   1   3    -1.72375e-01 
	  2   2   0   0   0   0    8.91687e-01 
	  1   0   0   0   1   0    -1.48394e-02 
	  1   2   0   0   0   1    4.44421e-01 
	  0   1   0   1   0   1    -7.24042e-02 
	  1   2   0   1   0   0    4.93752e-01 
	  0   1   1   0   0   2    1.01662e-01 
	  1   2   1   0   0   0    -9.58883e-01 
	  1   0   0   1   0   0    2.07943e-01 
	  0   0   2   0   0   0    -5.75470e-02 
	  1   0   0   0   1   2    -4.00261e-01 
	  0   1   0   3   0   0    2.62287e-01 
	  1   1   0   2   0   0    7.91308e-01 
	  3   1   0   0   0   0    1.33541e-01 
	  0   0   0   0   1   1    -3.97341e-02 
	  0   1   0   2   0   0    -1.78935e-01 
	  0   2   1   1   0   0    -5.60840e-01 
	  0   0   0   2   0   1    -8.27860e-02 
	  0   1   0   1   0   0    -4.78970e-02 
	  0   0   0   2   0   0    9.41457e-02 
	  0   2   2   0   0   0    2.14035e-01 
	  1   1   0   0   0   0    -4.92602e-02 
	  2   1   0   1   0   0    6.85686e-01 
	  1   1   0   1   0   0    -2.59902e-01 
	  1   0   0   1   0   1    -2.47249e-01 
	  2   0   0   0   1   1    -3.63984e-01 
	  0   0   0   1   0   2    -1.31268e-01 
	  0   0   0   3   0   1    7.92372e-02 
	  0   0   1   0   2   0    -1.16181e-01 
	  0   4   0   0   0   0    1.14420e-01 
	  0   0   0   1   0   0    9.70531e-03 
	  1   0   0   0   0   0    2.16356e-02 
	  2   1   0   0   0   0    -1.11676e-01 
	  1   0   1   0   0   1    4.32893e-02 
trapscap7
parameters 23
# exponents ... coefficient
	  0   1   0   0   0   0    2.36906e-01 
	  0   0   0   0   1   0    -5.25860e-02 
	  0   0   0   0   0   0    1.57421e-01 
	  0   0   0   0   0   2    1.94564e-01 
	  0   0   1   0   1   1    5.31631e-02 
	  0   0   0   1   0   1    1.95595e-01 
	  2   0   0   0   0   1    3.06446e-02 
	  0   0   1   0   0   0    7.04051e-02 
	  1   0   1   0   0   0    -2.59481e-01 
	  0   0   0   0   2   0    2.07960e-01 
	  1   0   0   1   1   1    -1.97339e-01 
	  0   1   0   2   0   0    -4.72833e-01 
	  1   1   0   1   0   0    -1.26663e+00 
	  3   1   0   0   0   0    -1.92989e-01 
	  0   1   0   1   0   0    1.13197e-01 
	  1   2   0   0   1   0    -6.57978e-02 
	  2   1   0   0   0   0    -8.60852e-01 
	  1   0   0   0   0   1    2.09004e-01 
	  1   1   0   0   0   0    1.99250e-01 
	  0   2   0   0   1   0    -1.85994e-01 
	  0   0   0   0   0   1    -1.21147e-02 
	  0   0   2   0   0   0    -2.86606e-02 
	  0   1   0   2   0   1    4.88991e-01 
trapscap8
parameters 38
# exponents ... coefficient
	  0   0   0   0   1   0    6.86309e-02 
	  0   1   0   0   1   0    1.40963e+00 
	  0   0   1   0   0   0    1.08910e-01 
	  1   0   1   0   0   0    -1.83804e-01 
	  0   0   0   0   0   2    1.67844e-01 
	  0   0   0   2   0   0    7.27431e-02 
	  1   0   0   1   1   0    2.71157e-01 
	  0   1   0   0   3   0    1.82521e+00 
	  0   0   0   0   0   0    1.38835e-01 
	  0   0   0   1   2   0    2.43567e-02 
	  0   0   0   1   0   1    2.41916e-01 
	  2   0   0   0   0   1    3.11141e-02 
	  4   0   0   0   0   0    2.25267e-02 
	  1   1   0   0   0   0    2.13921e-01 
	  2   1   0   0   0   0    -4.73924e-01 
	  0   1   0   1   0   0    7.08152e-02 
	  1   1   0   1   0   0    -4.83729e-01 
	  0   1   0   0   2   0    -2.74777e+00 
	  0   0   0   0   3   0    1.35625e-01 
	  0   1   0   2   0   0    -2.14694e-01 
	  1   0   0   0   0   1    2.15862e-01 
	  0   1   0   0   0   1    1.91503e-01 
	  0   0   2   0   0   0    -1.21856e-01 
	  0   1   1   0   0   0    -9.60791e-02 
	  0   2   0   0   1   0    -8.28513e-02 
	  0   1   0   0   1   1    -2.40955e-01 
	  1   0   0   0   2   1    -1.65979e-01 
	  2   1   1   0   0   0    4.02335e-01 
	  2   0   0   0   1   0    2.66030e-01 
	  1   0   0   0   1   0    -7.72538e-02 
	  0   0   0   1   1   0    -1.05851e-01 
	  1   0   0   1   0   0    9.57413e-02 
	  0   0   1   1   0   0    7.25210e-02 
	  0   1   1   1   0   0    2.75449e-01 
	  1   1   1   0   1   0    5.95180e-01 
	  1   1   0   0   0   1    -1.79734e-01 
	  1   2   0   0   0   0    -1.61501e-01 
	  0   0   2   0   1   0    1.59007e-01 
trapscap9
parameters 31
# exponents ... coefficient
	  1   1   0   0   0   0    4.20775e-01 
	  0   0   0   0   1   0    -5.88595e-02 
	  0   0   1   0   0   0    1.70465e-01 
	  0   0   0   1   0   0    -7.88985e-02 
	  0   0   0   1   0   1    2.81839e-01 
	  0   1   0   0   1   0    1.82409e-01 
	  0   0   0   0   0   0    1.61387e-01 
	  0   0   0   0   2   0    2.34904e-01 
	  1   0   0   1   0   0    1.36997e-01 
	  0   1   0   2   0   0    -1.55375e-01 
	  0   0   1   1   0   0    1.15288e-01 
	  2   0   0   0   1   1    1.20664e-01 
	  0   1   0   0   0   1    1.58900e-01 
	  0   0   0   0   2   2    9.76807e-01 
	  2   1   0   0   1   0    -2.92668e-01 
	  1   1   0   0   0   1    -9.15371e-02 
	  0   0   2   0   0   0    -1.06597e-01 
	  1   0   0   0   1   0    -1.85019e-01 
	  0   1   0   0   0   0    1.13135e-01 
	  2   0   0   0   2   0    7.01801e-01 
	  1   0   1   0   0   0    -1.59848e-01 
	  1   0   0   1   2   0    4.17672e-01 
	  1   1   1   0   0   0    -3.85206e-01 
	  0   1   0   1   1   0    3.02098e-01 
	  0   0   0   2   2   0    3.17417e-01 
	  0   0   0   0   0   1    -3.85723e-02 
	  1   0   0   0   1   1    5.96316e-01 
	  0   0   0   0   3   1    -1.68088e-01 
	  0   1   1   0   1   1    -6.31883e-01 
	  1   1   0   1   1   0    -1.64199e+00 
	  1   1   0   1   0   0    5.47499e-01 
trapscap10
parameters 58
# exponents ... coefficient
	  1   1   0   0   0   0    2.45962e-01 
	  0   0   0   0   1   0    -4.99093e-02 
	  0   0   1   0   0   0    1.18589e-01 
	  0   0   0   1   0   0    -4.82855e-02 
	  0   0   0   1   0   1    1.51248e-01 
	  0   1   0   0   1   0    2.50593e-01 
	  0   0   0   0   0   0    1.88943e-01 
	  1   0   0   1   0   0    1.99143e-01 
	  0   0   0   0   2   0    1.99471e-01 
	  0   1   0   2   0   0    -5.73827e-02 
	  0   0   1   1   0   0    6.87981e-02 
	  2   0   0   0   1   1    -2.05709e-01 
	  0   1   0   0   0   1    1.43213e-01 
	  0   0   0   0   2   2    1.45704e-01 
	  0   0   2   0   0   0    -6.85629e-02 
	  1   0   0   0   0   0    -3.27141e-02 
	  1   1   0   0   0   1    -6.89491e-02 
	  2   0   0   0   0   0    9.08540e-02 
	  0   1   0   0   0   0    8.79365e-02 
	  0   0   0   0   0   1    -9.70484e-02 
	  1   0   0   0   0   1    2.29816e-01 
	  0   2   0   1   0   0    -2.91213e-01 
	  0   0   0   2   0   0    7.63886e-02 
	  0   1   1   0   2   0    -4.28598e-01 
	  2   0   1   0   1   0    -7.65220e-01 
	  0   0   0   0   0   2    1.78287e-01 
	  0   0   1   0   1   1    7.64944e-01 
	  1   0   0   0   1   1    -1.21343e-01 
	  1   2   0   0   1   0    -8.87386e-01 
	  0   4   0   0   0   0    3.79120e-01 
	  2   0   0   0   2   0    -4.69496e-01 
	  0   1   0   1   0   2    -4.44373e-01 
	  1   0   0   2   0   0    3.19520e-01 
	  2   0   0   1   1   0    2.68963e-01 
	  0   0   0   3   0   0    5.98841e-02 
	  1   0   1   1   1   0    -4.62460e-01 
	  1   1   1   0   0   0    -3.42225e-01 
	  3   0   0   0   1   0    4.47242e-01 
	  2   0   0   1   0   0    3.35281e-01 
	  0   0   1   0   1   0    1.77756e-01 
	  2   0   0   0   1   0    2.91096e-01 
	  0   2   0   0   0   2    -3.84594e-01 
	  0   0   0   1   1   0    -1.12511e-01 
	  1   0   0   0   1   0    -2.57421e-01 
	  0   0   1   2   1   0    -2.07912e-01 
	  1   0   0   0   3   0    3.59881e-01 
	  0   1   1   1   0   1    -5.57031e-01 
	  0   0   0   0   2   1    1.84850e-01 
	  1   0   1   0   0   0    -7.10137e-02 
	  1   0   0   1   0   1    4.99199e-01 
	  0   0   0   2   0   1    1.61783e-01 
	  0   0   1   0   2   1    -8.54926e-01 
	  1   0   1   0   0   1    -2.75614e-01 
	  0   1   2   1   0   0    -5.17821e-01 
	  0   0   0   0   0   3    8.17459e-02 
	  2   0   0   0   0   1    4.06342e-01 
	  0   1   1   0   1   0    2.48568e-01 
	  0   1   0   0   3   0    -9.97929e-02 
trapscap11
parameters 56
# exponents ... coefficient
	  1   1   0   0   0   0    1.80841e-01 
	  0   0   0   0   1   0    7.42718e-03 
	  0   0   1   0   0   0    1.62536e-01 
	  0   0   0   1   0   0    -9.45545e-02 
	  0   0   0   1   0   1    1.66311e-01 
	  0   0   0   0   0   0    2.00739e-01 
	  0   1   0   0   1   0    2.32706e-01 
	  1   0   0   0   0   0    -7.92681e-02 
	  0   1   0   0   3   0    -1.32686e-01 
	  0   0   1   1   0   0    1.45548e-01 
	  0   1   0   0   0   1    1.09648e-01 
	  1   0   0   0   2   1    -5.94029e-01 
	  1   0   0   1   0   0    1.60381e-01 
	  0   1   0   2   0   0    -1.55486e-02 
	  0   0   2   0   0   0    -1.02525e-01 
	  2   0   0   0   0   0    1.19312e-01 
	  0   0   0   0   2   2    1.94737e-01 
	  0   0   0   0   0   1    -7.48359e-02 
	  1   0   0   0   1   1    6.60571e-01 
	  0   2   0   1   0   0    -1.70960e-01 
	  0   0   0   2   0   0    5.24723e-02 
	  0   0   0   0   2   0    1.23068e-01 
	  0   1   1   0   2   0    -3.46106e-01 
	  0   0   1   0   2   1    -6.84510e-01 
	  0   1   0   0   0   0    8.54493e-02 
	  2   0   0   0   2   0    -5.62254e-02 
	  1   1   0   0   1   0    2.38282e-01 
	  0   0   0   0   0   2    1.40797e-01 
	  1   0   0   2   0   0    2.47133e-01 
	  0   1   0   2   0   1    -7.47813e-01 
	  2   0   0   1   1   0    3.59080e-01 
	  0   0   0   3   0   0    5.99130e-02 
	  0   1   0   1   1   0    1.08947e-01 
	  0   4   0   0   0   0    2.65978e-01 
	  0   2   1   0   0   0    -3.09279e-01 
	  3   0   1   0   0   0    2.80016e-01 
	  1   0   1   1   1   0    -8.02776e-01 
	  1   2   0   0   1   0    -6.92746e-01 
	  1   2   1   0   0   0    7.76082e-01 
	  0   2   0   0   0   2    -3.80194e-01 
	  1   1   0   1   0   1    -1.21539e+00 
	  0   0   1   0   1   1    5.70182e-01 
	  2   0   1   0   1   0    -8.88733e-01 
	  2   0   1   1   0   0    4.63601e-01 
	  0   0   0   0   3   1    1.78658e-01 
	  0   0   1   0   1   0    1.29742e-01 
	  0   0   0   1   2   0    -5.47017e-02 
	  1   0   0   0   1   0    -1.42827e-01 
	  1   0   0   2   1   0    2.46433e-01 
	  3   0   0   0   1   0    3.26880e-01 
	  1   0   0   0   3   0    2.50081e-01 
	  0   0   0   1   0   2    8.84774e-02 
	  0   0   1   2   0   1    -4.03543e-01 
	  2   0   0   1   0   0    2.75871e-01 
	  0   2   0   0   0   0    4.51473e-02 
	  2   1   0   0   0   1    -4.10872e-01 
trapclav1
parameters 26
# exponents ... coefficient
	  0   0   0    2.17227e-01 
	  0   0   1    -1.24040e-01 
	  0   1   0    1.07526e-01 
	  1   1   0    -1.24256e-01 
	  1   0   1    -1.06778e-01 
	  0   0   2    -6.99422e-02 
	  2   1   0    -5.71573e-02 
	  0   1   1    5.91499e-02 
	  2   1   1    -1.72353e-01 
	  0   2   0    -5.72926e-02 
	  1   3   0    -9.00116e-02 
	  2   0   1    5.88899e-02 
	  1   0   2    -8.38476e-02 
	  1   2   1    1.71229e-01 
	  2   0   2    7.59103e-02 
	  0   4   0    4.96774e-02 
	  1   2   0    5.69413e-02 
	  2   2   0    -3.14565e-02 
	  0   0   3    1.56653e-02 
	  0   1   2    2.92543e-02 
	  1   1   2    -1.17358e-01 
	  1   0   3    -4.45293e-02 
	  0   3   1    -5.67998e-02 
	  0   2   1    -2.75247e-02 
	  3   0   1    8.59292e-03 
	  1   1   1    1.15523e-02 
trapclav2
parameters 28
# exponents ... coefficient
	  0   0   0    2.09567e-01 
	  0   1   0    1.30953e-01 
	  0   0   1    -8.45110e-02 
	  1   1   0    -8.74255e-02 
	  1   0   1    -1.27432e-01 
	  0   0   2    -6.28499e-02 
	  2   1   0    -6.40452e-02 
	  0   2   0    -8.55115e-02 
	  0   1   1    5.11449e-02 
	  1   3   0    -1.55309e-01 
	  2   0   1    3.02473e-02 
	  1   0   2    -6.56672e-02 
	  2   1   1    -2.34439e-01 
	  1   1   1    9.73096e-02 
	  0   3   1    3.62773e-02 
	  1   1   2    3.64827e-02 
	  2   2   0    3.87362e-02 
	  3   0   1    1.09671e-02 
	  1   2   1    9.43024e-02 
	  1   0   3    -9.52432e-02 
	  0   2   2    -4.50787e-02 
	  0   0   3    1.61475e-02 
	  2   0   2    3.45743e-02 
	  0   2   1    -3.37744e-02 
	  1   2   0    2.45019e-02 
	  0   4   0    1.53703e-02 
	  4   0   0    4.71498e-03 
	  3   0   0    -2.03124e-03 
levscap1
parameters 37
# exponents ... coefficient
	  1   0   0   0   1   0    1.16298e-01 
	  0   0   0   0   1   1    -1.38038e-01 
	  0   0   1   0   0   0    -9.53605e-02 
	  0   0   0   1   0   0    1.07460e-01 
	  0   0   0   0   0   0    1.66210e-01 
	  0   1   1   0   0   0    -1.27043e-01 
	  0   0   0   0   1   0    -9.90126e-02 
	  1   2   0   0   0   0    -8.92871e-02 
	  1   0   0   0   2   1    5.43592e-02 
	  1   0   0   0   0   0    1.23379e-01 
	  0   0   0   0   0   1    2.38886e-01 
	  0   0   1   0   1   0    -1.45977e-01 
	  0   0   0   0   2   0    4.00720e-01 
	  0   1   0   0   1   1    -9.60556e-03 
	  0   0   0   2   0   0    -2.90003e-02 
	  0   1   2   1   0   0    7.30064e-01 
	  0   2   0   0   0   1    -9.79631e-02 
	  1   0   0   1   0   0    -5.71787e-02 
	  2   0   0   0   2   0    -2.50388e-01 
	  0   1   0   0   1   0    9.22029e-02 
	  0   3   0   0   0   0    -9.65532e-02 
	  1   1   0   0   0   0    -1.59379e-01 
	  0   0   2   0   0   1    -3.69630e-01 
	  2   0   0   0   0   2    7.30135e-01 
	  0   1   1   0   0   2    1.29431e+00 
	  0   2   0   0   1   0    1.72611e-01 
	  0   2   1   0   0   0    1.25618e-01 
	  0   0   1   2   0   1    3.00941e-01 
	  2   0   1   0   0   0    7.73529e-02 
	  1   1   0   2   0   0    3.13785e-01 
	  2   1   0   1   0   0    2.78104e-01 
	  0   1   0   1   0   2    4.20889e-01 
	  0   0   0   0   3   0    -1.94135e-01 
	  1   0   0   0   1   1    -3.53734e-01 
	  2   0   0   1   0   1    -3.32139e-01 
	  0   0   1   0   0   1    3.17234e-02 
	  0   3   0   0   1   0    1.70241e-01 
levscap2
parameters 38
# exponents ... coefficient
	  1   0   0   0   1   0    9.52089e-02 
	  0   0   0   1   0   0    9.52999e-02 
	  0   0   0   0   1   1    -1.33077e-01 
	  0   0   1   0   0   0    -1.53855e-01 
	  0   0   0   0   0   0    1.34956e-01 
	  0   0   0   0   1   0    -5.48063e-02 
	  1   2   1   0   0   0    8.44950e-02 
	  0   1   0   0   2   1    1.62630e-01 
	  1   0   0   0   2   1    -3.33298e-01 
	  1   0   0   0   0   0    1.14850e-01 
	  0   0   0   0   0   1    1.97059e-01 
	  0   0   0   0   2   0    2.44540e-01 
	  1   3   0   0   0   0    1.85383e-01 
	  0   1   0   0   1   0    9.75648e-02 
	  0   1   1   0   0   0    -1.58419e-01 
	  1   1   0   0   1   0    -7.71165e-01 
	  0   3   0   0   0   0    -8.82126e-02 
	  0   0   0   0   0   2    1.40643e-01 
	  0   1   1   0   2   0    3.95604e-01 
	  1   0   0   0   3   0    -1.68106e-01 
	  0   1   0   2   0   0    2.68502e-02 
	  0   0   1   0   0   1    1.80742e-01 
	  1   0   2   1   0   0    -5.34722e-01 
	  0   0   0   1   2   1    -1.41326e-01 
	  0   0   1   1   0   1    -2.50634e-01 
	  1   0   1   0   0   1    -3.90840e-01 
	  0   3   0   0   0   1    1.94275e-01 
	  0   2   0   0   1   0    1.05860e-01 
	  1   1   0   0   2   0    7.79900e-01 
	  0   1   0   0   0   0    2.16567e-02 
	  0   2   1   0   0   0    1.81836e-01 
	  0   1   1   0   0   1    2.54891e-01 
	  0   1   0   1   0   0    -1.34307e-02 
	  0   0   0   0   0   3    -1.70854e-01 
	  0   1   0   0   0   1    -6.36285e-02 
	  1   0   1   0   0   0    2.88841e-02 
	  0   1   2   0   0   1    1.00125e+00 
	  0   0   1   0   0   2    -2.91191e-01 
pectmin1
parameters 31
# exponents ... coefficient
	  0   0   1   0   0   0    1.85289e-01 
	  0   0   0   0   0   0    9.30100e-02 
	  0   1   0   0   1   0    2.76353e-02 
	  1   1   0   0   0   0    7.88645e-02 
	  0   1   0   1   1   0    -1.93896e-01 
	  0   0   1   0   1   0    -1.14360e-01 
	  0   0   0   0   0   2    1.26025e-01 
	  0   0   0   1   0   1    -1.06500e-01 
	  0   0   0   2   2   0    1.39700e-01 
	  0   0   0   0   2   1    -6.99346e-02 
	  1   0   1   0   1   0    4.14643e-01 
	  0   0   1   1   1   0    1.69620e-01 
	  0   1   0   2   0   0    -1.16517e-01 
	  2   0   2   0   0   0    -3.25959e-01 
	  2   1   0   0   1   0    -8.67061e-02 
	  0   0   0   0   4   0    1.54513e-01 
	  0   0   0   0   3   0    -6.70813e-02 
	  0   1   0   0   0   0    -5.66713e-02 
	  0   0   0   1   1   2    -1.73475e-01 
	  1   0   1   0   0   1    6.90252e-02 
	  0   1   1   0   0   0    8.31081e-02 
	  1   0   0   0   2   0    -4.25756e-02 
	  0   2   0   0   0   0    2.45521e-02 
	  1   1   0   1   0   0    -2.16839e-01 
	  0   1   0   1   2   0    5.62058e-01 
	  1   1   0   0   2   0    3.18270e-01 
	  0   1   1   1   1   0    4.04650e-01 
	  0   0   0   4   0   0    3.21569e-02 
	  0   1   1   0   0   1    -9.36870e-02 
	  0   1   0   0   3   0    -1.38592e-01 
	  1   0   1   0   2   0    -3.52795e-01 
pectmin2
parameters 70
# exponents ... coefficient
	  0   0   1   0   0   0    2.07173e-01 
	  0   0   0   0   0   0    1.13030e-01 
	  0   1   0   0   1   0    -2.10440e-02 
	  1   1   0   0   1   0    -3.92272e-01 
	  0   0   0   0   1   1    -1.39653e-01 
	  0   0   1   0   2   0    -3.06007e-01 
	  0   0   0   2   2   0    1.15276e-01 
	  0   0   1   1   0   0    -1.72271e-02 
	  1   0   1   0   2   0    1.17060e-01 
	  0   0   0   0   0   2    1.21131e-01 
	  0   0   0   1   1   1    -4.61684e-02 
	  1   0   0   1   0   0    9.18450e-02 
	  0   0   1   0   0   1    8.42920e-02 
	  1   1   0   0   2   0    1.85660e-01 
	  0   1   0   2   0   0    3.21684e-03 
	  0   0   0   1   0   0    4.45806e-02 
	  0   1   0   1   0   0    4.71262e-02 
	  0   0   2   0   0   0    -5.13170e-02 
	  1   0   1   0   0   0    7.29656e-02 
	  0   0   0   2   0   0    5.93344e-02 
	  0   2   0   0   0   1    3.33920e-02 
	  2   0   0   0   2   0    1.81148e-02 
	  0   0   0   0   4   0    1.31027e-01 
	  0   1   0   0   0   0    -5.16088e-02 
	  0   1   1   0   0   0    8.13314e-02 
	  1   0   0   0   3   0    -1.29208e-01 
	  0   1   0   1   1   0    -4.15060e-02 
	  1   0   0   0   0   0    6.32500e-02 
	  0   0   0   1   2   0    -1.47688e-01 
	  0   0   0   0   1   0    -1.69112e-02 
	  0   2   0   0   0   0    4.79310e-02 
	  0   0   0   1   0   1    -9.65045e-02 
	  0   0   0   1   0   2    -5.40359e-02 
	  0   0   1   2   1   0    6.14101e-02 
	  2   0   0   0   1   1    3.77433e-01 
	  1   0   0   1   0   1    1.44597e-01 
	  1   1   0   0   0   0    3.15473e-01 
	  1   0   2   0   0   0    -1.79859e-01 
	  1   1   1   0   0   0    -4.14651e-01 
	  2   1   0   0   1   0    2.71048e-01 
	  0   0   2   1   0   0    -9.36120e-02 
	  1   1   0   0   1   1    2.91349e-01 
	  0   1   0   0   1   1    -6.71435e-02 
	  0   0   1   0   3   0    3.26072e-01 
	  0   1   2   0   1   0    -2.36068e-01 
	  0   0   1   0   0   2    -5.25926e-02 
	  1   0   0   0   1   0    -1.36701e-01 
	  1   0   1   1   1   0    -1.63224e-01 
	  0   2   1   0   1   0    -1.81749e-01 
	  0   1   1   1   1   0    -1.79332e-01 
	  2   0   0   0   0   0    4.05609e-02 
	  0   0   0   0   2   1    6.95391e-02 
	  0   1   0   3   0   0    3.14768e-02 
	  1   0   0   2   0   0    -1.19757e-01 
	  2   0   1   0   0   0    -1.08828e-01 
	  0   0   0   3   0   0    -4.10200e-02 
	  2   0   0   1   0   0    -5.19936e-02 
	  0   3   0   0   1   0    1.19522e-01 
	  1   2   0   0   1   0    1.48398e-01 
	  0   0   0   2   0   1    3.45712e-02 
	  1   0   0   3   0   0    -3.92952e-02 
	  1   0   0   0   2   1    -1.15285e-01 
	  0   0   1   2   0   0    -6.33915e-02 
	  1   0   0   0   1   2    9.76805e-02 
	  0   0   3   0   0   0    -3.98495e-02 
	  1   1   1   0   1   0    6.62464e-01 
	  0   0   2   0   2   0    1.06805e-01 
	  1   0   1   0   0   1    4.87859e-02 
	  0   1   1   2   0   0    1.24131e-01 
	  2   1   1   0   0   0    -2.65409e-01 
pectmin3
parameters 33
# exponents ... coefficient
	  0   0   1   0   0   0    2.60914e-01 
	  0   1   0   0   1   0    -7.71130e-02 
	  0   0   0   0   1   1    -1.23097e-01 
	  1   1   0   0   1   0    9.32985e-01 
	  0   0   0   0   0   0    8.27896e-02 
	  0   0   1   0   2   0    -2.76615e-01 
	  0   0   1   1   0   0    6.34356e-02 
	  0   1   0   2   1   0    -3.80619e-01 
	  1   0   1   0   1   0    3.45200e-01 
	  1   0   0   1   0   0    1.10161e-01 
	  0   2   0   1   1   0    4.15821e-01 
	  0   2   0   0   0   2    4.92282e-01 
	  1   1   0   0   2   0    -3.26743e-01 
	  0   2   0   1   0   1    -3.99996e-01 
	  0   0   0   1   1   0    1.53737e-01 
	  0   0   0   2   0   0    4.54947e-02 
	  0   0   0   0   0   1    9.11579e-03 
	  0   0   0   1   1   2    -5.60200e-01 
	  0   1   1   0   0   0    1.40914e-01 
	  0   2   0   0   0   0    1.78738e-01 
	  0   1   0   1   2   0    1.70825e-02 
	  1   0   1   0   0   1    3.86339e-01 
	  0   0   0   0   0   2    6.54364e-02 
	  0   1   0   0   3   0    -4.06168e-01 
	  0   0   0   2   0   1    1.31417e-01 
	  0   0   0   3   1   0    -1.50082e-01 
	  2   0   0   0   0   0    1.02193e-01 
	  2   0   0   0   2   0    -2.80443e-01 
	  0   0   0   1   2   0    -2.02620e-01 
	  0   2   0   0   2   0    -4.95880e-01 
	  1   2   0   0   1   0    6.80653e-01 
	  0   1   0   1   1   0    3.36905e-01 
	  1   1   0   2   0   0    3.40170e-01 
pectmin4
parameters 52
# exponents ... coefficient
	  0   0   1   0   0   0    2.31517e-01 
	  0   0   0   0   0   0    1.04797e-01 
	  0   2   0   0   0   0    1.38048e-01 
	  1   1   0   0   0   0    2.38246e-01 
	  0   0   0   0   1   1    -1.07918e-01 
	  0   0   1   0   3   0    4.44216e-02 
	  0   1   0   2   1   0    -1.72341e-01 
	  1   0   0   1   0   0    1.96717e-01 
	  1   0   1   0   0   0    6.66102e-02 
	  0   0   1   1   0   0    -3.73451e-02 
	  0   1   0   0   1   0    -3.28236e-02 
	  0   0   0   0   3   0    1.99766e-01 
	  0   1   0   0   0   2    -2.23218e-03 
	  1   0   1   0   0   1    9.61258e-02 
	  0   1   0   1   1   1    1.08919e-01 
	  0   0   0   2   0   0    1.21390e-01 
	  2   0   0   0   0   0    1.12368e-01 
	  0   1   0   0   2   1    9.11585e-02 
	  0   0   1   0   0   1    1.31122e-01 
	  0   0   0   1   0   0    8.52570e-02 
	  0   1   0   1   0   0    8.42780e-02 
	  1   0   0   0   0   2    1.46473e-01 
	  0   1   1   0   1   0    1.94015e-01 
	  0   1   0   0   3   0    -1.00033e-01 
	  2   1   0   0   1   0    -4.30106e-01 
	  0   1   0   0   0   1    -6.79995e-02 
	  3   0   0   0   0   1    5.49733e-01 
	  1   0   0   0   3   0    -2.80041e-01 
	  0   0   0   1   3   0    -9.79689e-02 
	  0   1   0   0   0   0    -2.34727e-02 
	  1   0   0   0   0   0    5.68433e-02 
	  0   0   0   0   0   2    1.25446e-01 
	  0   0   0   1   0   1    -1.07022e-01 
	  0   0   0   0   2   0    -1.23279e-01 
	  2   0   0   1   0   1    2.80158e-01 
	  0   1   1   2   0   0    3.07221e-01 
	  1   1   1   0   1   0    -1.02384e+00 
	  1   0   2   0   1   0    -5.80244e-01 
	  0   0   2   1   1   0    -1.88196e-01 
	  0   1   0   2   0   1    2.49710e-01 
	  0   0   1   0   2   0    -9.66020e-02 
	  2   1   0   0   0   0    3.87968e-01 
	  1   1   0   0   0   1    1.73210e-01 
	  0   0   0   1   1   0    -1.08272e-01 
	  1   0   1   1   0   0    -3.27361e-01 
	  1   0   0   0   1   0    -7.23581e-02 
	  0   0   1   2   1   0    -3.75132e-01 
	  0   1   1   1   1   0    -4.80720e-01 
	  2   0   1   0   0   0    -1.63506e-01 
	  0   1   2   0   1   0    -3.81352e-01 
	  0   2   1   0   1   0    -4.46238e-01 
	  0   3   0   0   1   0    1.60922e-01 
rhomboid1
parameters 38
# exponents ... coefficient
	  1   0   0   0   2   0    -5.49531e-01 
	  0   0   0   0   1   1    -2.52260e-01 
	  0   1   0   1   0   0    -1.28768e-01 
	  0   0   1   0   0   0    -8.51285e-04 
	  0   0   0   0   0   0    1.29419e-01 
	  0   1   0   0   0   0    1.43977e-01 
	  0   0   0   1   0   0    5.96414e-02 
	  0   0   0   0   1   0    -6.38913e-02 
	  1   0   0   0   1   0    4.97421e-01 
	  1   2   0   0   0   0    9.09130e-02 
	  0   0   0   0   0   1    2.53059e-01 
	  0   0   0   0   2   0    3.08449e-01 
	  0   0   0   0   0   2    1.50331e-01 
	  0   0   1   0   0   1    3.76792e-02 
	  0   1   0   0   2   0    1.58355e-01 
	  0   0   1   0   1   0    -1.39838e-01 
	  0   0   1   1   0   0    6.04470e-02 
	  0   0   2   0   0   0    -9.22758e-02 
	  1   1   0   0   0   0    -2.09769e-01 
	  0   4   0   0   0   0    3.00196e-01 
	  0   0   0   1   0   1    1.54400e-01 
	  2   1   1   0   0   0    3.20372e-02 
	  0   0   1   2   0   0    -1.03039e-01 
	  0   0   0   1   0   2    -3.56457e-01 
	  0   1   0   0   0   1    -9.67370e-02 
	  1   0   0   2   1   0    -1.92027e-01 
	  3   0   0   0   0   0    7.43125e-02 
	  1   0   0   0   0   1    1.32630e-01 
	  1   1   0   0   0   2    9.62303e-01 
	  0   2   1   1   0   0    -6.27375e-01 
	  0   1   0   1   2   0    1.68348e-01 
	  1   1   2   0   0   0    -5.31275e-01 
	  0   0   1   1   0   1    -3.78868e-01 
	  1   0   1   1   0   0    -2.00149e-01 
	  0   0   1   1   1   0    2.11045e-01 
	  1   1   1   0   0   1    1.02358e+00 
	  0   2   0   0   0   2    -4.87310e-01 
	  1   0   0   0   2   1    -2.56834e-01 
rhomboid2
parameters 58
# exponents ... coefficient
	  1   0   0   0   1   0    -1.01150e-01 
	  0   0   0   0   0   1    3.46070e-01 
	  0   1   0   0   0   0    9.68289e-02 
	  0   0   0   0   0   0    1.58967e-01 
	  0   0   0   1   0   0    1.42494e-01 
	  0   0   1   0   0   0    1.29076e-02 
	  0   0   0   0   1   0    2.01214e-02 
	  1   0   0   0   0   0    2.08602e-01 
	  1   0   1   0   1   0    -1.02558e-02 
	  0   0   0   1   2   0    -7.89419e-01 
	  1   2   0   0   0   0    2.46503e-01 
	  1   0   0   0   1   1    -2.14936e-01 
	  0   0   2   0   1   0    -2.97277e-01 
	  0   1   0   1   2   0    4.05179e-01 
	  0   0   0   0   3   0    4.95203e-01 
	  0   1   0   0   2   0    3.90205e-01 
	  0   1   1   0   1   0    1.92827e-01 
	  0   1   0   0   2   1    -7.43578e-02 
	  0   4   0   0   0   0    -1.35750e-01 
	  0   0   1   2   0   0    -2.33481e-01 
	  2   1   1   0   0   0    1.31352e-02 
	  1   1   0   0   1   0    -4.84556e-01 
	  0   0   0   2   1   1    -4.30240e-01 
	  0   0   0   1   3   0    7.80621e-01 
	  0   1   0   3   0   0    -3.82825e-02 
	  0   2   0   1   1   0    -3.03476e-01 
	  0   1   1   2   0   0    -2.20633e-01 
	  0   1   0   1   1   0    -5.96075e-01 
	  1   2   0   0   1   0    -7.09952e-01 
	  0   0   1   1   2   0    4.04835e-01 
	  0   2   1   1   0   0    -4.23436e-01 
	  0   0   0   0   1   1    -1.77718e-01 
	  0   3   0   0   0   1    1.89050e-01 
	  0   3   0   0   0   0    -2.83447e-01 
	  0   0   0   0   4   0    -3.57717e-01 
	  0   1   1   0   0   1    1.19873e-01 
	  0   0   0   1   1   1    1.45764e-01 
	  1   0   1   1   0   0    -2.23527e-01 
	  1   0   0   2   1   0    -2.04717e-01 
	  0   2   0   0   0   2    -9.05415e-02 
	  2   1   0   1   0   0    4.80546e-01 
	  0   2   0   1   0   1    -2.25321e-01 
	  0   1   0   0   3   0    -2.40147e-01 
	  0   0   2   0   2   0    2.93696e-01 
	  0   0   2   1   0   1    4.56475e-01 
	  0   0   1   2   0   1    3.04881e-01 
	  0   0   0   2   0   2    2.53529e-01 
	  0   0   1   0   1   0    -5.57135e-02 
	  2   1   0   0   1   0    1.99947e-01 
	  1   1   0   1   0   1    5.57936e-01 
	  1   0   1   0   0   0    -8.08455e-02 
	  1   1   1   0   0   0    -1.65717e-01 
	  0   1   2   0   0   1    4.26264e-01 
	  0   0   1   0   0   2    -1.48866e-01 
	  0   0   0   0   0   3    -8.89649e-02 
	  0   1   0   2   0   0    3.57863e-02 
	  0   2   0   0   0   1    -2.01499e-01 
	  1   0   1   0   1   1    -1.55844e-01 
rhomboid3
parameters 55
# exponents ... coefficient
	  1   0   0   0   1   0    -8.88872e-02 
	  0   0   0   0   0   1    3.51197e-01 
	  0   1   0   0   0   0    8.13545e-02 
	  0   0   0   1   0   0    2.24839e-01 
	  0   0   0   0   0   0    1.51791e-01 
	  0   0   1   0   0   0    -5.17934e-03 
	  0   0   0   0   1   0    -2.23843e-02 
	  1   0   0   0   0   0    2.14810e-01 
	  1   3   0   0   0   0    2.57765e-01 
	  1   0   1   0   1   0    -2.77949e-01 
	  0   0   0   1   2   0    3.87682e-01 
	  1   0   0   0   1   1    -2.23769e-01 
	  0   1   0   0   1   0    1.99282e-01 
	  0   1   1   0   1   0    4.96003e-01 
	  0   2   0   0   0   0    1.59202e-01 
	  0   0   0   0   3   0    6.19601e-01 
	  0   2   0   0   1   1    6.85492e-01 
	  0   1   0   1   2   0    -1.00106e-01 
	  1   1   0   0   0   0    -2.05090e-01 
	  0   0   2   0   0   0    -4.37492e-02 
	  1   1   1   0   1   0    -2.79438e-01 
	  0   0   1   1   0   0    3.11196e-02 
	  0   1   0   2   0   0    7.14556e-02 
	  0   0   0   1   2   1    3.61785e-01 
	  0   2   1   1   0   0    -3.52328e-01 
	  0   0   0   0   1   1    -1.65344e-01 
	  0   0   0   1   1   2    -2.66478e-01 
	  0   4   0   0   0   0    2.73390e-01 
	  0   3   0   1   0   0    4.54902e-01 
	  0   1   0   1   0   0    -1.60038e-01 
	  0   0   0   1   3   0    -2.61534e-01 
	  1   1   1   0   0   1    3.95742e-01 
	  0   0   0   0   4   0    -4.60449e-01 
	  1   0   0   2   1   0    -5.58702e-01 
	  3   0   0   0   0   0    -3.00360e-02 
	  0   0   0   3   1   0    -1.14878e-01 
	  0   2   0   0   0   1    -6.35159e-01 
	  0   2   0   0   0   2    -3.86863e-01 
	  0   0   1   2   1   0    -2.28623e-01 
	  0   0   2   2   0   0    1.01781e-01 
	  0   0   0   2   0   1    -1.66237e-01 
	  1   1   0   1   0   1    7.58039e-01 
	  2   0   0   0   2   0    -3.21250e-02 
	  2   1   0   1   0   0    3.20198e-01 
	  1   0   0   1   2   0    3.66718e-01 
	  0   0   0   2   2   0    1.79227e-01 
	  2   0   0   1   1   0    -4.12799e-01 
	  0   0   1   3   0   0    1.16081e-01 
	  0   1   1   0   2   0    -3.98953e-01 
	  0   1   1   2   0   0    -3.98592e-01 
	  0   0   0   1   1   0    -4.86838e-01 
	  2   0   0   0   0   0    2.32373e-02 
	  0   2   1   0   0   1    -4.01295e-01 
	  2   0   1   0   0   0    6.53404e-02 
	  0   2   0   0   1   0    -1.21002e-01 
rhomboid4
parameters 56
# exponents ... coefficient
	  1   0   0   0   1   0    -1.99473e-01 
	  0   0   0   0   0   1    3.73074e-01 
	  0   1   0   1   0   0    -2.92104e-01 
	  0   1   0   0   0   0    8.18381e-02 
	  0   0   0   0   0   0    1.40811e-01 
	  0   0   0   1   0   0    1.55456e-01 
	  1   0   1   0   0   0    -1.35666e-01 
	  0   0   0   0   1   0    3.96200e-03 
	  1   0   0   0   0   0    2.44449e-01 
	  1   2   0   0   0   0    -7.84607e-02 
	  0   2   1   0   1   0    -3.31556e-01 
	  0   0   0   1   2   0    -9.28480e-01 
	  1   1   0   0   1   1    4.14897e-01 
	  0   0   1   0   0   0    3.83476e-02 
	  0   1   0   0   1   0    2.38993e-01 
	  0   0   0   0   4   0    -4.04279e-01 
	  0   4   0   0   0   0    8.00920e-02 
	  0   1   1   0   0   0    1.41399e-01 
	  1   0   0   1   1   1    -2.59082e-01 
	  0   2   0   0   1   1    1.45475e+00 
	  1   0   0   0   2   1    -2.67922e-01 
	  1   1   1   0   0   0    5.49094e-02 
	  1   1   0   0   0   0    -2.40022e-01 
	  0   2   0   1   0   0    -2.60176e-01 
	  1   0   0   1   0   0    1.52457e-01 
	  2   0   0   0   0   0    1.25164e-01 
	  0   0   0   2   1   0    1.44660e-01 
	  0   0   2   0   1   0    -6.59754e-02 
	  0   0   0   2   1   1    -8.33766e-01 
	  1   0   0   2   1   0    -6.50026e-01 
	  0   0   0   1   3   0    8.52277e-01 
	  0   3   0   0   0   0    -4.41384e-01 
	  2   0   0   1   0   0    -2.28081e-01 
	  0   0   1   2   1   0    -2.96549e-01 
	  0   1   1   2   0   0    -2.29720e-01 
	  0   0   0   0   3   0    5.61805e-01 
	  0   0   0   3   1   0    -1.80453e-01 
	  0   0   0   1   1   1    2.45874e-01 
	  0   0   0   0   1   1    -1.77887e-01 
	  0   3   0   0   0   1    6.67620e-01 
	  0   1   0   1   0   1    2.65683e-01 
	  1   1   1   0   0   1    6.78648e-01 
	  0   0   1   1   2   0    1.20961e-01 
	  1   2   1   0   0   0    6.52541e-01 
	  1   1   1   1   0   0    3.39771e-01 
	  0   2   0   0   0   1    -6.76404e-01 
	  0   0   0   2   0   2    7.49922e-01 
	  0   3   0   0   1   0    4.20841e-01 
	  0   2   0   0   0   2    -5.24730e-01 
	  0   0   1   2   0   1    2.38688e-01 
	  1   0   0   2   0   1    4.43213e-01 
	  2   0   0   0   1   0    -1.75652e-01 
	  1   0   0   0   3   0    1.62770e-01 
	  1   1   0   1   0   0    1.22888e-01 
	  0   1   0   3   0   0    -1.15769e-01 
	  0   0   1   0   3   0    -3.02866e-02 
rhomboid5
parameters 45
# exponents ... coefficient
	  1   0   0   0   1   0    -2.58381e-01 
	  0   0   0   0   0   1    3.96822e-01 
	  0   1   0   1   0   0    -2.82540e-01 
	  0   1   0   0   0   0    8.95234e-02 
	  0   0   0   0   0   0    1.36734e-01 
	  0   0   0   1   0   0    2.46768e-01 
	  0   0   0   0   1   0    -2.57247e-02 
	  1   1   1   0   1   0    1.08716e-01 
	  0   0   1   0   0   0    6.79447e-02 
	  1   2   0   0   0   0    9.69262e-01 
	  1   0   0   0   0   0    2.92820e-01 
	  0   0   0   1   1   0    -5.59201e-01 
	  1   1   0   0   1   1    6.45969e-01 
	  0   2   1   0   0   0    -3.23552e-01 
	  1   0   1   0   0   0    -1.92234e-01 
	  0   1   0   0   1   0    2.68180e-01 
	  0   0   0   0   3   0    6.50441e-01 
	  0   4   0   0   0   0    1.85260e-01 
	  0   3   0   0   0   1    1.01632e+00 
	  1   0   0   1   1   1    -2.93306e-02 
	  0   1   1   0   1   0    4.83272e-01 
	  0   0   1   1   0   0    1.38647e-02 
	  0   0   0   0   1   1    -1.93668e-01 
	  2   1   0   0   0   0    -7.24463e-01 
	  2   0   0   1   0   0    -3.00989e-01 
	  0   0   0   1   0   1    1.29671e-01 
	  3   0   0   0   0   0    -2.34764e-02 
	  0   0   0   4   0   0    6.32250e-02 
	  1   0   0   1   0   0    1.93498e-01 
	  1   2   0   0   1   0    -2.09447e+00 
	  0   1   0   1   0   1    3.12040e-01 
	  0   0   0   2   1   0    2.06338e-01 
	  1   0   0   2   0   0    -4.70149e-01 
	  0   0   0   3   0   0    -1.25070e-01 
	  3   0   0   0   1   0    2.71858e-02 
	  0   0   0   2   0   1    -2.09874e-01 
	  1   1   0   0   2   0    -1.02834e+00 
	  2   0   0   0   0   0    8.07021e-02 
	  0   3   0   1   0   0    4.67635e-01 
	  0   1   1   0   2   0    -4.08876e-01 
	  2   1   0   0   1   0    1.38918e+00 
	  0   0   0   0   4   0    -4.57807e-01 
	  0   0   0   1   2   0    2.43091e-01 
	  0   3   0   0   0   0    -2.39656e-01 
	  1   2   1   0   0   0    7.26013e-01 
serrant1
parameters 18
# exponents ... coefficient
	  0   0   0   1   0   0    -3.11993e-01 
	  1   0   0   0   0   0    -3.65354e-01 
	  0   1   0   0   1   0    -8.12232e-01 
	  0   0   1   0   1   0    2.80277e-01 
	  0   0   0   0   0   1    -2.19259e-01 
	  0   0   0   0   0   0    1.20408e-01 
	  0   0   0   0   2   2    2.19556e+00 
	  0   1   1   0   1   0    1.80401e+00 
	  0   2   0   0   0   0    2.88858e-01 
	  0   0   0   0   4   0    2.92709e-01 
	  0   1   0   0   2   0    1.23319e+00 
	  0   0   1   0   2   1    3.20085e+00 
	  0   0   2   0   2   0    2.17270e+00 
	  1   0   0   0   2   1    2.23235e+00 
	  0   0   1   0   3   0    8.03811e-01 
	  1   1   0   0   1   1    3.21125e+00 
	  1   0   1   0   1   0    5.71100e-01 
	  2   1   0   0   0   0    3.06184e-01 
serrant2
parameters 20
# exponents ... coefficient
	  0   0   0   1   0   0    -3.05061e-01 
	  1   0   0   0   0   0    -3.43396e-01 
	  0   1   0   0   1   0    3.11835e-01 
	  0   0   0   0   0   1    -2.00101e-01 
	  0   0   1   0   1   0    3.52624e-01 
	  0   0   0   0   0   0    1.15341e-01 
	  0   0   0   0   1   2    1.33268e+00 
	  0   1   1   0   0   0    7.75053e-01 
	  0   2   0   0   0   0    1.45030e-01 
	  0   0   2   0   2   0    2.14575e+00 
	  0   0   1   0   2   1    2.88893e+00 
	  1   0   0   0   2   1    1.90505e+00 
	  1   1   0   0   1   1    2.27125e+00 
	  0   2   0   0   1   0    2.23303e-01 
	  0   0   0   0   3   0    1.88878e-01 
	  1   0   1   0   2   0    1.07070e+00 
	  0   1   0   0   0   0    -3.14026e-01 
	  0   1   0   0   0   2    9.47016e-01 
	  1   1   0   0   2   0    4.82061e-01 
	  0   1   1   1   0   1    -3.20775e+00 
serrant3
parameters 29
# exponents ... coefficient
	  0   0   0   1   0   0    -2.74542e-01 
	  1   0   0   0   0   0    -3.13479e-01 
	  0   1   0   0   1   0    -3.74937e-01 
	  0   0   0   1   0   1    -5.12894e-02 
	  0   0   0   0   0   0    1.14424e-01 
	  0   0   1   0   2   0    1.23370e-01 
	  0   0   0   0   0   1    -2.36933e-01 
	  0   0   2   0   2   0    2.37792e+00 
	  0   1   1   0   1   0    1.66874e+00 
	  0   2   0   0   0   0    -1.39826e-01 
	  0   0   0   0   2   1    2.29994e-01 
	  0   2   0   0   1   0    8.73738e-01 
	  0   0   0   0   3   0    2.41233e-01 
	  0   1   0   0   2   0    1.12065e+00 
	  0   1   1   0   0   2    -2.75013e+00 
	  0   0   2   0   0   1    1.00003e+00 
	  0   0   0   0   0   2    5.02666e-01 
	  1   0   0   0   2   1    1.82517e+00 
	  0   0   0   1   1   2    2.67342e+00 
	  1   1   0   0   1   1    4.29065e+00 
	  0   0   1   0   2   1    2.16511e+00 
	  0   0   1   1   2   0    -1.23201e+00 
	  0   1   0   0   0   2    6.05503e-01 
	  0   1   0   0   0   0    -2.34755e-01 
	  0   0   1   0   3   0    1.00545e+00 
	  0   0   1   1   1   1    3.08096e+00 
	  1   0   0   0   1   2    2.21871e+00 
	  0   1   0   1   0   1    9.24623e-01 
	  1   0   1   0   1   1    2.12720e+00 
serrant4
parameters 24
# exponents ... coefficient
	  0   1   0   1   0   0    4.36993e-02 
	  1   0   0   0   0   0    -2.62832e-01 
	  0   1   0   0   1   0    2.87647e-01 
	  0   0   0   1   0   0    -2.48654e-01 
	  0   0   0   0   0   0    7.51187e-02 
	  0   0   0   1   0   1    1.34276e-01 
	  0   0   2   0   2   0    1.99378e+00 
	  0   0   0   0   0   1    -9.77542e-02 
	  1   0   0   0   2   1    1.62374e+00 
	  0   0   0   0   0   2    3.20591e-01 
	  0   2   0   0   0   0    2.08385e-01 
	  0   0   0   0   1   0    1.36367e-01 
	  0   1   0   0   0   0    -3.15985e-01 
	  0   3   1   0   0   0    -3.80955e-01 
	  0   0   1   0   3   0    5.41852e-01 
	  0   1   1   0   0   0    5.88253e-01 
	  0   0   0   2   1   0    -3.49954e-01 
	  0   0   1   2   0   0    4.08778e-01 
	  0   0   1   0   1   1    7.30150e-01 
	  0   1   0   0   0   1    1.96730e-01 
	  0   1   0   2   0   1    -2.31070e+00 
	  1   1   0   0   1   1    2.00758e+00 
	  0   0   1   1   2   0    -5.10809e-01 
	  1   0   0   2   1   0    6.71590e-01 
serrant5
parameters 38
# exponents ... coefficient
	  0   1   0   0   1   0    2.22832e-01 
	  0   0   0   1   0   0    -1.72748e-01 
	  1   0   0   0   0   0    -2.45099e-01 
	  0   0   0   0   0   0    1.04298e-01 
	  0   0   0   1   0   1    1.90755e-01 
	  0   0   1   0   0   0    -1.27720e-01 
	  0   0   2   0   2   0    -3.00530e-01 
	  0   1   0   1   0   0    2.92683e-02 
	  0   1   0   2   1   0    6.48533e-01 
	  1   0   0   0   1   0    1.99412e-01 
	  1   1   0   0   2   0    1.00845e+00 
	  0   2   0   0   0   0    -3.56395e-02 
	  0   2   0   0   0   1    5.90875e-01 
	  1   0   0   0   2   1    2.31499e+00 
	  0   2   1   0   0   0    2.56400e-01 
	  0   0   1   2   1   0    9.45516e-01 
	  0   0   1   0   3   0    8.64894e-01 
	  1   1   0   1   0   0    2.57664e-01 
	  0   2   0   0   1   0    3.24714e-01 
	  0   0   0   0   2   0    1.12881e-01 
	  1   0   0   0   0   2    6.74934e-01 
	  0   1   0   2   0   1    -1.30871e+00 
	  0   1   0   0   0   0    -3.30496e-01 
	  2   1   1   0   0   0    -6.39817e-01 
	  0   0   1   1   0   0    -3.58744e-01 
	  0   0   1   0   0   2    1.86494e+00 
	  0   0   0   0   1   3    1.64504e+00 
	  0   1   0   0   0   1    5.23944e-01 
	  0   0   2   0   1   1    2.17116e+00 
	  0   0   2   0   1   0    1.02325e+00 
	  0   1   1   0   0   0    3.99547e-01 
	  0   1   0   1   0   1    9.34069e-01 
	  1   1   0   0   1   1    2.42633e+00 
	  1   2   0   0   0   0    4.98779e-01 
	  1   0   1   0   1   1    1.55042e+00 
	  1   1   1   0   1   0    1.96877e+00 
	  1   0   0   0   1   1    -6.76521e-01 
	  1   0   1   1   0   0    4.99026e-01 
serrant6
parameters 25
# exponents ... coefficient
	  0   1   0   0   1   0    3.77803e-01 
	  0   0   0   1   0   0    -6.91756e-02 
	  1   0   0   0   0   0    -5.04837e-02 
	  0   0   0   0   0   0    7.78882e-02 
	  0   0   1   0   0   0    -1.40028e-01 
	  0   0   0   0   0   2    2.41480e-01 
	  0   0   1   1   1   0    -1.21717e-02 
	  0   0   2   0   2   0    1.38856e+00 
	  0   1   0   1   0   0    1.94187e-01 
	  1   0   1   0   0   0    -2.24923e-01 
	  0   0   0   0   1   0    1.22328e-01 
	  0   1   0   0   0   0    -2.90989e-01 
	  0   2   0   0   1   0    5.13758e-01 
	  0   0   1   0   3   0    5.58640e-01 
	  0   0   1   1   0   0    -2.88489e-01 
	  0   2   0   0   0   2    -2.13919e+00 
	  0   1   1   0   1   0    4.73264e-01 
	  0   0   1   0   0   2    7.19818e-01 
	  2   0   0   0   1   1    1.25221e+00 
	  2   1   0   0   0   1    2.79205e+00 
	  0   1   0   2   0   0    2.35321e-01 
	  1   1   0   0   0   0    7.80867e-02 
	  2   0   0   0   2   0    8.22561e-02 
	  0   0   1   2   0   0    2.48461e-01 
	  1   0   1   0   1   1    6.38737e-01 
serrant7
parameters 46
# exponents ... coefficient
	  0   1   0   0   1   0    -1.52281e-01 
	  0   0   0   0   0   0    5.74736e-02 
	  0   0   1   0   0   0    -1.48623e-01 
	  0   0   0   1   1   0    -4.32764e-02 
	  0   0   0   0   1   1    -8.98005e-02 
	  0   0   1   1   0   0    -3.73618e-01 
	  1   0   1   0   0   0    -1.62487e-01 
	  1   0   0   0   2   0    2.12509e-01 
	  0   0   2   0   2   0    3.47516e-01 
	  0   1   0   0   2   1    -6.02728e-01 
	  0   0   0   0   1   0    9.77412e-02 
	  0   1   0   0   0   0    -1.39719e-01 
	  0   2   0   0   1   0    4.47426e-01 
	  0   0   0   0   0   2    1.29330e-01 
	  2   0   0   0   0   0    4.70341e-02 
	  0   0   1   0   3   0    5.57493e-01 
	  0   1   1   0   2   0    4.43558e-01 
	  0   0   1   1   0   1    7.31305e-01 
	  0   1   0   1   0   0    8.14830e-02 
	  0   1   0   2   1   0    4.06435e-01 
	  1   0   0   0   3   0    -3.80455e-01 
	  0   0   2   0   0   0    2.03915e-01 
	  0   0   0   0   0   1    1.22636e-01 
	  0   1   0   0   0   1    2.97269e-01 
	  0   1   0   0   1   2    5.51345e-01 
	  1   2   0   0   0   1    9.39080e-01 
	  1   0   0   0   0   1    8.36337e-02 
	  1   1   0   0   1   1    1.48183e+00 
	  1   1   1   0   0   0    7.08317e-01 
	  1   2   0   1   0   0    -6.27900e-01 
	  1   0   1   1   1   0    6.91539e-01 
	  1   0   0   1   1   0    1.45478e-01 
	  0   0   0   2   2   0    8.96170e-02 
	  0   0   0   0   4   0    1.51195e-01 
	  0   1   0   0   2   0    5.66716e-01 
	  0   0   2   1   0   0    2.37818e-01 
	  0   0   1   0   1   2    7.76417e-01 
	  0   0   0   1   3   0    -1.13334e-01 
	  0   2   0   1   0   1    2.68867e-02 
	  0   0   0   1   0   1    1.06499e-01 
	  0   2   0   1   1   0    3.11263e-01 
	  1   1   1   1   0   0    9.87304e-01 
	  0   1   0   1   0   1    5.15382e-01 
	  1   2   1   0   0   0    9.96064e-01 
	  0   1   1   1   0   1    1.49491e+00 
	  0   1   1   0   0   1    2.18000e-01 
serrant8
parameters 39
# exponents ... coefficient
	  0   1   0   0   1   0    2.29984e-01 
	  1   0   0   0   2   0    -4.26138e-01 
	  0   0   1   0   1   0    -5.44542e-01 
	  0   0   0   0   1   0    1.39616e-01 
	  0   1   0   0   2   0    1.29131e-01 
	  0   0   0   0   1   1    -2.35780e-01 
	  0   0   1   1   0   0    -3.00580e-01 
	  0   0   0   0   0   2    2.01838e-01 
	  1   0   1   0   0   0    -3.10864e-01 
	  0   2   0   0   2   0    -3.48100e-01 
	  0   1   0   0   1   1    -4.55217e-01 
	  0   0   2   0   1   0    3.67889e-01 
	  0   0   0   1   3   0    -1.40384e-01 
	  0   2   0   1   0   1    3.03368e-01 
	  0   0   1   1   0   1    5.98573e-01 
	  0   0   1   0   3   0    -5.69751e-01 
	  0   1   0   0   0   0    -2.09939e-01 
	  2   0   0   0   0   0    1.24453e-01 
	  1   0   0   1   0   0    1.74193e-01 
	  1   0   0   0   1   0    2.47354e-01 
	  0   0   0   1   0   1    2.47235e-01 
	  0   0   1   0   0   1    -5.52343e-01 
	  0   0   0   0   0   1    1.83063e-01 
	  1   0   0   0   0   1    2.26113e-01 
	  0   2   0   0   1   0    6.18374e-01 
	  1   1   0   0   0   1    3.56345e-01 
	  0   0   1   0   1   1    7.14309e-01 
	  0   0   1   0   2   0    1.14171e+00 
	  0   1   0   1   0   1    9.03645e-01 
	  1   1   0   1   0   0    2.38488e-01 
	  0   1   0   0   0   1    3.76914e-01 
	  0   0   0   0   4   0    1.57607e-01 
	  0   1   1   1   0   1    1.80513e+00 
	  0   0   0   0   0   0    1.39543e-02 
	  0   0   0   2   0   0    3.02107e-02 
	  0   1   0   2   1   0    2.30990e-01 
	  0   0   0   0   0   3    -3.02160e-01 
	  1   0   0   0   1   2    -7.38485e-01 
	  2   0   0   0   1   1    -2.05946e-01 
serrant9
parameters 40
# exponents ... coefficient
	  0   1   0   0   1   0    5.17729e-01 
	  1   0   0   0   3   0    -2.41191e-01 
	  0   0   1   0   2   1    4.21370e+00 
	  0   0   0   0   1   0    1.94263e-01 
	  0   1   0   0   2   0    -2.76922e-01 
	  0   0   0   0   1   1    9.25476e-02 
	  0   0   0   1   0   1    3.69524e-01 
	  1   0   1   0   1   0    -1.28825e+00 
	  0   0   1   1   0   0    -2.52370e-01 
	  0   0   0   2   2   0    2.49651e-03 
	  0   2   0   0   2   0    -3.49875e-01 
	  0   0   1   0   1   1    -2.74364e+00 
	  0   1   0   1   0   1    1.59199e+00 
	  0   0   2   0   2   0    2.92193e-01 
	  2   1   0   0   0   0    -5.34161e-01 
	  1   0   0   1   1   0    6.03200e-01 
	  0   0   1   0   0   0    -2.61226e-02 
	  0   1   0   0   2   1    3.47762e-01 
	  0   0   0   0   0   2    1.57911e+00 
	  1   0   0   0   0   1    1.17237e+00 
	  2   0   0   0   0   0    1.08582e-01 
	  0   1   0   0   0   0    -2.66336e-01 
	  1   0   0   0   2   1    2.30679e+00 
	  0   0   0   0   0   0    -2.21280e-02 
	  0   0   0   0   1   2    -5.27298e+00 
	  0   0   0   0   2   2    4.92399e+00 
	  1   0   0   0   2   0    1.89508e-01 
	  1   0   1   0   2   0    1.38678e+00 
	  1   0   0   0   1   1    -3.29959e+00 
	  0   0   0   1   2   1    -9.30770e-01 
	  0   2   0   0   1   0    5.82755e-01 
	  1   0   0   1   2   0    -6.88304e-01 
	  2   1   0   0   1   0    1.02985e+00 
	  0   1   0   1   1   1    -2.48625e+00 
	  0   0   2   0   0   0    1.03356e-01 
	  0   2   0   2   0   0    -4.79692e-01 
	  1   2   0   1   0   0    -6.85288e-01 
	  0   0   0   2   0   0    2.35747e-02 
	  0   1   0   0   0   2    2.82506e-01 
	  0   0   1   0   0   3    1.01898e+00 
serrant10
parameters 32
# exponents ... coefficient
	  0   1   0   0   2   0    2.29966e-01 
	  1   0   0   0   2   0    6.24879e-02 
	  0   0   1   0   1   1    1.25758e+00 
	  0   0   0   1   3   0    1.02606e-02 
	  0   0   0   0   1   0    8.33085e-02 
	  0   2   0   0   0   0    2.24656e-01 
	  0   0   0   0   0   2    1.12475e+00 
	  1   0   1   0   2   0    1.48810e+00 
	  0   0   1   1   0   0    -2.28165e-01 
	  1   0   0   0   0   1    5.73461e-01 
	  0   1   0   0   1   0    4.26801e-02 
	  0   0   2   0   1   0    3.79884e-01 
	  2   0   0   0   2   0    -9.46906e-01 
	  0   0   0   0   1   2    -1.83310e+00 
	  0   0   0   0   0   0    -1.50068e-02 
	  1   0   1   0   1   0    -1.39170e+00 
	  0   0   1   0   0   1    -9.86853e-01 
	  0   0   1   0   3   0    -4.70512e-02 
	  0   1   0   0   0   2    2.44070e+00 
	  1   0   0   1   0   0    1.04438e-01 
	  2   0   0   0   1   0    6.72550e-01 
	  0   0   0   1   0   1    2.56564e-01 
	  0   1   0   0   0   0    -1.27968e-01 
	  1   0   0   0   2   1    -1.32629e+00 
	  0   1   0   1   1   1    1.53332e+00 
	  2   1   0   0   0   0    -1.96301e-01 
	  0   0   0   0   3   1    1.79619e-01 
	  0   0   0   0   2   0    1.38679e-01 
	  0   1   0   0   1   2    -4.19801e+00 
	  1   1   0   0   1   1    8.03002e-01 
	  0   1   0   1   0   0    -2.56481e-02 
	  0   0   1   1   0   2    1.23536e+00 
serrant11
parameters 26
# exponents ... coefficient
	  0   1   0   0   2   0    7.03784e-01 
	  0   0   1   0   0   1    -6.00343e-01 
	  0   0   0   0   1   0    1.01392e-02 
	  0   2   0   0   0   0    2.11150e-01 
	  1   0   0   0   1   1    1.50640e+00 
	  0   0   0   1   1   1    -9.43842e-02 
	  0   0   0   2   2   0    -8.57776e-03 
	  2   0   0   0   2   0    -2.09323e-01 
	  0   0   2   1   0   0    -4.37023e-02 
	  1   0   1   0   1   0    -1.40307e+00 
	  0   0   1   0   0   0    2.40407e-02 
	  0   1   0   0   1   0    -4.80752e-01 
	  0   1   0   1   0   1    7.60028e-01 
	  0   0   0   0   0   2    3.40683e-01 
	  0   0   1   1   0   0    -1.95400e-01 
	  0   0   2   0   0   0    1.74414e-01 
	  1   0   0   1   1   0    1.79065e-01 
	  0   0   0   0   2   0    2.01265e-01 
	  0   0   0   0   2   2    -7.69414e-01 
	  2   1   0   0   0   0    -2.73902e-01 
	  1   0   0   0   2   1    -2.31966e+00 
	  0   0   0   1   0   1    2.83024e-01 
	  1   0   1   0   2   0    1.43655e+00 
	  2   0   0   0   1   0    2.38981e-01 
	  0   1   1   0   1   1    -1.29819e+00 
	  0   2   0   1   0   0    9.54181e-02 
deltscap1
parameters 16
# exponents ... coefficient
	  0   0   0    1.71031e-01 
	  0   0   1    1.11361e-01 
	  1   0   0    6.03140e-02 
	  0   1   1    1.75599e-02 
	  1   1   0    -1.28373e-01 
	  0   0   2    -9.10608e-02 
	  2   0   0    -3.35227e-02 
	  0   1   0    2.04049e-02 
	  0   2   0    -2.01989e-02 
	  1   2   1    -2.15661e-01 
	  1   0   1    -4.54749e-02 
	  0   1   3    9.06135e-02 
	  4   0   0    -8.50539e-02 
	  1   1   1    1.51612e-01 
	  1   0   3    9.54478e-02 
	  1   1   2    -2.08341e-01 
deltscap2
parameters 21
# exponents ... coefficient
	  0   0   0    1.50425e-01 
	  1   0   0    5.78136e-02 
	  0   1   1    5.69125e-02 
	  0   0   1    5.88032e-02 
	  3   1   0    -8.14151e-01 
	  0   0   3    1.14022e-01 
	  1   3   0    -2.43196e-01 
	  0   1   0    9.92690e-03 
	  2   0   0    -6.55489e-02 
	  1   1   0    -8.61712e-02 
	  2   2   0    -6.68517e-01 
	  2   1   0    3.10238e-01 
	  0   0   2    -7.58642e-02 
	  3   0   0    1.72135e-01 
	  4   0   0    -2.97636e-01 
	  0   0   4    -1.85787e-01 
	  0   2   1    -4.44932e-02 
	  1   1   2    2.09448e-01 
	  1   2   0    1.23442e-01 
	  1   0   1    -2.65854e-02 
	  2   0   1    8.05475e-02 
deltscap3
parameters 19
# exponents ... coefficient
	  0   0   0    1.36523e-01 
	  1   0   0    6.17803e-02 
	  0   1   1    5.55004e-02 
	  0   0   3    -8.71612e-03 
	  2   0   2    -4.45280e-01 
	  0   1   2    2.82621e-02 
	  0   1   0    1.14096e-02 
	  1   1   0    -3.69415e-02 
	  0   0   1    1.53648e-02 
	  0   0   2    -4.49257e-02 
	  2   0   0    -6.61135e-02 
	  3   0   0    9.68557e-02 
	  2   0   1    2.23451e-01 
	  2   1   0    8.28206e-02 
	  1   0   1    -1.27354e-02 
	  0   2   0    -4.00210e-03 
	  3   0   1    -2.60582e-01 
	  1   3   0    -5.34928e-02 
	  0   1   3    -5.81467e-02 
deltscap4
parameters 22
# exponents ... coefficient
	  0   0   0    1.12698e-01 
	  1   0   0    6.14689e-02 
	  0   1   0    1.23679e-02 
	  0   0   3    -2.94898e-03 
	  0   1   1    5.36914e-02 
	  2   0   2    -1.55723e-01 
	  0   0   2    -3.05100e-02 
	  1   1   0    -2.78768e-02 
	  2   0   0    -4.43021e-02 
	  3   0   0    8.04741e-02 
	  0   0   1    2.28262e-03 
	  1   0   1    -1.94188e-02 
	  3   1   0    -2.39895e-02 
	  2   0   1    7.98185e-02 
	  1   3   0    -2.40789e-02 
	  3   0   1    -2.04808e-01 
	  2   1   0    5.09055e-02 
	  0   2   0    -2.08824e-03 
	  1   1   2    -1.82078e-01 
	  1   1   1    5.69713e-02 
	  0   1   2    1.13126e-02 
	  2   1   1    1.09539e-01 
deltscap5
parameters 27
# exponents ... coefficient
	  0   0   0    1.07347e-01 
	  1   0   0    4.85088e-02 
	  0   0   2    -3.00398e-02 
	  0   1   0    8.64935e-03 
	  2   0   1    -8.11684e-02 
	  0   1   2    -5.35619e-02 
	  0   0   1    -2.85324e-02 
	  0   1   1    5.11889e-02 
	  1   1   0    9.57589e-03 
	  1   0   1    -3.55722e-02 
	  2   0   2    1.93251e-02 
	  0   2   0    7.62297e-03 
	  0   1   3    1.03967e-01 
	  4   0   0    -9.19688e-02 
	  1   1   2    -1.67536e-01 
	  2   1   1    -1.29707e-02 
	  2   0   0    -1.25578e-02 
	  1   3   0    -1.28296e-03 
	  0   3   0    -9.12847e-03 
	  2   1   0    3.25578e-02 
	  1   0   3    5.58090e-02 
	  1   1   1    3.68426e-02 
	  0   0   4    -2.86217e-02 
	  3   0   1    6.79323e-02 
	  0   3   1    2.06827e-02 
	  1   2   0    -1.10682e-02 
	  0   0   3    1.98847e-02 
deltscap6
parameters 22
# exponents ... coefficient
	  0   0   0    1.43675e-01 
	  1   0   0    6.22996e-02 
	  0   1   0    8.64432e-03 
	  0   0   2    -4.03867e-02 
	  0   1   1    6.23427e-02 
	  2   0   1    1.21737e-02 
	  0   0   1    -1.01083e-02 
	  2   0   0    -5.34145e-02 
	  1   1   0    -1.65486e-02 
	  3   0   0    7.85493e-02 
	  3   0   1    -2.74534e-01 
	  2   1   0    5.54330e-02 
	  1   0   1    1.90969e-03 
	  2   1   1    -1.42167e-01 
	  1   3   0    -3.33084e-02 
	  0   2   0    5.23471e-03 
	  3   1   0    9.44705e-02 
	  1   0   2    -7.04314e-02 
	  1   0   3    9.17247e-02 
	  0   0   4    -1.27791e-02 
	  0   2   2    -3.19510e-02 
	  0   3   0    -5.61036e-03 
deltscap7
parameters 18
# exponents ... coefficient
	  0   0   0    1.59840e-01 
	  1   0   0    5.95772e-02 
	  0   0   2    -3.73562e-02 
	  0   1   1    6.15362e-02 
	  2   0   1    -6.02261e-03 
	  0   0   1    -1.58423e-02 
	  0   1   0    6.13629e-03 
	  2   0   0    -4.36774e-02 
	  3   0   0    5.26884e-02 
	  3   0   1    -1.91378e-01 
	  0   2   0    3.37504e-03 
	  1   3   0    -2.80820e-03 
	  3   1   0    1.31769e-01 
	  1   0   1    -8.34168e-03 
	  2   1   1    -1.68168e-01 
	  1   2   0    -3.07569e-02 
	  2   1   0    3.14803e-02 
	  1   2   1    4.16204e-02 
deltscap8
parameters 25
# exponents ... coefficient
	  0   0   0    1.41660e-01 
	  1   0   0    4.80472e-02 
	  0   0   2    -4.19420e-02 
	  0   1   0    4.71309e-03 
	  2   0   1    -1.36540e-01 
	  0   1   2    -4.75029e-02 
	  0   0   1    -2.91434e-02 
	  0   1   1    4.79975e-02 
	  1   1   0    1.42525e-02 
	  2   0   2    1.43880e-01 
	  0   2   0    7.45529e-03 
	  1   0   1    -2.34749e-02 
	  2   0   0    -2.00971e-02 
	  0   1   3    9.67704e-02 
	  0   0   4    -4.57677e-02 
	  1   0   3    3.60912e-02 
	  1   3   0    9.69792e-03 
	  4   0   0    -9.43933e-02 
	  1   1   2    -8.99857e-02 
	  2   1   0    2.71248e-02 
	  0   3   0    -4.46298e-03 
	  1   2   0    -2.32237e-02 
	  3   0   0    2.74345e-02 
	  0   0   3    2.85421e-02 
	  0   2   1    8.62984e-03 
deltscap9
parameters 26
# exponents ... coefficient
	  0   0   0    1.50618e-01 
	  0   0   1    -3.82406e-02 
	  0   1   1    4.25916e-02 
	  1   0   0    4.20726e-02 
	  2   0   1    -6.50259e-02 
	  0   1   0    6.69678e-03 
	  0   0   2    -3.82367e-02 
	  1   1   0    2.38652e-02 
	  2   0   2    4.18092e-02 
	  1   0   1    -5.59838e-02 
	  2   0   0    -2.84769e-02 
	  0   2   1    3.53331e-02 
	  0   2   2    -3.60546e-02 
	  3   0   0    -4.95431e-02 
	  1   0   2    5.53428e-02 
	  0   1   3    1.27978e-01 
	  0   1   2    -6.78838e-02 
	  1   1   2    -7.41824e-02 
	  0   0   4    -6.90320e-02 
	  2   1   0    4.69567e-02 
	  3   1   0    -2.38589e-02 
	  0   0   3    5.35994e-02 
	  1   2   0    -1.10847e-02 
	  3   0   1    1.49722e-01 
	  2   1   1    -9.24233e-02 
	  4   0   0    -4.62038e-02 
deltscap10
parameters 25
# exponents ... coefficient
	  0   0   0    1.40266e-01 
	  0   0   1    -5.06935e-02 
	  0   1   0    5.46711e-03 
	  1   1   0    3.42996e-02 
	  2   1   0    1.79738e-02 
	  1   0   0    2.62027e-02 
	  2   0   0    -5.71698e-02 
	  0   0   2    -1.80964e-02 
	  0   1   1    2.70904e-02 
	  0   2   1    3.05800e-02 
	  1   0   1    -6.07349e-02 
	  1   0   2    1.35798e-01 
	  1   0   3    -1.27891e-01 
	  0   2   2    -4.33676e-03 
	  3   1   0    -7.48936e-02 
	  2   0   1    5.13498e-02 
	  1   1   1    -3.96824e-02 
	  0   1   3    1.17893e-01 
	  0   1   2    -6.55889e-02 
	  3   0   0    -5.86757e-02 
	  3   0   1    1.61203e-01 
	  0   2   0    1.27597e-03 
	  1   2   1    -6.04436e-02 
	  2   2   0    5.35760e-02 
	  2   0   2    -7.70646e-02 
deltscap11
parameters 24
# exponents ... coefficient
	  0   0   0    1.31388e-01 
	  0   0   1    -5.60372e-02 
	  2   0   0    -9.24219e-02 
	  0   1   0    2.40665e-03 
	  0   2   1    6.32312e-03 
	  1   3   0    1.43439e-02 
	  1   0   0    -1.14930e-02 
	  2   0   1    2.13391e-01 
	  2   0   2    -2.50951e-01 
	  1   1   0    2.99693e-02 
	  0   2   0    6.13528e-03 
	  0   0   2    -2.01229e-02 
	  1   0   1    3.88584e-02 
	  2   1   0    -3.53676e-02 
	  3   0   0    3.92145e-02 
	  0   2   2    2.75178e-02 
	  1   1   1    -8.23953e-02 
	  2   1   1    1.04800e-01 
	  1   1   2    9.02855e-02 
	  1   0   2    -1.12523e-01 
	  3   0   1    -1.03000e-01 
	  1   0   3    1.32538e-01 
	  0   0   4    -6.45921e-02 
	  0   0   3    4.22636e-02 
deltclav1
parameters 26
# exponents ... coefficient
	  0   0   0   0   0   0    1.50738e-01 
	  0   0   1   0   0   0    5.29841e-02 
	  0   1   0   1   0   0    -1.52529e-02 
	  1   0   0   0   0   0    9.82745e-04 
	  0   0   0   0   1   0    -1.13733e-02 
	  0   1   0   0   0   2    1.16696e-01 
	  0   2   1   0   0   1    1.99800e-01 
	  0   0   0   1   1   0    -2.61133e-02 
	  0   2   2   0   0   0    -1.03097e-01 
	  0   2   0   0   0   0    -1.52754e-02 
	  0   0   0   1   0   0    -3.82991e-02 
	  1   1   0   0   0   0    -5.95987e-02 
	  1   1   0   0   0   2    9.23055e-02 
	  0   1   0   2   0   0    -4.64453e-02 
	  0   1   1   0   0   1    -1.88523e-01 
	  0   0   0   0   0   1    7.07272e-02 
	  0   1   0   0   1   1    -2.52688e-02 
	  0   2   0   1   0   1    2.13421e-02 
	  0   0   0   0   0   2    -1.44033e-01 
	  0   1   0   0   0   1    -1.21223e-01 
	  0   0   2   0   0   1    -5.77807e-02 
	  1   0   1   0   1   1    -2.74637e-01 
	  0   0   0   3   0   1    -2.36776e-01 
	  0   0   0   1   0   2    7.14146e-02 
	  0   1   2   0   1   0    1.19127e-01 
	  2   1   0   0   1   0    3.99668e-02 
deltclav2
parameters 40
# exponents ... coefficient
	  0   0   0   0   0   0    1.82408e-01 
	  0   0   1   0   0   0    9.55934e-02 
	  1   0   0   0   0   0    7.75625e-04 
	  0   2   0   1   0   0    9.49720e-02 
	  0   0   0   0   1   0    -1.43568e-02 
	  0   2   0   0   0   2    3.23745e-02 
	  0   0   0   1   1   0    -6.07144e-02 
	  0   2   1   0   0   1    -1.31595e-01 
	  0   0   0   2   0   0    -5.20643e-02 
	  0   0   0   0   0   1    6.41939e-02 
	  0   1   0   1   0   0    -1.60331e-01 
	  0   1   0   0   1   1    -9.36947e-02 
	  0   2   2   0   0   0    -1.41115e-01 
	  1   1   0   0   0   0    -9.95937e-02 
	  1   0   0   0   0   2    5.24920e-02 
	  0   1   0   0   0   0    -1.77351e-02 
	  0   0   1   0   0   2    -2.65834e-01 
	  0   0   0   0   0   2    -7.48706e-02 
	  0   2   0   0   0   1    -1.39988e-01 
	  0   0   2   0   0   1    -2.71681e-01 
	  2   1   1   0   0   0    -1.24926e-01 
	  1   0   1   1   0   0    -1.02050e-01 
	  0   1   0   0   1   0    9.86019e-03 
	  2   1   0   1   0   0    6.95723e-02 
	  0   1   2   0   0   1    3.69679e-01 
	  1   2   0   0   0   1    5.29241e-02 
	  0   0   0   2   1   1    -1.43786e-01 
	  1   0   1   0   1   1    -3.52313e-01 
	  0   1   1   0   0   2    3.77473e-01 
	  0   1   2   0   1   0    4.43366e-02 
	  2   0   0   0   1   1    8.94595e-02 
	  0   0   0   0   0   3    -2.47104e-02 
	  0   1   0   3   0   0    -8.83385e-02 
	  0   2   0   1   1   0    9.61709e-02 
	  0   0   0   1   0   2    2.40107e-02 
	  1   0   0   1   0   1    2.65967e-02 
	  0   0   1   2   0   1    -1.40134e-01 
	  0   0   0   0   2   1    -1.09156e-02 
	  0   1   1   0   0   0    -1.89704e-02 
	  0   0   2   0   1   1    2.10053e-01 
deltclav3
parameters 33
# exponents ... coefficient
	  0   0   0   0   0   0    1.64910e-01 
	  0   0   1   0   0   0    8.00568e-02 
	  1   0   0   0   0   0    -3.38602e-04 
	  0   2   0   1   0   0    1.32644e-01 
	  0   0   0   0   1   0    -1.71390e-02 
	  0   2   0   0   0   2    4.22282e-02 
	  0   0   0   1   1   0    -3.41604e-02 
	  0   2   1   0   0   1    -1.64504e-01 
	  0   0   0   2   0   0    -2.66460e-02 
	  0   0   0   0   0   1    5.52053e-02 
	  0   1   0   1   0   0    -1.65906e-01 
	  0   2   2   0   0   0    -1.89238e-01 
	  0   1   0   0   1   1    -7.58355e-02 
	  1   0   0   0   0   3    6.84759e-02 
	  1   2   0   0   0   0    -2.90128e-02 
	  0   1   0   0   0   0    -2.02481e-02 
	  0   0   1   0   0   2    -2.09467e-01 
	  0   0   0   0   0   2    -8.81963e-02 
	  0   2   0   0   0   1    -1.23584e-01 
	  0   0   2   0   0   1    -3.30610e-01 
	  1   2   0   0   0   1    9.34313e-02 
	  2   1   1   0   0   0    -1.08397e-01 
	  0   1   0   3   0   0    -1.61329e-01 
	  1   1   0   0   0   0    -7.48537e-02 
	  1   0   1   0   1   1    -2.98353e-01 
	  0   1   2   0   0   1    5.86016e-01 
	  0   1   2   0   1   0    1.31115e-01 
	  2   0   0   0   1   1    7.69348e-02 
	  0   1   0   0   1   0    1.41495e-02 
	  1   1   1   1   0   0    -1.42776e-01 
	  0   0   0   2   1   0    -5.19451e-02 
	  0   1   1   0   0   2    2.84779e-01 
	  2   1   0   1   0   0    3.80568e-02 
deltclav4
parameters 37
# exponents ... coefficient
	  0   0   0   0   0   0    1.81870e-01 
	  0   0   1   0   0   0    8.58211e-02 
	  1   0   0   0   0   0    1.93619e-03 
	  0   2   0   1   0   0    1.01191e-01 
	  0   0   0   0   1   0    -1.41523e-02 
	  0   2   0   0   0   2    3.85156e-02 
	  0   0   0   1   1   0    -5.46868e-02 
	  0   2   1   0   0   1    -1.44778e-01 
	  0   0   0   2   0   0    -3.99957e-02 
	  0   0   0   0   0   1    6.18507e-02 
	  0   1   0   1   0   0    -1.58682e-01 
	  0   1   0   0   1   1    -8.92141e-02 
	  0   2   2   0   0   0    -1.86877e-01 
	  1   1   0   0   0   0    -9.97345e-02 
	  1   0   0   0   0   2    5.34980e-02 
	  0   1   0   0   0   0    -1.79401e-02 
	  0   0   1   0   0   2    -2.24939e-01 
	  0   0   0   0   0   2    -7.35607e-02 
	  0   2   0   0   0   1    -1.37185e-01 
	  0   0   2   0   0   1    -2.88207e-01 
	  2   1   1   0   0   0    -1.21700e-01 
	  0   1   0   0   1   0    1.01182e-02 
	  1   0   1   1   0   0    -9.76287e-02 
	  2   1   0   1   0   0    6.37368e-02 
	  0   1   2   0   0   1    4.79475e-01 
	  1   2   0   0   0   1    5.94447e-02 
	  0   1   0   3   0   0    -1.19998e-01 
	  0   0   0   2   1   0    -5.04706e-02 
	  1   0   1   0   1   1    -3.09104e-01 
	  0   1   1   0   0   2    2.84784e-01 
	  0   1   2   0   1   0    1.39808e-01 
	  2   0   0   0   1   1    8.17694e-02 
	  0   0   0   0   0   3    -2.30415e-02 
	  0   2   0   1   1   0    8.49062e-02 
	  0   0   0   0   2   2    -3.45011e-02 
	  1   0   0   3   0   0    9.56498e-02 
	  0   0   1   2   0   0    -4.44242e-02 
coracobr1
parameters 32
# exponents ... coefficient
	  0   0   0    1.64727e-01 
	  1   0   0    -5.99340e-02 
	  0   1   2    7.30829e-03 
	  0   1   0    -1.41278e-04 
	  0   0   1    1.84557e-02 
	  0   0   4    -4.86874e-03 
	  0   1   1    -5.74353e-02 
	  0   0   2    -2.66465e-02 
	  2   1   0    -8.36731e-03 
	  1   0   2    1.74067e-02 
	  2   0   0    -3.38640e-02 
	  1   1   0    -1.76768e-02 
	  1   2   0    2.95337e-02 
	  1   1   2    7.44324e-03 
	  3   0   0    1.60842e-02 
	  0   3   0    -1.52496e-04 
	  0   2   1    -9.70436e-03 
	  0   0   3    -5.58325e-03 
	  0   2   0    3.14415e-03 
	  1   2   1    -6.41330e-03 
	  1   0   1    5.17800e-03 
	  1   1   1    -2.12032e-02 
	  2   1   1    -1.60068e-02 
	  2   2   0    1.63344e-02 
	  4   0   0    9.49673e-03 
	  0   1   3    -1.26720e-02 
	  0   2   2    -1.18783e-02 
	  1   0   3    6.16001e-03 
	  1   3   0    7.22230e-03 
	  2   0   1    -6.81477e-03 
	  3   0   1    1.06502e-02 
	  2   0   2    4.11099e-03 
coracobr2
parameters 33
# exponents ... coefficient
	  0   0   0    1.78091e-01 
	  1   0   0    -6.49668e-02 
	  0   0   1    2.96746e-02 
	  0   1   1    -6.52844e-02 
	  0   0   2    -1.64055e-02 
	  1   1   0    -2.75148e-02 
	  2   0   0    -2.62964e-02 
	  1   0   1    7.88400e-03 
	  0   1   0    2.48757e-03 
	  1   1   1    -2.13122e-02 
	  0   1   2    1.14112e-02 
	  3   0   1    8.06890e-03 
	  0   0   3    -1.05347e-02 
	  1   3   0    5.48348e-03 
	  1   0   2    2.34519e-02 
	  0   2   2    -1.48429e-02 
	  1   2   0    3.26431e-02 
	  3   0   0    2.11507e-02 
	  0   2   1    -1.34689e-02 
	  2   1   1    -1.42048e-02 
	  0   2   0    1.66590e-03 
	  1   2   1    -1.45659e-02 
	  2   0   1    -1.02333e-02 
	  2   1   0    -1.20861e-02 
	  0   3   0    -1.28718e-03 
	  2   2   0    1.22575e-02 
	  4   0   0    1.22998e-02 
	  0   0   4    -4.39148e-03 
	  0   1   3    -1.18620e-02 
	  1   1   2    1.23062e-02 
	  2   0   2    5.73055e-03 
	  0   3   1    -2.30553e-03 
	  1   0   3    1.91964e-03 
coracobr3
parameters 33
# exponents ... coefficient
	  0   0   0    1.93604e-01 
	  1   0   0    -7.10044e-02 
	  0   1   2    8.22811e-03 
	  0   0   1    2.11832e-02 
	  0   0   4    -4.86209e-03 
	  0   1   1    -6.96452e-02 
	  0   0   2    -2.74355e-02 
	  2   0   0    -3.77335e-02 
	  1   0   2    2.18831e-02 
	  1   1   1    -2.64367e-02 
	  1   0   1    5.44805e-03 
	  0   3   0    -7.86369e-04 
	  1   1   0    -1.90351e-02 
	  0   1   0    1.28601e-03 
	  1   2   0    3.46656e-02 
	  3   0   0    1.98452e-02 
	  0   2   1    -1.00049e-02 
	  0   0   3    -6.89003e-03 
	  0   2   0    2.60297e-03 
	  2   1   1    -1.81536e-02 
	  3   0   1    1.20930e-02 
	  2   0   1    -8.57724e-03 
	  1   3   0    8.00959e-03 
	  0   3   1    -1.19985e-03 
	  1   2   1    -6.25638e-03 
	  0   1   3    -1.38935e-02 
	  1   0   3    7.03540e-03 
	  1   1   2    9.82181e-03 
	  0   2   2    -1.56101e-02 
	  4   0   0    1.23311e-02 
	  2   1   0    -9.79968e-03 
	  2   2   0    1.92093e-02 
	  2   0   2    7.44491e-03 
infra1
parameters 32
# exponents ... coefficient
	  0   0   0    8.93928e-02 
	  0   1   0    3.16097e-02 
	  0   0   2    -3.39371e-02 
	  1   0   0    -1.01659e-02 
	  0   2   0    -2.81641e-02 
	  1   1   1    1.67354e-04 
	  2   0   1    1.97520e-03 
	  1   1   0    2.35131e-02 
	  1   0   1    7.09279e-03 
	  2   1   1    -9.39473e-03 
	  3   0   0    5.75161e-03 
	  0   0   1    -1.83721e-03 
	  2   0   0    3.84475e-03 
	  2   1   0    -1.49050e-02 
	  0   3   0    -6.64783e-03 
	  1   0   2    7.83655e-04 
	  0   0   4    -8.48769e-03 
	  1   2   0    -5.45222e-03 
	  0   2   2    -1.16227e-02 
	  0   2   1    -2.41135e-04 
	  0   1   3    -2.61149e-03 
	  1   3   0    6.89873e-03 
	  2   0   2    2.76107e-03 
	  3   1   0    -3.74063e-03 
	  0   1   1    2.23621e-03 
	  1   0   3    5.52271e-03 
	  0   0   3    1.22274e-03 
	  0   4   0    -4.03544e-03 
	  0   1   2    -3.36916e-03 
	  2   2   0    1.60820e-03 
	  1   1   2    3.79539e-03 
	  3   0   1    1.56391e-03 
infra2
parameters 28
# exponents ... coefficient
	  0   0   0    1.73927e-01 
	  1   0   2    3.13301e-03 
	  0   1   0    2.25241e-02 
	  0   0   2    -4.04526e-02 
	  1   0   0    -1.38109e-02 
	  1   1   0    3.84599e-02 
	  0   2   0    -2.64707e-02 
	  2   0   0    -7.39373e-03 
	  0   0   1    -4.63526e-03 
	  3   0   1    2.53379e-03 
	  0   3   0    -8.94638e-03 
	  0   1   2    -8.56240e-03 
	  2   1   0    -8.03072e-03 
	  3   0   0    6.34740e-03 
	  1   0   1    1.33367e-03 
	  0   0   4    -3.40640e-03 
	  1   1   2    6.00582e-03 
	  2   0   2    2.25279e-03 
	  1   3   0    6.02786e-03 
	  1   1   1    1.40428e-03 
	  2   2   0    -4.48263e-03 
	  0   1   1    6.47041e-04 
	  0   2   2    -2.64809e-03 
	  0   4   0    -1.87002e-03 
	  1   0   3    2.84067e-03 
	  2   0   1    1.19201e-03 
	  4   0   0    1.00036e-03 
	  2   1   1    -1.68025e-03 
infra3
parameters 31
# exponents ... coefficient
	  0   0   0    1.49043e-01 
	  1   0   2    2.41494e-03 
	  0   1   0    2.40804e-02 
	  0   0   2    -3.85596e-02 
	  1   0   0    -1.38270e-02 
	  1   1   0    3.61612e-02 
	  0   2   0    -2.61666e-02 
	  0   0   1    -7.29049e-03 
	  2   1   0    -8.44835e-03 
	  0   1   2    -9.49132e-03 
	  2   1   1    -3.20198e-03 
	  0   3   0    -9.22037e-03 
	  2   0   0    -5.01471e-03 
	  3   0   0    6.40324e-03 
	  2   0   2    3.34909e-03 
	  0   0   4    -3.01013e-03 
	  1   1   2    6.92710e-03 
	  0   1   1    -6.09046e-04 
	  4   0   0    1.08387e-03 
	  2   2   0    -4.67536e-03 
	  1   3   0    5.66540e-03 
	  1   2   0    -6.68931e-04 
	  0   4   0    -1.77685e-03 
	  3   1   0    -5.29794e-04 
	  1   0   3    3.11644e-03 
	  2   0   1    2.33728e-03 
	  0   2   2    -1.18693e-03 
	  1   2   1    -2.96811e-04 
	  3   0   1    3.40089e-03 
	  1   0   1    -5.84122e-04 
	  1   1   1    2.51417e-03 
infra4
parameters 28
# exponents ... coefficient
	  0   0   0    1.40389e-01 
	  0   0   1    -2.04295e-02 
	  0   1   0    2.41047e-02 
	  1   0   0    -1.35230e-02 
	  1   1   0    3.56993e-02 
	  0   0   2    -3.56406e-02 
	  0   2   0    -2.48167e-02 
	  2   0   2    8.91440e-03 
	  0   1   2    -1.15234e-02 
	  0   3   0    -9.84593e-03 
	  2   2   0    -3.50083e-03 
	  1   2   1    -1.95785e-03 
	  3   0   1    8.12761e-03 
	  1   0   3    5.46818e-03 
	  2   1   0    -8.98868e-03 
	  1   1   1    7.96653e-03 
	  3   0   0    6.27588e-03 
	  2   0   0    -1.92181e-03 
	  2   0   1    8.29574e-03 
	  0   2   2    5.58322e-03 
	  0   0   4    2.09026e-03 
	  0   1   1    -2.56324e-03 
	  1   0   2    2.74298e-03 
	  0   2   1    3.87663e-03 
	  1   3   0    4.46778e-03 
	  0   0   3    1.84946e-03 
	  2   1   1    -6.73720e-03 
	  1   1   2    4.30974e-03 
infra5
parameters 23
# exponents ... coefficient
	  0   0   0    1.27209e-01 
	  0   0   1    -3.06325e-02 
	  0   1   0    2.30836e-02 
	  1   1   2    7.80357e-03 
	  1   0   0    -8.13199e-03 
	  0   2   0    -2.64303e-02 
	  3   0   0    3.96116e-03 
	  1   1   0    2.81356e-02 
	  0   0   2    -2.97789e-02 
	  2   0   1    1.54196e-02 
	  0   1   2    -2.10849e-02 
	  0   3   0    -9.72210e-03 
	  2   0   0    5.74718e-03 
	  1   0   3    8.91028e-03 
	  2   1   0    -1.14049e-02 
	  1   0   1    2.72340e-03 
	  0   0   4    9.86749e-03 
	  2   0   2    1.59980e-02 
	  0   2   2    1.82843e-02 
	  1   1   1    7.60747e-03 
	  2   1   1    -1.39731e-02 
	  3   0   1    5.89368e-03 
	  0   1   3    5.99518e-03 
infra6
parameters 25
# exponents ... coefficient
	  0   0   0    1.09935e-01 
	  0   0   1    -2.49569e-02 
	  0   1   0    3.12894e-02 
	  4   0   0    -8.04039e-04 
	  1   0   0    -4.63826e-03 
	  0   2   0    -2.69864e-02 
	  2   0   0    1.21125e-02 
	  0   0   2    -2.83452e-02 
	  1   1   0    8.50266e-03 
	  2   1   0    -1.88610e-02 
	  2   0   2    1.58733e-02 
	  0   1   2    -1.88033e-02 
	  1   0   2    -1.98148e-03 
	  0   3   0    -1.14075e-02 
	  0   0   4    6.29741e-03 
	  3   0   0    2.52262e-03 
	  1   0   1    -3.42695e-03 
	  2   0   1    1.42822e-02 
	  0   2   2    1.30922e-02 
	  0   1   1    -2.57801e-03 
	  2   1   1    -1.60700e-02 
	  1   1   1    4.51274e-03 
	  2   2   0    5.30276e-03 
	  1   0   3    4.48422e-03 
	  3   0   1    3.54928e-03 
termin1
parameters 23
# exponents ... coefficient
	  0   0   0    9.39231e-02 
	  0   1   1    1.13454e-03 
	  0   0   1    3.66135e-02 
	  0   1   0    2.96931e-02 
	  0   0   2    -3.31589e-02 
	  1   0   0    -3.40310e-03 
	  2   0   0    1.70809e-02 
	  0   2   0    -3.25156e-02 
	  2   0   1    -4.03149e-02 
	  1   1   1    -4.84459e-03 
	  1   2   0    -5.88569e-02 
	  1   1   0    1.53142e-02 
	  0   3   0    1.34461e-02 
	  2   2   0    8.99747e-02 
	  0   0   4    -1.51114e-02 
	  3   1   0    -5.14111e-02 
	  1   3   0    -3.14634e-02 
	  1   0   1    -3.10027e-03 
	  1   2   1    8.94521e-02 
	  0   4   0    3.63799e-02 
	  2   0   2    2.04768e-02 
	  3   0   1    1.31764e-02 
	  0   2   2    -2.21044e-02 
termin2
parameters 27
# exponents ... coefficient
	  0   0   0    1.10228e-01 
	  0   1   1    2.45464e-03 
	  1   0   1    -6.93950e-03 
	  0   1   0    3.12547e-02 
	  0   1   2    -7.07103e-03 
	  1   0   0    -5.21232e-03 
	  2   0   0    1.10646e-02 
	  0   2   1    -1.78939e-02 
	  0   0   1    2.89073e-02 
	  0   0   2    -3.79830e-02 
	  1   1   1    -1.64702e-02 
	  0   2   0    -3.32584e-02 
	  2   0   1    -2.71810e-02 
	  0   4   0    6.02870e-02 
	  0   0   4    -1.52906e-02 
	  1   0   2    -1.24688e-04 
	  1   3   0    -3.38821e-02 
	  1   1   0    2.40401e-02 
	  2   2   0    8.04340e-02 
	  2   1   1    -4.56459e-02 
	  1   2   0    -6.17297e-02 
	  1   2   1    1.13347e-01 
	  0   3   1    4.08982e-02 
	  3   1   0    -1.55163e-02 
	  3   0   1    3.67854e-02 
	  3   0   0    -7.39711e-03 
	  1   1   2    3.53969e-02 
termin3
parameters 24
# exponents ... coefficient
	  0   0   0    7.03108e-02 
	  0   1   0    3.24721e-02 
	  0   1   1    1.03851e-04 
	  2   0   0    1.37388e-02 
	  1   0   3    -1.43604e-02 
	  0   0   1    2.53813e-02 
	  0   0   2    -3.12777e-02 
	  0   2   0    -3.28308e-02 
	  2   0   1    -2.46866e-02 
	  2   0   2    7.00952e-03 
	  0   4   0    5.98033e-02 
	  1   0   0    1.90142e-03 
	  1   2   0    -4.09709e-02 
	  1   0   1    -1.20650e-02 
	  1   2   1    9.24949e-02 
	  3   0   0    -7.78092e-03 
	  1   1   0    5.35046e-03 
	  2   1   1    -1.37895e-03 
	  2   2   0    7.41637e-02 
	  2   1   0    -2.20972e-02 
	  0   0   4    -9.89755e-03 
	  3   0   1    2.60190e-02 
	  1   0   2    1.01392e-02 
	  0   2   2    -1.97225e-02 
termaj1
parameters 33
# exponents ... coefficient
	  0   0   1    1.19041e-01 
	  0   0   0    9.44916e-02 
	  1   0   0    5.81974e-02 
	  1   1   0    -1.24596e-01 
	  0   1   0    -1.88981e-02 
	  2   0   0    9.29858e-02 
	  0   1   1    4.94274e-02 
	  1   0   1    -8.40471e-02 
	  2   0   1    -1.17587e-01 
	  1   2   0    -4.68058e-02 
	  2   1   0    9.23411e-02 
	  0   2   1    -4.65216e-02 
	  3   0   0    -7.11925e-02 
	  1   1   1    1.11761e-01 
	  0   3   0    1.05287e-02 
	  2   0   2    3.05210e-02 
	  1   1   2    -2.94061e-02 
	  0   0   4    4.46174e-02 
	  0   0   2    4.95986e-02 
	  0   0   3    -9.81062e-02 
	  1   0   2    5.44816e-02 
	  1   0   3    -2.46633e-02 
	  1   3   0    -1.49922e-02 
	  0   1   2    -2.97757e-02 
	  2   1   1    -2.08391e-01 
	  3   0   1    1.00851e-01 
	  0   2   2    8.12743e-03 
	  0   1   3    2.82212e-03 
	  0   2   0    1.46033e-03 
	  1   2   1    9.74059e-02 
	  0   3   1    -1.85313e-02 
	  2   2   0    -4.07699e-02 
	  3   1   0    3.42509e-02 
termaj2
parameters 34
# exponents ... coefficient
	  0   0   1    1.58836e-01 
	  0   0   0    1.11352e-01 
	  1   0   0    6.50578e-02 
	  1   1   0    -1.55212e-01 
	  0   2   0    -3.23062e-03 
	  2   0   0    1.14224e-01 
	  1   0   1    -1.04791e-01 
	  1   1   1    1.63464e-01 
	  0   1   0    -1.69818e-02 
	  0   1   1    5.80983e-02 
	  2   0   1    -1.64487e-01 
	  0   2   2    1.13802e-02 
	  0   0   4    3.96920e-02 
	  1   0   2    9.44701e-02 
	  1   2   0    -4.56120e-02 
	  2   2   0    -5.92557e-02 
	  3   0   0    -7.81468e-02 
	  2   1   0    1.01526e-01 
	  0   3   0    8.05774e-03 
	  2   1   1    -2.58944e-01 
	  1   1   2    -6.72016e-02 
	  0   2   1    -5.86618e-02 
	  3   0   1    1.44342e-01 
	  0   1   3    2.12952e-02 
	  1   2   1    1.09533e-01 
	  0   0   2    2.75340e-02 
	  0   0   3    -9.08879e-02 
	  0   1   2    -4.96839e-02 
	  3   1   0    5.86197e-02 
	  0   3   1    -1.44183e-02 
	  4   0   0    -2.24621e-02 
	  1   0   3    -5.71027e-02 
	  1   3   0    -2.02509e-02 
	  2   0   2    4.68829e-02 
termaj3
parameters 31
# exponents ... coefficient
	  0   0   1    1.38525e-01 
	  0   0   0    1.05349e-01 
	  1   0   0    7.69681e-02 
	  1   1   0    -1.34836e-01 
	  0   2   0    -3.30139e-03 
	  1   0   2    9.14477e-02 
	  1   1   2    -3.27268e-02 
	  2   0   0    6.88311e-02 
	  3   0   1    1.05217e-01 
	  0   0   2    1.38833e-02 
	  1   0   1    -1.10755e-01 
	  1   1   1    1.15906e-01 
	  0   1   3    3.61842e-02 
	  0   1   0    -1.63347e-02 
	  0   1   1    7.46261e-02 
	  0   2   1    -4.91142e-02 
	  2   1   0    1.04395e-01 
	  1   2   0    -4.83004e-02 
	  0   0   3    -6.53411e-02 
	  3   1   0    1.37546e-02 
	  2   0   1    -8.48539e-02 
	  3   0   0    -7.39829e-02 
	  0   1   2    -6.78748e-02 
	  1   2   1    1.06837e-01 
	  2   1   1    -2.26173e-01 
	  2   2   0    -4.34036e-02 
	  0   3   0    7.66331e-03 
	  1   0   3    -5.61339e-02 
	  1   3   0    -2.21993e-02 
	  0   0   4    2.33742e-02 
	  0   3   1    -1.00336e-02 
termaj4
parameters 28
# exponents ... coefficient
	  0   0   1    8.52073e-02 
	  0   0   0    8.99564e-02 
	  1   0   0    5.28619e-02 
	  0   1   0    -2.11905e-02 
	  1   1   0    -8.98957e-02 
	  0   1   1    3.98920e-02 
	  2   0   0    6.05440e-02 
	  1   0   1    -6.35137e-02 
	  1   2   0    -4.35678e-02 
	  2   0   1    -6.19611e-02 
	  0   0   2    5.11958e-02 
	  0   0   3    -7.83987e-02 
	  2   1   0    7.35884e-02 
	  0   2   1    -3.10694e-02 
	  3   0   0    -5.23146e-02 
	  0   3   0    1.17083e-02 
	  1   2   1    7.05111e-02 
	  2   0   2    6.20966e-05 
	  1   1   1    5.37636e-02 
	  0   1   3    -1.11284e-02 
	  2   1   1    -1.29837e-01 
	  0   3   1    -1.70298e-02 
	  0   0   4    3.03159e-02 
	  3   0   1    6.38380e-02 
	  1   0   2    1.81725e-02 
	  1   3   0    -1.45345e-02 
	  0   1   2    -9.20175e-03 
	  2   2   0    -1.71752e-02 
supra1
parameters 22
# exponents ... coefficient
	  0   0   0    9.23129e-02 
	  0   0   1    -3.76284e-02 
	  0   1   0    2.65974e-02 
	  1   0   0    -5.11628e-03 
	  2   0   0    1.26379e-02 
	  0   2   0    -4.44786e-02 
	  0   0   4    -1.86895e-02 
	  1   0   1    -6.94779e-04 
	  2   0   1    -6.94924e-03 
	  0   1   1    -5.38001e-02 
	  0   4   0    -3.41627e-02 
	  2   1   0    -1.27092e-02 
	  1   0   2    -1.69218e-02 
	  2   0   2    4.92060e-02 
	  0   0   3    2.40845e-03 
	  0   1   3    -7.84150e-02 
	  0   2   1    9.36875e-02 
	  0   2   2    -1.57202e-01 
	  0   1   2    1.07671e-01 
	  0   0   2    -1.42336e-02 
	  3   0   1    7.98917e-03 
	  1   1   2    8.52819e-03 
supra2
parameters 21
# exponents ... coefficient
	  0   0   0    9.60191e-02 
	  0   0   1    -3.77158e-02 
	  0   1   0    2.74193e-02 
	  1   0   0    -6.15773e-03 
	  0   2   0    -2.84129e-02 
	  2   0   0    1.32624e-02 
	  1   0   3    -3.51483e-03 
	  0   0   3    -5.35712e-02 
	  0   1   1    -2.10871e-02 
	  2   0   2    4.33909e-02 
	  2   1   0    -7.55703e-03 
	  1   0   2    -1.44802e-02 
	  0   4   0    -4.74277e-02 
	  1   1   0    -8.05446e-03 
	  0   0   4    4.41339e-02 
	  0   1   2    1.54026e-02 
	  1   0   1    -1.02373e-02 
	  1   1   1    2.83824e-02 
	  1   1   2    -2.76247e-02 
	  3   0   1    1.73105e-02 
	  2   1   1    -3.53998e-02 
supra3
parameters 29
# exponents ... coefficient
	  0   0   0    1.17918e-01 
	  0   0   1    -3.96797e-02 
	  1   0   0    -1.51641e-02 
	  0   1   0    -1.60785e-02 
	  0   2   0    -2.72253e-02 
	  1   1   0    1.81608e-02 
	  3   0   0    8.07042e-03 
	  1   0   1    -2.61120e-02 
	  2   0   0    9.59206e-03 
	  0   1   1    3.84875e-03 
	  3   0   1    2.10344e-02 
	  0   1   2    -1.75693e-02 
	  0   1   3    3.41957e-02 
	  2   1   1    5.34057e-02 
	  1   2   0    2.64555e-03 
	  2   0   2    3.29371e-02 
	  0   0   4    2.76535e-02 
	  0   0   2    -1.10323e-02 
	  0   2   2    2.90216e-02 
	  0   3   1    1.11073e-02 
	  1   0   2    -1.69760e-02 
	  2   2   0    2.61257e-02 
	  0   3   0    2.80206e-03 
	  1   1   1    -9.75155e-03 
	  1   3   0    7.60204e-03 
	  0   0   3    -3.65412e-03 
	  1   0   3    1.30366e-02 
	  2   0   1    4.24550e-03 
	  1   1   2    1.09843e-02 
supra4
parameters 32
# exponents ... coefficient
	  0   0   0    9.52061e-02 
	  0   0   1    -4.09071e-02 
	  0   1   0    -1.88161e-02 
	  1   0   0    -1.28433e-02 
	  3   1   0    4.36954e-03 
	  0   2   0    -2.39387e-02 
	  2   0   0    1.49835e-02 
	  1   0   1    -2.48182e-02 
	  1   1   2    1.74036e-02 
	  1   2   0    1.09298e-03 
	  2   0   1    1.42831e-02 
	  0   1   1    5.71408e-03 
	  1   1   0    1.31156e-02 
	  0   0   4    2.89307e-02 
	  0   0   2    -1.21922e-02 
	  3   0   1    2.62805e-02 
	  2   2   0    1.89143e-02 
	  0   2   2    3.60394e-02 
	  0   1   3    3.38593e-02 
	  0   3   1    2.35019e-02 
	  2   1   0    9.02879e-03 
	  0   4   0    4.12978e-03 
	  0   1   2    -1.03577e-02 
	  1   1   1    -8.38506e-03 
	  2   0   2    3.28375e-02 
	  1   0   2    -1.61469e-02 
	  1   0   3    1.14448e-02 
	  3   0   0    6.73792e-03 
	  2   1   1    3.59360e-02 
	  1   3   0    1.17629e-02 
	  0   2   1    -3.26623e-03 
	  1   2   1    1.15443e-02 
subscap1
parameters 33
# exponents ... coefficient
	  0   0   0    7.53639e-02 
	  0   1   0    -4.08007e-02 
	  1   0   0    -1.19477e-02 
	  0   0   4    -2.10094e-02 
	  1   1   0    1.95129e-02 
	  0   0   1    -1.73032e-02 
	  0   0   2    3.39453e-02 
	  0   2   0    1.01748e-02 
	  1   0   1    -2.15324e-02 
	  0   1   3    6.35819e-03 
	  0   3   0    2.90930e-02 
	  1   2   0    2.08090e-02 
	  1   0   3    1.75191e-02 
	  2   1   1    2.36770e-02 
	  2   0   0    -7.37875e-03 
	  3   1   0    1.79789e-02 
	  2   2   0    2.83473e-02 
	  0   1   1    -1.68061e-02 
	  0   2   2    1.17680e-02 
	  3   0   1    2.29434e-03 
	  2   1   0    1.58854e-02 
	  0   1   2    5.12872e-02 
	  0   0   3    2.82993e-02 
	  1   1   1    -9.26655e-03 
	  0   2   1    9.72098e-03 
	  0   4   0    2.27637e-02 
	  1   0   2    6.88887e-03 
	  1   3   0    1.75698e-02 
	  2   0   2    1.58105e-02 
	  0   3   1    1.37446e-02 
	  3   0   0    2.54296e-03 
	  4   0   0    6.12790e-03 
	  1   2   1    9.78481e-03 
subscap2
parameters 26
# exponents ... coefficient
	  0   0   0    9.86019e-02 
	  0   0   2    5.21742e-02 
	  1   0   0    -1.39493e-02 
	  0   1   0    -2.98057e-02 
	  1   1   0    3.88080e-02 
	  0   2   0    3.33821e-02 
	  0   0   1    -1.04305e-02 
	  2   0   0    5.44794e-03 
	  0   1   2    2.68048e-02 
	  1   0   1    -1.54711e-02 
	  0   3   0    2.35250e-02 
	  3   1   0    2.75899e-03 
	  1   2   0    2.74024e-02 
	  1   0   2    1.36606e-02 
	  2   1   0    2.59077e-02 
	  3   0   0    7.63303e-03 
	  0   1   1    3.60944e-03 
	  0   0   4    -1.68654e-02 
	  1   1   2    -1.73525e-02 
	  0   0   3    1.08572e-02 
	  2   0   1    4.32104e-03 
	  1   3   0    -1.45425e-02 
	  0   3   1    9.45730e-03 
	  2   2   0    -1.01871e-02 
	  1   0   3    6.97177e-03 
	  4   0   0    3.86638e-03 
subscap3
parameters 34
# exponents ... coefficient
	  0   0   0    1.16697e-01 
	  0   1   0    -3.75763e-02 
	  1   0   1    -3.21355e-02 
	  0   0   1    -2.51393e-02 
	  0   0   2    1.18288e-02 
	  1   0   0    -9.97043e-03 
	  1   1   0    2.47904e-02 
	  0   3   0    1.35441e-02 
	  0   0   4    7.75898e-03 
	  0   1   3    2.31768e-02 
	  1   2   0    6.12312e-03 
	  2   1   1    2.96132e-02 
	  2   0   0    -7.40057e-03 
	  0   1   1    -1.15504e-02 
	  1   0   3    1.72060e-02 
	  4   0   0    4.49816e-03 
	  2   2   0    1.91643e-02 
	  2   0   2    9.83932e-03 
	  1   1   1    -1.48427e-02 
	  0   2   2    2.59856e-02 
	  0   2   0    -3.25342e-03 
	  2   1   0    1.28596e-02 
	  0   0   3    1.16820e-02 
	  1   0   2    -8.04545e-03 
	  0   3   1    2.11584e-02 
	  0   4   0    1.44560e-02 
	  0   1   2    1.26932e-02 
	  3   0   0    1.94502e-03 
	  1   3   0    1.55178e-02 
	  1   2   1    1.78484e-02 
	  3   1   0    1.28104e-02 
	  2   0   1    3.03637e-03 
	  3   0   1    6.52906e-03 
	  1   1   2    8.27395e-03 
subscap4
parameters 29
# exponents ... coefficient
	  0   0   0    1.18031e-01 
	  0   1   0    -4.51315e-02 
	  1   0   2    1.01247e-02 
	  0   0   1    -8.52298e-03 
	  2   0   0    -1.97932e-02 
	  1   1   0    6.57095e-03 
	  1   0   1    -4.90512e-02 
	  1   0   0    6.38329e-03 
	  0   2   0    1.90861e-03 
	  0   1   3    7.40477e-03 
	  0   2   1    -2.09584e-02 
	  1   2   0    -1.02145e-02 
	  2   1   0    3.59014e-02 
	  0   0   2    -3.64334e-03 
	  0   3   0    -8.29381e-03 
	  1   3   0    4.09034e-02 
	  0   1   1    -2.12024e-03 
	  3   1   0    -7.74219e-03 
	  2   0   1    1.18023e-02 
	  0   0   4    4.63869e-03 
	  0   1   2    1.36416e-02 
	  2   1   1    -3.44482e-02 
	  2   2   0    -2.42338e-02 
	  1   1   1    4.26460e-02 
	  3   0   1    -8.63339e-03 
	  0   4   0    -1.35638e-02 
	  1   2   1    -7.15733e-02 
	  1   1   2    -5.36464e-02 
	  1   0   3    -1.11027e-02 
subscap5
parameters 25
# exponents ... coefficient
	  0   0   0    1.18869e-01 
	  0   1   0    -4.42550e-02 
	  1   0   3    -2.63081e-02 
	  0   0   1    -9.90824e-03 
	  1   1   0    1.06576e-03 
	  2   0   1    1.30238e-02 
	  1   0   0    1.32099e-02 
	  1   0   1    -6.00463e-02 
	  2   0   0    -2.17871e-02 
	  0   0   2    -1.34650e-02 
	  0   2   1    -3.35761e-02 
	  1   1   1    9.43347e-02 
	  2   1   0    4.86954e-02 
	  1   2   1    -9.66436e-02 
	  0   4   0    -2.89850e-02 
	  0   1   2    1.24842e-02 
	  1   1   2    -1.12907e-01 
	  0   2   0    5.74907e-03 
	  1   3   0    5.33949e-02 
	  3   0   0    -5.28833e-03 
	  1   0   2    3.09860e-02 
	  0   0   3    5.28280e-03 
	  2   2   0    -5.76519e-02 
	  2   1   1    -5.33631e-02 
	  0   3   0    -4.37507e-03 
subscap6
parameters 27
# exponents ... coefficient
	  0   0   0    1.41805e-01 
	  0   1   0    -4.10554e-02 
	  0   0   2    -5.92815e-03 
	  1   1   0    -1.11403e-02 
	  1   1   1    5.25629e-02 
	  2   0   2    -5.76680e-03 
	  1   0   0    2.24595e-02 
	  1   0   1    -4.79575e-02 
	  2   0   0    -1.66807e-02 
	  0   3   1    -3.49018e-03 
	  0   2   0    -8.59709e-03 
	  0   1   1    -2.34211e-02 
	  0   0   3    -1.55693e-03 
	  2   1   0    2.69183e-02 
	  3   0   0    -1.09825e-02 
	  0   1   3    -2.30136e-04 
	  0   0   1    2.08934e-03 
	  1   0   2    -7.20541e-03 
	  0   3   0    -3.36345e-02 
	  1   2   1    -1.53408e-01 
	  1   2   0    6.46125e-02 
	  1   3   0    -6.43326e-02 
	  0   1   2    2.53708e-02 
	  0   4   0    4.57170e-02 
	  1   1   2    -2.89968e-02 
	  2   2   0    -4.06529e-02 
	  0   2   2    -1.45654e-02 
subscap7
parameters 18
# exponents ... coefficient
	  0   0   0    1.36884e-01 
	  0   1   0    -3.88591e-02 
	  1   0   0    2.76055e-02 
	  1   0   1    -3.65594e-02 
	  0   1   1    -2.59319e-02 
	  2   0   0    -1.21361e-02 
	  0   3   1    -2.74995e-02 
	  0   0   2    2.15497e-03 
	  0   2   0    -8.51480e-03 
	  0   1   2    2.13717e-02 
	  1   0   2    -1.88018e-02 
	  3   0   0    -1.46720e-02 
	  2   1   0    8.00882e-03 
	  1   1   1    -1.01082e-02 
	  2   1   1    2.96847e-02 
	  0   0   1    4.14192e-04 
	  0   4   0    3.88493e-02 
	  0   3   0    -1.40842e-02 
subscap8
parameters 25
# exponents ... coefficient
	  0   0   0    9.50545e-02 
	  0   1   0    -3.95418e-02 
	  1   0   0    2.43274e-02 
	  1   0   1    -3.95737e-02 
	  0   3   1    -3.29225e-02 
	  2   0   0    -1.26537e-02 
	  0   0   2    1.56985e-03 
	  0   1   1    -2.52121e-02 
	  0   2   0    -9.05536e-03 
	  0   1   2    2.40390e-02 
	  1   0   2    -1.24165e-02 
	  3   0   0    -9.33495e-03 
	  2   1   0    5.10934e-03 
	  0   0   1    7.52492e-04 
	  0   3   0    -1.29769e-02 
	  1   1   1    2.95728e-02 
	  2   1   1    4.02022e-02 
	  1   2   0    5.96247e-02 
	  0   4   0    2.51602e-02 
	  1   1   0    -9.75488e-03 
	  1   2   1    -1.19091e-01 
	  1   3   0    -7.39125e-02 
	  3   0   1    -1.31021e-02 
	  1   1   2    -2.68360e-02 
	  0   2   1    7.67177e-03 
subscap9
parameters 27
# exponents ... coefficient
	  0   0   0    1.13308e-01 
	  0   1   0    -3.50975e-02 
	  1   0   0    3.03401e-02 
	  0   0   2    1.43302e-02 
	  1   0   1    -2.84564e-02 
	  0   1   1    -2.32912e-02 
	  3   0   0    -1.06570e-02 
	  1   1   0    -1.16123e-02 
	  0   0   3    -1.26089e-03 
	  1   0   2    -1.86687e-02 
	  0   3   1    -2.45461e-02 
	  2   0   0    -6.81922e-03 
	  0   1   3    2.00435e-04 
	  0   0   1    1.78682e-03 
	  0   1   2    1.59800e-02 
	  0   2   0    -7.03885e-03 
	  2   2   0    2.79432e-02 
	  0   4   0    1.50474e-02 
	  0   2   2    2.00657e-02 
	  1   1   1    -8.98777e-03 
	  2   1   1    2.27284e-02 
	  1   3   0    -5.18781e-02 
	  1   2   0    1.64498e-02 
	  0   3   0    5.28181e-03 
	  3   0   1    -1.36755e-02 
	  2   0   1    2.38598e-03 
	  3   1   0    -9.60084e-03 
subscap10
parameters 32
# exponents ... coefficient
	  0   0   0    5.78389e-02 
	  0   1   0    -2.85525e-02 
	  0   0   1    2.50618e-02 
	  1   0   0    3.00611e-02 
	  1   1   1    -2.87253e-02 
	  1   0   1    -3.27693e-02 
	  0   0   2    2.33887e-02 
	  1   1   0    -2.13171e-02 
	  0   1   1    1.14257e-02 
	  0   2   0    -8.75044e-03 
	  2   2   0    5.29908e-02 
	  1   2   0    -2.10285e-02 
	  3   1   0    -2.54273e-02 
	  1   2   1    6.87540e-02 
	  0   0   3    -1.97521e-02 
	  0   0   4    1.55452e-02 
	  0   4   0    6.79788e-03 
	  0   1   3    -5.19258e-02 
	  0   1   2    2.29791e-02 
	  2   1   0    1.77099e-02 
	  1   0   3    1.57468e-02 
	  3   0   1    6.99988e-03 
	  2   0   1    1.43594e-02 
	  1   3   0    -3.49686e-02 
	  2   1   1    -4.97619e-02 
	  3   0   0    -1.30668e-02 
	  2   0   2    -2.41317e-02 
	  0   2   2    2.23030e-02 
	  0   3   0    1.04458e-02 
	  0   3   1    -1.30110e-02 
	  2   0   0    1.44434e-03 
	  1   1   2    -2.14577e-02 
subscap11
parameters 30
# exponents ... coefficient
	  0   0   1    3.96282e-02 
	  0   0   0    3.85404e-02 
	  0   1   0    -2.43800e-02 
	  1   0   0    3.02047e-02 
	  1   1   0    -4.02014e-02 
	  1   0   1    -4.56145e-02 
	  0   1   1    3.12124e-02 
	  2   1   0    5.31285e-02 
	  0   0   2    2.35778e-02 
	  2   0   0    1.02087e-02 
	  0   4   0    2.44912e-03 
	  3   1   0    -1.34164e-02 
	  1   3   0    -2.23955e-02 
	  0   1   3    -4.86118e-02 
	  1   0   2    1.63833e-02 
	  0   1   2    1.09942e-02 
	  2   1   1    -1.28558e-01 
	  1   1   1    1.76500e-02 
	  1   1   2    -3.83249e-02 
	  3   0   0    -2.32771e-02 
	  0   3   0    1.93943e-02 
	  1   2   0    -4.61008e-02 
	  1   2   1    9.65235e-02 
	  3   0   1    3.76323e-02 
	  0   0   3    -5.09500e-02 
	  0   0   4    4.60741e-02 
	  0   3   1    -3.29599e-02 
	  1   0   3    2.47582e-02 
	  2   2   0    2.54748e-02 
	  2   0   2    -1.41681e-02 
bicl
parameters 25
# exponents ... coefficient
	  0   0   0   0   0    3.75331e-01 
	  1   0   0   1   0    5.96484e-04 
	  0   1   0   1   0    -8.82993e-04 
	  0   0   0   0   2    -2.78234e-03 
	  1   0   1   0   0    -5.43153e-02 
	  0   0   1   2   0    -8.51003e-03 
	  1   0   2   1   0    -1.17183e-02 
	  0   1   1   2   0    8.86258e-03 
	  1   0   0   0   0    -2.87969e-02 
	  0   0   2   2   0    1.98405e-02 
	  0   0   1   0   0    -2.00957e-02 
	  0   0   0   1   3    1.65693e-03 
	  0   0   0   1   0    -2.82880e-02 
	  0   1   0   0   0    -1.99093e-02 
	  1   0   3   0   0    6.95896e-02 
	  0   1   3   0   0    1.33447e-01 
	  0   0   0   3   1    -2.68597e-02 
	  0   0   4   0   0    5.63073e-02 
	  0   2   0   0   0    -1.68129e-02 
	  0   2   2   0   0    1.34677e-01 
	  2   0   0   0   0    9.67311e-03 
	  0   3   1   0   0    8.77361e-02 
	  0   0   0   0   1    8.20766e-03 
	  0   0   0   3   0    4.52874e-02 
	  1   1   0   0   0    -8.07203e-03 
bicb1
parameters 20
# exponents ... coefficient
	  0   0   0   0   0    3.57179e-01 
	  1   0   0   0   0    -7.29748e-02 
	  0   0   0   2   0    1.20641e-01 
	  0   0   0   1   3    4.36985e-03 
	  0   1   2   0   0    7.36825e-03 
	  0   1   0   0   0    -3.53732e-03 
	  0   0   0   1   0    -5.41297e-02 
	  0   0   1   0   0    2.09846e-02 
	  0   0   4   0   0    -1.09689e-02 
	  0   1   1   0   0    -7.74026e-02 
	  0   0   2   0   0    -3.23701e-02 
	  1   0   2   0   0    3.81504e-02 
	  2   0   0   0   0    -2.51238e-02 
	  1   1   0   0   0    -2.77754e-02 
	  0   1   0   0   3    1.76053e-04 
	  0   0   0   3   1    8.35290e-02 
	  1   2   0   0   1    1.80334e-02 
	  0   0   0   0   4    -1.59897e-04 
	  0   0   0   2   2    -2.80748e-02 
	  0   0   0   3   0    -1.84889e-01 
triclong1
parameters 40
# exponents ... coefficient
	  0   0   0   0    2.89177e-01 
	  0   0   1   1    -2.17483e-05 
	  1   0   1   0    -8.35150e-03 
	  0   0   1   0    7.31105e-02 
	  0   0   0   1    1.57124e-02 
	  1   0   0   0    4.65721e-02 
	  0   1   1   0    5.09781e-02 
	  1   1   0   0    -7.56424e-02 
	  0   1   0   0    5.23108e-03 
	  2   0   0   0    4.41936e-02 
	  0   0   0   2    1.00973e-02 
	  0   2   1   0    -3.54892e-02 
	  2   0   1   0    -4.41617e-02 
	  1   2   0   0    -1.63284e-02 
	  0   1   0   1    5.08266e-03 
	  3   0   0   0    -2.81317e-02 
	  1   0   3   0    -3.59354e-03 
	  0   0   2   0    3.42791e-02 
	  0   0   3   0    -4.21498e-02 
	  0   2   0   0    4.31545e-03 
	  0   1   2   0    -1.44054e-02 
	  1   1   1   0    2.19769e-02 
	  0   0   0   3    -4.13798e-03 
	  0   3   0   0    -1.19562e-03 
	  0   1   0   2    -3.33151e-03 
	  1   0   2   0    -1.83598e-02 
	  1   0   0   1    -2.18695e-03 
	  1   0   1   1    5.97094e-03 
	  2   1   0   0    1.04042e-02 
	  1   1   2   0    -1.28504e-02 
	  1   3   0   0    -7.32721e-03 
	  2   2   0   0    -1.33421e-02 
	  2   1   1   0    -1.35516e-02 
	  2   0   0   1    1.72921e-03 
	  0   4   0   0    -3.58361e-03 
	  0   2   0   1    5.73941e-04 
	  1   0   0   3    1.46863e-03 
	  1   0   1   2    -3.81293e-03 
	  0   2   2   0    -5.87059e-03 
	  0   3   1   0    -3.72314e-03 
triclong2
parameters 44
# exponents ... coefficient
	  0   0   0   0    2.90548e-01 
	  0   0   1   1    -2.21671e-05 
	  0   0   1   0    5.56979e-02 
	  0   0   0   1    1.68507e-02 
	  2   0   0   0    4.11780e-02 
	  1   2   0   0    -2.35387e-03 
	  0   1   0   0    4.11366e-03 
	  1   1   0   0    -5.65742e-02 
	  1   0   0   0    1.05172e-02 
	  0   1   2   0    -2.25220e-03 
	  0   2   1   0    -2.45704e-02 
	  2   0   1   0    -3.50430e-02 
	  0   0   2   2    -4.08298e-04 
	  0   1   3   0    -3.83486e-03 
	  0   0   0   2    9.42998e-03 
	  0   0   2   0    3.43161e-02 
	  0   0   4   0    -2.26356e-03 
	  0   1   1   0    1.53630e-02 
	  0   1   0   1    3.92222e-03 
	  1   1   1   0    1.50508e-02 
	  3   0   0   0    -4.60793e-03 
	  0   0   3   0    -3.18793e-02 
	  0   0   0   3    -4.13090e-03 
	  0   3   1   0    -5.68198e-03 
	  0   2   2   0    -6.54465e-03 
	  2   0   2   0    -2.48928e-03 
	  1   0   0   1    -1.62100e-03 
	  0   1   0   2    -2.62618e-03 
	  2   2   0   0    -8.40499e-03 
	  1   0   1   1    1.73315e-03 
	  1   0   2   1    1.78961e-03 
	  0   4   0   0    -2.99846e-03 
	  0   2   0   0    1.11707e-03 
	  4   0   0   0    -3.66518e-03 
	  1   0   3   0    -4.92862e-03 
	  1   0   1   0    2.01830e-03 
	  1   0   2   0    -3.41183e-03 
	  1   0   0   3    8.84475e-04 
	  0   3   0   1    -1.56810e-03 
	  1   1   2   0    -7.55960e-03 
	  1   3   0   0    -3.18996e-03 
	  3   0   1   0    -5.31800e-03 
	  1   2   1   0    -4.49426e-03 
	  1   2   0   1    1.68930e-03 
triclong3
parameters 47
# exponents ... coefficient
	  0   0   0   0    2.92826e-01 
	  0   0   1   1    -8.79708e-05 
	  1   0   1   0    -2.56445e-03 
	  0   1   0   2    -1.87314e-03 
	  0   0   1   0    5.16825e-02 
	  0   0   0   1    1.62519e-02 
	  1   0   0   0    3.12097e-02 
	  0   1   1   0    3.51455e-02 
	  1   1   0   0    -5.29726e-02 
	  2   0   0   0    3.47930e-02 
	  0   1   0   0    3.67442e-03 
	  0   2   1   0    -2.43469e-02 
	  0   0   0   2    9.78029e-03 
	  2   0   1   0    -2.92003e-02 
	  0   0   2   0    2.88416e-02 
	  0   0   3   0    -2.79720e-02 
	  1   2   0   0    -1.24201e-02 
	  3   0   0   0    -1.75341e-02 
	  1   0   2   0    -1.40017e-02 
	  0   2   0   0    3.07296e-03 
	  0   1   0   3    -4.98047e-04 
	  0   1   2   0    -5.78480e-03 
	  0   0   0   3    -4.10890e-03 
	  0   3   0   0    -6.16260e-04 
	  1   1   1   0    1.01191e-02 
	  1   0   0   1    -1.63667e-03 
	  2   0   1   1    9.65274e-04 
	  0   1   0   1    3.52586e-03 
	  1   3   0   0    -3.47953e-03 
	  0   2   2   0    -8.29654e-03 
	  1   1   2   0    -2.98141e-03 
	  1   2   1   0    2.26041e-03 
	  1   0   3   0    -1.90372e-03 
	  2   1   0   0    5.72509e-03 
	  2   2   0   0    -1.05504e-02 
	  1   0   1   1    3.84283e-03 
	  4   0   0   0    -3.55224e-03 
	  0   4   0   0    -2.74932e-03 
	  0   0   4   0    -3.44417e-03 
	  1   0   0   3    1.13325e-03 
	  2   1   1   0    -1.09868e-02 
	  2   0   2   0    -7.10196e-03 
	  0   2   1   1    1.81229e-03 
	  1   0   1   2    -2.62830e-03 
	  0   3   1   0    -4.67640e-03 
	  0   1   3   0    -3.85827e-03 
	  2   0   0   1    9.28886e-04 
triclong4
parameters 44
# exponents ... coefficient
	  0   0   0   0    2.90548e-01 
	  0   0   1   1    -2.21671e-05 
	  0   0   1   0    5.56979e-02 
	  0   0   0   1    1.68507e-02 
	  2   0   0   0    4.11780e-02 
	  1   2   0   0    -2.35387e-03 
	  0   1   0   0    4.11366e-03 
	  1   1   0   0    -5.65742e-02 
	  1   0   0   0    1.05172e-02 
	  0   1   2   0    -2.25220e-03 
	  0   2   1   0    -2.45704e-02 
	  2   0   1   0    -3.50430e-02 
	  0   0   2   2    -4.08298e-04 
	  0   1   3   0    -3.83486e-03 
	  0   0   0   2    9.42998e-03 
	  0   0   2   0    3.43161e-02 
	  0   0   4   0    -2.26356e-03 
	  0   1   1   0    1.53630e-02 
	  0   1   0   1    3.92222e-03 
	  1   1   1   0    1.50508e-02 
	  3   0   0   0    -4.60793e-03 
	  0   0   3   0    -3.18793e-02 
	  0   0   0   3    -4.13090e-03 
	  0   3   1   0    -5.68198e-03 
	  0   2   2   0    -6.54465e-03 
	  2   0   2   0    -2.48928e-03 
	  1   0   0   1    -1.62100e-03 
	  0   1   0   2    -2.62618e-03 
	  2   2   0   0    -8.40499e-03 
	  1   0   1   1    1.73315e-03 
	  1   0   2   1    1.78961e-03 
	  0   4   0   0    -2.99846e-03 
	  0   2   0   0    1.11707e-03 
	  4   0   0   0    -3.66518e-03 
	  1   0   3   0    -4.92862e-03 
	  1   0   1   0    2.01830e-03 
	  1   0   2   0    -3.41183e-03 
	  1   0   0   3    8.84475e-04 
	  0   3   0   1    -1.56810e-03 
	  1   1   2   0    -7.55960e-03 
	  1   3   0   0    -3.18996e-03 
	  3   0   1   0    -5.31800e-03 
	  1   2   1   0    -4.49426e-03 
	  1   2   0   1    1.68930e-03 
latdorsi1
parameters 22
# exponents ... coefficient
	  0   0   0   0   0   0   0   0   1    7.31545e-02 
	  0   1   0   0   0   0   0   0   0    2.81187e-01 
	  0   0   0   0   0   0   0   0   0    2.57563e-01 
	  0   0   0   0   0   1   0   0   0    1.65490e-01 
	  0   0   0   1   0   0   0   0   0    1.10448e-01 
	  0   0   0   0   1   0   0   1   0    -6.94976e-02 
	  1   0   0   0   0   0   0   0   0    1.36857e-01 
	  0   0   1   0   0   0   0   0   0    2.10837e-01 
	  0   0   0   0   2   0   0   0   2    -1.53511e-01 
	  1   0   1   0   1   0   0   0   0    3.16568e-01 
	  0   0   0   1   0   0   1   0   0    -4.90261e-02 
	  1   0   0   0   2   0   1   0   0    -2.73337e-01 
	  0   0   0   0   1   1   0   0   0    -1.23222e-01 
	  0   0   0   0   0   0   0   2   0    -1.62144e-02 
	  0   0   2   0   0   0   0   0   0    1.52949e-01 
	  0   0   0   0   0   0   1   1   1    -1.74531e-01 
	  0   1   0   0   0   0   1   0   0    -7.27433e-02 
	  0   0   0   0   1   1   1   0   1    -5.65387e-01 
	  0   0   0   0   2   0   0   1   1    1.54309e-01 
	  0   0   1   0   2   0   1   0   0    -2.57417e-01 
	  1   0   1   0   0   0   0   0   0    -4.86458e-01 
	  0   0   1   0   1   0   0   0   0    -1.72642e-01 
latdorsi2
parameters 23
# exponents ... coefficient
	  0   0   0   0   0   0   0   0   1    8.72808e-02 
	  0   0   0   0   0   0   0   0   0    2.73990e-01 
	  0   1   0   0   0   0   0   0   0    2.42736e-01 
	  0   0   0   0   0   1   0   0   0    1.13228e-01 
	  0   0   0   1   0   0   0   0   0    1.34752e-01 
	  0   0   0   0   1   0   0   1   0    -7.29560e-02 
	  0   0   1   0   0   0   0   0   0    2.25864e-01 
	  1   0   0   0   0   0   0   0   0    1.69225e-01 
	  0   0   0   0   2   0   0   0   1    -4.07223e-02 
	  0   0   0   0   0   0   1   0   0    7.66249e-02 
	  1   0   1   0   0   0   0   0   0    -3.40277e-01 
	  0   0   0   0   1   0   1   0   0    -1.09857e-01 
	  0   0   0   0   0   0   1   2   0    -1.27070e-01 
	  0   0   1   0   2   0   1   0   0    -6.61517e-01 
	  0   0   0   0   2   1   1   0   0    -4.68718e-01 
	  0   1   0   0   0   0   2   0   0    -2.61551e-01 
	  0   0   0   0   0   0   2   0   2    -2.35927e-01 
	  1   1   0   0   0   0   0   0   0    1.76399e-01 
	  0   0   2   0   0   0   0   0   0    1.33115e-01 
	  0   0   0   0   2   0   0   1   1    1.66038e-01 
	  0   0   0   0   0   0   1   1   1    -1.49610e-01 
	  0   0   0   1   1   0   0   0   2    -2.27911e-01 
	  1   0   0   0   0   0   0   0   3    -1.52277e-01 
latdorsi3
parameters 20
# exponents ... coefficient
	  0   0   0   0   0   0   0   0   1    8.20527e-02 
	  0   0   0   0   0   0   0   0   0    3.00862e-01 
	  0   1   0   1   0   0   0   0   0    -1.20471e-02 
	  0   0   0   0   0   1   0   0   0    1.06293e-01 
	  0   0   1   0   0   0   0   0   0    2.79244e-01 
	  0   0   0   0   1   0   0   1   0    -5.14981e-02 
	  0   1   0   0   0   0   0   0   0    2.06597e-01 
	  1   0   0   0   0   0   0   0   0    1.61122e-01 
	  0   0   0   1   0   0   0   0   0    1.24948e-01 
	  0   0   0   0   0   0   1   0   0    4.88118e-02 
	  0   0   0   0   2   0   1   0   0    -8.83319e-02 
	  1   0   1   0   0   0   0   0   0    -2.92602e-01 
	  0   0   1   0   2   0   1   0   0    -7.02559e-01 
	  0   0   0   0   0   0   1   1   0    -4.67783e-02 
	  1   1   0   0   0   0   0   0   0    2.26920e-01 
	  0   0   0   0   2   1   1   0   0    -4.67361e-01 
	  0   1   0   0   0   0   2   0   0    -4.40090e-01 
	  0   0   0   0   2   0   0   0   0    -1.24943e-02 
	  0   1   0   0   0   0   2   0   1    7.89768e-01 
	  0   0   0   0   0   0   0   2   1    -8.02445e-02 
latdorsi4
parameters 22
# exponents ... coefficient
	  0   0   0   0   0   0   0   0   0    3.33005e-01 
	  0   0   0   0   0   0   0   0   1    5.72913e-02 
	  0   1   0   1   0   0   0   0   0    -1.36391e-02 
	  0   0   1   0   0   0   0   0   0    2.96283e-01 
	  0   0   0   0   0   1   0   0   0    8.76993e-02 
	  0   0   0   0   1   0   0   1   0    -5.11613e-02 
	  0   1   0   0   0   0   0   0   0    1.54604e-01 
	  1   0   0   0   0   0   0   0   0    1.04752e-01 
	  0   0   0   1   0   0   0   0   0    1.10139e-01 
	  0   0   0   0   0   0   1   0   0    3.83524e-02 
	  0   0   0   0   3   0   0   0   0    -3.74914e-02 
	  1   1   0   0   0   0   0   0   0    2.70966e-01 
	  1   0   1   0   1   0   0   0   0    -4.23234e-01 
	  0   0   0   0   1   0   1   1   0    -9.19748e-02 
	  1   0   0   0   1   0   0   0   0    7.37193e-02 
	  0   0   0   0   2   0   1   0   0    -4.80434e-02 
	  0   0   0   0   0   0   2   0   0    8.47926e-02 
	  0   0   1   0   1   0   1   0   0    -2.38336e-01 
	  0   0   0   0   1   1   1   0   0    -1.64895e-01 
	  0   0   0   0   0   0   0   2   1    -6.82486e-02 
	  0   0   0   0   1   0   2   0   1    -3.24093e-01 
	  0   0   0   0   0   0   0   0   2    2.62869e-02 
latdorsi5
parameters 23
# exponents ... coefficient
	  0   0   1   0   0   0   0   0   0    3.29044e-01 
	  0   0   0   0   0   0   0   0   1    3.61813e-02 
	  0   0   0   0   0   0   0   0   0    2.79440e-01 
	  0   1   0   1   0   0   0   0   0    3.29026e-02 
	  0   0   0   0   1   0   0   1   0    -3.62787e-02 
	  0   0   0   0   0   1   0   0   0    5.50988e-02 
	  0   1   0   0   1   0   0   0   0    3.34584e-02 
	  0   0   0   0   0   0   1   0   0    4.51261e-02 
	  1   0   0   0   0   0   0   0   0    1.15390e-01 
	  0   0   0   1   0   0   0   0   0    9.78965e-02 
	  1   1   0   0   0   0   0   0   0    3.65229e-01 
	  0   0   0   0   0   0   0   1   1    -3.93178e-02 
	  0   1   0   0   0   0   0   0   0    8.87187e-02 
	  0   0   0   0   0   0   2   0   0    5.59077e-02 
	  0   0   0   0   2   0   1   0   0    -6.79692e-02 
	  0   0   1   0   2   0   1   0   0    -8.61692e-01 
	  0   0   0   0   0   0   0   0   2    2.79047e-02 
	  1   0   1   0   0   0   0   0   0    -1.82395e-01 
	  0   0   0   0   2   1   1   0   0    -6.79950e-01 
	  0   0   0   0   0   1   0   0   1    1.15306e-01 
	  0   0   0   1   1   0   1   0   0    2.14455e-01 
	  1   1   0   0   1   0   1   0   0    -6.56903e-01 
	  1   0   0   0   0   0   0   0   1    6.46003e-02 
latdorsi6
parameters 39
# exponents ... coefficient
	  0   0   1   0   0   0   0   0   0    3.17517e-01 
	  0   0   0   0   0   0   0   0   1    3.65693e-02 
	  0   1   0   1   0   0   0   0   0    5.69263e-02 
	  0   0   0   0   0   0   0   0   0    2.45609e-01 
	  0   0   0   0   1   0   0   1   0    -2.94213e-02 
	  0   0   0   0   0   1   0   0   0    6.80180e-02 
	  0   1   0   0   1   0   0   0   0    4.78486e-02 
	  1   0   0   0   0   0   0   0   0    1.19283e-01 
	  0   0   0   0   0   0   2   0   0    1.14248e-01 
	  0   0   0   1   0   0   0   0   0    9.90335e-02 
	  1   1   0   0   0   0   0   0   0    4.62971e-01 
	  0   0   0   0   0   0   0   0   2    8.91107e-02 
	  0   0   0   0   1   0   1   1   1    -2.39690e-01 
	  0   1   0   2   1   0   0   0   0    -7.06608e-01 
	  1   1   0   1   0   0   0   0   0    -1.19188e+00 
	  2   1   0   0   0   0   0   0   0    -6.30579e-01 
	  1   0   1   0   1   0   0   0   0    -5.07046e-01 
	  0   0   1   1   2   0   0   0   0    -7.96810e-01 
	  0   0   0   0   0   0   1   0   0    3.26467e-02 
	  0   0   0   0   0   1   0   0   1    9.69205e-02 
	  0   0   0   0   1   1   1   0   1    -1.36120e-01 
	  0   0   1   0   1   0   1   0   0    -4.29233e-01 
	  0   1   0   0   0   0   0   0   0    6.32475e-02 
	  0   0   0   1   1   0   1   0   0    2.46120e-01 
	  0   0   0   0   1   1   1   0   0    -3.78344e-01 
	  1   0   0   0   0   0   0   0   1    7.77971e-02 
	  0   0   0   0   1   0   0   0   3    -1.25746e-01 
	  0   0   1   0   0   0   0   1   0    -8.50994e-02 
	  0   0   0   0   0   1   0   1   0    -9.38928e-02 
	  0   0   0   1   0   0   0   1   1    1.17056e-01 
	  0   0   1   0   0   1   0   0   0    3.06296e-01 
	  0   0   0   0   0   2   0   0   0    1.54271e-01 
	  0   1   0   2   0   0   0   0   0    -4.65154e-01 
	  0   0   0   1   2   1   0   0   0    -4.05971e-01 
	  0   1   0   2   0   0   0   0   1    6.66902e-01 
	  0   1   0   0   0   1   0   0   0    1.20469e-01 
	  0   0   2   0   0   0   0   0   0    1.62908e-01 
	  1   1   0   0   0   0   1   0   0    -2.80654e-01 
	  0   0   0   0   1   0   2   0   1    -2.78730e-01 
pectmajt1
parameters 29
# exponents ... coefficient
	  0   0   1   0   0   0   0   0   0    3.11206e-01 
	  0   0   0   0   0   1   0   0   0    1.80880e-01 
	  0   0   0   0   0   0   0   0   1    1.24988e-01 
	  0   0   0   0   1   0   0   1   1    -4.24018e-01 
	  0   0   0   0   2   0   1   0   0    -3.27153e-01 
	  0   0   0   0   0   0   0   0   0    1.36688e-01 
	  0   0   0   0   3   0   0   0   0    -1.28947e-01 
	  1   0   0   0   1   0   1   0   1    1.69183e-01 
	  0   0   0   1   0   0   1   0   0    2.32344e-01 
	  0   0   0   2   1   0   0   0   0    4.84954e-01 
	  0   0   0   0   0   0   0   1   0    -3.54240e-02 
	  0   2   0   0   0   0   0   0   0    9.09349e-02 
	  1   2   0   0   0   0   0   0   0    -2.09107e-01 
	  1   0   0   0   3   0   0   0   0    3.77016e-01 
	  1   0   0   1   1   0   0   0   0    5.91576e-01 
	  0   0   0   2   1   0   0   0   1    -4.70466e-01 
	  2   0   0   0   0   0   0   0   1    3.97164e-01 
	  0   0   0   1   1   0   0   0   0    -1.68140e-01 
	  0   0   0   1   1   0   0   0   1    2.47352e-01 
	  0   0   0   0   2   0   2   0   0    3.89363e-01 
	  0   0   0   0   0   0   1   1   0    -8.05846e-02 
	  0   0   0   0   1   0   0   0   1    -7.49710e-02 
	  0   0   0   0   0   1   1   0   0    -1.44362e-01 
	  0   0   1   0   2   0   1   0   0    -4.86662e-01 
	  1   0   0   0   1   0   1   0   0    3.04691e-01 
	  0   0   0   0   1   0   0   1   2    4.91723e-01 
	  1   1   0   0   1   0   0   0   0    4.98085e-01 
	  0   1   0   0   0   0   0   0   0    -4.45968e-02 
	  0   0   0   0   3   0   0   1   0    1.12126e-01 
pectmajt2
parameters 34
# exponents ... coefficient
	  0   0   1   0   0   0   0   0   0    2.81342e-01 
	  0   0   0   0   0   1   0   0   0    2.00936e-01 
	  0   0   0   0   0   0   0   0   1    1.32522e-01 
	  0   0   0   0   2   0   1   0   0    -1.20757e-01 
	  0   0   0   0   0   0   0   1   1    -1.58004e-01 
	  0   0   0   0   0   0   0   0   0    1.61378e-01 
	  0   0   0   0   2   0   0   0   1    -2.35640e-01 
	  0   1   0   0   0   0   0   0   0    -8.04627e-02 
	  1   0   0   0   1   0   1   0   1    -3.02965e-01 
	  1   1   0   0   0   0   0   0   0    2.74077e-01 
	  0   0   0   1   0   0   1   0   1    -1.43502e-01 
	  0   0   0   1   0   0   0   0   0    -5.23969e-02 
	  0   0   0   0   0   0   0   1   0    -3.12820e-02 
	  1   0   0   0   2   0   0   0   1    3.71310e-01 
	  0   0   0   1   1   0   0   0   1    4.00523e-01 
	  0   0   0   0   0   0   1   0   0    -7.70235e-02 
	  0   0   0   2   1   0   0   0   0    6.73821e-01 
	  1   0   0   1   0   0   0   0   0    2.82158e-01 
	  2   0   0   0   0   0   0   0   0    1.19776e-01 
	  0   0   0   0   0   0   1   1   0    -8.66307e-02 
	  0   0   0   0   0   0   2   0   0    6.28210e-02 
	  0   0   0   0   2   0   0   0   0    -6.48961e-02 
	  0   0   0   1   2   0   0   0   0    -2.75529e-01 
	  0   0   0   1   1   0   1   0   0    4.42804e-01 
	  1   0   0   0   0   0   1   0   0    1.57168e-01 
	  0   0   0   0   0   2   0   0   1    -3.52244e-01 
	  0   0   1   0   0   1   0   0   2    -8.38515e-01 
	  0   0   0   2   2   0   0   0   0    -7.22435e-01 
	  0   0   0   0   0   0   0   1   2    1.38086e-01 
	  1   0   0   0   0   0   0   0   1    7.94600e-02 
	  0   0   2   0   0   0   0   0   2    -5.81959e-01 
	  0   0   0   0   2   1   1   0   0    -4.35291e-01 
	  0   0   0   0   2   0   1   0   1    2.40951e-01 
	  0   0   1   0   2   0   1   0   0    -2.78858e-01 
pectmajt3
parameters 42
# exponents ... coefficient
	  0   0   1   0   0   0   0   0   0    2.45397e-01 
	  0   0   0   0   0   1   0   0   0    2.12624e-01 
	  0   0   0   0   0   0   0   0   1    1.43561e-01 
	  0   0   0   0   2   0   1   0   0    1.37504e-01 
	  0   0   0   0   0   0   0   0   0    1.75871e-01 
	  0   0   0   0   0   0   0   1   0    -3.03140e-02 
	  0   1   0   0   0   0   0   0   0    -7.49618e-02 
	  0   0   0   2   0   0   0   0   0    1.87774e-01 
	  1   1   0   1   0   0   0   0   0    -6.65500e-02 
	  1   0   0   0   1   0   1   0   1    -1.19314e-01 
	  0   0   0   0   2   0   0   0   1    -2.20813e-01 
	  0   0   0   0   0   0   1   1   0    -1.03933e-01 
	  0   0   0   1   0   0   1   0   1    -7.26543e-02 
	  0   0   0   1   1   0   0   0   0    -2.74900e-01 
	  0   0   0   0   0   0   0   1   1    -1.62862e-01 
	  1   2   0   0   0   0   0   0   0    6.43447e-02 
	  2   0   0   0   1   0   0   0   1    -3.79017e-01 
	  1   0   0   1   1   0   0   0   1    -9.57468e-01 
	  0   0   0   0   1   0   1   0   0    -3.02183e-01 
	  0   0   0   0   2   0   0   0   0    -6.94407e-02 
	  0   0   0   0   0   2   0   0   1    -2.00696e-01 
	  0   0   0   1   1   0   0   0   1    5.63333e-01 
	  1   0   0   1   0   0   0   0   0    3.45198e-01 
	  2   0   0   0   0   0   0   0   0    1.48711e-01 
	  0   0   0   1   0   0   1   0   0    1.49590e-01 
	  1   0   0   0   0   0   1   0   0    1.21956e-01 
	  1   1   0   0   0   0   0   0   0    2.26084e-01 
	  1   0   0   0   1   0   0   0   1    3.89709e-01 
	  0   0   0   0   1   0   2   0   1    3.82505e-01 
	  0   0   0   0   0   1   0   0   2    -2.40470e-01 
	  0   0   1   0   0   0   0   0   3    -2.94807e-01 
	  0   0   0   2   1   0   0   0   1    -3.90812e-01 
	  0   0   1   1   0   0   0   0   1    -2.31499e-01 
	  0   2   0   1   0   0   0   0   0    1.87849e-01 
	  0   2   0   1   0   0   0   0   1    -3.32983e-01 
	  0   0   0   0   0   0   0   1   2    1.34477e-01 
	  0   0   2   0   1   0   0   0   0    -1.35444e-01 
	  0   3   0   0   0   0   0   0   0    6.38058e-02 
	  0   0   0   0   1   1   2   0   0    -4.10860e-01 
	  1   0   0   0   0   0   0   0   2    -7.91786e-02 
	  0   0   0   1   0   1   0   0   1    -1.82666e-01 
	  0   1   0   0   0   0   1   0   1    -8.33535e-02 
pectmajt4
parameters 37
# exponents ... coefficient
	  0   0   1   0   0   0   0   0   0    2.08893e-01 
	  0   0   0   0   0   0   0   0   0    1.71495e-01 
	  0   0   0   0   0   1   0   0   0    1.95426e-01 
	  0   0   0   0   2   0   1   0   0    -1.63922e-01 
	  0   0   0   0   0   0   0   0   1    1.60312e-01 
	  0   0   0   0   0   0   0   1   0    -3.42720e-02 
	  0   1   0   0   0   0   0   0   0    -8.93002e-02 
	  0   0   0   1   0   0   0   0   0    -7.98302e-02 
	  1   1   0   1   0   0   0   0   0    3.68886e-02 
	  0   0   0   0   3   0   0   0   0    1.46367e-02 
	  0   0   0   0   0   0   1   1   0    -9.36947e-02 
	  2   0   0   0   2   0   0   0   0    1.31279e-01 
	  0   1   0   2   1   0   0   0   0    3.38914e-01 
	  0   0   0   1   0   0   1   0   0    1.05890e-01 
	  1   0   0   0   2   0   1   0   0    -1.92484e-02 
	  1   1   0   0   0   0   0   0   0    2.01134e-01 
	  0   0   0   0   0   0   0   1   1    -9.31522e-02 
	  0   0   0   0   1   0   0   0   1    -1.95691e-01 
	  0   0   0   1   0   0   0   0   1    1.68805e-01 
	  1   0   0   0   1   0   0   0   1    -5.06564e-02 
	  0   0   0   0   0   1   0   0   2    -1.82720e-01 
	  0   0   0   0   0   0   1   0   0    -6.21509e-02 
	  1   0   0   1   0   0   0   0   0    2.31873e-01 
	  0   0   0   2   1   0   0   0   0    2.67181e-01 
	  0   0   0   0   1   0   2   0   1    3.68639e-01 
	  0   0   1   0   0   0   0   0   3    -2.68533e-01 
	  0   0   0   0   0   2   0   0   1    -2.94345e-01 
	  1   0   0   0   0   0   0   0   1    1.24751e-01 
	  0   0   0   1   2   0   0   0   0    -1.66531e-01 
	  0   0   1   1   0   0   0   0   1    -2.09684e-01 
	  0   2   0   0   0   0   0   0   0    -4.99275e-02 
	  0   2   0   0   1   0   0   0   1    1.53100e-01 
	  2   0   0   0   0   0   0   0   0    6.41099e-02 
	  0   0   0   4   0   0   0   0   0    1.39951e-01 
	  0   0   0   0   2   0   0   0   0    -7.65254e-02 
	  1   0   0   0   0   0   1   0   0    8.75431e-02 
	  0   0   0   0   0   1   2   0   0    -1.90822e-01 
pectmajt5
parameters 41
# exponents ... coefficient
	  0   0   0   0   0   0   0   0   0    2.00900e-01 
	  0   0   1   0   0   0   0   0   0    1.05852e-01 
	  0   0   0   0   2   0   1   0   0    -1.07212e-01 
	  0   0   0   0   0   1   0   0   0    1.84039e-01 
	  0   0   0   0   0   0   0   1   0    -3.99604e-02 
	  0   1   0   0   0   0   0   0   1    -4.12501e-02 
	  0   0   0   1   0   0   0   0   0    7.36469e-03 
	  1   1   0   1   0   0   0   0   0    4.00306e-02 
	  0   1   0   0   1   0   0   0   1    3.62103e-02 
	  0   0   0   0   0   0   1   1   0    -7.98923e-02 
	  2   0   0   0   0   0   0   0   1    1.39162e-01 
	  0   1   0   2   1   0   0   0   0    1.18334e-01 
	  0   0   0   0   2   1   0   0   0    -5.82397e-02 
	  0   2   0   0   0   0   0   0   2    -1.87772e-02 
	  0   0   0   0   1   0   0   0   0    -6.59026e-02 
	  0   0   0   0   0   0   1   0   0    -6.01536e-02 
	  0   1   0   0   2   0   0   0   0    -1.64585e-02 
	  0   0   0   0   0   0   0   0   1    7.29712e-02 
	  0   0   0   1   0   0   0   0   2    1.37984e-01 
	  0   0   0   0   0   1   0   0   2    -3.18156e-01 
	  0   0   0   0   1   0   0   1   1    -1.53847e-01 
	  0   0   0   1   1   0   0   0   0    -2.31736e-01 
	  1   2   0   0   0   0   0   0   0    -9.69697e-04 
	  1   0   0   1   0   0   0   0   0    1.06782e-01 
	  0   0   0   2   0   0   0   0   0    6.73873e-02 
	  2   0   0   0   0   0   0   0   0    2.89053e-02 
	  1   0   0   0   0   0   1   0   1    1.22879e-01 
	  0   0   0   0   2   0   0   0   1    -1.26941e-01 
	  0   1   0   0   0   0   0   0   0    -4.63007e-02 
	  0   0   0   0   0   2   0   0   0    -7.39383e-02 
	  0   0   1   0   0   0   0   0   3    -1.66180e-01 
	  0   1   0   1   0   0   0   0   0    -4.26109e-02 
	  0   0   0   1   1   0   1   0   0    7.47146e-02 
	  1   1   0   0   0   0   0   0   0    7.31204e-02 
	  0   2   0   0   0   0   0   0   0    -3.54879e-02 
	  1   0   0   0   0   1   0   0   1    1.21534e-01 
	  0   0   1   1   0   0   0   0   2    -2.29113e-01 
	  0   0   0   1   2   0   0   0   1    1.90721e-01 
	  2   0   0   0   0   0   0   0   2    -1.62259e-01 
	  0   0   0   0   3   0   0   1   0    7.28194e-02 
	  0   0   0   1   0   2   0   0   0    -1.67862e-01 
pectmajt6
parameters 28
# exponents ... coefficient
	  0   0   1   0   0   0   0   0   0    6.38179e-02 
	  0   0   0   0   0   0   0   0   0    1.90743e-01 
	  0   0   0   0   2   0   1   0   0    -1.52302e-01 
	  0   0   0   0   0   1   0   0   0    1.99926e-01 
	  0   0   0   1   0   0   0   0   0    -7.04778e-02 
	  0   0   0   0   0   0   0   1   0    -3.05610e-02 
	  0   0   0   0   0   0   0   0   1    1.31228e-01 
	  0   0   0   0   1   0   0   0   1    -1.68402e-01 
	  0   1   0   0   0   1   0   0   0    -1.05100e-02 
	  0   0   0   0   0   0   1   1   0    -9.75855e-02 
	  1   0   0   0   1   0   1   0   1    1.76329e-01 
	  1   0   0   1   0   0   0   0   0    5.96521e-02 
	  0   1   0   0   0   0   0   0   0    -1.89495e-02 
	  1   3   0   0   0   0   0   0   0    2.43361e-01 
	  2   0   0   0   1   0   0   0   0    3.42814e-02 
	  0   0   0   0   0   0   1   0   0    -6.28156e-02 
	  0   0   0   0   1   1   0   0   0    -6.09174e-02 
	  0   0   0   1   0   0   0   0   2    1.90403e-01 
	  0   0   0   0   0   1   0   0   2    -2.69867e-01 
	  0   0   0   0   0   0   0   1   1    -7.08278e-02 
	  0   1   0   1   0   0   0   0   0    -5.01449e-02 
	  0   0   0   1   3   0   0   0   0    -2.36419e-01 
	  0   0   0   0   2   0   0   0   0    -5.30246e-02 
	  0   0   0   2   1   0   0   0   0    7.51939e-02 
	  0   0   0   0   0   0   0   0   3    -3.88726e-02 
	  0   0   0   0   0   2   0   0   0    -8.94178e-02 
	  2   0   0   0   0   0   0   0   1    3.98764e-02 
	  0   2   0   1   0   0   0   0   1    -1.50479e-01 
pectmajc1
parameters 58
# exponents ... coefficient
	  0   0   0   0   0   0    1.92775e-01 
	  0   2   0   1   0   0    6.88913e-02 
	  0   0   1   0   0   0    1.67031e-01 
	  1   0   0   0   0   0    -5.10176e-03 
	  0   0   0   0   1   0    -2.75317e-02 
	  0   0   0   1   1   0    -1.28159e-01 
	  0   2   1   0   0   1    -7.76987e-02 
	  0   0   0   0   0   1    1.02647e-01 
	  0   2   0   0   0   2    -4.53555e-03 
	  1   0   0   0   0   2    7.77380e-02 
	  0   1   0   0   1   1    -1.51470e-01 
	  0   0   0   2   0   0    -6.54396e-02 
	  1   3   0   0   0   0    -7.13943e-02 
	  0   1   0   0   0   0    -3.70191e-02 
	  0   0   0   1   0   0    -2.92658e-03 
	  0   0   2   0   0   0    -6.99012e-02 
	  0   1   1   0   0   1    2.12296e-01 
	  1   1   0   0   0   0    -1.45944e-01 
	  1   2   0   0   0   1    1.24342e-01 
	  0   0   0   0   0   2    -5.39189e-02 
	  0   2   0   0   0   1    -2.04326e-01 
	  0   0   1   0   0   2    -1.34568e-01 
	  2   1   1   0   0   0    -3.59412e-01 
	  1   1   1   1   0   0    1.96594e-02 
	  2   0   0   1   0   1    8.38769e-03 
	  1   0   1   0   1   1    -4.01832e-01 
	  0   1   2   0   1   0    5.31483e-02 
	  1   2   0   0   1   0    -7.88589e-02 
	  0   0   0   1   0   1    3.01341e-02 
	  0   0   1   0   1   0    3.32922e-02 
	  2   1   0   1   0   0    8.35782e-02 
	  0   0   0   0   0   3    -8.66858e-02 
	  2   0   1   0   0   1    1.99248e-01 
	  0   2   0   1   1   0    1.77949e-01 
	  0   1   0   1   1   1    -6.40704e-02 
	  0   1   0   1   0   0    -2.37387e-01 
	  0   3   1   0   0   0    -9.99336e-02 
	  0   0   2   0   0   1    -1.03944e-01 
	  0   0   0   0   2   1    -7.06076e-02 
	  0   1   1   1   1   0    2.75710e-01 
	  1   1   0   1   1   0    -1.39912e-01 
	  0   2   0   0   2   0    6.08354e-02 
	  0   0   1   0   0   1    -1.47847e-01 
	  1   0   1   2   0   0    7.27025e-02 
	  0   1   0   2   1   0    -1.35411e-01 
	  0   0   1   2   0   1    -4.96868e-01 
	  1   0   0   2   0   1    2.72146e-01 
	  0   2   1   1   0   0    1.49214e-01 
	  1   2   0   1   0   0    -9.10732e-02 
	  2   0   0   0   1   1    7.11800e-02 
	  0   0   0   2   0   1    3.96457e-02 
	  0   1   0   1   2   0    7.59732e-02 
	  0   1   0   0   0   3    1.25673e-01 
	  0   0   0   0   1   1    2.06219e-02 
	  0   1   0   0   1   2    -4.74447e-02 
	  1   0   1   1   0   0    -1.83934e-01 
	  0   0   3   0   0   0    -4.07247e-02 
	  1   0   1   0   1   0    4.87179e-02 
pectmajc2
parameters 70
# exponents ... coefficient
	  0   0   0   0   0   0    1.52965e-01 
	  0   2   0   1   0   0    6.79406e-02 
	  0   0   1   0   0   0    1.36431e-01 
	  1   0   0   0   0   0    -9.78525e-03 
	  0   0   0   0   1   0    -3.06465e-02 
	  0   2   1   0   0   1    5.60234e-02 
	  0   0   0   1   1   0    -9.31115e-02 
	  0   2   0   0   0   0    -3.72986e-03 
	  0   0   0   0   0   4    -1.21322e-02 
	  0   0   0   0   0   1    7.00929e-02 
	  0   1   0   0   0   2    4.33188e-02 
	  0   0   0   1   0   0    -1.68740e-03 
	  1   2   0   0   0   0    -6.18422e-02 
	  1   2   0   0   0   1    -2.49476e-02 
	  0   1   0   0   1   1    -3.40370e-01 
	  0   0   0   2   0   0    -3.58347e-02 
	  0   0   2   0   0   0    -6.20112e-02 
	  0   1   1   0   0   1    6.95004e-02 
	  0   3   0   0   1   0    3.25310e-02 
	  2   0   1   0   0   0    -3.66563e-03 
	  0   0   0   0   1   1    7.86666e-02 
	  1   0   1   0   1   1    -2.01086e-01 
	  0   1   2   0   1   0    4.92698e-02 
	  2   0   0   0   1   1    3.39421e-02 
	  0   1   0   1   0   2    1.34662e-02 
	  1   1   1   1   0   0    -3.32029e-01 
	  0   1   0   0   3   0    2.90771e-02 
	  0   1   0   1   0   0    -1.79371e-01 
	  2   1   0   1   0   0    8.78901e-02 
	  0   1   1   1   1   0    2.71062e-01 
	  1   1   0   1   1   0    -1.26119e-01 
	  0   1   0   0   0   3    4.07130e-02 
	  0   2   0   0   0   1    -1.52691e-01 
	  0   0   0   0   0   3    -2.45544e-02 
	  1   0   0   0   0   1    3.23874e-02 
	  0   0   1   0   1   1    6.57795e-02 
	  1   1   0   0   1   1    -7.81885e-02 
	  2   0   1   0   0   1    1.23081e-01 
	  2   1   1   0   0   0    -2.55935e-01 
	  1   0   0   1   0   2    4.44618e-02 
	  0   0   1   1   0   2    -6.85399e-02 
	  0   2   0   1   1   0    9.47274e-02 
	  0   1   0   2   1   0    -7.58281e-02 
	  0   0   1   0   2   0    1.57830e-02 
	  0   0   0   0   2   1    -1.09411e-01 
	  0   2   0   0   2   0    2.46024e-02 
	  0   1   0   1   2   0    5.08129e-02 
	  0   1   0   1   0   1    3.37964e-02 
	  0   1   2   0   0   1    -1.45323e-01 
	  0   0   0   0   0   2    -7.19918e-02 
	  0   0   1   1   1   1    -2.01052e-01 
	  1   0   0   1   1   1    8.58504e-02 
	  1   1   0   0   2   0    -7.22531e-03 
	  0   1   0   0   0   0    -3.66685e-02 
	  0   3   1   0   0   0    -6.53755e-02 
	  0   1   0   0   2   1    1.74895e-01 
	  0   0   1   0   0   1    -1.08460e-01 
	  1   1   0   0   0   0    -9.35453e-02 
	  0   1   2   1   0   0    5.88565e-01 
	  0   0   2   1   0   0    -2.33992e-01 
	  1   1   0   0   0   2    1.77100e-01 
	  0   0   1   0   0   2    -6.39222e-02 
	  0   0   1   2   0   0    -7.65116e-02 
	  1   0   0   2   0   0    3.81802e-02 
	  1   2   0   0   1   0    -5.65151e-02 
	  0   0   1   0   1   0    2.09275e-02 
	  0   0   3   0   0   0    -3.00912e-02 
	  0   2   0   0   1   1    1.80194e-01 
	  1   1   1   0   1   0    6.75244e-02 
	  1   0   0   0   0   2    -4.23358e-02 
tricmed1
parameters 4
# exponents ... coefficient
	  0    1.45466e-01 
	  1    2.47381e-02 
	  2    -6.66471e-03 
	  4    2.69456e-03 
tricmed2
parameters 4
# exponents ... coefficient
	  0    1.69065e-01 
	  1    2.49512e-02 
	  2    -5.98175e-03 
	  4    1.37542e-03 
tricmed3
parameters 4
# exponents ... coefficient
	  0    5.53156e-02 
	  1    2.17127e-02 
	  2    -6.87632e-03 
	  3    3.94482e-03 
tricmed4
parameters 3
# exponents ... coefficient
	  0    9.29484e-02 
	  1    2.42545e-02 
	  2    -4.69500e-03 
tricmed5
parameters 4
# exponents ... coefficient
	  0    1.36102e-01 
	  1    2.48639e-02 
	  2    -5.57216e-03 
	  4    8.70957e-04 
brachialis1
parameters 4
# exponents ... coefficient
	  0    1.88050e-01 
	  2    1.89649e-03 
	  1    -8.60456e-03 
	  4    -1.23264e-02 
brachialis2
parameters 4
# exponents ... coefficient
	  0    1.80274e-01 
	  1    -9.35880e-03 
	  3    -3.80983e-03 
	  2    -1.08709e-03 
brachialis3
parameters 4
# exponents ... coefficient
	  0    1.46200e-01 
	  1    -9.73600e-03 
	  2    -3.58888e-03 
	  3    -7.88126e-04 
brachialis4
parameters 3
# exponents ... coefficient
	  0    1.42513e-01 
	  1    -8.86154e-03 
	  4    -7.20220e-03 
brachialis5
parameters 4
# exponents ... coefficient
	  0    1.10103e-01 
	  1    -8.83952e-03 
	  2    -2.88462e-03 
	  3    -9.98340e-04 
brachialis6
parameters 4
# exponents ... coefficient
	  0    9.77106e-02 
	  1    -8.74444e-03 
	  2    -3.12064e-03 
	  3    -7.63482e-04 
brachialis7
parameters 4
# exponents ... coefficient
	  0    9.49374e-02 
	  1    -7.79338e-03 
	  2    -2.19729e-03 
	  3    -1.13798e-03 
brachiorad1
parameters 11
# exponents ... coefficient
	  0   0    3.26918e-01 
	  2   0    -1.24968e-02 
	  2   2    5.42915e-03 
	  1   0    -6.77164e-03 
	  3   1    -2.93710e-02 
	  2   1    1.01498e-02 
	  4   0    7.82777e-02 
	  3   0    -5.60539e-02 
	  1   1    -5.50566e-03 
	  0   2    1.50756e-04 
	  1   3    -9.46064e-05 
brachiorad2
parameters 9
# exponents ... coefficient
	  0   0    3.11791e-01 
	  1   0    -1.23703e-02 
	  1   3    -1.63778e-04 
	  4   0    -3.33422e-02 
	  3   1    1.43572e-03 
	  0   4    1.69866e-05 
	  1   1    -3.25467e-03 
	  0   1    3.85354e-04 
	  2   2    2.35981e-03 
brachiorad3
parameters 11
# exponents ... coefficient
	  0   0    2.98674e-01 
	  1   0    -1.82671e-02 
	  0   4    1.28035e-05 
	  0   1    -5.02301e-04 
	  3   1    1.49946e-02 
	  4   0    -4.83423e-02 
	  2   2    -9.00982e-04 
	  1   3    -1.16051e-04 
	  3   0    2.87368e-02 
	  2   1    -1.01760e-02 
	  1   2    1.34156e-03 
pronteres1
parameters 14
# exponents ... coefficient
	  0   0    1.46528e-01 
	  1   3    1.70399e-04 
	  0   1    1.18965e-02 
	  2   0    -5.78492e-03 
	  1   0    3.74107e-03 
	  0   2    -7.54098e-03 
	  0   4    1.40532e-04 
	  1   1    -4.53976e-03 
	  3   0    2.66133e-04 
	  2   2    -1.61311e-04 
	  4   0    3.81559e-04 
	  1   2    4.69559e-04 
	  0   3    3.57085e-04 
	  2   1    1.77533e-04 
pronteres2
parameters 4
# exponents ... coefficient
	  0    8.16988e-02 
	  1    9.62678e-04 
	  4    1.84667e-04 
	  2    -3.97510e-03 
supinator1
parameters 4
# exponents ... coefficient
	  0    2.08672e-02 
	  1    1.42731e-02 
	  2    -2.98950e-03 
	  4    4.59421e-05 
supinator2
parameters 4
# exponents ... coefficient
	  0    1.85520e-02 
	  1    1.31539e-02 
	  2    -2.65745e-03 
	  4    3.51703e-05 
supinator3
parameters 4
# exponents ... coefficient
	  0    1.66668e-02 
	  1    1.11961e-02 
	  2    -2.03376e-03 
	  4    1.59684e-05 
supinator4
parameters 4
# exponents ... coefficient
	  0    1.56445e-02 
	  1    1.05396e-02 
	  2    -1.94487e-03 
	  4    1.39832e-05 
supinator5
parameters 4
# exponents ... coefficient
	  0    1.61614e-02 
	  1    9.74541e-03 
	  2    -1.83197e-03 
	  4    1.17308e-05 
pronquad1
parameters 4
# exponents ... coefficient
	  0    3.88252e-02 
	  1    -4.91132e-03 
	  4    9.87707e-05 
	  2    -6.18493e-04 
pronquad2
parameters 4
# exponents ... coefficient
	  0    3.83086e-02 
	  1    -1.67555e-02 
	  2    3.27617e-03 
	  3    1.46366e-04 
pronquad3
parameters 4
# exponents ... coefficient
	  0    3.56097e-02 
	  4    -4.86146e-04 
	  1    -1.57260e-02 
	  3    2.78101e-03 
triclat1
parameters 4
# exponents ... coefficient
	  0    2.22439e-01 
	  1    1.87977e-02 
	  2    6.64003e-03 
	  3    -3.89969e-03 
triclat2
parameters 4
# exponents ... coefficient
	  0    2.24661e-01 
	  1    2.05124e-02 
	  2    5.17524e-03 
	  3    -3.87901e-03 
triclat3
parameters 3
# exponents ... coefficient
	  0    2.29782e-01 
	  1    2.01929e-02 
	  3    -1.11579e-03 
triclat4
parameters 4
# exponents ... coefficient
	  0    1.90046e-01 
	  1    2.01441e-02 
	  3    -1.63980e-03 
	  4    6.36548e-04 
triclat5
parameters 4
# exponents ... coefficient
	  0    1.85913e-01 
	  1    1.76640e-02 
	  2    4.09210e-03 
	  3    -3.27472e-03 
anconeus1
parameters 4
# exponents ... coefficient
	  0    1.60128e-02 
	  1    5.37057e-03 
	  2    4.94339e-03 
	  3    -2.36594e-03 
anconeus2
parameters 4
# exponents ... coefficient
	  0    1.60977e-02 
	  2    8.76417e-03 
	  1    1.75683e-03 
	  3    -3.15026e-03 
anconeus3
parameters 4
# exponents ... coefficient
	  0    1.74796e-02 
	  1    9.58982e-03 
	  4    -8.97219e-04 
	  2    6.65775e-05 
anconeus4
parameters 4
# exponents ... coefficient
	  0    4.75538e-02 
	  3    1.04960e-02 
	  4    -7.73872e-03 
	  1    -1.43341e-04 
anconeus5
parameters 4
# exponents ... coefficient
	  0    3.16776e-02 
	  2    6.71530e-03 
	  1    -8.57188e-04 
	  4    -9.18477e-04 
