trapscap1
  RMS fit error of the full model is: 0.325734 mm
  maximum moment arm: 246.414889 mm
  maximum error allowed: 24.641489 mm
  Model addition step   1: Added term 0 0 0 0 1 0 -- RMS=132.707008, GCV=8.330724e-06, AIC = 7.509089
  Model addition step   2: Added term 0 0 0 0 0 0 -- RMS=117.497693, GCV=6.531492e-06, AIC = 7.265658
  Model addition step   3: Added term 0 1 0 0 0 0 -- RMS=95.609023, GCV=4.325240e-06, AIC = 6.853374
  Model addition step   4: Added term 0 0 1 0 0 0 -- RMS=78.586649, GCV=2.922595e-06, AIC = 6.461263
  Model addition step   5: Added term 0 0 0 1 0 0 -- RMS=57.050639, GCV=1.540461e-06, AIC = 5.820757
  Model addition step   6: Added term 1 1 0 0 0 0 -- RMS=44.978177, GCV=9.576178e-07, AIC = 5.345253
  Model addition step   7: Added term 0 0 0 0 0 2 -- RMS=34.621606, GCV=5.674684e-07, AIC = 4.821873
  Model addition step   8: Added term 0 0 1 0 0 1 -- RMS=30.027217, GCV=4.269098e-07, AIC = 4.537145
  Model addition step   9: Added term 1 0 1 0 0 0 -- RMS=26.508945, GCV=3.327741e-07, AIC = 4.287920
  Model addition step  10: Added term 2 0 0 0 0 0 -- RMS=25.023342, GCV=2.965610e-07, AIC = 4.172593
  Model addition step  11: Added term 0 0 0 2 0 0 -- RMS=23.464859, GCV=2.608063e-07, AIC = 4.044002
  Model addition step  12: Added term 1 0 0 1 0 0 -- RMS=20.412284, GCV=1.973895e-07, AIC = 3.765287
  Model addition step  13: Added term 0 0 0 0 0 1 -- RMS=19.316282, GCV=1.767855e-07, AIC = 3.654930
  Model addition step  14: Added term 0 0 0 1 0 1 -- RMS=15.003342, GCV=1.066680e-07, AIC = 3.149598
  Model addition step  15: Added term 0 0 2 0 1 0 -- RMS=13.579290, GCV=8.739191e-08, AIC = 2.950163
  Model addition step  16: Added term 0 2 0 1 0 0 -- RMS=12.292797, GCV=7.162708e-08, AIC = 2.751118
  Model addition step  17: Added term 0 0 1 1 1 0 -- RMS=11.410505, GCV=6.172262e-08, AIC = 2.602179
  Model addition step  18: Added term 0 2 1 0 0 0 -- RMS=10.500187, GCV=5.227421e-08, AIC = 2.435916
  Model addition step  19: Added term 0 0 0 0 2 1 -- RMS=9.932744, GCV=4.678327e-08, AIC = 2.324822
  Model addition step  20: Added term 0 2 0 0 0 0 -- RMS=9.338232, GCV=4.135616e-08, AIC = 2.201402
  Model addition step  21: Added term 1 0 0 0 0 0 -- RMS=8.843031, GCV=3.709129e-08, AIC = 2.092447
  Model addition step  22: Added term 2 2 0 0 0 0 -- RMS=8.157985, GCV=3.157143e-08, AIC = 1.931201
  Model addition step  23: Added term 0 0 0 2 1 0 -- RMS=7.653736, GCV=2.779292e-08, AIC = 1.803614
  Model addition step  24: Added term 0 0 1 0 2 1 -- RMS=7.183583, GCV=2.448659e-08, AIC = 1.676842
  Model addition step  25: Added term 0 0 0 0 1 2 -- RMS=6.909986, GCV=2.265996e-08, AIC = 1.599200
  Model addition step  26: Added term 2 0 1 0 0 0 -- RMS=6.649528, GCV=2.098675e-08, AIC = 1.522376
  Model addition step  27: Added term 1 0 1 0 1 1 -- RMS=6.350260, GCV=1.914280e-08, AIC = 1.430295
  Model addition step  28: Added term 1 0 0 1 1 0 -- RMS=6.106152, GCV=1.770175e-08, AIC = 1.351916
  Model addition step  29: Added term 2 0 0 0 1 0 -- RMS=5.622339, GCV=1.500977e-08, AIC = 1.186838
  Model addition step  30: Added term 0 0 0 0 2 0 -- RMS=5.238790, GCV=1.303349e-08, AIC = 1.045542
  Model addition step  31: Added term 2 0 0 0 2 0 -- RMS=4.921890, GCV=1.150592e-08, AIC = 0.920766
  Model addition step  32: Added term 0 0 2 0 0 0 -- RMS=4.676725, GCV=1.038963e-08, AIC = 0.818596
  Model addition step  33: Added term 0 2 0 0 2 0 -- RMS=4.385941, GCV=9.139045e-09, AIC = 0.690228
  Model addition step  34: Added term 1 3 0 0 0 0 -- RMS=4.224257, GCV=8.478807e-09, AIC = 0.615125
  Model addition step  35: Added term 0 0 0 0 0 3 -- RMS=4.091700, GCV=7.956102e-09, AIC = 0.551379
  Model addition step  36: Added term 1 0 0 1 0 1 -- RMS=3.938981, GCV=7.374277e-09, AIC = 0.475321
  Model addition step  37: Added term 0 0 0 2 0 1 -- RMS=3.743340, GCV=6.660842e-09, AIC = 0.373453
  Model addition step  38: Added term 1 0 0 2 1 0 -- RMS=3.602353, GCV=6.169385e-09, AIC = 0.296690
  Model addition step  39: Added term 0 1 1 0 1 0 -- RMS=3.453739, GCV=5.671621e-09, AIC = 0.212450
  Model addition step  40: Added term 3 1 0 0 0 0 -- RMS=3.336158, GCV=5.292736e-09, AIC = 0.143194
  Model addition step  41: Added term 0 0 0 0 3 1 -- RMS=3.238340, GCV=4.987591e-09, AIC = 0.083695
  Model addition step  42: Added term 0 0 0 3 0 0 -- RMS=3.101284, GCV=4.574966e-09, AIC = -0.002775
  Model addition step  43: Added term 2 0 0 1 1 0 -- RMS=2.984381, GCV=4.237134e-09, AIC = -0.079603
  Model addition step  44: Added term 1 0 2 0 0 0 -- RMS=2.886308, GCV=3.963764e-09, AIC = -0.146412
  Model addition step  45: Added term 0 1 0 1 0 0 -- RMS=2.794103, GCV=3.715064e-09, AIC = -0.211327
  Model addition step  46: Added term 0 0 0 1 1 0 -- RMS=2.692419, GCV=3.450052e-09, AIC = -0.285450
  Model addition step  47: Added term 1 0 0 0 3 0 -- RMS=2.520930, GCV=3.024968e-09, AIC = -0.417055
  Model addition step  48: Added term 0 1 1 0 0 0 -- RMS=2.410531, GCV=2.766199e-09, AIC = -0.506597
  Model addition step  49: Added term 0 1 0 1 2 0 -- RMS=2.294685, GCV=2.507050e-09, AIC = -0.605081
  Model addition step  50: Added term 2 1 0 0 0 0 -- RMS=2.212189, GCV=2.330346e-09, AIC = -0.678287
  Model addition step  51: Added term 1 0 0 1 1 1 -- RMS=2.129836, GCV=2.160364e-09, AIC = -0.754144
  Model addition step  52: Added term 1 0 1 2 0 0 -- RMS=2.064612, GCV=2.030347e-09, AIC = -0.816330
  Model addition step  53: Added term 3 0 0 0 0 1 -- RMS=2.013744, GCV=1.931795e-09, AIC = -0.866203
  Model addition step  54: Added term 1 1 0 0 0 1 -- RMS=1.962162, GCV=1.834344e-09, AIC = -0.918082
  Model addition step  55: Added term 1 1 0 0 1 1 -- RMS=1.869984, GCV=1.666272e-09, AIC = -1.014297
  Model addition step  56: Added term 0 1 0 2 0 0 -- RMS=1.813448, GCV=1.567254e-09, AIC = -1.075676
  Model addition step  57: Added term 1 2 0 1 0 0 -- RMS=1.752958, GCV=1.464641e-09, AIC = -1.143508
  Model addition step  58: Added term 0 1 0 0 1 0 -- RMS=1.695545, GCV=1.370458e-09, AIC = -1.210090
  Model addition step  59: Added term 0 0 0 1 0 2 -- RMS=1.660463, GCV=1.314511e-09, AIC = -1.251886
  Model addition step  60: Added term 1 0 0 0 1 2 -- RMS=1.614785, GCV=1.243353e-09, AIC = -1.307656
  Model addition step  61: Added term 1 0 0 0 0 1 -- RMS=1.530231, GCV=1.116703e-09, AIC = -1.415203
  Model addition step  62: Added term 2 0 0 0 0 1 -- RMS=1.488758, GCV=1.057136e-09, AIC = -1.470136
  Model addition step  63: Added term 0 1 1 1 1 0 -- RMS=1.446330, GCV=9.978755e-10, AIC = -1.527943
  Model addition step  64: Added term 1 1 1 0 0 0 -- RMS=1.402965, GCV=9.390614e-10, AIC = -1.588807
  Model addition step  65: Added term 2 1 1 0 0 0 -- RMS=1.274725, GCV=7.753406e-10, AIC = -1.780502
  Model addition step  66: Added term 0 2 0 1 0 1 -- RMS=1.230805, GCV=7.229315e-10, AIC = -1.850606
  Model addition step  67: Added term 1 0 0 1 0 2 -- RMS=1.191256, GCV=6.773106e-10, AIC = -1.915907
  Model addition step  68: Added term 1 0 1 0 0 1 -- RMS=1.155963, GCV=6.378586e-10, AIC = -1.976037
  Model addition step  69: Added term 3 0 0 0 1 0 -- RMS=1.122983, GCV=6.020628e-10, AIC = -2.033908
  Model addition step  70: Added term 0 1 0 0 1 2 -- RMS=1.095979, GCV=5.735339e-10, AIC = -2.082570
  Model addition step  71: Added term 0 1 0 0 2 1 -- RMS=1.072140, GCV=5.489286e-10, AIC = -2.126535
Change in error: 0.018902. No more terms added.
   72 polynomial terms were written for trapscap1
trapscap2
  RMS fit error of the full model is: 0.377543 mm
  maximum moment arm: 252.158439 mm
  maximum error allowed: 25.215844 mm
  Model addition step   1: Added term 0 0 0 0 1 0 -- RMS=133.319192, GCV=8.407761e-06, AIC = 7.518294
  Model addition step   2: Added term 0 1 0 0 1 0 -- RMS=117.263569, GCV=6.505489e-06, AIC = 7.261669
  Model addition step   3: Added term 0 0 0 1 1 0 -- RMS=103.560182, GCV=5.074556e-06, AIC = 7.013146
  Model addition step   4: Added term 0 0 1 0 0 0 -- RMS=88.293997, GCV=3.689211e-06, AIC = 6.694204
  Model addition step   5: Added term 0 0 0 0 0 0 -- RMS=70.615869, GCV=2.360122e-06, AIC = 6.247388
  Model addition step   6: Added term 1 1 0 0 2 0 -- RMS=57.195069, GCV=1.548480e-06, AIC = 5.825833
  Model addition step   7: Added term 0 0 0 0 0 2 -- RMS=47.908197, GCV=1.086593e-06, AIC = 5.471490
  Model addition step   8: Added term 0 1 0 0 0 0 -- RMS=39.932595, GCV=7.550245e-07, AIC = 5.107322
  Model addition step   9: Added term 0 0 1 0 0 1 -- RMS=34.686642, GCV=5.697564e-07, AIC = 4.825665
  Model addition step  10: Added term 1 0 0 0 0 0 -- RMS=28.615831, GCV=3.878253e-07, AIC = 4.440895
  Model addition step  11: Added term 1 0 1 0 0 0 -- RMS=26.587874, GCV=3.348493e-07, AIC = 4.293905
  Model addition step  12: Added term 0 0 0 0 0 1 -- RMS=25.213501, GCV=3.011668e-07, AIC = 4.187773
  Model addition step  13: Added term 0 0 0 1 0 1 -- RMS=22.756061, GCV=2.453544e-07, AIC = 3.982696
  Model addition step  14: Added term 0 0 1 1 0 0 -- RMS=20.131367, GCV=1.920458e-07, AIC = 3.737611
  Model addition step  15: Added term 1 1 0 0 1 0 -- RMS=18.804250, GCV=1.675827e-07, AIC = 3.601237
  Model addition step  16: Added term 0 0 2 0 1 0 -- RMS=17.355887, GCV=1.427807e-07, AIC = 3.440954
  Model addition step  17: Added term 1 0 0 1 0 0 -- RMS=16.145619, GCV=1.235788e-07, AIC = 3.296408
  Model addition step  18: Added term 2 0 0 0 1 0 -- RMS=14.478868, GCV=9.939455e-08, AIC = 3.078510
  Model addition step  19: Added term 0 1 1 0 2 0 -- RMS=13.345488, GCV=8.445416e-08, AIC = 2.915506
  Model addition step  20: Added term 0 0 0 2 0 0 -- RMS=12.618295, GCV=7.551135e-08, AIC = 2.803464
  Model addition step  21: Added term 0 0 0 1 3 0 -- RMS=11.570458, GCV=6.349957e-08, AIC = 2.630098
  Model addition step  22: Added term 0 2 0 1 1 0 -- RMS=10.557443, GCV=5.287446e-08, AIC = 2.446869
  Model addition step  23: Added term 2 0 0 0 0 0 -- RMS=9.743328, GCV=4.504036e-08, AIC = 2.286391
  Model addition step  24: Added term 0 0 0 0 1 1 -- RMS=9.412884, GCV=4.204278e-08, AIC = 2.217404
  Model addition step  25: Added term 1 0 0 0 0 1 -- RMS=8.968631, GCV=3.817307e-08, AIC = 2.120731
  Model addition step  26: Added term 0 0 0 0 2 0 -- RMS=8.436975, GCV=3.378602e-08, AIC = 1.998532
  Model addition step  27: Added term 0 0 0 1 1 1 -- RMS=8.041017, GCV=3.069335e-08, AIC = 1.902414
  Model addition step  28: Added term 1 0 0 0 1 1 -- RMS=7.468453, GCV=2.648150e-08, AIC = 1.754698
  Model addition step  29: Added term 0 2 0 0 0 0 -- RMS=7.017439, GCV=2.338284e-08, AIC = 1.630139
  Model addition step  30: Added term 2 2 0 0 0 0 -- RMS=6.400967, GCV=1.945763e-08, AIC = 1.446259
  Model addition step  31: Added term 1 0 0 1 1 0 -- RMS=6.047260, GCV=1.736900e-08, AIC = 1.332591
  Model addition step  32: Added term 0 0 0 2 2 0 -- RMS=5.676876, GCV=1.530859e-08, AIC = 1.206202
  Model addition step  33: Added term 0 0 0 1 2 0 -- RMS=5.378098, GCV=1.374145e-08, AIC = 1.098089
  Model addition step  34: Added term 0 0 2 0 2 0 -- RMS=5.124435, GCV=1.247745e-08, AIC = 1.001479
  Model addition step  35: Added term 3 0 1 0 0 0 -- RMS=4.912727, GCV=1.146933e-08, AIC = 0.917116
  Model addition step  36: Added term 1 3 0 0 0 0 -- RMS=4.690045, GCV=1.045456e-08, AIC = 0.824361
  Model addition step  37: Added term 0 0 0 0 0 3 -- RMS=4.511717, GCV=9.675964e-09, AIC = 0.746852
  Model addition step  38: Added term 0 1 1 1 0 1 -- RMS=4.264332, GCV=8.645125e-09, AIC = 0.634087
  Model addition step  39: Added term 0 2 1 0 0 0 -- RMS=4.101839, GCV=7.999915e-09, AIC = 0.556406
  Model addition step  40: Added term 0 1 0 0 0 1 -- RMS=3.982533, GCV=7.542336e-09, AIC = 0.497390
  Model addition step  41: Added term 1 0 0 2 1 0 -- RMS=3.858077, GCV=7.079259e-09, AIC = 0.433912
  Model addition step  42: Added term 0 0 0 3 0 0 -- RMS=3.615557, GCV=6.218065e-09, AIC = 0.304085
  Model addition step  43: Added term 2 0 0 1 1 0 -- RMS=3.436176, GCV=5.617130e-09, AIC = 0.202331
  Model addition step  44: Added term 0 1 0 1 1 0 -- RMS=3.297204, GCV=5.172663e-09, AIC = 0.119781
  Model addition step  45: Added term 0 0 1 0 1 2 -- RMS=3.151696, GCV=4.726829e-09, AIC = 0.029532
  Model addition step  46: Added term 1 0 0 0 1 2 -- RMS=2.991141, GCV=4.258082e-09, AIC = -0.075020
  Model addition step  47: Added term 0 0 0 2 1 1 -- RMS=2.851444, GCV=3.870158e-09, AIC = -0.170660
  Model addition step  48: Added term 2 1 0 0 0 0 -- RMS=2.718877, GCV=3.519144e-09, AIC = -0.265853
  Model addition step  49: Added term 1 0 0 1 0 1 -- RMS=2.616531, GCV=3.259632e-09, AIC = -0.342573
  Model addition step  50: Added term 1 0 0 0 2 0 -- RMS=2.513696, GCV=3.008854e-09, AIC = -0.422745
  Model addition step  51: Added term 0 0 0 1 0 0 -- RMS=2.430177, GCV=2.812616e-09, AIC = -0.490305
  Model addition step  52: Added term 0 1 1 0 0 0 -- RMS=2.346725, GCV=2.623119e-09, AIC = -0.560172
  Model addition step  53: Added term 2 0 0 0 0 1 -- RMS=2.286844, GCV=2.491296e-09, AIC = -0.611850
  Model addition step  54: Added term 3 0 0 0 1 0 -- RMS=2.208828, GCV=2.324529e-09, AIC = -0.681252
  Model addition step  55: Added term 0 0 0 1 0 2 -- RMS=2.143173, GCV=2.188692e-09, AIC = -0.741581
  Model addition step  56: Added term 1 0 0 1 2 0 -- RMS=2.083649, GCV=2.069085e-09, AIC = -0.797895
  Model addition step  57: Added term 2 1 1 0 0 0 -- RMS=2.025563, GCV=1.955598e-09, AIC = -0.854422
  Model addition step  58: Added term 1 1 1 0 0 0 -- RMS=1.962355, GCV=1.835701e-09, AIC = -0.917808
  Model addition step  59: Added term 2 0 1 1 0 0 -- RMS=1.904555, GCV=1.729389e-09, AIC = -0.977583
  Model addition step  60: Added term 1 0 2 0 0 0 -- RMS=1.850411, GCV=1.632681e-09, AIC = -1.035244
  Model addition step  61: Added term 0 1 0 0 1 2 -- RMS=1.799986, GCV=1.545119e-09, AIC = -1.090482
  Model addition step  62: Added term 0 0 0 3 0 1 -- RMS=1.761042, GCV=1.479183e-09, AIC = -1.134210
Change in error: 0.018992. No more terms added.
   63 polynomial terms were written for trapscap2
trapscap3
  RMS fit error of the full model is: 0.555199 mm
  maximum moment arm: 254.242601 mm
  maximum error allowed: 25.424260 mm
  Model addition step   1: Added term 0 0 0 0 1 0 -- RMS=133.131199, GCV=8.384066e-06, AIC = 7.515472
  Model addition step   2: Added term 0 1 0 0 1 0 -- RMS=114.058268, GCV=6.154705e-06, AIC = 7.206240
  Model addition step   3: Added term 0 0 0 1 1 0 -- RMS=99.855722, GCV=4.718004e-06, AIC = 6.940293
  Model addition step   4: Added term 0 0 1 0 0 0 -- RMS=84.553230, GCV=3.383230e-06, AIC = 6.607622
  Model addition step   5: Added term 1 0 0 0 0 0 -- RMS=70.641366, GCV=2.361827e-06, AIC = 6.248110
  Model addition step   6: Added term 0 0 0 0 0 1 -- RMS=60.034587, GCV=1.706049e-06, AIC = 5.922740
  Model addition step   7: Added term 0 0 0 0 0 0 -- RMS=48.480111, GCV=1.112691e-06, AIC = 5.495224
  Model addition step   8: Added term 0 1 0 0 0 0 -- RMS=40.992970, GCV=7.956549e-07, AIC = 5.159738
  Model addition step   9: Added term 0 0 0 1 0 1 -- RMS=34.025806, GCV=5.482536e-07, AIC = 4.787194
  Model addition step  10: Added term 1 0 1 1 0 0 -- RMS=29.137390, GCV=4.020913e-07, AIC = 4.477020
  Model addition step  11: Added term 1 1 0 0 1 0 -- RMS=24.932836, GCV=2.944594e-07, AIC = 4.165366
  Model addition step  12: Added term 0 0 2 0 2 0 -- RMS=23.427201, GCV=2.600050e-07, AIC = 4.040809
  Model addition step  13: Added term 0 0 0 0 0 2 -- RMS=21.925247, GCV=2.277658e-07, AIC = 3.908311
  Model addition step  14: Added term 1 0 1 0 1 0 -- RMS=20.796780, GCV=2.049512e-07, AIC = 3.802649
  Model addition step  15: Added term 2 0 1 0 1 0 -- RMS=19.519725, GCV=1.805778e-07, AIC = 3.675923
  Model addition step  16: Added term 1 1 0 1 0 0 -- RMS=18.469331, GCV=1.616881e-07, AIC = 3.565314
  Model addition step  17: Added term 2 0 0 0 1 0 -- RMS=17.578933, GCV=1.464939e-07, AIC = 3.466513
  Model addition step  18: Added term 0 0 1 1 0 0 -- RMS=16.756649, GCV=1.331275e-07, AIC = 3.370720
  Model addition step  19: Added term 1 0 0 0 0 1 -- RMS=15.854608, GCV=1.191964e-07, AIC = 3.260069
  Model addition step  20: Added term 0 0 0 0 1 1 -- RMS=14.970560, GCV=1.062887e-07, AIC = 3.145339
  Model addition step  21: Added term 0 0 1 0 3 0 -- RMS=13.748859, GCV=8.966088e-08, AIC = 2.975099
  Model addition step  22: Added term 1 0 0 1 1 0 -- RMS=12.796810, GCV=7.768405e-08, AIC = 2.831599
  Model addition step  23: Added term 0 1 0 1 1 0 -- RMS=12.099567, GCV=6.945873e-08, AIC = 2.719565
  Model addition step  24: Added term 0 0 0 1 1 1 -- RMS=11.497863, GCV=6.273071e-08, AIC = 2.617568
  Model addition step  25: Added term 1 0 0 0 1 1 -- RMS=10.694993, GCV=5.428324e-08, AIC = 2.472816
  Model addition step  26: Added term 0 0 2 0 1 0 -- RMS=10.287810, GCV=5.023535e-08, AIC = 2.395203
  Model addition step  27: Added term 0 1 0 0 0 1 -- RMS=9.875058, GCV=4.629155e-08, AIC = 2.313328
  Model addition step  28: Added term 0 2 1 0 0 0 -- RMS=9.621648, GCV=4.395214e-08, AIC = 2.261354
  Model addition step  29: Added term 2 0 0 0 2 0 -- RMS=9.379718, GCV=4.177530e-08, AIC = 2.210441
  Model addition step  30: Added term 1 0 0 1 2 0 -- RMS=8.930409, GCV=3.787402e-08, AIC = 2.112286
  Model addition step  31: Added term 0 0 0 0 2 0 -- RMS=8.223015, GCV=3.211587e-08, AIC = 1.947254
  Model addition step  32: Added term 0 0 0 2 0 0 -- RMS=7.494426, GCV=2.668045e-08, AIC = 1.761719
  Model addition step  33: Added term 1 0 1 0 0 0 -- RMS=7.006221, GCV=2.332077e-08, AIC = 1.627016
  Model addition step  34: Added term 1 1 0 0 2 0 -- RMS=6.697416, GCV=2.131320e-08, AIC = 1.536882
  Model addition step  35: Added term 0 1 0 0 0 3 -- RMS=6.444512, GCV=1.973663e-08, AIC = 1.459916
  Model addition step  36: Added term 0 1 1 0 0 2 -- RMS=6.231294, GCV=1.845475e-08, AIC = 1.392645
  Model addition step  37: Added term 1 0 0 2 1 0 -- RMS=6.067051, GCV=1.749709e-08, AIC = 1.339242
  Model addition step  38: Added term 0 0 0 1 0 0 -- RMS=5.868788, GCV=1.637443e-08, AIC = 1.272812
  Model addition step  39: Added term 0 0 0 2 1 1 -- RMS=5.631554, GCV=1.507942e-08, AIC = 1.190306
  Model addition step  40: Added term 2 1 0 1 0 0 -- RMS=5.349564, GCV=1.360893e-08, AIC = 1.087584
  Model addition step  41: Added term 1 0 0 1 1 1 -- RMS=5.084513, GCV=1.229545e-08, AIC = 0.985972
  Model addition step  42: Added term 0 2 0 0 0 0 -- RMS=4.923835, GCV=1.153219e-08, AIC = 0.921768
  Model addition step  43: Added term 1 3 0 0 0 0 -- RMS=4.439677, GCV=9.377053e-09, AIC = 0.714775
  Model addition step  44: Added term 0 0 0 0 1 2 -- RMS=4.285182, GCV=8.736974e-09, AIC = 0.643958
  Model addition step  45: Added term 2 1 0 0 1 0 -- RMS=4.145685, GCV=8.178504e-09, AIC = 0.577787
  Model addition step  46: Added term 2 0 0 1 1 0 -- RMS=3.923263, GCV=7.325464e-09, AIC = 0.467518
  Model addition step  47: Added term 0 0 0 3 1 0 -- RMS=3.797487, GCV=6.864226e-09, AIC = 0.402368
  Model addition step  48: Added term 0 0 1 0 0 1 -- RMS=3.633515, GCV=6.285095e-09, AIC = 0.314110
  Model addition step  49: Added term 0 0 0 1 0 2 -- RMS=3.523270, GCV=5.910289e-09, AIC = 0.252507
  Model addition step  50: Added term 0 1 1 0 1 0 -- RMS=3.436157, GCV=5.622400e-09, AIC = 0.202455
  Model addition step  51: Added term 0 2 0 1 0 0 -- RMS=3.348909, GCV=5.341230e-09, AIC = 0.151036
  Model addition step  52: Added term 3 0 0 0 1 0 -- RMS=3.257754, GCV=5.055103e-09, AIC = 0.095862
  Model addition step  53: Added term 0 0 0 2 2 0 -- RMS=3.177923, GCV=4.811043e-09, AIC = 0.046261
Change in error: 0.018687. No more terms added.
   54 polynomial terms were written for trapscap3
trapscap4
  RMS fit error of the full model is: 0.771813 mm
  maximum moment arm: 258.735167 mm
  maximum error allowed: 25.873517 mm
  Model addition step   1: Added term 0 0 0 0 1 0 -- RMS=134.108173, GCV=8.507569e-06, AIC = 7.530095
  Model addition step   2: Added term 0 1 0 0 1 0 -- RMS=113.140024, GCV=6.056005e-06, AIC = 7.190073
  Model addition step   3: Added term 0 0 0 1 1 0 -- RMS=98.926427, GCV=4.630598e-06, AIC = 6.921593
  Model addition step   4: Added term 0 0 1 0 0 0 -- RMS=84.133838, GCV=3.349751e-06, AIC = 6.597677
  Model addition step   5: Added term 1 0 0 0 0 0 -- RMS=69.740067, GCV=2.301943e-06, AIC = 6.222429
  Model addition step   6: Added term 0 0 0 0 0 1 -- RMS=57.114287, GCV=1.544109e-06, AIC = 5.823006
  Model addition step   7: Added term 0 0 0 0 0 0 -- RMS=49.755292, GCV=1.171995e-06, AIC = 5.547151
  Model addition step   8: Added term 0 1 0 0 0 0 -- RMS=43.268128, GCV=8.864254e-07, AIC = 5.267769
  Model addition step   9: Added term 0 0 0 1 0 1 -- RMS=36.591963, GCV=6.340684e-07, AIC = 4.932613
  Model addition step  10: Added term 1 0 1 1 0 0 -- RMS=31.393548, GCV=4.667714e-07, AIC = 4.626180
  Model addition step  11: Added term 1 1 0 0 2 0 -- RMS=27.270208, GCV=3.522565e-07, AIC = 4.344584
  Model addition step  12: Added term 0 0 0 0 0 2 -- RMS=25.708715, GCV=3.131134e-07, AIC = 4.226674
  Model addition step  13: Added term 0 0 2 0 2 0 -- RMS=24.163749, GCV=2.766485e-07, AIC = 4.102740
  Model addition step  14: Added term 0 0 1 0 3 0 -- RMS=22.982306, GCV=2.502912e-07, AIC = 4.002502
  Model addition step  15: Added term 0 0 1 1 0 0 -- RMS=21.821532, GCV=2.256771e-07, AIC = 3.898866
  Model addition step  16: Added term 1 0 0 0 0 1 -- RMS=20.489391, GCV=1.989912e-07, AIC = 3.772905
  Model addition step  17: Added term 0 0 0 0 3 1 -- RMS=18.794788, GCV=1.674594e-07, AIC = 3.600269
  Model addition step  18: Added term 2 0 0 0 0 0 -- RMS=17.451923, GCV=1.444042e-07, AIC = 3.452029
  Model addition step  19: Added term 1 0 0 1 1 0 -- RMS=15.396398, GCV=1.124062e-07, AIC = 3.201416
  Model addition step  20: Added term 0 1 0 1 2 0 -- RMS=14.747509, GCV=1.031450e-07, AIC = 3.115316
  Model addition step  21: Added term 0 0 2 0 1 0 -- RMS=14.319067, GCV=9.725213e-08, AIC = 3.056372
  Model addition step  22: Added term 1 0 1 0 0 0 -- RMS=13.933200, GCV=9.209375e-08, AIC = 3.001756
  Model addition step  23: Added term 1 1 0 0 1 0 -- RMS=13.549858, GCV=8.710773e-08, AIC = 2.945978
  Model addition step  24: Added term 1 0 0 1 2 0 -- RMS=13.016241, GCV=8.039280e-08, AIC = 2.865641
  Model addition step  25: Added term 0 0 0 0 2 0 -- RMS=12.394922, GCV=7.291089e-08, AIC = 2.767838
  Model addition step  26: Added term 0 1 0 0 0 1 -- RMS=11.778960, GCV=6.585329e-08, AIC = 2.665914
  Model addition step  27: Added term 0 0 0 1 1 2 -- RMS=11.247172, GCV=6.004944e-08, AIC = 2.573537
  Model addition step  28: Added term 1 0 0 1 0 1 -- RMS=10.674834, GCV=5.410077e-08, AIC = 2.469101
  Model addition step  29: Added term 0 0 0 2 0 0 -- RMS=10.115193, GCV=4.858345e-08, AIC = 2.361419
  Model addition step  30: Added term 2 0 0 0 1 1 -- RMS=9.604338, GCV=4.380600e-08, AIC = 2.257791
  Model addition step  31: Added term 1 0 0 0 1 2 -- RMS=9.199994, GCV=4.020061e-08, AIC = 2.171786
  Model addition step  32: Added term 0 0 0 1 0 0 -- RMS=8.763119, GCV=3.647824e-08, AIC = 2.074504
  Model addition step  33: Added term 0 1 1 0 1 0 -- RMS=8.174322, GCV=3.174524e-08, AIC = 1.935415
  Model addition step  34: Added term 1 0 0 0 3 0 -- RMS=7.620890, GCV=2.759595e-08, AIC = 1.795225
  Model addition step  35: Added term 0 0 0 2 0 1 -- RMS=7.119565, GCV=2.408795e-08, AIC = 1.659151
  Model addition step  36: Added term 2 2 0 0 0 0 -- RMS=6.784716, GCV=2.187837e-08, AIC = 1.562822
  Model addition step  37: Added term 0 2 0 1 0 0 -- RMS=6.535223, GCV=2.030165e-08, AIC = 1.487909
  Model addition step  38: Added term 1 0 0 2 0 0 -- RMS=6.300181, GCV=1.887015e-08, AIC = 1.414672
  Model addition step  39: Added term 2 0 0 1 1 0 -- RMS=5.924321, GCV=1.668804e-08, AIC = 1.291667
  Model addition step  40: Added term 0 0 0 3 0 0 -- RMS=5.614628, GCV=1.499094e-08, AIC = 1.184305
  Model addition step  41: Added term 3 0 0 0 1 0 -- RMS=5.364384, GCV=1.368628e-08, AIC = 1.093137
  Model addition step  42: Added term 2 0 1 0 1 0 -- RMS=5.066266, GCV=1.220902e-08, AIC = 0.978801
  Model addition step  43: Added term 0 0 0 0 0 3 -- RMS=4.808674, GCV=1.100055e-08, AIC = 0.874455
  Model addition step  44: Added term 1 0 1 0 0 1 -- RMS=4.560986, GCV=9.897827e-09, AIC = 0.768709
  Model addition step  45: Added term 0 3 0 1 0 0 -- RMS=4.343457, GCV=8.977438e-09, AIC = 0.670992
  Model addition step  46: Added term 0 2 0 0 0 0 -- RMS=4.155400, GCV=8.217993e-09, AIC = 0.582487
  Model addition step  47: Added term 1 3 0 0 0 0 -- RMS=3.979761, GCV=7.538987e-09, AIC = 0.496133
  Model addition step  48: Added term 0 0 0 3 0 1 -- RMS=3.820015, GCV=6.946853e-09, AIC = 0.414217
  Model addition step  49: Added term 1 0 0 1 0 0 -- RMS=3.729264, GCV=6.621603e-09, AIC = 0.366150
  Model addition step  50: Added term 2 0 0 1 0 0 -- RMS=3.575449, GCV=6.087471e-09, AIC = 0.281929
Change in error: 0.019626. No more terms added.
   51 polynomial terms were written for trapscap4
trapscap5
  RMS fit error of the full model is: 1.027686 mm
  maximum moment arm: 261.505370 mm
  maximum error allowed: 26.150537 mm
  Model addition step   1: Added term 0 0 0 0 1 0 -- RMS=131.368535, GCV=8.163525e-06, AIC = 7.488815
  Model addition step   2: Added term 0 1 0 0 1 0 -- RMS=106.919306, GCV=5.408365e-06, AIC = 7.076969
  Model addition step   3: Added term 0 0 0 1 1 0 -- RMS=94.462560, GCV=4.222132e-06, AIC = 6.829247
  Model addition step   4: Added term 0 0 1 0 1 0 -- RMS=82.111672, GCV=3.190663e-06, AIC = 6.549020
  Model addition step   5: Added term 1 0 0 0 1 0 -- RMS=70.478493, GCV=2.350948e-06, AIC = 6.243494
  Model addition step   6: Added term 0 0 0 0 1 1 -- RMS=58.454849, GCV=1.617445e-06, AIC = 5.869407
  Model addition step   7: Added term 0 0 0 0 0 0 -- RMS=51.683573, GCV=1.264597e-06, AIC = 5.623197
  Model addition step   8: Added term 0 1 0 0 0 0 -- RMS=44.647220, GCV=9.438322e-07, AIC = 5.330521
  Model addition step   9: Added term 0 0 0 1 0 1 -- RMS=38.583162, GCV=7.049532e-07, AIC = 5.038588
  Model addition step  10: Added term 1 0 1 1 0 0 -- RMS=32.238974, GCV=4.922501e-07, AIC = 4.679327
  Model addition step  11: Added term 0 0 2 0 1 0 -- RMS=30.355356, GCV=4.364684e-07, AIC = 4.558940
  Model addition step  12: Added term 1 1 0 0 2 0 -- RMS=28.871015, GCV=3.948798e-07, AIC = 4.458690
  Model addition step  13: Added term 0 0 0 0 0 2 -- RMS=27.514976, GCV=3.587054e-07, AIC = 4.362494
  Model addition step  14: Added term 1 0 0 0 0 1 -- RMS=25.747488, GCV=3.141435e-07, AIC = 4.229726
  Model addition step  15: Added term 0 0 0 0 2 1 -- RMS=24.212650, GCV=2.778445e-07, AIC = 4.106822
  Model addition step  16: Added term 2 0 0 0 0 0 -- RMS=22.525111, GCV=2.404970e-07, AIC = 3.962352
  Model addition step  17: Added term 1 0 0 1 1 0 -- RMS=20.403590, GCV=1.973548e-07, AIC = 3.764532
  Model addition step  18: Added term 0 0 1 1 1 0 -- RMS=18.357340, GCV=1.597765e-07, AIC = 3.553189
  Model addition step  19: Added term 1 0 1 0 0 0 -- RMS=17.453340, GCV=1.444472e-07, AIC = 3.452211
  Model addition step  20: Added term 0 0 0 2 0 0 -- RMS=16.779764, GCV=1.335311e-07, AIC = 3.373515
  Model addition step  21: Added term 1 0 0 0 2 1 -- RMS=16.155651, GCV=1.237994e-07, AIC = 3.297727
  Model addition step  22: Added term 0 0 0 0 1 2 -- RMS=15.480995, GCV=1.136910e-07, AIC = 3.212433
  Model addition step  23: Added term 0 2 0 1 0 0 -- RMS=14.761443, GCV=1.033820e-07, AIC = 3.117263
  Model addition step  24: Added term 0 0 0 0 3 1 -- RMS=14.083554, GCV=9.411753e-08, AIC = 3.023261
  Model addition step  25: Added term 0 0 0 1 1 1 -- RMS=13.323313, GCV=8.424211e-08, AIC = 2.912295
  Model addition step  26: Added term 0 1 0 0 0 1 -- RMS=12.756594, GCV=7.723836e-08, AIC = 2.825381
  Model addition step  27: Added term 2 2 0 0 0 0 -- RMS=12.260811, GCV=7.136097e-08, AIC = 2.746119
  Model addition step  28: Added term 1 0 0 1 2 0 -- RMS=11.769459, GCV=6.576490e-08, AIC = 2.664339
  Model addition step  29: Added term 2 0 0 0 2 0 -- RMS=10.977997, GCV=5.722505e-08, AIC = 2.525128
  Model addition step  30: Added term 0 0 0 0 2 0 -- RMS=10.367115, GCV=5.104046e-08, AIC = 2.410639
  Model addition step  31: Added term 1 1 0 0 1 0 -- RMS=9.672641, GCV=4.443730e-08, AIC = 2.271983
  Model addition step  32: Added term 0 1 1 0 0 0 -- RMS=8.908786, GCV=3.770105e-08, AIC = 2.107476
  Model addition step  33: Added term 1 0 1 1 1 0 -- RMS=8.297979, GCV=3.271296e-08, AIC = 1.965443
  Model addition step  34: Added term 0 0 0 1 1 2 -- RMS=8.028309, GCV=3.062543e-08, AIC = 1.899386
  Model addition step  35: Added term 1 0 0 1 0 1 -- RMS=7.737328, GCV=2.844951e-08, AIC = 1.825570
  Model addition step  36: Added term 0 0 1 1 1 1 -- RMS=7.530610, GCV=2.695330e-08, AIC = 1.771429
  Model addition step  37: Added term 0 1 0 1 2 0 -- RMS=7.349992, GCV=2.567937e-08, AIC = 1.722895
  Model addition step  38: Added term 0 2 0 0 0 0 -- RMS=7.125726, GCV=2.413946e-08, AIC = 1.660939
  Model addition step  39: Added term 1 2 0 0 0 1 -- RMS=6.928870, GCV=2.282722e-08, AIC = 1.604928
  Model addition step  40: Added term 0 1 0 2 0 1 -- RMS=6.719498, GCV=2.147142e-08, AIC = 1.543581
  Model addition step  41: Added term 1 0 0 1 0 0 -- RMS=6.538327, GCV=2.033196e-08, AIC = 1.488936
  Model addition step  42: Added term 0 0 0 2 2 0 -- RMS=6.292174, GCV=1.883242e-08, AIC = 1.412206
  Model addition step  43: Added term 2 0 0 0 0 1 -- RMS=6.124286, GCV=1.784327e-08, AIC = 1.358136
  Model addition step  44: Added term 1 0 0 0 1 2 -- RMS=5.932914, GCV=1.674783e-08, AIC = 1.294663
  Model addition step  45: Added term 0 0 0 0 0 3 -- RMS=5.713852, GCV=1.553601e-08, AIC = 1.219438
  Model addition step  46: Added term 0 3 0 0 1 0 -- RMS=5.551519, GCV=1.466776e-08, AIC = 1.161813
  Model addition step  47: Added term 0 1 1 0 1 1 -- RMS=5.421357, GCV=1.398991e-08, AIC = 1.114382
  Model addition step  48: Added term 0 1 0 0 2 1 -- RMS=5.272678, GCV=1.323489e-08, AIC = 1.058785
  Model addition step  49: Added term 0 1 0 1 0 1 -- RMS=5.043493, GCV=1.211099e-08, AIC = 0.969926
  Model addition step  50: Added term 1 1 0 1 0 0 -- RMS=4.838104, GCV=1.114618e-08, AIC = 0.886793
Change in error: 0.016696. No more terms added.
   51 polynomial terms were written for trapscap5
trapscap6
  RMS fit error of the full model is: 1.112017 mm
  maximum moment arm: 284.618169 mm
  maximum error allowed: 28.461817 mm
  Model addition step   1: Added term 0 0 0 0 1 0 -- RMS=133.158356, GCV=8.387487e-06, AIC = 7.515879
  Model addition step   2: Added term 0 1 0 0 1 0 -- RMS=98.892701, GCV=4.626816e-06, AIC = 6.920892
  Model addition step   3: Added term 0 0 0 0 0 2 -- RMS=90.815572, GCV=3.902411e-06, AIC = 6.750502
  Model addition step   4: Added term 0 0 0 1 2 0 -- RMS=82.539721, GCV=3.224015e-06, AIC = 6.559419
  Model addition step   5: Added term 1 0 1 0 0 0 -- RMS=74.128904, GCV=2.600788e-06, AIC = 6.344490
  Model addition step   6: Added term 1 1 0 0 2 0 -- RMS=62.891017, GCV=1.872258e-06, AIC = 6.015705
  Model addition step   7: Added term 0 0 0 0 0 0 -- RMS=55.240649, GCV=1.444657e-06, AIC = 5.756315
  Model addition step   8: Added term 0 1 0 0 0 0 -- RMS=48.724011, GCV=1.124067e-06, AIC = 5.505280
  Model addition step   9: Added term 1 0 0 0 0 1 -- RMS=43.575304, GCV=8.991777e-07, AIC = 5.281937
  Model addition step  10: Added term 0 0 0 1 0 1 -- RMS=39.744939, GCV=7.481472e-07, AIC = 5.097940
  Model addition step  11: Added term 2 0 0 0 1 0 -- RMS=35.251297, GCV=5.886164e-07, AIC = 4.857999
  Model addition step  12: Added term 1 0 0 1 1 0 -- RMS=31.516431, GCV=4.705599e-07, AIC = 4.634032
  Model addition step  13: Added term 0 0 0 0 0 1 -- RMS=27.606861, GCV=3.611051e-07, AIC = 4.369162
  Model addition step  14: Added term 0 0 0 2 1 0 -- RMS=24.263021, GCV=2.789640e-07, AIC = 4.110959
  Model addition step  15: Added term 0 0 1 1 2 0 -- RMS=22.501693, GCV=2.399648e-07, AIC = 3.960253
  Model addition step  16: Added term 0 0 2 0 2 0 -- RMS=20.827291, GCV=2.056087e-07, AIC = 3.805619
  Model addition step  17: Added term 0 0 1 0 0 0 -- RMS=20.119552, GCV=1.918983e-07, AIC = 3.736494
  Model addition step  18: Added term 0 0 1 0 3 0 -- RMS=19.183680, GCV=1.744846e-07, AIC = 3.641249
  Model addition step  19: Added term 1 0 0 0 2 1 -- RMS=18.339607, GCV=1.594895e-07, AIC = 3.551275
  Model addition step  20: Added term 0 0 0 1 1 1 -- RMS=17.275971, GCV=1.415454e-07, AIC = 3.431801
  Model addition step  21: Added term 0 0 1 1 1 0 -- RMS=16.621707, GCV=1.310451e-07, AIC = 3.354606
  Model addition step  22: Added term 0 2 0 0 0 0 -- RMS=16.040951, GCV=1.220643e-07, AIC = 3.283497
  Model addition step  23: Added term 0 1 0 1 2 0 -- RMS=15.521487, GCV=1.143020e-07, AIC = 3.217677
  Model addition step  24: Added term 2 0 0 0 0 0 -- RMS=14.921608, GCV=1.056519e-07, AIC = 3.138866
  Model addition step  25: Added term 1 0 0 1 2 0 -- RMS=14.006301, GCV=9.310044e-08, AIC = 3.012279
  Model addition step  26: Added term 0 0 0 2 2 0 -- RMS=12.979270, GCV=7.995840e-08, AIC = 2.859991
  Model addition step  27: Added term 0 0 0 0 2 0 -- RMS=12.115789, GCV=6.968283e-08, AIC = 2.722322
  Model addition step  28: Added term 2 0 0 0 2 0 -- RMS=10.827728, GCV=5.566162e-08, AIC = 2.497543
  Model addition step  29: Added term 0 1 1 0 2 0 -- RMS=10.240098, GCV=4.979070e-08, AIC = 2.385964
  Model addition step  30: Added term 0 0 0 0 1 3 -- RMS=9.889574, GCV=4.644660e-08, AIC = 2.316323
  Model addition step  31: Added term 2 2 0 0 0 0 -- RMS=9.545324, GCV=4.327519e-08, AIC = 2.245483
  Model addition step  32: Added term 1 0 0 0 1 0 -- RMS=9.214419, GCV=4.033224e-08, AIC = 2.174939
  Model addition step  33: Added term 1 2 0 0 0 1 -- RMS=8.828929, GCV=3.703320e-08, AIC = 2.089487
  Model addition step  34: Added term 0 1 0 1 0 1 -- RMS=8.538372, GCV=3.464050e-08, AIC = 2.022579
  Model addition step  35: Added term 1 2 0 1 0 0 -- RMS=8.271485, GCV=3.251321e-08, AIC = 1.959086
  Model addition step  36: Added term 0 1 1 0 0 2 -- RMS=8.031356, GCV=3.065698e-08, AIC = 1.900184
  Model addition step  37: Added term 1 2 1 0 0 0 -- RMS=7.790851, GCV=2.885229e-08, AIC = 1.839397
  Model addition step  38: Added term 1 0 0 1 0 0 -- RMS=7.574479, GCV=2.727563e-08, AIC = 1.783085
  Model addition step  39: Added term 0 0 2 0 0 0 -- RMS=7.351654, GCV=2.569794e-08, AIC = 1.723386
  Model addition step  40: Added term 1 0 0 0 1 2 -- RMS=7.139399, GCV=2.423876e-08, AIC = 1.664811
  Model addition step  41: Added term 0 1 0 3 0 0 -- RMS=6.922740, GCV=2.279302e-08, AIC = 1.603197
  Model addition step  42: Added term 1 1 0 2 0 0 -- RMS=6.566290, GCV=2.050902e-08, AIC = 1.497491
  Model addition step  43: Added term 3 1 0 0 0 0 -- RMS=6.322702, GCV=1.901818e-08, AIC = 1.421905
  Model addition step  44: Added term 0 0 0 0 1 1 -- RMS=6.061066, GCV=1.747916e-08, AIC = 1.337403
  Model addition step  45: Added term 0 1 0 2 0 0 -- RMS=5.855154, GCV=1.631391e-08, AIC = 1.268295
  Model addition step  46: Added term 0 2 1 1 0 0 -- RMS=5.597516, GCV=1.491183e-08, AIC = 1.178316
  Model addition step  47: Added term 0 0 0 2 0 1 -- RMS=5.357071, GCV=1.366010e-08, AIC = 1.090524
  Model addition step  48: Added term 0 1 0 1 0 0 -- RMS=5.188781, GCV=1.281707e-08, AIC = 1.026706
  Model addition step  49: Added term 0 0 0 2 0 0 -- RMS=5.033812, GCV=1.206454e-08, AIC = 0.966083
  Model addition step  50: Added term 0 2 2 0 0 0 -- RMS=4.918240, GCV=1.151848e-08, AIC = 0.919649
  Model addition step  51: Added term 1 1 0 0 0 0 -- RMS=4.804194, GCV=1.099197e-08, AIC = 0.872745
  Model addition step  52: Added term 2 1 0 1 0 0 -- RMS=4.658733, GCV=1.033782e-08, AIC = 0.811273
  Model addition step  53: Added term 1 1 0 1 0 0 -- RMS=4.515191, GCV=9.711908e-09, AIC = 0.748700
  Model addition step  54: Added term 1 0 0 1 0 1 -- RMS=4.382062, GCV=9.148889e-09, AIC = 0.688863
  Model addition step  55: Added term 2 0 0 0 1 1 -- RMS=4.223131, GCV=8.498440e-09, AIC = 0.614997
  Model addition step  56: Added term 0 0 0 1 0 2 -- RMS=4.059820, GCV=7.854935e-09, AIC = 0.536140
  Model addition step  57: Added term 0 0 0 3 0 1 -- RMS=3.941274, GCV=7.403912e-09, AIC = 0.476890
  Model addition step  58: Added term 0 0 1 0 2 0 -- RMS=3.816426, GCV=6.943216e-09, AIC = 0.412531
  Model addition step  59: Added term 0 4 0 0 0 0 -- RMS=3.727285, GCV=6.623555e-09, AIC = 0.365281
  Model addition step  60: Added term 0 0 0 1 0 0 -- RMS=3.649160, GCV=6.349662e-09, AIC = 0.322934
  Model addition step  61: Added term 1 0 0 0 0 0 -- RMS=3.496514, GCV=5.830345e-09, AIC = 0.237493
  Model addition step  62: Added term 2 1 0 0 0 0 -- RMS=3.410603, GCV=5.548109e-09, AIC = 0.187757
  Model addition step  63: Added term 1 0 1 0 0 1 -- RMS=3.332480, GCV=5.297568e-09, AIC = 0.141432
Change in error: 0.017942. No more terms added.
   64 polynomial terms were written for trapscap6
trapscap7
  RMS fit error of the full model is: 1.931372 mm
  maximum moment arm: 320.108600 mm
  maximum error allowed: 32.010860 mm
  Model addition step   1: Added term 0 1 0 0 0 0 -- RMS=136.209293, GCV=8.776240e-06, AIC = 7.561187
  Model addition step   2: Added term 0 0 0 0 1 0 -- RMS=101.062536, GCV=4.832080e-06, AIC = 6.964300
  Model addition step   3: Added term 0 0 0 0 0 0 -- RMS=90.492301, GCV=3.874678e-06, AIC = 6.743370
  Model addition step   4: Added term 0 0 0 0 0 2 -- RMS=82.612333, GCV=3.229690e-06, AIC = 6.561177
  Model addition step   5: Added term 0 0 1 0 1 1 -- RMS=76.991457, GCV=2.805530e-06, AIC = 6.420268
  Model addition step   6: Added term 0 0 0 1 0 1 -- RMS=73.044054, GCV=2.525563e-06, AIC = 6.315023
  Model addition step   7: Added term 2 0 0 0 0 1 -- RMS=67.661445, GCV=2.167354e-06, AIC = 6.161950
  Model addition step   8: Added term 0 0 1 0 0 0 -- RMS=64.963656, GCV=1.998236e-06, AIC = 6.080592
  Model addition step   9: Added term 1 0 1 0 0 0 -- RMS=53.781134, GCV=1.369697e-06, AIC = 5.702801
  Model addition step  10: Added term 0 0 0 0 2 0 -- RMS=50.573097, GCV=1.211330e-06, AIC = 5.579815
  Model addition step  11: Added term 1 0 0 1 1 1 -- RMS=48.896697, GCV=1.132508e-06, AIC = 5.512414
  Model addition step  12: Added term 0 1 0 2 0 0 -- RMS=47.509480, GCV=1.069305e-06, AIC = 5.454872
  Model addition step  13: Added term 1 1 0 1 0 0 -- RMS=40.672049, GCV=7.837756e-07, AIC = 5.144115
  Model addition step  14: Added term 3 1 0 0 0 0 -- RMS=33.402236, GCV=5.287001e-07, AIC = 4.750298
  Model addition step  15: Added term 0 1 0 1 0 0 -- RMS=28.597685, GCV=3.875956e-07, AIC = 4.439723
  Model addition step  16: Added term 1 2 0 0 1 0 -- RMS=26.249311, GCV=3.265966e-07, AIC = 4.268370
  Model addition step  17: Added term 2 1 0 0 0 0 -- RMS=24.866911, GCV=2.931422e-07, AIC = 4.160186
  Model addition step  18: Added term 1 0 0 0 0 1 -- RMS=23.594486, GCV=2.639456e-07, AIC = 4.055156
  Model addition step  19: Added term 1 1 0 0 0 0 -- RMS=22.209684, GCV=2.339036e-07, AIC = 3.934206
  Model addition step  20: Added term 0 2 0 0 1 0 -- RMS=21.365418, GCV=2.164879e-07, AIC = 3.856715
  Model addition step  21: Added term 0 0 0 0 0 1 -- RMS=20.531954, GCV=1.999541e-07, AIC = 3.777152
  Model addition step  22: Added term 0 0 2 0 0 0 -- RMS=19.917518, GCV=1.881910e-07, AIC = 3.716406
  Model addition step  23: Added term 0 1 0 2 0 1 -- RMS=19.339284, GCV=1.774467e-07, AIC = 3.657503
Change in error: 0.018281. No more terms added.
   24 polynomial terms were written for trapscap7
trapscap8
  RMS fit error of the full model is: 1.798510 mm
  maximum moment arm: 352.552779 mm
  maximum error allowed: 35.255278 mm
  Model addition step   1: Added term 0 0 0 0 1 0 -- RMS=152.743642, GCV=1.103624e-05, AIC = 7.790323
  Model addition step   2: Added term 0 1 0 0 1 0 -- RMS=115.172641, GCV=6.275558e-06, AIC = 7.225685
  Model addition step   3: Added term 0 0 1 0 0 0 -- RMS=100.127029, GCV=4.743677e-06, AIC = 6.945719
  Model addition step   4: Added term 1 0 1 0 0 0 -- RMS=92.069955, GCV=4.011502e-06, AIC = 6.777957
  Model addition step   5: Added term 0 0 0 0 0 2 -- RMS=83.691200, GCV=3.315045e-06, AIC = 6.587146
  Model addition step   6: Added term 0 0 0 2 0 0 -- RMS=76.796803, GCV=2.791739e-06, AIC = 6.415224
  Model addition step   7: Added term 1 0 0 1 1 0 -- RMS=69.329658, GCV=2.275545e-06, AIC = 6.210663
  Model addition step   8: Added term 0 1 0 0 3 0 -- RMS=64.142707, GCV=1.948052e-06, AIC = 6.055157
  Model addition step   9: Added term 0 0 0 0 0 0 -- RMS=54.145193, GCV=1.388304e-06, AIC = 5.716294
  Model addition step  10: Added term 0 0 0 1 2 0 -- RMS=50.318544, GCV=1.199167e-06, AIC = 5.569722
  Model addition step  11: Added term 0 0 0 1 0 1 -- RMS=46.679365, GCV=1.032124e-06, AIC = 5.419599
  Model addition step  12: Added term 2 0 0 0 0 1 -- RMS=42.754432, GCV=8.659706e-07, AIC = 5.243959
  Model addition step  13: Added term 4 0 0 0 0 0 -- RMS=37.719154, GCV=6.740987e-07, AIC = 4.993369
  Model addition step  14: Added term 1 1 0 0 0 0 -- RMS=29.639189, GCV=4.162852e-07, AIC = 4.511247
  Model addition step  15: Added term 2 1 0 0 0 0 -- RMS=27.373967, GCV=3.551343e-07, AIC = 4.352256
  Model addition step  16: Added term 0 1 0 1 0 0 -- RMS=26.230328, GCV=3.261244e-07, AIC = 4.266924
  Model addition step  17: Added term 1 1 0 1 0 0 -- RMS=24.819655, GCV=2.920291e-07, AIC = 4.156382
  Model addition step  18: Added term 0 1 0 0 2 0 -- RMS=23.562497, GCV=2.632304e-07, AIC = 4.052442
  Model addition step  19: Added term 0 0 0 0 3 0 -- RMS=22.322188, GCV=2.362793e-07, AIC = 3.944311
  Model addition step  20: Added term 0 1 0 2 0 0 -- RMS=20.842898, GCV=2.060284e-07, AIC = 3.807195
  Model addition step  21: Added term 1 0 0 0 0 1 -- RMS=19.500552, GCV=1.803697e-07, AIC = 3.674073
  Model addition step  22: Added term 0 1 0 0 0 1 -- RMS=17.721862, GCV=1.489866e-07, AIC = 3.482805
  Model addition step  23: Added term 0 0 2 0 0 0 -- RMS=16.747091, GCV=1.330657e-07, AIC = 3.369675
  Model addition step  24: Added term 0 1 1 0 0 0 -- RMS=16.010266, GCV=1.216307e-07, AIC = 3.279706
  Model addition step  25: Added term 0 2 0 0 1 0 -- RMS=15.389814, GCV=1.124014e-07, AIC = 3.200676
  Model addition step  26: Added term 0 1 0 0 1 1 -- RMS=14.759889, GCV=1.034022e-07, AIC = 3.117111
  Model addition step  27: Added term 1 0 0 0 2 1 -- RMS=14.173899, GCV=9.536764e-08, AIC = 3.036108
  Model addition step  28: Added term 2 1 1 0 0 0 -- RMS=13.598086, GCV=8.778832e-08, AIC = 2.953181
  Model addition step  29: Added term 2 0 0 0 1 0 -- RMS=13.168035, GCV=8.233451e-08, AIC = 2.888926
  Model addition step  30: Added term 1 0 0 0 1 0 -- RMS=11.602812, GCV=6.393303e-08, AIC = 2.635856
  Model addition step  31: Added term 0 0 0 1 1 0 -- RMS=10.995196, GCV=5.742005e-08, AIC = 2.528297
  Model addition step  32: Added term 1 0 0 1 0 0 -- RMS=10.320462, GCV=5.059583e-08, AIC = 2.401657
  Model addition step  33: Added term 0 0 1 1 0 0 -- RMS=9.907116, GCV=4.663046e-08, AIC = 2.319926
  Model addition step  34: Added term 0 1 1 1 0 0 -- RMS=9.466382, GCV=4.257965e-08, AIC = 2.228932
  Model addition step  35: Added term 1 1 1 0 1 0 -- RMS=9.071007, GCV=3.910244e-08, AIC = 2.143624
  Model addition step  36: Added term 1 1 0 0 0 1 -- RMS=8.672251, GCV=3.574500e-08, AIC = 2.053734
  Model addition step  37: Added term 1 2 0 0 0 0 -- RMS=8.472421, GCV=3.412130e-08, AIC = 2.007129
  Model addition step  38: Added term 0 0 2 0 1 0 -- RMS=8.275202, GCV=3.255567e-08, AIC = 1.960042
Change in error: 0.017902. No more terms added.
   39 polynomial terms were written for trapscap8
trapscap9
  RMS fit error of the full model is: 2.263433 mm
  maximum moment arm: 394.567587 mm
  maximum error allowed: 39.456759 mm
  Model addition step   1: Added term 1 1 0 0 0 0 -- RMS=175.511772, GCV=1.457161e-05, AIC = 8.068214
  Model addition step   2: Added term 0 0 0 0 1 0 -- RMS=150.768422, GCV=1.075411e-05, AIC = 7.764311
  Model addition step   3: Added term 0 0 1 0 0 0 -- RMS=128.956271, GCV=7.868598e-06, AIC = 7.451787
  Model addition step   4: Added term 0 0 0 1 0 0 -- RMS=115.820703, GCV=6.348096e-06, AIC = 7.236946
  Model addition step   5: Added term 0 0 0 1 0 1 -- RMS=98.410330, GCV=4.583647e-06, AIC = 6.911170
  Model addition step   6: Added term 0 1 0 0 1 0 -- RMS=81.961411, GCV=3.179855e-06, AIC = 6.545395
  Model addition step   7: Added term 0 0 0 0 0 0 -- RMS=75.341206, GCV=2.687277e-06, AIC = 6.376972
  Model addition step   8: Added term 0 0 0 0 2 0 -- RMS=69.278256, GCV=2.272479e-06, AIC = 6.209199
  Model addition step   9: Added term 1 0 0 1 0 0 -- RMS=62.967214, GCV=1.877559e-06, AIC = 6.018184
  Model addition step  10: Added term 0 1 0 2 0 0 -- RMS=58.528883, GCV=1.622422e-06, AIC = 5.872016
  Model addition step  11: Added term 0 0 1 1 0 0 -- RMS=54.926074, GCV=1.429023e-06, AIC = 5.744971
  Model addition step  12: Added term 2 0 0 0 1 1 -- RMS=50.935471, GCV=1.229084e-06, AIC = 5.594133
  Model addition step  13: Added term 0 1 0 0 0 1 -- RMS=46.009430, GCV=1.002982e-06, AIC = 5.390726
  Model addition step  14: Added term 0 0 0 0 2 2 -- RMS=40.810373, GCV=7.892226e-07, AIC = 5.150925
  Model addition step  15: Added term 2 1 0 0 1 0 -- RMS=37.745113, GCV=6.752095e-07, AIC = 4.994784
  Model addition step  16: Added term 1 1 0 0 0 1 -- RMS=34.199354, GCV=5.543852e-07, AIC = 4.797504
  Model addition step  17: Added term 0 0 2 0 0 0 -- RMS=31.469390, GCV=4.694737e-07, AIC = 4.631141
  Model addition step  18: Added term 1 0 0 0 1 0 -- RMS=30.250152, GCV=4.338589e-07, AIC = 4.552132
  Model addition step  19: Added term 0 1 0 0 0 0 -- RMS=28.924591, GCV=3.967223e-07, AIC = 4.462533
  Model addition step  20: Added term 2 0 0 0 2 0 -- RMS=27.359057, GCV=3.549875e-07, AIC = 4.351263
  Model addition step  21: Added term 1 0 1 0 0 0 -- RMS=26.196224, GCV=3.254971e-07, AIC = 4.264418
  Model addition step  22: Added term 1 0 0 1 2 0 -- RMS=25.105838, GCV=2.990046e-07, AIC = 4.179408
  Model addition step  23: Added term 1 1 1 0 0 0 -- RMS=24.169749, GCV=2.771606e-07, AIC = 4.103430
  Model addition step  24: Added term 0 1 0 1 1 0 -- RMS=23.197049, GCV=2.553357e-07, AIC = 4.021295
  Model addition step  25: Added term 0 0 0 2 2 0 -- RMS=21.652045, GCV=2.224860e-07, AIC = 3.883465
  Model addition step  26: Added term 0 0 0 0 0 1 -- RMS=20.364925, GCV=1.968472e-07, AIC = 3.760912
  Model addition step  27: Added term 1 0 0 0 1 1 -- RMS=17.813068, GCV=1.506259e-07, AIC = 3.493168
  Model addition step  28: Added term 0 0 0 0 3 1 -- RMS=16.734447, GCV=1.329548e-07, AIC = 3.368261
  Model addition step  29: Added term 0 1 1 0 1 1 -- RMS=16.176726, GCV=1.242571e-07, AIC = 3.300489
  Model addition step  30: Added term 1 1 0 1 1 0 -- RMS=15.789378, GCV=1.183938e-07, AIC = 3.252036
  Model addition step  31: Added term 1 1 0 1 0 0 -- RMS=15.446730, GCV=1.133263e-07, AIC = 3.208175
Change in error: 0.018062. No more terms added.
   32 polynomial terms were written for trapscap9
trapscap10
  RMS fit error of the full model is: 1.575519 mm
  maximum moment arm: 375.099798 mm
  maximum error allowed: 37.509980 mm
  Model addition step   1: Added term 1 1 0 0 0 0 -- RMS=174.408813, GCV=1.438904e-05, AIC = 8.055605
  Model addition step   2: Added term 0 0 0 0 1 0 -- RMS=150.085672, GCV=1.065693e-05, AIC = 7.755233
  Model addition step   3: Added term 0 0 1 0 0 0 -- RMS=126.369650, GCV=7.556105e-06, AIC = 7.411263
  Model addition step   4: Added term 0 0 0 1 0 0 -- RMS=108.474286, GCV=5.568327e-06, AIC = 7.105886
  Model addition step   5: Added term 0 0 0 1 0 1 -- RMS=91.504225, GCV=3.962891e-06, AIC = 6.765649
  Model addition step   6: Added term 0 1 0 0 1 0 -- RMS=79.297992, GCV=2.976548e-06, AIC = 6.479323
  Model addition step   7: Added term 0 0 0 0 0 0 -- RMS=67.272574, GCV=2.142512e-06, AIC = 6.150422
  Model addition step   8: Added term 1 0 0 1 0 0 -- RMS=62.081135, GCV=1.824842e-06, AIC = 5.989821
  Model addition step   9: Added term 0 0 0 0 2 0 -- RMS=57.033476, GCV=1.540368e-06, AIC = 5.820233
  Model addition step  10: Added term 0 1 0 2 0 0 -- RMS=52.671003, GCV=1.313913e-06, AIC = 5.661105
  Model addition step  11: Added term 0 0 1 1 0 0 -- RMS=49.233132, GCV=1.148146e-06, AIC = 5.526128
  Model addition step  12: Added term 2 0 0 0 1 1 -- RMS=46.737625, GCV=1.034842e-06, AIC = 5.422113
  Model addition step  13: Added term 0 1 0 0 0 1 -- RMS=40.718793, GCV=7.855782e-07, AIC = 5.146412
  Model addition step  14: Added term 0 0 0 0 2 2 -- RMS=37.009712, GCV=6.490674e-07, AIC = 4.955413
  Model addition step  15: Added term 0 0 2 0 0 0 -- RMS=34.751688, GCV=5.723595e-07, AIC = 4.829528
  Model addition step  16: Added term 1 0 0 0 0 0 -- RMS=32.671762, GCV=5.059656e-07, AIC = 4.706113
  Model addition step  17: Added term 1 1 0 0 0 1 -- RMS=30.262907, GCV=4.341661e-07, AIC = 4.552956
  Model addition step  18: Added term 2 0 0 0 0 0 -- RMS=26.582711, GCV=3.350363e-07, AIC = 4.293652
  Model addition step  19: Added term 0 1 0 0 0 0 -- RMS=24.248065, GCV=2.788087e-07, AIC = 4.109822
  Model addition step  20: Added term 0 0 0 0 0 1 -- RMS=23.115437, GCV=2.534050e-07, AIC = 4.014170
  Model addition step  21: Added term 1 0 0 0 0 1 -- RMS=21.327215, GCV=2.157436e-07, AIC = 3.853155
  Model addition step  22: Added term 0 2 0 1 0 0 -- RMS=20.148780, GCV=1.925866e-07, AIC = 3.739494
  Model addition step  23: Added term 0 0 0 2 0 0 -- RMS=18.527839, GCV=1.628684e-07, AIC = 3.571775
  Model addition step  24: Added term 0 1 1 0 2 0 -- RMS=17.688052, GCV=1.484588e-07, AIC = 3.479024
  Model addition step  25: Added term 2 0 1 0 1 0 -- RMS=16.902729, GCV=1.355871e-07, AIC = 3.388215
  Model addition step  26: Added term 0 0 0 0 0 2 -- RMS=16.223034, GCV=1.249188e-07, AIC = 3.306148
  Model addition step  27: Added term 0 0 1 0 1 1 -- RMS=15.642046, GCV=1.161474e-07, AIC = 3.233228
  Model addition step  28: Added term 1 0 0 0 1 1 -- RMS=15.086070, GCV=1.080522e-07, AIC = 3.160866
  Model addition step  29: Added term 1 2 0 0 1 0 -- RMS=14.720231, GCV=1.028891e-07, AIC = 3.111787
  Model addition step  30: Added term 0 4 0 0 0 0 -- RMS=14.167414, GCV=9.531910e-08, AIC = 3.035250
  Model addition step  31: Added term 2 0 0 0 2 0 -- RMS=13.335250, GCV=8.446172e-08, AIC = 2.914202
  Model addition step  32: Added term 0 1 0 1 0 2 -- RMS=12.910719, GCV=7.918032e-08, AIC = 2.849516
  Model addition step  33: Added term 1 0 0 2 0 0 -- RMS=12.551511, GCV=7.484576e-08, AIC = 2.793101
  Model addition step  34: Added term 2 0 0 1 1 0 -- RMS=11.946164, GCV=6.780957e-08, AIC = 2.694259
  Model addition step  35: Added term 0 0 0 3 0 0 -- RMS=10.961144, GCV=5.709587e-08, AIC = 2.522171
  Model addition step  36: Added term 1 0 1 1 1 0 -- RMS=10.609591, GCV=5.349941e-08, AIC = 2.456994
  Model addition step  37: Added term 1 1 1 0 0 0 -- RMS=10.307948, GCV=5.050739e-08, AIC = 2.399327
  Model addition step  38: Added term 3 0 0 0 1 0 -- RMS=10.072835, GCV=4.823617e-08, AIC = 2.353200
  Model addition step  39: Added term 2 0 0 1 0 0 -- RMS=9.582125, GCV=4.365679e-08, AIC = 2.253334
  Model addition step  40: Added term 0 0 1 0 1 0 -- RMS=9.346192, GCV=4.153904e-08, AIC = 2.203492
  Model addition step  41: Added term 2 0 0 0 1 0 -- RMS=9.028527, GCV=3.876856e-08, AIC = 2.134352
  Model addition step  42: Added term 0 2 0 0 0 2 -- RMS=8.776070, GCV=3.663574e-08, AIC = 2.077650
  Model addition step  43: Added term 0 0 0 1 1 0 -- RMS=8.549703, GCV=3.477488e-08, AIC = 2.025405
  Model addition step  44: Added term 1 0 0 0 1 0 -- RMS=8.231387, GCV=3.223803e-08, AIC = 1.949541
  Model addition step  45: Added term 0 0 1 2 1 0 -- RMS=8.022989, GCV=3.063047e-08, AIC = 1.898273
  Model addition step  46: Added term 1 0 0 0 3 0 -- RMS=7.805228, GCV=2.899422e-08, AIC = 1.843258
  Model addition step  47: Added term 0 1 1 1 0 1 -- RMS=7.604501, GCV=2.752584e-08, AIC = 1.791170
  Model addition step  48: Added term 0 0 0 0 2 1 -- RMS=7.423218, GCV=2.623266e-08, AIC = 1.742934
  Model addition step  49: Added term 1 0 1 0 0 0 -- RMS=7.209539, GCV=2.474753e-08, AIC = 1.684538
  Model addition step  50: Added term 1 0 0 1 0 1 -- RMS=6.985236, GCV=2.323475e-08, AIC = 1.621345
  Model addition step  51: Added term 0 0 0 2 0 1 -- RMS=6.692336, GCV=2.132996e-08, AIC = 1.535693
  Model addition step  52: Added term 0 0 1 0 2 1 -- RMS=6.409901, GCV=1.957024e-08, AIC = 1.449474
  Model addition step  53: Added term 1 0 1 0 0 1 -- RMS=6.231669, GCV=1.849955e-08, AIC = 1.393094
  Model addition step  54: Added term 0 1 2 1 0 0 -- RMS=6.058028, GCV=1.748533e-08, AIC = 1.336593
  Model addition step  55: Added term 0 0 0 0 0 3 -- RMS=5.865181, GCV=1.639204e-08, AIC = 1.271911
  Model addition step  56: Added term 2 0 0 0 0 1 -- RMS=5.700015, GCV=1.548393e-08, AIC = 1.214801
  Model addition step  57: Added term 0 1 1 0 1 0 -- RMS=5.556835, GCV=1.471780e-08, AIC = 1.163940
  Model addition step  58: Added term 0 1 0 0 3 0 -- RMS=5.419690, GCV=1.400218e-08, AIC = 1.113979
Change in error: 0.017190. No more terms added.
   59 polynomial terms were written for trapscap10
trapscap11
  RMS fit error of the full model is: 1.112666 mm
  maximum moment arm: 355.095043 mm
  maximum error allowed: 35.509504 mm
  Model addition step   1: Added term 1 1 0 0 0 0 -- RMS=174.188358, GCV=1.435269e-05, AIC = 8.053076
  Model addition step   2: Added term 0 0 0 0 1 0 -- RMS=150.006584, GCV=1.064570e-05, AIC = 7.754179
  Model addition step   3: Added term 0 0 1 0 0 0 -- RMS=125.870240, GCV=7.496500e-06, AIC = 7.403343
  Model addition step   4: Added term 0 0 0 1 0 0 -- RMS=104.170374, GCV=5.135226e-06, AIC = 7.024915
  Model addition step   5: Added term 0 0 0 1 0 1 -- RMS=88.064455, GCV=3.670550e-06, AIC = 6.689017
  Model addition step   6: Added term 0 0 0 0 0 0 -- RMS=69.955694, GCV=2.316513e-06, AIC = 6.228622
  Model addition step   7: Added term 0 1 0 0 1 0 -- RMS=61.108710, GCV=1.767883e-06, AIC = 5.958226
  Model addition step   8: Added term 1 0 0 0 0 0 -- RMS=54.917992, GCV=1.428023e-06, AIC = 5.744619
  Model addition step   9: Added term 0 1 0 0 3 0 -- RMS=50.820717, GCV=1.223056e-06, AIC = 5.589564
  Model addition step  10: Added term 0 0 1 1 0 0 -- RMS=46.862846, GCV=1.040114e-06, AIC = 5.427425
  Model addition step  11: Added term 0 1 0 0 0 1 -- RMS=43.632726, GCV=9.017929e-07, AIC = 5.284609
  Model addition step  12: Added term 1 0 0 0 2 1 -- RMS=37.213135, GCV=6.560446e-07, AIC = 4.966337
  Model addition step  13: Added term 1 0 0 1 0 0 -- RMS=34.888871, GCV=5.767312e-07, AIC = 4.837369
  Model addition step  14: Added term 0 1 0 2 0 0 -- RMS=32.386140, GCV=4.970233e-07, AIC = 4.688513
  Model addition step  15: Added term 0 0 2 0 0 0 -- RMS=30.086994, GCV=4.290172e-07, AIC = 4.541258
  Model addition step  16: Added term 2 0 0 0 0 0 -- RMS=27.922045, GCV=3.695475e-07, AIC = 4.391924
  Model addition step  17: Added term 0 0 0 0 2 2 -- RMS=26.228284, GCV=3.261177e-07, AIC = 4.266787
  Model addition step  18: Added term 0 0 0 0 0 1 -- RMS=22.186335, GCV=2.333805e-07, AIC = 3.932083
  Model addition step  19: Added term 1 0 0 0 1 1 -- RMS=20.854227, GCV=2.062245e-07, AIC = 3.808262
  Model addition step  20: Added term 0 2 0 1 0 0 -- RMS=19.788019, GCV=1.857015e-07, AIC = 3.703321
  Model addition step  21: Added term 0 0 0 2 0 0 -- RMS=18.481225, GCV=1.620060e-07, AIC = 3.566698
  Model addition step  22: Added term 0 0 0 0 2 0 -- RMS=17.536090, GCV=1.458794e-07, AIC = 3.461729
  Model addition step  23: Added term 0 1 1 0 2 0 -- RMS=16.363339, GCV=1.270372e-07, AIC = 3.323313
  Model addition step  24: Added term 0 0 1 0 2 1 -- RMS=15.625371, GCV=1.158528e-07, AIC = 3.231037
  Model addition step  25: Added term 0 1 0 0 0 0 -- RMS=14.885636, GCV=1.051573e-07, AIC = 3.134058
  Model addition step  26: Added term 2 0 0 0 2 0 -- RMS=14.472363, GCV=9.941284e-08, AIC = 3.077766
  Model addition step  27: Added term 1 1 0 0 1 0 -- RMS=13.836687, GCV=9.088383e-08, AIC = 2.987950
  Model addition step  28: Added term 0 0 0 0 0 2 -- RMS=13.518095, GCV=8.675852e-08, AIC = 2.941381
  Model addition step  29: Added term 1 0 0 2 0 0 -- RMS=13.204261, GCV=8.278814e-08, AIC = 2.894421
  Model addition step  30: Added term 0 1 0 2 0 1 -- RMS=12.658863, GCV=7.610062e-08, AIC = 2.810076
  Model addition step  31: Added term 2 0 0 1 1 0 -- RMS=12.016263, GCV=6.857983e-08, AIC = 2.705902
  Model addition step  32: Added term 0 0 0 3 0 0 -- RMS=11.390511, GCV=6.163151e-08, AIC = 2.598961
  Model addition step  33: Added term 0 1 0 1 1 0 -- RMS=11.023209, GCV=5.772864e-08, AIC = 2.533425
  Model addition step  34: Added term 0 4 0 0 0 0 -- RMS=10.399388, GCV=5.138656e-08, AIC = 2.416932
  Model addition step  35: Added term 0 2 1 0 0 0 -- RMS=9.960173, GCV=4.714402e-08, AIC = 2.330647
  Model addition step  36: Added term 3 0 1 0 0 0 -- RMS=9.651102, GCV=4.426959e-08, AIC = 2.267621
  Model addition step  37: Added term 1 0 1 1 1 0 -- RMS=9.366928, GCV=4.170661e-08, AIC = 2.207867
  Model addition step  38: Added term 1 2 0 0 1 0 -- RMS=9.158932, GCV=3.988036e-08, AIC = 2.162975
  Model addition step  39: Added term 1 2 1 0 0 0 -- RMS=8.894599, GCV=3.761673e-08, AIC = 2.104424
  Model addition step  40: Added term 0 2 0 0 0 2 -- RMS=8.699984, GCV=3.599349e-08, AIC = 2.060197
  Model addition step  41: Added term 1 1 0 1 0 1 -- RMS=8.412701, GCV=3.366020e-08, AIC = 1.993059
  Model addition step  42: Added term 0 0 1 0 1 1 -- RMS=8.189137, GCV=3.189929e-08, AIC = 1.939210
  Model addition step  43: Added term 2 0 1 0 1 0 -- RMS=7.935624, GCV=2.995890e-08, AIC = 1.876336
  Model addition step  44: Added term 2 0 1 1 0 0 -- RMS=7.667247, GCV=2.797057e-08, AIC = 1.807547
  Model addition step  45: Added term 0 0 0 0 3 1 -- RMS=7.451083, GCV=2.641923e-08, AIC = 1.750369
  Model addition step  46: Added term 0 0 1 0 1 0 -- RMS=7.176731, GCV=2.451283e-08, AIC = 1.675358
  Model addition step  47: Added term 0 0 0 1 2 0 -- RMS=6.872839, GCV=2.248389e-08, AIC = 1.588844
  Model addition step  48: Added term 1 0 0 0 1 0 -- RMS=6.615533, GCV=2.083472e-08, AIC = 1.512550
  Model addition step  49: Added term 1 0 0 2 1 0 -- RMS=6.372041, GCV=1.933187e-08, AIC = 1.437568
  Model addition step  50: Added term 3 0 0 0 1 0 -- RMS=6.103090, GCV=1.773680e-08, AIC = 1.351338
  Model addition step  51: Added term 1 0 0 0 3 0 -- RMS=5.861194, GCV=1.636088e-08, AIC = 1.270473
  Model addition step  52: Added term 0 0 0 1 0 2 -- RMS=5.669854, GCV=1.531219e-08, AIC = 1.204113
  Model addition step  53: Added term 0 0 1 2 0 1 -- RMS=5.352311, GCV=1.364693e-08, AIC = 1.088862
  Model addition step  54: Added term 2 0 0 1 0 0 -- RMS=5.209443, GCV=1.292986e-08, AIC = 1.034770
  Model addition step  55: Added term 0 2 0 0 0 0 -- RMS=5.073145, GCV=1.226379e-08, AIC = 0.981766
  Model addition step  56: Added term 2 1 0 0 0 1 -- RMS=4.934555, GCV=1.160447e-08, AIC = 0.926388
Change in error: 0.018429. No more terms added.
   57 polynomial terms were written for trapscap11
trapclav1
  RMS fit error of the full model is: 0.196544 mm
  maximum moment arm: 214.084483 mm
  maximum error allowed: 21.408448 mm
  Model addition step   1: Added term 0 0 0 -- RMS=109.389575, GCV=3.234513e-06, AIC = 6.563031
  Model addition step   2: Added term 0 0 1 -- RMS=77.279868, GCV=1.614538e-06, AIC = 5.868101
  Model addition step   3: Added term 0 1 0 -- RMS=47.024035, GCV=5.978802e-07, AIC = 4.874585
  Model addition step   4: Added term 1 1 0 -- RMS=16.520770, GCV=7.380633e-08, AIC = 2.782538
  Model addition step   5: Added term 1 0 1 -- RMS=11.997674, GCV=3.893013e-08, AIC = 2.142761
  Model addition step   6: Added term 0 0 2 -- RMS=8.836106, GCV=2.111895e-08, AIC = 1.531062
  Model addition step   7: Added term 2 1 0 -- RMS=6.947583, GCV=1.305800e-08, AIC = 1.050190
  Model addition step   8: Added term 0 1 1 -- RMS=5.805116, GCV=9.117792e-09, AIC = 0.690916
  Model addition step   9: Added term 2 1 1 -- RMS=4.659085, GCV=5.873919e-09, AIC = 0.251109
  Model addition step  10: Added term 0 2 0 -- RMS=3.209153, GCV=2.787188e-09, AIC = -0.494482
  Model addition step  11: Added term 1 3 0 -- RMS=1.697251, GCV=7.797156e-10, AIC = -1.768442
  Model addition step  12: Added term 2 0 1 -- RMS=1.191105, GCV=3.840633e-10, AIC = -2.476666
  Model addition step  13: Added term 1 0 2 -- RMS=0.934179, GCV=2.362772e-10, AIC = -2.962569
  Model addition step  14: Added term 1 2 1 -- RMS=0.716784, GCV=1.391225e-10, AIC = -3.492321
  Model addition step  15: Added term 2 0 2 -- RMS=0.620969, GCV=1.044286e-10, AIC = -3.779274
  Model addition step  16: Added term 0 4 0 -- RMS=0.505674, GCV=6.925948e-11, AIC = -4.190019
  Model addition step  17: Added term 1 2 0 -- RMS=0.412381, GCV=4.606740e-11, AIC = -4.597875
  Model addition step  18: Added term 2 2 0 -- RMS=0.367939, GCV=3.667820e-11, AIC = -4.825900
  Model addition step  19: Added term 0 0 3 -- RMS=0.355560, GCV=3.425625e-11, AIC = -4.894314
  Model addition step  20: Added term 0 1 2 -- RMS=0.337859, GCV=3.093457e-11, AIC = -4.996411
  Model addition step  21: Added term 1 1 2 -- RMS=0.289598, GCV=2.273123e-11, AIC = -5.304647
  Model addition step  22: Added term 1 0 3 -- RMS=0.267743, GCV=1.943242e-11, AIC = -5.461545
  Model addition step  23: Added term 0 3 1 -- RMS=0.255651, GCV=1.771914e-11, AIC = -5.553944
  Model addition step  24: Added term 0 2 1 -- RMS=0.248022, GCV=1.667973e-11, AIC = -5.614497
  Model addition step  25: Added term 3 0 1 -- RMS=0.240994, GCV=1.574989e-11, AIC = -5.671959
  Model addition step  26: Added term 1 1 1 -- RMS=0.235775, GCV=1.507721e-11, AIC = -5.715710
Change in error: 0.011244. No more terms added.
   27 polynomial terms were written for trapclav1
trapclav2
  RMS fit error of the full model is: 0.237939 mm
  maximum moment arm: 218.041240 mm
  maximum error allowed: 21.804124 mm
  Model addition step   1: Added term 0 0 0 -- RMS=106.189972, GCV=3.048063e-06, AIC = 6.503659
  Model addition step   2: Added term 0 1 0 -- RMS=78.678056, GCV=1.673489e-06, AIC = 5.903962
  Model addition step   3: Added term 0 0 1 -- RMS=41.582787, GCV=4.675214e-07, AIC = 4.628640
  Model addition step   4: Added term 1 1 0 -- RMS=24.969443, GCV=1.685974e-07, AIC = 3.608607
  Model addition step   5: Added term 1 0 1 -- RMS=14.732174, GCV=5.869829e-08, AIC = 2.553403
  Model addition step   6: Added term 0 0 2 -- RMS=12.096132, GCV=3.957706e-08, AIC = 2.159140
  Model addition step   7: Added term 2 1 0 -- RMS=9.314869, GCV=2.347268e-08, AIC = 1.636627
  Model addition step   8: Added term 0 2 0 -- RMS=6.537928, GCV=1.156507e-08, AIC = 0.928677
  Model addition step   9: Added term 0 1 1 -- RMS=4.488845, GCV=5.452501e-09, AIC = 0.176661
  Model addition step  10: Added term 1 3 0 -- RMS=3.166032, GCV=2.712789e-09, AIC = -0.521537
  Model addition step  11: Added term 2 0 1 -- RMS=1.869535, GCV=9.460434e-10, AIC = -1.575083
  Model addition step  12: Added term 1 0 2 -- RMS=1.151569, GCV=3.589905e-10, AIC = -2.544177
  Model addition step  13: Added term 2 1 1 -- RMS=0.957919, GCV=2.484384e-10, AIC = -2.912380
  Model addition step  14: Added term 1 1 1 -- RMS=0.710889, GCV=1.368434e-10, AIC = -3.508839
  Model addition step  15: Added term 0 3 1 -- RMS=0.586594, GCV=9.318675e-11, AIC = -3.893172
  Model addition step  16: Added term 1 1 2 -- RMS=0.535887, GCV=7.778292e-11, AIC = -4.073957
  Model addition step  17: Added term 2 2 0 -- RMS=0.482503, GCV=6.306609e-11, AIC = -4.283797
  Model addition step  18: Added term 3 0 1 -- RMS=0.450515, GCV=5.498867e-11, AIC = -4.420955
  Model addition step  19: Added term 1 2 1 -- RMS=0.417697, GCV=4.727560e-11, AIC = -4.572189
  Model addition step  20: Added term 1 0 3 -- RMS=0.394627, GCV=4.220332e-11, AIC = -4.685786
  Model addition step  21: Added term 0 2 2 -- RMS=0.374969, GCV=3.810863e-11, AIC = -4.787946
  Model addition step  22: Added term 0 0 3 -- RMS=0.348715, GCV=3.296342e-11, AIC = -4.933090
  Model addition step  23: Added term 2 0 2 -- RMS=0.322083, GCV=2.812443e-11, AIC = -5.091951
  Model addition step  24: Added term 0 2 1 -- RMS=0.313319, GCV=2.661844e-11, AIC = -5.147087
  Model addition step  25: Added term 1 2 0 -- RMS=0.302495, GCV=2.481443e-11, AIC = -5.217367
  Model addition step  26: Added term 0 4 0 -- RMS=0.279871, GCV=2.124428e-11, AIC = -5.372807
  Model addition step  27: Added term 4 0 0 -- RMS=0.268323, GCV=1.952994e-11, AIC = -5.457047
  Model addition step  28: Added term 3 0 0 -- RMS=0.257604, GCV=1.800309e-11, AIC = -5.538554
Change in error: 0.019868. No more terms added.
   29 polynomial terms were written for trapclav2
levscap1
  RMS fit error of the full model is: 0.494481 mm
  maximum moment arm: 247.547091 mm
  maximum error allowed: 24.754709 mm
  Model addition step   1: Added term 1 0 0 0 1 0 -- RMS=146.845010, GCV=1.020031e-05, AIC = 7.711557
  Model addition step   2: Added term 0 0 0 0 1 1 -- RMS=128.523596, GCV=7.814828e-06, AIC = 7.445046
  Model addition step   3: Added term 0 0 1 0 0 0 -- RMS=107.339186, GCV=5.451663e-06, AIC = 7.084828
  Model addition step   4: Added term 0 0 0 1 0 0 -- RMS=84.876477, GCV=3.409148e-06, AIC = 6.615253
  Model addition step   5: Added term 0 0 0 0 0 0 -- RMS=51.760158, GCV=1.268005e-06, AIC = 5.626120
  Model addition step   6: Added term 0 1 1 0 0 0 -- RMS=45.668897, GCV=9.872555e-07, AIC = 5.375733
  Model addition step   7: Added term 0 0 0 0 1 0 -- RMS=39.229751, GCV=7.285818e-07, AIC = 5.071788
  Model addition step   8: Added term 1 2 0 0 0 0 -- RMS=35.073122, GCV=5.824448e-07, AIC = 4.847807
  Model addition step   9: Added term 1 0 0 0 2 1 -- RMS=30.783043, GCV=4.487328e-07, AIC = 4.586884
  Model addition step  10: Added term 1 0 0 0 0 0 -- RMS=27.860022, GCV=3.676091e-07, AIC = 4.387361
  Model addition step  11: Added term 0 0 0 0 0 1 -- RMS=22.116970, GCV=2.317039e-07, AIC = 3.925685
  Model addition step  12: Added term 0 0 1 0 1 0 -- RMS=19.251413, GCV=1.755764e-07, AIC = 3.648183
  Model addition step  13: Added term 0 0 0 0 2 0 -- RMS=17.819628, GCV=1.504516e-07, AIC = 3.493634
  Model addition step  14: Added term 0 1 0 0 1 1 -- RMS=16.399089, GCV=1.274377e-07, AIC = 3.327504
  Model addition step  15: Added term 0 0 0 2 0 0 -- RMS=15.319445, GCV=1.112252e-07, AIC = 3.191318
  Model addition step  16: Added term 0 1 2 1 0 0 -- RMS=14.492202, GCV=9.955076e-08, AIC = 3.080312
  Model addition step  17: Added term 0 2 0 0 0 1 -- RMS=13.855513, GCV=9.100805e-08, AIC = 2.990477
  Model addition step  18: Added term 1 0 0 1 0 0 -- RMS=13.205789, GCV=8.268411e-08, AIC = 2.894440
  Model addition step  19: Added term 2 0 0 0 2 0 -- RMS=12.324331, GCV=7.202427e-08, AIC = 2.756300
  Model addition step  20: Added term 0 1 0 0 1 0 -- RMS=11.882575, GCV=6.696256e-08, AIC = 2.683314
  Model addition step  21: Added term 0 3 0 0 0 0 -- RMS=11.486441, GCV=6.258073e-08, AIC = 2.615522
  Model addition step  22: Added term 1 1 0 0 0 0 -- RMS=9.369378, GCV=4.164376e-08, AIC = 2.208100
  Model addition step  23: Added term 0 0 2 0 0 1 -- RMS=8.833805, GCV=3.702396e-08, AIC = 2.090398
  Model addition step  24: Added term 2 0 0 0 0 2 -- RMS=8.465483, GCV=3.400552e-08, AIC = 2.005240
  Model addition step  25: Added term 0 1 1 0 0 2 -- RMS=8.066599, GCV=3.088060e-08, AIC = 1.908729
  Model addition step  26: Added term 0 2 0 0 1 0 -- RMS=7.688169, GCV=2.805494e-08, AIC = 1.812649
  Model addition step  27: Added term 0 2 1 0 0 0 -- RMS=7.428477, GCV=2.619521e-08, AIC = 1.743945
  Model addition step  28: Added term 0 0 1 2 0 1 -- RMS=7.210312, GCV=2.468250e-08, AIC = 1.684347
  Model addition step  29: Added term 2 0 1 0 0 0 -- RMS=6.951582, GCV=2.294601e-08, AIC = 1.611280
  Model addition step  30: Added term 1 1 0 2 0 0 -- RMS=6.771819, GCV=2.177757e-08, AIC = 1.558901
  Model addition step  31: Added term 2 1 0 1 0 0 -- RMS=6.608458, GCV=2.074234e-08, AIC = 1.510081
  Model addition step  32: Added term 0 1 0 1 0 2 -- RMS=6.412034, GCV=1.953026e-08, AIC = 1.449753
  Model addition step  33: Added term 0 0 0 0 3 0 -- RMS=6.270820, GCV=1.868202e-08, AIC = 1.405233
  Model addition step  34: Added term 1 0 0 0 1 1 -- RMS=6.059206, GCV=1.744478e-08, AIC = 1.336596
  Model addition step  35: Added term 2 0 0 1 0 1 -- RMS=5.904041, GCV=1.656500e-08, AIC = 1.284732
  Model addition step  36: Added term 0 0 1 0 0 1 -- RMS=5.734766, GCV=1.563087e-08, AIC = 1.226571
  Model addition step  37: Added term 0 3 0 0 1 0 -- RMS=5.600157, GCV=1.490771e-08, AIC = 1.179086
Change in error: 0.019669. No more terms added.
   38 polynomial terms were written for levscap1
levscap2
  RMS fit error of the full model is: 0.682115 mm
  maximum moment arm: 232.446279 mm
  maximum error allowed: 23.244628 mm
  Model addition step   1: Added term 1 0 0 0 1 0 -- RMS=135.287579, GCV=8.657866e-06, AIC = 7.547607
  Model addition step   2: Added term 0 0 0 1 0 0 -- RMS=117.701557, GCV=6.554176e-06, AIC = 7.269125
  Model addition step   3: Added term 0 0 0 0 1 1 -- RMS=98.051733, GCV=4.549074e-06, AIC = 6.903830
  Model addition step   4: Added term 0 0 1 0 0 0 -- RMS=75.657601, GCV=2.708796e-06, AIC = 6.385295
  Model addition step   5: Added term 0 0 0 0 0 0 -- RMS=51.530139, GCV=1.256760e-06, AIC = 5.617212
  Model addition step   6: Added term 0 0 0 0 1 0 -- RMS=42.934179, GCV=8.725591e-07, AIC = 5.252234
  Model addition step   7: Added term 1 2 1 0 0 0 -- RMS=38.358390, GCV=6.965751e-07, AIC = 5.026864
  Model addition step   8: Added term 0 1 0 0 2 1 -- RMS=34.658408, GCV=5.687523e-07, AIC = 4.824017
  Model addition step   9: Added term 1 0 0 0 2 1 -- RMS=31.736911, GCV=4.769732e-07, AIC = 4.647917
  Model addition step  10: Added term 1 0 0 0 0 0 -- RMS=29.416770, GCV=4.098391e-07, AIC = 4.496105
  Model addition step  11: Added term 0 0 0 0 0 1 -- RMS=27.284848, GCV=3.526348e-07, AIC = 4.345657
  Model addition step  12: Added term 0 0 0 0 2 0 -- RMS=25.851210, GCV=3.165940e-07, AIC = 4.237729
  Model addition step  13: Added term 1 3 0 0 0 0 -- RMS=24.605762, GCV=2.868621e-07, AIC = 4.138994
  Model addition step  14: Added term 0 1 0 0 1 0 -- RMS=21.281511, GCV=2.146166e-07, AIC = 3.848730
  Model addition step  15: Added term 0 1 1 0 0 0 -- RMS=18.717527, GCV=1.660405e-07, AIC = 3.591992
  Model addition step  16: Added term 1 1 0 0 1 0 -- RMS=16.389299, GCV=1.273200e-07, AIC = 3.326348
  Model addition step  17: Added term 0 3 0 0 0 0 -- RMS=12.958536, GCV=7.960612e-08, AIC = 2.856620
  Model addition step  18: Added term 0 0 0 0 0 2 -- RMS=11.878898, GCV=6.690301e-08, AIC = 2.682657
  Model addition step  19: Added term 0 1 1 0 2 0 -- RMS=11.022505, GCV=5.761197e-08, AIC = 2.533027
  Model addition step  20: Added term 1 0 0 0 3 0 -- RMS=10.562442, GCV=5.291022e-08, AIC = 2.447777
  Model addition step  21: Added term 0 1 0 2 0 0 -- RMS=10.172062, GCV=4.907809e-08, AIC = 2.372477
  Model addition step  22: Added term 0 0 1 0 0 1 -- RMS=9.835479, GCV=4.589015e-08, AIC = 2.305199
  Model addition step  23: Added term 1 0 2 1 0 0 -- RMS=9.488672, GCV=4.271674e-08, AIC = 2.233423
  Model addition step  24: Added term 0 0 0 1 2 1 -- RMS=9.184246, GCV=4.002515e-08, AIC = 2.168225
  Model addition step  25: Added term 0 0 1 1 0 1 -- RMS=8.920759, GCV=3.776664e-08, AIC = 2.110027
  Model addition step  26: Added term 1 0 1 0 0 1 -- RMS=8.466602, GCV=3.402372e-08, AIC = 2.005542
  Model addition step  27: Added term 0 3 0 0 0 1 -- RMS=8.178210, GCV=3.174964e-08, AIC = 1.936250
  Model addition step  28: Added term 0 2 0 0 1 0 -- RMS=7.968762, GCV=3.014830e-08, AIC = 1.884381
  Model addition step  29: Added term 1 1 0 0 2 0 -- RMS=7.601385, GCV=2.743629e-08, AIC = 1.790003
  Model addition step  30: Added term 0 1 0 0 0 0 -- RMS=7.282037, GCV=2.518283e-08, AIC = 1.704182
  Model addition step  31: Added term 0 2 1 0 0 0 -- RMS=7.086065, GCV=2.384887e-08, AIC = 1.649641
  Model addition step  32: Added term 0 1 1 0 0 1 -- RMS=6.896830, GCV=2.259516e-08, AIC = 1.595524
  Model addition step  33: Added term 0 1 0 1 0 0 -- RMS=6.669448, GCV=2.113270e-08, AIC = 1.528493
  Model addition step  34: Added term 0 0 0 0 0 3 -- RMS=6.448749, GCV=1.975991e-08, AIC = 1.461211
  Model addition step  35: Added term 0 1 0 0 0 1 -- RMS=6.300165, GCV=1.886239e-08, AIC = 1.414609
  Model addition step  36: Added term 1 0 1 0 0 0 -- RMS=6.133293, GCV=1.787883e-08, AIC = 1.360941
  Model addition step  37: Added term 0 1 2 0 0 1 -- RMS=5.992981, GCV=1.707247e-08, AIC = 1.314674
  Model addition step  38: Added term 0 0 1 0 0 2 -- RMS=5.764019, GCV=1.579502e-08, AIC = 1.236786
Change in error: 0.017589. No more terms added.
   39 polynomial terms were written for levscap2
pectmin1
  RMS fit error of the full model is: 0.297570 mm
  maximum moment arm: 152.075815 mm
  maximum error allowed: 15.207582 mm
  Model addition step   1: Added term 0 0 1 0 0 0 -- RMS=62.756308, GCV=1.862987e-06, AIC = 6.011320
  Model addition step   2: Added term 0 0 0 0 0 0 -- RMS=49.836493, GCV=1.175029e-06, AIC = 5.550316
  Model addition step   3: Added term 0 1 0 0 1 0 -- RMS=41.797093, GCV=8.266174e-07, AIC = 5.198494
  Model addition step   4: Added term 1 1 0 0 0 0 -- RMS=33.696995, GCV=5.373453e-07, AIC = 4.767677
  Model addition step   5: Added term 0 1 0 1 1 0 -- RMS=30.258741, GCV=4.333427e-07, AIC = 4.552449
  Model addition step   6: Added term 0 0 1 0 1 0 -- RMS=27.791816, GCV=3.656136e-07, AIC = 4.382381
  Model addition step   7: Added term 0 0 0 0 0 2 -- RMS=25.496725, GCV=3.077627e-07, AIC = 4.210017
  Model addition step   8: Added term 0 0 0 1 0 1 -- RMS=22.720212, GCV=2.444166e-07, AIC = 3.979446
  Model addition step   9: Added term 0 0 0 2 2 0 -- RMS=20.385421, GCV=1.967905e-07, AIC = 3.762596
  Model addition step  10: Added term 0 0 0 0 2 1 -- RMS=17.939909, GCV=1.524277e-07, AIC = 3.507031
  Model addition step  11: Added term 1 0 1 0 1 0 -- RMS=16.240671, GCV=1.249367e-07, AIC = 3.308032
  Model addition step  12: Added term 0 0 1 1 1 0 -- RMS=14.065134, GCV=9.371921e-08, AIC = 3.020412
  Model addition step  13: Added term 0 1 0 2 0 0 -- RMS=13.094116, GCV=8.123665e-08, AIC = 2.877359
  Model addition step  14: Added term 2 0 2 0 0 0 -- RMS=12.429526, GCV=7.320951e-08, AIC = 2.773202
  Model addition step  15: Added term 2 1 0 0 1 0 -- RMS=12.028645, GCV=6.857258e-08, AIC = 2.707653
  Model addition step  16: Added term 0 0 0 0 4 0 -- RMS=11.661341, GCV=6.445740e-08, AIC = 2.645649
  Model addition step  17: Added term 0 0 0 0 3 0 -- RMS=10.511235, GCV=5.237718e-08, AIC = 2.438000
  Model addition step  18: Added term 0 1 0 0 0 0 -- RMS=9.935037, GCV=4.679854e-08, AIC = 2.325265
  Model addition step  19: Added term 0 0 0 1 1 2 -- RMS=9.638287, GCV=4.405060e-08, AIC = 2.264636
  Model addition step  20: Added term 1 0 1 0 0 1 -- RMS=9.253414, GCV=4.060830e-08, AIC = 2.183153
  Model addition step  21: Added term 0 1 1 0 0 0 -- RMS=8.917137, GCV=3.771556e-08, AIC = 2.109137
  Model addition step  22: Added term 1 0 0 0 2 0 -- RMS=8.486344, GCV=3.416408e-08, AIC = 2.010123
  Model addition step  23: Added term 0 2 0 0 0 0 -- RMS=8.139969, GCV=3.143640e-08, AIC = 1.926799
  Model addition step  24: Added term 1 1 0 1 0 0 -- RMS=7.842508, GCV=2.918474e-08, AIC = 1.852363
  Model addition step  25: Added term 0 1 0 1 2 0 -- RMS=7.515750, GCV=2.680707e-08, AIC = 1.767266
  Model addition step  26: Added term 1 1 0 0 2 0 -- RMS=7.204873, GCV=2.463861e-08, AIC = 1.682799
  Model addition step  27: Added term 0 1 1 1 1 0 -- RMS=6.983842, GCV=2.315321e-08, AIC = 1.620502
  Model addition step  28: Added term 0 0 0 4 0 0 -- RMS=6.740271, GCV=2.156929e-08, AIC = 1.549523
  Model addition step  29: Added term 0 1 1 0 0 1 -- RMS=6.582137, GCV=2.057187e-08, AIC = 1.502061
  Model addition step  30: Added term 0 1 0 0 3 0 -- RMS=6.411224, GCV=1.952004e-08, AIC = 1.449462
  Model addition step  31: Added term 1 0 1 0 2 0 -- RMS=6.243222, GCV=1.851293e-08, AIC = 1.396373
Change in error: 0.017782. No more terms added.
   32 polynomial terms were written for pectmin1
pectmin2
  RMS fit error of the full model is: 0.600042 mm
  maximum moment arm: 215.003618 mm
  maximum error allowed: 21.500362 mm
  Model addition step   1: Added term 0 0 1 0 0 0 -- RMS=82.342578, GCV=3.207332e-06, AIC = 6.554578
  Model addition step   2: Added term 0 0 0 0 0 0 -- RMS=69.861386, GCV=2.309022e-06, AIC = 6.225847
  Model addition step   3: Added term 0 1 0 0 1 0 -- RMS=60.367201, GCV=1.724307e-06, AIC = 5.933732
  Model addition step   4: Added term 1 1 0 0 1 0 -- RMS=50.843022, GCV=1.223302e-06, AIC = 5.590345
  Model addition step   5: Added term 0 0 0 0 1 1 -- RMS=44.445713, GCV=9.349526e-07, AIC = 5.321416
  Model addition step   6: Added term 0 0 1 0 2 0 -- RMS=40.715704, GCV=7.847158e-07, AIC = 5.146126
  Model addition step   7: Added term 0 0 0 2 2 0 -- RMS=37.822070, GCV=6.772326e-07, AIC = 4.998703
  Model addition step   8: Added term 0 0 1 1 0 0 -- RMS=34.266684, GCV=5.559684e-07, AIC = 4.801284
  Model addition step   9: Added term 1 0 1 0 2 0 -- RMS=31.958278, GCV=4.836503e-07, AIC = 4.661818
  Model addition step  10: Added term 0 0 0 0 0 2 -- RMS=30.037836, GCV=4.273273e-07, AIC = 4.537891
  Model addition step  11: Added term 0 0 0 1 1 1 -- RMS=27.197969, GCV=3.503927e-07, AIC = 4.339279
  Model addition step  12: Added term 1 0 0 1 0 0 -- RMS=24.349473, GCV=2.808795e-07, AIC = 4.118034
  Model addition step  13: Added term 0 0 1 0 0 1 -- RMS=22.668852, GCV=2.434774e-07, AIC = 3.975017
  Model addition step  14: Added term 1 1 0 0 2 0 -- RMS=21.547590, GCV=2.200168e-07, AIC = 3.873580
  Model addition step  15: Added term 0 1 0 2 0 0 -- RMS=20.085310, GCV=1.911940e-07, AIC = 3.733049
  Model addition step  16: Added term 0 0 0 1 0 0 -- RMS=19.302855, GCV=1.766115e-07, AIC = 3.653597
  Model addition step  17: Added term 0 1 0 1 0 0 -- RMS=18.207461, GCV=1.571569e-07, AIC = 3.536773
  Model addition step  18: Added term 0 0 2 0 0 0 -- RMS=17.490605, GCV=1.450451e-07, AIC = 3.456457
  Model addition step  19: Added term 1 0 1 0 0 0 -- RMS=16.653492, GCV=1.315112e-07, AIC = 3.358389
  Model addition step  20: Added term 0 0 0 2 0 0 -- RMS=16.030164, GCV=1.218672e-07, AIC = 3.282113
  Model addition step  21: Added term 0 2 0 0 0 1 -- RMS=15.635501, GCV=1.159560e-07, AIC = 3.232276
  Model addition step  22: Added term 2 0 0 0 2 0 -- RMS=15.320894, GCV=1.113516e-07, AIC = 3.191642
  Model addition step  23: Added term 0 0 0 0 4 0 -- RMS=14.813371, GCV=1.041106e-07, AIC = 3.124287
  Model addition step  24: Added term 0 1 0 0 0 0 -- RMS=14.259342, GCV=9.648171e-08, AIC = 3.048070
  Model addition step  25: Added term 0 1 1 0 0 0 -- RMS=13.746564, GCV=8.967949e-08, AIC = 2.974843
  Model addition step  26: Added term 1 0 0 0 3 0 -- RMS=13.200208, GCV=8.270373e-08, AIC = 2.893749
  Model addition step  27: Added term 0 1 0 1 1 0 -- RMS=12.192827, GCV=7.057179e-08, AIC = 2.734999
  Model addition step  28: Added term 1 0 0 0 0 0 -- RMS=11.724564, GCV=6.526413e-08, AIC = 2.656695
  Model addition step  29: Added term 0 0 0 1 2 0 -- RMS=11.107851, GCV=5.858683e-08, AIC = 2.548646
  Model addition step  30: Added term 0 0 0 0 1 0 -- RMS=10.596563, GCV=5.332475e-08, AIC = 2.454421
  Model addition step  31: Added term 0 2 0 0 0 0 -- RMS=10.250079, GCV=4.990132e-08, AIC = 2.387951
  Model addition step  32: Added term 0 0 0 1 0 1 -- RMS=9.928902, GCV=4.682943e-08, AIC = 2.324300
  Model addition step  33: Added term 0 0 0 1 0 2 -- RMS=9.337890, GCV=4.142598e-08, AIC = 2.201580
  Model addition step  34: Added term 0 0 1 2 1 0 -- RMS=8.941517, GCV=3.798888e-08, AIC = 2.114849
  Model addition step  35: Added term 2 0 0 0 1 1 -- RMS=8.611032, GCV=3.523735e-08, AIC = 2.039546
  Model addition step  36: Added term 1 0 0 1 0 1 -- RMS=8.323194, GCV=3.292545e-08, AIC = 1.971569
  Model addition step  37: Added term 1 1 0 0 0 0 -- RMS=8.033789, GCV=3.067972e-08, AIC = 1.900809
  Model addition step  38: Added term 1 0 2 0 0 0 -- RMS=7.775278, GCV=2.874096e-08, AIC = 1.835414
  Model addition step  39: Added term 1 1 1 0 0 0 -- RMS=7.482799, GCV=2.662296e-08, AIC = 1.758749
  Model addition step  40: Added term 2 1 0 0 1 0 -- RMS=7.148966, GCV=2.430376e-08, AIC = 1.667490
  Model addition step  41: Added term 0 0 2 1 0 0 -- RMS=6.813273, GCV=2.207788e-08, AIC = 1.571319
  Model addition step  42: Added term 1 1 0 0 1 1 -- RMS=6.569361, GCV=2.052820e-08, AIC = 1.498426
  Model addition step  43: Added term 0 1 0 0 1 1 -- RMS=6.320760, GCV=1.900650e-08, AIC = 1.421291
  Model addition step  44: Added term 0 0 1 0 3 0 -- RMS=6.069005, GCV=1.752498e-08, AIC = 1.340021
  Model addition step  45: Added term 0 1 2 0 1 0 -- RMS=5.836433, GCV=1.620975e-08, AIC = 1.261890
  Model addition step  46: Added term 0 0 1 0 0 2 -- RMS=5.610035, GCV=1.497860e-08, AIC = 1.182784
  Model addition step  47: Added term 1 0 0 0 1 0 -- RMS=5.429455, GCV=1.403174e-08, AIC = 1.117367
  Model addition step  48: Added term 1 0 1 1 1 0 -- RMS=5.229557, GCV=1.301930e-08, AIC = 1.042362
  Model addition step  49: Added term 0 2 1 0 1 0 -- RMS=5.068751, GCV=1.223260e-08, AIC = 0.979917
  Model addition step  50: Added term 0 1 1 1 1 0 -- RMS=4.895071, GCV=1.141021e-08, AIC = 0.910205
  Model addition step  51: Added term 2 0 0 0 0 0 -- RMS=4.711462, GCV=1.057173e-08, AIC = 0.833763
  Model addition step  52: Added term 0 0 0 0 2 1 -- RMS=4.567369, GCV=9.936322e-09, AIC = 0.771661
  Model addition step  53: Added term 0 1 0 3 0 0 -- RMS=4.445492, GCV=9.414386e-09, AIC = 0.717586
  Model addition step  54: Added term 1 0 0 2 0 0 -- RMS=4.237573, GCV=8.555507e-09, AIC = 0.621806
  Model addition step  55: Added term 2 0 1 0 0 0 -- RMS=4.058110, GCV=7.847256e-09, AIC = 0.535279
  Model addition step  56: Added term 0 0 0 3 0 0 -- RMS=3.787024, GCV=6.834789e-09, AIC = 0.397024
  Model addition step  57: Added term 2 0 0 1 0 0 -- RMS=3.603378, GCV=6.188818e-09, AIC = 0.297626
  Model addition step  58: Added term 0 3 0 0 1 0 -- RMS=3.471336, GCV=5.744342e-09, AIC = 0.222981
  Model addition step  59: Added term 1 2 0 0 1 0 -- RMS=3.334978, GCV=5.302637e-09, AIC = 0.142853
  Model addition step  60: Added term 0 0 0 2 0 1 -- RMS=3.218834, GCV=4.940399e-09, AIC = 0.071979
  Model addition step  61: Added term 1 0 0 3 0 0 -- RMS=3.115040, GCV=4.627547e-09, AIC = 0.006443
  Model addition step  62: Added term 1 0 0 0 2 1 -- RMS=3.028826, GCV=4.375536e-09, AIC = -0.049671
  Model addition step  63: Added term 0 0 1 2 0 0 -- RMS=2.938673, GCV=4.119496e-09, AIC = -0.110086
  Model addition step  64: Added term 1 0 0 0 1 2 -- RMS=2.857274, GCV=3.894973e-09, AIC = -0.166246
  Model addition step  65: Added term 0 0 3 0 0 0 -- RMS=2.784355, GCV=3.699207e-09, AIC = -0.217931
  Model addition step  66: Added term 1 1 1 0 1 0 -- RMS=2.700510, GCV=3.480246e-09, AIC = -0.279063
  Model addition step  67: Added term 0 0 2 0 2 0 -- RMS=2.630886, GCV=3.303555e-09, AIC = -0.331283
  Model addition step  68: Added term 1 0 1 0 0 1 -- RMS=2.566725, GCV=3.144815e-09, AIC = -0.380644
  Model addition step  69: Added term 0 1 1 2 0 0 -- RMS=2.509113, GCV=3.005633e-09, AIC = -0.426027
  Model addition step  70: Added term 2 1 1 0 0 0 -- RMS=2.455678, GCV=2.879367e-09, AIC = -0.469061
Change in error: 0.018627. No more terms added.
   71 polynomial terms were written for pectmin2
pectmin3
  RMS fit error of the full model is: 2.019816 mm
  maximum moment arm: 246.630983 mm
  maximum error allowed: 24.663098 mm
  Model addition step   1: Added term 0 0 1 0 0 0 -- RMS=92.062052, GCV=4.009187e-06, AIC = 6.777727
  Model addition step   2: Added term 0 1 0 0 1 0 -- RMS=81.060264, GCV=3.108635e-06, AIC = 6.523206
  Model addition step   3: Added term 0 0 0 0 1 1 -- RMS=72.458071, GCV=2.484196e-06, AIC = 6.298856
  Model addition step   4: Added term 1 1 0 0 1 0 -- RMS=62.786150, GCV=1.865515e-06, AIC = 6.012328
  Model addition step   5: Added term 0 0 0 0 0 0 -- RMS=55.006109, GCV=1.432029e-06, AIC = 5.747767
  Model addition step   6: Added term 0 0 1 0 2 0 -- RMS=49.767318, GCV=1.172403e-06, AIC = 5.547615
  Model addition step   7: Added term 0 0 1 1 0 0 -- RMS=46.405740, GCV=1.019508e-06, AIC = 5.407764
  Model addition step   8: Added term 0 1 0 2 1 0 -- RMS=41.998681, GCV=8.351746e-07, AIC = 5.208213
  Model addition step   9: Added term 1 0 1 0 1 0 -- RMS=38.452860, GCV=7.001998e-07, AIC = 5.031822
  Model addition step  10: Added term 1 0 0 1 0 0 -- RMS=34.801433, GCV=5.736112e-07, AIC = 4.832292
  Model addition step  11: Added term 0 2 0 1 1 0 -- RMS=32.927657, GCV=5.135749e-07, AIC = 4.721620
  Model addition step  12: Added term 0 2 0 0 0 2 -- RMS=31.208676, GCV=4.614148e-07, AIC = 4.614406
  Model addition step  13: Added term 1 1 0 0 2 0 -- RMS=29.803325, GCV=4.208517e-07, AIC = 4.522273
  Model addition step  14: Added term 0 2 0 1 0 1 -- RMS=28.706101, GCV=3.904872e-07, AIC = 4.447272
  Model addition step  15: Added term 0 0 0 1 1 0 -- RMS=27.458740, GCV=3.573373e-07, AIC = 4.358441
  Model addition step  16: Added term 0 0 0 2 0 0 -- RMS=26.418350, GCV=3.308165e-07, AIC = 4.281209
  Model addition step  17: Added term 0 0 0 0 0 1 -- RMS=25.659199, GCV=3.121194e-07, AIC = 4.222914
  Model addition step  18: Added term 0 0 0 1 1 2 -- RMS=24.764383, GCV=2.907692e-07, AIC = 4.151942
  Model addition step  19: Added term 0 1 1 0 0 0 -- RMS=24.024854, GCV=2.736993e-07, AIC = 4.091327
  Model addition step  20: Added term 0 2 0 0 0 0 -- RMS=23.317885, GCV=2.578631e-07, AIC = 4.031609
  Model addition step  21: Added term 0 1 0 1 2 0 -- RMS=22.563589, GCV=2.414827e-07, AIC = 3.965862
  Model addition step  22: Added term 1 0 1 0 0 1 -- RMS=21.805852, GCV=2.255665e-07, AIC = 3.897563
  Model addition step  23: Added term 0 0 0 0 0 2 -- RMS=20.657323, GCV=2.024582e-07, AIC = 3.789366
  Model addition step  24: Added term 0 1 0 0 3 0 -- RMS=19.783356, GCV=1.857145e-07, AIC = 3.702927
  Model addition step  25: Added term 0 0 0 2 0 1 -- RMS=19.173245, GCV=1.744601e-07, AIC = 3.640296
  Model addition step  26: Added term 0 0 0 3 1 0 -- RMS=18.767756, GCV=1.671815e-07, AIC = 3.597565
  Model addition step  27: Added term 2 0 0 0 0 0 -- RMS=18.300700, GCV=1.589856e-07, AIC = 3.547182
  Model addition step  28: Added term 2 0 0 0 2 0 -- RMS=17.841787, GCV=1.511325e-07, AIC = 3.496409
  Model addition step  29: Added term 0 0 0 1 2 0 -- RMS=17.148672, GCV=1.396371e-07, AIC = 3.417183
  Model addition step  30: Added term 0 2 0 0 2 0 -- RMS=16.262710, GCV=1.255985e-07, AIC = 3.311111
  Model addition step  31: Added term 1 2 0 0 1 0 -- RMS=15.872180, GCV=1.196550e-07, AIC = 3.262516
  Model addition step  32: Added term 0 1 0 1 1 0 -- RMS=15.499568, GCV=1.141184e-07, AIC = 3.215024
  Model addition step  33: Added term 1 1 0 2 0 0 -- RMS=15.038907, GCV=1.074503e-07, AIC = 3.154700
Change in error: 0.015372. No more terms added.
   34 polynomial terms were written for pectmin3
pectmin4
  RMS fit error of the full model is: 1.779171 mm
  maximum moment arm: 272.243356 mm
  maximum error allowed: 27.224336 mm
  Model addition step   1: Added term 0 0 1 0 0 0 -- RMS=92.866328, GCV=4.079543e-06, AIC = 6.795124
  Model addition step   2: Added term 0 0 0 0 0 0 -- RMS=84.228732, GCV=3.356404e-06, AIC = 6.599893
  Model addition step   3: Added term 0 2 0 0 0 0 -- RMS=77.066343, GCV=2.810230e-06, AIC = 6.422173
  Model addition step   4: Added term 1 1 0 0 0 0 -- RMS=69.178280, GCV=2.264700e-06, AIC = 6.206233
  Model addition step   5: Added term 0 0 0 0 1 1 -- RMS=65.817794, GCV=2.050296e-06, AIC = 6.106659
  Model addition step   6: Added term 0 0 1 0 3 0 -- RMS=62.025346, GCV=1.821071e-06, AIC = 5.987984
  Model addition step   7: Added term 0 1 0 2 1 0 -- RMS=57.894781, GCV=1.586814e-06, AIC = 5.850172
  Model addition step   8: Added term 1 0 0 1 0 0 -- RMS=51.220881, GCV=1.242224e-06, AIC = 5.605231
  Model addition step   9: Added term 1 0 1 0 0 0 -- RMS=49.211217, GCV=1.146814e-06, AIC = 5.525199
  Model addition step  10: Added term 0 0 1 1 0 0 -- RMS=46.920684, GCV=1.042683e-06, AIC = 5.429892
  Model addition step  11: Added term 0 1 0 0 1 0 -- RMS=44.570611, GCV=9.409777e-07, AIC = 5.327144
  Model addition step  12: Added term 0 0 0 0 3 0 -- RMS=41.537125, GCV=8.173607e-07, AIC = 5.186189
  Model addition step  13: Added term 0 1 0 0 0 2 -- RMS=40.222982, GCV=7.665635e-07, AIC = 5.121910
  Model addition step  14: Added term 1 0 1 0 0 1 -- RMS=37.871114, GCV=6.796331e-07, AIC = 5.001430
  Model addition step  15: Added term 0 1 0 1 1 1 -- RMS=35.491409, GCV=5.969852e-07, AIC = 4.871653
  Model addition step  16: Added term 0 0 0 2 0 0 -- RMS=34.349159, GCV=5.592527e-07, AIC = 4.806246
  Model addition step  17: Added term 2 0 0 0 0 0 -- RMS=33.309445, GCV=5.259802e-07, AIC = 4.744792
  Model addition step  18: Added term 0 1 0 0 2 1 -- RMS=32.165480, GCV=4.905389e-07, AIC = 4.674917
  Model addition step  19: Added term 0 0 1 0 0 1 -- RMS=30.950220, GCV=4.542340e-07, AIC = 4.597909
  Model addition step  20: Added term 0 0 0 1 0 0 -- RMS=29.892489, GCV=4.237747e-07, AIC = 4.528383
  Model addition step  21: Added term 0 1 0 1 0 0 -- RMS=28.243655, GCV=3.783654e-07, AIC = 4.414925
  Model addition step  22: Added term 1 0 0 0 0 2 -- RMS=27.140240, GCV=3.494265e-07, AIC = 4.335242
  Model addition step  23: Added term 0 1 1 0 1 0 -- RMS=26.299857, GCV=3.281663e-07, AIC = 4.272353
  Model addition step  24: Added term 0 1 0 0 3 0 -- RMS=25.633991, GCV=3.118017e-07, AIC = 4.221084
  Model addition step  25: Added term 2 1 0 0 1 0 -- RMS=24.876802, GCV=2.936932e-07, AIC = 4.161136
  Model addition step  26: Added term 0 1 0 0 0 1 -- RMS=23.941824, GCV=2.720684e-07, AIC = 4.084538
  Model addition step  27: Added term 3 0 0 0 0 1 -- RMS=23.193645, GCV=2.553644e-07, AIC = 4.021060
  Model addition step  28: Added term 1 0 0 0 3 0 -- RMS=22.090423, GCV=2.316804e-07, AIC = 3.923611
  Model addition step  29: Added term 0 0 0 1 3 0 -- RMS=20.989073, GCV=2.091830e-07, AIC = 3.821346
  Model addition step  30: Added term 0 1 0 0 0 0 -- RMS=19.776637, GCV=1.857392e-07, AIC = 3.702364
  Model addition step  31: Added term 1 0 0 0 0 0 -- RMS=18.992114, GCV=1.713185e-07, AIC = 3.621428
  Model addition step  32: Added term 0 0 0 0 0 2 -- RMS=18.422241, GCV=1.612135e-07, AIC = 3.560517
  Model addition step  33: Added term 0 0 0 1 0 1 -- RMS=16.976212, GCV=1.369168e-07, AIC = 3.397045
  Model addition step  34: Added term 0 0 0 0 2 0 -- RMS=16.181130, GCV=1.244090e-07, AIC = 3.301130
  Model addition step  35: Added term 2 0 0 1 0 1 -- RMS=15.568992, GCV=1.151898e-07, AIC = 3.224020
  Model addition step  36: Added term 0 1 1 2 0 0 -- RMS=14.940793, GCV=1.060960e-07, AIC = 3.141668
  Model addition step  37: Added term 1 1 1 0 1 0 -- RMS=14.200011, GCV=9.584907e-08, AIC = 3.039982
  Model addition step  38: Added term 1 0 2 0 1 0 -- RMS=13.665555, GCV=8.878179e-08, AIC = 2.963273
  Model addition step  39: Added term 0 0 2 1 1 0 -- RMS=13.218148, GCV=8.307482e-08, AIC = 2.896716
  Model addition step  40: Added term 0 1 0 2 0 1 -- RMS=12.840412, GCV=7.840522e-08, AIC = 2.838749
  Model addition step  41: Added term 0 0 1 0 2 0 -- RMS=12.483828, GCV=7.412103e-08, AIC = 2.782442
  Model addition step  42: Added term 2 1 0 0 0 0 -- RMS=12.166635, GCV=7.041184e-08, AIC = 2.730988
  Model addition step  43: Added term 1 1 0 0 0 1 -- RMS=11.782871, GCV=6.604894e-08, AIC = 2.666906
  Model addition step  44: Added term 0 0 0 1 1 0 -- RMS=11.413371, GCV=6.197982e-08, AIC = 2.603203
  Model addition step  45: Added term 1 0 1 1 0 0 -- RMS=11.045300, GCV=5.805456e-08, AIC = 2.537661
  Model addition step  46: Added term 1 0 0 0 1 0 -- RMS=10.656517, GCV=5.404690e-08, AIC = 2.466013
  Model addition step  47: Added term 0 0 1 2 1 0 -- RMS=10.317478, GCV=5.066945e-08, AIC = 2.401368
  Model addition step  48: Added term 0 1 1 1 1 0 -- RMS=9.753185, GCV=4.528464e-08, AIC = 2.288897
  Model addition step  49: Added term 2 0 1 0 0 0 -- RMS=9.379918, GCV=4.189044e-08, AIC = 2.210870
  Model addition step  50: Added term 0 1 2 0 1 0 -- RMS=9.157172, GCV=3.992993e-08, AIC = 2.162822
  Model addition step  51: Added term 0 2 1 0 1 0 -- RMS=8.936095, GCV=3.803033e-08, AIC = 2.113964
  Model addition step  52: Added term 0 3 0 0 1 0 -- RMS=8.749188, GCV=3.646104e-08, AIC = 2.071708
Change in error: 0.018786. No more terms added.
   53 polynomial terms were written for pectmin4
rhomboid1
  RMS fit error of the full model is: 1.064524 mm
  maximum moment arm: 257.971014 mm
  maximum error allowed: 25.797101 mm
  Model addition step   1: Added term 1 0 0 0 2 0 -- RMS=141.600171, GCV=9.484677e-06, AIC = 7.638816
  Model addition step   2: Added term 0 0 0 0 1 1 -- RMS=123.178846, GCV=7.178372e-06, AIC = 7.360095
  Model addition step   3: Added term 0 1 0 1 0 0 -- RMS=103.746937, GCV=5.092875e-06, AIC = 7.016749
  Model addition step   4: Added term 0 0 1 0 0 0 -- RMS=91.183668, GCV=3.934642e-06, AIC = 6.758611
  Model addition step   5: Added term 0 0 0 0 0 0 -- RMS=76.572881, GCV=2.775107e-06, AIC = 6.409365
  Model addition step   6: Added term 0 1 0 0 0 0 -- RMS=61.739230, GCV=1.804309e-06, AIC = 5.978737
  Model addition step   7: Added term 0 0 0 1 0 0 -- RMS=48.661852, GCV=1.121049e-06, AIC = 5.502708
  Model addition step   8: Added term 0 0 0 0 1 0 -- RMS=43.489789, GCV=8.955309e-07, AIC = 5.277989
  Model addition step   9: Added term 1 0 0 0 1 0 -- RMS=33.966663, GCV=5.463494e-07, AIC = 4.783715
  Model addition step  10: Added term 1 2 0 0 0 0 -- RMS=30.579175, GCV=4.428686e-07, AIC = 4.573614
  Model addition step  11: Added term 0 0 0 0 0 1 -- RMS=27.019585, GCV=3.458115e-07, AIC = 4.326118
  Model addition step  12: Added term 0 0 0 0 2 0 -- RMS=24.787857, GCV=2.910843e-07, AIC = 4.153721
  Model addition step  13: Added term 0 0 0 0 0 2 -- RMS=21.245544, GCV=2.138628e-07, AIC = 3.845327
  Model addition step  14: Added term 0 0 1 0 0 1 -- RMS=17.252995, GCV=1.410546e-07, AIC = 3.429024
  Model addition step  15: Added term 0 1 0 0 2 0 -- RMS=15.926786, GCV=1.202191e-07, AIC = 3.269076
  Model addition step  16: Added term 0 0 1 0 1 0 -- RMS=15.205688, GCV=1.095943e-07, AIC = 3.176430
  Model addition step  17: Added term 0 0 1 1 0 0 -- RMS=14.469245, GCV=9.924904e-08, AIC = 3.077161
  Model addition step  18: Added term 0 0 2 0 0 0 -- RMS=13.520477, GCV=8.667171e-08, AIC = 2.941540
  Model addition step  19: Added term 1 1 0 0 0 0 -- RMS=12.756827, GCV=7.716804e-08, AIC = 2.825282
  Model addition step  20: Added term 0 4 0 0 0 0 -- RMS=11.904450, GCV=6.720932e-08, AIC = 2.686993
  Model addition step  21: Added term 0 0 0 1 0 1 -- RMS=11.368008, GCV=6.129688e-08, AIC = 2.594794
  Model addition step  22: Added term 2 1 1 0 0 0 -- RMS=10.852258, GCV=5.586871e-08, AIC = 2.501953
  Model addition step  23: Added term 0 0 1 2 0 0 -- RMS=10.360707, GCV=5.092910e-08, AIC = 2.409267
  Model addition step  24: Added term 0 0 0 1 0 2 -- RMS=9.925670, GCV=4.674828e-08, AIC = 2.323494
  Model addition step  25: Added term 0 1 0 0 0 1 -- RMS=9.510101, GCV=4.292151e-08, AIC = 2.237974
  Model addition step  26: Added term 1 0 0 2 1 0 -- RMS=9.067337, GCV=3.902322e-08, AIC = 2.142641
  Model addition step  27: Added term 3 0 0 0 0 0 -- RMS=8.724122, GCV=3.612982e-08, AIC = 2.065487
  Model addition step  28: Added term 1 0 0 0 0 1 -- RMS=8.372004, GCV=3.327669e-08, AIC = 1.983109
  Model addition step  29: Added term 1 1 0 0 0 2 -- RMS=8.016927, GCV=3.051798e-08, AIC = 1.896452
  Model addition step  30: Added term 0 2 1 1 0 0 -- RMS=7.652379, GCV=2.780941e-08, AIC = 1.803394
  Model addition step  31: Added term 0 1 0 1 2 0 -- RMS=7.396995, GCV=2.598772e-08, AIC = 1.735528
  Model addition step  32: Added term 1 1 2 0 0 0 -- RMS=7.148614, GCV=2.427505e-08, AIC = 1.667237
  Model addition step  33: Added term 0 0 1 1 0 1 -- RMS=6.827793, GCV=2.214807e-08, AIC = 1.575422
  Model addition step  34: Added term 1 0 1 1 0 0 -- RMS=6.513057, GCV=2.015598e-08, AIC = 1.481056
  Model addition step  35: Added term 0 0 1 1 1 0 -- RMS=6.342433, GCV=1.911633e-08, AIC = 1.427983
  Model addition step  36: Added term 1 1 1 0 0 1 -- RMS=6.149080, GCV=1.797099e-08, AIC = 1.366082
  Model addition step  37: Added term 0 2 0 0 0 2 -- RMS=5.950372, GCV=1.683057e-08, AIC = 1.300404
  Model addition step  38: Added term 1 0 0 0 2 1 -- RMS=5.758265, GCV=1.576350e-08, AIC = 1.234788
Change in error: 0.018619. No more terms added.
   39 polynomial terms were written for rhomboid1
rhomboid2
  RMS fit error of the full model is: 0.858886 mm
  maximum moment arm: 298.515895 mm
  maximum error allowed: 29.851589 mm
  Model addition step   1: Added term 1 0 0 0 1 0 -- RMS=164.549158, GCV=1.280815e-05, AIC = 7.939220
  Model addition step   2: Added term 0 0 0 0 0 1 -- RMS=138.101047, GCV=9.022931e-06, AIC = 7.588792
  Model addition step   3: Added term 0 1 0 0 0 0 -- RMS=119.222364, GCV=6.725551e-06, AIC = 7.294821
  Model addition step   4: Added term 0 0 0 0 0 0 -- RMS=98.245466, GCV=4.567685e-06, AIC = 6.907797
  Model addition step   5: Added term 0 0 0 1 0 0 -- RMS=78.859602, GCV=2.943330e-06, AIC = 6.468217
  Model addition step   6: Added term 0 0 1 0 0 0 -- RMS=53.579378, GCV=1.358889e-06, AIC = 5.695226
  Model addition step   7: Added term 0 0 0 0 1 0 -- RMS=41.342978, GCV=8.091905e-07, AIC = 5.176722
  Model addition step   8: Added term 1 0 0 0 0 0 -- RMS=37.087284, GCV=6.512624e-07, AIC = 4.959485
  Model addition step   9: Added term 1 0 1 0 1 0 -- RMS=33.793178, GCV=5.407827e-07, AIC = 4.773474
  Model addition step  10: Added term 0 0 0 1 2 0 -- RMS=30.831400, GCV=4.502046e-07, AIC = 4.590042
  Model addition step  11: Added term 1 2 0 0 0 0 -- RMS=27.562650, GCV=3.598521e-07, AIC = 4.365918
  Model addition step  12: Added term 1 0 0 0 1 1 -- RMS=25.100600, GCV=2.984758e-07, AIC = 4.178797
  Model addition step  13: Added term 0 0 2 0 1 0 -- RMS=23.155531, GCV=2.540441e-07, AIC = 4.017500
  Model addition step  14: Added term 0 1 0 1 2 0 -- RMS=21.542462, GCV=2.199120e-07, AIC = 3.873104
  Model addition step  15: Added term 0 0 0 0 3 0 -- RMS=20.180195, GCV=1.930047e-07, AIC = 3.742475
  Model addition step  16: Added term 0 1 0 0 2 0 -- RMS=18.248967, GCV=1.578528e-07, AIC = 3.541308
  Model addition step  17: Added term 0 1 1 0 1 0 -- RMS=17.115445, GCV=1.388708e-07, AIC = 3.413073
  Model addition step  18: Added term 0 1 0 0 2 1 -- RMS=16.121860, GCV=1.232321e-07, AIC = 3.293482
  Model addition step  19: Added term 0 4 0 0 0 0 -- RMS=15.255558, GCV=1.103591e-07, AIC = 3.183037
  Model addition step  20: Added term 0 0 1 2 0 0 -- RMS=14.506243, GCV=9.979776e-08, AIC = 3.082326
  Model addition step  21: Added term 2 1 1 0 0 0 -- RMS=13.453907, GCV=8.585518e-08, AIC = 2.931727
  Model addition step  22: Added term 1 1 0 0 1 0 -- RMS=12.836737, GCV=7.816957e-08, AIC = 2.837829
  Model addition step  23: Added term 0 0 0 2 1 1 -- RMS=12.287005, GCV=7.162742e-08, AIC = 2.750310
  Model addition step  24: Added term 0 0 0 1 3 0 -- RMS=11.742821, GCV=6.543210e-08, AIC = 2.659730
  Model addition step  25: Added term 0 1 0 3 0 0 -- RMS=11.265293, GCV=6.022679e-08, AIC = 2.576718
  Model addition step  26: Added term 0 2 0 1 1 0 -- RMS=10.809504, GCV=5.545939e-08, AIC = 2.494135
  Model addition step  27: Added term 0 1 1 2 0 0 -- RMS=10.440552, GCV=5.174511e-08, AIC = 2.424698
  Model addition step  28: Added term 0 1 0 1 1 0 -- RMS=10.022919, GCV=4.769464e-08, AIC = 2.343071
  Model addition step  29: Added term 1 2 0 0 1 0 -- RMS=9.393240, GCV=4.189583e-08, AIC = 2.213322
  Model addition step  30: Added term 0 0 1 1 2 0 -- RMS=9.111695, GCV=3.942730e-08, AIC = 2.152479
  Model addition step  31: Added term 0 2 1 1 0 0 -- RMS=8.626249, GCV=3.534285e-08, AIC = 2.043000
  Model addition step  32: Added term 0 0 0 0 1 1 -- RMS=8.349501, GCV=3.311597e-08, AIC = 1.977803
  Model addition step  33: Added term 0 3 0 0 0 1 -- RMS=7.906589, GCV=2.969980e-08, AIC = 1.868812
  Model addition step  34: Added term 0 3 0 0 0 0 -- RMS=7.561503, GCV=2.716754e-08, AIC = 1.779578
  Model addition step  35: Added term 0 0 0 0 4 0 -- RMS=7.247021, GCV=2.495812e-08, AIC = 1.694639
  Model addition step  36: Added term 0 1 1 0 0 1 -- RMS=6.997649, GCV=2.327319e-08, AIC = 1.624625
  Model addition step  37: Added term 0 0 0 1 1 1 -- RMS=6.711776, GCV=2.141339e-08, AIC = 1.541223
  Model addition step  38: Added term 1 0 1 1 0 0 -- RMS=6.435758, GCV=1.969105e-08, AIC = 1.457255
  Model addition step  39: Added term 1 0 0 2 1 0 -- RMS=6.155125, GCV=1.801366e-08, AIC = 1.368105
  Model addition step  40: Added term 0 2 0 0 0 2 -- RMS=5.882594, GCV=1.645602e-08, AIC = 1.277550
  Model addition step  41: Added term 2 1 0 1 0 0 -- RMS=5.602138, GCV=1.492635e-08, AIC = 1.179870
  Model addition step  42: Added term 0 2 0 1 0 1 -- RMS=5.415856, GCV=1.395208e-08, AIC = 1.112255
  Model addition step  43: Added term 0 1 0 0 3 0 -- RMS=5.230615, GCV=1.301575e-08, AIC = 1.042670
  Model addition step  44: Added term 0 0 2 0 2 0 -- RMS=5.072234, GCV=1.224112e-08, AIC = 0.981194
  Model addition step  45: Added term 0 0 2 1 0 1 -- RMS=4.928109, GCV=1.155692e-08, AIC = 0.923562
  Model addition step  46: Added term 0 0 1 2 0 1 -- RMS=4.731474, GCV=1.065450e-08, AIC = 0.842144
  Model addition step  47: Added term 0 0 0 2 0 2 -- RMS=4.576692, GCV=9.970168e-09, AIC = 0.775642
  Model addition step  48: Added term 0 0 1 0 1 0 -- RMS=4.418226, GCV=9.292955e-09, AIC = 0.705185
  Model addition step  49: Added term 2 1 0 0 1 0 -- RMS=4.236271, GCV=8.544453e-09, AIC = 0.621095
  Model addition step  50: Added term 1 1 0 1 0 1 -- RMS=4.017823, GCV=7.687009e-09, AIC = 0.515228
  Model addition step  51: Added term 1 0 1 0 0 0 -- RMS=3.937006, GCV=7.381877e-09, AIC = 0.474608
  Model addition step  52: Added term 1 1 1 0 0 0 -- RMS=3.842683, GCV=7.033356e-09, AIC = 0.426128
  Model addition step  53: Added term 0 1 2 0 0 1 -- RMS=3.740944, GCV=6.666758e-09, AIC = 0.372481
  Model addition step  54: Added term 0 0 1 0 0 2 -- RMS=3.659440, GCV=6.380293e-09, AIC = 0.328445
  Model addition step  55: Added term 0 0 0 0 0 3 -- RMS=3.537324, GCV=5.962384e-09, AIC = 0.260585
  Model addition step  56: Added term 0 1 0 2 0 0 -- RMS=3.442240, GCV=5.646916e-09, AIC = 0.206108
  Model addition step  57: Added term 0 2 0 0 0 1 -- RMS=3.365587, GCV=5.398956e-09, AIC = 0.161087
  Model addition step  58: Added term 1 0 1 0 1 1 -- RMS=3.271020, GCV=5.100506e-09, AIC = 0.104105
Change in error: 0.014435. No more terms added.
   59 polynomial terms were written for rhomboid2
rhomboid3
  RMS fit error of the full model is: 1.198791 mm
  maximum moment arm: 307.592448 mm
  maximum error allowed: 30.759245 mm
  Model addition step   1: Added term 1 0 0 0 1 0 -- RMS=166.236598, GCV=1.307219e-05, AIC = 7.959625
  Model addition step   2: Added term 0 0 0 0 0 1 -- RMS=138.900284, GCV=9.127671e-06, AIC = 7.600333
  Model addition step   3: Added term 0 1 0 0 0 0 -- RMS=119.908770, GCV=6.803217e-06, AIC = 7.306302
  Model addition step   4: Added term 0 0 0 1 0 0 -- RMS=101.444097, GCV=4.869952e-06, AIC = 6.971875
  Model addition step   5: Added term 0 0 0 0 0 0 -- RMS=78.598198, GCV=2.923849e-06, AIC = 6.461576
  Model addition step   6: Added term 0 0 1 0 0 0 -- RMS=54.172936, GCV=1.389163e-06, AIC = 5.717261
  Model addition step   7: Added term 0 0 0 0 1 0 -- RMS=44.374363, GCV=9.322052e-07, AIC = 5.318241
  Model addition step   8: Added term 1 0 0 0 0 0 -- RMS=39.777079, GCV=7.491551e-07, AIC = 5.099518
  Model addition step   9: Added term 1 3 0 0 0 0 -- RMS=36.493460, GCV=6.306592e-07, AIC = 4.927222
  Model addition step  10: Added term 1 0 1 0 1 0 -- RMS=32.875465, GCV=5.118789e-07, AIC = 4.718428
  Model addition step  11: Added term 0 0 0 1 2 0 -- RMS=29.666055, GCV=4.168710e-07, AIC = 4.513001
  Model addition step  12: Added term 1 0 0 0 1 1 -- RMS=27.544143, GCV=3.594177e-07, AIC = 4.364594
  Model addition step  13: Added term 0 1 0 0 1 0 -- RMS=26.235981, GCV=3.261326e-07, AIC = 4.267297
  Model addition step  14: Added term 0 1 1 0 1 0 -- RMS=24.412495, GCV=2.824117e-07, AIC = 4.123243
  Model addition step  15: Added term 0 2 0 0 0 0 -- RMS=22.939680, GCV=2.493973e-07, AIC = 3.998808
  Model addition step  16: Added term 0 0 0 0 3 0 -- RMS=21.659355, GCV=2.223652e-07, AIC = 3.883966
  Model addition step  17: Added term 0 2 0 0 1 1 -- RMS=20.460844, GCV=1.984640e-07, AIC = 3.770136
  Model addition step  18: Added term 0 1 0 1 2 0 -- RMS=18.311167, GCV=1.589737e-07, AIC = 3.548152
  Model addition step  19: Added term 1 1 0 0 0 0 -- RMS=16.369178, GCV=1.270591e-07, AIC = 3.323949
  Model addition step  20: Added term 0 0 2 0 0 0 -- RMS=14.768967, GCV=1.034454e-07, AIC = 3.118224
  Model addition step  21: Added term 1 1 1 0 1 0 -- RMS=14.167975, GCV=9.521058e-08, AIC = 3.035156
  Model addition step  22: Added term 0 0 1 1 0 0 -- RMS=13.394330, GCV=8.510801e-08, AIC = 2.922870
  Model addition step  23: Added term 0 1 0 2 0 0 -- RMS=12.847115, GCV=7.830661e-08, AIC = 2.839465
  Model addition step  24: Added term 0 0 0 1 2 1 -- RMS=12.237029, GCV=7.105555e-08, AIC = 2.742178
  Model addition step  25: Added term 0 2 1 1 0 0 -- RMS=11.592172, GCV=6.377264e-08, AIC = 2.633925
  Model addition step  26: Added term 0 0 0 0 1 1 -- RMS=11.063818, GCV=5.809966e-08, AIC = 2.540644
  Model addition step  27: Added term 0 0 0 1 1 2 -- RMS=10.646643, GCV=5.380811e-08, AIC = 2.463793
  Model addition step  28: Added term 0 4 0 0 0 0 -- RMS=10.232100, GCV=4.970621e-08, AIC = 2.384382
  Model addition step  29: Added term 0 3 0 1 0 0 -- RMS=9.821095, GCV=4.579940e-08, AIC = 2.302407
  Model addition step  30: Added term 0 1 0 1 0 0 -- RMS=9.048242, GCV=3.888009e-08, AIC = 2.138502
  Model addition step  31: Added term 0 0 0 1 3 0 -- RMS=8.559766, GCV=3.480017e-08, AIC = 2.027526
  Model addition step  32: Added term 1 1 1 0 0 1 -- RMS=8.266876, GCV=3.246379e-08, AIC = 1.957913
  Model addition step  33: Added term 0 0 0 0 4 0 -- RMS=7.988090, GCV=3.031525e-08, AIC = 1.889322
  Model addition step  34: Added term 1 0 0 2 1 0 -- RMS=7.723461, GCV=2.834379e-08, AIC = 1.821964
  Model addition step  35: Added term 3 0 0 0 0 0 -- RMS=7.457656, GCV=2.643002e-08, AIC = 1.751940
  Model addition step  36: Added term 0 0 0 3 1 0 -- RMS=7.153919, GCV=2.432426e-08, AIC = 1.668798
  Model addition step  37: Added term 0 2 0 0 0 1 -- RMS=6.932767, GCV=2.284671e-08, AIC = 1.606014
  Model addition step  38: Added term 0 2 0 0 0 2 -- RMS=6.681603, GCV=2.122417e-08, AIC = 1.532232
  Model addition step  39: Added term 0 0 1 2 1 0 -- RMS=6.449712, GCV=1.977920e-08, AIC = 1.461606
  Model addition step  40: Added term 0 0 2 2 0 0 -- RMS=6.280234, GCV=1.875593e-08, AIC = 1.408369
  Model addition step  41: Added term 0 0 0 2 0 1 -- RMS=6.109048, GCV=1.774978e-08, AIC = 1.353115
  Model addition step  42: Added term 1 1 0 1 0 1 -- RMS=5.980536, GCV=1.701316e-08, AIC = 1.310613
  Model addition step  43: Added term 2 0 0 0 2 0 -- RMS=5.813156, GCV=1.607636e-08, AIC = 1.253860
  Model addition step  44: Added term 2 1 0 1 0 0 -- RMS=5.649812, GCV=1.518765e-08, AIC = 1.196876
  Model addition step  45: Added term 1 0 0 1 2 0 -- RMS=5.482015, GCV=1.430085e-08, AIC = 1.136596
  Model addition step  46: Added term 0 0 0 2 2 0 -- RMS=5.279773, GCV=1.326694e-08, AIC = 1.061436
  Model addition step  47: Added term 2 0 0 1 1 0 -- RMS=5.081179, GCV=1.228933e-08, AIC = 0.984776
  Model addition step  48: Added term 0 0 1 3 0 0 -- RMS=4.938829, GCV=1.161197e-08, AIC = 0.927965
  Model addition step  49: Added term 0 1 1 0 2 0 -- RMS=4.815917, GCV=1.104269e-08, AIC = 0.877581
  Model addition step  50: Added term 0 1 1 2 0 0 -- RMS=4.613957, GCV=1.013731e-08, AIC = 0.791919
  Model addition step  51: Added term 0 0 0 1 1 0 -- RMS=4.460420, GCV=9.475152e-09, AIC = 0.724253
  Model addition step  52: Added term 2 0 0 0 0 0 -- RMS=4.328908, GCV=8.925862e-09, AIC = 0.664416
  Model addition step  53: Added term 0 2 1 0 0 1 -- RMS=4.219221, GCV=8.480410e-09, AIC = 0.613106
  Model addition step  54: Added term 2 0 1 0 0 0 -- RMS=4.058774, GCV=7.848759e-09, AIC = 0.535586
  Model addition step  55: Added term 0 2 0 0 1 0 -- RMS=3.966060, GCV=7.495296e-09, AIC = 0.489390
Change in error: 0.017822. No more terms added.
   56 polynomial terms were written for rhomboid3
rhomboid4
  RMS fit error of the full model is: 1.579652 mm
  maximum moment arm: 328.237630 mm
  maximum error allowed: 32.823763 mm
  Model addition step   1: Added term 1 0 0 0 1 0 -- RMS=171.945611, GCV=1.398547e-05, AIC = 8.027158
  Model addition step   2: Added term 0 0 0 0 0 1 -- RMS=140.438150, GCV=9.330908e-06, AIC = 7.622355
  Model addition step   3: Added term 0 1 0 1 0 0 -- RMS=115.220922, GCV=6.281670e-06, AIC = 7.226543
  Model addition step   4: Added term 0 1 0 0 0 0 -- RMS=101.381806, GCV=4.863973e-06, AIC = 6.970647
  Model addition step   5: Added term 0 0 0 0 0 0 -- RMS=81.744653, GCV=3.162631e-06, AIC = 6.540079
  Model addition step   6: Added term 0 0 0 1 0 0 -- RMS=68.323326, GCV=2.209665e-06, AIC = 6.181400
  Model addition step   7: Added term 1 0 1 0 0 0 -- RMS=56.647457, GCV=1.519176e-06, AIC = 5.806611
  Model addition step   8: Added term 0 0 0 0 1 0 -- RMS=45.803786, GCV=9.933647e-07, AIC = 5.381670
  Model addition step   9: Added term 1 0 0 0 0 0 -- RMS=40.935517, GCV=7.935335e-07, AIC = 5.156952
  Model addition step  10: Added term 1 2 0 0 0 0 -- RMS=38.130108, GCV=6.885880e-07, AIC = 5.014984
  Model addition step  11: Added term 0 2 1 0 1 0 -- RMS=34.744386, GCV=5.718096e-07, AIC = 4.829030
  Model addition step  12: Added term 0 0 0 1 2 0 -- RMS=31.180438, GCV=4.605802e-07, AIC = 4.612596
  Model addition step  13: Added term 1 1 0 0 1 1 -- RMS=28.702310, GCV=3.903312e-07, AIC = 4.446988
  Model addition step  14: Added term 0 0 1 0 0 0 -- RMS=25.878420, GCV=3.173466e-07, AIC = 4.239871
  Model addition step  15: Added term 0 1 0 0 1 0 -- RMS=23.744141, GCV=2.671960e-07, AIC = 4.067743
  Model addition step  16: Added term 0 0 0 0 4 0 -- RMS=22.598806, GCV=2.420733e-07, AIC = 3.968885
  Model addition step  17: Added term 0 4 0 0 0 0 -- RMS=21.433155, GCV=2.177744e-07, AIC = 3.862988
  Model addition step  18: Added term 0 1 1 0 0 0 -- RMS=20.445493, GCV=1.981931e-07, AIC = 3.768655
  Model addition step  19: Added term 1 0 0 1 1 1 -- RMS=19.631066, GCV=1.827426e-07, AIC = 3.687375
  Model addition step  20: Added term 0 2 0 0 1 1 -- RMS=18.871776, GCV=1.689026e-07, AIC = 3.608503
  Model addition step  21: Added term 1 0 0 0 2 1 -- RMS=18.199117, GCV=1.570979e-07, AIC = 3.535934
  Model addition step  22: Added term 1 1 1 0 0 0 -- RMS=17.455023, GCV=1.445338e-07, AIC = 3.452462
  Model addition step  23: Added term 1 1 0 0 0 0 -- RMS=16.774651, GCV=1.335040e-07, AIC = 3.372964
  Model addition step  24: Added term 0 2 0 1 0 0 -- RMS=16.153761, GCV=1.238207e-07, AIC = 3.297551
  Model addition step  25: Added term 1 0 0 1 0 0 -- RMS=15.591303, GCV=1.153638e-07, AIC = 3.226691
  Model addition step  26: Added term 2 0 0 0 0 0 -- RMS=15.013065, GCV=1.069799e-07, AIC = 3.151126
  Model addition step  27: Added term 0 0 0 2 1 0 -- RMS=14.152829, GCV=9.508432e-08, AIC = 3.033132
  Model addition step  28: Added term 0 0 2 0 1 0 -- RMS=13.622081, GCV=8.809842e-08, AIC = 2.956707
  Model addition step  29: Added term 0 0 0 2 1 1 -- RMS=13.109490, GCV=8.160402e-08, AIC = 2.880015
  Model addition step  30: Added term 1 0 0 2 1 0 -- RMS=12.425397, GCV=7.331947e-08, AIC = 2.772846
  Model addition step  31: Added term 0 0 0 1 3 0 -- RMS=11.703412, GCV=6.505529e-08, AIC = 2.653141
  Model addition step  32: Added term 0 3 0 0 0 0 -- RMS=11.332983, GCV=6.101054e-08, AIC = 2.588834
  Model addition step  33: Added term 2 0 0 1 0 0 -- RMS=10.991661, GCV=5.739867e-08, AIC = 2.527693
  Model addition step  34: Added term 0 0 1 2 1 0 -- RMS=10.624393, GCV=5.363425e-08, AIC = 2.459744
  Model addition step  35: Added term 0 1 1 2 0 0 -- RMS=9.943455, GCV=4.698589e-08, AIC = 2.327287
  Model addition step  36: Added term 0 0 0 0 3 0 -- RMS=9.633356, GCV=4.410693e-08, AIC = 2.263940
  Model addition step  37: Added term 0 0 0 3 1 0 -- RMS=9.344236, GCV=4.150478e-08, AIC = 2.203016
  Model addition step  38: Added term 0 0 0 1 1 1 -- RMS=9.061494, GCV=3.903633e-08, AIC = 2.141584
  Model addition step  39: Added term 0 0 0 0 1 1 -- RMS=8.640202, GCV=3.549572e-08, AIC = 2.046387
  Model addition step  40: Added term 0 3 0 0 0 1 -- RMS=8.257257, GCV=3.242340e-08, AIC = 1.955739
  Model addition step  41: Added term 0 1 0 1 0 1 -- RMS=7.713182, GCV=2.829522e-08, AIC = 1.819435
  Model addition step  42: Added term 1 1 1 0 0 1 -- RMS=7.409872, GCV=2.611717e-08, AIC = 1.739219
  Model addition step  43: Added term 0 0 1 1 2 0 -- RMS=7.115703, GCV=2.408792e-08, AIC = 1.658220
  Model addition step  44: Added term 1 2 1 0 0 0 -- RMS=6.867462, GCV=2.243959e-08, AIC = 1.587221
  Model addition step  45: Added term 1 1 1 1 0 0 -- RMS=6.618826, GCV=2.084698e-08, AIC = 1.513487
  Model addition step  46: Added term 0 2 0 0 0 1 -- RMS=6.408519, GCV=1.954590e-08, AIC = 1.448927
  Model addition step  47: Added term 0 0 0 2 0 2 -- RMS=6.182354, GCV=1.819310e-08, AIC = 1.377087
  Model addition step  48: Added term 0 3 0 0 1 0 -- RMS=6.029393, GCV=1.730633e-08, AIC = 1.327001
  Model addition step  49: Added term 0 2 0 0 0 2 -- RMS=5.863247, GCV=1.636791e-08, AIC = 1.271135
  Model addition step  50: Added term 0 0 1 2 0 1 -- RMS=5.689995, GCV=1.541699e-08, AIC = 1.211166
  Model addition step  51: Added term 1 0 0 2 0 1 -- RMS=5.559246, GCV=1.471860e-08, AIC = 1.164692
  Model addition step  52: Added term 2 0 0 0 1 0 -- RMS=5.389141, GCV=1.383351e-08, AIC = 1.102558
  Model addition step  53: Added term 1 0 0 0 3 0 -- RMS=5.278746, GCV=1.327437e-08, AIC = 1.061182
  Model addition step  54: Added term 1 1 0 1 0 0 -- RMS=5.159601, GCV=1.268363e-08, AIC = 1.015543
  Model addition step  55: Added term 0 1 0 3 0 0 -- RMS=5.042798, GCV=1.211751e-08, AIC = 0.969766
  Model addition step  56: Added term 0 0 1 0 3 0 -- RMS=4.939456, GCV=1.162753e-08, AIC = 0.928374
Change in error: 0.017321. No more terms added.
   57 polynomial terms were written for rhomboid4
rhomboid5
  RMS fit error of the full model is: 2.276849 mm
  maximum moment arm: 346.545938 mm
  maximum error allowed: 34.654594 mm
  Model addition step   1: Added term 1 0 0 0 1 0 -- RMS=178.353394, GCV=1.504727e-05, AIC = 8.100335
  Model addition step   2: Added term 0 0 0 0 0 1 -- RMS=143.136492, GCV=9.692916e-06, AIC = 7.660418
  Model addition step   3: Added term 0 1 0 1 0 0 -- RMS=112.497667, GCV=5.988243e-06, AIC = 7.178705
  Model addition step   4: Added term 0 1 0 0 0 0 -- RMS=96.914549, GCV=4.444768e-06, AIC = 6.880519
  Model addition step   5: Added term 0 0 0 0 0 0 -- RMS=79.060693, GCV=2.958360e-06, AIC = 6.473310
  Model addition step   6: Added term 0 0 0 1 0 0 -- RMS=65.325357, GCV=2.020003e-06, AIC = 6.091658
  Model addition step   7: Added term 0 0 0 0 1 0 -- RMS=57.204557, GCV=1.549204e-06, AIC = 5.826184
  Model addition step   8: Added term 1 1 1 0 1 0 -- RMS=52.481086, GCV=1.304102e-06, AIC = 5.653842
  Model addition step   9: Added term 0 0 1 0 0 0 -- RMS=47.713090, GCV=1.078052e-06, AIC = 5.463367
  Model addition step  10: Added term 1 2 0 0 0 0 -- RMS=43.636460, GCV=9.018253e-07, AIC = 5.284761
  Model addition step  11: Added term 1 0 0 0 0 0 -- RMS=40.439620, GCV=7.746335e-07, AIC = 5.132614
  Model addition step  12: Added term 0 0 0 1 1 0 -- RMS=37.639885, GCV=6.711776e-07, AIC = 4.989142
  Model addition step  13: Added term 1 1 0 0 1 1 -- RMS=35.289942, GCV=5.900672e-07, AIC = 4.860229
  Model addition step  14: Added term 0 2 1 0 0 0 -- RMS=33.843232, GCV=5.427527e-07, AIC = 4.776530
  Model addition step  15: Added term 1 0 1 0 0 0 -- RMS=29.213045, GCV=4.044555e-07, AIC = 4.482302
  Model addition step  16: Added term 0 1 0 0 1 0 -- RMS=27.071230, GCV=3.473696e-07, AIC = 4.330034
  Model addition step  17: Added term 0 0 0 0 3 0 -- RMS=25.775929, GCV=3.149657e-07, AIC = 4.231992
  Model addition step  18: Added term 0 4 0 0 0 0 -- RMS=24.570160, GCV=2.862262e-07, AIC = 4.136195
  Model addition step  19: Added term 0 3 0 0 0 1 -- RMS=23.573237, GCV=2.635060e-07, AIC = 4.053373
  Model addition step  20: Added term 1 0 0 1 1 1 -- RMS=22.378733, GCV=2.375100e-07, AIC = 3.949390
  Model addition step  21: Added term 0 1 1 0 1 0 -- RMS=21.649236, GCV=2.223079e-07, AIC = 3.883128
  Model addition step  22: Added term 0 0 1 1 0 0 -- RMS=20.574381, GCV=2.008084e-07, AIC = 3.781300
  Model addition step  23: Added term 0 0 0 0 1 1 -- RMS=19.992413, GCV=1.896346e-07, AIC = 3.723932
  Model addition step  24: Added term 2 1 0 0 0 0 -- RMS=19.416522, GCV=1.788912e-07, AIC = 3.665494
  Model addition step  25: Added term 2 0 0 1 0 0 -- RMS=18.489924, GCV=1.622464e-07, AIC = 3.567717
  Model addition step  26: Added term 0 0 0 1 0 1 -- RMS=17.391966, GCV=1.435691e-07, AIC = 3.445301
  Model addition step  27: Added term 3 0 0 0 0 0 -- RMS=16.429760, GCV=1.281400e-07, AIC = 3.331492
  Model addition step  28: Added term 0 0 0 4 0 0 -- RMS=15.648385, GCV=1.162573e-07, AIC = 3.234058
  Model addition step  29: Added term 1 0 0 1 0 0 -- RMS=14.827383, GCV=1.043924e-07, AIC = 3.126293
  Model addition step  30: Added term 1 2 0 0 1 0 -- RMS=14.228876, GCV=9.614794e-08, AIC = 3.043908
  Model addition step  31: Added term 0 1 0 1 0 1 -- RMS=13.789145, GCV=9.030925e-08, AIC = 2.981144
  Model addition step  32: Added term 0 0 0 2 1 0 -- RMS=13.245001, GCV=8.333365e-08, AIC = 2.900640
  Model addition step  33: Added term 1 0 0 2 0 0 -- RMS=12.598088, GCV=7.540228e-08, AIC = 2.800509
  Model addition step  34: Added term 0 0 0 3 0 0 -- RMS=11.633998, GCV=6.431200e-08, AIC = 2.641302
  Model addition step  35: Added term 3 0 0 0 1 0 -- RMS=11.273504, GCV=6.039635e-08, AIC = 2.578368
  Model addition step  36: Added term 0 0 0 2 0 1 -- RMS=10.864141, GCV=5.609737e-08, AIC = 2.504412
  Model addition step  37: Added term 1 1 0 0 2 0 -- RMS=10.464602, GCV=5.205423e-08, AIC = 2.429493
  Model addition step  38: Added term 2 0 0 0 0 0 -- RMS=10.007689, GCV=4.761425e-08, AIC = 2.340223
  Model addition step  39: Added term 0 3 0 1 0 0 -- RMS=9.671037, GCV=4.447073e-08, AIC = 2.271806
  Model addition step  40: Added term 0 1 1 0 2 0 -- RMS=9.400983, GCV=4.202751e-08, AIC = 2.215183
  Model addition step  41: Added term 2 1 0 0 1 0 -- RMS=9.136191, GCV=3.969869e-08, AIC = 2.158061
  Model addition step  42: Added term 0 0 0 0 4 0 -- RMS=8.945292, GCV=3.806219e-08, AIC = 2.115848
  Model addition step  43: Added term 0 0 0 1 2 0 -- RMS=8.677964, GCV=3.582608e-08, AIC = 2.055186
  Model addition step  44: Added term 0 3 0 0 0 0 -- RMS=8.451560, GCV=3.398570e-08, AIC = 2.002334
  Model addition step  45: Added term 1 2 1 0 0 0 -- RMS=8.235533, GCV=3.227488e-08, AIC = 1.950567
Change in error: 0.018025. No more terms added.
   46 polynomial terms were written for rhomboid5
serrant1
  RMS fit error of the full model is: 12.572432 mm
  maximum moment arm: 483.538577 mm
  maximum error allowed: 48.353858 mm
  Model addition step   1: Added term 0 0 0 1 0 0 -- RMS=221.744413, GCV=2.325950e-05, AIC = 8.535852
  Model addition step   2: Added term 1 0 0 0 0 0 -- RMS=174.390921, GCV=1.438803e-05, AIC = 8.055420
  Model addition step   3: Added term 0 1 0 0 1 0 -- RMS=139.938466, GCV=9.265879e-06, AIC = 7.615246
  Model addition step   4: Added term 0 0 1 0 1 0 -- RMS=122.754639, GCV=7.130942e-06, AIC = 7.353234
  Model addition step   5: Added term 0 0 0 0 0 1 -- RMS=107.149231, GCV=5.433854e-06, AIC = 7.081324
  Model addition step   6: Added term 0 0 0 0 0 0 -- RMS=95.291040, GCV=4.298260e-06, AIC = 6.846769
  Model addition step   7: Added term 0 0 0 0 2 2 -- RMS=89.542909, GCV=3.795855e-06, AIC = 6.722353
  Model addition step   8: Added term 0 1 1 0 1 0 -- RMS=85.105503, GCV=3.429425e-06, AIC = 6.620720
  Model addition step   9: Added term 0 2 0 0 0 0 -- RMS=81.039995, GCV=3.110022e-06, AIC = 6.522841
  Model addition step  10: Added term 0 0 0 0 4 0 -- RMS=76.747889, GCV=2.789692e-06, AIC = 6.414027
  Model addition step  11: Added term 0 1 0 0 2 0 -- RMS=71.751530, GCV=2.438622e-06, AIC = 6.279413
  Model addition step  12: Added term 0 0 1 0 2 1 -- RMS=68.115945, GCV=2.198054e-06, AIC = 6.175436
  Model addition step  13: Added term 0 0 2 0 2 0 -- RMS=61.633027, GCV=1.799810e-06, AIC = 5.975429
  Model addition step  14: Added term 1 0 0 0 2 1 -- RMS=58.214147, GCV=1.605889e-06, AIC = 5.861309
  Model addition step  15: Added term 0 0 1 0 3 0 -- RMS=54.336911, GCV=1.399288e-06, AIC = 5.723479
  Model addition step  16: Added term 1 1 0 0 1 1 -- RMS=51.519762, GCV=1.258124e-06, AIC = 5.617022
  Model addition step  17: Added term 1 0 1 0 1 0 -- RMS=49.518695, GCV=1.162447e-06, AIC = 5.537811
  Model addition step  18: Added term 2 1 0 0 0 0 -- RMS=48.490071, GCV=1.114805e-06, AIC = 5.495848
Change in error: 0.017486. No more terms added.
   19 polynomial terms were written for serrant1
serrant2
  RMS fit error of the full model is: 6.442935 mm
  maximum moment arm: 428.223789 mm
  maximum error allowed: 42.822379 mm
  Model addition step   1: Added term 0 0 0 1 0 0 -- RMS=211.752970, GCV=2.121065e-05, AIC = 8.443642
  Model addition step   2: Added term 1 0 0 0 0 0 -- RMS=172.702503, GCV=1.411078e-05, AIC = 8.035962
  Model addition step   3: Added term 0 1 0 0 1 0 -- RMS=133.195636, GCV=8.394453e-06, AIC = 7.516478
  Model addition step   4: Added term 0 0 0 0 0 1 -- RMS=116.063413, GCV=6.374730e-06, AIC = 7.241133
  Model addition step   5: Added term 0 0 1 0 1 0 -- RMS=102.857988, GCV=5.007326e-06, AIC = 6.999577
  Model addition step   6: Added term 0 0 0 0 0 0 -- RMS=89.675590, GCV=3.806598e-06, AIC = 6.725295
  Model addition step   7: Added term 0 0 0 0 1 2 -- RMS=82.911890, GCV=3.254474e-06, AIC = 6.568474
  Model addition step   8: Added term 0 1 1 0 0 0 -- RMS=79.755431, GCV=3.011803e-06, AIC = 6.490866
  Model addition step   9: Added term 0 2 0 0 0 0 -- RMS=76.226689, GCV=2.751559e-06, AIC = 6.400379
  Model addition step  10: Added term 0 0 2 0 2 0 -- RMS=71.564194, GCV=2.425576e-06, AIC = 6.274165
  Model addition step  11: Added term 0 0 1 0 2 1 -- RMS=66.654519, GCV=2.104463e-06, AIC = 6.132040
  Model addition step  12: Added term 1 0 0 0 2 1 -- RMS=61.845380, GCV=1.811988e-06, AIC = 5.982289
  Model addition step  13: Added term 1 1 0 0 1 1 -- RMS=58.152428, GCV=1.602269e-06, AIC = 5.859168
  Model addition step  14: Added term 0 2 0 0 1 0 -- RMS=54.948753, GCV=1.430784e-06, AIC = 5.745854
  Model addition step  15: Added term 0 0 0 0 3 0 -- RMS=48.123691, GCV=1.097577e-06, AIC = 5.480621
  Model addition step  16: Added term 1 0 1 0 2 0 -- RMS=45.835970, GCV=9.958380e-07, AIC = 5.383229
  Model addition step  17: Added term 0 1 0 0 0 0 -- RMS=43.481368, GCV=8.962744e-07, AIC = 5.277775
  Model addition step  18: Added term 0 1 0 0 0 2 -- RMS=42.251899, GCV=8.464198e-07, AIC = 5.220428
  Model addition step  19: Added term 1 1 0 0 2 0 -- RMS=41.182656, GCV=8.042310e-07, AIC = 5.169183
  Model addition step  20: Added term 0 1 1 1 0 1 -- RMS=40.266596, GCV=7.689546e-07, AIC = 5.124213
Change in error: 0.019244. No more terms added.
   21 polynomial terms were written for serrant2
serrant3
  RMS fit error of the full model is: 5.716073 mm
  maximum moment arm: 380.189691 mm
  maximum error allowed: 38.018969 mm
  Model addition step   1: Added term 0 0 0 1 0 0 -- RMS=191.093447, GCV=1.727375e-05, AIC = 8.238326
  Model addition step   2: Added term 1 0 0 0 0 0 -- RMS=158.748308, GCV=1.192263e-05, AIC = 7.867461
  Model addition step   3: Added term 0 1 0 0 1 0 -- RMS=116.632852, GCV=6.436566e-06, AIC = 7.250902
  Model addition step   4: Added term 0 0 0 1 0 1 -- RMS=103.861687, GCV=5.104837e-06, AIC = 7.018979
  Model addition step   5: Added term 0 0 0 0 0 0 -- RMS=92.062807, GCV=4.011421e-06, AIC = 6.777821
  Model addition step   6: Added term 0 0 1 0 2 0 -- RMS=83.999618, GCV=3.339974e-06, AIC = 6.594522
  Model addition step   7: Added term 0 0 0 0 0 1 -- RMS=78.826532, GCV=2.941657e-06, AIC = 6.467416
  Model addition step   8: Added term 0 0 2 0 2 0 -- RMS=75.052312, GCV=2.667068e-06, AIC = 6.369307
  Model addition step   9: Added term 0 1 1 0 1 0 -- RMS=71.367396, GCV=2.411928e-06, AIC = 6.268638
  Model addition step  10: Added term 0 2 0 0 0 0 -- RMS=66.948018, GCV=2.122750e-06, AIC = 6.140808
  Model addition step  11: Added term 0 0 0 0 2 1 -- RMS=62.346473, GCV=1.841221e-06, AIC = 5.998409
  Model addition step  12: Added term 0 2 0 0 1 0 -- RMS=58.462516, GCV=1.619183e-06, AIC = 5.869785
  Model addition step  13: Added term 0 0 0 0 3 0 -- RMS=53.930162, GCV=1.378044e-06, AIC = 5.708413
  Model addition step  14: Added term 0 1 0 0 2 0 -- RMS=51.979949, GCV=1.280354e-06, AIC = 5.634768
  Model addition step  15: Added term 0 1 1 0 0 2 -- RMS=50.430210, GCV=1.205310e-06, AIC = 5.574252
  Model addition step  16: Added term 0 0 2 0 0 1 -- RMS=48.910001, GCV=1.133891e-06, AIC = 5.513055
  Model addition step  17: Added term 0 0 0 0 0 2 -- RMS=46.638071, GCV=1.031136e-06, AIC = 5.417945
  Model addition step  18: Added term 1 0 0 0 2 1 -- RMS=44.504261, GCV=9.390669e-07, AIC = 5.324299
  Model addition step  19: Added term 0 0 0 1 1 2 -- RMS=43.158331, GCV=8.832455e-07, AIC = 5.262900
  Model addition step  20: Added term 1 1 0 0 1 1 -- RMS=41.859232, GCV=8.309854e-07, AIC = 5.201793
  Model addition step  21: Added term 0 0 1 0 2 1 -- RMS=39.883665, GCV=7.545009e-07, AIC = 5.105121
  Model addition step  22: Added term 0 0 1 1 2 0 -- RMS=37.837741, GCV=6.791705e-07, AIC = 4.999821
  Model addition step  23: Added term 0 1 0 0 0 2 -- RMS=36.412479, GCV=6.290537e-07, AIC = 4.923049
  Model addition step  24: Added term 0 1 0 0 0 0 -- RMS=35.316081, GCV=5.918218e-07, AIC = 4.861922
  Model addition step  25: Added term 0 0 1 0 3 0 -- RMS=34.037233, GCV=5.498108e-07, AIC = 4.788175
  Model addition step  26: Added term 0 0 1 1 1 1 -- RMS=32.995622, GCV=5.167449e-07, AIC = 4.726034
  Model addition step  27: Added term 1 0 0 0 1 2 -- RMS=31.849079, GCV=4.815220e-07, AIC = 4.655320
  Model addition step  28: Added term 0 1 0 1 0 1 -- RMS=31.022187, GCV=4.569051e-07, AIC = 4.602728
  Model addition step  29: Added term 1 0 1 0 1 1 -- RMS=30.349323, GCV=4.373589e-07, AIC = 4.558890
Change in error: 0.019093. No more terms added.
   30 polynomial terms were written for serrant3
serrant4
  RMS fit error of the full model is: 5.863393 mm
  maximum moment arm: 350.060587 mm
  maximum error allowed: 35.006059 mm
  Model addition step   1: Added term 0 1 0 1 0 0 -- RMS=172.508010, GCV=1.407711e-05, AIC = 8.033689
  Model addition step   2: Added term 1 0 0 0 0 0 -- RMS=144.627468, GCV=9.895899e-06, AIC = 7.681143
  Model addition step   3: Added term 0 1 0 0 1 0 -- RMS=122.921928, GCV=7.149425e-06, AIC = 7.355939
  Model addition step   4: Added term 0 0 0 1 0 0 -- RMS=101.151114, GCV=4.841862e-06, AIC = 6.966090
  Model addition step   5: Added term 0 0 0 0 0 0 -- RMS=88.058843, GCV=3.670082e-06, AIC = 6.688889
  Model addition step   6: Added term 0 0 0 1 0 1 -- RMS=76.888770, GCV=2.798429e-06, AIC = 6.417618
  Model addition step   7: Added term 0 0 2 0 2 0 -- RMS=71.335422, GCV=2.409116e-06, AIC = 6.267703
  Model addition step   8: Added term 0 0 0 0 0 1 -- RMS=68.335594, GCV=2.211057e-06, AIC = 6.181798
  Model addition step   9: Added term 1 0 0 0 2 1 -- RMS=66.385476, GCV=2.086944e-06, AIC = 6.123912
  Model addition step  10: Added term 0 0 0 0 0 2 -- RMS=64.677168, GCV=1.981187e-06, AIC = 6.071792
  Model addition step  11: Added term 0 2 0 0 0 0 -- RMS=63.151945, GCV=1.889103e-06, AIC = 6.024082
  Model addition step  12: Added term 0 0 0 0 1 0 -- RMS=60.139354, GCV=1.713399e-06, AIC = 5.926343
  Model addition step  13: Added term 0 1 0 0 0 0 -- RMS=55.733633, GCV=1.471751e-06, AIC = 5.774201
  Model addition step  14: Added term 0 3 1 0 0 0 -- RMS=53.242866, GCV=1.343325e-06, AIC = 5.682780
  Model addition step  15: Added term 0 0 1 0 3 0 -- RMS=47.916997, GCV=1.088169e-06, AIC = 5.472012
  Model addition step  16: Added term 0 1 1 0 0 0 -- RMS=44.669223, GCV=9.457855e-07, AIC = 5.331660
  Model addition step  17: Added term 0 0 0 2 1 0 -- RMS=43.122643, GCV=8.815467e-07, AIC = 5.261207
  Model addition step  18: Added term 0 0 1 2 0 0 -- RMS=41.587576, GCV=8.200127e-07, AIC = 5.188732
  Model addition step  19: Added term 0 0 1 0 1 1 -- RMS=40.112194, GCV=7.629656e-07, AIC = 5.116510
  Model addition step  20: Added term 0 1 0 0 0 1 -- RMS=37.929366, GCV=6.822791e-07, AIC = 5.004619
  Model addition step  21: Added term 0 1 0 2 0 1 -- RMS=36.755812, GCV=6.407988e-07, AIC = 4.941780
  Model addition step  22: Added term 1 1 0 0 1 1 -- RMS=35.756311, GCV=6.065042e-07, AIC = 4.886660
  Model addition step  23: Added term 0 0 1 1 2 0 -- RMS=34.647321, GCV=5.695430e-07, AIC = 4.823667
  Model addition step  24: Added term 1 0 0 2 1 0 -- RMS=33.694347, GCV=5.387163e-07, AIC = 4.767906
Change in error: 0.015805. No more terms added.
   25 polynomial terms were written for serrant4
serrant5
  RMS fit error of the full model is: 4.592609 mm
  maximum moment arm: 336.649149 mm
  maximum error allowed: 33.664915 mm
  Model addition step   1: Added term 0 1 0 0 1 0 -- RMS=151.433611, GCV=1.084775e-05, AIC = 7.773096
  Model addition step   2: Added term 0 0 0 1 0 0 -- RMS=124.922760, GCV=7.383068e-06, AIC = 7.388212
  Model addition step   3: Added term 1 0 0 0 0 0 -- RMS=93.902877, GCV=4.172249e-06, AIC = 6.817362
  Model addition step   4: Added term 0 0 0 0 0 0 -- RMS=80.665613, GCV=3.079272e-06, AIC = 6.513484
  Model addition step   5: Added term 0 0 0 1 0 1 -- RMS=72.587411, GCV=2.493747e-06, AIC = 6.302462
  Model addition step   6: Added term 0 0 1 0 0 0 -- RMS=69.582137, GCV=2.291839e-06, AIC = 6.217914
  Model addition step   7: Added term 0 0 2 0 2 0 -- RMS=65.912226, GCV=2.056739e-06, AIC = 6.109565
  Model addition step   8: Added term 0 1 0 1 0 0 -- RMS=63.075779, GCV=1.883784e-06, AIC = 6.021610
  Model addition step   9: Added term 0 1 0 2 1 0 -- RMS=61.517453, GCV=1.792096e-06, AIC = 5.971598
  Model addition step  10: Added term 1 0 0 0 1 0 -- RMS=60.034479, GCV=1.706966e-06, AIC = 5.922813
  Model addition step  11: Added term 1 1 0 0 2 0 -- RMS=56.837142, GCV=1.530194e-06, AIC = 5.813374
  Model addition step  12: Added term 0 2 0 0 0 0 -- RMS=53.815196, GCV=1.371989e-06, AIC = 5.704125
  Model addition step  13: Added term 0 2 0 0 0 1 -- RMS=52.117373, GCV=1.286959e-06, AIC = 5.640030
  Model addition step  14: Added term 1 0 0 0 2 1 -- RMS=49.820405, GCV=1.176177e-06, AIC = 5.549902
  Model addition step  15: Added term 0 2 1 0 0 0 -- RMS=47.996923, GCV=1.091802e-06, AIC = 5.475345
  Model addition step  16: Added term 0 0 1 2 1 0 -- RMS=46.282684, GCV=1.015343e-06, AIC = 5.402627
  Model addition step  17: Added term 0 0 1 0 3 0 -- RMS=44.686397, GCV=9.466409e-07, AIC = 5.332448
  Model addition step  18: Added term 1 1 0 1 0 0 -- RMS=43.097940, GCV=8.806562e-07, AIC = 5.260080
  Model addition step  19: Added term 0 2 0 0 1 0 -- RMS=41.789302, GCV=8.280992e-07, AIC = 5.198430
  Model addition step  20: Added term 0 0 0 0 2 0 -- RMS=39.993965, GCV=7.585773e-07, AIC = 5.110625
  Model addition step  21: Added term 1 0 0 0 0 2 -- RMS=38.679058, GCV=7.096128e-07, AIC = 5.043784
  Model addition step  22: Added term 0 1 0 2 0 1 -- RMS=36.851981, GCV=6.442436e-07, AIC = 4.947026
  Model addition step  23: Added term 0 1 0 0 0 0 -- RMS=35.498089, GCV=5.978568e-07, AIC = 4.872184
  Model addition step  24: Added term 2 1 1 0 0 0 -- RMS=34.544166, GCV=5.662333e-07, AIC = 4.817723
  Model addition step  25: Added term 0 0 1 1 0 0 -- RMS=33.456276, GCV=5.312023e-07, AIC = 4.753743
  Model addition step  26: Added term 0 0 1 0 0 2 -- RMS=32.680966, GCV=5.069362e-07, AIC = 4.706870
  Model addition step  27: Added term 0 0 0 0 1 3 -- RMS=31.597433, GCV=4.739428e-07, AIC = 4.639455
  Model addition step  28: Added term 0 1 0 0 0 1 -- RMS=29.796769, GCV=4.215213e-07, AIC = 4.522123
  Model addition step  29: Added term 0 0 2 0 1 1 -- RMS=28.499231, GCV=3.856615e-07, AIC = 4.433096
  Model addition step  30: Added term 0 0 2 0 1 0 -- RMS=27.434220, GCV=3.574242e-07, AIC = 4.356944
  Model addition step  31: Added term 0 1 1 0 0 0 -- RMS=26.445079, GCV=3.321600e-07, AIC = 4.283521
  Model addition step  32: Added term 0 1 0 1 0 1 -- RMS=25.772639, GCV=3.155253e-07, AIC = 4.232027
  Model addition step  33: Added term 1 1 0 0 1 1 -- RMS=24.674854, GCV=2.892573e-07, AIC = 4.144988
  Model addition step  34: Added term 1 2 0 0 0 0 -- RMS=23.928310, GCV=2.720559e-07, AIC = 4.083563
  Model addition step  35: Added term 1 0 1 0 1 1 -- RMS=23.221763, GCV=2.562614e-07, AIC = 4.023638
  Model addition step  36: Added term 1 1 1 0 1 0 -- RMS=22.637999, GCV=2.435722e-07, AIC = 3.972737
  Model addition step  37: Added term 1 0 0 0 1 1 -- RMS=22.021807, GCV=2.305242e-07, AIC = 3.917563
  Model addition step  38: Added term 1 0 1 1 0 0 -- RMS=21.417653, GCV=2.180786e-07, AIC = 3.861947
Change in error: 0.016363. No more terms added.
   39 polynomial terms were written for serrant5
serrant6
  RMS fit error of the full model is: 3.074542 mm
  maximum moment arm: 302.877338 mm
  maximum error allowed: 30.287734 mm
  Model addition step   1: Added term 0 1 0 0 1 0 -- RMS=120.255943, GCV=6.840819e-06, AIC = 7.312046
  Model addition step   2: Added term 0 0 0 1 0 0 -- RMS=104.340210, GCV=5.150592e-06, AIC = 7.028134
  Model addition step   3: Added term 1 0 0 0 0 0 -- RMS=90.747476, GCV=3.896561e-06, AIC = 6.749001
  Model addition step   4: Added term 0 0 0 0 0 0 -- RMS=77.353606, GCV=2.831602e-06, AIC = 6.429634
  Model addition step   5: Added term 0 0 1 0 0 0 -- RMS=65.251683, GCV=2.015177e-06, AIC = 6.089382
  Model addition step   6: Added term 0 0 0 0 0 2 -- RMS=62.211416, GCV=1.832014e-06, AIC = 5.993975
  Model addition step   7: Added term 0 0 1 1 1 0 -- RMS=59.069223, GCV=1.651847e-06, AIC = 5.890337
  Model addition step   8: Added term 0 0 2 0 2 0 -- RMS=55.919516, GCV=1.480583e-06, AIC = 5.780763
  Model addition step   9: Added term 0 1 0 1 0 0 -- RMS=52.448165, GCV=1.302643e-06, AIC = 5.652607
  Model addition step  10: Added term 1 0 1 0 0 0 -- RMS=48.982750, GCV=1.136344e-06, AIC = 5.515911
  Model addition step  11: Added term 0 0 0 0 1 0 -- RMS=47.214866, GCV=1.055941e-06, AIC = 5.442412
  Model addition step  12: Added term 0 1 0 0 0 0 -- RMS=38.464838, GCV=7.009204e-07, AIC = 5.032503
  Model addition step  13: Added term 0 2 0 0 1 0 -- RMS=36.329689, GCV=6.253497e-07, AIC = 4.918304
  Model addition step  14: Added term 0 0 1 0 3 0 -- RMS=34.822268, GCV=5.746090e-07, AIC = 4.833566
  Model addition step  15: Added term 0 0 1 1 0 0 -- RMS=32.866997, GCV=5.119613e-07, AIC = 4.718010
  Model addition step  16: Added term 0 2 0 0 0 2 -- RMS=31.486699, GCV=4.699267e-07, AIC = 4.632221
  Model addition step  17: Added term 0 1 1 0 1 0 -- RMS=29.781714, GCV=4.204690e-07, AIC = 4.520899
  Model addition step  18: Added term 0 0 1 0 0 2 -- RMS=28.432221, GCV=3.832789e-07, AIC = 4.428176
  Model addition step  19: Added term 2 0 0 0 1 1 -- RMS=27.544444, GCV=3.597660e-07, AIC = 4.364751
  Model addition step  20: Added term 2 1 0 0 0 1 -- RMS=24.808243, GCV=2.918790e-07, AIC = 4.155520
  Model addition step  21: Added term 0 1 0 2 0 0 -- RMS=23.797926, GCV=2.686259e-07, AIC = 4.072384
  Model addition step  22: Added term 1 1 0 0 0 0 -- RMS=22.888039, GCV=2.485110e-07, AIC = 3.994436
  Model addition step  23: Added term 2 0 0 0 2 0 -- RMS=22.363395, GCV=2.372808e-07, AIC = 3.948077
  Model addition step  24: Added term 0 0 1 2 0 0 -- RMS=21.883030, GCV=2.272275e-07, AIC = 3.904668
  Model addition step  25: Added term 1 0 1 0 1 1 -- RMS=21.395814, GCV=2.172513e-07, AIC = 3.859655
Change in error: 0.019017. No more terms added.
   26 polynomial terms were written for serrant6
serrant7
  RMS fit error of the full model is: 2.225137 mm
  maximum moment arm: 253.502889 mm
  maximum error allowed: 25.350289 mm
  Model addition step   1: Added term 0 1 0 0 1 0 -- RMS=96.655104, GCV=4.419210e-06, AIC = 6.875099
  Model addition step   2: Added term 0 0 0 0 0 0 -- RMS=87.789428, GCV=3.646180e-06, AIC = 6.682703
  Model addition step   3: Added term 0 0 1 0 0 0 -- RMS=78.136792, GCV=2.888840e-06, AIC = 6.449762
  Model addition step   4: Added term 0 0 0 1 1 0 -- RMS=70.970239, GCV=2.383547e-06, AIC = 6.257381
  Model addition step   5: Added term 0 0 0 0 1 1 -- RMS=64.400248, GCV=1.962930e-06, AIC = 6.063114
  Model addition step   6: Added term 0 0 1 1 0 0 -- RMS=59.778139, GCV=1.691505e-06, AIC = 5.914178
  Model addition step   7: Added term 1 0 1 0 0 0 -- RMS=54.247303, GCV=1.393168e-06, AIC = 5.720024
  Model addition step   8: Added term 1 0 0 0 2 0 -- RMS=48.766895, GCV=1.126046e-06, AIC = 5.507040
  Model addition step   9: Added term 0 0 2 0 2 0 -- RMS=44.876414, GCV=9.536762e-07, AIC = 5.340780
  Model addition step  10: Added term 0 1 0 0 2 1 -- RMS=41.559290, GCV=8.180120e-07, AIC = 5.187217
  Model addition step  11: Added term 0 0 0 0 1 0 -- RMS=39.297291, GCV=7.314883e-07, AIC = 5.075306
  Model addition step  12: Added term 0 1 0 0 0 0 -- RMS=32.266725, GCV=4.932313e-07, AIC = 4.681087
  Model addition step  13: Added term 0 2 0 0 1 0 -- RMS=29.177088, GCV=4.033513e-07, AIC = 4.479801
  Model addition step  14: Added term 0 0 0 0 0 2 -- RMS=26.561695, GCV=3.343258e-07, AIC = 4.291993
  Model addition step  15: Added term 2 0 0 0 0 0 -- RMS=24.927796, GCV=2.944997e-07, AIC = 4.165039
  Model addition step  16: Added term 0 0 1 0 3 0 -- RMS=23.674405, GCV=2.656648e-07, AIC = 4.061880
  Model addition step  17: Added term 0 1 1 0 2 0 -- RMS=22.242971, GCV=2.345418e-07, AIC = 3.937162
  Model addition step  18: Added term 0 0 1 1 0 1 -- RMS=21.280897, GCV=2.147204e-07, AIC = 3.848749
  Model addition step  19: Added term 0 1 0 1 0 0 -- RMS=20.359506, GCV=1.965561e-07, AIC = 3.760245
  Model addition step  20: Added term 0 1 0 2 1 0 -- RMS=18.714336, GCV=1.660962e-07, AIC = 3.591748
  Model addition step  21: Added term 1 0 0 0 3 0 -- RMS=18.115614, GCV=1.556596e-07, AIC = 3.526736
  Model addition step  22: Added term 0 0 2 0 0 0 -- RMS=17.573523, GCV=1.465029e-07, AIC = 3.465993
  Model addition step  23: Added term 0 0 0 0 0 1 -- RMS=17.101785, GCV=1.387619e-07, AIC = 3.411592
  Model addition step  24: Added term 0 1 0 0 0 1 -- RMS=16.694074, GCV=1.322424e-07, AIC = 3.363353
  Model addition step  25: Added term 0 1 0 0 1 2 -- RMS=16.283964, GCV=1.258418e-07, AIC = 3.313626
  Model addition step  26: Added term 1 2 0 0 0 1 -- RMS=15.862094, GCV=1.194221e-07, AIC = 3.261148
  Model addition step  27: Added term 1 0 0 0 0 1 -- RMS=15.194378, GCV=1.095944e-07, AIC = 3.175154
  Model addition step  28: Added term 1 1 0 0 1 1 -- RMS=14.741229, GCV=1.031688e-07, AIC = 3.114619
  Model addition step  29: Added term 1 1 1 0 0 0 -- RMS=14.324924, GCV=9.743716e-08, AIC = 3.057344
  Model addition step  30: Added term 1 2 0 1 0 0 -- RMS=13.953262, GCV=9.245923e-08, AIC = 3.004788
  Model addition step  31: Added term 1 0 1 1 1 0 -- RMS=13.370601, GCV=8.491011e-08, AIC = 2.919497
  Model addition step  32: Added term 1 0 0 1 1 0 -- RMS=12.917064, GCV=7.925817e-08, AIC = 2.850498
  Model addition step  33: Added term 0 0 0 2 2 0 -- RMS=12.524310, GCV=7.452171e-08, AIC = 2.788762
  Model addition step  34: Added term 0 0 0 0 4 0 -- RMS=12.056927, GCV=6.907284e-08, AIC = 2.712717
  Model addition step  35: Added term 0 1 0 0 2 0 -- RMS=11.670451, GCV=6.472442e-08, AIC = 2.647578
  Model addition step  36: Added term 0 0 2 1 0 0 -- RMS=11.365278, GCV=6.139200e-08, AIC = 2.594603
  Model addition step  37: Added term 0 0 1 0 1 2 -- RMS=11.094897, GCV=5.851363e-08, AIC = 2.546467
  Model addition step  38: Added term 0 0 0 1 3 0 -- RMS=10.792880, GCV=5.537886e-08, AIC = 2.491289
  Model addition step  39: Added term 0 2 0 1 0 1 -- RMS=10.508821, GCV=5.250929e-08, AIC = 2.437965
  Model addition step  40: Added term 0 0 0 1 0 1 -- RMS=10.205236, GCV=4.952599e-08, AIC = 2.379356
  Model addition step  41: Added term 0 2 0 1 1 0 -- RMS=9.877856, GCV=4.640570e-08, AIC = 2.314165
  Model addition step  42: Added term 1 1 1 1 0 0 -- RMS=9.636730, GCV=4.417374e-08, AIC = 2.264757
  Model addition step  43: Added term 0 1 0 1 0 1 -- RMS=9.328369, GCV=4.139759e-08, AIC = 2.199733
  Model addition step  44: Added term 1 2 1 0 0 0 -- RMS=9.090385, GCV=3.931760e-08, AIC = 2.148066
  Model addition step  45: Added term 0 1 1 1 0 1 -- RMS=8.908272, GCV=3.776316e-08, AIC = 2.107611
  Model addition step  46: Added term 0 1 1 0 0 1 -- RMS=8.718967, GCV=3.618014e-08, AIC = 2.064672
Change in error: 0.019543. No more terms added.
   47 polynomial terms were written for serrant7
serrant8
  RMS fit error of the full model is: 2.203445 mm
  maximum moment arm: 239.203544 mm
  maximum error allowed: 23.920354 mm
  Model addition step   1: Added term 0 1 0 0 1 0 -- RMS=93.445512, GCV=4.130588e-06, AIC = 6.807558
  Model addition step   2: Added term 1 0 0 0 2 0 -- RMS=81.892583, GCV=3.172801e-06, AIC = 6.543638
  Model addition step   3: Added term 0 0 1 0 1 0 -- RMS=75.522596, GCV=2.698772e-06, AIC = 6.381704
  Model addition step   4: Added term 0 0 0 0 1 0 -- RMS=68.078281, GCV=2.193251e-06, AIC = 6.174176
  Model addition step   5: Added term 0 1 0 0 2 0 -- RMS=60.280016, GCV=1.719794e-06, AIC = 5.930880
  Model addition step   6: Added term 0 0 0 0 1 1 -- RMS=52.832008, GCV=1.321243e-06, AIC = 5.667132
  Model addition step   7: Added term 0 0 1 1 0 0 -- RMS=44.462812, GCV=9.359251e-07, AIC = 5.322223
  Model addition step   8: Added term 0 0 0 0 0 2 -- RMS=41.477605, GCV=8.145792e-07, AIC = 5.183244
  Model addition step   9: Added term 1 0 1 0 0 0 -- RMS=38.333386, GCV=6.958555e-07, AIC = 5.025598
  Model addition step  10: Added term 0 2 0 0 2 0 -- RMS=35.605202, GCV=6.004133e-07, AIC = 4.877959
  Model addition step  11: Added term 0 1 0 0 1 1 -- RMS=33.199230, GCV=5.220813e-07, AIC = 4.738048
  Model addition step  12: Added term 0 0 2 0 1 0 -- RMS=30.996913, GCV=4.551743e-07, AIC = 4.600789
  Model addition step  13: Added term 0 0 0 1 3 0 -- RMS=29.855096, GCV=4.223150e-07, AIC = 4.525744
  Model addition step  14: Added term 0 2 0 1 0 1 -- RMS=28.713362, GCV=3.906847e-07, AIC = 4.447777
  Model addition step  15: Added term 0 0 1 1 0 1 -- RMS=27.504967, GCV=3.585414e-07, AIC = 4.361805
  Model addition step  16: Added term 0 0 1 0 3 0 -- RMS=26.079529, GCV=3.223854e-07, AIC = 4.255392
  Model addition step  17: Added term 0 1 0 0 0 0 -- RMS=25.181411, GCV=3.006040e-07, AIC = 4.185322
  Model addition step  18: Added term 2 0 0 0 0 0 -- RMS=24.426425, GCV=2.828871e-07, AIC = 4.124461
  Model addition step  19: Added term 1 0 0 1 0 0 -- RMS=23.093274, GCV=2.528850e-07, AIC = 4.012232
  Model addition step  20: Added term 1 0 0 0 1 0 -- RMS=21.644159, GCV=2.221735e-07, AIC = 3.882639
  Model addition step  21: Added term 0 0 0 1 0 1 -- RMS=20.653308, GCV=2.023247e-07, AIC = 3.788939
  Model addition step  22: Added term 0 0 1 0 0 1 -- RMS=19.761169, GCV=1.852481e-07, AIC = 3.700644
  Model addition step  23: Added term 0 0 0 0 0 1 -- RMS=18.042348, GCV=1.544448e-07, AIC = 3.518669
  Model addition step  24: Added term 1 0 0 0 0 1 -- RMS=16.282248, GCV=1.257983e-07, AIC = 3.313396
  Model addition step  25: Added term 0 2 0 0 1 0 -- RMS=15.262225, GCV=1.105454e-07, AIC = 3.184026
  Model addition step  26: Added term 1 1 0 0 0 1 -- RMS=14.552669, GCV=1.005192e-07, AIC = 3.088833
  Model addition step  27: Added term 0 0 1 0 1 1 -- RMS=13.890748, GCV=9.159540e-08, AIC = 2.995749
  Model addition step  28: Added term 0 0 1 0 2 0 -- RMS=13.334588, GCV=8.441903e-08, AIC = 2.914045
  Model addition step  29: Added term 0 1 0 1 0 1 -- RMS=12.798487, GCV=7.777808e-08, AIC = 2.831996
  Model addition step  30: Added term 1 1 0 1 0 0 -- RMS=12.275751, GCV=7.156405e-08, AIC = 2.748613
  Model addition step  31: Added term 0 1 0 0 0 1 -- RMS=11.973716, GCV=6.809504e-08, AIC = 2.698808
  Model addition step  32: Added term 0 0 0 0 4 0 -- RMS=11.507204, GCV=6.290077e-08, AIC = 2.619346
  Model addition step  33: Added term 0 1 1 1 0 1 -- RMS=11.015178, GCV=5.764455e-08, AIC = 2.531967
  Model addition step  34: Added term 0 0 0 0 0 0 -- RMS=10.568145, GCV=5.306786e-08, AIC = 2.449127
  Model addition step  35: Added term 0 0 0 2 0 0 -- RMS=10.165420, GCV=4.910701e-08, AIC = 2.371441
  Model addition step  36: Added term 0 1 0 2 1 0 -- RMS=9.682775, GCV=4.456063e-08, AIC = 2.274174
  Model addition step  37: Added term 0 0 0 0 0 3 -- RMS=9.214069, GCV=4.035649e-08, AIC = 2.174959
  Model addition step  38: Added term 1 0 0 0 1 2 -- RMS=8.376883, GCV=3.336063e-08, AIC = 1.984467
  Model addition step  39: Added term 2 0 0 0 1 1 -- RMS=8.155914, GCV=3.162813e-08, AIC = 1.931022
Change in error: 0.017786. No more terms added.
   40 polynomial terms were written for serrant8
serrant9
  RMS fit error of the full model is: 3.550122 mm
  maximum moment arm: 242.652369 mm
  maximum error allowed: 24.265237 mm
  Model addition step   1: Added term 0 1 0 0 1 0 -- RMS=92.207517, GCV=4.021867e-06, AIC = 6.780885
  Model addition step   2: Added term 1 0 0 0 3 0 -- RMS=80.795022, GCV=3.088324e-06, AIC = 6.516651
  Model addition step   3: Added term 0 0 1 0 2 1 -- RMS=73.792573, GCV=2.576545e-06, AIC = 6.335356
  Model addition step   4: Added term 0 0 0 0 1 0 -- RMS=68.510360, GCV=2.221179e-06, AIC = 6.186829
  Model addition step   5: Added term 0 1 0 0 2 0 -- RMS=62.061161, GCV=1.822928e-06, AIC = 5.989119
  Model addition step   6: Added term 0 0 0 0 1 1 -- RMS=57.139372, GCV=1.545466e-06, AIC = 5.823885
  Model addition step   7: Added term 0 0 0 1 0 1 -- RMS=52.784030, GCV=1.319023e-06, AIC = 5.665335
  Model addition step   8: Added term 1 0 1 0 1 0 -- RMS=49.331057, GCV=1.152250e-06, AIC = 5.530044
  Model addition step   9: Added term 0 0 1 1 0 0 -- RMS=43.180619, GCV=8.829628e-07, AIC = 5.263739
  Model addition step  10: Added term 0 0 0 2 2 0 -- RMS=39.268393, GCV=7.303141e-07, AIC = 5.073815
  Model addition step  11: Added term 0 2 0 0 2 0 -- RMS=36.928533, GCV=6.459609e-07, AIC = 4.950963
  Model addition step  12: Added term 0 0 1 0 1 1 -- RMS=34.694180, GCV=5.702353e-07, AIC = 4.826158
  Model addition step  13: Added term 0 1 0 1 0 1 -- RMS=33.488747, GCV=5.313704e-07, AIC = 4.755452
  Model addition step  14: Added term 0 0 2 0 2 0 -- RMS=32.416892, GCV=4.979676e-07, AIC = 4.690412
  Model addition step  15: Added term 2 1 0 0 0 0 -- RMS=31.196965, GCV=4.612557e-07, AIC = 4.613713
  Model addition step  16: Added term 1 0 0 1 1 0 -- RMS=29.396429, GCV=4.096048e-07, AIC = 4.494837
  Model addition step  17: Added term 0 0 1 0 0 0 -- RMS=28.306646, GCV=3.798494e-07, AIC = 4.419303
  Model addition step  18: Added term 0 1 0 0 2 1 -- RMS=27.489569, GCV=3.582855e-07, AIC = 4.360743
  Model addition step  19: Added term 0 0 0 0 0 2 -- RMS=26.561541, GCV=3.345482e-07, AIC = 4.292078
  Model addition step  20: Added term 1 0 0 0 0 1 -- RMS=24.819209, GCV=2.921371e-07, AIC = 4.156404
  Model addition step  21: Added term 2 0 0 0 0 0 -- RMS=22.805770, GCV=2.466943e-07, AIC = 3.987215
  Model addition step  22: Added term 0 1 0 0 0 0 -- RMS=20.927181, GCV=2.077542e-07, AIC = 3.815304
  Model addition step  23: Added term 1 0 0 0 2 1 -- RMS=18.913567, GCV=1.697204e-07, AIC = 3.612985
  Model addition step  24: Added term 0 0 0 0 0 0 -- RMS=17.893343, GCV=1.519249e-07, AIC = 3.502103
  Model addition step  25: Added term 0 0 0 0 1 2 -- RMS=16.649430, GCV=1.315538e-07, AIC = 3.358017
  Model addition step  26: Added term 0 0 0 0 2 2 -- RMS=15.986791, GCV=1.213071e-07, AIC = 3.276810
  Model addition step  27: Added term 1 0 0 0 2 0 -- RMS=15.609261, GCV=1.156610e-07, AIC = 3.229032
  Model addition step  28: Added term 1 0 1 0 2 0 -- RMS=15.148608, GCV=1.089498e-07, AIC = 3.169140
  Model addition step  29: Added term 1 0 0 0 1 1 -- RMS=14.756545, GCV=1.033973e-07, AIC = 3.116715
  Model addition step  30: Added term 0 0 0 1 2 1 -- RMS=14.168978, GCV=9.534014e-08, AIC = 3.035471
  Model addition step  31: Added term 0 2 0 0 1 0 -- RMS=13.677020, GCV=8.884654e-08, AIC = 2.964815
  Model addition step  32: Added term 1 0 0 1 2 0 -- RMS=13.153361, GCV=8.218449e-08, AIC = 2.886754
  Model addition step  33: Added term 2 1 0 0 1 0 -- RMS=12.523166, GCV=7.450810e-08, AIC = 2.788580
  Model addition step  34: Added term 0 1 0 1 1 1 -- RMS=11.916514, GCV=6.747339e-08, AIC = 2.689289
  Model addition step  35: Added term 0 0 2 0 0 0 -- RMS=11.510385, GCV=6.296113e-08, AIC = 2.619957
  Model addition step  36: Added term 0 2 0 2 0 0 -- RMS=11.239455, GCV=6.004021e-08, AIC = 2.572338
  Model addition step  37: Added term 1 2 0 1 0 0 -- RMS=10.577674, GCV=5.318521e-08, AIC = 2.450987
  Model addition step  38: Added term 0 0 0 2 0 0 -- RMS=10.263508, GCV=5.007962e-08, AIC = 2.390705
  Model addition step  39: Added term 0 1 0 0 0 2 -- RMS=9.994972, GCV=4.749975e-08, AIC = 2.337699
  Model addition step  40: Added term 0 0 1 0 0 3 -- RMS=9.716245, GCV=4.489355e-08, AIC = 2.281153
Change in error: 0.017280. No more terms added.
   41 polynomial terms were written for serrant9
serrant10
  RMS fit error of the full model is: 5.596658 mm
  maximum moment arm: 236.812195 mm
  maximum error allowed: 23.681220 mm
  Model addition step   1: Added term 0 1 0 0 2 0 -- RMS=90.813515, GCV=3.901180e-06, AIC = 6.750418
  Model addition step   2: Added term 1 0 0 0 2 0 -- RMS=82.252705, GCV=3.200767e-06, AIC = 6.552413
  Model addition step   3: Added term 0 0 1 0 1 1 -- RMS=74.562122, GCV=2.630564e-06, AIC = 6.356105
  Model addition step   4: Added term 0 0 0 1 3 0 -- RMS=70.550769, GCV=2.355454e-06, AIC = 6.245524
  Model addition step   5: Added term 0 0 0 0 1 0 -- RMS=66.009452, GCV=2.062254e-06, AIC = 6.112474
  Model addition step   6: Added term 0 2 0 0 0 0 -- RMS=56.025636, GCV=1.485806e-06, AIC = 5.784517
  Model addition step   7: Added term 0 0 0 0 0 2 -- RMS=51.906592, GCV=1.275535e-06, AIC = 5.631809
  Model addition step   8: Added term 1 0 1 0 2 0 -- RMS=48.245392, GCV=1.102091e-06, AIC = 5.485537
  Model addition step   9: Added term 0 0 1 1 0 0 -- RMS=41.255091, GCV=8.059717e-07, AIC = 5.172505
  Model addition step  10: Added term 1 0 0 0 0 1 -- RMS=38.577981, GCV=7.048592e-07, AIC = 5.038338
  Model addition step  11: Added term 0 1 0 0 1 0 -- RMS=36.161653, GCV=6.194107e-07, AIC = 4.908993
  Model addition step  12: Added term 0 0 2 0 1 0 -- RMS=34.364711, GCV=5.594564e-07, AIC = 4.807074
  Model addition step  13: Added term 2 0 0 0 2 0 -- RMS=32.751337, GCV=5.082269e-07, AIC = 4.710921
  Model addition step  14: Added term 0 0 0 0 1 2 -- RMS=30.959676, GCV=4.542042e-07, AIC = 4.598423
  Model addition step  15: Added term 0 0 0 0 0 0 -- RMS=29.617933, GCV=4.157446e-07, AIC = 4.509832
  Model addition step  16: Added term 1 0 1 0 1 0 -- RMS=28.637247, GCV=3.887213e-07, AIC = 4.442507
  Model addition step  17: Added term 0 0 1 0 0 1 -- RMS=27.529811, GCV=3.592866e-07, AIC = 4.363649
  Model addition step  18: Added term 0 0 1 0 3 0 -- RMS=26.450791, GCV=3.317193e-07, AIC = 4.283702
  Model addition step  19: Added term 0 1 0 0 0 2 -- RMS=25.252176, GCV=3.023777e-07, AIC = 4.190974
  Model addition step  20: Added term 1 0 0 1 0 0 -- RMS=24.670827, GCV=2.886545e-07, AIC = 4.144411
  Model addition step  21: Added term 2 0 0 0 1 0 -- RMS=23.504648, GCV=2.620458e-07, AIC = 4.047584
  Model addition step  22: Added term 0 0 0 1 0 1 -- RMS=22.042773, GCV=2.304947e-07, AIC = 3.919176
  Model addition step  23: Added term 0 1 0 0 0 0 -- RMS=20.873109, GCV=2.067100e-07, AIC = 3.810149
  Model addition step  24: Added term 1 0 0 0 2 1 -- RMS=19.257735, GCV=1.759772e-07, AIC = 3.649071
  Model addition step  25: Added term 0 1 0 1 1 1 -- RMS=17.260456, GCV=1.413869e-07, AIC = 3.430101
  Model addition step  26: Added term 2 1 0 0 0 0 -- RMS=16.480105, GCV=1.289091e-07, AIC = 3.337592
  Model addition step  27: Added term 0 0 0 0 3 1 -- RMS=15.824304, GCV=1.188698e-07, AIC = 3.256397
  Model addition step  28: Added term 0 0 0 0 2 0 -- RMS=15.356657, GCV=1.119630e-07, AIC = 3.196421
  Model addition step  29: Added term 0 1 0 0 1 2 -- RMS=15.018773, GCV=1.071048e-07, AIC = 3.151944
  Model addition step  30: Added term 1 1 0 0 1 1 -- RMS=14.552324, GCV=1.005688e-07, AIC = 3.088863
  Model addition step  31: Added term 0 1 0 1 0 0 -- RMS=14.171458, GCV=9.538644e-08, AIC = 3.035840
  Model addition step  32: Added term 0 0 1 1 0 2 -- RMS=13.864058, GCV=9.130554e-08, AIC = 2.991999
Change in error: 0.019419. No more terms added.
   33 polynomial terms were written for serrant10
serrant11
  RMS fit error of the full model is: 15.342713 mm
  maximum moment arm: 255.136630 mm
  maximum error allowed: 25.513663 mm
  Model addition step   1: Added term 0 1 0 0 2 0 -- RMS=91.295417, GCV=3.942693e-06, AIC = 6.761003
  Model addition step   2: Added term 0 0 1 0 0 1 -- RMS=82.258966, GCV=3.201255e-06, AIC = 6.552565
  Model addition step   3: Added term 0 0 0 0 1 0 -- RMS=77.208527, GCV=2.820609e-06, AIC = 6.425860
  Model addition step   4: Added term 0 2 0 0 0 0 -- RMS=69.138426, GCV=2.262091e-06, AIC = 6.205081
  Model addition step   5: Added term 1 0 0 0 1 1 -- RMS=64.700594, GCV=1.981282e-06, AIC = 6.072419
  Model addition step   6: Added term 0 0 0 1 1 1 -- RMS=58.485575, GCV=1.619146e-06, AIC = 5.870458
  Model addition step   7: Added term 0 0 0 2 2 0 -- RMS=55.242384, GCV=1.444748e-06, AIC = 5.756378
  Model addition step   8: Added term 2 0 0 0 2 0 -- RMS=52.102657, GCV=1.285363e-06, AIC = 5.639368
  Model addition step   9: Added term 0 0 2 1 0 0 -- RMS=49.535992, GCV=1.162001e-06, AIC = 5.538355
  Model addition step  10: Added term 1 0 1 0 1 0 -- RMS=46.557574, GCV=1.026607e-06, AIC = 5.414354
  Model addition step  11: Added term 0 0 1 0 0 0 -- RMS=43.441821, GCV=8.939190e-07, AIC = 5.275840
  Model addition step  12: Added term 0 1 0 0 1 0 -- RMS=41.213667, GCV=8.046803e-07, AIC = 5.170554
  Model addition step  13: Added term 0 1 0 1 0 1 -- RMS=39.017384, GCV=7.213000e-07, AIC = 5.061048
  Model addition step  14: Added term 0 0 0 0 0 2 -- RMS=37.411660, GCV=6.632425e-07, AIC = 4.977017
  Model addition step  15: Added term 0 0 1 1 0 0 -- RMS=35.862134, GCV=6.095220e-07, AIC = 4.892436
  Model addition step  16: Added term 0 0 2 0 0 0 -- RMS=33.716552, GCV=5.388429e-07, AIC = 4.769069
  Model addition step  17: Added term 1 0 0 1 1 0 -- RMS=32.048955, GCV=4.869253e-07, AIC = 4.667639
  Model addition step  18: Added term 0 0 0 0 2 0 -- RMS=30.959230, GCV=4.544370e-07, AIC = 4.598472
  Model addition step  19: Added term 0 0 0 0 2 2 -- RMS=29.749339, GCV=4.196689e-07, AIC = 4.518763
  Model addition step  20: Added term 2 1 0 0 0 0 -- RMS=28.284754, GCV=3.794160e-07, AIC = 4.417814
  Model addition step  21: Added term 1 0 0 0 2 1 -- RMS=27.028059, GCV=3.464969e-07, AIC = 4.326939
  Model addition step  22: Added term 0 0 0 1 0 1 -- RMS=26.293570, GCV=3.279650e-07, AIC = 4.271856
  Model addition step  23: Added term 1 0 1 0 2 0 -- RMS=25.565548, GCV=3.100969e-07, AIC = 4.215717
  Model addition step  24: Added term 2 0 0 0 1 0 -- RMS=24.862237, GCV=2.933097e-07, AIC = 4.159946
  Model addition step  25: Added term 0 1 1 0 1 1 -- RMS=24.288949, GCV=2.799769e-07, AIC = 4.113308
  Model addition step  26: Added term 0 2 0 1 0 0 -- RMS=23.782851, GCV=2.684673e-07, AIC = 4.071214
Change in error: 0.016108. No more terms added.
   27 polynomial terms were written for serrant11
deltscap1
  RMS fit error of the full model is: 2.830263 mm
  maximum moment arm: 140.868340 mm
  maximum error allowed: 14.086834 mm
  Model addition step   1: Added term 0 0 0 -- RMS=59.943534, GCV=9.712738e-07, AIC = 5.360006
  Model addition step   2: Added term 0 0 1 -- RMS=48.509642, GCV=6.361680e-07, AIC = 4.936759
  Model addition step   3: Added term 1 0 0 -- RMS=35.672285, GCV=3.440616e-07, AIC = 4.322016
  Model addition step   4: Added term 0 1 1 -- RMS=29.906737, GCV=2.418639e-07, AIC = 3.969469
  Model addition step   5: Added term 1 1 0 -- RMS=20.007467, GCV=1.082620e-07, AIC = 3.165546
  Model addition step   6: Added term 0 0 2 -- RMS=16.697588, GCV=7.541504e-08, AIC = 2.803897
  Model addition step   7: Added term 2 0 0 -- RMS=12.973638, GCV=4.553368e-08, AIC = 2.299242
  Model addition step   8: Added term 0 1 0 -- RMS=9.484825, GCV=2.434033e-08, AIC = 1.672823
  Model addition step   9: Added term 0 2 0 -- RMS=6.260551, GCV=1.060600e-08, AIC = 0.842007
  Model addition step  10: Added term 1 2 1 -- RMS=5.376672, GCV=7.823705e-09, AIC = 0.537643
  Model addition step  11: Added term 1 0 1 -- RMS=4.811775, GCV=6.266927e-09, AIC = 0.315670
  Model addition step  12: Added term 0 1 3 -- RMS=4.410931, GCV=5.267000e-09, AIC = 0.141743
  Model addition step  13: Added term 4 0 0 -- RMS=4.149729, GCV=4.662308e-09, AIC = 0.019691
  Model addition step  14: Added term 1 1 1 -- RMS=3.933538, GCV=4.189739e-09, AIC = -0.087282
  Model addition step  15: Added term 1 0 3 -- RMS=3.711161, GCV=3.729911e-09, AIC = -0.203638
  Model addition step  16: Added term 1 1 2 -- RMS=3.573187, GCV=3.458194e-09, AIC = -0.279377
Change in error: 0.010169. No more terms added.
   17 polynomial terms were written for deltscap1
deltscap2
  RMS fit error of the full model is: 4.409850 mm
  maximum moment arm: 94.068377 mm
  maximum error allowed: 9.406838 mm
  Model addition step   1: Added term 0 0 0 -- RMS=41.760281, GCV=4.713937e-07, AIC = 4.637091
  Model addition step   2: Added term 1 0 0 -- RMS=31.844331, GCV=2.741447e-07, AIC = 4.094953
  Model addition step   3: Added term 0 1 1 -- RMS=22.548952, GCV=1.374761e-07, AIC = 3.404645
  Model addition step   4: Added term 0 0 1 -- RMS=17.946748, GCV=8.709728e-08, AIC = 2.948119
  Model addition step   5: Added term 3 1 0 -- RMS=14.337588, GCV=5.559605e-08, AIC = 2.499104
  Model addition step   6: Added term 0 0 3 -- RMS=10.725132, GCV=3.111400e-08, AIC = 1.918549
  Model addition step   7: Added term 1 3 0 -- RMS=9.587252, GCV=2.486551e-08, AIC = 1.694271
  Model addition step   8: Added term 0 1 0 -- RMS=8.353777, GCV=1.888138e-08, AIC = 1.418864
  Model addition step   9: Added term 2 0 0 -- RMS=7.801585, GCV=1.646995e-08, AIC = 1.282124
  Model addition step  10: Added term 1 1 0 -- RMS=7.200000, GCV=1.402977e-08, AIC = 1.121666
  Model addition step  11: Added term 2 2 0 -- RMS=6.785305, GCV=1.246186e-08, AIC = 1.003056
  Model addition step  12: Added term 2 1 0 -- RMS=6.506130, GCV=1.145904e-08, AIC = 0.919061
  Model addition step  13: Added term 0 0 2 -- RMS=6.245625, GCV=1.056120e-08, AIC = 0.837368
  Model addition step  14: Added term 3 0 0 -- RMS=6.046071, GCV=9.898442e-09, AIC = 0.772457
  Model addition step  15: Added term 4 0 0 -- RMS=5.859720, GCV=9.298926e-09, AIC = 0.709877
  Model addition step  16: Added term 0 0 4 -- RMS=5.669965, GCV=8.707602e-09, AIC = 0.644073
  Model addition step  17: Added term 0 2 1 -- RMS=5.496929, GCV=8.185340e-09, AIC = 0.582120
  Model addition step  18: Added term 1 1 2 -- RMS=5.271298, GCV=7.528187e-09, AIC = 0.498327
  Model addition step  19: Added term 1 2 0 -- RMS=5.047781, GCV=6.904226e-09, AIC = 0.411706
  Model addition step  20: Added term 1 0 1 -- RMS=4.924375, GCV=6.571661e-09, AIC = 0.362237
  Model addition step  21: Added term 2 0 1 -- RMS=4.767064, GCV=6.159331e-09, AIC = 0.297337
Change in error: 0.015722. No more terms added.
   22 polynomial terms were written for deltscap2
deltscap3
  RMS fit error of the full model is: 1.627586 mm
  maximum moment arm: 76.782213 mm
  maximum error allowed: 7.678221 mm
  Model addition step   1: Added term 0 0 0 -- RMS=36.774415, GCV=3.655514e-07, AIC = 4.382805
  Model addition step   2: Added term 1 0 0 -- RMS=26.923202, GCV=1.959607e-07, AIC = 3.759211
  Model addition step   3: Added term 0 1 1 -- RMS=17.122883, GCV=7.927352e-08, AIC = 2.854099
  Model addition step   4: Added term 0 0 3 -- RMS=9.764213, GCV=2.578146e-08, AIC = 1.730749
  Model addition step   5: Added term 2 0 2 -- RMS=7.606604, GCV=1.564852e-08, AIC = 1.231369
  Model addition step   6: Added term 0 1 2 -- RMS=6.443357, GCV=1.122987e-08, AIC = 0.899468
  Model addition step   7: Added term 0 1 0 -- RMS=5.793504, GCV=9.080125e-09, AIC = 0.686877
  Model addition step   8: Added term 1 1 0 -- RMS=4.876287, GCV=6.433486e-09, AIC = 0.342204
  Model addition step   9: Added term 0 0 1 -- RMS=4.085758, GCV=4.517226e-09, AIC = -0.011515
  Model addition step  10: Added term 0 0 2 -- RMS=3.448836, GCV=3.219071e-09, AIC = -0.350422
  Model addition step  11: Added term 2 0 0 -- RMS=3.209982, GCV=2.789005e-09, AIC = -0.493931
  Model addition step  12: Added term 3 0 0 -- RMS=2.802204, GCV=2.125701e-09, AIC = -0.765616
  Model addition step  13: Added term 2 0 1 -- RMS=2.620044, GCV=1.858569e-09, AIC = -0.900012
  Model addition step  14: Added term 2 1 0 -- RMS=2.416664, GCV=1.581440e-09, AIC = -1.061585
  Model addition step  15: Added term 1 0 1 -- RMS=2.258279, GCV=1.381129e-09, AIC = -1.197121
  Model addition step  16: Added term 0 2 0 -- RMS=2.087008, GCV=1.179739e-09, AIC = -1.354831
  Model addition step  17: Added term 3 0 1 -- RMS=1.960121, GCV=1.040788e-09, AIC = -1.480247
  Model addition step  18: Added term 1 3 0 -- RMS=1.909700, GCV=9.880656e-10, AIC = -1.532333
  Model addition step  19: Added term 0 1 3 -- RMS=1.870739, GCV=9.482885e-10, AIC = -1.573525
Change in error: 0.017431. No more terms added.
   20 polynomial terms were written for deltscap3
deltscap4
  RMS fit error of the full model is: 0.783474 mm
  maximum moment arm: 71.101426 mm
  maximum error allowed: 7.110143 mm
  Model addition step   1: Added term 0 0 0 -- RMS=36.788036, GCV=3.658223e-07, AIC = 4.383545
  Model addition step   2: Added term 1 0 0 -- RMS=26.691269, GCV=1.925990e-07, AIC = 3.741907
  Model addition step   3: Added term 0 1 0 -- RMS=18.855887, GCV=9.613207e-08, AIC = 3.046918
  Model addition step   4: Added term 0 0 3 -- RMS=10.913233, GCV=3.220623e-08, AIC = 1.953254
  Model addition step   5: Added term 0 1 1 -- RMS=6.598954, GCV=1.177720e-08, AIC = 0.947158
  Model addition step   6: Added term 2 0 2 -- RMS=4.062797, GCV=4.464786e-09, AIC = -0.022888
  Model addition step   7: Added term 0 0 2 -- RMS=2.978204, GCV=2.399485e-09, AIC = -0.643956
  Model addition step   8: Added term 1 1 0 -- RMS=2.574931, GCV=1.793904e-09, AIC = -0.934918
  Model addition step   9: Added term 2 0 0 -- RMS=2.334154, GCV=1.474300e-09, AIC = -1.131230
  Model addition step  10: Added term 3 0 0 -- RMS=1.939008, GCV=1.017524e-09, AIC = -1.502143
  Model addition step  11: Added term 0 0 1 -- RMS=1.801902, GCV=8.788333e-10, AIC = -1.648776
  Model addition step  12: Added term 1 0 1 -- RMS=1.627673, GCV=7.171952e-10, AIC = -1.852125
  Model addition step  13: Added term 3 1 0 -- RMS=1.393435, GCV=5.256964e-10, AIC = -2.162851
  Model addition step  14: Added term 2 0 1 -- RMS=1.306413, GCV=4.621484e-10, AIC = -2.291790
  Model addition step  15: Added term 1 3 0 -- RMS=1.230062, GCV=4.097634e-10, AIC = -2.412198
  Model addition step  16: Added term 3 0 1 -- RMS=1.173184, GCV=3.727953e-10, AIC = -2.506850
  Model addition step  17: Added term 2 1 0 -- RMS=1.095510, GCV=3.251095e-10, AIC = -2.643819
  Model addition step  18: Added term 0 2 0 -- RMS=1.027999, GCV=2.863126e-10, AIC = -2.770998
  Model addition step  19: Added term 1 1 2 -- RMS=0.985031, GCV=2.629141e-10, AIC = -2.856356
  Model addition step  20: Added term 1 1 1 -- RMS=0.874250, GCV=2.071306e-10, AIC = -3.094936
  Model addition step  21: Added term 0 1 2 -- RMS=0.846164, GCV=1.940619e-10, AIC = -3.160209
  Model addition step  22: Added term 2 1 1 -- RMS=0.822013, GCV=1.831671e-10, AIC = -3.218089
Change in error: 0.007125. No more terms added.
   23 polynomial terms were written for deltscap4
deltscap5
  RMS fit error of the full model is: 0.462215 mm
  maximum moment arm: 66.683750 mm
  maximum error allowed: 6.668375 mm
  Model addition step   1: Added term 0 0 0 -- RMS=37.858342, GCV=3.874183e-07, AIC = 4.440903
  Model addition step   2: Added term 1 0 0 -- RMS=30.618013, GCV=2.534368e-07, AIC = 4.016411
  Model addition step   3: Added term 0 0 2 -- RMS=22.602215, GCV=1.381263e-07, AIC = 3.409363
  Model addition step   4: Added term 0 1 0 -- RMS=11.323315, GCV=3.467211e-08, AIC = 2.027029
  Model addition step   5: Added term 2 0 1 -- RMS=8.937642, GCV=2.160417e-08, AIC = 1.553879
  Model addition step   6: Added term 0 1 2 -- RMS=7.068119, GCV=1.351320e-08, AIC = 1.084558
  Model addition step   7: Added term 0 0 1 -- RMS=4.233780, GCV=4.849152e-09, AIC = 0.059593
  Model addition step   8: Added term 0 1 1 -- RMS=3.097633, GCV=2.596138e-09, AIC = -0.565287
  Model addition step   9: Added term 1 1 0 -- RMS=2.478963, GCV=1.662902e-09, AIC = -1.010849
  Model addition step  10: Added term 1 0 1 -- RMS=2.248456, GCV=1.368215e-09, AIC = -1.206008
  Model addition step  11: Added term 2 0 2 -- RMS=1.753601, GCV=8.323495e-10, AIC = -1.703119
  Model addition step  12: Added term 0 2 0 -- RMS=1.452225, GCV=5.709143e-10, AIC = -2.080234
  Model addition step  13: Added term 0 1 3 -- RMS=1.309995, GCV=4.646231e-10, AIC = -2.286348
  Model addition step  14: Added term 4 0 0 -- RMS=1.185227, GCV=3.803848e-10, AIC = -2.486493
  Model addition step  15: Added term 1 1 2 -- RMS=1.103577, GCV=3.298257e-10, AIC = -2.629213
  Model addition step  16: Added term 2 1 1 -- RMS=0.973091, GCV=2.564748e-10, AIC = -2.880849
  Model addition step  17: Added term 2 0 0 -- RMS=0.878988, GCV=2.092968e-10, AIC = -3.084227
  Model addition step  18: Added term 1 3 0 -- RMS=0.788264, GCV=1.683443e-10, AIC = -3.302071
  Model addition step  19: Added term 0 3 0 -- RMS=0.725986, GCV=1.428140e-10, AIC = -3.466640
  Model addition step  20: Added term 2 1 0 -- RMS=0.687709, GCV=1.281688e-10, AIC = -3.574937
  Model addition step  21: Added term 1 0 3 -- RMS=0.654134, GCV=1.159751e-10, AIC = -3.675011
  Model addition step  22: Added term 1 1 1 -- RMS=0.594744, GCV=9.588509e-11, AIC = -3.865338
  Model addition step  23: Added term 0 0 4 -- RMS=0.556503, GCV=8.396220e-11, AIC = -3.998223
  Model addition step  24: Added term 3 0 1 -- RMS=0.537620, GCV=7.837152e-11, AIC = -4.067231
  Model addition step  25: Added term 0 3 1 -- RMS=0.522501, GCV=7.403555e-11, AIC = -4.124247
  Model addition step  26: Added term 1 2 0 -- RMS=0.502477, GCV=6.847902e-11, AIC = -4.202367
  Model addition step  27: Added term 0 0 3 -- RMS=0.481049, GCV=6.277152e-11, AIC = -4.289494
Change in error: 0.011171. No more terms added.
   28 polynomial terms were written for deltscap5
deltscap6
  RMS fit error of the full model is: 0.865771 mm
  maximum moment arm: 75.727053 mm
  maximum error allowed: 7.572705 mm
  Model addition step   1: Added term 0 0 0 -- RMS=38.634677, GCV=4.034703e-07, AIC = 4.481501
  Model addition step   2: Added term 1 0 0 -- RMS=29.360122, GCV=2.330405e-07, AIC = 3.932509
  Model addition step   3: Added term 0 1 0 -- RMS=21.464747, GCV=1.245736e-07, AIC = 3.306091
  Model addition step   4: Added term 0 0 2 -- RMS=10.217676, GCV=2.823172e-08, AIC = 1.821540
  Model addition step   5: Added term 0 1 1 -- RMS=7.126246, GCV=1.373452e-08, AIC = 1.100904
  Model addition step   6: Added term 2 0 1 -- RMS=3.349475, GCV=3.034618e-09, AIC = -0.409024
  Model addition step   7: Added term 0 0 1 -- RMS=2.701593, GCV=1.974463e-09, AIC = -0.838914
  Model addition step   8: Added term 2 0 0 -- RMS=2.103598, GCV=1.197273e-09, AIC = -1.339265
  Model addition step   9: Added term 1 1 0 -- RMS=1.844416, GCV=9.205440e-10, AIC = -1.602204
  Model addition step  10: Added term 3 0 0 -- RMS=1.645195, GCV=7.325207e-10, AIC = -1.830779
  Model addition step  11: Added term 3 0 1 -- RMS=1.453017, GCV=5.714596e-10, AIC = -2.079178
  Model addition step  12: Added term 2 1 0 -- RMS=1.344732, GCV=4.895241e-10, AIC = -2.234039
  Model addition step  13: Added term 1 0 1 -- RMS=1.246682, GCV=4.207975e-10, AIC = -2.385423
  Model addition step  14: Added term 2 1 1 -- RMS=1.189761, GCV=3.833008e-10, AIC = -2.478856
  Model addition step  15: Added term 1 3 0 -- RMS=1.161791, GCV=3.655400e-10, AIC = -2.526402
  Model addition step  16: Added term 0 2 0 -- RMS=1.121542, GCV=3.406972e-10, AIC = -2.596885
  Model addition step  17: Added term 3 1 0 -- RMS=1.090590, GCV=3.221955e-10, AIC = -2.652822
  Model addition step  18: Added term 1 0 2 -- RMS=1.066825, GCV=3.083482e-10, AIC = -2.696852
  Model addition step  19: Added term 1 0 3 -- RMS=1.034873, GCV=2.901938e-10, AIC = -2.757635
  Model addition step  20: Added term 0 0 4 -- RMS=0.991598, GCV=2.664674e-10, AIC = -2.843033
  Model addition step  21: Added term 0 2 2 -- RMS=0.966858, GCV=2.533713e-10, AIC = -2.893531
  Model addition step  22: Added term 0 3 0 -- RMS=0.943643, GCV=2.413823e-10, AIC = -2.942106
Change in error: 0.012958. No more terms added.
   23 polynomial terms were written for deltscap6
deltscap7
  RMS fit error of the full model is: 0.698001 mm
  maximum moment arm: 72.946607 mm
  maximum error allowed: 7.294661 mm
  Model addition step   1: Added term 0 0 0 -- RMS=38.494047, GCV=4.005384e-07, AIC = 4.474207
  Model addition step   2: Added term 1 0 0 -- RMS=29.563544, GCV=2.362809e-07, AIC = 3.946318
  Model addition step   3: Added term 0 0 2 -- RMS=21.908776, GCV=1.297808e-07, AIC = 3.347042
  Model addition step   4: Added term 0 1 1 -- RMS=9.444688, GCV=2.412172e-08, AIC = 1.664206
  Model addition step   5: Added term 2 0 1 -- RMS=7.175545, GCV=1.392520e-08, AIC = 1.114692
  Model addition step   6: Added term 0 0 1 -- RMS=4.511817, GCV=5.506219e-09, AIC = 0.186769
  Model addition step   7: Added term 0 1 0 -- RMS=2.232113, GCV=1.347850e-09, AIC = -1.220700
  Model addition step   8: Added term 2 0 0 -- RMS=1.573710, GCV=6.700657e-10, AIC = -1.919692
  Model addition step   9: Added term 3 0 0 -- RMS=1.429060, GCV=5.526213e-10, AIC = -2.112496
  Model addition step  10: Added term 3 0 1 -- RMS=1.284977, GCV=4.468647e-10, AIC = -2.325014
  Model addition step  11: Added term 0 2 0 -- RMS=1.219481, GCV=4.025263e-10, AIC = -2.429611
  Model addition step  12: Added term 1 3 0 -- RMS=1.162906, GCV=3.660938e-10, AIC = -2.524583
  Model addition step  13: Added term 3 1 0 -- RMS=1.080167, GCV=3.158955e-10, AIC = -2.672163
  Model addition step  14: Added term 1 0 1 -- RMS=1.006355, GCV=2.742349e-10, AIC = -2.813691
  Model addition step  15: Added term 2 1 1 -- RMS=0.943378, GCV=2.410188e-10, AIC = -2.942903
  Model addition step  16: Added term 1 2 0 -- RMS=0.901998, GCV=2.203684e-10, AIC = -3.032578
  Model addition step  17: Added term 2 1 0 -- RMS=0.874072, GCV=2.069622e-10, AIC = -3.095445
  Model addition step  18: Added term 1 2 1 -- RMS=0.854157, GCV=1.976654e-10, AIC = -3.141507
Change in error: 0.016571. No more terms added.
   19 polynomial terms were written for deltscap7
deltscap8
  RMS fit error of the full model is: 0.812898 mm
  maximum moment arm: 79.518402 mm
  maximum error allowed: 7.951840 mm
  Model addition step   1: Added term 0 0 0 -- RMS=41.759566, GCV=4.713776e-07, AIC = 4.637057
  Model addition step   2: Added term 1 0 0 -- RMS=34.341239, GCV=3.188215e-07, AIC = 4.245928
  Model addition step   3: Added term 0 0 2 -- RMS=24.783235, GCV=1.660697e-07, AIC = 3.593602
  Model addition step   4: Added term 0 1 0 -- RMS=13.238601, GCV=4.739333e-08, AIC = 2.339575
  Model addition step   5: Added term 2 0 1 -- RMS=10.408077, GCV=2.929765e-08, AIC = 1.858500
  Model addition step   6: Added term 0 1 2 -- RMS=7.661603, GCV=1.587778e-08, AIC = 1.245811
  Model addition step   7: Added term 0 0 1 -- RMS=4.902792, GCV=6.502736e-09, AIC = 0.353012
  Model addition step   8: Added term 0 1 1 -- RMS=3.945569, GCV=4.211988e-09, AIC = -0.081377
  Model addition step   9: Added term 1 1 0 -- RMS=3.336936, GCV=3.013161e-09, AIC = -0.416424
  Model addition step  10: Added term 2 0 2 -- RMS=2.693843, GCV=1.963947e-09, AIC = -0.844558
  Model addition step  11: Added term 0 2 0 -- RMS=2.128061, GCV=1.225779e-09, AIC = -1.316040
  Model addition step  12: Added term 1 0 1 -- RMS=1.851700, GCV=9.282052e-10, AIC = -1.594220
  Model addition step  13: Added term 2 0 0 -- RMS=1.593668, GCV=6.876337e-10, AIC = -1.894318
  Model addition step  14: Added term 0 1 3 -- RMS=1.442752, GCV=5.636422e-10, AIC = -2.093256
  Model addition step  15: Added term 0 0 4 -- RMS=1.382877, GCV=5.179005e-10, AIC = -2.177994
  Model addition step  16: Added term 1 0 3 -- RMS=1.283682, GCV=4.463265e-10, AIC = -2.326828
  Model addition step  17: Added term 1 3 0 -- RMS=1.215761, GCV=4.003988e-10, AIC = -2.435520
  Model addition step  18: Added term 4 0 0 -- RMS=1.173081, GCV=3.728305e-10, AIC = -2.506958
  Model addition step  19: Added term 1 1 2 -- RMS=1.130610, GCV=3.463698e-10, AIC = -2.580677
  Model addition step  20: Added term 2 1 0 -- RMS=1.060469, GCV=3.047676e-10, AIC = -2.708735
  Model addition step  21: Added term 0 3 0 -- RMS=1.008715, GCV=2.757840e-10, AIC = -2.808769
  Model addition step  22: Added term 1 2 0 -- RMS=0.937249, GCV=2.381226e-10, AIC = -2.955703
  Model addition step  23: Added term 3 0 0 -- RMS=0.887943, GCV=2.137565e-10, AIC = -3.063752
  Model addition step  24: Added term 0 0 3 -- RMS=0.865579, GCV=2.031520e-10, AIC = -3.114737
  Model addition step  25: Added term 0 2 1 -- RMS=0.843752, GCV=1.930617e-10, AIC = -3.165783
Change in error: 0.013922. No more terms added.
   26 polynomial terms were written for deltscap8
deltscap9
  RMS fit error of the full model is: 0.800555 mm
  maximum moment arm: 77.404977 mm
  maximum error allowed: 7.740498 mm
  Model addition step   1: Added term 0 0 0 -- RMS=41.309363, GCV=4.612687e-07, AIC = 4.615378
  Model addition step   2: Added term 0 0 1 -- RMS=32.486514, GCV=2.853132e-07, AIC = 4.134884
  Model addition step   3: Added term 0 1 1 -- RMS=23.527349, GCV=1.496650e-07, AIC = 3.489595
  Model addition step   4: Added term 1 0 0 -- RMS=13.462299, GCV=4.900851e-08, AIC = 2.373088
  Model addition step   5: Added term 2 0 1 -- RMS=8.867206, GCV=2.126500e-08, AIC = 1.538055
  Model addition step   6: Added term 0 1 0 -- RMS=7.338313, GCV=1.456609e-08, AIC = 1.159587
  Model addition step   7: Added term 0 0 2 -- RMS=6.175051, GCV=1.031550e-08, AIC = 0.814437
  Model addition step   8: Added term 1 1 0 -- RMS=4.701154, GCV=5.979665e-09, AIC = 0.269052
  Model addition step   9: Added term 2 0 2 -- RMS=3.750419, GCV=3.806152e-09, AIC = -0.182795
  Model addition step  10: Added term 1 0 1 -- RMS=3.149429, GCV=2.684411e-09, AIC = -0.532054
  Model addition step  11: Added term 2 0 0 -- RMS=2.640071, GCV=1.886580e-09, AIC = -0.884850
  Model addition step  12: Added term 0 2 1 -- RMS=2.275266, GCV=1.401417e-09, AIC = -1.182234
  Model addition step  13: Added term 0 2 2 -- RMS=2.010492, GCV=1.094375e-09, AIC = -1.429636
  Model addition step  14: Added term 3 0 0 -- RMS=1.748996, GCV=8.283199e-10, AIC = -1.708277
  Model addition step  15: Added term 1 0 2 -- RMS=1.570245, GCV=6.677500e-10, AIC = -1.923864
  Model addition step  16: Added term 0 1 3 -- RMS=1.529708, GCV=6.338040e-10, AIC = -1.976139
  Model addition step  17: Added term 0 1 2 -- RMS=1.398784, GCV=5.300267e-10, AIC = -2.155053
  Model addition step  18: Added term 1 1 2 -- RMS=1.274904, GCV=4.403621e-10, AIC = -2.340485
  Model addition step  19: Added term 0 0 4 -- RMS=1.196734, GCV=3.880693e-10, AIC = -2.467000
  Model addition step  20: Added term 2 1 0 -- RMS=1.121174, GCV=3.406583e-10, AIC = -2.597405
  Model addition step  21: Added term 3 1 0 -- RMS=1.027128, GCV=2.859437e-10, AIC = -2.772591
  Model addition step  22: Added term 0 0 3 -- RMS=0.945480, GCV=2.423234e-10, AIC = -2.938215
  Model addition step  23: Added term 1 2 0 -- RMS=0.889858, GCV=2.146797e-10, AIC = -3.059443
  Model addition step  24: Added term 3 0 1 -- RMS=0.854856, GCV=1.981500e-10, AIC = -3.139667
  Model addition step  25: Added term 2 1 1 -- RMS=0.835968, GCV=1.895163e-10, AIC = -3.184318
  Model addition step  26: Added term 4 0 0 -- RMS=0.817647, GCV=1.813249e-10, AIC = -3.228604
Change in error: 0.005095. No more terms added.
   27 polynomial terms were written for deltscap9
deltscap10
  RMS fit error of the full model is: 0.869864 mm
  maximum moment arm: 78.377874 mm
  maximum error allowed: 7.837787 mm
  Model addition step   1: Added term 0 0 0 -- RMS=39.907607, GCV=4.304952e-07, AIC = 4.546334
  Model addition step   2: Added term 0 0 1 -- RMS=27.064036, GCV=1.980162e-07, AIC = 3.769645
  Model addition step   3: Added term 0 1 0 -- RMS=18.228541, GCV=8.984175e-08, AIC = 2.979245
  Model addition step   4: Added term 1 1 0 -- RMS=14.938370, GCV=6.034475e-08, AIC = 2.581168
  Model addition step   5: Added term 2 1 0 -- RMS=13.385156, GCV=4.845501e-08, AIC = 2.361628
  Model addition step   6: Added term 1 0 0 -- RMS=11.608649, GCV=3.645137e-08, AIC = 2.076870
  Model addition step   7: Added term 2 0 0 -- RMS=6.707182, GCV=1.216997e-08, AIC = 0.979761
  Model addition step   8: Added term 0 0 2 -- RMS=5.486872, GCV=8.145497e-09, AIC = 0.578153
  Model addition step   9: Added term 0 1 1 -- RMS=4.528813, GCV=5.550030e-09, AIC = 0.194390
  Model addition step  10: Added term 0 2 1 -- RMS=3.891060, GCV=4.097521e-09, AIC = -0.109133
  Model addition step  11: Added term 1 0 1 -- RMS=3.053969, GCV=2.524487e-09, AIC = -0.593578
  Model addition step  12: Added term 1 0 2 -- RMS=2.327863, GCV=1.466958e-09, AIC = -1.136527
  Model addition step  13: Added term 1 0 3 -- RMS=2.188788, GCV=1.297086e-09, AIC = -1.259699
  Model addition step  14: Added term 0 2 2 -- RMS=2.055188, GCV=1.143730e-09, AIC = -1.385626
  Model addition step  15: Added term 3 1 0 -- RMS=1.951883, GCV=1.031779e-09, AIC = -1.488738
  Model addition step  16: Added term 2 0 1 -- RMS=1.781131, GCV=8.592693e-10, AIC = -1.671797
  Model addition step  17: Added term 1 1 1 -- RMS=1.626682, GCV=7.168063e-10, AIC = -1.853175
  Model addition step  18: Added term 0 1 3 -- RMS=1.397535, GCV=5.291527e-10, AIC = -2.156805
  Model addition step  19: Added term 0 1 2 -- RMS=1.310751, GCV=4.655376e-10, AIC = -2.284991
  Model addition step  20: Added term 3 0 0 -- RMS=1.246302, GCV=4.209392e-10, AIC = -2.385797
  Model addition step  21: Added term 3 0 1 -- RMS=1.125702, GCV=3.434620e-10, AIC = -2.589310
  Model addition step  22: Added term 0 2 0 -- RMS=1.082413, GCV=3.175970e-10, AIC = -2.667705
  Model addition step  23: Added term 1 2 1 -- RMS=1.053501, GCV=3.008981e-10, AIC = -2.721818
  Model addition step  24: Added term 2 2 0 -- RMS=1.025379, GCV=2.850863e-10, AIC = -2.775899
  Model addition step  25: Added term 2 0 2 -- RMS=0.989408, GCV=2.654714e-10, AIC = -2.847286
Change in error: 0.011930. No more terms added.
   26 polynomial terms were written for deltscap10
deltscap11
  RMS fit error of the full model is: 0.879480 mm
  maximum moment arm: 78.528420 mm
  maximum error allowed: 7.852842 mm
  Model addition step   1: Added term 0 0 0 -- RMS=39.220021, GCV=4.157886e-07, AIC = 4.511575
  Model addition step   2: Added term 0 0 1 -- RMS=24.631646, GCV=1.640222e-07, AIC = 3.581298
  Model addition step   3: Added term 2 0 0 -- RMS=16.844820, GCV=7.671973e-08, AIC = 2.821354
  Model addition step   4: Added term 0 1 0 -- RMS=10.700347, GCV=3.096199e-08, AIC = 1.913854
  Model addition step   5: Added term 0 2 1 -- RMS=8.477174, GCV=1.943542e-08, AIC = 1.448090
  Model addition step   6: Added term 1 3 0 -- RMS=7.724334, GCV=1.613885e-08, AIC = 1.262120
  Model addition step   7: Added term 1 0 0 -- RMS=6.731765, GCV=1.225934e-08, AIC = 0.987077
  Model addition step   8: Added term 2 0 1 -- RMS=5.735546, GCV=8.900564e-09, AIC = 0.666803
  Model addition step   9: Added term 2 0 2 -- RMS=4.849313, GCV=6.363369e-09, AIC = 0.331144
  Model addition step  10: Added term 1 1 0 -- RMS=4.168114, GCV=4.701804e-09, AIC = 0.028431
  Model addition step  11: Added term 0 2 0 -- RMS=3.076154, GCV=2.561298e-09, AIC = -0.579102
  Model addition step  12: Added term 0 0 2 -- RMS=2.319901, GCV=1.456940e-09, AIC = -1.143380
  Model addition step  13: Added term 1 0 1 -- RMS=2.188627, GCV=1.296895e-09, AIC = -1.259846
  Model addition step  14: Added term 2 1 0 -- RMS=1.968906, GCV=1.049713e-09, AIC = -1.471404
  Model addition step  15: Added term 3 0 0 -- RMS=1.869670, GCV=9.466923e-10, AIC = -1.574803
  Model addition step  16: Added term 0 2 2 -- RMS=1.760248, GCV=8.392388e-10, AIC = -1.695384
  Model addition step  17: Added term 1 1 1 -- RMS=1.615511, GCV=7.069955e-10, AIC = -1.866956
  Model addition step  18: Added term 2 1 1 -- RMS=1.470089, GCV=5.855210e-10, AIC = -2.055580
  Model addition step  19: Added term 1 1 2 -- RMS=1.404614, GCV=5.345986e-10, AIC = -2.146667
  Model addition step  20: Added term 1 0 2 -- RMS=1.345120, GCV=4.903376e-10, AIC = -2.233191
  Model addition step  21: Added term 3 0 1 -- RMS=1.205693, GCV=3.940082e-10, AIC = -2.452015
  Model addition step  22: Added term 1 0 3 -- RMS=1.140579, GCV=3.526477e-10, AIC = -2.563019
  Model addition step  23: Added term 0 0 4 -- RMS=1.048400, GCV=2.979909e-10, AIC = -2.731527
  Model addition step  24: Added term 0 0 3 -- RMS=0.974829, GCV=2.576704e-10, AIC = -2.877010
Change in error: 0.018074. No more terms added.
   25 polynomial terms were written for deltscap11
deltclav1
  RMS fit error of the full model is: 2.368325 mm
  maximum moment arm: 92.793310 mm
  maximum error allowed: 9.279331 mm
  Model addition step   1: Added term 0 0 0 0 0 0 -- RMS=48.328799, GCV=1.104859e-06, AIC = 5.488857
  Model addition step   2: Added term 0 0 1 0 0 0 -- RMS=41.863340, GCV=8.291278e-07, AIC = 5.201642
  Model addition step   3: Added term 0 1 0 1 0 0 -- RMS=35.684234, GCV=6.025113e-07, AIC = 4.882258
  Model addition step   4: Added term 1 0 0 0 0 0 -- RMS=28.295492, GCV=3.788834e-07, AIC = 4.418264
  Model addition step   5: Added term 0 0 0 0 1 0 -- RMS=22.407376, GCV=2.376358e-07, AIC = 3.951659
  Model addition step   6: Added term 0 1 0 0 0 2 -- RMS=14.603359, GCV=1.009471e-07, AIC = 3.095401
  Model addition step   7: Added term 0 2 1 0 0 1 -- RMS=13.081082, GCV=8.100925e-08, AIC = 2.875251
  Model addition step   8: Added term 0 0 0 1 1 0 -- RMS=12.031731, GCV=6.854285e-08, AIC = 2.708031
  Model addition step   9: Added term 0 2 2 0 0 0 -- RMS=11.422987, GCV=6.179083e-08, AIC = 2.604211
  Model addition step  10: Added term 0 2 0 0 0 0 -- RMS=10.954778, GCV=5.683693e-08, AIC = 2.520527
  Model addition step  11: Added term 0 0 0 1 0 0 -- RMS=10.241189, GCV=4.968015e-08, AIC = 2.385830
  Model addition step  12: Added term 1 1 0 0 0 0 -- RMS=9.436285, GCV=4.218353e-08, AIC = 2.222138
  Model addition step  13: Added term 1 1 0 0 0 2 -- RMS=8.850811, GCV=3.711639e-08, AIC = 2.094051
  Model addition step  14: Added term 0 1 0 2 0 0 -- RMS=8.277484, GCV=3.246796e-08, AIC = 1.960130
  Model addition step  15: Added term 0 1 1 0 0 1 -- RMS=7.731451, GCV=2.832952e-08, AIC = 1.823665
  Model addition step  16: Added term 0 0 0 0 0 1 -- RMS=7.339590, GCV=2.553404e-08, AIC = 1.719657
  Model addition step  17: Added term 0 1 0 0 1 1 -- RMS=7.077306, GCV=2.374491e-08, AIC = 1.646897
  Model addition step  18: Added term 0 2 0 1 0 1 -- RMS=6.808776, GCV=2.198019e-08, AIC = 1.569554
  Model addition step  19: Added term 0 0 0 0 0 2 -- RMS=6.630689, GCV=2.084824e-08, AIC = 1.516566
  Model addition step  20: Added term 0 1 0 0 0 1 -- RMS=5.640522, GCV=1.508862e-08, AIC = 1.193121
  Model addition step  21: Added term 0 0 2 0 0 1 -- RMS=5.436293, GCV=1.401766e-08, AIC = 1.119382
  Model addition step  22: Added term 1 0 1 0 1 1 -- RMS=5.310393, GCV=1.337771e-08, AIC = 1.072538
  Model addition step  23: Added term 0 0 0 3 0 1 -- RMS=5.195945, GCV=1.280903e-08, AIC = 1.028983
  Model addition step  24: Added term 0 0 0 1 0 2 -- RMS=5.019938, GCV=1.195756e-08, AIC = 0.960080
  Model addition step  25: Added term 0 1 2 0 1 0 -- RMS=4.918111, GCV=1.147893e-08, AIC = 0.919114
  Model addition step  26: Added term 2 1 0 0 1 0 -- RMS=4.778843, GCV=1.083949e-08, AIC = 0.861681
Change in error: 0.017714. No more terms added.
   27 polynomial terms were written for deltclav1
deltclav2
  RMS fit error of the full model is: 1.459864 mm
  maximum moment arm: 131.288462 mm
  maximum error allowed: 13.128846 mm
  Model addition step   1: Added term 0 0 0 0 0 0 -- RMS=65.200968, GCV=2.010958e-06, AIC = 6.087750
  Model addition step   2: Added term 0 0 1 0 0 0 -- RMS=55.567089, GCV=1.460794e-06, AIC = 5.768003
  Model addition step   3: Added term 1 0 0 0 0 0 -- RMS=45.872789, GCV=9.956867e-07, AIC = 5.384584
  Model addition step   4: Added term 0 2 0 1 0 0 -- RMS=34.477232, GCV=5.625173e-07, AIC = 4.813458
  Model addition step   5: Added term 0 0 0 0 1 0 -- RMS=26.916752, GCV=3.429060e-07, AIC = 4.318376
  Model addition step   6: Added term 0 2 0 0 0 2 -- RMS=21.796630, GCV=2.248885e-07, AIC = 3.896409
  Model addition step   7: Added term 0 0 0 1 1 0 -- RMS=19.765698, GCV=1.849573e-07, AIC = 3.700813
  Model addition step   8: Added term 0 2 1 0 0 1 -- RMS=18.032117, GCV=1.539570e-07, AIC = 3.517245
  Model addition step   9: Added term 0 0 0 2 0 0 -- RMS=16.512836, GCV=1.291243e-07, AIC = 3.341232
  Model addition step  10: Added term 0 0 0 0 0 1 -- RMS=14.634034, GCV=1.014265e-07, AIC = 3.099675
  Model addition step  11: Added term 0 1 0 1 0 0 -- RMS=13.721184, GCV=8.917956e-08, AIC = 2.970876
  Model addition step  12: Added term 0 1 0 0 1 1 -- RMS=12.670819, GCV=7.605893e-08, AIC = 2.811617
  Model addition step  13: Added term 0 2 2 0 0 0 -- RMS=11.680696, GCV=6.464532e-08, AIC = 2.648908
  Model addition step  14: Added term 1 1 0 0 0 0 -- RMS=10.868089, GCV=5.597121e-08, AIC = 2.504714
  Model addition step  15: Added term 1 0 0 0 0 2 -- RMS=9.744300, GCV=4.500061e-08, AIC = 2.286437
  Model addition step  16: Added term 0 1 0 0 0 0 -- RMS=8.484554, GCV=3.412195e-08, AIC = 2.009586
  Model addition step  17: Added term 0 0 1 0 0 2 -- RMS=7.219107, GCV=2.470595e-08, AIC = 1.686573
  Model addition step  18: Added term 0 0 0 0 0 2 -- RMS=6.707567, GCV=2.133160e-08, AIC = 1.539602
  Model addition step  19: Added term 0 2 0 0 0 1 -- RMS=5.275656, GCV=1.319791e-08, AIC = 1.059355
  Model addition step  20: Added term 0 0 2 0 0 1 -- RMS=4.918825, GCV=1.147450e-08, AIC = 0.919308
  Model addition step  21: Added term 2 1 1 0 0 0 -- RMS=4.679656, GCV=1.038717e-08, AIC = 0.819636
  Model addition step  22: Added term 1 0 1 1 0 0 -- RMS=4.482678, GCV=9.532429e-09, AIC = 0.733648
  Model addition step  23: Added term 0 1 0 0 1 0 -- RMS=4.277137, GCV=8.679476e-09, AIC = 0.639794
  Model addition step  24: Added term 2 1 0 1 0 0 -- RMS=4.090624, GCV=7.940085e-09, AIC = 0.550641
  Model addition step  25: Added term 0 1 2 0 0 1 -- RMS=3.944885, GCV=7.385392e-09, AIC = 0.478104
  Model addition step  26: Added term 1 2 0 0 0 1 -- RMS=3.803874, GCV=6.867770e-09, AIC = 0.405324
  Model addition step  27: Added term 0 0 0 2 1 1 -- RMS=3.689975, GCV=6.463522e-09, AIC = 0.344543
  Model addition step  28: Added term 1 0 1 0 1 1 -- RMS=3.592008, GCV=6.125699e-09, AIC = 0.290745
  Model addition step  29: Added term 0 1 1 0 0 2 -- RMS=3.470838, GCV=5.720166e-09, AIC = 0.222134
  Model addition step  30: Added term 0 1 2 0 1 0 -- RMS=3.363148, GCV=5.371439e-09, AIC = 0.159116
  Model addition step  31: Added term 2 0 0 0 1 1 -- RMS=3.223080, GCV=4.934006e-09, AIC = 0.074055
  Model addition step  32: Added term 0 0 0 0 0 3 -- RMS=3.122093, GCV=4.630289e-09, AIC = 0.010407
  Model addition step  33: Added term 0 1 0 3 0 0 -- RMS=3.020554, GCV=4.334594e-09, AIC = -0.055700
  Model addition step  34: Added term 0 2 0 1 1 0 -- RMS=2.920834, GCV=4.053666e-09, AIC = -0.122823
  Model addition step  35: Added term 0 0 0 1 0 2 -- RMS=2.852770, GCV=3.867466e-09, AIC = -0.169961
  Model addition step  36: Added term 1 0 0 1 0 1 -- RMS=2.795676, GCV=3.714712e-09, AIC = -0.210375
  Model addition step  37: Added term 0 0 1 2 0 1 -- RMS=2.720666, GCV=3.518528e-09, AIC = -0.264750
  Model addition step  38: Added term 0 0 0 0 2 1 -- RMS=2.665492, GCV=3.377723e-09, AIC = -0.305707
  Model addition step  39: Added term 0 1 1 0 0 0 -- RMS=2.612097, GCV=3.244195e-09, AIC = -0.346158
  Model addition step  40: Added term 0 0 2 0 1 1 -- RMS=2.558003, GCV=3.111638e-09, AIC = -0.387992
Change in error: 0.016219. No more terms added.
   41 polynomial terms were written for deltclav2
deltclav3
  RMS fit error of the full model is: 1.731852 mm
  maximum moment arm: 117.864924 mm
  maximum error allowed: 11.786492 mm
  Model addition step   1: Added term 0 0 0 0 0 0 -- RMS=58.835032, GCV=1.637446e-06, AIC = 5.882276
  Model addition step   2: Added term 0 0 1 0 0 0 -- RMS=50.272930, GCV=1.195700e-06, AIC = 5.567754
  Model addition step   3: Added term 1 0 0 0 0 0 -- RMS=41.653722, GCV=8.209563e-07, AIC = 5.191621
  Model addition step   4: Added term 0 2 0 1 0 0 -- RMS=31.781289, GCV=4.779849e-07, AIC = 4.650615
  Model addition step   5: Added term 0 0 0 0 1 0 -- RMS=24.697519, GCV=2.886932e-07, AIC = 4.146284
  Model addition step   6: Added term 0 2 0 0 0 2 -- RMS=19.029976, GCV=1.714214e-07, AIC = 3.624929
  Model addition step   7: Added term 0 0 0 1 1 0 -- RMS=17.286260, GCV=1.414651e-07, AIC = 3.432741
  Model addition step   8: Added term 0 2 1 0 0 1 -- RMS=15.698335, GCV=1.166845e-07, AIC = 3.240046
  Model addition step   9: Added term 0 0 0 2 0 0 -- RMS=14.365087, GCV=9.771949e-08, AIC = 3.062557
  Model addition step  10: Added term 0 0 0 0 0 1 -- RMS=13.585569, GCV=8.741361e-08, AIC = 2.950991
  Model addition step  11: Added term 0 1 0 1 0 0 -- RMS=12.558204, GCV=7.470286e-08, AIC = 2.793743
  Model addition step  12: Added term 0 2 2 0 0 0 -- RMS=11.695388, GCV=6.479927e-08, AIC = 2.651403
  Model addition step  13: Added term 0 1 0 0 1 1 -- RMS=10.928486, GCV=5.658739e-08, AIC = 2.515779
  Model addition step  14: Added term 1 0 0 0 0 3 -- RMS=10.297516, GCV=5.024852e-08, AIC = 2.396858
  Model addition step  15: Added term 1 2 0 0 0 0 -- RMS=9.451068, GCV=4.233298e-08, AIC = 2.225327
  Model addition step  16: Added term 0 1 0 0 0 0 -- RMS=8.288109, GCV=3.256018e-08, AIC = 1.962735
  Model addition step  17: Added term 0 0 1 0 0 2 -- RMS=7.243606, GCV=2.487392e-08, AIC = 1.693349
  Model addition step  18: Added term 0 0 0 0 0 2 -- RMS=6.721401, GCV=2.141968e-08, AIC = 1.543723
  Model addition step  19: Added term 0 2 0 0 0 1 -- RMS=5.462431, GCV=1.414894e-08, AIC = 1.128937
  Model addition step  20: Added term 0 0 2 0 0 1 -- RMS=5.195958, GCV=1.280390e-08, AIC = 1.028930
  Model addition step  21: Added term 1 2 0 0 0 1 -- RMS=4.956366, GCV=1.165189e-08, AIC = 0.934533
  Model addition step  22: Added term 2 1 1 0 0 0 -- RMS=4.748977, GCV=1.069864e-08, AIC = 0.849065
  Model addition step  23: Added term 0 1 0 3 0 0 -- RMS=4.564513, GCV=9.884989e-09, AIC = 0.769850
  Model addition step  24: Added term 1 1 0 0 0 0 -- RMS=4.380082, GCV=9.103542e-09, AIC = 0.687380
  Model addition step  25: Added term 1 0 1 0 1 1 -- RMS=4.200194, GCV=8.372273e-09, AIC = 0.603526
  Model addition step  26: Added term 0 1 2 0 0 1 -- RMS=4.065194, GCV=7.843791e-09, AIC = 0.538207
  Model addition step  27: Added term 0 1 2 0 1 0 -- RMS=3.915178, GCV=7.276548e-09, AIC = 0.463025
  Model addition step  28: Added term 2 0 0 0 1 1 -- RMS=3.771413, GCV=6.752885e-09, AIC = 0.388222
  Model addition step  29: Added term 0 1 0 0 1 0 -- RMS=3.664685, GCV=6.376953e-09, AIC = 0.330827
  Model addition step  30: Added term 1 1 1 1 0 0 -- RMS=3.553934, GCV=5.998153e-09, AIC = 0.269472
  Model addition step  31: Added term 0 0 0 2 1 0 -- RMS=3.445968, GCV=5.640014e-09, AIC = 0.207790
  Model addition step  32: Added term 0 1 1 0 0 2 -- RMS=3.351080, GCV=5.334403e-09, AIC = 0.151965
  Model addition step  33: Added term 2 1 0 1 0 0 -- RMS=3.275592, GCV=5.097470e-09, AIC = 0.106416
Change in error: 0.017254. No more terms added.
   34 polynomial terms were written for deltclav3
deltclav4
  RMS fit error of the full model is: 1.542358 mm
  maximum moment arm: 128.319205 mm
  maximum error allowed: 12.831920 mm
  Model addition step   1: Added term 0 0 0 0 0 0 -- RMS=63.938204, GCV=1.933819e-06, AIC = 6.048635
  Model addition step   2: Added term 0 0 1 0 0 0 -- RMS=54.475191, GCV=1.403949e-06, AIC = 5.728311
  Model addition step   3: Added term 1 0 0 0 0 0 -- RMS=44.980858, GCV=9.573437e-07, AIC = 5.345314
  Model addition step   4: Added term 0 2 0 1 0 0 -- RMS=33.890678, GCV=5.435401e-07, AIC = 4.779139
  Model addition step   5: Added term 0 0 0 0 1 0 -- RMS=26.487851, GCV=3.320651e-07, AIC = 4.286251
  Model addition step   6: Added term 0 2 0 0 0 2 -- RMS=21.271866, GCV=2.141903e-07, AIC = 3.847669
  Model addition step   7: Added term 0 0 0 1 1 0 -- RMS=19.293258, GCV=1.762213e-07, AIC = 3.652429
  Model addition step   8: Added term 0 2 1 0 0 1 -- RMS=17.590969, GCV=1.465161e-07, AIC = 3.467708
  Model addition step   9: Added term 0 0 0 2 0 0 -- RMS=16.047567, GCV=1.219504e-07, AIC = 3.284070
  Model addition step  10: Added term 0 0 0 0 0 1 -- RMS=14.448705, GCV=9.887380e-08, AIC = 3.074185
  Model addition step  11: Added term 0 1 0 1 0 0 -- RMS=13.461590, GCV=8.583707e-08, AIC = 2.932675
  Model addition step  12: Added term 0 1 0 0 1 1 -- RMS=12.472579, GCV=7.369761e-08, AIC = 2.780079
  Model addition step  13: Added term 0 2 2 0 0 0 -- RMS=11.512202, GCV=6.279375e-08, AIC = 2.619848
  Model addition step  14: Added term 1 1 0 0 0 0 -- RMS=10.725387, GCV=5.451101e-08, AIC = 2.478279
  Model addition step  15: Added term 1 0 0 0 0 2 -- RMS=9.641004, GCV=4.405160e-08, AIC = 2.265122
  Model addition step  16: Added term 0 1 0 0 0 0 -- RMS=8.444854, GCV=3.380338e-08, AIC = 2.000206
  Model addition step  17: Added term 0 0 1 0 0 2 -- RMS=7.197742, GCV=2.455993e-08, AIC = 1.680645
  Model addition step  18: Added term 0 0 0 0 0 2 -- RMS=6.638948, GCV=2.089738e-08, AIC = 1.519037
  Model addition step  19: Added term 0 2 0 0 0 1 -- RMS=5.240107, GCV=1.302064e-08, AIC = 1.045833
  Model addition step  20: Added term 0 0 2 0 0 1 -- RMS=4.889973, GCV=1.134028e-08, AIC = 0.907542
  Model addition step  21: Added term 2 1 1 0 0 0 -- RMS=4.667894, GCV=1.033503e-08, AIC = 0.814603
  Model addition step  22: Added term 0 1 0 0 1 0 -- RMS=4.470171, GCV=9.479311e-09, AIC = 0.728060
  Model addition step  23: Added term 1 0 1 1 0 0 -- RMS=4.281689, GCV=8.697959e-09, AIC = 0.641921
  Model addition step  24: Added term 2 1 0 1 0 0 -- RMS=4.115234, GCV=8.035911e-09, AIC = 0.562637
  Model addition step  25: Added term 0 1 2 0 0 1 -- RMS=3.976417, GCV=7.503926e-09, AIC = 0.494027
  Model addition step  26: Added term 1 2 0 0 0 1 -- RMS=3.842128, GCV=7.006598e-09, AIC = 0.425337
  Model addition step  27: Added term 0 1 0 3 0 0 -- RMS=3.706560, GCV=6.521756e-09, AIC = 0.353512
  Model addition step  28: Added term 0 0 0 2 1 0 -- RMS=3.605489, GCV=6.171768e-09, AIC = 0.298238
  Model addition step  29: Added term 1 0 1 0 1 1 -- RMS=3.507204, GCV=5.840662e-09, AIC = 0.242980
  Model addition step  30: Added term 0 1 1 0 0 2 -- RMS=3.388591, GCV=5.453020e-09, AIC = 0.174190
  Model addition step  31: Added term 0 1 2 0 1 0 -- RMS=3.277006, GCV=5.100493e-09, AIC = 0.107241
  Model addition step  32: Added term 2 0 0 0 1 1 -- RMS=3.131217, GCV=4.657392e-09, AIC = 0.016244
  Model addition step  33: Added term 0 0 0 0 0 3 -- RMS=3.040002, GCV=4.390592e-09, AIC = -0.042864
  Model addition step  34: Added term 0 2 0 1 1 0 -- RMS=2.947613, GCV=4.128337e-09, AIC = -0.104570
  Model addition step  35: Added term 0 0 0 0 2 2 -- RMS=2.882516, GCV=3.948537e-09, AIC = -0.149215
  Model addition step  36: Added term 1 0 0 3 0 0 -- RMS=2.820791, GCV=3.781755e-09, AIC = -0.192489
  Model addition step  37: Added term 0 0 1 2 0 0 -- RMS=2.735480, GCV=3.556948e-09, AIC = -0.253890
Change in error: 0.019931. No more terms added.
   38 polynomial terms were written for deltclav4
coracobr1
  RMS fit error of the full model is: 0.056030 mm
  maximum moment arm: 77.569027 mm
  maximum error allowed: 7.756903 mm
  Model addition step   1: Added term 0 0 0 -- RMS=39.903980, GCV=4.304170e-07, AIC = 4.546152
  Model addition step   2: Added term 1 0 0 -- RMS=23.908655, GCV=1.545347e-07, AIC = 3.521715
  Model addition step   3: Added term 0 1 2 -- RMS=15.918365, GCV=6.851273e-08, AIC = 2.708215
  Model addition step   4: Added term 0 1 0 -- RMS=13.998009, GCV=5.298654e-08, AIC = 2.451132
  Model addition step   5: Added term 0 0 1 -- RMS=13.300115, GCV=4.784126e-08, AIC = 2.348881
  Model addition step   6: Added term 0 0 4 -- RMS=9.661935, GCV=2.525101e-08, AIC = 1.709757
  Model addition step   7: Added term 0 1 1 -- RMS=7.544170, GCV=1.539686e-08, AIC = 1.214953
  Model addition step   8: Added term 0 0 2 -- RMS=5.167813, GCV=7.225726e-09, AIC = 0.458336
  Model addition step   9: Added term 2 1 0 -- RMS=4.062030, GCV=4.464911e-09, AIC = -0.023164
  Model addition step  10: Added term 1 0 2 -- RMS=3.220904, GCV=2.807637e-09, AIC = -0.487172
  Model addition step  11: Added term 2 0 0 -- RMS=2.025207, GCV=1.110153e-09, AIC = -1.415118
  Model addition step  12: Added term 1 1 0 -- RMS=1.540037, GCV=6.420447e-10, AIC = -1.962815
  Model addition step  13: Added term 1 2 0 -- RMS=1.079601, GCV=3.155643e-10, AIC = -2.673212
  Model addition step  14: Added term 1 1 2 -- RMS=0.810482, GCV=1.778718e-10, AIC = -3.246613
  Model addition step  15: Added term 3 0 0 -- RMS=0.673286, GCV=1.227661e-10, AIC = -3.617497
  Model addition step  16: Added term 0 3 0 -- RMS=0.590109, GCV=9.431980e-11, AIC = -3.881188
  Model addition step  17: Added term 0 2 1 -- RMS=0.494435, GCV=6.622390e-11, AIC = -4.234939
  Model addition step  18: Added term 0 0 3 -- RMS=0.432628, GCV=5.070893e-11, AIC = -4.501980
  Model addition step  19: Added term 0 2 0 -- RMS=0.340493, GCV=3.141451e-11, AIC = -4.980914
  Model addition step  20: Added term 1 2 1 -- RMS=0.301022, GCV=2.455660e-11, AIC = -5.227304
  Model addition step  21: Added term 1 0 1 -- RMS=0.226251, GCV=1.387432e-11, AIC = -5.798347
  Model addition step  22: Added term 1 1 1 -- RMS=0.184772, GCV=9.254752e-12, AIC = -6.203351
  Model addition step  23: Added term 2 1 1 -- RMS=0.164039, GCV=7.295307e-12, AIC = -6.441358
  Model addition step  24: Added term 2 2 0 -- RMS=0.153373, GCV=6.378295e-12, AIC = -6.575791
  Model addition step  25: Added term 4 0 0 -- RMS=0.143262, GCV=5.565850e-12, AIC = -6.712143
  Model addition step  26: Added term 0 1 3 -- RMS=0.135957, GCV=5.013379e-12, AIC = -6.816784
  Model addition step  27: Added term 0 2 2 -- RMS=0.120086, GCV=3.911706e-12, AIC = -7.065022
  Model addition step  28: Added term 1 0 3 -- RMS=0.093735, GCV=2.383648e-12, AIC = -7.560465
  Model addition step  29: Added term 1 3 0 -- RMS=0.083679, GCV=1.899897e-12, AIC = -7.787399
  Model addition step  30: Added term 2 0 1 -- RMS=0.079534, GCV=1.716577e-12, AIC = -7.888969
  Model addition step  31: Added term 3 0 1 -- RMS=0.057977, GCV=9.122932e-13, AIC = -8.521196
  Model addition step  32: Added term 2 0 2 -- RMS=0.056392, GCV=8.632042e-13, AIC = -8.576608
Change in error: 0.004098. No more terms added.
   33 polynomial terms were written for coracobr1
coracobr2
  RMS fit error of the full model is: 0.040338 mm
  maximum moment arm: 79.287364 mm
  maximum error allowed: 7.928736 mm
  Model addition step   1: Added term 0 0 0 -- RMS=43.342153, GCV=5.077827e-07, AIC = 4.711451
  Model addition step   2: Added term 1 0 0 -- RMS=27.435898, GCV=2.034951e-07, AIC = 3.796938
  Model addition step   3: Added term 0 0 1 -- RMS=20.808600, GCV=1.170739e-07, AIC = 3.244000
  Model addition step   4: Added term 0 1 1 -- RMS=8.588545, GCV=1.994676e-08, AIC = 1.474160
  Model addition step   5: Added term 0 0 2 -- RMS=5.478117, GCV=8.116229e-09, AIC = 0.574858
  Model addition step   6: Added term 1 1 0 -- RMS=4.107367, GCV=4.563284e-09, AIC = -0.001067
  Model addition step   7: Added term 2 0 0 -- RMS=3.509045, GCV=3.331095e-09, AIC = -0.315910
  Model addition step   8: Added term 1 0 1 -- RMS=2.794718, GCV=2.113217e-09, AIC = -0.771101
  Model addition step   9: Added term 0 1 0 -- RMS=2.160417, GCV=1.262995e-09, AIC = -1.285927
  Model addition step  10: Added term 1 1 1 -- RMS=1.853784, GCV=9.300441e-10, AIC = -1.592038
  Model addition step  11: Added term 0 1 2 -- RMS=1.319270, GCV=4.710980e-10, AIC = -2.272305
  Model addition step  12: Added term 3 0 1 -- RMS=1.151849, GCV=3.591650e-10, AIC = -2.543691
  Model addition step  13: Added term 0 0 3 -- RMS=0.983228, GCV=2.617401e-10, AIC = -2.860222
  Model addition step  14: Added term 1 3 0 -- RMS=0.852260, GCV=1.966821e-10, AIC = -3.146087
  Model addition step  15: Added term 1 0 2 -- RMS=0.765074, GCV=1.585205e-10, AIC = -3.361894
  Model addition step  16: Added term 0 2 2 -- RMS=0.617857, GCV=1.033985e-10, AIC = -3.789289
  Model addition step  17: Added term 1 2 0 -- RMS=0.489727, GCV=6.496869e-11, AIC = -4.254075
  Model addition step  18: Added term 3 0 0 -- RMS=0.368635, GCV=3.681697e-11, AIC = -4.822123
  Model addition step  19: Added term 0 2 1 -- RMS=0.305896, GCV=2.535485e-11, AIC = -5.195214
  Model addition step  20: Added term 2 1 1 -- RMS=0.235572, GCV=1.503903e-11, AIC = -5.717636
  Model addition step  21: Added term 0 2 0 -- RMS=0.180049, GCV=8.786395e-12, AIC = -6.255182
  Model addition step  22: Added term 1 2 1 -- RMS=0.151758, GCV=6.242976e-12, AIC = -6.597031
  Model addition step  23: Added term 2 0 1 -- RMS=0.139012, GCV=5.239085e-12, AIC = -6.772443
  Model addition step  24: Added term 2 1 0 -- RMS=0.112423, GCV=3.427047e-12, AIC = -7.196992
  Model addition step  25: Added term 0 3 0 -- RMS=0.096838, GCV=2.543052e-12, AIC = -7.495428
  Model addition step  26: Added term 2 2 0 -- RMS=0.084130, GCV=1.919695e-12, AIC = -7.776728
  Model addition step  27: Added term 4 0 0 -- RMS=0.079697, GCV=1.722912e-12, AIC = -7.884980
  Model addition step  28: Added term 0 0 4 -- RMS=0.074976, GCV=1.525078e-12, AIC = -8.007052
  Model addition step  29: Added term 0 1 3 -- RMS=0.056832, GCV=8.763677e-13, AIC = -8.561169
  Model addition step  30: Added term 1 1 2 -- RMS=0.049882, GCV=6.752178e-13, AIC = -8.822021
  Model addition step  31: Added term 2 0 2 -- RMS=0.042607, GCV=4.926994e-13, AIC = -9.137258
  Model addition step  32: Added term 0 3 1 -- RMS=0.041412, GCV=4.655202e-13, AIC = -9.194104
  Model addition step  33: Added term 1 0 3 -- RMS=0.040559, GCV=4.466035e-13, AIC = -9.235690
Change in error: 0.005175. No more terms added.
   34 polynomial terms were written for coracobr2
coracobr3
  RMS fit error of the full model is: 0.062927 mm
  maximum moment arm: 89.608111 mm
  maximum error allowed: 8.960811 mm
  Model addition step   1: Added term 0 0 0 -- RMS=46.173007, GCV=5.762796e-07, AIC = 4.837991
  Model addition step   2: Added term 1 0 0 -- RMS=26.875575, GCV=1.952681e-07, AIC = 3.755670
  Model addition step   3: Added term 0 1 2 -- RMS=17.753899, GCV=8.522399e-08, AIC = 2.926478
  Model addition step   4: Added term 0 0 1 -- RMS=15.766089, GCV=6.721729e-08, AIC = 2.689024
  Model addition step   5: Added term 0 0 4 -- RMS=13.200298, GCV=4.712586e-08, AIC = 2.333814
  Model addition step   6: Added term 0 1 1 -- RMS=8.199191, GCV=1.818413e-08, AIC = 1.381440
  Model addition step   7: Added term 0 0 2 -- RMS=5.791973, GCV=9.075325e-09, AIC = 0.686349
  Model addition step   8: Added term 2 0 0 -- RMS=4.677785, GCV=5.920365e-09, AIC = 0.259086
  Model addition step   9: Added term 1 0 2 -- RMS=3.226446, GCV=2.816926e-09, AIC = -0.483767
  Model addition step  10: Added term 1 1 1 -- RMS=2.184481, GCV=1.291463e-09, AIC = -1.263739
  Model addition step  11: Added term 1 0 1 -- RMS=1.863951, GCV=9.404013e-10, AIC = -1.581065
  Model addition step  12: Added term 0 3 0 -- RMS=1.492479, GCV=6.030029e-10, AIC = -2.025551
  Model addition step  13: Added term 1 1 0 -- RMS=1.395152, GCV=5.269926e-10, AIC = -2.160388
  Model addition step  14: Added term 0 1 0 -- RMS=1.200976, GCV=3.905612e-10, AIC = -2.460091
  Model addition step  15: Added term 1 2 0 -- RMS=0.874935, GCV=2.073150e-10, AIC = -3.093538
  Model addition step  16: Added term 3 0 0 -- RMS=0.663262, GCV=1.191537e-10, AIC = -3.647465
  Model addition step  17: Added term 0 2 1 -- RMS=0.473466, GCV=6.072592e-11, AIC = -4.321610
  Model addition step  18: Added term 0 0 3 -- RMS=0.387190, GCV=4.061656e-11, AIC = -4.723906
  Model addition step  19: Added term 0 2 0 -- RMS=0.284156, GCV=2.187904e-11, AIC = -5.342654
  Model addition step  20: Added term 2 1 1 -- RMS=0.208852, GCV=1.182092e-11, AIC = -5.958414
  Model addition step  21: Added term 3 0 1 -- RMS=0.192027, GCV=9.994385e-12, AIC = -6.126363
  Model addition step  22: Added term 2 0 1 -- RMS=0.178891, GCV=8.674926e-12, AIC = -6.268051
  Model addition step  23: Added term 1 3 0 -- RMS=0.167362, GCV=7.593849e-12, AIC = -6.401251
  Model addition step  24: Added term 0 3 1 -- RMS=0.158670, GCV=6.826468e-12, AIC = -6.507884
  Model addition step  25: Added term 1 2 1 -- RMS=0.151225, GCV=6.201740e-12, AIC = -6.603963
  Model addition step  26: Added term 0 1 3 -- RMS=0.144362, GCV=5.652389e-12, AIC = -6.696816
  Model addition step  27: Added term 1 0 3 -- RMS=0.132482, GCV=4.760988e-12, AIC = -6.868541
  Model addition step  28: Added term 1 1 2 -- RMS=0.123768, GCV=4.155831e-12, AIC = -7.004585
  Model addition step  29: Added term 0 2 2 -- RMS=0.098254, GCV=2.619398e-12, AIC = -7.466255
  Model addition step  30: Added term 4 0 0 -- RMS=0.092696, GCV=2.331751e-12, AIC = -7.582681
  Model addition step  31: Added term 2 1 0 -- RMS=0.086654, GCV=2.037948e-12, AIC = -7.717459
  Model addition step  32: Added term 2 2 0 -- RMS=0.067586, GCV=1.239904e-12, AIC = -8.214470
  Model addition step  33: Added term 2 0 2 -- RMS=0.063171, GCV=1.083376e-12, AIC = -8.349523
Change in error: 0.003751. No more terms added.
   34 polynomial terms were written for coracobr3
infra1
  RMS fit error of the full model is: 0.036143 mm
  maximum moment arm: 45.107185 mm
  maximum error allowed: 4.510718 mm
  Model addition step   1: Added term 0 0 0 -- RMS=21.426916, GCV=1.241013e-07, AIC = 3.302496
  Model addition step   2: Added term 0 1 0 -- RMS=15.822855, GCV=6.768389e-08, AIC = 2.696145
  Model addition step   3: Added term 0 0 2 -- RMS=11.337855, GCV=3.475651e-08, AIC = 2.029562
  Model addition step   4: Added term 1 0 0 -- RMS=6.321602, GCV=1.080656e-08, AIC = 0.861247
  Model addition step   5: Added term 0 2 0 -- RMS=4.920826, GCV=6.548891e-09, AIC = 0.360288
  Model addition step   6: Added term 1 1 1 -- RMS=3.255088, GCV=2.865999e-09, AIC = -0.466192
  Model addition step   7: Added term 2 0 1 -- RMS=2.758924, GCV=2.059153e-09, AIC = -0.796916
  Model addition step   8: Added term 1 1 0 -- RMS=1.266236, GCV=4.338077e-10, AIC = -2.354466
  Model addition step   9: Added term 1 0 1 -- RMS=0.867801, GCV=2.037825e-10, AIC = -3.110115
  Model addition step  10: Added term 2 1 1 -- RMS=0.702990, GCV=1.337469e-10, AIC = -3.531321
  Model addition step  11: Added term 3 0 0 -- RMS=0.593403, GCV=9.531096e-11, AIC = -3.870227
  Model addition step  12: Added term 0 0 1 -- RMS=0.472653, GCV=6.047673e-11, AIC = -4.325214
  Model addition step  13: Added term 2 0 0 -- RMS=0.423929, GCV=4.865737e-11, AIC = -4.542771
  Model addition step  14: Added term 2 1 0 -- RMS=0.336122, GCV=3.059243e-11, AIC = -5.006924
  Model addition step  15: Added term 0 3 0 -- RMS=0.287925, GCV=2.245117e-11, AIC = -5.316435
  Model addition step  16: Added term 1 0 2 -- RMS=0.242689, GCV=1.595290e-11, AIC = -5.658238
  Model addition step  17: Added term 0 0 4 -- RMS=0.173878, GCV=8.190068e-12, AIC = -6.325058
  Model addition step  18: Added term 1 2 0 -- RMS=0.141605, GCV=5.432689e-12, AIC = -6.735648
  Model addition step  19: Added term 0 2 2 -- RMS=0.121787, GCV=4.019006e-12, AIC = -7.037149
  Model addition step  20: Added term 0 2 1 -- RMS=0.099824, GCV=2.700488e-12, AIC = -7.434852
  Model addition step  21: Added term 0 1 3 -- RMS=0.087366, GCV=2.068774e-12, AIC = -7.701430
  Model addition step  22: Added term 1 3 0 -- RMS=0.077583, GCV=1.631635e-12, AIC = -7.938906
  Model addition step  23: Added term 2 0 2 -- RMS=0.069645, GCV=1.315018e-12, AIC = -8.154740
  Model addition step  24: Added term 3 1 0 -- RMS=0.063910, GCV=1.107518e-12, AIC = -8.326570
  Model addition step  25: Added term 0 1 1 -- RMS=0.057993, GCV=9.120472e-13, AIC = -8.520856
  Model addition step  26: Added term 1 0 3 -- RMS=0.052154, GCV=7.377283e-13, AIC = -8.733074
  Model addition step  27: Added term 0 0 3 -- RMS=0.047528, GCV=6.127459e-13, AIC = -8.918801
  Model addition step  28: Added term 0 4 0 -- RMS=0.043058, GCV=5.029807e-13, AIC = -9.116301
  Model addition step  29: Added term 0 1 2 -- RMS=0.041092, GCV=4.581523e-13, AIC = -9.209753
  Model addition step  30: Added term 2 2 0 -- RMS=0.039348, GCV=4.201623e-13, AIC = -9.296415
  Model addition step  31: Added term 1 1 2 -- RMS=0.037980, GCV=3.914979e-13, AIC = -9.367178
  Model addition step  32: Added term 3 0 1 -- RMS=0.036834, GCV=3.682779e-13, AIC = -9.428421
Change in error: 0.013852. No more terms added.
   33 polynomial terms were written for infra1
infra2
  RMS fit error of the full model is: 0.022179 mm
  maximum moment arm: 49.075666 mm
  maximum error allowed: 4.907567 mm
  Model addition step   1: Added term 0 0 0 -- RMS=24.048890, GCV=1.563317e-07, AIC = 3.533378
  Model addition step   2: Added term 1 0 2 -- RMS=19.566543, GCV=1.035008e-07, AIC = 3.120876
  Model addition step   3: Added term 0 1 0 -- RMS=14.172165, GCV=5.430587e-08, AIC = 2.475827
  Model addition step   4: Added term 0 0 2 -- RMS=10.331266, GCV=2.886291e-08, AIC = 1.843651
  Model addition step   5: Added term 1 0 0 -- RMS=7.486955, GCV=1.516010e-08, AIC = 1.199659
  Model addition step   6: Added term 1 1 0 -- RMS=4.991806, GCV=6.740092e-09, AIC = 0.388964
  Model addition step   7: Added term 0 2 0 -- RMS=1.971458, GCV=1.051440e-09, AIC = -1.469050
  Model addition step   8: Added term 2 0 0 -- RMS=1.386414, GCV=5.200601e-10, AIC = -2.173123
  Model addition step   9: Added term 0 0 1 -- RMS=0.722602, GCV=1.412944e-10, AIC = -3.476323
  Model addition step  10: Added term 3 0 1 -- RMS=0.567352, GCV=8.711438e-11, AIC = -3.960048
  Model addition step  11: Added term 0 3 0 -- RMS=0.462514, GCV=5.790212e-11, AIC = -4.368618
  Model addition step  12: Added term 0 1 2 -- RMS=0.331360, GCV=2.972371e-11, AIC = -5.035528
  Model addition step  13: Added term 2 1 0 -- RMS=0.187230, GCV=9.491003e-12, AIC = -6.177230
  Model addition step  14: Added term 3 0 0 -- RMS=0.149514, GCV=6.053198e-12, AIC = -6.627089
  Model addition step  15: Added term 1 0 1 -- RMS=0.112261, GCV=3.413028e-12, AIC = -7.200178
  Model addition step  16: Added term 0 0 4 -- RMS=0.082298, GCV=1.834490e-12, AIC = -7.821112
  Model addition step  17: Added term 1 1 2 -- RMS=0.063447, GCV=1.090473e-12, AIC = -8.341369
  Model addition step  18: Added term 2 0 2 -- RMS=0.057275, GCV=8.887572e-13, AIC = -8.546013
  Model addition step  19: Added term 1 3 0 -- RMS=0.050677, GCV=6.958851e-13, AIC = -8.790754
  Model addition step  20: Added term 1 1 1 -- RMS=0.045733, GCV=5.668109e-13, AIC = -8.996015
  Model addition step  21: Added term 2 2 0 -- RMS=0.040584, GCV=4.464122e-13, AIC = -9.234899
  Model addition step  22: Added term 0 1 1 -- RMS=0.037530, GCV=3.818017e-13, AIC = -9.391342
  Model addition step  23: Added term 0 2 2 -- RMS=0.032102, GCV=2.793946e-13, AIC = -9.703720
  Model addition step  24: Added term 0 4 0 -- RMS=0.029190, GCV=2.310267e-13, AIC = -9.893913
  Model addition step  25: Added term 1 0 3 -- RMS=0.027527, GCV=2.054849e-13, AIC = -10.011175
  Model addition step  26: Added term 2 0 1 -- RMS=0.026442, GCV=1.896382e-13, AIC = -10.091532
  Model addition step  27: Added term 4 0 0 -- RMS=0.025753, GCV=1.799041e-13, AIC = -10.144328
  Model addition step  28: Added term 2 1 1 -- RMS=0.025207, GCV=1.723730e-13, AIC = -10.187192
Change in error: 0.018260. No more terms added.
   29 polynomial terms were written for infra2
infra3
  RMS fit error of the full model is: 0.026172 mm
  maximum moment arm: 49.851733 mm
  maximum error allowed: 4.985173 mm
  Model addition step   1: Added term 0 0 0 -- RMS=24.828947, GCV=1.666378e-07, AIC = 3.597220
  Model addition step   2: Added term 1 0 2 -- RMS=20.363118, GCV=1.120996e-07, AIC = 3.200684
  Model addition step   3: Added term 0 1 0 -- RMS=14.638736, GCV=5.794040e-08, AIC = 2.540610
  Model addition step   4: Added term 0 0 2 -- RMS=10.357545, GCV=2.900993e-08, AIC = 1.848732
  Model addition step   5: Added term 1 0 0 -- RMS=7.330639, GCV=1.453368e-08, AIC = 1.157461
  Model addition step   6: Added term 1 1 0 -- RMS=5.012075, GCV=6.794939e-09, AIC = 0.397069
  Model addition step   7: Added term 0 2 0 -- RMS=2.293187, GCV=1.422618e-09, AIC = -1.166712
  Model addition step   8: Added term 0 0 1 -- RMS=1.101667, GCV=3.283739e-10, AIC = -2.632915
  Model addition step   9: Added term 2 1 0 -- RMS=0.830084, GCV=1.864537e-10, AIC = -3.198986
  Model addition step  10: Added term 0 1 2 -- RMS=0.711053, GCV=1.368327e-10, AIC = -3.508511
  Model addition step  11: Added term 2 1 1 -- RMS=0.606915, GCV=9.970098e-11, AIC = -3.825196
  Model addition step  12: Added term 0 3 0 -- RMS=0.503114, GCV=6.852283e-11, AIC = -4.200306
  Model addition step  13: Added term 2 0 0 -- RMS=0.387143, GCV=4.057919e-11, AIC = -4.724319
  Model addition step  14: Added term 3 0 0 -- RMS=0.176893, GCV=8.473091e-12, AIC = -6.290781
  Model addition step  15: Added term 2 0 2 -- RMS=0.122833, GCV=4.086072e-12, AIC = -7.020193
  Model addition step  16: Added term 0 0 4 -- RMS=0.087241, GCV=2.061474e-12, AIC = -7.704458
  Model addition step  17: Added term 1 1 2 -- RMS=0.063348, GCV=1.087065e-12, AIC = -8.344499
  Model addition step  18: Added term 0 1 1 -- RMS=0.056373, GCV=8.609746e-13, AIC = -8.577772
  Model addition step  19: Added term 4 0 0 -- RMS=0.053614, GCV=7.788832e-13, AIC = -8.678078
  Model addition step  20: Added term 2 2 0 -- RMS=0.051417, GCV=7.164633e-13, AIC = -8.761713
  Model addition step  21: Added term 1 3 0 -- RMS=0.048670, GCV=6.420239e-13, AIC = -8.871516
  Model addition step  22: Added term 1 2 0 -- RMS=0.044539, GCV=5.377417e-13, AIC = -9.048865
  Model addition step  23: Added term 0 4 0 -- RMS=0.041942, GCV=4.769123e-13, AIC = -9.169012
  Model addition step  24: Added term 3 1 0 -- RMS=0.039994, GCV=4.337089e-13, AIC = -9.264073
  Model addition step  25: Added term 1 0 3 -- RMS=0.038113, GCV=3.939334e-13, AIC = -9.360366
  Model addition step  26: Added term 2 0 1 -- RMS=0.035226, GCV=3.365525e-13, AIC = -9.517895
  Model addition step  27: Added term 0 2 2 -- RMS=0.033874, GCV=3.112594e-13, AIC = -9.596125
  Model addition step  28: Added term 1 2 1 -- RMS=0.032815, GCV=2.921376e-13, AIC = -9.659628
  Model addition step  29: Added term 3 0 1 -- RMS=0.032116, GCV=2.798616e-13, AIC = -9.702659
  Model addition step  30: Added term 1 0 1 -- RMS=0.030965, GCV=2.601986e-13, AIC = -9.775611
  Model addition step  31: Added term 1 1 1 -- RMS=0.029467, GCV=2.356593e-13, AIC = -9.874771
Change in error: 0.012712. No more terms added.
   32 polynomial terms were written for infra3
infra4
  RMS fit error of the full model is: 0.046757 mm
  maximum moment arm: 54.144012 mm
  maximum error allowed: 5.414401 mm
  Model addition step   1: Added term 0 0 0 -- RMS=28.410058, GCV=2.181731e-07, AIC = 3.866687
  Model addition step   2: Added term 0 0 1 -- RMS=21.739404, GCV=1.277647e-07, AIC = 3.331487
  Model addition step   3: Added term 0 1 0 -- RMS=15.182151, GCV=6.232194e-08, AIC = 2.613509
  Model addition step   4: Added term 1 0 0 -- RMS=9.182577, GCV=2.280144e-08, AIC = 1.607917
  Model addition step   5: Added term 1 1 0 -- RMS=6.751950, GCV=1.232963e-08, AIC = 0.992998
  Model addition step   6: Added term 0 0 2 -- RMS=4.811387, GCV=6.261682e-09, AIC = 0.315340
  Model addition step   7: Added term 0 2 0 -- RMS=1.915795, GCV=9.929040e-10, AIC = -1.526332
  Model addition step   8: Added term 2 0 2 -- RMS=1.051553, GCV=2.991783e-10, AIC = -2.726027
  Model addition step   9: Added term 0 1 2 -- RMS=0.800375, GCV=1.733459e-10, AIC = -3.271880
  Model addition step  10: Added term 0 3 0 -- RMS=0.622619, GCV=1.049130e-10, AIC = -3.774138
  Model addition step  11: Added term 2 2 0 -- RMS=0.516861, GCV=7.230888e-11, AIC = -4.146425
  Model addition step  12: Added term 1 2 1 -- RMS=0.456917, GCV=5.651687e-11, AIC = -4.392934
  Model addition step  13: Added term 3 0 1 -- RMS=0.393653, GCV=4.195546e-11, AIC = -4.690966
  Model addition step  14: Added term 1 0 3 -- RMS=0.353353, GCV=3.380936e-11, AIC = -4.906938
  Model addition step  15: Added term 2 1 0 -- RMS=0.294081, GCV=2.342147e-11, AIC = -5.274124
  Model addition step  16: Added term 1 1 1 -- RMS=0.221414, GCV=1.327842e-11, AIC = -5.841739
  Model addition step  17: Added term 3 0 0 -- RMS=0.195705, GCV=1.037526e-11, AIC = -6.088556
  Model addition step  18: Added term 2 0 0 -- RMS=0.176254, GCV=8.416545e-12, AIC = -6.297883
  Model addition step  19: Added term 2 0 1 -- RMS=0.150109, GCV=6.105580e-12, AIC = -6.618980
  Model addition step  20: Added term 0 2 2 -- RMS=0.129622, GCV=4.553361e-12, AIC = -6.912419
  Model addition step  21: Added term 0 0 4 -- RMS=0.106642, GCV=3.082406e-12, AIC = -7.302676
  Model addition step  22: Added term 0 1 1 -- RMS=0.090174, GCV=2.204210e-12, AIC = -7.638119
  Model addition step  23: Added term 1 0 2 -- RMS=0.076100, GCV=1.570073e-12, AIC = -7.977468
  Model addition step  24: Added term 0 2 1 -- RMS=0.066254, GCV=1.190236e-12, AIC = -8.254540
  Model addition step  25: Added term 1 3 0 -- RMS=0.057960, GCV=9.110154e-13, AIC = -8.521988
  Model addition step  26: Added term 0 0 3 -- RMS=0.055024, GCV=8.211545e-13, AIC = -8.625938
  Model addition step  27: Added term 2 1 1 -- RMS=0.053293, GCV=7.704067e-13, AIC = -8.689833
  Model addition step  28: Added term 1 1 2 -- RMS=0.051866, GCV=7.298089e-13, AIC = -8.744070
Change in error: 0.018686. No more terms added.
   29 polynomial terms were written for infra4
infra5
  RMS fit error of the full model is: 0.074892 mm
  maximum moment arm: 55.160254 mm
  maximum error allowed: 5.516025 mm
  Model addition step   1: Added term 0 0 0 -- RMS=29.073709, GCV=2.284851e-07, AIC = 3.912869
  Model addition step   2: Added term 0 0 1 -- RMS=19.491589, GCV=1.027094e-07, AIC = 3.113200
  Model addition step   3: Added term 0 1 0 -- RMS=11.932846, GCV=3.850015e-08, AIC = 2.131857
  Model addition step   4: Added term 1 1 2 -- RMS=10.678032, GCV=3.083298e-08, AIC = 1.909679
  Model addition step   5: Added term 1 0 0 -- RMS=9.009197, GCV=2.195149e-08, AIC = 1.569827
  Model addition step   6: Added term 0 2 0 -- RMS=7.577353, GCV=1.553050e-08, AIC = 1.223697
  Model addition step   7: Added term 3 0 0 -- RMS=6.419693, GCV=1.114905e-08, AIC = 0.892143
  Model addition step   8: Added term 1 1 0 -- RMS=4.984548, GCV=6.722324e-09, AIC = 0.386122
  Model addition step   9: Added term 0 0 2 -- RMS=3.447579, GCV=3.216290e-09, AIC = -0.351185
  Model addition step  10: Added term 2 0 1 -- RMS=1.423782, GCV=5.486209e-10, AIC = -2.119862
  Model addition step  11: Added term 0 1 2 -- RMS=1.210761, GCV=3.967905e-10, AIC = -2.443963
  Model addition step  12: Added term 0 3 0 -- RMS=1.055211, GCV=3.014265e-10, AIC = -2.718947
  Model addition step  13: Added term 2 0 0 -- RMS=0.923671, GCV=2.309918e-10, AIC = -2.985192
  Model addition step  14: Added term 1 0 3 -- RMS=0.736140, GCV=1.467373e-10, AIC = -3.439032
  Model addition step  15: Added term 2 1 0 -- RMS=0.486153, GCV=6.400667e-11, AIC = -4.268790
  Model addition step  16: Added term 1 0 1 -- RMS=0.402853, GCV=4.395724e-11, AIC = -4.644662
  Model addition step  17: Added term 0 0 4 -- RMS=0.287315, GCV=2.236214e-11, AIC = -5.320611
  Model addition step  18: Added term 2 0 2 -- RMS=0.225967, GCV=1.383388e-11, AIC = -5.800961
  Model addition step  19: Added term 0 2 2 -- RMS=0.163219, GCV=7.218599e-12, AIC = -6.451523
  Model addition step  20: Added term 1 1 1 -- RMS=0.133138, GCV=4.803689e-12, AIC = -6.858901
  Model addition step  21: Added term 2 1 1 -- RMS=0.114359, GCV=3.544617e-12, AIC = -7.162957
  Model addition step  22: Added term 3 0 1 -- RMS=0.104228, GCV=2.944837e-12, AIC = -7.348435
  Model addition step  23: Added term 0 1 3 -- RMS=0.097805, GCV=2.593423e-12, AIC = -7.475611
Change in error: 0.014921. No more terms added.
   24 polynomial terms were written for infra5
infra6
  RMS fit error of the full model is: 0.087010 mm
  maximum moment arm: 52.526979 mm
  maximum error allowed: 5.252698 mm
  Model addition step   1: Added term 0 0 0 -- RMS=28.283518, GCV=2.162339e-07, AIC = 3.857759
  Model addition step   2: Added term 0 0 1 -- RMS=20.797226, GCV=1.169301e-07, AIC = 3.242873
  Model addition step   3: Added term 0 1 0 -- RMS=11.936327, GCV=3.852262e-08, AIC = 2.132440
  Model addition step   4: Added term 4 0 0 -- RMS=10.812330, GCV=3.161343e-08, AIC = 1.934676
  Model addition step   5: Added term 1 0 0 -- RMS=8.140839, GCV=1.792380e-08, AIC = 1.367122
  Model addition step   6: Added term 0 2 0 -- RMS=6.773937, GCV=1.241174e-08, AIC = 0.999534
  Model addition step   7: Added term 2 0 0 -- RMS=5.208767, GCV=7.339713e-09, AIC = 0.474089
  Model addition step   8: Added term 0 0 2 -- RMS=3.659611, GCV=3.623580e-09, AIC = -0.231850
  Model addition step   9: Added term 1 1 0 -- RMS=2.811205, GCV=2.138512e-09, AIC = -0.759303
  Model addition step  10: Added term 2 1 0 -- RMS=1.857642, GCV=9.339191e-10, AIC = -1.587880
  Model addition step  11: Added term 2 0 2 -- RMS=1.460254, GCV=5.771659e-10, AIC = -2.069242
  Model addition step  12: Added term 0 1 2 -- RMS=0.902103, GCV=2.203001e-10, AIC = -3.032482
  Model addition step  13: Added term 1 0 2 -- RMS=0.665866, GCV=1.200425e-10, AIC = -3.639728
  Model addition step  14: Added term 0 3 0 -- RMS=0.419288, GCV=4.760425e-11, AIC = -4.564754
  Model addition step  15: Added term 0 0 4 -- RMS=0.381050, GCV=3.932257e-11, AIC = -4.755979
  Model addition step  16: Added term 3 0 0 -- RMS=0.348804, GCV=3.295346e-11, AIC = -4.932783
  Model addition step  17: Added term 1 0 1 -- RMS=0.317559, GCV=2.731786e-11, AIC = -5.120440
  Model addition step  18: Added term 2 0 1 -- RMS=0.227300, GCV=1.399763e-11, AIC = -5.789194
  Model addition step  19: Added term 0 2 2 -- RMS=0.212520, GCV=1.223815e-11, AIC = -5.923626
  Model addition step  20: Added term 0 1 1 -- RMS=0.183473, GCV=9.122569e-12, AIC = -6.217534
  Model addition step  21: Added term 2 1 1 -- RMS=0.163288, GCV=7.226696e-12, AIC = -6.450605
  Model addition step  22: Added term 1 1 1 -- RMS=0.117278, GCV=3.728387e-12, AIC = -7.112512
  Model addition step  23: Added term 2 2 0 -- RMS=0.107085, GCV=3.108888e-12, AIC = -7.294325
  Model addition step  24: Added term 1 0 3 -- RMS=0.099997, GCV=2.711342e-12, AIC = -7.431248
  Model addition step  25: Added term 3 0 1 -- RMS=0.096431, GCV=2.521761e-12, AIC = -7.503835
Change in error: 0.016390. No more terms added.
   26 polynomial terms were written for infra6
termin1
  RMS fit error of the full model is: 0.506821 mm
  maximum moment arm: 47.037024 mm
  maximum error allowed: 4.703702 mm
  Model addition step   1: Added term 0 0 0 -- RMS=19.380094, GCV=1.015240e-07, AIC = 3.101693
  Model addition step   2: Added term 0 1 1 -- RMS=12.311618, GCV=4.097754e-08, AIC = 2.194321
  Model addition step   3: Added term 0 0 1 -- RMS=10.821282, GCV=3.166152e-08, AIC = 1.936297
  Model addition step   4: Added term 0 1 0 -- RMS=8.870166, GCV=2.127632e-08, AIC = 1.538688
  Model addition step   5: Added term 0 0 2 -- RMS=7.266103, GCV=1.427890e-08, AIC = 1.139775
  Model addition step   6: Added term 1 0 0 -- RMS=5.930644, GCV=9.513804e-09, AIC = 0.733635
  Model addition step   7: Added term 2 0 0 -- RMS=4.519727, GCV=5.526288e-09, AIC = 0.190306
  Model addition step   8: Added term 0 2 0 -- RMS=3.252607, GCV=2.862405e-09, AIC = -0.467650
  Model addition step   9: Added term 2 0 1 -- RMS=2.347527, GCV=1.491240e-09, AIC = -1.119805
  Model addition step  10: Added term 1 1 1 -- RMS=1.985568, GCV=1.066976e-09, AIC = -1.454686
  Model addition step  11: Added term 1 2 0 -- RMS=1.726529, GCV=8.068485e-10, AIC = -1.734236
  Model addition step  12: Added term 1 1 0 -- RMS=1.490154, GCV=6.011257e-10, AIC = -2.028669
  Model addition step  13: Added term 0 3 0 -- RMS=1.262812, GCV=4.317563e-10, AIC = -2.359713
  Model addition step  14: Added term 2 2 0 -- RMS=1.086903, GCV=3.198910e-10, AIC = -2.659696
  Model addition step  15: Added term 0 0 4 -- RMS=0.996060, GCV=2.686891e-10, AIC = -2.834223
  Model addition step  16: Added term 3 1 0 -- RMS=0.906449, GCV=2.225482e-10, AIC = -3.022735
  Model addition step  17: Added term 1 3 0 -- RMS=0.811128, GCV=1.782277e-10, AIC = -3.244918
  Model addition step  18: Added term 1 0 1 -- RMS=0.730260, GCV=1.444811e-10, AIC = -3.454934
  Model addition step  19: Added term 1 2 1 -- RMS=0.696836, GCV=1.315756e-10, AIC = -3.548602
  Model addition step  20: Added term 0 4 0 -- RMS=0.664186, GCV=1.195509e-10, AIC = -3.644543
  Model addition step  21: Added term 2 0 2 -- RMS=0.629908, GCV=1.075439e-10, AIC = -3.750487
  Model addition step  22: Added term 3 0 1 -- RMS=0.604480, GCV=9.904988e-11, AIC = -3.832865
  Model addition step  23: Added term 0 2 2 -- RMS=0.588405, GCV=9.386460e-11, AIC = -3.886736
Change in error: 0.019120. No more terms added.
   24 polynomial terms were written for termin1
termin2
  RMS fit error of the full model is: 0.546669 mm
  maximum moment arm: 47.570724 mm
  maximum error allowed: 4.757072 mm
  Model addition step   1: Added term 0 0 0 -- RMS=20.660402, GCV=1.153811e-07, AIC = 3.229638
  Model addition step   2: Added term 0 1 1 -- RMS=14.726853, GCV=5.863212e-08, AIC = 2.552579
  Model addition step   3: Added term 1 0 1 -- RMS=11.090264, GCV=3.325509e-08, AIC = 1.985403
  Model addition step   4: Added term 0 1 0 -- RMS=9.662198, GCV=2.524555e-08, AIC = 1.709744
  Model addition step   5: Added term 0 1 2 -- RMS=8.708716, GCV=2.051162e-08, AIC = 1.501984
  Model addition step   6: Added term 1 0 0 -- RMS=8.128600, GCV=1.787237e-08, AIC = 1.364146
  Model addition step   7: Added term 2 0 0 -- RMS=7.461888, GCV=1.506283e-08, AIC = 1.193020
  Model addition step   8: Added term 0 2 1 -- RMS=6.960818, GCV=1.310957e-08, AIC = 1.054031
  Model addition step   9: Added term 0 0 1 -- RMS=6.212787, GCV=1.044478e-08, AIC = 0.826689
  Model addition step  10: Added term 0 0 2 -- RMS=3.445693, GCV=3.213205e-09, AIC = -0.352246
  Model addition step  11: Added term 1 1 1 -- RMS=2.676955, GCV=1.939662e-09, AIC = -0.857103
  Model addition step  12: Added term 0 2 0 -- RMS=2.198323, GCV=1.308235e-09, AIC = -1.251039
  Model addition step  13: Added term 2 0 1 -- RMS=1.823534, GCV=9.003047e-10, AIC = -1.624841
  Model addition step  14: Added term 0 4 0 -- RMS=1.698206, GCV=7.809105e-10, AIC = -1.767215
  Model addition step  15: Added term 0 0 4 -- RMS=1.621288, GCV=7.118680e-10, AIC = -1.859885
  Model addition step  16: Added term 1 0 2 -- RMS=1.522016, GCV=6.274455e-10, AIC = -1.986222
  Model addition step  17: Added term 1 3 0 -- RMS=1.409035, GCV=5.378236e-10, AIC = -2.140450
  Model addition step  18: Added term 1 1 0 -- RMS=1.187757, GCV=3.822178e-10, AIC = -2.482092
  Model addition step  19: Added term 2 2 0 -- RMS=1.085913, GCV=3.195244e-10, AIC = -2.661350
  Model addition step  20: Added term 2 1 1 -- RMS=0.871401, GCV=2.057828e-10, AIC = -3.101464
  Model addition step  21: Added term 1 2 0 -- RMS=0.799180, GCV=1.731096e-10, AIC = -3.274462
  Model addition step  22: Added term 1 2 1 -- RMS=0.739684, GCV=1.483144e-10, AIC = -3.429154
  Model addition step  23: Added term 0 3 1 -- RMS=0.699516, GCV=1.326614e-10, AIC = -3.540790
  Model addition step  24: Added term 3 1 0 -- RMS=0.664358, GCV=1.196774e-10, AIC = -3.643891
  Model addition step  25: Added term 3 0 1 -- RMS=0.605815, GCV=9.952828e-11, AIC = -3.828351
  Model addition step  26: Added term 3 0 0 -- RMS=0.576620, GCV=9.017878e-11, AIC = -3.927100
  Model addition step  27: Added term 1 1 2 -- RMS=0.563640, GCV=8.617645e-11, AIC = -3.972599
Change in error: 0.015342. No more terms added.
   28 polynomial terms were written for termin2
termin3
  RMS fit error of the full model is: 0.700559 mm
  maximum moment arm: 46.909860 mm
  maximum error allowed: 4.690986 mm
  Model addition step   1: Added term 0 0 0 -- RMS=19.260335, GCV=1.002731e-07, AIC = 3.089296
  Model addition step   2: Added term 0 1 0 -- RMS=13.006352, GCV=4.573268e-08, AIC = 2.304109
  Model addition step   3: Added term 0 1 1 -- RMS=11.443130, GCV=3.540496e-08, AIC = 2.048047
  Model addition step   4: Added term 2 0 0 -- RMS=10.334849, GCV=2.888293e-08, AIC = 1.844345
  Model addition step   5: Added term 1 0 3 -- RMS=8.495986, GCV=1.952178e-08, AIC = 1.452523
  Model addition step   6: Added term 0 0 1 -- RMS=7.282104, GCV=1.434380e-08, AIC = 1.144209
  Model addition step   7: Added term 0 0 2 -- RMS=4.777996, GCV=6.175907e-09, AIC = 0.301445
  Model addition step   8: Added term 0 2 0 -- RMS=3.701128, GCV=3.706262e-09, AIC = -0.209288
  Model addition step   9: Added term 2 0 1 -- RMS=3.182164, GCV=2.740134e-09, AIC = -0.511407
  Model addition step  10: Added term 2 0 2 -- RMS=2.935749, GCV=2.332508e-09, AIC = -0.672571
  Model addition step  11: Added term 0 4 0 -- RMS=2.837196, GCV=2.178826e-09, AIC = -0.740830
  Model addition step  12: Added term 1 0 0 -- RMS=2.754160, GCV=2.053436e-09, AIC = -0.800203
  Model addition step  13: Added term 1 2 0 -- RMS=2.455375, GCV=1.632289e-09, AIC = -1.029836
  Model addition step  14: Added term 1 0 1 -- RMS=1.879271, GCV=9.563114e-10, AIC = -1.564592
  Model addition step  15: Added term 1 2 1 -- RMS=1.639537, GCV=7.279836e-10, AIC = -1.837499
  Model addition step  16: Added term 3 0 0 -- RMS=1.521230, GCV=6.267979e-10, AIC = -1.987255
  Model addition step  17: Added term 1 1 0 -- RMS=1.434308, GCV=5.572901e-10, AIC = -2.104894
  Model addition step  18: Added term 2 1 1 -- RMS=1.299156, GCV=4.572757e-10, AIC = -2.302796
  Model addition step  19: Added term 2 2 0 -- RMS=1.148305, GCV=3.572964e-10, AIC = -2.549618
  Model addition step  20: Added term 2 1 0 -- RMS=0.979954, GCV=2.602459e-10, AIC = -2.866658
  Model addition step  21: Added term 0 0 4 -- RMS=0.890600, GCV=2.149795e-10, AIC = -3.057844
  Model addition step  22: Added term 3 0 1 -- RMS=0.784837, GCV=1.669741e-10, AIC = -3.310649
  Model addition step  23: Added term 1 0 2 -- RMS=0.757292, GCV=1.554804e-10, AIC = -3.382070
  Model addition step  24: Added term 0 2 2 -- RMS=0.741970, GCV=1.492729e-10, AIC = -3.422915
Change in error: 0.011990. No more terms added.
   25 polynomial terms were written for termin3
termaj1
  RMS fit error of the full model is: 0.317011 mm
  maximum moment arm: 137.250986 mm
  maximum error allowed: 13.725099 mm
  Model addition step   1: Added term 0 0 1 -- RMS=69.872902, GCV=1.319698e-06, AIC = 5.666556
  Model addition step   2: Added term 0 0 0 -- RMS=50.776962, GCV=6.970262e-07, AIC = 5.028119
  Model addition step   3: Added term 1 0 0 -- RMS=36.839957, GCV=3.669548e-07, AIC = 4.386434
  Model addition step   4: Added term 1 1 0 -- RMS=21.161352, GCV=1.210932e-07, AIC = 3.277654
  Model addition step   5: Added term 0 1 0 -- RMS=16.728007, GCV=7.567984e-08, AIC = 2.807504
  Model addition step   6: Added term 2 0 0 -- RMS=13.983345, GCV=5.288989e-08, AIC = 2.449103
  Model addition step   7: Added term 0 1 1 -- RMS=11.034212, GCV=3.293759e-08, AIC = 1.975404
  Model addition step   8: Added term 1 0 1 -- RMS=6.699418, GCV=1.214345e-08, AIC = 0.977478
  Model addition step   9: Added term 2 0 1 -- RMS=5.681598, GCV=8.735096e-09, AIC = 0.647936
  Model addition step  10: Added term 1 2 0 -- RMS=4.350224, GCV=5.121636e-09, AIC = 0.113959
  Model addition step  11: Added term 2 1 0 -- RMS=3.818297, GCV=3.946239e-09, AIC = -0.146853
  Model addition step  12: Added term 0 2 1 -- RMS=3.382267, GCV=3.096839e-09, AIC = -0.389336
  Model addition step  13: Added term 3 0 0 -- RMS=2.919155, GCV=2.307151e-09, AIC = -0.683806
  Model addition step  14: Added term 1 1 1 -- RMS=2.584043, GCV=1.808088e-09, AIC = -0.927651
  Model addition step  15: Added term 0 3 0 -- RMS=2.428853, GCV=1.597650e-09, AIC = -1.051488
  Model addition step  16: Added term 2 0 2 -- RMS=2.322208, GCV=1.460629e-09, AIC = -1.141256
  Model addition step  17: Added term 1 1 2 -- RMS=2.210067, GCV=1.323146e-09, AIC = -1.240213
  Model addition step  18: Added term 0 0 4 -- RMS=2.109765, GCV=1.205934e-09, AIC = -1.333072
  Model addition step  19: Added term 0 0 2 -- RMS=1.251448, GCV=4.243651e-10, AIC = -2.377589
  Model addition step  20: Added term 0 0 3 -- RMS=0.967192, GCV=2.535116e-10, AIC = -2.892876
  Model addition step  21: Added term 1 0 2 -- RMS=0.893551, GCV=2.164065e-10, AIC = -3.051228
  Model addition step  22: Added term 1 0 3 -- RMS=0.787187, GCV=1.679756e-10, AIC = -3.304669
  Model addition step  23: Added term 1 3 0 -- RMS=0.739259, GCV=1.481639e-10, AIC = -3.430270
  Model addition step  24: Added term 0 1 2 -- RMS=0.685277, GCV=1.273329e-10, AIC = -3.581886
  Model addition step  25: Added term 2 1 1 -- RMS=0.589582, GCV=9.426597e-11, AIC = -3.882673
  Model addition step  26: Added term 3 0 1 -- RMS=0.505754, GCV=6.937512e-11, AIC = -4.189366
  Model addition step  27: Added term 0 2 2 -- RMS=0.438219, GCV=5.209143e-11, AIC = -4.475996
  Model addition step  28: Added term 0 1 3 -- RMS=0.419203, GCV=4.767512e-11, AIC = -4.564688
  Model addition step  29: Added term 0 2 0 -- RMS=0.407201, GCV=4.499048e-11, AIC = -4.622748
  Model addition step  30: Added term 1 2 1 -- RMS=0.375482, GCV=3.825954e-11, AIC = -4.784908
  Model addition step  31: Added term 0 3 1 -- RMS=0.360763, GCV=3.532340e-11, AIC = -4.864857
  Model addition step  32: Added term 2 2 0 -- RMS=0.342377, GCV=3.181900e-11, AIC = -4.969441
  Model addition step  33: Added term 3 1 0 -- RMS=0.323602, GCV=2.842880e-11, AIC = -5.082203
Change in error: 0.018756. No more terms added.
   34 polynomial terms were written for termaj1
termaj2
  RMS fit error of the full model is: 0.427876 mm
  maximum moment arm: 173.070720 mm
  maximum error allowed: 17.307072 mm
  Model addition step   1: Added term 0 0 1 -- RMS=83.344429, GCV=1.877630e-06, AIC = 6.019164
  Model addition step   2: Added term 0 0 0 -- RMS=60.977202, GCV=1.005196e-06, AIC = 5.394234
  Model addition step   3: Added term 1 0 0 -- RMS=44.602934, GCV=5.378996e-07, AIC = 4.768867
  Model addition step   4: Added term 1 1 0 -- RMS=25.550791, GCV=1.765394e-07, AIC = 3.654638
  Model addition step   5: Added term 0 2 0 -- RMS=20.639126, GCV=1.152058e-07, AIC = 3.227712
  Model addition step   6: Added term 2 0 0 -- RMS=16.881705, GCV=7.708734e-08, AIC = 2.825830
  Model addition step   7: Added term 1 0 1 -- RMS=12.737553, GCV=4.389158e-08, AIC = 2.262512
  Model addition step   8: Added term 1 1 1 -- RMS=10.475613, GCV=2.969114e-08, AIC = 1.871537
  Model addition step   9: Added term 0 1 0 -- RMS=9.132402, GCV=2.256819e-08, AIC = 1.597128
  Model addition step  10: Added term 0 1 1 -- RMS=7.475763, GCV=1.512504e-08, AIC = 1.196837
  Model addition step  11: Added term 2 0 1 -- RMS=5.646482, GCV=8.629785e-09, AIC = 0.635603
  Model addition step  12: Added term 0 2 2 -- RMS=4.768760, GCV=6.156215e-09, AIC = 0.297744
  Model addition step  13: Added term 0 0 4 -- RMS=4.065332, GCV=4.474594e-09, AIC = -0.021404
  Model addition step  14: Added term 1 0 2 -- RMS=3.431439, GCV=3.188400e-09, AIC = -0.360401
  Model addition step  15: Added term 1 2 0 -- RMS=3.134500, GCV=2.660821e-09, AIC = -0.541388
  Model addition step  16: Added term 2 2 0 -- RMS=2.826159, GCV=2.163371e-09, AIC = -0.748456
  Model addition step  17: Added term 3 0 0 -- RMS=2.446055, GCV=1.620798e-09, AIC = -1.037306
  Model addition step  18: Added term 2 1 0 -- RMS=2.243367, GCV=1.363503e-09, AIC = -1.210269
  Model addition step  19: Added term 0 3 0 -- RMS=2.020417, GCV=1.106104e-09, AIC = -1.419584
  Model addition step  20: Added term 2 1 1 -- RMS=1.808903, GCV=8.867543e-10, AIC = -1.640717
  Model addition step  21: Added term 1 1 2 -- RMS=1.666783, GCV=7.529906e-10, AIC = -1.804334
  Model addition step  22: Added term 0 2 1 -- RMS=1.427271, GCV=5.522090e-10, AIC = -2.114561
  Model addition step  23: Added term 3 0 1 -- RMS=1.255767, GCV=4.275308e-10, AIC = -2.370563
  Model addition step  24: Added term 0 1 3 -- RMS=1.125805, GCV=3.436640e-10, AIC = -2.589027
  Model addition step  25: Added term 1 2 1 -- RMS=0.978699, GCV=2.597559e-10, AIC = -2.869051
  Model addition step  26: Added term 0 0 2 -- RMS=0.935787, GCV=2.375087e-10, AIC = -2.958690
  Model addition step  27: Added term 0 0 3 -- RMS=0.726503, GCV=1.431724e-10, AIC = -3.464946
  Model addition step  28: Added term 0 1 2 -- RMS=0.608425, GCV=1.004285e-10, AIC = -3.819652
  Model addition step  29: Added term 3 1 0 -- RMS=0.541532, GCV=7.957029e-11, AIC = -4.052558
  Model addition step  30: Added term 0 3 1 -- RMS=0.512350, GCV=7.123507e-11, AIC = -4.163316
  Model addition step  31: Added term 4 0 0 -- RMS=0.485657, GCV=6.401460e-11, AIC = -4.270291
  Model addition step  32: Added term 1 0 3 -- RMS=0.460008, GCV=5.743927e-11, AIC = -4.378776
  Model addition step  33: Added term 1 3 0 -- RMS=0.444294, GCV=5.358932e-11, AIC = -4.448256
  Model addition step  34: Added term 2 0 2 -- RMS=0.429697, GCV=5.013271e-11, AIC = -4.515034
  35 polynomial terms were written for termaj2
termaj3
  RMS fit error of the full model is: 0.342403 mm
  maximum moment arm: 161.197897 mm
  maximum error allowed: 16.119790 mm
  Model addition step   1: Added term 0 0 1 -- RMS=78.915500, GCV=1.683378e-06, AIC = 5.909955
  Model addition step   2: Added term 0 0 0 -- RMS=57.528714, GCV=8.947156e-07, AIC = 5.277802
  Model addition step   3: Added term 1 0 0 -- RMS=36.702532, GCV=3.642222e-07, AIC = 4.378959
  Model addition step   4: Added term 1 1 0 -- RMS=22.401220, GCV=1.356989e-07, AIC = 3.391532
  Model addition step   5: Added term 0 2 0 -- RMS=17.382903, GCV=8.172151e-08, AIC = 2.884309
  Model addition step   6: Added term 1 0 2 -- RMS=15.364560, GCV=6.385438e-08, AIC = 2.637496
  Model addition step   7: Added term 1 1 2 -- RMS=13.078684, GCV=4.627403e-08, AIC = 2.315370
  Model addition step   8: Added term 2 0 0 -- RMS=10.950712, GCV=3.244536e-08, AIC = 1.960246
  Model addition step   9: Added term 3 0 1 -- RMS=10.203092, GCV=2.817022e-08, AIC = 1.818852
  Model addition step  10: Added term 0 0 2 -- RMS=9.678137, GCV=2.534947e-08, AIC = 1.713243
  Model addition step  11: Added term 1 0 1 -- RMS=8.577765, GCV=1.991555e-08, AIC = 1.471885
  Model addition step  12: Added term 1 1 1 -- RMS=7.922890, GCV=1.699300e-08, AIC = 1.313084
  Model addition step  13: Added term 0 1 3 -- RMS=7.408446, GCV=1.485990e-08, AIC = 1.178847
  Model addition step  14: Added term 0 1 0 -- RMS=5.891063, GCV=9.397399e-09, AIC = 0.720512
  Model addition step  15: Added term 0 1 1 -- RMS=4.456396, GCV=5.378318e-09, AIC = 0.162354
  Model addition step  16: Added term 0 2 1 -- RMS=3.507391, GCV=3.332010e-09, AIC = -0.316548
  Model addition step  17: Added term 2 1 0 -- RMS=3.015550, GCV=2.463369e-09, AIC = -0.618695
  Model addition step  18: Added term 1 2 0 -- RMS=2.409996, GCV=1.573577e-09, AIC = -1.066975
  Model addition step  19: Added term 0 0 3 -- RMS=2.012148, GCV=1.097069e-09, AIC = -1.427786
  Model addition step  20: Added term 3 1 0 -- RMS=1.727483, GCV=8.087237e-10, AIC = -1.732828
  Model addition step  21: Added term 2 0 1 -- RMS=1.524847, GCV=6.302082e-10, AIC = -1.982336
  Model addition step  22: Added term 3 0 0 -- RMS=1.205476, GCV=3.939197e-10, AIC = -2.452341
  Model addition step  23: Added term 0 1 2 -- RMS=1.003069, GCV=2.727789e-10, AIC = -2.819928
  Model addition step  24: Added term 1 2 1 -- RMS=0.815361, GCV=1.802634e-10, AIC = -3.234272
  Model addition step  25: Added term 2 1 1 -- RMS=0.584494, GCV=9.264594e-11, AIC = -3.900008
  Model addition step  26: Added term 2 2 0 -- RMS=0.520798, GCV=7.356381e-11, AIC = -4.130741
  Model addition step  27: Added term 0 3 0 -- RMS=0.478533, GCV=6.211664e-11, AIC = -4.299982
  Model addition step  28: Added term 1 0 3 -- RMS=0.436808, GCV=5.176358e-11, AIC = -4.482411
  Model addition step  29: Added term 1 3 0 -- RMS=0.400586, GCV=4.354057e-11, AIC = -4.655506
  Model addition step  30: Added term 0 0 4 -- RMS=0.366116, GCV=3.637462e-11, AIC = -4.835430
  Model addition step  31: Added term 0 3 1 -- RMS=0.346311, GCV=3.255015e-11, AIC = -4.946621
Change in error: 0.003680. No more terms added.
   32 polynomial terms were written for termaj3
termaj4
  RMS fit error of the full model is: 0.188415 mm
  maximum moment arm: 105.901323 mm
  maximum error allowed: 10.590132 mm
  Model addition step   1: Added term 0 0 1 -- RMS=61.970248, GCV=1.038062e-06, AIC = 5.426509
  Model addition step   2: Added term 0 0 0 -- RMS=42.387993, GCV=4.857372e-07, AIC = 4.666964
  Model addition step   3: Added term 1 0 0 -- RMS=30.178365, GCV=2.462441e-07, AIC = 3.987518
  Model addition step   4: Added term 0 1 0 -- RMS=16.092573, GCV=7.002999e-08, AIC = 2.730017
  Model addition step   5: Added term 1 1 0 -- RMS=11.577847, GCV=3.625329e-08, AIC = 2.071522
  Model addition step   6: Added term 0 1 1 -- RMS=9.809348, GCV=2.602740e-08, AIC = 1.740041
  Model addition step   7: Added term 2 0 0 -- RMS=8.344612, GCV=1.883742e-08, AIC = 1.416635
  Model addition step   8: Added term 1 0 1 -- RMS=5.033030, GCV=6.853729e-09, AIC = 0.405481
  Model addition step   9: Added term 1 2 0 -- RMS=4.384649, GCV=5.202311e-09, AIC = 0.129689
  Model addition step  10: Added term 2 0 1 -- RMS=3.631246, GCV=3.568590e-09, AIC = -0.247344
  Model addition step  11: Added term 0 0 2 -- RMS=3.122121, GCV=2.638418e-09, AIC = -0.549437
  Model addition step  12: Added term 0 0 3 -- RMS=2.563731, GCV=1.779294e-09, AIC = -0.943501
  Model addition step  13: Added term 2 1 0 -- RMS=2.208755, GCV=1.320859e-09, AIC = -1.241537
  Model addition step  14: Added term 0 2 1 -- RMS=1.824625, GCV=9.015034e-10, AIC = -1.623612
  Model addition step  15: Added term 3 0 0 -- RMS=1.354481, GCV=4.968494e-10, AIC = -2.219491
  Model addition step  16: Added term 0 3 0 -- RMS=0.984359, GCV=2.624490e-10, AIC = -2.857822
  Model addition step  17: Added term 1 2 1 -- RMS=0.795190, GCV=1.712925e-10, AIC = -3.284608
  Model addition step  18: Added term 2 0 2 -- RMS=0.740318, GCV=1.484882e-10, AIC = -3.427576
  Model addition step  19: Added term 1 1 1 -- RMS=0.686166, GCV=1.275770e-10, AIC = -3.579463
  Model addition step  20: Added term 0 1 3 -- RMS=0.571967, GCV=8.865721e-11, AIC = -3.943508
  Model addition step  21: Added term 2 1 1 -- RMS=0.473028, GCV=6.064639e-11, AIC = -4.323326
  Model addition step  22: Added term 0 3 1 -- RMS=0.414849, GCV=4.665206e-11, AIC = -4.585771
  Model addition step  23: Added term 0 0 4 -- RMS=0.353821, GCV=3.394032e-11, AIC = -4.903986
  Model addition step  24: Added term 3 0 1 -- RMS=0.319049, GCV=2.760091e-11, AIC = -5.110842
  Model addition step  25: Added term 1 0 2 -- RMS=0.243123, GCV=1.602947e-11, AIC = -5.654364
  Model addition step  26: Added term 1 3 0 -- RMS=0.218143, GCV=1.290653e-11, AIC = -5.871161
  Model addition step  27: Added term 0 1 2 -- RMS=0.203647, GCV=1.124966e-11, AIC = -6.008658
  Model addition step  28: Added term 2 2 0 -- RMS=0.192374, GCV=1.004001e-11, AIC = -6.122519
Change in error: 0.008320. No more terms added.
   29 polynomial terms were written for termaj4
supra1
  RMS fit error of the full model is: 0.575062 mm
  maximum moment arm: 62.608397 mm
  maximum error allowed: 6.260840 mm
  Model addition step   1: Added term 0 0 0 -- RMS=32.251134, GCV=2.811557e-07, AIC = 4.120306
  Model addition step   2: Added term 0 0 1 -- RMS=21.120036, GCV=1.205882e-07, AIC = 3.273678
  Model addition step   3: Added term 0 1 0 -- RMS=16.632318, GCV=7.479626e-08, AIC = 2.795963
  Model addition step   4: Added term 1 0 0 -- RMS=12.832020, GCV=4.452696e-08, AIC = 2.277189
  Model addition step   5: Added term 2 0 0 -- RMS=9.544734, GCV=2.463879e-08, AIC = 1.685314
  Model addition step   6: Added term 0 2 0 -- RMS=4.400777, GCV=5.238528e-09, AIC = 0.136931
  Model addition step   7: Added term 0 0 4 -- RMS=3.700839, GCV=3.705183e-09, AIC = -0.209478
  Model addition step   8: Added term 1 0 1 -- RMS=3.294889, GCV=2.937309e-09, AIC = -0.441818
  Model addition step   9: Added term 2 0 1 -- RMS=2.805427, GCV=2.129731e-09, AIC = -0.763418
  Model addition step  10: Added term 0 1 1 -- RMS=2.266241, GCV=1.389944e-09, AIC = -1.190251
  Model addition step  11: Added term 0 4 0 -- RMS=1.737235, GCV=8.168860e-10, AIC = -1.721872
  Model addition step  12: Added term 2 1 0 -- RMS=1.548839, GCV=6.494045e-10, AIC = -1.951417
  Model addition step  13: Added term 1 0 2 -- RMS=1.407318, GCV=5.362237e-10, AIC = -2.143023
  Model addition step  14: Added term 2 0 2 -- RMS=1.209452, GCV=3.960937e-10, AIC = -2.446025
  Model addition step  15: Added term 0 0 3 -- RMS=1.134043, GCV=3.482875e-10, AIC = -2.574749
  Model addition step  16: Added term 0 1 3 -- RMS=1.068048, GCV=3.089723e-10, AIC = -2.694628
  Model addition step  17: Added term 0 2 1 -- RMS=0.979869, GCV=2.600951e-10, AIC = -2.866933
  Model addition step  18: Added term 0 2 2 -- RMS=0.878312, GCV=2.090031e-10, AIC = -3.085733
  Model addition step  19: Added term 0 1 2 -- RMS=0.754774, GCV=1.543647e-10, AIC = -3.388865
  Model addition step  20: Added term 0 0 2 -- RMS=0.694738, GCV=1.308022e-10, AIC = -3.554599
  Model addition step  21: Added term 3 0 1 -- RMS=0.675524, GCV=1.236839e-10, AIC = -3.610658
  Model addition step  22: Added term 1 1 2 -- RMS=0.655351, GCV=1.164230e-10, AIC = -3.671258
Change in error: 0.007299. No more terms added.
   23 polynomial terms were written for supra1
supra2
  RMS fit error of the full model is: 0.546949 mm
  maximum moment arm: 61.489007 mm
  maximum error allowed: 6.148901 mm
  Model addition step   1: Added term 0 0 0 -- RMS=33.355564, GCV=3.007416e-07, AIC = 4.187649
  Model addition step   2: Added term 0 0 1 -- RMS=22.892407, GCV=1.416768e-07, AIC = 3.434844
  Model addition step   3: Added term 0 1 0 -- RMS=16.581338, GCV=7.433845e-08, AIC = 2.789823
  Model addition step   4: Added term 1 0 0 -- RMS=10.145543, GCV=2.783451e-08, AIC = 1.807370
  Model addition step   5: Added term 0 2 0 -- RMS=7.711412, GCV=1.608272e-08, AIC = 1.258738
  Model addition step   6: Added term 2 0 0 -- RMS=4.680730, GCV=5.926218e-09, AIC = 0.260277
  Model addition step   7: Added term 1 0 3 -- RMS=3.668718, GCV=3.641144e-09, AIC = -0.226913
  Model addition step   8: Added term 0 0 3 -- RMS=3.137181, GCV=2.662852e-09, AIC = -0.539914
  Model addition step   9: Added term 0 1 1 -- RMS=2.561914, GCV=1.776052e-09, AIC = -0.945021
  Model addition step  10: Added term 2 0 2 -- RMS=2.168971, GCV=1.273189e-09, AIC = -1.277990
  Model addition step  11: Added term 2 1 0 -- RMS=1.893893, GCV=9.708560e-10, AIC = -1.549193
  Model addition step  12: Added term 1 0 2 -- RMS=1.581677, GCV=6.772336e-10, AIC = -1.909457
  Model addition step  13: Added term 0 4 0 -- RMS=1.295805, GCV=4.546117e-10, AIC = -2.308131
  Model addition step  14: Added term 1 1 0 -- RMS=0.993573, GCV=2.673130e-10, AIC = -2.839256
  Model addition step  15: Added term 0 0 4 -- RMS=0.946574, GCV=2.426542e-10, AIC = -2.936140
  Model addition step  16: Added term 0 1 2 -- RMS=0.849292, GCV=1.953672e-10, AIC = -3.152998
  Model addition step  17: Added term 1 0 1 -- RMS=0.816811, GCV=1.807341e-10, AIC = -3.230954
  Model addition step  18: Added term 1 1 1 -- RMS=0.770073, GCV=1.606641e-10, AIC = -3.348766
  Model addition step  19: Added term 1 1 2 -- RMS=0.742981, GCV=1.495785e-10, AIC = -3.420362
  Model addition step  20: Added term 3 0 1 -- RMS=0.725219, GCV=1.425317e-10, AIC = -3.468720
  Model addition step  21: Added term 2 1 1 -- RMS=0.681738, GCV=1.259700e-10, AIC = -3.592343
Change in error: 0.016107. No more terms added.
   22 polynomial terms were written for supra2
supra3
  RMS fit error of the full model is: 0.092087 mm
  maximum moment arm: 51.371438 mm
  maximum error allowed: 5.137144 mm
  Model addition step   1: Added term 0 0 0 -- RMS=29.527415, GCV=2.356719e-07, AIC = 3.943838
  Model addition step   2: Added term 0 0 1 -- RMS=19.178188, GCV=9.943306e-08, AIC = 3.080781
  Model addition step   3: Added term 1 0 0 -- RMS=14.014349, GCV=5.310314e-08, AIC = 2.453431
  Model addition step   4: Added term 0 1 0 -- RMS=7.151975, GCV=1.383200e-08, AIC = 1.108079
  Model addition step   5: Added term 0 2 0 -- RMS=5.709605, GCV=8.816656e-09, AIC = 0.657635
  Model addition step   6: Added term 1 1 0 -- RMS=3.891011, GCV=4.095203e-09, AIC = -0.109293
  Model addition step   7: Added term 3 0 0 -- RMS=3.184084, GCV=2.742700e-09, AIC = -0.510268
  Model addition step   8: Added term 1 0 1 -- RMS=1.783057, GCV=8.601976e-10, AIC = -1.669905
  Model addition step   9: Added term 2 0 0 -- RMS=1.414329, GCV=5.412868e-10, AIC = -2.133219
  Model addition step  10: Added term 0 1 1 -- RMS=1.156554, GCV=3.620069e-10, AIC = -2.535607
  Model addition step  11: Added term 3 0 1 -- RMS=1.046916, GCV=2.966658e-10, AIC = -2.734765
  Model addition step  12: Added term 0 1 2 -- RMS=0.978621, GCV=2.592580e-10, AIC = -2.869649
  Model addition step  13: Added term 0 1 3 -- RMS=0.875173, GCV=2.073717e-10, AIC = -3.093062
  Model addition step  14: Added term 2 1 1 -- RMS=0.788008, GCV=1.681441e-10, AIC = -3.302855
  Model addition step  15: Added term 1 2 0 -- RMS=0.741352, GCV=1.488429e-10, AIC = -3.424886
  Model addition step  16: Added term 2 0 2 -- RMS=0.710974, GCV=1.369130e-10, AIC = -3.508533
  Model addition step  17: Added term 0 0 4 -- RMS=0.693644, GCV=1.303376e-10, AIC = -3.557853
  Model addition step  18: Added term 0 0 2 -- RMS=0.325044, GCV=2.862458e-11, AIC = -5.073816
  Model addition step  19: Added term 0 2 2 -- RMS=0.263411, GCV=1.880102e-11, AIC = -5.494272
  Model addition step  20: Added term 0 3 1 -- RMS=0.212072, GCV=1.218821e-11, AIC = -5.927816
  Model addition step  21: Added term 1 0 2 -- RMS=0.185611, GCV=9.337729e-12, AIC = -6.194324
  Model addition step  22: Added term 2 2 0 -- RMS=0.153709, GCV=6.404595e-12, AIC = -6.571472
  Model addition step  23: Added term 0 3 0 -- RMS=0.131853, GCV=4.713344e-12, AIC = -6.878192
  Model addition step  24: Added term 1 1 1 -- RMS=0.119751, GCV=3.888334e-12, AIC = -7.070710
  Model addition step  25: Added term 1 3 0 -- RMS=0.113952, GCV=3.521358e-12, AIC = -7.169946
  Model addition step  26: Added term 0 0 3 -- RMS=0.109464, GCV=3.249883e-12, AIC = -7.250275
  Model addition step  27: Added term 1 0 3 -- RMS=0.105786, GCV=3.035575e-12, AIC = -7.318595
  Model addition step  28: Added term 2 0 1 -- RMS=0.103036, GCV=2.880183e-12, AIC = -7.371244
  Model addition step  29: Added term 1 1 2 -- RMS=0.099900, GCV=2.707905e-12, AIC = -7.433024
Change in error: 0.019908. No more terms added.
   30 polynomial terms were written for supra3
supra4
  RMS fit error of the full model is: 0.061677 mm
  maximum moment arm: 51.299839 mm
  maximum error allowed: 5.129984 mm
  Model addition step   1: Added term 0 0 0 -- RMS=29.320401, GCV=2.323790e-07, AIC = 3.929767
  Model addition step   2: Added term 0 0 1 -- RMS=18.809012, GCV=9.564178e-08, AIC = 3.041906
  Model addition step   3: Added term 0 1 0 -- RMS=13.551623, GCV=4.965431e-08, AIC = 2.386280
  Model addition step   4: Added term 1 0 0 -- RMS=7.785195, GCV=1.638974e-08, AIC = 1.277749
  Model addition step   5: Added term 3 1 0 -- RMS=6.417485, GCV=1.113837e-08, AIC = 0.891388
  Model addition step   6: Added term 0 2 0 -- RMS=4.875628, GCV=6.430009e-09, AIC = 0.341867
  Model addition step   7: Added term 2 0 0 -- RMS=4.259656, GCV=4.908606e-09, AIC = 0.071779
  Model addition step   8: Added term 1 0 1 -- RMS=2.535618, GCV=1.739545e-09, AIC = -0.965689
  Model addition step   9: Added term 1 1 2 -- RMS=1.911879, GCV=9.891169e-10, AIC = -1.530356
  Model addition step  10: Added term 1 2 0 -- RMS=1.666669, GCV=7.517687e-10, AIC = -1.804841
  Model addition step  11: Added term 2 0 1 -- RMS=1.391952, GCV=5.244365e-10, AIC = -2.165047
  Model addition step  12: Added term 0 1 1 -- RMS=1.148854, GCV=3.572993e-10, AIC = -2.548899
  Model addition step  13: Added term 1 1 0 -- RMS=1.044653, GCV=2.954649e-10, AIC = -2.739025
  Model addition step  14: Added term 0 0 4 -- RMS=0.957460, GCV=2.482343e-10, AIC = -2.913303
  Model addition step  15: Added term 0 0 2 -- RMS=0.535740, GCV=7.772981e-11, AIC = -4.074539
  Model addition step  16: Added term 3 0 1 -- RMS=0.424331, GCV=4.876941e-11, AIC = -4.540776
  Model addition step  17: Added term 2 2 0 -- RMS=0.381283, GCV=3.938145e-11, AIC = -4.754686
  Model addition step  18: Added term 0 2 2 -- RMS=0.350975, GCV=3.337396e-11, AIC = -4.920306
  Model addition step  19: Added term 0 1 3 -- RMS=0.306234, GCV=2.541087e-11, AIC = -5.193007
  Model addition step  20: Added term 0 3 1 -- RMS=0.227356, GCV=1.400829e-11, AIC = -5.788636
  Model addition step  21: Added term 2 1 0 -- RMS=0.190700, GCV=9.856694e-12, AIC = -6.140236
  Model addition step  22: Added term 0 4 0 -- RMS=0.174152, GCV=8.221461e-12, AIC = -6.321740
  Model addition step  23: Added term 0 1 2 -- RMS=0.162203, GCV=7.132900e-12, AIC = -6.463872
  Model addition step  24: Added term 1 1 1 -- RMS=0.150671, GCV=6.155549e-12, AIC = -6.611337
  Model addition step  25: Added term 2 0 2 -- RMS=0.143129, GCV=5.555481e-12, AIC = -6.714008
  Model addition step  26: Added term 1 0 2 -- RMS=0.126688, GCV=4.353055e-12, AIC = -6.958016
  Model addition step  27: Added term 1 0 3 -- RMS=0.108881, GCV=3.215783e-12, AIC = -7.260925
  Model addition step  28: Added term 3 0 0 -- RMS=0.100029, GCV=2.714515e-12, AIC = -7.430484
  Model addition step  29: Added term 2 1 1 -- RMS=0.077439, GCV=1.627146e-12, AIC = -7.942371
  Model addition step  30: Added term 1 3 0 -- RMS=0.068988, GCV=1.291542e-12, AIC = -8.173464
  Model addition step  31: Added term 0 2 1 -- RMS=0.065015, GCV=1.147226e-12, AIC = -8.292055
  Model addition step  32: Added term 1 2 1 -- RMS=0.062648, GCV=1.065335e-12, AIC = -8.366215
Change in error: 0.014002. No more terms added.
   33 polynomial terms were written for supra4
subscap1
  RMS fit error of the full model is: 0.090628 mm
  maximum moment arm: 44.960360 mm
  maximum error allowed: 4.496036 mm
  Model addition step   1: Added term 0 0 0 -- RMS=24.468892, GCV=1.618399e-07, AIC = 3.568005
  Model addition step   2: Added term 0 1 0 -- RMS=17.619981, GCV=8.393180e-08, AIC = 2.911301
  Model addition step   3: Added term 1 0 0 -- RMS=10.988287, GCV=3.264633e-08, AIC = 1.966927
  Model addition step   4: Added term 0 0 4 -- RMS=8.755891, GCV=2.073165e-08, AIC = 1.512755
  Model addition step   5: Added term 1 1 0 -- RMS=7.317925, GCV=1.448331e-08, AIC = 1.153989
  Model addition step   6: Added term 0 0 1 -- RMS=5.919697, GCV=9.478716e-09, AIC = 0.729940
  Model addition step   7: Added term 0 0 2 -- RMS=4.197319, GCV=4.765990e-09, AIC = 0.042295
  Model addition step   8: Added term 0 2 0 -- RMS=2.964655, GCV=2.378024e-09, AIC = -0.653042
  Model addition step   9: Added term 1 0 1 -- RMS=2.373521, GCV=1.524448e-09, AIC = -1.097781
  Model addition step  10: Added term 0 1 3 -- RMS=1.795455, GCV=8.724375e-10, AIC = -1.655979
  Model addition step  11: Added term 0 3 0 -- RMS=1.516435, GCV=6.224318e-10, AIC = -1.993738
  Model addition step  12: Added term 1 2 0 -- RMS=1.251220, GCV=4.238090e-10, AIC = -2.378190
  Model addition step  13: Added term 1 0 3 -- RMS=1.069412, GCV=3.096364e-10, AIC = -2.692176
  Model addition step  14: Added term 2 1 1 -- RMS=0.889663, GCV=2.143243e-10, AIC = -3.060185
  Model addition step  15: Added term 2 0 0 -- RMS=0.658510, GCV=1.174367e-10, AIC = -3.661878
  Model addition step  16: Added term 3 1 0 -- RMS=0.582415, GCV=9.187630e-11, AIC = -3.907436
  Model addition step  17: Added term 2 2 0 -- RMS=0.535645, GCV=7.772327e-11, AIC = -4.074826
  Model addition step  18: Added term 0 1 1 -- RMS=0.483868, GCV=6.343207e-11, AIC = -4.278112
  Model addition step  19: Added term 0 2 2 -- RMS=0.422104, GCV=4.827830e-11, AIC = -4.551201
  Model addition step  20: Added term 3 0 1 -- RMS=0.357327, GCV=3.460235e-11, AIC = -4.884364
  Model addition step  21: Added term 2 1 0 -- RMS=0.315623, GCV=2.700026e-11, AIC = -5.132540
  Model addition step  22: Added term 0 1 2 -- RMS=0.281422, GCV=2.146868e-11, AIC = -5.361893
  Model addition step  23: Added term 0 0 3 -- RMS=0.205119, GCV=1.140678e-11, AIC = -5.994382
  Model addition step  24: Added term 1 1 1 -- RMS=0.187335, GCV=9.515826e-12, AIC = -6.175735
  Model addition step  25: Added term 0 2 1 -- RMS=0.169391, GCV=7.781243e-12, AIC = -6.377077
  Model addition step  26: Added term 0 4 0 -- RMS=0.140127, GCV=5.325573e-12, AIC = -6.756374
  Model addition step  27: Added term 1 0 2 -- RMS=0.126814, GCV=4.362334e-12, AIC = -6.955989
  Model addition step  28: Added term 1 3 0 -- RMS=0.115667, GCV=3.629634e-12, AIC = -7.139966
  Model addition step  29: Added term 2 0 2 -- RMS=0.107403, GCV=3.129935e-12, AIC = -7.288187
  Model addition step  30: Added term 0 3 1 -- RMS=0.102328, GCV=2.841517e-12, AIC = -7.384963
  Model addition step  31: Added term 3 0 0 -- RMS=0.097586, GCV=2.584629e-12, AIC = -7.479821
  Model addition step  32: Added term 4 0 0 -- RMS=0.093718, GCV=2.384079e-12, AIC = -7.560691
  Model addition step  33: Added term 1 2 1 -- RMS=0.091064, GCV=2.251300e-12, AIC = -7.618098
Change in error: 0.004724. No more terms added.
   34 polynomial terms were written for subscap1
subscap2
  RMS fit error of the full model is: 0.058161 mm
  maximum moment arm: 46.876061 mm
  maximum error allowed: 4.687606 mm
  Model addition step   1: Added term 0 0 0 -- RMS=20.426521, GCV=1.127836e-07, AIC = 3.206868
  Model addition step   2: Added term 0 0 2 -- RMS=17.481996, GCV=8.262238e-08, AIC = 2.895577
  Model addition step   3: Added term 1 0 0 -- RMS=14.103828, GCV=5.378341e-08, AIC = 2.466160
  Model addition step   4: Added term 0 1 0 -- RMS=10.014474, GCV=2.711998e-08, AIC = 1.781364
  Model addition step   5: Added term 1 1 0 -- RMS=7.010470, GCV=1.329187e-08, AIC = 1.068145
  Model addition step   6: Added term 0 2 0 -- RMS=3.958906, GCV=4.239365e-09, AIC = -0.074696
  Model addition step   7: Added term 0 0 1 -- RMS=2.998640, GCV=2.432528e-09, AIC = -0.630279
  Model addition step   8: Added term 2 0 0 -- RMS=2.193996, GCV=1.302386e-09, AIC = -1.255114
  Model addition step   9: Added term 0 1 2 -- RMS=1.674252, GCV=7.585225e-10, AIC = -1.795796
  Model addition step  10: Added term 1 0 1 -- RMS=1.402505, GCV=5.323461e-10, AIC = -2.149976
  Model addition step  11: Added term 0 3 0 -- RMS=1.146958, GCV=3.560733e-10, AIC = -2.552235
  Model addition step  12: Added term 3 1 0 -- RMS=0.916996, GCV=2.276343e-10, AIC = -2.999733
  Model addition step  13: Added term 1 2 0 -- RMS=0.674394, GCV=1.231371e-10, AIC = -3.614276
  Model addition step  14: Added term 1 0 2 -- RMS=0.462701, GCV=5.797239e-11, AIC = -4.367709
  Model addition step  15: Added term 2 1 0 -- RMS=0.416314, GCV=4.693763e-11, AIC = -4.578958
  Model addition step  16: Added term 3 0 0 -- RMS=0.307552, GCV=2.561970e-11, AIC = -5.184517
  Model addition step  17: Added term 0 1 1 -- RMS=0.248702, GCV=1.675538e-11, AIC = -5.609261
  Model addition step  18: Added term 0 0 4 -- RMS=0.196398, GCV=1.045028e-11, AIC = -6.081453
  Model addition step  19: Added term 1 1 2 -- RMS=0.178978, GCV=8.679909e-12, AIC = -6.267172
  Model addition step  20: Added term 0 0 3 -- RMS=0.154917, GCV=6.503879e-12, AIC = -6.555886
  Model addition step  21: Added term 2 0 1 -- RMS=0.131503, GCV=4.687095e-12, AIC = -6.883574
  Model addition step  22: Added term 1 3 0 -- RMS=0.116154, GCV=3.657300e-12, AIC = -7.131763
  Model addition step  23: Added term 0 3 1 -- RMS=0.101865, GCV=2.813174e-12, AIC = -7.394276
  Model addition step  24: Added term 2 2 0 -- RMS=0.092891, GCV=2.339663e-12, AIC = -7.578685
  Model addition step  25: Added term 1 0 3 -- RMS=0.087015, GCV=2.053295e-12, AIC = -7.709347
  Model addition step  26: Added term 4 0 0 -- RMS=0.082612, GCV=1.851022e-12, AIC = -7.813156
Change in error: 0.017656. No more terms added.
   27 polynomial terms were written for subscap2
subscap3
  RMS fit error of the full model is: 0.032455 mm
  maximum moment arm: 41.606227 mm
  maximum error allowed: 4.160623 mm
  Model addition step   1: Added term 0 0 0 -- RMS=24.645722, GCV=1.641875e-07, AIC = 3.582407
  Model addition step   2: Added term 0 1 0 -- RMS=17.336545, GCV=8.125325e-08, AIC = 2.878867
  Model addition step   3: Added term 1 0 1 -- RMS=10.258452, GCV=2.845365e-08, AIC = 1.829471
  Model addition step   4: Added term 0 0 1 -- RMS=6.583388, GCV=1.172012e-08, AIC = 0.942401
  Model addition step   5: Added term 0 0 2 -- RMS=4.213714, GCV=4.801997e-09, AIC = 0.050024
  Model addition step   6: Added term 1 0 0 -- RMS=3.262787, GCV=2.879572e-09, AIC = -0.461467
  Model addition step   7: Added term 1 1 0 -- RMS=1.514418, GCV=6.204417e-10, AIC = -1.996534
  Model addition step   8: Added term 0 3 0 -- RMS=1.226621, GCV=4.070886e-10, AIC = -2.418036
  Model addition step   9: Added term 0 0 4 -- RMS=1.065487, GCV=3.072014e-10, AIC = -2.699665
  Model addition step  10: Added term 0 1 3 -- RMS=0.962748, GCV=2.508479e-10, AIC = -2.902423
  Model addition step  11: Added term 1 2 0 -- RMS=0.850589, GCV=1.958317e-10, AIC = -3.150116
  Model addition step  12: Added term 2 1 1 -- RMS=0.768646, GCV=1.599394e-10, AIC = -3.352678
  Model addition step  13: Added term 2 0 0 -- RMS=0.604897, GCV=9.906605e-11, AIC = -3.831788
  Model addition step  14: Added term 0 1 1 -- RMS=0.451945, GCV=5.530855e-11, AIC = -4.414749
  Model addition step  15: Added term 1 0 3 -- RMS=0.379531, GCV=3.900969e-11, AIC = -4.763967
  Model addition step  16: Added term 4 0 0 -- RMS=0.337323, GCV=3.081977e-11, AIC = -4.999723
  Model addition step  17: Added term 2 2 0 -- RMS=0.286200, GCV=2.218888e-11, AIC = -5.328389
  Model addition step  18: Added term 2 0 2 -- RMS=0.273560, GCV=2.027496e-11, AIC = -5.418695
  Model addition step  19: Added term 1 1 1 -- RMS=0.263019, GCV=1.874514e-11, AIC = -5.497249
  Model addition step  20: Added term 0 2 2 -- RMS=0.242462, GCV=1.593158e-11, AIC = -5.659982
  Model addition step  21: Added term 0 2 0 -- RMS=0.160611, GCV=6.991677e-12, AIC = -6.483666
  Model addition step  22: Added term 2 1 0 -- RMS=0.145305, GCV=5.723385e-12, AIC = -6.683928
  Model addition step  23: Added term 0 0 3 -- RMS=0.130558, GCV=4.621218e-12, AIC = -6.897931
  Model addition step  24: Added term 1 0 2 -- RMS=0.119284, GCV=3.858089e-12, AIC = -7.078519
  Model addition step  25: Added term 0 3 1 -- RMS=0.109689, GCV=3.262827e-12, AIC = -7.246199
  Model addition step  26: Added term 0 4 0 -- RMS=0.099097, GCV=2.663463e-12, AIC = -7.449267
  Model addition step  27: Added term 0 1 2 -- RMS=0.074274, GCV=1.496419e-12, AIC = -8.025921
  Model addition step  28: Added term 3 0 0 -- RMS=0.059279, GCV=9.533201e-13, AIC = -8.476902
  Model addition step  29: Added term 1 3 0 -- RMS=0.051445, GCV=7.181009e-13, AIC = -8.760344
  Model addition step  30: Added term 1 2 1 -- RMS=0.043758, GCV=5.196035e-13, AIC = -9.083990
  Model addition step  31: Added term 3 1 0 -- RMS=0.036361, GCV=3.588342e-13, AIC = -9.454297
  Model addition step  32: Added term 2 0 1 -- RMS=0.035297, GCV=3.381835e-13, AIC = -9.513671
  Model addition step  33: Added term 3 0 1 -- RMS=0.034244, GCV=3.183527e-13, AIC = -9.574201
  Model addition step  34: Added term 1 1 2 -- RMS=0.032532, GCV=2.873513e-13, AIC = -9.676757
  35 polynomial terms were written for subscap3
subscap4
  RMS fit error of the full model is: 0.197161 mm
  maximum moment arm: 51.056043 mm
  maximum error allowed: 5.105604 mm
  Model addition step   1: Added term 0 0 0 -- RMS=29.156549, GCV=2.297890e-07, AIC = 3.918559
  Model addition step   2: Added term 0 1 0 -- RMS=19.148671, GCV=9.912722e-08, AIC = 3.077700
  Model addition step   3: Added term 1 0 2 -- RMS=10.392952, GCV=2.920466e-08, AIC = 1.855523
  Model addition step   4: Added term 0 0 1 -- RMS=6.416130, GCV=1.113216e-08, AIC = 0.890932
  Model addition step   5: Added term 2 0 0 -- RMS=5.225113, GCV=7.383855e-09, AIC = 0.480288
  Model addition step   6: Added term 1 1 0 -- RMS=3.812459, GCV=3.931523e-09, AIC = -0.150082
  Model addition step   7: Added term 1 0 1 -- RMS=2.789256, GCV=2.104680e-09, AIC = -0.775047
  Model addition step   8: Added term 1 0 0 -- RMS=1.601726, GCV=6.941353e-10, AIC = -1.884400
  Model addition step   9: Added term 0 2 0 -- RMS=1.250669, GCV=4.232640e-10, AIC = -2.379173
  Model addition step  10: Added term 0 1 3 -- RMS=1.097848, GCV=3.261892e-10, AIC = -2.639793
  Model addition step  11: Added term 0 2 1 -- RMS=0.935681, GCV=2.369736e-10, AIC = -2.959423
  Model addition step  12: Added term 1 2 0 -- RMS=0.814360, GCV=1.795296e-10, AIC = -3.237133
  Model addition step  13: Added term 2 1 0 -- RMS=0.696684, GCV=1.314116e-10, AIC = -3.549240
  Model addition step  14: Added term 0 0 2 -- RMS=0.596704, GCV=9.641354e-11, AIC = -3.859029
  Model addition step  15: Added term 0 3 0 -- RMS=0.517574, GCV=7.254767e-11, AIC = -4.143534
  Model addition step  16: Added term 1 3 0 -- RMS=0.439435, GCV=5.230298e-11, AIC = -4.470826
  Model addition step  17: Added term 0 1 1 -- RMS=0.384054, GCV=3.995582e-11, AIC = -4.740206
  Model addition step  18: Added term 3 1 0 -- RMS=0.371332, GCV=3.735773e-11, AIC = -4.807542
  Model addition step  19: Added term 2 0 1 -- RMS=0.355341, GCV=3.421414e-11, AIC = -4.895545
  Model addition step  20: Added term 0 0 4 -- RMS=0.345364, GCV=3.232408e-11, AIC = -4.952473
  Model addition step  21: Added term 0 1 2 -- RMS=0.326635, GCV=2.891732e-11, AIC = -5.063946
  Model addition step  22: Added term 2 1 1 -- RMS=0.312583, GCV=2.648628e-11, AIC = -5.151861
  Model addition step  23: Added term 2 2 0 -- RMS=0.296844, GCV=2.388944e-11, AIC = -5.255153
  Model addition step  24: Added term 1 1 1 -- RMS=0.277641, GCV=2.090134e-11, AIC = -5.388878
  Model addition step  25: Added term 3 0 1 -- RMS=0.263846, GCV=1.887855e-11, AIC = -5.490767
  Model addition step  26: Added term 0 4 0 -- RMS=0.254914, GCV=1.762439e-11, AIC = -5.559611
  Model addition step  27: Added term 1 2 1 -- RMS=0.244499, GCV=1.621585e-11, AIC = -5.643007
  Model addition step  28: Added term 1 1 2 -- RMS=0.214103, GCV=1.243622e-11, AIC = -5.908484
  Model addition step  29: Added term 1 0 3 -- RMS=0.204175, GCV=1.131111e-11, AIC = -6.003414
Change in error: 0.015014. No more terms added.
   30 polynomial terms were written for subscap4
subscap5
  RMS fit error of the full model is: 0.228286 mm
  maximum moment arm: 50.576166 mm
  maximum error allowed: 5.057617 mm
  Model addition step   1: Added term 0 0 0 -- RMS=28.635293, GCV=2.216462e-07, AIC = 3.882480
  Model addition step   2: Added term 0 1 0 -- RMS=19.504435, GCV=1.028448e-07, AIC = 3.114518
  Model addition step   3: Added term 1 0 3 -- RMS=13.778233, GCV=5.132884e-08, AIC = 2.419448
  Model addition step   4: Added term 0 0 1 -- RMS=9.718998, GCV=2.554325e-08, AIC = 1.721467
  Model addition step   5: Added term 1 1 0 -- RMS=7.713066, GCV=1.608962e-08, AIC = 1.259167
  Model addition step   6: Added term 2 0 1 -- RMS=5.374405, GCV=7.812882e-09, AIC = 0.536665
  Model addition step   7: Added term 1 0 0 -- RMS=4.949548, GCV=6.627355e-09, AIC = 0.371995
  Model addition step   8: Added term 1 0 1 -- RMS=3.358020, GCV=3.050946e-09, AIC = -0.403860
  Model addition step   9: Added term 2 0 0 -- RMS=2.334037, GCV=1.474152e-09, AIC = -1.131331
  Model addition step  10: Added term 0 0 2 -- RMS=1.742880, GCV=8.220916e-10, AIC = -1.715418
  Model addition step  11: Added term 0 2 1 -- RMS=1.405368, GCV=5.345945e-10, AIC = -2.145863
  Model addition step  12: Added term 1 1 1 -- RMS=1.005582, GCV=2.737395e-10, AIC = -2.815296
  Model addition step  13: Added term 2 1 0 -- RMS=0.916734, GCV=2.275348e-10, AIC = -3.000271
  Model addition step  14: Added term 1 2 1 -- RMS=0.776526, GCV=1.632797e-10, AIC = -3.332211
  Model addition step  15: Added term 0 4 0 -- RMS=0.687387, GCV=1.279622e-10, AIC = -3.576042
  Model addition step  16: Added term 0 1 2 -- RMS=0.651308, GCV=1.148974e-10, AIC = -3.683839
  Model addition step  17: Added term 1 1 2 -- RMS=0.579462, GCV=9.095930e-11, AIC = -3.917568
  Model addition step  18: Added term 0 2 0 -- RMS=0.532528, GCV=7.683170e-11, AIC = -4.086465
  Model addition step  19: Added term 1 3 0 -- RMS=0.479421, GCV=6.227992e-11, AIC = -4.296544
  Model addition step  20: Added term 3 0 0 -- RMS=0.424740, GCV=4.888999e-11, AIC = -4.538712
  Model addition step  21: Added term 1 0 2 -- RMS=0.388917, GCV=4.099627e-11, AIC = -4.714905
  Model addition step  22: Added term 0 0 3 -- RMS=0.342944, GCV=3.188130e-11, AIC = -4.966469
  Model addition step  23: Added term 2 2 0 -- RMS=0.311522, GCV=2.631032e-11, AIC = -5.158628
  Model addition step  24: Added term 2 1 1 -- RMS=0.254431, GCV=1.755291e-11, AIC = -5.563471
  Model addition step  25: Added term 0 3 0 -- RMS=0.247628, GCV=1.662897e-11, AIC = -5.617646
Change in error: 0.010862. No more terms added.
   26 polynomial terms were written for subscap5
subscap6
  RMS fit error of the full model is: 0.381263 mm
  maximum moment arm: 55.416063 mm
  maximum error allowed: 5.541606 mm
  Model addition step   1: Added term 0 0 0 -- RMS=28.718705, GCV=2.229393e-07, AIC = 3.888297
  Model addition step   2: Added term 0 1 0 -- RMS=16.430215, GCV=7.297971e-08, AIC = 2.771478
  Model addition step   3: Added term 0 0 2 -- RMS=13.969951, GCV=5.276721e-08, AIC = 2.447085
  Model addition step   4: Added term 1 1 0 -- RMS=12.001315, GCV=3.894850e-08, AIC = 2.143334
  Model addition step   5: Added term 1 1 1 -- RMS=9.531937, GCV=2.457277e-08, AIC = 1.682631
  Model addition step   6: Added term 2 0 2 -- RMS=8.726694, GCV=2.059918e-08, AIC = 1.506142
  Model addition step   7: Added term 1 0 0 -- RMS=6.012820, GCV=9.780602e-09, AIC = 0.761190
  Model addition step   8: Added term 1 0 1 -- RMS=3.767711, GCV=3.840813e-09, AIC = -0.173628
  Model addition step   9: Added term 2 0 0 -- RMS=2.647230, GCV=1.896312e-09, AIC = -0.879502
  Model addition step  10: Added term 0 3 1 -- RMS=1.581467, GCV=6.768706e-10, AIC = -1.909790
  Model addition step  11: Added term 0 2 0 -- RMS=1.338669, GCV=4.850543e-10, AIC = -2.243111
  Model addition step  12: Added term 0 1 1 -- RMS=1.232943, GCV=4.115180e-10, AIC = -2.407620
  Model addition step  13: Added term 0 0 3 -- RMS=1.056580, GCV=3.022500e-10, AIC = -2.716320
  Model addition step  14: Added term 2 1 0 -- RMS=0.989048, GCV=2.648837e-10, AIC = -2.848385
  Model addition step  15: Added term 3 0 0 -- RMS=0.928903, GCV=2.336791e-10, AIC = -2.973829
  Model addition step  16: Added term 0 1 3 -- RMS=0.886328, GCV=2.127780e-10, AIC = -3.067630
  Model addition step  17: Added term 0 0 1 -- RMS=0.804000, GCV=1.751090e-10, AIC = -3.262572
  Model addition step  18: Added term 1 0 2 -- RMS=0.750911, GCV=1.527681e-10, AIC = -3.399161
  Model addition step  19: Added term 0 3 0 -- RMS=0.702923, GCV=1.338841e-10, AIC = -3.531209
  Model addition step  20: Added term 1 2 1 -- RMS=0.680084, GCV=1.253424e-10, AIC = -3.597236
  Model addition step  21: Added term 1 2 0 -- RMS=0.573370, GCV=8.910476e-11, AIC = -3.938574
  Model addition step  22: Added term 1 3 0 -- RMS=0.538441, GCV=7.858988e-11, AIC = -4.064245
  Model addition step  23: Added term 0 1 2 -- RMS=0.507984, GCV=6.995993e-11, AIC = -4.180667
  Model addition step  24: Added term 0 4 0 -- RMS=0.465418, GCV=5.873473e-11, AIC = -4.355660
  Model addition step  25: Added term 1 1 2 -- RMS=0.428227, GCV=4.972966e-11, AIC = -4.522191
  Model addition step  26: Added term 2 2 0 -- RMS=0.402771, GCV=4.399894e-11, AIC = -4.644729
  Model addition step  27: Added term 0 2 2 -- RMS=0.390841, GCV=4.143666e-11, AIC = -4.704830
Change in error: 0.011994. No more terms added.
   28 polynomial terms were written for subscap6
subscap7
  RMS fit error of the full model is: 0.235492 mm
  maximum moment arm: 51.891418 mm
  maximum error allowed: 5.189142 mm
  Model addition step   1: Added term 0 0 0 -- RMS=28.385410, GCV=2.177947e-07, AIC = 3.864951
  Model addition step   2: Added term 0 1 0 -- RMS=17.065447, GCV=7.873195e-08, AIC = 2.847345
  Model addition step   3: Added term 1 0 0 -- RMS=12.346202, GCV=4.121365e-08, AIC = 2.199965
  Model addition step   4: Added term 1 0 1 -- RMS=5.288692, GCV=7.563618e-09, AIC = 0.504443
  Model addition step   5: Added term 0 1 1 -- RMS=3.656931, GCV=3.616806e-09, AIC = -0.233417
  Model addition step   6: Added term 2 0 0 -- RMS=2.169811, GCV=1.273487e-09, AIC = -1.277351
  Model addition step   7: Added term 0 3 1 -- RMS=1.819576, GCV=8.956728e-10, AIC = -1.629391
  Model addition step   8: Added term 0 0 2 -- RMS=1.436469, GCV=5.582906e-10, AIC = -2.102188
  Model addition step   9: Added term 0 2 0 -- RMS=1.269345, GCV=4.359994e-10, AIC = -2.349528
  Model addition step  10: Added term 0 1 2 -- RMS=1.112080, GCV=3.347012e-10, AIC = -2.614032
  Model addition step  11: Added term 1 0 2 -- RMS=0.744979, GCV=1.502214e-10, AIC = -3.415261
  Model addition step  12: Added term 3 0 0 -- RMS=0.584535, GCV=9.249613e-11, AIC = -3.900306
  Model addition step  13: Added term 2 1 0 -- RMS=0.537413, GCV=7.819487e-11, AIC = -4.068371
  Model addition step  14: Added term 1 1 1 -- RMS=0.500380, GCV=6.779848e-11, AIC = -4.211136
  Model addition step  15: Added term 2 1 1 -- RMS=0.476486, GCV=6.148651e-11, AIC = -4.308960
  Model addition step  16: Added term 0 0 1 -- RMS=0.457584, GCV=5.671270e-11, AIC = -4.389881
  Model addition step  17: Added term 0 4 0 -- RMS=0.441971, GCV=5.291563e-11, AIC = -4.459282
  Model addition step  18: Added term 0 3 0 -- RMS=0.408124, GCV=4.512732e-11, AIC = -4.618594
Change in error: 0.018123. No more terms added.
   19 polynomial terms were written for subscap7
subscap8
  RMS fit error of the full model is: 0.273938 mm
  maximum moment arm: 52.050454 mm
  maximum error allowed: 5.205045 mm
  Model addition step   1: Added term 0 0 0 -- RMS=28.067613, GCV=2.129452e-07, AIC = 3.842433
  Model addition step   2: Added term 0 1 0 -- RMS=16.211601, GCV=7.105056e-08, AIC = 2.744688
  Model addition step   3: Added term 1 0 0 -- RMS=12.777756, GCV=4.414521e-08, AIC = 2.268679
  Model addition step   4: Added term 1 0 1 -- RMS=5.133027, GCV=7.124922e-09, AIC = 0.444692
  Model addition step   5: Added term 0 3 1 -- RMS=3.940858, GCV=4.200232e-09, AIC = -0.083868
  Model addition step   6: Added term 2 0 0 -- RMS=2.288403, GCV=1.416496e-09, AIC = -1.170923
  Model addition step   7: Added term 0 0 2 -- RMS=1.904512, GCV=9.812426e-10, AIC = -1.538146
  Model addition step   8: Added term 0 1 1 -- RMS=1.450010, GCV=5.688658e-10, AIC = -2.083423
  Model addition step   9: Added term 0 2 0 -- RMS=1.318332, GCV=4.703014e-10, AIC = -2.273795
  Model addition step  10: Added term 0 1 2 -- RMS=1.156030, GCV=3.616790e-10, AIC = -2.536513
  Model addition step  11: Added term 1 0 2 -- RMS=0.840799, GCV=1.913499e-10, AIC = -3.173268
  Model addition step  12: Added term 3 0 0 -- RMS=0.722331, GCV=1.412457e-10, AIC = -3.476972
  Model addition step  13: Added term 2 1 0 -- RMS=0.655018, GCV=1.161629e-10, AIC = -3.672581
  Model addition step  14: Added term 0 0 1 -- RMS=0.617606, GCV=1.032865e-10, AIC = -3.790169
  Model addition step  15: Added term 0 3 0 -- RMS=0.582909, GCV=9.201978e-11, AIC = -3.905774
  Model addition step  16: Added term 1 1 1 -- RMS=0.558713, GCV=8.455039e-11, AIC = -3.990531
  Model addition step  17: Added term 2 1 1 -- RMS=0.527763, GCV=7.545256e-11, AIC = -4.104476
  Model addition step  18: Added term 1 2 0 -- RMS=0.492363, GCV=6.567897e-11, AIC = -4.243303
  Model addition step  19: Added term 0 4 0 -- RMS=0.474035, GCV=6.088855e-11, AIC = -4.319138
  Model addition step  20: Added term 1 1 0 -- RMS=0.453704, GCV=5.578497e-11, AIC = -4.406781
  Model addition step  21: Added term 1 2 1 -- RMS=0.390222, GCV=4.127194e-11, AIC = -4.708204
  Model addition step  22: Added term 1 3 0 -- RMS=0.324345, GCV=2.851708e-11, AIC = -5.077985
  Model addition step  23: Added term 3 0 1 -- RMS=0.308692, GCV=2.583447e-11, AIC = -5.176880
  Model addition step  24: Added term 1 1 2 -- RMS=0.299287, GCV=2.428748e-11, AIC = -5.238730
  Model addition step  25: Added term 0 2 1 -- RMS=0.283212, GCV=2.175161e-11, AIC = -5.349105
Change in error: 0.016086. No more terms added.
   26 polynomial terms were written for subscap8
subscap9
  RMS fit error of the full model is: 0.135522 mm
  maximum moment arm: 47.796607 mm
  maximum error allowed: 4.779661 mm
  Model addition step   1: Added term 0 0 0 -- RMS=27.213789, GCV=2.001866e-07, AIC = 3.780648
  Model addition step   2: Added term 0 1 0 -- RMS=17.654933, GCV=8.426511e-08, AIC = 2.915264
  Model addition step   3: Added term 1 0 0 -- RMS=10.196200, GCV=2.810936e-08, AIC = 1.817298
  Model addition step   4: Added term 0 0 2 -- RMS=8.335701, GCV=1.878959e-08, AIC = 1.414397
  Model addition step   5: Added term 1 0 1 -- RMS=4.186210, GCV=4.739513e-09, AIC = 0.036927
  Model addition step   6: Added term 0 1 1 -- RMS=2.762190, GCV=2.063753e-09, AIC = -0.794583
  Model addition step   7: Added term 3 0 0 -- RMS=2.085562, GCV=1.176672e-09, AIC = -1.356520
  Model addition step   8: Added term 1 1 0 -- RMS=1.649864, GCV=7.364853e-10, AIC = -1.825178
  Model addition step   9: Added term 0 0 3 -- RMS=1.256562, GCV=4.272622e-10, AIC = -2.369771
  Model addition step  10: Added term 1 0 2 -- RMS=1.080542, GCV=3.159869e-10, AIC = -2.671569
  Model addition step  11: Added term 0 3 1 -- RMS=0.914243, GCV=2.262390e-10, AIC = -3.005780
  Model addition step  12: Added term 2 0 0 -- RMS=0.736220, GCV=1.467298e-10, AIC = -3.438880
  Model addition step  13: Added term 0 1 3 -- RMS=0.691655, GCV=1.295210e-10, AIC = -3.563732
  Model addition step  14: Added term 0 0 1 -- RMS=0.579676, GCV=9.098936e-11, AIC = -3.916933
  Model addition step  15: Added term 0 1 2 -- RMS=0.486274, GCV=6.403859e-11, AIC = -4.268292
  Model addition step  16: Added term 0 2 0 -- RMS=0.423485, GCV=4.857518e-11, AIC = -4.544766
  Model addition step  17: Added term 2 2 0 -- RMS=0.368009, GCV=3.668703e-11, AIC = -4.825557
  Model addition step  18: Added term 0 4 0 -- RMS=0.331359, GCV=2.974767e-11, AIC = -5.035331
  Model addition step  19: Added term 0 2 2 -- RMS=0.279325, GCV=2.114132e-11, AIC = -5.376954
  Model addition step  20: Added term 1 1 1 -- RMS=0.260499, GCV=1.839015e-11, AIC = -5.516470
  Model addition step  21: Added term 2 1 1 -- RMS=0.243055, GCV=1.601179e-11, AIC = -5.655061
  Model addition step  22: Added term 1 3 0 -- RMS=0.228572, GCV=1.416237e-11, AIC = -5.777899
  Model addition step  23: Added term 1 2 0 -- RMS=0.169231, GCV=7.764434e-12, AIC = -6.379036
  Model addition step  24: Added term 0 3 0 -- RMS=0.158828, GCV=6.840120e-12, AIC = -6.505886
  Model addition step  25: Added term 3 0 1 -- RMS=0.152918, GCV=6.341391e-12, AIC = -6.581695
  Model addition step  26: Added term 2 0 1 -- RMS=0.148964, GCV=6.018490e-12, AIC = -6.634058
  Model addition step  27: Added term 3 1 0 -- RMS=0.145860, GCV=5.771062e-12, AIC = -6.676140
Change in error: 0.010886. No more terms added.
   28 polynomial terms were written for subscap9
subscap10
  RMS fit error of the full model is: 0.189007 mm
  maximum moment arm: 43.350003 mm
  maximum error allowed: 4.335000 mm
  Model addition step   1: Added term 0 0 0 -- RMS=27.756392, GCV=2.082490e-07, AIC = 3.820132
  Model addition step   2: Added term 0 1 0 -- RMS=21.783747, GCV=1.282865e-07, AIC = 3.335562
  Model addition step   3: Added term 0 0 1 -- RMS=14.867669, GCV=5.976682e-08, AIC = 2.571646
  Model addition step   4: Added term 1 0 0 -- RMS=4.503302, GCV=5.483972e-09, AIC = 0.182923
  Model addition step   5: Added term 1 1 1 -- RMS=3.621282, GCV=3.546634e-09, AIC = -0.253009
  Model addition step   6: Added term 1 0 1 -- RMS=3.204496, GCV=2.777601e-09, AIC = -0.497521
  Model addition step   7: Added term 0 0 2 -- RMS=2.570959, GCV=1.788131e-09, AIC = -0.938039
  Model addition step   8: Added term 1 1 0 -- RMS=1.681307, GCV=7.648247e-10, AIC = -1.787421
  Model addition step   9: Added term 0 1 1 -- RMS=1.121219, GCV=3.401790e-10, AIC = -2.597697
  Model addition step  10: Added term 0 2 0 -- RMS=0.987586, GCV=2.639583e-10, AIC = -2.851479
  Model addition step  11: Added term 2 2 0 -- RMS=0.905213, GCV=2.217917e-10, AIC = -3.025633
  Model addition step  12: Added term 1 2 0 -- RMS=0.829685, GCV=1.863499e-10, AIC = -3.199847
  Model addition step  13: Added term 3 1 0 -- RMS=0.748912, GCV=1.518531e-10, AIC = -3.404661
  Model addition step  14: Added term 1 2 1 -- RMS=0.687530, GCV=1.279982e-10, AIC = -3.575660
  Model addition step  15: Added term 0 0 3 -- RMS=0.619782, GCV=1.040295e-10, AIC = -3.783103
  Model addition step  16: Added term 0 0 4 -- RMS=0.556714, GCV=8.394626e-11, AIC = -3.997702
  Model addition step  17: Added term 0 4 0 -- RMS=0.502585, GCV=6.842518e-11, AIC = -4.202240
  Model addition step  18: Added term 0 1 3 -- RMS=0.436466, GCV=5.161261e-11, AIC = -4.484316
  Model addition step  19: Added term 0 1 2 -- RMS=0.390752, GCV=4.137288e-11, AIC = -4.705558
  Model addition step  20: Added term 2 1 0 -- RMS=0.339921, GCV=3.131328e-11, AIC = -4.984243
  Model addition step  21: Added term 1 0 3 -- RMS=0.326245, GCV=2.884817e-11, AIC = -5.066340
  Model addition step  22: Added term 3 0 1 -- RMS=0.315104, GCV=2.691530e-11, AIC = -5.135793
  Model addition step  23: Added term 2 0 1 -- RMS=0.271939, GCV=2.004903e-11, AIC = -5.430409
  Model addition step  24: Added term 1 3 0 -- RMS=0.262225, GCV=1.864474e-11, AIC = -5.503127
  Model addition step  25: Added term 2 1 1 -- RMS=0.251090, GCV=1.709726e-11, AIC = -5.589875
  Model addition step  26: Added term 3 0 0 -- RMS=0.241991, GCV=1.588262e-11, AIC = -5.663669
  Model addition step  27: Added term 2 0 2 -- RMS=0.227760, GCV=1.407143e-11, AIC = -5.784850
  Model addition step  28: Added term 0 2 2 -- RMS=0.220432, GCV=1.318234e-11, AIC = -5.850220
  Model addition step  29: Added term 0 3 0 -- RMS=0.204812, GCV=1.138179e-11, AIC = -5.997184
  Model addition step  30: Added term 0 3 1 -- RMS=0.197950, GCV=1.063339e-11, AIC = -6.065301
  Model addition step  31: Added term 2 0 0 -- RMS=0.193805, GCV=1.019407e-11, AIC = -6.107596
  Model addition step  32: Added term 1 1 2 -- RMS=0.189862, GCV=9.784858e-12, AIC = -6.148668
Change in error: 0.002370. No more terms added.
   33 polynomial terms were written for subscap10
subscap11
  RMS fit error of the full model is: 0.258495 mm
  maximum moment arm: 53.976777 mm
  maximum error allowed: 5.397678 mm
  Model addition step   1: Added term 0 0 1 -- RMS=30.015777, GCV=2.435321e-07, AIC = 3.976646
  Model addition step   2: Added term 0 0 0 -- RMS=23.428348, GCV=1.483881e-07, AIC = 3.481127
  Model addition step   3: Added term 0 1 0 -- RMS=16.494063, GCV=7.355796e-08, AIC = 2.779269
  Model addition step   4: Added term 1 0 0 -- RMS=6.293448, GCV=1.071052e-08, AIC = 0.852320
  Model addition step   5: Added term 1 1 0 -- RMS=4.881830, GCV=6.445507e-09, AIC = 0.344375
  Model addition step   6: Added term 1 0 1 -- RMS=3.814247, GCV=3.935213e-09, AIC = -0.149144
  Model addition step   7: Added term 0 1 1 -- RMS=2.869055, GCV=2.226830e-09, AIC = -0.718632
  Model addition step   8: Added term 2 1 0 -- RMS=2.363623, GCV=1.511556e-09, AIC = -1.106172
  Model addition step   9: Added term 0 0 2 -- RMS=2.041814, GCV=1.128129e-09, AIC = -1.398853
  Model addition step  10: Added term 2 0 0 -- RMS=1.845127, GCV=9.213777e-10, AIC = -1.601400
  Model addition step  11: Added term 0 4 0 -- RMS=1.646721, GCV=7.339797e-10, AIC = -1.828890
  Model addition step  12: Added term 3 1 0 -- RMS=1.425559, GCV=5.501401e-10, AIC = -2.117300
  Model addition step  13: Added term 1 3 0 -- RMS=1.238499, GCV=4.152916e-10, AIC = -2.398594
  Model addition step  14: Added term 0 1 3 -- RMS=1.138550, GCV=3.510138e-10, AIC = -2.566850
  Model addition step  15: Added term 1 0 2 -- RMS=1.044924, GCV=2.956981e-10, AIC = -2.738439
  Model addition step  16: Added term 0 1 2 -- RMS=0.919977, GCV=2.292409e-10, AIC = -2.993106
  Model addition step  17: Added term 2 1 1 -- RMS=0.849488, GCV=1.954837e-10, AIC = -3.152503
  Model addition step  18: Added term 1 1 1 -- RMS=0.772314, GCV=1.616006e-10, AIC = -3.342954
  Model addition step  19: Added term 1 1 2 -- RMS=0.698684, GCV=1.322743e-10, AIC = -3.543306
  Model addition step  20: Added term 3 0 0 -- RMS=0.632595, GCV=1.084488e-10, AIC = -3.742007
  Model addition step  21: Added term 0 3 0 -- RMS=0.570645, GCV=8.825996e-11, AIC = -3.948100
  Model addition step  22: Added term 1 2 0 -- RMS=0.547658, GCV=8.130343e-11, AIC = -4.030300
  Model addition step  23: Added term 1 2 1 -- RMS=0.499477, GCV=6.763635e-11, AIC = -4.214444
  Model addition step  24: Added term 3 0 1 -- RMS=0.476472, GCV=6.155772e-11, AIC = -4.308716
  Model addition step  25: Added term 0 0 3 -- RMS=0.463894, GCV=5.835846e-11, AIC = -4.362189
  Model addition step  26: Added term 0 0 4 -- RMS=0.336898, GCV=3.078379e-11, AIC = -5.001906
  Model addition step  27: Added term 0 3 1 -- RMS=0.291637, GCV=2.307123e-11, AIC = -5.290410
  Model addition step  28: Added term 1 0 3 -- RMS=0.281859, GCV=2.155297e-11, AIC = -5.358584
  Model addition step  29: Added term 2 2 0 -- RMS=0.272034, GCV=2.007930e-11, AIC = -5.429510
  Model addition step  30: Added term 2 0 2 -- RMS=0.264741, GCV=1.901973e-11, AIC = -5.483824
Change in error: 0.012328. No more terms added.
   31 polynomial terms were written for subscap11
bicl
  RMS fit error of the full model is: 2.233513 mm
  maximum moment arm: 46.914330 mm
  maximum error allowed: 4.691433 mm
  Model addition step   1: Added term 0 0 0 0 0 -- RMS=27.647552, GCV=3.099285e-07, AIC = 4.217728
  Model addition step   2: Added term 1 0 0 1 0 -- RMS=21.960870, GCV=1.955717e-07, AIC = 3.757201
  Model addition step   3: Added term 0 1 0 1 0 -- RMS=19.002608, GCV=1.464509e-07, AIC = 3.467851
  Model addition step   4: Added term 0 0 0 0 2 -- RMS=16.547634, GCV=1.110698e-07, AIC = 3.191208
  Model addition step   5: Added term 1 0 1 0 0 -- RMS=14.550984, GCV=8.589498e-08, AIC = 2.934061
  Model addition step   6: Added term 0 0 1 2 0 -- RMS=12.537324, GCV=6.377514e-08, AIC = 2.636187
  Model addition step   7: Added term 1 0 2 1 0 -- RMS=10.498989, GCV=4.472965e-08, AIC = 2.281347
  Model addition step   8: Added term 0 1 1 2 0 -- RMS=9.831685, GCV=3.922971e-08, AIC = 2.150032
  Model addition step   9: Added term 1 0 0 0 0 -- RMS=9.374211, GCV=3.566870e-08, AIC = 2.054759
  Model addition step  10: Added term 0 0 2 2 0 -- RMS=8.849421, GCV=3.179116e-08, AIC = 1.939561
  Model addition step  11: Added term 0 0 1 0 0 -- RMS=8.229767, GCV=2.749859e-08, AIC = 1.794394
  Model addition step  12: Added term 0 0 0 1 3 -- RMS=7.842475, GCV=2.497471e-08, AIC = 1.698011
  Model addition step  13: Added term 0 0 0 1 0 -- RMS=6.559501, GCV=1.747408e-08, AIC = 1.340753
  Model addition step  14: Added term 0 1 0 0 0 -- RMS=5.774700, GCV=1.354473e-08, AIC = 1.085919
  Model addition step  15: Added term 1 0 3 0 0 -- RMS=5.025822, GCV=1.026088e-08, AIC = 0.808147
  Model addition step  16: Added term 0 1 3 0 0 -- RMS=4.582531, GCV=8.531784e-09, AIC = 0.623495
  Model addition step  17: Added term 0 0 0 3 1 -- RMS=4.127340, GCV=6.921949e-09, AIC = 0.414281
  Model addition step  18: Added term 0 0 4 0 0 -- RMS=3.598733, GCV=5.263150e-09, AIC = 0.140200
  Model addition step  19: Added term 0 2 0 0 0 -- RMS=3.470243, GCV=4.894689e-09, AIC = 0.067508
  Model addition step  20: Added term 0 2 2 0 0 -- RMS=3.257868, GCV=4.314507e-09, AIC = -0.058772
  Model addition step  21: Added term 2 0 0 0 0 -- RMS=3.151180, GCV=4.037097e-09, AIC = -0.125342
  Model addition step  22: Added term 0 3 1 0 0 -- RMS=3.067949, GCV=3.827171e-09, AIC = -0.178855
  Model addition step  23: Added term 0 0 0 0 1 -- RMS=2.990952, GCV=3.637971e-09, AIC = -0.229667
  Model addition step  24: Added term 0 0 0 3 0 -- RMS=2.851604, GCV=3.307331e-09, AIC = -0.325065
  Model addition step  25: Added term 1 1 0 0 0 -- RMS=2.787677, GCV=3.161133e-09, AIC = -0.370389
Change in error: 0.011483. No more terms added.
   26 polynomial terms were written for bicl
bicb1
  RMS fit error of the full model is: 2.970326 mm
  maximum moment arm: 88.326213 mm
  maximum error allowed: 8.832621 mm
  Model addition step   1: Added term 0 0 0 0 0 -- RMS=51.425431, GCV=1.072270e-06, AIC = 5.458920
  Model addition step   2: Added term 1 0 0 0 0 -- RMS=40.826783, GCV=6.759230e-07, AIC = 4.997353
  Model addition step   3: Added term 0 0 0 2 0 -- RMS=31.565431, GCV=4.041002e-07, AIC = 4.482824
  Model addition step   4: Added term 0 0 0 1 3 -- RMS=23.916949, GCV=2.320256e-07, AIC = 3.927896
  Model addition step   5: Added term 0 1 2 0 0 -- RMS=17.098408, GCV=1.186026e-07, AIC = 3.256715
  Model addition step   6: Added term 0 1 0 0 0 -- RMS=14.454288, GCV=8.476862e-08, AIC = 2.920749
  Model addition step   7: Added term 0 0 0 1 0 -- RMS=13.207225, GCV=7.078213e-08, AIC = 2.740317
  Model addition step   8: Added term 0 0 1 0 0 -- RMS=12.630579, GCV=6.474492e-08, AIC = 2.651053
  Model addition step   9: Added term 0 0 4 0 0 -- RMS=10.422331, GCV=4.409077e-08, AIC = 2.266736
  Model addition step  10: Added term 0 1 1 0 0 -- RMS=8.188644, GCV=2.722078e-08, AIC = 1.784353
  Model addition step  11: Added term 0 0 2 0 0 -- RMS=6.573133, GCV=1.754204e-08, AIC = 1.344860
  Model addition step  12: Added term 1 0 2 0 0 -- RMS=5.726687, GCV=1.331683e-08, AIC = 1.069176
  Model addition step  13: Added term 2 0 0 0 0 -- RMS=5.185784, GCV=1.092148e-08, AIC = 0.870766
  Model addition step  14: Added term 1 1 0 0 0 -- RMS=4.816757, GCV=9.423691e-09, AIC = 0.723148
  Model addition step  15: Added term 0 1 0 0 3 -- RMS=4.458796, GCV=8.076170e-09, AIC = 0.568727
  Model addition step  16: Added term 0 0 0 3 1 -- RMS=4.287836, GCV=7.469740e-09, AIC = 0.490556
  Model addition step  17: Added term 1 2 0 0 1 -- RMS=4.170012, GCV=7.065819e-09, AIC = 0.434852
  Model addition step  18: Added term 0 0 0 0 4 -- RMS=4.050650, GCV=6.668007e-09, AIC = 0.376792
  Model addition step  19: Added term 0 0 0 2 2 -- RMS=3.572142, GCV=5.186361e-09, AIC = 0.125390
  Model addition step  20: Added term 0 0 0 3 0 -- RMS=3.496040, GCV=4.968404e-09, AIC = 0.082344
Change in error: 0.014165. No more terms added.
   21 polynomial terms were written for bicb1
triclong1
  RMS fit error of the full model is: 0.063529 mm
  maximum moment arm: 92.492774 mm
  maximum error allowed: 9.249277 mm
  Model addition step   1: Added term 0 0 0 0 -- RMS=61.357066, GCV=1.272026e-06, AIC = 5.629758
  Model addition step   2: Added term 0 0 1 1 -- RMS=46.039127, GCV=7.162751e-07, AIC = 5.055347
  Model addition step   3: Added term 1 0 1 0 -- RMS=36.907938, GCV=4.603879e-07, AIC = 4.613244
  Model addition step   4: Added term 0 0 1 0 -- RMS=31.385037, GCV=3.329572e-07, AIC = 4.289080
  Model addition step   5: Added term 0 0 0 1 -- RMS=23.534888, GCV=1.872518e-07, AIC = 3.713413
  Model addition step   6: Added term 1 0 0 0 -- RMS=19.009039, GCV=1.221746e-07, AIC = 3.286301
  Model addition step   7: Added term 0 1 1 0 -- RMS=13.563351, GCV=6.220899e-08, AIC = 2.611242
  Model addition step   8: Added term 1 1 0 0 -- RMS=7.698371, GCV=2.004360e-08, AIC = 1.478544
  Model addition step   9: Added term 0 1 0 0 -- RMS=5.469027, GCV=1.011712e-08, AIC = 0.794754
  Model addition step  10: Added term 2 0 0 0 -- RMS=3.808757, GCV=4.907518e-09, AIC = 0.071186
  Model addition step  11: Added term 0 0 0 2 -- RMS=3.231209, GCV=3.532517e-09, AIC = -0.257680
  Model addition step  12: Added term 0 2 1 0 -- RMS=2.528084, GCV=2.162698e-09, AIC = -0.748442
  Model addition step  13: Added term 2 0 1 0 -- RMS=2.007864, GCV=1.364396e-09, AIC = -1.209196
  Model addition step  14: Added term 1 2 0 0 -- RMS=1.804473, GCV=1.102126e-09, AIC = -1.422774
  Model addition step  15: Added term 0 1 0 1 -- RMS=1.687110, GCV=9.635533e-10, AIC = -1.557251
  Model addition step  16: Added term 3 0 0 0 -- RMS=1.607889, GCV=8.753065e-10, AIC = -1.653413
  Model addition step  17: Added term 1 0 3 0 -- RMS=1.500351, GCV=7.622410e-10, AIC = -1.791833
  Model addition step  18: Added term 0 0 2 0 -- RMS=1.223120, GCV=5.066448e-10, AIC = -2.200393
  Model addition step  19: Added term 0 0 3 0 -- RMS=0.674045, GCV=1.538872e-10, AIC = -3.392092
  Model addition step  20: Added term 0 2 0 0 -- RMS=0.591977, GCV=1.187112e-10, AIC = -3.651726
  Model addition step  21: Added term 0 1 2 0 -- RMS=0.524778, GCV=9.330236e-11, AIC = -3.892683
  Model addition step  22: Added term 1 1 1 0 -- RMS=0.438402, GCV=6.512452e-11, AIC = -4.252336
  Model addition step  23: Added term 0 0 0 3 -- RMS=0.350704, GCV=4.168123e-11, AIC = -4.698694
  Model addition step  24: Added term 0 3 0 0 -- RMS=0.297269, GCV=2.995145e-11, AIC = -5.029276
  Model addition step  25: Added term 0 1 0 2 -- RMS=0.262218, GCV=2.330781e-11, AIC = -5.280173
  Model addition step  26: Added term 1 0 2 0 -- RMS=0.231857, GCV=1.822538e-11, AIC = -5.526255
  Model addition step  27: Added term 1 0 0 1 -- RMS=0.207077, GCV=1.453976e-11, AIC = -5.752291
  Model addition step  28: Added term 1 0 1 1 -- RMS=0.172881, GCV=1.013555e-11, AIC = -6.113238
  Model addition step  29: Added term 2 1 0 0 -- RMS=0.140388, GCV=6.684530e-12, AIC = -6.529599
  Model addition step  30: Added term 1 1 2 0 -- RMS=0.128802, GCV=5.627529e-12, AIC = -6.701833
  Model addition step  31: Added term 1 3 0 0 -- RMS=0.119827, GCV=4.871242e-12, AIC = -6.846263
  Model addition step  32: Added term 2 2 0 0 -- RMS=0.111191, GCV=4.194938e-12, AIC = -6.995842
  Model addition step  33: Added term 2 1 1 0 -- RMS=0.103412, GCV=3.629046e-12, AIC = -7.140859
  Model addition step  34: Added term 2 0 0 1 -- RMS=0.095907, GCV=3.121828e-12, AIC = -7.291519
  Model addition step  35: Added term 0 4 0 0 -- RMS=0.089149, GCV=2.697739e-12, AIC = -7.437631
  Model addition step  36: Added term 0 2 0 1 -- RMS=0.085501, GCV=2.481824e-12, AIC = -7.521160
  Model addition step  37: Added term 1 0 0 3 -- RMS=0.081947, GCV=2.280062e-12, AIC = -7.606060
  Model addition step  38: Added term 1 0 1 2 -- RMS=0.076991, GCV=2.012899e-12, AIC = -7.730795
  Model addition step  39: Added term 0 2 2 0 -- RMS=0.073779, GCV=1.848706e-12, AIC = -7.815993
  Model addition step  40: Added term 0 3 1 0 -- RMS=0.072281, GCV=1.774620e-12, AIC = -7.857001
Change in error: 0.017607. No more terms added.
   41 polynomial terms were written for triclong1
triclong2
  RMS fit error of the full model is: 0.052826 mm
  maximum moment arm: 68.688628 mm
  maximum error allowed: 6.868863 mm
  Model addition step   1: Added term 0 0 0 0 -- RMS=44.761701, GCV=6.769867e-07, AIC = 4.999043
  Model addition step   2: Added term 0 0 1 1 -- RMS=30.355942, GCV=3.113961e-07, AIC = 4.222348
  Model addition step   3: Added term 0 0 1 0 -- RMS=25.080194, GCV=2.125916e-07, AIC = 3.840548
  Model addition step   4: Added term 0 0 0 1 -- RMS=19.348105, GCV=1.265377e-07, AIC = 3.321607
  Model addition step   5: Added term 2 0 0 0 -- RMS=15.441220, GCV=8.060556e-08, AIC = 2.870526
  Model addition step   6: Added term 1 2 0 0 -- RMS=13.993656, GCV=6.620989e-08, AIC = 2.673680
  Model addition step   7: Added term 0 1 0 0 -- RMS=11.418894, GCV=4.409276e-08, AIC = 2.267038
  Model addition step   8: Added term 1 1 0 0 -- RMS=8.570385, GCV=2.484154e-08, AIC = 1.693151
  Model addition step   9: Added term 1 0 0 0 -- RMS=4.790784, GCV=7.763361e-09, AIC = 0.529941
  Model addition step  10: Added term 0 1 2 0 -- RMS=3.413700, GCV=3.942267e-09, AIC = -0.147827
  Model addition step  11: Added term 0 2 1 0 -- RMS=2.845581, GCV=2.739656e-09, AIC = -0.511858
  Model addition step  12: Added term 2 0 1 0 -- RMS=2.485743, GCV=2.090862e-09, AIC = -0.782222
  Model addition step  13: Added term 0 0 2 2 -- RMS=2.093749, GCV=1.483614e-09, AIC = -1.125426
  Model addition step  14: Added term 0 1 3 0 -- RMS=1.791418, GCV=1.086236e-09, AIC = -1.437297
  Model addition step  15: Added term 0 0 0 2 -- RMS=1.636131, GCV=9.062028e-10, AIC = -1.618616
  Model addition step  16: Added term 0 0 2 0 -- RMS=1.350639, GCV=6.176274e-10, AIC = -2.002102
  Model addition step  17: Added term 0 0 4 0 -- RMS=1.143501, GCV=4.427714e-10, AIC = -2.335042
  Model addition step  18: Added term 0 1 1 0 -- RMS=0.775220, GCV=2.035237e-10, AIC = -3.112421
  Model addition step  19: Added term 0 1 0 1 -- RMS=0.625977, GCV=1.327214e-10, AIC = -3.540060
  Model addition step  20: Added term 1 1 1 0 -- RMS=0.551035, GCV=1.028587e-10, AIC = -3.795064
  Model addition step  21: Added term 3 0 0 0 -- RMS=0.485743, GCV=7.993826e-11, AIC = -4.047274
  Model addition step  22: Added term 0 0 3 0 -- RMS=0.422086, GCV=6.036736e-11, AIC = -4.328188
  Model addition step  23: Added term 0 0 0 3 -- RMS=0.381195, GCV=4.924405e-11, AIC = -4.531957
  Model addition step  24: Added term 0 3 1 0 -- RMS=0.343498, GCV=3.999129e-11, AIC = -4.740192
  Model addition step  25: Added term 0 2 2 0 -- RMS=0.298911, GCV=3.028733e-11, AIC = -5.018232
  Model addition step  26: Added term 2 0 2 0 -- RMS=0.261233, GCV=2.313614e-11, AIC = -5.287674
  Model addition step  27: Added term 1 0 0 1 -- RMS=0.231990, GCV=1.824879e-11, AIC = -5.525080
  Model addition step  28: Added term 0 1 0 2 -- RMS=0.211141, GCV=1.511817e-11, AIC = -5.713390
  Model addition step  29: Added term 2 2 0 0 -- RMS=0.190031, GCV=1.224792e-11, AIC = -5.924039
  Model addition step  30: Added term 1 0 1 1 -- RMS=0.166715, GCV=9.427987e-12, AIC = -6.185821
  Model addition step  31: Added term 1 0 2 1 -- RMS=0.151307, GCV=7.766915e-12, AIC = -6.379739
  Model addition step  32: Added term 0 4 0 0 -- RMS=0.139303, GCV=6.584333e-12, AIC = -6.545027
  Model addition step  33: Added term 0 2 0 0 -- RMS=0.109736, GCV=4.086456e-12, AIC = -7.022151
  Model addition step  34: Added term 4 0 0 0 -- RMS=0.101015, GCV=3.463181e-12, AIC = -7.187749
  Model addition step  35: Added term 1 0 3 0 -- RMS=0.093409, GCV=2.961704e-12, AIC = -7.344281
  Model addition step  36: Added term 1 0 1 0 -- RMS=0.085759, GCV=2.496784e-12, AIC = -7.515150
  Model addition step  37: Added term 1 0 2 0 -- RMS=0.079379, GCV=2.139413e-12, AIC = -7.669731
  Model addition step  38: Added term 1 0 0 3 -- RMS=0.073775, GCV=1.848222e-12, AIC = -7.816147
  Model addition step  39: Added term 0 3 0 1 -- RMS=0.069809, GCV=1.655074e-12, AIC = -7.926633
  Model addition step  40: Added term 1 1 2 0 -- RMS=0.066500, GCV=1.502100e-12, AIC = -8.023724
  Model addition step  41: Added term 1 3 0 0 -- RMS=0.064457, GCV=1.411439e-12, AIC = -8.086087
  Model addition step  42: Added term 3 0 1 0 -- RMS=0.062416, GCV=1.323629e-12, AIC = -8.150428
  Model addition step  43: Added term 1 2 1 0 -- RMS=0.060475, GCV=1.242754e-12, AIC = -8.213583
  Model addition step  44: Added term 1 2 0 1 -- RMS=0.058831, GCV=1.176276e-12, AIC = -8.268668
Change in error: 0.018201. No more terms added.
   45 polynomial terms were written for triclong2
triclong3
  RMS fit error of the full model is: 0.043442 mm
  maximum moment arm: 67.282726 mm
  maximum error allowed: 6.728273 mm
  Model addition step   1: Added term 0 0 0 0 -- RMS=44.642312, GCV=6.733802e-07, AIC = 4.993701
  Model addition step   2: Added term 0 0 1 1 -- RMS=31.653454, GCV=3.385851e-07, AIC = 4.306058
  Model addition step   3: Added term 1 0 1 0 -- RMS=25.271293, GCV=2.158437e-07, AIC = 3.855729
  Model addition step   4: Added term 0 1 0 2 -- RMS=21.974097, GCV=1.632169e-07, AIC = 3.576147
  Model addition step   5: Added term 0 0 1 0 -- RMS=18.374939, GCV=1.141441e-07, AIC = 3.218420
  Model addition step   6: Added term 0 0 0 1 -- RMS=14.683026, GCV=7.289397e-08, AIC = 2.769856
  Model addition step   7: Added term 1 0 0 0 -- RMS=11.440242, GCV=4.425778e-08, AIC = 2.270773
  Model addition step   8: Added term 0 1 1 0 -- RMS=9.641655, GCV=3.143989e-08, AIC = 1.928712
  Model addition step   9: Added term 1 1 0 0 -- RMS=5.114546, GCV=8.848118e-09, AIC = 0.660730
  Model addition step  10: Added term 2 0 0 0 -- RMS=3.995592, GCV=5.400796e-09, AIC = 0.166964
  Model addition step  11: Added term 0 1 0 0 -- RMS=2.845634, GCV=2.739757e-09, AIC = -0.511821
  Model addition step  12: Added term 0 2 1 0 -- RMS=2.346867, GCV=1.863759e-09, AIC = -0.897203
  Model addition step  13: Added term 0 0 0 2 -- RMS=1.940747, GCV=1.274704e-09, AIC = -1.277193
  Model addition step  14: Added term 2 0 1 0 -- RMS=1.604968, GCV=8.718929e-10, AIC = -1.657104
  Model addition step  15: Added term 0 0 2 0 -- RMS=1.346291, GCV=6.135744e-10, AIC = -2.008577
  Model addition step  16: Added term 0 0 3 0 -- RMS=0.921215, GCV=2.873224e-10, AIC = -2.767382
  Model addition step  17: Added term 1 2 0 0 -- RMS=0.682069, GCV=1.575299e-10, AIC = -3.368480
  Model addition step  18: Added term 3 0 0 0 -- RMS=0.590739, GCV=1.181834e-10, AIC = -3.655966
  Model addition step  19: Added term 1 0 2 0 -- RMS=0.464206, GCV=7.298716e-11, AIC = -4.138028
  Model addition step  20: Added term 0 2 0 0 -- RMS=0.393244, GCV=5.238492e-11, AIC = -4.469802
  Model addition step  21: Added term 0 1 0 3 -- RMS=0.315076, GCV=3.363354e-11, AIC = -4.913005
  Model addition step  22: Added term 0 1 2 0 -- RMS=0.260698, GCV=2.302910e-11, AIC = -5.291878
  Model addition step  23: Added term 0 0 0 3 -- RMS=0.228829, GCV=1.774521e-11, AIC = -5.552630
  Model addition step  24: Added term 0 3 0 0 -- RMS=0.193279, GCV=1.266159e-11, AIC = -5.890280
  Model addition step  25: Added term 1 1 1 0 -- RMS=0.144407, GCV=7.068946e-12, AIC = -6.473250
  Model addition step  26: Added term 1 0 0 1 -- RMS=0.125127, GCV=5.308092e-12, AIC = -6.759838
  Model addition step  27: Added term 2 0 1 1 -- RMS=0.108627, GCV=4.000982e-12, AIC = -7.042639
  Model addition step  28: Added term 0 1 0 1 -- RMS=0.097780, GCV=3.242326e-12, AIC = -7.252996
  Model addition step  29: Added term 1 3 0 0 -- RMS=0.091248, GCV=2.823962e-12, AIC = -7.391254
  Model addition step  30: Added term 0 2 2 0 -- RMS=0.086940, GCV=2.563963e-12, AIC = -7.487949
  Model addition step  31: Added term 1 1 2 0 -- RMS=0.084591, GCV=2.427585e-12, AIC = -7.542715
  Model addition step  32: Added term 1 2 1 0 -- RMS=0.082217, GCV=2.293580e-12, AIC = -7.599606
  Model addition step  33: Added term 1 0 3 0 -- RMS=0.078826, GCV=2.108552e-12, AIC = -7.683827
  Model addition step  34: Added term 2 1 0 0 -- RMS=0.075884, GCV=1.954389e-12, AIC = -7.759860
  Model addition step  35: Added term 2 2 0 0 -- RMS=0.071510, GCV=1.735796e-12, AIC = -7.878580
  Model addition step  36: Added term 1 0 1 1 -- RMS=0.068459, GCV=1.591060e-12, AIC = -7.965754
  Model addition step  37: Added term 4 0 0 0 -- RMS=0.065310, GCV=1.448232e-12, AIC = -8.059919
  Model addition step  38: Added term 0 4 0 0 -- RMS=0.062406, GCV=1.322516e-12, AIC = -8.150835
  Model addition step  39: Added term 0 0 4 0 -- RMS=0.060145, GCV=1.228578e-12, AIC = -8.224622
  Model addition step  40: Added term 1 0 0 3 -- RMS=0.058023, GCV=1.143564e-12, AIC = -8.296438
  Model addition step  41: Added term 2 1 1 0 -- RMS=0.055970, GCV=1.064227e-12, AIC = -8.368447
  Model addition step  42: Added term 2 0 2 0 -- RMS=0.053343, GCV=9.668015e-13, AIC = -8.464567
  Model addition step  43: Added term 0 2 1 1 -- RMS=0.051199, GCV=8.907533e-13, AIC = -8.546601
  Model addition step  44: Added term 1 0 1 2 -- RMS=0.049654, GCV=8.379134e-13, AIC = -8.607862
  Model addition step  45: Added term 0 3 1 0 -- RMS=0.048376, GCV=7.954441e-13, AIC = -8.659985
  Model addition step  46: Added term 0 1 3 0 -- RMS=0.046527, GCV=7.358983e-13, AIC = -8.737902
  Model addition step  47: Added term 2 0 0 1 -- RMS=0.045386, GCV=7.003358e-13, AIC = -8.787543
Change in error: 0.004660. No more terms added.
   48 polynomial terms were written for triclong3
triclong4
  RMS fit error of the full model is: 0.052826 mm
  maximum moment arm: 68.688628 mm
  maximum error allowed: 6.868863 mm
  Model addition step   1: Added term 0 0 0 0 -- RMS=44.761701, GCV=6.769867e-07, AIC = 4.999043
  Model addition step   2: Added term 0 0 1 1 -- RMS=30.355942, GCV=3.113961e-07, AIC = 4.222348
  Model addition step   3: Added term 0 0 1 0 -- RMS=25.080194, GCV=2.125916e-07, AIC = 3.840548
  Model addition step   4: Added term 0 0 0 1 -- RMS=19.348105, GCV=1.265377e-07, AIC = 3.321607
  Model addition step   5: Added term 2 0 0 0 -- RMS=15.441220, GCV=8.060556e-08, AIC = 2.870526
  Model addition step   6: Added term 1 2 0 0 -- RMS=13.993656, GCV=6.620989e-08, AIC = 2.673680
  Model addition step   7: Added term 0 1 0 0 -- RMS=11.418894, GCV=4.409276e-08, AIC = 2.267038
  Model addition step   8: Added term 1 1 0 0 -- RMS=8.570385, GCV=2.484154e-08, AIC = 1.693151
  Model addition step   9: Added term 1 0 0 0 -- RMS=4.790784, GCV=7.763361e-09, AIC = 0.529941
  Model addition step  10: Added term 0 1 2 0 -- RMS=3.413700, GCV=3.942267e-09, AIC = -0.147827
  Model addition step  11: Added term 0 2 1 0 -- RMS=2.845581, GCV=2.739656e-09, AIC = -0.511858
  Model addition step  12: Added term 2 0 1 0 -- RMS=2.485743, GCV=2.090862e-09, AIC = -0.782222
  Model addition step  13: Added term 0 0 2 2 -- RMS=2.093749, GCV=1.483614e-09, AIC = -1.125426
  Model addition step  14: Added term 0 1 3 0 -- RMS=1.791418, GCV=1.086236e-09, AIC = -1.437297
  Model addition step  15: Added term 0 0 0 2 -- RMS=1.636131, GCV=9.062028e-10, AIC = -1.618616
  Model addition step  16: Added term 0 0 2 0 -- RMS=1.350639, GCV=6.176274e-10, AIC = -2.002102
  Model addition step  17: Added term 0 0 4 0 -- RMS=1.143501, GCV=4.427714e-10, AIC = -2.335042
  Model addition step  18: Added term 0 1 1 0 -- RMS=0.775220, GCV=2.035237e-10, AIC = -3.112421
  Model addition step  19: Added term 0 1 0 1 -- RMS=0.625977, GCV=1.327214e-10, AIC = -3.540060
  Model addition step  20: Added term 1 1 1 0 -- RMS=0.551035, GCV=1.028587e-10, AIC = -3.795064
  Model addition step  21: Added term 3 0 0 0 -- RMS=0.485743, GCV=7.993826e-11, AIC = -4.047274
  Model addition step  22: Added term 0 0 3 0 -- RMS=0.422086, GCV=6.036736e-11, AIC = -4.328188
  Model addition step  23: Added term 0 0 0 3 -- RMS=0.381195, GCV=4.924405e-11, AIC = -4.531957
  Model addition step  24: Added term 0 3 1 0 -- RMS=0.343498, GCV=3.999129e-11, AIC = -4.740192
  Model addition step  25: Added term 0 2 2 0 -- RMS=0.298911, GCV=3.028733e-11, AIC = -5.018232
  Model addition step  26: Added term 2 0 2 0 -- RMS=0.261233, GCV=2.313614e-11, AIC = -5.287674
  Model addition step  27: Added term 1 0 0 1 -- RMS=0.231990, GCV=1.824879e-11, AIC = -5.525080
  Model addition step  28: Added term 0 1 0 2 -- RMS=0.211141, GCV=1.511817e-11, AIC = -5.713390
  Model addition step  29: Added term 2 2 0 0 -- RMS=0.190031, GCV=1.224792e-11, AIC = -5.924039
  Model addition step  30: Added term 1 0 1 1 -- RMS=0.166715, GCV=9.427987e-12, AIC = -6.185821
  Model addition step  31: Added term 1 0 2 1 -- RMS=0.151307, GCV=7.766915e-12, AIC = -6.379739
  Model addition step  32: Added term 0 4 0 0 -- RMS=0.139303, GCV=6.584333e-12, AIC = -6.545027
  Model addition step  33: Added term 0 2 0 0 -- RMS=0.109736, GCV=4.086456e-12, AIC = -7.022151
  Model addition step  34: Added term 4 0 0 0 -- RMS=0.101015, GCV=3.463181e-12, AIC = -7.187749
  Model addition step  35: Added term 1 0 3 0 -- RMS=0.093409, GCV=2.961704e-12, AIC = -7.344281
  Model addition step  36: Added term 1 0 1 0 -- RMS=0.085759, GCV=2.496784e-12, AIC = -7.515150
  Model addition step  37: Added term 1 0 2 0 -- RMS=0.079379, GCV=2.139413e-12, AIC = -7.669731
  Model addition step  38: Added term 1 0 0 3 -- RMS=0.073775, GCV=1.848222e-12, AIC = -7.816147
  Model addition step  39: Added term 0 3 0 1 -- RMS=0.069809, GCV=1.655074e-12, AIC = -7.926633
  Model addition step  40: Added term 1 1 2 0 -- RMS=0.066500, GCV=1.502100e-12, AIC = -8.023724
  Model addition step  41: Added term 1 3 0 0 -- RMS=0.064457, GCV=1.411439e-12, AIC = -8.086087
  Model addition step  42: Added term 3 0 1 0 -- RMS=0.062416, GCV=1.323629e-12, AIC = -8.150428
  Model addition step  43: Added term 1 2 1 0 -- RMS=0.060475, GCV=1.242754e-12, AIC = -8.213583
  Model addition step  44: Added term 1 2 0 1 -- RMS=0.058831, GCV=1.176276e-12, AIC = -8.268668
Change in error: 0.018201. No more terms added.
   45 polynomial terms were written for triclong4
latdorsi1
  RMS fit error of the full model is: 4.245200 mm
  maximum moment arm: 349.730754 mm
  maximum error allowed: 34.973075 mm
  Model addition step   1: Added term 0 0 0 0 0 0 0 0 1 -- RMS=189.401528, GCV=2.424175e-05, AIC = 8.577209
  Model addition step   2: Added term 0 1 0 0 0 0 0 0 0 -- RMS=174.546243, GCV=2.059096e-05, AIC = 8.413863
  Model addition step   3: Added term 0 0 0 0 0 0 0 0 0 -- RMS=152.627942, GCV=1.574644e-05, AIC = 8.145504
  Model addition step   4: Added term 0 0 0 0 0 1 0 0 0 -- RMS=134.425112, GCV=1.221614e-05, AIC = 7.891526
  Model addition step   5: Added term 0 0 0 1 0 0 0 0 0 -- RMS=118.251736, GCV=9.454680e-06, AIC = 7.635156
  Model addition step   6: Added term 0 0 0 0 1 0 0 1 0 -- RMS=99.847235, GCV=6.741594e-06, AIC = 7.296821
  Model addition step   7: Added term 1 0 0 0 0 0 0 0 0 -- RMS=84.646423, GCV=4.845810e-06, AIC = 6.966517
  Model addition step   8: Added term 0 0 1 0 0 0 0 0 0 -- RMS=75.294977, GCV=3.834775e-06, AIC = 6.732392
  Model addition step   9: Added term 0 0 0 0 2 0 0 0 2 -- RMS=66.169479, GCV=2.961980e-06, AIC = 6.474017
  Model addition step  10: Added term 1 0 1 0 1 0 0 0 0 -- RMS=61.205680, GCV=2.534596e-06, AIC = 6.318072
  Model addition step  11: Added term 0 0 0 1 0 0 1 0 0 -- RMS=58.933892, GCV=2.350251e-06, AIC = 6.242438
  Model addition step  12: Added term 1 0 0 0 2 0 1 0 0 -- RMS=56.613800, GCV=2.169139e-06, AIC = 6.162125
  Model addition step  13: Added term 0 0 0 0 1 1 0 0 0 -- RMS=54.358807, GCV=2.000053e-06, AIC = 6.080846
  Model addition step  14: Added term 0 0 0 0 0 0 0 2 0 -- RMS=52.648278, GCV=1.876414e-06, AIC = 6.016913
  Model addition step  15: Added term 0 0 2 0 0 0 0 0 0 -- RMS=51.128914, GCV=1.769914e-06, AIC = 5.958360
  Model addition step  16: Added term 0 0 0 0 0 0 1 1 1 -- RMS=49.921740, GCV=1.687552e-06, AIC = 5.910586
  Model addition step  17: Added term 0 1 0 0 0 0 1 0 0 -- RMS=48.791841, GCV=1.612245e-06, AIC = 5.864813
  Model addition step  18: Added term 0 0 0 0 1 1 1 0 1 -- RMS=47.435092, GCV=1.524035e-06, AIC = 5.808425
  Model addition step  19: Added term 0 0 0 0 2 0 0 1 1 -- RMS=46.361136, GCV=1.456003e-06, AIC = 5.762637
  Model addition step  20: Added term 0 0 1 0 2 0 1 0 0 -- RMS=45.268800, GCV=1.388388e-06, AIC = 5.714963
  Model addition step  21: Added term 1 0 1 0 0 0 0 0 0 -- RMS=44.220475, GCV=1.325008e-06, AIC = 5.668117
  Model addition step  22: Added term 0 0 1 0 1 0 0 0 0 -- RMS=42.840904, GCV=1.243792e-06, AIC = 5.604741
Change in error: 0.019100. No more terms added.
   23 polynomial terms were written for latdorsi1
latdorsi2
  RMS fit error of the full model is: 4.164572 mm
  maximum moment arm: 377.353293 mm
  maximum error allowed: 37.735329 mm
  Model addition step   1: Added term 0 0 0 0 0 0 0 0 1 -- RMS=201.365228, GCV=2.740097e-05, AIC = 8.699711
  Model addition step   2: Added term 0 0 0 0 0 0 0 0 0 -- RMS=185.309903, GCV=2.320881e-05, AIC = 8.533543
  Model addition step   3: Added term 0 1 0 0 0 0 0 0 0 -- RMS=165.055282, GCV=1.841506e-05, AIC = 8.302058
  Model addition step   4: Added term 0 0 0 0 0 1 0 0 0 -- RMS=147.868092, GCV=1.478162e-05, AIC = 8.082152
  Model addition step   5: Added term 0 0 0 1 0 0 0 0 0 -- RMS=129.324991, GCV=1.130828e-05, AIC = 7.814182
  Model addition step   6: Added term 0 0 0 0 1 0 0 1 0 -- RMS=111.970216, GCV=8.478041e-06, AIC = 7.526004
  Model addition step   7: Added term 0 0 1 0 0 0 0 0 0 -- RMS=94.464612, GCV=6.035142e-06, AIC = 7.186002
  Model addition step   8: Added term 1 0 0 0 0 0 0 0 0 -- RMS=75.542532, GCV=3.860033e-06, AIC = 6.738957
  Model addition step   9: Added term 0 0 0 0 2 0 0 0 1 -- RMS=68.885066, GCV=3.210087e-06, AIC = 6.554457
  Model addition step  10: Added term 0 0 0 0 0 0 1 0 0 -- RMS=63.338015, GCV=2.714278e-06, AIC = 6.386564
  Model addition step  11: Added term 1 0 1 0 0 0 0 0 0 -- RMS=59.227292, GCV=2.373711e-06, AIC = 6.252371
  Model addition step  12: Added term 0 0 0 0 1 0 1 0 0 -- RMS=55.808758, GCV=2.107888e-06, AIC = 6.133481
  Model addition step  13: Added term 0 0 0 0 0 0 1 2 0 -- RMS=53.712294, GCV=1.952760e-06, AIC = 6.056916
  Model addition step  14: Added term 0 0 1 0 2 0 1 0 0 -- RMS=51.835612, GCV=1.818933e-06, AIC = 5.985801
  Model addition step  15: Added term 0 0 0 0 2 1 1 0 0 -- RMS=49.405093, GCV=1.652580e-06, AIC = 5.889767
  Model addition step  16: Added term 0 1 0 0 0 0 2 0 0 -- RMS=48.142850, GCV=1.569428e-06, AIC = 5.838018
  Model addition step  17: Added term 0 0 0 0 0 0 2 0 2 -- RMS=46.171077, GCV=1.443699e-06, AIC = 5.754394
  Model addition step  18: Added term 1 1 0 0 0 0 0 0 0 -- RMS=44.831571, GCV=1.361329e-06, AIC = 5.695525
  Model addition step  19: Added term 0 0 2 0 0 0 0 0 0 -- RMS=43.934210, GCV=1.307554e-06, AIC = 5.655100
  Model addition step  20: Added term 0 0 0 0 2 0 0 1 1 -- RMS=43.029744, GCV=1.254441e-06, AIC = 5.613510
  Model addition step  21: Added term 0 0 0 0 0 0 1 1 1 -- RMS=41.698245, GCV=1.178168e-06, AIC = 5.550659
  Model addition step  22: Added term 0 0 0 1 1 0 0 0 2 -- RMS=40.851768, GCV=1.130973e-06, AIC = 5.509654
  Model addition step  23: Added term 1 0 0 0 0 0 0 0 3 -- RMS=39.783138, GCV=1.072722e-06, AIC = 5.456654
Change in error: 0.018812. No more terms added.
   24 polynomial terms were written for latdorsi2
latdorsi3
  RMS fit error of the full model is: 3.860157 mm
  maximum moment arm: 373.261980 mm
  maximum error allowed: 37.326198 mm
  Model addition step   1: Added term 0 0 0 0 0 0 0 0 1 -- RMS=204.920328, GCV=2.837704e-05, AIC = 8.734713
  Model addition step   2: Added term 0 0 0 0 0 0 0 0 0 -- RMS=184.749052, GCV=2.306854e-05, AIC = 8.527481
  Model addition step   3: Added term 0 1 0 1 0 0 0 0 0 -- RMS=164.966464, GCV=1.839525e-05, AIC = 8.300982
  Model addition step   4: Added term 0 0 0 0 0 1 0 0 0 -- RMS=149.646741, GCV=1.513936e-05, AIC = 8.106066
  Model addition step   5: Added term 0 0 1 0 0 0 0 0 0 -- RMS=132.727182, GCV=1.191109e-05, AIC = 7.866116
  Model addition step   6: Added term 0 0 0 0 1 0 0 1 0 -- RMS=116.897907, GCV=9.240681e-06, AIC = 7.612140
  Model addition step   7: Added term 0 1 0 0 0 0 0 0 0 -- RMS=101.617946, GCV=6.983772e-06, AIC = 7.331992
  Model addition step   8: Added term 1 0 0 0 0 0 0 0 0 -- RMS=84.921059, GCV=4.877965e-06, AIC = 6.973009
  Model addition step   9: Added term 0 0 0 1 0 0 0 0 0 -- RMS=74.638457, GCV=3.768703e-06, AIC = 6.714890
  Model addition step  10: Added term 0 0 0 0 0 0 1 0 0 -- RMS=67.254729, GCV=3.060349e-06, AIC = 6.506567
  Model addition step  11: Added term 0 0 0 0 2 0 1 0 0 -- RMS=60.088746, GCV=2.443264e-06, AIC = 6.281251
  Model addition step  12: Added term 1 0 1 0 0 0 0 0 0 -- RMS=56.529394, GCV=2.162676e-06, AIC = 6.159141
  Model addition step  13: Added term 0 0 1 0 2 0 1 0 0 -- RMS=54.225989, GCV=1.990291e-06, AIC = 6.075953
  Model addition step  14: Added term 0 0 0 0 0 0 1 1 0 -- RMS=52.189305, GCV=1.843840e-06, AIC = 5.999401
  Model addition step  15: Added term 1 1 0 0 0 0 0 0 0 -- RMS=50.272933, GCV=1.711148e-06, AIC = 5.924593
  Model addition step  16: Added term 0 0 0 0 2 1 1 0 0 -- RMS=48.314214, GCV=1.580621e-06, AIC = 5.845125
  Model addition step  17: Added term 0 1 0 0 0 0 2 0 0 -- RMS=45.719526, GCV=1.415598e-06, AIC = 5.734738
  Model addition step  18: Added term 0 0 0 0 2 0 0 0 0 -- RMS=44.588412, GCV=1.346602e-06, AIC = 5.684648
  Model addition step  19: Added term 0 1 0 0 0 0 2 0 1 -- RMS=43.478368, GCV=1.280562e-06, AIC = 5.634241
  Model addition step  20: Added term 0 0 0 0 0 0 0 2 1 -- RMS=42.391554, GCV=1.217507e-06, AIC = 5.583626
Change in error: 0.017952. No more terms added.
   21 polynomial terms were written for latdorsi3
latdorsi4
  RMS fit error of the full model is: 1.939418 mm
  maximum moment arm: 373.466080 mm
  maximum error allowed: 37.346608 mm
  Model addition step   1: Added term 0 0 0 0 0 0 0 0 0 -- RMS=207.668438, GCV=2.914325e-05, AIC = 8.761356
  Model addition step   2: Added term 0 0 0 0 0 0 0 0 1 -- RMS=188.472423, GCV=2.400774e-05, AIC = 8.567387
  Model addition step   3: Added term 0 1 0 1 0 0 0 0 0 -- RMS=168.176940, GCV=1.911821e-05, AIC = 8.339531
  Model addition step   4: Added term 0 0 1 0 0 0 0 0 0 -- RMS=147.514842, GCV=1.471108e-05, AIC = 8.077369
  Model addition step   5: Added term 0 0 0 0 0 1 0 0 0 -- RMS=131.353364, GCV=1.166579e-05, AIC = 7.845307
  Model addition step   6: Added term 0 0 0 0 1 0 0 1 0 -- RMS=114.597475, GCV=8.880565e-06, AIC = 7.572390
  Model addition step   7: Added term 0 1 0 0 0 0 0 0 0 -- RMS=101.629428, GCV=6.985350e-06, AIC = 7.332218
  Model addition step   8: Added term 1 0 0 0 0 0 0 0 0 -- RMS=89.010336, GCV=5.359062e-06, AIC = 7.067070
  Model addition step   9: Added term 0 0 0 1 0 0 0 0 0 -- RMS=79.318794, GCV=4.256169e-06, AIC = 6.836529
  Model addition step  10: Added term 0 0 0 0 0 0 1 0 0 -- RMS=68.320604, GCV=3.158121e-06, AIC = 6.538015
  Model addition step  11: Added term 0 0 0 0 3 0 0 0 0 -- RMS=62.400586, GCV=2.634884e-06, AIC = 6.356755
  Model addition step  12: Added term 1 1 0 0 0 0 0 0 0 -- RMS=59.059836, GCV=2.360627e-06, AIC = 6.246721
  Model addition step  13: Added term 1 0 1 0 1 0 0 0 0 -- RMS=56.575704, GCV=2.166514e-06, AIC = 6.160792
  Model addition step  14: Added term 0 0 0 0 1 0 1 1 0 -- RMS=54.786218, GCV=2.031903e-06, AIC = 6.096524
  Model addition step  15: Added term 1 0 0 0 1 0 0 0 0 -- RMS=53.337189, GCV=1.926102e-06, AIC = 6.042927
  Model addition step  16: Added term 0 0 0 0 2 0 1 0 0 -- RMS=51.952045, GCV=1.827608e-06, AIC = 5.990315
  Model addition step  17: Added term 0 0 0 0 0 0 2 0 0 -- RMS=50.323120, GCV=1.715030e-06, AIC = 5.926616
  Model addition step  18: Added term 0 0 1 0 1 0 1 0 0 -- RMS=48.635424, GCV=1.602141e-06, AIC = 5.858405
  Model addition step  19: Added term 0 0 0 0 1 1 1 0 0 -- RMS=46.867606, GCV=1.487989e-06, AIC = 5.784367
  Model addition step  20: Added term 0 0 0 0 0 0 0 2 1 -- RMS=45.758632, GCV=1.418597e-06, AIC = 5.736488
  Model addition step  21: Added term 0 0 0 0 1 0 2 0 1 -- RMS=44.748101, GCV=1.356816e-06, AIC = 5.691839
  Model addition step  22: Added term 0 0 0 0 0 0 0 0 2 -- RMS=43.547570, GCV=1.285163e-06, AIC = 5.637462
Change in error: 0.019457. No more terms added.
   23 polynomial terms were written for latdorsi4
latdorsi5
  RMS fit error of the full model is: 6.731212 mm
  maximum moment arm: 399.283375 mm
  maximum error allowed: 39.928338 mm
  Model addition step   1: Added term 0 0 1 0 0 0 0 0 0 -- RMS=210.140046, GCV=2.984109e-05, AIC = 8.785019
  Model addition step   2: Added term 0 0 0 0 0 0 0 0 1 -- RMS=190.502599, GCV=2.452774e-05, AIC = 8.588816
  Model addition step   3: Added term 0 0 0 0 0 0 0 0 0 -- RMS=171.491448, GCV=1.987922e-05, AIC = 8.378564
  Model addition step   4: Added term 0 1 0 1 0 0 0 0 0 -- RMS=150.365043, GCV=1.528505e-05, AIC = 8.115643
  Model addition step   5: Added term 0 0 0 0 1 0 0 1 0 -- RMS=135.226452, GCV=1.236389e-05, AIC = 7.903426
  Model addition step   6: Added term 0 0 0 0 0 1 0 0 0 -- RMS=120.908630, GCV=9.885647e-06, AIC = 7.679608
  Model addition step   7: Added term 0 1 0 0 1 0 0 0 0 -- RMS=110.864570, GCV=8.312559e-06, AIC = 7.506170
  Model addition step   8: Added term 0 0 0 0 0 0 1 0 0 -- RMS=102.422669, GCV=7.095779e-06, AIC = 7.347781
  Model addition step   9: Added term 1 0 0 0 0 0 0 0 0 -- RMS=93.886117, GCV=5.963063e-06, AIC = 7.173744
  Model addition step  10: Added term 0 0 0 1 0 0 0 0 0 -- RMS=88.684492, GCV=5.321337e-06, AIC = 7.059762
  Model addition step  11: Added term 1 1 0 0 0 0 0 0 0 -- RMS=78.701124, GCV=4.191273e-06, AIC = 6.820921
  Model addition step  12: Added term 0 0 0 0 0 0 0 1 1 -- RMS=76.083613, GCV=3.917645e-06, AIC = 6.753285
  Model addition step  13: Added term 0 1 0 0 0 0 0 0 0 -- RMS=73.830815, GCV=3.689580e-06, AIC = 6.693185
  Model addition step  14: Added term 0 0 0 0 0 0 2 0 0 -- RMS=71.650330, GCV=3.475335e-06, AIC = 6.633242
  Model addition step  15: Added term 0 0 0 0 2 0 1 0 0 -- RMS=69.143043, GCV=3.236801e-06, AIC = 6.562015
  Model addition step  16: Added term 0 0 1 0 2 0 1 0 0 -- RMS=66.907359, GCV=3.031277e-06, AIC = 6.496291
  Model addition step  17: Added term 0 0 0 0 0 0 0 0 2 -- RMS=65.056865, GCV=2.866308e-06, AIC = 6.440210
  Model addition step  18: Added term 1 0 1 0 0 0 0 0 0 -- RMS=63.677968, GCV=2.746463e-06, AIC = 6.397378
  Model addition step  19: Added term 0 0 0 0 2 1 1 0 0 -- RMS=62.389130, GCV=2.636768e-06, AIC = 6.356496
  Model addition step  20: Added term 0 0 0 0 0 1 0 0 1 -- RMS=60.791941, GCV=2.503830e-06, AIC = 6.304642
  Model addition step  21: Added term 0 0 0 1 1 0 1 0 0 -- RMS=59.085490, GCV=2.365556e-06, AIC = 6.247712
  Model addition step  22: Added term 1 1 0 0 1 0 1 0 0 -- RMS=57.424215, GCV=2.234707e-06, AIC = 6.190686
  Model addition step  23: Added term 1 0 0 0 0 0 0 0 1 -- RMS=56.080949, GCV=2.131670e-06, AIC = 6.143360
Change in error: 0.018283. No more terms added.
   24 polynomial terms were written for latdorsi5
latdorsi6
  RMS fit error of the full model is: 6.035314 mm
  maximum moment arm: 414.714730 mm
  maximum error allowed: 41.471473 mm
  Model addition step   1: Added term 0 0 1 0 0 0 0 0 0 -- RMS=208.505554, GCV=2.937868e-05, AIC = 8.769402
  Model addition step   2: Added term 0 0 0 0 0 0 0 0 1 -- RMS=187.230126, GCV=2.369229e-05, AIC = 8.554161
  Model addition step   3: Added term 0 1 0 1 0 0 0 0 0 -- RMS=171.454090, GCV=1.987056e-05, AIC = 8.378129
  Model addition step   4: Added term 0 0 0 0 0 0 0 0 0 -- RMS=153.254313, GCV=1.587810e-05, AIC = 8.153708
  Model addition step   5: Added term 0 0 0 0 1 0 0 1 0 -- RMS=138.815954, GCV=1.302898e-05, AIC = 7.955823
  Model addition step   6: Added term 0 0 0 0 0 1 0 0 0 -- RMS=123.382994, GCV=1.029440e-05, AIC = 7.720125
  Model addition step   7: Added term 0 1 0 0 1 0 0 0 0 -- RMS=114.645482, GCV=8.889208e-06, AIC = 7.573241
  Model addition step   8: Added term 1 0 0 0 0 0 0 0 0 -- RMS=107.320932, GCV=7.790705e-06, AIC = 7.441213
  Model addition step   9: Added term 0 0 0 0 0 0 2 0 0 -- RMS=99.565218, GCV=6.706284e-06, AIC = 7.291204
  Model addition step  10: Added term 0 0 0 1 0 0 0 0 0 -- RMS=94.464073, GCV=6.037522e-06, AIC = 7.186031
  Model addition step  11: Added term 1 1 0 0 0 0 0 0 0 -- RMS=84.973015, GCV=4.885918e-06, AIC = 6.974273
  Model addition step  12: Added term 0 0 0 0 0 0 0 0 2 -- RMS=81.847040, GCV=4.533658e-06, AIC = 6.899323
  Model addition step  13: Added term 0 0 0 0 1 0 1 1 1 -- RMS=79.772995, GCV=4.307382e-06, AIC = 6.848003
  Model addition step  14: Added term 0 1 0 2 1 0 0 0 0 -- RMS=77.994918, GCV=4.118062e-06, AIC = 6.802934
  Model addition step  15: Added term 1 1 0 1 0 0 0 0 0 -- RMS=75.206138, GCV=3.829355e-06, AIC = 6.730125
  Model addition step  16: Added term 2 1 0 0 0 0 0 0 0 -- RMS=73.123495, GCV=3.620693e-06, AIC = 6.673973
  Model addition step  17: Added term 1 0 1 0 1 0 0 0 0 -- RMS=71.343389, GCV=3.447022e-06, AIC = 6.624696
  Model addition step  18: Added term 0 0 1 1 2 0 0 0 0 -- RMS=69.795293, GCV=3.299496e-06, AIC = 6.580833
  Model addition step  19: Added term 0 0 0 0 0 0 1 0 0 -- RMS=68.266635, GCV=3.156975e-06, AIC = 6.536556
  Model addition step  20: Added term 0 0 0 0 0 1 0 0 1 -- RMS=66.877276, GCV=3.030191e-06, AIC = 6.495446
  Model addition step  21: Added term 0 0 0 0 1 1 1 0 1 -- RMS=65.441205, GCV=2.901845e-06, AIC = 6.452045
  Model addition step  22: Added term 0 0 1 0 1 0 1 0 0 -- RMS=63.405133, GCV=2.724452e-06, AIC = 6.388844
  Model addition step  23: Added term 0 1 0 0 0 0 0 0 0 -- RMS=61.724902, GCV=2.582320e-06, AIC = 6.335143
  Model addition step  24: Added term 0 0 0 1 1 0 1 0 0 -- RMS=59.782566, GCV=2.422686e-06, AIC = 6.271209
  Model addition step  25: Added term 0 0 0 0 1 1 1 0 0 -- RMS=58.547303, GCV=2.323916e-06, AIC = 6.229465
  Model addition step  26: Added term 1 0 0 0 0 0 0 0 1 -- RMS=57.277794, GCV=2.224529e-06, AIC = 6.185634
  Model addition step  27: Added term 0 0 0 0 1 0 0 0 3 -- RMS=56.055072, GCV=2.130856e-06, AIC = 6.142491
  Model addition step  28: Added term 0 0 1 0 0 0 0 1 0 -- RMS=54.851881, GCV=2.040639e-06, AIC = 6.099108
  Model addition step  29: Added term 0 0 0 0 0 1 0 1 0 -- RMS=53.249926, GCV=1.923446e-06, AIC = 6.039842
  Model addition step  30: Added term 0 0 0 1 0 0 0 1 1 -- RMS=51.818362, GCV=1.821663e-06, AIC = 5.985352
  Model addition step  31: Added term 0 0 1 0 0 1 0 0 0 -- RMS=50.647647, GCV=1.740516e-06, AIC = 5.939661
  Model addition step  32: Added term 0 0 0 0 0 2 0 0 0 -- RMS=49.393290, GCV=1.655596e-06, AIC = 5.889519
  Model addition step  33: Added term 0 1 0 2 0 0 0 0 0 -- RMS=48.278920, GCV=1.581948e-06, AIC = 5.843893
  Model addition step  34: Added term 0 0 0 1 2 1 0 0 0 -- RMS=47.233693, GCV=1.514397e-06, AIC = 5.800131
  Model addition step  35: Added term 0 1 0 2 0 0 0 0 1 -- RMS=46.178058, GCV=1.447659e-06, AIC = 5.754939
  Model addition step  36: Added term 0 1 0 0 0 1 0 0 0 -- RMS=45.194528, GCV=1.386837e-06, AIC = 5.711896
  Model addition step  37: Added term 0 0 2 0 0 0 0 0 0 -- RMS=44.187177, GCV=1.325882e-06, AIC = 5.666826
  Model addition step  38: Added term 1 1 0 0 0 0 1 0 0 -- RMS=43.203292, GCV=1.267666e-06, AIC = 5.621804
  Model addition step  39: Added term 0 0 0 0 1 0 2 0 1 -- RMS=42.315208, GCV=1.216251e-06, AIC = 5.580277
Change in error: 0.019320. No more terms added.
   40 polynomial terms were written for latdorsi6
pectmajt1
  RMS fit error of the full model is: 2.889883 mm
  maximum moment arm: 347.876866 mm
  maximum error allowed: 34.787687 mm
  Model addition step   1: Added term 0 0 1 0 0 0 0 0 0 -- RMS=180.438978, GCV=2.200177e-05, AIC = 8.480256
  Model addition step   2: Added term 0 0 0 0 0 1 0 0 0 -- RMS=159.143432, GCV=1.711722e-05, AIC = 8.229096
  Model addition step   3: Added term 0 0 0 0 0 0 0 0 1 -- RMS=141.154099, GCV=1.346795e-05, AIC = 7.989202
  Model addition step   4: Added term 0 0 0 0 1 0 0 1 1 -- RMS=123.900612, GCV=1.037815e-05, AIC = 7.728470
  Model addition step   5: Added term 0 0 0 0 2 0 1 0 0 -- RMS=106.712571, GCV=7.699507e-06, AIC = 7.429802
  Model addition step   6: Added term 0 0 0 0 0 0 0 0 0 -- RMS=96.883894, GCV=6.347368e-06, AIC = 7.236565
  Model addition step   7: Added term 0 0 0 0 3 0 0 0 0 -- RMS=91.685833, GCV=5.685304e-06, AIC = 7.126287
  Model addition step   8: Added term 1 0 0 0 1 0 1 0 1 -- RMS=88.144148, GCV=5.255268e-06, AIC = 7.047512
  Model addition step   9: Added term 0 0 0 1 0 0 1 0 0 -- RMS=82.795150, GCV=4.637420e-06, AIC = 6.922318
  Model addition step  10: Added term 0 0 0 2 1 0 0 0 0 -- RMS=78.024310, GCV=4.118938e-06, AIC = 6.803633
  Model addition step  11: Added term 0 0 0 0 0 0 0 1 0 -- RMS=74.229049, GCV=3.728481e-06, AIC = 6.703917
  Model addition step  12: Added term 0 2 0 0 0 0 0 0 0 -- RMS=71.239535, GCV=3.434670e-06, AIC = 6.621715
  Model addition step  13: Added term 1 2 0 0 0 0 0 0 0 -- RMS=64.701965, GCV=2.833587e-06, AIC = 6.429216
  Model addition step  14: Added term 1 0 0 0 3 0 0 0 0 -- RMS=61.782399, GCV=2.583984e-06, AIC = 6.336883
  Model addition step  15: Added term 1 0 0 1 1 0 0 0 0 -- RMS=58.626198, GCV=2.327033e-06, AIC = 6.232023
  Model addition step  16: Added term 0 0 0 2 1 0 0 0 1 -- RMS=55.609053, GCV=2.093962e-06, AIC = 6.126365
  Model addition step  17: Added term 2 0 0 0 0 0 0 0 1 -- RMS=53.058935, GCV=1.906574e-06, AIC = 6.032493
  Model addition step  18: Added term 0 0 0 1 1 0 0 0 0 -- RMS=50.447754, GCV=1.723769e-06, AIC = 5.931577
  Model addition step  19: Added term 0 0 0 1 1 0 0 0 1 -- RMS=47.975369, GCV=1.559160e-06, AIC = 5.831089
  Model addition step  20: Added term 0 0 0 0 2 0 2 0 0 -- RMS=45.969160, GCV=1.431680e-06, AIC = 5.745669
  Model addition step  21: Added term 0 0 0 0 0 0 1 1 0 -- RMS=44.376874, GCV=1.334397e-06, AIC = 5.675178
  Model addition step  22: Added term 0 0 0 0 1 0 0 0 1 -- RMS=42.781403, GCV=1.240339e-06, AIC = 5.601961
  Model addition step  23: Added term 0 0 0 0 0 1 1 0 0 -- RMS=41.324439, GCV=1.157452e-06, AIC = 5.532676
  Model addition step  24: Added term 0 0 1 0 2 0 1 0 0 -- RMS=40.310416, GCV=1.101495e-06, AIC = 5.483001
  Model addition step  25: Added term 1 0 0 0 1 0 1 0 0 -- RMS=39.362048, GCV=1.050418e-06, AIC = 5.435399
  Model addition step  26: Added term 0 0 0 0 1 0 0 1 2 -- RMS=38.095318, GCV=9.840309e-07, AIC = 5.369991
  Model addition step  27: Added term 1 1 0 0 1 0 0 0 0 -- RMS=37.282389, GCV=9.426095e-07, AIC = 5.326864
  Model addition step  28: Added term 0 1 0 0 0 0 0 0 0 -- RMS=35.659461, GCV=8.624475e-07, AIC = 5.237864
  Model addition step  29: Added term 0 0 0 0 3 0 0 1 0 -- RMS=34.933765, GCV=8.278139e-07, AIC = 5.196757
Change in error: 0.018309. No more terms added.
   30 polynomial terms were written for pectmajt1
pectmajt2
  RMS fit error of the full model is: 1.748735 mm
  maximum moment arm: 310.584903 mm
  maximum error allowed: 31.058490 mm
  Model addition step   1: Added term 0 0 1 0 0 0 0 0 0 -- RMS=168.583677, GCV=1.920561e-05, AIC = 8.344335
  Model addition step   2: Added term 0 0 0 0 0 1 0 0 0 -- RMS=149.532451, GCV=1.511216e-05, AIC = 8.104511
  Model addition step   3: Added term 0 0 0 0 0 0 0 0 1 -- RMS=133.574245, GCV=1.206035e-05, AIC = 7.878812
  Model addition step   4: Added term 0 0 0 0 2 0 1 0 0 -- RMS=116.727299, GCV=9.211237e-06, AIC = 7.609192
  Model addition step   5: Added term 0 0 0 0 0 0 0 1 1 -- RMS=101.095518, GCV=6.910279e-06, AIC = 7.321656
  Model addition step   6: Added term 0 0 0 0 0 0 0 0 0 -- RMS=86.346758, GCV=5.041765e-06, AIC = 7.006281
  Model addition step   7: Added term 0 0 0 0 2 0 0 0 1 -- RMS=82.020881, GCV=4.549860e-06, AIC = 6.903499
  Model addition step   8: Added term 0 1 0 0 0 0 0 0 0 -- RMS=77.522789, GCV=4.065058e-06, AIC = 6.790709
  Model addition step   9: Added term 1 0 0 0 1 0 1 0 1 -- RMS=73.522207, GCV=3.656821e-06, AIC = 6.684754
  Model addition step  10: Added term 1 1 0 0 0 0 0 0 0 -- RMS=68.483488, GCV=3.173198e-06, AIC = 6.542777
  Model addition step  11: Added term 0 0 0 1 0 0 1 0 1 -- RMS=63.672461, GCV=2.743389e-06, AIC = 6.397110
  Model addition step  12: Added term 0 0 0 1 0 0 0 0 0 -- RMS=56.331828, GCV=2.147586e-06, AIC = 6.152139
  Model addition step  13: Added term 0 0 0 0 0 0 0 1 0 -- RMS=52.930598, GCV=1.896335e-06, AIC = 6.027596
  Model addition step  14: Added term 1 0 0 0 2 0 0 0 1 -- RMS=49.757307, GCV=1.676000e-06, AIC = 5.903961
  Model addition step  15: Added term 0 0 0 1 1 0 0 0 1 -- RMS=46.112219, GCV=1.439631e-06, AIC = 5.751816
  Model addition step  16: Added term 0 0 0 0 0 0 1 0 0 -- RMS=42.957183, GCV=1.249538e-06, AIC = 5.610081
  Model addition step  17: Added term 0 0 0 2 1 0 0 0 0 -- RMS=41.222780, GCV=1.150830e-06, AIC = 5.527669
  Model addition step  18: Added term 1 0 0 1 0 0 0 0 0 -- RMS=38.712996, GCV=1.015100e-06, AIC = 5.402051
  Model addition step  19: Added term 2 0 0 0 0 0 0 0 0 -- RMS=36.239940, GCV=8.896702e-07, AIC = 5.270037
  Model addition step  20: Added term 0 0 0 0 0 0 1 1 0 -- RMS=34.388595, GCV=8.012014e-07, AIC = 5.165177
  Model addition step  21: Added term 0 0 0 0 0 0 2 0 0 -- RMS=32.596527, GCV=7.199698e-07, AIC = 5.058152
  Model addition step  22: Added term 0 0 0 0 2 0 0 0 0 -- RMS=30.842685, GCV=6.446660e-07, AIC = 4.947554
  Model addition step  23: Added term 0 0 0 1 2 0 0 0 0 -- RMS=29.716186, GCV=5.985154e-07, AIC = 4.873152
  Model addition step  24: Added term 0 0 0 1 1 0 1 0 0 -- RMS=28.466018, GCV=5.492896e-07, AIC = 4.787203
  Model addition step  25: Added term 1 0 0 0 0 0 1 0 0 -- RMS=26.939386, GCV=4.920193e-07, AIC = 4.676974
  Model addition step  26: Added term 0 0 0 0 0 2 0 0 1 -- RMS=25.650195, GCV=4.461150e-07, AIC = 4.578911
  Model addition step  27: Added term 0 0 1 0 0 1 0 0 2 -- RMS=24.940686, GCV=4.218336e-07, AIC = 4.522823
  Model addition step  28: Added term 0 0 0 2 2 0 0 0 0 -- RMS=24.272450, GCV=3.995861e-07, AIC = 4.468519
  Model addition step  29: Added term 0 0 0 0 0 0 0 1 2 -- RMS=23.612944, GCV=3.782180e-07, AIC = 4.413439
  Model addition step  30: Added term 1 0 0 0 0 0 0 0 1 -- RMS=22.978426, GCV=3.582130e-07, AIC = 4.358974
  Model addition step  31: Added term 0 0 2 0 0 0 0 0 2 -- RMS=22.278166, GCV=3.367584e-07, AIC = 4.297090
  Model addition step  32: Added term 0 0 0 0 2 1 1 0 0 -- RMS=21.739273, GCV=3.207070e-07, AIC = 4.248130
  Model addition step  33: Added term 0 0 0 0 2 0 1 0 1 -- RMS=21.279194, GCV=3.073176e-07, AIC = 4.205362
  Model addition step  34: Added term 0 0 1 0 2 0 1 0 0 -- RMS=20.841951, GCV=2.948579e-07, AIC = 4.163852
Change in error: 0.018059. No more terms added.
   35 polynomial terms were written for pectmajt2
pectmajt3
  RMS fit error of the full model is: 1.235051 mm
  maximum moment arm: 275.626945 mm
  maximum error allowed: 27.562694 mm
  Model addition step   1: Added term 0 0 1 0 0 0 0 0 0 -- RMS=154.692298, GCV=1.617091e-05, AIC = 8.172346
  Model addition step   2: Added term 0 0 0 0 0 1 0 0 0 -- RMS=137.831722, GCV=1.283968e-05, AIC = 7.941551
  Model addition step   3: Added term 0 0 0 0 0 0 0 0 1 -- RMS=123.029311, GCV=1.023132e-05, AIC = 7.714343
  Model addition step   4: Added term 0 0 0 0 2 0 1 0 0 -- RMS=107.115413, GCV=7.756700e-06, AIC = 7.437325
  Model addition step   5: Added term 0 0 0 0 0 0 0 0 0 -- RMS=90.256199, GCV=5.507898e-06, AIC = 7.094829
  Model addition step   6: Added term 0 0 0 0 0 0 0 1 0 -- RMS=75.333047, GCV=3.837616e-06, AIC = 6.733376
  Model addition step   7: Added term 0 1 0 0 0 0 0 0 0 -- RMS=71.979698, GCV=3.504042e-06, AIC = 6.642320
  Model addition step   8: Added term 0 0 0 2 0 0 0 0 0 -- RMS=68.463495, GCV=3.170488e-06, AIC = 6.542166
  Model addition step   9: Added term 1 1 0 1 0 0 0 0 0 -- RMS=63.603874, GCV=2.736742e-06, AIC = 6.394927
  Model addition step  10: Added term 1 0 0 0 1 0 1 0 1 -- RMS=59.027443, GCV=2.357400e-06, AIC = 6.245597
  Model addition step  11: Added term 0 0 0 0 2 0 0 0 1 -- RMS=54.800619, GCV=2.032147e-06, AIC = 6.097009
  Model addition step  12: Added term 0 0 0 0 0 0 1 1 0 -- RMS=51.593298, GCV=1.801480e-06, AIC = 5.976403
  Model addition step  13: Added term 0 0 0 1 0 0 1 0 1 -- RMS=49.093577, GCV=1.631364e-06, AIC = 5.877089
  Model addition step  14: Added term 0 0 0 1 1 0 0 0 0 -- RMS=43.783688, GCV=1.297732e-06, AIC = 5.648169
  Model addition step  15: Added term 0 0 0 0 0 0 0 1 1 -- RMS=41.345199, GCV=1.157362e-06, AIC = 5.533572
  Model addition step  16: Added term 1 2 0 0 0 0 0 0 0 -- RMS=39.560433, GCV=1.059741e-06, AIC = 5.445332
  Model addition step  17: Added term 2 0 0 0 1 0 0 0 1 -- RMS=37.671040, GCV=9.610628e-07, AIC = 5.347470
  Model addition step  18: Added term 1 0 0 1 1 0 0 0 1 -- RMS=35.400022, GCV=8.487941e-07, AIC = 5.223125
  Model addition step  19: Added term 0 0 0 0 1 0 1 0 0 -- RMS=33.503365, GCV=7.603804e-07, AIC = 5.113006
  Model addition step  20: Added term 0 0 0 0 2 0 0 0 0 -- RMS=31.773001, GCV=6.839578e-07, AIC = 5.006961
  Model addition step  21: Added term 0 0 0 0 0 2 0 0 1 -- RMS=30.886606, GCV=6.464158e-07, AIC = 4.950386
  Model addition step  22: Added term 0 0 0 1 1 0 0 0 1 -- RMS=29.927352, GCV=6.069696e-07, AIC = 4.887300
  Model addition step  23: Added term 1 0 0 1 0 0 0 0 0 -- RMS=28.205828, GCV=5.392211e-07, AIC = 4.768825
  Model addition step  24: Added term 2 0 0 0 0 0 0 0 0 -- RMS=26.288222, GCV=4.684577e-07, AIC = 4.628023
  Model addition step  25: Added term 0 0 0 1 0 0 1 0 0 -- RMS=25.277728, GCV=4.331944e-07, AIC = 4.549642
  Model addition step  26: Added term 1 0 0 0 0 0 1 0 0 -- RMS=24.459914, GCV=4.056723e-07, AIC = 4.483880
  Model addition step  27: Added term 1 1 0 0 0 0 0 0 0 -- RMS=23.500071, GCV=3.745094e-07, AIC = 4.403829
  Model addition step  28: Added term 1 0 0 0 1 0 0 0 1 -- RMS=21.552724, GCV=3.150558e-07, AIC = 4.230840
  Model addition step  29: Added term 0 0 0 0 1 0 2 0 1 -- RMS=20.583452, GCV=2.873944e-07, AIC = 4.138824
  Model addition step  30: Added term 0 0 0 0 0 1 0 0 2 -- RMS=19.656218, GCV=2.621203e-07, AIC = 4.046650
  Model addition step  31: Added term 0 0 1 0 0 0 0 0 3 -- RMS=18.602837, GCV=2.348107e-07, AIC = 3.936504
  Model addition step  32: Added term 0 0 0 2 1 0 0 0 1 -- RMS=17.668467, GCV=2.118439e-07, AIC = 3.833452
  Model addition step  33: Added term 0 0 1 1 0 0 0 0 1 -- RMS=17.057136, GCV=1.974647e-07, AIC = 3.763040
  Model addition step  34: Added term 0 2 0 1 0 0 0 0 0 -- RMS=16.503860, GCV=1.848873e-07, AIC = 3.697105
  Model addition step  35: Added term 0 2 0 1 0 0 0 0 1 -- RMS=15.938085, GCV=1.724516e-07, AIC = 3.627353
  Model addition step  36: Added term 0 0 0 0 0 0 0 1 2 -- RMS=15.474396, GCV=1.625852e-07, AIC = 3.568317
  Model addition step  37: Added term 0 0 2 0 1 0 0 0 0 -- RMS=15.046382, GCV=1.537364e-07, AIC = 3.512232
  Model addition step  38: Added term 0 3 0 0 0 0 0 0 0 -- RMS=14.653157, GCV=1.458256e-07, AIC = 3.459282
  Model addition step  39: Added term 0 0 0 0 1 1 2 0 0 -- RMS=14.258443, GCV=1.380938e-07, AIC = 3.404682
  Model addition step  40: Added term 1 0 0 0 0 0 0 0 2 -- RMS=13.899590, GCV=1.312481e-07, AIC = 3.353716
  Model addition step  41: Added term 0 0 0 1 0 1 0 0 1 -- RMS=13.586283, GCV=1.254149e-07, AIC = 3.308132
  Model addition step  42: Added term 0 1 0 0 0 0 1 0 1 -- RMS=13.302711, GCV=1.202505e-07, AIC = 3.265960
Change in error: 0.018656. No more terms added.
   43 polynomial terms were written for pectmajt3
pectmajt4
  RMS fit error of the full model is: 0.911296 mm
  maximum moment arm: 233.840986 mm
  maximum error allowed: 23.384099 mm
  Model addition step   1: Added term 0 0 1 0 0 0 0 0 0 -- RMS=135.104414, GCV=1.233491e-05, AIC = 7.901566
  Model addition step   2: Added term 0 0 0 0 0 0 0 0 0 -- RMS=121.012229, GCV=9.897242e-06, AIC = 7.681267
  Model addition step   3: Added term 0 0 0 0 0 1 0 0 0 -- RMS=106.869596, GCV=7.720096e-06, AIC = 7.432716
  Model addition step   4: Added term 0 0 0 0 2 0 1 0 0 -- RMS=91.509309, GCV=5.661136e-06, AIC = 7.122392
  Model addition step   5: Added term 0 0 0 0 0 0 0 0 1 -- RMS=79.701845, GCV=4.295053e-06, AIC = 6.846110
  Model addition step   6: Added term 0 0 0 0 0 0 0 1 0 -- RMS=66.633408, GCV=3.002441e-06, AIC = 6.487950
  Model addition step   7: Added term 0 1 0 0 0 0 0 0 0 -- RMS=61.215555, GCV=2.534386e-06, AIC = 6.318354
  Model addition step   8: Added term 0 0 0 1 0 0 0 0 0 -- RMS=56.693848, GCV=2.174101e-06, AIC = 6.164897
  Model addition step   9: Added term 1 1 0 1 0 0 0 0 0 -- RMS=52.667420, GCV=1.876509e-06, AIC = 6.017573
  Model addition step  10: Added term 0 0 0 0 3 0 0 0 0 -- RMS=49.030519, GCV=1.626516e-06, AIC = 5.874478
  Model addition step  11: Added term 0 0 0 0 0 0 1 1 0 -- RMS=45.839757, GCV=1.421899e-06, AIC = 5.739909
  Model addition step  12: Added term 2 0 0 0 2 0 0 0 0 -- RMS=43.134276, GCV=1.259180e-06, AIC = 5.618255
  Model addition step  13: Added term 0 1 0 2 1 0 0 0 0 -- RMS=39.920634, GCV=1.078689e-06, AIC = 5.463419
  Model addition step  14: Added term 0 0 0 1 0 0 1 0 0 -- RMS=37.935209, GCV=9.741936e-07, AIC = 5.361406
  Model addition step  15: Added term 1 0 0 0 2 0 1 0 0 -- RMS=35.952286, GCV=8.751290e-07, AIC = 5.254045
  Model addition step  16: Added term 1 1 0 0 0 0 0 0 0 -- RMS=33.780815, GCV=7.727127e-07, AIC = 5.129459
  Model addition step  17: Added term 0 0 0 0 0 0 0 1 1 -- RMS=31.841910, GCV=6.866490e-07, AIC = 5.011253
  Model addition step  18: Added term 0 0 0 0 1 0 0 0 1 -- RMS=30.479229, GCV=6.292211e-07, AIC = 4.923791
  Model addition step  19: Added term 0 0 0 1 0 0 0 0 1 -- RMS=28.976103, GCV=5.687665e-07, AIC = 4.822657
  Model addition step  20: Added term 1 0 0 0 1 0 0 0 1 -- RMS=26.178108, GCV=4.642900e-07, AIC = 4.619574
  Model addition step  21: Added term 0 0 0 0 0 1 0 0 2 -- RMS=24.911054, GCV=4.204901e-07, AIC = 4.520364
  Model addition step  22: Added term 0 0 0 0 0 0 1 0 0 -- RMS=23.770482, GCV=3.829185e-07, AIC = 4.426643
  Model addition step  23: Added term 1 0 0 1 0 0 0 0 0 -- RMS=22.729073, GCV=3.501488e-07, AIC = 4.337057
  Model addition step  24: Added term 0 0 0 2 1 0 0 0 0 -- RMS=20.683831, GCV=2.900079e-07, AIC = 4.148486
  Model addition step  25: Added term 0 0 0 0 1 0 2 0 1 -- RMS=19.638246, GCV=2.614641e-07, AIC = 4.044753
  Model addition step  26: Added term 0 0 1 0 0 0 0 0 3 -- RMS=18.909083, GCV=2.424412e-07, AIC = 3.969093
  Model addition step  27: Added term 0 0 0 0 0 2 0 0 1 -- RMS=18.244955, GCV=2.257407e-07, AIC = 3.897599
  Model addition step  28: Added term 1 0 0 0 0 0 0 0 1 -- RMS=17.538842, GCV=2.086339e-07, AIC = 3.818671
  Model addition step  29: Added term 0 0 0 1 2 0 0 0 0 -- RMS=16.731167, GCV=1.898866e-07, AIC = 3.724395
  Model addition step  30: Added term 0 0 1 1 0 0 0 0 1 -- RMS=16.256256, GCV=1.792841e-07, AIC = 3.666818
  Model addition step  31: Added term 0 2 0 0 0 0 0 0 0 -- RMS=15.775860, GCV=1.688673e-07, AIC = 3.606838
  Model addition step  32: Added term 0 2 0 0 1 0 0 0 1 -- RMS=15.335219, GCV=1.595873e-07, AIC = 3.550194
  Model addition step  33: Added term 2 0 0 0 0 0 0 0 0 -- RMS=14.915623, GCV=1.509941e-07, AIC = 3.494721
  Model addition step  34: Added term 0 0 0 4 0 0 0 0 0 -- RMS=14.536717, GCV=1.434395e-07, AIC = 3.443272
  Model addition step  35: Added term 0 0 0 0 2 0 0 0 0 -- RMS=14.213092, GCV=1.371425e-07, AIC = 3.398257
  Model addition step  36: Added term 1 0 0 0 0 0 1 0 0 -- RMS=13.864764, GCV=1.305205e-07, AIC = 3.348645
  Model addition step  37: Added term 0 0 0 0 0 1 2 0 0 -- RMS=13.539575, GCV=1.244866e-07, AIC = 3.301191
Change in error: 0.019373. No more terms added.
   38 polynomial terms were written for pectmajt4
pectmajt5
  RMS fit error of the full model is: 0.546091 mm
  maximum moment arm: 207.391713 mm
  maximum error allowed: 20.739171 mm
  Model addition step   1: Added term 0 0 0 0 0 0 0 0 0 -- RMS=121.252080, GCV=9.935172e-06, AIC = 7.685214
  Model addition step   2: Added term 0 0 1 0 0 0 0 0 0 -- RMS=106.313122, GCV=7.638875e-06, AIC = 7.422261
  Model addition step   3: Added term 0 0 0 0 2 0 1 0 0 -- RMS=92.998190, GCV=5.846061e-06, AIC = 7.154658
  Model addition step   4: Added term 0 0 0 0 0 1 0 0 0 -- RMS=78.911631, GCV=4.209738e-06, AIC = 6.826168
  Model addition step   5: Added term 0 0 0 0 0 0 0 1 0 -- RMS=69.047501, GCV=3.223500e-06, AIC = 6.559114
  Model addition step   6: Added term 0 1 0 0 0 0 0 0 1 -- RMS=60.783025, GCV=2.498361e-06, AIC = 6.304159
  Model addition step   7: Added term 0 0 0 1 0 0 0 0 0 -- RMS=51.471916, GCV=1.791801e-06, AIC = 5.971624
  Model addition step   8: Added term 1 1 0 1 0 0 0 0 0 -- RMS=48.922436, GCV=1.618915e-06, AIC = 5.870037
  Model addition step   9: Added term 0 1 0 0 1 0 0 0 1 -- RMS=45.911973, GCV=1.425997e-06, AIC = 5.743030
  Model addition step  10: Added term 0 0 0 0 0 0 1 1 0 -- RMS=43.678584, GCV=1.290810e-06, AIC = 5.643308
  Model addition step  11: Added term 2 0 0 0 0 0 0 0 1 -- RMS=41.361273, GCV=1.157636e-06, AIC = 5.534296
  Model addition step  12: Added term 0 1 0 2 1 0 0 0 0 -- RMS=39.675642, GCV=1.065346e-06, AIC = 5.451094
  Model addition step  13: Added term 0 0 0 0 2 1 0 0 0 -- RMS=38.181169, GCV=9.867338e-07, AIC = 5.374318
  Model addition step  14: Added term 0 2 0 0 0 0 0 0 2 -- RMS=36.932963, GCV=9.233973e-07, AIC = 5.307855
  Model addition step  15: Added term 0 0 0 0 1 0 0 0 0 -- RMS=35.967389, GCV=8.758644e-07, AIC = 5.254885
  Model addition step  16: Added term 0 0 0 0 0 0 1 0 0 -- RMS=34.234507, GCV=7.936078e-07, AIC = 5.156141
  Model addition step  17: Added term 0 1 0 0 2 0 0 0 0 -- RMS=33.215441, GCV=7.471652e-07, AIC = 5.095716
  Model addition step  18: Added term 0 0 0 0 0 0 0 0 1 -- RMS=29.797603, GCV=6.013925e-07, AIC = 4.878556
  Model addition step  19: Added term 0 0 0 1 0 0 0 0 2 -- RMS=28.339331, GCV=5.440430e-07, AIC = 4.778215
  Model addition step  20: Added term 0 0 0 0 0 1 0 0 2 -- RMS=26.583595, GCV=4.787847e-07, AIC = 4.650316
  Model addition step  21: Added term 0 0 0 0 1 0 0 1 1 -- RMS=24.990730, GCV=4.231842e-07, AIC = 4.526751
  Model addition step  22: Added term 0 0 0 1 1 0 0 0 0 -- RMS=23.699854, GCV=3.806464e-07, AIC = 4.420692
  Model addition step  23: Added term 1 2 0 0 0 0 0 0 0 -- RMS=22.462298, GCV=3.419775e-07, AIC = 4.313444
  Model addition step  24: Added term 1 0 0 1 0 0 0 0 0 -- RMS=21.402582, GCV=3.105134e-07, AIC = 4.216804
  Model addition step  25: Added term 0 0 0 2 0 0 0 0 0 -- RMS=20.173771, GCV=2.759186e-07, AIC = 4.098561
  Model addition step  26: Added term 2 0 0 0 0 0 0 0 0 -- RMS=19.119878, GCV=2.478767e-07, AIC = 3.991265
  Model addition step  27: Added term 1 0 0 0 0 0 1 0 1 -- RMS=18.380832, GCV=2.291156e-07, AIC = 3.912439
  Model addition step  28: Added term 0 0 0 0 2 0 0 0 1 -- RMS=17.529540, GCV=2.084127e-07, AIC = 3.817610
  Model addition step  29: Added term 0 1 0 0 0 0 0 0 0 -- RMS=16.694844, GCV=1.890631e-07, AIC = 3.720049
  Model addition step  30: Added term 0 0 0 0 0 2 0 0 0 -- RMS=15.974444, GCV=1.731220e-07, AIC = 3.631843
  Model addition step  31: Added term 0 0 1 0 0 0 0 0 3 -- RMS=15.255212, GCV=1.579051e-07, AIC = 3.539718
  Model addition step  32: Added term 0 1 0 1 0 0 0 0 0 -- RMS=14.626603, GCV=1.451795e-07, AIC = 3.455573
  Model addition step  33: Added term 0 0 0 1 1 0 1 0 0 -- RMS=14.156956, GCV=1.360244e-07, AIC = 3.390315
  Model addition step  34: Added term 1 1 0 0 0 0 0 0 0 -- RMS=13.676920, GCV=1.269734e-07, AIC = 3.321336
  Model addition step  35: Added term 0 2 0 0 0 0 0 0 0 -- RMS=13.123691, GCV=1.169248e-07, AIC = 3.238768
  Model addition step  36: Added term 1 0 0 0 0 1 0 0 1 -- RMS=12.637577, GCV=1.084379e-07, AIC = 3.163293
  Model addition step  37: Added term 0 0 1 1 0 0 0 0 2 -- RMS=12.140586, GCV=1.000902e-07, AIC = 3.083065
  Model addition step  38: Added term 0 0 0 1 2 0 0 0 1 -- RMS=11.797427, GCV=9.452484e-08, AIC = 3.025733
  Model addition step  39: Added term 2 0 0 0 0 0 0 0 2 -- RMS=11.496287, GCV=8.977291e-08, AIC = 2.974032
  Model addition step  40: Added term 0 0 0 0 3 0 0 1 0 -- RMS=11.172478, GCV=8.479847e-08, AIC = 2.916904
  Model addition step  41: Added term 0 0 0 1 0 2 0 0 0 -- RMS=10.939591, GCV=8.131113e-08, AIC = 2.874788
Change in error: 0.018730. No more terms added.
   42 polynomial terms were written for pectmajt5
pectmajt6
  RMS fit error of the full model is: 0.619125 mm
  maximum moment arm: 231.464919 mm
  maximum error allowed: 23.146492 mm
  Model addition step   1: Added term 0 0 1 0 0 0 0 0 0 -- RMS=128.567366, GCV=1.117014e-05, AIC = 7.802377
  Model addition step   2: Added term 0 0 0 0 0 0 0 0 0 -- RMS=112.833288, GCV=8.604589e-06, AIC = 7.541307
  Model addition step   3: Added term 0 0 0 0 2 0 1 0 0 -- RMS=97.984191, GCV=6.489726e-06, AIC = 7.259110
  Model addition step   4: Added term 0 0 0 0 0 1 0 0 0 -- RMS=83.656006, GCV=4.731157e-06, AIC = 6.942938
  Model addition step   5: Added term 0 0 0 1 0 0 0 0 0 -- RMS=73.223154, GCV=3.625172e-06, AIC = 6.676548
  Model addition step   6: Added term 0 0 0 0 0 0 0 1 0 -- RMS=61.863456, GCV=2.587968e-06, AIC = 6.339397
  Model addition step   7: Added term 0 0 0 0 0 0 0 0 1 -- RMS=55.739570, GCV=2.101244e-06, AIC = 6.130932
  Model addition step   8: Added term 0 0 0 0 1 0 0 0 1 -- RMS=51.897371, GCV=1.821791e-06, AIC = 5.988101
  Model addition step   9: Added term 0 1 0 0 0 1 0 0 0 -- RMS=48.245539, GCV=1.574639e-06, AIC = 5.842185
  Model addition step  10: Added term 0 0 0 0 0 0 1 1 0 -- RMS=45.460252, GCV=1.398264e-06, AIC = 5.723269
  Model addition step  11: Added term 1 0 0 0 1 0 1 0 1 -- RMS=42.768491, GCV=1.237747e-06, AIC = 5.601209
  Model addition step  12: Added term 1 0 0 1 0 0 0 0 0 -- RMS=40.447738, GCV=1.107213e-06, AIC = 5.489641
  Model addition step  13: Added term 0 1 0 0 0 0 0 0 0 -- RMS=38.453583, GCV=1.000864e-06, AIC = 5.388536
  Model addition step  14: Added term 1 3 0 0 0 0 0 0 0 -- RMS=36.105465, GCV=8.824827e-07, AIC = 5.262535
  Model addition step  15: Added term 2 0 0 0 1 0 0 0 0 -- RMS=33.337016, GCV=7.524411e-07, AIC = 5.102996
  Model addition step  16: Added term 0 0 0 0 0 0 1 0 0 -- RMS=31.543690, GCV=6.737563e-07, AIC = 4.992420
  Model addition step  17: Added term 0 0 0 0 1 1 0 0 0 -- RMS=29.722857, GCV=5.982981e-07, AIC = 4.873519
  Model addition step  18: Added term 0 0 0 1 0 0 0 0 2 -- RMS=28.158297, GCV=5.370418e-07, AIC = 4.765384
  Model addition step  19: Added term 0 0 0 0 0 1 0 0 2 -- RMS=25.277638, GCV=4.328397e-07, AIC = 4.549554
  Model addition step  20: Added term 0 0 0 0 0 0 0 1 1 -- RMS=23.765877, GCV=3.826666e-07, AIC = 4.426229
  Model addition step  21: Added term 0 1 0 1 0 0 0 0 0 -- RMS=22.447826, GCV=3.414446e-07, AIC = 4.312128
  Model addition step  22: Added term 0 0 0 1 3 0 0 0 0 -- RMS=21.724091, GCV=3.198259e-07, AIC = 4.246598
  Model addition step  23: Added term 0 0 0 0 2 0 0 0 0 -- RMS=20.412832, GCV=2.824202e-07, AIC = 4.122095
  Model addition step  24: Added term 0 0 0 2 1 0 0 0 0 -- RMS=19.505189, GCV=2.578982e-07, AIC = 4.031142
  Model addition step  25: Added term 0 0 0 0 0 0 0 0 3 -- RMS=18.614264, GCV=2.349084e-07, AIC = 3.937651
  Model addition step  26: Added term 0 0 0 0 0 2 0 0 0 -- RMS=17.738565, GCV=2.133548e-07, AIC = 3.841291
  Model addition step  27: Added term 2 0 0 0 0 0 0 0 1 -- RMS=16.962286, GCV=1.951161e-07, AIC = 3.751807
  Model addition step  28: Added term 0 2 0 1 0 0 0 0 1 -- RMS=16.501634, GCV=1.846873e-07, AIC = 3.696754
Change in error: 0.019080. No more terms added.
   29 polynomial terms were written for pectmajt6
pectmajc1
  RMS fit error of the full model is: 0.703525 mm
  maximum moment arm: 255.860411 mm
  maximum error allowed: 25.586041 mm
  Model addition step   1: Added term 0 0 0 0 0 0 -- RMS=121.641064, GCV=6.999313e-06, AIC = 7.334951
  Model addition step   2: Added term 0 2 0 1 0 0 -- RMS=104.713958, GCV=5.187557e-06, AIC = 7.035286
  Model addition step   3: Added term 0 0 1 0 0 0 -- RMS=86.576528, GCV=3.546604e-06, AIC = 6.654897
  Model addition step   4: Added term 1 0 0 0 0 0 -- RMS=68.077760, GCV=2.193217e-06, AIC = 6.174160
  Model addition step   5: Added term 0 0 0 0 1 0 -- RMS=52.762147, GCV=1.317573e-06, AIC = 5.664467
  Model addition step   6: Added term 0 0 0 1 1 0 -- RMS=49.667766, GCV=1.167717e-06, AIC = 5.543610
  Model addition step   7: Added term 0 2 1 0 0 1 -- RMS=46.330900, GCV=1.016222e-06, AIC = 5.404535
  Model addition step   8: Added term 0 0 0 0 0 1 -- RMS=41.052994, GCV=7.979867e-07, AIC = 5.162664
  Model addition step   9: Added term 0 2 0 0 0 2 -- RMS=31.100374, GCV=4.580321e-07, AIC = 4.607395
  Model addition step  10: Added term 1 0 0 0 0 2 -- RMS=29.088080, GCV=4.007315e-07, AIC = 4.473632
  Model addition step  11: Added term 0 1 0 0 1 1 -- RMS=26.935813, GCV=3.436706e-07, AIC = 4.319908
  Model addition step  12: Added term 0 0 0 2 0 0 -- RMS=24.753454, GCV=2.902769e-07, AIC = 4.150944
  Model addition step  13: Added term 1 3 0 0 0 0 -- RMS=23.306426, GCV=2.573659e-07, AIC = 4.030491
  Model addition step  14: Added term 0 1 0 0 0 0 -- RMS=21.691002, GCV=2.229552e-07, AIC = 3.886847
  Model addition step  15: Added term 0 0 0 1 0 0 -- RMS=18.590430, GCV=1.637932e-07, AIC = 3.578365
  Model addition step  16: Added term 0 0 2 0 0 0 -- RMS=16.889875, GCV=1.352162e-07, AIC = 3.386520
  Model addition step  17: Added term 0 1 1 0 0 1 -- RMS=15.649485, GCV=1.161007e-07, AIC = 3.233986
  Model addition step  18: Added term 1 1 0 0 0 0 -- RMS=14.888580, GCV=1.050993e-07, AIC = 3.134319
  Model addition step  19: Added term 1 2 0 0 0 1 -- RMS=14.193796, GCV=9.553208e-08, AIC = 3.038759
  Model addition step  20: Added term 0 0 0 0 0 2 -- RMS=13.391900, GCV=8.505410e-08, AIC = 2.922468
  Model addition step  21: Added term 0 2 0 0 0 1 -- RMS=11.831162, GCV=6.639333e-08, AIC = 2.674661
  Model addition step  22: Added term 0 0 1 0 0 2 -- RMS=11.047093, GCV=5.789279e-08, AIC = 2.537541
  Model addition step  23: Added term 2 1 1 0 0 0 -- RMS=10.264727, GCV=4.998987e-08, AIC = 2.390653
  Model addition step  24: Added term 1 1 1 1 0 0 -- RMS=9.609469, GCV=4.381721e-08, AIC = 2.258743
  Model addition step  25: Added term 2 0 0 1 0 1 -- RMS=9.115278, GCV=3.943162e-08, AIC = 2.153169
  Model addition step  26: Added term 1 0 1 0 1 1 -- RMS=8.578373, GCV=3.492798e-08, AIC = 2.031773
  Model addition step  27: Added term 0 1 2 0 1 0 -- RMS=8.043966, GCV=3.071587e-08, AIC = 1.903148
  Model addition step  28: Added term 1 2 0 0 1 0 -- RMS=7.639733, GCV=2.771007e-08, AIC = 1.800048
  Model addition step  29: Added term 0 0 0 1 0 1 -- RMS=7.297506, GCV=2.528651e-08, AIC = 1.708407
  Model addition step  30: Added term 0 0 1 0 1 0 -- RMS=6.947800, GCV=2.292416e-08, AIC = 1.610211
  Model addition step  31: Added term 2 1 0 1 0 0 -- RMS=6.638471, GCV=2.093118e-08, AIC = 1.519144
  Model addition step  32: Added term 0 0 0 0 0 3 -- RMS=6.376418, GCV=1.931390e-08, AIC = 1.438613
  Model addition step  33: Added term 2 0 1 0 0 1 -- RMS=6.120606, GCV=1.779771e-08, AIC = 1.356741
  Model addition step  34: Added term 0 2 0 1 1 0 -- RMS=5.896048, GCV=1.651794e-08, AIC = 1.282003
  Model addition step  35: Added term 0 1 0 1 1 1 -- RMS=5.617831, GCV=1.499789e-08, AIC = 1.185349
  Model addition step  36: Added term 0 1 0 1 0 0 -- RMS=5.426319, GCV=1.399466e-08, AIC = 1.115999
  Model addition step  37: Added term 0 3 1 0 0 0 -- RMS=5.258834, GCV=1.314587e-08, AIC = 1.053315
  Model addition step  38: Added term 0 0 2 0 0 1 -- RMS=5.048599, GCV=1.211745e-08, AIC = 0.971737
  Model addition step  39: Added term 0 0 0 0 2 1 -- RMS=4.881137, GCV=1.132844e-08, AIC = 0.904291
  Model addition step  40: Added term 0 1 1 1 1 0 -- RMS=4.695141, GCV=1.048297e-08, AIC = 0.826611
  Model addition step  41: Added term 1 1 0 1 1 0 -- RMS=4.489908, GCV=9.587840e-09, AIC = 0.737238
  Model addition step  42: Added term 0 2 0 0 2 0 -- RMS=4.235147, GCV=8.531819e-09, AIC = 0.620429
  Model addition step  43: Added term 0 0 1 0 0 1 -- RMS=4.110323, GCV=8.037398e-09, AIC = 0.560615
  Model addition step  44: Added term 1 0 1 2 0 0 -- RMS=3.990625, GCV=7.577122e-09, AIC = 0.501527
  Model addition step  45: Added term 0 1 0 2 1 0 -- RMS=3.892602, GCV=7.210434e-09, AIC = 0.451807
  Model addition step  46: Added term 0 0 1 2 0 1 -- RMS=3.800761, GCV=6.875135e-09, AIC = 0.404073
  Model addition step  47: Added term 1 0 0 2 0 1 -- RMS=3.571727, GCV=6.072332e-09, AIC = 0.279788
  Model addition step  48: Added term 0 2 1 1 0 0 -- RMS=3.449359, GCV=5.664151e-09, AIC = 0.210086
  Model addition step  49: Added term 1 2 0 1 0 0 -- RMS=3.337316, GCV=5.302876e-09, AIC = 0.144062
  Model addition step  50: Added term 2 0 0 0 1 1 -- RMS=3.200895, GCV=4.878862e-09, AIC = 0.060608
  Model addition step  51: Added term 0 0 0 2 0 1 -- RMS=3.115775, GCV=4.623456e-09, AIC = 0.006722
  Model addition step  52: Added term 0 1 0 1 2 0 -- RMS=3.041048, GCV=4.404939e-09, AIC = -0.041810
  Model addition step  53: Added term 0 1 0 0 0 3 -- RMS=2.964356, GCV=4.186133e-09, AIC = -0.092875
  Model addition step  54: Added term 0 0 0 0 1 1 -- RMS=2.891847, GCV=3.984391e-09, AIC = -0.142385
  Model addition step  55: Added term 0 1 0 0 1 2 -- RMS=2.814901, GCV=3.775691e-09, AIC = -0.196302
  Model addition step  56: Added term 1 0 1 1 0 0 -- RMS=2.747284, GCV=3.596966e-09, AIC = -0.244911
  Model addition step  57: Added term 0 0 3 0 0 0 -- RMS=2.671071, GCV=3.400625e-09, AIC = -0.301159
  Model addition step  58: Added term 1 0 1 0 1 0 -- RMS=2.605146, GCV=3.235274e-09, AIC = -0.351121
Change in error: 0.019638. No more terms added.
   59 polynomial terms were written for pectmajc1
pectmajc2
  RMS fit error of the full model is: 0.476100 mm
  maximum moment arm: 188.867020 mm
  maximum error allowed: 18.886702 mm
  Model addition step   1: Added term 0 0 0 0 0 0 -- RMS=93.832661, GCV=4.164886e-06, AIC = 6.815827
  Model addition step   2: Added term 0 2 0 1 0 0 -- RMS=80.020069, GCV=3.029365e-06, AIC = 6.497376
  Model addition step   3: Added term 0 0 1 0 0 0 -- RMS=66.108288, GCV=2.067875e-06, AIC = 6.115428
  Model addition step   4: Added term 1 0 0 0 0 0 -- RMS=52.083845, GCV=1.283740e-06, AIC = 5.638569
  Model addition step   5: Added term 0 0 0 0 1 0 -- RMS=37.697525, GCV=6.725979e-07, AIC = 4.992067
  Model addition step   6: Added term 0 2 1 0 0 1 -- RMS=34.256939, GCV=5.555020e-07, AIC = 4.800676
  Model addition step   7: Added term 0 0 0 1 1 0 -- RMS=31.696217, GCV=4.756222e-07, AIC = 4.645312
  Model addition step   8: Added term 0 2 0 0 0 0 -- RMS=29.870838, GCV=4.224748e-07, AIC = 4.526702
  Model addition step   9: Added term 0 0 0 0 0 4 -- RMS=28.388333, GCV=3.816317e-07, AIC = 4.424912
  Model addition step  10: Added term 0 0 0 0 0 1 -- RMS=23.843865, GCV=2.692630e-07, AIC = 4.076029
  Model addition step  11: Added term 0 1 0 0 0 2 -- RMS=22.014130, GCV=2.295542e-07, AIC = 3.916363
  Model addition step  12: Added term 0 0 0 1 0 0 -- RMS=19.792794, GCV=1.855902e-07, AIC = 3.703650
  Model addition step  13: Added term 1 2 0 0 0 0 -- RMS=17.425390, GCV=1.438681e-07, AIC = 3.448890
  Model addition step  14: Added term 1 2 0 0 0 1 -- RMS=14.786922, GCV=1.036129e-07, AIC = 3.120539
  Model addition step  15: Added term 0 1 0 0 1 1 -- RMS=13.311455, GCV=8.397851e-08, AIC = 2.910322
  Model addition step  16: Added term 0 0 0 2 0 0 -- RMS=11.858276, GCV=6.665289e-08, AIC = 2.679143
  Model addition step  17: Added term 0 0 2 0 0 0 -- RMS=10.323513, GCV=5.052306e-08, AIC = 2.401959
  Model addition step  18: Added term 0 1 1 0 0 1 -- RMS=9.341002, GCV=4.136950e-08, AIC = 2.201957
  Model addition step  19: Added term 0 3 0 0 1 0 -- RMS=8.877180, GCV=3.736820e-08, AIC = 2.100117
  Model addition step  20: Added term 2 0 1 0 0 0 -- RMS=8.404378, GCV=3.349825e-08, AIC = 1.990674
  Model addition step  21: Added term 0 0 0 0 1 1 -- RMS=8.074224, GCV=3.092226e-08, AIC = 1.910541
  Model addition step  22: Added term 1 0 1 0 1 1 -- RMS=7.590118, GCV=2.732911e-08, AIC = 1.786901
  Model addition step  23: Added term 0 1 2 0 1 0 -- RMS=7.215508, GCV=2.470137e-08, AIC = 1.685691
  Model addition step  24: Added term 2 0 0 0 1 1 -- RMS=6.811677, GCV=2.201680e-08, AIC = 1.570522
  Model addition step  25: Added term 0 1 0 1 0 2 -- RMS=6.518432, GCV=2.016467e-08, AIC = 1.482532
  Model addition step  26: Added term 1 1 1 1 0 0 -- RMS=6.303061, GCV=1.885674e-08, AIC = 1.415355
  Model addition step  27: Added term 0 1 0 0 3 0 -- RMS=6.149740, GCV=1.795295e-08, AIC = 1.366123
  Model addition step  28: Added term 0 1 0 1 0 0 -- RMS=5.995638, GCV=1.706680e-08, AIC = 1.315387
  Model addition step  29: Added term 2 1 0 1 0 0 -- RMS=5.852945, GCV=1.626630e-08, AIC = 1.267232
  Model addition step  30: Added term 0 1 1 1 1 0 -- RMS=5.711727, GCV=1.549293e-08, AIC = 1.218404
  Model addition step  31: Added term 1 1 0 1 1 0 -- RMS=5.483568, GCV=1.428184e-08, AIC = 1.136893
  Model addition step  32: Added term 0 1 0 0 0 3 -- RMS=5.337332, GCV=1.353209e-08, AIC = 1.082852
  Model addition step  33: Added term 0 2 0 0 0 1 -- RMS=5.144157, GCV=1.257198e-08, AIC = 1.009142
  Model addition step  34: Added term 0 0 0 0 0 3 -- RMS=4.730204, GCV=1.063148e-08, AIC = 0.841375
  Model addition step  35: Added term 1 0 0 0 0 1 -- RMS=4.512680, GCV=9.677471e-09, AIC = 0.747240
  Model addition step  36: Added term 0 0 1 0 1 1 -- RMS=4.415799, GCV=9.267664e-09, AIC = 0.703855
  Model addition step  37: Added term 1 1 0 0 1 1 -- RMS=4.310835, GCV=8.833509e-09, AIC = 0.655759
  Model addition step  38: Added term 2 0 1 0 0 1 -- RMS=4.196858, GCV=8.373710e-09, AIC = 0.602188
  Model addition step  39: Added term 2 1 1 0 0 0 -- RMS=4.075506, GCV=7.897529e-09, AIC = 0.543525
  Model addition step  40: Added term 1 0 0 1 0 2 -- RMS=3.969963, GCV=7.494799e-09, AIC = 0.491068
  Model addition step  41: Added term 0 0 1 1 0 2 -- RMS=3.666262, GCV=6.392827e-09, AIC = 0.331919
  Model addition step  42: Added term 0 2 0 1 1 0 -- RMS=3.554269, GCV=6.009043e-09, AIC = 0.269892
  Model addition step  43: Added term 0 1 0 2 1 0 -- RMS=3.467068, GCV=5.718581e-09, AIC = 0.220231
  Model addition step  44: Added term 0 0 1 0 2 0 -- RMS=3.386850, GCV=5.457759e-09, AIC = 0.173432
  Model addition step  45: Added term 0 0 0 0 2 1 -- RMS=3.302772, GCV=5.190849e-09, AIC = 0.123175
  Model addition step  46: Added term 0 2 0 0 2 0 -- RMS=3.187343, GCV=4.835014e-09, AIC = 0.052045
  Model addition step  47: Added term 0 1 0 1 2 0 -- RMS=3.091848, GCV=4.550252e-09, AIC = -0.008772
  Model addition step  48: Added term 0 1 0 1 0 1 -- RMS=3.010755, GCV=4.315277e-09, AIC = -0.061910
  Model addition step  49: Added term 0 1 2 0 0 1 -- RMS=2.937413, GCV=4.108157e-09, AIC = -0.111213
  Model addition step  50: Added term 0 0 0 0 0 2 -- RMS=2.869715, GCV=3.921510e-09, AIC = -0.157827
  Model addition step  51: Added term 0 0 1 1 1 1 -- RMS=2.806178, GCV=3.750290e-09, AIC = -0.202587
  Model addition step  52: Added term 1 0 0 1 1 1 -- RMS=2.745630, GCV=3.590688e-09, AIC = -0.246193
  Model addition step  53: Added term 1 1 0 0 2 0 -- RMS=2.687973, GCV=3.441931e-09, AIC = -0.288620
  Model addition step  54: Added term 0 1 0 0 0 0 -- RMS=2.632143, GCV=3.300884e-09, AIC = -0.330579
  Model addition step  55: Added term 0 3 1 0 0 0 -- RMS=2.553540, GCV=3.107103e-09, AIC = -0.391195
  Model addition step  56: Added term 0 1 0 0 2 1 -- RMS=2.492814, GCV=2.961480e-09, AIC = -0.439312
  Model addition step  57: Added term 0 0 1 0 0 1 -- RMS=2.435689, GCV=2.827689e-09, AIC = -0.485658
  Model addition step  58: Added term 1 1 0 0 0 0 -- RMS=2.344604, GCV=2.620511e-09, AIC = -0.561865
  Model addition step  59: Added term 0 1 2 1 0 0 -- RMS=2.280940, GCV=2.480468e-09, AIC = -0.616904
  Model addition step  60: Added term 0 0 2 1 0 0 -- RMS=2.214889, GCV=2.339207e-09, AIC = -0.675655
  Model addition step  61: Added term 1 1 0 0 0 2 -- RMS=2.168589, GCV=2.242736e-09, AIC = -0.717887
  Model addition step  62: Added term 0 0 1 0 0 2 -- RMS=2.042303, GCV=1.989403e-09, AIC = -0.837865
  Model addition step  63: Added term 0 0 1 2 0 0 -- RMS=1.979349, GCV=1.868900e-09, AIC = -0.900466
  Model addition step  64: Added term 1 0 0 2 0 0 -- RMS=1.829709, GCV=1.597219e-09, AIC = -1.057669
  Model addition step  65: Added term 1 2 0 0 1 0 -- RMS=1.780865, GCV=1.513287e-09, AIC = -1.111765
  Model addition step  66: Added term 0 0 1 0 1 0 -- RMS=1.711475, GCV=1.397847e-09, AIC = -1.191232
  Model addition step  67: Added term 0 0 3 0 0 0 -- RMS=1.662758, GCV=1.319579e-09, AIC = -1.248969
  Model addition step  68: Added term 0 2 0 0 1 1 -- RMS=1.625140, GCV=1.260717e-09, AIC = -1.294718
  Model addition step  69: Added term 1 1 1 0 1 0 -- RMS=1.589685, GCV=1.206473e-09, AIC = -1.338814
  Model addition step  70: Added term 1 0 0 0 0 2 -- RMS=1.557651, GCV=1.158496e-09, AIC = -1.379508
Change in error: 0.018906. No more terms added.
   71 polynomial terms were written for pectmajc2
tricmed1
  RMS fit error of the full model is: 0.031170 mm
  maximum moment arm: 22.671733 mm
  maximum error allowed: 2.267173 mm
  Model addition step   1: Added term 0 -- RMS=14.715373, GCV=2.926641e-08, AIC = 1.857872
  Model addition step   2: Added term 1 -- RMS=0.686742, GCV=6.374901e-11, AIC = -4.271438
  Model addition step   3: Added term 2 -- RMS=0.096814, GCV=1.267121e-12, AIC = -8.189712
  Model addition step   4: Added term 4 -- RMS=0.041873, GCV=2.370633e-13, AIC = -9.865955
  5 polynomial terms were written for tricmed1
tricmed2
  RMS fit error of the full model is: 0.023208 mm
  maximum moment arm: 23.047362 mm
  maximum error allowed: 2.304736 mm
  Model addition step   1: Added term 0 -- RMS=15.004315, GCV=3.042701e-08, AIC = 1.896762
  Model addition step   2: Added term 1 -- RMS=0.737059, GCV=7.343280e-11, AIC = -4.130021
  Model addition step   3: Added term 2 -- RMS=0.070712, GCV=6.759749e-13, AIC = -8.818058
  Model addition step   4: Added term 4 -- RMS=0.054908, GCV=4.076373e-13, AIC = -9.323904
  5 polynomial terms were written for tricmed2
tricmed3
  RMS fit error of the full model is: 0.028627 mm
  maximum moment arm: 19.884916 mm
  maximum error allowed: 2.000000 mm
  Model addition step   1: Added term 0 -- RMS=13.152067, GCV=2.337841e-08, AIC = 1.633245
  Model addition step   2: Added term 1 -- RMS=0.415697, GCV=2.335824e-11, AIC = -5.275442
  Model addition step   3: Added term 2 -- RMS=0.094484, GCV=1.206871e-12, AIC = -8.238428
  Model addition step   4: Added term 3 -- RMS=0.028911, GCV=1.130094e-13, AIC = -10.606811
  5 polynomial terms were written for tricmed3
tricmed4
  RMS fit error of the full model is: 0.022524 mm
  maximum moment arm: 22.771193 mm
  maximum error allowed: 2.277119 mm
  Model addition step   1: Added term 0 -- RMS=14.933729, GCV=3.014140e-08, AIC = 1.887331
  Model addition step   2: Added term 1 -- RMS=0.705125, GCV=6.720756e-11, AIC = -4.218606
  Model addition step   3: Added term 2 -- RMS=0.046214, GCV=2.887321e-13, AIC = -9.668715
Change in error: 0.006509. No more terms added.
   4 polynomial terms were written for tricmed4
tricmed5
  RMS fit error of the full model is: 0.022245 mm
  maximum moment arm: 23.092009 mm
  maximum error allowed: 2.309201 mm
  Model addition step   1: Added term 0 -- RMS=15.067463, GCV=3.068367e-08, AIC = 1.905162
  Model addition step   2: Added term 1 -- RMS=0.734496, GCV=7.292293e-11, AIC = -4.136988
  Model addition step   3: Added term 2 -- RMS=0.060721, GCV=4.984487e-13, AIC = -9.122713
  Model addition step   4: Added term 4 -- RMS=0.053768, GCV=3.908817e-13, AIC = -9.365877
  5 polynomial terms were written for tricmed5
brachialis1
  RMS fit error of the full model is: 0.093195 mm
  maximum moment arm: 15.079630 mm
  maximum error allowed: 2.000000 mm
  Model addition step   1: Added term 0 -- RMS=7.187007, GCV=6.981087e-09, AIC = 0.424636
  Model addition step   2: Added term 2 -- RMS=1.011126, GCV=1.381964e-10, AIC = -3.497716
  Model addition step   3: Added term 1 -- RMS=0.414225, GCV=2.319625e-11, AIC = -5.282468
  Model addition step   4: Added term 4 -- RMS=0.110149, GCV=1.640444e-12, AIC = -7.931560
  5 polynomial terms were written for brachialis1
brachialis2
  RMS fit error of the full model is: 0.056085 mm
  maximum moment arm: 15.010702 mm
  maximum error allowed: 2.000000 mm
  Model addition step   1: Added term 0 -- RMS=8.309958, GCV=9.333071e-09, AIC = 0.714996
  Model addition step   2: Added term 1 -- RMS=0.776280, GCV=8.145582e-11, AIC = -4.026331
  Model addition step   3: Added term 3 -- RMS=0.083739, GCV=9.479820e-13, AIC = -8.479879
  Model addition step   4: Added term 2 -- RMS=0.080466, GCV=8.754421e-13, AIC = -8.559553
  5 polynomial terms were written for brachialis2
brachialis3
  RMS fit error of the full model is: 0.010719 mm
  maximum moment arm: 14.548089 mm
  maximum error allowed: 2.000000 mm
  Model addition step   1: Added term 0 -- RMS=8.951241, GCV=1.082913e-08, AIC = 0.863671
  Model addition step   2: Added term 1 -- RMS=0.663179, GCV=5.944941e-11, AIC = -4.341266
  Model addition step   3: Added term 2 -- RMS=0.020995, GCV=5.959185e-14, AIC = -11.246695
  Model addition step   4: Added term 3 -- RMS=0.010855, GCV=1.593180e-14, AIC = -12.565965
  5 polynomial terms were written for brachialis3
brachialis4
  RMS fit error of the full model is: 0.054977 mm
  maximum moment arm: 14.333553 mm
  maximum error allowed: 2.000000 mm
  Model addition step   1: Added term 0 -- RMS=7.464878, GCV=7.531342e-09, AIC = 0.500505
  Model addition step   2: Added term 1 -- RMS=0.889789, GCV=1.070187e-10, AIC = -3.753388
  Model addition step   3: Added term 4 -- RMS=0.103388, GCV=1.445062e-12, AIC = -8.058307
Change in error: 0.002056. No more terms added.
   4 polynomial terms were written for brachialis4
brachialis5
  RMS fit error of the full model is: 0.006328 mm
  maximum moment arm: 13.056962 mm
  maximum error allowed: 2.000000 mm
  Model addition step   1: Added term 0 -- RMS=8.021191, GCV=8.695703e-09, AIC = 0.644260
  Model addition step   2: Added term 1 -- RMS=0.591122, GCV=4.723232e-11, AIC = -4.571313
  Model addition step   3: Added term 2 -- RMS=0.023683, GCV=7.582789e-14, AIC = -11.005748
  Model addition step   4: Added term 3 -- RMS=0.006532, GCV=5.768568e-15, AIC = -13.581858
  5 polynomial terms were written for brachialis5
brachialis6
  RMS fit error of the full model is: 0.006939 mm
  maximum moment arm: 13.003424 mm
  maximum error allowed: 2.000000 mm
  Model addition step   1: Added term 0 -- RMS=8.004012, GCV=8.658496e-09, AIC = 0.639973
  Model addition step   2: Added term 1 -- RMS=0.589067, GCV=4.690457e-11, AIC = -4.578276
  Model addition step   3: Added term 2 -- RMS=0.018810, GCV=4.783332e-14, AIC = -11.466492
  Model addition step   4: Added term 3 -- RMS=0.007123, GCV=6.859972e-15, AIC = -13.408578
  5 polynomial terms were written for brachialis6
brachialis7
  RMS fit error of the full model is: 0.001533 mm
  maximum moment arm: 11.367269 mm
  maximum error allowed: 2.000000 mm
  Model addition step   1: Added term 0 -- RMS=6.972811, GCV=6.571171e-09, AIC = 0.364124
  Model addition step   2: Added term 1 -- RMS=0.510453, GCV=3.522063e-11, AIC = -4.864759
  Model addition step   3: Added term 2 -- RMS=0.026040, GCV=9.167296e-14, AIC = -10.815987
  Model addition step   4: Added term 3 -- RMS=0.002182, GCV=6.436798e-16, AIC = -15.774836
  5 polynomial terms were written for brachialis7
brachiorad1
  RMS fit error of the full model is: 0.281085 mm
  maximum moment arm: 39.068991 mm
  maximum error allowed: 3.906899 mm
  Model addition step   1: Added term 0 0 -- RMS=18.576289, GCV=6.995780e-08, AIC = 2.729301
  Model addition step   2: Added term 2 0 -- RMS=10.312296, GCV=2.156193e-08, AIC = 1.552248
  Model addition step   3: Added term 2 2 -- RMS=1.437315, GCV=4.189281e-10, AIC = -2.388827
  Model addition step   4: Added term 1 0 -- RMS=1.152355, GCV=2.693189e-10, AIC = -2.830720
  Model addition step   5: Added term 3 1 -- RMS=0.679021, GCV=9.352329e-11, AIC = -3.888496
  Model addition step   6: Added term 2 1 -- RMS=0.440716, GCV=3.940306e-11, AIC = -4.752953
  Model addition step   7: Added term 4 0 -- RMS=0.409625, GCV=3.404415e-11, AIC = -4.899229
  Model addition step   8: Added term 3 0 -- RMS=0.365371, GCV=2.708923e-11, AIC = -5.127841
  Model addition step   9: Added term 1 1 -- RMS=0.334825, GCV=2.275228e-11, AIC = -5.302402
  Model addition step  10: Added term 0 2 -- RMS=0.299201, GCV=1.817073e-11, AIC = -5.527346
  Model addition step  11: Added term 1 3 -- RMS=0.292307, GCV=1.734536e-11, AIC = -5.573923
Change in error: 0.015619. No more terms added.
   12 polynomial terms were written for brachiorad1
brachiorad2
  RMS fit error of the full model is: 0.425933 mm
  maximum moment arm: 27.938120 mm
  maximum error allowed: 2.793812 mm
  Model addition step   1: Added term 0 0 -- RMS=12.965827, GCV=3.408150e-08, AIC = 2.010164
  Model addition step   2: Added term 1 0 -- RMS=6.492643, GCV=8.547123e-09, AIC = 0.626914
  Model addition step   3: Added term 1 3 -- RMS=2.206300, GCV=9.871078e-10, AIC = -1.531747
  Model addition step   4: Added term 4 0 -- RMS=1.512562, GCV=4.640032e-10, AIC = -2.286725
  Model addition step   5: Added term 3 1 -- RMS=1.172776, GCV=2.789863e-10, AIC = -2.795544
  Model addition step   6: Added term 0 4 -- RMS=0.770275, GCV=1.203660e-10, AIC = -3.636260
  Model addition step   7: Added term 1 1 -- RMS=0.481599, GCV=4.705881e-11, AIC = -4.575489
  Model addition step   8: Added term 0 1 -- RMS=0.457530, GCV=4.247851e-11, AIC = -4.677979
  Model addition step   9: Added term 2 2 -- RMS=0.440166, GCV=3.932074e-11, AIC = -4.755315
Change in error: 0.000608. No more terms added.
   10 polynomial terms were written for brachiorad2
brachiorad3
  RMS fit error of the full model is: 0.248138 mm
  maximum moment arm: 19.966674 mm
  maximum error allowed: 2.000000 mm
  Model addition step   1: Added term 0 0 -- RMS=11.841722, GCV=2.842811e-08, AIC = 1.828787
  Model addition step   2: Added term 1 0 -- RMS=6.021642, GCV=7.352021e-09, AIC = 0.476294
  Model addition step   3: Added term 0 4 -- RMS=0.677435, GCV=9.306181e-11, AIC = -3.893263
  Model addition step   4: Added term 0 1 -- RMS=0.521190, GCV=5.509180e-11, AIC = -4.417616
  Model addition step   5: Added term 3 1 -- RMS=0.441749, GCV=3.958265e-11, AIC = -4.748316
  Model addition step   6: Added term 4 0 -- RMS=0.423086, GCV=3.631359e-11, AIC = -4.834605
  Model addition step   7: Added term 2 2 -- RMS=0.349048, GCV=2.471957e-11, AIC = -5.219292
  Model addition step   8: Added term 1 3 -- RMS=0.305615, GCV=1.895299e-11, AIC = -5.485015
  Model addition step   9: Added term 3 0 -- RMS=0.282158, GCV=1.615748e-11, AIC = -5.644684
  Model addition step  10: Added term 2 1 -- RMS=0.261604, GCV=1.389101e-11, AIC = -5.795916
  Model addition step  11: Added term 1 2 -- RMS=0.251059, GCV=1.279546e-11, AIC = -5.878157
Change in error: 0.004878. No more terms added.
   12 polynomial terms were written for brachiorad3
pronteres1
  RMS fit error of the full model is: 0.000068 mm
  maximum moment arm: 10.291475 mm
  maximum error allowed: 2.000000 mm
  Model addition step   1: Added term 0 0 -- RMS=7.315504, GCV=1.084942e-08, AIC = 0.865521
  Model addition step   2: Added term 1 3 -- RMS=4.057797, GCV=3.338548e-09, AIC = -0.313145
  Model addition step   3: Added term 0 1 -- RMS=1.130221, GCV=2.590372e-10, AIC = -2.869555
  Model addition step   4: Added term 2 0 -- RMS=0.229107, GCV=1.064563e-11, AIC = -6.061467
  Model addition step   5: Added term 1 0 -- RMS=0.082444, GCV=1.378695e-12, AIC = -8.105569
  Model addition step   6: Added term 0 2 -- RMS=0.042781, GCV=3.712824e-13, AIC = -9.417589
  Model addition step   7: Added term 0 4 -- RMS=0.032339, GCV=2.121831e-13, AIC = -9.977193
  Model addition step   8: Added term 1 1 -- RMS=0.019901, GCV=8.036342e-14, AIC = -10.948173
  Model addition step   9: Added term 3 0 -- RMS=0.008745, GCV=1.552061e-14, AIC = -12.592654
  Model addition step  10: Added term 2 2 -- RMS=0.001190, GCV=2.872391e-16, AIC = -16.582353
  Model addition step  11: Added term 4 0 -- RMS=0.000201, GCV=8.185201e-18, AIC = -20.140431
  Model addition step  12: Added term 1 2 -- RMS=0.000155, GCV=4.852357e-18, AIC = -20.663384
  Model addition step  13: Added term 0 3 -- RMS=0.000112, GCV=2.555076e-18, AIC = -21.304857
  Model addition step  14: Added term 2 1 -- RMS=0.000076, GCV=1.169661e-18, AIC = -22.086315
  15 polynomial terms were written for pronteres1
pronteres2
  RMS fit error of the full model is: 0.000042 mm
  maximum moment arm: 9.049968 mm
  maximum error allowed: 2.000000 mm
  Model addition step   1: Added term 0 -- RMS=6.165850, GCV=5.138222e-09, AIC = 0.118139
  Model addition step   2: Added term 1 -- RMS=0.193857, GCV=5.079815e-12, AIC = -6.801116
  Model addition step   3: Added term 4 -- RMS=0.027318, GCV=1.008902e-13, AIC = -10.720181
  Model addition step   4: Added term 2 -- RMS=0.000478, GCV=3.089929e-17, AIC = -18.811304
  5 polynomial terms were written for pronteres2
supinator1
  RMS fit error of the full model is: 0.000016 mm
  maximum moment arm: 3.902337 mm
  maximum error allowed: 2.000000 mm
  Model addition step   1: Added term 0 -- RMS=2.261488, GCV=6.912187e-10, AIC = -1.887867
  Model addition step   2: Added term 1 -- RMS=0.247439, GCV=8.276000e-12, AIC = -6.313032
  Model addition step   3: Added term 2 -- RMS=0.009022, GCV=1.100304e-14, AIC = -12.936043
  Model addition step   4: Added term 4 -- RMS=0.000334, GCV=1.509043e-17, AIC = -19.527976
  5 polynomial terms were written for supinator1
supinator2
  RMS fit error of the full model is: 0.000025 mm
  maximum moment arm: 3.761831 mm
  maximum error allowed: 2.000000 mm
  Model addition step   1: Added term 0 -- RMS=2.175570, GCV=6.396954e-10, AIC = -1.965332
  Model addition step   2: Added term 1 -- RMS=0.243727, GCV=8.029589e-12, AIC = -6.343258
  Model addition step   3: Added term 2 -- RMS=0.006909, GCV=6.453415e-15, AIC = -13.469605
  Model addition step   4: Added term 4 -- RMS=0.000322, GCV=1.400764e-17, AIC = -19.602435
  5 polynomial terms were written for supinator2
supinator3
  RMS fit error of the full model is: 0.000007 mm
  maximum moment arm: 3.673806 mm
  maximum error allowed: 2.000000 mm
  Model addition step   1: Added term 0 -- RMS=2.146099, GCV=6.224817e-10, AIC = -1.992610
  Model addition step   2: Added term 1 -- RMS=0.232469, GCV=7.304944e-12, AIC = -6.437840
  Model addition step   3: Added term 2 -- RMS=0.003147, GCV=1.339160e-15, AIC = -15.042172
  Model addition step   4: Added term 4 -- RMS=0.000294, GCV=1.171676e-17, AIC = -19.781017
  5 polynomial terms were written for supinator3
supinator4
  RMS fit error of the full model is: 0.000218 mm
  maximum moment arm: 3.306772 mm
  maximum error allowed: 2.000000 mm
  Model addition step   1: Added term 0 -- RMS=1.897078, GCV=4.864041e-10, AIC = -2.239284
  Model addition step   2: Added term 1 -- RMS=0.227714, GCV=7.009119e-12, AIC = -6.479179
  Model addition step   3: Added term 2 -- RMS=0.002769, GCV=1.036290e-15, AIC = -15.298567
  Model addition step   4: Added term 4 -- RMS=0.000369, GCV=1.838562e-17, AIC = -19.330468
  5 polynomial terms were written for supinator4
supinator5
  RMS fit error of the full model is: 0.002340 mm
  maximum moment arm: 2.888362 mm
  maximum error allowed: 2.000000 mm
  Model addition step   1: Added term 0 -- RMS=1.616842, GCV=3.533151e-10, AIC = -2.558963
  Model addition step   2: Added term 1 -- RMS=0.220558, GCV=6.575511e-12, AIC = -6.543039
  Model addition step   3: Added term 2 -- RMS=0.003296, GCV=1.468967e-15, AIC = -14.949655
  Model addition step   4: Added term 4 -- RMS=0.002359, GCV=7.526824e-16, AIC = -15.618394
  5 polynomial terms were written for supinator5
pronquad1
  RMS fit error of the full model is: 0.000052 mm
  maximum moment arm: 4.326627 mm
  maximum error allowed: 2.000000 mm
  Model addition step   1: Added term 0 -- RMS=2.505857, GCV=8.486716e-10, AIC = -1.682651
  Model addition step   2: Added term 1 -- RMS=0.324489, GCV=1.423268e-11, AIC = -5.770850
  Model addition step   3: Added term 4 -- RMS=0.004343, GCV=2.550438e-15, AIC = -14.397949
  Model addition step   4: Added term 2 -- RMS=0.000897, GCV=1.087750e-16, AIC = -17.552756
  5 polynomial terms were written for pronquad1
pronquad2
  RMS fit error of the full model is: 0.000025 mm
  maximum moment arm: 2.137613 mm
  maximum error allowed: 2.000000 mm
  Model addition step   1: Added term 0 -- RMS=0.683966, GCV=6.322609e-11, AIC = -4.279607
  Model addition step   2: Added term 1 -- RMS=0.623459, GCV=5.254144e-11, AIC = -4.464789
  Model addition step   3: Added term 2 -- RMS=0.004211, GCV=2.397349e-15, AIC = -14.459851
  Model addition step   4: Added term 3 -- RMS=0.002625, GCV=9.319604e-16, AIC = -15.404747
  5 polynomial terms were written for pronquad2
pronquad3
  RMS fit error of the full model is: 0.000202 mm
  maximum moment arm: 5.405567 mm
  maximum error allowed: 2.000000 mm
  Model addition step   1: Added term 0 -- RMS=2.715790, GCV=9.968262e-10, AIC = -1.521747
  Model addition step   2: Added term 4 -- RMS=0.262172, GCV=9.290937e-12, AIC = -6.197352
  Model addition step   3: Added term 1 -- RMS=0.062437, GCV=5.270177e-13, AIC = -9.066980
  Model addition step   4: Added term 3 -- RMS=0.000376, GCV=1.910841e-17, AIC = -19.291909
  5 polynomial terms were written for pronquad3
triclat1
  RMS fit error of the full model is: 0.000097 mm
  maximum moment arm: 22.568297 mm
  maximum error allowed: 2.256830 mm
  Model addition step   1: Added term 0 -- RMS=15.559972, GCV=3.272236e-08, AIC = 1.969490
  Model addition step   2: Added term 1 -- RMS=0.386922, GCV=2.023636e-11, AIC = -5.418911
  Model addition step   3: Added term 2 -- RMS=0.088923, GCV=1.068995e-12, AIC = -8.359740
  Model addition step   4: Added term 3 -- RMS=0.000218, GCV=6.422325e-18, AIC = -20.382257
  5 polynomial terms were written for triclat1
triclat2
  RMS fit error of the full model is: 0.000083 mm
  maximum moment arm: 22.812920 mm
  maximum error allowed: 2.281292 mm
  Model addition step   1: Added term 0 -- RMS=16.054676, GCV=3.483614e-08, AIC = 2.032087
  Model addition step   2: Added term 1 -- RMS=0.183108, GCV=4.532118e-12, AIC = -6.915202
  Model addition step   3: Added term 2 -- RMS=0.088454, GCV=1.057736e-12, AIC = -8.370329
  Model addition step   4: Added term 3 -- RMS=0.000625, GCV=5.284404e-17, AIC = -18.274692
  5 polynomial terms were written for triclat2
triclat3
  RMS fit error of the full model is: 0.005308 mm
  maximum moment arm: 20.043408 mm
  maximum error allowed: 2.004341 mm
  Model addition step   1: Added term 0 -- RMS=14.043231, GCV=2.665392e-08, AIC = 1.764368
  Model addition step   2: Added term 1 -- RMS=0.179957, GCV=4.377472e-12, AIC = -6.949920
  Model addition step   3: Added term 3 -- RMS=0.020413, GCV=5.633087e-14, AIC = -11.302972
Change in error: 0.007669. No more terms added.
   4 polynomial terms were written for triclat3
triclat4
  RMS fit error of the full model is: 0.005526 mm
  maximum moment arm: 19.954136 mm
  maximum error allowed: 2.000000 mm
  Model addition step   1: Added term 0 -- RMS=13.958241, GCV=2.633227e-08, AIC = 1.752227
  Model addition step   2: Added term 1 -- RMS=0.186471, GCV=4.700125e-12, AIC = -6.878802
  Model addition step   3: Added term 3 -- RMS=0.021103, GCV=6.020505e-14, AIC = -11.236458
  Model addition step   4: Added term 4 -- RMS=0.018687, GCV=4.721573e-14, AIC = -11.479555
  5 polynomial terms were written for triclat4
triclat5
  RMS fit error of the full model is: 0.000067 mm
  maximum moment arm: 19.367626 mm
  maximum error allowed: 2.000000 mm
  Model addition step   1: Added term 0 -- RMS=13.662681, GCV=2.522893e-08, AIC = 1.709423
  Model addition step   2: Added term 1 -- RMS=0.119933, GCV=1.944307e-12, AIC = -7.761486
  Model addition step   3: Added term 2 -- RMS=0.074675, GCV=7.538653e-13, AIC = -8.709001
  Model addition step   4: Added term 3 -- RMS=0.000623, GCV=5.249451e-17, AIC = -18.281329
  5 polynomial terms were written for triclat5
anconeus1
  RMS fit error of the full model is: 0.000075 mm
  maximum moment arm: 8.703889 mm
  maximum error allowed: 2.000000 mm
  Model addition step   1: Added term 0 -- RMS=5.612884, GCV=4.257936e-09, AIC = -0.069784
  Model addition step   2: Added term 1 -- RMS=0.369532, GCV=1.845817e-11, AIC = -5.510884
  Model addition step   3: Added term 2 -- RMS=0.053974, GCV=3.938342e-13, AIC = -9.358284
  Model addition step   4: Added term 3 -- RMS=0.001621, GCV=3.554125e-16, AIC = -16.368758
  5 polynomial terms were written for anconeus1
anconeus2
  RMS fit error of the full model is: 0.000487 mm
  maximum moment arm: 8.651707 mm
  maximum error allowed: 2.000000 mm
  Model addition step   1: Added term 0 -- RMS=4.774765, GCV=3.081279e-09, AIC = -0.393224
  Model addition step   2: Added term 2 -- RMS=0.585812, GCV=4.638766e-11, AIC = -4.589358
  Model addition step   3: Added term 1 -- RMS=0.071839, GCV=6.976962e-13, AIC = -8.786430
  Model addition step   4: Added term 3 -- RMS=0.000835, GCV=9.436300e-17, AIC = -17.694888
  5 polynomial terms were written for anconeus2
anconeus3
  RMS fit error of the full model is: 0.000073 mm
  maximum moment arm: 9.585261 mm
  maximum error allowed: 2.000000 mm
  Model addition step   1: Added term 0 -- RMS=6.714323, GCV=6.093004e-09, AIC = 0.288573
  Model addition step   2: Added term 1 -- RMS=0.100600, GCV=1.367979e-12, AIC = -8.113057
  Model addition step   3: Added term 4 -- RMS=0.005073, GCV=3.478591e-15, AIC = -14.087587
  Model addition step   4: Added term 2 -- RMS=0.004335, GCV=2.540930e-15, AIC = -14.401752
  5 polynomial terms were written for anconeus3
anconeus4
  RMS fit error of the full model is: 0.000053 mm
  maximum moment arm: 4.456816 mm
  maximum error allowed: 2.000000 mm
  Model addition step   1: Added term 0 -- RMS=1.838984, GCV=4.570704e-10, AIC = -2.301486
  Model addition step   2: Added term 3 -- RMS=0.219237, GCV=6.497001e-12, AIC = -6.555051
  Model addition step   3: Added term 4 -- RMS=0.032574, GCV=1.434444e-13, AIC = -10.368267
  Model addition step   4: Added term 1 -- RMS=0.023194, GCV=7.273784e-14, AIC = -11.047420
  5 polynomial terms were written for anconeus4
anconeus5
  RMS fit error of the full model is: 0.000165 mm
  maximum moment arm: 6.082770 mm
  maximum error allowed: 2.000000 mm
  Model addition step   1: Added term 0 -- RMS=2.732179, GCV=1.008894e-09, AIC = -1.509714
  Model addition step   2: Added term 2 -- RMS=0.116998, GCV=1.850293e-12, AIC = -7.811048
  Model addition step   3: Added term 1 -- RMS=0.029754, GCV=1.196876e-13, AIC = -10.549329
  Model addition step   4: Added term 4 -- RMS=0.000167, GCV=3.761766e-18, AIC = -20.917149
  5 polynomial terms were written for anconeus5
