trapscap1
  RMS fit error of the full model is: 0.268717 mm
  maximum moment arm: 111.013046 mm
  maximum error allowed: 11.101305 mm
  Model addition step   1: Added term 0 0 0 0 0 0 -- RMS=70.525348, GCV=2.352803e-06, AIC = 6.244746
  Model addition step   2: Added term 1 0 0 0 0 0 -- RMS=59.967866, GCV=1.701339e-06, AIC = 5.920438
  Model addition step   3: Added term 0 0 0 1 0 0 -- RMS=48.628451, GCV=1.118905e-06, AIC = 5.501258
  Model addition step   4: Added term 0 1 0 0 0 0 -- RMS=38.731377, GCV=7.098997e-07, AIC = 5.046159
  Model addition step   5: Added term 0 0 1 0 0 0 -- RMS=30.145779, GCV=4.301133e-07, AIC = 4.544968
  Model addition step   6: Added term 0 0 0 1 0 1 -- RMS=21.175321, GCV=2.122504e-07, AIC = 3.838571
  Model addition step   7: Added term 0 0 0 1 1 0 -- RMS=17.894606, GCV=1.515973e-07, AIC = 3.501916
  Model addition step   8: Added term 0 0 0 0 2 0 -- RMS=14.456667, GCV=9.895605e-08, AIC = 3.075248
  Model addition step   9: Added term 0 0 1 0 1 0 -- RMS=13.766218, GCV=8.974163e-08, AIC = 2.977391
  Model addition step  10: Added term 1 0 2 0 0 0 -- RMS=13.082922, GCV=8.106491e-08, AIC = 2.875590
  Model addition step  11: Added term 0 0 0 2 2 0 -- RMS=12.409464, GCV=7.294376e-08, AIC = 2.769913
  Model addition step  12: Added term 1 1 0 1 0 0 -- RMS=11.644657, GCV=6.423833e-08, AIC = 2.642709
  Model addition step  13: Added term 0 1 0 0 1 0 -- RMS=10.909277, GCV=5.638863e-08, AIC = 2.512260
  Model addition step  14: Added term 0 1 1 1 0 0 -- RMS=10.064214, GCV=4.799744e-08, AIC = 2.351024
  Model addition step  15: Added term 2 0 1 0 0 1 -- RMS=9.674962, GCV=4.436246e-08, AIC = 2.272154
  Model addition step  16: Added term 0 0 0 0 1 1 -- RMS=8.863649, GCV=3.723925e-08, AIC = 2.097008
  Model addition step  17: Added term 0 0 0 0 0 1 -- RMS=8.208110, GCV=3.193898e-08, AIC = 1.943356
  Model addition step  18: Added term 0 0 0 2 0 2 -- RMS=7.329127, GCV=2.546818e-08, AIC = 1.716842
  Model addition step  19: Added term 0 0 1 0 0 1 -- RMS=6.673341, GCV=2.111732e-08, AIC = 1.529390
  Model addition step  20: Added term 0 0 0 0 1 0 -- RMS=6.032164, GCV=1.725668e-08, AIC = 1.327380
  Model addition step  21: Added term 0 0 0 1 1 1 -- RMS=5.689560, GCV=1.535420e-08, AIC = 1.210453
  Model addition step  22: Added term 2 0 0 0 0 0 -- RMS=5.349002, GCV=1.357294e-08, AIC = 1.087027
  Model addition step  23: Added term 0 0 2 0 0 0 -- RMS=5.017214, GCV=1.194297e-08, AIC = 0.958976
  Model addition step  24: Added term 1 0 0 1 0 1 -- RMS=4.587426, GCV=9.985829e-09, AIC = 0.779883
  Model addition step  25: Added term 0 0 1 3 0 0 -- RMS=4.356373, GCV=9.006474e-09, AIC = 0.676544
  Model addition step  26: Added term 0 0 1 2 0 1 -- RMS=4.132343, GCV=8.105062e-09, AIC = 0.570973
  Model addition step  27: Added term 1 1 0 2 0 0 -- RMS=3.920548, GCV=7.296521e-09, AIC = 0.465766
  Model addition step  28: Added term 0 0 2 2 0 0 -- RMS=3.707669, GCV=6.526540e-09, AIC = 0.354129
  Model addition step  29: Added term 1 0 1 0 1 0 -- RMS=3.490258, GCV=5.784356e-09, AIC = 0.233293
  Model addition step  30: Added term 2 2 0 0 0 0 -- RMS=3.284305, GCV=5.122545e-09, AIC = 0.111671
  Model addition step  31: Added term 0 2 0 0 0 0 -- RMS=2.851890, GCV=3.862987e-09, AIC = -0.170655
  Model addition step  32: Added term 0 0 1 1 1 0 -- RMS=2.707741, GCV=3.482816e-09, AIC = -0.274371
  Model addition step  33: Added term 1 0 1 0 0 0 -- RMS=2.572955, GCV=3.145137e-09, AIC = -0.376471
  Model addition step  34: Added term 2 1 1 0 0 0 -- RMS=2.485932, GCV=2.936381e-09, AIC = -0.445267
  Model addition step  35: Added term 0 0 0 1 3 0 -- RMS=2.419662, GCV=2.782289e-09, AIC = -0.499286
  Model addition step  36: Added term 0 0 1 1 2 0 -- RMS=2.321099, GCV=2.560584e-09, AIC = -0.582441
  Model addition step  37: Added term 0 0 0 0 3 1 -- RMS=2.244068, GCV=2.393771e-09, AIC = -0.649923
  Model addition step  38: Added term 1 1 0 0 1 0 -- RMS=2.170295, GCV=2.239273e-09, AIC = -0.716758
  Model addition step  39: Added term 1 0 0 0 1 0 -- RMS=2.091925, GCV=2.080752e-09, AIC = -0.790296
  Model addition step  40: Added term 0 1 0 2 0 1 -- RMS=2.012263, GCV=1.925558e-09, AIC = -0.867926
  Model addition step  41: Added term 0 3 0 0 0 0 -- RMS=1.950925, GCV=1.810202e-09, AIC = -0.929819
  Model addition step  42: Added term 0 0 2 0 1 0 -- RMS=1.892433, GCV=1.703515e-09, AIC = -0.990680
  Model addition step  43: Added term 3 1 0 0 0 0 -- RMS=1.840509, GCV=1.611534e-09, AIC = -1.046304
  Model addition step  44: Added term 1 1 0 1 0 1 -- RMS=1.794213, GCV=1.531688e-09, AIC = -1.097236
  Model addition step  45: Added term 1 2 0 0 0 0 -- RMS=1.754454, GCV=1.464756e-09, AIC = -1.142034
  Model addition step  46: Added term 4 0 0 0 0 0 -- RMS=1.714718, GCV=1.399347e-09, AIC = -1.187833
  Model addition step  47: Added term 0 0 0 2 0 0 -- RMS=1.675640, GCV=1.336475e-09, AIC = -1.233920
  Model addition step  48: Added term 0 0 0 0 4 0 -- RMS=1.638095, GCV=1.277428e-09, AIC = -1.279223
  Model addition step  49: Added term 0 0 3 0 0 0 -- RMS=1.603517, GCV=1.224233e-09, AIC = -1.321873
Change in error: 0.019723. No more terms added.
   50 polynomial terms were written for trapscap1
trapscap2
  RMS fit error of the full model is: 0.359885 mm
  maximum moment arm: 113.394950 mm
  maximum error allowed: 11.339495 mm
  Model addition step   1: Added term 0 0 0 0 0 0 -- RMS=72.548132, GCV=2.489703e-06, AIC = 6.301302
  Model addition step   2: Added term 1 0 0 0 0 0 -- RMS=61.419353, GCV=1.784696e-06, AIC = 5.968271
  Model addition step   3: Added term 0 0 0 1 0 0 -- RMS=49.760725, GCV=1.171617e-06, AIC = 5.547292
  Model addition step   4: Added term 0 1 0 0 0 0 -- RMS=40.461113, GCV=7.747236e-07, AIC = 5.133542
  Model addition step   5: Added term 0 0 1 0 0 0 -- RMS=31.965332, GCV=4.836022e-07, AIC = 4.662182
  Model addition step   6: Added term 0 0 0 1 0 1 -- RMS=22.432003, GCV=2.381906e-07, AIC = 3.953875
  Model addition step   7: Added term 0 0 0 1 1 0 -- RMS=18.722966, GCV=1.659574e-07, AIC = 3.592419
  Model addition step   8: Added term 0 0 0 0 2 0 -- RMS=15.323082, GCV=1.111727e-07, AIC = 3.191657
  Model addition step   9: Added term 0 0 1 0 1 0 -- RMS=14.336634, GCV=9.733277e-08, AIC = 3.058592
  Model addition step  10: Added term 0 0 2 0 0 0 -- RMS=13.371321, GCV=8.467828e-08, AIC = 2.919199
  Model addition step  11: Added term 1 1 0 1 0 0 -- RMS=12.437044, GCV=7.326836e-08, AIC = 2.774353
  Model addition step  12: Added term 0 0 0 2 2 0 -- RMS=11.616300, GCV=6.392585e-08, AIC = 2.637832
  Model addition step  13: Added term 0 0 0 0 1 0 -- RMS=11.040301, GCV=5.775125e-08, AIC = 2.536138
  Model addition step  14: Added term 0 0 0 0 1 1 -- RMS=10.443040, GCV=5.167878e-08, AIC = 2.424924
  Model addition step  15: Added term 0 0 1 0 0 1 -- RMS=8.449708, GCV=3.383768e-08, AIC = 2.001335
  Model addition step  16: Added term 1 0 0 1 0 2 -- RMS=7.551913, GCV=2.703272e-08, AIC = 1.776693
  Model addition step  17: Added term 0 0 0 2 0 1 -- RMS=6.894255, GCV=2.253250e-08, AIC = 1.594487
  Model addition step  18: Added term 0 0 0 2 1 1 -- RMS=6.443036, GCV=1.968224e-08, AIC = 1.459129
  Model addition step  19: Added term 1 0 1 0 0 0 -- RMS=5.984813, GCV=1.698452e-08, AIC = 1.311599
  Model addition step  20: Added term 0 0 1 3 0 0 -- RMS=5.459743, GCV=1.413693e-08, AIC = 1.127971
  Model addition step  21: Added term 0 1 0 2 0 0 -- RMS=5.179604, GCV=1.272514e-08, AIC = 1.022645
  Model addition step  22: Added term 0 0 0 2 0 2 -- RMS=4.909405, GCV=1.143369e-08, AIC = 0.915512
  Model addition step  23: Added term 2 0 0 1 0 1 -- RMS=4.583317, GCV=9.966599e-09, AIC = 0.778072
  Model addition step  24: Added term 1 0 0 0 1 0 -- RMS=4.311139, GCV=8.819219e-09, AIC = 0.655650
  Model addition step  25: Added term 2 0 0 0 0 0 -- RMS=4.126379, GCV=8.080589e-09, AIC = 0.568065
  Model addition step  26: Added term 0 0 0 2 0 0 -- RMS=4.010208, GCV=7.633036e-09, AIC = 0.510970
  Model addition step  27: Added term 0 0 1 1 0 1 -- RMS=3.734663, GCV=6.621024e-09, AIC = 0.368618
  Model addition step  28: Added term 2 2 0 0 0 0 -- RMS=3.565345, GCV=6.035096e-09, AIC = 0.275844
  Model addition step  29: Added term 0 2 0 0 0 0 -- RMS=3.391584, GCV=5.461918e-09, AIC = 0.175936
  Model addition step  30: Added term 1 0 0 2 0 1 -- RMS=3.241038, GCV=4.988466e-09, AIC = 0.085149
  Model addition step  31: Added term 0 0 0 0 2 1 -- RMS=3.119093, GCV=4.620768e-09, AIC = 0.008465
  Model addition step  32: Added term 0 0 1 0 1 1 -- RMS=2.953731, GCV=4.144369e-09, AIC = -0.100462
  Model addition step  33: Added term 0 0 2 0 0 1 -- RMS=2.674786, GCV=3.399018e-09, AIC = -0.298842
  Model addition step  34: Added term 2 1 0 0 0 0 -- RMS=2.545754, GCV=3.079405e-09, AIC = -0.397708
  Model addition step  35: Added term 0 0 2 2 0 0 -- RMS=2.439521, GCV=2.828147e-09, AIC = -0.482939
  Model addition step  36: Added term 0 0 0 3 0 1 -- RMS=2.352174, GCV=2.629604e-09, AIC = -0.555843
  Model addition step  37: Added term 0 0 1 2 1 0 -- RMS=2.229691, GCV=2.363197e-09, AIC = -0.662777
  Model addition step  38: Added term 1 0 0 3 0 0 -- RMS=2.174823, GCV=2.248625e-09, AIC = -0.712590
  Model addition step  39: Added term 1 0 1 1 0 0 -- RMS=2.059615, GCV=2.016974e-09, AIC = -0.821427
  Model addition step  40: Added term 3 0 0 0 0 0 -- RMS=2.006601, GCV=1.914736e-09, AIC = -0.873562
  Model addition step  41: Added term 1 0 0 2 1 0 -- RMS=1.964237, GCV=1.834989e-09, AIC = -0.916219
  Model addition step  42: Added term 0 0 0 0 3 1 -- RMS=1.919023, GCV=1.751722e-09, AIC = -0.962774
  Model addition step  43: Added term 1 2 0 0 0 0 -- RMS=1.876742, GCV=1.675609e-09, AIC = -1.007314
Change in error: 0.017702. No more terms added.
   44 polynomial terms were written for trapscap2
trapscap3
  RMS fit error of the full model is: 0.497849 mm
  maximum moment arm: 115.235831 mm
  maximum error allowed: 11.523583 mm
  Model addition step   1: Added term 0 0 0 0 0 0 -- RMS=73.077248, GCV=2.526151e-06, AIC = 6.315836
  Model addition step   2: Added term 1 0 0 0 0 0 -- RMS=61.465078, GCV=1.787354e-06, AIC = 5.969759
  Model addition step   3: Added term 0 0 1 2 0 0 -- RMS=49.729996, GCV=1.170171e-06, AIC = 5.546057
  Model addition step   4: Added term 0 1 0 0 0 0 -- RMS=42.170442, GCV=8.415645e-07, AIC = 5.216298
  Model addition step   5: Added term 0 0 0 1 0 0 -- RMS=35.160204, GCV=5.851034e-07, AIC = 4.852708
  Model addition step   6: Added term 0 0 0 1 0 1 -- RMS=26.569103, GCV=3.341507e-07, AIC = 4.292396
  Model addition step   7: Added term 0 0 0 1 1 0 -- RMS=20.709614, GCV=2.030445e-07, AIC = 3.794113
  Model addition step   8: Added term 0 0 0 0 2 0 -- RMS=18.274225, GCV=1.581189e-07, AIC = 3.543920
  Model addition step   9: Added term 0 0 1 1 0 0 -- RMS=15.922756, GCV=1.200608e-07, AIC = 3.268454
  Model addition step  10: Added term 1 1 0 1 0 0 -- RMS=14.659405, GCV=1.017785e-07, AIC = 3.103139
  Model addition step  11: Added term 0 0 0 2 2 0 -- RMS=13.977333, GCV=9.254027e-08, AIC = 3.007868
  Model addition step  12: Added term 0 0 1 0 1 0 -- RMS=13.289613, GCV=8.366919e-08, AIC = 2.906979
  Model addition step  13: Added term 0 0 2 0 0 0 -- RMS=12.298960, GCV=7.166983e-08, AIC = 2.752062
  Model addition step  14: Added term 0 0 0 2 1 0 -- RMS=11.669635, GCV=6.453167e-08, AIC = 2.647033
  Model addition step  15: Added term 0 0 0 0 1 1 -- RMS=11.173011, GCV=5.916401e-08, AIC = 2.560074
  Model addition step  16: Added term 0 0 1 1 0 2 -- RMS=9.684074, GCV=4.445208e-08, AIC = 2.274056
  Model addition step  17: Added term 0 0 0 3 0 1 -- RMS=9.026218, GCV=3.862302e-08, AIC = 2.133377
  Model addition step  18: Added term 0 0 0 1 1 2 -- RMS=8.112224, GCV=3.120134e-08, AIC = 1.919874
  Model addition step  19: Added term 0 0 1 1 0 1 -- RMS=7.397425, GCV=2.594856e-08, AIC = 1.735413
  Model addition step  20: Added term 1 0 0 1 0 1 -- RMS=6.798304, GCV=2.191856e-08, AIC = 1.566515
  Model addition step  21: Added term 1 0 1 1 0 0 -- RMS=6.279654, GCV=1.870429e-08, AIC = 1.407817
  Model addition step  22: Added term 1 0 0 0 1 0 -- RMS=5.944611, GCV=1.676391e-08, AIC = 1.298177
  Model addition step  23: Added term 0 0 2 1 0 1 -- RMS=5.724957, GCV=1.555004e-08, AIC = 1.222896
  Model addition step  24: Added term 0 0 0 4 0 0 -- RMS=5.532097, GCV=1.452197e-08, AIC = 1.154379
  Model addition step  25: Added term 0 1 0 3 0 0 -- RMS=5.290298, GCV=1.328205e-08, AIC = 1.065014
  Model addition step  26: Added term 1 0 0 3 0 0 -- RMS=4.973283, GCV=1.173951e-08, AIC = 0.941445
  Model addition step  27: Added term 0 0 1 1 1 0 -- RMS=4.741970, GCV=1.067432e-08, AIC = 0.846209
  Model addition step  28: Added term 2 2 0 0 0 0 -- RMS=4.529567, GCV=9.740798e-09, AIC = 0.754575
  Model addition step  29: Added term 0 0 0 3 1 0 -- RMS=4.335199, GCV=8.923969e-09, AIC = 0.666877
  Model addition step  30: Added term 0 0 1 1 1 1 -- RMS=4.158679, GCV=8.213148e-09, AIC = 0.583756
  Model addition step  31: Added term 0 0 0 1 2 1 -- RMS=3.962081, GCV=7.455971e-09, AIC = 0.486919
  Model addition step  32: Added term 0 0 0 0 0 2 -- RMS=3.604456, GCV=6.171571e-09, AIC = 0.297741
  Model addition step  33: Added term 0 0 2 2 0 0 -- RMS=3.468110, GCV=5.714271e-09, AIC = 0.220638
  Model addition step  34: Added term 0 0 0 2 0 1 -- RMS=3.356095, GCV=5.351834e-09, AIC = 0.154995
  Model addition step  35: Added term 2 0 0 0 0 0 -- RMS=3.253689, GCV=5.030890e-09, AIC = 0.093036
  Model addition step  36: Added term 0 2 0 1 0 0 -- RMS=3.170267, GCV=4.776869e-09, AIC = 0.041109
  Model addition step  37: Added term 3 1 0 0 0 0 -- RMS=3.060968, GCV=4.453773e-09, AIC = -0.029041
  Model addition step  38: Added term 0 0 0 1 0 2 -- RMS=2.970947, GCV=4.196230e-09, AIC = -0.088723
  Model addition step  39: Added term 0 0 1 0 0 1 -- RMS=2.786439, GCV=3.691707e-09, AIC = -0.216936
  Model addition step  40: Added term 4 0 0 0 0 0 -- RMS=2.718730, GCV=3.514950e-09, AIC = -0.266116
  Model addition step  41: Added term 1 0 0 2 1 0 -- RMS=2.655882, GCV=3.354775e-09, AIC = -0.312873
  Model addition step  42: Added term 0 0 0 3 0 0 -- RMS=2.602530, GCV=3.221783e-09, AIC = -0.353439
  Model addition step  43: Added term 0 0 1 3 0 0 -- RMS=2.483916, GCV=2.935199e-09, AIC = -0.446715
Change in error: 0.019358. No more terms added.
   44 polynomial terms were written for trapscap3
trapscap4
  RMS fit error of the full model is: 0.642206 mm
  maximum moment arm: 118.793900 mm
  maximum error allowed: 11.879390 mm
  Model addition step   1: Added term 0 0 0 1 0 0 -- RMS=71.542587, GCV=2.421164e-06, AIC = 6.273387
  Model addition step   2: Added term 1 0 0 1 0 0 -- RMS=60.728002, GCV=1.744744e-06, AIC = 5.945630
  Model addition step   3: Added term 0 0 0 0 0 0 -- RMS=52.484301, GCV=1.303381e-06, AIC = 5.653868
  Model addition step   4: Added term 0 0 1 1 0 0 -- RMS=45.432311, GCV=9.767890e-07, AIC = 5.365306
  Model addition step   5: Added term 1 1 0 0 0 0 -- RMS=37.715174, GCV=6.732278e-07, AIC = 4.993004
  Model addition step   6: Added term 0 0 0 1 0 1 -- RMS=29.881637, GCV=4.226660e-07, AIC = 4.527386
  Model addition step   7: Added term 0 0 0 1 1 0 -- RMS=23.990519, GCV=2.724749e-07, AIC = 4.088235
  Model addition step   8: Added term 1 0 0 0 0 0 -- RMS=20.179816, GCV=1.928148e-07, AIC = 3.742302
  Model addition step   9: Added term 0 0 0 0 2 0 -- RMS=17.610778, GCV=1.468662e-07, AIC = 3.469978
  Model addition step  10: Added term 0 1 0 1 0 0 -- RMS=16.193211, GCV=1.241908e-07, AIC = 3.302159
  Model addition step  11: Added term 0 0 0 2 2 0 -- RMS=15.573168, GCV=1.148778e-07, AIC = 3.224093
  Model addition step  12: Added term 0 0 1 0 1 0 -- RMS=14.994367, GCV=1.065117e-07, AIC = 3.148363
  Model addition step  13: Added term 0 0 2 0 0 0 -- RMS=13.847656, GCV=9.085569e-08, AIC = 2.989265
  Model addition step  14: Added term 0 0 1 2 1 0 -- RMS=13.370397, GCV=8.471239e-08, AIC = 2.919138
  Model addition step  15: Added term 0 0 2 2 0 0 -- RMS=12.650411, GCV=7.584490e-08, AIC = 2.808451
  Model addition step  16: Added term 0 0 0 0 1 1 -- RMS=12.082397, GCV=6.919617e-08, AIC = 2.716590
  Model addition step  17: Added term 0 0 1 1 0 2 -- RMS=10.560484, GCV=5.286914e-08, AIC = 2.447349
  Model addition step  18: Added term 1 0 0 0 0 1 -- RMS=9.888882, GCV=4.636473e-08, AIC = 2.315952
  Model addition step  19: Added term 0 0 0 1 2 1 -- RMS=9.071705, GCV=3.902384e-08, AIC = 2.143469
  Model addition step  20: Added term 1 0 1 1 0 0 -- RMS=8.551640, GCV=3.468244e-08, AIC = 2.025414
  Model addition step  21: Added term 0 0 1 0 0 1 -- RMS=8.059051, GCV=3.080616e-08, AIC = 1.906779
  Model addition step  22: Added term 0 0 0 3 0 1 -- RMS=7.386325, GCV=2.588125e-08, AIC = 1.732467
  Model addition step  23: Added term 0 0 0 2 0 2 -- RMS=6.736648, GCV=2.153153e-08, AIC = 1.548351
  Model addition step  24: Added term 1 0 0 0 1 0 -- RMS=6.198748, GCV=1.823283e-08, AIC = 1.381940
  Model addition step  25: Added term 0 1 0 2 0 0 -- RMS=5.912252, GCV=1.658864e-08, AIC = 1.287318
  Model addition step  26: Added term 1 1 0 2 0 0 -- RMS=5.595934, GCV=1.486308e-08, AIC = 1.177364
  Model addition step  27: Added term 0 0 0 2 0 0 -- RMS=5.277876, GCV=1.322333e-08, AIC = 1.060351
  Model addition step  28: Added term 2 2 0 0 0 0 -- RMS=5.049349, GCV=1.210464e-08, AIC = 0.971841
  Model addition step  29: Added term 0 0 1 1 1 1 -- RMS=4.841854, GCV=1.113175e-08, AIC = 0.887937
  Model addition step  30: Added term 0 0 0 0 1 0 -- RMS=4.637456, GCV=1.021312e-08, AIC = 0.801693
  Model addition step  31: Added term 0 0 1 2 0 0 -- RMS=4.202411, GCV=8.387929e-09, AIC = 0.604698
  Model addition step  32: Added term 0 0 2 0 0 1 -- RMS=3.981276, GCV=7.529409e-09, AIC = 0.496604
  Model addition step  33: Added term 3 1 0 0 0 0 -- RMS=3.889401, GCV=7.186885e-09, AIC = 0.449930
  Model addition step  34: Added term 0 2 0 0 0 0 -- RMS=3.795422, GCV=6.844697e-09, AIC = 0.401030
  Model addition step  35: Added term 1 0 0 2 0 1 -- RMS=3.702063, GCV=6.512991e-09, AIC = 0.351238
  Model addition step  36: Added term 0 0 0 2 0 1 -- RMS=3.560288, GCV=6.024514e-09, AIC = 0.273160
Change in error: 0.018331. No more terms added.
   37 polynomial terms were written for trapscap4
trapscap5
  RMS fit error of the full model is: 0.837978 mm
  maximum moment arm: 122.151876 mm
  maximum error allowed: 12.215188 mm
  Model addition step   1: Added term 0 0 0 1 0 0 -- RMS=68.640131, GCV=2.228698e-06, AIC = 6.190556
  Model addition step   2: Added term 1 0 0 1 0 0 -- RMS=56.303962, GCV=1.499794e-06, AIC = 5.794350
  Model addition step   3: Added term 0 0 1 0 0 0 -- RMS=49.120178, GCV=1.141648e-06, AIC = 5.521380
  Model addition step   4: Added term 0 0 0 0 0 0 -- RMS=43.356461, GCV=8.895672e-07, AIC = 5.271771
  Model addition step   5: Added term 0 0 0 1 0 1 -- RMS=37.842992, GCV=6.777987e-07, AIC = 4.999770
  Model addition step   6: Added term 1 1 0 1 0 0 -- RMS=31.609985, GCV=4.729738e-07, AIC = 4.639844
  Model addition step   7: Added term 0 0 0 1 1 0 -- RMS=26.951892, GCV=3.438949e-07, AIC = 4.321024
  Model addition step   8: Added term 1 0 0 0 0 0 -- RMS=22.866502, GCV=2.475742e-07, AIC = 3.992283
  Model addition step   9: Added term 0 0 0 0 2 0 -- RMS=20.345245, GCV=1.960155e-07, AIC = 3.758650
  Model addition step  10: Added term 0 0 1 0 1 0 -- RMS=18.231689, GCV=1.574263e-07, AIC = 3.539298
  Model addition step  11: Added term 0 0 2 1 0 0 -- RMS=15.932504, GCV=1.202403e-07, AIC = 3.269717
  Model addition step  12: Added term 0 0 0 0 1 1 -- RMS=15.112345, GCV=1.081944e-07, AIC = 3.164038
  Model addition step  13: Added term 0 0 1 0 0 1 -- RMS=13.572650, GCV=8.728285e-08, AIC = 2.949147
  Model addition step  14: Added term 1 0 0 1 0 2 -- RMS=12.501407, GCV=7.405871e-08, AIC = 2.784735
  Model addition step  15: Added term 0 0 0 2 1 0 -- RMS=11.783900, GCV=6.581050e-08, AIC = 2.666540
  Model addition step  16: Added term 0 0 0 2 1 1 -- RMS=10.788167, GCV=5.516596e-08, AIC = 2.489991
  Model addition step  17: Added term 0 1 0 0 0 0 -- RMS=10.092848, GCV=4.829054e-08, AIC = 2.356764
  Model addition step  18: Added term 0 0 0 3 0 1 -- RMS=9.528036, GCV=4.304276e-08, AIC = 2.241607
  Model addition step  19: Added term 1 0 2 0 0 0 -- RMS=9.035467, GCV=3.871269e-08, AIC = 2.135464
  Model addition step  20: Added term 1 0 1 0 1 0 -- RMS=8.585710, GCV=3.495934e-08, AIC = 2.033366
  Model addition step  21: Added term 0 0 0 1 0 2 -- RMS=8.236036, GCV=3.217408e-08, AIC = 1.950226
  Model addition step  22: Added term 2 2 0 0 0 0 -- RMS=7.954236, GCV=3.001410e-08, AIC = 1.880616
  Model addition step  23: Added term 1 0 0 2 0 1 -- RMS=7.664185, GCV=2.786886e-08, AIC = 1.806342
  Model addition step  24: Added term 0 0 2 2 0 0 -- RMS=7.455831, GCV=2.637777e-08, AIC = 1.751238
  Model addition step  25: Added term 0 0 0 2 0 0 -- RMS=6.830993, GCV=2.214483e-08, AIC = 1.576205
  Model addition step  26: Added term 0 0 1 1 0 1 -- RMS=6.285139, GCV=1.874966e-08, AIC = 1.409660
  Model addition step  27: Added term 0 1 0 3 0 0 -- RMS=6.049104, GCV=1.737018e-08, AIC = 1.333123
  Model addition step  28: Added term 0 0 0 1 3 0 -- RMS=5.914127, GCV=1.660590e-08, AIC = 1.288010
  Model addition step  29: Added term 0 0 1 1 1 0 -- RMS=5.697270, GCV=1.541251e-08, AIC = 1.213316
  Model addition step  30: Added term 0 0 1 1 2 0 -- RMS=5.515291, GCV=1.444560e-08, AIC = 1.148410
  Model addition step  31: Added term 1 0 2 0 1 0 -- RMS=5.287057, GCV=1.327656e-08, AIC = 1.063904
  Model addition step  32: Added term 0 0 0 3 1 0 -- RMS=5.134081, GCV=1.252108e-08, AIC = 1.005202
  Model addition step  33: Added term 2 1 0 0 1 0 -- RMS=4.983822, GCV=1.180050e-08, AIC = 0.945813
  Model addition step  34: Added term 2 1 1 0 0 0 -- RMS=4.407773, GCV=9.231505e-09, AIC = 0.700178
  Model addition step  35: Added term 1 0 0 0 2 0 -- RMS=4.278007, GCV=8.697127e-09, AIC = 0.640432
  Model addition step  36: Added term 0 0 0 0 0 3 -- RMS=4.182290, GCV=8.313425e-09, AIC = 0.595195
Change in error: 0.019948. No more terms added.
   37 polynomial terms were written for trapscap5
trapscap6
  RMS fit error of the full model is: 1.049568 mm
  maximum moment arm: 133.428528 mm
  maximum error allowed: 13.342853 mm
  Model addition step   1: Added term 0 0 0 1 0 0 -- RMS=69.395387, GCV=2.278013e-06, AIC = 6.212442
  Model addition step   2: Added term 1 0 0 1 0 0 -- RMS=53.753649, GCV=1.367003e-06, AIC = 5.701644
  Model addition step   3: Added term 0 0 0 0 0 0 -- RMS=45.156410, GCV=9.648309e-07, AIC = 5.353104
  Model addition step   4: Added term 1 0 1 2 0 0 -- RMS=39.887229, GCV=7.529027e-07, AIC = 5.104972
  Model addition step   5: Added term 1 0 0 2 1 0 -- RMS=36.715107, GCV=6.379982e-07, AIC = 4.939255
  Model addition step   6: Added term 1 0 0 0 0 0 -- RMS=33.837885, GCV=5.419946e-07, AIC = 4.776060
  Model addition step   7: Added term 0 0 0 3 0 1 -- RMS=31.063508, GCV=4.568233e-07, AIC = 4.604985
  Model addition step   8: Added term 0 0 0 0 2 0 -- RMS=28.438078, GCV=3.829186e-07, AIC = 4.428395
  Model addition step   9: Added term 0 0 1 0 1 0 -- RMS=26.872403, GCV=3.419619e-07, AIC = 4.315155
  Model addition step  10: Added term 0 0 2 0 0 0 -- RMS=23.426767, GCV=2.599250e-07, AIC = 4.040734
  Model addition step  11: Added term 2 2 0 0 0 0 -- RMS=21.750953, GCV=2.240984e-07, AIC = 3.892310
  Model addition step  12: Added term 0 0 0 0 1 1 -- RMS=20.287644, GCV=1.949863e-07, AIC = 3.753038
  Model addition step  13: Added term 0 0 1 1 0 1 -- RMS=16.781030, GCV=1.334249e-07, AIC = 3.373531
  Model addition step  14: Added term 0 0 0 2 0 2 -- RMS=15.430409, GCV=1.128270e-07, AIC = 3.205733
  Model addition step  15: Added term 0 0 0 0 1 0 -- RMS=14.604521, GCV=1.010862e-07, AIC = 3.095734
  Model addition step  16: Added term 0 1 0 0 0 0 -- RMS=13.877812, GCV=9.128887e-08, AIC = 2.993674
  Model addition step  17: Added term 1 1 0 2 0 0 -- RMS=10.991733, GCV=5.727524e-08, AIC = 2.527397
  Model addition step  18: Added term 0 0 1 1 0 0 -- RMS=10.539545, GCV=5.266682e-08, AIC = 2.443398
  Model addition step  19: Added term 1 0 0 2 0 1 -- RMS=10.124420, GCV=4.860628e-08, AIC = 2.363049
  Model addition step  20: Added term 0 0 0 2 2 0 -- RMS=9.741387, GCV=4.500414e-08, AIC = 2.285935
  Model addition step  21: Added term 0 0 1 2 1 0 -- RMS=9.221072, GCV=4.033040e-08, AIC = 2.176170
  Model addition step  22: Added term 0 2 0 2 0 0 -- RMS=8.842771, GCV=3.709413e-08, AIC = 2.092407
  Model addition step  23: Added term 2 1 0 0 1 0 -- RMS=8.551797, GCV=3.469781e-08, AIC = 2.025509
  Model addition step  24: Added term 2 1 1 0 0 0 -- RMS=7.735359, GCV=2.839272e-08, AIC = 1.824849
  Model addition step  25: Added term 0 0 2 2 0 0 -- RMS=7.341377, GCV=2.557760e-08, AIC = 1.720317
  Model addition step  26: Added term 0 0 0 3 1 0 -- RMS=7.044496, GCV=2.355393e-08, AIC = 1.637777
  Model addition step  27: Added term 2 0 0 0 0 0 -- RMS=6.805345, GCV=2.198481e-08, AIC = 1.568720
  Model addition step  28: Added term 0 0 0 2 0 0 -- RMS=6.608523, GCV=2.073433e-08, AIC = 1.510043
  Model addition step  29: Added term 0 0 2 1 0 0 -- RMS=6.343330, GCV=1.910621e-08, AIC = 1.428150
Change in error: 0.018054. No more terms added.
   30 polynomial terms were written for trapscap6
trapscap7
  RMS fit error of the full model is: 1.331403 mm
  maximum moment arm: 143.193685 mm
  maximum error allowed: 14.319369 mm
  Model addition step   1: Added term 0 0 0 1 0 0 -- RMS=75.393093, GCV=2.688798e-06, AIC = 6.378233
  Model addition step   2: Added term 1 0 0 1 0 0 -- RMS=59.810596, GCV=1.692427e-06, AIC = 5.915186
  Model addition step   3: Added term 0 1 0 0 0 0 -- RMS=51.687209, GCV=1.264092e-06, AIC = 5.623261
  Model addition step   4: Added term 0 0 0 0 0 0 -- RMS=42.989986, GCV=8.745924e-07, AIC = 5.254794
  Model addition step   5: Added term 1 0 0 2 0 0 -- RMS=38.690792, GCV=7.085085e-07, AIC = 5.044082
  Model addition step   6: Added term 0 0 0 0 2 0 -- RMS=34.240851, GCV=5.549804e-07, AIC = 4.799737
  Model addition step   7: Added term 0 0 1 0 1 0 -- RMS=30.654473, GCV=4.448719e-07, AIC = 4.578474
  Model addition step   8: Added term 0 0 0 0 1 1 -- RMS=27.109123, GCV=3.479661e-07, AIC = 4.332677
  Model addition step   9: Added term 0 0 2 2 0 0 -- RMS=24.428926, GCV=2.826008e-07, AIC = 4.124492
  Model addition step  10: Added term 0 0 1 2 0 1 -- RMS=22.181785, GCV=2.330324e-07, AIC = 3.931518
  Model addition step  11: Added term 0 0 0 2 0 1 -- RMS=18.281190, GCV=1.583037e-07, AIC = 3.544740
  Model addition step  12: Added term 0 0 0 2 0 2 -- RMS=17.197918, GCV=1.401176e-07, AIC = 3.422590
  Model addition step  13: Added term 0 0 1 3 0 0 -- RMS=16.238884, GCV=1.249430e-07, AIC = 3.307850
  Model addition step  14: Added term 0 0 0 0 1 0 -- RMS=15.225299, GCV=1.098475e-07, AIC = 3.178969
  Model addition step  15: Added term 2 2 0 0 0 0 -- RMS=14.428084, GCV=9.865848e-08, AIC = 3.071425
  Model addition step  16: Added term 1 0 0 3 0 0 -- RMS=13.920268, GCV=9.184828e-08, AIC = 2.999783
  Model addition step  17: Added term 2 1 0 0 1 0 -- RMS=13.404492, GCV=8.517955e-08, AIC = 2.924290
  Model addition step  18: Added term 0 0 0 3 0 0 -- RMS=12.905362, GCV=7.896484e-08, AIC = 2.848415
  Model addition step  19: Added term 1 1 1 1 0 0 -- RMS=12.456702, GCV=7.357975e-08, AIC = 2.777666
  Model addition step  20: Added term 1 1 0 1 0 0 -- RMS=11.927430, GCV=6.746906e-08, AIC = 2.690850
  Model addition step  21: Added term 0 0 1 1 0 1 -- RMS=11.458938, GCV=6.228140e-08, AIC = 2.610728
  Model addition step  22: Added term 0 0 2 1 0 0 -- RMS=10.449159, GCV=5.179539e-08, AIC = 2.426250
  Model addition step  23: Added term 0 0 1 0 0 0 -- RMS=9.083368, GCV=3.914543e-08, AIC = 2.146116
  Model addition step  24: Added term 0 0 0 0 0 1 -- RMS=8.173913, GCV=3.170341e-08, AIC = 1.935141
  Model addition step  25: Added term 0 0 0 2 2 0 -- RMS=7.862279, GCV=2.933605e-08, AIC = 1.857418
  Model addition step  26: Added term 2 0 0 0 0 0 -- RMS=7.584397, GCV=2.730270e-08, AIC = 1.785470
  Model addition step  27: Added term 0 0 0 1 0 2 -- RMS=7.313361, GCV=2.538963e-08, AIC = 1.712709
  Model addition step  28: Added term 1 1 0 1 0 1 -- RMS=6.822682, GCV=2.209996e-08, AIC = 1.573828
  Model addition step  29: Added term 0 1 1 1 0 0 -- RMS=6.608404, GCV=2.073639e-08, AIC = 1.510026
  Model addition step  30: Added term 1 0 1 0 1 0 -- RMS=6.456783, GCV=1.979845e-08, AIC = 1.463624
  Model addition step  31: Added term 2 0 0 0 1 1 -- RMS=6.167457, GCV=1.806632e-08, AIC = 1.371954
  Model addition step  32: Added term 1 0 1 1 1 0 -- RMS=5.950372, GCV=1.681917e-08, AIC = 1.300307
  Model addition step  33: Added term 0 0 0 0 3 1 -- RMS=5.791912, GCV=1.593746e-08, AIC = 1.246344
Change in error: 0.016682. No more terms added.
   34 polynomial terms were written for trapscap7
trapscap8
  RMS fit error of the full model is: 1.166141 mm
  maximum moment arm: 146.492138 mm
  maximum error allowed: 14.649214 mm
  Model addition step   1: Added term 0 0 0 1 0 0 -- RMS=79.902998, GCV=3.020099e-06, AIC = 6.494428
  Model addition step   2: Added term 1 0 0 1 0 0 -- RMS=65.322354, GCV=2.018726e-06, AIC = 6.091489
  Model addition step   3: Added term 0 1 0 0 0 0 -- RMS=53.382441, GCV=1.348371e-06, AIC = 5.687804
  Model addition step   4: Added term 0 0 0 0 0 0 -- RMS=44.789767, GCV=9.493552e-07, AIC = 5.336819
  Model addition step   5: Added term 0 0 0 0 2 0 -- RMS=39.908384, GCV=7.538034e-07, AIC = 5.106051
  Model addition step   6: Added term 1 0 0 2 0 0 -- RMS=35.819277, GCV=6.073264e-07, AIC = 4.889870
  Model addition step   7: Added term 0 0 0 0 0 2 -- RMS=32.506434, GCV=5.002486e-07, AIC = 4.695793
  Model addition step   8: Added term 0 0 1 0 0 1 -- RMS=30.299070, GCV=4.346749e-07, AIC = 4.555171
  Model addition step   9: Added term 1 1 0 1 0 1 -- RMS=28.519478, GCV=3.851659e-07, AIC = 4.434130
  Model addition step  10: Added term 0 0 0 0 0 1 -- RMS=27.242006, GCV=3.514808e-07, AIC = 4.342495
  Model addition step  11: Added term 0 0 0 0 1 1 -- RMS=23.938682, GCV=2.714455e-07, AIC = 4.083986
  Model addition step  12: Added term 0 0 1 1 1 0 -- RMS=21.114461, GCV=2.112034e-07, AIC = 3.832930
  Model addition step  13: Added term 0 0 3 1 0 0 -- RMS=18.377112, GCV=1.600126e-07, AIC = 3.555245
  Model addition step  14: Added term 1 0 1 0 0 0 -- RMS=16.448521, GCV=1.282071e-07, AIC = 3.333524
  Model addition step  15: Added term 1 0 0 1 1 0 -- RMS=14.519635, GCV=9.991450e-08, AIC = 3.084075
  Model addition step  16: Added term 1 0 2 1 0 0 -- RMS=13.593344, GCV=8.758475e-08, AIC = 2.952252
  Model addition step  17: Added term 1 0 1 1 1 0 -- RMS=12.780441, GCV=7.743304e-08, AIC = 2.828942
  Model addition step  18: Added term 2 1 0 0 0 0 -- RMS=12.178670, GCV=7.032230e-08, AIC = 2.732502
  Model addition step  19: Added term 0 0 0 1 0 2 -- RMS=11.687537, GCV=6.477361e-08, AIC = 2.650195
  Model addition step  20: Added term 1 0 0 3 0 0 -- RMS=11.159169, GCV=5.905744e-08, AIC = 2.557691
  Model addition step  21: Added term 1 0 0 1 2 0 -- RMS=10.622885, GCV=5.352475e-08, AIC = 2.459209
  Model addition step  22: Added term 2 0 0 0 0 1 -- RMS=10.241550, GCV=4.975765e-08, AIC = 2.386113
  Model addition step  23: Added term 0 0 2 0 0 0 -- RMS=9.883178, GCV=4.634260e-08, AIC = 2.314894
  Model addition step  24: Added term 0 0 1 0 0 0 -- RMS=9.428021, GCV=4.217811e-08, AIC = 2.220618
  Model addition step  25: Added term 0 0 1 0 1 0 -- RMS=8.932173, GCV=3.786335e-08, AIC = 2.112584
  Model addition step  26: Added term 0 0 0 0 1 0 -- RMS=8.173351, GCV=3.170763e-08, AIC = 1.935042
  Model addition step  27: Added term 2 1 0 0 1 0 -- RMS=7.705064, GCV=2.818220e-08, AIC = 1.817059
  Model addition step  28: Added term 2 1 1 0 0 0 -- RMS=7.224447, GCV=2.477938e-08, AIC = 1.688264
  Model addition step  29: Added term 0 0 0 3 0 0 -- RMS=6.799454, GCV=2.195271e-08, AIC = 1.567027
  Model addition step  30: Added term 0 0 0 2 1 1 -- RMS=6.350889, GCV=1.915437e-08, AIC = 1.430551
  Model addition step  31: Added term 1 2 0 1 0 0 -- RMS=5.986392, GCV=1.702111e-08, AIC = 1.312358
  Model addition step  32: Added term 0 2 0 0 0 0 -- RMS=5.677880, GCV=1.531400e-08, AIC = 1.206556
  Model addition step  33: Added term 0 1 0 0 0 1 -- RMS=5.387266, GCV=1.378834e-08, AIC = 1.101495
  Model addition step  34: Added term 0 0 0 2 2 0 -- RMS=5.191765, GCV=1.280749e-08, AIC = 1.027586
  Model addition step  35: Added term 2 0 1 1 0 0 -- RMS=5.025122, GCV=1.200013e-08, AIC = 0.962357
  Model addition step  36: Added term 0 0 0 0 3 1 -- RMS=4.872335, GCV=1.128303e-08, AIC = 0.900624
  Model addition step  37: Added term 1 0 0 1 1 1 -- RMS=4.719165, GCV=1.058622e-08, AIC = 0.836760
  Model addition step  38: Added term 1 0 1 0 0 1 -- RMS=4.469555, GCV=9.497250e-09, AIC = 0.728093
  Model addition step  39: Added term 1 0 0 0 2 0 -- RMS=4.363925, GCV=9.054880e-09, AIC = 0.680279
  Model addition step  40: Added term 3 0 0 0 1 0 -- RMS=4.234891, GCV=8.528477e-09, AIC = 0.620269
  Model addition step  41: Added term 0 0 0 2 0 1 -- RMS=4.090042, GCV=7.956124e-09, AIC = 0.550684
  Model addition step  42: Added term 1 0 0 0 0 2 -- RMS=3.950967, GCV=7.425256e-09, AIC = 0.481513
  Model addition step  43: Added term 1 0 0 0 0 0 -- RMS=3.862413, GCV=7.097101e-09, AIC = 0.436196
  Model addition step  44: Added term 0 0 0 4 0 0 -- RMS=3.699028, GCV=6.510249e-09, AIC = 0.349771
  Model addition step  45: Added term 0 0 0 1 1 1 -- RMS=3.613361, GCV=6.213038e-09, AIC = 0.302927
  Model addition step  46: Added term 0 1 1 0 0 0 -- RMS=3.534557, GCV=5.945797e-09, AIC = 0.258846
  Model addition step  47: Added term 0 1 1 2 0 0 -- RMS=3.414148, GCV=5.548348e-09, AIC = 0.189545
  Model addition step  48: Added term 0 1 0 1 0 0 -- RMS=3.286537, GCV=5.142036e-09, AIC = 0.113378
  Model addition step  49: Added term 0 2 0 1 1 0 -- RMS=3.218339, GCV=4.931515e-09, AIC = 0.071459
Change in error: 0.017492. No more terms added.
   50 polynomial terms were written for trapscap8
trapscap9
  RMS fit error of the full model is: 0.978163 mm
  maximum moment arm: 142.757285 mm
  maximum error allowed: 14.275728 mm
  Model addition step   1: Added term 0 0 0 0 0 0 -- RMS=81.938031, GCV=3.175894e-06, AIC = 6.544728
  Model addition step   2: Added term 1 0 0 0 0 0 -- RMS=71.511439, GCV=2.419384e-06, AIC = 6.272536
  Model addition step   3: Added term 0 1 0 0 0 0 -- RMS=59.549341, GCV=1.677901e-06, AIC = 5.906450
  Model addition step   4: Added term 0 0 0 3 0 0 -- RMS=52.347102, GCV=1.296750e-06, AIC = 5.648652
  Model addition step   5: Added term 0 0 0 0 0 1 -- RMS=44.792927, GCV=9.496175e-07, AIC = 5.336979
  Model addition step   6: Added term 0 0 1 0 0 0 -- RMS=38.737102, GCV=7.103016e-07, AIC = 5.046494
  Model addition step   7: Added term 0 0 0 0 1 0 -- RMS=31.921125, GCV=4.823959e-07, AIC = 4.659453
  Model addition step   8: Added term 0 0 0 0 2 0 -- RMS=28.498202, GCV=3.845394e-07, AIC = 4.432618
  Model addition step   9: Added term 0 0 1 0 1 0 -- RMS=24.626358, GCV=2.871872e-07, AIC = 4.140591
  Model addition step  10: Added term 0 0 2 0 0 0 -- RMS=21.468713, GCV=2.182908e-07, AIC = 3.866168
  Model addition step  11: Added term 1 0 0 0 1 1 -- RMS=19.312023, GCV=1.766598e-07, AIC = 3.654450
  Model addition step  12: Added term 0 0 1 1 0 1 -- RMS=16.363953, GCV=1.268578e-07, AIC = 3.323176
  Model addition step  13: Added term 1 1 0 1 0 0 -- RMS=14.846690, GCV=1.044381e-07, AIC = 3.128587
  Model addition step  14: Added term 0 0 0 0 1 1 -- RMS=13.702053, GCV=8.896715e-08, AIC = 2.968144
  Model addition step  15: Added term 1 0 0 2 0 0 -- RMS=12.296432, GCV=7.165975e-08, AIC = 2.751690
  Model addition step  16: Added term 3 0 0 0 0 1 -- RMS=11.455827, GCV=6.220549e-08, AIC = 2.610088
  Model addition step  17: Added term 1 0 1 0 0 0 -- RMS=10.696092, GCV=5.423565e-08, AIC = 2.472867
  Model addition step  18: Added term 1 0 0 0 1 0 -- RMS=9.428371, GCV=4.214700e-08, AIC = 2.220576
  Model addition step  19: Added term 0 0 1 2 0 1 -- RMS=8.826786, GCV=3.694514e-08, AIC = 2.088731
  Model addition step  20: Added term 0 1 0 1 0 0 -- RMS=8.219551, GCV=3.204107e-08, AIC = 1.946199
  Model addition step  21: Added term 2 1 0 0 0 0 -- RMS=7.857799, GCV=2.928677e-08, AIC = 1.856201
  Model addition step  22: Added term 4 0 0 0 0 0 -- RMS=7.632313, GCV=2.763381e-08, AIC = 1.797989
Change in error: 0.019176. No more terms added.
   23 polynomial terms were written for trapscap9
trapscap10
  RMS fit error of the full model is: 0.735770 mm
  maximum moment arm: 156.378139 mm
  maximum error allowed: 15.637814 mm
  Model addition step   1: Added term 0 0 0 0 0 0 -- RMS=92.934502, GCV=4.085535e-06, AIC = 6.796591
  Model addition step   2: Added term 0 1 0 0 0 0 -- RMS=81.400614, GCV=3.134794e-06, AIC = 6.531586
  Model addition step   3: Added term 1 0 0 0 0 0 -- RMS=69.681748, GCV=2.297473e-06, AIC = 6.220717
  Model addition step   4: Added term 0 0 0 0 0 1 -- RMS=59.807318, GCV=1.692699e-06, AIC = 5.915115
  Model addition step   5: Added term 0 0 0 3 0 0 -- RMS=51.769640, GCV=1.268470e-06, AIC = 5.626486
  Model addition step   6: Added term 0 0 1 0 0 0 -- RMS=42.837566, GCV=8.686366e-07, AIC = 5.247729
  Model addition step   7: Added term 0 0 0 0 1 0 -- RMS=32.564842, GCV=5.020479e-07, AIC = 4.699384
  Model addition step   8: Added term 0 0 0 0 2 0 -- RMS=29.114767, GCV=4.013586e-07, AIC = 4.475428
  Model addition step   9: Added term 0 0 1 0 1 0 -- RMS=25.399365, GCV=3.054994e-07, AIC = 4.202404
  Model addition step  10: Added term 0 0 2 0 0 0 -- RMS=22.542850, GCV=2.406806e-07, AIC = 3.963811
  Model addition step  11: Added term 1 0 0 0 1 1 -- RMS=20.585469, GCV=2.007260e-07, AIC = 3.782165
  Model addition step  12: Added term 0 0 1 1 0 1 -- RMS=18.136991, GCV=1.558373e-07, AIC = 3.528921
  Model addition step  13: Added term 1 1 0 2 0 0 -- RMS=16.194578, GCV=1.242622e-07, AIC = 3.302386
  Model addition step  14: Added term 1 0 0 2 0 0 -- RMS=14.964356, GCV=1.061144e-07, AIC = 3.144395
  Model addition step  15: Added term 0 0 0 1 1 1 -- RMS=13.583508, GCV=8.744621e-08, AIC = 2.950784
  Model addition step  16: Added term 1 0 0 2 0 1 -- RMS=12.739718, GCV=7.692995e-08, AIC = 2.822540
  Model addition step  17: Added term 1 0 1 1 0 1 -- RMS=11.952126, GCV=6.772124e-08, AIC = 2.694929
  Model addition step  18: Added term 0 1 0 2 0 0 -- RMS=11.219440, GCV=5.968095e-08, AIC = 2.568426
  Model addition step  19: Added term 3 0 0 0 0 0 -- RMS=10.348592, GCV=5.078257e-08, AIC = 2.406850
  Model addition step  20: Added term 2 0 0 0 1 0 -- RMS=9.930568, GCV=4.676910e-08, AIC = 2.324403
  Model addition step  21: Added term 2 0 1 0 0 0 -- RMS=8.975038, GCV=3.820694e-08, AIC = 2.122082
  Model addition step  22: Added term 0 0 0 0 1 1 -- RMS=8.483802, GCV=3.414361e-08, AIC = 2.009524
  Model addition step  23: Added term 0 0 0 3 0 1 -- RMS=7.853331, GCV=2.926139e-08, AIC = 1.855102
  Model addition step  24: Added term 1 1 0 0 0 0 -- RMS=7.458513, GCV=2.639675e-08, AIC = 1.751957
  Model addition step  25: Added term 1 0 0 0 0 1 -- RMS=7.056144, GCV=2.362869e-08, AIC = 1.641062
  Model addition step  26: Added term 0 2 0 0 0 1 -- RMS=6.833714, GCV=2.216548e-08, AIC = 1.577020
  Model addition step  27: Added term 1 0 2 0 1 0 -- RMS=6.694426, GCV=2.127399e-08, AIC = 1.535854
Change in error: 0.016099. No more terms added.
   28 polynomial terms were written for trapscap10
trapscap11
  RMS fit error of the full model is: 0.603785 mm
  maximum moment arm: 172.317489 mm
  maximum error allowed: 17.231749 mm
  Model addition step   1: Added term 0 0 0 0 0 0 -- RMS=105.839262, GCV=5.298935e-06, AIC = 7.056644
  Model addition step   2: Added term 0 1 0 0 0 0 -- RMS=93.591824, GCV=4.144093e-06, AIC = 6.810707
  Model addition step   3: Added term 1 0 1 0 0 0 -- RMS=80.055754, GCV=3.032477e-06, AIC = 6.498287
  Model addition step   4: Added term 0 0 0 1 0 1 -- RMS=66.734231, GCV=2.107504e-06, AIC = 6.134295
  Model addition step   5: Added term 1 0 0 0 1 0 -- RMS=55.963389, GCV=1.482306e-06, AIC = 5.782274
  Model addition step   6: Added term 0 0 0 3 0 0 -- RMS=48.370451, GCV=1.107513e-06, AIC = 5.490676
  Model addition step   7: Added term 1 0 0 0 0 0 -- RMS=42.376306, GCV=8.501458e-07, AIC = 5.226096
  Model addition step   8: Added term 0 0 0 0 1 1 -- RMS=37.651552, GCV=6.712306e-07, AIC = 4.989685
  Model addition step   9: Added term 0 0 1 1 0 1 -- RMS=29.348559, GCV=4.078855e-07, AIC = 4.491443
  Model addition step  10: Added term 0 0 1 0 0 0 -- RMS=27.069033, GCV=3.470315e-07, AIC = 4.329756
  Model addition step  11: Added term 1 1 0 2 0 0 -- RMS=24.862765, GCV=2.928067e-07, AIC = 4.159737
  Model addition step  12: Added term 0 0 0 0 1 0 -- RMS=23.617731, GCV=2.642514e-07, AIC = 4.057009
  Model addition step  13: Added term 0 0 1 1 1 0 -- RMS=22.422396, GCV=2.382120e-07, AIC = 3.953154
  Model addition step  14: Added term 0 0 2 1 0 0 -- RMS=19.406009, GCV=1.784559e-07, AIC = 3.664218
  Model addition step  15: Added term 0 0 0 1 2 0 -- RMS=15.520211, GCV=1.141596e-07, AIC = 3.217358
  Model addition step  16: Added term 1 0 1 1 0 0 -- RMS=14.097268, GCV=9.419888e-08, AIC = 3.025053
  Model addition step  17: Added term 3 0 0 0 0 1 -- RMS=13.096243, GCV=8.130702e-08, AIC = 2.877761
  Model addition step  18: Added term 0 1 0 1 0 0 -- RMS=12.364632, GCV=7.248627e-08, AIC = 2.762810
  Model addition step  19: Added term 1 0 0 1 0 0 -- RMS=11.292340, GCV=6.046722e-08, AIC = 2.581398
  Model addition step  20: Added term 3 0 0 0 0 0 -- RMS=10.367192, GCV=5.097218e-08, AIC = 2.410461
  Model addition step  21: Added term 0 0 0 3 1 0 -- RMS=9.714399, GCV=4.476118e-08, AIC = 2.280406
  Model addition step  22: Added term 0 0 0 0 0 1 -- RMS=8.364019, GCV=3.318627e-08, AIC = 1.981085
  Model addition step  23: Added term 0 0 1 2 0 0 -- RMS=7.337481, GCV=2.554355e-08, AIC = 1.719217
  Model addition step  24: Added term 1 0 0 0 2 1 -- RMS=7.074105, GCV=2.374592e-08, AIC = 1.646127
  Model addition step  25: Added term 0 0 1 2 0 1 -- RMS=6.872915, GCV=2.241748e-08, AIC = 1.588441
  Model addition step  26: Added term 0 0 0 1 0 3 -- RMS=6.634752, GCV=2.089358e-08, AIC = 1.517926
  Model addition step  27: Added term 0 2 0 1 0 1 -- RMS=6.465881, GCV=1.984622e-08, AIC = 1.466382
  Model addition step  28: Added term 1 1 1 0 0 1 -- RMS=6.285362, GCV=1.875607e-08, AIC = 1.409769
  Model addition step  29: Added term 0 1 0 1 1 0 -- RMS=6.067826, GCV=1.748261e-08, AIC = 1.339343
Change in error: 0.019940. No more terms added.
   30 polynomial terms were written for trapscap11
trapclav1
  RMS fit error of the full model is: 108.967748 mm
  maximum moment arm: 79.447179 mm
  maximum error allowed: 7.944718 mm
  Model addition step   1: Added term 0 0 0 -- RMS=50.305709, GCV=6.840558e-07, AIC = 5.009437
  Model addition step   2: Added term 0 1 0 -- RMS=36.031034, GCV=3.509693e-07, AIC = 4.341995
  Model addition step   3: Added term 1 0 0 -- RMS=11.757326, GCV=3.737589e-08, AIC = 2.102221
  Model addition step   4: Added term 1 1 0 -- RMS=11.272963, GCV=3.436443e-08, AIC = 2.018116
Change in error: 0.011817. No more terms added.
   5 polynomial terms were written for trapclav1
trapclav2
  RMS fit error of the full model is: 106.955798 mm
  maximum moment arm: 95.976921 mm
  maximum error allowed: 9.597692 mm
  Model addition step   1: Added term 0 0 0 -- RMS=57.348556, GCV=8.890004e-07, AIC = 5.271495
  Model addition step   2: Added term 1 0 0 -- RMS=40.971508, GCV=4.538157e-07, AIC = 4.598988
  Model addition step   3: Added term 0 1 0 -- RMS=11.793509, GCV=3.760629e-08, AIC = 2.108366
  Model addition step   4: Added term 1 1 0 -- RMS=11.054795, GCV=3.304718e-08, AIC = 1.979030
  Model addition step   5: Added term 2 0 0 -- RMS=10.605246, GCV=3.041818e-08, AIC = 1.896033
Change in error: 0.007011. No more terms added.
   6 polynomial terms were written for trapclav2
levscap1
  RMS fit error of the full model is: 0.433003 mm
  maximum moment arm: 116.234996 mm
  maximum error allowed: 11.623500 mm
  Model addition step   1: Added term 0 0 0 0 0 0 -- RMS=77.484395, GCV=2.840034e-06, AIC = 6.432954
  Model addition step   2: Added term 0 0 1 1 0 0 -- RMS=64.979032, GCV=1.997562e-06, AIC = 6.080950
  Model addition step   3: Added term 0 1 0 0 0 0 -- RMS=53.938490, GCV=1.376607e-06, AIC = 5.708529
  Model addition step   4: Added term 0 0 0 0 1 0 -- RMS=43.384497, GCV=8.907180e-07, AIC = 5.273064
  Model addition step   5: Added term 0 0 0 0 0 1 -- RMS=33.097477, GCV=5.184652e-07, AIC = 4.731793
  Model addition step   6: Added term 0 0 0 1 0 0 -- RMS=28.092867, GCV=3.735775e-07, AIC = 4.403929
  Model addition step   7: Added term 1 0 0 1 0 0 -- RMS=23.127407, GCV=2.532218e-07, AIC = 4.014954
  Model addition step   8: Added term 3 0 0 0 0 0 -- RMS=17.622242, GCV=1.470376e-07, AIC = 3.471260
  Model addition step   9: Added term 0 0 1 0 0 0 -- RMS=13.861907, GCV=9.099356e-08, AIC = 2.991245
  Model addition step  10: Added term 0 0 0 1 0 1 -- RMS=12.330812, GCV=7.201231e-08, AIC = 2.757177
  Model addition step  11: Added term 1 1 0 2 0 0 -- RMS=11.184444, GCV=5.925308e-08, AIC = 2.562042
  Model addition step  12: Added term 0 0 1 1 1 0 -- RMS=9.996452, GCV=4.734047e-08, AIC = 2.337474
  Model addition step  13: Added term 0 0 2 1 0 0 -- RMS=9.202323, GCV=4.012310e-08, AIC = 2.171945
  Model addition step  14: Added term 0 0 0 2 0 2 -- RMS=8.574798, GCV=3.484225e-08, AIC = 2.030707
  Model addition step  15: Added term 0 0 1 0 2 1 -- RMS=8.016616, GCV=3.045785e-08, AIC = 1.896104
  Model addition step  16: Added term 4 0 0 0 0 0 -- RMS=7.492666, GCV=2.661023e-08, AIC = 1.760940
  Model addition step  17: Added term 1 0 0 0 2 0 -- RMS=7.136535, GCV=2.414401e-08, AIC = 1.663565
  Model addition step  18: Added term 0 1 0 1 0 0 -- RMS=6.898869, GCV=2.256572e-08, AIC = 1.595844
  Model addition step  19: Added term 0 2 0 1 0 0 -- RMS=6.546264, GCV=2.032072e-08, AIC = 1.490938
  Model addition step  20: Added term 0 0 0 0 3 0 -- RMS=6.341685, GCV=1.907305e-08, AIC = 1.427457
  Model addition step  21: Added term 0 0 1 0 0 1 -- RMS=6.091731, GCV=1.760156e-08, AIC = 1.347052
  Model addition step  22: Added term 0 1 0 0 1 0 -- RMS=5.934966, GCV=1.670956e-08, AIC = 1.294929
  Model addition step  23: Added term 0 1 1 2 0 0 -- RMS=5.557211, GCV=1.465214e-08, AIC = 1.163419
  Model addition step  24: Added term 0 0 1 0 1 0 -- RMS=5.359635, GCV=1.363064e-08, AIC = 1.091037
  Model addition step  25: Added term 0 0 0 1 1 0 -- RMS=5.104062, GCV=1.236337e-08, AIC = 0.993338
  Model addition step  26: Added term 1 0 0 0 0 0 -- RMS=4.941105, GCV=1.158809e-08, AIC = 0.928462
  Model addition step  27: Added term 3 0 0 1 0 0 -- RMS=4.603481, GCV=1.005993e-08, AIC = 0.786929
  Model addition step  28: Added term 2 0 0 0 0 0 -- RMS=4.467060, GCV=9.473810e-09, AIC = 0.726783
Change in error: 0.018695. No more terms added.
   29 polynomial terms were written for levscap1
levscap2
  RMS fit error of the full model is: 0.436334 mm
  maximum moment arm: 109.391057 mm
  maximum error allowed: 10.939106 mm
  Model addition step   1: Added term 0 0 0 1 0 0 -- RMS=77.710826, GCV=2.856657e-06, AIC = 6.438791
  Model addition step   2: Added term 0 0 1 0 0 0 -- RMS=67.364198, GCV=2.146901e-06, AIC = 6.153048
  Model addition step   3: Added term 0 0 0 0 0 1 -- RMS=57.273523, GCV=1.552102e-06, AIC = 5.828517
  Model addition step   4: Added term 0 1 0 0 0 0 -- RMS=45.980112, GCV=1.000486e-06, AIC = 5.389277
  Model addition step   5: Added term 0 0 0 0 1 0 -- RMS=36.348026, GCV=6.253044e-07, AIC = 4.919158
  Model addition step   6: Added term 0 0 0 0 0 0 -- RMS=25.374497, GCV=3.047779e-07, AIC = 4.200387
  Model addition step   7: Added term 1 0 0 0 0 0 -- RMS=13.762853, GCV=8.967351e-08, AIC = 2.976863
  Model addition step   8: Added term 2 0 0 0 0 0 -- RMS=10.383290, GCV=5.104767e-08, AIC = 2.413332
  Model addition step   9: Added term 0 0 1 0 3 0 -- RMS=9.379843, GCV=4.166351e-08, AIC = 2.210082
  Model addition step  10: Added term 0 0 0 1 1 0 -- RMS=8.429005, GCV=3.364930e-08, AIC = 1.996333
  Model addition step  11: Added term 0 0 0 3 0 1 -- RMS=7.905843, GCV=2.960592e-08, AIC = 1.868199
  Model addition step  12: Added term 0 0 0 2 0 0 -- RMS=7.449971, GCV=2.629360e-08, AIC = 1.749434
  Model addition step  13: Added term 0 0 0 0 2 0 -- RMS=7.006167, GCV=2.325737e-08, AIC = 1.626614
  Model addition step  14: Added term 1 1 0 2 0 0 -- RMS=6.658756, GCV=2.101090e-08, AIC = 1.524918
  Model addition step  15: Added term 0 1 0 2 0 1 -- RMS=6.297532, GCV=1.879567e-08, AIC = 1.413387
  Model addition step  16: Added term 2 0 0 2 0 0 -- RMS=5.914507, GCV=1.658108e-08, AIC = 1.287907
  Model addition step  17: Added term 0 0 2 2 0 0 -- RMS=5.636121, GCV=1.505897e-08, AIC = 1.191502
  Model addition step  18: Added term 0 2 0 2 0 0 -- RMS=5.435106, GCV=1.400585e-08, AIC = 1.118888
  Model addition step  19: Added term 0 0 0 0 2 1 -- RMS=5.278740, GCV=1.321334e-08, AIC = 1.060524
  Model addition step  20: Added term 0 1 0 0 1 0 -- RMS=5.115576, GCV=1.241080e-08, AIC = 0.997748
  Model addition step  21: Added term 0 1 1 0 0 0 -- RMS=4.985647, GCV=1.178997e-08, AIC = 0.946314
  Model addition step  22: Added term 0 1 0 1 0 0 -- RMS=4.838926, GCV=1.110776e-08, AIC = 0.886592
  Model addition step  23: Added term 0 1 1 1 0 0 -- RMS=4.677753, GCV=1.038154e-08, AIC = 0.818862
  Model addition step  24: Added term 0 0 0 1 2 0 -- RMS=4.530248, GCV=9.738453e-09, AIC = 0.754799
  Model addition step  25: Added term 0 0 1 1 1 0 -- RMS=4.335892, GCV=8.921991e-09, AIC = 0.667120
  Model addition step  26: Added term 0 0 1 1 0 0 -- RMS=3.890544, GCV=7.184295e-09, AIC = 0.450382
  Model addition step  27: Added term 1 0 0 0 2 0 -- RMS=3.781160, GCV=6.786916e-09, AIC = 0.393365
  Model addition step  28: Added term 0 0 1 3 0 0 -- RMS=3.672358, GCV=6.402819e-09, AIC = 0.334991
  Model addition step  29: Added term 0 1 0 0 2 0 -- RMS=3.568507, GCV=6.046626e-09, AIC = 0.277637
  Model addition step  30: Added term 3 0 0 0 0 0 -- RMS=3.464798, GCV=5.701048e-09, AIC = 0.218670
  Model addition step  31: Added term 0 1 1 1 1 0 -- RMS=3.362637, GCV=5.370536e-09, AIC = 0.158832
  Model addition step  32: Added term 1 0 0 1 0 2 -- RMS=3.258988, GCV=5.045241e-09, AIC = 0.096233
  Model addition step  33: Added term 1 0 1 1 0 1 -- RMS=3.079625, GCV=4.505789e-09, AIC = -0.016965
  Model addition step  34: Added term 0 1 2 1 0 0 -- RMS=2.947812, GCV=4.128894e-09, AIC = -0.104435
  Model addition step  35: Added term 1 0 0 0 1 0 -- RMS=2.848316, GCV=3.855397e-09, AIC = -0.173087
  Model addition step  36: Added term 0 0 0 2 0 2 -- RMS=2.745052, GCV=3.581401e-09, AIC = -0.246923
  Model addition step  37: Added term 0 0 0 0 3 0 -- RMS=2.682413, GCV=3.420281e-09, AIC = -0.293070
  Model addition step  38: Added term 0 0 0 1 3 0 -- RMS=2.604535, GCV=3.224999e-09, AIC = -0.351976
Change in error: 0.019618. No more terms added.
   39 polynomial terms were written for levscap2
pectmin1
  RMS fit error of the full model is: 0.287889 mm
  maximum moment arm: 70.735065 mm
  maximum error allowed: 7.073506 mm
  Model addition step   1: Added term 0 0 0 0 0 0 -- RMS=39.218204, GCV=7.275627e-07, AIC = 5.071083
  Model addition step   2: Added term 0 1 0 0 0 0 -- RMS=30.531333, GCV=4.410068e-07, AIC = 4.570328
  Model addition step   3: Added term 1 0 0 1 0 0 -- RMS=19.608202, GCV=1.819231e-07, AIC = 3.684736
  Model addition step   4: Added term 0 0 0 2 0 2 -- RMS=17.849289, GCV=1.507693e-07, AIC = 3.496787
  Model addition step   5: Added term 0 0 1 2 0 0 -- RMS=15.545901, GCV=1.143830e-07, AIC = 3.220473
  Model addition step   6: Added term 0 1 0 1 0 0 -- RMS=14.442236, GCV=9.873188e-08, AIC = 3.073212
  Model addition step   7: Added term 0 1 1 0 0 0 -- RMS=13.524626, GCV=8.659599e-08, AIC = 2.941942
  Model addition step   8: Added term 1 0 0 0 0 0 -- RMS=12.579034, GCV=7.492048e-08, AIC = 2.796999
  Model addition step   9: Added term 0 1 0 0 1 1 -- RMS=11.901683, GCV=6.707821e-08, AIC = 2.686315
  Model addition step  10: Added term 0 0 1 1 0 1 -- RMS=11.246655, GCV=5.990597e-08, AIC = 2.573117
  Model addition step  11: Added term 0 0 0 4 0 0 -- RMS=10.831481, GCV=5.557223e-08, AIC = 2.497908
  Model addition step  12: Added term 0 0 0 3 1 0 -- RMS=10.404036, GCV=5.127959e-08, AIC = 2.417401
  Model addition step  13: Added term 0 0 0 2 1 1 -- RMS=10.003329, GCV=4.741205e-08, AIC = 2.338869
  Model addition step  14: Added term 0 0 0 0 2 0 -- RMS=8.388640, GCV=3.334583e-08, AIC = 1.986809
  Model addition step  15: Added term 0 0 0 1 1 1 -- RMS=7.934225, GCV=2.983501e-08, AIC = 1.875443
  Model addition step  16: Added term 0 0 0 1 0 2 -- RMS=7.534539, GCV=2.690848e-08, AIC = 1.772086
  Model addition step  17: Added term 0 0 0 0 3 0 -- RMS=7.060001, GCV=2.362893e-08, AIC = 1.642001
  Model addition step  18: Added term 0 0 2 0 0 0 -- RMS=6.688491, GCV=2.121044e-08, AIC = 1.533906
  Model addition step  19: Added term 0 0 1 0 1 0 -- RMS=5.900846, GCV=1.651127e-08, AIC = 1.283340
  Model addition step  20: Added term 1 1 0 0 0 0 -- RMS=5.600358, GCV=1.487450e-08, AIC = 1.178829
  Model addition step  21: Added term 0 0 1 1 0 0 -- RMS=5.439127, GCV=1.403228e-08, AIC = 1.120425
  Model addition step  22: Added term 0 0 2 0 1 0 -- RMS=5.228355, GCV=1.296757e-08, AIC = 1.041400
  Model addition step  23: Added term 0 0 0 2 0 0 -- RMS=4.988195, GCV=1.180522e-08, AIC = 0.947374
  Model addition step  24: Added term 0 0 1 0 0 1 -- RMS=4.767559, GCV=1.078545e-08, AIC = 0.856914
  Model addition step  25: Added term 2 0 0 0 0 0 -- RMS=4.624269, GCV=1.014824e-08, AIC = 0.795901
  Model addition step  26: Added term 0 0 2 1 1 0 -- RMS=4.484761, GCV=9.546456e-09, AIC = 0.734654
  Model addition step  27: Added term 0 1 0 0 1 0 -- RMS=4.310843, GCV=8.821587e-09, AIC = 0.655570
  Model addition step  28: Added term 1 2 1 0 0 0 -- RMS=4.144457, GCV=8.154857e-09, AIC = 0.576866
  Model addition step  29: Added term 0 0 0 0 0 1 -- RMS=3.993737, GCV=7.573541e-09, AIC = 0.502797
  Model addition step  30: Added term 1 0 0 0 0 1 -- RMS=3.788260, GCV=6.815197e-09, AIC = 0.397175
  Model addition step  31: Added term 0 1 1 1 1 0 -- RMS=3.665211, GCV=6.380511e-09, AIC = 0.331152
  Model addition step  32: Added term 0 1 0 3 0 0 -- RMS=3.509701, GCV=5.851357e-09, AIC = 0.244461
  Model addition step  33: Added term 0 1 2 1 0 0 -- RMS=3.363718, GCV=5.375443e-09, AIC = 0.159513
  Model addition step  34: Added term 1 0 1 0 0 0 -- RMS=3.251767, GCV=5.024268e-09, AIC = 0.091835
  Model addition step  35: Added term 0 3 0 0 0 0 -- RMS=3.152655, GCV=4.723303e-09, AIC = 0.029948
  Model addition step  36: Added term 0 0 0 0 2 1 -- RMS=3.067043, GCV=4.470864e-09, AIC = -0.025095
  Model addition step  37: Added term 0 0 3 0 0 0 -- RMS=2.994946, GCV=4.263718e-09, AIC = -0.072651
  Model addition step  38: Added term 0 0 1 1 0 2 -- RMS=2.929981, GCV=4.081303e-09, AIC = -0.116493
  Model addition step  39: Added term 0 1 0 1 1 0 -- RMS=2.861851, GCV=3.894237e-09, AIC = -0.163527
  Model addition step  40: Added term 0 0 1 2 1 0 -- RMS=2.750335, GCV=3.597149e-09, AIC = -0.243000
  Model addition step  41: Added term 0 0 1 0 0 3 -- RMS=2.662443, GCV=3.371371e-09, AIC = -0.307938
  Model addition step  42: Added term 1 1 0 1 0 1 -- RMS=2.592636, GCV=3.197332e-09, AIC = -0.361057
  Model addition step  43: Added term 3 0 0 1 0 0 -- RMS=2.526426, GCV=3.036524e-09, AIC = -0.412777
  Model addition step  44: Added term 1 1 0 2 0 0 -- RMS=2.467235, GCV=2.896300e-09, AIC = -0.460172
  Model addition step  45: Added term 0 0 0 1 1 2 -- RMS=2.408170, GCV=2.759660e-09, AIC = -0.508615
  Model addition step  46: Added term 0 0 2 1 0 1 -- RMS=2.319939, GCV=2.561495e-09, AIC = -0.583248
  Model addition step  47: Added term 1 1 1 1 0 0 -- RMS=2.241461, GCV=2.391451e-09, AIC = -0.652055
  Model addition step  48: Added term 0 0 0 0 3 1 -- RMS=2.187673, GCV=2.278362e-09, AIC = -0.700615
  Model addition step  49: Added term 0 0 0 3 0 0 -- RMS=2.141890, GCV=2.184295e-09, AIC = -0.742895
  Model addition step  50: Added term 0 0 0 0 1 1 -- RMS=2.062328, GCV=2.025309e-09, AIC = -0.818581
  Model addition step  51: Added term 0 0 1 2 0 1 -- RMS=1.961227, GCV=1.831852e-09, AIC = -0.919093
  Model addition step  52: Added term 0 0 1 1 1 1 -- RMS=1.900573, GCV=1.720532e-09, AIC = -0.981903
  Model addition step  53: Added term 0 0 0 1 0 1 -- RMS=1.845187, GCV=1.621934e-09, AIC = -1.041033
  Model addition step  54: Added term 0 0 0 1 2 0 -- RMS=1.779617, GCV=1.508914e-09, AIC = -1.113379
  Model addition step  55: Added term 0 0 0 0 0 4 -- RMS=1.713242, GCV=1.398645e-09, AIC = -1.189381
  Model addition step  56: Added term 0 0 1 0 2 0 -- RMS=1.648216, GCV=1.294664e-09, AIC = -1.266750
  Model addition step  57: Added term 0 0 0 1 0 0 -- RMS=1.576515, GCV=1.184633e-09, AIC = -1.355685
  Model addition step  58: Added term 0 0 1 0 0 0 -- RMS=1.509352, GCV=1.085995e-09, AIC = -1.442738
  Model addition step  59: Added term 0 0 0 0 1 3 -- RMS=1.466392, GCV=1.025195e-09, AIC = -1.500468
  Model addition step  60: Added term 0 0 0 2 1 0 -- RMS=1.422432, GCV=9.647784e-10, AIC = -1.561324
  Model addition step  61: Added term 0 0 0 0 1 0 -- RMS=1.327136, GCV=8.399516e-10, AIC = -1.699995
  Model addition step  62: Added term 1 1 0 0 1 0 -- RMS=1.274295, GCV=7.745027e-10, AIC = -1.781234
  Model addition step  63: Added term 3 0 0 0 1 0 -- RMS=1.228282, GCV=7.196774e-10, AIC = -1.854769
  Model addition step  64: Added term 2 0 1 1 0 0 -- RMS=1.164315, GCV=6.467573e-10, AIC = -1.961717
  Model addition step  65: Added term 1 0 1 0 1 0 -- RMS=1.116894, GCV=5.952281e-10, AIC = -2.044860
  Model addition step  66: Added term 0 1 0 1 0 2 -- RMS=1.086794, GCV=5.636547e-10, AIC = -2.099479
  Model addition step  67: Added term 0 0 0 0 1 2 -- RMS=1.062092, GCV=5.383959e-10, AIC = -2.145443
  Model addition step  68: Added term 2 0 0 1 0 1 -- RMS=1.037758, GCV=5.140777e-10, AIC = -2.191779
  Model addition step  69: Added term 2 0 0 0 2 0 -- RMS=1.016892, GCV=4.936798e-10, AIC = -2.232383
  Model addition step  70: Added term 1 0 2 0 0 0 -- RMS=0.984746, GCV=4.630228e-10, AIC = -2.296610
Change in error: 0.019480. No more terms added.
   71 polynomial terms were written for pectmin1
pectmin2
  RMS fit error of the full model is: 0.403100 mm
  maximum moment arm: 98.030349 mm
  maximum error allowed: 9.803035 mm
  Model addition step   1: Added term 0 0 0 0 0 0 -- RMS=52.240664, GCV=1.290959e-06, AIC = 5.644524
  Model addition step   2: Added term 0 1 0 0 0 0 -- RMS=40.968107, GCV=7.940457e-07, AIC = 5.158408
  Model addition step   3: Added term 1 0 0 0 0 0 -- RMS=28.381909, GCV=3.811497e-07, AIC = 4.424344
  Model addition step   4: Added term 0 0 0 0 1 0 -- RMS=25.592689, GCV=3.099581e-07, AIC = 4.217473
  Model addition step   5: Added term 0 0 0 4 0 0 -- RMS=23.629557, GCV=2.642658e-07, AIC = 4.057875
  Model addition step   6: Added term 0 0 1 3 0 0 -- RMS=20.951123, GCV=2.077797e-07, AIC = 3.817282
  Model addition step   7: Added term 1 1 0 1 0 1 -- RMS=19.741793, GCV=1.845102e-07, AIC = 3.698393
  Model addition step   8: Added term 0 1 1 0 0 0 -- RMS=18.461000, GCV=1.613676e-07, AIC = 3.564257
  Model addition step   9: Added term 0 0 0 0 0 1 -- RMS=17.340892, GCV=1.423992e-07, AIC = 3.439091
  Model addition step  10: Added term 0 0 0 2 0 2 -- RMS=15.904471, GCV=1.198014e-07, AIC = 3.266176
  Model addition step  11: Added term 0 0 1 1 0 1 -- RMS=14.709695, GCV=1.024919e-07, AIC = 3.110008
  Model addition step  12: Added term 0 1 0 1 1 0 -- RMS=13.905157, GCV=9.159941e-08, AIC = 2.997533
  Model addition step  13: Added term 1 1 0 1 0 0 -- RMS=13.015844, GCV=8.026833e-08, AIC = 2.865368
  Model addition step  14: Added term 0 0 2 0 0 0 -- RMS=12.503140, GCV=7.407925e-08, AIC = 2.785012
  Model addition step  15: Added term 1 0 0 2 0 1 -- RMS=11.848468, GCV=6.653367e-08, AIC = 2.677469
  Model addition step  16: Added term 0 0 0 0 2 0 -- RMS=11.492133, GCV=6.260040e-08, AIC = 2.616416
  Model addition step  17: Added term 0 0 0 1 1 1 -- RMS=11.074101, GCV=5.813686e-08, AIC = 2.542329
  Model addition step  18: Added term 0 0 0 0 0 3 -- RMS=10.561266, GCV=5.288412e-08, AIC = 2.447516
  Model addition step  19: Added term 0 0 0 2 1 0 -- RMS=10.137617, GCV=4.873308e-08, AIC = 2.365655
  Model addition step  20: Added term 0 0 1 0 1 0 -- RMS=9.244978, GCV=4.053429e-08, AIC = 2.181329
  Model addition step  21: Added term 0 0 0 2 0 1 -- RMS=8.618920, GCV=3.523508e-08, AIC = 2.041107
  Model addition step  22: Added term 0 0 1 0 0 2 -- RMS=8.235109, GCV=3.217119e-08, AIC = 1.950020
  Model addition step  23: Added term 0 1 0 1 0 0 -- RMS=7.858071, GCV=2.929673e-08, AIC = 1.856308
  Model addition step  24: Added term 0 2 0 1 0 0 -- RMS=7.523860, GCV=2.686132e-08, AIC = 1.769404
  Model addition step  25: Added term 0 0 0 0 3 0 -- RMS=7.170719, GCV=2.440227e-08, AIC = 1.673277
  Model addition step  26: Added term 0 1 0 0 1 1 -- RMS=6.787252, GCV=2.186510e-08, AIC = 1.563376
  Model addition step  27: Added term 1 1 0 0 0 0 -- RMS=6.412313, GCV=1.951874e-08, AIC = 1.449743
  Model addition step  28: Added term 1 0 0 0 1 0 -- RMS=6.234813, GCV=1.845559e-08, AIC = 1.393620
  Model addition step  29: Added term 0 0 2 1 1 0 -- RMS=6.055441, GCV=1.741131e-08, AIC = 1.335256
  Model addition step  30: Added term 0 0 2 0 0 1 -- RMS=5.839429, GCV=1.619345e-08, AIC = 1.262627
  Model addition step  31: Added term 0 0 1 0 0 0 -- RMS=5.635325, GCV=1.508327e-08, AIC = 1.191490
  Model addition step  32: Added term 0 1 0 1 0 2 -- RMS=5.408348, GCV=1.389459e-08, AIC = 1.109287
  Model addition step  33: Added term 0 0 1 2 0 0 -- RMS=5.157673, GCV=1.263813e-08, AIC = 1.014390
  Model addition step  34: Added term 0 0 1 0 0 1 -- RMS=4.907640, GCV=1.144404e-08, AIC = 0.915025
  Model addition step  35: Added term 0 1 0 3 0 0 -- RMS=4.657892, GCV=1.031031e-08, AIC = 0.810584
  Model addition step  36: Added term 2 0 0 0 0 0 -- RMS=4.525044, GCV=9.731891e-09, AIC = 0.752731
  Model addition step  37: Added term 0 1 1 1 1 0 -- RMS=4.402265, GCV=9.212192e-09, AIC = 0.697735
  Model addition step  38: Added term 1 1 2 0 0 0 -- RMS=4.288070, GCV=8.741645e-09, AIC = 0.645189
  Model addition step  39: Added term 0 1 0 0 0 1 -- RMS=4.171608, GCV=8.274374e-09, AIC = 0.590138
  Model addition step  40: Added term 0 0 0 2 1 1 -- RMS=4.009666, GCV=7.645457e-09, AIC = 0.510970
  Model addition step  41: Added term 0 0 0 1 0 2 -- RMS=3.890762, GCV=7.199713e-09, AIC = 0.450784
  Model addition step  42: Added term 0 2 0 2 0 0 -- RMS=3.770271, GCV=6.761605e-09, AIC = 0.387886
  Model addition step  43: Added term 0 1 0 0 1 0 -- RMS=3.600286, GCV=6.166483e-09, AIC = 0.295639
  Model addition step  44: Added term 1 0 0 0 1 2 -- RMS=3.443935, GCV=5.643290e-09, AIC = 0.206861
  Model addition step  45: Added term 1 0 1 0 0 0 -- RMS=3.357039, GCV=5.362829e-09, AIC = 0.155769
Change in error: 0.019736. No more terms added.
   46 polynomial terms were written for pectmin2
pectmin3
  RMS fit error of the full model is: 0.844957 mm
  maximum moment arm: 116.595265 mm
  maximum error allowed: 11.659527 mm
  Model addition step   1: Added term 1 0 0 0 0 0 -- RMS=58.190366, GCV=1.601759e-06, AIC = 5.860241
  Model addition step   2: Added term 0 1 0 0 0 0 -- RMS=44.895278, GCV=9.535754e-07, AIC = 5.341486
  Model addition step   3: Added term 0 0 0 0 0 0 -- RMS=34.512425, GCV=5.635901e-07, AIC = 4.815479
  Model addition step   4: Added term 0 0 0 0 1 0 -- RMS=31.307925, GCV=4.638523e-07, AIC = 4.620602
  Model addition step   5: Added term 0 0 1 0 0 1 -- RMS=28.518260, GCV=3.849248e-07, AIC = 4.433968
  Model addition step   6: Added term 1 0 0 1 0 2 -- RMS=26.561010, GCV=3.339471e-07, AIC = 4.291787
  Model addition step   7: Added term 0 0 0 0 0 1 -- RMS=24.570628, GCV=2.858115e-07, AIC = 4.136021
  Model addition step   8: Added term 0 1 0 3 0 0 -- RMS=22.819568, GCV=2.465590e-07, AIC = 3.988173
  Model addition step   9: Added term 0 1 1 0 0 0 -- RMS=21.101770, GCV=2.108640e-07, AIC = 3.831670
  Model addition step  10: Added term 2 0 0 1 0 0 -- RMS=19.728295, GCV=1.843327e-07, AIC = 3.697083
  Model addition step  11: Added term 0 1 0 0 1 0 -- RMS=18.263443, GCV=1.579965e-07, AIC = 3.542797
  Model addition step  12: Added term 1 0 1 2 0 0 -- RMS=16.780557, GCV=1.333993e-07, AIC = 3.373455
  Model addition step  13: Added term 1 1 0 0 0 0 -- RMS=15.987397, GCV=1.211031e-07, AIC = 3.276634
  Model addition step  14: Added term 0 0 2 0 0 0 -- RMS=15.384228, GCV=1.121527e-07, AIC = 3.199738
  Model addition step  15: Added term 0 0 0 0 0 2 -- RMS=14.634115, GCV=1.014963e-07, AIC = 3.099783
  Model addition step  16: Added term 1 0 0 2 0 0 -- RMS=14.091499, GCV=9.412181e-08, AIC = 3.024234
  Model addition step  17: Added term 0 0 2 1 0 0 -- RMS=13.409191, GCV=8.523928e-08, AIC = 2.924991
  Model addition step  18: Added term 1 0 0 1 0 1 -- RMS=12.853785, GCV=7.833492e-08, AIC = 2.840406
  Model addition step  19: Added term 0 0 0 0 2 0 -- RMS=12.378442, GCV=7.265811e-08, AIC = 2.765062
  Model addition step  20: Added term 0 0 2 0 1 0 -- RMS=11.878094, GCV=6.691206e-08, AIC = 2.682560
  Model addition step  21: Added term 0 1 0 1 1 1 -- RMS=11.381010, GCV=6.143718e-08, AIC = 2.597080
  Model addition step  22: Added term 0 0 0 0 1 1 -- RMS=10.991727, GCV=5.731394e-08, AIC = 2.527493
  Model addition step  23: Added term 1 0 0 2 1 0 -- RMS=10.640238, GCV=5.371429e-08, AIC = 2.462512
  Model addition step  24: Added term 0 0 0 0 3 0 -- RMS=10.268482, GCV=5.003322e-08, AIC = 2.391404
  Model addition step  25: Added term 0 2 1 1 0 0 -- RMS=9.969566, GCV=4.716907e-08, AIC = 2.332339
  Model addition step  26: Added term 2 0 0 0 0 0 -- RMS=9.688873, GCV=4.455640e-08, AIC = 2.275240
  Model addition step  27: Added term 0 0 3 1 0 0 -- RMS=9.393105, GCV=4.188328e-08, AIC = 2.213255
  Model addition step  28: Added term 0 0 0 2 1 1 -- RMS=8.994704, GCV=3.841094e-08, AIC = 2.126594
  Model addition step  29: Added term 0 0 0 1 2 0 -- RMS=8.767936, GCV=3.650351e-08, AIC = 2.075545
  Model addition step  30: Added term 1 0 0 2 0 1 -- RMS=8.496901, GCV=3.428625e-08, AIC = 2.012764
  Model addition step  31: Added term 2 0 0 0 1 0 -- RMS=8.256384, GCV=3.237705e-08, AIC = 1.955354
  Model addition step  32: Added term 0 0 1 0 2 0 -- RMS=8.068189, GCV=3.092206e-08, AIC = 1.909258
  Model addition step  33: Added term 0 0 1 3 0 0 -- RMS=7.789321, GCV=2.882534e-08, AIC = 1.838926
  Model addition step  34: Added term 1 0 1 0 0 2 -- RMS=7.603873, GCV=2.747285e-08, AIC = 1.790754
Change in error: 0.016440. No more terms added.
   35 polynomial terms were written for pectmin3
pectmin4
  RMS fit error of the full model is: 0.764518 mm
  maximum moment arm: 125.775508 mm
  maximum error allowed: 12.577551 mm
  Model addition step   1: Added term 0 0 0 0 0 0 -- RMS=60.846597, GCV=1.751328e-06, AIC = 5.949513
  Model addition step   2: Added term 0 1 0 0 0 0 -- RMS=45.490534, GCV=9.790295e-07, AIC = 5.367829
  Model addition step   3: Added term 1 0 0 0 0 0 -- RMS=32.724722, GCV=5.067157e-07, AIC = 4.709102
  Model addition step   4: Added term 1 1 0 2 0 0 -- RMS=31.019235, GCV=4.553373e-07, AIC = 4.602074
  Model addition step   5: Added term 0 1 1 0 0 0 -- RMS=29.378133, GCV=4.084870e-07, AIC = 4.493380
  Model addition step   6: Added term 0 1 0 0 1 0 -- RMS=28.164194, GCV=3.754769e-07, AIC = 4.409001
  Model addition step   7: Added term 0 0 1 0 0 1 -- RMS=27.051969, GCV=3.464535e-07, AIC = 4.328437
  Model addition step   8: Added term 1 0 0 1 0 2 -- RMS=25.130745, GCV=2.990313e-07, AIC = 4.181120
  Model addition step   9: Added term 0 0 2 0 0 0 -- RMS=23.703389, GCV=2.660637e-07, AIC = 4.064192
  Model addition step  10: Added term 0 0 0 0 1 1 -- RMS=22.408457, GCV=2.378194e-07, AIC = 3.951852
  Model addition step  11: Added term 0 0 2 1 0 0 -- RMS=21.174530, GCV=2.123781e-07, AIC = 3.838592
  Model addition step  12: Added term 2 0 0 1 0 0 -- RMS=20.256882, GCV=1.943954e-07, AIC = 3.750003
  Model addition step  13: Added term 0 1 0 1 0 0 -- RMS=19.621521, GCV=1.824168e-07, AIC = 3.686287
  Model addition step  14: Added term 1 0 2 0 0 0 -- RMS=19.115139, GCV=1.731463e-07, AIC = 3.634014
  Model addition step  15: Added term 1 0 0 2 1 0 -- RMS=18.660436, GCV=1.650292e-07, AIC = 3.585883
  Model addition step  16: Added term 0 0 2 0 1 0 -- RMS=17.967426, GCV=1.530198e-07, AIC = 3.510212
  Model addition step  17: Added term 0 0 1 0 2 0 -- RMS=17.339747, GCV=1.425345e-07, AIC = 3.439113
  Model addition step  18: Added term 1 0 1 2 0 0 -- RMS=16.787852, GCV=1.336237e-07, AIC = 3.374441
  Model addition step  19: Added term 0 0 0 0 0 1 -- RMS=16.240660, GCV=1.250718e-07, AIC = 3.308185
  Model addition step  20: Added term 0 0 0 0 0 2 -- RMS=15.414086, GCV=1.126799e-07, AIC = 3.203732
  Model addition step  21: Added term 1 0 0 1 0 1 -- RMS=14.948515, GCV=1.059902e-07, AIC = 3.142411
  Model addition step  22: Added term 0 0 0 1 1 0 -- RMS=14.425610, GCV=9.871810e-08, AIC = 3.071217
  Model addition step  23: Added term 0 0 0 0 2 0 -- RMS=13.455488, GCV=8.589861e-08, AIC = 2.932000
  Model addition step  24: Added term 0 0 3 1 0 0 -- RMS=12.777499, GCV=7.747074e-08, AIC = 2.828617
  Model addition step  25: Added term 1 0 0 3 0 0 -- RMS=12.371346, GCV=7.263379e-08, AIC = 2.764031
  Model addition step  26: Added term 1 0 0 2 0 1 -- RMS=11.909934, GCV=6.732592e-08, AIC = 2.688030
  Model addition step  27: Added term 0 0 1 2 0 1 -- RMS=11.442676, GCV=6.215522e-08, AIC = 2.608003
  Model addition step  28: Added term 1 0 2 1 0 0 -- RMS=10.987261, GCV=5.731391e-08, AIC = 2.526796
  Model addition step  29: Added term 0 2 0 0 0 0 -- RMS=10.628707, GCV=5.364149e-08, AIC = 2.460459
  Model addition step  30: Added term 1 0 0 1 1 0 -- RMS=10.367927, GCV=5.104846e-08, AIC = 2.410795
  Model addition step  31: Added term 0 0 1 0 0 0 -- RMS=10.062190, GCV=4.808865e-08, AIC = 2.350950
  Model addition step  32: Added term 0 0 1 1 0 0 -- RMS=9.737679, GCV=4.504300e-08, AIC = 2.285405
  Model addition step  33: Added term 0 0 1 1 1 0 -- RMS=9.297827, GCV=4.107127e-08, AIC = 2.192981
  Model addition step  34: Added term 0 1 1 1 0 0 -- RMS=8.913198, GCV=3.774862e-08, AIC = 2.108505
  Model addition step  35: Added term 2 0 0 0 0 0 -- RMS=8.588249, GCV=3.505113e-08, AIC = 2.034247
  Model addition step  36: Added term 0 1 1 1 0 1 -- RMS=8.253025, GCV=3.237263e-08, AIC = 1.954637
  Model addition step  37: Added term 0 1 0 1 1 1 -- RMS=7.625412, GCV=2.763994e-08, AIC = 1.796469
  Model addition step  38: Added term 1 1 0 0 0 0 -- RMS=7.236069, GCV=2.489286e-08, AIC = 1.691672
  Model addition step  39: Added term 0 1 2 1 0 0 -- RMS=6.945934, GCV=2.293979e-08, AIC = 1.609848
  Model addition step  40: Added term 0 0 0 0 2 1 -- RMS=6.655906, GCV=2.106693e-08, AIC = 1.524563
  Model addition step  41: Added term 0 1 1 1 1 0 -- RMS=6.306332, GCV=1.891470e-08, AIC = 1.416682
  Model addition step  42: Added term 2 0 0 0 0 2 -- RMS=6.051242, GCV=1.741782e-08, AIC = 1.334120
  Model addition step  43: Added term 0 0 0 0 1 0 -- RMS=5.874914, GCV=1.641975e-08, AIC = 1.274995
  Model addition step  44: Added term 0 0 0 4 0 0 -- RMS=5.674560, GCV=1.532099e-08, AIC = 1.205617
  Model addition step  45: Added term 0 0 0 3 0 1 -- RMS=5.366275, GCV=1.370336e-08, AIC = 1.093919
  Model addition step  46: Added term 0 2 0 1 0 1 -- RMS=5.136071, GCV=1.255458e-08, AIC = 1.006247
  Model addition step  47: Added term 0 0 1 1 1 1 -- RMS=4.910246, GCV=1.147640e-08, AIC = 0.916338
  Model addition step  48: Added term 0 0 0 2 0 2 -- RMS=4.638382, GCV=1.024215e-08, AIC = 0.802440
  Model addition step  49: Added term 1 0 1 0 0 0 -- RMS=4.435790, GCV=9.368257e-09, AIC = 0.713139
  Model addition step  50: Added term 0 0 0 0 0 3 -- RMS=4.240954, GCV=8.564516e-09, AIC = 0.623324
  Model addition step  51: Added term 3 0 0 1 0 0 -- RMS=4.091448, GCV=7.972391e-09, AIC = 0.551564
  Model addition step  52: Added term 0 0 2 1 0 1 -- RMS=3.989179, GCV=7.579849e-09, AIC = 0.500957
Change in error: 0.018142. No more terms added.
   53 polynomial terms were written for pectmin4
rhomboid1
  RMS fit error of the full model is: 0.696051 mm
  maximum moment arm: 122.828866 mm
  maximum error allowed: 12.282887 mm
  Model addition step   1: Added term 0 0 0 1 0 0 -- RMS=72.833089, GCV=2.509299e-06, AIC = 6.309142
  Model addition step   2: Added term 0 0 1 0 0 0 -- RMS=60.955511, GCV=1.757841e-06, AIC = 5.953109
  Model addition step   3: Added term 1 0 0 1 0 0 -- RMS=51.034029, GCV=1.232344e-06, AIC = 5.597825
  Model addition step   4: Added term 0 0 0 0 1 0 -- RMS=41.025588, GCV=7.964907e-07, AIC = 5.161251
  Model addition step   5: Added term 1 1 0 0 0 0 -- RMS=28.256986, GCV=3.779040e-07, AIC = 4.415560
  Model addition step   6: Added term 0 0 0 0 0 0 -- RMS=23.077820, GCV=2.521030e-07, AIC = 4.010642
  Model addition step   7: Added term 1 0 0 0 0 1 -- RMS=19.393305, GCV=1.780537e-07, AIC = 3.662773
  Model addition step   8: Added term 0 1 0 0 0 0 -- RMS=18.061981, GCV=1.544674e-07, AIC = 3.520555
  Model addition step   9: Added term 1 0 0 1 0 1 -- RMS=16.588678, GCV=1.303131e-07, AIC = 3.350397
  Model addition step  10: Added term 0 0 0 0 2 0 -- RMS=15.214416, GCV=1.096312e-07, AIC = 3.177462
  Model addition step  11: Added term 1 0 0 0 0 0 -- RMS=14.239161, GCV=9.603973e-08, AIC = 3.044986
  Model addition step  12: Added term 0 0 0 2 1 0 -- RMS=13.527492, GCV=8.669128e-08, AIC = 2.942462
  Model addition step  13: Added term 2 0 1 0 0 0 -- RMS=12.828658, GCV=7.797620e-08, AIC = 2.836396
  Model addition step  14: Added term 2 0 0 0 1 0 -- RMS=12.281090, GCV=7.147138e-08, AIC = 2.749174
  Model addition step  15: Added term 0 0 0 2 0 0 -- RMS=11.813180, GCV=6.613795e-08, AIC = 2.671503
  Model addition step  16: Added term 0 0 0 0 3 0 -- RMS=11.327989, GCV=6.082492e-08, AIC = 2.587644
  Model addition step  17: Added term 1 0 0 0 1 2 -- RMS=10.965734, GCV=5.700461e-08, AIC = 2.522661
  Model addition step  18: Added term 1 0 1 0 0 2 -- RMS=9.876612, GCV=4.624974e-08, AIC = 2.313469
  Model addition step  19: Added term 1 0 0 0 1 1 -- RMS=9.479773, GCV=4.261358e-08, AIC = 2.231470
  Model addition step  20: Added term 0 0 1 3 0 0 -- RMS=9.265020, GCV=4.071023e-08, AIC = 2.185660
  Model addition step  21: Added term 1 0 0 0 2 0 -- RMS=9.059583, GCV=3.893015e-08, AIC = 2.140834
  Model addition step  22: Added term 0 2 0 1 0 0 -- RMS=8.864397, GCV=3.727579e-08, AIC = 2.097293
  Model addition step  23: Added term 1 0 0 1 0 2 -- RMS=8.680571, GCV=3.575064e-08, AIC = 2.055401
  Model addition step  24: Added term 0 1 0 0 0 1 -- RMS=8.472512, GCV=3.406202e-08, AIC = 2.006900
  Model addition step  25: Added term 0 0 1 1 0 0 -- RMS=8.261323, GCV=3.238948e-08, AIC = 1.956434
  Model addition step  26: Added term 0 1 1 0 0 0 -- RMS=8.063305, GCV=3.085956e-08, AIC = 1.907931
  Model addition step  27: Added term 0 1 0 0 1 0 -- RMS=7.847142, GCV=2.923112e-08, AIC = 1.853602
  Model addition step  28: Added term 1 1 0 1 0 0 -- RMS=7.578150, GCV=2.726513e-08, AIC = 1.783861
  Model addition step  29: Added term 0 0 0 1 2 0 -- RMS=7.345475, GCV=2.562004e-08, AIC = 1.721511
  Model addition step  30: Added term 0 0 0 2 0 2 -- RMS=7.171415, GCV=2.442353e-08, AIC = 1.673567
  Model addition step  31: Added term 0 0 0 0 2 1 -- RMS=6.904276, GCV=2.264091e-08, AIC = 1.597662
  Model addition step  32: Added term 0 0 0 0 1 1 -- RMS=6.679114, GCV=2.119113e-08, AIC = 1.531371
  Model addition step  33: Added term 0 0 1 0 0 2 -- RMS=6.365545, GCV=1.925069e-08, AIC = 1.435219
  Model addition step  34: Added term 0 0 0 2 0 1 -- RMS=5.914473, GCV=1.662134e-08, AIC = 1.288243
  Model addition step  35: Added term 0 0 0 1 0 2 -- RMS=5.681121, GCV=1.533772e-08, AIC = 1.207755
  Model addition step  36: Added term 4 0 0 0 0 0 -- RMS=5.458888, GCV=1.416316e-08, AIC = 1.127967
  Model addition step  37: Added term 0 0 1 1 1 1 -- RMS=5.294486, GCV=1.332472e-08, AIC = 1.066828
  Model addition step  38: Added term 1 0 0 2 0 1 -- RMS=4.946626, GCV=1.163289e-08, AIC = 0.930927
  Model addition step  39: Added term 0 0 1 2 0 1 -- RMS=4.814698, GCV=1.102215e-08, AIC = 0.876882
  Model addition step  40: Added term 0 0 2 1 0 1 -- RMS=4.462892, GCV=9.471522e-09, AIC = 0.725148
  Model addition step  41: Added term 0 0 0 0 0 1 -- RMS=4.266381, GCV=8.656955e-09, AIC = 0.635105
  Model addition step  42: Added term 1 0 1 0 0 0 -- RMS=4.117969, GCV=8.066235e-09, AIC = 0.564313
  Model addition step  43: Added term 1 0 0 0 1 0 -- RMS=3.651419, GCV=6.342886e-09, AIC = 0.323844
  Model addition step  44: Added term 0 1 0 0 1 1 -- RMS=3.499917, GCV=5.828246e-09, AIC = 0.239110
  Model addition step  45: Added term 0 0 0 3 0 1 -- RMS=3.408607, GCV=5.528854e-09, AIC = 0.186258
  Model addition step  46: Added term 0 0 0 0 1 2 -- RMS=3.331919, GCV=5.283591e-09, AIC = 0.140767
Change in error: 0.017969. No more terms added.
   47 polynomial terms were written for rhomboid1
rhomboid2
  RMS fit error of the full model is: 0.656086 mm
  maximum moment arm: 157.684764 mm
  maximum error allowed: 15.768476 mm
  Model addition step   1: Added term 0 0 0 0 0 0 -- RMS=93.862101, GCV=4.167499e-06, AIC = 6.816455
  Model addition step   2: Added term 0 0 1 1 0 0 -- RMS=76.942935, GCV=2.800859e-06, AIC = 6.418949
  Model addition step   3: Added term 0 0 0 0 1 0 -- RMS=63.914915, GCV=1.932933e-06, AIC = 6.047945
  Model addition step   4: Added term 1 0 0 0 0 0 -- RMS=48.505429, GCV=1.113402e-06, AIC = 5.496211
  Model addition step   5: Added term 1 1 0 0 0 0 -- RMS=35.204875, GCV=5.865911e-07, AIC = 4.855248
  Model addition step   6: Added term 0 0 0 1 0 0 -- RMS=29.061070, GCV=3.997714e-07, AIC = 4.471697
  Model addition step   7: Added term 0 0 0 3 0 1 -- RMS=24.399077, GCV=2.818344e-07, AIC = 4.122008
  Model addition step   8: Added term 0 0 1 0 0 0 -- RMS=20.548816, GCV=1.999307e-07, AIC = 3.778543
  Model addition step   9: Added term 1 0 0 2 0 1 -- RMS=18.645375, GCV=1.646292e-07, AIC = 3.584152
  Model addition step  10: Added term 0 0 0 1 1 0 -- RMS=16.703481, GCV=1.321409e-07, AIC = 3.364209
  Model addition step  11: Added term 0 0 1 0 3 0 -- RMS=15.480715, GCV=1.135179e-07, AIC = 3.212185
  Model addition step  12: Added term 3 0 0 0 0 0 -- RMS=14.549218, GCV=1.002813e-07, AIC = 3.088088
  Model addition step  13: Added term 3 0 0 1 0 0 -- RMS=13.990007, GCV=9.273325e-08, AIC = 3.009720
  Model addition step  14: Added term 1 0 0 1 0 2 -- RMS=13.345677, GCV=8.439944e-08, AIC = 2.915437
  Model addition step  15: Added term 0 0 0 0 1 1 -- RMS=12.126903, GCV=6.969745e-08, AIC = 2.723924
  Model addition step  16: Added term 0 0 0 0 0 2 -- RMS=11.532396, GCV=6.303982e-08, AIC = 2.623411
  Model addition step  17: Added term 0 0 0 0 2 1 -- RMS=10.420316, GCV=5.147500e-08, AIC = 2.420625
  Model addition step  18: Added term 1 0 1 0 0 0 -- RMS=9.854511, GCV=4.604299e-08, AIC = 2.308988
  Model addition step  19: Added term 0 0 1 2 0 1 -- RMS=9.543404, GCV=4.318757e-08, AIC = 2.244849
  Model addition step  20: Added term 0 1 0 0 0 0 -- RMS=9.257917, GCV=4.064784e-08, AIC = 2.184126
  Model addition step  21: Added term 0 0 0 2 1 0 -- RMS=8.998665, GCV=3.840837e-08, AIC = 2.127340
  Model addition step  22: Added term 0 2 0 0 0 1 -- RMS=8.781529, GCV=3.658210e-08, AIC = 2.078508
  Model addition step  23: Added term 2 1 0 1 0 0 -- RMS=8.568009, GCV=3.482948e-08, AIC = 2.029297
  Model addition step  24: Added term 1 0 0 0 2 1 -- RMS=8.320614, GCV=3.285161e-08, AIC = 1.970717
  Model addition step  25: Added term 0 1 0 0 0 2 -- RMS=8.085849, GCV=3.102816e-08, AIC = 1.913496
  Model addition step  26: Added term 0 1 1 0 0 1 -- RMS=7.648767, GCV=2.776812e-08, AIC = 1.802373
  Model addition step  27: Added term 0 0 1 1 0 1 -- RMS=7.459014, GCV=2.641102e-08, AIC = 1.752150
  Model addition step  28: Added term 0 2 0 0 1 0 -- RMS=7.298748, GCV=2.529169e-08, AIC = 1.708728
  Model addition step  29: Added term 1 1 0 0 0 1 -- RMS=7.078995, GCV=2.379486e-08, AIC = 1.647606
  Model addition step  30: Added term 0 0 0 2 0 1 -- RMS=6.899840, GCV=2.260876e-08, AIC = 1.596358
  Model addition step  31: Added term 0 0 0 1 0 1 -- RMS=6.628714, GCV=2.086970e-08, AIC = 1.516202
  Model addition step  32: Added term 0 0 0 3 0 0 -- RMS=6.132513, GCV=1.786460e-08, AIC = 1.360609
  Model addition step  33: Added term 0 0 1 1 1 1 -- RMS=5.909891, GCV=1.659335e-08, AIC = 1.286674
  Model addition step  34: Added term 0 0 1 1 1 0 -- RMS=5.708434, GCV=1.548346e-08, AIC = 1.217328
  Model addition step  35: Added term 0 2 0 0 0 0 -- RMS=5.540707, GCV=1.458892e-08, AIC = 1.157702
  Model addition step  36: Added term 0 0 0 1 2 1 -- RMS=5.391185, GCV=1.381402e-08, AIC = 1.103007
  Model addition step  37: Added term 0 0 0 3 1 0 -- RMS=5.179422, GCV=1.275185e-08, AIC = 1.022883
  Model addition step  38: Added term 1 0 0 1 0 1 -- RMS=5.018256, GCV=1.197223e-08, AIC = 0.959680
  Model addition step  39: Added term 1 0 0 1 0 0 -- RMS=4.845656, GCV=1.116435e-08, AIC = 0.889700
  Model addition step  40: Added term 0 0 0 2 0 2 -- RMS=4.656341, GCV=1.031043e-08, AIC = 0.810014
  Model addition step  41: Added term 0 1 0 1 0 1 -- RMS=4.497539, GCV=9.620460e-09, AIC = 0.740634
  Model addition step  42: Added term 1 0 0 0 2 0 -- RMS=4.359585, GCV=9.040556e-09, AIC = 0.678347
  Model addition step  43: Added term 0 0 2 2 0 0 -- RMS=4.167034, GCV=8.260715e-09, AIC = 0.588021
  Model addition step  44: Added term 1 0 1 2 0 0 -- RMS=4.064394, GCV=7.859847e-09, AIC = 0.538161
  Model addition step  45: Added term 0 0 0 0 0 1 -- RMS=3.973278, GCV=7.512409e-09, AIC = 0.492834
  Model addition step  46: Added term 0 0 0 2 0 0 -- RMS=3.832036, GCV=6.988748e-09, AIC = 0.420463
  Model addition step  47: Added term 0 1 0 0 1 1 -- RMS=3.742044, GCV=6.665257e-09, AIC = 0.372953
  Model addition step  48: Added term 0 0 2 1 0 1 -- RMS=3.660446, GCV=6.378609e-09, AIC = 0.328879
Change in error: 0.019442. No more terms added.
   49 polynomial terms were written for rhomboid2
rhomboid3
  RMS fit error of the full model is: 0.840518 mm
  maximum moment arm: 162.969300 mm
  maximum error allowed: 16.296930 mm
  Model addition step   1: Added term 0 0 0 1 0 0 -- RMS=95.833992, GCV=4.344444e-06, AIC = 6.858036
  Model addition step   2: Added term 0 0 1 0 0 0 -- RMS=77.456447, GCV=2.838369e-06, AIC = 6.432252
  Model addition step   3: Added term 0 0 0 0 1 0 -- RMS=64.051206, GCV=1.941185e-06, AIC = 6.052206
  Model addition step   4: Added term 1 0 0 2 0 0 -- RMS=49.814178, GCV=1.174295e-06, AIC = 5.549459
  Model addition step   5: Added term 1 1 0 0 0 0 -- RMS=34.892083, GCV=5.762137e-07, AIC = 4.837398
  Model addition step   6: Added term 0 0 0 0 0 0 -- RMS=29.255883, GCV=4.051492e-07, AIC = 4.485059
  Model addition step   7: Added term 0 0 0 3 0 1 -- RMS=24.848800, GCV=2.923197e-07, AIC = 4.158536
  Model addition step   8: Added term 1 0 0 0 0 1 -- RMS=20.758949, GCV=2.040406e-07, AIC = 3.798891
  Model addition step   9: Added term 1 0 0 0 0 0 -- RMS=18.685988, GCV=1.653472e-07, AIC = 3.588504
  Model addition step  10: Added term 3 0 0 0 0 0 -- RMS=17.165413, GCV=1.395507e-07, AIC = 3.418768
  Model addition step  11: Added term 0 0 0 1 1 0 -- RMS=15.829542, GCV=1.186913e-07, AIC = 3.256750
  Model addition step  12: Added term 0 0 1 0 2 1 -- RMS=14.355220, GCV=9.762490e-08, AIC = 3.061241
  Model addition step  13: Added term 0 0 2 0 0 2 -- RMS=13.087643, GCV=8.115635e-08, AIC = 2.876370
  Model addition step  14: Added term 0 0 1 0 1 1 -- RMS=12.289580, GCV=7.157023e-08, AIC = 2.750556
  Model addition step  15: Added term 1 0 0 1 0 2 -- RMS=11.696811, GCV=6.484135e-08, AIC = 2.651704
  Model addition step  16: Added term 1 0 0 0 1 1 -- RMS=11.135927, GCV=5.877987e-08, AIC = 2.553444
  Model addition step  17: Added term 3 0 0 1 0 0 -- RMS=10.849198, GCV=5.579944e-08, AIC = 2.501293
  Model addition step  18: Added term 0 0 1 2 0 0 -- RMS=10.549280, GCV=5.276416e-08, AIC = 2.445245
  Model addition step  19: Added term 0 0 0 1 1 2 -- RMS=10.200847, GCV=4.934289e-08, AIC = 2.378090
  Model addition step  20: Added term 1 0 1 0 0 0 -- RMS=9.831266, GCV=4.583844e-08, AIC = 2.304304
  Model addition step  21: Added term 1 0 0 3 0 0 -- RMS=9.510251, GCV=4.289963e-08, AIC = 2.237928
Change in error: 0.019005. No more terms added.
   22 polynomial terms were written for rhomboid3
rhomboid4
  RMS fit error of the full model is: 0.988137 mm
  maximum moment arm: 172.380267 mm
  maximum error allowed: 17.238027 mm
  Model addition step   1: Added term 0 0 1 1 0 0 -- RMS=96.631156, GCV=4.417020e-06, AIC = 6.874604
  Model addition step   2: Added term 0 0 0 0 0 0 -- RMS=80.135078, GCV=3.038079e-06, AIC = 6.500248
  Model addition step   3: Added term 0 0 0 0 1 0 -- RMS=64.190207, GCV=1.949620e-06, AIC = 6.056541
  Model addition step   4: Added term 1 0 0 0 0 0 -- RMS=46.791164, GCV=1.036093e-06, AIC = 5.424248
  Model addition step   5: Added term 2 1 0 0 0 0 -- RMS=37.610158, GCV=6.694839e-07, AIC = 4.987427
  Model addition step   6: Added term 0 0 0 3 0 1 -- RMS=31.219958, GCV=4.613740e-07, AIC = 4.615013
  Model addition step   7: Added term 0 0 0 1 0 0 -- RMS=26.954511, GCV=3.439618e-07, AIC = 4.321219
  Model addition step   8: Added term 0 0 1 2 0 0 -- RMS=23.130317, GCV=2.533198e-07, AIC = 4.015225
  Model addition step   9: Added term 1 0 0 2 0 1 -- RMS=20.936225, GCV=2.075685e-07, AIC = 3.815918
  Model addition step  10: Added term 0 0 1 0 2 1 -- RMS=19.875647, GCV=1.870966e-07, AIC = 3.711965
  Model addition step  11: Added term 0 0 0 2 1 0 -- RMS=18.832527, GCV=1.679962e-07, AIC = 3.604165
  Model addition step  12: Added term 0 0 1 1 0 2 -- RMS=17.839628, GCV=1.507691e-07, AIC = 3.495858
  Model addition step  13: Added term 3 0 0 0 0 0 -- RMS=16.950116, GCV=1.361272e-07, AIC = 3.393582
  Model addition step  14: Added term 0 0 0 0 1 1 -- RMS=16.054265, GCV=1.221347e-07, AIC = 3.285001
  Model addition step  15: Added term 0 0 1 3 0 0 -- RMS=15.185374, GCV=1.092869e-07, AIC = 3.173737
  Model addition step  16: Added term 0 0 0 1 1 2 -- RMS=14.206233, GCV=9.566073e-08, AIC = 3.040453
  Model addition step  17: Added term 3 0 0 1 0 0 -- RMS=13.567334, GCV=8.726169e-08, AIC = 2.948440
  Model addition step  18: Added term 0 1 0 0 0 0 -- RMS=12.865031, GCV=7.847206e-08, AIC = 2.842155
  Model addition step  19: Added term 1 1 0 0 0 0 -- RMS=11.902361, GCV=6.717665e-08, AIC = 2.686622
  Model addition step  20: Added term 1 0 0 0 0 3 -- RMS=11.272708, GCV=6.026531e-08, AIC = 2.577937
  Model addition step  21: Added term 1 0 1 0 0 0 -- RMS=10.491594, GCV=5.220987e-08, AIC = 2.434336
  Model addition step  22: Added term 0 0 1 2 0 1 -- RMS=10.105359, GCV=4.844310e-08, AIC = 2.359339
  Model addition step  23: Added term 1 0 0 0 0 1 -- RMS=9.738902, GCV=4.499945e-08, AIC = 2.285483
  Model addition step  24: Added term 0 0 0 2 0 1 -- RMS=9.282562, GCV=4.088666e-08, AIC = 2.189520
  Model addition step  25: Added term 0 0 0 1 0 1 -- RMS=8.436849, GCV=3.378044e-08, AIC = 1.998483
  Model addition step  26: Added term 0 0 0 2 0 0 -- RMS=7.533414, GCV=2.693688e-08, AIC = 1.771981
  Model addition step  27: Added term 0 0 2 1 0 1 -- RMS=7.124614, GCV=2.409600e-08, AIC = 1.660414
  Model addition step  28: Added term 0 0 0 0 1 2 -- RMS=6.787064, GCV=2.186981e-08, AIC = 1.563360
  Model addition step  29: Added term 0 0 1 0 1 2 -- RMS=6.505512, GCV=2.009569e-08, AIC = 1.478642
  Model addition step  30: Added term 2 2 0 0 0 0 -- RMS=6.244348, GCV=1.851710e-08, AIC = 1.396715
  Model addition step  31: Added term 1 0 1 1 0 0 -- RMS=6.043990, GCV=1.735022e-08, AIC = 1.331509
  Model addition step  32: Added term 0 0 0 0 0 2 -- RMS=5.893786, GCV=1.650080e-08, AIC = 1.281197
Change in error: 0.018619. No more terms added.
   33 polynomial terms were written for rhomboid4
rhomboid5
  RMS fit error of the full model is: 1.376283 mm
  maximum moment arm: 181.153608 mm
  maximum error allowed: 18.115361 mm
  Model addition step   1: Added term 0 0 1 1 0 0 -- RMS=96.848205, GCV=4.436885e-06, AIC = 6.879091
  Model addition step   2: Added term 0 0 0 0 1 0 -- RMS=82.427981, GCV=3.214423e-06, AIC = 6.556671
  Model addition step   3: Added term 0 0 0 0 0 0 -- RMS=65.806959, GCV=2.049066e-06, AIC = 6.106291
  Model addition step   4: Added term 1 0 0 0 0 0 -- RMS=46.971581, GCV=1.044099e-06, AIC = 5.431945
  Model addition step   5: Added term 0 0 0 3 0 1 -- RMS=41.421725, GCV=8.120564e-07, AIC = 5.180490
  Model addition step   6: Added term 3 1 0 0 0 0 -- RMS=35.042184, GCV=5.812606e-07, AIC = 4.846003
  Model addition step   7: Added term 0 0 0 1 0 0 -- RMS=32.147693, GCV=4.892681e-07, AIC = 4.673599
  Model addition step   8: Added term 0 0 1 2 0 0 -- RMS=29.021198, GCV=3.987830e-07, AIC = 4.468990
  Model addition step   9: Added term 0 1 0 0 0 0 -- RMS=26.827105, GCV=3.408100e-07, AIC = 4.311781
  Model addition step  10: Added term 1 0 0 2 0 1 -- RMS=24.477467, GCV=2.837634e-07, AIC = 4.128481
  Model addition step  11: Added term 1 1 0 0 0 0 -- RMS=21.877853, GCV=2.267209e-07, AIC = 3.903944
  Model addition step  12: Added term 0 0 1 0 2 1 -- RMS=20.548968, GCV=2.000419e-07, AIC = 3.778635
  Model addition step  13: Added term 0 0 0 2 1 0 -- RMS=19.499947, GCV=1.801634e-07, AIC = 3.673857
  Model addition step  14: Added term 2 0 1 0 0 0 -- RMS=18.691774, GCV=1.655615e-07, AIC = 3.589219
  Model addition step  15: Added term 0 0 2 0 0 2 -- RMS=17.869316, GCV=1.513328e-07, AIC = 3.499242
  Model addition step  16: Added term 0 0 1 0 1 1 -- RMS=16.915194, GCV=1.356219e-07, AIC = 3.389516
  Model addition step  17: Added term 1 2 0 0 0 0 -- RMS=16.206776, GCV=1.245168e-07, AIC = 3.303969
  Model addition step  18: Added term 0 0 1 3 0 0 -- RMS=15.549406, GCV=1.146360e-07, AIC = 3.221174
  Model addition step  19: Added term 0 0 0 0 1 2 -- RMS=14.803304, GCV=1.039129e-07, AIC = 3.122850
  Model addition step  20: Added term 0 0 1 0 0 2 -- RMS=14.254273, GCV=9.636094e-08, AIC = 3.047282
  Model addition step  21: Added term 0 0 0 0 1 1 -- RMS=13.384312, GCV=8.496925e-08, AIC = 2.921354
  Model addition step  22: Added term 0 0 1 2 0 1 -- RMS=12.827573, GCV=7.805800e-08, AIC = 2.836401
  Model addition step  23: Added term 4 0 0 0 0 0 -- RMS=12.313796, GCV=7.194012e-08, AIC = 2.754667
  Model addition step  24: Added term 3 0 0 1 0 0 -- RMS=11.687977, GCV=6.482233e-08, AIC = 2.650367
  Model addition step  25: Added term 1 0 0 0 0 2 -- RMS=11.123264, GCV=5.871774e-08, AIC = 2.551342
  Model addition step  26: Added term 3 0 1 0 0 0 -- RMS=10.826025, GCV=5.562905e-08, AIC = 2.497190
Change in error: 0.019964. No more terms added.
   27 polynomial terms were written for rhomboid5
serrant1
  RMS fit error of the full model is: 6.587613 mm
  maximum moment arm: 242.721688 mm
  maximum error allowed: 24.272169 mm
  Model addition step   1: Added term 1 0 0 0 0 1 -- RMS=139.960187, GCV=9.266251e-06, AIC = 7.615517
  Model addition step   2: Added term 0 0 0 0 1 0 -- RMS=123.009737, GCV=7.158676e-06, AIC = 7.357348
  Model addition step   3: Added term 0 0 1 0 0 0 -- RMS=103.202541, GCV=5.039567e-06, AIC = 7.006227
  Model addition step   4: Added term 0 0 0 0 0 0 -- RMS=82.186058, GCV=3.196446e-06, AIC = 6.550831
  Model addition step   5: Added term 0 1 0 1 0 0 -- RMS=71.209659, GCV=2.399980e-06, AIC = 6.264136
  Model addition step   6: Added term 1 0 0 1 0 0 -- RMS=59.841922, GCV=1.695117e-06, AIC = 5.916311
  Model addition step   7: Added term 0 0 0 0 0 1 -- RMS=45.201685, GCV=9.672895e-07, AIC = 5.355186
  Model addition step   8: Added term 2 0 0 0 0 0 -- RMS=42.669962, GCV=8.620858e-07, AIC = 5.239927
  Model addition step   9: Added term 0 2 0 1 0 0 -- RMS=40.999263, GCV=7.960068e-07, AIC = 5.160064
  Model addition step  10: Added term 0 0 0 0 2 0 -- RMS=39.658230, GCV=7.448864e-07, AIC = 5.093572
  Model addition step  11: Added term 0 0 1 1 1 0 -- RMS=38.243206, GCV=6.927726e-07, AIC = 5.020926
  Model addition step  12: Added term 0 0 2 2 0 0 -- RMS=36.245834, GCV=6.223820e-07, AIC = 4.913663
  Model addition step  13: Added term 2 0 0 1 0 0 -- RMS=34.614483, GCV=5.676953e-07, AIC = 4.821577
  Model addition step  14: Added term 0 1 0 0 1 0 -- RMS=33.113112, GCV=5.195871e-07, AIC = 4.732911
  Model addition step  15: Added term 0 1 1 1 0 0 -- RMS=32.059502, GCV=4.871140e-07, AIC = 4.668259
  Model addition step  16: Added term 0 0 0 0 2 2 -- RMS=31.098586, GCV=4.584132e-07, AIC = 4.607416
  Model addition step  17: Added term 1 1 0 0 0 0 -- RMS=30.252216, GCV=4.338594e-07, AIC = 4.552249
  Model addition step  18: Added term 0 0 0 4 0 0 -- RMS=29.565507, GCV=4.144422e-07, AIC = 4.506346
  Model addition step  19: Added term 1 0 0 0 0 0 -- RMS=28.295494, GCV=3.796529e-07, AIC = 4.418554
  Model addition step  20: Added term 0 1 0 3 0 0 -- RMS=27.600488, GCV=3.612804e-07, AIC = 4.368835
  Model addition step  21: Added term 0 1 0 0 0 2 -- RMS=26.761180, GCV=3.396880e-07, AIC = 4.307092
Change in error: 0.017461. No more terms added.
   22 polynomial terms were written for serrant1
serrant2
  RMS fit error of the full model is: 3.284455 mm
  maximum moment arm: 202.240038 mm
  maximum error allowed: 20.224004 mm
  Model addition step   1: Added term 1 0 0 0 0 1 -- RMS=121.774937, GCV=7.014728e-06, AIC = 7.337150
  Model addition step   2: Added term 0 0 0 0 1 0 -- RMS=108.212569, GCV=5.539992e-06, AIC = 7.101016
  Model addition step   3: Added term 0 0 1 0 0 0 -- RMS=95.059127, GCV=4.275629e-06, AIC = 6.841838
  Model addition step   4: Added term 0 0 0 0 0 0 -- RMS=69.532545, GCV=2.287954e-06, AIC = 6.216449
  Model addition step   5: Added term 1 0 0 1 0 0 -- RMS=57.880214, GCV=1.585587e-06, AIC = 5.849630
  Model addition step   6: Added term 0 0 0 0 0 1 -- RMS=48.269425, GCV=1.102891e-06, AIC = 5.486495
  Model addition step   7: Added term 0 1 0 1 0 0 -- RMS=37.928288, GCV=6.810417e-07, AIC = 5.004312
  Model addition step   8: Added term 1 0 0 0 0 0 -- RMS=34.800428, GCV=5.734230e-07, AIC = 4.832196
  Model addition step   9: Added term 0 2 0 2 0 0 -- RMS=32.249134, GCV=4.924938e-07, AIC = 4.679938
  Model addition step  10: Added term 0 0 1 3 0 0 -- RMS=30.099489, GCV=4.290833e-07, AIC = 4.541992
  Model addition step  11: Added term 0 1 0 2 0 0 -- RMS=28.435582, GCV=3.830067e-07, AIC = 4.428277
  Model addition step  12: Added term 0 0 0 1 1 0 -- RMS=27.070759, GCV=3.471696e-07, AIC = 4.329922
  Model addition step  13: Added term 0 1 0 0 1 0 -- RMS=26.419887, GCV=3.307208e-07, AIC = 4.281267
  Model addition step  14: Added term 0 1 0 1 0 1 -- RMS=25.494922, GCV=3.080106e-07, AIC = 4.210011
  Model addition step  15: Added term 0 0 0 3 0 1 -- RMS=24.606353, GCV=2.869535e-07, AIC = 4.139081
  Model addition step  16: Added term 1 1 0 1 0 0 -- RMS=23.733649, GCV=2.669961e-07, AIC = 4.066879
  Model addition step  17: Added term 2 0 0 0 0 0 -- RMS=22.762127, GCV=2.456181e-07, AIC = 3.983306
  Model addition step  18: Added term 0 1 0 0 2 0 -- RMS=21.951033, GCV=2.284564e-07, AIC = 3.910758
  Model addition step  19: Added term 0 0 0 0 3 0 -- RMS=21.154080, GCV=2.121976e-07, AIC = 3.836814
  Model addition step  20: Added term 0 0 1 1 2 0 -- RMS=20.436740, GCV=1.980770e-07, AIC = 3.767837
  Model addition step  21: Added term 1 0 0 1 1 0 -- RMS=19.835504, GCV=1.866191e-07, AIC = 3.708134
  Model addition step  22: Added term 1 0 1 2 0 0 -- RMS=19.137704, GCV=1.737433e-07, AIC = 3.636528
  Model addition step  23: Added term 1 0 0 1 1 1 -- RMS=18.684236, GCV=1.656296e-07, AIC = 3.588586
  Model addition step  24: Added term 0 1 1 2 0 0 -- RMS=18.195221, GCV=1.570944e-07, AIC = 3.535563
  Model addition step  25: Added term 1 0 1 0 0 1 -- RMS=17.674307, GCV=1.482482e-07, AIC = 3.477489
  Model addition step  26: Added term 0 0 2 1 1 0 -- RMS=16.791435, GCV=1.338256e-07, AIC = 3.375022
  Model addition step  27: Added term 0 1 1 1 1 0 -- RMS=16.004151, GCV=1.215871e-07, AIC = 3.279000
  Model addition step  28: Added term 0 2 0 1 0 0 -- RMS=15.670035, GCV=1.165792e-07, AIC = 3.236823
  Model addition step  29: Added term 0 2 0 1 1 0 -- RMS=15.350920, GCV=1.118945e-07, AIC = 3.195693
  Model addition step  30: Added term 0 2 1 0 0 0 -- RMS=14.858749, GCV=1.048488e-07, AIC = 3.130539
  Model addition step  31: Added term 0 0 1 0 1 0 -- RMS=14.559760, GCV=1.006853e-07, AIC = 3.089904
  Model addition step  32: Added term 0 0 0 0 1 1 -- RMS=14.260461, GCV=9.660143e-08, AIC = 3.048381
  Model addition step  33: Added term 0 0 0 1 0 2 -- RMS=13.681558, GCV=8.892959e-08, AIC = 2.965517
  Model addition step  34: Added term 0 1 2 1 0 0 -- RMS=13.393422, GCV=8.523483e-08, AIC = 2.922966
  Model addition step  35: Added term 0 1 0 1 1 0 -- RMS=12.978165, GCV=8.004227e-08, AIC = 2.859994
  Model addition step  36: Added term 0 0 0 2 1 0 -- RMS=12.621908, GCV=7.571845e-08, AIC = 2.804345
  Model addition step  37: Added term 0 0 3 1 0 0 -- RMS=12.311005, GCV=7.204395e-08, AIC = 2.754483
  Model addition step  38: Added term 0 0 2 0 0 0 -- RMS=11.611775, GCV=6.410126e-08, AIC = 2.637555
  Model addition step  39: Added term 0 0 0 4 0 0 -- RMS=11.213250, GCV=5.978486e-08, AIC = 2.567727
  Model addition step  40: Added term 0 1 1 1 0 1 -- RMS=10.911469, GCV=5.661786e-08, AIC = 2.513183
  Model addition step  41: Added term 0 1 0 1 0 2 -- RMS=10.546590, GCV=5.290175e-08, AIC = 2.445179
  Model addition step  42: Added term 1 2 0 0 0 0 -- RMS=10.251315, GCV=4.998778e-08, AIC = 2.388405
  Model addition step  43: Added term 1 0 0 1 2 0 -- RMS=9.997687, GCV=4.755133e-08, AIC = 2.338320
  Model addition step  44: Added term 0 0 2 0 0 1 -- RMS=9.796419, GCV=4.566224e-08, AIC = 2.297665
Change in error: 0.017043. No more terms added.
   45 polynomial terms were written for serrant2
serrant3
  RMS fit error of the full model is: 2.874147 mm
  maximum moment arm: 168.584070 mm
  maximum error allowed: 16.858407 mm
  Model addition step   1: Added term 1 0 0 0 0 0 -- RMS=101.710616, GCV=4.893590e-06, AIC = 6.977065
  Model addition step   2: Added term 0 0 0 0 0 1 -- RMS=85.848904, GCV=3.486769e-06, AIC = 6.637998
  Model addition step   3: Added term 0 0 0 0 1 0 -- RMS=73.954851, GCV=2.587890e-06, AIC = 6.339750
  Model addition step   4: Added term 0 0 1 0 0 0 -- RMS=59.083132, GCV=1.651955e-06, AIC = 5.890750
  Model addition step   5: Added term 0 0 0 0 0 0 -- RMS=38.547631, GCV=7.032750e-07, AIC = 5.036668
  Model addition step   6: Added term 0 1 0 1 0 0 -- RMS=32.942348, GCV=5.136859e-07, AIC = 4.722416
  Model addition step   7: Added term 0 0 0 2 0 0 -- RMS=29.396500, GCV=4.091085e-07, AIC = 4.494668
  Model addition step   8: Added term 0 2 0 1 0 0 -- RMS=26.799982, GCV=3.400752e-07, AIC = 4.309739
  Model addition step   9: Added term 0 1 0 2 0 0 -- RMS=24.845736, GCV=2.923267e-07, AIC = 4.158328
  Model addition step  10: Added term 0 0 0 1 0 2 -- RMS=23.903752, GCV=2.706173e-07, AIC = 4.081046
  Model addition step  11: Added term 0 0 1 3 0 0 -- RMS=22.838217, GCV=2.470623e-07, AIC = 3.989865
  Model addition step  12: Added term 0 0 0 0 2 0 -- RMS=21.936076, GCV=2.279601e-07, AIC = 3.909279
  Model addition step  13: Added term 1 0 0 1 0 0 -- RMS=21.295816, GCV=2.148761e-07, AIC = 3.850054
  Model addition step  14: Added term 1 1 0 0 0 0 -- RMS=20.680258, GCV=2.026610e-07, AIC = 3.791411
  Model addition step  15: Added term 2 0 0 1 0 0 -- RMS=19.940107, GCV=1.884395e-07, AIC = 3.718538
  Model addition step  16: Added term 0 0 0 0 2 1 -- RMS=19.405788, GCV=1.785001e-07, AIC = 3.664234
  Model addition step  17: Added term 0 0 1 0 0 1 -- RMS=18.830823, GCV=1.681021e-07, AIC = 3.604100
  Model addition step  18: Added term 0 0 1 1 1 0 -- RMS=18.116256, GCV=1.556074e-07, AIC = 3.526749
  Model addition step  19: Added term 0 1 0 1 0 2 -- RMS=17.720036, GCV=1.488954e-07, AIC = 3.482541
  Model addition step  20: Added term 0 1 0 0 1 0 -- RMS=17.213737, GCV=1.405275e-07, AIC = 3.424584
  Model addition step  21: Added term 0 0 0 0 1 1 -- RMS=16.533964, GCV=1.296653e-07, AIC = 3.344021
  Model addition step  22: Added term 0 0 1 0 1 1 -- RMS=16.161643, GCV=1.239080e-07, AIC = 3.298488
  Model addition step  23: Added term 0 1 0 1 0 1 -- RMS=15.807128, GCV=1.185477e-07, AIC = 3.254148
  Model addition step  24: Added term 0 1 0 0 2 0 -- RMS=15.275998, GCV=1.107300e-07, AIC = 3.185811
Change in error: 0.019446. No more terms added.
   25 polynomial terms were written for serrant3
serrant4
  RMS fit error of the full model is: 2.923822 mm
  maximum moment arm: 152.003836 mm
  maximum error allowed: 15.200384 mm
  Model addition step   1: Added term 1 0 0 0 0 0 -- RMS=88.318468, GCV=3.689760e-06, AIC = 6.694700
  Model addition step   2: Added term 0 0 0 0 0 1 -- RMS=74.990973, GCV=2.660552e-06, AIC = 6.367556
  Model addition step   3: Added term 0 0 0 0 1 0 -- RMS=65.421035, GCV=2.025104e-06, AIC = 6.094528
  Model addition step   4: Added term 0 0 1 0 0 0 -- RMS=55.096458, GCV=1.436542e-06, AIC = 5.751030
  Model addition step   5: Added term 0 0 0 0 0 0 -- RMS=33.091208, GCV=5.182688e-07, AIC = 4.731414
  Model addition step   6: Added term 0 2 0 1 0 0 -- RMS=29.749153, GCV=4.189264e-07, AIC = 4.518499
  Model addition step   7: Added term 0 0 0 1 0 0 -- RMS=26.651886, GCV=3.362816e-07, AIC = 4.298637
  Model addition step   8: Added term 0 1 0 3 0 0 -- RMS=24.150151, GCV=2.761504e-07, AIC = 4.101518
  Model addition step   9: Added term 0 0 0 2 0 2 -- RMS=23.135839, GCV=2.534750e-07, AIC = 4.015722
  Model addition step  10: Added term 0 0 1 2 0 0 -- RMS=22.197546, GCV=2.333637e-07, AIC = 3.932939
  Model addition step  11: Added term 0 1 0 0 0 0 -- RMS=21.267366, GCV=2.142444e-07, AIC = 3.847342
  Model addition step  12: Added term 0 0 0 0 2 0 -- RMS=20.515581, GCV=1.993924e-07, AIC = 3.775383
  Model addition step  13: Added term 0 0 1 0 0 1 -- RMS=19.847516, GCV=1.866431e-07, AIC = 3.709191
  Model addition step  14: Added term 1 0 0 1 0 0 -- RMS=19.207273, GCV=1.748195e-07, AIC = 3.643630
  Model addition step  15: Added term 0 0 0 1 2 1 -- RMS=18.667056, GCV=1.651463e-07, AIC = 3.586592
  Model addition step  16: Added term 2 0 0 1 0 0 -- RMS=18.130729, GCV=1.558140e-07, AIC = 3.528307
  Model addition step  17: Added term 1 0 0 0 1 0 -- RMS=17.719434, GCV=1.488450e-07, AIC = 3.482434
  Model addition step  18: Added term 1 0 1 1 0 0 -- RMS=17.112848, GCV=1.388475e-07, AIC = 3.412789
  Model addition step  19: Added term 1 1 0 0 0 0 -- RMS=16.732791, GCV=1.327666e-07, AIC = 3.367889
  Model addition step  20: Added term 0 0 1 1 1 0 -- RMS=16.375622, GCV=1.271764e-07, AIC = 3.324756
  Model addition step  21: Added term 1 0 0 0 1 1 -- RMS=15.908990, GCV=1.200480e-07, AIC = 3.266956
  Model addition step  22: Added term 0 1 0 1 0 2 -- RMS=15.424910, GCV=1.128687e-07, AIC = 3.205174
  Model addition step  23: Added term 0 1 0 0 1 0 -- RMS=14.777839, GCV=1.036118e-07, AIC = 3.119483
  Model addition step  24: Added term 0 1 0 1 0 1 -- RMS=14.401534, GCV=9.841549e-08, AIC = 3.067915
  Model addition step  25: Added term 0 1 0 0 1 1 -- RMS=13.929536, GCV=9.208270e-08, AIC = 3.001288
  Model addition step  26: Added term 0 0 0 1 1 1 -- RMS=13.501869, GCV=8.652694e-08, AIC = 2.938940
  Model addition step  27: Added term 0 0 1 1 1 1 -- RMS=12.972413, GCV=7.988475e-08, AIC = 2.858953
  Model addition step  28: Added term 0 0 2 0 0 1 -- RMS=12.472618, GCV=7.385781e-08, AIC = 2.780394
  Model addition step  29: Added term 0 1 1 0 0 1 -- RMS=12.118287, GCV=6.973045e-08, AIC = 2.722773
  Model addition step  30: Added term 0 1 2 0 0 0 -- RMS=11.775555, GCV=6.585087e-08, AIC = 2.665413
Change in error: 0.015824. No more terms added.
   31 polynomial terms were written for serrant4
serrant5
  RMS fit error of the full model is: 2.272335 mm
  maximum moment arm: 136.015366 mm
  maximum error allowed: 13.601537 mm
  Model addition step   1: Added term 0 0 0 0 0 0 -- RMS=76.182253, GCV=2.745381e-06, AIC = 6.399058
  Model addition step   2: Added term 1 0 0 0 0 0 -- RMS=63.195604, GCV=1.889415e-06, AIC = 6.025290
  Model addition step   3: Added term 0 0 1 0 0 0 -- RMS=53.562226, GCV=1.357468e-06, AIC = 5.694528
  Model addition step   4: Added term 0 0 0 0 0 1 -- RMS=42.568598, GCV=8.575309e-07, AIC = 5.235093
  Model addition step   5: Added term 0 0 0 0 1 0 -- RMS=32.125707, GCV=4.884670e-07, AIC = 4.672192
  Model addition step   6: Added term 0 0 0 1 0 0 -- RMS=28.588123, GCV=3.868653e-07, AIC = 4.438881
  Model addition step   7: Added term 0 1 0 0 0 0 -- RMS=25.631074, GCV=3.110147e-07, AIC = 4.220528
  Model addition step   8: Added term 0 2 0 1 0 0 -- RMS=22.763928, GCV=2.453581e-07, AIC = 3.983291
  Model addition step   9: Added term 0 1 0 3 0 0 -- RMS=21.645867, GCV=2.218782e-07, AIC = 3.882585
  Model addition step  10: Added term 0 1 0 1 0 1 -- RMS=20.521657, GCV=1.994565e-07, AIC = 3.775937
  Model addition step  11: Added term 0 1 1 0 0 0 -- RMS=19.233842, GCV=1.752323e-07, AIC = 3.646337
  Model addition step  12: Added term 1 0 0 0 1 0 -- RMS=18.132263, GCV=1.557560e-07, AIC = 3.528399
  Model addition step  13: Added term 1 0 1 0 0 0 -- RMS=17.108177, GCV=1.386778e-07, AIC = 3.412146
  Model addition step  14: Added term 0 0 0 0 2 0 -- RMS=16.274521, GCV=1.255090e-07, AIC = 3.312254
  Model addition step  15: Added term 0 0 1 3 0 0 -- RMS=15.479816, GCV=1.135661e-07, AIC = 3.212146
  Model addition step  16: Added term 0 1 0 0 2 0 -- RMS=14.715368, GCV=1.026403e-07, AIC = 3.110876
  Model addition step  17: Added term 2 0 0 0 0 0 -- RMS=13.999111, GCV=9.290423e-08, AIC = 3.011098
  Model addition step  18: Added term 1 0 1 1 0 0 -- RMS=13.221030, GCV=8.287507e-08, AIC = 2.896747
  Model addition step  19: Added term 1 0 0 0 1 1 -- RMS=12.561530, GCV=7.482336e-08, AIC = 2.794427
  Model addition step  20: Added term 1 1 0 0 0 0 -- RMS=12.176264, GCV=7.031355e-08, AIC = 2.732145
  Model addition step  21: Added term 1 0 1 0 0 1 -- RMS=11.874181, GCV=6.687703e-08, AIC = 2.681920
  Model addition step  22: Added term 0 1 1 0 1 0 -- RMS=11.572889, GCV=6.353485e-08, AIC = 2.630537
  Model addition step  23: Added term 0 0 1 2 1 0 -- RMS=11.228995, GCV=5.982310e-08, AIC = 2.570225
  Model addition step  24: Added term 2 0 0 0 0 1 -- RMS=10.845398, GCV=5.581321e-08, AIC = 2.500727
  Model addition step  25: Added term 0 2 0 1 1 0 -- RMS=10.575864, GCV=5.308068e-08, AIC = 2.450413
  Model addition step  26: Added term 0 2 1 0 0 0 -- RMS=10.252618, GCV=4.989226e-08, AIC = 2.388350
  Model addition step  27: Added term 0 1 1 2 0 0 -- RMS=9.992582, GCV=4.739995e-08, AIC = 2.336989
  Model addition step  28: Added term 0 1 0 0 0 1 -- RMS=9.604643, GCV=4.379693e-08, AIC = 2.257816
  Model addition step  29: Added term 1 0 0 1 1 0 -- RMS=9.328003, GCV=4.131591e-08, AIC = 2.199384
  Model addition step  30: Added term 0 0 0 0 3 0 -- RMS=9.058904, GCV=3.897177e-08, AIC = 2.140858
  Model addition step  31: Added term 0 0 1 0 2 0 -- RMS=8.866860, GCV=3.734198e-08, AIC = 2.098022
  Model addition step  32: Added term 0 0 2 1 1 0 -- RMS=8.629625, GCV=3.537530e-08, AIC = 2.043802
  Model addition step  33: Added term 0 0 0 1 1 0 -- RMS=8.418755, GCV=3.367216e-08, AIC = 1.994343
  Model addition step  34: Added term 0 0 0 2 0 1 -- RMS=8.184322, GCV=3.182727e-08, AIC = 1.937879
  Model addition step  35: Added term 0 0 0 1 3 0 -- RMS=7.970939, GCV=3.019338e-08, AIC = 1.885062
Change in error: 0.019354. No more terms added.
   36 polynomial terms were written for serrant5
serrant6
  RMS fit error of the full model is: 1.550309 mm
  maximum moment arm: 121.269340 mm
  maximum error allowed: 12.126934 mm
  Model addition step   1: Added term 0 0 0 0 0 0 -- RMS=61.827745, GCV=1.808264e-06, AIC = 5.981506
  Model addition step   2: Added term 1 0 0 1 0 0 -- RMS=51.418139, GCV=1.250796e-06, AIC = 5.612803
  Model addition step   3: Added term 0 0 0 0 0 1 -- RMS=44.783774, GCV=9.489729e-07, AIC = 5.336532
  Model addition step   4: Added term 0 1 0 0 0 0 -- RMS=38.517939, GCV=7.020971e-07, AIC = 5.035107
  Model addition step   5: Added term 0 0 1 0 0 0 -- RMS=31.735720, GCV=4.766796e-07, AIC = 4.647764
  Model addition step   6: Added term 1 0 0 0 1 0 -- RMS=26.016646, GCV=3.203990e-07, AIC = 4.250371
  Model addition step   7: Added term 2 0 0 0 0 0 -- RMS=24.997478, GCV=2.958282e-07, AIC = 4.170467
  Model addition step   8: Added term 0 0 1 1 0 0 -- RMS=23.333008, GCV=2.577789e-07, AIC = 4.032675
  Model addition step   9: Added term 1 0 1 2 0 0 -- RMS=20.504127, GCV=1.990890e-07, AIC = 3.774208
  Model addition step  10: Added term 0 2 0 1 0 0 -- RMS=19.305218, GCV=1.765114e-07, AIC = 3.653726
  Model addition step  11: Added term 0 1 0 2 0 1 -- RMS=17.864130, GCV=1.511631e-07, AIC = 3.498584
  Model addition step  12: Added term 0 0 0 0 2 0 -- RMS=16.752925, GCV=1.329604e-07, AIC = 3.370159
  Model addition step  13: Added term 0 1 1 0 0 0 -- RMS=15.727103, GCV=1.171918e-07, AIC = 3.243804
  Model addition step  14: Added term 0 1 0 0 2 0 -- RMS=14.858151, GCV=1.046135e-07, AIC = 3.130149
  Model addition step  15: Added term 2 0 0 1 0 0 -- RMS=14.036702, GCV=9.337858e-08, AIC = 3.016423
  Model addition step  16: Added term 0 0 0 2 0 0 -- RMS=13.404967, GCV=8.517406e-08, AIC = 2.924342
  Model addition step  17: Added term 1 0 0 0 0 0 -- RMS=12.835931, GCV=7.810689e-08, AIC = 2.837607
  Model addition step  18: Added term 0 1 0 3 0 0 -- RMS=12.124306, GCV=6.969589e-08, AIC = 2.723554
  Model addition step  19: Added term 0 1 0 1 0 1 -- RMS=11.130060, GCV=5.874178e-08, AIC = 2.552448
  Model addition step  20: Added term 0 0 0 3 0 1 -- RMS=10.538973, GCV=5.267536e-08, AIC = 2.443328
  Model addition step  21: Added term 1 0 0 0 2 0 -- RMS=10.031288, GCV=4.772908e-08, AIC = 2.344606
  Model addition step  22: Added term 1 0 1 1 0 0 -- RMS=9.612032, GCV=4.382872e-08, AIC = 2.259238
  Model addition step  23: Added term 0 0 0 0 1 0 -- RMS=9.183596, GCV=4.001407e-08, AIC = 2.168064
  Model addition step  24: Added term 1 1 0 0 0 0 -- RMS=8.807545, GCV=3.680914e-08, AIC = 2.084463
  Model addition step  25: Added term 0 1 0 0 1 0 -- RMS=8.508300, GCV=3.435503e-08, AIC = 2.015349
  Model addition step  26: Added term 0 1 1 0 1 0 -- RMS=8.068181, GCV=3.089690e-08, AIC = 1.909140
  Model addition step  27: Added term 0 1 2 0 0 0 -- RMS=7.755031, GCV=2.854890e-08, AIC = 1.829987
  Model addition step  28: Added term 0 2 0 1 1 0 -- RMS=7.589235, GCV=2.734495e-08, AIC = 1.786784
Change in error: 0.016092. No more terms added.
   29 polynomial terms were written for serrant6
serrant7
  RMS fit error of the full model is: 0.813419 mm
  maximum moment arm: 102.115011 mm
  maximum error allowed: 10.211501 mm
  Model addition step   1: Added term 0 0 0 0 0 0 -- RMS=49.715057, GCV=1.169152e-06, AIC = 5.545417
  Model addition step   2: Added term 1 0 0 1 0 0 -- RMS=40.287971, GCV=7.678997e-07, AIC = 5.124927
  Model addition step   3: Added term 0 1 0 0 0 0 -- RMS=33.859428, GCV=5.424649e-07, AIC = 4.777275
  Model addition step   4: Added term 0 0 0 1 0 1 -- RMS=27.199106, GCV=3.500905e-07, AIC = 4.339227
  Model addition step   5: Added term 0 1 1 0 0 0 -- RMS=25.867543, GCV=3.166942e-07, AIC = 4.238857
  Model addition step   6: Added term 0 1 0 0 0 1 -- RMS=23.691188, GCV=2.656820e-07, AIC = 4.063104
  Model addition step   7: Added term 0 2 0 1 0 0 -- RMS=22.158263, GCV=2.324442e-07, AIC = 3.929338
  Model addition step   8: Added term 1 0 1 2 0 0 -- RMS=20.752254, GCV=2.039091e-07, AIC = 3.798246
  Model addition step   9: Added term 0 0 0 1 0 0 -- RMS=19.249398, GCV=1.754684e-07, AIC = 3.647915
  Model addition step  10: Added term 1 0 0 0 0 0 -- RMS=15.767809, GCV=1.177514e-07, AIC = 3.248916
  Model addition step  11: Added term 2 0 0 0 0 0 -- RMS=14.642718, GCV=1.015607e-07, AIC = 3.100881
  Model addition step  12: Added term 0 1 0 3 0 0 -- RMS=13.737545, GCV=8.940444e-08, AIC = 2.973279
  Model addition step  13: Added term 0 1 0 0 1 0 -- RMS=12.841380, GCV=7.813093e-08, AIC = 2.838378
  Model addition step  14: Added term 0 0 0 0 2 0 -- RMS=12.141771, GCV=6.985901e-08, AIC = 2.726356
  Model addition step  15: Added term 0 0 0 0 1 0 -- RMS=11.355177, GCV=6.110896e-08, AIC = 2.592419
  Model addition step  16: Added term 1 0 0 1 1 0 -- RMS=8.904706, GCV=3.758504e-08, AIC = 2.106251
  Model addition step  17: Added term 0 0 0 1 2 0 -- RMS=8.057909, GCV=3.078075e-08, AIC = 1.906418
  Model addition step  18: Added term 0 0 1 3 0 0 -- RMS=7.213131, GCV=2.466840e-08, AIC = 1.684936
  Model addition step  19: Added term 1 1 1 0 0 0 -- RMS=6.828307, GCV=2.210946e-08, AIC = 1.575302
  Model addition step  20: Added term 1 0 0 3 0 0 -- RMS=6.535808, GCV=2.025860e-08, AIC = 1.487760
  Model addition step  21: Added term 1 1 0 0 1 0 -- RMS=6.279513, GCV=1.870345e-08, AIC = 1.407772
  Model addition step  22: Added term 0 1 0 0 2 0 -- RMS=6.011948, GCV=1.714584e-08, AIC = 1.320704
  Model addition step  23: Added term 0 1 1 2 0 0 -- RMS=5.718717, GCV=1.551617e-08, AIC = 1.220715
  Model addition step  24: Added term 0 0 0 0 1 2 -- RMS=5.479571, GCV=1.424752e-08, AIC = 1.135299
  Model addition step  25: Added term 1 0 0 0 2 0 -- RMS=5.256745, GCV=1.311410e-08, AIC = 1.052289
  Model addition step  26: Added term 0 1 1 1 1 0 -- RMS=5.037256, GCV=1.204347e-08, AIC = 0.967007
  Model addition step  27: Added term 0 1 2 1 0 0 -- RMS=4.805384, GCV=1.096171e-08, AIC = 0.872777
  Model addition step  28: Added term 0 1 0 2 1 0 -- RMS=4.675031, GCV=1.037648e-08, AIC = 0.817794
  Model addition step  29: Added term 0 0 0 1 0 3 -- RMS=4.561061, GCV=9.878063e-09, AIC = 0.768453
  Model addition step  30: Added term 3 0 0 0 1 0 -- RMS=4.464063, GCV=9.463666e-09, AIC = 0.725480
  Model addition step  31: Added term 2 0 1 1 0 0 -- RMS=4.371696, GCV=9.077315e-09, AIC = 0.683682
Change in error: 0.014170. No more terms added.
   32 polynomial terms were written for serrant7
serrant8
  RMS fit error of the full model is: 1.196865 mm
  maximum moment arm: 104.879717 mm
  maximum error allowed: 10.487972 mm
  Model addition step   1: Added term 0 0 0 1 0 0 -- RMS=47.851043, GCV=1.083123e-06, AIC = 5.468987
  Model addition step   2: Added term 1 0 0 0 0 0 -- RMS=38.013180, GCV=6.836316e-07, AIC = 5.008687
  Model addition step   3: Added term 0 1 1 1 0 0 -- RMS=31.882725, GCV=4.809759e-07, AIC = 4.656969
  Model addition step   4: Added term 0 0 0 0 0 1 -- RMS=28.383342, GCV=3.812397e-07, AIC = 4.424464
  Model addition step   5: Added term 0 1 0 1 1 0 -- RMS=25.682031, GCV=3.121681e-07, AIC = 4.224462
  Model addition step   6: Added term 1 0 0 2 0 0 -- RMS=23.600532, GCV=2.636526e-07, AIC = 4.055436
  Model addition step   7: Added term 0 1 0 0 0 0 -- RMS=22.282759, GCV=2.350635e-07, AIC = 3.940544
  Model addition step   8: Added term 0 1 0 0 0 1 -- RMS=20.937297, GCV=2.075617e-07, AIC = 3.816001
  Model addition step   9: Added term 2 0 0 2 0 0 -- RMS=19.847596, GCV=1.865437e-07, AIC = 3.709122
  Model addition step  10: Added term 0 0 0 0 1 0 -- RMS=18.714045, GCV=1.658665e-07, AIC = 3.591524
  Model addition step  11: Added term 0 0 0 0 2 0 -- RMS=17.323260, GCV=1.421482e-07, AIC = 3.437095
  Model addition step  12: Added term 0 0 1 1 0 0 -- RMS=15.954914, GCV=1.205951e-07, AIC = 3.272547
  Model addition step  13: Added term 1 0 1 1 0 0 -- RMS=14.687202, GCV=1.022063e-07, AIC = 3.106986
  Model addition step  14: Added term 1 0 0 0 1 0 -- RMS=13.191426, GCV=8.245972e-08, AIC = 2.892186
  Model addition step  15: Added term 0 0 0 1 2 0 -- RMS=12.072173, GCV=6.906977e-08, AIC = 2.714878
  Model addition step  16: Added term 0 2 0 0 0 0 -- RMS=11.132524, GCV=5.874394e-08, AIC = 2.552833
  Model addition step  17: Added term 0 1 1 2 0 0 -- RMS=9.853560, GCV=4.602788e-08, AIC = 2.308776
  Model addition step  18: Added term 0 1 0 2 1 0 -- RMS=9.161317, GCV=3.979323e-08, AIC = 2.163109
  Model addition step  19: Added term 1 0 0 0 2 0 -- RMS=8.890260, GCV=3.747840e-08, AIC = 2.103061
Change in error: 0.018022. No more terms added.
   20 polynomial terms were written for serrant8
serrant9
  RMS fit error of the full model is: 1.756603 mm
  maximum moment arm: 97.550240 mm
  maximum error allowed: 9.755024 mm
  Model addition step   1: Added term 0 0 0 1 0 0 -- RMS=42.145629, GCV=8.402337e-07, AIC = 5.215063
  Model addition step   2: Added term 1 0 0 0 0 0 -- RMS=30.985687, GCV=4.542302e-07, AIC = 4.599871
  Model addition step   3: Added term 0 1 1 1 0 0 -- RMS=25.313960, GCV=3.032024e-07, AIC = 4.195552
  Model addition step   4: Added term 0 1 0 0 1 0 -- RMS=21.621245, GCV=2.212241e-07, AIC = 3.880212
  Model addition step   5: Added term 0 1 0 0 0 1 -- RMS=19.889713, GCV=1.872349e-07, AIC = 3.713284
  Model addition step   6: Added term 0 0 0 0 2 0 -- RMS=18.717361, GCV=1.658356e-07, AIC = 3.591801
  Model addition step   7: Added term 0 0 1 0 0 0 -- RMS=17.662075, GCV=1.476831e-07, AIC = 3.475757
  Model addition step   8: Added term 0 2 0 0 0 1 -- RMS=16.765348, GCV=1.330856e-07, AIC = 3.371565
  Model addition step   9: Added term 0 1 1 0 0 0 -- RMS=15.903474, GCV=1.197702e-07, AIC = 3.266031
  Model addition step  10: Added term 2 0 0 0 0 0 -- RMS=15.037220, GCV=1.070924e-07, AIC = 3.154032
  Model addition step  11: Added term 1 0 0 1 0 0 -- RMS=13.967977, GCV=9.241643e-08, AIC = 3.006529
  Model addition step  12: Added term 0 2 0 2 0 0 -- RMS=13.201860, GCV=8.256788e-08, AIC = 2.893729
  Model addition step  13: Added term 0 0 0 0 1 0 -- RMS=12.513095, GCV=7.418721e-08, AIC = 2.786584
  Model addition step  14: Added term 0 0 0 1 2 0 -- RMS=11.972744, GCV=6.792752e-08, AIC = 2.698318
  Model addition step  15: Added term 0 1 0 0 0 0 -- RMS=11.559057, GCV=6.332306e-08, AIC = 2.628010
  Model addition step  16: Added term 0 0 0 0 0 1 -- RMS=11.143609, GCV=5.886100e-08, AIC = 2.554823
  Model addition step  17: Added term 0 1 0 1 1 0 -- RMS=10.741617, GCV=5.469831e-08, AIC = 2.481362
  Model addition step  18: Added term 1 0 0 1 1 0 -- RMS=10.431317, GCV=5.159073e-08, AIC = 2.422755
  Model addition step  19: Added term 1 0 1 0 0 0 -- RMS=9.853047, GCV=4.603554e-08, AIC = 2.308710
  Model addition step  20: Added term 0 0 1 0 1 0 -- RMS=9.435293, GCV=4.222034e-08, AIC = 2.222083
  Model addition step  21: Added term 0 0 2 0 0 0 -- RMS=8.989074, GCV=3.832654e-08, AIC = 2.125207
  Model addition step  22: Added term 1 0 1 2 0 0 -- RMS=8.712231, GCV=3.600702e-08, AIC = 2.062663
  Model addition step  23: Added term 0 0 1 2 1 0 -- RMS=8.436388, GCV=3.376761e-08, AIC = 1.998335
  Model addition step  24: Added term 0 2 0 0 0 0 -- RMS=8.149525, GCV=3.151451e-08, AIC = 1.929165
  Model addition step  25: Added term 0 0 0 2 0 0 -- RMS=7.711228, GCV=2.821967e-08, AIC = 1.818620
  Model addition step  26: Added term 1 0 0 0 2 0 -- RMS=7.476343, GCV=2.653029e-08, AIC = 1.756771
  Model addition step  27: Added term 1 0 1 0 1 0 -- RMS=7.198280, GCV=2.459687e-08, AIC = 1.680988
  Model addition step  28: Added term 1 0 2 1 0 0 -- RMS=6.799604, GCV=2.195070e-08, AIC = 1.567051
  Model addition step  29: Added term 0 0 0 0 1 1 -- RMS=6.626608, GCV=2.085079e-08, AIC = 1.515528
  Model addition step  30: Added term 0 0 0 1 0 2 -- RMS=5.951627, GCV=1.682171e-08, AIC = 1.300690
  Model addition step  31: Added term 0 1 0 0 1 1 -- RMS=5.718264, GCV=1.553052e-08, AIC = 1.220711
  Model addition step  32: Added term 1 0 0 0 1 1 -- RMS=5.507803, GCV=1.441030e-08, AIC = 1.145731
  Model addition step  33: Added term 1 0 0 1 0 2 -- RMS=5.346171, GCV=1.357879e-08, AIC = 1.086180
  Model addition step  34: Added term 0 0 0 0 0 0 -- RMS=5.207074, GCV=1.288314e-08, AIC = 1.033475
  Model addition step  35: Added term 1 0 0 1 2 0 -- RMS=5.047687, GCV=1.210815e-08, AIC = 0.971318
  Model addition step  36: Added term 0 1 1 0 0 1 -- RMS=4.910448, GCV=1.146025e-08, AIC = 0.916207
  Model addition step  37: Added term 0 1 1 2 0 0 -- RMS=4.785175, GCV=1.088444e-08, AIC = 0.864542
  Model addition step  38: Added term 2 0 0 1 0 0 -- RMS=4.660868, GCV=1.032768e-08, AIC = 0.811919
  Model addition step  39: Added term 3 0 0 0 0 0 -- RMS=4.540130, GCV=9.800874e-09, AIC = 0.759446
Change in error: 0.017625. No more terms added.
   40 polynomial terms were written for serrant9
serrant10
  RMS fit error of the full model is: 3.113901 mm
  maximum moment arm: 104.563213 mm
  maximum error allowed: 10.456321 mm
  Model addition step   1: Added term 0 0 0 1 0 0 -- RMS=45.593963, GCV=9.833536e-07, AIC = 5.372352
  Model addition step   2: Added term 2 0 0 0 0 0 -- RMS=36.320994, GCV=6.241215e-07, AIC = 4.917613
  Model addition step   3: Added term 0 1 1 2 0 0 -- RMS=31.330258, GCV=4.644515e-07, AIC = 4.622009
  Model addition step   4: Added term 0 1 0 0 1 0 -- RMS=28.120169, GCV=3.742027e-07, AIC = 4.405833
  Model addition step   5: Added term 0 0 0 3 0 1 -- RMS=24.697487, GCV=2.886924e-07, AIC = 4.146282
  Model addition step   6: Added term 0 0 1 1 0 0 -- RMS=23.396508, GCV=2.591138e-07, AIC = 4.038071
  Model addition step   7: Added term 0 1 1 1 0 0 -- RMS=22.097705, GCV=2.311754e-07, AIC = 3.923865
  Model addition step   8: Added term 0 1 0 0 0 1 -- RMS=20.777896, GCV=2.044133e-07, AIC = 3.800716
  Model addition step   9: Added term 0 2 0 0 0 0 -- RMS=19.265820, GCV=1.757679e-07, AIC = 3.649621
  Model addition step  10: Added term 0 0 0 0 2 0 -- RMS=17.772857, GCV=1.496022e-07, AIC = 3.488320
  Model addition step  11: Added term 0 0 0 2 0 1 -- RMS=16.587866, GCV=1.303356e-07, AIC = 3.350337
  Model addition step  12: Added term 3 0 0 1 0 0 -- RMS=15.352941, GCV=1.116668e-07, AIC = 3.195628
  Model addition step  13: Added term 0 0 1 0 1 0 -- RMS=14.560886, GCV=1.004558e-07, AIC = 3.089711
  Model addition step  14: Added term 0 0 2 0 0 0 -- RMS=13.966035, GCV=9.242823e-08, AIC = 3.006309
  Model addition step  15: Added term 0 0 0 1 2 0 -- RMS=13.568459, GCV=8.725255e-08, AIC = 2.948567
  Model addition step  16: Added term 0 0 0 0 0 0 -- RMS=12.864106, GCV=7.843955e-08, AIC = 2.841973
  Model addition step  17: Added term 1 0 1 1 1 0 -- RMS=12.458522, GCV=7.358134e-08, AIC = 2.777920
  Model addition step  18: Added term 1 0 2 1 0 0 -- RMS=11.750234, GCV=6.546156e-08, AIC = 2.660876
  Model addition step  19: Added term 2 0 0 0 2 0 -- RMS=11.192490, GCV=5.940262e-08, AIC = 2.563635
  Model addition step  20: Added term 1 0 0 0 0 0 -- RMS=10.808081, GCV=5.539978e-08, AIC = 2.493756
  Model addition step  21: Added term 1 0 0 1 0 0 -- RMS=10.404509, GCV=5.134674e-08, AIC = 2.417666
  Model addition step  22: Added term 0 1 0 1 1 0 -- RMS=10.081395, GCV=4.821361e-08, AIC = 2.354590
  Model addition step  23: Added term 0 1 0 1 0 0 -- RMS=9.707769, GCV=4.471221e-08, AIC = 2.279079
  Model addition step  24: Added term 1 0 0 0 0 1 -- RMS=9.418671, GCV=4.209449e-08, AIC = 2.218633
  Model addition step  25: Added term 2 0 0 1 1 0 -- RMS=9.197931, GCV=4.014995e-08, AIC = 2.171222
  Model addition step  26: Added term 0 0 0 0 1 1 -- RMS=8.973042, GCV=3.821580e-08, AIC = 2.121733
  Model addition step  27: Added term 0 0 1 1 0 1 -- RMS=8.140363, GCV=3.145646e-08, AIC = 1.926973
  Model addition step  28: Added term 1 0 0 0 0 2 -- RMS=7.839943, GCV=2.918146e-08, AIC = 1.851786
  Model addition step  29: Added term 1 0 0 0 2 0 -- RMS=7.634298, GCV=2.767439e-08, AIC = 1.798644
  Model addition step  30: Added term 2 0 1 1 0 0 -- RMS=7.405393, GCV=2.604324e-08, AIC = 1.737778
Change in error: 0.019025. No more terms added.
   31 polynomial terms were written for serrant10
serrant11
  RMS fit error of the full model is: 7.048979 mm
  maximum moment arm: 100.880589 mm
  maximum error allowed: 10.088059 mm
  Model addition step   1: Added term 1 0 0 1 0 0 -- RMS=45.435394, GCV=9.765255e-07, AIC = 5.365384
  Model addition step   2: Added term 0 0 0 0 0 1 -- RMS=38.447345, GCV=6.993369e-07, AIC = 5.031400
  Model addition step   3: Added term 0 0 0 1 0 0 -- RMS=32.313355, GCV=4.940564e-07, AIC = 4.683801
  Model addition step   4: Added term 0 1 1 2 0 0 -- RMS=28.030442, GCV=3.718185e-07, AIC = 4.399442
  Model addition step   5: Added term 0 1 0 0 1 0 -- RMS=23.734500, GCV=2.666183e-07, AIC = 4.066738
  Model addition step   6: Added term 2 0 0 0 0 0 -- RMS=21.062563, GCV=2.099960e-07, AIC = 3.827892
  Model addition step   7: Added term 0 0 0 0 2 0 -- RMS=19.584325, GCV=1.815785e-07, AIC = 3.682376
  Model addition step   8: Added term 0 2 0 0 0 0 -- RMS=18.316810, GCV=1.588567e-07, AIC = 3.548575
  Model addition step   9: Added term 0 1 1 1 0 0 -- RMS=16.905682, GCV=1.353412e-07, AIC = 3.388255
  Model addition step  10: Added term 1 0 0 0 0 0 -- RMS=15.933738, GCV=1.202427e-07, AIC = 3.269853
  Model addition step  11: Added term 0 0 1 3 0 0 -- RMS=14.852681, GCV=1.044941e-07, AIC = 3.129355
  Model addition step  12: Added term 0 1 0 1 1 0 -- RMS=14.345482, GCV=9.749249e-08, AIC = 3.059884
  Model addition step  13: Added term 0 0 0 0 0 0 -- RMS=13.862552, GCV=9.105127e-08, AIC = 2.991415
  Model addition step  14: Added term 1 0 0 0 0 1 -- RMS=13.483283, GCV=8.614888e-08, AIC = 2.935954
  Model addition step  15: Added term 0 0 0 1 2 0 -- RMS=13.094449, GCV=8.126276e-08, AIC = 2.877448
  Model addition step  16: Added term 0 0 1 0 1 0 -- RMS=12.640255, GCV=7.573341e-08, AIC = 2.806864
  Model addition step  17: Added term 0 0 2 1 0 0 -- RMS=12.155537, GCV=7.004593e-08, AIC = 2.728680
  Model addition step  18: Added term 0 1 0 0 0 1 -- RMS=11.862310, GCV=6.671629e-08, AIC = 2.679862
Change in error: 0.019770. No more terms added.
   19 polynomial terms were written for serrant11
deltscap1
  RMS fit error of the full model is: 1.421707 mm
  maximum moment arm: 68.520227 mm
  maximum error allowed: 6.852023 mm
  Model addition step   1: Added term 0 0 0 -- RMS=27.910398, GCV=2.105664e-07, AIC = 3.831199
  Model addition step   2: Added term 0 1 0 -- RMS=21.811283, GCV=1.286110e-07, AIC = 3.338089
  Model addition step   3: Added term 0 0 1 -- RMS=19.013814, GCV=9.774912e-08, AIC = 3.063599
  Model addition step   4: Added term 2 0 1 -- RMS=16.782847, GCV=7.616656e-08, AIC = 2.814016
  Model addition step   5: Added term 0 2 0 -- RMS=14.913428, GCV=6.015154e-08, AIC = 2.577859
  Model addition step   6: Added term 1 0 0 -- RMS=13.813018, GCV=5.160926e-08, AIC = 2.424592
  Model addition step   7: Added term 1 0 1 -- RMS=10.275511, GCV=2.856381e-08, AIC = 1.832930
  Model addition step   8: Added term 0 0 2 -- RMS=8.245285, GCV=1.839413e-08, AIC = 1.392720
  Model addition step   9: Added term 2 0 0 -- RMS=4.912404, GCV=6.530024e-09, AIC = 0.356997
  Model addition step  10: Added term 1 2 0 -- RMS=3.645981, GCV=3.597611e-09, AIC = -0.239245
  Model addition step  11: Added term 2 2 0 -- RMS=3.284124, GCV=2.919330e-09, AIC = -0.448262
  Model addition step  12: Added term 0 1 2 -- RMS=2.920639, GCV=2.309185e-09, AIC = -0.682823
  Model addition step  13: Added term 0 2 2 -- RMS=2.486361, GCV=1.673747e-09, AIC = -1.004754
  Model addition step  14: Added term 1 3 0 -- RMS=2.244300, GCV=1.363899e-09, AIC = -1.209573
  Model addition step  15: Added term 0 3 0 -- RMS=2.127473, GCV=1.225765e-09, AIC = -1.316457
  Model addition step  16: Added term 4 0 0 -- RMS=2.060119, GCV=1.149535e-09, AIC = -1.380766
Change in error: 0.017101. No more terms added.
   17 polynomial terms were written for deltscap1
deltscap2
  RMS fit error of the full model is: 2.303656 mm
  maximum moment arm: 46.492187 mm
  maximum error allowed: 4.649219 mm
  Model addition step   1: Added term 0 0 0 -- RMS=20.555357, GCV=1.142108e-07, AIC = 3.219443
  Model addition step   2: Added term 0 0 1 -- RMS=16.641664, GCV=7.487023e-08, AIC = 2.797053
  Model addition step   3: Added term 1 1 0 -- RMS=12.303499, GCV=4.092905e-08, AIC = 2.193035
  Model addition step   4: Added term 0 1 0 -- RMS=9.757731, GCV=2.574725e-08, AIC = 1.729421
  Model addition step   5: Added term 1 0 1 -- RMS=7.481979, GCV=1.513996e-08, AIC = 1.198330
  Model addition step   6: Added term 2 0 2 -- RMS=6.480976, GCV=1.136139e-08, AIC = 0.911111
  Model addition step   7: Added term 0 2 0 -- RMS=5.597484, GCV=8.476079e-09, AIC = 0.618037
  Model addition step   8: Added term 0 0 2 -- RMS=5.041151, GCV=6.875864e-09, AIC = 0.408705
  Model addition step   9: Added term 2 1 0 -- RMS=4.343091, GCV=5.104163e-09, AIC = 0.110643
  Model addition step  10: Added term 1 0 0 -- RMS=3.567043, GCV=3.443515e-09, AIC = -0.283022
  Model addition step  11: Added term 2 0 1 -- RMS=3.468292, GCV=3.255932e-09, AIC = -0.339138
  Model addition step  12: Added term 1 0 3 -- RMS=3.318910, GCV=2.981904e-09, AIC = -0.427156
  Model addition step  13: Added term 3 1 0 -- RMS=3.142965, GCV=2.674487e-09, AIC = -0.536062
  Model addition step  14: Added term 1 0 2 -- RMS=2.978943, GCV=2.402949e-09, AIC = -0.643224
  Model addition step  15: Added term 0 2 1 -- RMS=2.917029, GCV=2.304414e-09, AIC = -0.685196
  Model addition step  16: Added term 0 0 4 -- RMS=2.849309, GCV=2.198958e-09, AIC = -0.732140
  Model addition step  17: Added term 0 0 3 -- RMS=2.685232, GCV=1.953260e-09, AIC = -0.850725
Change in error: 0.009854. No more terms added.
   18 polynomial terms were written for deltscap2
deltscap3
  RMS fit error of the full model is: 1.023597 mm
  maximum moment arm: 39.343688 mm
  maximum error allowed: 3.934369 mm
  Model addition step   1: Added term 0 0 0 -- RMS=19.384601, GCV=1.015712e-07, AIC = 3.102158
  Model addition step   2: Added term 0 0 1 -- RMS=14.260103, GCV=5.497446e-08, AIC = 2.488165
  Model addition step   3: Added term 1 1 0 -- RMS=6.115210, GCV=1.011107e-08, AIC = 0.794826
  Model addition step   4: Added term 0 3 0 -- RMS=4.541123, GCV=5.576473e-09, AIC = 0.199650
  Model addition step   5: Added term 1 2 0 -- RMS=3.881245, GCV=4.074121e-09, AIC = -0.114353
  Model addition step   6: Added term 2 0 1 -- RMS=3.472374, GCV=3.261396e-09, AIC = -0.336954
  Model addition step   7: Added term 0 0 2 -- RMS=3.117050, GCV=2.628432e-09, AIC = -0.552823
  Model addition step   8: Added term 1 0 1 -- RMS=2.787826, GCV=2.102807e-09, AIC = -0.776039
  Model addition step   9: Added term 1 0 0 -- RMS=2.347102, GCV=1.490701e-09, AIC = -1.120167
  Model addition step  10: Added term 0 1 0 -- RMS=2.177601, GCV=1.283341e-09, AIC = -1.270048
  Model addition step  11: Added term 0 2 0 -- RMS=1.925241, GCV=1.003262e-09, AIC = -1.516359
  Model addition step  12: Added term 1 3 0 -- RMS=1.723064, GCV=8.037218e-10, AIC = -1.738220
  Model addition step  13: Added term 2 1 1 -- RMS=1.569324, GCV=6.667861e-10, AIC = -1.925105
  Model addition step  14: Added term 2 1 0 -- RMS=1.381681, GCV=5.169352e-10, AIC = -2.179759
  Model addition step  15: Added term 1 0 3 -- RMS=1.269608, GCV=4.365341e-10, AIC = -2.348911
  Model addition step  16: Added term 0 0 3 -- RMS=1.227514, GCV=4.081229e-10, AIC = -2.416311
  Model addition step  17: Added term 0 1 3 -- RMS=1.183939, GCV=3.797129e-10, AIC = -2.488565
  Model addition step  18: Added term 3 0 0 -- RMS=1.154816, GCV=3.613107e-10, AIC = -2.538344
  Model addition step  19: Added term 1 0 2 -- RMS=1.130123, GCV=3.460710e-10, AIC = -2.581540
  Model addition step  20: Added term 0 1 2 -- RMS=1.095347, GCV=3.251447e-10, AIC = -2.644015
Change in error: 0.013052. No more terms added.
   21 polynomial terms were written for deltscap3
deltscap4
  RMS fit error of the full model is: 0.576932 mm
  maximum moment arm: 36.058303 mm
  maximum error allowed: 3.605830 mm
  Model addition step   1: Added term 0 0 0 -- RMS=19.296518, GCV=1.006502e-07, AIC = 3.093049
  Model addition step   2: Added term 0 0 1 -- RMS=13.794181, GCV=5.144078e-08, AIC = 2.421728
  Model addition step   3: Added term 1 1 0 -- RMS=6.320106, GCV=1.079998e-08, AIC = 0.860739
  Model addition step   4: Added term 0 2 0 -- RMS=3.737757, GCV=3.777941e-09, AIC = -0.189727
  Model addition step   5: Added term 1 0 0 -- RMS=2.698456, GCV=1.969348e-09, AIC = -0.841305
  Model addition step   6: Added term 1 3 0 -- RMS=2.306343, GCV=1.438792e-09, AIC = -1.155305
  Model addition step   7: Added term 2 0 1 -- RMS=1.971183, GCV=1.051146e-09, AIC = -1.469330
  Model addition step   8: Added term 0 0 2 -- RMS=1.503217, GCV=6.113800e-10, AIC = -2.011349
  Model addition step   9: Added term 1 0 1 -- RMS=1.225241, GCV=4.062278e-10, AIC = -2.420255
  Model addition step  10: Added term 2 1 1 -- RMS=1.096266, GCV=3.252499e-10, AIC = -2.642676
  Model addition step  11: Added term 2 1 0 -- RMS=0.966870, GCV=2.530348e-10, AIC = -2.893845
  Model addition step  12: Added term 1 0 3 -- RMS=0.884926, GCV=2.119909e-10, AIC = -3.070930
  Model addition step  13: Added term 1 1 1 -- RMS=0.816569, GCV=1.805293e-10, AIC = -3.231682
  Model addition step  14: Added term 0 0 3 -- RMS=0.771970, GCV=1.613692e-10, AIC = -3.343981
  Model addition step  15: Added term 1 0 2 -- RMS=0.730160, GCV=1.443827e-10, AIC = -3.455310
  Model addition step  16: Added term 0 1 0 -- RMS=0.689232, GCV=1.286673e-10, AIC = -3.570649
  Model addition step  17: Added term 0 4 0 -- RMS=0.659949, GCV=1.179823e-10, AIC = -3.657446
  Model addition step  18: Added term 3 0 0 -- RMS=0.641932, GCV=1.116436e-10, AIC = -3.712771
Change in error: 0.018416. No more terms added.
   19 polynomial terms were written for deltscap4
deltscap5
  RMS fit error of the full model is: 0.391422 mm
  maximum moment arm: 30.748625 mm
  maximum error allowed: 3.074863 mm
  Model addition step   1: Added term 0 0 0 -- RMS=18.266181, GCV=9.018877e-08, AIC = 2.983303
  Model addition step   2: Added term 0 0 1 -- RMS=14.433367, GCV=5.631849e-08, AIC = 2.512319
  Model addition step   3: Added term 1 0 0 -- RMS=10.491694, GCV=2.976224e-08, AIC = 1.874435
  Model addition step   4: Added term 0 2 0 -- RMS=5.425024, GCV=7.958594e-09, AIC = 0.555346
  Model addition step   5: Added term 1 0 1 -- RMS=4.421897, GCV=5.288214e-09, AIC = 0.146473
  Model addition step   6: Added term 0 3 0 -- RMS=3.957269, GCV=4.235860e-09, AIC = -0.075523
  Model addition step   7: Added term 1 1 0 -- RMS=3.113219, GCV=2.621974e-09, AIC = -0.555283
  Model addition step   8: Added term 0 1 0 -- RMS=2.188886, GCV=1.296326e-09, AIC = -1.259778
  Model addition step   9: Added term 0 0 2 -- RMS=1.618969, GCV=7.092575e-10, AIC = -1.862950
  Model addition step  10: Added term 1 2 0 -- RMS=1.315115, GCV=4.680721e-10, AIC = -2.278648
  Model addition step  11: Added term 3 0 1 -- RMS=1.232467, GCV=4.111445e-10, AIC = -2.408427
  Model addition step  12: Added term 1 2 1 -- RMS=1.111773, GCV=3.346069e-10, AIC = -2.614517
  Model addition step  13: Added term 1 0 2 -- RMS=1.008273, GCV=2.752442e-10, AIC = -2.809916
  Model addition step  14: Added term 0 3 1 -- RMS=0.943895, GCV=2.412502e-10, AIC = -2.941841
  Model addition step  15: Added term 0 1 1 -- RMS=0.877808, GCV=2.086789e-10, AIC = -3.086981
  Model addition step  16: Added term 1 1 2 -- RMS=0.813628, GCV=1.793040e-10, AIC = -3.238796
  Model addition step  17: Added term 3 1 0 -- RMS=0.759563, GCV=1.562873e-10, AIC = -3.376285
  Model addition step  18: Added term 1 3 0 -- RMS=0.719734, GCV=1.403456e-10, AIC = -3.483974
  Model addition step  19: Added term 1 1 1 -- RMS=0.632039, GCV=1.082434e-10, AIC = -3.743801
  Model addition step  20: Added term 2 1 0 -- RMS=0.594671, GCV=9.583554e-11, AIC = -3.865651
  Model addition step  21: Added term 2 0 1 -- RMS=0.518412, GCV=7.284185e-11, AIC = -4.140096
  Model addition step  22: Added term 2 2 0 -- RMS=0.470621, GCV=6.003892e-11, AIC = -4.333495
  Model addition step  23: Added term 0 0 3 -- RMS=0.449936, GCV=5.488469e-11, AIC = -4.423355
  Model addition step  24: Added term 2 1 1 -- RMS=0.435506, GCV=5.142754e-11, AIC = -4.488517
Change in error: 0.018383. No more terms added.
   25 polynomial terms were written for deltscap5
deltscap6
  RMS fit error of the full model is: 0.635603 mm
  maximum moment arm: 38.113500 mm
  maximum error allowed: 3.811350 mm
  Model addition step   1: Added term 0 0 0 -- RMS=20.193827, GCV=1.102286e-07, AIC = 3.183954
  Model addition step   2: Added term 0 0 1 -- RMS=15.060138, GCV=6.131596e-08, AIC = 2.597337
  Model addition step   3: Added term 1 1 0 -- RMS=9.339661, GCV=2.358504e-08, AIC = 1.641808
  Model addition step   4: Added term 0 1 0 -- RMS=4.335799, GCV=5.083601e-09, AIC = 0.107113
  Model addition step   5: Added term 0 0 2 -- RMS=3.705069, GCV=3.712654e-09, AIC = -0.207261
  Model addition step   6: Added term 1 2 0 -- RMS=2.977027, GCV=2.397264e-09, AIC = -0.644781
  Model addition step   7: Added term 0 2 0 -- RMS=2.446977, GCV=1.619829e-09, AIC = -1.036890
  Model addition step   8: Added term 1 0 0 -- RMS=1.744682, GCV=8.235703e-10, AIC = -1.713418
  Model addition step   9: Added term 2 0 1 -- RMS=1.388047, GCV=5.213564e-10, AIC = -2.170735
  Model addition step  10: Added term 0 3 1 -- RMS=1.139639, GCV=3.514959e-10, AIC = -2.565072
  Model addition step  11: Added term 1 2 1 -- RMS=0.944427, GCV=2.414243e-10, AIC = -2.940816
  Model addition step  12: Added term 1 1 1 -- RMS=0.891550, GCV=2.151761e-10, AIC = -3.056016
  Model addition step  13: Added term 2 0 2 -- RMS=0.820797, GCV=1.824036e-10, AIC = -3.221353
  Model addition step  14: Added term 1 0 3 -- RMS=0.786075, GCV=1.673200e-10, AIC = -3.307768
  Model addition step  15: Added term 0 4 0 -- RMS=0.762884, GCV=1.576146e-10, AIC = -3.367625
  Model addition step  16: Added term 3 0 0 -- RMS=0.742041, GCV=1.491400e-10, AIC = -3.422994
  Model addition step  17: Added term 0 0 3 -- RMS=0.721062, GCV=1.408449e-10, AIC = -3.480321
  Model addition step  18: Added term 0 1 3 -- RMS=0.706066, GCV=1.350659e-10, AIC = -3.522319
Change in error: 0.014540. No more terms added.
   19 polynomial terms were written for deltscap6
deltscap7
  RMS fit error of the full model is: 0.530208 mm
  maximum moment arm: 36.433348 mm
  maximum error allowed: 3.643335 mm
  Model addition step   1: Added term 0 0 0 -- RMS=19.945760, GCV=1.075371e-07, AIC = 3.159233
  Model addition step   2: Added term 0 0 1 -- RMS=14.930574, GCV=6.026549e-08, AIC = 2.580056
  Model addition step   3: Added term 1 1 0 -- RMS=9.554034, GCV=2.468016e-08, AIC = 1.687195
  Model addition step   4: Added term 0 1 0 -- RMS=3.684645, GCV=3.671338e-09, AIC = -0.218350
  Model addition step   5: Added term 0 0 2 -- RMS=3.037326, GCV=2.495023e-09, AIC = -0.604710
  Model addition step   6: Added term 1 2 0 -- RMS=2.287881, GCV=1.415850e-09, AIC = -1.171379
  Model addition step   7: Added term 0 2 0 -- RMS=2.020893, GCV=1.104831e-09, AIC = -1.419518
  Model addition step   8: Added term 1 0 0 -- RMS=1.499128, GCV=6.080581e-10, AIC = -2.016797
  Model addition step   9: Added term 0 3 1 -- RMS=1.239726, GCV=4.158895e-10, AIC = -2.396749
  Model addition step  10: Added term 2 0 1 -- RMS=0.967149, GCV=2.531466e-10, AIC = -2.893301
  Model addition step  11: Added term 3 1 0 -- RMS=0.939581, GCV=2.389531e-10, AIC = -2.951104
  Model addition step  12: Added term 1 0 1 -- RMS=0.912559, GCV=2.254367e-10, AIC = -3.009434
  Model addition step  13: Added term 1 2 1 -- RMS=0.761113, GCV=1.568412e-10, AIC = -3.372341
  Model addition step  14: Added term 2 0 2 -- RMS=0.689159, GCV=1.286055e-10, AIC = -3.570926
  Model addition step  15: Added term 2 1 1 -- RMS=0.661132, GCV=1.183736e-10, AIC = -3.653932
  Model addition step  16: Added term 2 0 0 -- RMS=0.644272, GCV=1.124285e-10, AIC = -3.705562
  Model addition step  17: Added term 0 4 0 -- RMS=0.630463, GCV=1.076752e-10, AIC = -3.748861
  Model addition step  18: Added term 3 0 0 -- RMS=0.615892, GCV=1.027696e-10, AIC = -3.795592
  Model addition step  19: Added term 2 2 0 -- RMS=0.598866, GCV=9.717922e-11, AIC = -3.851627
Change in error: 0.018642. No more terms added.
   20 polynomial terms were written for deltscap7
deltscap8
  RMS fit error of the full model is: 0.581011 mm
  maximum moment arm: 35.649853 mm
  maximum error allowed: 3.564985 mm
  Model addition step   1: Added term 0 0 0 -- RMS=19.666220, GCV=1.045439e-07, AIC = 3.131005
  Model addition step   2: Added term 0 0 1 -- RMS=15.988452, GCV=6.910803e-08, AIC = 2.716967
  Model addition step   3: Added term 0 2 0 -- RMS=11.741265, GCV=3.727384e-08, AIC = 2.099487
  Model addition step   4: Added term 1 1 0 -- RMS=6.273554, GCV=1.064291e-08, AIC = 0.845988
  Model addition step   5: Added term 0 1 0 -- RMS=4.178358, GCV=4.721750e-09, AIC = 0.033172
  Model addition step   6: Added term 0 0 2 -- RMS=3.149806, GCV=2.683602e-09, AIC = -0.531949
  Model addition step   7: Added term 1 0 0 -- RMS=2.467742, GCV=1.647437e-09, AIC = -1.019990
  Model addition step   8: Added term 1 0 1 -- RMS=1.997694, GCV=1.079757e-09, AIC = -1.442576
  Model addition step   9: Added term 1 2 0 -- RMS=1.634877, GCV=7.232638e-10, AIC = -1.843395
  Model addition step  10: Added term 0 3 1 -- RMS=1.455840, GCV=5.736045e-10, AIC = -2.075330
  Model addition step  11: Added term 0 1 1 -- RMS=1.330910, GCV=4.794479e-10, AIC = -2.254736
  Model addition step  12: Added term 3 0 1 -- RMS=1.231704, GCV=4.106916e-10, AIC = -2.409630
  Model addition step  13: Added term 2 0 0 -- RMS=1.188451, GCV=3.824055e-10, AIC = -2.481093
  Model addition step  14: Added term 2 0 1 -- RMS=1.120527, GCV=3.399893e-10, AIC = -2.598762
  Model addition step  15: Added term 1 2 1 -- RMS=0.984938, GCV=2.627225e-10, AIC = -2.856679
  Model addition step  16: Added term 1 3 0 -- RMS=0.891171, GCV=2.151095e-10, AIC = -3.056732
  Model addition step  17: Added term 3 0 0 -- RMS=0.836552, GCV=1.895758e-10, AIC = -3.183192
  Model addition step  18: Added term 2 0 2 -- RMS=0.735816, GCV=1.466878e-10, AIC = -3.439775
  Model addition step  19: Added term 1 1 1 -- RMS=0.701980, GCV=1.335253e-10, AIC = -3.533892
Change in error: 0.015000. No more terms added.
   20 polynomial terms were written for deltscap8
deltscap9
  RMS fit error of the full model is: 0.622385 mm
  maximum moment arm: 33.501447 mm
  maximum error allowed: 3.350145 mm
  Model addition step   1: Added term 0 0 0 -- RMS=19.241436, GCV=1.000765e-07, AIC = 3.087332
  Model addition step   2: Added term 0 1 0 -- RMS=15.679755, GCV=6.646518e-08, AIC = 2.677975
  Model addition step   3: Added term 1 1 0 -- RMS=11.451840, GCV=3.545887e-08, AIC = 2.049568
  Model addition step   4: Added term 0 0 1 -- RMS=5.421844, GCV=7.949266e-09, AIC = 0.554173
  Model addition step   5: Added term 1 0 1 -- RMS=4.218769, GCV=4.813525e-09, AIC = 0.052422
  Model addition step   6: Added term 1 2 0 -- RMS=3.389648, GCV=3.107848e-09, AIC = -0.385179
  Model addition step   7: Added term 0 0 2 -- RMS=2.526188, GCV=1.726396e-09, AIC = -0.973174
  Model addition step   8: Added term 2 0 0 -- RMS=2.148663, GCV=1.249122e-09, AIC = -1.296871
  Model addition step   9: Added term 1 3 0 -- RMS=2.024123, GCV=1.108666e-09, AIC = -1.416256
  Model addition step  10: Added term 1 2 1 -- RMS=1.795674, GCV=8.726503e-10, AIC = -1.655735
  Model addition step  11: Added term 2 0 1 -- RMS=1.604189, GCV=6.965543e-10, AIC = -1.881226
  Model addition step  12: Added term 3 0 0 -- RMS=1.515120, GCV=6.214366e-10, AIC = -1.995439
  Model addition step  13: Added term 2 0 2 -- RMS=1.448338, GCV=5.679388e-10, AIC = -2.085561
  Model addition step  14: Added term 0 2 2 -- RMS=1.372476, GCV=5.100702e-10, AIC = -2.193128
  Model addition step  15: Added term 0 2 0 -- RMS=1.241619, GCV=4.174996e-10, AIC = -2.393494
  Model addition step  16: Added term 0 1 2 -- RMS=1.131578, GCV=3.468220e-10, AIC = -2.579067
  Model addition step  17: Added term 1 0 0 -- RMS=0.983844, GCV=2.622098e-10, AIC = -2.858836
  Model addition step  18: Added term 0 1 1 -- RMS=0.887373, GCV=2.133376e-10, AIC = -3.065206
  Model addition step  19: Added term 0 0 3 -- RMS=0.816762, GCV=1.807610e-10, AIC = -3.231008
  Model addition step  20: Added term 3 1 0 -- RMS=0.778736, GCV=1.643438e-10, AIC = -3.326324
  Model addition step  21: Added term 0 2 1 -- RMS=0.736873, GCV=1.471692e-10, AIC = -3.436804
  Model addition step  22: Added term 1 0 3 -- RMS=0.696893, GCV=1.316507e-10, AIC = -3.548336
Change in error: 0.019665. No more terms added.
   23 polynomial terms were written for deltscap9
deltscap10
  RMS fit error of the full model is: 0.665696 mm
  maximum moment arm: 32.487132 mm
  maximum error allowed: 3.248713 mm
  Model addition step   1: Added term 0 0 0 -- RMS=18.292385, GCV=9.044772e-08, AIC = 2.986170
  Model addition step   2: Added term 0 1 0 -- RMS=12.579089, GCV=4.277737e-08, AIC = 2.237306
  Model addition step   3: Added term 1 0 1 -- RMS=7.690998, GCV=1.599336e-08, AIC = 1.253369
  Model addition step   4: Added term 1 0 0 -- RMS=6.402672, GCV=1.108551e-08, AIC = 0.886732
  Model addition step   5: Added term 0 0 1 -- RMS=4.382492, GCV=5.194384e-09, AIC = 0.128570
  Model addition step   6: Added term 0 0 2 -- RMS=3.689351, GCV=3.681717e-09, AIC = -0.215730
  Model addition step   7: Added term 1 1 0 -- RMS=3.225783, GCV=2.815007e-09, AIC = -0.484246
  Model addition step   8: Added term 2 1 0 -- RMS=2.538559, GCV=1.743583e-09, AIC = -0.963370
  Model addition step   9: Added term 1 1 1 -- RMS=2.199206, GCV=1.308755e-09, AIC = -1.250337
  Model addition step  10: Added term 0 1 2 -- RMS=1.890546, GCV=9.672975e-10, AIC = -1.552764
  Model addition step  11: Added term 2 2 0 -- RMS=1.516853, GCV=6.227746e-10, AIC = -1.993187
  Model addition step  12: Added term 2 0 1 -- RMS=1.416680, GCV=5.433083e-10, AIC = -2.129796
  Model addition step  13: Added term 0 2 0 -- RMS=1.316870, GCV=4.695127e-10, AIC = -2.275879
  Model addition step  14: Added term 0 2 2 -- RMS=1.181843, GCV=3.782158e-10, AIC = -2.492211
  Model addition step  15: Added term 0 1 1 -- RMS=1.106322, GCV=3.314681e-10, AIC = -2.624246
  Model addition step  16: Added term 0 2 1 -- RMS=1.019221, GCV=2.813679e-10, AIC = -2.788216
  Model addition step  17: Added term 1 0 3 -- RMS=0.947056, GCV=2.429675e-10, AIC = -2.935053
  Model addition step  18: Added term 1 0 2 -- RMS=0.879711, GCV=2.096697e-10, AIC = -3.082549
  Model addition step  19: Added term 3 1 0 -- RMS=0.839346, GCV=1.908957e-10, AIC = -3.176457
  Model addition step  20: Added term 0 3 0 -- RMS=0.809290, GCV=1.774930e-10, AIC = -3.249354
  Model addition step  21: Added term 0 4 0 -- RMS=0.753215, GCV=1.537692e-10, AIC = -3.392934
  Model addition step  22: Added term 0 3 1 -- RMS=0.738018, GCV=1.476468e-10, AIC = -3.433665
  Model addition step  23: Added term 0 0 3 -- RMS=0.719363, GCV=1.402962e-10, AIC = -3.484834
Change in error: 0.007739. No more terms added.
   24 polynomial terms were written for deltscap10
deltscap11
  RMS fit error of the full model is: 0.584989 mm
  maximum moment arm: 31.709819 mm
  maximum error allowed: 3.170982 mm
  Model addition step   1: Added term 0 0 0 -- RMS=17.470729, GCV=8.250476e-08, AIC = 2.894254
  Model addition step   2: Added term 0 1 0 -- RMS=9.734734, GCV=2.561910e-08, AIC = 1.724634
  Model addition step   3: Added term 1 0 1 -- RMS=7.343592, GCV=1.458114e-08, AIC = 1.160924
  Model addition step   4: Added term 0 0 2 -- RMS=5.280181, GCV=7.539295e-09, AIC = 0.501222
  Model addition step   5: Added term 2 0 0 -- RMS=3.847021, GCV=4.002588e-09, AIC = -0.132067
  Model addition step   6: Added term 0 1 2 -- RMS=2.578179, GCV=1.797946e-09, AIC = -0.932464
  Model addition step   7: Added term 0 0 1 -- RMS=2.180501, GCV=1.286239e-09, AIC = -1.267488
  Model addition step   8: Added term 2 1 0 -- RMS=1.853871, GCV=9.298802e-10, AIC = -1.592012
  Model addition step   9: Added term 0 2 2 -- RMS=1.593478, GCV=6.870979e-10, AIC = -1.894692
  Model addition step  10: Added term 1 1 1 -- RMS=1.266998, GCV=4.344475e-10, AIC = -2.353195
  Model addition step  11: Added term 1 2 1 -- RMS=1.158794, GCV=3.634597e-10, AIC = -2.531703
  Model addition step  12: Added term 0 1 1 -- RMS=1.085782, GCV=3.191450e-10, AIC = -2.661827
  Model addition step  13: Added term 0 2 0 -- RMS=0.978204, GCV=2.590721e-10, AIC = -2.870468
  Model addition step  14: Added term 1 0 0 -- RMS=0.899530, GCV=2.191048e-10, AIC = -3.038126
  Model addition step  15: Added term 0 3 0 -- RMS=0.844289, GCV=1.930462e-10, AIC = -3.164848
  Model addition step  16: Added term 1 0 2 -- RMS=0.799711, GCV=1.732223e-10, AIC = -3.273303
  Model addition step  17: Added term 1 2 0 -- RMS=0.740348, GCV=1.484801e-10, AIC = -3.427530
  Model addition step  18: Added term 1 1 2 -- RMS=0.718659, GCV=1.399269e-10, AIC = -3.486962
  Model addition step  19: Added term 1 0 3 -- RMS=0.694556, GCV=1.307158e-10, AIC = -3.555158
  Model addition step  20: Added term 3 0 0 -- RMS=0.676532, GCV=1.240365e-10, AIC = -3.607709
  Model addition step  21: Added term 0 0 3 -- RMS=0.661635, GCV=1.186503e-10, AIC = -3.652206
Change in error: 0.019049. No more terms added.
   22 polynomial terms were written for deltscap11
deltclav1
  RMS fit error of the full model is: 1.106634 mm
  maximum moment arm: 36.219896 mm
  maximum error allowed: 3.621990 mm
  Model addition step   1: Added term 0 0 0 0 0 0 -- RMS=20.473497, GCV=1.982801e-07, AIC = 3.771064
  Model addition step   2: Added term 1 0 0 0 0 1 -- RMS=17.398039, GCV=1.432037e-07, AIC = 3.445536
  Model addition step   3: Added term 0 0 1 0 0 0 -- RMS=14.587004, GCV=1.006803e-07, AIC = 3.093102
  Model addition step   4: Added term 0 0 0 1 0 0 -- RMS=12.597156, GCV=7.509588e-08, AIC = 2.799801
  Model addition step   5: Added term 1 0 0 0 2 0 -- RMS=10.256818, GCV=4.979149e-08, AIC = 2.388764
  Model addition step   6: Added term 0 1 0 0 0 0 -- RMS=7.234902, GCV=2.477729e-08, AIC = 1.690732
  Model addition step   7: Added term 1 1 0 0 0 0 -- RMS=5.950477, GCV=1.676296e-08, AIC = 1.299860
  Model addition step   8: Added term 1 0 0 1 1 0 -- RMS=5.497033, GCV=1.430746e-08, AIC = 1.141354
  Model addition step   9: Added term 0 0 0 0 0 1 -- RMS=5.068619, GCV=1.216589e-08, AIC = 0.979092
  Model addition step  10: Added term 2 0 0 0 0 0 -- RMS=4.662826, GCV=1.029727e-08, AIC = 0.812219
  Model addition step  11: Added term 1 0 1 0 0 0 -- RMS=4.477133, GCV=9.494718e-09, AIC = 0.730960
  Model addition step  12: Added term 1 0 1 0 2 0 -- RMS=4.244344, GCV=8.534183e-09, AIC = 0.624188
  Model addition step  13: Added term 0 1 0 0 1 0 -- RMS=4.053936, GCV=7.786698e-09, AIC = 0.532409
  Model addition step  14: Added term 0 2 0 0 1 0 -- RMS=3.879085, GCV=7.130451e-09, AIC = 0.444251
  Model addition step  15: Added term 1 0 0 0 0 2 -- RMS=3.718915, GCV=6.554653e-09, AIC = 0.359936
  Model addition step  16: Added term 2 0 0 0 1 1 -- RMS=3.493586, GCV=5.785204e-09, AIC = 0.234948
  Model addition step  17: Added term 2 0 0 1 0 0 -- RMS=3.343458, GCV=5.299395e-09, AIC = 0.147121
  Model addition step  18: Added term 0 0 0 1 0 1 -- RMS=3.249960, GCV=5.007828e-09, AIC = 0.090415
Change in error: 0.019330. No more terms added.
   19 polynomial terms were written for deltclav1
deltclav2
  RMS fit error of the full model is: 0.735091 mm
  maximum moment arm: 54.781244 mm
  maximum error allowed: 5.478124 mm
  Model addition step   1: Added term 0 0 0 0 0 0 -- RMS=28.915748, GCV=3.955158e-07, AIC = 4.461574
  Model addition step   2: Added term 1 0 0 0 0 1 -- RMS=24.605098, GCV=2.864204e-07, AIC = 4.138728
  Model addition step   3: Added term 0 0 1 0 0 0 -- RMS=19.876374, GCV=1.869333e-07, AIC = 3.711904
  Model addition step   4: Added term 0 1 0 0 0 0 -- RMS=16.439354, GCV=1.278912e-07, AIC = 3.332215
  Model addition step   5: Added term 0 0 0 1 0 0 -- RMS=13.242992, GCV=8.300458e-08, AIC = 2.899816
  Model addition step   6: Added term 2 0 0 0 2 0 -- RMS=10.660991, GCV=5.380017e-08, AIC = 2.466081
  Model addition step   7: Added term 1 1 0 0 0 0 -- RMS=8.576670, GCV=3.482448e-08, AIC = 2.031009
  Model addition step   8: Added term 0 0 0 1 1 1 -- RMS=7.765974, GCV=2.855603e-08, AIC = 1.832440
  Model addition step   9: Added term 0 0 0 0 0 2 -- RMS=7.115433, GCV=2.397548e-08, AIC = 1.657488
  Model addition step  10: Added term 0 0 0 0 1 0 -- RMS=6.847027, GCV=2.220381e-08, AIC = 1.580604
  Model addition step  11: Added term 1 0 0 1 1 0 -- RMS=6.328869, GCV=1.897293e-08, AIC = 1.423238
  Model addition step  12: Added term 1 0 0 0 2 0 -- RMS=5.952229, GCV=1.678418e-08, AIC = 1.300545
  Model addition step  13: Added term 3 0 0 0 1 0 -- RMS=5.605443, GCV=1.488742e-08, AIC = 1.180509
  Model addition step  14: Added term 0 0 0 0 0 1 -- RMS=5.194139, GCV=1.278455e-08, AIC = 1.028114
  Model addition step  15: Added term 1 0 1 0 0 0 -- RMS=4.919352, GCV=1.146919e-08, AIC = 0.919425
  Model addition step  16: Added term 0 0 1 0 1 0 -- RMS=4.555156, GCV=9.835182e-09, AIC = 0.765611
  Model addition step  17: Added term 0 2 0 0 1 0 -- RMS=4.191485, GCV=8.328572e-09, AIC = 0.599221
  Model addition step  18: Added term 0 0 0 1 0 1 -- RMS=3.916461, GCV=7.272453e-09, AIC = 0.463506
  Model addition step  19: Added term 0 1 0 0 1 0 -- RMS=3.640085, GCV=6.283118e-09, AIC = 0.317163
  Model addition step  20: Added term 1 0 0 0 0 0 -- RMS=3.398224, GCV=5.476649e-09, AIC = 0.179674
  Model addition step  21: Added term 0 0 0 1 1 0 -- RMS=3.167335, GCV=4.758363e-09, AIC = 0.038968
  Model addition step  22: Added term 1 0 1 0 2 0 -- RMS=2.991311, GCV=4.244744e-09, AIC = -0.075370
  Model addition step  23: Added term 0 0 0 2 1 0 -- RMS=2.826510, GCV=3.790429e-09, AIC = -0.188688
  Model addition step  24: Added term 0 2 1 0 0 0 -- RMS=2.683569, GCV=3.417209e-09, AIC = -0.292459
  Model addition step  25: Added term 2 1 0 0 1 0 -- RMS=2.534610, GCV=3.048787e-09, AIC = -0.406656
  Model addition step  26: Added term 1 0 1 1 0 1 -- RMS=2.436309, GCV=2.817268e-09, AIC = -0.485748
  Model addition step  27: Added term 0 1 0 1 0 1 -- RMS=2.315528, GCV=2.545203e-09, AIC = -0.587421
  Model addition step  28: Added term 1 0 0 2 0 1 -- RMS=2.217505, GCV=2.334589e-09, AIC = -0.673912
  Model addition step  29: Added term 1 2 0 0 1 0 -- RMS=2.149932, GCV=2.194771e-09, AIC = -0.735786
  Model addition step  30: Added term 1 2 1 0 0 0 -- RMS=2.063372, GCV=2.021872e-09, AIC = -0.817956
  Model addition step  31: Added term 2 0 0 2 0 0 -- RMS=2.006235, GCV=1.911706e-09, AIC = -0.874100
  Model addition step  32: Added term 2 0 0 1 0 1 -- RMS=1.935907, GCV=1.780268e-09, AIC = -0.945448
  Model addition step  33: Added term 0 1 0 0 2 0 -- RMS=1.877866, GCV=1.675346e-09, AIC = -1.006309
  Model addition step  34: Added term 0 2 0 0 0 0 -- RMS=1.822249, GCV=1.577791e-09, AIC = -1.066419
  Model addition step  35: Added term 3 0 0 0 0 1 -- RMS=1.771086, GCV=1.490637e-09, AIC = -1.123357
Change in error: 0.019687. No more terms added.
   36 polynomial terms were written for deltclav2
deltclav3
  RMS fit error of the full model is: 0.859997 mm
  maximum moment arm: 49.022528 mm
  maximum error allowed: 4.902253 mm
  Model addition step   1: Added term 0 0 0 0 0 0 -- RMS=26.150795, GCV=3.234929e-07, AIC = 4.260561
  Model addition step   2: Added term 1 0 0 0 0 1 -- RMS=22.363330, GCV=2.366065e-07, AIC = 3.947666
  Model addition step   3: Added term 0 0 1 0 0 0 -- RMS=18.171206, GCV=1.562356e-07, AIC = 3.532516
  Model addition step   4: Added term 0 1 0 0 0 0 -- RMS=15.154368, GCV=1.086793e-07, AIC = 3.169437
  Model addition step   5: Added term 0 0 0 1 0 0 -- RMS=12.205824, GCV=7.051216e-08, AIC = 2.736705
  Model addition step   6: Added term 2 0 0 0 2 0 -- RMS=9.296454, GCV=4.090941e-08, AIC = 2.192164
  Model addition step   7: Added term 1 1 0 0 0 0 -- RMS=7.416540, GCV=2.604054e-08, AIC = 1.740343
  Model addition step   8: Added term 1 0 0 1 1 0 -- RMS=6.672702, GCV=2.108188e-08, AIC = 1.528986
  Model addition step   9: Added term 0 0 0 0 0 2 -- RMS=6.331046, GCV=1.898085e-08, AIC = 1.423887
  Model addition step  10: Added term 0 0 0 1 0 1 -- RMS=5.863781, GCV=1.628467e-08, AIC = 1.270564
  Model addition step  11: Added term 0 0 0 0 1 0 -- RMS=5.636779, GCV=1.505027e-08, AIC = 1.191620
  Model addition step  12: Added term 1 0 0 0 2 0 -- RMS=5.295679, GCV=1.328569e-08, AIC = 1.066796
  Model addition step  13: Added term 3 0 0 0 1 0 -- RMS=4.889052, GCV=1.132528e-08, AIC = 0.907030
  Model addition step  14: Added term 0 0 0 0 0 1 -- RMS=4.554361, GCV=9.829088e-09, AIC = 0.765223
  Model addition step  15: Added term 0 2 0 0 1 0 -- RMS=4.317185, GCV=8.833205e-09, AIC = 0.658279
  Model addition step  16: Added term 1 0 1 0 0 0 -- RMS=4.019189, GCV=7.656897e-09, AIC = 0.515251
  Model addition step  17: Added term 0 0 1 0 1 0 -- RMS=3.661491, GCV=6.355512e-09, AIC = 0.328851
  Model addition step  18: Added term 0 1 0 0 1 0 -- RMS=3.407321, GCV=5.504518e-09, AIC = 0.184982
  Model addition step  19: Added term 1 0 0 0 0 0 -- RMS=3.127902, GCV=4.639363e-09, AIC = 0.013874
  Model addition step  20: Added term 0 0 0 1 1 0 -- RMS=2.932538, GCV=4.078477e-09, AIC = -0.115096
  Model addition step  21: Added term 1 1 0 0 1 0 -- RMS=2.779360, GCV=3.664033e-09, AIC = -0.222371
  Model addition step  22: Added term 0 0 0 2 1 0 -- RMS=2.642685, GCV=3.312982e-09, AIC = -0.323203
  Model addition step  23: Added term 0 2 1 0 0 0 -- RMS=2.503376, GCV=2.973305e-09, AIC = -0.431493
  Model addition step  24: Added term 1 0 1 1 1 0 -- RMS=2.383355, GCV=2.695401e-09, AIC = -0.529737
  Model addition step  25: Added term 0 1 0 1 1 0 -- RMS=2.266460, GCV=2.437815e-09, AIC = -0.630297
  Model addition step  26: Added term 1 0 0 2 0 0 -- RMS=2.203963, GCV=2.305538e-09, AIC = -0.686202
  Model addition step  27: Added term 1 2 0 0 1 0 -- RMS=2.139689, GCV=2.173319e-09, AIC = -0.745376
  Model addition step  28: Added term 1 2 1 0 0 0 -- RMS=2.080635, GCV=2.055290e-09, AIC = -0.801331
  Model addition step  29: Added term 2 0 0 1 0 1 -- RMS=2.028196, GCV=1.953260e-09, AIC = -0.852364
  Model addition step  30: Added term 1 0 0 2 0 1 -- RMS=1.965197, GCV=1.834049e-09, AIC = -0.915454
  Model addition step  31: Added term 1 0 1 0 2 0 -- RMS=1.914611, GCV=1.741079e-09, AIC = -0.967591
  Model addition step  32: Added term 0 0 0 0 0 3 -- RMS=1.868641, GCV=1.658702e-09, AIC = -1.016177
  Model addition step  33: Added term 0 2 0 0 0 0 -- RMS=1.825929, GCV=1.583955e-09, AIC = -1.062403
Change in error: 0.019860. No more terms added.
   34 polynomial terms were written for deltclav3
deltclav4
  RMS fit error of the full model is: 0.768278 mm
  maximum moment arm: 53.234227 mm
  maximum error allowed: 5.323423 mm
  Model addition step   1: Added term 0 0 0 0 0 0 -- RMS=28.217873, GCV=3.766548e-07, AIC = 4.412712
  Model addition step   2: Added term 1 0 0 0 0 1 -- RMS=24.016059, GCV=2.728709e-07, AIC = 4.090266
  Model addition step   3: Added term 0 0 1 0 0 0 -- RMS=19.409227, GCV=1.782497e-07, AIC = 3.664337
  Model addition step   4: Added term 0 1 0 0 0 0 -- RMS=16.075534, GCV=1.222931e-07, AIC = 3.287456
  Model addition step   5: Added term 0 0 0 1 0 0 -- RMS=12.970244, GCV=7.962072e-08, AIC = 2.858194
  Model addition step   6: Added term 2 0 0 0 2 0 -- RMS=10.341851, GCV=5.062734e-08, AIC = 2.405296
  Model addition step   7: Added term 1 1 0 0 0 0 -- RMS=8.306506, GCV=3.266510e-08, AIC = 1.966995
  Model addition step   8: Added term 1 0 0 1 2 0 -- RMS=7.519132, GCV=2.676957e-08, AIC = 1.767838
  Model addition step   9: Added term 0 0 0 0 0 2 -- RMS=7.086412, GCV=2.378031e-08, AIC = 1.649314
  Model addition step  10: Added term 0 0 0 1 0 1 -- RMS=6.454007, GCV=1.972796e-08, AIC = 1.462377
  Model addition step  11: Added term 0 0 0 0 1 0 -- RMS=6.105070, GCV=1.765482e-08, AIC = 1.351233
  Model addition step  12: Added term 0 0 1 0 3 0 -- RMS=5.825640, GCV=1.607786e-08, AIC = 1.257552
  Model addition step  13: Added term 1 0 0 1 1 0 -- RMS=5.557483, GCV=1.463376e-08, AIC = 1.163324
  Model addition step  14: Added term 0 2 0 0 2 0 -- RMS=5.304083, GCV=1.333150e-08, AIC = 1.070006
  Model addition step  15: Added term 1 0 1 0 0 0 -- RMS=5.095491, GCV=1.230522e-08, AIC = 0.989784
  Model addition step  16: Added term 1 0 0 0 0 0 -- RMS=4.807065, GCV=1.095307e-08, AIC = 0.873264
  Model addition step  17: Added term 0 0 0 0 0 1 -- RMS=4.438804, GCV=9.340424e-09, AIC = 0.713880
  Model addition step  18: Added term 0 1 0 0 1 0 -- RMS=4.145103, GCV=8.146368e-09, AIC = 0.576985
  Model addition step  19: Added term 1 0 0 1 0 0 -- RMS=3.946316, GCV=7.384752e-09, AIC = 0.478714
  Model addition step  20: Added term 1 0 0 0 2 0 -- RMS=3.575552, GCV=6.063132e-09, AIC = 0.281407
  Model addition step  21: Added term 2 0 1 0 1 0 -- RMS=3.201641, GCV=4.861999e-09, AIC = 0.060514
  Model addition step  22: Added term 3 0 0 0 1 0 -- RMS=2.998201, GCV=4.264322e-09, AIC = -0.070768
  Model addition step  23: Added term 0 2 0 0 1 0 -- RMS=2.879217, GCV=3.933109e-09, AIC = -0.151737
  Model addition step  24: Added term 0 2 1 0 0 0 -- RMS=2.696384, GCV=3.449923e-09, AIC = -0.282932
  Model addition step  25: Added term 0 0 0 2 1 0 -- RMS=2.580394, GCV=3.159924e-09, AIC = -0.370851
  Model addition step  26: Added term 1 2 0 0 1 0 -- RMS=2.481805, GCV=2.923471e-09, AIC = -0.448744
  Model addition step  27: Added term 1 0 1 1 0 1 -- RMS=2.381360, GCV=2.691984e-09, AIC = -0.531353
  Model addition step  28: Added term 0 1 0 1 0 1 -- RMS=2.269214, GCV=2.444737e-09, AIC = -0.627810
  Model addition step  29: Added term 1 0 0 2 0 1 -- RMS=2.199982, GCV=2.298149e-09, AIC = -0.689760
  Model addition step  30: Added term 2 0 0 1 0 1 -- RMS=2.132165, GCV=2.158938e-09, AIC = -0.752363
  Model addition step  31: Added term 1 2 1 0 0 0 -- RMS=2.063165, GCV=2.021740e-09, AIC = -0.818137
  Model addition step  32: Added term 1 0 0 0 3 0 -- RMS=2.008926, GCV=1.917099e-09, AIC = -0.871399
  Model addition step  33: Added term 1 1 0 0 1 0 -- RMS=1.962067, GCV=1.828955e-09, AIC = -0.918583
  Model addition step  34: Added term 0 1 0 0 3 0 -- RMS=1.882310, GCV=1.683513e-09, AIC = -1.001562
  Model addition step  35: Added term 0 0 1 0 2 0 -- RMS=1.843530, GCV=1.615077e-09, AIC = -1.043178
Change in error: 0.014941. No more terms added.
   36 polynomial terms were written for deltclav4
coracobr1
  RMS fit error of the full model is: 0.121501 mm
  maximum moment arm: 37.060348 mm
  maximum error allowed: 3.706035 mm
  Model addition step   1: Added term 0 0 0 -- RMS=20.529126, GCV=1.139194e-07, AIC = 3.216889
  Model addition step   2: Added term 0 0 1 -- RMS=12.395794, GCV=4.153980e-08, AIC = 2.207948
  Model addition step   3: Added term 1 1 0 -- RMS=5.723471, GCV=8.857137e-09, AIC = 0.662419
  Model addition step   4: Added term 1 0 0 -- RMS=5.022318, GCV=6.820896e-09, AIC = 0.401084
  Model addition step   5: Added term 0 4 0 -- RMS=4.522903, GCV=5.532561e-09, AIC = 0.191643
  Model addition step   6: Added term 0 1 0 -- RMS=3.196359, GCV=2.763514e-09, AIC = -0.502606
  Model addition step   7: Added term 0 2 0 -- RMS=2.635290, GCV=1.878737e-09, AIC = -0.888611
  Model addition step   8: Added term 0 0 2 -- RMS=2.208980, GCV=1.320235e-09, AIC = -1.241502
  Model addition step   9: Added term 1 3 0 -- RMS=1.738916, GCV=8.182460e-10, AIC = -1.720006
  Model addition step  10: Added term 1 0 1 -- RMS=1.375054, GCV=5.117113e-10, AIC = -2.189510
  Model addition step  11: Added term 2 0 1 -- RMS=0.983322, GCV=2.617189e-10, AIC = -2.860100
  Model addition step  12: Added term 2 2 0 -- RMS=0.790208, GCV=1.690386e-10, AIC = -3.297346
  Model addition step  13: Added term 1 2 0 -- RMS=0.713546, GCV=1.378498e-10, AIC = -3.501410
  Model addition step  14: Added term 1 1 2 -- RMS=0.630861, GCV=1.077676e-10, AIC = -3.747699
  Model addition step  15: Added term 0 0 3 -- RMS=0.511193, GCV=7.076992e-11, AIC = -4.168343
  Model addition step  16: Added term 3 1 0 -- RMS=0.387903, GCV=4.075538e-11, AIC = -4.720291
  Model addition step  17: Added term 1 2 1 -- RMS=0.332504, GCV=2.994963e-11, AIC = -5.028464
  Model addition step  18: Added term 2 1 0 -- RMS=0.287668, GCV=2.242010e-11, AIC = -5.318124
  Model addition step  19: Added term 3 0 0 -- RMS=0.258994, GCV=1.817579e-11, AIC = -5.528093
  Model addition step  20: Added term 0 2 2 -- RMS=0.235426, GCV=1.502043e-11, AIC = -5.718874
  Model addition step  21: Added term 0 1 2 -- RMS=0.175220, GCV=8.321442e-12, AIC = -6.309551
  Model addition step  22: Added term 2 1 1 -- RMS=0.156258, GCV=6.618721e-12, AIC = -6.538586
  Model addition step  23: Added term 0 3 0 -- RMS=0.149230, GCV=6.037582e-12, AIC = -6.630586
  Model addition step  24: Added term 4 0 0 -- RMS=0.144694, GCV=5.676908e-12, AIC = -6.692285
  Model addition step  25: Added term 0 1 3 -- RMS=0.140469, GCV=5.350926e-12, AIC = -6.751523
Change in error: 0.016975. No more terms added.
   26 polynomial terms were written for coracobr1
coracobr2
  RMS fit error of the full model is: 0.154262 mm
  maximum moment arm: 38.789262 mm
  maximum error allowed: 3.878926 mm
  Model addition step   1: Added term 0 0 0 -- RMS=22.106357, GCV=1.320965e-07, AIC = 3.364931
  Model addition step   2: Added term 0 0 1 -- RMS=13.759272, GCV=5.118074e-08, AIC = 2.416660
  Model addition step   3: Added term 1 1 0 -- RMS=8.915077, GCV=2.148941e-08, AIC = 1.548755
  Model addition step   4: Added term 0 1 0 -- RMS=4.750882, GCV=6.103538e-09, AIC = 0.289962
  Model addition step   5: Added term 0 3 0 -- RMS=3.040907, GCV=2.500911e-09, AIC = -0.602353
  Model addition step   6: Added term 1 0 2 -- RMS=2.587670, GCV=1.811208e-09, AIC = -0.925115
  Model addition step   7: Added term 1 3 0 -- RMS=2.247368, GCV=1.366337e-09, AIC = -1.207077
  Model addition step   8: Added term 0 0 3 -- RMS=1.976508, GCV=1.056976e-09, AIC = -1.463900
  Model addition step   9: Added term 0 2 0 -- RMS=1.797516, GCV=8.743239e-10, AIC = -1.653718
  Model addition step  10: Added term 1 0 1 -- RMS=1.640207, GCV=7.280860e-10, AIC = -1.836851
  Model addition step  11: Added term 0 0 2 -- RMS=1.470345, GCV=5.851705e-10, AIC = -2.055468
  Model addition step  12: Added term 3 0 1 -- RMS=1.294440, GCV=4.535933e-10, AIC = -2.310272
  Model addition step  13: Added term 2 0 1 -- RMS=1.120059, GCV=3.396589e-10, AIC = -2.599633
  Model addition step  14: Added term 2 1 0 -- RMS=0.682064, GCV=1.259708e-10, AIC = -3.591626
  Model addition step  15: Added term 3 0 0 -- RMS=0.571807, GCV=8.854771e-11, AIC = -3.944236
  Model addition step  16: Added term 1 1 2 -- RMS=0.481430, GCV=6.277740e-11, AIC = -4.288284
  Model addition step  17: Added term 3 1 0 -- RMS=0.435276, GCV=5.132464e-11, AIC = -4.489809
  Model addition step  18: Added term 1 0 0 -- RMS=0.345494, GCV=3.233964e-11, AIC = -4.951788
  Model addition step  19: Added term 0 1 2 -- RMS=0.297368, GCV=2.396092e-11, AIC = -5.251759
  Model addition step  20: Added term 0 3 1 -- RMS=0.262488, GCV=1.867200e-11, AIC = -5.501260
  Model addition step  21: Added term 1 2 1 -- RMS=0.236883, GCV=1.520891e-11, AIC = -5.706505
  Model addition step  22: Added term 2 1 1 -- RMS=0.224588, GCV=1.367294e-11, AIC = -5.813069
  Model addition step  23: Added term 0 1 1 -- RMS=0.204276, GCV=1.131311e-11, AIC = -6.002628
  Model addition step  24: Added term 1 2 0 -- RMS=0.185190, GCV=9.299153e-12, AIC = -6.198768
  Model addition step  25: Added term 0 2 2 -- RMS=0.176689, GCV=8.466103e-12, AIC = -6.292723
  Model addition step  26: Added term 0 4 0 -- RMS=0.169779, GCV=7.817957e-12, AIC = -6.372471
  Model addition step  27: Added term 1 1 1 -- RMS=0.164031, GCV=7.298567e-12, AIC = -6.441318
Change in error: 0.015144. No more terms added.
   28 polynomial terms were written for coracobr2
coracobr3
  RMS fit error of the full model is: 0.139081 mm
  maximum moment arm: 42.920578 mm
  maximum error allowed: 4.292058 mm
  Model addition step   1: Added term 0 0 0 -- RMS=23.890518, GCV=1.542795e-07, AIC = 3.520163
  Model addition step   2: Added term 0 0 1 -- RMS=14.247336, GCV=5.487607e-08, AIC = 2.486374
  Model addition step   3: Added term 1 1 0 -- RMS=6.141166, GCV=1.019709e-08, AIC = 0.803297
  Model addition step   4: Added term 1 0 0 -- RMS=5.479539, GCV=8.119347e-09, AIC = 0.575343
  Model addition step   5: Added term 2 0 0 -- RMS=5.136726, GCV=7.136159e-09, AIC = 0.446167
  Model addition step   6: Added term 0 4 0 -- RMS=4.883876, GCV=6.451784e-09, AIC = 0.345247
  Model addition step   7: Added term 0 1 0 -- RMS=3.253590, GCV=2.863748e-09, AIC = -0.467079
  Model addition step   8: Added term 0 2 0 -- RMS=2.820566, GCV=2.152487e-09, AIC = -0.752688
  Model addition step   9: Added term 0 0 2 -- RMS=2.346683, GCV=1.490169e-09, AIC = -1.120524
  Model addition step  10: Added term 1 3 0 -- RMS=1.835623, GCV=9.119111e-10, AIC = -1.611728
  Model addition step  11: Added term 1 0 2 -- RMS=1.515632, GCV=6.217729e-10, AIC = -1.994797
  Model addition step  12: Added term 2 0 1 -- RMS=1.400934, GCV=5.312983e-10, AIC = -2.152149
  Model addition step  13: Added term 1 0 1 -- RMS=1.106075, GCV=3.312305e-10, AIC = -2.624760
  Model addition step  14: Added term 2 2 0 -- RMS=0.863717, GCV=2.020053e-10, AIC = -3.119382
  Model addition step  15: Added term 0 0 3 -- RMS=0.720509, GCV=1.405910e-10, AIC = -3.481922
  Model addition step  16: Added term 3 0 0 -- RMS=0.606139, GCV=9.951368e-11, AIC = -3.827584
  Model addition step  17: Added term 1 2 0 -- RMS=0.510873, GCV=7.070036e-11, AIC = -4.169530
  Model addition step  18: Added term 1 1 2 -- RMS=0.411328, GCV=4.583865e-11, AIC = -4.602954
  Model addition step  19: Added term 3 1 0 -- RMS=0.336014, GCV=3.059342e-11, AIC = -5.007399
  Model addition step  20: Added term 1 1 1 -- RMS=0.282795, GCV=2.167284e-11, AIC = -5.352225
  Model addition step  21: Added term 2 1 0 -- RMS=0.254924, GCV=1.761381e-11, AIC = -5.559703
  Model addition step  22: Added term 0 3 1 -- RMS=0.231452, GCV=1.452158e-11, AIC = -5.752853
  Model addition step  23: Added term 0 2 1 -- RMS=0.211809, GCV=1.216295e-11, AIC = -5.930195
  Model addition step  24: Added term 3 0 1 -- RMS=0.199843, GCV=1.082892e-11, AIC = -6.046471
  Model addition step  25: Added term 0 1 1 -- RMS=0.190166, GCV=9.806952e-12, AIC = -6.145701
  Model addition step  26: Added term 0 3 0 -- RMS=0.185377, GCV=9.320495e-12, AIC = -6.196679
Change in error: 0.016578. No more terms added.
   27 polynomial terms were written for coracobr3
infra1
  RMS fit error of the full model is: 0.021437 mm
  maximum moment arm: 21.673826 mm
  maximum error allowed: 2.167383 mm
  Model addition step   1: Added term 0 0 0 -- RMS=9.979548, GCV=2.692023e-08, AIC = 1.774276
  Model addition step   2: Added term 1 0 0 -- RMS=6.817165, GCV=1.256387e-08, AIC = 1.012121
  Model addition step   3: Added term 0 2 0 -- RMS=4.898590, GCV=6.488086e-09, AIC = 0.351163
  Model addition step   4: Added term 0 2 1 -- RMS=3.198287, GCV=2.766100e-09, AIC = -0.501468
  Model addition step   5: Added term 2 0 0 -- RMS=2.621336, GCV=1.858391e-09, AIC = -0.899297
  Model addition step   6: Added term 0 0 1 -- RMS=2.293980, GCV=1.423409e-09, AIC = -1.166054
  Model addition step   7: Added term 0 1 1 -- RMS=2.041244, GCV=1.127195e-09, AIC = -1.399478
  Model addition step   8: Added term 1 0 1 -- RMS=1.623019, GCV=7.127135e-10, AIC = -1.857988
  Model addition step   9: Added term 0 0 3 -- RMS=1.192432, GCV=3.847634e-10, AIC = -2.474540
  Model addition step  10: Added term 1 3 0 -- RMS=0.992908, GCV=2.668106e-10, AIC = -2.840731
  Model addition step  11: Added term 3 0 0 -- RMS=0.899573, GCV=2.190366e-10, AIC = -3.038133
  Model addition step  12: Added term 1 0 2 -- RMS=0.805046, GCV=1.754464e-10, AIC = -3.260140
  Model addition step  13: Added term 0 0 2 -- RMS=0.679341, GCV=1.249503e-10, AIC = -3.599658
  Model addition step  14: Added term 0 1 0 -- RMS=0.553830, GCV=8.305632e-11, AIC = -4.008157
  Model addition step  15: Added term 2 0 1 -- RMS=0.427199, GCV=4.942413e-11, AIC = -4.527339
  Model addition step  16: Added term 2 2 0 -- RMS=0.374274, GCV=3.794173e-11, AIC = -4.791827
  Model addition step  17: Added term 1 2 0 -- RMS=0.309991, GCV=2.603119e-11, AIC = -5.168685
  Model addition step  18: Added term 1 1 2 -- RMS=0.253338, GCV=1.738823e-11, AIC = -5.572289
  Model addition step  19: Added term 2 1 1 -- RMS=0.218731, GCV=1.296384e-11, AIC = -5.866020
  Model addition step  20: Added term 0 1 2 -- RMS=0.188586, GCV=9.638139e-12, AIC = -6.162557
  Model addition step  21: Added term 0 1 3 -- RMS=0.162042, GCV=7.116859e-12, AIC = -6.465920
  Model addition step  22: Added term 1 2 1 -- RMS=0.112459, GCV=3.428303e-12, AIC = -7.196423
  Model addition step  23: Added term 0 4 0 -- RMS=0.096403, GCV=2.519590e-12, AIC = -7.504493
  Model addition step  24: Added term 2 1 0 -- RMS=0.086433, GCV=2.025655e-12, AIC = -7.722798
  Model addition step  25: Added term 1 1 0 -- RMS=0.075233, GCV=1.534908e-12, AIC = -8.000322
  Model addition step  26: Added term 4 0 0 -- RMS=0.065292, GCV=1.156227e-12, AIC = -8.283733
  Model addition step  27: Added term 1 0 3 -- RMS=0.056236, GCV=8.578526e-13, AIC = -8.582319
  Model addition step  28: Added term 0 3 1 -- RMS=0.052037, GCV=7.346162e-13, AIC = -8.737505
  Model addition step  29: Added term 1 1 1 -- RMS=0.027675, GCV=2.078152e-13, AIC = -10.000305
  Model addition step  30: Added term 0 2 2 -- RMS=0.025974, GCV=1.830789e-13, AIC = -10.127139
  Model addition step  31: Added term 0 0 4 -- RMS=0.024165, GCV=1.584861e-13, AIC = -10.271491
  Model addition step  32: Added term 3 1 0 -- RMS=0.022339, GCV=1.354533e-13, AIC = -10.428633
  Model addition step  33: Added term 2 0 2 -- RMS=0.021623, GCV=1.269284e-13, AIC = -10.493738
Change in error: 0.007657. No more terms added.
   34 polynomial terms were written for infra1
infra2
  RMS fit error of the full model is: 0.043021 mm
  maximum moment arm: 19.331056 mm
  maximum error allowed: 2.000000 mm
  Model addition step   1: Added term 0 0 0 -- RMS=8.755098, GCV=2.071949e-08, AIC = 1.512472
  Model addition step   2: Added term 1 0 0 -- RMS=6.807473, GCV=1.252817e-08, AIC = 1.009276
  Model addition step   3: Added term 0 2 0 -- RMS=4.622300, GCV=5.776844e-09, AIC = 0.235052
  Model addition step   4: Added term 0 0 1 -- RMS=4.136493, GCV=4.626980e-09, AIC = 0.012998
  Model addition step   5: Added term 1 0 1 -- RMS=3.675366, GCV=3.653365e-09, AIC = -0.223359
  Model addition step   6: Added term 0 2 1 -- RMS=2.141437, GCV=1.240398e-09, AIC = -1.303677
  Model addition step   7: Added term 4 0 0 -- RMS=1.840889, GCV=9.167782e-10, AIC = -1.606100
  Model addition step   8: Added term 0 1 3 -- RMS=1.541750, GCV=6.431255e-10, AIC = -1.960727
  Model addition step   9: Added term 1 1 0 -- RMS=1.376037, GCV=5.123739e-10, AIC = -2.188114
  Model addition step  10: Added term 0 1 1 -- RMS=1.215108, GCV=3.995902e-10, AIC = -2.436831
  Model addition step  11: Added term 1 0 2 -- RMS=1.095792, GCV=3.250126e-10, AIC = -2.643508
  Model addition step  12: Added term 0 1 0 -- RMS=0.988691, GCV=2.646207e-10, AIC = -2.849176
  Model addition step  13: Added term 1 2 0 -- RMS=0.847437, GCV=1.944357e-10, AIC = -3.157473
  Model addition step  14: Added term 2 0 0 -- RMS=0.776288, GCV=1.631799e-10, AIC = -3.332823
  Model addition step  15: Added term 2 1 0 -- RMS=0.569301, GCV=8.777348e-11, AIC = -3.953018
  Model addition step  16: Added term 1 1 2 -- RMS=0.441457, GCV=5.278561e-11, AIC = -4.461640
  Model addition step  17: Added term 0 1 2 -- RMS=0.358763, GCV=3.486686e-11, AIC = -4.876444
  Model addition step  18: Added term 0 0 2 -- RMS=0.319629, GCV=2.767887e-11, AIC = -5.107413
  Model addition step  19: Added term 3 1 0 -- RMS=0.275017, GCV=2.049426e-11, AIC = -5.408039
  Model addition step  20: Added term 2 0 1 -- RMS=0.215969, GCV=1.264028e-11, AIC = -5.891396
  Model addition step  21: Added term 0 4 0 -- RMS=0.176027, GCV=8.398299e-12, AIC = -6.300357
  Model addition step  22: Added term 1 2 1 -- RMS=0.153794, GCV=6.411656e-12, AIC = -6.570371
  Model addition step  23: Added term 0 0 3 -- RMS=0.131847, GCV=4.712923e-12, AIC = -6.878281
  Model addition step  24: Added term 2 1 1 -- RMS=0.109847, GCV=3.271774e-12, AIC = -7.243359
  Model addition step  25: Added term 1 0 3 -- RMS=0.099056, GCV=2.660907e-12, AIC = -7.450126
  Model addition step  26: Added term 2 0 2 -- RMS=0.093901, GCV=2.391469e-12, AIC = -7.556987
  Model addition step  27: Added term 3 0 1 -- RMS=0.086993, GCV=2.052836e-12, AIC = -7.709774
  Model addition step  28: Added term 2 2 0 -- RMS=0.077588, GCV=1.633194e-12, AIC = -7.938560
  Model addition step  29: Added term 3 0 0 -- RMS=0.059048, GCV=9.460391e-13, AIC = -8.484671
  Model addition step  30: Added term 0 3 1 -- RMS=0.056062, GCV=8.528971e-13, AIC = -8.588417
  Model addition step  31: Added term 1 1 1 -- RMS=0.046130, GCV=5.775428e-13, AIC = -8.978375
  Model addition step  32: Added term 0 3 0 -- RMS=0.043895, GCV=5.230147e-13, AIC = -9.077650
Change in error: 0.009506. No more terms added.
   33 polynomial terms were written for infra2
infra3
  RMS fit error of the full model is: 0.043580 mm
  maximum moment arm: 19.848542 mm
  maximum error allowed: 2.000000 mm
  Model addition step   1: Added term 0 0 0 -- RMS=9.249527, GCV=2.312576e-08, AIC = 1.622345
  Model addition step   2: Added term 1 0 0 -- RMS=7.212445, GCV=1.406309e-08, AIC = 1.124850
  Model addition step   3: Added term 0 2 0 -- RMS=4.867043, GCV=6.404788e-09, AIC = 0.338241
  Model addition step   4: Added term 0 0 1 -- RMS=4.421834, GCV=5.287347e-09, AIC = 0.146410
  Model addition step   5: Added term 0 2 2 -- RMS=3.975521, GCV=4.274446e-09, AIC = -0.066353
  Model addition step   6: Added term 1 0 1 -- RMS=2.536979, GCV=1.740941e-09, AIC = -0.964683
  Model addition step   7: Added term 0 1 1 -- RMS=2.017219, GCV=1.100818e-09, AIC = -1.423157
  Model addition step   8: Added term 0 1 0 -- RMS=1.616537, GCV=7.070320e-10, AIC = -1.865991
  Model addition step   9: Added term 3 0 0 -- RMS=1.265081, GCV=4.330750e-10, AIC = -2.356258
  Model addition step  10: Added term 1 3 0 -- RMS=1.114249, GCV=3.360079e-10, AIC = -2.610135
  Model addition step  11: Added term 2 0 0 -- RMS=0.909654, GCV=2.239736e-10, AIC = -3.015844
  Model addition step  12: Added term 1 0 2 -- RMS=0.765710, GCV=1.587198e-10, AIC = -3.360333
  Model addition step  13: Added term 0 1 2 -- RMS=0.582798, GCV=9.195988e-11, AIC = -3.906222
  Model addition step  14: Added term 2 0 1 -- RMS=0.494203, GCV=6.613485e-11, AIC = -4.235980
  Model addition step  15: Added term 2 2 0 -- RMS=0.441057, GCV=5.268274e-11, AIC = -4.463490
  Model addition step  16: Added term 1 2 0 -- RMS=0.315592, GCV=2.697673e-11, AIC = -5.132904
  Model addition step  17: Added term 1 1 2 -- RMS=0.252099, GCV=1.721624e-11, AIC = -5.582127
  Model addition step  18: Added term 1 2 1 -- RMS=0.235638, GCV=1.504341e-11, AIC = -5.717142
  Model addition step  19: Added term 0 0 2 -- RMS=0.213568, GCV=1.235905e-11, AIC = -5.913795
  Model addition step  20: Added term 3 1 0 -- RMS=0.189514, GCV=9.733243e-12, AIC = -6.152738
  Model addition step  21: Added term 0 4 0 -- RMS=0.170593, GCV=7.887774e-12, AIC = -6.363073
  Model addition step  22: Added term 2 1 1 -- RMS=0.153275, GCV=6.368410e-12, AIC = -6.577138
  Model addition step  23: Added term 4 0 0 -- RMS=0.144416, GCV=5.654274e-12, AIC = -6.696178
  Model addition step  24: Added term 1 1 0 -- RMS=0.122821, GCV=4.090292e-12, AIC = -7.020075
  Model addition step  25: Added term 2 1 0 -- RMS=0.111556, GCV=3.374855e-12, AIC = -7.212440
  Model addition step  26: Added term 0 0 3 -- RMS=0.099771, GCV=2.699801e-12, AIC = -7.435716
  Model addition step  27: Added term 0 1 3 -- RMS=0.090188, GCV=2.206405e-12, AIC = -7.637631
  Model addition step  28: Added term 1 0 3 -- RMS=0.078882, GCV=1.688094e-12, AIC = -7.905498
  Model addition step  29: Added term 2 0 2 -- RMS=0.065826, GCV=1.175684e-12, AIC = -8.267349
  Model addition step  30: Added term 3 0 1 -- RMS=0.061433, GCV=1.024154e-12, AIC = -8.405434
  Model addition step  31: Added term 1 1 1 -- RMS=0.056114, GCV=8.545960e-13, AIC = -8.586529
  Model addition step  32: Added term 0 3 0 -- RMS=0.054347, GCV=8.017248e-13, AIC = -8.650494
  Model addition step  33: Added term 0 2 1 -- RMS=0.053088, GCV=7.651246e-13, AIC = -8.697322
  Model addition step  34: Added term 0 3 1 -- RMS=0.044057, GCV=5.270259e-13, AIC = -9.070213
  35 polynomial terms were written for infra3
infra4
  RMS fit error of the full model is: 0.055258 mm
  maximum moment arm: 23.248686 mm
  maximum error allowed: 2.324869 mm
  Model addition step   1: Added term 0 0 0 -- RMS=11.586225, GCV=3.628615e-08, AIC = 2.072834
  Model addition step   2: Added term 0 1 0 -- RMS=8.243695, GCV=1.837213e-08, AIC = 1.392131
  Model addition step   3: Added term 1 0 0 -- RMS=5.203015, GCV=7.319552e-09, AIC = 0.471744
  Model addition step   4: Added term 1 1 1 -- RMS=4.508484, GCV=5.496599e-09, AIC = 0.185223
  Model addition step   5: Added term 0 2 2 -- RMS=3.921282, GCV=4.158607e-09, AIC = -0.093828
  Model addition step   6: Added term 0 0 1 -- RMS=3.429675, GCV=3.181680e-09, AIC = -0.361700
  Model addition step   7: Added term 1 0 1 -- RMS=2.811439, GCV=2.138289e-09, AIC = -0.759205
  Model addition step   8: Added term 0 2 0 -- RMS=2.195832, GCV=1.304566e-09, AIC = -1.253442
  Model addition step   9: Added term 0 1 1 -- RMS=1.771341, GCV=8.490460e-10, AIC = -1.683055
  Model addition step  10: Added term 3 0 0 -- RMS=1.422040, GCV=5.472790e-10, AIC = -2.122312
  Model addition step  11: Added term 0 1 2 -- RMS=1.179434, GCV=3.765231e-10, AIC = -2.496392
  Model addition step  12: Added term 1 3 0 -- RMS=0.907739, GCV=2.230615e-10, AIC = -3.020025
  Model addition step  13: Added term 1 0 2 -- RMS=0.714069, GCV=1.380516e-10, AIC = -3.499947
  Model addition step  14: Added term 2 0 0 -- RMS=0.597828, GCV=9.677718e-11, AIC = -3.855265
  Model addition step  15: Added term 2 1 0 -- RMS=0.503909, GCV=6.876762e-11, AIC = -4.197045
  Model addition step  16: Added term 1 1 0 -- RMS=0.364537, GCV=3.599320e-11, AIC = -4.844549
  Model addition step  17: Added term 0 3 0 -- RMS=0.270741, GCV=1.985658e-11, AIC = -5.439445
  Model addition step  18: Added term 2 1 1 -- RMS=0.191435, GCV=9.928822e-12, AIC = -6.132640
  Model addition step  19: Added term 3 1 0 -- RMS=0.145235, GCV=5.715565e-12, AIC = -6.684990
  Model addition step  20: Added term 1 2 1 -- RMS=0.139736, GCV=5.291662e-12, AIC = -6.762153
  Model addition step  21: Added term 3 0 1 -- RMS=0.132029, GCV=4.724625e-12, AIC = -6.875598
  Model addition step  22: Added term 2 2 0 -- RMS=0.125520, GCV=4.270879e-12, AIC = -6.976668
  Model addition step  23: Added term 1 0 3 -- RMS=0.120190, GCV=3.916381e-12, AIC = -7.063422
  Model addition step  24: Added term 2 0 2 -- RMS=0.117434, GCV=3.739375e-12, AIC = -7.109773
  Model addition step  25: Added term 0 0 3 -- RMS=0.114957, GCV=3.583755e-12, AIC = -7.152382
  Model addition step  26: Added term 0 0 4 -- RMS=0.100352, GCV=2.731358e-12, AIC = -7.424095
  Model addition step  27: Added term 0 0 2 -- RMS=0.091895, GCV=2.290682e-12, AIC = -7.600146
  Model addition step  28: Added term 0 1 3 -- RMS=0.083697, GCV=1.900492e-12, AIC = -7.786985
  Model addition step  29: Added term 2 0 1 -- RMS=0.076666, GCV=1.594786e-12, AIC = -7.962459
  Model addition step  30: Added term 1 1 2 -- RMS=0.068132, GCV=1.259700e-12, AIC = -8.198428
  Model addition step  31: Added term 1 2 0 -- RMS=0.066457, GCV=1.198656e-12, AIC = -8.248202
  Model addition step  32: Added term 4 0 0 -- RMS=0.065104, GCV=1.150504e-12, AIC = -8.289304
Change in error: 0.018332. No more terms added.
   33 polynomial terms were written for infra4
infra5
  RMS fit error of the full model is: 0.047260 mm
  maximum moment arm: 24.940227 mm
  maximum error allowed: 2.494023 mm
  Model addition step   1: Added term 0 0 0 -- RMS=13.083871, GCV=4.627320e-08, AIC = 2.315961
  Model addition step   2: Added term 0 1 0 -- RMS=8.607307, GCV=2.002858e-08, AIC = 1.478457
  Model addition step   3: Added term 1 0 0 -- RMS=5.445122, GCV=8.016587e-09, AIC = 0.562708
  Model addition step   4: Added term 0 1 2 -- RMS=4.496995, GCV=5.468622e-09, AIC = 0.180120
  Model addition step   5: Added term 1 0 1 -- RMS=2.583691, GCV=1.805398e-09, AIC = -0.928227
  Model addition step   6: Added term 3 0 0 -- RMS=2.192976, GCV=1.300823e-09, AIC = -1.256112
  Model addition step   7: Added term 0 2 0 -- RMS=1.924035, GCV=1.001463e-09, AIC = -1.517748
  Model addition step   8: Added term 0 0 1 -- RMS=1.663280, GCV=7.485121e-10, AIC = -1.808980
  Model addition step   9: Added term 0 1 1 -- RMS=1.192644, GCV=3.849002e-10, AIC = -2.474185
  Model addition step  10: Added term 1 3 0 -- RMS=1.086960, GCV=3.197515e-10, AIC = -2.659726
  Model addition step  11: Added term 2 0 0 -- RMS=0.882054, GCV=2.105884e-10, AIC = -3.077466
  Model addition step  12: Added term 2 1 0 -- RMS=0.759287, GCV=1.560685e-10, AIC = -3.377178
  Model addition step  13: Added term 0 2 2 -- RMS=0.647537, GCV=1.135247e-10, AIC = -3.695554
  Model addition step  14: Added term 1 0 3 -- RMS=0.588308, GCV=9.371951e-11, AIC = -3.887370
  Model addition step  15: Added term 1 2 1 -- RMS=0.504862, GCV=6.902773e-11, AIC = -4.193269
  Model addition step  16: Added term 0 3 0 -- RMS=0.447457, GCV=5.423018e-11, AIC = -4.434641
  Model addition step  17: Added term 1 1 0 -- RMS=0.354327, GCV=3.400978e-11, AIC = -4.901332
  Model addition step  18: Added term 2 0 2 -- RMS=0.306165, GCV=2.539604e-11, AIC = -5.193489
  Model addition step  19: Added term 0 0 2 -- RMS=0.264028, GCV=1.888925e-11, AIC = -5.489590
  Model addition step  20: Added term 1 0 2 -- RMS=0.229459, GCV=1.426871e-11, AIC = -5.770216
  Model addition step  21: Added term 3 1 0 -- RMS=0.192426, GCV=1.003595e-11, AIC = -6.122212
  Model addition step  22: Added term 2 0 1 -- RMS=0.156573, GCV=6.645461e-12, AIC = -6.534554
  Model addition step  23: Added term 0 0 4 -- RMS=0.137086, GCV=5.094892e-12, AIC = -6.800351
  Model addition step  24: Added term 0 0 3 -- RMS=0.126826, GCV=4.361381e-12, AIC = -6.955903
  Model addition step  25: Added term 2 2 0 -- RMS=0.116688, GCV=3.692518e-12, AIC = -7.122484
  Model addition step  26: Added term 4 0 0 -- RMS=0.109020, GCV=3.223551e-12, AIC = -7.258411
  Model addition step  27: Added term 0 3 1 -- RMS=0.101231, GCV=2.779767e-12, AIC = -7.406629
  Model addition step  28: Added term 0 1 3 -- RMS=0.090357, GCV=2.214988e-12, AIC = -7.633850
  Model addition step  29: Added term 2 1 1 -- RMS=0.081490, GCV=1.801824e-12, AIC = -7.840400
  Model addition step  30: Added term 1 1 1 -- RMS=0.073638, GCV=1.471520e-12, AIC = -8.043005
  Model addition step  31: Added term 3 0 1 -- RMS=0.064877, GCV=1.142360e-12, AIC = -8.296306
  Model addition step  32: Added term 1 1 2 -- RMS=0.054768, GCV=8.142084e-13, AIC = -8.635043
  Model addition step  33: Added term 0 2 1 -- RMS=0.053297, GCV=7.711673e-13, AIC = -8.689456
  Model addition step  34: Added term 0 4 0 -- RMS=0.050892, GCV=7.032294e-13, AIC = -8.781780
  35 polynomial terms were written for infra5
infra6
  RMS fit error of the full model is: 0.023987 mm
  maximum moment arm: 22.737544 mm
  maximum error allowed: 2.273754 mm
  Model addition step   1: Added term 0 0 0 -- RMS=12.413740, GCV=4.165453e-08, AIC = 2.210808
  Model addition step   2: Added term 0 1 0 -- RMS=8.812457, GCV=2.099470e-08, AIC = 1.525566
  Model addition step   3: Added term 1 0 0 -- RMS=5.169061, GCV=7.224332e-09, AIC = 0.458650
  Model addition step   4: Added term 0 1 2 -- RMS=3.450707, GCV=3.219950e-09, AIC = -0.349540
  Model addition step   5: Added term 1 0 1 -- RMS=2.472801, GCV=1.653751e-09, AIC = -1.015962
  Model addition step   6: Added term 4 0 0 -- RMS=2.124925, GCV=1.221343e-09, AIC = -1.319158
  Model addition step   7: Added term 0 2 0 -- RMS=1.776986, GCV=8.542347e-10, AIC = -1.676760
  Model addition step   8: Added term 0 1 1 -- RMS=1.510127, GCV=6.170134e-10, AIC = -2.002176
  Model addition step   9: Added term 1 3 0 -- RMS=1.351380, GCV=4.941756e-10, AIC = -2.224278
  Model addition step  10: Added term 1 1 1 -- RMS=1.156774, GCV=3.621450e-10, AIC = -2.535225
  Model addition step  11: Added term 2 0 0 -- RMS=1.030470, GCV=2.874186e-10, AIC = -2.766432
  Model addition step  12: Added term 3 0 0 -- RMS=0.920808, GCV=2.295306e-10, AIC = -2.991437
  Model addition step  13: Added term 0 2 2 -- RMS=0.860385, GCV=2.004227e-10, AIC = -3.127146
  Model addition step  14: Added term 0 0 1 -- RMS=0.678339, GCV=1.245987e-10, AIC = -3.602578
  Model addition step  15: Added term 1 1 2 -- RMS=0.606637, GCV=9.966365e-11, AIC = -3.825976
  Model addition step  16: Added term 0 0 2 -- RMS=0.538639, GCV=7.858399e-11, AIC = -4.063711
  Model addition step  17: Added term 1 0 2 -- RMS=0.470856, GCV=6.005828e-11, AIC = -4.332665
  Model addition step  18: Added term 2 1 0 -- RMS=0.427208, GCV=4.944624e-11, AIC = -4.527196
  Model addition step  19: Added term 1 2 0 -- RMS=0.331151, GCV=2.971428e-11, AIC = -5.036556
  Model addition step  20: Added term 2 2 0 -- RMS=0.285659, GCV=2.211412e-11, AIC = -5.332069
  Model addition step  21: Added term 2 1 1 -- RMS=0.233530, GCV=1.478141e-11, AIC = -5.735016
  Model addition step  22: Added term 0 4 0 -- RMS=0.155502, GCV=6.554884e-12, AIC = -6.548278
  Model addition step  23: Added term 0 0 4 -- RMS=0.110587, GCV=3.315593e-12, AIC = -7.229953
  Model addition step  24: Added term 1 1 0 -- RMS=0.092181, GCV=2.304033e-12, AIC = -7.594030
  Model addition step  25: Added term 0 3 1 -- RMS=0.071913, GCV=1.402443e-12, AIC = -8.090577
  Model addition step  26: Added term 1 0 3 -- RMS=0.060109, GCV=9.799357e-13, AIC = -8.449163
  Model addition step  27: Added term 0 1 3 -- RMS=0.052432, GCV=7.457283e-13, AIC = -8.722390
  Model addition step  28: Added term 0 3 0 -- RMS=0.046261, GCV=5.806021e-13, AIC = -8.972787
  Model addition step  29: Added term 1 2 1 -- RMS=0.041755, GCV=4.730516e-13, AIC = -9.177750
  Model addition step  30: Added term 0 0 3 -- RMS=0.038223, GCV=3.964699e-13, AIC = -9.354456
  Model addition step  31: Added term 2 0 2 -- RMS=0.033968, GCV=3.131593e-13, AIC = -9.590446
  Model addition step  32: Added term 2 0 1 -- RMS=0.032135, GCV=2.803023e-13, AIC = -9.701391
  Model addition step  33: Added term 3 0 1 -- RMS=0.024595, GCV=1.642172e-13, AIC = -10.236171
  Model addition step  34: Added term 3 1 0 -- RMS=0.023987, GCV=1.562253e-13, AIC = -10.286163
  35 polynomial terms were written for infra6
termin1
  RMS fit error of the full model is: 0.264833 mm
  maximum moment arm: 22.997862 mm
  maximum error allowed: 2.299786 mm
  Model addition step   1: Added term 0 0 0 -- RMS=10.097399, GCV=2.755979e-08, AIC = 1.797756
  Model addition step   2: Added term 1 0 0 -- RMS=7.382741, GCV=1.473503e-08, AIC = 1.171524
  Model addition step   3: Added term 0 1 0 -- RMS=4.874882, GCV=6.425436e-09, AIC = 0.341459
  Model addition step   4: Added term 0 0 2 -- RMS=4.200533, GCV=4.771356e-09, AIC = 0.043724
  Model addition step   5: Added term 0 2 0 -- RMS=3.560403, GCV=3.428389e-09, AIC = -0.286917
  Model addition step   6: Added term 2 0 1 -- RMS=2.812824, GCV=2.140108e-09, AIC = -0.758253
  Model addition step   7: Added term 0 1 1 -- RMS=2.291641, GCV=1.420700e-09, AIC = -1.168061
  Model addition step   8: Added term 1 0 1 -- RMS=1.909014, GCV=9.860213e-10, AIC = -1.533389
  Model addition step   9: Added term 2 0 0 -- RMS=1.177716, GCV=3.753255e-10, AIC = -2.499375
  Model addition step  10: Added term 2 1 1 -- RMS=0.992919, GCV=2.668169e-10, AIC = -2.840708
  Model addition step  11: Added term 1 1 0 -- RMS=0.897247, GCV=2.179057e-10, AIC = -3.043309
  Model addition step  12: Added term 1 1 1 -- RMS=0.792787, GCV=1.701435e-10, AIC = -3.290831
  Model addition step  13: Added term 4 0 0 -- RMS=0.715862, GCV=1.387460e-10, AIC = -3.494930
  Model addition step  14: Added term 0 0 3 -- RMS=0.640766, GCV=1.111781e-10, AIC = -3.716542
  Model addition step  15: Added term 0 0 1 -- RMS=0.577599, GCV=9.035073e-11, AIC = -3.924078
  Model addition step  16: Added term 0 1 2 -- RMS=0.408995, GCV=4.530784e-11, AIC = -4.614399
  Model addition step  17: Added term 1 1 2 -- RMS=0.372164, GCV=3.752013e-11, AIC = -4.803103
  Model addition step  18: Added term 2 2 0 -- RMS=0.339317, GCV=3.119375e-11, AIC = -4.987864
  Model addition step  19: Added term 3 0 0 -- RMS=0.326661, GCV=2.891403e-11, AIC = -5.063856
Change in error: 0.018742. No more terms added.
   20 polynomial terms were written for termin1
termin2
  RMS fit error of the full model is: 0.284789 mm
  maximum moment arm: 20.122146 mm
  maximum error allowed: 2.012215 mm
  Model addition step   1: Added term 0 0 0 -- RMS=8.369606, GCV=1.893507e-08, AIC = 1.422414
  Model addition step   2: Added term 1 0 0 -- RMS=5.439459, GCV=7.998841e-09, AIC = 0.560593
  Model addition step   3: Added term 0 1 0 -- RMS=4.372066, GCV=5.168301e-09, AIC = 0.123739
  Model addition step   4: Added term 0 2 0 -- RMS=3.614465, GCV=3.532816e-09, AIC = -0.256811
  Model addition step   5: Added term 0 2 1 -- RMS=2.984134, GCV=2.408399e-09, AIC = -0.640046
  Model addition step   6: Added term 2 0 1 -- RMS=2.127270, GCV=1.224041e-09, AIC = -1.316952
  Model addition step   7: Added term 2 0 0 -- RMS=1.933126, GCV=1.010950e-09, AIC = -1.508320
  Model addition step   8: Added term 2 1 1 -- RMS=1.444983, GCV=5.649281e-10, AIC = -2.090369
  Model addition step   9: Added term 0 0 2 -- RMS=1.292684, GCV=4.521799e-10, AIC = -2.313089
  Model addition step  10: Added term 0 0 1 -- RMS=1.127224, GCV=3.438794e-10, AIC = -2.586979
  Model addition step  11: Added term 0 1 1 -- RMS=0.842515, GCV=1.921317e-10, AIC = -3.169191
  Model addition step  12: Added term 1 1 0 -- RMS=0.612226, GCV=1.014674e-10, AIC = -3.807735
  Model addition step  13: Added term 1 0 1 -- RMS=0.554265, GCV=8.317569e-11, AIC = -4.006619
  Model addition step  14: Added term 4 0 0 -- RMS=0.504701, GCV=6.897459e-11, AIC = -4.193938
  Model addition step  15: Added term 0 1 2 -- RMS=0.462187, GCV=5.785154e-11, AIC = -4.369897
  Model addition step  16: Added term 2 2 0 -- RMS=0.428096, GCV=4.963878e-11, AIC = -4.523107
  Model addition step  17: Added term 1 0 2 -- RMS=0.390844, GCV=4.138126e-11, AIC = -4.705152
  Model addition step  18: Added term 1 1 1 -- RMS=0.361263, GCV=3.535914e-11, AIC = -4.862525
  Model addition step  19: Added term 0 2 2 -- RMS=0.335169, GCV=3.043977e-11, AIC = -5.012433
  Model addition step  20: Added term 1 3 0 -- RMS=0.310704, GCV=2.616167e-11, AIC = -5.163990
Change in error: 0.017684. No more terms added.
   21 polynomial terms were written for termin2
termin3
  RMS fit error of the full model is: 0.251227 mm
  maximum moment arm: 20.881811 mm
  maximum error allowed: 2.088181 mm
  Model addition step   1: Added term 0 0 0 -- RMS=9.947548, GCV=2.674786e-08, AIC = 1.767852
  Model addition step   2: Added term 1 0 0 -- RMS=7.426423, GCV=1.490991e-08, AIC = 1.183322
  Model addition step   3: Added term 0 1 1 -- RMS=4.934579, GCV=6.583769e-09, AIC = 0.365802
  Model addition step   4: Added term 0 1 0 -- RMS=4.142177, GCV=4.639705e-09, AIC = 0.015744
  Model addition step   5: Added term 0 2 0 -- RMS=2.799822, GCV=2.120082e-09, AIC = -0.767553
  Model addition step   6: Added term 1 0 1 -- RMS=2.151054, GCV=1.251564e-09, AIC = -1.294716
  Model addition step   7: Added term 2 0 0 -- RMS=1.303705, GCV=4.597987e-10, AIC = -2.296177
  Model addition step   8: Added term 0 2 1 -- RMS=1.135934, GCV=3.491193e-10, AIC = -2.571654
  Model addition step   9: Added term 0 0 2 -- RMS=1.005200, GCV=2.734209e-10, AIC = -2.816156
  Model addition step  10: Added term 1 3 0 -- RMS=0.882779, GCV=2.109061e-10, AIC = -3.075857
  Model addition step  11: Added term 0 1 2 -- RMS=0.755420, GCV=1.544618e-10, AIC = -3.387425
  Model addition step  12: Added term 3 0 1 -- RMS=0.682091, GCV=1.259470e-10, AIC = -3.591612
  Model addition step  13: Added term 3 0 0 -- RMS=0.629331, GCV=1.072310e-10, AIC = -3.752589
  Model addition step  14: Added term 1 0 2 -- RMS=0.610116, GCV=1.007966e-10, AIC = -3.814572
  Model addition step  15: Added term 1 1 1 -- RMS=0.557252, GCV=8.409743e-11, AIC = -3.995801
  Model addition step  16: Added term 0 0 1 -- RMS=0.499180, GCV=6.749201e-11, AIC = -4.215870
  Model addition step  17: Added term 3 1 0 -- RMS=0.467516, GCV=5.920920e-11, AIC = -4.346903
  Model addition step  18: Added term 2 2 0 -- RMS=0.425919, GCV=4.914844e-11, AIC = -4.533237
  Model addition step  19: Added term 0 2 2 -- RMS=0.399185, GCV=4.317805e-11, AIC = -4.662851
  Model addition step  20: Added term 1 2 0 -- RMS=0.369068, GCV=3.691350e-11, AIC = -4.819708
  Model addition step  21: Added term 1 0 3 -- RMS=0.354417, GCV=3.404560e-11, AIC = -4.900686
  Model addition step  22: Added term 0 0 3 -- RMS=0.339230, GCV=3.119460e-11, AIC = -4.988243
Change in error: 0.011404. No more terms added.
   23 polynomial terms were written for termin3
termaj1
  RMS fit error of the full model is: 0.443940 mm
  maximum moment arm: 67.930779 mm
  maximum error allowed: 6.793078 mm
  Model addition step   1: Added term 0 0 0 -- RMS=36.022239, GCV=3.507506e-07, AIC = 4.341473
  Model addition step   2: Added term 0 1 0 -- RMS=21.335714, GCV=1.230637e-07, AIC = 3.293999
  Model addition step   3: Added term 1 0 1 -- RMS=17.258076, GCV=8.053026e-08, AIC = 2.869828
  Model addition step   4: Added term 0 0 1 -- RMS=12.099659, GCV=3.958944e-08, AIC = 2.159656
  Model addition step   5: Added term 2 0 0 -- RMS=9.809987, GCV=2.602727e-08, AIC = 1.740137
  Model addition step   6: Added term 0 2 1 -- RMS=7.931706, GCV=1.701703e-08, AIC = 1.315105
  Model addition step   7: Added term 1 0 2 -- RMS=6.048778, GCV=9.897933e-09, AIC = 0.773115
  Model addition step   8: Added term 1 2 0 -- RMS=4.806470, GCV=6.250582e-09, AIC = 0.313362
  Model addition step   9: Added term 4 0 0 -- RMS=4.344627, GCV=5.107774e-09, AIC = 0.111350
  Model addition step  10: Added term 0 1 1 -- RMS=4.187324, GCV=4.745244e-09, AIC = 0.037628
  Model addition step  11: Added term 1 0 3 -- RMS=4.021275, GCV=4.376951e-09, AIC = -0.043264
  Model addition step  12: Added term 1 1 1 -- RMS=3.842337, GCV=3.996627e-09, AIC = -0.134267
  Model addition step  13: Added term 1 1 2 -- RMS=3.490997, GCV=3.299594e-09, AIC = -0.326020
  Model addition step  14: Added term 1 0 0 -- RMS=3.360607, GCV=3.058128e-09, AIC = -0.402118
  Model addition step  15: Added term 3 0 0 -- RMS=3.127279, GCV=2.648575e-09, AIC = -0.546001
  Model addition step  16: Added term 0 2 2 -- RMS=3.021713, GCV=2.473115e-09, AIC = -0.614645
  Model addition step  17: Added term 0 0 2 -- RMS=2.416705, GCV=1.582137e-09, AIC = -1.061449
  Model addition step  18: Added term 0 3 0 -- RMS=2.165157, GCV=1.270089e-09, AIC = -1.281240
  Model addition step  19: Added term 0 1 2 -- RMS=1.845809, GCV=9.231829e-10, AIC = -1.600356
  Model addition step  20: Added term 1 3 0 -- RMS=1.639238, GCV=7.282104e-10, AIC = -1.837695
  Model addition step  21: Added term 2 1 0 -- RMS=1.349474, GCV=4.935838e-10, AIC = -2.226694
  Model addition step  22: Added term 1 1 0 -- RMS=1.181177, GCV=3.781992e-10, AIC = -2.493067
  Model addition step  23: Added term 3 1 0 -- RMS=1.043965, GCV=2.954751e-10, AIC = -2.740005
  Model addition step  24: Added term 0 2 0 -- RMS=0.861935, GCV=2.014452e-10, AIC = -3.123174
  Model addition step  25: Added term 1 2 1 -- RMS=0.766908, GCV=1.594973e-10, AIC = -3.356766
  Model addition step  26: Added term 2 0 1 -- RMS=0.697085, GCV=1.317945e-10, AIC = -3.547651
  Model addition step  27: Added term 0 0 3 -- RMS=0.608201, GCV=1.003410e-10, AIC = -3.820422
  Model addition step  28: Added term 0 1 3 -- RMS=0.562662, GCV=8.588918e-11, AIC = -3.976040
  Model addition step  29: Added term 2 2 0 -- RMS=0.537618, GCV=7.842409e-11, AIC = -4.067068
  Model addition step  30: Added term 0 4 0 -- RMS=0.509360, GCV=7.040604e-11, AIC = -4.175022
  Model addition step  31: Added term 2 1 1 -- RMS=0.486603, GCV=6.426407e-11, AIC = -4.266402
  Model addition step  32: Added term 3 0 1 -- RMS=0.447263, GCV=5.430044e-11, AIC = -4.434972
Change in error: 0.004816. No more terms added.
   33 polynomial terms were written for termaj1
termaj2
  RMS fit error of the full model is: 0.629938 mm
  maximum moment arm: 86.316442 mm
  maximum error allowed: 8.631644 mm
  Model addition step   1: Added term 0 0 0 -- RMS=45.100070, GCV=5.498084e-07, AIC = 4.790968
  Model addition step   2: Added term 0 1 0 -- RMS=26.789290, GCV=1.940162e-07, AIC = 3.749238
  Model addition step   3: Added term 1 0 1 -- RMS=21.166046, GCV=1.211306e-07, AIC = 3.278064
  Model addition step   4: Added term 0 0 1 -- RMS=15.662755, GCV=6.633907e-08, AIC = 2.675873
  Model addition step   5: Added term 2 2 0 -- RMS=12.762729, GCV=4.405334e-08, AIC = 2.266393
  Model addition step   6: Added term 0 2 1 -- RMS=10.626520, GCV=3.054447e-08, AIC = 1.900074
  Model addition step   7: Added term 1 0 2 -- RMS=8.919306, GCV=2.152144e-08, AIC = 1.549839
  Model addition step   8: Added term 2 0 0 -- RMS=7.186809, GCV=1.397462e-08, AIC = 1.117931
  Model addition step   9: Added term 1 2 0 -- RMS=5.592381, GCV=8.462919e-09, AIC = 0.616281
  Model addition step  10: Added term 4 0 0 -- RMS=5.330358, GCV=7.689500e-09, AIC = 0.520341
  Model addition step  11: Added term 1 1 2 -- RMS=5.087794, GCV=7.006533e-09, AIC = 0.427227
  Model addition step  12: Added term 1 1 1 -- RMS=4.712547, GCV=6.011935e-09, AIC = 0.274029
  Model addition step  13: Added term 0 1 1 -- RMS=4.375886, GCV=5.184341e-09, AIC = 0.125823
  Model addition step  14: Added term 0 2 0 -- RMS=4.080751, GCV=4.509210e-09, AIC = -0.013799
  Model addition step  15: Added term 0 2 2 -- RMS=3.816010, GCV=3.943647e-09, AIC = -0.147916
  Model addition step  16: Added term 0 0 2 -- RMS=3.077273, GCV=2.564896e-09, AIC = -0.578206
  Model addition step  17: Added term 0 1 2 -- RMS=2.659338, GCV=1.915771e-09, AIC = -0.870105
  Model addition step  18: Added term 1 2 1 -- RMS=2.288777, GCV=1.419261e-09, AIC = -1.170191
  Model addition step  19: Added term 0 3 0 -- RMS=2.060610, GCV=1.150551e-09, AIC = -1.380187
  Model addition step  20: Added term 2 1 0 -- RMS=1.888847, GCV=9.668662e-10, AIC = -1.554225
  Model addition step  21: Added term 3 0 0 -- RMS=1.796863, GCV=8.751076e-10, AIC = -1.654040
  Model addition step  22: Added term 1 0 0 -- RMS=1.690686, GCV=7.748474e-10, AIC = -1.775822
  Model addition step  23: Added term 1 1 0 -- RMS=1.038255, GCV=2.922521e-10, AIC = -2.750973
  Model addition step  24: Added term 2 0 2 -- RMS=0.945821, GCV=2.425638e-10, AIC = -2.937426
  Model addition step  25: Added term 2 1 1 -- RMS=0.887455, GCV=2.135794e-10, AIC = -3.064784
  Model addition step  26: Added term 2 0 1 -- RMS=0.807047, GCV=1.766541e-10, AIC = -3.254701
  Model addition step  27: Added term 0 0 3 -- RMS=0.742333, GCV=1.494797e-10, AIC = -3.421836
  Model addition step  28: Added term 1 0 3 -- RMS=0.714484, GCV=1.384931e-10, AIC = -3.498277
  Model addition step  29: Added term 3 0 1 -- RMS=0.687948, GCV=1.284141e-10, AIC = -3.573939
  Model addition step  30: Added term 0 1 3 -- RMS=0.658641, GCV=1.177222e-10, AIC = -3.660973
Change in error: 0.013702. No more terms added.
   31 polynomial terms were written for termaj2
termaj3
  RMS fit error of the full model is: 0.506919 mm
  maximum moment arm: 80.364168 mm
  maximum error allowed: 8.036417 mm
  Model addition step   1: Added term 0 0 0 -- RMS=40.376155, GCV=4.406633e-07, AIC = 4.569679
  Model addition step   2: Added term 0 1 0 -- RMS=25.282876, GCV=1.728099e-07, AIC = 3.633488
  Model addition step   3: Added term 0 0 1 -- RMS=20.852062, GCV=1.175635e-07, AIC = 3.248173
  Model addition step   4: Added term 1 0 1 -- RMS=15.462912, GCV=6.465701e-08, AIC = 2.650190
  Model addition step   5: Added term 2 2 0 -- RMS=12.552314, GCV=4.261273e-08, AIC = 2.233145
  Model addition step   6: Added term 0 2 1 -- RMS=10.531977, GCV=3.000338e-08, AIC = 1.882201
  Model addition step   7: Added term 1 1 0 -- RMS=8.276615, GCV=1.853168e-08, AIC = 1.400271
  Model addition step   8: Added term 2 0 0 -- RMS=6.531384, GCV=1.154193e-08, AIC = 0.926674
  Model addition step   9: Added term 1 0 2 -- RMS=4.902070, GCV=6.502579e-09, AIC = 0.352785
  Model addition step  10: Added term 0 1 2 -- RMS=4.574130, GCV=5.662424e-09, AIC = 0.214337
  Model addition step  11: Added term 4 0 0 -- RMS=4.281967, GCV=4.962845e-09, AIC = 0.082363
  Model addition step  12: Added term 0 0 2 -- RMS=4.015772, GCV=4.365569e-09, AIC = -0.045969
  Model addition step  13: Added term 0 2 2 -- RMS=3.705480, GCV=3.717496e-09, AIC = -0.206769
  Model addition step  14: Added term 0 2 0 -- RMS=3.295698, GCV=2.941135e-09, AIC = -0.441125
  Model addition step  15: Added term 2 0 1 -- RMS=2.994899, GCV=2.429089e-09, AIC = -0.632506
  Model addition step  16: Added term 1 0 0 -- RMS=2.771660, GCV=2.080740e-09, AIC = -0.787400
  Model addition step  17: Added term 2 1 0 -- RMS=2.201532, GCV=1.312945e-09, AIC = -1.247952
  Model addition step  18: Added term 0 1 1 -- RMS=1.994656, GCV=1.077931e-09, AIC = -1.445283
  Model addition step  19: Added term 2 1 1 -- RMS=1.561243, GCV=6.604728e-10, AIC = -1.935228
  Model addition step  20: Added term 1 3 0 -- RMS=1.351723, GCV=4.951629e-10, AIC = -2.223398
  Model addition step  21: Added term 0 4 0 -- RMS=1.185589, GCV=3.809782e-10, AIC = -2.485644
  Model addition step  22: Added term 1 1 1 -- RMS=1.017043, GCV=2.803942e-10, AIC = -2.792292
  Model addition step  23: Added term 1 1 2 -- RMS=0.900511, GCV=2.198504e-10, AIC = -3.035642
  Model addition step  24: Added term 2 0 2 -- RMS=0.795695, GCV=1.716727e-10, AIC = -3.283102
  Model addition step  25: Added term 0 0 3 -- RMS=0.725147, GCV=1.425999e-10, AIC = -3.468750
  Model addition step  26: Added term 1 2 0 -- RMS=0.660874, GCV=1.184577e-10, AIC = -3.654338
  Model addition step  27: Added term 0 3 0 -- RMS=0.595557, GCV=9.621239e-11, AIC = -3.862438
  Model addition step  28: Added term 3 0 1 -- RMS=0.580110, GCV=9.129861e-11, AIC = -3.914962
  Model addition step  29: Added term 0 3 1 -- RMS=0.568338, GCV=8.764271e-11, AIC = -3.955931
  Model addition step  30: Added term 1 2 1 -- RMS=0.553350, GCV=8.309237e-11, AIC = -4.009348
Change in error: 0.012851. No more terms added.
   31 polynomial terms were written for termaj3
termaj4
  RMS fit error of the full model is: 0.249778 mm
  maximum moment arm: 52.626189 mm
  maximum error allowed: 5.262619 mm
  Model addition step   1: Added term 0 0 0 -- RMS=27.840822, GCV=2.095179e-07, AIC = 3.826207
  Model addition step   2: Added term 0 1 0 -- RMS=17.098427, GCV=7.903655e-08, AIC = 2.851207
  Model addition step   3: Added term 0 0 1 -- RMS=14.427821, GCV=5.628282e-08, AIC = 2.511584
  Model addition step   4: Added term 1 0 1 -- RMS=9.689921, GCV=2.539063e-08, AIC = 1.715474
  Model addition step   5: Added term 2 0 0 -- RMS=7.554293, GCV=1.543403e-08, AIC = 1.217567
  Model addition step   6: Added term 0 2 1 -- RMS=5.478854, GCV=8.119512e-09, AIC = 0.575161
  Model addition step   7: Added term 1 0 2 -- RMS=4.431303, GCV=5.312173e-09, AIC = 0.150790
  Model addition step   8: Added term 1 3 0 -- RMS=3.994336, GCV=4.316751e-09, AIC = -0.056809
  Model addition step   9: Added term 0 1 1 -- RMS=3.663059, GCV=3.630901e-09, AIC = -0.229933
  Model addition step  10: Added term 4 0 0 -- RMS=3.320611, GCV=2.984155e-09, AIC = -0.426198
  Model addition step  11: Added term 1 0 0 -- RMS=3.072656, GCV=2.555477e-09, AIC = -0.581378
  Model addition step  12: Added term 1 2 0 -- RMS=2.733101, GCV=2.022154e-09, AIC = -0.815554
  Model addition step  13: Added term 2 2 0 -- RMS=2.485892, GCV=1.673117e-09, AIC = -1.005131
  Model addition step  14: Added term 1 1 2 -- RMS=2.302149, GCV=1.435116e-09, AIC = -1.158675
  Model addition step  15: Added term 1 1 1 -- RMS=2.002188, GCV=1.085647e-09, AIC = -1.437846
  Model addition step  16: Added term 0 2 2 -- RMS=1.760894, GCV=8.398546e-10, AIC = -1.694650
  Model addition step  17: Added term 0 0 2 -- RMS=1.474113, GCV=5.886514e-10, AIC = -2.050146
  Model addition step  18: Added term 0 1 2 -- RMS=1.335960, GCV=4.835507e-10, AIC = -2.246926
  Model addition step  19: Added term 0 4 0 -- RMS=1.159607, GCV=3.643644e-10, AIC = -2.530029
  Model addition step  20: Added term 3 0 0 -- RMS=1.068657, GCV=3.094923e-10, AIC = -2.693352
  Model addition step  21: Added term 3 1 0 -- RMS=0.975934, GCV=2.581503e-10, AIC = -2.874845
  Model addition step  22: Added term 1 1 0 -- RMS=0.842205, GCV=1.922763e-10, AIC = -3.169555
  Model addition step  23: Added term 0 2 0 -- RMS=0.693747, GCV=1.304821e-10, AIC = -3.557354
  Model addition step  24: Added term 2 0 1 -- RMS=0.623491, GCV=1.054069e-10, AIC = -3.770863
  Model addition step  25: Added term 0 0 3 -- RMS=0.552634, GCV=8.282139e-11, AIC = -4.012106
  Model addition step  26: Added term 2 1 1 -- RMS=0.501119, GCV=6.810944e-11, AIC = -4.207779
  Model addition step  27: Added term 2 1 0 -- RMS=0.455995, GCV=5.640317e-11, AIC = -4.396471
  Model addition step  28: Added term 0 3 0 -- RMS=0.344283, GCV=3.215693e-11, AIC = -4.958470
  Model addition step  29: Added term 3 0 1 -- RMS=0.305716, GCV=2.535936e-11, AIC = -5.196051
  Model addition step  30: Added term 0 1 3 -- RMS=0.291551, GCV=2.306685e-11, AIC = -5.290904
  Model addition step  31: Added term 1 0 3 -- RMS=0.251107, GCV=1.711340e-11, AIC = -5.589541
Change in error: 0.002288. No more terms added.
   32 polynomial terms were written for termaj4
supra1
  RMS fit error of the full model is: 0.303347 mm
  maximum moment arm: 26.058840 mm
  maximum error allowed: 2.605884 mm
  Model addition step   1: Added term 0 0 0 -- RMS=14.358915, GCV=5.573143e-08, AIC = 2.501942
  Model addition step   2: Added term 0 1 0 -- RMS=8.617897, GCV=2.007790e-08, AIC = 1.480916
  Model addition step   3: Added term 1 0 0 -- RMS=6.137792, GCV=1.018588e-08, AIC = 0.802198
  Model addition step   4: Added term 0 0 3 -- RMS=5.066960, GCV=6.942694e-09, AIC = 0.418783
  Model addition step   5: Added term 1 0 1 -- RMS=3.552061, GCV=3.412343e-09, AIC = -0.291609
  Model addition step   6: Added term 4 0 0 -- RMS=2.516226, GCV=1.712575e-09, AIC = -0.981111
  Model addition step   7: Added term 0 1 2 -- RMS=2.064965, GCV=1.153545e-09, AIC = -1.376371
  Model addition step   8: Added term 0 0 1 -- RMS=1.929276, GCV=1.007063e-09, AIC = -1.512274
  Model addition step   9: Added term 0 0 2 -- RMS=1.711746, GCV=7.928761e-10, AIC = -1.751502
  Model addition step  10: Added term 1 2 0 -- RMS=1.586936, GCV=6.815603e-10, AIC = -1.902885
  Model addition step  11: Added term 2 0 0 -- RMS=1.315406, GCV=4.683428e-10, AIC = -2.278171
  Model addition step  12: Added term 0 4 0 -- RMS=1.160641, GCV=3.646688e-10, AIC = -2.528484
  Model addition step  13: Added term 3 0 0 -- RMS=1.022039, GCV=2.828109e-10, AIC = -2.782796
  Model addition step  14: Added term 0 1 1 -- RMS=0.890901, GCV=2.149213e-10, AIC = -3.057404
  Model addition step  15: Added term 1 0 2 -- RMS=0.801542, GCV=1.739929e-10, AIC = -3.268763
  Model addition step  16: Added term 1 1 0 -- RMS=0.757028, GCV=1.552251e-10, AIC = -3.383003
  Model addition step  17: Added term 2 1 0 -- RMS=0.619962, GCV=1.041182e-10, AIC = -3.782453
  Model addition step  18: Added term 0 3 0 -- RMS=0.548948, GCV=8.164274e-11, AIC = -4.025729
  Model addition step  19: Added term 2 1 1 -- RMS=0.510156, GCV=7.052139e-11, AIC = -4.172267
  Model addition step  20: Added term 2 0 1 -- RMS=0.437412, GCV=5.185059e-11, AIC = -4.479919
  Model addition step  21: Added term 0 2 1 -- RMS=0.396324, GCV=4.257287e-11, AIC = -4.677169
  Model addition step  22: Added term 3 0 1 -- RMS=0.375754, GCV=3.827349e-11, AIC = -4.783731
  Model addition step  23: Added term 1 2 1 -- RMS=0.368122, GCV=3.673939e-11, AIC = -4.824740
Change in error: 0.019144. No more terms added.
   24 polynomial terms were written for supra1
supra2
  RMS fit error of the full model is: 0.264404 mm
  maximum moment arm: 26.328320 mm
  maximum error allowed: 2.632832 mm
  Model addition step   1: Added term 0 0 0 -- RMS=14.397803, GCV=5.603372e-08, AIC = 2.507351
  Model addition step   2: Added term 0 1 0 -- RMS=8.788348, GCV=2.087998e-08, AIC = 1.520087
  Model addition step   3: Added term 1 0 0 -- RMS=5.463539, GCV=8.070910e-09, AIC = 0.569461
  Model addition step   4: Added term 0 0 2 -- RMS=4.595294, GCV=5.710311e-09, AIC = 0.223367
  Model addition step   5: Added term 1 0 1 -- RMS=3.477067, GCV=3.269776e-09, AIC = -0.334286
  Model addition step   6: Added term 0 0 1 -- RMS=2.693163, GCV=1.961895e-09, AIC = -0.845199
  Model addition step   7: Added term 4 0 0 -- RMS=2.051939, GCV=1.139038e-09, AIC = -1.389027
  Model addition step   8: Added term 0 1 2 -- RMS=1.767865, GCV=8.456021e-10, AIC = -1.687018
  Model addition step   9: Added term 1 2 0 -- RMS=1.498797, GCV=6.078719e-10, AIC = -2.017205
  Model addition step  10: Added term 2 0 0 -- RMS=1.289274, GCV=4.498584e-10, AIC = -2.318337
  Model addition step  11: Added term 0 3 0 -- RMS=1.149172, GCV=3.574493e-10, AIC = -2.548378
  Model addition step  12: Added term 0 1 1 -- RMS=1.006446, GCV=2.742102e-10, AIC = -2.813578
  Model addition step  13: Added term 3 1 0 -- RMS=0.878488, GCV=2.089457e-10, AIC = -3.085500
  Model addition step  14: Added term 0 2 1 -- RMS=0.795498, GCV=1.713555e-10, AIC = -3.283936
  Model addition step  15: Added term 2 2 0 -- RMS=0.733333, GCV=1.456405e-10, AIC = -3.446637
  Model addition step  16: Added term 1 1 0 -- RMS=0.659320, GCV=1.177418e-10, AIC = -3.659385
  Model addition step  17: Added term 0 4 0 -- RMS=0.593424, GCV=9.539533e-11, AIC = -3.869951
  Model addition step  18: Added term 1 0 2 -- RMS=0.527977, GCV=7.552402e-11, AIC = -4.103631
  Model addition step  19: Added term 3 0 0 -- RMS=0.480004, GCV=6.243137e-11, AIC = -4.294116
  Model addition step  20: Added term 2 1 1 -- RMS=0.432013, GCV=5.057864e-11, AIC = -4.504756
  Model addition step  21: Added term 2 0 1 -- RMS=0.384470, GCV=4.006418e-11, AIC = -4.737904
  Model addition step  22: Added term 1 2 1 -- RMS=0.318755, GCV=2.754256e-11, AIC = -5.112756
  Model addition step  23: Added term 0 2 0 -- RMS=0.311883, GCV=2.637133e-11, AIC = -5.156312
  Model addition step  24: Added term 1 3 0 -- RMS=0.290663, GCV=2.290799e-11, AIC = -5.297205
Change in error: 0.018806. No more terms added.
   25 polynomial terms were written for supra2
supra3
  RMS fit error of the full model is: 0.077036 mm
  maximum moment arm: 25.504406 mm
  maximum error allowed: 2.550441 mm
  Model addition step   1: Added term 0 0 0 -- RMS=14.207082, GCV=5.455904e-08, AIC = 2.480681
  Model addition step   2: Added term 0 1 0 -- RMS=9.000487, GCV=2.190018e-08, AIC = 1.567791
  Model addition step   3: Added term 1 0 0 -- RMS=7.161602, GCV=1.386739e-08, AIC = 1.110735
  Model addition step   4: Added term 0 1 1 -- RMS=4.760907, GCV=6.129321e-09, AIC = 0.294178
  Model addition step   5: Added term 1 0 2 -- RMS=4.013870, GCV=4.357310e-09, AIC = -0.047153
  Model addition step   6: Added term 0 2 2 -- RMS=3.100437, GCV=2.600138e-09, AIC = -0.563545
  Model addition step   7: Added term 1 0 1 -- RMS=2.723815, GCV=2.007079e-09, AIC = -0.822530
  Model addition step   8: Added term 0 0 1 -- RMS=1.881672, GCV=9.579790e-10, AIC = -1.562241
  Model addition step   9: Added term 0 0 2 -- RMS=1.624471, GCV=7.140857e-10, AIC = -1.856166
  Model addition step  10: Added term 1 3 0 -- RMS=1.361198, GCV=5.014504e-10, AIC = -2.209765
  Model addition step  11: Added term 3 0 0 -- RMS=0.989049, GCV=2.647767e-10, AIC = -2.848485
  Model addition step  12: Added term 2 0 0 -- RMS=0.918336, GCV=2.282999e-10, AIC = -2.996813
  Model addition step  13: Added term 2 1 0 -- RMS=0.784305, GCV=1.665451e-10, AIC = -3.312308
  Model addition step  14: Added term 0 4 0 -- RMS=0.694701, GCV=1.306822e-10, AIC = -3.554907
  Model addition step  15: Added term 1 2 0 -- RMS=0.594756, GCV=9.579809e-11, AIC = -3.865535
  Model addition step  16: Added term 2 1 1 -- RMS=0.513718, GCV=7.148052e-11, AIC = -4.158454
  Model addition step  17: Added term 0 1 2 -- RMS=0.385425, GCV=4.024171e-11, AIC = -4.733077
  Model addition step  18: Added term 0 0 3 -- RMS=0.340870, GCV=3.147985e-11, AIC = -4.978734
  Model addition step  19: Added term 0 3 1 -- RMS=0.303885, GCV=2.502263e-11, AIC = -5.208403
  Model addition step  20: Added term 2 2 0 -- RMS=0.268029, GCV=1.946874e-11, AIC = -5.459475
  Model addition step  21: Added term 0 2 0 -- RMS=0.200800, GCV=1.092848e-11, AIC = -6.037014
  Model addition step  22: Added term 1 1 0 -- RMS=0.172993, GCV=8.112349e-12, AIC = -6.335101
  Model addition step  23: Added term 0 1 3 -- RMS=0.161495, GCV=7.070756e-12, AIC = -6.472622
  Model addition step  24: Added term 1 1 2 -- RMS=0.146891, GCV=5.850598e-12, AIC = -6.662147
  Model addition step  25: Added term 2 0 1 -- RMS=0.130496, GCV=4.618103e-12, AIC = -6.898809
  Model addition step  26: Added term 3 0 1 -- RMS=0.109840, GCV=3.272251e-12, AIC = -7.243416
  Model addition step  27: Added term 1 0 3 -- RMS=0.099684, GCV=2.695481e-12, AIC = -7.437419
  Model addition step  28: Added term 0 3 0 -- RMS=0.093216, GCV=2.357367e-12, AIC = -7.571552
  Model addition step  29: Added term 2 0 2 -- RMS=0.085934, GCV=2.003681e-12, AIC = -7.734213
  Model addition step  30: Added term 3 1 0 -- RMS=0.083065, GCV=1.872388e-12, AIC = -7.802086
  Model addition step  31: Added term 0 2 1 -- RMS=0.080422, GCV=1.755366e-12, AIC = -7.866725
Change in error: 0.016579. No more terms added.
   32 polynomial terms were written for supra3
supra4
  RMS fit error of the full model is: 0.062334 mm
  maximum moment arm: 25.370609 mm
  maximum error allowed: 2.537061 mm
  Model addition step   1: Added term 0 0 0 -- RMS=14.079892, GCV=5.358652e-08, AIC = 2.462695
  Model addition step   2: Added term 0 1 0 -- RMS=8.680148, GCV=2.036901e-08, AIC = 1.495311
  Model addition step   3: Added term 1 0 0 -- RMS=6.670949, GCV=1.203233e-08, AIC = 0.968792
  Model addition step   4: Added term 0 1 1 -- RMS=4.956872, GCV=6.644289e-09, AIC = 0.374851
  Model addition step   5: Added term 1 0 2 -- RMS=4.097911, GCV=4.541683e-09, AIC = -0.005710
  Model addition step   6: Added term 0 2 2 -- RMS=3.000162, GCV=2.434668e-09, AIC = -0.629299
  Model addition step   7: Added term 1 0 1 -- RMS=2.512727, GCV=1.708048e-09, AIC = -0.983860
  Model addition step   8: Added term 0 0 1 -- RMS=1.987174, GCV=1.068414e-09, AIC = -1.453137
  Model addition step   9: Added term 0 0 2 -- RMS=1.455218, GCV=5.730368e-10, AIC = -2.076219
  Model addition step  10: Added term 3 0 0 -- RMS=1.216757, GCV=4.006756e-10, AIC = -2.434118
  Model addition step  11: Added term 0 4 0 -- RMS=1.052009, GCV=2.995596e-10, AIC = -2.725058
  Model addition step  12: Added term 1 3 0 -- RMS=0.956873, GCV=2.478629e-10, AIC = -2.914597
  Model addition step  13: Added term 1 1 0 -- RMS=0.850153, GCV=1.956844e-10, AIC = -3.151072
  Model addition step  14: Added term 0 1 2 -- RMS=0.774688, GCV=1.625076e-10, AIC = -3.336951
  Model addition step  15: Added term 1 2 0 -- RMS=0.742292, GCV=1.492206e-10, AIC = -3.422352
  Model addition step  16: Added term 0 0 3 -- RMS=0.718155, GCV=1.396927e-10, AIC = -3.488434
  Model addition step  17: Added term 2 1 1 -- RMS=0.693389, GCV=1.302420e-10, AIC = -3.558586
  Model addition step  18: Added term 2 0 0 -- RMS=0.541547, GCV=7.945619e-11, AIC = -4.052876
  Model addition step  19: Added term 2 2 0 -- RMS=0.341243, GCV=3.155314e-11, AIC = -4.976510
  Model addition step  20: Added term 0 2 0 -- RMS=0.284364, GCV=2.191407e-11, AIC = -5.341156
  Model addition step  21: Added term 1 2 1 -- RMS=0.240705, GCV=1.570373e-11, AIC = -5.674489
  Model addition step  22: Added term 2 1 0 -- RMS=0.183912, GCV=9.168710e-12, AIC = -6.212692
  Model addition step  23: Added term 0 3 1 -- RMS=0.149994, GCV=6.099554e-12, AIC = -6.620374
  Model addition step  24: Added term 0 3 0 -- RMS=0.134647, GCV=4.915901e-12, AIC = -6.836216
  Model addition step  25: Added term 0 1 3 -- RMS=0.119469, GCV=3.870568e-12, AIC = -7.075392
  Model addition step  26: Added term 3 0 1 -- RMS=0.113424, GCV=3.489297e-12, AIC = -7.179194
  Model addition step  27: Added term 1 1 2 -- RMS=0.109393, GCV=3.246135e-12, AIC = -7.251531
  Model addition step  28: Added term 1 0 3 -- RMS=0.093476, GCV=2.370511e-12, AIC = -7.565992
  Model addition step  29: Added term 2 0 1 -- RMS=0.090291, GCV=2.212008e-12, AIC = -7.635299
  Model addition step  30: Added term 2 0 2 -- RMS=0.072984, GCV=1.445504e-12, AIC = -8.060843
  Model addition step  31: Added term 0 0 4 -- RMS=0.067969, GCV=1.253820e-12, AIC = -8.203208
  Model addition step  32: Added term 3 1 0 -- RMS=0.066179, GCV=1.188825e-12, AIC = -8.256538
  Model addition step  33: Added term 4 0 0 -- RMS=0.064767, GCV=1.138807e-12, AIC = -8.299625
Change in error: 0.011859. No more terms added.
   34 polynomial terms were written for supra4
subscap1
  RMS fit error of the full model is: 0.132582 mm
  maximum moment arm: 23.301928 mm
  maximum error allowed: 2.330193 mm
  Model addition step   1: Added term 0 0 0 -- RMS=13.141882, GCV=4.668444e-08, AIC = 2.324809
  Model addition step   2: Added term 1 0 0 -- RMS=9.352594, GCV=2.364721e-08, AIC = 1.644541
  Model addition step   3: Added term 0 0 1 -- RMS=6.085837, GCV=1.001417e-08, AIC = 0.785196
  Model addition step   4: Added term 1 0 1 -- RMS=5.420213, GCV=7.944485e-09, AIC = 0.553572
  Model addition step   5: Added term 1 1 0 -- RMS=4.556422, GCV=5.614869e-09, AIC = 0.206410
  Model addition step   6: Added term 0 4 0 -- RMS=4.158966, GCV=4.678658e-09, AIC = 0.023902
  Model addition step   7: Added term 0 1 1 -- RMS=3.339376, GCV=3.016754e-09, AIC = -0.415029
  Model addition step   8: Added term 1 2 0 -- RMS=2.866043, GCV=2.222457e-09, AIC = -0.720699
  Model addition step   9: Added term 2 0 0 -- RMS=2.391626, GCV=1.547794e-09, AIC = -1.082582
  Model addition step  10: Added term 0 2 1 -- RMS=2.061428, GCV=1.150063e-09, AIC = -1.379698
  Model addition step  11: Added term 0 1 0 -- RMS=1.941846, GCV=1.020643e-09, AIC = -1.499184
  Model addition step  12: Added term 0 2 0 -- RMS=1.249888, GCV=4.229069e-10, AIC = -2.380321
  Model addition step  13: Added term 0 1 2 -- RMS=1.055870, GCV=3.018442e-10, AIC = -2.717664
  Model addition step  14: Added term 2 0 2 -- RMS=0.971814, GCV=2.557327e-10, AIC = -2.883543
  Model addition step  15: Added term 3 1 0 -- RMS=0.829374, GCV=1.862858e-10, AIC = -3.200496
  Model addition step  16: Added term 1 0 3 -- RMS=0.760758, GCV=1.567584e-10, AIC = -3.373173
  Model addition step  17: Added term 1 1 1 -- RMS=0.654604, GCV=1.160791e-10, AIC = -3.673709
  Model addition step  18: Added term 4 0 0 -- RMS=0.602083, GCV=9.821280e-11, AIC = -3.840945
  Model addition step  19: Added term 2 0 1 -- RMS=0.544466, GCV=8.032592e-11, AIC = -4.042091
  Model addition step  20: Added term 1 3 0 -- RMS=0.493623, GCV=6.603345e-11, AIC = -4.238124
  Model addition step  21: Added term 0 1 3 -- RMS=0.443522, GCV=5.331648e-11, AIC = -4.452141
  Model addition step  22: Added term 1 0 2 -- RMS=0.402129, GCV=4.383503e-11, AIC = -4.648055
  Model addition step  23: Added term 2 1 1 -- RMS=0.354101, GCV=3.399418e-11, AIC = -4.902400
  Model addition step  24: Added term 0 0 2 -- RMS=0.312556, GCV=2.648886e-11, AIC = -5.151967
  Model addition step  25: Added term 3 0 0 -- RMS=0.272296, GCV=2.010709e-11, AIC = -5.427720
  Model addition step  26: Added term 1 1 2 -- RMS=0.235866, GCV=1.508888e-11, AIC = -5.714936
  Model addition step  27: Added term 0 3 1 -- RMS=0.202045, GCV=1.107337e-11, AIC = -6.024453
  Model addition step  28: Added term 0 2 2 -- RMS=0.183345, GCV=9.119716e-12, AIC = -6.218659
  Model addition step  29: Added term 0 3 0 -- RMS=0.165526, GCV=7.434168e-12, AIC = -6.423113
  Model addition step  30: Added term 2 2 0 -- RMS=0.154384, GCV=6.467931e-12, AIC = -6.562445
  Model addition step  31: Added term 2 1 0 -- RMS=0.135196, GCV=4.960764e-12, AIC = -6.827843
Change in error: 0.010744. No more terms added.
   32 polynomial terms were written for subscap1
subscap2
  RMS fit error of the full model is: 0.076631 mm
  maximum moment arm: 20.649796 mm
  maximum error allowed: 2.064980 mm
  Model addition step   1: Added term 0 0 0 -- RMS=9.745058, GCV=2.567000e-08, AIC = 1.726721
  Model addition step   2: Added term 1 0 0 -- RMS=8.250331, GCV=1.840172e-08, AIC = 1.393741
  Model addition step   3: Added term 0 0 1 -- RMS=6.684749, GCV=1.208216e-08, AIC = 0.972925
  Model addition step   4: Added term 0 2 0 -- RMS=4.559397, GCV=5.621443e-09, AIC = 0.207682
  Model addition step   5: Added term 2 0 0 -- RMS=3.870240, GCV=4.051049e-09, AIC = -0.120032
  Model addition step   6: Added term 1 0 1 -- RMS=2.445289, GCV=1.617375e-09, AIC = -1.038305
  Model addition step   7: Added term 0 0 2 -- RMS=1.927746, GCV=1.005330e-09, AIC = -1.513895
  Model addition step   8: Added term 0 1 0 -- RMS=1.431420, GCV=5.543731e-10, AIC = -2.109229
  Model addition step   9: Added term 0 1 1 -- RMS=1.025763, GCV=2.847219e-10, AIC = -2.775656
  Model addition step  10: Added term 0 2 2 -- RMS=0.812717, GCV=1.787573e-10, AIC = -3.241241
  Model addition step  11: Added term 1 3 0 -- RMS=0.742166, GCV=1.490894e-10, AIC = -3.422826
  Model addition step  12: Added term 1 1 1 -- RMS=0.692279, GCV=1.297375e-10, AIC = -3.561960
  Model addition step  13: Added term 1 1 2 -- RMS=0.609947, GCV=1.007271e-10, AIC = -3.815160
  Model addition step  14: Added term 3 1 0 -- RMS=0.552888, GCV=8.277403e-11, AIC = -4.011562
  Model addition step  15: Added term 2 0 2 -- RMS=0.496114, GCV=6.665647e-11, AIC = -4.228225
  Model addition step  16: Added term 0 4 0 -- RMS=0.415768, GCV=4.682088e-11, AIC = -4.581550
  Model addition step  17: Added term 0 0 3 -- RMS=0.389014, GCV=4.099469e-11, AIC = -4.714538
  Model addition step  18: Added term 0 2 1 -- RMS=0.353024, GCV=3.376470e-11, AIC = -4.908666
  Model addition step  19: Added term 2 1 1 -- RMS=0.330305, GCV=2.956274e-11, AIC = -5.041669
  Model addition step  20: Added term 2 2 0 -- RMS=0.255923, GCV=1.774972e-11, AIC = -5.551915
  Model addition step  21: Added term 1 0 2 -- RMS=0.236355, GCV=1.514119e-11, AIC = -5.710968
  Model addition step  22: Added term 0 1 2 -- RMS=0.183504, GCV=9.128156e-12, AIC = -6.217124
  Model addition step  23: Added term 1 0 3 -- RMS=0.167179, GCV=7.577249e-12, AIC = -6.403439
  Model addition step  24: Added term 4 0 0 -- RMS=0.152307, GCV=6.289988e-12, AIC = -6.589732
Change in error: 0.019159. No more terms added.
   25 polynomial terms were written for subscap2
subscap3
  RMS fit error of the full model is: 0.068997 mm
  maximum moment arm: 23.028512 mm
  maximum error allowed: 2.302851 mm
  Model addition step   1: Added term 0 0 0 -- RMS=13.031070, GCV=4.590047e-08, AIC = 2.307873
  Model addition step   2: Added term 1 0 0 -- RMS=9.604322, GCV=2.493728e-08, AIC = 1.697660
  Model addition step   3: Added term 0 1 1 -- RMS=5.576755, GCV=8.408868e-09, AIC = 0.610482
  Model addition step   4: Added term 0 1 0 -- RMS=4.227042, GCV=4.831770e-09, AIC = 0.056306
  Model addition step   5: Added term 0 3 0 -- RMS=2.888577, GCV=2.256626e-09, AIC = -0.705137
  Model addition step   6: Added term 1 0 1 -- RMS=2.530388, GCV=1.731907e-09, AIC = -0.969886
  Model addition step   7: Added term 0 0 1 -- RMS=1.992864, GCV=1.074396e-09, AIC = -1.447452
  Model addition step   8: Added term 2 0 0 -- RMS=1.432667, GCV=5.553393e-10, AIC = -2.107488
  Model addition step   9: Added term 0 2 2 -- RMS=1.122236, GCV=3.407967e-10, AIC = -2.595883
  Model addition step  10: Added term 1 1 0 -- RMS=0.913525, GCV=2.258531e-10, AIC = -3.007385
  Model addition step  11: Added term 2 0 2 -- RMS=0.804451, GCV=1.751634e-10, AIC = -3.261653
  Model addition step  12: Added term 1 0 3 -- RMS=0.698250, GCV=1.319852e-10, AIC = -3.544784
  Model addition step  13: Added term 1 1 1 -- RMS=0.639464, GCV=1.107118e-10, AIC = -3.720645
  Model addition step  14: Added term 0 2 0 -- RMS=0.572024, GCV=8.860323e-11, AIC = -3.943508
  Model addition step  15: Added term 3 1 0 -- RMS=0.514635, GCV=7.172619e-11, AIC = -4.154922
  Model addition step  16: Added term 2 1 1 -- RMS=0.458333, GCV=5.689828e-11, AIC = -4.386614
  Model addition step  17: Added term 1 1 2 -- RMS=0.351115, GCV=3.339606e-11, AIC = -4.919542
  Model addition step  18: Added term 0 0 4 -- RMS=0.293347, GCV=2.331413e-11, AIC = -5.279022
  Model addition step  19: Added term 1 0 2 -- RMS=0.265652, GCV=1.912231e-11, AIC = -5.477328
  Model addition step  20: Added term 4 0 0 -- RMS=0.236285, GCV=1.513026e-11, AIC = -5.711588
  Model addition step  21: Added term 1 3 0 -- RMS=0.205021, GCV=1.139272e-11, AIC = -5.995412
  Model addition step  22: Added term 2 1 0 -- RMS=0.184639, GCV=9.241379e-12, AIC = -6.204797
  Model addition step  23: Added term 0 0 2 -- RMS=0.165311, GCV=7.408891e-12, AIC = -6.425909
  Model addition step  24: Added term 0 0 3 -- RMS=0.157295, GCV=6.708651e-12, AIC = -6.525293
  Model addition step  25: Added term 0 3 1 -- RMS=0.149171, GCV=6.034421e-12, AIC = -6.631313
  Model addition step  26: Added term 0 1 2 -- RMS=0.131633, GCV=4.699527e-12, AIC = -6.881433
  Model addition step  27: Added term 2 0 1 -- RMS=0.116495, GCV=3.681303e-12, AIC = -7.125729
  Model addition step  28: Added term 3 0 0 -- RMS=0.106869, GCV=3.098449e-12, AIC = -7.298196
  Model addition step  29: Added term 2 2 0 -- RMS=0.092114, GCV=2.302277e-12, AIC = -7.595301
  Model addition step  30: Added term 0 1 3 -- RMS=0.081148, GCV=1.786988e-12, AIC = -7.848769
  Model addition step  31: Added term 3 0 1 -- RMS=0.075150, GCV=1.532753e-12, AIC = -8.002337
  Model addition step  32: Added term 1 2 1 -- RMS=0.072836, GCV=1.440039e-12, AIC = -8.064834
Change in error: 0.012534. No more terms added.
   33 polynomial terms were written for subscap3
subscap4
  RMS fit error of the full model is: 0.134461 mm
  maximum moment arm: 23.652864 mm
  maximum error allowed: 2.365286 mm
  Model addition step   1: Added term 0 0 0 -- RMS=13.954329, GCV=5.263503e-08, AIC = 2.444780
  Model addition step   2: Added term 1 0 0 -- RMS=9.048454, GCV=2.213423e-08, AIC = 1.578422
  Model addition step   3: Added term 0 1 1 -- RMS=3.422790, GCV=3.167633e-09, AIC = -0.365820
  Model addition step   4: Added term 0 1 0 -- RMS=2.112080, GCV=1.206295e-09, AIC = -1.331352
  Model addition step   5: Added term 1 0 1 -- RMS=1.227584, GCV=4.075626e-10, AIC = -2.416568
  Model addition step   6: Added term 1 2 1 -- RMS=0.942765, GCV=2.404128e-10, AIC = -2.944507
  Model addition step   7: Added term 0 3 1 -- RMS=0.827740, GCV=1.853518e-10, AIC = -3.204710
  Model addition step   8: Added term 0 0 1 -- RMS=0.736106, GCV=1.466048e-10, AIC = -3.439327
  Model addition step   9: Added term 1 0 2 -- RMS=0.600036, GCV=9.742737e-11, AIC = -3.848062
  Model addition step  10: Added term 0 0 2 -- RMS=0.512296, GCV=7.102752e-11, AIC = -4.164203
  Model addition step  11: Added term 0 1 3 -- RMS=0.346621, GCV=3.252022e-11, AIC = -4.945510
  Model addition step  12: Added term 0 2 0 -- RMS=0.308283, GCV=2.572771e-11, AIC = -5.179905
  Model addition step  13: Added term 1 0 3 -- RMS=0.287672, GCV=2.240560e-11, AIC = -5.318263
  Model addition step  14: Added term 0 1 2 -- RMS=0.260474, GCV=1.837164e-11, AIC = -5.516868
  Model addition step  15: Added term 0 3 0 -- RMS=0.226046, GCV=1.383792e-11, AIC = -5.800365
  Model addition step  16: Added term 1 1 2 -- RMS=0.210088, GCV=1.195471e-11, AIC = -5.946753
  Model addition step  17: Added term 0 2 2 -- RMS=0.194130, GCV=1.020894e-11, AIC = -6.104716
  Model addition step  18: Added term 3 0 0 -- RMS=0.180205, GCV=8.798069e-12, AIC = -6.253550
  Model addition step  19: Added term 2 1 1 -- RMS=0.171408, GCV=7.961144e-12, AIC = -6.353611
  Model addition step  20: Added term 3 0 1 -- RMS=0.163953, GCV=7.284679e-12, AIC = -6.442512
  Model addition step  21: Added term 0 4 0 -- RMS=0.158693, GCV=6.825662e-12, AIC = -6.507697
  Model addition step  22: Added term 2 0 1 -- RMS=0.153675, GCV=6.401728e-12, AIC = -6.571920
  Model addition step  23: Added term 3 1 0 -- RMS=0.150443, GCV=6.136113e-12, AIC = -6.614398
Change in error: 0.018313. No more terms added.
   24 polynomial terms were written for subscap4
subscap5
  RMS fit error of the full model is: 0.189266 mm
  maximum moment arm: 23.280603 mm
  maximum error allowed: 2.328060 mm
  Model addition step   1: Added term 0 0 0 -- RMS=13.261389, GCV=4.753736e-08, AIC = 2.342914
  Model addition step   2: Added term 1 0 0 -- RMS=9.064338, GCV=2.221201e-08, AIC = 1.581929
  Model addition step   3: Added term 0 2 1 -- RMS=4.792423, GCV=6.209900e-09, AIC = 0.307340
  Model addition step   4: Added term 0 1 0 -- RMS=3.730449, GCV=3.763182e-09, AIC = -0.193641
  Model addition step   5: Added term 1 0 1 -- RMS=2.693900, GCV=1.962703e-09, AIC = -0.844685
  Model addition step   6: Added term 0 1 1 -- RMS=1.773962, GCV=8.512150e-10, AIC = -1.680200
  Model addition step   7: Added term 0 0 1 -- RMS=1.177587, GCV=3.751415e-10, AIC = -2.499663
  Model addition step   8: Added term 0 2 0 -- RMS=0.943413, GCV=2.408083e-10, AIC = -2.943066
  Model addition step   9: Added term 1 3 0 -- RMS=0.873968, GCV=2.066891e-10, AIC = -3.095953
  Model addition step  10: Added term 1 0 2 -- RMS=0.816209, GCV=1.802970e-10, AIC = -3.232665
  Model addition step  11: Added term 0 0 2 -- RMS=0.729105, GCV=1.438878e-10, AIC = -3.458338
  Model addition step  12: Added term 0 2 2 -- RMS=0.575438, GCV=8.963974e-11, AIC = -3.931674
  Model addition step  13: Added term 1 1 0 -- RMS=0.507421, GCV=6.971048e-11, AIC = -4.183224
  Model addition step  14: Added term 1 1 2 -- RMS=0.430400, GCV=5.016094e-11, AIC = -4.512439
  Model addition step  15: Added term 0 3 0 -- RMS=0.391806, GCV=4.157404e-11, AIC = -4.700301
  Model addition step  16: Added term 0 1 2 -- RMS=0.339088, GCV=3.114319e-11, AIC = -4.989283
  Model addition step  17: Added term 2 1 1 -- RMS=0.301133, GCV=2.456483e-11, AIC = -5.226665
  Model addition step  18: Added term 0 0 4 -- RMS=0.284939, GCV=2.199674e-11, AIC = -5.337188
  Model addition step  19: Added term 2 0 2 -- RMS=0.268773, GCV=1.957426e-11, AIC = -5.453968
  Model addition step  20: Added term 1 0 3 -- RMS=0.257882, GCV=1.802252e-11, AIC = -5.536663
  Model addition step  21: Added term 1 2 1 -- RMS=0.250300, GCV=1.698062e-11, AIC = -5.596314
  Model addition step  22: Added term 1 1 1 -- RMS=0.224512, GCV=1.366378e-11, AIC = -5.813740
  Model addition step  23: Added term 3 0 1 -- RMS=0.213790, GCV=1.239153e-11, AIC = -5.911576
  Model addition step  24: Added term 2 1 0 -- RMS=0.206378, GCV=1.154872e-11, AIC = -5.982117
Change in error: 0.019422. No more terms added.
   25 polynomial terms were written for subscap5
subscap6
  RMS fit error of the full model is: 0.214437 mm
  maximum moment arm: 24.259670 mm
  maximum error allowed: 2.425967 mm
  Model addition step   1: Added term 0 0 0 -- RMS=13.399223, GCV=4.853066e-08, AIC = 2.363594
  Model addition step   2: Added term 1 0 0 -- RMS=7.881323, GCV=1.679244e-08, AIC = 1.302225
  Model addition step   3: Added term 0 2 1 -- RMS=4.478306, GCV=5.422530e-09, AIC = 0.171757
  Model addition step   4: Added term 1 0 1 -- RMS=3.629125, GCV=3.561533e-09, AIC = -0.248715
  Model addition step   5: Added term 1 1 1 -- RMS=3.021267, GCV=2.468709e-09, AIC = -0.615312
  Model addition step   6: Added term 0 0 1 -- RMS=2.692710, GCV=1.961235e-09, AIC = -0.845535
  Model addition step   7: Added term 0 1 1 -- RMS=1.352654, GCV=4.949746e-10, AIC = -2.222459
  Model addition step   8: Added term 0 0 3 -- RMS=1.147840, GCV=3.564764e-10, AIC = -2.550799
  Model addition step   9: Added term 0 2 0 -- RMS=1.061960, GCV=3.051709e-10, AIC = -2.706297
  Model addition step  10: Added term 2 0 0 -- RMS=0.977414, GCV=2.585490e-10, AIC = -2.872185
  Model addition step  11: Added term 1 0 2 -- RMS=0.878626, GCV=2.089548e-10, AIC = -3.085254
  Model addition step  12: Added term 0 0 2 -- RMS=0.667593, GCV=1.206498e-10, AIC = -3.634581
  Model addition step  13: Added term 0 1 0 -- RMS=0.583340, GCV=9.213088e-11, AIC = -3.904364
  Model addition step  14: Added term 0 3 1 -- RMS=0.494115, GCV=6.611146e-11, AIC = -4.236334
  Model addition step  15: Added term 0 1 3 -- RMS=0.414767, GCV=4.658949e-11, AIC = -4.586402
  Model addition step  16: Added term 2 0 1 -- RMS=0.323011, GCV=2.825999e-11, AIC = -5.086432
  Model addition step  17: Added term 1 2 1 -- RMS=0.282459, GCV=2.161259e-11, AIC = -5.354704
  Model addition step  18: Added term 3 0 0 -- RMS=0.274291, GCV=2.038344e-11, AIC = -5.413359
  Model addition step  19: Added term 4 0 0 -- RMS=0.263733, GCV=1.884702e-11, AIC = -5.491829
  Model addition step  20: Added term 2 1 1 -- RMS=0.250122, GCV=1.695421e-11, AIC = -5.597769
  Model addition step  21: Added term 1 0 3 -- RMS=0.240752, GCV=1.570976e-11, AIC = -5.674104
Change in error: 0.014940. No more terms added.
   22 polynomial terms were written for subscap6
subscap7
  RMS fit error of the full model is: 0.130828 mm
  maximum moment arm: 21.123020 mm
  maximum error allowed: 2.112302 mm
  Model addition step   1: Added term 0 0 0 -- RMS=11.903091, GCV=3.829803e-08, AIC = 2.126796
  Model addition step   2: Added term 1 0 0 -- RMS=6.298628, GCV=1.072525e-08, AIC = 0.853897
  Model addition step   3: Added term 0 2 1 -- RMS=4.558899, GCV=5.619455e-09, AIC = 0.207430
  Model addition step   4: Added term 0 0 1 -- RMS=2.998824, GCV=2.431840e-09, AIC = -0.630258
  Model addition step   5: Added term 0 1 1 -- RMS=1.170234, GCV=3.703712e-10, AIC = -2.512257
  Model addition step   6: Added term 0 0 3 -- RMS=0.860121, GCV=2.001102e-10, AIC = -3.127996
  Model addition step   7: Added term 1 0 2 -- RMS=0.765759, GCV=1.586328e-10, AIC = -3.360374
  Model addition step   8: Added term 0 1 0 -- RMS=0.694481, GCV=1.304935e-10, AIC = -3.555744
  Model addition step   9: Added term 0 0 2 -- RMS=0.634857, GCV=1.090634e-10, AIC = -3.735240
  Model addition step  10: Added term 1 2 1 -- RMS=0.545741, GCV=8.060424e-11, AIC = -4.037719
  Model addition step  11: Added term 2 0 0 -- RMS=0.460067, GCV=5.729093e-11, AIC = -4.379229
  Model addition step  12: Added term 2 0 2 -- RMS=0.400788, GCV=4.348436e-11, AIC = -4.655072
  Model addition step  13: Added term 0 2 2 -- RMS=0.371321, GCV=3.733024e-11, AIC = -4.807771
  Model addition step  14: Added term 4 0 0 -- RMS=0.344880, GCV=3.220747e-11, AIC = -4.955478
  Model addition step  15: Added term 0 4 0 -- RMS=0.317544, GCV=2.730781e-11, AIC = -5.120605
  Model addition step  16: Added term 1 3 0 -- RMS=0.293158, GCV=2.327771e-11, AIC = -5.280383
  Model addition step  17: Added term 2 0 1 -- RMS=0.263448, GCV=1.880117e-11, AIC = -5.494062
  Model addition step  18: Added term 1 0 1 -- RMS=0.198602, GCV=1.068617e-11, AIC = -6.059132
  Model addition step  19: Added term 0 0 4 -- RMS=0.181450, GCV=8.921334e-12, AIC = -6.239738
  Model addition step  20: Added term 2 2 0 -- RMS=0.172039, GCV=8.021001e-12, AIC = -6.346222
  Model addition step  21: Added term 0 3 1 -- RMS=0.164505, GCV=7.334867e-12, AIC = -6.435747
  Model addition step  22: Added term 0 2 0 -- RMS=0.159154, GCV=6.866305e-12, AIC = -6.501862
  Model addition step  23: Added term 0 1 3 -- RMS=0.151000, GCV=6.181610e-12, AIC = -6.607011
  Model addition step  24: Added term 0 1 2 -- RMS=0.145918, GCV=5.773340e-12, AIC = -6.675440
Change in error: 0.019505. No more terms added.
   25 polynomial terms were written for subscap7
subscap8
  RMS fit error of the full model is: 0.149677 mm
  maximum moment arm: 22.065527 mm
  maximum error allowed: 2.206553 mm
  Model addition step   1: Added term 0 0 0 -- RMS=12.364804, GCV=4.132677e-08, AIC = 2.202908
  Model addition step   2: Added term 1 0 0 -- RMS=6.682920, GCV=1.207392e-08, AIC = 0.972344
  Model addition step   3: Added term 0 2 1 -- RMS=4.385979, GCV=5.201247e-09, AIC = 0.130093
  Model addition step   4: Added term 0 0 1 -- RMS=3.347432, GCV=3.030097e-09, AIC = -0.410312
  Model addition step   5: Added term 0 1 1 -- RMS=1.275551, GCV=4.400354e-10, AIC = -2.339908
  Model addition step   6: Added term 0 0 3 -- RMS=0.944487, GCV=2.412919e-10, AIC = -2.940857
  Model addition step   7: Added term 1 0 2 -- RMS=0.835030, GCV=1.886313e-10, AIC = -3.187172
  Model addition step   8: Added term 0 1 0 -- RMS=0.742081, GCV=1.489947e-10, AIC = -3.423156
  Model addition step   9: Added term 0 0 2 -- RMS=0.662289, GCV=1.186920e-10, AIC = -3.650637
  Model addition step  10: Added term 1 2 1 -- RMS=0.561394, GCV=8.529448e-11, AIC = -3.981160
  Model addition step  11: Added term 2 0 0 -- RMS=0.485807, GCV=6.388110e-11, AIC = -4.270348
  Model addition step  12: Added term 2 0 1 -- RMS=0.409426, GCV=4.537895e-11, AIC = -4.612425
  Model addition step  13: Added term 1 0 1 -- RMS=0.348436, GCV=3.287052e-11, AIC = -4.934998
  Model addition step  14: Added term 0 1 3 -- RMS=0.289868, GCV=2.275210e-11, AIC = -5.303019
  Model addition step  15: Added term 0 3 1 -- RMS=0.237758, GCV=1.530914e-11, AIC = -5.699328
  Model addition step  16: Added term 4 0 0 -- RMS=0.219364, GCV=1.303369e-11, AIC = -5.860342
  Model addition step  17: Added term 0 2 0 -- RMS=0.201859, GCV=1.103804e-11, AIC = -6.026633
  Model addition step  18: Added term 1 3 0 -- RMS=0.186551, GCV=9.428621e-12, AIC = -6.184332
  Model addition step  19: Added term 2 1 1 -- RMS=0.174232, GCV=8.225616e-12, AIC = -6.320930
  Model addition step  20: Added term 3 0 1 -- RMS=0.167992, GCV=7.648070e-12, AIC = -6.393832
Change in error: 0.013826. No more terms added.
   21 polynomial terms were written for subscap8
subscap9
  RMS fit error of the full model is: 0.088280 mm
  maximum moment arm: 18.259224 mm
  maximum error allowed: 2.000000 mm
  Model addition step   1: Added term 0 0 0 -- RMS=10.833466, GCV=3.172428e-08, AIC = 1.938480
  Model addition step   2: Added term 1 0 0 -- RMS=5.843844, GCV=9.232365e-09, AIC = 0.704012
  Model addition step   3: Added term 0 2 2 -- RMS=5.188491, GCV=7.278745e-09, AIC = 0.466153
  Model addition step   4: Added term 0 0 1 -- RMS=3.838320, GCV=3.983965e-09, AIC = -0.136629
  Model addition step   5: Added term 0 1 1 -- RMS=2.948022, GCV=2.350462e-09, AIC = -0.664396
  Model addition step   6: Added term 0 2 0 -- RMS=1.129016, GCV=3.447866e-10, AIC = -2.583939
  Model addition step   7: Added term 0 1 0 -- RMS=0.921323, GCV=2.296326e-10, AIC = -2.990485
  Model addition step   8: Added term 0 0 3 -- RMS=0.829215, GCV=1.860380e-10, AIC = -3.201116
  Model addition step   9: Added term 1 0 1 -- RMS=0.704487, GCV=1.342988e-10, AIC = -3.527102
  Model addition step  10: Added term 1 2 0 -- RMS=0.649732, GCV=1.142493e-10, AIC = -3.688888
  Model addition step  11: Added term 1 0 2 -- RMS=0.608757, GCV=1.003072e-10, AIC = -3.819135
  Model addition step  12: Added term 1 2 1 -- RMS=0.521598, GCV=7.365032e-11, AIC = -4.128145
  Model addition step  13: Added term 2 1 0 -- RMS=0.474262, GCV=6.089722e-11, AIC = -4.318387
  Model addition step  14: Added term 0 0 2 -- RMS=0.435559, GCV=5.137046e-11, AIC = -4.488613
  Model addition step  15: Added term 2 0 1 -- RMS=0.389311, GCV=4.104612e-11, AIC = -4.713081
  Model addition step  16: Added term 3 1 0 -- RMS=0.349130, GCV=3.301500e-11, AIC = -4.930917
  Model addition step  17: Added term 0 2 1 -- RMS=0.311485, GCV=2.628272e-11, AIC = -5.159069
  Model addition step  18: Added term 1 1 0 -- RMS=0.268368, GCV=1.951273e-11, AIC = -5.457015
  Model addition step  19: Added term 0 3 1 -- RMS=0.255984, GCV=1.775584e-11, AIC = -5.551469
  Model addition step  20: Added term 0 1 3 -- RMS=0.246648, GCV=1.648647e-11, AIC = -5.625745
  Model addition step  21: Added term 0 4 0 -- RMS=0.231140, GCV=1.448047e-11, AIC = -5.755586
  Model addition step  22: Added term 3 0 0 -- RMS=0.217883, GCV=1.286872e-11, AIC = -5.873688
  Model addition step  23: Added term 2 0 0 -- RMS=0.151467, GCV=6.219900e-12, AIC = -6.600836
  Model addition step  24: Added term 3 0 1 -- RMS=0.123160, GCV=4.112865e-12, AIC = -7.014572
  Model addition step  25: Added term 1 1 1 -- RMS=0.097174, GCV=2.560744e-12, AIC = -7.488495
  Model addition step  26: Added term 2 1 1 -- RMS=0.094286, GCV=2.411142e-12, AIC = -7.548794
Change in error: 0.013051. No more terms added.
   27 polynomial terms were written for subscap9
subscap10
  RMS fit error of the full model is: 0.179994 mm
  maximum moment arm: 22.143713 mm
  maximum error allowed: 2.214371 mm
  Model addition step   1: Added term 0 0 0 -- RMS=11.941632, GCV=3.854644e-08, AIC = 2.133262
  Model addition step   2: Added term 1 0 0 -- RMS=8.958159, GCV=2.169468e-08, AIC = 1.558363
  Model addition step   3: Added term 0 1 0 -- RMS=5.629838, GCV=8.569709e-09, AIC = 0.629429
  Model addition step   4: Added term 0 0 1 -- RMS=4.396793, GCV=5.227634e-09, AIC = 0.135052
  Model addition step   5: Added term 0 1 1 -- RMS=3.412272, GCV=3.149046e-09, AIC = -0.371908
  Model addition step   6: Added term 1 0 1 -- RMS=2.353403, GCV=1.498108e-09, AIC = -1.114906
  Model addition step   7: Added term 2 0 0 -- RMS=1.739976, GCV=8.190222e-10, AIC = -1.718855
  Model addition step   8: Added term 0 1 3 -- RMS=1.405984, GCV=5.348457e-10, AIC = -2.145089
  Model addition step   9: Added term 1 2 0 -- RMS=1.207323, GCV=3.944335e-10, AIC = -2.449718
  Model addition step  10: Added term 0 3 0 -- RMS=1.085345, GCV=3.188017e-10, AIC = -2.662701
  Model addition step  11: Added term 1 0 2 -- RMS=0.958737, GCV=2.487961e-10, AIC = -2.910738
  Model addition step  12: Added term 1 1 2 -- RMS=0.823758, GCV=1.836972e-10, AIC = -3.214184
  Model addition step  13: Added term 3 0 0 -- RMS=0.709037, GCV=1.361129e-10, AIC = -3.514090
  Model addition step  14: Added term 1 3 0 -- RMS=0.598646, GCV=9.704202e-11, AIC = -3.852532
  Model addition step  15: Added term 0 1 2 -- RMS=0.547002, GCV=8.103215e-11, AIC = -4.032931
  Model addition step  16: Added term 1 1 0 -- RMS=0.506858, GCV=6.958406e-11, AIC = -4.185343
  Model addition step  17: Added term 0 2 0 -- RMS=0.446623, GCV=5.403542e-11, AIC = -4.438341
  Model addition step  18: Added term 0 2 1 -- RMS=0.401258, GCV=4.362180e-11, AIC = -4.652525
  Model addition step  19: Added term 2 1 0 -- RMS=0.355790, GCV=3.430049e-11, AIC = -4.893024
  Model addition step  20: Added term 2 1 1 -- RMS=0.299030, GCV=2.423272e-11, AIC = -5.240581
  Model addition step  21: Added term 1 1 1 -- RMS=0.275322, GCV=2.054533e-11, AIC = -5.405753
  Model addition step  22: Added term 3 0 1 -- RMS=0.249066, GCV=1.681587e-11, AIC = -5.606165
  Model addition step  23: Added term 1 2 1 -- RMS=0.232918, GCV=1.470807e-11, AIC = -5.740193
  Model addition step  24: Added term 2 0 1 -- RMS=0.227537, GCV=1.403825e-11, AIC = -5.786906
  Model addition step  25: Added term 2 0 2 -- RMS=0.215794, GCV=1.262827e-11, AIC = -5.892855
  Model addition step  26: Added term 0 4 0 -- RMS=0.211269, GCV=1.210588e-11, AIC = -5.935203
Change in error: 0.013988. No more terms added.
   27 polynomial terms were written for subscap10
subscap11
  RMS fit error of the full model is: 0.239872 mm
  maximum moment arm: 27.415892 mm
  maximum error allowed: 2.741589 mm
  Model addition step   1: Added term 0 0 0 -- RMS=14.128211, GCV=5.395495e-08, AIC = 2.469547
  Model addition step   2: Added term 0 1 0 -- RMS=9.608789, GCV=2.496048e-08, AIC = 1.698590
  Model addition step   3: Added term 1 0 0 -- RMS=6.972845, GCV=1.314602e-08, AIC = 1.057314
  Model addition step   4: Added term 0 0 1 -- RMS=5.749363, GCV=8.938662e-09, AIC = 0.671479
  Model addition step   5: Added term 1 0 1 -- RMS=4.871620, GCV=6.418573e-09, AIC = 0.340188
  Model addition step   6: Added term 0 1 1 -- RMS=3.483747, GCV=3.282794e-09, AIC = -0.330414
  Model addition step   7: Added term 1 1 0 -- RMS=2.573924, GCV=1.792259e-09, AIC = -0.935734
  Model addition step   8: Added term 2 0 1 -- RMS=2.053903, GCV=1.141374e-09, AIC = -1.387079
  Model addition step   9: Added term 0 1 3 -- RMS=1.726031, GCV=8.061643e-10, AIC = -1.734881
  Model addition step  10: Added term 2 0 2 -- RMS=1.482628, GCV=5.949079e-10, AIC = -2.038864
  Model addition step  11: Added term 2 1 0 -- RMS=1.168528, GCV=3.695919e-10, AIC = -2.514972
  Model addition step  12: Added term 1 0 2 -- RMS=1.072873, GCV=3.116013e-10, AIC = -2.685749
  Model addition step  13: Added term 1 1 2 -- RMS=0.920765, GCV=2.295403e-10, AIC = -2.991496
  Model addition step  14: Added term 0 1 2 -- RMS=0.840705, GCV=1.913847e-10, AIC = -3.173390
  Model addition step  15: Added term 2 1 1 -- RMS=0.785938, GCV=1.672845e-10, AIC = -3.308081
  Model addition step  16: Added term 3 0 0 -- RMS=0.707624, GCV=1.356261e-10, AIC = -3.517977
  Model addition step  17: Added term 0 2 1 -- RMS=0.612674, GCV=1.016846e-10, AIC = -3.806104
  Model addition step  18: Added term 0 0 2 -- RMS=0.517708, GCV=7.261476e-11, AIC = -4.142914
  Model addition step  19: Added term 2 2 0 -- RMS=0.491681, GCV=6.550599e-11, AIC = -4.246042
  Model addition step  20: Added term 1 3 0 -- RMS=0.460124, GCV=5.737493e-11, AIC = -4.378678
  Model addition step  21: Added term 1 2 0 -- RMS=0.429037, GCV=4.989083e-11, AIC = -4.518549
  Model addition step  22: Added term 3 1 0 -- RMS=0.404814, GCV=4.442231e-11, AIC = -4.634746
  Model addition step  23: Added term 0 0 3 -- RMS=0.384839, GCV=4.015195e-11, AIC = -4.735919
  Model addition step  24: Added term 0 3 1 -- RMS=0.363292, GCV=3.578662e-11, AIC = -4.851117
  Model addition step  25: Added term 0 2 2 -- RMS=0.345155, GCV=3.230688e-11, AIC = -4.953513
  Model addition step  26: Added term 3 0 1 -- RMS=0.336322, GCV=3.067866e-11, AIC = -5.005327
  Model addition step  27: Added term 2 0 0 -- RMS=0.327984, GCV=2.918021e-11, AIC = -5.055505
Change in error: 0.009398. No more terms added.
   28 polynomial terms were written for subscap11
bicl
  RMS fit error of the full model is: 1.187840 mm
  maximum moment arm: 24.322643 mm
  maximum error allowed: 2.432264 mm
  Model addition step   1: Added term 0 0 0 0 0 -- RMS=16.196413, GCV=1.063619e-07, AIC = 3.148233
  Model addition step   2: Added term 1 0 0 0 0 -- RMS=13.588850, GCV=7.488112e-08, AIC = 2.797176
  Model addition step   3: Added term 0 0 1 1 0 -- RMS=10.245491, GCV=4.257270e-08, AIC = 2.232374
  Model addition step   4: Added term 0 0 0 0 2 -- RMS=9.028530, GCV=3.306423e-08, AIC = 1.979501
  Model addition step   5: Added term 0 1 0 0 0 -- RMS=8.063482, GCV=2.637718e-08, AIC = 1.753435
  Model addition step   6: Added term 0 0 0 3 0 -- RMS=6.984778, GCV=1.979461e-08, AIC = 1.466233
  Model addition step   7: Added term 0 0 1 0 0 -- RMS=5.116929, GCV=1.062476e-08, AIC = 0.843898
  Model addition step   8: Added term 0 4 0 0 0 -- RMS=4.244843, GCV=7.312780e-09, AIC = 0.470221
  Model addition step   9: Added term 0 0 0 3 1 -- RMS=3.671704, GCV=5.472089e-09, AIC = 0.180146
  Model addition step  10: Added term 0 0 0 1 0 -- RMS=3.041944, GCV=3.756463e-09, AIC = -0.196150
  Model addition step  11: Added term 0 1 1 0 0 -- RMS=2.634507, GCV=2.817955e-09, AIC = -0.483729
  Model addition step  12: Added term 0 0 0 1 2 -- RMS=2.295653, GCV=2.139965e-09, AIC = -0.759064
  Model addition step  13: Added term 0 2 1 0 0 -- RMS=2.057043, GCV=1.718461e-09, AIC = -0.978537
  Model addition step  14: Added term 1 0 2 0 0 -- RMS=1.972297, GCV=1.579997e-09, AIC = -1.062655
  Model addition step  15: Added term 1 1 2 0 0 -- RMS=1.800615, GCV=1.317079e-09, AIC = -1.244775
  Model addition step  16: Added term 0 2 0 0 0 -- RMS=1.731019, GCV=1.217398e-09, AIC = -1.323588
  Model addition step  17: Added term 0 0 3 0 0 -- RMS=1.679834, GCV=1.146623e-09, AIC = -1.383595
  Model addition step  18: Added term 0 3 1 0 0 -- RMS=1.634740, GCV=1.086036e-09, AIC = -1.437995
Change in error: 0.016087. No more terms added.
   19 polynomial terms were written for bicl
bicb1
  RMS fit error of the full model is: 1.426049 mm
  maximum moment arm: 42.703621 mm
  maximum error allowed: 4.270362 mm
  Model addition step   1: Added term 0 0 0 0 0 -- RMS=25.891062, GCV=2.717991e-07, AIC = 4.086450
  Model addition step   2: Added term 0 0 1 0 0 -- RMS=20.254178, GCV=1.663551e-07, AIC = 3.595399
  Model addition step   3: Added term 0 0 0 2 0 -- RMS=15.893612, GCV=1.024497e-07, AIC = 3.110533
  Model addition step   4: Added term 1 1 0 0 0 -- RMS=11.699699, GCV=5.552309e-08, AIC = 2.497848
  Model addition step   5: Added term 0 0 0 1 3 -- RMS=6.136523, GCV=1.527663e-08, AIC = 1.207260
  Model addition step   6: Added term 0 0 0 1 0 -- RMS=5.439278, GCV=1.200395e-08, AIC = 0.966059
  Model addition step   7: Added term 1 0 0 0 0 -- RMS=4.651294, GCV=8.779060e-09, AIC = 0.653080
  Model addition step   8: Added term 0 4 0 0 0 -- RMS=4.235905, GCV=7.282014e-09, AIC = 0.466005
  Model addition step   9: Added term 0 1 0 0 0 -- RMS=3.440682, GCV=4.805151e-09, AIC = 0.050174
  Model addition step  10: Added term 0 2 0 0 0 -- RMS=3.168811, GCV=4.076330e-09, AIC = -0.114430
  Model addition step  11: Added term 1 3 0 0 0 -- RMS=2.867820, GCV=3.339174e-09, AIC = -0.314017
  Model addition step  12: Added term 0 0 2 0 0 -- RMS=2.688068, GCV=2.934099e-09, AIC = -0.443453
  Model addition step  13: Added term 2 0 0 0 1 -- RMS=2.564885, GCV=2.671706e-09, AIC = -0.537248
  Model addition step  14: Added term 1 0 2 0 0 -- RMS=2.487232, GCV=2.512720e-09, AIC = -0.598713
  Model addition step  15: Added term 1 0 0 0 3 -- RMS=2.414557, GCV=2.368347e-09, AIC = -0.657999
  Model addition step  16: Added term 0 0 0 3 1 -- RMS=2.327330, GCV=2.200620e-09, AIC = -0.731565
  Model addition step  17: Added term 2 0 1 0 0 -- RMS=2.270477, GCV=2.094701e-09, AIC = -0.781006
  Model addition step  18: Added term 1 0 1 0 0 -- RMS=2.188366, GCV=1.946196e-09, AIC = -0.854653
  Model addition step  19: Added term 2 1 0 0 0 -- RMS=2.123743, GCV=1.833198e-09, AIC = -0.914580
  Model addition step  20: Added term 0 0 3 0 0 -- RMS=2.067759, GCV=1.738057e-09, AIC = -0.967987
  Model addition step  21: Added term 3 1 0 0 0 -- RMS=2.024398, GCV=1.666151e-09, AIC = -1.010351
  Model addition step  22: Added term 0 0 0 0 4 -- RMS=1.983109, GCV=1.599097e-09, AIC = -1.051542
  Model addition step  23: Added term 0 0 0 2 2 -- RMS=1.759406, GCV=1.258845e-09, AIC = -1.290898
  Model addition step  24: Added term 0 0 1 0 3 -- RMS=1.706002, GCV=1.183746e-09, AIC = -1.352523
  Model addition step  25: Added term 0 0 0 3 0 -- RMS=1.668588, GCV=1.132547e-09, AIC = -1.396850
  Model addition step  26: Added term 1 1 2 0 0 -- RMS=1.632470, GCV=1.084194e-09, AIC = -1.440595
Change in error: 0.019957. No more terms added.
   27 polynomial terms were written for bicb1
triclong1
  RMS fit error of the full model is: 0.125391 mm
  maximum moment arm: 46.280082 mm
  maximum error allowed: 4.628008 mm
  Model addition step   1: Added term 0 0 0 0 -- RMS=29.380870, GCV=2.916730e-07, AIC = 4.157024
  Model addition step   2: Added term 0 1 0 1 -- RMS=21.345185, GCV=1.539662e-07, AIC = 3.518016
  Model addition step   3: Added term 0 1 0 0 -- RMS=17.718894, GCV=1.061103e-07, AIC = 3.145654
  Model addition step   4: Added term 0 0 0 1 -- RMS=14.370633, GCV=6.980634e-08, AIC = 2.726791
  Model addition step   5: Added term 0 0 1 0 -- RMS=10.703690, GCV=3.873190e-08, AIC = 2.137622
  Model addition step   6: Added term 1 1 0 0 -- RMS=9.068856, GCV=2.780773e-08, AIC = 1.806164
  Model addition step   7: Added term 1 0 1 0 -- RMS=4.840471, GCV=7.923087e-09, AIC = 0.550523
  Model addition step   8: Added term 2 1 0 0 -- RMS=3.496472, GCV=4.134643e-09, AIC = -0.099965
  Model addition step   9: Added term 1 0 0 0 -- RMS=2.961277, GCV=2.966161e-09, AIC = -0.432206
  Model addition step  10: Added term 0 2 2 0 -- RMS=2.123789, GCV=1.525872e-09, AIC = -1.097017
  Model addition step  11: Added term 1 0 2 0 -- RMS=1.852525, GCV=1.161134e-09, AIC = -1.370294
  Model addition step  12: Added term 0 0 0 2 -- RMS=1.549457, GCV=8.124033e-10, AIC = -1.727557
  Model addition step  13: Added term 1 1 2 0 -- RMS=1.396645, GCV=6.601518e-10, AIC = -1.935193
  Model addition step  14: Added term 2 0 1 0 -- RMS=1.232500, GCV=5.141670e-10, AIC = -2.185222
  Model addition step  15: Added term 2 2 0 0 -- RMS=1.147676, GCV=4.458900e-10, AIC = -2.327807
  Model addition step  16: Added term 0 0 2 0 -- RMS=1.050571, GCV=3.736793e-10, AIC = -2.504589
  Model addition step  17: Added term 0 1 2 0 -- RMS=0.951040, GCV=3.062697e-10, AIC = -2.703629
  Model addition step  18: Added term 0 4 0 0 -- RMS=0.841072, GCV=2.395697e-10, AIC = -2.949359
  Model addition step  19: Added term 1 3 0 0 -- RMS=0.758495, GCV=1.948630e-10, AIC = -3.156015
  Model addition step  20: Added term 0 2 0 0 -- RMS=0.632785, GCV=1.356424e-10, AIC = -3.518398
  Model addition step  21: Added term 0 0 3 0 -- RMS=0.557083, GCV=1.051432e-10, AIC = -3.773205
  Model addition step  22: Added term 1 0 0 1 -- RMS=0.480444, GCV=7.821430e-11, AIC = -4.069184
  Model addition step  23: Added term 1 1 1 0 -- RMS=0.386950, GCV=5.074224e-11, AIC = -4.501986
  Model addition step  24: Added term 0 3 0 0 -- RMS=0.357033, GCV=4.320512e-11, AIC = -4.662894
  Model addition step  25: Added term 0 0 0 3 -- RMS=0.332774, GCV=3.753848e-11, AIC = -4.803595
  Model addition step  26: Added term 1 0 3 0 -- RMS=0.307738, GCV=3.210687e-11, AIC = -4.960000
  Model addition step  27: Added term 3 1 0 0 -- RMS=0.283221, GCV=2.719859e-11, AIC = -5.126013
  Model addition step  28: Added term 3 0 1 0 -- RMS=0.242370, GCV=1.992095e-11, AIC = -5.437515
  Model addition step  29: Added term 2 1 1 0 -- RMS=0.216695, GCV=1.592617e-11, AIC = -5.661432
  Model addition step  30: Added term 0 2 1 1 -- RMS=0.194830, GCV=1.287602e-11, AIC = -5.874137
  Model addition step  31: Added term 1 0 0 3 -- RMS=0.184260, GCV=1.151836e-11, AIC = -5.985670
  Model addition step  32: Added term 2 0 2 0 -- RMS=0.177476, GCV=1.068725e-11, AIC = -6.060669
  Model addition step  33: Added term 0 1 3 0 -- RMS=0.166939, GCV=9.457254e-12, AIC = -6.183047
  Model addition step  34: Added term 0 0 1 2 -- RMS=0.158989, GCV=8.579031e-12, AIC = -6.280616
  Model addition step  35: Added term 1 2 0 0 -- RMS=0.154246, GCV=8.075931e-12, AIC = -6.341157
  Model addition step  36: Added term 2 0 0 0 -- RMS=0.145040, GCV=7.141707e-12, AIC = -6.464202
  Model addition step  37: Added term 0 1 1 1 -- RMS=0.140591, GCV=6.711134e-12, AIC = -6.526494
Change in error: 0.013243. No more terms added.
   38 polynomial terms were written for triclong1
triclong2
  RMS fit error of the full model is: 0.149885 mm
  maximum moment arm: 32.944782 mm
  maximum error allowed: 3.294478 mm
  Model addition step   1: Added term 0 0 0 0 -- RMS=21.226810, GCV=1.522427e-07, AIC = 3.506867
  Model addition step   2: Added term 0 1 0 1 -- RMS=14.121087, GCV=6.738480e-08, AIC = 2.691702
  Model addition step   3: Added term 0 1 0 0 -- RMS=11.808708, GCV=4.712910e-08, AIC = 2.334065
  Model addition step   4: Added term 0 0 0 1 -- RMS=9.024686, GCV=2.753007e-08, AIC = 1.796345
  Model addition step   5: Added term 1 0 1 0 -- RMS=6.950588, GCV=1.633220e-08, AIC = 1.274097
  Model addition step   6: Added term 1 1 0 0 -- RMS=5.658278, GCV=1.082503e-08, AIC = 0.862711
  Model addition step   7: Added term 0 0 1 0 -- RMS=4.308824, GCV=6.278223e-09, AIC = 0.317829
  Model addition step   8: Added term 2 1 0 0 -- RMS=2.805300, GCV=2.661561e-09, AIC = -0.540453
  Model addition step   9: Added term 1 0 0 0 -- RMS=2.333998, GCV=1.842628e-09, AIC = -0.908281
  Model addition step  10: Added term 0 2 2 0 -- RMS=2.029171, GCV=1.392941e-09, AIC = -1.188165
  Model addition step  11: Added term 0 0 2 0 -- RMS=1.505804, GCV=7.671692e-10, AIC = -1.784739
  Model addition step  12: Added term 0 1 2 0 -- RMS=1.286688, GCV=5.602209e-10, AIC = -2.099223
  Model addition step  13: Added term 0 1 1 0 -- RMS=1.117056, GCV=4.223004e-10, AIC = -2.381945
  Model addition step  14: Added term 0 0 0 2 -- RMS=0.917246, GCV=2.847752e-10, AIC = -2.776071
  Model addition step  15: Added term 2 2 0 0 -- RMS=0.806502, GCV=2.201912e-10, AIC = -3.033382
  Model addition step  16: Added term 2 0 1 0 -- RMS=0.745684, GCV=1.882596e-10, AIC = -3.190165
  Model addition step  17: Added term 0 2 0 0 -- RMS=0.712951, GCV=1.721181e-10, AIC = -3.279915
  Model addition step  18: Added term 0 3 0 0 -- RMS=0.421512, GCV=6.017081e-11, AIC = -4.331016
  Model addition step  19: Added term 1 0 0 1 -- RMS=0.388575, GCV=5.114161e-11, AIC = -4.493714
  Model addition step  20: Added term 1 2 0 0 -- RMS=0.354561, GCV=4.258584e-11, AIC = -4.676898
  Model addition step  21: Added term 1 0 3 0 -- RMS=0.307800, GCV=3.209806e-11, AIC = -4.959733
  Model addition step  22: Added term 3 0 1 0 -- RMS=0.278740, GCV=2.632690e-11, AIC = -5.158046
  Model addition step  23: Added term 1 1 1 0 -- RMS=0.249400, GCV=2.107906e-11, AIC = -5.380465
  Model addition step  24: Added term 0 0 4 0 -- RMS=0.231231, GCV=1.812212e-11, AIC = -5.531720
  Model addition step  25: Added term 0 0 0 3 -- RMS=0.212486, GCV=1.530516e-11, AIC = -5.700772
  Model addition step  26: Added term 1 1 2 0 -- RMS=0.202664, GCV=1.392476e-11, AIC = -5.795401
  Model addition step  27: Added term 3 1 0 0 -- RMS=0.191070, GCV=1.237880e-11, AIC = -5.913193
  Model addition step  28: Added term 2 1 1 0 -- RMS=0.185941, GCV=1.172475e-11, AIC = -5.967585
Change in error: 0.018354. No more terms added.
   29 polynomial terms were written for triclong2
triclong3
  RMS fit error of the full model is: 0.092513 mm
  maximum moment arm: 33.300855 mm
  maximum error allowed: 3.330086 mm
  Model addition step   1: Added term 0 0 0 0 -- RMS=21.309237, GCV=1.534273e-07, AIC = 3.514618
  Model addition step   2: Added term 0 1 0 1 -- RMS=14.582027, GCV=7.185574e-08, AIC = 2.755943
  Model addition step   3: Added term 0 1 1 0 -- RMS=12.291802, GCV=5.106408e-08, AIC = 2.414256
  Model addition step   4: Added term 1 0 0 2 -- RMS=10.767472, GCV=3.918957e-08, AIC = 2.149477
  Model addition step   5: Added term 0 1 0 0 -- RMS=9.453527, GCV=3.021270e-08, AIC = 1.889221
  Model addition step   6: Added term 0 0 0 1 -- RMS=7.872400, GCV=2.095438e-08, AIC = 1.523198
  Model addition step   7: Added term 1 1 0 0 -- RMS=7.119449, GCV=1.714005e-08, AIC = 1.322160
  Model addition step   8: Added term 1 0 1 0 -- RMS=5.848557, GCV=1.156846e-08, AIC = 0.928916
  Model addition step   9: Added term 0 0 1 0 -- RMS=3.457707, GCV=4.044018e-09, AIC = -0.122235
  Model addition step  10: Added term 2 1 0 0 -- RMS=2.238609, GCV=1.695320e-09, AIC = -0.991711
  Model addition step  11: Added term 1 0 0 0 -- RMS=1.883264, GCV=1.199987e-09, AIC = -1.337380
  Model addition step  12: Added term 0 2 2 0 -- RMS=1.545230, GCV=8.079772e-10, AIC = -1.733020
  Model addition step  13: Added term 1 0 2 0 -- RMS=1.357446, GCV=6.236154e-10, AIC = -1.992128
  Model addition step  14: Added term 0 0 0 2 -- RMS=1.179091, GCV=4.705706e-10, AIC = -2.273825
  Model addition step  15: Added term 1 1 2 0 -- RMS=1.062543, GCV=3.821923e-10, AIC = -2.481955
  Model addition step  16: Added term 2 0 1 0 -- RMS=0.972598, GCV=3.202685e-10, AIC = -2.658827
  Model addition step  17: Added term 0 0 2 0 -- RMS=0.865185, GCV=2.534690e-10, AIC = -2.892854
  Model addition step  18: Added term 0 1 2 0 -- RMS=0.723919, GCV=1.774782e-10, AIC = -3.249356
  Model addition step  19: Added term 2 2 0 0 -- RMS=0.615121, GCV=1.281580e-10, AIC = -3.575048
  Model addition step  20: Added term 0 4 0 0 -- RMS=0.579079, GCV=1.135947e-10, AIC = -3.695784
  Model addition step  21: Added term 0 2 0 0 -- RMS=0.474206, GCV=7.618622e-11, AIC = -4.095348
  Model addition step  22: Added term 1 3 0 0 -- RMS=0.346308, GCV=4.063729e-11, AIC = -4.723951
  Model addition step  23: Added term 0 0 3 0 -- RMS=0.305360, GCV=3.159979e-11, AIC = -4.975595
  Model addition step  24: Added term 0 3 0 0 -- RMS=0.279462, GCV=2.647057e-11, AIC = -5.152820
  Model addition step  25: Added term 1 0 0 3 -- RMS=0.257116, GCV=2.240968e-11, AIC = -5.319469
  Model addition step  26: Added term 1 1 1 0 -- RMS=0.232702, GCV=1.835843e-11, AIC = -5.518981
  Model addition step  27: Added term 3 1 0 0 -- RMS=0.217415, GCV=1.602785e-11, AIC = -5.654851
  Model addition step  28: Added term 3 0 1 0 -- RMS=0.186630, GCV=1.181178e-11, AIC = -5.960190
  Model addition step  29: Added term 1 0 3 0 -- RMS=0.164679, GCV=9.197846e-12, AIC = -6.210426
  Model addition step  30: Added term 0 0 0 3 -- RMS=0.150162, GCV=7.648792e-12, AIC = -6.394956
  Model addition step  31: Added term 2 1 1 0 -- RMS=0.137694, GCV=6.432160e-12, AIC = -6.568302
  Model addition step  32: Added term 2 0 2 0 -- RMS=0.128789, GCV=5.627925e-12, AIC = -6.701979
  Model addition step  33: Added term 0 1 2 1 -- RMS=0.121824, GCV=5.036318e-12, AIC = -6.813153
  Model addition step  34: Added term 0 1 3 0 -- RMS=0.117035, GCV=4.648772e-12, AIC = -6.893334
  Model addition step  35: Added term 0 0 1 1 -- RMS=0.112282, GCV=4.279427e-12, AIC = -6.976226
  Model addition step  36: Added term 0 1 1 1 -- RMS=0.108818, GCV=4.019992e-12, AIC = -7.038874
  Model addition step  37: Added term 4 0 0 0 -- RMS=0.105209, GCV=3.758294e-12, AIC = -7.106297
  Model addition step  38: Added term 1 2 0 0 -- RMS=0.103080, GCV=3.608203e-12, AIC = -7.147161
  Model addition step  39: Added term 1 0 0 1 -- RMS=0.100988, GCV=3.463702e-12, AIC = -7.188141
  Model addition step  40: Added term 2 0 0 0 -- RMS=0.098909, GCV=3.323015e-12, AIC = -7.229715
  Model addition step  41: Added term 3 0 0 0 -- RMS=0.095462, GCV=3.095815e-12, AIC = -7.300645
Change in error: 0.004736. No more terms added.
   42 polynomial terms were written for triclong3
triclong4
  RMS fit error of the full model is: 0.149885 mm
  maximum moment arm: 32.944782 mm
  maximum error allowed: 3.294478 mm
  Model addition step   1: Added term 0 0 0 0 -- RMS=21.226810, GCV=1.522427e-07, AIC = 3.506867
  Model addition step   2: Added term 0 1 0 1 -- RMS=14.121087, GCV=6.738480e-08, AIC = 2.691702
  Model addition step   3: Added term 0 1 0 0 -- RMS=11.808708, GCV=4.712910e-08, AIC = 2.334065
  Model addition step   4: Added term 0 0 0 1 -- RMS=9.024686, GCV=2.753007e-08, AIC = 1.796345
  Model addition step   5: Added term 1 0 1 0 -- RMS=6.950588, GCV=1.633220e-08, AIC = 1.274097
  Model addition step   6: Added term 1 1 0 0 -- RMS=5.658278, GCV=1.082503e-08, AIC = 0.862711
  Model addition step   7: Added term 0 0 1 0 -- RMS=4.308824, GCV=6.278223e-09, AIC = 0.317829
  Model addition step   8: Added term 2 1 0 0 -- RMS=2.805300, GCV=2.661561e-09, AIC = -0.540453
  Model addition step   9: Added term 1 0 0 0 -- RMS=2.333998, GCV=1.842628e-09, AIC = -0.908281
  Model addition step  10: Added term 0 2 2 0 -- RMS=2.029171, GCV=1.392941e-09, AIC = -1.188165
  Model addition step  11: Added term 0 0 2 0 -- RMS=1.505804, GCV=7.671692e-10, AIC = -1.784739
  Model addition step  12: Added term 0 1 2 0 -- RMS=1.286688, GCV=5.602209e-10, AIC = -2.099223
  Model addition step  13: Added term 0 1 1 0 -- RMS=1.117056, GCV=4.223004e-10, AIC = -2.381945
  Model addition step  14: Added term 0 0 0 2 -- RMS=0.917246, GCV=2.847752e-10, AIC = -2.776071
  Model addition step  15: Added term 2 2 0 0 -- RMS=0.806502, GCV=2.201912e-10, AIC = -3.033382
  Model addition step  16: Added term 2 0 1 0 -- RMS=0.745684, GCV=1.882596e-10, AIC = -3.190165
  Model addition step  17: Added term 0 2 0 0 -- RMS=0.712951, GCV=1.721181e-10, AIC = -3.279915
  Model addition step  18: Added term 0 3 0 0 -- RMS=0.421512, GCV=6.017081e-11, AIC = -4.331016
  Model addition step  19: Added term 1 0 0 1 -- RMS=0.388575, GCV=5.114161e-11, AIC = -4.493714
  Model addition step  20: Added term 1 2 0 0 -- RMS=0.354561, GCV=4.258584e-11, AIC = -4.676898
  Model addition step  21: Added term 1 0 3 0 -- RMS=0.307800, GCV=3.209806e-11, AIC = -4.959733
  Model addition step  22: Added term 3 0 1 0 -- RMS=0.278740, GCV=2.632690e-11, AIC = -5.158046
  Model addition step  23: Added term 1 1 1 0 -- RMS=0.249400, GCV=2.107906e-11, AIC = -5.380465
  Model addition step  24: Added term 0 0 4 0 -- RMS=0.231231, GCV=1.812212e-11, AIC = -5.531720
  Model addition step  25: Added term 0 0 0 3 -- RMS=0.212486, GCV=1.530516e-11, AIC = -5.700772
  Model addition step  26: Added term 1 1 2 0 -- RMS=0.202664, GCV=1.392476e-11, AIC = -5.795401
  Model addition step  27: Added term 3 1 0 0 -- RMS=0.191070, GCV=1.237880e-11, AIC = -5.913193
  Model addition step  28: Added term 2 1 1 0 -- RMS=0.185941, GCV=1.172475e-11, AIC = -5.967585
Change in error: 0.018354. No more terms added.
   29 polynomial terms were written for triclong4
latdorsi1
  RMS fit error of the full model is: 1.728232 mm
  maximum moment arm: 140.439933 mm
  maximum error allowed: 14.043993 mm
  Model addition step   1: Added term 0 0 0 0 0 0 0 0 0 -- RMS=83.481242, GCV=4.709500e-06, AIC = 6.938714
  Model addition step   2: Added term 1 0 0 0 0 0 0 0 0 -- RMS=72.895077, GCV=3.591303e-06, AIC = 6.667526
  Model addition step   3: Added term 0 0 0 0 1 0 0 0 0 -- RMS=64.275138, GCV=2.792546e-06, AIC = 6.415843
  Model addition step   4: Added term 0 0 1 0 0 0 0 0 0 -- RMS=53.927207, GCV=1.966025e-06, AIC = 6.064781
  Model addition step   5: Added term 0 0 0 0 0 0 0 1 0 -- RMS=46.716902, GCV=1.475638e-06, AIC = 5.777737
  Model addition step   6: Added term 0 1 0 0 0 0 0 0 0 -- RMS=40.946292, GCV=1.133756e-06, AIC = 5.514061
  Model addition step   7: Added term 0 0 0 0 0 0 1 0 0 -- RMS=34.465321, GCV=8.033667e-07, AIC = 5.169459
  Model addition step   8: Added term 0 0 0 0 0 1 0 0 0 -- RMS=30.388346, GCV=6.246289e-07, AIC = 4.917683
  Model addition step   9: Added term 0 0 0 1 0 0 0 2 1 -- RMS=27.148384, GCV=4.986027e-07, AIC = 4.692214
  Model addition step  10: Added term 0 0 0 1 0 0 1 0 1 -- RMS=25.617337, GCV=4.440106e-07, AIC = 4.576131
  Model addition step  11: Added term 0 2 0 0 0 0 0 0 0 -- RMS=24.411939, GCV=4.032633e-07, AIC = 4.479750
  Model addition step  12: Added term 0 0 0 2 1 0 0 1 0 -- RMS=23.441956, GCV=3.719037e-07, AIC = 4.398674
  Model addition step  13: Added term 0 0 1 1 0 0 0 1 0 -- RMS=22.435685, GCV=3.407064e-07, AIC = 4.310938
  Model addition step  14: Added term 0 0 0 1 0 1 0 0 0 -- RMS=21.478526, GCV=3.122980e-07, AIC = 4.223753
  Model addition step  15: Added term 0 0 0 1 0 0 0 0 0 -- RMS=20.211673, GCV=2.765818e-07, AIC = 4.102180
  Model addition step  16: Added term 0 0 0 1 0 0 2 0 0 -- RMS=19.434274, GCV=2.557493e-07, AIC = 4.023750
  Model addition step  17: Added term 0 0 0 0 0 0 0 0 1 -- RMS=18.707727, GCV=2.370165e-07, AIC = 3.947560
  Model addition step  18: Added term 0 0 0 1 0 0 0 0 3 -- RMS=18.016671, GCV=2.198591e-07, AIC = 3.872295
  Model addition step  19: Added term 0 1 0 0 0 1 0 0 0 -- RMS=17.469176, GCV=2.067278e-07, AIC = 3.810590
  Model addition step  20: Added term 0 0 0 0 1 0 0 1 0 -- RMS=17.084820, GCV=1.977578e-07, AIC = 3.766108
Change in error: 0.019531. No more terms added.
   21 polynomial terms were written for latdorsi1
latdorsi2
  RMS fit error of the full model is: 1.784719 mm
  maximum moment arm: 146.961006 mm
  maximum error allowed: 14.696101 mm
  Model addition step   1: Added term 0 0 0 0 0 0 0 0 0 -- RMS=89.756165, GCV=5.444093e-06, AIC = 7.083664
  Model addition step   2: Added term 1 0 0 0 0 0 0 0 0 -- RMS=79.716574, GCV=4.294899e-06, AIC = 6.846439
  Model addition step   3: Added term 0 0 1 0 0 0 0 0 0 -- RMS=70.267147, GCV=3.337483e-06, AIC = 6.594106
  Model addition step   4: Added term 0 0 0 0 1 0 0 0 0 -- RMS=59.492252, GCV=2.392731e-06, AIC = 6.261203
  Model addition step   5: Added term 0 0 0 0 0 0 0 1 0 -- RMS=50.039556, GCV=1.693007e-06, AIC = 5.915152
  Model addition step   6: Added term 0 1 0 0 0 0 0 0 0 -- RMS=39.811488, GCV=1.071784e-06, AIC = 5.457849
  Model addition step   7: Added term 0 0 0 0 0 0 1 0 0 -- RMS=33.956375, GCV=7.798155e-07, AIC = 5.139705
  Model addition step   8: Added term 0 0 0 0 0 1 0 0 0 -- RMS=28.126747, GCV=5.351148e-07, AIC = 4.763007
  Model addition step   9: Added term 0 0 0 1 0 0 0 3 0 -- RMS=26.869923, GCV=4.884268e-07, AIC = 4.671594
  Model addition step  10: Added term 0 0 0 1 0 0 1 0 1 -- RMS=25.801582, GCV=4.504204e-07, AIC = 4.590464
  Model addition step  11: Added term 0 1 0 2 0 0 0 0 0 -- RMS=24.692179, GCV=4.125750e-07, AIC = 4.502579
  Model addition step  12: Added term 0 0 0 1 0 0 2 1 0 -- RMS=23.982710, GCV=3.892596e-07, AIC = 4.444285
  Model addition step  13: Added term 0 0 1 0 1 0 0 0 1 -- RMS=23.440732, GCV=3.719152e-07, AIC = 4.398583
  Model addition step  14: Added term 0 0 0 1 0 0 0 2 1 -- RMS=22.797019, GCV=3.518167e-07, AIC = 4.342906
  Model addition step  15: Added term 0 0 0 0 0 0 0 0 1 -- RMS=21.150396, GCV=3.028699e-07, AIC = 4.192977
  Model addition step  16: Added term 0 0 0 1 0 0 1 0 2 -- RMS=20.629912, GCV=2.881858e-07, AIC = 4.143157
  Model addition step  17: Added term 0 0 0 1 0 1 0 0 0 -- RMS=20.117682, GCV=2.740895e-07, AIC = 4.092885
  Model addition step  18: Added term 0 0 0 3 0 0 0 0 0 -- RMS=19.137963, GCV=2.480771e-07, AIC = 3.993048
  Model addition step  19: Added term 0 1 0 0 0 0 0 0 1 -- RMS=18.619510, GCV=2.348500e-07, AIC = 3.938134
  Model addition step  20: Added term 0 0 0 1 0 2 0 0 1 -- RMS=18.081909, GCV=2.215141e-07, AIC = 3.879551
Change in error: 0.017947. No more terms added.
   21 polynomial terms were written for latdorsi2
latdorsi3
  RMS fit error of the full model is: 1.983695 mm
  maximum moment arm: 164.387178 mm
  maximum error allowed: 16.438718 mm
  Model addition step   1: Added term 0 0 0 0 0 0 0 0 0 -- RMS=101.328149, GCV=6.938366e-06, AIC = 7.326199
  Model addition step   2: Added term 1 0 0 0 0 0 0 0 0 -- RMS=90.460986, GCV=5.530677e-06, AIC = 7.099321
  Model addition step   3: Added term 0 0 1 0 0 0 0 1 0 -- RMS=79.131764, GCV=4.232686e-06, AIC = 6.831726
  Model addition step   4: Added term 0 0 0 0 1 0 0 0 0 -- RMS=68.194245, GCV=3.143899e-06, AIC = 6.534231
  Model addition step   5: Added term 0 1 0 0 0 0 0 0 0 -- RMS=56.783126, GCV=2.180070e-06, AIC = 6.168003
  Model addition step   6: Added term 0 0 1 0 0 0 0 0 0 -- RMS=50.713184, GCV=1.739131e-06, AIC = 5.941910
  Model addition step   7: Added term 0 0 0 0 0 0 0 1 0 -- RMS=43.690294, GCV=1.290979e-06, AIC = 5.643804
  Model addition step   8: Added term 0 0 0 0 0 0 1 0 0 -- RMS=37.621121, GCV=9.573514e-07, AIC = 5.344696
  Model addition step   9: Added term 0 0 0 0 0 1 0 0 0 -- RMS=30.519778, GCV=6.301289e-07, AIC = 4.926328
  Model addition step  10: Added term 0 1 0 2 0 0 0 0 0 -- RMS=29.357243, GCV=5.831173e-07, AIC = 4.848671
  Model addition step  11: Added term 0 0 0 1 0 0 1 0 1 -- RMS=28.330854, GCV=5.431295e-07, AIC = 4.777509
  Model addition step  12: Added term 0 0 0 0 0 0 0 0 1 -- RMS=27.264310, GCV=5.030740e-07, AIC = 4.700776
  Model addition step  13: Added term 0 0 0 2 0 0 0 1 1 -- RMS=24.580279, GCV=4.089547e-07, AIC = 4.493522
  Model addition step  14: Added term 0 0 0 0 0 0 2 1 0 -- RMS=23.468874, GCV=3.728592e-07, AIC = 4.400996
  Model addition step  15: Added term 0 1 0 0 0 0 0 0 1 -- RMS=22.691635, GCV=3.486187e-07, AIC = 4.333652
  Model addition step  16: Added term 0 0 0 0 0 0 1 0 2 -- RMS=22.026368, GCV=3.285213e-07, AIC = 4.274154
  Model addition step  17: Added term 0 0 0 1 0 1 0 0 0 -- RMS=21.408762, GCV=3.103985e-07, AIC = 4.217287
  Model addition step  18: Added term 0 0 0 1 0 2 0 0 1 -- RMS=20.959977, GCV=2.975616e-07, AIC = 4.174930
Change in error: 0.019535. No more terms added.
   19 polynomial terms were written for latdorsi3
latdorsi4
  RMS fit error of the full model is: 1.353792 mm
  maximum moment arm: 173.660010 mm
  maximum error allowed: 17.366001 mm
  Model addition step   1: Added term 0 0 0 0 0 0 0 0 0 -- RMS=106.040419, GCV=7.598710e-06, AIC = 7.417111
  Model addition step   2: Added term 1 0 0 0 0 0 0 0 0 -- RMS=95.023208, GCV=6.102602e-06, AIC = 7.197726
  Model addition step   3: Added term 0 0 1 0 0 0 0 1 0 -- RMS=84.004216, GCV=4.769980e-06, AIC = 6.951232
  Model addition step   4: Added term 0 1 0 0 0 0 0 0 0 -- RMS=72.047823, GCV=3.509254e-06, AIC = 6.644171
  Model addition step   5: Added term 0 0 0 0 1 0 0 0 0 -- RMS=60.060964, GCV=2.439026e-06, AIC = 6.280245
  Model addition step   6: Added term 0 0 1 0 0 0 0 0 0 -- RMS=54.294485, GCV=1.993434e-06, AIC = 6.078383
  Model addition step   7: Added term 0 0 0 0 0 1 0 0 0 -- RMS=47.867269, GCV=1.549625e-06, AIC = 5.826415
  Model addition step   8: Added term 0 0 0 0 0 0 0 1 0 -- RMS=41.237561, GCV=1.150254e-06, AIC = 5.528264
  Model addition step   9: Added term 0 0 0 0 0 0 1 0 0 -- RMS=33.863072, GCV=7.757457e-07, AIC = 5.134229
  Model addition step  10: Added term 0 0 0 0 0 0 0 0 1 -- RMS=32.383860, GCV=7.095493e-07, AIC = 5.044912
  Model addition step  11: Added term 0 0 0 2 0 0 0 1 1 -- RMS=30.713074, GCV=6.383086e-07, AIC = 4.938983
  Model addition step  12: Added term 0 0 0 1 0 0 1 0 1 -- RMS=28.059819, GCV=5.328593e-07, AIC = 4.758296
  Model addition step  13: Added term 0 1 0 2 0 0 0 0 0 -- RMS=26.558397, GCV=4.774251e-07, AIC = 4.648325
  Model addition step  14: Added term 0 0 0 0 0 0 2 1 0 -- RMS=25.669910, GCV=4.460761e-07, AIC = 4.580285
  Model addition step  15: Added term 0 1 0 0 0 0 0 1 1 -- RMS=24.860409, GCV=4.184423e-07, AIC = 4.516213
  Model addition step  16: Added term 0 0 0 0 0 0 1 0 2 -- RMS=24.333256, GCV=4.009390e-07, AIC = 4.473361
  Model addition step  17: Added term 0 0 0 0 1 0 0 1 0 -- RMS=23.789914, GCV=3.832854e-07, AIC = 4.428210
  Model addition step  18: Added term 0 1 0 0 0 0 1 0 1 -- RMS=23.272616, GCV=3.668476e-07, AIC = 4.384255
Change in error: 0.014180. No more terms added.
   19 polynomial terms were written for latdorsi4
latdorsi5
  RMS fit error of the full model is: 3.840175 mm
  maximum moment arm: 188.592462 mm
  maximum error allowed: 18.859246 mm
  Model addition step   1: Added term 0 0 0 0 0 0 0 0 0 -- RMS=107.798029, GCV=7.852693e-06, AIC = 7.449989
  Model addition step   2: Added term 0 1 0 0 0 0 0 0 0 -- RMS=97.113237, GCV=6.374007e-06, AIC = 7.241239
  Model addition step   3: Added term 0 0 1 0 0 0 0 1 0 -- RMS=85.592571, GCV=4.952067e-06, AIC = 6.988695
  Model addition step   4: Added term 1 0 0 0 0 0 0 0 0 -- RMS=73.670465, GCV=3.669103e-06, AIC = 6.688715
  Model addition step   5: Added term 0 0 0 0 1 0 0 1 0 -- RMS=61.503819, GCV=2.557620e-06, AIC = 6.327723
  Model addition step   6: Added term 0 0 0 0 0 1 0 0 0 -- RMS=56.133926, GCV=2.130793e-06, AIC = 6.145019
  Model addition step   7: Added term 0 0 0 0 0 0 1 0 0 -- RMS=50.995484, GCV=1.758785e-06, AIC = 5.953026
  Model addition step   8: Added term 0 0 1 0 0 0 0 0 0 -- RMS=47.972769, GCV=1.556673e-06, AIC = 5.830832
  Model addition step   9: Added term 0 0 0 0 1 0 0 0 0 -- RMS=43.984036, GCV=1.308750e-06, AIC = 5.657232
  Model addition step  10: Added term 0 0 0 0 0 0 0 1 0 -- RMS=39.943397, GCV=1.079482e-06, AIC = 5.464519
  Model addition step  11: Added term 0 0 0 0 0 0 0 0 1 -- RMS=37.551841, GCV=9.542157e-07, AIC = 5.341050
  Model addition step  12: Added term 0 0 0 1 0 0 0 2 1 -- RMS=36.411370, GCV=8.972571e-07, AIC = 5.279381
  Model addition step  13: Added term 0 0 0 1 0 0 1 0 1 -- RMS=34.510047, GCV=8.061070e-07, AIC = 5.172134
  Model addition step  14: Added term 0 1 0 2 0 0 0 0 0 -- RMS=33.338587, GCV=7.524102e-07, AIC = 5.103077
  Model addition step  15: Added term 0 0 0 0 0 0 0 0 2 -- RMS=32.520246, GCV=7.160225e-07, AIC = 5.053385
  Model addition step  16: Added term 0 0 0 0 0 0 0 2 0 -- RMS=31.597330, GCV=6.760496e-07, AIC = 4.995818
  Model addition step  17: Added term 0 1 0 0 0 0 0 0 1 -- RMS=30.830137, GCV=6.437059e-07, AIC = 4.946672
  Model addition step  18: Added term 0 0 0 1 0 0 0 0 3 -- RMS=30.132893, GCV=6.150027e-07, AIC = 4.900935
  Model addition step  19: Added term 0 0 0 1 0 1 0 0 1 -- RMS=29.500827, GCV=5.895525e-07, AIC = 4.858550
  Model addition step  20: Added term 0 0 0 0 1 0 0 0 1 -- RMS=28.699329, GCV=5.580284e-07, AIC = 4.803475
Change in error: 0.018455. No more terms added.
   21 polynomial terms were written for latdorsi5
latdorsi6
  RMS fit error of the full model is: 3.417245 mm
  maximum moment arm: 197.442442 mm
  maximum error allowed: 19.744244 mm
  Model addition step   1: Added term 0 0 0 0 0 0 0 0 0 -- RMS=108.803024, GCV=7.999796e-06, AIC = 7.468549
  Model addition step   2: Added term 0 1 0 0 0 0 0 0 0 -- RMS=97.385140, GCV=6.409749e-06, AIC = 7.246831
  Model addition step   3: Added term 0 0 1 0 0 0 0 1 0 -- RMS=84.542024, GCV=4.831251e-06, AIC = 6.963995
  Model addition step   4: Added term 0 0 0 0 1 0 0 1 0 -- RMS=72.584330, GCV=3.561712e-06, AIC = 6.659009
  Model addition step   5: Added term 1 0 0 0 0 0 0 0 0 -- RMS=61.086081, GCV=2.522995e-06, AIC = 6.314093
  Model addition step   6: Added term 0 0 0 0 0 0 1 0 0 -- RMS=56.206250, GCV=2.136288e-06, AIC = 6.147594
  Model addition step   7: Added term 0 0 0 0 0 1 0 0 0 -- RMS=51.966375, GCV=1.826392e-06, AIC = 5.990745
  Model addition step   8: Added term 0 0 0 0 1 0 0 0 0 -- RMS=49.588570, GCV=1.663302e-06, AIC = 5.897086
  Model addition step   9: Added term 0 0 1 0 0 0 0 0 0 -- RMS=46.585289, GCV=1.468129e-06, AIC = 5.772148
  Model addition step  10: Added term 0 0 0 0 0 0 0 1 0 -- RMS=42.791153, GCV=1.238892e-06, AIC = 5.602255
  Model addition step  11: Added term 0 0 0 0 0 0 0 0 2 -- RMS=40.525178, GCV=1.111307e-06, AIC = 5.493453
  Model addition step  12: Added term 0 0 0 1 0 0 0 1 2 -- RMS=38.396631, GCV=9.977668e-07, AIC = 5.385559
  Model addition step  13: Added term 0 1 0 2 0 0 0 0 1 -- RMS=37.144581, GCV=9.338830e-07, AIC = 5.319268
  Model addition step  14: Added term 2 0 0 0 0 0 0 0 0 -- RMS=36.103268, GCV=8.823753e-07, AIC = 5.262413
  Model addition step  15: Added term 0 0 0 2 0 0 1 0 1 -- RMS=35.079193, GCV=8.331405e-07, AIC = 5.204876
Change in error: 0.014696. No more terms added.
   16 polynomial terms were written for latdorsi6
pectmajt1
  RMS fit error of the full model is: 2.165116 mm
  maximum moment arm: 167.421981 mm
  maximum error allowed: 16.742198 mm
  Model addition step   1: Added term 0 0 0 0 0 0 0 0 0 -- RMS=104.017374, GCV=7.311538e-06, AIC = 7.378586
  Model addition step   2: Added term 0 1 0 0 0 0 0 0 0 -- RMS=93.176464, GCV=5.867703e-06, AIC = 7.158474
  Model addition step   3: Added term 1 0 0 0 0 0 0 0 0 -- RMS=84.850158, GCV=4.866533e-06, AIC = 6.971271
  Model addition step   4: Added term 0 0 0 0 1 0 0 0 0 -- RMS=76.486440, GCV=3.954959e-06, AIC = 6.763738
  Model addition step   5: Added term 0 0 0 1 0 0 0 0 1 -- RMS=67.554889, GCV=3.085641e-06, AIC = 6.515405
  Model addition step   6: Added term 0 0 0 0 0 0 1 0 0 -- RMS=59.143686, GCV=2.365415e-06, AIC = 6.249478
  Model addition step   7: Added term 0 0 1 0 0 0 0 1 0 -- RMS=49.736716, GCV=1.673029e-06, AIC = 5.903038
  Model addition step   8: Added term 0 0 0 0 0 1 0 0 0 -- RMS=43.537343, GCV=1.282129e-06, AIC = 5.636803
  Model addition step   9: Added term 0 0 0 0 1 0 0 1 0 -- RMS=40.929642, GCV=1.133294e-06, AIC = 5.513288
  Model addition step  10: Added term 0 0 0 1 1 0 0 0 0 -- RMS=38.161577, GCV=9.853216e-07, AIC = 5.373250
  Model addition step  11: Added term 0 0 0 0 0 0 1 0 1 -- RMS=36.016119, GCV=8.777643e-07, AIC = 5.257539
  Model addition step  12: Added term 0 0 0 1 0 1 0 0 1 -- RMS=34.576509, GCV=8.091054e-07, AIC = 5.175968
  Model addition step  13: Added term 0 0 0 2 0 0 0 0 0 -- RMS=33.177454, GCV=7.450539e-07, AIC = 5.093374
  Model addition step  14: Added term 0 0 0 0 0 0 0 1 0 -- RMS=31.944793, GCV=6.908129e-07, AIC = 5.017665
  Model addition step  15: Added term 0 0 1 1 0 0 0 0 1 -- RMS=30.499117, GCV=6.297869e-07, AIC = 4.925055
  Model addition step  16: Added term 0 0 0 0 0 0 1 1 0 -- RMS=28.823615, GCV=5.625676e-07, AIC = 4.812063
  Model addition step  17: Added term 0 0 0 2 0 2 0 0 0 -- RMS=27.600654, GCV=5.159116e-07, AIC = 4.725366
  Model addition step  18: Added term 0 0 0 0 0 0 1 2 0 -- RMS=26.454281, GCV=4.740097e-07, AIC = 4.640536
  Model addition step  19: Added term 0 0 0 1 0 2 0 1 0 -- RMS=25.404011, GCV=4.371784e-07, AIC = 4.559528
  Model addition step  20: Added term 1 0 0 0 0 0 0 2 1 -- RMS=24.375864, GCV=4.025621e-07, AIC = 4.476914
  Model addition step  21: Added term 0 0 1 0 1 0 0 0 0 -- RMS=23.508040, GCV=3.744592e-07, AIC = 4.404426
  Model addition step  22: Added term 0 0 2 1 0 0 0 0 0 -- RMS=22.521220, GCV=3.437275e-07, AIC = 4.318670
  Model addition step  23: Added term 0 0 0 0 2 0 0 0 0 -- RMS=21.273872, GCV=3.067484e-07, AIC = 4.204727
  Model addition step  24: Added term 0 1 0 2 0 0 0 0 1 -- RMS=20.285474, GCV=2.789448e-07, AIC = 4.109591
  Model addition step  25: Added term 2 0 0 1 0 1 0 0 0 -- RMS=19.634565, GCV=2.613661e-07, AIC = 4.044378
  Model addition step  26: Added term 0 0 1 0 0 1 0 0 0 -- RMS=19.020779, GCV=2.453139e-07, AIC = 3.980872
  Model addition step  27: Added term 1 0 1 1 0 0 0 1 0 -- RMS=18.455943, GCV=2.309919e-07, AIC = 3.920595
  Model addition step  28: Added term 0 0 0 0 1 3 0 0 0 -- RMS=17.958998, GCV=2.187496e-07, AIC = 3.866018
  Model addition step  29: Added term 0 0 0 1 0 0 0 0 2 -- RMS=17.427096, GCV=2.060117e-07, AIC = 3.805901
  Model addition step  30: Added term 0 0 0 1 0 0 0 1 0 -- RMS=17.066282, GCV=1.975962e-07, AIC = 3.764072
Change in error: 0.019756. No more terms added.
   31 polynomial terms were written for pectmajt1
pectmajt2
  RMS fit error of the full model is: 1.563933 mm
  maximum moment arm: 147.561328 mm
  maximum error allowed: 14.756133 mm
  Model addition step   1: Added term 0 0 0 0 0 0 0 0 0 -- RMS=95.939830, GCV=6.220064e-06, AIC = 7.216913
  Model addition step   2: Added term 0 1 0 0 0 0 0 0 0 -- RMS=86.874384, GCV=5.100810e-06, AIC = 7.018410
  Model addition step   3: Added term 1 0 0 0 0 0 0 0 0 -- RMS=76.796105, GCV=3.986509e-06, AIC = 6.771805
  Model addition step   4: Added term 0 0 0 1 0 0 0 0 1 -- RMS=67.907508, GCV=3.117516e-06, AIC = 6.525804
  Model addition step   5: Added term 0 0 0 0 1 0 0 0 0 -- RMS=59.276104, GCV=2.375697e-06, AIC = 6.253937
  Model addition step   6: Added term 0 0 0 0 0 0 1 0 0 -- RMS=51.604593, GCV=1.800807e-06, AIC = 5.976759
  Model addition step   7: Added term 0 0 1 0 0 0 0 1 0 -- RMS=44.029272, GCV=1.311089e-06, AIC = 5.659261
  Model addition step   8: Added term 0 0 0 0 0 1 0 0 0 -- RMS=35.973762, GCV=8.753457e-07, AIC = 5.255145
  Model addition step   9: Added term 0 0 0 1 1 0 0 0 0 -- RMS=33.699578, GCV=7.682730e-07, AIC = 5.124549
  Model addition step  10: Added term 0 0 0 1 1 0 0 1 0 -- RMS=31.532997, GCV=6.727533e-07, AIC = 4.991661
  Model addition step  11: Added term 0 0 0 0 0 0 1 0 1 -- RMS=29.362744, GCV=5.834147e-07, AIC = 4.849059
  Model addition step  12: Added term 0 0 0 2 0 0 0 0 0 -- RMS=27.969871, GCV=5.294485e-07, AIC = 4.751875
  Model addition step  13: Added term 0 0 0 0 0 1 0 0 1 -- RMS=26.629185, GCV=4.799736e-07, AIC = 4.653648
  Model addition step  14: Added term 0 0 0 0 0 0 0 1 0 -- RMS=25.373905, GCV=4.358479e-07, AIC = 4.557089
  Model addition step  15: Added term 0 0 0 0 0 0 1 1 0 -- RMS=23.782285, GCV=3.829360e-07, AIC = 4.427542
  Model addition step  16: Added term 0 0 1 1 0 0 0 0 1 -- RMS=22.117256, GCV=3.312381e-07, AIC = 4.282389
  Model addition step  17: Added term 0 0 0 2 0 2 0 0 0 -- RMS=21.230970, GCV=3.052645e-07, AIC = 4.200609
  Model addition step  18: Added term 0 0 0 1 0 2 0 1 0 -- RMS=20.134966, GCV=2.745978e-07, AIC = 4.094616
  Model addition step  19: Added term 0 0 0 0 0 0 1 3 0 -- RMS=19.229534, GCV=2.504907e-07, AIC = 4.002608
  Model addition step  20: Added term 0 0 1 0 1 0 0 0 0 -- RMS=18.397735, GCV=2.293198e-07, AIC = 3.914182
  Model addition step  21: Added term 0 0 2 1 0 0 0 0 0 -- RMS=17.323975, GCV=2.033606e-07, AIC = 3.793924
  Model addition step  22: Added term 0 0 0 0 2 1 0 0 0 -- RMS=16.430172, GCV=1.829425e-07, AIC = 3.687993
  Model addition step  23: Added term 0 0 0 1 0 0 0 1 0 -- RMS=15.646805, GCV=1.659360e-07, AIC = 3.590301
  Model addition step  24: Added term 0 0 1 0 0 1 0 0 0 -- RMS=14.892644, GCV=1.503459e-07, AIC = 3.491516
  Model addition step  25: Added term 0 1 0 1 0 0 0 1 1 -- RMS=14.140968, GCV=1.355704e-07, AIC = 3.387947
  Model addition step  26: Added term 0 0 0 0 0 1 0 1 0 -- RMS=13.619384, GCV=1.257710e-07, AIC = 3.312797
  Model addition step  27: Added term 0 0 0 0 0 0 0 3 1 -- RMS=13.180226, GCV=1.178067e-07, AIC = 3.247257
  Model addition step  28: Added term 0 1 0 2 0 1 0 0 0 -- RMS=12.833328, GCV=1.117022e-07, AIC = 3.193926
  Model addition step  29: Added term 1 1 1 0 0 0 0 1 0 -- RMS=12.540168, GCV=1.066716e-07, AIC = 3.147723
  Model addition step  30: Added term 0 0 0 0 0 0 2 1 0 -- RMS=12.288833, GCV=1.024524e-07, AIC = 3.107244
Change in error: 0.016411. No more terms added.
   31 polynomial terms were written for pectmajt2
pectmajt3
  RMS fit error of the full model is: 1.264123 mm
  maximum moment arm: 133.208725 mm
  maximum error allowed: 13.320872 mm
  Model addition step   1: Added term 0 0 0 0 0 0 0 0 0 -- RMS=85.427382, GCV=4.931638e-06, AIC = 6.984804
  Model addition step   2: Added term 0 1 0 0 0 0 0 0 0 -- RMS=77.453538, GCV=4.054508e-06, AIC = 6.788841
  Model addition step   3: Added term 1 0 0 0 0 0 0 1 0 -- RMS=69.583720, GCV=3.272877e-06, AIC = 6.574559
  Model addition step   4: Added term 0 0 0 1 0 0 0 0 1 -- RMS=60.676230, GCV=2.488916e-06, AIC = 6.300615
  Model addition step   5: Added term 0 0 0 0 1 0 0 0 0 -- RMS=52.651587, GCV=1.874367e-06, AIC = 6.016917
  Model addition step   6: Added term 0 0 0 0 0 0 1 0 0 -- RMS=45.952264, GCV=1.427921e-06, AIC = 5.744744
  Model addition step   7: Added term 0 0 0 0 0 1 0 0 0 -- RMS=38.802604, GCV=1.018289e-06, AIC = 5.406526
  Model addition step   8: Added term 0 0 1 0 0 0 0 1 0 -- RMS=35.000843, GCV=8.286382e-07, AIC = 5.200309
  Model addition step   9: Added term 1 0 0 0 0 0 0 0 0 -- RMS=31.064079, GCV=6.528052e-07, AIC = 4.961683
  Model addition step  10: Added term 0 0 0 1 1 0 0 0 0 -- RMS=28.726006, GCV=5.583106e-07, AIC = 4.805198
  Model addition step  11: Added term 0 0 0 0 0 0 1 0 1 -- RMS=26.727284, GCV=4.833856e-07, AIC = 4.660975
  Model addition step  12: Added term 0 0 0 1 1 0 0 1 0 -- RMS=25.330156, GCV=4.342287e-07, AIC = 4.553610
  Model addition step  13: Added term 0 0 0 2 0 0 0 0 0 -- RMS=24.108428, GCV=3.934045e-07, AIC = 4.454756
  Model addition step  14: Added term 0 0 0 0 0 1 0 0 1 -- RMS=23.192905, GCV=3.641419e-07, AIC = 4.377339
  Model addition step  15: Added term 0 0 0 0 0 0 1 1 0 -- RMS=22.384125, GCV=3.392339e-07, AIC = 4.306364
  Model addition step  16: Added term 0 0 0 0 0 0 0 1 0 -- RMS=21.096425, GCV=3.013669e-07, AIC = 4.187880
  Model addition step  17: Added term 0 0 1 2 0 0 0 0 0 -- RMS=19.676378, GCV=2.621965e-07, AIC = 4.048524
  Model addition step  18: Added term 0 0 0 2 0 0 0 1 0 -- RMS=18.649649, GCV=2.355790e-07, AIC = 3.941355
  Model addition step  19: Added term 0 0 0 0 0 1 0 1 0 -- RMS=17.743531, GCV=2.132722e-07, AIC = 3.841756
  Model addition step  20: Added term 0 0 1 0 0 1 0 0 0 -- RMS=16.934275, GCV=1.942880e-07, AIC = 3.748407
  Model addition step  21: Added term 0 0 0 2 0 2 0 0 0 -- RMS=15.918683, GCV=1.717062e-07, AIC = 3.624728
  Model addition step  22: Added term 0 0 0 0 0 0 1 3 0 -- RMS=15.162897, GCV=1.558098e-07, AIC = 3.527457
  Model addition step  23: Added term 0 1 0 0 0 0 0 2 1 -- RMS=14.371480, GCV=1.399884e-07, AIC = 3.420259
  Model addition step  24: Added term 0 0 1 1 0 0 0 0 1 -- RMS=13.731050, GCV=1.278072e-07, AIC = 3.329101
  Model addition step  25: Added term 2 0 0 0 0 0 0 0 0 -- RMS=13.176133, GCV=1.177017e-07, AIC = 3.246609
  Model addition step  26: Added term 0 0 0 0 0 0 0 3 1 -- RMS=12.748090, GCV=1.101934e-07, AIC = 3.180571
  Model addition step  27: Added term 0 0 2 1 0 1 0 0 0 -- RMS=12.343461, GCV=1.033233e-07, AIC = 3.116075
  Model addition step  28: Added term 0 0 1 2 1 0 0 0 0 -- RMS=12.083408, GCV=9.902892e-08, AIC = 3.073502
Change in error: 0.019934. No more terms added.
   29 polynomial terms were written for pectmajt3
pectmajt4
  RMS fit error of the full model is: 1.002658 mm
  maximum moment arm: 112.219088 mm
  maximum error allowed: 11.221909 mm
  Model addition step   1: Added term 0 0 0 0 0 0 0 0 0 -- RMS=72.895982, GCV=3.590907e-06, AIC = 6.667538
  Model addition step   2: Added term 0 1 0 0 0 0 0 0 0 -- RMS=65.982025, GCV=2.942435e-06, AIC = 6.468249
  Model addition step   3: Added term 0 0 0 1 0 0 0 0 1 -- RMS=58.886379, GCV=2.343927e-06, AIC = 6.240717
  Model addition step   4: Added term 1 0 0 0 0 0 0 0 0 -- RMS=51.198569, GCV=1.772102e-06, AIC = 5.960934
  Model addition step   5: Added term 0 0 0 0 1 0 0 0 0 -- RMS=44.960590, GCV=1.366771e-06, AIC = 5.701097
  Model addition step   6: Added term 0 0 0 0 0 0 1 0 0 -- RMS=38.814246, GCV=1.018762e-06, AIC = 5.407113
  Model addition step   7: Added term 0 0 0 0 0 1 0 0 0 -- RMS=31.956968, GCV=6.906855e-07, AIC = 5.018332
  Model addition step   8: Added term 0 0 1 0 0 0 0 1 0 -- RMS=26.237608, GCV=4.656466e-07, AIC = 4.623953
  Model addition step   9: Added term 0 0 0 1 1 0 0 0 0 -- RMS=24.217134, GCV=3.967456e-07, AIC = 4.463699
  Model addition step  10: Added term 0 0 0 0 0 0 1 0 1 -- RMS=22.747419, GCV=3.500980e-07, AIC = 4.338496
  Model addition step  11: Added term 0 0 0 0 0 0 0 1 0 -- RMS=21.599558, GCV=3.156995e-07, AIC = 4.234951
  Model addition step  12: Added term 0 0 0 1 0 1 0 1 0 -- RMS=19.390099, GCV=2.544502e-07, AIC = 4.019144
  Model addition step  13: Added term 0 0 0 0 0 0 1 1 0 -- RMS=18.305551, GCV=2.268126e-07, AIC = 3.904041
  Model addition step  14: Added term 0 0 0 2 0 0 0 1 0 -- RMS=17.199164, GCV=2.002511e-07, AIC = 3.779368
  Model addition step  15: Added term 0 0 1 1 0 0 0 1 0 -- RMS=16.230787, GCV=1.783603e-07, AIC = 3.663479
  Model addition step  16: Added term 0 0 0 0 0 1 0 0 1 -- RMS=15.594174, GCV=1.646655e-07, AIC = 3.583468
  Model addition step  17: Added term 0 0 1 1 0 0 0 0 1 -- RMS=14.834245, GCV=1.490279e-07, AIC = 3.483563
  Model addition step  18: Added term 0 0 0 0 0 0 0 3 1 -- RMS=14.224631, GCV=1.370495e-07, AIC = 3.399650
  Model addition step  19: Added term 0 0 0 2 1 0 0 1 0 -- RMS=13.633662, GCV=1.259155e-07, AIC = 3.314797
  Model addition step  20: Added term 0 1 0 1 0 0 0 1 1 -- RMS=13.128559, GCV=1.167742e-07, AIC = 3.239307
  Model addition step  21: Added term 0 0 0 0 0 0 1 3 0 -- RMS=12.648033, GCV=1.083971e-07, AIC = 3.164744
  Model addition step  22: Added term 0 0 1 0 1 0 0 0 0 -- RMS=12.161931, GCV=1.002387e-07, AIC = 3.086376
  Model addition step  23: Added term 0 0 0 1 0 1 0 0 0 -- RMS=11.657790, GCV=9.211315e-08, AIC = 3.001717
  Model addition step  24: Added term 0 0 0 2 0 0 0 0 0 -- RMS=11.095609, GCV=8.345459e-08, AIC = 2.902880
  Model addition step  25: Added term 0 0 2 2 0 0 0 0 0 -- RMS=10.646103, GCV=7.684013e-08, AIC = 2.820183
  Model addition step  26: Added term 0 0 0 0 2 2 0 0 0 -- RMS=10.186662, GCV=7.036056e-08, AIC = 2.731967
  Model addition step  27: Added term 2 0 0 0 0 0 0 0 0 -- RMS=9.796275, GCV=6.507981e-08, AIC = 2.653826
  Model addition step  28: Added term 0 0 1 0 0 1 0 0 0 -- RMS=9.488660, GCV=6.106508e-08, AIC = 2.590030
  Model addition step  29: Added term 0 0 0 2 0 0 0 0 1 -- RMS=9.256592, GCV=5.812248e-08, AIC = 2.540521
  Model addition step  30: Added term 0 0 0 1 0 2 0 0 0 -- RMS=9.016696, GCV=5.515636e-08, AIC = 2.488018
  Model addition step  31: Added term 0 2 0 1 0 0 0 0 0 -- RMS=8.778053, GCV=5.228245e-08, AIC = 2.434385
  Model addition step  32: Added term 0 1 0 2 0 0 0 1 0 -- RMS=8.574701, GCV=4.989492e-08, AIC = 2.387522
  Model addition step  33: Added term 0 0 2 1 0 0 0 0 0 -- RMS=8.369878, GCV=4.754615e-08, AIC = 2.339181
Change in error: 0.018094. No more terms added.
   34 polynomial terms were written for pectmajt4
pectmajt5
  RMS fit error of the full model is: 0.668632 mm
  maximum moment arm: 95.277050 mm
  maximum error allowed: 9.527705 mm
  Model addition step   1: Added term 0 0 0 0 0 0 0 0 0 -- RMS=59.888794, GCV=2.423752e-06, AIC = 6.274449
  Model addition step   2: Added term 0 0 0 1 0 0 0 0 1 -- RMS=53.594765, GCV=1.941335e-06, AIC = 6.052387
  Model addition step   3: Added term 0 1 0 0 0 0 0 0 0 -- RMS=46.993399, GCV=1.492753e-06, AIC = 5.789512
  Model addition step   4: Added term 1 0 0 0 0 0 0 0 0 -- RMS=41.953959, GCV=1.189923e-06, AIC = 5.562657
  Model addition step   5: Added term 0 0 0 0 0 1 0 0 0 -- RMS=37.211569, GCV=9.362412e-07, AIC = 5.322764
  Model addition step   6: Added term 0 0 0 0 1 0 0 0 0 -- RMS=31.614532, GCV=6.758713e-07, AIC = 4.996772
  Model addition step   7: Added term 0 0 0 0 0 0 1 0 0 -- RMS=25.063494, GCV=4.248469e-07, AIC = 4.532376
  Model addition step   8: Added term 0 0 1 0 0 0 0 1 0 -- RMS=21.460503, GCV=3.115213e-07, AIC = 4.221993
  Model addition step   9: Added term 0 0 0 1 1 0 0 0 0 -- RMS=19.412286, GCV=2.549295e-07, AIC = 4.021391
  Model addition step  10: Added term 0 0 0 0 0 0 1 0 1 -- RMS=18.449810, GCV=2.303081e-07, AIC = 3.919700
  Model addition step  11: Added term 0 0 0 2 0 0 0 0 0 -- RMS=17.520334, GCV=2.077155e-07, AIC = 3.816330
  Model addition step  12: Added term 0 0 0 0 0 0 0 1 0 -- RMS=16.965436, GCV=1.947928e-07, AIC = 3.751975
  Model addition step  13: Added term 0 0 0 2 0 1 0 1 0 -- RMS=16.110734, GCV=1.756840e-07, AIC = 3.648604
  Model addition step  14: Added term 0 0 0 2 0 1 0 0 0 -- RMS=15.241041, GCV=1.572496e-07, AIC = 3.537630
  Model addition step  15: Added term 0 0 1 0 1 0 0 0 0 -- RMS=14.597288, GCV=1.442658e-07, AIC = 3.451331
  Model addition step  16: Added term 0 0 2 2 0 0 0 0 0 -- RMS=13.808009, GCV=1.291041e-07, AIC = 3.340171
  Model addition step  17: Added term 0 0 0 1 0 0 1 1 0 -- RMS=13.122953, GCV=1.166272e-07, AIC = 3.238412
  Model addition step  18: Added term 0 0 0 1 0 0 0 3 0 -- RMS=11.317475, GCV=8.675498e-08, AIC = 2.942396
  Model addition step  19: Added term 0 0 0 0 0 0 0 0 1 -- RMS=10.717425, GCV=7.780992e-08, AIC = 2.833456
  Model addition step  20: Added term 2 0 0 0 0 0 0 0 0 -- RMS=10.150855, GCV=6.981008e-08, AIC = 2.724843
  Model addition step  21: Added term 0 0 0 0 0 0 2 1 0 -- RMS=9.813451, GCV=6.525520e-08, AIC = 2.657249
  Model addition step  22: Added term 0 0 0 1 0 0 2 0 0 -- RMS=9.359415, GCV=5.936463e-08, AIC = 2.562520
  Model addition step  23: Added term 1 0 0 0 0 0 0 1 0 -- RMS=9.106120, GCV=5.620253e-08, AIC = 2.507661
  Model addition step  24: Added term 0 0 1 0 0 0 0 0 0 -- RMS=8.848498, GCV=5.307464e-08, AIC = 2.450277
  Model addition step  25: Added term 0 1 0 0 0 0 0 2 1 -- RMS=8.562466, GCV=4.970550e-08, AIC = 2.384571
  Model addition step  26: Added term 0 0 0 2 0 0 0 1 1 -- RMS=8.312350, GCV=4.685039e-08, AIC = 2.325293
  Model addition step  27: Added term 0 0 0 1 1 0 0 1 0 -- RMS=8.136867, GCV=4.489921e-08, AIC = 2.282632
  Model addition step  28: Added term 0 0 0 0 2 2 0 0 0 -- RMS=7.954956, GCV=4.291990e-08, AIC = 2.237426
  Model addition step  29: Added term 0 0 0 0 2 0 0 1 0 -- RMS=7.774272, GCV=4.099788e-08, AIC = 2.191489
  Model addition step  30: Added term 1 2 0 0 0 0 0 0 0 -- RMS=7.598904, GCV=3.917442e-08, AIC = 2.145870
  Model addition step  31: Added term 1 0 1 0 0 0 0 0 1 -- RMS=7.435382, GCV=3.751165e-08, AIC = 2.102376
  Model addition step  32: Added term 1 0 0 0 0 1 0 0 2 -- RMS=7.226003, GCV=3.543354e-08, AIC = 2.045261
Change in error: 0.017650. No more terms added.
   33 polynomial terms were written for pectmajt5
pectmajt6
  RMS fit error of the full model is: 0.632873 mm
  maximum moment arm: 100.506065 mm
  maximum error allowed: 10.050606 mm
  Model addition step   1: Added term 0 0 0 0 0 0 0 0 0 -- RMS=60.945039, GCV=2.510000e-06, AIC = 6.309415
  Model addition step   2: Added term 0 1 0 0 0 0 0 0 0 -- RMS=54.361559, GCV=1.997282e-06, AIC = 6.080799
  Model addition step   3: Added term 0 0 0 1 0 0 0 0 1 -- RMS=47.062441, GCV=1.497143e-06, AIC = 5.792448
  Model addition step   4: Added term 0 0 0 0 0 1 0 0 0 -- RMS=42.329599, GCV=1.211327e-06, AIC = 5.580484
  Model addition step   5: Added term 0 0 0 0 1 0 0 0 0 -- RMS=37.525775, GCV=9.521188e-07, AIC = 5.339581
  Model addition step   6: Added term 1 0 0 0 0 0 0 1 0 -- RMS=32.047818, GCV=6.945243e-07, AIC = 5.023996
  Model addition step   7: Added term 0 0 0 0 0 0 1 0 0 -- RMS=26.209347, GCV=4.645812e-07, AIC = 4.621784
  Model addition step   8: Added term 0 0 1 1 0 0 0 1 0 -- RMS=22.869663, GCV=3.537753e-07, AIC = 4.349188
  Model addition step   9: Added term 0 0 0 1 1 0 0 0 0 -- RMS=20.769967, GCV=2.918356e-07, AIC = 4.156595
  Model addition step  10: Added term 1 0 0 0 0 0 0 0 0 -- RMS=19.271921, GCV=2.512901e-07, AIC = 4.006890
  Model addition step  11: Added term 0 0 0 3 0 0 0 0 0 -- RMS=18.218924, GCV=2.246102e-07, AIC = 3.894527
  Model addition step  12: Added term 0 0 0 0 0 0 1 0 1 -- RMS=17.081620, GCV=1.974699e-07, AIC = 3.765625
  Model addition step  13: Added term 2 0 0 0 0 0 0 0 0 -- RMS=16.473347, GCV=1.836814e-07, AIC = 3.693120
  Model addition step  14: Added term 1 0 0 0 0 0 0 3 0 -- RMS=16.116063, GCV=1.758240e-07, AIC = 3.649279
  Model addition step  15: Added term 0 0 0 1 0 0 1 1 0 -- RMS=15.509221, GCV=1.628542e-07, AIC = 3.572529
  Model addition step  16: Added term 0 0 0 0 0 0 0 1 0 -- RMS=14.963951, GCV=1.516248e-07, AIC = 3.500961
  Model addition step  17: Added term 0 0 0 2 0 0 0 2 0 -- RMS=13.227095, GCV=1.184856e-07, AIC = 3.254221
  Model addition step  18: Added term 0 0 0 1 0 1 0 1 0 -- RMS=12.478549, GCV=1.054687e-07, AIC = 3.137722
  Model addition step  19: Added term 0 0 0 1 0 1 0 0 0 -- RMS=11.791409, GCV=9.418581e-08, AIC = 3.024456
  Model addition step  20: Added term 0 0 0 2 0 0 0 0 1 -- RMS=11.252717, GCV=8.578821e-08, AIC = 2.930946
  Model addition step  21: Added term 0 0 1 0 1 0 0 0 0 -- RMS=10.881018, GCV=8.022517e-08, AIC = 2.863780
  Model addition step  22: Added term 0 0 2 1 0 0 0 0 0 -- RMS=10.292816, GCV=7.179576e-08, AIC = 2.752647
  Model addition step  23: Added term 0 0 0 0 1 0 0 1 0 -- RMS=9.880769, GCV=6.617145e-08, AIC = 2.670949
  Model addition step  24: Added term 0 1 0 1 0 0 0 2 0 -- RMS=9.494446, GCV=6.110647e-08, AIC = 2.591195
  Model addition step  25: Added term 0 0 0 0 0 0 2 1 0 -- RMS=9.136934, GCV=5.659887e-08, AIC = 2.514445
  Model addition step  26: Added term 0 0 0 0 0 0 0 1 2 -- RMS=8.729377, GCV=5.166923e-08, AIC = 2.423196
  Model addition step  27: Added term 1 0 0 0 0 1 0 0 0 -- RMS=8.468462, GCV=4.863327e-08, AIC = 2.362520
  Model addition step  28: Added term 1 0 1 1 0 0 0 0 0 -- RMS=8.195512, GCV=4.555492e-08, AIC = 2.297009
  Model addition step  29: Added term 0 0 0 1 0 0 2 0 0 -- RMS=7.923438, GCV=4.258624e-08, AIC = 2.229499
  Model addition step  30: Added term 0 2 0 1 0 0 0 1 0 -- RMS=7.690573, GCV=4.012529e-08, AIC = 2.169853
  Model addition step  31: Added term 0 0 0 2 0 0 0 0 0 -- RMS=7.480519, GCV=3.796846e-08, AIC = 2.114480
  Model addition step  32: Added term 0 0 0 1 0 0 1 0 1 -- RMS=7.257634, GCV=3.574444e-08, AIC = 2.053997
  Model addition step  33: Added term 0 0 1 0 0 0 2 0 0 -- RMS=7.068011, GCV=3.390561e-08, AIC = 2.001061
  Model addition step  34: Added term 0 0 0 0 2 0 0 0 1 -- RMS=6.915940, GCV=3.246672e-08, AIC = 1.957574
  Model addition step  35: Added term 0 0 0 0 1 2 0 0 0 -- RMS=6.748184, GCV=3.091496e-08, AIC = 1.908477
  Model addition step  36: Added term 0 0 1 0 0 0 0 0 1 -- RMS=6.582284, GCV=2.941757e-08, AIC = 1.858707
Change in error: 0.017723. No more terms added.
   37 polynomial terms were written for pectmajt6
pectmajc1
  RMS fit error of the full model is: 0.580560 mm
  maximum moment arm: 106.329703 mm
  maximum error allowed: 10.632970 mm
  Model addition step   1: Added term 0 0 0 0 0 0 -- RMS=53.352052, GCV=1.346472e-06, AIC = 5.686626
  Model addition step   2: Added term 1 0 0 0 0 1 -- RMS=45.129928, GCV=9.635694e-07, AIC = 5.351912
  Model addition step   3: Added term 1 0 1 0 0 0 -- RMS=36.669468, GCV=6.362410e-07, AIC = 4.936729
  Model addition step   4: Added term 0 1 0 0 0 0 -- RMS=30.286663, GCV=4.340842e-07, AIC = 4.554274
  Model addition step   5: Added term 0 0 0 1 0 0 -- RMS=23.491046, GCV=2.611768e-07, AIC = 4.046117
  Model addition step   6: Added term 3 0 0 0 0 0 -- RMS=20.566307, GCV=2.002171e-07, AIC = 3.780206
  Model addition step   7: Added term 0 0 0 1 0 1 -- RMS=19.374517, GCV=1.777088e-07, AIC = 3.660834
  Model addition step   8: Added term 2 1 0 0 0 0 -- RMS=18.159878, GCV=1.561463e-07, AIC = 3.531366
  Model addition step   9: Added term 0 0 0 0 0 2 -- RMS=17.271649, GCV=1.412643e-07, AIC = 3.431088
  Model addition step  10: Added term 0 1 0 0 1 0 -- RMS=16.574648, GCV=1.301104e-07, AIC = 3.348724
  Model addition step  11: Added term 1 0 1 0 2 0 -- RMS=15.385990, GCV=1.121329e-07, AIC = 3.199909
  Model addition step  12: Added term 0 0 0 0 1 0 -- RMS=14.017494, GCV=9.308541e-08, AIC = 3.013626
  Model addition step  13: Added term 1 0 0 0 1 0 -- RMS=12.801869, GCV=7.765088e-08, AIC = 2.832215
  Model addition step  14: Added term 1 0 0 1 1 0 -- RMS=11.227152, GCV=5.973069e-08, AIC = 2.569723
  Model addition step  15: Added term 0 0 0 0 3 0 -- RMS=9.166472, GCV=3.982186e-08, AIC = 2.164177
  Model addition step  16: Added term 0 2 0 0 1 0 -- RMS=8.380503, GCV=3.329017e-08, AIC = 1.984907
  Model addition step  17: Added term 2 0 0 0 0 1 -- RMS=7.877466, GCV=2.941763e-08, AIC = 1.861123
  Model addition step  18: Added term 0 0 0 2 1 0 -- RMS=7.386022, GCV=2.586512e-08, AIC = 1.732308
  Model addition step  19: Added term 0 0 1 0 0 0 -- RMS=6.977089, GCV=2.308344e-08, AIC = 1.618412
  Model addition step  20: Added term 2 0 1 1 0 0 -- RMS=6.593438, GCV=2.061744e-08, AIC = 1.505318
  Model addition step  21: Added term 0 1 0 1 1 0 -- RMS=6.283873, GCV=1.872942e-08, AIC = 1.409160
  Model addition step  22: Added term 0 0 0 0 2 0 -- RMS=5.960698, GCV=1.685476e-08, AIC = 1.303582
  Model addition step  23: Added term 1 0 0 1 0 1 -- RMS=5.721031, GCV=1.552873e-08, AIC = 1.221524
  Model addition step  24: Added term 1 0 0 2 0 1 -- RMS=5.417302, GCV=1.392554e-08, AIC = 1.112441
  Model addition step  25: Added term 0 1 2 0 0 0 -- RMS=5.229005, GCV=1.297606e-08, AIC = 1.041707
  Model addition step  26: Added term 1 2 0 0 1 0 -- RMS=4.995903, GCV=1.184654e-08, AIC = 0.950520
  Model addition step  27: Added term 2 0 1 0 0 1 -- RMS=4.771319, GCV=1.080686e-08, AIC = 0.858549
  Model addition step  28: Added term 0 1 1 0 0 1 -- RMS=4.521029, GCV=9.704109e-09, AIC = 0.750802
  Model addition step  29: Added term 1 0 1 0 1 0 -- RMS=4.292384, GCV=8.748569e-09, AIC = 0.647026
  Model addition step  30: Added term 2 1 0 0 1 0 -- RMS=4.075633, GCV=7.888400e-09, AIC = 0.543413
  Model addition step  31: Added term 0 0 1 1 2 0 -- RMS=3.886287, GCV=7.173436e-09, AIC = 0.448289
  Model addition step  32: Added term 1 0 3 0 0 0 -- RMS=3.709661, GCV=6.537095e-09, AIC = 0.355281
  Model addition step  33: Added term 1 0 2 0 0 1 -- RMS=3.418633, GCV=5.552392e-09, AIC = 0.191900
  Model addition step  34: Added term 0 2 0 0 0 0 -- RMS=3.231274, GCV=4.961143e-09, AIC = 0.079192
  Model addition step  35: Added term 0 0 1 0 1 0 -- RMS=3.081167, GCV=4.511524e-09, AIC = -0.015926
  Model addition step  36: Added term 2 0 0 2 0 0 -- RMS=2.954609, GCV=4.149078e-09, AIC = -0.099791
  Model addition step  37: Added term 1 1 0 0 0 0 -- RMS=2.831825, GCV=3.811915e-09, AIC = -0.184661
  Model addition step  38: Added term 1 0 1 1 1 0 -- RMS=2.738998, GCV=3.566586e-09, AIC = -0.251300
  Model addition step  39: Added term 0 2 0 1 1 0 -- RMS=2.665010, GCV=3.376960e-09, AIC = -0.306049
  Model addition step  40: Added term 0 0 0 1 2 0 -- RMS=2.592219, GCV=3.195439e-09, AIC = -0.361417
  Model addition step  41: Added term 0 1 0 1 2 0 -- RMS=2.483343, GCV=2.933049e-09, AIC = -0.447215
  Model addition step  42: Added term 0 0 1 1 0 1 -- RMS=2.412787, GCV=2.769126e-09, AIC = -0.504842
  Model addition step  43: Added term 4 0 0 0 0 0 -- RMS=2.338697, GCV=2.602024e-09, AIC = -0.567200
  Model addition step  44: Added term 0 0 0 0 1 2 -- RMS=2.271292, GCV=2.454529e-09, AIC = -0.625671
  Model addition step  45: Added term 0 1 0 1 0 1 -- RMS=2.204875, GCV=2.313392e-09, AIC = -0.685008
  Model addition step  46: Added term 0 0 0 3 0 1 -- RMS=2.133028, GCV=2.165375e-09, AIC = -0.751245
  Model addition step  47: Added term 0 3 1 0 0 0 -- RMS=2.068528, GCV=2.036676e-09, AIC = -0.812636
  Model addition step  48: Added term 1 0 0 0 1 2 -- RMS=2.020700, GCV=1.943845e-09, AIC = -0.859403
Change in error: 0.016581. No more terms added.
   49 polynomial terms were written for pectmajc1
pectmajc2
  RMS fit error of the full model is: 0.429749 mm
  maximum moment arm: 81.996643 mm
  maximum error allowed: 8.199664 mm
  Model addition step   1: Added term 0 0 0 0 0 0 -- RMS=43.402633, GCV=8.911015e-07, AIC = 5.273842
  Model addition step   2: Added term 1 0 0 0 0 1 -- RMS=36.341695, GCV=6.248332e-07, AIC = 4.918752
  Model addition step   3: Added term 0 0 1 0 0 0 -- RMS=29.744059, GCV=4.186132e-07, AIC = 4.518099
  Model addition step   4: Added term 0 0 0 1 0 0 -- RMS=24.568555, GCV=2.856474e-07, AIC = 4.135794
  Model addition step   5: Added term 0 1 0 0 0 0 -- RMS=18.332170, GCV=1.590587e-07, AIC = 3.550193
  Model addition step   6: Added term 1 1 0 0 0 0 -- RMS=15.799611, GCV=1.181629e-07, AIC = 3.252868
  Model addition step   7: Added term 2 0 0 0 2 0 -- RMS=13.724974, GCV=8.918059e-08, AIC = 2.971351
  Model addition step   8: Added term 0 0 0 1 1 1 -- RMS=12.705698, GCV=7.643689e-08, AIC = 2.817038
  Model addition step   9: Added term 0 0 0 0 1 0 -- RMS=11.625498, GCV=6.400116e-08, AIC = 2.639357
  Model addition step  10: Added term 1 0 0 1 1 0 -- RMS=10.331650, GCV=5.055485e-08, AIC = 2.403399
  Model addition step  11: Added term 0 0 0 1 0 1 -- RMS=9.936179, GCV=4.676500e-08, AIC = 2.325360
  Model addition step  12: Added term 0 0 0 0 0 2 -- RMS=9.266050, GCV=4.067524e-08, AIC = 2.185728
  Model addition step  13: Added term 0 0 1 0 2 0 -- RMS=8.916718, GCV=3.767122e-08, AIC = 2.108889
  Model addition step  14: Added term 1 0 0 0 1 0 -- RMS=8.524991, GCV=3.443866e-08, AIC = 2.019056
  Model addition step  15: Added term 0 0 0 0 2 0 -- RMS=7.886385, GCV=2.947631e-08, AIC = 1.863347
  Model addition step  16: Added term 0 1 0 0 2 0 -- RMS=7.521011, GCV=2.681194e-08, AIC = 1.768492
  Model addition step  17: Added term 1 0 1 0 0 0 -- RMS=7.071048, GCV=2.370293e-08, AIC = 1.645127
  Model addition step  18: Added term 2 0 0 0 0 0 -- RMS=6.405383, GCV=1.945286e-08, AIC = 1.447407
  Model addition step  19: Added term 0 0 0 0 0 1 -- RMS=5.865756, GCV=1.631549e-08, AIC = 1.271412
  Model addition step  20: Added term 0 0 1 2 1 0 -- RMS=5.467713, GCV=1.417824e-08, AIC = 1.130889
  Model addition step  21: Added term 0 2 0 0 0 1 -- RMS=5.109732, GCV=1.238414e-08, AIC = 0.995481
  Model addition step  22: Added term 2 0 1 1 0 0 -- RMS=4.797310, GCV=1.091752e-08, AIC = 0.869318
  Model addition step  23: Added term 0 1 0 1 0 0 -- RMS=4.509460, GCV=9.647980e-09, AIC = 0.745581
  Model addition step  24: Added term 1 0 0 1 2 0 -- RMS=4.278455, GCV=8.686003e-09, AIC = 0.640429
  Model addition step  25: Added term 0 2 0 0 1 0 -- RMS=4.125546, GCV=8.077328e-09, AIC = 0.567662
  Model addition step  26: Added term 1 1 0 0 2 0 -- RMS=3.896185, GCV=7.205144e-09, AIC = 0.453280
  Model addition step  27: Added term 2 0 0 1 0 1 -- RMS=3.706333, GCV=6.520956e-09, AIC = 0.353389
  Model addition step  28: Added term 0 2 1 0 0 0 -- RMS=3.509346, GCV=5.847007e-09, AIC = 0.244182
  Model addition step  29: Added term 2 0 1 0 0 1 -- RMS=3.387106, GCV=5.447503e-09, AIC = 0.173293
  Model addition step  30: Added term 1 2 0 0 0 1 -- RMS=3.278386, GCV=5.104099e-09, AIC = 0.108064
  Model addition step  31: Added term 0 2 0 0 0 0 -- RMS=3.157209, GCV=4.734393e-09, AIC = 0.032758
  Model addition step  32: Added term 0 0 0 0 1 1 -- RMS=3.038189, GCV=4.384762e-09, AIC = -0.044077
  Model addition step  33: Added term 0 0 0 3 0 1 -- RMS=2.933033, GCV=4.087043e-09, AIC = -0.114507
  Model addition step  34: Added term 0 2 1 0 1 0 -- RMS=2.835534, GCV=3.820355e-09, AIC = -0.182101
  Model addition step  35: Added term 1 0 0 0 2 1 -- RMS=2.756018, GCV=3.609582e-09, AIC = -0.238969
  Model addition step  36: Added term 1 1 0 0 0 1 -- RMS=2.678873, GCV=3.410797e-09, AIC = -0.295731
  Model addition step  37: Added term 1 0 0 2 0 1 -- RMS=2.610811, GCV=3.240122e-09, AIC = -0.347182
  Model addition step  38: Added term 0 0 0 2 1 0 -- RMS=2.409766, GCV=2.760699e-09, AIC = -0.507425
  Model addition step  39: Added term 1 0 0 2 1 0 -- RMS=2.318850, GCV=2.556663e-09, AIC = -0.584322
  Model addition step  40: Added term 0 0 0 3 0 0 -- RMS=2.234842, GCV=2.375093e-09, AIC = -0.658105
  Model addition step  41: Added term 0 0 1 1 0 1 -- RMS=2.179981, GCV=2.260222e-09, AIC = -0.707794
  Model addition step  42: Added term 0 1 0 1 0 1 -- RMS=2.120224, GCV=2.138298e-09, AIC = -0.763364
Change in error: 0.015671. No more terms added.
   43 polynomial terms were written for pectmajc2
tricmed1
  RMS fit error of the full model is: 0.031170 mm
  maximum moment arm: 22.671733 mm
  maximum error allowed: 2.267173 mm
  Model addition step   1: Added term 0 -- RMS=14.715373, GCV=2.926641e-08, AIC = 1.857872
  Model addition step   2: Added term 1 -- RMS=0.686742, GCV=6.374901e-11, AIC = -4.271438
  Model addition step   3: Added term 2 -- RMS=0.096814, GCV=1.267121e-12, AIC = -8.189712
  Model addition step   4: Added term 4 -- RMS=0.041873, GCV=2.370633e-13, AIC = -9.865955
  5 polynomial terms were written for tricmed1
tricmed2
  RMS fit error of the full model is: 0.023208 mm
  maximum moment arm: 23.047362 mm
  maximum error allowed: 2.304736 mm
  Model addition step   1: Added term 0 -- RMS=15.004315, GCV=3.042701e-08, AIC = 1.896762
  Model addition step   2: Added term 1 -- RMS=0.737059, GCV=7.343280e-11, AIC = -4.130021
  Model addition step   3: Added term 2 -- RMS=0.070712, GCV=6.759749e-13, AIC = -8.818058
  Model addition step   4: Added term 4 -- RMS=0.054908, GCV=4.076373e-13, AIC = -9.323904
  5 polynomial terms were written for tricmed2
tricmed3
  RMS fit error of the full model is: 0.028627 mm
  maximum moment arm: 19.884916 mm
  maximum error allowed: 2.000000 mm
  Model addition step   1: Added term 0 -- RMS=13.152067, GCV=2.337841e-08, AIC = 1.633245
  Model addition step   2: Added term 1 -- RMS=0.415697, GCV=2.335824e-11, AIC = -5.275442
  Model addition step   3: Added term 2 -- RMS=0.094484, GCV=1.206871e-12, AIC = -8.238428
  Model addition step   4: Added term 3 -- RMS=0.028911, GCV=1.130094e-13, AIC = -10.606811
  5 polynomial terms were written for tricmed3
tricmed4
  RMS fit error of the full model is: 0.022524 mm
  maximum moment arm: 22.771193 mm
  maximum error allowed: 2.277119 mm
  Model addition step   1: Added term 0 -- RMS=14.933729, GCV=3.014140e-08, AIC = 1.887331
  Model addition step   2: Added term 1 -- RMS=0.705125, GCV=6.720756e-11, AIC = -4.218606
  Model addition step   3: Added term 2 -- RMS=0.046214, GCV=2.887321e-13, AIC = -9.668715
Change in error: 0.006509. No more terms added.
   4 polynomial terms were written for tricmed4
tricmed5
  RMS fit error of the full model is: 0.022245 mm
  maximum moment arm: 23.092009 mm
  maximum error allowed: 2.309201 mm
  Model addition step   1: Added term 0 -- RMS=15.067463, GCV=3.068367e-08, AIC = 1.905162
  Model addition step   2: Added term 1 -- RMS=0.734496, GCV=7.292293e-11, AIC = -4.136988
  Model addition step   3: Added term 2 -- RMS=0.060721, GCV=4.984487e-13, AIC = -9.122713
  Model addition step   4: Added term 4 -- RMS=0.053768, GCV=3.908817e-13, AIC = -9.365877
  5 polynomial terms were written for tricmed5
brachialis1
  RMS fit error of the full model is: 0.093195 mm
  maximum moment arm: 15.079630 mm
  maximum error allowed: 2.000000 mm
  Model addition step   1: Added term 0 -- RMS=7.187007, GCV=6.981087e-09, AIC = 0.424636
  Model addition step   2: Added term 2 -- RMS=1.011126, GCV=1.381964e-10, AIC = -3.497716
  Model addition step   3: Added term 1 -- RMS=0.414225, GCV=2.319625e-11, AIC = -5.282468
  Model addition step   4: Added term 4 -- RMS=0.110149, GCV=1.640444e-12, AIC = -7.931560
  5 polynomial terms were written for brachialis1
brachialis2
  RMS fit error of the full model is: 0.056085 mm
  maximum moment arm: 15.010702 mm
  maximum error allowed: 2.000000 mm
  Model addition step   1: Added term 0 -- RMS=8.309958, GCV=9.333071e-09, AIC = 0.714996
  Model addition step   2: Added term 1 -- RMS=0.776280, GCV=8.145582e-11, AIC = -4.026331
  Model addition step   3: Added term 3 -- RMS=0.083739, GCV=9.479820e-13, AIC = -8.479879
  Model addition step   4: Added term 2 -- RMS=0.080466, GCV=8.754421e-13, AIC = -8.559553
  5 polynomial terms were written for brachialis2
brachialis3
  RMS fit error of the full model is: 0.010719 mm
  maximum moment arm: 14.548089 mm
  maximum error allowed: 2.000000 mm
  Model addition step   1: Added term 0 -- RMS=8.951241, GCV=1.082913e-08, AIC = 0.863671
  Model addition step   2: Added term 1 -- RMS=0.663179, GCV=5.944941e-11, AIC = -4.341266
  Model addition step   3: Added term 2 -- RMS=0.020995, GCV=5.959185e-14, AIC = -11.246695
  Model addition step   4: Added term 3 -- RMS=0.010855, GCV=1.593180e-14, AIC = -12.565965
  5 polynomial terms were written for brachialis3
brachialis4
  RMS fit error of the full model is: 0.054977 mm
  maximum moment arm: 14.333553 mm
  maximum error allowed: 2.000000 mm
  Model addition step   1: Added term 0 -- RMS=7.464878, GCV=7.531342e-09, AIC = 0.500505
  Model addition step   2: Added term 1 -- RMS=0.889789, GCV=1.070187e-10, AIC = -3.753388
  Model addition step   3: Added term 4 -- RMS=0.103388, GCV=1.445062e-12, AIC = -8.058307
Change in error: 0.002056. No more terms added.
   4 polynomial terms were written for brachialis4
brachialis5
  RMS fit error of the full model is: 0.006328 mm
  maximum moment arm: 13.056962 mm
  maximum error allowed: 2.000000 mm
  Model addition step   1: Added term 0 -- RMS=8.021191, GCV=8.695703e-09, AIC = 0.644260
  Model addition step   2: Added term 1 -- RMS=0.591122, GCV=4.723232e-11, AIC = -4.571313
  Model addition step   3: Added term 2 -- RMS=0.023683, GCV=7.582789e-14, AIC = -11.005748
  Model addition step   4: Added term 3 -- RMS=0.006532, GCV=5.768568e-15, AIC = -13.581858
  5 polynomial terms were written for brachialis5
brachialis6
  RMS fit error of the full model is: 0.006939 mm
  maximum moment arm: 13.003424 mm
  maximum error allowed: 2.000000 mm
  Model addition step   1: Added term 0 -- RMS=8.004012, GCV=8.658496e-09, AIC = 0.639973
  Model addition step   2: Added term 1 -- RMS=0.589067, GCV=4.690457e-11, AIC = -4.578276
  Model addition step   3: Added term 2 -- RMS=0.018810, GCV=4.783332e-14, AIC = -11.466492
  Model addition step   4: Added term 3 -- RMS=0.007123, GCV=6.859972e-15, AIC = -13.408578
  5 polynomial terms were written for brachialis6
brachialis7
  RMS fit error of the full model is: 0.001533 mm
  maximum moment arm: 11.367269 mm
  maximum error allowed: 2.000000 mm
  Model addition step   1: Added term 0 -- RMS=6.972811, GCV=6.571171e-09, AIC = 0.364124
  Model addition step   2: Added term 1 -- RMS=0.510453, GCV=3.522063e-11, AIC = -4.864759
  Model addition step   3: Added term 2 -- RMS=0.026040, GCV=9.167296e-14, AIC = -10.815987
  Model addition step   4: Added term 3 -- RMS=0.002182, GCV=6.436798e-16, AIC = -15.774836
  5 polynomial terms were written for brachialis7
brachiorad1
  RMS fit error of the full model is: 0.281085 mm
  maximum moment arm: 39.068991 mm
  maximum error allowed: 3.906899 mm
  Model addition step   1: Added term 0 0 -- RMS=18.576289, GCV=6.995780e-08, AIC = 2.729301
  Model addition step   2: Added term 2 0 -- RMS=10.312296, GCV=2.156193e-08, AIC = 1.552248
  Model addition step   3: Added term 2 2 -- RMS=1.437315, GCV=4.189281e-10, AIC = -2.388827
  Model addition step   4: Added term 1 0 -- RMS=1.152355, GCV=2.693189e-10, AIC = -2.830720
  Model addition step   5: Added term 3 1 -- RMS=0.679021, GCV=9.352329e-11, AIC = -3.888496
  Model addition step   6: Added term 2 1 -- RMS=0.440716, GCV=3.940306e-11, AIC = -4.752953
  Model addition step   7: Added term 4 0 -- RMS=0.409625, GCV=3.404415e-11, AIC = -4.899229
  Model addition step   8: Added term 3 0 -- RMS=0.365371, GCV=2.708923e-11, AIC = -5.127841
  Model addition step   9: Added term 1 1 -- RMS=0.334825, GCV=2.275228e-11, AIC = -5.302402
  Model addition step  10: Added term 0 2 -- RMS=0.299201, GCV=1.817073e-11, AIC = -5.527346
  Model addition step  11: Added term 1 3 -- RMS=0.292307, GCV=1.734536e-11, AIC = -5.573923
Change in error: 0.015619. No more terms added.
   12 polynomial terms were written for brachiorad1
brachiorad2
  RMS fit error of the full model is: 0.425933 mm
  maximum moment arm: 27.938120 mm
  maximum error allowed: 2.793812 mm
  Model addition step   1: Added term 0 0 -- RMS=12.965827, GCV=3.408150e-08, AIC = 2.010164
  Model addition step   2: Added term 1 0 -- RMS=6.492643, GCV=8.547123e-09, AIC = 0.626914
  Model addition step   3: Added term 1 3 -- RMS=2.206300, GCV=9.871078e-10, AIC = -1.531747
  Model addition step   4: Added term 4 0 -- RMS=1.512562, GCV=4.640032e-10, AIC = -2.286725
  Model addition step   5: Added term 3 1 -- RMS=1.172776, GCV=2.789863e-10, AIC = -2.795544
  Model addition step   6: Added term 0 4 -- RMS=0.770275, GCV=1.203660e-10, AIC = -3.636260
  Model addition step   7: Added term 1 1 -- RMS=0.481599, GCV=4.705881e-11, AIC = -4.575489
  Model addition step   8: Added term 0 1 -- RMS=0.457530, GCV=4.247851e-11, AIC = -4.677979
  Model addition step   9: Added term 2 2 -- RMS=0.440166, GCV=3.932074e-11, AIC = -4.755315
Change in error: 0.000608. No more terms added.
   10 polynomial terms were written for brachiorad2
brachiorad3
  RMS fit error of the full model is: 0.248138 mm
  maximum moment arm: 19.966674 mm
  maximum error allowed: 2.000000 mm
  Model addition step   1: Added term 0 0 -- RMS=11.841722, GCV=2.842811e-08, AIC = 1.828787
  Model addition step   2: Added term 1 0 -- RMS=6.021642, GCV=7.352021e-09, AIC = 0.476294
  Model addition step   3: Added term 0 4 -- RMS=0.677435, GCV=9.306181e-11, AIC = -3.893263
  Model addition step   4: Added term 0 1 -- RMS=0.521190, GCV=5.509180e-11, AIC = -4.417616
  Model addition step   5: Added term 3 1 -- RMS=0.441749, GCV=3.958265e-11, AIC = -4.748316
  Model addition step   6: Added term 4 0 -- RMS=0.423086, GCV=3.631359e-11, AIC = -4.834605
  Model addition step   7: Added term 2 2 -- RMS=0.349048, GCV=2.471957e-11, AIC = -5.219292
  Model addition step   8: Added term 1 3 -- RMS=0.305615, GCV=1.895299e-11, AIC = -5.485015
  Model addition step   9: Added term 3 0 -- RMS=0.282158, GCV=1.615748e-11, AIC = -5.644684
  Model addition step  10: Added term 2 1 -- RMS=0.261604, GCV=1.389101e-11, AIC = -5.795916
  Model addition step  11: Added term 1 2 -- RMS=0.251059, GCV=1.279546e-11, AIC = -5.878157
Change in error: 0.004878. No more terms added.
   12 polynomial terms were written for brachiorad3
pronteres1
  RMS fit error of the full model is: 0.000068 mm
  maximum moment arm: 10.291475 mm
  maximum error allowed: 2.000000 mm
  Model addition step   1: Added term 0 0 -- RMS=7.315504, GCV=1.084942e-08, AIC = 0.865521
  Model addition step   2: Added term 1 3 -- RMS=4.057797, GCV=3.338548e-09, AIC = -0.313145
  Model addition step   3: Added term 0 1 -- RMS=1.130221, GCV=2.590372e-10, AIC = -2.869555
  Model addition step   4: Added term 2 0 -- RMS=0.229107, GCV=1.064563e-11, AIC = -6.061467
  Model addition step   5: Added term 1 0 -- RMS=0.082444, GCV=1.378695e-12, AIC = -8.105569
  Model addition step   6: Added term 0 2 -- RMS=0.042781, GCV=3.712824e-13, AIC = -9.417589
  Model addition step   7: Added term 0 4 -- RMS=0.032339, GCV=2.121831e-13, AIC = -9.977193
  Model addition step   8: Added term 1 1 -- RMS=0.019901, GCV=8.036342e-14, AIC = -10.948173
  Model addition step   9: Added term 3 0 -- RMS=0.008745, GCV=1.552061e-14, AIC = -12.592654
  Model addition step  10: Added term 2 2 -- RMS=0.001190, GCV=2.872391e-16, AIC = -16.582353
  Model addition step  11: Added term 4 0 -- RMS=0.000201, GCV=8.185201e-18, AIC = -20.140431
  Model addition step  12: Added term 1 2 -- RMS=0.000155, GCV=4.852357e-18, AIC = -20.663384
  Model addition step  13: Added term 0 3 -- RMS=0.000112, GCV=2.555076e-18, AIC = -21.304857
  Model addition step  14: Added term 2 1 -- RMS=0.000076, GCV=1.169661e-18, AIC = -22.086315
  15 polynomial terms were written for pronteres1
pronteres2
  RMS fit error of the full model is: 0.000042 mm
  maximum moment arm: 9.049968 mm
  maximum error allowed: 2.000000 mm
  Model addition step   1: Added term 0 -- RMS=6.165850, GCV=5.138222e-09, AIC = 0.118139
  Model addition step   2: Added term 1 -- RMS=0.193857, GCV=5.079815e-12, AIC = -6.801116
  Model addition step   3: Added term 4 -- RMS=0.027318, GCV=1.008902e-13, AIC = -10.720181
  Model addition step   4: Added term 2 -- RMS=0.000478, GCV=3.089929e-17, AIC = -18.811304
  5 polynomial terms were written for pronteres2
supinator1
  RMS fit error of the full model is: 0.000016 mm
  maximum moment arm: 3.902337 mm
  maximum error allowed: 2.000000 mm
  Model addition step   1: Added term 0 -- RMS=2.261488, GCV=6.912187e-10, AIC = -1.887867
  Model addition step   2: Added term 1 -- RMS=0.247439, GCV=8.276000e-12, AIC = -6.313032
  Model addition step   3: Added term 2 -- RMS=0.009022, GCV=1.100304e-14, AIC = -12.936043
  Model addition step   4: Added term 4 -- RMS=0.000334, GCV=1.509043e-17, AIC = -19.527976
  5 polynomial terms were written for supinator1
supinator2
  RMS fit error of the full model is: 0.000025 mm
  maximum moment arm: 3.761831 mm
  maximum error allowed: 2.000000 mm
  Model addition step   1: Added term 0 -- RMS=2.175570, GCV=6.396954e-10, AIC = -1.965332
  Model addition step   2: Added term 1 -- RMS=0.243727, GCV=8.029589e-12, AIC = -6.343258
  Model addition step   3: Added term 2 -- RMS=0.006909, GCV=6.453415e-15, AIC = -13.469605
  Model addition step   4: Added term 4 -- RMS=0.000322, GCV=1.400764e-17, AIC = -19.602435
  5 polynomial terms were written for supinator2
supinator3
  RMS fit error of the full model is: 0.000007 mm
  maximum moment arm: 3.673806 mm
  maximum error allowed: 2.000000 mm
  Model addition step   1: Added term 0 -- RMS=2.146099, GCV=6.224817e-10, AIC = -1.992610
  Model addition step   2: Added term 1 -- RMS=0.232469, GCV=7.304944e-12, AIC = -6.437840
  Model addition step   3: Added term 2 -- RMS=0.003147, GCV=1.339160e-15, AIC = -15.042172
  Model addition step   4: Added term 4 -- RMS=0.000294, GCV=1.171676e-17, AIC = -19.781017
  5 polynomial terms were written for supinator3
supinator4
  RMS fit error of the full model is: 0.000218 mm
  maximum moment arm: 3.306772 mm
  maximum error allowed: 2.000000 mm
  Model addition step   1: Added term 0 -- RMS=1.897078, GCV=4.864041e-10, AIC = -2.239284
  Model addition step   2: Added term 1 -- RMS=0.227714, GCV=7.009119e-12, AIC = -6.479179
  Model addition step   3: Added term 2 -- RMS=0.002769, GCV=1.036290e-15, AIC = -15.298567
  Model addition step   4: Added term 4 -- RMS=0.000369, GCV=1.838562e-17, AIC = -19.330468
  5 polynomial terms were written for supinator4
supinator5
  RMS fit error of the full model is: 0.002340 mm
  maximum moment arm: 2.888362 mm
  maximum error allowed: 2.000000 mm
  Model addition step   1: Added term 0 -- RMS=1.616842, GCV=3.533151e-10, AIC = -2.558963
  Model addition step   2: Added term 1 -- RMS=0.220558, GCV=6.575511e-12, AIC = -6.543039
  Model addition step   3: Added term 2 -- RMS=0.003296, GCV=1.468967e-15, AIC = -14.949655
  Model addition step   4: Added term 4 -- RMS=0.002359, GCV=7.526824e-16, AIC = -15.618394
  5 polynomial terms were written for supinator5
pronquad1
  RMS fit error of the full model is: 0.000052 mm
  maximum moment arm: 4.326627 mm
  maximum error allowed: 2.000000 mm
  Model addition step   1: Added term 0 -- RMS=2.505857, GCV=8.486716e-10, AIC = -1.682651
  Model addition step   2: Added term 1 -- RMS=0.324489, GCV=1.423268e-11, AIC = -5.770850
  Model addition step   3: Added term 4 -- RMS=0.004343, GCV=2.550438e-15, AIC = -14.397949
  Model addition step   4: Added term 2 -- RMS=0.000897, GCV=1.087750e-16, AIC = -17.552756
  5 polynomial terms were written for pronquad1
pronquad2
  RMS fit error of the full model is: 0.000025 mm
  maximum moment arm: 2.137613 mm
  maximum error allowed: 2.000000 mm
  Model addition step   1: Added term 0 -- RMS=0.683966, GCV=6.322609e-11, AIC = -4.279607
  Model addition step   2: Added term 1 -- RMS=0.623459, GCV=5.254144e-11, AIC = -4.464789
  Model addition step   3: Added term 2 -- RMS=0.004211, GCV=2.397349e-15, AIC = -14.459851
  Model addition step   4: Added term 3 -- RMS=0.002625, GCV=9.319604e-16, AIC = -15.404747
  5 polynomial terms were written for pronquad2
pronquad3
  RMS fit error of the full model is: 0.000202 mm
  maximum moment arm: 5.405567 mm
  maximum error allowed: 2.000000 mm
  Model addition step   1: Added term 0 -- RMS=2.715790, GCV=9.968262e-10, AIC = -1.521747
  Model addition step   2: Added term 4 -- RMS=0.262172, GCV=9.290937e-12, AIC = -6.197352
  Model addition step   3: Added term 1 -- RMS=0.062437, GCV=5.270177e-13, AIC = -9.066980
  Model addition step   4: Added term 3 -- RMS=0.000376, GCV=1.910841e-17, AIC = -19.291909
  5 polynomial terms were written for pronquad3
triclat1
  RMS fit error of the full model is: 0.000097 mm
  maximum moment arm: 22.568297 mm
  maximum error allowed: 2.256830 mm
  Model addition step   1: Added term 0 -- RMS=15.559972, GCV=3.272236e-08, AIC = 1.969490
  Model addition step   2: Added term 1 -- RMS=0.386922, GCV=2.023636e-11, AIC = -5.418911
  Model addition step   3: Added term 2 -- RMS=0.088923, GCV=1.068995e-12, AIC = -8.359740
  Model addition step   4: Added term 3 -- RMS=0.000218, GCV=6.422325e-18, AIC = -20.382257
  5 polynomial terms were written for triclat1
triclat2
  RMS fit error of the full model is: 0.000083 mm
  maximum moment arm: 22.812920 mm
  maximum error allowed: 2.281292 mm
  Model addition step   1: Added term 0 -- RMS=16.054676, GCV=3.483614e-08, AIC = 2.032087
  Model addition step   2: Added term 1 -- RMS=0.183108, GCV=4.532118e-12, AIC = -6.915202
  Model addition step   3: Added term 2 -- RMS=0.088454, GCV=1.057736e-12, AIC = -8.370329
  Model addition step   4: Added term 3 -- RMS=0.000625, GCV=5.284404e-17, AIC = -18.274692
  5 polynomial terms were written for triclat2
triclat3
  RMS fit error of the full model is: 0.005308 mm
  maximum moment arm: 20.043408 mm
  maximum error allowed: 2.004341 mm
  Model addition step   1: Added term 0 -- RMS=14.043231, GCV=2.665392e-08, AIC = 1.764368
  Model addition step   2: Added term 1 -- RMS=0.179957, GCV=4.377472e-12, AIC = -6.949920
  Model addition step   3: Added term 3 -- RMS=0.020413, GCV=5.633087e-14, AIC = -11.302972
Change in error: 0.007669. No more terms added.
   4 polynomial terms were written for triclat3
triclat4
  RMS fit error of the full model is: 0.005526 mm
  maximum moment arm: 19.954136 mm
  maximum error allowed: 2.000000 mm
  Model addition step   1: Added term 0 -- RMS=13.958241, GCV=2.633227e-08, AIC = 1.752227
  Model addition step   2: Added term 1 -- RMS=0.186471, GCV=4.700125e-12, AIC = -6.878802
  Model addition step   3: Added term 3 -- RMS=0.021103, GCV=6.020505e-14, AIC = -11.236458
  Model addition step   4: Added term 4 -- RMS=0.018687, GCV=4.721573e-14, AIC = -11.479555
  5 polynomial terms were written for triclat4
triclat5
  RMS fit error of the full model is: 0.000067 mm
  maximum moment arm: 19.367626 mm
  maximum error allowed: 2.000000 mm
  Model addition step   1: Added term 0 -- RMS=13.662681, GCV=2.522893e-08, AIC = 1.709423
  Model addition step   2: Added term 1 -- RMS=0.119933, GCV=1.944307e-12, AIC = -7.761486
  Model addition step   3: Added term 2 -- RMS=0.074675, GCV=7.538653e-13, AIC = -8.709001
  Model addition step   4: Added term 3 -- RMS=0.000623, GCV=5.249451e-17, AIC = -18.281329
  5 polynomial terms were written for triclat5
anconeus1
  RMS fit error of the full model is: 0.000075 mm
  maximum moment arm: 8.703889 mm
  maximum error allowed: 2.000000 mm
  Model addition step   1: Added term 0 -- RMS=5.612884, GCV=4.257936e-09, AIC = -0.069784
  Model addition step   2: Added term 1 -- RMS=0.369532, GCV=1.845817e-11, AIC = -5.510884
  Model addition step   3: Added term 2 -- RMS=0.053974, GCV=3.938342e-13, AIC = -9.358284
  Model addition step   4: Added term 3 -- RMS=0.001621, GCV=3.554125e-16, AIC = -16.368758
  5 polynomial terms were written for anconeus1
anconeus2
  RMS fit error of the full model is: 0.000487 mm
  maximum moment arm: 8.651707 mm
  maximum error allowed: 2.000000 mm
  Model addition step   1: Added term 0 -- RMS=4.774765, GCV=3.081279e-09, AIC = -0.393224
  Model addition step   2: Added term 2 -- RMS=0.585812, GCV=4.638766e-11, AIC = -4.589358
  Model addition step   3: Added term 1 -- RMS=0.071839, GCV=6.976962e-13, AIC = -8.786430
  Model addition step   4: Added term 3 -- RMS=0.000835, GCV=9.436300e-17, AIC = -17.694888
  5 polynomial terms were written for anconeus2
anconeus3
  RMS fit error of the full model is: 0.000073 mm
  maximum moment arm: 9.585261 mm
  maximum error allowed: 2.000000 mm
  Model addition step   1: Added term 0 -- RMS=6.714323, GCV=6.093004e-09, AIC = 0.288573
  Model addition step   2: Added term 1 -- RMS=0.100600, GCV=1.367979e-12, AIC = -8.113057
  Model addition step   3: Added term 4 -- RMS=0.005073, GCV=3.478591e-15, AIC = -14.087587
  Model addition step   4: Added term 2 -- RMS=0.004335, GCV=2.540930e-15, AIC = -14.401752
  5 polynomial terms were written for anconeus3
anconeus4
  RMS fit error of the full model is: 0.000053 mm
  maximum moment arm: 4.456816 mm
  maximum error allowed: 2.000000 mm
  Model addition step   1: Added term 0 -- RMS=1.838984, GCV=4.570704e-10, AIC = -2.301486
  Model addition step   2: Added term 3 -- RMS=0.219237, GCV=6.497001e-12, AIC = -6.555051
  Model addition step   3: Added term 4 -- RMS=0.032574, GCV=1.434444e-13, AIC = -10.368267
  Model addition step   4: Added term 1 -- RMS=0.023194, GCV=7.273784e-14, AIC = -11.047420
  5 polynomial terms were written for anconeus4
anconeus5
  RMS fit error of the full model is: 0.000165 mm
  maximum moment arm: 6.082770 mm
  maximum error allowed: 2.000000 mm
  Model addition step   1: Added term 0 -- RMS=2.732179, GCV=1.008894e-09, AIC = -1.509714
  Model addition step   2: Added term 2 -- RMS=0.116998, GCV=1.850293e-12, AIC = -7.811048
  Model addition step   3: Added term 1 -- RMS=0.029754, GCV=1.196876e-13, AIC = -10.549329
  Model addition step   4: Added term 4 -- RMS=0.000167, GCV=3.761766e-18, AIC = -20.917149
  5 polynomial terms were written for anconeus5
