simulation
nRows=3900
nColumns=15
endheader
time  TH_x TH_y TH_z SC_y  SC_z  SC_x  AC_y  AC_z  AC_x  GH_y  GH_z  GH_yy  EL_x  PS_y
0.000000  0.000000  0.000000  0.000000  -25.275519  15.185175  -10.000000  51.292395  23.690864  10.199714  30.560416  9.845379  4.467735  34.044993  110.983924
0.000256  0.000000  0.000000  0.000000  -25.275519  15.185175  -5.714286  52.363366  20.320871  7.343264  30.560416  9.845379  4.467735  34.044993  110.983924
0.000513  0.000000  0.000000  0.000000  -25.275519  15.185175  -1.428571  53.236481  16.906505  4.609478  30.560416  9.845379  4.467735  34.044993  110.983924
0.000769  0.000000  0.000000  0.000000  -25.275519  15.185175  2.857143  53.927225  13.457123  1.973534  30.560416  9.845379  4.467735  34.044993  110.983924
0.001026  0.000000  0.000000  0.000000  -25.275519  15.185175  7.142857  54.447665  9.981097  -0.587187  30.560416  9.845379  4.467735  34.044993  110.983924
0.001282  0.000000  0.000000  0.000000  -25.275519  15.185175  11.428571  54.806828  6.485951  -3.093611  30.560416  9.845379  4.467735  34.044993  110.983924
0.001539  0.000000  0.000000  0.000000  -25.275519  15.185175  15.714286  55.010878  2.978666  -5.565423  30.560416  9.845379  4.467735  34.044993  110.983924
0.001795  0.000000  0.000000  0.000000  -25.275519  15.185175  20.000000  55.063305  -0.534106  -8.021497  30.560416  9.845379  4.467735  34.044993  110.983924
0.002052  0.000000  0.000000  0.000000  -25.275519  15.185175  24.285714  54.964990  -4.045897  -10.480398  30.560416  9.845379  4.467735  34.044993  110.983924
0.002308  0.000000  0.000000  0.000000  -25.275519  15.185175  28.571429  54.714271  -7.550223  -12.960716  30.560416  9.845379  4.467735  34.044993  110.983924
0.002565  0.000000  0.000000  0.000000  -25.275519  15.185175  32.857143  54.306858  -11.040320  -15.481519  30.560416  9.845379  4.467735  34.044993  110.983924
0.002821  0.000000  0.000000  0.000000  -25.275519  15.185175  37.142857  53.735716  -14.509068  -18.062835  30.560416  9.845379  4.467735  34.044993  110.983924
0.003078  0.000000  0.000000  0.000000  -25.275519  15.185175  41.428571  52.990956  -17.948724  -20.726041  30.560416  9.845379  4.467735  34.044993  110.983924
0.003334  0.000000  0.000000  0.000000  -25.275519  15.185175  45.714286  52.059479  -21.350654  -23.494377  30.560416  9.845379  4.467735  34.044993  110.983924
0.003591  0.000000  0.000000  0.000000  -25.275519  15.185175  50.000000  50.924728  -24.705091  -26.393437  30.560416  9.845379  4.467735  34.044993  110.983924
0.003847  0.000000  0.000000  0.000000  -8.671186  17.524707  -10.000000  48.052208  19.604597  12.581432  31.124864  4.688880  -2.032108  17.479139  126.119596
0.004104  0.000000  0.000000  0.000000  -8.671186  17.524707  -5.714286  48.975066  16.393340  9.596650  31.124864  4.688880  -2.032108  17.479139  126.119596
0.004360  0.000000  0.000000  0.000000  -8.671186  17.524707  -1.428571  49.711462  13.141369  6.709380  31.124864  4.688880  -2.032108  17.479139  126.119596
0.004617  0.000000  0.000000  0.000000  -8.671186  17.524707  2.857143  50.272277  9.858043  3.898041  31.124864  4.688880  -2.032108  17.479139  126.119596
0.004873  0.000000  0.000000  0.000000  -8.671186  17.524707  7.142857  50.665786  6.551913  1.142371  31.124864  4.688880  -2.032108  17.479139  126.119596
0.005130  0.000000  0.000000  0.000000  -8.671186  17.524707  11.428571  50.897794  3.230957  -1.576906  31.124864  4.688880  -2.032108  17.479139  126.119596
0.005386  0.000000  0.000000  0.000000  -8.671186  17.524707  15.714286  50.971707  -0.097210  -4.278418  31.124864  4.688880  -2.032108  17.479139  126.119596
0.005642  0.000000  0.000000  0.000000  -8.671186  17.524707  20.000000  50.888614  -3.425164  -6.980458  31.124864  4.688880  -2.032108  17.479139  126.119596
0.005899  0.000000  0.000000  0.000000  -8.671186  17.524707  24.285714  50.647303  -6.745469  -9.701353  31.124864  4.688880  -2.032108  17.479139  126.119596
0.006155  0.000000  0.000000  0.000000  -8.671186  17.524707  28.571429  50.244190  -10.050490  -12.459727  31.124864  4.688880  -2.032108  17.479139  126.119596
0.006412  0.000000  0.000000  0.000000  -8.671186  17.524707  32.857143  49.673370  -13.332232  -15.274942  31.124864  4.688880  -2.032108  17.479139  126.119596
0.006668  0.000000  0.000000  0.000000  -8.671186  17.524707  37.142857  48.926419  -16.582084  -18.167288  31.124864  4.688880  -2.032108  17.479139  126.119596
0.006925  0.000000  0.000000  0.000000  -8.671186  17.524707  41.428571  47.992294  -19.790646  -21.158448  31.124864  4.688880  -2.032108  17.479139  126.119596
0.007181  0.000000  0.000000  0.000000  -8.671186  17.524707  45.714286  46.857233  -22.947427  -24.271688  31.124864  4.688880  -2.032108  17.479139  126.119596
0.007438  0.000000  0.000000  0.000000  -8.671186  17.524707  50.000000  45.504650  -26.040606  -27.532179  31.124864  4.688880  -2.032108  17.479139  126.119596
0.007694  0.000000  0.000000  0.000000  -26.377992  23.065087  -10.000000  47.350542  16.727207  6.412856  3.082749  19.483752  2.263756  27.887349  120.839422
0.007951  0.000000  0.000000  0.000000  -26.377992  23.065087  -5.714286  48.130771  13.554567  3.427479  3.082749  19.483752  2.263756  27.887349  120.839422
0.008207  0.000000  0.000000  0.000000  -26.377992  23.065087  -1.428571  48.732945  10.347435  0.521225  3.082749  19.483752  2.263756  27.887349  120.839422
0.008464  0.000000  0.000000  0.000000  -26.377992  23.065087  2.857143  49.165392  7.114792  -2.325949  3.082749  19.483752  2.263756  27.887349  120.839422
0.008720  0.000000  0.000000  0.000000  -26.377992  23.065087  7.142857  49.434120  3.865004  -5.133173  3.082749  19.483752  2.263756  27.887349  120.839422
0.008977  0.000000  0.000000  0.000000  -26.377992  23.065087  11.428571  49.542852  0.606035  -7.918920  3.082749  19.483752  2.263756  27.887349  120.839422
0.009233  0.000000  0.000000  0.000000  -26.377992  23.065087  15.714286  49.493088  -2.654358  -10.701319  3.082749  19.483752  2.263756  27.887349  120.839422
0.009490  0.000000  0.000000  0.000000  -26.377992  23.065087  20.000000  49.284143  -5.908472  -13.498430  3.082749  19.483752  2.263756  27.887349  120.839422
0.009746  0.000000  0.000000  0.000000  -26.377992  23.065087  24.285714  48.913118  -9.148442  -16.328562  3.082749  19.483752  2.263756  27.887349  120.839422
0.010003  0.000000  0.000000  0.000000  -26.377992  23.065087  28.571429  48.374873  -12.366072  -19.210584  3.082749  19.483752  2.263756  27.887349  120.839422
0.010259  0.000000  0.000000  0.000000  -26.377992  23.065087  32.857143  47.661956  -15.552623  -22.164130  3.082749  19.483752  2.263756  27.887349  120.839422
0.010516  0.000000  0.000000  0.000000  -26.377992  23.065087  37.142857  46.764510  -18.698634  -25.210022  3.082749  19.483752  2.263756  27.887349  120.839422
0.010772  0.000000  0.000000  0.000000  -26.377992  23.065087  41.428571  45.670223  -21.793615  -28.370347  3.082749  19.483752  2.263756  27.887349  120.839422
0.011028  0.000000  0.000000  0.000000  -26.377992  23.065087  45.714286  44.364238  -24.825886  -31.668833  3.082749  19.483752  2.263756  27.887349  120.839422
0.011285  0.000000  0.000000  0.000000  -26.377992  23.065087  50.000000  42.829237  -27.782210  -35.130810  3.082749  19.483752  2.263756  27.887349  120.839422
0.011541  0.000000  0.000000  0.000000  -27.183466  11.033750  -10.000000  50.302062  15.891932  7.883162  -1.877181  30.521235  30.159599  34.657711  127.242634
0.011798  0.000000  0.000000  0.000000  -27.183466  11.033750  -5.714286  50.991797  12.577291  5.079888  -1.877181  30.521235  30.159599  34.657711  127.242634
0.012054  0.000000  0.000000  0.000000  -27.183466  11.033750  -1.428571  51.508883  9.234277  2.348423  -1.877181  30.521235  30.159599  34.657711  127.242634
0.012311  0.000000  0.000000  0.000000  -27.183466  11.033750  2.857143  51.861339  5.871023  -0.331517  -1.877181  30.521235  30.159599  34.657711  127.242634
0.012567  0.000000  0.000000  0.000000  -27.183466  11.033750  7.142857  52.054590  2.495168  -2.979216  -1.877181  30.521235  30.159599  34.657711  127.242634
0.012824  0.000000  0.000000  0.000000  -27.183466  11.033750  11.428571  52.091603  -0.885979  -5.613332  -1.877181  30.521235  30.159599  34.657711  127.242634
0.013080  0.000000  0.000000  0.000000  -27.183466  11.033750  15.714286  51.972943  -4.265251  -8.252263  -1.877181  30.521235  30.159599  34.657711  127.242634
0.013337  0.000000  0.000000  0.000000  -27.183466  11.033750  20.000000  51.696785  -7.635433  -10.914496  -1.877181  30.521235  30.159599  34.657711  127.242634
0.013593  0.000000  0.000000  0.000000  -27.183466  11.033750  24.285714  51.258897  -10.989065  -13.618983  -1.877181  30.521235  30.159599  34.657711  127.242634
0.013850  0.000000  0.000000  0.000000  -27.183466  11.033750  28.571429  50.652509  -14.318267  -16.385470  -1.877181  30.521235  30.159599  34.657711  127.242634
0.014106  0.000000  0.000000  0.000000  -27.183466  11.033750  32.857143  49.868236  -17.614505  -19.234891  -1.877181  30.521235  30.159599  34.657711  127.242634
0.014363  0.000000  0.000000  0.000000  -27.183466  11.033750  37.142857  48.893886  -20.868370  -22.189728  -1.877181  30.521235  30.159599  34.657711  127.242634
0.014619  0.000000  0.000000  0.000000  -27.183466  11.033750  41.428571  47.714312  -24.069276  -25.274318  -1.877181  30.521235  30.159599  34.657711  127.242634
0.014876  0.000000  0.000000  0.000000  -27.183466  11.033750  45.714286  46.311225  -27.205216  -28.515242  -1.877181  30.521235  30.159599  34.657711  127.242634
0.015132  0.000000  0.000000  0.000000  -27.183466  11.033750  50.000000  44.663138  -30.262346  -31.941464  -1.877181  30.521235  30.159599  34.657711  127.242634
0.015389  0.000000  0.000000  0.000000  -24.004202  7.172385  -10.000000  55.798699  18.679379  4.939366  8.759433  21.275328  32.320256  34.662687  126.625264
0.015645  0.000000  0.000000  0.000000  -24.004202  7.172385  -5.714286  56.524086  15.119040  2.445518  8.759433  21.275328  32.320256  34.662687  126.625264
0.015902  0.000000  0.000000  0.000000  -24.004202  7.172385  -1.428571  57.080173  11.532273  0.034407  8.759433  21.275328  32.320256  34.662687  126.625264
0.016158  0.000000  0.000000  0.000000  -24.004202  7.172385  2.857143  57.477557  7.926142  -2.315658  8.759433  21.275328  32.320256  34.662687  126.625264
0.016414  0.000000  0.000000  0.000000  -24.004202  7.172385  7.142857  57.723753  4.307076  -4.624783  8.759433  21.275328  32.320256  34.662687  126.625264
0.016671  0.000000  0.000000  0.000000  -24.004202  7.172385  11.428571  57.823354  0.681102  -6.911993  8.759433  21.275328  32.320256  34.662687  126.625264
0.016927  0.000000  0.000000  0.000000  -24.004202  7.172385  15.714286  57.778177  -2.945933  -9.195770  8.759433  21.275328  32.320256  34.662687  126.625264
0.017184  0.000000  0.000000  0.000000  -24.004202  7.172385  20.000000  57.587428  -6.568297  -11.494475  8.759433  21.275328  32.320256  34.662687  126.625264
0.017440  0.000000  0.000000  0.000000  -24.004202  7.172385  24.285714  57.247529  -10.180016  -13.826879  8.759433  21.275328  32.320256  34.662687  126.625264
0.017697  0.000000  0.000000  0.000000  -24.004202  7.172385  28.571429  56.752109  -13.774845  -16.212628  8.759433  21.275328  32.320256  34.662687  126.625264
0.017953  0.000000  0.000000  0.000000  -24.004202  7.172385  32.857143  56.091752  -17.345992  -18.672744  8.759433  21.275328  32.320256  34.662687  126.625264
0.018210  0.000000  0.000000  0.000000  -24.004202  7.172385  37.142857  55.253714  -20.885882  -21.230196  8.759433  21.275328  32.320256  34.662687  126.625264
0.018466  0.000000  0.000000  0.000000  -24.004202  7.172385  41.428571  54.221481  -24.385917  -23.910544  8.759433  21.275328  32.320256  34.662687  126.625264
0.018723  0.000000  0.000000  0.000000  -24.004202  7.172385  45.714286  52.974294  -27.836139  -26.742591  8.759433  21.275328  32.320256  34.662687  126.625264
0.018979  0.000000  0.000000  0.000000  -24.004202  7.172385  50.000000  51.486595  -31.224789  -29.759088  8.759433  21.275328  32.320256  34.662687  126.625264
0.019236  0.000000  0.000000  0.000000  -32.045068  12.099799  -10.000000  56.089468  10.034605  6.696719  26.861954  16.009711  -3.252088  22.182721  119.761267
0.019492  0.000000  0.000000  0.000000  -32.045068  12.099799  -5.714286  56.434840  6.470130  4.291934  26.861954  16.009711  -3.252088  22.182721  119.761267
0.019749  0.000000  0.000000  0.000000  -32.045068  12.099799  -1.428571  56.628519  2.894515  1.920944  26.861954  16.009711  -3.252088  22.182721  119.761267
0.020005  0.000000  0.000000  0.000000  -32.045068  12.099799  2.857143  56.673948  -0.686015  -0.435112  26.861954  16.009711  -3.252088  22.182721  119.761267
0.020262  0.000000  0.000000  0.000000  -32.045068  12.099799  7.142857  56.571971  -4.265386  -2.794692  26.861954  16.009711  -3.252088  22.182721  119.761267
0.020518  0.000000  0.000000  0.000000  -32.045068  12.099799  11.428571  56.320723  -7.837482  -5.176382  26.861954  16.009711  -3.252088  22.182721  119.761267
0.020775  0.000000  0.000000  0.000000  -32.045068  12.099799  15.714286  55.915711  -11.395975  -7.599254  26.861954  16.009711  -3.252088  22.182721  119.761267
0.021031  0.000000  0.000000  0.000000  -32.045068  12.099799  20.000000  55.349565  -14.934123  -10.083441  26.861954  16.009711  -3.252088  22.182721  119.761267
0.021288  0.000000  0.000000  0.000000  -32.045068  12.099799  24.285714  54.611872  -18.444559  -12.650579  26.861954  16.009711  -3.252088  22.182721  119.761267
0.021544  0.000000  0.000000  0.000000  -32.045068  12.099799  28.571429  53.688847  -21.919042  -15.324356  26.861954  16.009711  -3.252088  22.182721  119.761267
0.021800  0.000000  0.000000  0.000000  -32.045068  12.099799  32.857143  52.562964  -25.348175  -18.131108  26.861954  16.009711  -3.252088  22.182721  119.761267
0.022057  0.000000  0.000000  0.000000  -32.045068  12.099799  37.142857  51.212517  -28.721015  -21.100391  26.861954  16.009711  -3.252088  22.182721  119.761267
0.022313  0.000000  0.000000  0.000000  -32.045068  12.099799  41.428571  49.611109  -32.024723  -24.265659  26.861954  16.009711  -3.252088  22.182721  119.761267
0.022570  0.000000  0.000000  0.000000  -32.045068  12.099799  45.714286  47.727244  -35.243996  -27.664776  26.861954  16.009711  -3.252088  22.182721  119.761267
0.022826  0.000000  0.000000  0.000000  -32.045068  12.099799  50.000000  45.524058  -38.360464  -31.340376  26.861954  16.009711  -3.252088  22.182721  119.761267
0.023083  0.000000  0.000000  0.000000  -30.368313  14.196488  -10.000000  50.304464  23.042514  12.161808  21.907941  7.771481  7.517241  30.799011  125.056316
0.023339  0.000000  0.000000  0.000000  -30.368313  14.196488  -5.714286  51.364666  19.718930  9.255433  21.907941  7.771481  7.517241  30.799011  125.056316
0.023596  0.000000  0.000000  0.000000  -30.368313  14.196488  -1.428571  52.228057  16.350453  6.468319  21.907941  7.771481  7.517241  30.799011  125.056316
0.023852  0.000000  0.000000  0.000000  -30.368313  14.196488  2.857143  52.909270  12.946584  3.776281  21.907941  7.771481  7.517241  30.799011  125.056316
0.024109  0.000000  0.000000  0.000000  -30.368313  14.196488  7.142857  53.419712  9.515865  1.157129  21.907941  7.771481  7.517241  30.799011  125.056316
0.024365  0.000000  0.000000  0.000000  -30.368313  14.196488  11.428571  53.767894  6.066015  -1.409779  21.907941  7.771481  7.517241  30.799011  125.056316
0.024622  0.000000  0.000000  0.000000  -30.368313  14.196488  15.714286  53.959569  2.604232  -3.943967  21.907941  7.771481  7.517241  30.799011  125.056316
0.024878  0.000000  0.000000  0.000000  -30.368313  14.196488  20.000000  53.997898  -0.862603  -6.464234  21.907941  7.771481  7.517241  30.799011  125.056316
0.025135  0.000000  0.000000  0.000000  -30.368313  14.196488  24.285714  53.883502  -4.327775  -8.989113  21.907941  7.771481  7.517241  30.799011  125.056316
0.025391  0.000000  0.000000  0.000000  -30.368313  14.196488  28.571429  53.614512  -7.784499  -11.537197  21.907941  7.771481  7.517241  30.799011  125.056316
0.025648  0.000000  0.000000  0.000000  -30.368313  14.196488  32.857143  53.186483  -11.225762  -14.127604  21.907941  7.771481  7.517241  30.799011  125.056316
0.025904  0.000000  0.000000  0.000000  -30.368313  14.196488  37.142857  52.592300  -14.644123  -16.780358  21.907941  7.771481  7.517241  30.799011  125.056316
0.026161  0.000000  0.000000  0.000000  -30.368313  14.196488  41.428571  51.822065  -18.031501  -19.516813  21.907941  7.771481  7.517241  30.799011  125.056316
0.026417  0.000000  0.000000  0.000000  -30.368313  14.196488  45.714286  50.862775  -21.378909  -22.360101  21.907941  7.771481  7.517241  30.799011  125.056316
0.026674  0.000000  0.000000  0.000000  -30.368313  14.196488  50.000000  49.698155  -24.676201  -25.335562  21.907941  7.771481  7.517241  30.799011  125.056316
0.026930  0.000000  0.000000  0.000000  -12.600370  14.599777  -10.000000  50.848636  27.290928  12.015575  6.565006  5.181315  34.417456  26.431114  121.820836
0.027186  0.000000  0.000000  0.000000  -12.600370  14.599777  -5.714286  52.128616  23.936612  9.056524  6.565006  5.181315  34.417456  26.431114  121.820836
0.027443  0.000000  0.000000  0.000000  -12.600370  14.599777  -1.428571  53.191675  20.528512  6.248659  6.565006  5.181315  34.417456  26.431114  121.820836
0.027699  0.000000  0.000000  0.000000  -12.600370  14.599777  2.857143  54.057504  17.077218  3.564002  6.565006  5.181315  34.417456  26.431114  121.820836
0.027956  0.000000  0.000000  0.000000  -12.600370  14.599777  7.142857  54.741959  13.591893  0.977457  6.565006  5.181315  34.417456  26.431114  121.820836
0.028212  0.000000  0.000000  0.000000  -12.600370  14.599777  11.428571  55.257371  10.080683  -1.533764  6.565006  5.181315  34.417456  26.431114  121.820836
0.028469  0.000000  0.000000  0.000000  -12.600370  14.599777  15.714286  55.612932  6.550919  -3.990663  6.565006  5.181315  34.417456  26.431114  121.820836
0.028725  0.000000  0.000000  0.000000  -12.600370  14.599777  20.000000  55.814916  3.009384  -6.412958  6.565006  5.181315  34.417456  26.431114  121.820836
0.028982  0.000000  0.000000  0.000000  -12.600370  14.599777  24.285714  55.866856  -0.537489  -8.819529  6.565006  5.181315  34.417456  26.431114  121.820836
0.029238  0.000000  0.000000  0.000000  -12.600370  14.599777  28.571429  55.769665  -4.083407  -11.228907  6.565006  5.181315  34.417456  26.431114  121.820836
0.029495  0.000000  0.000000  0.000000  -12.600370  14.599777  32.857143  55.521639  -7.622076  -13.659666  6.565006  5.181315  34.417456  26.431114  121.820836
0.029751  0.000000  0.000000  0.000000  -12.600370  14.599777  37.142857  55.118433  -11.146958  -16.130894  6.565006  5.181315  34.417456  26.431114  121.820836
0.030008  0.000000  0.000000  0.000000  -12.600370  14.599777  41.428571  54.552902  -14.651128  -18.662657  6.565006  5.181315  34.417456  26.431114  121.820836
0.030264  0.000000  0.000000  0.000000  -12.600370  14.599777  45.714286  53.814945  -18.127038  -21.276430  6.565006  5.181315  34.417456  26.431114  121.820836
0.030521  0.000000  0.000000  0.000000  -12.600370  14.599777  50.000000  52.891179  -21.566272  -23.995655  6.565006  5.181315  34.417456  26.431114  121.820836
0.030777  0.000000  0.000000  0.000000  -31.857337  20.645696  -10.000000  46.623432  13.649392  6.951458  23.652692  28.425290  6.092956  28.790897  128.532007
0.031034  0.000000  0.000000  0.000000  -31.857337  20.645696  -5.714286  47.250192  10.517518  3.959199  23.652692  28.425290  6.092956  28.790897  128.532007
0.031290  0.000000  0.000000  0.000000  -31.857337  20.645696  -1.428571  47.705954  7.358174  1.027368  23.652692  28.425290  6.092956  28.790897  128.532007
0.031547  0.000000  0.000000  0.000000  -31.857337  20.645696  2.857143  47.996650  4.180043  -1.862860  23.652692  28.425290  6.092956  28.790897  128.532007
0.031803  0.000000  0.000000  0.000000  -31.857337  20.645696  7.142857  48.126065  0.991396  -4.729696  23.652692  28.425290  6.092956  28.790897  128.532007
0.032060  0.000000  0.000000  0.000000  -31.857337  20.645696  11.428571  48.095875  -2.199715  -7.591020  23.652692  28.425290  6.092956  28.790897  128.532007
0.032316  0.000000  0.000000  0.000000  -31.857337  20.645696  15.714286  47.905692  -5.385331  -10.464604  23.652692  28.425290  6.092956  28.790897  128.532007
0.032572  0.000000  0.000000  0.000000  -31.857337  20.645696  20.000000  47.553034  -8.557345  -13.368415  23.652692  28.425290  6.092956  28.790897  128.532007
0.032829  0.000000  0.000000  0.000000  -31.857337  20.645696  24.285714  47.033321  -11.707340  -16.320899  23.652692  28.425290  6.092956  28.790897  128.532007
0.033085  0.000000  0.000000  0.000000  -31.857337  20.645696  28.571429  46.339817  -14.826414  -19.341098  23.652692  28.425290  6.092956  28.790897  128.532007
0.033342  0.000000  0.000000  0.000000  -31.857337  20.645696  32.857143  45.463575  -17.904972  -22.449088  23.652692  28.425290  6.092956  28.790897  128.532007
0.033598  0.000000  0.000000  0.000000  -31.857337  20.645696  37.142857  44.393423  -20.932484  -25.666013  23.652692  28.425290  6.092956  28.790897  128.532007
0.033855  0.000000  0.000000  0.000000  -31.857337  20.645696  41.428571  43.115944  -23.897270  -29.014310  23.652692  28.425290  6.092956  28.790897  128.532007
0.034111  0.000000  0.000000  0.000000  -31.857337  20.645696  45.714286  41.615562  -26.786231  -32.517733  23.652692  28.425290  6.092956  28.790897  128.532007
0.034368  0.000000  0.000000  0.000000  -31.857337  20.645696  50.000000  39.874754  -29.584568  -36.201256  23.652692  28.425290  6.092956  28.790897  128.532007
0.034624  0.000000  0.000000  0.000000  -10.026173  25.083687  -10.000000  46.701608  27.789913  22.177949  24.417463  25.098798  -5.149539  25.229461  117.908885
0.034881  0.000000  0.000000  0.000000  -10.026173  25.083687  -5.714286  48.130041  24.633495  18.945849  24.417463  25.098798  -5.149539  25.229461  117.908885
0.035137  0.000000  0.000000  0.000000  -10.026173  25.083687  -1.428571  49.331855  21.411434  15.874719  24.417463  25.098798  -5.149539  25.229461  117.908885
0.035394  0.000000  0.000000  0.000000  -10.026173  25.083687  2.857143  50.326209  18.135863  12.937268  24.417463  25.098798  -5.149539  25.229461  117.908885
0.035650  0.000000  0.000000  0.000000  -10.026173  25.083687  7.142857  51.128980  14.817398  10.108574  24.417463  25.098798  -5.149539  25.229461  117.908885
0.035907  0.000000  0.000000  0.000000  -10.026173  25.083687  11.428571  51.752964  11.465454  7.365737  24.417463  25.098798  -5.149539  25.229461  117.908885
0.036163  0.000000  0.000000  0.000000  -10.026173  25.083687  15.714286  52.208039  8.088541  4.687521  24.417463  25.098798  -5.149539  25.229461  117.908885
0.036420  0.000000  0.000000  0.000000  -10.026173  25.083687  20.000000  52.501392  4.694481  2.053937  24.417463  25.098798  -5.149539  25.229461  117.908885
0.036676  0.000000  0.000000  0.000000  -10.026173  25.083687  24.285714  52.637632  1.290646  -0.554086  24.417463  25.098798  -5.149539  25.229461  117.908885
0.036933  0.000000  0.000000  0.000000  -10.026173  25.083687  28.571429  52.618886  -2.115861  -3.155134  24.417463  25.098798  -5.149539  25.229461  117.908885
0.037189  0.000000  0.000000  0.000000  -10.026173  25.083687  32.857143  52.444871  -5.517986  -5.767630  24.417463  25.098798  -5.149539  25.229461  117.908885
0.037445  0.000000  0.000000  0.000000  -10.026173  25.083687  37.142857  52.112855  -8.908585  -8.410244  24.417463  25.098798  -5.149539  25.229461  117.908885
0.037702  0.000000  0.000000  0.000000  -10.026173  25.083687  41.428571  51.617612  -12.280187  -11.102249  24.417463  25.098798  -5.149539  25.229461  117.908885
0.037958  0.000000  0.000000  0.000000  -10.026173  25.083687  45.714286  50.951329  -15.624829  -13.863880  24.417463  25.098798  -5.149539  25.229461  117.908885
0.038215  0.000000  0.000000  0.000000  -10.026173  25.083687  50.000000  50.103423  -18.933806  -16.716753  24.417463  25.098798  -5.149539  25.229461  117.908885
0.038471  0.000000  0.000000  0.000000  -35.076324  27.243317  -10.000000  48.883644  25.846648  21.167677  20.772809  20.774070  14.485259  34.592629  118.227310
0.038728  0.000000  0.000000  0.000000  -35.076324  27.243317  -5.714286  50.135860  22.586459  18.116722  20.772809  20.774070  14.485259  34.592629  118.227310
0.038984  0.000000  0.000000  0.000000  -35.076324  27.243317  -1.428571  51.175474  19.271346  15.208109  20.772809  20.774070  14.485259  34.592629  118.227310
0.039241  0.000000  0.000000  0.000000  -35.076324  27.243317  2.857143  52.019947  15.912075  12.415679  20.772809  20.774070  14.485259  34.592629  118.227310
0.039497  0.000000  0.000000  0.000000  -35.076324  27.243317  7.142857  52.683398  12.518101  9.715600  20.772809  20.774070  14.485259  34.592629  118.227310
0.039754  0.000000  0.000000  0.000000  -35.076324  27.243317  11.428571  53.176794  9.097905  7.085954  20.772809  20.774070  14.485259  34.592629  118.227310
0.040010  0.000000  0.000000  0.000000  -35.076324  27.243317  15.714286  53.508307  5.659251  4.506273  20.772809  20.774070  14.485259  34.592629  118.227310
0.040267  0.000000  0.000000  0.000000  -35.076324  27.243317  20.000000  53.683321  2.209334  1.957179  20.772809  20.774070  14.485259  34.592629  118.227310
0.040523  0.000000  0.000000  0.000000  -35.076324  27.243317  24.285714  53.704679  -1.244956  -0.580095  20.772809  20.774070  14.485259  34.592629  118.227310
0.040780  0.000000  0.000000  0.000000  -35.076324  27.243317  28.571429  53.572750  -4.696787  -3.124023  20.772809  20.774070  14.485259  34.592629  118.227310
0.041036  0.000000  0.000000  0.000000  -35.076324  27.243317  32.857143  53.285384  -8.139312  -5.693247  20.772809  20.774070  14.485259  34.592629  118.227310
0.041293  0.000000  0.000000  0.000000  -35.076324  27.243317  37.142857  52.837879  -11.565410  -8.306941  20.772809  20.774070  14.485259  34.592629  118.227310
0.041549  0.000000  0.000000  0.000000  -35.076324  27.243317  41.428571  52.222886  -14.967513  -10.985221  20.772809  20.774070  14.485259  34.592629  118.227310
0.041806  0.000000  0.000000  0.000000  -35.076324  27.243317  45.714286  51.430240  -18.337380  -13.749554  20.772809  20.774070  14.485259  34.592629  118.227310
0.042062  0.000000  0.000000  0.000000  -35.076324  27.243317  50.000000  50.446711  -21.665844  -16.623205  20.772809  20.774070  14.485259  34.592629  118.227310
0.042319  0.000000  0.000000  0.000000  -20.758559  -1.812096  -10.000000  61.847985  31.735501  3.779690  27.936192  27.502602  21.803241  32.630267  125.789348
0.042575  0.000000  0.000000  0.000000  -20.758559  -1.812096  -5.714286  62.986667  27.936319  1.492449  27.936192  27.502602  21.803241  32.630267  125.789348
0.042831  0.000000  0.000000  0.000000  -20.758559  -1.812096  -1.428571  63.922072  24.101925  -0.638525  27.936192  27.502602  21.803241  32.630267  125.789348
0.043088  0.000000  0.000000  0.000000  -20.758559  -1.812096  2.857143  64.679758  20.239714  -2.645018  27.936192  27.502602  21.803241  32.630267  125.789348
0.043344  0.000000  0.000000  0.000000  -20.758559  -1.812096  7.142857  65.279424  16.355806  -4.553795  27.936192  27.502602  21.803241  32.630267  125.789348
0.043601  0.000000  0.000000  0.000000  -20.758559  -1.812096  11.428571  65.736011  12.455390  -6.387853  27.936192  27.502602  21.803241  32.630267  125.789348
0.043857  0.000000  0.000000  0.000000  -20.758559  -1.812096  15.714286  66.060496  8.542973  -8.167406  27.936192  27.502602  21.803241  32.630267  125.789348
0.044114  0.000000  0.000000  0.000000  -20.758559  -1.812096  20.000000  66.260486  4.622610  -9.910756  27.936192  27.502602  21.803241  32.630267  125.789348
0.044370  0.000000  0.000000  0.000000  -20.758559  -1.812096  24.285714  66.340563  0.698029  -11.634875  27.936192  27.502602  21.803241  32.630267  125.789348
0.044627  0.000000  0.000000  0.000000  -20.758559  -1.812096  28.571429  66.302544  -3.227182  -13.356119  27.936192  27.502602  21.803241  32.630267  125.789348
0.044883  0.000000  0.000000  0.000000  -20.758559  -1.812096  32.857143  66.145589  -7.149464  -15.090717  27.936192  27.502602  21.803241  32.630267  125.789348
0.045140  0.000000  0.000000  0.000000  -20.758559  -1.812096  37.142857  65.866088  -11.065151  -16.855380  27.936192  27.502602  21.803241  32.630267  125.789348
0.045396  0.000000  0.000000  0.000000  -20.758559  -1.812096  41.428571  65.457550  -14.970322  -18.667861  27.936192  27.502602  21.803241  32.630267  125.789348
0.045653  0.000000  0.000000  0.000000  -20.758559  -1.812096  45.714286  64.910259  -18.860655  -20.547595  27.936192  27.502602  21.803241  32.630267  125.789348
0.045909  0.000000  0.000000  0.000000  -20.758559  -1.812096  50.000000  64.210765  -22.731230  -22.516488  27.936192  27.502602  21.803241  32.630267  125.789348
0.046166  0.000000  0.000000  0.000000  -10.310402  17.356600  -10.000000  48.952796  11.811383  9.608062  6.528655  33.394978  18.178297  20.717764  119.022356
0.046422  0.000000  0.000000  0.000000  -10.310402  17.356600  -5.714286  49.456277  8.566233  6.763459  6.528655  33.394978  18.178297  20.717764  119.022356
0.046679  0.000000  0.000000  0.000000  -10.310402  17.356600  -1.428571  49.794021  5.300626  3.967166  6.528655  33.394978  18.178297  20.717764  119.022356
0.046935  0.000000  0.000000  0.000000  -10.310402  17.356600  2.857143  49.970841  2.022596  1.200359  6.528655  33.394978  18.178297  20.717764  119.022356
0.047192  0.000000  0.000000  0.000000  -10.310402  17.356600  7.142857  49.989187  -1.260118  -1.555279  6.528655  33.394978  18.178297  20.717764  119.022356
0.047448  0.000000  0.000000  0.000000  -10.310402  17.356600  11.428571  49.849347  -4.539912  -4.317870  6.528655  33.394978  18.178297  20.717764  119.022356
0.047705  0.000000  0.000000  0.000000  -10.310402  17.356600  15.714286  49.549297  -7.809123  -7.105651  6.528655  33.394978  18.178297  20.717764  119.022356
0.047961  0.000000  0.000000  0.000000  -10.310402  17.356600  20.000000  49.084863  -11.059762  -9.937336  6.528655  33.394978  18.178297  20.717764  119.022356
0.048217  0.000000  0.000000  0.000000  -10.310402  17.356600  24.285714  48.449434  -14.283481  -12.832292  6.528655  33.394978  18.178297  20.717764  119.022356
0.048474  0.000000  0.000000  0.000000  -10.310402  17.356600  28.571429  47.634048  -17.471221  -15.810966  6.528655  33.394978  18.178297  20.717764  119.022356
0.048730  0.000000  0.000000  0.000000  -10.310402  17.356600  32.857143  46.627217  -20.613046  -18.895100  6.528655  33.394978  18.178297  20.717764  119.022356
0.048987  0.000000  0.000000  0.000000  -10.310402  17.356600  37.142857  45.414849  -23.697892  -22.108001  6.528655  33.394978  18.178297  20.717764  119.022356
0.049243  0.000000  0.000000  0.000000  -10.310402  17.356600  41.428571  43.980247  -26.713257  -25.474701  6.528655  33.394978  18.178297  20.717764  119.022356
0.049500  0.000000  0.000000  0.000000  -10.310402  17.356600  45.714286  42.304132  -29.644919  -29.022027  6.528655  33.394978  18.178297  20.717764  119.022356
0.049756  0.000000  0.000000  0.000000  -10.310402  17.356600  50.000000  40.364921  -32.476586  -32.778442  6.528655  33.394978  18.178297  20.717764  119.022356
0.050013  0.000000  0.000000  0.000000  -15.261882  12.932110  -10.000000  55.991414  31.074803  15.445672  6.239495  32.944196  -3.059885  18.345314  124.081310
0.050269  0.000000  0.000000  0.000000  -15.261882  12.932110  -5.714286  57.313303  27.493987  12.744921  6.239495  32.944196  -3.059885  18.345314  124.081310
0.050526  0.000000  0.000000  0.000000  -15.261882  12.932110  -1.428571  58.410028  23.864350  10.215602  6.239495  32.944196  -3.059885  18.345314  124.081310
0.050782  0.000000  0.000000  0.000000  -15.261882  12.932110  2.857143  59.307271  20.195657  7.825060  6.239495  32.944196  -3.059885  18.345314  124.081310
0.051039  0.000000  0.000000  0.000000  -15.261882  12.932110  7.142857  60.025357  16.496148  5.545106  6.239495  32.944196  -3.059885  18.345314  124.081310
0.051295  0.000000  0.000000  0.000000  -15.261882  12.932110  11.428571  60.580043  12.772872  3.351072  6.239495  32.944196  -3.059885  18.345314  124.081310
0.051552  0.000000  0.000000  0.000000  -15.261882  12.932110  15.714286  60.983180  9.032006  1.220978  6.239495  32.944196  -3.059885  18.345314  124.081310
0.051808  0.000000  0.000000  0.000000  -15.261882  12.932110  20.000000  61.243220  5.279125  -0.865259  6.239495  32.944196  -3.059885  18.345314  124.081310
0.052065  0.000000  0.000000  0.000000  -15.261882  12.932110  24.285714  61.365508  1.519365  -2.926332  6.239495  32.944196  -3.059885  18.345314  124.081310
0.052321  0.000000  0.000000  0.000000  -15.261882  12.932110  28.571429  61.352539  -2.242355  -4.980231  6.239495  32.944196  -3.059885  18.345314  124.081310
0.052578  0.000000  0.000000  0.000000  -15.261882  12.932110  32.857143  61.204055  -6.001180  -7.044726  6.239495  32.944196  -3.059885  18.345314  124.081310
0.052834  0.000000  0.000000  0.000000  -15.261882  12.932110  37.142857  60.917022  -9.752166  -9.137896  6.239495  32.944196  -3.059885  18.345314  124.081310
0.053091  0.000000  0.000000  0.000000  -15.261882  12.932110  41.428571  60.485503  -13.490095  -11.278689  6.239495  32.944196  -3.059885  18.345314  124.081310
0.053347  0.000000  0.000000  0.000000  -15.261882  12.932110  45.714286  59.900443  -17.209305  -13.487460  6.239495  32.944196  -3.059885  18.345314  124.081310
0.053603  0.000000  0.000000  0.000000  -15.261882  12.932110  50.000000  59.149269  -20.903466  -15.786666  6.239495  32.944196  -3.059885  18.345314  124.081310
0.053860  0.000000  0.000000  0.000000  -35.275605  13.628197  -10.000000  53.631860  29.526885  6.916562  26.563077  19.419115  22.861881  37.848818  118.630500
0.054116  0.000000  0.000000  0.000000  -35.275605  13.628197  -5.714286  54.950602  26.046135  4.089477  26.563077  19.419115  22.861881  37.848818  118.630500
0.054373  0.000000  0.000000  0.000000  -35.275605  13.628197  -1.428571  56.046174  22.513542  1.426746  26.563077  19.419115  22.861881  37.848818  118.630500
0.054629  0.000000  0.000000  0.000000  -35.275605  13.628197  2.857143  56.941812  18.939382  -1.102402  26.563077  19.419115  22.861881  37.848818  118.630500
0.054886  0.000000  0.000000  0.000000  -35.275605  13.628197  7.142857  57.656047  15.332385  -3.524955  26.563077  19.419115  22.861881  37.848818  118.630500
0.055142  0.000000  0.000000  0.000000  -35.275605  13.628197  11.428571  58.203300  11.700164  -5.864933  26.563077  19.419115  22.861881  37.848818  118.630500
0.055399  0.000000  0.000000  0.000000  -35.275605  13.628197  15.714286  58.594407  8.049464  -8.144044  26.563077  19.419115  22.861881  37.848818  118.630500
0.055655  0.000000  0.000000  0.000000  -35.275605  13.628197  20.000000  58.836991  4.386418  -10.382347  26.563077  19.419115  22.861881  37.848818  118.630500
0.055912  0.000000  0.000000  0.000000  -35.275605  13.628197  24.285714  58.935728  0.716775  -12.598753  26.563077  19.419115  22.861881  37.848818  118.630500
0.056168  0.000000  0.000000  0.000000  -35.275605  13.628197  28.571429  58.892500  -2.953946  -14.811608  26.563077  19.419115  22.861881  37.848818  118.630500
0.056425  0.000000  0.000000  0.000000  -35.275605  13.628197  32.857143  58.706486  -6.620237  -17.039149  26.563077  19.419115  22.861881  37.848818  118.630500
0.056681  0.000000  0.000000  0.000000  -35.275605  13.628197  37.142857  58.374118  -10.276465  -19.300009  26.563077  19.419115  22.861881  37.848818  118.630500
0.056938  0.000000  0.000000  0.000000  -35.275605  13.628197  41.428571  57.888926  -13.916655  -21.613751  26.563077  19.419115  22.861881  37.848818  118.630500
0.057194  0.000000  0.000000  0.000000  -35.275605  13.628197  45.714286  57.241422  -17.534359  -24.001344  26.563077  19.419115  22.861881  37.848818  118.630500
0.057451  0.000000  0.000000  0.000000  -35.275605  13.628197  50.000000  56.418576  -21.122312  -26.485839  26.563077  19.419115  22.861881  37.848818  118.630500
0.057707  0.000000  0.000000  0.000000  -36.378157  15.254195  -10.000000  55.497352  16.428452  8.909493  -10.448051  29.208511  7.436287  31.927720  113.070110
0.057964  0.000000  0.000000  0.000000  -36.378157  15.254195  -5.714286  56.127440  12.882715  6.420723  -10.448051  29.208511  7.436287  31.927720  113.070110
0.058220  0.000000  0.000000  0.000000  -36.378157  15.254195  -1.428571  56.593372  9.314157  4.001721  -10.448051  29.208511  7.436287  31.927720  113.070110
0.058477  0.000000  0.000000  0.000000  -36.378157  15.254195  2.857143  56.903791  5.729618  1.631794  -10.448051  29.208511  7.436287  31.927720  113.070110
0.058733  0.000000  0.000000  0.000000  -36.378157  15.254195  7.142857  57.064406  2.135457  -0.708494  -10.448051  29.208511  7.436287  31.927720  113.070110
0.058989  0.000000  0.000000  0.000000  -36.378157  15.254195  11.428571  57.078095  -1.462235  -3.037853  -10.448051  29.208511  7.436287  31.927720  113.070110
0.059246  0.000000  0.000000  0.000000  -36.378157  15.254195  15.714286  56.945132  -5.057510  -5.374691  -10.448051  29.208511  7.436287  31.927720  113.070110
0.059502  0.000000  0.000000  0.000000  -36.378157  15.254195  20.000000  56.663080  -8.644323  -7.737619  -10.448051  29.208511  7.436287  31.927720  113.070110
0.059759  0.000000  0.000000  0.000000  -36.378157  15.254195  24.285714  56.226806  -12.216382  -10.145923  -10.448051  29.208511  7.436287  31.927720  113.070110
0.060015  0.000000  0.000000  0.000000  -36.378157  15.254195  28.571429  55.628257  -15.766932  -12.619982  -10.448051  29.208511  7.436287  31.927720  113.070110
0.060272  0.000000  0.000000  0.000000  -36.378157  15.254195  32.857143  54.856214  -19.288558  -15.181882  -10.448051  29.208511  7.436287  31.927720  113.070110
0.060528  0.000000  0.000000  0.000000  -36.378157  15.254195  37.142857  53.895984  -22.772919  -17.855923  -10.448051  29.208511  7.436287  31.927720  113.070110
0.060785  0.000000  0.000000  0.000000  -36.378157  15.254195  41.428571  52.728989  -26.210400  -20.669215  -10.448051  29.208511  7.436287  31.927720  113.070110
0.061041  0.000000  0.000000  0.000000  -36.378157  15.254195  45.714286  51.332212  -29.589844  -23.652392  -10.448051  29.208511  7.436287  31.927720  113.070110
0.061298  0.000000  0.000000  0.000000  -36.378157  15.254195  50.000000  49.677746  -32.898011  -26.840209  -10.448051  29.208511  7.436287  31.927720  113.070110
0.061554  0.000000  0.000000  0.000000  -35.885309  6.659052  -10.000000  59.249615  21.171901  2.368842  -5.252248  27.070687  1.886573  18.888096  110.823900
0.061811  0.000000  0.000000  0.000000  -35.885309  6.659052  -5.714286  60.009742  17.473771  0.073074  -5.252248  27.070687  1.886573  18.888096  110.823900
0.062067  0.000000  0.000000  0.000000  -35.885309  6.659052  -1.428571  60.603255  13.750347  -2.130843  -5.252248  27.070687  1.886573  18.888096  110.823900
0.062324  0.000000  0.000000  0.000000  -35.885309  6.659052  2.857143  61.042957  10.007967  -4.265510  -5.252248  27.070687  1.886573  18.888096  110.823900
0.062580  0.000000  0.000000  0.000000  -35.885309  6.659052  7.142857  61.338120  6.252282  -6.351385  -5.252248  27.070687  1.886573  18.888096  110.823900
0.062837  0.000000  0.000000  0.000000  -35.885309  6.659052  11.428571  61.494927  2.488511  -8.407456  -5.252248  27.070687  1.886573  18.888096  110.823900
0.063093  0.000000  0.000000  0.000000  -35.885309  6.659052  15.714286  61.516511  -1.278454  -10.451782  -5.252248  27.070687  1.886573  18.888096  110.823900
0.063350  0.000000  0.000000  0.000000  -35.885309  6.659052  20.000000  61.403377  -5.043786  -12.502133  -5.252248  27.070687  1.886573  18.888096  110.823900
0.063606  0.000000  0.000000  0.000000  -35.885309  6.659052  24.285714  61.153183  -8.802616  -14.576415  -5.252248  27.070687  1.886573  18.888096  110.823900
0.063863  0.000000  0.000000  0.000000  -35.885309  6.659052  28.571429  60.760774  -12.549866  -16.693271  -5.252248  27.070687  1.886573  18.888096  110.823900
0.064119  0.000000  0.000000  0.000000  -35.885309  6.659052  32.857143  60.217887  -16.280028  -18.872591  -5.252248  27.070687  1.886573  18.888096  110.823900
0.064375  0.000000  0.000000  0.000000  -35.885309  6.659052  37.142857  59.512917  -19.987028  -21.136225  -5.252248  27.070687  1.886573  18.888096  110.823900
0.064632  0.000000  0.000000  0.000000  -35.885309  6.659052  41.428571  58.630342  -23.663919  -23.508631  -5.252248  27.070687  1.886573  18.888096  110.823900
0.064888  0.000000  0.000000  0.000000  -35.885309  6.659052  45.714286  57.550116  -27.302617  -26.017749  -5.252248  27.070687  1.886573  18.888096  110.823900
0.065145  0.000000  0.000000  0.000000  -35.885309  6.659052  50.000000  56.246861  -30.893509  -28.695970  -5.252248  27.070687  1.886573  18.888096  110.823900
0.065401  0.000000  0.000000  0.000000  -32.474637  24.711892  -10.000000  52.642926  14.991089  14.949087  -9.330418  8.755971  32.414017  30.175493  126.610917
0.065658  0.000000  0.000000  0.000000  -32.474637  24.711892  -5.714286  53.252733  11.570082  12.296184  -9.330418  8.755971  32.414017  30.175493  126.610917
0.065914  0.000000  0.000000  0.000000  -32.474637  24.711892  -1.428571  53.695720  8.125541  9.707636  -9.330418  8.755971  32.414017  30.175493  126.610917
0.066171  0.000000  0.000000  0.000000  -32.474637  24.711892  2.857143  53.979296  4.664913  7.163284  -9.330418  8.755971  32.414017  30.175493  126.610917
0.066427  0.000000  0.000000  0.000000  -32.474637  24.711892  7.142857  54.108159  1.195215  4.643940  -9.330418  8.755971  32.414017  30.175493  126.610917
0.066684  0.000000  0.000000  0.000000  -32.474637  24.711892  11.428571  54.084427  -2.276785  2.130963  -9.330418  8.755971  32.414017  30.175493  126.610917
0.066940  0.000000  0.000000  0.000000  -32.474637  24.711892  15.714286  53.907707  -5.744391  -0.394153  -9.330418  8.755971  32.414017  30.175493  126.610917
0.067197  0.000000  0.000000  0.000000  -32.474637  24.711892  20.000000  53.575084  -9.200781  -2.950176  -9.330418  8.755971  32.414017  30.175493  126.610917
0.067453  0.000000  0.000000  0.000000  -32.474637  24.711892  24.285714  53.081042  -12.638819  -5.556567  -9.330418  8.755971  32.414017  30.175493  126.610917
0.067710  0.000000  0.000000  0.000000  -32.474637  24.711892  28.571429  52.417322  -16.050859  -8.233836  -9.330418  8.755971  32.414017  30.175493  126.610917
0.067966  0.000000  0.000000  0.000000  -32.474637  24.711892  32.857143  51.572744  -19.428508  -11.004041  -9.330418  8.755971  32.414017  30.175493  126.610917
0.068223  0.000000  0.000000  0.000000  -32.474637  24.711892  37.142857  50.532956  -22.762377  -13.891210  -9.330418  8.755971  32.414017  30.175493  126.610917
0.068479  0.000000  0.000000  0.000000  -32.474637  24.711892  41.428571  49.280168  -26.041753  -16.921760  -9.330418  8.755971  32.414017  30.175493  126.610917
0.068736  0.000000  0.000000  0.000000  -32.474637  24.711892  45.714286  47.792860  -29.254299  -20.124983  -9.330418  8.755971  32.414017  30.175493  126.610917
0.068992  0.000000  0.000000  0.000000  -32.474637  24.711892  50.000000  46.045596  -32.385593  -23.533316  -9.330418  8.755971  32.414017  30.175493  126.610917
0.069249  0.000000  0.000000  0.000000  -19.706146  19.111754  -10.000000  52.487775  19.003192  11.153938  8.804861  14.520071  29.786255  33.497652  116.375611
0.069505  0.000000  0.000000  0.000000  -19.706146  19.111754  -5.714286  53.293225  15.584743  8.446141  8.804861  14.520071  29.786255  33.497652  116.375611
0.069761  0.000000  0.000000  0.000000  -19.706146  19.111754  -1.428571  53.920906  12.134257  5.827471  8.804861  14.520071  29.786255  33.497652  116.375611
0.070018  0.000000  0.000000  0.000000  -19.706146  19.111754  2.857143  54.381636  8.659825  3.276043  8.804861  14.520071  29.786255  33.497652  116.375611
0.070274  0.000000  0.000000  0.000000  -19.706146  19.111754  7.142857  54.683326  5.168787  0.771463  8.804861  14.520071  29.786255  33.497652  116.375611
0.070531  0.000000  0.000000  0.000000  -19.706146  19.111754  11.428571  54.831126  1.668037  -1.705599  8.804861  14.520071  29.786255  33.497652  116.375611
0.070787  0.000000  0.000000  0.000000  -19.706146  19.111754  15.714286  54.827510  -1.835817  -4.173849  8.804861  14.520071  29.786255  33.497652  116.375611
0.071044  0.000000  0.000000  0.000000  -19.706146  19.111754  20.000000  54.672430  -5.336256  -6.651800  8.804861  14.520071  29.786255  33.497652  116.375611
0.071300  0.000000  0.000000  0.000000  -19.706146  19.111754  24.285714  54.363244  -8.826656  -9.158174  8.804861  14.520071  29.786255  33.497652  116.375611
0.071557  0.000000  0.000000  0.000000  -19.706146  19.111754  28.571429  53.894716  -12.300119  -11.712353  8.804861  14.520071  29.786255  33.497652  116.375611
0.071813  0.000000  0.000000  0.000000  -19.706146  19.111754  32.857143  53.258806  -15.749252  -14.334775  8.804861  14.520071  29.786255  33.497652  116.375611
0.072070  0.000000  0.000000  0.000000  -19.706146  19.111754  37.142857  52.444503  -19.165966  -17.047435  8.804861  14.520071  29.786255  33.497652  116.375611
0.072326  0.000000  0.000000  0.000000  -19.706146  19.111754  41.428571  51.437591  -22.541158  -19.874276  8.804861  14.520071  29.786255  33.497652  116.375611
0.072583  0.000000  0.000000  0.000000  -19.706146  19.111754  45.714286  50.220257  -25.864519  -22.841812  8.804861  14.520071  29.786255  33.497652  116.375611
0.072839  0.000000  0.000000  0.000000  -19.706146  19.111754  50.000000  48.770844  -29.124086  -25.979492  8.804861  14.520071  29.786255  33.497652  116.375611
0.073096  0.000000  0.000000  0.000000  -24.862354  22.632966  -10.000000  49.268728  18.431248  10.318255  13.314708  34.832427  11.604985  26.922501  128.748307
0.073352  0.000000  0.000000  0.000000  -24.862354  22.632966  -5.714286  50.106080  15.162558  7.422379  13.314708  34.832427  11.604985  26.922501  128.748307
0.073609  0.000000  0.000000  0.000000  -24.862354  22.632966  -1.428571  50.762299  11.858038  4.615211  13.314708  34.832427  11.604985  26.922501  128.748307
0.073865  0.000000  0.000000  0.000000  -24.862354  22.632966  2.857143  51.247375  8.526547  1.875547  13.314708  34.832427  11.604985  26.922501  128.748307
0.074122  0.000000  0.000000  0.000000  -24.862354  22.632966  7.142857  51.568718  5.176176  -0.816595  13.314708  34.832427  11.604985  26.922501  128.748307
0.074378  0.000000  0.000000  0.000000  -24.862354  22.632966  11.428571  51.731227  1.814563  -3.480301  13.314708  34.832427  11.604985  26.922501  128.748307
0.074635  0.000000  0.000000  0.000000  -24.862354  22.632966  15.714286  51.737335  -1.550952  -6.134112  13.314708  34.832427  11.604985  26.922501  128.748307
0.074891  0.000000  0.000000  0.000000  -24.862354  22.632966  20.000000  51.587148  -4.913134  -8.796380  13.314708  34.832427  11.604985  26.922501  128.748307
0.075147  0.000000  0.000000  0.000000  -24.862354  22.632966  24.285714  51.278379  -8.264656  -11.485615  13.314708  34.832427  11.604985  26.922501  128.748307
0.075404  0.000000  0.000000  0.000000  -24.862354  22.632966  28.571429  50.806357  -11.597917  -14.220855  13.314708  34.832427  11.604985  26.922501  128.748307
0.075660  0.000000  0.000000  0.000000  -24.862354  22.632966  32.857143  50.163882  -14.904848  -17.021983  13.314708  34.832427  11.604985  26.922501  128.748307
0.075917  0.000000  0.000000  0.000000  -24.862354  22.632966  37.142857  49.341145  -18.176686  -19.910108  13.314708  34.832427  11.604985  26.922501  128.748307
0.076173  0.000000  0.000000  0.000000  -24.862354  22.632966  41.428571  48.325551  -21.403746  -22.907906  13.314708  34.832427  11.604985  26.922501  128.748307
0.076430  0.000000  0.000000  0.000000  -24.862354  22.632966  45.714286  47.101569  -24.575123  -26.039937  13.314708  34.832427  11.604985  26.922501  128.748307
0.076686  0.000000  0.000000  0.000000  -24.862354  22.632966  50.000000  45.650621  -27.678421  -29.332931  13.314708  34.832427  11.604985  26.922501  128.748307
0.076943  0.000000  0.000000  0.000000  -19.504949  24.603338  -10.000000  46.623062  20.018859  10.685722  9.347209  21.535179  30.293728  30.026857  129.239381
0.077199  0.000000  0.000000  0.000000  -19.504949  24.603338  -5.714286  47.596572  16.878097  7.611211  9.347209  21.535179  30.293728  30.026857  129.239381
0.077456  0.000000  0.000000  0.000000  -19.504949  24.603338  -1.428571  48.380858  13.693015  4.638049  9.347209  21.535179  30.293728  30.026857  129.239381
0.077712  0.000000  0.000000  0.000000  -19.504949  24.603338  2.857143  48.986867  10.473408  1.744819  9.347209  21.535179  30.293728  30.026857  129.239381
0.077969  0.000000  0.000000  0.000000  -19.504949  24.603338  7.142857  49.423086  7.228234  -1.088642  9.347209  21.535179  30.293728  30.026857  129.239381
0.078225  0.000000  0.000000  0.000000  -19.504949  24.603338  11.428571  49.695644  3.965820  -3.881555  9.347209  21.535179  30.293728  30.026857  129.239381
0.078482  0.000000  0.000000  0.000000  -19.504949  24.603338  15.714286  49.808363  0.694088  -6.652458  9.347209  21.535179  30.293728  30.026857  129.239381
0.078738  0.000000  0.000000  0.000000  -19.504949  24.603338  20.000000  49.762814  -2.579250  -9.419518  9.347209  21.535179  30.293728  30.026857  129.239381
0.078995  0.000000  0.000000  0.000000  -19.504949  24.603338  24.285714  49.558371  -5.846578  -12.200876  9.347209  21.535179  30.293728  30.026857  129.239381
0.079251  0.000000  0.000000  0.000000  -19.504949  24.603338  28.571429  49.192148  -9.100052  -15.014841  9.347209  21.535179  30.293728  30.026857  129.239381
0.079508  0.000000  0.000000  0.000000  -19.504949  24.603338  32.857143  48.659028  -12.331552  -17.880329  9.347209  21.535179  30.293728  30.026857  129.239381
0.079764  0.000000  0.000000  0.000000  -19.504949  24.603338  37.142857  47.951530  -15.532414  -20.817061  9.347209  21.535179  30.293728  30.026857  129.239381
0.080021  0.000000  0.000000  0.000000  -19.504949  24.603338  41.428571  47.059752  -18.693232  -23.845900  9.347209  21.535179  30.293728  30.026857  129.239381
0.080277  0.000000  0.000000  0.000000  -19.504949  24.603338  45.714286  45.971283  -21.803600  -26.989073  9.347209  21.535179  30.293728  30.026857  129.239381
0.080533  0.000000  0.000000  0.000000  -19.504949  24.603338  50.000000  44.671139  -24.851899  -30.270436  9.347209  21.535179  30.293728  30.026857  129.239381
0.080790  0.000000  0.000000  0.000000  -27.472426  25.855222  -10.000000  47.190317  18.969398  10.874542  27.220345  26.908819  0.696255  23.563071  111.226481
0.081046  0.000000  0.000000  0.000000  -27.472426  25.855222  -5.714286  48.094837  15.801687  7.849156  27.220345  26.908819  0.696255  23.563071  111.226481
0.081303  0.000000  0.000000  0.000000  -27.472426  25.855222  -1.428571  48.814280  12.593388  4.917615  27.220345  26.908819  0.696255  23.563071  111.226481
0.081559  0.000000  0.000000  0.000000  -27.472426  25.855222  2.857143  49.358781  9.353998  2.058915  27.220345  26.908819  0.696255  23.563071  111.226481
0.081816  0.000000  0.000000  0.000000  -27.472426  25.855222  7.142857  49.736054  6.092156  -0.746814  27.220345  26.908819  0.696255  23.563071  111.226481
0.082072  0.000000  0.000000  0.000000  -27.472426  25.855222  11.428571  49.951437  2.815993  -3.518557  27.220345  26.908819  0.696255  23.563071  111.226481
0.082329  0.000000  0.000000  0.000000  -27.472426  25.855222  15.714286  50.007972  -0.466711  -6.274728  27.220345  26.908819  0.696255  23.563071  111.226481
0.082585  0.000000  0.000000  0.000000  -27.472426  25.855222  20.000000  49.906459  -3.748335  -9.033471  27.220345  26.908819  0.696255  23.563071  111.226481
0.082842  0.000000  0.000000  0.000000  -27.472426  25.855222  24.285714  49.645460  -7.021231  -11.812983  27.220345  26.908819  0.696255  23.563071  111.226481
0.083098  0.000000  0.000000  0.000000  -27.472426  25.855222  28.571429  49.221289  -10.277539  -14.631808  27.220345  26.908819  0.696255  23.563071  111.226481
0.083355  0.000000  0.000000  0.000000  -27.472426  25.855222  32.857143  48.627939  -13.509007  -17.509165  27.220345  26.908819  0.696255  23.563071  111.226481
0.083611  0.000000  0.000000  0.000000  -27.472426  25.855222  37.142857  47.857038  -16.706748  -20.465169  27.220345  26.908819  0.696255  23.563071  111.226481
0.083868  0.000000  0.000000  0.000000  -27.472426  25.855222  41.428571  46.897689  -19.861092  -23.521276  27.220345  26.908819  0.696255  23.563071  111.226481
0.084124  0.000000  0.000000  0.000000  -27.472426  25.855222  45.714286  45.736446  -22.961249  -26.700372  27.220345  26.908819  0.696255  23.563071  111.226481
0.084381  0.000000  0.000000  0.000000  -27.472426  25.855222  50.000000  44.357238  -25.995110  -30.027075  27.220345  26.908819  0.696255  23.563071  111.226481
0.084637  0.000000  0.000000  0.000000  -39.521187  3.323862  -10.000000  61.070403  28.050906  6.290148  10.130185  18.311153  7.528964  37.696524  128.733119
0.084894  0.000000  0.000000  0.000000  -39.521187  3.323862  -5.714286  62.073300  24.281444  4.017320  10.130185  18.311153  7.528964  37.696524  128.733119
0.085150  0.000000  0.000000  0.000000  -39.521187  3.323862  -1.428571  62.889080  20.480143  1.876216  10.130185  18.311153  7.528964  37.696524  128.733119
0.085407  0.000000  0.000000  0.000000  -39.521187  3.323862  2.857143  63.538146  16.653893  -0.160883  10.130185  18.311153  7.528964  37.696524  128.733119
0.085663  0.000000  0.000000  0.000000  -39.521187  3.323862  7.142857  64.036113  12.808539  -2.117893  10.130185  18.311153  7.528964  37.696524  128.733119
0.085919  0.000000  0.000000  0.000000  -39.521187  3.323862  11.428571  64.394556  8.949164  -4.015882  10.130185  18.311153  7.528964  37.696524  128.733119
0.086176  0.000000  0.000000  0.000000  -39.521187  3.323862  15.714286  64.621627  5.080347  -5.873956  10.130185  18.311153  7.528964  37.696524  128.733119
0.086432  0.000000  0.000000  0.000000  -39.521187  3.323862  20.000000  64.722359  1.206271  -7.709797  10.130185  18.311153  7.528964  37.696524  128.733119
0.086689  0.000000  0.000000  0.000000  -39.521187  3.323862  24.285714  64.698976  -2.669038  -9.540409  10.130185  18.311153  7.528964  37.696524  128.733119
0.086945  0.000000  0.000000  0.000000  -39.521187  3.323862  28.571429  64.550965  -6.541611  -11.382614  10.130185  18.311153  7.528964  37.696524  128.733119
0.087202  0.000000  0.000000  0.000000  -39.521187  3.323862  32.857143  64.275064  -10.407377  -13.253603  10.130185  18.311153  7.528964  37.696524  128.733119
0.087458  0.000000  0.000000  0.000000  -39.521187  3.323862  37.142857  63.865074  -14.262013  -15.171557  10.130185  18.311153  7.528964  37.696524  128.733119
0.087715  0.000000  0.000000  0.000000  -39.521187  3.323862  41.428571  63.311650  -18.100788  -17.156175  10.130185  18.311153  7.528964  37.696524  128.733119
0.087971  0.000000  0.000000  0.000000  -39.521187  3.323862  45.714286  62.601710  -21.918356  -19.229563  10.130185  18.311153  7.528964  37.696524  128.733119
0.088228  0.000000  0.000000  0.000000  -39.521187  3.323862  50.000000  61.717976  -25.708514  -21.416894  10.130185  18.311153  7.528964  37.696524  128.733119
0.088484  0.000000  0.000000  0.000000  -20.303858  1.180052  -10.000000  57.025668  20.157309  3.099064  -0.330430  24.449293  11.721031  29.868933  116.029354
0.088741  0.000000  0.000000  0.000000  -20.303858  1.180052  -5.714286  57.791786  16.545880  0.667283  -0.330430  24.449293  11.721031  29.868933  116.029354
0.088997  0.000000  0.000000  0.000000  -20.303858  1.180052  -1.428571  58.387517  12.907312  -1.674674  -0.330430  24.449293  11.721031  29.868933  116.029354
0.089254  0.000000  0.000000  0.000000  -20.303858  1.180052  2.857143  58.824823  9.248510  -3.949182  -0.330430  24.449293  11.721031  29.868933  116.029354
0.089510  0.000000  0.000000  0.000000  -20.303858  1.180052  7.142857  59.112360  5.575678  -6.176738  -0.330430  24.449293  11.721031  29.868933  116.029354
0.089767  0.000000  0.000000  0.000000  -20.303858  1.180052  11.428571  59.255765  1.894579  -8.376527  -0.330430  24.449293  11.721031  29.868933  116.029354
0.090023  0.000000  0.000000  0.000000  -20.303858  1.180052  15.714286  59.257778  -1.789297  -10.566972  -0.330430  24.449293  11.721031  29.868933  116.029354
0.090280  0.000000  0.000000  0.000000  -20.303858  1.180052  20.000000  59.118453  -5.470554  -12.766241  -0.330430  24.449293  11.721031  29.868933  116.029354
0.090536  0.000000  0.000000  0.000000  -20.303858  1.180052  24.285714  58.835084  -9.143696  -14.992740  -0.330430  24.449293  11.721031  29.868933  116.029354
0.090793  0.000000  0.000000  0.000000  -20.303858  1.180052  28.571429  58.402159  -12.802986  -17.265635  -0.330430  24.449293  11.721031  29.868933  116.029354
0.091049  0.000000  0.000000  0.000000  -20.303858  1.180052  32.857143  57.811109  -16.442227  -19.605372  -0.330430  24.449293  11.721031  29.868933  116.029354
0.091305  0.000000  0.000000  0.000000  -20.303858  1.180052  37.142857  57.050056  -20.054538  -22.034249  -0.330430  24.449293  11.721031  29.868933  116.029354
0.091562  0.000000  0.000000  0.000000  -20.303858  1.180052  41.428571  56.103343  -23.632122  -24.577111  -0.330430  24.449293  11.721031  29.868933  116.029354
0.091818  0.000000  0.000000  0.000000  -20.303858  1.180052  45.714286  54.950994  -27.165945  -27.262066  -0.330430  24.449293  11.721031  29.868933  116.029354
0.092075  0.000000  0.000000  0.000000  -20.303858  1.180052  50.000000  53.568072  -30.645342  -30.121303  -0.330430  24.449293  11.721031  29.868933  116.029354
0.092331  0.000000  0.000000  0.000000  -29.601967  9.692036  -10.000000  59.175618  27.272661  12.186249  18.101725  17.666891  30.433821  38.038017  128.330555
0.092588  0.000000  0.000000  0.000000  -29.601967  9.692036  -5.714286  60.204169  23.572194  9.791815  18.101725  17.666891  30.433821  38.038017  128.330555
0.092844  0.000000  0.000000  0.000000  -29.601967  9.692036  -1.428571  61.041408  19.837059  7.529385  18.101725  17.666891  30.433821  38.038017  128.330555
0.093101  0.000000  0.000000  0.000000  -29.601967  9.692036  2.857143  61.707113  16.074730  5.371413  18.101725  17.666891  30.433821  38.038017  128.330555
0.093357  0.000000  0.000000  0.000000  -29.601967  9.692036  7.142857  62.216484  12.291584  3.293902  18.101725  17.666891  30.433821  38.038017  128.330555
0.093614  0.000000  0.000000  0.000000  -29.601967  9.692036  11.428571  62.580811  8.493214  1.275515  18.101725  17.666891  30.433821  38.038017  128.330555
0.093870  0.000000  0.000000  0.000000  -29.601967  9.692036  15.714286  62.808010  4.684668  -0.703214  18.101725  17.666891  30.433821  38.038017  128.330555
0.094127  0.000000  0.000000  0.000000  -29.601967  9.692036  20.000000  62.902919  0.870617  -2.660453  18.101725  17.666891  30.433821  38.038017  128.330555
0.094383  0.000000  0.000000  0.000000  -29.601967  9.692036  24.285714  62.867548  -2.944455  -4.613736  18.101725  17.666891  30.433821  38.038017  128.330555
0.094640  0.000000  0.000000  0.000000  -29.601967  9.692036  28.571429  62.701152  -6.756072  -6.580444  18.101725  17.666891  30.433821  38.038017  128.330555
0.094896  0.000000  0.000000  0.000000  -29.601967  9.692036  32.857143  62.400201  -10.559687  -8.578402  18.101725  17.666891  30.433821  38.038017  128.330555
0.095153  0.000000  0.000000  0.000000  -29.601967  9.692036  37.142857  61.958204  -14.350434  -10.626427  18.101725  17.666891  30.433821  38.038017  128.330555
0.095409  0.000000  0.000000  0.000000  -29.601967  9.692036  41.428571  61.365486  -18.123000  -12.744883  18.101725  17.666891  30.433821  38.038017  128.330555
0.095666  0.000000  0.000000  0.000000  -29.601967  9.692036  45.714286  60.608691  -21.871394  -14.956466  18.101725  17.666891  30.433821  38.038017  128.330555
0.095922  0.000000  0.000000  0.000000  -29.601967  9.692036  50.000000  59.670222  -25.588691  -17.286975  18.101725  17.666891  30.433821  38.038017  128.330555
0.096179  0.000000  0.000000  0.000000  -38.006575  21.026353  -10.000000  53.943717  21.303375  11.353760  15.282443  10.551555  -1.614279  36.604856  121.199985
0.096435  0.000000  0.000000  0.000000  -38.006575  21.026353  -5.714286  54.830862  17.818556  8.705703  15.282443  10.551555  -1.614279  36.604856  121.199985
0.096691  0.000000  0.000000  0.000000  -38.006575  21.026353  -1.428571  55.535579  14.299460  6.159773  15.282443  10.551555  -1.614279  36.604856  121.199985
0.096948  0.000000  0.000000  0.000000  -38.006575  21.026353  2.857143  56.071016  10.754129  3.692696  15.282443  10.551555  -1.614279  36.604856  121.199985
0.097204  0.000000  0.000000  0.000000  -38.006575  21.026353  7.142857  56.447009  7.189776  1.283139  15.282443  10.551555  -1.614279  36.604856  121.199985
0.097461  0.000000  0.000000  0.000000  -38.006575  21.026353  11.428571  56.670434  3.613051  -1.088789  15.282443  10.551555  -1.614279  36.604856  121.199985
0.097717  0.000000  0.000000  0.000000  -38.006575  21.026353  15.714286  56.745291  0.030189  -3.442056  15.282443  10.551555  -1.614279  36.604856  121.199985
0.097974  0.000000  0.000000  0.000000  -38.006575  21.026353  20.000000  56.672913  -3.552702  -5.795168  15.282443  10.551555  -1.614279  36.604856  121.199985
0.098230  0.000000  0.000000  0.000000  -38.006575  21.026353  24.285714  56.452042  -7.129612  -8.166639  15.282443  10.551555  -1.614279  36.604856  121.199985
0.098487  0.000000  0.000000  0.000000  -38.006575  21.026353  28.571429  56.078641  -10.694212  -10.575393  15.282443  10.551555  -1.614279  36.604856  121.199985
0.098743  0.000000  0.000000  0.000000  -38.006575  21.026353  32.857143  55.545961  -14.239924  -13.041337  15.282443  10.551555  -1.614279  36.604856  121.199985
0.099000  0.000000  0.000000  0.000000  -38.006575  21.026353  37.142857  54.844196  -17.759531  -15.585754  15.282443  10.551555  -1.614279  36.604856  121.199985
0.099256  0.000000  0.000000  0.000000  -38.006575  21.026353  41.428571  53.960258  -21.244996  -18.231878  15.282443  10.551555  -1.614279  36.604856  121.199985
0.099513  0.000000  0.000000  0.000000  -38.006575  21.026353  45.714286  52.877360  -24.687200  -21.005497  15.282443  10.551555  -1.614279  36.604856  121.199985
0.099769  0.000000  0.000000  0.000000  -38.006575  21.026353  50.000000  51.574627  -28.075582  -23.935522  15.282443  10.551555  -1.614279  36.604856  121.199985
0.100026  0.000000  0.000000  0.000000  -22.544129  25.076353  -10.000000  45.695003  27.579300  27.569961  12.305887  22.821978  23.587260  26.377133  115.254440
0.100282  0.000000  0.000000  0.000000  -22.544129  25.076353  -5.714286  47.138470  24.473909  24.282231  12.305887  22.821978  23.587260  26.377133  115.254440
0.100539  0.000000  0.000000  0.000000  -22.544129  25.076353  -1.428571  48.355606  21.300847  21.154572  12.305887  22.821978  23.587260  26.377133  115.254440
0.100795  0.000000  0.000000  0.000000  -22.544129  25.076353  2.857143  49.364898  18.072468  18.160329  12.305887  22.821978  23.587260  26.377133  115.254440
0.101052  0.000000  0.000000  0.000000  -22.544129  25.076353  7.142857  50.181776  14.799627  15.275005  12.305887  22.821978  23.587260  26.377133  115.254440
0.101308  0.000000  0.000000  0.000000  -22.544129  25.076353  11.428571  50.818748  11.491973  12.475985  12.305887  22.821978  23.587260  26.377133  115.254440
0.101565  0.000000  0.000000  0.000000  -22.544129  25.076353  15.714286  51.285524  8.158254  9.742210  12.305887  22.821978  23.587260  26.377133  115.254440
0.101821  0.000000  0.000000  0.000000  -22.544129  25.076353  20.000000  51.589222  4.806520  7.053813  12.305887  22.821978  23.587260  26.377133  115.254440
0.102077  0.000000  0.000000  0.000000  -22.544129  25.076353  24.285714  51.734451  1.444360  4.391801  12.305887  22.821978  23.587260  26.377133  115.254440
0.102334  0.000000  0.000000  0.000000  -22.544129  25.076353  28.571429  51.723404  -1.920916  1.737657  12.305887  22.821978  23.587260  26.377133  115.254440
0.102590  0.000000  0.000000  0.000000  -22.544129  25.076353  32.857143  51.555921  -5.282048  -0.926959  12.305887  22.821978  23.587260  26.377133  115.254440
0.102847  0.000000  0.000000  0.000000  -22.544129  25.076353  37.142857  51.229464  -8.631704  -3.620608  12.305887  22.821978  23.587260  26.377133  115.254440
0.103103  0.000000  0.000000  0.000000  -22.544129  25.076353  41.428571  50.739069  -11.962233  -6.362399  12.305887  22.821978  23.587260  26.377133  115.254440
0.103360  0.000000  0.000000  0.000000  -22.544129  25.076353  45.714286  50.077274  -15.265503  -9.172329  12.305887  22.821978  23.587260  26.377133  115.254440
0.103616  0.000000  0.000000  0.000000  -22.544129  25.076353  50.000000  49.233965  -18.532659  -12.071665  12.305887  22.821978  23.587260  26.377133  115.254440
0.103873  0.000000  0.000000  0.000000  -22.847526  22.253357  -10.000000  51.867049  17.726656  16.602547  25.697699  39.867110  0.279613  24.998529  116.267565
0.104129  0.000000  0.000000  0.000000  -22.847526  22.253357  -5.714286  52.621460  14.337580  13.872603  25.697699  39.867110  0.279613  24.998529  116.267565
0.104386  0.000000  0.000000  0.000000  -22.847526  22.253357  -1.428571  53.200768  10.918238  11.224402  25.697699  39.867110  0.279613  24.998529  116.267565
0.104642  0.000000  0.000000  0.000000  -22.847526  22.253357  2.857143  53.614621  7.476661  8.636727  25.697699  39.867110  0.279613  24.998529  116.267565
0.104899  0.000000  0.000000  0.000000  -22.847526  22.253357  7.142857  53.869895  4.020240  6.089650  25.697699  39.867110  0.279613  24.998529  116.267565
0.105155  0.000000  0.000000  0.000000  -22.847526  22.253357  11.428571  53.970796  0.555961  3.564129  25.697699  39.867110  0.279613  24.998529  116.267565
0.105412  0.000000  0.000000  0.000000  -22.847526  22.253357  15.714286  53.918954  -2.909381  1.041560  25.697699  39.867110  0.279613  24.998529  116.267565
0.105668  0.000000  0.000000  0.000000  -22.847526  22.253357  20.000000  53.713539  -6.369068  -1.496557  25.697699  39.867110  0.279613  24.998529  116.267565
0.105925  0.000000  0.000000  0.000000  -22.847526  22.253357  24.285714  53.351170  -9.816193  -4.069087  25.697699  39.867110  0.279613  24.998529  116.267565
0.106181  0.000000  0.000000  0.000000  -22.847526  22.253357  28.571429  52.825851  -13.243516  -6.695646  25.697699  39.867110  0.279613  24.998529  116.267565
0.106438  0.000000  0.000000  0.000000  -22.847526  22.253357  32.857143  52.128860  -16.643214  -9.396943  25.697699  39.867110  0.279613  24.998529  116.267565
0.106694  0.000000  0.000000  0.000000  -22.847526  22.253357  37.142857  51.248478  -20.006730  -12.195374  25.697699  39.867110  0.279613  24.998529  116.267565
0.106951  0.000000  0.000000  0.000000  -22.847526  22.253357  41.428571  50.169839  -23.324380  -15.115260  25.697699  39.867110  0.279613  24.998529  116.267565
0.107207  0.000000  0.000000  0.000000  -22.847526  22.253357  45.714286  48.874572  -26.585188  -18.183473  25.697699  39.867110  0.279613  24.998529  116.267565
0.107463  0.000000  0.000000  0.000000  -22.847526  22.253357  50.000000  47.340606  -29.776422  -21.429708  25.697699  39.867110  0.279613  24.998529  116.267565
0.107720  0.000000  0.000000  0.000000  -18.694941  14.356659  -10.000000  55.320683  21.057816  10.920853  12.569498  39.822015  28.447528  34.278195  121.092014
0.107976  0.000000  0.000000  0.000000  -18.694941  14.356659  -5.714286  56.165263  17.514974  8.365338  12.569498  39.822015  28.447528  34.278195  121.092014
0.108233  0.000000  0.000000  0.000000  -18.694941  14.356659  -1.428571  56.831753  13.940661  5.908175  12.569498  39.822015  28.447528  34.278195  121.092014
0.108489  0.000000  0.000000  0.000000  -18.694941  14.356659  2.857143  57.333049  10.342477  3.526278  12.569498  39.822015  28.447528  34.278195  121.092014
0.108746  0.000000  0.000000  0.000000  -18.694941  14.356659  7.142857  57.678712  6.727195  1.198535  12.569498  39.822015  28.447528  34.278195  121.092014
0.109002  0.000000  0.000000  0.000000  -18.694941  14.356659  11.428571  57.875295  3.101091  -1.094722  12.569498  39.822015  28.447528  34.278195  121.092014
0.109259  0.000000  0.000000  0.000000  -18.694941  14.356659  15.714286  57.926427  -0.529943  -3.372282  12.569498  39.822015  28.447528  34.278195  121.092014
0.109515  0.000000  0.000000  0.000000  -18.694941  14.356659  20.000000  57.833067  -4.160140  -5.652517  12.569498  39.822015  28.447528  34.278195  121.092014
0.109772  0.000000  0.000000  0.000000  -18.694941  14.356659  24.285714  57.593478  -7.783710  -7.953868  12.569498  39.822015  28.447528  34.278195  121.092014
0.110028  0.000000  0.000000  0.000000  -18.694941  14.356659  28.571429  57.203186  -11.394663  -10.295329  12.569498  39.822015  28.447528  34.278195  121.092014
0.110285  0.000000  0.000000  0.000000  -18.694941  14.356659  32.857143  56.654808  -14.986614  -12.696945  12.569498  39.822015  28.447528  34.278195  121.092014
0.110541  0.000000  0.000000  0.000000  -18.694941  14.356659  37.142857  55.937842  -18.552566  -15.180324  12.569498  39.822015  28.447528  34.278195  121.092014
0.110798  0.000000  0.000000  0.000000  -18.694941  14.356659  41.428571  55.038307  -22.084663  -17.769242  12.569498  39.822015  28.447528  34.278195  121.092014
0.111054  0.000000  0.000000  0.000000  -18.694941  14.356659  45.714286  53.938283  -25.573927  -20.490293  12.569498  39.822015  28.447528  34.278195  121.092014
0.111311  0.000000  0.000000  0.000000  -18.694941  14.356659  50.000000  52.615423  -29.009875  -23.373563  12.569498  39.822015  28.447528  34.278195  121.092014
0.111567  0.000000  0.000000  0.000000  -29.737334  10.181454  -10.000000  61.407627  37.689061  10.531182  15.338268  34.795150  -6.565447  36.210994  123.868071
0.111824  0.000000  0.000000  0.000000  -29.737334  10.181454  -5.714286  62.852946  33.899747  8.061639  15.338268  34.795150  -6.565447  36.210994  123.868071
0.112080  0.000000  0.000000  0.000000  -29.737334  10.181454  -1.428571  64.049672  30.065375  5.803693  15.338268  34.795150  -6.565447  36.210994  123.868071
0.112336  0.000000  0.000000  0.000000  -29.737334  10.181454  2.857143  65.035032  26.195320  3.715133  15.338268  34.795150  -6.565447  36.210994  123.868071
0.112593  0.000000  0.000000  0.000000  -29.737334  10.181454  7.142857  65.837818  22.297044  1.761545  15.338268  34.795150  -6.565447  36.210994  123.868071
0.112849  0.000000  0.000000  0.000000  -29.737334  10.181454  11.428571  66.480179  18.376667  -0.085548  15.338268  34.795150  -6.565447  36.210994  123.868071
0.113106  0.000000  0.000000  0.000000  -29.737334  10.181454  15.714286  66.978994  14.439270  -1.850250  15.338268  34.795150  -6.565447  36.210994  123.868071
0.113362  0.000000  0.000000  0.000000  -29.737334  10.181454  20.000000  67.346831  10.489205  -3.553404  15.338268  34.795150  -6.565447  36.210994  123.868071
0.113619  0.000000  0.000000  0.000000  -29.737334  10.181454  24.285714  67.592654  6.530308  -5.213517  15.338268  34.795150  -6.565447  36.210994  123.868071
0.113875  0.000000  0.000000  0.000000  -29.737334  10.181454  28.571429  67.722312  2.566062  -6.847522  15.338268  34.795150  -6.565447  36.210994  123.868071
0.114132  0.000000  0.000000  0.000000  -29.737334  10.181454  32.857143  67.738843  -1.400254  -8.471406  15.338268  34.795150  -6.565447  36.210994  123.868071
0.114388  0.000000  0.000000  0.000000  -29.737334  10.181454  37.142857  67.642647  -5.365436  -10.100810  15.338268  34.795150  -6.565447  36.210994  123.868071
0.114645  0.000000  0.000000  0.000000  -29.737334  10.181454  41.428571  67.431433  -9.326263  -11.751537  15.338268  34.795150  -6.565447  36.210994  123.868071
0.114901  0.000000  0.000000  0.000000  -29.737334  10.181454  45.714286  67.100245  -13.279303  -13.440203  15.338268  34.795150  -6.565447  36.210994  123.868071
0.115158  0.000000  0.000000  0.000000  -29.737334  10.181454  50.000000  66.641062  -17.220848  -15.184771  15.338268  34.795150  -6.565447  36.210994  123.868071
0.115414  0.000000  0.000000  0.000000  -22.352063  10.402312  -10.000000  53.446446  26.060127  13.190725  -4.186185  31.735276  1.854267  36.470884  124.686793
0.115671  0.000000  0.000000  0.000000  -22.352063  10.402312  -5.714286  54.585331  22.591485  10.427637  -4.186185  31.735276  1.854267  36.470884  124.686793
0.115927  0.000000  0.000000  0.000000  -22.352063  10.402312  -1.428571  55.520029  19.077920  7.801303  -4.186185  31.735276  1.854267  36.470884  124.686793
0.116184  0.000000  0.000000  0.000000  -22.352063  10.402312  2.857143  56.269010  15.528725  5.284698  -4.186185  31.735276  1.854267  36.470884  124.686793
0.116440  0.000000  0.000000  0.000000  -22.352063  10.402312  7.142857  56.846804  11.951986  2.853669  -4.186185  31.735276  1.854267  36.470884  124.686793
0.116697  0.000000  0.000000  0.000000  -22.352063  10.402312  11.428571  57.264395  8.354900  0.486299  -4.186185  31.735276  1.854267  36.470884  124.686793
0.116953  0.000000  0.000000  0.000000  -22.352063  10.402312  15.714286  57.529639  4.744014  -1.837697  -4.186185  31.735276  1.854267  36.470884  124.686793
0.117210  0.000000  0.000000  0.000000  -22.352063  10.402312  20.000000  57.647456  1.125438  -4.137456  -4.186185  31.735276  1.854267  36.470884  124.686793
0.117466  0.000000  0.000000  0.000000  -22.352063  10.402312  24.285714  57.620023  -2.494944  -6.431507  -4.186185  31.735276  1.854267  36.470884  124.686793
0.117722  0.000000  0.000000  0.000000  -22.352063  10.402312  28.571429  57.446833  -6.111314  -8.738233  -4.186185  31.735276  1.854267  36.470884  124.686793
0.117979  0.000000  0.000000  0.000000  -22.352063  10.402312  32.857143  57.124695  -9.717723  -11.076328  -4.186185  31.735276  1.854267  36.470884  124.686793
0.118235  0.000000  0.000000  0.000000  -22.352063  10.402312  37.142857  56.647572  -13.307906  -13.465335  -4.186185  31.735276  1.854267  36.470884  124.686793
0.118492  0.000000  0.000000  0.000000  -22.352063  10.402312  41.428571  56.006490  -16.875111  -15.926053  -4.186185  31.735276  1.854267  36.470884  124.686793
0.118748  0.000000  0.000000  0.000000  -22.352063  10.402312  45.714286  55.189156  -20.411835  -18.481188  -4.186185  31.735276  1.854267  36.470884  124.686793
0.119005  0.000000  0.000000  0.000000  -22.352063  10.402312  50.000000  54.179601  -23.909572  -21.155908  -4.186185  31.735276  1.854267  36.470884  124.686793
0.119261  0.000000  0.000000  0.000000  -19.307411  9.998214  -10.000000  53.222042  30.144865  6.415572  -3.114048  32.117746  18.958275  32.717751  115.894516
0.119518  0.000000  0.000000  0.000000  -19.307411  9.998214  -5.714286  54.588609  26.681013  3.545347  -3.114048  32.117746  18.958275  32.717751  115.894516
0.119774  0.000000  0.000000  0.000000  -19.307411  9.998214  -1.428571  55.726848  23.162901  0.845804  -3.114048  32.117746  18.958275  32.717751  115.894516
0.120031  0.000000  0.000000  0.000000  -19.307411  9.998214  2.857143  56.660902  19.601169  -1.714579  -3.114048  32.117746  18.958275  32.717751  115.894516
0.120287  0.000000  0.000000  0.000000  -19.307411  9.998214  7.142857  57.410101  16.004841  -4.163414  -3.114048  32.117746  18.958275  32.717751  115.894516
0.120544  0.000000  0.000000  0.000000  -19.307411  9.998214  11.428571  57.989575  12.381767  -6.525230  -3.114048  32.117746  18.958275  32.717751  115.894516
0.120800  0.000000  0.000000  0.000000  -19.307411  9.998214  15.714286  58.410792  8.738864  -8.822120  -3.114048  32.117746  18.958275  32.717751  115.894516
0.121057  0.000000  0.000000  0.000000  -19.307411  9.998214  20.000000  58.681966  5.082410  -11.074435  -3.114048  32.117746  18.958275  32.717751  115.894516
0.121313  0.000000  0.000000  0.000000  -19.307411  9.998214  24.285714  58.808305  1.418229  -13.301264  -3.114048  32.117746  18.958275  32.717751  115.894516
0.121570  0.000000  0.000000  0.000000  -19.307411  9.998214  28.571429  58.792218  -2.248088  -15.521044  -3.114048  32.117746  18.958275  32.717751  115.894516
0.121826  0.000000  0.000000  0.000000  -19.307411  9.998214  32.857143  58.633403  -5.911015  -17.752009  -3.114048  32.117746  18.958275  32.717751  115.894516
0.122083  0.000000  0.000000  0.000000  -19.307411  9.998214  37.142857  58.328827  -9.564929  -20.012697  -3.114048  32.117746  18.958275  32.717751  115.894516
0.122339  0.000000  0.000000  0.000000  -19.307411  9.998214  41.428571  57.872609  -13.203909  -22.322462  -3.114048  32.117746  18.958275  32.717751  115.894516
0.122596  0.000000  0.000000  0.000000  -19.307411  9.998214  45.714286  57.255862  -16.821569  -24.701948  -3.114048  32.117746  18.958275  32.717751  115.894516
0.122852  0.000000  0.000000  0.000000  -19.307411  9.998214  50.000000  56.466263  -20.410775  -27.173814  -3.114048  32.117746  18.958275  32.717751  115.894516
0.123108  0.000000  0.000000  0.000000  -22.298177  20.765776  -10.000000  53.563477  17.874638  12.343705  -15.082030  22.032066  25.498874  24.054154  121.464608
0.123365  0.000000  0.000000  0.000000  -22.298177  20.765776  -5.714286  54.294185  14.409921  9.717128  -15.082030  22.032066  25.498874  24.054154  121.464608
0.123621  0.000000  0.000000  0.000000  -22.298177  20.765776  -1.428571  54.852639  10.917080  7.171322  -15.082030  22.032066  25.498874  24.054154  121.464608
0.123878  0.000000  0.000000  0.000000  -22.298177  20.765776  2.857143  55.248710  7.403700  4.684915  -15.082030  22.032066  25.498874  24.054154  121.464608
0.124134  0.000000  0.000000  0.000000  -22.298177  20.765776  7.142857  55.489353  3.876751  2.237928  -15.082030  22.032066  25.498874  24.054154  121.464608
0.124391  0.000000  0.000000  0.000000  -22.298177  20.765776  11.428571  55.578750  0.342807  -0.188683  -15.082030  22.032066  25.498874  24.054154  121.464608
0.124647  0.000000  0.000000  0.000000  -22.298177  20.765776  15.714286  55.518427  -3.191743  -2.613512  -15.082030  22.032066  25.498874  24.054154  121.464608
0.124904  0.000000  0.000000  0.000000  -22.298177  20.765776  20.000000  55.307358  -6.720554  -5.055079  -15.082030  22.032066  25.498874  24.054154  121.464608
0.125160  0.000000  0.000000  0.000000  -22.298177  20.765776  24.285714  54.941878  -10.237098  -7.532315  -15.082030  22.032066  25.498874  24.054154  121.464608
0.125417  0.000000  0.000000  0.000000  -22.298177  20.765776  28.571429  54.415585  -13.734501  -10.065000  -15.082030  22.032066  25.498874  24.054154  121.464608
0.125673  0.000000  0.000000  0.000000  -22.298177  20.765776  32.857143  53.719217  -17.205291  -12.674145  -15.082030  22.032066  25.498874  24.054154  121.464608
0.125930  0.000000  0.000000  0.000000  -22.298177  20.765776  37.142857  52.840301  -20.641253  -15.382646  -15.082030  22.032066  25.498874  24.054154  121.464608
0.126186  0.000000  0.000000  0.000000  -22.298177  20.765776  41.428571  51.762963  -24.033018  -18.215601  -15.082030  22.032066  25.498874  24.054154  121.464608
0.126443  0.000000  0.000000  0.000000  -22.298177  20.765776  45.714286  50.467454  -27.369884  -21.201020  -15.082030  22.032066  25.498874  24.054154  121.464608
0.126699  0.000000  0.000000  0.000000  -22.298177  20.765776  50.000000  48.929837  -30.639328  -24.370242  -15.082030  22.032066  25.498874  24.054154  121.464608
0.126956  0.000000  0.000000  0.000000  -21.280338  21.312168  -10.000000  46.344561  27.887911  19.318165  13.105379  40.457234  10.722262  35.396937  126.650373
0.127212  0.000000  0.000000  0.000000  -21.280338  21.312168  -5.714286  47.789206  24.749202  16.061706  13.105379  40.457234  10.722262  35.396937  126.650373
0.127469  0.000000  0.000000  0.000000  -21.280338  21.312168  -1.428571  49.006242  21.543627  12.967418  13.105379  40.457234  10.722262  35.396937  126.650373
0.127725  0.000000  0.000000  0.000000  -21.280338  21.312168  2.857143  50.014811  18.283467  10.008059  13.105379  40.457234  10.722262  35.396937  126.650373
0.127982  0.000000  0.000000  0.000000  -21.280338  21.312168  7.142857  50.830828  14.979472  7.158711  13.105379  40.457234  10.722262  35.396937  126.650373
0.128238  0.000000  0.000000  0.000000  -21.280338  21.312168  11.428571  51.467160  11.641177  4.396458  13.105379  40.457234  10.722262  35.396937  126.650373
0.128494  0.000000  0.000000  0.000000  -21.280338  21.312168  15.714286  51.933779  8.277198  1.700036  13.105379  40.457234  10.722262  35.396937  126.650373
0.128751  0.000000  0.000000  0.000000  -21.280338  21.312168  20.000000  52.237989  4.895453  -0.950564  13.105379  40.457234  10.722262  35.396937  126.650373
0.129007  0.000000  0.000000  0.000000  -21.280338  21.312168  24.285714  52.384522  1.503390  -3.574434  13.105379  40.457234  10.722262  35.396937  126.650373
0.129264  0.000000  0.000000  0.000000  -21.280338  21.312168  28.571429  52.375648  -1.891824  -6.190159  13.105379  40.457234  10.722262  35.396937  126.650373
0.129520  0.000000  0.000000  0.000000  -21.280338  21.312168  32.857143  52.211235  -5.283074  -8.816139  13.105379  40.457234  10.722262  35.396937  126.650373
0.129777  0.000000  0.000000  0.000000  -21.280338  21.312168  37.142857  51.888731  -8.663175  -11.470998  13.105379  40.457234  10.722262  35.396937  126.650373
0.130033  0.000000  0.000000  0.000000  -21.280338  21.312168  41.428571  51.403106  -12.024625  -14.173925  13.105379  40.457234  10.722262  35.396937  126.650373
0.130290  0.000000  0.000000  0.000000  -21.280338  21.312168  45.714286  50.746776  -15.359444  -16.945038  13.105379  40.457234  10.722262  35.396937  126.650373
0.130546  0.000000  0.000000  0.000000  -21.280338  21.312168  50.000000  49.909429  -18.658927  -19.805779  13.105379  40.457234  10.722262  35.396937  126.650373
0.130803  0.000000  0.000000  0.000000  -29.377513  15.066947  -10.000000  60.421945  37.374409  18.338560  22.400807  17.784777  26.407601  35.187360  122.011635
0.131059  0.000000  0.000000  0.000000  -29.377513  15.066947  -5.714286  61.897106  33.619549  15.799706  22.400807  17.784777  26.407601  35.187360  122.011635
0.131316  0.000000  0.000000  0.000000  -29.377513  15.066947  -1.428571  63.120431  29.817167  13.474389  22.400807  17.784777  26.407601  35.187360  122.011635
0.131572  0.000000  0.000000  0.000000  -29.377513  15.066947  2.857143  64.128864  25.977091  11.320486  22.400807  17.784777  26.407601  35.187360  122.011635
0.131829  0.000000  0.000000  0.000000  -29.377513  15.066947  7.142857  64.951142  22.107150  9.303493  22.400807  17.784777  26.407601  35.187360  122.011635
0.132085  0.000000  0.000000  0.000000  -29.377513  15.066947  11.428571  65.609449  18.213778  7.394679  22.400807  17.784777  26.407601  35.187360  122.011635
0.132342  0.000000  0.000000  0.000000  -29.377513  15.066947  15.714286  66.120727  14.302355  5.569661  22.400807  17.784777  26.407601  35.187360  122.011635
0.132598  0.000000  0.000000  0.000000  -29.377513  15.066947  20.000000  66.497618  10.377494  3.807272  22.400807  17.784777  26.407601  35.187360  122.011635
0.132855  0.000000  0.000000  0.000000  -29.377513  15.066947  24.285714  66.749152  6.443267  2.088666  22.400807  17.784777  26.407601  35.187360  122.011635
0.133111  0.000000  0.000000  0.000000  -29.377513  15.066947  28.571429  66.881214  2.503381  0.396564  22.400807  17.784777  26.407601  35.187360  122.011635
0.133368  0.000000  0.000000  0.000000  -29.377513  15.066947  32.857143  66.896860  -1.438681  -1.285383  22.400807  17.784777  26.407601  35.187360  122.011635
0.133624  0.000000  0.000000  0.000000  -29.377513  15.066947  37.142857  66.796436  -5.379473  -2.973153  22.400807  17.784777  26.407601  35.187360  122.011635
0.133880  0.000000  0.000000  0.000000  -29.377513  15.066947  41.428571  66.577617  -9.315591  -4.682938  22.400807  17.784777  26.407601  35.187360  122.011635
0.134137  0.000000  0.000000  0.000000  -29.377513  15.066947  45.714286  66.235338  -13.243364  -6.431721  22.400807  17.784777  26.407601  35.187360  122.011635
0.134393  0.000000  0.000000  0.000000  -29.377513  15.066947  50.000000  65.761444  -17.158845  -8.237848  22.400807  17.784777  26.407601  35.187360  122.011635
0.134650  0.000000  0.000000  0.000000  -40.162861  5.645069  -10.000000  60.483152  38.380296  4.627747  -17.193029  35.313831  -1.255187  27.701699  116.384567
0.134906  0.000000  0.000000  0.000000  -40.162861  5.645069  -5.714286  62.009500  34.622289  2.063425  -17.193029  35.313831  -1.255187  27.701699  116.384567
0.135163  0.000000  0.000000  0.000000  -40.162861  5.645069  -1.428571  63.275400  30.815299  -0.277074  -17.193029  35.313831  -1.255187  27.701699  116.384567
0.135419  0.000000  0.000000  0.000000  -40.162861  5.645069  2.857143  64.320186  26.969473  -2.438036  -17.193029  35.313831  -1.255187  27.701699  116.384567
0.135676  0.000000  0.000000  0.000000  -40.162861  5.645069  7.142857  65.174373  23.092884  -4.455530  -17.193029  35.313831  -1.255187  27.701699  116.384567
0.135932  0.000000  0.000000  0.000000  -40.162861  5.645069  11.428571  65.861526  19.192111  -6.359388  -17.193029  35.313831  -1.255187  27.701699  116.384567
0.136189  0.000000  0.000000  0.000000  -40.162861  5.645069  15.714286  66.399686  15.272611  -8.174775  -17.193029  35.313831  -1.255187  27.701699  116.384567
0.136445  0.000000  0.000000  0.000000  -40.162861  5.645069  20.000000  66.802391  11.339032  -9.923376  -17.193029  35.313831  -1.255187  27.701699  116.384567
0.136702  0.000000  0.000000  0.000000  -40.162861  5.645069  24.285714  67.079429  7.395446  -11.624356  -17.193029  35.313831  -1.255187  27.701699  116.384567
0.136958  0.000000  0.000000  0.000000  -40.162861  5.645069  28.571429  67.237360  3.445530  -13.295151  -17.193029  35.313831  -1.255187  27.701699  116.384567
0.137215  0.000000  0.000000  0.000000  -40.162861  5.645069  32.857143  67.279876  -0.507284  -14.952101  -17.193029  35.313831  -1.255187  27.701699  116.384567
0.137471  0.000000  0.000000  0.000000  -40.162861  5.645069  37.142857  67.207945  -4.459672  -16.611088  -17.193029  35.313831  -1.255187  27.701699  116.384567
0.137728  0.000000  0.000000  0.000000  -40.162861  5.645069  41.428571  67.019900  -8.408300  -18.288034  -17.193029  35.313831  -1.255187  27.701699  116.384567
0.137984  0.000000  0.000000  0.000000  -40.162861  5.645069  45.714286  66.711357  -12.349681  -19.999517  -17.193029  35.313831  -1.255187  27.701699  116.384567
0.138241  0.000000  0.000000  0.000000  -40.162861  5.645069  50.000000  66.274961  -16.280054  -21.763344  -17.193029  35.313831  -1.255187  27.701699  116.384567
0.138497  0.000000  0.000000  0.000000  -26.745369  12.441047  -10.000000  50.907841  21.495646  10.775686  19.692814  42.314039  -5.264776  21.148301  123.739797
0.138754  0.000000  0.000000  0.000000  -26.745369  12.441047  -5.714286  51.872227  18.146011  7.933291  19.692814  42.314039  -5.264776  21.148301  123.739797
0.139010  0.000000  0.000000  0.000000  -26.745369  12.441047  -1.428571  52.647191  14.756229  5.198480  19.692814  42.314039  -5.264776  21.148301  123.739797
0.139266  0.000000  0.000000  0.000000  -26.745369  12.441047  2.857143  53.245849  11.335284  2.548042  19.692814  42.314039  -5.264776  21.148301  123.739797
0.139523  0.000000  0.000000  0.000000  -26.745369  12.441047  7.142857  53.678198  7.891274  -0.039438  19.692814  42.314039  -5.264776  21.148301  123.739797
0.139779  0.000000  0.000000  0.000000  -26.745369  12.441047  11.428571  53.951488  4.431653  -2.584023  19.692814  42.314039  -5.264776  21.148301  123.739797
0.140036  0.000000  0.000000  0.000000  -26.745369  12.441047  15.714286  54.070204  0.963401  -5.104856  19.692814  42.314039  -5.264776  21.148301  123.739797
0.140292  0.000000  0.000000  0.000000  -26.745369  12.441047  20.000000  54.036302  -2.506711  -7.620555  19.692814  42.314039  -5.264776  21.148301  123.739797
0.140549  0.000000  0.000000  0.000000  -26.745369  12.441047  24.285714  53.849234  -5.971975  -10.149637  19.692814  42.314039  -5.264776  21.148301  123.739797
0.140805  0.000000  0.000000  0.000000  -26.745369  12.441047  28.571429  53.505899  -9.425538  -12.710891  19.692814  42.314039  -5.264776  21.148301  123.739797
0.141062  0.000000  0.000000  0.000000  -26.745369  12.441047  32.857143  53.000622  -12.860235  -15.323827  19.692814  42.314039  -5.264776  21.148301  123.739797
0.141318  0.000000  0.000000  0.000000  -26.745369  12.441047  37.142857  52.324955  -16.268372  -18.009065  19.692814  42.314039  -5.264776  21.148301  123.739797
0.141575  0.000000  0.000000  0.000000  -26.745369  12.441047  41.428571  51.467551  -19.641468  -20.788732  19.692814  42.314039  -5.264776  21.148301  123.739797
0.141831  0.000000  0.000000  0.000000  -26.745369  12.441047  45.714286  50.413835  -22.970051  -23.687005  19.692814  42.314039  -5.264776  21.148301  123.739797
0.142088  0.000000  0.000000  0.000000  -26.745369  12.441047  50.000000  49.145806  -26.243326  -26.730471  19.692814  42.314039  -5.264776  21.148301  123.739797
0.142344  0.000000  0.000000  0.000000  -15.177953  4.604378  -10.000000  58.009607  27.010161  6.573474  -15.666678  35.125811  16.725341  32.252349  122.614246
0.142601  0.000000  0.000000  0.000000  -15.177953  4.604378  -5.714286  59.061911  23.353973  4.101930  -15.666678  35.125811  16.725341  32.252349  122.614246
0.142857  0.000000  0.000000  0.000000  -15.177953  4.604378  -1.428571  59.919696  19.661080  1.763712  -15.666678  35.125811  16.725341  32.252349  122.614246
0.143114  0.000000  0.000000  0.000000  -15.177953  4.604378  2.857143  60.602589  15.939320  -0.468710  -15.666678  35.125811  16.725341  32.252349  122.614246
0.143370  0.000000  0.000000  0.000000  -15.177953  4.604378  7.142857  61.125703  12.195434  -2.619484  -15.666678  35.125811  16.725341  32.252349  122.614246
0.143627  0.000000  0.000000  0.000000  -15.177953  4.604378  11.428571  61.500311  8.435343  -4.710149  -15.666678  35.125811  16.725341  32.252349  122.614246
0.143883  0.000000  0.000000  0.000000  -15.177953  4.604378  15.714286  61.734332  4.664402  -6.760422  -15.666678  35.125811  16.725341  32.252349  122.614246
0.144140  0.000000  0.000000  0.000000  -15.177953  4.604378  20.000000  61.832630  0.887576  -8.788742  -15.666678  35.125811  16.725341  32.252349  122.614246
0.144396  0.000000  0.000000  0.000000  -15.177953  4.604378  24.285714  61.797231  -2.890367  -10.812923  -15.666678  35.125811  16.725341  32.252349  122.614246
0.144652  0.000000  0.000000  0.000000  -15.177953  4.604378  28.571429  61.627408  -6.664670  -12.850627  -15.666678  35.125811  16.725341  32.252349  122.614246
0.144909  0.000000  0.000000  0.000000  -15.177953  4.604378  32.857143  61.319651  -10.430500  -14.919943  -15.666678  35.125811  16.725341  32.252349  122.614246
0.145165  0.000000  0.000000  0.000000  -15.177953  4.604378  37.142857  60.867494  -14.182694  -17.039934  -15.666678  35.125811  16.725341  32.252349  122.614246
0.145422  0.000000  0.000000  0.000000  -15.177953  4.604378  41.428571  60.261309  -17.915631  -19.231167  -15.666678  35.125811  16.725341  32.252349  122.614246
0.145678  0.000000  0.000000  0.000000  -15.177953  4.604378  45.714286  59.487841  -21.622988  -21.516478  -15.666678  35.125811  16.725341  32.252349  122.614246
0.145935  0.000000  0.000000  0.000000  -15.177953  4.604378  50.000000  58.529677  -25.297482  -23.921695  -15.666678  35.125811  16.725341  32.252349  122.614246
0.146191  0.000000  0.000000  0.000000  -37.337208  19.625810  -10.000000  51.228487  37.012177  23.731049  1.567592  36.053488  -10.729633  33.271783  115.794424
0.146448  0.000000  0.000000  0.000000  -37.337208  19.625810  -5.714286  53.092271  33.626572  20.509233  1.567592  36.053488  -10.729633  33.271783  115.794424
0.146704  0.000000  0.000000  0.000000  -37.337208  19.625810  -1.428571  54.665318  30.163805  17.533903  1.567592  36.053488  -10.729633  33.271783  115.794424
0.146961  0.000000  0.000000  0.000000  -37.337208  19.625810  2.857143  55.984377  26.638515  14.762407  1.567592  36.053488  -10.729633  33.271783  115.794424
0.147217  0.000000  0.000000  0.000000  -37.337208  19.625810  7.142857  57.079497  23.062731  12.158164  1.567592  36.053488  -10.729633  33.271783  115.794424
0.147474  0.000000  0.000000  0.000000  -37.337208  19.625810  11.428571  57.974945  19.446503  9.689615  1.567592  36.053488  -10.729633  33.271783  115.794424
0.147730  0.000000  0.000000  0.000000  -37.337208  19.625810  15.714286  58.689981  15.798354  7.329260  1.567592  36.053488  -10.729633  33.271783  115.794424
0.147987  0.000000  0.000000  0.000000  -37.337208  19.625810  20.000000  59.239590  12.125640  5.052811  1.567592  36.053488  -10.729633  33.271783  115.794424
0.148243  0.000000  0.000000  0.000000  -37.337208  19.625810  24.285714  59.635025  8.434857  2.838437  1.567592  36.053488  -10.729633  33.271783  115.794424
0.148500  0.000000  0.000000  0.000000  -37.337208  19.625810  28.571429  59.884245  4.731897  0.666072  1.567592  36.053488  -10.729633  33.271783  115.794424
0.148756  0.000000  0.000000  0.000000  -37.337208  19.625810  32.857143  59.992193  1.022235  -1.483120  1.567592  36.053488  -10.729633  33.271783  115.794424
0.149013  0.000000  0.000000  0.000000  -37.337208  19.625810  37.142857  59.960985  -2.688857  -3.627345  1.567592  36.053488  -10.729633  33.271783  115.794424
0.149269  0.000000  0.000000  0.000000  -37.337208  19.625810  41.428571  59.790027  -6.396159  -5.784670  1.567592  36.053488  -10.729633  33.271783  115.794424
0.149526  0.000000  0.000000  0.000000  -37.337208  19.625810  45.714286  59.475914  -10.094358  -7.973504  1.567592  36.053488  -10.729633  33.271783  115.794424
0.149782  0.000000  0.000000  0.000000  -37.337208  19.625810  50.000000  59.012407  -13.777784  -10.213188  1.567592  36.053488  -10.729633  33.271783  115.794424
0.150038  0.000000  0.000000  0.000000  -18.621234  14.945696  -10.000000  54.500272  31.660380  12.670338  -16.421936  28.011498  14.420393  36.374051  115.853718
0.150295  0.000000  0.000000  0.000000  -18.621234  14.945696  -5.714286  55.907309  28.140208  9.849510  -16.421936  28.011498  14.420393  36.374051  115.853718
0.150551  0.000000  0.000000  0.000000  -18.621234  14.945696  -1.428571  57.079883  24.565991  7.209658  -16.421936  28.011498  14.420393  36.374051  115.853718
0.150808  0.000000  0.000000  0.000000  -18.621234  14.945696  2.857143  58.044633  20.948336  4.717199  -16.421936  28.011498  14.420393  36.374051  115.853718
0.151064  0.000000  0.000000  0.000000  -18.621234  14.945696  7.142857  58.822865  17.296201  2.343061  -16.421936  28.011498  14.420393  36.374051  115.853718
0.151321  0.000000  0.000000  0.000000  -18.621234  14.945696  11.428571  59.431244  13.617238  0.061765  -16.421936  28.011498  14.420393  36.374051  115.853718
0.151577  0.000000  0.000000  0.000000  -18.621234  14.945696  15.714286  59.882482  9.918132  -2.149383  -16.421936  28.011498  14.420393  36.374051  115.853718
0.151834  0.000000  0.000000  0.000000  -18.621234  14.945696  20.000000  60.185816  6.204874  -4.311015  -16.421936  28.011498  14.420393  36.374051  115.853718
0.152090  0.000000  0.000000  0.000000  -18.621234  14.945696  24.285714  60.347352  2.482976  -6.442331  -16.421936  28.011498  14.420393  36.374051  115.853718
0.152347  0.000000  0.000000  0.000000  -18.621234  14.945696  28.571429  60.370315  -1.242342  -8.561659  -16.421936  28.011498  14.420393  36.374051  115.853718
0.152603  0.000000  0.000000  0.000000  -18.621234  14.945696  32.857143  60.255163  -4.965929  -10.686969  -16.421936  28.011498  14.420393  36.374051  115.853718
0.152860  0.000000  0.000000  0.000000  -18.621234  14.945696  37.142857  59.999577  -8.682671  -12.836421  -16.421936  28.011498  14.420393  36.374051  115.853718
0.153116  0.000000  0.000000  0.000000  -18.621234  14.945696  41.428571  59.598465  -12.387129  -15.028870  -16.421936  28.011498  14.420393  36.374051  115.853718
0.153373  0.000000  0.000000  0.000000  -18.621234  14.945696  45.714286  59.043656  -16.073502  -17.284401  -16.421936  28.011498  14.420393  36.374051  115.853718
0.153629  0.000000  0.000000  0.000000  -18.621234  14.945696  50.000000  58.323638  -19.735367  -19.624944  -16.421936  28.011498  14.420393  36.374051  115.853718
0.153886  0.000000  0.000000  0.000000  -22.900139  25.307452  -10.000000  52.349315  14.961172  18.437516  -5.390027  45.934175  18.874347  25.686895  117.385114
0.154142  0.000000  0.000000  0.000000  -22.900139  25.307452  -5.714286  52.962115  11.553370  15.766986  -5.390027  45.934175  18.874347  25.686895  117.385114
0.154399  0.000000  0.000000  0.000000  -22.900139  25.307452  -1.428571  53.407643  8.121748  13.160898  -5.390027  45.934175  18.874347  25.686895  117.385114
0.154655  0.000000  0.000000  0.000000  -22.900139  25.307452  2.857143  53.693274  4.673827  10.599122  -5.390027  45.934175  18.874347  25.686895  117.385114
0.154912  0.000000  0.000000  0.000000  -22.900139  25.307452  7.142857  53.823706  1.216685  8.062492  -5.390027  45.934175  18.874347  25.686895  117.385114
0.155168  0.000000  0.000000  0.000000  -22.900139  25.307452  11.428571  53.801026  -2.242814  5.532343  -5.390027  45.934175  18.874347  25.686895  117.385114
0.155424  0.000000  0.000000  0.000000  -22.900139  25.307452  15.714286  53.624896  -5.697935  2.990208  -5.390027  45.934175  18.874347  25.686895  117.385114
0.155681  0.000000  0.000000  0.000000  -22.900139  25.307452  20.000000  53.292429  -9.141781  0.417326  -5.390027  45.934175  18.874347  25.686895  117.385114
0.155937  0.000000  0.000000  0.000000  -22.900139  25.307452  24.285714  52.798157  -12.567159  -2.205750  -5.390027  45.934175  18.874347  25.686895  117.385114
0.156194  0.000000  0.000000  0.000000  -22.900139  25.307452  28.571429  52.133933  -15.966334  -4.899434  -5.390027  45.934175  18.874347  25.686895  117.385114
0.156450  0.000000  0.000000  0.000000  -22.900139  25.307452  32.857143  51.288667  -19.330879  -7.685751  -5.390027  45.934175  18.874347  25.686895  117.385114
0.156707  0.000000  0.000000  0.000000  -22.900139  25.307452  37.142857  50.248174  -22.651338  -10.588585  -5.390027  45.934175  18.874347  25.686895  117.385114
0.156963  0.000000  0.000000  0.000000  -22.900139  25.307452  41.428571  48.994886  -25.916947  -13.634172  -5.390027  45.934175  18.874347  25.686895  117.385114
0.157220  0.000000  0.000000  0.000000  -22.900139  25.307452  45.714286  47.507582  -29.115328  -16.851538  -5.390027  45.934175  18.874347  25.686895  117.385114
0.157476  0.000000  0.000000  0.000000  -22.900139  25.307452  50.000000  45.761227  -32.232032  -20.272752  -5.390027  45.934175  18.874347  25.686895  117.385114
0.157733  0.000000  0.000000  0.000000  -33.516510  15.295271  -10.000000  55.964546  30.528803  17.784921  4.659877  30.074753  24.249195  32.208976  110.051013
0.157989  0.000000  0.000000  0.000000  -33.516510  15.295271  -5.714286  57.258508  26.949676  15.095477  4.659877  30.074753  24.249195  32.208976  110.051013
0.158246  0.000000  0.000000  0.000000  -33.516510  15.295271  -1.428571  58.330730  23.322717  12.572830  4.659877  30.074753  24.249195  32.208976  110.051013
0.158502  0.000000  0.000000  0.000000  -33.516510  15.295271  2.857143  59.206027  19.657523  10.185056  4.659877  30.074753  24.249195  32.208976  110.051013
0.158759  0.000000  0.000000  0.000000  -33.516510  15.295271  7.142857  59.904003  15.962227  7.904513  4.659877  30.074753  24.249195  32.208976  110.051013
0.159015  0.000000  0.000000  0.000000  -33.516510  15.295271  11.428571  60.439826  12.243808  5.706932  4.659877  30.074753  24.249195  32.208976  110.051013
0.159272  0.000000  0.000000  0.000000  -33.516510  15.295271  15.714286  60.824843  8.508406  3.570606  4.659877  30.074753  24.249195  32.208976  110.051013
0.159528  0.000000  0.000000  0.000000  -33.516510  15.295271  20.000000  61.067059  4.761580  1.475646  4.659877  30.074753  24.249195  32.208976  110.051013
0.159785  0.000000  0.000000  0.000000  -33.516510  15.295271  24.285714  61.171425  1.008483  -0.596560  4.659877  30.074753  24.249195  32.208976  110.051013
0.160041  0.000000  0.000000  0.000000  -33.516510  15.295271  28.571429  61.140057  -2.745928  -2.663988  4.659877  30.074753  24.249195  32.208976  110.051013
0.160298  0.000000  0.000000  0.000000  -33.516510  15.295271  32.857143  60.972327  -6.496748  -4.744460  4.659877  30.074753  24.249195  32.208976  110.051013
0.160554  0.000000  0.000000  0.000000  -33.516510  15.295271  37.142857  60.664818  -10.238949  -6.856181  4.659877  30.074753  24.249195  32.208976  110.051013
0.160810  0.000000  0.000000  0.000000  -33.516510  15.295271  41.428571  60.211176  -13.967201  -9.018312  4.659877  30.074753  24.249195  32.208976  110.051013
0.161067  0.000000  0.000000  0.000000  -33.516510  15.295271  45.714286  59.601953  -17.675735  -11.251443  4.659877  30.074753  24.249195  32.208976  110.051013
0.161323  0.000000  0.000000  0.000000  -33.516510  15.295271  50.000000  58.824042  -21.358023  -13.578421  4.659877  30.074753  24.249195  32.208976  110.051013
0.161580  0.000000  0.000000  0.000000  -33.770855  2.587194  -10.000000  63.861098  32.284303  3.535396  -12.773369  43.509729  14.752748  25.313692  111.803909
0.161836  0.000000  0.000000  0.000000  -33.770855  2.587194  -5.714286  64.945826  28.418683  1.390135  -12.773369  43.509729  14.752748  25.313692  111.803909
0.162093  0.000000  0.000000  0.000000  -33.770855  2.587194  -1.428571  65.834912  24.521828  -0.603229  -12.773369  43.509729  14.752748  25.313692  111.803909
0.162349  0.000000  0.000000  0.000000  -33.770855  2.587194  2.857143  66.553946  20.600366  -2.476093  -12.773369  43.509729  14.752748  25.313692  111.803909
0.162606  0.000000  0.000000  0.000000  -33.770855  2.587194  7.142857  67.122499  16.659758  -4.254657  -12.773369  43.509729  14.752748  25.313692  111.803909
0.162862  0.000000  0.000000  0.000000  -33.770855  2.587194  11.428571  67.555335  12.704598  -5.961256  -12.773369  43.509729  14.752748  25.313692  111.803909
0.163119  0.000000  0.000000  0.000000  -33.770855  2.587194  15.714286  67.863271  8.738864  -7.615395  -12.773369  43.509729  14.752748  25.313692  111.803909
0.163375  0.000000  0.000000  0.000000  -33.770855  2.587194  20.000000  68.053795  4.766121  -9.234651  -12.773369  43.509729  14.752748  25.313692  111.803909
0.163632  0.000000  0.000000  0.000000  -33.770855  2.587194  24.285714  68.131418  0.789626  -10.835243  -12.773369  43.509729  14.752748  25.313692  111.803909
0.163888  0.000000  0.000000  0.000000  -33.770855  2.587194  28.571429  68.097967  -3.187480  -12.432773  -12.773369  43.509729  14.752748  25.313692  111.803909
0.164145  0.000000  0.000000  0.000000  -33.770855  2.587194  32.857143  67.952666  -7.162098  -14.042712  -12.773369  43.509729  14.752748  25.313692  111.803909
0.164401  0.000000  0.000000  0.000000  -33.770855  2.587194  37.142857  67.692073  -11.131021  -15.680986  -12.773369  43.509729  14.752748  25.313692  111.803909
0.164658  0.000000  0.000000  0.000000  -33.770855  2.587194  41.428571  67.309917  -15.090821  -17.364561  -12.773369  43.509729  14.752748  25.313692  111.803909
0.164914  0.000000  0.000000  0.000000  -33.770855  2.587194  45.714286  66.796786  -19.037723  -19.112051  -12.773369  43.509729  14.752748  25.313692  111.803909
0.165171  0.000000  0.000000  0.000000  -33.770855  2.587194  50.000000  66.139558  -22.967388  -20.944576  -12.773369  43.509729  14.752748  25.313692  111.803909
0.165427  0.000000  0.000000  0.000000  -24.483442  5.421621  -10.000000  60.053702  38.785086  4.841585  -1.135786  34.250209  17.569716  37.487222  110.029458
0.165684  0.000000  0.000000  0.000000  -24.483442  5.421621  -5.714286  61.623202  35.041823  2.230082  -1.135786  34.250209  17.569716  37.487222  110.029458
0.165940  0.000000  0.000000  0.000000  -24.483442  5.421621  -1.428571  62.925838  31.247538  -0.150858  -1.135786  34.250209  17.569716  37.487222  110.029458
0.166196  0.000000  0.000000  0.000000  -24.483442  5.421621  2.857143  64.002150  27.412784  -2.346694  -1.135786  34.250209  17.569716  37.487222  110.029458
0.166453  0.000000  0.000000  0.000000  -24.483442  5.421621  7.142857  64.883644  23.545958  -4.394416  -1.135786  34.250209  17.569716  37.487222  110.029458
0.166709  0.000000  0.000000  0.000000  -24.483442  5.421621  11.428571  65.594657  19.653855  -6.324631  -1.135786  34.250209  17.569716  37.487222  110.029458
0.166966  0.000000  0.000000  0.000000  -24.483442  5.421621  15.714286  66.153906  15.742143  -8.163050  -1.135786  34.250209  17.569716  37.487222  110.029458
0.167222  0.000000  0.000000  0.000000  -24.483442  5.421621  20.000000  66.575463  11.815612  -9.931821  -1.135786  34.250209  17.569716  37.487222  110.029458
0.167479  0.000000  0.000000  0.000000  -24.483442  5.421621  24.285714  66.869574  7.878446  -11.650454  -1.135786  34.250209  17.569716  37.487222  110.029458
0.167735  0.000000  0.000000  0.000000  -24.483442  5.421621  28.571429  67.043198  3.934417  -13.336645  -1.135786  34.250209  17.569716  37.487222  110.029458
0.167992  0.000000  0.000000  0.000000  -24.483442  5.421621  32.857143  67.100391  -0.012979  -15.006907  -1.135786  34.250209  17.569716  37.487222  110.029458
0.168248  0.000000  0.000000  0.000000  -24.483442  5.421621  37.142857  67.042450  -3.960363  -16.677224  -1.135786  34.250209  17.569716  37.487222  110.029458
0.168505  0.000000  0.000000  0.000000  -24.483442  5.421621  41.428571  66.868041  -7.904362  -18.363567  -1.135786  34.250209  17.569716  37.487222  110.029458
0.168761  0.000000  0.000000  0.000000  -24.483442  5.421621  45.714286  66.573121  -11.841471  -20.082471  -1.135786  34.250209  17.569716  37.487222  110.029458
0.169018  0.000000  0.000000  0.000000  -24.483442  5.421621  50.000000  66.150692  -15.767917  -21.851636  -1.135786  34.250209  17.569716  37.487222  110.029458
0.169274  0.000000  0.000000  0.000000  -39.493799  4.013304  -10.000000  67.910669  42.646727  5.497189  2.591282  32.884881  2.340301  22.349953  115.890536
0.169531  0.000000  0.000000  0.000000  -39.493799  4.013304  -5.714286  69.255097  38.656432  3.434845  2.591282  32.884881  2.340301  22.349953  115.890536
0.169787  0.000000  0.000000  0.000000  -39.493799  4.013304  -1.428571  70.356175  34.633762  1.591288  2.591282  32.884881  2.340301  22.349953  115.890536
0.170044  0.000000  0.000000  0.000000  -39.493799  4.013304  2.857143  71.257992  30.585929  -0.080977  2.591282  32.884881  2.340301  22.349953  115.890536
0.170300  0.000000  0.000000  0.000000  -39.493799  4.013304  7.142857  71.993444  26.518441  -1.618668  2.591282  32.884881  2.340301  22.349953  115.890536
0.170557  0.000000  0.000000  0.000000  -39.493799  4.013304  11.428571  72.587216  22.435596  -3.050793  2.591282  32.884881  2.340301  22.349953  115.890536
0.170813  0.000000  0.000000  0.000000  -39.493799  4.013304  15.714286  73.057867  18.340849  -4.400830  2.591282  32.884881  2.340301  22.349953  115.890536
0.171070  0.000000  0.000000  0.000000  -39.493799  4.013304  20.000000  73.419182  14.237040  -5.688174  2.591282  32.884881  2.340301  22.349953  115.890536
0.171326  0.000000  0.000000  0.000000  -39.493799  4.013304  24.285714  73.681292  10.126583  -6.929469  2.591282  32.884881  2.340301  22.349953  115.890536
0.171582  0.000000  0.000000  0.000000  -39.493799  4.013304  28.571429  73.851226  6.011588  -8.139291  2.591282  32.884881  2.340301  22.349953  115.890536
0.171839  0.000000  0.000000  0.000000  -39.493799  4.013304  32.857143  73.933426  1.893974  -9.330913  2.591282  32.884881  2.340301  22.349953  115.890536
0.172095  0.000000  0.000000  0.000000  -39.493799  4.013304  37.142857  73.929998  -2.224455  -10.516874  2.591282  32.884881  2.340301  22.349953  115.890536
0.172352  0.000000  0.000000  0.000000  -39.493799  4.013304  41.428571  73.840871  -6.341926  -11.709488  2.591282  32.884881  2.340301  22.349953  115.890536
0.172608  0.000000  0.000000  0.000000  -39.493799  4.013304  45.714286  73.663738  -10.456631  -12.921329  2.591282  32.884881  2.340301  22.349953  115.890536
0.172865  0.000000  0.000000  0.000000  -39.493799  4.013304  50.000000  73.393961  -14.566634  -14.165763  2.591282  32.884881  2.340301  22.349953  115.890536
0.173121  0.000000  0.000000  0.000000  -42.515151  0.155240  -10.000000  71.657130  41.941661  3.150255  13.200184  34.887205  5.645234  29.242359  127.069504
0.173378  0.000000  0.000000  0.000000  -42.515151  0.155240  -5.714286  72.752842  37.860619  1.443286  13.200184  34.887205  5.645234  29.242359  127.069504
0.173634  0.000000  0.000000  0.000000  -42.515151  0.155240  -1.428571  73.646955  33.757535  -0.083851  13.200184  34.887205  5.645234  29.242359  127.069504
0.173891  0.000000  0.000000  0.000000  -42.515151  0.155240  2.857143  74.376299  29.637374  -1.470982  13.200184  34.887205  5.645234  29.242359  127.069504
0.174147  0.000000  0.000000  0.000000  -42.515151  0.155240  7.142857  74.968099  25.503920  -2.748730  13.200184  34.887205  5.645234  29.242359  127.069504
0.174404  0.000000  0.000000  0.000000  -42.515151  0.155240  11.428571  75.442628  21.360128  -3.941216  13.200184  34.887205  5.645234  29.242359  127.069504
0.174660  0.000000  0.000000  0.000000  -42.515151  0.155240  15.714286  75.814986  17.208381  -5.067929  13.200184  34.887205  5.645234  29.242359  127.069504
0.174917  0.000000  0.000000  0.000000  -42.515151  0.155240  20.000000  76.096313  13.050649  -6.145063  13.200184  34.887205  5.645234  29.242359  127.069504
0.175173  0.000000  0.000000  0.000000  -42.515151  0.155240  24.285714  76.294619  8.888608  -7.186483  13.200184  34.887205  5.645234  29.242359  127.069504
0.175430  0.000000  0.000000  0.000000  -42.515151  0.155240  28.571429  76.415344  4.723744  -8.204460  13.200184  34.887205  5.645234  29.242359  127.069504
0.175686  0.000000  0.000000  0.000000  -42.515151  0.155240  32.857143  76.461713  0.557412  -9.210257  13.200184  34.887205  5.645234  29.242359  127.069504
0.175943  0.000000  0.000000  0.000000  -42.515151  0.155240  37.142857  76.434951  -3.609089  -10.214630  13.200184  34.887205  5.645234  29.242359  127.069504
0.176199  0.000000  0.000000  0.000000  -42.515151  0.155240  41.428571  76.334352  -7.774475  -11.228274  13.200184  34.887205  5.645234  29.242359  127.069504
0.176456  0.000000  0.000000  0.000000  -42.515151  0.155240  45.714286  76.157244  -11.937415  -12.262258  13.200184  34.887205  5.645234  29.242359  127.069504
0.176712  0.000000  0.000000  0.000000  -42.515151  0.155240  50.000000  75.898796  -16.096450  -13.328567  13.200184  34.887205  5.645234  29.242359  127.069504
0.176968  0.000000  0.000000  0.000000  -17.737826  -3.320855  -10.000000  67.559069  41.075580  2.624257  -15.552888  24.400034  21.604033  19.811421  127.653897
0.177225  0.000000  0.000000  0.000000  -17.737826  -3.320855  -5.714286  68.852135  37.095680  0.574692  -15.552888  24.400034  21.604033  19.811421  127.653897
0.177481  0.000000  0.000000  0.000000  -17.737826  -3.320855  -1.428571  69.912871  33.084049  -1.269279  -15.552888  24.400034  21.604033  19.811421  127.653897
0.177738  0.000000  0.000000  0.000000  -17.737826  -3.320855  2.857143  70.781601  29.047657  -2.951656  -15.552888  24.400034  21.604033  19.811421  127.653897
0.177994  0.000000  0.000000  0.000000  -17.737826  -3.320855  7.142857  71.488605  24.991884  -4.506858  -15.552888  24.400034  21.604033  19.811421  127.653897
0.178251  0.000000  0.000000  0.000000  -17.737826  -3.320855  11.428571  72.056687  20.920980  -5.962377  -15.552888  24.400034  21.604033  19.811421  127.653897
0.178507  0.000000  0.000000  0.000000  -17.737826  -3.320855  15.714286  72.502988  16.838397  -7.340694  -15.552888  24.400034  21.604033  19.811421  127.653897
0.178764  0.000000  0.000000  0.000000  -17.737826  -3.320855  20.000000  72.840235  12.747011  -8.660664  -15.552888  24.400034  21.604033  19.811421  127.653897
0.179020  0.000000  0.000000  0.000000  -17.737826  -3.320855  24.285714  73.077620  8.649289  -9.938568  -15.552888  24.400034  21.604033  19.811421  127.653897
0.179277  0.000000  0.000000  0.000000  -17.737826  -3.320855  28.571429  73.221393  4.547419  -11.188909  -15.552888  24.400034  21.604033  19.811421  127.653897
0.179533  0.000000  0.000000  0.000000  -17.737826  -3.320855  32.857143  73.275251  0.443419  -12.425065  -15.552888  24.400034  21.604033  19.811421  127.653897
0.179790  0.000000  0.000000  0.000000  -17.737826  -3.320855  37.142857  73.240564  -3.660787  -13.659848  -15.552888  24.400034  21.604033  19.811421  127.653897
0.180046  0.000000  0.000000  0.000000  -17.737826  -3.320855  41.428571  73.116449  -7.763282  -14.906018  -15.552888  24.400034  21.604033  19.811421  127.653897
0.180303  0.000000  0.000000  0.000000  -17.737826  -3.320855  45.714286  72.899732  -11.862082  -16.176784  -15.552888  24.400034  21.604033  19.811421  127.653897
0.180559  0.000000  0.000000  0.000000  -17.737826  -3.320855  50.000000  72.584728  -15.955032  -17.486360  -15.552888  24.400034  21.604033  19.811421  127.653897
0.180816  0.000000  0.000000  0.000000  -22.776482  2.695691  -10.000000  66.471760  44.122090  17.674591  0.795895  40.513285  4.884276  37.024310  110.409640
0.181072  0.000000  0.000000  0.000000  -22.776482  2.695691  -5.714286  67.974109  40.169968  15.437172  0.795895  40.513285  4.884276  37.024310  110.409640
0.181329  0.000000  0.000000  0.000000  -22.776482  2.695691  -1.428571  69.204746  36.179539  13.447395  0.795895  40.513285  4.884276  37.024310  110.409640
0.181585  0.000000  0.000000  0.000000  -22.776482  2.695691  2.857143  70.214096  32.159386  11.651459  0.795895  40.513285  4.884276  37.024310  110.409640
0.181841  0.000000  0.000000  0.000000  -22.776482  2.695691  7.142857  71.039838  28.116022  10.007927  0.795895  40.513285  4.884276  37.024310  110.409640
0.182098  0.000000  0.000000  0.000000  -22.776482  2.695691  11.428571  71.710256  24.054494  8.484271  0.795895  40.513285  4.884276  37.024310  110.409640
0.182354  0.000000  0.000000  0.000000  -22.776482  2.695691  15.714286  72.246651  19.978810  7.054380  0.795895  40.513285  4.884276  37.024310  110.409640
0.182611  0.000000  0.000000  0.000000  -22.776482  2.695691  20.000000  72.665001  15.892247  5.696787  0.795895  40.513285  4.884276  37.024310  110.409640
0.182867  0.000000  0.000000  0.000000  -22.776482  2.695691  24.285714  72.977113  11.797550  4.393372  0.795895  40.513285  4.884276  37.024310  110.409640
0.183124  0.000000  0.000000  0.000000  -22.776482  2.695691  28.571429  73.191425  7.697093  3.128384  0.795895  40.513285  4.884276  37.024310  110.409640
0.183380  0.000000  0.000000  0.000000  -22.776482  2.695691  32.857143  73.313548  3.593002  1.887680  0.795895  40.513285  4.884276  37.024310  110.409640
0.183637  0.000000  0.000000  0.000000  -22.776482  2.695691  37.142857  73.346620  -0.512756  0.658110  0.795895  40.513285  4.884276  37.024310  110.409640
0.183893  0.000000  0.000000  0.000000  -22.776482  2.695691  41.428571  73.291475  -4.618287  -0.573038  0.795895  40.513285  4.884276  37.024310  110.409640
0.184150  0.000000  0.000000  0.000000  -22.776482  2.695691  45.714286  73.146715  -8.721657  -1.818531  0.795895  40.513285  4.884276  37.024310  110.409640
0.184406  0.000000  0.000000  0.000000  -22.776482  2.695691  50.000000  72.908600  -12.820875  -3.091757  0.795895  40.513285  4.884276  37.024310  110.409640
0.184663  0.000000  0.000000  0.000000  -27.084815  4.877475  -10.000000  67.915653  40.359094  13.278872  6.336731  24.178625  -6.753226  31.823796  121.039490
0.184919  0.000000  0.000000  0.000000  -27.084815  4.877475  -5.714286  69.157592  36.370102  11.279218  6.336731  24.178625  -6.753226  31.823796  121.039490
0.185176  0.000000  0.000000  0.000000  -27.084815  4.877475  -1.428571  70.176244  32.351048  9.475584  6.336731  24.178625  -6.753226  31.823796  121.039490
0.185432  0.000000  0.000000  0.000000  -27.084815  4.877475  2.857143  71.009776  28.308525  7.826062  6.336731  24.178625  -6.753226  31.823796  121.039490
0.185689  0.000000  0.000000  0.000000  -27.084815  4.877475  7.142857  71.686852  24.247634  6.297770  6.336731  24.178625  -6.753226  31.823796  121.039490
0.185945  0.000000  0.000000  0.000000  -27.084815  4.877475  11.428571  72.229059  20.172423  4.864342  6.336731  24.178625  -6.753226  31.823796  121.039490
0.186202  0.000000  0.000000  0.000000  -27.084815  4.877475  15.714286  72.652595  16.086197  3.504128  6.336731  24.178625  -6.753226  31.823796  121.039490
0.186458  0.000000  0.000000  0.000000  -27.084815  4.877475  20.000000  72.969440  11.991722  2.198877  6.336731  24.178625  -6.753226  31.823796  121.039490
0.186715  0.000000  0.000000  0.000000  -27.084815  4.877475  24.285714  73.188176  7.891382  0.932749  6.336731  24.178625  -6.753226  31.823796  121.039490
0.186971  0.000000  0.000000  0.000000  -27.084815  4.877475  28.571429  73.314538  3.787316  -0.308460  6.336731  24.178625  -6.753226  31.823796  121.039490
0.187227  0.000000  0.000000  0.000000  -27.084815  4.877475  32.857143  73.351780  -0.318507  -1.537928  6.336731  24.178625  -6.753226  31.823796  121.039490
0.187484  0.000000  0.000000  0.000000  -27.084815  4.877475  37.142857  73.300834  -4.424184  -2.768379  6.336731  24.178625  -6.753226  31.823796  121.039490
0.187740  0.000000  0.000000  0.000000  -27.084815  4.877475  41.428571  73.160411  -8.527805  -4.012571  6.336731  24.178625  -6.753226  31.823796  121.039490
0.187997  0.000000  0.000000  0.000000  -27.084815  4.877475  45.714286  72.926902  -12.627385  -5.283801  6.336731  24.178625  -6.753226  31.823796  121.039490
0.188253  0.000000  0.000000  0.000000  -27.084815  4.877475  50.000000  72.594149  -16.720748  -6.596478  6.336731  24.178625  -6.753226  31.823796  121.039490
0.188510  0.000000  0.000000  0.000000  -42.098256  13.657699  -10.000000  52.854621  30.284945  15.745806  -9.410057  34.530656  6.893116  27.683784  113.955727
0.188766  0.000000  0.000000  0.000000  -42.098256  13.657699  -5.714286  54.241370  26.836893  12.847019  -9.410057  34.530656  6.893116  27.683784  113.955727
0.189023  0.000000  0.000000  0.000000  -42.098256  13.657699  -1.428571  55.397805  23.333280  10.121014  -9.410057  34.530656  6.893116  27.683784  113.955727
0.189279  0.000000  0.000000  0.000000  -42.098256  13.657699  2.857143  56.348242  19.784945  7.536114  -9.410057  34.530656  6.893116  27.683784  113.955727
0.189536  0.000000  0.000000  0.000000  -42.098256  13.657699  7.142857  57.112198  16.201085  5.064545  -9.410057  34.530656  6.893116  27.683784  113.955727
0.189792  0.000000  0.000000  0.000000  -42.098256  13.657699  11.428571  57.704998  12.589691  2.681625  -9.410057  34.530656  6.893116  27.683784  113.955727
0.190049  0.000000  0.000000  0.000000  -42.098256  13.657699  15.714286  58.138296  8.957801  0.365127  -9.410057  34.530656  6.893116  27.683784  113.955727
0.190305  0.000000  0.000000  0.000000  -42.098256  13.657699  20.000000  58.420488  5.311802  -1.905418  -9.410057  34.530656  6.893116  27.683784  113.955727
0.190562  0.000000  0.000000  0.000000  -42.098256  13.657699  24.285714  58.556956  1.657603  -4.149186  -9.410057  34.530656  6.893116  27.683784  113.955727
0.190818  0.000000  0.000000  0.000000  -42.098256  13.657699  28.571429  58.550288  -1.999127  -6.384676  -9.410057  34.530656  6.893116  27.683784  113.955727
0.191075  0.000000  0.000000  0.000000  -42.098256  13.657699  32.857143  58.400361  -5.652804  -8.630154  -9.410057  34.530656  6.893116  27.683784  113.955727
0.191331  0.000000  0.000000  0.000000  -42.098256  13.657699  37.142857  58.104331  -9.297746  -10.904154  -9.410057  34.530656  6.893116  27.683784  113.955727
0.191588  0.000000  0.000000  0.000000  -42.098256  13.657699  41.428571  57.656531  -12.927992  -13.225986  -9.410057  34.530656  6.893116  27.683784  113.955727
0.191844  0.000000  0.000000  0.000000  -42.098256  13.657699  45.714286  57.048296  -16.537119  -15.616215  -9.410057  34.530656  6.893116  27.683784  113.955727
0.192101  0.000000  0.000000  0.000000  -42.098256  13.657699  50.000000  56.267625  -20.118018  -18.097281  -9.410057  34.530656  6.893116  27.683784  113.955727
0.192357  0.000000  0.000000  0.000000  -36.949309  19.511234  -10.000000  53.269486  21.195297  11.891577  -2.421953  47.415885  -9.268382  30.819680  111.707482
0.192613  0.000000  0.000000  0.000000  -36.949309  19.511234  -5.714286  54.166384  17.739855  9.202058  -2.421953  47.415885  -9.268382  30.819680  111.707482
0.192870  0.000000  0.000000  0.000000  -36.949309  19.511234  -1.428571  54.879696  14.249171  6.614947  -2.421953  47.415885  -9.268382  30.819680  111.707482
0.193126  0.000000  0.000000  0.000000  -36.949309  19.511234  2.857143  55.422432  10.731476  4.107050  -2.421953  47.415885  -9.268382  30.819680  111.707482
0.193383  0.000000  0.000000  0.000000  -36.949309  19.511234  7.142857  55.804359  7.194165  1.657055  -2.421953  47.415885  -9.268382  30.819680  111.707482
0.193639  0.000000  0.000000  0.000000  -36.949309  19.511234  11.428571  56.032290  3.644040  -0.754946  -2.421953  47.415885  -9.268382  30.819680  111.707482
0.193896  0.000000  0.000000  0.000000  -36.949309  19.511234  15.714286  56.110252  0.087525  -3.147951  -2.421953  47.415885  -9.268382  30.819680  111.707482
0.194152  0.000000  0.000000  0.000000  -36.949309  19.511234  20.000000  56.039611  -3.469134  -5.540498  -2.421953  47.415885  -9.268382  30.819680  111.707482
0.194409  0.000000  0.000000  0.000000  -36.949309  19.511234  24.285714  55.819137  -7.019731  -7.951131  -2.421953  47.415885  -9.268382  30.819680  111.707482
0.194665  0.000000  0.000000  0.000000  -36.949309  19.511234  28.571429  55.444913  -10.557825  -10.398798  -2.421953  47.415885  -9.268382  30.819680  111.707482
0.194922  0.000000  0.000000  0.000000  -36.949309  19.511234  32.857143  54.910293  -14.076654  -12.903368  -2.421953  47.415885  -9.268382  30.819680  111.707482
0.195178  0.000000  0.000000  0.000000  -36.949309  19.511234  37.142857  54.205651  -17.568854  -15.486056  -2.421953  47.415885  -9.268382  30.819680  111.707482
0.195435  0.000000  0.000000  0.000000  -36.949309  19.511234  41.428571  53.318159  -21.026240  -18.169939  -2.421953  47.415885  -9.268382  30.819680  111.707482
0.195691  0.000000  0.000000  0.000000  -36.949309  19.511234  45.714286  52.231340  -24.439526  -20.980595  -2.421953  47.415885  -9.268382  30.819680  111.707482
0.195948  0.000000  0.000000  0.000000  -36.949309  19.511234  50.000000  50.924872  -27.798019  -23.946479  -2.421953  47.415885  -9.268382  30.819680  111.707482
0.196204  0.000000  0.000000  0.000000  -30.771959  3.661505  -10.000000  64.045292  38.520356  7.932280  14.464273  45.275495  -4.694661  34.523469  114.214857
0.196461  0.000000  0.000000  0.000000  -30.771959  3.661505  -5.714286  65.404060  34.644326  5.653879  14.464273  45.275495  -4.694661  34.523469  114.214857
0.196717  0.000000  0.000000  0.000000  -30.771959  3.661505  -1.428571  66.524691  30.729726  3.580197  14.464273  45.275495  -4.694661  34.523469  114.214857
0.196974  0.000000  0.000000  0.000000  -30.771959  3.661505  2.857143  67.444680  26.784745  1.669203  14.464273  45.275495  -4.694661  34.523469  114.214857
0.197230  0.000000  0.000000  0.000000  -30.771959  3.661505  7.142857  68.192676  22.815852  -0.112858  14.464273  45.275495  -4.694661  34.523469  114.214857
0.197487  0.000000  0.000000  0.000000  -30.771959  3.661505  11.428571  68.790533  18.828275  -1.793624  14.464273  45.275495  -4.694661  34.523469  114.214857
0.197743  0.000000  0.000000  0.000000  -30.771959  3.661505  15.714286  69.254775  14.826337  -3.396217  14.464273  45.275495  -4.694661  34.523469  114.214857
0.197999  0.000000  0.000000  0.000000  -30.771959  3.661505  20.000000  69.597657  10.813714  -4.940464  14.464273  45.275495  -4.694661  34.523469  114.214857
0.198256  0.000000  0.000000  0.000000  -30.771959  3.661505  24.285714  69.827902  6.793625  -6.443842  14.464273  45.275495  -4.694661  34.523469  114.214857
0.198512  0.000000  0.000000  0.000000  -30.771959  3.661505  28.571429  69.951213  2.768980  -7.922246  14.464273  45.275495  -4.694661  34.523469  114.214857
0.198769  0.000000  0.000000  0.000000  -30.771959  3.661505  32.857143  69.970595  -1.257492  -9.390620  14.464273  45.275495  -4.694661  34.523469  114.214857
0.199025  0.000000  0.000000  0.000000  -30.771959  3.661505  37.142857  69.886519  -5.283135  -10.863542  14.464273  45.275495  -4.694661  34.523469  114.214857
0.199282  0.000000  0.000000  0.000000  -30.771959  3.661505  41.428571  69.696931  -9.305265  -12.355744  14.464273  45.275495  -4.694661  34.523469  114.214857
0.199538  0.000000  0.000000  0.000000  -30.771959  3.661505  45.714286  69.397196  -13.321057  -13.882691  14.464273  45.275495  -4.694661  34.523469  114.214857
0.199795  0.000000  0.000000  0.000000  -30.771959  3.661505  50.000000  68.979737  -17.327404  -15.461201  14.464273  45.275495  -4.694661  34.523469  114.214857
0.200051  0.000000  0.000000  0.000000  -33.990750  18.687733  -10.000000  49.488480  23.911327  17.744172  -6.233538  49.389360  -17.972363  35.919488  117.168679
0.200308  0.000000  0.000000  0.000000  -33.990750  18.687733  -5.714286  50.615841  20.624983  14.770947  -6.233538  49.389360  -17.972363  35.919488  117.168679
0.200564  0.000000  0.000000  0.000000  -33.990750  18.687733  -1.428571  51.541157  17.289943  11.924378  -6.233538  49.389360  -17.972363  35.919488  117.168679
0.200821  0.000000  0.000000  0.000000  -33.990750  18.687733  2.857143  52.279827  13.916212  9.179775  -6.233538  49.389360  -17.972363  35.919488  117.168679
0.201077  0.000000  0.000000  0.000000  -33.990750  18.687733  7.142857  52.844070  10.512679  6.514513  -6.233538  49.389360  -17.972363  35.919488  117.168679
0.201334  0.000000  0.000000  0.000000  -33.990750  18.687733  11.428571  53.243137  7.087400  3.907606  -6.233538  49.389360  -17.972363  35.919488  117.168679
0.201590  0.000000  0.000000  0.000000  -33.990750  18.687733  15.714286  53.483545  3.647818  1.339276  -6.233538  49.389360  -17.972363  35.919488  117.168679
0.201847  0.000000  0.000000  0.000000  -33.990750  18.687733  20.000000  53.569178  0.200965  -1.209436  -6.233538  49.389360  -17.972363  35.919488  117.168679
0.202103  0.000000  0.000000  0.000000  -33.990750  18.687733  24.285714  53.501440  -3.246271  -3.757068  -6.233538  49.389360  -17.972363  35.919488  117.168679
0.202360  0.000000  0.000000  0.000000  -33.990750  18.687733  28.571429  53.279229  -6.687066  -6.322149  -6.233538  49.389360  -17.972363  35.919488  117.168679
0.202616  0.000000  0.000000  0.000000  -33.990750  18.687733  32.857143  52.898950  -10.114396  -8.923556  -6.233538  49.389360  -17.972363  35.919488  117.168679
0.202873  0.000000  0.000000  0.000000  -33.990750  18.687733  37.142857  52.354374  -13.520859  -11.580972  -6.233538  49.389360  -17.972363  35.919488  117.168679
0.203129  0.000000  0.000000  0.000000  -33.990750  18.687733  41.428571  51.636607  -16.898503  -14.315195  -6.233538  49.389360  -17.972363  35.919488  117.168679
0.203385  0.000000  0.000000  0.000000  -33.990750  18.687733  45.714286  50.733771  -20.238543  -17.148653  -6.233538  49.389360  -17.972363  35.919488  117.168679
0.203642  0.000000  0.000000  0.000000  -33.990750  18.687733  50.000000  49.630870  -23.531123  -20.105762  -6.233538  49.389360  -17.972363  35.919488  117.168679
0.203898  0.000000  0.000000  0.000000  -22.006049  -2.376599  -10.000000  68.056331  32.064044  -1.015254  7.073530  52.048493  -12.513851  37.334796  115.702306
0.204155  0.000000  0.000000  0.000000  -22.006049  -2.376599  -5.714286  68.965734  28.075862  -2.829011  7.073530  52.048493  -12.513851  37.334796  115.702306
0.204411  0.000000  0.000000  0.000000  -22.006049  -2.376599  -1.428571  69.706034  24.065555  -4.512371  7.073530  52.048493  -12.513851  37.334796  115.702306
0.204668  0.000000  0.000000  0.000000  -22.006049  -2.376599  2.857143  70.299991  20.037950  -6.093319  7.073530  52.048493  -12.513851  37.334796  115.702306
0.204924  0.000000  0.000000  0.000000  -22.006049  -2.376599  7.142857  70.764779  15.997008  -7.594983  7.073530  52.048493  -12.513851  37.334796  115.702306
0.205181  0.000000  0.000000  0.000000  -22.006049  -2.376599  11.428571  71.113165  11.946053  -9.036960  7.073530  52.048493  -12.513851  37.334796  115.702306
0.205437  0.000000  0.000000  0.000000  -22.006049  -2.376599  15.714286  71.354327  7.887965  -10.436326  7.073530  52.048493  -12.513851  37.334796  115.702306
0.205694  0.000000  0.000000  0.000000  -22.006049  -2.376599  20.000000  71.494424  3.825327  -11.808450  7.073530  52.048493  -12.513851  37.334796  115.702306
0.205950  0.000000  0.000000  0.000000  -22.006049  -2.376599  24.285714  71.536988  -0.239491  -13.167595  7.073530  52.048493  -12.513851  37.334796  115.702306
0.206207  0.000000  0.000000  0.000000  -22.006049  -2.376599  28.571429  71.483046  -4.304152  -14.527542  7.073530  52.048493  -12.513851  37.334796  115.702306
0.206463  0.000000  0.000000  0.000000  -22.006049  -2.376599  32.857143  71.331261  -8.366385  -15.902111  7.073530  52.048493  -12.513851  37.334796  115.702306
0.206720  0.000000  0.000000  0.000000  -22.006049  -2.376599  37.142857  71.077838  -12.423769  -17.305677  7.073530  52.048493  -12.513851  37.334796  115.702306
0.206976  0.000000  0.000000  0.000000  -22.006049  -2.376599  41.428571  70.716284  -16.473702  -18.753751  7.073530  52.048493  -12.513851  37.334796  115.702306
0.207233  0.000000  0.000000  0.000000  -22.006049  -2.376599  45.714286  70.237011  -20.513255  -20.263687  7.073530  52.048493  -12.513851  37.334796  115.702306
0.207489  0.000000  0.000000  0.000000  -22.006049  -2.376599  50.000000  69.626800  -24.539042  -21.855417  7.073530  52.048493  -12.513851  37.334796  115.702306
0.207746  0.000000  0.000000  0.000000  -27.161785  5.216035  -10.000000  58.783578  35.702626  6.274007  -3.136232  26.496031  -17.928659  28.580137  124.075658
0.208002  0.000000  0.000000  0.000000  -27.161785  5.216035  -5.714286  60.242933  32.008682  3.656140  -3.136232  26.496031  -17.928659  28.580137  124.075658
0.208259  0.000000  0.000000  0.000000  -27.161785  5.216035  -1.428571  61.455467  28.265171  1.242616  -3.136232  26.496031  -17.928659  28.580137  124.075658
0.208515  0.000000  0.000000  0.000000  -27.161785  5.216035  2.857143  62.455033  24.482149  -1.006072  -3.136232  26.496031  -17.928659  28.580137  124.075658
0.208771  0.000000  0.000000  0.000000  -27.161785  5.216035  7.142857  63.268160  20.667795  -3.122808  -3.136232  26.496031  -17.928659  28.580137  124.075658
0.209028  0.000000  0.000000  0.000000  -27.161785  5.216035  11.428571  63.915448  16.828888  -5.135379  -3.136232  26.496031  -17.928659  28.580137  124.075658
0.209284  0.000000  0.000000  0.000000  -27.161785  5.216035  15.714286  64.412638  12.971172  -7.067701  -3.136232  26.496031  -17.928659  28.580137  124.075658
0.209541  0.000000  0.000000  0.000000  -27.161785  5.216035  20.000000  64.771413  9.099636  -8.940813  -3.136232  26.496031  -17.928659  28.580137  124.075658
0.209797  0.000000  0.000000  0.000000  -27.161785  5.216035  24.285714  64.999998  5.218751  -10.773731  -3.136232  26.496031  -17.928659  28.580137  124.075658
0.210054  0.000000  0.000000  0.000000  -27.161785  5.216035  28.571429  65.103517  1.332612  -12.584057  -3.136232  26.496031  -17.928659  28.580137  124.075658
0.210310  0.000000  0.000000  0.000000  -27.161785  5.216035  32.857143  65.084248  -2.554843  -14.388666  -3.136232  26.496031  -17.928659  28.580137  124.075658
0.210567  0.000000  0.000000  0.000000  -27.161785  5.216035  37.142857  64.941791  -6.439757  -16.204248  -3.136232  26.496031  -17.928659  28.580137  124.075658
0.210823  0.000000  0.000000  0.000000  -27.161785  5.216035  41.428571  64.672965  -10.318161  -18.047849  -3.136232  26.496031  -17.928659  28.580137  124.075658
0.211080  0.000000  0.000000  0.000000  -27.161785  5.216035  45.714286  64.271705  -14.185850  -19.937456  -3.136232  26.496031  -17.928659  28.580137  124.075658
0.211336  0.000000  0.000000  0.000000  -27.161785  5.216035  50.000000  63.728758  -18.038220  -21.892624  -3.136232  26.496031  -17.928659  28.580137  124.075658
0.211593  0.000000  0.000000  0.000000  -33.512818  15.259363  -10.000000  60.221968  41.272453  21.232927  7.659645  48.275375  -11.159953  35.123745  127.019821
0.211849  0.000000  0.000000  0.000000  -33.512818  15.259363  -5.714286  61.925344  37.520604  18.550834  7.659645  48.275375  -11.159953  35.123745  127.019821
0.212106  0.000000  0.000000  0.000000  -33.512818  15.259363  -1.428571  63.337460  33.713937  16.127627  7.659645  48.275375  -11.159953  35.123745  127.019821
0.212362  0.000000  0.000000  0.000000  -33.512818  15.259363  2.857143  64.505652  29.864000  13.911529  7.659645  48.275375  -11.159953  35.123745  127.019821
0.212619  0.000000  0.000000  0.000000  -33.512818  15.259363  7.142857  65.466487  25.979807  11.860975  7.659645  48.275375  -11.159953  35.123745  127.019821
0.212875  0.000000  0.000000  0.000000  -33.512818  15.259363  11.428571  66.248198  22.068569  9.942182  7.659645  48.275375  -11.159953  35.123745  127.019821
0.213132  0.000000  0.000000  0.000000  -33.512818  15.259363  15.714286  66.872420  18.136152  8.127141  7.659645  48.275375  -11.159953  35.123745  127.019821
0.213388  0.000000  0.000000  0.000000  -33.512818  15.259363  20.000000  67.355674  14.187495  6.392193  7.659645  48.275375  -11.159953  35.123745  127.019821
0.213645  0.000000  0.000000  0.000000  -33.512818  15.259363  24.285714  67.710149  10.226778  4.716851  7.659645  48.275375  -11.159953  35.123745  127.019821
0.213901  0.000000  0.000000  0.000000  -33.512818  15.259363  28.571429  67.944559  6.257720  3.082861  7.659645  48.275375  -11.159953  35.123745  127.019821
0.214157  0.000000  0.000000  0.000000  -33.512818  15.259363  32.857143  68.064481  2.283686  1.473571  7.659645  48.275375  -11.159953  35.123745  127.019821
0.214414  0.000000  0.000000  0.000000  -33.512818  15.259363  37.142857  68.072747  -1.692137  -0.126826  7.659645  48.275375  -11.159953  35.123745  127.019821
0.214670  0.000000  0.000000  0.000000  -33.512818  15.259363  41.428571  67.969554  -5.666635  -1.733806  7.659645  48.275375  -11.159953  35.123745  127.019821
0.214927  0.000000  0.000000  0.000000  -33.512818  15.259363  45.714286  67.752472  -9.636644  -3.363083  7.659645  48.275375  -11.159953  35.123745  127.019821
0.215183  0.000000  0.000000  0.000000  -33.512818  15.259363  50.000000  67.416317  -13.598823  -5.031181  7.659645  48.275375  -11.159953  35.123745  127.019821
0.215440  0.000000  0.000000  0.000000  -32.212024  11.699978  -10.000000  56.552428  30.213613  11.946589  9.216015  51.360324  3.398150  37.655860  117.947295
0.215696  0.000000  0.000000  0.000000  -32.212024  11.699978  -5.714286  57.809635  26.611245  9.306062  9.216015  51.360324  3.398150  37.655860  117.947295
0.215953  0.000000  0.000000  0.000000  -32.212024  11.699978  -1.428571  58.849224  22.963137  6.827954  9.216015  51.360324  3.398150  37.655860  117.947295
0.216209  0.000000  0.000000  0.000000  -32.212024  11.699978  2.857143  59.695524  19.278560  4.480822  9.216015  51.360324  3.398150  37.655860  117.947295
0.216466  0.000000  0.000000  0.000000  -32.212024  11.699978  7.142857  60.367633  15.565346  2.237461  9.216015  51.360324  3.398150  37.655860  117.947295
0.216722  0.000000  0.000000  0.000000  -32.212024  11.699978  11.428571  60.880278  11.830237  0.073981  9.216015  51.360324  3.398150  37.655860  117.947295
0.216979  0.000000  0.000000  0.000000  -32.212024  11.699978  15.714286  61.244401  8.079179  -2.031013  9.216015  51.360324  3.398150  37.655860  117.947295
0.217235  0.000000  0.000000  0.000000  -32.212024  11.699978  20.000000  61.467629  4.317562  -4.097153  9.216015  51.360324  3.398150  37.655860  117.947295
0.217492  0.000000  0.000000  0.000000  -32.212024  11.699978  24.285714  61.554563  0.550406  -6.142868  9.216015  51.360324  3.398150  37.655860  117.947295
0.217748  0.000000  0.000000  0.000000  -32.212024  11.699978  28.571429  61.506984  -3.217449  -8.185996  9.216015  51.360324  3.398150  37.655860  117.947295
0.218005  0.000000  0.000000  0.000000  -32.212024  11.699978  32.857143  61.323919  -6.981193  -10.244296  9.216015  51.360324  3.398150  37.655860  117.947295
0.218261  0.000000  0.000000  0.000000  -32.212024  11.699978  37.142857  61.001604  -10.735873  -12.335977  9.216015  51.360324  3.398150  37.655860  117.947295
0.218518  0.000000  0.000000  0.000000  -32.212024  11.699978  41.428571  60.533316  -14.476221  -14.480265  9.216015  51.360324  3.398150  37.655860  117.947295
0.218774  0.000000  0.000000  0.000000  -32.212024  11.699978  45.714286  59.909137  -18.196492  -16.697938  9.216015  51.360324  3.398150  37.655860  117.947295
0.219031  0.000000  0.000000  0.000000  -32.212024  11.699978  50.000000  59.115496  -21.890188  -19.012107  9.216015  51.360324  3.398150  37.655860  117.947295
0.219287  0.000000  0.000000  0.000000  -44.541063  7.135647  -10.000000  61.527236  26.903132  5.937292  12.695483  44.542449  8.397328  32.600100  111.159064
0.219543  0.000000  0.000000  0.000000  -44.541063  7.135647  -5.714286  62.466464  23.118665  3.717221  12.695483  44.542449  8.397328  32.600100  111.159064
0.219800  0.000000  0.000000  0.000000  -44.541063  7.135647  -1.428571  63.225938  19.304848  1.619533  12.695483  44.542449  8.397328  32.600100  111.159064
0.220056  0.000000  0.000000  0.000000  -44.541063  7.135647  2.857143  63.824470  15.468168  -0.382163  12.695483  44.542449  8.397328  32.600100  111.159064
0.220313  0.000000  0.000000  0.000000  -44.541063  7.135647  7.142857  64.276337  11.614168  -2.310769  12.695483  44.542449  8.397328  32.600100  111.159064
0.220569  0.000000  0.000000  0.000000  -44.541063  7.135647  11.428571  64.591990  7.747717  -4.186620  12.695483  44.542449  8.397328  32.600100  111.159064
0.220826  0.000000  0.000000  0.000000  -44.541063  7.135647  15.714286  64.778547  3.873214  -6.028270  12.695483  44.542449  8.397328  32.600100  111.159064
0.221082  0.000000  0.000000  0.000000  -44.541063  7.135647  20.000000  64.840186  -0.005236  -7.853079  12.695483  44.542449  8.397328  32.600100  111.159064
0.221339  0.000000  0.000000  0.000000  -44.541063  7.135647  24.285714  64.778223  -3.883693  -9.677941  12.695483  44.542449  8.397328  32.600100  111.159064
0.221595  0.000000  0.000000  0.000000  -44.541063  7.135647  28.571429  64.591314  -7.758182  -11.519652  12.695483  44.542449  8.397328  32.600100  111.159064
0.221852  0.000000  0.000000  0.000000  -44.541063  7.135647  32.857143  64.275306  -11.624605  -13.395622  12.695483  44.542449  8.397328  32.600100  111.159064
0.222108  0.000000  0.000000  0.000000  -44.541063  7.135647  37.142857  63.823045  -15.478555  -15.324409  12.695483  44.542449  8.397328  32.600100  111.159064
0.222365  0.000000  0.000000  0.000000  -44.541063  7.135647  41.428571  63.224108  -19.315191  -17.326328  12.695483  44.542449  8.397328  32.600100  111.159064
0.222621  0.000000  0.000000  0.000000  -44.541063  7.135647  45.714286  62.464170  -23.128938  -19.424314  12.695483  44.542449  8.397328  32.600100  111.159064
0.222878  0.000000  0.000000  0.000000  -44.541063  7.135647  50.000000  61.524435  -26.913319  -21.644742  12.695483  44.542449  8.397328  32.600100  111.159064
0.223134  0.000000  0.000000  0.000000  -22.872081  25.007523  -10.000000  50.147905  30.180396  31.002177  14.950396  29.479221  -6.448809  27.972047  127.912697
0.223391  0.000000  0.000000  0.000000  -22.872081  25.007523  -5.714286  51.617791  26.854400  27.925278  14.950396  29.479221  -6.448809  27.972047  127.912697
0.223647  0.000000  0.000000  0.000000  -22.872081  25.007523  -1.428571  52.851243  23.465662  25.025812  14.950396  29.479221  -6.448809  27.972047  127.912697
0.223904  0.000000  0.000000  0.000000  -22.872081  25.007523  2.857143  53.871874  20.026027  22.272681  14.950396  29.479221  -6.448809  27.972047  127.912697
0.224160  0.000000  0.000000  0.000000  -22.872081  25.007523  7.142857  54.698967  16.545650  19.638240  14.950396  29.479221  -6.448809  27.972047  127.912697
0.224417  0.000000  0.000000  0.000000  -22.872081  25.007523  11.428571  55.347896  13.033398  17.097695  14.950396  29.479221  -6.448809  27.972047  127.912697
0.224673  0.000000  0.000000  0.000000  -22.872081  25.007523  15.714286  55.830540  9.497087  14.628562  14.950396  29.479221  -6.448809  27.972047  127.912697
0.224929  0.000000  0.000000  0.000000  -22.872081  25.007523  20.000000  56.155654  5.943834  12.210038  14.950396  29.479221  -6.448809  27.972047  127.912697
0.225186  0.000000  0.000000  0.000000  -22.872081  25.007523  24.285714  56.329033  2.380193  9.822632  14.950396  29.479221  -6.448809  27.972047  127.912697
0.225442  0.000000  0.000000  0.000000  -22.872081  25.007523  28.571429  56.353768  -1.187552  7.447560  14.950396  29.479221  -6.448809  27.972047  127.912697
0.225699  0.000000  0.000000  0.000000  -22.872081  25.007523  32.857143  56.230301  -4.753248  5.066342  14.950396  29.479221  -6.448809  27.972047  127.912697
0.225955  0.000000  0.000000  0.000000  -22.872081  25.007523  37.142857  55.956425  -8.310698  2.660359  14.950396  29.479221  -6.448809  27.972047  127.912697
0.226212  0.000000  0.000000  0.000000  -22.872081  25.007523  41.428571  55.527267  -11.853431  0.210381  14.950396  29.479221  -6.448809  27.972047  127.912697
0.226468  0.000000  0.000000  0.000000  -22.872081  25.007523  45.714286  54.935090  -15.374552  -2.303888  14.950396  29.479221  -6.448809  27.972047  127.912697
0.226725  0.000000  0.000000  0.000000  -22.872081  25.007523  50.000000  54.169092  -18.866504  -4.904309  14.950396  29.479221  -6.448809  27.972047  127.912697
0.226981  0.000000  0.000000  0.000000  -43.703976  19.206442  -10.000000  56.103596  26.325468  19.878434  -12.486198  42.095063  -0.030745  19.018621  112.258560
0.227238  0.000000  0.000000  0.000000  -43.703976  19.206442  -5.714286  57.179829  22.745182  17.288302  -12.486198  42.095063  -0.030745  19.018621  112.258560
0.227494  0.000000  0.000000  0.000000  -43.703976  19.206442  -1.428571  58.058314  19.125268  14.831270  -12.486198  42.095063  -0.030745  19.018621  112.258560
0.227751  0.000000  0.000000  0.000000  -43.703976  19.206442  2.857143  58.757917  15.474154  12.480143  -12.486198  42.095063  -0.030745  19.018621  112.258560
0.228007  0.000000  0.000000  0.000000  -43.703976  19.206442  7.142857  59.293271  11.799101  10.210879  -12.486198  42.095063  -0.030745  19.018621  112.258560
0.228264  0.000000  0.000000  0.000000  -43.703976  19.206442  11.428571  59.675319  8.106537  8.001835  -12.486198  42.095063  -0.030745  19.018621  112.258560
0.228520  0.000000  0.000000  0.000000  -43.703976  19.206442  15.714286  59.911742  4.402300  5.833077  -12.486198  42.095063  -0.030745  19.018621  112.258560
0.228777  0.000000  0.000000  0.000000  -43.703976  19.206442  20.000000  60.007226  0.691844  3.685849  -12.486198  42.095063  -0.030745  19.018621  112.258560
0.229033  0.000000  0.000000  0.000000  -43.703976  19.206442  24.285714  59.963652  -3.019581  1.541981  -12.486198  42.095063  -0.030745  19.018621  112.258560
0.229290  0.000000  0.000000  0.000000  -43.703976  19.206442  28.571429  59.780163  -6.726759  -0.616596  -12.486198  42.095063  -0.030745  19.018621  112.258560
0.229546  0.000000  0.000000  0.000000  -43.703976  19.206442  32.857143  59.453135  -10.424333  -2.808364  -12.486198  42.095063  -0.030745  19.018621  112.258560
0.229803  0.000000  0.000000  0.000000  -43.703976  19.206442  37.142857  58.976014  -14.106622  -5.052764  -12.486198  42.095063  -0.030745  19.018621  112.258560
0.230059  0.000000  0.000000  0.000000  -43.703976  19.206442  41.428571  58.339153  -17.767464  -7.370708  -12.486198  42.095063  -0.030745  19.018621  112.258560
0.230315  0.000000  0.000000  0.000000  -43.703976  19.206442  45.714286  57.529309  -21.399913  -9.785278  -12.486198  42.095063  -0.030745  19.018621  112.258560
0.230572  0.000000  0.000000  0.000000  -43.703976  19.206442  50.000000  56.529300  -24.996044  -12.322375  -12.486198  42.095063  -0.030745  19.018621  112.258560
0.230828  0.000000  0.000000  0.000000  -43.465028  13.280506  -10.000000  58.785133  44.285355  21.023318  -22.748636  47.232078  10.686908  19.643450  128.924859
0.231085  0.000000  0.000000  0.000000  -43.465028  13.280506  -5.714286  60.758631  40.581388  18.100331  -22.748636  47.232078  10.686908  19.643450  128.924859
0.231341  0.000000  0.000000  0.000000  -43.465028  13.280506  -1.428571  62.393550  36.811535  15.486965  -22.748636  47.232078  10.686908  19.643450  128.924859
0.231598  0.000000  0.000000  0.000000  -43.465028  13.280506  2.857143  63.748281  32.989904  13.120743  -22.748636  47.232078  10.686908  19.643450  128.924859
0.231854  0.000000  0.000000  0.000000  -43.465028  13.280506  7.142857  64.867801  29.127370  10.952192  -22.748636  47.232078  10.686908  19.643450  128.924859
0.232111  0.000000  0.000000  0.000000  -43.465028  13.280506  11.428571  65.786873  25.232467  8.941486  -22.748636  47.232078  10.686908  19.643450  128.924859
0.232367  0.000000  0.000000  0.000000  -43.465028  13.280506  15.714286  66.532260  21.312051  7.056169  -22.748636  47.232078  10.686908  19.643450  128.924859
0.232624  0.000000  0.000000  0.000000  -43.465028  13.280506  20.000000  67.124470  17.371717  5.269265  -22.748636  47.232078  10.686908  19.643450  128.924859
0.232880  0.000000  0.000000  0.000000  -43.465028  13.280506  24.285714  67.579058  13.416185  3.557895  -22.748636  47.232078  10.686908  19.643450  128.924859
0.233137  0.000000  0.000000  0.000000  -43.465028  13.280506  28.571429  67.907498  9.449493  1.902104  -22.748636  47.232078  10.686908  19.643450  128.924859
0.233393  0.000000  0.000000  0.000000  -43.465028  13.280506  32.857143  68.117760  5.475237  0.284129  -22.748636  47.232078  10.686908  19.643450  128.924859
0.233650  0.000000  0.000000  0.000000  -43.465028  13.280506  37.142857  68.214915  1.496682  -1.312409  -22.748636  47.232078  10.686908  19.643450  128.924859
0.233906  0.000000  0.000000  0.000000  -43.465028  13.280506  41.428571  68.201224  -2.483021  -2.903165  -22.748636  47.232078  10.686908  19.643450  128.924859
0.234163  0.000000  0.000000  0.000000  -43.465028  13.280506  45.714286  68.076347  -6.460804  -4.503544  -22.748636  47.232078  10.686908  19.643450  128.924859
0.234419  0.000000  0.000000  0.000000  -43.465028  13.280506  50.000000  67.837362  -10.433506  -6.129315  -22.748636  47.232078  10.686908  19.643450  128.924859
0.234676  0.000000  0.000000  0.000000  -39.660875  2.812298  -10.000000  65.823313  36.874072  5.934099  -17.336819  44.801245  -11.421911  29.747181  111.388980
0.234932  0.000000  0.000000  0.000000  -39.660875  2.812298  -5.714286  67.020235  32.945642  3.844009  -17.336819  44.801245  -11.421911  29.747181  111.388980
0.235189  0.000000  0.000000  0.000000  -39.660875  2.812298  -1.428571  68.004309  28.985390  1.932684  -17.336819  44.801245  -11.421911  29.747181  111.388980
0.235445  0.000000  0.000000  0.000000  -39.660875  2.812298  2.857143  68.808087  25.000115  0.162957  -17.336819  44.801245  -11.421911  29.747181  111.388980
0.235701  0.000000  0.000000  0.000000  -39.660875  2.812298  7.142857  69.456333  20.995221  -1.495149  -17.336819  44.801245  -11.421911  29.747181  111.388980
0.235958  0.000000  0.000000  0.000000  -39.660875  2.812298  11.428571  69.967821  16.975120  -3.066338  -17.336819  44.801245  -11.421911  29.747181  111.388980
0.236214  0.000000  0.000000  0.000000  -39.660875  2.812298  15.714286  70.356600  12.943493  -4.571443  -17.336819  44.801245  -11.421911  29.747181  111.388980
0.236471  0.000000  0.000000  0.000000  -39.660875  2.812298  20.000000  70.632896  8.903508  -6.028514  -17.336819  44.801245  -11.421911  29.747181  111.388980
0.236727  0.000000  0.000000  0.000000  -39.660875  2.812298  24.285714  70.803754  4.857986  -7.453688  -17.336819  44.801245  -11.421911  29.747181  111.388980
0.236984  0.000000  0.000000  0.000000  -39.660875  2.812298  28.571429  70.873417  0.809506  -8.861820  -17.336819  44.801245  -11.421911  29.747181  111.388980
0.237240  0.000000  0.000000  0.000000  -39.660875  2.812298  32.857143  70.843599  -3.239460  -10.267138  -17.336819  44.801245  -11.421911  29.747181  111.388980
0.237497  0.000000  0.000000  0.000000  -39.660875  2.812298  37.142857  70.713568  -7.286466  -11.683761  -17.336819  44.801245  -11.421911  29.747181  111.388980
0.237753  0.000000  0.000000  0.000000  -39.660875  2.812298  41.428571  70.480115  -11.328990  -13.126225  -17.336819  44.801245  -11.421911  29.747181  111.388980
0.238010  0.000000  0.000000  0.000000  -39.660875  2.812298  45.714286  70.137343  -15.364313  -14.610087  -17.336819  44.801245  -11.421911  29.747181  111.388980
0.238266  0.000000  0.000000  0.000000  -39.660875  2.812298  50.000000  69.676372  -19.389431  -16.152530  -17.336819  44.801245  -11.421911  29.747181  111.388980
0.238523  0.000000  0.000000  0.000000  -33.890660  8.591328  -10.000000  56.029659  37.472472  10.628513  -21.069595  37.658532  -7.252314  19.582608  113.520687
0.238779  0.000000  0.000000  0.000000  -33.890660  8.591328  -5.714286  57.712195  33.882549  7.745439  -21.069595  37.658532  -7.252314  19.582608  113.520687
0.239036  0.000000  0.000000  0.000000  -33.890660  8.591328  -1.428571  59.118608  30.230945  5.097309  -21.069595  37.658532  -7.252314  19.582608  113.520687
0.239292  0.000000  0.000000  0.000000  -33.890660  8.591328  2.857143  60.287246  26.529938  2.640263  -21.069595  37.658532  -7.252314  19.582608  113.520687
0.239549  0.000000  0.000000  0.000000  -33.890660  8.591328  7.142857  61.248559  22.789468  0.337697  -21.069595  37.658532  -7.252314  19.582608  113.520687
0.239805  0.000000  0.000000  0.000000  -33.890660  8.591328  11.428571  62.026516  19.017728  -1.841285  -21.069595  37.658532  -7.252314  19.582608  113.520687
0.240062  0.000000  0.000000  0.000000  -33.890660  8.591328  15.714286  62.639739  15.221591  -3.923158  -21.069595  37.658532  -7.252314  19.582608  113.520687
0.240318  0.000000  0.000000  0.000000  -33.890660  8.591328  20.000000  63.102452  11.406983  -5.931032  -21.069595  37.658532  -7.252314  19.582608  113.520687
0.240575  0.000000  0.000000  0.000000  -33.890660  8.591328  24.285714  63.425010  7.579091  -7.885517  -21.069595  37.658532  -7.252314  19.582608  113.520687
0.240831  0.000000  0.000000  0.000000  -33.890660  8.591328  28.571429  63.614516  3.742639  -9.805479  -21.069595  37.658532  -7.252314  19.582608  113.520687
0.241087  0.000000  0.000000  0.000000  -33.890660  8.591328  32.857143  63.675081  -0.097970  -11.708664  -21.069595  37.658532  -7.252314  19.582608  113.520687
0.241344  0.000000  0.000000  0.000000  -33.890660  8.591328  37.142857  63.607995  -3.938467  -13.612282  -21.069595  37.658532  -7.252314  19.582608  113.520687
0.241600  0.000000  0.000000  0.000000  -33.890660  8.591328  41.428571  63.411827  -7.774593  -15.533567  -21.069595  37.658532  -7.252314  19.582608  113.520687
0.241857  0.000000  0.000000  0.000000  -33.890660  8.591328  45.714286  63.082308  -11.601921  -17.490318  -21.069595  37.658532  -7.252314  19.582608  113.520687
0.242113  0.000000  0.000000  0.000000  -33.890660  8.591328  50.000000  62.612215  -15.415722  -19.501438  -21.069595  37.658532  -7.252314  19.582608  113.520687
0.242370  0.000000  0.000000  0.000000  -23.227686  14.646259  -10.000000  54.715095  23.723336  11.378483  -21.700438  44.194418  -22.010822  22.820959  127.963878
0.242626  0.000000  0.000000  0.000000  -23.227686  14.646259  -5.714286  55.701739  20.203116  8.742093  -21.700438  44.194418  -22.010822  22.820959  127.963878
0.242883  0.000000  0.000000  0.000000  -23.227686  14.646259  -1.428571  56.498401  16.645302  6.223011  -21.700438  44.194418  -22.010822  22.820959  127.963878
0.243139  0.000000  0.000000  0.000000  -23.227686  14.646259  2.857143  57.120832  13.058220  3.796212  -21.700438  44.194418  -22.010822  22.820959  127.963878
0.243396  0.000000  0.000000  0.000000  -23.227686  14.646259  7.142857  57.581100  9.449159  1.439176  -21.700438  44.194418  -22.010822  22.820959  127.963878
0.243652  0.000000  0.000000  0.000000  -23.227686  14.646259  11.428571  57.888024  5.824744  -0.868824  -21.700438  44.194418  -22.010822  22.820959  127.963878
0.243909  0.000000  0.000000  0.000000  -23.227686  14.646259  15.714286  58.047367  2.191056  -3.147147  -21.700438  44.194418  -22.010822  22.820959  127.963878
0.244165  0.000000  0.000000  0.000000  -23.227686  14.646259  20.000000  58.062114  -1.446082  -5.414426  -21.700438  44.194418  -22.010822  22.820959  127.963878
0.244422  0.000000  0.000000  0.000000  -23.227686  14.646259  24.285714  57.932546  -5.080946  -7.688986  -21.700438  44.194418  -22.010822  22.820959  127.963878
0.244678  0.000000  0.000000  0.000000  -23.227686  14.646259  28.571429  57.656239  -8.707757  -9.989348  -21.700438  44.194418  -22.010822  22.820959  127.963878
0.244935  0.000000  0.000000  0.000000  -23.227686  14.646259  32.857143  57.227991  -12.320475  -12.334715  -21.700438  44.194418  -22.010822  22.820959  127.963878
0.245191  0.000000  0.000000  0.000000  -23.227686  14.646259  37.142857  56.639650  -15.912624  -14.745462  -21.700438  44.194418  -22.010822  22.820959  127.963878
0.245448  0.000000  0.000000  0.000000  -23.227686  14.646259  41.428571  55.879836  -19.477061  -17.243701  -21.700438  44.194418  -22.010822  22.820959  127.963878
0.245704  0.000000  0.000000  0.000000  -23.227686  14.646259  45.714286  54.933589  -23.005725  -19.853874  -21.700438  44.194418  -22.010822  22.820959  127.963878
0.245961  0.000000  0.000000  0.000000  -23.227686  14.646259  50.000000  53.781853  -26.489328  -22.603430  -21.700438  44.194418  -22.010822  22.820959  127.963878
0.246217  0.000000  0.000000  0.000000  -19.785903  9.289216  -10.000000  57.991227  27.308993  13.576343  -6.758211  62.232029  -20.612919  19.165898  116.382347
0.246473  0.000000  0.000000  0.000000  -19.785903  9.289216  -5.714286  59.058151  23.653235  11.097895  -6.758211  62.232029  -20.612919  19.165898  116.382347
0.246730  0.000000  0.000000  0.000000  -19.785903  9.289216  -1.428571  59.929031  19.960230  8.755023  -6.758211  62.232029  -20.612919  19.165898  116.382347
0.246986  0.000000  0.000000  0.000000  -19.785903  9.289216  2.857143  60.623855  16.237902  6.519867  -6.758211  62.232029  -20.612919  19.165898  116.382347
0.247243  0.000000  0.000000  0.000000  -19.785903  9.289216  7.142857  61.158076  12.493039  4.368065  -6.758211  62.232029  -20.612919  19.165898  116.382347
0.247499  0.000000  0.000000  0.000000  -19.785903  9.289216  11.428571  61.543250  8.731595  2.277913  -6.758211  62.232029  -20.612919  19.165898  116.382347
0.247756  0.000000  0.000000  0.000000  -19.785903  9.289216  15.714286  61.787547  4.958947  0.229584  -6.758211  62.232029  -20.612919  19.165898  116.382347
0.248012  0.000000  0.000000  0.000000  -19.785903  9.289216  20.000000  61.896051  1.180061  -1.795416  -6.758211  62.232029  -20.612919  19.165898  116.382347
0.248269  0.000000  0.000000  0.000000  -19.785903  9.289216  24.285714  61.870996  -2.600294  -3.814917  -6.758211  62.232029  -20.612919  19.165898  116.382347
0.248525  0.000000  0.000000  0.000000  -19.785903  9.289216  28.571429  61.711896  -6.377402  -5.846561  -6.758211  62.232029  -20.612919  19.165898  116.382347
0.248782  0.000000  0.000000  0.000000  -19.785903  9.289216  32.857143  61.415427  -10.146443  -7.908372  -6.758211  62.232029  -20.612919  19.165898  116.382347
0.249038  0.000000  0.000000  0.000000  -19.785903  9.289216  37.142857  60.975380  -13.902311  -10.019285  -6.758211  62.232029  -20.612919  19.165898  116.382347
0.249295  0.000000  0.000000  0.000000  -19.785903  9.289216  41.428571  60.382370  -17.639444  -12.199735  -6.758211  62.232029  -20.612919  19.165898  116.382347
0.249551  0.000000  0.000000  0.000000  -19.785903  9.289216  45.714286  59.623443  -21.351605  -14.472335  -6.758211  62.232029  -20.612919  19.165898  116.382347
0.249808  0.000000  0.000000  0.000000  -19.785903  9.289216  50.000000  58.681524  -25.031614  -16.862647  -6.758211  62.232029  -20.612919  19.165898  116.382347
0.250064  0.000000  0.000000  0.000000  -24.314195  17.188574  -10.000000  52.343557  27.469655  19.251635  -2.325006  39.178594  2.296859  21.431043  111.397585
0.250321  0.000000  0.000000  0.000000  -24.314195  17.188574  -5.714286  53.589664  24.047666  16.386013  -2.325006  39.178594  2.296859  21.431043  111.397585
0.250577  0.000000  0.000000  0.000000  -24.314195  17.188574  -1.428571  54.621266  20.575126  13.670358  -2.325006  39.178594  2.296859  21.431043  111.397585
0.250834  0.000000  0.000000  0.000000  -24.314195  17.188574  2.857143  55.458558  17.062119  11.076321  -2.325006  39.178594  2.296859  21.431043  111.397585
0.251090  0.000000  0.000000  0.000000  -24.314195  17.188574  7.142857  56.117619  13.517407  8.578620  -2.325006  39.178594  2.296859  21.431043  111.397585
0.251346  0.000000  0.000000  0.000000  -24.314195  17.188574  11.428571  56.610890  9.948682  6.154441  -2.325006  39.178594  2.296859  21.431043  111.397585
0.251603  0.000000  0.000000  0.000000  -24.314195  17.188574  15.714286  56.947550  6.362884  3.782835  -2.325006  39.178594  2.296859  21.431043  111.397585
0.251859  0.000000  0.000000  0.000000  -24.314195  17.188574  20.000000  57.133785  2.766423  1.444181  -2.325006  39.178594  2.296859  21.431043  111.397585
0.252116  0.000000  0.000000  0.000000  -24.314195  17.188574  24.285714  57.172995  -0.834607  -0.880302  -2.325006  39.178594  2.296859  21.431043  111.397585
0.252372  0.000000  0.000000  0.000000  -24.314195  17.188574  28.571429  57.065895  -4.434261  -3.209050  -2.325006  39.178594  2.296859  21.431043  111.397585
0.252629  0.000000  0.000000  0.000000  -24.314195  17.188574  32.857143  56.810524  -8.026555  -5.560599  -2.325006  39.178594  2.296859  21.431043  111.397585
0.252885  0.000000  0.000000  0.000000  -24.314195  17.188574  37.142857  56.402222  -11.605265  -7.954065  -2.325006  39.178594  2.296859  21.431043  111.397585
0.253142  0.000000  0.000000  0.000000  -24.314195  17.188574  41.428571  55.833442  -15.163764  -10.409617  -2.325006  39.178594  2.296859  21.431043  111.397585
0.253398  0.000000  0.000000  0.000000  -24.314195  17.188574  45.714286  55.093530  -18.694787  -12.949002  -2.325006  39.178594  2.296859  21.431043  111.397585
0.253655  0.000000  0.000000  0.000000  -24.314195  17.188574  50.000000  54.168417  -22.190194  -15.596092  -2.325006  39.178594  2.296859  21.431043  111.397585
0.253911  0.000000  0.000000  0.000000  -26.133307  20.723952  -10.000000  47.721537  34.824655  32.945353  -5.520067  38.622268  1.888847  30.729705  129.540660
0.254168  0.000000  0.000000  0.000000  -26.133307  20.723952  -5.714286  49.576426  31.606394  29.561249  -5.520067  38.622268  1.888847  30.729705  129.540660
0.254424  0.000000  0.000000  0.000000  -26.133307  20.723952  -1.428571  51.152786  28.304944  26.406210  -5.520067  38.622268  1.888847  30.729705  129.540660
0.254681  0.000000  0.000000  0.000000  -26.133307  20.723952  2.857143  52.481282  24.935376  23.443112  -5.520067  38.622268  1.888847  30.729705  129.540660
0.254937  0.000000  0.000000  0.000000  -26.133307  20.723952  7.142857  53.587597  21.510367  20.639120  -5.520067  38.622268  1.888847  30.729705  129.540660
0.255194  0.000000  0.000000  0.000000  -26.133307  20.723952  11.428571  54.492863  18.040713  17.965138  -5.520067  38.622268  1.888847  30.729705  129.540660
0.255450  0.000000  0.000000  0.000000  -26.133307  20.723952  15.714286  55.214113  14.535748  15.395197  -5.520067  38.622268  1.888847  30.729705  129.540660
0.255707  0.000000  0.000000  0.000000  -26.133307  20.723952  20.000000  55.764663  11.003659  12.905899  -5.520067  38.622268  1.888847  30.729705  129.540660
0.255963  0.000000  0.000000  0.000000  -26.133307  20.723952  24.285714  56.154597  7.451790  10.475787  -5.520067  38.622268  1.888847  30.729705  129.540660
0.256220  0.000000  0.000000  0.000000  -26.133307  20.723952  28.571429  56.390935  3.886884  8.084873  -5.520067  38.622268  1.888847  30.729705  129.540660
0.256476  0.000000  0.000000  0.000000  -26.133307  20.723952  32.857143  56.477909  0.315287  5.714130  -5.520067  38.622268  1.888847  30.729705  129.540660
0.256732  0.000000  0.000000  0.000000  -26.133307  20.723952  37.142857  56.417057  -3.256849  3.345015  -5.520067  38.622268  1.888847  30.729705  129.540660
0.256989  0.000000  0.000000  0.000000  -26.133307  20.723952  41.428571  56.207314  -6.823389  0.959025  -5.520067  38.622268  1.888847  30.729705  129.540660
0.257245  0.000000  0.000000  0.000000  -26.133307  20.723952  45.714286  55.844908  -10.378030  -1.462762  -5.520067  38.622268  1.888847  30.729705  129.540660
0.257502  0.000000  0.000000  0.000000  -26.133307  20.723952  50.000000  55.323339  -13.914126  -3.940093  -5.520067  38.622268  1.888847  30.729705  129.540660
0.257758  0.000000  0.000000  0.000000  -36.416827  16.177574  -10.000000  52.169180  43.216233  21.604316  -7.224900  38.709422  -17.409574  26.259208  115.985434
0.258015  0.000000  0.000000  0.000000  -36.416827  16.177574  -5.714286  54.436068  39.778685  18.185170  -7.224900  38.709422  -17.409574  26.259208  115.985434
0.258271  0.000000  0.000000  0.000000  -36.416827  16.177574  -1.428571  56.339957  36.250460  15.095673  -7.224900  38.709422  -17.409574  26.259208  115.985434
0.258528  0.000000  0.000000  0.000000  -36.416827  16.177574  2.857143  57.936046  32.649703  12.275952  -7.224900  38.709422  -17.409574  26.259208  115.985434
0.258784  0.000000  0.000000  0.000000  -36.416827  16.177574  7.142857  59.268751  28.990824  9.676427  -7.224900  38.709422  -17.409574  26.259208  115.985434
0.259041  0.000000  0.000000  0.000000  -36.416827  16.177574  11.428571  60.373578  25.285378  7.255848  -7.224900  38.709422  -17.409574  26.259208  115.985434
0.259297  0.000000  0.000000  0.000000  -36.416827  16.177574  15.714286  61.278664  21.542805  4.979652  -7.224900  38.709422  -17.409574  26.259208  115.985434
0.259554  0.000000  0.000000  0.000000  -36.416827  16.177574  20.000000  62.006125  17.770906  2.818462  -7.224900  38.709422  -17.409574  26.259208  115.985434
0.259810  0.000000  0.000000  0.000000  -36.416827  16.177574  24.285714  62.573072  13.976291  0.746964  -7.224900  38.709422  -17.409574  26.259208  115.985434
0.260067  0.000000  0.000000  0.000000  -36.416827  16.177574  28.571429  62.992437  10.164701  -1.257131  -7.224900  38.709422  -17.409574  26.259208  115.985434
0.260323  0.000000  0.000000  0.000000  -36.416827  16.177574  32.857143  63.273498  6.341220  -3.213841  -7.224900  38.709422  -17.409574  26.259208  115.985434
0.260580  0.000000  0.000000  0.000000  -36.416827  16.177574  37.142857  63.422355  2.510516  -5.141685  -7.224900  38.709422  -17.409574  26.259208  115.985434
0.260836  0.000000  0.000000  0.000000  -36.416827  16.177574  41.428571  63.442238  -1.323013  -7.058237  -7.224900  38.709422  -17.409574  26.259208  115.985434
0.261093  0.000000  0.000000  0.000000  -36.416827  16.177574  45.714286  63.333540  -5.155056  -8.980728  -7.224900  38.709422  -17.409574  26.259208  115.985434
0.261349  0.000000  0.000000  0.000000  -36.416827  16.177574  50.000000  63.093944  -8.981256  -10.926578  -7.224900  38.709422  -17.409574  26.259208  115.985434
0.261606  0.000000  0.000000  0.000000  -42.105247  5.755824  -10.000000  63.773914  50.413795  18.641584  3.923376  53.425428  -23.146662  27.776218  112.998749
0.261862  0.000000  0.000000  0.000000  -42.105247  5.755824  -5.714286  65.835295  46.534867  15.889962  3.923376  53.425428  -23.146662  27.776218  112.998749
0.262118  0.000000  0.000000  0.000000  -42.105247  5.755824  -1.428571  67.507816  42.598800  13.508152  3.923376  53.425428  -23.146662  27.776218  112.998749
0.262375  0.000000  0.000000  0.000000  -42.105247  5.755824  2.857143  68.873621  38.619293  11.411200  3.923376  53.425428  -23.146662  27.776218  112.998749
0.262631  0.000000  0.000000  0.000000  -42.105247  5.755824  7.142857  69.992816  34.606312  9.535887  3.923376  53.425428  -23.146662  27.776218  112.998749
0.262888  0.000000  0.000000  0.000000  -42.105247  5.755824  11.428571  70.909889  30.567295  7.834262  3.923376  53.425428  -23.146662  27.776218  112.998749
0.263144  0.000000  0.000000  0.000000  -42.105247  5.755824  15.714286  71.658079  26.507927  6.269202  3.923376  53.425428  -23.146662  27.776218  112.998749
0.263401  0.000000  0.000000  0.000000  -42.105247  5.755824  20.000000  72.262367  22.432654  4.811338  3.923376  53.425428  -23.146662  27.776218  112.998749
0.263657  0.000000  0.000000  0.000000  -42.105247  5.755824  24.285714  72.741536  18.345046  3.436894  3.923376  53.425428  -23.146662  27.776218  112.998749
0.263914  0.000000  0.000000  0.000000  -42.105247  5.755824  28.571429  73.109588  14.248041  2.126156  3.923376  53.425428  -23.146662  27.776218  112.998749
0.264170  0.000000  0.000000  0.000000  -42.105247  5.755824  32.857143  73.376775  10.144141  0.862278  3.923376  53.425428  -23.146662  27.776218  112.998749
0.264427  0.000000  0.000000  0.000000  -42.105247  5.755824  37.142857  73.550241  6.035528  -0.369542  3.923376  53.425428  -23.146662  27.776218  112.998749
0.264683  0.000000  0.000000  0.000000  -42.105247  5.755824  41.428571  73.634503  1.924190  -1.582791  3.923376  53.425428  -23.146662  27.776218  112.998749
0.264940  0.000000  0.000000  0.000000  -42.105247  5.755824  45.714286  73.631723  -2.188005  -2.790194  3.923376  53.425428  -23.146662  27.776218  112.998749
0.265196  0.000000  0.000000  0.000000  -42.105247  5.755824  50.000000  73.541826  -6.299226  -4.004247  3.923376  53.425428  -23.146662  27.776218  112.998749
0.265453  0.000000  0.000000  0.000000  -23.684787  10.904430  -10.000000  57.080520  35.799026  10.608853  -3.061124  39.183606  -16.567125  19.820516  110.023506
0.265709  0.000000  0.000000  0.000000  -23.684787  10.904430  -5.714286  58.618674  32.169701  7.858816  -3.061124  39.183606  -16.567125  19.820516  110.023506
0.265966  0.000000  0.000000  0.000000  -23.684787  10.904430  -1.428571  59.900815  28.485480  5.321258  -3.061124  39.183606  -16.567125  19.820516  110.023506
0.266222  0.000000  0.000000  0.000000  -23.684787  10.904430  2.857143  60.961361  24.757343  2.955978  -3.061124  39.183606  -16.567125  19.820516  110.023506
0.266479  0.000000  0.000000  0.000000  -23.684787  10.904430  7.142857  61.827509  20.994248  0.729295  -3.061124  39.183606  -16.567125  19.820516  110.023506
0.266735  0.000000  0.000000  0.000000  -23.684787  10.904430  11.428571  62.520546  17.203643  -1.387381  -3.061124  39.183606  -16.567125  19.820516  110.023506
0.266992  0.000000  0.000000  0.000000  -23.684787  10.904430  15.714286  63.056831  13.391829  -3.418747  -3.061124  39.183606  -16.567125  19.820516  110.023506
0.267248  0.000000  0.000000  0.000000  -23.684787  10.904430  20.000000  63.448660  9.564297  -5.386548  -3.061124  39.183606  -16.567125  19.820516  110.023506
0.267504  0.000000  0.000000  0.000000  -23.684787  10.904430  24.285714  63.704781  5.725946  -7.310442  -3.061124  39.183606  -16.567125  19.820516  110.023506
0.267761  0.000000  0.000000  0.000000  -23.684787  10.904430  28.571429  63.830792  1.881265  -9.208598  -3.061124  39.183606  -16.567125  19.820516  110.023506
0.268017  0.000000  0.000000  0.000000  -23.684787  10.904430  32.857143  63.829390  -1.965469  -11.098392  -3.061124  39.183606  -16.567125  19.820516  110.023506
0.268274  0.000000  0.000000  0.000000  -23.684787  10.904430  37.142857  63.700583  -5.810058  -12.996923  -3.061124  39.183606  -16.567125  19.820516  110.023506
0.268530  0.000000  0.000000  0.000000  -23.684787  10.904430  41.428571  63.441565  -9.648223  -14.921574  -3.061124  39.183606  -16.567125  19.820516  110.023506
0.268787  0.000000  0.000000  0.000000  -23.684787  10.904430  45.714286  63.046665  -13.475461  -16.890565  -3.061124  39.183606  -16.567125  19.820516  110.023506
0.269043  0.000000  0.000000  0.000000  -23.684787  10.904430  50.000000  62.507098  -17.286872  -18.923546  -3.061124  39.183606  -16.567125  19.820516  110.023506
0.269300  0.000000  0.000000  0.000000  -21.570380  10.967651  -10.000000  55.715368  37.208673  22.634926  -24.950746  38.717596  16.073571  19.270819  119.962037
0.269556  0.000000  0.000000  0.000000  -21.570380  10.967651  -5.714286  57.396030  33.631686  19.736902  -24.950746  38.717596  16.073571  19.270819  119.962037
0.269813  0.000000  0.000000  0.000000  -21.570380  10.967651  -1.428571  58.801625  29.992535  17.072113  -24.950746  38.717596  16.073571  19.270819  119.962037
0.270069  0.000000  0.000000  0.000000  -21.570380  10.967651  2.857143  59.969901  26.303547  14.597227  -24.950746  38.717596  16.073571  19.270819  119.962037
0.270326  0.000000  0.000000  0.000000  -21.570380  10.967651  7.142857  60.930897  22.574716  12.275969  -24.950746  38.717596  16.073571  19.270819  119.962037
0.270582  0.000000  0.000000  0.000000  -21.570380  10.967651  11.428571  61.708242  18.814337  10.077674  -24.950746  38.717596  16.073571  19.270819  119.962037
0.270839  0.000000  0.000000  0.000000  -21.570380  10.967651  15.714286  62.320357  15.029326  7.975958  -24.950746  38.717596  16.073571  19.270819  119.962037
0.271095  0.000000  0.000000  0.000000  -21.570380  10.967651  20.000000  62.781309  11.225693  5.947761  -24.950746  38.717596  16.073571  19.270819  119.962037
0.271352  0.000000  0.000000  0.000000  -21.570380  10.967651  24.285714  63.101315  7.408705  3.972477  -24.950746  38.717596  16.073571  19.270819  119.962037
0.271608  0.000000  0.000000  0.000000  -21.570380  10.967651  28.571429  63.287362  3.583162  2.031199  -24.950746  38.717596  16.073571  19.270819  119.962037
0.271865  0.000000  0.000000  0.000000  -21.570380  10.967651  32.857143  63.343448  -0.246451  0.106117  -24.950746  38.717596  16.073571  19.270819  119.962037
0.272121  0.000000  0.000000  0.000000  -21.570380  10.967651  37.142857  63.270763  -4.075786  -1.820071  -24.950746  38.717596  16.073571  19.270819  119.962037
0.272378  0.000000  0.000000  0.000000  -21.570380  10.967651  41.428571  63.067761  -7.900485  -3.764708  -24.950746  38.717596  16.073571  19.270819  119.962037
0.272634  0.000000  0.000000  0.000000  -21.570380  10.967651  45.714286  62.730063  -11.716028  -5.745728  -24.950746  38.717596  16.073571  19.270819  119.962037
0.272890  0.000000  0.000000  0.000000  -21.570380  10.967651  50.000000  62.250320  -15.517577  -7.782169  -24.950746  38.717596  16.073571  19.270819  119.962037
0.273147  0.000000  0.000000  0.000000  -24.755483  2.643921  -10.000000  61.634519  42.845505  6.834766  -25.669884  46.424642  15.893942  35.414150  124.482714
0.273403  0.000000  0.000000  0.000000  -24.755483  2.643921  -5.714286  63.352637  39.043446  4.214698  -25.669884  46.424642  15.893942  35.414150  124.482714
0.273660  0.000000  0.000000  0.000000  -24.755483  2.643921  -1.428571  64.771866  35.188793  1.864311  -25.669884  46.424642  15.893942  35.414150  124.482714
0.273916  0.000000  0.000000  0.000000  -24.755483  2.643921  2.857143  65.943598  31.292865  -0.271859  -25.669884  46.424642  15.893942  35.414150  124.482714
0.274173  0.000000  0.000000  0.000000  -24.755483  2.643921  7.142857  66.907063  27.364406  -2.237540  -25.669884  46.424642  15.893942  35.414150  124.482714
0.274429  0.000000  0.000000  0.000000  -24.755483  2.643921  11.428571  67.692320  23.410314  -4.067885  -25.669884  46.424642  15.893942  35.414150  124.482714
0.274686  0.000000  0.000000  0.000000  -24.755483  2.643921  15.714286  68.322341  19.436145  -5.791615  -25.669884  46.424642  15.893942  35.414150  124.482714
0.274942  0.000000  0.000000  0.000000  -24.755483  2.643921  20.000000  68.814553  15.446483  -7.432709  -25.669884  46.424642  15.893942  35.414150  124.482714
0.275199  0.000000  0.000000  0.000000  -24.755483  2.643921  24.285714  69.181947  11.445210  -9.011663  -25.669884  46.424642  15.893942  35.414150  124.482714
0.275455  0.000000  0.000000  0.000000  -24.755483  2.643921  28.571429  69.433861  7.435713  -10.546481  -25.669884  46.424642  15.893942  35.414150  124.482714
0.275712  0.000000  0.000000  0.000000  -24.755483  2.643921  32.857143  69.576519  3.421036  -12.053461  -25.669884  46.424642  15.893942  35.414150  124.482714
0.275968  0.000000  0.000000  0.000000  -24.755483  2.643921  37.142857  69.613381  -0.595983  -13.547841  -25.669884  46.424642  15.893942  35.414150  124.482714
0.276225  0.000000  0.000000  0.000000  -24.755483  2.643921  41.428571  69.545328  -4.612599  -15.044404  -25.669884  46.424642  15.893942  35.414150  124.482714
0.276481  0.000000  0.000000  0.000000  -24.755483  2.643921  45.714286  69.370740  -8.626041  -16.558019  -25.669884  46.424642  15.893942  35.414150  124.482714
0.276738  0.000000  0.000000  0.000000  -24.755483  2.643921  50.000000  69.085344  -12.633428  -18.104169  -25.669884  46.424642  15.893942  35.414150  124.482714
0.276994  0.000000  0.000000  0.000000  -39.039325  15.732436  -10.000000  56.060687  40.228832  27.173585  10.152727  62.201472  -23.532623  31.179409  126.224578
0.277251  0.000000  0.000000  0.000000  -39.039325  15.732436  -5.714286  57.914370  36.634084  24.193236  10.152727  62.201472  -23.532623  31.179409  126.224578
0.277507  0.000000  0.000000  0.000000  -39.039325  15.732436  -1.428571  59.463270  32.971756  21.481192  10.152727  62.201472  -23.532623  31.179409  126.224578
0.277764  0.000000  0.000000  0.000000  -39.039325  15.732436  2.857143  60.753020  29.255509  18.986836  10.152727  62.201472  -23.532623  31.179409  126.224578
0.278020  0.000000  0.000000  0.000000  -39.039325  15.732436  7.142857  61.819716  25.496238  16.668562  10.152727  62.201472  -23.532623  31.179409  126.224578
0.278276  0.000000  0.000000  0.000000  -39.039325  15.732436  11.428571  62.691756  21.702745  14.491743  10.152727  62.201472  -23.532623  31.179409  126.224578
0.278533  0.000000  0.000000  0.000000  -39.039325  15.732436  15.714286  63.391287  17.882300  12.427223  10.152727  62.201472  -23.532623  31.179409  126.224578
0.278789  0.000000  0.000000  0.000000  -39.039325  15.732436  20.000000  63.935348  14.041031  10.450017  10.152727  62.201472  -23.532623  31.179409  126.224578
0.279046  0.000000  0.000000  0.000000  -39.039325  15.732436  24.285714  64.336779  10.184241  8.538219  10.152727  62.201472  -23.532623  31.179409  126.224578
0.279302  0.000000  0.000000  0.000000  -39.039325  15.732436  28.571429  64.604729  6.316617  6.672228  10.152727  62.201472  -23.532623  31.179409  126.224578
0.279559  0.000000  0.000000  0.000000  -39.039325  15.732436  32.857143  64.745194  2.442445  4.833982  10.152727  62.201472  -23.532623  31.179409  126.224578
0.279815  0.000000  0.000000  0.000000  -39.039325  15.732436  37.142857  64.761286  -1.434223  3.006327  10.152727  62.201472  -23.532623  31.179409  126.224578
0.280072  0.000000  0.000000  0.000000  -39.039325  15.732436  41.428571  64.653355  -5.309427  1.172463  10.152727  62.201472  -23.532623  31.179409  126.224578
0.280328  0.000000  0.000000  0.000000  -39.039325  15.732436  45.714286  64.419020  -9.179155  -0.684620  10.152727  62.201472  -23.532623  31.179409  126.224578
0.280585  0.000000  0.000000  0.000000  -39.039325  15.732436  50.000000  64.053066  -13.039198  -2.582681  10.152727  62.201472  -23.532623  31.179409  126.224578
0.280841  0.000000  0.000000  0.000000  -25.470108  -1.176607  -10.000000  75.315765  53.467692  5.523109  -5.074722  37.019205  -24.451726  30.542964  113.500563
0.281098  0.000000  0.000000  0.000000  -25.470108  -1.176607  -5.714286  76.617699  49.309509  3.858095  -5.074722  37.019205  -24.451726  30.542964  113.500563
0.281354  0.000000  0.000000  0.000000  -25.470108  -1.176607  -1.428571  77.649497  45.131129  2.453274  -5.074722  37.019205  -24.451726  30.542964  113.500563
0.281611  0.000000  0.000000  0.000000  -25.470108  -1.176607  2.857143  78.477475  40.937890  1.240847  -5.074722  37.019205  -24.451726  30.542964  113.500563
0.281867  0.000000  0.000000  0.000000  -25.470108  -1.176607  7.142857  79.147207  36.733472  0.173582  -5.074722  37.019205  -24.451726  30.542964  113.500563
0.282124  0.000000  0.000000  0.000000  -25.470108  -1.176607  11.428571  79.690902  32.520515  -0.782571  -5.074722  37.019205  -24.451726  30.542964  113.500563
0.282380  0.000000  0.000000  0.000000  -25.470108  -1.176607  15.714286  80.131754  28.300975  -1.652879  -5.074722  37.019205  -24.451726  30.542964  113.500563
0.282637  0.000000  0.000000  0.000000  -25.470108  -1.176607  20.000000  80.486723  24.076340  -2.456642  -5.074722  37.019205  -24.451726  30.542964  113.500563
0.282893  0.000000  0.000000  0.000000  -25.470108  -1.176607  24.285714  80.768302  19.847773  -3.209023  -5.074722  37.019205  -24.451726  30.542964  113.500563
0.283150  0.000000  0.000000  0.000000  -25.470108  -1.176607  28.571429  80.985688  15.616218  -3.922281  -5.074722  37.019205  -24.451726  30.542964  113.500563
0.283406  0.000000  0.000000  0.000000  -25.470108  -1.176607  32.857143  81.145543  11.382448  -4.606613  -5.074722  37.019205  -24.451726  30.542964  113.500563
0.283662  0.000000  0.000000  0.000000  -25.470108  -1.176607  37.142857  81.252554  7.147160  -5.270856  -5.074722  37.019205  -24.451726  30.542964  113.500563
0.283919  0.000000  0.000000  0.000000  -25.470108  -1.176607  41.428571  81.309754  2.910912  -5.922869  -5.074722  37.019205  -24.451726  30.542964  113.500563
0.284175  0.000000  0.000000  0.000000  -25.470108  -1.176607  45.714286  81.318714  -1.325695  -6.569991  -5.074722  37.019205  -24.451726  30.542964  113.500563
0.284432  0.000000  0.000000  0.000000  -25.470108  -1.176607  50.000000  81.279678  -5.562134  -7.219337  -5.074722  37.019205  -24.451726  30.542964  113.500563
0.284688  0.000000  0.000000  0.000000  -46.526015  -2.403741  -10.000000  72.791406  33.698194  0.275794  11.150538  45.386309  10.506796  22.725592  125.726952
0.284945  0.000000  0.000000  0.000000  -46.526015  -2.403741  -5.714286  73.556378  29.595710  -1.181181  11.150538  45.386309  10.506796  22.725592  125.726952
0.285201  0.000000  0.000000  0.000000  -46.526015  -2.403741  -1.428571  74.177577  25.478566  -2.523909  11.150538  45.386309  10.506796  22.725592  125.726952
0.285458  0.000000  0.000000  0.000000  -46.526015  -2.403741  2.857143  74.676052  21.350011  -3.777469  11.150538  45.386309  10.506796  22.725592  125.726952
0.285714  0.000000  0.000000  0.000000  -46.526015  -2.403741  7.142857  75.067515  17.212666  -4.962165  11.150538  45.386309  10.506796  22.725592  125.726952
0.285971  0.000000  0.000000  0.000000  -46.526015  -2.403741  11.428571  75.363574  13.068701  -6.094890  11.150538  45.386309  10.506796  22.725592  125.726952
0.286227  0.000000  0.000000  0.000000  -46.526015  -2.403741  15.714286  75.572592  8.919967  -7.190126  11.150538  45.386309  10.506796  22.725592  125.726952
0.286484  0.000000  0.000000  0.000000  -46.526015  -2.403741  20.000000  75.700256  4.768097  -8.260698  11.150538  45.386309  10.506796  22.725592  125.726952
0.286740  0.000000  0.000000  0.000000  -46.526015  -2.403741  24.285714  75.749954  0.614591  -9.318381  11.150538  45.386309  10.506796  22.725592  125.726952
0.286997  0.000000  0.000000  0.000000  -46.526015  -2.403741  28.571429  75.722988  -3.539123  -10.374417  11.150538  45.386309  10.506796  22.725592  125.726952
0.287253  0.000000  0.000000  0.000000  -46.526015  -2.403741  32.857143  75.618650  -7.691628  -11.439981  11.150538  45.386309  10.506796  22.725592  125.726952
0.287510  0.000000  0.000000  0.000000  -46.526015  -2.403741  37.142857  75.434196  -11.841460  -12.526625  11.150538  45.386309  10.506796  22.725592  125.726952
0.287766  0.000000  0.000000  0.000000  -46.526015  -2.403741  41.428571  75.164629  -15.987011  -13.646850  11.150538  45.386309  10.506796  22.725592  125.726952
0.288023  0.000000  0.000000  0.000000  -46.526015  -2.403741  45.714286  74.802448  -20.126524  -14.814533  11.150538  45.386309  10.506796  22.725592  125.726952
0.288279  0.000000  0.000000  0.000000  -46.526015  -2.403741  50.000000  74.337071  -24.257930  -16.045775  11.150538  45.386309  10.506796  22.725592  125.726952
0.288536  0.000000  0.000000  0.000000  -45.708518  7.226146  -10.000000  62.206537  34.500800  9.023204  12.521821  48.092319  -14.457886  33.202973  129.869146
0.288792  0.000000  0.000000  0.000000  -45.708518  7.226146  -5.714286  63.458307  30.687311  6.700959  12.521821  48.092319  -14.457886  33.202973  129.869146
0.289048  0.000000  0.000000  0.000000  -45.708518  7.226146  -1.428571  64.490932  26.835674  4.556264  12.521821  48.092319  -14.457886  33.202973  129.869146
0.289305  0.000000  0.000000  0.000000  -45.708518  7.226146  2.857143  65.334626  22.953831  2.553362  12.521821  48.092319  -14.457886  33.202973  129.869146
0.289561  0.000000  0.000000  0.000000  -45.708518  7.226146  7.142857  66.012670  19.048252  0.662669  12.521821  48.092319  -14.457886  33.202973  129.869146
0.289818  0.000000  0.000000  0.000000  -45.708518  7.226146  11.428571  66.542878  15.124304  -1.140759  12.521821  48.092319  -14.457886  33.202973  129.869146
0.290074  0.000000  0.000000  0.000000  -45.708518  7.226146  15.714286  66.938623  11.186591  -2.878428  12.521821  48.092319  -14.457886  33.202973  129.869146
0.290331  0.000000  0.000000  0.000000  -45.708518  7.226146  20.000000  67.209527  7.239118  -4.569371  12.521821  48.092319  -14.457886  33.202973  129.869146
0.290587  0.000000  0.000000  0.000000  -45.708518  7.226146  24.285714  67.362017  3.285517  -6.230912  12.521821  48.092319  -14.457886  33.202973  129.869146
0.290844  0.000000  0.000000  0.000000  -45.708518  7.226146  28.571429  67.399653  -0.670820  -7.879317  12.521821  48.092319  -14.457886  33.202973  129.869146
0.291100  0.000000  0.000000  0.000000  -45.708518  7.226146  32.857143  67.323302  -4.626601  -9.530393  12.521821  48.092319  -14.457886  33.202973  129.869146
0.291357  0.000000  0.000000  0.000000  -45.708518  7.226146  37.142857  67.131198  -8.578515  -11.200040  12.521821  48.092319  -14.457886  33.202973  129.869146
0.291613  0.000000  0.000000  0.000000  -45.708518  7.226146  41.428571  66.818824  -12.523099  -12.904825  12.521821  48.092319  -14.457886  33.202973  129.869146
0.291870  0.000000  0.000000  0.000000  -45.708518  7.226146  45.714286  66.378737  -16.456615  -14.662544  12.521821  48.092319  -14.457886  33.202973  129.869146
0.292126  0.000000  0.000000  0.000000  -45.708518  7.226146  50.000000  65.800103  -20.374879  -16.492996  12.521821  48.092319  -14.457886  33.202973  129.869146
0.292383  0.000000  0.000000  0.000000  -37.758727  24.560256  -10.000000  48.986415  39.260260  31.797296  13.035327  61.051363  5.980136  19.385938  111.071376
0.292639  0.000000  0.000000  0.000000  -37.758727  24.560256  -5.714286  51.108237  35.973744  28.323178  13.035327  61.051363  5.980136  19.385938  111.071376
0.292896  0.000000  0.000000  0.000000  -37.758727  24.560256  -1.428571  52.907680  32.595175  25.130679  13.035327  61.051363  5.980136  19.385938  111.071376
0.293152  0.000000  0.000000  0.000000  -37.758727  24.560256  2.857143  54.426212  29.141795  22.172805  13.035327  61.051363  5.980136  19.385938  111.071376
0.293409  0.000000  0.000000  0.000000  -37.758727  24.560256  7.142857  55.698226  25.627723  19.409055  13.035327  61.051363  5.980136  19.385938  111.071376
0.293665  0.000000  0.000000  0.000000  -37.758727  24.560256  11.428571  56.751863  22.064654  16.804498  13.035327  61.051363  5.980136  19.385938  111.071376
0.293922  0.000000  0.000000  0.000000  -37.758727  24.560256  15.714286  57.609825  18.462408  14.328828  13.035327  61.051363  5.980136  19.385938  111.071376
0.294178  0.000000  0.000000  0.000000  -37.758727  24.560256  20.000000  58.290111  14.829358  11.955479  13.035327  61.051363  5.980136  19.385938  111.071376
0.294434  0.000000  0.000000  0.000000  -37.758727  24.560256  24.285714  58.806658  11.172793  9.660852  13.035327  61.051363  5.980136  19.385938  111.071376
0.294691  0.000000  0.000000  0.000000  -37.758727  24.560256  28.571429  59.169848  7.499206  7.423521  13.035327  61.051363  5.980136  19.385938  111.071376
0.294947  0.000000  0.000000  0.000000  -37.758727  24.560256  32.857143  59.386811  3.814494  5.223748  13.035327  61.051363  5.980136  19.385938  111.071376
0.295204  0.000000  0.000000  0.000000  -37.758727  24.560256  37.142857  59.461813  0.124232  3.042802  13.035327  61.051363  5.980136  19.385938  111.071376
0.295460  0.000000  0.000000  0.000000  -37.758727  24.560256  41.428571  59.396288  -3.566218  0.862455  13.035327  61.051363  5.980136  19.385938  111.071376
0.295717  0.000000  0.000000  0.000000  -37.758727  24.560256  45.714286  59.188976  -7.251471  -1.335471  13.035327  61.051363  5.980136  19.385938  111.071376
0.295973  0.000000  0.000000  0.000000  -37.758727  24.560256  50.000000  58.835831  -10.925995  -3.569657  13.035327  61.051363  5.980136  19.385938  111.071376
0.296230  0.000000  0.000000  0.000000  -40.307370  20.235129  -10.000000  54.278687  42.901524  29.691518  2.127663  41.690628  1.036342  23.080594  115.860456
0.296486  0.000000  0.000000  0.000000  -40.307370  20.235129  -5.714286  56.408691  39.375041  26.455861  2.127663  41.690628  1.036342  23.080594  115.860456
0.296743  0.000000  0.000000  0.000000  -40.307370  20.235129  -1.428571  58.190782  35.767664  23.535035  2.127663  41.690628  1.036342  23.080594  115.860456
0.296999  0.000000  0.000000  0.000000  -40.307370  20.235129  2.857143  59.679348  32.095821  20.870033  2.127663  41.690628  1.036342  23.080594  115.860456
0.297256  0.000000  0.000000  0.000000  -40.307370  20.235129  7.142857  60.917546  28.372534  18.412601  2.127663  41.690628  1.036342  23.080594  115.860456
0.297512  0.000000  0.000000  0.000000  -40.307370  20.235129  11.428571  61.939531  24.608179  16.122885  2.127663  41.690628  1.036342  23.080594  115.860456
0.297769  0.000000  0.000000  0.000000  -40.307370  20.235129  15.714286  62.772123  20.811216  13.967661  2.127663  41.690628  1.036342  23.080594  115.860456
0.298025  0.000000  0.000000  0.000000  -40.307370  20.235129  20.000000  63.436202  16.988655  11.918819  2.127663  41.690628  1.036342  23.080594  115.860456
0.298282  0.000000  0.000000  0.000000  -40.307370  20.235129  24.285714  63.947784  13.146446  9.952150  2.127663  41.690628  1.036342  23.080594  115.860456
0.298538  0.000000  0.000000  0.000000  -40.307370  20.235129  28.571429  64.318808  9.289751  8.046310  2.127663  41.690628  1.036342  23.080594  115.860456
0.298795  0.000000  0.000000  0.000000  -40.307370  20.235129  32.857143  64.557653  5.423175  6.182100  2.127663  41.690628  1.036342  23.080594  115.860456
0.299051  0.000000  0.000000  0.000000  -40.307370  20.235129  37.142857  64.669671  1.550966  4.341671  2.127663  41.690628  1.036342  23.080594  115.860456
0.299308  0.000000  0.000000  0.000000  -40.307370  20.235129  41.428571  64.657312  -2.322836  2.507976  2.127663  41.690628  1.036342  23.080594  115.860456
0.299564  0.000000  0.000000  0.000000  -40.307370  20.235129  45.714286  64.520308  -6.194249  0.664186  2.127663  41.690628  1.036342  23.080594  115.860456
0.299820  0.000000  0.000000  0.000000  -40.307370  20.235129  50.000000  64.255628  -10.059199  -1.206875  2.127663  41.690628  1.036342  23.080594  115.860456
0.300077  0.000000  0.000000  0.000000  -42.297389  2.594757  -10.000000  68.675062  33.792378  5.222721  -2.133318  53.329255  -15.447241  33.054094  113.541453
0.300333  0.000000  0.000000  0.000000  -42.297389  2.594757  -5.714286  69.620996  29.786990  3.428310  -2.133318  53.329255  -15.447241  33.054094  113.541453
0.300590  0.000000  0.000000  0.000000  -42.297389  2.594757  -1.428571  70.393053  25.759248  1.772551  -2.133318  53.329255  -15.447241  33.054094  113.541453
0.300846  0.000000  0.000000  0.000000  -42.297389  2.594757  2.857143  71.016080  21.714009  0.225828  -2.133318  53.329255  -15.447241  33.054094  113.541453
0.301103  0.000000  0.000000  0.000000  -42.297389  2.594757  7.142857  71.508830  17.655207  -1.236034  -2.133318  53.329255  -15.447241  33.054094  113.541453
0.301359  0.000000  0.000000  0.000000  -42.297389  2.594757  11.428571  71.885309  13.586100  -2.633249  -2.133318  53.329255  -15.447241  33.054094  113.541453
0.301616  0.000000  0.000000  0.000000  -42.297389  2.594757  15.714286  72.155731  9.509478  -3.983195  -2.133318  53.329255  -15.447241  33.054094  113.541453
0.301872  0.000000  0.000000  0.000000  -42.297389  2.594757  20.000000  72.327175  5.427794  -5.301272  -2.133318  53.329255  -15.447241  33.054094  113.541453
0.302129  0.000000  0.000000  0.000000  -42.297389  2.594757  24.285714  72.404021  1.343294  -6.601591  -2.133318  53.329255  -15.447241  33.054094  113.541453
0.302385  0.000000  0.000000  0.000000  -42.297389  2.594757  28.571429  72.388190  -2.741894  -7.897561  -2.133318  53.329255  -15.447241  33.054094  113.541453
0.302642  0.000000  0.000000  0.000000  -42.297389  2.594757  32.857143  72.279283  -6.825673  -9.202426  -2.133318  53.329255  -15.447241  33.054094  113.541453
0.302898  0.000000  0.000000  0.000000  -42.297389  2.594757  37.142857  72.074590  -10.905888  -10.529773  -2.133318  53.329255  -15.447241  33.054094  113.541453
0.303155  0.000000  0.000000  0.000000  -42.297389  2.594757  41.428571  71.768797  -14.980224  -11.894086  -2.133318  53.329255  -15.447241  33.054094  113.541453
0.303411  0.000000  0.000000  0.000000  -42.297389  2.594757  45.714286  71.353835  -19.046136  -13.311354  -2.133318  53.329255  -15.447241  33.054094  113.541453
0.303668  0.000000  0.000000  0.000000  -42.297389  2.594757  50.000000  70.818275  -23.100693  -14.799822  -2.133318  53.329255  -15.447241  33.054094  113.541453
0.303924  0.000000  0.000000  0.000000  -43.821628  18.356418  -10.000000  55.722844  25.580426  16.612867  -4.998659  64.779014  -10.738016  32.652444  115.335732
0.304181  0.000000  0.000000  0.000000  -43.821628  18.356418  -5.714286  56.773461  22.016399  14.010836  -4.998659  64.779014  -10.738016  32.652444  115.335732
0.304437  0.000000  0.000000  0.000000  -43.821628  18.356418  -1.428571  57.628712  18.413328  11.537301  -4.998659  64.779014  -10.738016  32.652444  115.335732
0.304694  0.000000  0.000000  0.000000  -43.821628  18.356418  2.857143  58.306533  14.779580  9.165735  -4.998659  64.779014  -10.738016  32.652444  115.335732
0.304950  0.000000  0.000000  0.000000  -43.821628  18.356418  7.142857  58.820802  11.122421  6.872556  -4.998659  64.779014  -10.738016  32.652444  115.335732
0.305206  0.000000  0.000000  0.000000  -43.821628  18.356418  11.428571  59.181838  7.448323  4.636411  -4.998659  64.779014  -10.738016  32.652444  115.335732
0.305463  0.000000  0.000000  0.000000  -43.821628  18.356418  15.714286  59.396758  3.763193  2.437534  -4.998659  64.779014  -10.738016  32.652444  115.335732
0.305719  0.000000  0.000000  0.000000  -43.821628  18.356418  20.000000  59.469783  0.072584  0.257227  -4.998659  64.779014  -10.738016  32.652444  115.335732
0.305976  0.000000  0.000000  0.000000  -43.821628  18.356418  24.285714  59.402302  -3.618120  -1.922720  -4.998659  64.779014  -10.738016  32.652444  115.335732
0.306232  0.000000  0.000000  0.000000  -43.821628  18.356418  28.571429  59.193014  -7.303567  -4.120510  -4.998659  64.779014  -10.738016  32.652444  115.335732
0.306489  0.000000  0.000000  0.000000  -43.821628  18.356418  32.857143  58.837838  -10.978207  -6.354827  -4.998659  64.779014  -10.738016  32.652444  115.335732
0.306745  0.000000  0.000000  0.000000  -43.821628  18.356418  37.142857  58.329768  -14.636150  -8.645372  -4.998659  64.779014  -10.738016  32.652444  115.335732
0.307002  0.000000  0.000000  0.000000  -43.821628  18.356418  41.428571  57.658617  -18.270949  -11.013430  -4.998659  64.779014  -10.738016  32.652444  115.335732
0.307258  0.000000  0.000000  0.000000  -43.821628  18.356418  45.714286  56.810664  -21.875370  -13.482470  -4.998659  64.779014  -10.738016  32.652444  115.335732
0.307515  0.000000  0.000000  0.000000  -43.821628  18.356418  50.000000  55.768107  -25.441108  -16.078908  -4.998659  64.779014  -10.738016  32.652444  115.335732
0.307771  0.000000  0.000000  0.000000  -23.425956  9.069736  -10.000000  60.480222  48.208989  20.104770  9.229225  59.657476  -10.432428  28.982906  111.410005
0.308028  0.000000  0.000000  0.000000  -23.425956  9.069736  -5.714286  62.619642  44.439796  17.148644  9.229225  59.657476  -10.432428  28.982906  111.410005
0.308284  0.000000  0.000000  0.000000  -23.425956  9.069736  -1.428571  64.374327  40.603662  14.554152  9.229225  59.657476  -10.432428  28.982906  111.410005
0.308541  0.000000  0.000000  0.000000  -23.425956  9.069736  2.857143  65.818792  36.715802  12.243419  9.229225  59.657476  -10.432428  28.982906  111.410005
0.308797  0.000000  0.000000  0.000000  -23.425956  9.069736  7.142857  67.009062  32.787609  10.156685  9.229225  59.657476  -10.432428  28.982906  111.410005
0.309054  0.000000  0.000000  0.000000  -23.425956  9.069736  11.428571  67.987576  28.827758  8.247385  9.229225  59.657476  -10.432428  28.982906  111.410005
0.309310  0.000000  0.000000  0.000000  -23.425956  9.069736  15.714286  68.786575  24.843011  6.478634  9.229225  59.657476  -10.432428  28.982906  111.410005
0.309567  0.000000  0.000000  0.000000  -23.425956  9.069736  20.000000  69.430584  20.838743  4.820658  9.229225  59.657476  -10.432428  28.982906  111.410005
0.309823  0.000000  0.000000  0.000000  -23.425956  9.069736  24.285714  69.938222  16.819371  3.248870  9.229225  59.657476  -10.432428  28.982906  111.410005
0.310080  0.000000  0.000000  0.000000  -23.425956  9.069736  28.571429  70.323361  12.788540  1.742569  9.229225  59.657476  -10.432428  28.982906  111.410005
0.310336  0.000000  0.000000  0.000000  -23.425956  9.069736  32.857143  70.596120  8.749426  0.283738  9.229225  59.657476  -10.432428  28.982906  111.410005
0.310592  0.000000  0.000000  0.000000  -23.425956  9.069736  37.142857  70.763451  4.704854  -1.143712  9.229225  59.657476  -10.432428  28.982906  111.410005
0.310849  0.000000  0.000000  0.000000  -23.425956  9.069736  41.428571  70.829491  0.657410  -2.554643  9.229225  59.657476  -10.432428  28.982906  111.410005
0.311105  0.000000  0.000000  0.000000  -23.425956  9.069736  45.714286  70.795872  -3.390432  -3.963283  9.229225  59.657476  -10.432428  28.982906  111.410005
0.311362  0.000000  0.000000  0.000000  -23.425956  9.069736  50.000000  70.661775  -7.436213  -5.383783  9.229225  59.657476  -10.432428  28.982906  111.410005
0.311618  0.000000  0.000000  0.000000  -25.150456  18.143170  -10.000000  51.985280  38.305351  27.761737  1.952421  65.168151  0.068417  25.420971  113.121057
0.311875  0.000000  0.000000  0.000000  -25.150456  18.143170  -5.714286  53.903835  34.884071  24.545478  1.952421  65.168151  0.068417  25.420971  113.121057
0.312131  0.000000  0.000000  0.000000  -25.150456  18.143170  -1.428571  55.520712  31.384915  21.589291  1.952421  65.168151  0.068417  25.420971  113.121057
0.312388  0.000000  0.000000  0.000000  -25.150456  18.143170  2.857143  56.876017  27.822859  18.847480  1.952421  65.168151  0.068417  25.420971  113.121057
0.312644  0.000000  0.000000  0.000000  -25.150456  18.143170  7.142857  58.002359  24.210109  16.281233  1.952421  65.168151  0.068417  25.420971  113.121057
0.312901  0.000000  0.000000  0.000000  -25.150456  18.143170  11.428571  58.925948  20.556754  13.857403  1.952421  65.168151  0.068417  25.420971  113.121057
0.313157  0.000000  0.000000  0.000000  -25.150456  18.143170  15.714286  59.667584  16.871271  11.547387  1.952421  65.168151  0.068417  25.420971  113.121057
0.313414  0.000000  0.000000  0.000000  -25.150456  18.143170  20.000000  60.243432  13.160915  9.326179  1.952421  65.168151  0.068417  25.420971  113.121057
0.313670  0.000000  0.000000  0.000000  -25.150456  18.143170  24.285714  60.665791  9.432046  7.171457  1.952421  65.168151  0.068417  25.420971  113.121057
0.313927  0.000000  0.000000  0.000000  -25.150456  18.143170  28.571429  60.943419  5.690362  5.062963  1.952421  65.168151  0.068417  25.420971  113.121057
0.314183  0.000000  0.000000  0.000000  -25.150456  18.143170  32.857143  61.082004  1.941114  2.981794  1.952421  65.168151  0.068417  25.420971  113.121057
0.314440  0.000000  0.000000  0.000000  -25.150456  18.143170  37.142857  61.084372  -1.810677  0.909852  1.952421  65.168151  0.068417  25.420971  113.121057
0.314696  0.000000  0.000000  0.000000  -25.150456  18.143170  41.428571  60.950546  -5.560093  -1.170693  1.952421  65.168151  0.068417  25.420971  113.121057
0.314953  0.000000  0.000000  0.000000  -25.150456  18.143170  45.714286  60.677830  -9.302128  -3.277930  1.952421  65.168151  0.068417  25.420971  113.121057
0.315209  0.000000  0.000000  0.000000  -25.150456  18.143170  50.000000  60.260645  -13.031540  -5.430701  1.952421  65.168151  0.068417  25.420971  113.121057
0.315466  0.000000  0.000000  0.000000  -38.076546  8.410900  -10.000000  65.052390  31.659538  9.319966  -15.401534  62.079209  11.493747  31.565955  128.965230
0.315722  0.000000  0.000000  0.000000  -38.076546  8.410900  -5.714286  66.064679  27.757426  7.278707  -15.401534  62.079209  11.493747  31.565955  128.965230
0.315978  0.000000  0.000000  0.000000  -38.076546  8.410900  -1.428571  66.891643  23.827426  5.379388  -15.401534  62.079209  11.493747  31.565955  128.965230
0.316235  0.000000  0.000000  0.000000  -38.076546  8.410900  2.857143  67.557278  19.875532  3.592208  -15.401534  62.079209  11.493747  31.565955  128.965230
0.316491  0.000000  0.000000  0.000000  -38.076546  8.410900  7.142857  68.079856  15.906686  1.892290  -15.401534  62.079209  11.493747  31.565955  128.965230
0.316748  0.000000  0.000000  0.000000  -38.076546  8.410900  11.428571  68.473068  11.925063  0.258385  -15.401534  62.079209  11.493747  31.565955  128.965230
0.317004  0.000000  0.000000  0.000000  -38.076546  8.410900  15.714286  68.746827  7.934292  -1.328128  -15.401534  62.079209  11.493747  31.565955  128.965230
0.317261  0.000000  0.000000  0.000000  -38.076546  8.410900  20.000000  68.907840  3.937636  -2.884075  -15.401534  62.079209  11.493747  31.565955  128.965230
0.317517  0.000000  0.000000  0.000000  -38.076546  8.410900  24.285714  68.959993  -0.061892  -4.425117  -15.401534  62.079209  11.493747  31.565955  128.965230
0.317774  0.000000  0.000000  0.000000  -38.076546  8.410900  28.571429  68.904511  -4.061372  -5.966395  -15.401534  62.079209  11.493747  31.565955  128.965230
0.318030  0.000000  0.000000  0.000000  -38.076546  8.410900  32.857143  68.740077  -8.057895  -7.523048  -15.401534  62.079209  11.493747  31.565955  128.965230
0.318287  0.000000  0.000000  0.000000  -38.076546  8.410900  37.142857  68.462744  -12.048439  -9.110763  -15.401534  62.079209  11.493747  31.565955  128.965230
0.318543  0.000000  0.000000  0.000000  -38.076546  8.410900  41.428571  68.065693  -16.029726  -10.746410  -15.401534  62.079209  11.493747  31.565955  128.965230
0.318800  0.000000  0.000000  0.000000  -38.076546  8.410900  45.714286  67.538895  -19.998099  -12.448712  -15.401534  62.079209  11.493747  31.565955  128.965230
0.319056  0.000000  0.000000  0.000000  -38.076546  8.410900  50.000000  66.868579  -23.949398  -14.238962  -15.401534  62.079209  11.493747  31.565955  128.965230
0.319313  0.000000  0.000000  0.000000  -25.697117  11.020868  -10.000000  56.167252  39.989001  23.549567  -1.970935  50.546885  7.386356  27.666549  117.173725
0.319569  0.000000  0.000000  0.000000  -25.697117  11.020868  -5.714286  58.000168  36.390350  20.586824  -1.970935  50.546885  7.386356  27.666549  117.173725
0.319826  0.000000  0.000000  0.000000  -25.697117  11.020868  -1.428571  59.531578  32.725027  17.888764  -1.970935  50.546885  7.386356  27.666549  117.173725
0.320082  0.000000  0.000000  0.000000  -25.697117  11.020868  2.857143  60.806381  29.006535  15.405499  -1.970935  50.546885  7.386356  27.666549  117.173725
0.320339  0.000000  0.000000  0.000000  -25.697117  11.020868  7.142857  61.860135  25.245584  13.095882  -1.970935  50.546885  7.386356  27.666549  117.173725
0.320595  0.000000  0.000000  0.000000  -25.697117  11.020868  11.428571  62.720777  21.450886  10.925708  -1.970935  50.546885  7.386356  27.666549  117.173725
0.320852  0.000000  0.000000  0.000000  -25.697117  11.020868  15.714286  63.410083  17.629630  8.866124  -1.970935  50.546885  7.386356  27.666549  117.173725
0.321108  0.000000  0.000000  0.000000  -25.697117  11.020868  20.000000  63.944816  13.787898  6.892378  -1.970935  50.546885  7.386356  27.666549  117.173725
0.321364  0.000000  0.000000  0.000000  -25.697117  11.020868  24.285714  64.337535  9.930942  4.982723  -1.970935  50.546885  7.386356  27.666549  117.173725
0.321621  0.000000  0.000000  0.000000  -25.697117  11.020868  28.571429  64.597181  6.063428  3.117679  -1.970935  50.546885  7.386356  27.666549  117.173725
0.321877  0.000000  0.000000  0.000000  -25.697117  11.020868  32.857143  64.729559  2.189627  1.279251  -1.970935  50.546885  7.386356  27.666549  117.173725
0.322134  0.000000  0.000000  0.000000  -25.697117  11.020868  37.142857  64.737601  -1.686414  -0.549679  -1.970935  50.546885  7.386356  27.666549  117.173725
0.322390  0.000000  0.000000  0.000000  -25.697117  11.020868  41.428571  64.621468  -5.560731  -2.385919  -1.970935  50.546885  7.386356  27.666549  117.173725
0.322647  0.000000  0.000000  0.000000  -25.697117  11.020868  45.714286  64.378609  -9.429296  -4.246518  -1.970935  50.546885  7.386356  27.666549  117.173725
0.322903  0.000000  0.000000  0.000000  -25.697117  11.020868  50.000000  64.003615  -13.287880  -6.149306  -1.970935  50.546885  7.386356  27.666549  117.173725
0.323160  0.000000  0.000000  0.000000  -19.619879  17.933830  -10.000000  54.156883  39.130305  28.387964  10.864954  49.650156  -23.127107  32.034373  128.454795
0.323416  0.000000  0.000000  0.000000  -19.619879  17.933830  -5.714286  56.030985  35.614633  25.302371  10.864954  49.650156  -23.127107  32.034373  128.454795
0.323673  0.000000  0.000000  0.000000  -19.619879  17.933830  -1.428571  57.603263  32.026960  22.479348  10.864954  49.650156  -23.127107  32.034373  128.454795
0.323929  0.000000  0.000000  0.000000  -19.619879  17.933830  2.857143  58.916323  28.381499  19.870980  10.864954  49.650156  -23.127107  32.034373  128.454795
0.324186  0.000000  0.000000  0.000000  -19.619879  17.933830  7.142857  60.004321  24.689686  17.437209  10.864954  49.650156  -23.127107  32.034373  128.454795
0.324442  0.000000  0.000000  0.000000  -19.619879  17.933830  11.428571  60.894354  20.960934  15.144334  10.864954  49.650156  -23.127107  32.034373  128.454795
0.324699  0.000000  0.000000  0.000000  -19.619879  17.933830  15.714286  61.607751  17.203022  12.963551  10.864954  49.650156  -23.127107  32.034373  128.454795
0.324955  0.000000  0.000000  0.000000  -19.619879  17.933830  20.000000  62.160995  13.422590  10.869941  10.864954  49.650156  -23.127107  32.034373  128.454795
0.325212  0.000000  0.000000  0.000000  -19.619879  17.933830  24.285714  62.566516  9.625428  8.841446  10.864954  49.650156  -23.127107  32.034373  128.454795
0.325468  0.000000  0.000000  0.000000  -19.619879  17.933830  28.571429  62.833146  5.816695  6.858170  10.864954  49.650156  -23.127107  32.034373  128.454795
0.325725  0.000000  0.000000  0.000000  -19.619879  17.933830  32.857143  62.966610  2.001126  4.901634  10.864954  49.650156  -23.127107  32.034373  128.454795
0.325981  0.000000  0.000000  0.000000  -19.619879  17.933830  37.142857  62.969752  -1.816759  2.954198  10.864954  49.650156  -23.127107  32.034373  128.454795
0.326237  0.000000  0.000000  0.000000  -19.619879  17.933830  41.428571  62.842618  -5.632538  0.998503  10.864954  49.650156  -23.127107  32.034373  128.454795
0.326494  0.000000  0.000000  0.000000  -19.619879  17.933830  45.714286  62.582525  -9.441710  -0.983069  10.864954  49.650156  -23.127107  32.034373  128.454795
0.326750  0.000000  0.000000  0.000000  -19.619879  17.933830  50.000000  62.183902  -13.239549  -3.008923  10.864954  49.650156  -23.127107  32.034373  128.454795
0.327007  0.000000  0.000000  0.000000  -42.154603  4.055465  -10.000000  67.918314  37.913029  9.600386  -18.482982  49.385659  -23.483049  15.980588  114.165724
0.327263  0.000000  0.000000  0.000000  -42.154603  4.055465  -5.714286  69.057293  33.925409  7.660164  -18.482982  49.385659  -23.483049  15.980588  114.165724
0.327520  0.000000  0.000000  0.000000  -42.154603  4.055465  -1.428571  69.991539  29.910097  5.894290  -18.482982  49.385659  -23.483049  15.980588  114.165724
0.327776  0.000000  0.000000  0.000000  -42.154603  4.055465  2.857143  70.753846  25.873095  4.265834  -18.482982  49.385659  -23.483049  15.980588  114.165724
0.328033  0.000000  0.000000  0.000000  -42.154603  4.055465  7.142857  71.368954  21.819123  2.745376  -18.482982  49.385659  -23.483049  15.980588  114.165724
0.328289  0.000000  0.000000  0.000000  -42.154603  4.055465  11.428571  71.855524  17.752001  1.308930  -18.482982  49.385659  -23.483049  15.980588  114.165724
0.328546  0.000000  0.000000  0.000000  -42.154603  4.055465  15.714286  72.227456  13.674882  -0.063476  -18.482982  49.385659  -23.483049  15.980588  114.165724
0.328802  0.000000  0.000000  0.000000  -42.154603  4.055465  20.000000  72.494925  9.590472  -1.389066  -18.482982  49.385659  -23.483049  15.980588  114.165724
0.329059  0.000000  0.000000  0.000000  -42.154603  4.055465  24.285714  72.664963  5.501144  -2.683035  -18.482982  49.385659  -23.483049  15.980588  114.165724
0.329315  0.000000  0.000000  0.000000  -42.154603  4.055465  28.571429  72.741932  1.409066  -3.959302  -18.482982  49.385659  -23.483049  15.980588  114.165724
0.329572  0.000000  0.000000  0.000000  -42.154603  4.055465  32.857143  72.727775  -2.683708  -5.231085  -18.482982  49.385659  -23.483049  15.980588  114.165724
0.329828  0.000000  0.000000  0.000000  -42.154603  4.055465  37.142857  72.622139  -6.775153  -6.511426  -18.482982  49.385659  -23.483049  15.980588  114.165724
0.330085  0.000000  0.000000  0.000000  -42.154603  4.055465  41.428571  72.422343  -10.863190  -7.813702  -18.482982  49.385659  -23.483049  15.980588  114.165724
0.330341  0.000000  0.000000  0.000000  -42.154603  4.055465  45.714286  72.123227  -14.945595  -9.152170  -18.482982  49.385659  -23.483049  15.980588  114.165724
0.330598  0.000000  0.000000  0.000000  -42.154603  4.055465  50.000000  71.716837  -19.019902  -10.542572  -18.482982  49.385659  -23.483049  15.980588  114.165724
0.330854  0.000000  0.000000  0.000000  -23.901162  -0.027713  -10.000000  73.066695  52.983393  18.010906  -0.292746  58.726246  -17.399499  24.250279  112.087519
0.331111  0.000000  0.000000  0.000000  -23.901162  -0.027713  -5.714286  74.539738  48.867304  16.114739  -0.292746  58.726246  -17.399499  24.250279  112.087519
0.331367  0.000000  0.000000  0.000000  -23.901162  -0.027713  -1.428571  75.711676  44.724845  14.508065  -0.292746  58.726246  -17.399499  24.250279  112.087519
0.331623  0.000000  0.000000  0.000000  -23.901162  -0.027713  2.857143  76.654733  40.562889  13.116928  -0.292746  58.726246  -17.399499  24.250279  112.087519
0.331880  0.000000  0.000000  0.000000  -23.901162  -0.027713  7.142857  77.419114  36.386208  11.889193  -0.292746  58.726246  -17.399499  24.250279  112.087519
0.332136  0.000000  0.000000  0.000000  -23.901162  -0.027713  11.428571  78.040546  32.198242  10.786986  -0.292746  58.726246  -17.399499  24.250279  112.087519
0.332393  0.000000  0.000000  0.000000  -23.901162  -0.027713  15.714286  78.544884  28.001561  9.782041  -0.292746  58.726246  -17.399499  24.250279  112.087519
0.332649  0.000000  0.000000  0.000000  -23.901162  -0.027713  20.000000  78.951130  23.798125  8.852629  -0.292746  58.726246  -17.399499  24.250279  112.087519
0.332906  0.000000  0.000000  0.000000  -23.901162  -0.027713  24.285714  79.273324  19.589472  7.981605  -0.292746  58.726246  -17.399499  24.250279  112.087519
0.333162  0.000000  0.000000  0.000000  -23.901162  -0.027713  28.571429  79.521814  15.376851  7.155052  -0.292746  58.726246  -17.399499  24.250279  112.087519
0.333419  0.000000  0.000000  0.000000  -23.901162  -0.027713  32.857143  79.704113  11.161298  6.361344  -0.292746  58.726246  -17.399499  24.250279  112.087519
0.333675  0.000000  0.000000  0.000000  -23.901162  -0.027713  37.142857  79.825500  6.943719  5.590388  -0.292746  58.726246  -17.399499  24.250279  112.087519
0.333932  0.000000  0.000000  0.000000  -23.901162  -0.027713  41.428571  79.889354  2.724918  4.833159  -0.292746  58.726246  -17.399499  24.250279  112.087519
0.334188  0.000000  0.000000  0.000000  -23.901162  -0.027713  45.714286  79.897442  -1.494352  4.081228  -0.292746  58.726246  -17.399499  24.250279  112.087519
0.334445  0.000000  0.000000  0.000000  -23.901162  -0.027713  50.000000  79.849959  -5.713370  3.326396  -0.292746  58.726246  -17.399499  24.250279  112.087519
0.334701  0.000000  0.000000  0.000000  -22.418926  16.895836  -10.000000  53.271022  31.025558  21.355521  -19.100320  49.497155  -5.430899  24.220722  126.850111
0.334958  0.000000  0.000000  0.000000  -22.418926  16.895836  -5.714286  54.685635  27.558476  18.465984  -19.100320  49.497155  -5.430899  24.220722  126.850111
0.335214  0.000000  0.000000  0.000000  -22.418926  16.895836  -1.428571  55.866183  24.035311  15.754891  -19.100320  49.497155  -5.430899  24.220722  126.850111
0.335471  0.000000  0.000000  0.000000  -22.418926  16.895836  2.857143  56.838199  20.466987  13.189558  -19.100320  49.497155  -5.430899  24.220722  126.850111
0.335727  0.000000  0.000000  0.000000  -22.418926  16.895836  7.142857  57.622165  16.862759  10.741461  -19.100320  49.497155  -5.430899  24.220722  126.850111
0.335984  0.000000  0.000000  0.000000  -22.418926  16.895836  11.428571  58.234196  13.230587  8.385417  -19.100320  49.497155  -5.430899  24.220722  126.850111
0.336240  0.000000  0.000000  0.000000  -22.418926  16.895836  15.714286  58.686592  9.577465  6.098855  -19.100320  49.497155  -5.430899  24.220722  126.850111
0.336497  0.000000  0.000000  0.000000  -22.418926  16.895836  20.000000  58.988305  5.909701  3.861094  -19.100320  49.497155  -5.430899  24.220722  126.850111
0.336753  0.000000  0.000000  0.000000  -22.418926  16.895836  24.285714  59.145188  2.233102  1.652873  -19.100320  49.497155  -5.430899  24.220722  126.850111
0.337009  0.000000  0.000000  0.000000  -22.418926  16.895836  28.571429  59.160274  -1.446793  -0.544305  -19.100320  49.497155  -5.430899  24.220722  126.850111
0.337266  0.000000  0.000000  0.000000  -22.418926  16.895836  32.857143  59.033854  -5.124556  -2.748631  -19.100320  49.497155  -5.430899  24.220722  126.850111
0.337522  0.000000  0.000000  0.000000  -22.418926  16.895836  37.142857  58.763491  -8.794687  -4.978484  -19.100320  49.497155  -5.430899  24.220722  126.850111
0.337779  0.000000  0.000000  0.000000  -22.418926  16.895836  41.428571  58.343925  -12.451443  -7.252953  -19.100320  49.497155  -5.430899  24.220722  126.850111
0.338035  0.000000  0.000000  0.000000  -22.418926  16.895836  45.714286  57.766935  -16.088653  -9.592317  -19.100320  49.497155  -5.430899  24.220722  126.850111
0.338292  0.000000  0.000000  0.000000  -22.418926  16.895836  50.000000  57.020924  -19.699484  -12.018729  -19.100320  49.497155  -5.430899  24.220722  126.850111
0.338548  0.000000  0.000000  0.000000  -22.028543  1.404293  -10.000000  63.488826  35.445507  9.407758  1.120813  59.757091  9.566191  19.077953  115.314470
0.338805  0.000000  0.000000  0.000000  -22.028543  1.404293  -5.714286  64.728908  31.589402  7.163479  1.120813  59.757091  9.566191  19.077953  115.314470
0.339061  0.000000  0.000000  0.000000  -22.028543  1.404293  -1.428571  65.750852  27.697216  5.098621  1.120813  59.757091  9.566191  19.077953  115.314470
0.339318  0.000000  0.000000  0.000000  -22.028543  1.404293  2.857143  66.586015  23.776511  3.176639  1.120813  59.757091  9.566191  19.077953  115.314470
0.339574  0.000000  0.000000  0.000000  -22.028543  1.404293  7.142857  67.258423  19.833413  1.367612  1.120813  59.757091  9.566191  19.077953  115.314470
0.339831  0.000000  0.000000  0.000000  -22.028543  1.404293  11.428571  67.786416  15.872967  -0.353474  1.120813  59.757091  9.566191  19.077953  115.314470
0.340087  0.000000  0.000000  0.000000  -22.028543  1.404293  15.714286  68.183759  11.899456  -2.008001  1.120813  59.757091  9.566191  19.077953  115.314470
0.340344  0.000000  0.000000  0.000000  -22.028543  1.404293  20.000000  68.460409  7.916583  -3.614741  1.120813  59.757091  9.566191  19.077953  115.314470
0.340600  0.000000  0.000000  0.000000  -22.028543  1.404293  24.285714  68.623113  3.927684  -5.190650  1.120813  59.757091  9.566191  19.077953  115.314470
0.340857  0.000000  0.000000  0.000000  -22.028543  1.404293  28.571429  68.675767  -0.064151  -6.751536  1.120813  59.757091  9.566191  19.077953  115.314470
0.341113  0.000000  0.000000  0.000000  -22.028543  1.404293  32.857143  68.619612  -4.055937  -8.312664  1.120813  59.757091  9.566191  19.077953  115.314470
0.341370  0.000000  0.000000  0.000000  -22.028543  1.404293  37.142857  68.453320  -8.044693  -9.889312  1.120813  59.757091  9.566191  19.077953  115.314470
0.341626  0.000000  0.000000  0.000000  -22.028543  1.404293  41.428571  68.172910  -12.027317  -11.497317  1.120813  59.757091  9.566191  19.077953  115.314470
0.341883  0.000000  0.000000  0.000000  -22.028543  1.404293  45.714286  67.771543  -16.000469  -13.153679  1.120813  59.757091  9.566191  19.077953  115.314470
0.342139  0.000000  0.000000  0.000000  -22.028543  1.404293  50.000000  67.239140  -19.960419  -14.877237  1.120813  59.757091  9.566191  19.077953  115.314470
0.342395  0.000000  0.000000  0.000000  -29.106787  24.665480  -10.000000  49.080380  36.698019  31.514510  -10.451005  66.355423  0.408390  27.372463  126.730123
0.342652  0.000000  0.000000  0.000000  -29.106787  24.665480  -5.714286  51.012366  33.411643  28.152828  -10.451005  66.355423  0.408390  27.372463  126.730123
0.342908  0.000000  0.000000  0.000000  -29.106787  24.665480  -1.428571  52.650607  30.041286  25.039404  -10.451005  66.355423  0.408390  27.372463  126.730123
0.343165  0.000000  0.000000  0.000000  -29.106787  24.665480  2.857143  54.030328  26.602478  22.132994  -10.451005  66.355423  0.408390  27.372463  126.730123
0.343421  0.000000  0.000000  0.000000  -29.106787  24.665480  7.142857  55.180771  23.108110  19.397675  -10.451005  66.355423  0.408390  27.372463  126.730123
0.343678  0.000000  0.000000  0.000000  -29.106787  24.665480  11.428571  56.125835  19.569011  16.802100  -10.451005  66.355423  0.408390  27.372463  126.730123
0.343934  0.000000  0.000000  0.000000  -29.106787  24.665480  15.714286  56.884727  15.994410  14.318707  -10.451005  66.355423  0.408390  27.372463  126.730123
0.344191  0.000000  0.000000  0.000000  -29.106787  24.665480  20.000000  57.472493  12.392305  11.923013  -10.451005  66.355423  0.408390  27.372463  126.730123
0.344447  0.000000  0.000000  0.000000  -29.106787  24.665480  24.285714  57.900655  8.769786  9.592828  -10.451005  66.355423  0.408390  27.372463  126.730123
0.344704  0.000000  0.000000  0.000000  -29.106787  24.665480  28.571429  58.177389  5.133263  7.307801  -10.451005  66.355423  0.408390  27.372463  126.730123
0.344960  0.000000  0.000000  0.000000  -29.106787  24.665480  32.857143  58.307944  1.488713  5.048740  -10.451005  66.355423  0.408390  27.372463  126.730123
0.345217  0.000000  0.000000  0.000000  -29.106787  24.665480  37.142857  58.294782  -2.158143  2.797147  -10.451005  66.355423  0.408390  27.372463  126.730123
0.345473  0.000000  0.000000  0.000000  -29.106787  24.665480  41.428571  58.137655  -5.801654  0.534720  -10.451005  66.355423  0.408390  27.372463  126.730123
0.345730  0.000000  0.000000  0.000000  -29.106787  24.665480  45.714286  57.833598  -9.436061  -1.757137  -10.451005  66.355423  0.408390  27.372463  126.730123
0.345986  0.000000  0.000000  0.000000  -29.106787  24.665480  50.000000  57.376851  -13.055336  -4.097763  -10.451005  66.355423  0.408390  27.372463  126.730123
0.346243  0.000000  0.000000  0.000000  -44.270918  14.812606  -10.000000  53.816676  34.706904  12.625540  3.519179  52.879721  1.533923  21.683213  112.348509
0.346499  0.000000  0.000000  0.000000  -44.270918  14.812606  -5.714286  55.426367  31.211676  9.668628  3.519179  52.879721  1.533923  21.683213  112.348509
0.346756  0.000000  0.000000  0.000000  -44.270918  14.812606  -1.428571  56.775672  27.653677  6.924508  3.519179  52.879721  1.533923  21.683213  112.348509
0.347012  0.000000  0.000000  0.000000  -44.270918  14.812606  2.857143  57.896834  24.045076  4.354692  3.519179  52.879721  1.533923  21.683213  112.348509
0.347269  0.000000  0.000000  0.000000  -44.270918  14.812606  7.142857  58.815781  20.395945  1.926265  3.519179  52.879721  1.533923  21.683213  112.348509
0.347525  0.000000  0.000000  0.000000  -44.270918  14.812606  11.428571  59.553094  16.714759  -0.389210  3.519179  52.879721  1.533923  21.683213  112.348509
0.347781  0.000000  0.000000  0.000000  -44.270918  14.812606  15.714286  60.124741  13.008773  -2.616621  3.519179  52.879721  1.533923  21.683213  112.348509
0.348038  0.000000  0.000000  0.000000  -44.270918  14.812606  20.000000  60.542903  9.284366  -4.778235  3.519179  52.879721  1.533923  21.683213  112.348509
0.348294  0.000000  0.000000  0.000000  -44.270918  14.812606  24.285714  60.816195  5.547249  -6.894257  3.519179  52.879721  1.533923  21.683213  112.348509
0.348551  0.000000  0.000000  0.000000  -44.270918  14.812606  28.571429  60.950203  1.802706  -8.983575  3.519179  52.879721  1.533923  21.683213  112.348509
0.348807  0.000000  0.000000  0.000000  -44.270918  14.812606  32.857143  60.947630  -1.944221  -11.064303  3.519179  52.879721  1.533923  21.683213  112.348509
0.349064  0.000000  0.000000  0.000000  -44.270918  14.812606  37.142857  60.808430  -5.688576  -13.154297  3.519179  52.879721  1.533923  21.683213  112.348509
0.349320  0.000000  0.000000  0.000000  -44.270918  14.812606  41.428571  60.529786  -9.425311  -15.271691  3.519179  52.879721  1.533923  21.683213  112.348509
0.349577  0.000000  0.000000  0.000000  -44.270918  14.812606  45.714286  60.106006  -13.149130  -17.435410  3.519179  52.879721  1.533923  21.683213  112.348509
0.349833  0.000000  0.000000  0.000000  -44.270918  14.812606  50.000000  59.528341  -16.854299  -19.665732  3.519179  52.879721  1.533923  21.683213  112.348509
0.350090  0.000000  0.000000  0.000000  -41.759548  17.702580  -10.000000  49.813395  39.549637  27.387415  -17.695522  56.688887  12.537862  20.099425  124.772631
0.350346  0.000000  0.000000  0.000000  -41.759548  17.702580  -5.714286  51.919176  36.224137  23.960473  -17.695522  56.688887  12.537862  20.099425  124.772631
0.350603  0.000000  0.000000  0.000000  -41.759548  17.702580  -1.428571  53.701598  32.808973  20.816833  -17.695522  56.688887  12.537862  20.099425  124.772631
0.350859  0.000000  0.000000  0.000000  -41.759548  17.702580  2.857143  55.203312  29.321125  17.908403  -17.695522  56.688887  12.537862  20.099425  124.772631
0.351116  0.000000  0.000000  0.000000  -41.759548  17.702580  7.142857  56.459471  25.774440  15.194009  -17.695522  56.688887  12.537862  20.099425  124.772631
0.351372  0.000000  0.000000  0.000000  -41.759548  17.702580  11.428571  57.498688  22.180345  12.638341  -17.695522  56.688887  12.537862  20.099425  124.772631
0.351629  0.000000  0.000000  0.000000  -41.759548  17.702580  15.714286  58.343955  18.548395  10.210904  -17.695522  56.688887  12.537862  20.099425  124.772631
0.351885  0.000000  0.000000  0.000000  -41.759548  17.702580  20.000000  59.013395  14.886736  7.885101  -17.695522  56.688887  12.537862  20.099425  124.772631
0.352142  0.000000  0.000000  0.000000  -41.759548  17.702580  24.285714  59.521067  11.202424  5.637320  -17.695522  56.688887  12.537862  20.099425  124.772631
0.352398  0.000000  0.000000  0.000000  -41.759548  17.702580  28.571429  59.877355  7.501724  3.446267  -17.695522  56.688887  12.537862  20.099425  124.772631
0.352655  0.000000  0.000000  0.000000  -41.759548  17.702580  32.857143  60.089398  3.790375  1.292247  -17.695522  56.688887  12.537862  20.099425  124.772631
0.352911  0.000000  0.000000  0.000000  -41.759548  17.702580  37.142857  60.161443  0.073726  -0.843320  -17.695522  56.688887  12.537862  20.099425  124.772631
0.353167  0.000000  0.000000  0.000000  -41.759548  17.702580  41.428571  60.094900  -3.643026  -2.978529  -17.695522  56.688887  12.537862  20.099425  124.772631
0.353424  0.000000  0.000000  0.000000  -41.759548  17.702580  45.714286  59.888464  -7.354690  -5.131461  -17.695522  56.688887  12.537862  20.099425  124.772631
0.353680  0.000000  0.000000  0.000000  -41.759548  17.702580  50.000000  59.538025  -11.055913  -7.320688  -17.695522  56.688887  12.537862  20.099425  124.772631
0.353937  0.000000  0.000000  0.000000  -20.146261  -3.231363  -10.000000  71.952576  53.675138  4.107144  -12.860766  56.767427  -14.165162  33.070828  121.119260
0.354193  0.000000  0.000000  0.000000  -20.146261  -3.231363  -5.714286  73.557994  49.581517  2.060809  -12.860766  56.767427  -14.165162  33.070828  121.119260
0.354450  0.000000  0.000000  0.000000  -20.146261  -3.231363  -1.428571  74.833291  45.457409  0.332784  -12.860766  56.767427  -14.165162  33.070828  121.119260
0.354706  0.000000  0.000000  0.000000  -20.146261  -3.231363  2.857143  75.858497  41.310817  -1.158738  -12.860766  56.767427  -14.165162  33.070828  121.119260
0.354963  0.000000  0.000000  0.000000  -20.146261  -3.231363  7.142857  76.689131  37.147282  -2.471254  -12.860766  56.767427  -14.165162  33.070828  121.119260
0.355219  0.000000  0.000000  0.000000  -20.146261  -3.231363  11.428571  77.364619  32.970785  -3.646384  -12.860766  56.767427  -14.165162  33.070828  121.119260
0.355476  0.000000  0.000000  0.000000  -20.146261  -3.231363  15.714286  77.913467  28.784283  -4.715099  -12.860766  56.767427  -14.165162  33.070828  121.119260
0.355732  0.000000  0.000000  0.000000  -20.146261  -3.231363  20.000000  78.356607  24.590020  -5.701109  -12.860766  56.767427  -14.165162  33.070828  121.119260
0.355989  0.000000  0.000000  0.000000  -20.146261  -3.231363  24.285714  78.709511  20.389753  -6.623047  -12.860766  56.767427  -14.165162  33.070828  121.119260
0.356245  0.000000  0.000000  0.000000  -20.146261  -3.231363  28.571429  78.983608  16.184902  -7.495965  -12.860766  56.767427  -14.165162  33.070828  121.119260
0.356502  0.000000  0.000000  0.000000  -20.146261  -3.231363  32.857143  79.187241  11.976634  -8.332392  -12.860766  56.767427  -14.165162  33.070828  121.119260
0.356758  0.000000  0.000000  0.000000  -20.146261  -3.231363  37.142857  79.326322  7.765967  -9.143106  -12.860766  56.767427  -14.165162  33.070828  121.119260
0.357015  0.000000  0.000000  0.000000  -20.146261  -3.231363  41.428571  79.404742  3.553794  -9.937699  -12.860766  56.767427  -14.165162  33.070828  121.119260
0.357271  0.000000  0.000000  0.000000  -20.146261  -3.231363  45.714286  79.424643  -0.659048  -10.725055  -12.860766  56.767427  -14.165162  33.070828  121.119260
0.357528  0.000000  0.000000  0.000000  -20.146261  -3.231363  50.000000  79.386565  -4.871778  -11.513748  -12.860766  56.767427  -14.165162  33.070828  121.119260
0.357784  0.000000  0.000000  0.000000  -36.215082  16.462623  -10.000000  59.267722  49.604310  28.312470  -3.201704  57.747309  1.088568  15.763473  110.778833
0.358041  0.000000  0.000000  0.000000  -36.215082  16.462623  -5.714286  61.596349  45.875524  25.168109  -3.201704  57.747309  1.088568  15.763473  110.778833
0.358297  0.000000  0.000000  0.000000  -36.215082  16.462623  -1.428571  63.503391  42.071434  22.423282  -3.201704  57.747309  1.088568  15.763473  110.778833
0.358553  0.000000  0.000000  0.000000  -36.215082  16.462623  2.857143  65.072156  38.209364  19.991428  -3.201704  57.747309  1.088568  15.763473  110.778833
0.358810  0.000000  0.000000  0.000000  -36.215082  16.462623  7.142857  66.365274  34.302216  17.806299  -3.201704  57.747309  1.088568  15.763473  110.778833
0.359066  0.000000  0.000000  0.000000  -36.215082  16.462623  11.428571  67.430124  30.359738  15.816536  -3.201704  57.747309  1.088568  15.763473  110.778833
0.359323  0.000000  0.000000  0.000000  -36.215082  16.462623  15.714286  68.302689  26.389470  13.981687  -3.201704  57.747309  1.088568  15.763473  110.778833
0.359579  0.000000  0.000000  0.000000  -36.215082  16.462623  20.000000  69.010373  22.397369  12.269312  -3.201704  57.747309  1.088568  15.763473  110.778833
0.359836  0.000000  0.000000  0.000000  -36.215082  16.462623  24.285714  69.574008  18.388248  10.652867  -3.201704  57.747309  1.088568  15.763473  110.778833
0.360092  0.000000  0.000000  0.000000  -36.215082  16.462623  28.571429  70.009293  14.366101  9.110135  -3.201704  57.747309  1.088568  15.763473  110.778833
0.360349  0.000000  0.000000  0.000000  -36.215082  16.462623  32.857143  70.327778  10.334311  7.622062  -3.201704  57.747309  1.088568  15.763473  110.778833
0.360605  0.000000  0.000000  0.000000  -36.215082  16.462623  37.142857  70.537662  6.295890  6.171758  -3.201704  57.747309  1.088568  15.763473  110.778833
0.360862  0.000000  0.000000  0.000000  -36.215082  16.462623  41.428571  70.644164  2.253523  4.743892  -3.201704  57.747309  1.088568  15.763473  110.778833
0.361118  0.000000  0.000000  0.000000  -36.215082  16.462623  45.714286  70.649909  -1.790233  3.323947  -3.201704  57.747309  1.088568  15.763473  110.778833
0.361375  0.000000  0.000000  0.000000  -36.215082  16.462623  50.000000  70.555036  -5.832886  1.897714  -3.201704  57.747309  1.088568  15.763473  110.778833
0.361631  0.000000  0.000000  0.000000  -46.223596  -1.380777  -10.000000  72.342920  33.849034  1.543210  -11.226890  44.849571  -11.212047  23.511521  113.755177
0.361888  0.000000  0.000000  0.000000  -46.223596  -1.380777  -5.714286  73.131917  29.756105  0.047062  -11.226890  44.849571  -11.212047  23.511521  113.755177
0.362144  0.000000  0.000000  0.000000  -46.223596  -1.380777  -1.428571  73.773107  25.647672  -1.331282  -11.226890  44.849571  -11.212047  23.511521  113.755177
0.362401  0.000000  0.000000  0.000000  -46.223596  -1.380777  2.857143  74.288176  21.527162  -2.617602  -11.226890  44.849571  -11.212047  23.511521  113.755177
0.362657  0.000000  0.000000  0.000000  -46.223596  -1.380777  7.142857  74.693327  17.397339  -3.832763  -11.226890  44.849571  -11.212047  23.511521  113.755177
0.362914  0.000000  0.000000  0.000000  -46.223596  -1.380777  11.428571  75.000552  13.260489  -4.994116  -11.226890  44.849571  -11.212047  23.511521  113.755177
0.363170  0.000000  0.000000  0.000000  -46.223596  -1.380777  15.714286  75.218510  9.118559  -6.116522  -11.226890  44.849571  -11.212047  23.511521  113.755177
0.363427  0.000000  0.000000  0.000000  -46.223596  -1.380777  20.000000  75.353117  4.973267  -7.213127  -11.226890  44.849571  -11.212047  23.511521  113.755177
0.363683  0.000000  0.000000  0.000000  -46.223596  -1.380777  24.285714  75.407934  0.826186  -8.295985  -11.226890  44.849571  -11.212047  23.511521  113.755177
0.363939  0.000000  0.000000  0.000000  -46.223596  -1.380777  28.571429  75.384392  -3.321201  -9.376578  -11.226890  44.849571  -11.212047  23.511521  113.755177
0.364196  0.000000  0.000000  0.000000  -46.223596  -1.380777  32.857143  75.281879  -7.467377  -10.466303  -11.226890  44.849571  -11.212047  23.511521  113.755177
0.364452  0.000000  0.000000  0.000000  -46.223596  -1.380777  37.142857  75.097698  -11.610841  -11.576931  -11.226890  44.849571  -11.212047  23.511521  113.755177
0.364709  0.000000  0.000000  0.000000  -46.223596  -1.380777  41.428571  74.826911  -15.749934  -12.721097  -11.226890  44.849571  -11.212047  23.511521  113.755177
0.364965  0.000000  0.000000  0.000000  -46.223596  -1.380777  45.714286  74.462010  -19.882807  -13.912902  -11.226890  44.849571  -11.212047  23.511521  113.755177
0.365222  0.000000  0.000000  0.000000  -46.223596  -1.380777  50.000000  73.992415  -24.007330  -15.168593  -11.226890  44.849571  -11.212047  23.511521  113.755177
0.365478  0.000000  0.000000  0.000000  -40.859359  1.405633  -10.000000  72.099764  45.091307  8.304408  12.258789  45.708053  -1.114393  24.985650  118.786687
0.365735  0.000000  0.000000  0.000000  -40.859359  1.405633  -5.714286  73.290988  40.999185  6.560406  12.258789  45.708053  -1.114393  24.985650  118.786687
0.365991  0.000000  0.000000  0.000000  -40.859359  1.405633  -1.428571  74.259120  36.883865  5.021136  12.258789  45.708053  -1.114393  24.985650  118.786687
0.366248  0.000000  0.000000  0.000000  -40.859359  1.405633  2.857143  75.048309  32.750728  3.639870  12.258789  45.708053  -1.114393  24.985650  118.786687
0.366504  0.000000  0.000000  0.000000  -40.859359  1.405633  7.142857  75.690773  28.603789  2.381496  12.258789  45.708053  -1.114393  24.985650  118.786687
0.366761  0.000000  0.000000  0.000000  -40.859359  1.405633  11.428571  76.210306  24.446120  1.218955  12.258789  45.708053  -1.114393  24.985650  118.786687
0.367017  0.000000  0.000000  0.000000  -40.859359  1.405633  15.714286  76.624585  20.280132  0.130856  12.258789  45.708053  -1.114393  24.985650  118.786687
0.367274  0.000000  0.000000  0.000000  -40.859359  1.405633  20.000000  76.946726  16.107779  -0.900165  12.258789  45.708053  -1.114393  24.985650  118.786687
0.367530  0.000000  0.000000  0.000000  -40.859359  1.405633  24.285714  77.186342  11.930684  -1.888621  12.258789  45.708053  -1.114393  24.985650  118.786687
0.367787  0.000000  0.000000  0.000000  -40.859359  1.405633  28.571429  77.350252  7.750245  -2.847025  12.258789  45.708053  -1.114393  24.985650  118.786687
0.368043  0.000000  0.000000  0.000000  -40.859359  1.405633  32.857143  77.442958  3.567713  -3.786543  12.258789  45.708053  -1.114393  24.985650  118.786687
0.368300  0.000000  0.000000  0.000000  -40.859359  1.405633  37.142857  77.466955  -0.615781  -4.717532  12.258789  45.708053  -1.114393  24.985650  118.786687
0.368556  0.000000  0.000000  0.000000  -40.859359  1.405633  41.428571  77.422880  -4.799109  -5.649977  12.258789  45.708053  -1.114393  24.985650  118.786687
0.368813  0.000000  0.000000  0.000000  -40.859359  1.405633  45.714286  77.309556  -8.981149  -6.593962  12.258789  45.708053  -1.114393  24.985650  118.786687
0.369069  0.000000  0.000000  0.000000  -40.859359  1.405633  50.000000  77.123925  -13.160739  -7.560002  12.258789  45.708053  -1.114393  24.985650  118.786687
0.369325  0.000000  0.000000  0.000000  -38.955153  15.982238  -10.000000  57.337481  26.504598  10.147359  -21.864393  46.092269  -1.250213  24.414932  115.221757
0.369582  0.000000  0.000000  0.000000  -38.955153  15.982238  -5.714286  58.386094  22.874964  7.638511  -21.864393  46.092269  -1.250213  24.414932  115.221757
0.369838  0.000000  0.000000  0.000000  -38.955153  15.982238  -1.428571  59.240245  19.208045  5.261071  -21.864393  46.092269  -1.250213  24.414932  115.221757
0.370095  0.000000  0.000000  0.000000  -38.955153  15.982238  2.857143  59.918947  15.511824  2.987856  -21.864393  46.092269  -1.250213  24.414932  115.221757
0.370351  0.000000  0.000000  0.000000  -38.955153  15.982238  7.142857  60.436880  11.793184  0.794940  -21.864393  46.092269  -1.250213  24.414932  115.221757
0.370608  0.000000  0.000000  0.000000  -38.955153  15.982238  11.428571  60.804969  8.058203  -1.339139  -21.864393  46.092269  -1.250213  24.414932  115.221757
0.370864  0.000000  0.000000  0.000000  -38.955153  15.982238  15.714286  61.030834  4.312395  -3.434092  -21.864393  46.092269  -1.250213  24.414932  115.221757
0.371121  0.000000  0.000000  0.000000  -38.955153  15.982238  20.000000  61.119081  0.560897  -5.508449  -21.864393  46.092269  -1.250213  24.414932  115.221757
0.371377  0.000000  0.000000  0.000000  -38.955153  15.982238  24.285714  61.071500  -3.191329  -7.580142  -21.864393  46.092269  -1.250213  24.414932  115.221757
0.371634  0.000000  0.000000  0.000000  -38.955153  15.982238  28.571429  60.887126  -6.939365  -9.667031  -21.864393  46.092269  -1.250213  24.414932  115.221757
0.371890  0.000000  0.000000  0.000000  -38.955153  15.982238  32.857143  60.562208  -10.678139  -11.787415  -21.864393  46.092269  -1.250213  24.414932  115.221757
0.372147  0.000000  0.000000  0.000000  -38.955153  15.982238  37.142857  60.090056  -14.402271  -13.960588  -21.864393  46.092269  -1.250213  24.414932  115.221757
0.372403  0.000000  0.000000  0.000000  -38.955153  15.982238  41.428571  59.460772  -18.105873  -16.207418  -21.864393  46.092269  -1.250213  24.414932  115.221757
0.372660  0.000000  0.000000  0.000000  -38.955153  15.982238  45.714286  58.660855  -21.782327  -18.551010  -21.864393  46.092269  -1.250213  24.414932  115.221757
0.372916  0.000000  0.000000  0.000000  -38.955153  15.982238  50.000000  57.672642  -25.424024  -21.017508  -21.864393  46.092269  -1.250213  24.414932  115.221757
0.373173  0.000000  0.000000  0.000000  -23.235851  13.103938  -10.000000  56.536881  38.907258  17.141703  11.006208  43.091698  -22.424042  25.681832  117.416817
0.373429  0.000000  0.000000  0.000000  -23.235851  13.103938  -5.714286  58.283655  35.295426  14.247815  11.006208  43.091698  -22.424042  25.681832  117.416817
0.373686  0.000000  0.000000  0.000000  -23.235851  13.103938  -1.428571  59.742486  31.620587  11.603455  11.006208  43.091698  -22.424042  25.681832  117.416817
0.373942  0.000000  0.000000  0.000000  -23.235851  13.103938  2.857143  60.955268  27.895444  9.161565  11.006208  43.091698  -22.424042  25.681832  117.416817
0.374199  0.000000  0.000000  0.000000  -23.235851  13.103938  7.142857  61.955148  24.130143  6.883195  11.006208  43.091698  -22.424042  25.681832  117.416817
0.374455  0.000000  0.000000  0.000000  -23.235851  13.103938  11.428571  62.768140  20.332984  4.735815  11.006208  43.091698  -22.424042  25.681832  117.416817
0.374711  0.000000  0.000000  0.000000  -23.235851  13.103938  15.714286  63.414475  16.510860  2.691834  11.006208  43.091698  -22.424042  25.681832  117.416817
0.374968  0.000000  0.000000  0.000000  -23.235851  13.103938  20.000000  63.909638  12.669645  0.727428  11.006208  43.091698  -22.424042  25.681832  117.416817
0.375224  0.000000  0.000000  0.000000  -23.235851  13.103938  24.285714  64.265117  8.814450  -1.178487  11.006208  43.091698  -22.424042  25.681832  117.416817
0.375481  0.000000  0.000000  0.000000  -23.235851  13.103938  28.571429  64.488917  4.949852  -3.044932  11.006208  43.091698  -22.424042  25.681832  117.416817
0.375737  0.000000  0.000000  0.000000  -23.235851  13.103938  32.857143  64.586007  1.080089  -4.889654  11.006208  43.091698  -22.424042  25.681832  117.416817
0.375994  0.000000  0.000000  0.000000  -23.235851  13.103938  37.142857  64.558520  -2.790789  -6.729676  11.006208  43.091698  -22.424042  25.681832  117.416817
0.376250  0.000000  0.000000  0.000000  -23.235851  13.103938  41.428571  64.405856  -6.658776  -8.581871  11.006208  43.091698  -22.424042  25.681832  117.416817
0.376507  0.000000  0.000000  0.000000  -23.235851  13.103938  45.714286  64.124639  -10.519753  -10.463521  11.006208  43.091698  -22.424042  25.681832  117.416817
0.376763  0.000000  0.000000  0.000000  -23.235851  13.103938  50.000000  63.708620  -14.369367  -12.392820  11.006208  43.091698  -22.424042  25.681832  117.416817
0.377020  0.000000  0.000000  0.000000  -34.662140  20.193253  -10.000000  52.709792  29.122052  13.853212  12.501164  50.249106  -21.078800  29.721620  115.601345
0.377276  0.000000  0.000000  0.000000  -34.662140  20.193253  -5.714286  54.035910  25.681822  10.973559  12.501164  50.249106  -21.078800  29.721620  115.601345
0.377533  0.000000  0.000000  0.000000  -34.662140  20.193253  -1.428571  55.138747  22.188258  8.256880  12.501164  50.249106  -21.078800  29.721620  115.601345
0.377789  0.000000  0.000000  0.000000  -34.662140  20.193253  2.857143  56.040844  18.651848  5.672950  12.501164  50.249106  -21.078800  29.721620  115.601345
0.378046  0.000000  0.000000  0.000000  -34.662140  20.193253  7.142857  56.760241  15.081583  3.195082  12.501164  50.249106  -21.078800  29.721620  115.601345
0.378302  0.000000  0.000000  0.000000  -34.662140  20.193253  11.428571  57.311034  11.485291  0.799430  12.501164  50.249106  -21.078800  29.721620  115.601345
0.378559  0.000000  0.000000  0.000000  -34.662140  20.193253  15.714286  57.703821  7.869950  -1.535664  12.501164  50.249106  -21.078800  29.721620  115.601345
0.378815  0.000000  0.000000  0.000000  -34.662140  20.193253  20.000000  57.946047  4.241929  -3.830272  12.501164  50.249106  -21.078800  29.721620  115.601345
0.379072  0.000000  0.000000  0.000000  -34.662140  20.193253  24.285714  58.042277  0.607189  -6.103376  12.501164  50.249106  -21.078800  29.721620  115.601345
0.379328  0.000000  0.000000  0.000000  -34.662140  20.193253  28.571429  57.994272  -3.028506  -8.373424  12.501164  50.249106  -21.078800  29.721620  115.601345
0.379585  0.000000  0.000000  0.000000  -34.662140  20.193253  32.857143  57.801187  -6.659415  -10.658777  12.501164  50.249106  -21.078800  29.721620  115.601345
0.379841  0.000000  0.000000  0.000000  -34.662140  20.193253  37.142857  57.459355  -10.279679  -12.978177  12.501164  50.249106  -21.078800  29.721620  115.601345
0.380097  0.000000  0.000000  0.000000  -34.662140  20.193253  41.428571  56.962343  -13.883071  -15.351288  12.501164  50.249106  -21.078800  29.721620  115.601345
0.380354  0.000000  0.000000  0.000000  -34.662140  20.193253  45.714286  56.300646  -17.462853  -17.799168  12.501164  50.249106  -21.078800  29.721620  115.601345
0.380610  0.000000  0.000000  0.000000  -34.662140  20.193253  50.000000  55.461365  -21.011502  -20.344865  12.501164  50.249106  -21.078800  29.721620  115.601345
0.380867  0.000000  0.000000  0.000000  -21.715635  5.139416  -10.000000  68.065802  45.232169  16.960861  0.474641  54.601853  -16.706034  19.582360  119.690389
0.381123  0.000000  0.000000  0.000000  -21.715635  5.139416  -5.714286  69.523956  41.236057  14.833527  0.474641  54.601853  -16.706034  19.582360  119.690389
0.381380  0.000000  0.000000  0.000000  -21.715635  5.139416  -1.428571  70.714063  37.205331  12.952632  0.474641  54.601853  -16.706034  19.582360  119.690389
0.381636  0.000000  0.000000  0.000000  -21.715635  5.139416  2.857143  71.687922  33.147894  11.263335  0.474641  54.601853  -16.706034  19.582360  119.690389
0.381893  0.000000  0.000000  0.000000  -21.715635  5.139416  7.142857  72.483794  29.069679  9.723976  0.474641  54.601853  -16.706034  19.582360  119.690389
0.382149  0.000000  0.000000  0.000000  -21.715635  5.139416  11.428571  73.130201  24.975245  8.302203  0.474641  54.601853  -16.706034  19.582360  119.690389
0.382406  0.000000  0.000000  0.000000  -21.715635  5.139416  15.714286  73.648510  20.868174  6.972312  0.474641  54.601853  -16.706034  19.582360  119.690389
0.382662  0.000000  0.000000  0.000000  -21.715635  5.139416  20.000000  74.054708  16.751384  5.713358  0.474641  54.601853  -16.706034  19.582360  119.690389
0.382919  0.000000  0.000000  0.000000  -21.715635  5.139416  24.285714  74.360609  12.627280  4.507842  0.474641  54.601853  -16.706034  19.582360  119.690389
0.383175  0.000000  0.000000  0.000000  -21.715635  5.139416  28.571429  74.574708  8.497937  3.340674  0.474641  54.601853  -16.706034  19.582360  119.690389
0.383432  0.000000  0.000000  0.000000  -21.715635  5.139416  32.857143  74.702746  4.365193  2.198427  0.474641  54.601853  -16.706034  19.582360  119.690389
0.383688  0.000000  0.000000  0.000000  -21.715635  5.139416  37.142857  74.748075  0.230741  1.068712  0.474641  54.601853  -16.706034  19.582360  119.690389
0.383945  0.000000  0.000000  0.000000  -21.715635  5.139416  41.428571  74.711861  -3.903802  -0.060342  0.474641  54.601853  -16.706034  19.582360  119.690389
0.384201  0.000000  0.000000  0.000000  -21.715635  5.139416  45.714286  74.593184  -8.036817  -1.200594  0.474641  54.601853  -16.706034  19.582360  119.690389
0.384458  0.000000  0.000000  0.000000  -21.715635  5.139416  50.000000  74.388928  -12.166628  -2.364339  0.474641  54.601853  -16.706034  19.582360  119.690389
0.384714  0.000000  0.000000  0.000000  -35.359327  5.983445  -10.000000  62.119949  45.213429  6.996226  -5.742140  56.216330  2.487766  33.335073  115.029205
0.384971  0.000000  0.000000  0.000000  -35.359327  5.983445  -5.714286  63.952309  41.392760  4.326316  -5.742140  56.216330  2.487766  33.335073  115.029205
0.385227  0.000000  0.000000  0.000000  -35.359327  5.983445  -1.428571  65.460104  37.517246  1.955173  -5.742140  56.216330  2.487766  33.335073  115.029205
0.385483  0.000000  0.000000  0.000000  -35.359327  5.983445  2.857143  66.702781  33.599044  -0.180329  -5.742140  56.216330  2.487766  33.335073  115.029205
0.385740  0.000000  0.000000  0.000000  -35.359327  5.983445  7.142857  67.725322  29.647361  -2.129216  -5.742140  56.216330  2.487766  33.335073  115.029205
0.385996  0.000000  0.000000  0.000000  -35.359327  5.983445  11.428571  68.561893  25.669343  -3.930196  -5.742140  56.216330  2.487766  33.335073  115.029205
0.386253  0.000000  0.000000  0.000000  -35.359327  5.983445  15.714286  69.238504  21.670655  -5.614408  -5.742140  56.216330  2.487766  33.335073  115.029205
0.386509  0.000000  0.000000  0.000000  -35.359327  5.983445  20.000000  69.774902  17.655900  -7.207425  -5.742140  56.216330  2.487766  33.335073  115.029205
0.386766  0.000000  0.000000  0.000000  -35.359327  5.983445  24.285714  70.185906  13.628899  -8.730717  -5.742140  56.216330  2.487766  33.335073  115.029205
0.387022  0.000000  0.000000  0.000000  -35.359327  5.983445  28.571429  70.482391  9.592939  -10.202834  -5.742140  56.216330  2.487766  33.335073  115.029205
0.387279  0.000000  0.000000  0.000000  -35.359327  5.983445  32.857143  70.671924  5.550907  -11.640228  -5.742140  56.216330  2.487766  33.335073  115.029205
0.387535  0.000000  0.000000  0.000000  -35.359327  5.983445  37.142857  70.759233  1.505456  -13.058016  -5.742140  56.216330  2.487766  33.335073  115.029205
0.387792  0.000000  0.000000  0.000000  -35.359327  5.983445  41.428571  70.746461  -2.540914  -14.470539  -5.742140  56.216330  2.487766  33.335073  115.029205
0.388048  0.000000  0.000000  0.000000  -35.359327  5.983445  45.714286  70.633296  -6.585733  -15.891956  -5.742140  56.216330  2.487766  33.335073  115.029205
0.388305  0.000000  0.000000  0.000000  -35.359327  5.983445  50.000000  70.416949  -10.626468  -17.336757  -5.742140  56.216330  2.487766  33.335073  115.029205
0.388561  0.000000  0.000000  0.000000  -45.357802  -3.495009  -10.000000  84.316613  55.175770  -1.586401  -17.877401  68.372970  8.931839  35.429209  123.310084
0.388818  0.000000  0.000000  0.000000  -45.357802  -3.495009  -5.714286  84.854341  50.909111  -2.258870  -17.877401  68.372970  8.931839  35.429209  123.310084
0.389074  0.000000  0.000000  0.000000  -45.357802  -3.495009  -1.428571  85.275319  46.639240  -2.818201  -17.877401  68.372970  8.931839  35.429209  123.310084
0.389331  0.000000  0.000000  0.000000  -45.357802  -3.495009  2.857143  85.610144  42.367046  -3.295543  -17.877401  68.372970  8.931839  35.429209  123.310084
0.389587  0.000000  0.000000  0.000000  -45.357802  -3.495009  7.142857  85.879289  38.093120  -3.711975  -17.877401  68.372970  8.931839  35.429209  123.310084
0.389844  0.000000  0.000000  0.000000  -45.357802  -3.495009  11.428571  86.096883  33.817890  -4.082308  -17.877401  68.372970  8.931839  35.429209  123.310084
0.390100  0.000000  0.000000  0.000000  -45.357802  -3.495009  15.714286  86.272928  29.541660  -4.417303  -17.877401  68.372970  8.931839  35.429209  123.310084
0.390357  0.000000  0.000000  0.000000  -45.357802  -3.495009  20.000000  86.414677  25.264657  -4.725070  -17.877401  68.372970  8.931839  35.429209  123.310084
0.390613  0.000000  0.000000  0.000000  -45.357802  -3.495009  24.285714  86.527404  20.987060  -5.011860  -17.877401  68.372970  8.931839  35.429209  123.310084
0.390869  0.000000  0.000000  0.000000  -45.357802  -3.495009  28.571429  86.614947  16.709009  -5.282650  -17.877401  68.372970  8.931839  35.429209  123.310084
0.391126  0.000000  0.000000  0.000000  -45.357802  -3.495009  32.857143  86.680118  12.430621  -5.541537  -17.877401  68.372970  8.931839  35.429209  123.310084
0.391382  0.000000  0.000000  0.000000  -45.357802  -3.495009  37.142857  86.724899  8.151996  -5.792026  -17.877401  68.372970  8.931839  35.429209  123.310084
0.391639  0.000000  0.000000  0.000000  -45.357802  -3.495009  41.428571  86.750599  3.873220  -6.037202  -17.877401  68.372970  8.931839  35.429209  123.310084
0.391895  0.000000  0.000000  0.000000  -45.357802  -3.495009  45.714286  86.757947  -0.405624  -6.279906  -17.877401  68.372970  8.931839  35.429209  123.310084
0.392152  0.000000  0.000000  0.000000  -45.357802  -3.495009  50.000000  86.747142  -4.684465  -6.522865  -17.877401  68.372970  8.931839  35.429209  123.310084
0.392408  0.000000  0.000000  0.000000  -43.628236  8.457641  -10.000000  72.186892  51.137321  17.713125  3.578345  65.963786  5.427590  32.629496  114.172245
0.392665  0.000000  0.000000  0.000000  -43.628236  8.457641  -5.714286  73.640682  47.040265  15.790731  3.578345  65.963786  5.427590  32.629496  114.172245
0.392921  0.000000  0.000000  0.000000  -43.628236  8.457641  -1.428571  74.805587  42.915649  14.143786  3.578345  65.963786  5.427590  32.629496  114.172245
0.393178  0.000000  0.000000  0.000000  -43.628236  8.457641  2.857143  75.747658  38.770396  12.704275  3.578345  65.963786  5.427590  32.629496  114.172245
0.393434  0.000000  0.000000  0.000000  -43.628236  8.457641  7.142857  76.513468  34.609436  11.423417  3.578345  65.963786  5.427590  32.629496  114.172245
0.393691  0.000000  0.000000  0.000000  -43.628236  8.457641  11.428571  77.136645  30.436354  10.265138  3.578345  65.963786  5.427590  32.629496  114.172245
0.393947  0.000000  0.000000  0.000000  -43.628236  8.457641  15.714286  77.641651  26.253898  9.202211  3.578345  65.963786  5.427590  32.629496  114.172245
0.394204  0.000000  0.000000  0.000000  -43.628236  8.457641  20.000000  78.046641  22.064163  8.213349  3.578345  65.963786  5.427590  32.629496  114.172245
0.394460  0.000000  0.000000  0.000000  -43.628236  8.457641  24.285714  78.365046  17.868833  7.281546  3.578345  65.963786  5.427590  32.629496  114.172245
0.394717  0.000000  0.000000  0.000000  -43.628236  8.457641  28.571429  78.606730  13.669277  6.392826  3.578345  65.963786  5.427590  32.629496  114.172245
0.394973  0.000000  0.000000  0.000000  -43.628236  8.457641  32.857143  78.778809  9.466668  5.535297  3.578345  65.963786  5.427590  32.629496  114.172245
0.395230  0.000000  0.000000  0.000000  -43.628236  8.457641  37.142857  78.886148  5.262026  4.698536  3.578345  65.963786  5.427590  32.629496  114.172245
0.395486  0.000000  0.000000  0.000000  -43.628236  8.457641  41.428571  78.931671  1.056295  3.873025  3.578345  65.963786  5.427590  32.629496  114.172245
0.395742  0.000000  0.000000  0.000000  -43.628236  8.457641  45.714286  78.916613  -3.149672  3.049745  3.578345  65.963786  5.427590  32.629496  114.172245
0.395999  0.000000  0.000000  0.000000  -43.628236  8.457641  50.000000  78.840585  -7.354976  2.219779  3.578345  65.963786  5.427590  32.629496  114.172245
0.396255  0.000000  0.000000  0.000000  -37.428348  16.117537  -10.000000  60.508517  44.476551  27.690332  -15.429854  68.943028  -9.245695  24.450007  114.794600
0.396512  0.000000  0.000000  0.000000  -37.428348  16.117537  -5.714286  62.392504  40.711050  24.908447  -15.429854  68.943028  -9.245695  24.450007  114.794600
0.396768  0.000000  0.000000  0.000000  -37.428348  16.117537  -1.428571  63.948412  36.885962  22.426903  -15.429854  68.943028  -9.245695  24.450007  114.794600
0.397025  0.000000  0.000000  0.000000  -37.428348  16.117537  2.857143  65.234249  33.014230  20.183798  -15.429854  68.943028  -9.245695  24.450007  114.794600
0.397281  0.000000  0.000000  0.000000  -37.428348  16.117537  7.142857  66.294334  29.105762  18.130464  -15.429854  68.943028  -9.245695  24.450007  114.794600
0.397538  0.000000  0.000000  0.000000  -37.428348  16.117537  11.428571  67.162603  25.168323  16.228131  -15.429854  68.943028  -9.245695  24.450007  114.794600
0.397794  0.000000  0.000000  0.000000  -37.428348  16.117537  15.714286  67.865062  21.208100  14.445310  -15.429854  68.943028  -9.245695  24.450007  114.794600
0.398051  0.000000  0.000000  0.000000  -37.428348  16.117537  20.000000  68.421541  17.230152  12.755951  -15.429854  68.943028  -9.245695  24.450007  114.794600
0.398307  0.000000  0.000000  0.000000  -37.428348  16.117537  24.285714  68.846960  13.238701  11.138041  -15.429854  68.943028  -9.245695  24.450007  114.794600
0.398564  0.000000  0.000000  0.000000  -37.428348  16.117537  28.571429  69.152277  9.237399  9.572443  -15.429854  68.943028  -9.245695  24.450007  114.794600
0.398820  0.000000  0.000000  0.000000  -37.428348  16.117537  32.857143  69.345095  5.229468  8.042096  -15.429854  68.943028  -9.245695  24.450007  114.794600
0.399077  0.000000  0.000000  0.000000  -37.428348  16.117537  37.142857  69.430114  1.217880  6.531247  -15.429854  68.943028  -9.245695  24.450007  114.794600
0.399333  0.000000  0.000000  0.000000  -37.428348  16.117537  41.428571  69.409374  -2.794553  5.024902  -15.429854  68.943028  -9.245695  24.450007  114.794600
0.399590  0.000000  0.000000  0.000000  -37.428348  16.117537  45.714286  69.282381  -6.805045  3.508210  -15.429854  68.943028  -9.245695  24.450007  114.794600
0.399846  0.000000  0.000000  0.000000  -37.428348  16.117537  50.000000  69.046069  -10.810735  1.965944  -15.429854  68.943028  -9.245695  24.450007  114.794600
0.400103  0.000000  0.000000  0.000000  -41.267358  19.025589  -10.000000  51.963649  40.965165  23.848653  7.818624  46.841213  -22.716255  29.767000  115.667414
0.400359  0.000000  0.000000  0.000000  -41.267358  19.025589  -5.714286  54.071407  37.540500  20.519560  7.818624  46.841213  -22.716255  29.767000  115.667414
0.400616  0.000000  0.000000  0.000000  -41.267358  19.025589  -1.428571  55.846086  34.030659  17.486532  7.818624  46.841213  -22.716255  29.767000  115.667414
0.400872  0.000000  0.000000  0.000000  -41.267358  19.025589  2.857143  57.335247  30.452316  14.696925  7.818624  46.841213  -22.716255  29.767000  115.667414
0.401128  0.000000  0.000000  0.000000  -41.267358  19.025589  7.142857  58.577427  26.818866  12.106572  7.818624  46.841213  -22.716255  29.767000  115.667414
0.401385  0.000000  0.000000  0.000000  -41.267358  19.025589  11.428571  59.603573  23.141203  9.678255  7.818624  46.841213  -22.716255  29.767000  115.667414
0.401641  0.000000  0.000000  0.000000  -41.267358  19.025589  15.714286  60.438247  19.428360  7.380369  7.818624  46.841213  -22.716255  29.767000  115.667414
0.401898  0.000000  0.000000  0.000000  -41.267358  19.025589  20.000000  61.100752  15.687902  5.185664  7.818624  46.841213  -22.716255  29.767000  115.667414
0.402154  0.000000  0.000000  0.000000  -41.267358  19.025589  24.285714  61.605920  11.926351  3.070299  7.818624  46.841213  -22.716255  29.767000  115.667414
0.402411  0.000000  0.000000  0.000000  -41.267358  19.025589  28.571429  61.964745  8.149438  1.012995  7.818624  46.841213  -22.716255  29.767000  115.667414
0.402667  0.000000  0.000000  0.000000  -41.267358  19.025589  32.857143  62.184864  4.362362  -1.005746  7.818624  46.841213  -22.716255  29.767000  115.667414
0.402924  0.000000  0.000000  0.000000  -41.267358  19.025589  37.142857  62.270909  0.569945  -3.004188  7.818624  46.841213  -22.716255  29.767000  115.667414
0.403180  0.000000  0.000000  0.000000  -41.267358  19.025589  41.428571  62.224671  -3.223165  -4.999995  7.818624  46.841213  -22.716255  29.767000  115.667414
0.403437  0.000000  0.000000  0.000000  -41.267358  19.025589  45.714286  62.045191  -7.012344  -7.010753  7.818624  46.841213  -22.716255  29.767000  115.667414
0.403693  0.000000  0.000000  0.000000  -41.267358  19.025589  50.000000  61.728708  -10.792834  -9.054492  7.818624  46.841213  -22.716255  29.767000  115.667414
0.403950  0.000000  0.000000  0.000000  -28.441334  0.952448  -10.000000  71.559163  41.937157  7.399545  -13.523721  42.569815  -1.207741  29.258843  117.897284
0.404206  0.000000  0.000000  0.000000  -28.441334  0.952448  -5.714286  72.660409  37.858302  5.683818  -13.523721  42.569815  -1.207741  29.258843  117.897284
0.404463  0.000000  0.000000  0.000000  -28.441334  0.952448  -1.428571  73.559136  33.757170  4.148752  -13.523721  42.569815  -1.207741  29.258843  117.897284
0.404719  0.000000  0.000000  0.000000  -28.441334  0.952448  2.857143  74.292311  29.638780  2.754354  -13.523721  42.569815  -1.207741  29.258843  117.897284
0.404976  0.000000  0.000000  0.000000  -28.441334  0.952448  7.142857  74.887272  25.506956  1.469876  -13.523721  42.569815  -1.207741  29.258843  117.897284
0.405232  0.000000  0.000000  0.000000  -28.441334  0.952448  11.428571  75.364378  21.364680  0.271097  -13.523721  42.569815  -1.207741  29.258843  117.897284
0.405489  0.000000  0.000000  0.000000  -28.441334  0.952448  15.714286  75.738807  17.214375  -0.861585  -13.523721  42.569815  -1.207741  29.258843  117.897284
0.405745  0.000000  0.000000  0.000000  -28.441334  0.952448  20.000000  76.021744  13.058013  -1.944417  -13.523721  42.569815  -1.207741  29.258843  117.897284
0.406002  0.000000  0.000000  0.000000  -28.441334  0.952448  24.285714  76.221245  8.897299  -2.991347  -13.523721  42.569815  -1.207741  29.258843  117.897284
0.406258  0.000000  0.000000  0.000000  -28.441334  0.952448  28.571429  76.342768  4.733721  -4.014674  -13.523721  42.569815  -1.207741  29.258843  117.897284
0.406514  0.000000  0.000000  0.000000  -28.441334  0.952448  32.857143  76.389568  0.568661  -5.025745  -13.523721  42.569815  -1.207741  29.258843  117.897284
0.406771  0.000000  0.000000  0.000000  -28.441334  0.952448  37.142857  76.362876  -3.596577  -6.035351  -13.523721  42.569815  -1.207741  29.258843  117.897284
0.407027  0.000000  0.000000  0.000000  -28.441334  0.952448  41.428571  76.261987  -7.760687  -7.054251  -13.523721  42.569815  -1.207741  29.258843  117.897284
0.407284  0.000000  0.000000  0.000000  -28.441334  0.952448  45.714286  76.084223  -11.922327  -8.093560  -13.523721  42.569815  -1.207741  29.258843  117.897284
0.407540  0.000000  0.000000  0.000000  -28.441334  0.952448  50.000000  75.824751  -16.080037  -9.165283  -13.523721  42.569815  -1.207741  29.258843  117.897284
0.407797  0.000000  0.000000  0.000000  -23.300621  1.628218  -10.000000  67.510412  46.293876  4.308719  10.998988  65.465593  -22.479824  18.791209  118.710412
0.408053  0.000000  0.000000  0.000000  -23.300621  1.628218  -5.714286  69.058733  42.311688  2.093388  10.998988  65.465593  -22.479824  18.791209  118.710412
0.408310  0.000000  0.000000  0.000000  -23.300621  1.628218  -1.428571  70.320998  38.291958  0.143196  10.998988  65.465593  -22.479824  18.791209  118.710412
0.408566  0.000000  0.000000  0.000000  -23.300621  1.628218  2.857143  71.353661  34.243344  -1.601295  10.998988  65.465593  -22.479824  18.791209  118.710412
0.408823  0.000000  0.000000  0.000000  -23.300621  1.628218  7.142857  72.198340  30.172299  -3.185010  10.998988  65.465593  -22.479824  18.791209  118.710412
0.409079  0.000000  0.000000  0.000000  -23.300621  1.628218  11.428571  72.885989  26.083750  -4.642624  10.998988  65.465593  -22.479824  18.791209  118.710412
0.409336  0.000000  0.000000  0.000000  -23.300621  1.628218  15.714286  73.439784  21.981542  -6.001520  10.998988  65.465593  -22.479824  18.791209  118.710412
0.409592  0.000000  0.000000  0.000000  -23.300621  1.628218  20.000000  73.877106  17.868793  -7.283882  10.998988  65.465593  -22.479824  18.791209  118.710412
0.409849  0.000000  0.000000  0.000000  -23.300621  1.628218  24.285714  74.210824  13.748029  -8.508065  10.998988  65.465593  -22.479824  18.791209  118.710412
0.410105  0.000000  0.000000  0.000000  -23.300621  1.628218  28.571429  74.450326  9.621437  -9.689812  10.998988  65.465593  -22.479824  18.791209  118.710412
0.410362  0.000000  0.000000  0.000000  -23.300621  1.628218  32.857143  74.602070  5.490930  -10.843005  10.998988  65.465593  -22.479824  18.791209  118.710412
0.410618  0.000000  0.000000  0.000000  -23.300621  1.628218  37.142857  74.670051  1.358242  -11.980287  10.998988  65.465593  -22.479824  18.791209  118.710412
0.410875  0.000000  0.000000  0.000000  -23.300621  1.628218  41.428571  74.656029  -2.774980  -13.113679  10.998988  65.465593  -22.479824  18.791209  118.710412
0.411131  0.000000  0.000000  0.000000  -23.300621  1.628218  45.714286  74.559642  -6.907109  -14.255037  10.998988  65.465593  -22.479824  18.791209  118.710412
0.411388  0.000000  0.000000  0.000000  -23.300621  1.628218  50.000000  74.378385  -11.036479  -15.416542  10.998988  65.465593  -22.479824  18.791209  118.710412
0.411644  0.000000  0.000000  0.000000  -37.604385  20.231075  -10.000000  50.541487  33.593407  24.881330  -19.606432  63.510013  -11.736902  25.089787  122.463610
0.411900  0.000000  0.000000  0.000000  -37.604385  20.231075  -5.714286  52.208725  30.244233  21.729888  -19.606432  63.510013  -11.736902  25.089787  122.463610
0.412157  0.000000  0.000000  0.000000  -37.604385  20.231075  -1.428571  53.614686  26.824655  18.788428  -19.606432  63.510013  -11.736902  25.089787  122.463610
0.412413  0.000000  0.000000  0.000000  -37.604385  20.231075  2.857143  54.788815  23.347854  16.020848  -19.606432  63.510013  -11.736902  25.089787  122.463610
0.412670  0.000000  0.000000  0.000000  -37.604385  20.231075  7.142857  55.755259  19.824910  13.395590  -19.606432  63.510013  -11.736902  25.089787  122.463610
0.412926  0.000000  0.000000  0.000000  -37.604385  20.231075  11.428571  56.533493  16.265265  10.884872  -19.606432  63.510013  -11.736902  25.089787  122.463610
0.413183  0.000000  0.000000  0.000000  -37.604385  20.231075  15.714286  57.138805  12.677100  8.464021  -19.606432  63.510013  -11.736902  25.089787  122.463610
0.413439  0.000000  0.000000  0.000000  -37.604385  20.231075  20.000000  57.582989  9.067652  6.110668  -19.606432  63.510013  -11.736902  25.089787  122.463610
0.413696  0.000000  0.000000  0.000000  -37.604385  20.231075  24.285714  57.874446  5.443470  3.804304  -19.606432  63.510013  -11.736902  25.089787  122.463610
0.413952  0.000000  0.000000  0.000000  -37.604385  20.231075  28.571429  58.018699  1.810609  1.525656  -19.606432  63.510013  -11.736902  25.089787  122.463610
0.414209  0.000000  0.000000  0.000000  -37.604385  20.231075  32.857143  58.018417  -1.825093  -0.743868  -19.606432  63.510013  -11.736902  25.089787  122.463610
0.414465  0.000000  0.000000  0.000000  -37.604385  20.231075  37.142857  57.873591  -5.457922  -3.022596  -19.606432  63.510013  -11.736902  25.089787  122.463610
0.414722  0.000000  0.000000  0.000000  -37.604385  20.231075  41.428571  57.581526  -9.082065  -5.329104  -19.606432  63.510013  -11.736902  25.089787  122.463610
0.414978  0.000000  0.000000  0.000000  -37.604385  20.231075  45.714286  57.136732  -12.691447  -7.682673  -19.606432  63.510013  -11.736902  25.089787  122.463610
0.415235  0.000000  0.000000  0.000000  -37.604385  20.231075  50.000000  56.530729  -16.279511  -10.103855  -19.606432  63.510013  -11.736902  25.089787  122.463610
0.415491  0.000000  0.000000  0.000000  -41.177537  1.468228  -10.000000  71.107868  41.829413  7.222356  -12.533675  65.571823  9.861780  17.333168  118.623392
0.415748  0.000000  0.000000  0.000000  -41.177537  1.468228  -5.714286  72.231198  37.760778  5.468460  -12.533675  65.571823  9.861780  17.333168  118.623392
0.416004  0.000000  0.000000  0.000000  -41.177537  1.468228  -1.428571  73.148453  33.668871  3.898214  -12.533675  65.571823  9.861780  17.333168  118.623392
0.416261  0.000000  0.000000  0.000000  -41.177537  1.468228  2.857143  73.897042  29.558918  2.471107  -12.533675  65.571823  9.861780  17.333168  118.623392
0.416517  0.000000  0.000000  0.000000  -41.177537  1.468228  7.142857  74.504673  25.434911  1.155933  -12.533675  65.571823  9.861780  17.333168  118.623392
0.416774  0.000000  0.000000  0.000000  -41.177537  1.468228  11.428571  74.992006  21.299965  -0.071923  -12.533675  65.571823  9.861780  17.333168  118.623392
0.417030  0.000000  0.000000  0.000000  -41.177537  1.468228  15.714286  75.374456  17.156614  -1.232412  -12.533675  65.571823  9.861780  17.333168  118.623392
0.417286  0.000000  0.000000  0.000000  -41.177537  1.468228  20.000000  75.663388  13.006922  -2.342088  -12.533675  65.571823  9.861780  17.333168  118.623392
0.417543  0.000000  0.000000  0.000000  -41.177537  1.468228  24.285714  75.866993  8.852676  -3.415174  -12.533675  65.571823  9.861780  17.333168  118.623392
0.417799  0.000000  0.000000  0.000000  -41.177537  1.468228  28.571429  75.990816  4.695434  -4.464227  -12.533675  65.571823  9.861780  17.333168  118.623392
0.418056  0.000000  0.000000  0.000000  -41.177537  1.468228  32.857143  76.038155  0.536647  -5.500830  -12.533675  65.571823  9.861780  17.333168  118.623392
0.418312  0.000000  0.000000  0.000000  -41.177537  1.468228  37.142857  76.010272  -3.622315  -6.536028  -12.533675  65.571823  9.861780  17.333168  118.623392
0.418569  0.000000  0.000000  0.000000  -41.177537  1.468228  41.428571  75.906412  -7.780083  -7.580807  -12.533675  65.571823  9.861780  17.333168  118.623392
0.418825  0.000000  0.000000  0.000000  -41.177537  1.468228  45.714286  75.723833  -11.935248  -8.646533  -12.533675  65.571823  9.861780  17.333168  118.623392
0.419082  0.000000  0.000000  0.000000  -41.177537  1.468228  50.000000  75.457591  -16.086277  -9.745480  -12.533675  65.571823  9.861780  17.333168  118.623392
0.419338  0.000000  0.000000  0.000000  -41.188643  9.013115  -10.000000  62.273810  52.747019  18.543633  -11.832507  70.322289  -28.440736  20.128820  113.212080
0.419595  0.000000  0.000000  0.000000  -41.188643  9.013115  -5.714286  64.626326  48.912091  15.511168  -11.832507  70.322289  -28.440736  20.128820  113.212080
0.419851  0.000000  0.000000  0.000000  -41.188643  9.013115  -1.428571  66.525032  45.009068  12.915062  -11.832507  70.322289  -28.440736  20.128820  113.212080
0.420108  0.000000  0.000000  0.000000  -41.188643  9.013115  2.857143  68.069951  41.054770  10.652634  -11.832507  70.322289  -28.440736  20.128820  113.212080
0.420364  0.000000  0.000000  0.000000  -41.188643  9.013115  7.142857  69.333739  37.061268  8.648303  -11.832507  70.322289  -28.440736  20.128820  113.212080
0.420621  0.000000  0.000000  0.000000  -41.188643  9.013115  11.428571  70.369790  33.037432  6.845434  -11.832507  70.322289  -28.440736  20.128820  113.212080
0.420877  0.000000  0.000000  0.000000  -41.188643  9.013115  15.714286  71.217785  28.989943  5.200727  -11.832507  70.322289  -28.440736  20.128820  113.212080
0.421134  0.000000  0.000000  0.000000  -41.188643  9.013115  20.000000  71.907455  24.923953  3.680380  -11.832507  70.322289  -28.440736  20.128820  113.212080
0.421390  0.000000  0.000000  0.000000  -41.188643  9.013115  24.285714  72.461167  20.843532  2.257419  -11.832507  70.322289  -28.440736  20.128820  113.212080
0.421647  0.000000  0.000000  0.000000  -41.188643  9.013115  28.571429  72.895703  16.751982  0.909803  -11.832507  70.322289  -28.440736  20.128820  113.212080
0.421903  0.000000  0.000000  0.000000  -41.188643  9.013115  32.857143  73.223508  12.652052  -0.380948  -11.832507  70.322289  -28.440736  20.128820  113.212080
0.422160  0.000000  0.000000  0.000000  -41.188643  9.013115  37.142857  73.453553  8.546102  -1.630787  -11.832507  70.322289  -28.440736  20.128820  113.212080
0.422416  0.000000  0.000000  0.000000  -41.188643  9.013115  41.428571  73.591932  4.436237  -2.853953  -11.832507  70.322289  -28.440736  20.128820  113.212080
0.422672  0.000000  0.000000  0.000000  -41.188643  9.013115  45.714286  73.642200  0.324390  -4.063544  -11.832507  70.322289  -28.440736  20.128820  113.212080
0.422929  0.000000  0.000000  0.000000  -41.188643  9.013115  50.000000  73.605645  -3.787624  -5.272157  -11.832507  70.322289  -28.440736  20.128820  113.212080
0.423185  0.000000  0.000000  0.000000  -33.262840  6.035099  -10.000000  62.292804  52.645927  19.090709  -27.097078  42.279523  -16.877907  33.441537  113.740131
0.423442  0.000000  0.000000  0.000000  -33.262840  6.035099  -5.714286  64.635681  48.810532  16.066307  -27.097078  42.279523  -16.877907  33.441537  113.740131
0.423698  0.000000  0.000000  0.000000  -33.262840  6.035099  -1.428571  66.527226  44.907334  13.475696  -27.097078  42.279523  -16.877907  33.441537  113.740131
0.423955  0.000000  0.000000  0.000000  -33.262840  6.035099  2.857143  68.066690  40.953054  11.216958  -27.097078  42.279523  -16.877907  33.441537  113.740131
0.424211  0.000000  0.000000  0.000000  -33.262840  6.035099  7.142857  69.326207  36.959701  9.215021  -27.097078  42.279523  -16.877907  33.441537  113.740131
0.424468  0.000000  0.000000  0.000000  -33.262840  6.035099  11.428571  70.358814  32.936104  7.413594  -27.097078  42.279523  -16.877907  33.441537  113.740131
0.424724  0.000000  0.000000  0.000000  -33.262840  6.035099  15.714286  71.203947  28.888921  5.769607  -27.097078  42.279523  -16.877907  33.441537  113.740131
0.424981  0.000000  0.000000  0.000000  -33.262840  6.035099  20.000000  71.891157  24.823288  4.249419  -27.097078  42.279523  -16.877907  33.441537  113.740131
0.425237  0.000000  0.000000  0.000000  -33.262840  6.035099  24.285714  72.442682  20.743265  2.826166  -27.097078  42.279523  -16.877907  33.441537  113.740131
0.425494  0.000000  0.000000  0.000000  -33.262840  6.035099  28.571429  72.875203  16.652149  1.477880  -27.097078  42.279523  -16.877907  33.441537  113.740131
0.425750  0.000000  0.000000  0.000000  -33.262840  6.035099  32.857143  73.201088  12.552687  0.186127  -27.097078  42.279523  -16.877907  33.441537  113.740131
0.426007  0.000000  0.000000  0.000000  -33.262840  6.035099  37.142857  73.429243  8.447239  -1.065011  -27.097078  42.279523  -16.877907  33.441537  113.740131
0.426263  0.000000  0.000000  0.000000  -33.262840  6.035099  41.428571  73.565705  4.337910  -2.289762  -27.097078  42.279523  -16.877907  33.441537  113.740131
0.426520  0.000000  0.000000  0.000000  -33.262840  6.035099  45.714286  73.613979  0.226637  -3.501224  -27.097078  42.279523  -16.877907  33.441537  113.740131
0.426776  0.000000  0.000000  0.000000  -33.262840  6.035099  50.000000  73.575297  -3.884760  -4.712002  -27.097078  42.279523  -16.877907  33.441537  113.740131
0.427033  0.000000  0.000000  0.000000  -20.347702  6.384580  -10.000000  57.189284  48.635284  26.145568  -26.220633  47.954657  10.093955  28.564174  114.567779
0.427289  0.000000  0.000000  0.000000  -20.347702  6.384580  -5.714286  59.583689  44.984291  22.863534  -26.220633  47.954657  10.093955  28.564174  114.567779
0.427546  0.000000  0.000000  0.000000  -20.347702  6.384580  -1.428571  61.556504  41.250643  19.979033  -26.220633  47.954657  10.093955  28.564174  114.567779
0.427802  0.000000  0.000000  0.000000  -20.347702  6.384580  2.857143  63.187007  37.452842  17.409252  -26.220633  47.954657  10.093955  28.564174  114.567779
0.428058  0.000000  0.000000  0.000000  -20.347702  6.384580  7.142857  64.535830  33.604808  15.089667  -26.220633  47.954657  10.093955  28.564174  114.567779
0.428315  0.000000  0.000000  0.000000  -20.347702  6.384580  11.428571  65.649424  29.717202  12.969493  -26.220633  47.954657  10.093955  28.564174  114.567779
0.428571  0.000000  0.000000  0.000000  -20.347702  6.384580  15.714286  66.563452  25.798353  11.008241  -26.220633  47.954657  10.093955  28.564174  114.567779
0.428828  0.000000  0.000000  0.000000  -20.347702  6.384580  20.000000  67.305298  21.854889  9.173074  -26.220633  47.954657  10.093955  28.564174  114.567779
0.429084  0.000000  0.000000  0.000000  -20.347702  6.384580  24.285714  67.895903  17.892211  7.436876  -26.220633  47.954657  10.093955  28.564174  114.567779
0.429341  0.000000  0.000000  0.000000  -20.347702  6.384580  28.571429  68.351108  13.914826  5.776764  -26.220633  47.954657  10.093955  28.564174  114.567779
0.429597  0.000000  0.000000  0.000000  -20.347702  6.384580  32.857143  68.682611  9.926594  4.172945  -26.220633  47.954657  10.093955  28.564174  114.567779
0.429854  0.000000  0.000000  0.000000  -20.347702  6.384580  37.142857  68.898651  5.930923  2.607823  -26.220633  47.954657  10.093955  28.564174  114.567779
0.430110  0.000000  0.000000  0.000000  -20.347702  6.384580  41.428571  69.004470  1.930921  1.065266  -26.220633  47.954657  10.093955  28.564174  114.567779
0.430367  0.000000  0.000000  0.000000  -20.347702  6.384580  45.714286  69.002599  -2.070471  -0.470042  -26.220633  47.954657  10.093955  28.564174  114.567779
0.430623  0.000000  0.000000  0.000000  -20.347702  6.384580  50.000000  68.892994  -6.070371  -2.013130  -26.220633  47.954657  10.093955  28.564174  114.567779
0.430880  0.000000  0.000000  0.000000  -47.043041  12.520617  -10.000000  56.397285  37.438471  16.097935  -3.632457  55.639363  7.343882  20.539640  123.718932
0.431136  0.000000  0.000000  0.000000  -47.043041  12.520617  -5.714286  58.061132  33.833988  13.244021  -3.632457  55.639363  7.343882  20.539640  123.718932
0.431393  0.000000  0.000000  0.000000  -47.043041  12.520617  -1.428571  59.450937  30.169117  10.623130  -3.632457  55.639363  7.343882  20.539640  123.718932
0.431649  0.000000  0.000000  0.000000  -47.043041  12.520617  2.857143  60.604938  26.455909  8.191530  -3.632457  55.639363  7.343882  20.539640  123.718932
0.431906  0.000000  0.000000  0.000000  -47.043041  12.520617  7.142857  61.553418  22.704138  5.912814  -3.632457  55.639363  7.343882  20.539640  123.718932
0.432162  0.000000  0.000000  0.000000  -47.043041  12.520617  11.428571  62.320182  18.921827  3.756246  -3.632457  55.639363  7.343882  20.539640  123.718932
0.432419  0.000000  0.000000  0.000000  -47.043041  12.520617  15.714286  62.923704  15.115718  1.695533  -3.632457  55.639363  7.343882  20.539640  123.718932
0.432675  0.000000  0.000000  0.000000  -47.043041  12.520617  20.000000  63.378040  11.291614  -0.292264  -3.632457  55.639363  7.343882  20.539640  123.718932
0.432932  0.000000  0.000000  0.000000  -47.043041  12.520617  24.285714  63.693455  7.454625  -2.227641  -3.632457  55.639363  7.343882  20.539640  123.718932
0.433188  0.000000  0.000000  0.000000  -47.043041  12.520617  28.571429  63.876896  3.609363  -4.129308  -3.632457  55.639363  7.343882  20.539640  123.718932
0.433444  0.000000  0.000000  0.000000  -47.043041  12.520617  32.857143  63.932371  -0.239826  -6.014911  -3.632457  55.639363  7.343882  20.539640  123.718932
0.433701  0.000000  0.000000  0.000000  -47.043041  12.520617  37.142857  63.861069  -4.088757  -7.901574  -3.632457  55.639363  7.343882  20.539640  123.718932
0.433957  0.000000  0.000000  0.000000  -47.043041  12.520617  41.428571  63.661465  -7.933224  -9.806463  -3.632457  55.639363  7.343882  20.539640  123.718932
0.434214  0.000000  0.000000  0.000000  -47.043041  12.520617  45.714286  63.329194  -11.768874  -11.747313  -3.632457  55.639363  7.343882  20.539640  123.718932
0.434470  0.000000  0.000000  0.000000  -47.043041  12.520617  50.000000  62.856887  -15.591020  -13.743043  -3.632457  55.639363  7.343882  20.539640  123.718932
0.434727  0.000000  0.000000  0.000000  -44.905236  10.447667  -10.000000  56.529079  50.162881  17.967325  -21.329813  68.723097  10.174059  18.439880  129.757368
0.434983  0.000000  0.000000  0.000000  -44.905236  10.447667  -5.714286  59.097151  46.534422  14.532570  -21.329813  68.723097  10.174059  18.439880  129.757368
0.435240  0.000000  0.000000  0.000000  -44.905236  10.447667  -1.428571  61.207228  42.816149  11.533359  -21.329813  68.723097  10.174059  18.439880  129.757368
0.435496  0.000000  0.000000  0.000000  -44.905236  10.447667  2.857143  62.947897  39.028556  8.877701  -21.329813  68.723097  10.174059  18.439880  129.757368
0.435753  0.000000  0.000000  0.000000  -44.905236  10.447667  7.142857  64.386780  35.186887  6.494315  -21.329813  68.723097  10.174059  18.439880  129.757368
0.436009  0.000000  0.000000  0.000000  -44.905236  10.447667  11.428571  65.575450  31.302774  4.327494  -21.329813  68.723097  10.174059  18.439880  129.757368
0.436266  0.000000  0.000000  0.000000  -44.905236  10.447667  15.714286  66.553414  27.385181  2.333168  -21.329813  68.723097  10.174059  18.439880  129.757368
0.436522  0.000000  0.000000  0.000000  -44.905236  10.447667  20.000000  67.350971  23.441181  0.475927  -21.329813  68.723097  10.174059  18.439880  129.757368
0.436779  0.000000  0.000000  0.000000  -44.905236  10.447667  24.285714  67.991302  19.476487  -1.273245  -21.329813  68.723097  10.174059  18.439880  129.757368
0.437035  0.000000  0.000000  0.000000  -44.905236  10.447667  28.571429  68.492025  15.495813  -2.938568  -21.329813  68.723097  10.174059  18.439880  129.757368
0.437292  0.000000  0.000000  0.000000  -44.905236  10.447667  32.857143  68.866286  11.503150  -4.540765  -21.329813  68.723097  10.174059  18.439880  129.757368
0.437548  0.000000  0.000000  0.000000  -44.905236  10.447667  37.142857  69.123552  7.501978  -6.098040  -21.329813  68.723097  10.174059  18.439880  129.757368
0.437805  0.000000  0.000000  0.000000  -44.905236  10.447667  41.428571  69.270147  3.495427  -7.626872  -21.329813  68.723097  10.174059  18.439880  129.757368
0.438061  0.000000  0.000000  0.000000  -44.905236  10.447667  45.714286  69.309613  -0.513586  -9.142677  -21.329813  68.723097  10.174059  18.439880  129.757368
0.438318  0.000000  0.000000  0.000000  -44.905236  10.447667  50.000000  69.242893  -4.522237  -10.660387  -21.329813  68.723097  10.174059  18.439880  129.757368
0.438574  0.000000  0.000000  0.000000  -29.315846  23.389324  -10.000000  55.976746  34.315609  30.290196  -19.563173  53.898925  1.967718  23.793441  123.419688
0.438830  0.000000  0.000000  0.000000  -29.315846  23.389324  -5.714286  57.476785  30.731669  27.501948  -19.563173  53.898925  1.967718  23.793441  123.419688
0.439087  0.000000  0.000000  0.000000  -29.315846  23.389324  -1.428571  58.728129  27.092432  24.915312  -19.563173  53.898925  1.967718  23.793441  123.419688
0.439343  0.000000  0.000000  0.000000  -29.315846  23.389324  2.857143  59.762264  23.408847  22.492605  -19.563173  53.898925  1.967718  23.793441  123.419688
0.439600  0.000000  0.000000  0.000000  -29.315846  23.389324  7.142857  60.604214  19.689945  20.201859  -19.563173  53.898925  1.967718  23.793441  123.419688
0.439856  0.000000  0.000000  0.000000  -29.315846  23.389324  11.428571  61.273556  15.943316  18.015617  -19.563173  53.898925  1.967718  23.793441  123.419688
0.440113  0.000000  0.000000  0.000000  -29.315846  23.389324  15.714286  61.785436  12.175471  15.909874  -19.563173  53.898925  1.967718  23.793441  123.419688
0.440369  0.000000  0.000000  0.000000  -29.315846  23.389324  20.000000  62.151045  8.392116  13.863242  -19.563173  53.898925  1.967718  23.793441  123.419688
0.440626  0.000000  0.000000  0.000000  -29.315846  23.389324  24.285714  62.378228  4.598415  11.856198  -19.563173  53.898925  1.967718  23.793441  123.419688
0.440882  0.000000  0.000000  0.000000  -29.315846  23.389324  28.571429  62.471791  0.799150  9.870464  -19.563173  53.898925  1.967718  23.793441  123.419688
0.441139  0.000000  0.000000  0.000000  -29.315846  23.389324  32.857143  62.433682  -3.001070  7.888403  -19.563173  53.898925  1.967718  23.793441  123.419688
0.441395  0.000000  0.000000  0.000000  -29.315846  23.389324  37.142857  62.263110  -6.797680  5.892499  -19.563173  53.898925  1.967718  23.793441  123.419688
0.441652  0.000000  0.000000  0.000000  -29.315846  23.389324  41.428571  61.956476  -10.585986  3.864795  -19.563173  53.898925  1.967718  23.793441  123.419688
0.441908  0.000000  0.000000  0.000000  -29.315846  23.389324  45.714286  61.507273  -14.361014  1.786401  -19.563173  53.898925  1.967718  23.793441  123.419688
0.442165  0.000000  0.000000  0.000000  -29.315846  23.389324  50.000000  60.905769  -18.117312  -0.363226  -19.563173  53.898925  1.967718  23.793441  123.419688
0.442421  0.000000  0.000000  0.000000  -41.972889  6.961281  -10.000000  62.603185  25.541292  7.762896  -23.286963  53.494654  -24.863908  24.932097  117.321432
0.442678  0.000000  0.000000  0.000000  -41.972889  6.961281  -5.714286  63.454056  21.721264  5.641601  -23.286963  53.494654  -24.863908  24.932097  117.321432
0.442934  0.000000  0.000000  0.000000  -41.972889  6.961281  -1.428571  64.135666  17.875623  3.630559  -23.286963  53.494654  -24.863908  24.932097  117.321432
0.443191  0.000000  0.000000  0.000000  -41.972889  6.961281  2.857143  64.664908  14.010240  1.705065  -23.286963  53.494654  -24.863908  24.932097  117.321432
0.443447  0.000000  0.000000  0.000000  -41.972889  6.961281  7.142857  65.054431  10.130162  -0.156474  -23.286963  53.494654  -24.863908  24.932097  117.321432
0.443704  0.000000  0.000000  0.000000  -41.972889  6.961281  11.428571  65.313274  6.239864  -1.973386  -23.286963  53.494654  -24.863908  24.932097  117.321432
0.443960  0.000000  0.000000  0.000000  -41.972889  6.961281  15.714286  65.447320  2.343434  -3.763462  -23.286963  53.494654  -24.863908  24.932097  117.321432
0.444216  0.000000  0.000000  0.000000  -41.972889  6.961281  20.000000  65.459572  -1.555267  -5.543586  -23.286963  53.494654  -24.863908  24.932097  117.321432
0.444473  0.000000  0.000000  0.000000  -41.972889  6.961281  24.285714  65.350311  -5.452458  -7.330312  -23.286963  53.494654  -24.863908  24.932097  117.321432
0.444729  0.000000  0.000000  0.000000  -41.972889  6.961281  28.571429  65.117071  -9.344319  -9.140402  -23.286963  53.494654  -24.863908  24.932097  117.321432
0.444986  0.000000  0.000000  0.000000  -41.972889  6.961281  32.857143  64.754588  -13.226811  -10.991414  -23.286963  53.494654  -24.863908  24.932097  117.321432
0.445242  0.000000  0.000000  0.000000  -41.972889  6.961281  37.142857  64.254490  -17.095550  -12.902321  -23.286963  53.494654  -24.863908  24.932097  117.321432
0.445499  0.000000  0.000000  0.000000  -41.972889  6.961281  41.428571  63.604901  -20.945626  -14.894189  -23.286963  53.494654  -24.863908  24.932097  117.321432
0.445755  0.000000  0.000000  0.000000  -41.972889  6.961281  45.714286  62.789840  -24.771364  -16.991026  -23.286963  53.494654  -24.863908  24.932097  117.321432
0.446012  0.000000  0.000000  0.000000  -41.972889  6.961281  50.000000  61.788398  -28.566056  -19.220798  -23.286963  53.494654  -24.863908  24.932097  117.321432
0.446268  0.000000  0.000000  0.000000  -36.119115  16.890216  -10.000000  50.197502  39.516872  20.047331  4.485835  52.511884  -28.075755  34.490956  128.175474
0.446525  0.000000  0.000000  0.000000  -36.119115  16.890216  -5.714286  52.283209  36.173799  16.649890  4.485835  52.511884  -28.075755  34.490956  128.175474
0.446781  0.000000  0.000000  0.000000  -36.119115  16.890216  -1.428571  54.047196  32.742671  13.534154  4.485835  52.511884  -28.075755  34.490956  128.175474
0.447038  0.000000  0.000000  0.000000  -36.119115  16.890216  2.857143  55.532188  29.240230  10.651965  4.485835  52.511884  -28.075755  34.490956  128.175474
0.447294  0.000000  0.000000  0.000000  -36.119115  16.890216  7.142857  56.773307  25.680112  7.962189  4.485835  52.511884  -28.075755  34.490956  128.175474
0.447551  0.000000  0.000000  0.000000  -36.119115  16.890216  11.428571  57.799070  22.073560  5.429611  4.485835  52.511884  -28.075755  34.490956  128.175474
0.447807  0.000000  0.000000  0.000000  -36.119115  16.890216  15.714286  58.632339  18.429976  3.023864  4.485835  52.511884  -28.075755  34.490956  128.175474
0.448064  0.000000  0.000000  0.000000  -36.119115  16.890216  20.000000  59.291141  14.757361  0.718463  4.485835  52.511884  -28.075755  34.490956  128.175474
0.448320  0.000000  0.000000  0.000000  -36.119115  16.890216  24.285714  59.789360  11.062661  -1.510070  4.485835  52.511884  -28.075755  34.490956  128.175474
0.448577  0.000000  0.000000  0.000000  -36.119115  16.890216  28.571429  60.137262  7.352037  -3.682919  4.485835  52.511884  -28.075755  34.490956  128.175474
0.448833  0.000000  0.000000  0.000000  -36.119115  16.890216  32.857143  60.341875  3.631147  -5.819680  4.485835  52.511884  -28.075755  34.490956  128.175474
0.449090  0.000000  0.000000  0.000000  -36.119115  16.890216  37.142857  60.407306  -0.094744  -7.938862  4.485835  52.511884  -28.075755  34.490956  128.175474
0.449346  0.000000  0.000000  0.000000  -36.119115  16.890216  41.428571  60.334845  -3.820508  -10.058498  4.485835  52.511884  -28.075755  34.490956  128.175474
0.449602  0.000000  0.000000  0.000000  -36.119115  16.890216  45.714286  60.123071  -7.541012  -12.196639  4.485835  52.511884  -28.075755  34.490956  128.175474
0.449859  0.000000  0.000000  0.000000  -36.119115  16.890216  50.000000  59.767727  -11.250958  -14.371842  4.485835  52.511884  -28.075755  34.490956  128.175474
0.450115  0.000000  0.000000  0.000000  -46.423718  11.306141  -10.000000  55.508481  36.376452  15.101267  -1.489277  44.540552  0.321594  17.473493  112.079563
0.450372  0.000000  0.000000  0.000000  -46.423718  11.306141  -5.714286  57.148047  32.808885  12.215192  -1.489277  44.540552  0.321594  17.473493  112.079563
0.450628  0.000000  0.000000  0.000000  -46.423718  11.306141  -1.428571  58.519361  29.180262  9.553908  -1.489277  44.540552  0.321594  17.473493  112.079563
0.450885  0.000000  0.000000  0.000000  -46.423718  11.306141  2.857143  59.658264  25.502637  7.075798  -1.489277  44.540552  0.321594  17.473493  112.079563
0.451141  0.000000  0.000000  0.000000  -46.423718  11.306141  7.142857  60.593314  21.785846  4.745848  -1.489277  44.540552  0.321594  17.473493  112.079563
0.451398  0.000000  0.000000  0.000000  -46.423718  11.306141  11.428571  61.347000  18.038072  2.534286  -1.489277  44.540552  0.321594  17.473493  112.079563
0.451654  0.000000  0.000000  0.000000  -46.423718  11.306141  15.714286  61.936827  14.266210  0.415378  -1.489277  44.540552  0.321594  17.473493  112.079563
0.451911  0.000000  0.000000  0.000000  -46.423718  11.306141  20.000000  62.376079  10.476256  -1.633514  -1.489277  44.540552  0.321594  17.473493  112.079563
0.452167  0.000000  0.000000  0.000000  -46.423718  11.306141  24.285714  62.674369  6.673522  -3.632757  -1.489277  44.540552  0.321594  17.473493  112.079563
0.452424  0.000000  0.000000  0.000000  -46.423718  11.306141  28.571429  62.838089  2.862859  -5.601111  -1.489277  44.540552  0.321594  17.473493  112.079563
0.452680  0.000000  0.000000  0.000000  -46.423718  11.306141  32.857143  62.870733  -0.951154  -7.556392  -1.489277  44.540552  0.321594  17.473493  112.079563
0.452937  0.000000  0.000000  0.000000  -46.423718  11.306141  37.142857  62.772962  -4.764064  -9.515999  -1.489277  44.540552  0.321594  17.473493  112.079563
0.453193  0.000000  0.000000  0.000000  -46.423718  11.306141  41.428571  62.542751  -8.571352  -11.497491  -1.489277  44.540552  0.321594  17.473493  112.079563
0.453450  0.000000  0.000000  0.000000  -46.423718  11.306141  45.714286  62.175159  -12.368346  -13.519060  -1.489277  44.540552  0.321594  17.473493  112.079563
0.453706  0.000000  0.000000  0.000000  -46.423718  11.306141  50.000000  61.662211  -16.149971  -15.600203  -1.489277  44.540552  0.321594  17.473493  112.079563
0.453963  0.000000  0.000000  0.000000  -29.834028  9.255126  -10.000000  56.272642  46.975703  16.760499  -13.289795  49.863825  -19.570481  30.719092  114.599033
0.454219  0.000000  0.000000  0.000000  -29.834028  9.255126  -5.714286  58.594450  43.362612  13.488688  -13.289795  49.863825  -19.570481  30.719092  114.599033
0.454476  0.000000  0.000000  0.000000  -29.834028  9.255126  -1.428571  60.517657  39.666826  10.588958  -13.289795  49.863825  -19.570481  30.719092  114.599033
0.454732  0.000000  0.000000  0.000000  -29.834028  9.255126  2.857143  62.113317  35.906304  7.986423  -13.289795  49.863825  -19.570481  30.719092  114.599033
0.454988  0.000000  0.000000  0.000000  -29.834028  9.255126  7.142857  63.436473  32.094754  5.621808  -13.289795  49.863825  -19.570481  30.719092  114.599033
0.455245  0.000000  0.000000  0.000000  -29.834028  9.255126  11.428571  64.529739  28.242814  3.447789  -13.289795  49.863825  -19.570481  30.719092  114.599033
0.455501  0.000000  0.000000  0.000000  -29.834028  9.255126  15.714286  65.426099  24.358893  1.426111  -13.289795  49.863825  -19.570481  30.719092  114.599033
0.455758  0.000000  0.000000  0.000000  -29.834028  9.255126  20.000000  66.151026  20.449773  -0.474622  -13.289795  49.863825  -19.570481  30.719092  114.599033
0.456014  0.000000  0.000000  0.000000  -29.834028  9.255126  24.285714  66.724041  16.521039  -2.280686  -13.289795  49.863825  -19.570481  30.719092  114.599033
0.456271  0.000000  0.000000  0.000000  -29.834028  9.255126  28.571429  67.159890  12.577406  -4.014517  -13.289795  49.863825  -19.570481  30.719092  114.599033
0.456527  0.000000  0.000000  0.000000  -29.834028  9.255126  32.857143  67.469367  8.622960  -5.695756  -13.289795  49.863825  -19.570481  30.719092  114.599033
0.456784  0.000000  0.000000  0.000000  -29.834028  9.255126  37.142857  67.659929  4.661350  -7.342080  -13.289795  49.863825  -19.570481  30.719092  114.599033
0.457040  0.000000  0.000000  0.000000  -29.834028  9.255126  41.428571  67.736048  0.695959  -8.969920  -13.289795  49.863825  -19.570481  30.719092  114.599033
0.457297  0.000000  0.000000  0.000000  -29.834028  9.255126  45.714286  67.699518  -3.269994  -10.595012  -13.289795  49.863825  -19.570481  30.719092  114.599033
0.457553  0.000000  0.000000  0.000000  -29.834028  9.255126  50.000000  67.549494  -7.233303  -12.233030  -13.289795  49.863825  -19.570481  30.719092  114.599033
0.457810  0.000000  0.000000  0.000000  -22.852435  3.023422  -10.000000  70.578952  41.006464  12.415443  -12.845888  42.322263  6.757643  17.368319  114.186731
0.458066  0.000000  0.000000  0.000000  -22.852435  3.023422  -5.714286  71.700511  36.950457  10.633643  -12.845888  42.322263  6.757643  17.368319  114.186731
0.458323  0.000000  0.000000  0.000000  -22.852435  3.023422  -1.428571  72.617302  32.870532  9.032776  -12.845888  42.322263  6.757643  17.368319  114.186731
0.458579  0.000000  0.000000  0.000000  -22.852435  3.023422  2.857143  73.365602  28.772020  7.573276  -12.845888  42.322263  6.757643  17.368319  114.186731
0.458836  0.000000  0.000000  0.000000  -22.852435  3.023422  7.142857  73.972390  24.659013  6.224461  -12.845888  42.322263  6.757643  17.368319  114.186731
0.459092  0.000000  0.000000  0.000000  -22.852435  3.023422  11.428571  74.457830  20.534732  4.961965  -12.845888  42.322263  6.757643  17.368319  114.186731
0.459349  0.000000  0.000000  0.000000  -22.852435  3.023422  15.714286  74.836968  16.401801  3.765930  -12.845888  42.322263  6.757643  17.368319  114.186731
0.459605  0.000000  0.000000  0.000000  -22.852435  3.023422  20.000000  75.120889  12.262385  2.619751  -12.845888  42.322263  6.757643  17.368319  114.186731
0.459862  0.000000  0.000000  0.000000  -22.852435  3.023422  24.285714  75.317523  8.118360  1.509084  -12.845888  42.322263  6.757643  17.368319  114.186731
0.460118  0.000000  0.000000  0.000000  -22.852435  3.023422  28.571429  75.432166  3.971393  0.421156  -12.845888  42.322263  6.757643  17.368319  114.186731
0.460374  0.000000  0.000000  0.000000  -22.852435  3.023422  32.857143  75.467842  -0.177011  -0.655875  -12.845888  42.322263  6.757643  17.368319  114.186731
0.460631  0.000000  0.000000  0.000000  -22.852435  3.023422  37.142857  75.425495  -4.325339  -1.733374  -12.845888  42.322263  6.757643  17.368319  114.186731
0.460887  0.000000  0.000000  0.000000  -22.852435  3.023422  41.428571  75.304000  -8.472118  -2.822788  -12.845888  42.322263  6.757643  17.368319  114.186731
0.461144  0.000000  0.000000  0.000000  -22.852435  3.023422  45.714286  75.100160  -12.615819  -3.935964  -12.845888  42.322263  6.757643  17.368319  114.186731
0.461400  0.000000  0.000000  0.000000  -22.852435  3.023422  50.000000  74.808464  -16.754758  -5.085809  -12.845888  42.322263  6.757643  17.368319  114.186731
0.461657  0.000000  0.000000  0.000000  -38.648141  15.548718  -10.000000  60.562787  30.139807  14.289539  -16.616183  59.690202  5.832786  17.988661  120.711114
0.461913  0.000000  0.000000  0.000000  -38.648141  15.548718  -5.714286  61.676156  26.386519  11.939799  -16.616183  59.690202  5.832786  17.988661  120.711114
0.462170  0.000000  0.000000  0.000000  -38.648141  15.548718  -1.428571  62.589193  22.597311  9.738859  -16.616183  59.690202  5.832786  17.988661  120.711114
0.462426  0.000000  0.000000  0.000000  -38.648141  15.548718  2.857143  63.325379  18.779722  7.656399  -16.616183  59.690202  5.832786  17.988661  120.711114
0.462683  0.000000  0.000000  0.000000  -38.648141  15.548718  7.142857  63.902857  14.940082  5.666583  -16.616183  59.690202  5.832786  17.988661  120.711114
0.462939  0.000000  0.000000  0.000000  -38.648141  15.548718  11.428571  64.335361  11.083840  3.746919  -16.616183  59.690202  5.832786  17.988661  120.711114
0.463196  0.000000  0.000000  0.000000  -38.648141  15.548718  15.714286  64.632847  7.215781  1.877359  -16.616183  59.690202  5.832786  17.988661  120.711114
0.463452  0.000000  0.000000  0.000000  -38.648141  15.548718  20.000000  64.802013  3.340252  0.039559  -16.616183  59.690202  5.832786  17.988661  120.711114
0.463709  0.000000  0.000000  0.000000  -38.648141  15.548718  24.285714  64.846617  -0.538680  -1.783759  -16.616183  59.690202  5.832786  17.988661  120.711114
0.463965  0.000000  0.000000  0.000000  -38.648141  15.548718  28.571429  64.767636  -4.417065  -3.609404  -16.616183  59.690202  5.832786  17.988661  120.711114
0.464222  0.000000  0.000000  0.000000  -38.648141  15.548718  32.857143  64.563329  -8.290937  -5.454257  -16.616183  59.690202  5.832786  17.988661  120.711114
0.464478  0.000000  0.000000  0.000000  -38.648141  15.548718  37.142857  64.229141  -12.156163  -7.335843  -16.616183  59.690202  5.832786  17.988661  120.711114
0.464735  0.000000  0.000000  0.000000  -38.648141  15.548718  41.428571  63.757527  -16.008297  -9.272878  -16.616183  59.690202  5.832786  17.988661  120.711114
0.464991  0.000000  0.000000  0.000000  -38.648141  15.548718  45.714286  63.137525  -19.842394  -11.286040  -16.616183  59.690202  5.832786  17.988661  120.711114
0.465247  0.000000  0.000000  0.000000  -38.648141  15.548718  50.000000  62.354255  -23.652786  -13.398649  -16.616183  59.690202  5.832786  17.988661  120.711114
0.465504  0.000000  0.000000  0.000000  -29.401870  13.659507  -10.000000  60.766874  30.953117  16.978571  2.557197  46.525101  -1.710931  26.212721  114.977228
0.465760  0.000000  0.000000  0.000000  -29.401870  13.659507  -5.714286  61.910252  27.191940  14.627049  2.557197  46.525101  -1.710931  26.212721  114.977228
0.466017  0.000000  0.000000  0.000000  -29.401870  13.659507  -1.428571  62.849606  23.394117  12.429881  2.557197  46.525101  -1.710931  26.212721  114.977228
0.466273  0.000000  0.000000  0.000000  -29.401870  13.659507  2.857143  63.609606  19.567310  10.355808  2.557197  46.525101  -1.710931  26.212721  114.977228
0.466530  0.000000  0.000000  0.000000  -29.401870  13.659507  7.142857  64.209310  15.717901  8.378326  2.557197  46.525101  -1.710931  26.212721  114.977228
0.466786  0.000000  0.000000  0.000000  -29.401870  13.659507  11.428571  64.663252  11.851371  6.474487  2.557197  46.525101  -1.710931  26.212721  114.977228
0.467043  0.000000  0.000000  0.000000  -29.401870  13.659507  15.714286  64.981997  7.972477  4.623976  2.557197  46.525101  -1.710931  26.212721  114.977228
0.467299  0.000000  0.000000  0.000000  -29.401870  13.659507  20.000000  65.172823  4.085533  2.808304  2.557197  46.525101  -1.710931  26.212721  114.977228
0.467556  0.000000  0.000000  0.000000  -29.401870  13.659507  24.285714  65.240016  0.194535  1.010181  2.557197  46.525101  -1.710931  26.212721  114.977228
0.467812  0.000000  0.000000  0.000000  -29.401870  13.659507  28.571429  65.185053  -3.696652  -0.787111  2.557197  46.525101  -1.710931  26.212721  114.977228
0.468069  0.000000  0.000000  0.000000  -29.401870  13.659507  32.857143  65.006737  -7.584180  -2.600264  2.557197  46.525101  -1.710931  26.212721  114.977228
0.468325  0.000000  0.000000  0.000000  -29.401870  13.659507  37.142857  64.701047  -11.464063  -4.446496  2.557197  46.525101  -1.710931  26.212721  114.977228
0.468582  0.000000  0.000000  0.000000  -29.401870  13.659507  41.428571  64.261051  -15.332039  -6.344116  2.557197  46.525101  -1.710931  26.212721  114.977228
0.468838  0.000000  0.000000  0.000000  -29.401870  13.659507  45.714286  63.676496  -19.183389  -8.313251  2.557197  46.525101  -1.710931  26.212721  114.977228
0.469095  0.000000  0.000000  0.000000  -29.401870  13.659507  50.000000  62.933298  -23.012727  -10.376543  2.557197  46.525101  -1.710931  26.212721  114.977228
0.469351  0.000000  0.000000  0.000000  -38.161488  8.261593  -10.000000  60.650534  51.343540  14.832709  9.070723  53.043749  -12.910298  28.581762  115.769593
0.469608  0.000000  0.000000  0.000000  -38.161488  8.261593  -5.714286  63.016579  47.564144  11.721029  9.070723  53.043749  -12.910298  28.581762  115.769593
0.469864  0.000000  0.000000  0.000000  -38.161488  8.261593  -1.428571  64.940108  43.711990  9.032302  9.070723  53.043749  -12.910298  28.581762  115.769593
0.470121  0.000000  0.000000  0.000000  -38.161488  8.261593  2.857143  66.513807  39.804469  6.670910  9.070723  53.043749  -12.910298  28.581762  115.769593
0.470377  0.000000  0.000000  0.000000  -38.161488  8.261593  7.142857  67.806177  35.854258  4.565110  9.070723  53.043749  -12.910298  28.581762  115.769593
0.470633  0.000000  0.000000  0.000000  -38.161488  8.261593  11.428571  68.868274  31.870808  2.660257  9.070723  53.043749  -12.910298  28.581762  115.769593
0.470890  0.000000  0.000000  0.000000  -38.161488  8.261593  15.714286  69.738461  27.861325  0.913975  9.070723  53.043749  -12.910298  28.581762  115.769593
0.471146  0.000000  0.000000  0.000000  -38.161488  8.261593  20.000000  70.445718  23.831427  -0.707233  9.070723  53.043749  -12.910298  28.581762  115.769593
0.471403  0.000000  0.000000  0.000000  -38.161488  8.261593  24.285714  71.011969  19.785599  -2.230412  9.070723  53.043749  -12.910298  28.581762  115.769593
0.471659  0.000000  0.000000  0.000000  -38.161488  8.261593  28.571429  71.453709  15.727511  -3.677893  9.070723  53.043749  -12.910298  28.581762  115.769593
0.471916  0.000000  0.000000  0.000000  -38.161488  8.261593  32.857143  71.783167  11.660261  -5.068620  9.070723  53.043749  -12.910298  28.581762  115.769593
0.472172  0.000000  0.000000  0.000000  -38.161488  8.261593  37.142857  72.009080  7.586522  -6.419091  9.070723  53.043749  -12.910298  28.581762  115.769593
0.472429  0.000000  0.000000  0.000000  -38.161488  8.261593  41.428571  72.137255  3.508694  -7.744165  9.070723  53.043749  -12.910298  28.581762  115.769593
0.472685  0.000000  0.000000  0.000000  -38.161488  8.261593  45.714286  72.170960  -0.570990  -9.057715  9.070723  53.043749  -12.910298  28.581762  115.769593
0.472942  0.000000  0.000000  0.000000  -38.161488  8.261593  50.000000  72.111003  -4.650370  -10.373128  9.070723  53.043749  -12.910298  28.581762  115.769593
0.473198  0.000000  0.000000  0.000000  -49.852289  -0.296556  -10.000000  75.202775  42.133231  1.229886  -12.789004  60.429548  5.241786  26.474624  120.290070
0.473455  0.000000  0.000000  0.000000  -49.852289  -0.296556  -5.714286  76.096318  37.980995  -0.157620  -12.789004  60.429548  5.241786  26.474624  120.290070
0.473711  0.000000  0.000000  0.000000  -49.852289  -0.296556  -1.428571  76.822950  33.814211  -1.396039  -12.789004  60.429548  5.241786  26.474624  120.290070
0.473968  0.000000  0.000000  0.000000  -49.852289  -0.296556  2.857143  77.413903  29.636201  -2.519080  -12.789004  60.429548  5.241786  26.474624  120.290070
0.474224  0.000000  0.000000  0.000000  -49.852289  -0.296556  7.142857  77.892058  25.449490  -3.552414  -12.789004  60.429548  5.241786  26.474624  120.290070
0.474481  0.000000  0.000000  0.000000  -49.852289  -0.296556  11.428571  78.274327  21.256032  -4.516125  -12.789004  60.429548  5.241786  26.474624  120.290070
0.474737  0.000000  0.000000  0.000000  -49.852289  -0.296556  15.714286  78.573230  17.057403  -5.426359  -12.789004  60.429548  5.241786  26.474624  120.290070
0.474994  0.000000  0.000000  0.000000  -49.852289  -0.296556  20.000000  78.797944  12.854897  -6.296474  -12.789004  60.429548  5.241786  26.474624  120.290070
0.475250  0.000000  0.000000  0.000000  -49.852289  -0.296556  24.285714  78.955028  8.649620  -7.137882  -12.789004  60.429548  5.241786  26.474624  120.290070
0.475507  0.000000  0.000000  0.000000  -49.852289  -0.296556  28.571429  79.048892  4.442550  -7.960672  -12.789004  60.429548  5.241786  26.474624  120.290070
0.475763  0.000000  0.000000  0.000000  -49.852289  -0.296556  32.857143  79.082107  0.234568  -8.774108  -12.789004  60.429548  5.241786  26.474624  120.290070
0.476019  0.000000  0.000000  0.000000  -49.852289  -0.296556  37.142857  79.055569  -3.973456  -9.587054  -12.789004  60.429548  5.241786  26.474624  120.290070
0.476276  0.000000  0.000000  0.000000  -49.852289  -0.296556  41.428571  78.968565  -8.180677  -10.408342  -12.789004  60.429548  5.241786  26.474624  120.290070
0.476532  0.000000  0.000000  0.000000  -49.852289  -0.296556  45.714286  78.818708  -12.386198  -11.247207  -12.789004  60.429548  5.241786  26.474624  120.290070
0.476789  0.000000  0.000000  0.000000  -49.852289  -0.296556  50.000000  78.601815  -16.589065  -12.113585  -12.789004  60.429548  5.241786  26.474624  120.290070
0.477045  0.000000  0.000000  0.000000  -37.838777  13.918520  -10.000000  53.774327  39.611593  17.008038  3.459407  67.881678  -7.327730  20.895576  117.636574
0.477302  0.000000  0.000000  0.000000  -37.838777  13.918520  -5.714286  55.698820  36.111251  13.874373  3.459407  67.881678  -7.327730  20.895576  117.636574
0.477558  0.000000  0.000000  0.000000  -37.838777  13.918520  -1.428571  57.314382  32.536319  11.011036  3.459407  67.881678  -7.327730  20.895576  117.636574
0.477815  0.000000  0.000000  0.000000  -37.838777  13.918520  2.857143  58.664917  28.901510  8.368889  3.459407  67.881678  -7.327730  20.895576  117.636574
0.478071  0.000000  0.000000  0.000000  -37.838777  13.918520  7.142857  59.785674  25.218652  5.906861  3.459407  67.881678  -7.327730  20.895576  117.636574
0.478328  0.000000  0.000000  0.000000  -37.838777  13.918520  11.428571  60.704679  21.497438  3.590417  3.459407  67.881678  -7.327730  20.895576  117.636574
0.478584  0.000000  0.000000  0.000000  -37.838777  13.918520  15.714286  61.444028  17.745888  1.390114  3.459407  67.881678  -7.327730  20.895576  117.636574
0.478841  0.000000  0.000000  0.000000  -37.838777  13.918520  20.000000  62.020871  13.970822  -0.719485  3.459407  67.881678  -7.327730  20.895576  117.636574
0.479097  0.000000  0.000000  0.000000  -37.838777  13.918520  24.285714  62.448158  10.178148  -2.760803  3.459407  67.881678  -7.327730  20.895576  117.636574
0.479354  0.000000  0.000000  0.000000  -37.838777  13.918520  28.571429  62.735247  6.373116  -4.754028  3.459407  67.881678  -7.327730  20.895576  117.636574
0.479610  0.000000  0.000000  0.000000  -37.838777  13.918520  32.857143  62.888272  2.560565  -6.717847  3.459407  67.881678  -7.327730  20.895576  117.636574
0.479867  0.000000  0.000000  0.000000  -37.838777  13.918520  37.142857  62.910547  -1.254983  -8.669985  3.459407  67.881678  -7.327730  20.895576  117.636574
0.480123  0.000000  0.000000  0.000000  -37.838777  13.918520  41.428571  62.802476  -5.069071  -10.627837  3.459407  67.881678  -7.327730  20.895576  117.636574
0.480380  0.000000  0.000000  0.000000  -37.838777  13.918520  45.714286  62.561800  -8.877197  -12.608966  3.459407  67.881678  -7.327730  20.895576  117.636574
0.480636  0.000000  0.000000  0.000000  -37.838777  13.918520  50.000000  62.183381  -12.674667  -14.631638  3.459407  67.881678  -7.327730  20.895576  117.636574
0.480893  0.000000  0.000000  0.000000  -43.599908  12.209685  -10.000000  57.622072  51.740832  21.861572  10.019075  59.478509  -8.142615  21.551501  129.880807
0.481149  0.000000  0.000000  0.000000  -43.599908  12.209685  -5.714286  60.250067  48.068295  18.428345  10.019075  59.478509  -8.142615  21.551501  129.880807
0.481405  0.000000  0.000000  0.000000  -43.599908  12.209685  -1.428571  62.394905  44.307233  15.457976  10.019075  59.478509  -8.142615  21.551501  129.880807
0.481662  0.000000  0.000000  0.000000  -43.599908  12.209685  2.857143  64.155249  40.478523  12.848719  10.019075  59.478509  -8.142615  21.551501  129.880807
0.481918  0.000000  0.000000  0.000000  -43.599908  12.209685  7.142857  65.605105  36.597506  10.523158  10.019075  59.478509  -8.142615  21.551501  129.880807
0.482175  0.000000  0.000000  0.000000  -43.599908  12.209685  11.428571  66.800275  32.675657  8.421742  10.019075  59.478509  -8.142615  21.551501  129.880807
0.482431  0.000000  0.000000  0.000000  -43.599908  12.209685  15.714286  67.783037  28.721748  6.498003  10.019075  59.478509  -8.142615  21.551501  129.880807
0.482688  0.000000  0.000000  0.000000  -43.599908  12.209685  20.000000  68.585569  24.742604  4.715088  10.019075  59.478509  -8.142615  21.551501  129.880807
0.482944  0.000000  0.000000  0.000000  -43.599908  12.209685  24.285714  69.232360  20.743684  3.043182  10.019075  59.478509  -8.142615  21.551501  129.880807
0.483201  0.000000  0.000000  0.000000  -43.599908  12.209685  28.571429  69.741995  16.729439  1.457676  10.019075  59.478509  -8.142615  21.551501  129.880807
0.483457  0.000000  0.000000  0.000000  -43.599908  12.209685  32.857143  70.128372  12.703604  -0.062245  10.019075  59.478509  -8.142615  21.551501  129.880807
0.483714  0.000000  0.000000  0.000000  -43.599908  12.209685  37.142857  70.401592  8.669388  -1.534646  10.019075  59.478509  -8.142615  21.551501  129.880807
0.483970  0.000000  0.000000  0.000000  -43.599908  12.209685  41.428571  70.568576  4.629652  -2.975694  10.019075  59.478509  -8.142615  21.551501  129.880807
0.484227  0.000000  0.000000  0.000000  -43.599908  12.209685  45.714286  70.633447  0.587034  -4.400352  10.019075  59.478509  -8.142615  21.551501  129.880807
0.484483  0.000000  0.000000  0.000000  -43.599908  12.209685  50.000000  70.597809  -3.455945  -5.822948  10.019075  59.478509  -8.142615  21.551501  129.880807
0.484740  0.000000  0.000000  0.000000  -25.658584  13.525837  -10.000000  51.485896  32.763565  19.924943  5.056889  57.538633  -22.517196  28.006393  113.367085
0.484996  0.000000  0.000000  0.000000  -25.658584  13.525837  -5.714286  53.066534  29.372782  16.863911  5.056889  57.538633  -22.517196  28.006393  113.367085
0.485253  0.000000  0.000000  0.000000  -25.658584  13.525837  -1.428571  54.395145  25.916645  14.002211  5.056889  57.538633  -22.517196  28.006393  113.367085
0.485509  0.000000  0.000000  0.000000  -25.658584  13.525837  2.857143  55.499915  22.407542  11.304845  5.056889  57.538633  -22.517196  28.006393  113.367085
0.485766  0.000000  0.000000  0.000000  -25.658584  13.525837  7.142857  56.403785  18.855909  8.741262  5.056889  57.538633  -22.517196  28.006393  113.367085
0.486022  0.000000  0.000000  0.000000  -25.658584  13.525837  11.428571  57.125109  15.270660  6.284562  5.056889  57.538633  -22.517196  28.006393  113.367085
0.486279  0.000000  0.000000  0.000000  -25.658584  13.525837  15.714286  57.678184  11.659548  3.910789  5.056889  57.538633  -22.517196  28.006393  113.367085
0.486535  0.000000  0.000000  0.000000  -25.658584  13.525837  20.000000  58.073847  8.029483  1.598157  5.056889  57.538633  -22.517196  28.006393  113.367085
0.486791  0.000000  0.000000  0.000000  -25.658584  13.525837  24.285714  58.319647  4.386734  -0.673374  5.056889  57.538633  -22.517196  28.006393  113.367085
0.487048  0.000000  0.000000  0.000000  -25.658584  13.525837  28.571429  58.420260  0.737185  -2.922811  5.056889  57.538633  -22.517196  28.006393  113.367085
0.487304  0.000000  0.000000  0.000000  -25.658584  13.525837  32.857143  58.377584  -2.913498  -5.168559  5.056889  57.538633  -22.517196  28.006393  113.367085
0.487561  0.000000  0.000000  0.000000  -25.658584  13.525837  37.142857  58.190816  -6.559685  -7.428926  5.056889  57.538633  -22.517196  28.006393  113.367085
0.487817  0.000000  0.000000  0.000000  -25.658584  13.525837  41.428571  57.856411  -10.195598  -9.722624  5.056889  57.538633  -22.517196  28.006393  113.367085
0.488074  0.000000  0.000000  0.000000  -25.658584  13.525837  45.714286  57.368004  -13.815154  -12.069185  5.056889  57.538633  -22.517196  28.006393  113.367085
0.488330  0.000000  0.000000  0.000000  -25.658584  13.525837  50.000000  56.716144  -17.411728  -14.489659  5.056889  57.538633  -22.517196  28.006393  113.367085
0.488587  0.000000  0.000000  0.000000  -29.803222  19.955562  -10.000000  50.884655  37.942235  23.238787  -21.303014  64.053355  7.133511  18.199367  117.141094
0.488843  0.000000  0.000000  0.000000  -29.803222  19.955562  -5.714286  52.826990  34.570616  19.956493  -21.303014  64.053355  7.133511  18.199367  117.141094
0.489100  0.000000  0.000000  0.000000  -29.803222  19.955562  -1.428571  54.467753  31.118051  16.933126  -21.303014  64.053355  7.133511  18.199367  117.141094
0.489356  0.000000  0.000000  0.000000  -29.803222  19.955562  2.857143  55.845817  27.599897  14.124105  -21.303014  64.053355  7.133511  18.199367  117.141094
0.489613  0.000000  0.000000  0.000000  -29.803222  19.955562  7.142857  56.993030  24.028743  11.491248  -21.303014  64.053355  7.133511  18.199367  117.141094
0.489869  0.000000  0.000000  0.000000  -29.803222  19.955562  11.428571  57.935170  20.415032  9.001707  -21.303014  64.053355  7.133511  18.199367  117.141094
0.490126  0.000000  0.000000  0.000000  -29.803222  19.955562  15.714286  58.692721  16.767612  6.627029  -21.303014  64.053355  7.133511  18.199367  117.141094
0.490382  0.000000  0.000000  0.000000  -29.803222  19.955562  20.000000  59.281808  13.094027  4.342130  -21.303014  64.053355  7.133511  18.199367  117.141094
0.490639  0.000000  0.000000  0.000000  -29.803222  19.955562  24.285714  59.714600  9.400928  2.124634  -21.303014  64.053355  7.133511  18.199367  117.141094
0.490895  0.000000  0.000000  0.000000  -29.803222  19.955562  28.571429  59.999887  5.694290  -0.045893  -21.303014  64.053355  7.133511  18.199367  117.141094
0.491152  0.000000  0.000000  0.000000  -29.803222  19.955562  32.857143  60.143352  1.979648  -2.188541  -21.303014  64.053355  7.133511  18.199367  117.141094
0.491408  0.000000  0.000000  0.000000  -29.803222  19.955562  37.142857  60.147860  -1.737753  -4.321589  -21.303014  64.053355  7.133511  18.199367  117.141094
0.491665  0.000000  0.000000  0.000000  -29.803222  19.955562  41.428571  60.013487  -5.452737  -6.463059  -21.303014  64.053355  7.133511  18.199367  117.141094
0.491921  0.000000  0.000000  0.000000  -29.803222  19.955562  45.714286  59.737571  -9.160053  -8.631215  -21.303014  64.053355  7.133511  18.199367  117.141094
0.492177  0.000000  0.000000  0.000000  -29.803222  19.955562  50.000000  59.314615  -12.854212  -10.845044  -21.303014  64.053355  7.133511  18.199367  117.141094
0.492434  0.000000  0.000000  0.000000  -39.865901  10.152110  -10.000000  63.736789  54.167028  24.429209  -8.948256  54.410605  -12.332193  20.323335  110.261851
0.492690  0.000000  0.000000  0.000000  -39.865901  10.152110  -5.714286  66.083106  50.284565  21.462758  -8.948256  54.410605  -12.332193  20.323335  110.261851
0.492947  0.000000  0.000000  0.000000  -39.865901  10.152110  -1.428571  67.962538  46.338068  18.947680  -8.948256  54.410605  -12.332193  20.323335  110.261851
0.493203  0.000000  0.000000  0.000000  -39.865901  10.152110  2.857143  69.483104  42.343887  16.773551  -8.948256  54.410605  -12.332193  20.323335  110.261851
0.493460  0.000000  0.000000  0.000000  -39.865901  10.152110  7.142857  70.721955  38.313564  14.860599  -8.948256  54.410605  -12.332193  20.323335  110.261851
0.493716  0.000000  0.000000  0.000000  -39.865901  10.152110  11.428571  71.734934  34.255456  13.150049  -8.948256  54.410605  -12.332193  20.323335  110.261851
0.493973  0.000000  0.000000  0.000000  -39.865901  10.152110  15.714286  72.563141  30.175783  11.597553  -8.948256  54.410605  -12.332193  20.323335  110.261851
0.494229  0.000000  0.000000  0.000000  -39.865901  10.152110  20.000000  73.237102  26.079290  10.168931  -8.948256  54.410605  -12.332193  20.323335  110.261851
0.494486  0.000000  0.000000  0.000000  -39.865901  10.152110  24.285714  73.779649  21.969684  8.837215  -8.948256  54.410605  -12.332193  20.323335  110.261851
0.494742  0.000000  0.000000  0.000000  -39.865901  10.152110  28.571429  74.207865  17.849943  7.580610  -8.948256  54.410605  -12.332193  20.323335  110.261851
0.494999  0.000000  0.000000  0.000000  -39.865901  10.152110  32.857143  74.534437  13.722529  6.381019  -8.948256  54.410605  -12.332193  20.323335  110.261851
0.495255  0.000000  0.000000  0.000000  -39.865901  10.152110  37.142857  74.768556  9.589525  5.223007  -8.948256  54.410605  -12.332193  20.323335  110.261851
0.495512  0.000000  0.000000  0.000000  -39.865901  10.152110  41.428571  74.916577  5.452773  4.092926  -8.948256  54.410605  -12.332193  20.323335  110.261851
0.495768  0.000000  0.000000  0.000000  -39.865901  10.152110  45.714286  74.982400  1.313940  2.978352  -8.948256  54.410605  -12.332193  20.323335  110.261851
0.496025  0.000000  0.000000  0.000000  -39.865901  10.152110  50.000000  74.967741  -2.825392  1.867471  -8.948256  54.410605  -12.332193  20.323335  110.261851
0.496281  0.000000  0.000000  0.000000  -36.921654  -4.805411  -10.000000  72.492673  48.517515  4.243132  -5.496028  44.327318  -10.056102  22.770212  123.980206
0.496538  0.000000  0.000000  0.000000  -36.921654  -4.805411  -5.714286  73.801105  44.415440  2.439547  -5.496028  44.327318  -10.056102  22.770212  123.980206
0.496794  0.000000  0.000000  0.000000  -36.921654  -4.805411  -1.428571  74.856886  40.288718  0.873437  -5.496028  44.327318  -10.056102  22.770212  123.980206
0.497051  0.000000  0.000000  0.000000  -36.921654  -4.805411  2.857143  75.714400  36.143321  -0.511772  -5.496028  44.327318  -10.056102  22.770212  123.980206
0.497307  0.000000  0.000000  0.000000  -36.921654  -4.805411  7.142857  76.412644  31.983566  -1.757513  -5.496028  44.327318  -10.056102  22.770212  123.980206
0.497563  0.000000  0.000000  0.000000  -36.921654  -4.805411  11.428571  76.979956  27.812709  -2.894862  -5.496028  44.327318  -10.056102  22.770212  123.980206
0.497820  0.000000  0.000000  0.000000  -36.921654  -4.805411  15.714286  77.437296  23.633227  -3.947868  -5.496028  44.327318  -10.056102  22.770212  123.980206
0.498076  0.000000  0.000000  0.000000  -36.921654  -4.805411  20.000000  77.800185  19.447078  -4.935573  -5.496028  44.327318  -10.056102  22.770212  123.980206
0.498333  0.000000  0.000000  0.000000  -36.921654  -4.805411  24.285714  78.080095  15.255854  -5.873484  -5.496028  44.327318  -10.056102  22.770212  123.980206
0.498589  0.000000  0.000000  0.000000  -36.921654  -4.805411  28.571429  78.285373  11.060880  -6.774622  -5.496028  44.327318  -10.056102  22.770212  123.980206
0.498846  0.000000  0.000000  0.000000  -36.921654  -4.805411  32.857143  78.421878  6.863317  -7.650280  -5.496028  44.327318  -10.056102  22.770212  123.980206
0.499102  0.000000  0.000000  0.000000  -36.921654  -4.805411  37.142857  78.493373  2.664194  -8.510599  -5.496028  44.327318  -10.056102  22.770212  123.980206
0.499359  0.000000  0.000000  0.000000  -36.921654  -4.805411  41.428571  78.501800  -1.535518  -9.365059  -5.496028  44.327318  -10.056102  22.770212  123.980206
0.499615  0.000000  0.000000  0.000000  -36.921654  -4.805411  45.714286  78.447369  -5.734901  -10.222893  -5.496028  44.327318  -10.056102  22.770212  123.980206
0.499872  0.000000  0.000000  0.000000  -36.921654  -4.805411  50.000000  78.328626  -9.932982  -11.093468  -5.496028  44.327318  -10.056102  22.770212  123.980206
0.500128  0.000000  0.000000  0.000000  -42.999630  19.384174  -10.000000  50.562058  37.554675  27.253487  -4.438552  67.099935  -25.238311  31.154100  117.519688
0.500385  0.000000  0.000000  0.000000  -42.999630  19.384174  -5.714286  52.491490  34.198315  23.963174  -4.438552  67.099935  -25.238311  31.154100  117.519688
0.500641  0.000000  0.000000  0.000000  -42.999630  19.384174  -1.428571  54.122456  30.760903  20.927863  -4.438552  67.099935  -25.238311  31.154100  117.519688
0.500898  0.000000  0.000000  0.000000  -42.999630  19.384174  2.857143  55.492773  27.257733  18.103943  -4.438552  67.099935  -25.238311  31.154100  117.519688
0.501154  0.000000  0.000000  0.000000  -42.999630  19.384174  7.142857  56.633498  23.701383  15.453918  -4.438552  67.099935  -25.238311  31.154100  117.519688
0.501411  0.000000  0.000000  0.000000  -42.999630  19.384174  11.428571  57.569799  20.102326  12.945428  -4.438552  67.099935  -25.238311  31.154100  117.519688
0.501667  0.000000  0.000000  0.000000  -42.999630  19.384174  15.714286  58.321758  16.469433  10.550333  -4.438552  67.099935  -25.238311  31.154100  117.519688
0.501924  0.000000  0.000000  0.000000  -42.999630  19.384174  20.000000  58.905096  12.810327  8.243774  -4.438552  67.099935  -25.238311  31.154100  117.519688
0.502180  0.000000  0.000000  0.000000  -42.999630  19.384174  24.285714  59.331720  9.131721  6.003495  -4.438552  67.099935  -25.238311  31.154100  117.519688
0.502437  0.000000  0.000000  0.000000  -42.999630  19.384174  28.571429  59.610187  5.439669  3.809119  -4.438552  67.099935  -25.238311  31.154100  117.519688
0.502693  0.000000  0.000000  0.000000  -42.999630  19.384174  32.857143  59.745982  1.739791  1.641563  -4.438552  67.099935  -25.238311  31.154100  117.519688
0.502949  0.000000  0.000000  0.000000  -42.999630  19.384174  37.142857  59.741783  -1.962568  -0.517492  -4.438552  67.099935  -25.238311  31.154100  117.519688
0.503206  0.000000  0.000000  0.000000  -42.999630  19.384174  41.428571  59.597500  -5.662131  -2.686137  -4.438552  67.099935  -25.238311  31.154100  117.519688
0.503462  0.000000  0.000000  0.000000  -42.999630  19.384174  45.714286  59.310301  -9.353528  -4.882740  -4.438552  67.099935  -25.238311  31.154100  117.519688
0.503719  0.000000  0.000000  0.000000  -42.999630  19.384174  50.000000  58.874524  -13.031141  -7.126406  -4.438552  67.099935  -25.238311  31.154100  117.519688
0.503975  0.000000  0.000000  0.000000  -40.064883  17.221415  -10.000000  57.633907  42.544849  27.139150  -13.669713  49.901266  -27.329129  28.789084  112.135217
0.504232  0.000000  0.000000  0.000000  -40.064883  17.221415  -5.714286  59.556790  38.885977  24.193185  -13.669713  49.901266  -27.329129  28.789084  112.135217
0.504488  0.000000  0.000000  0.000000  -40.064883  17.221415  -1.428571  61.156253  35.160391  21.538585  -13.669713  49.901266  -27.329129  28.789084  112.135217
0.504745  0.000000  0.000000  0.000000  -40.064883  17.221415  2.857143  62.484876  31.382005  19.118322  -13.669713  49.901266  -27.329129  28.789084  112.135217
0.505001  0.000000  0.000000  0.000000  -40.064883  17.221415  7.142857  63.583663  27.561702  16.886451  -13.669713  49.901266  -27.329129  28.789084  112.135217
0.505258  0.000000  0.000000  0.000000  -40.064883  17.221415  11.428571  64.484539  23.708147  14.805516  -13.669713  49.901266  -27.329129  28.789084  112.135217
0.505514  0.000000  0.000000  0.000000  -40.064883  17.221415  15.714286  65.212257  19.828371  12.844522  -13.669713  49.901266  -27.329129  28.789084  112.135217
0.505771  0.000000  0.000000  0.000000  -40.064883  17.221415  20.000000  65.785842  15.928205  10.977375  -13.669713  49.901266  -27.329129  28.789084  112.135217
0.506027  0.000000  0.000000  0.000000  -40.064883  17.221415  24.285714  66.219661  12.012597  9.181622  -13.669713  49.901266  -27.329129  28.789084  112.135217
0.506284  0.000000  0.000000  0.000000  -40.064883  17.221415  28.571429  66.524202  8.085861  7.437494  -13.669713  49.901266  -27.329129  28.789084  112.135217
0.506540  0.000000  0.000000  0.000000  -40.064883  17.221415  32.857143  66.706641  4.151874  5.727080  -13.669713  49.901266  -27.329129  28.789084  112.135217
0.506797  0.000000  0.000000  0.000000  -40.064883  17.221415  37.142857  66.771188  0.214238  4.033661  -13.669713  49.901266  -27.329129  28.789084  112.135217
0.507053  0.000000  0.000000  0.000000  -40.064883  17.221415  41.428571  66.719320  -3.723584  2.341119  -13.669713  49.901266  -27.329129  28.789084  112.135217
0.507310  0.000000  0.000000  0.000000  -40.064883  17.221415  45.714286  66.549870  -7.658136  0.633343  -13.669713  49.901266  -27.329129  28.789084  112.135217
0.507566  0.000000  0.000000  0.000000  -40.064883  17.221415  50.000000  66.258906  -11.585844  -1.106274  -13.669713  49.901266  -27.329129  28.789084  112.135217
0.507823  0.000000  0.000000  0.000000  -24.450431  20.741266  -10.000000  54.167838  33.164215  25.419079  -1.468307  52.183743  -10.110115  29.872067  120.405497
0.508079  0.000000  0.000000  0.000000  -24.450431  20.741266  -5.714286  55.672649  29.656147  22.533459  -1.468307  52.183743  -10.110115  29.872067  120.405497
0.508335  0.000000  0.000000  0.000000  -24.450431  20.741266  -1.428571  56.930802  26.089832  19.843979  -1.468307  52.183743  -10.110115  29.872067  120.405497
0.508592  0.000000  0.000000  0.000000  -24.450431  20.741266  2.857143  57.971593  22.476623  17.314763  -1.468307  52.183743  -10.110115  29.872067  120.405497
0.508848  0.000000  0.000000  0.000000  -24.450431  20.741266  7.142857  58.818514  18.825987  14.914941  -1.468307  52.183743  -10.110115  29.872067  120.405497
0.509105  0.000000  0.000000  0.000000  -24.450431  20.741266  11.428571  59.490036  15.145972  12.617692  -1.468307  52.183743  -10.110115  29.872067  120.405497
0.509361  0.000000  0.000000  0.000000  -24.450431  20.741266  15.714286  60.000506  11.443522  10.399287  -1.468307  52.183743  -10.110115  29.872067  120.405497
0.509618  0.000000  0.000000  0.000000  -24.450431  20.741266  20.000000  60.360536  7.724807  8.238329  -1.468307  52.183743  -10.110115  29.872067  120.405497
0.509874  0.000000  0.000000  0.000000  -24.450431  20.741266  24.285714  60.577448  3.995425  6.115200  -1.468307  52.183743  -10.110115  29.872067  120.405497
0.510131  0.000000  0.000000  0.000000  -24.450431  20.741266  28.571429  60.655619  0.260623  4.011325  -1.468307  52.183743  -10.110115  29.872067  120.405497
0.510387  0.000000  0.000000  0.000000  -24.450431  20.741266  32.857143  60.596617  -3.474527  1.908700  -1.468307  52.183743  -10.110115  29.872067  120.405497
0.510644  0.000000  0.000000  0.000000  -24.450431  20.741266  37.142857  60.399262  -7.204973  -0.210646  -1.468307  52.183743  -10.110115  29.872067  120.405497
0.510900  0.000000  0.000000  0.000000  -24.450431  20.741266  41.428571  60.059581  -10.925505  -2.365164  -1.468307  52.183743  -10.110115  29.872067  120.405497
0.511157  0.000000  0.000000  0.000000  -24.450431  20.741266  45.714286  59.570645  -14.630575  -4.574328  -1.468307  52.183743  -10.110115  29.872067  120.405497
0.511413  0.000000  0.000000  0.000000  -24.450431  20.741266  50.000000  58.922354  -18.314124  -6.859224  -1.468307  52.183743  -10.110115  29.872067  120.405497
0.511670  0.000000  0.000000  0.000000  -46.643882  15.638132  -10.000000  55.513508  37.374145  16.114930  -22.195739  45.787590  -10.449875  15.350200  119.546684
0.511926  0.000000  0.000000  0.000000  -46.643882  15.638132  -5.714286  57.213300  33.805095  13.196039  -22.195739  45.787590  -10.449875  15.350200  119.546684
0.512183  0.000000  0.000000  0.000000  -46.643882  15.638132  -1.428571  58.635515  30.172846  10.513078  -22.195739  45.787590  -10.449875  15.350200  119.546684
0.512439  0.000000  0.000000  0.000000  -46.643882  15.638132  2.857143  59.818313  26.489905  8.022318  -22.195739  45.787590  -10.449875  15.350200  119.546684
0.512696  0.000000  0.000000  0.000000  -46.643882  15.638132  7.142857  60.792055  22.766452  5.687190  -22.195739  45.787590  -10.449875  15.350200  119.546684
0.512952  0.000000  0.000000  0.000000  -46.643882  15.638132  11.428571  61.580714  19.010850  3.476711  -22.195739  45.787590  -10.449875  15.350200  119.546684
0.513209  0.000000  0.000000  0.000000  -46.643882  15.638132  15.714286  62.202969  15.230147  1.364301  -22.195739  45.787590  -10.449875  15.350200  119.546684
0.513465  0.000000  0.000000  0.000000  -46.643882  15.638132  20.000000  62.673065  11.430404  -0.673272  -22.195739  45.787590  -10.449875  15.350200  119.546684
0.513721  0.000000  0.000000  0.000000  -46.643882  15.638132  24.285714  63.001465  7.616956  -2.656756  -22.195739  45.787590  -10.449875  15.350200  119.546684
0.513978  0.000000  0.000000  0.000000  -46.643882  15.638132  28.571429  63.195297  3.794655  -4.605172  -22.195739  45.787590  -10.449875  15.350200  119.546684
0.514234  0.000000  0.000000  0.000000  -46.643882  15.638132  32.857143  63.258738  -0.031985  -6.536382  -22.195739  45.787590  -10.449875  15.350200  119.546684
0.514491  0.000000  0.000000  0.000000  -46.643882  15.638132  37.142857  63.193130  -3.858590  -8.467735  -22.195739  45.787590  -10.449875  15.350200  119.546684
0.514747  0.000000  0.000000  0.000000  -46.643882  15.638132  41.428571  62.997090  -7.680783  -10.416585  -22.195739  45.787590  -10.449875  15.350200  119.546684
0.515004  0.000000  0.000000  0.000000  -46.643882  15.638132  45.714286  62.666397  -11.494040  -12.400818  -22.195739  45.787590  -10.449875  15.350200  119.546684
0.515260  0.000000  0.000000  0.000000  -46.643882  15.638132  50.000000  62.193853  -15.293510  -14.439467  -22.195739  45.787590  -10.449875  15.350200  119.546684
0.515517  0.000000  0.000000  0.000000  -43.281167  2.190764  -10.000000  79.326449  52.006274  8.101975  9.192090  49.994438  -5.693057  23.252105  120.903080
0.515773  0.000000  0.000000  0.000000  -43.281167  2.190764  -5.714286  80.229962  47.788389  6.921561  9.192090  49.994438  -5.693057  23.252105  120.903080
0.516030  0.000000  0.000000  0.000000  -43.281167  2.190764  -1.428571  80.947783  43.560222  5.918843  9.192090  49.994438  -5.693057  23.252105  120.903080
0.516286  0.000000  0.000000  0.000000  -43.281167  2.190764  2.857143  81.524591  39.324445  5.047960  9.192090  49.994438  -5.693057  23.252105  120.903080
0.516543  0.000000  0.000000  0.000000  -43.281167  2.190764  7.142857  81.991212  35.082921  4.276773  9.192090  49.994438  -5.693057  23.252105  120.903080
0.516799  0.000000  0.000000  0.000000  -43.281167  2.190764  11.428571  82.369454  30.837002  3.582004  9.192090  49.994438  -5.693057  23.252105  120.903080
0.517056  0.000000  0.000000  0.000000  -43.281167  2.190764  15.714286  82.675134  26.587683  2.946192  9.192090  49.994438  -5.693057  23.252105  120.903080
0.517312  0.000000  0.000000  0.000000  -43.281167  2.190764  20.000000  82.919687  22.335747  2.356009  9.192090  49.994438  -5.693057  23.252105  120.903080
0.517569  0.000000  0.000000  0.000000  -43.281167  2.190764  24.285714  83.111612  18.081800  1.800811  9.192090  49.994438  -5.693057  23.252105  120.903080
0.517825  0.000000  0.000000  0.000000  -43.281167  2.190764  28.571429  83.257079  13.826341  1.271951  9.192090  49.994438  -5.693057  23.252105  120.903080
0.518082  0.000000  0.000000  0.000000  -43.281167  2.190764  32.857143  83.360523  9.569790  0.762111  9.192090  49.994438  -5.693057  23.252105  120.903080
0.518338  0.000000  0.000000  0.000000  -43.281167  2.190764  37.142857  83.424970  5.312512  0.264914  9.192090  49.994438  -5.693057  23.252105  120.903080
0.518595  0.000000  0.000000  0.000000  -43.281167  2.190764  41.428571  83.452210  1.054843  -0.225453  9.192090  49.994438  -5.693057  23.252105  120.903080
0.518851  0.000000  0.000000  0.000000  -43.281167  2.190764  45.714286  83.443038  -3.202900  -0.714476  9.192090  49.994438  -5.693057  23.252105  120.903080
0.519107  0.000000  0.000000  0.000000  -43.281167  2.190764  50.000000  83.397186  -7.460410  -1.207592  9.192090  49.994438  -5.693057  23.252105  120.903080
0.519364  0.000000  0.000000  0.000000  -24.626891  11.650111  -10.000000  53.502692  44.027831  17.754093  -13.680236  51.214835  -17.994304  20.064378  114.560317
0.519620  0.000000  0.000000  0.000000  -24.626891  11.650111  -5.714286  55.759596  40.531850  14.401447  -13.680236  51.214835  -17.994304  20.064378  114.560317
0.519877  0.000000  0.000000  0.000000  -24.626891  11.650111  -1.428571  57.648157  36.948668  11.385466  -13.680236  51.214835  -17.994304  20.064378  114.560317
0.520133  0.000000  0.000000  0.000000  -24.626891  11.650111  2.857143  59.226843  33.296132  8.643221  -13.680236  51.214835  -17.994304  20.064378  114.560317
0.520390  0.000000  0.000000  0.000000  -24.626891  11.650111  7.142857  60.542225  29.588244  6.123195  -13.680236  51.214835  -17.994304  20.064378  114.560317
0.520646  0.000000  0.000000  0.000000  -24.626891  11.650111  11.428571  61.631183  25.836157  3.783011  -13.680236  51.214835  -17.994304  20.064378  114.560317
0.520903  0.000000  0.000000  0.000000  -24.626891  11.650111  15.714286  62.522739  22.048895  1.587513  -13.680236  51.214835  -17.994304  20.064378  114.560317
0.521159  0.000000  0.000000  0.000000  -24.626891  11.650111  20.000000  63.239587  18.233894  -0.492955  -13.680236  51.214835  -17.994304  20.064378  114.560317
0.521416  0.000000  0.000000  0.000000  -24.626891  11.650111  24.285714  63.799226  14.397411  -2.483751  -13.680236  51.214835  -17.994304  20.064378  114.560317
0.521672  0.000000  0.000000  0.000000  -24.626891  11.650111  28.571429  64.214832  10.544838  -4.407050  -13.680236  51.214835  -17.994304  20.064378  114.560317
0.521929  0.000000  0.000000  0.000000  -24.626891  11.650111  32.857143  64.495902  6.680936  -6.282656  -13.680236  51.214835  -17.994304  20.064378  114.560317
0.522185  0.000000  0.000000  0.000000  -24.626891  11.650111  37.142857  64.648719  2.810053  -8.128794  -13.680236  51.214835  -17.994304  20.064378  114.560317
0.522442  0.000000  0.000000  0.000000  -24.626891  11.650111  41.428571  64.676699  -1.063726  -9.962717  -13.680236  51.214835  -17.994304  20.064378  114.560317
0.522698  0.000000  0.000000  0.000000  -24.626891  11.650111  45.714286  64.580412  -4.936411  -11.801251  -13.680236  51.214835  -17.994304  20.064378  114.560317
0.522955  0.000000  0.000000  0.000000  -24.626891  11.650111  50.000000  64.357751  -8.803976  -13.661403  -13.680236  51.214835  -17.994304  20.064378  114.560317
0.523211  0.000000  0.000000  0.000000  -37.281044  11.445829  -10.000000  60.770976  49.314673  26.687069  -12.285196  52.323487  0.161441  16.905072  126.280037
0.523468  0.000000  0.000000  0.000000  -37.281044  11.445829  -5.714286  62.971330  45.534060  23.700963  -12.285196  52.323487  0.161441  16.905072  126.280037
0.523724  0.000000  0.000000  0.000000  -37.281044  11.445829  -1.428571  64.770198  41.685511  21.094623  -12.285196  52.323487  0.161441  16.905072  126.280037
0.523981  0.000000  0.000000  0.000000  -37.281044  11.445829  2.857143  66.247780  37.784759  18.784692  -12.285196  52.323487  0.161441  16.905072  126.280037
0.524237  0.000000  0.000000  0.000000  -37.281044  11.445829  7.142857  67.463888  33.843458  16.707811  -12.285196  52.323487  0.161441  16.905072  126.280037
0.524493  0.000000  0.000000  0.000000  -37.281044  11.445829  11.428571  68.463565  29.870418  14.815028  -12.285196  52.323487  0.161441  16.905072  126.280037
0.524750  0.000000  0.000000  0.000000  -37.281044  11.445829  15.714286  69.280886  25.872453  13.067876  -12.285196  52.323487  0.161441  16.905072  126.280037
0.525006  0.000000  0.000000  0.000000  -37.281044  11.445829  20.000000  69.941713  21.854941  11.435539  -12.285196  52.323487  0.161441  16.905072  126.280037
0.525263  0.000000  0.000000  0.000000  -37.281044  11.445829  24.285714  70.465637  17.822247  9.892787  -12.285196  52.323487  0.161441  16.905072  126.280037
0.525519  0.000000  0.000000  0.000000  -37.281044  11.445829  28.571429  70.867314  13.777981  8.418533  -12.285196  52.323487  0.161441  16.905072  126.280037
0.525776  0.000000  0.000000  0.000000  -37.281044  11.445829  32.857143  71.157529  9.725243  6.994561  -12.285196  52.323487  0.161441  16.905072  126.280037
0.526032  0.000000  0.000000  0.000000  -37.281044  11.445829  37.142857  71.343770  5.666754  5.604779  -12.285196  52.323487  0.161441  16.905072  126.280037
0.526289  0.000000  0.000000  0.000000  -37.281044  11.445829  41.428571  71.430730  1.605000  4.234435  -12.285196  52.323487  0.161441  16.905072  126.280037
0.526545  0.000000  0.000000  0.000000  -37.281044  11.445829  45.714286  71.420568  -2.457669  2.869532  -12.285196  52.323487  0.161441  16.905072  126.280037
0.526802  0.000000  0.000000  0.000000  -37.281044  11.445829  50.000000  71.313030  -6.518934  1.496285  -12.285196  52.323487  0.161441  16.905072  126.280037
0.527058  0.000000  0.000000  0.000000  -38.565651  17.956869  -10.000000  61.602167  47.161582  27.059826  0.438581  66.655414  -11.011056  16.279103  121.322581
0.527315  0.000000  0.000000  0.000000  -38.565651  17.956869  -5.714286  63.593530  43.355789  24.258074  0.438581  66.655414  -11.011056  16.279103  121.322581
0.527571  0.000000  0.000000  0.000000  -38.565651  17.956869  -1.428571  65.227599  39.489719  21.789854  0.438581  66.655414  -11.011056  16.279103  121.322581
0.527828  0.000000  0.000000  0.000000  -38.565651  17.956869  2.857143  66.572682  35.576993  19.583445  0.438581  66.655414  -11.011056  16.279103  121.322581
0.528084  0.000000  0.000000  0.000000  -38.565651  17.956869  7.142857  67.680109  31.627824  17.583738  0.438581  66.655414  -11.011056  16.279103  121.322581
0.528341  0.000000  0.000000  0.000000  -38.565651  17.956869  11.428571  68.588705  27.650043  15.747680  0.438581  66.655414  -11.011056  16.279103  121.322581
0.528597  0.000000  0.000000  0.000000  -38.565651  17.956869  15.714286  69.327959  23.649780  14.041030  0.438581  66.655414  -11.011056  16.279103  121.322581
0.528854  0.000000  0.000000  0.000000  -38.565651  17.956869  20.000000  69.920270  19.631948  12.436009  0.438581  66.655414  -11.011056  16.279103  121.322581
0.529110  0.000000  0.000000  0.000000  -38.565651  17.956869  24.285714  70.382545  15.600586  10.909566  0.438581  66.655414  -11.011056  16.279103  121.322581
0.529367  0.000000  0.000000  0.000000  -38.565651  17.956869  28.571429  70.727335  11.559096  9.442111  0.438581  66.655414  -11.011056  16.279103  121.322581
0.529623  0.000000  0.000000  0.000000  -38.565651  17.956869  32.857143  70.963642  7.510439  8.016493  0.438581  66.655414  -11.011056  16.279103  121.322581
0.529879  0.000000  0.000000  0.000000  -38.565651  17.956869  37.142857  71.097451  3.457271  6.617248  0.438581  66.655414  -11.011056  16.279103  121.322581
0.530136  0.000000  0.000000  0.000000  -38.565651  17.956869  41.428571  71.132088  -0.597936  5.229933  0.438581  66.655414  -11.011056  16.279103  121.322581
0.530392  0.000000  0.000000  0.000000  -38.565651  17.956869  45.714286  71.068405  -4.652792  3.840564  0.438581  66.655414  -11.011056  16.279103  121.322581
0.530649  0.000000  0.000000  0.000000  -38.565651  17.956869  50.000000  70.904824  -8.704888  2.435066  0.438581  66.655414  -11.011056  16.279103  121.322581
0.530905  0.000000  0.000000  0.000000  -35.251701  19.954920  -10.000000  48.947384  40.974561  24.953797  -19.594400  46.104912  4.925439  28.338548  120.382984
0.531162  0.000000  0.000000  0.000000  -35.251701  19.954920  -5.714286  51.202314  37.686646  21.398115  -19.594400  46.104912  4.925439  28.338548  120.382984
0.531418  0.000000  0.000000  0.000000  -35.251701  19.954920  -1.428571  53.113115  34.301148  18.148781  -19.594400  46.104912  4.925439  28.338548  120.382984
0.531675  0.000000  0.000000  0.000000  -35.251701  19.954920  2.857143  54.726117  30.836565  15.154233  -19.594400  46.104912  4.925439  28.338548  120.382984
0.531931  0.000000  0.000000  0.000000  -35.251701  19.954920  7.142857  56.079669  27.307940  12.370378  -19.594400  46.104912  4.925439  28.338548  120.382984
0.532188  0.000000  0.000000  0.000000  -35.251701  19.954920  11.428571  57.205137  23.727597  9.759470  -19.594400  46.104912  4.925439  28.338548  120.382984
0.532444  0.000000  0.000000  0.000000  -35.251701  19.954920  15.714286  58.127796  20.105788  7.289099  -19.594400  46.104912  4.925439  28.338548  120.382984
0.532701  0.000000  0.000000  0.000000  -35.251701  19.954920  20.000000  58.867839  16.451151  4.931071  -19.594400  46.104912  4.925439  28.338548  120.382984
0.532957  0.000000  0.000000  0.000000  -35.251701  19.954920  24.285714  59.440942  12.771148  2.660617  -19.594400  46.104912  4.925439  28.338548  120.382984
0.533214  0.000000  0.000000  0.000000  -35.251701  19.954920  28.571429  59.859000  9.072313  0.455543  -19.594400  46.104912  4.925439  28.338548  120.382984
0.533470  0.000000  0.000000  0.000000  -35.251701  19.954920  32.857143  60.130499  5.360529  -1.704389  -19.594400  46.104912  4.925439  28.338548  120.382984
0.533727  0.000000  0.000000  0.000000  -35.251701  19.954920  37.142857  60.260880  1.641263  -3.838164  -19.594400  46.104912  4.925439  28.338548  120.382984
0.533983  0.000000  0.000000  0.000000  -35.251701  19.954920  41.428571  60.252731  -2.080268  -5.964008  -19.594400  46.104912  4.925439  28.338548  120.382984
0.534240  0.000000  0.000000  0.000000  -35.251701  19.954920  45.714286  60.105890  -5.798925  -8.099913  -19.594400  46.104912  4.925439  28.338548  120.382984
0.534496  0.000000  0.000000  0.000000  -35.251701  19.954920  50.000000  59.817440  -9.509473  -10.264163  -19.594400  46.104912  4.925439  28.338548  120.382984
0.534753  0.000000  0.000000  0.000000  -20.779892  13.076445  -10.000000  60.759955  37.412295  17.893967  10.486191  47.027302  -5.406227  29.601849  110.944530
0.535009  0.000000  0.000000  0.000000  -20.779892  13.076445  -5.714286  62.221333  33.645565  15.380809  10.486191  47.027302  -5.406227  29.601849  110.944530
0.535265  0.000000  0.000000  0.000000  -20.779892  13.076445  -1.428571  63.432549  29.832280  13.079829  10.486191  47.027302  -5.406227  29.601849  110.944530
0.535522  0.000000  0.000000  0.000000  -20.779892  13.076445  2.857143  64.430505  25.982061  10.949025  10.486191  47.027302  -5.406227  29.601849  110.944530
0.535778  0.000000  0.000000  0.000000  -20.779892  13.076445  7.142857  65.243826  22.102624  8.954027  10.486191  47.027302  -5.406227  29.601849  110.944530
0.536035  0.000000  0.000000  0.000000  -20.779892  13.076445  11.428571  65.894593  18.200269  7.066254  10.486191  47.027302  -5.406227  29.601849  110.944530
0.536291  0.000000  0.000000  0.000000  -20.779892  13.076445  15.714286  66.399658  14.280274  5.261480  10.486191  47.027302  -5.406227  29.601849  110.944530
0.536548  0.000000  0.000000  0.000000  -20.779892  13.076445  20.000000  66.771598  10.347161  3.518660  10.486191  47.027302  -5.406227  29.601849  110.944530
0.536804  0.000000  0.000000  0.000000  -20.779892  13.076445  24.285714  67.019329  6.404906  1.819107  10.486191  47.027302  -5.406227  29.601849  110.944530
0.537061  0.000000  0.000000  0.000000  -20.779892  13.076445  28.571429  67.148694  2.457155  0.145658  10.486191  47.027302  -5.406227  29.601849  110.944530
0.537317  0.000000  0.000000  0.000000  -20.779892  13.076445  32.857143  67.162720  -1.492681  -1.517904  10.486191  47.027302  -5.406227  29.601849  110.944530
0.537574  0.000000  0.000000  0.000000  -20.779892  13.076445  37.142857  67.061683  -5.441253  -3.187464  10.486191  47.027302  -5.406227  29.601849  110.944530
0.537830  0.000000  0.000000  0.000000  -20.779892  13.076445  41.428571  66.843270  -9.385170  -4.879115  10.486191  47.027302  -5.406227  29.601849  110.944530
0.538087  0.000000  0.000000  0.000000  -20.779892  13.076445  45.714286  66.502376  -13.320872  -6.609700  10.486191  47.027302  -5.406227  29.601849  110.944530
0.538343  0.000000  0.000000  0.000000  -20.779892  13.076445  50.000000  66.030818  -17.244460  -8.397510  10.486191  47.027302  -5.406227  29.601849  110.944530
0.538600  0.000000  0.000000  0.000000  -35.697833  14.220227  -10.000000  57.854194  40.615929  21.396270  1.987413  46.235241  -26.551569  31.500473  115.740129
0.538856  0.000000  0.000000  0.000000  -35.697833  14.220227  -5.714286  59.641740  36.951196  18.544312  1.987413  46.235241  -26.551569  31.500473  115.740129
0.539113  0.000000  0.000000  0.000000  -35.697833  14.220227  -1.428571  61.130224  33.224571  15.956554  1.987413  46.235241  -26.551569  31.500473  115.740129
0.539369  0.000000  0.000000  0.000000  -35.697833  14.220227  2.857143  62.366034  29.448779  13.581834  1.987413  46.235241  -26.551569  31.500473  115.740129
0.539626  0.000000  0.000000  0.000000  -35.697833  14.220227  7.142857  63.385477  25.633888  11.378536  1.987413  46.235241  -26.551569  31.500473  115.740129
0.539882  0.000000  0.000000  0.000000  -35.697833  14.220227  11.428571  64.216873  21.788005  9.312371  1.987413  46.235241  -26.551569  31.500473  115.740129
0.540138  0.000000  0.000000  0.000000  -35.697833  14.220227  15.714286  64.882161  17.917791  7.354655  1.987413  46.235241  -26.551569  31.500473  115.740129
0.540395  0.000000  0.000000  0.000000  -35.697833  14.220227  20.000000  65.398129  14.028836  5.480935  1.987413  46.235241  -26.551569  31.500473  115.740129
0.540651  0.000000  0.000000  0.000000  -35.697833  14.220227  24.285714  65.777306  10.125953  3.669906  1.987413  46.235241  -26.551569  31.500473  115.740129
0.540908  0.000000  0.000000  0.000000  -35.697833  14.220227  28.571429  66.028626  6.213403  1.902522  1.987413  46.235241  -26.551569  31.500473  115.740129
0.541164  0.000000  0.000000  0.000000  -35.697833  14.220227  32.857143  66.157875  2.295074  0.161281  1.987413  46.235241  -26.551569  31.500473  115.740129
0.541421  0.000000  0.000000  0.000000  -35.697833  14.220227  37.142857  66.168008  -1.625360  -1.570426  1.987413  46.235241  -26.551569  31.500473  115.740129
0.541677  0.000000  0.000000  0.000000  -35.697833  14.220227  41.428571  66.059237  -5.544305  -3.308880  1.987413  46.235241  -26.551569  31.500473  115.740129
0.541934  0.000000  0.000000  0.000000  -35.697833  14.220227  45.714286  65.829091  -9.458105  -5.070603  1.987413  46.235241  -26.551569  31.500473  115.740129
0.542190  0.000000  0.000000  0.000000  -35.697833  14.220227  50.000000  65.472306  -13.362934  -6.872865  1.987413  46.235241  -26.551569  31.500473  115.740129
0.542447  0.000000  0.000000  0.000000  -20.834388  8.928873  -10.000000  62.449229  44.954149  17.413393  -7.028238  54.194270  -5.746738  23.127919  110.364861
0.542703  0.000000  0.000000  0.000000  -20.834388  8.928873  -5.714286  64.245314  41.123002  14.783445  -7.028238  54.194270  -5.746738  23.127919  110.364861
0.542960  0.000000  0.000000  0.000000  -20.834388  8.928873  -1.428571  65.723118  37.238674  12.445851  -7.028238  54.194270  -5.746738  23.127919  110.364861
0.543216  0.000000  0.000000  0.000000  -20.834388  8.928873  2.857143  66.940761  33.312928  10.338819  -7.028238  54.194270  -5.746738  23.127919  110.364861
0.543473  0.000000  0.000000  0.000000  -20.834388  8.928873  7.142857  67.942208  29.354698  8.414327  -7.028238  54.194270  -5.746738  23.127919  110.364861
0.543729  0.000000  0.000000  0.000000  -20.834388  8.928873  11.428571  68.760832  25.370925  6.634441  -7.028238  54.194270  -5.746738  23.127919  110.364861
0.543986  0.000000  0.000000  0.000000  -20.834388  8.928873  15.714286  69.422026  21.367117  4.968619  -7.028238  54.194270  -5.746738  23.127919  110.364861
0.544242  0.000000  0.000000  0.000000  -20.834388  8.928873  20.000000  69.945045  17.347753  3.391756  -7.028238  54.194270  -5.746738  23.127919  110.364861
0.544499  0.000000  0.000000  0.000000  -20.834388  8.928873  24.285714  70.344324  13.316569  1.882720  -7.028238  54.194270  -5.746738  23.127919  110.364861
0.544755  0.000000  0.000000  0.000000  -20.834388  8.928873  28.571429  70.630412  9.276770  0.423247  -7.028238  54.194270  -5.746738  23.127919  110.364861
0.545012  0.000000  0.000000  0.000000  -20.834388  8.928873  32.857143  70.810612  5.231191  -1.002915  -7.028238  54.194270  -5.746738  23.127919  110.364861
0.545268  0.000000  0.000000  0.000000  -20.834388  8.928873  37.142857  70.889415  1.182430  -2.410721  -7.028238  54.194270  -5.746738  23.127919  110.364861
0.545524  0.000000  0.000000  0.000000  -20.834388  8.928873  41.428571  70.868768  -2.867040  -3.814422  -7.028238  54.194270  -5.746738  23.127919  110.364861
0.545781  0.000000  0.000000  0.000000  -20.834388  8.928873  45.714286  70.748158  -6.914781  -5.228109  -7.028238  54.194270  -5.746738  23.127919  110.364861
0.546037  0.000000  0.000000  0.000000  -20.834388  8.928873  50.000000  70.524607  -10.958282  -6.666251  -7.028238  54.194270  -5.746738  23.127919  110.364861
0.546294  0.000000  0.000000  0.000000  -38.496277  1.175744  -10.000000  79.230192  52.978840  12.637203  5.453329  67.001777  -24.951340  33.324076  117.858677
0.546550  0.000000  0.000000  0.000000  -38.496277  1.175744  -5.714286  80.172449  48.761964  11.423350  5.453329  67.001777  -24.951340  33.324076  117.858677
0.546807  0.000000  0.000000  0.000000  -38.496277  1.175744  -1.428571  80.918512  44.534337  10.398069  5.453329  67.001777  -24.951340  33.324076  117.858677
0.547063  0.000000  0.000000  0.000000  -38.496277  1.175744  2.857143  81.516642  40.298754  9.511913  5.453329  67.001777  -24.951340  33.324076  117.858677
0.547320  0.000000  0.000000  0.000000  -38.496277  1.175744  7.142857  81.999936  36.057223  8.730562  5.453329  67.001777  -24.951340  33.324076  117.858677
0.547576  0.000000  0.000000  0.000000  -38.496277  1.175744  11.428571  82.391664  31.811144  8.029317  5.453329  67.001777  -24.951340  33.324076  117.858677
0.547833  0.000000  0.000000  0.000000  -38.496277  1.175744  15.714286  82.708605  27.561556  7.389821  5.453329  67.001777  -24.951340  33.324076  117.858677
0.548089  0.000000  0.000000  0.000000  -38.496277  1.175744  20.000000  82.962916  23.309260  6.798105  5.453329  67.001777  -24.951340  33.324076  117.858677
0.548346  0.000000  0.000000  0.000000  -38.496277  1.175744  24.285714  83.163593  19.054881  6.243122  5.453329  67.001777  -24.951340  33.324076  117.858677
0.548602  0.000000  0.000000  0.000000  -38.496277  1.175744  28.571429  83.317185  14.798926  5.715956  5.453329  67.001777  -24.951340  33.324076  117.858677
0.548859  0.000000  0.000000  0.000000  -38.496277  1.175744  32.857143  83.428433  10.541821  5.209116  5.453329  67.001777  -24.951340  33.324076  117.858677
0.549115  0.000000  0.000000  0.000000  -38.496277  1.175744  37.142857  83.500610  6.283930  4.716130  5.453329  67.001777  -24.951340  33.324076  117.858677
0.549372  0.000000  0.000000  0.000000  -38.496277  1.175744  41.428571  83.535767  2.025585  4.231163  5.453329  67.001777  -24.951340  33.324076  117.858677
0.549628  0.000000  0.000000  0.000000  -38.496277  1.175744  45.714286  83.534898  -2.232902  3.748742  5.453329  67.001777  -24.951340  33.324076  117.858677
0.549885  0.000000  0.000000  0.000000  -38.496277  1.175744  50.000000  83.497966  -6.491231  3.263512  5.453329  67.001777  -24.951340  33.324076  117.858677
0.550141  0.000000  0.000000  0.000000  -37.877368  12.700850  -10.000000  58.025569  33.469975  12.981966  7.629640  67.729414  -18.224059  24.245867  119.963735
0.550398  0.000000  0.000000  0.000000  -37.877368  12.700850  -5.714286  59.397602  29.806835  10.368025  7.629640  67.729414  -18.224059  24.245867  119.963735
0.550654  0.000000  0.000000  0.000000  -37.877368  12.700850  -1.428571  60.536338  26.095911  7.940137  7.629640  67.729414  -18.224059  24.245867  119.963735
0.550910  0.000000  0.000000  0.000000  -37.877368  12.700850  2.857143  61.471386  22.346871  5.662478  7.629640  67.729414  -18.224059  24.245867  119.963735
0.551167  0.000000  0.000000  0.000000  -37.877368  12.700850  7.142857  62.226019  18.567665  3.504743  7.629640  67.729414  -18.224059  24.245867  119.963735
0.551423  0.000000  0.000000  0.000000  -37.877368  12.700850  11.428571  62.818285  14.764994  1.440950  7.629640  67.729414  -18.224059  24.245867  119.963735
0.551680  0.000000  0.000000  0.000000  -37.877368  12.700850  15.714286  63.261887  10.944639  -0.551630  7.629640  67.729414  -18.224059  24.245867  119.963735
0.551936  0.000000  0.000000  0.000000  -37.877368  12.700850  20.000000  63.566787  7.111702  -2.493346  7.629640  67.729414  -18.224059  24.245867  119.963735
0.552193  0.000000  0.000000  0.000000  -37.877368  12.700850  24.285714  63.739667  3.270811  -4.402836  7.629640  67.729414  -18.224059  24.245867  119.963735
0.552449  0.000000  0.000000  0.000000  -37.877368  12.700850  28.571429  63.784295  -0.573677  -6.297725  7.629640  67.729414  -18.224059  24.245867  119.963735
0.552706  0.000000  0.000000  0.000000  -37.877368  12.700850  32.857143  63.701613  -4.417539  -8.195161  7.629640  67.729414  -18.224059  24.245867  119.963735
0.552962  0.000000  0.000000  0.000000  -37.877368  12.700850  37.142857  63.489865  -8.256518  -10.112390  7.629640  67.729414  -18.224059  24.245867  119.963735
0.553219  0.000000  0.000000  0.000000  -37.877368  12.700850  41.428571  63.144424  -12.086207  -12.067262  7.629640  67.729414  -18.224059  24.245867  119.963735
0.553475  0.000000  0.000000  0.000000  -37.877368  12.700850  45.714286  62.657646  -15.901839  -14.078875  7.629640  67.729414  -18.224059  24.245867  119.963735
0.553732  0.000000  0.000000  0.000000  -37.877368  12.700850  50.000000  62.018547  -19.698152  -16.168196  7.629640  67.729414  -18.224059  24.245867  119.963735
0.553988  0.000000  0.000000  0.000000  -33.660857  16.782064  -10.000000  54.897414  44.459798  25.160535  -23.579055  64.694294  -8.620947  19.414649  113.212430
0.554245  0.000000  0.000000  0.000000  -33.660857  16.782064  -5.714286  57.108536  40.905474  21.901035  -23.579055  64.694294  -8.620947  19.414649  113.212430
0.554501  0.000000  0.000000  0.000000  -33.660857  16.782064  -1.428571  58.952708  37.268823  18.977960  -23.579055  64.694294  -8.620947  19.414649  113.212430
0.554758  0.000000  0.000000  0.000000  -33.660857  16.782064  2.857143  60.490142  33.566979  16.326788  -23.579055  64.694294  -8.620947  19.414649  113.212430
0.555014  0.000000  0.000000  0.000000  -33.660857  16.782064  7.142857  61.768295  29.813292  13.895284  -23.579055  64.694294  -8.620947  19.414649  113.212430
0.555271  0.000000  0.000000  0.000000  -33.660857  16.782064  11.428571  62.824441  26.018333  11.640860  -23.579055  64.694294  -8.620947  19.414649  113.212430
0.555527  0.000000  0.000000  0.000000  -33.660857  16.782064  15.714286  63.687729  22.190605  9.528420  -23.579055  64.694294  -8.620947  19.414649  113.212430
0.555784  0.000000  0.000000  0.000000  -33.660857  16.782064  20.000000  64.380820  18.337091  7.528559  -23.579055  64.694294  -8.620947  19.414649  113.212430
0.556040  0.000000  0.000000  0.000000  -33.660857  16.782064  24.285714  64.921111  14.463645  5.616249  -23.579055  64.694294  -8.620947  19.414649  113.212430
0.556296  0.000000  0.000000  0.000000  -33.660857  16.782064  28.571429  65.321660  10.575298  3.769688  -23.579055  64.694294  -8.620947  19.414649  113.212430
0.556553  0.000000  0.000000  0.000000  -33.660857  16.782064  32.857143  65.591837  6.676482  1.969470  -23.579055  64.694294  -8.620947  19.414649  113.212430
0.556809  0.000000  0.000000  0.000000  -33.660857  16.782064  37.142857  65.737838  2.771238  0.197764  -23.579055  64.694294  -8.620947  19.414649  113.212430
0.557066  0.000000  0.000000  0.000000  -33.660857  16.782064  41.428571  65.762962  -1.136632  -1.562270  -23.579055  64.694294  -8.620947  19.414649  113.212430
0.557322  0.000000  0.000000  0.000000  -33.660857  16.782064  45.714286  65.667767  -5.043428  -3.327081  -23.579055  64.694294  -8.620947  19.414649  113.212430
0.557579  0.000000  0.000000  0.000000  -33.660857  16.782064  50.000000  65.450108  -8.945402  -5.113289  -23.579055  64.694294  -8.620947  19.414649  113.212430
0.557835  0.000000  0.000000  0.000000  -46.939015  8.371559  -10.000000  61.811509  52.720466  15.532409  -21.346842  47.369692  -4.449568  15.488739  110.146217
0.558092  0.000000  0.000000  0.000000  -46.939015  8.371559  -5.714286  64.198892  48.900495  12.454159  -21.346842  47.369692  -4.449568  15.488739  110.146217
0.558348  0.000000  0.000000  0.000000  -46.939015  8.371559  -1.428571  66.127305  45.010309  9.817208  -21.346842  47.369692  -4.449568  15.488739  110.146217
0.558605  0.000000  0.000000  0.000000  -46.939015  8.371559  2.857143  67.697393  41.067201  7.518216  -21.346842  47.369692  -4.449568  15.488739  110.146217
0.558861  0.000000  0.000000  0.000000  -46.939015  8.371559  7.142857  68.982430  37.083598  5.480943  -21.346842  47.369692  -4.449568  15.488739  110.146217
0.559118  0.000000  0.000000  0.000000  -46.939015  8.371559  11.428571  70.036382  33.068643  3.648142  -21.346842  47.369692  -4.449568  15.488739  110.146217
0.559374  0.000000  0.000000  0.000000  -46.939015  8.371559  15.714286  70.899409  29.029231  1.975987  -21.346842  47.369692  -4.449568  15.488739  110.146217
0.559631  0.000000  0.000000  0.000000  -46.939015  8.371559  20.000000  71.601643  24.970673  0.430230  -21.346842  47.369692  -4.449568  15.488739  110.146217
0.559887  0.000000  0.000000  0.000000  -46.939015  8.371559  24.285714  72.165764  20.897181  -1.016479  -21.346842  47.369692  -4.449568  15.488739  110.146217
0.560144  0.000000  0.000000  0.000000  -46.939015  8.371559  28.571429  72.608798  16.812151  -2.386481  -21.346842  47.369692  -4.449568  15.488739  110.146217
0.560400  0.000000  0.000000  0.000000  -46.939015  8.371559  32.857143  72.943436  12.718453  -3.698584  -21.346842  47.369692  -4.449568  15.488739  110.146217
0.560657  0.000000  0.000000  0.000000  -46.939015  8.371559  37.142857  73.178772  8.618500  -4.968931  -21.346842  47.369692  -4.449568  15.488739  110.146217
0.560913  0.000000  0.000000  0.000000  -46.939015  8.371559  41.428571  73.321014  4.514463  -6.211952  -21.346842  47.369692  -4.449568  15.488739  110.146217
0.561170  0.000000  0.000000  0.000000  -46.939015  8.371559  45.714286  73.373831  0.408332  -7.440970  -21.346842  47.369692  -4.449568  15.488739  110.146217
0.561426  0.000000  0.000000  0.000000  -46.939015  8.371559  50.000000  73.338566  -3.697982  -8.668731  -21.346842  47.369692  -4.449568  15.488739  110.146217
0.561682  0.000000  0.000000  0.000000  -36.740860  11.689188  -10.000000  59.341171  37.353307  18.552790  -21.779629  69.448398  -14.270773  25.646865  126.072114
0.561939  0.000000  0.000000  0.000000  -36.740860  11.689188  -5.714286  60.865366  33.637158  15.929428  -21.779629  69.448398  -14.270773  25.646865  126.072114
0.562195  0.000000  0.000000  0.000000  -36.740860  11.689188  -1.428571  62.131688  29.870225  13.524754  -21.779629  69.448398  -14.270773  25.646865  126.072114
0.562452  0.000000  0.000000  0.000000  -36.740860  11.689188  2.857143  63.177472  26.062893  11.296179  -21.779629  69.448398  -14.270773  25.646865  126.072114
0.562708  0.000000  0.000000  0.000000  -36.740860  11.689188  7.142857  64.031871  22.223513  9.208647  -21.779629  69.448398  -14.270773  25.646865  126.072114
0.562965  0.000000  0.000000  0.000000  -36.740860  11.689188  11.428571  64.717500  18.358927  7.232869  -21.779629  69.448398  -14.270773  25.646865  126.072114
0.563221  0.000000  0.000000  0.000000  -36.740860  11.689188  15.714286  65.251712  14.474872  5.343935  -21.779629  69.448398  -14.270773  25.646865  126.072114
0.563478  0.000000  0.000000  0.000000  -36.740860  11.689188  20.000000  65.647505  10.576268  3.520180  -21.779629  69.448398  -14.270773  25.646865  126.072114
0.563734  0.000000  0.000000  0.000000  -36.740860  11.689188  24.285714  65.914204  6.667447  1.742314  -21.779629  69.448398  -14.270773  25.646865  126.072114
0.563991  0.000000  0.000000  0.000000  -36.740860  11.689188  28.571429  66.057964  2.752373  -0.007366  -21.779629  69.448398  -14.270773  25.646865  126.072114
0.564247  0.000000  0.000000  0.000000  -36.740860  11.689188  32.857143  66.082057  -1.165247  -1.745566  -21.779629  69.448398  -14.270773  25.646865  126.072114
0.564504  0.000000  0.000000  0.000000  -36.740860  11.689188  37.142857  65.987014  -5.081795  -3.488614  -21.779629  69.448398  -14.270773  25.646865  126.072114
0.564760  0.000000  0.000000  0.000000  -36.740860  11.689188  41.428571  65.770690  -8.993604  -5.253007  -21.779629  69.448398  -14.270773  25.646865  126.072114
0.565017  0.000000  0.000000  0.000000  -36.740860  11.689188  45.714286  65.428143  -12.896847  -7.055944  -21.779629  69.448398  -14.270773  25.646865  126.072114
0.565273  0.000000  0.000000  0.000000  -36.740860  11.689188  50.000000  64.951361  -16.787354  -8.916012  -21.779629  69.448398  -14.270773  25.646865  126.072114
0.565530  0.000000  0.000000  0.000000  -22.987757  7.091206  -10.000000  62.075362  41.780434  22.231363  1.374639  56.139049  -11.309736  26.181999  115.261301
0.565786  0.000000  0.000000  0.000000  -22.987757  7.091206  -5.714286  63.707474  37.964773  19.687152  1.374639  56.139049  -11.309736  26.181999  115.261301
0.566043  0.000000  0.000000  0.000000  -22.987757  7.091206  -1.428571  65.056032  34.099761  17.396125  1.374639  56.139049  -11.309736  26.181999  115.261301
0.566299  0.000000  0.000000  0.000000  -22.987757  7.091206  2.857143  66.168701  30.195954  15.306438  1.374639  56.139049  -11.309736  26.181999  115.261301
0.566556  0.000000  0.000000  0.000000  -22.987757  7.091206  7.142857  67.081941  26.261555  13.376950  1.374639  56.139049  -11.309736  26.181999  115.261301
0.566812  0.000000  0.000000  0.000000  -22.987757  7.091206  11.428571  67.823675  22.303071  11.574469  1.374639  56.139049  -11.309736  26.181999  115.261301
0.567068  0.000000  0.000000  0.000000  -22.987757  7.091206  15.714286  68.415221  18.325777  9.871704  1.374639  56.139049  -11.309736  26.181999  115.261301
0.567325  0.000000  0.000000  0.000000  -22.987757  7.091206  20.000000  68.872713  14.334069  8.245719  1.374639  56.139049  -11.309736  26.181999  115.261301
0.567581  0.000000  0.000000  0.000000  -22.987757  7.091206  24.285714  69.208034  10.331662  6.676790  1.374639  56.139049  -11.309736  26.181999  115.261301
0.567838  0.000000  0.000000  0.000000  -22.987757  7.091206  28.571429  69.429668  6.321880  5.147398  1.374639  56.139049  -11.309736  26.181999  115.261301
0.568094  0.000000  0.000000  0.000000  -22.987757  7.091206  32.857143  69.543031  2.307697  3.641593  1.374639  56.139049  -11.309736  26.181999  115.261301
0.568351  0.000000  0.000000  0.000000  -22.987757  7.091206  37.142857  69.550875  -1.708069  2.144280  1.374639  56.139049  -11.309736  26.181999  115.261301
0.568607  0.000000  0.000000  0.000000  -22.987757  7.091206  41.428571  69.453377  -5.722665  0.640686  1.374639  56.139049  -11.309736  26.181999  115.261301
0.568864  0.000000  0.000000  0.000000  -22.987757  7.091206  45.714286  69.248189  -9.733291  -0.884193  1.374639  56.139049  -11.309736  26.181999  115.261301
0.569120  0.000000  0.000000  0.000000  -22.987757  7.091206  50.000000  68.930291  -13.736990  -2.446161  1.374639  56.139049  -11.309736  26.181999  115.261301
0.569377  0.000000  0.000000  0.000000  -36.052971  1.389455  -10.000000  71.788035  39.816359  6.198660  -6.002208  65.491588  5.370120  29.086274  123.290325
0.569633  0.000000  0.000000  0.000000  -36.052971  1.389455  -5.714286  72.798680  35.733339  4.549907  -6.002208  65.491588  5.370120  29.086274  123.290325
0.569890  0.000000  0.000000  0.000000  -36.052971  1.389455  -1.428571  73.624073  31.630028  3.062594  -6.002208  65.491588  5.370120  29.086274  123.290325
0.570146  0.000000  0.000000  0.000000  -36.052971  1.389455  2.857143  74.296283  27.510941  1.701378  -6.002208  65.491588  5.370120  29.086274  123.290325
0.570403  0.000000  0.000000  0.000000  -36.052971  1.389455  7.142857  74.839156  23.379564  0.438713  -6.002208  65.491588  5.370120  29.086274  123.290325
0.570659  0.000000  0.000000  0.000000  -36.052971  1.389455  11.428571  75.270486  19.238666  -0.747404  -6.002208  65.491588  5.370120  29.086274  123.290325
0.570916  0.000000  0.000000  0.000000  -36.052971  1.389455  15.714286  75.603489  15.090504  -1.875011  -6.002208  65.491588  5.370120  29.086274  123.290325
0.571172  0.000000  0.000000  0.000000  -36.052971  1.389455  20.000000  75.847835  10.936984  -2.959348  -6.002208  65.491588  5.370120  29.086274  123.290325
0.571429  0.000000  0.000000  0.000000  -36.052971  1.389455  24.285714  76.010296  6.779737  -4.013640  -6.002208  65.491588  5.370120  29.086274  123.290325
0.571685  0.000000  0.000000  0.000000  -36.052971  1.389455  28.571429  76.095251  2.620261  -5.049876  -6.002208  65.491588  5.370120  29.086274  123.290325
0.571942  0.000000  0.000000  0.000000  -36.052971  1.389455  32.857143  76.104977  -1.540067  -6.079235  -6.002208  65.491588  5.370120  29.086274  123.290325
0.572198  0.000000  0.000000  0.000000  -36.052971  1.389455  37.142857  76.039680  -5.699896  -7.112629  -6.002208  65.491588  5.370120  29.086274  123.290325
0.572454  0.000000  0.000000  0.000000  -36.052971  1.389455  41.428571  75.897668  -9.857856  -8.161132  -6.002208  65.491588  5.370120  29.086274  123.290325
0.572711  0.000000  0.000000  0.000000  -36.052971  1.389455  45.714286  75.675134  -14.012497  -9.236451  -6.002208  65.491588  5.370120  29.086274  123.290325
0.572967  0.000000  0.000000  0.000000  -36.052971  1.389455  50.000000  75.365953  -18.162221  -10.351450  -6.002208  65.491588  5.370120  29.086274  123.290325
0.573224  0.000000  0.000000  0.000000  -22.058830  18.531549  -10.000000  51.532061  35.029505  21.885279  -1.123405  48.166515  -5.691892  32.050076  126.199649
0.573480  0.000000  0.000000  0.000000  -22.058830  18.531549  -5.714286  53.252949  31.633348  18.755358  -1.123405  48.166515  -5.691892  32.050076  126.199649
0.573737  0.000000  0.000000  0.000000  -22.058830  18.531549  -1.428571  54.702954  28.166267  15.848331  -1.123405  48.166515  -5.691892  32.050076  126.199649
0.573993  0.000000  0.000000  0.000000  -22.058830  18.531549  2.857143  55.914596  24.641690  13.125384  -1.123405  48.166515  -5.691892  32.050076  126.199649
0.574250  0.000000  0.000000  0.000000  -22.058830  18.531549  7.142857  56.914395  21.070781  10.552984  -1.123405  48.166515  -5.691892  32.050076  126.199649
0.574506  0.000000  0.000000  0.000000  -22.058830  18.531549  11.428571  57.723671  17.462957  8.101951  -1.123405  48.166515  -5.691892  32.050076  126.199649
0.574763  0.000000  0.000000  0.000000  -22.058830  18.531549  15.714286  58.359239  13.826293  5.746609  -1.123405  48.166515  -5.691892  32.050076  126.199649
0.575019  0.000000  0.000000  0.000000  -22.058830  18.531549  20.000000  58.834005  10.167855  3.464012  -1.123405  48.166515  -5.691892  32.050076  126.199649
0.575276  0.000000  0.000000  0.000000  -22.058830  18.531549  24.285714  59.157427  6.493973  1.233271  -1.123405  48.166515  -5.691892  32.050076  126.199649
0.575532  0.000000  0.000000  0.000000  -22.058830  18.531549  28.571429  59.335839  2.810482  -0.965070  -1.123405  48.166515  -5.691892  32.050076  126.199649
0.575789  0.000000  0.000000  0.000000  -22.058830  18.531549  32.857143  59.372719  -0.877115  -3.149552  -1.123405  48.166515  -5.691892  32.050076  126.199649
0.576045  0.000000  0.000000  0.000000  -22.058830  18.531549  37.142857  59.268771  -4.563438  -5.338349  -1.123405  48.166515  -5.691892  32.050076  126.199649
0.576302  0.000000  0.000000  0.000000  -22.058830  18.531549  41.428571  59.021985  -8.243059  -7.549751  -1.123405  48.166515  -5.691892  32.050076  126.199649
0.576558  0.000000  0.000000  0.000000  -22.058830  18.531549  45.714286  58.627553  -11.910347  -9.802656  -1.123405  48.166515  -5.691892  32.050076  126.199649
0.576815  0.000000  0.000000  0.000000  -22.058830  18.531549  50.000000  58.077679  -15.559257  -12.117139  -1.123405  48.166515  -5.691892  32.050076  126.199649
0.577071  0.000000  0.000000  0.000000  -23.082343  2.435184  -10.000000  70.654527  50.765306  19.904374  -24.974662  60.970219  -1.244209  17.706045  114.693059
0.577328  0.000000  0.000000  0.000000  -23.082343  2.435184  -5.714286  72.210522  46.702100  17.835691  -24.974662  60.970219  -1.244209  17.706045  114.693059
0.577584  0.000000  0.000000  0.000000  -23.082343  2.435184  -1.428571  73.460730  42.606852  16.058071  -24.974662  60.970219  -1.244209  17.706045  114.693059
0.577840  0.000000  0.000000  0.000000  -23.082343  2.435184  2.857143  74.473838  38.487529  14.500685  -24.974662  60.970219  -1.244209  17.706045  114.693059
0.578097  0.000000  0.000000  0.000000  -23.082343  2.435184  7.142857  75.298624  34.349824  13.112350  -24.974662  60.970219  -1.244209  17.706045  114.693059
0.578353  0.000000  0.000000  0.000000  -23.082343  2.435184  11.428571  75.970487  30.197912  11.854988  -24.974662  60.970219  -1.244209  17.706045  114.693059
0.578610  0.000000  0.000000  0.000000  -23.082343  2.435184  15.714286  76.515305  26.034988  10.699706  -24.974662  60.970219  -1.244209  17.706045  114.693059
0.578866  0.000000  0.000000  0.000000  -23.082343  2.435184  20.000000  76.952333  21.863508  9.623828  -24.974662  60.970219  -1.244209  17.706045  114.693059
0.579123  0.000000  0.000000  0.000000  -23.082343  2.435184  24.285714  77.295845  17.685442  8.609177  -24.974662  60.970219  -1.244209  17.706045  114.693059
0.579379  0.000000  0.000000  0.000000  -23.082343  2.435184  28.571429  77.556353  13.502410  7.640749  -24.974662  60.970219  -1.244209  17.706045  114.693059
0.579636  0.000000  0.000000  0.000000  -23.082343  2.435184  32.857143  77.741438  9.315796  6.705748  -24.974662  60.970219  -1.244209  17.706045  114.693059
0.579892  0.000000  0.000000  0.000000  -23.082343  2.435184  37.142857  77.856271  5.126798  5.792949  -24.974662  60.970219  -1.244209  17.706045  114.693059
0.580149  0.000000  0.000000  0.000000  -23.082343  2.435184  41.428571  77.903935  0.936525  4.892065  -24.974662  60.970219  -1.244209  17.706045  114.693059
0.580405  0.000000  0.000000  0.000000  -23.082343  2.435184  45.714286  77.885749  -3.253980  3.993339  -24.974662  60.970219  -1.244209  17.706045  114.693059
0.580662  0.000000  0.000000  0.000000  -23.082343  2.435184  50.000000  77.801211  -7.443676  3.087092  -24.974662  60.970219  -1.244209  17.706045  114.693059
0.580918  0.000000  0.000000  0.000000  -32.512726  11.352635  -10.000000  58.291980  53.922180  25.119440  13.782789  39.714739  -27.556869  25.476139  125.749175
0.581175  0.000000  0.000000  0.000000  -32.512726  11.352635  -5.714286  61.069842  50.221093  21.599976  13.782789  39.714739  -27.556869  25.476139  125.749175
0.581431  0.000000  0.000000  0.000000  -32.512726  11.352635  -1.428571  63.316916  46.429161  18.593511  13.782789  39.714739  -27.556869  25.476139  125.749175
0.581688  0.000000  0.000000  0.000000  -32.512726  11.352635  2.857143  65.148605  42.568755  15.981863  13.782789  39.714739  -27.556869  25.476139  125.749175
0.581944  0.000000  0.000000  0.000000  -32.512726  11.352635  7.142857  66.649971  38.655991  13.676926  13.782789  39.714739  -27.556869  25.476139  125.749175
0.582201  0.000000  0.000000  0.000000  -32.512726  11.352635  11.428571  67.884099  34.702716  11.612232  13.782789  39.714739  -27.556869  25.476139  125.749175
0.582457  0.000000  0.000000  0.000000  -32.512726  11.352635  15.714286  68.898232  30.717785  9.736831  13.782789  39.714739  -27.556869  25.476139  125.749175
0.582714  0.000000  0.000000  0.000000  -32.512726  11.352635  20.000000  69.727949  26.708053  8.010931  13.782789  39.714739  -27.556869  25.476139  125.749175
0.582970  0.000000  0.000000  0.000000  -32.512726  11.352635  24.285714  70.400190  22.678874  6.402875  13.782789  39.714739  -27.556869  25.476139  125.749175
0.583226  0.000000  0.000000  0.000000  -32.512726  11.352635  28.571429  70.935313  18.634556  4.886953  13.782789  39.714739  -27.556869  25.476139  125.749175
0.583483  0.000000  0.000000  0.000000  -32.512726  11.352635  32.857143  71.348648  14.578668  3.441703  13.782789  39.714739  -27.556869  25.476139  125.749175
0.583739  0.000000  0.000000  0.000000  -32.512726  11.352635  37.142857  71.651429  10.514218  2.048840  13.782789  39.714739  -27.556869  25.476139  125.749175
0.583996  0.000000  0.000000  0.000000  -32.512726  11.352635  41.428571  71.851581  6.443852  0.692282  13.782789  39.714739  -27.556869  25.476139  125.749175
0.584252  0.000000  0.000000  0.000000  -32.512726  11.352635  45.714286  71.954225  2.369958  -0.642649  13.782789  39.714739  -27.556869  25.476139  125.749175
0.584509  0.000000  0.000000  0.000000  -32.512726  11.352635  50.000000  71.961929  -1.705207  -1.969731  13.782789  39.714739  -27.556869  25.476139  125.749175
0.584765  0.000000  0.000000  0.000000  -39.392396  23.788488  -10.000000  51.198854  37.628466  27.784790  2.740697  45.062550  9.309268  32.313359  115.504890
0.585022  0.000000  0.000000  0.000000  -39.392396  23.788488  -5.714286  53.105815  34.243217  24.537456  2.740697  45.062550  9.309268  32.313359  115.504890
0.585278  0.000000  0.000000  0.000000  -39.392396  23.788488  -1.428571  54.715580  30.779030  21.544193  2.740697  45.062550  9.309268  32.313359  115.504890
0.585535  0.000000  0.000000  0.000000  -39.392396  23.788488  2.857143  56.066355  27.250910  18.761044  2.740697  45.062550  9.309268  32.313359  115.504890
0.585791  0.000000  0.000000  0.000000  -39.392396  23.788488  7.142857  57.189394  23.671164  16.150356  2.740697  45.062550  9.309268  32.313359  115.504890
0.586048  0.000000  0.000000  0.000000  -39.392396  23.788488  11.428571  58.109878  20.050031  13.679810  2.740697  45.062550  9.309268  32.313359  115.504890
0.586304  0.000000  0.000000  0.000000  -39.392396  23.788488  15.714286  58.847906  16.396143  11.321261  2.740697  45.062550  9.309268  32.313359  115.504890
0.586561  0.000000  0.000000  0.000000  -39.392396  23.788488  20.000000  59.419124  12.716939  9.049981  2.740697  45.062550  9.309268  32.313359  115.504890
0.586817  0.000000  0.000000  0.000000  -39.392396  23.788488  24.285714  59.835352  9.018955  6.843825  2.740697  45.062550  9.309268  32.313359  115.504890
0.587074  0.000000  0.000000  0.000000  -39.392396  23.788488  28.571429  60.105051  5.308081  4.682546  2.740697  45.062550  9.309268  32.313359  115.504890
0.587330  0.000000  0.000000  0.000000  -39.392396  23.788488  32.857143  60.233585  1.589805  2.547167  2.740697  45.062550  9.309268  32.313359  115.504890
0.587587  0.000000  0.000000  0.000000  -39.392396  23.788488  37.142857  60.223535  -2.130678  0.419483  2.740697  45.062550  9.309268  32.313359  115.504890
0.587843  0.000000  0.000000  0.000000  -39.392396  23.788488  41.428571  60.074694  -5.848212  -1.718515  2.740697  45.062550  9.309268  32.313359  115.504890
0.588100  0.000000  0.000000  0.000000  -39.392396  23.788488  45.714286  59.784104  -9.557553  -3.885121  2.740697  45.062550  9.309268  32.313359  115.504890
0.588356  0.000000  0.000000  0.000000  -39.392396  23.788488  50.000000  59.345943  -13.253184  -6.099449  2.740697  45.062550  9.309268  32.313359  115.504890
0.588612  0.000000  0.000000  0.000000  -33.109711  8.466160  -10.000000  62.838306  48.239208  24.158093  -4.679195  47.639626  -8.887090  34.158524  125.511007
0.588869  0.000000  0.000000  0.000000  -33.109711  8.466160  -5.714286  64.818456  44.391956  21.421675  -4.679195  47.639626  -8.887090  34.158524  125.511007
0.589125  0.000000  0.000000  0.000000  -33.109711  8.466160  -1.428571  66.436444  40.487478  19.025576  -4.679195  47.639626  -8.887090  34.158524  125.511007
0.589382  0.000000  0.000000  0.000000  -33.109711  8.466160  2.857143  67.764231  36.538986  16.894669  -4.679195  47.639626  -8.887090  34.158524  125.511007
0.589638  0.000000  0.000000  0.000000  -33.109711  8.466160  7.142857  68.855315  32.556284  14.971952  -4.679195  47.639626  -8.887090  34.158524  125.511007
0.589895  0.000000  0.000000  0.000000  -33.109711  8.466160  11.428571  69.749808  28.546818  13.213393  -4.679195  47.639626  -8.887090  34.158524  125.511007
0.590151  0.000000  0.000000  0.000000  -33.109711  8.466160  15.714286  70.477987  24.516358  11.584337  -4.679195  47.639626  -8.887090  34.158524  125.511007
0.590408  0.000000  0.000000  0.000000  -33.109711  8.466160  20.000000  71.062731  20.469503  10.056906  -4.679195  47.639626  -8.887090  34.158524  125.511007
0.590664  0.000000  0.000000  0.000000  -33.109711  8.466160  24.285714  71.521277  16.409992  8.608191  -4.679195  47.639626  -8.887090  34.158524  125.511007
0.590921  0.000000  0.000000  0.000000  -33.109711  8.466160  28.571429  71.866453  12.340967  7.218848  -4.679195  47.639626  -8.887090  34.158524  125.511007
0.591177  0.000000  0.000000  0.000000  -33.109711  8.466160  32.857143  72.107484  8.265122  5.872124  -4.679195  47.639626  -8.887090  34.158524  125.511007
0.591434  0.000000  0.000000  0.000000  -33.109711  8.466160  37.142857  72.250616  4.184865  4.553010  -4.679195  47.639626  -8.887090  34.158524  125.511007
0.591690  0.000000  0.000000  0.000000  -33.109711  8.466160  41.428571  72.299480  0.102416  3.247590  -4.679195  47.639626  -8.887090  34.158524  125.511007
0.591947  0.000000  0.000000  0.000000  -33.109711  8.466160  45.714286  72.255283  -3.980078  1.942516  -4.679195  47.639626  -8.887090  34.158524  125.511007
0.592203  0.000000  0.000000  0.000000  -33.109711  8.466160  50.000000  72.116954  -8.060491  0.624403  -4.679195  47.639626  -8.887090  34.158524  125.511007
0.592460  0.000000  0.000000  0.000000  -40.714302  10.463285  -10.000000  59.038461  34.009022  8.483162  6.321574  54.660755  -20.579277  35.157331  113.647267
0.592716  0.000000  0.000000  0.000000  -40.714302  10.463285  -5.714286  60.397831  30.307379  5.930830  6.321574  54.660755  -20.579277  35.157331  113.647267
0.592973  0.000000  0.000000  0.000000  -40.714302  10.463285  -1.428571  61.524758  26.559824  3.565560  6.321574  54.660755  -20.579277  35.157331  113.647267
0.593229  0.000000  0.000000  0.000000  -40.714302  10.463285  2.857143  62.449645  22.775702  1.350941  6.321574  54.660755  -20.579277  35.157331  113.647267
0.593486  0.000000  0.000000  0.000000  -40.714302  10.463285  7.142857  63.196274  18.962682  -0.743584  6.321574  54.660755  -20.579277  35.157331  113.647267
0.593742  0.000000  0.000000  0.000000  -40.714302  10.463285  11.428571  63.783036  15.127185  -2.744073  6.321574  54.660755  -20.579277  35.157331  113.647267
0.593998  0.000000  0.000000  0.000000  -40.714302  10.463285  15.714286  64.223874  11.274724  -4.673197  6.321574  54.660755  -20.579277  35.157331  113.647267
0.594255  0.000000  0.000000  0.000000  -40.714302  10.463285  20.000000  64.528936  7.410141  -6.551152  6.321574  54.660755  -20.579277  35.157331  113.647267
0.594511  0.000000  0.000000  0.000000  -40.714302  10.463285  24.285714  64.705073  3.537822  -8.396362  6.321574  54.660755  -20.579277  35.157331  113.647267
0.594768  0.000000  0.000000  0.000000  -40.714302  10.463285  28.571429  64.756193  -0.338124  -10.226189  6.321574  54.660755  -20.579277  35.157331  113.647267
0.595024  0.000000  0.000000  0.000000  -40.714302  10.463285  32.857143  64.683414  -4.213730  -12.057476  6.321574  54.660755  -20.579277  35.157331  113.647267
0.595281  0.000000  0.000000  0.000000  -40.714302  10.463285  37.142857  64.485154  -8.084997  -13.907130  6.321574  54.660755  -20.579277  35.157331  113.647267
0.595537  0.000000  0.000000  0.000000  -40.714302  10.463285  41.428571  64.156994  -11.947794  -15.792636  6.321574  54.660755  -20.579277  35.157331  113.647267
0.595794  0.000000  0.000000  0.000000  -40.714302  10.463285  45.714286  63.691514  -15.797654  -17.732701  6.321574  54.660755  -20.579277  35.157331  113.647267
0.596050  0.000000  0.000000  0.000000  -40.714302  10.463285  50.000000  63.077988  -19.629652  -19.747880  6.321574  54.660755  -20.579277  35.157331  113.647267
0.596307  0.000000  0.000000  0.000000  -22.757325  22.907514  -10.000000  55.920595  34.432234  28.107221  14.086605  44.902450  -20.467950  28.449023  113.113637
0.596563  0.000000  0.000000  0.000000  -22.757325  22.907514  -5.714286  57.429511  30.850413  25.311470  14.086605  44.902450  -20.467950  28.449023  113.113637
0.596820  0.000000  0.000000  0.000000  -22.757325  22.907514  -1.428571  58.688566  27.212889  22.718690  14.086605  44.902450  -20.467950  28.449023  113.113637
0.597076  0.000000  0.000000  0.000000  -22.757325  22.907514  2.857143  59.729489  23.530677  20.290978  14.086605  44.902450  -20.467950  28.449023  113.113637
0.597333  0.000000  0.000000  0.000000  -22.757325  22.907514  7.142857  60.577458  19.812889  17.996225  14.086605  44.902450  -20.467950  28.449023  113.113637
0.597589  0.000000  0.000000  0.000000  -22.757325  22.907514  11.428571  61.252270  16.067133  15.806811  14.086605  44.902450  -20.467950  28.449023  113.113637
0.597846  0.000000  0.000000  0.000000  -22.757325  22.907514  15.714286  61.769168  12.299955  13.698647  14.086605  44.902450  -20.467950  28.449023  113.113637
0.598102  0.000000  0.000000  0.000000  -22.757325  22.907514  20.000000  62.139479  8.517090  11.650265  14.086605  44.902450  -20.467950  28.449023  113.113637
0.598359  0.000000  0.000000  0.000000  -22.757325  22.907514  24.285714  62.371154  4.723708  9.642099  14.086605  44.902450  -20.467950  28.449023  113.113637
0.598615  0.000000  0.000000  0.000000  -22.757325  22.907514  28.571429  62.469082  0.924616  7.655828  14.086605  44.902450  -20.467950  28.449023  113.113637
0.598872  0.000000  0.000000  0.000000  -22.757325  22.907514  32.857143  62.435316  -2.875585  5.673811  14.086605  44.902450  -20.467950  28.449023  113.113637
0.599128  0.000000  0.000000  0.000000  -22.757325  22.907514  37.142857  62.269152  -6.672329  3.678531  14.086605  44.902450  -20.467950  28.449023  113.113637
0.599384  0.000000  0.000000  0.000000  -22.757325  22.907514  41.428571  61.967096  -10.460929  1.652071  14.086605  44.902450  -20.467950  28.449023  113.113637
0.599641  0.000000  0.000000  0.000000  -22.757325  22.907514  45.714286  61.522721  -14.236418  -0.424457  14.086605  44.902450  -20.467950  28.449023  113.113637
0.599897  0.000000  0.000000  0.000000  -22.757325  22.907514  50.000000  60.926391  -17.993359  -2.571509  14.086605  44.902450  -20.467950  28.449023  113.113637
0.600154  0.000000  0.000000  0.000000  -40.569361  -1.961160  -10.000000  85.253062  50.123684  1.613945  10.118755  59.435768  -13.366265  32.613462  124.734034
0.600410  0.000000  0.000000  0.000000  -40.569361  -1.961160  -5.714286  85.631311  45.851488  1.105217  10.118755  59.435768  -13.366265  32.613462  124.734034
0.600667  0.000000  0.000000  0.000000  -40.569361  -1.961160  -1.428571  85.932830  41.577356  0.669209  10.118755  59.435768  -13.366265  32.613462  124.734034
0.600923  0.000000  0.000000  0.000000  -40.569361  -1.961160  2.857143  86.175529  37.301780  0.287432  10.118755  59.435768  -13.366265  32.613462  124.734034
0.601180  0.000000  0.000000  0.000000  -40.569361  -1.961160  7.142857  86.371834  33.025112  -0.053192  10.118755  59.435768  -13.366265  32.613462  124.734034
0.601436  0.000000  0.000000  0.000000  -40.569361  -1.961160  11.428571  86.530576  28.747605  -0.362225  10.118755  59.435768  -13.366265  32.613462  124.734034
0.601693  0.000000  0.000000  0.000000  -40.569361  -1.961160  15.714286  86.658179  24.469449  -0.646912  10.118755  59.435768  -13.366265  32.613462  124.734034
0.601949  0.000000  0.000000  0.000000  -40.569361  -1.961160  20.000000  86.759297  20.190793  -0.912847  10.118755  59.435768  -13.366265  32.613462  124.734034
0.602206  0.000000  0.000000  0.000000  -40.569361  -1.961160  24.285714  86.837344  15.911763  -1.164547  10.118755  59.435768  -13.366265  32.613462  124.734034
0.602462  0.000000  0.000000  0.000000  -40.569361  -1.961160  28.571429  86.894789  11.632457  -1.405734  10.118755  59.435768  -13.366265  32.613462  124.734034
0.602719  0.000000  0.000000  0.000000  -40.569361  -1.961160  32.857143  86.933396  7.352945  -1.639590  10.118755  59.435768  -13.366265  32.613462  124.734034
0.602975  0.000000  0.000000  0.000000  -40.569361  -1.961160  37.142857  86.954252  3.073321  -1.868977  10.118755  59.435768  -13.366265  32.613462  124.734034
0.603232  0.000000  0.000000  0.000000  -40.569361  -1.961160  41.428571  86.957962  -1.206346  -2.096531  10.118755  59.435768  -13.366265  32.613462  124.734034
0.603488  0.000000  0.000000  0.000000  -40.569361  -1.961160  45.714286  86.944629  -5.486006  -2.324803  10.118755  59.435768  -13.366265  32.613462  124.734034
0.603745  0.000000  0.000000  0.000000  -40.569361  -1.961160  50.000000  86.913873  -9.765572  -2.556386  10.118755  59.435768  -13.366265  32.613462  124.734034
0.604001  0.000000  0.000000  0.000000  -23.143346  2.098607  -10.000000  67.292468  51.640459  12.474193  11.142106  43.480973  -8.995195  17.016676  124.532140
0.604258  0.000000  0.000000  0.000000  -23.143346  2.098607  -5.714286  69.164480  47.659670  10.019453  11.142106  43.480973  -8.995195  17.016676  124.532140
0.604514  0.000000  0.000000  0.000000  -23.143346  2.098607  -1.428571  70.670450  43.633949  7.914750  11.142106  43.480973  -8.995195  17.016676  124.532140
0.604770  0.000000  0.000000  0.000000  -23.143346  2.098607  2.857143  71.892320  39.574500  6.075766  11.142106  43.480973  -8.995195  17.016676  124.532140
0.605027  0.000000  0.000000  0.000000  -23.143346  2.098607  7.142857  72.888840  35.489279  4.441116  11.142106  43.480973  -8.995195  17.016676  124.532140
0.605283  0.000000  0.000000  0.000000  -23.143346  2.098607  11.428571  73.702616  31.384155  2.965256  11.142106  43.480973  -8.995195  17.016676  124.532140
0.605540  0.000000  0.000000  0.000000  -23.143346  2.098607  15.714286  74.365122  27.263552  1.613419  11.142106  43.480973  -8.995195  17.016676  124.532140
0.605796  0.000000  0.000000  0.000000  -23.143346  2.098607  20.000000  74.899754  23.130890  0.358494  11.142106  43.480973  -8.995195  17.016676  124.532140
0.606053  0.000000  0.000000  0.000000  -23.143346  2.098607  24.285714  75.323960  18.988893  -0.821204  11.142106  43.480973  -8.995195  17.016676  124.532140
0.606309  0.000000  0.000000  0.000000  -23.143346  2.098607  28.571429  75.650707  14.839789  -1.943497  11.142106  43.480973  -8.995195  17.016676  124.532140
0.606566  0.000000  0.000000  0.000000  -23.143346  2.098607  32.857143  75.889440  10.685445  -3.023429  11.142106  43.480973  -8.995195  17.016676  124.532140
0.606822  0.000000  0.000000  0.000000  -23.143346  2.098607  37.142857  76.046788  6.527497  -4.074162  11.142106  43.480973  -8.995195  17.016676  124.532140
0.607079  0.000000  0.000000  0.000000  -23.143346  2.098607  41.428571  76.126977  2.367405  -5.107548  11.142106  43.480973  -8.995195  17.016676  124.532140
0.607335  0.000000  0.000000  0.000000  -23.143346  2.098607  45.714286  76.132126  -1.793449  -6.134738  11.142106  43.480973  -8.995195  17.016676  124.532140
0.607592  0.000000  0.000000  0.000000  -23.143346  2.098607  50.000000  76.062368  -5.953726  -7.166618  11.142106  43.480973  -8.995195  17.016676  124.532140
0.607848  0.000000  0.000000  0.000000  -38.106984  7.625209  -10.000000  71.260649  54.825114  18.058068  13.277360  52.769431  -17.223686  30.401254  128.546705
0.608105  0.000000  0.000000  0.000000  -38.106984  7.625209  -5.714286  72.993475  50.745585  15.883656  13.277360  52.769431  -17.223686  30.401254  128.546705
0.608361  0.000000  0.000000  0.000000  -38.106984  7.625209  -1.428571  74.364506  46.632132  14.059618  13.277360  52.769431  -17.223686  30.401254  128.546705
0.608618  0.000000  0.000000  0.000000  -38.106984  7.625209  2.857143  75.463580  42.493798  12.494370  13.277360  52.769431  -17.223686  30.401254  128.546705
0.608874  0.000000  0.000000  0.000000  -38.106984  7.625209  7.142857  76.352554  38.336817  11.124120  13.277360  52.769431  -17.223686  30.401254  128.546705
0.609131  0.000000  0.000000  0.000000  -38.106984  7.625209  11.428571  77.075094  34.165628  9.903058  13.277360  52.769431  -17.223686  30.401254  128.546705
0.609387  0.000000  0.000000  0.000000  -38.106984  7.625209  15.714286  77.662659  29.983492  8.797325  13.277360  52.769431  -17.223686  30.401254  128.546705
0.609643  0.000000  0.000000  0.000000  -38.106984  7.625209  20.000000  78.138312  25.792857  7.781155  13.277360  52.769431  -17.223686  30.401254  128.546705
0.609900  0.000000  0.000000  0.000000  -38.106984  7.625209  24.285714  78.518971  21.595660  6.834563  13.277360  52.769431  -17.223686  30.401254  128.546705
0.610156  0.000000  0.000000  0.000000  -38.106984  7.625209  28.571429  78.817217  17.393390  5.941453  13.277360  52.769431  -17.223686  30.401254  128.546705
0.610413  0.000000  0.000000  0.000000  -38.106984  7.625209  32.857143  79.042301  13.187345  5.088527  13.277360  52.769431  -17.223686  30.401254  128.546705
0.610669  0.000000  0.000000  0.000000  -38.106984  7.625209  37.142857  79.200816  8.978573  4.264505  13.277360  52.769431  -17.223686  30.401254  128.546705
0.610926  0.000000  0.000000  0.000000  -38.106984  7.625209  41.428571  79.297225  4.768015  3.459445  13.277360  52.769431  -17.223686  30.401254  128.546705
0.611182  0.000000  0.000000  0.000000  -38.106984  7.625209  45.714286  79.334185  0.556527  2.664206  13.277360  52.769431  -17.223686  30.401254  128.546705
0.611439  0.000000  0.000000  0.000000  -38.106984  7.625209  50.000000  79.312711  -3.655068  1.870106  13.277360  52.769431  -17.223686  30.401254  128.546705
0.611695  0.000000  0.000000  0.000000  -24.776976  8.296435  -10.000000  54.778226  24.952102  10.215466  2.259706  53.164632  -7.356680  20.362392  121.435475
0.611952  0.000000  0.000000  0.000000  -24.776976  8.296435  -5.714286  55.823880  21.427901  7.561699  2.259706  53.164632  -7.356680  20.362392  121.435475
0.612208  0.000000  0.000000  0.000000  -24.776976  8.296435  -1.428571  56.674296  17.863885  5.033839  2.259706  53.164632  -7.356680  20.362392  121.435475
0.612465  0.000000  0.000000  0.000000  -24.776976  8.296435  2.857143  57.346648  14.268593  2.605864  2.259706  53.164632  -7.356680  20.362392  121.435475
0.612721  0.000000  0.000000  0.000000  -24.776976  8.296435  7.142857  57.854268  10.649510  0.254497  2.259706  53.164632  -7.356680  20.362392  121.435475
0.612978  0.000000  0.000000  0.000000  -24.776976  8.296435  11.428571  58.206987  7.013313  -2.041484  2.259706  53.164632  -7.356680  20.362392  121.435475
0.613234  0.000000  0.000000  0.000000  -24.776976  8.296435  15.714286  58.411571  3.366140  -4.301802  2.259706  53.164632  -7.356680  20.362392  121.435475
0.613491  0.000000  0.000000  0.000000  -24.776976  8.296435  20.000000  58.471901  -0.286220  -6.545227  2.259706  53.164632  -7.356680  20.362392  121.435475
0.613747  0.000000  0.000000  0.000000  -24.776976  8.296435  24.285714  58.389112  -3.938140  -8.790083  2.259706  53.164632  -7.356680  20.362392  121.435475
0.614004  0.000000  0.000000  0.000000  -24.776976  8.296435  28.571429  58.161641  -7.583982  -11.054731  2.259706  53.164632  -7.356680  20.362392  121.435475
0.614260  0.000000  0.000000  0.000000  -24.776976  8.296435  32.857143  57.785160  -11.217912  -13.358075  2.259706  53.164632  -7.356680  20.362392  121.435475
0.614517  0.000000  0.000000  0.000000  -24.776976  8.296435  37.142857  57.252476  -14.833730  -15.719981  2.259706  53.164632  -7.356680  20.362392  121.435475
0.614773  0.000000  0.000000  0.000000  -24.776976  8.296435  41.428571  56.553190  -18.424637  -18.162009  2.259706  53.164632  -7.356680  20.362392  121.435475
0.615029  0.000000  0.000000  0.000000  -24.776976  8.296435  45.714286  55.673421  -21.983009  -20.707800  2.259706  53.164632  -7.356680  20.362392  121.435475
0.615286  0.000000  0.000000  0.000000  -24.776976  8.296435  50.000000  54.595334  -25.500109  -23.383870  2.259706  53.164632  -7.356680  20.362392  121.435475
0.615542  0.000000  0.000000  0.000000  -44.376242  1.412491  -10.000000  78.206867  51.255022  8.904342  -8.855172  38.978977  4.739486  19.622698  119.598059
0.615799  0.000000  0.000000  0.000000  -44.376242  1.412491  -5.714286  79.179212  47.052267  7.619853  -8.855172  38.978977  4.739486  19.622698  119.598059
0.616055  0.000000  0.000000  0.000000  -44.376242  1.412491  -1.428571  79.954189  42.837246  6.523568  -8.855172  38.978977  4.739486  19.622698  119.598059
0.616312  0.000000  0.000000  0.000000  -44.376242  1.412491  2.857143  80.578280  38.613110  5.567669  -8.855172  38.978977  4.739486  19.622698  119.598059
0.616568  0.000000  0.000000  0.000000  -44.376242  1.412491  7.142857  81.083799  34.382065  4.718343  -8.855172  38.978977  4.739486  19.622698  119.598059
0.616825  0.000000  0.000000  0.000000  -44.376242  1.412491  11.428571  81.493760  30.145716  3.950903  -8.855172  38.978977  4.739486  19.622698  119.598059
0.617081  0.000000  0.000000  0.000000  -44.376242  1.412491  15.714286  81.824804  25.905276  3.246817  -8.855172  38.978977  4.739486  19.622698  119.598059
0.617338  0.000000  0.000000  0.000000  -44.376242  1.412491  20.000000  82.089214  21.661668  2.591656  -8.855172  38.978977  4.739486  19.622698  119.598059
0.617594  0.000000  0.000000  0.000000  -44.376242  1.412491  24.285714  82.295915  17.415635  1.974038  -8.855172  38.978977  4.739486  19.622698  119.598059
0.617851  0.000000  0.000000  0.000000  -44.376242  1.412491  28.571429  82.451495  13.167791  1.384533  -8.855172  38.978977  4.739486  19.622698  119.598059
0.618107  0.000000  0.000000  0.000000  -44.376242  1.412491  32.857143  82.560633  8.918647  0.815169  -8.855172  38.978977  4.739486  19.622698  119.598059
0.618364  0.000000  0.000000  0.000000  -44.376242  1.412491  37.142857  82.626478  4.668656  0.258931  -8.855172  38.978977  4.739486  19.622698  119.598059
0.618620  0.000000  0.000000  0.000000  -44.376242  1.412491  41.428571  82.650882  0.418244  -0.290593  -8.855172  38.978977  4.739486  19.622698  119.598059
0.618877  0.000000  0.000000  0.000000  -44.376242  1.412491  45.714286  82.634516  -3.832231  -0.839527  -8.855172  38.978977  4.739486  19.622698  119.598059
0.619133  0.000000  0.000000  0.000000  -44.376242  1.412491  50.000000  82.576934  -8.082336  -1.393958  -8.855172  38.978977  4.739486  19.622698  119.598059
0.619390  0.000000  0.000000  0.000000  -47.858429  7.753603  -10.000000  59.404641  51.359930  15.244064  -23.013391  55.963900  -9.028901  31.606514  116.953310
0.619646  0.000000  0.000000  0.000000  -47.858429  7.753603  -5.714286  61.865886  47.623580  12.008995  -23.013391  55.963900  -9.028901  31.606514  116.953310
0.619903  0.000000  0.000000  0.000000  -47.858429  7.753603  -1.428571  63.870839  43.808510  9.210169  -23.013391  55.963900  -9.028901  31.606514  116.953310
0.620159  0.000000  0.000000  0.000000  -47.858429  7.753603  2.857143  65.513793  39.933387  6.750266  -23.013391  55.963900  -9.028901  31.606514  116.953310
0.620415  0.000000  0.000000  0.000000  -47.858429  7.753603  7.142857  66.864911  36.011883  4.555797  -23.013391  55.963900  -9.028901  31.606514  116.953310
0.620672  0.000000  0.000000  0.000000  -47.858429  7.753603  11.428571  67.976757  32.054217  2.570502  -23.013391  55.963900  -9.028901  31.606514  116.953310
0.620928  0.000000  0.000000  0.000000  -47.858429  7.753603  15.714286  68.888991  28.068173  0.750627  -23.013391  55.963900  -9.028901  31.606514  116.953310
0.621185  0.000000  0.000000  0.000000  -47.858429  7.753603  20.000000  69.631657  24.059858  -0.938521  -23.013391  55.963900  -9.028901  31.606514  116.953310
0.621441  0.000000  0.000000  0.000000  -47.858429  7.753603  24.285714  70.227563  20.034132  -2.524980  -23.013391  55.963900  -9.028901  31.606514  116.953310
0.621698  0.000000  0.000000  0.000000  -47.858429  7.753603  28.571429  70.693915  15.994977  -4.031930  -23.013391  55.963900  -9.028901  31.606514  116.953310
0.621954  0.000000  0.000000  0.000000  -47.858429  7.753603  32.857143  71.043510  11.945740  -5.479024  -23.013391  55.963900  -9.028901  31.606514  116.953310
0.622211  0.000000  0.000000  0.000000  -47.858429  7.753603  37.142857  71.285543  7.889324  -6.883370  -23.013391  55.963900  -9.028901  31.606514  116.953310
0.622467  0.000000  0.000000  0.000000  -47.858429  7.753603  41.428571  71.426194  3.828305  -8.260368  -23.013391  55.963900  -9.028901  31.606514  116.953310
0.622724  0.000000  0.000000  0.000000  -47.858429  7.753603  45.714286  71.468996  -0.234871  -9.624352  -23.013391  55.963900  -9.028901  31.606514  116.953310
0.622980  0.000000  0.000000  0.000000  -47.858429  7.753603  50.000000  71.414984  -4.297931  -10.989121  -23.013391  55.963900  -9.028901  31.606514  116.953310
0.623237  0.000000  0.000000  0.000000  -37.384445  13.441323  -10.000000  60.862921  48.055870  20.157533  8.551342  36.635250  -19.825416  26.137768  120.344401
0.623493  0.000000  0.000000  0.000000  -37.384445  13.441323  -5.714286  62.965460  44.273804  17.244631  8.551342  36.635250  -19.825416  26.137768  120.344401
0.623750  0.000000  0.000000  0.000000  -37.384445  13.441323  -1.428571  64.689433  40.426720  14.687201  8.551342  36.635250  -19.825416  26.137768  120.344401
0.624006  0.000000  0.000000  0.000000  -37.384445  13.441323  2.857143  66.108187  36.529417  12.408537  8.551342  36.635250  -19.825416  26.137768  120.344401
0.624263  0.000000  0.000000  0.000000  -37.384445  13.441323  7.142857  67.276848  32.592949  10.349811  8.551342  36.635250  -19.825416  26.137768  120.344401
0.624519  0.000000  0.000000  0.000000  -37.384445  13.441323  11.428571  68.237087  28.625748  8.465215  8.551342  36.635250  -19.825416  26.137768  120.344401
0.624776  0.000000  0.000000  0.000000  -37.384445  13.441323  15.714286  69.020551  24.634380  6.718475  8.551342  36.635250  -19.825416  26.137768  120.344401
0.625032  0.000000  0.000000  0.000000  -37.384445  13.441323  20.000000  69.651295  20.624091  5.080281  8.551342  36.635250  -19.825416  26.137768  120.344401
0.625289  0.000000  0.000000  0.000000  -37.384445  13.441323  24.285714  70.147530  16.599151  3.526460  8.551342  36.635250  -19.825416  26.137768  120.344401
0.625545  0.000000  0.000000  0.000000  -37.384445  13.441323  28.571429  70.522875  12.563161  2.036544  8.551342  36.635250  -19.825416  26.137768  120.344401
0.625801  0.000000  0.000000  0.000000  -37.384445  13.441323  32.857143  70.787175  8.519196  0.592805  8.551342  36.635250  -19.825416  26.137768  120.344401
0.626058  0.000000  0.000000  0.000000  -37.384445  13.441323  37.142857  70.947157  4.470012  -0.820653  8.551342  36.635250  -19.825416  26.137768  120.344401
0.626314  0.000000  0.000000  0.000000  -37.384445  13.441323  41.428571  71.006805  0.418139  -2.218553  8.551342  36.635250  -19.825416  26.137768  120.344401
0.626571  0.000000  0.000000  0.000000  -37.384445  13.441323  45.714286  70.967599  -3.633971  -3.615011  8.551342  36.635250  -19.825416  26.137768  120.344401
0.626827  0.000000  0.000000  0.000000  -37.384445  13.441323  50.000000  70.828561  -7.683899  -5.024089  8.551342  36.635250  -19.825416  26.137768  120.344401
0.627084  0.000000  0.000000  0.000000  -37.297160  13.533689  -10.000000  59.517754  34.978229  17.057604  10.706349  43.626766  3.215323  34.681645  116.860193
0.627340  0.000000  0.000000  0.000000  -37.297160  13.533689  -5.714286  60.907321  31.258072  14.515952  10.706349  43.626766  3.215323  34.681645  116.860193
0.627597  0.000000  0.000000  0.000000  -37.297160  13.533689  -1.428571  62.059588  27.491714  12.168405  10.706349  43.626766  3.215323  34.681645  116.860193
0.627853  0.000000  0.000000  0.000000  -37.297160  13.533689  2.857143  63.006712  23.688589  9.977068  10.706349  43.626766  3.215323  34.681645  116.860193
0.628110  0.000000  0.000000  0.000000  -37.297160  13.533689  7.142857  63.773799  19.856382  7.910361  10.706349  43.626766  3.215323  34.681645  116.860193
0.628366  0.000000  0.000000  0.000000  -37.297160  13.533689  11.428571  64.380266  16.001486  5.941545  10.706349  43.626766  3.215323  34.681645  116.860193
0.628623  0.000000  0.000000  0.000000  -37.297160  13.533689  15.714286  64.840873  12.129348  4.047525  10.706349  43.626766  3.215323  34.681645  116.860193
0.628879  0.000000  0.000000  0.000000  -37.297160  13.533689  20.000000  65.166457  8.244711  2.207908  10.706349  43.626766  3.215323  34.681645  116.860193
0.629136  0.000000  0.000000  0.000000  -37.297160  13.533689  24.285714  65.364459  4.351867  0.404147  10.706349  43.626766  3.215323  34.681645  116.860193
0.629392  0.000000  0.000000  0.000000  -37.297160  13.533689  28.571429  65.439365  0.454766  -1.381009  10.706349  43.626766  3.215323  34.681645  116.860193
0.629649  0.000000  0.000000  0.000000  -37.297160  13.533689  32.857143  65.392839  -3.442776  -3.164236  10.706349  43.626766  3.215323  34.681645  116.860193
0.629905  0.000000  0.000000  0.000000  -37.297160  13.533689  37.142857  65.223849  -7.336963  -4.962135  10.706349  43.626766  3.215323  34.681645  116.860193
0.630162  0.000000  0.000000  0.000000  -37.297160  13.533689  41.428571  64.928593  -11.223881  -6.791791  10.706349  43.626766  3.215323  34.681645  116.860193
0.630418  0.000000  0.000000  0.000000  -37.297160  13.533689  45.714286  64.500333  -15.099339  -8.671376  10.706349  43.626766  3.215323  34.681645  116.860193
0.630675  0.000000  0.000000  0.000000  -37.297160  13.533689  50.000000  63.929062  -18.958715  -10.620786  10.706349  43.626766  3.215323  34.681645  116.860193
0.630931  0.000000  0.000000  0.000000  -34.955984  1.988955  -10.000000  64.780136  26.930432  3.922045  -22.313922  59.804778  -28.124527  20.207672  112.830650
0.631187  0.000000  0.000000  0.000000  -34.955984  1.988955  -5.714286  65.618255  23.039560  1.939101  -22.313922  59.804778  -28.124527  20.207672  112.830650
0.631444  0.000000  0.000000  0.000000  -34.955984  1.988955  -1.428571  66.291766  19.125356  0.067945  -22.313922  59.804778  -28.124527  20.207672  112.830650
0.631700  0.000000  0.000000  0.000000  -34.955984  1.988955  2.857143  66.818516  15.193124  -1.716287  -22.313922  59.804778  -28.124527  20.207672  112.830650
0.631957  0.000000  0.000000  0.000000  -34.955984  1.988955  7.142857  67.211832  11.247353  -3.435010  -22.313922  59.804778  -28.124527  20.207672  112.830650
0.632213  0.000000  0.000000  0.000000  -34.955984  1.988955  11.428571  67.481380  7.291993  -5.107202  -22.313922  59.804778  -28.124527  20.207672  112.830650
0.632470  0.000000  0.000000  0.000000  -34.955984  1.988955  15.714286  67.633552  3.330594  -6.750030  -22.313922  59.804778  -28.124527  20.207672  112.830650
0.632726  0.000000  0.000000  0.000000  -34.955984  1.988955  20.000000  67.671931  -0.633515  -8.379667  -22.313922  59.804778  -28.124527  20.207672  112.830650
0.632983  0.000000  0.000000  0.000000  -34.955984  1.988955  24.285714  67.597404  -4.597112  -10.011802  -22.313922  59.804778  -28.124527  20.207672  112.830650
0.633239  0.000000  0.000000  0.000000  -34.955984  1.988955  28.571429  67.408244  -8.556950  -11.662217  -22.313922  59.804778  -28.124527  20.207672  112.830650
0.633496  0.000000  0.000000  0.000000  -34.955984  1.988955  32.857143  67.099976  -12.509647  -13.347348  -22.313922  59.804778  -28.124527  20.207672  112.830650
0.633752  0.000000  0.000000  0.000000  -34.955984  1.988955  37.142857  66.665223  -16.451540  -15.084848  -22.313922  59.804778  -28.124527  20.207672  112.830650
0.634009  0.000000  0.000000  0.000000  -34.955984  1.988955  41.428571  66.093227  -20.378536  -16.894384  -22.313922  59.804778  -28.124527  20.207672  112.830650
0.634265  0.000000  0.000000  0.000000  -34.955984  1.988955  45.714286  65.369281  -24.285898  -18.798365  -22.313922  59.804778  -28.124527  20.207672  112.830650
0.634522  0.000000  0.000000  0.000000  -34.955984  1.988955  50.000000  64.473942  -28.168037  -20.823006  -22.313922  59.804778  -28.124527  20.207672  112.830650
0.634778  0.000000  0.000000  0.000000  -43.457778  4.279604  -10.000000  63.226759  40.843738  5.404623  4.628928  41.624081  -1.770152  26.906011  125.598057
0.635035  0.000000  0.000000  0.000000  -43.457778  4.279604  -5.714286  64.745187  36.991528  2.989123  4.628928  41.624081  -1.770152  26.906011  125.598057
0.635291  0.000000  0.000000  0.000000  -43.457778  4.279604  -1.428571  65.998367  33.095131  0.808064  4.628928  41.624081  -1.770152  26.906011  125.598057
0.635548  0.000000  0.000000  0.000000  -43.457778  4.279604  2.857143  67.030359  29.163995  -1.186825  4.628928  41.624081  -1.770152  26.906011  125.598057
0.635804  0.000000  0.000000  0.000000  -43.457778  4.279604  7.142857  67.874774  25.205493  -3.033892  4.628928  41.624081  -1.770152  26.906011  125.598057
0.636061  0.000000  0.000000  0.000000  -43.457778  4.279604  11.428571  68.557273  21.225494  -4.764141  4.628928  41.624081  -1.770152  26.906011  125.598057
0.636317  0.000000  0.000000  0.000000  -43.457778  4.279604  15.714286  69.097396  17.228798  -6.403174  4.628928  41.624081  -1.770152  26.906011  125.598057
0.636573  0.000000  0.000000  0.000000  -43.457778  4.279604  20.000000  69.509788  13.219394  -7.972573  4.628928  41.624081  -1.770152  26.906011  125.598057
0.636830  0.000000  0.000000  0.000000  -43.457778  4.279604  24.285714  69.805200  9.200738  -9.491102  4.628928  41.624081  -1.770152  26.906011  125.598057
0.637086  0.000000  0.000000  0.000000  -43.457778  4.279604  28.571429  69.991071  5.175865  -10.975418  4.628928  41.624081  -1.770152  26.906011  125.598057
0.637343  0.000000  0.000000  0.000000  -43.457778  4.279604  32.857143  70.071942  1.147589  -12.440940  4.628928  41.624081  -1.770152  26.906011  125.598057
0.637599  0.000000  0.000000  0.000000  -43.457778  4.279604  37.142857  70.049817  -2.881436  -13.902327  4.628928  41.624081  -1.770152  26.906011  125.598057
0.637856  0.000000  0.000000  0.000000  -43.457778  4.279604  41.428571  69.924146  -6.908579  -15.374111  4.628928  41.624081  -1.770152  26.906011  125.598057
0.638112  0.000000  0.000000  0.000000  -43.457778  4.279604  45.714286  69.691863  -10.931131  -16.871200  4.628928  41.624081  -1.770152  26.906011  125.598057
0.638369  0.000000  0.000000  0.000000  -43.457778  4.279604  50.000000  69.347200  -14.946199  -18.409472  4.628928  41.624081  -1.770152  26.906011  125.598057
0.638625  0.000000  0.000000  0.000000  -34.705369  13.657638  -10.000000  54.456281  47.109360  29.307213  -19.204836  56.266801  -13.103247  20.482449  122.515323
0.638882  0.000000  0.000000  0.000000  -34.705369  13.657638  -5.714286  56.902763  43.568473  25.869819  -19.204836  56.266801  -13.103247  20.482449  122.515323
0.639138  0.000000  0.000000  0.000000  -34.705369  13.657638  -1.428571  58.935576  39.936139  22.819078  -19.204836  56.266801  -13.103247  20.482449  122.515323
0.639395  0.000000  0.000000  0.000000  -34.705369  13.657638  2.857143  60.626773  36.231973  20.079019  -19.204836  56.266801  -13.103247  20.482449  122.515323
0.639651  0.000000  0.000000  0.000000  -34.705369  13.657638  7.142857  62.032781  32.471021  17.588890  -19.204836  56.266801  -13.103247  20.482449  122.515323
0.639908  0.000000  0.000000  0.000000  -34.705369  13.657638  11.428571  63.197668  28.665007  15.299821  -19.204836  56.266801  -13.103247  20.482449  122.515323
0.640164  0.000000  0.000000  0.000000  -34.705369  13.657638  15.714286  64.155771  24.823202  13.172113  -19.204836  56.266801  -13.103247  20.482449  122.515323
0.640421  0.000000  0.000000  0.000000  -34.705369  13.657638  20.000000  64.933798  20.953116  11.173027  -19.204836  56.266801  -13.103247  20.482449  122.515323
0.640677  0.000000  0.000000  0.000000  -34.705369  13.657638  24.285714  65.552312  17.060917  9.275161  -19.204836  56.266801  -13.103247  20.482449  122.515323
0.640934  0.000000  0.000000  0.000000  -34.705369  13.657638  28.571429  66.026960  13.151808  7.455079  -19.204836  56.266801  -13.103247  20.482449  122.515323
0.641190  0.000000  0.000000  0.000000  -34.705369  13.657638  32.857143  66.369314  9.230295  5.692283  -19.204836  56.266801  -13.103247  20.482449  122.515323
0.641447  0.000000  0.000000  0.000000  -34.705369  13.657638  37.142857  66.587468  5.300382  3.968376  -19.204836  56.266801  -13.103247  20.482449  122.515323
0.641703  0.000000  0.000000  0.000000  -34.705369  13.657638  41.428571  66.686491  1.365760  2.266308  -19.204836  56.266801  -13.103247  20.482449  122.515323
0.641959  0.000000  0.000000  0.000000  -34.705369  13.657638  45.714286  66.668663  -2.570070  0.569811  -19.204836  56.266801  -13.103247  20.482449  122.515323
0.642216  0.000000  0.000000  0.000000  -34.705369  13.657638  50.000000  66.533539  -6.503622  -1.137191  -19.204836  56.266801  -13.103247  20.482449  122.515323
0.642472  0.000000  0.000000  0.000000  -25.315215  3.567462  -10.000000  64.128972  47.483721  13.571956  0.766484  59.942763  -10.937019  31.205977  121.123272
0.642729  0.000000  0.000000  0.000000  -25.315215  3.567462  -5.714286  65.972132  43.597122  10.991271  0.766484  59.942763  -10.937019  31.205977  121.123272
0.642985  0.000000  0.000000  0.000000  -25.315215  3.567462  -1.428571  67.477915  39.659556  8.726040  0.766484  59.942763  -10.937019  31.205977  121.123272
0.643242  0.000000  0.000000  0.000000  -25.315215  3.567462  2.857143  68.712951  35.682753  6.706477  0.766484  59.942763  -10.937019  31.205977  121.123272
0.643498  0.000000  0.000000  0.000000  -25.315215  3.567462  7.142857  69.726684  31.675439  4.879644  0.766484  59.942763  -10.937019  31.205977  121.123272
0.643755  0.000000  0.000000  0.000000  -25.315215  3.567462  11.428571  70.556130  27.644260  3.204609  0.766484  59.942763  -10.937019  31.205977  121.123272
0.644011  0.000000  0.000000  0.000000  -25.315215  3.567462  15.714286  71.229179  23.594385  1.649084  0.766484  59.942763  -10.937019  31.205977  121.123272
0.644268  0.000000  0.000000  0.000000  -25.315215  3.567462  20.000000  71.766862  19.529952  0.187032  0.766484  59.942763  -10.937019  31.205977  121.123272
0.644524  0.000000  0.000000  0.000000  -25.315215  3.567462  24.285714  72.184957  15.454335  -1.203027  0.766484  59.942763  -10.937019  31.205977  121.123272
0.644781  0.000000  0.000000  0.000000  -25.315215  3.567462  28.571429  72.495147  11.370409  -2.539360  0.766484  59.942763  -10.937019  31.205977  121.123272
0.645037  0.000000  0.000000  0.000000  -25.315215  3.567462  32.857143  72.705698  7.280621  -3.837824  0.766484  59.942763  -10.937019  31.205977  121.123272
0.645294  0.000000  0.000000  0.000000  -25.315215  3.567462  37.142857  72.822079  3.187197  -5.112770  0.766484  59.942763  -10.937019  31.205977  121.123272
0.645550  0.000000  0.000000  0.000000  -25.315215  3.567462  41.428571  72.847254  -0.907781  -6.377593  0.766484  59.942763  -10.937019  31.205977  121.123272
0.645807  0.000000  0.000000  0.000000  -25.315215  3.567462  45.714286  72.781857  -5.002321  -7.645289  0.766484  59.942763  -10.937019  31.205977  121.123272
0.646063  0.000000  0.000000  0.000000  -25.315215  3.567462  50.000000  72.624234  -9.094393  -8.928966  0.766484  59.942763  -10.937019  31.205977  121.123272
0.646320  0.000000  0.000000  0.000000  -24.809220  0.719596  -10.000000  72.754708  47.011183  13.110326  13.691273  35.764779  -12.495530  35.115218  126.463584
0.646576  0.000000  0.000000  0.000000  -24.809220  0.719596  -5.714286  73.980198  42.904391  11.377115  13.691273  35.764779  -12.495530  35.115218  126.463584
0.646833  0.000000  0.000000  0.000000  -24.809220  0.719596  -1.428571  74.972140  38.774732  9.861290  13.691273  35.764779  -12.495530  35.115218  126.463584
0.647089  0.000000  0.000000  0.000000  -24.809220  0.719596  2.857143  75.779087  34.627646  8.511986  13.691273  35.764779  -12.495530  35.115218  126.463584
0.647345  0.000000  0.000000  0.000000  -24.809220  0.719596  7.142857  76.436160  30.467107  7.291513  13.691273  35.764779  -12.495530  35.115218  126.463584
0.647602  0.000000  0.000000  0.000000  -24.809220  0.719596  11.428571  76.968990  26.296149  6.171344  13.691273  35.764779  -12.495530  35.115218  126.463584
0.647858  0.000000  0.000000  0.000000  -24.809220  0.719596  15.714286  77.396605  22.117098  5.129169  13.691273  35.764779  -12.495530  35.115218  126.463584
0.648115  0.000000  0.000000  0.000000  -24.809220  0.719596  20.000000  77.733103  17.931817  4.147144  13.691273  35.764779  -12.495530  35.115218  126.463584
0.648371  0.000000  0.000000  0.000000  -24.809220  0.719596  24.285714  77.988864  13.741831  3.210583  13.691273  35.764779  -12.495530  35.115218  126.463584
0.648628  0.000000  0.000000  0.000000  -24.809220  0.719596  28.571429  78.171382  9.548441  2.306989  13.691273  35.764779  -12.495530  35.115218  126.463584
0.648884  0.000000  0.000000  0.000000  -24.809220  0.719596  32.857143  78.285775  5.352775  1.425421  13.691273  35.764779  -12.495530  35.115218  126.463584
0.649141  0.000000  0.000000  0.000000  -24.809220  0.719596  37.142857  78.335165  1.155865  0.555894  13.691273  35.764779  -12.495530  35.115218  126.463584
0.649397  0.000000  0.000000  0.000000  -24.809220  0.719596  41.428571  78.320896  -3.041308  -0.311066  13.691273  35.764779  -12.495530  35.115218  126.463584
0.649654  0.000000  0.000000  0.000000  -24.809220  0.719596  45.714286  78.242570  -7.237780  -1.184813  13.691273  35.764779  -12.495530  35.115218  126.463584
0.649910  0.000000  0.000000  0.000000  -24.809220  0.719596  50.000000  78.098076  -11.432558  -2.074989  13.691273  35.764779  -12.495530  35.115218  126.463584
0.650167  0.000000  0.000000  0.000000  -49.096060  11.855524  -10.000000  64.481363  52.415582  24.235537  11.230028  51.163786  -8.882427  20.665460  116.848742
0.650423  0.000000  0.000000  0.000000  -49.096060  11.855524  -5.714286  66.631101  48.512998  21.449946  11.230028  51.163786  -8.882427  20.665460  116.848742
0.650680  0.000000  0.000000  0.000000  -49.096060  11.855524  -1.428571  68.362477  44.552894  19.065971  11.230028  51.163786  -8.882427  20.665460  116.848742
0.650936  0.000000  0.000000  0.000000  -49.096060  11.855524  2.857143  69.768816  40.549538  16.987727  11.230028  51.163786  -8.882427  20.665460  116.848742
0.651193  0.000000  0.000000  0.000000  -49.096060  11.855524  7.142857  70.917433  36.513162  15.145134  11.230028  51.163786  -8.882427  20.665460  116.848742
0.651449  0.000000  0.000000  0.000000  -49.096060  11.855524  11.428571  71.857359  32.451272  13.486042  11.230028  51.163786  -8.882427  20.665460  116.848742
0.651706  0.000000  0.000000  0.000000  -49.096060  11.855524  15.714286  72.624968  28.369506  11.970633  11.230028  51.163786  -8.882427  20.665460  116.848742
0.651962  0.000000  0.000000  0.000000  -49.096060  11.855524  20.000000  73.247369  24.272231  10.567878  11.230028  51.163786  -8.882427  20.665460  116.848742
0.652219  0.000000  0.000000  0.000000  -49.096060  11.855524  24.285714  73.744885  20.162892  9.253028  11.230028  51.163786  -8.882427  20.665460  116.848742
0.652475  0.000000  0.000000  0.000000  -49.096060  11.855524  28.571429  74.132697  16.044293  8.005836  11.230028  51.163786  -8.882427  20.665460  116.848742
0.652731  0.000000  0.000000  0.000000  -49.096060  11.855524  32.857143  74.421991  11.918776  6.809289  11.230028  51.163786  -8.882427  20.665460  116.848742
0.652988  0.000000  0.000000  0.000000  -49.096060  11.855524  37.142857  74.620750  7.788361  5.648644  11.230028  51.163786  -8.882427  20.665460  116.848742
0.653244  0.000000  0.000000  0.000000  -49.096060  11.855524  41.428571  74.734272  3.654850  4.510717  11.230028  51.163786  -8.882427  20.665460  116.848742
0.653501  0.000000  0.000000  0.000000  -49.096060  11.855524  45.714286  74.765530  -0.480080  3.383241  11.230028  51.163786  -8.882427  20.665460  116.848742
0.653757  0.000000  0.000000  0.000000  -49.096060  11.855524  50.000000  74.715318  -4.614831  2.254406  11.230028  51.163786  -8.882427  20.665460  116.848742
0.654014  0.000000  0.000000  0.000000  -24.451599  18.804974  -10.000000  50.958192  40.013463  24.171776  11.802265  58.449020  -11.425651  19.845780  121.829435
0.654270  0.000000  0.000000  0.000000  -24.451599  18.804974  -5.714286  53.044831  36.635039  20.808884  11.802265  58.449020  -11.425651  19.845780  121.829435
0.654527  0.000000  0.000000  0.000000  -24.451599  18.804974  -1.428571  54.806357  33.170137  17.732186  11.802265  58.449020  -11.425651  19.845780  121.829435
0.654783  0.000000  0.000000  0.000000  -24.451599  18.804974  2.857143  56.287212  29.635366  14.891905  11.802265  58.449020  -11.425651  19.845780  121.829435
0.655040  0.000000  0.000000  0.000000  -24.451599  18.804974  7.142857  57.523696  26.044213  12.245872  11.802265  58.449020  -11.425651  19.845780  121.829435
0.655296  0.000000  0.000000  0.000000  -24.451599  18.804974  11.428571  58.545080  22.407738  9.758270  11.802265  58.449020  -11.425651  19.845780  121.829435
0.655553  0.000000  0.000000  0.000000  -24.451599  18.804974  15.714286  59.374864  18.735156  7.398268  11.802265  58.449020  -11.425651  19.845780  121.829435
0.655809  0.000000  0.000000  0.000000  -24.451599  18.804974  20.000000  60.031429  15.034271  5.139187  11.802265  58.449020  -11.425651  19.845780  121.829435
0.656066  0.000000  0.000000  0.000000  -24.451599  18.804974  24.285714  60.528951  11.311839  2.957458  11.802265  58.449020  -11.425651  19.845780  121.829435
0.656322  0.000000  0.000000  0.000000  -24.451599  18.804974  28.571429  60.877901  7.573839  0.831898  11.802265  58.449020  -11.425651  19.845780  121.829435
0.656579  0.000000  0.000000  0.000000  -24.451599  18.804974  32.857143  61.085498  3.825713  -1.257012  11.802265  58.449020  -11.425651  19.845780  121.829435
0.656835  0.000000  0.000000  0.000000  -24.451599  18.804974  37.142857  61.155971  0.072565  -3.327693  11.802265  58.449020  -11.425651  19.845780  121.829435
0.657092  0.000000  0.000000  0.000000  -24.451599  18.804974  41.428571  61.090742  -3.680673  -5.398024  11.802265  58.449020  -11.425651  19.845780  121.829435
0.657348  0.000000  0.000000  0.000000  -24.451599  18.804974  45.714286  60.888517  -7.429089  -7.485901  11.802265  58.449020  -11.425651  19.845780  121.829435
0.657605  0.000000  0.000000  0.000000  -24.451599  18.804974  50.000000  60.545145  -11.167578  -9.609690  11.802265  58.449020  -11.425651  19.845780  121.829435
0.657861  0.000000  0.000000  0.000000  -31.909534  18.805722  -10.000000  55.682647  39.773564  21.478224  4.825009  45.919061  7.556300  19.187441  124.735290
0.658117  0.000000  0.000000  0.000000  -31.909534  18.805722  -5.714286  57.525539  36.194507  18.485684  4.825009  45.919061  7.556300  19.187441  124.735290
0.658374  0.000000  0.000000  0.000000  -31.909534  18.805722  -1.428571  59.066786  32.547529  15.757369  4.825009  45.919061  7.556300  19.187441  124.735290
0.658630  0.000000  0.000000  0.000000  -31.909534  18.805722  2.857143  60.350770  28.846264  13.243808  4.825009  45.919061  7.556300  19.187441  124.735290
0.658887  0.000000  0.000000  0.000000  -31.909534  18.805722  7.142857  61.412699  25.101618  10.904126  4.825009  45.919061  7.556300  19.187441  124.735290
0.659143  0.000000  0.000000  0.000000  -31.909534  18.805722  11.428571  62.280307  21.322460  8.704255  4.825009  45.919061  7.556300  19.187441  124.735290
0.659400  0.000000  0.000000  0.000000  -31.909534  18.805722  15.714286  62.975280  17.516135  6.615331  4.825009  45.919061  7.556300  19.187441  124.735290
0.659656  0.000000  0.000000  0.000000  -31.909534  18.805722  20.000000  63.514305  13.688851  4.612546  4.825009  45.919061  7.556300  19.187441  124.735290
0.659913  0.000000  0.000000  0.000000  -31.909534  18.805722  24.285714  63.909894  9.845994  2.674085  4.825009  45.919061  7.556300  19.187441  124.735290
0.660169  0.000000  0.000000  0.000000  -31.909534  18.805722  28.571429  64.170973  5.992340  0.780364  4.825009  45.919061  7.556300  19.187441  124.735290
0.660426  0.000000  0.000000  0.000000  -31.909534  18.805722  32.857143  64.303328  2.132280  -1.086748  4.825009  45.919061  7.556300  19.187441  124.735290
0.660682  0.000000  0.000000  0.000000  -31.909534  18.805722  37.142857  64.309854  -1.730030  -2.944503  4.825009  45.919061  7.556300  19.187441  124.735290
0.660939  0.000000  0.000000  0.000000  -31.909534  18.805722  41.428571  64.190692  -5.590516  -4.809846  4.825009  45.919061  7.556300  19.187441  124.735290
0.661195  0.000000  0.000000  0.000000  -31.909534  18.805722  45.714286  63.943237  -9.445036  -6.699970  4.825009  45.919061  7.556300  19.187441  124.735290
0.661452  0.000000  0.000000  0.000000  -31.909534  18.805722  50.000000  63.562022  -13.289235  -8.632881  4.825009  45.919061  7.556300  19.187441  124.735290
0.661708  0.000000  0.000000  0.000000  -33.375951  -2.043448  -10.000000  82.676182  48.721947  3.492508  6.871855  60.410022  -12.735035  19.970283  122.315162
0.661965  0.000000  0.000000  0.000000  -33.375951  -2.043448  -5.714286  83.232255  44.468519  2.727653  6.871855  60.410022  -12.735035  19.970283  122.315162
0.662221  0.000000  0.000000  0.000000  -33.375951  -2.043448  -1.428571  83.677587  40.210682  2.066904  6.871855  60.410022  -12.735035  19.970283  122.315162
0.662478  0.000000  0.000000  0.000000  -33.375951  -2.043448  2.857143  84.037078  35.949522  1.484449  6.871855  60.410022  -12.735035  19.970283  122.315162
0.662734  0.000000  0.000000  0.000000  -33.375951  -2.043448  7.142857  84.328198  31.685845  0.961727  6.871855  60.410022  -12.735035  19.970283  122.315162
0.662991  0.000000  0.000000  0.000000  -33.375951  -2.043448  11.428571  84.563507  27.420223  0.484994  6.871855  60.410022  -12.735035  19.970283  122.315162
0.663247  0.000000  0.000000  0.000000  -33.375951  -2.043448  15.714286  84.752091  23.153102  0.043800  6.871855  60.410022  -12.735035  19.970283  122.315162
0.663503  0.000000  0.000000  0.000000  -33.375951  -2.043448  20.000000  84.900659  18.884828  -0.370116  6.871855  60.410022  -12.735035  19.970283  122.315162
0.663760  0.000000  0.000000  0.000000  -33.375951  -2.043448  24.285714  85.014088  14.615683  -0.763416  6.871855  60.410022  -12.735035  19.970283  122.315162
0.664016  0.000000  0.000000  0.000000  -33.375951  -2.043448  28.571429  85.095890  10.345913  -1.141701  6.871855  60.410022  -12.735035  19.970283  122.315162
0.664273  0.000000  0.000000  0.000000  -33.375951  -2.043448  32.857143  85.148505  6.075697  -1.509805  6.871855  60.410022  -12.735035  19.970283  122.315162
0.664529  0.000000  0.000000  0.000000  -33.375951  -2.043448  37.142857  85.173419  1.805244  -1.872107  6.871855  60.410022  -12.735035  19.970283  122.315162
0.664786  0.000000  0.000000  0.000000  -33.375951  -2.043448  41.428571  85.171341  -2.465279  -2.232708  6.871855  60.410022  -12.735035  19.970283  122.315162
0.665042  0.000000  0.000000  0.000000  -33.375951  -2.043448  45.714286  85.142211  -6.735705  -2.595635  6.871855  60.410022  -12.735035  19.970283  122.315162
0.665299  0.000000  0.000000  0.000000  -33.375951  -2.043448  50.000000  85.085211  -11.005860  -2.965011  6.871855  60.410022  -12.735035  19.970283  122.315162
0.665555  0.000000  0.000000  0.000000  -29.464462  0.290013  -10.000000  78.675117  52.175049  10.266891  15.583763  47.830545  -1.338377  32.599053  121.764008
0.665812  0.000000  0.000000  0.000000  -29.464462  0.290013  -5.714286  79.638806  47.965626  9.011051  15.583763  47.830545  -1.338377  32.599053  121.764008
0.666068  0.000000  0.000000  0.000000  -29.464462  0.290013  -1.428571  80.404288  43.744605  7.945039  15.583763  47.830545  -1.338377  32.599053  121.764008
0.666325  0.000000  0.000000  0.000000  -29.464462  0.290013  2.857143  81.019350  39.514959  7.019810  15.583763  47.830545  -1.338377  32.599053  121.764008
0.666581  0.000000  0.000000  0.000000  -29.464462  0.290013  7.142857  81.516959  35.278832  6.201042  15.583763  47.830545  -1.338377  32.599053  121.764008
0.666838  0.000000  0.000000  0.000000  -29.464462  0.290013  11.428571  81.920434  31.037740  5.463866  15.583763  47.830545  -1.338377  32.599053  121.764008
0.667094  0.000000  0.000000  0.000000  -29.464462  0.290013  15.714286  82.246635  26.792814  4.789691  15.583763  47.830545  -1.338377  32.599053  121.764008
0.667351  0.000000  0.000000  0.000000  -29.464462  0.290013  20.000000  82.507881  22.544925  4.164222  15.583763  47.830545  -1.338377  32.599053  121.764008
0.667607  0.000000  0.000000  0.000000  -29.464462  0.290013  24.285714  82.713179  18.294764  3.576204  15.583763  47.830545  -1.338377  32.599053  121.764008
0.667864  0.000000  0.000000  0.000000  -29.464462  0.290013  28.571429  82.869180  14.042892  3.016384  15.583763  47.830545  -1.338377  32.599053  121.764008
0.668120  0.000000  0.000000  0.000000  -29.464462  0.290013  32.857143  82.980630  9.789779  2.477009  15.583763  47.830545  -1.338377  32.599053  121.764008
0.668377  0.000000  0.000000  0.000000  -29.464462  0.290013  37.142857  83.050778  5.535836  1.951303  15.583763  47.830545  -1.338377  32.599053  121.764008
0.668633  0.000000  0.000000  0.000000  -29.464462  0.290013  41.428571  83.081609  1.281438  1.433122  15.583763  47.830545  -1.338377  32.599053  121.764008
0.668889  0.000000  0.000000  0.000000  -29.464462  0.290013  45.714286  83.073981  -2.973067  0.916664  15.583763  47.830545  -1.338377  32.599053  121.764008
0.669146  0.000000  0.000000  0.000000  -29.464462  0.290013  50.000000  83.027679  -7.227325  0.396197  15.583763  47.830545  -1.338377  32.599053  121.764008
0.669402  0.000000  0.000000  0.000000  -20.067033  6.660795  -10.000000  56.203771  33.185854  9.288379  -5.464370  45.948511  -15.782769  22.427271  116.200654
0.669659  0.000000  0.000000  0.000000  -20.067033  6.660795  -5.714286  57.631840  29.594127  6.548355  -5.464370  45.948511  -15.782769  22.427271  116.200654
0.669915  0.000000  0.000000  0.000000  -20.067033  6.660795  -1.428571  58.820837  25.950025  3.998234  -5.464370  45.948511  -15.782769  22.427271  116.200654
0.670172  0.000000  0.000000  0.000000  -20.067033  6.660795  2.857143  59.800093  22.263957  1.602243  -5.464370  45.948511  -15.782769  22.427271  116.200654
0.670428  0.000000  0.000000  0.000000  -20.067033  6.660795  7.142857  60.592824  18.544580  -0.670090  -5.464370  45.948511  -15.782769  22.427271  116.200654
0.670685  0.000000  0.000000  0.000000  -20.067033  6.660795  11.428571  61.217223  14.799193  -2.845124  -5.464370  45.948511  -15.782769  22.427271  116.200654
0.670941  0.000000  0.000000  0.000000  -20.067033  6.660795  15.714286  61.687151  11.034110  -4.946032  -5.464370  45.948511  -15.782769  22.427271  116.200654
0.671198  0.000000  0.000000  0.000000  -20.067033  6.660795  20.000000  62.012776  7.254919  -6.993611  -5.464370  45.948511  -15.782769  22.427271  116.200654
0.671454  0.000000  0.000000  0.000000  -20.067033  6.660795  24.285714  62.201003  3.466723  -9.007014  -5.464370  45.948511  -15.782769  22.427271  116.200654
0.671711  0.000000  0.000000  0.000000  -20.067033  6.660795  28.571429  62.255778  -0.325711  -11.004320  -5.464370  45.948511  -15.782769  22.427271  116.200654
0.671967  0.000000  0.000000  0.000000  -20.067033  6.660795  32.857143  62.178231  -4.117753  -13.003129  -5.464370  45.948511  -15.782769  22.427271  116.200654
0.672224  0.000000  0.000000  0.000000  -20.067033  6.660795  37.142857  61.966774  -7.904748  -15.021098  -5.464370  45.948511  -15.782769  22.427271  116.200654
0.672480  0.000000  0.000000  0.000000  -20.067033  6.660795  41.428571  61.616946  -11.681887  -17.076437  -5.464370  45.948511  -15.782769  22.427271  116.200654
0.672737  0.000000  0.000000  0.000000  -20.067033  6.660795  45.714286  61.121310  -15.444004  -19.188539  -5.464370  45.948511  -15.782769  22.427271  116.200654
0.672993  0.000000  0.000000  0.000000  -20.067033  6.660795  50.000000  60.469095  -19.185399  -21.378561  -5.464370  45.948511  -15.782769  22.427271  116.200654
0.673250  0.000000  0.000000  0.000000  -49.424410  17.507419  -10.000000  55.200904  23.740786  8.290680  10.455492  43.081545  1.867706  23.386317  112.310458
0.673506  0.000000  0.000000  0.000000  -49.424410  17.507419  -5.714286  56.175979  20.200197  5.686054  10.455492  43.081545  1.867706  23.386317  112.310458
0.673763  0.000000  0.000000  0.000000  -49.424410  17.507419  -1.428571  56.962326  16.622957  3.197929  10.455492  43.081545  1.867706  23.386317  112.310458
0.674019  0.000000  0.000000  0.000000  -49.424410  17.507419  2.857143  57.575715  13.017186  0.801319  10.455492  43.081545  1.867706  23.386317  112.310458
0.674275  0.000000  0.000000  0.000000  -49.424410  17.507419  7.142857  58.028260  9.390058  -1.526294  10.455492  43.081545  1.867706  23.386317  112.310458
0.674532  0.000000  0.000000  0.000000  -49.424410  17.507419  11.428571  58.328677  5.748028  -3.805533  10.455492  43.081545  1.867706  23.386317  112.310458
0.674788  0.000000  0.000000  0.000000  -49.424410  17.507419  15.714286  58.482715  2.097076  -6.055717  10.455492  43.081545  1.867706  23.386317  112.310458
0.675045  0.000000  0.000000  0.000000  -49.424410  17.507419  20.000000  58.493266  -1.557091  -8.295408  10.455492  43.081545  1.867706  23.386317  112.310458
0.675301  0.000000  0.000000  0.000000  -49.424410  17.507419  24.285714  58.360550  -5.208878  -10.542880  10.455492  43.081545  1.867706  23.386317  112.310458
0.675558  0.000000  0.000000  0.000000  -49.424410  17.507419  28.571429  58.082070  -8.852590  -12.816633  10.455492  43.081545  1.867706  23.386317  112.310458
0.675814  0.000000  0.000000  0.000000  -49.424410  17.507419  32.857143  57.652483  -12.482313  -15.135842  10.455492  43.081545  1.867706  23.386317  112.310458
0.676071  0.000000  0.000000  0.000000  -49.424410  17.507419  37.142857  57.063554  -16.091671  -17.520879  10.455492  43.081545  1.867706  23.386317  112.310458
0.676327  0.000000  0.000000  0.000000  -49.424410  17.507419  41.428571  56.303655  -19.673612  -19.993981  10.455492  43.081545  1.867706  23.386317  112.310458
0.676584  0.000000  0.000000  0.000000  -49.424410  17.507419  45.714286  55.357624  -23.220175  -22.579699  10.455492  43.081545  1.867706  23.386317  112.310458
0.676840  0.000000  0.000000  0.000000  -49.424410  17.507419  50.000000  54.206090  -26.722162  -25.305717  10.455492  43.081545  1.867706  23.386317  112.310458
0.677097  0.000000  0.000000  0.000000  -34.993535  15.458863  -10.000000  56.040750  47.321070  24.403706  12.181710  37.746952  -0.846934  25.964662  122.379963
0.677353  0.000000  0.000000  0.000000  -34.993535  15.458863  -5.714286  58.404617  43.716466  21.092661  12.181710  37.746952  -0.846934  25.964662  122.379963
0.677610  0.000000  0.000000  0.000000  -34.993535  15.458863  -1.428571  60.362096  40.027219  18.161837  12.181710  37.746952  -0.846934  25.964662  122.379963
0.677866  0.000000  0.000000  0.000000  -34.993535  15.458863  2.857143  61.986022  36.271774  15.534608  12.181710  37.746952  -0.846934  25.964662  122.379963
0.678123  0.000000  0.000000  0.000000  -34.993535  15.458863  7.142857  63.332814  32.464170  13.150369  12.181710  37.746952  -0.846934  25.964662  122.379963
0.678379  0.000000  0.000000  0.000000  -34.993535  15.458863  11.428571  64.446147  28.615302  10.960786  12.181710  37.746952  -0.846934  25.964662  122.379963
0.678636  0.000000  0.000000  0.000000  -34.993535  15.458863  15.714286  65.359820  24.733745  8.926854  12.181710  37.746952  -0.846934  25.964662  122.379963
0.678892  0.000000  0.000000  0.000000  -34.993535  15.458863  20.000000  66.099963  20.826422  7.016580  12.181710  37.746952  -0.846934  25.964662  122.379963
0.679148  0.000000  0.000000  0.000000  -34.993535  15.458863  24.285714  66.686592  16.899010  5.203286  12.181710  37.746952  -0.846934  25.964662  122.379963
0.679405  0.000000  0.000000  0.000000  -34.993535  15.458863  28.571429  67.134873  12.956290  3.464213  12.181710  37.746952  -0.846934  25.964662  122.379963
0.679661  0.000000  0.000000  0.000000  -34.993535  15.458863  32.857143  67.455952  9.002399  1.779497  12.181710  37.746952  -0.846934  25.964662  122.379963
0.679918  0.000000  0.000000  0.000000  -34.993535  15.458863  37.142857  67.657574  5.041009  0.131318  12.181710  37.746952  -0.846934  25.964662  122.379963
0.680174  0.000000  0.000000  0.000000  -34.993535  15.458863  41.428571  67.744488  1.075535  -1.496844  12.181710  37.746952  -0.846934  25.964662  122.379963
0.680431  0.000000  0.000000  0.000000  -34.993535  15.458863  45.714286  67.718746  -2.890811  -3.120776  12.181710  37.746952  -0.846934  25.964662  122.379963
0.680687  0.000000  0.000000  0.000000  -34.993535  15.458863  50.000000  67.579742  -6.854825  -4.756116  12.181710  37.746952  -0.846934  25.964662  122.379963
0.680944  0.000000  0.000000  0.000000  -24.495923  4.226804  -10.000000  60.032479  32.062907  8.521268  7.714900  35.377000  -12.139552  33.078450  127.732347
0.681200  0.000000  0.000000  0.000000  -24.495923  4.226804  -5.714286  61.255632  28.326890  6.090839  7.714900  35.377000  -12.139552  33.078450  127.732347
0.681457  0.000000  0.000000  0.000000  -24.495923  4.226804  -1.428571  62.264464  24.550749  3.826505  7.714900  35.377000  -12.139552  33.078450  127.732347
0.681713  0.000000  0.000000  0.000000  -24.495923  4.226804  2.857143  63.085646  20.742775  1.695222  7.714900  35.377000  -12.139552  33.078450  127.732347
0.681970  0.000000  0.000000  0.000000  -24.495923  4.226804  7.142857  63.739911  16.909835  -0.330941  7.714900  35.377000  -12.139552  33.078450  127.732347
0.682226  0.000000  0.000000  0.000000  -24.495923  4.226804  11.428571  64.243130  13.057756  -2.276023  7.714900  35.377000  -12.139552  33.078450  127.732347
0.682483  0.000000  0.000000  0.000000  -24.495923  4.226804  15.714286  64.607114  9.191595  -4.161209  7.714900  35.377000  -12.139552  33.078450  127.732347
0.682739  0.000000  0.000000  0.000000  -24.495923  4.226804  20.000000  64.840138  5.315862  -6.005556  7.714900  35.377000  -12.139552  33.078450  127.732347
0.682996  0.000000  0.000000  0.000000  -24.495923  4.226804  24.285714  64.947435  1.434723  -7.826787  7.714900  35.377000  -12.139552  33.078450  127.732347
0.683252  0.000000  0.000000  0.000000  -24.495923  4.226804  28.571429  64.931377  -2.447860  -9.641839  7.714900  35.377000  -12.139552  33.078450  127.732347
0.683509  0.000000  0.000000  0.000000  -24.495923  4.226804  32.857143  64.791610  -6.327975  -11.467448  7.714900  35.377000  -12.139552  33.078450  127.732347
0.683765  0.000000  0.000000  0.000000  -24.495923  4.226804  37.142857  64.525023  -10.201618  -13.320715  7.714900  35.377000  -12.139552  33.078450  127.732347
0.684022  0.000000  0.000000  0.000000  -24.495923  4.226804  41.428571  64.125655  -14.064565  -15.219599  7.714900  35.377000  -12.139552  33.078450  127.732347
0.684278  0.000000  0.000000  0.000000  -24.495923  4.226804  45.714286  63.584315  -17.912168  -17.183708  7.714900  35.377000  -12.139552  33.078450  127.732347
0.684534  0.000000  0.000000  0.000000  -24.495923  4.226804  50.000000  62.888186  -21.739184  -19.234843  7.714900  35.377000  -12.139552  33.078450  127.732347
0.684791  0.000000  0.000000  0.000000  -40.224246  4.393767  -10.000000  68.352160  49.812944  8.543720  0.779376  56.609205  8.026923  22.675750  111.510222
0.685047  0.000000  0.000000  0.000000  -40.224246  4.393767  -5.714286  70.032569  45.806090  6.277238  0.779376  56.609205  8.026923  22.675750  111.510222
0.685304  0.000000  0.000000  0.000000  -40.224246  4.393767  -1.428571  71.390024  41.760460  4.316717  0.779376  56.609205  8.026923  22.675750  111.510222
0.685560  0.000000  0.000000  0.000000  -40.224246  4.393767  2.857143  72.494364  37.685474  2.589860  0.779376  56.609205  8.026923  22.675750  111.510222
0.685817  0.000000  0.000000  0.000000  -40.224246  4.393767  7.142857  73.395921  33.587931  1.043574  0.779376  56.609205  8.026923  22.675750  111.510222
0.686073  0.000000  0.000000  0.000000  -40.224246  4.393767  11.428571  74.131453  29.472910  -0.361971  0.779376  56.609205  8.026923  22.675750  111.510222
0.686330  0.000000  0.000000  0.000000  -40.224246  4.393767  15.714286  74.728244  25.344277  -1.657520  0.779376  56.609205  8.026923  22.675750  111.510222
0.686586  0.000000  0.000000  0.000000  -40.224246  4.393767  20.000000  75.206609  21.205061  -2.867311  0.779376  56.609205  8.026923  22.675750  111.510222
0.686843  0.000000  0.000000  0.000000  -40.224246  4.393767  24.285714  75.581671  17.057695  -4.010949  0.779376  56.609205  8.026923  22.675750  111.510222
0.687099  0.000000  0.000000  0.000000  -40.224246  4.393767  28.571429  75.864620  12.904212  -5.104783  0.779376  56.609205  8.026923  22.675750  111.510222
0.687356  0.000000  0.000000  0.000000  -40.224246  4.393767  32.857143  76.063478  8.746339  -6.162820  0.779376  56.609205  8.026923  22.675750  111.510222
0.687612  0.000000  0.000000  0.000000  -40.224246  4.393767  37.142857  76.183643  4.585585  -7.197415  0.779376  56.609205  8.026923  22.675750  111.510222
0.687869  0.000000  0.000000  0.000000  -40.224246  4.393767  41.428571  76.228371  0.423365  -8.220023  0.779376  56.609205  8.026923  22.675750  111.510222
0.688125  0.000000  0.000000  0.000000  -40.224246  4.393767  45.714286  76.198803  -3.738997  -9.241526  0.779376  56.609205  8.026923  22.675750  111.510222
0.688382  0.000000  0.000000  0.000000  -40.224246  4.393767  50.000000  76.094159  -7.900148  -10.272797  0.779376  56.609205  8.026923  22.675750  111.510222
0.688638  0.000000  0.000000  0.000000  -41.955170  -2.469107  -10.000000  72.399246  46.011611  4.073337  -2.406174  41.307933  5.636119  18.147586  115.315182
0.688895  0.000000  0.000000  0.000000  -41.955170  -2.469107  -5.714286  73.607999  41.912692  2.333252  -2.406174  41.307933  5.636119  18.147586  115.315182
0.689151  0.000000  0.000000  0.000000  -41.955170  -2.469107  -1.428571  74.588596  37.790685  0.804033  -2.406174  41.307933  5.636119  18.147586  115.315182
0.689408  0.000000  0.000000  0.000000  -41.955170  -2.469107  2.857143  75.387286  33.651003  -0.563023  -2.406174  41.307933  5.636119  18.147586  115.315182
0.689664  0.000000  0.000000  0.000000  -41.955170  -2.469107  7.142857  76.037620  29.497663  -1.804204  -2.406174  41.307933  5.636119  18.147586  115.315182
0.689920  0.000000  0.000000  0.000000  -41.955170  -2.469107  11.428571  76.564320  25.333712  -2.947318  -2.406174  41.307933  5.636119  18.147586  115.315182
0.690177  0.000000  0.000000  0.000000  -41.955170  -2.469107  15.714286  76.985710  21.161529  -4.014192  -2.406174  41.307933  5.636119  18.147586  115.315182
0.690433  0.000000  0.000000  0.000000  -41.955170  -2.469107  20.000000  77.315389  16.983024  -5.022426  -2.406174  41.307933  5.636119  18.147586  115.315182
0.690690  0.000000  0.000000  0.000000  -41.955170  -2.469107  24.285714  77.563345  12.799778  -5.986623  -2.406174  41.307933  5.636119  18.147586  115.315182
0.690946  0.000000  0.000000  0.000000  -41.955170  -2.469107  28.571429  77.736736  8.613146  -6.919299  -2.406174  41.307933  5.636119  18.147586  115.315182
0.691203  0.000000  0.000000  0.000000  -41.955170  -2.469107  32.857143  77.840372  4.424312  -7.831510  -2.406174  41.307933  5.636119  18.147586  115.315182
0.691459  0.000000  0.000000  0.000000  -41.955170  -2.469107  37.142857  77.877053  0.234384  -8.733437  -2.406174  41.307933  5.636119  18.147586  115.315182
0.691716  0.000000  0.000000  0.000000  -41.955170  -2.469107  41.428571  77.847757  -3.955622  -9.634827  -2.406174  41.307933  5.636119  18.147586  115.315182
0.691972  0.000000  0.000000  0.000000  -41.955170  -2.469107  45.714286  77.751724  -8.144628  -10.545403  -2.406174  41.307933  5.636119  18.147586  115.315182
0.692229  0.000000  0.000000  0.000000  -41.955170  -2.469107  50.000000  77.586342  -12.331569  -11.475251  -2.406174  41.307933  5.636119  18.147586  115.315182
0.692485  0.000000  0.000000  0.000000  -45.930654  5.700531  -10.000000  63.371434  34.930857  7.479718  -11.680746  53.287866  -0.889373  31.011223  121.550506
0.692742  0.000000  0.000000  0.000000  -45.930654  5.700531  -5.714286  64.593094  31.078904  5.238418  -11.680746  53.287866  -0.889373  31.011223  121.550506
0.692998  0.000000  0.000000  0.000000  -45.930654  5.700531  -1.428571  65.599502  27.191219  3.172679  -11.680746  53.287866  -0.889373  31.011223  121.550506
0.693255  0.000000  0.000000  0.000000  -45.930654  5.700531  2.857143  66.421066  23.275309  1.246778  -11.680746  53.287866  -0.889373  31.011223  121.550506
0.693511  0.000000  0.000000  0.000000  -45.930654  5.700531  7.142857  67.081142  19.337242  -0.568663  -11.680746  53.287866  -0.889373  31.011223  121.550506
0.693768  0.000000  0.000000  0.000000  -45.930654  5.700531  11.428571  67.597571  15.382074  -2.298310  -11.680746  53.287866  -0.889373  31.011223  121.550506
0.694024  0.000000  0.000000  0.000000  -45.930654  5.700531  15.714286  67.983620  11.414028  -3.963259  -11.680746  53.287866  -0.889373  31.011223  121.550506
0.694281  0.000000  0.000000  0.000000  -45.930654  5.700531  20.000000  68.248912  7.436861  -5.582182  -11.680746  53.287866  -0.889373  31.011223  121.550506
0.694537  0.000000  0.000000  0.000000  -45.930654  5.700531  24.285714  68.399880  3.453934  -7.171973  -11.680746  53.287866  -0.889373  31.011223  121.550506
0.694794  0.000000  0.000000  0.000000  -45.930654  5.700531  28.571429  68.440106  -0.531623  -8.748454  -11.680746  53.287866  -0.889373  31.011223  121.550506
0.695050  0.000000  0.000000  0.000000  -45.930654  5.700531  32.857143  68.370539  -4.516778  -10.326975  -11.680746  53.287866  -0.889373  31.011223  121.550506
0.695306  0.000000  0.000000  0.000000  -45.930654  5.700531  37.142857  68.189534  -8.498480  -11.922960  -11.680746  53.287866  -0.889373  31.011223  121.550506
0.695563  0.000000  0.000000  0.000000  -45.930654  5.700531  41.428571  67.892778  -12.473552  -13.552452  -11.680746  53.287866  -0.889373  31.011223  121.550506
0.695819  0.000000  0.000000  0.000000  -45.930654  5.700531  45.714286  67.473033  -16.438544  -15.232754  -11.680746  53.287866  -0.889373  31.011223  121.550506
0.696076  0.000000  0.000000  0.000000  -45.930654  5.700531  50.000000  66.919768  -20.389604  -16.983080  -11.680746  53.287866  -0.889373  31.011223  121.550506
0.696332  0.000000  0.000000  0.000000  -33.140384  19.630496  -10.000000  54.839278  35.147491  22.545064  -5.543694  60.013722  -11.499253  16.814899  122.531876
0.696589  0.000000  0.000000  0.000000  -33.140384  19.630496  -5.714286  56.433809  31.608879  19.648586  -5.543694  60.013722  -11.499253  16.814899  122.531876
0.696845  0.000000  0.000000  0.000000  -33.140384  19.630496  -1.428571  57.768124  28.009730  16.966160  -5.543694  60.013722  -11.499253  16.814899  122.531876
0.697102  0.000000  0.000000  0.000000  -33.140384  19.630496  2.857143  58.875415  24.361902  14.458502  -5.543694  60.013722  -11.499253  16.814899  122.531876
0.697358  0.000000  0.000000  0.000000  -33.140384  19.630496  7.142857  59.782226  20.675158  12.092254  -5.543694  60.013722  -11.499253  16.814899  122.531876
0.697615  0.000000  0.000000  0.000000  -33.140384  19.630496  11.428571  60.509520  16.957673  9.838783  -5.543694  60.013722  -11.499253  16.814899  122.531876
0.697871  0.000000  0.000000  0.000000  -33.140384  19.630496  15.714286  61.073576  13.216427  7.673119  -5.543694  60.013722  -11.499253  16.814899  122.531876
0.698128  0.000000  0.000000  0.000000  -33.140384  19.630496  20.000000  61.486661  9.457514  5.573104  -5.543694  60.013722  -11.499253  16.814899  122.531876
0.698384  0.000000  0.000000  0.000000  -33.140384  19.630496  24.285714  61.757557  5.686398  3.518621  -5.543694  60.013722  -11.499253  16.814899  122.531876
0.698641  0.000000  0.000000  0.000000  -33.140384  19.630496  28.571429  61.891928  1.908113  1.490949  -5.543694  60.013722  -11.499253  16.814899  122.531876
0.698897  0.000000  0.000000  0.000000  -33.140384  19.630496  32.857143  61.892556  -1.872547  -0.527818  -5.543694  60.013722  -11.499253  16.814899  122.531876
0.699154  0.000000  0.000000  0.000000  -33.140384  19.630496  37.142857  61.759451  -5.650876  -2.555324  -5.543694  60.013722  -11.499253  16.814899  122.531876
0.699410  0.000000  0.000000  0.000000  -33.140384  19.630496  41.428571  61.489854  -9.422077  -4.609484  -5.543694  60.013722  -11.499253  16.814899  122.531876
0.699667  0.000000  0.000000  0.000000  -33.140384  19.630496  45.714286  61.078149  -13.181135  -6.708966  -5.543694  60.013722  -11.499253  16.814899  122.531876
0.699923  0.000000  0.000000  0.000000  -33.140384  19.630496  50.000000  60.515565  -16.922575  -8.873911  -5.543694  60.013722  -11.499253  16.814899  122.531876
0.700180  0.000000  0.000000  0.000000  -36.916418  -5.969803  -10.000000  81.240125  52.282635  1.086802  -2.986676  58.976946  -12.902867  19.592552  119.075620
0.700436  0.000000  0.000000  0.000000  -36.916418  -5.969803  -5.714286  81.989596  48.042605  0.111435  -2.986676  58.976946  -12.902867  19.592552  119.075620
0.700692  0.000000  0.000000  0.000000  -36.916418  -5.969803  -1.428571  82.583844  43.795573  -0.715220  -2.986676  58.976946  -12.902867  19.592552  119.075620
0.700949  0.000000  0.000000  0.000000  -36.916418  -5.969803  2.857143  83.060661  39.543383  -1.431932  -2.986676  58.976946  -12.902867  19.592552  119.075620
0.701205  0.000000  0.000000  0.000000  -36.916418  -5.969803  7.142857  83.445997  35.287286  -2.065686  -2.986676  58.976946  -12.902867  19.592552  119.075620
0.701462  0.000000  0.000000  0.000000  -36.916418  -5.969803  11.428571  83.758146  31.028224  -2.636007  -2.986676  58.976946  -12.902867  19.592552  119.075620
0.701718  0.000000  0.000000  0.000000  -36.916418  -5.969803  15.714286  84.010288  26.766869  -3.157414  -2.986676  58.976946  -12.902867  19.592552  119.075620
0.701975  0.000000  0.000000  0.000000  -36.916418  -5.969803  20.000000  84.212034  22.503742  -3.641051  -2.986676  58.976946  -12.902867  19.592552  119.075620
0.702231  0.000000  0.000000  0.000000  -36.916418  -5.969803  24.285714  84.370409  18.239259  -4.095694  -2.986676  58.976946  -12.902867  19.592552  119.075620
0.702488  0.000000  0.000000  0.000000  -36.916418  -5.969803  28.571429  84.490573  13.973757  -4.528534  -2.986676  58.976946  -12.902867  19.592552  119.075620
0.702744  0.000000  0.000000  0.000000  -36.916418  -5.969803  32.857143  84.576212  9.707515  -4.945599  -2.986676  58.976946  -12.902867  19.592552  119.075620
0.703001  0.000000  0.000000  0.000000  -36.916418  -5.969803  37.142857  84.629834  5.440781  -5.352146  -2.986676  58.976946  -12.902867  19.592552  119.075620
0.703257  0.000000  0.000000  0.000000  -36.916418  -5.969803  41.428571  84.652961  1.173777  -5.752954  -2.986676  58.976946  -12.902867  19.592552  119.075620
0.703514  0.000000  0.000000  0.000000  -36.916418  -5.969803  45.714286  84.646277  -3.093281  -6.152547  -2.986676  58.976946  -12.902867  19.592552  119.075620
0.703770  0.000000  0.000000  0.000000  -36.916418  -5.969803  50.000000  84.609554  -7.360186  -6.555375  -2.986676  58.976946  -12.902867  19.592552  119.075620
0.704027  0.000000  0.000000  0.000000  -41.284263  23.607605  -10.000000  50.511617  35.100257  27.434702  3.058336  54.321021  -23.150571  32.353109  117.635571
0.704283  0.000000  0.000000  0.000000  -41.284263  23.607605  -5.714286  52.277437  31.750130  24.231016  3.058336  54.321021  -23.150571  32.353109  117.635571
0.704540  0.000000  0.000000  0.000000  -41.284263  23.607605  -1.428571  53.768752  28.325502  21.253621  3.058336  54.321021  -23.150571  32.353109  117.635571
0.704796  0.000000  0.000000  0.000000  -41.284263  23.607605  2.857143  55.017940  24.840317  18.463823  3.058336  54.321021  -23.150571  32.353109  117.635571
0.705053  0.000000  0.000000  0.000000  -41.284263  23.607605  7.142857  56.051569  21.306202  15.828014  3.058336  54.321021  -23.150571  32.353109  117.635571
0.705309  0.000000  0.000000  0.000000  -41.284263  23.607605  11.428571  56.891170  17.732986  13.316818  3.058336  54.321021  -23.150571  32.353109  117.635571
0.705566  0.000000  0.000000  0.000000  -41.284263  23.607605  15.714286  57.553769  14.129096  10.904335  3.058336  54.321021  -23.150571  32.353109  117.635571
0.705822  0.000000  0.000000  0.000000  -41.284263  23.607605  20.000000  58.052546  10.501913  8.567375  3.058336  54.321021  -23.150571  32.353109  117.635571
0.706078  0.000000  0.000000  0.000000  -41.284263  23.607605  24.285714  58.397238  6.858047  6.284810  3.058336  54.321021  -23.150571  32.353109  117.635571
0.706335  0.000000  0.000000  0.000000  -41.284263  23.607605  28.571429  58.594479  3.203566  4.036986  3.058336  54.321021  -23.150571  32.353109  117.635571
0.706591  0.000000  0.000000  0.000000  -41.284263  23.607605  32.857143  58.648023  -0.455798  1.805182  3.058336  54.321021  -23.150571  32.353109  117.635571
0.706848  0.000000  0.000000  0.000000  -41.284263  23.607605  37.142857  58.558888  -4.114472  -0.428893  3.058336  54.321021  -23.150571  32.353109  117.635571
0.707104  0.000000  0.000000  0.000000  -41.284263  23.607605  41.428571  58.325382  -7.766854  -2.683595  3.058336  54.321021  -23.150571  32.353109  117.635571
0.707361  0.000000  0.000000  0.000000  -41.284263  23.607605  45.714286  57.943049  -11.407150  -4.977819  3.058336  54.321021  -23.150571  32.353109  117.635571
0.707617  0.000000  0.000000  0.000000  -41.284263  23.607605  50.000000  57.404505  -15.029175  -7.331544  3.058336  54.321021  -23.150571  32.353109  117.635571
0.707874  0.000000  0.000000  0.000000  -29.432062  1.419792  -10.000000  75.283745  48.376449  14.627871  -0.684327  58.804629  13.733021  30.496737  120.624619
0.708130  0.000000  0.000000  0.000000  -29.432062  1.419792  -5.714286  76.381871  44.220772  13.109959  -0.684327  58.804629  13.733021  30.496737  120.624619
0.708387  0.000000  0.000000  0.000000  -29.432062  1.419792  -1.428571  77.266051  40.047657  11.792904  -0.684327  58.804629  13.733021  30.496737  120.624619
0.708643  0.000000  0.000000  0.000000  -29.432062  1.419792  2.857143  77.982830  35.861356  10.628276  -0.684327  58.804629  13.733021  30.496737  120.624619
0.708900  0.000000  0.000000  0.000000  -29.432062  1.419792  7.142857  78.565346  31.664950  9.580841  -0.684327  58.804629  13.733021  30.496737  120.624619
0.709156  0.000000  0.000000  0.000000  -29.432062  1.419792  11.428571  79.037703  27.460718  8.624136  -0.684327  58.804629  13.733021  30.496737  120.624619
0.709413  0.000000  0.000000  0.000000  -29.432062  1.419792  15.714286  79.417485  23.250451  7.737903  -0.684327  58.804629  13.733021  30.496737  120.624619
0.709669  0.000000  0.000000  0.000000  -29.432062  1.419792  20.000000  79.717735  19.035491  6.906047  -0.684327  58.804629  13.733021  30.496737  120.624619
0.709926  0.000000  0.000000  0.000000  -29.432062  1.419792  24.285714  79.948065  14.817003  6.115463  -0.684327  58.804629  13.733021  30.496737  120.624619
0.710182  0.000000  0.000000  0.000000  -29.432062  1.419792  28.571429  80.115421  10.595925  5.355136  -0.684327  58.804629  13.733021  30.496737  120.624619
0.710439  0.000000  0.000000  0.000000  -29.432062  1.419792  32.857143  80.224620  6.373072  4.615527  -0.684327  58.804629  13.733021  30.496737  120.624619
0.710695  0.000000  0.000000  0.000000  -29.432062  1.419792  37.142857  80.278704  2.149180  3.888021  -0.684327  58.804629  13.733021  30.496737  120.624619
0.710952  0.000000  0.000000  0.000000  -29.432062  1.419792  41.428571  80.279182  -2.075052  3.164535  -0.684327  58.804629  13.733021  30.496737  120.624619
0.711208  0.000000  0.000000  0.000000  -29.432062  1.419792  45.714286  80.226037  -6.298953  2.437165  -0.684327  58.804629  13.733021  30.496737  120.624619
0.711464  0.000000  0.000000  0.000000  -29.432062  1.419792  50.000000  80.117827  -10.521831  1.697842  -0.684327  58.804629  13.733021  30.496737  120.624619
0.711721  0.000000  0.000000  0.000000  -28.643802  3.603279  -10.000000  76.631170  49.549667  16.557301  11.568574  37.053275  0.165195  19.678757  120.166018
0.711977  0.000000  0.000000  0.000000  -28.643802  3.603279  -5.714286  77.670323  45.371006  15.147923  11.568574  37.053275  0.165195  19.678757  120.166018
0.712234  0.000000  0.000000  0.000000  -28.643802  3.603279  -1.428571  78.503652  41.177403  13.933094  11.568574  37.053275  0.165195  19.678757  120.166018
0.712490  0.000000  0.000000  0.000000  -28.643802  3.603279  2.857143  79.177450  36.972575  12.864882  11.568574  37.053275  0.165195  19.678757  120.166018
0.712747  0.000000  0.000000  0.000000  -28.643802  3.603279  7.142857  79.724360  32.759184  11.908825  11.568574  37.053275  0.165195  19.678757  120.166018
0.713003  0.000000  0.000000  0.000000  -28.643802  3.603279  11.428571  80.167916  28.539187  11.039348  11.568574  37.053275  0.165195  19.678757  120.166018
0.713260  0.000000  0.000000  0.000000  -28.643802  3.603279  15.714286  80.525252  24.314095  10.237003  11.568574  37.053275  0.165195  19.678757  120.166018
0.713516  0.000000  0.000000  0.000000  -28.643802  3.603279  20.000000  80.809003  20.085034  9.486519  11.568574  37.053275  0.165195  19.678757  120.166018
0.713773  0.000000  0.000000  0.000000  -28.643802  3.603279  24.285714  81.028485  15.852980  8.775565  11.568574  37.053275  0.165195  19.678757  120.166018
0.714029  0.000000  0.000000  0.000000  -28.643802  3.603279  28.571429  81.190465  11.618707  8.093869  11.568574  37.053275  0.165195  19.678757  120.166018
0.714286  0.000000  0.000000  0.000000  -28.643802  3.603279  32.857143  81.299687  7.382881  7.432624  11.568574  37.053275  0.165195  19.678757  120.166018
0.714542  0.000000  0.000000  0.000000  -28.643802  3.603279  37.142857  81.359245  3.146100  6.783954  11.568574  37.053275  0.165195  19.678757  120.166018
0.714799  0.000000  0.000000  0.000000  -28.643802  3.603279  41.428571  81.370791  -1.091086  6.140545  11.568574  37.053275  0.165195  19.678757  120.166018
0.715055  0.000000  0.000000  0.000000  -28.643802  3.603279  45.714286  81.334641  -5.328121  5.495317  11.568574  37.053275  0.165195  19.678757  120.166018
0.715312  0.000000  0.000000  0.000000  -28.643802  3.603279  50.000000  81.249799  -9.564481  4.841111  11.568574  37.053275  0.165195  19.678757  120.166018
0.715568  0.000000  0.000000  0.000000  -42.653668  12.631570  -10.000000  65.109124  43.845795  20.777356  -10.148514  49.034541  -22.071843  19.290314  126.852262
0.715825  0.000000  0.000000  0.000000  -42.653668  12.631570  -5.714286  66.679837  39.933145  18.426471  -10.148514  49.034541  -22.071843  19.290314  126.852262
0.716081  0.000000  0.000000  0.000000  -42.653668  12.631570  -1.428571  67.969240  35.978177  16.331449  -10.148514  49.034541  -22.071843  19.290314  126.852262
0.716338  0.000000  0.000000  0.000000  -42.653668  12.631570  2.857143  69.028634  31.990282  14.437437  -10.148514  49.034541  -22.071843  19.290314  126.852262
0.716594  0.000000  0.000000  0.000000  -42.653668  12.631570  7.142857  69.896517  27.976611  12.701958  -10.148514  49.034541  -22.071843  19.290314  126.852262
0.716850  0.000000  0.000000  0.000000  -42.653668  12.631570  11.428571  70.601958  23.942727  11.091491  -10.148514  49.034541  -22.071843  19.290314  126.852262
0.717107  0.000000  0.000000  0.000000  -42.653668  12.631570  15.714286  71.166920  19.893075  9.578992  -10.148514  49.034541  -22.071843  19.290314  126.852262
0.717363  0.000000  0.000000  0.000000  -42.653668  12.631570  20.000000  71.607932  15.831282  8.142164  -10.148514  49.034541  -22.071843  19.290314  126.852262
0.717620  0.000000  0.000000  0.000000  -42.653668  12.631570  24.285714  71.937254  11.760417  6.762097  -10.148514  49.034541  -22.071843  19.290314  126.852262
0.717876  0.000000  0.000000  0.000000  -42.653668  12.631570  28.571429  72.163640  7.683108  5.422365  -10.148514  49.034541  -22.071843  19.290314  126.852262
0.718133  0.000000  0.000000  0.000000  -42.653668  12.631570  32.857143  72.292936  3.601724  4.108168  -10.148514  49.034541  -22.071843  19.290314  126.852262
0.718389  0.000000  0.000000  0.000000  -42.653668  12.631570  37.142857  72.328423  -0.481532  2.805722  -10.148514  49.034541  -22.071843  19.290314  126.852262
0.718646  0.000000  0.000000  0.000000  -42.653668  12.631570  41.428571  72.270980  -4.564531  1.501714  -10.148514  49.034541  -22.071843  19.290314  126.852262
0.718902  0.000000  0.000000  0.000000  -42.653668  12.631570  45.714286  72.119163  -8.645149  0.182748  -10.148514  49.034541  -22.071843  19.290314  126.852262
0.719159  0.000000  0.000000  0.000000  -42.653668  12.631570  50.000000  71.869138  -12.721167  -1.165095  -10.148514  49.034541  -22.071843  19.290314  126.852262
0.719415  0.000000  0.000000  0.000000  -21.018147  -3.253670  -10.000000  78.162385  43.781219  3.128499  11.940161  46.361038  7.884903  33.043409  117.357656
0.719672  0.000000  0.000000  0.000000  -21.018147  -3.253670  -5.714286  78.920795  39.580754  1.988791  11.940161  46.361038  7.884903  33.043409  117.357656
0.719928  0.000000  0.000000  0.000000  -21.018147  -3.253670  -1.428571  79.535172  35.370431  0.979700  11.940161  46.361038  7.884903  33.043409  117.357656
0.720185  0.000000  0.000000  0.000000  -21.018147  -3.253670  2.857143  80.033953  31.152552  0.070915  11.940161  46.361038  7.884903  33.043409  117.357656
0.720441  0.000000  0.000000  0.000000  -21.018147  -3.253670  7.142857  80.437705  26.928837  -0.760247  11.940161  46.361038  7.884903  33.043409  117.357656
0.720698  0.000000  0.000000  0.000000  -21.018147  -3.253670  11.428571  80.761510  22.700607  -1.531267  11.940161  46.361038  7.884903  33.043409  117.357656
0.720954  0.000000  0.000000  0.000000  -21.018147  -3.253670  15.714286  81.016513  18.468905  -2.256027  11.940161  46.361038  7.884903  33.043409  117.357656
0.721211  0.000000  0.000000  0.000000  -21.018147  -3.253670  20.000000  81.210843  14.234577  -2.945808  11.940161  46.361038  7.884903  33.043409  117.357656
0.721467  0.000000  0.000000  0.000000  -21.018147  -3.253670  24.285714  81.350387  9.998346  -3.610156  11.940161  46.361038  7.884903  33.043409  117.357656
0.721724  0.000000  0.000000  0.000000  -21.018147  -3.253670  28.571429  81.439176  5.760832  -4.257373  11.940161  46.361038  7.884903  33.043409  117.357656
0.721980  0.000000  0.000000  0.000000  -21.018147  -3.253670  32.857143  81.479714  1.522605  -4.894984  11.940161  46.361038  7.884903  33.043409  117.357656
0.722236  0.000000  0.000000  0.000000  -21.018147  -3.253670  37.142857  81.473086  -2.715823  -5.530089  11.940161  46.361038  7.884903  33.043409  117.357656
0.722493  0.000000  0.000000  0.000000  -21.018147  -3.253670  41.428571  81.419141  -6.953908  -6.169676  11.940161  46.361038  7.884903  33.043409  117.357656
0.722749  0.000000  0.000000  0.000000  -21.018147  -3.253670  45.714286  81.316378  -11.191121  -6.820926  11.940161  46.361038  7.884903  33.043409  117.357656
0.723006  0.000000  0.000000  0.000000  -21.018147  -3.253670  50.000000  81.161891  -15.426883  -7.491551  11.940161  46.361038  7.884903  33.043409  117.357656
0.723262  0.000000  0.000000  0.000000  -28.143884  16.825310  -10.000000  52.293876  29.931415  19.429036  5.817643  58.598519  2.344034  24.313586  129.160176
0.723519  0.000000  0.000000  0.000000  -28.143884  16.825310  -5.714286  53.679103  26.508472  16.501354  5.817643  58.598519  2.344034  24.313586  129.160176
0.723775  0.000000  0.000000  0.000000  -28.143884  16.825310  -1.428571  54.834792  23.029264  13.744582  5.817643  58.598519  2.344034  24.313586  129.160176
0.724032  0.000000  0.000000  0.000000  -28.143884  16.825310  2.857143  55.784624  19.504720  11.127541  5.817643  58.598519  2.344034  24.313586  129.160176
0.724288  0.000000  0.000000  0.000000  -28.143884  16.825310  7.142857  56.547647  15.944176  8.622788  5.817643  58.598519  2.344034  24.313586  129.160176
0.724545  0.000000  0.000000  0.000000  -28.143884  16.825310  11.428571  57.138871  12.355726  6.205834  5.817643  58.598519  2.344034  24.313586  129.160176
0.724801  0.000000  0.000000  0.000000  -28.143884  16.825310  15.714286  57.569690  8.746543  3.854560  5.817643  58.598519  2.344034  24.313586  129.160176
0.725058  0.000000  0.000000  0.000000  -28.143884  16.825310  20.000000  57.848297  5.123137  1.548557  5.817643  58.598519  2.344034  24.313586  129.160176
0.725314  0.000000  0.000000  0.000000  -28.143884  16.825310  24.285714  57.979912  1.491577  -0.731389  5.817643  58.598519  2.344034  24.313586  129.160176
0.725571  0.000000  0.000000  0.000000  -28.143884  16.825310  28.571429  57.966999  -2.142338  -3.003810  5.817643  58.598519  2.344034  24.313586  129.160176
0.725827  0.000000  0.000000  0.000000  -28.143884  16.825310  32.857143  57.809314  -5.772871  -5.287048  5.817643  58.598519  2.344034  24.313586  129.160176
0.726084  0.000000  0.000000  0.000000  -28.143884  16.825310  37.142857  57.503909  -9.394178  -7.599732  5.817643  58.598519  2.344034  24.313586  129.160176
0.726340  0.000000  0.000000  0.000000  -28.143884  16.825310  41.428571  57.045056  -13.000146  -9.961218  5.817643  58.598519  2.344034  24.313586  129.160176
0.726597  0.000000  0.000000  0.000000  -28.143884  16.825310  45.714286  56.424000  -16.584151  -12.392208  5.817643  58.598519  2.344034  24.313586  129.160176
0.726853  0.000000  0.000000  0.000000  -28.143884  16.825310  50.000000  55.628728  -20.138878  -14.915198  5.817643  58.598519  2.344034  24.313586  129.160176
0.727110  0.000000  0.000000  0.000000  -37.644814  -5.533980  -10.000000  80.989228  48.902332  -2.283801  3.352821  55.435339  -12.931001  24.276765  112.386416
0.727366  0.000000  0.000000  0.000000  -37.644814  -5.533980  -5.714286  81.676892  44.665441  -3.226727  3.352821  55.435339  -12.931001  24.276765  112.386416
0.727622  0.000000  0.000000  0.000000  -37.644814  -5.533980  -1.428571  82.227778  40.421848  -4.040910  3.352821  55.435339  -12.931001  24.276765  112.386416
0.727879  0.000000  0.000000  0.000000  -37.644814  -5.533980  2.857143  82.672647  36.173211  -4.758232  3.352821  55.435339  -12.931001  24.276765  112.386416
0.728135  0.000000  0.000000  0.000000  -37.644814  -5.533980  7.142857  83.033105  31.920746  -5.401612  3.352821  55.435339  -12.931001  24.276765  112.386416
0.728392  0.000000  0.000000  0.000000  -37.644814  -5.533980  11.428571  83.324663  27.665327  -5.988005  3.352821  55.435339  -12.931001  24.276765  112.386416
0.728648  0.000000  0.000000  0.000000  -37.644814  -5.533980  15.714286  83.558647  23.407621  -6.530383  3.352821  55.435339  -12.931001  24.276765  112.386416
0.728905  0.000000  0.000000  0.000000  -37.644814  -5.533980  20.000000  83.743304  19.148162  -7.038872  3.352821  55.435339  -12.931001  24.276765  112.386416
0.729161  0.000000  0.000000  0.000000  -37.644814  -5.533980  24.285714  83.884716  14.887376  -7.521720  3.352821  55.435339  -12.931001  24.276765  112.386416
0.729418  0.000000  0.000000  0.000000  -37.644814  -5.533980  28.571429  83.987260  10.625633  -7.985815  3.352821  55.435339  -12.931001  24.276765  112.386416
0.729674  0.000000  0.000000  0.000000  -37.644814  -5.533980  32.857143  84.053972  6.363199  -8.437106  3.352821  55.435339  -12.931001  24.276765  112.386416
0.729931  0.000000  0.000000  0.000000  -37.644814  -5.533980  37.142857  84.086744  2.100392  -8.880958  3.352821  55.435339  -12.931001  24.276765  112.386416
0.730187  0.000000  0.000000  0.000000  -37.644814  -5.533980  41.428571  84.086508  -2.162536  -9.322391  3.352821  55.435339  -12.931001  24.276765  112.386416
0.730444  0.000000  0.000000  0.000000  -37.644814  -5.533980  45.714286  84.053247  -6.425337  -9.766316  3.352821  55.435339  -12.931001  24.276765  112.386416
0.730700  0.000000  0.000000  0.000000  -37.644814  -5.533980  50.000000  83.986032  -10.687749  -10.217756  3.352821  55.435339  -12.931001  24.276765  112.386416
0.730957  0.000000  0.000000  0.000000  -37.878797  11.162290  -10.000000  54.363603  45.265575  20.019132  -19.717752  57.691677  12.921313  33.035452  112.140157
0.731213  0.000000  0.000000  0.000000  -37.878797  11.162290  -5.714286  56.667386  41.731704  16.674338  -19.717752  57.691677  12.921313  33.035452  112.140157
0.731470  0.000000  0.000000  0.000000  -37.878797  11.162290  -1.428571  58.588443  38.111047  13.682705  -19.717752  57.691677  12.921313  33.035452  112.140157
0.731726  0.000000  0.000000  0.000000  -37.878797  11.162290  2.857143  60.190322  34.421753  10.976455  -19.717752  57.691677  12.921313  33.035452  112.140157
0.731983  0.000000  0.000000  0.000000  -37.878797  11.162290  7.142857  61.523173  30.677931  8.500783  -19.717752  57.691677  12.921313  33.035452  112.140157
0.732239  0.000000  0.000000  0.000000  -37.878797  11.162290  11.428571  62.626380  26.890676  6.211133  -19.717752  57.691677  12.921313  33.035452  112.140157
0.732496  0.000000  0.000000  0.000000  -37.878797  11.162290  15.714286  63.530821  23.068927  4.070827  -19.717752  57.691677  12.921313  33.035452  112.140157
0.732752  0.000000  0.000000  0.000000  -37.878797  11.162290  20.000000  64.260514  19.219954  2.049307  -19.717752  57.691677  12.921313  33.035452  112.140157
0.733008  0.000000  0.000000  0.000000  -37.878797  11.162290  24.285714  64.833912  15.349832  0.120708  -19.717752  57.691677  12.921313  33.035452  112.140157
0.733265  0.000000  0.000000  0.000000  -37.878797  11.162290  28.571429  65.265038  11.463744  -1.737460  -19.717752  57.691677  12.921313  33.035452  112.140157
0.733521  0.000000  0.000000  0.000000  -37.878797  11.162290  32.857143  65.564039  7.566238  -3.545055  -19.717752  57.691677  12.921313  33.035452  112.140157
0.733778  0.000000  0.000000  0.000000  -37.878797  11.162290  37.142857  65.737802  3.661423  -5.320206  -19.717752  57.691677  12.921313  33.035452  112.140157
0.734034  0.000000  0.000000  0.000000  -37.878797  11.162290  41.428571  65.790265  -0.246868  -7.079911  -19.717752  57.691677  12.921313  33.035452  112.140157
0.734291  0.000000  0.000000  0.000000  -37.878797  11.162290  45.714286  65.722600  -4.154925  -8.840653  -19.717752  57.691677  12.921313  33.035452  112.140157
0.734547  0.000000  0.000000  0.000000  -37.878797  11.162290  50.000000  65.533292  -8.059032  -10.618953  -19.717752  57.691677  12.921313  33.035452  112.140157
0.734804  0.000000  0.000000  0.000000  -30.764736  10.477067  -10.000000  56.809007  39.148071  17.893037  -18.528917  50.446536  -1.073302  27.642846  125.480466
0.735060  0.000000  0.000000  0.000000  -30.764736  10.477067  -5.714286  58.557585  35.525286  15.011783  -18.528917  50.446536  -1.073302  27.642846  125.480466
0.735317  0.000000  0.000000  0.000000  -30.764736  10.477067  -1.428571  60.017127  31.839945  12.381722  -18.528917  50.446536  -1.073302  27.642846  125.480466
0.735573  0.000000  0.000000  0.000000  -30.764736  10.477067  2.857143  61.230151  28.104680  9.955200  -18.528917  50.446536  -1.073302  27.642846  125.480466
0.735830  0.000000  0.000000  0.000000  -30.764736  10.477067  7.142857  62.230173  24.329596  7.693015  -18.528917  50.446536  -1.073302  27.642846  125.480466
0.736086  0.000000  0.000000  0.000000  -30.764736  10.477067  11.428571  63.043517  20.522932  5.562393  -18.528917  50.446536  -1.073302  27.642846  125.480466
0.736343  0.000000  0.000000  0.000000  -30.764736  10.477067  15.714286  63.690656  16.691533  3.535609  -18.528917  50.446536  -1.073302  27.642846  125.480466
0.736599  0.000000  0.000000  0.000000  -30.764736  10.477067  20.000000  64.187162  12.841175  1.588837  -18.528917  50.446536  -1.073302  27.642846  125.480466
0.736856  0.000000  0.000000  0.000000  -30.764736  10.477067  24.285714  64.544675  8.976925  -0.299026  -18.528917  50.446536  -1.073302  27.642846  125.480466
0.737112  0.000000  0.000000  0.000000  -30.764736  10.477067  28.571429  64.771316  5.103291  -2.146982  -18.528917  50.446536  -1.073302  27.642846  125.480466
0.737369  0.000000  0.000000  0.000000  -30.764736  10.477067  32.857143  64.872146  1.224438  -3.972714  -18.528917  50.446536  -1.073302  27.642846  125.480466
0.737625  0.000000  0.000000  0.000000  -30.764736  10.477067  37.142857  64.849396  -2.655651  -5.793163  -18.528917  50.446536  -1.073302  27.642846  125.480466
0.737882  0.000000  0.000000  0.000000  -30.764736  10.477067  41.428571  64.702561  -6.533046  -7.625096  -18.528917  50.446536  -1.073302  27.642846  125.480466
0.738138  0.000000  0.000000  0.000000  -30.764736  10.477067  45.714286  64.428389  -10.403718  -9.485658  -18.528917  50.446536  -1.073302  27.642846  125.480466
0.738394  0.000000  0.000000  0.000000  -30.764736  10.477067  50.000000  64.020719  -14.263391  -11.392951  -18.528917  50.446536  -1.073302  27.642846  125.480466
0.738651  0.000000  0.000000  0.000000  -34.209543  9.531247  -10.000000  60.655991  36.357036  14.067688  3.873198  35.735284  14.641510  18.531473  112.364927
0.738907  0.000000  0.000000  0.000000  -34.209543  9.531247  -5.714286  62.067135  32.594942  11.576381  3.873198  35.735284  14.641510  18.531473  112.364927
0.739164  0.000000  0.000000  0.000000  -34.209543  9.531247  -1.428571  63.236313  28.787669  9.287214  3.873198  35.735284  14.641510  18.531473  112.364927
0.739420  0.000000  0.000000  0.000000  -34.209543  9.531247  2.857143  64.198129  24.944525  7.160242  3.873198  35.735284  14.641510  18.531473  112.364927
0.739677  0.000000  0.000000  0.000000  -34.209543  9.531247  7.142857  64.979464  21.073027  5.162613  3.873198  35.735284  14.641510  18.531473  112.364927
0.739933  0.000000  0.000000  0.000000  -34.209543  9.531247  11.428571  65.601044  17.179351  3.266777  3.873198  35.735284  14.641510  18.531473  112.364927
0.740190  0.000000  0.000000  0.000000  -34.209543  9.531247  15.714286  66.078631  13.268700  1.449247  3.873198  35.735284  14.641510  18.531473  112.364927
0.740446  0.000000  0.000000  0.000000  -34.209543  9.531247  20.000000  66.423904  9.345589  -0.310559  3.873198  35.735284  14.641510  18.531473  112.364927
0.740703  0.000000  0.000000  0.000000  -34.209543  9.531247  24.285714  66.645038  5.414006  -2.031036  3.873198  35.735284  14.641510  18.531473  112.364927
0.740959  0.000000  0.000000  0.000000  -34.209543  9.531247  28.571429  66.747174  1.477633  -3.729235  3.873198  35.735284  14.641510  18.531473  112.364927
0.741216  0.000000  0.000000  0.000000  -34.209543  9.531247  32.857143  66.732658  -2.460031  -5.421416  3.873198  35.735284  14.641510  18.531473  112.364927
0.741472  0.000000  0.000000  0.000000  -34.209543  9.531247  37.142857  66.601156  -6.395540  -7.123633  3.873198  35.735284  14.641510  18.531473  112.364927
0.741729  0.000000  0.000000  0.000000  -34.209543  9.531247  41.428571  66.349644  -10.325365  -8.852280  3.873198  35.735284  14.641510  18.531473  112.364927
0.741985  0.000000  0.000000  0.000000  -34.209543  9.531247  45.714286  65.972254  -14.245761  -10.624687  3.873198  35.735284  14.641510  18.531473  112.364927
0.742242  0.000000  0.000000  0.000000  -34.209543  9.531247  50.000000  65.459977  -18.152617  -12.459742  3.873198  35.735284  14.641510  18.531473  112.364927
0.742498  0.000000  0.000000  0.000000  -21.302067  15.413568  -10.000000  57.184125  26.004286  16.986834  14.882935  40.378489  -8.827861  32.692918  112.243310
0.742755  0.000000  0.000000  0.000000  -21.302067  15.413568  -5.714286  58.213506  22.381154  14.476556  14.882935  40.378489  -8.827861  32.692918  112.243310
0.743011  0.000000  0.000000  0.000000  -21.302067  15.413568  -1.428571  59.050277  18.721274  12.094445  14.882935  40.378489  -8.827861  32.692918  112.243310
0.743268  0.000000  0.000000  0.000000  -21.302067  15.413568  2.857143  59.712795  15.032576  9.813795  14.882935  40.378489  -8.827861  32.692918  112.243310
0.743524  0.000000  0.000000  0.000000  -21.302067  15.413568  7.142857  60.215275  11.321915  7.610990  14.882935  40.378489  -8.827861  32.692918  112.243310
0.743780  0.000000  0.000000  0.000000  -21.302067  15.413568  11.428571  60.568220  7.595387  5.464743  14.882935  40.378489  -8.827861  32.692918  112.243310
0.744037  0.000000  0.000000  0.000000  -21.302067  15.413568  15.714286  60.778818  3.858481  3.355499  14.882935  40.378489  -8.827861  32.692918  112.243310
0.744293  0.000000  0.000000  0.000000  -21.302067  15.413568  20.000000  60.851381  0.116423  1.264778  14.882935  40.378489  -8.827861  32.692918  112.243310
0.744550  0.000000  0.000000  0.000000  -21.302067  15.413568  24.285714  60.787336  -3.625798  -0.825398  14.882935  40.378489  -8.827861  32.692918  112.243310
0.744806  0.000000  0.000000  0.000000  -21.302067  15.413568  28.571429  60.585409  -7.363161  -2.932954  14.882935  40.378489  -8.827861  32.692918  112.243310
0.745063  0.000000  0.000000  0.000000  -21.302067  15.413568  32.857143  60.241512  -11.090506  -5.076334  14.882935  40.378489  -8.827861  32.692918  112.243310
0.745319  0.000000  0.000000  0.000000  -21.302067  15.413568  37.142857  59.748589  -14.802320  -7.275031  14.882935  40.378489  -8.827861  32.692918  112.243310
0.745576  0.000000  0.000000  0.000000  -21.302067  15.413568  41.428571  59.096392  -18.492581  -9.550188  14.882935  40.378489  -8.827861  32.692918  112.243310
0.745832  0.000000  0.000000  0.000000  -21.302067  15.413568  45.714286  58.270963  -22.154469  -11.925237  14.882935  40.378489  -8.827861  32.692918  112.243310
0.746089  0.000000  0.000000  0.000000  -21.302067  15.413568  50.000000  57.254192  -25.780143  -14.426691  14.882935  40.378489  -8.827861  32.692918  112.243310
0.746345  0.000000  0.000000  0.000000  -41.017726  1.354667  -10.000000  72.890153  47.450411  5.186346  -18.048838  45.685623  -20.612294  26.341217  111.405987
0.746602  0.000000  0.000000  0.000000  -41.017726  1.354667  -5.714286  74.124357  43.340631  3.454012  -18.048838  45.685623  -20.612294  26.341217  111.405987
0.746858  0.000000  0.000000  0.000000  -41.017726  1.354667  -1.428571  75.122298  39.208039  1.942246  -18.048838  45.685623  -20.612294  26.341217  111.405987
0.747115  0.000000  0.000000  0.000000  -41.017726  1.354667  2.857143  75.933661  35.058089  0.599107  -18.048838  45.685623  -20.612294  26.341217  111.405987
0.747371  0.000000  0.000000  0.000000  -41.017726  1.354667  7.142857  76.594252  30.894764  -0.613715  -18.048838  45.685623  -20.612294  26.341217  111.405987
0.747628  0.000000  0.000000  0.000000  -41.017726  1.354667  11.428571  77.130203  26.721077  -1.725171  -18.048838  45.685623  -20.612294  26.341217  111.405987
0.747884  0.000000  0.000000  0.000000  -41.017726  1.354667  15.714286  77.560856  22.539347  -2.757793  -18.048838  45.685623  -20.612294  26.341217  111.405987
0.748141  0.000000  0.000000  0.000000  -41.017726  1.354667  20.000000  77.900535  18.351409  -3.729546  -18.048838  45.685623  -20.612294  26.341217  111.405987
0.748397  0.000000  0.000000  0.000000  -41.017726  1.354667  24.285714  78.159814  14.158783  -4.655187  -18.048838  45.685623  -20.612294  26.341217  111.405987
0.748654  0.000000  0.000000  0.000000  -41.017726  1.354667  28.571429  78.346334  9.962744  -5.547217  -18.048838  45.685623  -20.612294  26.341217  111.405987
0.748910  0.000000  0.000000  0.000000  -41.017726  1.354667  32.857143  78.465351  5.764395  -6.416534  -18.048838  45.685623  -20.612294  26.341217  111.405987
0.749166  0.000000  0.000000  0.000000  -41.017726  1.354667  37.142857  78.520133  1.564749  -7.273059  -18.048838  45.685623  -20.612294  26.341217  111.405987
0.749423  0.000000  0.000000  0.000000  -41.017726  1.354667  41.428571  78.512162  -2.635250  -8.126155  -18.048838  45.685623  -20.612294  26.341217  111.405987
0.749679  0.000000  0.000000  0.000000  -41.017726  1.354667  45.714286  78.441213  -6.834655  -8.985040  -18.048838  45.685623  -20.612294  26.341217  111.405987
0.749936  0.000000  0.000000  0.000000  -41.017726  1.354667  50.000000  78.305376  -11.032515  -9.859169  -18.048838  45.685623  -20.612294  26.341217  111.405987
0.750192  0.000000  0.000000  0.000000  -29.953016  22.117628  -10.000000  55.840965  24.445003  20.013850  10.669368  42.595376  -12.040949  26.037900  118.101921
0.750449  0.000000  0.000000  0.000000  -29.953016  22.117628  -5.714286  56.833280  20.877300  17.439900  10.669368  42.595376  -12.040949  26.037900  118.101921
0.750705  0.000000  0.000000  0.000000  -29.953016  22.117628  -1.428571  57.635726  17.272891  14.986081  10.669368  42.595376  -12.040949  26.037900  118.101921
0.750962  0.000000  0.000000  0.000000  -29.953016  22.117628  2.857143  58.264835  13.639840  12.626904  10.669368  42.595376  -12.040949  26.037900  118.101921
0.751218  0.000000  0.000000  0.000000  -29.953016  22.117628  7.142857  58.733390  9.985207  10.339506  10.669368  42.595376  -12.040949  26.037900  118.101921
0.751475  0.000000  0.000000  0.000000  -29.953016  22.117628  11.428571  59.050657  6.315331  8.103059  10.669368  42.595376  -12.040949  26.037900  118.101921
0.751731  0.000000  0.000000  0.000000  -29.953016  22.117628  15.714286  59.222825  2.636044  5.898180  10.669368  42.595376  -12.040949  26.037900  118.101921
0.751988  0.000000  0.000000  0.000000  -29.953016  22.117628  20.000000  59.253238  -1.047118  3.706321  10.669368  42.595376  -12.040949  26.037900  118.101921
0.752244  0.000000  0.000000  0.000000  -29.953016  22.117628  24.285714  59.142466  -4.728748  1.509305  10.669368  42.595376  -12.040949  26.037900  118.101921
0.752501  0.000000  0.000000  0.000000  -29.953016  22.117628  28.571429  58.888400  -8.403374  -0.711206  10.669368  42.595376  -12.040949  26.037900  118.101921
0.752757  0.000000  0.000000  0.000000  -29.953016  22.117628  32.857143  58.486075  -12.065330  -2.974160  10.669368  42.595376  -12.040949  26.037900  118.101921
0.753014  0.000000  0.000000  0.000000  -29.953016  22.117628  37.142857  57.927586  -15.708511  -5.299704  10.669368  42.595376  -12.040949  26.037900  118.101921
0.753270  0.000000  0.000000  0.000000  -29.953016  22.117628  41.428571  57.201708  -19.326199  -7.709739  10.669368  42.595376  -12.040949  26.037900  118.101921
0.753527  0.000000  0.000000  0.000000  -29.953016  22.117628  45.714286  56.293624  -22.910803  -10.228522  10.669368  42.595376  -12.040949  26.037900  118.101921
0.753783  0.000000  0.000000  0.000000  -29.953016  22.117628  50.000000  55.184283  -26.453556  -12.883438  10.669368  42.595376  -12.040949  26.037900  118.101921
0.754039  0.000000  0.000000  0.000000  -39.414177  7.494421  -10.000000  56.798222  33.780159  5.604486  5.379739  28.580228  12.200838  19.742950  125.815837
0.754296  0.000000  0.000000  0.000000  -39.414177  7.494421  -5.714286  58.235611  30.164163  2.891622  5.379739  28.580228  12.200838  19.742950  125.815837
0.754552  0.000000  0.000000  0.000000  -39.414177  7.494421  -1.428571  59.431940  26.496362  0.372268  5.379739  28.580228  12.200838  19.742950  125.815837
0.754809  0.000000  0.000000  0.000000  -39.414177  7.494421  2.857143  60.417613  22.787069  -1.990266  5.379739  28.580228  12.200838  19.742950  125.815837
0.755065  0.000000  0.000000  0.000000  -39.414177  7.494421  7.142857  61.216639  19.044845  -4.227005  5.379739  28.580228  12.200838  19.742950  125.815837
0.755322  0.000000  0.000000  0.000000  -39.414177  7.494421  11.428571  61.847773  15.276875  -6.364655  5.379739  28.580228  12.200838  19.742950  125.815837
0.755578  0.000000  0.000000  0.000000  -39.414177  7.494421  15.714286  62.325343  11.489364  -8.426600  5.379739  28.580228  12.200838  19.742950  125.815837
0.755835  0.000000  0.000000  0.000000  -39.414177  7.494421  20.000000  62.659885  7.687750  -10.433693  5.379739  28.580228  12.200838  19.742950  125.815837
0.756091  0.000000  0.000000  0.000000  -39.414177  7.494421  24.285714  62.858632  3.876981  -12.405064  5.379739  28.580228  12.200838  19.742950  125.815837
0.756348  0.000000  0.000000  0.000000  -39.414177  7.494421  28.571429  62.925810  0.061682  -14.358709  5.379739  28.580228  12.200838  19.742950  125.815837
0.756604  0.000000  0.000000  0.000000  -39.414177  7.494421  32.857143  62.862836  -3.753693  -16.312072  5.379739  28.580228  12.200838  19.742950  125.815837
0.756861  0.000000  0.000000  0.000000  -39.414177  7.494421  37.142857  62.668403  -7.564679  -18.282601  5.379739  28.580228  12.200838  19.742950  125.815837
0.757117  0.000000  0.000000  0.000000  -39.414177  7.494421  41.428571  62.338348  -11.366665  -20.288244  5.379739  28.580228  12.200838  19.742950  125.815837
0.757374  0.000000  0.000000  0.000000  -39.414177  7.494421  45.714286  61.865549  -15.154720  -22.348092  5.379739  28.580228  12.200838  19.742950  125.815837
0.757630  0.000000  0.000000  0.000000  -39.414177  7.494421  50.000000  61.239579  -18.923407  -24.482954  5.379739  28.580228  12.200838  19.742950  125.815837
0.757887  0.000000  0.000000  0.000000  -40.333782  12.156163  -10.000000  59.747937  26.047279  13.479351  7.155299  37.593751  6.039136  34.896266  126.751335
0.758143  0.000000  0.000000  0.000000  -40.333782  12.156163  -5.714286  60.704274  22.326753  11.146727  7.155299  37.593751  6.039136  34.896266  126.751335
0.758400  0.000000  0.000000  0.000000  -40.333782  12.156163  -1.428571  61.477224  18.574608  8.935930  7.155299  37.593751  6.039136  34.896266  126.751335
0.758656  0.000000  0.000000  0.000000  -40.333782  12.156163  2.857143  62.084935  14.797812  6.820759  7.155299  37.593751  6.039136  34.896266  126.751335
0.758913  0.000000  0.000000  0.000000  -40.333782  12.156163  7.142857  62.541224  11.002401  4.778260  7.155299  37.593751  6.039136  34.896266  126.751335
0.759169  0.000000  0.000000  0.000000  -40.333782  12.156163  11.428571  62.856170  7.193703  2.787842  7.155299  37.593751  6.039136  34.896266  126.751335
0.759425  0.000000  0.000000  0.000000  -40.333782  12.156163  15.714286  63.036567  3.376552  0.830633  7.155299  37.593751  6.039136  34.896266  126.751335
0.759682  0.000000  0.000000  0.000000  -40.333782  12.156163  20.000000  63.086281  -0.444497  -1.111220  7.155299  37.593751  6.039136  34.896266  126.751335
0.759938  0.000000  0.000000  0.000000  -40.333782  12.156163  24.285714  63.006355  -4.265037  -3.055085  7.155299  37.593751  6.039136  34.896266  126.751335
0.760195  0.000000  0.000000  0.000000  -40.333782  12.156163  28.571429  62.795112  -8.080632  -5.018400  7.155299  37.593751  6.039136  34.896266  126.751335
0.760451  0.000000  0.000000  0.000000  -40.333782  12.156163  32.857143  62.448016  -11.886691  -7.019188  7.155299  37.593751  6.039136  34.896266  126.751335
0.760708  0.000000  0.000000  0.000000  -40.333782  12.156163  37.142857  61.957515  -15.678263  -9.076686  7.155299  37.593751  6.039136  34.896266  126.751335
0.760964  0.000000  0.000000  0.000000  -40.333782  12.156163  41.428571  61.312745  -19.449896  -11.211954  7.155299  37.593751  6.039136  34.896266  126.751335
0.761221  0.000000  0.000000  0.000000  -40.333782  12.156163  45.714286  60.498927  -23.195354  -13.448618  7.155299  37.593751  6.039136  34.896266  126.751335
0.761477  0.000000  0.000000  0.000000  -40.333782  12.156163  50.000000  59.496813  -26.907386  -15.813759  7.155299  37.593751  6.039136  34.896266  126.751335
0.761734  0.000000  0.000000  0.000000  -45.800592  7.602278  -10.000000  64.614891  46.298979  8.439714  -2.983501  33.675386  15.114711  27.194477  129.396552
0.761990  0.000000  0.000000  0.000000  -45.800592  7.602278  -5.714286  66.354106  42.398864  5.953291  -2.983501  33.675386  15.114711  27.194477  129.396552
0.762247  0.000000  0.000000  0.000000  -45.800592  7.602278  -1.428571  67.777388  38.451340  3.759870  -2.983501  33.675386  15.114711  27.194477  129.396552
0.762503  0.000000  0.000000  0.000000  -45.800592  7.602278  2.857143  68.945609  34.467196  1.795291  -2.983501  33.675386  15.114711  27.194477  129.396552
0.762760  0.000000  0.000000  0.000000  -45.800592  7.602278  7.142857  69.904148  30.454479  0.010594  -2.983501  33.675386  15.114711  27.194477  129.396552
0.763016  0.000000  0.000000  0.000000  -45.800592  7.602278  11.428571  70.687036  26.419406  -1.632356  -2.983501  33.675386  15.114711  27.194477  129.396552
0.763273  0.000000  0.000000  0.000000  -45.800592  7.602278  15.714286  71.319953  22.366836  -3.163826  -2.983501  33.675386  15.114711  27.194477  129.396552
0.763529  0.000000  0.000000  0.000000  -45.800592  7.602278  20.000000  71.822258  18.300675  -4.608391  -2.983501  33.675386  15.114711  27.194477  129.396552
0.763786  0.000000  0.000000  0.000000  -45.800592  7.602278  24.285714  72.208453  14.224163  -5.986528  -2.983501  33.675386  15.114711  27.194477  129.396552
0.764042  0.000000  0.000000  0.000000  -45.800592  7.602278  28.571429  72.489131  10.140033  -7.315715  -2.983501  33.675386  15.114711  27.194477  129.396552
0.764299  0.000000  0.000000  0.000000  -45.800592  7.602278  32.857143  72.671703  6.050694  -8.611346  -2.983501  33.675386  15.114711  27.194477  129.396552
0.764555  0.000000  0.000000  0.000000  -45.800592  7.602278  37.142857  72.760881  1.958328  -9.887491  -2.983501  33.675386  15.114711  27.194477  129.396552
0.764811  0.000000  0.000000  0.000000  -45.800592  7.602278  41.428571  72.758927  -2.135000  -11.157406  -2.983501  33.675386  15.114711  27.194477  129.396552
0.765068  0.000000  0.000000  0.000000  -45.800592  7.602278  45.714286  72.665777  -6.227276  -12.434117  -2.983501  33.675386  15.114711  27.194477  129.396552
0.765324  0.000000  0.000000  0.000000  -45.800592  7.602278  50.000000  72.479081  -10.316436  -13.730907  -2.983501  33.675386  15.114711  27.194477  129.396552
0.765581  0.000000  0.000000  0.000000  -39.117571  8.987532  -10.000000  58.568730  32.768248  9.650522  -4.340891  40.364797  -23.054967  24.461111  110.318924
0.765837  0.000000  0.000000  0.000000  -39.117571  8.987532  -5.714286  59.883127  29.085311  7.094675  -4.340891  40.364797  -23.054967  24.461111  110.318924
0.766094  0.000000  0.000000  0.000000  -39.117571  8.987532  -1.428571  60.971666  25.357303  4.716517  -4.340891  40.364797  -23.054967  24.461111  110.318924
0.766350  0.000000  0.000000  0.000000  -39.117571  8.987532  2.857143  61.862583  21.593392  2.481459  -4.340891  40.364797  -23.054967  24.461111  110.318924
0.766607  0.000000  0.000000  0.000000  -39.117571  8.987532  7.142857  62.578007  17.801166  0.360236  -4.340891  40.364797  -23.054967  24.461111  110.318924
0.766863  0.000000  0.000000  0.000000  -39.117571  8.987532  11.428571  63.135013  13.987036  -1.672347  -4.340891  40.364797  -23.054967  24.461111  110.318924
0.767120  0.000000  0.000000  0.000000  -39.117571  8.987532  15.714286  63.546456  10.156549  -3.638400  -4.340891  40.364797  -23.054967  24.461111  110.318924
0.767376  0.000000  0.000000  0.000000  -39.117571  8.987532  20.000000  63.821576  6.314631  -5.557788  -4.340891  40.364797  -23.054967  24.461111  110.318924
0.767633  0.000000  0.000000  0.000000  -39.117571  8.987532  24.285714  63.966419  2.465789  -7.448836  -4.340891  40.364797  -23.054967  24.461111  110.318924
0.767889  0.000000  0.000000  0.000000  -39.117571  8.987532  28.571429  63.984174  -1.385707  -9.328957  -4.340891  40.364797  -23.054967  24.461111  110.318924
0.768146  0.000000  0.000000  0.000000  -39.117571  8.987532  32.857143  63.875156  -5.235734  -11.215218  -4.340891  40.364797  -23.054967  24.461111  110.318924
0.768402  0.000000  0.000000  0.000000  -39.117571  8.987532  37.142857  63.637047  -9.080030  -13.124871  -4.340891  40.364797  -23.054967  24.461111  110.318924
0.768659  0.000000  0.000000  0.000000  -39.117571  8.987532  41.428571  63.264630  -12.914203  -15.075899  -4.340891  40.364797  -23.054967  24.461111  110.318924
0.768915  0.000000  0.000000  0.000000  -39.117571  8.987532  45.714286  62.749578  -16.733449  -17.087704  -4.340891  40.364797  -23.054967  24.461111  110.318924
0.769172  0.000000  0.000000  0.000000  -39.117571  8.987532  50.000000  62.080109  -20.532423  -19.181678  -4.340891  40.364797  -23.054967  24.461111  110.318924
0.769428  0.000000  0.000000  0.000000  -47.172049  6.524828  -10.000000  62.165856  37.337578  9.003770  19.682725  28.810970  -11.063959  31.060280  128.252008
0.769685  0.000000  0.000000  0.000000  -47.172049  6.524828  -5.714286  63.557365  33.523039  6.604989  19.682725  28.810970  -11.063959  31.060280  128.252008
0.769941  0.000000  0.000000  0.000000  -47.172049  6.524828  -1.428571  64.707993  29.666189  4.410178  19.682725  28.810970  -11.063959  31.060280  128.252008
0.770197  0.000000  0.000000  0.000000  -47.172049  6.524828  2.857143  65.653756  25.775863  2.378338  19.682725  28.810970  -11.063959  31.060280  128.252008
0.770454  0.000000  0.000000  0.000000  -47.172049  6.524828  7.142857  66.422431  21.859120  0.476115  19.682725  28.810970  -11.063959  31.060280  128.252008
0.770710  0.000000  0.000000  0.000000  -47.172049  6.524828  11.428571  67.035333  17.921724  -1.324165  19.682725  28.810970  -11.063959  31.060280  128.252008
0.770967  0.000000  0.000000  0.000000  -47.172049  6.524828  15.714286  67.508634  13.968488  -3.045897  19.682725  28.810970  -11.063959  31.060280  128.252008
0.771223  0.000000  0.000000  0.000000  -47.172049  6.524828  20.000000  67.854325  10.003547  -4.709369  19.682725  28.810970  -11.063959  31.060280  128.252008
0.771480  0.000000  0.000000  0.000000  -47.172049  6.524828  24.285714  68.080865  6.030542  -6.332615  19.682725  28.810970  -11.063959  31.060280  128.252008
0.771736  0.000000  0.000000  0.000000  -47.172049  6.524828  28.571429  68.193682  2.052802  -7.932200  19.682725  28.810970  -11.063959  31.060280  128.252008
0.771993  0.000000  0.000000  0.000000  -47.172049  6.524828  32.857143  68.195438  -1.926528  -9.523840  19.682725  28.810970  -11.063959  31.060280  128.252008
0.772249  0.000000  0.000000  0.000000  -47.172049  6.524828  37.142857  68.086172  -5.904364  -11.122939  19.682725  28.810970  -11.063959  31.060280  128.252008
0.772506  0.000000  0.000000  0.000000  -47.172049  6.524828  41.428571  67.863308  -9.877569  -12.745187  19.682725  28.810970  -11.063959  31.060280  128.252008
0.772762  0.000000  0.000000  0.000000  -47.172049  6.524828  45.714286  67.521515  -13.842822  -14.407110  19.682725  28.810970  -11.063959  31.060280  128.252008
0.773019  0.000000  0.000000  0.000000  -47.172049  6.524828  50.000000  67.052425  -17.796488  -16.126698  19.682725  28.810970  -11.063959  31.060280  128.252008
0.773275  0.000000  0.000000  0.000000  -43.802028  20.933246  -10.000000  57.137875  29.871715  23.159231  -8.773348  48.247509  -6.881247  30.006879  126.897578
0.773532  0.000000  0.000000  0.000000  -43.802028  20.933246  -5.714286  58.357549  26.246572  20.567929  -8.773348  48.247509  -6.881247  30.006879  126.897578
0.773788  0.000000  0.000000  0.000000  -43.802028  20.933246  -1.428571  59.363937  22.577768  18.134483  -8.773348  48.247509  -6.881247  30.006879  126.897578
0.774045  0.000000  0.000000  0.000000  -43.802028  20.933246  2.857143  60.180718  18.874250  15.827989  -8.773348  48.247509  -6.881247  30.006879  126.897578
0.774301  0.000000  0.000000  0.000000  -43.802028  20.933246  7.142857  60.826518  15.143541  13.621697  -8.773348  48.247509  -6.881247  30.006879  126.897578
0.774558  0.000000  0.000000  0.000000  -43.802028  20.933246  11.428571  61.315582  11.392155  11.492110  -8.773348  48.247509  -6.881247  30.006879  126.897578
0.774814  0.000000  0.000000  0.000000  -43.802028  20.933246  15.714286  61.658430  7.625833  9.418168  -8.773348  48.247509  -6.881247  30.006879  126.897578
0.775071  0.000000  0.000000  0.000000  -43.802028  20.933246  20.000000  61.862278  3.849829  7.380486  -8.773348  48.247509  -6.881247  30.006879  126.897578
0.775327  0.000000  0.000000  0.000000  -43.802028  20.933246  24.285714  61.931376  0.069006  5.360840  -8.773348  48.247509  -6.881247  30.006879  126.897578
0.775583  0.000000  0.000000  0.000000  -43.802028  20.933246  28.571429  61.867145  -3.711903  3.341517  -8.773348  48.247509  -6.881247  30.006879  126.897578
0.775840  0.000000  0.000000  0.000000  -43.802028  20.933246  32.857143  61.668273  -7.488175  1.304812  -8.773348  48.247509  -6.881247  30.006879  126.897578
0.776096  0.000000  0.000000  0.000000  -43.802028  20.933246  37.142857  61.330611  -11.254931  -0.767481  -8.773348  48.247509  -6.881247  30.006879  126.897578
0.776353  0.000000  0.000000  0.000000  -43.802028  20.933246  41.428571  60.847048  -15.006960  -2.894678  -8.773348  48.247509  -6.881247  30.006879  126.897578
0.776609  0.000000  0.000000  0.000000  -43.802028  20.933246  45.714286  60.207193  -18.738533  -5.097776  -8.773348  48.247509  -6.881247  30.006879  126.897578
0.776866  0.000000  0.000000  0.000000  -43.802028  20.933246  50.000000  59.396939  -22.443176  -7.400171  -8.773348  48.247509  -6.881247  30.006879  126.897578
0.777122  0.000000  0.000000  0.000000  -21.852643  2.027725  -10.000000  68.272945  38.525374  4.838030  -15.033155  53.278687  -1.701582  28.102723  110.816641
0.777379  0.000000  0.000000  0.000000  -21.852643  2.027725  -5.714286  69.419046  34.528014  2.913735  -15.033155  53.278687  -1.701582  28.102723  110.816641
0.777635  0.000000  0.000000  0.000000  -21.852643  2.027725  -1.428571  70.358849  30.503251  1.166535  -15.033155  53.278687  -1.701582  28.102723  110.816641
0.777892  0.000000  0.000000  0.000000  -21.852643  2.027725  2.857143  71.126042  26.457047  -0.441243  -15.033155  53.278687  -1.701582  28.102723  110.816641
0.778148  0.000000  0.000000  0.000000  -21.852643  2.027725  7.142857  71.745994  22.394074  -1.939471  -15.033155  53.278687  -1.701582  28.102723  110.816641
0.778405  0.000000  0.000000  0.000000  -21.852643  2.027725  11.428571  72.237808  18.318085  -3.352366  -15.033155  53.278687  -1.701582  28.102723  110.816641
0.778661  0.000000  0.000000  0.000000  -21.852643  2.027725  15.714286  72.615755  14.232180  -4.700059  -15.033155  53.278687  -1.701582  28.102723  110.816641
0.778918  0.000000  0.000000  0.000000  -21.852643  2.027725  20.000000  72.890275  10.138985  -5.999739  -15.033155  53.278687  -1.701582  28.102723  110.816641
0.779174  0.000000  0.000000  0.000000  -21.852643  2.027725  24.285714  73.068679  6.040824  -7.266583  -15.033155  53.278687  -1.701582  28.102723  110.816641
0.779431  0.000000  0.000000  0.000000  -21.852643  2.027725  28.571429  73.155566  1.939767  -8.514335  -15.033155  53.278687  -1.701582  28.102723  110.816641
0.779687  0.000000  0.000000  0.000000  -21.852643  2.027725  32.857143  73.153154  -2.162202  -9.756054  -15.033155  53.278687  -1.701582  28.102723  110.816641
0.779944  0.000000  0.000000  0.000000  -21.852643  2.027725  37.142857  73.061382  -6.263152  -11.004508  -15.033155  53.278687  -1.701582  28.102723  110.816641
0.780200  0.000000  0.000000  0.000000  -21.852643  2.027725  41.428571  72.877912  -10.361106  -12.272755  -15.033155  53.278687  -1.701582  28.102723  110.816641
0.780457  0.000000  0.000000  0.000000  -21.852643  2.027725  45.714286  72.597993  -14.453961  -13.574646  -15.033155  53.278687  -1.701582  28.102723  110.816641
0.780713  0.000000  0.000000  0.000000  -21.852643  2.027725  50.000000  72.214169  -18.539398  -14.925415  -15.033155  53.278687  -1.701582  28.102723  110.816641
0.780969  0.000000  0.000000  0.000000  -37.172266  3.710510  -10.000000  62.314338  41.925934  8.633883  -7.650493  48.236635  10.057104  18.652008  110.299920
0.781226  0.000000  0.000000  0.000000  -37.172266  3.710510  -5.714286  63.941419  38.102257  6.104979  -7.650493  48.236635  10.057104  18.652008  110.299920
0.781482  0.000000  0.000000  0.000000  -37.172266  3.710510  -1.428571  65.285176  34.229791  3.829416  -7.650493  48.236635  10.057104  18.652008  110.299920
0.781739  0.000000  0.000000  0.000000  -37.172266  3.710510  2.857143  66.393524  30.319018  1.755117  -7.650493  48.236635  10.057104  18.652008  110.299920
0.781995  0.000000  0.000000  0.000000  -37.172266  3.710510  7.142857  67.303081  26.378031  -0.159128  -7.650493  48.236635  10.057104  18.652008  110.299920
0.782252  0.000000  0.000000  0.000000  -37.172266  3.710510  11.428571  68.041837  22.413278  -1.946548  -7.650493  48.236635  10.057104  18.652008  110.299920
0.782508  0.000000  0.000000  0.000000  -37.172266  3.710510  15.714286  68.631173  18.429966  -3.634410  -7.650493  48.236635  10.057104  18.652008  110.299920
0.782765  0.000000  0.000000  0.000000  -37.172266  3.710510  20.000000  69.087223  14.432420  -5.245593  -7.650493  48.236635  10.057104  18.652008  110.299920
0.783021  0.000000  0.000000  0.000000  -37.172266  3.710510  24.285714  69.421942  10.424325  -6.799782  -7.650493  48.236635  10.057104  18.652008  110.299920
0.783278  0.000000  0.000000  0.000000  -37.172266  3.710510  28.571429  69.643777  6.408919  -8.314369  -7.650493  48.236635  10.057104  18.652008  110.299920
0.783534  0.000000  0.000000  0.000000  -37.172266  3.710510  32.857143  69.758208  2.389141  -9.805254  -7.650493  48.236635  10.057104  18.652008  110.299920
0.783791  0.000000  0.000000  0.000000  -37.172266  3.710510  37.142857  69.768006  -1.632242  -11.287420  -7.650493  48.236635  10.057104  18.652008  110.299920
0.784047  0.000000  0.000000  0.000000  -37.172266  3.710510  41.428571  69.673403  -5.652529  -12.775537  -7.650493  48.236635  10.057104  18.652008  110.299920
0.784304  0.000000  0.000000  0.000000  -37.172266  3.710510  45.714286  69.472114  -9.668975  -14.284489  -7.650493  48.236635  10.057104  18.652008  110.299920
0.784560  0.000000  0.000000  0.000000  -37.172266  3.710510  50.000000  69.159196  -13.678683  -15.829946  -7.650493  48.236635  10.057104  18.652008  110.299920
0.784817  0.000000  0.000000  0.000000  -25.172477  10.954838  -10.000000  60.250162  34.034611  13.036322  10.613941  31.876136  11.022777  25.213804  129.292337
0.785073  0.000000  0.000000  0.000000  -25.172477  10.954838  -5.714286  61.561180  30.289011  10.575034  10.613941  31.876136  11.022777  25.213804  129.292337
0.785330  0.000000  0.000000  0.000000  -25.172477  10.954838  -1.428571  62.645671  26.500769  8.295993  10.613941  31.876136  11.022777  25.213804  129.292337
0.785586  0.000000  0.000000  0.000000  -25.172477  10.954838  2.857143  63.533733  22.678648  6.163217  10.613941  31.876136  11.022777  25.213804  129.292337
0.785843  0.000000  0.000000  0.000000  -25.172477  10.954838  7.142857  64.248787  18.829824  4.146666  10.613941  31.876136  11.022777  25.213804  129.292337
0.786099  0.000000  0.000000  0.000000  -25.172477  10.954838  11.428571  64.808852  14.960291  2.220788  10.613941  31.876136  11.022777  25.213804  129.292337
0.786355  0.000000  0.000000  0.000000  -25.172477  10.954838  15.714286  65.227510  11.075194  0.363403  10.613941  31.876136  11.022777  25.213804  129.292337
0.786612  0.000000  0.000000  0.000000  -25.172477  10.954838  20.000000  65.514586  7.179042  -1.445181  10.613941  31.876136  11.022777  25.213804  129.292337
0.786868  0.000000  0.000000  0.000000  -25.172477  10.954838  24.285714  65.676669  3.275933  -3.222979  10.613941  31.876136  11.022777  25.213804  129.292337
0.787125  0.000000  0.000000  0.000000  -25.172477  10.954838  28.571429  65.717414  -0.630284  -4.986936  10.613941  31.876136  11.022777  25.213804  129.292337
0.787381  0.000000  0.000000  0.000000  -25.172477  10.954838  32.857143  65.637746  -4.535931  -6.753557  10.613941  31.876136  11.022777  25.213804  129.292337
0.787638  0.000000  0.000000  0.000000  -25.172477  10.954838  37.142857  65.435862  -8.437221  -8.539406  10.613941  31.876136  11.022777  25.213804  129.292337
0.787894  0.000000  0.000000  0.000000  -25.172477  10.954838  41.428571  65.107199  -12.330274  -10.361694  10.613941  31.876136  11.022777  25.213804  129.292337
0.788151  0.000000  0.000000  0.000000  -25.172477  10.954838  45.714286  64.644156  -16.210869  -12.238922  10.613941  31.876136  11.022777  25.213804  129.292337
0.788407  0.000000  0.000000  0.000000  -25.172477  10.954838  50.000000  64.035757  -20.074314  -14.191498  10.613941  31.876136  11.022777  25.213804  129.292337
0.788664  0.000000  0.000000  0.000000  -45.755874  20.074819  -10.000000  54.808122  20.441196  16.786070  -4.465222  40.990545  6.787533  26.793904  128.540515
0.788920  0.000000  0.000000  0.000000  -45.755874  20.074819  -5.714286  55.635051  16.920437  14.205916  -4.465222  40.990545  6.787533  26.793904  128.540515
0.789177  0.000000  0.000000  0.000000  -45.755874  20.074819  -1.428571  56.284654  13.368519  11.720957  -4.465222  40.990545  6.787533  26.793904  128.540515
0.789433  0.000000  0.000000  0.000000  -45.755874  20.074819  2.857143  56.769270  9.793071  9.308468  -4.465222  40.990545  6.787533  26.793904  128.540515
0.789690  0.000000  0.000000  0.000000  -45.755874  20.074819  7.142857  57.097937  6.200966  6.947548  -4.465222  40.990545  6.787533  26.793904  128.540515
0.789946  0.000000  0.000000  0.000000  -45.755874  20.074819  11.428571  57.276710  2.598554  4.618662  -4.465222  40.990545  6.787533  26.793904  128.540515
0.790203  0.000000  0.000000  0.000000  -45.755874  20.074819  15.714286  57.308868  -1.008120  2.303052  -4.465222  40.990545  6.787533  26.793904  128.540515
0.790459  0.000000  0.000000  0.000000  -45.755874  20.074819  20.000000  57.194993  -4.613147  -0.017695  -4.465222  40.990545  6.787533  26.793904  128.540515
0.790716  0.000000  0.000000  0.000000  -45.755874  20.074819  24.285714  56.933018  -8.210557  -2.362134  -4.465222  40.990545  6.787533  26.793904  128.540515
0.790972  0.000000  0.000000  0.000000  -45.755874  20.074819  28.571429  56.518118  -11.794165  -4.749395  -4.465222  40.990545  6.787533  26.793904  128.540515
0.791229  0.000000  0.000000  0.000000  -45.755874  20.074819  32.857143  55.942603  -15.357347  -7.199712  -4.465222  40.990545  6.787533  26.793904  128.540515
0.791485  0.000000  0.000000  0.000000  -45.755874  20.074819  37.142857  55.195602  -18.892844  -9.734947  -4.465222  40.990545  6.787533  26.793904  128.540515
0.791741  0.000000  0.000000  0.000000  -45.755874  20.074819  41.428571  54.262856  -22.392503  -12.379099  -4.465222  40.990545  6.787533  26.793904  128.540515
0.791998  0.000000  0.000000  0.000000  -45.755874  20.074819  45.714286  53.126170  -25.846972  -15.158989  -4.465222  40.990545  6.787533  26.793904  128.540515
0.792254  0.000000  0.000000  0.000000  -45.755874  20.074819  50.000000  51.762966  -29.245357  -18.104887  -4.465222  40.990545  6.787533  26.793904  128.540515
0.792511  0.000000  0.000000  0.000000  -45.444453  12.710013  -10.000000  54.099821  26.185583  7.874269  20.597081  32.268873  -5.653957  31.716470  118.303047
0.792767  0.000000  0.000000  0.000000  -45.444453  12.710013  -5.714286  55.226724  22.688723  5.151963  20.597081  32.268873  -5.653957  31.716470  118.303047
0.793024  0.000000  0.000000  0.000000  -45.444453  12.710013  -1.428571  56.150564  19.148140  2.566071  20.597081  32.268873  -5.653957  31.716470  118.303047
0.793280  0.000000  0.000000  0.000000  -45.444453  12.710013  2.857143  56.890015  15.572924  0.089439  20.597081  32.268873  -5.653957  31.716470  118.303047
0.793537  0.000000  0.000000  0.000000  -45.444453  12.710013  7.142857  57.459709  11.970980  -2.302132  20.597081  32.268873  -5.653957  31.716470  118.303047
0.793793  0.000000  0.000000  0.000000  -45.444453  12.710013  11.428571  57.870700  8.349312  -4.630546  20.597081  32.268873  -5.653957  31.716470  118.303047
0.794050  0.000000  0.000000  0.000000  -45.444453  12.710013  15.714286  58.130851  4.714304  -6.916036  20.597081  32.268873  -5.653957  31.716470  118.303047
0.794306  0.000000  0.000000  0.000000  -45.444453  12.710013  20.000000  58.245074  1.071908  -9.177686  20.597081  32.268873  -5.653957  31.716470  118.303047
0.794563  0.000000  0.000000  0.000000  -45.444453  12.710013  24.285714  58.215517  -2.572153  -11.433955  20.597081  32.268873  -5.653957  31.716470  118.303047
0.794819  0.000000  0.000000  0.000000  -45.444453  12.710013  28.571429  58.041624  -6.212209  -13.703161  20.597081  32.268873  -5.653957  31.716470  118.303047
0.795076  0.000000  0.000000  0.000000  -45.444453  12.710013  32.857143  57.720115  -9.842457  -16.003977  20.597081  32.268873  -5.653957  31.716470  118.303047
0.795332  0.000000  0.000000  0.000000  -45.444453  12.710013  37.142857  57.244916  -13.456814  -18.355848  20.597081  32.268873  -5.653957  31.716470  118.303047
0.795589  0.000000  0.000000  0.000000  -45.444453  12.710013  41.428571  56.606860  -17.048649  -20.779671  20.597081  32.268873  -5.653957  31.716470  118.303047
0.795845  0.000000  0.000000  0.000000  -45.444453  12.710013  45.714286  55.793478  -20.610624  -23.298205  20.597081  32.268873  -5.653957  31.716470  118.303047
0.796102  0.000000  0.000000  0.000000  -45.444453  12.710013  50.000000  54.788543  -24.134388  -25.936782  20.597081  32.268873  -5.653957  31.716470  118.303047
0.796358  0.000000  0.000000  0.000000  -40.193134  14.160914  -10.000000  57.534472  33.268174  15.913909  -11.524752  47.285601  0.958029  16.557438  111.439620
0.796615  0.000000  0.000000  0.000000  -40.193134  14.160914  -5.714286  58.915199  29.624068  13.268981  -11.524752  47.285601  0.958029  16.557438  111.439620
0.796871  0.000000  0.000000  0.000000  -40.193134  14.160914  -1.428571  60.061885  25.931185  10.810069  -11.524752  47.285601  0.958029  16.557438  111.439620
0.797127  0.000000  0.000000  0.000000  -40.193134  14.160914  2.857143  61.003867  22.199332  8.501512  -11.524752  47.285601  0.958029  16.557438  111.439620
0.797384  0.000000  0.000000  0.000000  -40.193134  14.160914  7.142857  61.764232  18.436634  6.313123  -11.524752  47.285601  0.958029  16.557438  111.439620
0.797640  0.000000  0.000000  0.000000  -40.193134  14.160914  11.428571  62.360921  14.649933  4.218916  -11.524752  47.285601  0.958029  16.557438  111.439620
0.797897  0.000000  0.000000  0.000000  -40.193134  14.160914  15.714286  62.807567  10.845153  2.196069  -11.524752  47.285601  0.958029  16.557438  111.439620
0.798153  0.000000  0.000000  0.000000  -40.193134  14.160914  20.000000  63.114069  7.027504  0.224208  -11.524752  47.285601  0.958029  16.557438  111.439620
0.798410  0.000000  0.000000  0.000000  -40.193134  14.160914  24.285714  63.287099  3.201749  -1.715449  -11.524752  47.285601  0.958029  16.557438  111.439620
0.798666  0.000000  0.000000  0.000000  -40.193134  14.160914  28.571429  63.330370  -0.627638  -3.640646  -11.524752  47.285601  0.958029  16.557438  111.439620
0.798923  0.000000  0.000000  0.000000  -40.193134  14.160914  32.857143  63.244804  -4.456317  -5.568667  -11.524752  47.285601  0.958029  16.557438  111.439620
0.799179  0.000000  0.000000  0.000000  -40.193134  14.160914  37.142857  63.028572  -8.279916  -7.516894  -11.524752  47.285601  0.958029  16.557438  111.439620
0.799436  0.000000  0.000000  0.000000  -40.193134  14.160914  41.428571  62.677026  -12.093894  -9.503321  -11.524752  47.285601  0.958029  16.557438  111.439620
0.799692  0.000000  0.000000  0.000000  -40.193134  14.160914  45.714286  62.182465  -15.893355  -11.547204  -11.524752  47.285601  0.958029  16.557438  111.439620
0.799949  0.000000  0.000000  0.000000  -40.193134  14.160914  50.000000  61.533820  -19.672875  -13.669642  -11.524752  47.285601  0.958029  16.557438  111.439620
0.800205  0.000000  0.000000  0.000000  -24.746566  11.662596  -10.000000  59.145839  44.670620  19.278575  -1.954883  49.770138  -9.520097  17.208324  123.680777
0.800462  0.000000  0.000000  0.000000  -24.746566  11.662596  -5.714286  61.123892  40.953063  16.369798  -1.954883  49.770138  -9.520097  17.208324  123.680777
0.800718  0.000000  0.000000  0.000000  -24.746566  11.662596  -1.428571  62.760692  37.170258  13.774029  -1.954883  49.770138  -9.520097  17.208324  123.680777
0.800975  0.000000  0.000000  0.000000  -24.746566  11.662596  2.857143  64.115901  33.336261  11.427627  -1.954883  49.770138  -9.520097  17.208324  123.680777
0.801231  0.000000  0.000000  0.000000  -24.746566  11.662596  7.142857  65.235378  29.461889  9.280310  -1.954883  49.770138  -9.520097  17.208324  123.680777
0.801488  0.000000  0.000000  0.000000  -24.746566  11.662596  11.428571  66.154425  25.555594  7.291839  -1.954883  49.770138  -9.520097  17.208324  123.680777
0.801744  0.000000  0.000000  0.000000  -24.746566  11.662596  15.714286  66.900202  21.624149  5.429484  -1.954883  49.770138  -9.520097  17.208324  123.680777
0.802001  0.000000  0.000000  0.000000  -24.746566  11.662596  20.000000  67.493528  17.673061  3.666138  -1.954883  49.770138  -9.520097  17.208324  123.680777
0.802257  0.000000  0.000000  0.000000  -24.746566  11.662596  24.285714  67.950136  13.706965  1.978848  -1.954883  49.770138  -9.520097  17.208324  123.680777
0.802513  0.000000  0.000000  0.000000  -24.746566  11.662596  28.571429  68.281642  9.729809  0.347744  -1.954883  49.770138  -9.520097  17.208324  123.680777
0.802770  0.000000  0.000000  0.000000  -24.746566  11.662596  32.857143  68.496200  5.745098  -1.244874  -1.954883  49.770138  -9.520097  17.208324  123.680777
0.803026  0.000000  0.000000  0.000000  -24.746566  11.662596  37.142857  68.598997  1.756049  -2.815322  -1.954883  49.770138  -9.520097  17.208324  123.680777
0.803283  0.000000  0.000000  0.000000  -24.746566  11.662596  41.428571  68.592472  -2.234332  -4.379076  -1.954883  49.770138  -9.520097  17.208324  123.680777
0.803539  0.000000  0.000000  0.000000  -24.746566  11.662596  45.714286  68.476452  -6.223029  -5.951365  -1.954883  49.770138  -9.520097  17.208324  123.680777
0.803796  0.000000  0.000000  0.000000  -24.746566  11.662596  50.000000  68.248199  -10.207008  -7.547724  -1.954883  49.770138  -9.520097  17.208324  123.680777
0.804052  0.000000  0.000000  0.000000  -41.825120  -1.730501  -10.000000  67.449732  39.307213  0.291536  -7.600293  34.125016  4.517159  33.238622  117.142537
0.804309  0.000000  0.000000  0.000000  -41.825120  -1.730501  -5.714286  68.671017  35.331393  -1.721591  -7.600293  34.125016  4.517159  33.238622  117.142537
0.804565  0.000000  0.000000  0.000000  -41.825120  -1.730501  -1.428571  69.673544  31.325344  -3.545013  -7.600293  34.125016  4.517159  33.238622  117.142537
0.804822  0.000000  0.000000  0.000000  -41.825120  -1.730501  2.857143  70.493557  27.295637  -5.218948  -7.600293  34.125016  4.517159  33.238622  117.142537
0.805078  0.000000  0.000000  0.000000  -41.825120  -1.730501  7.142857  71.158381  23.247401  -6.775198  -7.600293  34.125016  4.517159  33.238622  117.142537
0.805335  0.000000  0.000000  0.000000  -41.825120  -1.730501  11.428571  71.688637  19.184740  -8.239463  -7.600293  34.125016  4.517159  33.238622  117.142537
0.805591  0.000000  0.000000  0.000000  -41.825120  -1.730501  15.714286  72.099784  15.111022  -9.633007  -7.600293  34.125016  4.517159  33.238622  117.142537
0.805848  0.000000  0.000000  0.000000  -41.825120  -1.730501  20.000000  72.403232  11.029104  -10.973931  -7.600293  34.125016  4.517159  33.238622  117.142537
0.806104  0.000000  0.000000  0.000000  -41.825120  -1.730501  24.285714  72.607047  6.941451  -12.278035  -7.600293  34.125016  4.517159  33.238622  117.142537
0.806361  0.000000  0.000000  0.000000  -41.825120  -1.730501  28.571429  72.716499  2.850297  -13.559633  -7.600293  34.125016  4.517159  33.238622  117.142537
0.806617  0.000000  0.000000  0.000000  -41.825120  -1.730501  32.857143  72.734368  -1.242266  -14.832135  -7.600293  34.125016  4.517159  33.238622  117.142537
0.806874  0.000000  0.000000  0.000000  -41.825120  -1.730501  37.142857  72.661101  -5.334217  -16.108591  -7.600293  34.125016  4.517159  33.238622  117.142537
0.807130  0.000000  0.000000  0.000000  -41.825120  -1.730501  41.428571  72.494850  -9.423500  -17.402207  -7.600293  34.125016  4.517159  33.238622  117.142537
0.807387  0.000000  0.000000  0.000000  -41.825120  -1.730501  45.714286  72.231352  -13.507953  -18.726871  -7.600293  34.125016  4.517159  33.238622  117.142537
0.807643  0.000000  0.000000  0.000000  -41.825120  -1.730501  50.000000  71.863685  -17.585210  -20.097727  -7.600293  34.125016  4.517159  33.238622  117.142537
0.807899  0.000000  0.000000  0.000000  -45.576012  5.866681  -10.000000  63.292501  44.216723  13.136530  -15.489224  28.244148  -15.878947  18.412828  127.893754
0.808156  0.000000  0.000000  0.000000  -45.576012  5.866681  -5.714286  64.993406  40.359306  10.610303  -15.489224  28.244148  -15.878947  18.412828  127.893754
0.808412  0.000000  0.000000  0.000000  -45.576012  5.866681  -1.428571  66.392615  36.452908  8.359474  -15.489224  28.244148  -15.878947  18.412828  127.893754
0.808669  0.000000  0.000000  0.000000  -45.576012  5.866681  2.857143  67.544710  32.508331  6.325766  -15.489224  28.244148  -15.878947  18.412828  127.893754
0.808925  0.000000  0.000000  0.000000  -45.576012  5.866681  7.142857  68.490918  28.533785  4.463874  -15.489224  28.244148  -15.878947  18.412828  127.893754
0.809182  0.000000  0.000000  0.000000  -45.576012  5.866681  11.428571  69.262495  24.535706  2.737901  -15.489224  28.244148  -15.878947  18.412828  127.893754
0.809438  0.000000  0.000000  0.000000  -45.576012  5.866681  15.714286  69.883204  20.519204  1.118877  -15.489224  28.244148  -15.878947  18.412828  127.893754
0.809695  0.000000  0.000000  0.000000  -45.576012  5.866681  20.000000  70.371001  16.488455  -0.417095  -15.489224  28.244148  -15.878947  18.412828  127.893754
0.809951  0.000000  0.000000  0.000000  -45.576012  5.866681  24.285714  70.739288  12.446958  -1.890230  -15.489224  28.244148  -15.878947  18.412828  127.893754
0.810208  0.000000  0.000000  0.000000  -45.576012  5.866681  28.571429  70.997768  8.397736  -3.318089  -15.489224  28.244148  -15.878947  18.412828  127.893754
0.810464  0.000000  0.000000  0.000000  -45.576012  5.866681  32.857143  71.153024  4.343478  -4.716386  -15.489224  28.244148  -15.878947  18.412828  127.893754
0.810721  0.000000  0.000000  0.000000  -45.576012  5.866681  37.142857  71.208939  0.286666  -6.099712  -15.489224  28.244148  -15.878947  18.412828  127.893754
0.810977  0.000000  0.000000  0.000000  -45.576012  5.866681  41.428571  71.166895  -3.770302  -7.482056  -15.489224  28.244148  -15.878947  18.412828  127.893754
0.811234  0.000000  0.000000  0.000000  -45.576012  5.866681  45.714286  71.025849  -7.825067  -8.877385  -15.489224  28.244148  -15.878947  18.412828  127.893754
0.811490  0.000000  0.000000  0.000000  -45.576012  5.866681  50.000000  70.782294  -11.875160  -10.300136  -15.489224  28.244148  -15.878947  18.412828  127.893754
0.811747  0.000000  0.000000  0.000000  -29.141930  17.488621  -10.000000  52.092353  29.480884  14.706054  1.356503  49.558492  -21.551164  35.018915  114.516929
0.812003  0.000000  0.000000  0.000000  -29.141930  17.488621  -5.714286  53.458453  26.067472  11.776229  1.356503  49.558492  -21.551164  35.018915  114.516929
0.812260  0.000000  0.000000  0.000000  -29.141930  17.488621  -1.428571  54.597388  22.598300  9.013786  1.356503  49.558492  -21.551164  35.018915  114.516929
0.812516  0.000000  0.000000  0.000000  -29.141930  17.488621  2.857143  55.532121  19.084217  6.388133  1.356503  49.558492  -21.551164  35.018915  114.516929
0.812773  0.000000  0.000000  0.000000  -29.141930  17.488621  7.142857  56.281153  15.534514  3.872231  1.356503  49.558492  -21.551164  35.018915  114.516929
0.813029  0.000000  0.000000  0.000000  -29.141930  17.488621  11.428571  56.858997  11.957277  1.441925  1.356503  49.558492  -21.551164  35.018915  114.516929
0.813285  0.000000  0.000000  0.000000  -29.141930  17.488621  15.714286  57.276666  8.359693  -0.924706  1.356503  49.558492  -21.551164  35.018915  114.516929
0.813542  0.000000  0.000000  0.000000  -29.141930  17.488621  20.000000  57.542012  4.748304  -3.247936  1.356503  49.558492  -21.551164  35.018915  114.516929
0.813798  0.000000  0.000000  0.000000  -29.141930  17.488621  24.285714  57.659946  1.129234  -5.546919  1.356503  49.558492  -21.551164  35.018915  114.516929
0.814055  0.000000  0.000000  0.000000  -29.141930  17.488621  28.571429  57.632665  -2.491651  -7.840174  1.356503  49.558492  -21.551164  35.018915  114.516929
0.814311  0.000000  0.000000  0.000000  -29.141930  17.488621  32.857143  57.459658  -6.108530  -10.146085  1.356503  49.558492  -21.551164  35.018915  114.516929
0.814568  0.000000  0.000000  0.000000  -29.141930  17.488621  37.142857  57.137726  -9.715457  -12.483352  1.356503  49.558492  -21.551164  35.018915  114.516929
0.814824  0.000000  0.000000  0.000000  -29.141930  17.488621  41.428571  56.660866  -13.306181  -14.871490  1.356503  49.558492  -21.551164  35.018915  114.516929
0.815081  0.000000  0.000000  0.000000  -29.141930  17.488621  45.714286  56.020076  -16.873945  -17.331324  1.356503  49.558492  -21.551164  35.018915  114.516929
0.815337  0.000000  0.000000  0.000000  -29.141930  17.488621  50.000000  55.203069  -20.411258  -19.885546  1.356503  49.558492  -21.551164  35.018915  114.516929
0.815594  0.000000  0.000000  0.000000  -26.260985  0.310085  -10.000000  66.372302  36.564592  3.384813  4.426083  38.616393  11.999839  33.755967  112.824984
0.815850  0.000000  0.000000  0.000000  -26.260985  0.310085  -5.714286  67.530062  32.620515  1.346912  4.426083  38.616393  11.999839  33.755967  112.824984
0.816107  0.000000  0.000000  0.000000  -26.260985  0.310085  -1.428571  68.481017  28.646319  -0.518132  4.426083  38.616393  11.999839  33.755967  112.824984
0.816363  0.000000  0.000000  0.000000  -26.260985  0.310085  2.857143  69.256670  24.648454  -2.246419  4.426083  38.616393  11.999839  33.755967  112.824984
0.816620  0.000000  0.000000  0.000000  -26.260985  0.310085  7.142857  69.880950  20.632058  -3.867074  4.426083  38.616393  11.999839  33.755967  112.824984
0.816876  0.000000  0.000000  0.000000  -26.260985  0.310085  11.428571  70.371968  16.601333  -5.404118  4.426083  38.616393  11.999839  33.755967  112.824984
0.817133  0.000000  0.000000  0.000000  -26.260985  0.310085  15.714286  70.743194  12.559761  -6.877810  4.426083  38.616393  11.999839  33.755967  112.824984
0.817389  0.000000  0.000000  0.000000  -26.260985  0.310085  20.000000  71.004467  8.510413  -8.305813  4.426083  38.616393  11.999839  33.755967  112.824984
0.817646  0.000000  0.000000  0.000000  -26.260985  0.310085  24.285714  71.162435  4.455959  -9.703850  4.426083  38.616393  11.999839  33.755967  112.824984
0.817902  0.000000  0.000000  0.000000  -26.260985  0.310085  28.571429  71.221030  0.398894  -11.086529  4.426083  38.616393  11.999839  33.755967  112.824984
0.818159  0.000000  0.000000  0.000000  -26.260985  0.310085  32.857143  71.181711  -3.658403  -12.467838  4.426083  38.616393  11.999839  33.755967  112.824984
0.818415  0.000000  0.000000  0.000000  -26.260985  0.310085  37.142857  71.043521  -7.713559  -13.861737  4.426083  38.616393  11.999839  33.755967  112.824984
0.818671  0.000000  0.000000  0.000000  -26.260985  0.310085  41.428571  70.803005  -11.764122  -15.282638  4.426083  38.616393  11.999839  33.755967  112.824984
0.818928  0.000000  0.000000  0.000000  -26.260985  0.310085  45.714286  70.454053  -15.807439  -16.746035  4.426083  38.616393  11.999839  33.755967  112.824984
0.819184  0.000000  0.000000  0.000000  -26.260985  0.310085  50.000000  69.987533  -19.840560  -18.269116  4.426083  38.616393  11.999839  33.755967  112.824984
0.819441  0.000000  0.000000  0.000000  -16.963815  5.740378  -10.000000  58.925010  29.497099  8.230607  -1.795515  38.289530  2.157952  17.539996  129.694360
0.819697  0.000000  0.000000  0.000000  -16.963815  5.740378  -5.714286  60.065316  25.803965  5.775040  -1.795515  38.289530  2.157952  17.539996  129.694360
0.819954  0.000000  0.000000  0.000000  -16.963815  5.740378  -1.428571  61.001666  22.072095  3.468816  -1.795515  38.289530  2.157952  17.539996  129.694360
0.820210  0.000000  0.000000  0.000000  -16.963815  5.740378  2.857143  61.756964  18.309569  1.281885  -1.795515  38.289530  2.157952  17.539996  129.694360
0.820467  0.000000  0.000000  0.000000  -16.963815  5.740378  7.142857  62.349006  14.523211  -0.811623  -1.795515  38.289530  2.157952  17.539996  129.694360
0.820723  0.000000  0.000000  0.000000  -16.963815  5.740378  11.428571  62.791277  10.718912  -2.834411  -1.795515  38.289530  2.157952  17.539996  129.694360
0.820980  0.000000  0.000000  0.000000  -16.963815  5.740378  15.714286  63.093581  6.901888  -4.806835  -1.795515  38.289530  2.157952  17.539996  129.694360
0.821236  0.000000  0.000000  0.000000  -16.963815  5.740378  20.000000  63.262484  3.076894  -6.747630  -1.795515  38.289530  2.157952  17.539996  129.694360
0.821493  0.000000  0.000000  0.000000  -16.963815  5.740378  24.285714  63.301607  -0.751595  -8.674519  -1.795515  38.289530  2.157952  17.539996  129.694360
0.821749  0.000000  0.000000  0.000000  -16.963815  5.740378  28.571429  63.211784  -4.579238  -10.604797  -1.795515  38.289530  2.157952  17.539996  129.694360
0.822006  0.000000  0.000000  0.000000  -16.963815  5.740378  32.857143  62.991096  -8.401646  -12.555858  -1.795515  38.289530  2.157952  17.539996  129.694360
0.822262  0.000000  0.000000  0.000000  -16.963815  5.740378  37.142857  62.634798  -12.214264  -14.545741  -1.795515  38.289530  2.157952  17.539996  129.694360
0.822519  0.000000  0.000000  0.000000  -16.963815  5.740378  41.428571  62.135089  -16.012175  -16.593753  -1.795515  38.289530  2.157952  17.539996  129.694360
0.822775  0.000000  0.000000  0.000000  -16.963815  5.740378  45.714286  61.480780  -19.789924  -18.721078  -1.795515  38.289530  2.157952  17.539996  129.694360
0.823032  0.000000  0.000000  0.000000  -16.963815  5.740378  50.000000  60.656782  -23.541292  -20.951554  -1.795515  38.289530  2.157952  17.539996  129.694360
0.823288  0.000000  0.000000  0.000000  -27.148050  13.947836  -10.000000  56.384068  32.368712  15.857295  6.877777  32.810891  0.704207  21.137269  115.674007
0.823544  0.000000  0.000000  0.000000  -27.148050  13.947836  -5.714286  57.760815  28.770706  13.151993  6.877777  32.810891  0.704207  21.137269  115.674007
0.823801  0.000000  0.000000  0.000000  -27.148050  13.947836  -1.428571  58.905129  25.122426  10.628412  6.877777  32.810891  0.704207  21.137269  115.674007
0.824057  0.000000  0.000000  0.000000  -27.148050  13.947836  2.857143  59.844825  21.433916  8.252123  6.877777  32.810891  0.704207  21.137269  115.674007
0.824314  0.000000  0.000000  0.000000  -27.148050  13.947836  7.142857  60.601959  17.713543  5.993597  6.877777  32.810891  0.704207  21.137269  115.674007
0.824570  0.000000  0.000000  0.000000  -27.148050  13.947836  11.428571  61.193687  13.968421  3.827250  6.877777  32.810891  0.704207  21.137269  115.674007
0.824827  0.000000  0.000000  0.000000  -27.148050  13.947836  15.714286  61.633015  10.204730  1.730471  6.877777  32.810891  0.704207  21.137269  115.674007
0.825083  0.000000  0.000000  0.000000  -27.148050  13.947836  20.000000  61.929370  6.427974  -0.317151  6.877777  32.810891  0.704207  21.137269  115.674007
0.825340  0.000000  0.000000  0.000000  -27.148050  13.947836  24.285714  62.088993  2.643198  -2.334513  6.877777  32.810891  0.704207  21.137269  115.674007
0.825596  0.000000  0.000000  0.000000  -27.148050  13.947836  28.571429  62.115238  -1.144830  -4.339597  6.877777  32.810891  0.704207  21.137269  115.674007
0.825853  0.000000  0.000000  0.000000  -27.148050  13.947836  32.857143  62.008617  -4.931452  -6.349988  6.877777  32.810891  0.704207  21.137269  115.674007
0.826109  0.000000  0.000000  0.000000  -27.148050  13.947836  37.142857  61.766923  -8.711961  -8.383456  6.877777  32.810891  0.704207  21.137269  115.674007
0.826366  0.000000  0.000000  0.000000  -27.148050  13.947836  41.428571  61.385100  -12.481452  -10.458438  6.877777  32.810891  0.704207  21.137269  115.674007
0.826622  0.000000  0.000000  0.000000  -27.148050  13.947836  45.714286  60.855006  -16.234616  -12.594698  6.877777  32.810891  0.704207  21.137269  115.674007
0.826879  0.000000  0.000000  0.000000  -27.148050  13.947836  50.000000  60.165108  -19.965571  -14.813885  6.877777  32.810891  0.704207  21.137269  115.674007
0.827135  0.000000  0.000000  0.000000  -21.445380  15.237269  -10.000000  52.410877  16.920851  6.599008  7.181894  49.345004  4.898722  20.225876  127.583935
0.827392  0.000000  0.000000  0.000000  -21.445380  15.237269  -5.714286  53.116493  13.508144  3.911884  7.181894  49.345004  4.898722  20.225876  127.583935
0.827648  0.000000  0.000000  0.000000  -21.445380  15.237269  -1.428571  53.650205  10.067627  1.300969  7.181894  49.345004  4.898722  20.225876  127.583935
0.827905  0.000000  0.000000  0.000000  -21.445380  15.237269  2.857143  54.021017  6.607080  -1.254692  7.181894  49.345004  4.898722  20.225876  127.583935
0.828161  0.000000  0.000000  0.000000  -21.445380  15.237269  7.142857  54.235105  3.133681  -3.774733  7.181894  49.345004  4.898722  20.225876  127.583935
0.828418  0.000000  0.000000  0.000000  -21.445380  15.237269  11.428571  54.296043  -0.345727  -6.278070  7.181894  49.345004  4.898722  20.225876  127.583935
0.828674  0.000000  0.000000  0.000000  -21.445380  15.237269  15.714286  54.204838  -3.824475  -8.783245  7.181894  49.345004  4.898722  20.225876  127.583935
0.828930  0.000000  0.000000  0.000000  -21.445380  15.237269  20.000000  53.959979  -7.295875  -11.308836  7.181894  49.345004  4.898722  20.225876  127.583935
0.829187  0.000000  0.000000  0.000000  -21.445380  15.237269  24.285714  53.557377  -10.753029  -13.873885  7.181894  49.345004  4.898722  20.225876  127.583935
0.829443  0.000000  0.000000  0.000000  -21.445380  15.237269  28.571429  52.990336  -14.188662  -16.498227  7.181894  49.345004  4.898722  20.225876  127.583935
0.829700  0.000000  0.000000  0.000000  -21.445380  15.237269  32.857143  52.249220  -17.594851  -19.203110  7.181894  49.345004  4.898722  20.225876  127.583935
0.829956  0.000000  0.000000  0.000000  -21.445380  15.237269  37.142857  51.321445  -20.962846  -22.011422  7.181894  49.345004  4.898722  20.225876  127.583935
0.830213  0.000000  0.000000  0.000000  -21.445380  15.237269  41.428571  50.191058  -24.282746  -24.948290  7.181894  49.345004  4.898722  20.225876  127.583935
0.830469  0.000000  0.000000  0.000000  -21.445380  15.237269  45.714286  48.838504  -27.543212  -28.041481  7.181894  49.345004  4.898722  20.225876  127.583935
0.830726  0.000000  0.000000  0.000000  -21.445380  15.237269  50.000000  47.240347  -30.731067  -31.321819  7.181894  49.345004  4.898722  20.225876  127.583935
0.830982  0.000000  0.000000  0.000000  -29.670595  9.884743  -10.000000  64.238460  37.537990  16.822389  20.842184  46.678970  -4.696452  18.082921  128.859249
0.831239  0.000000  0.000000  0.000000  -29.670595  9.884743  -5.714286  65.541021  33.656724  14.586111  20.842184  46.678970  -4.696452  18.082921  128.859249
0.831495  0.000000  0.000000  0.000000  -29.670595  9.884743  -1.428571  66.614749  29.738691  12.543969  20.842184  46.678970  -4.696452  18.082921  128.859249
0.831752  0.000000  0.000000  0.000000  -29.670595  9.884743  2.857143  67.494777  25.791679  10.656135  20.842184  46.678970  -4.696452  18.082921  128.859249
0.832008  0.000000  0.000000  0.000000  -29.670595  9.884743  7.142857  68.207978  21.821871  8.890452  20.842184  46.678970  -4.696452  18.082921  128.859249
0.832265  0.000000  0.000000  0.000000  -29.670595  9.884743  11.428571  68.774824  17.834304  7.220438  20.842184  46.678970  -4.696452  18.082921  128.859249
0.832521  0.000000  0.000000  0.000000  -29.670595  9.884743  15.714286  69.210754  13.833169  5.623799  20.842184  46.678970  -4.696452  18.082921  128.859249
0.832778  0.000000  0.000000  0.000000  -29.670595  9.884743  20.000000  69.527133  9.822057  4.081286  20.842184  46.678970  -4.696452  18.082921  128.859249
0.833034  0.000000  0.000000  0.000000  -29.670595  9.884743  24.285714  69.731926  5.804131  2.575809  20.842184  46.678970  -4.696452  18.082921  128.859249
0.833291  0.000000  0.000000  0.000000  -29.670595  9.884743  28.571429  69.830170  1.782280  1.091682  20.842184  46.678970  -4.696452  18.082921  128.859249
0.833547  0.000000  0.000000  0.000000  -29.670595  9.884743  32.857143  69.824261  -2.240757  -0.385965  20.842184  46.678970  -4.696452  18.082921  128.859249
0.833804  0.000000  0.000000  0.000000  -29.670595  9.884743  37.142857  69.714036  -6.262297  -1.871765  20.842184  46.678970  -4.696452  18.082921  128.859249
0.834060  0.000000  0.000000  0.000000  -29.670595  9.884743  41.428571  69.496830  -10.279596  -3.380652  20.842184  46.678970  -4.696452  18.082921  128.859249
0.834316  0.000000  0.000000  0.000000  -29.670595  9.884743  45.714286  69.167289  -14.289739  -4.928435  20.842184  46.678970  -4.696452  18.082921  128.859249
0.834573  0.000000  0.000000  0.000000  -29.670595  9.884743  50.000000  68.717083  -18.289517  -6.532415  20.842184  46.678970  -4.696452  18.082921  128.859249
0.834829  0.000000  0.000000  0.000000  -43.990191  0.792219  -10.000000  71.165793  40.936015  6.413949  -9.714967  31.251917  11.848598  17.803823  125.009768
0.835086  0.000000  0.000000  0.000000  -43.990191  0.792219  -5.714286  72.251719  36.866472  4.685905  -9.714967  31.251917  11.848598  17.803823  125.009768
0.835342  0.000000  0.000000  0.000000  -43.990191  0.792219  -1.428571  73.138827  32.774454  3.133373  -9.714967  31.251917  11.848598  17.803823  125.009768
0.835599  0.000000  0.000000  0.000000  -43.990191  0.792219  2.857143  73.862434  28.664976  1.717829  -9.714967  31.251917  11.848598  17.803823  125.009768
0.835855  0.000000  0.000000  0.000000  -43.990191  0.792219  7.142857  74.448746  24.541895  0.409443  -9.714967  31.251917  11.848598  17.803823  125.009768
0.836112  0.000000  0.000000  0.000000  -43.990191  0.792219  11.428571  74.917327  20.408248  -0.815461  -9.714967  31.251917  11.848598  17.803823  125.009768
0.836368  0.000000  0.000000  0.000000  -43.990191  0.792219  15.714286  75.282736  16.266478  -1.976147  -9.714967  31.251917  11.848598  17.803823  125.009768
0.836625  0.000000  0.000000  0.000000  -43.990191  0.792219  20.000000  75.555720  12.118655  -3.088774  -9.714967  31.251917  11.848598  17.803823  125.009768
0.836881  0.000000  0.000000  0.000000  -43.990191  0.792219  24.285714  75.743924  7.966540  -4.167284  -9.714967  31.251917  11.848598  17.803823  125.009768
0.837138  0.000000  0.000000  0.000000  -43.990191  0.792219  28.571429  75.852428  3.811685  -5.224080  -9.714967  31.251917  11.848598  17.803823  125.009768
0.837394  0.000000  0.000000  0.000000  -43.990191  0.792219  32.857143  75.884113  -0.344454  -6.270694  -9.714967  31.251917  11.848598  17.803823  125.009768
0.837651  0.000000  0.000000  0.000000  -43.990191  0.792219  37.142857  75.839807  -4.500457  -7.318226  -9.714967  31.251917  11.848598  17.803823  125.009768
0.837907  0.000000  0.000000  0.000000  -43.990191  0.792219  41.428571  75.718348  -8.654958  -8.377804  -9.714967  31.251917  11.848598  17.803823  125.009768
0.838164  0.000000  0.000000  0.000000  -43.990191  0.792219  45.714286  75.516514  -12.806479  -9.461066  -9.714967  31.251917  11.848598  17.803823  125.009768
0.838420  0.000000  0.000000  0.000000  -43.990191  0.792219  50.000000  75.228815  -16.953425  -10.580653  -9.714967  31.251917  11.848598  17.803823  125.009768
0.838677  0.000000  0.000000  0.000000  -35.539450  -4.866109  -10.000000  68.035374  32.306664  -0.416444  -8.789436  49.819725  2.871946  34.560601  114.713113
0.838933  0.000000  0.000000  0.000000  -35.539450  -4.866109  -5.714286  68.954346  28.318923  -2.235982  -8.789436  49.819725  2.871946  34.560601  114.713113
0.839190  0.000000  0.000000  0.000000  -35.539450  -4.866109  -1.428571  69.702873  24.308805  -3.923428  -8.789436  49.819725  2.871946  34.560601  114.713113
0.839446  0.000000  0.000000  0.000000  -35.539450  -4.866109  2.857143  70.304074  20.281186  -5.507077  -8.789436  49.819725  2.871946  34.560601  114.713113
0.839702  0.000000  0.000000  0.000000  -35.539450  -4.866109  7.142857  70.775407  16.240061  -7.010284  -8.789436  49.819725  2.871946  34.560601  114.713113
0.839959  0.000000  0.000000  0.000000  -35.539450  -4.866109  11.428571  71.129858  12.188773  -8.452802  -8.789436  49.819725  2.871946  34.560601  114.713113
0.840215  0.000000  0.000000  0.000000  -35.539450  -4.866109  15.714286  71.376792  8.130211  -9.851803  -8.789436  49.819725  2.871946  34.560601  114.713113
0.840472  0.000000  0.000000  0.000000  -35.539450  -4.866109  20.000000  71.522542  4.066972  -11.222732  -8.789436  49.819725  2.871946  34.560601  114.713113
0.840728  0.000000  0.000000  0.000000  -35.539450  -4.866109  24.285714  71.570746  0.001435  -12.579871  -8.789436  49.819725  2.871946  34.560601  114.713113
0.840985  0.000000  0.000000  0.000000  -35.539450  -4.866109  28.571429  71.522596  -4.064109  -13.937001  -8.789436  49.819725  2.871946  34.560601  114.713113
0.841241  0.000000  0.000000  0.000000  -35.539450  -4.866109  32.857143  71.376931  -8.127351  -15.307915  -8.789436  49.819725  2.871946  34.560601  114.713113
0.841498  0.000000  0.000000  0.000000  -35.539450  -4.866109  37.142857  71.130070  -12.185914  -16.706897  -8.789436  49.819725  2.871946  34.560601  114.713113
0.841754  0.000000  0.000000  0.000000  -35.539450  -4.866109  41.428571  70.775698  -16.237207  -18.149378  -8.789436  49.819725  2.871946  34.560601  114.713113
0.842011  0.000000  0.000000  0.000000  -35.539450  -4.866109  45.714286  70.304451  -20.278342  -19.652535  -8.789436  49.819725  2.871946  34.560601  114.713113
0.842267  0.000000  0.000000  0.000000  -35.539450  -4.866109  50.000000  69.703347  -24.305970  -21.236120  -8.789436  49.819725  2.871946  34.560601  114.713113
0.842524  0.000000  0.000000  0.000000  -17.994768  10.706187  -10.000000  53.588237  10.033742  3.231339  -3.882627  47.566681  0.951603  31.338569  125.805319
0.842780  0.000000  0.000000  0.000000  -17.994768  10.706187  -5.714286  53.958122  6.575945  0.672097  -3.882627  47.566681  0.951603  31.338569  125.805319
0.843037  0.000000  0.000000  0.000000  -17.994768  10.706187  -1.428571  54.171219  3.105324  -1.851688  -3.882627  47.566681  0.951603  31.338569  125.805319
0.843293  0.000000  0.000000  0.000000  -17.994768  10.706187  2.857143  54.231074  -0.371269  -4.358904  -3.882627  47.566681  0.951603  31.338569  125.805319
0.843550  0.000000  0.000000  0.000000  -17.994768  10.706187  7.142857  54.138668  -3.847148  -6.868102  -3.882627  47.566681  0.951603  31.338569  125.805319
0.843806  0.000000  0.000000  0.000000  -17.994768  10.706187  11.428571  53.892472  -7.315615  -9.397851  -3.882627  47.566681  0.951603  31.338569  125.805319
0.844063  0.000000  0.000000  0.000000  -17.994768  10.706187  15.714286  53.488401  -10.769757  -11.967179  -3.882627  47.566681  0.951603  31.338569  125.805319
0.844319  0.000000  0.000000  0.000000  -17.994768  10.706187  20.000000  52.919702  -14.202261  -14.595981  -3.882627  47.566681  0.951603  31.338569  125.805319
0.844576  0.000000  0.000000  0.000000  -17.994768  10.706187  24.285714  52.176792  -17.605199  -17.305441  -3.882627  47.566681  0.951603  31.338569  125.805319
0.844832  0.000000  0.000000  0.000000  -17.994768  10.706187  28.571429  51.247046  -20.969789  -20.118476  -3.882627  47.566681  0.951603  31.338569  125.805319
0.845088  0.000000  0.000000  0.000000  -17.994768  10.706187  32.857143  50.114563  -24.286124  -23.060181  -3.882627  47.566681  0.951603  31.338569  125.805319
0.845345  0.000000  0.000000  0.000000  -17.994768  10.706187  37.142857  48.759774  -27.542822  -26.158317  -3.882627  47.566681  0.951603  31.338569  125.805319
0.845601  0.000000  0.000000  0.000000  -17.994768  10.706187  41.428571  47.159295  -30.726679  -29.443661  -3.882627  47.566681  0.951603  31.338569  125.805319
0.845858  0.000000  0.000000  0.000000  -17.994768  10.706187  45.714286  45.285728  -33.822206  -32.950327  -3.882627  47.566681  0.951603  31.338569  125.805319
0.846114  0.000000  0.000000  0.000000  -17.994768  10.706187  50.000000  43.107695  -36.811135  -36.715756  -3.882627  47.566681  0.951603  31.338569  125.805319
0.846371  0.000000  0.000000  0.000000  -27.470460  11.324910  -10.000000  52.480893  19.330308  4.249811  20.315643  23.401046  14.003355  21.187748  118.948379
0.846627  0.000000  0.000000  0.000000  -27.470460  11.324910  -5.714286  53.302552  15.911794  1.537226  20.315643  23.401046  14.003355  21.187748  118.948379
0.846884  0.000000  0.000000  0.000000  -27.470460  11.324910  -1.428571  53.945360  12.460561  -1.084116  20.315643  23.401046  14.003355  21.187748  118.948379
0.847140  0.000000  0.000000  0.000000  -27.470460  11.324910  2.857143  54.420511  8.984737  -3.636299  20.315643  23.401046  14.003355  21.187748  118.948379
0.847397  0.000000  0.000000  0.000000  -27.470460  11.324910  7.142857  54.736128  5.491723  -6.139834  20.315643  23.401046  14.003355  21.187748  118.948379
0.847653  0.000000  0.000000  0.000000  -27.470460  11.324910  11.428571  54.897638  1.988390  -8.614106  20.315643  23.401046  14.003355  21.187748  118.948379
0.847910  0.000000  0.000000  0.000000  -27.470460  11.324910  15.714286  54.907747  -1.518621  -11.077885  20.315643  23.401046  14.003355  21.187748  118.948379
0.848166  0.000000  0.000000  0.000000  -27.470460  11.324910  20.000000  54.766620  -5.022824  -13.549673  20.315643  23.401046  14.003355  21.187748  118.948379
0.848423  0.000000  0.000000  0.000000  -27.470460  11.324910  24.285714  54.471905  -8.517613  -16.048181  20.315643  23.401046  14.003355  21.187748  118.948379
0.848679  0.000000  0.000000  0.000000  -27.470460  11.324910  28.571429  54.018547  -11.996162  -18.592679  20.315643  23.401046  14.003355  21.187748  118.948379
0.848936  0.000000  0.000000  0.000000  -27.470460  11.324910  32.857143  53.398770  -15.451138  -21.203521  20.315643  23.401046  14.003355  21.187748  118.948379
0.849192  0.000000  0.000000  0.000000  -27.470460  11.324910  37.142857  52.601831  -18.874539  -23.902533  20.315643  23.401046  14.003355  21.187748  118.948379
0.849449  0.000000  0.000000  0.000000  -27.470460  11.324910  41.428571  51.613768  -22.257411  -26.713522  20.315643  23.401046  14.003355  21.187748  118.948379
0.849705  0.000000  0.000000  0.000000  -27.470460  11.324910  45.714286  50.417080  -25.589553  -29.662759  20.315643  23.401046  14.003355  21.187748  118.948379
0.849962  0.000000  0.000000  0.000000  -27.470460  11.324910  50.000000  48.990404  -28.859202  -32.779460  20.315643  23.401046  14.003355  21.187748  118.948379
0.850218  0.000000  0.000000  0.000000  -21.351083  23.419192  -10.000000  50.603884  25.273339  20.742203  3.104244  35.777688  17.806333  18.282699  128.502684
0.850474  0.000000  0.000000  0.000000  -21.351083  23.419192  -5.714286  51.778099  21.932953  17.811376  3.104244  35.777688  17.806333  18.282699  128.502684
0.850731  0.000000  0.000000  0.000000  -21.351083  23.419192  -1.428571  52.745641  18.543026  15.016071  3.104244  35.777688  17.806333  18.282699  128.502684
0.850987  0.000000  0.000000  0.000000  -21.351083  23.419192  2.857143  53.523678  15.113597  12.330262  3.104244  35.777688  17.806333  18.282699  128.502684
0.851244  0.000000  0.000000  0.000000  -21.351083  23.419192  7.142857  54.125848  11.653493  9.730353  3.104244  35.777688  17.806333  18.282699  128.502684
0.851500  0.000000  0.000000  0.000000  -21.351083  23.419192  11.428571  54.562605  8.170624  7.194685  3.104244  35.777688  17.806333  18.282699  128.502684
0.851757  0.000000  0.000000  0.000000  -21.351083  23.419192  15.714286  54.841444  4.672251  4.703021  3.104244  35.777688  17.806333  18.282699  128.502684
0.852013  0.000000  0.000000  0.000000  -21.351083  23.419192  20.000000  54.967130  1.165170  2.236159  3.104244  35.777688  17.806333  18.282699  128.502684
0.852270  0.000000  0.000000  0.000000  -21.351083  23.419192  24.285714  54.941799  -2.344065  -0.224560  3.104244  35.777688  17.806333  18.282699  128.502684
0.852526  0.000000  0.000000  0.000000  -21.351083  23.419192  28.571429  54.765020  -5.848962  -2.697654  3.104244  35.777688  17.806333  18.282699  128.502684
0.852783  0.000000  0.000000  0.000000  -21.351083  23.419192  32.857143  54.433780  -9.342896  -5.201928  3.104244  35.777688  17.806333  18.282699  128.502684
0.853039  0.000000  0.000000  0.000000  -21.351083  23.419192  37.142857  53.942435  -12.818956  -7.756856  3.104244  35.777688  17.806333  18.282699  128.502684
0.853296  0.000000  0.000000  0.000000  -21.351083  23.419192  41.428571  53.282494  -16.269679  -10.383120  3.104244  35.777688  17.806333  18.282699  128.502684
0.853552  0.000000  0.000000  0.000000  -21.351083  23.419192  45.714286  52.442476  -19.686886  -13.102973  3.104244  35.777688  17.806333  18.282699  128.502684
0.853809  0.000000  0.000000  0.000000  -21.351083  23.419192  50.000000  51.407592  -23.061350  -15.940776  3.104244  35.777688  17.806333  18.282699  128.502684
0.854065  0.000000  0.000000  0.000000  -24.986255  9.986076  -10.000000  53.409453  21.365063  4.840852  -10.021516  30.181720  -4.030247  21.999805  124.706268
0.854322  0.000000  0.000000  0.000000  -24.986255  9.986076  -5.714286  54.311590  17.903319  2.157692  -10.021516  30.181720  -4.030247  21.999805  124.706268
0.854578  0.000000  0.000000  0.000000  -24.986255  9.986076  -1.428571  55.029825  14.406238  -0.422131  -10.021516  30.181720  -4.030247  21.999805  124.706268
0.854835  0.000000  0.000000  0.000000  -24.986255  9.986076  2.857143  55.577352  10.882035  -2.921911  -10.021516  30.181720  -4.030247  21.999805  124.706268
0.855091  0.000000  0.000000  0.000000  -24.986255  9.986076  7.142857  55.964116  7.338096  -5.363076  -10.021516  30.181720  -4.030247  21.999805  124.706268
0.855348  0.000000  0.000000  0.000000  -24.986255  9.986076  11.428571  56.197010  3.781188  -7.765539  -10.021516  30.181720  -4.030247  21.999805  124.706268
0.855604  0.000000  0.000000  0.000000  -24.986255  9.986076  15.714286  56.280204  0.217706  -10.148329  -10.021516  30.181720  -4.030247  21.999805  124.706268
0.855860  0.000000  0.000000  0.000000  -24.986255  9.986076  20.000000  56.215149  -3.346152  -12.529992  -10.021516  30.181720  -4.030247  21.999805  124.706268
0.856117  0.000000  0.000000  0.000000  -24.986255  9.986076  24.285714  56.000703  -6.904199  -14.929046  -10.021516  30.181720  -4.030247  21.999805  124.706268
0.856373  0.000000  0.000000  0.000000  -24.986255  9.986076  28.571429  55.633057  -10.450080  -17.364424  -10.021516  30.181720  -4.030247  21.999805  124.706268
0.856630  0.000000  0.000000  0.000000  -24.986255  9.986076  32.857143  55.105620  -13.977070  -19.855938  -10.021516  30.181720  -4.030247  21.999805  124.706268
0.856886  0.000000  0.000000  0.000000  -24.986255  9.986076  37.142857  54.408881  -17.477888  -22.424784  -10.021516  30.181720  -4.030247  21.999805  124.706268
0.857143  0.000000  0.000000  0.000000  -24.986255  9.986076  41.428571  53.530032  -20.944426  -25.093992  -10.021516  30.181720  -4.030247  21.999805  124.706268
0.857399  0.000000  0.000000  0.000000  -24.986255  9.986076  45.714286  52.452725  -24.367491  -27.889052  -10.021516  30.181720  -4.030247  21.999805  124.706268
0.857656  0.000000  0.000000  0.000000  -24.986255  9.986076  50.000000  51.156602  -27.736474  -30.838447  -10.021516  30.181720  -4.030247  21.999805  124.706268
0.857912  0.000000  0.000000  0.000000  -43.414506  20.013862  -10.000000  55.785545  32.657298  15.141534  5.199102  47.559760  9.850170  17.486090  127.677978
0.858169  0.000000  0.000000  0.000000  -43.414506  20.013862  -5.714286  57.200515  29.083011  12.385544  5.199102  47.559760  9.850170  17.486090  127.677978
0.858425  0.000000  0.000000  0.000000  -43.414506  20.013862  -1.428571  58.378637  25.456213  9.815864  5.199102  47.559760  9.850170  17.486090  127.677978
0.858682  0.000000  0.000000  0.000000  -43.414506  20.013862  2.857143  59.348252  21.787320  7.397549  5.199102  47.559760  9.850170  17.486090  127.677978
0.858938  0.000000  0.000000  0.000000  -43.414506  20.013862  7.142857  60.131964  18.085017  5.100584  5.199102  47.559760  9.850170  17.486090  127.677978
0.859195  0.000000  0.000000  0.000000  -43.414506  20.013862  11.428571  60.747353  14.356667  2.898997  5.199102  47.559760  9.850170  17.486090  127.677978
0.859451  0.000000  0.000000  0.000000  -43.414506  20.013862  15.714286  61.207866  10.608671  0.769802  5.199102  47.559760  9.850170  17.486090  127.677978
0.859708  0.000000  0.000000  0.000000  -43.414506  20.013862  20.000000  61.523302  6.846702  -1.307680  5.199102  47.559760  9.850170  17.486090  127.677978
0.859964  0.000000  0.000000  0.000000  -43.414506  20.013862  24.285714  61.700267  3.075958  -3.352589  5.199102  47.559760  9.850170  17.486090  127.677978
0.860221  0.000000  0.000000  0.000000  -43.414506  20.013862  28.571429  61.742415  -0.698667  -5.383059  5.199102  47.559760  9.850170  17.486090  127.677978
0.860477  0.000000  0.000000  0.000000  -43.414506  20.013862  32.857143  61.650612  -4.472415  -7.416799  5.199102  47.559760  9.850170  17.486090  127.677978
0.860734  0.000000  0.000000  0.000000  -43.414506  20.013862  37.142857  61.422968  -8.240491  -9.471618  5.199102  47.559760  9.850170  17.486090  127.677978
0.860990  0.000000  0.000000  0.000000  -43.414506  20.013862  41.428571  61.054767  -11.997917  -11.565935  5.199102  47.559760  9.850170  17.486090  127.677978
0.861246  0.000000  0.000000  0.000000  -43.414506  20.013862  45.714286  60.538254  -15.739337  -13.719403  5.199102  47.559760  9.850170  17.486090  127.677978
0.861503  0.000000  0.000000  0.000000  -43.414506  20.013862  50.000000  59.862337  -19.458836  -15.953474  5.199102  47.559760  9.850170  17.486090  127.677978
0.861759  0.000000  0.000000  0.000000  -32.891720  -0.664881  -10.000000  74.563895  41.005012  2.103615  8.728358  18.627651  -0.431740  34.702284  114.283686
0.862016  0.000000  0.000000  0.000000  -32.891720  -0.664881  -5.714286  75.459776  36.864846  0.679019  8.728358  18.627651  -0.431740  34.702284  114.283686
0.862272  0.000000  0.000000  0.000000  -32.891720  -0.664881  -1.428571  76.189230  32.709428  -0.598653  8.728358  18.627651  -0.431740  34.702284  114.283686
0.862529  0.000000  0.000000  0.000000  -32.891720  -0.664881  2.857143  76.782411  28.542214  -1.762257  8.728358  18.627651  -0.431740  34.702284  114.283686
0.862785  0.000000  0.000000  0.000000  -32.891720  -0.664881  7.142857  77.261543  24.365839  -2.837061  8.728358  18.627651  -0.431740  34.702284  114.283686
0.863042  0.000000  0.000000  0.000000  -32.891720  -0.664881  11.428571  77.643106  20.182374  -3.843013  8.728358  18.627651  -0.431740  34.702284  114.283686
0.863298  0.000000  0.000000  0.000000  -32.891720  -0.664881  15.714286  77.939249  15.993481  -4.796218  8.728358  18.627651  -0.431740  34.702284  114.283686
0.863555  0.000000  0.000000  0.000000  -32.891720  -0.664881  20.000000  78.158929  11.800569  -5.710238  8.728358  18.627651  -0.431740  34.702284  114.283686
0.863811  0.000000  0.000000  0.000000  -32.891720  -0.664881  24.285714  78.308430  7.604825  -6.596673  8.728358  18.627651  -0.431740  34.702284  114.283686
0.864068  0.000000  0.000000  0.000000  -32.891720  -0.664881  28.571429  78.391890  3.407314  -7.465902  8.728358  18.627651  -0.431740  34.702284  114.283686
0.864324  0.000000  0.000000  0.000000  -32.891720  -0.664881  32.857143  78.411576  -0.790972  -8.327571  8.728358  18.627651  -0.431740  34.702284  114.283686
0.864581  0.000000  0.000000  0.000000  -32.891720  -0.664881  37.142857  78.368013  -4.989074  -9.190986  8.728358  18.627651  -0.431740  34.702284  114.283686
0.864837  0.000000  0.000000  0.000000  -32.891720  -0.664881  41.428571  78.260032  -9.186038  -10.065536  8.728358  18.627651  -0.431740  34.702284  114.283686
0.865094  0.000000  0.000000  0.000000  -32.891720  -0.664881  45.714286  78.084685  -13.380848  -10.961086  8.728358  18.627651  -0.431740  34.702284  114.283686
0.865350  0.000000  0.000000  0.000000  -32.891720  -0.664881  50.000000  77.837059  -17.572396  -11.888428  8.728358  18.627651  -0.431740  34.702284  114.283686
0.865607  0.000000  0.000000  0.000000  -17.679865  -0.608512  -10.000000  63.760274  39.765876  -0.457047  -12.964107  21.611077  -1.946229  15.319976  110.031802
0.865863  0.000000  0.000000  0.000000  -17.679865  -0.608512  -5.714286  65.194968  35.897732  -2.794632  -12.964107  21.611077  -1.946229  15.319976  110.031802
0.866120  0.000000  0.000000  0.000000  -17.679865  -0.608512  -1.428571  66.378598  31.988537  -4.913027  -12.964107  21.611077  -1.946229  15.319976  110.031802
0.866376  0.000000  0.000000  0.000000  -17.679865  -0.608512  2.857143  67.351922  28.047042  -6.857343  -12.964107  21.611077  -1.946229  15.319976  110.031802
0.866632  0.000000  0.000000  0.000000  -17.679865  -0.608512  7.142857  68.146047  24.080106  -8.663559  -12.964107  21.611077  -1.946229  15.319976  110.031802
0.866889  0.000000  0.000000  0.000000  -17.679865  -0.608512  11.428571  68.784702  20.093239  -10.360939  -12.964107  21.611077  -1.946229  15.319976  110.031802
0.867145  0.000000  0.000000  0.000000  -17.679865  -0.608512  15.714286  69.285885  16.090949  -11.973756  -12.964107  21.611077  -1.946229  15.319976  110.031802
0.867402  0.000000  0.000000  0.000000  -17.679865  -0.608512  20.000000  69.663073  12.077065  -13.522704  -12.964107  21.611077  -1.946229  15.319976  110.031802
0.867658  0.000000  0.000000  0.000000  -17.679865  -0.608512  24.285714  69.925960  8.054860  -15.025774  -12.964107  21.611077  -1.946229  15.319976  110.031802
0.867915  0.000000  0.000000  0.000000  -17.679865  -0.608512  28.571429  70.081129  4.027292  -16.499204  -12.964107  21.611077  -1.946229  15.319976  110.031802
0.868171  0.000000  0.000000  0.000000  -17.679865  -0.608512  32.857143  70.132387  -0.002905  -17.958097  -12.964107  21.611077  -1.946229  15.319976  110.031802
0.868428  0.000000  0.000000  0.000000  -17.679865  -0.608512  37.142857  70.080973  -4.033107  -19.417002  -12.964107  21.611077  -1.946229  15.319976  110.031802
0.868684  0.000000  0.000000  0.000000  -17.679865  -0.608512  41.428571  69.925656  -8.060658  -20.890474  -12.964107  21.611077  -1.946229  15.319976  110.031802
0.868941  0.000000  0.000000  0.000000  -17.679865  -0.608512  45.714286  69.662615  -12.082856  -22.393588  -12.964107  21.611077  -1.946229  15.319976  110.031802
0.869197  0.000000  0.000000  0.000000  -17.679865  -0.608512  50.000000  69.285268  -16.096736  -23.942598  -12.964107  21.611077  -1.946229  15.319976  110.031802
0.869454  0.000000  0.000000  0.000000  -34.880107  1.699582  -10.000000  70.123734  37.356086  1.492523  7.794759  27.270750  18.100217  32.574736  118.290912
0.869710  0.000000  0.000000  0.000000  -34.880107  1.699582  -5.714286  71.132033  33.312646  -0.249716  7.794759  27.270750  18.100217  32.574736  118.290912
0.869967  0.000000  0.000000  0.000000  -34.880107  1.699582  -1.428571  71.956676  29.247055  -1.836881  7.794759  27.270750  18.100217  32.574736  118.290912
0.870223  0.000000  0.000000  0.000000  -34.880107  1.699582  2.857143  72.627101  25.164160  -3.302307  7.794759  27.270750  18.100217  32.574736  118.290912
0.870480  0.000000  0.000000  0.000000  -34.880107  1.699582  7.142857  73.165393  21.067777  -4.672493  7.794759  27.270750  18.100217  32.574736  118.290912
0.870736  0.000000  0.000000  0.000000  -34.880107  1.699582  11.428571  73.588102  16.960994  -5.969029  7.794759  27.270750  18.100217  32.574736  118.290912
0.870993  0.000000  0.000000  0.000000  -34.880107  1.699582  15.714286  73.907463  12.846366  -7.209922  7.794759  27.270750  18.100217  32.574736  118.290912
0.871249  0.000000  0.000000  0.000000  -34.880107  1.699582  20.000000  74.132353  8.726114  -8.410765  7.794759  27.270750  18.100217  32.574736  118.290912
0.871506  0.000000  0.000000  0.000000  -34.880107  1.699582  24.285714  74.268762  4.602167  -9.585329  7.794759  27.270750  18.100217  32.574736  118.290912
0.871762  0.000000  0.000000  0.000000  -34.880107  1.699582  28.571429  74.320227  0.476325  -10.746330  7.794759  27.270750  18.100217  32.574736  118.290912
0.872018  0.000000  0.000000  0.000000  -34.880107  1.699582  32.857143  74.288089  -3.649730  -11.905943  7.794759  27.270750  18.100217  32.574736  118.290912
0.872275  0.000000  0.000000  0.000000  -34.880107  1.699582  37.142857  74.171533  -7.774269  -13.076278  7.794759  27.270750  18.100217  32.574736  118.290912
0.872531  0.000000  0.000000  0.000000  -34.880107  1.699582  41.428571  73.967519  -11.895546  -14.269864  7.794759  27.270750  18.100217  32.574736  118.290912
0.872788  0.000000  0.000000  0.000000  -34.880107  1.699582  45.714286  73.670635  -16.011651  -15.500222  7.794759  27.270750  18.100217  32.574736  118.290912
0.873044  0.000000  0.000000  0.000000  -34.880107  1.699582  50.000000  73.272738  -20.120456  -16.782413  7.794759  27.270750  18.100217  32.574736  118.290912
0.873301  0.000000  0.000000  0.000000  -14.586980  17.158126  -10.000000  52.300974  29.276956  14.887980  25.026304  32.431670  -9.509465  30.415996  125.090790
0.873557  0.000000  0.000000  0.000000  -14.586980  17.158126  -5.714286  53.648830  25.854548  11.977163  25.026304  32.431670  -9.509465  30.415996  125.090790
0.873814  0.000000  0.000000  0.000000  -14.586980  17.158126  -1.428571  54.771354  22.377398  9.231519  25.026304  32.431670  -9.509465  30.415996  125.090790
0.874070  0.000000  0.000000  0.000000  -14.586980  17.158126  2.857143  55.691243  18.856203  6.620679  25.026304  32.431670  -9.509465  30.415996  125.090790
0.874327  0.000000  0.000000  0.000000  -14.586980  17.158126  7.142857  56.426744  15.300130  4.117799  25.026304  32.431670  -9.509465  30.415996  125.090790
0.874583  0.000000  0.000000  0.000000  -14.586980  17.158126  11.428571  56.992138  11.717165  1.698887  25.026304  32.431670  -9.509465  30.415996  125.090790
0.874840  0.000000  0.000000  0.000000  -14.586980  17.158126  15.714286  57.398226  8.114416  -0.657849  25.026304  32.431670  -9.509465  30.415996  125.090790
0.875096  0.000000  0.000000  0.000000  -14.586980  17.158126  20.000000  57.652654  4.498360  -2.972582  25.026304  32.431670  -9.509465  30.415996  125.090790
0.875353  0.000000  0.000000  0.000000  -14.586980  17.158126  24.285714  57.760146  0.875074  -5.264398  25.026304  32.431670  -9.509465  30.415996  125.090790
0.875609  0.000000  0.000000  0.000000  -14.586980  17.158126  28.571429  57.722704  -2.749611  -7.551784  25.026304  32.431670  -9.509465  30.415996  125.090790
0.875866  0.000000  0.000000  0.000000  -14.586980  17.158126  32.857143  57.539637  -6.369898  -9.853121  25.026304  32.431670  -9.509465  30.415996  125.090790
0.876122  0.000000  0.000000  0.000000  -14.586980  17.158126  37.142857  57.207542  -9.979848  -12.187139  25.026304  32.431670  -9.509465  30.415996  125.090790
0.876379  0.000000  0.000000  0.000000  -14.586980  17.158126  41.428571  56.720206  -13.573208  -14.573424  25.026304  32.431670  -9.509465  30.415996  125.090790
0.876635  0.000000  0.000000  0.000000  -14.586980  17.158126  45.714286  56.068390  -17.143203  -17.032918  25.026304  32.431670  -9.509465  30.415996  125.090790
0.876892  0.000000  0.000000  0.000000  -14.586980  17.158126  50.000000  55.239542  -20.682310  -19.588471  25.026304  32.431670  -9.509465  30.415996  125.090790
0.877148  0.000000  0.000000  0.000000  -36.034894  15.115433  -10.000000  50.581593  15.610051  9.115678  25.195972  32.464794  -11.808059  22.159306  116.982204
0.877404  0.000000  0.000000  0.000000  -36.034894  15.115433  -5.714286  51.252882  12.282650  6.332092  25.195972  32.464794  -11.808059  22.159306  116.982204
0.877661  0.000000  0.000000  0.000000  -36.034894  15.115433  -1.428571  51.752624  8.927846  3.618356  25.195972  32.464794  -11.808059  22.159306  116.982204
0.877917  0.000000  0.000000  0.000000  -36.034894  15.115433  2.857143  52.088613  5.553706  0.954258  25.195972  32.464794  -11.808059  22.159306  116.982204
0.878174  0.000000  0.000000  0.000000  -36.034894  15.115433  7.142857  52.266051  2.167770  -1.679421  25.195972  32.464794  -11.808059  22.159306  116.982204
0.878430  0.000000  0.000000  0.000000  -36.034894  15.115433  11.428571  52.287687  -1.222721  -4.301326  25.195972  32.464794  -11.808059  22.159306  116.982204
0.878687  0.000000  0.000000  0.000000  -36.034894  15.115433  15.714286  52.153856  -4.610647  -6.929867  25.195972  32.464794  -11.808059  22.159306  116.982204
0.878943  0.000000  0.000000  0.000000  -36.034894  15.115433  20.000000  51.862486  -7.988819  -9.583580  25.195972  32.464794  -11.808059  22.159306  116.982204
0.879200  0.000000  0.000000  0.000000  -36.034894  15.115433  24.285714  51.409049  -11.349790  -12.281512  25.195972  32.464794  -11.808059  22.159306  116.982204
0.879456  0.000000  0.000000  0.000000  -36.034894  15.115433  28.571429  50.786534  -14.685684  -15.043511  25.195972  32.464794  -11.808059  22.159306  116.982204
0.879713  0.000000  0.000000  0.000000  -36.034894  15.115433  32.857143  49.985170  -17.987918  -17.890745  25.195972  32.464794  -11.808059  22.159306  116.982204
0.879969  0.000000  0.000000  0.000000  -36.034894  15.115433  37.142857  48.992406  -21.247022  -20.845924  25.195972  32.464794  -11.808059  22.159306  116.982204
0.880226  0.000000  0.000000  0.000000  -36.034894  15.115433  41.428571  47.792650  -24.452330  -23.933731  25.195972  32.464794  -11.808059  22.159306  116.982204
0.880482  0.000000  0.000000  0.000000  -36.034894  15.115433  45.714286  46.367124  -27.591696  -27.181121  25.195972  32.464794  -11.808059  22.159306  116.982204
0.880739  0.000000  0.000000  0.000000  -36.034894  15.115433  50.000000  44.693771  -30.651106  -30.617539  25.195972  32.464794  -11.808059  22.159306  116.982204
0.880995  0.000000  0.000000  0.000000  -16.914641  6.111035  -10.000000  54.878329  31.108207  11.367201  8.154073  20.763089  16.246577  15.528662  123.244795
0.881252  0.000000  0.000000  0.000000  -16.914641  6.111035  -5.714286  56.241406  27.572927  8.587146  8.154073  20.763089  16.246577  15.528662  123.244795
0.881508  0.000000  0.000000  0.000000  -16.914641  6.111035  -1.428571  57.375109  23.985779  5.982024  8.154073  20.763089  16.246577  15.528662  123.244795
0.881765  0.000000  0.000000  0.000000  -16.914641  6.111035  2.857143  58.305154  20.357039  3.519066  8.154073  20.763089  16.246577  15.528662  123.244795
0.882021  0.000000  0.000000  0.000000  -16.914641  6.111035  7.142857  59.052085  16.695366  1.169808  8.154073  20.763089  16.246577  15.528662  123.244795
0.882278  0.000000  0.000000  0.000000  -16.914641  6.111035  11.428571  59.631864  13.008189  -1.090684  8.154073  20.763089  16.246577  15.528662  123.244795
0.882534  0.000000  0.000000  0.000000  -16.914641  6.111035  15.714286  60.056605  9.302030  -3.284706  8.154073  20.763089  16.246577  15.528662  123.244795
0.882790  0.000000  0.000000  0.000000  -16.914641  6.111035  20.000000  60.334996  5.582752  -5.432588  8.154073  20.763089  16.246577  15.528662  123.244795
0.883047  0.000000  0.000000  0.000000  -16.914641  6.111035  24.285714  60.472652  1.855777  -7.553327  8.154073  20.763089  16.246577  15.528662  123.244795
0.883303  0.000000  0.000000  0.000000  -16.914641  6.111035  28.571429  60.472321  -1.873727  -9.665132  8.154073  20.763089  16.246577  15.528662  123.244795
0.883560  0.000000  0.000000  0.000000  -16.914641  6.111035  32.857143  60.333996  -5.600677  -11.785958  8.154073  20.763089  16.246577  15.528662  123.244795
0.883816  0.000000  0.000000  0.000000  -16.914641  6.111035  37.142857  60.054910  -9.319898  -13.934031  8.154073  20.763089  16.246577  15.528662  123.244795
0.884073  0.000000  0.000000  0.000000  -16.914641  6.111035  41.428571  59.629454  -13.025987  -16.128308  8.154073  20.763089  16.246577  15.528662  123.244795
0.884329  0.000000  0.000000  0.000000  -16.914641  6.111035  45.714286  59.048901  -16.713058  -18.389170  8.154073  20.763089  16.246577  15.528662  123.244795
0.884586  0.000000  0.000000  0.000000  -16.914641  6.111035  50.000000  58.301135  -20.374594  -20.738908  8.154073  20.763089  16.246577  15.528662  123.244795
0.884842  0.000000  0.000000  0.000000  -40.593235  15.621949  -10.000000  54.489455  19.552799  9.312568  -5.279862  28.080058  7.606210  34.152360  123.441862
0.885099  0.000000  0.000000  0.000000  -40.593235  15.621949  -5.714286  55.281303  16.046447  6.723811  -5.279862  28.080058  7.606210  34.152360  123.441862
0.885355  0.000000  0.000000  0.000000  -40.593235  15.621949  -1.428571  55.897945  12.510102  4.225078  -5.279862  28.080058  7.606210  34.152360  123.441862
0.885612  0.000000  0.000000  0.000000  -40.593235  15.621949  2.857143  56.350867  8.951349  1.794120  -5.279862  28.080058  7.606210  34.152360  123.441862
0.885868  0.000000  0.000000  0.000000  -40.593235  15.621949  7.142857  56.648324  5.377058  -0.589586  -5.279862  28.080058  7.606210  34.152360  123.441862
0.886125  0.000000  0.000000  0.000000  -40.593235  15.621949  11.428571  56.795748  1.793608  -2.945386  -5.279862  28.080058  7.606210  34.152360  123.441862
0.886381  0.000000  0.000000  0.000000  -40.593235  15.621949  15.714286  56.795768  -1.792851  -5.291968  -5.279862  28.080058  7.606210  34.152360  123.441862
0.886638  0.000000  0.000000  0.000000  -40.593235  15.621949  20.000000  56.648382  -5.376295  -7.647770  -5.279862  28.080058  7.606210  34.152360  123.441862
0.886894  0.000000  0.000000  0.000000  -40.593235  15.621949  24.285714  56.350945  -8.950595  -10.031465  -5.279862  28.080058  7.606210  34.152360  123.441862
0.887151  0.000000  0.000000  0.000000  -40.593235  15.621949  28.571429  55.898070  -12.509358  -12.462400  -5.279862  28.080058  7.606210  34.152360  123.441862
0.887407  0.000000  0.000000  0.000000  -40.593235  15.621949  32.857143  55.281451  -16.045704  -14.961126  -5.279862  28.080058  7.606210  34.152360  123.441862
0.887664  0.000000  0.000000  0.000000  -40.593235  15.621949  37.142857  54.489641  -19.552064  -17.549861  -5.279862  28.080058  7.606210  34.152360  123.441862
0.887920  0.000000  0.000000  0.000000  -40.593235  15.621949  41.428571  53.507704  -23.019912  -20.253080  -5.279862  28.080058  7.606210  34.152360  123.441862
0.888176  0.000000  0.000000  0.000000  -40.593235  15.621949  45.714286  52.316795  -26.439441  -23.098104  -5.279862  28.080058  7.606210  34.152360  123.441862
0.888433  0.000000  0.000000  0.000000  -40.593235  15.621949  50.000000  50.893695  -29.799231  -26.115722  -5.279862  28.080058  7.606210  34.152360  123.441862
0.888689  0.000000  0.000000  0.000000  -40.844091  -1.006650  -10.000000  68.253040  34.729109  2.971359  -0.047082  22.170215  1.468134  22.963592  113.980391
0.888946  0.000000  0.000000  0.000000  -40.844091  -1.006650  -5.714286  69.251828  30.734327  1.125400  -0.047082  22.170215  1.468134  22.963592  113.980391
0.889202  0.000000  0.000000  0.000000  -40.844091  -1.006650  -1.428571  70.068621  26.715509  -0.572968  -0.047082  22.170215  1.468134  22.963592  113.980391
0.889459  0.000000  0.000000  0.000000  -40.844091  -1.006650  2.857143  70.730098  22.677858  -2.155085  -0.047082  22.170215  1.468134  22.963592  113.980391
0.889715  0.000000  0.000000  0.000000  -40.844091  -1.006650  7.142857  71.256418  18.625557  -3.646397  -0.047082  22.170215  1.468134  22.963592  113.980391
0.889972  0.000000  0.000000  0.000000  -40.844091  -1.006650  11.428571  71.662700  14.562056  -5.068067  -0.047082  22.170215  1.468134  22.963592  113.980391
0.890228  0.000000  0.000000  0.000000  -40.844091  -1.006650  15.714286  71.960057  10.490283  -6.438170  -0.047082  22.170215  1.468134  22.963592  113.980391
0.890485  0.000000  0.000000  0.000000  -40.844091  -1.006650  20.000000  72.156315  6.412798  -7.772601  -0.047082  22.170215  1.468134  22.963592  113.980391
0.890741  0.000000  0.000000  0.000000  -40.844091  -1.006650  24.285714  72.256500  2.331917  -9.085813  -0.047082  22.170215  1.468134  22.963592  113.980391
0.890998  0.000000  0.000000  0.000000  -40.844091  -1.006650  28.571429  72.263132  -1.750179  -10.391416  -0.047082  22.170215  1.468134  22.963592  113.980391
0.891254  0.000000  0.000000  0.000000  -40.844091  -1.006650  32.857143  72.176379  -5.831363  -11.702724  -0.047082  22.170215  1.468134  22.963592  113.980391
0.891511  0.000000  0.000000  0.000000  -40.844091  -1.006650  37.142857  71.994059  -9.909470  -13.033274  -0.047082  22.170215  1.468134  22.963592  113.980391
0.891767  0.000000  0.000000  0.000000  -40.844091  -1.006650  41.428571  71.711519  -13.982207  -14.397363  -0.047082  22.170215  1.468134  22.963592  113.980391
0.892024  0.000000  0.000000  0.000000  -40.844091  -1.006650  45.714286  71.321357  -18.047055  -15.810639  -0.047082  22.170215  1.468134  22.963592  113.980391
0.892280  0.000000  0.000000  0.000000  -40.844091  -1.006650  50.000000  70.812963  -22.101145  -17.290819  -0.047082  22.170215  1.468134  22.963592  113.980391
0.892537  0.000000  0.000000  0.000000  -16.401354  13.814243  -10.000000  49.175280  19.300536  11.483648  -7.801348  23.249901  4.483163  20.275819  111.322464
0.892793  0.000000  0.000000  0.000000  -16.401354  13.814243  -5.714286  50.060128  16.035202  8.569912  -7.801348  23.249901  4.483163  20.275819  111.322464
0.893049  0.000000  0.000000  0.000000  -16.401354  13.814243  -1.428571  50.760870  12.731812  5.750691  -7.801348  23.249901  4.483163  20.275819  111.322464
0.893306  0.000000  0.000000  0.000000  -16.401354  13.814243  2.857143  51.288307  9.399378  3.004353  -7.801348  23.249901  4.483163  20.275819  111.322464
0.893562  0.000000  0.000000  0.000000  -16.401354  13.814243  7.142857  51.650524  6.046146  0.310582  -7.801348  23.249901  4.483163  20.275819  111.322464
0.893819  0.000000  0.000000  0.000000  -16.401354  13.814243  11.428571  51.853038  2.679815  -2.349904  -7.801348  23.249901  4.483163  20.275819  111.322464
0.894075  0.000000  0.000000  0.000000  -16.401354  13.814243  15.714286  51.898957  -0.692255  -4.995773  -7.801348  23.249901  4.483163  20.275819  111.322464
0.894332  0.000000  0.000000  0.000000  -16.401354  13.814243  20.000000  51.788968  -4.062848  -7.645407  -7.801348  23.249901  4.483163  20.275819  111.322464
0.894588  0.000000  0.000000  0.000000  -16.401354  13.814243  24.285714  51.521409  -7.424708  -10.317271  -7.801348  23.249901  4.483163  20.275819  111.322464
0.894845  0.000000  0.000000  0.000000  -16.401354  13.814243  28.571429  51.092186  -10.770361  -13.030237  -7.801348  23.249901  4.483163  20.275819  111.322464
0.895101  0.000000  0.000000  0.000000  -16.401354  13.814243  32.857143  50.494731  -14.091906  -15.803976  -7.801348  23.249901  4.483163  20.275819  111.322464
0.895358  0.000000  0.000000  0.000000  -16.401354  13.814243  37.142857  49.719870  -17.380817  -18.659287  -7.801348  23.249901  4.483163  20.275819  111.322464
0.895614  0.000000  0.000000  0.000000  -16.401354  13.814243  41.428571  48.755667  -20.627690  -21.618472  -7.801348  23.249901  4.483163  20.275819  111.322464
0.895871  0.000000  0.000000  0.000000  -16.401354  13.814243  45.714286  47.587264  -23.821986  -24.705669  -7.801348  23.249901  4.483163  20.275819  111.322464
0.896127  0.000000  0.000000  0.000000  -16.401354  13.814243  50.000000  46.196718  -26.951749  -27.947157  -7.801348  23.249901  4.483163  20.275819  111.322464
0.896384  0.000000  0.000000  0.000000  -37.102712  21.962575  -10.000000  50.497271  27.671334  21.025017  -0.666669  37.156866  9.286017  33.387380  126.814607
0.896640  0.000000  0.000000  0.000000  -37.102712  21.962575  -5.714286  51.809137  24.332678  18.034458  -0.666669  37.156866  9.286017  33.387380  126.814607
0.896897  0.000000  0.000000  0.000000  -37.102712  21.962575  -1.428571  52.901144  20.938452  15.198816  -0.666669  37.156866  9.286017  33.387380  126.814607
0.897153  0.000000  0.000000  0.000000  -37.102712  21.962575  2.857143  53.793464  17.499483  12.489775  -0.666669  37.156866  9.286017  33.387380  126.814607
0.897410  0.000000  0.000000  0.000000  -37.102712  21.962575  7.142857  54.502312  14.025156  9.881957  -0.666669  37.156866  9.286017  33.387380  126.814607
0.897666  0.000000  0.000000  0.000000  -37.102712  21.962575  11.428571  55.040430  10.523759  7.352334  -0.666669  37.156866  9.286017  33.387380  126.814607
0.897923  0.000000  0.000000  0.000000  -37.102712  21.962575  15.714286  55.417375  7.002762  4.879710  -0.666669  37.156866  9.286017  33.387380  126.814607
0.898179  0.000000  0.000000  0.000000  -37.102712  21.962575  20.000000  55.639768  3.469048  2.444237  -0.666669  37.156866  9.286017  33.387380  126.814607
0.898435  0.000000  0.000000  0.000000  -37.102712  21.962575  24.285714  55.711485  -0.070863  0.026946  -0.666669  37.156866  9.286017  33.387380  126.814607
0.898692  0.000000  0.000000  0.000000  -37.102712  21.962575  28.571429  55.633770  -3.610660  -2.390720  -0.666669  37.156866  9.286017  33.387380  126.814607
0.898948  0.000000  0.000000  0.000000  -37.102712  21.962575  32.857143  55.405291  -7.143995  -4.827318  -0.666669  37.156866  9.286017  33.387380  126.814607
0.899205  0.000000  0.000000  0.000000  -37.102712  21.962575  37.142857  55.022041  -10.664343  -7.301833  -0.666669  37.156866  9.286017  33.387380  126.814607
0.899461  0.000000  0.000000  0.000000  -37.102712  21.962575  41.428571  54.477290  -14.164804  -9.834169  -0.666669  37.156866  9.286017  33.387380  126.814607
0.899718  0.000000  0.000000  0.000000  -37.102712  21.962575  45.714286  53.761365  -17.637886  -12.445579  -0.666669  37.156866  9.286017  33.387380  126.814607
0.899974  0.000000  0.000000  0.000000  -37.102712  21.962575  50.000000  52.861402  -21.075250  -15.159179  -0.666669  37.156866  9.286017  33.387380  126.814607
0.900231  0.000000  0.000000  0.000000  -32.020101  6.270345  -10.000000  63.385170  29.676431  6.253117  27.779485  40.116725  13.135676  20.432598  120.504278
0.900487  0.000000  0.000000  0.000000  -32.020101  6.270345  -5.714286  64.378366  25.827850  4.121579  27.779485  40.116725  13.135676  20.432598  120.504278
0.900744  0.000000  0.000000  0.000000  -32.020101  6.270345  -1.428571  65.187469  21.950140  2.124938  27.779485  40.116725  13.135676  20.432598  120.504278
0.901000  0.000000  0.000000  0.000000  -32.020101  6.270345  2.857143  65.834366  18.049591  0.234767  27.779485  40.116725  13.135676  20.432598  120.504278
0.901257  0.000000  0.000000  0.000000  -32.020101  6.270345  7.142857  66.335749  14.131476  -1.573063  27.779485  40.116725  13.135676  20.432598  120.504278
0.901513  0.000000  0.000000  0.000000  -32.020101  6.270345  11.428571  66.704045  10.200314  -3.319514  27.779485  40.116725  13.135676  20.432598  120.504278
0.901770  0.000000  0.000000  0.000000  -32.020101  6.270345  15.714286  66.948099  6.260101  -5.023259  27.779485  40.116725  13.135676  20.432598  120.504278
0.902026  0.000000  0.000000  0.000000  -32.020101  6.270345  20.000000  67.073632  2.314480  -6.701437  27.779485  40.116725  13.135676  20.432598  120.504278
0.902283  0.000000  0.000000  0.000000  -32.020101  6.270345  24.285714  67.083569  -1.633113  -8.370286  27.779485  40.116725  13.135676  20.432598  120.504278
0.902539  0.000000  0.000000  0.000000  -32.020101  6.270345  28.571429  66.978117  -5.579316  -10.045712  27.779485  40.116725  13.135676  20.432598  120.504278
0.902796  0.000000  0.000000  0.000000  -32.020101  6.270345  32.857143  66.754838  -9.520710  -11.743867  27.779485  40.116725  13.135676  20.432598  120.504278
0.903052  0.000000  0.000000  0.000000  -32.020101  6.270345  37.142857  66.408537  -13.453713  -13.481650  27.779485  40.116725  13.135676  20.432598  120.504278
0.903309  0.000000  0.000000  0.000000  -32.020101  6.270345  41.428571  65.930907  -17.374387  -15.277464  27.779485  40.116725  13.135676  20.432598  120.504278
0.903565  0.000000  0.000000  0.000000  -32.020101  6.270345  45.714286  65.310189  -21.278318  -17.151799  27.779485  40.116725  13.135676  20.432598  120.504278
0.903821  0.000000  0.000000  0.000000  -32.020101  6.270345  50.000000  64.530489  -25.160393  -19.128174  27.779485  40.116725  13.135676  20.432598  120.504278
0.904078  0.000000  0.000000  0.000000  -22.144323  19.402633  -10.000000  54.546151  19.340307  13.797038  23.053945  18.690563  22.217853  22.445864  122.326811
0.904334  0.000000  0.000000  0.000000  -22.144323  19.402633  -5.714286  55.326877  15.831760  11.214641  23.053945  18.690563  22.217853  22.445864  122.326811
0.904591  0.000000  0.000000  0.000000  -22.144323  19.402633  -1.428571  55.933195  12.293710  8.720855  23.053945  18.690563  22.217853  22.445864  122.326811
0.904847  0.000000  0.000000  0.000000  -22.144323  19.402633  2.857143  56.376398  8.733692  6.293540  23.053945  18.690563  22.217853  22.445864  122.326811
0.905104  0.000000  0.000000  0.000000  -22.144323  19.402633  7.142857  56.664552  5.158539  3.912270  23.053945  18.690563  22.217853  22.445864  122.326811
0.905360  0.000000  0.000000  0.000000  -22.144323  19.402633  11.428571  56.802914  1.574611  1.557748  23.053945  18.690563  22.217853  22.445864  122.326811
0.905617  0.000000  0.000000  0.000000  -22.144323  19.402633  15.714286  56.793961  -2.011958  -0.788683  23.053945  18.690563  22.217853  22.445864  122.326811
0.905873  0.000000  0.000000  0.000000  -22.144323  19.402633  20.000000  56.637516  -5.595142  -3.145463  23.053945  18.690563  22.217853  22.445864  122.326811
0.906130  0.000000  0.000000  0.000000  -22.144323  19.402633  24.285714  56.330781  -9.168802  -5.531296  23.053945  18.690563  22.217853  22.445864  122.326811
0.906386  0.000000  0.000000  0.000000  -22.144323  19.402633  28.571429  55.868192  -12.726524  -7.965582  23.053945  18.690563  22.217853  22.445864  122.326811
0.906643  0.000000  0.000000  0.000000  -22.144323  19.402633  32.857143  55.241260  -16.261390  -10.468962  23.053945  18.690563  22.217853  22.445864  122.326811
0.906899  0.000000  0.000000  0.000000  -22.144323  19.402633  37.142857  54.438332  -19.765784  -13.063778  23.053945  18.690563  22.217853  22.445864  122.326811
0.907156  0.000000  0.000000  0.000000  -22.144323  19.402633  41.428571  53.444246  -23.231111  -15.774658  23.053945  18.690563  22.217853  22.445864  122.326811
0.907412  0.000000  0.000000  0.000000  -22.144323  19.402633  45.714286  52.239903  -26.647478  -18.629120  23.053945  18.690563  22.217853  22.445864  122.326811
0.907669  0.000000  0.000000  0.000000  -22.144323  19.402633  50.000000  50.801798  -30.003350  -21.658188  23.053945  18.690563  22.217853  22.445864  122.326811
0.907925  0.000000  0.000000  0.000000  -32.259254  -0.356064  -10.000000  65.551043  30.454376  1.338557  2.994350  22.888961  7.061496  25.571360  117.534074
0.908182  0.000000  0.000000  0.000000  -32.259254  -0.356064  -5.714286  66.496912  26.538018  -0.642668  2.994350  22.888961  7.061496  25.571360  117.534074
0.908438  0.000000  0.000000  0.000000  -32.259254  -0.356064  -1.428571  67.266509  22.596092  -2.492507  2.994350  22.888961  7.061496  25.571360  117.534074
0.908695  0.000000  0.000000  0.000000  -32.259254  -0.356064  2.857143  67.881827  18.634163  -4.238966  2.994350  22.888961  7.061496  25.571360  117.534074
0.908951  0.000000  0.000000  0.000000  -32.259254  -0.356064  7.142857  68.359544  14.656853  -5.905572  2.994350  22.888961  7.061496  25.571360  117.534074
0.909207  0.000000  0.000000  0.000000  -32.259254  -0.356064  11.428571  68.712046  10.668101  -7.512571  2.994350  22.888961  7.061496  25.571360  117.534074
0.909464  0.000000  0.000000  0.000000  -32.259254  -0.356064  15.714286  68.948150  6.671355  -9.077852  2.994350  22.888961  7.061496  25.571360  117.534074
0.909720  0.000000  0.000000  0.000000  -32.259254  -0.356064  20.000000  69.073627  2.669770  -10.617768  2.994350  22.888961  7.061496  25.571360  117.534074
0.909977  0.000000  0.000000  0.000000  -32.259254  -0.356064  24.285714  69.091483  -1.333729  -12.147655  2.994350  22.888961  7.061496  25.571360  117.534074
0.910233  0.000000  0.000000  0.000000  -32.259254  -0.356064  28.571429  69.002125  -5.336287  -13.682539  2.994350  22.888961  7.061496  25.571360  117.534074
0.910490  0.000000  0.000000  0.000000  -32.259254  -0.356064  32.857143  68.803432  -9.334977  -15.237615  2.994350  22.888961  7.061496  25.571360  117.534074
0.910746  0.000000  0.000000  0.000000  -32.259254  -0.356064  37.142857  68.490604  -13.326764  -16.828786  2.994350  22.888961  7.061496  25.571360  117.534074
0.911003  0.000000  0.000000  0.000000  -32.259254  -0.356064  41.428571  68.055864  -17.308304  -18.473381  2.994350  22.888961  7.061496  25.571360  117.534074
0.911259  0.000000  0.000000  0.000000  -32.259254  -0.356064  45.714286  67.488092  -21.275841  -20.190759  2.994350  22.888961  7.061496  25.571360  117.534074
0.911516  0.000000  0.000000  0.000000  -32.259254  -0.356064  50.000000  66.772140  -25.225009  -22.003233  2.994350  22.888961  7.061496  25.571360  117.534074
0.911772  0.000000  0.000000  0.000000  -24.920584  19.064771  -10.000000  49.613821  13.488575  4.997954  -11.342995  19.959288  2.465978  16.272347  127.441904
0.912029  0.000000  0.000000  0.000000  -24.920584  19.064771  -5.714286  50.193222  10.209494  2.177901  -11.342995  19.959288  2.465978  16.272347  127.441904
0.912285  0.000000  0.000000  0.000000  -24.920584  19.064771  -1.428571  50.604529  6.906701  -0.584363  -11.342995  19.959288  2.465978  16.272347  127.441904
0.912542  0.000000  0.000000  0.000000  -24.920584  19.064771  2.857143  50.853794  3.588235  -3.308205  -11.342995  19.959288  2.465978  16.272347  127.441904
0.912798  0.000000  0.000000  0.000000  -24.920584  19.064771  7.142857  50.944685  0.261740  -6.012291  -11.342995  19.959288  2.465978  16.272347  127.441904
0.913055  0.000000  0.000000  0.000000  -24.920584  19.064771  11.428571  50.878523  -3.065340  -8.714943  -11.342995  19.959288  2.465978  16.272347  127.441904
0.913311  0.000000  0.000000  0.000000  -24.920584  19.064771  15.714286  50.654360  -6.385565  -11.434453  -11.342995  19.959288  2.465978  16.272347  127.441904
0.913568  0.000000  0.000000  0.000000  -24.920584  19.064771  20.000000  50.268875  -9.691346  -14.189411  -11.342995  19.959288  2.465978  16.272347  127.441904
0.913824  0.000000  0.000000  0.000000  -24.920584  19.064771  24.285714  49.716420  -12.974715  -16.999048  -11.342995  19.959288  2.465978  16.272347  127.441904
0.914081  0.000000  0.000000  0.000000  -24.920584  19.064771  28.571429  48.988834  -16.227133  -19.883575  -11.342995  19.959288  2.465978  16.272347  127.441904
0.914337  0.000000  0.000000  0.000000  -24.920584  19.064771  32.857143  48.075400  -19.439296  -22.864460  -11.342995  19.959288  2.465978  16.272347  127.441904
0.914593  0.000000  0.000000  0.000000  -24.920584  19.064771  37.142857  46.962669  -22.600837  -25.964786  -11.342995  19.959288  2.465978  16.272347  127.441904
0.914850  0.000000  0.000000  0.000000  -24.920584  19.064771  41.428571  45.634372  -25.700083  -29.209492  -11.342995  19.959288  2.465978  16.272347  127.441904
0.915106  0.000000  0.000000  0.000000  -24.920584  19.064771  45.714286  44.071356  -28.723741  -32.625548  -11.342995  19.959288  2.465978  16.272347  127.441904
0.915363  0.000000  0.000000  0.000000  -24.920584  19.064771  50.000000  42.251708  -31.656514  -36.241986  -11.342995  19.959288  2.465978  16.272347  127.441904
0.915619  0.000000  0.000000  0.000000  -41.002759  22.918724  -10.000000  50.705111  27.636721  21.851591  15.213766  24.070041  0.737746  34.027136  121.786601
0.915876  0.000000  0.000000  0.000000  -41.002759  22.918724  -5.714286  52.008897  24.288529  18.875260  15.213766  24.070041  0.737746  34.027136  121.786601
0.916132  0.000000  0.000000  0.000000  -41.002759  22.918724  -1.428571  53.093458  20.885373  16.053212  15.213766  24.070041  0.737746  34.027136  121.786601
0.916389  0.000000  0.000000  0.000000  -41.002759  22.918724  2.857143  53.978962  17.437993  13.357131  15.213766  24.070041  0.737746  34.027136  121.786601
0.916645  0.000000  0.000000  0.000000  -41.002759  22.918724  7.142857  54.681600  13.955698  10.761652  15.213766  24.070041  0.737746  34.027136  121.786601
0.916902  0.000000  0.000000  0.000000  -41.002759  22.918724  11.428571  55.214072  10.446707  8.243774  15.213766  24.070041  0.737746  34.027136  121.786601
0.917158  0.000000  0.000000  0.000000  -41.002759  22.918724  15.714286  55.585884  6.918432  5.782328  15.213766  24.070041  0.737746  34.027136  121.786601
0.917415  0.000000  0.000000  0.000000  -41.002759  22.918724  20.000000  55.803601  3.377701  3.357493  15.213766  24.070041  0.737746  34.027136  121.786601
0.917671  0.000000  0.000000  0.000000  -41.002759  22.918724  24.285714  55.871037  -0.169013  0.950318  15.213766  24.070041  0.737746  34.027136  121.786601
0.917928  0.000000  0.000000  0.000000  -41.002759  22.918724  28.571429  55.789365  -3.715439  -1.457739  15.213766  24.070041  0.737746  34.027136  121.786601
0.918184  0.000000  0.000000  0.000000  -41.002759  22.918724  32.857143  55.557180  -7.255268  -3.885243  15.213766  24.070041  0.737746  34.027136  121.786601
0.918441  0.000000  0.000000  0.000000  -41.002759  22.918724  37.142857  55.170388  -10.782008  -6.351192  15.213766  24.070041  0.737746  34.027136  121.786601
0.918697  0.000000  0.000000  0.000000  -41.002759  22.918724  41.428571  54.622156  -14.288784  -8.875528  15.213766  24.070041  0.737746  34.027136  121.786601
0.918954  0.000000  0.000000  0.000000  -41.002759  22.918724  45.714286  53.902695  -17.768127  -11.479563  15.213766  24.070041  0.737746  34.027136  121.786601
0.919210  0.000000  0.000000  0.000000  -41.002759  22.918724  50.000000  52.998993  -21.211712  -14.186510  15.213766  24.070041  0.737746  34.027136  121.786601
0.919467  0.000000  0.000000  0.000000  -37.034917  14.761411  -10.000000  56.575649  16.828061  9.150907  -5.750494  37.896126  22.411764  27.238963  115.613344
0.919723  0.000000  0.000000  0.000000  -37.034917  14.761411  -5.714286  57.204669  13.237687  6.727281  -5.750494  37.896126  22.411764  27.238963  115.613344
0.919979  0.000000  0.000000  0.000000  -37.034917  14.761411  -1.428571  57.671295  9.625125  4.374368  -5.750494  37.896126  22.411764  27.238963  115.613344
0.920236  0.000000  0.000000  0.000000  -37.034917  14.761411  2.857143  57.984490  5.996982  2.071379  -5.750494  37.896126  22.411764  27.238963  115.613344
0.920492  0.000000  0.000000  0.000000  -37.034917  14.761411  7.142857  58.150162  2.359346  -0.201090  -5.750494  37.896126  22.411764  27.238963  115.613344
0.920749  0.000000  0.000000  0.000000  -37.034917  14.761411  11.428571  58.171429  -1.281977  -2.461683  -5.750494  37.896126  22.411764  27.238963  115.613344
0.921005  0.000000  0.000000  0.000000  -37.034917  14.761411  15.714286  58.048689  -4.921300  -4.728722  -5.750494  37.896126  22.411764  27.238963  115.613344
0.921262  0.000000  0.000000  0.000000  -37.034917  14.761411  20.000000  57.779637  -8.552872  -7.020696  -5.750494  37.896126  22.411764  27.238963  115.613344
0.921518  0.000000  0.000000  0.000000  -37.034917  14.761411  24.285714  57.359190  -12.170700  -9.356760  -5.750494  37.896126  22.411764  27.238963  115.613344
0.921775  0.000000  0.000000  0.000000  -37.034917  14.761411  28.571429  56.779366  -15.768368  -11.757182  -5.750494  37.896126  22.411764  27.238963  115.613344
0.922031  0.000000  0.000000  0.000000  -37.034917  14.761411  32.857143  56.028855  -19.338787  -14.244042  -5.750494  37.896126  22.411764  27.238963  115.613344
0.922288  0.000000  0.000000  0.000000  -37.034917  14.761411  37.142857  55.092870  -22.873980  -16.841651  -5.750494  37.896126  22.411764  27.238963  115.613344
0.922544  0.000000  0.000000  0.000000  -37.034917  14.761411  41.428571  53.952509  -26.364753  -19.577340  -5.750494  37.896126  22.411764  27.238963  115.613344
0.922801  0.000000  0.000000  0.000000  -37.034917  14.761411  45.714286  52.584250  -29.800335  -22.482147  -5.750494  37.896126  22.411764  27.238963  115.613344
0.923057  0.000000  0.000000  0.000000  -37.034917  14.761411  50.000000  50.959310  -33.167926  -25.591592  -5.750494  37.896126  22.411764  27.238963  115.613344
0.923314  0.000000  0.000000  0.000000  -30.125393  17.303882  -10.000000  55.316786  22.589117  10.169429  -4.211680  19.592606  -5.000491  25.837517  122.351598
0.923570  0.000000  0.000000  0.000000  -30.125393  17.303882  -5.714286  56.233690  19.044890  7.591009  -4.211680  19.592606  -5.000491  25.837517  122.351598
0.923827  0.000000  0.000000  0.000000  -30.125393  17.303882  -1.428571  56.966844  15.466381  5.121015  -4.211680  19.592606  -5.000491  25.837517  122.351598
0.924083  0.000000  0.000000  0.000000  -30.125393  17.303882  2.857143  57.530745  11.861438  2.735346  -4.211680  19.592606  -5.000491  25.837517  122.351598
0.924340  0.000000  0.000000  0.000000  -30.125393  17.303882  7.142857  57.936402  8.237045  0.412110  -4.211680  19.592606  -5.000491  25.837517  122.351598
0.924596  0.000000  0.000000  0.000000  -30.125393  17.303882  11.428571  58.191541  4.599536  -1.868830  -4.211680  19.592606  -5.000491  25.837517  122.351598
0.924853  0.000000  0.000000  0.000000  -30.125393  17.303882  15.714286  58.301002  0.954844  -4.126542  -4.211680  19.592606  -5.000491  25.837517  122.351598
0.925109  0.000000  0.000000  0.000000  -30.125393  17.303882  20.000000  58.266841  -2.691327  -6.379465  -4.211680  19.592606  -5.000491  25.837517  122.351598
0.925365  0.000000  0.000000  0.000000  -30.125393  17.303882  24.285714  58.088418  -6.333318  -8.645914  -4.211680  19.592606  -5.000491  25.837517  122.351598
0.925622  0.000000  0.000000  0.000000  -30.125393  17.303882  28.571429  57.762361  -9.965336  -10.944576  -4.211680  19.592606  -5.000491  25.837517  122.351598
0.925878  0.000000  0.000000  0.000000  -30.125393  17.303882  32.857143  57.282498  -13.581296  -13.294929  -4.211680  19.592606  -5.000491  25.837517  122.351598
0.926135  0.000000  0.000000  0.000000  -30.125393  17.303882  37.142857  56.639552  -17.174564  -15.717919  -4.211680  19.592606  -5.000491  25.837517  122.351598
0.926391  0.000000  0.000000  0.000000  -30.125393  17.303882  41.428571  55.820928  -20.737790  -18.236381  -4.211680  19.592606  -5.000491  25.837517  122.351598
0.926648  0.000000  0.000000  0.000000  -30.125393  17.303882  45.714286  54.810249  -24.262601  -20.875751  -4.211680  19.592606  -5.000491  25.837517  122.351598
0.926904  0.000000  0.000000  0.000000  -30.125393  17.303882  50.000000  53.586839  -27.739272  -23.664751  -4.211680  19.592606  -5.000491  25.837517  122.351598
0.927161  0.000000  0.000000  0.000000  -20.974354  9.236026  -10.000000  55.135602  22.761742  4.677616  28.243880  16.697942  -12.786291  26.754829  116.030545
0.927417  0.000000  0.000000  0.000000  -20.974354  9.236026  -5.714286  56.065157  19.224882  2.084591  28.243880  16.697942  -12.786291  26.754829  116.030545
0.927674  0.000000  0.000000  0.000000  -20.974354  9.236026  -1.428571  56.809794  15.653084  -0.398520  28.243880  16.697942  -12.786291  26.754829  116.030545
0.927930  0.000000  0.000000  0.000000  -20.974354  9.236026  2.857143  57.384192  12.054292  -2.795952  28.243880  16.697942  -12.786291  26.754829  116.030545
0.928187  0.000000  0.000000  0.000000  -20.974354  9.236026  7.142857  57.799537  8.435565  -5.129709  28.243880  16.697942  -12.786291  26.754829  116.030545
0.928443  0.000000  0.000000  0.000000  -20.974354  9.236026  11.428571  58.063718  4.803299  -7.420016  28.243880  16.697942  -12.786291  26.754829  116.030545
0.928700  0.000000  0.000000  0.000000  -20.974354  9.236026  15.714286  58.181729  1.163476  -9.685999  28.243880  16.697942  -12.786291  26.754829  116.030545
0.928956  0.000000  0.000000  0.000000  -20.974354  9.236026  20.000000  58.155783  -2.478161  -11.946135  28.243880  16.697942  -12.786291  26.754829  116.030545
0.929213  0.000000  0.000000  0.000000  -20.974354  9.236026  24.285714  57.985394  -6.115926  -14.218747  28.243880  16.697942  -12.786291  26.754829  116.030545
0.929469  0.000000  0.000000  0.000000  -20.974354  9.236026  28.571429  57.667356  -9.744008  -16.522497  28.243880  16.697942  -12.786291  26.754829  116.030545
0.929726  0.000000  0.000000  0.000000  -20.974354  9.236026  32.857143  57.195667  -13.356311  -18.876816  28.243880  16.697942  -12.786291  26.754829  116.030545
0.929982  0.000000  0.000000  0.000000  -20.974354  9.236026  37.142857  56.561257  -16.946209  -21.302551  28.243880  16.697942  -12.786291  26.754829  116.030545
0.930239  0.000000  0.000000  0.000000  -20.974354  9.236026  41.428571  55.751755  -20.506366  -23.822406  28.243880  16.697942  -12.786291  26.754829  116.030545
0.930495  0.000000  0.000000  0.000000  -20.974354  9.236026  45.714286  54.751055  -24.028441  -26.461627  28.243880  16.697942  -12.786291  26.754829  116.030545
0.930751  0.000000  0.000000  0.000000  -20.974354  9.236026  50.000000  53.538803  -27.502763  -29.248684  28.243880  16.697942  -12.786291  26.754829  116.030545
0.931008  0.000000  0.000000  0.000000  -37.835661  14.045013  -10.000000  54.447972  7.816891  5.556495  -5.267792  40.740789  4.659090  33.944100  116.417927
0.931264  0.000000  0.000000  0.000000  -37.835661  14.045013  -5.714286  54.712241  4.323792  3.059024  -5.267792  40.740789  4.659090  33.944100  116.417927
0.931521  0.000000  0.000000  0.000000  -37.835661  14.045013  -1.428571  54.823404  0.822585  0.584522  -5.267792  40.740789  4.659090  33.944100  116.417927
0.931777  0.000000  0.000000  0.000000  -37.835661  14.045013  2.857143  54.783338  -2.680152  -1.885635  -5.267792  40.740789  4.659090  33.944100  116.417927
0.932034  0.000000  0.000000  0.000000  -37.835661  14.045013  7.142857  54.591368  -6.177887  -4.369975  -5.267792  40.740789  4.659090  33.944100  116.417927
0.932290  0.000000  0.000000  0.000000  -37.835661  14.045013  11.428571  54.244245  -9.663947  -6.887340  -5.267792  40.740789  4.659090  33.944100  116.417927
0.932547  0.000000  0.000000  0.000000  -37.835661  14.045013  15.714286  53.736060  -13.131323  -9.457321  -5.267792  40.740789  4.659090  33.944100  116.417927
0.932803  0.000000  0.000000  0.000000  -37.835661  14.045013  20.000000  53.058089  -16.572468  -12.100689  -5.267792  40.740789  4.659090  33.944100  116.417927
0.933060  0.000000  0.000000  0.000000  -37.835661  14.045013  24.285714  52.198576  -19.979068  -14.839858  -5.267792  40.740789  4.659090  33.944100  116.417927
0.933316  0.000000  0.000000  0.000000  -37.835661  14.045013  28.571429  51.142487  -23.341776  -17.699351  -5.267792  40.740789  4.659090  33.944100  116.417927
0.933573  0.000000  0.000000  0.000000  -37.835661  14.045013  32.857143  49.871114  -26.649890  -20.706323  -5.267792  40.740789  4.659090  33.944100  116.417927
0.933829  0.000000  0.000000  0.000000  -37.835661  14.045013  37.142857  48.361842  -29.890997  -23.890992  -5.267792  40.740789  4.659090  33.944100  116.417927
0.934086  0.000000  0.000000  0.000000  -37.835661  14.045013  41.428571  46.587828  -33.050538  -27.287050  -5.267792  40.740789  4.659090  33.944100  116.417927
0.934342  0.000000  0.000000  0.000000  -37.835661  14.045013  45.714286  44.517926  -36.111294  -30.931882  -5.267792  40.740789  4.659090  33.944100  116.417927
0.934599  0.000000  0.000000  0.000000  -37.835661  14.045013  50.000000  42.116897  -39.052834  -34.866392  -5.267792  40.740789  4.659090  33.944100  116.417927
0.934855  0.000000  0.000000  0.000000  -36.814781  2.932595  -10.000000  61.167173  30.428665  0.779429  13.725818  16.499856  0.396749  29.799312  123.525159
0.935112  0.000000  0.000000  0.000000  -36.814781  2.932595  -5.714286  62.272080  26.653925  -1.531601  13.725818  16.499856  0.396749  29.799312  123.525159
0.935368  0.000000  0.000000  0.000000  -36.814781  2.932595  -1.428571  63.177881  22.844218  -3.693842  13.725818  16.499856  0.396749  29.799312  123.525159
0.935625  0.000000  0.000000  0.000000  -36.814781  2.932595  2.857143  63.908326  19.006914  -5.737691  13.725818  16.499856  0.396749  29.799312  123.525159
0.935881  0.000000  0.000000  0.000000  -36.814781  2.932595  7.142857  64.481733  15.148178  -7.688993  13.725818  16.499856  0.396749  29.799312  123.525159
0.936137  0.000000  0.000000  0.000000  -36.814781  2.932595  11.428571  64.911929  11.273282  -9.570181  13.725818  16.499856  0.396749  29.799312  123.525159
0.936394  0.000000  0.000000  0.000000  -36.814781  2.932595  15.714286  65.208970  7.386862  -11.401180  13.725818  16.499856  0.396749  29.799312  123.525159
0.936650  0.000000  0.000000  0.000000  -36.814781  2.932595  20.000000  65.379634  3.493112  -13.200185  13.725818  16.499856  0.396749  29.799312  123.525159
0.936907  0.000000  0.000000  0.000000  -36.814781  2.932595  24.285714  65.427753  -0.404039  -14.984297  13.725818  16.499856  0.396749  29.799312  123.525159
0.937163  0.000000  0.000000  0.000000  -36.814781  2.932595  28.571429  65.354404  -4.300807  -16.770127  13.725818  16.499856  0.396749  29.799312  123.525159
0.937420  0.000000  0.000000  0.000000  -36.814781  2.932595  32.857143  65.157946  -8.193364  -18.574338  13.725818  16.499856  0.396749  29.799312  123.525159
0.937676  0.000000  0.000000  0.000000  -36.814781  2.932595  37.142857  64.833960  -12.077754  -20.414197  13.725818  16.499856  0.396749  29.799312  123.525159
0.937933  0.000000  0.000000  0.000000  -36.814781  2.932595  41.428571  64.375015  -15.949698  -22.308212  13.725818  16.499856  0.396749  29.799312  123.525159
0.938189  0.000000  0.000000  0.000000  -36.814781  2.932595  45.714286  63.770322  -19.804449  -24.276761  13.725818  16.499856  0.396749  29.799312  123.525159
0.938446  0.000000  0.000000  0.000000  -36.814781  2.932595  50.000000  63.005187  -23.636572  -26.342899  13.725818  16.499856  0.396749  29.799312  123.525159
0.938702  0.000000  0.000000  0.000000  -17.945515  21.280361  -10.000000  50.002560  32.855780  21.715804  -0.880699  30.503110  4.838789  21.610920  118.583928
0.938959  0.000000  0.000000  0.000000  -17.945515  21.280361  -5.714286  51.642654  29.532569  18.551151  -0.880699  30.503110  4.838789  21.610920  118.583928
0.939215  0.000000  0.000000  0.000000  -17.945515  21.280361  -1.428571  53.026163  26.139199  15.590043  -0.880699  30.503110  4.838789  21.610920  118.583928
0.939472  0.000000  0.000000  0.000000  -17.945515  21.280361  2.857143  54.181028  22.688754  12.797693  -0.880699  30.503110  4.838789  21.610920  118.583928
0.939728  0.000000  0.000000  0.000000  -17.945515  21.280361  7.142857  55.130216  19.192274  10.143507  -0.880699  30.503110  4.838789  21.610920  118.583928
0.939985  0.000000  0.000000  0.000000  -17.945515  21.280361  11.428571  55.892279  15.659221  7.600399  -0.880699  30.503110  4.838789  21.610920  118.583928
0.940241  0.000000  0.000000  0.000000  -17.945515  21.280361  15.714286  56.481821  12.097839  5.144132  -0.880699  30.503110  4.838789  21.610920  118.583928
0.940498  0.000000  0.000000  0.000000  -17.945515  21.280361  20.000000  56.909955  8.515448  2.752709  -0.880699  30.503110  4.838789  21.610920  118.583928
0.940754  0.000000  0.000000  0.000000  -17.945515  21.280361  24.285714  57.184652  4.918699  0.405783  -0.880699  30.503110  4.838789  21.610920  118.583928
0.941011  0.000000  0.000000  0.000000  -17.945515  21.280361  28.571429  57.310935  1.313866  -1.915860  -0.880699  30.503110  4.838789  21.610920  118.583928
0.941267  0.000000  0.000000  0.000000  -17.945515  21.280361  32.857143  57.291136  -2.293154  -4.230824  -0.880699  30.503110  4.838789  21.610920  118.583928
0.941523  0.000000  0.000000  0.000000  -17.945515  21.280361  37.142857  57.124891  -5.896402  -6.557484  -0.880699  30.503110  4.838789  21.610920  118.583928
0.941780  0.000000  0.000000  0.000000  -17.945515  21.280361  41.428571  56.809149  -9.489860  -8.914568  -0.880699  30.503110  4.838789  21.610920  118.583928
0.942036  0.000000  0.000000  0.000000  -17.945515  21.280361  45.714286  56.338113  -13.067239  -11.321509  -0.880699  30.503110  4.838789  21.610920  118.583928
0.942293  0.000000  0.000000  0.000000  -17.945515  21.280361  50.000000  55.702963  -16.621690  -13.799093  -0.880699  30.503110  4.838789  21.610920  118.583928
0.942549  0.000000  0.000000  0.000000  -32.910491  10.325370  -10.000000  56.783906  32.667784  14.152328  12.609371  37.649748  25.867794  17.476877  124.869059
0.942806  0.000000  0.000000  0.000000  -32.910491  10.325370  -5.714286  58.161609  29.053597  11.468196  12.609371  37.649748  25.867794  17.476877  124.869059
0.943062  0.000000  0.000000  0.000000  -32.910491  10.325370  -1.428571  59.306387  25.389666  8.967185  12.609371  37.649748  25.867794  17.476877  124.869059
0.943319  0.000000  0.000000  0.000000  -32.910491  10.325370  2.857143  60.246551  21.685956  6.614473  12.609371  37.649748  25.867794  17.476877  124.869059
0.943575  0.000000  0.000000  0.000000  -32.910491  10.325370  7.142857  61.004509  17.950745  4.380299  12.609371  37.649748  25.867794  17.476877  124.869059
0.943832  0.000000  0.000000  0.000000  -32.910491  10.325370  11.428571  61.597672  14.191047  2.238959  12.609371  37.649748  25.867794  17.476877  124.869059
0.944088  0.000000  0.000000  0.000000  -32.910491  10.325370  15.714286  62.039264  10.412966  0.167746  12.609371  37.649748  25.867794  17.476877  124.869059
0.944345  0.000000  0.000000  0.000000  -32.910491  10.325370  20.000000  62.338855  6.621888  -1.853708  12.609371  37.649748  25.867794  17.476877  124.869059
0.944601  0.000000  0.000000  0.000000  -32.910491  10.325370  24.285714  62.502839  2.822767  -3.844274  12.609371  37.649748  25.867794  17.476877  124.869059
0.944858  0.000000  0.000000  0.000000  -32.910491  10.325370  28.571429  62.534665  -0.979732  -5.821846  12.609371  37.649748  25.867794  17.476877  124.869059
0.945114  0.000000  0.000000  0.000000  -32.910491  10.325370  32.857143  62.434998  -4.781063  -7.803916  12.609371  37.649748  25.867794  17.476877  124.869059
0.945371  0.000000  0.000000  0.000000  -32.910491  10.325370  37.142857  62.201748  -8.576633  -9.808126  12.609371  37.649748  25.867794  17.476877  124.869059
0.945627  0.000000  0.000000  0.000000  -32.910491  10.325370  41.428571  61.829985  -12.361662  -11.852766  12.609371  37.649748  25.867794  17.476877  124.869059
0.945884  0.000000  0.000000  0.000000  -32.910491  10.325370  45.714286  61.311708  -16.130983  -13.957438  12.609371  37.649748  25.867794  17.476877  124.869059
0.946140  0.000000  0.000000  0.000000  -32.910491  10.325370  50.000000  60.635525  -19.878873  -16.143617  12.609371  37.649748  25.867794  17.476877  124.869059
0.946397  0.000000  0.000000  0.000000  -13.259480  10.216818  -10.000000  50.432380  19.984403  4.656743  29.410054  14.801570  7.400203  28.611619  126.442770
0.946653  0.000000  0.000000  0.000000  -13.259480  10.216818  -5.714286  51.328211  16.658696  1.808680  29.410054  14.801570  7.400203  28.611619  126.442770
0.946909  0.000000  0.000000  0.000000  -13.259480  10.216818  -1.428571  52.039384  13.295451  -0.941532  29.410054  14.801570  7.400203  28.611619  126.442770
0.947166  0.000000  0.000000  0.000000  -13.259480  10.216818  2.857143  52.577485  9.903475  -3.616097  29.410054  14.801570  7.400203  28.611619  126.442770
0.947422  0.000000  0.000000  0.000000  -13.259480  10.216818  7.142857  52.951230  6.490791  -6.235756  29.410054  14.801570  7.400203  28.611619  126.442770
0.947679  0.000000  0.000000  0.000000  -13.259480  10.216818  11.428571  53.166609  3.064835  -8.820040  29.410054  14.801570  7.400203  28.611619  126.442770
0.947935  0.000000  0.000000  0.000000  -13.259480  10.216818  15.714286  53.227090  -0.367304  -11.387800  29.410054  14.801570  7.400203  28.611619  126.442770
0.948192  0.000000  0.000000  0.000000  -13.259480  10.216818  20.000000  53.133628  -3.798706  -13.957534  29.410054  14.801570  7.400203  28.611619  126.442770
0.948448  0.000000  0.000000  0.000000  -13.259480  10.216818  24.285714  52.884737  -7.222428  -16.547783  29.410054  14.801570  7.400203  28.611619  126.442770
0.948705  0.000000  0.000000  0.000000  -13.259480  10.216818  28.571429  52.476422  -10.631326  -19.177507  29.410054  14.801570  7.400203  28.611619  126.442770
0.948961  0.000000  0.000000  0.000000  -13.259480  10.216818  32.857143  51.902109  -14.017848  -21.866484  29.410054  14.801570  7.400203  28.611619  126.442770
0.949218  0.000000  0.000000  0.000000  -13.259480  10.216818  37.142857  51.152493  -17.373833  -24.635703  29.410054  14.801570  7.400203  28.611619  126.442770
0.949474  0.000000  0.000000  0.000000  -13.259480  10.216818  41.428571  50.215352  -20.690267  -27.507771  29.410054  14.801570  7.400203  28.611619  126.442770
0.949731  0.000000  0.000000  0.000000  -13.259480  10.216818  45.714286  49.075325  -23.956993  -30.507322  29.410054  14.801570  7.400203  28.611619  126.442770
0.949987  0.000000  0.000000  0.000000  -13.259480  10.216818  50.000000  47.713678  -27.162454  -33.661393  29.410054  14.801570  7.400203  28.611619  126.442770
0.950244  0.000000  0.000000  0.000000  -27.059172  3.835933  -10.000000  58.628931  27.517412  3.895523  -4.777960  27.990443  5.948538  27.091357  125.447938
0.950500  0.000000  0.000000  0.000000  -27.059172  3.835933  -5.714286  59.685822  23.837174  1.457940  -4.777960  27.990443  5.948538  27.091357  125.447938
0.950757  0.000000  0.000000  0.000000  -27.059172  3.835933  -1.428571  60.548024  20.120743  -0.844303  -4.777960  27.990443  5.948538  27.091357  125.447938
0.951013  0.000000  0.000000  0.000000  -27.059172  3.835933  2.857143  61.235746  16.375821  -3.039150  -4.777960  27.990443  5.948538  27.091357  125.447938
0.951270  0.000000  0.000000  0.000000  -27.059172  3.835933  7.142857  61.764567  12.609017  -5.150939  -4.777960  27.990443  5.948538  27.091357  125.447938
0.951526  0.000000  0.000000  0.000000  -27.059172  3.835933  11.428571  62.146118  8.826115  -7.201314  -4.777960  27.990443  5.948538  27.091357  125.447938
0.951783  0.000000  0.000000  0.000000  -27.059172  3.835933  15.714286  62.388608  5.032312  -9.209962  -4.777960  27.990443  5.948538  27.091357  125.447938
0.952039  0.000000  0.000000  0.000000  -27.059172  3.835933  20.000000  62.497159  1.232433  -11.195278  -4.777960  27.990443  5.948538  27.091357  125.447938
0.952295  0.000000  0.000000  0.000000  -27.059172  3.835933  24.285714  62.474055  -2.568922  -13.174927  -4.777960  27.990443  5.948538  27.091357  125.447938
0.952552  0.000000  0.000000  0.000000  -27.059172  3.835933  28.571429  62.318812  -6.367197  -15.166408  -4.777960  27.990443  5.948538  27.091357  125.447938
0.952808  0.000000  0.000000  0.000000  -27.059172  3.835933  32.857143  62.028166  -10.157731  -17.187578  -4.777960  27.990443  5.948538  27.091357  125.447938
0.953065  0.000000  0.000000  0.000000  -27.059172  3.835933  37.142857  61.595935  -13.935591  -19.257217  -4.777960  27.990443  5.948538  27.091357  125.447938
0.953321  0.000000  0.000000  0.000000  -27.059172  3.835933  41.428571  61.012756  -17.695398  -21.395623  -4.777960  27.990443  5.948538  27.091357  125.447938
0.953578  0.000000  0.000000  0.000000  -27.059172  3.835933  45.714286  60.265675  -21.431108  -23.625296  -4.777960  27.990443  5.948538  27.091357  125.447938
0.953834  0.000000  0.000000  0.000000  -27.059172  3.835933  50.000000  59.337583  -25.135763  -25.971731  -4.777960  27.990443  5.948538  27.091357  125.447938
0.954091  0.000000  0.000000  0.000000  -25.657597  19.148287  -10.000000  52.066946  17.469582  10.148765  3.970935  9.406624  20.142563  22.816147  123.398364
0.954347  0.000000  0.000000  0.000000  -25.657597  19.148287  -5.714286  52.805206  14.071749  7.434168  3.970935  9.406624  20.142563  22.816147  123.398364
0.954604  0.000000  0.000000  0.000000  -25.657597  19.148287  -1.428571  53.369413  10.644482  4.799512  3.970935  9.406624  20.142563  22.816147  123.398364
0.954860  0.000000  0.000000  0.000000  -25.657597  19.148287  2.857143  53.769062  7.195714  2.223663  3.970935  9.406624  20.142563  22.816147  123.398364
0.955117  0.000000  0.000000  0.000000  -25.657597  19.148287  7.142857  54.010784  3.732777  -0.313219  3.970935  9.406624  20.142563  22.816147  123.398364
0.955373  0.000000  0.000000  0.000000  -25.657597  19.148287  11.428571  54.098573  0.262600  -2.830133  3.970935  9.406624  20.142563  22.816147  123.398364
0.955630  0.000000  0.000000  0.000000  -25.657597  19.148287  15.714286  54.033879  -3.208083  -5.345649  3.970935  9.406624  20.142563  22.816147  123.398364
0.955886  0.000000  0.000000  0.000000  -25.657597  19.148287  20.000000  53.815643  -6.672553  -7.878307  3.970935  9.406624  20.142563  22.816147  123.398364
0.956143  0.000000  0.000000  0.000000  -25.657597  19.148287  24.285714  53.440236  -10.123917  -10.447026  3.970935  9.406624  20.142563  22.816147  123.398364
0.956399  0.000000  0.000000  0.000000  -25.657597  19.148287  28.571429  52.901452  -13.554933  -13.071455  3.970935  9.406624  20.142563  22.816147  123.398364
0.956656  0.000000  0.000000  0.000000  -25.657597  19.148287  32.857143  52.190263  -16.957760  -15.772539  3.970935  9.406624  20.142563  22.816147  123.398364
0.956912  0.000000  0.000000  0.000000  -25.657597  19.148287  37.142857  51.294664  -20.323764  -18.572784  3.970935  9.406624  20.142563  22.816147  123.398364
0.957169  0.000000  0.000000  0.000000  -25.657597  19.148287  41.428571  50.199422  -23.643219  -21.496812  3.970935  9.406624  20.142563  22.816147  123.398364
0.957425  0.000000  0.000000  0.000000  -25.657597  19.148287  45.714286  48.885781  -26.905021  -24.571772  3.970935  9.406624  20.142563  22.816147  123.398364
0.957681  0.000000  0.000000  0.000000  -25.657597  19.148287  50.000000  47.331203  -30.096311  -27.827743  3.970935  9.406624  20.142563  22.816147  123.398364
0.957938  0.000000  0.000000  0.000000  -29.105134  1.655505  -10.000000  64.077020  30.400160  4.613201  -1.917069  36.078474  13.565499  22.016137  124.799753
0.958194  0.000000  0.000000  0.000000  -29.105134  1.655505  -5.714286  65.075019  26.529014  2.520648  -1.917069  36.078474  13.565499  22.016137  124.799753
0.958451  0.000000  0.000000  0.000000  -29.105134  1.655505  -1.428571  65.888878  22.629329  0.565312  -1.917069  36.078474  13.565499  22.016137  124.799753
0.958707  0.000000  0.000000  0.000000  -29.105134  1.655505  2.857143  66.541217  18.707256  -1.281684  -1.917069  36.078474  13.565499  22.016137  124.799753
0.958964  0.000000  0.000000  0.000000  -29.105134  1.655505  7.142857  67.049283  14.767921  -3.044698  -1.917069  36.078474  13.565499  22.016137  124.799753
0.959220  0.000000  0.000000  0.000000  -29.105134  1.655505  11.428571  67.425942  10.815693  -4.744754  -1.917069  36.078474  13.565499  22.016137  124.799753
0.959477  0.000000  0.000000  0.000000  -29.105134  1.655505  15.714286  67.680413  6.854410  -6.400471  -1.917069  36.078474  13.565499  22.016137  124.799753
0.959733  0.000000  0.000000  0.000000  -29.105134  1.655505  20.000000  67.818774  2.887551  -8.028836  -1.917069  36.078474  13.565499  22.016137  124.799753
0.959990  0.000000  0.000000  0.000000  -29.105134  1.655505  24.285714  67.844276  -1.081616  -9.645847  -1.917069  36.078474  13.565499  22.016137  124.799753
0.960246  0.000000  0.000000  0.000000  -29.105134  1.655505  28.571429  67.757507  -5.049926  -11.267100  -1.917069  36.078474  13.565499  22.016137  124.799753
0.960503  0.000000  0.000000  0.000000  -29.105134  1.655505  32.857143  67.556440  -9.014158  -12.908348  -1.917069  36.078474  13.565499  22.016137  124.799753
0.960759  0.000000  0.000000  0.000000  -29.105134  1.655505  37.142857  67.236329  -12.970961  -14.586026  -1.917069  36.078474  13.565499  22.016137  124.799753
0.961016  0.000000  0.000000  0.000000  -29.105134  1.655505  41.428571  66.789418  -16.916669  -16.317950  -1.917069  36.078474  13.565499  22.016137  124.799753
0.961272  0.000000  0.000000  0.000000  -29.105134  1.655505  45.714286  66.204579  -20.847179  -18.123938  -1.917069  36.078474  13.565499  22.016137  124.799753
0.961529  0.000000  0.000000  0.000000  -29.105134  1.655505  50.000000  65.466666  -24.757755  -20.026713  -1.917069  36.078474  13.565499  22.016137  124.799753
0.961785  0.000000  0.000000  0.000000  -30.223192  15.847666  -10.000000  57.167665  23.234282  10.972922  -3.758291  21.675436  20.648227  33.391406  115.166418
0.962042  0.000000  0.000000  0.000000  -30.223192  15.847666  -5.714286  58.068719  19.614408  8.507682  -3.758291  21.675436  20.648227  33.391406  115.166418
0.962298  0.000000  0.000000  0.000000  -30.223192  15.847666  -1.428571  58.788976  15.962482  6.151587  -3.758291  21.675436  20.648227  33.391406  115.166418
0.962555  0.000000  0.000000  0.000000  -30.223192  15.847666  2.857143  59.343577  12.285857  3.880252  -3.758291  21.675436  20.648227  33.391406  115.166418
0.962811  0.000000  0.000000  0.000000  -30.223192  15.847666  7.142857  59.743982  8.591037  1.671720  -3.758291  21.675436  20.648227  33.391406  115.166418
0.963067  0.000000  0.000000  0.000000  -30.223192  15.847666  11.428571  59.998236  4.883885  -0.494065  -3.758291  21.675436  20.648227  33.391406  115.166418
0.963324  0.000000  0.000000  0.000000  -30.223192  15.847666  15.714286  60.111411  1.169866  -2.635984  -3.758291  21.675436  20.648227  33.391406  115.166418
0.963580  0.000000  0.000000  0.000000  -30.223192  15.847666  20.000000  60.085745  -2.545782  -4.772232  -3.758291  21.675436  20.648227  33.391406  115.166418
0.963837  0.000000  0.000000  0.000000  -30.223192  15.847666  24.285714  59.920731  -6.257877  -6.920844  -3.758291  21.675436  20.648227  33.391406  115.166418
0.964093  0.000000  0.000000  0.000000  -30.223192  15.847666  28.571429  59.613094  -9.961113  -9.100215  -3.758291  21.675436  20.648227  33.391406  115.166418
0.964350  0.000000  0.000000  0.000000  -30.223192  15.847666  32.857143  59.156705  -13.649912  -11.329565  -3.758291  21.675436  20.648227  33.391406  115.166418
0.964606  0.000000  0.000000  0.000000  -30.223192  15.847666  37.142857  58.542265  -17.318186  -13.629626  -3.758291  21.675436  20.648227  33.391406  115.166418
0.964863  0.000000  0.000000  0.000000  -30.223192  15.847666  41.428571  57.757040  -20.959155  -16.023139  -3.758291  21.675436  20.648227  33.391406  115.166418
0.965119  0.000000  0.000000  0.000000  -30.223192  15.847666  45.714286  56.784334  -24.565068  -18.535619  -3.758291  21.675436  20.648227  33.391406  115.166418
0.965376  0.000000  0.000000  0.000000  -30.223192  15.847666  50.000000  55.602883  -28.126866  -21.196148  -3.758291  21.675436  20.648227  33.391406  115.166418
0.965632  0.000000  0.000000  0.000000  -12.278042  24.974388  -10.000000  47.376384  18.405578  17.093309  -1.997370  29.372307  20.216505  33.431145  113.229055
0.965889  0.000000  0.000000  0.000000  -12.278042  24.974388  -5.714286  48.246724  15.229355  14.086908  -1.997370  29.372307  20.216505  33.431145  113.229055
0.966145  0.000000  0.000000  0.000000  -12.278042  24.974388  -1.428571  48.933989  12.014357  11.170493  -1.997370  29.372307  20.216505  33.431145  113.229055
0.966402  0.000000  0.000000  0.000000  -12.278042  24.974388  2.857143  49.447888  8.769854  8.323270  -1.997370  29.372307  20.216505  33.431145  113.229055
0.966658  0.000000  0.000000  0.000000  -12.278042  24.974388  7.142857  49.795701  5.504410  5.525544  -1.997370  29.372307  20.216505  33.431145  113.229055
0.966915  0.000000  0.000000  0.000000  -12.278042  24.974388  11.428571  49.982348  2.226066  2.758467  -1.997370  29.372307  20.216505  33.431145  113.229055
0.967171  0.000000  0.000000  0.000000  -12.278042  24.974388  15.714286  50.010452  -1.057440  0.003691  -1.997370  29.372307  20.216505  33.431145  113.229055
0.967428  0.000000  0.000000  0.000000  -12.278042  24.974388  20.000000  49.880426  -4.338500  -2.756920  -1.997370  29.372307  20.216505  33.431145  113.229055
0.967684  0.000000  0.000000  0.000000  -12.278042  24.974388  24.285714  49.590434  -7.609438  -5.541606  -1.997370  29.372307  20.216505  33.431145  113.229055
0.967940  0.000000  0.000000  0.000000  -12.278042  24.974388  28.571429  49.136366  -10.862344  -8.369003  -1.997370  29.372307  20.216505  33.431145  113.229055
0.968197  0.000000  0.000000  0.000000  -12.278042  24.974388  32.857143  48.511798  -14.088866  -11.258469  -1.997370  29.372307  20.216505  33.431145  113.229055
0.968453  0.000000  0.000000  0.000000  -12.278042  24.974388  37.142857  47.707897  -17.280011  -14.230372  -1.997370  29.372307  20.216505  33.431145  113.229055
0.968710  0.000000  0.000000  0.000000  -12.278042  24.974388  41.428571  46.713327  -20.425902  -17.306376  -1.997370  29.372307  20.216505  33.431145  113.229055
0.968966  0.000000  0.000000  0.000000  -12.278042  24.974388  45.714286  45.514158  -23.515547  -20.509693  -1.997370  29.372307  20.216505  33.431145  113.229055
0.969223  0.000000  0.000000  0.000000  -12.278042  24.974388  50.000000  44.093821  -26.536559  -23.865264  -1.997370  29.372307  20.216505  33.431145  113.229055
0.969479  0.000000  0.000000  0.000000  -29.146400  15.746813  -10.000000  53.360251  30.394473  17.757698  8.509410  19.086443  19.638818  32.927899  120.709454
0.969736  0.000000  0.000000  0.000000  -29.146400  15.746813  -5.714286  54.736166  26.924330  14.890601  8.509410  19.086443  19.638818  32.927899  120.709454
0.969992  0.000000  0.000000  0.000000  -29.146400  15.746813  -1.428571  55.882558  23.399746  12.196046  8.509410  19.086443  19.638818  32.927899  120.709454
0.970249  0.000000  0.000000  0.000000  -29.146400  15.746813  2.857143  56.823901  19.831392  9.642238  8.509410  19.086443  19.638818  32.927899  120.709454
0.970505  0.000000  0.000000  0.000000  -29.146400  15.746813  7.142857  57.579904  16.228305  7.201261  8.509410  19.086443  19.638818  32.927899  120.709454
0.970762  0.000000  0.000000  0.000000  -29.146400  15.746813  11.428571  58.165925  12.598346  4.848426  8.509410  19.086443  19.638818  32.927899  120.709454
0.971018  0.000000  0.000000  0.000000  -29.146400  15.746813  15.714286  58.593670  8.948386  2.561553  8.509410  19.086443  19.638818  32.927899  120.709454
0.971275  0.000000  0.000000  0.000000  -29.146400  15.746813  20.000000  58.871529  5.284673  0.320241  8.509410  19.086443  19.638818  32.927899  120.709454
0.971531  0.000000  0.000000  0.000000  -29.146400  15.746813  24.285714  59.004846  1.613034  -1.894664  8.509410  19.086443  19.638818  32.927899  120.709454
0.971788  0.000000  0.000000  0.000000  -29.146400  15.746813  28.571429  58.996213  -2.061014  -4.101575  8.509410  19.086443  19.638818  32.927899  120.709454
0.972044  0.000000  0.000000  0.000000  -29.146400  15.746813  32.857143  58.845453  -5.731994  -6.318703  8.509410  19.086443  19.638818  32.927899  120.709454
0.972301  0.000000  0.000000  0.000000  -29.146400  15.746813  37.142857  58.549665  -9.394332  -8.564544  8.509410  19.086443  19.638818  32.927899  120.709454
0.972557  0.000000  0.000000  0.000000  -29.146400  15.746813  41.428571  58.103138  -13.042206  -10.858323  8.509410  19.086443  19.638818  32.927899  120.709454
0.972814  0.000000  0.000000  0.000000  -29.146400  15.746813  45.714286  57.497081  -16.669283  -13.220663  8.509410  19.086443  19.638818  32.927899  120.709454
0.973070  0.000000  0.000000  0.000000  -29.146400  15.746813  50.000000  56.719384  -20.268570  -15.674028  8.509410  19.086443  19.638818  32.927899  120.709454
0.973326  0.000000  0.000000  0.000000  -36.326235  17.292529  -10.000000  50.057409  5.926609  8.660266  12.214889  33.190232  19.370664  23.859962  124.375013
0.973583  0.000000  0.000000  0.000000  -36.326235  17.292529  -5.714286  50.263030  2.635236  5.907347  12.214889  33.190232  19.370664  23.859962  124.375013
0.973839  0.000000  0.000000  0.000000  -36.326235  17.292529  -1.428571  50.310207  -0.662186  3.168982  12.214889  33.190232  19.370664  23.859962  124.375013
0.974096  0.000000  0.000000  0.000000  -36.326235  17.292529  2.857143  50.199613  -3.958077  0.426951  12.214889  33.190232  19.370664  23.859962  124.375013
0.974352  0.000000  0.000000  0.000000  -36.326235  17.292529  7.142857  49.929667  -7.244875  -2.336972  12.214889  33.190232  19.370664  23.859962  124.375013
0.974609  0.000000  0.000000  0.000000  -36.326235  17.292529  11.428571  49.496507  -10.514748  -5.141422  12.214889  33.190232  19.370664  23.859962  124.375013
0.974865  0.000000  0.000000  0.000000  -36.326235  17.292529  15.714286  48.893917  -13.759469  -8.005733  12.214889  33.190232  19.370664  23.859962  124.375013
0.975122  0.000000  0.000000  0.000000  -36.326235  17.292529  20.000000  48.113265  -16.970188  -10.950225  12.214889  33.190232  19.370664  23.859962  124.375013
0.975378  0.000000  0.000000  0.000000  -36.326235  17.292529  24.285714  47.143368  -20.137206  -13.996528  12.214889  33.190232  19.370664  23.859962  124.375013
0.975635  0.000000  0.000000  0.000000  -36.326235  17.292529  28.571429  45.970445  -23.249734  -17.167822  12.214889  33.190232  19.370664  23.859962  124.375013
0.975891  0.000000  0.000000  0.000000  -36.326235  17.292529  32.857143  44.577957  -26.295587  -20.489093  12.214889  33.190232  19.370664  23.859962  124.375013
0.976148  0.000000  0.000000  0.000000  -36.326235  17.292529  37.142857  42.946720  -29.260906  -23.987191  12.214889  33.190232  19.370664  23.859962  124.375013
0.976404  0.000000  0.000000  0.000000  -36.326235  17.292529  41.428571  41.055065  -32.129792  -27.690762  12.214889  33.190232  19.370664  23.859962  124.375013
0.976661  0.000000  0.000000  0.000000  -36.326235  17.292529  45.714286  38.879302  -34.883972  -31.629877  12.214889  33.190232  19.370664  23.859962  124.375013
0.976917  0.000000  0.000000  0.000000  -36.326235  17.292529  50.000000  36.394669  -37.502439  -35.835166  12.214889  33.190232  19.370664  23.859962  124.375013
0.977174  0.000000  0.000000  0.000000  -16.650948  15.854712  -10.000000  55.375300  19.739370  12.390326  24.894161  16.427283  -5.621267  22.107778  129.934474
0.977430  0.000000  0.000000  0.000000  -16.650948  15.854712  -5.714286  56.157541  16.195546  9.856097  24.894161  16.427283  -5.621267  22.107778  129.934474
0.977687  0.000000  0.000000  0.000000  -16.650948  15.854712  -1.428571  56.766169  12.622760  7.411769  24.894161  16.427283  -5.621267  22.107778  129.934474
0.977943  0.000000  0.000000  0.000000  -16.650948  15.854712  2.857143  57.212863  9.028363  5.035016  24.894161  16.427283  -5.621267  22.107778  129.934474
0.978200  0.000000  0.000000  0.000000  -16.650948  15.854712  7.142857  57.505993  5.418990  2.705326  24.894161  16.427283  -5.621267  22.107778  129.934474
0.978456  0.000000  0.000000  0.000000  -16.650948  15.854712  11.428571  57.651025  1.800815  0.403382  24.894161  16.427283  -5.621267  22.107778  129.934474
0.978712  0.000000  0.000000  0.000000  -16.650948  15.854712  15.714286  57.650634  -1.820251  -1.889425  24.894161  16.427283  -5.621267  22.107778  129.934474
0.978969  0.000000  0.000000  0.000000  -16.650948  15.854712  20.000000  57.504818  -5.438394  -4.191468  24.894161  16.427283  -5.621267  22.107778  129.934474
0.979225  0.000000  0.000000  0.000000  -16.650948  15.854712  24.285714  57.210881  -9.047704  -6.521358  24.894161  16.427283  -5.621267  22.107778  129.934474
0.979482  0.000000  0.000000  0.000000  -16.650948  15.854712  28.571429  56.763345  -12.642003  -8.898416  24.894161  16.427283  -5.621267  22.107778  129.934474
0.979738  0.000000  0.000000  0.000000  -16.650948  15.854712  32.857143  56.153817  -16.214653  -11.343167  24.894161  16.427283  -5.621267  22.107778  129.934474
0.979995  0.000000  0.000000  0.000000  -16.650948  15.854712  37.142857  55.370607  -19.758301  -13.877943  24.894161  16.427283  -5.621267  22.107778  129.934474
0.980251  0.000000  0.000000  0.000000  -16.650948  15.854712  41.428571  54.398483  -23.264662  -16.527391  24.894161  16.427283  -5.621267  22.107778  129.934474
0.980508  0.000000  0.000000  0.000000  -16.650948  15.854712  45.714286  53.218147  -26.724175  -19.319170  24.894161  16.427283  -5.621267  22.107778  129.934474
0.980764  0.000000  0.000000  0.000000  -16.650948  15.854712  50.000000  51.805700  -30.125646  -22.284637  24.894161  16.427283  -5.621267  22.107778  129.934474
0.981021  0.000000  0.000000  0.000000  -26.862326  20.453907  -10.000000  48.385864  3.384917  8.373026  0.354049  18.989546  22.905589  27.049273  121.123239
0.981277  0.000000  0.000000  0.000000  -26.862326  20.453907  -5.714286  48.474337  0.177916  5.528303  0.354049  18.989546  22.905589  27.049273  121.123239
0.981534  0.000000  0.000000  0.000000  -26.862326  20.453907  -1.428571  48.403535  -3.029534  2.684572  0.354049  18.989546  22.905589  27.049273  121.123239
0.981790  0.000000  0.000000  0.000000  -26.862326  20.453907  2.857143  48.172511  -6.229485  -0.176050  0.354049  18.989546  22.905589  27.049273  121.123239
0.982047  0.000000  0.000000  0.000000  -26.862326  20.453907  7.142857  47.778217  -9.413847  -3.071691  0.354049  18.989546  22.905589  27.049273  121.123239
0.982303  0.000000  0.000000  0.000000  -26.862326  20.453907  11.428571  47.215418  -12.574152  -6.021035  0.354049  18.989546  22.905589  27.049273  121.123239
0.982560  0.000000  0.000000  0.000000  -26.862326  20.453907  15.714286  46.476730  -15.701408  -9.043497  0.354049  18.989546  22.905589  27.049273  121.123239
0.982816  0.000000  0.000000  0.000000  -26.862326  20.453907  20.000000  45.552477  -18.785844  -12.159550  0.354049  18.989546  22.905589  27.049273  121.123239
0.983073  0.000000  0.000000  0.000000  -26.862326  20.453907  24.285714  44.430697  -21.816710  -15.390872  0.354049  18.989546  22.905589  27.049273  121.123239
0.983329  0.000000  0.000000  0.000000  -26.862326  20.453907  28.571429  43.097114  -24.782010  -18.760515  0.354049  18.989546  22.905589  27.049273  121.123239
0.983586  0.000000  0.000000  0.000000  -26.862326  20.453907  32.857143  41.535250  -27.668250  -22.292923  0.354049  18.989546  22.905589  27.049273  121.123239
0.983842  0.000000  0.000000  0.000000  -26.862326  20.453907  37.142857  39.726666  -30.460141  -26.013800  0.354049  18.989546  22.905589  27.049273  121.123239
0.984098  0.000000  0.000000  0.000000  -26.862326  20.453907  41.428571  37.651442  -33.140318  -29.949713  0.354049  18.989546  22.905589  27.049273  121.123239
0.984355  0.000000  0.000000  0.000000  -26.862326  20.453907  45.714286  35.289070  -35.689071  -34.127294  0.354049  18.989546  22.905589  27.049273  121.123239
0.984611  0.000000  0.000000  0.000000  -26.862326  20.453907  50.000000  32.619768  -38.084203  -38.572001  0.354049  18.989546  22.905589  27.049273  121.123239
0.984868  0.000000  0.000000  0.000000  -38.954843  21.299632  -10.000000  49.546496  26.887473  14.178099  23.227117  18.576049  0.167374  37.025370  118.712580
0.985124  0.000000  0.000000  0.000000  -38.954843  21.299632  -5.714286  50.840605  23.594299  11.145143  23.227117  18.576049  0.167374  37.025370  118.712580
0.985381  0.000000  0.000000  0.000000  -38.954843  21.299632  -1.428571  51.917524  20.245144  8.262071  23.227117  18.576049  0.167374  37.025370  118.712580
0.985637  0.000000  0.000000  0.000000  -38.954843  21.299632  2.857143  52.796183  16.850899  5.501573  23.227117  18.576049  0.167374  37.025370  118.712580
0.985894  0.000000  0.000000  0.000000  -38.954843  21.299632  7.142857  53.491846  13.421067  2.838973  23.227117  18.576049  0.167374  37.025370  118.712580
0.986150  0.000000  0.000000  0.000000  -38.954843  21.299632  11.428571  54.016500  9.964090  0.251731  23.227117  18.576049  0.167374  37.025370  118.712580
0.986407  0.000000  0.000000  0.000000  -38.954843  21.299632  15.714286  54.379111  6.487616  -2.281035  23.227117  18.576049  0.167374  37.025370  118.712580
0.986663  0.000000  0.000000  0.000000  -38.954843  21.299632  20.000000  54.585788  2.998768  -4.779007  23.227117  18.576049  0.167374  37.025370  118.712580
0.986920  0.000000  0.000000  0.000000  -38.954843  21.299632  24.285714  54.640032  -0.495741  -7.261060  23.227117  18.576049  0.167374  37.025370  118.712580
0.987176  0.000000  0.000000  0.000000  -38.954843  21.299632  28.571429  54.542739  -3.989320  -9.745733  23.227117  18.576049  0.167374  37.025370  118.712580
0.987433  0.000000  0.000000  0.000000  -38.954843  21.299632  32.857143  54.292300  -7.475361  -12.251636  23.227117  18.576049  0.167374  37.025370  118.712580
0.987689  0.000000  0.000000  0.000000  -38.954843  21.299632  37.142857  53.884471  -10.947037  -14.797816  23.227117  18.576049  0.167374  37.025370  118.712580
0.987946  0.000000  0.000000  0.000000  -38.954843  21.299632  41.428571  53.312340  -14.397121  -17.404250  23.227117  18.576049  0.167374  37.025370  118.712580
0.988202  0.000000  0.000000  0.000000  -38.954843  21.299632  45.714286  52.566125  -17.817764  -20.092242  23.227117  18.576049  0.167374  37.025370  118.712580
0.988459  0.000000  0.000000  0.000000  -38.954843  21.299632  50.000000  51.632934  -21.200247  -22.884894  23.227117  18.576049  0.167374  37.025370  118.712580
0.988715  0.000000  0.000000  0.000000  -12.528481  12.701220  -10.000000  55.483944  21.952110  13.329231  3.843322  34.852710  -0.006312  23.946097  121.102282
0.988972  0.000000  0.000000  0.000000  -12.528481  12.701220  -5.714286  56.366721  18.401592  10.771458  3.843322  34.852710  -0.006312  23.946097  121.102282
0.989228  0.000000  0.000000  0.000000  -12.528481  12.701220  -1.428571  57.068610  14.818262  8.317580  3.843322  34.852710  -0.006312  23.946097  121.102282
0.989484  0.000000  0.000000  0.000000  -12.528481  12.701220  2.857143  57.603471  11.209804  5.943944  3.843322  34.852710  -0.006312  23.946097  121.102282
0.989741  0.000000  0.000000  0.000000  -12.528481  12.701220  7.142857  57.981653  7.583059  3.629035  3.843322  34.852710  -0.006312  23.946097  121.102282
0.989997  0.000000  0.000000  0.000000  -12.528481  12.701220  11.428571  58.210379  3.944285  1.352918  3.843322  34.852710  -0.006312  23.946097  121.102282
0.990254  0.000000  0.000000  0.000000  -12.528481  12.701220  15.714286  58.293967  0.299362  -0.903312  3.843322  34.852710  -0.006312  23.946097  121.102282
0.990510  0.000000  0.000000  0.000000  -12.528481  12.701220  20.000000  58.233988  -3.346025  -3.158042  3.843322  34.852710  -0.006312  23.946097  121.102282
0.990767  0.000000  0.000000  0.000000  -12.528481  12.701220  24.285714  58.029318  -6.986204  -5.429617  3.843322  34.852710  -0.006312  23.946097  121.102282
0.991023  0.000000  0.000000  0.000000  -12.528481  12.701220  28.571429  57.676095  -10.615342  -7.736821  3.843322  34.852710  -0.006312  23.946097  121.102282
0.991280  0.000000  0.000000  0.000000  -12.528481  12.701220  32.857143  57.167580  -14.227253  -10.099386  3.843322  34.852710  -0.006312  23.946097  121.102282
0.991536  0.000000  0.000000  0.000000  -12.528481  12.701220  37.142857  56.493977  -17.815212  -12.538530  3.843322  34.852710  -0.006312  23.946097  121.102282
0.991793  0.000000  0.000000  0.000000  -12.528481  12.701220  41.428571  55.642012  -21.371688  -15.077508  3.843322  34.852710  -0.006312  23.946097  121.102282
0.992049  0.000000  0.000000  0.000000  -12.528481  12.701220  45.714286  54.594590  -24.888093  -17.742292  3.843322  34.852710  -0.006312  23.946097  121.102282
0.992306  0.000000  0.000000  0.000000  -12.528481  12.701220  50.000000  53.330207  -28.354421  -20.562267  3.843322  34.852710  -0.006312  23.946097  121.102282
0.992562  0.000000  0.000000  0.000000  -35.977903  24.119895  -10.000000  48.945921  1.810037  4.660569  21.588295  23.807692  2.960819  21.942599  119.682844
0.992819  0.000000  0.000000  0.000000  -35.977903  24.119895  -5.714286  48.955441  -1.422658  1.846462  21.588295  23.807692  2.960819  21.942599  119.682844
0.993075  0.000000  0.000000  0.000000  -35.977903  24.119895  -1.428571  48.805824  -4.651918  -0.975547  21.588295  23.807692  2.960819  21.942599  119.682844
0.993332  0.000000  0.000000  0.000000  -35.977903  24.119895  2.857143  48.495056  -7.869843  -3.823528  21.588295  23.807692  2.960819  21.942599  119.682844
0.993588  0.000000  0.000000  0.000000  -35.977903  24.119895  7.142857  48.018926  -11.068268  -6.715965  21.588295  23.807692  2.960819  21.942599  119.682844
0.993845  0.000000  0.000000  0.000000  -35.977903  24.119895  11.428571  47.370995  -14.238581  -9.672029  21.588295  23.807692  2.960819  21.942599  119.682844
0.994101  0.000000  0.000000  0.000000  -35.977903  24.119895  15.714286  46.542575  -17.371508  -12.711823  21.588295  23.807692  2.960819  21.942599  119.682844
0.994358  0.000000  0.000000  0.000000  -35.977903  24.119895  20.000000  45.522563  -20.456900  -15.856664  21.588295  23.807692  2.960819  21.942599  119.682844
0.994614  0.000000  0.000000  0.000000  -35.977903  24.119895  24.285714  44.297507  -23.483477  -19.129237  21.588295  23.807692  2.960819  21.942599  119.682844
0.994870  0.000000  0.000000  0.000000  -35.977903  24.119895  28.571429  42.851521  -26.438568  -22.553751  21.588295  23.807692  2.960819  21.942599  119.682844
0.995127  0.000000  0.000000  0.000000  -35.977903  24.119895  32.857143  41.166498  -29.307822  -26.155896  21.588295  23.807692  2.960819  21.942599  119.682844
0.995383  0.000000  0.000000  0.000000  -35.977903  24.119895  37.142857  39.222393  -32.074906  -29.962632  21.588295  23.807692  2.960819  21.942599  119.682844
0.995640  0.000000  0.000000  0.000000  -35.977903  24.119895  41.428571  36.997878  -34.721211  -34.001636  21.588295  23.807692  2.960819  21.942599  119.682844
0.995896  0.000000  0.000000  0.000000  -35.977903  24.119895  45.714286  34.471448  -37.225573  -38.300261  21.588295  23.807692  2.960819  21.942599  119.682844
0.996153  0.000000  0.000000  0.000000  -35.977903  24.119895  50.000000  31.623067  -39.564192  -42.883995  21.588295  23.807692  2.960819  21.942599  119.682844
0.996409  0.000000  0.000000  0.000000  -21.325380  24.679709  -10.000000  52.578217  15.005501  16.600430  16.070444  19.537475  -1.089450  23.552554  119.492266
0.996666  0.000000  0.000000  0.000000  -21.325380  24.679709  -5.714286  53.189673  11.587379  13.943441  16.070444  19.537475  -1.089450  23.552554  119.492266
0.996922  0.000000  0.000000  0.000000  -21.325380  24.679709  -1.428571  53.634178  8.145604  11.350945  16.070444  19.537475  -1.089450  23.552554  119.492266
0.997179  0.000000  0.000000  0.000000  -21.325380  24.679709  2.857143  53.919116  4.687665  8.802777  16.070444  19.537475  -1.089450  23.552554  119.492266
0.997435  0.000000  0.000000  0.000000  -21.325380  24.679709  7.142857  54.049241  1.220581  6.279779  16.070444  19.537475  -1.089450  23.552554  119.492266
0.997692  0.000000  0.000000  0.000000  -21.325380  24.679709  11.428571  54.026638  -2.248861  3.763279  16.070444  19.537475  -1.089450  23.552554  119.492266
0.997948  0.000000  0.000000  0.000000  -21.325380  24.679709  15.714286  53.850974  -5.713946  1.234778  16.070444  19.537475  -1.089450  23.552554  119.492266
0.998205  0.000000  0.000000  0.000000  -21.325380  24.679709  20.000000  53.519334  -9.167847  -1.324485  16.070444  19.537475  -1.089450  23.552554  119.492266
0.998461  0.000000  0.000000  0.000000  -21.325380  24.679709  24.285714  53.026240  -12.603419  -3.933941  16.070444  19.537475  -1.089450  23.552554  119.492266
0.998718  0.000000  0.000000  0.000000  -21.325380  24.679709  28.571429  52.363458  -16.012995  -6.614115  16.070444  19.537475  -1.089450  23.552554  119.492266
0.998974  0.000000  0.000000  0.000000  -21.325380  24.679709  32.857143  51.519861  -19.388186  -9.387017  16.070444  19.537475  -1.089450  23.552554  119.492266
0.999231  0.000000  0.000000  0.000000  -21.325380  24.679709  37.142857  50.481148  -22.719589  -12.276634  16.070444  19.537475  -1.089450  23.552554  119.492266
0.999487  0.000000  0.000000  0.000000  -21.325380  24.679709  41.428571  49.229589  -25.996500  -15.309350  16.070444  19.537475  -1.089450  23.552554  119.492266
0.999744  0.000000  0.000000  0.000000  -21.325380  24.679709  45.714286  47.743747  -29.206577  -18.514361  16.070444  19.537475  -1.089450  23.552554  119.492266
1.000000  0.000000  0.000000  0.000000  -21.325380  24.679709  50.000000  45.998315  -32.335407  -21.924027  16.070444  19.537475  -1.089450  23.552554  119.492266
