simulation
nRows=1485
nColumns=15
endheader
time  TH_x TH_y TH_z SC_y  SC_z  SC_x  AC_y  AC_z  AC_x  GH_y  GH_z  GH_yy  EL_x  PS_y
0.000000  0.000000  0.000000  0.000000  -9.457221  16.583702  -19.317414  34.055451  20.443276  25.086232  11.200736  -10.893757  22.549178  21.999739  108.798463
0.000674  0.000000  0.000000  0.000000  -9.457221  16.583702  -15.388842  35.189753  18.210484  21.660457  11.200736  -10.893757  22.549178  21.999739  108.798463
0.001348  0.000000  0.000000  0.000000  -9.457221  16.583702  -11.460271  36.169715  15.918465  18.322531  11.200736  -10.893757  22.549178  21.999739  108.798463
0.002022  0.000000  0.000000  0.000000  -9.457221  16.583702  -7.531699  37.000410  13.576318  15.060738  11.200736  -10.893757  22.549178  21.999739  108.798463
0.002695  0.000000  0.000000  0.000000  -9.457221  16.583702  -3.603128  37.686486  11.192641  11.863278  11.200736  -10.893757  22.549178  21.999739  108.798463
0.003369  0.000000  0.000000  0.000000  -9.457221  16.583702  0.325443  38.231983  8.775557  8.718393  11.200736  -10.893757  22.549178  21.999739  108.798463
0.004043  0.000000  0.000000  0.000000  -9.457221  16.583702  4.254015  38.640234  6.332791  5.614423  11.200736  -10.893757  22.549178  21.999739  108.798463
0.004717  0.000000  0.000000  0.000000  -9.457221  16.583702  8.182586  38.913800  3.871769  2.539800  11.200736  -10.893757  22.549178  21.999739  108.798463
0.005391  0.000000  0.000000  0.000000  -9.457221  16.583702  12.111158  39.054434  1.399698  -0.516955  11.200736  -10.893757  22.549178  21.999739  108.798463
0.006065  0.000000  0.000000  0.000000  -9.457221  16.583702  16.039729  39.063047  -1.076342  -3.567263  11.200736  -10.893757  22.549178  21.999739  108.798463
0.006739  0.000000  0.000000  0.000000  -9.457221  16.583702  19.968301  38.939687  -3.549333  -6.622531  11.200736  -10.893757  22.549178  21.999739  108.798463
0.007412  0.000000  0.000000  0.000000  -9.457221  16.583702  23.896872  38.683569  -6.012206  -9.694174  11.200736  -10.893757  22.549178  21.999739  108.798463
0.008086  0.000000  0.000000  0.000000  -9.457221  16.583702  27.825443  38.293028  -8.457764  -12.793655  11.200736  -10.893757  22.549178  21.999739  108.798463
0.008760  0.000000  0.000000  0.000000  -9.457221  16.583702  31.754015  37.765646  -10.878640  -15.932533  11.200736  -10.893757  22.549178  21.999739  108.798463
0.009434  0.000000  0.000000  0.000000  -9.457221  16.583702  35.682586  37.098141  -13.267130  -19.122467  11.200736  -10.893757  22.549178  21.999739  108.798463
0.010108  0.000000  0.000000  0.000000  -10.640642  16.302896  -19.317414  33.132171  9.083202  17.075363  75.610493  -11.661897  26.423662  17.606071  113.400338
0.010782  0.000000  0.000000  0.000000  -10.640642  16.302896  -15.388842  33.593644  6.922115  13.762124  75.610493  -11.661897  26.423662  17.606071  113.400338
0.011456  0.000000  0.000000  0.000000  -10.640642  16.302896  -11.460271  33.927266  4.738318  10.479235  75.610493  -11.661897  26.423662  17.606071  113.400338
0.012129  0.000000  0.000000  0.000000  -10.640642  16.302896  -7.531699  34.134399  2.539144  7.217117  75.610493  -11.661897  26.423662  17.606071  113.400338
0.012803  0.000000  0.000000  0.000000  -10.640642  16.302896  -3.603128  34.215876  0.331766  3.966084  75.610493  -11.661897  26.423662  17.606071  113.400338
0.013477  0.000000  0.000000  0.000000  -10.640642  16.302896  0.325443  34.172049  -1.876658  0.716523  75.610493  -11.661897  26.423662  17.606071  113.400338
0.014151  0.000000  0.000000  0.000000  -10.640642  16.302896  4.254015  34.002731  -4.079045  -2.541255  75.610493  -11.661897  26.423662  17.606071  113.400338
0.014825  0.000000  0.000000  0.000000  -10.640642  16.302896  8.182586  33.707220  -6.268222  -5.816889  75.610493  -11.661897  26.423662  17.606071  113.400338
0.015499  0.000000  0.000000  0.000000  -10.640642  16.302896  12.111158  33.284327  -8.436903  -9.120004  75.610493  -11.661897  26.423662  17.606071  113.400338
0.016173  0.000000  0.000000  0.000000  -10.640642  16.302896  16.039729  32.732361  -10.577657  -12.460166  75.610493  -11.661897  26.423662  17.606071  113.400338
0.016846  0.000000  0.000000  0.000000  -10.640642  16.302896  19.968301  32.049314  -12.682788  -15.846869  75.610493  -11.661897  26.423662  17.606071  113.400338
0.017520  0.000000  0.000000  0.000000  -10.640642  16.302896  23.896872  31.232833  -14.744350  -19.289440  75.610493  -11.661897  26.423662  17.606071  113.400338
0.018194  0.000000  0.000000  0.000000  -10.640642  16.302896  27.825443  30.280358  -16.754028  -22.797001  75.610493  -11.661897  26.423662  17.606071  113.400338
0.018868  0.000000  0.000000  0.000000  -10.640642  16.302896  31.754015  29.189352  -18.703213  -26.378260  75.610493  -11.661897  26.423662  17.606071  113.400338
0.019542  0.000000  0.000000  0.000000  -10.640642  16.302896  35.682586  27.957403  -20.582861  -30.041442  75.610493  -11.661897  26.423662  17.606071  113.400338
0.020216  0.000000  0.000000  0.000000  -9.805044  8.450031  -19.317414  35.850061  31.351591  27.045575  89.774213  -9.588170  -51.195562  12.850477  111.320187
0.020889  0.000000  0.000000  0.000000  -9.805044  8.450031  -15.388842  37.680737  28.999291  23.405203  89.774213  -9.588170  -51.195562  12.850477  111.320187
0.021563  0.000000  0.000000  0.000000  -9.805044  8.450031  -11.460271  39.301026  26.553353  19.929973  89.774213  -9.588170  -51.195562  12.850477  111.320187
0.022237  0.000000  0.000000  0.000000  -9.805044  8.450031  -7.531699  40.723293  24.026701  16.602277  89.774213  -9.588170  -51.195562  12.850477  111.320187
0.022911  0.000000  0.000000  0.000000  -9.805044  8.450031  -3.603128  41.959343  21.430981  13.404638  89.774213  -9.588170  -51.195562  12.850477  111.320187
0.023585  0.000000  0.000000  0.000000  -9.805044  8.450031  0.325443  43.020131  18.776719  10.319983  89.774213  -9.588170  -51.195562  12.850477  111.320187
0.024259  0.000000  0.000000  0.000000  -9.805044  8.450031  4.254015  43.915378  16.073434  7.331885  89.774213  -9.588170  -51.195562  12.850477  111.320187
0.024933  0.000000  0.000000  0.000000  -9.805044  8.450031  8.182586  44.653573  13.329814  4.424560  89.774213  -9.588170  -51.195562  12.850477  111.320187
0.025606  0.000000  0.000000  0.000000  -9.805044  8.450031  12.111158  45.241872  10.553853  1.582860  89.774213  -9.588170  -51.195562  12.850477  111.320187
0.026280  0.000000  0.000000  0.000000  -9.805044  8.450031  16.039729  45.686009  7.752968  -1.207737  89.774213  -9.588170  -51.195562  12.850477  111.320187
0.026954  0.000000  0.000000  0.000000  -9.805044  8.450031  19.968301  45.990397  4.934161  -3.961309  89.774213  -9.588170  -51.195562  12.850477  111.320187
0.027628  0.000000  0.000000  0.000000  -9.805044  8.450031  23.896872  46.158066  2.104112  -6.691533  89.774213  -9.588170  -51.195562  12.850477  111.320187
0.028302  0.000000  0.000000  0.000000  -9.805044  8.450031  27.825443  46.190685  -0.730689  -9.411853  89.774213  -9.588170  -51.195562  12.850477  111.320187
0.028976  0.000000  0.000000  0.000000  -9.805044  8.450031  31.754015  46.088580  -3.563843  -12.135609  89.774213  -9.588170  -51.195562  12.850477  111.320187
0.029650  0.000000  0.000000  0.000000  -9.805044  8.450031  35.682586  45.850733  -6.388916  -14.876176  89.774213  -9.588170  -51.195562  12.850477  111.320187
0.030323  0.000000  0.000000  0.000000  -12.370868  5.075885  -19.203271  40.028348  36.290387  27.150423  39.091465  -11.301489  43.562094  22.208783  106.853566
0.030997  0.000000  0.000000  0.000000  -12.370868  5.075885  -15.274699  42.103222  33.708617  23.534668  39.091465  -11.301489  43.562094  22.208783  106.853566
0.031671  0.000000  0.000000  0.000000  -12.370868  5.075885  -11.346128  43.924737  31.027733  20.133887  39.091465  -11.301489  43.562094  22.208783  106.853566
0.032345  0.000000  0.000000  0.000000  -12.370868  5.075885  -7.417556  45.514112  28.262636  16.922180  39.091465  -11.301489  43.562094  22.208783  106.853566
0.033019  0.000000  0.000000  0.000000  -12.370868  5.075885  -3.488985  46.890807  25.426295  13.875002  39.091465  -11.301489  43.562094  22.208783  106.853566
0.033693  0.000000  0.000000  0.000000  -12.370868  5.075885  0.439587  48.072165  22.530032  10.969456  39.091465  -11.301489  43.562094  22.208783  106.853566
0.034367  0.000000  0.000000  0.000000  -12.370868  5.075885  4.368158  49.073366  19.583786  8.184312  39.091465  -11.301489  43.562094  22.208783  106.853566
0.035040  0.000000  0.000000  0.000000  -12.370868  5.075885  8.296729  49.907299  16.596340  5.499991  39.091465  -11.301489  43.562094  22.208783  106.853566
0.035714  0.000000  0.000000  0.000000  -12.370868  5.075885  12.225301  50.584777  13.575523  2.898310  39.091465  -11.301489  43.562094  22.208783  106.853566
0.036388  0.000000  0.000000  0.000000  -12.370868  5.075885  16.153872  51.114551  10.528437  0.362361  39.091465  -11.301489  43.562094  22.208783  106.853566
0.037062  0.000000  0.000000  0.000000  -12.370868  5.075885  20.082444  51.503457  7.461592  -2.123749  39.091465  -11.301489  43.562094  22.208783  106.853566
0.037736  0.000000  0.000000  0.000000  -12.370868  5.075885  24.011015  51.756473  4.381044  -4.575152  39.091465  -11.301489  43.562094  22.208783  106.853566
0.038410  0.000000  0.000000  0.000000  -12.370868  5.075885  27.939587  51.876861  1.292579  -7.006402  39.091465  -11.301489  43.562094  22.208783  106.853566
0.039084  0.000000  0.000000  0.000000  -12.370868  5.075885  31.868158  51.866154  -1.798207  -9.431738  39.091465  -11.301489  43.562094  22.208783  106.853566
0.039757  0.000000  0.000000  0.000000  -12.370868  5.075885  35.796729  51.724213  -4.885762  -11.865304  39.091465  -11.301489  43.562094  22.208783  106.853566
0.040431  0.000000  0.000000  0.000000  -9.780308  7.678431  -18.869406  33.248070  20.917496  19.686624  44.906362  16.058813  6.942795  16.356591  103.120861
0.041105  0.000000  0.000000  0.000000  -9.780308  7.678431  -14.940834  34.424877  18.729264  16.218036  44.906362  16.058813  6.942795  16.356591  103.120861
0.041779  0.000000  0.000000  0.000000  -9.780308  7.678431  -11.012263  35.447189  16.478849  12.839355  44.906362  16.058813  6.942795  16.356591  103.120861
0.042453  0.000000  0.000000  0.000000  -9.780308  7.678431  -7.083691  36.319923  14.175499  9.539190  44.906362  16.058813  6.942795  16.356591  103.120861
0.043127  0.000000  0.000000  0.000000  -9.780308  7.678431  -3.155120  37.047655  11.827930  6.306011  44.906362  16.058813  6.942795  16.356591  103.120861
0.043801  0.000000  0.000000  0.000000  -9.780308  7.678431  0.773451  37.634449  9.444400  3.128259  44.906362  16.058813  6.942795  16.356591  103.120861
0.044474  0.000000  0.000000  0.000000  -9.780308  7.678431  4.702023  38.083721  7.032743  -0.005555  44.906362  16.058813  6.942795  16.356591  103.120861
0.045148  0.000000  0.000000  0.000000  -9.780308  7.678431  8.630594  38.398167  4.600479  -3.106854  44.906362  16.058813  6.942795  16.356591  103.120861
0.045822  0.000000  0.000000  0.000000  -9.780308  7.678431  12.559166  38.579724  2.154892  -6.186975  44.906362  16.058813  6.942795  16.356591  103.120861
0.046496  0.000000  0.000000  0.000000  -9.780308  7.678431  16.487737  38.629526  -0.296887  -9.257195  44.906362  16.058813  6.942795  16.356591  103.120861
0.047170  0.000000  0.000000  0.000000  -9.780308  7.678431  20.416309  38.547884  -2.747837  -12.328798  44.906362  16.058813  6.942795  16.356591  103.120861
0.047844  0.000000  0.000000  0.000000  -9.780308  7.678431  24.344880  38.334287  -5.190859  -15.413012  44.906362  16.058813  6.942795  16.356591  103.120861
0.048518  0.000000  0.000000  0.000000  -9.780308  7.678431  28.273451  37.987402  -7.618807  -18.521138  44.906362  16.058813  6.942795  16.356591  103.120861
0.049191  0.000000  0.000000  0.000000  -9.780308  7.678431  32.202023  37.505116  -10.024356  -21.664540  44.906362  16.058813  6.942795  16.356591  103.120861
0.049865  0.000000  0.000000  0.000000  -9.780308  7.678431  36.130594  36.884532  -12.399909  -24.854661  44.906362  16.058813  6.942795  16.356591  103.120861
0.050539  0.000000  0.000000  0.000000  -19.891007  12.721200  -18.869406  35.443954  8.757512  15.337902  36.265895  -5.034038  38.872889  20.656770  106.587621
0.051213  0.000000  0.000000  0.000000  -19.891007  12.721200  -14.940834  35.870720  6.466797  12.117695  36.265895  -5.034038  38.872889  20.656770  106.587621
0.051887  0.000000  0.000000  0.000000  -19.891007  12.721200  -11.012263  36.166240  4.156013  8.926662  36.265895  -5.034038  38.872889  20.656770  106.587621
0.052561  0.000000  0.000000  0.000000  -19.891007  12.721200  -7.083691  36.332030  1.832467  5.754344  36.265895  -5.034038  38.872889  20.656770  106.587621
0.053235  0.000000  0.000000  0.000000  -19.891007  12.721200  -3.155120  36.368929  -0.496679  2.590250  36.265895  -5.034038  38.872889  20.656770  106.587621
0.053908  0.000000  0.000000  0.000000  -19.891007  12.721200  0.773451  36.277133  -2.824320  -0.576076  36.265895  -5.034038  38.872889  20.656770  106.587621
0.054582  0.000000  0.000000  0.000000  -19.891007  12.721200  4.702023  36.056175  -5.143297  -3.755090  36.265895  -5.034038  38.872889  20.656770  106.587621
0.055256  0.000000  0.000000  0.000000  -19.891007  12.721200  8.630594  35.704912  -7.446424  -6.957277  36.265895  -5.034038  38.872889  20.656770  106.587621
0.055930  0.000000  0.000000  0.000000  -19.891007  12.721200  12.559166  35.221576  -9.726320  -10.193117  36.265895  -5.034038  38.872889  20.656770  106.587621
0.056604  0.000000  0.000000  0.000000  -19.891007  12.721200  16.487737  34.603829  -11.975376  -13.473096  36.265895  -5.034038  38.872889  20.656770  106.587621
0.057278  0.000000  0.000000  0.000000  -19.891007  12.721200  20.416309  33.848810  -14.185701  -16.807664  36.265895  -5.034038  38.872889  20.656770  106.587621
0.057951  0.000000  0.000000  0.000000  -19.891007  12.721200  24.344880  32.953221  -16.349009  -20.207209  36.265895  -5.034038  38.872889  20.656770  106.587621
0.058625  0.000000  0.000000  0.000000  -19.891007  12.721200  28.273451  31.913519  -18.456651  -23.681896  36.265895  -5.034038  38.872889  20.656770  106.587621
0.059299  0.000000  0.000000  0.000000  -19.891007  12.721200  32.202023  30.726017  -20.499466  -27.241608  36.265895  -5.034038  38.872889  20.656770  106.587621
0.059973  0.000000  0.000000  0.000000  -19.891007  12.721200  36.130594  29.387173  -22.467826  -30.895691  36.265895  -5.034038  38.872889  20.656770  106.587621
0.060647  0.000000  0.000000  0.000000  -20.959208  14.963187  -18.869406  36.123032  15.022265  17.362579  43.561130  -10.216958  22.914322  33.098182  108.093041
0.061321  0.000000  0.000000  0.000000  -20.959208  14.963187  -14.940834  36.902008  12.684120  14.110682  43.561130  -10.216958  22.914322  33.098182  108.093041
0.061995  0.000000  0.000000  0.000000  -20.959208  14.963187  -11.012263  37.538491  10.307176  10.918469  43.561130  -10.216958  22.914322  33.098182  108.093041
0.062668  0.000000  0.000000  0.000000  -20.959208  14.963187  -7.083691  38.036163  7.899400  7.774375  43.561130  -10.216958  22.914322  33.098182  108.093041
0.063342  0.000000  0.000000  0.000000  -20.959208  14.963187  -3.155120  38.398005  5.468423  4.666904  43.561130  -10.216958  22.914322  33.098182  108.093041
0.064016  0.000000  0.000000  0.000000  -20.959208  14.963187  0.773451  38.626275  3.021583  1.584672  43.561130  -10.216958  22.914322  33.098182  108.093041
0.064690  0.000000  0.000000  0.000000  -20.959208  14.963187  4.702023  38.722354  0.566061  -1.483673  43.561130  -10.216958  22.914322  33.098182  108.093041
0.065364  0.000000  0.000000  0.000000  -20.959208  14.963187  8.630594  38.686905  -1.891085  -4.549421  43.561130  -10.216958  22.914322  33.098182  108.093041
0.066038  0.000000  0.000000  0.000000  -20.959208  14.963187  12.559166  38.519653  -4.342806  -7.623854  43.561130  -10.216958  22.914322  33.098182  108.093041
0.066712  0.000000  0.000000  0.000000  -20.959208  14.963187  16.487737  38.219573  -6.781991  -10.718287  43.561130  -10.216958  22.914322  33.098182  108.093041
0.067385  0.000000  0.000000  0.000000  -20.959208  14.963187  20.416309  37.784780  -9.201376  -13.844092  43.561130  -10.216958  22.914322  33.098182  108.093041
0.068059  0.000000  0.000000  0.000000  -20.959208  14.963187  24.344880  37.212670  -11.593499  -17.012700  43.561130  -10.216958  22.914322  33.098182  108.093041
0.068733  0.000000  0.000000  0.000000  -20.959208  14.963187  28.273451  36.499833  -13.950531  -20.235663  43.561130  -10.216958  22.914322  33.098182  108.093041
0.069407  0.000000  0.000000  0.000000  -20.959208  14.963187  32.202023  35.642248  -16.264271  -23.524560  43.561130  -10.216958  22.914322  33.098182  108.093041
0.070081  0.000000  0.000000  0.000000  -20.959208  14.963187  36.130594  34.635368  -18.526089  -26.890982  43.561130  -10.216958  22.914322  33.098182  108.093041
0.070755  0.000000  0.000000  0.000000  -30.960091  15.064351  -18.869406  37.061445  21.820786  25.682325  10.573696  -10.143878  46.680178  25.249982  110.709423
0.071429  0.000000  0.000000  0.000000  -30.960091  15.064351  -14.940834  38.232395  19.420529  22.358977  10.573696  -10.143878  46.680178  25.249982  110.709423
0.072102  0.000000  0.000000  0.000000  -30.960091  15.064351  -11.012263  39.239814  16.961610  19.133536  10.573696  -10.143878  46.680178  25.249982  110.709423
0.072776  0.000000  0.000000  0.000000  -30.960091  15.064351  -7.083691  40.090642  14.453357  15.992272  10.573696  -10.143878  46.680178  25.249982  110.709423
0.073450  0.000000  0.000000  0.000000  -30.960091  15.064351  -3.155120  40.791036  11.904407  12.921694  10.573696  -10.143878  46.680178  25.249982  110.709423
0.074124  0.000000  0.000000  0.000000  -30.960091  15.064351  0.773451  41.346277  9.322874  9.908545  10.573696  -10.143878  46.680178  25.249982  110.709423
0.074798  0.000000  0.000000  0.000000  -30.960091  15.064351  4.702023  41.760645  6.716390  6.939864  10.573696  -10.143878  46.680178  25.249982  110.709423
0.075472  0.000000  0.000000  0.000000  -30.960091  15.064351  8.630594  42.037385  4.092235  4.002935  10.573696  -10.143878  46.680178  25.249982  110.709423
0.076146  0.000000  0.000000  0.000000  -30.960091  15.064351  12.559166  42.178702  1.457438  1.085235  10.573696  -10.143878  46.680178  25.249982  110.709423
0.076819  0.000000  0.000000  0.000000  -30.960091  15.064351  16.487737  42.185729  -1.181126  -1.825635  10.573696  -10.143878  46.680178  25.249982  110.709423
0.077493  0.000000  0.000000  0.000000  -30.960091  15.064351  20.416309  42.058504  -3.816640  -4.742039  10.573696  -10.143878  46.680178  25.249982  110.709423
0.078167  0.000000  0.000000  0.000000  -30.960091  15.064351  24.344880  41.796036  -6.442238  -7.676375  10.573696  -10.143878  46.680178  25.249982  110.709423
0.078841  0.000000  0.000000  0.000000  -30.960091  15.064351  28.273451  41.396219  -9.050908  -10.641137  10.573696  -10.143878  46.680178  25.249982  110.709423
0.079515  0.000000  0.000000  0.000000  -30.960091  15.064351  32.202023  40.855917  -11.635402  -13.649027  10.573696  -10.143878  46.680178  25.249982  110.709423
0.080189  0.000000  0.000000  0.000000  -30.960091  15.064351  36.130594  40.170948  -14.188134  -16.712983  10.573696  -10.143878  46.680178  25.249982  110.709423
0.080863  0.000000  0.000000  0.000000  -18.191601  9.464213  -18.869406  38.112333  25.832453  22.707645  55.911893  -4.379778  40.110773  28.572141  100.474117
0.081536  0.000000  0.000000  0.000000  -18.191601  9.464213  -14.940834  39.514465  23.369308  19.341116  55.911893  -4.379778  40.110773  28.572141  100.474117
0.082210  0.000000  0.000000  0.000000  -18.191601  9.464213  -11.012263  40.734933  20.836804  16.099085  55.911893  -4.379778  40.110773  28.572141  100.474117
0.082884  0.000000  0.000000  0.000000  -18.191601  9.464213  -7.083691  41.783538  18.245359  12.965573  55.911893  -4.379778  40.110773  28.572141  100.474117
0.083558  0.000000  0.000000  0.000000  -18.191601  9.464213  -3.155120  42.669129  15.604476  9.925012  55.911893  -4.379778  40.110773  28.572141  100.474117
0.084232  0.000000  0.000000  0.000000  -18.191601  9.464213  0.773451  43.399435  12.922862  6.962349  55.911893  -4.379778  40.110773  28.572141  100.474117
0.084906  0.000000  0.000000  0.000000  -18.191601  9.464213  4.702023  43.981002  10.208572  4.063045  55.911893  -4.379778  40.110773  28.572141  100.474117
0.085580  0.000000  0.000000  0.000000  -18.191601  9.464213  8.630594  44.419137  7.469135  1.213030  55.911893  -4.379778  40.110773  28.572141  100.474117
0.086253  0.000000  0.000000  0.000000  -18.191601  9.464213  12.559166  44.717884  4.711651  -1.601350  55.911893  -4.379778  40.110773  28.572141  100.474117
0.086927  0.000000  0.000000  0.000000  -18.191601  9.464213  16.487737  44.880012  1.942955  -4.393434  55.911893  -4.379778  40.110773  28.572141  100.474117
0.087601  0.000000  0.000000  0.000000  -18.191601  9.464213  20.416309  44.907046  -0.830344  -7.176371  55.911893  -4.379778  40.110773  28.572141  100.474117
0.088275  0.000000  0.000000  0.000000  -18.191601  9.464213  24.344880  44.799229  -3.601678  -9.963209  55.911893  -4.379778  40.110773  28.572141  100.474117
0.088949  0.000000  0.000000  0.000000  -18.191601  9.464213  28.273451  44.555570  -6.364471  -12.767062  55.911893  -4.379778  40.110773  28.572141  100.474117
0.089623  0.000000  0.000000  0.000000  -18.191601  9.464213  32.202023  44.173780  -9.111981  -15.601156  55.911893  -4.379778  40.110773  28.572141  100.474117
0.090296  0.000000  0.000000  0.000000  -18.191601  9.464213  36.130594  43.650333  -11.837236  -18.479019  55.911893  -4.379778  40.110773  28.572141  100.474117
0.090970  0.000000  0.000000  0.000000  -22.821035  13.014391  -18.869406  33.755624  25.044243  19.930268  69.977940  15.003992  -3.026403  21.702748  112.846813
0.091644  0.000000  0.000000  0.000000  -22.821035  13.014391  -14.940834  35.193556  22.819746  16.387156  69.977940  15.003992  -3.026403  21.702748  112.846813
0.092318  0.000000  0.000000  0.000000  -22.821035  13.014391  -11.012263  36.459674  20.519480  12.959844  69.977940  15.003992  -3.026403  21.702748  112.846813
0.092992  0.000000  0.000000  0.000000  -22.821035  13.014391  -7.083691  37.560980  18.153946  9.635409  69.977940  15.003992  -3.026403  21.702748  112.846813
0.093666  0.000000  0.000000  0.000000  -22.821035  13.014391  -3.155120  38.504072  15.732854  6.400811  69.977940  15.003992  -3.026403  21.702748  112.846813
0.094340  0.000000  0.000000  0.000000  -22.821035  13.014391  0.773451  39.295029  13.265234  3.243053  69.977940  15.003992  -3.026403  21.702748  112.846813
0.095013  0.000000  0.000000  0.000000  -22.821035  13.014391  4.702023  39.939219  10.759538  0.149267  69.977940  15.003992  -3.026403  21.702748  112.846813
0.095687  0.000000  0.000000  0.000000  -22.821035  13.014391  8.630594  40.441172  8.223721  -2.893210  69.977940  15.003992  -3.026403  21.702748  112.846813
0.096361  0.000000  0.000000  0.000000  -22.821035  13.014391  12.559166  40.804507  5.665329  -5.896835  69.977940  15.003992  -3.026403  21.702748  112.846813
0.097035  0.000000  0.000000  0.000000  -22.821035  13.014391  16.487737  41.031896  3.091608  -8.873884  69.977940  15.003992  -3.026403  21.702748  112.846813
0.097709  0.000000  0.000000  0.000000  -22.821035  13.014391  20.416309  41.125029  0.509601  -11.836499  69.977940  15.003992  -3.026403  21.702748  112.846813
0.098383  0.000000  0.000000  0.000000  -22.821035  13.014391  24.344880  41.084607  -2.073770  -14.796732  69.977940  15.003992  -3.026403  21.702748  112.846813
0.099057  0.000000  0.000000  0.000000  -22.821035  13.014391  28.273451  40.910319  -4.651590  -17.766639  69.977940  15.003992  -3.026403  21.702748  112.846813
0.099730  0.000000  0.000000  0.000000  -22.821035  13.014391  32.202023  40.600869  -7.216878  -20.758323  69.977940  15.003992  -3.026403  21.702748  112.846813
0.100404  0.000000  0.000000  0.000000  -22.821035  13.014391  36.130594  40.153976  -9.762483  -23.783998  69.977940  15.003992  -3.026403  21.702748  112.846813
0.101078  0.000000  0.000000  0.000000  -19.209145  15.721946  -18.868834  32.015622  33.081322  36.133318  73.348416  1.634441  31.842996  20.870657  99.074044
0.101752  0.000000  0.000000  0.000000  -19.209145  15.721946  -14.940262  34.075064  30.938123  32.249788  73.348416  1.634441  31.842996  20.870657  99.074044
0.102426  0.000000  0.000000  0.000000  -19.209145  15.721946  -11.011691  35.919775  28.684045  28.540848  73.348416  1.634441  31.842996  20.870657  99.074044
0.103100  0.000000  0.000000  0.000000  -19.209145  15.721946  -7.083119  37.559926  26.333208  24.991471  73.348416  1.634441  31.842996  20.870657  99.074044
0.103774  0.000000  0.000000  0.000000  -19.209145  15.721946  -3.154548  39.006116  23.898493  21.585853  73.348416  1.634441  31.842996  20.870657  99.074044
0.104447  0.000000  0.000000  0.000000  -19.209145  15.721946  0.774023  40.268763  21.391613  18.307958  73.348416  1.634441  31.842996  20.870657  99.074044
0.105121  0.000000  0.000000  0.000000  -19.209145  15.721946  4.702595  41.357748  18.823240  15.141850  73.348416  1.634441  31.842996  20.870657  99.074044
0.105795  0.000000  0.000000  0.000000  -19.209145  15.721946  8.631166  42.281953  16.203043  12.072063  73.348416  1.634441  31.842996  20.870657  99.074044
0.106469  0.000000  0.000000  0.000000  -19.209145  15.721946  12.559738  43.049358  13.539950  9.083436  73.348416  1.634441  31.842996  20.870657  99.074044
0.107143  0.000000  0.000000  0.000000  -19.209145  15.721946  16.488309  43.666712  10.842166  6.161398  73.348416  1.634441  31.842996  20.870657  99.074044
0.107817  0.000000  0.000000  0.000000  -19.209145  15.721946  20.416881  44.139548  8.117355  3.291883  73.348416  1.634441  31.842996  20.870657  99.074044
0.108491  0.000000  0.000000  0.000000  -19.209145  15.721946  24.345452  44.472183  5.372730  0.461189  73.348416  1.634441  31.842996  20.870657  99.074044
0.109164  0.000000  0.000000  0.000000  -19.209145  15.721946  28.274023  44.667663  2.615180  -2.344058  73.348416  1.634441  31.842996  20.870657  99.074044
0.109838  0.000000  0.000000  0.000000  -19.209145  15.721946  32.202595  44.727807  -0.148581  -5.136963  73.348416  1.634441  31.842996  20.870657  99.074044
0.110512  0.000000  0.000000  0.000000  -19.209145  15.721946  36.131166  44.653166  -2.912004  -7.930573  73.348416  1.634441  31.842996  20.870657  99.074044
0.111186  0.000000  0.000000  0.000000  -19.512541  12.898950  -18.868834  35.674618  22.172641  25.338940  106.827947  18.679572  -26.426121  19.492053  100.087170
0.111860  0.000000  0.000000  0.000000  -19.512541  12.898950  -14.940262  36.891370  19.847088  21.946748  106.827947  18.679572  -26.426121  19.492053  100.087170
0.112534  0.000000  0.000000  0.000000  -19.512541  12.898950  -11.011691  37.945080  17.459289  18.653798  106.827947  18.679572  -26.426121  19.492053  100.087170
0.113208  0.000000  0.000000  0.000000  -19.512541  12.898950  -7.083119  38.842275  15.018753  15.446985  106.827947  18.679572  -26.426121  19.492053  100.087170
0.113881  0.000000  0.000000  0.000000  -19.512541  12.898950  -3.154548  39.588861  12.534310  12.313307  106.827947  18.679572  -26.426121  19.492053  100.087170
0.114555  0.000000  0.000000  0.000000  -19.512541  12.898950  0.774023  40.190012  10.014266  9.239902  106.827947  18.679572  -26.426121  19.492053  100.087170
0.115229  0.000000  0.000000  0.000000  -19.512541  12.898950  4.702595  40.650020  7.466435  6.214136  106.827947  18.679572  -26.426121  19.492053  100.087170
0.115903  0.000000  0.000000  0.000000  -19.512541  12.898950  8.631166  40.972234  4.898262  3.223576  106.827947  18.679572  -26.426121  19.492053  100.087170
0.116577  0.000000  0.000000  0.000000  -19.512541  12.898950  12.559738  41.159050  2.316919  0.255970  106.827947  18.679572  -26.426121  19.492053  100.087170
0.117251  0.000000  0.000000  0.000000  -19.512541  12.898950  16.488309  41.211873  -0.270605  -2.700812  106.827947  18.679572  -26.426121  19.492053  100.087170
0.117925  0.000000  0.000000  0.000000  -19.512541  12.898950  20.416881  41.131098  -2.857428  -5.658875  106.827947  18.679572  -26.426121  19.492053  100.087170
0.118598  0.000000  0.000000  0.000000  -19.512541  12.898950  24.345452  40.916117  -5.436605  -8.630277  106.827947  18.679572  -26.426121  19.492053  100.087170
0.119272  0.000000  0.000000  0.000000  -19.512541  12.898950  28.274023  40.565315  -8.001121  -11.627178  106.827947  18.679572  -26.426121  19.492053  100.087170
0.119946  0.000000  0.000000  0.000000  -19.512541  12.898950  32.202595  40.076112  -10.543769  -14.661872  106.827947  18.679572  -26.426121  19.492053  100.087170
0.120620  0.000000  0.000000  0.000000  -19.512541  12.898950  36.131166  39.444928  -13.057027  -17.746833  106.827947  18.679572  -26.426121  19.492053  100.087170
0.121294  0.000000  0.000000  0.000000  -13.636948  12.497089  -18.881709  36.919796  6.460661  16.042360  81.731411  13.798877  -34.744162  30.109816  94.488135
0.121968  0.000000  0.000000  0.000000  -13.636948  12.497089  -14.953137  37.209421  4.092253  12.894409  81.731411  13.798877  -34.744162  30.109816  94.488135
0.122642  0.000000  0.000000  0.000000  -13.636948  12.497089  -11.024566  37.367922  1.711612  9.765080  81.731411  13.798877  -34.744162  30.109816  94.488135
0.123315  0.000000  0.000000  0.000000  -13.636948  12.497089  -7.095994  37.396196  -0.674123  6.643512  81.731411  13.798877  -34.744162  30.109816  94.488135
0.123989  0.000000  0.000000  0.000000  -13.636948  12.497089  -3.167423  37.294405  -3.057851  3.518891  81.731411  13.798877  -34.744162  30.109816  94.488135
0.124663  0.000000  0.000000  0.000000  -13.636948  12.497089  0.761148  37.061975  -5.432455  0.380380  81.731411  13.798877  -34.744162  30.109816  94.488135
0.125337  0.000000  0.000000  0.000000  -13.636948  12.497089  4.689720  36.697589  -7.790754  -2.782898  81.731411  13.798877  -34.744162  30.109816  94.488135
0.126011  0.000000  0.000000  0.000000  -13.636948  12.497089  8.618291  36.199251  -10.125328  -5.981819  81.731411  13.798877  -34.744162  30.109816  94.488135
0.126685  0.000000  0.000000  0.000000  -13.636948  12.497089  12.546863  35.564298  -12.428550  -9.227318  81.731411  13.798877  -34.744162  30.109816  94.488135
0.127358  0.000000  0.000000  0.000000  -13.636948  12.497089  16.475434  34.789485  -14.692463  -12.530331  81.731411  13.798877  -34.744162  30.109816  94.488135
0.128032  0.000000  0.000000  0.000000  -13.636948  12.497089  20.404006  33.871060  -16.908691  -15.901771  81.731411  13.798877  -34.744162  30.109816  94.488135
0.128706  0.000000  0.000000  0.000000  -13.636948  12.497089  24.332577  32.804925  -19.068420  -19.352404  81.731411  13.798877  -34.744162  30.109816  94.488135
0.129380  0.000000  0.000000  0.000000  -13.636948  12.497089  28.261148  31.586827  -21.162328  -22.892711  81.731411  13.798877  -34.744162  30.109816  94.488135
0.130054  0.000000  0.000000  0.000000  -13.636948  12.497089  32.189720  30.212545  -23.180520  -26.532746  81.731411  13.798877  -34.744162  30.109816  94.488135
0.130728  0.000000  0.000000  0.000000  -13.636948  12.497089  36.118291  28.678233  -25.112529  -30.281818  81.731411  13.798877  -34.744162  30.109816  94.488135
0.131402  0.000000  0.000000  0.000000  -17.765721  11.652475  -18.881709  36.447473  19.892315  20.361820  10.723240  -1.359361  41.476651  18.256353  105.189600
0.132075  0.000000  0.000000  0.000000  -17.765721  11.652475  -14.953137  37.510812  17.528489  17.048541  10.723240  -1.359361  41.476651  18.256353  105.189600
0.132749  0.000000  0.000000  0.000000  -17.765721  11.652475  -11.024566  38.418053  15.111093  13.821444  10.723240  -1.359361  41.476651  18.256353  105.189600
0.133423  0.000000  0.000000  0.000000  -17.765721  11.652475  -7.095994  39.174943  12.648975  10.667740  10.723240  -1.359361  41.476651  18.256353  105.189600
0.134097  0.000000  0.000000  0.000000  -17.765721  11.652475  -3.167423  39.786571  10.150492  7.574730  10.723240  -1.359361  41.476651  18.256353  105.189600
0.134771  0.000000  0.000000  0.000000  -17.765721  11.652475  0.761148  40.257186  7.623499  4.529920  10.723240  -1.359361  41.476651  18.256353  105.189600
0.135445  0.000000  0.000000  0.000000  -17.765721  11.652475  4.689720  40.590099  5.075496  1.520994  10.723240  -1.359361  41.476651  18.256353  105.189600
0.136119  0.000000  0.000000  0.000000  -17.765721  11.652475  8.618291  40.787747  2.513678  -1.464182  10.723240  -1.359361  41.476651  18.256353  105.189600
0.136792  0.000000  0.000000  0.000000  -17.765721  11.652475  12.546863  40.851576  -0.054930  -4.437647  10.723240  -1.359361  41.476651  18.256353  105.189600
0.137466  0.000000  0.000000  0.000000  -17.765721  11.652475  16.475434  40.782045  -2.623389  -7.411366  10.723240  -1.359361  41.476651  18.256353  105.189600
0.138140  0.000000  0.000000  0.000000  -17.765721  11.652475  20.404006  40.578647  -5.184763  -10.397312  10.723240  -1.359361  41.476651  18.256353  105.189600
0.138814  0.000000  0.000000  0.000000  -17.765721  11.652475  24.332577  40.239892  -7.732021  -13.407520  10.723240  -1.359361  41.476651  18.256353  105.189600
0.139488  0.000000  0.000000  0.000000  -17.765721  11.652475  28.261148  39.763336  -10.257946  -16.454140  10.723240  -1.359361  41.476651  18.256353  105.189600
0.140162  0.000000  0.000000  0.000000  -17.765721  11.652475  32.189720  39.145586  -12.755035  -19.549493  10.723240  -1.359361  41.476651  18.256353  105.189600
0.140836  0.000000  0.000000  0.000000  -17.765721  11.652475  36.118291  38.382371  -15.215418  -22.706084  10.723240  -1.359361  41.476651  18.256353  105.189600
0.141509  0.000000  0.000000  0.000000  -30.658038  14.213362  -18.881709  36.901754  10.890405  18.570078  105.514529  11.174360  -25.864913  21.280088  105.893275
0.142183  0.000000  0.000000  0.000000  -30.658038  14.213362  -14.953137  37.437242  8.516237  15.394371  105.514529  11.174360  -25.864913  21.280088  105.893275
0.142857  0.000000  0.000000  0.000000  -30.658038  14.213362  -11.024566  37.836850  6.116630  12.258040  105.514529  11.174360  -25.864913  21.280088  105.893275
0.143531  0.000000  0.000000  0.000000  -30.658038  14.213362  -7.095994  38.102886  3.698992  9.149840  105.514529  11.174360  -25.864913  21.280088  105.893275
0.144205  0.000000  0.000000  0.000000  -30.658038  14.213362  -3.167423  38.236972  1.270561  6.058594  105.514529  11.174360  -25.864913  21.280088  105.893275
0.144879  0.000000  0.000000  0.000000  -30.658038  14.213362  0.761148  38.239905  -1.161557  2.973163  105.514529  11.174360  -25.864913  21.280088  105.893275
0.145553  0.000000  0.000000  0.000000  -30.658038  14.213362  4.689720  38.111703  -3.590312  -0.117587  105.514529  11.174360  -25.864913  21.280088  105.893275
0.146226  0.000000  0.000000  0.000000  -30.658038  14.213362  8.618291  37.851621  -6.008578  -3.224782  105.514529  11.174360  -25.864913  21.280088  105.893275
0.146900  0.000000  0.000000  0.000000  -30.658038  14.213362  12.546863  37.458058  -8.409159  -6.359611  105.514529  11.174360  -25.864913  21.280088  105.893275
0.147574  0.000000  0.000000  0.000000  -30.658038  14.213362  16.475434  36.928708  -10.784625  -9.533312  105.514529  11.174360  -25.864913  21.280088  105.893275
0.148248  0.000000  0.000000  0.000000  -30.658038  14.213362  20.404006  36.260546  -13.127277  -12.757187  105.514529  11.174360  -25.864913  21.280088  105.893275
0.148922  0.000000  0.000000  0.000000  -30.658038  14.213362  24.332577  35.449892  -15.429040  -16.042597  105.514529  11.174360  -25.864913  21.280088  105.893275
0.149596  0.000000  0.000000  0.000000  -30.658038  14.213362  28.261148  34.492549  -17.681427  -19.400872  105.514529  11.174360  -25.864913  21.280088  105.893275
0.150270  0.000000  0.000000  0.000000  -30.658038  14.213362  32.189720  33.383910  -19.875441  -22.843259  105.514529  11.174360  -25.864913  21.280088  105.893275
0.150943  0.000000  0.000000  0.000000  -30.658038  14.213362  36.118291  32.119162  -22.001505  -26.380762  105.514529  11.174360  -25.864913  21.280088  105.893275
0.151617  0.000000  0.000000  0.000000  -8.114856  16.954539  -18.881709  34.225527  16.034717  20.076209  22.981494  9.350058  -48.567639  14.209752  95.255282
0.152291  0.000000  0.000000  0.000000  -8.114856  16.954539  -14.953137  35.086783  13.800089  16.732118  22.981494  9.350058  -48.567639  14.209752  95.255282
0.152965  0.000000  0.000000  0.000000  -8.114856  16.954539  -11.024566  35.806009  11.521110  13.452112  22.981494  9.350058  -48.567639  14.209752  95.255282
0.153639  0.000000  0.000000  0.000000  -8.114856  16.954539  -7.095994  36.386750  9.205979  10.225286  22.981494  9.350058  -48.567639  14.209752  95.255282
0.154313  0.000000  0.000000  0.000000  -8.114856  16.954539  -3.167423  36.832062  6.862549  7.040693  22.981494  9.350058  -48.567639  14.209752  95.255282
0.154987  0.000000  0.000000  0.000000  -8.114856  16.954539  0.761148  37.144315  4.498323  3.887444  22.981494  9.350058  -48.567639  14.209752  95.255282
0.155660  0.000000  0.000000  0.000000  -8.114856  16.954539  4.689720  37.325251  2.120619  0.754660  22.981494  9.350058  -48.567639  14.209752  95.255282
0.156334  0.000000  0.000000  0.000000  -8.114856  16.954539  8.618291  37.375887  -0.263397  -2.368497  22.981494  9.350058  -48.567639  14.209752  95.255282
0.157008  0.000000  0.000000  0.000000  -8.114856  16.954539  12.546863  37.296520  -2.646630  -5.492848  22.981494  9.350058  -48.567639  14.209752  95.255282
0.157682  0.000000  0.000000  0.000000  -8.114856  16.954539  16.475434  37.086682  -5.021978  -8.629213  22.981494  9.350058  -48.567639  14.209752  95.255282
0.158356  0.000000  0.000000  0.000000  -8.114856  16.954539  20.404006  36.745221  -7.382246  -11.788454  22.981494  9.350058  -48.567639  14.209752  95.255282
0.159030  0.000000  0.000000  0.000000  -8.114856  16.954539  24.332577  36.270230  -9.720088  -14.981433  22.981494  9.350058  -48.567639  14.209752  95.255282
0.159704  0.000000  0.000000  0.000000  -8.114856  16.954539  28.261148  35.659167  -12.027911  -18.219071  22.981494  9.350058  -48.567639  14.209752  95.255282
0.160377  0.000000  0.000000  0.000000  -8.114856  16.954539  32.189720  34.908894  -14.297818  -21.512297  22.981494  9.350058  -48.567639  14.209752  95.255282
0.161051  0.000000  0.000000  0.000000  -8.114856  16.954539  36.118291  34.015746  -16.521503  -24.872006  22.981494  9.350058  -48.567639  14.209752  95.255282
0.161725  0.000000  0.000000  0.000000  -12.598569  6.355012  -19.080128  38.897454  29.983161  21.269855  15.455208  0.731419  20.568260  30.398584  99.423245
0.162399  0.000000  0.000000  0.000000  -12.598569  6.355012  -15.151556  40.554264  27.471505  17.824405  15.455208  0.731419  20.568260  30.398584  99.423245
0.163073  0.000000  0.000000  0.000000  -12.598569  6.355012  -11.222985  42.005997  24.878881  14.534946  15.455208  0.731419  20.568260  30.398584  99.423245
0.163747  0.000000  0.000000  0.000000  -12.598569  6.355012  -7.294413  43.266065  22.217182  11.382491  15.455208  0.731419  20.568260  30.398584  99.423245
0.164420  0.000000  0.000000  0.000000  -12.598569  6.355012  -3.365842  44.346719  19.497054  8.348737  15.455208  0.731419  20.568260  30.398584  99.423245
0.165094  0.000000  0.000000  0.000000  -12.598569  6.355012  0.562730  45.258853  16.728081  5.416197  15.455208  0.731419  20.568260  30.398584  99.423245
0.165768  0.000000  0.000000  0.000000  -12.598569  6.355012  4.491301  46.011845  13.918931  2.568259  15.455208  0.731419  20.568260  30.398584  99.423245
0.166442  0.000000  0.000000  0.000000  -12.598569  6.355012  8.419872  46.613576  11.077530  -0.210884  15.455208  0.731419  20.568260  30.398584  99.423245
0.167116  0.000000  0.000000  0.000000  -12.598569  6.355012  12.348444  47.070402  8.211207  -2.936323  15.455208  0.731419  20.568260  30.398584  99.423245
0.167790  0.000000  0.000000  0.000000  -12.598569  6.355012  16.277015  47.387175  5.326823  -5.622553  15.455208  0.731419  20.568260  30.398584  99.423245
0.168464  0.000000  0.000000  0.000000  -12.598569  6.355012  20.205587  47.567275  2.430924  -8.283617  15.455208  0.731419  20.568260  30.398584  99.423245
0.169137  0.000000  0.000000  0.000000  -12.598569  6.355012  24.134158  47.612636  -0.470221  -10.933283  15.455208  0.731419  20.568260  30.398584  99.423245
0.169811  0.000000  0.000000  0.000000  -12.598569  6.355012  28.062730  47.523733  -3.370340  -13.585144  15.455208  0.731419  20.568260  30.398584  99.423245
0.170485  0.000000  0.000000  0.000000  -12.598569  6.355012  31.991301  47.299614  -6.263216  -16.252854  15.455208  0.731419  20.568260  30.398584  99.423245
0.171159  0.000000  0.000000  0.000000  -12.598569  6.355012  35.919872  46.937889  -9.142473  -18.950233  15.455208  0.731419  20.568260  30.398584  99.423245
0.171833  0.000000  0.000000  0.000000  -29.188389  11.552248  -19.416570  34.069134  15.368387  16.222415  58.518438  14.948950  -30.883121  24.540217  95.017195
0.172507  0.000000  0.000000  0.000000  -29.188389  11.552248  -15.487998  34.892271  13.143654  12.881310  58.518438  14.948950  -30.883121  24.540217  95.017195
0.173181  0.000000  0.000000  0.000000  -29.188389  11.552248  -11.559427  35.575204  10.876575  9.600814  58.518438  14.948950  -30.883121  24.540217  95.017195
0.173854  0.000000  0.000000  0.000000  -29.188389  11.552248  -7.630855  36.121214  8.575225  6.370198  58.518438  14.948950  -30.883121  24.540217  95.017195
0.174528  0.000000  0.000000  0.000000  -29.188389  11.552248  -3.702284  36.533082  6.247356  3.178700  58.518438  14.948950  -30.883121  24.540217  95.017195
0.175202  0.000000  0.000000  0.000000  -29.188389  11.552248  0.226288  36.812958  3.900428  0.015584  58.518438  14.948950  -30.883121  24.540217  95.017195
0.175876  0.000000  0.000000  0.000000  -29.188389  11.552248  4.154859  36.962354  1.541718  -3.129867  58.518438  14.948950  -30.883121  24.540217  95.017195
0.176550  0.000000  0.000000  0.000000  -29.188389  11.552248  8.083430  36.982086  -0.821624  -6.268349  58.518438  14.948950  -30.883121  24.540217  95.017195
0.177224  0.000000  0.000000  0.000000  -29.188389  11.552248  12.012002  36.872260  -3.182500  -9.410545  58.518438  14.948950  -30.883121  24.540217  95.017195
0.177898  0.000000  0.000000  0.000000  -29.188389  11.552248  15.940573  36.632266  -5.533786  -12.567136  58.518438  14.948950  -30.883121  24.540217  95.017195
0.178571  0.000000  0.000000  0.000000  -29.188389  11.552248  19.869145  36.260837  -7.868242  -15.748853  58.518438  14.948950  -30.883121  24.540217  95.017195
0.179245  0.000000  0.000000  0.000000  -29.188389  11.552248  23.797716  35.755975  -10.178480  -18.966409  58.518438  14.948950  -30.883121  24.540217  95.017195
0.179919  0.000000  0.000000  0.000000  -29.188389  11.552248  27.726288  35.115095  -12.456841  -22.230566  58.518438  14.948950  -30.883121  24.540217  95.017195
0.180593  0.000000  0.000000  0.000000  -29.188389  11.552248  31.654859  34.335064  -14.695361  -25.552067  58.518438  14.948950  -30.883121  24.540217  95.017195
0.181267  0.000000  0.000000  0.000000  -29.188389  11.552248  35.583430  33.412287  -16.885658  -28.941579  58.518438  14.948950  -30.883121  24.540217  95.017195
0.181941  0.000000  0.000000  0.000000  -18.605464  -2.435760  -19.416570  40.861617  27.456823  13.816548  59.554595  -8.740861  -49.002286  22.728260  107.385370
0.182615  0.000000  0.000000  0.000000  -18.605464  -2.435760  -15.487998  42.305153  24.848612  10.543056  59.554595  -8.740861  -49.002286  22.728260  107.385370
0.183288  0.000000  0.000000  0.000000  -18.605464  -2.435760  -11.559427  43.556979  22.172070  7.406491  59.554595  -8.740861  -49.002286  22.728260  107.385370
0.183962  0.000000  0.000000  0.000000  -18.605464  -2.435760  -7.630855  44.629485  19.437785  4.388393  59.554595  -8.740861  -49.002286  22.728260  107.385370
0.184636  0.000000  0.000000  0.000000  -18.605464  -2.435760  -3.702284  45.533662  16.655286  1.471159  59.554595  -8.740861  -49.002286  22.728260  107.385370
0.185310  0.000000  0.000000  0.000000  -18.605464  -2.435760  0.226288  46.278941  13.833183  -1.361904  59.554595  -8.740861  -49.002286  22.728260  107.385370
0.185984  0.000000  0.000000  0.000000  -18.605464  -2.435760  4.154859  46.873218  10.979340  -4.126658  59.554595  -8.740861  -49.002286  22.728260  107.385370
0.186658  0.000000  0.000000  0.000000  -18.605464  -2.435760  8.083430  47.322858  8.101040  -6.838245  59.554595  -8.740861  -49.002286  22.728260  107.385370
0.187332  0.000000  0.000000  0.000000  -18.605464  -2.435760  12.012002  47.632700  5.205082  -9.511195  59.554595  -8.740861  -49.002286  22.728260  107.385370
0.188005  0.000000  0.000000  0.000000  -18.605464  -2.435760  15.940573  47.806060  2.297993  -12.159579  59.554595  -8.740861  -49.002286  22.728260  107.385370
0.188679  0.000000  0.000000  0.000000  -18.605464  -2.435760  19.869145  47.844842  -0.614009  -14.797192  59.554595  -8.740861  -49.002286  22.728260  107.385370
0.189353  0.000000  0.000000  0.000000  -18.605464  -2.435760  23.797716  47.749444  -3.524686  -17.437671  59.554595  -8.740861  -49.002286  22.728260  107.385370
0.190027  0.000000  0.000000  0.000000  -18.605464  -2.435760  27.726288  47.518854  -6.427866  -20.094728  59.554595  -8.740861  -49.002286  22.728260  107.385370
0.190701  0.000000  0.000000  0.000000  -18.605464  -2.435760  31.654859  47.150565  -9.317178  -22.782227  59.554595  -8.740861  -49.002286  22.728260  107.385370
0.191375  0.000000  0.000000  0.000000  -18.605464  -2.435760  35.583430  46.640617  -12.186018  -25.514428  59.554595  -8.740861  -49.002286  22.728260  107.385370
0.192049  0.000000  0.000000  0.000000  -23.655704  4.048184  -19.416570  38.193593  22.158285  18.056581  90.435212  16.123432  4.314735  31.803983  101.257008
0.192722  0.000000  0.000000  0.000000  -23.655704  4.048184  -15.487998  39.365240  19.697009  14.777911  90.435212  16.123432  4.314735  31.803983  101.257008
0.193396  0.000000  0.000000  0.000000  -23.655704  4.048184  -11.559427  40.370895  17.178033  11.599704  90.435212  16.123432  4.314735  31.803983  101.257008
0.194070  0.000000  0.000000  0.000000  -23.655704  4.048184  -7.630855  41.218135  14.610670  8.507545  90.435212  16.123432  4.314735  31.803983  101.257008
0.194744  0.000000  0.000000  0.000000  -23.655704  4.048184  -3.702284  41.913619  12.003513  5.487364  90.435212  16.123432  4.314735  31.803983  101.257008
0.195418  0.000000  0.000000  0.000000  -23.655704  4.048184  0.226288  42.463004  9.364604  2.525423  90.435212  16.123432  4.314735  31.803983  101.257008
0.196092  0.000000  0.000000  0.000000  -23.655704  4.048184  4.154859  42.870847  6.701491  -0.391647  90.435212  16.123432  4.314735  31.803983  101.257008
0.196765  0.000000  0.000000  0.000000  -23.655704  4.048184  8.083430  43.140569  4.021357  -3.276919  90.435212  16.123432  4.314735  31.803983  101.257008
0.197439  0.000000  0.000000  0.000000  -23.655704  4.048184  12.012002  43.274469  1.331128  -6.143235  90.435212  16.123432  4.314735  31.803983  101.257008
0.198113  0.000000  0.000000  0.000000  -23.655704  4.048184  15.940573  43.273695  -1.362422  -9.003294  90.435212  16.123432  4.314735  31.803983  101.257008
0.198787  0.000000  0.000000  0.000000  -23.655704  4.048184  19.869145  43.138212  -4.052573  -11.869755  90.435212  16.123432  4.314735  31.803983  101.257008
0.199461  0.000000  0.000000  0.000000  -23.655704  4.048184  23.797716  42.866905  -6.732552  -14.755330  90.435212  16.123432  4.314735  31.803983  101.257008
0.200135  0.000000  0.000000  0.000000  -23.655704  4.048184  27.726288  42.457441  -9.395425  -17.672846  90.435212  16.123432  4.314735  31.803983  101.257008
0.200809  0.000000  0.000000  0.000000  -23.655704  4.048184  31.654859  41.906384  -12.034006  -20.635388  90.435212  16.123432  4.314735  31.803983  101.257008
0.201482  0.000000  0.000000  0.000000  -23.655704  4.048184  35.583430  41.209164  -14.640748  -23.656335  90.435212  16.123432  4.314735  31.803983  101.257008
0.202156  0.000000  0.000000  0.000000  -15.349139  16.353385  -19.416570  31.729709  30.700194  29.683266  35.950155  11.692727  26.901589  17.722684  97.842901
0.202830  0.000000  0.000000  0.000000  -15.349139  16.353385  -15.487998  33.612185  28.578622  25.878454  35.950155  11.692727  26.901589  17.722684  97.842901
0.203504  0.000000  0.000000  0.000000  -15.349139  16.353385  -11.559427  35.296855  26.355192  22.227602  35.950155  11.692727  26.901589  17.722684  97.842901
0.204178  0.000000  0.000000  0.000000  -15.349139  16.353385  -7.630855  36.792158  24.042778  18.717169  35.950155  11.692727  26.901589  17.722684  97.842901
0.204852  0.000000  0.000000  0.000000  -15.349139  16.353385  -3.702284  38.106805  21.653212  15.332950  35.950155  11.692727  26.901589  17.722684  97.842901
0.205526  0.000000  0.000000  0.000000  -15.349139  16.353385  0.226288  39.249403  19.197368  12.060465  35.950155  11.692727  26.901589  17.722684  97.842901
0.206199  0.000000  0.000000  0.000000  -15.349139  16.353385  4.154859  40.227945  16.685211  8.885323  35.950155  11.692727  26.901589  17.722684  97.842901
0.206873  0.000000  0.000000  0.000000  -15.349139  16.353385  8.083430  41.049718  14.125937  5.793341  35.950155  11.692727  26.901589  17.722684  97.842901
0.207547  0.000000  0.000000  0.000000  -15.349139  16.353385  12.012002  41.721119  11.528056  2.770612  35.950155  11.692727  26.901589  17.722684  97.842901
0.208221  0.000000  0.000000  0.000000  -15.349139  16.353385  15.940573  42.247474  8.899532  -0.196382  35.950155  11.692727  26.901589  17.722684  97.842901
0.208895  0.000000  0.000000  0.000000  -15.349139  16.353385  19.869145  42.633112  6.247866  -3.120850  35.950155  11.692727  26.901589  17.722684  97.842901
0.209569  0.000000  0.000000  0.000000  -15.349139  16.353385  23.797716  42.881207  3.580207  -6.015751  35.950155  11.692727  26.901589  17.722684  97.842901
0.210243  0.000000  0.000000  0.000000  -15.349139  16.353385  27.726288  42.993846  0.903511  -8.893776  35.950155  11.692727  26.901589  17.722684  97.842901
0.210916  0.000000  0.000000  0.000000  -15.349139  16.353385  31.654859  42.971968  -1.775471  -11.767574  35.950155  11.692727  26.901589  17.722684  97.842901
0.211590  0.000000  0.000000  0.000000  -15.349139  16.353385  35.583430  42.815389  -4.449979  -14.649707  35.950155  11.692727  26.901589  17.722684  97.842901
0.212264  0.000000  0.000000  0.000000  -22.865189  15.587414  -19.581285  36.328595  10.881617  16.368027  24.592609  2.785868  -7.889887  25.961905  109.739180
0.212938  0.000000  0.000000  0.000000  -22.865189  15.587414  -15.652713  36.868492  8.538760  13.168413  24.592609  2.785868  -7.889887  25.961905  109.739180
0.213612  0.000000  0.000000  0.000000  -22.865189  15.587414  -11.724142  37.273237  6.170011  10.008060  24.592609  2.785868  -7.889887  25.961905  109.739180
0.214286  0.000000  0.000000  0.000000  -22.865189  15.587414  -7.795570  37.545057  3.782795  6.875939  24.592609  2.785868  -7.889887  25.961905  109.739180
0.214960  0.000000  0.000000  0.000000  -22.865189  15.587414  -3.866999  37.685539  1.384375  3.761073  24.592609  2.785868  -7.889887  25.961905  109.739180
0.215633  0.000000  0.000000  0.000000  -22.865189  15.587414  0.061572  37.695474  -1.018131  0.652512  24.592609  2.785868  -7.889887  25.961905  109.739180
0.216307  0.000000  0.000000  0.000000  -22.865189  15.587414  3.990144  37.574929  -3.417633  -2.460689  24.592609  2.785868  -7.889887  25.961905  109.739180
0.216981  0.000000  0.000000  0.000000  -22.865189  15.587414  7.918715  37.323226  -5.807015  -5.589464  24.592609  2.785868  -7.889887  25.961905  109.739180
0.217655  0.000000  0.000000  0.000000  -22.865189  15.587414  11.847287  36.938889  -8.179063  -8.744799  24.592609  2.785868  -7.889887  25.961905  109.739180
0.218329  0.000000  0.000000  0.000000  -22.865189  15.587414  15.775858  36.419764  -10.526355  -11.937714  24.592609  2.785868  -7.889887  25.961905  109.739180
0.219003  0.000000  0.000000  0.000000  -22.865189  15.587414  19.704430  35.763017  -12.841212  -15.179271  24.592609  2.785868  -7.889887  25.961905  109.739180
0.219677  0.000000  0.000000  0.000000  -22.865189  15.587414  23.633001  34.965202  -15.115600  -18.480566  24.592609  2.785868  -7.889887  25.961905  109.739180
0.220350  0.000000  0.000000  0.000000  -22.865189  15.587414  27.561572  34.022392  -17.341078  -21.852636  24.592609  2.785868  -7.889887  25.961905  109.739180
0.221024  0.000000  0.000000  0.000000  -22.865189  15.587414  31.490144  32.930308  -19.508736  -25.306406  24.592609  2.785868  -7.889887  25.961905  109.739180
0.221698  0.000000  0.000000  0.000000  -22.865189  15.587414  35.418715  31.684441  -21.609121  -28.852538  24.592609  2.785868  -7.889887  25.961905  109.739180
0.222372  0.000000  0.000000  0.000000  -13.032508  7.317986  -19.599842  35.952045  12.002951  14.643861  16.759401  5.440899  -51.763022  15.367197  110.525628
0.223046  0.000000  0.000000  0.000000  -13.032508  7.317986  -15.671271  36.558967  9.679021  11.418542  16.759401  5.440899  -51.763022  15.367197  110.525628
0.223720  0.000000  0.000000  0.000000  -13.032508  7.317986  -11.742700  37.029445  7.325420  8.237831  16.759401  5.440899  -51.763022  15.367197  110.525628
0.224394  0.000000  0.000000  0.000000  -13.032508  7.317986  -7.814128  37.366070  4.949730  5.090684  16.759401  5.440899  -51.763022  15.367197  110.525628
0.225067  0.000000  0.000000  0.000000  -13.032508  7.317986  -3.885557  37.570776  2.559293  1.966149  16.759401  5.440899  -51.763022  15.367197  110.525628
0.225741  0.000000  0.000000  0.000000  -13.032508  7.317986  0.043015  37.644708  0.161282  -1.146744  16.759401  5.440899  -51.763022  15.367197  110.525628
0.226415  0.000000  0.000000  0.000000  -13.032508  7.317986  3.971586  37.588305  -2.237202  -4.258902  16.759401  5.440899  -51.763022  15.367197  110.525628
0.227089  0.000000  0.000000  0.000000  -13.032508  7.317986  7.900158  37.401242  -4.629073  -7.381244  16.759401  5.440899  -51.763022  15.367197  110.525628
0.227763  0.000000  0.000000  0.000000  -13.032508  7.317986  11.828729  37.082443  -7.007165  -10.524707  16.759401  5.440899  -51.763022  15.367197  110.525628
0.228437  0.000000  0.000000  0.000000  -13.032508  7.317986  15.757300  36.630089  -9.364172  -13.700263  16.759401  5.440899  -51.763022  15.367197  110.525628
0.229111  0.000000  0.000000  0.000000  -13.032508  7.317986  19.685872  36.041682  -11.692540  -16.918943  16.759401  5.440899  -51.763022  15.367197  110.525628
0.229784  0.000000  0.000000  0.000000  -13.032508  7.317986  23.614443  35.314125  -13.984437  -20.191778  16.759401  5.440899  -51.763022  15.367197  110.525628
0.230458  0.000000  0.000000  0.000000  -13.032508  7.317986  27.543015  34.443693  -16.231616  -23.529830  16.759401  5.440899  -51.763022  15.367197  110.525628
0.231132  0.000000  0.000000  0.000000  -13.032508  7.317986  31.471586  33.426308  -18.425434  -26.944060  16.759401  5.440899  -51.763022  15.367197  110.525628
0.231806  0.000000  0.000000  0.000000  -13.032508  7.317986  35.400158  32.257579  -20.556691  -30.445235  16.759401  5.440899  -51.763022  15.367197  110.525628
0.232480  0.000000  0.000000  0.000000  -26.034496  8.814058  -19.599842  35.527020  31.145245  24.716514  53.374926  -1.013523  -39.142074  18.997876  98.547183
0.233154  0.000000  0.000000  0.000000  -26.034496  8.814058  -15.671271  37.350914  28.810917  21.067988  53.374926  -1.013523  -39.142074  18.997876  98.547183
0.233827  0.000000  0.000000  0.000000  -26.034496  8.814058  -11.742700  38.966304  26.382855  17.582520  53.374926  -1.013523  -39.142074  18.997876  98.547183
0.234501  0.000000  0.000000  0.000000  -26.034496  8.814058  -7.814128  40.385132  23.873916  14.242913  53.374926  -1.013523  -39.142074  18.997876  98.547183
0.235175  0.000000  0.000000  0.000000  -26.034496  8.814058  -3.885557  41.618847  21.295710  11.032036  53.374926  -1.013523  -39.142074  18.997876  98.547183
0.235849  0.000000  0.000000  0.000000  -26.034496  8.814058  0.043015  42.678106  18.658747  7.933103  53.374926  -1.013523  -39.142074  18.997876  98.547183
0.236523  0.000000  0.000000  0.000000  -26.034496  8.814058  3.971586  43.572395  15.972552  4.929918  53.374926  -1.013523  -39.142074  18.997876  98.547183
0.237197  0.000000  0.000000  0.000000  -26.034496  8.814058  7.900158  44.310013  13.245829  2.006886  53.374926  -1.013523  -39.142074  18.997876  98.547183
0.237871  0.000000  0.000000  0.000000  -26.034496  8.814058  11.828729  44.897967  10.486595  -0.850987  53.374926  -1.013523  -39.142074  18.997876  98.547183
0.238544  0.000000  0.000000  0.000000  -26.034496  8.814058  15.757300  45.341878  7.702301  -3.658102  53.374926  -1.013523  -39.142074  18.997876  98.547183
0.239218  0.000000  0.000000  0.000000  -26.034496  8.814058  19.685872  45.646079  4.899984  -6.428435  53.374926  -1.013523  -39.142074  18.997876  98.547183
0.239892  0.000000  0.000000  0.000000  -26.034496  8.814058  23.614443  45.813544  2.086366  -9.175576  53.374926  -1.013523  -39.142074  18.997876  98.547183
0.240566  0.000000  0.000000  0.000000  -26.034496  8.814058  27.543015  45.845911  -0.732024  -11.912893  53.374926  -1.013523  -39.142074  18.997876  98.547183
0.241240  0.000000  0.000000  0.000000  -26.034496  8.814058  31.471586  45.743498  -3.548742  -14.653653  53.374926  -1.013523  -39.142074  18.997876  98.547183
0.241914  0.000000  0.000000  0.000000  -26.034496  8.814058  35.400158  45.505301  -6.357314  -17.411158  53.374926  -1.013523  -39.142074  18.997876  98.547183
0.242588  0.000000  0.000000  0.000000  -13.353605  3.714932  -19.211361  39.559250  23.454565  15.170525  62.907311  2.840094  -37.752391  11.411294  92.007821
0.243261  0.000000  0.000000  0.000000  -13.353605  3.714932  -15.282790  40.784009  20.919600  11.928799  62.907311  2.840094  -37.752391  11.411294  92.007821
0.243935  0.000000  0.000000  0.000000  -13.353605  3.714932  -11.354218  41.836524  18.325525  8.796153  62.907311  2.840094  -37.752391  11.411294  92.007821
0.244609  0.000000  0.000000  0.000000  -13.353605  3.714932  -7.425647  42.725717  15.681862  5.756957  62.907311  2.840094  -37.752391  11.411294  92.007821
0.245283  0.000000  0.000000  0.000000  -13.353605  3.714932  -3.497076  43.459381  12.997331  2.796108  62.907311  2.840094  -37.752391  11.411294  92.007821
0.245957  0.000000  0.000000  0.000000  -13.353605  3.714932  0.431496  44.044116  10.279991  -0.100974  62.907311  2.840094  -37.752391  11.411294  92.007821
0.246631  0.000000  0.000000  0.000000  -13.353605  3.714932  4.360067  44.485288  7.537375  -2.948401  62.907311  2.840094  -37.752391  11.411294  92.007821
0.247305  0.000000  0.000000  0.000000  -13.353605  3.714932  8.288639  44.786970  4.776597  -5.759858  62.907311  2.840094  -37.752391  11.411294  92.007821
0.247978  0.000000  0.000000  0.000000  -13.353605  3.714932  12.217210  44.951985  2.004468  -8.548709  62.907311  2.840094  -37.752391  11.411294  92.007821
0.248652  0.000000  0.000000  0.000000  -13.353605  3.714932  16.145782  44.981884  -0.772391  -11.328118  62.907311  2.840094  -37.752391  11.411294  92.007821
0.249326  0.000000  0.000000  0.000000  -13.353605  3.714932  20.074353  44.876939  -3.547433  -14.111162  62.907311  2.840094  -37.752391  11.411294  92.007821
0.250000  0.000000  0.000000  0.000000  -13.353605  3.714932  24.002924  44.636179  -6.314079  -16.910957  62.907311  2.840094  -37.752391  11.411294  92.007821
0.250674  0.000000  0.000000  0.000000  -13.353605  3.714932  27.931496  44.257322  -9.065598  -19.740758  62.907311  2.840094  -37.752391  11.411294  92.007821
0.251348  0.000000  0.000000  0.000000  -13.353605  3.714932  31.860067  43.736897  -11.795064  -22.614089  62.907311  2.840094  -37.752391  11.411294  92.007821
0.252022  0.000000  0.000000  0.000000  -13.353605  3.714932  35.788639  43.070059  -14.495118  -25.544874  62.907311  2.840094  -37.752391  11.411294  92.007821
0.252695  0.000000  0.000000  0.000000  -27.120018  17.264228  -19.211361  32.812170  26.663482  33.235070  103.780024  23.060911  20.506103  11.306478  93.055691
0.253369  0.000000  0.000000  0.000000  -27.120018  17.264228  -15.282790  34.379016  24.488903  29.607337  103.780024  23.060911  20.506103  11.306478  93.055691
0.254043  0.000000  0.000000  0.000000  -27.120018  17.264228  -11.354218  35.768257  22.230674  26.105209  103.780024  23.060911  20.506103  11.306478  93.055691
0.254717  0.000000  0.000000  0.000000  -27.120018  17.264228  -7.425647  36.987046  19.899893  22.715875  103.780024  23.060911  20.506103  11.306478  93.055691
0.255391  0.000000  0.000000  0.000000  -27.120018  17.264228  -3.497076  38.042437  17.506840  19.426202  103.780024  23.060911  20.506103  11.306478  93.055691
0.256065  0.000000  0.000000  0.000000  -27.120018  17.264228  0.431496  38.941026  15.061033  16.223015  103.780024  23.060911  20.506103  11.306478  93.055691
0.256739  0.000000  0.000000  0.000000  -27.120018  17.264228  4.360067  39.688788  12.571319  13.093243  103.780024  23.060911  20.506103  11.306478  93.055691
0.257412  0.000000  0.000000  0.000000  -27.120018  17.264228  8.288639  40.290943  10.046001  10.023973  103.780024  23.060911  20.506103  11.306478  93.055691
0.258086  0.000000  0.000000  0.000000  -27.120018  17.264228  12.217210  40.751803  7.492883  7.002538  103.780024  23.060911  20.506103  11.306478  93.055691
0.258760  0.000000  0.000000  0.000000  -27.120018  17.264228  16.145782  41.074769  4.919412  4.016455  103.780024  23.060911  20.506103  11.306478  93.055691
0.259434  0.000000  0.000000  0.000000  -27.120018  17.264228  20.074353  41.262254  2.332750  1.053435  103.780024  23.060911  20.506103  11.306478  93.055691
0.260108  0.000000  0.000000  0.000000  -27.120018  17.264228  24.002924  41.315672  -0.260119  -1.898690  103.780024  23.060911  20.506103  11.306478  93.055691
0.260782  0.000000  0.000000  0.000000  -27.120018  17.264228  27.931496  41.235439  -2.852305  -4.852040  103.780024  23.060911  20.506103  11.306478  93.055691
0.261456  0.000000  0.000000  0.000000  -27.120018  17.264228  31.860067  41.020914  -5.436876  -7.818695  103.780024  23.060911  20.506103  11.306478  93.055691
0.262129  0.000000  0.000000  0.000000  -27.120018  17.264228  35.788639  40.670514  -8.006845  -10.810878  103.780024  23.060911  20.506103  11.306478  93.055691
0.262803  0.000000  0.000000  0.000000  -9.160995  12.861587  -17.876500  31.722031  20.728082  14.667712  58.610624  15.949946  -10.478314  16.584313  96.806425
0.263477  0.000000  0.000000  0.000000  -9.160995  12.861587  -13.947928  32.909837  18.627224  11.141841  58.610624  15.949946  -10.478314  16.584313  96.806425
0.264151  0.000000  0.000000  0.000000  -9.160995  12.861587  -10.019357  33.946852  16.462332  7.703339  58.610624  15.949946  -10.478314  16.584313  96.806425
0.264825  0.000000  0.000000  0.000000  -9.160995  12.861587  -6.090785  34.837261  14.242606  4.341727  58.610624  15.949946  -10.478314  16.584313  96.806425
0.265499  0.000000  0.000000  0.000000  -9.160995  12.861587  -2.162214  35.585062  11.976776  1.046262  58.610624  15.949946  -10.478314  16.584313  96.806425
0.266173  0.000000  0.000000  0.000000  -9.160995  12.861587  1.766357  36.193877  9.673130  -2.193924  58.610624  15.949946  -10.478314  16.584313  96.806425
0.266846  0.000000  0.000000  0.000000  -9.160995  12.861587  5.694929  36.666815  7.339554  -5.389717  58.610624  15.949946  -10.478314  16.584313  96.806425
0.267520  0.000000  0.000000  0.000000  -9.160995  12.861587  9.623500  37.006388  4.983636  -8.551996  58.610624  15.949946  -10.478314  16.584313  96.806425
0.268194  0.000000  0.000000  0.000000  -9.160995  12.861587  13.552072  37.214457  2.612735  -11.691602  58.610624  15.949946  -10.478314  16.584313  96.806425
0.268868  0.000000  0.000000  0.000000  -9.160995  12.861587  17.480643  37.292188  0.234018  -14.819351  58.610624  15.949946  -10.478314  16.584313  96.806425
0.269542  0.000000  0.000000  0.000000  -9.160995  12.861587  21.409215  37.240013  -2.145395  -17.946051  58.610624  15.949946  -10.478314  16.584313  96.806425
0.270216  0.000000  0.000000  0.000000  -9.160995  12.861587  25.337786  37.057631  -4.518399  -21.082462  58.610624  15.949946  -10.478314  16.584313  96.806425
0.270889  0.000000  0.000000  0.000000  -9.160995  12.861587  29.266357  36.744049  -6.877843  -24.239439  58.610624  15.949946  -10.478314  16.584313  96.806425
0.271563  0.000000  0.000000  0.000000  -9.160995  12.861587  33.194929  36.297515  -9.216402  -27.427784  58.610624  15.949946  -10.478314  16.584313  96.806425
0.272237  0.000000  0.000000  0.000000  -9.160995  12.861587  37.123500  35.715647  -11.526544  -30.658381  58.610624  15.949946  -10.478314  16.584313  96.806425
0.272911  0.000000  0.000000  0.000000  -33.358224  11.384844  -17.876500  37.157798  12.667891  18.576406  61.781217  31.809567  -20.939781  23.934881  97.533413
0.273585  0.000000  0.000000  0.000000  -33.358224  11.384844  -13.947928  37.790819  10.277099  15.395239  61.781217  31.809567  -20.939781  23.934881  97.533413
0.274259  0.000000  0.000000  0.000000  -33.358224  11.384844  -10.019357  38.284757  7.855775  12.262156  61.781217  31.809567  -20.939781  23.934881  97.533413
0.274933  0.000000  0.000000  0.000000  -33.358224  11.384844  -6.090785  38.642645  5.411533  9.165572  61.781217  31.809567  -20.939781  23.934881  97.533413
0.275606  0.000000  0.000000  0.000000  -33.358224  11.384844  -2.162214  38.866723  2.951706  6.093997  61.781217  31.809567  -20.939781  23.934881  97.533413
0.276280  0.000000  0.000000  0.000000  -33.358224  11.384844  1.766357  38.958423  0.483452  3.036018  61.781217  31.809567  -20.939781  23.934881  97.533413
0.276954  0.000000  0.000000  0.000000  -33.358224  11.384844  5.694929  38.918333  -1.986178  -0.019739  61.781217  31.809567  -20.939781  23.934881  97.533413
0.277628  0.000000  0.000000  0.000000  -33.358224  11.384844  9.623500  38.746195  -4.450148  -3.084635  61.781217  31.809567  -20.939781  23.934881  97.533413
0.278302  0.000000  0.000000  0.000000  -33.358224  11.384844  13.552072  38.440913  -6.901351  -6.170067  61.781217  31.809567  -20.939781  23.934881  97.533413
0.278976  0.000000  0.000000  0.000000  -33.358224  11.384844  17.480643  38.000541  -9.332537  -9.287489  61.781217  31.809567  -20.939781  23.934881  97.533413
0.279650  0.000000  0.000000  0.000000  -33.358224  11.384844  21.409215  37.422357  -11.736203  -12.448453  61.781217  31.809567  -20.939781  23.934881  97.533413
0.280323  0.000000  0.000000  0.000000  -33.358224  11.384844  25.337786  36.702918  -14.104547  -15.664583  61.781217  31.809567  -20.939781  23.934881  97.533413
0.280997  0.000000  0.000000  0.000000  -33.358224  11.384844  29.266357  35.838042  -16.429332  -18.947600  61.781217  31.809567  -20.939781  23.934881  97.533413
0.281671  0.000000  0.000000  0.000000  -33.358224  11.384844  33.194929  34.823053  -18.701884  -22.309221  61.781217  31.809567  -20.939781  23.934881  97.533413
0.282345  0.000000  0.000000  0.000000  -33.358224  11.384844  37.123500  33.652823  -20.912928  -25.761082  61.781217  31.809567  -20.939781  23.934881  97.533413
0.283019  0.000000  0.000000  0.000000  -12.962552  2.098161  -17.876500  41.972765  35.139607  24.578715  76.009101  26.688029  -20.634193  20.265343  93.607685
0.283693  0.000000  0.000000  0.000000  -12.962552  2.098161  -13.947928  43.899123  32.462596  21.117655  76.009101  26.688029  -20.634193  20.265343  93.607685
0.284367  0.000000  0.000000  0.000000  -12.962552  2.098161  -10.019357  45.581807  29.696441  17.859669  76.009101  26.688029  -20.634193  20.265343  93.607685
0.285040  0.000000  0.000000  0.000000  -12.962552  2.098161  -6.090785  47.042052  26.854884  14.778650  76.009101  26.688029  -20.634193  20.265343  93.607685
0.285714  0.000000  0.000000  0.000000  -12.962552  2.098161  -2.162214  48.298868  23.949864  11.850283  76.009101  26.688029  -20.634193  20.265343  93.607685
0.286388  0.000000  0.000000  0.000000  -12.962552  2.098161  1.766357  49.368891  20.991786  9.052125  76.009101  26.688029  -20.634193  20.265343  93.607685
0.287062  0.000000  0.000000  0.000000  -12.962552  2.098161  5.694929  50.266422  17.989797  6.363513  76.009101  26.688029  -20.634193  20.265343  93.607685
0.287736  0.000000  0.000000  0.000000  -12.962552  2.098161  9.623500  51.003423  14.951998  3.765441  76.009101  26.688029  -20.634193  20.265343  93.607685
0.288410  0.000000  0.000000  0.000000  -12.962552  2.098161  13.552072  51.589734  11.885659  1.240292  76.009101  26.688029  -20.634193  20.265343  93.607685
0.289084  0.000000  0.000000  0.000000  -12.962552  2.098161  17.480643  52.033129  8.797398  -1.228374  76.009101  26.688029  -20.634193  20.265343  93.607685
0.289757  0.000000  0.000000  0.000000  -12.962552  2.098161  21.409215  52.339454  5.693321  -3.656054  76.009101  26.688029  -20.634193  20.265343  93.607685
0.290431  0.000000  0.000000  0.000000  -12.962552  2.098161  25.337786  52.512762  2.579204  -6.057597  76.009101  26.688029  -20.634193  20.265343  93.607685
0.291105  0.000000  0.000000  0.000000  -12.962552  2.098161  29.266357  52.555321  -0.539424  -8.447393  76.009101  26.688029  -20.634193  20.265343  93.607685
0.291779  0.000000  0.000000  0.000000  -12.962552  2.098161  33.194929  52.467688  -3.657091  -10.839637  76.009101  26.688029  -20.634193  20.265343  93.607685
0.292453  0.000000  0.000000  0.000000  -12.962552  2.098161  37.123500  52.248718  -6.768372  -13.248579  76.009101  26.688029  -20.634193  20.265343  93.607685
0.293127  0.000000  0.000000  0.000000  -15.910166  14.609724  -17.876500  31.670127  30.221654  28.180456  70.803174  13.758595  -14.408528  18.836032  108.173258
0.293801  0.000000  0.000000  0.000000  -15.910166  14.609724  -13.947928  33.517949  28.104534  24.390175  70.803174  13.758595  -14.408528  18.836032  108.173258
0.294474  0.000000  0.000000  0.000000  -15.910166  14.609724  -10.019357  35.171094  25.887337  20.749957  70.803174  13.758595  -14.408528  18.836032  108.173258
0.295148  0.000000  0.000000  0.000000  -15.910166  14.609724  -6.090785  36.637685  23.582706  17.246524  70.803174  13.758595  -14.408528  18.836032  108.173258
0.295822  0.000000  0.000000  0.000000  -15.910166  14.609724  -2.162214  37.926097  21.202280  13.865953  70.803174  13.758595  -14.408528  18.836032  108.173258
0.296496  0.000000  0.000000  0.000000  -15.910166  14.609724  1.766357  39.044588  18.756774  10.594055  70.803174  13.758595  -14.408528  18.836032  108.173258
0.297170  0.000000  0.000000  0.000000  -15.910166  14.609724  5.694929  40.000825  16.256024  7.416703  70.803174  13.758595  -14.408528  18.836032  108.173258
0.297844  0.000000  0.000000  0.000000  -15.910166  14.609724  9.623500  40.801790  13.709132  4.319958  70.803174  13.758595  -14.408528  18.836032  108.173258
0.298518  0.000000  0.000000  0.000000  -15.910166  14.609724  13.552072  41.453590  11.124538  1.290138  70.803174  13.758595  -14.408528  18.836032  108.173258
0.299191  0.000000  0.000000  0.000000  -15.910166  14.609724  17.480643  41.961306  8.510160  -1.686084  70.803174  13.758595  -14.408528  18.836032  108.173258
0.299865  0.000000  0.000000  0.000000  -15.910166  14.609724  21.409215  42.328992  5.873459  -4.621755  70.803174  13.758595  -14.408528  18.836032  108.173258
0.300539  0.000000  0.000000  0.000000  -15.910166  14.609724  25.337786  42.559658  3.221593  -7.529685  70.803174  13.758595  -14.408528  18.836032  108.173258
0.301213  0.000000  0.000000  0.000000  -15.910166  14.609724  29.266357  42.655188  0.561502  -10.422468  70.803174  13.758595  -14.408528  18.836032  108.173258
0.301887  0.000000  0.000000  0.000000  -15.910166  14.609724  33.194929  42.616368  -2.100019  -13.312614  70.803174  13.758595  -14.408528  18.836032  108.173258
0.302561  0.000000  0.000000  0.000000  -15.910166  14.609724  37.123500  42.442873  -4.756189  -16.212616  70.803174  13.758595  -14.408528  18.836032  108.173258
0.303235  0.000000  0.000000  0.000000  -18.879616  17.984742  -16.922072  32.594423  24.933888  31.533684  53.160148  38.527396  -11.657889  19.118294  108.754989
0.303908  0.000000  0.000000  0.000000  -18.879616  17.984742  -12.993500  34.046634  22.775075  27.944431  53.160148  38.527396  -11.657889  19.118294  108.754989
0.304582  0.000000  0.000000  0.000000  -18.879616  17.984742  -9.064929  35.329828  20.538546  24.468932  53.160148  38.527396  -11.657889  19.118294  108.754989
0.305256  0.000000  0.000000  0.000000  -18.879616  17.984742  -5.136357  36.450273  18.234795  21.095087  53.160148  38.527396  -11.657889  19.118294  108.754989
0.305930  0.000000  0.000000  0.000000  -18.879616  17.984742  -1.207786  37.414000  15.873571  17.810542  53.160148  38.527396  -11.657889  19.118294  108.754989
0.306604  0.000000  0.000000  0.000000  -18.879616  17.984742  2.720786  38.226657  13.463968  14.602870  53.160148  38.527396  -11.657889  19.118294  108.754989
0.307278  0.000000  0.000000  0.000000  -18.879616  17.984742  6.649357  38.893306  11.014526  11.459678  53.160148  38.527396  -11.657889  19.118294  108.754989
0.307951  0.000000  0.000000  0.000000  -18.879616  17.984742  10.577928  39.418280  8.533294  8.368700  53.160148  38.527396  -11.657889  19.118294  108.754989
0.308625  0.000000  0.000000  0.000000  -18.879616  17.984742  14.506500  39.805094  6.027913  5.317833  53.160148  38.527396  -11.657889  19.118294  108.754989
0.309299  0.000000  0.000000  0.000000  -18.879616  17.984742  18.435071  40.056404  3.505727  2.295107  53.160148  38.527396  -11.657889  19.118294  108.754989
0.309973  0.000000  0.000000  0.000000  -18.879616  17.984742  22.363643  40.173956  0.973867  -0.711320  53.160148  38.527396  -11.657889  19.118294  108.754989
0.310647  0.000000  0.000000  0.000000  -18.879616  17.984742  26.292214  40.158578  -1.560676  -3.713239  53.160148  38.527396  -11.657889  19.118294  108.754989
0.311321  0.000000  0.000000  0.000000  -18.879616  17.984742  30.220786  40.010158  -4.090921  -6.722387  53.160148  38.527396  -11.657889  19.118294  108.754989
0.311995  0.000000  0.000000  0.000000  -18.879616  17.984742  34.149357  39.727656  -6.609855  -9.750574  53.160148  38.527396  -11.657889  19.118294  108.754989
0.312668  0.000000  0.000000  0.000000  -18.879616  17.984742  38.077928  39.309117  -9.110306  -12.809661  53.160148  38.527396  -11.657889  19.118294  108.754989
0.313342  0.000000  0.000000  0.000000  -9.750007  -9.883322  -16.922072  51.161699  41.269969  12.702920  50.836644  28.436684  -25.861670  24.924727  103.144126
0.314016  0.000000  0.000000  0.000000  -9.750007  -9.883322  -12.993500  53.164576  38.166402  9.570204  50.836644  28.436684  -25.861670  24.924727  103.144126
0.314690  0.000000  0.000000  0.000000  -9.750007  -9.883322  -9.064929  54.877893  34.986487  6.696497  50.836644  28.436684  -25.861670  24.924727  103.144126
0.315364  0.000000  0.000000  0.000000  -9.750007  -9.883322  -5.136357  56.339743  31.743962  4.039856  50.836644  28.436684  -25.861670  24.924727  103.144126
0.316038  0.000000  0.000000  0.000000  -9.750007  -9.883322  -1.207786  57.581718  28.450075  1.564463  50.836644  28.436684  -25.861670  24.924727  103.144126
0.316712  0.000000  0.000000  0.000000  -9.750007  -9.883322  2.720786  58.629826  25.114115  -0.760331  50.836644  28.436684  -25.861670  24.924727  103.144126
0.317385  0.000000  0.000000  0.000000  -9.750007  -9.883322  6.649357  59.505265  21.743842  -2.960882  50.836644  28.436684  -25.861670  24.924727  103.144126
0.318059  0.000000  0.000000  0.000000  -9.750007  -9.883322  10.577928  60.225155  18.345828  -5.060048  50.836644  28.436684  -25.861670  24.924727  103.144126
0.318733  0.000000  0.000000  0.000000  -9.750007  -9.883322  14.506500  60.803156  14.925729  -7.077904  50.836644  28.436684  -25.861670  24.924727  103.144126
0.319407  0.000000  0.000000  0.000000  -9.750007  -9.883322  18.435071  61.249933  11.488500  -9.032340  50.836644  28.436684  -25.861670  24.924727  103.144126
0.320081  0.000000  0.000000  0.000000  -9.750007  -9.883322  22.363643  61.573537  8.038573  -10.939551  50.836644  28.436684  -25.861670  24.924727  103.144126
0.320755  0.000000  0.000000  0.000000  -9.750007  -9.883322  26.292214  61.779702  4.579993  -12.814527  50.836644  28.436684  -25.861670  24.924727  103.144126
0.321429  0.000000  0.000000  0.000000  -9.750007  -9.883322  30.220786  61.872020  1.116597  -14.671422  50.836644  28.436684  -25.861670  24.924727  103.144126
0.322102  0.000000  0.000000  0.000000  -9.750007  -9.883322  34.149357  61.852102  -2.347976  -16.523944  50.836644  28.436684  -25.861670  24.924727  103.144126
0.322776  0.000000  0.000000  0.000000  -9.750007  -9.883322  38.077928  61.719601  -5.810088  -18.385684  50.836644  28.436684  -25.861670  24.924727  103.144126
0.323450  0.000000  0.000000  0.000000  -12.490735  6.567458  -16.922072  39.046895  25.721353  19.401109  74.857889  13.918920  -33.354597  17.720279  99.441682
0.324124  0.000000  0.000000  0.000000  -12.490735  6.567458  -12.993500  40.422068  23.209326  16.082145  74.857889  13.918920  -33.354597  17.720279  99.441682
0.324798  0.000000  0.000000  0.000000  -12.490735  6.567458  -9.064929  41.615288  20.630265  12.887294  74.857889  13.918920  -33.354597  17.720279  99.441682
0.325472  0.000000  0.000000  0.000000  -12.490735  6.567458  -5.136357  42.636789  17.994454  9.800080  74.857889  13.918920  -33.354597  17.720279  99.441682
0.326146  0.000000  0.000000  0.000000  -12.490735  6.567458  -1.207786  43.495627  15.311223  6.804600  74.857889  13.918920  -33.354597  17.720279  99.441682
0.326819  0.000000  0.000000  0.000000  -12.490735  6.567458  2.720786  44.199692  12.589125  3.885529  74.857889  13.918920  -33.354597  17.720279  99.441682
0.327493  0.000000  0.000000  0.000000  -12.490735  6.567458  6.649357  44.755584  9.836063  1.028120  74.857889  13.918920  -33.354597  17.720279  99.441682
0.328167  0.000000  0.000000  0.000000  -12.490735  6.567458  10.577928  45.168593  7.059419  -1.781858  74.857889  13.918920  -33.354597  17.720279  99.441682
0.328841  0.000000  0.000000  0.000000  -12.490735  6.567458  14.506500  45.442680  4.266169  -4.558198  74.857889  13.918920  -33.354597  17.720279  99.441682
0.329515  0.000000  0.000000  0.000000  -12.490735  6.567458  18.435071  45.580488  1.463018  -7.314373  74.857889  13.918920  -33.354597  17.720279  99.441682
0.330189  0.000000  0.000000  0.000000  -12.490735  6.567458  22.363643  45.583357  -1.343509  -10.063663  74.857889  13.918920  -33.354597  17.720279  99.441682
0.330863  0.000000  0.000000  0.000000  -12.490735  6.567458  26.292214  45.451301  -4.146932  -12.819263  74.857889  13.918920  -33.354597  17.720279  99.441682
0.331536  0.000000  0.000000  0.000000  -12.490735  6.567458  30.220786  45.183077  -6.940744  -15.594486  74.857889  13.918920  -33.354597  17.720279  99.441682
0.332210  0.000000  0.000000  0.000000  -12.490735  6.567458  34.149357  44.776057  -9.718233  -18.402750  74.857889  13.918920  -33.354597  17.720279  99.441682
0.332884  0.000000  0.000000  0.000000  -12.490735  6.567458  38.077928  44.226345  -12.472445  -21.257855  74.857889  13.918920  -33.354597  17.720279  99.441682
0.333558  0.000000  0.000000  0.000000  -24.737885  13.727558  -15.732052  35.901357  18.059665  15.076063  72.909626  26.969311  -35.337504  22.412553  97.805064
0.334232  0.000000  0.000000  0.000000  -24.737885  13.727558  -11.803481  36.862334  15.728712  11.770778  72.909626  26.969311  -35.337504  22.412553  97.805064
0.334906  0.000000  0.000000  0.000000  -24.737885  13.727558  -7.874909  37.673468  13.349140  8.541145  72.909626  26.969311  -35.337504  22.412553  97.805064
0.335580  0.000000  0.000000  0.000000  -24.737885  13.727558  -3.946338  38.339569  10.929488  5.375081  72.909626  26.969311  -35.337504  22.412553  97.805064
0.336253  0.000000  0.000000  0.000000  -24.737885  13.727558  -0.017766  38.864771  8.477804  2.260578  72.909626  26.969311  -35.337504  22.412553  97.805064
0.336927  0.000000  0.000000  0.000000  -24.737885  13.727558  3.910805  39.252450  6.001752  -0.814246  72.909626  26.969311  -35.337504  22.412553  97.805064
0.337601  0.000000  0.000000  0.000000  -24.737885  13.727558  7.839377  39.505150  3.508703  -3.861159  72.909626  26.969311  -35.337504  22.412553  97.805064
0.338275  0.000000  0.000000  0.000000  -24.737885  13.727558  11.767948  39.624577  1.005810  -6.891821  72.909626  26.969311  -35.337504  22.412553  97.805064
0.338949  0.000000  0.000000  0.000000  -24.737885  13.727558  15.696519  39.611528  -1.499892  -9.917835  72.909626  26.969311  -35.337504  22.412553  97.805064
0.339623  0.000000  0.000000  0.000000  -24.737885  13.727558  19.625091  39.465903  -4.001402  -12.950781  72.909626  26.969311  -35.337504  22.412553  97.805064
0.340296  0.000000  0.000000  0.000000  -24.737885  13.727558  23.553662  39.186742  -6.491672  -16.002275  72.909626  26.969311  -35.337504  22.412553  97.805064
0.340970  0.000000  0.000000  0.000000  -24.737885  13.727558  27.482234  38.772156  -8.963498  -19.083995  72.909626  26.969311  -35.337504  22.412553  97.805064
0.341644  0.000000  0.000000  0.000000  -24.737885  13.727558  31.410805  38.219472  -11.409492  -22.207717  72.909626  26.969311  -35.337504  22.412553  97.805064
0.342318  0.000000  0.000000  0.000000  -24.737885  13.727558  35.339377  37.525115  -13.821892  -25.385367  72.909626  26.969311  -35.337504  22.412553  97.805064
0.342992  0.000000  0.000000  0.000000  -24.737885  13.727558  39.267948  36.684827  -16.192563  -28.628959  72.909626  26.969311  -35.337504  22.412553  97.805064
0.343666  0.000000  0.000000  0.000000  -31.003838  12.725828  -15.732052  35.775656  29.198504  25.070770  68.347361  22.916577  -36.206910  22.604695  97.871134
0.344340  0.000000  0.000000  0.000000  -31.003838  12.725828  -11.803481  37.454886  26.854507  21.498676  68.347361  22.916577  -36.206910  22.604695  97.871134
0.345013  0.000000  0.000000  0.000000  -31.003838  12.725828  -7.874909  38.937391  24.424460  18.074166  68.347361  22.916577  -36.206910  22.604695  97.871134
0.345687  0.000000  0.000000  0.000000  -31.003838  12.725828  -3.946338  40.233850  21.920312  14.781024  68.347361  22.916577  -36.206910  22.604695  97.871134
0.346361  0.000000  0.000000  0.000000  -31.003838  12.725828  -0.017766  41.354390  19.352907  11.603145  68.347361  22.916577  -36.206910  22.604695  97.871134
0.347035  0.000000  0.000000  0.000000  -31.003838  12.725828  3.910805  42.308294  16.732125  8.524768  68.347361  22.916577  -36.206910  22.604695  97.871134
0.347709  0.000000  0.000000  0.000000  -31.003838  12.725828  7.839377  43.103769  14.066996  5.530622  68.347361  22.916577  -36.206910  22.604695  97.871134
0.348383  0.000000  0.000000  0.000000  -31.003838  12.725828  11.767948  43.747877  11.365836  2.605951  68.347361  22.916577  -36.206910  22.604695  97.871134
0.349057  0.000000  0.000000  0.000000  -31.003838  12.725828  15.696519  44.246453  8.636384  -0.263508  68.347361  22.916577  -36.206910  22.604695  97.871134
0.349730  0.000000  0.000000  0.000000  -31.003838  12.725828  19.625091  44.604067  5.885904  -3.091565  68.347361  22.916577  -36.206910  22.604695  97.871134
0.350404  0.000000  0.000000  0.000000  -31.003838  12.725828  23.553662  44.824046  3.121329  -5.891693  68.347361  22.916577  -36.206910  22.604695  97.871134
0.351078  0.000000  0.000000  0.000000  -31.003838  12.725828  27.482234  44.908437  0.349356  -8.677097  68.347361  22.916577  -36.206910  22.604695  97.871134
0.351752  0.000000  0.000000  0.000000  -31.003838  12.725828  31.410805  44.858039  -2.423451  -11.460864  68.347361  22.916577  -36.206910  22.604695  97.871134
0.352426  0.000000  0.000000  0.000000  -31.003838  12.725828  35.339377  44.672353  -5.190502  -14.256033  68.347361  22.916577  -36.206910  22.604695  97.871134
0.353100  0.000000  0.000000  0.000000  -31.003838  12.725828  39.267948  44.349660  -7.945165  -17.075796  68.347361  22.916577  -36.206910  22.604695  97.871134
0.353774  0.000000  0.000000  0.000000  -27.185215  14.021065  -15.732052  34.144025  21.575169  25.552994  40.966513  39.328573  -24.861048  17.988391  104.667329
0.354447  0.000000  0.000000  0.000000  -27.185215  14.021065  -11.803481  35.348562  19.335388  22.107870  40.966513  39.328573  -24.861048  17.988391  104.667329
0.355121  0.000000  0.000000  0.000000  -27.185215  14.021065  -7.874909  36.394673  17.032675  18.757253  40.966513  39.328573  -24.861048  17.988391  104.667329
0.355795  0.000000  0.000000  0.000000  -27.185215  14.021065  -3.946338  37.287944  14.676446  15.489075  40.966513  39.328573  -24.861048  17.988391  104.667329
0.356469  0.000000  0.000000  0.000000  -27.185215  14.021065  -0.017766  38.033505  12.275501  12.291219  40.966513  39.328573  -24.861048  17.988391  104.667329
0.357143  0.000000  0.000000  0.000000  -27.185215  14.021065  3.910805  38.635912  9.838164  9.151585  40.966513  39.328573  -24.861048  17.988391  104.667329
0.357817  0.000000  0.000000  0.000000  -27.185215  14.021065  7.839377  39.098981  7.372297  6.058206  40.966513  39.328573  -24.861048  17.988391  104.667329
0.358491  0.000000  0.000000  0.000000  -27.185215  14.021065  11.767948  39.425724  4.885418  2.999234  40.966513  39.328573  -24.861048  17.988391  104.667329
0.359164  0.000000  0.000000  0.000000  -27.185215  14.021065  15.696519  39.618319  2.384795  -0.037055  40.966513  39.328573  -24.861048  17.988391  104.667329
0.359838  0.000000  0.000000  0.000000  -27.185215  14.021065  19.625091  39.678070  -0.122501  -3.062311  40.966513  39.328573  -24.861048  17.988391  104.667329
0.360512  0.000000  0.000000  0.000000  -27.185215  14.021065  23.553662  39.605376  -2.629455  -6.088136  40.966513  39.328573  -24.861048  17.988391  104.667329
0.361186  0.000000  0.000000  0.000000  -27.185215  14.021065  27.482234  39.399747  -5.129057  -9.126130  40.966513  39.328573  -24.861048  17.988391  104.667329
0.361860  0.000000  0.000000  0.000000  -27.185215  14.021065  31.410805  39.059795  -7.614203  -12.187941  40.966513  39.328573  -24.861048  17.988391  104.667329
0.362534  0.000000  0.000000  0.000000  -27.185215  14.021065  35.339377  38.583268  -10.077620  -15.285316  40.966513  39.328573  -24.861048  17.988391  104.667329
0.363208  0.000000  0.000000  0.000000  -27.185215  14.021065  39.267948  37.967052  -12.511752  -18.430113  40.966513  39.328573  -24.861048  17.988391  104.667329
0.363881  0.000000  0.000000  0.000000  -23.560431  -0.032754  -14.389883  44.238823  42.116467  25.140277  30.700099  23.215417  -32.465676  27.120609  96.371678
0.364555  0.000000  0.000000  0.000000  -23.560431  -0.032754  -10.461312  46.612878  39.316842  21.502655  30.700099  23.215417  -32.465676  27.120609  96.371678
0.365229  0.000000  0.000000  0.000000  -23.560431  -0.032754  -6.532740  48.671745  36.412826  18.150036  30.700099  23.215417  -32.465676  27.120609  96.371678
0.365903  0.000000  0.000000  0.000000  -23.560431  -0.032754  -2.604169  50.451309  33.421924  15.042629  30.700099  23.215417  -32.465676  27.120609  96.371678
0.366577  0.000000  0.000000  0.000000  -23.560431  -0.032754  1.324403  51.983055  30.358756  12.144696  30.700099  23.215417  -32.465676  27.120609  96.371678
0.367251  0.000000  0.000000  0.000000  -23.560431  -0.032754  5.252974  53.294064  27.235594  9.424521  30.700099  23.215417  -32.465676  27.120609  96.371678
0.367925  0.000000  0.000000  0.000000  -23.560431  -0.032754  9.181545  54.407292  24.062747  6.854058  30.700099  23.215417  -32.465676  27.120609  96.371678
0.368598  0.000000  0.000000  0.000000  -23.560431  -0.032754  13.110117  55.341909  20.849069  4.408522  30.700099  23.215417  -32.465676  27.120609  96.371678
0.369272  0.000000  0.000000  0.000000  -23.560431  -0.032754  17.038688  56.113718  17.602134  2.065877  30.700099  23.215417  -32.465676  27.120609  96.371678
0.369946  0.000000  0.000000  0.000000  -23.560431  -0.032754  20.967260  56.735539  14.328564  -0.193625  30.700099  23.215417  -32.465676  27.120609  96.371678
0.370620  0.000000  0.000000  0.000000  -23.560431  -0.032754  24.895831  57.217498  11.034250  -2.387871  30.700099  23.215417  -32.465676  27.120609  96.371678
0.371294  0.000000  0.000000  0.000000  -23.560431  -0.032754  28.824403  57.567339  7.724514  -4.533298  30.700099  23.215417  -32.465676  27.120609  96.371678
0.371968  0.000000  0.000000  0.000000  -23.560431  -0.032754  32.752974  57.790567  4.404226  -6.645287  30.700099  23.215417  -32.465676  27.120609  96.371678
0.372642  0.000000  0.000000  0.000000  -23.560431  -0.032754  36.681545  57.890726  1.078041  -8.738474  30.700099  23.215417  -32.465676  27.120609  96.371678
0.373315  0.000000  0.000000  0.000000  -23.560431  -0.032754  40.610117  57.869360  -2.249578  -10.827085  30.700099  23.215417  -32.465676  27.120609  96.371678
0.373989  0.000000  0.000000  0.000000  -20.615946  14.342096  -13.019801  34.649805  28.412360  26.599114  33.816645  49.261633  -8.936499  12.850816  99.854234
0.374663  0.000000  0.000000  0.000000  -20.615946  14.342096  -9.091229  36.299816  26.131604  22.999807  33.816645  49.261633  -8.936499  12.850816  99.854234
0.375337  0.000000  0.000000  0.000000  -20.615946  14.342096  -5.162658  37.759453  23.764924  19.540921  33.816645  49.261633  -8.936499  12.850816  99.854234
0.376011  0.000000  0.000000  0.000000  -20.615946  14.342096  -1.234086  39.038082  21.324028  16.207509  33.816645  49.261633  -8.936499  12.850816  99.854234
0.376685  0.000000  0.000000  0.000000  -20.615946  14.342096  2.694485  40.144711  18.819616  12.984561  33.816645  49.261633  -8.936499  12.850816  99.854234
0.377358  0.000000  0.000000  0.000000  -20.615946  14.342096  6.623056  41.087677  16.261499  9.857235  33.816645  49.261633  -8.936499  12.850816  99.854234
0.378032  0.000000  0.000000  0.000000  -20.615946  14.342096  10.551628  41.874419  13.658688  6.811029  33.816645  49.261633  -8.936499  12.850816  99.854234
0.378706  0.000000  0.000000  0.000000  -20.615946  14.342096  14.480199  42.511376  11.019538  3.831821  33.816645  49.261633  -8.936499  12.850816  99.854234
0.379380  0.000000  0.000000  0.000000  -20.615946  14.342096  18.408771  43.003883  8.351850  0.905881  33.816645  49.261633  -8.936499  12.850816  99.854234
0.380054  0.000000  0.000000  0.000000  -20.615946  14.342096  22.337342  43.356142  5.662982  -1.980159  33.816645  49.261633  -8.936499  12.850816  99.854234
0.380728  0.000000  0.000000  0.000000  -20.615946  14.342096  26.265914  43.571198  2.959976  -4.839389  33.816645  49.261633  -8.936499  12.850816  99.854234
0.381402  0.000000  0.000000  0.000000  -20.615946  14.342096  30.194485  43.650921  0.249650  -7.684678  33.816645  49.261633  -8.936499  12.850816  99.854234
0.382075  0.000000  0.000000  0.000000  -20.615946  14.342096  34.123056  43.596015  -2.461301  -10.528804  33.816645  49.261633  -8.936499  12.850816  99.854234
0.382749  0.000000  0.000000  0.000000  -20.615946  14.342096  38.051628  43.405973  -5.166151  -13.384492  33.816645  49.261633  -8.936499  12.850816  99.854234
0.383423  0.000000  0.000000  0.000000  -20.615946  14.342096  41.980199  43.079155  -7.858132  -16.264619  33.816645  49.261633  -8.936499  12.850816  99.854234
0.384097  0.000000  0.000000  0.000000  -16.040272  15.246502  -11.440992  37.137298  24.957055  31.124736  51.486834  40.963588  -26.888977  25.304782  103.214875
0.384771  0.000000  0.000000  0.000000  -16.040272  15.246502  -7.512420  38.503502  22.547341  27.734393  51.486834  40.963588  -26.888977  25.304782  103.214875
0.385445  0.000000  0.000000  0.000000  -16.040272  15.246502  -3.583849  39.693169  20.069052  24.462055  51.486834  40.963588  -26.888977  25.304782  103.214875
0.386119  0.000000  0.000000  0.000000  -16.040272  15.246502  0.344723  40.715072  17.532433  21.292712  51.486834  40.963588  -26.888977  25.304782  103.214875
0.386792  0.000000  0.000000  0.000000  -16.040272  15.246502  4.273294  41.577123  14.946864  18.211646  51.486834  40.963588  -26.888977  25.304782  103.214875
0.387466  0.000000  0.000000  0.000000  -16.040272  15.246502  8.201866  42.286292  12.320996  15.204522  51.486834  40.963588  -26.888977  25.304782  103.214875
0.388140  0.000000  0.000000  0.000000  -16.040272  15.246502  12.130437  42.848496  9.662887  12.257381  51.486834  40.963588  -26.888977  25.304782  103.214875
0.388814  0.000000  0.000000  0.000000  -16.040272  15.246502  16.059008  43.268513  6.980097  9.356659  51.486834  40.963588  -26.888977  25.304782  103.214875
0.389488  0.000000  0.000000  0.000000  -16.040272  15.246502  19.987580  43.549964  4.279795  6.489121  51.486834  40.963588  -26.888977  25.304782  103.214875
0.390162  0.000000  0.000000  0.000000  -16.040272  15.246502  23.916151  43.695296  1.568894  3.641789  51.486834  40.963588  -26.888977  25.304782  103.214875
0.390836  0.000000  0.000000  0.000000  -16.040272  15.246502  27.844723  43.705786  -1.145867  0.801832  51.486834  40.963588  -26.888977  25.304782  103.214875
0.391509  0.000000  0.000000  0.000000  -16.040272  15.246502  31.773294  43.581516  -3.857807  -2.043502  51.486834  40.963588  -26.888977  25.304782  103.214875
0.392183  0.000000  0.000000  0.000000  -16.040272  15.246502  35.701866  43.321419  -6.560213  -4.907051  51.486834  40.963588  -26.888977  25.304782  103.214875
0.392857  0.000000  0.000000  0.000000  -16.040272  15.246502  39.630437  42.923207  -9.246195  -7.801736  51.486834  40.963588  -26.888977  25.304782  103.214875
0.393531  0.000000  0.000000  0.000000  -16.040272  15.246502  43.559008  42.383450  -11.908634  -10.740759  51.486834  40.963588  -26.888977  25.304782  103.214875
0.394205  0.000000  0.000000  0.000000  -21.432724  9.568003  -11.440992  40.890877  27.248986  19.044110  60.969419  39.845964  -29.483613  22.504346  95.638334
0.394879  0.000000  0.000000  0.000000  -21.432724  9.568003  -7.512420  42.320669  24.639631  15.777568  60.969419  39.845964  -29.483613  22.504346  95.638334
0.395553  0.000000  0.000000  0.000000  -21.432724  9.568003  -3.583849  43.559833  21.962631  12.646425  60.969419  39.845964  -29.483613  22.504346  95.638334
0.396226  0.000000  0.000000  0.000000  -21.432724  9.568003  0.344723  44.620608  19.228498  9.632338  60.969419  39.845964  -29.483613  22.504346  95.638334
0.396900  0.000000  0.000000  0.000000  -21.432724  9.568003  4.273294  45.513827  16.446695  6.717816  60.969419  39.845964  -29.483613  22.504346  95.638334
0.397574  0.000000  0.000000  0.000000  -21.432724  9.568003  8.201866  46.248782  13.625786  3.886259  60.969419  39.845964  -29.483613  22.504346  95.638334
0.398248  0.000000  0.000000  0.000000  -21.432724  9.568003  12.130437  46.833233  10.773598  1.121892  60.969419  39.845964  -29.483613  22.504346  95.638334
0.398922  0.000000  0.000000  0.000000  -21.432724  9.568003  16.059008  47.273420  7.897386  -1.590359  60.969419  39.845964  -29.483613  22.504346  95.638334
0.399596  0.000000  0.000000  0.000000  -21.432724  9.568003  19.987580  47.574061  5.003937  -4.264971  60.969419  39.845964  -29.483613  22.504346  95.638334
0.400270  0.000000  0.000000  0.000000  -21.432724  9.568003  23.916151  47.738371  2.099757  -6.915976  60.969419  39.845964  -29.483613  22.504346  95.638334
0.400943  0.000000  0.000000  0.000000  -21.432724  9.568003  27.844723  47.768139  -0.808910  -9.557137  60.969419  39.845964  -29.483613  22.504346  95.638334
0.401617  0.000000  0.000000  0.000000  -21.432724  9.568003  31.773294  47.663668  -3.715850  -12.202079  60.969419  39.845964  -29.483613  22.504346  95.638334
0.402291  0.000000  0.000000  0.000000  -21.432724  9.568003  35.701866  47.423858  -6.614853  -14.864511  60.969419  39.845964  -29.483613  22.504346  95.638334
0.402965  0.000000  0.000000  0.000000  -21.432724  9.568003  39.630437  47.046105  -9.499527  -17.558296  60.969419  39.845964  -29.483613  22.504346  95.638334
0.403639  0.000000  0.000000  0.000000  -21.432724  9.568003  43.559008  46.526364  -12.363241  -20.297711  60.969419  39.845964  -29.483613  22.504346  95.638334
0.404313  0.000000  0.000000  0.000000  -30.229587  6.137127  -10.519017  42.567090  42.833835  37.541046  36.878944  43.536410  -17.355409  13.705412  110.018034
0.404987  0.000000  0.000000  0.000000  -30.229587  6.137127  -6.590446  45.073675  40.112490  33.758042  36.878944  43.536410  -17.355409  13.705412  110.018034
0.405660  0.000000  0.000000  0.000000  -30.229587  6.137127  -2.661874  47.254145  37.277671  30.271992  36.878944  43.536410  -17.355409  13.705412  110.018034
0.406334  0.000000  0.000000  0.000000  -30.229587  6.137127  1.266697  49.144431  34.348137  27.043127  36.878944  43.536410  -17.355409  13.705412  110.018034
0.407008  0.000000  0.000000  0.000000  -30.229587  6.137127  5.195269  50.776608  31.339625  24.035209  36.878944  43.536410  -17.355409  13.705412  110.018034
0.407682  0.000000  0.000000  0.000000  -30.229587  6.137127  9.123840  52.178620  28.265365  21.215762  36.878944  43.536410  -17.355409  13.705412  110.018034
0.408356  0.000000  0.000000  0.000000  -30.229587  6.137127  13.052411  53.374412  25.136481  18.555880  36.878944  43.536410  -17.355409  13.705412  110.018034
0.409030  0.000000  0.000000  0.000000  -30.229587  6.137127  16.980983  54.384159  21.962522  16.029928  36.878944  43.536410  -17.355409  13.705412  110.018034
0.409704  0.000000  0.000000  0.000000  -30.229587  6.137127  20.909554  55.224648  18.751636  13.615076  36.878944  43.536410  -17.355409  13.705412  110.018034
0.410377  0.000000  0.000000  0.000000  -30.229587  6.137127  24.838126  55.909633  15.510925  11.290866  36.878944  43.536410  -17.355409  13.705412  110.018034
0.411051  0.000000  0.000000  0.000000  -30.229587  6.137127  28.766697  56.450123  12.246672  9.038804  36.878944  43.536410  -17.355409  13.705412  110.018034
0.411725  0.000000  0.000000  0.000000  -30.229587  6.137127  32.695269  56.854658  8.964527  6.841963  36.878944  43.536410  -17.355409  13.705412  110.018034
0.412399  0.000000  0.000000  0.000000  -30.229587  6.137127  36.623840  57.129575  5.669655  4.684584  36.878944  43.536410  -17.355409  13.705412  110.018034
0.413073  0.000000  0.000000  0.000000  -30.229587  6.137127  40.552411  57.279107  2.366883  2.551743  36.878944  43.536410  -17.355409  13.705412  110.018034
0.413747  0.000000  0.000000  0.000000  -30.229587  6.137127  44.480983  57.305568  -0.939146  0.429058  36.878944  43.536410  -17.355409  13.705412  110.018034
0.414420  0.000000  0.000000  0.000000  -13.698681  7.795570  -10.519017  43.293202  31.034405  27.990797  59.551133  38.485332  -22.945331  26.344075  94.682527
0.415094  0.000000  0.000000  0.000000  -13.698681  7.795570  -6.590446  44.901010  28.299780  24.744020  59.551133  38.485332  -22.945331  26.344075  94.682527
0.415768  0.000000  0.000000  0.000000  -13.698681  7.795570  -2.661874  46.295876  25.492249  21.662096  59.551133  38.485332  -22.945331  26.344075  94.682527
0.416442  0.000000  0.000000  0.000000  -13.698681  7.795570  1.266697  47.494839  22.623290  18.722452  59.551133  38.485332  -22.945331  26.344075  94.682527
0.417116  0.000000  0.000000  0.000000  -13.698681  7.795570  5.195269  48.512839  19.702987  15.904093  59.551133  38.485332  -22.945331  26.344075  94.682527
0.417790  0.000000  0.000000  0.000000  -13.698681  7.795570  9.123840  49.362723  16.740277  13.187537  59.551133  38.485332  -22.945331  26.344075  94.682527
0.418464  0.000000  0.000000  0.000000  -13.698681  7.795570  13.052411  50.055221  13.743137  10.554710  59.551133  38.485332  -22.945331  26.344075  94.682527
0.419137  0.000000  0.000000  0.000000  -13.698681  7.795570  16.980983  50.599109  10.718790  7.988735  59.551133  38.485332  -22.945331  26.344075  94.682527
0.419811  0.000000  0.000000  0.000000  -13.698681  7.795570  20.909554  51.001254  7.673862  5.473735  59.551133  38.485332  -22.945331  26.344075  94.682527
0.420485  0.000000  0.000000  0.000000  -13.698681  7.795570  24.838126  51.266738  4.614525  2.994599  59.551133  38.485332  -22.945331  26.344075  94.682527
0.421159  0.000000  0.000000  0.000000  -13.698681  7.795570  28.766697  51.398885  1.546681  0.536790  59.551133  38.485332  -22.945331  26.344075  94.682527
0.421833  0.000000  0.000000  0.000000  -13.698681  7.795570  32.695269  51.399371  -1.524011  -1.913922  59.551133  38.485332  -22.945331  26.344075  94.682527
0.422507  0.000000  0.000000  0.000000  -13.698681  7.795570  36.623840  51.268194  -4.591905  -4.371630  59.551133  38.485332  -22.945331  26.344075  94.682527
0.423181  0.000000  0.000000  0.000000  -13.698681  7.795570  40.552411  51.003711  -7.651317  -6.850556  59.551133  38.485332  -22.945331  26.344075  94.682527
0.423854  0.000000  0.000000  0.000000  -13.698681  7.795570  44.480983  50.602590  -10.696371  -9.365235  59.551133  38.485332  -22.945331  26.344075  94.682527
0.424528  0.000000  0.000000  0.000000  -28.585764  8.966188  -10.519017  40.479172  34.238992  31.150007  50.931790  37.986706  -44.141638  28.174993  99.478126
0.425202  0.000000  0.000000  0.000000  -28.585764  8.966188  -6.590446  42.388256  31.638309  27.640667  50.931790  37.986706  -44.141638  28.174993  99.478126
0.425876  0.000000  0.000000  0.000000  -28.585764  8.966188  -2.661874  44.061272  28.946930  24.325536  50.931790  37.986706  -44.141638  28.174993  99.478126
0.426550  0.000000  0.000000  0.000000  -28.585764  8.966188  1.266697  45.517168  26.178478  21.180684  50.931790  37.986706  -44.141638  28.174993  99.478126
0.427224  0.000000  0.000000  0.000000  -28.585764  8.966188  5.195269  46.773147  23.344892  18.183491  50.931790  37.986706  -44.141638  28.174993  99.478126
0.427898  0.000000  0.000000  0.000000  -28.585764  8.966188  9.123840  47.844440  20.456671  15.312809  50.931790  37.986706  -44.141638  28.174993  99.478126
0.428571  0.000000  0.000000  0.000000  -28.585764  8.966188  13.052411  48.744273  17.523119  12.548934  50.931790  37.986706  -44.141638  28.174993  99.478126
0.429245  0.000000  0.000000  0.000000  -28.585764  8.966188  16.980983  49.483747  14.552497  9.873628  50.931790  37.986706  -44.141638  28.174993  99.478126
0.429919  0.000000  0.000000  0.000000  -28.585764  8.966188  20.909554  50.072117  11.552318  7.269748  50.931790  37.986706  -44.141638  28.174993  99.478126
0.430593  0.000000  0.000000  0.000000  -28.585764  8.966188  24.838126  50.516676  8.529419  4.721255  50.931790  37.986706  -44.141638  28.174993  99.478126
0.431267  0.000000  0.000000  0.000000  -28.585764  8.966188  28.766697  50.822940  5.490151  2.212914  50.931790  37.986706  -44.141638  28.174993  99.478126
0.431941  0.000000  0.000000  0.000000  -28.585764  8.966188  32.695269  50.994723  2.440536  -0.269924  50.931790  37.986706  -44.141638  28.174993  99.478126
0.432615  0.000000  0.000000  0.000000  -28.585764  8.966188  36.623840  51.034145  -0.613647  -2.741508  50.931790  37.986706  -44.141638  28.174993  99.478126
0.433288  0.000000  0.000000  0.000000  -28.585764  8.966188  40.552411  50.941693  -3.666659  -5.215913  50.931790  37.986706  -44.141638  28.174993  99.478126
0.433962  0.000000  0.000000  0.000000  -28.585764  8.966188  44.480983  50.716228  -6.712824  -7.707272  50.931790  37.986706  -44.141638  28.174993  99.478126
0.434636  0.000000  0.000000  0.000000  -13.722319  3.674833  -10.519017  44.278709  38.677138  28.522322  41.916138  45.945735  -23.336807  19.802438  94.102857
0.435310  0.000000  0.000000  0.000000  -13.722319  3.674833  -6.590446  46.382073  35.882234  25.051446  41.916138  45.945735  -23.336807  19.802438  94.102857
0.435984  0.000000  0.000000  0.000000  -13.722319  3.674833  -2.661874  48.209839  32.994369  21.821038  41.916138  45.945735  -23.336807  19.802438  94.102857
0.436658  0.000000  0.000000  0.000000  -13.722319  3.674833  1.266697  49.790632  30.028645  18.798103  41.916138  45.945735  -23.336807  19.802438  94.102857
0.437332  0.000000  0.000000  0.000000  -13.722319  3.674833  5.195269  51.149571  26.997872  15.952758  41.916138  45.945735  -23.336807  19.802438  94.102857
0.438005  0.000000  0.000000  0.000000  -13.722319  3.674833  9.123840  52.308342  23.912970  13.258129  41.916138  45.945735  -23.336807  19.802438  94.102857
0.438679  0.000000  0.000000  0.000000  -13.722319  3.674833  13.052411  53.285295  20.783315  10.690127  41.916138  45.945735  -23.336807  19.802438  94.102857
0.439353  0.000000  0.000000  0.000000  -13.722319  3.674833  16.980983  54.095727  17.617043  8.227111  41.916138  45.945735  -23.336807  19.802438  94.102857
0.440027  0.000000  0.000000  0.000000  -13.722319  3.674833  20.909554  54.752194  14.421284  5.849493  41.916138  45.945735  -23.336807  19.802438  94.102857
0.440701  0.000000  0.000000  0.000000  -13.722319  3.674833  24.838126  55.264736  11.202412  3.539406  41.916138  45.945735  -23.336807  19.802438  94.102857
0.441375  0.000000  0.000000  0.000000  -13.722319  3.674833  28.766697  55.641062  7.966178  1.280337  41.916138  45.945735  -23.336807  19.802438  94.102857
0.442049  0.000000  0.000000  0.000000  -13.722319  3.674833  32.695269  55.886805  4.717909  -0.943205  41.916138  45.945735  -23.336807  19.802438  94.102857
0.442722  0.000000  0.000000  0.000000  -13.722319  3.674833  36.623840  56.005619  1.462638  -3.145999  41.916138  45.945735  -23.336807  19.802438  94.102857
0.443396  0.000000  0.000000  0.000000  -13.722319  3.674833  40.552411  55.999249  -1.794787  -5.342403  41.916138  45.945735  -23.336807  19.802438  94.102857
0.444070  0.000000  0.000000  0.000000  -13.722319  3.674833  44.480983  55.867602  -5.049568  -7.546651  41.916138  45.945735  -23.336807  19.802438  94.102857
0.444744  0.000000  0.000000  0.000000  -26.168984  9.152758  -9.261073  40.753743  29.874507  21.911755  24.913635  60.097019  -15.471363  14.563043  105.697977
0.445418  0.000000  0.000000  0.000000  -26.168984  9.152758  -5.332502  42.355359  27.267728  18.564443  24.913635  60.097019  -15.471363  14.563043  105.697977
0.446092  0.000000  0.000000  0.000000  -26.168984  9.152758  -1.403930  43.751502  24.585007  15.372732  24.913635  60.097019  -15.471363  14.563043  105.697977
0.446765  0.000000  0.000000  0.000000  -26.168984  9.152758  2.524641  44.956625  21.837879  12.316508  24.913635  60.097019  -15.471363  14.563043  105.697977
0.447439  0.000000  0.000000  0.000000  -26.168984  9.152758  6.453213  45.983663  19.036606  9.376669  24.913635  60.097019  -15.471363  14.563043  105.697977
0.448113  0.000000  0.000000  0.000000  -26.168984  9.152758  10.381784  46.843913  16.190384  6.535173  24.913635  60.097019  -15.471363  14.563043  105.697977
0.448787  0.000000  0.000000  0.000000  -26.168984  9.152758  14.310355  47.546952  13.307512  3.775029  24.913635  60.097019  -15.471363  14.563043  105.697977
0.449461  0.000000  0.000000  0.000000  -26.168984  9.152758  18.238927  48.100693  10.395564  1.080162  24.913635  60.097019  -15.471363  14.563043  105.697977
0.450135  0.000000  0.000000  0.000000  -26.168984  9.152758  22.167498  48.511386  7.461538  -1.564699  24.913635  60.097019  -15.471363  14.563043  105.697977
0.450809  0.000000  0.000000  0.000000  -26.168984  9.152758  26.096070  48.783695  4.511998  -4.174215  24.913635  60.097019  -15.471363  14.563043  105.697977
0.451482  0.000000  0.000000  0.000000  -26.168984  9.152758  30.024641  48.920695  1.553232  -6.762564  24.913635  60.097019  -15.471363  14.563043  105.697977
0.452156  0.000000  0.000000  0.000000  -26.168984  9.152758  33.953213  48.923954  -1.408706  -9.343674  24.913635  60.097019  -15.471363  14.563043  105.697977
0.452830  0.000000  0.000000  0.000000  -26.168984  9.152758  37.881784  48.793499  -4.367774  -11.931350  24.913635  60.097019  -15.471363  14.563043  105.697977
0.453504  0.000000  0.000000  0.000000  -26.168984  9.152758  41.810355  48.527858  -7.317902  -14.539507  24.913635  60.097019  -15.471363  14.563043  105.697977
0.454178  0.000000  0.000000  0.000000  -26.168984  9.152758  45.738927  48.124011  -10.252831  -17.182307  24.913635  60.097019  -15.471363  14.563043  105.697977
0.454852  0.000000  0.000000  0.000000  -27.853279  11.355843  -9.261073  37.311307  39.450458  37.161854  22.916539  58.539360  -27.039995  17.178208  97.495265
0.455526  0.000000  0.000000  0.000000  -27.853279  11.355843  -5.332502  39.733394  37.002539  33.249340  22.916539  58.539360  -27.039995  17.178208  97.495265
0.456199  0.000000  0.000000  0.000000  -27.853279  11.355843  -1.403930  41.872687  34.434344  29.586670  22.916539  58.539360  -27.039995  17.178208  97.495265
0.456873  0.000000  0.000000  0.000000  -27.853279  11.355843  2.524641  43.752143  31.763561  26.146649  22.916539  58.539360  -27.039995  17.178208  97.495265
0.457547  0.000000  0.000000  0.000000  -27.853279  11.355843  6.453213  45.393729  29.005593  22.902720  22.916539  58.539360  -27.039995  17.178208  97.495265
0.458221  0.000000  0.000000  0.000000  -27.853279  11.355843  10.381784  46.817660  26.173846  19.829691  22.916539  58.539360  -27.039995  17.178208  97.495265
0.458895  0.000000  0.000000  0.000000  -27.853279  11.355843  14.310355  48.042060  23.279953  16.904022  22.916539  58.539360  -27.039995  17.178208  97.495265
0.459569  0.000000  0.000000  0.000000  -27.853279  11.355843  18.238927  49.082759  20.334171  14.103959  22.916539  58.539360  -27.039995  17.178208  97.495265
0.460243  0.000000  0.000000  0.000000  -27.853279  11.355843  22.167498  49.953337  17.345474  11.409396  22.916539  58.539360  -27.039995  17.178208  97.495265
0.460916  0.000000  0.000000  0.000000  -27.853279  11.355843  26.096070  50.665169  14.321895  8.801791  22.916539  58.539360  -27.039995  17.178208  97.495265
0.461590  0.000000  0.000000  0.000000  -27.853279  11.355843  30.024641  51.227578  11.270617  6.263838  22.916539  58.539360  -27.039995  17.178208  97.495265
0.462264  0.000000  0.000000  0.000000  -27.853279  11.355843  33.953213  51.647861  8.198257  3.779421  22.916539  58.539360  -27.039995  17.178208  97.495265
0.462938  0.000000  0.000000  0.000000  -27.853279  11.355843  37.881784  51.931487  5.110928  1.333217  22.916539  58.539360  -27.039995  17.178208  97.495265
0.463612  0.000000  0.000000  0.000000  -27.853279  11.355843  41.810355  52.082108  2.014422  -1.089475  22.916539  58.539360  -27.039995  17.178208  97.495265
0.464286  0.000000  0.000000  0.000000  -27.853279  11.355843  45.738927  52.101679  -1.085667  -3.502962  22.916539  58.539360  -27.039995  17.178208  97.495265
0.464960  0.000000  0.000000  0.000000  -34.770605  18.093874  -9.707844  33.548017  35.617402  42.946667  45.379189  41.659849  -9.555641  30.981691  102.617202
0.465633  0.000000  0.000000  0.000000  -34.770605  18.093874  -5.779272  35.769921  33.382255  39.025627  45.379189  41.659849  -9.555641  30.981691  102.617202
0.466307  0.000000  0.000000  0.000000  -34.770605  18.093874  -1.850701  37.753240  31.030110  35.306071  45.379189  41.659849  -9.555641  30.981691  102.617202
0.466981  0.000000  0.000000  0.000000  -34.770605  18.093874  2.077871  39.511793  28.576535  31.769563  45.379189  41.659849  -9.555641  30.981691  102.617202
0.467655  0.000000  0.000000  0.000000  -34.770605  18.093874  6.006442  41.059626  26.035510  28.397086  45.379189  41.659849  -9.555641  30.981691  102.617202
0.468329  0.000000  0.000000  0.000000  -34.770605  18.093874  9.935013  42.410275  23.419561  25.169728  45.379189  41.659849  -9.555641  30.981691  102.617202
0.469003  0.000000  0.000000  0.000000  -34.770605  18.093874  13.863585  43.576385  20.739918  22.069048  45.379189  41.659849  -9.555641  30.981691  102.617202
0.469677  0.000000  0.000000  0.000000  -34.770605  18.093874  17.792156  44.569270  18.006663  19.077384  45.379189  41.659849  -9.555641  30.981691  102.617202
0.470350  0.000000  0.000000  0.000000  -34.770605  18.093874  21.720728  45.398906  15.228893  16.177831  45.379189  41.659849  -9.555641  30.981691  102.617202
0.471024  0.000000  0.000000  0.000000  -34.770605  18.093874  25.649299  46.073781  12.414919  13.354346  45.379189  41.659849  -9.555641  30.981691  102.617202
0.471698  0.000000  0.000000  0.000000  -34.770605  18.093874  29.577871  46.600902  9.572360  10.591577  45.379189  41.659849  -9.555641  30.981691  102.617202
0.472372  0.000000  0.000000  0.000000  -34.770605  18.093874  33.506442  46.985789  6.708327  7.874864  45.379189  41.659849  -9.555641  30.981691  102.617202
0.473046  0.000000  0.000000  0.000000  -34.770605  18.093874  37.435013  47.232453  3.829523  5.189988  45.379189  41.659849  -9.555641  30.981691  102.617202
0.473720  0.000000  0.000000  0.000000  -34.770605  18.093874  41.363585  47.343530  0.942395  2.523153  45.379189  41.659849  -9.555641  30.981691  102.617202
0.474394  0.000000  0.000000  0.000000  -34.770605  18.093874  45.292156  47.320183  -1.946766  -0.139264  45.379189  41.659849  -9.555641  30.981691  102.617202
0.475067  0.000000  0.000000  0.000000  -16.620327  10.272636  -9.707844  38.051027  32.576742  25.773842  42.874474  50.126581  -41.656538  22.571954  111.979217
0.475741  0.000000  0.000000  0.000000  -16.620327  10.272636  -5.779272  39.911595  30.104493  22.198364  42.874474  50.126581  -41.656538  22.571954  111.979217
0.476415  0.000000  0.000000  0.000000  -16.620327  10.272636  -1.850701  41.550427  27.540225  18.800589  42.874474  50.126581  -41.656538  22.571954  111.979217
0.477089  0.000000  0.000000  0.000000  -16.620327  10.272636  2.077871  42.982743  24.897167  15.560137  42.874474  50.126581  -41.656538  22.571954  111.979217
0.477763  0.000000  0.000000  0.000000  -16.620327  10.272636  6.006442  44.222710  22.187097  12.457251  42.874474  50.126581  -41.656538  22.571954  111.979217
0.478437  0.000000  0.000000  0.000000  -16.620327  10.272636  9.935013  45.283122  19.420516  9.473047  42.874474  50.126581  -41.656538  22.571954  111.979217
0.479111  0.000000  0.000000  0.000000  -16.620327  10.272636  13.863585  46.175245  16.606842  6.589622  42.874474  50.126581  -41.656538  22.571954  111.979217
0.479784  0.000000  0.000000  0.000000  -16.620327  10.272636  17.792156  46.908724  13.754596  3.790023  42.874474  50.126581  -41.656538  22.571954  111.979217
0.480458  0.000000  0.000000  0.000000  -16.620327  10.272636  21.720728  47.491588  10.871522  1.058222  42.874474  50.126581  -41.656538  22.571954  111.979217
0.481132  0.000000  0.000000  0.000000  -16.620327  10.272636  25.649299  47.930234  7.964788  -1.621037  42.874474  50.126581  -41.656538  22.571954  111.979217
0.481806  0.000000  0.000000  0.000000  -16.620327  10.272636  29.577871  48.229525  5.041105  -4.262405  42.874474  50.126581  -41.656538  22.571954  111.979217
0.482480  0.000000  0.000000  0.000000  -16.620327  10.272636  33.506442  48.392784  2.106862  -6.880046  42.874474  50.126581  -41.656538  22.571954  111.979217
0.483154  0.000000  0.000000  0.000000  -16.620327  10.272636  37.435013  48.421815  -0.831754  -9.487828  42.874474  50.126581  -41.656538  22.571954  111.979217
0.483827  0.000000  0.000000  0.000000  -16.620327  10.272636  41.363585  48.316942  -3.768647  -12.099499  42.874474  50.126581  -41.656538  22.571954  111.979217
0.484501  0.000000  0.000000  0.000000  -16.620327  10.272636  45.292156  48.077004  -6.697682  -14.728852  42.874474  50.126581  -41.656538  22.571954  111.979217
0.485175  0.000000  0.000000  0.000000  -18.139989  17.250991  -9.707844  38.121415  32.727029  44.084920  56.481810  42.052082  -39.558822  27.026222  100.225949
0.485849  0.000000  0.000000  0.000000  -18.139989  17.250991  -5.779272  39.990861  30.250790  40.507573  56.481810  42.052082  -39.558822  27.026222  100.225949
0.486523  0.000000  0.000000  0.000000  -18.139989  17.250991  -1.850701  41.637407  27.682203  37.109331  56.481810  42.052082  -39.558822  27.026222  100.225949
0.487197  0.000000  0.000000  0.000000  -18.139989  17.250991  2.077871  43.076478  25.034562  33.869629  56.481810  42.052082  -39.558822  27.026222  100.225949
0.487871  0.000000  0.000000  0.000000  -18.139989  17.250991  6.006442  44.322423  22.319692  30.768544  56.481810  42.052082  -39.558822  27.026222  100.225949
0.488544  0.000000  0.000000  0.000000  -18.139989  17.250991  9.935013  45.388200  19.548130  27.787053  56.481810  42.052082  -39.558822  27.026222  100.225949
0.489218  0.000000  0.000000  0.000000  -18.139989  17.250991  13.863585  46.285218  16.729316  24.907131  56.481810  42.052082  -39.558822  27.026222  100.225949
0.489892  0.000000  0.000000  0.000000  -18.139989  17.250991  17.792156  47.023239  13.871780  22.111736  56.481810  42.052082  -39.558822  27.026222  100.225949
0.490566  0.000000  0.000000  0.000000  -18.139989  17.250991  21.720728  47.610399  10.983278  19.384755  56.481810  42.052082  -39.558822  27.026222  100.225949
0.491240  0.000000  0.000000  0.000000  -18.139989  17.250991  25.649299  48.053185  8.070974  16.710867  56.481810  42.052082  -39.558822  27.026222  100.225949
0.491914  0.000000  0.000000  0.000000  -18.139989  17.250991  29.577871  48.356534  5.141574  14.075378  56.481810  42.052082  -39.558822  27.026222  100.225949
0.492588  0.000000  0.000000  0.000000  -18.139989  17.250991  33.506442  48.523835  2.201456  11.464082  56.481810  42.052082  -39.558822  27.026222  100.225949
0.493261  0.000000  0.000000  0.000000  -18.139989  17.250991  37.435013  48.556950  -0.743209  8.863082  56.481810  42.052082  -39.558822  27.026222  100.225949
0.493935  0.000000  0.000000  0.000000  -18.139989  17.250991  41.363585  48.456248  -3.686341  6.258611  56.481810  42.052082  -39.558822  27.026222  100.225949
0.494609  0.000000  0.000000  0.000000  -18.139989  17.250991  45.292156  48.220608  -6.621831  3.636856  56.481810  42.052082  -39.558822  27.026222  100.225949
0.495283  0.000000  0.000000  0.000000  -35.268917  18.529673  -9.707844  37.429037  26.863998  27.909735  54.762340  39.563534  -44.664244  16.368198  105.660260
0.495957  0.000000  0.000000  0.000000  -35.268917  18.529673  -5.779272  38.912733  24.435313  24.483747  54.762340  39.563534  -44.664244  16.368198  105.660260
0.496631  0.000000  0.000000  0.000000  -35.268917  18.529673  -1.850701  40.210361  21.932436  21.189178  54.762340  39.563534  -44.664244  16.368198  105.660260
0.497305  0.000000  0.000000  0.000000  -35.268917  18.529673  2.077871  41.332040  19.366220  18.009937  54.762340  39.563534  -44.664244  16.368198  105.660260
0.497978  0.000000  0.000000  0.000000  -35.268917  18.529673  6.006442  42.287055  16.746553  14.930268  54.762340  39.563534  -44.664244  16.368198  105.660260
0.498652  0.000000  0.000000  0.000000  -35.268917  18.529673  9.935013  43.083609  14.082469  11.934905  54.762340  39.563534  -44.664244  16.368198  105.660260
0.499326  0.000000  0.000000  0.000000  -35.268917  18.529673  13.863585  43.728758  11.382284  9.009104  54.762340  39.563534  -44.664244  16.368198  105.660260
0.500000  0.000000  0.000000  0.000000  -35.268917  18.529673  17.792156  44.228349  8.653748  6.138596  54.762340  39.563534  -44.664244  16.368198  105.660260
0.500674  0.000000  0.000000  0.000000  -35.268917  18.529673  21.720728  44.586960  5.904132  3.309573  54.762340  39.563534  -44.664244  16.368198  105.660260
0.501348  0.000000  0.000000  0.000000  -35.268917  18.529673  25.649299  44.807916  3.140367  0.508571  54.762340  39.563534  -44.664244  16.368198  105.660260
0.502022  0.000000  0.000000  0.000000  -35.268917  18.529673  29.577871  44.893275  0.369155  -2.277619  54.762340  39.563534  -44.664244  16.368198  105.660260
0.502695  0.000000  0.000000  0.000000  -35.268917  18.529673  33.506442  44.843837  -2.402930  -5.062070  54.762340  39.563534  -44.664244  16.368198  105.660260
0.503369  0.000000  0.000000  0.000000  -35.268917  18.529673  37.435013  44.659134  -5.169324  -7.857844  54.762340  39.563534  -44.664244  16.368198  105.660260
0.504043  0.000000  0.000000  0.000000  -35.268917  18.529673  41.363585  44.337445  -7.923368  -10.678102  54.762340  39.563534  -44.664244  16.368198  105.660260
0.504717  0.000000  0.000000  0.000000  -35.268917  18.529673  45.292156  43.875795  -10.658214  -13.536229  54.762340  39.563534  -44.664244  16.368198  105.660260
0.505391  0.000000  0.000000  0.000000  -34.740801  1.464406  -8.874234  48.692239  55.186811  41.661164  54.522847  51.350902  -37.394440  29.558764  115.775397
0.506065  0.000000  0.000000  0.000000  -34.740801  1.464406  -4.945662  52.099933  52.158135  37.433535  54.522847  51.350902  -37.394440  29.558764  115.775397
0.506739  0.000000  0.000000  0.000000  -34.740801  1.464406  -1.017091  54.942561  48.997862  33.755617  54.522847  51.350902  -37.394440  29.558764  115.775397
0.507412  0.000000  0.000000  0.000000  -34.740801  1.464406  2.911481  57.321716  45.734770  30.523451  54.522847  51.350902  -37.394440  29.558764  115.775397
0.508086  0.000000  0.000000  0.000000  -34.740801  1.464406  6.840052  59.319337  42.390688  27.652552  54.522847  51.350902  -37.394440  29.558764  115.775397
0.508760  0.000000  0.000000  0.000000  -34.740801  1.464406  10.768624  61.000628  38.982278  25.074956  54.522847  51.350902  -37.394440  29.558764  115.775397
0.509434  0.000000  0.000000  0.000000  -34.740801  1.464406  14.697195  62.417200  35.522401  22.736051  54.522847  51.350902  -37.394440  29.558764  115.775397
0.510108  0.000000  0.000000  0.000000  -34.740801  1.464406  18.625766  63.609850  32.021123  20.591756  54.522847  51.350902  -37.394440  29.558764  115.775397
0.510782  0.000000  0.000000  0.000000  -34.740801  1.464406  22.554338  64.610766  28.486442  18.606206  54.522847  51.350902  -37.394440  29.558764  115.775397
0.511456  0.000000  0.000000  0.000000  -34.740801  1.464406  26.482909  65.445460  24.924790  16.749903  54.522847  51.350902  -37.394440  29.558764  115.775397
0.512129  0.000000  0.000000  0.000000  -34.740801  1.464406  30.411481  66.134006  21.341450  14.998263  54.522847  51.350902  -37.394440  29.558764  115.775397
0.512803  0.000000  0.000000  0.000000  -34.740801  1.464406  34.340052  66.692164  17.740831  13.330482  54.522847  51.350902  -37.394440  29.558764  115.775397
0.513477  0.000000  0.000000  0.000000  -34.740801  1.464406  38.268624  67.132156  14.126682  11.728639  54.522847  51.350902  -37.394440  29.558764  115.775397
0.514151  0.000000  0.000000  0.000000  -34.740801  1.464406  42.197195  67.463279  10.502243  10.176972  54.522847  51.350902  -37.394440  29.558764  115.775397
0.514825  0.000000  0.000000  0.000000  -34.740801  1.464406  46.125766  67.692311  6.870470  8.661366  54.522847  51.350902  -37.394440  29.558764  115.775397
0.515499  0.000000  0.000000  0.000000  -34.104508  7.393457  -8.874234  40.406328  48.436670  41.056666  49.272313  36.524048  -40.512314  25.135226  107.573093
0.516173  0.000000  0.000000  0.000000  -34.104508  7.393457  -4.945662  43.553136  45.807416  36.764528  49.272313  36.524048  -40.512314  25.135226  107.573093
0.516846  0.000000  0.000000  0.000000  -34.104508  7.393457  -1.017091  46.280629  43.032201  32.869518  49.272313  36.524048  -40.512314  25.135226  107.573093
0.517520  0.000000  0.000000  0.000000  -34.104508  7.393457  2.911481  48.638657  40.136492  29.318553  49.272313  36.524048  -40.512314  25.135226  107.573093
0.518194  0.000000  0.000000  0.000000  -34.104508  7.393457  6.840052  50.672662  37.141298  26.062718  49.272313  36.524048  -40.512314  25.135226  107.573093
0.518868  0.000000  0.000000  0.000000  -34.104508  7.393457  10.768624  52.422625  34.063908  23.058273  49.272313  36.524048  -40.512314  25.135226  107.573093
0.519542  0.000000  0.000000  0.000000  -34.104508  7.393457  14.697195  53.922924  30.918585  20.266753  49.272313  36.524048  -40.512314  25.135226  107.573093
0.520216  0.000000  0.000000  0.000000  -34.104508  7.393457  18.625766  55.202641  27.717158  17.654604  49.272313  36.524048  -40.512314  25.135226  107.573093
0.520889  0.000000  0.000000  0.000000  -34.104508  7.393457  22.554338  56.286079  24.469517  15.192601  49.272313  36.524048  -40.512314  25.135226  107.573093
0.521563  0.000000  0.000000  0.000000  -34.104508  7.393457  26.482909  57.193347  21.183993  12.855210  49.272313  36.524048  -40.512314  25.135226  107.573093
0.522237  0.000000  0.000000  0.000000  -34.104508  7.393457  30.411481  57.940823  17.867756  10.620005  49.272313  36.524048  -40.512314  25.135226  107.573093
0.522911  0.000000  0.000000  0.000000  -34.104508  7.393457  34.340052  58.541703  14.526994  8.467052  49.272313  36.524048  -40.512314  25.135226  107.573093
0.523585  0.000000  0.000000  0.000000  -34.104508  7.393457  38.268624  59.006358  11.167176  6.378423  49.272313  36.524048  -40.512314  25.135226  107.573093
0.524259  0.000000  0.000000  0.000000  -34.104508  7.393457  42.197195  59.342646  7.793223  4.337740  49.272313  36.524048  -40.512314  25.135226  107.573093
0.524933  0.000000  0.000000  0.000000  -34.104508  7.393457  46.125766  59.556195  4.409666  2.329768  49.272313  36.524048  -40.512314  25.135226  107.573093
0.525606  0.000000  0.000000  0.000000  -23.633567  -0.237075  -8.874234  49.202415  41.501118  26.849156  18.217871  43.958422  -12.299248  32.010982  107.580324
0.526280  0.000000  0.000000  0.000000  -23.633567  -0.237075  -4.945662  51.310244  38.479386  23.570963  18.217871  43.958422  -12.299248  32.010982  107.580324
0.526954  0.000000  0.000000  0.000000  -23.633567  -0.237075  -1.017091  53.120021  35.373734  20.560186  18.217871  43.958422  -12.299248  32.010982  107.580324
0.527628  0.000000  0.000000  0.000000  -23.633567  -0.237075  2.911481  54.669618  32.198981  17.775069  18.217871  43.958422  -12.299248  32.010982  107.580324
0.528302  0.000000  0.000000  0.000000  -23.633567  -0.237075  6.840052  55.990903  28.967323  15.179503  18.217871  43.958422  -12.299248  32.010982  107.580324
0.528976  0.000000  0.000000  0.000000  -23.633567  -0.237075  10.768624  57.110364  25.688881  12.742329  18.217871  43.958422  -12.299248  32.010982  107.580324
0.529650  0.000000  0.000000  0.000000  -23.633567  -0.237075  14.697195  58.049827  22.372125  10.436569  18.217871  43.958422  -12.299248  32.010982  107.580324
0.530323  0.000000  0.000000  0.000000  -23.633567  -0.237075  18.625766  58.827064  19.024240  8.238715  18.217871  43.958422  -12.299248  32.010982  107.580324
0.530997  0.000000  0.000000  0.000000  -23.633567  -0.237075  22.554338  59.456385  15.651403  6.128069  18.217871  43.958422  -12.299248  32.010982  107.580324
0.531671  0.000000  0.000000  0.000000  -23.633567  -0.237075  26.482909  59.949085  12.259030  4.086174  18.217871  43.958422  -12.299248  32.010982  107.580324
0.532345  0.000000  0.000000  0.000000  -23.633567  -0.237075  30.411481  60.313806  8.851945  2.096302  18.217871  43.958422  -12.299248  32.010982  107.580324
0.533019  0.000000  0.000000  0.000000  -23.633567  -0.237075  34.340052  60.556816  5.434538  0.143055  18.217871  43.958422  -12.299248  32.010982  107.580324
0.533693  0.000000  0.000000  0.000000  -23.633567  -0.237075  38.268624  60.682271  2.010926  -1.788118  18.217871  43.958422  -12.299248  32.010982  107.580324
0.534367  0.000000  0.000000  0.000000  -23.633567  -0.237075  42.197195  60.692280  -1.414951  -3.711189  18.217871  43.958422  -12.299248  32.010982  107.580324
0.535040  0.000000  0.000000  0.000000  -23.633567  -0.237075  46.125766  60.587004  -4.839233  -5.639958  18.217871  43.958422  -12.299248  32.010982  107.580324
0.535714  0.000000  0.000000  0.000000  -45.885503  5.872382  -8.874234  42.525539  53.258880  47.027413  51.680588  51.763549  -29.842172  19.596358  104.077434
0.536388  0.000000  0.000000  0.000000  -45.885503  5.872382  -4.945662  46.110406  50.512329  42.473256  51.680588  51.763549  -29.842172  19.596358  104.077434
0.537062  0.000000  0.000000  0.000000  -45.885503  5.872382  -1.017091  49.163636  47.607990  38.433388  51.680588  51.763549  -29.842172  19.596358  104.077434
0.537736  0.000000  0.000000  0.000000  -45.885503  5.872382  2.911481  51.762947  44.576957  34.827377  51.680588  51.763549  -29.842172  19.596358  104.077434
0.538410  0.000000  0.000000  0.000000  -45.885503  5.872382  6.840052  53.976130  41.443819  31.584538  51.680588  51.763549  -29.842172  19.596358  104.077434
0.539084  0.000000  0.000000  0.000000  -45.885503  5.872382  10.768624  55.860583  38.228085  28.644339  51.680588  51.763549  -29.842172  19.596358  104.077434
0.539757  0.000000  0.000000  0.000000  -45.885503  5.872382  14.697195  57.463927  34.945269  25.955757  51.680588  51.763549  -29.842172  19.596358  104.077434
0.540431  0.000000  0.000000  0.000000  -45.885503  5.872382  18.625766  58.825253  31.607810  23.475987  51.680588  51.763549  -29.842172  19.596358  104.077434
0.541105  0.000000  0.000000  0.000000  -45.885503  5.872382  22.554338  59.976410  28.225784  21.169096  51.680588  51.763549  -29.842172  19.596358  104.077434
0.541779  0.000000  0.000000  0.000000  -45.885503  5.872382  26.482909  60.943206  24.807443  19.004765  51.680588  51.763549  -29.842172  19.596358  104.077434
0.542453  0.000000  0.000000  0.000000  -45.885503  5.872382  30.411481  61.746451  21.359633  16.957199  51.680588  51.763549  -29.842172  19.596358  104.077434
0.543127  0.000000  0.000000  0.000000  -45.885503  5.872382  34.340052  62.402712  17.888157  15.004199  51.680588  51.763549  -29.842172  19.596358  104.077434
0.543801  0.000000  0.000000  0.000000  -45.885503  5.872382  38.268624  62.925095  14.397972  13.126393  51.680588  51.763549  -29.842172  19.596358  104.077434
0.544474  0.000000  0.000000  0.000000  -45.885503  5.872382  42.197195  63.323706  10.893422  11.306589  51.680588  51.763549  -29.842172  19.596358  104.077434
0.545148  0.000000  0.000000  0.000000  -45.885503  5.872382  46.125766  63.606059  7.378399  9.529245  51.680588  51.763549  -29.842172  19.596358  104.077434
0.545822  0.000000  0.000000  0.000000  -29.943959  12.222742  -8.303033  36.637433  42.147219  42.341746  43.944471  47.294380  -14.341773  18.626516  112.227190
0.546496  0.000000  0.000000  0.000000  -29.943959  12.222742  -4.374462  39.324623  39.728326  38.242573  43.944471  47.294380  -14.341773  18.626516  112.227190
0.547170  0.000000  0.000000  0.000000  -29.943959  12.222742  -0.445891  41.697438  37.175225  34.428686  43.944471  47.294380  -14.341773  18.626516  112.227190
0.547844  0.000000  0.000000  0.000000  -29.943959  12.222742  3.482681  43.782508  34.508006  30.869506  43.944471  47.294380  -14.341773  18.626516  112.227190
0.548518  0.000000  0.000000  0.000000  -29.943959  12.222742  7.411252  45.605655  31.744060  27.534988  43.944471  47.294380  -14.341773  18.626516  112.227190
0.549191  0.000000  0.000000  0.000000  -29.943959  12.222742  11.339824  47.190864  28.898379  24.396564  43.944471  47.294380  -14.341773  18.626516  112.227190
0.549865  0.000000  0.000000  0.000000  -29.943959  12.222742  15.268395  48.559727  25.983889  21.427663  43.944471  47.294380  -14.341773  18.626516  112.227190
0.550539  0.000000  0.000000  0.000000  -29.943959  12.222742  19.196967  49.731231  23.011773  18.603864  43.944471  47.294380  -14.341773  18.626516  112.227190
0.551213  0.000000  0.000000  0.000000  -29.943959  12.222742  23.125538  50.721740  19.991765  15.902837  43.944471  47.294380  -14.341773  18.626516  112.227190
0.551887  0.000000  0.000000  0.000000  -29.943959  12.222742  27.054109  51.545109  16.932380  13.304137  43.944471  47.294380  -14.341773  18.626516  112.227190
0.552561  0.000000  0.000000  0.000000  -29.943959  12.222742  30.982681  52.212787  13.841227  10.789063  43.944471  47.294380  -14.341773  18.626516  112.227190
0.553235  0.000000  0.000000  0.000000  -29.943959  12.222742  34.911252  52.734017  10.725107  8.340282  43.944471  47.294380  -14.341773  18.626516  112.227190
0.553908  0.000000  0.000000  0.000000  -29.943959  12.222742  38.839824  53.115963  7.590245  5.941620  43.944471  47.294380  -14.341773  18.626516  112.227190
0.554582  0.000000  0.000000  0.000000  -29.943959  12.222742  42.768395  53.363854  4.442427  3.577781  43.944471  47.294380  -14.341773  18.626516  112.227190
0.555256  0.000000  0.000000  0.000000  -29.943959  12.222742  46.696967  53.481050  1.287143  1.234072  43.944471  47.294380  -14.341773  18.626516  112.227190
0.555930  0.000000  0.000000  0.000000  -23.762863  6.947222  -8.303033  43.897110  42.560870  38.163277  32.321891  60.901448  -28.271743  21.566181  102.002964
0.556604  0.000000  0.000000  0.000000  -23.762863  6.947222  -4.374462  46.322776  39.776462  34.480216  32.321891  60.901448  -28.271743  21.566181  102.002964
0.557278  0.000000  0.000000  0.000000  -23.762863  6.947222  -0.445891  48.427102  36.884807  31.088916  32.321891  60.901448  -28.271743  21.566181  102.002964
0.557951  0.000000  0.000000  0.000000  -23.762863  6.947222  3.482681  50.246737  33.903899  27.948875  32.321891  60.901448  -28.271743  21.566181  102.002964
0.558625  0.000000  0.000000  0.000000  -23.762863  6.947222  7.411252  51.813931  30.848758  25.023647  32.321891  60.901448  -28.271743  21.566181  102.002964
0.559299  0.000000  0.000000  0.000000  -23.762863  6.947222  11.339824  53.156487  27.731977  22.280863  32.321891  60.901448  -28.271743  21.566181  102.002964
0.559973  0.000000  0.000000  0.000000  -23.762863  6.947222  15.268395  54.298016  24.564119  19.691900  32.321891  60.901448  -28.271743  21.566181  102.002964
0.560647  0.000000  0.000000  0.000000  -23.762863  6.947222  19.196967  55.258265  21.354245  17.231485  32.321891  60.901448  -28.271743  21.566181  102.002964
0.561321  0.000000  0.000000  0.000000  -23.762863  6.947222  23.125538  56.053550  18.110083  14.877176  32.321891  60.901448  -28.271743  21.566181  102.002964
0.561995  0.000000  0.000000  0.000000  -23.762863  6.947222  27.054109  56.697142  14.838380  12.608893  32.321891  60.901448  -28.271743  21.566181  102.002964
0.562668  0.000000  0.000000  0.000000  -23.762863  6.947222  30.982681  57.199566  11.545114  10.408489  32.321891  60.901448  -28.271743  21.566181  102.002964
0.563342  0.000000  0.000000  0.000000  -23.762863  6.947222  34.911252  57.568909  8.235668  8.259329  32.321891  60.901448  -28.271743  21.566181  102.002964
0.564016  0.000000  0.000000  0.000000  -23.762863  6.947222  38.839824  57.811048  4.914985  6.145898  32.321891  60.901448  -28.271743  21.566181  102.002964
0.564690  0.000000  0.000000  0.000000  -23.762863  6.947222  42.768395  57.929784  1.587715  4.053469  32.321891  60.901448  -28.271743  21.566181  102.002964
0.565364  0.000000  0.000000  0.000000  -23.762863  6.947222  46.696967  57.926987  -1.741667  1.967774  32.321891  60.901448  -28.271743  21.566181  102.002964
0.566038  0.000000  0.000000  0.000000  -30.761437  10.902556  -8.303033  39.389888  32.717468  31.733761  50.623014  36.002629  -34.791044  18.057363  98.295964
0.566712  0.000000  0.000000  0.000000  -30.761437  10.902556  -4.374462  41.222733  30.175270  28.222212  50.623014  36.002629  -34.791044  18.057363  98.295964
0.567385  0.000000  0.000000  0.000000  -30.761437  10.902556  -0.445891  42.831707  27.544325  24.890311  50.623014  36.002629  -34.791044  18.057363  98.295964
0.568059  0.000000  0.000000  0.000000  -30.761437  10.902556  3.482681  44.233204  24.837700  21.716485  50.623014  36.002629  -34.791044  18.057363  98.295964
0.568733  0.000000  0.000000  0.000000  -30.761437  10.902556  7.411252  45.442235  22.066960  18.680097  50.623014  36.002629  -34.791044  18.057363  98.295964
0.569407  0.000000  0.000000  0.000000  -30.761437  10.902556  11.339824  46.472186  19.242371  15.761624  50.623014  36.002629  -34.791044  18.057363  98.295964
0.570081  0.000000  0.000000  0.000000  -30.761437  10.902556  15.268395  47.334707  16.373104  12.942709  50.623014  36.002629  -34.791044  18.057363  98.295964
0.570755  0.000000  0.000000  0.000000  -30.761437  10.902556  19.196967  48.039674  13.467437  10.206076  50.623014  36.002629  -34.791044  18.057363  98.295964
0.571429  0.000000  0.000000  0.000000  -30.761437  10.902556  23.125538  48.595218  10.532881  7.535472  50.623014  36.002629  -34.791044  18.057363  98.295964
0.572102  0.000000  0.000000  0.000000  -30.761437  10.902556  27.054109  49.007744  7.576374  4.915479  50.623014  36.002629  -34.791044  18.057363  98.295964
0.572776  0.000000  0.000000  0.000000  -30.761437  10.902556  30.982681  49.282053  4.604427  2.331310  50.623014  36.002629  -34.791044  18.057363  98.295964
0.573450  0.000000  0.000000  0.000000  -30.761437  10.902556  34.911252  49.421318  1.623231  -0.231312  50.623014  36.002629  -34.791044  18.057363  98.295964
0.574124  0.000000  0.000000  0.000000  -30.761437  10.902556  38.839824  49.427171  -1.361192  -2.786381  50.623014  36.002629  -34.791044  18.057363  98.295964
0.574798  0.000000  0.000000  0.000000  -30.761437  10.902556  42.768395  49.299659  -4.342908  -5.347777  50.623014  36.002629  -34.791044  18.057363  98.295964
0.575472  0.000000  0.000000  0.000000  -30.761437  10.902556  46.696967  49.037312  -7.315912  -7.929494  50.623014  36.002629  -34.791044  18.057363  98.295964
0.576146  0.000000  0.000000  0.000000  -38.386967  15.050499  -8.303033  38.353632  35.972955  36.506734  35.366066  64.362670  -11.366972  25.028763  107.593371
0.576819  0.000000  0.000000  0.000000  -38.386967  15.050499  -4.374462  40.458431  33.478052  32.813545  35.366066  64.362670  -11.366972  25.028763  107.593371
0.577493  0.000000  0.000000  0.000000  -38.386967  15.050499  -0.445891  42.313866  30.879837  29.331251  35.366066  64.362670  -11.366972  25.028763  107.593371
0.578167  0.000000  0.000000  0.000000  -38.386967  15.050499  3.482681  43.939191  28.193387  26.035902  35.366066  64.362670  -11.366972  25.028763  107.593371
0.578841  0.000000  0.000000  0.000000  -38.386967  15.050499  7.411252  45.352433  25.431935  22.904380  35.366066  64.362670  -11.366972  25.028763  107.593371
0.579515  0.000000  0.000000  0.000000  -38.386967  15.050499  11.339824  46.569922  22.607110  19.914805  35.366066  64.362670  -11.366972  25.028763  107.593371
0.580189  0.000000  0.000000  0.000000  -38.386967  15.050499  15.268395  47.606154  19.729183  17.046654  35.366066  64.362670  -11.366972  25.028763  107.593371
0.580863  0.000000  0.000000  0.000000  -38.386967  15.050499  19.196967  48.473580  16.807267  14.280827  35.366066  64.362670  -11.366972  25.028763  107.593371
0.581536  0.000000  0.000000  0.000000  -38.386967  15.050499  23.125538  49.182760  13.849518  11.599455  35.366066  64.362670  -11.366972  25.028763  107.593371
0.582210  0.000000  0.000000  0.000000  -38.386967  15.050499  27.054109  49.742341  10.863344  8.985828  35.366066  64.362670  -11.366972  25.028763  107.593371
0.582884  0.000000  0.000000  0.000000  -38.386967  15.050499  30.982681  50.159157  7.855554  6.424192  35.366066  64.362670  -11.366972  25.028763  107.593371
0.583558  0.000000  0.000000  0.000000  -38.386967  15.050499  34.911252  50.438260  4.832472  3.899504  35.366066  64.362670  -11.366972  25.028763  107.593371
0.584232  0.000000  0.000000  0.000000  -38.386967  15.050499  38.839824  50.583081  1.800140  1.397290  35.366066  64.362670  -11.366972  25.028763  107.593371
0.584906  0.000000  0.000000  0.000000  -38.386967  15.050499  42.768395  50.595374  -1.235607  -1.096604  35.366066  64.362670  -11.366972  25.028763  107.593371
0.585580  0.000000  0.000000  0.000000  -38.386967  15.050499  46.696967  50.475284  -4.269011  -3.596205  35.366066  64.362670  -11.366972  25.028763  107.593371
0.586253  0.000000  0.000000  0.000000  -41.623584  6.353088  -8.158813  43.547560  49.845741  46.048112  27.028062  55.590539  -45.964306  18.790030  114.328863
0.586927  0.000000  0.000000  0.000000  -41.623584  6.353088  -4.230241  46.677725  47.060773  41.867773  27.028062  55.590539  -45.964306  18.790030  114.328863
0.587601  0.000000  0.000000  0.000000  -41.623584  6.353088  -0.301670  49.362338  44.139060  38.112171  27.028062  55.590539  -45.964306  18.790030  114.328863
0.588275  0.000000  0.000000  0.000000  -41.623584  6.353088  3.626901  51.662438  41.106042  34.717238  27.028062  55.590539  -45.964306  18.790030  114.328863
0.588949  0.000000  0.000000  0.000000  -41.623584  6.353088  7.555473  53.631254  37.982266  31.626479  27.028062  55.590539  -45.964306  18.790030  114.328863
0.589623  0.000000  0.000000  0.000000  -41.623584  6.353088  11.484044  55.314013  34.784290  28.791133  27.028062  55.590539  -45.964306  18.790030  114.328863
0.590296  0.000000  0.000000  0.000000  -41.623584  6.353088  15.412616  56.748549  31.525491  26.169505  27.028062  55.590539  -45.964306  18.790030  114.328863
0.590970  0.000000  0.000000  0.000000  -41.623584  6.353088  19.341187  57.966143  28.216872  23.726082  27.028062  55.590539  -45.964306  18.790030  114.328863
0.591644  0.000000  0.000000  0.000000  -41.623584  6.353088  23.269759  58.992469  24.867466  21.430528  27.028062  55.590539  -45.964306  18.790030  114.328863
0.592318  0.000000  0.000000  0.000000  -41.623584  6.353088  27.198330  59.848422  21.484832  19.256781  27.028062  55.590539  -45.964306  18.790030  114.328863
0.592992  0.000000  0.000000  0.000000  -41.623584  6.353088  31.126901  60.550849  18.075373  17.182241  27.028062  55.590539  -45.964306  18.790030  114.328863
0.593666  0.000000  0.000000  0.000000  -41.623584  6.353088  35.055473  61.113144  14.644604  15.187063  27.028062  55.590539  -45.964306  18.790030  114.328863
0.594340  0.000000  0.000000  0.000000  -41.623584  6.353088  38.984044  61.545731  11.197358  13.253551  27.028062  55.590539  -45.964306  18.790030  114.328863
0.595013  0.000000  0.000000  0.000000  -41.623584  6.353088  42.912616  61.856432  7.737987  11.365692  27.028062  55.590539  -45.964306  18.790030  114.328863
0.595687  0.000000  0.000000  0.000000  -41.623584  6.353088  46.841187  62.050794  4.270456  9.508626  27.028062  55.590539  -45.964306  18.790030  114.328863
0.596361  0.000000  0.000000  0.000000  -36.420760  2.204321  -8.774294  47.686959  46.175938  32.531695  43.009808  40.610699  -40.290284  17.283626  105.174418
0.597035  0.000000  0.000000  0.000000  -36.420760  2.204321  -4.845723  50.240000  43.211435  28.903516  43.009808  40.610699  -40.290284  17.283626  105.174418
0.597709  0.000000  0.000000  0.000000  -36.420760  2.204321  -0.917151  52.426151  40.142998  25.617421  43.009808  40.610699  -40.290284  17.283626  105.174418
0.598383  0.000000  0.000000  0.000000  -36.420760  2.204321  3.011420  54.296261  36.989808  22.619218  43.009808  40.610699  -40.290284  17.283626  105.174418
0.599057  0.000000  0.000000  0.000000  -36.420760  2.204321  6.939992  55.893249  33.767262  19.862363  43.009808  40.610699  -40.290284  17.283626  105.174418
0.599730  0.000000  0.000000  0.000000  -36.420760  2.204321  10.868563  57.252831  30.487911  17.307177  43.009808  40.610699  -40.290284  17.283626  105.174418
0.600404  0.000000  0.000000  0.000000  -36.420760  2.204321  14.797134  58.404456  27.161986  14.919857  43.009808  40.610699  -40.290284  17.283626  105.174418
0.601078  0.000000  0.000000  0.000000  -36.420760  2.204321  18.725706  59.372199  23.798022  12.671518  43.009808  40.610699  -40.290284  17.283626  105.174418
0.601752  0.000000  0.000000  0.000000  -36.420760  2.204321  22.654277  60.175600  20.403139  10.537284  43.009808  40.610699  -40.290284  17.283626  105.174418
0.602426  0.000000  0.000000  0.000000  -36.420760  2.204321  26.582849  60.830347  16.983403  8.495510  43.009808  40.610699  -40.290284  17.283626  105.174418
0.603100  0.000000  0.000000  0.000000  -36.420760  2.204321  30.511420  61.348845  13.544079  6.527126  43.009808  40.610699  -40.290284  17.283626  105.174418
0.603774  0.000000  0.000000  0.000000  -36.420760  2.204321  34.439992  61.740618  10.089784  4.615014  43.009808  40.610699  -40.290284  17.283626  105.174418
0.604447  0.000000  0.000000  0.000000  -36.420760  2.204321  38.368563  62.012771  6.624734  2.743611  43.009808  40.610699  -40.290284  17.283626  105.174418
0.605121  0.000000  0.000000  0.000000  -36.420760  2.204321  42.297134  62.170106  3.152765  0.898362  43.009808  40.610699  -40.290284  17.283626  105.174418
0.605795  0.000000  0.000000  0.000000  -36.420760  2.204321  46.225706  62.215399  -0.322438  -0.934589  43.009808  40.610699  -40.290284  17.283626  105.174418
0.606469  0.000000  0.000000  0.000000  -20.761235  5.919487  -12.473402  40.240768  45.606719  37.716473  57.510629  56.451980  -23.875265  30.947197  104.544947
0.607143  0.000000  0.000000  0.000000  -20.761235  5.919487  -8.544831  43.105780  42.993307  33.616276  57.510629  56.451980  -23.875265  30.947197  104.544947
0.607817  0.000000  0.000000  0.000000  -20.761235  5.919487  -4.616260  45.602659  40.245671  29.858772  57.510629  56.451980  -23.875265  30.947197  104.544947
0.608491  0.000000  0.000000  0.000000  -20.761235  5.919487  -0.687688  47.771647  37.386127  26.400183  57.510629  56.451980  -23.875265  30.947197  104.544947
0.609164  0.000000  0.000000  0.000000  -20.761235  5.919487  3.240883  49.649662  34.433350  23.199775  57.510629  56.451980  -23.875265  30.947197  104.544947
0.609838  0.000000  0.000000  0.000000  -20.761235  5.919487  7.169455  51.269456  31.402948  20.220662  57.510629  56.451980  -23.875265  30.947197  104.544947
0.610512  0.000000  0.000000  0.000000  -20.761235  5.919487  11.098026  52.659434  28.308006  17.429931  57.510629  56.451980  -23.875265  30.947197  104.544947
0.611186  0.000000  0.000000  0.000000  -20.761235  5.919487  15.026598  53.843817  25.159550  14.798424  57.510629  56.451980  -23.875265  30.947197  104.544947
0.611860  0.000000  0.000000  0.000000  -20.761235  5.919487  18.955169  54.842971  21.966948  12.300339  57.510629  56.451980  -23.875265  30.947197  104.544947
0.612534  0.000000  0.000000  0.000000  -20.761235  5.919487  22.883740  55.673807  18.738214  9.912751  57.510629  56.451980  -23.875265  30.947197  104.544947
0.613208  0.000000  0.000000  0.000000  -20.761235  5.919487  26.812312  56.350076  15.480381  7.615223  57.510629  56.451980  -23.875265  30.947197  104.544947
0.613881  0.000000  0.000000  0.000000  -20.761235  5.919487  30.740883  56.882854  12.199562  5.389207  57.510629  56.451980  -23.875265  30.947197  104.544947
0.614555  0.000000  0.000000  0.000000  -20.761235  5.919487  34.669455  57.280642  8.901333  3.217835  57.510629  56.451980  -23.875265  30.947197  104.544947
0.615229  0.000000  0.000000  0.000000  -20.761235  5.919487  38.598026  57.549765  5.590755  1.085382  57.510629  56.451980  -23.875265  30.947197  104.544947
0.615903  0.000000  0.000000  0.000000  -20.761235  5.919487  42.526598  57.694400  2.272564  -1.023044  57.510629  56.451980  -23.875265  30.947197  104.544947
0.616577  0.000000  0.000000  0.000000  -19.734728  10.543107  -12.473402  38.847423  34.600744  33.305332  24.880704  64.703585  -24.294558  28.236024  99.163747
0.617251  0.000000  0.000000  0.000000  -19.734728  10.543107  -8.544831  40.832926  32.082947  29.694624  24.880704  64.703585  -24.294558  28.236024  99.163747
0.617925  0.000000  0.000000  0.000000  -19.734728  10.543107  -4.616260  42.580362  29.468325  26.281148  24.880704  64.703585  -24.294558  28.236024  99.163747
0.618598  0.000000  0.000000  0.000000  -19.734728  10.543107  -0.687688  44.107783  26.771040  23.041953  24.880704  64.703585  -24.294558  28.236024  99.163747
0.619272  0.000000  0.000000  0.000000  -19.734728  10.543107  3.240883  45.431916  24.003569  19.954998  24.880704  64.703585  -24.294558  28.236024  99.163747
0.619946  0.000000  0.000000  0.000000  -19.734728  10.543107  7.169455  46.567807  21.176923  16.999451  24.880704  64.703585  -24.294558  28.236024  99.163747
0.620620  0.000000  0.000000  0.000000  -19.734728  10.543107  11.098026  47.528708  18.300870  14.155746  24.880704  64.703585  -24.294558  28.236024  99.163747
0.621294  0.000000  0.000000  0.000000  -19.734728  10.543107  15.026598  48.325932  15.384129  11.405619  24.880704  64.703585  -24.294558  28.236024  99.163747
0.621968  0.000000  0.000000  0.000000  -19.734728  10.543107  18.955169  48.968984  12.434560  8.731921  24.880704  64.703585  -24.294558  28.236024  99.163747
0.622642  0.000000  0.000000  0.000000  -19.734728  10.543107  22.883740  49.465511  9.459352  6.118527  24.880704  64.703585  -24.294558  28.236024  99.163747
0.623315  0.000000  0.000000  0.000000  -19.734728  10.543107  26.812312  49.821469  6.465157  3.550141  24.880704  64.703585  -24.294558  28.236024  99.163747
0.623989  0.000000  0.000000  0.000000  -19.734728  10.543107  30.740883  50.041094  3.458226  1.012067  24.880704  64.703585  -24.294558  28.236024  99.163747
0.624663  0.000000  0.000000  0.000000  -19.734728  10.543107  34.669455  50.127018  0.444581  -1.509929  24.880704  64.703585  -24.294558  28.236024  99.163747
0.625337  0.000000  0.000000  0.000000  -19.734728  10.543107  38.598026  50.080258  -2.569924  -4.029851  24.880704  64.703585  -24.294558  28.236024  99.163747
0.626011  0.000000  0.000000  0.000000  -19.734728  10.543107  42.526598  49.900262  -5.579446  -6.561711  24.880704  64.703585  -24.294558  28.236024  99.163747
0.626685  0.000000  0.000000  0.000000  -42.565261  15.531566  -12.473402  36.494730  39.627115  47.666239  28.844078  57.846583  -33.065189  28.703023  113.908923
0.627358  0.000000  0.000000  0.000000  -42.565261  15.531566  -8.544831  38.960792  37.222043  43.700063  28.844078  57.846583  -33.065189  28.703023  113.908923
0.628032  0.000000  0.000000  0.000000  -42.565261  15.531566  -4.616260  41.143218  34.693031  39.985065  28.844078  57.846583  -33.065189  28.703023  113.908923
0.628706  0.000000  0.000000  0.000000  -42.565261  15.531566  -0.687688  43.064193  32.058084  36.494849  28.844078  57.846583  -33.065189  28.703023  113.908923
0.629380  0.000000  0.000000  0.000000  -42.565261  15.531566  3.240883  44.745248  29.332924  33.203333  28.844078  57.846583  -33.065189  28.703023  113.908923
0.630054  0.000000  0.000000  0.000000  -42.565261  15.531566  7.169455  46.206395  26.531276  30.085577  28.844078  57.846583  -33.065189  28.703023  113.908923
0.630728  0.000000  0.000000  0.000000  -42.565261  15.531566  11.098026  47.465725  23.665067  27.118130  28.844078  57.846583  -33.065189  28.703023  113.908923
0.631402  0.000000  0.000000  0.000000  -42.565261  15.531566  15.026598  48.539142  20.744821  24.279237  28.844078  57.846583  -33.065189  28.703023  113.908923
0.632075  0.000000  0.000000  0.000000  -42.565261  15.531566  18.955169  49.440371  17.779756  21.548730  28.844078  57.846583  -33.065189  28.703023  113.908923
0.632749  0.000000  0.000000  0.000000  -42.565261  15.531566  22.883740  50.180989  14.778104  18.907963  28.844078  57.846583  -33.065189  28.703023  113.908923
0.633423  0.000000  0.000000  0.000000  -42.565261  15.531566  26.812312  50.770516  11.747258  16.339579  28.844078  57.846583  -33.065189  28.703023  113.908923
0.634097  0.000000  0.000000  0.000000  -42.565261  15.531566  30.740883  51.216513  8.693968  13.827323  28.844078  57.846583  -33.065189  28.703023  113.908923
0.634771  0.000000  0.000000  0.000000  -42.565261  15.531566  34.669455  51.524697  5.624488  11.355821  28.844078  57.846583  -33.065189  28.703023  113.908923
0.635445  0.000000  0.000000  0.000000  -42.565261  15.531566  38.598026  51.698962  2.544709  8.910307  28.844078  57.846583  -33.065189  28.703023  113.908923
0.636119  0.000000  0.000000  0.000000  -42.565261  15.531566  42.526598  51.741579  -0.539653  6.476472  28.844078  57.846583  -33.065189  28.703023  113.908923
0.636792  0.000000  0.000000  0.000000  -15.306482  18.188546  -14.924179  36.292712  32.169085  40.533853  56.009189  61.100032  -30.804177  19.489172  98.064585
0.637466  0.000000  0.000000  0.000000  -15.306482  18.188546  -10.995608  38.171487  29.791208  36.885602  56.009189  61.100032  -30.804177  19.489172  98.064585
0.638140  0.000000  0.000000  0.000000  -15.306482  18.188546  -7.067036  39.833588  27.317895  33.410001  56.009189  61.100032  -30.804177  19.489172  98.064585
0.638814  0.000000  0.000000  0.000000  -15.306482  18.188546  -3.138465  41.292431  24.762422  30.088486  56.009189  61.100032  -30.804177  19.489172  98.064585
0.639488  0.000000  0.000000  0.000000  -15.306482  18.188546  0.790107  42.560792  22.136706  26.902709  56.009189  61.100032  -30.804177  19.489172  98.064585
0.640162  0.000000  0.000000  0.000000  -15.306482  18.188546  4.718678  43.650432  19.451452  23.834866  56.009189  61.100032  -30.804177  19.489172  98.064585
0.640836  0.000000  0.000000  0.000000  -15.306482  18.188546  8.647249  44.571862  16.716312  20.867874  56.009189  61.100032  -30.804177  19.489172  98.064585
0.641509  0.000000  0.000000  0.000000  -15.306482  18.188546  12.575821  45.334216  13.940074  17.985386  56.009189  61.100032  -30.804177  19.489172  98.064585
0.642183  0.000000  0.000000  0.000000  -15.306482  18.188546  16.504392  45.945184  11.130736  15.171843  56.009189  61.100032  -30.804177  19.489172  98.064585
0.642857  0.000000  0.000000  0.000000  -15.306482  18.188546  20.432964  46.410991  8.295735  12.412335  56.009189  61.100032  -30.804177  19.489172  98.064585
0.643531  0.000000  0.000000  0.000000  -15.306482  18.188546  24.361535  46.736430  5.442030  9.692508  56.009189  61.100032  -30.804177  19.489172  98.064585
0.644205  0.000000  0.000000  0.000000  -15.306482  18.188546  28.290107  46.924880  2.576255  6.998432  56.009189  61.100032  -30.804177  19.489172  98.064585
0.644879  0.000000  0.000000  0.000000  -15.306482  18.188546  32.218678  46.978292  -0.295190  4.316472  56.009189  61.100032  -30.804177  19.489172  98.064585
0.645553  0.000000  0.000000  0.000000  -15.306482  18.188546  36.147249  46.897215  -3.165965  1.633134  56.009189  61.100032  -30.804177  19.489172  98.064585
0.646226  0.000000  0.000000  0.000000  -15.306482  18.188546  40.075821  46.680811  -6.029785  -1.065111  56.009189  61.100032  -30.804177  19.489172  98.064585
0.646900  0.000000  0.000000  0.000000  -21.284512  -7.327211  -14.924179  57.456130  54.975640  24.940634  47.238606  36.385965  -26.313783  24.154319  99.046869
0.647574  0.000000  0.000000  0.000000  -21.284512  -7.327211  -10.995608  60.185569  51.613232  21.537967  47.238606  36.385965  -26.313783  24.154319  99.046869
0.648248  0.000000  0.000000  0.000000  -21.284512  -7.327211  -7.067036  62.425765  48.166146  18.610449  47.238606  36.385965  -26.313783  24.154319  99.046869
0.648922  0.000000  0.000000  0.000000  -21.284512  -7.327211  -3.138465  64.277521  44.654153  16.055214  47.238606  36.385965  -26.313783  24.154319  99.046869
0.649596  0.000000  0.000000  0.000000  -21.284512  -7.327211  0.790107  65.816828  41.091722  13.794027  47.238606  36.385965  -26.313783  24.154319  99.046869
0.650270  0.000000  0.000000  0.000000  -21.284512  -7.327211  4.718678  67.101216  37.489655  11.766921  47.238606  36.385965  -26.313783  24.154319  99.046869
0.650943  0.000000  0.000000  0.000000  -21.284512  -7.327211  8.647249  68.174617  33.856155  9.927286  47.238606  36.385965  -26.313783  24.154319  99.046869
0.651617  0.000000  0.000000  0.000000  -21.284512  -7.327211  12.575821  69.070709  30.197564  8.238498  47.238606  36.385965  -26.313783  24.154319  99.046869
0.652291  0.000000  0.000000  0.000000  -21.284512  -7.327211  16.504392  69.815581  26.518892  6.671173  47.238606  36.385965  -26.313783  24.154319  99.046869
0.652965  0.000000  0.000000  0.000000  -21.284512  -7.327211  20.432964  70.429404  22.824159  5.201480  47.238606  36.385965  -26.313783  24.154319  99.046869
0.653639  0.000000  0.000000  0.000000  -21.284512  -7.327211  24.361535  70.927786  19.116659  3.809686  47.238606  36.385965  -26.313783  24.154319  99.046869
0.654313  0.000000  0.000000  0.000000  -21.284512  -7.327211  28.290107  71.322757  15.399164  2.479112  47.238606  36.385965  -26.313783  24.154319  99.046869
0.654987  0.000000  0.000000  0.000000  -21.284512  -7.327211  32.218678  71.623409  11.674027  1.195362  47.238606  36.385965  -26.313783  24.154319  99.046869
0.655660  0.000000  0.000000  0.000000  -21.284512  -7.327211  36.147249  71.836422  7.943355  -0.054283  47.238606  36.385965  -26.313783  24.154319  99.046869
0.656334  0.000000  0.000000  0.000000  -21.284512  -7.327211  40.075821  71.966383  4.209008  -1.281384  47.238606  36.385965  -26.313783  24.154319  99.046869
0.657008  0.000000  0.000000  0.000000  -25.585619  9.100739  -14.924179  35.876708  44.319243  41.394586  43.527193  43.066976  -27.613725  20.183299  102.512005
0.657682  0.000000  0.000000  0.000000  -25.585619  9.100739  -10.995608  38.803765  41.935022  37.114869  43.527193  43.066976  -27.613725  20.183299  102.512005
0.658356  0.000000  0.000000  0.000000  -25.585619  9.100739  -7.067036  41.387111  39.403555  33.152687  43.527193  43.066976  -27.613725  20.183299  102.512005
0.659030  0.000000  0.000000  0.000000  -25.585619  9.100739  -3.138465  43.656459  36.747262  29.474620  43.527193  43.066976  -27.613725  20.183299  102.512005
0.659704  0.000000  0.000000  0.000000  -25.585619  9.100739  0.790107  45.641098  33.985461  26.047425  43.527193  43.066976  -27.613725  20.183299  102.512005
0.660377  0.000000  0.000000  0.000000  -25.585619  9.100739  4.718678  47.368475  31.134697  22.839372  43.527193  43.066976  -27.613725  20.183299  102.512005
0.661051  0.000000  0.000000  0.000000  -25.585619  9.100739  8.647249  48.863426  28.209127  19.820980  43.527193  43.066976  -27.613725  20.183299  102.512005
0.661725  0.000000  0.000000  0.000000  -25.585619  9.100739  12.575821  50.147866  25.220886  16.965272  43.527193  43.066976  -27.613725  20.183299  102.512005
0.662399  0.000000  0.000000  0.000000  -25.585619  9.100739  16.504392  51.240754  22.180437  14.247747  43.527193  43.066976  -27.613725  20.183299  102.512005
0.663073  0.000000  0.000000  0.000000  -25.585619  9.100739  20.432964  52.158210  19.096838  11.646169  43.527193  43.066976  -27.613725  20.183299  102.512005
0.663747  0.000000  0.000000  0.000000  -25.585619  9.100739  24.361535  52.913670  15.978073  9.140370  43.527193  43.066976  -27.613725  20.183299  102.512005
0.664420  0.000000  0.000000  0.000000  -25.585619  9.100739  28.290107  53.518105  12.831213  6.711891  43.527193  43.066976  -27.613725  20.183299  102.512005
0.665094  0.000000  0.000000  0.000000  -25.585619  9.100739  32.218678  53.980249  9.662603  4.343633  43.527193  43.066976  -27.613725  20.183299  102.512005
0.665768  0.000000  0.000000  0.000000  -25.585619  9.100739  36.147249  54.306669  6.478110  2.019724  43.527193  43.066976  -27.613725  20.183299  102.512005
0.666442  0.000000  0.000000  0.000000  -25.585619  9.100739  40.075821  54.502009  3.283183  -0.274970  43.527193  43.066976  -27.613725  20.183299  102.512005
0.667116  0.000000  0.000000  0.000000  -28.433091  4.954339  -14.924179  43.030300  51.118700  43.912722  56.774463  57.844001  -33.626826  17.216514  115.697247
0.667790  0.000000  0.000000  0.000000  -28.433091  4.954339  -10.995608  46.330167  48.354635  39.590443  56.774463  57.844001  -33.626826  17.216514  115.697247
0.668464  0.000000  0.000000  0.000000  -28.433091  4.954339  -7.067036  49.154655  45.445597  35.724068  56.774463  57.844001  -33.626826  17.216514  115.697247
0.669137  0.000000  0.000000  0.000000  -28.433091  4.954339  -3.138465  51.570255  42.419057  32.244195  56.774463  57.844001  -33.626826  17.216514  115.697247
0.669811  0.000000  0.000000  0.000000  -28.433091  4.954339  0.790107  53.634921  39.297076  29.089746  56.774463  57.844001  -33.626826  17.216514  115.697247
0.670485  0.000000  0.000000  0.000000  -28.433091  4.954339  4.718678  55.398005  36.097321  26.207982  56.774463  57.844001  -33.626826  17.216514  115.697247
0.671159  0.000000  0.000000  0.000000  -28.433091  4.954339  8.647249  56.900707  32.833983  23.554019  56.774463  57.844001  -33.626826  17.216514  115.697247
0.671833  0.000000  0.000000  0.000000  -28.433091  4.954339  12.575821  58.177036  29.518650  21.089814  56.774463  57.844001  -33.626826  17.216514  115.697247
0.672507  0.000000  0.000000  0.000000  -28.433091  4.954339  16.504392  59.254864  26.160780  18.783054  56.774463  57.844001  -33.626826  17.216514  115.697247
0.673181  0.000000  0.000000  0.000000  -28.433091  4.954339  20.432964  60.156861  22.768226  16.606153  56.774463  57.844001  -33.626826  17.216514  115.697247
0.673854  0.000000  0.000000  0.000000  -28.433091  4.954339  24.361535  60.901341  19.347583  14.535347  56.774463  57.844001  -33.626826  17.216514  115.697247
0.674528  0.000000  0.000000  0.000000  -28.433091  4.954339  28.290107  61.502841  15.904534  12.549950  56.774463  57.844001  -33.626826  17.216514  115.697247
0.675202  0.000000  0.000000  0.000000  -28.433091  4.954339  32.218678  61.972849  12.443946  10.631616  56.774463  57.844001  -33.626826  17.216514  115.697247
0.675876  0.000000  0.000000  0.000000  -28.433091  4.954339  36.147249  62.320039  8.970198  8.763884  56.774463  57.844001  -33.626826  17.216514  115.697247
0.676550  0.000000  0.000000  0.000000  -28.433091  4.954339  40.075821  62.550726  5.487265  6.931660  56.774463  57.844001  -33.626826  17.216514  115.697247
0.677224  0.000000  0.000000  0.000000  -22.041700  -2.114363  -17.806350  43.894919  49.946338  26.050261  62.723414  33.923058  -12.414107  32.819061  111.493033
0.677898  0.000000  0.000000  0.000000  -22.041700  -2.114363  -13.877779  47.016333  47.144827  21.887554  62.723414  33.923058  -12.414107  32.819061  111.493033
0.678571  0.000000  0.000000  0.000000  -22.041700  -2.114363  -9.949207  49.690663  44.207876  18.151220  62.723414  33.923058  -12.414107  32.819061  111.493033
0.679245  0.000000  0.000000  0.000000  -22.041700  -2.114363  -6.020636  51.979940  41.160833  14.776216  62.723414  33.923058  -12.414107  32.819061  111.493033
0.679919  0.000000  0.000000  0.000000  -22.041700  -2.114363  -2.092064  53.938034  38.024125  11.705430  62.723414  33.923058  -12.414107  32.819061  111.493033
0.680593  0.000000  0.000000  0.000000  -22.041700  -2.114363  1.836507  55.610552  34.814182  8.889734  62.723414  33.923058  -12.414107  32.819061  111.493033
0.681267  0.000000  0.000000  0.000000  -22.041700  -2.114363  5.765078  57.035546  31.544255  6.287237  62.723414  33.923058  -12.414107  32.819061  111.493033
0.681941  0.000000  0.000000  0.000000  -22.041700  -2.114363  9.693650  58.244412  28.225230  3.862333  62.723414  33.923058  -12.414107  32.819061  111.493033
0.682615  0.000000  0.000000  0.000000  -22.041700  -2.114363  13.622221  59.262867  24.866035  1.584660  62.723414  33.923058  -12.414107  32.819061  111.493033
0.683288  0.000000  0.000000  0.000000  -22.041700  -2.114363  17.550793  60.111815  21.474132  -0.571828  62.723414  33.923058  -12.414107  32.819061  111.493033
0.683962  0.000000  0.000000  0.000000  -22.041700  -2.114363  21.479364  60.808085  18.055843  -2.629692  62.723414  33.923058  -12.414107  32.819061  111.493033
0.684636  0.000000  0.000000  0.000000  -22.041700  -2.114363  25.407936  61.365042  14.616606  -4.608726  62.723414  33.923058  -12.414107  32.819061  111.493033
0.685310  0.000000  0.000000  0.000000  -22.041700  -2.114363  29.336507  61.793076  11.161187  -6.526567  62.723414  33.923058  -12.414107  32.819061  111.493033
0.685984  0.000000  0.000000  0.000000  -22.041700  -2.114363  33.265078  62.099972  7.693874  -8.399168  62.723414  33.923058  -12.414107  32.819061  111.493033
0.686658  0.000000  0.000000  0.000000  -22.041700  -2.114363  37.193650  62.291243  4.218574  -10.241321  62.723414  33.923058  -12.414107  32.819061  111.493033
0.687332  0.000000  0.000000  0.000000  -21.070498  12.930180  -22.173031  33.695507  25.185668  23.712909  32.122988  24.512058  -32.234861  11.945527  114.363006
0.688005  0.000000  0.000000  0.000000  -21.070498  12.930180  -18.244459  35.144077  22.964267  20.163529  32.122988  24.512058  -32.234861  11.945527  114.363006
0.688679  0.000000  0.000000  0.000000  -21.070498  12.930180  -14.315888  36.420304  20.666469  16.730817  32.122988  24.512058  -32.234861  11.945527  114.363006
0.689353  0.000000  0.000000  0.000000  -21.070498  12.930180  -10.387317  37.531225  18.302827  13.401841  32.122988  24.512058  -32.234861  11.945527  114.363006
0.690027  0.000000  0.000000  0.000000  -21.070498  12.930180  -6.458745  38.483481  15.883092  10.163545  32.122988  24.512058  -32.234861  11.945527  114.363006
0.690701  0.000000  0.000000  0.000000  -21.070498  12.930180  -2.530174  39.283208  13.416336  7.002905  32.122988  24.512058  -32.234861  11.945527  114.363006
0.691375  0.000000  0.000000  0.000000  -21.070498  12.930180  1.398398  39.935831  10.911041  3.907029  32.122988  24.512058  -32.234861  11.945527  114.363006
0.692049  0.000000  0.000000  0.000000  -21.070498  12.930180  5.326969  40.445943  8.375187  0.863225  32.122988  24.512058  -32.234861  11.945527  114.363006
0.692722  0.000000  0.000000  0.000000  -21.070498  12.930180  9.255541  40.817223  5.816339  -2.140982  32.122988  24.512058  -32.234861  11.945527  114.363006
0.693396  0.000000  0.000000  0.000000  -21.070498  12.930180  13.184112  41.052405  3.241757  -5.117892  32.122988  24.512058  -32.234861  11.945527  114.363006
0.694070  0.000000  0.000000  0.000000  -21.070498  12.930180  17.112683  41.153240  0.658494  -8.079653  32.122988  24.512058  -32.234861  11.945527  114.363006
0.694744  0.000000  0.000000  0.000000  -21.070498  12.930180  21.041255  41.120487  -1.926535  -11.038355  32.122988  24.512058  -32.234861  11.945527  114.363006
0.695418  0.000000  0.000000  0.000000  -21.070498  12.930180  24.969826  40.953894  -4.506409  -14.006035  32.122988  24.512058  -32.234861  11.945527  114.363006
0.696092  0.000000  0.000000  0.000000  -21.070498  12.930180  28.898398  40.652219  -7.074161  -16.994810  32.122988  24.512058  -32.234861  11.945527  114.363006
0.696765  0.000000  0.000000  0.000000  -21.070498  12.930180  32.826969  40.213230  -9.622652  -20.016897  32.122988  24.512058  -32.234861  11.945527  114.363006
0.697439  0.000000  0.000000  0.000000  -17.603912  1.646834  -23.500523  38.722359  34.579503  23.539088  73.328047  18.240997  -47.973226  20.781087  103.525137
0.698113  0.000000  0.000000  0.000000  -17.603912  1.646834  -19.571952  40.710083  32.068237  19.922616  73.328047  18.240997  -47.973226  20.781087  103.525137
0.698787  0.000000  0.000000  0.000000  -17.603912  1.646834  -15.643380  42.460014  29.459844  16.503102  73.328047  18.240997  -47.973226  20.781087  103.525137
0.699461  0.000000  0.000000  0.000000  -17.603912  1.646834  -11.714809  43.990072  26.768499  13.257728  73.328047  18.240997  -47.973226  20.781087  103.525137
0.700135  0.000000  0.000000  0.000000  -17.603912  1.646834  -7.786237  45.316888  24.006698  10.164551  73.328047  18.240997  -47.973226  20.781087  103.525137
0.700809  0.000000  0.000000  0.000000  -17.603912  1.646834  -3.857666  46.455438  21.185471  7.202809  73.328047  18.240997  -47.973226  20.781087  103.525137
0.701482  0.000000  0.000000  0.000000  -17.603912  1.646834  0.070906  47.418928  18.314610  4.352988  73.328047  18.240997  -47.973226  20.781087  103.525137
0.702156  0.000000  0.000000  0.000000  -17.603912  1.646834  3.999477  48.218640  15.402860  1.596857  73.328047  18.240997  -47.973226  20.781087  103.525137
0.702830  0.000000  0.000000  0.000000  -17.603912  1.646834  7.928048  48.864063  12.458102  -1.082707  73.328047  18.240997  -47.973226  20.781087  103.525137
0.703504  0.000000  0.000000  0.000000  -17.603912  1.646834  11.856620  49.362837  9.487545  -3.701815  73.328047  18.240997  -47.973226  20.781087  103.525137
0.704178  0.000000  0.000000  0.000000  -17.603912  1.646834  15.785191  49.720919  6.497866  -6.275750  73.328047  18.240997  -47.973226  20.781087  103.525137
0.704852  0.000000  0.000000  0.000000  -17.603912  1.646834  19.713763  49.942554  3.495331  -8.819200  73.328047  18.240997  -47.973226  20.781087  103.525137
0.705526  0.000000  0.000000  0.000000  -17.603912  1.646834  23.642334  50.030386  0.485983  -11.346388  73.328047  18.240997  -47.973226  20.781087  103.525137
0.706199  0.000000  0.000000  0.000000  -17.603912  1.646834  27.570906  49.985451  -2.524310  -13.871307  73.328047  18.240997  -47.973226  20.781087  103.525137
0.706873  0.000000  0.000000  0.000000  -17.603912  1.646834  31.499477  49.807221  -5.529689  -16.407959  73.328047  18.240997  -47.973226  20.781087  103.525137
0.707547  0.000000  0.000000  0.000000  -10.272133  15.749574  -24.188264  31.571257  29.835851  34.735951  43.667101  27.952202  -14.989370  25.637360  101.311147
0.708221  0.000000  0.000000  0.000000  -10.272133  15.749574  -20.259692  33.392463  27.725226  30.954940  43.667101  27.952202  -14.989370  25.637360  101.311147
0.708895  0.000000  0.000000  0.000000  -10.272133  15.749574  -16.331121  35.021578  25.515827  27.320817  43.667101  27.952202  -14.989370  25.637360  101.311147
0.709569  0.000000  0.000000  0.000000  -10.272133  15.749574  -12.402550  36.466434  23.220119  23.820557  43.667101  27.952202  -14.989370  25.637360  101.311147
0.710243  0.000000  0.000000  0.000000  -10.272133  15.749574  -8.473978  37.735113  20.849591  20.440494  43.667101  27.952202  -14.989370  25.637360  101.311147
0.710916  0.000000  0.000000  0.000000  -10.272133  15.749574  -4.545407  38.835572  18.414837  17.166691  43.667101  27.952202  -14.989370  25.637360  101.311147
0.711590  0.000000  0.000000  0.000000  -10.272133  15.749574  -0.616835  39.775212  15.925602  13.985252  43.667101  27.952202  -14.989370  25.637360  101.311147
0.712264  0.000000  0.000000  0.000000  -10.272133  15.749574  3.311736  40.560756  13.390914  10.882447  43.667101  27.952202  -14.989370  25.637360  101.311147
0.712938  0.000000  0.000000  0.000000  -10.272133  15.749574  7.240308  41.198083  10.819170  7.844783  43.667101  27.952202  -14.989370  25.637360  101.311147
0.713612  0.000000  0.000000  0.000000  -10.272133  15.749574  11.168879  41.692060  8.218247  4.859100  43.667101  27.952202  -14.989370  25.637360  101.311147
0.714286  0.000000  0.000000  0.000000  -10.272133  15.749574  15.097450  42.046572  5.595600  1.912481  43.667101  27.952202  -14.989370  25.637360  101.311147
0.714960  0.000000  0.000000  0.000000  -10.272133  15.749574  19.026022  42.264460  2.958381  -1.007753  43.667101  27.952202  -14.989370  25.637360  101.311147
0.715633  0.000000  0.000000  0.000000  -10.272133  15.749574  22.954593  42.347474  0.313534  -3.914104  43.667101  27.952202  -14.989370  25.637360  101.311147
0.716307  0.000000  0.000000  0.000000  -10.272133  15.749574  26.883165  42.296281  -2.332113  -6.818975  43.667101  27.952202  -14.989370  25.637360  101.311147
0.716981  0.000000  0.000000  0.000000  -10.272133  15.749574  30.811736  42.110466  -4.971758  -9.734783  43.667101  27.952202  -14.989370  25.637360  101.311147
0.717655  0.000000  0.000000  0.000000  -35.414741  14.729460  -24.188264  34.382971  15.395610  20.682788  64.321188  24.795159  -34.825558  11.997644  107.764936
0.718329  0.000000  0.000000  0.000000  -35.414741  14.729460  -20.259692  35.204113  13.153229  17.353994  64.321188  24.795159  -34.825558  11.997644  107.764936
0.719003  0.000000  0.000000  0.000000  -35.414741  14.729460  -16.331121  35.884473  10.868791  14.086098  64.321188  24.795159  -34.825558  11.997644  107.764936
0.719677  0.000000  0.000000  0.000000  -35.414741  14.729460  -12.402550  36.427426  8.550370  10.868225  64.321188  24.795159  -34.825558  11.997644  107.764936
0.720350  0.000000  0.000000  0.000000  -35.414741  14.729460  -8.473978  36.835818  6.205715  7.689485  64.321188  24.795159  -34.825558  11.997644  107.764936
0.721024  0.000000  0.000000  0.000000  -35.414741  14.729460  -4.545407  37.111840  3.842278  4.539025  64.321188  24.795159  -34.825558  11.997644  107.764936
0.721698  0.000000  0.000000  0.000000  -35.414741  14.729460  -0.616835  37.257024  1.467325  1.406015  64.321188  24.795159  -34.825558  11.997644  107.764936
0.722372  0.000000  0.000000  0.000000  -35.414741  14.729460  3.311736  37.272182  -0.912003  -1.720340  64.321188  24.795159  -34.825558  11.997644  107.764936
0.723046  0.000000  0.000000  0.000000  -35.414741  14.729460  7.240308  37.157399  -3.288613  -4.850831  64.321188  24.795159  -34.825558  11.997644  107.764936
0.723720  0.000000  0.000000  0.000000  -35.414741  14.729460  11.168879  36.912031  -5.655383  -7.996250  64.321188  24.795159  -34.825558  11.997644  107.764936
0.724394  0.000000  0.000000  0.000000  -35.414741  14.729460  15.097450  36.534715  -8.005083  -11.167417  64.321188  24.795159  -34.825558  11.997644  107.764936
0.725067  0.000000  0.000000  0.000000  -35.414741  14.729460  19.026022  36.023407  -10.330309  -14.375181  64.321188  24.795159  -34.825558  11.997644  107.764936
0.725741  0.000000  0.000000  0.000000  -35.414741  14.729460  22.954593  35.375406  -12.623389  -17.630425  64.321188  24.795159  -34.825558  11.997644  107.764936
0.726415  0.000000  0.000000  0.000000  -35.414741  14.729460  26.883165  34.587458  -14.876333  -20.944034  64.321188  24.795159  -34.825558  11.997644  107.764936
0.727089  0.000000  0.000000  0.000000  -35.414741  14.729460  30.811736  33.655830  -17.080730  -24.326822  64.321188  24.795159  -34.825558  11.997644  107.764936
0.727763  0.000000  0.000000  0.000000  -35.026408  8.602406  -24.422598  35.520463  26.338413  22.444790  55.444014  21.563922  -21.941196  25.407348  114.233540
0.728437  0.000000  0.000000  0.000000  -35.026408  8.602406  -20.494026  37.010019  24.013780  18.944889  55.444014  21.563922  -21.941196  25.407348  114.233540
0.729111  0.000000  0.000000  0.000000  -35.026408  8.602406  -16.565455  38.318671  21.612541  15.571272  55.444014  21.563922  -21.941196  25.407348  114.233540
0.729784  0.000000  0.000000  0.000000  -35.026408  8.602406  -12.636883  39.455098  19.145535  12.309347  55.444014  21.563922  -21.941196  25.407348  114.233540
0.730458  0.000000  0.000000  0.000000  -35.026408  8.602406  -8.708312  40.427439  16.622715  9.144580  55.444014  21.563922  -21.941196  25.407348  114.233540
0.731132  0.000000  0.000000  0.000000  -35.026408  8.602406  -4.779740  41.243024  14.053239  6.062701  55.444014  21.563922  -21.941196  25.407348  114.233540
0.731806  0.000000  0.000000  0.000000  -35.026408  8.602406  -0.851169  41.908255  11.445587  3.049770  55.444014  21.563922  -21.941196  25.407348  114.233540
0.732480  0.000000  0.000000  0.000000  -35.026408  8.602406  3.077402  42.428522  8.807697  0.092182  55.444014  21.563922  -21.941196  25.407348  114.233540
0.733154  0.000000  0.000000  0.000000  -35.026408  8.602406  7.005974  42.808110  6.147037  -2.823313  55.444014  21.563922  -21.941196  25.407348  114.233540
0.733827  0.000000  0.000000  0.000000  -35.026408  8.602406  10.934545  43.050200  3.470743  -5.709701  55.444014  21.563922  -21.941196  25.407348  114.233540
0.734501  0.000000  0.000000  0.000000  -35.026408  8.602406  14.863117  43.156834  0.785719  -8.579745  55.444014  21.563922  -21.941196  25.407348  114.233540
0.735175  0.000000  0.000000  0.000000  -35.026408  8.602406  18.791688  43.128918  -1.901281  -11.446109  55.444014  21.563922  -21.941196  25.407348  114.233540
0.735849  0.000000  0.000000  0.000000  -35.026408  8.602406  22.720260  42.966211  -4.583506  -14.321398  55.444014  21.563922  -21.941196  25.407348  114.233540
0.736523  0.000000  0.000000  0.000000  -35.026408  8.602406  26.648831  42.667339  -7.254155  -17.218313  55.444014  21.563922  -21.941196  25.407348  114.233540
0.737197  0.000000  0.000000  0.000000  -35.026408  8.602406  30.577402  42.229786  -9.906243  -20.149696  55.444014  21.563922  -21.941196  25.407348  114.233540
0.737871  0.000000  0.000000  0.000000  -16.694755  16.261708  -24.422598  25.292091  35.176771  37.018622  70.626424  10.671203  -19.078436  11.537808  112.182311
0.738544  0.000000  0.000000  0.000000  -16.694755  16.261708  -20.494026  27.691708  33.423415  32.762250  70.626424  10.671203  -19.078436  11.537808  112.182311
0.739218  0.000000  0.000000  0.000000  -16.694755  16.261708  -16.565455  29.884213  31.530616  28.680863  70.626424  10.671203  -19.078436  11.537808  112.182311
0.739892  0.000000  0.000000  0.000000  -16.694755  16.261708  -12.636883  31.872939  29.513505  24.766780  70.626424  10.671203  -19.078436  11.537808  112.182311
0.740566  0.000000  0.000000  0.000000  -16.694755  16.261708  -8.708312  33.663580  27.386346  21.009701  70.626424  10.671203  -19.078436  11.537808  112.182311
0.741240  0.000000  0.000000  0.000000  -16.694755  16.261708  -4.779740  35.263300  25.162436  17.397549  70.626424  10.671203  -19.078436  11.537808  112.182311
0.741914  0.000000  0.000000  0.000000  -16.694755  16.261708  -0.851169  36.680007  22.854083  13.917162  70.626424  10.671203  -19.078436  11.537808  112.182311
0.742588  0.000000  0.000000  0.000000  -16.694755  16.261708  3.077402  37.921810  20.472635  10.554800  70.626424  10.671203  -19.078436  11.537808  112.182311
0.743261  0.000000  0.000000  0.000000  -16.694755  16.261708  7.005974  38.996566  18.028537  7.296531  70.626424  10.671203  -19.078436  11.537808  112.182311
0.743935  0.000000  0.000000  0.000000  -16.694755  16.261708  10.934545  39.911609  15.531426  4.128460  70.626424  10.671203  -19.078436  11.537808  112.182311
0.744609  0.000000  0.000000  0.000000  -16.694755  16.261708  14.863117  40.673536  12.990219  1.036888  70.626424  10.671203  -19.078436  11.537808  112.182311
0.745283  0.000000  0.000000  0.000000  -16.694755  16.261708  18.791688  41.288060  10.413226  -1.991613  70.626424  10.671203  -19.078436  11.537808  112.182311
0.745957  0.000000  0.000000  0.000000  -16.694755  16.261708  22.720260  41.759916  7.808255  -4.970183  70.626424  10.671203  -19.078436  11.537808  112.182311
0.746631  0.000000  0.000000  0.000000  -16.694755  16.261708  26.648831  42.092845  5.182690  -7.911678  70.626424  10.671203  -19.078436  11.537808  112.182311
0.747305  0.000000  0.000000  0.000000  -16.694755  16.261708  30.577402  42.289468  2.543671  -10.828766  70.626424  10.671203  -19.078436  11.537808  112.182311
0.747978  0.000000  0.000000  0.000000  -22.087049  9.873335  -22.631537  35.772306  36.238170  33.376079  36.470087  24.396303  -58.738178  24.487568  105.650712
0.748652  0.000000  0.000000  0.000000  -22.087049  9.873335  -18.702965  37.978611  33.879700  29.536920  36.470087  24.396303  -58.738178  24.487568  105.650712
0.749326  0.000000  0.000000  0.000000  -22.087049  9.873335  -14.774394  39.936492  31.408683  25.909022  36.470087  24.396303  -58.738178  24.487568  105.650712
0.750000  0.000000  0.000000  0.000000  -22.087049  9.873335  -10.845822  41.662876  28.840820  22.470854  36.470087  24.396303  -58.738178  24.487568  105.650712
0.750674  0.000000  0.000000  0.000000  -22.087049  9.873335  -6.917251  43.174262  26.190038  19.200940  36.470087  24.396303  -58.738178  24.487568  105.650712
0.751348  0.000000  0.000000  0.000000  -22.087049  9.873335  -2.988680  44.486068  23.468675  16.078462  36.470087  24.396303  -58.738178  24.487568  105.650712
0.752022  0.000000  0.000000  0.000000  -22.087049  9.873335  0.939892  45.612338  20.687694  13.083539  36.470087  24.396303  -58.738178  24.487568  105.650712
0.752695  0.000000  0.000000  0.000000  -22.087049  9.873335  4.868463  46.565393  17.856862  10.197428  36.470087  24.396303  -58.738178  24.487568  105.650712
0.753369  0.000000  0.000000  0.000000  -22.087049  9.873335  8.797035  47.355910  14.984929  7.402421  36.470087  24.396303  -58.738178  24.487568  105.650712
0.754043  0.000000  0.000000  0.000000  -22.087049  9.873335  12.725606  47.992820  12.079858  4.681885  36.470087  24.396303  -58.738178  24.487568  105.650712
0.754717  0.000000  0.000000  0.000000  -22.087049  9.873335  16.654178  48.483371  9.148926  2.020042  36.470087  24.396303  -58.738178  24.487568  105.650712
0.755391  0.000000  0.000000  0.000000  -22.087049  9.873335  20.582749  48.833172  6.198904  -0.598129  36.470087  24.396303  -58.738178  24.487568  105.650712
0.756065  0.000000  0.000000  0.000000  -22.087049  9.873335  24.511320  49.046200  3.236181  -3.187113  36.470087  24.396303  -58.738178  24.487568  105.650712
0.756739  0.000000  0.000000  0.000000  -22.087049  9.873335  28.439892  49.124911  0.266905  -5.760972  36.470087  24.396303  -58.738178  24.487568  105.650712
0.757412  0.000000  0.000000  0.000000  -22.087049  9.873335  32.368463  49.070198  -2.702907  -8.333589  36.470087  24.396303  -58.738178  24.487568  105.650712
0.758086  0.000000  0.000000  0.000000  -19.326031  7.962293  -22.631537  34.171110  38.603760  30.416935  71.348103  24.023731  24.708832  16.902480  116.290614
0.758760  0.000000  0.000000  0.000000  -19.326031  7.962293  -18.702965  36.626425  36.326966  26.382305  71.348103  24.023731  24.708832  16.902480  116.290614
0.759434  0.000000  0.000000  0.000000  -19.326031  7.962293  -14.774394  38.813429  33.922435  22.582955  71.348103  24.023731  24.708832  16.902480  116.290614
0.760108  0.000000  0.000000  0.000000  -19.326031  7.962293  -10.845822  40.749889  31.407741  18.996800  71.348103  24.023731  24.708832  16.902480  116.290614
0.760782  0.000000  0.000000  0.000000  -19.326031  7.962293  -6.917251  42.453757  28.798505  15.601273  71.348103  24.023731  24.708832  16.902480  116.290614
0.761456  0.000000  0.000000  0.000000  -19.326031  7.962293  -2.988680  43.942272  26.108536  12.374141  71.348103  24.023731  24.708832  16.902480  116.290614
0.762129  0.000000  0.000000  0.000000  -19.326031  7.962293  0.939892  45.231420  23.349985  9.294004  71.348103  24.023731  24.708832  16.902480  116.290614
0.762803  0.000000  0.000000  0.000000  -19.326031  7.962293  4.868463  46.335540  20.533676  6.340632  71.348103  24.023731  24.708832  16.902480  116.290614
0.763477  0.000000  0.000000  0.000000  -19.326031  7.962293  8.797035  47.267218  17.669183  3.494976  71.348103  24.023731  24.708832  16.902480  116.290614
0.764151  0.000000  0.000000  0.000000  -19.326031  7.962293  12.725606  48.037235  14.765113  0.739188  71.348103  24.023731  24.708832  16.902480  116.290614
0.764825  0.000000  0.000000  0.000000  -19.326031  7.962293  16.654178  48.654571  11.829248  -1.943516  71.348103  24.023731  24.708832  16.902480  116.290614
0.765499  0.000000  0.000000  0.000000  -19.326031  7.962293  20.582749  49.126453  8.868723  -4.568986  71.348103  24.023731  24.708832  16.902480  116.290614
0.766173  0.000000  0.000000  0.000000  -19.326031  7.962293  24.511320  49.458435  5.890167  -7.152295  71.348103  24.023731  24.708832  16.902480  116.290614
0.766846  0.000000  0.000000  0.000000  -19.326031  7.962293  28.439892  49.654372  2.899850  -9.707991  71.348103  24.023731  24.708832  16.902480  116.290614
0.767520  0.000000  0.000000  0.000000  -19.326031  7.962293  32.368463  49.716595  -0.096194  -12.250181  71.348103  24.023731  24.708832  16.902480  116.290614
0.768194  0.000000  0.000000  0.000000  -12.410034  15.400478  -22.646259  33.253665  14.068508  20.870695  25.540556  -0.149096  37.941791  26.488734  106.821001
0.768868  0.000000  0.000000  0.000000  -12.410034  15.400478  -18.717687  34.007955  11.892069  17.514075  25.540556  -0.149096  37.941791  26.488734  106.821001
0.769542  0.000000  0.000000  0.000000  -12.410034  15.400478  -14.789116  34.626246  9.676624  14.211202  25.540556  -0.149096  37.941791  26.488734  106.821001
0.770216  0.000000  0.000000  0.000000  -12.410034  15.400478  -10.860544  35.111223  7.430054  10.951897  25.540556  -0.149096  37.941791  26.488734  106.821001
0.770889  0.000000  0.000000  0.000000  -12.410034  15.400478  -6.931973  35.465099  5.159960  7.725923  25.540556  -0.149096  37.941791  26.488734  106.821001
0.771563  0.000000  0.000000  0.000000  -12.410034  15.400478  -3.003402  35.689569  2.873713  4.523040  25.540556  -0.149096  37.941791  26.488734  106.821001
0.772237  0.000000  0.000000  0.000000  -12.410034  15.400478  0.925170  35.785704  0.578542  1.332984  25.540556  -0.149096  37.941791  26.488734  106.821001
0.772911  0.000000  0.000000  0.000000  -12.410034  15.400478  4.853741  35.753984  -1.718421  -1.854491  25.540556  -0.149096  37.941791  26.488734  106.821001
0.773585  0.000000  0.000000  0.000000  -12.410034  15.400478  8.782313  35.594249  -4.010057  -5.049634  25.540556  -0.149096  37.941791  26.488734  106.821001
0.774259  0.000000  0.000000  0.000000  -12.410034  15.400478  12.710884  35.305723  -6.289198  -8.262697  25.540556  -0.149096  37.941791  26.488734  106.821001
0.774933  0.000000  0.000000  0.000000  -12.410034  15.400478  16.639456  34.887011  -8.548546  -11.503933  25.540556  -0.149096  37.941791  26.488734  106.821001
0.775606  0.000000  0.000000  0.000000  -12.410034  15.400478  20.568027  34.336178  -10.780638  -14.783584  25.540556  -0.149096  37.941791  26.488734  106.821001
0.776280  0.000000  0.000000  0.000000  -12.410034  15.400478  24.496598  33.650744  -12.977727  -18.111868  25.540556  -0.149096  37.941791  26.488734  106.821001
0.776954  0.000000  0.000000  0.000000  -12.410034  15.400478  28.425170  32.827835  -15.131774  -21.498914  25.540556  -0.149096  37.941791  26.488734  106.821001
0.777628  0.000000  0.000000  0.000000  -12.410034  15.400478  32.353741  31.864251  -17.234343  -24.954678  25.540556  -0.149096  37.941791  26.488734  106.821001
0.778302  0.000000  0.000000  0.000000  -17.935806  13.091089  -18.917286  33.045237  17.052796  17.463154  24.444915  -1.852608  47.606418  13.676352  96.722613
0.778976  0.000000  0.000000  0.000000  -17.935806  13.091089  -14.988714  33.982851  14.883013  14.056421  24.444915  -1.852608  47.606418  13.676352  96.722613
0.779650  0.000000  0.000000  0.000000  -17.935806  13.091089  -11.060143  34.777957  12.663959  10.718331  24.444915  -1.852608  47.606418  13.676352  96.722613
0.780323  0.000000  0.000000  0.000000  -17.935806  13.091089  -7.131571  35.434085  10.404042  7.438364  24.444915  -1.852608  47.606418  13.676352  96.722613
0.780997  0.000000  0.000000  0.000000  -17.935806  13.091089  -3.203000  35.954343  8.111265  4.205903  24.444915  -1.852608  47.606418  13.676352  96.722613
0.781671  0.000000  0.000000  0.000000  -17.935806  13.091089  0.725571  36.341326  5.793310  1.010305  24.444915  -1.852608  47.606418  13.676352  96.722613
0.782345  0.000000  0.000000  0.000000  -17.935806  13.091089  4.654143  36.597024  3.457609  -2.159066  24.444915  -1.852608  47.606418  13.676352  96.722613
0.783019  0.000000  0.000000  0.000000  -17.935806  13.091089  8.582714  36.722799  1.111407  -5.312828  24.444915  -1.852608  47.606418  13.676352  96.722613
0.783693  0.000000  0.000000  0.000000  -17.935806  13.091089  12.511286  36.719316  -1.238154  -8.461579  24.444915  -1.852608  47.606418  13.676352  96.722613
0.784367  0.000000  0.000000  0.000000  -17.935806  13.091089  16.439857  36.586554  -3.583972  -11.615911  24.444915  -1.852608  47.606418  13.676352  96.722613
0.785040  0.000000  0.000000  0.000000  -17.935806  13.091089  20.368429  36.323810  -5.918903  -14.786429  24.444915  -1.852608  47.606418  13.676352  96.722613
0.785714  0.000000  0.000000  0.000000  -17.935806  13.091089  24.297000  35.929687  -8.235686  -17.983744  24.444915  -1.852608  47.606418  13.676352  96.722613
0.786388  0.000000  0.000000  0.000000  -17.935806  13.091089  28.225571  35.402175  -10.526893  -21.218496  24.444915  -1.852608  47.606418  13.676352  96.722613
0.787062  0.000000  0.000000  0.000000  -17.935806  13.091089  32.154143  34.738631  -12.784813  -24.501329  24.444915  -1.852608  47.606418  13.676352  96.722613
0.787736  0.000000  0.000000  0.000000  -17.935806  13.091089  36.082714  33.935930  -15.001431  -27.842859  24.444915  -1.852608  47.606418  13.676352  96.722613
0.788410  0.000000  0.000000  0.000000  -21.094521  9.072981  -18.917286  35.345730  36.767652  34.073529  45.532906  2.607091  -25.385416  17.853676  97.427264
0.789084  0.000000  0.000000  0.000000  -21.094521  9.072981  -14.988714  37.608284  34.431076  30.188531  45.532906  2.607091  -25.385416  17.853676  97.427264
0.789757  0.000000  0.000000  0.000000  -21.094521  9.072981  -11.060143  39.618293  31.978440  26.519891  45.532906  2.607091  -25.385416  17.853676  97.427264
0.790431  0.000000  0.000000  0.000000  -21.094521  9.072981  -7.131571  41.392800  29.425861  23.046033  45.532906  2.607091  -25.385416  17.853676  97.427264
0.791105  0.000000  0.000000  0.000000  -21.094521  9.072981  -3.203000  42.948578  26.787637  19.745294  45.532906  2.607091  -25.385416  17.853676  97.427264
0.791779  0.000000  0.000000  0.000000  -21.094521  9.072981  0.725571  44.301397  24.076429  16.596597  45.532906  2.607091  -25.385416  17.853676  97.427264
0.792453  0.000000  0.000000  0.000000  -21.094521  9.072981  4.654143  45.465702  21.303473  13.579771  45.532906  2.607091  -25.385416  17.853676  97.427264
0.793127  0.000000  0.000000  0.000000  -21.094521  9.072981  8.582714  46.454227  18.478769  10.675780  45.532906  2.607091  -25.385416  17.853676  97.427264
0.793801  0.000000  0.000000  0.000000  -21.094521  9.072981  12.511286  47.278055  15.611256  7.866655  45.532906  2.607091  -25.385416  17.853676  97.427264
0.794474  0.000000  0.000000  0.000000  -21.094521  9.072981  16.439857  47.946513  12.709050  5.135522  45.532906  2.607091  -25.385416  17.853676  97.427264
0.795148  0.000000  0.000000  0.000000  -21.094521  9.072981  20.368429  48.467235  9.779538  2.466387  45.532906  2.607091  -25.385416  17.853676  97.427264
0.795822  0.000000  0.000000  0.000000  -21.094521  9.072981  24.297000  48.846191  6.829586  -0.155910  45.532906  2.607091  -25.385416  17.853676  97.427264
0.796496  0.000000  0.000000  0.000000  -21.094521  9.072981  28.225571  49.087691  3.865633  -2.745991  45.532906  2.607091  -25.385416  17.853676  97.427264
0.797170  0.000000  0.000000  0.000000  -21.094521  9.072981  32.154143  49.194540  0.893864  -5.317986  45.532906  2.607091  -25.385416  17.853676  97.427264
0.797844  0.000000  0.000000  0.000000  -21.094521  9.072981  36.082714  49.167954  -2.079699  -7.885824  45.532906  2.607091  -25.385416  17.853676  97.427264
0.798518  0.000000  0.000000  0.000000  -13.242280  1.283512  -18.967421  41.510957  31.389923  19.630626  53.805510  0.283792  32.158341  30.334176  111.267583
0.799191  0.000000  0.000000  0.000000  -13.242280  1.283512  -15.038850  43.192380  28.742472  16.276109  53.805510  0.283792  32.158341  30.334176  111.267583
0.799865  0.000000  0.000000  0.000000  -13.242280  1.283512  -11.110278  44.658398  26.016359  13.089842  53.805510  0.283792  32.158341  30.334176  111.267583
0.800539  0.000000  0.000000  0.000000  -13.242280  1.283512  -7.181707  45.925421  23.223611  10.049978  53.805510  0.283792  32.158341  30.334176  111.267583
0.801213  0.000000  0.000000  0.000000  -13.242280  1.283512  -3.253135  47.008092  20.374836  7.135937  53.805510  0.283792  32.158341  30.334176  111.267583
0.801887  0.000000  0.000000  0.000000  -13.242280  1.283512  0.675436  47.919207  17.479466  4.328450  53.805510  0.283792  32.158341  30.334176  111.267583
0.802561  0.000000  0.000000  0.000000  -13.242280  1.283512  4.604007  48.669598  14.545929  1.609532  53.805510  0.283792  32.158341  30.334176  111.267583
0.803235  0.000000  0.000000  0.000000  -13.242280  1.283512  8.532579  49.268271  11.581856  -1.037687  53.805510  0.283792  32.158341  30.334176  111.267583
0.803908  0.000000  0.000000  0.000000  -13.242280  1.283512  12.461150  49.722420  8.594238  -3.629116  53.805510  0.283792  32.158341  30.334176  111.267583
0.804582  0.000000  0.000000  0.000000  -13.242280  1.283512  16.389722  50.037497  5.589573  -6.179879  53.805510  0.283792  32.158341  30.334176  111.267583
0.805256  0.000000  0.000000  0.000000  -13.242280  1.283512  20.318293  50.217295  2.574016  -8.704533  53.805510  0.283792  32.158341  30.334176  111.267583
0.805930  0.000000  0.000000  0.000000  -13.242280  1.283512  24.246865  50.263967  -0.446510  -11.217251  53.805510  0.283792  32.158341  30.334176  111.267583
0.806604  0.000000  0.000000  0.000000  -13.242280  1.283512  28.175436  50.178073  -3.466170  -13.732032  53.805510  0.283792  32.158341  30.334176  111.267583
0.807278  0.000000  0.000000  0.000000  -13.242280  1.283512  32.104007  49.958587  -6.479135  -16.262921  53.805510  0.283792  32.158341  30.334176  111.267583
0.807951  0.000000  0.000000  0.000000  -13.242280  1.283512  36.032579  49.602867  -9.479411  -18.824165  53.805510  0.283792  32.158341  30.334176  111.267583
0.808625  0.000000  0.000000  0.000000  -25.429596  15.387756  -18.967421  32.911920  20.975603  22.173759  54.068438  18.012839  -35.599048  12.659655  110.831091
0.809299  0.000000  0.000000  0.000000  -25.429596  15.387756  -15.038850  34.097644  18.806299  18.690280  54.068438  18.012839  -35.599048  12.659655  110.831091
0.809973  0.000000  0.000000  0.000000  -25.429596  15.387756  -11.110278  35.129313  16.574050  15.296739  54.068438  18.012839  -35.599048  12.659655  110.831091
0.810647  0.000000  0.000000  0.000000  -25.429596  15.387756  -7.181707  36.011721  14.288123  11.981922  54.068438  18.012839  -35.599048  12.659655  110.831091
0.811321  0.000000  0.000000  0.000000  -25.429596  15.387756  -3.253135  36.749352  11.957261  8.734446  54.068438  18.012839  -35.599048  12.659655  110.831091
0.811995  0.000000  0.000000  0.000000  -25.429596  15.387756  0.675436  37.346218  9.589747  5.542877  54.068438  18.012839  -35.599048  12.659655  110.831091
0.812668  0.000000  0.000000  0.000000  -25.429596  15.387756  4.604007  37.805707  7.193445  2.395831  54.068438  18.012839  -35.599048  12.659655  110.831091
0.813342  0.000000  0.000000  0.000000  -25.429596  15.387756  8.532579  38.130514  4.775899  -0.718017  54.068438  18.012839  -35.599048  12.659655  110.831091
0.814016  0.000000  0.000000  0.000000  -25.429596  15.387756  12.461150  38.322599  2.344421  -3.809920  54.068438  18.012839  -35.599048  12.659655  110.831091
0.814690  0.000000  0.000000  0.000000  -25.429596  15.387756  16.389722  38.383137  -0.093858  -6.891084  54.068438  18.012839  -35.599048  12.659655  110.831091
0.815364  0.000000  0.000000  0.000000  -25.429596  15.387756  20.318293  38.312500  -2.531866  -9.972679  54.068438  18.012839  -35.599048  12.659655  110.831091
0.816038  0.000000  0.000000  0.000000  -25.429596  15.387756  24.246865  38.110252  -4.962532  -13.065875  54.068438  18.012839  -35.599048  12.659655  110.831091
0.816712  0.000000  0.000000  0.000000  -25.429596  15.387756  28.175436  37.775156  -7.378703  -16.181876  54.068438  18.012839  -35.599048  12.659655  110.831091
0.817385  0.000000  0.000000  0.000000  -25.429596  15.387756  32.104007  37.305205  -9.773062  -19.331945  54.068438  18.012839  -35.599048  12.659655  110.831091
0.818059  0.000000  0.000000  0.000000  -25.429596  15.387756  36.032579  36.697621  -12.138041  -22.527415  54.068438  18.012839  -35.599048  12.659655  110.831091
0.818733  0.000000  0.000000  0.000000  -25.121225  15.059605  -18.967421  34.759294  30.651696  30.973239  39.379775  13.752584  25.579902  25.687778  95.815321
0.819407  0.000000  0.000000  0.000000  -25.121225  15.059605  -15.038850  36.566364  28.360404  27.305857  39.379775  13.752584  25.579902  25.687778  95.815321
0.820081  0.000000  0.000000  0.000000  -25.121225  15.059605  -11.110278  38.169448  25.975208  23.796558  39.379775  13.752584  25.579902  25.687778  95.815321
0.820755  0.000000  0.000000  0.000000  -25.121225  15.059605  -7.181707  39.579500  23.508799  20.429107  39.379775  13.752584  25.579902  25.687778  95.815321
0.821429  0.000000  0.000000  0.000000  -25.121225  15.059605  -3.253135  40.807136  20.972694  17.187184  39.379775  13.752584  25.579902  25.687778  95.815321
0.822102  0.000000  0.000000  0.000000  -25.121225  15.059605  0.675436  41.862316  18.377361  14.054683  39.379775  13.752584  25.579902  25.687778  95.815321
0.822776  0.000000  0.000000  0.000000  -25.121225  15.059605  4.604007  42.753962  15.732325  11.015963  39.379775  13.752584  25.579902  25.687778  95.815321
0.823450  0.000000  0.000000  0.000000  -25.121225  15.059605  8.532579  43.489924  13.046321  8.055883  39.379775  13.752584  25.579902  25.687778  95.815321
0.824124  0.000000  0.000000  0.000000  -25.121225  15.059605  12.461150  44.076856  10.327423  5.159815  39.379775  13.752584  25.579902  25.687778  95.815321
0.824798  0.000000  0.000000  0.000000  -25.121225  15.059605  16.389722  44.520107  7.583148  2.313668  39.379775  13.752584  25.579902  25.687778  95.815321
0.825472  0.000000  0.000000  0.000000  -25.121225  15.059605  20.318293  44.823817  4.820620  -0.496289  39.379775  13.752584  25.579902  25.687778  95.815321
0.826146  0.000000  0.000000  0.000000  -25.121225  15.059605  24.246865  44.990828  2.046654  -3.283432  39.379775  13.752584  25.579902  25.687778  95.815321
0.826819  0.000000  0.000000  0.000000  -25.121225  15.059605  28.175436  45.022703  -0.732141  -6.060934  39.379775  13.752584  25.579902  25.687778  95.815321
0.827493  0.000000  0.000000  0.000000  -25.121225  15.059605  32.104007  44.919745  -3.509210  -8.841881  39.379775  13.752584  25.579902  25.687778  95.815321
0.828167  0.000000  0.000000  0.000000  -25.121225  15.059605  36.032579  44.680984  -6.277986  -11.639390  39.379775  13.752584  25.579902  25.687778  95.815321
0.828841  0.000000  0.000000  0.000000  -12.704698  12.556800  -19.038073  33.117594  25.529734  22.116067  42.561247  0.351337  -2.353109  21.997484  109.820888
0.829515  0.000000  0.000000  0.000000  -12.704698  12.556800  -15.109502  34.600478  23.340151  18.532915  42.561247  0.351337  -2.353109  21.997484  109.820888
0.830189  0.000000  0.000000  0.000000  -12.704698  12.556800  -11.180930  35.910576  21.071745  15.068055  42.561247  0.351337  -2.353109  21.997484  109.820888
0.830863  0.000000  0.000000  0.000000  -12.704698  12.556800  -7.252359  37.054698  18.735191  11.708852  42.561247  0.351337  -2.353109  21.997484  109.820888
0.831536  0.000000  0.000000  0.000000  -12.704698  12.556800  -3.323788  38.039446  16.340394  8.442427  42.561247  0.351337  -2.353109  21.997484  109.820888
0.832210  0.000000  0.000000  0.000000  -12.704698  12.556800  0.604784  38.870931  13.896555  5.255899  42.561247  0.351337  -2.353109  21.997484  109.820888
0.832884  0.000000  0.000000  0.000000  -12.704698  12.556800  4.533355  39.554621  11.412271  2.136478  42.561247  0.351337  -2.353109  21.997484  109.820888
0.833558  0.000000  0.000000  0.000000  -12.704698  12.556800  8.461927  40.095207  8.895634  -0.928458  42.561247  0.351337  -2.353109  21.997484  109.820888
0.834232  0.000000  0.000000  0.000000  -12.704698  12.556800  12.390498  40.496495  6.354295  -3.951327  42.561247  0.351337  -2.353109  21.997484  109.820888
0.834906  0.000000  0.000000  0.000000  -12.704698  12.556800  16.319070  40.761382  3.795589  -6.944377  42.561247  0.351337  -2.353109  21.997484  109.820888
0.835580  0.000000  0.000000  0.000000  -12.704698  12.556800  20.247641  40.891802  1.226625  -9.919700  42.561247  0.351337  -2.353109  21.997484  109.820888
0.836253  0.000000  0.000000  0.000000  -12.704698  12.556800  24.176212  40.888716  -1.345642  -12.889315  42.561247  0.351337  -2.353109  21.997484  109.820888
0.836927  0.000000  0.000000  0.000000  -12.704698  12.556800  28.104784  40.752105  -3.914289  -15.865195  42.561247  0.351337  -2.353109  21.997484  109.820888
0.837601  0.000000  0.000000  0.000000  -12.704698  12.556800  32.033355  40.480952  -6.472347  -18.859357  42.561247  0.351337  -2.353109  21.997484  109.820888
0.838275  0.000000  0.000000  0.000000  -12.704698  12.556800  35.961927  40.073288  -9.012705  -21.883902  42.561247  0.351337  -2.353109  21.997484  109.820888
0.838949  0.000000  0.000000  0.000000  -17.119692  12.855955  -19.038073  33.944598  16.229767  20.097500  53.974099  8.796102  -27.976614  16.294360  105.416668
0.839623  0.000000  0.000000  0.000000  -17.119692  12.855955  -15.109502  34.820989  14.010581  16.739227  53.974099  8.796102  -27.976614  16.294360  105.416668
0.840296  0.000000  0.000000  0.000000  -17.119692  12.855955  -11.180930  35.555347  11.746047  13.445891  53.974099  8.796102  -27.976614  16.294360  105.416668
0.840970  0.000000  0.000000  0.000000  -17.119692  12.855955  -7.252359  36.151197  9.444402  10.206690  53.974099  8.796102  -27.976614  16.294360  105.416668
0.841644  0.000000  0.000000  0.000000  -17.119692  12.855955  -3.323788  36.611617  7.113540  7.010746  53.974099  8.796102  -27.976614  16.294360  105.416668
0.842318  0.000000  0.000000  0.000000  -17.119692  12.855955  0.604784  36.938999  4.760988  3.847248  53.974099  8.796102  -27.976614  16.294360  105.416668
0.842992  0.000000  0.000000  0.000000  -17.119692  12.855955  4.533355  37.135140  2.394092  0.705381  53.974099  8.796102  -27.976614  16.294360  105.416668
0.843666  0.000000  0.000000  0.000000  -17.119692  12.855955  8.461927  37.201127  0.020042  -2.425644  53.974099  8.796102  -27.976614  16.294360  105.416668
0.844340  0.000000  0.000000  0.000000  -17.119692  12.855955  12.390498  37.137330  -2.354090  -5.556560  53.974099  8.796102  -27.976614  16.294360  105.416668
0.845013  0.000000  0.000000  0.000000  -17.119692  12.855955  16.319070  36.943386  -4.721167  -8.698151  53.974099  8.796102  -27.976614  16.294360  105.416668
0.845687  0.000000  0.000000  0.000000  -17.119692  12.855955  20.247641  36.618236  -7.074021  -11.861199  53.974099  8.796102  -27.976614  16.294360  105.416668
0.846361  0.000000  0.000000  0.000000  -17.119692  12.855955  24.176212  36.160093  -9.405322  -15.056497  53.974099  8.796102  -27.976614  16.294360  105.416668
0.847035  0.000000  0.000000  0.000000  -17.119692  12.855955  28.104784  35.566537  -11.707512  -18.294887  53.974099  8.796102  -27.976614  16.294360  105.416668
0.847709  0.000000  0.000000  0.000000  -17.119692  12.855955  32.033355  34.834542  -13.972740  -21.587221  53.974099  8.796102  -27.976614  16.294360  105.416668
0.848383  0.000000  0.000000  0.000000  -17.119692  12.855955  35.961927  33.960577  -16.192758  -24.944310  53.974099  8.796102  -27.976614  16.294360  105.416668
0.849057  0.000000  0.000000  0.000000  -14.028476  8.642247  -18.932550  34.577637  25.159641  18.234826  97.295506  12.011889  -33.020774  26.471837  105.960038
0.849730  0.000000  0.000000  0.000000  -14.028476  8.642247  -15.003978  36.007523  22.889133  14.724300  97.295506  12.011889  -33.020774  26.471837  105.960038
0.850404  0.000000  0.000000  0.000000  -14.028476  8.642247  -11.075407  37.263607  20.544127  11.331165  97.295506  12.011889  -33.020774  26.471837  105.960038
0.851078  0.000000  0.000000  0.000000  -14.028476  8.642247  -7.146835  38.353417  18.135123  8.041913  97.295506  12.011889  -33.020774  26.471837  105.960038
0.851752  0.000000  0.000000  0.000000  -14.028476  8.642247  -3.218264  39.283967  15.671805  4.843023  97.295506  12.011889  -33.020774  26.471837  105.960038
0.852426  0.000000  0.000000  0.000000  -14.028476  8.642247  0.710308  40.061646  13.163153  1.721093  97.295506  12.011889  -33.020774  26.471837  105.960038
0.853100  0.000000  0.000000  0.000000  -14.028476  8.642247  4.638879  40.692046  10.617556  -1.337075  97.295506  12.011889  -33.020774  26.471837  105.960038
0.853774  0.000000  0.000000  0.000000  -14.028476  8.642247  8.567450  41.179845  8.042899  -4.344431  97.295506  12.011889  -33.020774  26.471837  105.960038
0.854447  0.000000  0.000000  0.000000  -14.028476  8.642247  12.496022  41.528739  5.446654  -7.313670  97.295506  12.011889  -33.020774  26.471837  105.960038
0.855121  0.000000  0.000000  0.000000  -14.028476  8.642247  16.424593  41.741419  2.835998  -10.257284  97.295506  12.011889  -33.020774  26.471837  105.960038
0.855795  0.000000  0.000000  0.000000  -14.028476  8.642247  20.353165  41.819541  0.217915  -13.187604  97.295506  12.011889  -33.020774  26.471837  105.960038
0.856469  0.000000  0.000000  0.000000  -14.028476  8.642247  24.281736  41.763719  -2.400758  -16.116934  97.295506  12.011889  -33.020774  26.471837  105.960038
0.857143  0.000000  0.000000  0.000000  -14.028476  8.642247  28.210308  41.573511  -5.013130  -19.057485  97.295506  12.011889  -33.020774  26.471837  105.960038
0.857817  0.000000  0.000000  0.000000  -14.028476  8.642247  32.138879  41.247433  -7.612259  -22.021597  97.295506  12.011889  -33.020774  26.471837  105.960038
0.858491  0.000000  0.000000  0.000000  -14.028476  8.642247  36.067450  40.782981  -10.191019  -25.021736  97.295506  12.011889  -33.020774  26.471837  105.960038
0.859164  0.000000  0.000000  0.000000  -26.910455  8.608493  -18.932550  37.248966  12.839165  12.960742  70.258536  -3.282717  -42.535841  21.947415  104.085260
0.859838  0.000000  0.000000  0.000000  -26.910455  8.608493  -15.003978  37.890731  10.443176  9.781734  70.258536  -3.282717  -42.535841  21.947415  104.085260
0.860512  0.000000  0.000000  0.000000  -26.910455  8.608493  -11.075407  38.393002  8.016235  6.651673  70.258536  -3.282717  -42.535841  21.947415  104.085260
0.861186  0.000000  0.000000  0.000000  -26.910455  8.608493  -7.146835  38.758893  5.565972  3.558915  70.258536  -3.282717  -42.535841  21.947415  104.085260
0.861860  0.000000  0.000000  0.000000  -26.910455  8.608493  -3.218264  38.990715  3.099728  0.491914  70.258536  -3.282717  -42.535841  21.947415  104.085260
0.862534  0.000000  0.000000  0.000000  -26.910455  8.608493  0.710308  39.089962  0.624663  -2.560792  70.258536  -3.282717  -42.535841  21.947415  104.085260
0.863208  0.000000  0.000000  0.000000  -26.910455  8.608493  4.638879  39.057277  -1.852172  -5.610624  70.258536  -3.282717  -42.535841  21.947415  104.085260
0.863881  0.000000  0.000000  0.000000  -26.910455  8.608493  8.567450  38.892449  -4.323750  -8.668986  70.258536  -3.282717  -42.535841  21.947415  104.085260
0.864555  0.000000  0.000000  0.000000  -26.910455  8.608493  12.496022  38.594415  -6.782976  -11.747318  70.258536  -3.282717  -42.535841  21.947415  104.085260
0.865229  0.000000  0.000000  0.000000  -26.910455  8.608493  16.424593  38.161257  -9.222615  -14.857116  70.258536  -3.282717  -42.535841  21.947415  104.085260
0.865903  0.000000  0.000000  0.000000  -26.910455  8.608493  20.353165  37.590260  -11.635182  -18.009985  70.258536  -3.282717  -42.535841  21.947415  104.085260
0.866577  0.000000  0.000000  0.000000  -26.910455  8.608493  24.281736  36.877991  -14.012898  -21.217593  70.258536  -3.282717  -42.535841  21.947415  104.085260
0.867251  0.000000  0.000000  0.000000  -26.910455  8.608493  28.210308  36.020236  -16.347545  -24.491732  70.258536  -3.282717  -42.535841  21.947415  104.085260
0.867925  0.000000  0.000000  0.000000  -26.910455  8.608493  32.138879  35.012289  -18.630474  -27.844193  70.258536  -3.282717  -42.535841  21.947415  104.085260
0.868598  0.000000  0.000000  0.000000  -26.910455  8.608493  36.067450  33.848958  -20.852427  -31.286706  70.258536  -3.282717  -42.535841  21.947415  104.085260
0.869272  0.000000  0.000000  0.000000  -15.482617  14.212186  -18.932550  30.153809  28.786041  28.327629  65.902223  -7.126602  -28.132551  22.706709  103.588336
0.869946  0.000000  0.000000  0.000000  -15.482617  14.212186  -15.003978  31.927224  26.759472  24.523425  65.902223  -7.126602  -28.132551  22.706709  103.588336
0.870620  0.000000  0.000000  0.000000  -15.482617  14.212186  -11.075407  33.518338  24.634992  20.855672  65.902223  -7.126602  -28.132551  22.706709  103.588336
0.871294  0.000000  0.000000  0.000000  -15.482617  14.212186  -7.146835  34.933315  22.424582  17.312976  65.902223  -7.126602  -28.132551  22.706709  103.588336
0.871968  0.000000  0.000000  0.000000  -15.482617  14.212186  -3.218264  36.178764  20.139393  13.883154  65.902223  -7.126602  -28.132551  22.706709  103.588336
0.872642  0.000000  0.000000  0.000000  -15.482617  14.212186  0.710308  37.261325  17.789784  10.553583  65.902223  -7.126602  -28.132551  22.706709  103.588336
0.873315  0.000000  0.000000  0.000000  -15.482617  14.212186  4.638879  38.187309  15.385370  7.311497  65.902223  -7.126602  -28.132551  22.706709  103.588336
0.873989  0.000000  0.000000  0.000000  -15.482617  14.212186  8.567450  38.962514  12.935116  4.144142  65.902223  -7.126602  -28.132551  22.706709  103.588336
0.874663  0.000000  0.000000  0.000000  -15.482617  14.212186  12.496022  39.592072  10.447422  1.038860  65.902223  -7.126602  -28.132551  22.706709  103.588336
0.875337  0.000000  0.000000  0.000000  -15.482617  14.212186  16.424593  40.080247  7.930194  -2.016779  65.902223  -7.126602  -28.132551  22.706709  103.588336
0.876011  0.000000  0.000000  0.000000  -15.482617  14.212186  20.353165  40.430493  5.390976  -5.035087  65.902223  -7.126602  -28.132551  22.706709  103.588336
0.876685  0.000000  0.000000  0.000000  -15.482617  14.212186  24.281736  40.645321  2.837012  -8.028179  65.902223  -7.126602  -28.132551  22.706709  103.588336
0.877358  0.000000  0.000000  0.000000  -15.482617  14.212186  28.210308  40.726285  0.275360  -11.008046  65.902223  -7.126602  -28.132551  22.706709  103.588336
0.878032  0.000000  0.000000  0.000000  -15.482617  14.212186  32.138879  40.673972  -2.287036  -13.986640  65.902223  -7.126602  -28.132551  22.706709  103.588336
0.878706  0.000000  0.000000  0.000000  -15.482617  14.212186  36.067450  40.488001  -4.843240  -16.975875  65.902223  -7.126602  -28.132551  22.706709  103.588336
0.879380  0.000000  0.000000  0.000000  -8.575638  8.675453  -18.932550  34.208016  25.616046  21.363560  91.303636  -10.860829  -3.166687  29.924988  98.589778
0.880054  0.000000  0.000000  0.000000  -8.575638  8.675453  -15.003978  35.675613  23.365203  17.824925  91.303636  -10.860829  -3.166687  29.924988  98.589778
0.880728  0.000000  0.000000  0.000000  -8.575638  8.675453  -11.075407  36.967953  21.037494  14.406367  91.303636  -10.860829  -3.166687  29.924988  98.589778
0.881402  0.000000  0.000000  0.000000  -8.575638  8.675453  -7.146835  38.092545  18.643582  11.094472  91.303636  -10.860829  -3.166687  29.924988  98.589778
0.882075  0.000000  0.000000  0.000000  -8.575638  8.675453  -3.218264  39.056526  16.193321  7.875718  91.303636  -10.860829  -3.166687  29.924988  98.589778
0.882749  0.000000  0.000000  0.000000  -8.575638  8.675453  0.710308  39.866413  13.695836  4.736694  91.303636  -10.860829  -3.166687  29.924988  98.589778
0.883423  0.000000  0.000000  0.000000  -8.575638  8.675453  4.638879  40.527953  11.159631  1.664180  91.303636  -10.860829  -3.166687  29.924988  98.589778
0.884097  0.000000  0.000000  0.000000  -8.575638  8.675453  8.567450  41.046016  8.592695  -1.354813  91.303636  -10.860829  -3.166687  29.924988  98.589778
0.884771  0.000000  0.000000  0.000000  -8.575638  8.675453  12.496022  41.424497  6.002580  -4.333013  91.303636  -10.860829  -3.166687  29.924988  98.589778
0.885445  0.000000  0.000000  0.000000  -8.575638  8.675453  16.424593  41.666303  3.396520  -7.282943  91.303636  -10.860829  -3.166687  29.924988  98.589778
0.886119  0.000000  0.000000  0.000000  -8.575638  8.675453  20.353165  41.773305  0.781533  -10.216953  91.303636  -10.860829  -3.166687  29.924988  98.589778
0.886792  0.000000  0.000000  0.000000  -8.575638  8.675453  24.281736  41.746342  -1.835508  -13.147319  91.303636  -10.860829  -3.166687  29.924988  98.589778
0.887466  0.000000  0.000000  0.000000  -8.575638  8.675453  28.210308  41.585189  -4.447726  -16.086248  91.303636  -10.860829  -3.166687  29.924988  98.589778
0.888140  0.000000  0.000000  0.000000  -8.575638  8.675453  32.138879  41.288620  -7.048221  -19.046085  91.303636  -10.860829  -3.166687  29.924988  98.589778
0.888814  0.000000  0.000000  0.000000  -8.575638  8.675453  36.067450  40.854322  -9.629885  -22.039200  91.303636  -10.860829  -3.166687  29.924988  98.589778
0.889488  0.000000  0.000000  0.000000  -31.439484  8.813669  -18.932550  37.652814  27.064177  21.191362  15.172597  5.820362  2.639280  21.438611  109.552117
0.890162  0.000000  0.000000  0.000000  -31.439484  8.813669  -15.003978  39.144717  24.623224  17.770531  15.172597  5.820362  2.639280  21.438611  109.552117
0.890836  0.000000  0.000000  0.000000  -31.439484  8.813669  -11.075407  40.449277  22.107921  14.482694  15.172597  5.820362  2.639280  21.438611  109.552117
0.891509  0.000000  0.000000  0.000000  -31.439484  8.813669  -7.146835  41.576876  19.529167  11.311513  15.172597  5.820362  2.639280  21.438611  109.552117
0.892183  0.000000  0.000000  0.000000  -31.439484  8.813669  -3.218264  42.537027  16.896881  8.241021  15.172597  5.820362  2.639280  21.438611  109.552117
0.892857  0.000000  0.000000  0.000000  -31.439484  8.813669  0.710308  43.338125  14.220110  5.255774  15.172597  5.820362  2.639280  21.438611  109.552117
0.893531  0.000000  0.000000  0.000000  -31.439484  8.813669  4.638879  43.987385  11.507172  2.340880  15.172597  5.820362  2.639280  21.438611  109.552117
0.894205  0.000000  0.000000  0.000000  -31.439484  8.813669  8.567450  44.490785  8.765812  -0.518050  15.172597  5.820362  2.639280  21.438611  109.552117
0.894879  0.000000  0.000000  0.000000  -31.439484  8.813669  12.496022  44.853009  6.003284  -3.334928  15.172597  5.820362  2.639280  21.438611  109.552117
0.895553  0.000000  0.000000  0.000000  -31.439484  8.813669  16.424593  45.077466  3.226499  -6.123303  15.172597  5.820362  2.639280  21.438611  109.552117
0.896226  0.000000  0.000000  0.000000  -31.439484  8.813669  20.353165  45.166276  0.442134  -8.896461  15.172597  5.820362  2.639280  21.438611  109.552117
0.896900  0.000000  0.000000  0.000000  -31.439484  8.813669  24.281736  45.120284  -2.343267  -11.667529  15.172597  5.820362  2.639280  21.438611  109.552117
0.897574  0.000000  0.000000  0.000000  -31.439484  8.813669  28.210308  44.939048  -5.123171  -14.449643  15.172597  5.820362  2.639280  21.438611  109.552117
0.898248  0.000000  0.000000  0.000000  -31.439484  8.813669  32.138879  44.620855  -7.890955  -17.256021  15.172597  5.820362  2.639280  21.438611  109.552117
0.898922  0.000000  0.000000  0.000000  -31.439484  8.813669  36.067450  44.162717  -10.639803  -20.100115  15.172597  5.820362  2.639280  21.438611  109.552117
0.899596  0.000000  0.000000  0.000000  -11.414579  14.314800  -18.932550  33.023893  32.776836  34.684979  13.198458  0.454495  -42.162316  11.669851  95.052148
0.900270  0.000000  0.000000  0.000000  -11.414579  14.314800  -15.003978  35.033829  30.577434  30.859225  13.198458  0.454495  -42.162316  11.669851  95.052148
0.900943  0.000000  0.000000  0.000000  -11.414579  14.314800  -11.075407  36.828815  28.271211  27.207163  13.198458  0.454495  -42.162316  11.669851  95.052148
0.901617  0.000000  0.000000  0.000000  -11.414579  14.314800  -7.146835  38.419807  25.872070  23.712902  13.198458  0.454495  -42.162316  11.669851  95.052148
0.902291  0.000000  0.000000  0.000000  -11.414579  14.314800  -3.218264  39.817928  23.392641  20.360015  13.198458  0.454495  -42.162316  11.669851  95.052148
0.902965  0.000000  0.000000  0.000000  -11.414579  14.314800  0.710308  41.033905  20.844379  17.132048  13.198458  0.454495  -42.162316  11.669851  95.052148
0.903639  0.000000  0.000000  0.000000  -11.414579  14.314800  4.638879  42.077739  18.237684  14.012811  13.198458  0.454495  -42.162316  11.669851  95.052148
0.904313  0.000000  0.000000  0.000000  -11.414579  14.314800  8.567450  42.958386  15.582030  10.986598  13.198458  0.454495  -42.162316  11.669851  95.052148
0.904987  0.000000  0.000000  0.000000  -11.414579  14.314800  12.496022  43.683699  12.886076  8.038202  13.198458  0.454495  -42.162316  11.669851  95.052148
0.905660  0.000000  0.000000  0.000000  -11.414579  14.314800  16.424593  44.260281  10.157853  5.152996  13.198458  0.454495  -42.162316  11.669851  95.052148
0.906334  0.000000  0.000000  0.000000  -11.414579  14.314800  20.353165  44.693481  7.404846  2.316855  13.198458  0.454495  -42.162316  11.669851  95.052148
0.907008  0.000000  0.000000  0.000000  -11.414579  14.314800  24.281736  44.987328  4.634117  -0.483971  13.198458  0.454495  -42.162316  11.669851  95.052148
0.907682  0.000000  0.000000  0.000000  -11.414579  14.314800  28.210308  45.144623  1.852455  -3.262870  13.198458  0.454495  -42.162316  11.669851  95.052148
0.908356  0.000000  0.000000  0.000000  -11.414579  14.314800  32.138879  45.166848  -0.933547  -6.033045  13.198458  0.454495  -42.162316  11.669851  95.052148
0.909030  0.000000  0.000000  0.000000  -11.414579  14.314800  36.067450  45.054212  -3.717364  -8.807613  13.198458  0.454495  -42.162316  11.669851  95.052148
0.909704  0.000000  0.000000  0.000000  -25.968997  10.549969  -18.932550  36.415716  8.404672  14.118337  92.313672  -10.095116  51.404964  29.821649  103.539747
0.910377  0.000000  0.000000  0.000000  -25.968997  10.549969  -15.003978  36.816059  6.060880  10.939985  92.313672  -10.095116  51.404964  29.821649  103.539747
0.911051  0.000000  0.000000  0.000000  -25.968997  10.549969  -11.075407  37.084201  3.698739  7.789225  92.313672  -10.095116  51.404964  29.821649  103.539747
0.911725  0.000000  0.000000  0.000000  -25.968997  10.549969  -7.146835  37.221632  1.325510  4.655265  92.313672  -10.095116  51.404964  29.821649  103.539747
0.912399  0.000000  0.000000  0.000000  -25.968997  10.549969  -3.218264  37.229110  -1.051676  1.527308  92.313672  -10.095116  51.404964  29.821649  103.539747
0.913073  0.000000  0.000000  0.000000  -25.968997  10.549969  0.710308  37.106680  -3.425725  -1.605414  92.313672  -10.095116  51.404964  29.821649  103.539747
0.913747  0.000000  0.000000  0.000000  -25.968997  10.549969  4.638879  36.853660  -5.789505  -4.753682  92.313672  -10.095116  51.404964  29.821649  103.539747
0.914420  0.000000  0.000000  0.000000  -25.968997  10.549969  8.567450  36.468652  -8.135787  -7.928307  92.313672  -10.095116  51.404964  29.821649  103.539747
0.915094  0.000000  0.000000  0.000000  -25.968997  10.549969  12.496022  35.949561  -10.457147  -11.140116  92.313672  -10.095116  51.404964  29.821649  103.539747
0.915768  0.000000  0.000000  0.000000  -25.968997  10.549969  16.424593  35.293691  -12.745896  -14.399980  92.313672  -10.095116  51.404964  29.821649  103.539747
0.916442  0.000000  0.000000  0.000000  -25.968997  10.549969  20.353165  34.497762  -14.994029  -17.718752  92.313672  -10.095116  51.404964  29.821649  103.539747
0.917116  0.000000  0.000000  0.000000  -25.968997  10.549969  24.281736  33.558018  -17.193103  -21.107252  92.313672  -10.095116  51.404964  29.821649  103.539747
0.917790  0.000000  0.000000  0.000000  -25.968997  10.549969  28.210308  32.470417  -19.334252  -24.576110  92.313672  -10.095116  51.404964  29.821649  103.539747
0.918464  0.000000  0.000000  0.000000  -25.968997  10.549969  32.138879  31.230787  -21.408091  -28.135648  92.313672  -10.095116  51.404964  29.821649  103.539747
0.919137  0.000000  0.000000  0.000000  -25.968997  10.549969  36.067450  29.835052  -23.404664  -31.795709  92.313672  -10.095116  51.404964  29.821649  103.539747
0.919811  0.000000  0.000000  0.000000  -35.103912  14.491684  -18.892897  33.507692  26.067410  26.598068  29.227050  8.189412  15.381456  28.625874  106.132369
0.920485  0.000000  0.000000  0.000000  -35.103912  14.491684  -14.964325  35.019654  23.854833  23.016889  29.227050  8.189412  15.381456  28.625874  106.132369
0.921159  0.000000  0.000000  0.000000  -35.103912  14.491684  -11.035754  36.355519  21.562293  19.558079  29.227050  8.189412  15.381456  28.625874  106.132369
0.921833  0.000000  0.000000  0.000000  -35.103912  14.491684  -7.107182  37.522596  19.200643  16.208541  29.227050  8.189412  15.381456  28.625874  106.132369
0.922507  0.000000  0.000000  0.000000  -35.103912  14.491684  -3.178611  38.527954  16.779929  12.954968  29.227050  8.189412  15.381456  28.625874  106.132369
0.923181  0.000000  0.000000  0.000000  -35.103912  14.491684  0.749960  39.378117  14.309452  9.784089  29.227050  8.189412  15.381456  28.625874  106.132369
0.923854  0.000000  0.000000  0.000000  -35.103912  14.491684  4.678532  40.078917  11.797870  6.682784  29.227050  8.189412  15.381456  28.625874  106.132369
0.924528  0.000000  0.000000  0.000000  -35.103912  14.491684  8.607103  40.635365  9.253316  3.638123  29.227050  8.189412  15.381456  28.625874  106.132369
0.925202  0.000000  0.000000  0.000000  -35.103912  14.491684  12.535675  41.051537  6.683457  0.637434  29.227050  8.189412  15.381456  28.625874  106.132369
0.925876  0.000000  0.000000  0.000000  -35.103912  14.491684  16.464246  41.330556  4.095624  -2.331767  29.227050  8.189412  15.381456  28.625874  106.132369
0.926550  0.000000  0.000000  0.000000  -35.103912  14.491684  20.392818  41.474539  1.496924  -5.281767  29.227050  8.189412  15.381456  28.625874  106.132369
0.927224  0.000000  0.000000  0.000000  -35.103912  14.491684  24.321389  41.484591  -1.105760  -8.224792  29.227050  8.189412  15.381456  28.625874  106.132369
0.927898  0.000000  0.000000  0.000000  -35.103912  14.491684  28.249960  41.360790  -3.705515  -11.172976  29.227050  8.189412  15.381456  28.625874  106.132369
0.928571  0.000000  0.000000  0.000000  -35.103912  14.491684  32.178532  41.102175  -6.295426  -14.138507  29.227050  8.189412  15.381456  28.625874  106.132369
0.929245  0.000000  0.000000  0.000000  -35.103912  14.491684  36.107103  40.706793  -8.868444  -17.133671  29.227050  8.189412  15.381456  28.625874  106.132369
0.929919  0.000000  0.000000  0.000000  -8.826655  15.764498  -18.892897  30.061072  24.643149  20.974697  8.034623  -6.018777  49.841431  20.381969  108.150597
0.930593  0.000000  0.000000  0.000000  -8.826655  15.764498  -14.964325  31.538572  22.630818  17.291270  8.034623  -6.018777  49.841431  20.381969  108.150597
0.931267  0.000000  0.000000  0.000000  -8.826655  15.764498  -11.035754  32.854268  20.536853  13.716247  8.034623  -6.018777  49.841431  20.381969  108.150597
0.931941  0.000000  0.000000  0.000000  -8.826655  15.764498  -7.107182  34.012782  18.371635  10.239387  8.034623  -6.018777  49.841431  20.381969  108.150597
0.932615  0.000000  0.000000  0.000000  -8.826655  15.764498  -3.178611  35.018832  16.144904  6.849912  8.034623  -6.018777  49.841431  20.381969  108.150597
0.933288  0.000000  0.000000  0.000000  -8.826655  15.764498  0.749960  35.877032  13.865818  3.536740  8.034623  -6.018777  49.841431  20.381969  108.150597
0.933962  0.000000  0.000000  0.000000  -8.826655  15.764498  4.678532  36.591693  11.543040  0.288608  8.034623  -6.018777  49.841431  20.381969  108.150597
0.934636  0.000000  0.000000  0.000000  -8.826655  15.764498  8.607103  37.166630  9.184770  -2.905777  8.034623  -6.018777  49.841431  20.381969  108.150597
0.935310  0.000000  0.000000  0.000000  -8.826655  15.764498  12.535675  37.605043  6.798813  -6.057672  8.034623  -6.018777  49.841431  20.381969  108.150597
0.935984  0.000000  0.000000  0.000000  -8.826655  15.764498  16.464246  37.909473  4.392676  -9.178301  8.034623  -6.018777  49.841431  20.381969  108.150597
0.936658  0.000000  0.000000  0.000000  -8.826655  15.764498  20.392818  38.081724  1.973665  -12.278805  8.034623  -6.018777  49.841431  20.381969  108.150597
0.937332  0.000000  0.000000  0.000000  -8.826655  15.764498  24.321389  38.122812  -0.451124  -15.370270  8.034623  -6.018777  49.841431  20.381969  108.150597
0.938005  0.000000  0.000000  0.000000  -8.826655  15.764498  28.249960  38.033001  -2.874587  -18.463806  8.034623  -6.018777  49.841431  20.381969  108.150597
0.938679  0.000000  0.000000  0.000000  -8.826655  15.764498  32.178532  37.811744  -5.289653  -21.570490  8.034623  -6.018777  49.841431  20.381969  108.150597
0.939353  0.000000  0.000000  0.000000  -8.826655  15.764498  36.107103  37.457723  -7.689140  -24.701442  8.034623  -6.018777  49.841431  20.381969  108.150597
0.940027  0.000000  0.000000  0.000000  -11.533110  13.863395  -18.892897  32.438558  20.011564  19.747479  68.143753  14.530246  -35.539378  28.964108  99.455953
0.940701  0.000000  0.000000  0.000000  -11.533110  13.863395  -14.964325  33.569675  17.870981  16.264389  68.143753  14.530246  -35.539378  28.964108  99.455953
0.941375  0.000000  0.000000  0.000000  -11.533110  13.863395  -11.035754  34.550871  15.670053  12.865363  68.143753  14.530246  -35.539378  28.964108  99.455953
0.942049  0.000000  0.000000  0.000000  -11.533110  13.863395  -7.107182  35.386420  13.417831  9.539635  68.143753  14.530246  -35.539378  28.964108  99.455953
0.942722  0.000000  0.000000  0.000000  -11.533110  13.863395  -3.178611  36.080276  11.122852  6.276291  68.143753  14.530246  -35.539378  28.964108  99.455953
0.943396  0.000000  0.000000  0.000000  -11.533110  13.863395  0.749960  36.635968  8.793256  3.064321  68.143753  14.530246  -35.539378  28.964108  99.455953
0.944070  0.000000  0.000000  0.000000  -11.533110  13.863395  4.678532  37.056451  6.436805  -0.107266  68.143753  14.530246  -35.539378  28.964108  99.455953
0.944744  0.000000  0.000000  0.000000  -11.533110  13.863395  8.607103  37.344037  4.060983  -3.249436  68.143753  14.530246  -35.539378  28.964108  99.455953
0.945418  0.000000  0.000000  0.000000  -11.533110  13.863395  12.535675  37.500350  1.673063  -6.373111  68.143753  14.530246  -35.539378  28.964108  99.455953
0.946092  0.000000  0.000000  0.000000  -11.533110  13.863395  16.464246  37.526283  -0.719819  -9.489183  68.143753  14.530246  -35.539378  28.964108  99.455953
0.946765  0.000000  0.000000  0.000000  -11.533110  13.863395  20.392818  37.421985  -3.110559  -12.608522  68.143753  14.530246  -35.539378  28.964108  99.455953
0.947439  0.000000  0.000000  0.000000  -11.533110  13.863395  24.321389  37.186860  -5.492065  -15.742017  68.143753  14.530246  -35.539378  28.964108  99.455953
0.948113  0.000000  0.000000  0.000000  -11.533110  13.863395  28.249960  36.819564  -7.857113  -18.900570  68.143753  14.530246  -35.539378  28.964108  99.455953
0.948787  0.000000  0.000000  0.000000  -11.533110  13.863395  32.178532  36.318074  -10.198326  -22.095133  68.143753  14.530246  -35.539378  28.964108  99.455953
0.949461  0.000000  0.000000  0.000000  -11.533110  13.863395  36.107103  35.679656  -12.508047  -25.336695  68.143753  14.530246  -35.539378  28.964108  99.455953
0.950135  0.000000  0.000000  0.000000  -27.871046  17.487569  -18.892897  36.558637  10.267004  17.877411  54.307236  3.193081  21.658664  30.165140  105.493202
0.950809  0.000000  0.000000  0.000000  -27.871046  17.487569  -14.964325  37.062049  7.912512  14.692319  54.307236  3.193081  21.658664  30.165140  105.493202
0.951482  0.000000  0.000000  0.000000  -27.871046  17.487569  -11.035754  37.430864  5.534166  11.543588  54.307236  3.193081  21.658664  30.165140  105.493202
0.952156  0.000000  0.000000  0.000000  -27.871046  17.487569  -7.107182  37.667160  3.139342  8.420170  54.307236  3.193081  21.658664  30.165140  105.493202
0.952830  0.000000  0.000000  0.000000  -27.871046  17.487569  -3.178611  37.772316  0.735253  5.311069  54.307236  3.193081  21.658664  30.165140  105.493202
0.953504  0.000000  0.000000  0.000000  -27.871046  17.487569  0.749960  37.746943  -1.670996  2.205319  54.307236  3.193081  21.658664  30.165140  105.493202
0.954178  0.000000  0.000000  0.000000  -27.871046  17.487569  4.678532  37.590894  -4.072328  -0.908044  54.307236  3.193081  21.658664  30.165140  105.493202
0.954852  0.000000  0.000000  0.000000  -27.871046  17.487569  8.607103  37.303259  -6.461608  -4.039998  54.307236  3.193081  21.658664  30.165140  105.493202
0.955526  0.000000  0.000000  0.000000  -27.871046  17.487569  12.535675  36.882378  -8.831569  -7.201558  54.307236  3.193081  21.658664  30.165140  105.493202
0.956199  0.000000  0.000000  0.000000  -27.871046  17.487569  16.464246  36.325887  -11.174728  -10.403786  54.307236  3.193081  21.658664  30.165140  105.493202
0.956873  0.000000  0.000000  0.000000  -27.871046  17.487569  20.392818  35.630761  -13.483322  -13.657786  54.307236  3.193081  21.658664  30.165140  105.493202
0.957547  0.000000  0.000000  0.000000  -27.871046  17.487569  24.321389  34.793374  -15.749200  -16.974688  54.307236  3.193081  21.658664  30.165140  105.493202
0.958221  0.000000  0.000000  0.000000  -27.871046  17.487569  28.249960  33.809661  -17.963810  -20.365546  54.307236  3.193081  21.658664  30.165140  105.493202
0.958895  0.000000  0.000000  0.000000  -27.871046  17.487569  32.178532  32.675214  -20.118084  -23.841272  54.307236  3.193081  21.658664  30.165140  105.493202
0.959569  0.000000  0.000000  0.000000  -27.871046  17.487569  36.107103  31.385519  -22.202393  -27.412462  54.307236  3.193081  21.658664  30.165140  105.493202
0.960243  0.000000  0.000000  0.000000  -17.755772  6.776049  -18.925455  35.019893  19.341964  16.709094  86.331602  9.437193  40.289426  25.854919  104.918039
0.960916  0.000000  0.000000  0.000000  -17.755772  6.776049  -14.996883  36.071249  17.057397  13.344445  86.331602  9.437193  40.289426  25.854919  104.918039
0.961590  0.000000  0.000000  0.000000  -17.755772  6.776049  -11.068312  36.970246  14.718793  10.062077  86.331602  9.437193  40.289426  25.854919  104.918039
0.962264  0.000000  0.000000  0.000000  -17.755772  6.776049  -7.139740  37.721903  12.334972  6.850015  86.331602  9.437193  40.289426  25.854919  104.918039
0.962938  0.000000  0.000000  0.000000  -17.755772  6.776049  -3.211169  38.330668  9.914256  3.696328  86.331602  9.437193  40.289426  25.854919  104.918039
0.963612  0.000000  0.000000  0.000000  -17.755772  6.776049  0.717402  38.800322  7.464538  0.589157  86.331602  9.437193  40.289426  25.854919  104.918039
0.964286  0.000000  0.000000  0.000000  -17.755772  6.776049  4.645974  39.133831  4.993372  -2.483245  86.331602  9.437193  40.289426  25.854919  104.918039
0.964960  0.000000  0.000000  0.000000  -17.755772  6.776049  8.574545  39.333390  2.508028  -5.532506  86.331602  9.437193  40.289426  25.854919  104.918039
0.965633  0.000000  0.000000  0.000000  -17.755772  6.776049  12.503117  39.400317  0.015615  -8.570185  86.331602  9.437193  40.289426  25.854919  104.918039
0.966307  0.000000  0.000000  0.000000  -17.755772  6.776049  16.431688  39.335049  -2.476840  -11.607791  86.331602  9.437193  40.289426  25.854919  104.918039
0.966981  0.000000  0.000000  0.000000  -17.755772  6.776049  20.360260  39.137155  -4.962318  -14.656837  86.331602  9.437193  40.289426  25.854919  104.918039
0.967655  0.000000  0.000000  0.000000  -17.755772  6.776049  24.288831  38.805326  -7.433710  -17.728876  86.331602  9.437193  40.289426  25.854919  104.918039
0.968329  0.000000  0.000000  0.000000  -17.755772  6.776049  28.217402  38.337404  -9.883739  -20.835541  86.331602  9.437193  40.289426  25.854919  104.918039
0.969003  0.000000  0.000000  0.000000  -17.755772  6.776049  32.145974  37.730399  -12.304862  -23.988576  86.331602  9.437193  40.289426  25.854919  104.918039
0.969677  0.000000  0.000000  0.000000  -17.755772  6.776049  36.074545  36.980562  -14.689205  -27.199832  86.331602  9.437193  40.289426  25.854919  104.918039
0.970350  0.000000  0.000000  0.000000  -29.305967  16.260529  -18.697564  36.124419  24.413716  27.748047  83.934116  -3.816454  40.170921  30.444211  94.296386
0.971024  0.000000  0.000000  0.000000  -29.305967  16.260529  -14.768992  37.475625  22.059653  24.324780  83.934116  -3.816454  40.170921  30.444211  94.296386
0.971698  0.000000  0.000000  0.000000  -29.305967  16.260529  -10.840421  38.654007  19.636763  21.015255  83.934116  -3.816454  40.170921  30.444211  94.296386
0.972372  0.000000  0.000000  0.000000  -29.305967  16.260529  -6.911849  39.667498  17.155199  17.805290  83.934116  -3.816454  40.170921  30.444211  94.296386
0.973046  0.000000  0.000000  0.000000  -29.305967  16.260529  -2.983278  40.523335  14.624309  14.680866  83.934116  -3.816454  40.170921  30.444211  94.296386
0.973720  0.000000  0.000000  0.000000  -29.305967  16.260529  0.945293  41.227920  12.052747  11.628235  83.934116  -3.816454  40.170921  30.444211  94.296386
0.974394  0.000000  0.000000  0.000000  -29.305967  16.260529  4.873865  41.786731  9.448616  8.633930  83.934116  -3.816454  40.170921  30.444211  94.296386
0.975067  0.000000  0.000000  0.000000  -29.305967  16.260529  8.802436  42.204203  6.819533  5.684805  83.934116  -3.816454  40.170921  30.444211  94.296386
0.975741  0.000000  0.000000  0.000000  -29.305967  16.260529  12.731008  42.483708  4.172751  2.767985  83.934116  -3.816454  40.170921  30.444211  94.296386
0.976415  0.000000  0.000000  0.000000  -29.305967  16.260529  16.659579  42.627525  1.515269  -0.129191  83.934116  -3.816454  40.170921  30.444211  94.296386
0.977089  0.000000  0.000000  0.000000  -29.305967  16.260529  20.588151  42.636841  -1.146072  -3.019263  83.934116  -3.816454  40.170921  30.444211  94.296386
0.977763  0.000000  0.000000  0.000000  -29.305967  16.260529  24.516722  42.511726  -3.804492  -5.914702  83.934116  -3.816454  40.170921  30.444211  94.296386
0.978437  0.000000  0.000000  0.000000  -29.305967  16.260529  28.445293  42.251167  -6.453175  -8.828052  83.934116  -3.816454  40.170921  30.444211  94.296386
0.979111  0.000000  0.000000  0.000000  -29.305967  16.260529  32.373865  41.853016  -9.085139  -11.771928  83.934116  -3.816454  40.170921  30.444211  94.296386
0.979784  0.000000  0.000000  0.000000  -29.305967  16.260529  36.302436  41.314059  -11.693176  -14.759186  83.934116  -3.816454  40.170921  30.444211  94.296386
0.980458  0.000000  0.000000  0.000000  -28.323708  12.294917  -18.697564  37.416222  11.444108  16.902129  90.297982  -8.095127  -35.684551  28.119572  104.409534
0.981132  0.000000  0.000000  0.000000  -28.323708  12.294917  -14.768992  37.978140  9.041216  13.743511  90.297982  -8.095127  -35.684551  28.119572  104.409534
0.981806  0.000000  0.000000  0.000000  -28.323708  12.294917  -10.840421  38.402721  6.611666  10.627006  90.297982  -8.095127  -35.684551  28.119572  104.409534
0.982480  0.000000  0.000000  0.000000  -28.323708  12.294917  -6.911849  38.692579  4.162920  7.541102  90.297982  -8.095127  -35.684551  28.119572  104.409534
0.983154  0.000000  0.000000  0.000000  -28.323708  12.294917  -2.983278  38.849565  1.702223  4.474395  90.297982  -8.095127  -35.684551  28.119572  104.409534
0.983827  0.000000  0.000000  0.000000  -28.323708  12.294917  0.945293  38.874626  -0.763341  1.415515  90.297982  -8.095127  -35.684551  28.119572  104.409534
0.984501  0.000000  0.000000  0.000000  -28.323708  12.294917  4.873865  38.767959  -3.226724  -1.646876  90.297982  -8.095127  -35.684551  28.119572  104.409534
0.985175  0.000000  0.000000  0.000000  -28.323708  12.294917  8.802436  38.528891  -5.680861  -4.724120  90.297982  -8.095127  -35.684551  28.119572  104.409534
0.985849  0.000000  0.000000  0.000000  -28.323708  12.294917  12.731008  38.155886  -8.118588  -7.827617  90.297982  -8.095127  -35.684551  28.119572  104.409534
0.986523  0.000000  0.000000  0.000000  -28.323708  12.294917  16.659579  37.646634  -10.532532  -10.968833  90.297982  -8.095127  -35.684551  28.119572  104.409534
0.987197  0.000000  0.000000  0.000000  -28.323708  12.294917  20.588151  36.998048  -12.915052  -14.159326  90.297982  -8.095127  -35.684551  28.119572  104.409534
0.987871  0.000000  0.000000  0.000000  -28.323708  12.294917  24.516722  36.206323  -15.258131  -17.410747  90.297982  -8.095127  -35.684551  28.119572  104.409534
0.988544  0.000000  0.000000  0.000000  -28.323708  12.294917  28.445293  35.267064  -17.553319  -20.734763  90.297982  -8.095127  -35.684551  28.119572  104.409534
0.989218  0.000000  0.000000  0.000000  -28.323708  12.294917  32.373865  34.175395  -19.791660  -24.143024  90.297982  -8.095127  -35.684551  28.119572  104.409534
0.989892  0.000000  0.000000  0.000000  -28.323708  12.294917  36.302436  32.926093  -21.963612  -27.647012  90.297982  -8.095127  -35.684551  28.119572  104.409534
0.990566  0.000000  0.000000  0.000000  -12.370016  13.023871  -18.697564  32.782469  34.886387  34.944966  40.860918  10.211950  22.803709  28.527162  94.897895
0.991240  0.000000  0.000000  0.000000  -12.370016  13.023871  -14.768992  34.966268  32.695710  31.020218  40.860918  10.211950  22.803709  28.527162  94.897895
0.991914  0.000000  0.000000  0.000000  -12.370016  13.023871  -10.840421  36.919422  30.388794  27.288320  40.860918  10.211950  22.803709  28.527162  94.897895
0.992588  0.000000  0.000000  0.000000  -12.370016  13.023871  -6.911849  38.654265  27.980791  23.732256  40.860918  10.211950  22.803709  28.527162  94.897895
0.993261  0.000000  0.000000  0.000000  -12.370016  13.023871  -2.983278  40.183511  25.485400  20.334284  40.860918  10.211950  22.803709  28.527162  94.897895
0.993935  0.000000  0.000000  0.000000  -12.370016  13.023871  0.945293  41.519550  22.914962  17.076582  40.860918  10.211950  22.803709  28.527162  94.897895
0.994609  0.000000  0.000000  0.000000  -12.370016  13.023871  4.873865  42.674057  20.280606  13.941629  40.860918  10.211950  22.803709  28.527162  94.897895
0.995283  0.000000  0.000000  0.000000  -12.370016  13.023871  8.802436  43.657542  17.592370  10.912515  40.860918  10.211950  22.803709  28.527162  94.897895
0.995957  0.000000  0.000000  0.000000  -12.370016  13.023871  12.731008  44.479329  14.859353  7.972944  40.860918  10.211950  22.803709  28.527162  94.897895
0.996631  0.000000  0.000000  0.000000  -12.370016  13.023871  16.659579  45.147378  12.089905  5.107365  40.860918  10.211950  22.803709  28.527162  94.897895
0.997305  0.000000  0.000000  0.000000  -12.370016  13.023871  20.588151  45.668269  9.291714  2.300838  40.860918  10.211950  22.803709  28.527162  94.897895
0.997978  0.000000  0.000000  0.000000  -12.370016  13.023871  24.516722  46.047199  6.471971  -0.460997  40.860918  10.211950  22.803709  28.527162  94.897895
0.998652  0.000000  0.000000  0.000000  -12.370016  13.023871  28.445293  46.287937  3.637484  -3.192088  40.860918  10.211950  22.803709  28.527162  94.897895
0.999326  0.000000  0.000000  0.000000  -12.370016  13.023871  32.373865  46.392935  0.794809  -5.906016  40.860918  10.211950  22.803709  28.527162  94.897895
1.000000  0.000000  0.000000  0.000000  -12.370016  13.023871  36.302436  46.363243  -2.049642  -8.616213  40.860918  10.211950  22.803709  28.527162  94.897895
