trapscap1
  RMS fit error of the full model is: 0.619123 mm
  maximum moment arm: 255.619606 mm
  maximum error allowed: 25.561961 mm
  Model addition step   1: Added term 0 0 0 0 1 0 -- RMS=138.796595, GCV=1.511279e-05, AIC = 7.093062
  Model addition step   2: Added term 0 1 0 1 0 0 -- RMS=125.397180, GCV=1.233843e-05, AIC = 6.890048
  Model addition step   3: Added term 0 0 0 0 0 0 -- RMS=110.329199, GCV=9.553505e-06, AIC = 6.634044
  Model addition step   4: Added term 0 1 0 0 0 0 -- RMS=89.350478, GCV=6.267191e-06, AIC = 6.212272
  Model addition step   5: Added term 0 0 1 0 0 0 -- RMS=71.693686, GCV=4.035881e-06, AIC = 5.771977
  Model addition step   6: Added term 1 1 0 0 0 0 -- RMS=51.330310, GCV=2.069292e-06, AIC = 5.103766
  Model addition step   7: Added term 0 0 0 0 0 2 -- RMS=36.047257, GCV=1.020742e-06, AIC = 4.396897
  Model addition step   8: Added term 1 0 1 0 0 0 -- RMS=31.678484, GCV=7.884924e-07, AIC = 4.138543
  Model addition step   9: Added term 0 0 0 1 0 0 -- RMS=28.258662, GCV=6.275803e-07, AIC = 3.910099
  Model addition step  10: Added term 2 0 0 0 0 0 -- RMS=24.481144, GCV=4.711151e-07, AIC = 3.623138
  Model addition step  11: Added term 0 0 1 0 0 1 -- RMS=22.196879, GCV=3.873868e-07, AIC = 3.427267
  Model addition step  12: Added term 0 1 0 1 0 1 -- RMS=21.379684, GCV=3.594687e-07, AIC = 3.352278
  Model addition step  13: Added term 1 0 0 1 1 0 -- RMS=19.881325, GCV=3.109185e-07, AIC = 3.206989
  Model addition step  14: Added term 0 0 0 0 0 1 -- RMS=17.165889, GCV=2.318387e-07, AIC = 2.913308
  Model addition step  15: Added term 0 0 0 1 0 1 -- RMS=15.784247, GCV=1.960643e-07, AIC = 2.745516
  Model addition step  16: Added term 0 0 1 1 0 0 -- RMS=14.512883, GCV=1.657890e-07, AIC = 2.577597
  Model addition step  17: Added term 0 0 0 0 1 1 -- RMS=13.380241, GCV=1.409528e-07, AIC = 2.415114
  Model addition step  18: Added term 0 1 2 0 1 0 -- RMS=12.021654, GCV=1.138078e-07, AIC = 2.201007
  Model addition step  19: Added term 2 0 1 0 0 0 -- RMS=11.297951, GCV=1.005403e-07, AIC = 2.076862
  Model addition step  20: Added term 0 1 1 0 2 0 -- RMS=10.705197, GCV=9.028752e-08, AIC = 1.969110
  Model addition step  21: Added term 0 0 2 0 0 0 -- RMS=10.138274, GCV=8.099608e-08, AIC = 1.860319
  Model addition step  22: Added term 0 2 0 0 0 0 -- RMS=9.781552, GCV=7.541349e-08, AIC = 1.788712
  Model addition step  23: Added term 2 2 0 0 0 0 -- RMS=9.462912, GCV=7.059610e-08, AIC = 1.722508
  Model addition step  24: Added term 1 0 0 0 0 0 -- RMS=8.864459, GCV=6.196310e-08, AIC = 1.591879
  Model addition step  25: Added term 0 1 0 2 0 0 -- RMS=8.573431, GCV=5.797430e-08, AIC = 1.525147
  Model addition step  26: Added term 1 0 0 2 0 0 -- RMS=8.115837, GCV=5.196255e-08, AIC = 1.415478
Change in error: 0.023773. No more terms added.
   27 polynomial terms were written for trapscap1
trapscap2
  RMS fit error of the full model is: 0.632217 mm
  maximum moment arm: 256.288537 mm
  maximum error allowed: 25.628854 mm
  Model addition step   1: Added term 0 0 0 0 1 0 -- RMS=139.050163, GCV=1.516806e-05, AIC = 7.096713
  Model addition step   2: Added term 0 1 0 0 1 0 -- RMS=123.106469, GCV=1.189176e-05, AIC = 6.853174
  Model addition step   3: Added term 0 0 0 1 0 0 -- RMS=107.791885, GCV=9.119142e-06, AIC = 6.587512
  Model addition step   4: Added term 1 0 0 0 0 0 -- RMS=93.065708, GCV=6.799212e-06, AIC = 6.293751
  Model addition step   5: Added term 0 0 1 0 0 0 -- RMS=76.413998, GCV=4.584821e-06, AIC = 5.899503
  Model addition step   6: Added term 0 0 0 0 0 0 -- RMS=59.552630, GCV=2.785325e-06, AIC = 5.400924
  Model addition step   7: Added term 0 0 0 0 0 2 -- RMS=45.858292, GCV=1.651989e-06, AIC = 4.878347
  Model addition step   8: Added term 0 1 0 0 0 0 -- RMS=37.509797, GCV=1.105499e-06, AIC = 4.476472
  Model addition step   9: Added term 0 0 1 0 0 1 -- RMS=31.765430, GCV=7.930045e-07, AIC = 4.144057
  Model addition step  10: Added term 1 1 0 0 0 0 -- RMS=27.786722, GCV=6.069295e-07, AIC = 3.876448
  Model addition step  11: Added term 1 0 1 0 0 0 -- RMS=24.555774, GCV=4.740981e-07, AIC = 3.629257
  Model addition step  12: Added term 2 1 0 0 0 0 -- RMS=22.433943, GCV=3.957944e-07, AIC = 3.448546
  Model addition step  13: Added term 0 1 0 1 1 0 -- RMS=21.516277, GCV=3.641583e-07, AIC = 3.365047
  Model addition step  14: Added term 0 0 0 0 0 1 -- RMS=20.789267, GCV=3.400414e-07, AIC = 3.296333
  Model addition step  15: Added term 0 0 0 1 0 1 -- RMS=18.995730, GCV=2.839637e-07, AIC = 3.115920
  Model addition step  16: Added term 1 0 0 1 0 0 -- RMS=15.314708, GCV=1.846145e-07, AIC = 2.685151
  Model addition step  17: Added term 0 0 1 1 0 0 -- RMS=14.329456, GCV=1.616610e-07, AIC = 2.552190
  Model addition step  18: Added term 0 1 2 0 0 0 -- RMS=13.321601, GCV=1.397514e-07, AIC = 2.406361
  Model addition step  19: Added term 3 0 1 0 0 0 -- RMS=12.544446, GCV=1.239492e-07, AIC = 2.286175
  Model addition step  20: Added term 0 0 0 2 0 0 -- RMS=11.730729, GCV=1.084148e-07, AIC = 2.152075
  Model addition step  21: Added term 0 0 0 0 1 1 -- RMS=11.154074, GCV=9.803993e-08, AIC = 2.051293
  Model addition step  22: Added term 0 0 1 0 3 0 -- RMS=10.334644, GCV=8.418302e-08, AIC = 1.898719
  Model addition step  23: Added term 0 0 0 1 1 1 -- RMS=9.721786, GCV=7.451148e-08, AIC = 1.776486
  Model addition step  24: Added term 1 0 0 2 1 0 -- RMS=9.279280, GCV=6.789804e-08, AIC = 1.683347
  Model addition step  25: Added term 2 0 0 0 0 0 -- RMS=8.964928, GCV=6.338987e-08, AIC = 1.614452
Change in error: 0.027806. No more terms added.
   26 polynomial terms were written for trapscap2
trapscap3
  RMS fit error of the full model is: 0.745438 mm
  maximum moment arm: 256.319879 mm
  maximum error allowed: 25.631988 mm
  Model addition step   1: Added term 0 0 0 0 1 0 -- RMS=137.914215, GCV=1.492125e-05, AIC = 7.080307
  Model addition step   2: Added term 0 1 0 0 1 0 -- RMS=120.275002, GCV=1.135103e-05, AIC = 6.806637
  Model addition step   3: Added term 0 0 0 1 0 0 -- RMS=103.908945, GCV=8.473985e-06, AIC = 6.514137
  Model addition step   4: Added term 1 0 0 0 0 0 -- RMS=87.482901, GCV=6.007939e-06, AIC = 6.170026
  Model addition step   5: Added term 0 0 1 0 1 0 -- RMS=70.956496, GCV=3.953310e-06, AIC = 5.751305
  Model addition step   6: Added term 0 0 0 0 0 2 -- RMS=58.043321, GCV=2.645931e-06, AIC = 5.349583
  Model addition step   7: Added term 0 0 0 0 0 0 -- RMS=48.710998, GCV=1.863912e-06, AIC = 4.999045
  Model addition step   8: Added term 0 0 1 0 0 1 -- RMS=40.244409, GCV=1.272565e-06, AIC = 4.617209
  Model addition step   9: Added term 0 1 0 0 0 0 -- RMS=34.073188, GCV=9.124134e-07, AIC = 4.284321
  Model addition step  10: Added term 1 1 0 0 1 0 -- RMS=28.570994, GCV=6.416738e-07, AIC = 3.932115
  Model addition step  11: Added term 0 0 0 0 0 1 -- RMS=26.602206, GCV=5.564118e-07, AIC = 3.789352
  Model addition step  12: Added term 1 0 1 0 0 0 -- RMS=24.299990, GCV=4.643769e-07, AIC = 3.608347
  Model addition step  13: Added term 0 1 0 1 2 0 -- RMS=22.428919, GCV=3.957060e-07, AIC = 3.448130
  Model addition step  14: Added term 4 0 0 0 0 0 -- RMS=21.105063, GCV=3.504505e-07, AIC = 3.326485
  Model addition step  15: Added term 0 0 1 0 0 0 -- RMS=19.946775, GCV=3.131095e-07, AIC = 3.213626
  Model addition step  16: Added term 0 0 0 1 0 1 -- RMS=18.883436, GCV=2.806793e-07, AIC = 3.104094
  Model addition step  17: Added term 1 0 0 1 1 0 -- RMS=16.841586, GCV=2.233119e-07, AIC = 2.875258
  Model addition step  18: Added term 0 0 1 1 0 0 -- RMS=15.553194, GCV=1.904945e-07, AIC = 2.716119
  Model addition step  19: Added term 0 0 2 0 0 0 -- RMS=14.527187, GCV=1.662279e-07, AIC = 2.579663
  Model addition step  20: Added term 2 2 0 0 0 0 -- RMS=13.968480, GCV=1.537222e-07, AIC = 2.501258
  Model addition step  21: Added term 0 0 0 0 1 1 -- RMS=13.232332, GCV=1.379776e-07, AIC = 2.393010
  Model addition step  22: Added term 1 0 0 0 0 1 -- RMS=12.108482, GCV=1.155614e-07, AIC = 2.215528
  Model addition step  23: Added term 1 0 0 2 1 0 -- RMS=11.515359, GCV=1.045409e-07, AIC = 2.115111
Change in error: 0.024535. No more terms added.
   24 polynomial terms were written for trapscap3
trapscap4
  RMS fit error of the full model is: 0.909734 mm
  maximum moment arm: 260.733325 mm
  maximum error allowed: 26.073333 mm
  Model addition step   1: Added term 0 0 0 0 1 0 -- RMS=138.722418, GCV=1.509665e-05, AIC = 7.091993
  Model addition step   2: Added term 0 1 0 0 1 0 -- RMS=119.889197, GCV=1.127832e-05, AIC = 6.800211
  Model addition step   3: Added term 0 0 0 1 0 0 -- RMS=103.036389, GCV=8.332265e-06, AIC = 6.497272
  Model addition step   4: Added term 1 0 0 0 0 0 -- RMS=86.008332, GCV=5.807112e-06, AIC = 6.136028
  Model addition step   5: Added term 0 0 1 0 1 0 -- RMS=70.418697, GCV=3.893611e-06, AIC = 5.736089
  Model addition step   6: Added term 0 0 0 0 0 1 -- RMS=56.115531, GCV=2.473091e-06, AIC = 5.282029
  Model addition step   7: Added term 0 0 0 0 0 2 -- RMS=49.840321, GCV=1.951340e-06, AIC = 5.044884
  Model addition step   8: Added term 0 0 0 0 0 0 -- RMS=43.764319, GCV=1.504905e-06, AIC = 4.784905
  Model addition step   9: Added term 1 0 1 0 0 0 -- RMS=37.716076, GCV=1.117942e-06, AIC = 4.487472
  Model addition step  10: Added term 0 1 0 0 0 0 -- RMS=31.639519, GCV=7.869068e-07, AIC = 4.136145
  Model addition step  11: Added term 1 1 0 0 1 0 -- RMS=27.004210, GCV=5.733554e-07, AIC = 3.819349
  Model addition step  12: Added term 0 1 0 1 2 0 -- RMS=25.027336, GCV=4.925924e-07, AIC = 3.667333
  Model addition step  13: Added term 0 0 1 0 0 1 -- RMS=23.223055, GCV=4.242234e-07, AIC = 3.517718
  Model addition step  14: Added term 4 0 0 0 0 0 -- RMS=21.978409, GCV=3.800545e-07, AIC = 3.407580
  Model addition step  15: Added term 0 0 0 1 0 1 -- RMS=21.010314, GCV=3.473889e-07, AIC = 3.317518
  Model addition step  16: Added term 1 0 0 1 0 0 -- RMS=18.919637, GCV=2.817565e-07, AIC = 3.107924
  Model addition step  17: Added term 0 0 1 1 0 0 -- RMS=17.475129, GCV=2.404289e-07, AIC = 2.949113
  Model addition step  18: Added term 0 0 2 0 0 0 -- RMS=16.324424, GCV=2.098549e-07, AIC = 2.812912
  Model addition step  19: Added term 0 0 0 0 1 2 -- RMS=15.748122, GCV=1.953433e-07, AIC = 2.741062
  Model addition step  20: Added term 1 0 0 0 0 1 -- RMS=15.212328, GCV=1.823181e-07, AIC = 2.671864
  Model addition step  21: Added term 2 1 0 0 0 0 -- RMS=14.442720, GCV=1.643743e-07, AIC = 2.568064
  Model addition step  22: Added term 1 0 0 0 2 1 -- RMS=13.370708, GCV=1.409102e-07, AIC = 2.413848
  Model addition step  23: Added term 1 0 0 2 1 0 -- RMS=12.935414, GCV=1.319143e-07, AIC = 2.347685
Change in error: 0.026530. No more terms added.
   24 polynomial terms were written for trapscap4
trapscap5
  RMS fit error of the full model is: 1.153877 mm
  maximum moment arm: 264.319501 mm
  maximum error allowed: 26.431950 mm
  Model addition step   1: Added term 0 0 0 0 1 0 -- RMS=136.583887, GCV=1.463478e-05, AIC = 7.060921
  Model addition step   2: Added term 0 1 0 0 1 0 -- RMS=114.622431, GCV=1.030917e-05, AIC = 6.710362
  Model addition step   3: Added term 0 0 0 1 1 0 -- RMS=99.341936, GCV=7.745457e-06, AIC = 6.424243
  Model addition step   4: Added term 1 0 0 0 1 0 -- RMS=84.127895, GCV=5.555962e-06, AIC = 6.091816
  Model addition step   5: Added term 1 0 1 0 1 0 -- RMS=69.265458, GCV=3.767125e-06, AIC = 5.703064
  Model addition step   6: Added term 0 0 0 0 0 1 -- RMS=54.908711, GCV=2.367862e-06, AIC = 5.238547
  Model addition step   7: Added term 0 0 0 0 0 2 -- RMS=48.536040, GCV=1.850546e-06, AIC = 4.991848
  Model addition step   8: Added term 0 0 0 0 0 0 -- RMS=42.905686, GCV=1.446433e-06, AIC = 4.745276
  Model addition step   9: Added term 0 1 0 0 0 0 -- RMS=36.807713, GCV=1.064741e-06, AIC = 4.438714
  Model addition step  10: Added term 0 0 1 0 0 0 -- RMS=31.270906, GCV=7.686781e-07, AIC = 4.112708
  Model addition step  11: Added term 2 2 0 0 0 0 -- RMS=28.197217, GCV=6.251345e-07, AIC = 3.905810
  Model addition step  12: Added term 0 0 1 0 0 1 -- RMS=26.494897, GCV=5.520558e-07, AIC = 3.781300
  Model addition step  13: Added term 0 0 0 2 0 2 -- RMS=25.416562, GCV=5.081472e-07, AIC = 3.698229
  Model addition step  14: Added term 1 2 0 1 0 0 -- RMS=24.052368, GCV=4.551652e-07, AIC = 3.587926
  Model addition step  15: Added term 0 2 0 2 0 0 -- RMS=22.535230, GCV=3.996454e-07, AIC = 3.457651
  Model addition step  16: Added term 1 1 0 0 0 0 -- RMS=21.785929, GCV=3.735945e-07, AIC = 3.390052
  Model addition step  17: Added term 2 0 1 0 1 0 -- RMS=21.014192, GCV=3.476732e-07, AIC = 3.317951
  Model addition step  18: Added term 1 0 1 1 0 0 -- RMS=20.088707, GCV=3.177952e-07, AIC = 3.227903
  Model addition step  19: Added term 0 0 0 1 0 1 -- RMS=19.018452, GCV=2.848992e-07, AIC = 3.118439
  Model addition step  20: Added term 1 0 0 0 0 1 -- RMS=18.396280, GCV=2.666235e-07, AIC = 3.051948
  Model addition step  21: Added term 0 1 1 0 2 0 -- RMS=17.794133, GCV=2.495109e-07, AIC = 2.985421
  Model addition step  22: Added term 0 0 2 0 0 0 -- RMS=17.247874, GCV=2.344794e-07, AIC = 2.923093
Change in error: 0.028474. No more terms added.
   23 polynomial terms were written for trapscap5
trapscap6
  RMS fit error of the full model is: 1.261729 mm
  maximum moment arm: 285.269490 mm
  maximum error allowed: 28.526949 mm
  Model addition step   1: Added term 0 0 0 0 1 0 -- RMS=141.021612, GCV=1.560122e-05, AIC = 7.124870
  Model addition step   2: Added term 0 1 0 0 1 0 -- RMS=108.539099, GCV=9.243935e-06, AIC = 6.601296
  Model addition step   3: Added term 0 0 1 1 1 0 -- RMS=96.884761, GCV=7.367036e-06, AIC = 6.374152
  Model addition step   4: Added term 0 0 0 1 0 3 -- RMS=85.358734, GCV=5.719725e-06, AIC = 6.120865
  Model addition step   5: Added term 1 0 0 0 0 0 -- RMS=74.301272, GCV=4.334800e-06, AIC = 5.843427
  Model addition step   6: Added term 0 0 0 0 0 1 -- RMS=67.664776, GCV=3.595831e-06, AIC = 5.656335
  Model addition step   7: Added term 0 0 0 1 0 1 -- RMS=60.726082, GCV=2.896822e-06, AIC = 5.439982
  Model addition step   8: Added term 1 0 0 1 1 0 -- RMS=55.826419, GCV=2.448772e-06, AIC = 5.271762
  Model addition step   9: Added term 1 0 1 0 0 0 -- RMS=50.827344, GCV=2.030304e-06, AIC = 5.084168
  Model addition step  10: Added term 2 1 0 0 1 0 -- RMS=42.337433, GCV=1.409005e-06, AIC = 4.718675
  Model addition step  11: Added term 0 0 0 0 0 0 -- RMS=37.063111, GCV=1.080052e-06, AIC = 4.452608
  Model addition step  12: Added term 0 1 0 0 0 0 -- RMS=28.227445, GCV=6.266162e-07, AIC = 3.907985
  Model addition step  13: Added term 1 1 0 0 0 1 -- RMS=25.583029, GCV=5.148252e-07, AIC = 3.711286
  Model addition step  14: Added term 2 0 0 0 1 0 -- RMS=23.286596, GCV=4.266437e-07, AIC = 3.523215
  Model addition step  15: Added term 0 0 0 2 2 0 -- RMS=22.484076, GCV=3.978331e-07, AIC = 3.453106
Change in error: 0.028925. No more terms added.
   16 polynomial terms were written for trapscap6
trapscap7
  RMS fit error of the full model is: 2.241388 mm
  maximum moment arm: 320.068065 mm
  maximum error allowed: 32.006806 mm
  Model addition step   1: Added term 0 2 0 0 0 0 -- RMS=142.903001, GCV=1.602027e-05, AIC = 7.151375
  Model addition step   2: Added term 0 0 0 0 1 0 -- RMS=107.946796, GCV=9.143321e-06, AIC = 6.590352
  Model addition step   3: Added term 0 0 0 1 0 3 -- RMS=99.081670, GCV=7.704926e-06, AIC = 6.418996
  Model addition step   4: Added term 0 0 1 1 2 0 -- RMS=90.309687, GCV=6.402475e-06, AIC = 6.233629
  Model addition step   5: Added term 0 0 0 0 0 0 -- RMS=84.332953, GCV=5.584331e-06, AIC = 6.096717
  Model addition step   6: Added term 0 1 0 0 0 0 -- RMS=79.315820, GCV=4.940758e-06, AIC = 5.974078
  Model addition step   7: Added term 0 0 1 0 0 1 -- RMS=74.283177, GCV=4.334632e-06, AIC = 5.843004
  Model addition step   8: Added term 1 0 0 0 3 0 -- RMS=71.024840, GCV=3.963595e-06, AIC = 5.753327
  Model addition step   9: Added term 1 0 0 1 2 0 -- RMS=67.339970, GCV=3.563789e-06, AIC = 5.646807
  Model addition step  10: Added term 0 0 0 2 0 0 -- RMS=63.505026, GCV=3.170150e-06, AIC = 5.529569
  Model addition step  11: Added term 0 0 0 0 1 2 -- RMS=58.026555, GCV=2.647370e-06, AIC = 5.349165
  Model addition step  12: Added term 2 0 0 0 2 0 -- RMS=54.868702, GCV=2.367597e-06, AIC = 5.237282
  Model addition step  13: Added term 1 0 1 0 1 0 -- RMS=50.576745, GCV=2.012138e-06, AIC = 5.074411
  Model addition step  14: Added term 0 0 1 0 0 0 -- RMS=43.106865, GCV=1.461996e-06, AIC = 4.754824
  Model addition step  15: Added term 1 0 0 1 1 0 -- RMS=37.625454, GCV=1.114075e-06, AIC = 4.482853
  Model addition step  16: Added term 1 0 0 0 2 1 -- RMS=35.566384, GCV=9.956983e-07, AIC = 4.370325
  Model addition step  17: Added term 0 0 0 2 1 1 -- RMS=34.074400, GCV=9.141180e-07, AIC = 4.284648
  Model addition step  18: Added term 1 0 1 0 0 0 -- RMS=33.041032, GCV=8.597072e-07, AIC = 4.223088
  Model addition step  19: Added term 0 0 0 0 2 0 -- RMS=31.633932, GCV=7.882196e-07, AIC = 4.136080
  Model addition step  20: Added term 2 0 0 0 1 0 -- RMS=28.939370, GCV=6.598065e-07, AIC = 3.958057
  Model addition step  21: Added term 1 0 0 0 0 0 -- RMS=26.928277, GCV=5.714169e-07, AIC = 3.814037
  Model addition step  22: Added term 0 0 0 0 3 1 -- RMS=25.902765, GCV=5.288418e-07, AIC = 3.736415
  Model addition step  23: Added term 2 0 0 2 0 0 -- RMS=25.012660, GCV=4.932315e-07, AIC = 3.666512
Change in error: 0.028917. No more terms added.
   24 polynomial terms were written for trapscap7
trapscap8
  RMS fit error of the full model is: 2.132063 mm
  maximum moment arm: 354.744559 mm
  maximum error allowed: 35.474456 mm
  Model addition step   1: Added term 0 0 0 0 1 0 -- RMS=152.430209, GCV=1.822759e-05, AIC = 7.280457
  Model addition step   2: Added term 0 1 0 0 1 0 -- RMS=108.482510, GCV=9.234299e-06, AIC = 6.600253
  Model addition step   3: Added term 0 0 1 0 0 0 -- RMS=98.889885, GCV=7.675127e-06, AIC = 6.415121
  Model addition step   4: Added term 1 0 1 0 0 0 -- RMS=87.461127, GCV=6.004949e-06, AIC = 6.169528
  Model addition step   5: Added term 0 0 0 0 0 2 -- RMS=75.888631, GCV=4.521994e-06, AIC = 5.885705
  Model addition step   6: Added term 0 0 0 3 0 1 -- RMS=72.435829, GCV=4.120793e-06, AIC = 5.792605
  Model addition step   7: Added term 0 0 0 0 0 0 -- RMS=69.631186, GCV=3.808719e-06, AIC = 5.713660
  Model addition step   8: Added term 0 1 0 0 2 0 -- RMS=62.455961, GCV=3.064902e-06, AIC = 5.496191
  Model addition step   9: Added term 1 0 0 2 0 1 -- RMS=59.355401, GCV=2.768768e-06, AIC = 5.394386
  Model addition step  10: Added term 1 2 0 0 0 0 -- RMS=57.026115, GCV=2.556296e-06, AIC = 5.314350
  Model addition step  11: Added term 2 1 0 0 1 0 -- RMS=54.053994, GCV=2.297294e-06, AIC = 5.207330
  Model addition step  12: Added term 1 0 0 1 2 0 -- RMS=50.392081, GCV=1.997023e-06, AIC = 5.067063
  Model addition step  13: Added term 0 0 0 1 0 0 -- RMS=44.730910, GCV=1.573879e-06, AIC = 4.828757
  Model addition step  14: Added term 0 0 0 2 2 0 -- RMS=41.398631, GCV=1.348421e-06, AIC = 4.673955
  Model addition step  15: Added term 1 0 0 1 1 0 -- RMS=39.290157, GCV=1.214838e-06, AIC = 4.569439
  Model addition step  16: Added term 0 0 0 2 1 0 -- RMS=37.597658, GCV=1.112679e-06, AIC = 4.481407
  Model addition step  17: Added term 2 0 0 0 0 0 -- RMS=35.542372, GCV=9.945776e-07, AIC = 4.369007
  Model addition step  18: Added term 1 0 0 0 0 0 -- RMS=31.962573, GCV=8.045014e-07, AIC = 4.156719
  Model addition step  19: Added term 1 0 0 0 0 1 -- RMS=29.478542, GCV=6.844676e-07, AIC = 3.994945
  Model addition step  20: Added term 0 0 0 1 0 1 -- RMS=19.915077, GCV=3.124657e-07, AIC = 3.210606
  Model addition step  21: Added term 0 1 0 0 0 1 -- RMS=17.744662, GCV=2.481255e-07, AIC = 2.979853
  Model addition step  22: Added term 0 1 0 0 3 0 -- RMS=16.207308, GCV=2.070405e-07, AIC = 2.798640
  Model addition step  23: Added term 1 0 0 1 0 0 -- RMS=15.453535, GCV=1.882724e-07, AIC = 2.703423
  Model addition step  24: Added term 0 0 2 0 2 0 -- RMS=14.895401, GCV=1.749577e-07, AIC = 2.629884
  Model addition step  25: Added term 0 3 0 1 0 0 -- RMS=14.412814, GCV=1.638415e-07, AIC = 2.564047
  Model addition step  26: Added term 0 0 0 0 2 0 -- RMS=13.926371, GCV=1.530029e-07, AIC = 2.495412
  Model addition step  27: Added term 1 1 0 0 1 0 -- RMS=13.483221, GCV=1.434527e-07, AIC = 2.430768
  Model addition step  28: Added term 1 1 0 0 0 1 -- RMS=13.019743, GCV=1.337901e-07, AIC = 2.360841
Change in error: 0.024671. No more terms added.
   29 polynomial terms were written for trapscap8
trapscap9
  RMS fit error of the full model is: 2.892121 mm
  maximum moment arm: 410.302591 mm
  maximum error allowed: 41.030259 mm
  Model addition step   1: Added term 0 0 0 0 1 0 -- RMS=176.163520, GCV=2.434552e-05, AIC = 7.569869
  Model addition step   2: Added term 0 1 0 0 1 0 -- RMS=145.276358, GCV=1.656054e-05, AIC = 7.184351
  Model addition step   3: Added term 0 0 1 0 0 0 -- RMS=125.787701, GCV=1.241819e-05, AIC = 6.896298
  Model addition step   4: Added term 1 1 0 0 0 0 -- RMS=112.210005, GCV=9.884219e-06, AIC = 6.667884
  Model addition step   5: Added term 0 1 0 1 0 0 -- RMS=102.401570, GCV=8.233600e-06, AIC = 6.484975
  Model addition step   6: Added term 0 0 0 1 0 1 -- RMS=89.915191, GCV=6.349508e-06, AIC = 6.224937
  Model addition step   7: Added term 0 0 1 1 2 0 -- RMS=80.858402, GCV=5.135960e-06, AIC = 6.012634
  Model addition step   8: Added term 1 0 0 0 1 1 -- RMS=75.378985, GCV=4.464464e-06, AIC = 5.872324
  Model addition step   9: Added term 0 0 0 0 0 0 -- RMS=71.807469, GCV=4.052335e-06, AIC = 5.775276
  Model addition step  10: Added term 0 1 0 0 3 0 -- RMS=65.919267, GCV=3.415768e-06, AIC = 5.604193
  Model addition step  11: Added term 1 1 0 1 0 0 -- RMS=62.187219, GCV=3.040628e-06, AIC = 5.487662
  Model addition step  12: Added term 2 1 0 0 1 0 -- RMS=56.293705, GCV=2.492173e-06, AIC = 5.288561
  Model addition step  13: Added term 0 1 0 2 0 0 -- RMS=50.348972, GCV=1.994055e-06, AIC = 5.065384
  Model addition step  14: Added term 0 1 0 0 0 1 -- RMS=47.090337, GCV=1.744685e-06, AIC = 4.931595
  Model addition step  15: Added term 0 0 0 0 2 2 -- RMS=38.138228, GCV=1.144648e-06, AIC = 4.509926
  Model addition step  16: Added term 0 0 2 0 0 0 -- RMS=34.653443, GCV=9.452379e-07, AIC = 4.318318
  Model addition step  17: Added term 0 2 0 1 1 0 -- RMS=32.592483, GCV=8.363359e-07, AIC = 4.195719
  Model addition step  18: Added term 2 0 1 0 0 0 -- RMS=30.960052, GCV=7.548258e-07, AIC = 4.092983
  Model addition step  19: Added term 0 0 0 0 0 1 -- RMS=29.760820, GCV=6.976389e-07, AIC = 4.014005
Change in error: 0.029885. No more terms added.
   20 polynomial terms were written for trapscap9
trapscap10
  RMS fit error of the full model is: 2.360122 mm
  maximum moment arm: 425.682924 mm
  maximum error allowed: 42.568292 mm
  Model addition step   1: Added term 1 1 0 0 0 0 -- RMS=184.427742, GCV=2.668331e-05, AIC = 7.661559
  Model addition step   2: Added term 0 0 0 0 1 0 -- RMS=156.345660, GCV=1.918033e-05, AIC = 7.331214
  Model addition step   3: Added term 0 0 1 0 0 0 -- RMS=131.913157, GCV=1.365709e-05, AIC = 6.991395
  Model addition step   4: Added term 0 1 0 1 0 0 -- RMS=117.844009, GCV=1.090170e-05, AIC = 6.765863
  Model addition step   5: Added term 0 1 0 0 1 0 -- RMS=102.376476, GCV=8.229566e-06, AIC = 6.484485
  Model addition step   6: Added term 0 0 0 1 0 1 -- RMS=88.579597, GCV=6.162279e-06, AIC = 6.195006
  Model addition step   7: Added term 0 0 0 0 0 0 -- RMS=80.709517, GCV=5.117064e-06, AIC = 6.008948
  Model addition step   8: Added term 0 0 1 1 1 0 -- RMS=72.798124, GCV=4.163984e-06, AIC = 5.802648
  Model addition step   9: Added term 0 1 0 0 3 0 -- RMS=67.279940, GCV=3.557438e-06, AIC = 5.645024
  Model addition step  10: Added term 1 0 0 0 0 1 -- RMS=62.416191, GCV=3.062373e-06, AIC = 5.494981
  Model addition step  11: Added term 0 1 0 0 0 1 -- RMS=58.273490, GCV=2.669950e-06, AIC = 5.357658
  Model addition step  12: Added term 0 0 0 0 1 2 -- RMS=53.853756, GCV=2.280817e-06, AIC = 5.199940
  Model addition step  13: Added term 0 0 0 1 0 0 -- RMS=50.856048, GCV=2.034422e-06, AIC = 5.085425
  Model addition step  14: Added term 1 0 0 1 0 0 -- RMS=47.714101, GCV=1.791212e-06, AIC = 4.957913
  Model addition step  15: Added term 2 1 0 0 0 0 -- RMS=41.668158, GCV=1.366342e-06, AIC = 4.686966
  Model addition step  16: Added term 0 0 0 2 0 0 -- RMS=35.510464, GCV=9.925698e-07, AIC = 4.367178
  Model addition step  17: Added term 0 0 2 0 0 0 -- RMS=32.884721, GCV=8.514010e-07, AIC = 4.213572
  Model addition step  18: Added term 1 1 0 0 0 1 -- RMS=30.260526, GCV=7.211014e-07, AIC = 4.047276
  Model addition step  19: Added term 0 0 0 0 3 0 -- RMS=28.165357, GCV=6.248437e-07, AIC = 3.903805
  Model addition step  20: Added term 1 0 0 0 0 0 -- RMS=27.245145, GCV=5.848125e-07, AIC = 3.837402
  Model addition step  21: Added term 2 0 0 0 0 0 -- RMS=23.896940, GCV=4.500083e-07, AIC = 3.575184
  Model addition step  22: Added term 0 0 0 0 0 1 -- RMS=22.471971, GCV=3.980300e-07, AIC = 3.452253
  Model addition step  23: Added term 2 0 1 0 0 0 -- RMS=21.000167, GCV=3.476775e-07, AIC = 3.316808
  Model addition step  24: Added term 0 0 1 0 2 1 -- RMS=20.135150, GCV=3.196969e-07, AIC = 3.232714
Change in error: 0.018984. No more terms added.
   25 polynomial terms were written for trapscap10
trapscap11
  RMS fit error of the full model is: 1.902588 mm
  maximum moment arm: 424.115373 mm
  maximum error allowed: 42.411537 mm
  Model addition step   1: Added term 1 1 0 0 0 0 -- RMS=190.625104, GCV=2.850673e-05, AIC = 7.727661
  Model addition step   2: Added term 0 0 0 0 1 0 -- RMS=162.383018, GCV=2.069025e-05, AIC = 7.406991
  Model addition step   3: Added term 0 0 1 0 0 0 -- RMS=134.695190, GCV=1.423921e-05, AIC = 7.033136
  Model addition step   4: Added term 0 1 0 1 0 0 -- RMS=114.623707, GCV=1.031402e-05, AIC = 6.710449
  Model addition step   5: Added term 0 0 0 1 0 1 -- RMS=101.106118, GCV=8.026596e-06, AIC = 6.459513
  Model addition step   6: Added term 0 0 0 0 0 0 -- RMS=88.015135, GCV=6.083992e-06, AIC = 6.182221
  Model addition step   7: Added term 0 1 0 0 0 0 -- RMS=74.807620, GCV=4.396054e-06, AIC = 5.857075
  Model addition step   8: Added term 0 0 1 1 1 0 -- RMS=68.051930, GCV=3.638728e-06, AIC = 5.667809
  Model addition step   9: Added term 0 0 0 0 3 0 -- RMS=64.004180, GCV=3.219458e-06, AIC = 5.545196
  Model addition step  10: Added term 1 0 0 0 0 1 -- RMS=61.051468, GCV=2.929920e-06, AIC = 5.450766
  Model addition step  11: Added term 0 0 0 0 0 1 -- RMS=54.421548, GCV=2.328642e-06, AIC = 5.220884
  Model addition step  12: Added term 0 0 0 0 1 2 -- RMS=49.258203, GCV=1.908163e-06, AIC = 5.021547
  Model addition step  13: Added term 0 0 0 1 0 0 -- RMS=47.299044, GCV=1.759789e-06, AIC = 4.940408
  Model addition step  14: Added term 1 0 0 0 0 0 -- RMS=42.798666, GCV=1.441165e-06, AIC = 4.740473
  Model addition step  15: Added term 2 0 0 0 2 0 -- RMS=39.408006, GCV=1.222137e-06, AIC = 4.575429
  Model addition step  16: Added term 1 0 0 1 2 0 -- RMS=31.622590, GCV=7.871241e-07, AIC = 4.135267
  Model addition step  17: Added term 0 0 0 2 2 0 -- RMS=27.825827, GCV=6.095959e-07, AIC = 3.879485
  Model addition step  18: Added term 0 0 2 0 0 0 -- RMS=25.303199, GCV=5.041900e-07, AIC = 3.689449
  Model addition step  19: Added term 0 1 0 0 1 0 -- RMS=23.134001, GCV=4.215435e-07, AIC = 3.510226
  Model addition step  20: Added term 0 1 0 0 0 1 -- RMS=21.426740, GCV=3.617017e-07, AIC = 3.356931
  Model addition step  21: Added term 0 0 1 0 2 1 -- RMS=20.776759, GCV=3.401665e-07, AIC = 3.295353
  Model addition step  22: Added term 0 0 1 1 2 0 -- RMS=20.122690, GCV=3.191579e-07, AIC = 3.231412
  Model addition step  23: Added term 1 0 0 0 1 1 -- RMS=19.499281, GCV=2.997563e-07, AIC = 3.168503
Change in error: 0.020894. No more terms added.
   24 polynomial terms were written for trapscap11
trapclav1
  RMS fit error of the full model is: 0.359825 mm
  maximum moment arm: 212.842772 mm
  maximum error allowed: 21.284277 mm
  Model addition step   1: Added term 0 0 0 -- RMS=111.990880, GCV=5.622305e-06, AIC = 6.104286
  Model addition step   2: Added term 0 0 1 -- RMS=80.128316, GCV=2.878846e-06, AIC = 5.434766
  Model addition step   3: Added term 0 1 0 -- RMS=58.232044, GCV=1.520785e-06, AIC = 4.796435
  Model addition step   4: Added term 1 1 0 -- RMS=17.038001, GCV=1.302202e-07, AIC = 2.338512
  Model addition step   5: Added term 0 0 2 -- RMS=12.687162, GCV=7.222166e-08, AIC = 1.748857
  Model addition step   6: Added term 2 2 0 -- RMS=10.928095, GCV=5.359507e-08, AIC = 1.450406
  Model addition step   7: Added term 1 0 1 -- RMS=7.751432, GCV=2.697101e-08, AIC = 0.763543
  Model addition step   8: Added term 2 0 1 -- RMS=4.911029, GCV=1.082868e-08, AIC = -0.149189
  Model addition step   9: Added term 0 2 0 -- RMS=3.911492, GCV=6.870891e-09, AIC = -0.604262
  Model addition step  10: Added term 1 3 0 -- RMS=3.490433, GCV=5.472479e-09, AIC = -0.831993
  Model addition step  11: Added term 0 2 1 -- RMS=2.936220, GCV=3.873469e-09, AIC = -1.177743
  Model addition step  12: Added term 2 1 0 -- RMS=2.493816, GCV=2.794790e-09, AIC = -1.504304
  Model addition step  13: Added term 2 1 1 -- RMS=1.653531, GCV=1.228974e-09, AIC = -2.326050
  Model addition step  14: Added term 0 1 1 -- RMS=1.375401, GCV=8.504996e-10, AIC = -2.694329
  Model addition step  15: Added term 3 0 1 -- RMS=1.088703, GCV=5.330055e-10, AIC = -3.161790
  Model addition step  16: Added term 1 2 1 -- RMS=0.877048, GCV=3.459848e-10, AIC = -3.594095
  Model addition step  17: Added term 1 0 2 -- RMS=0.799617, GCV=2.876552e-10, AIC = -3.778896
  Model addition step  18: Added term 2 0 2 -- RMS=0.709626, GCV=2.266025e-10, AIC = -4.017630
  Model addition step  19: Added term 1 0 0 -- RMS=0.657558, GCV=1.946128e-10, AIC = -4.169984
  Model addition step  20: Added term 1 1 2 -- RMS=0.608516, GCV=1.667034e-10, AIC = -4.324948
  Model addition step  21: Added term 0 4 0 -- RMS=0.543049, GCV=1.327933e-10, AIC = -4.552539
  Model addition step  22: Added term 4 0 0 -- RMS=0.485276, GCV=1.060651e-10, AIC = -4.777449
  Model addition step  23: Added term 3 0 0 -- RMS=0.436056, GCV=8.565999e-11, AIC = -4.991284
  Model addition step  24: Added term 0 1 2 -- RMS=0.414394, GCV=7.737813e-11, AIC = -5.093135
  Model addition step  25: Added term 1 2 0 -- RMS=0.401705, GCV=7.272835e-11, AIC = -5.155276
  Model addition step  26: Added term 2 0 0 -- RMS=0.388179, GCV=6.792815e-11, AIC = -5.223726
Change in error: 0.019407. No more terms added.
   27 polynomial terms were written for trapclav1
trapclav2
  RMS fit error of the full model is: 0.470421 mm
  maximum moment arm: 228.525545 mm
  maximum error allowed: 22.852554 mm
  Model addition step   1: Added term 0 0 0 -- RMS=112.484258, GCV=5.671953e-06, AIC = 6.113078
  Model addition step   2: Added term 0 1 0 -- RMS=86.662591, GCV=3.367517e-06, AIC = 5.591552
  Model addition step   3: Added term 0 0 1 -- RMS=55.033458, GCV=1.358305e-06, AIC = 4.683446
  Model addition step   4: Added term 1 1 0 -- RMS=26.275252, GCV=3.096955e-07, AIC = 3.204874
  Model addition step   5: Added term 1 0 1 -- RMS=19.343618, GCV=1.678858e-07, AIC = 2.592401
  Model addition step   6: Added term 2 1 0 -- RMS=11.136899, GCV=5.566272e-08, AIC = 1.488259
  Model addition step   7: Added term 0 1 2 -- RMS=8.733796, GCV=3.424044e-08, AIC = 1.002188
  Model addition step   8: Added term 2 1 1 -- RMS=7.043402, GCV=2.227387e-08, AIC = 0.572026
  Model addition step   9: Added term 0 3 0 -- RMS=5.531705, GCV=1.374188e-08, AIC = 0.088892
  Model addition step  10: Added term 1 3 0 -- RMS=4.688977, GCV=9.876015e-09, AIC = -0.241615
  Model addition step  11: Added term 0 1 1 -- RMS=3.182233, GCV=4.549743e-09, AIC = -1.016822
  Model addition step  12: Added term 0 0 2 -- RMS=2.603773, GCV=3.046678e-09, AIC = -1.418009
  Model addition step  13: Added term 3 0 1 -- RMS=1.865167, GCV=1.563699e-09, AIC = -2.085175
  Model addition step  14: Added term 1 1 2 -- RMS=1.337305, GCV=8.040372e-10, AIC = -2.750508
  Model addition step  15: Added term 0 4 0 -- RMS=1.043755, GCV=4.899024e-10, AIC = -3.246116
  Model addition step  16: Added term 1 1 1 -- RMS=0.931784, GCV=3.905175e-10, AIC = -3.473018
  Model addition step  17: Added term 1 0 2 -- RMS=0.843991, GCV=3.204673e-10, AIC = -3.670878
  Model addition step  18: Added term 2 2 0 -- RMS=0.785827, GCV=2.778814e-10, AIC = -3.813633
  Model addition step  19: Added term 4 0 0 -- RMS=0.748208, GCV=2.519696e-10, AIC = -3.911687
  Model addition step  20: Added term 3 1 0 -- RMS=0.666823, GCV=2.001804e-10, AIC = -4.141945
  Model addition step  21: Added term 0 2 1 -- RMS=0.630477, GCV=1.789931e-10, AIC = -4.253986
  Model addition step  22: Added term 0 0 4 -- RMS=0.595847, GCV=1.599063e-10, AIC = -4.366914
  Model addition step  23: Added term 0 2 0 -- RMS=0.572678, GCV=1.477456e-10, AIC = -4.446178
  Model addition step  24: Added term 1 2 1 -- RMS=0.555410, GCV=1.390010e-10, AIC = -4.507358
  Model addition step  25: Added term 2 0 0 -- RMS=0.527561, GCV=1.254391e-10, AIC = -4.610187
  Model addition step  26: Added term 2 0 2 -- RMS=0.511406, GCV=1.179010e-10, AIC = -4.672331
  Model addition step  27: Added term 2 0 1 -- RMS=0.488036, GCV=1.073959e-10, AIC = -4.765823
Change in error: 0.011903. No more terms added.
   28 polynomial terms were written for trapclav2
levscap1
  RMS fit error of the full model is: 0.649419 mm
  maximum moment arm: 266.879292 mm
  maximum error allowed: 26.687929 mm
  Model addition step   1: Added term 1 0 0 0 1 0 -- RMS=153.030046, GCV=1.837133e-05, AIC = 7.288312
  Model addition step   2: Added term 0 0 0 0 1 1 -- RMS=132.655386, GCV=1.380811e-05, AIC = 7.002585
  Model addition step   3: Added term 0 0 1 0 0 0 -- RMS=112.996472, GCV=1.002101e-05, AIC = 6.681820
  Model addition step   4: Added term 0 0 0 0 0 0 -- RMS=90.974132, GCV=6.497032e-06, AIC = 6.248290
  Model addition step   5: Added term 0 0 0 1 0 0 -- RMS=61.273863, GCV=2.947997e-06, AIC = 5.457878
  Model addition step   6: Added term 1 1 0 0 0 0 -- RMS=49.599152, GCV=1.932068e-06, AIC = 5.035151
  Model addition step   7: Added term 1 0 0 0 2 1 -- RMS=41.078536, GCV=1.325566e-06, AIC = 4.658207
  Model addition step   8: Added term 0 0 0 0 1 0 -- RMS=36.523722, GCV=1.048139e-06, AIC = 4.423191
  Model addition step   9: Added term 2 0 0 0 2 0 -- RMS=33.580035, GCV=8.861933e-07, AIC = 4.255163
  Model addition step  10: Added term 0 1 2 1 0 0 -- RMS=31.355122, GCV=7.728239e-07, AIC = 4.118087
  Model addition step  11: Added term 0 0 0 1 2 1 -- RMS=28.654745, GCV=6.455860e-07, AIC = 3.938001
  Model addition step  12: Added term 3 0 0 1 0 0 -- RMS=26.612174, GCV=5.569538e-07, AIC = 3.790133
  Model addition step  13: Added term 0 2 1 0 0 0 -- RMS=24.667939, GCV=4.786539e-07, AIC = 3.638436
  Model addition step  14: Added term 0 1 0 0 2 1 -- RMS=23.502348, GCV=4.345862e-07, AIC = 3.541660
  Model addition step  15: Added term 0 0 1 0 2 0 -- RMS=22.250835, GCV=3.896220e-07, AIC = 3.432250
  Model addition step  16: Added term 0 0 0 0 0 1 -- RMS=21.074317, GCV=3.495871e-07, AIC = 3.323634
  Model addition step  17: Added term 1 0 0 0 0 0 -- RMS=17.192430, GCV=2.327129e-07, AIC = 2.916494
  Model addition step  18: Added term 1 0 0 2 1 0 -- RMS=15.528938, GCV=1.899008e-07, AIC = 2.712998
  Model addition step  19: Added term 0 0 0 0 2 0 -- RMS=14.451584, GCV=1.645022e-07, AIC = 2.569228
  Model addition step  20: Added term 0 4 0 0 0 0 -- RMS=13.584336, GCV=1.453835e-07, AIC = 2.445486
  Model addition step  21: Added term 1 0 0 0 1 1 -- RMS=12.800561, GCV=1.291201e-07, AIC = 2.326661
  Model addition step  22: Added term 2 0 0 1 1 0 -- RMS=11.351010, GCV=1.015553e-07, AIC = 2.086329
  Model addition step  23: Added term 0 1 0 0 1 0 -- RMS=10.473748, GCV=8.648392e-08, AIC = 1.925491
  Model addition step  24: Added term 0 0 1 1 1 0 -- RMS=9.739113, GCV=7.479412e-08, AIC = 1.780080
  Model addition step  25: Added term 0 1 0 2 0 0 -- RMS=9.324987, GCV=6.858398e-08, AIC = 1.693207
  Model addition step  26: Added term 1 1 0 1 0 0 -- RMS=8.973735, GCV=6.352875e-08, AIC = 1.616447
  Model addition step  27: Added term 0 3 1 0 0 0 -- RMS=8.662800, GCV=5.921586e-08, AIC = 1.545952
  Model addition step  28: Added term 0 0 2 0 0 1 -- RMS=8.311335, GCV=5.452060e-08, AIC = 1.463148
  Model addition step  29: Added term 0 1 1 1 0 1 -- RMS=7.900013, GCV=4.926883e-08, AIC = 1.361668
  Model addition step  30: Added term 0 1 0 1 0 2 -- RMS=7.214035, GCV=4.109329e-08, AIC = 1.180029
  Model addition step  31: Added term 0 1 1 0 1 1 -- RMS=6.925881, GCV=3.788454e-08, AIC = 1.098534
  Model addition step  32: Added term 1 0 1 1 0 0 -- RMS=6.649905, GCV=3.493337e-08, AIC = 1.017241
  Model addition step  33: Added term 1 0 0 0 3 0 -- RMS=6.404965, GCV=3.241462e-08, AIC = 0.942215
  Model addition step  34: Added term 1 0 0 1 2 0 -- RMS=6.148654, GCV=2.987894e-08, AIC = 0.860566
  Model addition step  35: Added term 0 0 0 0 1 2 -- RMS=5.914879, GCV=2.765633e-08, AIC = 0.783074
Change in error: 0.025529. No more terms added.
   36 polynomial terms were written for levscap1
levscap2
  RMS fit error of the full model is: 0.720187 mm
  maximum moment arm: 247.352230 mm
  maximum error allowed: 24.735223 mm
  Model addition step   1: Added term 1 0 0 0 1 0 -- RMS=143.293870, GCV=1.610803e-05, AIC = 7.156838
  Model addition step   2: Added term 0 0 0 0 1 1 -- RMS=125.038083, GCV=1.226787e-05, AIC = 6.884312
  Model addition step   3: Added term 0 0 1 0 0 0 -- RMS=104.571899, GCV=8.582461e-06, AIC = 6.526857
  Model addition step   4: Added term 0 0 0 1 0 0 -- RMS=81.759063, GCV=5.247482e-06, AIC = 6.034693
  Model addition step   5: Added term 0 0 0 0 0 0 -- RMS=58.367468, GCV=2.674966e-06, AIC = 5.360689
  Model addition step   6: Added term 2 1 0 0 0 1 -- RMS=50.394486, GCV=1.994527e-06, AIC = 5.066967
  Model addition step   7: Added term 0 0 0 0 1 0 -- RMS=43.484571, GCV=1.485394e-06, AIC = 4.772048
  Model addition step   8: Added term 1 2 0 0 0 0 -- RMS=38.349334, GCV=1.155538e-06, AIC = 4.520742
  Model addition step   9: Added term 0 1 0 0 2 0 -- RMS=34.337590, GCV=9.266287e-07, AIC = 4.299781
  Model addition step  10: Added term 1 0 0 0 2 1 -- RMS=31.592588, GCV=7.845741e-07, AIC = 4.133176
  Model addition step  11: Added term 1 0 0 0 0 0 -- RMS=29.015521, GCV=6.619448e-07, AIC = 3.963025
  Model addition step  12: Added term 0 0 0 0 0 1 -- RMS=23.993911, GCV=4.527522e-07, AIC = 3.582996
  Model addition step  13: Added term 0 1 1 0 0 0 -- RMS=21.211734, GCV=3.539226e-07, AIC = 3.336536
  Model addition step  14: Added term 0 1 0 0 3 0 -- RMS=19.180645, GCV=2.894542e-07, AIC = 3.135263
  Model addition step  15: Added term 0 0 2 1 0 0 -- RMS=17.819370, GCV=2.498823e-07, AIC = 2.988064
  Model addition step  16: Added term 1 0 0 0 0 1 -- RMS=16.600380, GCV=2.169124e-07, AIC = 2.846375
  Model addition step  17: Added term 0 4 0 0 0 0 -- RMS=15.859122, GCV=1.980177e-07, AIC = 2.755045
  Model addition step  18: Added term 1 1 0 0 0 0 -- RMS=13.903137, GCV=1.522190e-07, AIC = 2.491816
  Model addition step  19: Added term 0 0 0 4 0 0 -- RMS=13.033111, GCV=1.337941e-07, AIC = 2.362606
  Model addition step  20: Added term 0 0 1 0 3 0 -- RMS=12.196506, GCV=1.171951e-07, AIC = 2.229950
  Model addition step  21: Added term 2 0 0 0 2 0 -- RMS=11.532189, GCV=1.047996e-07, AIC = 2.117968
  Model addition step  22: Added term 0 1 1 1 0 1 -- RMS=11.132329, GCV=9.767998e-08, AIC = 2.047422
  Model addition step  23: Added term 1 0 0 1 0 2 -- RMS=10.797362, GCV=9.191077e-08, AIC = 1.986351
  Model addition step  24: Added term 0 1 0 1 0 1 -- RMS=10.460464, GCV=8.628406e-08, AIC = 1.922985
  Model addition step  25: Added term 0 0 0 0 2 0 -- RMS=10.123073, GCV=8.082598e-08, AIC = 1.857446
  Model addition step  26: Added term 1 0 0 0 3 0 -- RMS=9.498402, GCV=7.117459e-08, AIC = 1.730091
  Model addition step  27: Added term 0 0 0 0 0 2 -- RMS=8.951910, GCV=6.323432e-08, AIC = 1.611609
  Model addition step  28: Added term 1 0 0 1 2 0 -- RMS=8.509107, GCV=5.714616e-08, AIC = 1.510182
  Model addition step  29: Added term 0 1 2 0 0 1 -- RMS=8.177909, GCV=5.279602e-08, AIC = 1.430812
  Model addition step  30: Added term 0 1 0 0 1 0 -- RMS=7.896514, GCV=4.923627e-08, AIC = 1.360814
  Model addition step  31: Added term 0 3 0 0 0 0 -- RMS=7.535293, GCV=4.484482e-08, AIC = 1.267199
  Model addition step  32: Added term 2 1 1 0 0 0 -- RMS=7.261854, GCV=4.165860e-08, AIC = 1.193306
  Model addition step  33: Added term 0 0 1 2 0 1 -- RMS=6.980126, GCV=3.849762e-08, AIC = 1.114202
  Model addition step  34: Added term 0 0 0 2 2 0 -- RMS=6.759717, GCV=3.611287e-08, AIC = 1.050062
Change in error: 0.027930. No more terms added.
   35 polynomial terms were written for levscap2
pectmin1
  RMS fit error of the full model is: 0.457615 mm
  maximum moment arm: 149.821451 mm
  maximum error allowed: 14.982145 mm
  Model addition step   1: Added term 0 0 1 0 0 0 -- RMS=66.836118, GCV=3.504367e-06, AIC = 5.631530
  Model addition step   2: Added term 0 0 0 0 0 0 -- RMS=54.314448, GCV=2.314809e-06, AIC = 5.216656
  Model addition step   3: Added term 1 0 0 0 0 0 -- RMS=47.800133, GCV=1.793247e-06, AIC = 4.961164
  Model addition step   4: Added term 0 1 0 0 1 0 -- RMS=40.863061, GCV=1.310814e-06, AIC = 4.647592
  Model addition step   5: Added term 0 0 0 1 1 0 -- RMS=36.086330, GCV=1.022497e-06, AIC = 4.398999
  Model addition step   6: Added term 1 1 0 0 0 0 -- RMS=31.259618, GCV=7.674344e-07, AIC = 4.111857
  Model addition step   7: Added term 0 0 0 0 0 2 -- RMS=27.232499, GCV=5.825676e-07, AIC = 3.836057
  Model addition step   8: Added term 0 0 0 1 1 1 -- RMS=24.588950, GCV=4.750602e-07, AIC = 3.631862
  Model addition step   9: Added term 0 1 0 2 1 0 -- RMS=22.331341, GCV=3.919185e-07, AIC = 3.439282
  Model addition step  10: Added term 0 0 0 0 1 1 -- RMS=20.384073, GCV=3.266220e-07, AIC = 3.256839
  Model addition step  11: Added term 0 0 1 0 1 0 -- RMS=19.192673, GCV=2.896223e-07, AIC = 3.136421
  Model addition step  12: Added term 1 0 1 0 2 0 -- RMS=18.226714, GCV=2.612614e-07, AIC = 3.033172
  Model addition step  13: Added term 3 1 0 0 0 0 -- RMS=17.362747, GCV=2.371334e-07, AIC = 2.936081
  Model addition step  14: Added term 0 0 1 1 1 0 -- RMS=16.182554, GCV=2.060381e-07, AIC = 2.795327
  Model addition step  15: Added term 0 0 0 2 2 0 -- RMS=15.432518, GCV=1.874237e-07, AIC = 2.700445
  Model addition step  16: Added term 0 1 0 0 0 0 -- RMS=14.841280, GCV=1.733768e-07, AIC = 2.622348
  Model addition step  17: Added term 0 0 0 0 4 0 -- RMS=12.853958, GCV=1.300827e-07, AIC = 2.334859
  Model addition step  18: Added term 1 0 1 0 1 0 -- RMS=11.805104, GCV=1.097446e-07, AIC = 2.164651
  Model addition step  19: Added term 1 0 1 0 0 1 -- RMS=11.065278, GCV=9.644186e-08, AIC = 2.035244
  Model addition step  20: Added term 1 0 0 1 1 1 -- RMS=10.287144, GCV=8.337350e-08, AIC = 1.889441
  Model addition step  21: Added term 0 1 1 0 0 0 -- RMS=9.708689, GCV=7.427747e-08, AIC = 1.773726
  Model addition step  22: Added term 1 0 0 0 2 0 -- RMS=9.358572, GCV=6.903236e-08, AIC = 1.700301
  Model addition step  23: Added term 0 0 0 0 0 1 -- RMS=8.669097, GCV=5.924870e-08, AIC = 1.547277
  Model addition step  24: Added term 1 1 0 0 0 2 -- RMS=8.131456, GCV=5.213931e-08, AIC = 1.419259
  Model addition step  25: Added term 1 1 0 0 1 0 -- RMS=7.854813, GCV=4.866290e-08, AIC = 1.350065
  Model addition step  26: Added term 1 0 2 0 0 0 -- RMS=7.589601, GCV=4.544245e-08, AIC = 1.281402
  Model addition step  27: Added term 3 0 0 0 0 1 -- RMS=7.287936, GCV=4.191124e-08, AIC = 1.200316
  Model addition step  28: Added term 0 0 1 1 2 0 -- RMS=7.020500, GCV=3.890050e-08, AIC = 1.125576
Change in error: 0.028682. No more terms added.
   29 polynomial terms were written for pectmin1
pectmin2
  RMS fit error of the full model is: 0.805388 mm
  maximum moment arm: 203.217642 mm
  maximum error allowed: 20.321764 mm
  Model addition step   1: Added term 0 0 1 0 0 0 -- RMS=82.292059, GCV=5.312550e-06, AIC = 6.047592
  Model addition step   2: Added term 0 0 0 0 0 0 -- RMS=69.352355, GCV=3.774043e-06, AIC = 5.705475
  Model addition step   3: Added term 1 0 0 0 0 0 -- RMS=60.836415, GCV=2.904752e-06, AIC = 5.443484
  Model addition step   4: Added term 0 1 0 0 1 0 -- RMS=51.502681, GCV=2.082279e-06, AIC = 5.110407
  Model addition step   5: Added term 1 1 0 0 0 0 -- RMS=46.232133, GCV=1.678280e-06, AIC = 4.894521
  Model addition step   6: Added term 0 0 0 0 1 1 -- RMS=42.072409, GCV=1.390173e-06, AIC = 4.705988
  Model addition step   7: Added term 0 0 1 0 1 0 -- RMS=38.168269, GCV=1.144396e-06, AIC = 4.511244
  Model addition step   8: Added term 0 1 0 0 0 2 -- RMS=36.039116, GCV=1.020509e-06, AIC = 4.396477
  Model addition step   9: Added term 0 1 0 1 2 0 -- RMS=34.124442, GCV=9.151605e-07, AIC = 4.287327
  Model addition step  10: Added term 0 0 1 1 1 0 -- RMS=32.350290, GCV=8.226591e-07, AIC = 4.180577
  Model addition step  11: Added term 0 1 0 2 1 0 -- RMS=29.776135, GCV=6.971041e-07, AIC = 4.014778
  Model addition step  12: Added term 0 1 0 1 1 1 -- RMS=26.613662, GCV=5.570161e-07, AIC = 3.790245
  Model addition step  13: Added term 1 0 1 0 1 0 -- RMS=23.778665, GCV=4.447653e-07, AIC = 3.565005
  Model addition step  14: Added term 3 1 0 0 0 0 -- RMS=22.392389, GCV=3.945066e-07, AIC = 3.444902
  Model addition step  15: Added term 1 0 1 0 0 1 -- RMS=21.573543, GCV=3.662636e-07, AIC = 3.370427
  Model addition step  16: Added term 0 1 0 0 0 3 -- RMS=20.692961, GCV=3.370494e-07, AIC = 3.287111
Change in error: 0.027779. No more terms added.
   17 polynomial terms were written for pectmin2
pectmin3
  RMS fit error of the full model is: 1.435261 mm
  maximum moment arm: 237.724516 mm
  maximum error allowed: 23.772452 mm
  Model addition step   1: Added term 0 0 1 0 0 0 -- RMS=90.836963, GCV=6.473101e-06, AIC = 6.245176
  Model addition step   2: Added term 0 2 0 0 1 0 -- RMS=79.691409, GCV=4.983191e-06, AIC = 5.983399
  Model addition step   3: Added term 1 1 0 0 0 0 -- RMS=68.806734, GCV=3.715726e-06, AIC = 5.689710
  Model addition step   4: Added term 0 0 0 0 0 0 -- RMS=59.954471, GCV=2.821775e-06, AIC = 5.414310
  Model addition step   5: Added term 0 0 0 0 0 1 -- RMS=52.026827, GCV=2.125354e-06, AIC = 5.130690
  Model addition step   6: Added term 0 0 1 0 3 0 -- RMS=48.790329, GCV=1.869569e-06, AIC = 5.002268
  Model addition step   7: Added term 0 1 0 2 1 0 -- RMS=46.463898, GCV=1.695909e-06, AIC = 4.904587
  Model addition step   8: Added term 0 0 1 1 0 0 -- RMS=42.376842, GCV=1.410996e-06, AIC = 4.720471
  Model addition step   9: Added term 1 0 1 0 0 0 -- RMS=38.560152, GCV=1.168540e-06, AIC = 4.531738
  Model addition step  10: Added term 2 0 0 0 0 0 -- RMS=36.006914, GCV=1.019144e-06, AIC = 4.394753
  Model addition step  11: Added term 0 2 0 1 1 0 -- RMS=34.027888, GCV=9.103974e-07, AIC = 4.281724
  Model addition step  12: Added term 0 1 0 0 0 0 -- RMS=32.390175, GCV=8.250590e-07, AIC = 4.183106
  Model addition step  13: Added term 1 1 0 1 0 0 -- RMS=30.591813, GCV=7.361500e-07, AIC = 4.068892
  Model addition step  14: Added term 0 1 0 0 2 0 -- RMS=29.085697, GCV=6.655985e-07, AIC = 3.967952
  Model addition step  15: Added term 0 1 0 0 0 2 -- RMS=27.665346, GCV=6.023142e-07, AIC = 3.867853
  Model addition step  16: Added term 0 1 0 0 1 2 -- RMS=26.207036, GCV=5.406101e-07, AIC = 3.759579
  Model addition step  17: Added term 1 0 1 0 0 1 -- RMS=25.183670, GCV=4.993257e-07, AIC = 3.679947
  Model addition step  18: Added term 0 2 0 1 0 1 -- RMS=24.268164, GCV=4.637855e-07, AIC = 3.605918
  Model addition step  19: Added term 0 0 0 1 1 0 -- RMS=23.235620, GCV=4.252550e-07, AIC = 3.518992
  Model addition step  20: Added term 0 0 0 1 1 2 -- RMS=22.368386, GCV=3.941919e-07, AIC = 3.442949
  Model addition step  21: Added term 0 1 0 0 2 1 -- RMS=21.293296, GCV=3.572907e-07, AIC = 3.344468
  Model addition step  22: Added term 0 1 1 0 1 0 -- RMS=20.017303, GCV=3.158236e-07, AIC = 3.220910
Change in error: 0.029429. No more terms added.
   23 polynomial terms were written for pectmin3
pectmin4
  RMS fit error of the full model is: 1.562286 mm
  maximum moment arm: 256.732925 mm
  maximum error allowed: 25.673293 mm
  Model addition step   1: Added term 0 0 1 0 0 0 -- RMS=90.635316, GCV=6.444393e-06, AIC = 6.240731
  Model addition step   2: Added term 0 0 0 0 0 0 -- RMS=81.383302, GCV=5.197028e-06, AIC = 6.025415
  Model addition step   3: Added term 1 0 0 0 0 0 -- RMS=73.053215, GCV=4.188519e-06, AIC = 5.809484
  Model addition step   4: Added term 0 2 0 0 0 0 -- RMS=66.381823, GCV=3.459215e-06, AIC = 5.617986
  Model addition step   5: Added term 1 1 0 0 0 0 -- RMS=60.429488, GCV=2.867308e-06, AIC = 5.430126
  Model addition step   6: Added term 0 0 1 0 3 0 -- RMS=58.039710, GCV=2.645601e-06, AIC = 5.349458
  Model addition step   7: Added term 0 1 0 2 1 0 -- RMS=55.371375, GCV=2.408474e-06, AIC = 5.255361
  Model addition step   8: Added term 1 0 0 1 0 0 -- RMS=49.525904, GCV=1.927230e-06, AIC = 5.032259
  Model addition step   9: Added term 0 0 0 1 1 2 -- RMS=46.105244, GCV=1.670578e-06, AIC = 4.889153
  Model addition step  10: Added term 1 0 1 0 0 0 -- RMS=44.292220, GCV=1.542121e-06, AIC = 4.808949
  Model addition step  11: Added term 0 0 1 1 0 0 -- RMS=41.838457, GCV=1.376298e-06, AIC = 4.694995
  Model addition step  12: Added term 0 1 0 1 2 0 -- RMS=40.225497, GCV=1.272510e-06, AIC = 4.616397
  Model addition step  13: Added term 0 0 0 2 0 0 -- RMS=38.092533, GCV=1.141394e-06, AIC = 4.507464
  Model addition step  14: Added term 0 1 0 0 1 0 -- RMS=36.825902, GCV=1.066990e-06, AIC = 4.439862
  Model addition step  15: Added term 0 0 0 0 3 1 -- RMS=34.558415, GCV=9.398499e-07, AIC = 4.312794
  Model addition step  16: Added term 0 1 0 0 0 2 -- RMS=33.104052, GCV=8.626024e-07, AIC = 4.226835
  Model addition step  17: Added term 1 0 1 0 1 1 -- RMS=29.831669, GCV=7.006497e-07, AIC = 4.018697
  Model addition step  18: Added term 0 0 0 1 2 0 -- RMS=27.652770, GCV=6.021721e-07, AIC = 3.867039
  Model addition step  19: Added term 0 0 0 2 1 1 -- RMS=26.787599, GCV=5.652082e-07, AIC = 3.803498
Change in error: 0.027248. No more terms added.
   20 polynomial terms were written for pectmin4
rhomboid1
  RMS fit error of the full model is: 0.967827 mm
  maximum moment arm: 250.885979 mm
  maximum error allowed: 25.088598 mm
  Model addition step   1: Added term 1 0 0 0 1 0 -- RMS=137.317159, GCV=1.479234e-05, AIC = 7.071630
  Model addition step   2: Added term 0 0 0 0 1 1 -- RMS=117.581363, GCV=1.084829e-05, AIC = 6.761336
  Model addition step   3: Added term 0 0 0 1 0 0 -- RMS=99.729019, GCV=7.805935e-06, AIC = 6.432021
  Model addition step   4: Added term 0 0 1 0 0 0 -- RMS=87.319763, GCV=5.985553e-06, AIC = 6.166293
  Model addition step   5: Added term 0 0 0 0 0 0 -- RMS=73.355073, GCV=4.225099e-06, AIC = 5.817795
  Model addition step   6: Added term 0 1 0 0 0 0 -- RMS=49.214860, GCV=1.902245e-06, AIC = 5.019594
  Model addition step   7: Added term 0 0 0 0 1 0 -- RMS=40.118277, GCV=1.264317e-06, AIC = 4.610899
  Model addition step   8: Added term 1 1 0 0 0 0 -- RMS=35.821779, GCV=1.008238e-06, AIC = 4.384379
  Model addition step   9: Added term 1 0 0 0 2 1 -- RMS=30.770663, GCV=7.441146e-07, AIC = 4.080423
  Model addition step  10: Added term 1 0 1 0 1 0 -- RMS=26.583780, GCV=5.555166e-07, AIC = 3.787934
  Model addition step  11: Added term 0 0 0 0 0 1 -- RMS=24.751262, GCV=4.816768e-07, AIC = 3.645116
  Model addition step  12: Added term 1 0 0 0 0 0 -- RMS=21.199208, GCV=3.534254e-07, AIC = 3.335323
  Model addition step  13: Added term 0 0 0 0 0 2 -- RMS=19.522975, GCV=2.998112e-07, AIC = 3.170611
  Model addition step  14: Added term 0 3 0 0 0 0 -- RMS=18.215411, GCV=2.610546e-07, AIC = 3.031995
  Model addition step  15: Added term 0 0 0 0 2 0 -- RMS=17.088756, GCV=2.298115e-07, AIC = 2.904333
  Model addition step  16: Added term 0 0 1 0 0 1 -- RMS=15.895038, GCV=1.988710e-07, AIC = 2.759537
  Model addition step  17: Added term 2 1 1 0 0 0 -- RMS=14.576330, GCV=1.672793e-07, AIC = 2.586353
  Model addition step  18: Added term 0 1 1 2 0 0 -- RMS=13.652401, GCV=1.467782e-07, AIC = 2.455418
  Model addition step  19: Added term 1 0 0 0 2 0 -- RMS=12.892224, GCV=1.309171e-07, AIC = 2.340868
  Model addition step  20: Added term 0 3 0 0 1 0 -- RMS=12.341469, GCV=1.199975e-07, AIC = 2.253582
  Model addition step  21: Added term 0 1 0 1 0 0 -- RMS=11.436031, GCV=1.030592e-07, AIC = 2.101221
  Model addition step  22: Added term 1 3 0 0 0 0 -- RMS=10.883965, GCV=9.337010e-08, AIC = 2.002297
  Model addition step  23: Added term 0 0 0 1 2 0 -- RMS=10.384883, GCV=8.502259e-08, AIC = 1.908450
  Model addition step  24: Added term 0 1 1 0 2 0 -- RMS=9.947390, GCV=7.802737e-08, AIC = 1.822400
  Model addition step  25: Added term 0 0 0 0 0 3 -- RMS=9.526578, GCV=7.158139e-08, AIC = 1.735983
  Model addition step  26: Added term 0 0 2 0 1 0 -- RMS=9.177831, GCV=6.645137e-08, AIC = 1.661425
  Model addition step  27: Added term 0 0 1 2 0 0 -- RMS=8.831097, GCV=6.153905e-08, AIC = 1.584434
  Model addition step  28: Added term 3 0 0 0 0 0 -- RMS=8.519918, GCV=5.729146e-08, AIC = 1.512721
Change in error: 0.022241. No more terms added.
   29 polynomial terms were written for rhomboid1
rhomboid2
  RMS fit error of the full model is: 1.010834 mm
  maximum moment arm: 297.293386 mm
  maximum error allowed: 29.729339 mm
  Model addition step   1: Added term 1 0 0 0 1 0 -- RMS=164.019482, GCV=2.110464e-05, AIC = 7.427014
  Model addition step   2: Added term 0 0 0 0 1 1 -- RMS=138.557989, GCV=1.506425e-05, AIC = 7.089653
  Model addition step   3: Added term 0 1 0 0 0 0 -- RMS=122.701018, GCV=1.181621e-05, AIC = 6.846609
  Model addition step   4: Added term 0 0 0 0 0 0 -- RMS=101.424385, GCV=8.075398e-06, AIC = 6.465766
  Model addition step   5: Added term 0 0 0 1 0 0 -- RMS=80.961082, GCV=5.146704e-06, AIC = 6.015108
  Model addition step   6: Added term 0 0 1 0 1 0 -- RMS=55.152932, GCV=2.388972e-06, AIC = 5.247423
  Model addition step   7: Added term 1 0 0 0 2 1 -- RMS=49.256597, GCV=1.905900e-06, AIC = 5.021322
  Model addition step   8: Added term 1 0 1 0 0 0 -- RMS=44.279294, GCV=1.540530e-06, AIC = 4.808302
  Model addition step   9: Added term 1 2 0 0 0 0 -- RMS=39.708800, GCV=1.239195e-06, AIC = 4.590445
  Model addition step  10: Added term 0 0 0 1 1 0 -- RMS=36.511861, GCV=1.047928e-06, AIC = 4.422606
  Model addition step  11: Added term 2 0 0 0 2 0 -- RMS=34.320482, GCV=9.261211e-07, AIC = 4.298848
  Model addition step  12: Added term 0 0 0 0 2 2 -- RMS=32.097421, GCV=8.102121e-07, AIC = 4.164947
  Model addition step  13: Added term 0 0 0 0 1 0 -- RMS=29.820128, GCV=6.994794e-07, AIC = 4.017795
  Model addition step  14: Added term 1 0 0 0 0 0 -- RMS=27.702331, GCV=6.037901e-07, AIC = 3.870493
  Model addition step  15: Added term 0 0 0 0 0 1 -- RMS=23.903516, GCV=4.496498e-07, AIC = 3.575542
  Model addition step  16: Added term 0 0 0 0 2 0 -- RMS=21.971354, GCV=3.799811e-07, AIC = 3.407002
  Model addition step  17: Added term 0 1 0 0 1 0 -- RMS=20.220451, GCV=3.219049e-07, AIC = 3.240944
  Model addition step  18: Added term 1 0 0 0 1 1 -- RMS=19.216223, GCV=2.907900e-07, AIC = 3.139097
  Model addition step  19: Added term 0 0 2 0 1 0 -- RMS=18.229330, GCV=2.617473e-07, AIC = 3.033683
  Model addition step  20: Added term 0 2 1 0 0 1 -- RMS=17.062209, GCV=2.293554e-07, AIC = 2.901383
  Model addition step  21: Added term 0 1 0 2 0 0 -- RMS=16.050165, GCV=2.029995e-07, AIC = 2.779122
  Model addition step  22: Added term 0 4 0 0 0 0 -- RMS=15.117705, GCV=1.801380e-07, AIC = 2.659449
  Model addition step  23: Added term 3 1 0 0 0 0 -- RMS=14.061665, GCV=1.558851e-07, AIC = 2.514652
  Model addition step  24: Added term 2 0 2 0 0 0 -- RMS=13.161876, GCV=1.366043e-07, AIC = 2.382428
  Model addition step  25: Added term 0 1 0 0 0 3 -- RMS=12.417988, GCV=1.216266e-07, AIC = 2.266104
  Model addition step  26: Added term 0 1 0 1 2 0 -- RMS=11.198598, GCV=9.893528e-08, AIC = 2.059421
  Model addition step  27: Added term 0 3 0 0 0 1 -- RMS=10.508440, GCV=8.713607e-08, AIC = 1.932233
  Model addition step  28: Added term 0 0 1 0 1 1 -- RMS=9.933002, GCV=7.787178e-08, AIC = 1.819633
  Model addition step  29: Added term 1 1 0 0 1 0 -- RMS=9.448525, GCV=7.047657e-08, AIC = 1.719657
  Model addition step  30: Added term 1 1 0 1 1 0 -- RMS=9.136033, GCV=6.590671e-08, AIC = 1.652424
  Model addition step  31: Added term 0 0 1 1 1 0 -- RMS=8.775676, GCV=6.082375e-08, AIC = 1.571971
Change in error: 0.029949. No more terms added.
   32 polynomial terms were written for rhomboid2
rhomboid3
  RMS fit error of the full model is: 1.248836 mm
  maximum moment arm: 304.341434 mm
  maximum error allowed: 30.434143 mm
  Model addition step   1: Added term 1 0 0 0 1 0 -- RMS=163.256951, GCV=2.090887e-05, AIC = 7.417694
  Model addition step   2: Added term 0 0 0 0 1 1 -- RMS=137.014152, GCV=1.473043e-05, AIC = 7.067244
  Model addition step   3: Added term 0 0 0 1 0 0 -- RMS=121.221642, GCV=1.153300e-05, AIC = 6.822348
  Model addition step   4: Added term 0 1 0 0 0 0 -- RMS=104.343803, GCV=8.546976e-06, AIC = 6.522522
  Model addition step   5: Added term 0 0 0 0 0 0 -- RMS=81.974578, GCV=5.276366e-06, AIC = 6.039990
  Model addition step   6: Added term 0 0 1 0 1 0 -- RMS=55.364505, GCV=2.407336e-06, AIC = 5.255081
  Model addition step   7: Added term 1 0 0 0 2 1 -- RMS=50.256139, GCV=1.984036e-06, AIC = 5.061501
  Model addition step   8: Added term 0 1 0 0 2 1 -- RMS=45.754569, GCV=1.644893e-06, AIC = 4.873851
  Model addition step   9: Added term 1 0 1 0 1 0 -- RMS=41.029891, GCV=1.323021e-06, AIC = 4.655901
  Model addition step  10: Added term 0 2 0 0 1 0 -- RMS=38.211367, GCV=1.147754e-06, AIC = 4.513597
  Model addition step  11: Added term 2 0 0 0 2 0 -- RMS=35.958852, GCV=1.016653e-06, AIC = 4.392114
  Model addition step  12: Added term 0 0 0 0 2 2 -- RMS=34.350537, GCV=9.279520e-07, AIC = 4.300631
  Model addition step  13: Added term 0 0 0 1 1 0 -- RMS=32.973353, GCV=8.552284e-07, AIC = 4.218827
  Model addition step  14: Added term 1 0 0 0 0 0 -- RMS=31.857559, GCV=7.985064e-07, AIC = 4.150009
  Model addition step  15: Added term 0 0 0 0 3 0 -- RMS=28.635325, GCV=6.452902e-07, AIC = 3.936774
  Model addition step  16: Added term 0 0 0 0 0 1 -- RMS=25.408953, GCV=5.081851e-07, AIC = 3.697727
  Model addition step  17: Added term 1 3 0 0 0 0 -- RMS=23.879919, GCV=4.489640e-07, AIC = 3.573631
  Model addition step  18: Added term 0 2 0 0 2 0 -- RMS=21.216373, GCV=3.544750e-07, AIC = 3.337134
  Model addition step  19: Added term 0 2 1 0 0 0 -- RMS=19.739603, GCV=3.069147e-07, AIC = 3.192873
  Model addition step  20: Added term 2 1 1 0 0 0 -- RMS=18.294527, GCV=2.636822e-07, AIC = 3.040855
  Model addition step  21: Added term 0 1 0 0 1 1 -- RMS=17.009266, GCV=2.279854e-07, AIC = 2.895200
  Model addition step  22: Added term 0 0 1 0 0 0 -- RMS=16.012561, GCV=2.020948e-07, AIC = 2.774462
  Model addition step  23: Added term 0 1 0 2 1 0 -- RMS=15.126658, GCV=1.803919e-07, AIC = 2.660665
  Model addition step  24: Added term 0 1 0 1 2 0 -- RMS=14.398698, GCV=1.634839e-07, AIC = 2.562055
  Model addition step  25: Added term 2 1 0 0 0 0 -- RMS=13.369218, GCV=1.409737e-07, AIC = 2.413721
  Model addition step  26: Added term 0 2 1 1 0 0 -- RMS=12.695865, GCV=1.271594e-07, AIC = 2.310396
  Model addition step  27: Added term 1 0 0 1 0 1 -- RMS=12.268868, GCV=1.187765e-07, AIC = 2.242006
  Model addition step  28: Added term 0 2 0 0 1 1 -- RMS=11.834178, GCV=1.105338e-07, AIC = 2.169891
  Model addition step  29: Added term 1 1 0 2 0 0 -- RMS=11.442351, GCV=1.033588e-07, AIC = 2.102583
Change in error: 0.026422. No more terms added.
   30 polynomial terms were written for rhomboid3
rhomboid4
  RMS fit error of the full model is: 1.711567 mm
  maximum moment arm: 326.117063 mm
  maximum error allowed: 32.611706 mm
  Model addition step   1: Added term 1 0 0 0 1 0 -- RMS=173.680177, GCV=2.366397e-05, AIC = 7.541474
  Model addition step   2: Added term 0 0 0 0 1 1 -- RMS=144.514564, GCV=1.638731e-05, AIC = 7.173836
  Model addition step   3: Added term 0 1 0 0 0 0 -- RMS=120.720500, GCV=1.143784e-05, AIC = 6.814063
  Model addition step   4: Added term 0 0 0 1 0 0 -- RMS=98.773468, GCV=7.658784e-06, AIC = 6.412797
  Model addition step   5: Added term 0 0 0 0 0 0 -- RMS=74.775195, GCV=4.390274e-06, AIC = 5.856144
  Model addition step   6: Added term 1 0 1 0 0 0 -- RMS=53.721094, GCV=2.266541e-06, AIC = 5.194815
  Model addition step   7: Added term 1 0 0 0 2 1 -- RMS=47.605027, GCV=1.780233e-06, AIC = 4.953112
  Model addition step   8: Added term 0 1 0 0 2 1 -- RMS=44.405382, GCV=1.549316e-06, AIC = 4.813989
  Model addition step   9: Added term 2 0 0 0 2 0 -- RMS=42.591546, GCV=1.425650e-06, AIC = 4.730611
  Model addition step  10: Added term 0 2 0 0 1 0 -- RMS=40.550424, GCV=1.292571e-06, AIC = 4.632424
  Model addition step  11: Added term 0 2 1 0 1 0 -- RMS=37.930966, GCV=1.131225e-06, AIC = 4.498899
  Model addition step  12: Added term 0 0 0 0 2 2 -- RMS=36.198715, GCV=1.030492e-06, AIC = 4.405443
  Model addition step  13: Added term 0 0 0 1 1 0 -- RMS=34.840839, GCV=9.548455e-07, AIC = 4.329008
  Model addition step  14: Added term 1 0 0 0 0 0 -- RMS=33.057084, GCV=8.597703e-07, AIC = 4.223931
  Model addition step  15: Added term 0 0 0 0 3 0 -- RMS=30.612037, GCV=7.374547e-07, AIC = 4.070278
  Model addition step  16: Added term 0 0 0 0 0 1 -- RMS=26.846521, GCV=5.673152e-07, AIC = 3.807796
  Model addition step  17: Added term 1 3 0 0 0 0 -- RMS=25.174381, GCV=4.989574e-07, AIC = 3.679209
  Model addition step  18: Added term 0 2 0 0 2 0 -- RMS=22.734489, GCV=4.070181e-07, AIC = 3.475354
  Model addition step  19: Added term 0 1 0 1 2 0 -- RMS=21.212938, GCV=3.544398e-07, AIC = 3.336842
  Model addition step  20: Added term 2 1 0 0 0 0 -- RMS=19.539907, GCV=3.008039e-07, AIC = 3.172569
  Model addition step  21: Added term 0 0 1 0 0 0 -- RMS=18.008704, GCV=2.555647e-07, AIC = 3.009394
  Model addition step  22: Added term 1 1 0 1 1 0 -- RMS=16.957976, GCV=2.266635e-07, AIC = 2.889192
  Model addition step  23: Added term 0 2 0 0 1 1 -- RMS=15.859880, GCV=1.983037e-07, AIC = 2.755333
  Model addition step  24: Added term 1 1 1 0 0 0 -- RMS=14.930995, GCV=1.757949e-07, AIC = 2.634658
  Model addition step  25: Added term 0 0 1 0 1 2 -- RMS=14.275454, GCV=1.607334e-07, AIC = 2.544895
  Model addition step  26: Added term 1 0 0 2 0 1 -- RMS=13.666314, GCV=1.473420e-07, AIC = 2.457712
Change in error: 0.027383. No more terms added.
   27 polynomial terms were written for rhomboid4
rhomboid5
  RMS fit error of the full model is: 2.502253 mm
  maximum moment arm: 347.205516 mm
  maximum error allowed: 34.720552 mm
  Model addition step   1: Added term 1 0 0 0 1 0 -- RMS=184.539583, GCV=2.671568e-05, AIC = 7.662771
  Model addition step   2: Added term 0 0 0 0 1 1 -- RMS=153.466106, GCV=1.848032e-05, AIC = 7.294035
  Model addition step   3: Added term 0 1 0 0 0 0 -- RMS=124.293570, GCV=1.212493e-05, AIC = 6.872400
  Model addition step   4: Added term 0 0 0 1 0 0 -- RMS=97.132681, GCV=7.406447e-06, AIC = 6.379295
  Model addition step   5: Added term 0 0 0 0 0 0 -- RMS=75.579325, GCV=4.485208e-06, AIC = 5.877537
  Model addition step   6: Added term 1 0 1 0 0 0 -- RMS=59.431469, GCV=2.774003e-06, AIC = 5.396851
  Model addition step   7: Added term 1 0 0 0 2 1 -- RMS=54.781582, GCV=2.357439e-06, AIC = 5.233943
  Model addition step   8: Added term 0 1 0 0 2 1 -- RMS=51.914887, GCV=2.117642e-06, AIC = 5.126478
  Model addition step   9: Added term 0 0 1 0 0 0 -- RMS=49.092770, GCV=1.894093e-06, AIC = 5.014723
  Model addition step  10: Added term 0 1 1 0 0 0 -- RMS=44.551865, GCV=1.560254e-06, AIC = 4.820639
  Model addition step  11: Added term 0 2 0 0 0 0 -- RMS=42.328988, GCV=1.408759e-06, AIC = 4.718308
  Model addition step  12: Added term 2 0 0 0 2 0 -- RMS=40.245418, GCV=1.273771e-06, AIC = 4.617388
  Model addition step  13: Added term 0 0 0 0 2 2 -- RMS=38.453745, GCV=1.163143e-06, AIC = 4.526340
  Model addition step  14: Added term 0 0 0 1 1 0 -- RMS=37.268486, GCV=1.092790e-06, AIC = 4.463756
  Model addition step  15: Added term 3 1 0 0 0 0 -- RMS=35.152696, GCV=9.724519e-07, AIC = 4.346894
  Model addition step  16: Added term 0 3 0 0 0 1 -- RMS=34.079466, GCV=9.141846e-07, AIC = 4.284913
  Model addition step  17: Added term 0 1 0 1 2 0 -- RMS=32.435461, GCV=8.282968e-07, AIC = 4.186060
Change in error: 0.020300. No more terms added.
   18 polynomial terms were written for rhomboid5
serrant1
  RMS fit error of the full model is: 8.352358 mm
  maximum moment arm: 515.406194 mm
  maximum error allowed: 51.540619 mm
  Model addition step   1: Added term 0 0 0 1 0 0 -- RMS=231.359866, GCV=4.199167e-05, AIC = 8.114992
  Model addition step   2: Added term 1 0 0 0 0 0 -- RMS=190.249335, GCV=2.840081e-05, AIC = 7.723746
  Model addition step   3: Added term 0 1 0 0 1 0 -- RMS=158.552197, GCV=1.972997e-05, AIC = 7.359275
  Model addition step   4: Added term 0 0 1 0 2 0 -- RMS=133.475663, GCV=1.398567e-05, AIC = 7.014978
  Model addition step   5: Added term 0 1 1 0 2 0 -- RMS=123.551784, GCV=1.198601e-05, AIC = 6.860492
  Model addition step   6: Added term 0 0 0 0 0 0 -- RMS=114.479341, GCV=1.029267e-05, AIC = 6.707992
  Model addition step   7: Added term 0 0 0 1 0 1 -- RMS=106.462773, GCV=8.903625e-06, AIC = 6.562826
  Model addition step   8: Added term 0 3 0 0 0 0 -- RMS=102.560750, GCV=8.264776e-06, AIC = 6.488178
  Model addition step   9: Added term 0 0 0 0 4 0 -- RMS=97.007551, GCV=7.395665e-06, AIC = 6.376877
  Model addition step  10: Added term 0 1 0 0 2 0 -- RMS=89.248928, GCV=6.261373e-06, AIC = 6.210190
  Model addition step  11: Added term 0 0 0 0 0 1 -- RMS=85.788348, GCV=5.786522e-06, AIC = 6.131130
  Model addition step  12: Added term 0 0 0 0 1 1 -- RMS=78.237153, GCV=4.813761e-06, AIC = 5.946885
  Model addition step  13: Added term 1 0 0 0 3 0 -- RMS=74.976302, GCV=4.421849e-06, AIC = 5.861772
  Model addition step  14: Added term 0 0 2 0 2 0 -- RMS=72.623781, GCV=4.149646e-06, AIC = 5.798044
  Model addition step  15: Added term 0 0 1 0 2 1 -- RMS=67.585579, GCV=3.594669e-06, AIC = 5.654281
  Model addition step  16: Added term 0 0 0 0 0 2 -- RMS=62.148578, GCV=3.040260e-06, AIC = 5.486579
  Model addition step  17: Added term 1 0 0 0 0 1 -- RMS=60.036413, GCV=2.837758e-06, AIC = 5.417458
  Model addition step  18: Added term 1 0 1 0 2 0 -- RMS=57.783162, GCV=2.629335e-06, AIC = 5.340982
Change in error: 0.025539. No more terms added.
   19 polynomial terms were written for serrant1
serrant2
  RMS fit error of the full model is: 6.517409 mm
  maximum moment arm: 481.981575 mm
  maximum error allowed: 48.198157 mm
  Model addition step   1: Added term 0 0 0 1 0 0 -- RMS=226.645327, GCV=4.029774e-05, AIC = 8.073816
  Model addition step   2: Added term 1 0 0 0 0 0 -- RMS=189.990380, GCV=2.832355e-05, AIC = 7.721022
  Model addition step   3: Added term 0 1 0 0 1 0 -- RMS=147.831748, GCV=1.715210e-05, AIC = 7.219257
  Model addition step   4: Added term 0 0 1 0 3 0 -- RMS=128.615771, GCV=1.298577e-05, AIC = 6.940798
  Model addition step   5: Added term 0 0 0 0 0 0 -- RMS=117.998691, GCV=1.093279e-05, AIC = 6.768518
  Model addition step   6: Added term 0 0 0 1 0 1 -- RMS=108.748420, GCV=9.287950e-06, AIC = 6.605278
  Model addition step   7: Added term 0 1 1 0 2 0 -- RMS=101.804568, GCV=8.141527e-06, AIC = 6.473345
  Model addition step   8: Added term 0 2 0 0 0 0 -- RMS=97.100317, GCV=7.408154e-06, AIC = 6.378757
  Model addition step   9: Added term 0 0 0 0 4 0 -- RMS=91.646432, GCV=6.600810e-06, AIC = 6.263175
  Model addition step  10: Added term 0 1 0 0 2 0 -- RMS=86.763656, GCV=5.917514e-06, AIC = 6.153707
  Model addition step  11: Added term 0 0 2 0 0 0 -- RMS=82.177020, GCV=5.309600e-06, AIC = 6.045115
  Model addition step  12: Added term 0 0 1 0 0 2 -- RMS=77.341735, GCV=4.704205e-06, AIC = 5.923863
  Model addition step  13: Added term 0 1 0 0 0 1 -- RMS=73.874952, GCV=4.292896e-06, AIC = 5.832175
  Model addition step  14: Added term 0 1 0 0 2 1 -- RMS=65.984814, GCV=3.425637e-06, AIC = 5.606309
  Model addition step  15: Added term 0 0 2 0 1 1 -- RMS=62.582314, GCV=3.082152e-06, AIC = 5.500457
  Model addition step  16: Added term 0 1 0 0 0 3 -- RMS=57.567664, GCV=2.608588e-06, AIC = 5.333445
  Model addition step  17: Added term 0 1 1 0 0 0 -- RMS=54.377701, GCV=2.328024e-06, AIC = 5.219464
  Model addition step  18: Added term 3 1 0 0 0 0 -- RMS=52.041737, GCV=2.132784e-06, AIC = 5.131679
  Model addition step  19: Added term 1 0 0 0 2 1 -- RMS=50.341104, GCV=1.996119e-06, AIC = 5.065263
  Model addition step  20: Added term 2 0 0 0 2 0 -- RMS=48.593509, GCV=1.860351e-06, AIC = 4.994631
Change in error: 0.024735. No more terms added.
   21 polynomial terms were written for serrant2
serrant3
  RMS fit error of the full model is: 6.854475 mm
  maximum moment arm: 426.933231 mm
  maximum error allowed: 42.693323 mm
  Model addition step   1: Added term 0 0 0 1 0 0 -- RMS=208.177910, GCV=3.399824e-05, AIC = 7.903829
  Model addition step   2: Added term 0 1 0 0 1 0 -- RMS=174.117024, GCV=2.378849e-05, AIC = 7.546530
  Model addition step   3: Added term 1 0 0 0 0 0 -- RMS=134.742301, GCV=1.424918e-05, AIC = 7.033835
  Model addition step   4: Added term 0 0 1 0 3 0 -- RMS=121.376957, GCV=1.156516e-05, AIC = 6.824941
  Model addition step   5: Added term 0 0 0 0 0 0 -- RMS=109.910558, GCV=9.485394e-06, AIC = 6.626505
  Model addition step   6: Added term 0 0 0 1 0 1 -- RMS=100.444980, GCV=7.923744e-06, AIC = 6.446424
  Model addition step   7: Added term 0 1 1 0 2 0 -- RMS=94.846025, GCV=7.066585e-06, AIC = 6.331745
  Model addition step   8: Added term 0 0 2 0 0 0 -- RMS=89.941496, GCV=6.356074e-06, AIC = 6.225586
  Model addition step   9: Added term 0 2 0 0 0 0 -- RMS=85.924966, GCV=5.802363e-06, AIC = 6.134248
  Model addition step  10: Added term 0 0 0 0 3 0 -- RMS=80.923688, GCV=5.147720e-06, AIC = 6.014345
  Model addition step  11: Added term 0 2 0 0 0 1 -- RMS=76.522346, GCV=4.604024e-06, AIC = 5.902529
  Model addition step  12: Added term 1 0 0 0 2 1 -- RMS=71.236036, GCV=3.990781e-06, AIC = 5.759393
  Model addition step  13: Added term 0 1 0 0 2 0 -- RMS=66.638306, GCV=3.493042e-06, AIC = 5.625987
  Model addition step  14: Added term 0 0 0 2 0 0 -- RMS=63.453700, GCV=3.167869e-06, AIC = 5.528080
  Model addition step  15: Added term 0 0 0 0 0 1 -- RMS=60.508746, GCV=2.881291e-06, AIC = 5.433067
  Model addition step  16: Added term 0 0 0 0 2 2 -- RMS=55.523622, GCV=2.426632e-06, AIC = 5.261140
  Model addition step  17: Added term 0 0 1 0 2 1 -- RMS=50.576350, GCV=2.013914e-06, AIC = 5.074524
  Model addition step  18: Added term 0 1 1 0 1 0 -- RMS=47.913729, GCV=1.807854e-06, AIC = 4.966392
  Model addition step  19: Added term 0 1 1 0 0 2 -- RMS=46.323083, GCV=1.690191e-06, AIC = 4.898900
  Model addition step  20: Added term 0 0 2 0 0 1 -- RMS=44.364923, GCV=1.550665e-06, AIC = 4.812550
  Model addition step  21: Added term 0 1 0 0 0 3 -- RMS=42.029564, GCV=1.392021e-06, AIC = 4.704430
  Model addition step  22: Added term 1 0 1 0 1 0 -- RMS=40.581200, GCV=1.298026e-06, AIC = 4.634325
Change in error: 0.020449. No more terms added.
   23 polynomial terms were written for serrant3
serrant4
  RMS fit error of the full model is: 6.392700 mm
  maximum moment arm: 349.566815 mm
  maximum error allowed: 34.956681 mm
  Model addition step   1: Added term 0 0 0 1 0 0 -- RMS=170.787850, GCV=2.288237e-05, AIC = 7.507887
  Model addition step   2: Added term 0 1 0 0 1 0 -- RMS=137.497185, GCV=1.483447e-05, AIC = 7.074282
  Model addition step   3: Added term 1 0 0 0 0 0 -- RMS=106.134267, GCV=8.840831e-06, AIC = 6.556517
  Model addition step   4: Added term 0 0 0 0 0 0 -- RMS=93.214945, GCV=6.821035e-06, AIC = 6.296955
  Model addition step   5: Added term 0 0 0 1 0 1 -- RMS=85.918301, GCV=5.796261e-06, AIC = 6.133965
  Model addition step   6: Added term 0 0 2 0 2 0 -- RMS=78.299332, GCV=4.814931e-06, AIC = 5.948281
Change in error: 0.027774. No more terms added.
   7 polynomial terms were written for serrant4
serrant5
  RMS fit error of the full model is: 5.175807 mm
  maximum moment arm: 339.427598 mm
  maximum error allowed: 33.942760 mm
  Model addition step   1: Added term 0 1 0 0 1 0 -- RMS=153.144716, GCV=1.839887e-05, AIC = 7.289810
  Model addition step   2: Added term 0 0 0 1 0 0 -- RMS=124.186193, GCV=1.210127e-05, AIC = 6.870639
  Model addition step   3: Added term 1 0 0 0 0 0 -- RMS=96.817004, GCV=7.356735e-06, AIC = 6.372753
  Model addition step   4: Added term 0 0 0 0 0 0 -- RMS=82.886516, GCV=5.393205e-06, AIC = 6.062084
  Model addition step   5: Added term 0 0 0 1 0 1 -- RMS=75.969235, GCV=4.531605e-06, AIC = 5.887828
  Model addition step   6: Added term 0 1 1 0 0 0 -- RMS=73.280009, GCV=4.217402e-06, AIC = 5.815779
  Model addition step   7: Added term 0 0 2 0 2 0 -- RMS=68.152633, GCV=3.648687e-06, AIC = 5.670735
  Model addition step   8: Added term 0 2 0 0 0 0 -- RMS=64.975203, GCV=3.317142e-06, AIC = 5.575279
  Model addition step   9: Added term 0 0 0 0 3 0 -- RMS=61.039497, GCV=2.928114e-06, AIC = 5.450342
  Model addition step  10: Added term 0 1 0 0 2 0 -- RMS=56.947127, GCV=2.549219e-06, AIC = 5.311578
  Model addition step  11: Added term 0 3 0 0 0 1 -- RMS=54.003801, GCV=2.293030e-06, AIC = 5.205472
  Model addition step  12: Added term 1 0 0 0 2 1 -- RMS=49.752220, GCV=1.946630e-06, AIC = 5.041506
  Model addition step  13: Added term 0 0 1 0 3 0 -- RMS=46.890688, GCV=1.729534e-06, AIC = 4.923066
  Model addition step  14: Added term 0 0 0 2 0 0 -- RMS=44.043025, GCV=1.526187e-06, AIC = 4.797793
  Model addition step  15: Added term 0 1 1 2 0 0 -- RMS=42.408385, GCV=1.415319e-06, AIC = 4.722184
  Model addition step  16: Added term 0 1 1 0 0 2 -- RMS=41.117872, GCV=1.330790e-06, AIC = 4.660409
  Model addition step  17: Added term 0 0 0 0 2 2 -- RMS=39.569310, GCV=1.232715e-06, AIC = 4.583663
  Model addition step  18: Added term 0 1 0 0 0 1 -- RMS=37.265223, GCV=1.093581e-06, AIC = 4.463709
  Model addition step  19: Added term 0 1 1 1 0 1 -- RMS=36.079747, GCV=1.025340e-06, AIC = 4.399083
  Model addition step  20: Added term 1 0 2 0 1 0 -- RMS=34.978204, GCV=9.639032e-07, AIC = 4.337102
Change in error: 0.028368. No more terms added.
   21 polynomial terms were written for serrant5
serrant6
  RMS fit error of the full model is: 3.366762 mm
  maximum moment arm: 312.344663 mm
  maximum error allowed: 31.234466 mm
  Model addition step   1: Added term 0 1 0 0 1 0 -- RMS=127.908476, GCV=1.283470e-05, AIC = 6.929673
  Model addition step   2: Added term 0 0 0 1 0 0 -- RMS=107.386940, GCV=9.048725e-06, AIC = 6.579952
  Model addition step   3: Added term 1 0 0 0 0 0 -- RMS=92.276897, GCV=6.682944e-06, AIC = 6.276695
  Model addition step   4: Added term 0 0 0 0 0 0 -- RMS=77.899846, GCV=4.763787e-06, AIC = 5.937987
  Model addition step   5: Added term 0 0 1 0 0 0 -- RMS=65.758492, GCV=3.395316e-06, AIC = 5.599149
  Model addition step   6: Added term 0 0 0 0 0 2 -- RMS=60.683784, GCV=2.892140e-06, AIC = 5.438556
  Model addition step   7: Added term 0 0 2 0 2 0 -- RMS=56.860624, GCV=2.539771e-06, AIC = 5.308441
  Model addition step   8: Added term 0 2 0 1 0 0 -- RMS=53.840777, GCV=2.277673e-06, AIC = 5.199330
  Model addition step   9: Added term 0 0 1 1 0 0 -- RMS=51.965357, GCV=2.122237e-06, AIC = 5.128454
  Model addition step  10: Added term 0 0 1 0 1 2 -- RMS=49.915299, GCV=1.958533e-06, AIC = 5.047986
  Model addition step  11: Added term 1 0 0 0 3 0 -- RMS=48.167225, GCV=1.824166e-06, AIC = 4.976721
  Model addition step  12: Added term 1 1 0 0 2 0 -- RMS=44.625867, GCV=1.566144e-06, AIC = 4.824023
  Model addition step  13: Added term 0 2 0 0 0 0 -- RMS=40.435445, GCV=1.286117e-06, AIC = 4.626841
  Model addition step  14: Added term 1 0 1 0 0 0 -- RMS=38.939795, GCV=1.193001e-06, AIC = 4.551493
  Model addition step  15: Added term 0 0 1 0 2 0 -- RMS=37.557348, GCV=1.110045e-06, AIC = 4.479229
  Model addition step  16: Added term 0 0 0 0 3 1 -- RMS=36.201550, GCV=1.031579e-06, AIC = 4.405727
  Model addition step  17: Added term 0 1 0 0 2 1 -- RMS=30.086832, GCV=7.126869e-07, AIC = 4.035731
  Model addition step  18: Added term 0 1 1 0 2 0 -- RMS=28.424409, GCV=6.362477e-07, AIC = 3.922084
  Model addition step  19: Added term 0 0 1 0 2 1 -- RMS=27.053275, GCV=5.764751e-07, AIC = 3.823236
  Model addition step  20: Added term 0 1 0 2 1 0 -- RMS=25.443721, GCV=5.100346e-07, AIC = 3.700589
  Model addition step  21: Added term 1 1 0 0 1 0 -- RMS=23.589750, GCV=4.385132e-07, AIC = 3.549308
  Model addition step  22: Added term 2 2 0 0 0 0 -- RMS=22.777155, GCV=4.089144e-07, AIC = 3.479232
  Model addition step  23: Added term 1 0 2 0 1 0 -- RMS=22.005339, GCV=3.817572e-07, AIC = 3.410318
  Model addition step  24: Added term 0 0 0 0 1 3 -- RMS=21.023129, GCV=3.485165e-07, AIC = 3.319026
  Model addition step  25: Added term 0 0 1 1 0 1 -- RMS=20.173358, GCV=3.209835e-07, AIC = 3.236537
  Model addition step  26: Added term 0 1 0 1 0 0 -- RMS=19.467891, GCV=2.989934e-07, AIC = 3.165377
  Model addition step  27: Added term 0 2 0 1 0 1 -- RMS=18.856651, GCV=2.805760e-07, AIC = 3.101607
Change in error: 0.017186. No more terms added.
   28 polynomial terms were written for serrant6
serrant7
  RMS fit error of the full model is: 2.342602 mm
  maximum moment arm: 258.293739 mm
  maximum error allowed: 25.829374 mm
  Model addition step   1: Added term 0 1 0 0 1 0 -- RMS=96.656008, GCV=7.329002e-06, AIC = 6.369360
  Model addition step   2: Added term 0 0 0 1 1 0 -- RMS=86.436143, GCV=5.862397e-06, AIC = 6.145887
  Model addition step   3: Added term 0 0 0 0 0 0 -- RMS=76.353112, GCV=4.575466e-06, AIC = 5.897845
  Model addition step   4: Added term 0 0 1 0 0 0 -- RMS=64.084852, GCV=3.223962e-06, AIC = 5.547555
  Model addition step   5: Added term 0 0 0 0 0 1 -- RMS=57.167205, GCV=2.566082e-06, AIC = 5.319132
  Model addition step   6: Added term 0 1 1 1 0 0 -- RMS=52.600226, GCV=2.172947e-06, AIC = 5.152644
  Model addition step   7: Added term 0 0 0 0 0 2 -- RMS=49.696430, GCV=1.940089e-06, AIC = 5.039101
  Model addition step   8: Added term 0 0 0 0 1 0 -- RMS=47.559973, GCV=1.777264e-06, AIC = 4.951250
  Model addition step   9: Added term 0 1 0 0 0 0 -- RMS=42.501466, GCV=1.419626e-06, AIC = 4.726376
  Model addition step  10: Added term 0 1 0 0 0 1 -- RMS=40.603223, GCV=1.295939e-06, AIC = 4.635026
  Model addition step  11: Added term 1 1 1 0 0 0 -- RMS=38.480393, GCV=1.164233e-06, AIC = 4.527661
  Model addition step  12: Added term 2 2 0 0 0 0 -- RMS=35.130669, GCV=9.705799e-07, AIC = 4.345544
  Model addition step  13: Added term 0 0 2 0 1 0 -- RMS=31.196934, GCV=7.655609e-07, AIC = 4.108067
  Model addition step  14: Added term 0 1 0 2 1 0 -- RMS=27.879659, GCV=6.115448e-07, AIC = 3.883254
  Model addition step  15: Added term 0 2 0 0 1 0 -- RMS=25.971669, GCV=5.308240e-07, AIC = 3.741504
  Model addition step  16: Added term 0 0 1 1 0 1 -- RMS=24.279365, GCV=4.640054e-07, AIC = 3.606777
  Model addition step  17: Added term 0 0 1 0 3 0 -- RMS=22.963662, GCV=4.151721e-07, AIC = 3.495382
  Model addition step  18: Added term 2 1 0 1 0 0 -- RMS=21.591106, GCV=3.671074e-07, AIC = 3.372150
  Model addition step  19: Added term 0 0 1 1 0 0 -- RMS=20.549429, GCV=3.326139e-07, AIC = 3.273286
  Model addition step  20: Added term 0 1 0 1 0 0 -- RMS=18.895257, GCV=2.812833e-07, AIC = 3.105473
  Model addition step  21: Added term 1 0 1 1 1 0 -- RMS=18.084526, GCV=2.577213e-07, AIC = 3.017797
  Model addition step  22: Added term 1 0 0 0 0 0 -- RMS=17.417866, GCV=2.391241e-07, AIC = 2.942708
  Model addition step  23: Added term 1 1 0 0 2 0 -- RMS=15.747073, GCV=1.954928e-07, AIC = 2.741057
  Model addition step  24: Added term 1 0 1 0 0 0 -- RMS=15.003328, GCV=1.775023e-07, AIC = 2.644324
  Model addition step  25: Added term 1 0 0 0 2 0 -- RMS=14.276978, GCV=1.607677e-07, AIC = 2.545108
  Model addition step  26: Added term 0 1 0 0 1 2 -- RMS=13.545073, GCV=1.447393e-07, AIC = 2.439889
  Model addition step  27: Added term 1 1 0 0 1 1 -- RMS=13.063337, GCV=1.346572e-07, AIC = 2.367495
  Model addition step  28: Added term 1 1 0 0 0 0 -- RMS=12.577791, GCV=1.248613e-07, AIC = 2.291773
  Model addition step  29: Added term 0 1 0 2 0 0 -- RMS=12.138889, GCV=1.163254e-07, AIC = 2.220768
  Model addition step  30: Added term 0 0 0 0 4 0 -- RMS=11.681460, GCV=1.077479e-07, AIC = 2.143978
Change in error: 0.024025. No more terms added.
   31 polynomial terms were written for serrant7
serrant8
  RMS fit error of the full model is: 1.822092 mm
  maximum moment arm: 244.190007 mm
  maximum error allowed: 24.419001 mm
  Model addition step   1: Added term 0 1 0 0 1 0 -- RMS=94.581331, GCV=7.017751e-06, AIC = 6.325963
  Model addition step   2: Added term 1 0 0 0 1 0 -- RMS=83.529478, GCV=5.474747e-06, AIC = 6.077474
  Model addition step   3: Added term 0 0 1 0 0 0 -- RMS=75.169932, GCV=4.434760e-06, AIC = 5.866610
  Model addition step   4: Added term 0 0 0 0 0 2 -- RMS=67.433384, GCV=3.569678e-06, AIC = 5.649420
  Model addition step   5: Added term 0 0 1 1 0 0 -- RMS=59.385829, GCV=2.769123e-06, AIC = 5.395283
  Model addition step   6: Added term 0 0 0 0 0 0 -- RMS=51.088595, GCV=2.049849e-06, AIC = 5.094326
  Model addition step   7: Added term 0 0 0 0 1 1 -- RMS=47.626645, GCV=1.781851e-06, AIC = 4.954020
  Model addition step   8: Added term 0 1 0 0 1 1 -- RMS=44.552884, GCV=1.559626e-06, AIC = 4.820621
  Model addition step   9: Added term 0 1 0 2 1 0 -- RMS=41.839134, GCV=1.375725e-06, AIC = 4.694964
  Model addition step  10: Added term 1 0 1 0 0 0 -- RMS=40.088778, GCV=1.263308e-06, AIC = 4.609524
  Model addition step  11: Added term 0 0 2 0 1 0 -- RMS=38.184045, GCV=1.146370e-06, AIC = 4.512199
  Model addition step  12: Added term 1 1 0 0 2 0 -- RMS=36.858243, GCV=1.068385e-06, AIC = 4.441554
  Model addition step  13: Added term 2 0 0 0 2 0 -- RMS=35.182383, GCV=9.736579e-07, AIC = 4.348518
  Model addition step  14: Added term 0 3 0 1 0 0 -- RMS=33.510517, GCV=8.835185e-07, AIC = 4.251178
  Model addition step  15: Added term 0 3 0 0 0 1 -- RMS=32.000654, GCV=8.058766e-07, AIC = 4.159004
  Model addition step  16: Added term 1 0 0 1 0 0 -- RMS=30.287277, GCV=7.220525e-07, AIC = 4.048979
  Model addition step  17: Added term 2 2 0 0 0 0 -- RMS=29.234784, GCV=6.728924e-07, AIC = 3.978274
  Model addition step  18: Added term 0 0 0 0 2 0 -- RMS=26.934352, GCV=5.712897e-07, AIC = 3.814392
  Model addition step  19: Added term 0 1 0 0 2 0 -- RMS=23.278995, GCV=4.268442e-07, AIC = 3.522722
  Model addition step  20: Added term 0 1 0 0 1 2 -- RMS=21.689618, GCV=3.706314e-07, AIC = 3.381319
  Model addition step  21: Added term 0 0 1 0 0 1 -- RMS=20.123613, GCV=3.191155e-07, AIC = 3.231471
  Model addition step  22: Added term 0 2 0 0 0 0 -- RMS=19.077804, GCV=2.868734e-07, AIC = 3.124767
  Model addition step  23: Added term 0 0 1 0 1 2 -- RMS=18.115463, GCV=2.587200e-07, AIC = 3.021279
Change in error: 0.027853. No more terms added.
   24 polynomial terms were written for serrant8
serrant9
  RMS fit error of the full model is: 2.332922 mm
  maximum moment arm: 243.122663 mm
  maximum error allowed: 24.312266 mm
  Model addition step   1: Added term 0 1 0 0 1 0 -- RMS=86.973744, GCV=5.934218e-06, AIC = 6.158256
  Model addition step   2: Added term 1 0 0 0 2 0 -- RMS=75.867574, GCV=4.516446e-06, AIC = 5.885054
  Model addition step   3: Added term 0 0 0 0 1 2 -- RMS=68.352647, GCV=3.666845e-06, AIC = 5.676468
  Model addition step   4: Added term 0 0 1 0 2 0 -- RMS=62.826525, GCV=3.098598e-06, AIC = 5.507894
  Model addition step   5: Added term 0 0 0 0 0 0 -- RMS=58.237283, GCV=2.663047e-06, AIC = 5.356223
  Model addition step   6: Added term 0 0 1 1 0 0 -- RMS=53.640346, GCV=2.259733e-06, AIC = 5.191806
  Model addition step   7: Added term 1 0 0 1 0 0 -- RMS=49.303028, GCV=1.909495e-06, AIC = 5.023206
  Model addition step   8: Added term 0 1 0 0 1 2 -- RMS=47.591679, GCV=1.779634e-06, AIC = 4.952583
Change in error: 0.027985. No more terms added.
   9 polynomial terms were written for serrant9
serrant10
  RMS fit error of the full model is: 3.064166 mm
  maximum moment arm: 239.154988 mm
  maximum error allowed: 23.915499 mm
  Model addition step   1: Added term 0 1 0 0 1 0 -- RMS=85.811066, GCV=5.776619e-06, AIC = 6.131339
  Model addition step   2: Added term 1 0 0 0 1 0 -- RMS=74.706044, GCV=4.379212e-06, AIC = 5.854197
  Model addition step   3: Added term 0 0 0 0 1 2 -- RMS=67.077586, GCV=3.531317e-06, AIC = 5.638807
  Model addition step   4: Added term 0 0 1 0 0 1 -- RMS=61.613638, GCV=2.980114e-06, AIC = 5.468906
  Model addition step   5: Added term 0 0 0 1 1 0 -- RMS=56.621252, GCV=2.517303e-06, AIC = 5.299940
  Model addition step   6: Added term 0 0 0 0 1 0 -- RMS=51.694039, GCV=2.098722e-06, AIC = 5.117888
  Model addition step   7: Added term 0 0 0 0 0 1 -- RMS=46.706674, GCV=1.713678e-06, AIC = 4.915009
  Model addition step   8: Added term 0 2 0 0 0 0 -- RMS=41.548789, GCV=1.356393e-06, AIC = 4.681004
  Model addition step   9: Added term 1 0 1 0 2 0 -- RMS=38.138424, GCV=1.143119e-06, AIC = 4.509744
  Model addition step  10: Added term 0 1 1 1 0 0 -- RMS=34.196137, GCV=9.192162e-07, AIC = 4.291557
  Model addition step  11: Added term 0 1 0 0 1 2 -- RMS=32.498317, GCV=8.303912e-07, AIC = 4.189740
  Model addition step  12: Added term 0 2 0 2 0 0 -- RMS=30.976783, GCV=7.546248e-07, AIC = 4.093871
  Model addition step  13: Added term 0 2 0 0 2 0 -- RMS=29.454966, GCV=6.824533e-07, AIC = 3.993152
  Model addition step  14: Added term 2 1 0 0 1 0 -- RMS=27.980614, GCV=6.159818e-07, AIC = 3.890483
  Model addition step  15: Added term 0 0 2 0 2 0 -- RMS=26.908625, GCV=5.698150e-07, AIC = 3.812385
  Model addition step  16: Added term 1 1 1 0 0 0 -- RMS=25.656298, GCV=5.181271e-07, AIC = 3.717102
  Model addition step  17: Added term 0 0 1 0 1 1 -- RMS=24.520463, GCV=4.733727e-07, AIC = 3.626571
  Model addition step  18: Added term 1 0 0 0 0 1 -- RMS=23.475517, GCV=4.339840e-07, AIC = 3.539504
  Model addition step  19: Added term 0 0 0 0 0 2 -- RMS=21.950376, GCV=3.795114e-07, AIC = 3.405188
Change in error: 0.028868. No more terms added.
   20 polynomial terms were written for serrant10
serrant11
  RMS fit error of the full model is: 22.746437 mm
  maximum moment arm: 257.635641 mm
  maximum error allowed: 25.763564 mm
  Model addition step   1: Added term 0 1 0 0 1 0 -- RMS=83.453239, GCV=5.463533e-06, AIC = 6.075616
  Model addition step   2: Added term 0 0 1 0 0 1 -- RMS=75.651733, GCV=4.490785e-06, AIC = 5.879356
  Model addition step   3: Added term 1 0 0 0 2 0 -- RMS=67.598893, GCV=3.586419e-06, AIC = 5.654290
  Model addition step   4: Added term 0 0 0 0 2 1 -- RMS=61.802350, GCV=2.998397e-06, AIC = 5.475022
  Model addition step   5: Added term 0 0 0 1 2 0 -- RMS=57.944014, GCV=2.636293e-06, AIC = 5.346126
  Model addition step   6: Added term 0 0 0 0 1 0 -- RMS=55.794484, GCV=2.444874e-06, AIC = 5.270553
  Model addition step   7: Added term 0 1 0 0 2 0 -- RMS=50.013248, GCV=1.964905e-06, AIC = 5.051811
  Model addition step   8: Added term 1 0 1 0 1 0 -- RMS=48.353252, GCV=1.837046e-06, AIC = 4.984334
  Model addition step   9: Added term 0 0 1 1 0 0 -- RMS=44.436524, GCV=1.551838e-06, AIC = 4.815423
  Model addition step  10: Added term 0 0 0 0 0 2 -- RMS=42.084420, GCV=1.392215e-06, AIC = 4.706687
  Model addition step  11: Added term 0 1 0 1 1 1 -- RMS=39.935065, GCV=1.253920e-06, AIC = 4.601873
  Model addition step  12: Added term 0 0 2 0 1 0 -- RMS=38.405794, GCV=1.159984e-06, AIC = 4.523812
  Model addition step  13: Added term 2 2 0 0 0 0 -- RMS=36.646532, GCV=1.056384e-06, AIC = 4.430065
  Model addition step  14: Added term 0 2 0 0 0 0 -- RMS=35.321885, GCV=9.816149e-07, AIC = 4.356465
Change in error: 0.020905. No more terms added.
   15 polynomial terms were written for serrant11
deltscap1
  RMS fit error of the full model is: 2.261648 mm
  maximum moment arm: 127.265527 mm
  maximum error allowed: 12.726553 mm
  Model addition step   1: Added term 0 0 0 -- RMS=46.229131, GCV=9.580332e-07, AIC = 4.334672
  Model addition step   2: Added term 0 0 1 -- RMS=28.651553, GCV=3.680805e-07, AIC = 3.377923
  Model addition step   3: Added term 0 0 2 -- RMS=26.624107, GCV=3.179024e-07, AIC = 3.231198
  Model addition step   4: Added term 1 0 0 -- RMS=24.453632, GCV=2.682427e-07, AIC = 3.061177
  Model addition step   5: Added term 1 1 0 -- RMS=21.142161, GCV=2.005567e-07, AIC = 2.770214
  Model addition step   6: Added term 0 1 0 -- RMS=16.966945, GCV=1.291943e-07, AIC = 2.330266
  Model addition step   7: Added term 0 2 0 -- RMS=12.238971, GCV=6.723929e-08, AIC = 1.677038
  Model addition step   8: Added term 2 0 1 -- RMS=9.013994, GCV=3.648087e-08, AIC = 1.065400
  Model addition step   9: Added term 0 1 1 -- RMS=7.884617, GCV=2.791832e-08, AIC = 0.797727
  Model addition step  10: Added term 0 2 2 -- RMS=6.302461, GCV=1.784210e-08, AIC = 0.349836
  Model addition step  11: Added term 2 0 2 -- RMS=5.385439, GCV=1.303062e-08, AIC = 0.035409
  Model addition step  12: Added term 0 3 0 -- RMS=4.385216, GCV=8.641766e-09, AIC = -0.375454
  Model addition step  13: Added term 0 2 1 -- RMS=3.814063, GCV=6.538733e-09, AIC = -0.654486
  Model addition step  14: Added term 1 1 2 -- RMS=3.552007, GCV=5.672350e-09, AIC = -0.796794
  Model addition step  15: Added term 1 1 1 -- RMS=3.271342, GCV=4.812432e-09, AIC = -0.961364
  Model addition step  16: Added term 1 2 0 -- RMS=3.133981, GCV=4.417769e-09, AIC = -1.047100
Change in error: 0.012742. No more terms added.
   17 polynomial terms were written for deltscap1
deltscap2
  RMS fit error of the full model is: 8.430890 mm
  maximum moment arm: 101.323877 mm
  maximum error allowed: 10.132388 mm
  Model addition step   1: Added term 0 0 0 -- RMS=39.545200, GCV=7.010301e-07, AIC = 4.022340
  Model addition step   2: Added term 0 0 1 -- RMS=32.797539, GCV=4.823130e-07, AIC = 3.648214
  Model addition step   3: Added term 1 0 0 -- RMS=28.814068, GCV=3.723514e-07, AIC = 3.389291
  Model addition step   4: Added term 1 0 3 -- RMS=26.259429, GCV=3.093226e-07, AIC = 3.203670
  Model addition step   5: Added term 0 1 0 -- RMS=24.107057, GCV=2.607515e-07, AIC = 3.032685
  Model addition step   6: Added term 2 2 0 -- RMS=21.811332, GCV=2.135012e-07, AIC = 2.832591
  Model addition step   7: Added term 3 1 0 -- RMS=19.758197, GCV=1.752379e-07, AIC = 2.634924
  Model addition step   8: Added term 2 1 1 -- RMS=17.218255, GCV=1.331095e-07, AIC = 2.359784
  Model addition step   9: Added term 1 3 0 -- RMS=15.865141, GCV=1.130358e-07, AIC = 2.196148
  Model addition step  10: Added term 0 4 0 -- RMS=14.541330, GCV=9.498035e-08, AIC = 2.021945
  Model addition step  11: Added term 4 0 0 -- RMS=13.561339, GCV=8.262817e-08, AIC = 1.882458
  Model addition step  12: Added term 3 0 1 -- RMS=12.725737, GCV=7.277569e-08, AIC = 1.755321
  Model addition step  13: Added term 0 1 1 -- RMS=12.041291, GCV=6.517244e-08, AIC = 1.644807
  Model addition step  14: Added term 1 1 0 -- RMS=11.025366, GCV=5.465141e-08, AIC = 1.468577
  Model addition step  15: Added term 0 2 2 -- RMS=10.428458, GCV=4.890497e-08, AIC = 1.357313
Change in error: 0.011271. No more terms added.
   16 polynomial terms were written for deltscap2
deltscap3
  RMS fit error of the full model is: 2.775549 mm
  maximum moment arm: 82.127183 mm
  maximum error allowed: 8.212718 mm
  Model addition step   1: Added term 0 0 0 -- RMS=42.072753, GCV=7.935074e-07, AIC = 4.146252
  Model addition step   2: Added term 0 1 1 -- RMS=30.676956, GCV=4.219597e-07, AIC = 3.514531
  Model addition step   3: Added term 1 0 0 -- RMS=22.167231, GCV=2.203772e-07, AIC = 2.864794
  Model addition step   4: Added term 1 0 2 -- RMS=11.392325, GCV=5.821915e-08, AIC = 1.533499
  Model addition step   5: Added term 0 1 0 -- RMS=9.304256, GCV=3.884202e-08, AIC = 1.128619
  Model addition step   6: Added term 4 0 0 -- RMS=8.235319, GCV=3.043664e-08, AIC = 0.884596
  Model addition step   7: Added term 1 3 0 -- RMS=7.347328, GCV=2.423216e-08, AIC = 0.656461
  Model addition step   8: Added term 0 0 1 -- RMS=6.859436, GCV=2.112552e-08, AIC = 0.519094
  Model addition step   9: Added term 0 0 2 -- RMS=5.949046, GCV=1.589362e-08, AIC = 0.234361
  Model addition step  10: Added term 0 3 0 -- RMS=5.505884, GCV=1.361694e-08, AIC = 0.079590
  Model addition step  11: Added term 3 0 0 -- RMS=5.196225, GCV=1.213106e-08, AIC = -0.036123
  Model addition step  12: Added term 2 0 2 -- RMS=4.813345, GCV=1.041152e-08, AIC = -0.189148
  Model addition step  13: Added term 0 1 3 -- RMS=4.657902, GCV=9.752108e-09, AIC = -0.254746
Change in error: 0.021410. No more terms added.
   14 polynomial terms were written for deltscap3
deltscap4
  RMS fit error of the full model is: 0.970886 mm
  maximum moment arm: 73.554618 mm
  maximum error allowed: 7.355462 mm
  Model addition step   1: Added term 0 0 0 -- RMS=38.004521, GCV=6.474700e-07, AIC = 3.942862
  Model addition step   2: Added term 1 1 0 -- RMS=29.456053, GCV=3.890411e-07, AIC = 3.433306
  Model addition step   3: Added term 1 0 0 -- RMS=23.816436, GCV=2.543884e-07, AIC = 3.008315
  Model addition step   4: Added term 1 0 2 -- RMS=18.354775, GCV=1.511260e-07, AIC = 2.487399
  Model addition step   5: Added term 0 1 1 -- RMS=9.329962, GCV=3.905695e-08, AIC = 1.134137
  Model addition step   6: Added term 0 1 0 -- RMS=5.725014, GCV=1.470920e-08, AIC = 0.157422
  Model addition step   7: Added term 2 1 0 -- RMS=5.056517, GCV=1.147721e-08, AIC = -0.090856
  Model addition step   8: Added term 4 0 0 -- RMS=4.158184, GCV=7.763151e-09, AIC = -0.482000
  Model addition step   9: Added term 0 0 2 -- RMS=3.005399, GCV=4.056322e-09, AIC = -1.131280
  Model addition step  10: Added term 0 3 0 -- RMS=2.514884, GCV=2.840936e-09, AIC = -1.487591
  Model addition step  11: Added term 2 0 1 -- RMS=2.266304, GCV=2.307593e-09, AIC = -1.695688
  Model addition step  12: Added term 3 0 0 -- RMS=2.091989, GCV=1.966706e-09, AIC = -1.855701
  Model addition step  13: Added term 0 1 3 -- RMS=1.894617, GCV=1.613469e-09, AIC = -2.053843
  Model addition step  14: Added term 2 0 0 -- RMS=1.780394, GCV=1.425108e-09, AIC = -2.178151
  Model addition step  15: Added term 1 2 0 -- RMS=1.673485, GCV=1.259379e-09, AIC = -2.301948
  Model addition step  16: Added term 1 2 1 -- RMS=1.419846, GCV=9.067610e-10, AIC = -2.630611
  Model addition step  17: Added term 3 0 1 -- RMS=1.315131, GCV=7.781182e-10, AIC = -2.783780
  Model addition step  18: Added term 0 2 0 -- RMS=1.255097, GCV=7.088588e-10, AIC = -2.877171
  Model addition step  19: Added term 2 1 1 -- RMS=1.199814, GCV=6.479340e-10, AIC = -2.967207
  Model addition step  20: Added term 1 0 1 -- RMS=1.153113, GCV=5.986097e-10, AIC = -3.046554
  Model addition step  21: Added term 0 1 2 -- RMS=1.111294, GCV=5.561036e-10, AIC = -3.120378
  Model addition step  22: Added term 0 0 1 -- RMS=1.068688, GCV=5.143955e-10, AIC = -3.198509
Change in error: 0.016561. No more terms added.
   23 polynomial terms were written for deltscap4
deltscap5
  RMS fit error of the full model is: 0.506786 mm
  maximum moment arm: 66.759785 mm
  maximum error allowed: 6.675978 mm
  Model addition step   1: Added term 0 0 0 -- RMS=37.537505, GCV=6.316549e-07, AIC = 3.918133
  Model addition step   2: Added term 1 1 0 -- RMS=29.420438, GCV=3.881009e-07, AIC = 3.430887
  Model addition step   3: Added term 0 0 2 -- RMS=20.913239, GCV=1.961491e-07, AIC = 2.748328
  Model addition step   4: Added term 1 0 0 -- RMS=17.540638, GCV=1.380168e-07, AIC = 2.396660
  Model addition step   5: Added term 0 1 0 -- RMS=12.958769, GCV=7.534701e-08, AIC = 1.791221
  Model addition step   6: Added term 2 0 1 -- RMS=9.067496, GCV=3.689866e-08, AIC = 1.077124
  Model addition step   7: Added term 0 0 1 -- RMS=7.671567, GCV=2.641809e-08, AIC = 0.742829
  Model addition step   8: Added term 0 1 1 -- RMS=4.551981, GCV=9.303181e-09, AIC = -0.301032
  Model addition step   9: Added term 2 0 2 -- RMS=3.483026, GCV=5.448054e-09, AIC = -0.836298
  Model addition step  10: Added term 0 2 0 -- RMS=2.833048, GCV=3.605234e-09, AIC = -1.249338
  Model addition step  11: Added term 0 3 0 -- RMS=2.585387, GCV=3.003131e-09, AIC = -1.432238
  Model addition step  12: Added term 3 0 0 -- RMS=2.310508, GCV=2.399027e-09, AIC = -1.656998
  Model addition step  13: Added term 1 0 1 -- RMS=2.010025, GCV=1.816020e-09, AIC = -1.935582
  Model addition step  14: Added term 0 3 1 -- RMS=1.720857, GCV=1.331389e-09, AIC = -2.246176
  Model addition step  15: Added term 1 2 0 -- RMS=1.440856, GCV=9.335859e-10, AIC = -2.601289
  Model addition step  16: Added term 0 2 1 -- RMS=1.340968, GCV=8.088111e-10, AIC = -2.744925
  Model addition step  17: Added term 0 1 2 -- RMS=1.157085, GCV=6.023352e-10, AIC = -3.039845
  Model addition step  18: Added term 2 0 0 -- RMS=1.037167, GCV=4.840638e-10, AIC = -3.258610
  Model addition step  19: Added term 2 2 0 -- RMS=0.983295, GCV=4.351816e-10, AIC = -3.365232
Change in error: 0.020751. No more terms added.
   20 polynomial terms were written for deltscap5
deltscap6
  RMS fit error of the full model is: 1.038736 mm
  maximum moment arm: 77.608108 mm
  maximum error allowed: 7.760811 mm
  Model addition step   1: Added term 0 0 0 -- RMS=38.730976, GCV=6.724593e-07, AIC = 3.980731
  Model addition step   2: Added term 1 1 0 -- RMS=30.222001, GCV=4.095367e-07, AIC = 3.484648
  Model addition step   3: Added term 0 0 2 -- RMS=24.046260, GCV=2.593217e-07, AIC = 3.027522
  Model addition step   4: Added term 1 0 0 -- RMS=18.775505, GCV=1.581337e-07, AIC = 2.532726
  Model addition step   5: Added term 0 1 1 -- RMS=11.364713, GCV=5.795027e-08, AIC = 1.528702
  Model addition step   6: Added term 2 0 0 -- RMS=8.026745, GCV=2.891444e-08, AIC = 0.833290
  Model addition step   7: Added term 0 1 0 -- RMS=5.242969, GCV=1.233922e-08, AIC = -0.018437
  Model addition step   8: Added term 3 0 1 -- RMS=4.310225, GCV=8.341238e-09, AIC = -0.410176
  Model addition step   9: Added term 0 0 1 -- RMS=3.652332, GCV=5.990575e-09, AIC = -0.741369
  Model addition step  10: Added term 2 1 0 -- RMS=3.384495, GCV=5.145331e-09, AIC = -0.893635
  Model addition step  11: Added term 2 1 1 -- RMS=2.945555, GCV=3.898137e-09, AIC = -1.171394
  Model addition step  12: Added term 1 0 1 -- RMS=2.707769, GCV=3.294910e-09, AIC = -1.339682
  Model addition step  13: Added term 0 2 0 -- RMS=2.464740, GCV=2.730613e-09, AIC = -1.527704
  Model addition step  14: Added term 0 3 0 -- RMS=2.141951, GCV=2.062691e-09, AIC = -1.808387
  Model addition step  15: Added term 1 2 0 -- RMS=1.778232, GCV=1.421967e-09, AIC = -2.180526
  Model addition step  16: Added term 1 2 1 -- RMS=1.620379, GCV=1.180983e-09, AIC = -2.366388
  Model addition step  17: Added term 1 1 2 -- RMS=1.561404, GCV=1.096827e-09, AIC = -2.440481
Change in error: 0.016367. No more terms added.
   18 polynomial terms were written for deltscap6
deltscap7
  RMS fit error of the full model is: 0.802293 mm
  maximum moment arm: 72.658201 mm
  maximum error allowed: 7.265820 mm
  Model addition step   1: Added term 0 0 0 -- RMS=36.627609, GCV=6.014039e-07, AIC = 3.869056
  Model addition step   2: Added term 1 1 0 -- RMS=28.440239, GCV=3.626711e-07, AIC = 3.363117
  Model addition step   3: Added term 0 0 2 -- RMS=22.064778, GCV=2.183448e-07, AIC = 2.855529
  Model addition step   4: Added term 1 0 0 -- RMS=16.221345, GCV=1.180361e-07, AIC = 2.240275
  Model addition step   5: Added term 0 1 1 -- RMS=10.120154, GCV=4.595288e-08, AIC = 1.296733
  Model addition step   6: Added term 2 0 0 -- RMS=7.077069, GCV=2.247723e-08, AIC = 0.581451
  Model addition step   7: Added term 0 1 0 -- RMS=5.373705, GCV=1.296226e-08, AIC = 0.030823
  Model addition step   8: Added term 0 0 1 -- RMS=4.020633, GCV=7.258043e-09, AIC = -0.549278
  Model addition step   9: Added term 3 0 1 -- RMS=3.082841, GCV=4.268059e-09, AIC = -1.080397
  Model addition step  10: Added term 2 1 0 -- RMS=2.841150, GCV=3.625883e-09, AIC = -1.243627
  Model addition step  11: Added term 1 1 2 -- RMS=2.550954, GCV=2.923668e-09, AIC = -1.459054
  Model addition step  12: Added term 0 2 0 -- RMS=2.331703, GCV=2.443243e-09, AIC = -1.638735
  Model addition step  13: Added term 1 2 0 -- RMS=2.069573, GCV=1.925215e-09, AIC = -1.877192
  Model addition step  14: Added term 1 0 1 -- RMS=1.827233, GCV=1.501078e-09, AIC = -2.126214
  Model addition step  15: Added term 0 3 0 -- RMS=1.535400, GCV=1.060122e-09, AIC = -2.474182
  Model addition step  16: Added term 1 2 1 -- RMS=1.295416, GCV=7.547949e-10, AIC = -2.814044
  Model addition step  17: Added term 0 2 1 -- RMS=1.238543, GCV=6.901289e-10, AIC = -2.903780
  Model addition step  18: Added term 0 0 3 -- RMS=1.201321, GCV=6.494164e-10, AIC = -2.964753
Change in error: 0.013294. No more terms added.
   19 polynomial terms were written for deltscap7
deltscap8
  RMS fit error of the full model is: 0.811600 mm
  maximum moment arm: 77.355583 mm
  maximum error allowed: 7.735558 mm
  Model addition step   1: Added term 0 0 0 -- RMS=39.534968, GCV=7.006673e-07, AIC = 4.021823
  Model addition step   2: Added term 1 1 0 -- RMS=31.201976, GCV=4.365265e-07, AIC = 3.548470
  Model addition step   3: Added term 0 0 2 -- RMS=21.263314, GCV=2.027709e-07, AIC = 2.781530
  Model addition step   4: Added term 1 0 0 -- RMS=18.081534, GCV=1.466600e-07, AIC = 2.457402
  Model addition step   5: Added term 0 1 0 -- RMS=14.427957, GCV=9.340028e-08, AIC = 2.006011
  Model addition step   6: Added term 2 0 0 -- RMS=9.777383, GCV=4.290236e-08, AIC = 1.227875
  Model addition step   7: Added term 0 1 1 -- RMS=7.958980, GCV=2.843466e-08, AIC = 0.816389
  Model addition step   8: Added term 0 0 1 -- RMS=4.767168, GCV=1.020356e-08, AIC = -0.208652
  Model addition step   9: Added term 0 2 0 -- RMS=3.446668, GCV=5.334907e-09, AIC = -0.857285
  Model addition step  10: Added term 3 0 1 -- RMS=2.898999, GCV=3.775042e-09, AIC = -1.203313
  Model addition step  11: Added term 1 2 0 -- RMS=2.701579, GCV=3.279127e-09, AIC = -1.344316
  Model addition step  12: Added term 1 0 1 -- RMS=2.447744, GCV=2.692480e-09, AIC = -1.541599
  Model addition step  13: Added term 3 0 0 -- RMS=2.132855, GCV=2.044751e-09, AIC = -1.816954
  Model addition step  14: Added term 0 2 1 -- RMS=1.825435, GCV=1.498126e-09, AIC = -2.128183
  Model addition step  15: Added term 0 3 0 -- RMS=1.591239, GCV=1.138633e-09, AIC = -2.402738
  Model addition step  16: Added term 0 1 2 -- RMS=1.417968, GCV=9.043638e-10, AIC = -2.633258
  Model addition step  17: Added term 0 0 3 -- RMS=1.361756, GCV=8.342692e-10, AIC = -2.714103
Change in error: 0.025274. No more terms added.
   18 polynomial terms were written for deltscap8
deltscap9
  RMS fit error of the full model is: 0.855219 mm
  maximum moment arm: 74.558759 mm
  maximum error allowed: 7.455876 mm
  Model addition step   1: Added term 0 0 0 -- RMS=40.594887, GCV=7.387403e-07, AIC = 4.074736
  Model addition step   2: Added term 1 1 0 -- RMS=32.038466, GCV=4.602458e-07, AIC = 3.601382
  Model addition step   3: Added term 0 0 1 -- RMS=20.626137, GCV=1.908005e-07, AIC = 2.720682
  Model addition step   4: Added term 0 2 1 -- RMS=18.417607, GCV=1.521625e-07, AIC = 2.494234
  Model addition step   5: Added term 1 0 0 -- RMS=17.225224, GCV=1.331277e-07, AIC = 2.360425
  Model addition step   6: Added term 2 0 0 -- RMS=11.596557, GCV=6.035232e-08, AIC = 1.569148
  Model addition step   7: Added term 0 1 1 -- RMS=6.724022, GCV=2.029511e-08, AIC = 0.479160
  Model addition step   8: Added term 0 0 2 -- RMS=5.429871, GCV=1.323761e-08, AIC = 0.051674
  Model addition step   9: Added term 0 1 0 -- RMS=3.507183, GCV=5.523890e-09, AIC = -0.822474
  Model addition step  10: Added term 1 0 1 -- RMS=3.170014, GCV=4.513858e-09, AIC = -1.024572
  Model addition step  11: Added term 0 1 2 -- RMS=2.840310, GCV=3.624552e-09, AIC = -1.244162
  Model addition step  12: Added term 3 0 0 -- RMS=2.462146, GCV=2.724257e-09, AIC = -1.529865
  Model addition step  13: Added term 3 0 1 -- RMS=2.145888, GCV=2.069817e-09, AIC = -1.804769
  Model addition step  14: Added term 1 2 0 -- RMS=1.867766, GCV=1.568412e-09, AIC = -2.082335
  Model addition step  15: Added term 0 3 0 -- RMS=1.719002, GCV=1.328819e-09, AIC = -2.248276
  Model addition step  16: Added term 0 2 0 -- RMS=1.502070, GCV=1.014823e-09, AIC = -2.518020
  Model addition step  17: Added term 3 1 0 -- RMS=1.337995, GCV=8.054096e-10, AIC = -2.749308
  Model addition step  18: Added term 0 0 3 -- RMS=1.225455, GCV=6.757717e-10, AIC = -2.924972
  Model addition step  19: Added term 2 1 0 -- RMS=1.140525, GCV=5.854802e-10, AIC = -3.068563
  Model addition step  20: Added term 0 1 3 -- RMS=1.066736, GCV=5.122881e-10, AIC = -3.202277
  Model addition step  21: Added term 0 0 4 -- RMS=1.004187, GCV=4.540749e-10, AIC = -3.323071
  Model addition step  22: Added term 0 3 1 -- RMS=0.971622, GCV=4.251973e-10, AIC = -3.388948
Change in error: 0.015312. No more terms added.
   23 polynomial terms were written for deltscap9
deltscap10
  RMS fit error of the full model is: 0.633647 mm
  maximum moment arm: 72.898837 mm
  maximum error allowed: 7.289884 mm
  Model addition step   1: Added term 0 0 0 -- RMS=40.577164, GCV=7.380954e-07, AIC = 4.073862
  Model addition step   2: Added term 0 0 1 -- RMS=29.391515, GCV=3.873383e-07, AIC = 3.428920
  Model addition step   3: Added term 0 1 1 -- RMS=18.544797, GCV=1.542368e-07, AIC = 2.507942
  Model addition step   4: Added term 4 0 0 -- RMS=15.732917, GCV=1.110349e-07, AIC = 2.179130
  Model addition step   5: Added term 1 0 0 -- RMS=12.023324, GCV=6.486160e-08, AIC = 1.641372
  Model addition step   6: Added term 2 0 0 -- RMS=8.883679, GCV=3.541780e-08, AIC = 1.036163
  Model addition step   7: Added term 0 1 0 -- RMS=7.470366, GCV=2.505054e-08, AIC = 0.689676
  Model addition step   8: Added term 1 1 0 -- RMS=6.125795, GCV=1.684828e-08, AIC = 0.292861
  Model addition step   9: Added term 0 2 1 -- RMS=4.111720, GCV=7.592331e-09, AIC = -0.504418
  Model addition step  10: Added term 0 0 2 -- RMS=3.381015, GCV=5.134756e-09, AIC = -0.895692
  Model addition step  11: Added term 1 1 1 -- RMS=2.849817, GCV=3.648856e-09, AIC = -1.237479
  Model addition step  12: Added term 0 2 0 -- RMS=2.494898, GCV=2.797216e-09, AIC = -1.503436
  Model addition step  13: Added term 0 2 2 -- RMS=2.339298, GCV=2.459739e-09, AIC = -1.632175
  Model addition step  14: Added term 1 1 2 -- RMS=2.160856, GCV=2.099263e-09, AIC = -1.790812
  Model addition step  15: Added term 0 3 0 -- RMS=1.995516, GCV=1.790701e-09, AIC = -1.949959
  Model addition step  16: Added term 3 0 0 -- RMS=1.892210, GCV=1.610457e-09, AIC = -2.056217
  Model addition step  17: Added term 3 0 1 -- RMS=1.800908, GCV=1.459120e-09, AIC = -2.155070
  Model addition step  18: Added term 1 0 1 -- RMS=1.342532, GCV=8.110629e-10, AIC = -2.742482
  Model addition step  19: Added term 2 0 1 -- RMS=1.144272, GCV=5.893338e-10, AIC = -3.062003
  Model addition step  20: Added term 0 3 1 -- RMS=1.083811, GCV=5.288199e-10, AIC = -3.170516
  Model addition step  21: Added term 3 1 0 -- RMS=1.043707, GCV=4.905184e-10, AIC = -3.245870
  Model addition step  22: Added term 1 2 0 -- RMS=0.992772, GCV=4.439100e-10, AIC = -3.345880
  Model addition step  23: Added term 0 1 2 -- RMS=0.927506, GCV=3.875493e-10, AIC = -3.481827
  Model addition step  24: Added term 0 1 3 -- RMS=0.838392, GCV=3.167271e-10, AIC = -3.683798
  Model addition step  25: Added term 2 0 2 -- RMS=0.772684, GCV=2.690865e-10, AIC = -3.846975
  Model addition step  26: Added term 1 0 2 -- RMS=0.742803, GCV=2.487327e-10, AIC = -3.925798
  Model addition step  27: Added term 1 0 3 -- RMS=0.707050, GCV=2.254154e-10, AIC = -4.024400
  Model addition step  28: Added term 2 1 1 -- RMS=0.667257, GCV=2.008017e-10, AIC = -4.140196
  Model addition step  29: Added term 1 2 1 -- RMS=0.640344, GCV=1.849718e-10, AIC = -4.222479
Change in error: 0.002062. No more terms added.
   30 polynomial terms were written for deltscap10
deltscap11
  RMS fit error of the full model is: 0.710766 mm
  maximum moment arm: 74.615846 mm
  maximum error allowed: 7.461585 mm
  Model addition step   1: Added term 0 0 0 -- RMS=38.981370, GCV=6.811822e-07, AIC = 3.993619
  Model addition step   2: Added term 0 0 1 -- RMS=25.706735, GCV=2.963059e-07, AIC = 3.161013
  Model addition step   3: Added term 2 0 0 -- RMS=18.379438, GCV=1.514985e-07, AIC = 2.490029
  Model addition step   4: Added term 0 1 0 -- RMS=9.870704, GCV=4.370563e-08, AIC = 1.246762
  Model addition step   5: Added term 0 2 1 -- RMS=7.187785, GCV=2.318081e-08, AIC = 0.612442
  Model addition step   6: Added term 1 1 0 -- RMS=5.892732, GCV=1.558365e-08, AIC = 0.215171
  Model addition step   7: Added term 0 2 0 -- RMS=4.430115, GCV=8.809745e-09, AIC = -0.355361
  Model addition step   8: Added term 1 0 0 -- RMS=3.377049, GCV=5.120418e-09, AIC = -0.898152
  Model addition step   9: Added term 2 1 0 -- RMS=2.941980, GCV=3.886937e-09, AIC = -1.173935
  Model addition step  10: Added term 0 0 4 -- RMS=2.694248, GCV=3.260623e-09, AIC = -1.349806
  Model addition step  11: Added term 2 0 1 -- RMS=2.347822, GCV=2.476584e-09, AIC = -1.625012
  Model addition step  12: Added term 2 0 2 -- RMS=2.216605, GCV=2.207989e-09, AIC = -1.739979
  Model addition step  13: Added term 0 1 1 -- RMS=2.083322, GCV=1.950881e-09, AIC = -1.863948
  Model addition step  14: Added term 2 1 1 -- RMS=1.913188, GCV=1.645624e-09, AIC = -2.034279
  Model addition step  15: Added term 1 1 1 -- RMS=1.626447, GCV=1.189578e-09, AIC = -2.358968
  Model addition step  16: Added term 1 1 2 -- RMS=1.493902, GCV=1.003817e-09, AIC = -2.528925
  Model addition step  17: Added term 1 2 0 -- RMS=1.388609, GCV=8.674961e-10, AIC = -2.675048
  Model addition step  18: Added term 1 0 1 -- RMS=1.282948, GCV=7.406672e-10, AIC = -2.833276
  Model addition step  19: Added term 0 0 2 -- RMS=1.145688, GCV=5.907936e-10, AIC = -3.059529
  Model addition step  20: Added term 3 0 0 -- RMS=1.051196, GCV=4.974711e-10, AIC = -3.231627
  Model addition step  21: Added term 3 0 1 -- RMS=0.959635, GCV=4.146774e-10, AIC = -3.413832
  Model addition step  22: Added term 0 3 0 -- RMS=0.875842, GCV=3.454988e-10, AIC = -3.596512
  Model addition step  23: Added term 0 4 0 -- RMS=0.834682, GCV=3.138594e-10, AIC = -3.692725
  Model addition step  24: Added term 0 1 2 -- RMS=0.808491, GCV=2.945376e-10, AIC = -3.756432
  Model addition step  25: Added term 0 3 1 -- RMS=0.776432, GCV=2.717032e-10, AIC = -3.837297
Change in error: 0.024605. No more terms added.
   26 polynomial terms were written for deltscap11
deltclav1
  RMS fit error of the full model is: 3.207553 mm
  maximum moment arm: 103.381231 mm
  maximum error allowed: 10.338123 mm
  Model addition step   1: Added term 0 0 0 0 0 0 -- RMS=57.615293, GCV=2.604130e-06, AIC = 5.334619
  Model addition step   2: Added term 0 1 0 1 0 1 -- RMS=48.148939, GCV=1.819106e-06, AIC = 4.975673
  Model addition step   3: Added term 1 1 0 0 0 0 -- RMS=40.294926, GCV=1.274332e-06, AIC = 4.619558
  Model addition step   4: Added term 0 0 1 0 0 0 -- RMS=30.917416, GCV=7.503875e-07, AIC = 4.089779
  Model addition step   5: Added term 0 1 0 0 1 1 -- RMS=22.438484, GCV=3.953335e-07, AIC = 3.448726
  Model addition step   6: Added term 0 1 0 1 0 0 -- RMS=18.324249, GCV=2.637098e-07, AIC = 3.043654
  Model addition step   7: Added term 0 1 2 0 0 1 -- RMS=15.876747, GCV=1.980133e-07, AIC = 2.756946
  Model addition step   8: Added term 0 1 0 0 0 3 -- RMS=15.018461, GCV=1.772228e-07, AIC = 2.645828
  Model addition step   9: Added term 0 1 0 0 1 0 -- RMS=13.797606, GCV=1.496145e-07, AIC = 2.476289
  Model addition step  10: Added term 0 0 1 2 0 0 -- RMS=13.153641, GCV=1.360052e-07, AIC = 2.380729
  Model addition step  11: Added term 0 0 0 1 1 0 -- RMS=12.687963, GCV=1.265741e-07, AIC = 2.308671
  Model addition step  12: Added term 0 1 0 0 0 0 -- RMS=12.068754, GCV=1.145469e-07, AIC = 2.208635
  Model addition step  13: Added term 0 0 0 3 0 0 -- RMS=11.285712, GCV=1.001876e-07, AIC = 2.074502
  Model addition step  14: Added term 1 1 0 1 0 1 -- RMS=10.659977, GCV=8.940584e-08, AIC = 1.960452
  Model addition step  15: Added term 0 1 0 1 1 0 -- RMS=10.212928, GCV=8.208265e-08, AIC = 1.874800
  Model addition step  16: Added term 1 0 2 0 0 1 -- RMS=9.841819, GCV=7.624284e-08, AIC = 1.800804
  Model addition step  17: Added term 0 1 0 0 0 2 -- RMS=9.538391, GCV=7.163019e-08, AIC = 1.738205
  Model addition step  18: Added term 0 1 0 0 0 1 -- RMS=8.378125, GCV=5.527605e-08, AIC = 1.478836
Change in error: 0.020198. No more terms added.
   19 polynomial terms were written for deltclav1
deltclav2
  RMS fit error of the full model is: 1.489601 mm
  maximum moment arm: 140.805734 mm
  maximum error allowed: 14.080573 mm
  Model addition step   1: Added term 0 0 0 0 0 0 -- RMS=75.968370, GCV=4.527441e-06, AIC = 5.887677
  Model addition step   2: Added term 0 1 0 1 0 0 -- RMS=64.572771, GCV=3.271774e-06, AIC = 5.562661
  Model addition step   3: Added term 1 1 0 0 0 0 -- RMS=54.575112, GCV=2.337605e-06, AIC = 5.226263
  Model addition step   4: Added term 0 0 1 0 0 0 -- RMS=42.095786, GCV=1.391094e-06, AIC = 4.707035
  Model addition step   5: Added term 0 2 0 0 1 1 -- RMS=30.522413, GCV=7.314999e-07, AIC = 4.064094
  Model addition step   6: Added term 0 1 0 1 0 2 -- RMS=25.111100, GCV=4.952282e-07, AIC = 3.673823
  Model addition step   7: Added term 0 1 2 1 0 0 -- RMS=22.171597, GCV=3.861582e-07, AIC = 3.424859
  Model addition step   8: Added term 0 0 0 0 0 1 -- RMS=20.161055, GCV=3.193708e-07, AIC = 3.234773
  Model addition step   9: Added term 0 1 0 0 0 2 -- RMS=18.052690, GCV=2.561238e-07, AIC = 3.013889
  Model addition step  10: Added term 0 0 0 0 1 0 -- RMS=16.183205, GCV=2.058698e-07, AIC = 2.795279
  Model addition step  11: Added term 0 0 0 2 1 0 -- RMS=15.169467, GCV=1.809263e-07, AIC = 2.665933
  Model addition step  12: Added term 0 1 0 2 0 0 -- RMS=14.154021, GCV=1.575499e-07, AIC = 2.527393
  Model addition step  13: Added term 0 0 3 0 0 1 -- RMS=13.227838, GCV=1.376365e-07, AIC = 2.392074
  Model addition step  14: Added term 0 1 0 0 0 0 -- RMS=12.312609, GCV=1.192761e-07, AIC = 2.248707
  Model addition step  15: Added term 0 0 0 1 1 0 -- RMS=11.604736, GCV=1.059794e-07, AIC = 2.130318
  Model addition step  16: Added term 0 2 0 1 1 0 -- RMS=10.778339, GCV=9.144333e-08, AIC = 1.982600
  Model addition step  17: Added term 1 1 0 1 0 1 -- RMS=10.092473, GCV=8.019385e-08, AIC = 1.851135
  Model addition step  18: Added term 0 0 1 1 0 1 -- RMS=8.578040, GCV=5.794547e-08, AIC = 1.525998
  Model addition step  19: Added term 1 0 1 1 0 0 -- RMS=8.090746, GCV=5.156061e-08, AIC = 1.409061
  Model addition step  20: Added term 0 0 2 0 0 1 -- RMS=7.769385, GCV=4.755670e-08, AIC = 1.328033
  Model addition step  21: Added term 0 0 0 2 0 0 -- RMS=7.503388, GCV=4.436605e-08, AIC = 1.258393
  Model addition step  22: Added term 2 1 1 0 0 0 -- RMS=7.201219, GCV=4.087385e-08, AIC = 1.176216
  Model addition step  23: Added term 2 1 0 1 0 0 -- RMS=6.806049, GCV=3.651920e-08, AIC = 1.063371
  Model addition step  24: Added term 0 3 1 0 0 0 -- RMS=6.470038, GCV=3.300976e-08, AIC = 0.962144
  Model addition step  25: Added term 0 1 0 0 0 1 -- RMS=6.230062, GCV=3.061336e-08, AIC = 0.886584
  Model addition step  26: Added term 0 1 0 0 1 1 -- RMS=5.834133, GCV=2.685199e-08, AIC = 0.755295
  Model addition step  27: Added term 0 0 0 0 0 3 -- RMS=5.509163, GCV=2.394929e-08, AIC = 0.640701
  Model addition step  28: Added term 0 0 2 0 0 0 -- RMS=5.261195, GCV=2.184680e-08, AIC = 0.548624
  Model addition step  29: Added term 0 0 0 0 0 2 -- RMS=5.067519, GCV=2.027251e-08, AIC = 0.473642
  Model addition step  30: Added term 0 1 0 1 2 0 -- RMS=4.884379, GCV=1.883793e-08, AIC = 0.400056
  Model addition step  31: Added term 0 0 2 1 1 0 -- RMS=4.686079, GCV=1.734328e-08, AIC = 0.317196
  Model addition step  32: Added term 1 0 1 1 1 0 -- RMS=4.482487, GCV=1.587259e-08, AIC = 0.228392
  Model addition step  33: Added term 2 0 0 1 1 0 -- RMS=4.338736, GCV=1.487421e-08, AIC = 0.163234
Change in error: 0.028718. No more terms added.
   34 polynomial terms were written for deltclav2
deltclav3
  RMS fit error of the full model is: 1.938455 mm
  maximum moment arm: 126.936441 mm
  maximum error allowed: 12.693644 mm
  Model addition step   1: Added term 0 0 0 0 0 0 -- RMS=68.506735, GCV=3.681745e-06, AIC = 5.680907
  Model addition step   2: Added term 0 1 0 1 0 0 -- RMS=58.506758, GCV=2.685942e-06, AIC = 5.365360
  Model addition step   3: Added term 0 0 1 0 0 0 -- RMS=49.605710, GCV=1.931280e-06, AIC = 5.035319
  Model addition step   4: Added term 1 1 0 0 0 0 -- RMS=38.540298, GCV=1.166029e-06, AIC = 4.530548
  Model addition step   5: Added term 0 2 0 0 1 1 -- RMS=27.560397, GCV=5.964136e-07, AIC = 3.859931
  Model addition step   6: Added term 0 1 0 1 0 2 -- RMS=21.678392, GCV=3.690864e-07, AIC = 3.379835
  Model addition step   7: Added term 0 1 2 1 0 0 -- RMS=18.942677, GCV=2.818734e-07, AIC = 3.110070
  Model addition step   8: Added term 0 0 0 0 1 0 -- RMS=17.400359, GCV=2.378949e-07, AIC = 2.940249
  Model addition step   9: Added term 0 1 0 0 0 0 -- RMS=15.967438, GCV=2.003718e-07, AIC = 2.768402
  Model addition step  10: Added term 0 0 0 1 1 1 -- RMS=15.067392, GCV=1.784595e-07, AIC = 2.652397
  Model addition step  11: Added term 0 0 1 0 0 2 -- RMS=14.427979, GCV=1.636711e-07, AIC = 2.565702
  Model addition step  12: Added term 1 1 0 0 0 2 -- RMS=13.274554, GCV=1.385793e-07, AIC = 2.399093
  Model addition step  13: Added term 0 0 0 0 0 1 -- RMS=12.203034, GCV=1.171363e-07, AIC = 2.230797
  Model addition step  14: Added term 0 1 0 0 0 2 -- RMS=11.158183, GCV=9.795809e-08, AIC = 2.051806
  Model addition step  15: Added term 0 0 0 2 0 0 -- RMS=9.548929, GCV=7.175633e-08, AIC = 1.740349
  Model addition step  16: Added term 0 0 0 1 1 0 -- RMS=8.888433, GCV=6.218688e-08, AIC = 1.597025
  Model addition step  17: Added term 0 1 0 0 1 1 -- RMS=8.109359, GCV=5.177486e-08, AIC = 1.413593
  Model addition step  18: Added term 1 0 3 0 0 0 -- RMS=7.452250, GCV=4.373389e-08, AIC = 1.244619
  Model addition step  19: Added term 0 0 2 0 0 1 -- RMS=7.136106, GCV=4.011100e-08, AIC = 1.157954
  Model addition step  20: Added term 0 1 0 0 0 1 -- RMS=6.815292, GCV=3.659379e-08, AIC = 1.065989
  Model addition step  21: Added term 0 0 0 1 0 2 -- RMS=6.502332, GCV=3.331764e-08, AIC = 0.972005
  Model addition step  22: Added term 1 1 2 0 0 0 -- RMS=6.243924, GCV=3.072902e-08, AIC = 0.890933
  Model addition step  23: Added term 0 0 1 0 1 0 -- RMS=6.044178, GCV=2.880087e-08, AIC = 0.825939
  Model addition step  24: Added term 1 2 0 0 1 0 -- RMS=5.764880, GCV=2.620651e-08, AIC = 0.731348
  Model addition step  25: Added term 3 1 0 0 0 0 -- RMS=5.569924, GCV=2.446948e-08, AIC = 0.662574
Change in error: 0.027181. No more terms added.
   26 polynomial terms were written for deltclav3
deltclav4
  RMS fit error of the full model is: 1.578451 mm
  maximum moment arm: 138.167739 mm
  maximum error allowed: 13.816774 mm
  Model addition step   1: Added term 0 0 0 0 0 0 -- RMS=74.643594, GCV=4.370914e-06, AIC = 5.852493
  Model addition step   2: Added term 0 1 0 1 0 0 -- RMS=63.536938, GCV=3.167649e-06, AIC = 5.530318
  Model addition step   3: Added term 1 1 0 0 0 0 -- RMS=53.645852, GCV=2.258677e-06, AIC = 5.191916
  Model addition step   4: Added term 0 0 1 0 0 0 -- RMS=41.311734, GCV=1.339757e-06, AIC = 4.669432
  Model addition step   5: Added term 0 2 0 0 1 1 -- RMS=29.933880, GCV=7.035623e-07, AIC = 4.025153
  Model addition step   6: Added term 0 1 0 1 0 2 -- RMS=24.341235, GCV=4.653280e-07, AIC = 3.611547
  Model addition step   7: Added term 0 1 2 1 0 0 -- RMS=21.391617, GCV=3.594666e-07, AIC = 3.353234
  Model addition step   8: Added term 0 0 0 0 0 1 -- RMS=19.654941, GCV=3.035374e-07, AIC = 3.183925
  Model addition step   9: Added term 0 1 0 0 0 2 -- RMS=17.655585, GCV=2.449799e-07, AIC = 2.969404
  Model addition step  10: Added term 0 0 0 0 1 0 -- RMS=15.875151, GCV=1.981068e-07, AIC = 2.756841
  Model addition step  11: Added term 0 0 0 2 1 0 -- RMS=14.896647, GCV=1.744770e-07, AIC = 2.629636
  Model addition step  12: Added term 0 1 0 2 0 0 -- RMS=13.874112, GCV=1.513801e-07, AIC = 2.487445
  Model addition step  13: Added term 0 0 3 0 0 1 -- RMS=12.979585, GCV=1.325188e-07, AIC = 2.354183
  Model addition step  14: Added term 0 1 0 0 0 0 -- RMS=12.151952, GCV=1.161838e-07, AIC = 2.222439
  Model addition step  15: Added term 0 1 0 2 1 0 -- RMS=11.468117, GCV=1.034987e-07, AIC = 2.106633
  Model addition step  16: Added term 1 1 0 1 0 1 -- RMS=10.856597, GCV=9.277603e-08, AIC = 1.997069
  Model addition step  17: Added term 0 0 1 1 0 1 -- RMS=9.500399, GCV=7.106071e-08, AIC = 1.730223
  Model addition step  18: Added term 0 0 0 1 1 0 -- RMS=8.776700, GCV=6.066048e-08, AIC = 1.571788
  Model addition step  19: Added term 1 0 1 1 0 0 -- RMS=8.299124, GCV=5.425071e-08, AIC = 1.459919
  Model addition step  20: Added term 0 2 0 1 1 0 -- RMS=7.972323, GCV=5.007353e-08, AIC = 1.379603
  Model addition step  21: Added term 0 0 2 0 0 1 -- RMS=7.654746, GCV=4.617400e-08, AIC = 1.298335
  Model addition step  22: Added term 0 0 0 2 0 0 -- RMS=7.326149, GCV=4.230435e-08, AIC = 1.210615
  Model addition step  23: Added term 2 1 1 0 0 0 -- RMS=7.027779, GCV=3.893743e-08, AIC = 1.127489
  Model addition step  24: Added term 2 1 0 1 0 0 -- RMS=6.634936, GCV=3.471379e-08, AIC = 1.012477
  Model addition step  25: Added term 0 3 1 0 0 0 -- RMS=6.291896, GCV=3.122406e-08, AIC = 0.906336
  Model addition step  26: Added term 0 1 0 0 1 1 -- RMS=6.066452, GCV=2.903310e-08, AIC = 0.833392
  Model addition step  27: Added term 0 1 0 0 0 1 -- RMS=5.665551, GCV=2.532828e-08, AIC = 0.696684
  Model addition step  28: Added term 0 0 0 0 0 3 -- RMS=5.337780, GCV=2.248746e-08, AIC = 0.577527
  Model addition step  29: Added term 0 0 2 0 0 0 -- RMS=5.098540, GCV=2.052147e-08, AIC = 0.485848
  Model addition step  30: Added term 0 0 0 0 0 2 -- RMS=4.880174, GCV=1.880550e-08, AIC = 0.398333
  Model addition step  31: Added term 0 0 2 1 1 0 -- RMS=4.712830, GCV=1.754186e-08, AIC = 0.328581
  Model addition step  32: Added term 0 1 0 1 2 0 -- RMS=4.535260, GCV=1.624853e-08, AIC = 0.251800
  Model addition step  33: Added term 1 0 1 1 1 0 -- RMS=4.346356, GCV=1.492650e-08, AIC = 0.166743
  Model addition step  34: Added term 2 0 0 1 1 0 -- RMS=4.204849, GCV=1.397352e-08, AIC = 0.100576
  Model addition step  35: Added term 0 0 0 3 0 0 -- RMS=4.067711, GCV=1.307985e-08, AIC = 0.034292
Change in error: 0.026670. No more terms added.
   36 polynomial terms were written for deltclav4
coracobr1
  RMS fit error of the full model is: 0.148307 mm
  maximum moment arm: 77.744024 mm
  maximum error allowed: 7.774402 mm
  Model addition step   1: Added term 0 0 0 -- RMS=40.603088, GCV=7.390388e-07, AIC = 4.075140
  Model addition step   2: Added term 1 0 0 -- RMS=22.736081, GCV=2.317809e-07, AIC = 2.915414
  Model addition step   3: Added term 0 1 1 -- RMS=10.244584, GCV=4.706872e-08, AIC = 1.321062
  Model addition step   4: Added term 0 0 1 -- RMS=7.449072, GCV=2.489118e-08, AIC = 0.683798
  Model addition step   5: Added term 2 1 1 -- RMS=5.856054, GCV=1.538681e-08, AIC = 0.202627
  Model addition step   6: Added term 0 0 2 -- RMS=4.510053, GCV=9.128495e-09, AIC = -0.319651
  Model addition step   7: Added term 2 0 0 -- RMS=3.535838, GCV=5.612005e-09, AIC = -0.806312
  Model addition step   8: Added term 1 2 0 -- RMS=3.142128, GCV=4.432803e-09, AIC = -1.042356
  Model addition step   9: Added term 1 1 0 -- RMS=2.146152, GCV=2.068469e-09, AIC = -1.804747
  Model addition step  10: Added term 3 0 1 -- RMS=1.476080, GCV=9.786904e-10, AIC = -2.553265
  Model addition step  11: Added term 0 2 0 -- RMS=1.228178, GCV=6.777125e-10, AIC = -2.920925
  Model addition step  12: Added term 0 2 1 -- RMS=0.700136, GCV=2.202853e-10, AIC = -4.044893
  Model addition step  13: Added term 1 0 1 -- RMS=0.630710, GCV=1.788040e-10, AIC = -4.253695
  Model addition step  14: Added term 3 0 0 -- RMS=0.507213, GCV=1.156634e-10, AIC = -4.689469
  Model addition step  15: Added term 1 1 1 -- RMS=0.454249, GCV=9.278983e-11, AIC = -4.909985
  Model addition step  16: Added term 2 1 0 -- RMS=0.392034, GCV=6.912853e-11, AIC = -5.204523
  Model addition step  17: Added term 0 2 2 -- RMS=0.347203, GCV=5.423439e-11, AIC = -5.447343
  Model addition step  18: Added term 1 0 2 -- RMS=0.327675, GCV=4.831602e-11, AIC = -5.563064
  Model addition step  19: Added term 0 0 3 -- RMS=0.291458, GCV=3.823456e-11, AIC = -5.797256
  Model addition step  20: Added term 4 0 0 -- RMS=0.256285, GCV=2.956968e-11, AIC = -6.054415
  Model addition step  21: Added term 1 3 0 -- RMS=0.227328, GCV=2.327037e-11, AIC = -6.294152
  Model addition step  22: Added term 2 2 0 -- RMS=0.205904, GCV=1.909520e-11, AIC = -6.492065
  Model addition step  23: Added term 2 0 1 -- RMS=0.195941, GCV=1.729593e-11, AIC = -6.591199
  Model addition step  24: Added term 0 1 2 -- RMS=0.186532, GCV=1.567819e-11, AIC = -6.689568
  Model addition step  25: Added term 0 1 3 -- RMS=0.171274, GCV=1.322125e-11, AIC = -6.860182
  Model addition step  26: Added term 2 0 2 -- RMS=0.165369, GCV=1.232802e-11, AIC = -6.930302
Change in error: 0.028385. No more terms added.
   27 polynomial terms were written for coracobr1
coracobr2
  RMS fit error of the full model is: 0.162809 mm
  maximum moment arm: 79.238681 mm
  maximum error allowed: 7.923868 mm
  Model addition step   1: Added term 0 0 0 -- RMS=42.693922, GCV=8.171113e-07, AIC = 4.175565
  Model addition step   2: Added term 1 0 0 -- RMS=25.047346, GCV=2.813001e-07, AIC = 3.109043
  Model addition step   3: Added term 1 1 1 -- RMS=16.348130, GCV=1.198616e-07, AIC = 2.255791
  Model addition step   4: Added term 0 0 1 -- RMS=11.808433, GCV=6.254976e-08, AIC = 1.605247
  Model addition step   5: Added term 0 1 1 -- RMS=4.354201, GCV=8.506588e-09, AIC = -0.390042
  Model addition step   6: Added term 1 2 0 -- RMS=3.929983, GCV=6.931340e-09, AIC = -0.594998
  Model addition step   7: Added term 1 1 0 -- RMS=3.195972, GCV=4.584998e-09, AIC = -1.008430
  Model addition step   8: Added term 0 2 2 -- RMS=2.822910, GCV=3.577872e-09, AIC = -1.256620
  Model addition step   9: Added term 0 1 0 -- RMS=2.482633, GCV=2.767917e-09, AIC = -1.513461
  Model addition step  10: Added term 0 0 3 -- RMS=2.127464, GCV=2.033060e-09, AIC = -1.822183
  Model addition step  11: Added term 2 1 0 -- RMS=1.915548, GCV=1.648576e-09, AIC = -2.031981
  Model addition step  12: Added term 2 0 0 -- RMS=1.739683, GCV=1.360068e-09, AIC = -2.224526
  Model addition step  13: Added term 3 0 1 -- RMS=1.067914, GCV=5.126143e-10, AIC = -3.200461
  Model addition step  14: Added term 0 3 1 -- RMS=1.001715, GCV=4.511319e-10, AIC = -3.328394
  Model addition step  15: Added term 0 0 2 -- RMS=0.936887, GCV=3.947180e-10, AIC = -3.462150
  Model addition step  16: Added term 0 2 1 -- RMS=0.837976, GCV=3.158448e-10, AIC = -3.685239
  Model addition step  17: Added term 0 2 0 -- RMS=0.735337, GCV=2.432653e-10, AIC = -3.946506
  Model addition step  18: Added term 0 3 0 -- RMS=0.658574, GCV=1.951708e-10, AIC = -4.166952
  Model addition step  19: Added term 1 0 1 -- RMS=0.592811, GCV=1.581741e-10, AIC = -4.377299
  Model addition step  20: Added term 3 0 0 -- RMS=0.358824, GCV=5.796472e-11, AIC = -5.381330
  Model addition step  21: Added term 1 0 2 -- RMS=0.326991, GCV=4.814698e-11, AIC = -5.567074
  Model addition step  22: Added term 4 0 0 -- RMS=0.280091, GCV=3.533400e-11, AIC = -5.876656
  Model addition step  23: Added term 1 3 0 -- RMS=0.232184, GCV=2.428601e-11, AIC = -6.251770
  Model addition step  24: Added term 0 1 2 -- RMS=0.209479, GCV=1.977295e-11, AIC = -6.457524
  Model addition step  25: Added term 0 4 0 -- RMS=0.199043, GCV=1.785590e-11, AIC = -6.559674
  Model addition step  26: Added term 0 1 3 -- RMS=0.189913, GCV=1.625901e-11, AIC = -6.653529
  Model addition step  27: Added term 3 1 0 -- RMS=0.182407, GCV=1.500260e-11, AIC = -6.734121
  Model addition step  28: Added term 2 0 1 -- RMS=0.175513, GCV=1.389312e-11, AIC = -6.811120
Change in error: 0.027501. No more terms added.
   29 polynomial terms were written for coracobr2
coracobr3
  RMS fit error of the full model is: 0.182368 mm
  maximum moment arm: 89.659988 mm
  maximum error allowed: 8.965999 mm
  Model addition step   1: Added term 0 0 0 -- RMS=47.148494, GCV=9.965171e-07, AIC = 4.374056
  Model addition step   2: Added term 1 0 0 -- RMS=26.098027, GCV=3.053949e-07, AIC = 3.191227
  Model addition step   3: Added term 0 1 1 -- RMS=11.684285, GCV=6.122772e-08, AIC = 1.584053
  Model addition step   4: Added term 0 0 1 -- RMS=7.701169, GCV=2.660446e-08, AIC = 0.750364
  Model addition step   5: Added term 2 1 1 -- RMS=6.022451, GCV=1.627365e-08, AIC = 0.258664
  Model addition step   6: Added term 0 0 2 -- RMS=4.919885, GCV=1.086290e-08, AIC = -0.145698
  Model addition step   7: Added term 2 0 0 -- RMS=3.968491, GCV=7.069426e-09, AIC = -0.575440
  Model addition step   8: Added term 1 2 0 -- RMS=3.422827, GCV=5.260179e-09, AIC = -0.871223
  Model addition step   9: Added term 1 1 0 -- RMS=2.636209, GCV=3.120958e-09, AIC = -1.393416
  Model addition step  10: Added term 3 0 1 -- RMS=1.767316, GCV=1.402988e-09, AIC = -2.193120
  Model addition step  11: Added term 0 1 0 -- RMS=1.447013, GCV=9.407357e-10, AIC = -2.592986
  Model addition step  12: Added term 0 2 2 -- RMS=1.182702, GCV=6.285955e-10, AIC = -2.996329
  Model addition step  13: Added term 0 2 0 -- RMS=0.970720, GCV=4.235507e-10, AIC = -3.391312
  Model addition step  14: Added term 0 2 1 -- RMS=0.752651, GCV=2.546844e-10, AIC = -3.900128
  Model addition step  15: Added term 1 0 1 -- RMS=0.708515, GCV=2.257412e-10, AIC = -4.020932
  Model addition step  16: Added term 3 0 0 -- RMS=0.556168, GCV=1.391306e-10, AIC = -4.505077
  Model addition step  17: Added term 2 0 2 -- RMS=0.510789, GCV=1.173792e-10, AIC = -4.675249
  Model addition step  18: Added term 1 1 1 -- RMS=0.472819, GCV=1.005992e-10, AIC = -4.829683
  Model addition step  19: Added term 3 1 0 -- RMS=0.423444, GCV=8.070406e-11, AIC = -5.050207
  Model addition step  20: Added term 0 3 0 -- RMS=0.379188, GCV=6.473054e-11, AIC = -5.270931
  Model addition step  21: Added term 1 3 0 -- RMS=0.343154, GCV=5.302436e-11, AIC = -5.470581
  Model addition step  22: Added term 4 0 0 -- RMS=0.303236, GCV=4.141490e-11, AIC = -5.717861
  Model addition step  23: Added term 0 0 3 -- RMS=0.268930, GCV=3.258156e-11, AIC = -5.957924
  Model addition step  24: Added term 0 3 1 -- RMS=0.255905, GCV=2.950861e-11, AIC = -6.057157
  Model addition step  25: Added term 2 2 0 -- RMS=0.244065, GCV=2.684730e-11, AIC = -6.151842
  Model addition step  26: Added term 2 1 0 -- RMS=0.230853, GCV=2.402458e-11, AIC = -6.263099
  Model addition step  27: Added term 1 0 2 -- RMS=0.221305, GCV=2.208347e-11, AIC = -6.347516
  Model addition step  28: Added term 2 0 1 -- RMS=0.210735, GCV=2.002884e-11, AIC = -6.445341
  Model addition step  29: Added term 0 1 2 -- RMS=0.204267, GCV=1.882241e-11, AIC = -6.507634
  Model addition step  30: Added term 0 1 3 -- RMS=0.190864, GCV=1.643711e-11, AIC = -6.643310
  Model addition step  31: Added term 0 4 0 -- RMS=0.184759, GCV=1.540582e-11, AIC = -6.708274
Change in error: 0.007369. No more terms added.
   32 polynomial terms were written for coracobr3
infra1
  RMS fit error of the full model is: 0.316088 mm
  maximum moment arm: 56.209325 mm
  maximum error allowed: 5.620932 mm
  Model addition step   1: Added term 0 0 0 -- RMS=21.647435, GCV=2.100690e-07, AIC = 2.817225
  Model addition step   2: Added term 0 0 2 -- RMS=16.750669, GCV=1.258087e-07, AIC = 2.304384
  Model addition step   3: Added term 0 1 0 -- RMS=10.145498, GCV=4.616262e-08, AIC = 1.301624
  Model addition step   4: Added term 0 2 0 -- RMS=6.422869, GCV=1.850543e-08, AIC = 0.387349
  Model addition step   5: Added term 1 0 0 -- RMS=5.578731, GCV=1.396398e-08, AIC = 0.105598
  Model addition step   6: Added term 1 1 0 -- RMS=3.920598, GCV=6.898277e-09, AIC = -0.599780
  Model addition step   7: Added term 2 0 1 -- RMS=2.231817, GCV=2.235889e-09, AIC = -1.726581
  Model addition step   8: Added term 0 3 0 -- RMS=1.775731, GCV=1.415745e-09, AIC = -2.183732
  Model addition step   9: Added term 2 1 0 -- RMS=1.238363, GCV=6.886908e-10, AIC = -2.904519
  Model addition step  10: Added term 0 0 1 -- RMS=1.112933, GCV=5.563695e-10, AIC = -3.118047
  Model addition step  11: Added term 2 0 0 -- RMS=0.950763, GCV=4.061320e-10, AIC = -3.432970
  Model addition step  12: Added term 1 0 1 -- RMS=0.775832, GCV=2.704931e-10, AIC = -3.839570
  Model addition step  13: Added term 0 2 2 -- RMS=0.729878, GCV=2.394519e-10, AIC = -3.961633
  Model addition step  14: Added term 0 4 0 -- RMS=0.656259, GCV=1.936269e-10, AIC = -4.174220
  Model addition step  15: Added term 3 0 0 -- RMS=0.598523, GCV=1.610921e-10, AIC = -4.358345
  Model addition step  16: Added term 1 2 0 -- RMS=0.539111, GCV=1.307274e-10, AIC = -4.567376
  Model addition step  17: Added term 1 3 0 -- RMS=0.458294, GCV=9.449242e-11, AIC = -4.892139
  Model addition step  18: Added term 0 3 1 -- RMS=0.428897, GCV=8.277718e-11, AIC = -5.024675
  Model addition step  19: Added term 1 2 1 -- RMS=0.410838, GCV=7.597021e-11, AIC = -5.110654
  Model addition step  20: Added term 0 0 3 -- RMS=0.386431, GCV=6.722698e-11, AIC = -5.233090
  Model addition step  21: Added term 2 1 1 -- RMS=0.366943, GCV=6.063105e-11, AIC = -5.336526
  Model addition step  22: Added term 0 1 1 -- RMS=0.352430, GCV=5.594237e-11, AIC = -5.417179
  Model addition step  23: Added term 0 1 2 -- RMS=0.333494, GCV=5.010366e-11, AIC = -5.527576
Change in error: 0.019757. No more terms added.
   24 polynomial terms were written for infra1
infra2
  RMS fit error of the full model is: 0.208990 mm
  maximum moment arm: 47.673666 mm
  maximum error allowed: 4.767367 mm
  Model addition step   1: Added term 0 0 0 -- RMS=20.220233, GCV=1.832827e-07, AIC = 2.680819
  Model addition step   2: Added term 0 0 2 -- RMS=15.655189, GCV=1.098912e-07, AIC = 2.169112
  Model addition step   3: Added term 0 1 0 -- RMS=11.823665, GCV=6.269718e-08, AIC = 1.607769
  Model addition step   4: Added term 0 2 0 -- RMS=8.892799, GCV=3.547465e-08, AIC = 1.038103
  Model addition step   5: Added term 1 0 0 -- RMS=6.598538, GCV=1.953593e-08, AIC = 0.441372
  Model addition step   6: Added term 1 1 0 -- RMS=2.161429, GCV=2.096610e-09, AIC = -1.790730
  Model addition step   7: Added term 0 3 0 -- RMS=1.676157, GCV=1.261138e-09, AIC = -2.299205
  Model addition step   8: Added term 0 0 1 -- RMS=1.116792, GCV=5.599831e-10, AIC = -3.111237
  Model addition step   9: Added term 2 1 0 -- RMS=0.863228, GCV=3.346409e-10, AIC = -3.626254
  Model addition step  10: Added term 0 1 2 -- RMS=0.704518, GCV=2.229513e-10, AIC = -4.032526
  Model addition step  11: Added term 1 2 0 -- RMS=0.645616, GCV=1.872712e-10, AIC = -4.207090
  Model addition step  12: Added term 2 2 0 -- RMS=0.607500, GCV=1.658490e-10, AIC = -4.328739
  Model addition step  13: Added term 1 0 2 -- RMS=0.556453, GCV=1.391792e-10, AIC = -4.504222
  Model addition step  14: Added term 2 0 0 -- RMS=0.487915, GCV=1.070296e-10, AIC = -4.767048
  Model addition step  15: Added term 3 0 0 -- RMS=0.373328, GCV=6.267505e-11, AIC = -5.302358
  Model addition step  16: Added term 0 4 0 -- RMS=0.294780, GCV=3.908476e-11, AIC = -5.774758
  Model addition step  17: Added term 1 3 0 -- RMS=0.261619, GCV=3.079268e-11, AIC = -6.013382
  Model addition step  18: Added term 1 1 1 -- RMS=0.243273, GCV=2.663128e-11, AIC = -6.158741
  Model addition step  19: Added term 3 0 1 -- RMS=0.231319, GCV=2.408375e-11, AIC = -6.259458
Change in error: 0.020162. No more terms added.
   20 polynomial terms were written for infra2
infra3
  RMS fit error of the full model is: 0.228294 mm
  maximum moment arm: 46.505169 mm
  maximum error allowed: 4.650517 mm
  Model addition step   1: Added term 0 0 0 -- RMS=20.423934, GCV=1.869941e-07, AIC = 2.700866
  Model addition step   2: Added term 0 0 2 -- RMS=15.661618, GCV=1.099815e-07, AIC = 2.169934
  Model addition step   3: Added term 0 1 0 -- RMS=11.430974, GCV=5.860170e-08, AIC = 1.540217
  Model addition step   4: Added term 0 2 0 -- RMS=8.465825, GCV=3.214990e-08, AIC = 0.939694
  Model addition step   5: Added term 1 0 0 -- RMS=6.212867, GCV=1.731899e-08, AIC = 0.320920
  Model addition step   6: Added term 1 1 0 -- RMS=2.590825, GCV=3.012395e-09, AIC = -1.428316
  Model addition step   7: Added term 0 0 1 -- RMS=1.796018, GCV=1.447954e-09, AIC = -2.161068
  Model addition step   8: Added term 0 3 0 -- RMS=1.117173, GCV=5.603655e-10, AIC = -3.110554
  Model addition step   9: Added term 2 1 1 -- RMS=0.883030, GCV=3.501703e-10, AIC = -3.580892
  Model addition step  10: Added term 2 0 2 -- RMS=0.734654, GCV=2.424329e-10, AIC = -3.948755
  Model addition step  11: Added term 0 1 1 -- RMS=0.649827, GCV=1.897226e-10, AIC = -4.194085
  Model addition step  12: Added term 1 3 0 -- RMS=0.573892, GCV=1.480063e-10, AIC = -4.442562
  Model addition step  13: Added term 0 4 0 -- RMS=0.535334, GCV=1.288153e-10, AIC = -4.581606
  Model addition step  14: Added term 2 2 0 -- RMS=0.494000, GCV=1.097156e-10, AIC = -4.742261
  Model addition step  15: Added term 2 1 0 -- RMS=0.465547, GCV=9.746320e-11, AIC = -4.860847
  Model addition step  16: Added term 0 1 2 -- RMS=0.420513, GCV=7.953690e-11, AIC = -5.064269
  Model addition step  17: Added term 3 0 1 -- RMS=0.398078, GCV=7.129241e-11, AIC = -5.173869
  Model addition step  18: Added term 2 0 0 -- RMS=0.293032, GCV=3.863983e-11, AIC = -5.786544
  Model addition step  19: Added term 1 1 2 -- RMS=0.267541, GCV=3.221677e-11, AIC = -5.968508
  Model addition step  20: Added term 3 0 0 -- RMS=0.250781, GCV=2.831332e-11, AIC = -6.097832
Change in error: 0.015878. No more terms added.
   21 polynomial terms were written for infra3
infra4
  RMS fit error of the full model is: 0.262913 mm
  maximum moment arm: 49.882208 mm
  maximum error allowed: 4.988221 mm
  Model addition step   1: Added term 0 0 0 -- RMS=24.294885, GCV=2.645933e-07, AIC = 3.047983
  Model addition step   2: Added term 0 0 1 -- RMS=16.996195, GCV=1.295239e-07, AIC = 2.333486
  Model addition step   3: Added term 0 1 0 -- RMS=11.828669, GCV=6.275027e-08, AIC = 1.608616
  Model addition step   4: Added term 0 2 0 -- RMS=8.535058, GCV=3.267790e-08, AIC = 0.955984
  Model addition step   5: Added term 1 0 0 -- RMS=7.266333, GCV=2.369022e-08, AIC = 0.634179
  Model addition step   6: Added term 1 1 0 -- RMS=4.447366, GCV=8.876496e-09, AIC = -0.347645
  Model addition step   7: Added term 0 0 2 -- RMS=2.640564, GCV=3.129874e-09, AIC = -1.390227
  Model addition step   8: Added term 3 0 1 -- RMS=1.977923, GCV=1.756504e-09, AIC = -1.968062
  Model addition step   9: Added term 0 3 0 -- RMS=1.218903, GCV=6.672161e-10, AIC = -2.936198
  Model addition step  10: Added term 0 1 2 -- RMS=0.916043, GCV=3.769271e-10, AIC = -3.507428
  Model addition step  11: Added term 2 1 0 -- RMS=0.712490, GCV=2.280767e-10, AIC = -4.009966
  Model addition step  12: Added term 0 4 0 -- RMS=0.621655, GCV=1.736677e-10, AIC = -4.282673
  Model addition step  13: Added term 1 0 3 -- RMS=0.550222, GCV=1.360797e-10, AIC = -4.526744
  Model addition step  14: Added term 0 1 1 -- RMS=0.486317, GCV=1.063298e-10, AIC = -4.773608
  Model addition step  15: Added term 0 2 1 -- RMS=0.401753, GCV=7.258250e-11, AIC = -5.155598
  Model addition step  16: Added term 1 3 0 -- RMS=0.364450, GCV=5.974273e-11, AIC = -5.350443
  Model addition step  17: Added term 1 1 1 -- RMS=0.311929, GCV=4.377435e-11, AIC = -5.661611
  Model addition step  18: Added term 3 0 0 -- RMS=0.290627, GCV=3.800807e-11, AIC = -5.803029
  Model addition step  19: Added term 0 2 2 -- RMS=0.281572, GCV=3.568459e-11, AIC = -5.866277
Change in error: 0.013573. No more terms added.
   20 polynomial terms were written for infra4
infra5
  RMS fit error of the full model is: 0.269250 mm
  maximum moment arm: 51.814533 mm
  maximum error allowed: 5.181453 mm
  Model addition step   1: Added term 0 0 0 -- RMS=25.546804, GCV=2.925649e-07, AIC = 3.148476
  Model addition step   2: Added term 0 0 1 -- RMS=15.277968, GCV=1.046593e-07, AIC = 2.120331
  Model addition step   3: Added term 0 1 0 -- RMS=11.181761, GCV=5.607434e-08, AIC = 1.496131
  Model addition step   4: Added term 0 2 0 -- RMS=7.453621, GCV=2.492159e-08, AIC = 0.685019
  Model addition step   5: Added term 1 1 0 -- RMS=5.835574, GCV=1.527938e-08, AIC = 0.195621
  Model addition step   6: Added term 0 0 2 -- RMS=5.286839, GCV=1.254377e-08, AIC = -0.001827
  Model addition step   7: Added term 3 0 1 -- RMS=4.614932, GCV=9.560133e-09, AIC = -0.273618
  Model addition step   8: Added term 1 0 0 -- RMS=2.313340, GCV=2.402755e-09, AIC = -1.654772
  Model addition step   9: Added term 0 3 0 -- RMS=1.843644, GCV=1.526449e-09, AIC = -2.108612
  Model addition step  10: Added term 2 0 1 -- RMS=1.576604, GCV=1.116531e-09, AIC = -2.421498
  Model addition step  11: Added term 2 1 1 -- RMS=1.174170, GCV=6.194195e-10, AIC = -3.010865
  Model addition step  12: Added term 0 0 4 -- RMS=1.069007, GCV=5.135487e-10, AIC = -3.198472
  Model addition step  13: Added term 0 4 0 -- RMS=0.965433, GCV=4.189496e-10, AIC = -3.402234
  Model addition step  14: Added term 0 1 1 -- RMS=0.854144, GCV=3.280030e-10, AIC = -3.647130
  Model addition step  15: Added term 3 0 0 -- RMS=0.702096, GCV=2.216695e-10, AIC = -4.039134
  Model addition step  16: Added term 0 2 1 -- RMS=0.577212, GCV=1.498586e-10, AIC = -4.430798
  Model addition step  17: Added term 1 1 1 -- RMS=0.504757, GCV=1.146231e-10, AIC = -4.699009
  Model addition step  18: Added term 1 3 0 -- RMS=0.463703, GCV=9.675772e-11, AIC = -4.868617
  Model addition step  19: Added term 0 2 2 -- RMS=0.430850, GCV=8.355178e-11, AIC = -5.015529
  Model addition step  20: Added term 1 2 0 -- RMS=0.407678, GCV=7.482305e-11, AIC = -5.126038
  Model addition step  21: Added term 1 2 1 -- RMS=0.391131, GCV=6.888791e-11, AIC = -5.208852
  Model addition step  22: Added term 2 0 0 -- RMS=0.375155, GCV=6.338939e-11, AIC = -5.292205
  Model addition step  23: Added term 1 0 3 -- RMS=0.333735, GCV=5.017600e-11, AIC = -5.526133
  Model addition step  24: Added term 2 1 0 -- RMS=0.306664, GCV=4.237568e-11, AIC = -5.695264
  Model addition step  25: Added term 0 1 2 -- RMS=0.284953, GCV=3.659610e-11, AIC = -5.842066
  Model addition step  26: Added term 1 0 1 -- RMS=0.275056, GCV=3.410583e-11, AIC = -5.912708
Change in error: 0.009504. No more terms added.
   27 polynomial terms were written for infra5
infra6
  RMS fit error of the full model is: 0.332592 mm
  maximum moment arm: 53.199073 mm
  maximum error allowed: 5.319907 mm
  Model addition step   1: Added term 0 0 0 -- RMS=25.994290, GCV=3.029040e-07, AIC = 3.183205
  Model addition step   2: Added term 0 0 1 -- RMS=16.305263, GCV=1.192071e-07, AIC = 2.250483
  Model addition step   3: Added term 0 1 0 -- RMS=12.171078, GCV=6.643575e-08, AIC = 1.665688
  Model addition step   4: Added term 4 0 0 -- RMS=9.268907, GCV=3.853880e-08, AIC = 1.120950
  Model addition step   5: Added term 0 2 0 -- RMS=6.015242, GCV=1.623472e-08, AIC = 0.256269
  Model addition step   6: Added term 0 0 2 -- RMS=5.057100, GCV=1.147728e-08, AIC = -0.090682
  Model addition step   7: Added term 1 0 0 -- RMS=4.718533, GCV=9.994182e-09, AIC = -0.229217
  Model addition step   8: Added term 2 0 1 -- RMS=3.743748, GCV=6.292799e-09, AIC = -0.691982
  Model addition step   9: Added term 1 3 0 -- RMS=3.015725, GCV=4.084243e-09, AIC = -1.124420
  Model addition step  10: Added term 0 3 0 -- RMS=2.564659, GCV=2.954506e-09, AIC = -1.448393
  Model addition step  11: Added term 2 0 0 -- RMS=2.243442, GCV=2.261271e-09, AIC = -1.715966
  Model addition step  12: Added term 0 1 2 -- RMS=1.890292, GCV=1.605752e-09, AIC = -2.058469
  Model addition step  13: Added term 2 1 0 -- RMS=1.633196, GCV=1.198932e-09, AIC = -2.350799
  Model addition step  14: Added term 1 1 0 -- RMS=0.893807, GCV=3.591719e-10, AIC = -3.556352
  Model addition step  15: Added term 0 1 1 -- RMS=0.792643, GCV=2.825325e-10, AIC = -3.796528
  Model addition step  16: Added term 0 2 1 -- RMS=0.614650, GCV=1.699282e-10, AIC = -4.305114
  Model addition step  17: Added term 2 0 2 -- RMS=0.547257, GCV=1.347380e-10, AIC = -4.537326
  Model addition step  18: Added term 0 4 0 -- RMS=0.487182, GCV=1.068039e-10, AIC = -4.769833
  Model addition step  19: Added term 1 0 1 -- RMS=0.443893, GCV=8.868675e-11, AIC = -4.955885
  Model addition step  20: Added term 0 0 4 -- RMS=0.420386, GCV=7.956027e-11, AIC = -5.064649
  Model addition step  21: Added term 2 2 0 -- RMS=0.402708, GCV=7.302618e-11, AIC = -5.150515
  Model addition step  22: Added term 0 3 1 -- RMS=0.388085, GCV=6.783416e-11, AIC = -5.224436
Change in error: 0.028246. No more terms added.
   23 polynomial terms were written for infra6
termin1
  RMS fit error of the full model is: 0.854364 mm
  maximum moment arm: 64.951592 mm
  maximum error allowed: 6.495159 mm
  Model addition step   1: Added term 0 0 0 -- RMS=24.079290, GCV=2.599181e-07, AIC = 3.030156
  Model addition step   2: Added term 0 0 1 -- RMS=18.343544, GCV=1.508735e-07, AIC = 2.486063
  Model addition step   3: Added term 0 1 0 -- RMS=11.912289, GCV=6.364059e-08, AIC = 1.622705
  Model addition step   4: Added term 0 0 2 -- RMS=8.731925, GCV=3.420276e-08, AIC = 1.001591
  Model addition step   5: Added term 1 2 0 -- RMS=6.049318, GCV=1.641917e-08, AIC = 0.267566
  Model addition step   6: Added term 0 2 0 -- RMS=4.414587, GCV=8.746133e-09, AIC = -0.362440
  Model addition step   7: Added term 2 0 0 -- RMS=3.903992, GCV=6.841496e-09, AIC = -0.608213
  Model addition step   8: Added term 2 0 2 -- RMS=3.496042, GCV=5.487618e-09, AIC = -0.828894
  Model addition step   9: Added term 1 0 0 -- RMS=2.997741, GCV=4.035676e-09, AIC = -1.136382
  Model addition step  10: Added term 0 3 0 -- RMS=2.552693, GCV=2.927001e-09, AIC = -1.457746
  Model addition step  11: Added term 1 1 1 -- RMS=1.869197, GCV=1.569759e-09, AIC = -2.080971
  Model addition step  12: Added term 1 1 2 -- RMS=1.697410, GCV=1.294774e-09, AIC = -2.273725
  Model addition step  13: Added term 3 1 0 -- RMS=1.581055, GCV=1.123600e-09, AIC = -2.415692
  Model addition step  14: Added term 0 4 0 -- RMS=1.474134, GCV=9.769885e-10, AIC = -2.555678
  Model addition step  15: Added term 1 2 1 -- RMS=1.377889, GCV=8.537703e-10, AIC = -2.690660
  Model addition step  16: Added term 1 1 0 -- RMS=1.314463, GCV=7.771542e-10, AIC = -2.784851
  Model addition step  17: Added term 0 1 1 -- RMS=1.248722, GCV=7.015192e-10, AIC = -2.887410
  Model addition step  18: Added term 0 2 1 -- RMS=1.139143, GCV=5.839314e-10, AIC = -3.071044
  Model addition step  19: Added term 1 3 0 -- RMS=1.064983, GCV=5.104909e-10, AIC = -3.205623
  Model addition step  20: Added term 0 2 2 -- RMS=1.006688, GCV=4.562369e-10, AIC = -3.318152
Change in error: 0.028788. No more terms added.
   21 polynomial terms were written for termin1
termin2
  RMS fit error of the full model is: 0.961226 mm
  maximum moment arm: 67.689553 mm
  maximum error allowed: 6.768955 mm
  Model addition step   1: Added term 0 0 0 -- RMS=23.723143, GCV=2.522862e-07, AIC = 3.000354
  Model addition step   2: Added term 0 1 0 -- RMS=18.286115, GCV=1.499303e-07, AIC = 2.479792
  Model addition step   3: Added term 0 0 1 -- RMS=15.775682, GCV=1.116144e-07, AIC = 2.184503
  Model addition step   4: Added term 0 0 2 -- RMS=10.252715, GCV=4.715404e-08, AIC = 1.322705
  Model addition step   5: Added term 1 0 0 -- RMS=7.777180, GCV=2.713831e-08, AIC = 0.770063
  Model addition step   6: Added term 0 2 0 -- RMS=5.858685, GCV=1.540409e-08, AIC = 0.203582
  Model addition step   7: Added term 1 2 0 -- RMS=4.905794, GCV=1.080319e-08, AIC = -0.151378
  Model addition step   8: Added term 1 1 0 -- RMS=3.616116, GCV=5.871044e-09, AIC = -0.761356
  Model addition step   9: Added term 0 3 0 -- RMS=3.139303, GCV=4.425827e-09, AIC = -1.044099
  Model addition step  10: Added term 1 0 3 -- RMS=2.837329, GCV=3.616138e-09, AIC = -1.246318
  Model addition step  11: Added term 2 0 0 -- RMS=2.159129, GCV=2.094498e-09, AIC = -1.792579
  Model addition step  12: Added term 1 2 1 -- RMS=1.803742, GCV=1.462074e-09, AIC = -2.152205
  Model addition step  13: Added term 0 4 0 -- RMS=1.576616, GCV=1.117299e-09, AIC = -2.421315
  Model addition step  14: Added term 1 0 2 -- RMS=1.400049, GCV=8.812550e-10, AIC = -2.658806
Change in error: 0.028119. No more terms added.
   15 polynomial terms were written for termin2
termin3
  RMS fit error of the full model is: 1.083778 mm
  maximum moment arm: 73.897195 mm
  maximum error allowed: 7.389719 mm
  Model addition step   1: Added term 0 0 0 -- RMS=24.564037, GCV=2.704884e-07, AIC = 3.070018
  Model addition step   2: Added term 0 1 0 -- RMS=19.993003, GCV=1.792266e-07, AIC = 2.658272
  Model addition step   3: Added term 0 0 1 -- RMS=16.609609, GCV=1.237265e-07, AIC = 2.287526
  Model addition step   4: Added term 0 0 2 -- RMS=10.634266, GCV=5.072899e-08, AIC = 1.395782
  Model addition step   5: Added term 2 0 0 -- RMS=8.134976, GCV=2.969279e-08, AIC = 0.860021
  Model addition step   6: Added term 1 2 0 -- RMS=6.642078, GCV=1.979903e-08, AIC = 0.454581
  Model addition step   7: Added term 0 2 0 -- RMS=5.089118, GCV=1.162568e-08, AIC = -0.078004
  Model addition step   8: Added term 2 0 2 -- RMS=3.903881, GCV=6.842643e-09, AIC = -0.608214
  Model addition step   9: Added term 0 3 0 -- RMS=3.346523, GCV=5.029395e-09, AIC = -0.916257
  Model addition step  10: Added term 1 2 1 -- RMS=3.023261, GCV=4.105603e-09, AIC = -1.119372
  Model addition step  11: Added term 3 1 0 -- RMS=2.743531, GCV=3.381759e-09, AIC = -1.313497
  Model addition step  12: Added term 1 3 0 -- RMS=2.601136, GCV=3.040510e-09, AIC = -1.420036
  Model addition step  13: Added term 1 0 2 -- RMS=2.473642, GCV=2.750373e-09, AIC = -1.520493
  Model addition step  14: Added term 1 0 0 -- RMS=2.131490, GCV=2.042593e-09, AIC = -1.818178
  Model addition step  15: Added term 1 0 1 -- RMS=1.904893, GCV=1.631751e-09, AIC = -2.042913
  Model addition step  16: Added term 1 1 1 -- RMS=1.718343, GCV=1.328097e-09, AIC = -2.248988
  Model addition step  17: Added term 0 4 0 -- RMS=1.608781, GCV=1.164399e-09, AIC = -2.380698
  Model addition step  18: Added term 3 0 0 -- RMS=1.532418, GCV=1.056720e-09, AIC = -2.477902
  Model addition step  19: Added term 2 1 0 -- RMS=1.421646, GCV=9.096740e-10, AIC = -2.627909
  Model addition step  20: Added term 2 2 0 -- RMS=1.264888, GCV=7.202858e-10, AIC = -2.861516
  Model addition step  21: Added term 0 0 4 -- RMS=1.225277, GCV=6.760303e-10, AIC = -2.925095
Change in error: 0.013109. No more terms added.
   22 polynomial terms were written for termin3
termaj1
  RMS fit error of the full model is: 0.731454 mm
  maximum moment arm: 137.199834 mm
  maximum error allowed: 13.719983 mm
  Model addition step   1: Added term 0 0 1 -- RMS=72.895266, GCV=2.382033e-06, AIC = 5.245499
  Model addition step   2: Added term 0 0 0 -- RMS=52.489137, GCV=1.235337e-06, AIC = 4.588720
  Model addition step   3: Added term 0 1 0 -- RMS=37.284634, GCV=6.234528e-07, AIC = 3.904726
  Model addition step   4: Added term 2 0 0 -- RMS=26.566368, GCV=3.165961e-07, AIC = 3.226912
  Model addition step   5: Added term 1 1 0 -- RMS=20.747015, GCV=1.931300e-07, AIC = 2.732480
  Model addition step   6: Added term 1 0 0 -- RMS=13.915594, GCV=8.690392e-08, AIC = 1.933752
  Model addition step   7: Added term 2 1 1 -- RMS=11.674386, GCV=6.117886e-08, AIC = 1.582582
  Model addition step   8: Added term 2 0 1 -- RMS=9.206598, GCV=3.805652e-08, AIC = 1.107684
  Model addition step   9: Added term 1 2 0 -- RMS=7.650360, GCV=2.628402e-08, AIC = 0.737405
  Model addition step  10: Added term 0 1 1 -- RMS=6.563779, GCV=1.935234e-08, AIC = 0.431089
  Model addition step  11: Added term 0 2 1 -- RMS=5.756437, GCV=1.488780e-08, AIC = 0.168649
  Model addition step  12: Added term 0 3 0 -- RMS=4.356567, GCV=8.529218e-09, AIC = -0.388564
  Model addition step  13: Added term 2 1 0 -- RMS=3.804848, GCV=6.507174e-09, AIC = -0.659324
  Model addition step  14: Added term 0 3 1 -- RMS=3.251085, GCV=4.751951e-09, AIC = -0.973843
  Model addition step  15: Added term 1 0 1 -- RMS=2.955552, GCV=3.928167e-09, AIC = -1.164393
  Model addition step  16: Added term 1 1 1 -- RMS=2.689326, GCV=3.253098e-09, AIC = -1.353127
  Model addition step  17: Added term 3 0 0 -- RMS=2.332617, GCV=2.447906e-09, AIC = -1.637670
  Model addition step  18: Added term 0 2 0 -- RMS=2.122195, GCV=2.026637e-09, AIC = -1.826694
  Model addition step  19: Added term 0 2 2 -- RMS=1.853305, GCV=1.545955e-09, AIC = -2.097599
  Model addition step  20: Added term 0 1 2 -- RMS=1.498603, GCV=1.011052e-09, AIC = -2.522417
  Model addition step  21: Added term 0 0 2 -- RMS=1.412192, GCV=8.980182e-10, AIC = -2.641142
  Model addition step  22: Added term 0 0 3 -- RMS=1.048872, GCV=4.954959e-10, AIC = -3.235942
  Model addition step  23: Added term 1 2 1 -- RMS=0.978380, GCV=4.312294e-10, AIC = -3.375030
  Model addition step  24: Added term 3 1 0 -- RMS=0.930871, GCV=3.904534e-10, AIC = -3.474530
  Model addition step  25: Added term 2 0 2 -- RMS=0.891361, GCV=3.580925e-10, AIC = -3.561216
  Model addition step  26: Added term 1 3 0 -- RMS=0.848663, GCV=3.246809e-10, AIC = -3.659333
  Model addition step  27: Added term 2 2 0 -- RMS=0.811595, GCV=2.970037e-10, AIC = -3.748600
  Model addition step  28: Added term 0 4 0 -- RMS=0.784717, GCV=2.777198e-10, AIC = -3.815901
Change in error: 0.018866. No more terms added.
   29 polynomial terms were written for termaj1
termaj2
  RMS fit error of the full model is: 0.926397 mm
  maximum moment arm: 172.959243 mm
  maximum error allowed: 17.295924 mm
  Model addition step   1: Added term 0 0 1 -- RMS=85.872805, GCV=3.305677e-06, AIC = 5.573186
  Model addition step   2: Added term 0 0 0 -- RMS=61.678945, GCV=1.705769e-06, AIC = 4.911393
  Model addition step   3: Added term 0 1 0 -- RMS=44.611880, GCV=8.925752e-07, AIC = 4.263564
  Model addition step   4: Added term 2 0 0 -- RMS=32.653824, GCV=4.783098e-07, AIC = 3.639543
  Model addition step   5: Added term 1 1 0 -- RMS=25.199356, GCV=2.849164e-07, AIC = 3.121312
  Model addition step   6: Added term 1 0 0 -- RMS=18.432005, GCV=1.524688e-07, AIC = 2.495909
  Model addition step   7: Added term 1 2 0 -- RMS=15.533152, GCV=1.083060e-07, AIC = 2.153741
  Model addition step   8: Added term 1 0 2 -- RMS=12.231871, GCV=6.717636e-08, AIC = 1.675933
  Model addition step   9: Added term 1 1 1 -- RMS=9.032705, GCV=3.664070e-08, AIC = 1.069603
  Model addition step  10: Added term 0 2 1 -- RMS=7.853428, GCV=2.770410e-08, AIC = 0.789856
  Model addition step  11: Added term 0 1 1 -- RMS=6.085080, GCV=1.663625e-08, AIC = 0.279691
  Model addition step  12: Added term 2 1 0 -- RMS=5.093920, GCV=1.166070e-08, AIC = -0.075837
  Model addition step  13: Added term 0 3 0 -- RMS=4.465171, GCV=8.961774e-09, AIC = -0.339261
  Model addition step  14: Added term 3 0 0 -- RMS=3.776606, GCV=6.412372e-09, AIC = -0.674169
  Model addition step  15: Added term 1 0 1 -- RMS=3.385383, GCV=5.153811e-09, AIC = -0.892830
  Model addition step  16: Added term 1 1 2 -- RMS=2.580246, GCV=2.994558e-09, AIC = -1.435938
  Model addition step  17: Added term 1 2 1 -- RMS=2.149635, GCV=2.078918e-09, AIC = -1.801056
  Model addition step  18: Added term 0 2 0 -- RMS=1.974388, GCV=1.754165e-09, AIC = -1.971079
  Model addition step  19: Added term 0 3 1 -- RMS=1.734443, GCV=1.354013e-09, AIC = -2.230168
  Model addition step  20: Added term 0 1 2 -- RMS=1.624886, GCV=1.188629e-09, AIC = -2.360609
  Model addition step  21: Added term 0 2 2 -- RMS=1.394378, GCV=8.755061e-10, AIC = -2.666531
  Model addition step  22: Added term 2 1 1 -- RMS=1.324574, GCV=7.902204e-10, AIC = -2.769190
  Model addition step  23: Added term 2 2 0 -- RMS=1.279286, GCV=7.372734e-10, AIC = -2.838711
  Model addition step  24: Added term 1 3 0 -- RMS=1.175850, GCV=6.230094e-10, AIC = -3.007277
Change in error: 0.016370. No more terms added.
   25 polynomial terms were written for termaj2
termaj3
  RMS fit error of the full model is: 0.909667 mm
  maximum moment arm: 160.472588 mm
  maximum error allowed: 16.047259 mm
  Model addition step   1: Added term 0 0 1 -- RMS=79.980406, GCV=2.867585e-06, AIC = 5.431015
  Model addition step   2: Added term 0 0 0 -- RMS=56.121824, GCV=1.412245e-06, AIC = 4.722557
  Model addition step   3: Added term 0 1 0 -- RMS=41.244768, GCV=7.629244e-07, AIC = 4.106612
  Model addition step   4: Added term 1 0 0 -- RMS=29.073767, GCV=3.791785e-07, AIC = 3.407292
  Model addition step   5: Added term 1 1 0 -- RMS=19.185619, GCV=1.651544e-07, AIC = 2.575997
  Model addition step   6: Added term 1 2 0 -- RMS=16.262011, GCV=1.186819e-07, AIC = 2.245395
  Model addition step   7: Added term 0 1 1 -- RMS=12.402853, GCV=6.905203e-08, AIC = 1.703641
  Model addition step   8: Added term 1 0 2 -- RMS=9.595705, GCV=4.134133e-08, AIC = 1.190475
  Model addition step   9: Added term 0 2 1 -- RMS=7.517245, GCV=2.537730e-08, AIC = 0.702299
  Model addition step  10: Added term 2 1 0 -- RMS=5.627183, GCV=1.422353e-08, AIC = 0.123173
  Model addition step  11: Added term 2 0 0 -- RMS=4.960100, GCV=1.105360e-08, AIC = -0.129137
  Model addition step  12: Added term 0 3 0 -- RMS=4.171024, GCV=7.818184e-09, AIC = -0.475609
  Model addition step  13: Added term 3 0 0 -- RMS=3.763183, GCV=6.365440e-09, AIC = -0.681346
  Model addition step  14: Added term 1 0 1 -- RMS=3.406086, GCV=5.215868e-09, AIC = -0.880693
  Model addition step  15: Added term 1 2 1 -- RMS=2.860750, GCV=3.680210e-09, AIC = -1.229597
  Model addition step  16: Added term 0 1 2 -- RMS=2.585826, GCV=3.007521e-09, AIC = -1.431619
  Model addition step  17: Added term 1 1 1 -- RMS=2.319893, GCV=2.421273e-09, AIC = -1.648610
  Model addition step  18: Added term 0 2 0 -- RMS=2.026205, GCV=1.847447e-09, AIC = -1.919267
  Model addition step  19: Added term 0 3 1 -- RMS=1.658329, GCV=1.237782e-09, AIC = -2.319919
  Model addition step  20: Added term 2 1 1 -- RMS=1.396869, GCV=8.784390e-10, AIC = -2.663018
  Model addition step  21: Added term 0 2 2 -- RMS=1.256377, GCV=7.107844e-10, AIC = -2.874964
  Model addition step  22: Added term 0 0 3 -- RMS=1.126250, GCV=5.713011e-10, AIC = -3.093585
  Model addition step  23: Added term 1 3 0 -- RMS=1.070522, GCV=5.162785e-10, AIC = -3.195024
  Model addition step  24: Added term 2 2 0 -- RMS=0.982922, GCV=4.353400e-10, AIC = -3.365711
Change in error: 0.020799. No more terms added.
   25 polynomial terms were written for termaj3
termaj4
  RMS fit error of the full model is: 0.539522 mm
  maximum moment arm: 105.614670 mm
  maximum error allowed: 10.561467 mm
  Model addition step   1: Added term 0 0 0 -- RMS=61.082956, GCV=1.672589e-06, AIC = 4.891917
  Model addition step   2: Added term 0 0 1 -- RMS=42.676946, GCV=8.166446e-07, AIC = 4.174825
  Model addition step   3: Added term 0 1 0 -- RMS=29.083016, GCV=3.793348e-07, AIC = 3.407872
  Model addition step   4: Added term 1 0 0 -- RMS=18.896100, GCV=1.601716e-07, AIC = 2.545531
  Model addition step   5: Added term 1 1 0 -- RMS=11.263771, GCV=5.692540e-08, AIC = 1.510858
  Model addition step   6: Added term 1 2 0 -- RMS=9.365305, GCV=3.936223e-08, AIC = 1.141755
  Model addition step   7: Added term 0 1 1 -- RMS=7.545068, GCV=2.555404e-08, AIC = 0.709576
  Model addition step   8: Added term 0 3 0 -- RMS=6.855505, GCV=2.110132e-08, AIC = 0.517947
  Model addition step   9: Added term 0 3 1 -- RMS=6.042672, GCV=1.639782e-08, AIC = 0.265592
  Model addition step  10: Added term 1 0 2 -- RMS=5.289892, GCV=1.256953e-08, AIC = -0.000449
  Model addition step  11: Added term 2 1 0 -- RMS=4.275984, GCV=8.214763e-09, AIC = -0.425960
  Model addition step  12: Added term 2 0 0 -- RMS=3.643832, GCV=5.966740e-09, AIC = -0.745860
  Model addition step  13: Added term 0 0 2 -- RMS=2.915421, GCV=3.820503e-09, AIC = -1.191847
  Model addition step  14: Added term 0 2 1 -- RMS=2.350309, GCV=2.483506e-09, AIC = -1.622727
  Model addition step  15: Added term 3 0 0 -- RMS=1.857232, GCV=1.551119e-09, AIC = -2.093590
  Model addition step  16: Added term 1 0 1 -- RMS=1.680775, GCV=1.270660e-09, AIC = -2.293198
  Model addition step  17: Added term 1 2 1 -- RMS=1.422385, GCV=9.102107e-10, AIC = -2.626983
  Model addition step  18: Added term 0 0 3 -- RMS=1.279618, GCV=7.368281e-10, AIC = -2.838473
  Model addition step  19: Added term 0 4 0 -- RMS=1.150504, GCV=5.957709e-10, AIC = -3.051140
  Model addition step  20: Added term 2 0 1 -- RMS=1.067793, GCV=5.133036e-10, AIC = -3.200297
  Model addition step  21: Added term 2 1 1 -- RMS=0.993350, GCV=4.443271e-10, AIC = -3.344772
  Model addition step  22: Added term 1 1 1 -- RMS=0.820436, GCV=3.031693e-10, AIC = -3.727210
  Model addition step  23: Added term 0 1 3 -- RMS=0.727708, GCV=2.385651e-10, AIC = -3.967028
  Model addition step  24: Added term 0 2 2 -- RMS=0.673694, GCV=2.045108e-10, AIC = -4.121218
  Model addition step  25: Added term 1 3 0 -- RMS=0.616827, GCV=1.714804e-10, AIC = -4.297538
  Model addition step  26: Added term 2 2 0 -- RMS=0.588175, GCV=1.559550e-10, AIC = -4.392609
Change in error: 0.028866. No more terms added.
   27 polynomial terms were written for termaj4
supra1
  RMS fit error of the full model is: 0.786987 mm
  maximum moment arm: 62.478227 mm
  maximum error allowed: 6.247823 mm
  Model addition step   1: Added term 0 0 0 -- RMS=28.433841, GCV=3.624267e-07, AIC = 3.362611
  Model addition step   2: Added term 0 0 1 -- RMS=15.213573, GCV=1.037789e-07, AIC = 2.111883
  Model addition step   3: Added term 4 0 0 -- RMS=13.243135, GCV=7.865483e-08, AIC = 1.834522
  Model addition step   4: Added term 1 0 0 -- RMS=11.232682, GCV=5.659890e-08, AIC = 1.505275
  Model addition step   5: Added term 0 4 0 -- RMS=9.391185, GCV=3.957121e-08, AIC = 1.147219
  Model addition step   6: Added term 0 1 0 -- RMS=6.796614, GCV=2.073104e-08, AIC = 0.500581
  Model addition step   7: Added term 0 2 0 -- RMS=5.209494, GCV=1.218216e-08, AIC = -0.031247
  Model addition step   8: Added term 2 0 0 -- RMS=3.976393, GCV=7.099199e-09, AIC = -0.571406
  Model addition step   9: Added term 0 0 2 -- RMS=3.060977, GCV=4.207734e-09, AIC = -1.094632
  Model addition step  10: Added term 2 1 0 -- RMS=2.546453, GCV=2.912708e-09, AIC = -1.462641
  Model addition step  11: Added term 3 0 1 -- RMS=2.337921, GCV=2.455742e-09, AIC = -1.633464
  Model addition step  12: Added term 0 1 1 -- RMS=2.171552, GCV=2.119145e-09, AIC = -1.781048
  Model addition step  13: Added term 0 2 1 -- RMS=1.954395, GCV=1.716891e-09, AIC = -1.991715
  Model addition step  14: Added term 0 3 0 -- RMS=1.645049, GCV=1.216670e-09, AIC = -2.336280
  Model addition step  15: Added term 1 0 1 -- RMS=1.436190, GCV=9.275490e-10, AIC = -2.607776
  Model addition step  16: Added term 1 2 0 -- RMS=1.283167, GCV=7.405881e-10, AIC = -2.833046
  Model addition step  17: Added term 0 3 1 -- RMS=1.196326, GCV=6.438834e-10, AIC = -2.973141
  Model addition step  18: Added term 0 0 4 -- RMS=1.129182, GCV=5.737637e-10, AIC = -3.088610
  Model addition step  19: Added term 0 1 3 -- RMS=1.062511, GCV=5.081240e-10, AIC = -3.210270
  Model addition step  20: Added term 0 2 2 -- RMS=0.955572, GCV=4.110811e-10, AIC = -3.422374
  Model addition step  21: Added term 3 1 0 -- RMS=0.921761, GCV=3.825911e-10, AIC = -3.494366
Change in error: 0.025990. No more terms added.
   22 polynomial terms were written for supra1
supra2
  RMS fit error of the full model is: 0.724196 mm
  maximum moment arm: 59.829440 mm
  maximum error allowed: 5.982944 mm
  Model addition step   1: Added term 0 0 0 -- RMS=29.244258, GCV=3.833807e-07, AIC = 3.418818
  Model addition step   2: Added term 0 0 1 -- RMS=17.193438, GCV=1.325476e-07, AIC = 2.356563
  Model addition step   3: Added term 1 2 0 -- RMS=15.386826, GCV=1.061798e-07, AIC = 2.134587
  Model addition step   4: Added term 0 1 0 -- RMS=13.706065, GCV=8.426878e-08, AIC = 1.903296
  Model addition step   5: Added term 0 2 0 -- RMS=11.312079, GCV=5.741474e-08, AIC = 1.519418
  Model addition step   6: Added term 4 0 0 -- RMS=9.825630, GCV=4.332681e-08, AIC = 1.237720
  Model addition step   7: Added term 1 0 0 -- RMS=5.704119, GCV=1.460530e-08, AIC = 0.150165
  Model addition step   8: Added term 0 0 2 -- RMS=4.957754, GCV=1.103572e-08, AIC = -0.130251
  Model addition step   9: Added term 1 1 0 -- RMS=4.282342, GCV=8.235514e-09, AIC = -0.423101
  Model addition step  10: Added term 2 0 0 -- RMS=3.240834, GCV=4.717796e-09, AIC = -0.980383
  Model addition step  11: Added term 2 1 1 -- RMS=2.687718, GCV=3.245564e-09, AIC = -1.354604
  Model addition step  12: Added term 0 3 0 -- RMS=2.277233, GCV=2.330427e-09, AIC = -1.686010
  Model addition step  13: Added term 0 1 1 -- RMS=2.043498, GCV=1.877009e-09, AIC = -1.902550
  Model addition step  14: Added term 0 2 1 -- RMS=1.854608, GCV=1.546391e-09, AIC = -2.096474
  Model addition step  15: Added term 1 0 1 -- RMS=1.669802, GCV=1.253842e-09, AIC = -2.306354
  Model addition step  16: Added term 3 0 1 -- RMS=1.259914, GCV=7.139898e-10, AIC = -2.869622
  Model addition step  17: Added term 1 1 2 -- RMS=1.179407, GCV=6.257997e-10, AIC = -3.001628
  Model addition step  18: Added term 0 3 1 -- RMS=1.092297, GCV=5.368921e-10, AIC = -3.155030
  Model addition step  19: Added term 0 4 0 -- RMS=1.021177, GCV=4.693591e-10, AIC = -3.289627
  Model addition step  20: Added term 1 3 0 -- RMS=0.966067, GCV=4.201604e-10, AIC = -3.400528
  Model addition step  21: Added term 0 0 3 -- RMS=0.912247, GCV=3.747334e-10, AIC = -3.515118
Change in error: 0.028577. No more terms added.
   22 polynomial terms were written for supra2
supra3
  RMS fit error of the full model is: 0.315883 mm
  maximum moment arm: 52.792700 mm
  maximum error allowed: 5.279270 mm
  Model addition step   1: Added term 0 0 0 -- RMS=28.853847, GCV=3.732128e-07, AIC = 3.391938
  Model addition step   2: Added term 0 0 1 -- RMS=17.366545, GCV=1.352301e-07, AIC = 2.376599
  Model addition step   3: Added term 1 0 0 -- RMS=13.217210, GCV=7.834717e-08, AIC = 1.830603
  Model addition step   4: Added term 0 2 0 -- RMS=8.151408, GCV=2.980619e-08, AIC = 0.864001
  Model addition step   5: Added term 0 1 0 -- RMS=6.416990, GCV=1.847572e-08, AIC = 0.385574
  Model addition step   6: Added term 1 1 0 -- RMS=5.565748, GCV=1.390218e-08, AIC = 0.100994
  Model addition step   7: Added term 3 0 0 -- RMS=3.589632, GCV=5.784066e-09, AIC = -0.776113
  Model addition step   8: Added term 1 0 1 -- RMS=2.510171, GCV=2.829028e-09, AIC = -1.491455
  Model addition step   9: Added term 0 2 1 -- RMS=2.113222, GCV=2.005479e-09, AIC = -1.835673
  Model addition step  10: Added term 2 0 1 -- RMS=1.711542, GCV=1.315832e-09, AIC = -2.257255
  Model addition step  11: Added term 0 3 0 -- RMS=1.470885, GCV=9.720322e-10, AIC = -2.560259
  Model addition step  12: Added term 2 1 0 -- RMS=1.150321, GCV=5.946462e-10, AIC = -3.051850
  Model addition step  13: Added term 1 2 0 -- RMS=1.005881, GCV=4.547902e-10, AIC = -3.320149
  Model addition step  14: Added term 2 0 0 -- RMS=0.837316, GCV=3.152056e-10, AIC = -3.686928
  Model addition step  15: Added term 2 0 2 -- RMS=0.766188, GCV=2.639878e-10, AIC = -3.864419
  Model addition step  16: Added term 0 0 2 -- RMS=0.658584, GCV=1.950888e-10, AIC = -4.167036
  Model addition step  17: Added term 0 1 3 -- RMS=0.542729, GCV=1.325177e-10, AIC = -4.553942
  Model addition step  18: Added term 0 0 4 -- RMS=0.473026, GCV=1.006873e-10, AIC = -4.828807
  Model addition step  19: Added term 1 0 2 -- RMS=0.448003, GCV=9.033673e-11, AIC = -4.937452
  Model addition step  20: Added term 2 2 0 -- RMS=0.433895, GCV=8.475578e-11, AIC = -5.001390
  Model addition step  21: Added term 1 3 0 -- RMS=0.414919, GCV=7.752183e-11, AIC = -5.090773
  Model addition step  22: Added term 0 3 1 -- RMS=0.400092, GCV=7.209678e-11, AIC = -5.163492
  Model addition step  23: Added term 2 1 1 -- RMS=0.382119, GCV=6.577946e-11, AIC = -5.255363
  Model addition step  24: Added term 4 0 0 -- RMS=0.365211, GCV=6.010068e-11, AIC = -5.345818
  Model addition step  25: Added term 1 1 1 -- RMS=0.343409, GCV=5.315110e-11, AIC = -5.468869
Change in error: 0.027448. No more terms added.
   26 polynomial terms were written for supra3
supra4
  RMS fit error of the full model is: 0.336342 mm
  maximum moment arm: 52.877991 mm
  maximum error allowed: 5.287799 mm
  Model addition step   1: Added term 0 0 0 -- RMS=28.226551, GCV=3.571616e-07, AIC = 3.347978
  Model addition step   2: Added term 0 0 1 -- RMS=16.791069, GCV=1.264163e-07, AIC = 2.309202
  Model addition step   3: Added term 0 1 0 -- RMS=12.837470, GCV=7.390991e-08, AIC = 1.772300
  Model addition step   4: Added term 1 0 0 -- RMS=10.724068, GCV=5.158937e-08, AIC = 1.412601
  Model addition step   5: Added term 2 0 0 -- RMS=8.455969, GCV=3.208228e-08, AIC = 0.937421
  Model addition step   6: Added term 0 2 0 -- RMS=5.784746, GCV=1.501774e-08, AIC = 0.178181
  Model addition step   7: Added term 1 1 0 -- RMS=4.202423, GCV=7.927436e-09, AIC = -0.460890
  Model addition step   8: Added term 1 0 1 -- RMS=3.245791, GCV=4.730116e-09, AIC = -0.977438
  Model addition step   9: Added term 2 0 2 -- RMS=2.668162, GCV=3.197073e-09, AIC = -1.369321
  Model addition step  10: Added term 0 3 1 -- RMS=2.132111, GCV=2.041951e-09, AIC = -1.817819
  Model addition step  11: Added term 1 1 2 -- RMS=1.754796, GCV=1.383491e-09, AIC = -2.207283
  Model addition step  12: Added term 3 0 1 -- RMS=1.603134, GCV=1.154942e-09, AIC = -2.388011
  Model addition step  13: Added term 0 3 0 -- RMS=1.470648, GCV=9.721542e-10, AIC = -2.560471
  Model addition step  14: Added term 0 2 1 -- RMS=1.221444, GCV=6.707527e-10, AIC = -2.931753
  Model addition step  15: Added term 2 1 0 -- RMS=1.067834, GCV=5.127670e-10, AIC = -3.200500
  Model addition step  16: Added term 1 2 0 -- RMS=0.853509, GCV=3.276625e-10, AIC = -3.648506
  Model addition step  17: Added term 0 1 3 -- RMS=0.794510, GCV=2.839921e-10, AIC = -3.791712
  Model addition step  18: Added term 0 0 2 -- RMS=0.736055, GCV=2.437958e-10, AIC = -3.944496
  Model addition step  19: Added term 0 0 4 -- RMS=0.587517, GCV=1.553618e-10, AIC = -4.395239
  Model addition step  20: Added term 3 0 0 -- RMS=0.545993, GCV=1.342069e-10, AIC = -4.541781
  Model addition step  21: Added term 2 2 0 -- RMS=0.492384, GCV=1.091708e-10, AIC = -4.748419
  Model addition step  22: Added term 2 1 1 -- RMS=0.462075, GCV=9.616559e-11, AIC = -4.875430
  Model addition step  23: Added term 0 0 3 -- RMS=0.434401, GCV=8.501106e-11, AIC = -4.998889
  Model addition step  24: Added term 1 3 0 -- RMS=0.409976, GCV=7.573698e-11, AIC = -5.114572
  Model addition step  25: Added term 0 4 0 -- RMS=0.389683, GCV=6.844030e-11, AIC = -5.216046
  Model addition step  26: Added term 0 1 1 -- RMS=0.375781, GCV=6.365852e-11, AIC = -5.288643
  Model addition step  27: Added term 0 2 2 -- RMS=0.358998, GCV=5.811209e-11, AIC = -5.379971
Change in error: 0.018099. No more terms added.
   28 polynomial terms were written for supra4
subscap1
  RMS fit error of the full model is: 0.326378 mm
  maximum moment arm: 48.727721 mm
  maximum error allowed: 4.872772 mm
  Model addition step   1: Added term 0 0 0 -- RMS=22.305845, GCV=2.230419e-07, AIC = 2.877149
  Model addition step   2: Added term 0 1 0 -- RMS=18.156360, GCV=1.478101e-07, AIC = 2.465549
  Model addition step   3: Added term 1 0 0 -- RMS=13.906404, GCV=8.673082e-08, AIC = 1.932262
  Model addition step   4: Added term 0 4 0 -- RMS=12.121710, GCV=6.591267e-08, AIC = 1.657616
  Model addition step   5: Added term 1 1 0 -- RMS=10.425204, GCV=4.876493e-08, AIC = 1.356128
  Model addition step   6: Added term 0 0 4 -- RMS=8.457755, GCV=3.210303e-08, AIC = 0.937899
  Model addition step   7: Added term 0 0 1 -- RMS=7.103324, GCV=2.264939e-08, AIC = 0.588913
  Model addition step   8: Added term 0 2 2 -- RMS=6.044302, GCV=1.640299e-08, AIC = 0.266076
  Model addition step   9: Added term 0 3 0 -- RMS=5.060609, GCV=1.150095e-08, AIC = -0.089127
  Model addition step  10: Added term 0 0 2 -- RMS=4.133401, GCV=7.674333e-09, AIC = -0.493843
  Model addition step  11: Added term 1 2 0 -- RMS=3.149925, GCV=4.457830e-09, AIC = -1.037231
  Model addition step  12: Added term 1 0 1 -- RMS=2.680900, GCV=3.229844e-09, AIC = -1.359627
  Model addition step  13: Added term 2 1 1 -- RMS=2.234169, GCV=2.243623e-09, AIC = -1.724138
  Model addition step  14: Added term 0 2 0 -- RMS=1.710204, GCV=1.314955e-09, AIC = -2.258595
  Model addition step  15: Added term 0 0 3 -- RMS=1.533528, GCV=1.057539e-09, AIC = -2.476622
  Model addition step  16: Added term 1 0 3 -- RMS=1.436834, GCV=9.285894e-10, AIC = -2.606823
  Model addition step  17: Added term 0 1 3 -- RMS=1.377722, GCV=8.539471e-10, AIC = -2.690789
  Model addition step  18: Added term 0 1 1 -- RMS=1.178994, GCV=6.255019e-10, AIC = -3.002273
  Model addition step  19: Added term 0 3 1 -- RMS=1.081939, GCV=5.268757e-10, AIC = -3.174031
  Model addition step  20: Added term 0 1 2 -- RMS=0.962240, GCV=4.168383e-10, AIC = -3.408466
  Model addition step  21: Added term 2 1 0 -- RMS=0.904328, GCV=3.682563e-10, AIC = -3.532554
  Model addition step  22: Added term 2 0 0 -- RMS=0.831236, GCV=3.112030e-10, AIC = -3.701056
  Model addition step  23: Added term 3 0 1 -- RMS=0.622213, GCV=1.744101e-10, AIC = -4.280261
  Model addition step  24: Added term 0 2 1 -- RMS=0.504724, GCV=1.147885e-10, AIC = -4.698747
  Model addition step  25: Added term 2 2 0 -- RMS=0.413425, GCV=7.703369e-11, AIC = -5.097765
  Model addition step  26: Added term 1 3 0 -- RMS=0.390868, GCV=6.887267e-11, AIC = -5.209917
  Model addition step  27: Added term 3 1 0 -- RMS=0.370590, GCV=6.192565e-11, AIC = -5.316410
Change in error: 0.024380. No more terms added.
   28 polynomial terms were written for subscap1
subscap2
  RMS fit error of the full model is: 0.255237 mm
  maximum moment arm: 54.844845 mm
  maximum error allowed: 5.484485 mm
  Model addition step   1: Added term 0 0 0 -- RMS=17.897211, GCV=1.435885e-07, AIC = 2.436741
  Model addition step   2: Added term 0 0 3 -- RMS=13.845630, GCV=8.595514e-08, AIC = 1.923447
  Model addition step   3: Added term 0 4 0 -- RMS=12.568505, GCV=7.084530e-08, AIC = 1.729952
  Model addition step   4: Added term 1 0 0 -- RMS=11.390709, GCV=5.820264e-08, AIC = 1.533216
  Model addition step   5: Added term 1 3 0 -- RMS=9.708318, GCV=4.228891e-08, AIC = 1.213642
  Model addition step   6: Added term 0 1 0 -- RMS=7.765415, GCV=2.706233e-08, AIC = 0.767091
  Model addition step   7: Added term 1 1 0 -- RMS=6.435726, GCV=1.859209e-08, AIC = 0.391517
  Model addition step   8: Added term 0 2 0 -- RMS=4.678085, GCV=9.825776e-09, AIC = -0.246379
  Model addition step   9: Added term 0 3 0 -- RMS=4.233872, GCV=8.050140e-09, AIC = -0.445867
  Model addition step  10: Added term 0 1 2 -- RMS=3.593224, GCV=5.799546e-09, AIC = -0.773945
  Model addition step  11: Added term 3 0 0 -- RMS=2.987644, GCV=4.010335e-09, AIC = -1.143018
  Model addition step  12: Added term 1 2 0 -- RMS=2.695274, GCV=3.264572e-09, AIC = -1.348933
  Model addition step  13: Added term 2 1 0 -- RMS=2.469844, GCV=2.741933e-09, AIC = -1.523567
  Model addition step  14: Added term 0 0 4 -- RMS=2.289321, GCV=2.356289e-09, AIC = -1.675310
  Model addition step  15: Added term 0 0 1 -- RMS=1.601977, GCV=1.154052e-09, AIC = -2.389287
  Model addition step  16: Added term 0 0 2 -- RMS=0.987856, GCV=4.389325e-10, AIC = -3.356145
  Model addition step  17: Added term 1 0 1 -- RMS=0.821881, GCV=3.038963e-10, AIC = -3.723972
  Model addition step  18: Added term 0 2 1 -- RMS=0.652417, GCV=1.915381e-10, AIC = -4.185740
  Model addition step  19: Added term 2 0 1 -- RMS=0.463569, GCV=9.672348e-11, AIC = -4.869139
  Model addition step  20: Added term 2 0 0 -- RMS=0.397732, GCV=7.121681e-11, AIC = -5.175435
  Model addition step  21: Added term 0 1 1 -- RMS=0.341554, GCV=5.253115e-11, AIC = -5.479926
  Model addition step  22: Added term 0 2 2 -- RMS=0.320567, GCV=4.628419e-11, AIC = -5.606701
  Model addition step  23: Added term 1 0 3 -- RMS=0.298789, GCV=4.021827e-11, AIC = -5.747349
  Model addition step  24: Added term 1 1 2 -- RMS=0.285780, GCV=3.680049e-11, AIC = -5.836328
  Model addition step  25: Added term 4 0 0 -- RMS=0.275219, GCV=3.413850e-11, AIC = -5.911582
Change in error: 0.029999. No more terms added.
   26 polynomial terms were written for subscap2
subscap3
  RMS fit error of the full model is: 0.469620 mm
  maximum moment arm: 41.882968 mm
  maximum error allowed: 4.188297 mm
  Model addition step   1: Added term 0 0 0 -- RMS=23.627386, GCV=2.502537e-07, AIC = 2.992264
  Model addition step   2: Added term 0 1 0 -- RMS=18.254385, GCV=1.494104e-07, AIC = 2.476318
  Model addition step   3: Added term 0 0 1 -- RMS=10.660908, GCV=5.097206e-08, AIC = 1.400731
  Model addition step   4: Added term 2 0 0 -- RMS=6.925675, GCV=2.151619e-08, AIC = 0.538091
  Model addition step   5: Added term 1 0 0 -- RMS=6.221355, GCV=1.736635e-08, AIC = 0.323651
  Model addition step   6: Added term 1 1 0 -- RMS=5.085914, GCV=1.160844e-08, AIC = -0.079319
  Model addition step   7: Added term 0 3 0 -- RMS=3.573613, GCV=5.732555e-09, AIC = -0.785058
  Model addition step   8: Added term 0 1 3 -- RMS=3.106473, GCV=4.332771e-09, AIC = -1.065181
  Model addition step   9: Added term 0 0 4 -- RMS=2.750373, GCV=3.397123e-09, AIC = -1.308627
  Model addition step  10: Added term 1 0 1 -- RMS=1.962858, GCV=1.730626e-09, AIC = -1.983242
  Model addition step  11: Added term 0 0 2 -- RMS=1.583704, GCV=1.126862e-09, AIC = -2.412456
  Model addition step  12: Added term 0 4 0 -- RMS=1.343468, GCV=8.111009e-10, AIC = -2.741424
  Model addition step  13: Added term 0 2 2 -- RMS=1.147197, GCV=5.915535e-10, AIC = -3.057233
  Model addition step  14: Added term 2 0 1 -- RMS=1.052779, GCV=4.982983e-10, AIC = -3.228954
  Model addition step  15: Added term 2 1 0 -- RMS=0.956322, GCV=4.112645e-10, AIC = -3.421085
  Model addition step  16: Added term 1 3 0 -- RMS=0.890524, GCV=3.566985e-10, AIC = -3.563599
  Model addition step  17: Added term 0 1 1 -- RMS=0.828633, GCV=3.089099e-10, AIC = -3.707609
  Model addition step  18: Added term 0 3 1 -- RMS=0.707745, GCV=2.254025e-10, AIC = -4.022940
  Model addition step  19: Added term 0 2 0 -- RMS=0.677243, GCV=2.064389e-10, AIC = -4.110991
  Model addition step  20: Added term 2 2 0 -- RMS=0.607914, GCV=1.663734e-10, AIC = -4.326929
  Model addition step  21: Added term 3 0 0 -- RMS=0.568382, GCV=1.454718e-10, AIC = -4.461351
  Model addition step  22: Added term 1 1 1 -- RMS=0.550247, GCV=1.363675e-10, AIC = -4.526148
  Model addition step  23: Added term 2 1 1 -- RMS=0.529472, GCV=1.262932e-10, AIC = -4.603064
Change in error: 0.025453. No more terms added.
   24 polynomial terms were written for subscap3
subscap4
  RMS fit error of the full model is: 3.344814 mm
  maximum moment arm: 56.704829 mm
  maximum error allowed: 5.670483 mm
  Model addition step   1: Added term 0 0 0 -- RMS=30.453622, GCV=4.157450e-07, AIC = 3.499861
  Model addition step   2: Added term 0 1 0 -- RMS=21.540253, GCV=2.080406e-07, AIC = 2.807354
  Model addition step   3: Added term 1 0 1 -- RMS=10.811567, GCV=5.242291e-08, AIC = 1.428797
  Model addition step   4: Added term 0 0 1 -- RMS=8.038041, GCV=2.898288e-08, AIC = 0.835990
  Model addition step   5: Added term 1 1 0 -- RMS=6.605766, GCV=1.957875e-08, AIC = 0.443561
  Model addition step   6: Added term 3 0 0 -- RMS=5.847531, GCV=1.534550e-08, AIC = 0.199770
  Model addition step   7: Added term 0 2 0 -- RMS=5.497521, GCV=1.356648e-08, AIC = 0.076382
  Model addition step   8: Added term 0 3 0 -- RMS=5.036224, GCV=1.138782e-08, AIC = -0.098843
  Model addition step   9: Added term 1 0 0 -- RMS=4.698239, GCV=9.912845e-09, AIC = -0.237725
  Model addition step  10: Added term 2 0 0 -- RMS=4.539298, GCV=9.255566e-09, AIC = -0.306499
  Model addition step  11: Added term 2 1 0 -- RMS=4.346152, GCV=8.486583e-09, AIC = -0.393406
  Model addition step  12: Added term 0 3 1 -- RMS=4.197357, GCV=7.917212e-09, AIC = -0.463022
Change in error: 0.024722. No more terms added.
   13 polynomial terms were written for subscap4
subscap5
  RMS fit error of the full model is: 3.213631 mm
  maximum moment arm: 57.070208 mm
  maximum error allowed: 5.707021 mm
  Model addition step   1: Added term 0 0 0 -- RMS=30.125105, GCV=4.068237e-07, AIC = 3.478169
  Model addition step   2: Added term 0 1 0 -- RMS=22.368088, GCV=2.243387e-07, AIC = 2.882778
  Model addition step   3: Added term 1 0 2 -- RMS=13.455004, GCV=8.119166e-08, AIC = 1.866266
  Model addition step   4: Added term 0 0 1 -- RMS=11.075952, GCV=5.503048e-08, AIC = 1.477172
  Model addition step   5: Added term 1 1 0 -- RMS=9.498510, GCV=4.048083e-08, AIC = 1.169945
  Model addition step   6: Added term 2 0 0 -- RMS=8.400886, GCV=3.167278e-08, AIC = 0.924406
  Model addition step   7: Added term 1 0 0 -- RMS=7.577612, GCV=2.577496e-08, AIC = 0.718184
  Model addition step   8: Added term 0 2 0 -- RMS=6.715961, GCV=2.025102e-08, AIC = 0.476817
  Model addition step   9: Added term 1 0 1 -- RMS=6.227560, GCV=1.741662e-08, AIC = 0.325869
  Model addition step  10: Added term 0 3 0 -- RMS=5.691511, GCV=1.455059e-08, AIC = 0.145907
  Model addition step  11: Added term 0 3 1 -- RMS=5.281060, GCV=1.253041e-08, AIC = -0.003735
  Model addition step  12: Added term 0 0 2 -- RMS=4.933800, GCV=1.093915e-08, AIC = -0.139714
  Model addition step  13: Added term 2 1 0 -- RMS=4.659591, GCV=9.759184e-09, AIC = -0.254021
  Model addition step  14: Added term 0 4 0 -- RMS=4.360902, GCV=8.550036e-09, AIC = -0.386462
Change in error: 0.021703. No more terms added.
   15 polynomial terms were written for subscap5
subscap6
  RMS fit error of the full model is: 2.075940 mm
  maximum moment arm: 58.370790 mm
  maximum error allowed: 5.837079 mm
  Model addition step   1: Added term 0 0 0 -- RMS=30.685179, GCV=4.220913e-07, AIC = 3.515011
  Model addition step   2: Added term 0 1 0 -- RMS=19.821593, GCV=1.761666e-07, AIC = 2.641051
  Model addition step   3: Added term 1 0 2 -- RMS=13.951930, GCV=8.729962e-08, AIC = 1.938799
  Model addition step   4: Added term 1 0 0 -- RMS=11.067203, GCV=5.494357e-08, AIC = 1.475592
  Model addition step   5: Added term 2 0 0 -- RMS=8.375796, GCV=3.147681e-08, AIC = 0.918368
  Model addition step   6: Added term 0 1 1 -- RMS=6.621048, GCV=1.967385e-08, AIC = 0.448239
  Model addition step   7: Added term 0 2 0 -- RMS=5.565358, GCV=1.390335e-08, AIC = 0.100910
  Model addition step   8: Added term 1 0 1 -- RMS=4.924339, GCV=1.088746e-08, AIC = -0.143776
  Model addition step   9: Added term 2 1 1 -- RMS=4.254145, GCV=8.127419e-09, AIC = -0.436313
  Model addition step  10: Added term 0 3 0 -- RMS=3.659022, GCV=6.013890e-09, AIC = -0.737653
  Model addition step  11: Added term 0 0 1 -- RMS=3.327953, GCV=4.975965e-09, AIC = -0.927274
  Model addition step  12: Added term 0 1 2 -- RMS=3.185260, GCV=4.559426e-09, AIC = -1.014865
  Model addition step  13: Added term 0 0 2 -- RMS=3.013091, GCV=4.080771e-09, AIC = -1.125944
  Model addition step  14: Added term 1 3 0 -- RMS=2.901278, GCV=3.784375e-09, AIC = -1.201517
  Model addition step  15: Added term 1 2 0 -- RMS=2.776640, GCV=3.466984e-09, AIC = -1.289281
  Model addition step  16: Added term 0 2 1 -- RMS=2.686781, GCV=3.246943e-09, AIC = -1.355021
  Model addition step  17: Added term 0 3 1 -- RMS=2.546487, GCV=2.917364e-09, AIC = -1.462223
  Model addition step  18: Added term 1 2 1 -- RMS=2.383478, GCV=2.556394e-09, AIC = -1.594474
  Model addition step  19: Added term 2 1 0 -- RMS=2.308427, GCV=2.398475e-09, AIC = -1.658408
Change in error: 0.016406. No more terms added.
   20 polynomial terms were written for subscap6
subscap7
  RMS fit error of the full model is: 1.192158 mm
  maximum moment arm: 52.219199 mm
  maximum error allowed: 5.221920 mm
  Model addition step   1: Added term 0 0 0 -- RMS=27.874613, GCV=3.483107e-07, AIC = 3.322884
  Model addition step   2: Added term 0 1 0 -- RMS=16.477896, GCV=1.217447e-07, AIC = 2.271547
  Model addition step   3: Added term 0 0 2 -- RMS=13.311444, GCV=7.946834e-08, AIC = 1.844812
  Model addition step   4: Added term 1 0 0 -- RMS=10.636094, GCV=5.074643e-08, AIC = 1.396126
  Model addition step   5: Added term 2 0 1 -- RMS=7.285915, GCV=2.381808e-08, AIC = 0.639562
  Model addition step   6: Added term 0 1 1 -- RMS=4.771137, GCV=1.021597e-08, AIC = -0.207099
  Model addition step   7: Added term 1 0 1 -- RMS=4.155718, GCV=7.752210e-09, AIC = -0.483242
  Model addition step   8: Added term 2 1 1 -- RMS=3.845113, GCV=6.638177e-09, AIC = -0.638551
  Model addition step   9: Added term 0 3 0 -- RMS=3.563129, GCV=5.701527e-09, AIC = -0.790822
  Model addition step  10: Added term 0 2 0 -- RMS=2.928739, GCV=3.852892e-09, AIC = -1.182900
  Model addition step  11: Added term 2 0 0 -- RMS=2.568639, GCV=2.964346e-09, AIC = -1.445236
  Model addition step  12: Added term 1 3 0 -- RMS=2.210173, GCV=2.195194e-09, AIC = -1.745791
  Model addition step  13: Added term 0 1 2 -- RMS=1.949864, GCV=1.708938e-09, AIC = -1.996357
  Model addition step  14: Added term 0 0 1 -- RMS=1.774066, GCV=1.414996e-09, AIC = -2.185272
  Model addition step  15: Added term 3 0 0 -- RMS=1.679663, GCV=1.268695e-09, AIC = -2.294578
  Model addition step  16: Added term 1 2 0 -- RMS=1.576155, GCV=1.117398e-09, AIC = -2.421732
  Model addition step  17: Added term 1 2 1 -- RMS=1.505396, GCV=1.019552e-09, AIC = -2.513540
Change in error: 0.026556. No more terms added.
   18 polynomial terms were written for subscap7
subscap8
  RMS fit error of the full model is: 1.434261 mm
  maximum moment arm: 53.661839 mm
  maximum error allowed: 5.366184 mm
  Model addition step   1: Added term 0 0 0 -- RMS=27.862774, GCV=3.480149e-07, AIC = 3.322034
  Model addition step   2: Added term 0 1 0 -- RMS=15.910622, GCV=1.135065e-07, AIC = 2.201481
  Model addition step   3: Added term 0 0 2 -- RMS=12.617312, GCV=7.139659e-08, AIC = 1.737703
  Model addition step   4: Added term 1 0 0 -- RMS=11.040342, GCV=5.467719e-08, AIC = 1.470731
  Model addition step   5: Added term 2 0 1 -- RMS=7.257907, GCV=2.363531e-08, AIC = 0.631858
  Model addition step   6: Added term 0 1 1 -- RMS=5.192048, GCV=1.209799e-08, AIC = -0.038012
  Model addition step   7: Added term 1 0 1 -- RMS=4.504719, GCV=9.108958e-09, AIC = -0.321961
  Model addition step   8: Added term 2 1 1 -- RMS=4.103748, GCV=7.561224e-09, AIC = -0.508355
  Model addition step   9: Added term 2 0 0 -- RMS=3.767260, GCV=6.373519e-09, AIC = -0.679405
  Model addition step  10: Added term 1 1 0 -- RMS=3.517055, GCV=5.556275e-09, AIC = -0.816797
  Model addition step  11: Added term 0 2 0 -- RMS=3.206586, GCV=4.619648e-09, AIC = -1.001574
  Model addition step  12: Added term 0 3 0 -- RMS=2.636454, GCV=3.123639e-09, AIC = -1.393063
  Model addition step  13: Added term 0 1 2 -- RMS=2.410260, GCV=2.611233e-09, AIC = -1.572407
  Model addition step  14: Added term 0 0 1 -- RMS=2.222457, GCV=2.220660e-09, AIC = -1.734593
  Model addition step  15: Added term 2 1 0 -- RMS=2.122539, GCV=2.025928e-09, AIC = -1.826538
  Model addition step  16: Added term 0 3 1 -- RMS=2.057135, GCV=1.903425e-09, AIC = -1.889080
  Model addition step  17: Added term 0 2 1 -- RMS=1.942256, GCV=1.697151e-09, AIC = -2.003952
Change in error: 0.021715. No more terms added.
   18 polynomial terms were written for subscap8
subscap9
  RMS fit error of the full model is: 0.729326 mm
  maximum moment arm: 47.729374 mm
  maximum error allowed: 4.772937 mm
  Model addition step   1: Added term 0 0 0 -- RMS=24.610437, GCV=2.715112e-07, AIC = 3.073793
  Model addition step   2: Added term 0 1 0 -- RMS=13.183137, GCV=7.792629e-08, AIC = 1.825385
  Model addition step   3: Added term 1 0 0 -- RMS=8.817316, GCV=3.486716e-08, AIC = 1.020998
  Model addition step   4: Added term 3 0 1 -- RMS=7.196872, GCV=2.323426e-08, AIC = 0.614913
  Model addition step   5: Added term 0 1 1 -- RMS=5.991602, GCV=1.610736e-08, AIC = 0.248393
  Model addition step   6: Added term 0 0 1 -- RMS=5.194515, GCV=1.210949e-08, AIC = -0.037062
  Model addition step   7: Added term 1 1 0 -- RMS=4.390131, GCV=8.651436e-09, AIC = -0.373494
  Model addition step   8: Added term 0 1 2 -- RMS=3.837945, GCV=6.613452e-09, AIC = -0.642282
  Model addition step   9: Added term 1 0 1 -- RMS=3.326498, GCV=4.969385e-09, AIC = -0.928260
  Model addition step  10: Added term 0 3 0 -- RMS=2.737649, GCV=3.366519e-09, AIC = -1.317845
  Model addition step  11: Added term 0 0 2 -- RMS=2.143509, GCV=2.064304e-09, AIC = -1.807100
  Model addition step  12: Added term 0 2 0 -- RMS=1.828054, GCV=1.501753e-09, AIC = -2.125428
  Model addition step  13: Added term 1 3 0 -- RMS=1.559850, GCV=1.093663e-09, AIC = -2.442697
  Model addition step  14: Added term 3 0 0 -- RMS=1.235896, GCV=6.867187e-10, AIC = -2.908229
  Model addition step  15: Added term 0 0 3 -- RMS=1.095327, GCV=5.395112e-10, AIC = -3.149658
  Model addition step  16: Added term 1 2 0 -- RMS=1.053923, GCV=4.996063e-10, AIC = -3.226670
  Model addition step  17: Added term 0 4 0 -- RMS=0.989349, GCV=4.403589e-10, AIC = -3.353069
  Model addition step  18: Added term 2 2 0 -- RMS=0.956887, GCV=4.120277e-10, AIC = -3.419737
  Model addition step  19: Added term 2 0 0 -- RMS=0.916035, GCV=3.776826e-10, AIC = -3.506942
  Model addition step  20: Added term 3 1 0 -- RMS=0.885625, GCV=3.531022e-10, AIC = -3.574407
Change in error: 0.021684. No more terms added.
   21 polynomial terms were written for subscap9
subscap10
  RMS fit error of the full model is: 0.467211 mm
  maximum moment arm: 42.594242 mm
  maximum error allowed: 4.259424 mm
  Model addition step   1: Added term 0 0 0 -- RMS=24.418981, GCV=2.673032e-07, AIC = 3.058173
  Model addition step   2: Added term 0 1 0 -- RMS=18.529711, GCV=1.539514e-07, AIC = 2.506258
  Model addition step   3: Added term 0 0 1 -- RMS=11.002118, GCV=5.428707e-08, AIC = 1.463739
  Model addition step   4: Added term 1 0 0 -- RMS=5.938569, GCV=1.581993e-08, AIC = 0.230556
  Model addition step   5: Added term 1 1 0 -- RMS=3.881911, GCV=6.761292e-09, AIC = -0.619669
  Model addition step   6: Added term 2 0 1 -- RMS=3.218868, GCV=4.649885e-09, AIC = -0.994209
  Model addition step   7: Added term 0 3 0 -- RMS=2.932074, GCV=3.859073e-09, AIC = -1.180793
  Model addition step   8: Added term 0 1 2 -- RMS=2.660811, GCV=3.178768e-09, AIC = -1.374894
  Model addition step   9: Added term 0 2 0 -- RMS=2.411479, GCV=2.611531e-09, AIC = -1.571620
  Model addition step  10: Added term 1 3 0 -- RMS=2.223137, GCV=2.220025e-09, AIC = -1.734206
  Model addition step  11: Added term 1 1 2 -- RMS=1.842474, GCV=1.525197e-09, AIC = -2.109769
  Model addition step  12: Added term 0 0 2 -- RMS=1.689516, GCV=1.282759e-09, AIC = -2.283048
  Model addition step  13: Added term 1 0 1 -- RMS=1.410190, GCV=8.938670e-10, AIC = -2.644428
  Model addition step  14: Added term 2 2 0 -- RMS=1.305544, GCV=7.662989e-10, AIC = -2.798581
  Model addition step  15: Added term 1 2 0 -- RMS=1.171455, GCV=6.171122e-10, AIC = -3.015271
  Model addition step  16: Added term 0 4 0 -- RMS=1.053125, GCV=4.988505e-10, AIC = -3.228184
  Model addition step  17: Added term 0 1 1 -- RMS=0.929184, GCV=3.884283e-10, AIC = -3.478550
  Model addition step  18: Added term 0 3 1 -- RMS=0.819791, GCV=3.024207e-10, AIC = -3.729008
  Model addition step  19: Added term 0 2 2 -- RMS=0.717137, GCV=2.314764e-10, AIC = -3.996518
  Model addition step  20: Added term 3 0 1 -- RMS=0.633924, GCV=1.809154e-10, AIC = -4.243135
  Model addition step  21: Added term 1 2 1 -- RMS=0.591696, GCV=1.576502e-10, AIC = -4.380954
  Model addition step  22: Added term 0 2 1 -- RMS=0.554557, GCV=1.385123e-10, AIC = -4.510542
  Model addition step  23: Added term 3 0 0 -- RMS=0.535519, GCV=1.291940e-10, AIC = -4.580355
Change in error: 0.026853. No more terms added.
   24 polynomial terms were written for subscap10
subscap11
  RMS fit error of the full model is: 0.504059 mm
  maximum moment arm: 54.511939 mm
  maximum error allowed: 5.451194 mm
  Model addition step   1: Added term 0 0 1 -- RMS=29.791710, GCV=3.978689e-07, AIC = 3.455912
  Model addition step   2: Added term 0 0 0 -- RMS=22.458388, GCV=2.261536e-07, AIC = 2.890836
  Model addition step   3: Added term 0 1 0 -- RMS=14.369332, GCV=9.260126e-08, AIC = 1.997756
  Model addition step   4: Added term 1 0 0 -- RMS=10.196483, GCV=4.663822e-08, AIC = 1.311705
  Model addition step   5: Added term 1 1 0 -- RMS=6.150420, GCV=1.697259e-08, AIC = 0.300716
  Model addition step   6: Added term 0 4 0 -- RMS=5.162401, GCV=1.196022e-08, AIC = -0.049465
  Model addition step   7: Added term 0 1 1 -- RMS=4.007838, GCV=7.210304e-09, AIC = -0.555709
  Model addition step   8: Added term 0 3 0 -- RMS=3.607569, GCV=5.843326e-09, AIC = -0.766088
  Model addition step   9: Added term 1 3 0 -- RMS=3.065769, GCV=4.220918e-09, AIC = -1.091504
  Model addition step  10: Added term 1 0 1 -- RMS=2.604710, GCV=3.047504e-09, AIC = -1.417402
  Model addition step  11: Added term 0 3 1 -- RMS=2.357964, GCV=2.498028e-09, AIC = -1.616391
  Model addition step  12: Added term 1 2 0 -- RMS=2.122984, GCV=2.025413e-09, AIC = -1.826287
  Model addition step  13: Added term 2 2 0 -- RMS=1.891587, GCV=1.608312e-09, AIC = -2.057044
  Model addition step  14: Added term 0 0 2 -- RMS=1.698789, GCV=1.297461e-09, AIC = -2.271989
  Model addition step  15: Added term 0 1 3 -- RMS=1.352684, GCV=8.228208e-10, AIC = -2.727583
  Model addition step  16: Added term 1 2 1 -- RMS=1.196572, GCV=6.440034e-10, AIC = -2.972786
  Model addition step  17: Added term 2 1 0 -- RMS=1.125774, GCV=5.701773e-10, AIC = -3.094711
  Model addition step  18: Added term 2 1 1 -- RMS=0.949334, GCV=4.055487e-10, AIC = -3.435586
  Model addition step  19: Added term 2 0 0 -- RMS=0.910477, GCV=3.731132e-10, AIC = -3.519114
  Model addition step  20: Added term 3 0 0 -- RMS=0.815647, GCV=2.995056e-10, AIC = -3.739031
  Model addition step  21: Added term 2 0 1 -- RMS=0.749568, GCV=2.529994e-10, AIC = -3.907946
  Model addition step  22: Added term 0 2 1 -- RMS=0.674077, GCV=2.046513e-10, AIC = -4.120194
  Model addition step  23: Added term 0 2 2 -- RMS=0.604896, GCV=1.648370e-10, AIC = -4.336713
  Model addition step  24: Added term 1 1 1 -- RMS=0.575867, GCV=1.494292e-10, AIC = -4.435016
  Model addition step  25: Added term 0 2 0 -- RMS=0.552259, GCV=1.374592e-10, AIC = -4.518681
  Model addition step  26: Added term 2 0 2 -- RMS=0.532843, GCV=1.279927e-10, AIC = -4.590203
Change in error: 0.006830. No more terms added.
   27 polynomial terms were written for subscap11
bicl
  RMS fit error of the full model is: 2.515429 mm
  maximum moment arm: 47.156497 mm
  maximum error allowed: 4.715650 mm
  Model addition step   1: Added term 0 0 0 0 0 -- RMS=27.618474, GCV=5.129083e-07, AIC = 3.709868
  Model addition step   2: Added term 1 0 0 1 0 -- RMS=21.930987, GCV=3.234849e-07, AIC = 3.248736
  Model addition step   3: Added term 0 1 0 1 0 -- RMS=18.891194, GCV=2.400788e-07, AIC = 2.950364
  Model addition step   4: Added term 0 0 0 0 4 -- RMS=15.411295, GCV=1.598125e-07, AIC = 2.543211
  Model addition step   5: Added term 1 0 1 0 0 -- RMS=12.923587, GCV=1.124077e-07, AIC = 2.191155
  Model addition step   6: Added term 0 0 0 3 0 -- RMS=11.661283, GCV=9.154188e-08, AIC = 1.985633
  Model addition step   7: Added term 0 1 0 0 0 -- RMS=10.510746, GCV=7.438607e-08, AIC = 1.777918
  Model addition step   8: Added term 2 0 0 2 0 -- RMS=9.521924, GCV=6.106205e-08, AIC = 1.580353
  Model addition step   9: Added term 0 1 3 0 0 -- RMS=8.810799, GCV=5.229377e-08, AIC = 1.425153
  Model addition step  10: Added term 0 0 1 0 0 -- RMS=7.867166, GCV=4.170167e-08, AIC = 1.198630
  Model addition step  11: Added term 0 0 4 0 0 -- RMS=7.129354, GCV=3.425426e-08, AIC = 1.001713
  Model addition step  12: Added term 0 0 0 3 1 -- RMS=6.595830, GCV=2.932584e-08, AIC = 0.846184
  Model addition step  13: Added term 0 3 1 0 0 -- RMS=6.122509, GCV=2.527365e-08, AIC = 0.697290
  Model addition step  14: Added term 0 2 0 1 0 -- RMS=5.757576, GCV=2.235558e-08, AIC = 0.574416
  Model addition step  15: Added term 1 0 0 0 0 -- RMS=5.452880, GCV=2.005654e-08, AIC = 0.465709
  Model addition step  16: Added term 4 0 0 0 0 -- RMS=4.783530, GCV=1.543826e-08, AIC = 0.203815
  Model addition step  17: Added term 0 0 0 2 0 -- RMS=4.167322, GCV=1.171961e-08, AIC = -0.071957
  Model addition step  18: Added term 0 0 0 2 2 -- RMS=3.722363, GCV=9.352635e-09, AIC = -0.297750
Change in error: 0.029899. No more terms added.
   19 polynomial terms were written for bicl
bicb1
  RMS fit error of the full model is: 1.868969 mm
  maximum moment arm: 86.768679 mm
  maximum error allowed: 8.676868 mm
  Model addition step   1: Added term 0 0 0 0 0 -- RMS=51.227569, GCV=1.764606e-06, AIC = 4.945454
  Model addition step   2: Added term 1 0 0 1 0 -- RMS=39.721008, GCV=1.061153e-06, AIC = 4.436696
  Model addition step   3: Added term 0 0 0 0 4 -- RMS=34.138088, GCV=7.839952e-07, AIC = 4.133800
  Model addition step   4: Added term 1 1 1 0 0 -- RMS=28.082760, GCV=5.306547e-07, AIC = 3.743322
  Model addition step   5: Added term 1 0 0 0 0 -- RMS=23.209384, GCV=3.625409e-07, AIC = 3.362161
  Model addition step   6: Added term 0 0 0 2 0 -- RMS=13.720182, GCV=1.267205e-07, AIC = 2.310820
  Model addition step   7: Added term 0 1 1 0 0 -- RMS=9.421929, GCV=5.977288e-08, AIC = 1.559202
  Model addition step   8: Added term 0 0 1 0 0 -- RMS=7.217831, GCV=3.508613e-08, AIC = 1.026268
  Model addition step   9: Added term 0 0 0 3 1 -- RMS=6.456603, GCV=2.808197e-08, AIC = 0.803403
  Model addition step  10: Added term 0 0 2 0 0 -- RMS=5.925255, GCV=2.365543e-08, AIC = 0.631682
  Model addition step  11: Added term 0 1 1 0 2 -- RMS=5.423735, GCV=1.982491e-08, AIC = 0.454841
  Model addition step  12: Added term 1 2 0 0 0 -- RMS=4.942184, GCV=1.646454e-08, AIC = 0.268924
  Model addition step  13: Added term 1 1 0 0 0 -- RMS=4.467079, GCV=1.345416e-08, AIC = 0.066816
  Model addition step  14: Added term 2 0 0 0 1 -- RMS=4.161105, GCV=1.167680e-08, AIC = -0.075055
  Model addition step  15: Added term 2 0 1 0 1 -- RMS=3.946221, GCV=1.050429e-08, AIC = -0.181063
  Model addition step  16: Added term 0 0 0 1 3 -- RMS=3.771660, GCV=9.597689e-09, AIC = -0.271511
  Model addition step  17: Added term 0 0 0 1 0 -- RMS=3.631528, GCV=8.899749e-09, AIC = -0.347198
  Model addition step  18: Added term 0 1 0 0 3 -- RMS=3.500572, GCV=8.271317e-09, AIC = -0.420614
  Model addition step  19: Added term 0 1 0 0 0 -- RMS=3.257376, GCV=7.163578e-09, AIC = -0.564586
  Model addition step  20: Added term 0 2 0 1 0 -- RMS=3.147732, GCV=6.690939e-09, AIC = -0.633028
  Model addition step  21: Added term 0 2 1 0 1 -- RMS=2.976161, GCV=5.982766e-09, AIC = -0.745087
  Model addition step  22: Added term 0 1 0 1 0 -- RMS=2.812084, GCV=5.342485e-09, AIC = -0.858466
Change in error: 0.018658. No more terms added.
   23 polynomial terms were written for bicb1
triclong1
  RMS fit error of the full model is: 0.252437 mm
  maximum moment arm: 94.018332 mm
  maximum error allowed: 9.401833 mm
  Model addition step   1: Added term 0 0 0 0 -- RMS=58.831660, GCV=1.939462e-06, AIC = 5.039944
  Model addition step   2: Added term 0 0 1 1 -- RMS=37.716284, GCV=7.972862e-07, AIC = 4.150812
  Model addition step   3: Added term 1 0 1 0 -- RMS=29.931117, GCV=5.022265e-07, AIC = 3.688471
  Model addition step   4: Added term 1 0 2 1 -- RMS=26.032432, GCV=3.799974e-07, AIC = 3.409405
  Model addition step   5: Added term 0 2 0 2 -- RMS=24.468216, GCV=3.357787e-07, AIC = 3.285513
  Model addition step   6: Added term 0 0 1 0 -- RMS=23.710728, GCV=3.153811e-07, AIC = 3.222663
  Model addition step   7: Added term 0 0 0 1 -- RMS=20.154633, GCV=2.279256e-07, AIC = 2.897721
  Model addition step   8: Added term 1 0 0 0 -- RMS=16.410804, GCV=1.511473e-07, AIC = 2.486777
  Model addition step   9: Added term 1 3 0 0 -- RMS=14.751793, GCV=1.221596e-07, AIC = 2.273672
  Model addition step  10: Added term 0 1 0 0 -- RMS=13.096488, GCV=9.630420e-08, AIC = 2.035675
  Model addition step  11: Added term 1 1 0 0 -- RMS=8.968519, GCV=4.517253e-08, AIC = 1.278473
  Model addition step  12: Added term 0 1 1 0 -- RMS=6.232553, GCV=2.182038e-08, AIC = 0.550649
  Model addition step  13: Added term 0 2 1 0 -- RMS=4.605404, GCV=1.191690e-08, AIC = -0.054418
  Model addition step  14: Added term 2 0 0 0 -- RMS=3.793511, GCV=8.087383e-09, AIC = -0.442250
  Model addition step  15: Added term 3 0 1 0 -- RMS=3.303572, GCV=6.134658e-09, AIC = -0.718780
  Model addition step  16: Added term 0 2 0 0 -- RMS=3.017660, GCV=5.119894e-09, AIC = -0.899780
  Model addition step  17: Added term 0 0 0 2 -- RMS=2.625039, GCV=3.875158e-09, AIC = -1.178508
  Model addition step  18: Added term 0 3 0 0 -- RMS=2.189462, GCV=2.696436e-09, AIC = -1.541343
  Model addition step  19: Added term 1 2 0 0 -- RMS=1.649468, GCV=1.530736e-09, AIC = -2.107704
  Model addition step  20: Added term 0 1 0 1 -- RMS=1.488223, GCV=1.246369e-09, AIC = -2.313399
  Model addition step  21: Added term 1 0 3 0 -- RMS=1.353089, GCV=1.030530e-09, AIC = -2.503739
  Model addition step  22: Added term 0 0 2 0 -- RMS=1.101854, GCV=6.835240e-10, AIC = -2.914486
  Model addition step  23: Added term 0 0 3 0 -- RMS=0.941530, GCV=4.991964e-10, AIC = -3.228928
  Model addition step  24: Added term 2 1 0 0 -- RMS=0.841323, GCV=3.986819e-10, AIC = -3.453944
  Model addition step  25: Added term 0 1 2 0 -- RMS=0.746868, GCV=3.142580e-10, AIC = -3.692073
  Model addition step  26: Added term 0 1 0 3 -- RMS=0.668808, GCV=2.520570e-10, AIC = -3.912812
  Model addition step  27: Added term 0 4 0 0 -- RMS=0.601400, GCV=2.038543e-10, AIC = -4.125242
  Model addition step  28: Added term 0 0 0 3 -- RMS=0.561561, GCV=1.777810e-10, AIC = -4.262275
  Model addition step  29: Added term 3 0 0 0 -- RMS=0.528130, GCV=1.572786e-10, AIC = -4.384989
  Model addition step  30: Added term 2 0 1 0 -- RMS=0.429973, GCV=1.042722e-10, AIC = -4.796183
  Model addition step  31: Added term 1 1 1 0 -- RMS=0.398340, GCV=8.951430e-11, AIC = -4.948969
  Model addition step  32: Added term 1 1 2 0 -- RMS=0.380477, GCV=8.168436e-11, AIC = -5.040685
  Model addition step  33: Added term 3 1 0 0 -- RMS=0.366033, GCV=7.561709e-11, AIC = -5.118045
Change in error: 0.029370. No more terms added.
   34 polynomial terms were written for triclong1
triclong2
  RMS fit error of the full model is: 0.207880 mm
  maximum moment arm: 68.598321 mm
  maximum error allowed: 6.859832 mm
  Model addition step   1: Added term 0 0 0 0 -- RMS=44.927660, GCV=1.131063e-06, AIC = 4.500691
  Model addition step   2: Added term 0 0 1 1 -- RMS=27.096700, GCV=4.115184e-07, AIC = 3.489452
  Model addition step   3: Added term 2 0 1 0 -- RMS=23.266344, GCV=3.034660e-07, AIC = 3.184689
  Model addition step   4: Added term 1 1 0 0 -- RMS=19.578360, GCV=2.149333e-07, AIC = 2.839568
  Model addition step   5: Added term 0 0 1 0 -- RMS=17.601118, GCV=1.737517e-07, AIC = 2.626688
  Model addition step   6: Added term 0 0 0 1 -- RMS=10.212317, GCV=5.850520e-08, AIC = 1.537997
  Model addition step   7: Added term 0 1 0 0 -- RMS=8.279867, GCV=3.846715e-08, AIC = 1.118506
  Model addition step   8: Added term 2 0 0 0 -- RMS=6.332084, GCV=2.250267e-08, AIC = 0.582156
  Model addition step   9: Added term 1 0 0 0 -- RMS=5.267404, GCV=1.557512e-08, AIC = 0.214018
  Model addition step  10: Added term 0 2 1 0 -- RMS=3.973615, GCV=8.865578e-09, AIC = -0.349660
  Model addition step  11: Added term 0 1 1 0 -- RMS=2.621193, GCV=3.858612e-09, AIC = -1.181709
  Model addition step  12: Added term 0 0 2 2 -- RMS=2.230673, GCV=2.795130e-09, AIC = -1.504317
  Model addition step  13: Added term 0 3 0 0 -- RMS=1.911451, GCV=2.052837e-09, AIC = -1.813153
  Model addition step  14: Added term 0 2 0 0 -- RMS=1.678433, GCV=1.583191e-09, AIC = -2.073113
  Model addition step  15: Added term 0 0 2 0 -- RMS=1.528119, GCV=1.312614e-09, AIC = -2.260714
  Model addition step  16: Added term 0 0 3 1 -- RMS=1.236509, GCV=8.596371e-10, AIC = -2.684159
  Model addition step  17: Added term 3 0 1 0 -- RMS=1.111440, GCV=6.946881e-10, AIC = -2.897386
  Model addition step  18: Added term 0 1 0 1 -- RMS=0.977995, GCV=5.380082e-10, AIC = -3.153155
  Model addition step  19: Added term 0 0 0 2 -- RMS=0.899899, GCV=4.556177e-10, AIC = -3.319554
  Model addition step  20: Added term 0 0 3 0 -- RMS=0.715759, GCV=2.882996e-10, AIC = -3.777388
  Model addition step  21: Added term 1 2 0 0 -- RMS=0.605734, GCV=2.065245e-10, AIC = -4.111149
  Model addition step  22: Added term 0 4 0 0 -- RMS=0.533857, GCV=1.604560e-10, AIC = -4.363728
  Model addition step  23: Added term 3 1 0 0 -- RMS=0.489612, GCV=1.349917e-10, AIC = -4.536715
  Model addition step  24: Added term 0 0 0 3 -- RMS=0.444670, GCV=1.113722e-10, AIC = -4.729230
  Model addition step  25: Added term 1 0 1 0 -- RMS=0.401714, GCV=9.091427e-11, AIC = -4.932371
  Model addition step  26: Added term 0 1 0 2 -- RMS=0.369953, GCV=7.712403e-11, AIC = -5.097053
  Model addition step  27: Added term 2 2 0 0 -- RMS=0.346129, GCV=6.752563e-11, AIC = -5.230140
  Model addition step  28: Added term 1 2 1 0 -- RMS=0.320766, GCV=5.800523e-11, AIC = -5.382294
  Model addition step  29: Added term 3 0 0 0 -- RMS=0.307176, GCV=5.320643e-11, AIC = -5.468828
  Model addition step  30: Added term 0 3 1 0 -- RMS=0.296639, GCV=4.962979e-11, AIC = -5.538596
  Model addition step  31: Added term 0 1 2 0 -- RMS=0.283515, GCV=4.534555e-11, AIC = -5.629055
  Model addition step  32: Added term 1 1 1 0 -- RMS=0.253627, GCV=3.629728e-11, AIC = -5.851805
  Model addition step  33: Added term 0 3 0 1 -- RMS=0.241835, GCV=3.300791e-11, AIC = -5.946980
  Model addition step  34: Added term 1 0 0 1 -- RMS=0.233044, GCV=3.065870e-11, AIC = -6.020991
Change in error: 0.028983. No more terms added.
   35 polynomial terms were written for triclong2
triclong3
  RMS fit error of the full model is: 0.185820 mm
  maximum moment arm: 68.624170 mm
  maximum error allowed: 6.862417 mm
  Model addition step   1: Added term 0 0 0 0 -- RMS=43.511433, GCV=1.060879e-06, AIC = 4.436631
  Model addition step   2: Added term 0 0 1 1 -- RMS=26.370046, GCV=3.897429e-07, AIC = 3.435086
  Model addition step   3: Added term 1 0 1 0 -- RMS=21.051139, GCV=2.484305e-07, AIC = 2.984583
  Model addition step   4: Added term 1 0 2 1 -- RMS=18.735502, GCV=1.968257e-07, AIC = 2.751559
  Model addition step   5: Added term 0 0 0 1 -- RMS=16.656857, GCV=1.556090e-07, AIC = 2.516407
  Model addition step   6: Added term 0 0 1 0 -- RMS=14.751270, GCV=1.220688e-07, AIC = 2.273466
  Model addition step   7: Added term 1 0 0 0 -- RMS=12.703364, GCV=9.054841e-08, AIC = 1.974586
  Model addition step   8: Added term 1 3 0 0 -- RMS=11.626882, GCV=7.586949e-08, AIC = 1.797537
  Model addition step   9: Added term 0 1 0 0 -- RMS=10.162899, GCV=5.797935e-08, AIC = 1.528430
  Model addition step  10: Added term 1 1 0 0 -- RMS=6.704307, GCV=2.523732e-08, AIC = 0.696487
  Model addition step  11: Added term 0 1 1 0 -- RMS=4.791099, GCV=1.289149e-08, AIC = 0.024551
  Model addition step  12: Added term 0 2 1 0 -- RMS=3.761602, GCV=7.948333e-09, AIC = -0.459233
  Model addition step  13: Added term 2 0 0 0 -- RMS=3.014728, GCV=5.106509e-09, AIC = -0.901859
  Model addition step  14: Added term 0 2 0 0 -- RMS=2.631859, GCV=3.892696e-09, AIC = -1.173453
  Model addition step  15: Added term 3 0 1 0 -- RMS=2.254639, GCV=2.857438e-09, AIC = -1.482809
  Model addition step  16: Added term 0 0 0 2 -- RMS=1.962046, GCV=2.164406e-09, AIC = -1.760768
  Model addition step  17: Added term 0 3 0 0 -- RMS=1.638849, GCV=1.510413e-09, AIC = -2.120711
  Model addition step  18: Added term 1 2 0 0 -- RMS=1.266621, GCV=9.024200e-10, AIC = -2.635949
  Model addition step  19: Added term 0 0 2 1 -- RMS=1.032677, GCV=5.999875e-10, AIC = -3.044300
  Model addition step  20: Added term 0 0 3 1 -- RMS=0.821670, GCV=3.799311e-10, AIC = -3.501398
  Model addition step  21: Added term 0 1 0 1 -- RMS=0.685893, GCV=2.648013e-10, AIC = -3.862589
  Model addition step  22: Added term 0 4 0 0 -- RMS=0.644734, GCV=2.340272e-10, AIC = -3.986311
  Model addition step  23: Added term 0 1 0 3 -- RMS=0.612481, GCV=2.112458e-10, AIC = -4.088905
  Model addition step  24: Added term 0 1 2 0 -- RMS=0.582157, GCV=1.908888e-10, AIC = -4.190416
  Model addition step  25: Added term 2 1 0 0 -- RMS=0.548399, GCV=1.694303e-10, AIC = -4.309846
  Model addition step  26: Added term 0 0 2 0 -- RMS=0.526536, GCV=1.562255e-10, AIC = -4.391167
  Model addition step  27: Added term 0 0 3 0 -- RMS=0.426918, GCV=1.027265e-10, AIC = -4.810577
  Model addition step  28: Added term 2 0 1 0 -- RMS=0.398509, GCV=8.952988e-11, AIC = -4.948255
  Model addition step  29: Added term 3 0 0 0 -- RMS=0.339404, GCV=6.495661e-11, AIC = -5.269288
  Model addition step  30: Added term 0 0 0 3 -- RMS=0.301739, GCV=5.135099e-11, AIC = -5.504503
  Model addition step  31: Added term 2 2 0 0 -- RMS=0.288015, GCV=4.679662e-11, AIC = -5.597556
  Model addition step  32: Added term 1 2 1 0 -- RMS=0.259240, GCV=3.792166e-11, AIC = -5.808025
  Model addition step  33: Added term 1 0 2 0 -- RMS=0.243637, GCV=3.350163e-11, AIC = -5.932133
  Model addition step  34: Added term 0 3 1 0 -- RMS=0.228982, GCV=2.959908e-11, AIC = -6.056164
  Model addition step  35: Added term 0 2 1 1 -- RMS=0.218815, GCV=2.703522e-11, AIC = -6.146947
  Model addition step  36: Added term 1 1 1 0 -- RMS=0.209623, GCV=2.481703e-11, AIC = -6.232738
Change in error: 0.022923. No more terms added.
   37 polynomial terms were written for triclong3
triclong4
  RMS fit error of the full model is: 0.207880 mm
  maximum moment arm: 68.598321 mm
  maximum error allowed: 6.859832 mm
  Model addition step   1: Added term 0 0 0 0 -- RMS=44.927660, GCV=1.131063e-06, AIC = 4.500691
  Model addition step   2: Added term 0 0 1 1 -- RMS=27.096700, GCV=4.115184e-07, AIC = 3.489452
  Model addition step   3: Added term 2 0 1 0 -- RMS=23.266344, GCV=3.034660e-07, AIC = 3.184689
  Model addition step   4: Added term 1 1 0 0 -- RMS=19.578360, GCV=2.149333e-07, AIC = 2.839568
  Model addition step   5: Added term 0 0 1 0 -- RMS=17.601118, GCV=1.737517e-07, AIC = 2.626688
  Model addition step   6: Added term 0 0 0 1 -- RMS=10.212317, GCV=5.850520e-08, AIC = 1.537997
  Model addition step   7: Added term 0 1 0 0 -- RMS=8.279867, GCV=3.846715e-08, AIC = 1.118506
  Model addition step   8: Added term 2 0 0 0 -- RMS=6.332084, GCV=2.250267e-08, AIC = 0.582156
  Model addition step   9: Added term 1 0 0 0 -- RMS=5.267404, GCV=1.557512e-08, AIC = 0.214018
  Model addition step  10: Added term 0 2 1 0 -- RMS=3.973615, GCV=8.865578e-09, AIC = -0.349660
  Model addition step  11: Added term 0 1 1 0 -- RMS=2.621193, GCV=3.858612e-09, AIC = -1.181709
  Model addition step  12: Added term 0 0 2 2 -- RMS=2.230673, GCV=2.795130e-09, AIC = -1.504317
  Model addition step  13: Added term 0 3 0 0 -- RMS=1.911451, GCV=2.052837e-09, AIC = -1.813153
  Model addition step  14: Added term 0 2 0 0 -- RMS=1.678433, GCV=1.583191e-09, AIC = -2.073113
  Model addition step  15: Added term 0 0 2 0 -- RMS=1.528119, GCV=1.312614e-09, AIC = -2.260714
  Model addition step  16: Added term 0 0 3 1 -- RMS=1.236509, GCV=8.596371e-10, AIC = -2.684159
  Model addition step  17: Added term 3 0 1 0 -- RMS=1.111440, GCV=6.946881e-10, AIC = -2.897386
  Model addition step  18: Added term 0 1 0 1 -- RMS=0.977995, GCV=5.380082e-10, AIC = -3.153155
  Model addition step  19: Added term 0 0 0 2 -- RMS=0.899899, GCV=4.556177e-10, AIC = -3.319554
  Model addition step  20: Added term 0 0 3 0 -- RMS=0.715759, GCV=2.882996e-10, AIC = -3.777388
  Model addition step  21: Added term 1 2 0 0 -- RMS=0.605734, GCV=2.065245e-10, AIC = -4.111149
  Model addition step  22: Added term 0 4 0 0 -- RMS=0.533857, GCV=1.604560e-10, AIC = -4.363728
  Model addition step  23: Added term 3 1 0 0 -- RMS=0.489612, GCV=1.349917e-10, AIC = -4.536715
  Model addition step  24: Added term 0 0 0 3 -- RMS=0.444670, GCV=1.113722e-10, AIC = -4.729230
  Model addition step  25: Added term 1 0 1 0 -- RMS=0.401714, GCV=9.091427e-11, AIC = -4.932371
  Model addition step  26: Added term 0 1 0 2 -- RMS=0.369953, GCV=7.712403e-11, AIC = -5.097053
  Model addition step  27: Added term 2 2 0 0 -- RMS=0.346129, GCV=6.752563e-11, AIC = -5.230140
  Model addition step  28: Added term 1 2 1 0 -- RMS=0.320766, GCV=5.800523e-11, AIC = -5.382294
  Model addition step  29: Added term 3 0 0 0 -- RMS=0.307176, GCV=5.320643e-11, AIC = -5.468828
  Model addition step  30: Added term 0 3 1 0 -- RMS=0.296639, GCV=4.962979e-11, AIC = -5.538596
  Model addition step  31: Added term 0 1 2 0 -- RMS=0.283515, GCV=4.534555e-11, AIC = -5.629055
  Model addition step  32: Added term 1 1 1 0 -- RMS=0.253627, GCV=3.629728e-11, AIC = -5.851805
  Model addition step  33: Added term 0 3 0 1 -- RMS=0.241835, GCV=3.300791e-11, AIC = -5.946980
  Model addition step  34: Added term 1 0 0 1 -- RMS=0.233044, GCV=3.065870e-11, AIC = -6.020991
Change in error: 0.028983. No more terms added.
   35 polynomial terms were written for triclong4
latdorsi1
  RMS fit error of the full model is: 8.426638 mm
  maximum moment arm: 344.063368 mm
  maximum error allowed: 34.406337 mm
  Model addition step   1: Added term 0 2 0 0 1 0 0 0 0 -- RMS=178.618357, GCV=3.575537e-05, AIC = 7.954211
  Model addition step   2: Added term 0 0 0 0 0 0 0 0 0 -- RMS=160.511809, GCV=2.888021e-05, AIC = 7.740466
  Model addition step   3: Added term 0 0 0 0 0 0 0 1 0 -- RMS=144.610940, GCV=2.344694e-05, AIC = 7.531847
  Model addition step   4: Added term 0 0 0 0 0 0 0 0 1 -- RMS=128.704207, GCV=1.857662e-05, AIC = 7.298809
  Model addition step   5: Added term 0 0 0 0 0 1 0 0 0 -- RMS=112.284647, GCV=1.414227e-05, AIC = 7.025872
  Model addition step   6: Added term 0 1 0 1 0 0 0 0 0 -- RMS=101.357943, GCV=1.152634e-05, AIC = 6.821137
  Model addition step   7: Added term 1 0 0 0 0 0 0 0 0 -- RMS=89.838034, GCV=9.057196e-06, AIC = 6.579860
  Model addition step   8: Added term 0 0 0 0 1 0 1 0 2 -- RMS=81.246502, GCV=7.409349e-06, AIC = 6.378841
  Model addition step   9: Added term 0 0 1 0 0 0 0 0 0 -- RMS=74.788380, GCV=6.279663e-06, AIC = 6.213213
  Model addition step  10: Added term 0 1 0 0 0 0 0 0 0 -- RMS=68.338268, GCV=5.244372e-06, AIC = 6.032850
  Model addition step  11: Added term 1 0 1 0 0 0 0 0 0 -- RMS=62.321363, GCV=4.362514e-06, AIC = 5.848541
  Model addition step  12: Added term 0 0 0 0 3 0 0 0 0 -- RMS=58.242222, GCV=3.810977e-06, AIC = 5.713176
  Model addition step  13: Added term 0 0 0 1 0 0 0 0 0 -- RMS=53.379313, GCV=3.201871e-06, AIC = 5.538824
  Model addition step  14: Added term 0 0 0 0 0 0 1 3 0 -- RMS=51.396724, GCV=2.969110e-06, AIC = 5.463149
  Model addition step  15: Added term 0 0 0 1 1 0 0 0 0 -- RMS=49.434495, GCV=2.747344e-06, AIC = 5.385319
  Model addition step  16: Added term 0 0 0 1 0 2 1 0 0 -- RMS=47.405814, GCV=2.527048e-06, AIC = 5.301534
  Model addition step  17: Added term 1 1 0 0 0 1 1 0 0 -- RMS=45.427012, GCV=2.321005e-06, AIC = 5.216281
  Model addition step  18: Added term 0 0 0 0 0 2 0 0 1 -- RMS=43.869557, GCV=2.165069e-06, AIC = 5.146531
  Model addition step  19: Added term 0 0 1 0 1 0 0 0 0 -- RMS=42.349610, GCV=2.018095e-06, AIC = 5.076030
Change in error: 0.022413. No more terms added.
   20 polynomial terms were written for latdorsi1
latdorsi2
  RMS fit error of the full model is: 9.450016 mm
  maximum moment arm: 375.015900 mm
  maximum error allowed: 37.501590 mm
  Model addition step   1: Added term 0 0 0 0 0 0 0 0 1 -- RMS=197.075515, GCV=4.352657e-05, AIC = 8.150883
  Model addition step   2: Added term 0 2 0 0 1 0 0 0 0 -- RMS=181.559535, GCV=3.695086e-05, AIC = 7.986898
  Model addition step   3: Added term 0 0 0 0 0 0 0 0 0 -- RMS=161.244888, GCV=2.915115e-05, AIC = 7.749602
  Model addition step   4: Added term 0 0 0 0 0 0 0 1 0 -- RMS=143.520967, GCV=2.309999e-05, AIC = 7.516738
  Model addition step   5: Added term 0 1 0 1 0 0 0 0 0 -- RMS=128.558766, GCV=1.853881e-05, AIC = 7.296570
  Model addition step   6: Added term 0 0 0 0 0 1 0 0 0 -- RMS=113.383290, GCV=1.442361e-05, AIC = 7.045369
  Model addition step   7: Added term 1 0 0 0 0 0 0 0 0 -- RMS=100.228751, GCV=1.127348e-05, AIC = 6.798753
  Model addition step   8: Added term 0 0 1 0 0 0 0 0 0 -- RMS=85.344132, GCV=8.175570e-06, AIC = 6.477249
  Model addition step   9: Added term 0 1 0 0 0 0 0 0 0 -- RMS=81.703308, GCV=7.494581e-06, AIC = 6.390077
  Model addition step  10: Added term 0 0 0 0 2 0 0 0 1 -- RMS=73.762567, GCV=6.109949e-06, AIC = 6.185613
  Model addition step  11: Added term 0 0 0 1 0 0 0 0 0 -- RMS=68.368962, GCV=5.250262e-06, AIC = 6.033771
  Model addition step  12: Added term 1 0 1 0 0 0 0 0 0 -- RMS=63.916724, GCV=4.589754e-06, AIC = 5.899117
  Model addition step  13: Added term 0 0 0 0 1 0 1 1 0 -- RMS=61.985133, GCV=4.317506e-06, AIC = 5.837767
  Model addition step  14: Added term 0 0 0 0 0 0 1 0 0 -- RMS=59.211541, GCV=3.940652e-06, AIC = 5.746233
  Model addition step  15: Added term 0 0 0 0 1 0 2 0 1 -- RMS=54.460236, GCV=3.334355e-06, AIC = 5.578964
  Model addition step  16: Added term 0 0 0 0 0 0 1 2 0 -- RMS=52.703668, GCV=3.123432e-06, AIC = 5.513415
  Model addition step  17: Added term 0 0 0 0 0 2 1 0 1 -- RMS=51.116045, GCV=2.938748e-06, AIC = 5.452264
  Model addition step  18: Added term 0 0 1 0 2 0 1 0 0 -- RMS=49.201224, GCV=2.723310e-06, AIC = 5.375927
  Model addition step  19: Added term 0 0 0 0 1 1 1 0 0 -- RMS=46.623667, GCV=2.445996e-06, AIC = 5.268328
  Model addition step  20: Added term 0 1 0 0 0 0 2 0 0 -- RMS=45.169664, GCV=2.296329e-06, AIC = 5.204986
Change in error: 0.023304. No more terms added.
   21 polynomial terms were written for latdorsi2
latdorsi3
  RMS fit error of the full model is: 9.616781 mm
  maximum moment arm: 395.614590 mm
  maximum error allowed: 39.561459 mm
  Model addition step   1: Added term 0 0 0 0 0 0 0 0 1 -- RMS=208.704591, GCV=4.881498e-05, AIC = 8.265548
  Model addition step   2: Added term 0 0 0 0 0 0 0 0 0 -- RMS=189.635920, GCV=4.031138e-05, AIC = 8.073943
  Model addition step   3: Added term 0 1 0 0 1 0 0 1 0 -- RMS=171.965294, GCV=3.315625e-05, AIC = 7.878339
  Model addition step   4: Added term 0 1 0 1 0 0 0 0 0 -- RMS=153.312696, GCV=2.635951e-05, AIC = 7.648735
  Model addition step   5: Added term 0 0 1 0 0 0 0 0 0 -- RMS=139.302722, GCV=2.176696e-05, AIC = 7.457097
  Model addition step   6: Added term 0 2 0 0 1 0 0 0 0 -- RMS=124.317933, GCV=1.733978e-05, AIC = 7.229505
  Model addition step   7: Added term 0 0 0 0 0 1 0 0 0 -- RMS=109.238692, GCV=1.339141e-05, AIC = 6.970914
  Model addition step   8: Added term 1 0 0 0 0 0 0 0 0 -- RMS=93.958618, GCV=9.909322e-06, AIC = 6.669574
  Model addition step   9: Added term 0 0 0 0 0 0 0 1 0 -- RMS=89.028517, GCV=8.898696e-06, AIC = 6.561801
  Model addition step  10: Added term 0 0 0 0 0 0 1 0 0 -- RMS=84.725358, GCV=8.061064e-06, AIC = 6.462740
  Model addition step  11: Added term 0 0 0 0 2 0 1 0 1 -- RMS=81.012115, GCV=7.371619e-06, AIC = 6.373130
  Model addition step  12: Added term 0 1 0 0 0 0 0 0 0 -- RMS=75.434279, GCV=6.392900e-06, AIC = 6.230479
  Model addition step  13: Added term 0 0 0 1 0 0 0 0 0 -- RMS=69.762607, GCV=5.468941e-06, AIC = 6.074174
  Model addition step  14: Added term 0 0 0 0 0 0 1 1 0 -- RMS=64.386191, GCV=4.659516e-06, AIC = 5.913798
  Model addition step  15: Added term 1 0 1 0 0 0 0 0 0 -- RMS=60.651928, GCV=4.135633e-06, AIC = 5.794325
  Model addition step  16: Added term 0 0 0 0 3 0 0 0 0 -- RMS=57.855989, GCV=3.763977e-06, AIC = 5.699959
Change in error: 0.028555. No more terms added.
   17 polynomial terms were written for latdorsi3
latdorsi4
  RMS fit error of the full model is: 3.366495 mm
  maximum moment arm: 412.922493 mm
  maximum error allowed: 41.292249 mm
  Model addition step   1: Added term 0 0 0 0 0 0 0 0 0 -- RMS=219.256172, GCV=5.387568e-05, AIC = 8.364190
  Model addition step   2: Added term 0 0 0 0 0 0 0 0 1 -- RMS=199.138908, GCV=4.445275e-05, AIC = 8.171736
  Model addition step   3: Added term 0 1 0 1 0 0 0 0 0 -- RMS=177.143373, GCV=3.518306e-05, AIC = 7.937672
  Model addition step   4: Added term 0 0 0 0 1 0 0 1 0 -- RMS=157.909225, GCV=2.796380e-05, AIC = 7.707816
  Model addition step   5: Added term 0 0 1 0 0 0 0 0 0 -- RMS=138.703927, GCV=2.158023e-05, AIC = 7.448481
  Model addition step   6: Added term 0 2 0 0 1 0 0 0 0 -- RMS=124.174823, GCV=1.729988e-05, AIC = 7.227201
  Model addition step   7: Added term 0 0 0 0 0 1 0 0 0 -- RMS=109.760246, GCV=1.351959e-05, AIC = 6.980440
  Model addition step   8: Added term 1 0 0 0 0 0 0 0 0 -- RMS=96.641728, GCV=1.048335e-05, AIC = 6.725887
  Model addition step   9: Added term 0 0 0 0 0 0 1 0 0 -- RMS=86.371390, GCV=8.375446e-06, AIC = 6.501201
  Model addition step  10: Added term 0 0 0 0 0 0 1 1 0 -- RMS=82.555072, GCV=7.653376e-06, AIC = 6.410841
  Model addition step  11: Added term 0 0 0 0 3 0 1 0 0 -- RMS=78.717301, GCV=6.959906e-06, AIC = 6.315659
  Model addition step  12: Added term 0 1 0 0 0 0 0 0 0 -- RMS=72.406765, GCV=5.890046e-06, AIC = 6.148555
  Model addition step  13: Added term 0 0 0 1 0 0 0 0 0 -- RMS=66.316927, GCV=4.942044e-06, AIC = 5.972868
  Model addition step  14: Added term 1 1 1 0 0 0 0 0 0 -- RMS=63.465173, GCV=4.527165e-06, AIC = 5.884982
Change in error: 0.029626. No more terms added.
   15 polynomial terms were written for latdorsi4
latdorsi5
  RMS fit error of the full model is: 7.914715 mm
  maximum moment arm: 426.964635 mm
  maximum error allowed: 42.696463 mm
  Model addition step   1: Added term 0 0 0 0 0 0 0 0 1 -- RMS=218.242125, GCV=5.337849e-05, AIC = 8.354919
  Model addition step   2: Added term 0 1 0 1 0 0 0 0 0 -- RMS=199.306842, GCV=4.452776e-05, AIC = 8.173422
  Model addition step   3: Added term 0 0 0 0 0 0 0 0 0 -- RMS=178.450690, GCV=3.570428e-05, AIC = 7.952378
  Model addition step   4: Added term 0 0 1 0 0 0 0 0 0 -- RMS=157.318408, GCV=2.775494e-05, AIC = 7.700319
  Model addition step   5: Added term 0 0 0 0 1 0 0 1 0 -- RMS=137.155079, GCV=2.110096e-05, AIC = 7.426023
  Model addition step   6: Added term 0 2 0 0 1 0 0 0 0 -- RMS=126.529296, GCV=1.796214e-05, AIC = 7.264768
  Model addition step   7: Added term 0 0 0 0 0 0 1 0 0 -- RMS=115.161354, GCV=1.488287e-05, AIC = 7.076511
  Model addition step   8: Added term 0 0 0 0 0 1 0 0 0 -- RMS=103.564193, GCV=1.203899e-05, AIC = 6.864249
  Model addition step   9: Added term 1 0 0 0 0 0 0 0 0 -- RMS=95.710290, GCV=1.028455e-05, AIC = 6.706539
  Model addition step  10: Added term 0 0 0 0 0 0 1 1 0 -- RMS=91.930330, GCV=9.490370e-06, AIC = 6.625972
  Model addition step  11: Added term 0 0 0 1 0 0 0 0 0 -- RMS=88.681683, GCV=8.833459e-06, AIC = 6.554039
  Model addition step  12: Added term 1 1 0 0 0 0 0 0 0 -- RMS=83.157817, GCV=7.769026e-06, AIC = 6.425435
  Model addition step  13: Added term 0 0 0 0 3 0 1 0 0 -- RMS=79.630360, GCV=7.125498e-06, AIC = 6.338768
Change in error: 0.025736. No more terms added.
   14 polynomial terms were written for latdorsi5
latdorsi6
  RMS fit error of the full model is: 7.393399 mm
  maximum moment arm: 437.284430 mm
  maximum error allowed: 43.728443 mm
  Model addition step   1: Added term 0 0 0 0 0 0 0 0 1 -- RMS=218.782124, GCV=5.364296e-05, AIC = 8.359861
  Model addition step   2: Added term 0 0 1 0 0 0 0 0 0 -- RMS=198.754011, GCV=4.428108e-05, AIC = 8.167867
  Model addition step   3: Added term 0 1 0 1 0 0 0 0 0 -- RMS=178.577825, GCV=3.575517e-05, AIC = 7.953802
  Model addition step   4: Added term 0 0 0 0 1 0 0 1 1 -- RMS=161.292058, GCV=2.917475e-05, AIC = 7.750209
  Model addition step   5: Added term 0 0 0 0 0 0 0 0 0 -- RMS=142.007174, GCV=2.262034e-05, AIC = 7.495553
  Model addition step   6: Added term 0 0 0 0 0 0 2 0 0 -- RMS=130.053160, GCV=1.897657e-05, AIC = 7.319707
  Model addition step   7: Added term 0 0 0 0 0 1 0 0 0 -- RMS=118.694579, GCV=1.581012e-05, AIC = 7.136950
  Model addition step   8: Added term 0 1 0 0 1 0 0 0 0 -- RMS=106.152914, GCV=1.264837e-05, AIC = 6.913627
  Model addition step   9: Added term 1 0 0 0 0 0 0 0 0 -- RMS=99.817464, GCV=1.118616e-05, AIC = 6.790574
  Model addition step  10: Added term 0 0 0 0 0 0 0 1 0 -- RMS=96.429277, GCV=1.044199e-05, AIC = 6.721530
  Model addition step  11: Added term 0 0 0 1 0 0 0 0 0 -- RMS=93.174333, GCV=9.751144e-06, AIC = 6.652877
  Model addition step  12: Added term 1 1 0 0 0 0 0 0 0 -- RMS=87.280868, GCV=8.558517e-06, AIC = 6.522218
  Model addition step  13: Added term 0 0 0 0 2 0 2 0 0 -- RMS=84.459313, GCV=8.015912e-06, AIC = 6.456517
Change in error: 0.021976. No more terms added.
   14 polynomial terms were written for latdorsi6
pectmajt1
  RMS fit error of the full model is: 3.477383 mm
  maximum moment arm: 344.315490 mm
  maximum error allowed: 34.431549 mm
  Model addition step   1: Added term 0 0 1 0 0 0 0 0 0 -- RMS=179.644992, GCV=3.616757e-05, AIC = 7.965674
  Model addition step   2: Added term 0 0 0 0 1 0 1 1 0 -- RMS=162.029270, GCV=2.942886e-05, AIC = 7.759285
  Model addition step   3: Added term 0 1 0 0 0 1 0 0 0 -- RMS=142.580574, GCV=2.279316e-05, AIC = 7.503568
  Model addition step   4: Added term 0 0 0 0 0 0 0 0 1 -- RMS=123.927178, GCV=1.722322e-05, AIC = 7.223164
  Model addition step   5: Added term 0 0 0 0 3 0 1 0 0 -- RMS=112.623860, GCV=1.422785e-05, AIC = 7.031905
  Model addition step   6: Added term 0 0 0 0 0 0 0 0 0 -- RMS=102.889278, GCV=1.187726e-05, AIC = 6.851127
  Model addition step   7: Added term 0 0 0 0 0 0 0 1 1 -- RMS=95.085985, GCV=1.014627e-05, AIC = 6.693406
  Model addition step   8: Added term 0 0 0 0 2 0 2 0 0 -- RMS=88.201977, GCV=8.732274e-06, AIC = 6.543124
  Model addition step   9: Added term 0 2 0 0 1 1 0 0 0 -- RMS=83.444157, GCV=7.817357e-06, AIC = 6.432243
  Model addition step  10: Added term 0 0 0 0 2 0 1 0 0 -- RMS=80.739065, GCV=7.320369e-06, AIC = 6.366355
Change in error: 0.023978. No more terms added.
   11 polynomial terms were written for pectmajt1
pectmajt2
  RMS fit error of the full model is: 2.178170 mm
  maximum moment arm: 307.922254 mm
  maximum error allowed: 30.792225 mm
  Model addition step   1: Added term 0 0 1 0 0 0 0 0 0 -- RMS=166.794256, GCV=3.117822e-05, AIC = 7.817231
  Model addition step   2: Added term 0 1 0 0 0 1 0 0 0 -- RMS=149.605983, GCV=2.508906e-05, AIC = 7.599741
  Model addition step   3: Added term 0 0 0 0 1 0 1 1 0 -- RMS=130.311785, GCV=1.903931e-05, AIC = 7.323613
  Model addition step   4: Added term 0 0 0 0 0 0 0 0 1 -- RMS=115.856296, GCV=1.505291e-05, AIC = 7.088477
  Model addition step   5: Added term 0 0 0 0 3 0 1 0 0 -- RMS=103.333008, GCV=1.197724e-05, AIC = 6.859712
  Model addition step   6: Added term 0 0 0 0 0 0 0 0 0 -- RMS=88.546732, GCV=8.796724e-06, AIC = 6.550882
  Model addition step   7: Added term 0 0 0 0 0 0 0 1 1 -- RMS=82.279304, GCV=7.597216e-06, AIC = 6.404082
  Model addition step   8: Added term 0 2 0 0 1 1 0 0 0 -- RMS=77.178204, GCV=6.685902e-06, AIC = 6.276100
  Model addition step   9: Added term 1 0 0 0 1 0 2 0 0 -- RMS=73.207750, GCV=6.017031e-06, AIC = 6.170490
  Model addition step  10: Added term 0 0 0 1 0 0 1 0 0 -- RMS=69.119067, GCV=5.364896e-06, AIC = 6.055571
  Model addition step  11: Added term 0 0 0 1 0 0 0 0 0 -- RMS=65.061962, GCV=4.754636e-06, AIC = 5.934613
  Model addition step  12: Added term 1 0 0 0 1 0 1 0 0 -- RMS=61.936320, GCV=4.309741e-06, AIC = 5.836169
  Model addition step  13: Added term 0 1 0 0 0 2 1 0 0 -- RMS=58.900674, GCV=3.898508e-06, AIC = 5.735683
  Model addition step  14: Added term 1 0 0 0 0 0 0 0 0 -- RMS=55.952550, GCV=3.518804e-06, AIC = 5.633008
  Model addition step  15: Added term 0 0 0 0 0 0 0 1 0 -- RMS=54.167036, GCV=3.298549e-06, AIC = 5.568167
  Model addition step  16: Added term 0 0 0 0 0 1 0 0 0 -- RMS=52.354869, GCV=3.082226e-06, AIC = 5.500135
Change in error: 0.026426. No more terms added.
   17 polynomial terms were written for pectmajt2
pectmajt3
  RMS fit error of the full model is: 1.621487 mm
  maximum moment arm: 273.409334 mm
  maximum error allowed: 27.340933 mm
  Model addition step   1: Added term 0 0 1 0 0 0 0 0 0 -- RMS=151.407792, GCV=2.569127e-05, AIC = 7.623662
  Model addition step   2: Added term 0 1 0 0 0 1 0 0 0 -- RMS=136.323622, GCV=2.083189e-05, AIC = 7.413794
  Model addition step   3: Added term 0 0 0 0 1 0 1 1 0 -- RMS=119.549483, GCV=1.602430e-05, AIC = 7.151214
  Model addition step   4: Added term 0 0 0 0 0 0 0 0 0 -- RMS=103.972062, GCV=1.212312e-05, AIC = 6.872020
  Model addition step   5: Added term 0 0 0 0 2 0 1 0 0 -- RMS=89.741399, GCV=9.033669e-06, AIC = 6.577663
  Model addition step   6: Added term 0 0 0 0 0 0 0 0 1 -- RMS=77.256010, GCV=6.696385e-06, AIC = 6.278070
  Model addition step   7: Added term 0 0 0 0 1 0 0 1 1 -- RMS=71.683256, GCV=5.766453e-06, AIC = 6.128357
  Model addition step   8: Added term 0 0 0 0 0 1 0 0 0 -- RMS=66.143431, GCV=4.910708e-06, AIC = 5.967517
  Model addition step   9: Added term 1 0 0 0 1 0 2 0 0 -- RMS=60.657652, GCV=4.130849e-06, AIC = 5.794379
  Model addition step  10: Added term 0 0 0 1 0 0 3 0 0 -- RMS=57.208982, GCV=3.675310e-06, AIC = 5.677332
  Model addition step  11: Added term 0 0 0 1 1 0 0 0 0 -- RMS=52.891596, GCV=3.142218e-06, AIC = 5.520422
  Model addition step  12: Added term 0 0 0 0 2 2 0 0 0 -- RMS=50.625287, GCV=2.879356e-06, AIC = 5.432857
  Model addition step  13: Added term 0 0 0 1 2 0 1 0 0 -- RMS=48.543963, GCV=2.648063e-06, AIC = 5.348917
  Model addition step  14: Added term 0 0 0 0 0 0 0 1 0 -- RMS=46.596092, GCV=2.440362e-06, AIC = 5.267033
  Model addition step  15: Added term 1 2 0 0 0 0 0 0 0 -- RMS=44.820381, GCV=2.258416e-06, AIC = 5.189348
  Model addition step  16: Added term 0 1 0 0 0 0 0 0 0 -- RMS=42.156562, GCV=1.998392e-06, AIC = 5.066825
  Model addition step  17: Added term 1 0 0 0 1 0 1 0 0 -- RMS=38.774505, GCV=1.690987e-06, AIC = 4.899593
  Model addition step  18: Added term 0 0 0 0 1 0 0 0 0 -- RMS=37.452053, GCV=1.577962e-06, AIC = 4.830213
  Model addition step  19: Added term 0 0 0 1 0 0 1 0 0 -- RMS=35.706974, GCV=1.434660e-06, AIC = 4.734804
  Model addition step  20: Added term 0 0 0 0 0 1 1 0 0 -- RMS=33.989196, GCV=1.300236e-06, AIC = 4.636220
  Model addition step  21: Added term 1 1 0 0 0 0 0 0 0 -- RMS=32.578168, GCV=1.194789e-06, AIC = 4.551441
  Model addition step  22: Added term 0 0 1 0 1 0 1 0 0 -- RMS=31.152391, GCV=1.092744e-06, AIC = 4.461961
  Model addition step  23: Added term 0 0 0 0 2 0 2 0 0 -- RMS=29.956607, GCV=1.010691e-06, AIC = 4.383701
Change in error: 0.026876. No more terms added.
   24 polynomial terms were written for pectmajt3
pectmajt4
  RMS fit error of the full model is: 1.248841 mm
  maximum moment arm: 233.021072 mm
  maximum error allowed: 23.302107 mm
  Model addition step   1: Added term 0 0 1 0 0 0 0 0 0 -- RMS=131.113828, GCV=1.926576e-05, AIC = 7.335840
  Model addition step   2: Added term 0 0 0 0 0 0 0 0 0 -- RMS=117.640875, GCV=1.551325e-05, AIC = 7.119004
  Model addition step   3: Added term 0 0 0 0 1 0 1 1 0 -- RMS=102.624232, GCV=1.180820e-05, AIC = 6.845902
  Model addition step   4: Added term 0 1 0 0 0 1 0 0 0 -- RMS=86.699653, GCV=8.429773e-06, AIC = 6.508676
  Model addition step   5: Added term 0 0 0 0 2 0 1 0 0 -- RMS=74.168020, GCV=6.170380e-06, AIC = 6.196464
  Model addition step   6: Added term 0 0 0 0 0 0 0 0 1 -- RMS=65.520828, GCV=4.816534e-06, AIC = 5.948557
  Model addition step   7: Added term 0 0 0 0 1 0 0 1 1 -- RMS=60.376179, GCV=4.090765e-06, AIC = 5.785032
  Model addition step   8: Added term 0 0 0 0 0 1 0 0 0 -- RMS=56.567212, GCV=3.591702e-06, AIC = 5.654724
  Model addition step   9: Added term 1 0 0 0 1 0 2 0 0 -- RMS=52.844789, GCV=3.135252e-06, AIC = 5.518606
  Model addition step  10: Added term 0 0 0 1 1 0 0 0 0 -- RMS=49.522163, GCV=2.754005e-06, AIC = 5.388751
  Model addition step  11: Added term 0 0 0 1 1 0 2 0 0 -- RMS=44.220588, GCV=2.196403e-06, AIC = 5.162314
  Model addition step  12: Added term 0 0 0 0 2 2 0 0 0 -- RMS=41.851266, GCV=1.967785e-06, AIC = 5.052199
  Model addition step  13: Added term 0 0 0 0 0 0 0 1 0 -- RMS=39.969556, GCV=1.795215e-06, AIC = 4.960214
  Model addition step  14: Added term 1 0 0 0 0 0 0 0 0 -- RMS=38.200630, GCV=1.640198e-06, AIC = 4.869704
Change in error: 0.020421. No more terms added.
   15 polynomial terms were written for pectmajt4
pectmajt5
  RMS fit error of the full model is: 1.101573 mm
  maximum moment arm: 232.657358 mm
  maximum error allowed: 23.265736 mm
  Model addition step   1: Added term 0 0 1 0 0 0 0 0 0 -- RMS=130.182879, GCV=1.899314e-05, AIC = 7.321589
  Model addition step   2: Added term 0 0 0 0 0 0 0 0 0 -- RMS=116.862291, GCV=1.530859e-05, AIC = 7.105723
  Model addition step   3: Added term 0 0 0 0 2 0 1 0 0 -- RMS=99.901515, GCV=1.118994e-05, AIC = 6.792123
  Model addition step   4: Added term 0 0 0 0 0 1 0 0 0 -- RMS=85.647576, GCV=8.226428e-06, AIC = 6.484258
  Model addition step   5: Added term 0 0 0 0 1 0 0 1 0 -- RMS=73.138944, GCV=6.000340e-06, AIC = 6.168520
  Model addition step   6: Added term 0 0 0 1 1 0 0 0 0 -- RMS=63.232906, GCV=4.486030e-06, AIC = 5.877470
  Model addition step   7: Added term 0 1 0 0 0 0 0 0 1 -- RMS=56.306322, GCV=3.557850e-06, AIC = 5.645457
  Model addition step   8: Added term 0 0 0 0 0 0 1 1 0 -- RMS=52.466056, GCV=3.089780e-06, AIC = 5.504198
  Model addition step   9: Added term 1 2 0 0 0 0 0 0 0 -- RMS=48.508165, GCV=2.641787e-06, AIC = 5.347352
  Model addition step  10: Added term 1 0 0 0 2 0 1 0 0 -- RMS=43.576806, GCV=2.132438e-06, AIC = 5.132960
  Model addition step  11: Added term 0 0 0 1 2 0 1 0 0 -- RMS=40.673051, GCV=1.858132e-06, AIC = 4.995064
  Model addition step  12: Added term 0 0 0 0 2 2 0 0 0 -- RMS=37.857305, GCV=1.610126e-06, AIC = 4.851603
  Model addition step  13: Added term 0 0 0 0 1 0 0 1 1 -- RMS=35.310008, GCV=1.401050e-06, AIC = 4.712310
  Model addition step  14: Added term 1 0 0 0 2 0 0 0 0 -- RMS=33.768068, GCV=1.281645e-06, AIC = 4.623031
  Model addition step  15: Added term 0 2 0 0 0 0 0 0 2 -- RMS=32.495504, GCV=1.187133e-06, AIC = 4.546226
  Model addition step  16: Added term 0 1 0 0 0 1 0 0 0 -- RMS=31.458918, GCV=1.112853e-06, AIC = 4.481410
  Model addition step  17: Added term 0 0 0 0 0 0 0 0 1 -- RMS=30.477742, GCV=1.044752e-06, AIC = 4.418060
  Model addition step  18: Added term 0 1 0 0 0 0 0 0 0 -- RMS=29.354092, GCV=9.693545e-07, AIC = 4.342953
Change in error: 0.025549. No more terms added.
   19 polynomial terms were written for pectmajt5
pectmajt6
  RMS fit error of the full model is: 1.348037 mm
  maximum moment arm: 262.048614 mm
  maximum error allowed: 26.204861 mm
  Model addition step   1: Added term 0 0 1 0 0 0 0 0 0 -- RMS=143.041740, GCV=2.293056e-05, AIC = 7.509982
  Model addition step   2: Added term 0 0 0 0 2 0 1 0 0 -- RMS=127.715676, GCV=1.828415e-05, AIC = 7.283344
  Model addition step   3: Added term 0 0 0 0 0 0 0 0 0 -- RMS=110.485429, GCV=1.368654e-05, AIC = 6.993521
  Model addition step   4: Added term 0 0 0 0 0 1 0 0 0 -- RMS=95.957156, GCV=1.032609e-05, AIC = 6.711579
  Model addition step   5: Added term 0 0 0 1 1 0 0 0 0 -- RMS=82.843364, GCV=7.698285e-06, AIC = 6.417701
  Model addition step   6: Added term 0 0 0 0 1 0 0 1 0 -- RMS=67.915724, GCV=5.175074e-06, AIC = 6.020356
  Model addition step   7: Added term 0 1 0 0 0 1 0 0 0 -- RMS=61.089895, GCV=4.188052e-06, AIC = 5.808536
  Model addition step   8: Added term 1 0 0 0 1 0 1 0 1 -- RMS=55.273482, GCV=3.429291e-06, AIC = 5.608452
  Model addition step   9: Added term 0 0 0 0 0 0 1 1 0 -- RMS=50.908012, GCV=2.909647e-06, AIC = 5.443928
  Model addition step  10: Added term 0 0 0 0 0 0 0 0 1 -- RMS=47.962349, GCV=2.583250e-06, AIC = 5.324743
  Model addition step  11: Added term 0 0 0 0 2 2 0 0 0 -- RMS=45.258397, GCV=2.300707e-06, AIC = 5.208709
  Model addition step  12: Added term 0 0 0 0 1 0 0 0 2 -- RMS=43.101276, GCV=2.087088e-06, AIC = 5.111060
  Model addition step  13: Added term 0 0 0 0 0 0 0 1 1 -- RMS=40.526934, GCV=1.845633e-06, AIC = 4.987911
  Model addition step  14: Added term 0 0 0 1 1 0 1 0 1 -- RMS=38.374534, GCV=1.655166e-06, AIC = 4.878788
  Model addition step  15: Added term 1 0 0 0 0 0 0 0 0 -- RMS=35.606926, GCV=1.425351e-06, AIC = 4.729103
  Model addition step  16: Added term 0 0 0 0 0 1 1 0 1 -- RMS=33.814241, GCV=1.285729e-06, AIC = 4.625809
Change in error: 0.028490. No more terms added.
   17 polynomial terms were written for pectmajt6
pectmajc1
  RMS fit error of the full model is: 1.705229 mm
  maximum moment arm: 284.256497 mm
  maximum error allowed: 28.425650 mm
  Model addition step   1: Added term 0 2 0 1 0 0 -- RMS=136.918897, GCV=1.470666e-05, AIC = 7.065821
  Model addition step   2: Added term 0 0 0 0 0 0 -- RMS=116.378408, GCV=1.062746e-05, AIC = 6.740769
  Model addition step   3: Added term 0 0 1 0 0 0 -- RMS=96.731673, GCV=7.343773e-06, AIC = 6.370989
  Model addition step   4: Added term 1 1 0 0 0 0 -- RMS=74.562847, GCV=4.364396e-06, AIC = 5.850424
  Model addition step   5: Added term 0 0 0 1 1 1 -- RMS=54.131068, GCV=2.300752e-06, AIC = 5.209988
  Model addition step   6: Added term 0 1 0 0 1 0 -- RMS=48.878180, GCV=1.876307e-06, AIC = 5.005865
  Model addition step   7: Added term 0 0 2 1 0 0 -- RMS=43.735310, GCV=1.502574e-06, AIC = 4.783547
Change in error: 0.029349. No more terms added.
   8 polynomial terms were written for pectmajc1
pectmajc2
  RMS fit error of the full model is: 1.344809 mm
  maximum moment arm: 213.188856 mm
  maximum error allowed: 21.318886 mm
  Model addition step   1: Added term 0 2 0 1 0 0 -- RMS=106.401284, GCV=8.881389e-06, AIC = 6.561478
  Model addition step   2: Added term 0 0 0 0 0 0 -- RMS=91.112597, GCV=6.513904e-06, AIC = 6.251267
  Model addition step   3: Added term 0 0 1 0 0 0 -- RMS=76.525454, GCV=4.596144e-06, AIC = 5.902354
  Model addition step   4: Added term 1 1 0 0 0 0 -- RMS=60.613989, GCV=2.884197e-06, AIC = 5.436191
  Model addition step   5: Added term 0 0 0 1 1 1 -- RMS=45.140730, GCV=1.599977e-06, AIC = 4.846741
  Model addition step   6: Added term 0 1 0 0 1 0 -- RMS=40.386645, GCV=1.281001e-06, AIC = 4.624202
  Model addition step   7: Added term 0 0 2 1 0 1 -- RMS=36.433383, GCV=1.042726e-06, AIC = 4.418206
  Model addition step   8: Added term 1 0 0 1 0 2 -- RMS=35.061620, GCV=9.659012e-07, AIC = 4.341481
  Model addition step   9: Added term 3 0 0 0 0 1 -- RMS=33.988958, GCV=9.079080e-07, AIC = 4.279371
Change in error: 0.024443. No more terms added.
   10 polynomial terms were written for pectmajc2
tricmed1
  RMS fit error of the full model is: 0.031928 mm
  maximum moment arm: 21.942575 mm
  maximum error allowed: 2.194257 mm
  Model addition step   1: Added term 0 -- RMS=14.236781, GCV=4.543000e-08, AIC = 1.286018
  Model addition step   2: Added term 1 -- RMS=0.558530, GCV=6.993749e-11, AIC = -5.190420
  Model addition step   3: Added term 2 -- RMS=0.109816, GCV=2.704254e-12, AIC = -8.443308
  Model addition step   4: Added term 3 -- RMS=0.038556, GCV=3.334231e-13, AIC = -10.536589
  5 polynomial terms were written for tricmed1
tricmed2
  RMS fit error of the full model is: 0.038059 mm
  maximum moment arm: 22.382774 mm
  maximum error allowed: 2.238277 mm
  Model addition step   1: Added term 0 -- RMS=14.496010, GCV=4.709947e-08, AIC = 1.322107
  Model addition step   2: Added term 1 -- RMS=0.637103, GCV=9.099894e-11, AIC = -4.927174
  Model addition step   3: Added term 2 -- RMS=0.108612, GCV=2.645268e-12, AIC = -8.465362
  Model addition step   4: Added term 4 -- RMS=0.038602, GCV=3.342136e-13, AIC = -10.534221
  5 polynomial terms were written for tricmed2
tricmed3
  RMS fit error of the full model is: 0.016716 mm
  maximum moment arm: 19.298386 mm
  maximum error allowed: 2.000000 mm
  Model addition step   1: Added term 0 -- RMS=12.866271, GCV=3.710432e-08, AIC = 1.083579
  Model addition step   2: Added term 1 -- RMS=0.300150, GCV=2.019729e-11, AIC = -6.432474
  Model addition step   3: Added term 2 -- RMS=0.070765, GCV=1.122931e-12, AIC = -9.322192
  Model addition step   4: Added term 3 -- RMS=0.034823, GCV=2.719838e-13, AIC = -10.740259
  5 polynomial terms were written for tricmed3
tricmed4
  RMS fit error of the full model is: 0.027025 mm
  maximum moment arm: 22.187335 mm
  maximum error allowed: 2.218733 mm
  Model addition step   1: Added term 0 -- RMS=14.443884, GCV=4.676136e-08, AIC = 1.314902
  Model addition step   2: Added term 1 -- RMS=0.643564, GCV=9.285389e-11, AIC = -4.906995
  Model addition step   3: Added term 2 -- RMS=0.085885, GCV=1.654060e-12, AIC = -8.934901
  Model addition step   4: Added term 4 -- RMS=0.043554, GCV=4.254745e-13, AIC = -10.292796
  5 polynomial terms were written for tricmed4
tricmed5
  RMS fit error of the full model is: 0.035885 mm
  maximum moment arm: 22.451284 mm
  maximum error allowed: 2.245128 mm
  Model addition step   1: Added term 0 -- RMS=14.559902, GCV=4.751557e-08, AIC = 1.330903
  Model addition step   2: Added term 1 -- RMS=0.647589, GCV=9.401892e-11, AIC = -4.894526
  Model addition step   3: Added term 2 -- RMS=0.101912, GCV=2.328990e-12, AIC = -8.592700
  Model addition step   4: Added term 4 -- RMS=0.039836, GCV=3.559319e-13, AIC = -10.471262
  5 polynomial terms were written for tricmed5
brachialis1
  RMS fit error of the full model is: 0.109306 mm
  maximum moment arm: 17.560220 mm
  maximum error allowed: 2.000000 mm
  Model addition step   1: Added term 0 -- RMS=8.315917, GCV=1.550028e-08, AIC = 0.210703
  Model addition step   2: Added term 2 -- RMS=0.506394, GCV=5.749009e-11, AIC = -5.386409
  Model addition step   3: Added term 1 -- RMS=0.425809, GCV=4.065781e-11, AIC = -5.732943
  Model addition step   4: Added term 3 -- RMS=0.138779, GCV=4.319763e-12, AIC = -7.975046
  5 polynomial terms were written for brachialis1
brachialis2
  RMS fit error of the full model is: 0.060735 mm
  maximum moment arm: 17.344457 mm
  maximum error allowed: 2.000000 mm
  Model addition step   1: Added term 0 -- RMS=9.074571, GCV=1.845743e-08, AIC = 0.385312
  Model addition step   2: Added term 1 -- RMS=1.085705, GCV=2.642654e-10, AIC = -3.861068
  Model addition step   3: Added term 4 -- RMS=0.110930, GCV=2.759366e-12, AIC = -8.423133
  Model addition step   4: Added term 3 -- RMS=0.104385, GCV=2.443941e-12, AIC = -8.544635
  5 polynomial terms were written for brachialis2
brachialis3
  RMS fit error of the full model is: 0.009715 mm
  maximum moment arm: 15.331019 mm
  maximum error allowed: 2.000000 mm
  Model addition step   1: Added term 0 -- RMS=9.455109, GCV=2.003790e-08, AIC = 0.467471
  Model addition step   2: Added term 1 -- RMS=0.675655, GCV=1.023450e-10, AIC = -4.809673
  Model addition step   3: Added term 2 -- RMS=0.017361, GCV=6.759035e-14, AIC = -12.132424
  Model addition step   4: Added term 3 -- RMS=0.009864, GCV=2.182477e-14, AIC = -13.262956
  5 polynomial terms were written for brachialis3
brachialis4
  RMS fit error of the full model is: 0.094144 mm
  maximum moment arm: 16.495905 mm
  maximum error allowed: 2.000000 mm
  Model addition step   1: Added term 0 -- RMS=8.325033, GCV=1.553428e-08, AIC = 0.212894
  Model addition step   2: Added term 2 -- RMS=0.816272, GCV=1.493780e-10, AIC = -4.431542
  Model addition step   3: Added term 1 -- RMS=0.347642, GCV=2.710062e-11, AIC = -6.138578
  Model addition step   4: Added term 4 -- RMS=0.094146, GCV=1.988008e-12, AIC = -8.751113
  5 polynomial terms were written for brachialis4
brachialis5
  RMS fit error of the full model is: 0.005401 mm
  maximum moment arm: 13.790582 mm
  maximum error allowed: 2.000000 mm
  Model addition step   1: Added term 0 -- RMS=8.474202, GCV=1.609595e-08, AIC = 0.248413
  Model addition step   2: Added term 1 -- RMS=0.612217, GCV=8.402850e-11, AIC = -5.006866
  Model addition step   3: Added term 2 -- RMS=0.020104, GCV=9.063540e-14, AIC = -11.839045
  Model addition step   4: Added term 3 -- RMS=0.005639, GCV=7.132319e-15, AIC = -14.381365
  5 polynomial terms were written for brachialis5
brachialis6
  RMS fit error of the full model is: 0.006030 mm
  maximum moment arm: 13.706730 mm
  maximum error allowed: 2.000000 mm
  Model addition step   1: Added term 0 -- RMS=8.452430, GCV=1.601335e-08, AIC = 0.243268
  Model addition step   2: Added term 1 -- RMS=0.602348, GCV=8.134129e-11, AIC = -5.039368
  Model addition step   3: Added term 2 -- RMS=0.015352, GCV=5.284655e-14, AIC = -12.378497
  Model addition step   4: Added term 3 -- RMS=0.006229, GCV=8.701751e-15, AIC = -14.182477
  5 polynomial terms were written for brachialis6
brachialis7
  RMS fit error of the full model is: 0.040022 mm
  maximum moment arm: 12.993012 mm
  maximum error allowed: 2.000000 mm
  Model addition step   1: Added term 0 -- RMS=7.389378, GCV=1.223869e-08, AIC = -0.025553
  Model addition step   2: Added term 1 -- RMS=0.577552, GCV=7.478220e-11, AIC = -5.123442
  Model addition step   3: Added term 3 -- RMS=0.058053, GCV=7.557174e-13, AIC = -9.718222
Change in error: 0.002752. No more terms added.
   4 polynomial terms were written for brachialis7
brachiorad1
  RMS fit error of the full model is: 0.013407 mm
  maximum moment arm: 44.638373 mm
  maximum error allowed: 4.463837 mm
  Model addition step   1: Added term 0 0 -- RMS=22.112668, GCV=1.643965e-07, AIC = 2.572089
  Model addition step   2: Added term 2 0 -- RMS=13.057438, GCV=5.733551e-08, AIC = 1.518579
  Model addition step   3: Added term 2 2 -- RMS=1.674173, GCV=9.427699e-10, AIC = -2.589424
  Model addition step   4: Added term 1 3 -- RMS=1.116294, GCV=4.192373e-10, AIC = -3.399959
  Model addition step   5: Added term 1 1 -- RMS=0.606371, GCV=1.237306e-10, AIC = -4.620439
  Model addition step   6: Added term 1 2 -- RMS=0.517149, GCV=9.001797e-11, AIC = -4.938685
  Model addition step   7: Added term 0 4 -- RMS=0.075506, GCV=1.919357e-12, AIC = -8.786854
  Model addition step   8: Added term 1 0 -- RMS=0.058081, GCV=1.135950e-12, AIC = -9.311525
  Model addition step   9: Added term 4 0 -- RMS=0.044199, GCV=6.579687e-13, AIC = -9.857741
  Model addition step  10: Added term 3 1 -- RMS=0.039969, GCV=5.381739e-13, AIC = -10.058867
Change in error: 0.006309. No more terms added.
   11 polynomial terms were written for brachiorad1
brachiorad2
  RMS fit error of the full model is: 0.270863 mm
  maximum moment arm: 32.768537 mm
  maximum error allowed: 3.276854 mm
  Model addition step   1: Added term 0 0 -- RMS=15.023668, GCV=7.588612e-08, AIC = 1.799042
  Model addition step   2: Added term 2 0 -- RMS=8.253075, GCV=2.290548e-08, AIC = 0.601035
  Model addition step   3: Added term 2 2 -- RMS=1.453823, GCV=7.109325e-10, AIC = -2.871669
  Model addition step   4: Added term 2 1 -- RMS=1.219184, GCV=5.000813e-10, AIC = -3.223625
  Model addition step   5: Added term 1 0 -- RMS=1.020235, GCV=3.502676e-10, AIC = -3.579848
  Model addition step   6: Added term 3 0 -- RMS=0.768054, GCV=1.985551e-10, AIC = -4.147628
  Model addition step   7: Added term 4 0 -- RMS=0.723023, GCV=1.759941e-10, AIC = -4.268394
Change in error: 0.028296. No more terms added.
   8 polynomial terms were written for brachiorad2
brachiorad3
  RMS fit error of the full model is: 0.264918 mm
  maximum moment arm: 23.934579 mm
  maximum error allowed: 2.393458 mm
  Model addition step   1: Added term 0 0 -- RMS=12.136688, GCV=4.952344e-08, AIC = 1.372254
  Model addition step   2: Added term 1 0 -- RMS=6.275485, GCV=1.324348e-08, AIC = 0.053164
  Model addition step   3: Added term 1 3 -- RMS=1.357311, GCV=6.196748e-10, AIC = -3.009051
  Model addition step   4: Added term 2 1 -- RMS=1.177251, GCV=4.662736e-10, AIC = -3.293623
  Model addition step   5: Added term 1 2 -- RMS=1.134049, GCV=4.327760e-10, AIC = -3.368325
  Model addition step   6: Added term 0 4 -- RMS=1.090199, GCV=4.000447e-10, AIC = -3.447118
  Model addition step   7: Added term 4 0 -- RMS=0.550323, GCV=1.019600e-10, AIC = -4.814264
  Model addition step   8: Added term 3 1 -- RMS=0.496041, GCV=8.285650e-11, AIC = -5.021884
  Model addition step   9: Added term 3 0 -- RMS=0.370626, GCV=4.626593e-11, AIC = -5.604738
  Model addition step  10: Added term 0 3 -- RMS=0.277173, GCV=2.588144e-11, AIC = -6.185767
Change in error: 0.028460. No more terms added.
   11 polynomial terms were written for brachiorad3
pronteres1
  RMS fit error of the full model is: 0.000255 mm
  maximum moment arm: 10.323416 mm
  maximum error allowed: 2.000000 mm
  Model addition step   1: Added term 0 0 -- RMS=7.532682, GCV=1.907698e-08, AIC = 0.418290
  Model addition step   2: Added term 1 3 -- RMS=3.503855, GCV=4.128574e-09, AIC = -1.112409
  Model addition step   3: Added term 0 1 -- RMS=1.201190, GCV=4.853201e-10, AIC = -3.253438
  Model addition step   4: Added term 2 0 -- RMS=0.259376, GCV=2.263398e-11, AIC = -6.318943
  Model addition step   5: Added term 1 0 -- RMS=0.093388, GCV=2.934816e-12, AIC = -8.361901
  Model addition step   6: Added term 0 2 -- RMS=0.087317, GCV=2.566211e-12, AIC = -8.496264
  Model addition step   7: Added term 0 4 -- RMS=0.043723, GCV=6.435927e-13, AIC = -9.879534
  Model addition step   8: Added term 1 1 -- RMS=0.021723, GCV=1.589097e-13, AIC = -11.278413
  Model addition step   9: Added term 4 0 -- RMS=0.010555, GCV=3.752341e-14, AIC = -12.721934
  Model addition step  10: Added term 2 2 -- RMS=0.000989, GCV=3.293582e-16, AIC = -17.457658
  Model addition step  11: Added term 0 3 -- RMS=0.000776, GCV=2.028399e-16, AIC = -17.942536
  Model addition step  12: Added term 3 0 -- RMS=0.000560, GCV=1.058465e-16, AIC = -18.593113
  Model addition step  13: Added term 1 2 -- RMS=0.000449, GCV=6.805470e-17, AIC = -19.034941
  Model addition step  14: Added term 2 1 -- RMS=0.000255, GCV=2.195902e-17, AIC = -20.166224
  15 polynomial terms were written for pronteres1
pronteres2
  RMS fit error of the full model is: 0.000311 mm
  maximum moment arm: 9.068120 mm
  maximum error allowed: 2.000000 mm
  Model addition step   1: Added term 0 -- RMS=5.985753, GCV=8.030760e-09, AIC = -0.446876
  Model addition step   2: Added term 1 -- RMS=0.315836, GCV=2.236354e-11, AIC = -6.330590
  Model addition step   3: Added term 4 -- RMS=0.063711, GCV=9.102223e-13, AIC = -9.532201
  Model addition step   4: Added term 2 -- RMS=0.002184, GCV=1.069375e-15, AIC = -16.278927
  5 polynomial terms were written for pronteres2
supinator1
  RMS fit error of the full model is: 0.000113 mm
  maximum moment arm: 4.495430 mm
  maximum error allowed: 2.000000 mm
  Model addition step   1: Added term 0 -- RMS=2.091351, GCV=9.803316e-10, AIC = -2.550019
  Model addition step   2: Added term 1 -- RMS=0.316259, GCV=2.242341e-11, AIC = -6.327917
  Model addition step   3: Added term 2 -- RMS=0.023068, GCV=1.193299e-13, AIC = -11.563998
  Model addition step   4: Added term 4 -- RMS=0.001492, GCV=4.994571e-16, AIC = -17.040235
  5 polynomial terms were written for supinator1
supinator2
  RMS fit error of the full model is: 0.000114 mm
  maximum moment arm: 4.324942 mm
  maximum error allowed: 2.000000 mm
  Model addition step   1: Added term 0 -- RMS=2.005459, GCV=9.014606e-10, AIC = -2.633894
  Model addition step   2: Added term 1 -- RMS=0.314128, GCV=2.212227e-11, AIC = -6.341437
  Model addition step   3: Added term 2 -- RMS=0.017792, GCV=7.098639e-14, AIC = -12.083401
  Model addition step   4: Added term 4 -- RMS=0.001438, GCV=4.635723e-16, AIC = -17.114794
  5 polynomial terms were written for supinator2
supinator3
  RMS fit error of the full model is: 0.001657 mm
  maximum moment arm: 4.226734 mm
  maximum error allowed: 2.000000 mm
  Model addition step   1: Added term 0 -- RMS=1.979393, GCV=8.781792e-10, AIC = -2.660059
  Model addition step   2: Added term 1 -- RMS=0.304840, GCV=2.083338e-11, AIC = -6.401465
  Model addition step   3: Added term 2 -- RMS=0.009197, GCV=1.896734e-14, AIC = -13.403171
  Model addition step   4: Added term 4 -- RMS=0.001708, GCV=6.545991e-16, AIC = -16.769734
  5 polynomial terms were written for supinator3
supinator4
  RMS fit error of the full model is: 0.000263 mm
  maximum moment arm: 3.792246 mm
  maximum error allowed: 2.000000 mm
  Model addition step   1: Added term 0 -- RMS=1.733747, GCV=6.737370e-10, AIC = -2.925070
  Model addition step   2: Added term 1 -- RMS=0.298525, GCV=1.997913e-11, AIC = -6.443334
  Model addition step   3: Added term 2 -- RMS=0.007394, GCV=1.225866e-14, AIC = -13.839657
  Model addition step   4: Added term 4 -- RMS=0.001337, GCV=4.006423e-16, AIC = -17.260688
  5 polynomial terms were written for supinator4
supinator5
  RMS fit error of the full model is: 0.002917 mm
  maximum moment arm: 3.355208 mm
  maximum error allowed: 2.000000 mm
  Model addition step   1: Added term 0 -- RMS=1.459583, GCV=4.775034e-10, AIC = -3.269339
  Model addition step   2: Added term 1 -- RMS=0.289616, GCV=1.880445e-11, AIC = -6.503929
  Model addition step   3: Added term 2 -- RMS=0.007087, GCV=1.126336e-14, AIC = -13.924334
  Model addition step   4: Added term 4 -- RMS=0.003187, GCV=2.277997e-15, AIC = -15.522705
  5 polynomial terms were written for supinator5
pronquad1
  RMS fit error of the full model is: 0.000372 mm
  maximum moment arm: 4.750444 mm
  maximum error allowed: 2.000000 mm
  Model addition step   1: Added term 0 -- RMS=2.247422, GCV=1.132109e-09, AIC = -2.406072
  Model addition step   2: Added term 1 -- RMS=0.457420, GCV=4.690807e-11, AIC = -5.589832
  Model addition step   3: Added term 4 -- RMS=0.009580, GCV=2.057850e-14, AIC = -13.321643
  Model addition step   4: Added term 2 -- RMS=0.003976, GCV=3.545403e-15, AIC = -15.080350
  5 polynomial terms were written for pronquad1
pronquad2
  RMS fit error of the full model is: 0.000179 mm
  maximum moment arm: 3.273299 mm
  maximum error allowed: 2.000000 mm
  Model addition step   1: Added term 0 -- RMS=0.855235, GCV=1.639420e-10, AIC = -4.338397
  Model addition step   2: Added term 4 -- RMS=0.770588, GCV=1.331253e-10, AIC = -4.546732
  Model addition step   3: Added term 1 -- RMS=0.064308, GCV=9.273439e-13, AIC = -9.513565
  Model addition step   4: Added term 3 -- RMS=0.009439, GCV=1.998422e-14, AIC = -13.351059
  5 polynomial terms were written for pronquad2
pronquad3
  RMS fit error of the full model is: 0.001399 mm
  maximum moment arm: 6.241158 mm
  maximum error allowed: 2.000000 mm
  Model addition step   1: Added term 1 -- RMS=2.897831, GCV=1.882197e-09, AIC = -1.897715
  Model addition step   2: Added term 0 -- RMS=0.798519, GCV=1.429509e-10, AIC = -4.475521
  Model addition step   3: Added term 2 -- RMS=0.080755, GCV=1.462354e-12, AIC = -9.058087
  Model addition step   4: Added term 4 -- RMS=0.005728, GCV=7.359757e-15, AIC = -14.349975
  5 polynomial terms were written for pronquad3
triclat1
  RMS fit error of the full model is: 0.000088 mm
  maximum moment arm: 22.568408 mm
  maximum error allowed: 2.256841 mm
  Model addition step   1: Added term 0 -- RMS=15.794061, GCV=5.591222e-08, AIC = 1.493628
  Model addition step   2: Added term 1 -- RMS=0.255312, GCV=1.461360e-11, AIC = -6.756069
  Model addition step   3: Added term 2 -- RMS=0.087836, GCV=1.730060e-12, AIC = -8.889978
  Model addition step   4: Added term 3 -- RMS=0.000472, GCV=4.994609e-17, AIC = -19.342813
  5 polynomial terms were written for triclat1
triclat2
  RMS fit error of the full model is: 0.000074 mm
  maximum moment arm: 22.812925 mm
  maximum error allowed: 2.281292 mm
  Model addition step   1: Added term 0 -- RMS=16.128558, GCV=5.830559e-08, AIC = 1.535543
  Model addition step   2: Added term 1 -- RMS=0.091046, GCV=1.858409e-12, AIC = -8.818301
  Model addition step   3: Added term 2 -- RMS=0.086537, GCV=1.679266e-12, AIC = -8.919777
  Model addition step   4: Added term 3 -- RMS=0.000862, GCV=1.668417e-16, AIC = -18.136711
  5 polynomial terms were written for triclat2
triclat3
  RMS fit error of the full model is: 0.008127 mm
  maximum moment arm: 20.034785 mm
  maximum error allowed: 2.003479 mm
  Model addition step   1: Added term 0 -- RMS=13.909351, GCV=4.336435e-08, AIC = 1.239483
  Model addition step   2: Added term 1 -- RMS=0.194430, GCV=8.475023e-12, AIC = -7.300899
  Model addition step   3: Added term 2 -- RMS=0.013569, GCV=4.128785e-14, AIC = -12.625321
  Model addition step   4: Added term 4 -- RMS=0.013031, GCV=3.808686e-14, AIC = -12.706132
  5 polynomial terms were written for triclat3
triclat4
  RMS fit error of the full model is: 0.008047 mm
  maximum moment arm: 19.935150 mm
  maximum error allowed: 2.000000 mm
  Model addition step   1: Added term 0 -- RMS=13.820423, GCV=4.281163e-08, AIC = 1.226655
  Model addition step   2: Added term 1 -- RMS=0.194047, GCV=8.441734e-12, AIC = -7.304834
  Model addition step   3: Added term 2 -- RMS=0.013888, GCV=4.324885e-14, AIC = -12.578919
  Model addition step   4: Added term 4 -- RMS=0.011092, GCV=2.759618e-14, AIC = -13.028324
  5 polynomial terms were written for triclat4
triclat5
  RMS fit error of the full model is: 0.002464 mm
  maximum moment arm: 19.367619 mm
  maximum error allowed: 2.000000 mm
  Model addition step   1: Added term 0 -- RMS=13.694641, GCV=4.203590e-08, AIC = 1.208369
  Model addition step   2: Added term 1 -- RMS=0.073569, GCV=1.213397e-12, AIC = -9.244598
  Model addition step   3: Added term 4 -- RMS=0.066461, GCV=9.904962e-13, AIC = -9.447683
  Model addition step   4: Added term 2 -- RMS=0.008709, GCV=1.701325e-14, AIC = -13.512009
  5 polynomial terms were written for triclat5
anconeus1
  RMS fit error of the full model is: 0.000026 mm
  maximum moment arm: 8.837290 mm
  maximum error allowed: 2.000000 mm
  Model addition step   1: Added term 0 -- RMS=5.856919, GCV=7.688782e-09, AIC = -0.490392
  Model addition step   2: Added term 1 -- RMS=0.287095, GCV=1.847851e-11, AIC = -6.521414
  Model addition step   3: Added term 2 -- RMS=0.050259, GCV=5.664343e-13, AIC = -10.006528
  Model addition step   4: Added term 3 -- RMS=0.001800, GCV=7.265436e-16, AIC = -16.665458
  5 polynomial terms were written for anconeus1
anconeus2
  RMS fit error of the full model is: 0.000361 mm
  maximum moment arm: 9.149773 mm
  maximum error allowed: 2.000000 mm
  Model addition step   1: Added term 0 -- RMS=5.326289, GCV=6.358703e-09, AIC = -0.680330
  Model addition step   2: Added term 2 -- RMS=0.572316, GCV=7.343237e-11, AIC = -5.141657
  Model addition step   3: Added term 1 -- RMS=0.071701, GCV=1.152818e-12, AIC = -9.295925
  Model addition step   4: Added term 3 -- RMS=0.000620, GCV=8.615166e-17, AIC = -18.797648
  5 polynomial terms were written for anconeus2
anconeus3
  RMS fit error of the full model is: 0.000063 mm
  maximum moment arm: 9.583185 mm
  maximum error allowed: 2.000000 mm
  Model addition step   1: Added term 0 -- RMS=6.628264, GCV=9.847335e-09, AIC = -0.242954
  Model addition step   2: Added term 1 -- RMS=0.138484, GCV=4.299487e-12, AIC = -7.979526
  Model addition step   3: Added term 4 -- RMS=0.005985, GCV=8.031472e-15, AIC = -14.262522
  Model addition step   4: Added term 3 -- RMS=0.003054, GCV=2.091439e-15, AIC = -15.608149
  5 polynomial terms were written for anconeus3
anconeus4
  RMS fit error of the full model is: 0.000067 mm
  maximum moment arm: 5.153895 mm
  maximum error allowed: 2.000000 mm
  Model addition step   1: Added term 0 -- RMS=2.344436, GCV=1.231958e-09, AIC = -2.321550
  Model addition step   2: Added term 2 -- RMS=0.167693, GCV=6.304418e-12, AIC = -7.596771
  Model addition step   3: Added term 1 -- RMS=0.019046, GCV=8.134258e-14, AIC = -11.947220
  Model addition step   4: Added term 4 -- RMS=0.000363, GCV=2.948347e-17, AIC = -19.869927
  5 polynomial terms were written for anconeus4
anconeus5
  RMS fit error of the full model is: 0.000184 mm
  maximum moment arm: 6.850457 mm
  maximum error allowed: 2.000000 mm
  Model addition step   1: Added term 0 -- RMS=3.344074, GCV=2.506518e-09, AIC = -1.611260
  Model addition step   2: Added term 2 -- RMS=0.060868, GCV=8.306011e-13, AIC = -9.623628
  Model addition step   3: Added term 1 -- RMS=0.035150, GCV=2.770616e-13, AIC = -10.721650
  Model addition step   4: Added term 4 -- RMS=0.000473, GCV=5.016503e-17, AIC = -19.338439
  5 polynomial terms were written for anconeus5
