trapscap1
  RMS fit error of the full model is: 0.417012 mm
  maximum moment arm: 110.178880 mm
  maximum error allowed: 11.017888 mm
  Model addition step   1: Added term 0 0 0 0 0 0 -- RMS=73.835471, GCV=4.276783e-06, AIC = 5.830722
  Model addition step   2: Added term 1 0 0 0 0 0 -- RMS=63.335652, GCV=3.147610e-06, AIC = 5.523972
  Model addition step   3: Added term 0 0 0 1 0 0 -- RMS=54.632073, GCV=2.342487e-06, AIC = 5.228350
  Model addition step   4: Added term 0 1 0 0 0 0 -- RMS=44.301452, GCV=1.540689e-06, AIC = 4.809174
  Model addition step   5: Added term 0 0 1 0 0 0 -- RMS=34.982589, GCV=9.609050e-07, AIC = 4.336872
  Model addition step   6: Added term 0 0 0 1 0 1 -- RMS=22.539476, GCV=3.989896e-07, AIC = 3.457740
  Model addition step   7: Added term 0 0 0 0 2 0 -- RMS=18.205631, GCV=2.603651e-07, AIC = 3.030697
  Model addition step   8: Added term 0 0 0 0 1 0 -- RMS=13.871540, GCV=1.511883e-07, AIC = 2.486946
  Model addition step   9: Added term 0 0 0 1 2 0 -- RMS=12.321916, GCV=1.193226e-07, AIC = 2.250058
  Model addition step  10: Added term 2 1 0 1 0 0 -- RMS=11.690228, GCV=1.074260e-07, AIC = 2.144838
  Model addition step  11: Added term 1 0 0 0 0 1 -- RMS=11.198315, GCV=9.859761e-08, AIC = 2.058890
  Model addition step  12: Added term 0 1 1 2 0 0 -- RMS=10.836149, GCV=9.234393e-08, AIC = 1.993171
Change in error: 0.029655. No more terms added.
   13 polynomial terms were written for trapscap1
trapscap2
  RMS fit error of the full model is: 0.528573 mm
  maximum moment arm: 112.653273 mm
  maximum error allowed: 11.265327 mm
  Model addition step   1: Added term 0 0 0 0 0 0 -- RMS=75.626192, GCV=4.486747e-06, AIC = 5.878649
  Model addition step   2: Added term 1 0 0 0 0 0 -- RMS=64.823115, GCV=3.297192e-06, AIC = 5.570400
  Model addition step   3: Added term 0 0 1 1 0 0 -- RMS=55.787332, GCV=2.442604e-06, AIC = 5.270201
  Model addition step   4: Added term 0 1 0 0 0 0 -- RMS=46.037568, GCV=1.663811e-06, AIC = 4.886055
  Model addition step   5: Added term 0 0 0 0 0 1 -- RMS=36.686021, GCV=1.056763e-06, AIC = 4.431963
  Model addition step   6: Added term 0 0 0 1 0 0 -- RMS=26.317412, GCV=5.439517e-07, AIC = 3.767665
  Model addition step   7: Added term 0 0 0 1 1 0 -- RMS=19.599370, GCV=3.017558e-07, AIC = 3.178230
  Model addition step   8: Added term 0 0 0 0 2 0 -- RMS=16.035438, GCV=2.020368e-07, AIC = 2.776870
  Model addition step   9: Added term 0 0 1 0 0 0 -- RMS=14.293798, GCV=1.605689e-07, AIC = 2.546951
  Model addition step  10: Added term 0 0 0 1 2 0 -- RMS=12.615326, GCV=1.251009e-07, AIC = 2.297156
  Model addition step  11: Added term 2 1 0 0 0 0 -- RMS=11.862230, GCV=1.106353e-07, AIC = 2.174082
  Model addition step  12: Added term 1 0 0 2 0 1 -- RMS=11.360916, GCV=1.015045e-07, AIC = 2.087753
  Model addition step  13: Added term 0 0 1 3 0 0 -- RMS=10.982072, GCV=9.486904e-08, AIC = 2.019956
Change in error: 0.021447. No more terms added.
   14 polynomial terms were written for trapscap2
trapscap3
  RMS fit error of the full model is: 0.662330 mm
  maximum moment arm: 115.257966 mm
  maximum error allowed: 11.525797 mm
  Model addition step   1: Added term 0 0 0 0 0 0 -- RMS=76.627852, GCV=4.606387e-06, AIC = 5.904964
  Model addition step   2: Added term 1 0 0 0 0 0 -- RMS=65.837263, GCV=3.401167e-06, AIC = 5.601447
  Model addition step   3: Added term 0 0 1 2 0 0 -- RMS=55.238591, GCV=2.394788e-06, AIC = 5.250431
  Model addition step   4: Added term 1 1 0 0 0 0 -- RMS=46.615253, GCV=1.705828e-06, AIC = 4.910995
  Model addition step   5: Added term 0 0 0 0 0 1 -- RMS=37.970257, GCV=1.132045e-06, AIC = 4.500778
  Model addition step   6: Added term 0 0 0 2 1 0 -- RMS=28.575441, GCV=6.412979e-07, AIC = 3.932299
  Model addition step   7: Added term 0 0 0 1 0 0 -- RMS=23.468922, GCV=4.326708e-07, AIC = 3.538589
  Model addition step   8: Added term 0 0 1 1 0 0 -- RMS=20.395215, GCV=3.268326e-07, AIC = 3.257868
  Model addition step   9: Added term 0 0 0 0 2 0 -- RMS=17.281442, GCV=2.347070e-07, AIC = 2.926566
  Model addition step  10: Added term 0 0 0 1 1 0 -- RMS=14.823355, GCV=1.727256e-07, AIC = 2.619739
  Model addition step  11: Added term 0 0 0 1 2 0 -- RMS=13.085399, GCV=1.346279e-07, AIC = 2.370357
  Model addition step  12: Added term 0 1 0 1 0 0 -- RMS=12.174233, GCV=1.165579e-07, AIC = 2.226039
  Model addition step  13: Added term 1 0 0 1 0 1 -- RMS=11.461900, GCV=1.033402e-07, AIC = 2.105484
Change in error: 0.023966. No more terms added.
   14 polynomial terms were written for trapscap3
trapscap4
  RMS fit error of the full model is: 0.785099 mm
  maximum moment arm: 118.759381 mm
  maximum error allowed: 11.875938 mm
  Model addition step   1: Added term 0 0 0 1 0 0 -- RMS=76.069086, GCV=4.539453e-06, AIC = 5.890327
  Model addition step   2: Added term 1 0 0 2 0 0 -- RMS=65.094528, GCV=3.324861e-06, AIC = 5.578756
  Model addition step   3: Added term 0 0 1 0 0 0 -- RMS=56.305934, GCV=2.488228e-06, AIC = 5.288707
  Model addition step   4: Added term 1 1 0 1 0 0 -- RMS=48.001759, GCV=1.808812e-06, AIC = 4.969615
  Model addition step   5: Added term 1 0 0 1 0 1 -- RMS=39.263630, GCV=1.210480e-06, AIC = 4.567769
  Model addition step   6: Added term 0 0 0 0 1 0 -- RMS=33.198864, GCV=8.656063e-07, AIC = 4.232235
  Model addition step   7: Added term 0 0 0 0 0 0 -- RMS=29.997595, GCV=7.068776e-07, AIC = 4.029470
  Model addition step   8: Added term 1 0 0 0 0 0 -- RMS=20.978051, GCV=3.457793e-07, AIC = 3.314221
  Model addition step   9: Added term 0 0 0 0 2 0 -- RMS=17.371098, GCV=2.371487e-07, AIC = 2.936915
  Model addition step  10: Added term 0 0 0 1 2 0 -- RMS=15.776318, GCV=1.956477e-07, AIC = 2.744351
  Model addition step  11: Added term 0 0 0 0 0 1 -- RMS=14.327657, GCV=1.614029e-07, AIC = 2.551747
  Model addition step  12: Added term 0 1 0 0 0 0 -- RMS=13.329445, GCV=1.397277e-07, AIC = 2.407346
  Model addition step  13: Added term 1 0 1 1 0 0 -- RMS=12.757577, GCV=1.280243e-07, AIC = 2.319678
  Model addition step  14: Added term 1 0 0 1 1 0 -- RMS=12.204688, GCV=1.171944e-07, AIC = 2.231100
Change in error: 0.027166. No more terms added.
   15 polynomial terms were written for trapscap4
trapscap5
  RMS fit error of the full model is: 0.984512 mm
  maximum moment arm: 122.013702 mm
  maximum error allowed: 12.201370 mm
  Model addition step   1: Added term 0 0 0 1 0 0 -- RMS=74.213361, GCV=4.320672e-06, AIC = 5.840932
  Model addition step   2: Added term 1 0 0 1 0 0 -- RMS=62.903309, GCV=3.104784e-06, AIC = 5.510273
  Model addition step   3: Added term 0 0 1 0 0 0 -- RMS=53.515591, GCV=2.247721e-06, AIC = 5.187053
  Model addition step   4: Added term 0 0 0 1 0 1 -- RMS=46.519501, GCV=1.698827e-06, AIC = 4.906882
  Model addition step   5: Added term 1 1 0 1 0 0 -- RMS=38.809340, GCV=1.182630e-06, AIC = 4.544493
  Model addition step   6: Added term 0 0 0 0 1 0 -- RMS=32.163128, GCV=8.124385e-07, AIC = 4.168845
  Model addition step   7: Added term 0 0 0 0 0 0 -- RMS=25.210225, GCV=4.992577e-07, AIC = 3.681735
  Model addition step   8: Added term 1 0 0 0 0 0 -- RMS=21.899488, GCV=3.768223e-07, AIC = 3.400194
  Model addition step   9: Added term 0 0 0 0 2 0 -- RMS=18.207619, GCV=2.605388e-07, AIC = 3.030980
  Model addition step  10: Added term 0 0 0 1 2 0 -- RMS=16.742866, GCV=2.203551e-07, AIC = 2.863276
  Model addition step  11: Added term 0 0 1 1 0 0 -- RMS=15.769720, GCV=1.955280e-07, AIC = 2.743547
  Model addition step  12: Added term 0 0 1 0 1 0 -- RMS=15.082088, GCV=1.788881e-07, AIC = 2.654411
  Model addition step  13: Added term 0 0 2 0 0 0 -- RMS=13.206668, GCV=1.371963e-07, AIC = 2.388871
  Model addition step  14: Added term 2 0 0 0 0 1 -- RMS=12.790572, GCV=1.287162e-07, AIC = 2.324876
Change in error: 0.020591. No more terms added.
   15 polynomial terms were written for trapscap5
trapscap6
  RMS fit error of the full model is: 1.289552 mm
  maximum moment arm: 133.447278 mm
  maximum error allowed: 13.344728 mm
  Model addition step   1: Added term 0 0 0 1 0 0 -- RMS=74.322216, GCV=4.333357e-06, AIC = 5.843863
  Model addition step   2: Added term 1 0 0 1 0 0 -- RMS=58.972481, GCV=2.728873e-06, AIC = 5.381217
  Model addition step   3: Added term 0 0 1 0 0 0 -- RMS=51.198075, GCV=2.057260e-06, AIC = 5.098511
  Model addition step   4: Added term 0 0 0 0 0 0 -- RMS=45.623293, GCV=1.634001e-06, AIC = 4.867976
  Model addition step   5: Added term 1 0 0 1 0 1 -- RMS=40.038720, GCV=1.258743e-06, AIC = 4.606865
  Model addition step   6: Added term 0 0 0 0 1 0 -- RMS=35.902681, GCV=1.012343e-06, AIC = 4.388827
  Model addition step   7: Added term 1 0 0 0 0 0 -- RMS=32.570656, GCV=8.333441e-07, AIC = 4.194059
  Model addition step   8: Added term 0 0 0 0 2 0 -- RMS=28.989415, GCV=6.603096e-07, AIC = 3.961129
  Model addition step   9: Added term 2 2 0 0 0 0 -- RMS=27.428080, GCV=5.912307e-07, AIC = 3.850434
  Model addition step  10: Added term 2 1 0 1 0 0 -- RMS=26.047035, GCV=5.333105e-07, AIC = 3.747139
  Model addition step  11: Added term 1 1 0 0 0 0 -- RMS=24.550169, GCV=4.738817e-07, AIC = 3.628801
  Model addition step  12: Added term 0 0 0 1 2 0 -- RMS=23.222998, GCV=4.241261e-07, AIC = 3.517682
  Model addition step  13: Added term 0 0 1 0 1 0 -- RMS=21.976139, GCV=3.798907e-07, AIC = 3.407342
  Model addition step  14: Added term 0 0 2 0 0 0 -- RMS=18.337182, GCV=2.645566e-07, AIC = 3.045321
  Model addition step  15: Added term 0 0 0 0 1 1 -- RMS=17.634349, GCV=2.447201e-07, AIC = 2.967189
  Model addition step  16: Added term 0 0 1 0 0 1 -- RMS=13.595223, GCV=1.454859e-07, AIC = 2.446960
  Model addition step  17: Added term 0 0 0 2 0 2 -- RMS=12.048775, GCV=1.142962e-07, AIC = 2.205481
  Model addition step  18: Added term 0 0 0 2 0 1 -- RMS=10.687980, GCV=8.995693e-08, AIC = 1.965827
  Model addition step  19: Added term 0 0 0 1 1 1 -- RMS=9.840458, GCV=7.627311e-08, AIC = 1.800624
  Model addition step  20: Added term 1 1 0 0 2 0 -- RMS=9.514010, GCV=7.131250e-08, AIC = 1.733182
  Model addition step  21: Added term 0 0 0 0 3 1 -- RMS=9.213679, GCV=6.689630e-08, AIC = 1.669062
Change in error: 0.025555. No more terms added.
   22 polynomial terms were written for trapscap6
trapscap7
  RMS fit error of the full model is: 1.759304 mm
  maximum moment arm: 143.243599 mm
  maximum error allowed: 14.324360 mm
  Model addition step   1: Added term 0 0 0 1 0 0 -- RMS=76.776996, GCV=4.624336e-06, AIC = 5.908853
  Model addition step   2: Added term 1 0 0 1 0 0 -- RMS=59.459233, GCV=2.774106e-06, AIC = 5.397657
  Model addition step   3: Added term 0 1 0 0 0 0 -- RMS=52.392602, GCV=2.154377e-06, AIC = 5.144638
  Model addition step   4: Added term 0 0 0 0 0 0 -- RMS=46.377234, GCV=1.688453e-06, AIC = 4.900757
  Model addition step   5: Added term 1 0 1 2 0 0 -- RMS=43.092562, GCV=1.458079e-06, AIC = 4.753872
  Model addition step   6: Added term 0 0 0 0 2 0 -- RMS=39.767376, GCV=1.242018e-06, AIC = 4.593297
  Model addition step   7: Added term 1 0 1 1 1 0 -- RMS=36.324719, GCV=1.036516e-06, AIC = 4.412232
  Model addition step   8: Added term 0 0 0 3 0 1 -- RMS=33.508818, GCV=8.822404e-07, AIC = 4.250885
  Model addition step   9: Added term 1 0 0 0 0 0 -- RMS=31.157075, GCV=7.629209e-07, AIC = 4.105382
  Model addition step  10: Added term 0 0 2 2 0 0 -- RMS=28.319614, GCV=6.304320e-07, AIC = 3.914441
  Model addition step  11: Added term 0 0 1 1 1 0 -- RMS=26.878577, GCV=5.680330e-07, AIC = 3.810022
  Model addition step  12: Added term 1 0 0 0 1 1 -- RMS=25.646948, GCV=5.172849e-07, AIC = 3.716245
  Model addition step  13: Added term 0 0 1 2 0 1 -- RMS=22.111905, GCV=3.845991e-07, AIC = 3.419660
  Model addition step  14: Added term 0 0 0 1 1 1 -- RMS=20.725185, GCV=3.379483e-07, AIC = 3.290159
  Model addition step  15: Added term 0 0 0 2 0 2 -- RMS=19.346974, GCV=2.945621e-07, AIC = 3.152563
  Model addition step  16: Added term 0 1 0 2 0 0 -- RMS=18.359725, GCV=2.653265e-07, AIC = 3.047842
  Model addition step  17: Added term 0 0 0 0 0 1 -- RMS=17.418083, GCV=2.388617e-07, AIC = 2.942573
  Model addition step  18: Added term 1 0 2 1 0 0 -- RMS=16.679189, GCV=2.190752e-07, AIC = 2.855911
  Model addition step  19: Added term 0 0 0 1 0 1 -- RMS=16.127564, GCV=2.048700e-07, AIC = 2.788679
  Model addition step  20: Added term 1 0 1 0 0 1 -- RMS=15.642191, GCV=1.927674e-07, AIC = 2.727595
  Model addition step  21: Added term 1 0 0 1 0 1 -- RMS=14.991101, GCV=1.770937e-07, AIC = 2.642597
  Model addition step  22: Added term 2 2 0 0 0 0 -- RMS=14.520880, GCV=1.661956e-07, AIC = 2.578891
Change in error: 0.028722. No more terms added.
   23 polynomial terms were written for trapscap7
trapscap8
  RMS fit error of the full model is: 1.612231 mm
  maximum moment arm: 146.471767 mm
  maximum error allowed: 14.647177 mm
  Model addition step   1: Added term 0 0 0 1 0 0 -- RMS=79.349489, GCV=4.939414e-06, AIC = 5.974767
  Model addition step   2: Added term 1 0 0 1 0 0 -- RMS=62.400843, GCV=3.055381e-06, AIC = 5.494233
  Model addition step   3: Added term 0 1 0 0 0 0 -- RMS=49.170574, GCV=1.897546e-06, AIC = 5.017698
  Model addition step   4: Added term 0 0 0 0 0 0 -- RMS=42.726132, GCV=1.433067e-06, AIC = 4.736761
  Model addition step   5: Added term 0 0 0 0 2 0 -- RMS=39.156604, GCV=1.203889e-06, AIC = 4.562309
  Model addition step   6: Added term 1 0 0 2 0 0 -- RMS=36.238773, GCV=1.031385e-06, AIC = 4.407463
  Model addition step   7: Added term 0 0 1 1 1 0 -- RMS=34.347477, GCV=9.267466e-07, AIC = 4.300292
  Model addition step   8: Added term 0 0 2 2 0 0 -- RMS=32.363754, GCV=8.229748e-07, AIC = 4.181346
  Model addition step   9: Added term 0 0 1 0 0 0 -- RMS=30.665543, GCV=7.390392e-07, AIC = 4.073579
  Model addition step  10: Added term 0 0 0 0 1 0 -- RMS=27.333188, GCV=5.872785e-07, AIC = 3.843535
  Model addition step  11: Added term 1 0 0 0 0 0 -- RMS=25.653273, GCV=5.174240e-07, AIC = 3.716706
  Model addition step  12: Added term 0 0 0 0 0 3 -- RMS=23.910040, GCV=4.495925e-07, AIC = 3.575992
  Model addition step  13: Added term 0 0 1 2 0 1 -- RMS=22.817996, GCV=4.095537e-07, AIC = 3.482526
  Model addition step  14: Added term 0 0 2 1 0 0 -- RMS=21.822693, GCV=3.746882e-07, AIC = 3.393360
  Model addition step  15: Added term 0 0 0 2 1 1 -- RMS=21.028953, GCV=3.480055e-07, AIC = 3.319292
  Model addition step  16: Added term 0 0 0 0 0 1 -- RMS=16.938453, GCV=2.258374e-07, AIC = 2.886696
  Model addition step  17: Added term 0 0 0 0 1 1 -- RMS=16.025969, GCV=2.022062e-07, AIC = 2.775976
  Model addition step  18: Added term 0 0 1 1 0 1 -- RMS=13.665408, GCV=1.470580e-07, AIC = 2.457323
  Model addition step  19: Added term 0 0 1 0 1 0 -- RMS=11.586616, GCV=1.057436e-07, AIC = 2.127321
  Model addition step  20: Added term 2 1 0 0 0 1 -- RMS=10.939006, GCV=9.427448e-08, AIC = 2.012321
  Model addition step  21: Added term 2 2 0 0 0 0 -- RMS=10.280716, GCV=8.328806e-08, AIC = 1.888223
  Model addition step  22: Added term 1 1 1 1 0 0 -- RMS=9.754908, GCV=7.500321e-08, AIC = 1.783256
  Model addition step  23: Added term 0 0 0 0 2 2 -- RMS=9.381561, GCV=6.938751e-08, AIC = 1.705240
  Model addition step  24: Added term 0 0 0 3 1 0 -- RMS=8.999407, GCV=6.386405e-08, AIC = 1.622097
  Model addition step  25: Added term 2 1 0 0 0 0 -- RMS=8.596529, GCV=5.828710e-08, AIC = 1.530528
  Model addition step  26: Added term 1 1 0 1 1 0 -- RMS=7.834035, GCV=4.841666e-08, AIC = 1.344799
  Model addition step  27: Added term 0 0 0 2 0 2 -- RMS=7.483057, GCV=4.418548e-08, AIC = 1.253158
  Model addition step  28: Added term 0 0 0 2 0 0 -- RMS=7.207520, GCV=4.100066e-08, AIC = 1.178157
Change in error: 0.025425. No more terms added.
   29 polynomial terms were written for trapscap8
trapscap9
  RMS fit error of the full model is: 1.460799 mm
  maximum moment arm: 145.523323 mm
  maximum error allowed: 14.552332 mm
  Model addition step   1: Added term 0 0 0 0 0 0 -- RMS=84.177319, GCV=5.558752e-06, AIC = 6.092894
  Model addition step   2: Added term 0 1 0 0 0 0 -- RMS=71.890785, GCV=4.055374e-06, AIC = 5.777371
  Model addition step   3: Added term 1 0 0 0 0 0 -- RMS=58.021716, GCV=2.642183e-06, AIC = 5.348742
  Model addition step   4: Added term 0 0 0 3 0 0 -- RMS=49.809093, GCV=1.947585e-06, AIC = 5.043534
  Model addition step   5: Added term 0 0 0 0 0 1 -- RMS=44.620153, GCV=1.563287e-06, AIC = 4.823543
  Model addition step   6: Added term 0 0 1 0 0 0 -- RMS=41.133422, GCV=1.328812e-06, AIC = 4.660845
  Model addition step   7: Added term 0 0 1 0 2 0 -- RMS=38.104055, GCV=1.140548e-06, AIC = 4.507877
  Model addition step   8: Added term 0 0 0 1 0 1 -- RMS=36.019887, GCV=1.019421e-06, AIC = 4.395410
  Model addition step   9: Added term 0 0 1 1 0 0 -- RMS=34.450922, GCV=9.327556e-07, AIC = 4.306371
  Model addition step  10: Added term 0 0 0 0 4 0 -- RMS=33.284618, GCV=8.708648e-07, AIC = 4.237522
  Model addition step  11: Added term 0 0 0 0 1 0 -- RMS=31.282989, GCV=7.694449e-07, AIC = 4.113512
  Model addition step  12: Added term 0 0 0 1 1 0 -- RMS=28.744639, GCV=6.497887e-07, AIC = 3.944298
  Model addition step  13: Added term 0 0 1 0 3 0 -- RMS=27.548642, GCV=5.969752e-07, AIC = 3.859334
  Model addition step  14: Added term 1 0 0 3 0 0 -- RMS=26.504154, GCV=5.526896e-07, AIC = 3.782062
  Model addition step  15: Added term 0 0 2 1 0 0 -- RMS=25.585102, GCV=5.151399e-07, AIC = 3.711512
  Model addition step  16: Added term 0 0 2 1 1 0 -- RMS=22.755807, GCV=4.075987e-07, AIC = 3.477164
  Model addition step  17: Added term 0 0 0 0 2 0 -- RMS=21.700362, GCV=3.707488e-07, AIC = 3.382213
  Model addition step  18: Added term 0 0 1 0 1 0 -- RMS=18.711997, GCV=2.757298e-07, AIC = 3.085917
  Model addition step  19: Added term 0 0 1 2 1 0 -- RMS=17.818072, GCV=2.500704e-07, AIC = 2.988046
  Model addition step  20: Added term 0 0 0 0 2 1 -- RMS=17.096546, GCV=2.302794e-07, AIC = 2.905404
  Model addition step  21: Added term 0 1 0 0 0 1 -- RMS=16.547326, GCV=2.157703e-07, AIC = 2.840133
Change in error: 0.025038. No more terms added.
   22 polynomial terms were written for trapscap9
trapscap10
  RMS fit error of the full model is: 1.240842 mm
  maximum moment arm: 160.321460 mm
  maximum error allowed: 16.032146 mm
  Model addition step   1: Added term 0 0 0 0 0 0 -- RMS=94.050068, GCV=6.939135e-06, AIC = 6.314698
  Model addition step   2: Added term 0 1 0 0 0 0 -- RMS=80.420254, GCV=5.074758e-06, AIC = 6.001607
  Model addition step   3: Added term 1 0 0 0 0 0 -- RMS=67.532832, GCV=3.579412e-06, AIC = 5.652335
  Model addition step   4: Added term 0 0 0 0 0 1 -- RMS=59.535033, GCV=2.782431e-06, AIC = 5.400269
  Model addition step   5: Added term 0 0 0 3 0 0 -- RMS=50.634811, GCV=2.013144e-06, AIC = 5.076450
  Model addition step   6: Added term 0 0 1 0 0 0 -- RMS=44.278370, GCV=1.539775e-06, AIC = 4.808196
  Model addition step   7: Added term 0 0 0 0 1 0 -- RMS=38.836469, GCV=1.184816e-06, AIC = 4.545955
  Model addition step   8: Added term 0 0 0 0 2 0 -- RMS=35.697083, GCV=1.001231e-06, AIC = 4.377405
  Model addition step   9: Added term 0 0 1 0 1 0 -- RMS=32.065447, GCV=8.080546e-07, AIC = 4.162857
  Model addition step  10: Added term 0 0 2 0 0 0 -- RMS=24.632472, GCV=4.769574e-07, AIC = 3.635462
  Model addition step  11: Added term 0 0 0 2 0 1 -- RMS=22.295416, GCV=3.908338e-07, AIC = 3.436126
  Model addition step  12: Added term 1 0 0 3 0 0 -- RMS=20.775031, GCV=3.394234e-07, AIC = 3.294899
  Model addition step  13: Added term 0 0 2 2 0 0 -- RMS=19.834193, GCV=3.094461e-07, AIC = 3.202242
  Model addition step  14: Added term 1 0 0 0 1 1 -- RMS=19.198197, GCV=2.899842e-07, AIC = 3.137092
  Model addition step  15: Added term 0 0 1 1 0 1 -- RMS=16.549911, GCV=2.155471e-07, AIC = 2.840253
  Model addition step  16: Added term 0 0 0 0 1 1 -- RMS=14.694839, GCV=1.699722e-07, AIC = 2.602516
  Model addition step  17: Added term 1 1 0 2 0 0 -- RMS=13.395298, GCV=1.412702e-07, AIC = 2.417363
  Model addition step  18: Added term 3 0 0 0 0 1 -- RMS=12.774080, GCV=1.284999e-07, AIC = 2.322424
  Model addition step  19: Added term 1 0 1 0 0 1 -- RMS=12.001514, GCV=1.134522e-07, AIC = 2.197685
  Model addition step  20: Added term 1 0 1 1 0 0 -- RMS=11.555676, GCV=1.052032e-07, AIC = 2.122005
  Model addition step  21: Added term 1 0 0 0 1 0 -- RMS=10.304091, GCV=8.366721e-08, AIC = 1.892765
  Model addition step  22: Added term 3 0 0 0 0 0 -- RMS=9.889107, GCV=7.708106e-08, AIC = 1.810583
  Model addition step  23: Added term 2 0 1 0 0 0 -- RMS=9.490458, GCV=7.100770e-08, AIC = 1.728321
  Model addition step  24: Added term 0 0 0 0 2 2 -- RMS=9.184781, GCV=6.652215e-08, AIC = 1.662875
Change in error: 0.016899. No more terms added.
   25 polynomial terms were written for trapscap10
trapscap11
  RMS fit error of the full model is: 1.128888 mm
  maximum moment arm: 174.290825 mm
  maximum error allowed: 17.429082 mm
  Model addition step   1: Added term 0 0 0 0 0 0 -- RMS=104.969965, GCV=8.644050e-06, AIC = 6.534392
  Model addition step   2: Added term 0 1 0 0 0 0 -- RMS=90.208301, GCV=6.385244e-06, AIC = 6.231318
  Model addition step   3: Added term 1 0 0 0 0 0 -- RMS=77.778267, GCV=4.747865e-06, AIC = 5.934831
  Model addition step   4: Added term 0 0 0 0 0 1 -- RMS=66.755319, GCV=3.498251e-06, AIC = 5.629207
  Model addition step   5: Added term 0 0 0 3 0 0 -- RMS=57.948257, GCV=2.636679e-06, AIC = 5.346272
  Model addition step   6: Added term 0 0 1 0 0 0 -- RMS=48.018273, GCV=1.810869e-06, AIC = 4.970367
  Model addition step   7: Added term 0 0 0 0 1 0 -- RMS=38.558501, GCV=1.167916e-06, AIC = 4.531588
  Model addition step   8: Added term 0 0 0 0 2 0 -- RMS=35.268458, GCV=9.773310e-07, AIC = 4.353245
  Model addition step   9: Added term 0 0 1 0 1 0 -- RMS=31.871810, GCV=7.983248e-07, AIC = 4.150743
  Model addition step  10: Added term 0 0 2 0 0 0 -- RMS=25.333109, GCV=5.044760e-07, AIC = 3.691556
  Model addition step  11: Added term 0 0 0 2 0 1 -- RMS=23.611785, GCV=4.383476e-07, AIC = 3.550855
  Model addition step  12: Added term 1 0 0 3 0 0 -- RMS=21.981161, GCV=3.799791e-07, AIC = 3.407767
  Model addition step  13: Added term 1 0 0 2 1 0 -- RMS=20.870423, GCV=3.426245e-07, AIC = 3.304093
  Model addition step  14: Added term 0 1 0 1 0 0 -- RMS=19.876637, GCV=3.108416e-07, AIC = 3.206549
  Model addition step  15: Added term 0 0 0 0 1 1 -- RMS=19.178012, GCV=2.894396e-07, AIC = 3.135020
  Model addition step  16: Added term 0 0 1 0 0 1 -- RMS=14.037427, GCV=1.551041e-07, AIC = 2.510978
  Model addition step  17: Added term 1 0 1 1 0 0 -- RMS=13.039277, GCV=1.338606e-07, AIC = 2.363488
  Model addition step  18: Added term 3 0 0 0 0 0 -- RMS=11.964386, GCV=1.127260e-07, AIC = 2.191456
  Model addition step  19: Added term 1 0 0 0 1 0 -- RMS=11.273791, GCV=1.001108e-07, AIC = 2.072581
  Model addition step  20: Added term 1 0 1 2 0 0 -- RMS=10.415186, GCV=8.546188e-08, AIC = 1.914181
  Model addition step  21: Added term 1 0 0 0 0 3 -- RMS=9.954469, GCV=7.808582e-08, AIC = 1.823727
  Model addition step  22: Added term 1 1 0 0 0 0 -- RMS=9.491089, GCV=7.100119e-08, AIC = 1.728422
Change in error: 0.028410. No more terms added.
   23 polynomial terms were written for trapscap11
trapclav1
  RMS fit error of the full model is: 107.047295 mm
  maximum moment arm: 79.938921 mm
  maximum error allowed: 7.993892 mm
  Model addition step   1: Added term 0 0 0 -- RMS=51.592683, GCV=1.193233e-06, AIC = 4.554211
  Model addition step   2: Added term 0 1 0 -- RMS=36.844574, GCV=6.086863e-07, AIC = 3.880924
  Model addition step   3: Added term 1 0 0 -- RMS=9.273204, GCV=3.856589e-08, AIC = 1.121821
  Model addition step   4: Added term 1 1 0 -- RMS=8.852884, GCV=3.515691e-08, AIC = 1.029106
Change in error: 0.007918. No more terms added.
   5 polynomial terms were written for trapclav1
trapclav2
  RMS fit error of the full model is: 104.332843 mm
  maximum moment arm: 95.366242 mm
  maximum error allowed: 9.536624 mm
  Model addition step   1: Added term 0 0 0 -- RMS=58.825529, GCV=1.551246e-06, AIC = 4.816603
  Model addition step   2: Added term 1 0 0 -- RMS=41.587845, GCV=7.754955e-07, AIC = 4.123123
  Model addition step   3: Added term 0 1 0 -- RMS=12.589908, GCV=7.108678e-08, AIC = 1.733354
  Model addition step   4: Added term 2 1 0 -- RMS=12.098995, GCV=6.566588e-08, AIC = 1.653864
Change in error: 0.014562. No more terms added.
   5 polynomial terms were written for trapclav2
levscap1
  RMS fit error of the full model is: 0.723336 mm
  maximum moment arm: 116.164303 mm
  maximum error allowed: 11.616430 mm
  Model addition step   1: Added term 0 0 0 0 0 0 -- RMS=75.318019, GCV=4.450255e-06, AIC = 5.870482
  Model addition step   2: Added term 0 0 1 1 0 0 -- RMS=64.725111, GCV=3.287230e-06, AIC = 5.567374
  Model addition step   3: Added term 0 1 0 0 0 0 -- RMS=52.810941, GCV=2.188919e-06, AIC = 5.160544
  Model addition step   4: Added term 0 0 0 0 1 0 -- RMS=43.069676, GCV=1.456205e-06, AIC = 4.752778
  Model addition step   5: Added term 0 0 0 0 0 1 -- RMS=32.882903, GCV=8.490179e-07, AIC = 4.213077
  Model addition step   6: Added term 0 0 0 1 0 0 -- RMS=29.016700, GCV=6.612565e-07, AIC = 3.962946
  Model addition step   7: Added term 1 0 0 3 0 0 -- RMS=25.178769, GCV=4.980126e-07, AIC = 3.679238
  Model addition step   8: Added term 0 0 1 0 0 0 -- RMS=21.647002, GCV=3.681834e-07, AIC = 3.377001
  Model addition step   9: Added term 4 0 0 0 0 0 -- RMS=18.483059, GCV=2.684812e-07, AIC = 3.061008
  Model addition step  10: Added term 1 0 0 1 0 0 -- RMS=16.771044, GCV=2.210975e-07, AIC = 2.866639
  Model addition step  11: Added term 0 0 0 1 0 1 -- RMS=15.139589, GCV=1.802143e-07, AIC = 2.661990
  Model addition step  12: Added term 0 0 1 0 3 0 -- RMS=13.674463, GCV=1.470547e-07, AIC = 2.458456
  Model addition step  13: Added term 1 1 0 2 0 0 -- RMS=12.630166, GCV=1.254799e-07, AIC = 2.299604
  Model addition step  14: Added term 0 0 0 1 1 0 -- RMS=11.737064, GCV=1.083858e-07, AIC = 2.152963
  Model addition step  15: Added term 3 0 0 0 0 0 -- RMS=11.086069, GCV=9.671771e-08, AIC = 2.038870
  Model addition step  16: Added term 0 0 2 2 0 0 -- RMS=10.426717, GCV=8.557433e-08, AIC = 1.916266
  Model addition step  17: Added term 0 0 1 0 1 0 -- RMS=9.725255, GCV=7.446425e-08, AIC = 1.777008
  Model addition step  18: Added term 1 0 0 0 2 0 -- RMS=8.915583, GCV=6.259547e-08, AIC = 1.603189
  Model addition step  19: Added term 0 0 0 2 0 2 -- RMS=8.348348, GCV=5.489616e-08, AIC = 1.471747
  Model addition step  20: Added term 0 0 1 0 0 1 -- RMS=7.495344, GCV=4.426103e-08, AIC = 1.256215
  Model addition step  21: Added term 0 0 2 1 0 0 -- RMS=7.062462, GCV=3.930503e-08, AIC = 1.137271
  Model addition step  22: Added term 0 0 0 0 3 0 -- RMS=6.621485, GCV=3.455766e-08, AIC = 1.008355
Change in error: 0.024802. No more terms added.
   23 polynomial terms were written for levscap1
levscap2
  RMS fit error of the full model is: 0.736361 mm
  maximum moment arm: 110.316976 mm
  maximum error allowed: 11.031698 mm
  Model addition step   1: Added term 0 0 0 0 0 0 -- RMS=78.166186, GCV=4.793194e-06, AIC = 5.944718
  Model addition step   2: Added term 0 0 1 1 0 0 -- RMS=67.771070, GCV=3.603904e-06, AIC = 5.659346
  Model addition step   3: Added term 0 1 0 0 0 0 -- RMS=57.455582, GCV=2.590874e-06, AIC = 5.329132
  Model addition step   4: Added term 0 0 0 0 0 1 -- RMS=45.497378, GCV=1.624995e-06, AIC = 4.862449
  Model addition step   5: Added term 0 0 0 1 1 0 -- RMS=34.913702, GCV=9.571244e-07, AIC = 4.332930
  Model addition step   6: Added term 1 0 0 0 0 0 -- RMS=26.785682, GCV=5.634811e-07, AIC = 3.802938
  Model addition step   7: Added term 0 0 0 1 0 0 -- RMS=21.801188, GCV=3.733633e-07, AIC = 3.391164
  Model addition step   8: Added term 2 0 0 0 0 0 -- RMS=19.461842, GCV=2.976025e-07, AIC = 3.164179
  Model addition step   9: Added term 0 0 0 0 1 0 -- RMS=17.409583, GCV=2.382006e-07, AIC = 2.941341
  Model addition step  10: Added term 0 0 1 0 0 0 -- RMS=12.644069, GCV=1.256716e-07, AIC = 2.301708
  Model addition step  11: Added term 0 0 1 0 3 0 -- RMS=10.503713, GCV=8.674546e-08, AIC = 1.930821
  Model addition step  12: Added term 0 0 0 3 0 1 -- RMS=9.710710, GCV=7.415842e-08, AIC = 1.773854
  Model addition step  13: Added term 0 0 2 2 0 0 -- RMS=8.914378, GCV=6.250835e-08, AIC = 1.602758
  Model addition step  14: Added term 0 0 1 0 1 0 -- RMS=8.336206, GCV=5.467518e-08, AIC = 1.468676
  Model addition step  15: Added term 2 0 0 1 0 0 -- RMS=7.830134, GCV=4.824910e-08, AIC = 1.343451
  Model addition step  16: Added term 1 1 0 2 0 0 -- RMS=7.148763, GCV=4.022631e-08, AIC = 1.161402
  Model addition step  17: Added term 0 1 0 2 0 1 -- RMS=6.714055, GCV=3.549079e-08, AIC = 1.035962
  Model addition step  18: Added term 0 0 0 0 2 1 -- RMS=6.344935, GCV=3.170281e-08, AIC = 0.922901
  Model addition step  19: Added term 0 0 0 2 0 0 -- RMS=6.101525, GCV=2.932363e-08, AIC = 0.844697
  Model addition step  20: Added term 0 0 0 0 3 0 -- RMS=5.864242, GCV=2.709332e-08, AIC = 0.765398
  Model addition step  21: Added term 0 0 0 0 2 0 -- RMS=5.634414, GCV=2.501690e-08, AIC = 0.685470
  Model addition step  22: Added term 0 0 1 1 2 0 -- RMS=5.178602, GCV=2.113774e-08, AIC = 0.516786
  Model addition step  23: Added term 0 0 2 0 1 0 -- RMS=4.891816, GCV=1.886563e-08, AIC = 0.402875
  Model addition step  24: Added term 2 0 0 0 2 0 -- RMS=4.598990, GCV=1.667837e-08, AIC = 0.279453
  Model addition step  25: Added term 0 0 1 3 0 0 -- RMS=4.384503, GCV=1.516237e-08, AIC = 0.183964
  Model addition step  26: Added term 0 0 0 1 2 0 -- RMS=4.185826, GCV=1.382249e-08, AIC = 0.091252
  Model addition step  27: Added term 0 2 0 2 0 0 -- RMS=3.988477, GCV=1.255265e-08, AIC = -0.005306
  Model addition step  28: Added term 2 0 0 2 0 0 -- RMS=3.839825, GCV=1.163702e-08, AIC = -0.081239
  Model addition step  29: Added term 0 0 3 0 0 0 -- RMS=3.683125, GCV=1.070902e-08, AIC = -0.164537
  Model addition step  30: Added term 0 1 0 0 1 0 -- RMS=3.556066, GCV=9.985136e-09, AIC = -0.234719
Change in error: 0.026917. No more terms added.
   31 polynomial terms were written for levscap2
pectmin1
  RMS fit error of the full model is: 0.486706 mm
  maximum moment arm: 68.905246 mm
  maximum error allowed: 6.890525 mm
  Model addition step   1: Added term 0 0 0 0 0 0 -- RMS=40.018907, GCV=1.256370e-06, AIC = 4.605747
  Model addition step   2: Added term 0 1 0 0 0 0 -- RMS=31.774693, GCV=7.922226e-07, AIC = 4.144416
  Model addition step   3: Added term 1 0 0 1 0 0 -- RMS=20.825018, GCV=3.403710e-07, AIC = 3.299417
  Model addition step   4: Added term 0 0 1 1 0 0 -- RMS=18.561009, GCV=2.704471e-07, AIC = 3.069265
  Model addition step   5: Added term 1 0 0 1 0 1 -- RMS=16.022493, GCV=2.015750e-07, AIC = 2.775158
  Model addition step   6: Added term 1 0 0 0 0 0 -- RMS=15.201235, GCV=1.814812e-07, AIC = 2.669957
  Model addition step   7: Added term 0 0 0 2 0 2 -- RMS=13.965913, GCV=1.532181e-07, AIC = 2.500474
  Model addition step   8: Added term 0 0 0 4 0 0 -- RMS=12.917569, GCV=1.311083e-07, AIC = 2.344444
  Model addition step   9: Added term 1 0 1 1 0 1 -- RMS=12.037797, GCV=1.138833e-07, AIC = 2.203402
  Model addition step  10: Added term 0 0 1 2 1 0 -- RMS=11.313237, GCV=1.006091e-07, AIC = 2.079278
  Model addition step  11: Added term 0 1 1 0 0 0 -- RMS=10.851475, GCV=9.258456e-08, AIC = 1.995965
  Model addition step  12: Added term 0 1 0 2 1 0 -- RMS=10.406879, GCV=8.517251e-08, AIC = 1.912329
Change in error: 0.022554. No more terms added.
   13 polynomial terms were written for pectmin1
pectmin2
  RMS fit error of the full model is: 0.671093 mm
  maximum moment arm: 94.282399 mm
  maximum error allowed: 9.428240 mm
  Model addition step   1: Added term 0 0 0 0 0 0 -- RMS=51.762450, GCV=2.101923e-06, AIC = 5.120373
  Model addition step   2: Added term 0 1 0 0 0 0 -- RMS=40.650804, GCV=1.296650e-06, AIC = 4.637112
  Model addition step   3: Added term 1 0 0 0 0 0 -- RMS=26.536884, GCV=5.526901e-07, AIC = 3.784178
  Model addition step   4: Added term 0 0 1 0 0 0 -- RMS=24.115041, GCV=4.565152e-07, AIC = 3.592811
  Model addition step   5: Added term 0 0 0 3 0 0 -- RMS=22.036045, GCV=3.812798e-07, AIC = 3.412530
  Model addition step   6: Added term 0 0 0 0 1 0 -- RMS=19.934220, GCV=3.120847e-07, AIC = 3.212079
  Model addition step   7: Added term 0 1 1 0 0 0 -- RMS=18.778933, GCV=2.770213e-07, AIC = 3.092707
  Model addition step   8: Added term 1 1 0 1 0 1 -- RMS=17.397339, GCV=2.378123e-07, AIC = 2.939902
  Model addition step   9: Added term 0 0 0 3 0 1 -- RMS=16.142690, GCV=2.047943e-07, AIC = 2.790234
  Model addition step  10: Added term 0 1 0 2 0 0 -- RMS=15.560003, GCV=1.903193e-07, AIC = 2.716739
  Model addition step  11: Added term 0 0 0 2 0 2 -- RMS=14.964265, GCV=1.760645e-07, AIC = 2.638693
  Model addition step  12: Added term 0 1 0 0 1 0 -- RMS=14.319656, GCV=1.612589e-07, AIC = 2.550662
  Model addition step  13: Added term 0 0 0 1 1 1 -- RMS=13.824035, GCV=1.503230e-07, AIC = 2.480245
  Model addition step  14: Added term 0 0 0 0 2 0 -- RMS=12.775192, GCV=1.284069e-07, AIC = 2.322470
  Model addition step  15: Added term 0 0 0 0 0 1 -- RMS=12.200088, GCV=1.171323e-07, AIC = 2.230378
Change in error: 0.026737. No more terms added.
   16 polynomial terms were written for pectmin2
pectmin3
  RMS fit error of the full model is: 0.858160 mm
  maximum moment arm: 108.539726 mm
  maximum error allowed: 10.853973 mm
  Model addition step   1: Added term 1 0 0 0 0 0 -- RMS=54.564194, GCV=2.335622e-06, AIC = 5.225799
  Model addition step   2: Added term 0 1 0 0 0 0 -- RMS=41.577696, GCV=1.356455e-06, AIC = 4.682203
  Model addition step   3: Added term 0 0 0 0 0 0 -- RMS=31.773230, GCV=7.923272e-07, AIC = 4.144355
  Model addition step   4: Added term 0 0 0 0 1 0 -- RMS=29.511024, GCV=6.836719e-07, AIC = 3.996667
  Model addition step   5: Added term 0 0 1 0 0 1 -- RMS=27.171973, GCV=5.797208e-07, AIC = 3.831543
  Model addition step   6: Added term 0 0 0 0 1 1 -- RMS=25.382277, GCV=5.059820e-07, AIC = 3.695306
  Model addition step   7: Added term 1 0 0 2 0 0 -- RMS=23.841142, GCV=4.465041e-07, AIC = 3.570061
  Model addition step   8: Added term 0 0 1 2 0 0 -- RMS=21.394415, GCV=3.596413e-07, AIC = 3.353527
  Model addition step   9: Added term 0 0 2 0 0 0 -- RMS=20.038089, GCV=3.155577e-07, AIC = 3.222569
  Model addition step  10: Added term 1 0 0 1 0 2 -- RMS=18.076606, GCV=2.568605e-07, AIC = 3.016569
  Model addition step  11: Added term 1 1 0 2 0 0 -- RMS=17.014994, GCV=2.276274e-07, AIC = 2.895553
  Model addition step  12: Added term 0 1 1 0 0 0 -- RMS=16.403063, GCV=2.115964e-07, AIC = 2.822332
  Model addition step  13: Added term 0 1 0 1 1 0 -- RMS=15.472042, GCV=1.883004e-07, AIC = 2.705497
  Model addition step  14: Added term 0 0 0 1 0 1 -- RMS=14.723015, GCV=1.705481e-07, AIC = 2.606283
Change in error: 0.029505. No more terms added.
   15 polynomial terms were written for pectmin3
pectmin4
  RMS fit error of the full model is: 1.086616 mm
  maximum moment arm: 120.218976 mm
  maximum error allowed: 12.021898 mm
  Model addition step   1: Added term 1 0 0 0 0 0 -- RMS=60.084837, GCV=2.832154e-06, AIC = 5.418558
  Model addition step   2: Added term 0 1 0 0 0 0 -- RMS=45.273560, GCV=1.608325e-06, AIC = 4.852522
  Model addition step   3: Added term 0 0 0 0 0 0 -- RMS=30.507953, GCV=7.304794e-07, AIC = 4.063082
  Model addition step   4: Added term 0 1 1 0 0 0 -- RMS=29.038441, GCV=6.619509e-07, AIC = 3.964380
  Model addition step   5: Added term 0 1 0 0 1 0 -- RMS=27.839573, GCV=6.085576e-07, AIC = 3.880088
  Model addition step   6: Added term 1 1 0 2 0 0 -- RMS=26.595503, GCV=5.555080e-07, AIC = 3.788688
  Model addition step   7: Added term 0 0 0 3 0 1 -- RMS=25.664254, GCV=5.174026e-07, AIC = 3.717434
  Model addition step   8: Added term 0 0 0 2 0 2 -- RMS=24.252543, GCV=4.621504e-07, AIC = 3.604310
  Model addition step   9: Added term 0 0 1 1 0 1 -- RMS=22.682088, GCV=4.043265e-07, AIC = 3.470450
  Model addition step  10: Added term 0 0 2 0 0 0 -- RMS=21.317344, GCV=3.572151e-07, AIC = 3.346373
Change in error: 0.019591. No more terms added.
   11 polynomial terms were written for pectmin4
rhomboid1
  RMS fit error of the full model is: 1.006327 mm
  maximum moment arm: 123.590113 mm
  maximum error allowed: 12.359011 mm
  Model addition step   1: Added term 0 0 0 1 0 0 -- RMS=77.971544, GCV=4.769352e-06, AIC = 5.939731
  Model addition step   2: Added term 0 0 1 0 0 0 -- RMS=65.877274, GCV=3.405303e-06, AIC = 5.602662
  Model addition step   3: Added term 1 1 0 0 0 0 -- RMS=56.570665, GCV=2.511681e-06, AIC = 5.298088
  Model addition step   4: Added term 1 0 0 2 0 0 -- RMS=44.751473, GCV=1.572150e-06, AIC = 4.829388
  Model addition step   5: Added term 0 0 0 0 1 0 -- RMS=30.026924, GCV=7.079429e-07, AIC = 4.031360
  Model addition step   6: Added term 1 0 0 0 0 1 -- RMS=25.476552, GCV=5.097476e-07, AIC = 3.702720
  Model addition step   7: Added term 0 0 0 0 0 0 -- RMS=23.419567, GCV=4.308529e-07, AIC = 3.534379
  Model addition step   8: Added term 1 0 0 0 0 0 -- RMS=19.616575, GCV=3.023536e-07, AIC = 3.180017
  Model addition step   9: Added term 0 0 0 0 2 0 -- RMS=17.927932, GCV=2.525960e-07, AIC = 3.000019
  Model addition step  10: Added term 1 0 0 2 0 1 -- RMS=16.160834, GCV=2.053010e-07, AIC = 2.792513
  Model addition step  11: Added term 0 0 0 1 2 0 -- RMS=14.912048, GCV=1.748379e-07, AIC = 2.631702
  Model addition step  12: Added term 0 0 0 1 1 0 -- RMS=14.010303, GCV=1.543667e-07, AIC = 2.506981
  Model addition step  13: Added term 0 1 0 0 0 0 -- RMS=13.045638, GCV=1.338710e-07, AIC = 2.364335
  Model addition step  14: Added term 0 0 0 2 0 2 -- RMS=12.436366, GCV=1.216859e-07, AIC = 2.268709
  Model addition step  15: Added term 0 0 0 0 1 1 -- RMS=11.197327, GCV=9.866874e-08, AIC = 2.058842
  Model addition step  16: Added term 0 0 0 0 2 1 -- RMS=10.575897, GCV=8.804055e-08, AIC = 1.944678
  Model addition step  17: Added term 3 0 0 0 0 0 -- RMS=9.924244, GCV=7.754266e-08, AIC = 1.817517
  Model addition step  18: Added term 0 0 1 0 0 2 -- RMS=9.512447, GCV=7.125705e-08, AIC = 1.732790
  Model addition step  19: Added term 0 0 0 2 0 1 -- RMS=9.134239, GCV=6.571819e-08, AIC = 1.651679
  Model addition step  20: Added term 1 0 1 0 0 0 -- RMS=8.689030, GCV=5.948137e-08, AIC = 1.551774
  Model addition step  21: Added term 0 0 0 2 0 0 -- RMS=8.399227, GCV=5.559230e-08, AIC = 1.483963
  Model addition step  22: Added term 0 0 1 3 0 0 -- RMS=7.914195, GCV=4.936817e-08, AIC = 1.365032
  Model addition step  23: Added term 1 0 0 2 1 0 -- RMS=7.574935, GCV=4.523649e-08, AIC = 1.277437
  Model addition step  24: Added term 0 0 0 1 2 1 -- RMS=7.242676, GCV=4.136441e-08, AIC = 1.187761
  Model addition step  25: Added term 1 0 0 1 0 1 -- RMS=6.915538, GCV=3.772057e-08, AIC = 1.095353
  Model addition step  26: Added term 0 0 1 1 0 1 -- RMS=6.521924, GCV=3.355640e-08, AIC = 0.978182
  Model addition step  27: Added term 0 0 0 0 0 1 -- RMS=6.054999, GCV=2.893008e-08, AIC = 0.829644
  Model addition step  28: Added term 0 0 0 0 3 0 -- RMS=5.840514, GCV=2.692286e-08, AIC = 0.757545
  Model addition step  29: Added term 1 0 1 0 2 0 -- RMS=5.659652, GCV=2.528693e-08, AIC = 0.694664
Change in error: 0.023001. No more terms added.
   30 polynomial terms were written for rhomboid1
rhomboid2
  RMS fit error of the full model is: 0.961581 mm
  maximum moment arm: 155.390526 mm
  maximum error allowed: 15.539053 mm
  Model addition step   1: Added term 0 0 0 0 0 0 -- RMS=95.759610, GCV=7.193693e-06, AIC = 6.350725
  Model addition step   2: Added term 0 0 1 1 0 0 -- RMS=80.660628, GCV=5.105140e-06, AIC = 6.007576
  Model addition step   3: Added term 1 0 0 0 0 0 -- RMS=66.320076, GCV=3.452009e-06, AIC = 5.616093
  Model addition step   4: Added term 0 0 0 0 1 0 -- RMS=52.049377, GCV=2.126720e-06, AIC = 5.131525
  Model addition step   5: Added term 1 1 0 0 0 0 -- RMS=34.470271, GCV=9.329663e-07, AIC = 4.307366
  Model addition step   6: Added term 0 0 0 3 0 1 -- RMS=28.905657, GCV=6.562052e-07, AIC = 3.955278
  Model addition step   7: Added term 0 0 0 1 0 0 -- RMS=25.980856, GCV=5.302470e-07, AIC = 3.741955
  Model addition step   8: Added term 0 0 1 0 0 0 -- RMS=21.794734, GCV=3.732260e-07, AIC = 3.390604
  Model addition step   9: Added term 0 0 0 1 1 0 -- RMS=19.683155, GCV=3.044778e-07, AIC = 3.186826
  Model addition step  10: Added term 0 0 1 0 3 0 -- RMS=17.971451, GCV=2.538808e-07, AIC = 3.004900
  Model addition step  11: Added term 1 0 0 2 0 1 -- RMS=16.807915, GCV=2.221205e-07, AIC = 2.871063
  Model addition step  12: Added term 2 0 0 0 0 0 -- RMS=16.027602, GCV=2.020205e-07, AIC = 2.776020
  Model addition step  13: Added term 2 0 0 1 0 0 -- RMS=15.263373, GCV=1.832555e-07, AIC = 2.678339
  Model addition step  14: Added term 0 0 0 2 0 2 -- RMS=14.526319, GCV=1.660216e-07, AIC = 2.579384
  Model addition step  15: Added term 0 0 0 0 1 1 -- RMS=13.253323, GCV=1.382294e-07, AIC = 2.395988
  Model addition step  16: Added term 0 0 0 0 2 1 -- RMS=12.311951, GCV=1.193169e-07, AIC = 2.248664
  Model addition step  17: Added term 1 0 0 0 0 3 -- RMS=11.456849, GCV=1.033418e-07, AIC = 2.104731
  Model addition step  18: Added term 1 0 1 0 0 0 -- RMS=10.898676, GCV=9.353860e-08, AIC = 2.004870
  Model addition step  19: Added term 0 0 2 2 0 0 -- RMS=10.417614, GCV=8.548254e-08, AIC = 1.914616
  Model addition step  20: Added term 0 0 1 0 1 0 -- RMS=10.066163, GCV=7.983003e-08, AIC = 1.846011
  Model addition step  21: Added term 0 0 0 2 0 1 -- RMS=9.746204, GCV=7.485261e-08, AIC = 1.781439
  Model addition step  22: Added term 0 0 0 1 0 1 -- RMS=8.819193, GCV=6.130433e-08, AIC = 1.581576
  Model addition step  23: Added term 0 0 0 1 2 1 -- RMS=8.300491, GCV=5.431735e-08, AIC = 1.460377
  Model addition step  24: Added term 2 0 0 0 2 0 -- RMS=7.882762, GCV=4.899880e-08, AIC = 1.357136
  Model addition step  25: Added term 0 0 1 2 0 1 -- RMS=7.432184, GCV=4.356715e-08, AIC = 1.239451
  Model addition step  26: Added term 0 0 0 0 0 1 -- RMS=6.893285, GCV=3.748663e-08, AIC = 1.088939
  Model addition step  27: Added term 0 0 0 2 0 0 -- RMS=6.224986, GCV=3.057724e-08, AIC = 0.885018
  Model addition step  28: Added term 1 0 0 1 0 1 -- RMS=5.951852, GCV=2.795911e-08, AIC = 0.795312
  Model addition step  29: Added term 0 0 2 0 1 1 -- RMS=5.741163, GCV=2.602055e-08, AIC = 0.723263
  Model addition step  30: Added term 1 0 1 2 0 0 -- RMS=5.542143, GCV=2.425324e-08, AIC = 0.652734
Change in error: 0.026178. No more terms added.
   31 polynomial terms were written for rhomboid2
rhomboid3
  RMS fit error of the full model is: 1.096522 mm
  maximum moment arm: 159.359209 mm
  maximum error allowed: 15.935921 mm
  Model addition step   1: Added term 0 0 0 0 0 0 -- RMS=97.743805, GCV=7.494896e-06, AIC = 6.391743
  Model addition step   2: Added term 0 0 1 1 0 0 -- RMS=80.781094, GCV=5.120401e-06, AIC = 6.010561
  Model addition step   3: Added term 1 0 0 0 0 0 -- RMS=67.650600, GCV=3.591907e-06, AIC = 5.655820
  Model addition step   4: Added term 0 0 0 0 1 0 -- RMS=52.459910, GCV=2.160401e-06, AIC = 5.147238
  Model addition step   5: Added term 1 1 0 0 0 0 -- RMS=34.520678, GCV=9.356969e-07, AIC = 4.310288
  Model addition step   6: Added term 0 0 0 3 0 1 -- RMS=30.248979, GCV=7.186135e-07, AIC = 4.046128
  Model addition step   7: Added term 0 0 0 1 0 0 -- RMS=27.922901, GCV=6.124807e-07, AIC = 3.886130
  Model addition step   8: Added term 0 0 1 0 0 0 -- RMS=23.537008, GCV=4.352825e-07, AIC = 3.544415
  Model addition step   9: Added term 0 0 0 1 1 0 -- RMS=21.609506, GCV=3.669913e-07, AIC = 3.373566
  Model addition step  10: Added term 0 0 1 0 3 0 -- RMS=20.173993, GCV=3.199243e-07, AIC = 3.236120
  Model addition step  11: Added term 1 0 0 2 0 1 -- RMS=18.685974, GCV=2.745317e-07, AIC = 3.082910
  Model addition step  12: Added term 2 0 0 0 0 0 -- RMS=17.523418, GCV=2.414883e-07, AIC = 2.954472
  Model addition step  13: Added term 2 0 0 1 0 0 -- RMS=16.206379, GCV=2.065988e-07, AIC = 2.798237
  Model addition step  14: Added term 0 0 0 2 0 2 -- RMS=15.307675, GCV=1.843622e-07, AIC = 2.684168
  Model addition step  15: Added term 0 0 0 0 1 1 -- RMS=13.846870, GCV=1.508878e-07, AIC = 2.483610
  Model addition step  16: Added term 0 0 0 1 2 1 -- RMS=13.126799, GCV=1.356332e-07, AIC = 2.376835
  Model addition step  17: Added term 1 0 0 0 0 2 -- RMS=12.323659, GCV=1.195708e-07, AIC = 2.250597
  Model addition step  18: Added term 2 0 0 0 1 0 -- RMS=11.501333, GCV=1.041693e-07, AIC = 2.112513
  Model addition step  19: Added term 0 0 1 2 0 1 -- RMS=10.849897, GCV=9.272399e-08, AIC = 1.995931
Change in error: 0.029537. No more terms added.
   20 polynomial terms were written for rhomboid3
rhomboid4
  RMS fit error of the full model is: 1.236808 mm
  maximum moment arm: 168.053548 mm
  maximum error allowed: 16.805355 mm
  Model addition step   1: Added term 0 0 1 1 0 0 -- RMS=101.541530, GCV=8.088622e-06, AIC = 6.467979
  Model addition step   2: Added term 0 0 0 0 0 0 -- RMS=83.814073, GCV=5.512116e-06, AIC = 6.084277
  Model addition step   3: Added term 1 0 0 0 0 0 -- RMS=67.898772, GCV=3.618309e-06, AIC = 5.663143
  Model addition step   4: Added term 0 0 0 0 1 0 -- RMS=49.348638, GCV=1.911743e-06, AIC = 5.024960
  Model addition step   5: Added term 2 1 0 0 0 0 -- RMS=36.314490, GCV=1.035467e-06, AIC = 4.411605
  Model addition step   6: Added term 0 0 0 3 0 1 -- RMS=30.657901, GCV=7.381741e-07, AIC = 4.072984
  Model addition step   7: Added term 0 0 0 1 0 0 -- RMS=28.507025, GCV=6.383739e-07, AIC = 3.927536
  Model addition step   8: Added term 0 0 1 0 0 0 -- RMS=24.004798, GCV=4.527567e-07, AIC = 3.583775
  Model addition step   9: Added term 0 0 0 1 1 0 -- RMS=22.165882, GCV=3.861323e-07, AIC = 3.424408
  Model addition step  10: Added term 1 0 0 2 0 1 -- RMS=20.653397, GCV=3.353100e-07, AIC = 3.283091
  Model addition step  11: Added term 0 0 1 0 3 0 -- RMS=19.052786, GCV=2.854158e-07, AIC = 3.121790
  Model addition step  12: Added term 0 0 0 0 2 1 -- RMS=18.252122, GCV=2.619903e-07, AIC = 3.035958
  Model addition step  13: Added term 2 0 0 0 1 0 -- RMS=17.350160, GCV=2.367897e-07, AIC = 2.934631
  Model addition step  14: Added term 3 0 0 0 0 0 -- RMS=16.357070, GCV=2.105060e-07, AIC = 2.816780
  Model addition step  15: Added term 3 0 0 1 0 0 -- RMS=15.732335, GCV=1.947768e-07, AIC = 2.738928
  Model addition step  16: Added term 2 0 0 0 0 1 -- RMS=15.166489, GCV=1.810583e-07, AIC = 2.665700
  Model addition step  17: Added term 0 0 0 0 3 1 -- RMS=14.534119, GCV=1.663119e-07, AIC = 2.580553
  Model addition step  18: Added term 1 0 0 1 0 2 -- RMS=13.205047, GCV=1.373167e-07, AIC = 2.388786
  Model addition step  19: Added term 1 0 0 0 1 1 -- RMS=12.557859, GCV=1.242144e-07, AIC = 2.288313
  Model addition step  20: Added term 0 0 0 2 0 1 -- RMS=11.949956, GCV=1.125048e-07, AIC = 2.189107
  Model addition step  21: Added term 0 0 0 0 0 1 -- RMS=11.224052, GCV=9.927396e-08, AIC = 2.063801
  Model addition step  22: Added term 1 0 1 1 0 1 -- RMS=10.729463, GCV=9.073806e-08, AIC = 1.973702
  Model addition step  23: Added term 2 0 0 0 2 0 -- RMS=10.188490, GCV=8.183719e-08, AIC = 1.870265
  Model addition step  24: Added term 1 0 0 2 1 0 -- RMS=9.868496, GCV=7.679458e-08, AIC = 1.806474
  Model addition step  25: Added term 0 0 0 1 2 1 -- RMS=9.528239, GCV=7.160635e-08, AIC = 1.736331
  Model addition step  26: Added term 0 0 0 4 0 0 -- RMS=9.210363, GCV=6.692330e-08, AIC = 1.668502
Change in error: 0.029617. No more terms added.
   27 polynomial terms were written for rhomboid4
rhomboid5
  RMS fit error of the full model is: 1.551175 mm
  maximum moment arm: 177.055971 mm
  maximum error allowed: 17.705597 mm
  Model addition step   1: Added term 0 0 1 1 0 0 -- RMS=100.888913, GCV=7.984984e-06, AIC = 6.455083
  Model addition step   2: Added term 0 0 0 0 1 0 -- RMS=85.492623, GCV=5.735110e-06, AIC = 6.123935
  Model addition step   3: Added term 0 0 0 0 0 0 -- RMS=70.276543, GCV=3.876168e-06, AIC = 5.731983
  Model addition step   4: Added term 1 0 0 0 0 0 -- RMS=47.473971, GCV=1.769254e-06, AIC = 4.947502
  Model addition step   5: Added term 3 1 0 0 0 0 -- RMS=38.116768, GCV=1.140798e-06, AIC = 4.508480
  Model addition step   6: Added term 0 0 0 3 0 1 -- RMS=32.369464, GCV=8.228960e-07, AIC = 4.181634
  Model addition step   7: Added term 0 0 2 0 1 0 -- RMS=30.944528, GCV=7.522099e-07, AIC = 4.091628
  Model addition step   8: Added term 0 0 0 1 0 0 -- RMS=29.067465, GCV=6.638700e-07, AIC = 3.966506
  Model addition step   9: Added term 0 0 1 2 0 0 -- RMS=25.599898, GCV=5.150420e-07, AIC = 3.712476
  Model addition step  10: Added term 1 0 0 2 0 1 -- RMS=23.673386, GCV=4.405390e-07, AIC = 3.556034
  Model addition step  11: Added term 1 0 0 2 1 0 -- RMS=22.672864, GCV=4.041790e-07, AIC = 3.469701
  Model addition step  12: Added term 0 0 0 0 2 1 -- RMS=21.729382, GCV=3.713241e-07, AIC = 3.384726
  Model addition step  13: Added term 3 0 0 0 0 0 -- RMS=21.018316, GCV=3.474975e-07, AIC = 3.318216
  Model addition step  14: Added term 0 0 2 1 1 0 -- RMS=20.339388, GCV=3.254836e-07, AIC = 3.252578
Change in error: 0.025051. No more terms added.
   15 polynomial terms were written for rhomboid5
serrant1
  RMS fit error of the full model is: 4.867701 mm
  maximum moment arm: 244.949485 mm
  maximum error allowed: 24.494949 mm
  Model addition step   1: Added term 1 0 0 1 0 1 -- RMS=141.445308, GCV=1.569511e-05, AIC = 7.130869
  Model addition step   2: Added term 0 0 1 0 0 0 -- RMS=128.511895, GCV=1.295899e-05, AIC = 6.939118
  Model addition step   3: Added term 0 0 0 0 0 0 -- RMS=112.713795, GCV=9.970937e-06, AIC = 6.676811
  Model addition step   4: Added term 0 0 0 0 1 0 -- RMS=93.511415, GCV=6.864493e-06, AIC = 6.303306
  Model addition step   5: Added term 0 1 0 1 0 0 -- RMS=79.910228, GCV=5.013965e-06, AIC = 5.988979
  Model addition step   6: Added term 2 0 0 0 0 0 -- RMS=65.026531, GCV=3.320895e-06, AIC = 5.576794
  Model addition step   7: Added term 0 0 0 0 0 1 -- RMS=53.503738, GCV=2.248742e-06, AIC = 5.186738
  Model addition step   8: Added term 0 0 1 3 0 0 -- RMS=47.016929, GCV=1.736910e-06, AIC = 4.928283
  Model addition step   9: Added term 0 0 0 0 4 0 -- RMS=44.958609, GCV=1.588517e-06, AIC = 4.838784
  Model addition step  10: Added term 1 0 0 0 0 0 -- RMS=42.893023, GCV=1.446228e-06, AIC = 4.744750
  Model addition step  11: Added term 0 0 1 2 1 0 -- RMS=41.288243, GCV=1.340336e-06, AIC = 4.668519
  Model addition step  12: Added term 0 2 0 1 0 0 -- RMS=39.966215, GCV=1.256159e-06, AIC = 4.603464
  Model addition step  13: Added term 1 0 1 2 0 0 -- RMS=38.735123, GCV=1.180228e-06, AIC = 4.540921
  Model addition step  14: Added term 0 0 2 2 0 0 -- RMS=37.383680, GCV=1.099556e-06, AIC = 4.469928
  Model addition step  15: Added term 0 0 0 1 2 0 -- RMS=35.880101, GCV=1.013114e-06, AIC = 4.387857
  Model addition step  16: Added term 1 0 0 2 1 0 -- RMS=34.457255, GCV=9.345654e-07, AIC = 4.306963
  Model addition step  17: Added term 1 1 0 0 0 0 -- RMS=32.831135, GCV=8.486286e-07, AIC = 4.210310
  Model addition step  18: Added term 0 1 0 0 3 0 -- RMS=31.600037, GCV=7.863548e-07, AIC = 4.133904
  Model addition step  19: Added term 0 1 1 2 0 0 -- RMS=30.006941, GCV=7.092255e-07, AIC = 4.030477
  Model addition step  20: Added term 0 1 0 1 1 0 -- RMS=28.307216, GCV=6.312956e-07, AIC = 3.913885
  Model addition step  21: Added term 0 0 1 1 0 0 -- RMS=27.040423, GCV=5.761863e-07, AIC = 3.822349
  Model addition step  22: Added term 0 0 1 0 3 0 -- RMS=25.727752, GCV=5.217197e-07, AIC = 3.722856
  Model addition step  23: Added term 0 1 0 0 2 0 -- RMS=24.590646, GCV=4.767283e-07, AIC = 3.632480
  Model addition step  24: Added term 0 0 0 3 0 1 -- RMS=23.783954, GCV=4.460636e-07, AIC = 3.565802
  Model addition step  25: Added term 0 1 0 2 0 1 -- RMS=22.875731, GCV=4.127397e-07, AIC = 3.487965
Change in error: 0.018863. No more terms added.
   26 polynomial terms were written for serrant1
serrant2
  RMS fit error of the full model is: 3.910878 mm
  maximum moment arm: 214.779745 mm
  maximum error allowed: 21.477974 mm
  Model addition step   1: Added term 1 0 0 0 0 0 -- RMS=127.606269, GCV=1.277412e-05, AIC = 6.924942
  Model addition step   2: Added term 0 0 0 0 0 1 -- RMS=107.023254, GCV=8.987539e-06, AIC = 6.573167
  Model addition step   3: Added term 0 0 1 0 0 0 -- RMS=90.169981, GCV=6.381250e-06, AIC = 6.230500
  Model addition step   4: Added term 0 0 0 0 1 0 -- RMS=72.566126, GCV=4.133777e-06, AIC = 5.796136
  Model addition step   5: Added term 0 0 0 0 0 0 -- RMS=57.663336, GCV=2.610815e-06, AIC = 5.336414
  Model addition step   6: Added term 0 1 0 1 0 0 -- RMS=44.405114, GCV=1.548602e-06, AIC = 4.813913
  Model addition step   7: Added term 0 0 1 3 0 0 -- RMS=37.108883, GCV=1.081750e-06, AIC = 4.454948
  Model addition step   8: Added term 0 0 0 0 4 0 -- RMS=35.473677, GCV=9.887378e-07, AIC = 4.364849
  Model addition step   9: Added term 0 2 0 1 0 0 -- RMS=33.966690, GCV=9.067188e-07, AIC = 4.278060
  Model addition step  10: Added term 0 1 0 2 0 0 -- RMS=32.306585, GCV=8.204378e-07, AIC = 4.177873
  Model addition step  11: Added term 0 1 0 0 2 0 -- RMS=31.154843, GCV=7.631539e-07, AIC = 4.105303
  Model addition step  12: Added term 0 0 0 1 1 0 -- RMS=30.199231, GCV=7.172164e-07, AIC = 4.043028
Change in error: 0.026392. No more terms added.
   13 polynomial terms were written for serrant2
serrant3
  RMS fit error of the full model is: 3.444346 mm
  maximum moment arm: 168.207120 mm
  maximum error allowed: 16.820712 mm
  Model addition step   1: Added term 1 0 0 0 0 0 -- RMS=99.958223, GCV=7.838342e-06, AIC = 6.436548
  Model addition step   2: Added term 0 0 0 0 0 1 -- RMS=83.906449, GCV=5.524273e-06, AIC = 6.086480
  Model addition step   3: Added term 0 0 1 0 0 0 -- RMS=73.305159, GCV=4.217459e-06, AIC = 5.816369
  Model addition step   4: Added term 0 0 0 0 0 0 -- RMS=61.408963, GCV=2.960348e-06, AIC = 5.462251
  Model addition step   5: Added term 0 0 0 0 1 0 -- RMS=43.825757, GCV=1.508118e-06, AIC = 4.787615
  Model addition step   6: Added term 0 1 0 2 0 0 -- RMS=35.575064, GCV=9.939518e-07, AIC = 4.370493
  Model addition step   7: Added term 0 0 1 3 0 0 -- RMS=29.622587, GCV=6.893143e-07, AIC = 4.004310
  Model addition step   8: Added term 0 2 0 1 0 0 -- RMS=26.981876, GCV=5.720224e-07, AIC = 3.817598
  Model addition step   9: Added term 0 0 0 0 4 0 -- RMS=25.686697, GCV=5.185405e-07, AIC = 3.719246
Change in error: 0.021361. No more terms added.
   10 polynomial terms were written for serrant3
serrant4
  RMS fit error of the full model is: 3.478900 mm
  maximum moment arm: 149.267570 mm
  maximum error allowed: 14.926757 mm
  Model addition step   1: Added term 1 0 0 0 0 0 -- RMS=86.651833, GCV=5.890371e-06, AIC = 6.150840
  Model addition step   2: Added term 0 0 0 0 0 1 -- RMS=73.160875, GCV=4.199932e-06, AIC = 5.812397
  Model addition step   3: Added term 0 0 1 0 0 0 -- RMS=65.177242, GCV=3.334063e-06, AIC = 5.581328
  Model addition step   4: Added term 0 0 0 0 0 0 -- RMS=51.144149, GCV=2.053388e-06, AIC = 5.096435
  Model addition step   5: Added term 0 0 0 0 1 0 -- RMS=35.904114, GCV=1.012197e-06, AIC = 4.388875
  Model addition step   6: Added term 0 0 1 3 0 0 -- RMS=32.067036, GCV=8.075912e-07, AIC = 4.162860
  Model addition step   7: Added term 0 1 0 3 0 0 -- RMS=28.387666, GCV=6.330394e-07, AIC = 3.919145
  Model addition step   8: Added term 0 2 0 1 0 0 -- RMS=24.445089, GCV=4.695177e-07, AIC = 3.620126
  Model addition step   9: Added term 0 0 0 0 2 0 -- RMS=23.463886, GCV=4.326792e-07, AIC = 3.538224
  Model addition step  10: Added term 0 1 0 0 0 0 -- RMS=22.460644, GCV=3.965591e-07, AIC = 3.450861
  Model addition step  11: Added term 0 1 0 0 2 0 -- RMS=21.530286, GCV=3.644690e-07, AIC = 3.366284
Change in error: 0.024300. No more terms added.
   12 polynomial terms were written for serrant4
serrant5
  RMS fit error of the full model is: 2.943185 mm
  maximum moment arm: 136.184410 mm
  maximum error allowed: 13.618441 mm
  Model addition step   1: Added term 1 0 0 0 0 0 -- RMS=76.972708, GCV=4.647942e-06, AIC = 5.913945
  Model addition step   2: Added term 0 0 0 0 0 1 -- RMS=65.663563, GCV=3.383244e-06, AIC = 5.596164
  Model addition step   3: Added term 0 0 0 0 0 0 -- RMS=56.711289, GCV=2.524183e-06, AIC = 5.303054
  Model addition step   4: Added term 0 0 1 0 0 0 -- RMS=43.216689, GCV=1.466163e-06, AIC = 4.759593
  Model addition step   5: Added term 0 0 0 0 1 0 -- RMS=32.107418, GCV=8.094450e-07, AIC = 4.165345
  Model addition step   6: Added term 0 0 1 2 0 0 -- RMS=28.552839, GCV=6.402838e-07, AIC = 3.930716
  Model addition step   7: Added term 0 2 0 2 0 0 -- RMS=26.266523, GCV=5.419716e-07, AIC = 3.763826
  Model addition step   8: Added term 0 1 0 0 0 0 -- RMS=24.678759, GCV=4.785368e-07, AIC = 3.639153
  Model addition step   9: Added term 0 1 0 3 0 0 -- RMS=21.928160, GCV=3.778945e-07, AIC = 3.402843
  Model addition step  10: Added term 0 0 0 0 2 0 -- RMS=21.025507, GCV=3.475014e-07, AIC = 3.318804
Change in error: 0.029949. No more terms added.
   11 polynomial terms were written for serrant5
serrant6
  RMS fit error of the full model is: 1.868640 mm
  maximum moment arm: 121.200235 mm
  maximum error allowed: 12.120023 mm
  Model addition step   1: Added term 0 0 0 0 0 0 -- RMS=63.967832, GCV=3.210040e-06, AIC = 5.543804
  Model addition step   2: Added term 1 0 0 1 0 1 -- RMS=53.893877, GCV=2.279100e-06, AIC = 5.201109
  Model addition step   3: Added term 0 0 1 0 0 0 -- RMS=47.137880, GCV=1.743901e-06, AIC = 4.933261
  Model addition step   4: Added term 0 1 0 0 0 0 -- RMS=40.240821, GCV=1.271197e-06, AIC = 4.616903
  Model addition step   5: Added term 2 0 0 0 0 0 -- RMS=32.169573, GCV=8.125819e-07, AIC = 4.169213
  Model addition step   6: Added term 0 0 0 0 1 0 -- RMS=27.481379, GCV=5.931315e-07, AIC = 3.854221
  Model addition step   7: Added term 2 0 1 0 0 0 -- RMS=25.536328, GCV=5.122574e-07, AIC = 3.707439
  Model addition step   8: Added term 0 0 0 2 0 0 -- RMS=23.633070, GCV=4.388428e-07, AIC = 3.552561
  Model addition step   9: Added term 2 0 0 0 1 0 -- RMS=22.029705, GCV=3.814025e-07, AIC = 3.412083
  Model addition step  10: Added term 0 0 0 0 0 1 -- RMS=19.805853, GCV=3.083548e-07, AIC = 3.199286
  Model addition step  11: Added term 0 0 0 0 2 0 -- RMS=18.549969, GCV=2.705499e-07, AIC = 3.068300
  Model addition step  12: Added term 0 0 1 2 0 0 -- RMS=17.445685, GCV=2.393506e-07, AIC = 2.945580
  Model addition step  13: Added term 0 2 0 0 0 0 -- RMS=16.497791, GCV=2.140955e-07, AIC = 2.833880
  Model addition step  14: Added term 0 1 0 3 0 0 -- RMS=15.719694, GCV=1.944203e-07, AIC = 2.737288
  Model addition step  15: Added term 1 0 0 0 0 0 -- RMS=14.987941, GCV=1.767807e-07, AIC = 2.641983
  Model addition step  16: Added term 0 1 0 1 0 1 -- RMS=14.375118, GCV=1.626564e-07, AIC = 2.558521
  Model addition step  17: Added term 0 1 1 0 0 0 -- RMS=12.947532, GCV=1.319836e-07, AIC = 2.349366
  Model addition step  18: Added term 0 1 0 0 2 0 -- RMS=12.094081, GCV=1.151832e-07, AIC = 2.213020
  Model addition step  19: Added term 1 0 1 1 0 0 -- RMS=11.376776, GCV=1.019481e-07, AIC = 2.090768
  Model addition step  20: Added term 3 0 0 0 0 1 -- RMS=10.823115, GCV=9.228751e-08, AIC = 1.991020
  Model addition step  21: Added term 0 2 0 2 0 0 -- RMS=10.255049, GCV=8.287269e-08, AIC = 1.883224
Change in error: 0.027929. No more terms added.
   22 polynomial terms were written for serrant6
serrant7
  RMS fit error of the full model is: 0.993431 mm
  maximum moment arm: 101.595182 mm
  maximum error allowed: 10.159518 mm
  Model addition step   1: Added term 0 0 0 0 0 0 -- RMS=51.813235, GCV=2.106049e-06, AIC = 5.122334
  Model addition step   2: Added term 1 0 0 1 0 0 -- RMS=42.873721, GCV=1.442337e-06, AIC = 4.743593
  Model addition step   3: Added term 0 1 0 0 0 0 -- RMS=34.549778, GCV=9.368549e-07, AIC = 4.311909
  Model addition step   4: Added term 0 0 0 1 0 1 -- RMS=26.307329, GCV=5.432912e-07, AIC = 3.766834
  Model addition step   5: Added term 1 0 1 1 0 0 -- RMS=23.775394, GCV=4.438457e-07, AIC = 3.564474
  Model addition step   6: Added term 2 0 1 0 1 0 -- RMS=22.281545, GCV=3.899102e-07, AIC = 3.434721
  Model addition step   7: Added term 1 0 2 0 0 0 -- RMS=21.422611, GCV=3.605090e-07, AIC = 3.356129
  Model addition step   8: Added term 0 0 1 3 0 0 -- RMS=20.671657, GCV=3.357526e-07, AIC = 3.284794
  Model addition step   9: Added term 1 0 0 0 0 1 -- RMS=19.584144, GCV=3.014223e-07, AIC = 3.176740
  Model addition step  10: Added term 1 0 0 3 0 0 -- RMS=18.690954, GCV=2.746164e-07, AIC = 3.083411
  Model addition step  11: Added term 0 0 0 3 0 0 -- RMS=17.576087, GCV=2.428876e-07, AIC = 2.960442
  Model addition step  12: Added term 0 0 0 0 1 0 -- RMS=16.926753, GCV=2.253231e-07, AIC = 2.885186
  Model addition step  13: Added term 0 2 0 1 0 0 -- RMS=16.321528, GCV=2.095451e-07, AIC = 2.812397
  Model addition step  14: Added term 0 1 0 2 0 1 -- RMS=15.279449, GCV=1.836829e-07, AIC = 2.680477
  Model addition step  15: Added term 0 1 1 0 0 0 -- RMS=13.789667, GCV=1.496437e-07, AIC = 2.475331
  Model addition step  16: Added term 1 0 0 0 1 0 -- RMS=12.961390, GCV=1.322366e-07, AIC = 2.351473
  Model addition step  17: Added term 2 0 0 0 0 0 -- RMS=12.089820, GCV=1.150762e-07, AIC = 2.212283
  Model addition step  18: Added term 0 0 1 0 1 0 -- RMS=10.827091, GCV=9.231386e-08, AIC = 1.991690
  Model addition step  19: Added term 0 1 0 0 1 2 -- RMS=10.198504, GCV=8.192450e-08, AIC = 1.872101
  Model addition step  20: Added term 0 1 0 3 0 0 -- RMS=9.424514, GCV=6.997716e-08, AIC = 1.714280
  Model addition step  21: Added term 0 1 0 0 1 0 -- RMS=9.063298, GCV=6.473043e-08, AIC = 1.636150
  Model addition step  22: Added term 0 1 0 0 2 0 -- RMS=8.720954, GCV=5.994618e-08, AIC = 1.559173
  Model addition step  23: Added term 0 1 0 0 0 1 -- RMS=8.276230, GCV=5.400031e-08, AIC = 1.454523
  Model addition step  24: Added term 0 1 1 2 0 0 -- RMS=7.757521, GCV=4.745419e-08, AIC = 1.325105
  Model addition step  25: Added term 0 0 0 0 2 1 -- RMS=7.456977, GCV=4.385831e-08, AIC = 1.246112
  Model addition step  26: Added term 0 0 0 3 1 0 -- RMS=7.166562, GCV=4.051777e-08, AIC = 1.166696
  Model addition step  27: Added term 0 0 0 0 2 0 -- RMS=6.829644, GCV=3.680591e-08, AIC = 1.070421
  Model addition step  28: Added term 1 0 0 1 2 0 -- RMS=6.084945, GCV=2.922351e-08, AIC = 0.839543
  Model addition step  29: Added term 0 0 1 1 0 0 -- RMS=5.756196, GCV=2.615699e-08, AIC = 0.728493
  Model addition step  30: Added term 1 0 0 2 0 0 -- RMS=5.431876, GCV=2.329775e-08, AIC = 0.612541
  Model addition step  31: Added term 0 0 0 4 0 0 -- RMS=5.176303, GCV=2.116174e-08, AIC = 0.516186
Change in error: 0.029688. No more terms added.
   32 polynomial terms were written for serrant7
serrant8
  RMS fit error of the full model is: 1.005999 mm
  maximum moment arm: 102.719600 mm
  maximum error allowed: 10.271960 mm
  Model addition step   1: Added term 0 0 0 0 0 0 -- RMS=52.378020, GCV=2.152213e-06, AIC = 5.144017
  Model addition step   2: Added term 1 0 0 1 0 0 -- RMS=41.827802, GCV=1.372823e-06, AIC = 4.694198
  Model addition step   3: Added term 0 1 0 1 0 0 -- RMS=34.841658, GCV=9.527511e-07, AIC = 4.328735
  Model addition step   4: Added term 1 0 0 0 0 1 -- RMS=29.845775, GCV=6.992700e-07, AIC = 4.019226
  Model addition step   5: Added term 0 0 0 1 0 0 -- RMS=28.194805, GCV=6.241870e-07, AIC = 3.905447
  Model addition step   6: Added term 1 0 0 0 0 0 -- RMS=25.590060, GCV=5.143000e-07, AIC = 3.711611
  Model addition step   7: Added term 0 0 0 0 2 0 -- RMS=23.978696, GCV=4.516713e-07, AIC = 3.581567
  Model addition step   8: Added term 0 1 1 0 0 0 -- RMS=22.648743, GCV=4.030482e-07, AIC = 3.467476
  Model addition step   9: Added term 0 1 0 0 1 0 -- RMS=20.184910, GCV=3.201989e-07, AIC = 3.237170
  Model addition step  10: Added term 0 1 0 0 0 1 -- RMS=18.936872, GCV=2.818903e-07, AIC = 3.109553
  Model addition step  11: Added term 0 0 0 0 1 0 -- RMS=18.083640, GCV=2.571181e-07, AIC = 3.017379
  Model addition step  12: Added term 0 0 0 2 2 0 -- RMS=16.830226, GCV=2.227606e-07, AIC = 2.873748
  Model addition step  13: Added term 0 0 1 1 0 0 -- RMS=16.054899, GCV=2.027548e-07, AIC = 2.779455
  Model addition step  14: Added term 1 0 1 1 0 0 -- RMS=14.325836, GCV=1.614706e-07, AIC = 2.551589
  Model addition step  15: Added term 1 0 0 1 1 0 -- RMS=12.613189, GCV=1.251990e-07, AIC = 2.296977
  Model addition step  16: Added term 2 0 0 1 0 0 -- RMS=11.588790, GCV=1.057121e-07, AIC = 2.127600
  Model addition step  17: Added term 0 1 0 2 0 0 -- RMS=10.761105, GCV=9.117160e-08, AIC = 1.979432
  Model addition step  18: Added term 0 2 0 1 0 0 -- RMS=9.534930, GCV=7.159429e-08, AIC = 1.737511
  Model addition step  19: Added term 0 0 0 0 0 1 -- RMS=8.629497, GCV=5.865592e-08, AIC = 1.537992
  Model addition step  20: Added term 0 0 0 1 1 0 -- RMS=8.011176, GCV=5.056278e-08, AIC = 1.389327
  Model addition step  21: Added term 0 0 0 3 0 1 -- RMS=7.673913, GCV=4.640553e-08, AIC = 1.303337
  Model addition step  22: Added term 0 0 0 1 2 0 -- RMS=7.422193, GCV=4.342082e-08, AIC = 1.236665
  Model addition step  23: Added term 0 0 1 2 0 0 -- RMS=7.074839, GCV=3.946065e-08, AIC = 1.140837
Change in error: 0.021620. No more terms added.
   24 polynomial terms were written for serrant8
serrant9
  RMS fit error of the full model is: 1.429085 mm
  maximum moment arm: 102.063109 mm
  maximum error allowed: 10.206311 mm
  Model addition step   1: Added term 1 0 0 1 0 0 -- RMS=45.546931, GCV=1.627441e-06, AIC = 4.864530
  Model addition step   2: Added term 0 0 0 0 0 0 -- RMS=37.041692, GCV=1.076629e-06, AIC = 4.451163
  Model addition step   3: Added term 0 1 0 1 0 0 -- RMS=31.624325, GCV=7.849181e-07, AIC = 4.134960
  Model addition step   4: Added term 0 0 1 2 0 0 -- RMS=29.804794, GCV=6.973510e-07, AIC = 4.016478
  Model addition step   5: Added term 0 1 0 0 0 1 -- RMS=27.934902, GCV=6.127324e-07, AIC = 3.886925
  Model addition step   6: Added term 0 0 0 0 2 0 -- RMS=26.391614, GCV=5.470233e-07, AIC = 3.773296
  Model addition step   7: Added term 1 0 1 2 0 0 -- RMS=24.902381, GCV=4.871392e-07, AIC = 3.657162
  Model addition step   8: Added term 1 0 0 0 0 1 -- RMS=23.287356, GCV=4.260976e-07, AIC = 3.523088
  Model addition step   9: Added term 0 1 1 0 0 0 -- RMS=21.734666, GCV=3.712548e-07, AIC = 3.385116
  Model addition step  10: Added term 0 1 0 0 1 0 -- RMS=19.329973, GCV=2.937150e-07, AIC = 3.150645
  Model addition step  11: Added term 3 0 1 0 0 0 -- RMS=18.342459, GCV=2.645307e-07, AIC = 3.045800
  Model addition step  12: Added term 1 0 0 1 2 0 -- RMS=17.306396, GCV=2.355438e-07, AIC = 2.929548
  Model addition step  13: Added term 0 0 0 1 0 0 -- RMS=16.268588, GCV=2.081880e-07, AIC = 2.805900
  Model addition step  14: Added term 1 0 0 0 0 0 -- RMS=13.316043, GCV=1.395095e-07, AIC = 2.405398
  Model addition step  15: Added term 0 0 0 0 1 0 -- RMS=12.472022, GCV=1.224122e-07, AIC = 2.274467
  Model addition step  16: Added term 0 2 0 0 0 0 -- RMS=11.757032, GCV=1.088037e-07, AIC = 2.156426
  Model addition step  17: Added term 0 1 0 3 0 0 -- RMS=11.095821, GCV=9.693145e-08, AIC = 2.040693
  Model addition step  18: Added term 2 0 0 0 2 0 -- RMS=10.655418, GCV=8.940964e-08, AIC = 1.959724
  Model addition step  19: Added term 1 0 0 1 1 0 -- RMS=10.249302, GCV=8.274266e-08, AIC = 1.882039
  Model addition step  20: Added term 0 0 1 0 0 0 -- RMS=9.607313, GCV=7.271806e-08, AIC = 1.752701
  Model addition step  21: Added term 2 0 0 2 0 0 -- RMS=9.043675, GCV=6.445044e-08, AIC = 1.631815
  Model addition step  22: Added term 0 0 0 3 0 1 -- RMS=8.655780, GCV=5.905354e-08, AIC = 1.544170
  Model addition step  23: Added term 0 0 0 1 2 0 -- RMS=8.296065, GCV=5.425945e-08, AIC = 1.459310
Change in error: 0.016783. No more terms added.
   24 polynomial terms were written for serrant9
serrant10
  RMS fit error of the full model is: 1.882228 mm
  maximum moment arm: 103.156273 mm
  maximum error allowed: 10.315627 mm
  Model addition step   1: Added term 1 0 0 1 0 0 -- RMS=44.830232, GCV=1.576628e-06, AIC = 4.832809
  Model addition step   2: Added term 0 0 0 1 0 0 -- RMS=39.677355, GCV=1.235293e-06, AIC = 4.588636
  Model addition step   3: Added term 0 1 0 1 0 0 -- RMS=35.357120, GCV=9.811504e-07, AIC = 4.358107
  Model addition step   4: Added term 1 0 0 0 0 0 -- RMS=31.187279, GCV=7.635441e-07, AIC = 4.107160
  Model addition step   5: Added term 0 0 0 1 0 1 -- RMS=27.227207, GCV=5.820801e-07, AIC = 3.835605
  Model addition step   6: Added term 0 0 1 1 0 0 -- RMS=24.580586, GCV=4.745242e-07, AIC = 3.631117
  Model addition step   7: Added term 0 0 0 0 2 0 -- RMS=22.575362, GCV=4.003509e-07, AIC = 3.460954
  Model addition step   8: Added term 0 1 0 0 0 1 -- RMS=21.283048, GCV=3.559069e-07, AIC = 3.343089
  Model addition step   9: Added term 0 1 1 1 0 0 -- RMS=20.250381, GCV=3.222794e-07, AIC = 3.243646
  Model addition step  10: Added term 0 1 0 0 1 0 -- RMS=17.453156, GCV=2.394482e-07, AIC = 2.946372
  Model addition step  11: Added term 2 0 0 0 0 0 -- RMS=16.438401, GCV=2.124615e-07, AIC = 2.826604
  Model addition step  12: Added term 0 1 1 2 0 0 -- RMS=15.511324, GCV=1.892153e-07, AIC = 2.710536
  Model addition step  13: Added term 0 0 0 0 1 0 -- RMS=14.632107, GCV=1.684107e-07, AIC = 2.593864
  Model addition step  14: Added term 0 0 0 1 2 0 -- RMS=13.617300, GCV=1.458933e-07, AIC = 2.450141
  Model addition step  15: Added term 1 0 0 2 0 1 -- RMS=12.648357, GCV=1.258981e-07, AIC = 2.302546
  Model addition step  16: Added term 0 2 0 1 0 0 -- RMS=11.596323, GCV=1.058495e-07, AIC = 2.128900
  Model addition step  17: Added term 0 0 0 0 0 0 -- RMS=10.794857, GCV=9.174441e-08, AIC = 1.985695
  Model addition step  18: Added term 1 0 1 2 0 0 -- RMS=10.132350, GCV=8.084696e-08, AIC = 1.859054
  Model addition step  19: Added term 1 0 0 0 1 0 -- RMS=9.346430, GCV=6.880696e-08, AIC = 1.697608
  Model addition step  20: Added term 0 0 0 3 0 1 -- RMS=8.991685, GCV=6.369724e-08, AIC = 1.620252
  Model addition step  21: Added term 0 1 0 2 1 0 -- RMS=8.645063, GCV=5.889417e-08, AIC = 1.541660
  Model addition step  22: Added term 1 0 0 0 2 0 -- RMS=8.318219, GCV=5.453738e-08, AIC = 1.464612
Change in error: 0.017395. No more terms added.
   23 polynomial terms were written for serrant10
serrant11
  RMS fit error of the full model is: 10.645581 mm
  maximum moment arm: 108.259900 mm
  maximum error allowed: 10.825990 mm
  Model addition step   1: Added term 1 0 0 1 0 0 -- RMS=48.409807, GCV=1.838459e-06, AIC = 4.986448
  Model addition step   2: Added term 0 0 0 0 0 1 -- RMS=38.838834, GCV=1.183632e-06, AIC = 4.545916
  Model addition step   3: Added term 0 0 0 0 0 0 -- RMS=34.194359, GCV=9.176790e-07, AIC = 4.291229
  Model addition step   4: Added term 0 1 1 2 0 0 -- RMS=30.415402, GCV=7.262168e-07, AIC = 4.057038
  Model addition step   5: Added term 0 1 0 1 1 0 -- RMS=26.811235, GCV=5.644301e-07, AIC = 3.804813
  Model addition step   6: Added term 0 0 0 0 2 0 -- RMS=25.110376, GCV=4.951997e-07, AIC = 3.673766
  Model addition step   7: Added term 0 0 0 1 0 0 -- RMS=23.654355, GCV=4.395351e-07, AIC = 3.554330
  Model addition step   8: Added term 1 0 0 0 0 0 -- RMS=19.780337, GCV=3.074228e-07, AIC = 3.196644
  Model addition step   9: Added term 0 0 0 1 2 0 -- RMS=18.840240, GCV=2.789581e-07, AIC = 3.099289
  Model addition step  10: Added term 0 1 1 1 0 0 -- RMS=17.870238, GCV=2.510292e-07, AIC = 2.993605
  Model addition step  11: Added term 0 0 1 0 0 0 -- RMS=16.976212, GCV=2.265910e-07, AIC = 2.890990
  Model addition step  12: Added term 0 1 0 0 1 0 -- RMS=16.107418, GCV=2.040377e-07, AIC = 2.785955
  Model addition step  13: Added term 0 2 0 0 0 0 -- RMS=14.856389, GCV=1.736131e-07, AIC = 2.624287
  Model addition step  14: Added term 1 0 0 0 0 1 -- RMS=14.315319, GCV=1.612336e-07, AIC = 2.550120
  Model addition step  15: Added term 2 0 0 1 0 0 -- RMS=13.851147, GCV=1.509810e-07, AIC = 2.484227
Change in error: 0.018882. No more terms added.
   16 polynomial terms were written for serrant11
deltscap1
  RMS fit error of the full model is: 1.440968 mm
  maximum moment arm: 65.925880 mm
  maximum error allowed: 6.592588 mm
  Model addition step   1: Added term 0 0 0 -- RMS=25.010316, GCV=2.804061e-07, AIC = 3.106028
  Model addition step   2: Added term 0 1 0 -- RMS=19.156223, GCV=1.645380e-07, AIC = 2.572763
  Model addition step   3: Added term 0 0 1 -- RMS=16.061381, GCV=1.156937e-07, AIC = 2.220399
  Model addition step   4: Added term 2 2 0 -- RMS=12.935624, GCV=7.506127e-08, AIC = 1.787590
  Model addition step   5: Added term 1 1 0 -- RMS=11.261733, GCV=5.690481e-08, AIC = 1.510497
  Model addition step   6: Added term 1 0 1 -- RMS=10.027935, GCV=4.512933e-08, AIC = 1.278481
  Model addition step   7: Added term 0 0 2 -- RMS=9.096928, GCV=3.714692e-08, AIC = 1.083661
  Model addition step   8: Added term 2 0 0 -- RMS=8.069368, GCV=2.923545e-08, AIC = 0.843994
  Model addition step   9: Added term 1 0 0 -- RMS=6.948080, GCV=2.167992e-08, AIC = 0.544830
  Model addition step  10: Added term 0 1 2 -- RMS=6.286014, GCV=1.774909e-08, AIC = 0.344610
  Model addition step  11: Added term 0 2 0 -- RMS=5.540636, GCV=1.379248e-08, AIC = 0.092230
  Model addition step  12: Added term 2 1 0 -- RMS=4.157720, GCV=7.768388e-09, AIC = -0.481999
  Model addition step  13: Added term 1 0 2 -- RMS=3.730269, GCV=6.254579e-09, AIC = -0.698916
  Model addition step  14: Added term 2 1 1 -- RMS=3.284076, GCV=4.848882e-09, AIC = -0.953650
  Model addition step  15: Added term 0 0 3 -- RMS=2.977629, GCV=3.987070e-09, AIC = -1.149510
  Model addition step  16: Added term 1 0 3 -- RMS=2.694376, GCV=3.265327e-09, AIC = -1.349375
  Model addition step  17: Added term 2 0 1 -- RMS=2.562852, GCV=2.954981e-09, AIC = -1.449411
  Model addition step  18: Added term 0 1 1 -- RMS=2.253025, GCV=2.284216e-09, AIC = -1.707049
  Model addition step  19: Added term 2 0 2 -- RMS=2.152426, GCV=2.085256e-09, AIC = -1.798349
  Model addition step  20: Added term 1 2 0 -- RMS=2.066596, GCV=1.922700e-09, AIC = -1.879678
  Model addition step  21: Added term 0 4 0 -- RMS=1.943951, GCV=1.701643e-09, AIC = -2.001983
  Model addition step  22: Added term 3 0 0 -- RMS=1.843076, GCV=1.529967e-09, AIC = -2.108500
  Model addition step  23: Added term 1 3 0 -- RMS=1.688839, GCV=1.284901e-09, AIC = -2.283233
  Model addition step  24: Added term 0 3 1 -- RMS=1.626353, GCV=1.191846e-09, AIC = -2.358580
  Model addition step  25: Added term 1 2 1 -- RMS=1.576645, GCV=1.120356e-09, AIC = -2.420606
Change in error: 0.014918. No more terms added.
   26 polynomial terms were written for deltscap1
deltscap2
  RMS fit error of the full model is: 4.083954 mm
  maximum moment arm: 45.010494 mm
  maximum error allowed: 4.501049 mm
  Model addition step   1: Added term 0 0 0 -- RMS=18.556608, GCV=1.543641e-07, AIC = 2.509103
  Model addition step   2: Added term 0 1 0 -- RMS=15.160304, GCV=1.030534e-07, AIC = 2.104868
  Model addition step   3: Added term 0 0 1 -- RMS=13.363897, GCV=8.009585e-08, AIC = 1.852677
  Model addition step   4: Added term 1 0 0 -- RMS=12.722328, GCV=7.260630e-08, AIC = 1.754337
  Model addition step   5: Added term 4 0 0 -- RMS=11.104540, GCV=5.532732e-08, AIC = 1.482384
  Model addition step   6: Added term 1 0 1 -- RMS=10.236581, GCV=4.702683e-08, AIC = 1.319667
  Model addition step   7: Added term 0 4 0 -- RMS=9.497628, GCV=4.049147e-08, AIC = 1.169872
  Model addition step   8: Added term 0 0 2 -- RMS=9.070000, GCV=3.693561e-08, AIC = 1.077788
  Model addition step   9: Added term 0 3 1 -- RMS=8.367240, GCV=3.144072e-08, AIC = 0.916548
  Model addition step  10: Added term 1 1 0 -- RMS=7.980929, GCV=2.861096e-08, AIC = 0.822065
  Model addition step  11: Added term 2 1 0 -- RMS=6.075940, GCV=1.658632e-08, AIC = 0.276685
  Model addition step  12: Added term 3 1 0 -- RMS=5.609302, GCV=1.413963e-08, AIC = 0.116920
  Model addition step  13: Added term 0 2 0 -- RMS=5.425615, GCV=1.323170e-08, AIC = 0.050386
  Model addition step  14: Added term 0 3 0 -- RMS=5.164626, GCV=1.199204e-08, AIC = -0.048155
Change in error: 0.019259. No more terms added.
   15 polynomial terms were written for deltscap2
deltscap3
  RMS fit error of the full model is: 1.035132 mm
  maximum moment arm: 31.215708 mm
  maximum error allowed: 3.121571 mm
  Model addition step   1: Added term 0 0 0 -- RMS=14.946839, GCV=1.001493e-07, AIC = 2.076451
  Model addition step   2: Added term 1 1 0 -- RMS=10.623888, GCV=5.060733e-08, AIC = 1.393718
  Model addition step   3: Added term 0 4 0 -- RMS=8.164175, GCV=2.989293e-08, AIC = 0.867075
  Model addition step   4: Added term 0 0 1 -- RMS=5.596993, GCV=1.405241e-08, AIC = 0.112079
  Model addition step   5: Added term 0 2 2 -- RMS=3.830793, GCV=6.584394e-09, AIC = -0.646181
  Model addition step   6: Added term 1 3 0 -- RMS=3.452901, GCV=5.350619e-09, AIC = -0.853839
  Model addition step   7: Added term 1 0 0 -- RMS=3.140345, GCV=4.426782e-09, AIC = -1.043547
  Model addition step   8: Added term 1 0 2 -- RMS=2.933882, GCV=3.864703e-09, AIC = -1.179503
  Model addition step   9: Added term 2 0 1 -- RMS=2.754655, GCV=3.407710e-09, AIC = -1.305516
  Model addition step  10: Added term 4 0 0 -- RMS=2.488911, GCV=2.782557e-09, AIC = -1.508354
  Model addition step  11: Added term 0 0 3 -- RMS=2.288077, GCV=2.352145e-09, AIC = -1.676565
  Model addition step  12: Added term 1 1 1 -- RMS=2.148967, GCV=2.075295e-09, AIC = -1.801958
Change in error: 0.022204. No more terms added.
   13 polynomial terms were written for deltscap3
deltscap4
  RMS fit error of the full model is: 0.480907 mm
  maximum moment arm: 30.837057 mm
  maximum error allowed: 3.083706 mm
  Model addition step   1: Added term 0 0 0 -- RMS=14.675164, GCV=9.654172e-08, AIC = 2.039765
  Model addition step   2: Added term 1 1 0 -- RMS=10.621037, GCV=5.058017e-08, AIC = 1.393181
  Model addition step   3: Added term 0 0 1 -- RMS=7.566917, GCV=2.567921e-08, AIC = 0.715135
  Model addition step   4: Added term 0 3 0 -- RMS=4.516852, GCV=9.151935e-09, AIC = -0.316750
  Model addition step   5: Added term 0 2 2 -- RMS=3.059147, GCV=4.198935e-09, AIC = -1.096052
  Model addition step   6: Added term 1 0 0 -- RMS=2.447171, GCV=2.687600e-09, AIC = -1.542403
  Model addition step   7: Added term 2 1 0 -- RMS=2.197247, GCV=2.167160e-09, AIC = -1.757802
  Model addition step   8: Added term 1 0 2 -- RMS=1.988463, GCV=1.775275e-09, AIC = -1.957432
  Model addition step   9: Added term 2 0 1 -- RMS=1.758727, GCV=1.389073e-09, AIC = -2.202920
  Model addition step  10: Added term 0 0 3 -- RMS=1.389175, GCV=8.668414e-10, AIC = -2.674624
  Model addition step  11: Added term 0 1 2 -- RMS=1.207290, GCV=6.548562e-10, AIC = -2.955232
  Model addition step  12: Added term 0 3 1 -- RMS=1.102402, GCV=5.461350e-10, AIC = -3.136950
  Model addition step  13: Added term 3 0 0 -- RMS=1.026549, GCV=4.736713e-10, AIC = -3.279471
  Model addition step  14: Added term 0 2 0 -- RMS=0.973254, GCV=4.258611e-10, AIC = -3.386040
  Model addition step  15: Added term 1 3 0 -- RMS=0.831596, GCV=3.109840e-10, AIC = -3.700580
  Model addition step  16: Added term 2 2 0 -- RMS=0.784017, GCV=2.764786e-10, AIC = -3.818357
  Model addition step  17: Added term 1 0 1 -- RMS=0.749199, GCV=2.525235e-10, AIC = -3.909154
  Model addition step  18: Added term 1 1 2 -- RMS=0.698207, GCV=2.193685e-10, AIC = -4.050074
  Model addition step  19: Added term 0 0 2 -- RMS=0.650832, GCV=1.906515e-10, AIC = -4.190549
  Model addition step  20: Added term 3 1 0 -- RMS=0.605744, GCV=1.651881e-10, AIC = -4.334079
  Model addition step  21: Added term 0 1 0 -- RMS=0.585361, GCV=1.542926e-10, AIC = -4.402482
  Model addition step  22: Added term 0 2 1 -- RMS=0.563516, GCV=1.430236e-10, AIC = -4.478492
Change in error: 0.023039. No more terms added.
   23 polynomial terms were written for deltscap4
deltscap5
  RMS fit error of the full model is: 0.247545 mm
  maximum moment arm: 31.658932 mm
  maximum error allowed: 3.165893 mm
  Model addition step   1: Added term 0 0 0 -- RMS=15.942773, GCV=1.139402e-07, AIC = 2.205463
  Model addition step   2: Added term 1 0 0 -- RMS=12.257196, GCV=6.736413e-08, AIC = 1.679734
  Model addition step   3: Added term 0 0 1 -- RMS=9.951830, GCV=4.441705e-08, AIC = 1.263076
  Model addition step   4: Added term 0 1 0 -- RMS=7.758673, GCV=2.700325e-08, AIC = 0.765242
  Model addition step   5: Added term 1 1 0 -- RMS=5.985562, GCV=1.607490e-08, AIC = 0.246376
  Model addition step   6: Added term 0 1 2 -- RMS=4.291878, GCV=8.266672e-09, AIC = -0.418820
  Model addition step   7: Added term 0 2 0 -- RMS=2.699977, GCV=3.272303e-09, AIC = -1.345726
  Model addition step   8: Added term 1 2 0 -- RMS=2.493774, GCV=2.792190e-09, AIC = -1.504562
  Model addition step   9: Added term 2 0 0 -- RMS=2.345473, GCV=2.470524e-09, AIC = -1.627126
  Model addition step  10: Added term 1 0 1 -- RMS=2.163342, GCV=2.102210e-09, AIC = -1.788736
  Model addition step  11: Added term 1 0 3 -- RMS=2.049514, GCV=1.887230e-09, AIC = -1.896783
  Model addition step  12: Added term 2 0 1 -- RMS=1.965137, GCV=1.735425e-09, AIC = -1.980809
  Model addition step  13: Added term 1 0 2 -- RMS=1.688621, GCV=1.281687e-09, AIC = -2.284052
  Model addition step  14: Added term 0 0 2 -- RMS=1.551423, GCV=1.082122e-09, AIC = -2.453475
  Model addition step  15: Added term 0 0 3 -- RMS=1.132455, GCV=5.767066e-10, AIC = -3.082988
  Model addition step  16: Added term 3 0 0 -- RMS=0.929490, GCV=3.885976e-10, AIC = -3.477946
  Model addition step  17: Added term 1 1 1 -- RMS=0.801538, GCV=2.890388e-10, AIC = -3.774098
  Model addition step  18: Added term 2 1 0 -- RMS=0.721095, GCV=2.339863e-10, AIC = -3.985564
  Model addition step  19: Added term 2 2 0 -- RMS=0.571604, GCV=1.470595e-10, AIC = -4.450158
  Model addition step  20: Added term 0 4 0 -- RMS=0.507747, GCV=1.160635e-10, AIC = -4.687027
  Model addition step  21: Added term 3 1 0 -- RMS=0.455238, GCV=9.332019e-11, AIC = -4.905296
  Model addition step  22: Added term 1 3 0 -- RMS=0.414517, GCV=7.738912e-11, AIC = -5.092655
  Model addition step  23: Added term 0 0 4 -- RMS=0.370144, GCV=6.172129e-11, AIC = -5.319041
  Model addition step  24: Added term 1 1 2 -- RMS=0.339194, GCV=5.184268e-11, AIC = -5.493625
  Model addition step  25: Added term 0 2 2 -- RMS=0.308335, GCV=4.284820e-11, AIC = -5.684344
  Model addition step  26: Added term 2 0 2 -- RMS=0.293932, GCV=3.894762e-11, AIC = -5.779959
  Model addition step  27: Added term 1 2 1 -- RMS=0.279477, GCV=3.521888e-11, AIC = -5.880763
  Model addition step  28: Added term 0 3 1 -- RMS=0.270346, GCV=3.296245e-11, AIC = -5.947145
Change in error: 0.029307. No more terms added.
   29 polynomial terms were written for deltscap5
deltscap6
  RMS fit error of the full model is: 0.501473 mm
  maximum moment arm: 37.139781 mm
  maximum error allowed: 3.713978 mm
  Model addition step   1: Added term 0 0 0 -- RMS=16.184007, GCV=1.174144e-07, AIC = 2.235498
  Model addition step   2: Added term 1 0 0 -- RMS=11.646769, GCV=6.082153e-08, AIC = 1.577565
  Model addition step   3: Added term 0 0 1 -- RMS=9.687020, GCV=4.208470e-08, AIC = 1.209137
  Model addition step   4: Added term 1 1 2 -- RMS=7.986895, GCV=2.861522e-08, AIC = 0.823224
  Model addition step   5: Added term 0 4 0 -- RMS=7.166069, GCV=2.304096e-08, AIC = 0.606390
  Model addition step   6: Added term 1 1 0 -- RMS=4.893552, GCV=1.074693e-08, AIC = -0.156431
  Model addition step   7: Added term 0 2 0 -- RMS=3.735880, GCV=6.264972e-09, AIC = -0.696246
  Model addition step   8: Added term 0 1 2 -- RMS=3.121524, GCV=4.374858e-09, AIC = -1.055514
  Model addition step   9: Added term 2 2 0 -- RMS=2.770859, GCV=3.447917e-09, AIC = -1.293786
  Model addition step  10: Added term 1 0 2 -- RMS=2.501335, GCV=2.810408e-09, AIC = -1.498395
  Model addition step  11: Added term 0 1 0 -- RMS=2.267945, GCV=2.310936e-09, AIC = -1.694240
  Model addition step  12: Added term 1 0 1 -- RMS=2.149651, GCV=2.076616e-09, AIC = -1.801321
  Model addition step  13: Added term 2 0 1 -- RMS=1.870156, GCV=1.572075e-09, AIC = -2.079833
  Model addition step  14: Added term 0 0 2 -- RMS=1.761892, GCV=1.395642e-09, AIC = -2.199044
  Model addition step  15: Added term 0 0 3 -- RMS=1.474359, GCV=9.775054e-10, AIC = -2.555318
  Model addition step  16: Added term 1 1 1 -- RMS=1.177120, GCV=6.232351e-10, AIC = -3.005566
  Model addition step  17: Added term 1 3 0 -- RMS=1.055127, GCV=5.008609e-10, AIC = -3.224330
  Model addition step  18: Added term 3 1 0 -- RMS=0.927701, GCV=3.872766e-10, AIC = -3.481688
  Model addition step  19: Added term 0 1 1 -- RMS=0.826670, GCV=3.075868e-10, AIC = -3.712238
  Model addition step  20: Added term 0 1 3 -- RMS=0.742726, GCV=2.483462e-10, AIC = -3.926340
  Model addition step  21: Added term 3 0 0 -- RMS=0.708545, GCV=2.260644e-10, AIC = -4.020513
  Model addition step  22: Added term 4 0 0 -- RMS=0.603297, GCV=1.639297e-10, AIC = -4.342064
Change in error: 0.027567. No more terms added.
   23 polynomial terms were written for deltscap6
deltscap7
  RMS fit error of the full model is: 0.430696 mm
  maximum moment arm: 36.349059 mm
  maximum error allowed: 3.634906 mm
  Model addition step   1: Added term 0 0 0 -- RMS=15.853161, GCV=1.126629e-07, AIC = 2.194189
  Model addition step   2: Added term 1 0 0 -- RMS=11.802297, GCV=6.245677e-08, AIC = 1.604096
  Model addition step   3: Added term 0 0 1 -- RMS=9.553293, GCV=4.093078e-08, AIC = 1.181335
  Model addition step   4: Added term 1 1 2 -- RMS=8.070883, GCV=2.922021e-08, AIC = 0.844145
  Model addition step   5: Added term 3 1 0 -- RMS=7.316109, GCV=2.401590e-08, AIC = 0.647833
  Model addition step   6: Added term 0 3 0 -- RMS=5.873669, GCV=1.548299e-08, AIC = 0.208690
  Model addition step   7: Added term 1 1 0 -- RMS=4.492730, GCV=9.060537e-09, AIC = -0.327291
  Model addition step   8: Added term 0 1 0 -- RMS=3.428904, GCV=5.278874e-09, AIC = -0.867675
  Model addition step   9: Added term 0 1 2 -- RMS=2.825895, GCV=3.586247e-09, AIC = -1.254450
  Model addition step  10: Added term 1 2 0 -- RMS=2.658498, GCV=3.174668e-09, AIC = -1.376522
  Model addition step  11: Added term 1 0 2 -- RMS=2.511697, GCV=2.834375e-09, AIC = -1.490072
  Model addition step  12: Added term 1 0 1 -- RMS=2.342775, GCV=2.466502e-09, AIC = -1.629260
  Model addition step  13: Added term 2 0 1 -- RMS=2.056299, GCV=1.900599e-09, AIC = -1.890061
  Model addition step  14: Added term 0 0 2 -- RMS=1.844503, GCV=1.529587e-09, AIC = -2.107401
  Model addition step  15: Added term 0 0 3 -- RMS=1.493250, GCV=1.002716e-09, AIC = -2.529854
  Model addition step  16: Added term 1 1 1 -- RMS=1.278914, GCV=7.356874e-10, AIC = -2.839685
  Model addition step  17: Added term 0 2 0 -- RMS=1.025432, GCV=4.730661e-10, AIC = -3.281424
  Model addition step  18: Added term 1 3 0 -- RMS=0.878742, GCV=3.474782e-10, AIC = -3.590125
  Model addition step  19: Added term 2 0 0 -- RMS=0.753681, GCV=2.556692e-10, AIC = -3.897111
  Model addition step  20: Added term 3 0 0 -- RMS=0.656363, GCV=1.939495e-10, AIC = -4.173566
  Model addition step  21: Added term 0 0 4 -- RMS=0.605329, GCV=1.649986e-10, AIC = -4.335396
  Model addition step  22: Added term 0 2 2 -- RMS=0.582517, GCV=1.528316e-10, AIC = -4.412165
  Model addition step  23: Added term 0 1 1 -- RMS=0.556616, GCV=1.395739e-10, AIC = -4.503076
  Model addition step  24: Added term 2 2 0 -- RMS=0.535412, GCV=1.291715e-10, AIC = -4.580698
  Model addition step  25: Added term 4 0 0 -- RMS=0.515572, GCV=1.198028e-10, AIC = -4.656160
  Model addition step  26: Added term 1 2 1 -- RMS=0.496542, GCV=1.111469e-10, AIC = -4.731323
  Model addition step  27: Added term 0 4 0 -- RMS=0.475409, GCV=1.019102e-10, AIC = -4.818253
  Model addition step  28: Added term 1 0 3 -- RMS=0.455054, GCV=9.339145e-11, AIC = -4.905714
Change in error: 0.018713. No more terms added.
   29 polynomial terms were written for deltscap7
deltscap8
  RMS fit error of the full model is: 0.384158 mm
  maximum moment arm: 33.573605 mm
  maximum error allowed: 3.357360 mm
  Model addition step   1: Added term 0 0 0 -- RMS=15.603377, GCV=1.091406e-07, AIC = 2.162426
  Model addition step   2: Added term 2 0 0 -- RMS=12.229007, GCV=6.705463e-08, AIC = 1.675129
  Model addition step   3: Added term 0 1 0 -- RMS=10.005558, GCV=4.489794e-08, AIC = 1.273845
  Model addition step   4: Added term 1 1 0 -- RMS=8.601473, GCV=3.318844e-08, AIC = 0.971487
  Model addition step   5: Added term 0 0 4 -- RMS=7.584052, GCV=2.580721e-08, AIC = 0.719771
  Model addition step   6: Added term 0 0 1 -- RMS=6.240079, GCV=1.747496e-08, AIC = 0.329717
  Model addition step   7: Added term 0 2 0 -- RMS=5.076312, GCV=1.156725e-08, AIC = -0.083042
  Model addition step   8: Added term 0 1 2 -- RMS=3.411882, GCV=5.226594e-09, AIC = -0.877628
  Model addition step   9: Added term 1 0 1 -- RMS=2.943994, GCV=3.892261e-09, AIC = -1.172566
  Model addition step  10: Added term 0 0 2 -- RMS=2.332190, GCV=2.443169e-09, AIC = -1.638429
  Model addition step  11: Added term 1 2 0 -- RMS=2.067301, GCV=1.920128e-09, AIC = -1.879501
  Model addition step  12: Added term 1 0 0 -- RMS=1.878840, GCV=1.586353e-09, AIC = -2.070623
  Model addition step  13: Added term 1 1 1 -- RMS=1.759057, GCV=1.390841e-09, AIC = -2.202321
  Model addition step  14: Added term 1 0 2 -- RMS=1.628581, GCV=1.192434e-09, AIC = -2.356402
  Model addition step  15: Added term 2 0 1 -- RMS=1.407452, GCV=8.907990e-10, AIC = -2.648203
  Model addition step  16: Added term 0 0 3 -- RMS=1.104761, GCV=5.489681e-10, AIC = -3.132450
  Model addition step  17: Added term 3 0 0 -- RMS=0.951008, GCV=4.068891e-10, AIC = -3.432118
  Model addition step  18: Added term 0 3 0 -- RMS=0.890915, GCV=3.571722e-10, AIC = -3.562609
  Model addition step  19: Added term 1 0 3 -- RMS=0.853709, GCV=3.280368e-10, AIC = -3.647870
  Model addition step  20: Added term 0 1 1 -- RMS=0.810739, GCV=2.959119e-10, AIC = -3.751103
  Model addition step  21: Added term 2 1 0 -- RMS=0.751219, GCV=2.541154e-10, AIC = -3.903544
  Model addition step  22: Added term 3 1 0 -- RMS=0.603026, GCV=1.637825e-10, AIC = -4.342962
  Model addition step  23: Added term 0 2 2 -- RMS=0.536077, GCV=1.294635e-10, AIC = -4.578271
  Model addition step  24: Added term 2 2 0 -- RMS=0.477995, GCV=1.029525e-10, AIC = -4.807571
Change in error: 0.026519. No more terms added.
   25 polynomial terms were written for deltscap8
deltscap9
  RMS fit error of the full model is: 0.305780 mm
  maximum moment arm: 31.210599 mm
  maximum error allowed: 3.121060 mm
  Model addition step   1: Added term 0 0 0 -- RMS=17.040630, GCV=1.301728e-07, AIC = 2.338652
  Model addition step   2: Added term 2 0 0 -- RMS=14.104610, GCV=8.920077e-08, AIC = 1.960511
  Model addition step   3: Added term 0 1 0 -- RMS=10.601422, GCV=5.040482e-08, AIC = 1.389540
  Model addition step   4: Added term 0 0 1 -- RMS=7.433385, GCV=2.478645e-08, AIC = 0.679582
  Model addition step   5: Added term 1 1 0 -- RMS=5.771216, GCV=1.494422e-08, AIC = 0.173441
  Model addition step   6: Added term 0 2 0 -- RMS=4.643947, GCV=9.678550e-09, AIC = -0.261139
  Model addition step   7: Added term 0 1 2 -- RMS=3.041827, GCV=4.153385e-09, AIC = -1.107296
  Model addition step   8: Added term 1 0 0 -- RMS=2.684174, GCV=3.234835e-09, AIC = -1.357410
  Model addition step   9: Added term 0 1 1 -- RMS=2.417453, GCV=2.624486e-09, AIC = -1.566671
  Model addition step  10: Added term 1 2 0 -- RMS=2.197075, GCV=2.168281e-09, AIC = -1.757790
  Model addition step  11: Added term 0 3 0 -- RMS=2.109329, GCV=1.998995e-09, AIC = -1.839248
  Model addition step  12: Added term 2 1 0 -- RMS=1.994540, GCV=1.787746e-09, AIC = -1.951106
  Model addition step  13: Added term 3 1 0 -- RMS=1.870152, GCV=1.572070e-09, AIC = -2.079837
  Model addition step  14: Added term 0 0 3 -- RMS=1.774150, GCV=1.415129e-09, AIC = -2.185177
  Model addition step  15: Added term 1 0 2 -- RMS=1.506780, GCV=1.020969e-09, AIC = -2.511814
  Model addition step  16: Added term 2 0 1 -- RMS=1.307946, GCV=7.694664e-10, AIC = -2.794793
  Model addition step  17: Added term 1 0 1 -- RMS=1.043043, GCV=4.894542e-10, AIC = -3.247368
  Model addition step  18: Added term 0 0 2 -- RMS=0.471151, GCV=9.989091e-11, AIC = -4.836749
  Model addition step  19: Added term 2 2 0 -- RMS=0.448365, GCV=9.048286e-11, AIC = -4.935835
  Model addition step  20: Added term 3 0 0 -- RMS=0.419081, GCV=7.906715e-11, AIC = -5.070867
  Model addition step  21: Added term 1 1 2 -- RMS=0.396854, GCV=7.091834e-11, AIC = -5.179804
  Model addition step  22: Added term 0 2 2 -- RMS=0.375120, GCV=6.337754e-11, AIC = -5.292392
  Model addition step  23: Added term 1 3 0 -- RMS=0.359465, GCV=5.821126e-11, AIC = -5.377591
Change in error: 0.021422. No more terms added.
   24 polynomial terms were written for deltscap9
deltscap10
  RMS fit error of the full model is: 0.176623 mm
  maximum moment arm: 30.515443 mm
  maximum error allowed: 3.051544 mm
  Model addition step   1: Added term 0 0 0 -- RMS=18.356838, GCV=1.510584e-07, AIC = 2.487456
  Model addition step   2: Added term 0 1 0 -- RMS=13.786696, GCV=8.522496e-08, AIC = 1.914916
  Model addition step   3: Added term 2 1 0 -- RMS=9.152408, GCV=3.756769e-08, AIC = 1.095597
  Model addition step   4: Added term 0 0 1 -- RMS=6.488553, GCV=1.888586e-08, AIC = 0.407699
  Model addition step   5: Added term 0 1 2 -- RMS=5.001545, GCV=1.122398e-08, AIC = -0.112831
  Model addition step   6: Added term 1 0 0 -- RMS=3.869946, GCV=6.721182e-09, AIC = -0.625787
  Model addition step   7: Added term 1 1 1 -- RMS=3.317461, GCV=4.940205e-09, AIC = -0.933813
  Model addition step   8: Added term 2 2 0 -- RMS=2.896002, GCV=3.765551e-09, AIC = -1.205494
  Model addition step   9: Added term 1 1 0 -- RMS=2.231719, GCV=2.236697e-09, AIC = -1.726556
  Model addition step  10: Added term 0 2 0 -- RMS=2.106672, GCV=1.993515e-09, AIC = -1.841825
  Model addition step  11: Added term 1 3 0 -- RMS=2.021242, GCV=1.835522e-09, AIC = -1.924564
  Model addition step  12: Added term 0 0 2 -- RMS=1.952850, GCV=1.713792e-09, AIC = -1.993353
  Model addition step  13: Added term 1 0 1 -- RMS=1.777122, GCV=1.419556e-09, AIC = -2.181885
  Model addition step  14: Added term 3 0 1 -- RMS=1.640210, GCV=1.209523e-09, AIC = -2.342172
  Model addition step  15: Added term 0 0 3 -- RMS=1.525119, GCV=1.045973e-09, AIC = -2.487619
  Model addition step  16: Added term 1 0 2 -- RMS=1.113236, GCV=5.574225e-10, AIC = -3.117167
  Model addition step  17: Added term 2 0 1 -- RMS=0.929676, GCV=3.888399e-10, AIC = -3.477491
  Model addition step  18: Added term 1 2 0 -- RMS=0.832835, GCV=3.121213e-10, AIC = -3.697435
  Model addition step  19: Added term 3 1 0 -- RMS=0.596313, GCV=1.600487e-10, AIC = -4.365518
  Model addition step  20: Added term 0 2 1 -- RMS=0.530179, GCV=1.265451e-10, AIC = -4.600565
  Model addition step  21: Added term 2 0 0 -- RMS=0.452185, GCV=9.207273e-11, AIC = -4.918754
  Model addition step  22: Added term 3 0 0 -- RMS=0.428430, GCV=8.267134e-11, AIC = -5.026628
  Model addition step  23: Added term 1 2 1 -- RMS=0.410441, GCV=7.589164e-11, AIC = -5.112364
Change in error: 0.028086. No more terms added.
   24 polynomial terms were written for deltscap10
deltscap11
  RMS fit error of the full model is: 0.406268 mm
  maximum moment arm: 33.101430 mm
  maximum error allowed: 3.310143 mm
  Model addition step   1: Added term 0 0 0 -- RMS=19.625191, GCV=1.726541e-07, AIC = 2.621079
  Model addition step   2: Added term 0 1 0 -- RMS=12.392465, GCV=6.885918e-08, AIC = 1.701685
  Model addition step   3: Added term 2 1 0 -- RMS=8.732302, GCV=3.419805e-08, AIC = 1.001622
  Model addition step   4: Added term 0 0 4 -- RMS=7.717720, GCV=2.671894e-08, AIC = 0.754658
  Model addition step   5: Added term 1 0 1 -- RMS=5.765437, GCV=1.491431e-08, AIC = 0.171438
  Model addition step   6: Added term 0 0 2 -- RMS=4.859674, GCV=1.059864e-08, AIC = -0.170326
  Model addition step   7: Added term 2 2 0 -- RMS=4.200823, GCV=7.921403e-09, AIC = -0.461651
  Model addition step   8: Added term 0 0 1 -- RMS=3.481699, GCV=5.442684e-09, AIC = -0.837116
  Model addition step   9: Added term 0 1 2 -- RMS=2.267418, GCV=2.308827e-09, AIC = -1.694817
  Model addition step  10: Added term 0 1 1 -- RMS=2.019071, GCV=1.831171e-09, AIC = -1.926769
  Model addition step  11: Added term 2 0 0 -- RMS=1.757334, GCV=1.387495e-09, AIC = -2.204393
  Model addition step  12: Added term 1 0 0 -- RMS=1.610054, GCV=1.164933e-09, AIC = -2.379397
  Model addition step  13: Added term 1 1 0 -- RMS=1.496857, GCV=1.007113e-09, AIC = -2.525142
  Model addition step  14: Added term 1 0 3 -- RMS=1.364971, GCV=8.376496e-10, AIC = -2.709553
  Model addition step  15: Added term 0 2 0 -- RMS=1.272296, GCV=7.279293e-10, AIC = -2.850118
  Model addition step  16: Added term 1 2 0 -- RMS=1.122240, GCV=5.664766e-10, AIC = -3.101054
  Model addition step  17: Added term 2 0 2 -- RMS=1.006142, GCV=4.554347e-10, AIC = -3.319406
  Model addition step  18: Added term 3 0 1 -- RMS=0.877721, GCV=3.466713e-10, AIC = -3.592450
  Model addition step  19: Added term 4 0 0 -- RMS=0.817144, GCV=3.005386e-10, AIC = -3.735420
  Model addition step  20: Added term 0 0 3 -- RMS=0.765484, GCV=2.637983e-10, AIC = -3.865979
  Model addition step  21: Added term 1 0 2 -- RMS=0.727150, GCV=2.380929e-10, AIC = -3.968672
  Model addition step  22: Added term 2 0 1 -- RMS=0.682376, GCV=2.097216e-10, AIC = -4.095720
  Model addition step  23: Added term 1 3 0 -- RMS=0.657000, GCV=1.944570e-10, AIC = -4.171459
  Model addition step  24: Added term 0 4 0 -- RMS=0.617561, GCV=1.718501e-10, AIC = -4.295216
  Model addition step  25: Added term 0 3 0 -- RMS=0.587166, GCV=1.553853e-10, AIC = -4.396100
  Model addition step  26: Added term 0 3 1 -- RMS=0.559494, GCV=1.411162e-10, AIC = -4.492593
  Model addition step  27: Added term 1 1 1 -- RMS=0.526249, GCV=1.248722e-10, AIC = -4.615054
  Model addition step  28: Added term 0 1 3 -- RMS=0.489494, GCV=1.080629e-10, AIC = -4.759801
  Model addition step  29: Added term 0 2 1 -- RMS=0.463722, GCV=9.700513e-11, AIC = -4.867919
  Model addition step  30: Added term 1 2 1 -- RMS=0.447858, GCV=9.050163e-11, AIC = -4.937483
Change in error: 0.015240. No more terms added.
   31 polynomial terms were written for deltscap11
deltclav1
  RMS fit error of the full model is: 1.740764 mm
  maximum moment arm: 46.379311 mm
  maximum error allowed: 4.637931 mm
  Model addition step   1: Added term 0 0 0 0 0 0 -- RMS=27.180064, GCV=5.795462e-07, AIC = 3.832011
  Model addition step   2: Added term 1 0 0 1 2 0 -- RMS=21.769730, GCV=3.718695e-07, AIC = 3.388116
  Model addition step   3: Added term 1 0 1 0 0 0 -- RMS=16.577599, GCV=2.156876e-07, AIC = 2.843212
  Model addition step   4: Added term 0 0 0 1 1 1 -- RMS=14.251476, GCV=1.594406e-07, AIC = 2.540860
  Model addition step   5: Added term 0 1 0 0 0 0 -- RMS=11.768935, GCV=1.087554e-07, AIC = 2.158098
  Model addition step   6: Added term 2 0 0 0 0 0 -- RMS=10.825874, GCV=9.204493e-08, AIC = 1.991081
  Model addition step   7: Added term 0 0 0 1 1 0 -- RMS=9.955346, GCV=7.785456e-08, AIC = 1.823455
  Model addition step   8: Added term 1 0 0 0 2 0 -- RMS=8.586960, GCV=5.793588e-08, AIC = 1.527757
  Model addition step   9: Added term 1 1 0 0 0 0 -- RMS=7.602576, GCV=4.542424e-08, AIC = 1.284274
  Model addition step  10: Added term 0 0 0 0 0 1 -- RMS=6.889263, GCV=3.730861e-08, AIC = 1.087260
  Model addition step  11: Added term 0 2 0 0 1 0 -- RMS=6.319674, GCV=3.140150e-08, AIC = 0.914699
  Model addition step  12: Added term 0 0 0 0 1 2 -- RMS=5.792035, GCV=2.638280e-08, AIC = 0.740363
  Model addition step  13: Added term 2 0 1 0 1 0 -- RMS=5.252465, GCV=2.170112e-08, AIC = 0.544822
  Model addition step  14: Added term 0 0 0 0 1 0 -- RMS=4.983261, GCV=1.953802e-08, AIC = 0.439628
  Model addition step  15: Added term 2 0 0 0 2 0 -- RMS=4.736116, GCV=1.765206e-08, AIC = 0.337926
  Model addition step  16: Added term 0 0 0 1 0 0 -- RMS=4.488325, GCV=1.585685e-08, AIC = 0.230482
  Model addition step  17: Added term 0 1 0 0 1 0 -- RMS=4.291449, GCV=1.449952e-08, AIC = 0.140804
  Model addition step  18: Added term 0 2 1 0 0 0 -- RMS=4.076845, GCV=1.308856e-08, AIC = 0.038234
  Model addition step  19: Added term 1 2 0 0 1 0 -- RMS=3.896344, GCV=1.195791e-08, AIC = -0.052303
  Model addition step  20: Added term 1 2 1 0 0 0 -- RMS=3.681538, GCV=1.067817e-08, AIC = -0.165687
  Model addition step  21: Added term 2 0 0 0 1 0 -- RMS=3.538940, GCV=9.869208e-09, AIC = -0.244662
  Model addition step  22: Added term 0 0 0 1 0 2 -- RMS=3.431061, GCV=9.278768e-09, AIC = -0.306546
Change in error: 0.027803. No more terms added.
   23 polynomial terms were written for deltclav1
deltclav2
  RMS fit error of the full model is: 0.783204 mm
  maximum moment arm: 58.687420 mm
  maximum error allowed: 5.868742 mm
  Model addition step   1: Added term 0 0 0 0 0 0 -- RMS=33.860835, GCV=8.994613e-07, AIC = 4.271561
  Model addition step   2: Added term 1 0 0 1 1 0 -- RMS=26.864362, GCV=5.662882e-07, AIC = 3.808676
  Model addition step   3: Added term 1 0 1 0 0 0 -- RMS=20.214127, GCV=3.206947e-07, AIC = 3.239871
  Model addition step   4: Added term 0 1 0 0 0 0 -- RMS=16.711337, GCV=2.192308e-07, AIC = 2.859314
  Model addition step   5: Added term 0 0 0 0 0 1 -- RMS=12.580903, GCV=1.242797e-07, AIC = 2.291531
  Model addition step   6: Added term 2 1 0 0 0 0 -- RMS=11.228900, GCV=9.902579e-08, AIC = 2.064185
  Model addition step   7: Added term 1 0 0 0 2 0 -- RMS=10.045882, GCV=7.927704e-08, AIC = 1.841561
  Model addition step   8: Added term 0 0 0 0 1 2 -- RMS=8.986100, GCV=6.344701e-08, AIC = 1.618625
  Model addition step   9: Added term 2 0 1 0 0 0 -- RMS=8.035761, GCV=5.074815e-08, AIC = 1.395103
  Model addition step  10: Added term 0 2 0 1 1 0 -- RMS=7.075387, GCV=3.935174e-08, AIC = 1.140575
  Model addition step  11: Added term 0 0 0 1 0 0 -- RMS=6.764725, GCV=3.598002e-08, AIC = 1.050807
  Model addition step  12: Added term 1 0 0 0 0 0 -- RMS=6.445724, GCV=3.267397e-08, AIC = 0.954229
  Model addition step  13: Added term 2 0 0 1 1 0 -- RMS=6.190156, GCV=3.014110e-08, AIC = 0.873348
  Model addition step  14: Added term 0 0 0 0 1 0 -- RMS=5.756304, GCV=2.606999e-08, AIC = 0.728051
  Model addition step  15: Added term 2 0 1 0 1 0 -- RMS=5.429549, GCV=2.319949e-08, AIC = 0.611204
  Model addition step  16: Added term 0 1 0 0 1 0 -- RMS=5.211662, GCV=2.137966e-08, AIC = 0.529321
  Model addition step  17: Added term 4 0 0 0 0 0 -- RMS=4.966211, GCV=1.941763e-08, AIC = 0.432870
  Model addition step  18: Added term 0 2 1 0 0 0 -- RMS=4.717747, GCV=1.752721e-08, AIC = 0.330250
  Model addition step  19: Added term 0 2 0 0 1 0 -- RMS=4.408285, GCV=1.530665e-08, AIC = 0.194591
  Model addition step  20: Added term 1 2 0 0 1 0 -- RMS=3.951943, GCV=1.230438e-08, AIC = -0.023934
  Model addition step  21: Added term 0 0 0 1 0 2 -- RMS=3.775708, GCV=1.123396e-08, AIC = -0.115141
  Model addition step  22: Added term 1 0 0 1 1 1 -- RMS=3.604362, GCV=1.023977e-08, AIC = -0.207995
  Model addition step  23: Added term 1 0 0 0 3 0 -- RMS=3.449445, GCV=9.380575e-09, AIC = -0.295826
  Model addition step  24: Added term 1 2 1 0 0 0 -- RMS=3.301140, GCV=8.593232e-09, AIC = -0.383685
Change in error: 0.021419. No more terms added.
   25 polynomial terms were written for deltclav2
deltclav3
  RMS fit error of the full model is: 0.928153 mm
  maximum moment arm: 54.079450 mm
  maximum error allowed: 5.407945 mm
  Model addition step   1: Added term 0 0 0 0 0 0 -- RMS=31.353573, GCV=7.711897e-07, AIC = 4.117700
  Model addition step   2: Added term 1 0 0 1 1 0 -- RMS=24.892739, GCV=4.862167e-07, AIC = 3.656228
  Model addition step   3: Added term 1 0 1 0 0 0 -- RMS=18.740217, GCV=2.756329e-07, AIC = 3.088451
  Model addition step   4: Added term 1 0 0 2 0 1 -- RMS=15.519242, GCV=1.890689e-07, AIC = 2.711301
  Model addition step   5: Added term 0 1 0 0 0 0 -- RMS=11.664121, GCV=1.068269e-07, AIC = 2.140206
  Model addition step   6: Added term 2 1 0 0 0 0 -- RMS=10.442413, GCV=8.563981e-08, AIC = 1.918955
  Model addition step   7: Added term 2 0 1 0 0 0 -- RMS=9.636890, GCV=7.295334e-08, AIC = 1.758432
  Model addition step   8: Added term 0 2 0 0 2 0 -- RMS=8.837128, GCV=6.136080e-08, AIC = 1.585191
  Model addition step   9: Added term 0 0 0 0 0 1 -- RMS=8.014909, GCV=5.048512e-08, AIC = 1.389906
  Model addition step  10: Added term 1 0 0 0 2 0 -- RMS=7.435930, GCV=4.346444e-08, AIC = 1.239979
  Model addition step  11: Added term 0 0 0 0 1 2 -- RMS=6.507909, GCV=3.329998e-08, AIC = 0.973400
  Model addition step  12: Added term 0 0 0 1 0 0 -- RMS=6.088682, GCV=2.915446e-08, AIC = 0.840259
  Model addition step  13: Added term 1 0 0 0 0 0 -- RMS=5.778503, GCV=2.626555e-08, AIC = 0.735717
  Model addition step  14: Added term 0 0 0 1 1 0 -- RMS=5.390588, GCV=2.286260e-08, AIC = 0.596768
  Model addition step  15: Added term 0 0 0 0 1 0 -- RMS=5.035940, GCV=1.995776e-08, AIC = 0.460692
  Model addition step  16: Added term 2 0 1 0 1 0 -- RMS=4.645761, GCV=1.698878e-08, AIC = 0.299434
  Model addition step  17: Added term 0 3 0 0 0 0 -- RMS=4.463687, GCV=1.568677e-08, AIC = 0.219506
  Model addition step  18: Added term 1 3 0 0 0 0 -- RMS=4.250885, GCV=1.422991e-08, AIC = 0.121842
  Model addition step  19: Added term 0 1 0 0 1 0 -- RMS=4.069356, GCV=1.304344e-08, AIC = 0.034589
  Model addition step  20: Added term 0 2 0 0 1 0 -- RMS=3.897385, GCV=1.196699e-08, AIC = -0.051737
  Model addition step  21: Added term 1 2 0 0 1 0 -- RMS=3.713613, GCV=1.086749e-08, AIC = -0.148306
  Model addition step  22: Added term 0 0 0 1 0 2 -- RMS=3.542413, GCV=9.890812e-09, AIC = -0.242668
  Model addition step  23: Added term 1 0 0 0 3 0 -- RMS=3.373392, GCV=8.971491e-09, AIC = -0.340415
  Model addition step  24: Added term 0 1 2 0 0 0 -- RMS=3.225958, GCV=8.206277e-09, AIC = -0.429760
  Model addition step  25: Added term 0 0 0 0 4 0 -- RMS=3.110301, GCV=7.630116e-09, AIC = -0.502749
  Model addition step  26: Added term 1 0 0 0 1 0 -- RMS=3.008879, GCV=7.142219e-09, AIC = -0.569022
Change in error: 0.017547. No more terms added.
   27 polynomial terms were written for deltclav3
deltclav4
  RMS fit error of the full model is: 0.810567 mm
  maximum moment arm: 57.856029 mm
  maximum error allowed: 5.785603 mm
  Model addition step   1: Added term 0 0 0 0 0 0 -- RMS=33.392052, GCV=8.747286e-07, AIC = 4.243679
  Model addition step   2: Added term 1 0 0 1 1 0 -- RMS=26.523344, GCV=5.520025e-07, AIC = 3.783126
  Model addition step   3: Added term 1 0 1 0 0 0 -- RMS=19.936532, GCV=3.119472e-07, AIC = 3.212215
  Model addition step   4: Added term 0 1 0 0 0 0 -- RMS=16.465449, GCV=2.128268e-07, AIC = 2.829668
  Model addition step   5: Added term 0 0 0 0 0 1 -- RMS=12.525103, GCV=1.231797e-07, AIC = 2.282641
  Model addition step   6: Added term 2 0 0 0 2 0 -- RMS=11.162404, GCV=9.785644e-08, AIC = 2.052306
  Model addition step   7: Added term 2 1 0 0 0 0 -- RMS=10.018612, GCV=7.884723e-08, AIC = 1.836124
  Model addition step   8: Added term 0 0 0 0 1 2 -- RMS=9.038663, GCV=6.419144e-08, AIC = 1.630290
  Model addition step   9: Added term 0 2 0 0 2 0 -- RMS=8.102848, GCV=5.159903e-08, AIC = 1.411731
  Model addition step  10: Added term 2 0 1 0 0 0 -- RMS=7.304155, GCV=4.193760e-08, AIC = 1.204218
  Model addition step  11: Added term 2 0 0 1 1 0 -- RMS=6.732306, GCV=3.563598e-08, AIC = 1.041199
  Model addition step  12: Added term 3 0 0 0 0 0 -- RMS=6.143020, GCV=2.967715e-08, AIC = 0.858028
  Model addition step  13: Added term 0 0 0 0 1 0 -- RMS=5.773575, GCV=2.622077e-08, AIC = 0.734010
  Model addition step  14: Added term 1 0 1 0 2 0 -- RMS=5.373741, GCV=2.271992e-08, AIC = 0.590508
  Model addition step  15: Added term 0 1 0 0 1 0 -- RMS=5.161818, GCV=2.096796e-08, AIC = 0.510069
  Model addition step  16: Added term 0 2 1 0 0 0 -- RMS=4.935611, GCV=1.917477e-08, AIC = 0.420476
  Model addition step  17: Added term 0 2 0 0 0 0 -- RMS=4.743126, GCV=1.771231e-08, AIC = 0.340948
  Model addition step  18: Added term 1 2 0 0 1 0 -- RMS=4.535802, GCV=1.620136e-08, AIC = 0.251591
  Model addition step  19: Added term 0 2 0 0 1 0 -- RMS=4.319340, GCV=1.469521e-08, AIC = 0.153825
  Model addition step  20: Added term 1 2 1 0 0 0 -- RMS=4.151550, GCV=1.357872e-08, AIC = 0.074615
  Model addition step  21: Added term 1 0 0 1 0 0 -- RMS=3.976100, GCV=1.245806e-08, AIC = -0.011714
  Model addition step  22: Added term 0 0 0 0 1 1 -- RMS=3.788743, GCV=1.131420e-08, AIC = -0.108216
  Model addition step  23: Added term 0 0 0 1 0 2 -- RMS=3.614447, GCV=1.029947e-08, AIC = -0.202375
  Model addition step  24: Added term 1 0 0 0 2 0 -- RMS=3.464965, GCV=9.467304e-09, AIC = -0.286816
  Model addition step  25: Added term 3 0 0 0 1 0 -- RMS=3.231734, GCV=8.237541e-09, AIC = -0.426151
  Model addition step  26: Added term 1 0 0 2 0 1 -- RMS=3.118637, GCV=7.672794e-09, AIC = -0.497364
  Model addition step  27: Added term 3 0 0 1 0 0 -- RMS=3.021182, GCV=7.202369e-09, AIC = -0.560828
Change in error: 0.022291. No more terms added.
   28 polynomial terms were written for deltclav4
coracobr1
  RMS fit error of the full model is: 0.113070 mm
  maximum moment arm: 31.446834 mm
  maximum error allowed: 3.144683 mm
  Model addition step   1: Added term 0 0 0 -- RMS=15.812122, GCV=1.120803e-07, AIC = 2.189005
  Model addition step   2: Added term 1 1 0 -- RMS=7.430770, GCV=2.475791e-08, AIC = 0.678766
  Model addition step   3: Added term 1 0 1 -- RMS=5.986725, GCV=1.607394e-08, AIC = 0.246653
  Model addition step   4: Added term 0 0 2 -- RMS=2.557481, GCV=2.934039e-09, AIC = -1.454335
  Model addition step   5: Added term 1 0 3 -- RMS=2.373750, GCV=2.528184e-09, AIC = -1.603382
  Model addition step   6: Added term 3 1 0 -- RMS=2.213587, GCV=2.199019e-09, AIC = -1.743040
  Model addition step   7: Added term 0 1 0 -- RMS=1.878703, GCV=1.584344e-09, AIC = -2.071049
  Model addition step   8: Added term 0 2 0 -- RMS=1.622107, GCV=1.181380e-09, AIC = -2.364705
  Model addition step   9: Added term 0 3 0 -- RMS=1.441051, GCV=9.325810e-10, AIC = -2.601356
  Model addition step  10: Added term 0 1 1 -- RMS=1.324688, GCV=7.882301e-10, AIC = -2.769690
  Model addition step  11: Added term 0 2 2 -- RMS=1.072528, GCV=5.168213e-10, AIC = -3.191951
  Model addition step  12: Added term 2 1 0 -- RMS=0.937287, GCV=3.947895e-10, AIC = -3.461464
  Model addition step  13: Added term 1 3 0 -- RMS=0.841031, GCV=3.179375e-10, AIC = -3.678130
  Model addition step  14: Added term 0 0 3 -- RMS=0.757488, GCV=2.579687e-10, AIC = -3.887315
  Model addition step  15: Added term 0 3 1 -- RMS=0.685638, GCV=2.113988e-10, AIC = -4.086576
  Model addition step  16: Added term 2 0 2 -- RMS=0.617664, GCV=1.715991e-10, AIC = -4.295330
  Model addition step  17: Added term 3 0 1 -- RMS=0.503749, GCV=1.141656e-10, AIC = -4.703008
  Model addition step  18: Added term 2 0 0 -- RMS=0.444053, GCV=8.873084e-11, AIC = -4.955220
  Model addition step  19: Added term 0 0 4 -- RMS=0.378624, GCV=6.452367e-11, AIC = -5.273964
  Model addition step  20: Added term 1 1 2 -- RMS=0.292727, GCV=3.857667e-11, AIC = -5.788517
  Model addition step  21: Added term 0 1 2 -- RMS=0.267951, GCV=3.233030e-11, AIC = -5.965328
  Model addition step  22: Added term 2 2 0 -- RMS=0.244322, GCV=2.688570e-11, AIC = -6.149907
  Model addition step  23: Added term 1 2 1 -- RMS=0.221632, GCV=2.212878e-11, AIC = -6.344791
  Model addition step  24: Added term 2 1 1 -- RMS=0.193431, GCV=1.685935e-11, AIC = -6.616934
  Model addition step  25: Added term 0 0 1 -- RMS=0.175670, GCV=1.390857e-11, AIC = -6.809503
  Model addition step  26: Added term 0 1 3 -- RMS=0.136663, GCV=8.419544e-12, AIC = -7.311620
  Model addition step  27: Added term 1 0 2 -- RMS=0.129070, GCV=7.511645e-12, AIC = -7.425890
  Model addition step  28: Added term 2 0 1 -- RMS=0.121227, GCV=6.628012e-12, AIC = -7.551209
  Model addition step  29: Added term 0 4 0 -- RMS=0.116626, GCV=6.135747e-12, AIC = -7.628551
Change in error: 0.018804. No more terms added.
   30 polynomial terms were written for coracobr1
coracobr2
  RMS fit error of the full model is: 0.173801 mm
  maximum moment arm: 35.511408 mm
  maximum error allowed: 3.551141 mm
  Model addition step   1: Added term 0 0 0 -- RMS=20.388541, GCV=1.863466e-07, AIC = 2.697398
  Model addition step   2: Added term 0 0 1 -- RMS=14.254103, GCV=9.110165e-08, AIC = 1.981597
  Model addition step   3: Added term 1 1 0 -- RMS=5.361775, GCV=1.289321e-08, AIC = 0.026154
  Model addition step   4: Added term 0 1 0 -- RMS=3.818687, GCV=6.541379e-09, AIC = -0.652567
  Model addition step   5: Added term 1 0 1 -- RMS=3.337847, GCV=4.998864e-09, AIC = -0.921673
  Model addition step   6: Added term 1 0 3 -- RMS=2.860487, GCV=3.672111e-09, AIC = -1.230285
  Model addition step   7: Added term 1 0 2 -- RMS=2.768188, GCV=3.439731e-09, AIC = -1.295826
  Model addition step   8: Added term 2 0 1 -- RMS=2.512728, GCV=2.834795e-09, AIC = -1.489418
  Model addition step   9: Added term 0 0 2 -- RMS=2.240231, GCV=2.253790e-09, AIC = -1.718943
  Model addition step  10: Added term 0 0 3 -- RMS=1.572759, GCV=1.111091e-09, AIC = -2.426382
  Model addition step  11: Added term 3 1 0 -- RMS=1.466199, GCV=9.658487e-10, AIC = -2.566641
  Model addition step  12: Added term 2 1 0 -- RMS=1.200126, GCV=6.472531e-10, AIC = -2.967079
  Model addition step  13: Added term 0 2 0 -- RMS=1.145774, GCV=5.900870e-10, AIC = -3.059715
  Model addition step  14: Added term 1 3 0 -- RMS=0.737184, GCV=2.443247e-10, AIC = -3.941655
  Model addition step  15: Added term 1 0 0 -- RMS=0.617475, GCV=1.714557e-10, AIC = -4.295997
  Model addition step  16: Added term 1 1 1 -- RMS=0.583205, GCV=1.529864e-10, AIC = -4.410141
  Model addition step  17: Added term 1 2 1 -- RMS=0.459445, GCV=9.496729e-11, AIC = -4.887126
  Model addition step  18: Added term 0 1 2 -- RMS=0.420713, GCV=7.964826e-11, AIC = -5.063207
  Model addition step  19: Added term 0 2 2 -- RMS=0.362832, GCV=5.925342e-11, AIC = -5.359172
  Model addition step  20: Added term 0 3 1 -- RMS=0.336003, GCV=5.082603e-11, AIC = -5.512756
  Model addition step  21: Added term 2 0 2 -- RMS=0.303301, GCV=4.142333e-11, AIC = -5.717489
  Model addition step  22: Added term 3 0 1 -- RMS=0.273113, GCV=3.359538e-11, AIC = -5.927113
  Model addition step  23: Added term 2 0 0 -- RMS=0.244958, GCV=2.703188e-11, AIC = -6.144653
  Model addition step  24: Added term 0 0 4 -- RMS=0.235181, GCV=2.492271e-11, AIC = -6.226059
  Model addition step  25: Added term 2 2 0 -- RMS=0.225482, GCV=2.291460e-11, AIC = -6.310233
  Model addition step  26: Added term 0 3 0 -- RMS=0.203134, GCV=1.860160e-11, AIC = -6.518929
  Model addition step  27: Added term 1 1 2 -- RMS=0.195057, GCV=1.715564e-11, AIC = -6.600018
  Model addition step  28: Added term 3 0 0 -- RMS=0.188679, GCV=1.605574e-11, AIC = -6.666447
  Model addition step  29: Added term 0 2 1 -- RMS=0.181807, GCV=1.491082e-11, AIC = -6.740595
Change in error: 0.014571. No more terms added.
   30 polynomial terms were written for coracobr2
coracobr3
  RMS fit error of the full model is: 0.124585 mm
  maximum moment arm: 36.838109 mm
  maximum error allowed: 3.683811 mm
  Model addition step   1: Added term 0 0 0 -- RMS=20.438407, GCV=1.872592e-07, AIC = 2.702283
  Model addition step   2: Added term 1 1 0 -- RMS=12.649711, GCV=7.174765e-08, AIC = 1.742776
  Model addition step   3: Added term 0 0 1 -- RMS=5.771447, GCV=1.493871e-08, AIC = 0.173409
  Model addition step   4: Added term 1 0 1 -- RMS=5.277130, GCV=1.249214e-08, AIC = -0.005616
  Model addition step   5: Added term 0 0 2 -- RMS=3.171630, GCV=4.513397e-09, AIC = -1.023833
  Model addition step   6: Added term 1 0 3 -- RMS=2.963449, GCV=3.941222e-09, AIC = -1.159561
  Model addition step   7: Added term 0 1 0 -- RMS=2.839858, GCV=3.620150e-09, AIC = -1.244704
  Model addition step   8: Added term 3 1 0 -- RMS=2.408932, GCV=2.605431e-09, AIC = -1.573790
  Model addition step   9: Added term 0 2 0 -- RMS=2.250510, GCV=2.274521e-09, AIC = -1.709787
  Model addition step  10: Added term 0 3 0 -- RMS=2.077716, GCV=1.939090e-09, AIC = -1.869506
  Model addition step  11: Added term 0 1 1 -- RMS=1.955008, GCV=1.717197e-09, AIC = -1.991200
  Model addition step  12: Added term 0 3 1 -- RMS=1.784326, GCV=1.430767e-09, AIC = -2.173851
  Model addition step  13: Added term 2 1 0 -- RMS=1.675550, GCV=1.261922e-09, AIC = -2.299593
  Model addition step  14: Added term 2 0 2 -- RMS=1.579397, GCV=1.121497e-09, AIC = -2.417734
  Model addition step  15: Added term 3 0 1 -- RMS=1.326394, GCV=7.911477e-10, AIC = -2.766837
  Model addition step  16: Added term 0 0 4 -- RMS=1.137800, GCV=5.822941e-10, AIC = -3.073515
  Model addition step  17: Added term 1 3 0 -- RMS=1.041454, GCV=4.879640e-10, AIC = -3.250417
  Model addition step  18: Added term 0 1 3 -- RMS=0.998510, GCV=4.486522e-10, AIC = -3.334579
  Model addition step  19: Added term 1 0 2 -- RMS=0.744412, GCV=2.494193e-10, AIC = -3.921860
  Model addition step  20: Added term 2 1 1 -- RMS=0.620021, GCV=1.730667e-10, AIC = -4.287487
  Model addition step  21: Added term 0 0 3 -- RMS=0.551972, GCV=1.371932e-10, AIC = -4.519943
  Model addition step  22: Added term 2 0 1 -- RMS=0.477655, GCV=1.027602e-10, AIC = -4.809104
  Model addition step  23: Added term 2 0 0 -- RMS=0.397763, GCV=7.127567e-11, AIC = -5.175115
  Model addition step  24: Added term 0 1 2 -- RMS=0.310275, GCV=4.337935e-11, AIC = -5.671855
  Model addition step  25: Added term 1 0 0 -- RMS=0.257088, GCV=2.978877e-11, AIC = -6.047876
  Model addition step  26: Added term 2 2 0 -- RMS=0.217289, GCV=2.128443e-11, AIC = -6.384200
  Model addition step  27: Added term 1 1 2 -- RMS=0.189164, GCV=1.613468e-11, AIC = -6.661374
  Model addition step  28: Added term 1 2 1 -- RMS=0.157419, GCV=1.117627e-11, AIC = -7.028721
  Model addition step  29: Added term 1 1 1 -- RMS=0.143118, GCV=9.239838e-12, AIC = -7.219158
  Model addition step  30: Added term 0 2 2 -- RMS=0.137560, GCV=8.538086e-12, AIC = -7.298314
  Model addition step  31: Added term 0 4 0 -- RMS=0.132467, GCV=7.919382e-12, AIC = -7.373707
Change in error: 0.023626. No more terms added.
   32 polynomial terms were written for coracobr3
infra1
  RMS fit error of the full model is: 0.385092 mm
  maximum moment arm: 24.639095 mm
  maximum error allowed: 2.463909 mm
  Model addition step   1: Added term 0 0 0 -- RMS=12.332529, GCV=6.817943e-08, AIC = 1.691932
  Model addition step   2: Added term 1 0 0 -- RMS=10.630211, GCV=5.066759e-08, AIC = 1.394908
  Model addition step   3: Added term 0 0 1 -- RMS=8.485933, GCV=3.229557e-08, AIC = 0.944383
  Model addition step   4: Added term 0 2 0 -- RMS=6.137818, GCV=1.689932e-08, AIC = 0.296558
  Model addition step   5: Added term 1 2 1 -- RMS=5.305676, GCV=1.263048e-08, AIC = 0.005230
  Model addition step   6: Added term 0 0 2 -- RMS=4.443162, GCV=8.859722e-09, AIC = -0.349536
  Model addition step   7: Added term 1 0 1 -- RMS=3.259869, GCV=4.770166e-09, AIC = -0.968839
  Model addition step   8: Added term 2 0 0 -- RMS=2.147213, GCV=2.070051e-09, AIC = -1.803815
  Model addition step   9: Added term 0 4 0 -- RMS=1.861468, GCV=1.556106e-09, AIC = -2.089370
  Model addition step  10: Added term 2 1 1 -- RMS=1.769749, GCV=1.406854e-09, AIC = -2.190369
  Model addition step  11: Added term 2 0 1 -- RMS=1.646789, GCV=1.218425e-09, AIC = -2.334334
  Model addition step  12: Added term 1 0 2 -- RMS=1.475244, GCV=9.780206e-10, AIC = -2.554286
  Model addition step  13: Added term 0 0 3 -- RMS=1.378392, GCV=8.540105e-10, AIC = -2.690041
Change in error: 0.029138. No more terms added.
   14 polynomial terms were written for infra1
infra2
  RMS fit error of the full model is: 0.256430 mm
  maximum moment arm: 22.227208 mm
  maximum error allowed: 2.222721 mm
  Model addition step   1: Added term 0 0 0 -- RMS=11.553049, GCV=5.983321e-08, AIC = 1.561350
  Model addition step   2: Added term 0 2 1 -- RMS=9.213797, GCV=3.806481e-08, AIC = 1.108911
  Model addition step   3: Added term 1 0 0 -- RMS=7.799802, GCV=2.728418e-08, AIC = 0.775760
  Model addition step   4: Added term 0 1 0 -- RMS=7.056670, GCV=2.233782e-08, AIC = 0.575566
  Model addition step   5: Added term 0 0 1 -- RMS=6.075040, GCV=1.655910e-08, AIC = 0.276053
  Model addition step   6: Added term 1 0 1 -- RMS=5.221060, GCV=1.223357e-08, AIC = -0.026867
  Model addition step   7: Added term 0 0 2 -- RMS=3.515956, GCV=5.549069e-09, AIC = -0.817589
  Model addition step   8: Added term 0 2 0 -- RMS=2.887462, GCV=3.743375e-09, AIC = -1.211400
  Model addition step   9: Added term 2 0 0 -- RMS=2.365065, GCV=2.511969e-09, AIC = -1.610489
  Model addition step  10: Added term 2 1 0 -- RMS=1.817521, GCV=1.483831e-09, AIC = -2.137097
  Model addition step  11: Added term 0 3 1 -- RMS=1.369878, GCV=8.431152e-10, AIC = -2.702545
  Model addition step  12: Added term 1 1 0 -- RMS=1.182440, GCV=6.283166e-10, AIC = -2.996772
  Model addition step  13: Added term 1 0 2 -- RMS=1.101585, GCV=5.454491e-10, AIC = -3.138375
  Model addition step  14: Added term 2 0 1 -- RMS=0.949498, GCV=4.053253e-10, AIC = -3.435463
  Model addition step  15: Added term 3 0 0 -- RMS=0.851389, GCV=3.259637e-10, AIC = -3.653536
  Model addition step  16: Added term 0 0 3 -- RMS=0.758064, GCV=2.584772e-10, AIC = -3.885683
  Model addition step  17: Added term 0 1 2 -- RMS=0.714139, GCV=2.294421e-10, AIC = -4.005008
  Model addition step  18: Added term 0 1 1 -- RMS=0.640562, GCV=1.846407e-10, AIC = -4.222415
  Model addition step  19: Added term 0 2 2 -- RMS=0.562544, GCV=1.424349e-10, AIC = -4.482110
  Model addition step  20: Added term 3 0 1 -- RMS=0.527682, GCV=1.253560e-10, AIC = -4.610007
  Model addition step  21: Added term 2 0 2 -- RMS=0.505965, GCV=1.152762e-10, AIC = -4.694002
  Model addition step  22: Added term 1 0 3 -- RMS=0.427728, GCV=8.240074e-11, AIC = -5.029907
  Model addition step  23: Added term 0 0 4 -- RMS=0.334393, GCV=5.037406e-11, AIC = -5.522194
  Model addition step  24: Added term 0 4 0 -- RMS=0.315162, GCV=4.475685e-11, AIC = -5.640594
  Model addition step  25: Added term 2 2 0 -- RMS=0.298052, GCV=4.003797e-11, AIC = -5.752179
  Model addition step  26: Added term 4 0 0 -- RMS=0.283729, GCV=3.629049e-11, AIC = -5.850620
  Model addition step  27: Added term 1 3 0 -- RMS=0.274004, GCV=3.385289e-11, AIC = -5.920321
Change in error: 0.022414. No more terms added.
   28 polynomial terms were written for infra2
infra3
  RMS fit error of the full model is: 0.267425 mm
  maximum moment arm: 23.019381 mm
  maximum error allowed: 2.301938 mm
  Model addition step   1: Added term 0 0 0 -- RMS=12.070560, GCV=6.531365e-08, AIC = 1.648990
  Model addition step   2: Added term 0 2 0 -- RMS=9.659103, GCV=4.183310e-08, AIC = 1.203309
  Model addition step   3: Added term 2 2 0 -- RMS=7.772118, GCV=2.709085e-08, AIC = 0.768649
  Model addition step   4: Added term 0 0 1 -- RMS=6.209743, GCV=1.729770e-08, AIC = 0.319859
  Model addition step   5: Added term 1 0 0 -- RMS=5.508788, GCV=1.361603e-08, AIC = 0.080365
  Model addition step   6: Added term 0 0 2 -- RMS=4.908653, GCV=1.081336e-08, AIC = -0.150269
  Model addition step   7: Added term 1 0 1 -- RMS=3.450945, GCV=5.345757e-09, AIC = -0.854916
  Model addition step   8: Added term 2 0 0 -- RMS=2.672354, GCV=3.206407e-09, AIC = -1.366237
  Model addition step   9: Added term 0 3 0 -- RMS=2.006444, GCV=1.807932e-09, AIC = -1.939372
  Model addition step  10: Added term 1 1 0 -- RMS=1.836576, GCV=1.515107e-09, AIC = -2.116238
  Model addition step  11: Added term 0 3 1 -- RMS=1.690281, GCV=1.283632e-09, AIC = -2.282199
  Model addition step  12: Added term 0 1 0 -- RMS=1.574451, GCV=1.113983e-09, AIC = -2.424119
  Model addition step  13: Added term 2 1 0 -- RMS=1.277739, GCV=7.338408e-10, AIC = -2.841693
  Model addition step  14: Added term 0 1 1 -- RMS=1.173169, GCV=6.187804e-10, AIC = -3.012403
  Model addition step  15: Added term 1 0 2 -- RMS=1.102786, GCV=5.468846e-10, AIC = -3.136084
  Model addition step  16: Added term 2 0 1 -- RMS=0.928681, GCV=3.879211e-10, AIC = -3.479688
  Model addition step  17: Added term 3 0 0 -- RMS=0.819688, GCV=3.022767e-10, AIC = -3.729316
  Model addition step  18: Added term 0 0 3 -- RMS=0.698932, GCV=2.198243e-10, AIC = -4.047999
  Model addition step  19: Added term 0 1 2 -- RMS=0.627235, GCV=1.770772e-10, AIC = -4.264410
  Model addition step  20: Added term 0 2 2 -- RMS=0.561849, GCV=1.421148e-10, AIC = -4.484529
  Model addition step  21: Added term 3 0 1 -- RMS=0.526007, GCV=1.245896e-10, AIC = -4.616308
  Model addition step  22: Added term 2 0 2 -- RMS=0.504794, GCV=1.147687e-10, AIC = -4.698583
  Model addition step  23: Added term 1 0 3 -- RMS=0.404886, GCV=7.385139e-11, AIC = -5.139615
  Model addition step  24: Added term 0 0 4 -- RMS=0.333634, GCV=5.015700e-11, AIC = -5.526681
  Model addition step  25: Added term 0 2 1 -- RMS=0.314766, GCV=4.465422e-11, AIC = -5.643059
  Model addition step  26: Added term 1 2 0 -- RMS=0.296342, GCV=3.958886e-11, AIC = -5.763628
  Model addition step  27: Added term 4 0 0 -- RMS=0.282578, GCV=3.600486e-11, AIC = -5.858691
Change in error: 0.019340. No more terms added.
   28 polynomial terms were written for infra3
infra4
  RMS fit error of the full model is: 0.316411 mm
  maximum moment arm: 24.797322 mm
  maximum error allowed: 2.479732 mm
  Model addition step   1: Added term 0 0 0 -- RMS=13.130878, GCV=7.729237e-08, AIC = 1.817385
  Model addition step   2: Added term 0 1 0 -- RMS=9.960351, GCV=4.448317e-08, AIC = 1.264732
  Model addition step   3: Added term 2 1 0 -- RMS=7.637283, GCV=2.615902e-08, AIC = 0.733647
  Model addition step   4: Added term 0 0 1 -- RMS=6.115639, GCV=1.677741e-08, AIC = 0.289318
  Model addition step   5: Added term 1 0 0 -- RMS=5.533675, GCV=1.373934e-08, AIC = 0.089380
  Model addition step   6: Added term 1 0 1 -- RMS=5.071628, GCV=1.154332e-08, AIC = -0.084945
  Model addition step   7: Added term 0 0 2 -- RMS=3.314194, GCV=4.930479e-09, AIC = -0.935784
  Model addition step   8: Added term 2 0 0 -- RMS=2.638189, GCV=3.124945e-09, AIC = -1.391971
  Model addition step   9: Added term 1 1 0 -- RMS=2.038083, GCV=1.865399e-09, AIC = -1.908081
  Model addition step  10: Added term 0 2 2 -- RMS=1.891517, GCV=1.607112e-09, AIC = -2.057286
  Model addition step  11: Added term 0 2 0 -- RMS=1.548547, GCV=1.077388e-09, AIC = -2.457354
  Model addition step  12: Added term 0 3 1 -- RMS=1.272049, GCV=7.271563e-10, AIC = -2.850675
  Model addition step  13: Added term 0 1 1 -- RMS=1.188132, GCV=6.345225e-10, AIC = -2.987112
  Model addition step  14: Added term 1 0 2 -- RMS=1.114289, GCV=5.582271e-10, AIC = -3.115387
  Model addition step  15: Added term 2 0 1 -- RMS=0.924959, GCV=3.847316e-10, AIC = -3.487776
  Model addition step  16: Added term 3 0 0 -- RMS=0.797449, GCV=2.860333e-10, AIC = -3.784382
  Model addition step  17: Added term 0 0 3 -- RMS=0.655035, GCV=1.930353e-10, AIC = -4.177786
  Model addition step  18: Added term 3 0 1 -- RMS=0.616432, GCV=1.709922e-10, AIC = -4.299210
  Model addition step  19: Added term 2 0 2 -- RMS=0.597461, GCV=1.606654e-10, AIC = -4.361672
  Model addition step  20: Added term 1 0 3 -- RMS=0.497960, GCV=1.116322e-10, AIC = -4.725954
  Model addition step  21: Added term 0 0 4 -- RMS=0.419179, GCV=7.912189e-11, AIC = -5.070343
Change in error: 0.029235. No more terms added.
   22 polynomial terms were written for infra4
infra5
  RMS fit error of the full model is: 0.387931 mm
  maximum moment arm: 25.695095 mm
  maximum error allowed: 2.569510 mm
  Model addition step   1: Added term 0 0 0 -- RMS=12.739164, GCV=7.274966e-08, AIC = 1.756814
  Model addition step   2: Added term 0 1 0 -- RMS=9.594161, GCV=4.127247e-08, AIC = 1.189817
  Model addition step   3: Added term 2 1 0 -- RMS=6.675852, GCV=1.998744e-08, AIC = 0.464557
  Model addition step   4: Added term 0 0 1 -- RMS=6.030964, GCV=1.631604e-08, AIC = 0.261433
  Model addition step   5: Added term 1 0 1 -- RMS=5.477444, GCV=1.346153e-08, AIC = 0.068953
  Model addition step   6: Added term 0 0 2 -- RMS=4.360929, GCV=8.534810e-09, AIC = -0.386898
  Model addition step   7: Added term 1 0 0 -- RMS=3.588486, GCV=5.780374e-09, AIC = -0.776751
  Model addition step   8: Added term 2 0 0 -- RMS=2.594614, GCV=3.022568e-09, AIC = -1.425281
  Model addition step   9: Added term 0 2 2 -- RMS=1.895599, GCV=1.613694e-09, AIC = -2.053030
  Model addition step  10: Added term 1 1 0 -- RMS=1.566722, GCV=1.102579e-09, AIC = -2.434073
  Model addition step  11: Added term 0 3 1 -- RMS=1.485293, GCV=9.911675e-10, AIC = -2.540765
  Model addition step  12: Added term 0 2 0 -- RMS=1.167041, GCV=6.120584e-10, AIC = -3.022989
  Model addition step  13: Added term 1 0 2 -- RMS=1.102510, GCV=5.463654e-10, AIC = -3.136697
  Model addition step  14: Added term 2 0 1 -- RMS=0.983872, GCV=4.352039e-10, AIC = -3.364339
  Model addition step  15: Added term 3 1 0 -- RMS=0.872909, GCV=3.426500e-10, AIC = -3.603612
  Model addition step  16: Added term 0 0 3 -- RMS=0.790783, GCV=2.812710e-10, AIC = -3.801172
  Model addition step  17: Added term 1 1 1 -- RMS=0.752989, GCV=2.550851e-10, AIC = -3.899062
  Model addition step  18: Added term 3 0 0 -- RMS=0.711882, GCV=2.280457e-10, AIC = -4.011281
  Model addition step  19: Added term 1 0 3 -- RMS=0.664019, GCV=1.984560e-10, AIC = -4.150428
  Model addition step  20: Added term 0 3 0 -- RMS=0.616531, GCV=1.711239e-10, AIC = -4.298777
  Model addition step  21: Added term 3 0 1 -- RMS=0.585078, GCV=1.541436e-10, AIC = -4.403448
  Model addition step  22: Added term 2 0 2 -- RMS=0.523613, GCV=1.234857e-10, AIC = -4.625376
  Model addition step  23: Added term 0 2 1 -- RMS=0.479885, GCV=1.037449e-10, AIC = -4.799735
  Model addition step  24: Added term 0 0 4 -- RMS=0.451541, GCV=9.187247e-11, AIC = -4.921437
  Model addition step  25: Added term 0 1 3 -- RMS=0.437477, GCV=8.625784e-11, AIC = -4.984667
Change in error: 0.016521. No more terms added.
   26 polynomial terms were written for infra5
infra6
  RMS fit error of the full model is: 0.375925 mm
  maximum moment arm: 24.442990 mm
  maximum error allowed: 2.444299 mm
  Model addition step   1: Added term 0 0 0 -- RMS=12.197411, GCV=6.669364e-08, AIC = 1.669899
  Model addition step   2: Added term 0 1 0 -- RMS=9.896868, GCV=4.391794e-08, AIC = 1.251944
  Model addition step   3: Added term 2 1 0 -- RMS=7.239592, GCV=2.350564e-08, AIC = 0.626693
  Model addition step   4: Added term 0 0 1 -- RMS=6.495327, GCV=1.892532e-08, AIC = 0.409785
  Model addition step   5: Added term 1 0 0 -- RMS=5.563830, GCV=1.388949e-08, AIC = 0.100249
  Model addition step   6: Added term 1 0 1 -- RMS=4.564912, GCV=9.351920e-09, AIC = -0.295470
  Model addition step   7: Added term 2 0 0 -- RMS=3.915190, GCV=6.880802e-09, AIC = -0.602484
  Model addition step   8: Added term 0 0 2 -- RMS=3.108573, GCV=4.338632e-09, AIC = -1.063829
  Model addition step   9: Added term 0 1 2 -- RMS=2.021880, GCV=1.835857e-09, AIC = -1.924045
  Model addition step  10: Added term 0 3 1 -- RMS=1.890933, GCV=1.606119e-09, AIC = -2.057904
  Model addition step  11: Added term 0 2 0 -- RMS=1.461425, GCV=9.595686e-10, AIC = -2.573164
  Model addition step  12: Added term 1 1 0 -- RMS=1.307253, GCV=7.679619e-10, AIC = -2.796076
  Model addition step  13: Added term 1 0 2 -- RMS=1.241867, GCV=6.932155e-10, AIC = -2.898644
  Model addition step  14: Added term 2 0 1 -- RMS=1.055775, GCV=5.011390e-10, AIC = -3.223270
  Model addition step  15: Added term 3 0 0 -- RMS=0.933741, GCV=3.920715e-10, AIC = -3.468877
  Model addition step  16: Added term 0 0 3 -- RMS=0.824768, GCV=3.059664e-10, AIC = -3.717015
  Model addition step  17: Added term 0 1 1 -- RMS=0.713000, GCV=2.287110e-10, AIC = -4.008199
  Model addition step  18: Added term 1 0 3 -- RMS=0.661636, GCV=1.969896e-10, AIC = -4.157676
  Model addition step  19: Added term 1 2 1 -- RMS=0.614799, GCV=1.701256e-10, AIC = -4.304459
  Model addition step  20: Added term 3 0 1 -- RMS=0.589400, GCV=1.563942e-10, AIC = -4.388784
  Model addition step  21: Added term 2 0 2 -- RMS=0.523860, GCV=1.235742e-10, AIC = -4.624491
  Model addition step  22: Added term 0 0 4 -- RMS=0.488619, GCV=1.075316e-10, AIC = -4.763716
Change in error: 0.027456. No more terms added.
   23 polynomial terms were written for infra6
termin1
  RMS fit error of the full model is: 0.531594 mm
  maximum moment arm: 26.147052 mm
  maximum error allowed: 2.614705 mm
  Model addition step   1: Added term 0 0 0 -- RMS=11.473065, GCV=5.900760e-08, AIC = 1.547456
  Model addition step   2: Added term 0 0 1 -- RMS=9.653405, GCV=4.178376e-08, AIC = 1.202129
  Model addition step   3: Added term 1 0 0 -- RMS=6.799863, GCV=2.073691e-08, AIC = 0.501368
  Model addition step   4: Added term 0 1 0 -- RMS=4.585128, GCV=9.430704e-09, AIC = -0.286744
  Model addition step   5: Added term 0 2 0 -- RMS=3.549840, GCV=5.654003e-09, AIC = -0.798520
  Model addition step   6: Added term 0 0 2 -- RMS=3.275352, GCV=4.814507e-09, AIC = -0.959418
  Model addition step   7: Added term 1 0 1 -- RMS=2.892966, GCV=3.756817e-09, AIC = -1.207648
  Model addition step   8: Added term 2 0 0 -- RMS=1.717008, GCV=1.323656e-09, AIC = -2.250990
  Model addition step   9: Added term 0 3 1 -- RMS=1.586610, GCV=1.130495e-09, AIC = -2.408901
  Model addition step  10: Added term 0 0 3 -- RMS=1.511323, GCV=1.025983e-09, AIC = -2.506073
  Model addition step  11: Added term 1 0 2 -- RMS=1.424761, GCV=9.120253e-10, AIC = -2.623980
  Model addition step  12: Added term 2 0 1 -- RMS=1.274827, GCV=7.303360e-10, AIC = -2.846312
  Model addition step  13: Added term 2 1 0 -- RMS=1.217739, GCV=6.665398e-10, AIC = -2.937885
  Model addition step  14: Added term 2 2 0 -- RMS=1.100284, GCV=5.442837e-10, AIC = -3.140683
  Model addition step  15: Added term 1 3 0 -- RMS=1.034460, GCV=4.812162e-10, AIC = -3.264005
  Model addition step  16: Added term 0 1 1 -- RMS=0.977224, GCV=4.295353e-10, AIC = -3.377786
  Model addition step  17: Added term 0 1 2 -- RMS=0.919411, GCV=3.803011e-10, AIC = -3.499695
  Model addition step  18: Added term 1 1 2 -- RMS=0.890397, GCV=3.567572e-10, AIC = -3.563772
  Model addition step  19: Added term 3 0 1 -- RMS=0.854778, GCV=3.288592e-10, AIC = -3.645366
  Model addition step  20: Added term 2 0 2 -- RMS=0.828514, GCV=3.090299e-10, AIC = -3.707726
  Model addition step  21: Added term 1 0 3 -- RMS=0.708688, GCV=2.261561e-10, AIC = -4.020107
  Model addition step  22: Added term 4 0 0 -- RMS=0.661904, GCV=1.973265e-10, AIC = -4.156642
  Model addition step  23: Added term 0 2 2 -- RMS=0.633477, GCV=1.807818e-10, AIC = -4.244380
Change in error: 0.022610. No more terms added.
   24 polynomial terms were written for termin1
termin2
  RMS fit error of the full model is: 0.622731 mm
  maximum moment arm: 27.730397 mm
  maximum error allowed: 2.773040 mm
  Model addition step   1: Added term 0 0 0 -- RMS=11.891753, GCV=6.339293e-08, AIC = 1.619142
  Model addition step   2: Added term 0 0 1 -- RMS=9.813540, GCV=4.318151e-08, AIC = 1.235034
  Model addition step   3: Added term 1 0 0 -- RMS=6.336058, GCV=1.800454e-08, AIC = 0.360077
  Model addition step   4: Added term 0 1 0 -- RMS=5.800340, GCV=1.509204e-08, AIC = 0.183452
  Model addition step   5: Added term 0 2 0 -- RMS=3.999486, GCV=7.177066e-09, AIC = -0.559993
  Model addition step   6: Added term 0 0 2 -- RMS=3.743496, GCV=6.289132e-09, AIC = -0.692228
  Model addition step   7: Added term 1 0 1 -- RMS=3.090722, GCV=4.287983e-09, AIC = -1.075403
  Model addition step   8: Added term 2 0 0 -- RMS=2.117917, GCV=2.013949e-09, AIC = -1.831290
  Model addition step   9: Added term 0 3 1 -- RMS=1.829935, GCV=1.503832e-09, AIC = -2.123540
  Model addition step  10: Added term 1 0 3 -- RMS=1.759822, GCV=1.391114e-09, AIC = -2.201620
  Model addition step  11: Added term 2 0 2 -- RMS=1.614083, GCV=1.170509e-09, AIC = -2.374454
  Model addition step  12: Added term 3 0 1 -- RMS=1.485942, GCV=9.922567e-10, AIC = -2.539835
  Model addition step  13: Added term 0 1 1 -- RMS=1.396496, GCV=8.765920e-10, AIC = -2.663943
  Model addition step  14: Added term 0 3 0 -- RMS=1.318273, GCV=7.813143e-10, AIC = -2.779176
  Model addition step  15: Added term 4 0 0 -- RMS=1.246246, GCV=6.984258e-10, AIC = -2.891493
  Model addition step  16: Added term 0 0 4 -- RMS=1.187013, GCV=6.337545e-10, AIC = -2.988829
  Model addition step  17: Added term 1 1 0 -- RMS=1.149911, GCV=5.948891e-10, AIC = -3.052284
  Model addition step  18: Added term 2 2 0 -- RMS=1.057742, GCV=5.034601e-10, AIC = -3.219323
  Model addition step  19: Added term 1 1 1 -- RMS=0.939678, GCV=3.974303e-10, AIC = -3.455976
  Model addition step  20: Added term 2 1 0 -- RMS=0.903186, GCV=3.672440e-10, AIC = -3.535138
  Model addition step  21: Added term 1 2 0 -- RMS=0.851004, GCV=3.261074e-10, AIC = -3.654106
Change in error: 0.028984. No more terms added.
   22 polynomial terms were written for termin2
termin3
  RMS fit error of the full model is: 0.514594 mm
  maximum moment arm: 28.710452 mm
  maximum error allowed: 2.871045 mm
  Model addition step   1: Added term 0 0 0 -- RMS=11.580812, GCV=6.012113e-08, AIC = 1.566151
  Model addition step   2: Added term 1 0 0 -- RMS=9.560020, GCV=4.097925e-08, AIC = 1.182687
  Model addition step   3: Added term 0 0 1 -- RMS=6.665182, GCV=1.992360e-08, AIC = 0.461358
  Model addition step   4: Added term 0 1 0 -- RMS=5.219803, GCV=1.222220e-08, AIC = -0.027461
  Model addition step   5: Added term 0 2 0 -- RMS=3.729331, GCV=6.240228e-09, AIC = -0.699867
  Model addition step   6: Added term 1 2 1 -- RMS=3.469823, GCV=5.403193e-09, AIC = -0.844061
  Model addition step   7: Added term 2 0 0 -- RMS=3.168708, GCV=4.507106e-09, AIC = -1.025564
  Model addition step   8: Added term 1 0 1 -- RMS=2.739664, GCV=3.369964e-09, AIC = -1.316486
  Model addition step   9: Added term 0 0 2 -- RMS=1.766299, GCV=1.401059e-09, AIC = -2.194328
  Model addition step  10: Added term 2 1 0 -- RMS=1.493561, GCV=1.002008e-09, AIC = -2.529719
  Model addition step  11: Added term 1 1 1 -- RMS=1.391075, GCV=8.694093e-10, AIC = -2.671834
  Model addition step  12: Added term 1 0 3 -- RMS=1.338706, GCV=8.053609e-10, AIC = -2.748526
  Model addition step  13: Added term 0 2 2 -- RMS=1.279300, GCV=7.356351e-10, AIC = -2.839251
  Model addition step  14: Added term 2 0 2 -- RMS=1.220744, GCV=6.699837e-10, AIC = -2.932900
  Model addition step  15: Added term 3 0 1 -- RMS=1.091698, GCV=5.359424e-10, AIC = -3.156295
  Model addition step  16: Added term 4 0 0 -- RMS=0.999622, GCV=4.494502e-10, AIC = -3.332465
  Model addition step  17: Added term 0 0 4 -- RMS=0.953714, GCV=4.092080e-10, AIC = -3.426435
  Model addition step  18: Added term 0 1 1 -- RMS=0.916196, GCV=3.777307e-10, AIC = -3.506646
  Model addition step  19: Added term 2 2 0 -- RMS=0.865903, GCV=3.374745e-10, AIC = -3.619506
  Model addition step  20: Added term 1 2 0 -- RMS=0.792264, GCV=2.825790e-10, AIC = -3.797206
  Model addition step  21: Added term 0 2 1 -- RMS=0.703586, GCV=2.229113e-10, AIC = -4.034559
  Model addition step  22: Added term 1 1 0 -- RMS=0.673653, GCV=2.043939e-10, AIC = -4.121452
  Model addition step  23: Added term 0 1 2 -- RMS=0.642974, GCV=1.862430e-10, AIC = -4.214618
  Model addition step  24: Added term 3 1 0 -- RMS=0.618590, GCV=1.724237e-10, AIC = -4.291884
Change in error: 0.023184. No more terms added.
   25 polynomial terms were written for termin3
termaj1
  RMS fit error of the full model is: 0.525076 mm
  maximum moment arm: 67.778563 mm
  maximum error allowed: 6.777856 mm
  Model addition step   1: Added term 0 0 0 -- RMS=44.475072, GCV=8.867116e-07, AIC = 4.257309
  Model addition step   2: Added term 0 1 0 -- RMS=33.288144, GCV=4.968503e-07, AIC = 3.677910
  Model addition step   3: Added term 0 0 1 -- RMS=21.002779, GCV=1.978324e-07, AIC = 2.756873
  Model addition step   4: Added term 2 1 0 -- RMS=9.583436, GCV=4.119871e-08, AIC = 1.187692
  Model addition step   5: Added term 1 0 2 -- RMS=9.072397, GCV=3.693028e-08, AIC = 1.078148
  Model addition step   6: Added term 0 0 3 -- RMS=8.295444, GCV=3.088269e-08, AIC = 0.899144
  Model addition step   7: Added term 2 0 1 -- RMS=7.417553, GCV=2.469759e-08, AIC = 0.675486
  Model addition step   8: Added term 1 0 0 -- RMS=6.559520, GCV=1.931856e-08, AIC = 0.429678
  Model addition step   9: Added term 1 1 0 -- RMS=4.987571, GCV=1.117136e-08, AIC = -0.118202
  Model addition step  10: Added term 0 3 1 -- RMS=3.866829, GCV=6.716384e-09, AIC = -0.627175
  Model addition step  11: Added term 0 4 0 -- RMS=3.284026, GCV=4.845473e-09, AIC = -0.953848
  Model addition step  12: Added term 2 2 0 -- RMS=2.665359, GCV=3.192507e-09, AIC = -1.371255
  Model addition step  13: Added term 1 2 0 -- RMS=2.246995, GCV=2.269458e-09, AIC = -1.712688
  Model addition step  14: Added term 3 0 0 -- RMS=2.043022, GCV=1.876555e-09, AIC = -1.902960
  Model addition step  15: Added term 0 0 2 -- RMS=1.923818, GCV=1.664335e-09, AIC = -2.023141
  Model addition step  16: Added term 1 0 1 -- RMS=1.597908, GCV=1.148455e-09, AIC = -2.394318
  Model addition step  17: Added term 2 1 1 -- RMS=1.438019, GCV=9.303302e-10, AIC = -2.605119
  Model addition step  18: Added term 2 0 0 -- RMS=1.324089, GCV=7.889323e-10, AIC = -2.770147
  Model addition step  19: Added term 0 2 1 -- RMS=1.248993, GCV=7.021391e-10, AIC = -2.886864
  Model addition step  20: Added term 1 1 2 -- RMS=1.138852, GCV=5.838955e-10, AIC = -3.071442
  Model addition step  21: Added term 0 2 2 -- RMS=1.068860, GCV=5.144458e-10, AIC = -3.198243
  Model addition step  22: Added term 3 1 0 -- RMS=0.987970, GCV=4.396257e-10, AIC = -3.355578
  Model addition step  23: Added term 1 3 0 -- RMS=0.900209, GCV=3.650728e-10, AIC = -3.541573
  Model addition step  24: Added term 0 1 1 -- RMS=0.830506, GCV=3.107966e-10, AIC = -3.702700
  Model addition step  25: Added term 4 0 0 -- RMS=0.794274, GCV=2.843342e-10, AIC = -3.791857
Change in error: 0.027965. No more terms added.
   26 polynomial terms were written for termaj1
termaj2
  RMS fit error of the full model is: 0.547316 mm
  maximum moment arm: 86.119117 mm
  maximum error allowed: 8.611912 mm
  Model addition step   1: Added term 0 0 0 -- RMS=55.586871, GCV=1.385140e-06, AIC = 4.703346
  Model addition step   2: Added term 0 1 0 -- RMS=42.255398, GCV=8.005912e-07, AIC = 4.154972
  Model addition step   3: Added term 0 0 1 -- RMS=25.527682, GCV=2.922581e-07, AIC = 3.147090
  Model addition step   4: Added term 2 1 0 -- RMS=10.516828, GCV=4.961473e-08, AIC = 1.373573
  Model addition step   5: Added term 2 0 0 -- RMS=9.983067, GCV=4.471637e-08, AIC = 1.269456
  Model addition step   6: Added term 0 4 0 -- RMS=9.546516, GCV=4.090022e-08, AIC = 1.180084
  Model addition step   7: Added term 1 2 0 -- RMS=8.654858, GCV=3.362429e-08, AIC = 0.984029
  Model addition step   8: Added term 1 0 0 -- RMS=8.161488, GCV=2.990676e-08, AIC = 0.866697
  Model addition step   9: Added term 1 1 0 -- RMS=7.589067, GCV=2.586455e-08, AIC = 0.721317
  Model addition step  10: Added term 2 2 0 -- RMS=7.029529, GCV=2.219616e-08, AIC = 0.568195
  Model addition step  11: Added term 0 0 3 -- RMS=6.555051, GCV=1.930523e-08, AIC = 0.428483
  Model addition step  12: Added term 1 0 2 -- RMS=5.333079, GCV=1.278134e-08, AIC = 0.015925
  Model addition step  13: Added term 1 2 1 -- RMS=3.925301, GCV=6.925702e-09, AIC = -0.596990
  Model addition step  14: Added term 2 0 1 -- RMS=3.101607, GCV=4.325027e-09, AIC = -1.067980
  Model addition step  15: Added term 0 2 1 -- RMS=2.482445, GCV=2.771228e-09, AIC = -1.513276
  Model addition step  16: Added term 0 0 2 -- RMS=1.985373, GCV=1.772941e-09, AIC = -1.960095
  Model addition step  17: Added term 1 0 1 -- RMS=1.564190, GCV=1.100746e-09, AIC = -2.436915
  Model addition step  18: Added term 3 0 0 -- RMS=1.433214, GCV=9.243302e-10, AIC = -2.611758
  Model addition step  19: Added term 2 1 1 -- RMS=1.326440, GCV=7.919144e-10, AIC = -2.766542
  Model addition step  20: Added term 0 3 0 -- RMS=1.211999, GCV=6.613095e-10, AIC = -2.946942
  Model addition step  21: Added term 0 2 0 -- RMS=1.130393, GCV=5.753824e-10, AIC = -3.086298
  Model addition step  22: Added term 0 3 1 -- RMS=1.053462, GCV=4.998426e-10, AIC = -3.227208
  Model addition step  23: Added term 1 1 2 -- RMS=0.972820, GCV=4.263421e-10, AIC = -3.386428
  Model addition step  24: Added term 0 2 2 -- RMS=0.843314, GCV=3.204564e-10, AIC = -3.672092
  Model addition step  25: Added term 3 1 0 -- RMS=0.728323, GCV=2.390758e-10, AIC = -3.965227
  Model addition step  26: Added term 4 0 0 -- RMS=0.685218, GCV=2.116622e-10, AIC = -4.087185
  Model addition step  27: Added term 1 1 1 -- RMS=0.651268, GCV=1.912508e-10, AIC = -4.188759
  Model addition step  28: Added term 1 3 0 -- RMS=0.625698, GCV=1.765672e-10, AIC = -4.268812
  Model addition step  29: Added term 0 1 1 -- RMS=0.596979, GCV=1.607670e-10, AIC = -4.362726
Change in error: 0.014377. No more terms added.
   30 polynomial terms were written for termaj2
termaj3
  RMS fit error of the full model is: 0.557326 mm
  maximum moment arm: 80.450432 mm
  maximum error allowed: 8.045043 mm
  Model addition step   1: Added term 0 0 0 -- RMS=49.088631, GCV=1.080217e-06, AIC = 4.454706
  Model addition step   2: Added term 0 1 0 -- RMS=37.500653, GCV=6.305566e-07, AIC = 3.916224
  Model addition step   3: Added term 0 0 1 -- RMS=23.043937, GCV=2.381536e-07, AIC = 2.942369
  Model addition step   4: Added term 2 1 0 -- RMS=10.745185, GCV=5.179274e-08, AIC = 1.416535
  Model addition step   5: Added term 1 1 0 -- RMS=9.780910, GCV=4.292369e-08, AIC = 1.228541
  Model addition step   6: Added term 1 0 0 -- RMS=8.687561, GCV=3.387128e-08, AIC = 0.991516
  Model addition step   7: Added term 0 3 0 -- RMS=7.116589, GCV=2.273406e-08, AIC = 0.592645
  Model addition step   8: Added term 0 3 1 -- RMS=6.618484, GCV=1.966744e-08, AIC = 0.447576
  Model addition step   9: Added term 1 0 2 -- RMS=5.931263, GCV=1.579874e-08, AIC = 0.228374
  Model addition step  10: Added term 0 0 3 -- RMS=4.716872, GCV=9.993871e-09, AIC = -0.229753
  Model addition step  11: Added term 2 0 1 -- RMS=3.726014, GCV=6.237521e-09, AIC = -0.701310
  Model addition step  12: Added term 2 2 0 -- RMS=3.072573, GCV=4.242528e-09, AIC = -1.086902
  Model addition step  13: Added term 0 0 2 -- RMS=2.581606, GCV=2.995697e-09, AIC = -1.435053
  Model addition step  14: Added term 1 2 0 -- RMS=1.968411, GCV=1.741995e-09, AIC = -1.977367
  Model addition step  15: Added term 1 0 1 -- RMS=1.690129, GCV=1.284554e-09, AIC = -2.282155
  Model addition step  16: Added term 0 2 1 -- RMS=1.265898, GCV=7.207878e-10, AIC = -2.860145
  Model addition step  17: Added term 3 0 0 -- RMS=1.156959, GCV=6.022044e-10, AIC = -3.040062
  Model addition step  18: Added term 2 1 1 -- RMS=1.031582, GCV=4.788651e-10, AIC = -3.269408
  Model addition step  19: Added term 3 1 0 -- RMS=0.995523, GCV=4.460729e-10, AIC = -3.340513
  Model addition step  20: Added term 1 2 1 -- RMS=0.933206, GCV=3.920629e-10, AIC = -3.469742
  Model addition step  21: Added term 2 0 0 -- RMS=0.898661, GCV=3.636553e-10, AIC = -3.545126
  Model addition step  22: Added term 4 0 0 -- RMS=0.854564, GCV=3.289154e-10, AIC = -3.645701
Change in error: 0.025057. No more terms added.
   23 polynomial terms were written for termaj3
termaj4
  RMS fit error of the full model is: 0.461757 mm
  maximum moment arm: 52.642278 mm
  maximum error allowed: 5.264228 mm
  Model addition step   1: Added term 0 0 0 -- RMS=35.227727, GCV=5.563119e-07, AIC = 3.791118
  Model addition step   2: Added term 0 1 0 -- RMS=26.801086, GCV=3.220707e-07, AIC = 3.244392
  Model addition step   3: Added term 0 0 1 -- RMS=16.789576, GCV=1.264222e-07, AIC = 2.309080
  Model addition step   4: Added term 2 1 0 -- RMS=8.078666, GCV=2.927658e-08, AIC = 0.846073
  Model addition step   5: Added term 1 0 0 -- RMS=7.223107, GCV=2.340920e-08, AIC = 0.622246
  Model addition step   6: Added term 1 1 0 -- RMS=6.079677, GCV=1.658811e-08, AIC = 0.277635
  Model addition step   7: Added term 1 0 2 -- RMS=5.615466, GCV=1.415484e-08, AIC = 0.118837
  Model addition step   8: Added term 0 0 3 -- RMS=4.725203, GCV=1.002471e-08, AIC = -0.226335
  Model addition step   9: Added term 2 0 1 -- RMS=3.756362, GCV=6.336696e-09, AIC = -0.685199
  Model addition step  10: Added term 0 3 1 -- RMS=2.641463, GCV=3.134114e-09, AIC = -1.389378
  Model addition step  11: Added term 0 4 0 -- RMS=2.345129, GCV=2.470907e-09, AIC = -1.627308
  Model addition step  12: Added term 2 2 0 -- RMS=1.987893, GCV=1.775851e-09, AIC = -1.957781
  Model addition step  13: Added term 3 0 0 -- RMS=1.599104, GCV=1.149401e-09, AIC = -2.392989
  Model addition step  14: Added term 1 3 0 -- RMS=1.387530, GCV=8.655658e-10, AIC = -2.676770
  Model addition step  15: Added term 2 1 1 -- RMS=1.312550, GCV=7.747191e-10, AIC = -2.787821
  Model addition step  16: Added term 3 1 0 -- RMS=1.244875, GCV=6.970466e-10, AIC = -2.893638
  Model addition step  17: Added term 1 2 0 -- RMS=1.176120, GCV=6.223159e-10, AIC = -3.007211
  Model addition step  18: Added term 0 2 0 -- RMS=1.115597, GCV=5.600409e-10, AIC = -3.112817
  Model addition step  19: Added term 0 3 0 -- RMS=1.008894, GCV=4.581357e-10, AIC = -3.313830
  Model addition step  20: Added term 1 2 1 -- RMS=0.923425, GCV=3.838868e-10, AIC = -3.490817
  Model addition step  21: Added term 0 0 2 -- RMS=0.886180, GCV=3.536243e-10, AIC = -3.573098
  Model addition step  22: Added term 1 0 1 -- RMS=0.813780, GCV=2.982702e-10, AIC = -3.743502
  Model addition step  23: Added term 0 2 1 -- RMS=0.769637, GCV=2.668484e-10, AIC = -3.854990
  Model addition step  24: Added term 1 1 2 -- RMS=0.705734, GCV=2.244259e-10, AIC = -4.028293
  Model addition step  25: Added term 0 1 2 -- RMS=0.633295, GCV=1.807594e-10, AIC = -4.244841
  Model addition step  26: Added term 0 1 1 -- RMS=0.552233, GCV=1.374773e-10, AIC = -4.518718
  Model addition step  27: Added term 4 0 0 -- RMS=0.485911, GCV=1.064626e-10, AIC = -4.774551
Change in error: 0.015260. No more terms added.
   28 polynomial terms were written for termaj4
supra1
  RMS fit error of the full model is: 0.553475 mm
  maximum moment arm: 24.571160 mm
  maximum error allowed: 2.457116 mm
  Model addition step   1: Added term 0 0 0 -- RMS=11.842495, GCV=6.286885e-08, AIC = 1.610840
  Model addition step   2: Added term 0 1 0 -- RMS=8.301507, GCV=3.090013e-08, AIC = 0.900382
  Model addition step   3: Added term 2 1 1 -- RMS=6.403812, GCV=1.839166e-08, AIC = 0.381350
  Model addition step   4: Added term 0 0 2 -- RMS=6.027749, GCV=1.629864e-08, AIC = 0.260367
  Model addition step   5: Added term 1 0 1 -- RMS=5.176215, GCV=1.202162e-08, AIC = -0.044176
  Model addition step   6: Added term 0 0 1 -- RMS=4.526288, GCV=9.194335e-09, AIC = -0.312464
  Model addition step   7: Added term 0 1 2 -- RMS=4.010757, GCV=7.220810e-09, AIC = -0.554253
  Model addition step   8: Added term 4 0 0 -- RMS=3.627514, GCV=5.908113e-09, AIC = -0.755062
  Model addition step   9: Added term 1 0 0 -- RMS=2.497004, GCV=2.800054e-09, AIC = -1.501918
  Model addition step  10: Added term 2 0 0 -- RMS=1.890791, GCV=1.605877e-09, AIC = -2.058054
  Model addition step  11: Added term 2 1 0 -- RMS=1.538505, GCV=1.063459e-09, AIC = -2.470366
  Model addition step  12: Added term 1 1 0 -- RMS=1.415518, GCV=9.004322e-10, AIC = -2.636942
  Model addition step  13: Added term 0 2 1 -- RMS=1.203160, GCV=6.506754e-10, AIC = -2.961974
  Model addition step  14: Added term 1 0 2 -- RMS=1.111900, GCV=5.558358e-10, AIC = -3.119680
  Model addition step  15: Added term 2 0 1 -- RMS=1.048830, GCV=4.946786e-10, AIC = -3.236414
  Model addition step  16: Added term 0 2 0 -- RMS=0.980910, GCV=4.327814e-10, AIC = -3.370257
Change in error: 0.025893. No more terms added.
   17 polynomial terms were written for supra1
supra2
  RMS fit error of the full model is: 0.491885 mm
  maximum moment arm: 25.880743 mm
  maximum error allowed: 2.588074 mm
  Model addition step   1: Added term 0 0 0 -- RMS=12.754146, GCV=7.292088e-08, AIC = 1.759164
  Model addition step   2: Added term 0 1 0 -- RMS=9.072688, GCV=3.690782e-08, AIC = 1.078045
  Model addition step   3: Added term 2 1 0 -- RMS=6.922742, GCV=2.149315e-08, AIC = 0.537187
  Model addition step   4: Added term 1 0 1 -- RMS=6.569886, GCV=1.936229e-08, AIC = 0.432612
  Model addition step   5: Added term 0 0 1 -- RMS=5.747352, GCV=1.482088e-08, AIC = 0.165154
  Model addition step   6: Added term 1 0 0 -- RMS=5.053743, GCV=1.146205e-08, AIC = -0.092010
  Model addition step   7: Added term 2 0 0 -- RMS=4.040921, GCV=7.329830e-09, AIC = -0.539267
  Model addition step   8: Added term 0 0 2 -- RMS=3.273388, GCV=4.810891e-09, AIC = -0.960506
  Model addition step   9: Added term 0 1 2 -- RMS=1.716764, GCV=1.323577e-09, AIC = -2.251218
  Model addition step  10: Added term 1 1 0 -- RMS=1.541303, GCV=1.067092e-09, AIC = -2.466788
  Model addition step  11: Added term 0 3 1 -- RMS=1.350524, GCV=8.194592e-10, AIC = -2.731003
  Model addition step  12: Added term 0 3 0 -- RMS=1.195070, GCV=6.418107e-10, AIC = -2.975523
  Model addition step  13: Added term 2 0 1 -- RMS=1.143859, GCV=5.881162e-10, AIC = -3.063060
  Model addition step  14: Added term 1 0 2 -- RMS=0.995421, GCV=4.454805e-10, AIC = -3.341000
  Model addition step  15: Added term 3 0 0 -- RMS=0.910638, GCV=3.729099e-10, AIC = -3.518985
  Model addition step  16: Added term 0 0 3 -- RMS=0.852624, GCV=3.269831e-10, AIC = -3.650582
  Model addition step  17: Added term 1 3 0 -- RMS=0.816688, GCV=3.000686e-10, AIC = -3.736648
  Model addition step  18: Added term 0 1 1 -- RMS=0.775340, GCV=2.705137e-10, AIC = -3.840504
  Model addition step  19: Added term 1 0 3 -- RMS=0.746074, GCV=2.505340e-10, AIC = -3.917401
  Model addition step  20: Added term 0 2 1 -- RMS=0.711898, GCV=2.281579e-10, AIC = -4.011126
  Model addition step  21: Added term 2 0 2 -- RMS=0.689722, GCV=2.142132e-10, AIC = -4.074361
  Model addition step  22: Added term 3 0 1 -- RMS=0.589442, GCV=1.564868e-10, AIC = -4.388530
  Model addition step  23: Added term 0 0 4 -- RMS=0.568916, GCV=1.458106e-10, AIC = -4.459361
Change in error: 0.020198. No more terms added.
   24 polynomial terms were written for supra2
supra3
  RMS fit error of the full model is: 0.268679 mm
  maximum moment arm: 24.423868 mm
  maximum error allowed: 2.442387 mm
  Model addition step   1: Added term 0 0 0 -- RMS=14.012391, GCV=8.801842e-08, AIC = 1.947335
  Model addition step   2: Added term 0 1 0 -- RMS=10.372212, GCV=4.823799e-08, AIC = 1.345768
  Model addition step   3: Added term 0 0 1 -- RMS=7.460380, GCV=2.496121e-08, AIC = 0.686776
  Model addition step   4: Added term 1 0 0 -- RMS=6.642569, GCV=1.979308e-08, AIC = 0.454617
  Model addition step   5: Added term 1 0 1 -- RMS=4.738038, GCV=1.007246e-08, AIC = -0.221078
  Model addition step   6: Added term 0 0 2 -- RMS=3.861935, GCV=6.693386e-09, AIC = -0.629932
  Model addition step   7: Added term 1 0 2 -- RMS=3.426722, GCV=5.270977e-09, AIC = -0.869004
  Model addition step   8: Added term 2 2 0 -- RMS=3.187843, GCV=4.562726e-09, AIC = -1.013468
  Model addition step   9: Added term 2 0 0 -- RMS=2.615588, GCV=3.072322e-09, AIC = -1.409123
  Model addition step  10: Added term 1 2 0 -- RMS=2.095849, GCV=1.973084e-09, AIC = -1.852127
  Model addition step  11: Added term 0 1 2 -- RMS=1.928951, GCV=1.671727e-09, AIC = -2.018036
  Model addition step  12: Added term 0 1 1 -- RMS=1.566429, GCV=1.102661e-09, AIC = -2.434335
  Model addition step  13: Added term 2 0 1 -- RMS=1.461325, GCV=9.598678e-10, AIC = -2.573189
  Model addition step  14: Added term 0 0 3 -- RMS=1.287839, GCV=7.456554e-10, AIC = -2.825890
  Model addition step  15: Added term 3 0 0 -- RMS=1.184539, GCV=6.309742e-10, AIC = -2.993057
  Model addition step  16: Added term 2 1 0 -- RMS=1.079459, GCV=5.241101e-10, AIC = -3.178788
  Model addition step  17: Added term 1 3 0 -- RMS=0.855264, GCV=3.290853e-10, AIC = -3.644342
  Model addition step  18: Added term 0 2 2 -- RMS=0.800363, GCV=2.882570e-10, AIC = -3.776975
  Model addition step  19: Added term 1 1 0 -- RMS=0.736452, GCV=2.441137e-10, AIC = -3.943362
  Model addition step  20: Added term 0 2 1 -- RMS=0.674676, GCV=2.049230e-10, AIC = -4.118530
  Model addition step  21: Added term 2 1 1 -- RMS=0.609178, GCV=1.671036e-10, AIC = -4.322719
  Model addition step  22: Added term 0 2 0 -- RMS=0.571181, GCV=1.469409e-10, AIC = -4.451471
  Model addition step  23: Added term 1 0 3 -- RMS=0.551048, GCV=1.367954e-10, AIC = -4.523184
  Model addition step  24: Added term 2 0 2 -- RMS=0.521585, GCV=1.225859e-10, AIC = -4.633027
  Model addition step  25: Added term 3 0 1 -- RMS=0.425382, GCV=8.155409e-11, AIC = -5.040741
  Model addition step  26: Added term 0 0 4 -- RMS=0.371181, GCV=6.210923e-11, AIC = -5.313282
  Model addition step  27: Added term 0 4 0 -- RMS=0.331832, GCV=4.964998e-11, AIC = -5.537347
  Model addition step  28: Added term 0 1 3 -- RMS=0.308724, GCV=4.298548e-11, AIC = -5.681651
  Model addition step  29: Added term 4 0 0 -- RMS=0.287056, GCV=3.717175e-11, AIC = -5.827133
Change in error: 0.025660. No more terms added.
   30 polynomial terms were written for supra3
supra4
  RMS fit error of the full model is: 0.331781 mm
  maximum moment arm: 24.058064 mm
  maximum error allowed: 2.405806 mm
  Model addition step   1: Added term 0 0 0 -- RMS=13.826248, GCV=8.569545e-08, AIC = 1.920589
  Model addition step   2: Added term 0 1 0 -- RMS=10.878775, GCV=5.306479e-08, AIC = 1.441135
  Model addition step   3: Added term 0 0 1 -- RMS=7.356284, GCV=2.426950e-08, AIC = 0.658673
  Model addition step   4: Added term 1 0 0 -- RMS=6.490987, GCV=1.890003e-08, AIC = 0.408449
  Model addition step   5: Added term 1 0 1 -- RMS=4.544832, GCV=9.267745e-09, AIC = -0.304343
  Model addition step   6: Added term 2 2 0 -- RMS=3.680114, GCV=6.077968e-09, AIC = -0.726381
  Model addition step   7: Added term 0 0 2 -- RMS=3.288127, GCV=4.853225e-09, AIC = -0.951576
  Model addition step   8: Added term 2 0 0 -- RMS=2.806705, GCV=3.536911e-09, AIC = -1.268134
  Model addition step   9: Added term 1 0 2 -- RMS=2.468112, GCV=2.735633e-09, AIC = -1.525193
  Model addition step  10: Added term 0 1 1 -- RMS=2.141213, GCV=2.059422e-09, AIC = -1.809299
  Model addition step  11: Added term 0 1 2 -- RMS=1.661760, GCV=1.240680e-09, AIC = -2.316234
  Model addition step  12: Added term 0 0 3 -- RMS=1.545316, GCV=1.073137e-09, AIC = -2.461475
  Model addition step  13: Added term 2 0 1 -- RMS=1.364859, GCV=8.373242e-10, AIC = -2.709774
  Model addition step  14: Added term 2 1 0 -- RMS=1.193220, GCV=6.401125e-10, AIC = -2.978509
  Model addition step  15: Added term 3 0 0 -- RMS=1.031643, GCV=4.785985e-10, AIC = -3.269460
  Model addition step  16: Added term 0 2 2 -- RMS=0.911743, GCV=3.738994e-10, AIC = -3.516504
  Model addition step  17: Added term 1 1 0 -- RMS=0.816757, GCV=3.001192e-10, AIC = -3.736479
  Model addition step  18: Added term 1 3 0 -- RMS=0.746413, GCV=2.507051e-10, AIC = -3.916550
  Model addition step  19: Added term 0 2 1 -- RMS=0.670840, GCV=2.025537e-10, AIC = -4.129991
  Model addition step  20: Added term 0 2 0 -- RMS=0.634208, GCV=1.810774e-10, AIC = -4.242239
  Model addition step  21: Added term 1 1 1 -- RMS=0.602824, GCV=1.636361e-10, AIC = -4.343688
  Model addition step  22: Added term 0 4 0 -- RMS=0.574743, GCV=1.487793e-10, AIC = -4.439037
  Model addition step  23: Added term 1 0 3 -- RMS=0.549585, GCV=1.360703e-10, AIC = -4.528499
  Model addition step  24: Added term 1 1 2 -- RMS=0.518858, GCV=1.213074e-10, AIC = -4.643511
  Model addition step  25: Added term 3 0 1 -- RMS=0.496843, GCV=1.112566e-10, AIC = -4.730168
  Model addition step  26: Added term 2 0 2 -- RMS=0.399199, GCV=7.183991e-11, AIC = -5.167736
  Model addition step  27: Added term 0 0 4 -- RMS=0.366269, GCV=6.048991e-11, AIC = -5.339868
  Model addition step  28: Added term 1 2 1 -- RMS=0.349919, GCV=5.522263e-11, AIC = -5.431141
  Model addition step  29: Added term 4 0 0 -- RMS=0.337401, GCV=5.135359e-11, AIC = -5.503948
Change in error: 0.010152. No more terms added.
   30 polynomial terms were written for supra4
subscap1
  RMS fit error of the full model is: 0.760651 mm
  maximum moment arm: 23.278726 mm
  maximum error allowed: 2.327873 mm
  Model addition step   1: Added term 0 0 0 -- RMS=12.064245, GCV=6.524533e-08, AIC = 1.647944
  Model addition step   2: Added term 1 0 0 -- RMS=9.712602, GCV=4.229779e-08, AIC = 1.214356
  Model addition step   3: Added term 0 0 1 -- RMS=7.765314, GCV=2.704343e-08, AIC = 0.766897
  Model addition step   4: Added term 1 1 1 -- RMS=7.029571, GCV=2.216658e-08, AIC = 0.567871
  Model addition step   5: Added term 1 0 2 -- RMS=6.778417, GCV=2.061556e-08, AIC = 0.495163
  Model addition step   6: Added term 2 2 0 -- RMS=6.462437, GCV=1.874254e-08, AIC = 0.399744
  Model addition step   7: Added term 2 1 1 -- RMS=5.966741, GCV=1.598113e-08, AIC = 0.240189
  Model addition step   8: Added term 0 1 0 -- RMS=5.282374, GCV=1.252821e-08, AIC = -0.003405
  Model addition step   9: Added term 4 0 0 -- RMS=4.899940, GCV=1.078225e-08, AIC = -0.153655
  Model addition step  10: Added term 0 2 0 -- RMS=4.479357, GCV=9.012740e-09, AIC = -0.333085
  Model addition step  11: Added term 0 3 1 -- RMS=4.126554, GCV=7.650645e-09, AIC = -0.497103
  Model addition step  12: Added term 2 0 1 -- RMS=3.614574, GCV=5.871306e-09, AIC = -0.761984
  Model addition step  13: Added term 0 0 3 -- RMS=3.061025, GCV=4.211644e-09, AIC = -1.094376
  Model addition step  14: Added term 3 0 0 -- RMS=2.838690, GCV=3.622857e-09, AIC = -1.245135
  Model addition step  15: Added term 0 2 1 -- RMS=2.669514, GCV=3.204626e-09, AIC = -1.367971
  Model addition step  16: Added term 1 0 1 -- RMS=2.499224, GCV=2.809445e-09, AIC = -1.499748
  Model addition step  17: Added term 0 0 2 -- RMS=2.044487, GCV=1.880513e-09, AIC = -1.901359
  Model addition step  18: Added term 0 2 2 -- RMS=1.844367, GCV=1.530736e-09, AIC = -2.107323
  Model addition step  19: Added term 2 0 0 -- RMS=1.656147, GCV=1.234527e-09, AIC = -2.322553
  Model addition step  20: Added term 1 1 0 -- RMS=1.541790, GCV=1.070165e-09, AIC = -2.465596
  Model addition step  21: Added term 2 1 0 -- RMS=1.296018, GCV=7.563452e-10, AIC = -2.812835
  Model addition step  22: Added term 1 2 0 -- RMS=1.083531, GCV=5.287836e-10, AIC = -3.170922
  Model addition step  23: Added term 0 1 3 -- RMS=0.950798, GCV=4.072581e-10, AIC = -3.432223
  Model addition step  24: Added term 0 1 1 -- RMS=0.880202, GCV=3.491045e-10, AIC = -3.586468
  Model addition step  25: Added term 3 1 0 -- RMS=0.844236, GCV=3.212299e-10, AIC = -3.669850
  Model addition step  26: Added term 1 0 3 -- RMS=0.813635, GCV=2.984320e-10, AIC = -3.743634
Change in error: 0.020058. No more terms added.
   27 polynomial terms were written for subscap1
subscap2
  RMS fit error of the full model is: 0.510033 mm
  maximum moment arm: 21.660408 mm
  maximum error allowed: 2.166041 mm
  Model addition step   1: Added term 0 0 0 -- RMS=8.255999, GCV=3.055543e-08, AIC = 0.889332
  Model addition step   2: Added term 1 0 1 -- RMS=7.650629, GCV=2.624464e-08, AIC = 0.737083
  Model addition step   3: Added term 0 2 0 -- RMS=6.977478, GCV=2.183437e-08, AIC = 0.552938
  Model addition step   4: Added term 0 0 2 -- RMS=6.439709, GCV=1.860260e-08, AIC = 0.392586
  Model addition step   5: Added term 1 2 1 -- RMS=5.999810, GCV=1.615153e-08, AIC = 0.251131
  Model addition step   6: Added term 0 0 1 -- RMS=5.605478, GCV=1.410137e-08, AIC = 0.115220
  Model addition step   7: Added term 4 0 0 -- RMS=4.932219, GCV=1.091988e-08, AIC = -0.140634
  Model addition step   8: Added term 1 0 0 -- RMS=3.800536, GCV=6.485155e-09, AIC = -0.661872
  Model addition step   9: Added term 0 2 1 -- RMS=3.267022, GCV=4.793274e-09, AIC = -0.964343
  Model addition step  10: Added term 2 0 0 -- RMS=2.723235, GCV=3.331162e-09, AIC = -1.328403
  Model addition step  11: Added term 0 1 0 -- RMS=2.277137, GCV=2.329707e-09, AIC = -1.686150
  Model addition step  12: Added term 0 1 2 -- RMS=2.115945, GCV=2.012006e-09, AIC = -1.832929
  Model addition step  13: Added term 1 0 2 -- RMS=1.999472, GCV=1.797002e-09, AIC = -1.946110
  Model addition step  14: Added term 2 0 1 -- RMS=1.763398, GCV=1.398029e-09, AIC = -2.197335
  Model addition step  15: Added term 0 1 1 -- RMS=1.519918, GCV=1.038851e-09, AIC = -2.494451
  Model addition step  16: Added term 2 1 0 -- RMS=1.328948, GCV=7.943766e-10, AIC = -2.762933
  Model addition step  17: Added term 3 0 0 -- RMS=1.237698, GCV=6.891872e-10, AIC = -2.905146
  Model addition step  18: Added term 0 0 3 -- RMS=1.184636, GCV=6.315022e-10, AIC = -2.992726
  Model addition step  19: Added term 1 0 3 -- RMS=1.090721, GCV=5.354638e-10, AIC = -3.157862
  Model addition step  20: Added term 1 1 0 -- RMS=1.031202, GCV=4.787268e-10, AIC = -3.270034
  Model addition step  21: Added term 2 0 2 -- RMS=0.984975, GCV=4.368658e-10, AIC = -3.361707
  Model addition step  22: Added term 3 0 1 -- RMS=0.822092, GCV=3.043944e-10, AIC = -3.723177
  Model addition step  23: Added term 2 2 0 -- RMS=0.773161, GCV=2.692981e-10, AIC = -3.845851
  Model addition step  24: Added term 1 2 0 -- RMS=0.714728, GCV=2.301821e-10, AIC = -4.002968
  Model addition step  25: Added term 0 0 4 -- RMS=0.677022, GCV=2.065829e-10, AIC = -4.111306
Change in error: 0.026318. No more terms added.
   26 polynomial terms were written for subscap2
subscap3
  RMS fit error of the full model is: 0.362336 mm
  maximum moment arm: 22.353083 mm
  maximum error allowed: 2.235308 mm
  Model addition step   1: Added term 0 0 0 -- RMS=13.526581, GCV=8.202102e-08, AIC = 1.876765
  Model addition step   2: Added term 1 1 0 -- RMS=10.905423, GCV=5.332507e-08, AIC = 1.446028
  Model addition step   3: Added term 0 0 1 -- RMS=7.226050, GCV=2.341778e-08, AIC = 0.622949
  Model addition step   4: Added term 1 0 0 -- RMS=6.083210, GCV=1.659995e-08, AIC = 0.278684
  Model addition step   5: Added term 0 1 0 -- RMS=3.791240, GCV=6.449128e-09, AIC = -0.666938
  Model addition step   6: Added term 2 1 0 -- RMS=3.373589, GCV=5.107640e-09, AIC = -0.900314
  Model addition step   7: Added term 0 2 1 -- RMS=3.102149, GCV=4.319750e-09, AIC = -1.068022
  Model addition step   8: Added term 1 0 2 -- RMS=2.887537, GCV=3.743567e-09, AIC = -1.211349
  Model addition step   9: Added term 2 0 1 -- RMS=2.471506, GCV=2.743161e-09, AIC = -1.522445
  Model addition step  10: Added term 0 3 0 -- RMS=1.972627, GCV=1.747895e-09, AIC = -1.973312
  Model addition step  11: Added term 0 0 3 -- RMS=1.487809, GCV=9.945287e-10, AIC = -2.537379
  Model addition step  12: Added term 3 0 0 -- RMS=0.831577, GCV=3.107603e-10, AIC = -3.700795
  Model addition step  13: Added term 1 1 2 -- RMS=0.735326, GCV=2.430399e-10, AIC = -3.946759
  Model addition step  14: Added term 0 2 0 -- RMS=0.691092, GCV=2.147273e-10, AIC = -4.070784
  Model addition step  15: Added term 1 0 1 -- RMS=0.650882, GCV=1.905099e-10, AIC = -4.190617
  Model addition step  16: Added term 2 0 2 -- RMS=0.613626, GCV=1.693628e-10, AIC = -4.308447
  Model addition step  17: Added term 0 1 1 -- RMS=0.587313, GCV=1.551838e-10, AIC = -4.396049
  Model addition step  18: Added term 0 1 2 -- RMS=0.543502, GCV=1.329254e-10, AIC = -4.551039
  Model addition step  19: Added term 0 1 3 -- RMS=0.499533, GCV=1.123133e-10, AIC = -4.719704
  Model addition step  20: Added term 1 1 1 -- RMS=0.479170, GCV=1.033664e-10, AIC = -4.802884
  Model addition step  21: Added term 1 2 1 -- RMS=0.454171, GCV=9.288297e-11, AIC = -4.909993
Change in error: 0.016294. No more terms added.
   22 polynomial terms were written for subscap3
subscap4
  RMS fit error of the full model is: 1.556405 mm
  maximum moment arm: 23.659149 mm
  maximum error allowed: 2.365915 mm
  Model addition step   1: Added term 0 0 0 -- RMS=15.923473, GCV=1.136645e-07, AIC = 2.203040
  Model addition step   2: Added term 0 0 1 -- RMS=12.791411, GCV=7.336405e-08, AIC = 1.765055
  Model addition step   3: Added term 1 0 0 -- RMS=7.107549, GCV=2.265601e-08, AIC = 0.589878
  Model addition step   4: Added term 0 2 0 -- RMS=3.818411, GCV=6.540434e-09, AIC = -0.652712
  Model addition step   5: Added term 0 1 2 -- RMS=3.562143, GCV=5.693263e-09, AIC = -0.791600
  Model addition step   6: Added term 2 1 1 -- RMS=3.217797, GCV=4.646790e-09, AIC = -0.994875
  Model addition step   7: Added term 0 2 1 -- RMS=3.022787, GCV=4.101554e-09, AIC = -1.119854
  Model addition step   8: Added term 0 1 0 -- RMS=2.835969, GCV=3.611052e-09, AIC = -1.247389
Change in error: 0.026315. No more terms added.
   9 polynomial terms were written for subscap4
subscap5
  RMS fit error of the full model is: 1.617808 mm
  maximum moment arm: 23.953608 mm
  maximum error allowed: 2.395361 mm
  Model addition step   1: Added term 0 0 0 -- RMS=15.720933, GCV=1.107913e-07, AIC = 2.177438
  Model addition step   2: Added term 0 0 1 -- RMS=12.573954, GCV=7.089084e-08, AIC = 1.730762
  Model addition step   3: Added term 1 0 0 -- RMS=7.917390, GCV=2.811304e-08, AIC = 0.805687
  Model addition step   4: Added term 0 2 0 -- RMS=4.675277, GCV=9.805188e-09, AIC = -0.247803
  Model addition step   5: Added term 2 2 0 -- RMS=4.200797, GCV=7.917753e-09, AIC = -0.461776
  Model addition step   6: Added term 0 1 2 -- RMS=3.934527, GCV=6.947380e-09, AIC = -0.592687
  Model addition step   7: Added term 1 0 1 -- RMS=3.660329, GCV=6.014140e-09, AIC = -0.737106
  Model addition step   8: Added term 1 0 2 -- RMS=3.413721, GCV=5.232228e-09, AIC = -0.876551
  Model addition step   9: Added term 2 0 1 -- RMS=3.261178, GCV=4.776141e-09, AIC = -0.967923
  Model addition step  10: Added term 2 0 0 -- RMS=3.148482, GCV=4.452746e-09, AIC = -1.038204
  Model addition step  11: Added term 0 0 2 -- RMS=3.032160, GCV=4.130734e-09, AIC = -1.113438
  Model addition step  12: Added term 0 0 3 -- RMS=2.826282, GCV=3.589643e-09, AIC = -1.254008
  Model addition step  13: Added term 3 0 0 -- RMS=2.633584, GCV=3.117542e-09, AIC = -1.395185
Change in error: 0.027790. No more terms added.
   14 polynomial terms were written for subscap5
subscap6
  RMS fit error of the full model is: 1.012481 mm
  maximum moment arm: 26.968292 mm
  maximum error allowed: 2.696829 mm
  Model addition step   1: Added term 0 0 0 -- RMS=17.343692, GCV=1.348442e-07, AIC = 2.373909
  Model addition step   2: Added term 0 0 1 -- RMS=13.188165, GCV=7.798573e-08, AIC = 1.826147
  Model addition step   3: Added term 1 0 0 -- RMS=6.177249, GCV=1.711331e-08, AIC = 0.309310
  Model addition step   4: Added term 0 3 1 -- RMS=4.374495, GCV=8.584143e-09, AIC = -0.380798
  Model addition step   5: Added term 0 1 1 -- RMS=3.781005, GCV=6.414355e-09, AIC = -0.672345
  Model addition step   6: Added term 0 2 1 -- RMS=3.472577, GCV=5.411773e-09, AIC = -0.842475
  Model addition step   7: Added term 2 1 1 -- RMS=3.176855, GCV=4.530311e-09, AIC = -1.020429
  Model addition step   8: Added term 2 0 0 -- RMS=3.064594, GCV=4.216737e-09, AIC = -1.092326
  Model addition step   9: Added term 1 0 1 -- RMS=2.897456, GCV=3.770177e-09, AIC = -1.204434
  Model addition step  10: Added term 2 0 1 -- RMS=2.720809, GCV=3.325230e-09, AIC = -1.330186
  Model addition step  11: Added term 1 0 3 -- RMS=2.550612, GCV=2.922885e-09, AIC = -1.459322
  Model addition step  12: Added term 1 0 2 -- RMS=2.400922, GCV=2.590457e-09, AIC = -1.580227
  Model addition step  13: Added term 3 0 0 -- RMS=2.200702, GCV=2.176910e-09, AIC = -1.754323
  Model addition step  14: Added term 0 0 2 -- RMS=1.981453, GCV=1.765154e-09, AIC = -1.964160
  Model addition step  15: Added term 0 0 3 -- RMS=1.622521, GCV=1.183842e-09, AIC = -2.363802
  Model addition step  16: Added term 0 2 0 -- RMS=1.548821, GCV=1.078979e-09, AIC = -2.456720
  Model addition step  17: Added term 0 1 0 -- RMS=1.430911, GCV=9.211557e-10, AIC = -2.615030
  Model addition step  18: Added term 1 3 0 -- RMS=1.356057, GCV=8.274867e-10, AIC = -2.722434
  Model addition step  19: Added term 1 1 0 -- RMS=1.305438, GCV=7.670354e-10, AIC = -2.798463
Change in error: 0.023848. No more terms added.
   20 polynomial terms were written for subscap6
subscap7
  RMS fit error of the full model is: 0.689981 mm
  maximum moment arm: 25.382479 mm
  maximum error allowed: 2.538248 mm
  Model addition step   1: Added term 0 0 0 -- RMS=16.766423, GCV=1.260172e-07, AIC = 2.306208
  Model addition step   2: Added term 0 0 1 -- RMS=12.432507, GCV=6.930489e-08, AIC = 1.708137
  Model addition step   3: Added term 1 0 0 -- RMS=4.670656, GCV=9.783617e-09, AIC = -0.249838
  Model addition step   4: Added term 0 4 0 -- RMS=4.169733, GCV=7.799335e-09, AIC = -0.476677
  Model addition step   5: Added term 0 1 1 -- RMS=3.498493, GCV=5.491622e-09, AIC = -0.827660
  Model addition step   6: Added term 0 2 1 -- RMS=2.594214, GCV=3.020282e-09, AIC = -1.425701
  Model addition step   7: Added term 1 0 2 -- RMS=2.479074, GCV=2.758750e-09, AIC = -1.516442
  Model addition step   8: Added term 0 0 3 -- RMS=2.255880, GCV=2.284877e-09, AIC = -1.705076
  Model addition step   9: Added term 2 0 1 -- RMS=2.133790, GCV=2.044709e-09, AIC = -1.816301
  Model addition step  10: Added term 2 1 1 -- RMS=1.844467, GCV=1.528154e-09, AIC = -2.107664
  Model addition step  11: Added term 3 0 0 -- RMS=1.719727, GCV=1.328745e-09, AIC = -2.247658
  Model addition step  12: Added term 2 0 0 -- RMS=1.587757, GCV=1.132892e-09, AIC = -2.407287
  Model addition step  13: Added term 1 0 1 -- RMS=1.426731, GCV=9.149598e-10, AIC = -2.621105
  Model addition step  14: Added term 0 0 2 -- RMS=1.045546, GCV=4.914752e-10, AIC = -3.242742
  Model addition step  15: Added term 1 1 2 -- RMS=1.001127, GCV=4.507040e-10, AIC = -3.329511
  Model addition step  16: Added term 0 0 4 -- RMS=0.962865, GCV=4.170048e-10, AIC = -3.407393
  Model addition step  17: Added term 0 1 0 -- RMS=0.924917, GCV=3.848695e-10, AIC = -3.487754
Change in error: 0.027483. No more terms added.
   18 polynomial terms were written for subscap7
subscap8
  RMS fit error of the full model is: 0.807090 mm
  maximum moment arm: 25.361123 mm
  maximum error allowed: 2.536112 mm
  Model addition step   1: Added term 0 0 0 -- RMS=16.738139, GCV=1.255924e-07, AIC = 2.302831
  Model addition step   2: Added term 0 0 1 -- RMS=12.463121, GCV=6.964662e-08, AIC = 1.713055
  Model addition step   3: Added term 1 0 0 -- RMS=4.677610, GCV=9.812772e-09, AIC = -0.246862
  Model addition step   4: Added term 0 3 1 -- RMS=3.895861, GCV=6.808445e-09, AIC = -0.612551
  Model addition step   5: Added term 0 1 1 -- RMS=2.806662, GCV=3.534426e-09, AIC = -1.268332
  Model addition step   6: Added term 0 2 1 -- RMS=2.563387, GCV=2.948929e-09, AIC = -1.449609
  Model addition step   7: Added term 1 2 1 -- RMS=2.439062, GCV=2.670417e-09, AIC = -1.548985
Change in error: 0.022631. No more terms added.
   8 polynomial terms were written for subscap8
subscap9
  RMS fit error of the full model is: 0.523416 mm
  maximum moment arm: 22.587721 mm
  maximum error allowed: 2.258772 mm
  Model addition step   1: Added term 0 0 0 -- RMS=15.933044, GCV=1.138011e-07, AIC = 2.204242
  Model addition step   2: Added term 0 0 1 -- RMS=11.906265, GCV=6.356199e-08, AIC = 1.621637
  Model addition step   3: Added term 1 0 0 -- RMS=5.014079, GCV=1.127525e-08, AIC = -0.107937
  Model addition step   4: Added term 0 1 1 -- RMS=3.973374, GCV=7.082068e-09, AIC = -0.573149
  Model addition step   5: Added term 0 3 1 -- RMS=3.265669, GCV=4.785009e-09, AIC = -0.965395
  Model addition step   6: Added term 0 2 0 -- RMS=2.596776, GCV=3.026251e-09, AIC = -1.423727
  Model addition step   7: Added term 2 0 1 -- RMS=2.466718, GCV=2.731317e-09, AIC = -1.526436
  Model addition step   8: Added term 1 0 2 -- RMS=2.109709, GCV=1.998369e-09, AIC = -1.839057
  Model addition step   9: Added term 0 0 3 -- RMS=1.791543, GCV=1.441393e-09, AIC = -2.165946
  Model addition step  10: Added term 3 0 0 -- RMS=1.550478, GCV=1.079834e-09, AIC = -2.454917
  Model addition step  11: Added term 0 2 1 -- RMS=1.388114, GCV=8.657121e-10, AIC = -2.676096
  Model addition step  12: Added term 0 1 0 -- RMS=1.293876, GCV=7.523252e-10, AIC = -2.816648
  Model addition step  13: Added term 2 0 0 -- RMS=1.216202, GCV=6.648586e-10, AIC = -2.940410
  Model addition step  14: Added term 2 1 1 -- RMS=1.092833, GCV=5.369367e-10, AIC = -3.154273
  Model addition step  15: Added term 1 0 1 -- RMS=1.012511, GCV=4.610122e-10, AIC = -3.306897
  Model addition step  16: Added term 1 2 1 -- RMS=0.943368, GCV=4.002884e-10, AIC = -3.448305
  Model addition step  17: Added term 0 0 2 -- RMS=0.883875, GCV=3.514708e-10, AIC = -3.578532
  Model addition step  18: Added term 0 1 2 -- RMS=0.792268, GCV=2.824553e-10, AIC = -3.797307
  Model addition step  19: Added term 1 2 0 -- RMS=0.754710, GCV=2.563676e-10, AIC = -3.894383
  Model addition step  20: Added term 2 1 0 -- RMS=0.695981, GCV=2.180696e-10, AIC = -4.056350
Change in error: 0.028582. No more terms added.
   21 polynomial terms were written for subscap9
subscap10
  RMS fit error of the full model is: 0.365441 mm
  maximum moment arm: 21.583276 mm
  maximum error allowed: 2.158328 mm
  Model addition step   1: Added term 0 0 0 -- RMS=15.626445, GCV=1.094635e-07, AIC = 2.165381
  Model addition step   2: Added term 0 0 1 -- RMS=11.761037, GCV=6.202084e-08, AIC = 1.597092
  Model addition step   3: Added term 1 0 0 -- RMS=8.851161, GCV=3.513535e-08, AIC = 1.028661
  Model addition step   4: Added term 0 1 0 -- RMS=3.688441, GCV=6.102766e-09, AIC = -0.721973
  Model addition step   5: Added term 2 1 0 -- RMS=3.119377, GCV=4.365904e-09, AIC = -1.057058
  Model addition step   6: Added term 1 1 0 -- RMS=2.552412, GCV=2.923731e-09, AIC = -1.458191
  Model addition step   7: Added term 1 0 2 -- RMS=2.397640, GCV=2.580484e-09, AIC = -1.583243
  Model addition step   8: Added term 1 2 1 -- RMS=2.192434, GCV=2.158160e-09, AIC = -1.762132
  Model addition step   9: Added term 2 0 1 -- RMS=1.980853, GCV=1.762109e-09, AIC = -1.965045
  Model addition step  10: Added term 0 0 3 -- RMS=1.587692, GCV=1.132291e-09, AIC = -2.407481
  Model addition step  11: Added term 3 0 0 -- RMS=1.383517, GCV=8.599872e-10, AIC = -2.682731
  Model addition step  12: Added term 2 1 1 -- RMS=1.273275, GCV=7.285593e-10, AIC = -2.848747
  Model addition step  13: Added term 1 0 1 -- RMS=1.202058, GCV=6.494839e-10, AIC = -2.963807
  Model addition step  14: Added term 2 0 0 -- RMS=1.151842, GCV=5.964868e-10, AIC = -3.049096
  Model addition step  15: Added term 0 0 2 -- RMS=1.113783, GCV=5.578457e-10, AIC = -3.116239
  Model addition step  16: Added term 0 2 2 -- RMS=0.985826, GCV=4.371303e-10, AIC = -3.360259
  Model addition step  17: Added term 0 2 0 -- RMS=0.939027, GCV=3.967016e-10, AIC = -3.457474
  Model addition step  18: Added term 0 3 0 -- RMS=0.772812, GCV=2.687530e-10, AIC = -3.847034
  Model addition step  19: Added term 2 2 0 -- RMS=0.744265, GCV=2.493205e-10, AIC = -3.922256
  Model addition step  20: Added term 1 2 0 -- RMS=0.693050, GCV=2.162365e-10, AIC = -4.064791
  Model addition step  21: Added term 0 1 1 -- RMS=0.653597, GCV=1.923616e-10, AIC = -4.181956
  Model addition step  22: Added term 0 2 1 -- RMS=0.569608, GCV=1.461327e-10, AIC = -4.456986
  Model addition step  23: Added term 1 1 2 -- RMS=0.545833, GCV=1.342187e-10, AIC = -4.542200
Change in error: 0.029437. No more terms added.
   24 polynomial terms were written for subscap10
subscap11
  RMS fit error of the full model is: 0.416874 mm
  maximum moment arm: 27.307658 mm
  maximum error allowed: 2.730766 mm
  Model addition step   1: Added term 0 0 0 -- RMS=17.485128, GCV=1.370524e-07, AIC = 2.390153
  Model addition step   2: Added term 0 1 0 -- RMS=13.796461, GCV=8.534574e-08, AIC = 1.916332
  Model addition step   3: Added term 0 0 1 -- RMS=10.129419, GCV=4.601643e-08, AIC = 1.298451
  Model addition step   4: Added term 1 0 0 -- RMS=5.572054, GCV=1.392746e-08, AIC = 0.103147
  Model addition step   5: Added term 2 1 0 -- RMS=4.529509, GCV=9.205358e-09, AIC = -0.311098
  Model addition step   6: Added term 1 1 0 -- RMS=4.203158, GCV=7.928431e-09, AIC = -0.460596
  Model addition step   7: Added term 1 0 2 -- RMS=3.872129, GCV=6.730277e-09, AIC = -0.624603
  Model addition step   8: Added term 2 0 1 -- RMS=3.330809, GCV=4.981157e-09, AIC = -0.925726
  Model addition step   9: Added term 0 0 3 -- RMS=2.751573, GCV=3.400089e-09, AIC = -1.307755
  Model addition step  10: Added term 1 2 1 -- RMS=2.145546, GCV=2.067764e-09, AIC = -1.805257
  Model addition step  11: Added term 3 0 0 -- RMS=1.768527, GCV=1.405226e-09, AIC = -2.191694
  Model addition step  12: Added term 0 0 4 -- RMS=1.665544, GCV=1.246616e-09, AIC = -2.311628
  Model addition step  13: Added term 1 0 1 -- RMS=1.539805, GCV=1.065736e-09, AIC = -2.468564
  Model addition step  14: Added term 0 2 1 -- RMS=1.382401, GCV=8.591781e-10, AIC = -2.684177
  Model addition step  15: Added term 4 0 0 -- RMS=1.260898, GCV=7.149453e-10, AIC = -2.868116
  Model addition step  16: Added term 0 0 2 -- RMS=1.129413, GCV=5.737414e-10, AIC = -3.088311
  Model addition step  17: Added term 1 3 0 -- RMS=1.033966, GCV=4.809730e-10, AIC = -3.264848
  Model addition step  18: Added term 2 2 0 -- RMS=0.954846, GCV=4.102722e-10, AIC = -3.424006
  Model addition step  19: Added term 0 3 1 -- RMS=0.839377, GCV=3.171151e-10, AIC = -3.681731
  Model addition step  20: Added term 2 0 0 -- RMS=0.777177, GCV=2.719195e-10, AIC = -3.835658
  Model addition step  21: Added term 2 1 1 -- RMS=0.734848, GCV=2.431608e-10, AIC = -3.947610
  Model addition step  22: Added term 3 1 0 -- RMS=0.682668, GCV=2.099012e-10, AIC = -4.094864
  Model addition step  23: Added term 1 1 2 -- RMS=0.619860, GCV=1.730934e-10, AIC = -4.287839
  Model addition step  24: Added term 0 2 2 -- RMS=0.562685, GCV=1.426665e-10, AIC = -4.481329
  Model addition step  25: Added term 1 2 0 -- RMS=0.542104, GCV=1.324506e-10, AIC = -4.555798
  Model addition step  26: Added term 0 1 1 -- RMS=0.514591, GCV=1.193742e-10, AIC = -4.659913
  Model addition step  27: Added term 0 1 3 -- RMS=0.471614, GCV=1.002899e-10, AIC = -4.834280
  Model addition step  28: Added term 0 4 0 -- RMS=0.451079, GCV=9.176694e-11, AIC = -4.923262
Change in error: 0.015305. No more terms added.
   29 polynomial terms were written for subscap11
bicl
  RMS fit error of the full model is: 1.951320 mm
  maximum moment arm: 27.185812 mm
  maximum error allowed: 2.718581 mm
  Model addition step   1: Added term 0 0 0 0 0 -- RMS=16.744360, GCV=1.885287e-07, AIC = 2.709021
  Model addition step   2: Added term 1 1 0 1 0 -- RMS=13.003225, GCV=1.137208e-07, AIC = 2.203330
  Model addition step   3: Added term 0 0 0 0 4 -- RMS=11.378780, GCV=8.710167e-08, AIC = 1.936473
  Model addition step   4: Added term 0 0 1 1 0 -- RMS=10.469513, GCV=7.375396e-08, AIC = 1.769945
  Model addition step   5: Added term 0 0 0 3 0 -- RMS=9.664430, GCV=6.286114e-08, AIC = 1.609951
  Model addition step   6: Added term 1 0 0 0 0 -- RMS=8.877484, GCV=5.305263e-08, AIC = 1.440121
  Model addition step   7: Added term 0 1 0 0 0 -- RMS=7.646836, GCV=3.937205e-08, AIC = 1.141706
  Model addition step   8: Added term 2 0 2 0 0 -- RMS=6.840435, GCV=3.151297e-08, AIC = 0.918862
  Model addition step   9: Added term 0 1 1 1 0 -- RMS=5.919670, GCV=2.360556e-08, AIC = 0.629758
  Model addition step  10: Added term 1 0 2 0 0 -- RMS=5.343942, GCV=1.924156e-08, AIC = 0.425161
  Model addition step  11: Added term 0 0 0 3 1 -- RMS=5.164093, GCV=1.797224e-08, AIC = 0.356730
  Model addition step  12: Added term 1 2 0 1 0 -- RMS=4.981318, GCV=1.672631e-08, AIC = 0.284698
  Model addition step  13: Added term 0 0 1 0 0 -- RMS=4.809806, GCV=1.559783e-08, AIC = 0.214660
  Model addition step  14: Added term 0 1 1 0 0 -- RMS=4.275815, GCV=1.232947e-08, AIC = -0.020667
  Model addition step  15: Added term 1 1 2 0 0 -- RMS=3.913496, GCV=1.033080e-08, AIC = -0.197717
  Model addition step  16: Added term 0 0 0 2 0 -- RMS=3.632518, GCV=8.902603e-09, AIC = -0.346690
  Model addition step  17: Added term 0 0 0 2 2 -- RMS=3.477351, GCV=8.160114e-09, AIC = -0.433963
Change in error: 0.024319. No more terms added.
   18 polynomial terms were written for bicl
bicb1
  RMS fit error of the full model is: 1.175404 mm
  maximum moment arm: 38.318246 mm
  maximum error allowed: 3.831825 mm
  Model addition step   1: Added term 0 0 0 0 0 -- RMS=21.314947, GCV=3.054984e-07, AIC = 3.191715
  Model addition step   2: Added term 1 1 0 1 0 -- RMS=15.978129, GCV=1.717076e-07, AIC = 2.615377
  Model addition step   3: Added term 0 0 0 0 4 -- RMS=13.220397, GCV=1.175775e-07, AIC = 2.236494
  Model addition step   4: Added term 1 1 0 0 0 -- RMS=10.924586, GCV=8.030496e-08, AIC = 1.855042
  Model addition step   5: Added term 0 0 0 2 0 -- RMS=7.684058, GCV=3.973846e-08, AIC = 1.151343
  Model addition step   6: Added term 0 1 2 0 0 -- RMS=5.405912, GCV=1.967275e-08, AIC = 0.448071
  Model addition step   7: Added term 1 0 1 0 2 -- RMS=5.042974, GCV=1.712372e-08, AIC = 0.309114
  Model addition step   8: Added term 0 0 1 0 0 -- RMS=4.477130, GCV=1.349961e-08, AIC = 0.071124
  Model addition step   9: Added term 0 0 2 1 1 -- RMS=3.624828, GCV=8.851035e-09, AIC = -0.351190
  Model addition step  10: Added term 0 0 0 3 1 -- RMS=3.368440, GCV=7.644945e-09, AIC = -0.497867
Change in error: 0.029175. No more terms added.
   11 polynomial terms were written for bicb1
triclong1
  RMS fit error of the full model is: 0.342545 mm
  maximum moment arm: 46.232443 mm
  maximum error allowed: 4.623244 mm
  Model addition step   1: Added term 0 0 0 0 -- RMS=31.827478, GCV=5.676277e-07, AIC = 3.811244
  Model addition step   2: Added term 0 1 0 1 -- RMS=23.806201, GCV=3.176411e-07, AIC = 3.230521
  Model addition step   3: Added term 0 0 1 1 -- RMS=17.613559, GCV=1.739194e-07, AIC = 2.628011
  Model addition step   4: Added term 0 1 0 0 -- RMS=13.227276, GCV=9.810518e-08, AIC = 2.055280
  Model addition step   5: Added term 0 0 0 1 -- RMS=9.506090, GCV=5.068183e-08, AIC = 1.394628
  Model addition step   6: Added term 4 0 0 0 -- RMS=8.705301, GCV=4.251219e-08, AIC = 1.218672
  Model addition step   7: Added term 1 0 0 0 -- RMS=7.897065, GCV=3.499248e-08, AIC = 1.023835
  Model addition step   8: Added term 0 0 1 0 -- RMS=7.131898, GCV=2.854637e-08, AIC = 0.820052
  Model addition step   9: Added term 2 1 0 0 -- RMS=6.367595, GCV=2.276088e-08, AIC = 0.593386
  Model addition step  10: Added term 1 1 0 0 -- RMS=4.899970, GCV=1.348101e-08, AIC = 0.069445
  Model addition step  11: Added term 0 1 3 0 -- RMS=4.492555, GCV=1.133496e-08, AIC = -0.104125
  Model addition step  12: Added term 1 0 1 0 -- RMS=4.121315, GCV=9.541180e-09, AIC = -0.276578
  Model addition step  13: Added term 0 0 2 0 -- RMS=3.591422, GCV=7.247040e-09, AIC = -0.551782
  Model addition step  14: Added term 1 0 2 0 -- RMS=3.195626, GCV=5.739014e-09, AIC = -0.785268
  Model addition step  15: Added term 0 4 0 0 -- RMS=2.749112, GCV=4.248227e-09, AIC = -1.086233
  Model addition step  16: Added term 0 0 3 0 -- RMS=2.423854, GCV=3.303187e-09, AIC = -1.338026
  Model addition step  17: Added term 2 0 1 0 -- RMS=1.912556, GCV=2.057056e-09, AIC = -1.811818
  Model addition step  18: Added term 0 3 1 0 -- RMS=1.647056, GCV=1.525922e-09, AIC = -2.110675
  Model addition step  19: Added term 3 0 0 0 -- RMS=1.383407, GCV=1.076745e-09, AIC = -2.459511
  Model addition step  20: Added term 0 0 0 2 -- RMS=1.153631, GCV=7.489348e-10, AIC = -2.822736
  Model addition step  21: Added term 0 2 0 0 -- RMS=1.060459, GCV=6.329878e-10, AIC = -2.991117
  Model addition step  22: Added term 0 3 0 0 -- RMS=0.976711, GCV=5.370781e-10, AIC = -3.155604
  Model addition step  23: Added term 1 0 0 1 -- RMS=0.925530, GCV=4.823745e-10, AIC = -3.263207
Change in error: 0.022056. No more terms added.
   24 polynomial terms were written for triclong1
triclong2
  RMS fit error of the full model is: 0.201488 mm
  maximum moment arm: 32.993427 mm
  maximum error allowed: 3.299343 mm
  Model addition step   1: Added term 0 0 0 0 -- RMS=23.783391, GCV=3.169616e-07, AIC = 3.228559
  Model addition step   2: Added term 0 1 0 1 -- RMS=17.526799, GCV=1.721717e-07, AIC = 2.618091
  Model addition step   3: Added term 0 0 1 1 -- RMS=12.389852, GCV=8.605697e-08, AIC = 1.924429
  Model addition step   4: Added term 2 1 0 1 -- RMS=10.379465, GCV=6.040892e-08, AIC = 1.570377
  Model addition step   5: Added term 0 1 0 0 -- RMS=8.429505, GCV=3.985223e-08, AIC = 1.154239
  Model addition step   6: Added term 0 0 0 1 -- RMS=5.214886, GCV=1.525582e-08, AIC = 0.193843
  Model addition step   7: Added term 0 0 1 0 -- RMS=4.258476, GCV=1.017540e-08, AIC = -0.211325
  Model addition step   8: Added term 2 1 0 0 -- RMS=3.504794, GCV=6.893912e-09, AIC = -0.600839
  Model addition step   9: Added term 1 1 0 0 -- RMS=2.841810, GCV=4.533443e-09, AIC = -1.020175
  Model addition step  10: Added term 1 0 0 0 -- RMS=2.697421, GCV=4.085384e-09, AIC = -1.124421
  Model addition step  11: Added term 1 0 1 0 -- RMS=2.566888, GCV=3.700383e-09, AIC = -1.223580
  Model addition step  12: Added term 1 0 3 0 -- RMS=2.427232, GCV=3.309429e-09, AIC = -1.335420
  Model addition step  13: Added term 1 0 2 1 -- RMS=2.239993, GCV=2.819170e-09, AIC = -1.495933
  Model addition step  14: Added term 0 0 3 1 -- RMS=1.959253, GCV=2.157279e-09, AIC = -1.763707
  Model addition step  15: Added term 2 0 1 1 -- RMS=1.663733, GCV=1.555929e-09, AIC = -2.090661
  Model addition step  16: Added term 0 0 2 0 -- RMS=1.435379, GCV=1.158387e-09, AIC = -2.385886
  Model addition step  17: Added term 0 0 0 2 -- RMS=1.351070, GCV=1.026535e-09, AIC = -2.506905
  Model addition step  18: Added term 2 2 0 0 -- RMS=1.277225, GCV=9.175936e-10, AIC = -2.619274
  Model addition step  19: Added term 1 3 0 0 -- RMS=1.155294, GCV=7.509271e-10, AIC = -2.819900
  Model addition step  20: Added term 0 2 0 0 -- RMS=1.093442, GCV=6.728246e-10, AIC = -2.929904
  Model addition step  21: Added term 0 3 0 0 -- RMS=0.984698, GCV=5.457759e-10, AIC = -3.139360
  Model addition step  22: Added term 0 2 2 0 -- RMS=0.936252, GCV=4.935040e-10, AIC = -3.240217
  Model addition step  23: Added term 0 1 1 0 -- RMS=0.807207, GCV=3.669217e-10, AIC = -3.536779
  Model addition step  24: Added term 1 0 2 0 -- RMS=0.731772, GCV=3.016142e-10, AIC = -3.732959
  Model addition step  25: Added term 0 2 1 0 -- RMS=0.668942, GCV=2.521011e-10, AIC = -3.912457
  Model addition step  26: Added term 0 0 3 0 -- RMS=0.594099, GCV=1.988900e-10, AIC = -4.149716
  Model addition step  27: Added term 2 0 1 0 -- RMS=0.538220, GCV=1.632724e-10, AIC = -4.347227
  Model addition step  28: Added term 3 0 0 0 -- RMS=0.489627, GCV=1.351517e-10, AIC = -4.536430
  Model addition step  29: Added term 4 0 0 0 -- RMS=0.436884, GCV=1.076267e-10, AIC = -4.764338
  Model addition step  30: Added term 2 1 1 0 -- RMS=0.365654, GCV=7.540972e-11, AIC = -5.120251
  Model addition step  31: Added term 1 2 0 0 -- RMS=0.329070, GCV=6.108858e-11, AIC = -5.331042
  Model addition step  32: Added term 1 0 0 1 -- RMS=0.291932, GCV=4.808888e-11, AIC = -5.570496
  Model addition step  33: Added term 0 0 0 3 -- RMS=0.272333, GCV=4.185822e-11, AIC = -5.709439
  Model addition step  34: Added term 0 1 3 0 -- RMS=0.256594, GCV=3.716796e-11, AIC = -5.828461
  Model addition step  35: Added term 0 1 2 0 -- RMS=0.239870, GCV=3.248821e-11, AIC = -5.963210
  Model addition step  36: Added term 0 0 1 2 -- RMS=0.228528, GCV=2.949507e-11, AIC = -6.060045
Change in error: 0.026052. No more terms added.
   37 polynomial terms were written for triclong2
triclong3
  RMS fit error of the full model is: 0.253738 mm
  maximum moment arm: 33.320883 mm
  maximum error allowed: 3.332088 mm
  Model addition step   1: Added term 0 0 0 0 -- RMS=23.260510, GCV=3.031779e-07, AIC = 3.184098
  Model addition step   2: Added term 0 1 0 1 -- RMS=16.622706, GCV=1.548674e-07, AIC = 2.512168
  Model addition step   3: Added term 0 0 1 1 -- RMS=11.941335, GCV=7.993915e-08, AIC = 1.850685
  Model addition step   4: Added term 0 1 0 0 -- RMS=9.764057, GCV=5.345788e-08, AIC = 1.448134
  Model addition step   5: Added term 0 0 0 1 -- RMS=6.865245, GCV=2.643386e-08, AIC = 0.743706
  Model addition step   6: Added term 4 0 0 0 -- RMS=6.128932, GCV=2.107247e-08, AIC = 0.516849
  Model addition step   7: Added term 1 0 0 1 -- RMS=5.597130, GCV=1.757819e-08, AIC = 0.335361
  Model addition step   8: Added term 0 0 1 0 -- RMS=5.215539, GCV=1.526648e-08, AIC = 0.194182
  Model addition step   9: Added term 2 1 0 1 -- RMS=4.884962, GCV=1.339555e-08, AIC = 0.063266
  Model addition step  10: Added term 1 1 0 1 -- RMS=4.146999, GCV=9.656138e-09, AIC = -0.264243
  Model addition step  11: Added term 0 0 3 0 -- RMS=3.954694, GCV=8.783322e-09, AIC = -0.359161
  Model addition step  12: Added term 1 0 0 0 -- RMS=3.771949, GCV=7.992122e-09, AIC = -0.453739
  Model addition step  13: Added term 2 1 0 0 -- RMS=3.407003, GCV=6.521881e-09, AIC = -0.657212
  Model addition step  14: Added term 1 1 0 0 -- RMS=3.120376, GCV=5.471915e-09, AIC = -0.832926
  Model addition step  15: Added term 0 0 4 0 -- RMS=3.000979, GCV=5.062310e-09, AIC = -0.910912
  Model addition step  16: Added term 1 0 1 0 -- RMS=2.602073, GCV=3.806794e-09, AIC = -1.196127
  Model addition step  17: Added term 1 0 2 0 -- RMS=2.392664, GCV=3.219448e-09, AIC = -1.363884
  Model addition step  18: Added term 0 0 2 0 -- RMS=1.944251, GCV=2.126278e-09, AIC = -1.778900
  Model addition step  19: Added term 2 0 1 0 -- RMS=1.628237, GCV=1.491586e-09, AIC = -2.133613
  Model addition step  20: Added term 0 4 0 0 -- RMS=1.379190, GCV=1.070431e-09, AIC = -2.465572
  Model addition step  21: Added term 3 0 0 0 -- RMS=1.213883, GCV=8.293957e-10, AIC = -2.720871
  Model addition step  22: Added term 0 3 1 0 -- RMS=1.045733, GCV=6.156686e-10, AIC = -3.019039
  Model addition step  23: Added term 0 0 0 2 -- RMS=0.906508, GCV=4.627503e-10, AIC = -3.304740
  Model addition step  24: Added term 0 2 0 0 -- RMS=0.760881, GCV=3.260875e-10, AIC = -3.654942
  Model addition step  25: Added term 0 1 1 0 -- RMS=0.691284, GCV=2.692224e-10, AIC = -3.846750
  Model addition step  26: Added term 0 3 0 0 -- RMS=0.636039, GCV=2.279627e-10, AIC = -4.013286
  Model addition step  27: Added term 0 2 1 0 -- RMS=0.578882, GCV=1.888744e-10, AIC = -4.201565
Change in error: 0.029289. No more terms added.
   28 polynomial terms were written for triclong3
triclong4
  RMS fit error of the full model is: 0.201488 mm
  maximum moment arm: 32.993427 mm
  maximum error allowed: 3.299343 mm
  Model addition step   1: Added term 0 0 0 0 -- RMS=23.783391, GCV=3.169616e-07, AIC = 3.228559
  Model addition step   2: Added term 0 1 0 1 -- RMS=17.526799, GCV=1.721717e-07, AIC = 2.618091
  Model addition step   3: Added term 0 0 1 1 -- RMS=12.389852, GCV=8.605697e-08, AIC = 1.924429
  Model addition step   4: Added term 2 1 0 1 -- RMS=10.379465, GCV=6.040892e-08, AIC = 1.570377
  Model addition step   5: Added term 0 1 0 0 -- RMS=8.429505, GCV=3.985223e-08, AIC = 1.154239
  Model addition step   6: Added term 0 0 0 1 -- RMS=5.214886, GCV=1.525582e-08, AIC = 0.193843
  Model addition step   7: Added term 0 0 1 0 -- RMS=4.258476, GCV=1.017540e-08, AIC = -0.211325
  Model addition step   8: Added term 2 1 0 0 -- RMS=3.504794, GCV=6.893912e-09, AIC = -0.600839
  Model addition step   9: Added term 1 1 0 0 -- RMS=2.841810, GCV=4.533443e-09, AIC = -1.020175
  Model addition step  10: Added term 1 0 0 0 -- RMS=2.697421, GCV=4.085384e-09, AIC = -1.124421
  Model addition step  11: Added term 1 0 1 0 -- RMS=2.566888, GCV=3.700383e-09, AIC = -1.223580
  Model addition step  12: Added term 1 0 3 0 -- RMS=2.427232, GCV=3.309429e-09, AIC = -1.335420
  Model addition step  13: Added term 1 0 2 1 -- RMS=2.239993, GCV=2.819170e-09, AIC = -1.495933
  Model addition step  14: Added term 0 0 3 1 -- RMS=1.959253, GCV=2.157279e-09, AIC = -1.763707
  Model addition step  15: Added term 2 0 1 1 -- RMS=1.663733, GCV=1.555929e-09, AIC = -2.090661
  Model addition step  16: Added term 0 0 2 0 -- RMS=1.435379, GCV=1.158387e-09, AIC = -2.385886
  Model addition step  17: Added term 0 0 0 2 -- RMS=1.351070, GCV=1.026535e-09, AIC = -2.506905
  Model addition step  18: Added term 2 2 0 0 -- RMS=1.277225, GCV=9.175936e-10, AIC = -2.619274
  Model addition step  19: Added term 1 3 0 0 -- RMS=1.155294, GCV=7.509271e-10, AIC = -2.819900
  Model addition step  20: Added term 0 2 0 0 -- RMS=1.093442, GCV=6.728246e-10, AIC = -2.929904
  Model addition step  21: Added term 0 3 0 0 -- RMS=0.984698, GCV=5.457759e-10, AIC = -3.139360
  Model addition step  22: Added term 0 2 2 0 -- RMS=0.936252, GCV=4.935040e-10, AIC = -3.240217
  Model addition step  23: Added term 0 1 1 0 -- RMS=0.807207, GCV=3.669217e-10, AIC = -3.536779
  Model addition step  24: Added term 1 0 2 0 -- RMS=0.731772, GCV=3.016142e-10, AIC = -3.732959
  Model addition step  25: Added term 0 2 1 0 -- RMS=0.668942, GCV=2.521011e-10, AIC = -3.912457
  Model addition step  26: Added term 0 0 3 0 -- RMS=0.594099, GCV=1.988900e-10, AIC = -4.149716
  Model addition step  27: Added term 2 0 1 0 -- RMS=0.538220, GCV=1.632724e-10, AIC = -4.347227
  Model addition step  28: Added term 3 0 0 0 -- RMS=0.489627, GCV=1.351517e-10, AIC = -4.536430
  Model addition step  29: Added term 4 0 0 0 -- RMS=0.436884, GCV=1.076267e-10, AIC = -4.764338
  Model addition step  30: Added term 2 1 1 0 -- RMS=0.365654, GCV=7.540972e-11, AIC = -5.120251
  Model addition step  31: Added term 1 2 0 0 -- RMS=0.329070, GCV=6.108858e-11, AIC = -5.331042
  Model addition step  32: Added term 1 0 0 1 -- RMS=0.291932, GCV=4.808888e-11, AIC = -5.570496
  Model addition step  33: Added term 0 0 0 3 -- RMS=0.272333, GCV=4.185822e-11, AIC = -5.709439
  Model addition step  34: Added term 0 1 3 0 -- RMS=0.256594, GCV=3.716796e-11, AIC = -5.828461
  Model addition step  35: Added term 0 1 2 0 -- RMS=0.239870, GCV=3.248821e-11, AIC = -5.963210
  Model addition step  36: Added term 0 0 1 2 -- RMS=0.228528, GCV=2.949507e-11, AIC = -6.060045
Change in error: 0.026052. No more terms added.
   37 polynomial terms were written for triclong4
latdorsi1
  RMS fit error of the full model is: 3.534259 mm
  maximum moment arm: 139.715074 mm
  maximum error allowed: 13.971507 mm
  Model addition step   1: Added term 0 0 0 0 0 0 0 0 0 -- RMS=85.515090, GCV=8.195484e-06, AIC = 6.481094
  Model addition step   2: Added term 1 0 0 0 0 0 0 0 0 -- RMS=75.585271, GCV=6.404140e-06, AIC = 6.234254
  Model addition step   3: Added term 0 0 1 0 0 0 0 0 0 -- RMS=68.634104, GCV=5.281578e-06, AIC = 6.041332
  Model addition step   4: Added term 0 0 0 0 1 0 0 0 0 -- RMS=60.246319, GCV=4.070448e-06, AIC = 5.780659
  Model addition step   5: Added term 0 0 0 0 0 0 0 0 1 -- RMS=52.136278, GCV=3.049008e-06, AIC = 5.491520
  Model addition step   6: Added term 0 0 0 1 0 0 1 0 0 -- RMS=43.956989, GCV=2.167863e-06, AIC = 5.150244
  Model addition step   7: Added term 0 1 0 0 0 0 0 0 0 -- RMS=37.130881, GCV=1.547191e-06, AIC = 4.812741
  Model addition step   8: Added term 0 0 0 0 0 0 0 1 0 -- RMS=32.373359, GCV=1.176376e-06, AIC = 4.538537
  Model addition step   9: Added term 0 0 0 1 0 0 0 3 0 -- RMS=28.300234, GCV=8.991831e-07, AIC = 4.269628
  Model addition step  10: Added term 0 0 0 0 0 1 0 0 0 -- RMS=25.495709, GCV=7.299611e-07, AIC = 4.060931
  Model addition step  11: Added term 0 0 0 1 0 1 0 0 0 -- RMS=23.674638, GCV=6.295492e-07, AIC = 3.912741
  Model addition step  12: Added term 0 2 0 0 0 0 0 0 0 -- RMS=22.347623, GCV=5.610778e-07, AIC = 3.797395
  Model addition step  13: Added term 0 0 0 0 0 0 2 1 0 -- RMS=21.204596, GCV=5.052634e-07, AIC = 3.692413
  Model addition step  14: Added term 0 0 0 1 0 0 0 2 1 -- RMS=20.104221, GCV=4.542865e-07, AIC = 3.585859
  Model addition step  15: Added term 0 1 0 1 0 0 1 0 0 -- RMS=19.487386, GCV=4.269333e-07, AIC = 3.523557
  Model addition step  16: Added term 0 0 0 0 3 0 0 1 0 -- RMS=18.877414, GCV=4.007147e-07, AIC = 3.459977
  Model addition step  17: Added term 0 0 1 1 0 0 0 1 0 -- RMS=18.098816, GCV=3.684242e-07, AIC = 3.375760
  Model addition step  18: Added term 0 0 0 1 1 0 0 1 0 -- RMS=17.088752, GCV=3.285232e-07, AIC = 3.260930
  Model addition step  19: Added term 0 0 0 1 0 0 1 1 0 -- RMS=16.443345, GCV=3.042448e-07, AIC = 3.183954
Change in error: 0.015302. No more terms added.
   20 polynomial terms were written for latdorsi1
latdorsi2
  RMS fit error of the full model is: 3.601164 mm
  maximum moment arm: 145.442290 mm
  maximum error allowed: 14.544229 mm
  Model addition step   1: Added term 0 0 0 0 0 0 0 0 0 -- RMS=93.038584, GCV=9.700973e-06, AIC = 6.649737
  Model addition step   2: Added term 1 0 0 0 0 0 0 0 0 -- RMS=83.987772, GCV=7.907124e-06, AIC = 6.445073
  Model addition step   3: Added term 0 0 1 0 0 0 0 0 0 -- RMS=76.029000, GCV=6.481005e-06, AIC = 6.245983
  Model addition step   4: Added term 0 0 0 0 1 0 0 0 0 -- RMS=67.335987, GCV=5.084820e-06, AIC = 6.003165
  Model addition step   5: Added term 0 0 0 0 0 0 0 0 1 -- RMS=57.822333, GCV=3.750332e-06, AIC = 5.698548
  Model addition step   6: Added term 0 1 0 0 0 0 0 0 0 -- RMS=50.352055, GCV=2.844529e-06, AIC = 5.421899
  Model addition step   7: Added term 0 0 0 0 0 0 0 1 0 -- RMS=42.191020, GCV=1.997622e-06, AIC = 5.068258
  Model addition step   8: Added term 0 0 0 1 0 0 2 1 0 -- RMS=31.633706, GCV=1.123236e-06, AIC = 4.492312
  Model addition step   9: Added term 0 0 0 0 0 1 0 0 0 -- RMS=25.830046, GCV=7.490632e-07, AIC = 4.086965
  Model addition step  10: Added term 0 0 0 1 0 0 1 0 0 -- RMS=24.289800, GCV=6.625420e-07, AIC = 3.964023
  Model addition step  11: Added term 0 0 0 1 0 0 0 3 0 -- RMS=22.298776, GCV=5.585024e-07, AIC = 3.792996
  Model addition step  12: Added term 0 1 0 2 0 0 1 0 0 -- RMS=21.200538, GCV=5.049567e-07, AIC = 3.692008
  Model addition step  13: Added term 0 0 0 1 0 1 0 0 0 -- RMS=20.457810, GCV=4.703013e-07, AIC = 3.620707
Change in error: 0.025652. No more terms added.
   14 polynomial terms were written for latdorsi2
latdorsi3
  RMS fit error of the full model is: 4.027960 mm
  maximum moment arm: 168.868286 mm
  maximum error allowed: 16.886829 mm
  Model addition step   1: Added term 0 0 0 0 0 0 0 0 0 -- RMS=108.873518, GCV=1.328415e-05, AIC = 6.964082
  Model addition step   2: Added term 1 0 0 0 0 0 0 0 0 -- RMS=98.758120, GCV=1.093282e-05, AIC = 6.769078
  Model addition step   3: Added term 0 0 1 0 0 0 0 0 0 -- RMS=89.389362, GCV=8.958916e-06, AIC = 6.569757
  Model addition step   4: Added term 0 0 0 0 0 0 0 0 1 -- RMS=79.525080, GCV=7.092337e-06, AIC = 6.335921
  Model addition step   5: Added term 0 0 0 0 1 0 0 0 0 -- RMS=68.896378, GCV=5.324408e-06, AIC = 6.049005
  Model addition step   6: Added term 0 1 0 0 0 0 0 0 0 -- RMS=59.321357, GCV=3.948190e-06, AIC = 5.749759
  Model addition step   7: Added term 0 0 0 0 0 0 0 1 0 -- RMS=47.939024, GCV=2.579002e-06, AIC = 5.323703
  Model addition step   8: Added term 0 0 0 1 0 0 2 1 0 -- RMS=36.596851, GCV=1.503343e-06, AIC = 4.783790
  Model addition step   9: Added term 0 0 0 0 0 1 0 0 0 -- RMS=28.023995, GCV=8.817150e-07, AIC = 4.250010
  Model addition step  10: Added term 0 0 0 1 0 0 1 0 0 -- RMS=26.151273, GCV=7.679823e-07, AIC = 4.111706
  Model addition step  11: Added term 0 1 0 2 0 0 1 0 0 -- RMS=25.010056, GCV=7.025743e-07, AIC = 4.022489
  Model addition step  12: Added term 0 0 0 0 0 0 0 4 0 -- RMS=23.977373, GCV=6.458975e-07, AIC = 3.938176
Change in error: 0.028502. No more terms added.
   13 polynomial terms were written for latdorsi3
latdorsi4
  RMS fit error of the full model is: 2.769185 mm
  maximum moment arm: 182.884216 mm
  maximum error allowed: 18.288422 mm
  Model addition step   1: Added term 0 0 0 0 0 0 0 0 0 -- RMS=118.873746, GCV=1.583657e-05, AIC = 7.139832
  Model addition step   2: Added term 1 0 0 0 0 0 0 0 0 -- RMS=108.927898, GCV=1.330040e-05, AIC = 6.965103
  Model addition step   3: Added term 0 0 0 0 0 0 0 1 1 -- RMS=98.926806, GCV=1.097266e-05, AIC = 6.772514
  Model addition step   4: Added term 0 0 1 0 0 0 0 0 0 -- RMS=87.919155, GCV=8.668584e-06, AIC = 6.536611
  Model addition step   5: Added term 0 0 0 0 1 0 0 0 0 -- RMS=77.125529, GCV=6.672289e-06, AIC = 6.274667
  Model addition step   6: Added term 0 1 0 0 0 0 0 0 0 -- RMS=65.606714, GCV=4.829170e-06, AIC = 5.951177
  Model addition step   7: Added term 0 0 0 1 0 0 1 0 0 -- RMS=56.976586, GCV=3.643058e-06, AIC = 5.669124
  Model addition step   8: Added term 0 0 0 0 0 0 0 1 0 -- RMS=47.547758, GCV=2.537645e-06, AIC = 5.307335
  Model addition step   9: Added term 0 0 0 0 0 1 0 0 0 -- RMS=36.637194, GCV=1.506997e-06, AIC = 4.786016
  Model addition step  10: Added term 0 0 0 0 0 0 0 0 1 -- RMS=29.602752, GCV=9.840784e-07, AIC = 4.359645
  Model addition step  11: Added term 0 0 0 0 0 0 0 2 1 -- RMS=27.084513, GCV=8.239579e-07, AIC = 4.181857
  Model addition step  12: Added term 0 0 0 0 0 0 2 1 0 -- RMS=25.101829, GCV=7.078988e-07, AIC = 4.029836
  Model addition step  13: Added term 0 1 0 2 0 0 1 0 0 -- RMS=24.342184, GCV=6.658508e-07, AIC = 3.968399
Change in error: 0.018154. No more terms added.
   14 polynomial terms were written for latdorsi4
latdorsi5
  RMS fit error of the full model is: 4.817168 mm
  maximum moment arm: 196.764182 mm
  maximum error allowed: 19.676418 mm
  Model addition step   1: Added term 0 0 0 0 0 0 0 0 0 -- RMS=124.075369, GCV=1.725283e-05, AIC = 7.225487
  Model addition step   2: Added term 0 0 0 0 0 0 0 1 1 -- RMS=113.416102, GCV=1.441902e-05, AIC = 7.045858
  Model addition step   3: Added term 1 0 0 1 0 0 1 0 0 -- RMS=102.908111, GCV=1.187362e-05, AIC = 6.851426
  Model addition step   4: Added term 0 0 1 0 0 0 0 0 0 -- RMS=92.298074, GCV=9.553586e-06, AIC = 6.633822
  Model addition step   5: Added term 0 1 0 0 0 0 0 0 0 -- RMS=81.022450, GCV=7.363584e-06, AIC = 6.373251
  Model addition step   6: Added term 0 0 0 0 1 0 0 0 0 -- RMS=69.427651, GCV=5.408052e-06, AIC = 6.064391
  Model addition step   7: Added term 0 0 0 0 0 0 0 1 0 -- RMS=60.164370, GCV=4.062113e-06, AIC = 5.778004
  Model addition step   8: Added term 1 0 0 0 0 1 0 0 0 -- RMS=49.399118, GCV=2.739107e-06, AIC = 5.383731
  Model addition step   9: Added term 1 0 0 0 0 0 0 0 0 -- RMS=46.034373, GCV=2.379209e-06, AIC = 5.242665
  Model addition step  10: Added term 0 0 0 0 0 0 1 2 1 -- RMS=42.286712, GCV=2.008045e-06, AIC = 5.072856
  Model addition step  11: Added term 0 0 0 0 0 1 0 0 0 -- RMS=38.877936, GCV=1.697733e-06, AIC = 4.904786
  Model addition step  12: Added term 0 0 0 1 0 0 1 0 0 -- RMS=37.144497, GCV=1.550063e-06, AIC = 4.813586
  Model addition step  13: Added term 0 0 0 0 0 0 0 0 1 -- RMS=35.035314, GCV=1.379335e-06, AIC = 4.696691
Change in error: 0.021664. No more terms added.
   14 polynomial terms were written for latdorsi5
latdorsi6
  RMS fit error of the full model is: 4.887721 mm
  maximum moment arm: 206.377530 mm
  maximum error allowed: 20.637753 mm
  Model addition step   1: Added term 0 0 0 0 0 0 0 0 0 -- RMS=126.476389, GCV=1.792702e-05, AIC = 7.263820
  Model addition step   2: Added term 0 0 0 0 0 0 0 1 1 -- RMS=115.340007, GCV=1.491236e-05, AIC = 7.079500
  Model addition step   3: Added term 1 0 0 1 0 0 1 0 0 -- RMS=105.181211, GCV=1.240395e-05, AIC = 6.895123
  Model addition step   4: Added term 0 0 1 0 0 0 0 0 0 -- RMS=94.668135, GCV=1.005053e-05, AIC = 6.684531
  Model addition step   5: Added term 0 1 0 0 0 0 0 0 0 -- RMS=82.946848, GCV=7.717529e-06, AIC = 6.420198
  Model addition step   6: Added term 0 0 0 0 1 0 0 0 0 -- RMS=71.075880, GCV=5.667877e-06, AIC = 6.111317
  Model addition step   7: Added term 0 0 0 0 0 0 0 1 0 -- RMS=59.914452, GCV=4.028436e-06, AIC = 5.769679
  Model addition step   8: Added term 1 0 0 0 0 1 0 0 0 -- RMS=51.694496, GCV=2.999572e-06, AIC = 5.474568
  Model addition step   9: Added term 0 0 0 0 0 0 1 2 1 -- RMS=49.340076, GCV=2.733177e-06, AIC = 5.381361
  Model addition step  10: Added term 1 0 0 0 1 0 0 0 0 -- RMS=46.831471, GCV=2.462868e-06, AIC = 5.277021
  Model addition step  11: Added term 1 0 0 0 0 0 0 0 0 -- RMS=45.260882, GCV=2.300960e-06, AIC = 5.208819
  Model addition step  12: Added term 0 0 0 1 0 1 1 1 0 -- RMS=43.000553, GCV=2.077344e-06, AIC = 5.106381
Change in error: 0.029532. No more terms added.
   13 polynomial terms were written for latdorsi6
pectmajt1
  RMS fit error of the full model is: 2.595092 mm
  maximum moment arm: 165.028464 mm
  maximum error allowed: 16.502846 mm
  Model addition step   1: Added term 0 0 0 0 0 0 0 0 0 -- RMS=105.639969, GCV=1.250678e-05, AIC = 6.903782
  Model addition step   2: Added term 0 1 0 0 0 0 0 0 0 -- RMS=96.406355, GCV=1.041832e-05, AIC = 6.720875
  Model addition step   3: Added term 1 0 0 0 0 0 0 1 1 -- RMS=86.524916, GCV=8.393946e-06, AIC = 6.504618
  Model addition step   4: Added term 0 0 0 1 0 0 1 0 0 -- RMS=77.449426, GCV=6.726940e-06, AIC = 6.283026
  Model addition step   5: Added term 0 0 0 0 1 0 0 0 0 -- RMS=69.181218, GCV=5.368524e-06, AIC = 6.057257
  Model addition step   6: Added term 0 0 1 1 0 0 0 0 0 -- RMS=62.208595, GCV=4.341869e-06, AIC = 5.844807
  Model addition step   7: Added term 1 0 0 0 0 1 0 0 0 -- RMS=55.136461, GCV=3.411545e-06, AIC = 5.603465
  Model addition step   8: Added term 0 0 0 0 0 0 0 0 1 -- RMS=52.083066, GCV=3.044835e-06, AIC = 5.489545
  Model addition step   9: Added term 1 0 0 0 0 0 0 0 0 -- RMS=47.765205, GCV=2.561483e-06, AIC = 5.316483
  Model addition step  10: Added term 0 0 0 0 0 0 0 1 0 -- RMS=44.591327, GCV=2.232885e-06, AIC = 5.178989
  Model addition step  11: Added term 0 0 0 0 0 1 0 0 0 -- RMS=42.043581, GCV=1.985466e-06, AIC = 5.061346
  Model addition step  12: Added term 1 0 0 1 0 0 1 1 0 -- RMS=39.270851, GCV=1.732611e-06, AIC = 4.924920
  Model addition step  13: Added term 0 0 0 0 0 1 1 1 0 -- RMS=37.162055, GCV=1.551877e-06, AIC = 4.814554
  Model addition step  14: Added term 0 0 1 0 0 0 1 1 0 -- RMS=33.992370, GCV=1.298728e-06, AIC = 4.636272
  Model addition step  15: Added term 0 0 0 1 0 0 1 1 0 -- RMS=32.629917, GCV=1.196974e-06, AIC = 4.554481
  Model addition step  16: Added term 0 1 0 1 0 0 1 1 0 -- RMS=31.411181, GCV=1.109478e-06, AIC = 4.478372
  Model addition step  17: Added term 0 0 1 0 0 0 0 0 0 -- RMS=30.081138, GCV=1.017739e-06, AIC = 4.391864
  Model addition step  18: Added term 0 0 0 4 0 0 0 0 0 -- RMS=28.022790, GCV=8.834217e-07, AIC = 4.250126
  Model addition step  19: Added term 0 0 0 2 1 0 0 1 0 -- RMS=27.146706, GCV=8.292340e-07, AIC = 4.186623
  Model addition step  20: Added term 0 0 0 0 0 0 0 0 2 -- RMS=26.298902, GCV=7.784229e-07, AIC = 4.123189
  Model addition step  21: Added term 0 0 0 0 0 0 3 0 1 -- RMS=25.151908, GCV=7.121636e-07, AIC = 4.034024
Change in error: 0.024367. No more terms added.
   22 polynomial terms were written for pectmajt1
pectmajt2
  RMS fit error of the full model is: 1.880182 mm
  maximum moment arm: 146.868991 mm
  maximum error allowed: 14.686899 mm
  Model addition step   1: Added term 0 0 0 0 0 0 0 0 0 -- RMS=95.911228, GCV=1.030927e-05, AIC = 6.710555
  Model addition step   2: Added term 1 0 0 0 0 0 0 1 1 -- RMS=86.800343, GCV=8.445577e-06, AIC = 6.510952
  Model addition step   3: Added term 0 1 0 0 0 0 0 0 0 -- RMS=77.992152, GCV=6.820019e-06, AIC = 6.296970
  Model addition step   4: Added term 0 0 0 1 0 0 1 0 0 -- RMS=69.726060, GCV=5.452195e-06, AIC = 6.072924
  Model addition step   5: Added term 0 0 0 0 1 0 0 0 0 -- RMS=62.628498, GCV=4.399694e-06, AIC = 5.858239
  Model addition step   6: Added term 1 0 0 1 0 1 0 0 0 -- RMS=55.345498, GCV=3.436691e-06, AIC = 5.611011
  Model addition step   7: Added term 0 0 1 1 0 0 0 0 0 -- RMS=49.262944, GCV=2.723416e-06, AIC = 5.378187
  Model addition step   8: Added term 0 0 0 0 0 0 0 0 1 -- RMS=46.368399, GCV=2.413320e-06, AIC = 5.257102
  Model addition step   9: Added term 1 0 0 0 0 0 0 0 0 -- RMS=41.109285, GCV=1.897352e-06, AIC = 5.016356
  Model addition step  10: Added term 0 0 0 0 0 1 0 0 0 -- RMS=36.806896, GCV=1.521332e-06, AIC = 4.795281
  Model addition step  11: Added term 0 0 0 0 0 0 0 1 0 -- RMS=35.217983, GCV=1.393131e-06, AIC = 4.707046
  Model addition step  12: Added term 0 0 0 1 0 0 1 1 0 -- RMS=31.918764, GCV=1.144597e-06, AIC = 4.510343
  Model addition step  13: Added term 0 0 0 1 0 1 0 1 0 -- RMS=30.520013, GCV=1.046712e-06, AIC = 4.420743
  Model addition step  14: Added term 0 0 1 1 0 0 0 1 0 -- RMS=28.251628, GCV=8.971029e-07, AIC = 4.266302
  Model addition step  15: Added term 0 0 0 1 1 0 0 0 0 -- RMS=26.318903, GCV=7.787327e-07, AIC = 4.124597
  Model addition step  16: Added term 0 0 0 2 1 0 0 1 0 -- RMS=25.165367, GCV=7.121260e-07, AIC = 4.034982
  Model addition step  17: Added term 0 0 0 0 0 0 0 0 2 -- RMS=23.942977, GCV=6.447689e-07, AIC = 3.935417
  Model addition step  18: Added term 0 1 0 1 0 0 1 1 0 -- RMS=23.079889, GCV=5.992565e-07, AIC = 3.862013
  Model addition step  19: Added term 0 0 1 2 0 0 0 1 0 -- RMS=22.134693, GCV=5.513024e-07, AIC = 3.778404
  Model addition step  20: Added term 0 0 1 0 0 0 0 0 0 -- RMS=21.153391, GCV=5.036170e-07, AIC = 3.687735
  Model addition step  21: Added term 0 0 0 2 0 0 0 0 0 -- RMS=20.435557, GCV=4.701224e-07, AIC = 3.618710
  Model addition step  22: Added term 0 0 0 0 0 0 1 1 0 -- RMS=19.641478, GCV=4.343940e-07, AIC = 3.539466
  Model addition step  23: Added term 0 0 0 2 0 1 0 0 0 -- RMS=18.763041, GCV=3.964966e-07, AIC = 3.447980
  Model addition step  24: Added term 0 0 0 0 0 0 1 0 1 -- RMS=18.134496, GCV=3.704602e-07, AIC = 3.379856
  Model addition step  25: Added term 0 0 0 0 2 0 0 1 0 -- RMS=17.569062, GCV=3.477966e-07, AIC = 3.316525
Change in error: 0.025456. No more terms added.
   26 polynomial terms were written for pectmajt2
pectmajt3
  RMS fit error of the full model is: 1.543674 mm
  maximum moment arm: 132.585466 mm
  maximum error allowed: 13.258547 mm
  Model addition step   1: Added term 0 0 0 0 0 0 0 0 0 -- RMS=85.612154, GCV=8.214099e-06, AIC = 6.483363
  Model addition step   2: Added term 1 0 0 0 0 0 0 0 1 -- RMS=77.358204, GCV=6.708095e-06, AIC = 6.280624
  Model addition step   3: Added term 0 1 0 0 0 0 0 0 0 -- RMS=69.603574, GCV=5.431839e-06, AIC = 6.069385
  Model addition step   4: Added term 0 0 0 1 0 0 1 0 0 -- RMS=62.102681, GCV=4.325157e-06, AIC = 5.841354
  Model addition step   5: Added term 0 0 0 0 1 0 0 0 0 -- RMS=55.698524, GCV=3.479893e-06, AIC = 5.623705
  Model addition step   6: Added term 1 0 0 1 0 1 0 0 0 -- RMS=49.008328, GCV=2.694733e-06, AIC = 5.367801
  Model addition step   7: Added term 0 0 1 1 0 0 0 0 0 -- RMS=42.717210, GCV=2.047760e-06, AIC = 5.093047
  Model addition step   8: Added term 1 0 0 0 1 0 0 0 0 -- RMS=40.006975, GCV=1.796562e-06, AIC = 4.961973
  Model addition step   9: Added term 0 0 0 0 0 0 0 0 1 -- RMS=37.232516, GCV=1.556370e-06, AIC = 4.818253
  Model addition step  10: Added term 0 0 0 3 0 0 0 0 0 -- RMS=35.509305, GCV=1.415956e-06, AIC = 4.723500
  Model addition step  11: Added term 1 0 0 0 0 0 0 1 0 -- RMS=33.899394, GCV=1.290764e-06, AIC = 4.630727
  Model addition step  12: Added term 0 0 0 0 0 1 0 0 0 -- RMS=31.946761, GCV=1.146606e-06, AIC = 4.512097
  Model addition step  13: Added term 0 0 0 0 0 0 1 1 0 -- RMS=29.719026, GCV=9.924920e-07, AIC = 4.367552
  Model addition step  14: Added term 0 0 0 0 0 0 0 1 0 -- RMS=28.218151, GCV=8.949782e-07, AIC = 4.263931
  Model addition step  15: Added term 1 0 0 0 0 0 0 0 0 -- RMS=25.929775, GCV=7.558756e-07, AIC = 4.094806
  Model addition step  16: Added term 0 0 1 0 0 0 0 0 0 -- RMS=23.971443, GCV=6.461579e-07, AIC = 3.937771
  Model addition step  17: Added term 0 0 0 1 0 1 0 1 0 -- RMS=22.499918, GCV=5.693898e-07, AIC = 3.811090
  Model addition step  18: Added term 0 0 1 0 0 0 0 1 0 -- RMS=20.670341, GCV=4.806629e-07, AIC = 3.641489
  Model addition step  19: Added term 0 0 0 1 0 1 0 0 0 -- RMS=19.195649, GCV=4.146183e-07, AIC = 3.493479
  Model addition step  20: Added term 0 0 0 0 0 0 0 0 2 -- RMS=17.713460, GCV=3.531402e-07, AIC = 3.332784
  Model addition step  21: Added term 0 1 0 2 0 0 0 1 0 -- RMS=16.589721, GCV=3.098247e-07, AIC = 3.201723
  Model addition step  22: Added term 0 0 0 0 2 0 0 1 0 -- RMS=15.963327, GCV=2.869342e-07, AIC = 3.124767
  Model addition step  23: Added term 0 0 0 0 0 0 1 0 1 -- RMS=15.435612, GCV=2.683371e-07, AIC = 3.057556
Change in error: 0.029066. No more terms added.
   24 polynomial terms were written for pectmajt3
pectmajt4
  RMS fit error of the full model is: 1.305837 mm
  maximum moment arm: 111.777292 mm
  maximum error allowed: 11.177729 mm
  Model addition step   1: Added term 0 0 0 0 0 0 0 0 0 -- RMS=72.641236, GCV=5.913649e-06, AIC = 6.154774
  Model addition step   2: Added term 1 0 0 0 0 0 0 0 1 -- RMS=66.018880, GCV=4.885654e-06, AIC = 5.963612
  Model addition step   3: Added term 0 1 0 0 0 0 0 0 0 -- RMS=59.078623, GCV=3.913312e-06, AIC = 5.741492
  Model addition step   4: Added term 0 0 0 1 0 0 1 0 0 -- RMS=52.424824, GCV=3.082159e-06, AIC = 5.502536
  Model addition step   5: Added term 1 0 0 1 0 1 0 0 0 -- RMS=46.822679, GCV=2.459184e-06, AIC = 5.276534
  Model addition step   6: Added term 1 0 0 0 1 0 0 0 0 -- RMS=40.346229, GCV=1.826341e-06, AIC = 4.978816
  Model addition step   7: Added term 0 0 1 1 0 0 0 0 0 -- RMS=36.651764, GCV=1.507520e-06, AIC = 4.786766
  Model addition step   8: Added term 0 0 0 0 1 0 0 0 0 -- RMS=34.006212, GCV=1.298037e-06, AIC = 4.636952
  Model addition step   9: Added term 0 0 0 0 0 0 0 0 1 -- RMS=31.973138, GCV=1.147727e-06, AIC = 4.513680
  Model addition step  10: Added term 1 0 0 0 0 0 0 0 0 -- RMS=30.310955, GCV=1.031727e-06, AIC = 4.406929
  Model addition step  11: Added term 0 0 0 0 0 1 0 0 0 -- RMS=27.232290, GCV=8.329737e-07, AIC = 4.192739
  Model addition step  12: Added term 0 0 0 1 1 0 0 0 0 -- RMS=25.891873, GCV=7.531602e-07, AIC = 4.091813
  Model addition step  13: Added term 0 0 0 1 0 1 1 1 0 -- RMS=24.807611, GCV=6.915566e-07, AIC = 4.006278
  Model addition step  14: Added term 0 0 1 0 0 0 0 1 0 -- RMS=22.764264, GCV=5.824552e-07, AIC = 3.834384
  Model addition step  15: Added term 0 0 0 1 0 0 1 1 0 -- RMS=21.471596, GCV=5.183003e-07, AIC = 3.717484
  Model addition step  16: Added term 0 0 0 0 0 0 0 1 0 -- RMS=20.126038, GCV=4.554775e-07, AIC = 3.588074
  Model addition step  17: Added term 0 0 0 0 0 0 0 0 2 -- RMS=18.917915, GCV=4.025264e-07, AIC = 3.464286
  Model addition step  18: Added term 0 0 0 0 0 1 0 1 0 -- RMS=17.643655, GCV=3.502051e-07, AIC = 3.324842
  Model addition step  19: Added term 0 0 1 0 0 0 0 0 0 -- RMS=16.986405, GCV=3.246727e-07, AIC = 3.248939
  Model addition step  20: Added term 0 0 0 3 0 0 0 0 0 -- RMS=15.913492, GCV=2.850174e-07, AIC = 3.118469
  Model addition step  21: Added term 0 1 0 1 0 0 1 1 0 -- RMS=15.145110, GCV=2.582158e-07, AIC = 3.019512
  Model addition step  22: Added term 0 0 0 0 2 0 1 1 0 -- RMS=14.573578, GCV=2.391486e-07, AIC = 2.942599
  Model addition step  23: Added term 0 0 1 2 0 0 0 1 0 -- RMS=14.033086, GCV=2.217887e-07, AIC = 2.867037
  Model addition step  24: Added term 0 0 0 2 0 0 1 1 0 -- RMS=13.266398, GCV=1.982607e-07, AIC = 2.754693
  Model addition step  25: Added term 0 0 0 0 0 0 1 0 1 -- RMS=12.675344, GCV=1.810288e-07, AIC = 2.663564
Change in error: 0.025866. No more terms added.
   26 polynomial terms were written for pectmajt4
pectmajt5
  RMS fit error of the full model is: 1.125505 mm
  maximum moment arm: 101.331489 mm
  maximum error allowed: 10.133149 mm
  Model addition step   1: Added term 0 0 0 0 0 0 0 0 0 -- RMS=63.964346, GCV=4.585271e-06, AIC = 5.900360
  Model addition step   2: Added term 0 1 0 0 0 0 0 0 0 -- RMS=58.259575, GCV=3.804706e-06, AIC = 5.713548
  Model addition step   3: Added term 1 0 0 0 0 0 0 0 1 -- RMS=52.836128, GCV=3.130010e-06, AIC = 5.518144
  Model addition step   4: Added term 0 0 0 1 0 0 1 1 0 -- RMS=46.933189, GCV=2.470252e-06, AIC = 5.281226
  Model addition step   5: Added term 0 0 0 1 0 1 0 0 0 -- RMS=40.977107, GCV=1.883480e-06, AIC = 5.009825
  Model addition step   6: Added term 0 0 0 0 1 0 0 0 0 -- RMS=35.849703, GCV=1.441939e-06, AIC = 4.742491
  Model addition step   7: Added term 0 0 1 0 0 0 0 1 0 -- RMS=30.607608, GCV=1.051313e-06, AIC = 4.426340
  Model addition step   8: Added term 1 0 0 0 0 0 0 0 0 -- RMS=26.776422, GCV=8.047774e-07, AIC = 4.158909
  Model addition step   9: Added term 0 0 0 0 0 0 0 2 1 -- RMS=23.146491, GCV=6.015039e-07, AIC = 3.867574
  Model addition step  10: Added term 0 0 0 2 0 0 0 0 0 -- RMS=21.878622, GCV=5.375334e-07, AIC = 3.754930
  Model addition step  11: Added term 0 0 0 0 0 0 0 0 1 -- RMS=20.494364, GCV=4.717717e-07, AIC = 3.624232
  Model addition step  12: Added term 0 0 0 0 0 0 1 0 0 -- RMS=19.072381, GCV=4.086676e-07, AIC = 3.480438
  Model addition step  13: Added term 0 0 0 1 0 1 0 2 0 -- RMS=17.645478, GCV=3.498845e-07, AIC = 3.324937
  Model addition step  14: Added term 0 0 0 1 1 0 0 0 0 -- RMS=16.526213, GCV=3.069743e-07, AIC = 3.193895
  Model addition step  15: Added term 0 0 0 0 0 0 0 1 0 -- RMS=15.689431, GCV=2.767370e-07, AIC = 3.089997
  Model addition step  16: Added term 0 0 0 0 0 0 1 0 2 -- RMS=14.815471, GCV=2.468205e-07, AIC = 2.975389
  Model addition step  17: Added term 0 0 0 0 2 0 0 1 0 -- RMS=14.068935, GCV=2.226231e-07, AIC = 2.872005
  Model addition step  18: Added term 0 1 0 0 0 0 1 2 0 -- RMS=13.580069, GCV=2.074671e-07, AIC = 2.801296
  Model addition step  19: Added term 2 0 0 0 0 0 0 0 0 -- RMS=13.125995, GCV=1.938685e-07, AIC = 2.733301
  Model addition step  20: Added term 0 0 1 2 0 0 1 0 0 -- RMS=12.674766, GCV=1.808091e-07, AIC = 2.663360
  Model addition step  21: Added term 0 0 0 0 0 0 2 0 1 -- RMS=12.250690, GCV=1.689503e-07, AIC = 2.595321
  Model addition step  22: Added term 0 0 0 0 1 2 0 0 0 -- RMS=11.837183, GCV=1.577728e-07, AIC = 2.526671
  Model addition step  23: Added term 0 0 0 0 0 0 0 0 3 -- RMS=11.433558, GCV=1.472298e-07, AIC = 2.457307
Change in error: 0.028407. No more terms added.
   24 polynomial terms were written for pectmajt5
pectmajt6
  RMS fit error of the full model is: 1.131678 mm
  maximum moment arm: 105.980538 mm
  maximum error allowed: 10.598054 mm
  Model addition step   1: Added term 0 0 0 0 0 0 0 0 0 -- RMS=66.356896, GCV=4.934705e-06, AIC = 5.973804
  Model addition step   2: Added term 0 1 0 0 0 0 0 0 0 -- RMS=60.037856, GCV=4.040516e-06, AIC = 5.773682
  Model addition step   3: Added term 0 0 0 1 0 0 1 1 0 -- RMS=53.789574, GCV=3.243994e-06, AIC = 5.553913
  Model addition step   4: Added term 0 0 0 1 0 1 0 0 0 -- RMS=47.439991, GCV=2.523890e-06, AIC = 5.302707
  Model addition step   5: Added term 1 0 0 0 0 0 0 1 2 -- RMS=40.446498, GCV=1.835018e-06, AIC = 4.983758
  Model addition step   6: Added term 0 0 0 0 1 0 0 0 0 -- RMS=35.090089, GCV=1.381481e-06, AIC = 4.699658
  Model addition step   7: Added term 0 0 1 0 0 0 0 1 0 -- RMS=29.075414, GCV=9.486917e-07, AIC = 4.323629
  Model addition step   8: Added term 0 0 0 0 0 0 0 0 1 -- RMS=26.125808, GCV=7.661436e-07, AIC = 4.109713
  Model addition step   9: Added term 1 0 0 0 0 0 0 0 0 -- RMS=22.210003, GCV=5.538158e-07, AIC = 3.784973
  Model addition step  10: Added term 0 0 0 2 0 0 1 0 0 -- RMS=20.277273, GCV=4.617263e-07, AIC = 3.602912
  Model addition step  11: Added term 0 0 0 2 1 0 0 0 0 -- RMS=18.956626, GCV=4.036315e-07, AIC = 3.468240
  Model addition step  12: Added term 0 0 0 2 0 1 0 0 0 -- RMS=18.098360, GCV=3.679924e-07, AIC = 3.375598
  Model addition step  13: Added term 0 0 0 0 2 0 1 0 0 -- RMS=17.437023, GCV=3.416666e-07, AIC = 3.301169
  Model addition step  14: Added term 0 0 0 0 0 0 0 1 0 -- RMS=16.841166, GCV=3.187863e-07, AIC = 3.231652
  Model addition step  15: Added term 0 0 0 1 0 1 0 2 0 -- RMS=15.945823, GCV=2.858556e-07, AIC = 3.122416
  Model addition step  16: Added term 2 0 0 0 0 0 0 0 0 -- RMS=15.427619, GCV=2.676382e-07, AIC = 3.056363
  Model addition step  17: Added term 0 0 0 1 0 0 0 0 0 -- RMS=14.916887, GCV=2.502673e-07, AIC = 2.989055
  Model addition step  18: Added term 0 0 0 0 0 0 1 0 0 -- RMS=14.200921, GCV=2.268707e-07, AIC = 2.890703
  Model addition step  19: Added term 0 0 0 0 0 0 1 0 2 -- RMS=13.653538, GCV=2.097651e-07, AIC = 2.812109
  Model addition step  20: Added term 0 1 0 0 0 0 1 2 0 -- RMS=13.151306, GCV=1.946606e-07, AIC = 2.737177
  Model addition step  21: Added term 1 0 0 0 0 0 0 1 0 -- RMS=12.642437, GCV=1.799283e-07, AIC = 2.658275
  Model addition step  22: Added term 0 0 0 0 2 0 0 1 0 -- RMS=12.240297, GCV=1.687017e-07, AIC = 2.593646
  Model addition step  23: Added term 0 0 1 2 0 0 1 0 0 -- RMS=11.863039, GCV=1.584984e-07, AIC = 2.531057
Change in error: 0.029316. No more terms added.
   24 polynomial terms were written for pectmajt6
pectmajc1
  RMS fit error of the full model is: 1.135007 mm
  maximum moment arm: 108.614410 mm
  maximum error allowed: 10.861441 mm
  Model addition step   1: Added term 0 0 0 0 0 0 -- RMS=58.222355, GCV=2.659296e-06, AIC = 5.355582
  Model addition step   2: Added term 1 0 0 1 1 0 -- RMS=47.175127, GCV=1.746267e-06, AIC = 4.934809
  Model addition step   3: Added term 1 0 1 0 0 0 -- RMS=36.684985, GCV=1.056230e-06, AIC = 4.431842
  Model addition step   4: Added term 0 0 0 0 0 1 -- RMS=29.152824, GCV=6.671761e-07, AIC = 3.972243
  Model addition step   5: Added term 0 1 0 0 0 0 -- RMS=21.445149, GCV=3.611060e-07, AIC = 3.358168
  Model addition step   6: Added term 2 1 0 0 0 0 -- RMS=18.996282, GCV=2.834074e-07, AIC = 3.115690
  Model addition step   7: Added term 0 0 0 0 1 2 -- RMS=17.113660, GCV=2.300685e-07, AIC = 2.906989
  Model addition step   8: Added term 2 0 0 0 0 0 -- RMS=15.317216, GCV=1.843437e-07, AIC = 2.685222
  Model addition step   9: Added term 0 2 0 1 1 0 -- RMS=13.854103, GCV=1.508422e-07, AIC = 2.484462
  Model addition step  10: Added term 0 0 0 0 1 1 -- RMS=13.314970, GCV=1.393619e-07, AIC = 2.405109
  Model addition step  11: Added term 0 0 0 1 0 0 -- RMS=12.713249, GCV=1.270791e-07, AIC = 2.312653
  Model addition step  12: Added term 1 0 1 0 2 0 -- RMS=12.134461, GCV=1.157976e-07, AIC = 2.219494
  Model addition step  13: Added term 0 0 1 0 1 0 -- RMS=11.338981, GCV=1.011356e-07, AIC = 2.083920
  Model addition step  14: Added term 0 1 0 0 3 0 -- RMS=10.845738, GCV=9.254898e-08, AIC = 1.995004
  Model addition step  15: Added term 0 2 1 0 0 0 -- RMS=10.508016, GCV=8.689450e-08, AIC = 1.931768
  Model addition step  16: Added term 0 0 0 1 0 2 -- RMS=10.189834, GCV=8.173021e-08, AIC = 1.870305
  Model addition step  17: Added term 0 0 0 2 0 1 -- RMS=9.853644, GCV=7.644333e-08, AIC = 1.803238
  Model addition step  18: Added term 0 0 0 0 0 3 -- RMS=9.510967, GCV=7.123489e-08, AIC = 1.732479
  Model addition step  19: Added term 0 2 0 0 0 0 -- RMS=9.188503, GCV=6.650134e-08, AIC = 1.663525
Change in error: 0.029047. No more terms added.
   20 polynomial terms were written for pectmajc1
pectmajc2
  RMS fit error of the full model is: 0.943419 mm
  maximum moment arm: 85.587984 mm
  maximum error allowed: 8.558798 mm
  Model addition step   1: Added term 0 0 0 0 0 0 -- RMS=46.762028, GCV=1.715433e-06, AIC = 4.917186
  Model addition step   2: Added term 1 0 0 1 1 0 -- RMS=37.501876, GCV=1.103546e-06, AIC = 4.475857
  Model addition step   3: Added term 1 0 1 0 0 0 -- RMS=28.864022, GCV=6.538762e-07, AIC = 3.952299
  Model addition step   4: Added term 0 1 0 0 0 0 -- RMS=23.919102, GCV=4.491268e-07, AIC = 3.576494
  Model addition step   5: Added term 0 0 0 0 0 1 -- RMS=17.799220, GCV=2.487588e-07, AIC = 2.985481
  Model addition step   6: Added term 2 1 0 0 0 0 -- RMS=15.842201, GCV=1.971083e-07, AIC = 2.752558
  Model addition step   7: Added term 0 0 0 0 1 2 -- RMS=14.361678, GCV=1.620249e-07, AIC = 2.556362
  Model addition step   8: Added term 1 0 0 0 0 0 -- RMS=12.899104, GCV=1.307338e-07, AIC = 2.341583
  Model addition step   9: Added term 0 2 0 1 1 0 -- RMS=11.949713, GCV=1.122228e-07, AIC = 2.188714
  Model addition step  10: Added term 0 0 0 0 1 1 -- RMS=11.219751, GCV=9.895324e-08, AIC = 2.062683
  Model addition step  11: Added term 0 0 0 1 0 0 -- RMS=10.479021, GCV=8.633809e-08, AIC = 1.926114
  Model addition step  12: Added term 2 0 1 0 1 0 -- RMS=9.820910, GCV=7.585111e-08, AIC = 1.796423
  Model addition step  13: Added term 0 1 0 0 1 0 -- RMS=9.338804, GCV=6.860226e-08, AIC = 1.695784
  Model addition step  14: Added term 0 0 0 1 0 2 -- RMS=9.025811, GCV=6.409525e-08, AIC = 1.627636
  Model addition step  15: Added term 0 0 0 2 0 1 -- RMS=8.728217, GCV=5.995176e-08, AIC = 1.560614
  Model addition step  16: Added term 1 0 0 3 0 0 -- RMS=8.460255, GCV=5.633980e-08, AIC = 1.498282
  Model addition step  17: Added term 1 0 0 0 0 3 -- RMS=8.133512, GCV=5.208373e-08, AIC = 1.419541
  Model addition step  18: Added term 0 2 1 0 0 0 -- RMS=7.862345, GCV=4.867967e-08, AIC = 1.351757
  Model addition step  19: Added term 0 2 0 0 0 0 -- RMS=7.537929, GCV=4.475535e-08, AIC = 1.267514
Change in error: 0.023401. No more terms added.
   20 polynomial terms were written for pectmajc2
tricmed1
  RMS fit error of the full model is: 0.031928 mm
  maximum moment arm: 21.942575 mm
  maximum error allowed: 2.194257 mm
  Model addition step   1: Added term 0 -- RMS=14.236781, GCV=4.543000e-08, AIC = 1.286018
  Model addition step   2: Added term 1 -- RMS=0.558530, GCV=6.993749e-11, AIC = -5.190420
  Model addition step   3: Added term 2 -- RMS=0.109816, GCV=2.704254e-12, AIC = -8.443308
  Model addition step   4: Added term 3 -- RMS=0.038556, GCV=3.334231e-13, AIC = -10.536589
  5 polynomial terms were written for tricmed1
tricmed2
  RMS fit error of the full model is: 0.038059 mm
  maximum moment arm: 22.382774 mm
  maximum error allowed: 2.238277 mm
  Model addition step   1: Added term 0 -- RMS=14.496010, GCV=4.709947e-08, AIC = 1.322107
  Model addition step   2: Added term 1 -- RMS=0.637103, GCV=9.099894e-11, AIC = -4.927174
  Model addition step   3: Added term 2 -- RMS=0.108612, GCV=2.645268e-12, AIC = -8.465362
  Model addition step   4: Added term 4 -- RMS=0.038602, GCV=3.342136e-13, AIC = -10.534221
  5 polynomial terms were written for tricmed2
tricmed3
  RMS fit error of the full model is: 0.016716 mm
  maximum moment arm: 19.298386 mm
  maximum error allowed: 2.000000 mm
  Model addition step   1: Added term 0 -- RMS=12.866271, GCV=3.710432e-08, AIC = 1.083579
  Model addition step   2: Added term 1 -- RMS=0.300150, GCV=2.019729e-11, AIC = -6.432474
  Model addition step   3: Added term 2 -- RMS=0.070765, GCV=1.122931e-12, AIC = -9.322192
  Model addition step   4: Added term 3 -- RMS=0.034823, GCV=2.719838e-13, AIC = -10.740259
  5 polynomial terms were written for tricmed3
tricmed4
  RMS fit error of the full model is: 0.027025 mm
  maximum moment arm: 22.187335 mm
  maximum error allowed: 2.218733 mm
  Model addition step   1: Added term 0 -- RMS=14.443884, GCV=4.676136e-08, AIC = 1.314902
  Model addition step   2: Added term 1 -- RMS=0.643564, GCV=9.285389e-11, AIC = -4.906995
  Model addition step   3: Added term 2 -- RMS=0.085885, GCV=1.654060e-12, AIC = -8.934901
  Model addition step   4: Added term 4 -- RMS=0.043554, GCV=4.254745e-13, AIC = -10.292796
  5 polynomial terms were written for tricmed4
tricmed5
  RMS fit error of the full model is: 0.035885 mm
  maximum moment arm: 22.451284 mm
  maximum error allowed: 2.245128 mm
  Model addition step   1: Added term 0 -- RMS=14.559902, GCV=4.751557e-08, AIC = 1.330903
  Model addition step   2: Added term 1 -- RMS=0.647589, GCV=9.401892e-11, AIC = -4.894526
  Model addition step   3: Added term 2 -- RMS=0.101912, GCV=2.328990e-12, AIC = -8.592700
  Model addition step   4: Added term 4 -- RMS=0.039836, GCV=3.559319e-13, AIC = -10.471262
  5 polynomial terms were written for tricmed5
brachialis1
  RMS fit error of the full model is: 0.109306 mm
  maximum moment arm: 17.560220 mm
  maximum error allowed: 2.000000 mm
  Model addition step   1: Added term 0 -- RMS=8.315917, GCV=1.550028e-08, AIC = 0.210703
  Model addition step   2: Added term 2 -- RMS=0.506394, GCV=5.749009e-11, AIC = -5.386409
  Model addition step   3: Added term 1 -- RMS=0.425809, GCV=4.065781e-11, AIC = -5.732943
  Model addition step   4: Added term 3 -- RMS=0.138779, GCV=4.319763e-12, AIC = -7.975046
  5 polynomial terms were written for brachialis1
brachialis2
  RMS fit error of the full model is: 0.060735 mm
  maximum moment arm: 17.344457 mm
  maximum error allowed: 2.000000 mm
  Model addition step   1: Added term 0 -- RMS=9.074571, GCV=1.845743e-08, AIC = 0.385312
  Model addition step   2: Added term 1 -- RMS=1.085705, GCV=2.642654e-10, AIC = -3.861068
  Model addition step   3: Added term 4 -- RMS=0.110930, GCV=2.759366e-12, AIC = -8.423133
  Model addition step   4: Added term 3 -- RMS=0.104385, GCV=2.443941e-12, AIC = -8.544635
  5 polynomial terms were written for brachialis2
brachialis3
  RMS fit error of the full model is: 0.009715 mm
  maximum moment arm: 15.331019 mm
  maximum error allowed: 2.000000 mm
  Model addition step   1: Added term 0 -- RMS=9.455109, GCV=2.003790e-08, AIC = 0.467471
  Model addition step   2: Added term 1 -- RMS=0.675655, GCV=1.023450e-10, AIC = -4.809673
  Model addition step   3: Added term 2 -- RMS=0.017361, GCV=6.759035e-14, AIC = -12.132424
  Model addition step   4: Added term 3 -- RMS=0.009864, GCV=2.182477e-14, AIC = -13.262956
  5 polynomial terms were written for brachialis3
brachialis4
  RMS fit error of the full model is: 0.094144 mm
  maximum moment arm: 16.495905 mm
  maximum error allowed: 2.000000 mm
  Model addition step   1: Added term 0 -- RMS=8.325033, GCV=1.553428e-08, AIC = 0.212894
  Model addition step   2: Added term 2 -- RMS=0.816272, GCV=1.493780e-10, AIC = -4.431542
  Model addition step   3: Added term 1 -- RMS=0.347642, GCV=2.710062e-11, AIC = -6.138578
  Model addition step   4: Added term 4 -- RMS=0.094146, GCV=1.988008e-12, AIC = -8.751113
  5 polynomial terms were written for brachialis4
brachialis5
  RMS fit error of the full model is: 0.005401 mm
  maximum moment arm: 13.790582 mm
  maximum error allowed: 2.000000 mm
  Model addition step   1: Added term 0 -- RMS=8.474202, GCV=1.609595e-08, AIC = 0.248413
  Model addition step   2: Added term 1 -- RMS=0.612217, GCV=8.402850e-11, AIC = -5.006866
  Model addition step   3: Added term 2 -- RMS=0.020104, GCV=9.063540e-14, AIC = -11.839045
  Model addition step   4: Added term 3 -- RMS=0.005639, GCV=7.132319e-15, AIC = -14.381365
  5 polynomial terms were written for brachialis5
brachialis6
  RMS fit error of the full model is: 0.006030 mm
  maximum moment arm: 13.706730 mm
  maximum error allowed: 2.000000 mm
  Model addition step   1: Added term 0 -- RMS=8.452430, GCV=1.601335e-08, AIC = 0.243268
  Model addition step   2: Added term 1 -- RMS=0.602348, GCV=8.134129e-11, AIC = -5.039368
  Model addition step   3: Added term 2 -- RMS=0.015352, GCV=5.284655e-14, AIC = -12.378497
  Model addition step   4: Added term 3 -- RMS=0.006229, GCV=8.701751e-15, AIC = -14.182477
  5 polynomial terms were written for brachialis6
brachialis7
  RMS fit error of the full model is: 0.040022 mm
  maximum moment arm: 12.993012 mm
  maximum error allowed: 2.000000 mm
  Model addition step   1: Added term 0 -- RMS=7.389378, GCV=1.223869e-08, AIC = -0.025553
  Model addition step   2: Added term 1 -- RMS=0.577552, GCV=7.478220e-11, AIC = -5.123442
  Model addition step   3: Added term 3 -- RMS=0.058053, GCV=7.557174e-13, AIC = -9.718222
Change in error: 0.002752. No more terms added.
   4 polynomial terms were written for brachialis7
brachiorad1
  RMS fit error of the full model is: 0.013407 mm
  maximum moment arm: 44.638373 mm
  maximum error allowed: 4.463837 mm
  Model addition step   1: Added term 0 0 -- RMS=22.112668, GCV=1.643965e-07, AIC = 2.572089
  Model addition step   2: Added term 2 0 -- RMS=13.057438, GCV=5.733551e-08, AIC = 1.518579
  Model addition step   3: Added term 2 2 -- RMS=1.674173, GCV=9.427699e-10, AIC = -2.589424
  Model addition step   4: Added term 1 3 -- RMS=1.116294, GCV=4.192373e-10, AIC = -3.399959
  Model addition step   5: Added term 1 1 -- RMS=0.606371, GCV=1.237306e-10, AIC = -4.620439
  Model addition step   6: Added term 1 2 -- RMS=0.517149, GCV=9.001797e-11, AIC = -4.938685
  Model addition step   7: Added term 0 4 -- RMS=0.075506, GCV=1.919357e-12, AIC = -8.786854
  Model addition step   8: Added term 1 0 -- RMS=0.058081, GCV=1.135950e-12, AIC = -9.311525
  Model addition step   9: Added term 4 0 -- RMS=0.044199, GCV=6.579687e-13, AIC = -9.857741
  Model addition step  10: Added term 3 1 -- RMS=0.039969, GCV=5.381739e-13, AIC = -10.058867
Change in error: 0.006309. No more terms added.
   11 polynomial terms were written for brachiorad1
brachiorad2
  RMS fit error of the full model is: 0.270863 mm
  maximum moment arm: 32.768537 mm
  maximum error allowed: 3.276854 mm
  Model addition step   1: Added term 0 0 -- RMS=15.023668, GCV=7.588612e-08, AIC = 1.799042
  Model addition step   2: Added term 2 0 -- RMS=8.253075, GCV=2.290548e-08, AIC = 0.601035
  Model addition step   3: Added term 2 2 -- RMS=1.453823, GCV=7.109325e-10, AIC = -2.871669
  Model addition step   4: Added term 2 1 -- RMS=1.219184, GCV=5.000813e-10, AIC = -3.223625
  Model addition step   5: Added term 1 0 -- RMS=1.020235, GCV=3.502676e-10, AIC = -3.579848
  Model addition step   6: Added term 3 0 -- RMS=0.768054, GCV=1.985551e-10, AIC = -4.147628
  Model addition step   7: Added term 4 0 -- RMS=0.723023, GCV=1.759941e-10, AIC = -4.268394
Change in error: 0.028296. No more terms added.
   8 polynomial terms were written for brachiorad2
brachiorad3
  RMS fit error of the full model is: 0.264918 mm
  maximum moment arm: 23.934579 mm
  maximum error allowed: 2.393458 mm
  Model addition step   1: Added term 0 0 -- RMS=12.136688, GCV=4.952344e-08, AIC = 1.372254
  Model addition step   2: Added term 1 0 -- RMS=6.275485, GCV=1.324348e-08, AIC = 0.053164
  Model addition step   3: Added term 1 3 -- RMS=1.357311, GCV=6.196748e-10, AIC = -3.009051
  Model addition step   4: Added term 2 1 -- RMS=1.177251, GCV=4.662736e-10, AIC = -3.293623
  Model addition step   5: Added term 1 2 -- RMS=1.134049, GCV=4.327760e-10, AIC = -3.368325
  Model addition step   6: Added term 0 4 -- RMS=1.090199, GCV=4.000447e-10, AIC = -3.447118
  Model addition step   7: Added term 4 0 -- RMS=0.550323, GCV=1.019600e-10, AIC = -4.814264
  Model addition step   8: Added term 3 1 -- RMS=0.496041, GCV=8.285650e-11, AIC = -5.021884
  Model addition step   9: Added term 3 0 -- RMS=0.370626, GCV=4.626593e-11, AIC = -5.604738
  Model addition step  10: Added term 0 3 -- RMS=0.277173, GCV=2.588144e-11, AIC = -6.185767
Change in error: 0.028460. No more terms added.
   11 polynomial terms were written for brachiorad3
pronteres1
  RMS fit error of the full model is: 0.000255 mm
  maximum moment arm: 10.323416 mm
  maximum error allowed: 2.000000 mm
  Model addition step   1: Added term 0 0 -- RMS=7.532682, GCV=1.907698e-08, AIC = 0.418290
  Model addition step   2: Added term 1 3 -- RMS=3.503855, GCV=4.128574e-09, AIC = -1.112409
  Model addition step   3: Added term 0 1 -- RMS=1.201190, GCV=4.853201e-10, AIC = -3.253438
  Model addition step   4: Added term 2 0 -- RMS=0.259376, GCV=2.263398e-11, AIC = -6.318943
  Model addition step   5: Added term 1 0 -- RMS=0.093388, GCV=2.934816e-12, AIC = -8.361901
  Model addition step   6: Added term 0 2 -- RMS=0.087317, GCV=2.566211e-12, AIC = -8.496264
  Model addition step   7: Added term 0 4 -- RMS=0.043723, GCV=6.435927e-13, AIC = -9.879534
  Model addition step   8: Added term 1 1 -- RMS=0.021723, GCV=1.589097e-13, AIC = -11.278413
  Model addition step   9: Added term 4 0 -- RMS=0.010555, GCV=3.752341e-14, AIC = -12.721934
  Model addition step  10: Added term 2 2 -- RMS=0.000989, GCV=3.293582e-16, AIC = -17.457658
  Model addition step  11: Added term 0 3 -- RMS=0.000776, GCV=2.028399e-16, AIC = -17.942536
  Model addition step  12: Added term 3 0 -- RMS=0.000560, GCV=1.058465e-16, AIC = -18.593113
  Model addition step  13: Added term 1 2 -- RMS=0.000449, GCV=6.805470e-17, AIC = -19.034941
  Model addition step  14: Added term 2 1 -- RMS=0.000255, GCV=2.195902e-17, AIC = -20.166224
  15 polynomial terms were written for pronteres1
pronteres2
  RMS fit error of the full model is: 0.000311 mm
  maximum moment arm: 9.068120 mm
  maximum error allowed: 2.000000 mm
  Model addition step   1: Added term 0 -- RMS=5.985753, GCV=8.030760e-09, AIC = -0.446876
  Model addition step   2: Added term 1 -- RMS=0.315836, GCV=2.236354e-11, AIC = -6.330590
  Model addition step   3: Added term 4 -- RMS=0.063711, GCV=9.102223e-13, AIC = -9.532201
  Model addition step   4: Added term 2 -- RMS=0.002184, GCV=1.069375e-15, AIC = -16.278927
  5 polynomial terms were written for pronteres2
supinator1
  RMS fit error of the full model is: 0.000113 mm
  maximum moment arm: 4.495430 mm
  maximum error allowed: 2.000000 mm
  Model addition step   1: Added term 0 -- RMS=2.091351, GCV=9.803316e-10, AIC = -2.550019
  Model addition step   2: Added term 1 -- RMS=0.316259, GCV=2.242341e-11, AIC = -6.327917
  Model addition step   3: Added term 2 -- RMS=0.023068, GCV=1.193299e-13, AIC = -11.563998
  Model addition step   4: Added term 4 -- RMS=0.001492, GCV=4.994571e-16, AIC = -17.040235
  5 polynomial terms were written for supinator1
supinator2
  RMS fit error of the full model is: 0.000114 mm
  maximum moment arm: 4.324942 mm
  maximum error allowed: 2.000000 mm
  Model addition step   1: Added term 0 -- RMS=2.005459, GCV=9.014606e-10, AIC = -2.633894
  Model addition step   2: Added term 1 -- RMS=0.314128, GCV=2.212227e-11, AIC = -6.341437
  Model addition step   3: Added term 2 -- RMS=0.017792, GCV=7.098639e-14, AIC = -12.083401
  Model addition step   4: Added term 4 -- RMS=0.001438, GCV=4.635723e-16, AIC = -17.114794
  5 polynomial terms were written for supinator2
supinator3
  RMS fit error of the full model is: 0.001657 mm
  maximum moment arm: 4.226734 mm
  maximum error allowed: 2.000000 mm
  Model addition step   1: Added term 0 -- RMS=1.979393, GCV=8.781792e-10, AIC = -2.660059
  Model addition step   2: Added term 1 -- RMS=0.304840, GCV=2.083338e-11, AIC = -6.401465
  Model addition step   3: Added term 2 -- RMS=0.009197, GCV=1.896734e-14, AIC = -13.403171
  Model addition step   4: Added term 4 -- RMS=0.001708, GCV=6.545991e-16, AIC = -16.769734
  5 polynomial terms were written for supinator3
supinator4
  RMS fit error of the full model is: 0.000263 mm
  maximum moment arm: 3.792246 mm
  maximum error allowed: 2.000000 mm
  Model addition step   1: Added term 0 -- RMS=1.733747, GCV=6.737370e-10, AIC = -2.925070
  Model addition step   2: Added term 1 -- RMS=0.298525, GCV=1.997913e-11, AIC = -6.443334
  Model addition step   3: Added term 2 -- RMS=0.007394, GCV=1.225866e-14, AIC = -13.839657
  Model addition step   4: Added term 4 -- RMS=0.001337, GCV=4.006423e-16, AIC = -17.260688
  5 polynomial terms were written for supinator4
supinator5
  RMS fit error of the full model is: 0.002917 mm
  maximum moment arm: 3.355208 mm
  maximum error allowed: 2.000000 mm
  Model addition step   1: Added term 0 -- RMS=1.459583, GCV=4.775034e-10, AIC = -3.269339
  Model addition step   2: Added term 1 -- RMS=0.289616, GCV=1.880445e-11, AIC = -6.503929
  Model addition step   3: Added term 2 -- RMS=0.007087, GCV=1.126336e-14, AIC = -13.924334
  Model addition step   4: Added term 4 -- RMS=0.003187, GCV=2.277997e-15, AIC = -15.522705
  5 polynomial terms were written for supinator5
pronquad1
  RMS fit error of the full model is: 0.000372 mm
  maximum moment arm: 4.750444 mm
  maximum error allowed: 2.000000 mm
  Model addition step   1: Added term 0 -- RMS=2.247422, GCV=1.132109e-09, AIC = -2.406072
  Model addition step   2: Added term 1 -- RMS=0.457420, GCV=4.690807e-11, AIC = -5.589832
  Model addition step   3: Added term 4 -- RMS=0.009580, GCV=2.057850e-14, AIC = -13.321643
  Model addition step   4: Added term 2 -- RMS=0.003976, GCV=3.545403e-15, AIC = -15.080350
  5 polynomial terms were written for pronquad1
pronquad2
  RMS fit error of the full model is: 0.000179 mm
  maximum moment arm: 3.273299 mm
  maximum error allowed: 2.000000 mm
  Model addition step   1: Added term 0 -- RMS=0.855235, GCV=1.639420e-10, AIC = -4.338397
  Model addition step   2: Added term 4 -- RMS=0.770588, GCV=1.331253e-10, AIC = -4.546732
  Model addition step   3: Added term 1 -- RMS=0.064308, GCV=9.273439e-13, AIC = -9.513565
  Model addition step   4: Added term 3 -- RMS=0.009439, GCV=1.998422e-14, AIC = -13.351059
  5 polynomial terms were written for pronquad2
pronquad3
  RMS fit error of the full model is: 0.001399 mm
  maximum moment arm: 6.241158 mm
  maximum error allowed: 2.000000 mm
  Model addition step   1: Added term 1 -- RMS=2.897831, GCV=1.882197e-09, AIC = -1.897715
  Model addition step   2: Added term 0 -- RMS=0.798519, GCV=1.429509e-10, AIC = -4.475521
  Model addition step   3: Added term 2 -- RMS=0.080755, GCV=1.462354e-12, AIC = -9.058087
  Model addition step   4: Added term 4 -- RMS=0.005728, GCV=7.359757e-15, AIC = -14.349975
  5 polynomial terms were written for pronquad3
triclat1
  RMS fit error of the full model is: 0.000088 mm
  maximum moment arm: 22.568408 mm
  maximum error allowed: 2.256841 mm
  Model addition step   1: Added term 0 -- RMS=15.794061, GCV=5.591222e-08, AIC = 1.493628
  Model addition step   2: Added term 1 -- RMS=0.255312, GCV=1.461360e-11, AIC = -6.756069
  Model addition step   3: Added term 2 -- RMS=0.087836, GCV=1.730060e-12, AIC = -8.889978
  Model addition step   4: Added term 3 -- RMS=0.000472, GCV=4.994609e-17, AIC = -19.342813
  5 polynomial terms were written for triclat1
triclat2
  RMS fit error of the full model is: 0.000074 mm
  maximum moment arm: 22.812925 mm
  maximum error allowed: 2.281292 mm
  Model addition step   1: Added term 0 -- RMS=16.128558, GCV=5.830559e-08, AIC = 1.535543
  Model addition step   2: Added term 1 -- RMS=0.091046, GCV=1.858409e-12, AIC = -8.818301
  Model addition step   3: Added term 2 -- RMS=0.086537, GCV=1.679266e-12, AIC = -8.919777
  Model addition step   4: Added term 3 -- RMS=0.000862, GCV=1.668417e-16, AIC = -18.136711
  5 polynomial terms were written for triclat2
triclat3
  RMS fit error of the full model is: 0.008127 mm
  maximum moment arm: 20.034785 mm
  maximum error allowed: 2.003479 mm
  Model addition step   1: Added term 0 -- RMS=13.909351, GCV=4.336435e-08, AIC = 1.239483
  Model addition step   2: Added term 1 -- RMS=0.194430, GCV=8.475023e-12, AIC = -7.300899
  Model addition step   3: Added term 2 -- RMS=0.013569, GCV=4.128785e-14, AIC = -12.625321
  Model addition step   4: Added term 4 -- RMS=0.013031, GCV=3.808686e-14, AIC = -12.706132
  5 polynomial terms were written for triclat3
triclat4
  RMS fit error of the full model is: 0.008047 mm
  maximum moment arm: 19.935150 mm
  maximum error allowed: 2.000000 mm
  Model addition step   1: Added term 0 -- RMS=13.820423, GCV=4.281163e-08, AIC = 1.226655
  Model addition step   2: Added term 1 -- RMS=0.194047, GCV=8.441734e-12, AIC = -7.304834
  Model addition step   3: Added term 2 -- RMS=0.013888, GCV=4.324885e-14, AIC = -12.578919
  Model addition step   4: Added term 4 -- RMS=0.011092, GCV=2.759618e-14, AIC = -13.028324
  5 polynomial terms were written for triclat4
triclat5
  RMS fit error of the full model is: 0.002464 mm
  maximum moment arm: 19.367619 mm
  maximum error allowed: 2.000000 mm
  Model addition step   1: Added term 0 -- RMS=13.694641, GCV=4.203590e-08, AIC = 1.208369
  Model addition step   2: Added term 1 -- RMS=0.073569, GCV=1.213397e-12, AIC = -9.244598
  Model addition step   3: Added term 4 -- RMS=0.066461, GCV=9.904962e-13, AIC = -9.447683
  Model addition step   4: Added term 2 -- RMS=0.008709, GCV=1.701325e-14, AIC = -13.512009
  5 polynomial terms were written for triclat5
anconeus1
  RMS fit error of the full model is: 0.000026 mm
  maximum moment arm: 8.837290 mm
  maximum error allowed: 2.000000 mm
  Model addition step   1: Added term 0 -- RMS=5.856919, GCV=7.688782e-09, AIC = -0.490392
  Model addition step   2: Added term 1 -- RMS=0.287095, GCV=1.847851e-11, AIC = -6.521414
  Model addition step   3: Added term 2 -- RMS=0.050259, GCV=5.664343e-13, AIC = -10.006528
  Model addition step   4: Added term 3 -- RMS=0.001800, GCV=7.265436e-16, AIC = -16.665458
  5 polynomial terms were written for anconeus1
anconeus2
  RMS fit error of the full model is: 0.000361 mm
  maximum moment arm: 9.149773 mm
  maximum error allowed: 2.000000 mm
  Model addition step   1: Added term 0 -- RMS=5.326289, GCV=6.358703e-09, AIC = -0.680330
  Model addition step   2: Added term 2 -- RMS=0.572316, GCV=7.343237e-11, AIC = -5.141657
  Model addition step   3: Added term 1 -- RMS=0.071701, GCV=1.152818e-12, AIC = -9.295925
  Model addition step   4: Added term 3 -- RMS=0.000620, GCV=8.615166e-17, AIC = -18.797648
  5 polynomial terms were written for anconeus2
anconeus3
  RMS fit error of the full model is: 0.000063 mm
  maximum moment arm: 9.583185 mm
  maximum error allowed: 2.000000 mm
  Model addition step   1: Added term 0 -- RMS=6.628264, GCV=9.847335e-09, AIC = -0.242954
  Model addition step   2: Added term 1 -- RMS=0.138484, GCV=4.299487e-12, AIC = -7.979526
  Model addition step   3: Added term 4 -- RMS=0.005985, GCV=8.031472e-15, AIC = -14.262522
  Model addition step   4: Added term 3 -- RMS=0.003054, GCV=2.091439e-15, AIC = -15.608149
  5 polynomial terms were written for anconeus3
anconeus4
  RMS fit error of the full model is: 0.000067 mm
  maximum moment arm: 5.153895 mm
  maximum error allowed: 2.000000 mm
  Model addition step   1: Added term 0 -- RMS=2.344436, GCV=1.231958e-09, AIC = -2.321550
  Model addition step   2: Added term 2 -- RMS=0.167693, GCV=6.304418e-12, AIC = -7.596771
  Model addition step   3: Added term 1 -- RMS=0.019046, GCV=8.134258e-14, AIC = -11.947220
  Model addition step   4: Added term 4 -- RMS=0.000363, GCV=2.948347e-17, AIC = -19.869927
  5 polynomial terms were written for anconeus4
anconeus5
  RMS fit error of the full model is: 0.000184 mm
  maximum moment arm: 6.850457 mm
  maximum error allowed: 2.000000 mm
  Model addition step   1: Added term 0 -- RMS=3.344074, GCV=2.506518e-09, AIC = -1.611260
  Model addition step   2: Added term 2 -- RMS=0.060868, GCV=8.306011e-13, AIC = -9.623628
  Model addition step   3: Added term 1 -- RMS=0.035150, GCV=2.770616e-13, AIC = -10.721650
  Model addition step   4: Added term 4 -- RMS=0.000473, GCV=5.016503e-17, AIC = -19.338439
  5 polynomial terms were written for anconeus5
