simulation
nRows=1575
nColumns=15
endheader
time  TH_x TH_y TH_z SC_y  SC_z  SC_x  AC_y  AC_z  AC_x  GH_y  GH_z  GH_yy  EL_x  PS_y
0.000000  0.000000  0.000000  0.000000  -2.631622  -12.796928  -16.733726  57.919253  17.688903  -1.550833  34.398238  40.711746  -28.081571  18.837146  90.405137
0.000635  0.000000  0.000000  0.000000  -2.631622  -12.796928  -12.448012  58.560732  14.044404  -3.895641  34.398238  40.711746  -28.081571  18.837146  90.405137
0.001271  0.000000  0.000000  0.000000  -2.631622  -12.796928  -8.162298  59.041403  10.378024  -6.166700  34.398238  40.711746  -28.081571  18.837146  90.405137
0.001906  0.000000  0.000000  0.000000  -2.631622  -12.796928  -3.876583  59.370914  6.696066  -8.384977  34.398238  40.711746  -28.081571  18.837146  90.405137
0.002541  0.000000  0.000000  0.000000  -2.631622  -12.796928  0.409131  59.555773  3.004313  -10.569951  34.398238  40.711746  -28.081571  18.837146  90.405137
0.003177  0.000000  0.000000  0.000000  -2.631622  -12.796928  4.694845  59.599594  -0.691766  -12.740170  34.398238  40.711746  -28.081571  18.837146  90.405137
0.003812  0.000000  0.000000  0.000000  -2.631622  -12.796928  8.980560  59.503232  -4.386861  -14.913781  34.398238  40.711746  -28.081571  18.837146  90.405137
0.004447  0.000000  0.000000  0.000000  -2.631622  -12.796928  13.266274  59.264806  -8.075599  -17.109014  34.398238  40.711746  -28.081571  18.837146  90.405137
0.005083  0.000000  0.000000  0.000000  -2.631622  -12.796928  17.551988  58.879644  -11.752427  -19.344695  34.398238  40.711746  -28.081571  18.837146  90.405137
0.005718  0.000000  0.000000  0.000000  -2.631622  -12.796928  21.837702  58.340093  -15.411390  -21.640802  34.398238  40.711746  -28.081571  18.837146  90.405137
0.006353  0.000000  0.000000  0.000000  -2.631622  -12.796928  26.123417  57.635253  -19.045939  -24.019008  34.398238  40.711746  -28.081571  18.837146  90.405137
0.006989  0.000000  0.000000  0.000000  -2.631622  -12.796928  30.409131  56.750572  -22.648685  -26.503343  34.398238  40.711746  -28.081571  18.837146  90.405137
0.007624  0.000000  0.000000  0.000000  -2.631622  -12.796928  34.694845  55.667329  -26.211091  -29.120922  34.398238  40.711746  -28.081571  18.837146  90.405137
0.008259  0.000000  0.000000  0.000000  -2.631622  -12.796928  38.980560  54.361939  -29.723127  -31.902755  34.398238  40.711746  -28.081571  18.837146  90.405137
0.008895  0.000000  0.000000  0.000000  -2.631622  -12.796928  43.266274  52.805238  -33.172829  -34.884660  34.398238  40.711746  -28.081571  18.837146  90.405137
0.009530  0.000000  0.000000  0.000000  -1.714327  -7.269386  -16.733726  63.133651  31.591213  -5.401938  66.932259  27.816653  -9.280990  21.362101  93.914379
0.010165  0.000000  0.000000  0.000000  -1.714327  -7.269386  -12.448012  64.216912  27.749416  -7.588873  66.932259  27.816653  -9.280990  21.362101  93.914379
0.010801  0.000000  0.000000  0.000000  -1.714327  -7.269386  -8.162298  65.104509  23.875585  -9.625986  66.932259  27.816653  -9.280990  21.362101  93.914379
0.011436  0.000000  0.000000  0.000000  -1.714327  -7.269386  -3.876583  65.821268  19.976512  -11.544198  66.932259  27.816653  -9.280990  21.362101  93.914379
0.012071  0.000000  0.000000  0.000000  -1.714327  -7.269386  0.409131  66.386182  16.057822  -13.369425  66.932259  27.816653  -9.280990  21.362101  93.914379
0.012706  0.000000  0.000000  0.000000  -1.714327  -7.269386  4.694845  66.813631  12.124273  -15.123963  66.932259  27.816653  -9.280990  21.362101  93.914379
0.013342  0.000000  0.000000  0.000000  -1.714327  -7.269386  8.980560  67.114076  8.180017  -16.827356  66.932259  27.816653  -9.280990  21.362101  93.914379
0.013977  0.000000  0.000000  0.000000  -1.714327  -7.269386  13.266274  67.294667  4.228753  -18.497283  66.932259  27.816653  -9.280990  21.362101  93.914379
0.014612  0.000000  0.000000  0.000000  -1.714327  -7.269386  17.551988  67.359645  0.273962  -20.150240  66.932259  27.816653  -9.280990  21.362101  93.914379
0.015248  0.000000  0.000000  0.000000  -1.714327  -7.269386  21.837702  67.310509  -3.681047  -21.802103  66.932259  27.816653  -9.280990  21.362101  93.914379
0.015883  0.000000  0.000000  0.000000  -1.714327  -7.269386  26.123417  67.146117  -7.632990  -23.468724  66.932259  27.816653  -9.280990  21.362101  93.914379
0.016518  0.000000  0.000000  0.000000  -1.714327  -7.269386  30.409131  66.862635  -11.578432  -25.166455  66.932259  27.816653  -9.280990  21.362101  93.914379
0.017154  0.000000  0.000000  0.000000  -1.714327  -7.269386  34.694845  66.453323  -15.513698  -26.912785  66.932259  27.816653  -9.280990  21.362101  93.914379
0.017789  0.000000  0.000000  0.000000  -1.714327  -7.269386  38.980560  65.908205  -19.434715  -28.726970  66.932259  27.816653  -9.280990  21.362101  93.914379
0.018424  0.000000  0.000000  0.000000  -1.714327  -7.269386  43.266274  65.213507  -23.336817  -30.630838  66.932259  27.816653  -9.280990  21.362101  93.914379
0.019060  0.000000  0.000000  0.000000  -8.267981  -1.895010  -15.977587  56.528741  18.140027  2.349009  64.549703  43.481532  -38.069180  25.474010  93.206867
0.019695  0.000000  0.000000  0.000000  -8.267981  -1.895010  -11.691873  57.215973  14.550370  -0.091426  64.549703  43.481532  -38.069180  25.474010  93.206867
0.020330  0.000000  0.000000  0.000000  -8.267981  -1.895010  -7.406159  57.737319  10.936250  -2.453418  64.549703  43.481532  -38.069180  25.474010  93.206867
0.020966  0.000000  0.000000  0.000000  -8.267981  -1.895010  -3.120445  58.102899  7.304432  -4.758328  64.549703  43.481532  -38.069180  25.474010  93.206867
0.021601  0.000000  0.000000  0.000000  -8.267981  -1.895010  1.165270  58.319704  3.661111  -7.025987  64.549703  43.481532  -38.069180  25.474010  93.206867
0.022236  0.000000  0.000000  0.000000  -8.267981  -1.895010  5.450984  58.391836  0.012123  -9.275232  64.549703  43.481532  -38.069180  25.474010  93.206867
0.022872  0.000000  0.000000  0.000000  -8.267981  -1.895010  9.736698  58.320650  -3.636889  -11.524416  64.549703  43.481532  -38.069180  25.474010  93.206867
0.023507  0.000000  0.000000  0.000000  -8.267981  -1.895010  14.022413  58.104823  -7.280268  -13.791898  64.549703  43.481532  -38.069180  25.474010  93.206867
0.024142  0.000000  0.000000  0.000000  -8.267981  -1.895010  18.308127  57.740252  -10.912182  -16.096495  64.549703  43.481532  -38.069180  25.474010  93.206867
0.024778  0.000000  0.000000  0.000000  -8.267981  -1.895010  22.593841  57.219970  -14.526442  -18.458039  64.549703  43.481532  -38.069180  25.474010  93.206867
0.025413  0.000000  0.000000  0.000000  -8.267981  -1.895010  26.879555  56.533881  -18.116287  -20.897876  64.549703  43.481532  -38.069180  25.474010  93.206867
0.026048  0.000000  0.000000  0.000000  -8.267981  -1.895010  31.165270  55.668431  -21.674156  -23.439466  64.549703  43.481532  -38.069180  25.474010  93.206867
0.026684  0.000000  0.000000  0.000000  -8.267981  -1.895010  35.450984  54.606158  -25.191372  -26.109052  64.549703  43.481532  -38.069180  25.474010  93.206867
0.027319  0.000000  0.000000  0.000000  -8.267981  -1.895010  39.736698  53.325118  -28.657842  -28.936354  64.549703  43.481532  -38.069180  25.474010  93.206867
0.027954  0.000000  0.000000  0.000000  -8.267981  -1.895010  44.022413  51.798286  -32.061625  -31.955361  64.549703  43.481532  -38.069180  25.474010  93.206867
0.028590  0.000000  0.000000  0.000000  0.379823  -13.613662  -14.791854  64.711747  21.495098  -3.243085  54.916246  48.461167  -12.859071  21.862265  93.936079
0.029225  0.000000  0.000000  0.000000  0.379823  -13.613662  -10.506140  65.354501  17.609492  -5.162396  54.916246  48.461167  -12.859071  21.862265  93.936079
0.029860  0.000000  0.000000  0.000000  0.379823  -13.613662  -6.220426  65.850921  13.706126  -7.000522  54.916246  48.461167  -12.859071  21.862265  93.936079
0.030496  0.000000  0.000000  0.000000  0.379823  -13.613662  -1.934711  66.213151  9.789641  -8.778408  54.916246  48.461167  -12.859071  21.862265  93.936079
0.031131  0.000000  0.000000  0.000000  0.379823  -13.613662  2.351003  66.449760  5.864125  -10.514725  54.916246  48.461167  -12.859071  21.862265  93.936079
0.031766  0.000000  0.000000  0.000000  0.379823  -13.613662  6.636717  66.566241  1.933335  -12.226728  54.916246  48.461167  -12.859071  21.862265  93.936079
0.032402  0.000000  0.000000  0.000000  0.379823  -13.613662  10.922431  66.565262  -1.999170  -13.930807  54.916246  48.461167  -12.859071  21.862265  93.936079
0.033037  0.000000  0.000000  0.000000  0.379823  -13.613662  15.208146  66.446798  -5.929900  -15.643081  54.916246  48.461167  -12.859071  21.862265  93.936079
0.033672  0.000000  0.000000  0.000000  0.379823  -13.613662  19.493860  66.208140  -9.855298  -17.379950  54.916246  48.461167  -12.859071  21.862265  93.936079
0.034307  0.000000  0.000000  0.000000  0.379823  -13.613662  23.779574  65.843749  -13.771603  -19.158673  54.916246  48.461167  -12.859071  21.862265  93.936079
0.034943  0.000000  0.000000  0.000000  0.379823  -13.613662  28.065289  65.344984  -17.674706  -20.997990  54.916246  48.461167  -12.859071  21.862265  93.936079
0.035578  0.000000  0.000000  0.000000  0.379823  -13.613662  32.351003  64.699654  -21.559972  -22.918856  54.916246  48.461167  -12.859071  21.862265  93.936079
0.036213  0.000000  0.000000  0.000000  0.379823  -13.613662  36.636717  63.891379  -25.422013  -24.945304  54.916246  48.461167  -12.859071  21.862265  93.936079
0.036849  0.000000  0.000000  0.000000  0.379823  -13.613662  40.922431  62.898648  -29.254444  -27.105552  54.916246  48.461167  -12.859071  21.862265  93.936079
0.037484  0.000000  0.000000  0.000000  0.379823  -13.613662  45.208146  61.693686  -33.049447  -29.433324  54.916246  48.461167  -12.859071  21.862265  93.936079
0.038119  0.000000  0.000000  0.000000  -20.142535  1.363387  -14.791854  56.256701  15.645504  -0.621414  29.105625  46.729321  -37.171448  14.470843  101.881356
0.038755  0.000000  0.000000  0.000000  -20.142535  1.363387  -10.506140  56.839755  12.069167  -3.054287  29.105625  46.729321  -37.171448  14.470843  101.881356
0.039390  0.000000  0.000000  0.000000  -20.142535  1.363387  -6.220426  57.262340  8.472256  -5.422811  29.105625  46.729321  -37.171448  14.470843  101.881356
0.040025  0.000000  0.000000  0.000000  -20.142535  1.363387  -1.934711  57.532368  4.861360  -7.747346  29.105625  46.729321  -37.171448  14.470843  101.881356
0.040661  0.000000  0.000000  0.000000  -20.142535  1.363387  2.351003  57.654882  1.242583  -10.047031  29.105625  46.729321  -37.171448  14.470843  101.881356
0.041296  0.000000  0.000000  0.000000  -20.142535  1.363387  6.636717  57.632140  -2.378190  -12.340414  29.105625  46.729321  -37.171448  14.470843  101.881356
0.041931  0.000000  0.000000  0.000000  -20.142535  1.363387  10.922431  57.463722  -5.995140  -14.645873  29.105625  46.729321  -37.171448  14.470843  101.881356
0.042567  0.000000  0.000000  0.000000  -20.142535  1.363387  15.208146  57.146503  -9.602319  -16.982110  29.105625  46.729321  -37.171448  14.470843  101.881356
0.043202  0.000000  0.000000  0.000000  -20.142535  1.363387  19.493860  56.674597  -13.193509  -19.368560  29.105625  46.729321  -37.171448  14.470843  101.881356
0.043837  0.000000  0.000000  0.000000  -20.142535  1.363387  23.779574  56.039076  -16.761950  -21.826044  29.105625  46.729321  -37.171448  14.470843  101.881356
0.044473  0.000000  0.000000  0.000000  -20.142535  1.363387  28.065289  55.227769  -20.300181  -24.377173  29.105625  46.729321  -37.171448  14.470843  101.881356
0.045108  0.000000  0.000000  0.000000  -20.142535  1.363387  32.351003  54.224848  -23.799733  -27.047027  29.105625  46.729321  -37.171448  14.470843  101.881356
0.045743  0.000000  0.000000  0.000000  -20.142535  1.363387  36.636717  53.010336  -27.250808  -29.863789  29.105625  46.729321  -37.171448  14.470843  101.881356
0.046379  0.000000  0.000000  0.000000  -20.142535  1.363387  40.922431  51.559580  -30.641940  -32.859433  29.105625  46.729321  -37.171448  14.470843  101.881356
0.047014  0.000000  0.000000  0.000000  -20.142535  1.363387  45.208146  49.842679  -33.959445  -36.070470  29.105625  46.729321  -37.171448  14.470843  101.881356
0.047649  0.000000  0.000000  0.000000  -8.821265  -6.609666  -13.381137  69.617047  34.396037  -2.725078  27.108519  40.193045  -13.764285  18.132407  87.433337
0.048285  0.000000  0.000000  0.000000  -8.821265  -6.609666  -9.095423  70.543465  30.366379  -4.453751  27.108519  40.193045  -13.764285  18.132407  87.433337
0.048920  0.000000  0.000000  0.000000  -8.821265  -6.609666  -4.809709  71.299398  26.315782  -6.045054  27.108519  40.193045  -13.764285  18.132407  87.433337
0.049555  0.000000  0.000000  0.000000  -8.821265  -6.609666  -0.523994  71.909840  22.248815  -7.528468  27.108519  40.193045  -13.764285  18.132407  87.433337
0.050191  0.000000  0.000000  0.000000  -8.821265  -6.609666  3.761720  72.393597  18.169151  -8.927906  27.108519  40.193045  -13.764285  18.132407  87.433337
0.050826  0.000000  0.000000  0.000000  -8.821265  -6.609666  8.047434  72.764710  14.079824  -10.263260  27.108519  40.193045  -13.764285  18.132407  87.433337
0.051461  0.000000  0.000000  0.000000  -8.821265  -6.609666  12.333149  73.033442  9.983412  -11.551544  27.108519  40.193045  -13.764285  18.132407  87.433337
0.052097  0.000000  0.000000  0.000000  -8.821265  -6.609666  16.618863  73.206919  5.882174  -12.807710  27.108519  40.193045  -13.764285  18.132407  87.433337
0.052732  0.000000  0.000000  0.000000  -8.821265  -6.609666  20.904577  73.289651  1.778186  -14.045449  27.108519  40.193045  -13.764285  18.132407  87.433337
0.053367  0.000000  0.000000  0.000000  -8.821265  -6.609666  25.190291  73.283755  -2.326647  -15.277707  27.108519  40.193045  -13.764285  18.132407  87.433337
0.054003  0.000000  0.000000  0.000000  -8.821265  -6.609666  29.476006  73.189064  -6.430391  -16.517161  27.108519  40.193045  -13.764285  18.132407  87.433337
0.054638  0.000000  0.000000  0.000000  -8.821265  -6.609666  33.761720  73.003169  -10.531105  -17.776814  27.108519  40.193045  -13.764285  18.132407  87.433337
0.055273  0.000000  0.000000  0.000000  -8.821265  -6.609666  38.047434  72.721238  -14.626706  -19.070472  27.108519  40.193045  -13.764285  18.132407  87.433337
0.055909  0.000000  0.000000  0.000000  -8.821265  -6.609666  42.333149  72.335742  -18.714899  -20.413350  27.108519  40.193045  -13.764285  18.132407  87.433337
0.056544  0.000000  0.000000  0.000000  -8.821265  -6.609666  46.618863  71.835963  -22.793053  -21.822782  27.108519  40.193045  -13.764285  18.132407  87.433337
0.057179  0.000000  0.000000  0.000000  -5.780439  3.558255  -13.381137  51.816064  13.544299  3.027457  60.909429  36.481176  -36.303384  15.368771  100.790169
0.057814  0.000000  0.000000  0.000000  -5.780439  3.558255  -9.095423  52.368958  10.162217  0.337379  60.909429  36.481176  -36.303384  15.368771  100.790169
0.058450  0.000000  0.000000  0.000000  -5.780439  3.558255  -4.809709  52.756660  6.758665  -2.296147  60.909429  36.481176  -36.303384  15.368771  100.790169
0.059085  0.000000  0.000000  0.000000  -5.780439  3.558255  -0.523994  52.985360  3.341171  -4.892753  60.909429  36.481176  -36.303384  15.368771  100.790169
0.059720  0.000000  0.000000  0.000000  -5.780439  3.558255  3.761720  53.058708  -0.083121  -7.471302  60.909429  36.481176  -36.303384  15.368771  100.790169
0.060356  0.000000  0.000000  0.000000  -5.780439  3.558255  8.047434  52.977864  -3.507246  -10.050297  60.909429  36.481176  -36.303384  15.368771  100.790169
0.060991  0.000000  0.000000  0.000000  -5.780439  3.558255  12.333149  52.741552  -6.924232  -12.648256  60.909429  36.481176  -36.303384  15.368771  100.790169
0.061626  0.000000  0.000000  0.000000  -5.780439  3.558255  16.618863  52.345999  -10.326918  -15.284068  60.909429  36.481176  -36.303384  15.368771  100.790169
0.062262  0.000000  0.000000  0.000000  -5.780439  3.558255  20.904577  51.784880  -13.707754  -17.977412  60.909429  36.481176  -36.303384  15.368771  100.790169
0.062897  0.000000  0.000000  0.000000  -5.780439  3.558255  25.190291  51.049170  -17.058602  -20.749125  60.909429  36.481176  -36.303384  15.368771  100.790169
0.063532  0.000000  0.000000  0.000000  -5.780439  3.558255  29.476006  50.126965  -20.370489  -23.621609  60.909429  36.481176  -36.303384  15.368771  100.790169
0.064168  0.000000  0.000000  0.000000  -5.780439  3.558255  33.761720  49.003268  -23.633319  -26.619235  60.909429  36.481176  -36.303384  15.368771  100.790169
0.064803  0.000000  0.000000  0.000000  -5.780439  3.558255  38.047434  47.659769  -26.835646  -29.768709  60.909429  36.481176  -36.303384  15.368771  100.790169
0.065438  0.000000  0.000000  0.000000  -5.780439  3.558255  42.333149  46.074680  -29.964218  -33.099396  60.909429  36.481176  -36.303384  15.368771  100.790169
0.066074  0.000000  0.000000  0.000000  -5.780439  3.558255  46.618863  44.222666  -33.003628  -36.643494  60.909429  36.481176  -36.303384  15.368771  100.790169
0.066709  0.000000  0.000000  0.000000  -8.203450  -5.071282  -13.381137  66.087706  28.999320  -3.456790  60.165989  41.692988  -19.578832  26.320429  93.089323
0.067344  0.000000  0.000000  0.000000  -8.203450  -5.071282  -9.095423  66.959303  25.067953  -5.373164  60.165989  41.692988  -19.578832  26.320429  93.089323
0.067980  0.000000  0.000000  0.000000  -8.203450  -5.071282  -4.809709  67.664411  21.113527  -7.169852  60.165989  41.692988  -19.578832  26.320429  93.089323
0.068615  0.000000  0.000000  0.000000  -8.203450  -5.071282  -0.523994  68.222824  17.141151  -8.872920  60.165989  41.692988  -19.578832  26.320429  93.089323
0.069250  0.000000  0.000000  0.000000  -8.203450  -5.071282  3.761720  68.649460  13.155126  -10.504465  60.165989  41.692988  -19.578832  26.320429  93.089323
0.069886  0.000000  0.000000  0.000000  -8.203450  -5.071282  8.047434  68.955242  9.159132  -12.083660  60.165989  41.692988  -19.578832  26.320429  93.089323
0.070521  0.000000  0.000000  0.000000  -8.203450  -5.071282  12.333149  69.147752  5.156449  -13.627642  60.165989  41.692988  -19.578832  26.320429  93.089323
0.071156  0.000000  0.000000  0.000000  -8.203450  -5.071282  16.618863  69.231673  1.150090  -15.152247  60.165989  41.692988  -19.578832  26.320429  93.089323
0.071792  0.000000  0.000000  0.000000  -8.203450  -5.071282  20.904577  69.209019  -2.857089  -16.672571  60.165989  41.692988  -19.578832  26.320429  93.089323
0.072427  0.000000  0.000000  0.000000  -8.203450  -5.071282  25.190291  69.079226  -6.862230  -18.203559  60.165989  41.692988  -19.578832  26.320429  93.089323
0.073062  0.000000  0.000000  0.000000  -8.203450  -5.071282  29.476006  68.839195  -10.862443  -19.760544  60.165989  41.692988  -19.578832  26.320429  93.089323
0.073698  0.000000  0.000000  0.000000  -8.203450  -5.071282  33.761720  68.483044  -14.854615  -21.359837  60.165989  41.692988  -19.578832  26.320429  93.089323
0.074333  0.000000  0.000000  0.000000  -8.203450  -5.071282  38.047434  68.001821  -18.835306  -23.019358  60.165989  41.692988  -19.578832  26.320429  93.089323
0.074968  0.000000  0.000000  0.000000  -8.203450  -5.071282  42.333149  67.382995  -22.800599  -24.759408  60.165989  41.692988  -19.578832  26.320429  93.089323
0.075604  0.000000  0.000000  0.000000  -8.203450  -5.071282  46.618863  66.609705  -26.745883  -26.603620  60.165989  41.692988  -19.578832  26.320429  93.089323
0.076239  0.000000  0.000000  0.000000  -12.625639  -10.161705  -13.381137  69.815472  32.610297  -12.686009  57.131941  52.460457  -15.198271  14.422274  92.498948
0.076874  0.000000  0.000000  0.000000  -12.625639  -10.161705  -9.095423  70.672382  28.576507  -14.368574  57.131941  52.460457  -15.198271  14.422274  92.498948
0.077510  0.000000  0.000000  0.000000  -12.625639  -10.161705  -4.809709  71.369164  24.523504  -15.926395  57.131941  52.460457  -15.198271  14.422274  92.498948
0.078145  0.000000  0.000000  0.000000  -12.625639  -10.161705  -0.523994  71.928050  20.455509  -17.386489  57.131941  52.460457  -15.198271  14.422274  92.498948
0.078780  0.000000  0.000000  0.000000  -12.625639  -10.161705  3.761720  72.365734  16.375963  -18.771023  57.131941  52.460457  -15.198271  14.422274  92.498948
0.079416  0.000000  0.000000  0.000000  -12.625639  -10.161705  8.047434  72.694597  12.287738  -20.098657  57.131941  52.460457  -15.198271  14.422274  92.498948
0.080051  0.000000  0.000000  0.000000  -12.625639  -10.161705  12.333149  72.923541  8.193313  -21.385566  57.131941  52.460457  -15.198271  14.422274  92.498948
0.080686  0.000000  0.000000  0.000000  -12.625639  -10.161705  16.618863  73.058556  4.094893  -22.646197  57.131941  52.460457  -15.198271  14.422274  92.498948
0.081321  0.000000  0.000000  0.000000  -12.625639  -10.161705  20.904577  73.103101  -0.005493  -23.893964  57.131941  52.460457  -15.198271  14.422274  92.498948
0.081957  0.000000  0.000000  0.000000  -12.625639  -10.161705  25.190291  73.058316  -4.105853  -25.141748  57.131941  52.460457  -15.198271  14.422274  92.498948
0.082592  0.000000  0.000000  0.000000  -12.625639  -10.161705  29.476006  72.923052  -8.204263  -26.402446  57.131941  52.460457  -15.198271  14.422274  92.498948
0.083227  0.000000  0.000000  0.000000  -12.625639  -10.161705  33.761720  72.693854  -12.298677  -27.689429  57.131941  52.460457  -15.198271  14.422274  92.498948
0.083863  0.000000  0.000000  0.000000  -12.625639  -10.161705  38.047434  72.364714  -16.386882  -29.017192  57.131941  52.460457  -15.198271  14.422274  92.498948
0.084498  0.000000  0.000000  0.000000  -12.625639  -10.161705  42.333149  71.926725  -20.466401  -30.401900  57.131941  52.460457  -15.198271  14.422274  92.498948
0.085133  0.000000  0.000000  0.000000  -12.625639  -10.161705  46.618863  71.367488  -24.534350  -31.862233  57.131941  52.460457  -15.198271  14.422274  92.498948
0.085769  0.000000  0.000000  0.000000  -12.222096  3.843200  -13.381137  54.342388  14.464400  1.291006  25.901573  52.421324  -41.378326  25.188926  97.333552
0.086404  0.000000  0.000000  0.000000  -12.222096  3.843200  -9.095423  54.902598  10.969433  -1.252268  25.901573  52.421324  -41.378326  25.188926  97.333552
0.087039  0.000000  0.000000  0.000000  -12.222096  3.843200  -4.809709  55.300432  7.453869  -3.735872  25.901573  52.421324  -41.378326  25.188926  97.333552
0.087675  0.000000  0.000000  0.000000  -12.222096  3.843200  -0.523994  55.542854  3.924689  -6.179816  25.901573  52.421324  -41.378326  25.188926  97.333552
0.088310  0.000000  0.000000  0.000000  -12.222096  3.843200  3.761720  55.634101  0.388447  -8.603146  25.901573  52.421324  -41.378326  25.188926  97.333552
0.088945  0.000000  0.000000  0.000000  -12.222096  3.843200  8.047434  55.575750  -3.148487  -11.024447  25.901573  52.421324  -41.378326  25.188926  97.333552
0.089581  0.000000  0.000000  0.000000  -12.222096  3.843200  12.333149  55.366792  -6.679773  -13.462252  25.901573  52.421324  -41.378326  25.188926  97.333552
0.090216  0.000000  0.000000  0.000000  -12.222096  3.843200  16.618863  55.003590  -10.198905  -15.935476  25.901573  52.421324  -41.378326  25.188926  97.333552
0.090851  0.000000  0.000000  0.000000  -12.222096  3.843200  20.904577  54.479785  -13.699018  -18.463872  25.901573  52.421324  -41.378326  25.188926  97.333552
0.091487  0.000000  0.000000  0.000000  -12.222096  3.843200  25.190291  53.786113  -17.172691  -21.068480  25.901573  52.421324  -41.378326  25.188926  97.333552
0.092122  0.000000  0.000000  0.000000  -12.222096  3.843200  29.476006  52.910161  -20.611704  -23.772128  25.901573  52.421324  -41.378326  25.188926  97.333552
0.092757  0.000000  0.000000  0.000000  -12.222096  3.843200  33.761720  51.836050  -24.006736  -26.599953  25.901573  52.421324  -41.378326  25.188926  97.333552
0.093393  0.000000  0.000000  0.000000  -12.222096  3.843200  38.047434  50.544058  -27.347108  -29.579924  25.901573  52.421324  -41.378326  25.188926  97.333552
0.094028  0.000000  0.000000  0.000000  -12.222096  3.843200  42.333149  49.010236  -30.620352  -32.743382  25.901573  52.421324  -41.378326  25.188926  97.333552
0.094663  0.000000  0.000000  0.000000  -12.222096  3.843200  46.618863  47.206122  -33.811718  -36.125510  25.901573  52.421324  -41.378326  25.188926  97.333552
0.095299  0.000000  0.000000  0.000000  -4.440598  4.105714  -11.863825  55.811744  16.139146  0.834511  38.311270  46.023460  -25.812523  30.172070  100.691235
0.095934  0.000000  0.000000  0.000000  -4.440598  4.105714  -7.578111  56.423703  12.580647  -1.631397  38.311270  46.023460  -25.812523  30.172070  100.691235
0.096569  0.000000  0.000000  0.000000  -4.440598  4.105714  -3.292396  56.872970  9.000205  -4.029604  38.311270  46.023460  -25.812523  30.172070  100.691235
0.097205  0.000000  0.000000  0.000000  -4.440598  4.105714  0.993318  57.167924  5.404556  -6.380657  38.311270  46.023460  -25.812523  30.172070  100.691235
0.097840  0.000000  0.000000  0.000000  -4.440598  4.105714  5.279032  57.313978  1.799980  -8.703899  38.311270  46.023460  -25.812523  30.172070  100.691235
0.098475  0.000000  0.000000  0.000000  -4.440598  4.105714  9.564746  57.313827  -1.807547  -11.017958  38.311270  46.023460  -25.812523  30.172070  100.691235
0.099111  0.000000  0.000000  0.000000  -4.440598  4.105714  13.850461  57.167457  -5.412116  -13.341236  38.311270  46.023460  -25.812523  30.172070  100.691235
0.099746  0.000000  0.000000  0.000000  -4.440598  4.105714  18.136175  56.872188  -9.007730  -15.692379  38.311270  46.023460  -25.812523  30.172070  100.691235
0.100381  0.000000  0.000000  0.000000  -4.440598  4.105714  22.421889  56.422592  -12.588136  -18.090701  38.311270  46.023460  -25.812523  30.172070  100.691235
0.101017  0.000000  0.000000  0.000000  -4.440598  4.105714  26.707604  55.810281  -16.146584  -20.556770  38.311270  46.023460  -25.812523  30.172070  100.691235
0.101652  0.000000  0.000000  0.000000  -4.440598  4.105714  30.993318  55.023686  -19.675650  -23.112854  38.311270  46.023460  -25.812523  30.172070  100.691235
0.102287  0.000000  0.000000  0.000000  -4.440598  4.105714  35.279032  54.047688  -23.166947  -25.783541  38.311270  46.023460  -25.812523  30.172070  100.691235
0.102922  0.000000  0.000000  0.000000  -4.440598  4.105714  39.564746  52.863159  -26.610805  -28.596367  38.311270  46.023460  -25.812523  30.172070  100.691235
0.103558  0.000000  0.000000  0.000000  -4.440598  4.105714  43.850461  51.446466  -29.995961  -31.582455  38.311270  46.023460  -25.812523  30.172070  100.691235
0.104193  0.000000  0.000000  0.000000  -4.440598  4.105714  48.136175  49.768923  -33.309028  -34.777231  38.311270  46.023460  -25.812523  30.172070  100.691235
0.104828  0.000000  0.000000  0.000000  2.761007  -4.067488  -11.863825  64.991801  27.039908  -3.753353  34.771540  46.278973  -21.969344  23.820835  95.650326
0.105464  0.000000  0.000000  0.000000  2.761007  -4.067488  -7.578111  65.827275  23.142464  -5.722229  34.771540  46.278973  -21.969344  23.820835  95.650326
0.106099  0.000000  0.000000  0.000000  2.761007  -4.067488  -3.292396  66.498774  19.221959  -7.579387  34.771540  46.278973  -21.969344  23.820835  95.650326
0.106734  0.000000  0.000000  0.000000  2.761007  -4.067488  0.993318  67.024173  15.283617  -9.349686  34.771540  46.278973  -21.969344  23.820835  95.650326
0.107370  0.000000  0.000000  0.000000  2.761007  -4.067488  5.279032  67.416855  11.331881  -11.054510  34.771540  46.278973  -21.969344  23.820835  95.650326
0.108005  0.000000  0.000000  0.000000  2.761007  -4.067488  9.564746  67.686469  7.370640  -12.712719  34.771540  46.278973  -21.969344  23.820835  95.650326
0.108640  0.000000  0.000000  0.000000  2.761007  -4.067488  13.850461  67.839481  3.403398  -14.341470  34.771540  46.278973  -21.969344  23.820835  95.650326
0.109276  0.000000  0.000000  0.000000  2.761007  -4.067488  18.136175  67.879497  -0.566565  -15.956839  34.771540  46.278973  -21.969344  23.820835  95.650326
0.109911  0.000000  0.000000  0.000000  2.761007  -4.067488  22.421889  67.807442  -4.536065  -17.574426  34.771540  46.278973  -21.969344  23.820835  95.650326
0.110546  0.000000  0.000000  0.000000  2.761007  -4.067488  26.707604  67.621633  -8.501929  -19.209923  34.771540  46.278973  -21.969344  23.820835  95.650326
0.111182  0.000000  0.000000  0.000000  2.761007  -4.067488  30.993318  67.317690  -12.460833  -20.879615  34.771540  46.278973  -21.969344  23.820835  95.650326
0.111817  0.000000  0.000000  0.000000  2.761007  -4.067488  35.279032  66.888269  -16.409163  -22.601103  34.771540  46.278973  -21.969344  23.820835  95.650326
0.112452  0.000000  0.000000  0.000000  2.761007  -4.067488  39.564746  66.322718  -20.342897  -24.393878  34.771540  46.278973  -21.969344  23.820835  95.650326
0.113088  0.000000  0.000000  0.000000  2.761007  -4.067488  43.850461  65.606461  -24.257392  -26.280207  34.771540  46.278973  -21.969344  23.820835  95.650326
0.113723  0.000000  0.000000  0.000000  2.761007  -4.067488  48.136175  64.720170  -28.147152  -28.286151  34.771540  46.278973  -21.969344  23.820835  95.650326
0.114358  0.000000  0.000000  0.000000  -7.072434  1.163416  -11.863825  53.582006  13.218429  1.358083  28.398164  36.382123  -49.546558  25.148639  106.208960
0.114994  0.000000  0.000000  0.000000  -7.072434  1.163416  -7.578111  54.096187  9.757702  -1.222033  28.398164  36.382123  -49.546558  25.148639  106.208960
0.115629  0.000000  0.000000  0.000000  -7.072434  1.163416  -3.292396  54.448860  6.277973  -3.748911  28.398164  36.382123  -49.546558  25.148639  106.208960
0.116264  0.000000  0.000000  0.000000  -7.072434  1.163416  0.993318  54.645981  2.786301  -6.242164  28.398164  36.382123  -49.546558  25.148639  106.208960
0.116900  0.000000  0.000000  0.000000  -7.072434  1.163416  5.279032  54.690913  -0.710617  -8.720643  28.398164  36.382123  -49.546558  25.148639  106.208960
0.117535  0.000000  0.000000  0.000000  -7.072434  1.163416  9.564746  54.584365  -4.206201  -11.202878  28.398164  36.382123  -49.546558  25.148639  106.208960
0.118170  0.000000  0.000000  0.000000  -7.072434  1.163416  13.850461  54.324581  -7.693846  -13.707492  28.398164  36.382123  -49.546558  25.148639  106.208960
0.118806  0.000000  0.000000  0.000000  -7.072434  1.163416  18.136175  53.907153  -11.166729  -16.253583  28.398164  36.382123  -49.546558  25.148639  106.208960
0.119441  0.000000  0.000000  0.000000  -7.072434  1.163416  22.421889  53.324990  -14.617597  -18.861199  28.398164  36.382123  -49.546558  25.148639  106.208960
0.120076  0.000000  0.000000  0.000000  -7.072434  1.163416  26.707604  52.568109  -18.038571  -21.551749  28.398164  36.382123  -49.546558  25.148639  106.208960
0.120712  0.000000  0.000000  0.000000  -7.072434  1.163416  30.993318  51.623402  -21.420882  -24.348476  28.398164  36.382123  -49.546558  25.148639  106.208960
0.121347  0.000000  0.000000  0.000000  -7.072434  1.163416  35.279032  50.474338  -24.754579  -27.276944  28.398164  36.382123  -49.546558  25.148639  106.208960
0.121982  0.000000  0.000000  0.000000  -7.072434  1.163416  39.564746  49.100650  -28.028256  -30.365489  28.398164  36.382123  -49.546558  25.148639  106.208960
0.122618  0.000000  0.000000  0.000000  -7.072434  1.163416  43.850461  47.478044  -31.228585  -33.645682  28.398164  36.382123  -49.546558  25.148639  106.208960
0.123253  0.000000  0.000000  0.000000  -7.072434  1.163416  48.136175  45.577993  -34.339889  -37.152626  28.398164  36.382123  -49.546558  25.148639  106.208960
0.123888  0.000000  0.000000  0.000000  -5.568661  4.803324  -11.863825  56.335187  20.850674  -0.528614  26.807553  56.838297  -49.982155  19.890874  87.232757
0.124524  0.000000  0.000000  0.000000  -5.568661  4.803324  -7.578111  57.147564  17.266352  -3.014906  26.807553  56.838297  -49.982155  19.890874  87.232757
0.125159  0.000000  0.000000  0.000000  -5.568661  4.803324  -3.292396  57.785298  13.652625  -5.405874  26.807553  56.838297  -49.982155  19.890874  87.232757
0.125794  0.000000  0.000000  0.000000  -5.568661  4.803324  0.993318  58.261103  10.016707  -7.724396  26.807553  56.838297  -49.982155  19.890874  87.232757
0.126429  0.000000  0.000000  0.000000  -5.568661  4.803324  5.279032  58.584283  6.365078  -9.991351  26.807553  56.838297  -49.982155  19.890874  87.232757
0.127065  0.000000  0.000000  0.000000  -5.568661  4.803324  9.564746  58.761079  2.703708  -12.226224  26.807553  56.838297  -49.982155  19.890874  87.232757
0.127700  0.000000  0.000000  0.000000  -5.568661  4.803324  13.850461  58.794868  -0.961744  -14.447626  26.807553  56.838297  -49.982155  19.890874  87.232757
0.128335  0.000000  0.000000  0.000000  -5.568661  4.803324  18.136175  58.686293  -4.625748  -16.673810  26.807553  56.838297  -49.982155  19.890874  87.232757
0.128971  0.000000  0.000000  0.000000  -5.568661  4.803324  22.421889  58.433284  -8.282726  -18.923160  26.807553  56.838297  -49.982155  19.890874  87.232757
0.129606  0.000000  0.000000  0.000000  -5.568661  4.803324  26.707604  58.030987  -11.926884  -21.214662  26.807553  56.838297  -49.982155  19.890874  87.232757
0.130241  0.000000  0.000000  0.000000  -5.568661  4.803324  30.993318  57.471583  -15.552007  -23.568480  26.807553  56.838297  -49.982155  19.890874  87.232757
0.130877  0.000000  0.000000  0.000000  -5.568661  4.803324  35.279032  56.744029  -19.151266  -26.006457  26.807553  56.838297  -49.982155  19.890874  87.232757
0.131512  0.000000  0.000000  0.000000  -5.568661  4.803324  39.564746  55.833677  -22.716956  -28.552769  26.807553  56.838297  -49.982155  19.890874  87.232757
0.132147  0.000000  0.000000  0.000000  -5.568661  4.803324  43.850461  54.721765  -26.240168  -31.234625  26.807553  56.838297  -49.982155  19.890874  87.232757
0.132783  0.000000  0.000000  0.000000  -5.568661  4.803324  48.136175  53.384795  -29.710511  -34.082986  26.807553  56.838297  -49.982155  19.890874  87.232757
0.133418  0.000000  0.000000  0.000000  -21.885720  -1.226200  -11.863825  65.569854  29.822188  -3.456199  53.194282  54.289628  -52.332720  10.875356  105.520315
0.134053  0.000000  0.000000  0.000000  -21.885720  -1.226200  -7.578111  66.490749  25.905639  -5.425253  53.194282  54.289628  -52.332720  10.875356  105.520315
0.134689  0.000000  0.000000  0.000000  -21.885720  -1.226200  -3.292396  67.238521  21.964217  -7.267205  53.194282  54.289628  -52.332720  10.875356  105.520315
0.135324  0.000000  0.000000  0.000000  -21.885720  -1.226200  0.993318  67.834298  18.003367  -9.009335  53.194282  54.289628  -52.332720  10.875356  105.520315
0.135959  0.000000  0.000000  0.000000  -21.885720  -1.226200  5.279032  68.294066  14.027637  -10.674663  53.194282  54.289628  -52.332720  10.875356  105.520315
0.136595  0.000000  0.000000  0.000000  -21.885720  -1.226200  9.564746  68.629643  10.040913  -12.283077  53.194282  54.289628  -52.332720  10.875356  105.520315
0.137230  0.000000  0.000000  0.000000  -21.885720  -1.226200  13.850461  68.849357  6.046626  -13.852231  53.194282  54.289628  -52.332720  10.875356  105.520315
0.137865  0.000000  0.000000  0.000000  -21.885720  -1.226200  18.136175  68.958543  2.047900  -15.398341  53.194282  54.289628  -52.332720  10.875356  105.520315
0.138501  0.000000  0.000000  0.000000  -21.885720  -1.226200  22.421889  68.959841  -1.952302  -16.936740  53.194282  54.289628  -52.332720  10.875356  105.520315
0.139136  0.000000  0.000000  0.000000  -21.885720  -1.226200  26.707604  68.853241  -5.951093  -18.482491  53.194282  54.289628  -52.332720  10.875356  105.520315
0.139771  0.000000  0.000000  0.000000  -21.885720  -1.226200  30.993318  68.636214  -9.945520  -20.050918  53.194282  54.289628  -52.332720  10.875356  105.520315
0.140407  0.000000  0.000000  0.000000  -21.885720  -1.226200  35.279032  68.303496  -13.932465  -21.658187  53.194282  54.289628  -52.332720  10.875356  105.520315
0.141042  0.000000  0.000000  0.000000  -21.885720  -1.226200  39.564746  67.846822  -17.908501  -23.321929  53.194282  54.289628  -52.332720  10.875356  105.520315
0.141677  0.000000  0.000000  0.000000  -21.885720  -1.226200  43.850461  67.254463  -21.869755  -25.061970  53.194282  54.289628  -52.332720  10.875356  105.520315
0.142313  0.000000  0.000000  0.000000  -21.885720  -1.226200  48.136175  66.510545  -25.811699  -26.901239  53.194282  54.289628  -52.332720  10.875356  105.520315
0.142948  0.000000  0.000000  0.000000  -1.654252  -12.521522  -10.265059  66.034049  19.562577  -7.822907  45.291355  55.353195  -57.703451  10.869863  92.415221
0.143583  0.000000  0.000000  0.000000  -1.654252  -12.521522  -5.979345  66.580604  15.637749  -9.629264  45.291355  55.353195  -57.703451  10.869863  92.415221
0.144219  0.000000  0.000000  0.000000  -1.654252  -12.521522  -1.693631  66.991606  11.698697  -11.367438  45.291355  55.353195  -57.703451  10.869863  92.415221
0.144854  0.000000  0.000000  0.000000  -1.654252  -12.521522  2.592084  67.277115  7.749470  -13.056686  45.291355  55.353195  -57.703451  10.869863  92.415221
0.145489  0.000000  0.000000  0.000000  -1.654252  -12.521522  6.877798  67.443939  3.793712  -14.714467  45.291355  55.353195  -57.703451  10.869863  92.415221
0.146125  0.000000  0.000000  0.000000  -1.654252  -12.521522  11.163512  67.495977  -0.165177  -16.357111  45.291355  55.353195  -57.703451  10.869863  92.415221
0.146760  0.000000  0.000000  0.000000  -1.654252  -12.521522  15.449226  67.434430  -4.123941  -18.000407  45.291355  55.353195  -57.703451  10.869863  92.415221
0.147395  0.000000  0.000000  0.000000  -1.654252  -12.521522  19.734941  67.257903  -8.079282  -19.660188  45.291355  55.353195  -57.703451  10.869863  92.415221
0.148030  0.000000  0.000000  0.000000  -1.654252  -12.521522  24.020655  66.962228  -12.027806  -21.352827  45.291355  55.353195  -57.703451  10.869863  92.415221
0.148666  0.000000  0.000000  0.000000  -1.654252  -12.521522  28.306369  66.540348  -15.965834  -23.095923  45.291355  55.353195  -57.703451  10.869863  92.415221
0.149301  0.000000  0.000000  0.000000  -1.654252  -12.521522  32.592084  65.981914  -19.889275  -24.908915  45.291355  55.353195  -57.703451  10.869863  92.415221
0.149936  0.000000  0.000000  0.000000  -1.654252  -12.521522  36.877798  65.272713  -23.793433  -26.813917  45.291355  55.353195  -57.703451  10.869863  92.415221
0.150572  0.000000  0.000000  0.000000  -1.654252  -12.521522  41.163512  64.393878  -27.672769  -28.836712  45.291355  55.353195  -57.703451  10.869863  92.415221
0.151207  0.000000  0.000000  0.000000  -1.654252  -12.521522  45.449226  63.320796  -31.520565  -31.008002  45.291355  55.353195  -57.703451  10.869863  92.415221
0.151842  0.000000  0.000000  0.000000  -1.654252  -12.521522  49.734941  62.021590  -35.328554  -33.365066  45.291355  55.353195  -57.703451  10.869863  92.415221
0.152478  0.000000  0.000000  0.000000  -14.001132  -5.815997  -10.265059  70.304547  30.421756  0.757831  29.004979  63.981261  -26.440856  10.428094  86.665155
0.153113  0.000000  0.000000  0.000000  -14.001132  -5.815997  -5.979345  71.071246  26.376895  -0.853094  29.004979  63.981261  -26.440856  10.428094  86.665155
0.153748  0.000000  0.000000  0.000000  -14.001132  -5.815997  -1.693631  71.690680  22.315232  -2.354663  29.004979  63.981261  -26.440856  10.428094  86.665155
0.154384  0.000000  0.000000  0.000000  -14.001132  -5.815997  2.592084  72.181897  18.240529  -3.771058  29.004979  63.981261  -26.440856  10.428094  86.665155
0.155019  0.000000  0.000000  0.000000  -14.001132  -5.815997  6.877798  72.559130  14.155899  -5.122408  29.004979  63.981261  -26.440856  10.428094  86.665155
0.155654  0.000000  0.000000  0.000000  -14.001132  -5.815997  11.163512  72.832776  10.063976  -6.425905  29.004979  63.981261  -26.440856  10.428094  86.665155
0.156290  0.000000  0.000000  0.000000  -14.001132  -5.815997  15.449226  73.010093  5.967080  -7.696686  29.004979  63.981261  -26.440856  10.428094  86.665155
0.156925  0.000000  0.000000  0.000000  -14.001132  -5.815997  19.734941  73.095672  1.867311  -8.948582  29.004979  63.981261  -26.440856  10.428094  86.665155
0.157560  0.000000  0.000000  0.000000  -14.001132  -5.815997  24.020655  73.091695  -2.233343  -10.194640  29.004979  63.981261  -26.440856  10.428094  86.665155
0.158196  0.000000  0.000000  0.000000  -14.001132  -5.815997  28.306369  72.998044  -6.332934  -11.447687  29.004979  63.981261  -26.440856  10.428094  86.665155
0.158831  0.000000  0.000000  0.000000  -14.001132  -5.815997  32.592084  72.812349  -10.429474  -12.720816  29.004979  63.981261  -26.440856  10.428094  86.665155
0.159466  0.000000  0.000000  0.000000  -14.001132  -5.815997  36.877798  72.529798  -14.520844  -14.027937  29.004979  63.981261  -26.440856  10.428094  86.665155
0.160102  0.000000  0.000000  0.000000  -14.001132  -5.815997  41.163512  72.142867  -18.604702  -15.384354  29.004979  63.981261  -26.440856  10.428094  86.665155
0.160737  0.000000  0.000000  0.000000  -14.001132  -5.815997  45.449226  71.640842  -22.678371  -16.807489  29.004979  63.981261  -26.440856  10.428094  86.665155
0.161372  0.000000  0.000000  0.000000  -14.001132  -5.815997  49.734941  71.009118  -26.738700  -18.317764  29.004979  63.981261  -26.440856  10.428094  86.665155
0.162008  0.000000  0.000000  0.000000  -11.702569  2.822158  -10.265059  62.016726  29.314482  3.006530  29.411306  37.375558  -42.444223  25.232466  88.003154
0.162643  0.000000  0.000000  0.000000  -11.702569  2.822158  -5.979345  63.042532  25.511447  0.779891  29.411306  37.375558  -42.444223  25.232466  88.003154
0.163278  0.000000  0.000000  0.000000  -11.702569  2.822158  -1.693631  63.879297  21.676861  -1.309311  29.411306  37.375558  -42.444223  25.232466  88.003154
0.163914  0.000000  0.000000  0.000000  -11.702569  2.822158  2.592084  64.548885  17.817486  -3.289775  29.411306  37.375558  -42.444223  25.232466  88.003154
0.164549  0.000000  0.000000  0.000000  -11.702569  2.822158  6.877798  65.068006  13.939021  -5.185968  29.411306  37.375558  -42.444223  25.232466  88.003154
0.165184  0.000000  0.000000  0.000000  -11.702569  2.822158  11.163512  65.449208  10.046371  -7.019321  29.411306  37.375558  -42.444223  25.232466  88.003154
0.165820  0.000000  0.000000  0.000000  -11.702569  2.822158  15.449226  65.701378  6.143884  -8.808934  29.411306  37.375558  -42.444223  25.232466  88.003154
0.166455  0.000000  0.000000  0.000000  -11.702569  2.822158  19.734941  65.830303  2.235535  -10.572450  29.411306  37.375558  -42.444223  25.232466  88.003154
0.167090  0.000000  0.000000  0.000000  -11.702569  2.822158  24.020655  65.838894  -1.674916  -12.326581  29.411306  37.375558  -42.444223  25.232466  88.003154
0.167726  0.000000  0.000000  0.000000  -11.702569  2.822158  28.306369  65.727333  -5.583793  -14.087739  29.411306  37.375558  -42.444223  25.232466  88.003154
0.168361  0.000000  0.000000  0.000000  -11.702569  2.822158  32.592084  65.493114  -9.487356  -15.872563  29.411306  37.375558  -42.444223  25.232466  88.003154
0.168996  0.000000  0.000000  0.000000  -11.702569  2.822158  36.877798  65.130887  -13.381674  -17.698505  29.411306  37.375558  -42.444223  25.232466  88.003154
0.169632  0.000000  0.000000  0.000000  -11.702569  2.822158  41.163512  64.632208  -17.262459  -19.584445  29.411306  37.375558  -42.444223  25.232466  88.003154
0.170267  0.000000  0.000000  0.000000  -11.702569  2.822158  45.449226  63.985123  -21.124898  -21.551394  29.411306  37.375558  -42.444223  25.232466  88.003154
0.170902  0.000000  0.000000  0.000000  -11.702569  2.822158  49.734941  63.173543  -24.963427  -23.623352  29.411306  37.375558  -42.444223  25.232466  88.003154
0.171537  0.000000  0.000000  0.000000  -20.861556  4.741931  -10.265059  57.649637  17.326252  0.698530  24.285428  48.095896  -23.607311  17.286136  104.680115
0.172173  0.000000  0.000000  0.000000  -20.861556  4.741931  -5.979345  58.280778  13.692610  -1.660284  24.285428  48.095896  -23.607311  17.286136  104.680115
0.172808  0.000000  0.000000  0.000000  -20.861556  4.741931  -1.693631  58.751244  10.037316  -3.947025  24.285428  48.095896  -23.607311  17.286136  104.680115
0.173443  0.000000  0.000000  0.000000  -20.861556  4.741931  2.592084  59.070374  6.366712  -6.182537  24.285428  48.095896  -23.607311  17.286136  104.680115
0.174079  0.000000  0.000000  0.000000  -20.861556  4.741931  6.877798  59.244408  2.686633  -8.386241  24.285428  48.095896  -23.607311  17.286136  104.680115
0.174714  0.000000  0.000000  0.000000  -20.861556  4.741931  11.163512  59.276722  -0.997385  -10.576676  24.285428  48.095896  -23.607311  17.286136  104.680115
0.175349  0.000000  0.000000  0.000000  -20.861556  4.741931  15.449226  59.167926  -4.679952  -12.772031  24.285428  48.095896  -23.607311  17.286136  104.680115
0.175985  0.000000  0.000000  0.000000  -20.861556  4.741931  19.734941  58.915930  -8.355601  -14.990616  24.285428  48.095896  -23.607311  17.286136  104.680115
0.176620  0.000000  0.000000  0.000000  -20.861556  4.741931  24.020655  58.515831  -12.018669  -17.251372  24.285428  48.095896  -23.607311  17.286136  104.680115
0.177255  0.000000  0.000000  0.000000  -20.861556  4.741931  28.306369  57.959740  -15.663068  -19.574432  24.285428  48.095896  -23.607311  17.286136  104.680115
0.177891  0.000000  0.000000  0.000000  -20.861556  4.741931  32.592084  57.236515  -19.282099  -21.981651  24.285428  48.095896  -23.607311  17.286136  104.680115
0.178526  0.000000  0.000000  0.000000  -20.861556  4.741931  36.877798  56.331350  -22.868193  -24.497265  24.285428  48.095896  -23.607311  17.286136  104.680115
0.179161  0.000000  0.000000  0.000000  -20.861556  4.741931  41.163512  55.225264  -26.412596  -27.148618  24.285428  48.095896  -23.607311  17.286136  104.680115
0.179797  0.000000  0.000000  0.000000  -20.861556  4.741931  45.449226  53.894423  -29.905034  -29.966944  24.285428  48.095896  -23.607311  17.286136  104.680115
0.180432  0.000000  0.000000  0.000000  -20.861556  4.741931  49.734941  52.309452  -33.333246  -32.988265  24.285428  48.095896  -23.607311  17.286136  104.680115
0.181067  0.000000  0.000000  0.000000  -13.991696  2.757117  -10.265059  64.766516  33.747363  6.486285  42.686912  51.314150  -29.868628  20.132259  100.915461
0.181703  0.000000  0.000000  0.000000  -13.991696  2.757117  -5.979345  65.876524  29.852575  4.381224  42.686912  51.314150  -29.868628  20.132259  100.915461
0.182338  0.000000  0.000000  0.000000  -13.991696  2.757117  -1.693631  66.787490  25.926924  2.435054  42.686912  51.314150  -29.868628  20.132259  100.915461
0.182973  0.000000  0.000000  0.000000  -13.991696  2.757117  2.592084  67.526911  21.976964  0.614899  42.686912  51.314150  -29.868628  20.132259  100.915461
0.183609  0.000000  0.000000  0.000000  -13.991696  2.757117  6.877798  68.115780  18.008019  -1.106335  42.686912  51.314150  -29.868628  20.132259  100.915461
0.184244  0.000000  0.000000  0.000000  -13.991696  2.757117  11.163512  68.570022  14.024561  -2.751543  42.686912  51.314150  -29.868628  20.132259  100.915461
0.184879  0.000000  0.000000  0.000000  -13.991696  2.757117  15.449226  68.901343  10.030370  -4.340428  42.686912  51.314150  -29.868628  20.132259  100.915461
0.185515  0.000000  0.000000  0.000000  -13.991696  2.757117  19.734941  69.118000  6.028805  -5.890487  42.686912  51.314150  -29.868628  20.132259  100.915461
0.186150  0.000000  0.000000  0.000000  -13.991696  2.757117  24.020655  69.225300  2.022924  -7.417815  42.686912  51.314150  -29.868628  20.132259  100.915461
0.186785  0.000000  0.000000  0.000000  -13.991696  2.757117  28.306369  69.225813  -1.984384  -8.937605  42.686912  51.314150  -29.868628  20.132259  100.915461
0.187421  0.000000  0.000000  0.000000  -13.991696  2.757117  32.592084  69.119545  -5.990289  -10.464788  42.686912  51.314150  -29.868628  20.132259  100.915461
0.188056  0.000000  0.000000  0.000000  -13.991696  2.757117  36.877798  68.903954  -9.991912  -12.014568  42.686912  51.314150  -29.868628  20.132259  100.915461
0.188691  0.000000  0.000000  0.000000  -13.991696  2.757117  41.163512  68.573780  -13.986191  -13.602985  42.686912  51.314150  -29.868628  20.132259  100.915461
0.189327  0.000000  0.000000  0.000000  -13.991696  2.757117  45.449226  68.120781  -17.969777  -15.247546  42.686912  51.314150  -29.868628  20.132259  100.915461
0.189962  0.000000  0.000000  0.000000  -13.991696  2.757117  49.734941  67.533261  -21.938871  -16.967959  42.686912  51.314150  -29.868628  20.132259  100.915461
0.190597  0.000000  0.000000  0.000000  -6.466400  4.856563  -8.507029  66.422283  37.410274  7.240546  43.049995  39.843825  -45.708403  25.481721  102.163364
0.191233  0.000000  0.000000  0.000000  -6.466400  4.856563  -4.221315  67.613670  33.464224  5.187131  43.049995  39.843825  -45.708403  25.481721  102.163364
0.191868  0.000000  0.000000  0.000000  -6.466400  4.856563  0.064399  68.592649  29.487289  3.313440  43.049995  39.843825  -45.708403  25.481721  102.163364
0.192503  0.000000  0.000000  0.000000  -6.466400  4.856563  4.350113  69.392367  25.486094  1.581894  43.049995  39.843825  -45.708403  25.481721  102.163364
0.193139  0.000000  0.000000  0.000000  -6.466400  4.856563  8.635828  70.037977  21.465887  -0.037667  43.049995  39.843825  -45.708403  25.481721  102.163364
0.193774  0.000000  0.000000  0.000000  -6.466400  4.856563  12.921542  70.548514  17.430929  -1.569974  43.049995  39.843825  -45.708403  25.481721  102.163364
0.194409  0.000000  0.000000  0.000000  -6.466400  4.856563  17.207256  70.938226  13.384766  -3.035795  43.049995  39.843825  -45.708403  25.481721  102.163364
0.195044  0.000000  0.000000  0.000000  -6.466400  4.856563  21.492971  71.217517  9.330443  -4.453042  43.049995  39.843825  -45.708403  25.481721  102.163364
0.195680  0.000000  0.000000  0.000000  -6.466400  4.856563  25.778685  71.393583  5.270640  -5.837641  43.049995  39.843825  -45.708403  25.481721  102.163364
0.196315  0.000000  0.000000  0.000000  -6.466400  4.856563  30.064399  71.470854  1.207812  -7.204224  43.049995  39.843825  -45.708403  25.481721  102.163364
0.196950  0.000000  0.000000  0.000000  -6.466400  4.856563  34.350113  71.451247  -2.855697  -8.566719  43.049995  39.843825  -45.708403  25.481721  102.163364
0.197586  0.000000  0.000000  0.000000  -6.466400  4.856563  38.635828  71.334272  -6.917581  -9.938904  43.049995  39.843825  -45.708403  25.481721  102.163364
0.198221  0.000000  0.000000  0.000000  -6.466400  4.856563  42.921542  71.117037  -10.975474  -11.334920  43.049995  39.843825  -45.708403  25.481721  102.163364
0.198856  0.000000  0.000000  0.000000  -6.466400  4.856563  47.207256  70.793999  -15.026828  -12.769852  43.049995  39.843825  -45.708403  25.481721  102.163364
0.199492  0.000000  0.000000  0.000000  -6.466400  4.856563  51.492971  70.356737  -19.068837  -14.260336  43.049995  39.843825  -45.708403  25.481721  102.163364
0.200127  0.000000  0.000000  0.000000  -7.112544  -1.434900  -8.507029  70.680093  39.478269  -1.589993  43.117653  49.172170  -44.367478  25.630281  103.523542
0.200762  0.000000  0.000000  0.000000  -7.112544  -1.434900  -4.221315  71.737963  35.420608  -3.328559  43.117653  49.172170  -44.367478  25.630281  103.523542
0.201398  0.000000  0.000000  0.000000  -7.112544  -1.434900  0.064399  72.602989  31.340433  -4.899702  43.117653  49.172170  -44.367478  25.630281  103.523542
0.202033  0.000000  0.000000  0.000000  -7.112544  -1.434900  4.350113  73.308043  27.242715  -6.339790  43.117653  49.172170  -44.367478  25.630281  103.523542
0.202668  0.000000  0.000000  0.000000  -7.112544  -1.434900  8.635828  73.877603  23.131320  -7.677229  43.117653  49.172170  -44.367478  25.630281  103.523542
0.203304  0.000000  0.000000  0.000000  -7.112544  -1.434900  12.921542  74.330062  19.009316  -8.934902  43.117653  49.172170  -44.367478  25.630281  103.523542
0.203939  0.000000  0.000000  0.000000  -7.112544  -1.434900  17.207256  74.679063  14.879223  -10.131585  43.117653  49.172170  -44.367478  25.630281  103.523542
0.204574  0.000000  0.000000  0.000000  -7.112544  -1.434900  21.492971  74.934596  10.743160  -11.283194  43.117653  49.172170  -44.367478  25.630281  103.523542
0.205210  0.000000  0.000000  0.000000  -7.112544  -1.434900  25.778685  75.103661  6.602973  -12.403598  43.117653  49.172170  -44.367478  25.630281  103.523542
0.205845  0.000000  0.000000  0.000000  -7.112544  -1.434900  30.064399  75.190774  2.460330  -13.505387  43.117653  49.172170  -44.367478  25.630281  103.523542
0.206480  0.000000  0.000000  0.000000  -7.112544  -1.434900  34.350113  75.198196  -1.683219  -14.600336  43.117653  49.172170  -44.367478  25.630281  103.523542
0.207116  0.000000  0.000000  0.000000  -7.112544  -1.434900  38.635828  75.126146  -5.826152  -15.699965  43.117653  49.172170  -44.367478  25.630281  103.523542
0.207751  0.000000  0.000000  0.000000  -7.112544  -1.434900  42.921542  74.972721  -9.966922  -16.815958  43.117653  49.172170  -44.367478  25.630281  103.523542
0.208386  0.000000  0.000000  0.000000  -7.112544  -1.434900  47.207256  74.733861  -14.103891  -17.960699  43.117653  49.172170  -44.367478  25.630281  103.523542
0.209022  0.000000  0.000000  0.000000  -7.112544  -1.434900  51.492971  74.403052  -18.235255  -19.147784  43.117653  49.172170  -44.367478  25.630281  103.523542
0.209657  0.000000  0.000000  0.000000  -0.828282  2.790664  -8.507029  63.102753  32.796620  1.776918  23.497285  63.431061  -37.312044  26.261027  100.690947
0.210292  0.000000  0.000000  0.000000  -0.828282  2.790664  -4.221315  64.239816  28.954936  -0.437356  23.497285  63.431061  -37.312044  26.261027  100.690947
0.210928  0.000000  0.000000  0.000000  -0.828282  2.790664  0.064399  65.173932  25.079617  -2.492358  23.497285  63.431061  -37.312044  26.261027  100.690947
0.211563  0.000000  0.000000  0.000000  -0.828282  2.790664  4.350113  65.931880  21.177746  -4.420682  23.497285  63.431061  -37.312044  26.261027  100.690947
0.212198  0.000000  0.000000  0.000000  -0.828282  2.790664  8.635828  66.534192  17.255145  -6.249458  23.497285  63.431061  -37.312044  26.261027  100.690947
0.212834  0.000000  0.000000  0.000000  -0.828282  2.790664  12.921542  66.996486  13.316695  -8.001832  23.497285  63.431061  -37.312044  26.261027  100.690947
0.213469  0.000000  0.000000  0.000000  -0.828282  2.790664  17.207256  67.330270  9.366625  -9.697946  23.497285  63.431061  -37.312044  26.261027  100.690947
0.214104  0.000000  0.000000  0.000000  -0.828282  2.790664  21.492971  67.543584  5.408657  -11.355802  23.497285  63.431061  -37.312044  26.261027  100.690947
0.214740  0.000000  0.000000  0.000000  -0.828282  2.790664  25.778685  67.641464  1.446272  -12.992075  23.497285  63.431061  -37.312044  26.261027  100.690947
0.215375  0.000000  0.000000  0.000000  -0.828282  2.790664  30.064399  67.626225  -2.517303  -14.622634  23.497285  63.431061  -37.312044  26.261027  100.690947
0.216010  0.000000  0.000000  0.000000  -0.828282  2.790664  34.350113  67.497470  -6.478822  -16.263165  23.497285  63.431061  -37.312044  26.261027  100.690947
0.216645  0.000000  0.000000  0.000000  -0.828282  2.790664  38.635828  67.252222  -10.434997  -17.929675  23.497285  63.431061  -37.312044  26.261027  100.690947
0.217281  0.000000  0.000000  0.000000  -0.828282  2.790664  42.921542  66.884645  -14.382314  -19.639130  23.497285  63.431061  -37.312044  26.261027  100.690947
0.217916  0.000000  0.000000  0.000000  -0.828282  2.790664  47.207256  66.385800  -18.316919  -21.410057  23.497285  63.431061  -37.312044  26.261027  100.690947
0.218551  0.000000  0.000000  0.000000  -0.828282  2.790664  51.492971  65.743152  -22.234433  -23.263311  23.497285  63.431061  -37.312044  26.261027  100.690947
0.219187  0.000000  0.000000  0.000000  -0.141359  2.703186  -8.507029  58.042111  17.605747  3.658379  23.792873  51.861959  -49.656090  22.996996  92.261472
0.219822  0.000000  0.000000  0.000000  -0.141359  2.703186  -4.221315  58.677792  13.956536  1.322496  23.792873  51.861959  -49.656090  22.996996  92.261472
0.220457  0.000000  0.000000  0.000000  -0.141359  2.703186  0.064399  59.153234  10.285733  -0.940298  23.792873  51.861959  -49.656090  22.996996  92.261472
0.221093  0.000000  0.000000  0.000000  -0.141359  2.703186  4.350113  59.478003  6.599593  -3.150916  23.792873  51.861959  -49.656090  22.996996  92.261472
0.221728  0.000000  0.000000  0.000000  -0.141359  2.703186  8.635828  59.658530  2.903860  -5.328789  23.792873  51.861959  -49.656090  22.996996  92.261472
0.222363  0.000000  0.000000  0.000000  -0.141359  2.703186  12.921542  59.698351  -0.796027  -7.492430  23.792873  51.861959  -49.656090  22.996996  92.261472
0.222999  0.000000  0.000000  0.000000  -0.141359  2.703186  17.207256  59.598246  -4.494787  -9.659966  23.792873  51.861959  -49.656090  22.996996  92.261472
0.223634  0.000000  0.000000  0.000000  -0.141359  2.703186  21.492971  59.356256  -8.187070  -11.849622  23.792873  51.861959  -49.656090  22.996996  92.261472
0.224269  0.000000  0.000000  0.000000  -0.141359  2.703186  25.778685  58.967625  -11.867342  -14.080230  23.792873  51.861959  -49.656090  22.996996  92.261472
0.224905  0.000000  0.000000  0.000000  -0.141359  2.703186  30.064399  58.424605  -15.529659  -16.371801  23.792873  51.861959  -49.656090  22.996996  92.261472
0.225540  0.000000  0.000000  0.000000  -0.141359  2.703186  34.350113  57.716188  -19.167483  -18.746058  23.792873  51.861959  -49.656090  22.996996  92.261472
0.226175  0.000000  0.000000  0.000000  -0.141359  2.703186  38.635828  56.827692  -22.773428  -21.227110  23.792873  51.861959  -49.656090  22.996996  92.261472
0.226811  0.000000  0.000000  0.000000  -0.141359  2.703186  42.921542  55.740233  -26.338951  -23.842191  23.792873  51.861959  -49.656090  22.996996  92.261472
0.227446  0.000000  0.000000  0.000000  -0.141359  2.703186  47.207256  54.430026  -29.854009  -26.622471  23.792873  51.861959  -49.656090  22.996996  92.261472
0.228081  0.000000  0.000000  0.000000  -0.141359  2.703186  51.492971  52.867653  -33.306607  -29.603990  23.792873  51.861959  -49.656090  22.996996  92.261472
0.228717  0.000000  0.000000  0.000000  -17.002977  13.547460  -8.507029  59.277538  29.285742  8.571741  28.116515  52.913110  -43.011108  13.572222  88.357514
0.229352  0.000000  0.000000  0.000000  -17.002977  13.547460  -4.221315  60.395853  25.579708  6.145884  28.116515  52.913110  -43.011108  13.572222  88.357514
0.229987  0.000000  0.000000  0.000000  -17.002977  13.547460  0.064399  61.312889  21.836097  3.866600  28.116515  52.913110  -43.011108  13.572222  88.357514
0.230623  0.000000  0.000000  0.000000  -17.002977  13.547460  4.350113  62.051158  18.062787  1.704206  28.116515  52.913110  -43.011108  13.572222  88.357514
0.231258  0.000000  0.000000  0.000000  -17.002977  13.547460  8.635828  62.628117  14.266437  -0.366871  28.116515  52.913110  -43.011108  13.572222  88.357514
0.231893  0.000000  0.000000  0.000000  -17.002977  13.547460  12.921542  63.056970  10.452804  -2.369089  28.116515  52.913110  -43.011108  13.572222  88.357514
0.232529  0.000000  0.000000  0.000000  -17.002977  13.547460  17.207256  63.347242  6.626988  -4.322574  28.116515  52.913110  -43.011108  13.572222  88.357514
0.233164  0.000000  0.000000  0.000000  -17.002977  13.547460  21.492971  63.505286  2.793657  -6.245924  28.116515  52.913110  -43.011108  13.572222  88.357514
0.233799  0.000000  0.000000  0.000000  -17.002977  13.547460  25.778685  63.534500  -1.042794  -8.156734  28.116515  52.913110  -43.011108  13.572222  88.357514
0.234435  0.000000  0.000000  0.000000  -17.002977  13.547460  30.064399  63.435508  -4.878084  -10.072214  28.116515  52.913110  -43.011108  13.572222  88.357514
0.235070  0.000000  0.000000  0.000000  -17.002977  13.547460  34.350113  63.206182  -8.707881  -12.009728  28.116515  52.913110  -43.011108  13.572222  88.357514
0.235705  0.000000  0.000000  0.000000  -17.002977  13.547460  38.635828  62.841568  -12.527682  -13.987303  28.116515  52.913110  -43.011108  13.572222  88.357514
0.236341  0.000000  0.000000  0.000000  -17.002977  13.547460  42.921542  62.333611  -16.332591  -16.024318  28.116515  52.913110  -43.011108  13.572222  88.357514
0.236976  0.000000  0.000000  0.000000  -17.002977  13.547460  47.207256  61.670856  -20.117183  -18.142068  28.116515  52.913110  -43.011108  13.572222  88.357514
0.237611  0.000000  0.000000  0.000000  -17.002977  13.547460  51.492971  60.837880  -23.875249  -20.364587  28.116515  52.913110  -43.011108  13.572222  88.357514
0.238247  0.000000  0.000000  0.000000  -19.485336  -6.273514  -8.507029  71.239746  32.468846  -9.357286  39.765281  55.288275  -27.306287  26.768325  100.429368
0.238882  0.000000  0.000000  0.000000  -19.485336  -6.273514  -4.221315  72.033383  28.401084  -10.922936  39.765281  55.288275  -27.306287  26.768325  100.429368
0.239517  0.000000  0.000000  0.000000  -19.485336  -6.273514  0.064399  72.677380  24.316751  -12.372421  39.765281  55.288275  -27.306287  26.768325  100.429368
0.240152  0.000000  0.000000  0.000000  -19.485336  -6.273514  4.350113  73.192614  20.219520  -13.731162  39.765281  55.288275  -27.306287  26.768325  100.429368
0.240788  0.000000  0.000000  0.000000  -19.485336  -6.273514  8.635828  73.594701  16.112378  -15.019974  39.765281  55.288275  -27.306287  26.768325  100.429368
0.241423  0.000000  0.000000  0.000000  -19.485336  -6.273514  12.921542  73.895169  11.997820  -16.256363  39.765281  55.288275  -27.306287  26.768325  100.429368
0.242058  0.000000  0.000000  0.000000  -19.485336  -6.273514  17.207256  74.102260  7.878002  -17.455501  39.765281  55.288275  -27.306287  26.768325  100.429368
0.242694  0.000000  0.000000  0.000000  -19.485336  -6.273514  21.492971  74.221462  3.754842  -18.630956  39.765281  55.288275  -27.306287  26.768325  100.429368
0.243329  0.000000  0.000000  0.000000  -19.485336  -6.273514  25.778685  74.255880  -0.369874  -19.795349  39.765281  55.288275  -27.306287  26.768325  100.429368
0.243964  0.000000  0.000000  0.000000  -19.485336  -6.273514  30.064399  74.206383  -4.494444  -20.960818  39.765281  55.288275  -27.306287  26.768325  100.429368
0.244600  0.000000  0.000000  0.000000  -19.485336  -6.273514  34.350113  74.071712  -8.617139  -22.139575  39.765281  55.288275  -27.306287  26.768325  100.429368
0.245235  0.000000  0.000000  0.000000  -19.485336  -6.273514  38.635828  73.848355  -12.736161  -23.344353  39.765281  55.288275  -27.306287  26.768325  100.429368
0.245870  0.000000  0.000000  0.000000  -19.485336  -6.273514  42.921542  73.530357  -16.849555  -24.588970  39.765281  55.288275  -27.306287  26.768325  100.429368
0.246506  0.000000  0.000000  0.000000  -19.485336  -6.273514  47.207256  73.108933  -20.955117  -25.888953  39.765281  55.288275  -27.306287  26.768325  100.429368
0.247141  0.000000  0.000000  0.000000  -19.485336  -6.273514  51.492971  72.571884  -25.050259  -27.262330  39.765281  55.288275  -27.306287  26.768325  100.429368
0.247776  0.000000  0.000000  0.000000  -2.792741  6.063976  -8.507029  63.585286  22.775589  6.669196  59.440952  54.243261  -33.252134  17.017429  93.049516
0.248412  0.000000  0.000000  0.000000  -2.792741  6.063976  -4.221315  64.302612  18.925032  4.655146  59.440952  54.243261  -33.252134  17.017429  93.049516
0.249047  0.000000  0.000000  0.000000  -2.792741  6.063976  0.064399  64.864862  15.053737  2.732177  59.440952  54.243261  -33.252134  17.017429  93.049516
0.249682  0.000000  0.000000  0.000000  -2.792741  6.063976  4.350113  65.285700  11.166838  0.878073  59.440952  54.243261  -33.252134  17.017429  93.049516
0.250318  0.000000  0.000000  0.000000  -2.792741  6.063976  8.635828  65.575023  7.268840  -0.926887  59.440952  54.243261  -33.252134  17.017429  93.049516
0.250953  0.000000  0.000000  0.000000  -2.792741  6.063976  12.921542  65.739486  3.363829  -2.700722  59.440952  54.243261  -33.252134  17.017429  93.049516
0.251588  0.000000  0.000000  0.000000  -2.792741  6.063976  17.207256  65.782805  -0.544371  -4.460377  59.440952  54.243261  -33.252134  17.017429  93.049516
0.252224  0.000000  0.000000  0.000000  -2.792741  6.063976  21.492971  65.705954  -4.452059  -6.222318  59.440952  54.243261  -33.252134  17.017429  93.049516
0.252859  0.000000  0.000000  0.000000  -2.792741  6.063976  25.778685  65.507203  -8.355505  -8.003094  59.440952  54.243261  -33.252134  17.017429  93.049516
0.253494  0.000000  0.000000  0.000000  -2.792741  6.063976  30.064399  65.182049  -12.250840  -9.819866  59.440952  54.243261  -33.252134  17.017429  93.049516
0.254130  0.000000  0.000000  0.000000  -2.792741  6.063976  34.350113  64.722968  -16.133870  -11.691076  59.440952  54.243261  -33.252134  17.017429  93.049516
0.254765  0.000000  0.000000  0.000000  -2.792741  6.063976  38.635828  64.119068  -19.999934  -13.637058  59.440952  54.243261  -33.252134  17.017429  93.049516
0.255400  0.000000  0.000000  0.000000  -2.792741  6.063976  42.921542  63.355530  -23.843690  -15.680871  59.440952  54.243261  -33.252134  17.017429  93.049516
0.256036  0.000000  0.000000  0.000000  -2.792741  6.063976  47.207256  62.412825  -27.658847  -17.849269  59.440952  54.243261  -33.252134  17.017429  93.049516
0.256671  0.000000  0.000000  0.000000  -2.792741  6.063976  51.492971  61.265668  -31.437829  -20.173912  59.440952  54.243261  -33.252134  17.017429  93.049516
0.257306  0.000000  0.000000  0.000000  -15.739850  -5.832471  -8.507029  67.763238  23.820888  -3.351119  52.916435  64.786340  -51.021222  20.679529  87.649113
0.257942  0.000000  0.000000  0.000000  -15.739850  -5.832471  -4.221315  68.404412  19.844578  -5.074025  52.916435  64.786340  -51.021222  20.679529  87.649113
0.258577  0.000000  0.000000  0.000000  -15.739850  -5.832471  0.064399  68.906937  15.852539  -6.712461  52.916435  64.786340  -51.021222  20.679529  87.649113
0.259212  0.000000  0.000000  0.000000  -15.739850  -5.832471  4.350113  69.284143  11.848662  -8.287119  52.916435  64.786340  -51.021222  20.679529  87.649113
0.259848  0.000000  0.000000  0.000000  -15.739850  -5.832471  8.635828  69.545695  7.836344  -9.816166  52.916435  64.786340  -51.021222  20.679529  87.649113
0.260483  0.000000  0.000000  0.000000  -15.739850  -5.832471  12.921542  69.698077  3.818620  -11.315957  52.916435  64.786340  -51.021222  20.679529  87.649113
0.261118  0.000000  0.000000  0.000000  -15.739850  -5.832471  17.207256  69.744997  -0.201688  -12.801748  52.916435  64.786340  -51.021222  20.679529  87.649113
0.261753  0.000000  0.000000  0.000000  -15.739850  -5.832471  21.492971  69.687588  -4.221859  -14.288275  52.916435  64.786340  -51.021222  20.679529  87.649113
0.262389  0.000000  0.000000  0.000000  -15.739850  -5.832471  25.778685  69.524463  -8.239168  -15.790306  52.916435  64.786340  -51.021222  20.679529  87.649113
0.263024  0.000000  0.000000  0.000000  -15.739850  -5.832471  30.064399  69.251653  -12.250783  -17.323161  52.916435  64.786340  -51.021222  20.679529  87.649113
0.263659  0.000000  0.000000  0.000000  -15.739850  -5.832471  34.350113  68.862360  -16.253631  -18.903369  52.916435  64.786340  -51.021222  20.679529  87.649113
0.264295  0.000000  0.000000  0.000000  -15.739850  -5.832471  38.635828  68.346602  -20.244279  -20.549286  52.916435  64.786340  -51.021222  20.679529  87.649113
0.264930  0.000000  0.000000  0.000000  -15.739850  -5.832471  42.921542  67.690613  -24.218770  -22.281941  52.916435  64.786340  -51.021222  20.679529  87.649113
0.265565  0.000000  0.000000  0.000000  -15.739850  -5.832471  47.207256  66.876008  -28.172397  -24.126067  52.916435  64.786340  -51.021222  20.679529  87.649113
0.266201  0.000000  0.000000  0.000000  -15.739850  -5.832471  51.492971  65.878585  -32.099429  -26.111439  52.916435  64.786340  -51.021222  20.679529  87.649113
0.266836  0.000000  0.000000  0.000000  -15.122429  7.838299  -6.515874  68.249796  32.660410  8.274848  43.706044  46.427805  -58.154733  27.896166  105.594659
0.267471  0.000000  0.000000  0.000000  -15.122429  7.838299  -2.230159  69.172790  28.666760  6.466263  43.706044  46.427805  -58.154733  27.896166  105.594659
0.268107  0.000000  0.000000  0.000000  -15.122429  7.838299  2.055555  69.924943  24.650856  4.791006  43.706044  46.427805  -58.154733  27.896166  105.594659
0.268742  0.000000  0.000000  0.000000  -15.122429  7.838299  6.341269  70.529742  20.617546  3.220531  43.706044  46.427805  -58.154733  27.896166  105.594659
0.269377  0.000000  0.000000  0.000000  -15.122429  7.838299  10.626984  71.004907  16.570784  1.731350  43.706044  46.427805  -58.154733  27.896166  105.594659
0.270013  0.000000  0.000000  0.000000  -15.122429  7.838299  14.912698  71.363639  12.513878  0.303643  43.706044  46.427805  -58.154733  27.896166  105.594659
0.270648  0.000000  0.000000  0.000000  -15.122429  7.838299  19.198412  71.615489  8.449682  -1.079782  43.706044  46.427805  -58.154733  27.896166  105.594659
0.271283  0.000000  0.000000  0.000000  -15.122429  7.838299  23.484126  71.766930  4.380731  -2.434279  43.706044  46.427805  -58.154733  27.896166  105.594659
0.271919  0.000000  0.000000  0.000000  -15.122429  7.838299  27.769841  71.821786  0.309361  -3.774099  43.706044  46.427805  -58.154733  27.896166  105.594659
0.272554  0.000000  0.000000  0.000000  -15.122429  7.838299  32.055555  71.781428  -3.762163  -5.112889  43.706044  46.427805  -58.154733  27.896166  105.594659
0.273189  0.000000  0.000000  0.000000  -15.122429  7.838299  36.341269  71.644843  -7.831627  -6.464272  43.706044  46.427805  -58.154733  27.896166  105.594659
0.273825  0.000000  0.000000  0.000000  -15.122429  7.838299  40.626984  71.408603  -11.896705  -7.842337  43.706044  46.427805  -58.154733  27.896166  105.594659
0.274460  0.000000  0.000000  0.000000  -15.122429  7.838299  44.912698  71.066646  -15.954892  -9.262258  43.706044  46.427805  -58.154733  27.896166  105.594659
0.275095  0.000000  0.000000  0.000000  -15.122429  7.838299  49.198412  70.609926  -20.003395  -10.740895  43.706044  46.427805  -58.154733  27.896166  105.594659
0.275731  0.000000  0.000000  0.000000  -15.122429  7.838299  53.484126  70.025845  -24.038986  -12.297608  43.706044  46.427805  -58.154733  27.896166  105.594659
0.276366  0.000000  0.000000  0.000000  -23.000302  2.795570  -6.515874  73.109042  46.171601  5.105001  21.779744  65.634658  -23.096474  19.523529  89.433611
0.277001  0.000000  0.000000  0.000000  -23.000302  2.795570  -2.230159  74.276365  42.057939  3.429189  21.779744  65.634658  -23.096474  19.523529  89.433611
0.277637  0.000000  0.000000  0.000000  -23.000302  2.795570  2.055555  75.222430  37.922873  1.958086  21.779744  65.634658  -23.096474  19.523529  89.433611
0.278272  0.000000  0.000000  0.000000  -23.000302  2.795570  6.341269  75.992434  33.771450  0.644148  21.779744  65.634658  -23.096474  19.523529  89.433611
0.278907  0.000000  0.000000  0.000000  -23.000302  2.795570  10.626984  76.619096  29.607396  -0.547965  21.779744  65.634658  -23.096474  19.523529  89.433611
0.279543  0.000000  0.000000  0.000000  -23.000302  2.795570  14.912698  77.126479  25.433533  -1.645276  21.779744  65.634658  -23.096474  19.523529  89.433611
0.280178  0.000000  0.000000  0.000000  -23.000302  2.795570  19.198412  77.532342  21.252068  -2.668891  21.779744  65.634658  -23.096474  19.523529  89.433611
0.280813  0.000000  0.000000  0.000000  -23.000302  2.795570  23.484126  77.849909  17.064767  -3.635882  21.779744  65.634658  -23.096474  19.523529  89.433611
0.281449  0.000000  0.000000  0.000000  -23.000302  2.795570  27.769841  78.088850  12.873089  -4.560338  21.779744  65.634658  -23.096474  19.523529  89.433611
0.282084  0.000000  0.000000  0.000000  -23.000302  2.795570  32.055555  78.256119  8.678279  -5.454339  21.779744  65.634658  -23.096474  19.523529  89.433611
0.282719  0.000000  0.000000  0.000000  -23.000302  2.795570  36.341269  78.356359  4.481433  -6.328535  21.779744  65.634658  -23.096474  19.523529  89.433611
0.283355  0.000000  0.000000  0.000000  -23.000302  2.795570  40.626984  78.392309  0.283559  -7.192731  21.779744  65.634658  -23.096474  19.523529  89.433611
0.283990  0.000000  0.000000  0.000000  -23.000302  2.795570  44.912698  78.364932  -3.914378  -8.056301  21.779744  65.634658  -23.096474  19.523529  89.433611
0.284625  0.000000  0.000000  0.000000  -23.000302  2.795570  49.198412  78.273491  -8.111419  -8.928594  21.779744  65.634658  -23.096474  19.523529  89.433611
0.285260  0.000000  0.000000  0.000000  -23.000302  2.795570  53.484126  78.115520  -12.306562  -9.819309  21.779744  65.634658  -23.096474  19.523529  89.433611
0.285896  0.000000  0.000000  0.000000  -24.277145  8.586877  -6.515874  63.378315  35.619284  6.627670  24.289495  42.701248  -36.175504  15.795365  95.446215
0.286531  0.000000  0.000000  0.000000  -24.277145  8.586877  -2.230159  64.631332  31.766579  4.370407  24.289495  42.701248  -36.175504  15.795365  95.446215
0.287166  0.000000  0.000000  0.000000  -24.277145  8.586877  2.055555  65.664297  27.877262  2.294654  24.289495  42.701248  -36.175504  15.795365  95.446215
0.287802  0.000000  0.000000  0.000000  -24.277145  8.586877  6.341269  66.508935  23.959030  0.363504  24.289495  42.701248  -36.175504  15.795365  95.446215
0.288437  0.000000  0.000000  0.000000  -24.277145  8.586877  10.626984  67.189622  20.018075  -1.453261  24.289495  42.701248  -36.175504  15.795365  95.446215
0.289072  0.000000  0.000000  0.000000  -24.277145  8.586877  14.912698  67.724955  16.059502  -3.180879  24.289495  42.701248  -36.175504  15.795365  95.446215
0.289708  0.000000  0.000000  0.000000  -24.277145  8.586877  19.198412  68.128889  12.087618  -4.840915  24.289495  42.701248  -36.175504  15.795365  95.446215
0.290343  0.000000  0.000000  0.000000  -24.277145  8.586877  23.484126  68.411573  8.106186  -6.452258  24.289495  42.701248  -36.175504  15.795365  95.446215
0.290978  0.000000  0.000000  0.000000  -24.277145  8.586877  27.769841  68.579881  4.118538  -8.031929  24.289495  42.701248  -36.175504  15.795365  95.446215
0.291614  0.000000  0.000000  0.000000  -24.277145  8.586877  32.055555  68.637859  0.127811  -9.595827  24.289495  42.701248  -36.175504  15.795365  95.446215
0.292249  0.000000  0.000000  0.000000  -24.277145  8.586877  36.341269  68.586873  -3.863013  -11.159238  24.289495  42.701248  -36.175504  15.795365  95.446215
0.292884  0.000000  0.000000  0.000000  -24.277145  8.586877  40.626984  68.425712  -7.850937  -12.737442  24.289495  42.701248  -36.175504  15.795365  95.446215
0.293520  0.000000  0.000000  0.000000  -24.277145  8.586877  44.912698  68.150541  -11.832877  -14.346254  24.289495  42.701248  -36.175504  15.795365  95.446215
0.294155  0.000000  0.000000  0.000000  -24.277145  8.586877  49.198412  67.754636  -15.805476  -16.002624  24.289495  42.701248  -36.175504  15.795365  95.446215
0.294790  0.000000  0.000000  0.000000  -24.277145  8.586877  53.484126  67.228091  -19.765025  -17.725300  24.289495  42.701248  -36.175504  15.795365  95.446215
0.295426  0.000000  0.000000  0.000000  -4.658550  1.821521  -6.515874  69.426642  26.038435  5.887433  41.063913  47.717784  -32.604290  15.155589  87.287413
0.296061  0.000000  0.000000  0.000000  -4.658550  1.821521  -2.230159  70.088022  22.017133  4.264234  41.063913  47.717784  -32.604290  15.155589  87.287413
0.296696  0.000000  0.000000  0.000000  -4.658550  1.821521  2.055555  70.612771  17.980735  2.730923  41.063913  47.717784  -32.604290  15.155589  87.287413
0.297332  0.000000  0.000000  0.000000  -4.658550  1.821521  6.341269  71.015670  13.932829  1.266357  41.063913  47.717784  -32.604290  15.155589  87.287413
0.297967  0.000000  0.000000  0.000000  -4.658550  1.821521  10.626984  71.307548  9.876477  -0.147623  41.063913  47.717784  -32.604290  15.155589  87.287413
0.298602  0.000000  0.000000  0.000000  -4.658550  1.821521  14.912698  71.495975  5.814372  -1.527092  41.063913  47.717784  -32.604290  15.155589  87.287413
0.299238  0.000000  0.000000  0.000000  -4.658550  1.821521  19.198412  71.585706  1.748967  -2.886748  41.063913  47.717784  -32.604290  15.155589  87.287413
0.299873  0.000000  0.000000  0.000000  -4.658550  1.821521  23.484126  71.578992  -2.317416  -4.240515  41.063913  47.717784  -32.604290  15.155589  87.287413
0.300508  0.000000  0.000000  0.000000  -4.658550  1.821521  27.769841  71.475648  -6.382499  -5.602092  41.063913  47.717784  -32.604290  15.155589  87.287413
0.301144  0.000000  0.000000  0.000000  -4.658550  1.821521  32.055555  71.273107  -10.443951  -6.985477  41.063913  47.717784  -32.604290  15.155589  87.287413
0.301779  0.000000  0.000000  0.000000  -4.658550  1.821521  36.341269  70.966231  -14.499292  -8.405524  41.063913  47.717784  -32.604290  15.155589  87.287413
0.302414  0.000000  0.000000  0.000000  -4.658550  1.821521  40.626984  70.547032  -18.545783  -9.878549  41.063913  47.717784  -32.604290  15.155589  87.287413
0.303050  0.000000  0.000000  0.000000  -4.658550  1.821521  44.912698  70.004166  -22.580293  -11.423081  41.063913  47.717784  -32.604290  15.155589  87.287413
0.303685  0.000000  0.000000  0.000000  -4.658550  1.821521  49.198412  69.322249  -26.599164  -13.060746  41.063913  47.717784  -32.604290  15.155589  87.287413
0.304320  0.000000  0.000000  0.000000  -4.658550  1.821521  53.484126  68.480771  -30.597926  -14.817519  41.063913  47.717784  -32.604290  15.155589  87.287413
0.304956  0.000000  0.000000  0.000000  -11.167251  -1.161641  -6.515874  74.710979  36.992525  -1.343861  60.854090  54.711518  -54.942057  21.737533  88.500560
0.305591  0.000000  0.000000  0.000000  -11.167251  -1.161641  -2.230159  75.480935  32.850769  -2.687944  60.854090  54.711518  -54.942057  21.737533  88.500560
0.306226  0.000000  0.000000  0.000000  -11.167251  -1.161641  2.055555  76.107537  28.695944  -3.911778  60.854090  54.711518  -54.942057  21.737533  88.500560
0.306861  0.000000  0.000000  0.000000  -11.167251  -1.161641  6.341269  76.614139  24.530924  -5.041895  60.854090  54.711518  -54.942057  21.737533  88.500560
0.307497  0.000000  0.000000  0.000000  -11.167251  -1.161641  10.626984  77.018093  20.358039  -6.099239  60.854090  54.711518  -54.942057  21.737533  88.500560
0.308132  0.000000  0.000000  0.000000  -11.167251  -1.161641  14.912698  77.332278  16.179129  -7.100818  60.854090  54.711518  -54.942057  21.737533  88.500560
0.308767  0.000000  0.000000  0.000000  -11.167251  -1.161641  19.198412  77.566101  11.995725  -8.060796  60.854090  54.711518  -54.942057  21.737533  88.500560
0.309403  0.000000  0.000000  0.000000  -11.167251  -1.161641  23.484126  77.726242  7.809156  -8.991374  60.854090  54.711518  -54.942057  21.737533  88.500560
0.310038  0.000000  0.000000  0.000000  -11.167251  -1.161641  27.769841  77.817127  3.620587  -9.903454  60.854090  54.711518  -54.942057  21.737533  88.500560
0.310673  0.000000  0.000000  0.000000  -11.167251  -1.161641  32.055555  77.841213  -0.568887  -10.807119  60.854090  54.711518  -54.942057  21.737533  88.500560
0.311309  0.000000  0.000000  0.000000  -11.167251  -1.161641  36.341269  77.799122  -4.758214  -11.712096  60.854090  54.711518  -54.942057  21.737533  88.500560
0.311944  0.000000  0.000000  0.000000  -11.167251  -1.161641  40.626984  77.689748  -8.946347  -12.628190  60.854090  54.711518  -54.942057  21.737533  88.500560
0.312579  0.000000  0.000000  0.000000  -11.167251  -1.161641  44.912698  77.510124  -13.132182  -13.565617  60.854090  54.711518  -54.942057  21.737533  88.500560
0.313215  0.000000  0.000000  0.000000  -11.167251  -1.161641  49.198412  77.255244  -17.314502  -14.535610  60.854090  54.711518  -54.942057  21.737533  88.500560
0.313850  0.000000  0.000000  0.000000  -11.167251  -1.161641  53.484126  76.917742  -21.491938  -15.550830  60.854090  54.711518  -54.942057  21.737533  88.500560
0.314485  0.000000  0.000000  0.000000  -19.451878  4.139825  -4.392800  66.609847  27.395958  2.348250  22.017899  43.035587  -31.174855  30.335123  105.598550
0.315121  0.000000  0.000000  0.000000  -19.451878  4.139825  -0.107086  67.405937  23.450328  0.495095  22.017899  43.035587  -31.174855  30.335123  105.598550
0.315756  0.000000  0.000000  0.000000  -19.451878  4.139825  4.178628  68.045061  19.484093  -1.250135  22.017899  43.035587  -31.174855  30.335123  105.598550
0.316391  0.000000  0.000000  0.000000  -19.451878  4.139825  8.464342  68.544817  15.501936  -2.911628  22.017899  43.035587  -31.174855  30.335123  105.598550
0.317027  0.000000  0.000000  0.000000  -19.451878  4.139825  12.750057  68.918369  11.507858  -4.510120  22.017899  43.035587  -31.174855  30.335123  105.598550
0.317662  0.000000  0.000000  0.000000  -19.451878  4.139825  17.035771  69.175136  7.505298  -6.063740  22.017899  43.035587  -31.174855  30.335123  105.598550
0.318297  0.000000  0.000000  0.000000  -19.451878  4.139825  21.321485  69.321454  3.497379  -7.588965  22.017899  43.035587  -31.174855  30.335123  105.598550
0.318933  0.000000  0.000000  0.000000  -19.451878  4.139825  25.607200  69.360863  -0.512991  -9.101181  22.017899  43.035587  -31.174855  30.335123  105.598550
0.319568  0.000000  0.000000  0.000000  -19.451878  4.139825  29.892914  69.294297  -4.522990  -10.615296  22.017899  43.035587  -31.174855  30.335123  105.598550
0.320203  0.000000  0.000000  0.000000  -19.451878  4.139825  34.178628  69.120162  -8.529814  -12.146302  22.017899  43.035587  -31.174855  30.335123  105.598550
0.320839  0.000000  0.000000  0.000000  -19.451878  4.139825  38.464342  68.834246  -12.530518  -13.709764  22.017899  43.035587  -31.174855  30.335123  105.598550
0.321474  0.000000  0.000000  0.000000  -19.451878  4.139825  42.750057  68.429454  -16.521899  -15.322546  22.017899  43.035587  -31.174855  30.335123  105.598550
0.322109  0.000000  0.000000  0.000000  -19.451878  4.139825  47.035771  67.895450  -20.500378  -17.003379  22.017899  43.035587  -31.174855  30.335123  105.598550
0.322745  0.000000  0.000000  0.000000  -19.451878  4.139825  51.321485  67.218047  -24.461823  -18.773750  22.017899  43.035587  -31.174855  30.335123  105.598550
0.323380  0.000000  0.000000  0.000000  -19.451878  4.139825  55.607200  66.378340  -28.401319  -20.658956  22.017899  43.035587  -31.174855  30.335123  105.598550
0.324015  0.000000  0.000000  0.000000  -9.479791  4.310774  -4.392800  66.382906  26.248117  5.771199  24.166171  45.680919  -34.619435  26.255062  92.617442
0.324651  0.000000  0.000000  0.000000  -9.479791  4.310774  -0.107086  67.145929  22.309640  3.916735  24.166171  45.680919  -34.619435  26.255062  92.617442
0.325286  0.000000  0.000000  0.000000  -9.479791  4.310774  4.178628  67.755153  18.351246  2.164403  24.166171  45.680919  -34.619435  26.255062  92.617442
0.325921  0.000000  0.000000  0.000000  -9.479791  4.310774  8.464342  68.226973  14.377547  0.490863  24.166171  45.680919  -34.619435  26.255062  92.617442
0.326557  0.000000  0.000000  0.000000  -9.479791  4.310774  12.750057  68.573588  10.392524  -1.124080  24.166171  45.680919  -34.619435  26.255062  92.617442
0.327192  0.000000  0.000000  0.000000  -9.479791  4.310774  17.035771  68.803588  6.399618  -2.698220  24.166171  45.680919  -34.619435  26.255062  92.617442
0.327827  0.000000  0.000000  0.000000  -9.479791  4.310774  21.321485  68.922576  2.401995  -4.247882  24.166171  45.680919  -34.619435  26.255062  92.617442
0.328463  0.000000  0.000000  0.000000  -9.479791  4.310774  25.607200  68.933405  -1.597371  -5.788510  24.166171  45.680919  -34.619435  26.255062  92.617442
0.329098  0.000000  0.000000  0.000000  -9.479791  4.310774  29.892914  68.836320  -5.595578  -7.335143  24.166171  45.680919  -34.619435  26.255062  92.617442
0.329733  0.000000  0.000000  0.000000  -9.479791  4.310774  34.178628  68.629011  -9.589679  -8.903090  24.166171  45.680919  -34.619435  26.255062  92.617442
0.330368  0.000000  0.000000  0.000000  -9.479791  4.310774  38.464342  68.306459  -13.576564  -10.508433  24.166171  45.680919  -34.619435  26.255062  92.617442
0.331004  0.000000  0.000000  0.000000  -9.479791  4.310774  42.750057  67.860680  -17.552834  -12.168659  24.166171  45.680919  -34.619435  26.255062  92.617442
0.331639  0.000000  0.000000  0.000000  -9.479791  4.310774  47.035771  67.280268  -21.514652  -13.903383  24.166171  45.680919  -34.619435  26.255062  92.617442
0.332274  0.000000  0.000000  0.000000  -9.479791  4.310774  51.321485  66.549742  -25.457547  -15.735232  24.166171  45.680919  -34.619435  26.255062  92.617442
0.332910  0.000000  0.000000  0.000000  -9.479791  4.310774  55.607200  65.648611  -29.376174  -17.690956  24.166171  45.680919  -34.619435  26.255062  92.617442
0.333545  0.000000  0.000000  0.000000  -15.843006  7.842627  -4.392800  69.762316  30.517173  7.515775  48.618689  66.948903  -48.825653  26.147910  98.187128
0.334180  0.000000  0.000000  0.000000  -15.843006  7.842627  -0.107086  70.552592  26.485591  5.860760  48.618689  66.948903  -48.825653  26.147910  98.187128
0.334816  0.000000  0.000000  0.000000  -15.843006  7.842627  4.178628  71.191725  22.436226  4.318268  48.618689  66.948903  -48.825653  26.147910  98.187128
0.335451  0.000000  0.000000  0.000000  -15.843006  7.842627  8.464342  71.699259  18.373043  2.863529  48.618689  66.948903  -48.825653  26.147910  98.187128
0.336086  0.000000  0.000000  0.000000  -15.843006  7.842627  12.750057  72.089821  14.299326  1.475924  48.618689  66.948903  -48.825653  26.147910  98.187128
0.336722  0.000000  0.000000  0.000000  -15.843006  7.842627  17.035771  72.374124  10.217852  0.137838  48.618689  66.948903  -48.825653  26.147910  98.187128
0.337357  0.000000  0.000000  0.000000  -15.843006  7.842627  21.321485  72.559669  6.131061  -1.166232  48.618689  66.948903  -48.825653  26.147910  98.187128
0.337992  0.000000  0.000000  0.000000  -15.843006  7.842627  25.607200  72.651229  2.041162  -2.450438  48.618689  66.948903  -48.825653  26.147910  98.187128
0.338628  0.000000  0.000000  0.000000  -15.843006  7.842627  29.892914  72.651145  -2.049750  -3.728114  48.618689  66.948903  -48.825653  26.147910  98.187128
0.339263  0.000000  0.000000  0.000000  -15.843006  7.842627  34.178628  72.559380  -6.139640  -5.012350  48.618689  66.948903  -48.825653  26.147910  98.187128
0.339898  0.000000  0.000000  0.000000  -15.843006  7.842627  38.464342  72.373629  -10.226422  -6.316483  48.618689  66.948903  -48.825653  26.147910  98.187128
0.340534  0.000000  0.000000  0.000000  -15.843006  7.842627  42.750057  72.089116  -14.307884  -7.654649  48.618689  66.948903  -48.825653  26.147910  98.187128
0.341169  0.000000  0.000000  0.000000  -15.843006  7.842627  47.035771  71.698324  -18.381582  -9.042372  48.618689  66.948903  -48.825653  26.147910  98.187128
0.341804  0.000000  0.000000  0.000000  -15.843006  7.842627  51.321485  71.190527  -22.444734  -10.497277  48.618689  66.948903  -48.825653  26.147910  98.187128
0.342440  0.000000  0.000000  0.000000  -15.843006  7.842627  55.607200  70.551100  -26.494068  -12.039976  48.618689  66.948903  -48.825653  26.147910  98.187128
0.343075  0.000000  0.000000  0.000000  -9.336529  -1.314662  -4.392800  65.937246  26.259538  -0.267518  54.721694  42.935137  -47.599502  15.193239  104.852002
0.343710  0.000000  0.000000  0.000000  -9.336529  -1.314662  -0.107086  66.714498  22.334105  -2.155259  54.721694  42.935137  -47.599502  15.193239  104.852002
0.344346  0.000000  0.000000  0.000000  -9.336529  -1.314662  4.178628  67.335618  18.388014  -3.939237  54.721694  42.935137  -47.599502  15.193239  104.852002
0.344981  0.000000  0.000000  0.000000  -9.336529  -1.314662  8.464342  67.817196  14.426031  -5.643072  54.721694  42.935137  -47.599502  15.193239  104.852002
0.345616  0.000000  0.000000  0.000000  -9.336529  -1.314662  12.750057  68.171596  10.452276  -7.287214  54.721694  42.935137  -47.599502  15.193239  104.852002
0.346252  0.000000  0.000000  0.000000  -9.336529  -1.314662  17.035771  68.407541  6.470305  -8.889688  54.721694  42.935137  -47.599502  15.193239  104.852002
0.346887  0.000000  0.000000  0.000000  -9.336529  -1.314662  21.321485  68.530743  2.483394  -10.467042  54.721694  42.935137  -47.599502  15.193239  104.852002
0.347522  0.000000  0.000000  0.000000  -9.336529  -1.314662  25.607200  68.544137  -1.505384  -12.034904  54.721694  42.935137  -47.599502  15.193239  104.852002
0.348158  0.000000  0.000000  0.000000  -9.336529  -1.314662  29.892914  68.448027  -5.493031  -13.608514  54.721694  42.935137  -47.599502  15.193239  104.852002
0.348793  0.000000  0.000000  0.000000  -9.336529  -1.314662  34.178628  68.240141  -9.476505  -15.203349  54.721694  42.935137  -47.599502  15.193239  104.852002
0.349428  0.000000  0.000000  0.000000  -9.336529  -1.314662  38.464342  67.915484  -13.452601  -16.835658  54.721694  42.935137  -47.599502  15.193239  104.852002
0.350064  0.000000  0.000000  0.000000  -9.336529  -1.314662  42.750057  67.466081  -17.417820  -18.523077  54.721694  42.935137  -47.599502  15.193239  104.852002
0.350699  0.000000  0.000000  0.000000  -9.336529  -1.314662  47.035771  66.880532  -21.368217  -20.285363  54.721694  42.935137  -47.599502  15.193239  104.852002
0.351334  0.000000  0.000000  0.000000  -9.336529  -1.314662  51.321485  66.143364  -25.299203  -22.145260  54.721694  42.935137  -47.599502  15.193239  104.852002
0.351970  0.000000  0.000000  0.000000  -9.336529  -1.314662  55.607200  65.234117  -29.205301  -24.129600  54.721694  42.935137  -47.599502  15.193239  104.852002
0.352605  0.000000  0.000000  0.000000  -15.890127  -4.558021  -4.392800  74.932773  27.670921  -5.373564  56.546946  63.367880  -62.622311  21.213897  98.360021
0.353240  0.000000  0.000000  0.000000  -15.890127  -4.558021  -0.107086  75.457688  23.527315  -6.587613  56.546946  63.367880  -62.622311  21.213897  98.360021
0.353875  0.000000  0.000000  0.000000  -15.890127  -4.558021  4.178628  75.874785  19.374872  -7.727348  56.546946  63.367880  -62.622311  21.213897  98.360021
0.354511  0.000000  0.000000  0.000000  -15.890127  -4.558021  8.464342  76.196953  15.215677  -8.810281  56.546946  63.367880  -62.622311  21.213897  98.360021
0.355146  0.000000  0.000000  0.000000  -15.890127  -4.558021  12.750057  76.433638  11.051508  -9.851198  56.546946  63.367880  -62.622311  21.213897  98.360021
0.355781  0.000000  0.000000  0.000000  -15.890127  -4.558021  17.035771  76.591452  6.883882  -10.862919  56.546946  63.367880  -62.622311  21.213897  98.360021
0.356417  0.000000  0.000000  0.000000  -15.890127  -4.558021  21.321485  76.674669  2.714165  -11.856971  56.546946  63.367880  -62.622311  21.213897  98.360021
0.357052  0.000000  0.000000  0.000000  -15.890127  -4.558021  25.607200  76.685517  -1.456361  -12.844202  56.546946  63.367880  -62.622311  21.213897  98.360021
0.357687  0.000000  0.000000  0.000000  -15.890127  -4.558021  29.892914  76.624268  -5.626454  -13.835087  56.546946  63.367880  -62.622311  21.213897  98.360021
0.358323  0.000000  0.000000  0.000000  -15.890127  -4.558021  34.178628  76.489305  -9.794851  -14.840306  56.546946  63.367880  -62.622311  21.213897  98.360021
0.358958  0.000000  0.000000  0.000000  -15.890127  -4.558021  38.464342  76.276994  -13.960219  -15.871136  56.546946  63.367880  -62.622311  21.213897  98.360021
0.359593  0.000000  0.000000  0.000000  -15.890127  -4.558021  42.750057  75.981458  -18.121080  -16.939947  56.546946  63.367880  -62.622311  21.213897  98.360021
0.360229  0.000000  0.000000  0.000000  -15.890127  -4.558021  47.035771  75.594174  -22.275762  -18.060851  56.546946  63.367880  -62.622311  21.213897  98.360021
0.360864  0.000000  0.000000  0.000000  -15.890127  -4.558021  51.321485  75.103380  -26.422281  -19.250435  56.546946  63.367880  -62.622311  21.213897  98.360021
0.361499  0.000000  0.000000  0.000000  -15.890127  -4.558021  55.607200  74.493170  -30.558220  -20.528800  56.546946  63.367880  -62.622311  21.213897  98.360021
0.362135  0.000000  0.000000  0.000000  -15.080110  0.579192  -2.072313  69.597717  31.151618  2.373511  24.029657  48.114344  -63.301252  23.383263  88.161697
0.362770  0.000000  0.000000  0.000000  -15.080110  0.579192  2.213401  70.414978  27.123877  0.696186  24.029657  48.114344  -63.301252  23.383263  88.161697
0.363405  0.000000  0.000000  0.000000  -15.080110  0.579192  6.499116  71.077317  23.077603  -0.864107  24.029657  48.114344  -63.301252  23.383263  88.161697
0.364041  0.000000  0.000000  0.000000  -15.080110  0.579192  10.784830  71.605191  19.016904  -2.332951  24.029657  48.114344  -63.301252  23.383263  88.161697
0.364676  0.000000  0.000000  0.000000  -15.080110  0.579192  15.070544  72.013937  14.945162  -3.731550  24.029657  48.114344  -63.301252  23.383263  88.161697
0.365311  0.000000  0.000000  0.000000  -15.080110  0.579192  19.356258  72.314847  10.865229  -5.077948  24.029657  48.114344  -63.301252  23.383263  88.161697
0.365947  0.000000  0.000000  0.000000  -15.080110  0.579192  23.641973  72.515897  6.779600  -6.387942  24.029657  48.114344  -63.301252  23.383263  88.161697
0.366582  0.000000  0.000000  0.000000  -15.080110  0.579192  27.927687  72.622285  2.690517  -7.675875  24.029657  48.114344  -63.301252  23.383263  88.161697
0.367217  0.000000  0.000000  0.000000  -15.080110  0.579192  32.213401  72.636703  -1.399913  -8.955182  24.029657  48.114344  -63.301252  23.383263  88.161697
0.367853  0.000000  0.000000  0.000000  -15.080110  0.579192  36.499116  72.559513  -5.489643  -10.238968  24.029657  48.114344  -63.301252  23.383263  88.161697
0.368488  0.000000  0.000000  0.000000  -15.080110  0.579192  40.784830  72.388766  -9.576597  -11.540512  24.029657  48.114344  -63.301252  23.383263  88.161697
0.369123  0.000000  0.000000  0.000000  -15.080110  0.579192  45.070544  72.120089  -13.658583  -12.873796  24.029657  48.114344  -63.301252  23.383263  88.161697
0.369759  0.000000  0.000000  0.000000  -15.080110  0.579192  49.356258  71.746422  -17.733197  -14.254094  24.029657  48.114344  -63.301252  23.383263  88.161697
0.370394  0.000000  0.000000  0.000000  -15.080110  0.579192  53.641973  71.257584  -21.797716  -15.698655  24.029657  48.114344  -63.301252  23.383263  88.161697
0.371029  0.000000  0.000000  0.000000  -15.080110  0.579192  57.927687  70.639611  -25.848945  -17.227569  24.029657  48.114344  -63.301252  23.383263  88.161697
0.371665  0.000000  0.000000  0.000000  -18.354582  17.034424  -2.072313  59.336994  25.067681  7.627656  32.689005  64.136492  -48.319591  30.249347  89.273595
0.372300  0.000000  0.000000  0.000000  -18.354582  17.034424  2.213401  60.262099  21.363103  5.282280  32.689005  64.136492  -48.319591  30.249347  89.273595
0.372935  0.000000  0.000000  0.000000  -18.354582  17.034424  6.499116  61.006495  17.627574  3.053201  32.689005  64.136492  -48.319591  30.249347  89.273595
0.373571  0.000000  0.000000  0.000000  -18.354582  17.034424  10.784830  61.587187  13.868038  0.914997  32.689005  64.136492  -48.319591  30.249347  89.273595
0.374206  0.000000  0.000000  0.000000  -18.354582  17.034424  15.070544  62.017071  10.090529  -1.154798  32.689005  64.136492  -48.319591  30.249347  89.273595
0.374841  0.000000  0.000000  0.000000  -18.354582  17.034424  19.356258  62.305441  6.300422  -3.176439  32.689005  64.136492  -48.319591  30.249347  89.273595
0.375476  0.000000  0.000000  0.000000  -18.354582  17.034424  23.641973  62.458438  2.502649  -5.168703  32.689005  64.136492  -48.319591  30.249347  89.273595
0.376112  0.000000  0.000000  0.000000  -18.354582  17.034424  27.927687  62.479273  -1.298129  -7.149438  32.689005  64.136492  -48.319591  30.249347  89.273595
0.376747  0.000000  0.000000  0.000000  -18.354582  17.034424  32.213401  62.368377  -5.097351  -9.136144  32.689005  64.136492  -48.319591  30.249347  89.273595
0.377382  0.000000  0.000000  0.000000  -18.354582  17.034424  36.499116  62.123427  -8.890399  -11.146513  32.689005  64.136492  -48.319591  30.249347  89.273595
0.378018  0.000000  0.000000  0.000000  -18.354582  17.034424  40.784830  61.739251  -12.672462  -13.198922  32.689005  64.136492  -48.319591  30.249347  89.273595
0.378653  0.000000  0.000000  0.000000  -18.354582  17.034424  45.070544  61.207571  -16.438313  -15.313130  32.689005  64.136492  -48.319591  30.249347  89.273595
0.379288  0.000000  0.000000  0.000000  -18.354582  17.034424  49.356258  60.516696  -20.182154  -17.510808  32.689005  64.136492  -48.319591  30.249347  89.273595
0.379924  0.000000  0.000000  0.000000  -18.354582  17.034424  53.641973  59.650983  -23.897364  -19.816356  32.689005  64.136492  -48.319591  30.249347  89.273595
0.380559  0.000000  0.000000  0.000000  -18.354582  17.034424  57.927687  58.590155  -27.576181  -22.257777  32.689005  64.136492  -48.319591  30.249347  89.273595
0.381194  0.000000  0.000000  0.000000  -2.353706  2.611530  -2.072313  69.497786  29.821290  4.717565  55.580589  42.562007  -64.679100  16.581987  93.535077
0.381830  0.000000  0.000000  0.000000  -2.353706  2.611530  2.213401  70.275480  25.796627  3.051699  55.580589  42.562007  -64.679100  16.581987  93.535077
0.382465  0.000000  0.000000  0.000000  -2.353706  2.611530  6.499116  70.903235  21.754240  1.495630  55.580589  42.562007  -64.679100  16.581987  93.535077
0.383100  0.000000  0.000000  0.000000  -2.353706  2.611530  10.784830  71.399926  17.698101  0.025054  55.580589  42.562007  -64.679100  16.581987  93.535077
0.383736  0.000000  0.000000  0.000000  -2.353706  2.611530  15.070544  71.779665  13.631522  -1.380375  55.580589  42.562007  -64.679100  16.581987  93.535077
0.384371  0.000000  0.000000  0.000000  -2.353706  2.611530  19.356258  72.052736  9.557313  -2.738126  55.580589  42.562007  -64.679100  16.581987  93.535077
0.385006  0.000000  0.000000  0.000000  -2.353706  2.611530  23.641973  72.226273  5.477961  -4.063667  55.580589  42.562007  -64.679100  16.581987  93.535077
0.385642  0.000000  0.000000  0.000000  -2.353706  2.611530  27.927687  72.304719  1.395731  -5.371206  55.580589  42.562007  -64.679100  16.581987  93.535077
0.386277  0.000000  0.000000  0.000000  -2.353706  2.611530  32.213401  72.290022  -2.687223  -6.674193  55.580589  42.562007  -64.679100  16.581987  93.535077
0.386912  0.000000  0.000000  0.000000  -2.353706  2.611530  36.499116  72.181821  -6.768771  -7.985947  55.580589  42.562007  -64.679100  16.581987  93.535077
0.387548  0.000000  0.000000  0.000000  -2.353706  2.611530  40.784830  71.977399  -10.846750  -9.320094  55.580589  42.562007  -64.679100  16.581987  93.535077
0.388183  0.000000  0.000000  0.000000  -2.353706  2.611530  45.070544  71.671501  -14.918830  -10.691167  55.580589  42.562007  -64.679100  16.581987  93.535077
0.388818  0.000000  0.000000  0.000000  -2.353706  2.611530  49.356258  71.256048  -18.982430  -12.115196  55.580589  42.562007  -64.679100  16.581987  93.535077
0.389454  0.000000  0.000000  0.000000  -2.353706  2.611530  53.641973  70.719620  -23.034595  -13.610463  55.580589  42.562007  -64.679100  16.581987  93.535077
0.390089  0.000000  0.000000  0.000000  -2.353706  2.611530  57.927687  70.046739  -27.071848  -15.198405  55.580589  42.562007  -64.679100  16.581987  93.535077
0.390724  0.000000  0.000000  0.000000  -5.481986  8.067165  -2.072313  67.795741  22.481043  10.989655  23.768007  49.736283  -62.475966  16.762892  92.383284
0.391360  0.000000  0.000000  0.000000  -5.481986  8.067165  2.213401  68.393592  18.504439  9.283083  23.768007  49.736283  -62.475966  16.762892  92.383284
0.391995  0.000000  0.000000  0.000000  -5.481986  8.067165  6.499116  68.856757  14.513233  7.654245  23.768007  49.736283  -62.475966  16.762892  92.383284
0.392630  0.000000  0.000000  0.000000  -5.481986  8.067165  10.784830  69.197334  10.511193  6.083268  23.768007  49.736283  -62.475966  16.762892  92.383284
0.393266  0.000000  0.000000  0.000000  -5.481986  8.067165  15.070544  69.423904  6.501626  4.552588  23.768007  49.736283  -62.475966  16.762892  92.383284
0.393901  0.000000  0.000000  0.000000  -5.481986  8.067165  19.356258  69.542032  2.487530  3.046181  23.768007  49.736283  -62.475966  16.762892  92.383284
0.394536  0.000000  0.000000  0.000000  -5.481986  8.067165  23.641973  69.554575  -1.528271  1.548931  23.768007  49.736283  -62.475966  16.762892  92.383284
0.395172  0.000000  0.000000  0.000000  -5.481986  8.067165  27.927687  69.461831  -5.543025  0.046063  23.768007  49.736283  -62.475966  16.762892  92.383284
0.395807  0.000000  0.000000  0.000000  -5.481986  8.067165  32.213401  69.261567  -9.553939  -1.477405  23.768007  49.736283  -62.475966  16.762892  92.383284
0.396442  0.000000  0.000000  0.000000  -5.481986  8.067165  36.499116  68.948885  -13.558064  -3.037227  23.768007  49.736283  -62.475966  16.762892  92.383284
0.397078  0.000000  0.000000  0.000000  -5.481986  8.067165  40.784830  68.515962  -17.552181  -4.650537  23.768007  49.736283  -62.475966  16.762892  92.383284
0.397713  0.000000  0.000000  0.000000  -5.481986  8.067165  45.070544  67.951595  -21.532646  -6.336581  23.768007  49.736283  -62.475966  16.762892  92.383284
0.398348  0.000000  0.000000  0.000000  -5.481986  8.067165  49.356258  67.240551  -25.495219  -8.117585  23.768007  49.736283  -62.475966  16.762892  92.383284
0.398983  0.000000  0.000000  0.000000  -5.481986  8.067165  53.641973  66.362614  -29.434817  -10.019886  23.768007  49.736283  -62.475966  16.762892  92.383284
0.399619  0.000000  0.000000  0.000000  -5.481986  8.067165  57.927687  65.291278  -33.345206  -12.075385  23.768007  49.736283  -62.475966  16.762892  92.383284
0.400254  0.000000  0.000000  0.000000  -27.865014  11.560554  -0.228987  66.777678  38.433381  9.486452  29.238795  69.759210  -51.844851  23.155426  99.274731
0.400889  0.000000  0.000000  0.000000  -27.865014  11.560554  4.056728  67.995653  34.476644  7.438018  29.238795  69.759210  -51.844851  23.155426  99.274731
0.401525  0.000000  0.000000  0.000000  -27.865014  11.560554  8.342442  68.996305  30.488845  5.576012  29.238795  69.759210  -51.844851  23.155426  99.274731
0.402160  0.000000  0.000000  0.000000  -27.865014  11.560554  12.628156  69.814618  26.476684  3.861242  29.238795  69.759210  -51.844851  23.155426  99.274731
0.402795  0.000000  0.000000  0.000000  -27.865014  11.560554  16.913870  70.477068  22.445429  2.262489  29.238795  69.759210  -51.844851  23.155426  99.274731
0.403431  0.000000  0.000000  0.000000  -27.865014  11.560554  21.199585  71.003670  18.399322  0.754345  29.238795  69.759210  -51.844851  23.155426  99.274731
0.404066  0.000000  0.000000  0.000000  -27.865014  11.560554  25.485299  71.409444  14.341872  -0.684370  29.238795  69.759210  -51.844851  23.155426  99.274731
0.404701  0.000000  0.000000  0.000000  -27.865014  11.560554  29.771013  71.705418  10.276065  -2.071783  29.238795  69.759210  -51.844851  23.155426  99.274731
0.405337  0.000000  0.000000  0.000000  -27.865014  11.560554  34.056728  71.899337  6.204504  -3.423872  29.238795  69.759210  -51.844851  23.155426  99.274731
0.405972  0.000000  0.000000  0.000000  -27.865014  11.560554  38.342442  71.996142  2.129579  -4.755186  29.238795  69.759210  -51.844851  23.155426  99.274731
0.406607  0.000000  0.000000  0.000000  -27.865014  11.560554  42.628156  71.998258  -1.946492  -6.079465  29.238795  69.759210  -51.844851  23.155426  99.274731
0.407243  0.000000  0.000000  0.000000  -27.865014  11.560554  46.913870  71.905740  -6.021523  -7.410177  29.238795  69.759210  -51.844851  23.155426  99.274731
0.407878  0.000000  0.000000  0.000000  -27.865014  11.560554  51.199585  71.716273  -10.093279  -8.761025  29.238795  69.759210  -51.844851  23.155426  99.274731
0.408513  0.000000  0.000000  0.000000  -27.865014  11.560554  55.485299  71.425026  -14.159399  -10.146522  29.238795  69.759210  -51.844851  23.155426  99.274731
0.409149  0.000000  0.000000  0.000000  -27.865014  11.560554  59.771013  71.024391  -18.217284  -11.582563  29.238795  69.759210  -51.844851  23.155426  99.274731
0.409784  0.000000  0.000000  0.000000  -29.838827  9.063726  -0.228987  67.461614  34.189662  10.486599  32.346576  71.115333  -40.261889  21.283070  89.981604
0.410419  0.000000  0.000000  0.000000  -29.838827  9.063726  4.056728  68.474625  30.216486  8.587012  32.346576  71.115333  -40.261889  21.283070  89.981604
0.411055  0.000000  0.000000  0.000000  -29.838827  9.063726  8.342442  69.303296  26.218064  6.835557  32.346576  71.115333  -40.261889  21.283070  89.981604
0.411690  0.000000  0.000000  0.000000  -29.838827  9.063726  12.628156  69.974051  22.199838  5.200930  32.346576  71.115333  -40.261889  21.283070  89.981604
0.412325  0.000000  0.000000  0.000000  -29.838827  9.063726  16.913870  70.506885  18.166198  3.657587  32.346576  71.115333  -40.261889  21.283070  89.981604
0.412961  0.000000  0.000000  0.000000  -29.838827  9.063726  21.199585  70.916864  14.120822  2.184107  32.346576  71.115333  -40.261889  21.283070  89.981604
0.413596  0.000000  0.000000  0.000000  -29.838827  9.063726  25.485299  71.214979  10.066784  0.762195  32.346576  71.115333  -40.261889  21.283070  89.981604
0.414231  0.000000  0.000000  0.000000  -29.838827  9.063726  29.771013  71.408953  6.006825  -0.624329  32.346576  71.115333  -40.261889  21.283070  89.981604
0.414867  0.000000  0.000000  0.000000  -29.838827  9.063726  34.056728  71.503711  1.943425  -1.990304  32.346576  71.115333  -40.261889  21.283070  89.981604
0.415502  0.000000  0.000000  0.000000  -29.838827  9.063726  38.342442  71.501602  -2.121072  -3.349709  32.346576  71.115333  -40.261889  21.283070  89.981604
0.416137  0.000000  0.000000  0.000000  -29.838827  9.063726  42.628156  71.402573  -6.184369  -4.716287  32.346576  71.115333  -40.261889  21.283070  89.981604
0.416773  0.000000  0.000000  0.000000  -29.838827  9.063726  46.913870  71.204164  -10.244125  -6.104055  32.346576  71.115333  -40.261889  21.283070  89.981604
0.417408  0.000000  0.000000  0.000000  -29.838827  9.063726  51.199585  70.901351  -14.297844  -7.527856  32.346576  71.115333  -40.261889  21.283070  89.981604
0.418043  0.000000  0.000000  0.000000  -29.838827  9.063726  55.485299  70.486271  -18.342784  -9.003970  32.346576  71.115333  -40.261889  21.283070  89.981604
0.418679  0.000000  0.000000  0.000000  -29.838827  9.063726  59.771013  69.947741  -22.375820  -10.550846  32.346576  71.115333  -40.261889  21.283070  89.981604
0.419314  0.000000  0.000000  0.000000  -12.622967  12.289810  2.258219  68.391338  28.615513  14.415220  37.787239  43.225695  -65.168029  26.872846  90.075683
0.419949  0.000000  0.000000  0.000000  -12.622967  12.289810  6.543933  69.169093  24.620037  12.680468  37.787239  43.225695  -65.168029  26.872846  90.075683
0.420584  0.000000  0.000000  0.000000  -12.622967  12.289810  10.829648  69.795068  20.605907  11.053553  37.787239  43.225695  -65.168029  26.872846  90.075683
0.421220  0.000000  0.000000  0.000000  -12.622967  12.289810  15.115362  70.287376  16.577338  9.510427  37.787239  43.225695  -65.168029  26.872846  90.075683
0.421855  0.000000  0.000000  0.000000  -12.622967  12.289810  19.401076  70.659557  12.537882  8.030736  37.787239  43.225695  -65.168029  26.872846  90.075683
0.422490  0.000000  0.000000  0.000000  -12.622967  12.289810  23.686790  70.921390  8.490575  6.596848  37.787239  43.225695  -65.168029  26.872846  90.075683
0.423126  0.000000  0.000000  0.000000  -12.622967  12.289810  27.972505  71.079553  4.438136  5.192957  37.787239  43.225695  -65.168029  26.872846  90.075683
0.423761  0.000000  0.000000  0.000000  -12.622967  12.289810  32.258219  71.137989  0.383066  3.804424  37.787239  43.225695  -65.168029  26.872846  90.075683
0.424396  0.000000  0.000000  0.000000  -12.622967  12.289810  36.543933  71.098154  -3.672221  2.417199  37.787239  43.225695  -65.168029  26.872846  90.075683
0.425032  0.000000  0.000000  0.000000  -12.622967  12.289810  40.829648  70.959053  -7.725333  1.017298  37.787239  43.225695  -65.168029  26.872846  90.075683
0.425667  0.000000  0.000000  0.000000  -12.622967  12.289810  45.115362  70.717232  -11.773811  -0.409749  37.787239  43.225695  -65.168029  26.872846  90.075683
0.426302  0.000000  0.000000  0.000000  -12.622967  12.289810  49.401076  70.366553  -15.814977  -1.879492  37.787239  43.225695  -65.168029  26.872846  90.075683
0.426938  0.000000  0.000000  0.000000  -12.622967  12.289810  53.686790  69.897846  -19.845852  -3.409176  37.787239  43.225695  -65.168029  26.872846  90.075683
0.427573  0.000000  0.000000  0.000000  -12.622967  12.289810  57.972505  69.298354  -23.863008  -5.018552  37.787239  43.225695  -65.168029  26.872846  90.075683
0.428208  0.000000  0.000000  0.000000  -12.622967  12.289810  62.258219  68.550911  -27.862367  -6.730877  37.787239  43.225695  -65.168029  26.872846  90.075683
0.428844  0.000000  0.000000  0.000000  -11.969577  13.421101  4.257363  69.472282  28.433085  17.809409  27.886517  58.637475  -61.294126  27.261830  98.358772
0.429479  0.000000  0.000000  0.000000  -11.969577  13.421101  8.543077  70.206548  24.409648  16.160374  27.886517  58.637475  -61.294126  27.261830  98.358772
0.430114  0.000000  0.000000  0.000000  -11.969577  13.421101  12.828792  70.796131  20.369458  14.613552  27.886517  58.637475  -61.294126  27.261830  98.358772
0.430750  0.000000  0.000000  0.000000  -11.969577  13.421101  17.114506  71.258311  16.316335  13.145911  27.886517  58.637475  -61.294126  27.261830  98.358772
0.431385  0.000000  0.000000  0.000000  -11.969577  13.421101  21.400220  71.605954  12.253499  11.737961  27.886517  58.637475  -61.294126  27.261830  98.358772
0.432020  0.000000  0.000000  0.000000  -11.969577  13.421101  25.685934  71.848298  8.183701  10.372832  27.886517  58.637475  -61.294126  27.261830  98.358772
0.432656  0.000000  0.000000  0.000000  -11.969577  13.421101  29.971649  71.991599  4.109412  9.035373  27.886517  58.637475  -61.294126  27.261830  98.358772
0.433291  0.000000  0.000000  0.000000  -11.969577  13.421101  34.257363  72.039476  0.032916  7.711534  27.886517  58.637475  -61.294126  27.261830  98.358772
0.433926  0.000000  0.000000  0.000000  -11.969577  13.421101  38.543077  71.993114  -4.043604  6.387804  27.886517  58.637475  -61.294126  27.261830  98.358772
0.434562  0.000000  0.000000  0.000000  -11.969577  13.421101  42.828792  71.851382  -8.117937  5.050663  27.886517  58.637475  -61.294126  27.261830  98.358772
0.435197  0.000000  0.000000  0.000000  -11.969577  13.421101  47.114506  71.610683  -12.187830  3.686107  27.886517  58.637475  -61.294126  27.261830  98.358772
0.435832  0.000000  0.000000  0.000000  -11.969577  13.421101  51.400220  71.264814  -16.250806  2.278990  27.886517  58.637475  -61.294126  27.261830  98.358772
0.436468  0.000000  0.000000  0.000000  -11.969577  13.421101  55.685934  70.804567  -20.304103  0.812449  27.886517  58.637475  -61.294126  27.261830  98.358772
0.437103  0.000000  0.000000  0.000000  -11.969577  13.421101  59.971649  70.217164  -24.344529  -0.732923  27.886517  58.637475  -61.294126  27.261830  98.358772
0.437738  0.000000  0.000000  0.000000  -11.969577  13.421101  64.257363  69.485401  -28.368267  -2.380103  27.886517  58.637475  -61.294126  27.261830  98.358772
0.438374  0.000000  0.000000  0.000000  -21.808581  13.856192  4.257363  64.596924  29.538944  16.650027  19.851616  46.300369  -33.599468  29.675193  101.096392
0.439009  0.000000  0.000000  0.000000  -21.808581  13.856192  8.543077  65.541624  25.652121  14.611984  19.851616  46.300369  -33.599468  29.675193  101.096392
0.439644  0.000000  0.000000  0.000000  -21.808581  13.856192  12.828792  66.309249  21.738806  12.703135  19.851616  46.300369  -33.599468  29.675193  101.096392
0.440280  0.000000  0.000000  0.000000  -21.808581  13.856192  17.114506  66.920994  17.804764  10.895894  19.851616  46.300369  -33.599468  29.675193  101.096392
0.440915  0.000000  0.000000  0.000000  -21.808581  13.856192  21.400220  67.392950  13.854873  9.166900  19.851616  46.300369  -33.599468  29.675193  101.096392
0.441550  0.000000  0.000000  0.000000  -21.808581  13.856192  25.685934  67.737014  9.893246  7.495880  19.851616  46.300369  -33.599468  29.675193  101.096392
0.442186  0.000000  0.000000  0.000000  -21.808581  13.856192  29.971649  67.961580  5.923566  5.864794  19.851616  46.300369  -33.599468  29.675193  101.096392
0.442821  0.000000  0.000000  0.000000  -21.808581  13.856192  34.257363  68.072019  1.949186  4.257031  19.851616  46.300369  -33.599468  29.675193  101.096392
0.443456  0.000000  0.000000  0.000000  -21.808581  13.856192  38.543077  68.070946  -2.026717  2.656856  19.851616  46.300369  -33.599468  29.675193  101.096392
0.444091  0.000000  0.000000  0.000000  -21.808581  13.856192  42.828792  67.958305  -6.001032  1.048788  19.851616  46.300369  -33.599468  29.675193  101.096392
0.444727  0.000000  0.000000  0.000000  -21.808581  13.856192  47.114506  67.731464  -9.970586  -0.582920  19.851616  46.300369  -33.599468  29.675193  101.096392
0.445362  0.000000  0.000000  0.000000  -21.808581  13.856192  51.400220  67.385003  -13.932022  -2.254885  19.851616  46.300369  -33.599468  29.675193  101.096392
0.445997  0.000000  0.000000  0.000000  -21.808581  13.856192  55.685934  66.910452  -17.881658  -3.985201  19.851616  46.300369  -33.599468  29.675193  101.096392
0.446633  0.000000  0.000000  0.000000  -21.808581  13.856192  59.971649  66.295832  -21.815330  -5.794186  19.851616  46.300369  -33.599468  29.675193  101.096392
0.447268  0.000000  0.000000  0.000000  -21.808581  13.856192  64.257363  65.524973  -25.728186  -7.705277  19.851616  46.300369  -33.599468  29.675193  101.096392
0.447903  0.000000  0.000000  0.000000  -32.608540  14.456269  4.257363  74.197692  30.773328  14.925872  45.245673  58.909440  -42.394999  28.938124  99.511217
0.448539  0.000000  0.000000  0.000000  -32.608540  14.456269  8.543077  74.824793  26.643060  13.621250  45.245673  58.909440  -42.394999  28.938124  99.511217
0.449174  0.000000  0.000000  0.000000  -32.608540  14.456269  12.828792  75.329679  22.501724  12.407962  45.245673  58.909440  -42.394999  28.938124  99.511217
0.449809  0.000000  0.000000  0.000000  -32.608540  14.456269  17.114506  75.728708  18.351820  11.265413  45.245673  58.909440  -42.394999  28.938124  99.511217
0.450445  0.000000  0.000000  0.000000  -32.608540  14.456269  21.400220  76.034033  14.195437  10.176597  45.245673  58.909440  -42.394999  28.938124  99.511217
0.451080  0.000000  0.000000  0.000000  -32.608540  14.456269  25.685934  76.254440  10.034310  9.127116  45.245673  58.909440  -42.394999  28.938124  99.511217
0.451715  0.000000  0.000000  0.000000  -32.608540  14.456269  29.971649  76.396039  5.869971  8.104313  45.245673  58.909440  -42.394999  28.938124  99.511217
0.452351  0.000000  0.000000  0.000000  -32.608540  14.456269  34.257363  76.462632  1.703801  7.096716  45.245673  58.909440  -42.394999  28.938124  99.511217
0.452986  0.000000  0.000000  0.000000  -32.608540  14.456269  38.543077  76.455985  -2.462896  6.093476  45.245673  58.909440  -42.394999  28.938124  99.511217
0.453621  0.000000  0.000000  0.000000  -32.608540  14.456269  42.828792  76.375913  -6.628829  5.083928  45.245673  58.909440  -42.394999  28.938124  99.511217
0.454257  0.000000  0.000000  0.000000  -32.608540  14.456269  47.114506  76.220304  -10.792690  4.057150  45.245673  58.909440  -42.394999  28.938124  99.511217
0.454892  0.000000  0.000000  0.000000  -32.608540  14.456269  51.400220  75.984953  -14.953072  3.001486  45.245673  58.909440  -42.394999  28.938124  99.511217
0.455527  0.000000  0.000000  0.000000  -32.608540  14.456269  55.685934  75.663303  -19.108412  1.904019  45.245673  58.909440  -42.394999  28.938124  99.511217
0.456163  0.000000  0.000000  0.000000  -32.608540  14.456269  59.971649  75.245994  -23.256914  0.749934  45.245673  58.909440  -42.394999  28.938124  99.511217
0.456798  0.000000  0.000000  0.000000  -32.608540  14.456269  64.257363  74.720210  -27.396442  -0.478329  45.245673  58.909440  -42.394999  28.938124  99.511217
0.457433  0.000000  0.000000  0.000000  -28.148592  12.472611  4.257363  69.807764  28.416518  8.563488  39.137761  67.717014  -46.232552  22.246167  89.447086
0.458069  0.000000  0.000000  0.000000  -28.148592  12.472611  8.543077  70.529863  24.384665  6.940596  39.137761  67.717014  -46.232552  22.246167  89.447086
0.458704  0.000000  0.000000  0.000000  -28.148592  12.472611  12.828792  71.109356  20.336599  5.418382  39.137761  67.717014  -46.232552  22.246167  89.447086
0.459339  0.000000  0.000000  0.000000  -28.148592  12.472611  17.114506  71.563304  16.276025  3.974100  39.137761  67.717014  -46.232552  22.246167  89.447086
0.459975  0.000000  0.000000  0.000000  -28.148592  12.472611  21.400220  71.904398  12.206065  2.588512  39.137761  67.717014  -46.232552  22.246167  89.447086
0.460610  0.000000  0.000000  0.000000  -28.148592  12.472611  25.685934  72.141735  8.129387  1.244970  39.137761  67.717014  -46.232552  22.246167  89.447086
0.461245  0.000000  0.000000  0.000000  -28.148592  12.472611  29.971649  72.281465  4.048386  -0.071473  39.137761  67.717014  -46.232552  22.246167  89.447086
0.461881  0.000000  0.000000  0.000000  -28.148592  12.472611  34.257363  72.327131  -0.034725  -1.374688  39.137761  67.717014  -46.232552  22.246167  89.447086
0.462516  0.000000  0.000000  0.000000  -28.148592  12.472611  38.543077  72.279870  -4.117819  -2.678018  39.137761  67.717014  -46.232552  22.246167  89.447086
0.463151  0.000000  0.000000  0.000000  -28.148592  12.472611  42.828792  72.138523  -8.198755  -3.994818  39.137761  67.717014  -46.232552  22.246167  89.447086
0.463787  0.000000  0.000000  0.000000  -28.148592  12.472611  47.114506  71.899486  -12.275344  -5.338934  39.137761  67.717014  -46.232552  22.246167  89.447086
0.464422  0.000000  0.000000  0.000000  -28.148592  12.472611  51.400220  71.556568  -16.345174  -6.725363  39.137761  67.717014  -46.232552  22.246167  89.447086
0.465057  0.000000  0.000000  0.000000  -28.148592  12.472611  55.685934  71.100594  -20.405556  -8.170811  39.137761  67.717014  -46.232552  22.246167  89.447086
0.465693  0.000000  0.000000  0.000000  -28.148592  12.472611  59.971649  70.518830  -24.453378  -9.694537  39.137761  67.717014  -46.232552  22.246167  89.447086
0.466328  0.000000  0.000000  0.000000  -28.148592  12.472611  64.257363  69.794131  -28.484915  -11.319366  39.137761  67.717014  -46.232552  22.246167  89.447086
0.466963  0.000000  0.000000  0.000000  -8.630756  7.591196  4.257363  68.373908  30.984691  12.842830  41.189315  57.484946  -53.830397  18.443098  93.239281
0.467598  0.000000  0.000000  0.000000  -8.630756  7.591196  8.543077  69.232796  26.988567  11.071679  41.189315  57.484946  -53.830397  18.443098  93.239281
0.468234  0.000000  0.000000  0.000000  -8.630756  7.591196  12.828792  69.929715  22.971830  9.422509  41.189315  57.484946  -53.830397  18.443098  93.239281
0.468869  0.000000  0.000000  0.000000  -8.630756  7.591196  17.114506  70.485741  18.939024  7.868854  41.189315  57.484946  -53.830397  18.443098  93.239281
0.469504  0.000000  0.000000  0.000000  -8.630756  7.591196  21.400220  70.916726  14.893899  6.388693  41.189315  57.484946  -53.830397  18.443098  93.239281
0.470140  0.000000  0.000000  0.000000  -8.630756  7.591196  25.685934  71.234371  10.839626  4.963233  41.189315  57.484946  -53.830397  18.443098  93.239281
0.470775  0.000000  0.000000  0.000000  -8.630756  7.591196  29.971649  71.446963  6.778979  3.575988  41.189315  57.484946  -53.830397  18.443098  93.239281
0.471410  0.000000  0.000000  0.000000  -8.630756  7.591196  34.257363  71.559914  2.714459  2.211961  41.189315  57.484946  -53.830397  18.443098  93.239281
0.472046  0.000000  0.000000  0.000000  -8.630756  7.591196  38.543077  71.576038  -1.351584  0.857096  41.189315  57.484946  -53.830397  18.443098  93.239281
0.472681  0.000000  0.000000  0.000000  -8.630756  7.591196  42.828792  71.495735  -5.416870  -0.502320  41.189315  57.484946  -53.830397  18.443098  93.239281
0.473316  0.000000  0.000000  0.000000  -8.630756  7.591196  47.114506  71.317009  -9.479084  -1.880176  41.189315  57.484946  -53.830397  18.443098  93.239281
0.473952  0.000000  0.000000  0.000000  -8.630756  7.591196  51.400220  71.035352  -13.535787  -3.291074  41.189315  57.484946  -53.830397  18.443098  93.239281
0.474587  0.000000  0.000000  0.000000  -8.630756  7.591196  55.685934  70.643483  -17.584309  -4.750932  41.189315  57.484946  -53.830397  18.443098  93.239281
0.475222  0.000000  0.000000  0.000000  -8.630756  7.591196  59.971649  70.130913  -21.621629  -6.277681  41.189315  57.484946  -53.830397  18.443098  93.239281
0.475858  0.000000  0.000000  0.000000  -8.630756  7.591196  64.257363  69.483282  -25.644214  -7.892138  41.189315  57.484946  -53.830397  18.443098  93.239281
0.476493  0.000000  0.000000  0.000000  -23.467127  13.913595  5.436138  69.303858  31.807667  14.389331  33.941890  45.347184  -49.249128  28.197376  95.055680
0.477128  0.000000  0.000000  0.000000  -23.467127  13.913595  9.721852  70.154538  27.787046  12.678633  33.941890  45.347184  -49.249128  28.197376  95.055680
0.477764  0.000000  0.000000  0.000000  -23.467127  13.913595  14.007566  70.845426  23.746871  11.090401  33.941890  45.347184  -49.249128  28.197376  95.055680
0.478399  0.000000  0.000000  0.000000  -23.467127  13.913595  18.293281  71.398050  19.691447  9.598063  33.941890  45.347184  -49.249128  28.197376  95.055680
0.479034  0.000000  0.000000  0.000000  -23.467127  13.913595  22.578995  71.828584  15.624304  8.179679  33.941890  45.347184  -49.249128  28.197376  95.055680
0.479670  0.000000  0.000000  0.000000  -23.467127  13.913595  26.864709  72.148989  11.548409  6.816658  33.941890  45.347184  -49.249128  28.197376  95.055680
0.480305  0.000000  0.000000  0.000000  -23.467127  13.913595  31.150424  72.367808  7.466338  5.492785  33.941890  45.347184  -49.249128  28.197376  95.055680
0.480940  0.000000  0.000000  0.000000  -23.467127  13.913595  35.436138  72.490695  3.380398  4.193459  33.941890  45.347184  -49.249128  28.197376  95.055680
0.481576  0.000000  0.000000  0.000000  -23.467127  13.913595  39.721852  72.520769  -0.707260  2.905051  33.941890  45.347184  -49.249128  28.197376  95.055680
0.482211  0.000000  0.000000  0.000000  -23.467127  13.913595  44.007566  72.458781  -4.794562  1.614369  33.941890  45.347184  -49.249128  28.197376  95.055680
0.482846  0.000000  0.000000  0.000000  -23.467127  13.913595  48.293281  72.303174  -8.879413  0.308128  33.941890  45.347184  -49.249128  28.197376  95.055680
0.483482  0.000000  0.000000  0.000000  -23.467127  13.913595  52.578995  72.049982  -12.959620  -1.027570  33.941890  45.347184  -49.249128  28.197376  95.055680
0.484117  0.000000  0.000000  0.000000  -23.467127  13.913595  56.864709  71.692596  -17.032794  -2.407809  33.941890  45.347184  -49.249128  28.197376  95.055680
0.484752  0.000000  0.000000  0.000000  -23.467127  13.913595  61.150424  71.221364  -21.096242  -3.849532  33.941890  45.347184  -49.249128  28.197376  95.055680
0.485388  0.000000  0.000000  0.000000  -23.467127  13.913595  65.436138  70.622969  -25.146822  -5.372366  33.941890  45.347184  -49.249128  28.197376  95.055680
0.486023  0.000000  0.000000  0.000000  -29.156913  5.230255  6.143455  74.332083  27.511967  3.878500  47.986886  45.320631  -33.749983  29.753383  97.021632
0.486658  0.000000  0.000000  0.000000  -29.156913  5.230255  10.429169  74.873763  23.379891  2.618638  47.986886  45.320631  -33.749983  29.753383  97.021632
0.487294  0.000000  0.000000  0.000000  -29.156913  5.230255  14.714883  75.304132  19.238338  1.435168  47.986886  45.320631  -33.749983  29.753383  97.021632
0.487929  0.000000  0.000000  0.000000  -29.156913  5.230255  19.000598  75.636372  15.089545  0.310095  47.986886  45.320631  -33.749983  29.753383  97.021632
0.488564  0.000000  0.000000  0.000000  -29.156913  5.230255  23.286312  75.880144  10.935421  -0.771802  47.986886  45.320631  -33.749983  29.753383  97.021632
0.489199  0.000000  0.000000  0.000000  -29.156913  5.230255  27.572026  76.042216  6.777599  -1.823749  47.986886  45.320631  -33.749983  29.753383  97.021632
0.489835  0.000000  0.000000  0.000000  -29.156913  5.230255  31.857741  76.126948  2.617549  -2.857664  47.986886  45.320631  -33.749983  29.753383  97.021632
0.490470  0.000000  0.000000  0.000000  -29.156913  5.230255  36.143455  76.136582  -1.543346  -3.884726  47.986886  45.320631  -33.749983  29.753383  97.021632
0.491105  0.000000  0.000000  0.000000  -29.156913  5.230255  40.429169  76.071371  -5.703743  -4.915821  47.986886  45.320631  -33.749983  29.753383  97.021632
0.491741  0.000000  0.000000  0.000000  -29.156913  5.230255  44.714883  75.929599  -9.862279  -5.962004  47.986886  45.320631  -33.749983  29.753383  97.021632
0.492376  0.000000  0.000000  0.000000  -29.156913  5.230255  49.000598  75.707467  -14.017510  -7.034966  47.986886  45.320631  -33.749983  29.753383  97.021632
0.493011  0.000000  0.000000  0.000000  -29.156913  5.230255  53.286312  75.398861  -18.167842  -8.147533  47.986886  45.320631  -33.749983  29.753383  97.021632
0.493647  0.000000  0.000000  0.000000  -29.156913  5.230255  57.572026  74.994931  -22.311462  -9.314333  47.986886  45.320631  -33.749983  29.753383  97.021632
0.494282  0.000000  0.000000  0.000000  -29.156913  5.230255  61.857741  74.483485  -26.446227  -10.552552  47.986886  45.320631  -33.749983  29.753383  97.021632
0.494917  0.000000  0.000000  0.000000  -29.156913  5.230255  66.143455  73.848056  -30.569524  -11.882997  47.986886  45.320631  -33.749983  29.753383  97.021632
0.495553  0.000000  0.000000  0.000000  -27.388599  9.399449  6.143455  75.026201  42.928403  15.720826  35.967859  49.282432  -32.089532  30.157967  104.810290
0.496188  0.000000  0.000000  0.000000  -27.388599  9.399449  10.429169  75.955223  38.779116  14.301560  35.967859  49.282432  -32.089532  30.157967  104.810290
0.496823  0.000000  0.000000  0.000000  -27.388599  9.399449  14.714883  76.710292  34.614555  13.038884  35.967859  49.282432  -32.089532  30.157967  104.810290
0.497459  0.000000  0.000000  0.000000  -27.388599  9.399449  19.000598  77.324591  30.438230  11.897197  35.967859  49.282432  -32.089532  30.157967  104.810290
0.498094  0.000000  0.000000  0.000000  -27.388599  9.399449  23.286312  77.822345  26.252789  10.849548  35.967859  49.282432  -32.089532  30.157967  104.810290
0.498729  0.000000  0.000000  0.000000  -27.388599  9.399449  27.572026  78.221438  22.060278  9.874971  35.967859  49.282432  -32.089532  30.157967  104.810290
0.499365  0.000000  0.000000  0.000000  -27.388599  9.399449  31.857741  78.535162  17.862332  8.956638  35.967859  49.282432  -32.089532  30.157967  104.810290
0.500000  0.000000  0.000000  0.000000  -27.388599  9.399449  36.143455  78.773239  13.660286  8.080767  35.967859  49.282432  -32.089532  30.157967  104.810290
0.500635  0.000000  0.000000  0.000000  -27.388599  9.399449  40.429169  78.942683  9.455274  7.235637  35.967859  49.282432  -32.089532  30.157967  104.810290
0.501271  0.000000  0.000000  0.000000  -27.388599  9.399449  44.714883  79.048282  5.248283  6.410956  35.967859  49.282432  -32.089532  30.157967  104.810290
0.501906  0.000000  0.000000  0.000000  -27.388599  9.399449  49.000598  79.092941  1.040242  5.597346  35.967859  49.282432  -32.089532  30.157967  104.810290
0.502541  0.000000  0.000000  0.000000  -27.388599  9.399449  53.286312  79.077864  -3.168015  4.785907  35.967859  49.282432  -32.089532  30.157967  104.810290
0.503177  0.000000  0.000000  0.000000  -27.388599  9.399449  57.572026  79.002647  -7.375634  3.967833  35.967859  49.282432  -32.089532  30.157967  104.810290
0.503812  0.000000  0.000000  0.000000  -27.388599  9.399449  61.857741  78.865242  -11.581738  3.134032  35.967859  49.282432  -32.089532  30.157967  104.810290
0.504447  0.000000  0.000000  0.000000  -27.388599  9.399449  66.143455  78.661822  -15.785381  2.274719  35.967859  49.282432  -32.089532  30.157967  104.810290
0.505083  0.000000  0.000000  0.000000  -24.497453  10.625039  6.019112  73.678497  30.142527  12.421627  38.803489  42.791244  -43.937572  36.745046  92.776351
0.505718  0.000000  0.000000  0.000000  -24.497453  10.625039  10.304826  74.309324  26.022752  11.082477  38.803489  42.791244  -43.937572  36.745046  92.776351
0.506353  0.000000  0.000000  0.000000  -24.497453  10.625039  14.590540  74.816449  21.891481  9.834423  38.803489  42.791244  -43.937572  36.745046  92.776351
0.506989  0.000000  0.000000  0.000000  -24.497453  10.625039  18.876254  75.216019  17.751322  8.656852  38.803489  42.791244  -43.937572  36.745046  92.776351
0.507624  0.000000  0.000000  0.000000  -24.497453  10.625039  23.161969  75.520023  13.604466  7.532645  38.803489  42.791244  -43.937572  36.745046  92.776351
0.508259  0.000000  0.000000  0.000000  -24.497453  10.625039  27.447683  75.737101  9.452738  6.447230  38.803489  42.791244  -43.937572  36.745046  92.776351
0.508895  0.000000  0.000000  0.000000  -24.497453  10.625039  31.733397  75.873205  5.297755  5.387756  38.803489  42.791244  -43.937572  36.745046  92.776351
0.509530  0.000000  0.000000  0.000000  -24.497453  10.625039  36.019112  75.931937  1.141001  4.342456  38.803489  42.791244  -43.937572  36.745046  92.776351
0.510165  0.000000  0.000000  0.000000  -24.497453  10.625039  40.304826  75.914874  -3.016138  3.300179  38.803489  42.791244  -43.937572  36.745046  92.776351
0.510801  0.000000  0.000000  0.000000  -24.497453  10.625039  44.590540  75.821547  -7.172264  2.249886  38.803489  42.791244  -43.937572  36.745046  92.776351
0.511436  0.000000  0.000000  0.000000  -24.497453  10.625039  48.876254  75.649506  -11.325967  1.180221  38.803489  42.791244  -43.937572  36.745046  92.776351
0.512071  0.000000  0.000000  0.000000  -24.497453  10.625039  53.161969  75.394108  -15.475711  0.078994  38.803489  42.791244  -43.937572  36.745046  92.776351
0.512706  0.000000  0.000000  0.000000  -24.497453  10.625039  57.447683  75.048249  -19.619787  -1.067350  38.803489  42.791244  -43.937572  36.745046  92.776351
0.513342  0.000000  0.000000  0.000000  -24.497453  10.625039  61.733397  74.601867  -23.756224  -2.274417  38.803489  42.791244  -43.937572  36.745046  92.776351
0.513977  0.000000  0.000000  0.000000  -24.497453  10.625039  66.019112  74.041241  -27.882673  -3.560747  38.803489  42.791244  -43.937572  36.745046  92.776351
0.514612  0.000000  0.000000  0.000000  -21.602990  17.100581  6.019112  61.960849  26.669553  11.871654  49.527927  42.099340  -37.316916  19.745636  103.322090
0.515248  0.000000  0.000000  0.000000  -21.602990  17.100581  10.304826  62.876890  22.870379  9.686677  49.527927  42.099340  -37.316916  19.745636  103.322090
0.515883  0.000000  0.000000  0.000000  -21.602990  17.100581  14.590540  63.616135  19.043003  7.621161  49.527927  42.099340  -37.316916  19.745636  103.322090
0.516518  0.000000  0.000000  0.000000  -21.602990  17.100581  18.876254  64.196962  15.193688  5.649146  49.527927  42.099340  -37.316916  19.745636  103.322090
0.517154  0.000000  0.000000  0.000000  -21.602990  17.100581  23.161969  64.633351  11.327851  3.748007  49.527927  42.099340  -37.316916  19.745636  103.322090
0.517789  0.000000  0.000000  0.000000  -21.602990  17.100581  27.447683  64.935393  7.450177  1.897745  49.527927  42.099340  -37.316916  19.745636  103.322090
0.518424  0.000000  0.000000  0.000000  -21.602990  17.100581  31.733397  65.109968  3.564956  0.080017  49.527927  42.099340  -37.316916  19.745636  103.322090
0.519060  0.000000  0.000000  0.000000  -21.602990  17.100581  36.019112  65.160974  -0.323815  -1.722390  49.527927  42.099340  -37.316916  19.745636  103.322090
0.519695  0.000000  0.000000  0.000000  -21.602990  17.100581  40.304826  65.089544  -4.212260  -3.526183  49.527927  42.099340  -37.316916  19.745636  103.322090
0.520330  0.000000  0.000000  0.000000  -21.602990  17.100581  44.590540  64.894089  -8.096505  -5.348120  49.527927  42.099340  -37.316916  19.745636  103.322090
0.520966  0.000000  0.000000  0.000000  -21.602990  17.100581  48.876254  64.570239  -11.972518  -7.205538  49.527927  42.099340  -37.316916  19.745636  103.322090
0.521601  0.000000  0.000000  0.000000  -21.602990  17.100581  53.161969  64.110608  -15.835956  -9.117013  49.527927  42.099340  -37.316916  19.745636  103.322090
0.522236  0.000000  0.000000  0.000000  -21.602990  17.100581  57.447683  63.504469  -19.682000  -11.102963  49.527927  42.099340  -37.316916  19.745636  103.322090
0.522872  0.000000  0.000000  0.000000  -21.602990  17.100581  61.733397  62.737199  -23.505144  -13.186457  49.527927  42.099340  -37.316916  19.745636  103.322090
0.523507  0.000000  0.000000  0.000000  -21.602990  17.100581  66.019112  61.789556  -27.298927  -15.394165  49.527927  42.099340  -37.316916  19.745636  103.322090
0.524142  0.000000  0.000000  0.000000  -31.023459  15.730518  6.019112  64.164876  28.471313  11.072122  21.310267  56.571439  -66.167528  20.593876  98.883668
0.524778  0.000000  0.000000  0.000000  -31.023459  15.730518  10.304826  65.082456  24.598657  9.019546  21.310267  56.571439  -66.167528  20.593876  98.883668
0.525413  0.000000  0.000000  0.000000  -31.023459  15.730518  14.590540  65.825704  20.699852  7.090746  21.310267  56.571439  -66.167528  20.593876  98.883668
0.526048  0.000000  0.000000  0.000000  -31.023459  15.730518  18.876254  66.414581  16.780648  5.259029  21.310267  56.571439  -66.167528  20.593876  98.883668
0.526684  0.000000  0.000000  0.000000  -31.023459  15.730518  23.161969  66.864212  12.845938  3.501583  21.310267  56.571439  -66.167528  20.593876  98.883668
0.527319  0.000000  0.000000  0.000000  -31.023459  15.730518  27.447683  67.185682  8.899893  1.798491  21.310267  56.571439  -66.167528  20.593876  98.883668
0.527954  0.000000  0.000000  0.000000  -31.023459  15.730518  31.733397  67.386720  4.946268  0.131835  21.310267  56.571439  -66.167528  20.593876  98.883668
0.528590  0.000000  0.000000  0.000000  -31.023459  15.730518  36.019112  67.472012  0.988538  -1.514997  21.310267  56.571439  -66.167528  20.593876  98.883668
0.529225  0.000000  0.000000  0.000000  -31.023459  15.730518  40.304826  67.443591  -2.970001  -3.157903  21.310267  56.571439  -66.167528  20.593876  98.883668
0.529860  0.000000  0.000000  0.000000  -31.023459  15.730518  44.590540  67.300771  -6.926094  -4.812646  21.310267  56.571439  -66.167528  20.593876  98.883668
0.530496  0.000000  0.000000  0.000000  -31.023459  15.730518  48.876254  67.040224  -10.876366  -6.495397  21.310267  56.571439  -66.167528  20.593876  98.883668
0.531131  0.000000  0.000000  0.000000  -31.023459  15.730518  53.161969  66.655769  -14.817238  -8.223344  21.310267  56.571439  -66.167528  20.593876  98.883668
0.531766  0.000000  0.000000  0.000000  -31.023459  15.730518  57.447683  66.138056  -18.744746  -10.015317  21.310267  56.571439  -66.167528  20.593876  98.883668
0.532402  0.000000  0.000000  0.000000  -31.023459  15.730518  61.733397  65.474069  -22.654389  -11.892568  21.310267  56.571439  -66.167528  20.593876  98.883668
0.533037  0.000000  0.000000  0.000000  -31.023459  15.730518  66.019112  64.646394  -26.540892  -13.879700  21.310267  56.571439  -66.167528  20.593876  98.883668
0.533672  0.000000  0.000000  0.000000  -20.335649  16.772811  5.464033  62.987882  26.870101  12.947386  44.674176  56.314188  -54.545907  21.711806  92.074679
0.534307  0.000000  0.000000  0.000000  -20.335649  16.772811  9.749747  63.880162  23.036395  10.833735  44.674176  56.314188  -54.545907  21.711806  92.074679
0.534943  0.000000  0.000000  0.000000  -20.335649  16.772811  14.035461  64.599459  19.176175  8.837563  44.674176  56.314188  -54.545907  21.711806  92.074679
0.535578  0.000000  0.000000  0.000000  -20.335649  16.772811  18.321176  65.164118  15.295372  6.933151  44.674176  56.314188  -54.545907  21.711806  92.074679
0.536213  0.000000  0.000000  0.000000  -20.335649  16.772811  22.606890  65.587993  11.399050  5.098234  44.674176  56.314188  -54.545907  21.711806  92.074679
0.536849  0.000000  0.000000  0.000000  -20.335649  16.772811  26.892604  65.881136  7.491652  3.313099  44.674176  56.314188  -54.545907  21.711806  92.074679
0.537484  0.000000  0.000000  0.000000  -20.335649  16.772811  31.178318  66.050345  3.577193  1.559768  44.674176  56.314188  -54.545907  21.711806  92.074679
0.538119  0.000000  0.000000  0.000000  -20.335649  16.772811  35.464033  66.099474  -0.340591  -0.178624  44.674176  56.314188  -54.545907  21.711806  92.074679
0.538755  0.000000  0.000000  0.000000  -20.335649  16.772811  39.749747  66.029625  -4.258035  -1.918431  44.674176  56.314188  -54.545907  21.711806  92.074679
0.539390  0.000000  0.000000  0.000000  -20.335649  16.772811  44.035461  65.839224  -8.171539  -3.676066  44.674176  56.314188  -54.545907  21.711806  92.074679
0.540025  0.000000  0.000000  0.000000  -20.335649  16.772811  48.321176  65.523929  -12.077311  -5.468519  44.674176  56.314188  -54.545907  21.711806  92.074679
0.540661  0.000000  0.000000  0.000000  -20.335649  16.772811  52.606890  65.076403  -15.971269  -7.314035  44.674176  56.314188  -54.545907  21.711806  92.074679
0.541296  0.000000  0.000000  0.000000  -20.335649  16.772811  56.892604  64.485975  -19.848879  -9.232714  44.674176  56.314188  -54.545907  21.711806  92.074679
0.541931  0.000000  0.000000  0.000000  -20.335649  16.772811  61.178318  63.738068  -23.704944  -11.247346  44.674176  56.314188  -54.545907  21.711806  92.074679
0.542567  0.000000  0.000000  0.000000  -20.335649  16.772811  65.464033  62.813442  -27.533350  -13.384379  44.674176  56.314188  -54.545907  21.711806  92.074679
0.543202  0.000000  0.000000  0.000000  -25.742130  10.777301  3.794056  68.638759  38.290108  14.765620  48.070723  62.864451  -63.145069  35.845183  100.759972
0.543837  0.000000  0.000000  0.000000  -25.742130  10.777301  8.079771  69.756809  34.283337  12.877740  48.070723  62.864451  -63.145069  35.845183  100.759972
0.544473  0.000000  0.000000  0.000000  -25.742130  10.777301  12.365485  70.673152  30.250265  11.162456  48.070723  62.864451  -63.145069  35.845183  100.759972
0.545108  0.000000  0.000000  0.000000  -25.742130  10.777301  16.651199  71.420627  26.196615  9.582955  48.070723  62.864451  -63.145069  35.845183  100.759972
0.545743  0.000000  0.000000  0.000000  -25.742130  10.777301  20.936913  72.023881  22.126885  8.110118  48.070723  62.864451  -63.145069  35.845183  100.759972
0.546379  0.000000  0.000000  0.000000  -25.742130  10.777301  25.222628  72.501539  18.044687  6.720199  48.070723  62.864451  -63.145069  35.845183  100.759972
0.547014  0.000000  0.000000  0.000000  -25.742130  10.777301  29.508342  72.867445  13.953007  5.393510  48.070723  62.864451  -63.145069  35.845183  100.759972
0.547649  0.000000  0.000000  0.000000  -25.742130  10.777301  33.794056  73.131714  9.854396  4.113193  48.070723  62.864451  -63.145069  35.845183  100.759972
0.548285  0.000000  0.000000  0.000000  -25.742130  10.777301  38.079771  73.301373  5.751080  2.864373  48.070723  62.864451  -63.145069  35.845183  100.759972
0.548920  0.000000  0.000000  0.000000  -25.742130  10.777301  42.365485  73.380818  1.645083  1.633471  48.070723  62.864451  -63.145069  35.845183  100.759972
0.549555  0.000000  0.000000  0.000000  -25.742130  10.777301  46.651199  73.372076  -2.461667  0.407636  48.070723  62.864451  -63.145069  35.845183  100.759972
0.550191  0.000000  0.000000  0.000000  -25.742130  10.777301  50.936913  73.274924  -6.567284  -0.825791  48.070723  62.864451  -63.145069  35.845183  100.759972
0.550826  0.000000  0.000000  0.000000  -25.742130  10.777301  55.222628  73.086886  -10.669835  -2.079759  48.070723  62.864451  -63.145069  35.845183  100.759972
0.551461  0.000000  0.000000  0.000000  -25.742130  10.777301  59.508342  72.803057  -14.767255  -3.368061  48.070723  62.864451  -63.145069  35.845183  100.759972
0.552097  0.000000  0.000000  0.000000  -25.742130  10.777301  63.794056  72.415840  -18.857261  -4.705902  48.070723  62.864451  -63.145069  35.845183  100.759972
0.552732  0.000000  0.000000  0.000000  -9.827189  6.460656  2.191159  77.936100  32.646374  14.884600  21.602895  41.029027  -37.029122  25.935879  94.915970
0.553367  0.000000  0.000000  0.000000  -9.827189  6.460656  6.476873  78.453829  28.451176  13.866714  21.602895  41.029027  -37.029122  25.935879  94.915970
0.554003  0.000000  0.000000  0.000000  -9.827189  6.460656  10.762587  78.871339  24.248993  12.926719  21.602895  41.029027  -37.029122  25.935879  94.915970
0.554638  0.000000  0.000000  0.000000  -9.827189  6.460656  15.048302  79.203185  20.041395  12.046991  21.602895  41.029027  -37.029122  25.935879  94.915970
0.555273  0.000000  0.000000  0.000000  -9.827189  6.460656  19.334016  79.460101  15.829677  11.213275  21.602895  41.029027  -37.029122  25.935879  94.915970
0.555909  0.000000  0.000000  0.000000  -9.827189  6.460656  23.619730  79.649918  11.614913  10.413653  21.602895  41.029027  -37.029122  25.935879  94.915970
0.556544  0.000000  0.000000  0.000000  -9.827189  6.460656  27.905445  79.778128  7.398010  9.637907  21.602895  41.029027  -37.029122  25.935879  94.915970
0.557179  0.000000  0.000000  0.000000  -9.827189  6.460656  32.191159  79.848326  3.179791  8.876878  21.602895  41.029027  -37.029122  25.935879  94.915970
0.557814  0.000000  0.000000  0.000000  -9.827189  6.460656  36.476873  79.862437  -1.038982  8.122060  21.602895  41.029027  -37.029122  25.935879  94.915970
0.558450  0.000000  0.000000  0.000000  -9.827189  6.460656  40.762587  79.820842  -5.257574  7.365220  21.602895  41.029027  -37.029122  25.935879  94.915970
0.559085  0.000000  0.000000  0.000000  -9.827189  6.460656  45.048302  79.722410  -9.475243  6.598036  21.602895  41.029027  -37.029122  25.935879  94.915970
0.559720  0.000000  0.000000  0.000000  -9.827189  6.460656  49.334016  79.564419  -13.691202  5.811737  21.602895  41.029027  -37.029122  25.935879  94.915970
0.560356  0.000000  0.000000  0.000000  -9.827189  6.460656  53.619730  79.342373  -17.904591  4.996686  21.602895  41.029027  -37.029122  25.935879  94.915970
0.560991  0.000000  0.000000  0.000000  -9.827189  6.460656  57.905445  79.049689  -22.114418  4.141918  21.602895  41.029027  -37.029122  25.935879  94.915970
0.561626  0.000000  0.000000  0.000000  -9.827189  6.460656  62.191159  78.677200  -26.319523  3.234469  21.602895  41.029027  -37.029122  25.935879  94.915970
0.562262  0.000000  0.000000  0.000000  -28.126864  11.212129  2.191159  75.125679  32.205902  14.138865  36.527713  58.088001  -43.319360  21.966517  101.253556
0.562897  0.000000  0.000000  0.000000  -28.126864  11.212129  6.476873  75.751381  28.057668  12.893274  36.527713  58.088001  -43.319360  21.966517  101.253556
0.563532  0.000000  0.000000  0.000000  -28.126864  11.212129  10.762587  76.256681  23.899038  11.740503  36.527713  58.088001  -43.319360  21.966517  101.253556
0.564168  0.000000  0.000000  0.000000  -28.126864  11.212129  15.048302  76.658578  19.732340  10.659767  36.527713  58.088001  -43.319360  21.966517  101.253556
0.564803  0.000000  0.000000  0.000000  -28.126864  11.212129  19.334016  76.969706  15.559501  9.634104  36.527713  58.088001  -43.319360  21.966517  101.253556
0.565438  0.000000  0.000000  0.000000  -28.126864  11.212129  23.619730  77.199271  11.382106  8.649310  36.527713  58.088001  -43.319360  21.966517  101.253556
0.566074  0.000000  0.000000  0.000000  -28.126864  11.212129  27.905445  77.353778  7.201533  7.693056  36.527713  58.088001  -43.319360  21.966517  101.253556
0.566709  0.000000  0.000000  0.000000  -28.126864  11.212129  32.191159  77.437451  3.019010  6.754312  36.527713  58.088001  -43.319360  21.966517  101.253556
0.567344  0.000000  0.000000  0.000000  -28.126864  11.212129  36.476873  77.452538  -1.164315  5.822783  36.527713  58.088001  -43.319360  21.966517  101.253556
0.567980  0.000000  0.000000  0.000000  -28.126864  11.212129  40.762587  77.399438  -5.347332  4.888480  36.527713  58.088001  -43.319360  21.966517  101.253556
0.568615  0.000000  0.000000  0.000000  -28.126864  11.212129  45.048302  77.276737  -9.528916  3.941300  36.527713  58.088001  -43.319360  21.966517  101.253556
0.569250  0.000000  0.000000  0.000000  -28.126864  11.212129  49.334016  77.081108  -13.707880  2.970590  36.527713  58.088001  -43.319360  21.966517  101.253556
0.569886  0.000000  0.000000  0.000000  -28.126864  11.212129  53.619730  76.807107  -17.882922  1.964667  36.527713  58.088001  -43.319360  21.966517  101.253556
0.570521  0.000000  0.000000  0.000000  -28.126864  11.212129  57.905445  76.446785  -22.052551  0.910256  36.527713  58.088001  -43.319360  21.966517  101.253556
0.571156  0.000000  0.000000  0.000000  -28.126864  11.212129  62.191159  75.989141  -26.215018  -0.208269  36.527713  58.088001  -43.319360  21.966517  101.253556
0.571792  0.000000  0.000000  0.000000  -7.533409  9.462730  0.117319  65.684014  33.826295  13.129361  45.030500  67.349764  -38.668193  19.190488  108.407432
0.572427  0.000000  0.000000  0.000000  -7.533409  9.462730  4.403033  66.758671  29.903917  11.095077  45.030500  67.349764  -38.668193  19.190488  108.407432
0.573062  0.000000  0.000000  0.000000  -7.533409  9.462730  8.688747  67.639512  25.952706  9.215659  45.030500  67.349764  -38.668193  19.190488  108.407432
0.573698  0.000000  0.000000  0.000000  -7.533409  9.462730  12.974462  68.353603  21.978820  7.458814  45.030500  67.349764  -38.668193  19.190488  108.407432
0.574333  0.000000  0.000000  0.000000  -7.533409  9.462730  17.260176  68.921541  17.987250  5.798008  45.030500  67.349764  -38.668193  19.190488  108.407432
0.574968  0.000000  0.000000  0.000000  -7.533409  9.462730  21.545890  69.358912  13.982187  4.210866  45.030500  67.349764  -38.668193  19.190488  108.407432
0.575604  0.000000  0.000000  0.000000  -7.533409  9.462730  25.831604  69.677132  9.967163  2.678179  45.030500  67.349764  -38.668193  19.190488  108.407432
0.576239  0.000000  0.000000  0.000000  -7.533409  9.462730  30.117319  69.884237  5.945318  1.182898  45.030500  67.349764  -38.668193  19.190488  108.407432
0.576874  0.000000  0.000000  0.000000  -7.533409  9.462730  34.403033  69.985360  1.919512  -0.290651  45.030500  67.349764  -38.668193  19.190488  108.407432
0.577510  0.000000  0.000000  0.000000  -7.533409  9.462730  38.688747  69.982953  -2.107556  -1.757264  45.030500  67.349764  -38.668193  19.190488  108.407432
0.578145  0.000000  0.000000  0.000000  -7.533409  9.462730  42.974462  69.876952  -6.133236  -3.231496  45.030500  67.349764  -38.668193  19.190488  108.407432
0.578780  0.000000  0.000000  0.000000  -7.533409  9.462730  47.260176  69.664789  -10.154829  -4.728181  45.030500  67.349764  -38.668193  19.190488  108.407432
0.579416  0.000000  0.000000  0.000000  -7.533409  9.462730  51.545890  69.341217  -14.169463  -6.263003  45.030500  67.349764  -38.668193  19.190488  108.407432
0.580051  0.000000  0.000000  0.000000  -7.533409  9.462730  55.831604  68.898044  -18.173985  -7.853119  45.030500  67.349764  -38.668193  19.190488  108.407432
0.580686  0.000000  0.000000  0.000000  -7.533409  9.462730  60.117319  68.323648  -22.164817  -9.517899  45.030500  67.349764  -38.668193  19.190488  108.407432
0.581321  0.000000  0.000000  0.000000  -31.291784  5.739346  0.117319  73.113333  35.698609  1.739105  55.681733  55.695202  -46.748205  26.725160  96.447659
0.581957  0.000000  0.000000  0.000000  -31.291784  5.739346  4.403033  73.922905  31.588738  0.278857  55.681733  55.695202  -46.748205  26.725160  96.447659
0.582592  0.000000  0.000000  0.000000  -31.291784  5.739346  8.688747  74.581990  27.463670  -1.057602  55.681733  55.695202  -46.748205  26.725160  96.447659
0.583227  0.000000  0.000000  0.000000  -31.291784  5.739346  12.974462  75.114042  23.326768  -2.297367  55.681733  55.695202  -46.748205  26.725160  96.447659
0.583863  0.000000  0.000000  0.000000  -31.291784  5.739346  17.260176  75.536516  19.180698  -3.462039  55.681733  55.695202  -46.748205  26.725160  96.447659
0.584498  0.000000  0.000000  0.000000  -31.291784  5.739346  21.545890  75.862431  15.027653  -4.569401  55.681733  55.695202  -46.748205  26.725160  96.447659
0.585133  0.000000  0.000000  0.000000  -31.291784  5.739346  25.831604  76.101236  10.869448  -5.634390  55.681733  55.695202  -46.748205  26.725160  96.447659
0.585769  0.000000  0.000000  0.000000  -31.291784  5.739346  30.117319  76.259575  6.707681  -6.670025  55.681733  55.695202  -46.748205  26.725160  96.447659
0.586404  0.000000  0.000000  0.000000  -31.291784  5.739346  34.403033  76.341734  2.543774  -7.688092  55.681733  55.695202  -46.748205  26.725160  96.447659
0.587039  0.000000  0.000000  0.000000  -31.291784  5.739346  38.688747  76.349884  -1.620924  -8.699590  55.681733  55.695202  -46.748205  26.725160  96.447659
0.587675  0.000000  0.000000  0.000000  -31.291784  5.739346  42.974462  76.284242  -5.785115  -9.715271  55.681733  55.695202  -46.748205  26.725160  96.447659
0.588310  0.000000  0.000000  0.000000  -31.291784  5.739346  47.260176  76.143074  -9.947477  -10.746039  55.681733  55.695202  -46.748205  26.725160  96.447659
0.588945  0.000000  0.000000  0.000000  -31.291784  5.739346  51.545890  75.922587  -14.106601  -11.803449  55.681733  55.695202  -46.748205  26.725160  96.447659
0.589581  0.000000  0.000000  0.000000  -31.291784  5.739346  55.831604  75.616691  -18.260940  -12.900199  55.681733  55.695202  -46.748205  26.725160  96.447659
0.590216  0.000000  0.000000  0.000000  -31.291784  5.739346  60.117319  75.216591  -22.408726  -14.050766  55.681733  55.695202  -46.748205  26.725160  96.447659
0.590851  0.000000  0.000000  0.000000  -31.111981  0.226692  0.117319  72.318546  25.829801  -3.254081  33.297674  46.992532  -52.030640  15.974550  96.301854
0.591487  0.000000  0.000000  0.000000  -31.111981  0.226692  4.403033  72.883628  21.739955  -4.654262  33.297674  46.992532  -52.030640  15.974550  96.301854
0.592122  0.000000  0.000000  0.000000  -31.111981  0.226692  8.688747  73.329495  17.638991  -5.976717  33.297674  46.992532  -52.030640  15.974550  96.301854
0.592757  0.000000  0.000000  0.000000  -31.111981  0.226692  12.974462  73.669152  13.529598  -7.240151  33.297674  46.992532  -52.030640  15.974550  96.301854
0.593393  0.000000  0.000000  0.000000  -31.111981  0.226692  17.260176  73.912058  9.414094  -8.460631  33.297674  46.992532  -52.030640  15.974550  96.301854
0.594028  0.000000  0.000000  0.000000  -31.111981  0.226692  21.545890  74.064706  5.294495  -9.652328  33.297674  46.992532  -52.030640  15.974550  96.301854
0.594663  0.000000  0.000000  0.000000  -31.111981  0.226692  25.831604  74.131072  1.172641  -10.828207  33.297674  46.992532  -52.030640  15.974550  96.301854
0.595299  0.000000  0.000000  0.000000  -31.111981  0.226692  30.117319  74.112885  -2.949699  -12.000627  33.297674  46.992532  -52.030640  15.974550  96.301854
0.595934  0.000000  0.000000  0.000000  -31.111981  0.226692  34.403033  74.009660  -7.070797  -13.181785  33.297674  46.992532  -52.030640  15.974550  96.301854
0.596569  0.000000  0.000000  0.000000  -31.111981  0.226692  38.688747  73.818735  -11.188870  -14.384232  33.297674  46.992532  -52.030640  15.974550  96.301854
0.597205  0.000000  0.000000  0.000000  -31.111981  0.226692  42.974462  73.535079  -15.302001  -15.621404  33.297674  46.992532  -52.030640  15.974550  96.301854
0.597840  0.000000  0.000000  0.000000  -31.111981  0.226692  47.260176  73.150980  -19.408058  -16.908185  33.297674  46.992532  -52.030640  15.974550  96.301854
0.598475  0.000000  0.000000  0.000000  -31.111981  0.226692  51.545890  72.655550  -23.504582  -18.261663  33.297674  46.992532  -52.030640  15.974550  96.301854
0.599111  0.000000  0.000000  0.000000  -31.111981  0.226692  55.831604  72.033985  -27.588673  -19.702015  33.297674  46.992532  -52.030640  15.974550  96.301854
0.599746  0.000000  0.000000  0.000000  -31.111981  0.226692  60.117319  71.266451  -31.656746  -21.253774  33.297674  46.992532  -52.030640  15.974550  96.301854
0.600381  0.000000  0.000000  0.000000  -20.350056  1.293555  -2.310766  73.062974  33.438498  -0.822018  56.048083  53.332731  -70.754311  13.779340  91.350144
0.601017  0.000000  0.000000  0.000000  -20.350056  1.293555  1.974948  73.808667  29.330395  -2.252929  56.048083  53.332731  -70.754311  13.779340  91.350144
0.601652  0.000000  0.000000  0.000000  -20.350056  1.293555  6.260663  74.413744  25.208215  -3.572657  56.048083  53.332731  -70.754311  13.779340  91.350144
0.602287  0.000000  0.000000  0.000000  -20.350056  1.293555  10.546377  74.898658  21.075092  -4.805672  56.048083  53.332731  -70.754311  13.779340  91.350144
0.602922  0.000000  0.000000  0.000000  -20.350056  1.293555  14.832091  75.278660  16.933547  -5.971813  56.048083  53.332731  -70.754311  13.779340  91.350144
0.603558  0.000000  0.000000  0.000000  -20.350056  1.293555  19.117805  75.565004  12.785676  -7.087612  56.048083  53.332731  -70.754311  13.779340  91.350144
0.604193  0.000000  0.000000  0.000000  -20.350056  1.293555  23.403520  75.765775  8.633267  -8.167268  56.048083  53.332731  -70.754311  13.779340  91.350144
0.604828  0.000000  0.000000  0.000000  -20.350056  1.293555  27.689234  75.886426  4.477904  -9.223361  56.048083  53.332731  -70.754311  13.779340  91.350144
0.605464  0.000000  0.000000  0.000000  -20.350056  1.293555  31.974948  75.930169  0.321039  -10.267510  56.048083  53.332731  -70.754311  13.779340  91.350144
0.606099  0.000000  0.000000  0.000000  -20.350056  1.293555  36.260663  75.898153  -3.835923  -11.310809  56.048083  53.332731  -70.754311  13.779340  91.350144
0.606734  0.000000  0.000000  0.000000  -20.350056  1.293555  40.546377  75.789532  -7.991610  -12.364331  56.048083  53.332731  -70.754311  13.779340  91.350144
0.607370  0.000000  0.000000  0.000000  -20.350056  1.293555  44.832091  75.601436  -12.144575  -13.439545  56.048083  53.332731  -70.754311  13.779340  91.350144
0.608005  0.000000  0.000000  0.000000  -20.350056  1.293555  49.117805  75.328766  -16.293258  -14.548880  56.048083  53.332731  -70.754311  13.779340  91.350144
0.608640  0.000000  0.000000  0.000000  -20.350056  1.293555  53.403520  74.963880  -20.435907  -15.706236  56.048083  53.332731  -70.754311  13.779340  91.350144
0.609276  0.000000  0.000000  0.000000  -20.350056  1.293555  57.689234  74.496049  -24.570480  -16.927723  56.048083  53.332731  -70.754311  13.779340  91.350144
0.609911  0.000000  0.000000  0.000000  -14.234040  -11.350777  -2.310766  73.529839  22.391041  -8.020662  41.999361  58.239432  -34.905028  16.280103  104.908670
0.610546  0.000000  0.000000  0.000000  -14.234040  -11.350777  1.974948  73.974415  18.276316  -9.299194  41.999361  58.239432  -34.905028  16.280103  104.908670
0.611182  0.000000  0.000000  0.000000  -14.234040  -11.350777  6.260663  74.315081  14.153491  -10.518331  41.999361  58.239432  -34.905028  16.280103  104.908670
0.611817  0.000000  0.000000  0.000000  -14.234040  -11.350777  10.546377  74.561451  10.024731  -11.693904  41.999361  58.239432  -34.905028  16.280103  104.908670
0.612452  0.000000  0.000000  0.000000  -14.234040  -11.350777  14.832091  74.720221  5.891947  -12.839853  41.999361  58.239432  -34.905028  16.280103  104.908670
0.613088  0.000000  0.000000  0.000000  -14.234040  -11.350777  19.117805  74.795574  1.756854  -13.968827  41.999361  58.239432  -34.905028  16.280103  104.908670
0.613723  0.000000  0.000000  0.000000  -14.234040  -11.350777  23.403520  74.789468  -2.378915  -15.092809  41.999361  58.239432  -34.905028  16.280103  104.908670
0.614358  0.000000  0.000000  0.000000  -14.234040  -11.350777  27.689234  74.701746  -6.513766  -16.223562  41.999361  58.239432  -34.905028  16.280103  104.908670
0.614994  0.000000  0.000000  0.000000  -14.234040  -11.350777  31.974948  74.530127  -10.646060  -17.373129  41.999361  58.239432  -34.905028  16.280103  104.908670
0.615629  0.000000  0.000000  0.000000  -14.234040  -11.350777  36.260663  74.270065  -14.774052  -18.554333  41.999361  58.239432  -34.905028  16.280103  104.908670
0.616264  0.000000  0.000000  0.000000  -14.234040  -11.350777  40.546377  73.914463  -18.895806  -19.781333  41.999361  58.239432  -34.905028  16.280103  104.908670
0.616900  0.000000  0.000000  0.000000  -14.234040  -11.350777  44.832091  73.453212  -23.009099  -21.070329  41.999361  58.239432  -34.905028  16.280103  104.908670
0.617535  0.000000  0.000000  0.000000  -14.234040  -11.350777  49.117805  72.872493  -27.111307  -22.440409  41.999361  58.239432  -34.905028  16.280103  104.908670
0.618170  0.000000  0.000000  0.000000  -14.234040  -11.350777  53.403520  72.153742  -31.199209  -23.914739  41.999361  58.239432  -34.905028  16.280103  104.908670
0.618806  0.000000  0.000000  0.000000  -14.234040  -11.350777  57.689234  71.272196  -35.268790  -25.522138  41.999361  58.239432  -34.905028  16.280103  104.908670
0.619441  0.000000  0.000000  0.000000  -21.063114  6.233706  -2.310766  68.015747  21.833398  4.553657  48.399489  51.146841  -62.362918  24.286689  92.383798
0.620076  0.000000  0.000000  0.000000  -21.063114  6.233706  1.974948  68.587794  17.851050  2.869476  48.399489  51.146841  -62.362918  24.286689  92.383798
0.620712  0.000000  0.000000  0.000000  -21.063114  6.233706  6.260663  69.027944  13.854888  1.259279  48.399489  51.146841  -62.362918  24.286689  92.383798
0.621347  0.000000  0.000000  0.000000  -21.063114  6.233706  10.546377  69.347648  9.848567  -0.296320  48.399489  51.146841  -62.362918  24.286689  92.383798
0.621982  0.000000  0.000000  0.000000  -21.063114  6.233706  14.832091  69.554930  5.835298  -1.814512  48.399489  51.146841  -62.362918  24.286689  92.383798
0.622618  0.000000  0.000000  0.000000  -21.063114  6.233706  19.117805  69.654875  1.818018  -3.311078  48.399489  51.146841  -62.362918  24.286689  92.383798
0.623253  0.000000  0.000000  0.000000  -21.063114  6.233706  23.403520  69.649899  -2.200494  -4.800989  48.399489  51.146841  -62.362918  24.286689  92.383798
0.623888  0.000000  0.000000  0.000000  -21.063114  6.233706  27.689234  69.539882  -6.217513  -6.298962  48.399489  51.146841  -62.362918  24.286689  92.383798
0.624524  0.000000  0.000000  0.000000  -21.063114  6.233706  31.974948  69.322162  -10.230251  -7.820017  48.399489  51.146841  -62.362918  24.286689  92.383798
0.625159  0.000000  0.000000  0.000000  -21.063114  6.233706  36.260663  68.991391  -14.235750  -9.380040  48.399489  51.146841  -62.362918  24.286689  92.383798
0.625794  0.000000  0.000000  0.000000  -21.063114  6.233706  40.546377  68.539236  -18.230761  -10.996409  48.399489  51.146841  -62.362918  24.286689  92.383798
0.626429  0.000000  0.000000  0.000000  -21.063114  6.233706  44.832091  67.953897  -22.211584  -12.688745  48.399489  51.146841  -62.362918  24.286689  92.383798
0.627065  0.000000  0.000000  0.000000  -21.063114  6.233706  49.117805  67.219412  -26.173893  -14.479819  48.399489  51.146841  -62.362918  24.286689  92.383798
0.627700  0.000000  0.000000  0.000000  -21.063114  6.233706  53.403520  66.314652  -30.112482  -16.396724  48.399489  51.146841  -62.362918  24.286689  92.383798
0.628335  0.000000  0.000000  0.000000  -21.063114  6.233706  57.689234  65.211928  -34.020929  -18.472415  48.399489  51.146841  -62.362918  24.286689  92.383798
0.628971  0.000000  0.000000  0.000000  -30.779748  -5.675924  -2.310766  73.207958  23.023499  -8.946451  57.695316  46.532493  -69.071975  29.916558  106.576345
0.629606  0.000000  0.000000  0.000000  -30.779748  -5.675924  1.974948  73.676265  18.915314  -10.254160  57.695316  46.532493  -69.071975  29.916558  106.576345
0.630241  0.000000  0.000000  0.000000  -30.779748  -5.675924  6.260663  74.037489  14.798417  -11.498984  57.695316  46.532493  -69.071975  29.916558  106.576345
0.630877  0.000000  0.000000  0.000000  -30.779748  -5.675924  10.546377  74.301864  10.675085  -12.697309  57.695316  46.532493  -69.071975  29.916558  106.576345
0.631512  0.000000  0.000000  0.000000  -30.779748  -5.675924  14.832091  74.476597  6.547321  -13.863501  57.695316  46.532493  -69.071975  29.916558  106.576345
0.632147  0.000000  0.000000  0.000000  -30.779748  -5.675924  19.117805  74.566296  2.416909  -15.010525  57.695316  46.532493  -69.071975  29.916558  106.576345
0.632783  0.000000  0.000000  0.000000  -30.779748  -5.675924  23.403520  74.573290  -1.714463  -16.150575  57.695316  46.532493  -69.071975  29.916558  106.576345
0.633418  0.000000  0.000000  0.000000  -30.779748  -5.675924  27.689234  74.497758  -5.845154  -17.295565  57.695316  46.532493  -69.071975  29.916558  106.576345
0.634053  0.000000  0.000000  0.000000  -30.779748  -5.675924  31.974948  74.337745  -9.973494  -18.457605  57.695316  46.532493  -69.071975  29.916558  106.576345
0.634689  0.000000  0.000000  0.000000  -30.779748  -5.675924  36.260663  74.089042  -14.097711  -19.649507  57.695316  46.532493  -69.071975  29.916558  106.576345
0.635324  0.000000  0.000000  0.000000  -30.779748  -5.675924  40.546377  73.744917  -18.215852  -20.885334  57.695316  46.532493  -69.071975  29.916558  106.576345
0.635959  0.000000  0.000000  0.000000  -30.779748  -5.675924  44.832091  73.295689  -22.325695  -22.181081  57.695316  46.532493  -69.071975  29.916558  106.576345
0.636595  0.000000  0.000000  0.000000  -30.779748  -5.675924  49.117805  72.728068  -26.424617  -23.555501  57.695316  46.532493  -69.071975  29.916558  106.576345
0.637230  0.000000  0.000000  0.000000  -30.779748  -5.675924  53.403520  72.024176  -30.509428  -25.031235  57.695316  46.532493  -69.071975  29.916558  106.576345
0.637865  0.000000  0.000000  0.000000  -30.779748  -5.675924  57.689234  71.160173  -34.576161  -26.636314  57.695316  46.532493  -69.071975  29.916558  106.576345
0.638501  0.000000  0.000000  0.000000  -13.371323  4.281179  -2.310766  65.761390  28.222098  5.073052  51.308508  52.096639  -35.683127  14.097029  100.382072
0.639136  0.000000  0.000000  0.000000  -13.371323  4.281179  1.974948  66.615501  24.300780  3.143997  51.308508  52.096639  -35.683127  14.097029  100.382072
0.639771  0.000000  0.000000  0.000000  -13.371323  4.281179  6.260663  67.304720  20.356573  1.331078  51.308508  52.096639  -35.683127  14.097029  100.382072
0.640407  0.000000  0.000000  0.000000  -13.371323  4.281179  10.546377  67.848020  16.394588  -0.391206  51.308508  52.096639  -35.683127  14.097029  100.382072
0.641042  0.000000  0.000000  0.000000  -13.371323  4.281179  14.832091  68.259679  12.419156  -2.044615  51.308508  52.096639  -35.683127  14.097029  100.382072
0.641677  0.000000  0.000000  0.000000  -13.371323  4.281179  19.117805  68.550066  8.434002  -3.648114  51.308508  52.096639  -35.683127  14.097029  100.382072
0.642313  0.000000  0.000000  0.000000  -13.371323  4.281179  23.403520  68.726309  4.442468  -5.218800  51.308508  52.096639  -35.683127  14.097029  100.382072
0.642948  0.000000  0.000000  0.000000  -13.371323  4.281179  27.689234  68.792636  0.447648  -6.772545  51.308508  52.096639  -35.683127  14.097029  100.382072
0.643583  0.000000  0.000000  0.000000  -13.371323  4.281179  31.974948  68.750628  -3.547511  -8.324598  51.308508  52.096639  -35.683127  14.097029  100.382072
0.644219  0.000000  0.000000  0.000000  -13.371323  4.281179  36.260663  68.599286  -7.540032  -9.890144  51.308508  52.096639  -35.683127  14.097029  100.382072
0.644854  0.000000  0.000000  0.000000  -13.371323  4.281179  40.546377  68.334988  -11.526896  -11.484855  51.308508  52.096639  -35.683127  14.097029  100.382072
0.645489  0.000000  0.000000  0.000000  -13.371323  4.281179  44.832091  67.951290  -15.504819  -13.125499  51.308508  52.096639  -35.683127  14.097029  100.382072
0.646125  0.000000  0.000000  0.000000  -13.371323  4.281179  49.117805  67.438576  -19.470164  -14.830576  51.308508  52.096639  -35.683127  14.097029  100.382072
0.646760  0.000000  0.000000  0.000000  -13.371323  4.281179  53.403520  66.783518  -23.418766  -16.621123  51.308508  52.096639  -35.683127  14.097029  100.382072
0.647395  0.000000  0.000000  0.000000  -13.371323  4.281179  57.689234  65.968286  -27.345706  -18.521701  51.308508  52.096639  -35.683127  14.097029  100.382072
0.648030  0.000000  0.000000  0.000000  -21.429425  1.665693  -4.978347  71.968489  31.015283  3.592794  49.607368  67.340835  -31.475315  26.379494  100.041495
0.648666  0.000000  0.000000  0.000000  -21.429425  1.665693  -0.692633  72.689169  26.931535  2.106044  49.607368  67.340835  -31.475315  26.379494  100.041495
0.649301  0.000000  0.000000  0.000000  -21.429425  1.665693  3.593081  73.271264  22.833302  0.723537  49.607368  67.340835  -31.475315  26.379494  100.041495
0.649936  0.000000  0.000000  0.000000  -21.429425  1.665693  7.878795  73.733271  18.723837  -0.577896  49.607368  67.340835  -31.475315  26.379494  100.041495
0.650572  0.000000  0.000000  0.000000  -21.429425  1.665693  12.164510  74.088970  14.605816  -1.817398  49.607368  67.340835  -31.475315  26.379494  100.041495
0.651207  0.000000  0.000000  0.000000  -21.429425  1.665693  16.450224  74.348419  10.481486  -3.011199  49.607368  67.340835  -31.475315  26.379494  100.041495
0.651842  0.000000  0.000000  0.000000  -21.429425  1.665693  20.735938  74.518686  6.352834  -4.173580  49.607368  67.340835  -31.475315  26.379494  100.041495
0.652478  0.000000  0.000000  0.000000  -21.429425  1.665693  25.021653  74.604254  2.221625  -5.317410  49.607368  67.340835  -31.475315  26.379494  100.041495
0.653113  0.000000  0.000000  0.000000  -21.429425  1.665693  29.307367  74.607345  -1.910463  -6.454846  49.607368  67.340835  -31.475315  26.379494  100.041495
0.653748  0.000000  0.000000  0.000000  -21.429425  1.665693  33.593081  74.528038  -6.041795  -7.597778  49.607368  67.340835  -31.475315  26.379494  100.041495
0.654384  0.000000  0.000000  0.000000  -21.429425  1.665693  37.878795  74.364281  -10.170704  -8.758313  49.607368  67.340835  -31.475315  26.379494  100.041495
0.655019  0.000000  0.000000  0.000000  -21.429425  1.665693  42.164510  74.111755  -14.295421  -9.949283  49.607368  67.340835  -31.475315  26.379494  100.041495
0.655654  0.000000  0.000000  0.000000  -21.429425  1.665693  46.450224  73.763616  -18.413992  -11.184806  49.607368  67.340835  -31.475315  26.379494  100.041495
0.656290  0.000000  0.000000  0.000000  -21.429425  1.665693  50.735938  73.310041  -22.524186  -12.480954  49.607368  67.340835  -31.475315  26.379494  100.041495
0.656925  0.000000  0.000000  0.000000  -21.429425  1.665693  55.021653  72.737566  -26.623369  -13.856609  49.607368  67.340835  -31.475315  26.379494  100.041495
0.657560  0.000000  0.000000  0.000000  -15.425041  -1.875578  -4.978347  69.016175  24.690355  0.339951  58.033500  58.258930  -43.872763  13.007033  109.218311
0.658196  0.000000  0.000000  0.000000  -15.425041  -1.875578  -0.692633  69.648759  20.680157  -1.299172  58.033500  58.258930  -43.872763  13.007033  109.218311
0.658831  0.000000  0.000000  0.000000  -15.425041  -1.875578  3.593081  70.146658  16.655271  -2.853657  58.033500  58.258930  -43.872763  13.007033  109.218311
0.659466  0.000000  0.000000  0.000000  -15.425041  -1.875578  7.878795  70.523497  12.619275  -4.343938  58.033500  58.258930  -43.872763  13.007033  109.218311
0.660102  0.000000  0.000000  0.000000  -15.425041  -1.875578  12.164510  70.789216  8.575276  -5.787843  58.033500  58.258930  -43.872763  13.007033  109.218311
0.660737  0.000000  0.000000  0.000000  -15.425041  -1.875578  16.450224  70.950578  4.526023  -7.201267  58.033500  58.258930  -43.872763  13.007033  109.218311
0.661372  0.000000  0.000000  0.000000  -15.425041  -1.875578  20.735938  71.011579  0.474063  -8.598939  58.033500  58.258930  -43.872763  13.007033  109.218311
0.662008  0.000000  0.000000  0.000000  -15.425041  -1.875578  25.021653  70.973735  -3.578181  -9.994970  58.033500  58.258930  -43.872763  13.007033  109.218311
0.662643  0.000000  0.000000  0.000000  -15.425041  -1.875578  29.307367  70.836127  -7.628286  -11.403427  58.033500  58.258930  -43.872763  13.007033  109.218311
0.663278  0.000000  0.000000  0.000000  -15.425041  -1.875578  33.593081  70.595327  -11.673752  -12.838825  58.033500  58.258930  -43.872763  13.007033  109.218311
0.663914  0.000000  0.000000  0.000000  -15.425041  -1.875578  37.878795  70.245241  -15.711881  -14.316754  58.033500  58.258930  -43.872763  13.007033  109.218311
0.664549  0.000000  0.000000  0.000000  -15.425041  -1.875578  42.164510  69.776744  -19.739668  -15.854490  58.033500  58.258930  -43.872763  13.007033  109.218311
0.665184  0.000000  0.000000  0.000000  -15.425041  -1.875578  46.450224  69.177125  -23.753658  -17.471796  58.033500  58.258930  -43.872763  13.007033  109.218311
0.665820  0.000000  0.000000  0.000000  -15.425041  -1.875578  50.735938  68.429277  -27.749744  -19.191923  58.033500  58.258930  -43.872763  13.007033  109.218311
0.666455  0.000000  0.000000  0.000000  -15.425041  -1.875578  55.021653  67.510561  -31.722934  -21.042903  58.033500  58.258930  -43.872763  13.007033  109.218311
0.667090  0.000000  0.000000  0.000000  -10.482982  10.024603  -4.978347  59.195275  22.122967  5.989446  27.950674  63.191489  -44.474049  24.245798  107.145193
0.667726  0.000000  0.000000  0.000000  -10.482982  10.024603  -0.692633  59.996881  18.426096  3.677605  27.950674  63.191489  -44.474049  24.245798  107.145193
0.668361  0.000000  0.000000  0.000000  -10.482982  10.024603  3.593081  60.628503  14.702434  1.463520  27.950674  63.191489  -44.474049  24.245798  107.145193
0.668996  0.000000  0.000000  0.000000  -10.482982  10.024603  7.878795  61.103939  10.958484  -0.676047  27.950674  63.191489  -44.474049  24.245798  107.145193
0.669632  0.000000  0.000000  0.000000  -10.482982  10.024603  12.164510  61.433310  7.199993  -2.761972  27.950674  63.191489  -44.474049  24.245798  107.145193
0.670267  0.000000  0.000000  0.000000  -10.482982  10.024603  16.450224  61.623511  3.432215  -4.813527  27.950674  63.191489  -44.474049  24.245798  107.145193
0.670902  0.000000  0.000000  0.000000  -10.482982  10.024603  20.735938  61.678465  -0.339916  -6.848934  27.950674  63.191489  -44.474049  24.245798  107.145193
0.671537  0.000000  0.000000  0.000000  -10.482982  10.024603  25.021653  61.599303  -4.111618  -8.885934  27.950674  63.191489  -44.474049  24.245798  107.145193
0.672173  0.000000  0.000000  0.000000  -10.482982  10.024603  29.307367  61.384397  -7.878092  -10.942319  27.950674  63.191489  -44.474049  24.245798  107.145193
0.672808  0.000000  0.000000  0.000000  -10.482982  10.024603  33.593081  61.029305  -11.634364  -13.036444  27.950674  63.191489  -44.474049  24.245798  107.145193
0.673443  0.000000  0.000000  0.000000  -10.482982  10.024603  37.878795  60.526576  -15.375105  -15.187831  27.950674  63.191489  -44.474049  24.245798  107.145193
0.674079  0.000000  0.000000  0.000000  -10.482982  10.024603  42.164510  59.865455  -19.094442  -17.417740  27.950674  63.191489  -44.474049  24.245798  107.145193
0.674714  0.000000  0.000000  0.000000  -10.482982  10.024603  46.450224  59.031427  -22.785724  -19.749895  27.950674  63.191489  -44.474049  24.245798  107.145193
0.675349  0.000000  0.000000  0.000000  -10.482982  10.024603  50.735938  58.005630  -26.441231  -22.211294  27.950674  63.191489  -44.474049  24.245798  107.145193
0.675985  0.000000  0.000000  0.000000  -10.482982  10.024603  55.021653  56.764003  -30.051829  -24.833143  27.950674  63.191489  -44.474049  24.245798  107.145193
0.676620  0.000000  0.000000  0.000000  -25.120253  -1.681386  -4.978347  65.473784  21.466251  -6.408059  32.720463  68.177203  -55.659113  31.371238  100.563927
0.677255  0.000000  0.000000  0.000000  -25.120253  -1.681386  -0.692633  66.096957  17.557249  -8.272612  32.720463  68.177203  -55.659113  31.371238  100.563927
0.677891  0.000000  0.000000  0.000000  -25.120253  -1.681386  3.593081  66.577255  13.631532  -10.058086  32.720463  68.177203  -55.659113  31.371238  100.563927
0.678526  0.000000  0.000000  0.000000  -25.120253  -1.681386  7.878795  66.926589  9.693499  -11.785048  32.720463  68.177203  -55.659113  31.371238  100.563927
0.679161  0.000000  0.000000  0.000000  -25.120253  -1.681386  12.164510  67.153333  5.747024  -13.471817  32.720463  68.177203  -55.659113  31.371238  100.563927
0.679797  0.000000  0.000000  0.000000  -25.120253  -1.681386  16.450224  67.262822  1.795669  -15.135314  32.720463  68.177203  -55.659113  31.371238  100.563927
0.680432  0.000000  0.000000  0.000000  -25.120253  -1.681386  20.735938  67.257594  -2.157190  -16.791623  32.720463  68.177203  -55.659113  31.371238  100.563927
0.681067  0.000000  0.000000  0.000000  -25.120253  -1.681386  25.021653  67.137526  -6.108240  -18.456573  32.720463  68.177203  -55.659113  31.371238  100.563927
0.681703  0.000000  0.000000  0.000000  -25.120253  -1.681386  29.307367  66.899834  -10.054096  -20.146298  32.720463  68.177203  -55.659113  31.371238  100.563927
0.682338  0.000000  0.000000  0.000000  -25.120253  -1.681386  33.593081  66.538924  -13.991174  -21.877812  32.720463  68.177203  -55.659113  31.371238  100.563927
0.682973  0.000000  0.000000  0.000000  -25.120253  -1.681386  37.878795  66.046106  -17.915549  -23.669637  32.720463  68.177203  -55.659113  31.371238  100.563927
0.683609  0.000000  0.000000  0.000000  -25.120253  -1.681386  42.164510  65.409133  -21.822781  -25.542547  32.720463  68.177203  -55.659113  31.371238  100.563927
0.684244  0.000000  0.000000  0.000000  -25.120253  -1.681386  46.450224  64.611534  -25.707703  -27.520457  32.720463  68.177203  -55.659113  31.371238  100.563927
0.684879  0.000000  0.000000  0.000000  -25.120253  -1.681386  50.735938  63.631674  -29.564130  -29.631527  32.720463  68.177203  -55.659113  31.371238  100.563927
0.685515  0.000000  0.000000  0.000000  -25.120253  -1.681386  55.021653  62.441472  -33.384549  -31.909594  32.720463  68.177203  -55.659113  31.371238  100.563927
0.686150  0.000000  0.000000  0.000000  -22.685362  8.791656  -4.978347  63.562193  25.547684  7.016526  49.475750  62.568148  -39.185765  18.860045  105.693267
0.686785  0.000000  0.000000  0.000000  -22.685362  8.791656  -0.692633  64.385013  21.696129  4.964410  49.475750  62.568148  -39.185765  18.860045  105.693267
0.687421  0.000000  0.000000  0.000000  -22.685362  8.791656  3.593081  65.042874  17.820650  3.019665  49.475750  62.568148  -39.185765  18.860045  105.693267
0.688056  0.000000  0.000000  0.000000  -22.685362  8.791656  7.878795  65.552411  13.926762  1.157992  49.475750  62.568148  -39.185765  18.860045  105.693267
0.688691  0.000000  0.000000  0.000000  -22.685362  8.791656  12.164510  65.926024  10.019214  -0.641785  49.475750  62.568148  -39.185765  18.860045  105.693267
0.689327  0.000000  0.000000  0.000000  -22.685362  8.791656  16.450224  66.172528  6.102211  -2.398589  49.475750  62.568148  -39.185765  18.860045  105.693267
0.689962  0.000000  0.000000  0.000000  -22.685362  8.791656  20.735938  66.297623  2.179596  -4.129837  49.475750  62.568148  -39.185765  18.860045  105.693267
0.690597  0.000000  0.000000  0.000000  -22.685362  8.791656  25.021653  66.304163  -1.744994  -5.852099  49.475750  62.568148  -39.185765  18.860045  105.693267
0.691233  0.000000  0.000000  0.000000  -22.685362  8.791656  29.307367  66.192285  -5.668001  -7.581559  49.475750  62.568148  -39.185765  18.860045  105.693267
0.691868  0.000000  0.000000  0.000000  -22.685362  8.791656  33.593081  65.959451  -9.585809  -9.334701  49.475750  62.568148  -39.185765  18.860045  105.693267
0.692503  0.000000  0.000000  0.000000  -22.685362  8.791656  37.878795  65.600291  -13.494603  -11.128819  49.475750  62.568148  -39.185765  18.860045  105.693267
0.693139  0.000000  0.000000  0.000000  -22.685362  8.791656  42.164510  65.106349  -17.390226  -12.982640  49.475750  62.568148  -39.185765  18.860045  105.693267
0.693774  0.000000  0.000000  0.000000  -22.685362  8.791656  46.450224  64.465648  -21.267999  -14.917054  49.475750  62.568148  -39.185765  18.860045  105.693267
0.694409  0.000000  0.000000  0.000000  -22.685362  8.791656  50.735938  63.662064  -25.122503  -16.955964  49.475750  62.568148  -39.185765  18.860045  105.693267
0.695044  0.000000  0.000000  0.000000  -22.685362  8.791656  55.021653  62.674457  -28.947305  -19.127350  49.475750  62.568148  -39.185765  18.860045  105.693267
0.695680  0.000000  0.000000  0.000000  -6.939899  -6.746694  -7.427667  69.880053  29.638287  -1.727852  22.329840  44.969751  -62.324578  18.284611  103.821189
0.696315  0.000000  0.000000  0.000000  -6.939899  -6.746694  -3.141953  70.637875  25.604144  -3.361305  22.329840  44.969751  -62.324578  18.284611  103.821189
0.696950  0.000000  0.000000  0.000000  -6.939899  -6.746694  1.143761  71.248876  21.553043  -4.887756  22.329840  44.969751  -62.324578  18.284611  103.821189
0.697586  0.000000  0.000000  0.000000  -6.939899  -6.746694  5.429476  71.731463  17.488801  -6.331002  22.329840  44.969751  -62.324578  18.284611  103.821189
0.698221  0.000000  0.000000  0.000000  -6.939899  -6.746694  9.715190  72.099379  13.414604  -7.710983  22.329840  44.969751  -62.324578  18.284611  103.821189
0.698856  0.000000  0.000000  0.000000  -6.939899  -6.746694  14.000904  72.362607  9.333154  -9.044823  22.329840  44.969751  -62.324578  18.284611  103.821189
0.699492  0.000000  0.000000  0.000000  -6.939899  -6.746694  18.286618  72.528042  5.246849  -10.347715  22.329840  44.969751  -62.324578  18.284611  103.821189
0.700127  0.000000  0.000000  0.000000  -6.939899  -6.746694  22.572333  72.599926  1.157882  -11.633625  22.329840  44.969751  -62.324578  18.284611  103.821189
0.700762  0.000000  0.000000  0.000000  -6.939899  -6.746694  26.858047  72.580071  -2.931672  -12.915824  22.329840  44.969751  -62.324578  18.284611  103.821189
0.701398  0.000000  0.000000  0.000000  -6.939899  -6.746694  31.143761  72.467963  -7.019737  -14.207446  22.329840  44.969751  -62.324578  18.284611  103.821189
0.702033  0.000000  0.000000  0.000000  -6.939899  -6.746694  35.429476  72.260779  -11.104215  -15.521988  22.329840  44.969751  -62.324578  18.284611  103.821189
0.702668  0.000000  0.000000  0.000000  -6.939899  -6.746694  39.715190  71.953164  -15.182832  -16.873872  22.329840  44.969751  -62.324578  18.284611  103.821189
0.703304  0.000000  0.000000  0.000000  -6.939899  -6.746694  44.000904  71.536940  -19.253067  -18.279047  22.329840  44.969751  -62.324578  18.284611  103.821189
0.703939  0.000000  0.000000  0.000000  -6.939899  -6.746694  48.286618  71.000581  -23.312022  -19.755747  22.329840  44.969751  -62.324578  18.284611  103.821189
0.704574  0.000000  0.000000  0.000000  -6.939899  -6.746694  52.572333  70.328478  -27.356287  -21.325407  22.329840  44.969751  -62.324578  18.284611  103.821189
0.705210  0.000000  0.000000  0.000000  -12.988661  -6.676268  -7.427667  71.710232  26.354719  -2.573425  37.855059  51.606160  -42.081272  24.033457  98.883993
0.705845  0.000000  0.000000  0.000000  -12.988661  -6.676268  -3.141953  72.308640  22.278308  -4.025676  37.855059  51.606160  -42.081272  24.033457  98.883993
0.706480  0.000000  0.000000  0.000000  -12.988661  -6.676268  1.143761  72.782693  18.189718  -5.395417  37.855059  51.606160  -42.081272  24.033457  98.883993
0.707116  0.000000  0.000000  0.000000  -12.988661  -6.676268  5.429476  73.146224  14.091855  -6.702213  37.855059  51.606160  -42.081272  24.033457  98.883993
0.707751  0.000000  0.000000  0.000000  -12.988661  -6.676268  9.715190  73.409351  9.987211  -7.962816  37.855059  51.606160  -42.081272  24.033457  98.883993
0.708386  0.000000  0.000000  0.000000  -12.988661  -6.676268  14.000904  73.579101  5.877953  -9.191953  37.855059  51.606160  -42.081272  24.033457  98.883993
0.709022  0.000000  0.000000  0.000000  -12.988661  -6.676268  18.286618  73.659877  1.766041  -10.403023  37.855059  51.606160  -42.081272  24.033457  98.883993
0.709657  0.000000  0.000000  0.000000  -12.988661  -6.676268  22.572333  73.653769  -2.346653  -11.608737  37.855059  51.606160  -42.081272  24.033457  98.883993
0.710292  0.000000  0.000000  0.000000  -12.988661  -6.676268  26.858047  73.560605  -6.458303  -12.821575  37.855059  51.606160  -42.081272  24.033457  98.883993
0.710928  0.000000  0.000000  0.000000  -12.988661  -6.676268  31.143761  73.378003  -10.567039  -14.054305  37.855059  51.606160  -42.081272  24.033457  98.883993
0.711563  0.000000  0.000000  0.000000  -12.988661  -6.676268  35.429476  73.101194  -14.670863  -15.320499  37.855059  51.606160  -42.081272  24.033457  98.883993
0.712198  0.000000  0.000000  0.000000  -12.988661  -6.676268  39.715190  72.722743  -18.767568  -16.635125  37.855059  51.606160  -42.081272  24.033457  98.883993
0.712834  0.000000  0.000000  0.000000  -12.988661  -6.676268  44.000904  72.232065  -22.854624  -18.015253  37.855059  51.606160  -42.081272  24.033457  98.883993
0.713469  0.000000  0.000000  0.000000  -12.988661  -6.676268  48.286618  71.614732  -26.929051  -19.480939  37.855059  51.606160  -42.081272  24.033457  98.883993
0.714104  0.000000  0.000000  0.000000  -12.988661  -6.676268  52.572333  70.851406  -30.987199  -21.056435  37.855059  51.606160  -42.081272  24.033457  98.883993
0.714740  0.000000  0.000000  0.000000  -6.754015  -0.879500  -7.427667  61.154631  21.538369  -6.113046  37.471557  61.684250  -33.860074  26.322039  109.598340
0.715375  0.000000  0.000000  0.000000  -6.754015  -0.879500  -3.141953  61.884886  17.770828  -8.282770  37.471557  61.684250  -33.860074  26.322039  109.598340
0.716010  0.000000  0.000000  0.000000  -6.754015  -0.879500  1.143761  62.454177  13.980393  -10.362544  37.471557  61.684250  -33.860074  26.322039  109.598340
0.716645  0.000000  0.000000  0.000000  -6.754015  -0.879500  5.429476  62.875440  10.172848  -12.374713  37.471557  61.684250  -33.860074  26.322039  109.598340
0.717281  0.000000  0.000000  0.000000  -6.754015  -0.879500  9.715190  63.157971  6.353303  -14.339308  37.471557  61.684250  -33.860074  26.322039  109.598340
0.717916  0.000000  0.000000  0.000000  -6.754015  -0.879500  14.000904  63.307903  2.526460  -16.274889  37.471557  61.684250  -33.860074  26.322039  109.598340
0.718551  0.000000  0.000000  0.000000  -6.754015  -0.879500  18.286618  63.328462  -1.303245  -18.199080  37.471557  61.684250  -33.860074  26.322039  109.598340
0.719187  0.000000  0.000000  0.000000  -6.754015  -0.879500  22.572333  63.220068  -5.131477  -20.129137  37.471557  61.684250  -33.860074  26.322039  109.598340
0.719822  0.000000  0.000000  0.000000  -6.754015  -0.879500  26.858047  62.980408  -8.953843  -22.082518  37.471557  61.684250  -33.860074  26.322039  109.598340
0.720457  0.000000  0.000000  0.000000  -6.754015  -0.879500  31.143761  62.604323  -12.765763  -24.077373  37.471557  61.684250  -33.860074  26.322039  109.598340
0.721093  0.000000  0.000000  0.000000  -6.754015  -0.879500  35.429476  62.083537  -16.562254  -26.133252  37.471557  61.684250  -33.860074  26.322039  109.598340
0.721728  0.000000  0.000000  0.000000  -6.754015  -0.879500  39.715190  61.406342  -20.337781  -28.271657  37.471557  61.684250  -33.860074  26.322039  109.598340
0.722363  0.000000  0.000000  0.000000  -6.754015  -0.879500  44.000904  60.557029  -24.086001  -30.516871  37.471557  61.684250  -33.860074  26.322039  109.598340
0.722999  0.000000  0.000000  0.000000  -6.754015  -0.879500  48.286618  59.515183  -27.799471  -32.896877  37.471557  61.684250  -33.860074  26.322039  109.598340
0.723634  0.000000  0.000000  0.000000  -6.754015  -0.879500  52.572333  58.254692  -31.469287  -35.444445  37.471557  61.684250  -33.860074  26.322039  109.598340
0.724269  0.000000  0.000000  0.000000  -17.616637  1.406535  -7.427667  69.900594  34.690575  4.264116  36.447676  59.874536  -63.308278  26.395886  99.808132
0.724905  0.000000  0.000000  0.000000  -17.616637  1.406535  -3.141953  70.824695  30.653774  2.553445  36.447676  59.874536  -63.308278  26.395886  99.808132
0.725540  0.000000  0.000000  0.000000  -17.616637  1.406535  1.143761  71.578790  26.596379  0.980447  36.447676  59.874536  -63.308278  26.395886  99.808132
0.726175  0.000000  0.000000  0.000000  -17.616637  1.406535  5.429476  72.188076  22.522884  -0.484457  36.447676  59.874536  -63.308278  26.395886  99.808132
0.726811  0.000000  0.000000  0.000000  -17.616637  1.406535  9.715190  72.671484  18.436889  -1.865187  36.447676  59.874536  -63.308278  26.395886  99.808132
0.727446  0.000000  0.000000  0.000000  -17.616637  1.406535  14.000904  73.043199  14.341394  -3.181650  36.447676  59.874536  -63.308278  26.395886  99.808132
0.728081  0.000000  0.000000  0.000000  -17.616637  1.406535  18.286618  73.313528  10.238892  -4.450740  36.447676  59.874536  -63.308278  26.395886  99.808132
0.728717  0.000000  0.000000  0.000000  -17.616637  1.406535  22.572333  73.489700  6.131601  -5.687327  36.447676  59.874536  -63.308278  26.395886  99.808132
0.729352  0.000000  0.000000  0.000000  -17.616637  1.406535  26.858047  73.576321  2.021517  -6.904988  36.447676  59.874536  -63.308278  26.395886  99.808132
0.729987  0.000000  0.000000  0.000000  -17.616637  1.406535  31.143761  73.575603  -2.089473  -8.116488  36.447676  59.874536  -63.308278  26.395886  99.808132
0.730623  0.000000  0.000000  0.000000  -17.616637  1.406535  35.429476  73.487524  -6.199524  -9.334357  36.447676  59.874536  -63.308278  26.395886  99.808132
0.731258  0.000000  0.000000  0.000000  -17.616637  1.406535  39.715190  73.309835  -10.306755  -10.571379  36.447676  59.874536  -63.308278  26.395886  99.808132
0.731893  0.000000  0.000000  0.000000  -17.616637  1.406535  44.000904  73.037902  -14.409159  -11.841115  36.447676  59.874536  -63.308278  26.395886  99.808132
0.732529  0.000000  0.000000  0.000000  -17.616637  1.406535  48.286618  72.664448  -18.504527  -13.158478  36.447676  59.874536  -63.308278  26.395886  99.808132
0.733164  0.000000  0.000000  0.000000  -17.616637  1.406535  52.572333  72.179073  -22.590331  -14.540444  36.447676  59.874536  -63.308278  26.395886  99.808132
0.733799  0.000000  0.000000  0.000000  -15.103253  5.685669  -7.427667  61.577255  28.951207  5.044250  40.027811  57.434846  -30.946473  30.192496  95.209257
0.734435  0.000000  0.000000  0.000000  -15.103253  5.685669  -3.141953  62.602417  25.163451  2.792008  40.027811  57.434846  -30.946473  30.192496  95.209257
0.735070  0.000000  0.000000  0.000000  -15.103253  5.685669  1.143761  63.438307  21.343692  0.676155  40.027811  57.434846  -30.946473  30.192496  95.209257
0.735705  0.000000  0.000000  0.000000  -15.103253  5.685669  5.429476  64.106417  17.498796  -1.331790  40.027811  57.434846  -30.946473  30.192496  95.209257
0.736341  0.000000  0.000000  0.000000  -15.103253  5.685669  9.715190  64.623180  13.634563  -3.256192  40.027811  57.434846  -30.946473  30.192496  95.209257
0.736976  0.000000  0.000000  0.000000  -15.103253  5.685669  14.000904  65.000928  9.756002  -5.118470  40.027811  57.434846  -30.946473  30.192496  95.209257
0.737611  0.000000  0.000000  0.000000  -15.103253  5.685669  18.286618  65.248364  5.867564  -6.937767  40.027811  57.434846  -30.946473  30.192496  95.209257
0.738247  0.000000  0.000000  0.000000  -15.103253  5.685669  22.572333  65.371100  1.973331  -8.731819  40.027811  57.434846  -30.946473  30.192496  95.209257
0.738882  0.000000  0.000000  0.000000  -15.103253  5.685669  26.858047  65.371900  -1.922822  -10.517472  40.027811  57.434846  -30.946473  30.192496  95.209257
0.739517  0.000000  0.000000  0.000000  -15.103253  5.685669  31.143761  65.250745  -5.817100  -12.311310  40.027811  57.434846  -30.946473  30.192496  95.209257
0.740152  0.000000  0.000000  0.000000  -15.103253  5.685669  35.429476  65.004950  -9.705636  -14.130176  40.027811  57.434846  -30.946473  30.192496  95.209257
0.740788  0.000000  0.000000  0.000000  -15.103253  5.685669  39.715190  64.628946  -13.584354  -15.991769  40.027811  57.434846  -30.946473  30.192496  95.209257
0.741423  0.000000  0.000000  0.000000  -15.103253  5.685669  44.000904  64.114043  -17.448804  -17.915248  40.027811  57.434846  -30.946473  30.192496  95.209257
0.742058  0.000000  0.000000  0.000000  -15.103253  5.685669  48.286618  63.448003  -21.293984  -19.921945  40.027811  57.434846  -30.946473  30.192496  95.209257
0.742694  0.000000  0.000000  0.000000  -15.103253  5.685669  52.572333  62.614419  -25.114112  -22.036224  40.027811  57.434846  -30.946473  30.192496  95.209257
0.743329  0.000000  0.000000  0.000000  -7.363598  -9.204641  -7.427667  71.483525  23.272637  -7.596741  41.115757  48.291237  -63.409458  25.315628  102.484555
0.743964  0.000000  0.000000  0.000000  -7.363598  -9.204641  -3.141953  72.005511  19.202399  -9.036781  41.115757  48.291237  -63.409458  25.315628  102.484555
0.744600  0.000000  0.000000  0.000000  -7.363598  -9.204641  1.143761  72.410126  15.121462  -10.407086  41.115757  48.291237  -63.409458  25.315628  102.484555
0.745235  0.000000  0.000000  0.000000  -7.363598  -9.204641  5.429476  72.708630  11.032579  -11.725496  41.115757  48.291237  -63.409458  25.315628  102.484555
0.745870  0.000000  0.000000  0.000000  -7.363598  -9.204641  9.715190  72.909021  6.938165  -13.007659  41.115757  48.291237  -63.409458  25.315628  102.484555
0.746506  0.000000  0.000000  0.000000  -7.363598  -9.204641  14.000904  73.016482  2.840368  -14.267665  41.115757  48.291237  -63.409458  25.315628  102.484555
0.747141  0.000000  0.000000  0.000000  -7.363598  -9.204641  18.286618  73.033764  -1.258792  -15.518743  41.115757  48.291237  -63.409458  25.315628  102.484555
0.747776  0.000000  0.000000  0.000000  -7.363598  -9.204641  22.572333  72.961294  -5.357351  -16.773766  41.115757  48.291237  -63.409458  25.315628  102.484555
0.748412  0.000000  0.000000  0.000000  -7.363598  -9.204641  26.858047  72.797237  -9.453321  -18.045762  41.115757  48.291237  -63.409458  25.315628  102.484555
0.749047  0.000000  0.000000  0.000000  -7.363598  -9.204641  31.143761  72.537372  -13.544605  -19.348438  41.115757  48.291237  -63.409458  25.315628  102.484555
0.749682  0.000000  0.000000  0.000000  -7.363598  -9.204641  35.429476  72.174839  -17.628908  -20.696750  41.115757  48.291237  -63.409458  25.315628  102.484555
0.750318  0.000000  0.000000  0.000000  -7.363598  -9.204641  39.715190  71.699711  -21.703628  -22.107590  41.115757  48.291237  -63.409458  25.315628  102.484555
0.750953  0.000000  0.000000  0.000000  -7.363598  -9.204641  44.000904  71.098354  -25.765719  -23.600628  41.115757  48.291237  -63.409458  25.315628  102.484555
0.751588  0.000000  0.000000  0.000000  -7.363598  -9.204641  48.286618  70.352476  -29.811497  -25.199422  41.115757  48.291237  -63.409458  25.315628  102.484555
0.752224  0.000000  0.000000  0.000000  -7.363598  -9.204641  52.572333  69.437783  -33.836412  -26.932893  41.115757  48.291237  -63.409458  25.315628  102.484555
0.752859  0.000000  0.000000  0.000000  -3.076770  3.839903  -7.427667  66.385371  30.927418  5.919524  41.653869  69.984364  -38.066598  14.444347  104.519707
0.753494  0.000000  0.000000  0.000000  -3.076770  3.839903  -3.141953  67.318042  26.986324  3.994403  41.653869  69.984364  -38.066598  14.444347  104.519707
0.754130  0.000000  0.000000  0.000000  -3.076770  3.839903  1.143761  68.076933  23.020857  2.200147  41.653869  69.984364  -38.066598  14.444347  104.519707
0.754765  0.000000  0.000000  0.000000  -3.076770  3.839903  5.429476  68.684256  19.036326  0.508790  41.653869  69.984364  -38.066598  14.444347  104.519707
0.755400  0.000000  0.000000  0.000000  -3.076770  3.839903  9.715190  69.156815  15.037126  -1.103044  41.653869  69.984364  -38.066598  14.444347  104.519707
0.756036  0.000000  0.000000  0.000000  -3.076770  3.839903  14.000904  69.507100  11.026984  -2.655383  41.653869  69.984364  -38.066598  14.444347  104.519707
0.756671  0.000000  0.000000  0.000000  -3.076770  3.839903  18.286618  69.744012  7.009161  -4.165831  41.653869  69.984364  -38.066598  14.444347  104.519707
0.757306  0.000000  0.000000  0.000000  -3.076770  3.839903  22.572333  69.873433  2.986596  -5.650408  41.653869  69.984364  -38.066598  14.444347  104.519707
0.757942  0.000000  0.000000  0.000000  -3.076770  3.839903  26.858047  69.898510  -1.037954  -7.124131  41.653869  69.984364  -38.066598  14.444347  104.519707
0.758577  0.000000  0.000000  0.000000  -3.076770  3.839903  31.143761  69.819847  -5.061816  -8.601615  41.653869  69.984364  -38.066598  14.444347  104.519707
0.759212  0.000000  0.000000  0.000000  -3.076770  3.839903  35.429476  69.635539  -9.082289  -10.097616  41.653869  69.984364  -38.066598  14.444347  104.519707
0.759848  0.000000  0.000000  0.000000  -3.076770  3.839903  39.715190  69.341067  -13.096535  -11.627586  41.653869  69.984364  -38.066598  14.444347  104.519707
0.760483  0.000000  0.000000  0.000000  -3.076770  3.839903  44.000904  68.929040  -17.101465  -13.208275  41.653869  69.984364  -38.066598  14.444347  104.519707
0.761118  0.000000  0.000000  0.000000  -3.076770  3.839903  48.286618  68.388783  -21.093600  -14.858439  41.653869  69.984364  -38.066598  14.444347  104.519707
0.761753  0.000000  0.000000  0.000000  -3.076770  3.839903  52.572333  67.705692  -25.068897  -16.599696  41.653869  69.984364  -38.066598  14.444347  104.519707
0.762389  0.000000  0.000000  0.000000  -7.233929  -0.318688  -9.732752  58.711548  16.291550  3.207571  58.997322  54.454255  -37.317756  28.005221  93.731377
0.763024  0.000000  0.000000  0.000000  -7.233929  -0.318688  -5.447038  59.280862  12.617624  0.928238  58.997322  54.454255  -37.317756  28.005221  93.731377
0.763659  0.000000  0.000000  0.000000  -7.233929  -0.318688  -1.161324  59.695007  8.924917  -1.286348  58.997322  54.454255  -37.317756  28.005221  93.731377
0.764295  0.000000  0.000000  0.000000  -7.233929  -0.318688  3.124391  59.962361  5.219353  -3.456427  58.997322  54.454255  -37.317756  28.005221  93.731377
0.764930  0.000000  0.000000  0.000000  -7.233929  -0.318688  7.410105  60.088235  1.506439  -5.600966  58.997322  54.454255  -37.317756  28.005221  93.731377
0.765565  0.000000  0.000000  0.000000  -7.233929  -0.318688  11.695819  60.075131  -2.208580  -7.738196  58.997322  54.454255  -37.317756  28.005221  93.731377
0.766201  0.000000  0.000000  0.000000  -7.233929  -0.318688  15.981534  59.922786  -5.920514  -9.886149  58.997322  54.454255  -37.317756  28.005221  93.731377
0.766836  0.000000  0.000000  0.000000  -7.233929  -0.318688  20.267248  59.628179  -9.624070  -12.063174  58.997322  54.454255  -37.317756  28.005221  93.731377
0.767471  0.000000  0.000000  0.000000  -7.233929  -0.318688  24.552962  59.185449  -13.313703  -14.288387  58.997322  54.454255  -37.317756  28.005221  93.731377
0.768107  0.000000  0.000000  0.000000  -7.233929  -0.318688  28.838676  58.585597  -16.983367  -16.582372  58.997322  54.454255  -37.317756  28.005221  93.731377
0.768742  0.000000  0.000000  0.000000  -7.233929  -0.318688  33.124391  57.816221  -20.626354  -18.967653  58.997322  54.454255  -37.317756  28.005221  93.731377
0.769377  0.000000  0.000000  0.000000  -7.233929  -0.318688  37.410105  56.861016  -24.235007  -21.469463  58.997322  54.454255  -37.317756  28.005221  93.731377
0.770013  0.000000  0.000000  0.000000  -7.233929  -0.318688  41.695819  55.699169  -27.800390  -24.116525  58.997322  54.454255  -37.317756  28.005221  93.731377
0.770648  0.000000  0.000000  0.000000  -7.233929  -0.318688  45.981534  54.304590  -31.311915  -26.941938  58.997322  54.454255  -37.317756  28.005221  93.731377
0.771283  0.000000  0.000000  0.000000  -7.233929  -0.318688  50.267248  52.645096  -34.756829  -29.984195  58.997322  54.454255  -37.317756  28.005221  93.731377
0.771919  0.000000  0.000000  0.000000  -26.406818  -14.968015  -11.579101  72.830733  25.795444  -12.831021  24.034761  47.429563  -60.231024  24.801027  98.860269
0.772554  0.000000  0.000000  0.000000  -26.406818  -14.968015  -7.293387  73.378903  21.694502  -14.191446  24.034761  47.429563  -60.231024  24.801027  98.860269
0.773189  0.000000  0.000000  0.000000  -26.406818  -14.968015  -3.007673  73.811031  17.583080  -15.476326  24.034761  47.429563  -60.231024  24.801027  98.860269
0.773825  0.000000  0.000000  0.000000  -26.406818  -14.968015  1.278041  74.139794  13.463726  -16.703912  24.034761  47.429563  -60.231024  24.801027  98.860269
0.774460  0.000000  0.000000  0.000000  -26.406818  -14.968015  5.563756  74.374395  9.338626  -17.889875  24.034761  47.429563  -60.231024  24.801027  98.860269
0.775095  0.000000  0.000000  0.000000  -26.406818  -14.968015  9.849470  74.521139  5.209688  -19.048027  24.034761  47.429563  -60.231024  24.801027  98.860269
0.775731  0.000000  0.000000  0.000000  -26.406818  -14.968015  14.135184  74.583872  1.078657  -20.191022  24.034761  47.429563  -60.231024  24.801027  98.860269
0.776366  0.000000  0.000000  0.000000  -26.406818  -14.968015  18.420899  74.564222  -3.052800  -21.330913  24.034761  47.429563  -60.231024  24.801027  98.860269
0.777001  0.000000  0.000000  0.000000  -26.406818  -14.968015  22.706613  74.461681  -7.183040  -22.479621  24.034761  47.429563  -60.231024  24.801027  98.860269
0.777637  0.000000  0.000000  0.000000  -26.406818  -14.968015  26.992327  74.273585  -11.310374  -23.649416  24.034761  47.429563  -60.231024  24.801027  98.860269
0.778272  0.000000  0.000000  0.000000  -26.406818  -14.968015  31.278041  73.994941  -15.432981  -24.853453  24.034761  47.429563  -60.231024  24.801027  98.860269
0.778907  0.000000  0.000000  0.000000  -26.406818  -14.968015  35.563756  73.618125  -19.548832  -26.106331  24.034761  47.429563  -60.231024  24.801027  98.860269
0.779543  0.000000  0.000000  0.000000  -26.406818  -14.968015  39.849470  73.132371  -23.655587  -27.424837  24.034761  47.429563  -60.231024  24.801027  98.860269
0.780178  0.000000  0.000000  0.000000  -26.406818  -14.968015  44.135184  72.523037  -27.750477  -28.828829  24.034761  47.429563  -60.231024  24.801027  98.860269
0.780813  0.000000  0.000000  0.000000  -26.406818  -14.968015  48.420899  71.770491  -31.830077  -30.342506  24.034761  47.429563  -60.231024  24.801027  98.860269
0.781449  0.000000  0.000000  0.000000  -22.919254  4.331971  -11.579101  59.178408  23.937563  2.651926  24.472716  59.740930  -39.701523  16.961233  100.780951
0.782084  0.000000  0.000000  0.000000  -22.919254  4.331971  -7.293387  60.058461  20.239827  0.313098  24.472716  59.740930  -39.701523  16.961233  100.780951
0.782719  0.000000  0.000000  0.000000  -22.919254  4.331971  -3.007673  60.761811  16.512559  -1.916485  24.472716  59.740930  -39.701523  16.961233  100.780951
0.783355  0.000000  0.000000  0.000000  -22.919254  4.331971  1.278041  61.304161  12.762535  -4.061321  24.472716  59.740930  -39.701523  16.961233  100.780951
0.783990  0.000000  0.000000  0.000000  -22.919254  4.331971  5.563756  61.697363  8.995728  -6.143293  24.472716  59.740930  -39.701523  16.961233  100.780951
0.784625  0.000000  0.000000  0.000000  -22.919254  4.331971  9.849470  61.949776  5.217478  -8.182253  24.472716  59.740930  -39.701523  16.961233  100.780951
0.785260  0.000000  0.000000  0.000000  -22.919254  4.331971  14.135184  62.066698  1.432736  -10.196758  24.472716  59.740930  -39.701523  16.961233  100.780951
0.785896  0.000000  0.000000  0.000000  -22.919254  4.331971  18.420899  62.050549  -2.353771  -12.204605  24.472716  59.740930  -39.701523  16.961233  100.780951
0.786531  0.000000  0.000000  0.000000  -22.919254  4.331971  22.706613  61.900997  -6.137372  -14.223400  24.472716  59.740930  -39.701523  16.961233  100.780951
0.787166  0.000000  0.000000  0.000000  -22.919254  4.331971  26.992327  61.614934  -9.913304  -16.271076  24.472716  59.740930  -39.701523  16.961233  100.780951
0.787802  0.000000  0.000000  0.000000  -22.919254  4.331971  31.278041  61.186343  -13.676539  -18.366449  24.472716  59.740930  -39.701523  16.961233  100.780951
0.788437  0.000000  0.000000  0.000000  -22.919254  4.331971  35.563756  60.606051  -17.421600  -20.529806  24.472716  59.740930  -39.701523  16.961233  100.780951
0.789072  0.000000  0.000000  0.000000  -22.919254  4.331971  39.849470  59.861336  -21.142354  -22.783571  24.472716  59.740930  -39.701523  16.961233  100.780951
0.789708  0.000000  0.000000  0.000000  -22.919254  4.331971  44.135184  58.935400  -24.831756  -25.153084  24.472716  59.740930  -39.701523  16.961233  100.780951
0.790343  0.000000  0.000000  0.000000  -22.919254  4.331971  48.420899  57.806608  -28.481519  -27.667499  24.472716  59.740930  -39.701523  16.961233  100.780951
0.790978  0.000000  0.000000  0.000000  2.151275  -4.501380  -11.579101  61.596529  26.898450  -0.586406  43.228046  55.350235  -57.252978  20.926559  106.406265
0.791614  0.000000  0.000000  0.000000  2.151275  -4.501380  -7.293387  62.533398  23.111592  -2.801394  43.228046  55.350235  -57.252978  20.926559  106.406265
0.792249  0.000000  0.000000  0.000000  2.151275  -4.501380  -3.007673  63.290852  19.295529  -4.894262  43.228046  55.350235  -57.252978  20.926559  106.406265
0.792884  0.000000  0.000000  0.000000  2.151275  -4.501380  1.278041  63.887649  15.456703  -6.891343  43.228046  55.350235  -57.252978  20.926559  106.406265
0.793520  0.000000  0.000000  0.000000  2.151275  -4.501380  5.563756  64.338087  11.600676  -8.815541  43.228046  55.350235  -57.252978  20.926559  106.406265
0.794155  0.000000  0.000000  0.000000  2.151275  -4.501380  9.849470  64.652554  7.732255  -10.687126  43.228046  55.350235  -57.252978  20.926559  106.406265
0.794790  0.000000  0.000000  0.000000  2.151275  -4.501380  14.135184  64.838176  3.855832  -12.524629  43.228046  55.350235  -57.252978  20.926559  106.406265
0.795426  0.000000  0.000000  0.000000  2.151275  -4.501380  18.420899  64.899082  -0.024507  -14.345421  43.228046  55.350235  -57.252978  20.926559  106.406265
0.796061  0.000000  0.000000  0.000000  2.151275  -4.501380  22.706613  64.836607  -3.904825  -16.166318  43.228046  55.350235  -57.252978  20.926559  106.406265
0.796696  0.000000  0.000000  0.000000  2.151275  -4.501380  26.992327  64.649397  -7.781169  -18.004149  43.228046  55.350235  -57.252978  20.926559  106.406265
0.797332  0.000000  0.000000  0.000000  2.151275  -4.501380  31.278041  64.333263  -11.649462  -19.876278  43.228046  55.350235  -57.252978  20.926559  106.406265
0.797967  0.000000  0.000000  0.000000  2.151275  -4.501380  35.563756  63.881061  -15.505316  -21.801251  43.228046  55.350235  -57.252978  20.926559  106.406265
0.798602  0.000000  0.000000  0.000000  2.151275  -4.501380  39.849470  63.282323  -19.343878  -23.799400  43.228046  55.350235  -57.252978  20.926559  106.406265
0.799238  0.000000  0.000000  0.000000  2.151275  -4.501380  44.135184  62.522736  -23.159614  -25.893633  43.228046  55.350235  -57.252978  20.926559  106.406265
0.799873  0.000000  0.000000  0.000000  2.151275  -4.501380  48.420899  61.583451  -26.946054  -28.110362  43.228046  55.350235  -57.252978  20.926559  106.406265
0.800508  0.000000  0.000000  0.000000  -17.746539  2.783243  -11.579101  61.244379  22.459535  2.709626  34.313751  48.235748  -46.127655  30.664838  101.146284
0.801144  0.000000  0.000000  0.000000  -17.746539  2.783243  -7.293387  62.009194  18.688178  0.534635  34.313751  48.235748  -46.127655  30.664838  101.146284
0.801779  0.000000  0.000000  0.000000  -17.746539  2.783243  -3.007673  62.610398  14.892858  -1.545209  34.313751  48.235748  -46.127655  30.664838  101.146284
0.802414  0.000000  0.000000  0.000000  -17.746539  2.783243  1.278041  63.061829  11.079441  -3.552791  34.313751  48.235748  -46.127655  30.664838  101.146284
0.803050  0.000000  0.000000  0.000000  -17.746539  2.783243  5.563756  63.373584  7.253100  -5.508558  34.313751  48.235748  -46.127655  30.664838  101.146284
0.803685  0.000000  0.000000  0.000000  -17.746539  2.783243  9.849470  63.552502  3.418539  -7.431283  34.313751  48.235748  -46.127655  30.664838  101.146284
0.804320  0.000000  0.000000  0.000000  -17.746539  2.783243  14.135184  63.602442  -0.419830  -9.338668  34.313751  48.235748  -46.127655  30.664838  101.146284
0.804956  0.000000  0.000000  0.000000  -17.746539  2.783243  18.420899  63.524477  -4.257733  -11.247929  34.313751  48.235748  -46.127655  30.664838  101.146284
0.805591  0.000000  0.000000  0.000000  -17.746539  2.783243  22.706613  63.316933  -8.090879  -13.176346  34.313751  48.235748  -46.127655  30.664838  101.146284
0.806226  0.000000  0.000000  0.000000  -17.746539  2.783243  26.992327  62.975320  -11.914810  -15.141789  34.313751  48.235748  -46.127655  30.664838  101.146284
0.806861  0.000000  0.000000  0.000000  -17.746539  2.783243  31.278041  62.492117  -15.724732  -17.163353  34.313751  48.235748  -46.127655  30.664838  101.146284
0.807497  0.000000  0.000000  0.000000  -17.746539  2.783243  35.563756  61.856450  -19.515339  -19.261955  34.313751  48.235748  -46.127655  30.664838  101.146284
0.808132  0.000000  0.000000  0.000000  -17.746539  2.783243  39.849470  61.053580  -23.280585  -21.461116  34.313751  48.235748  -46.127655  30.664838  101.146284
0.808767  0.000000  0.000000  0.000000  -17.746539  2.783243  44.135184  60.064224  -27.013407  -23.787851  34.313751  48.235748  -46.127655  30.664838  101.146284
0.809403  0.000000  0.000000  0.000000  -17.746539  2.783243  48.420899  58.863611  -30.705381  -26.273731  34.313751  48.235748  -46.127655  30.664838  101.146284
0.810038  0.000000  0.000000  0.000000  -7.356584  1.431045  -12.968664  59.608388  24.060297  -0.692875  51.368762  39.314656  -60.524637  16.493511  107.589550
0.810673  0.000000  0.000000  0.000000  -7.356584  1.431045  -8.682950  60.482229  20.346525  -3.003796  51.368762  39.314656  -60.524637  16.493511  107.589550
0.811309  0.000000  0.000000  0.000000  -7.356584  1.431045  -4.397236  61.180467  16.603810  -5.205719  51.368762  39.314656  -60.524637  16.493511  107.589550
0.811944  0.000000  0.000000  0.000000  -7.356584  1.431045  -0.111521  61.718878  12.838801  -7.323126  51.368762  39.314656  -60.524637  16.493511  107.589550
0.812579  0.000000  0.000000  0.000000  -7.356584  1.431045  4.174193  62.109364  9.057348  -9.377854  51.368762  39.314656  -60.524637  16.493511  107.589550
0.813215  0.000000  0.000000  0.000000  -7.356584  1.431045  8.459907  62.360315  5.264678  -11.389675  51.368762  39.314656  -60.524637  16.493511  107.589550
0.813850  0.000000  0.000000  0.000000  -7.356584  1.431045  12.745621  62.477053  1.465633  -13.377059  51.368762  39.314656  -60.524637  16.493511  107.589550
0.814485  0.000000  0.000000  0.000000  -7.356584  1.431045  17.031336  62.462010  -2.335169  -15.357694  51.368762  39.314656  -60.524637  16.493511  107.589550
0.815121  0.000000  0.000000  0.000000  -7.356584  1.431045  21.317050  62.314884  -6.133166  -17.349086  51.368762  39.314656  -60.524637  16.493511  107.589550
0.815756  0.000000  0.000000  0.000000  -7.356584  1.431045  25.602764  62.032582  -9.923706  -19.369058  51.368762  39.314656  -60.524637  16.493511  107.589550
0.816391  0.000000  0.000000  0.000000  -7.356584  1.431045  29.888479  61.609110  -13.701875  -21.436320  51.368762  39.314656  -60.524637  16.493511  107.589550
0.817027  0.000000  0.000000  0.000000  -7.356584  1.431045  34.174193  61.035306  -17.462321  -23.571061  51.368762  39.314656  -60.524637  16.493511  107.589550
0.817662  0.000000  0.000000  0.000000  -7.356584  1.431045  38.459907  60.298453  -21.199044  -25.795628  51.368762  39.314656  -60.524637  16.493511  107.589550
0.818297  0.000000  0.000000  0.000000  -7.356584  1.431045  42.745621  59.381726  -24.905144  -28.135308  51.368762  39.314656  -60.524637  16.493511  107.589550
0.818933  0.000000  0.000000  0.000000  -7.356584  1.431045  47.031336  58.263426  -28.572496  -30.619254  51.368762  39.314656  -60.524637  16.493511  107.589550
0.819568  0.000000  0.000000  0.000000  1.192087  -2.967634  -12.968664  70.967740  38.340375  0.271336  63.130859  64.098135  -36.514979  27.059669  94.476484
0.820203  0.000000  0.000000  0.000000  1.192087  -2.967634  -8.682950  71.969104  34.276528  -1.418633  63.130859  64.098135  -36.514979  27.059669  94.476484
0.820839  0.000000  0.000000  0.000000  1.192087  -2.967634  -4.397236  72.787597  30.191635  -2.952132  63.130859  64.098135  -36.514979  27.059669  94.476484
0.821474  0.000000  0.000000  0.000000  1.192087  -2.967634  -0.111521  73.453514  26.090327  -4.363070  63.130859  64.098135  -36.514979  27.059669  94.476484
0.822109  0.000000  0.000000  0.000000  1.192087  -2.967634  4.174193  73.989450  21.976231  -5.678121  63.130859  64.098135  -36.514979  27.059669  94.476484
0.822745  0.000000  0.000000  0.000000  1.192087  -2.967634  8.459907  74.412370  17.852250  -6.918917  63.130859  64.098135  -36.514979  27.059669  94.476484
0.823380  0.000000  0.000000  0.000000  1.192087  -2.967634  12.745621  74.734819  13.720785  -8.103348  63.130859  64.098135  -36.514979  27.059669  94.476484
0.824015  0.000000  0.000000  0.000000  1.192087  -2.967634  17.031336  74.965903  9.583874  -9.246701  63.130859  64.098135  -36.514979  27.059669  94.476484
0.824651  0.000000  0.000000  0.000000  1.192087  -2.967634  21.317050  75.111899  5.443310  -10.362453  63.130859  64.098135  -36.514979  27.059669  94.476484
0.825286  0.000000  0.000000  0.000000  1.192087  -2.967634  25.602764  75.176667  1.300719  -11.462917  63.130859  64.098135  -36.514979  27.059669  94.476484
0.825921  0.000000  0.000000  0.000000  1.192087  -2.967634  29.888479  75.161900  -2.842341  -12.559761  63.130859  64.098135  -36.514979  27.059669  94.476484
0.826557  0.000000  0.000000  0.000000  1.192087  -2.967634  34.174193  75.067215  -6.984369  -13.664531  63.130859  64.098135  -36.514979  27.059669  94.476484
0.827192  0.000000  0.000000  0.000000  1.192087  -2.967634  38.459907  74.890135  -11.123774  -14.789065  63.130859  64.098135  -36.514979  27.059669  94.476484
0.827827  0.000000  0.000000  0.000000  1.192087  -2.967634  42.745621  74.625926  -15.258879  -15.946047  63.130859  64.098135  -36.514979  27.059669  94.476484
0.828463  0.000000  0.000000  0.000000  1.192087  -2.967634  47.031336  74.267322  -19.387813  -17.149545  63.130859  64.098135  -36.514979  27.059669  94.476484
0.829098  0.000000  0.000000  0.000000  -12.867970  -3.999493  -12.968664  66.066997  32.575615  -3.547287  61.263071  57.660114  -62.718885  24.833769  107.238403
0.829733  0.000000  0.000000  0.000000  -12.867970  -3.999493  -8.682950  67.075614  28.642784  -5.526832  61.263071  57.660114  -62.718885  24.833769  107.238403
0.830368  0.000000  0.000000  0.000000  -12.867970  -3.999493  -4.397236  67.899972  24.683275  -7.362654  61.263071  57.660114  -62.718885  24.833769  107.238403
0.831004  0.000000  0.000000  0.000000  -12.867970  -3.999493  -0.111521  68.564890  20.702828  -9.085003  61.263071  57.660114  -62.718885  24.833769  107.238403
0.831639  0.000000  0.000000  0.000000  -12.867970  -3.999493  4.174193  69.089217  16.706138  -10.718923  61.263071  57.660114  -62.718885  24.833769  107.238403
0.832274  0.000000  0.000000  0.000000  -12.867970  -3.999493  8.459907  69.487094  12.697146  -12.285635  61.263071  57.660114  -62.718885  24.833769  107.238403
0.832910  0.000000  0.000000  0.000000  -12.867970  -3.999493  12.745621  69.768812  8.679259  -13.803592  61.263071  57.660114  -62.718885  24.833769  107.238403
0.833545  0.000000  0.000000  0.000000  -12.867970  -3.999493  17.031336  69.941409  4.655485  -15.289301  61.263071  57.660114  -62.718885  24.833769  107.238403
0.834180  0.000000  0.000000  0.000000  -12.867970  -3.999493  21.317050  70.009176  0.628653  -16.758103  61.263071  57.660114  -62.718885  24.833769  107.238403
0.834816  0.000000  0.000000  0.000000  -12.867970  -3.999493  25.602764  69.973705  -3.398601  -18.224632  61.263071  57.660114  -62.718885  24.833769  107.238403
0.835451  0.000000  0.000000  0.000000  -12.867970  -3.999493  29.888479  69.834156  -7.423616  -19.703474  61.263071  57.660114  -62.718885  24.833769  107.238403
0.836086  0.000000  0.000000  0.000000  -12.867970  -3.999493  34.174193  69.587119  -11.443651  -21.209658  61.263071  57.660114  -62.718885  24.833769  107.238403
0.836722  0.000000  0.000000  0.000000  -12.867970  -3.999493  38.459907  69.226449  -15.455764  -22.759269  61.263071  57.660114  -62.718885  24.833769  107.238403
0.837357  0.000000  0.000000  0.000000  -12.867970  -3.999493  42.745621  68.742920  -19.456687  -24.370076  61.263071  57.660114  -62.718885  24.833769  107.238403
0.837992  0.000000  0.000000  0.000000  -12.867970  -3.999493  47.031336  68.123675  -23.442668  -26.062333  61.263071  57.660114  -62.718885  24.833769  107.238403
0.838628  0.000000  0.000000  0.000000  -6.386027  -5.815748  -12.968664  64.639342  28.720818  -2.953336  51.622232  41.462323  -33.339742  27.532173  101.337525
0.839263  0.000000  0.000000  0.000000  -6.386027  -5.815748  -8.682950  65.550529  24.833198  -4.974528  51.622232  41.462323  -33.339742  27.532173  101.337525
0.839898  0.000000  0.000000  0.000000  -6.386027  -5.815748  -4.397236  66.288694  20.920067  -6.872103  51.622232  41.462323  -33.339742  27.532173  101.337525
0.840534  0.000000  0.000000  0.000000  -6.386027  -5.815748  -0.111521  66.873930  16.987036  -8.672743  51.622232  41.462323  -33.339742  27.532173  101.337525
0.841169  0.000000  0.000000  0.000000  -6.386027  -5.815748  4.174193  67.321447  13.038868  -10.399187  51.622232  41.462323  -33.339742  27.532173  101.337525
0.841804  0.000000  0.000000  0.000000  -6.386027  -5.815748  8.459907  67.642401  9.079617  -12.071238  51.622232  41.462323  -33.339742  27.532173  101.337525
0.842440  0.000000  0.000000  0.000000  -6.386027  -5.815748  12.745621  67.844569  5.112927  -13.706668  51.622232  41.462323  -33.339742  27.532173  101.337525
0.843075  0.000000  0.000000  0.000000  -6.386027  -5.815748  17.031336  67.932754  1.142146  -15.321927  51.622232  41.462323  -33.339742  27.532173  101.337525
0.843710  0.000000  0.000000  0.000000  -6.386027  -5.815748  21.317050  67.909029  -2.829549  -16.932722  51.622232  41.462323  -33.339742  27.532173  101.337525
0.844346  0.000000  0.000000  0.000000  -6.386027  -5.815748  25.602764  67.772811  -6.798979  -18.554605  51.622232  41.462323  -33.339742  27.532173  101.337525
0.844981  0.000000  0.000000  0.000000  -6.386027  -5.815748  29.888479  67.520925  -10.762930  -20.203523  51.622232  41.462323  -33.339742  27.532173  101.337525
0.845616  0.000000  0.000000  0.000000  -6.386027  -5.815748  34.174193  67.147337  -14.717944  -21.896405  51.622232  41.462323  -33.339742  27.532173  101.337525
0.846252  0.000000  0.000000  0.000000  -6.386027  -5.815748  38.459907  66.642890  -18.660213  -23.651802  51.622232  41.462323  -33.339742  27.532173  101.337525
0.846887  0.000000  0.000000  0.000000  -6.386027  -5.815748  42.745621  65.994792  -22.585405  -25.490652  51.622232  41.462323  -33.339742  27.532173  101.337525
0.847522  0.000000  0.000000  0.000000  -6.386027  -5.815748  47.031336  65.185889  -26.488444  -27.437217  51.622232  41.462323  -33.339742  27.532173  101.337525
0.848158  0.000000  0.000000  0.000000  1.233933  -1.966461  -13.981303  55.273096  18.979147  -4.173740  45.466244  43.083627  -21.365504  31.412060  96.867008
0.848793  0.000000  0.000000  0.000000  1.233933  -1.966461  -9.695588  56.022506  15.440328  -6.705043  45.466244  43.083627  -21.365504  31.412060  96.867008
0.849428  0.000000  0.000000  0.000000  1.233933  -1.966461  -5.409874  56.600388  11.873778  -9.151019  45.466244  43.083627  -21.365504  31.412060  96.867008
0.850064  0.000000  0.000000  0.000000  1.233933  -1.966461  -1.124160  57.017660  8.286751  -11.533553  45.466244  43.083627  -21.365504  31.412060  96.867008
0.850699  0.000000  0.000000  0.000000  1.233933  -1.966461  3.161555  57.282098  4.685846  -13.872903  45.466244  43.083627  -21.365504  31.412060  96.867008
0.851334  0.000000  0.000000  0.000000  1.233933  -1.966461  7.447269  57.398561  1.077256  -16.188227  45.466244  43.083627  -21.365504  31.412060  96.867008
0.851970  0.000000  0.000000  0.000000  1.233933  -1.966461  11.732983  57.369197  -2.533092  -18.498063  45.466244  43.083627  -21.365504  31.412060  96.867008
0.852605  0.000000  0.000000  0.000000  1.233933  -1.966461  16.018697  57.193466  -6.139309  -20.820823  45.466244  43.083627  -21.365504  31.412060  96.867008
0.853240  0.000000  0.000000  0.000000  1.233933  -1.966461  20.304412  56.868140  -9.735376  -23.175233  45.466244  43.083627  -21.365504  31.412060  96.867008
0.853875  0.000000  0.000000  0.000000  1.233933  -1.966461  24.590126  56.387203  -13.314970  -25.580835  45.466244  43.083627  -21.365504  31.412060  96.867008
0.854511  0.000000  0.000000  0.000000  1.233933  -1.966461  28.875840  55.741647  -16.871255  -28.058476  45.466244  43.083627  -21.365504  31.412060  96.867008
0.855146  0.000000  0.000000  0.000000  1.233933  -1.966461  33.161555  54.919202  -20.396657  -30.630852  45.466244  43.083627  -21.365504  31.412060  96.867008
0.855781  0.000000  0.000000  0.000000  1.233933  -1.966461  37.447269  53.903960  -23.882566  -33.323115  45.466244  43.083627  -21.365504  31.412060  96.867008
0.856417  0.000000  0.000000  0.000000  1.233933  -1.966461  41.732983  52.675889  -27.319053  -36.163490  45.466244  43.083627  -21.365504  31.412060  96.867008
0.857052  0.000000  0.000000  0.000000  1.233933  -1.966461  46.018697  51.210322  -30.694495  -39.183961  45.466244  43.083627  -21.365504  31.412060  96.867008
0.857687  0.000000  0.000000  0.000000  -23.717237  -15.484818  -13.981303  68.408278  23.341072  -8.943248  60.478448  57.027958  -52.798689  22.616368  105.001265
0.858323  0.000000  0.000000  0.000000  -23.717237  -15.484818  -9.695588  69.016581  19.347471  -10.613420  60.478448  57.027958  -52.798689  22.616368  105.001265
0.858958  0.000000  0.000000  0.000000  -23.717237  -15.484818  -5.409874  69.490910  15.339380  -12.203537  60.478448  57.027958  -52.798689  22.616368  105.001265
0.859593  0.000000  0.000000  0.000000  -23.717237  -15.484818  -1.124160  69.843917  11.320457  -13.733610  60.478448  57.027958  -52.798689  22.616368  105.001265
0.860229  0.000000  0.000000  0.000000  -23.717237  -15.484818  3.161555  70.084664  7.293888  -15.221203  60.478448  57.027958  -52.798689  22.616368  105.001265
0.860864  0.000000  0.000000  0.000000  -23.717237  -15.484818  7.447269  70.219156  3.262543  -16.682216  60.478448  57.027958  -52.798689  22.616368  105.001265
0.861499  0.000000  0.000000  0.000000  -23.717237  -15.484818  11.732983  70.250688  -0.770902  -18.131535  60.478448  57.027958  -52.798689  22.616368  105.001265
0.862135  0.000000  0.000000  0.000000  -23.717237  -15.484818  16.018697  70.180027  -4.803853  -19.583607  60.478448  57.027958  -52.798689  22.616368  105.001265
0.862770  0.000000  0.000000  0.000000  -23.717237  -15.484818  20.304412  70.005445  -8.833692  -21.052992  60.478448  57.027958  -52.798689  22.616368  105.001265
0.863405  0.000000  0.000000  0.000000  -23.717237  -15.484818  24.590126  69.722662  -12.857697  -22.554858  60.478448  57.027958  -52.798689  22.616368  105.001265
0.864041  0.000000  0.000000  0.000000  -23.717237  -15.484818  28.875840  69.324532  -16.872878  -24.105693  60.478448  57.027958  -52.798689  22.616368  105.001265
0.864676  0.000000  0.000000  0.000000  -23.717237  -15.484818  33.161555  68.800704  -20.875892  -25.723886  60.478448  57.027958  -52.798689  22.616368  105.001265
0.865311  0.000000  0.000000  0.000000  -23.717237  -15.484818  37.447269  68.136967  -24.862858  -27.430627  60.478448  57.027958  -52.798689  22.616368  105.001265
0.865947  0.000000  0.000000  0.000000  -23.717237  -15.484818  41.732983  67.314363  -28.829138  -29.250971  60.478448  57.027958  -52.798689  22.616368  105.001265
0.866582  0.000000  0.000000  0.000000  -23.717237  -15.484818  46.018697  66.307932  -32.769056  -31.215242  60.478448  57.027958  -52.798689  22.616368  105.001265
0.867217  0.000000  0.000000  0.000000  -10.440037  -14.434738  -13.981303  66.062743  22.461466  -7.212498  45.020008  52.935721  -30.727457  25.640450  102.533429
0.867853  0.000000  0.000000  0.000000  -10.440037  -14.434738  -9.695588  66.704893  18.534327  -9.045091  45.020008  52.935721  -30.727457  25.640450  102.533429
0.868488  0.000000  0.000000  0.000000  -10.440037  -14.434738  -5.409874  67.204068  14.590317  -10.795064  45.020008  52.935721  -30.727457  25.640450  102.533429
0.869123  0.000000  0.000000  0.000000  -10.440037  -14.434738  -1.124160  67.572928  10.633741  -12.483252  45.020008  52.935721  -30.727457  25.640450  102.533429
0.869759  0.000000  0.000000  0.000000  -10.440037  -14.434738  3.161555  67.820505  6.668374  -14.128109  45.020008  52.935721  -30.727457  25.640450  102.533429
0.870394  0.000000  0.000000  0.000000  -10.440037  -14.434738  7.447269  67.952719  2.697649  -15.746505  45.020008  52.935721  -30.727457  25.640450  102.533429
0.871029  0.000000  0.000000  0.000000  -10.440037  -14.434738  11.732983  67.972695  -1.275211  -17.354351  45.020008  52.935721  -30.727457  25.640450  102.533429
0.871665  0.000000  0.000000  0.000000  -10.440037  -14.434738  16.018697  67.880886  -5.247064  -18.967174  45.020008  52.935721  -30.727457  25.640450  102.533429
0.872300  0.000000  0.000000  0.000000  -10.440037  -14.434738  20.304412  67.675134  -9.214724  -20.600698  45.020008  52.935721  -30.727457  25.640450  102.533429
0.872935  0.000000  0.000000  0.000000  -10.440037  -14.434738  24.590126  67.350578  -13.174868  -22.271329  45.020008  52.935721  -30.727457  25.640450  102.533429
0.873571  0.000000  0.000000  0.000000  -10.440037  -14.434738  28.875840  66.899318  -17.123841  -23.996926  45.020008  52.935721  -30.727457  25.640450  102.533429
0.874206  0.000000  0.000000  0.000000  -10.440037  -14.434738  33.161555  66.310069  -21.057554  -25.797360  45.020008  52.935721  -30.727457  25.640450  102.533429
0.874841  0.000000  0.000000  0.000000  -10.440037  -14.434738  37.447269  65.567502  -24.971279  -27.695459  45.020008  52.935721  -30.727457  25.640450  102.533429
0.875476  0.000000  0.000000  0.000000  -10.440037  -14.434738  41.732983  64.651337  -28.859344  -29.718019  45.020008  52.935721  -30.727457  25.640450  102.533429
0.876112  0.000000  0.000000  0.000000  -10.440037  -14.434738  46.018697  63.535156  -32.714895  -31.897260  45.020008  52.935721  -30.727457  25.640450  102.533429
0.876747  0.000000  0.000000  0.000000  -13.728893  -8.217111  -13.981303  70.195753  33.903022  -1.697267  25.891340  37.026385  -53.305562  30.079631  108.035289
0.877382  0.000000  0.000000  0.000000  -13.728893  -8.217111  -9.695588  71.079948  29.859367  -3.370235  25.891340  37.026385  -53.305562  30.079631  108.035289
0.878018  0.000000  0.000000  0.000000  -13.728893  -8.217111  -5.409874  71.800355  25.796273  -4.912427  25.891340  37.026385  -53.305562  30.079631  108.035289
0.878653  0.000000  0.000000  0.000000  -13.728893  -8.217111  -1.124160  72.380722  21.717997  -6.352064  25.891340  37.026385  -53.305562  30.079631  108.035289
0.879288  0.000000  0.000000  0.000000  -13.728893  -8.217111  3.161555  72.838885  17.627973  -7.712084  25.891340  37.026385  -53.305562  30.079631  108.035289
0.879924  0.000000  0.000000  0.000000  -13.728893  -8.217111  7.447269  73.188123  13.529046  -9.011616  25.891340  37.026385  -53.305562  30.079631  108.035289
0.880559  0.000000  0.000000  0.000000  -13.728893  -8.217111  11.732983  73.438087  9.423645  -10.267072  25.891340  37.026385  -53.305562  30.079631  108.035289
0.881194  0.000000  0.000000  0.000000  -13.728893  -8.217111  16.018697  73.595412  5.313902  -11.492931  25.891340  37.026385  -53.305562  30.079631  108.035289
0.881830  0.000000  0.000000  0.000000  -13.728893  -8.217111  20.304412  73.664188  1.201776  -12.702518  25.891340  37.026385  -53.305562  30.079631  108.035289
0.882465  0.000000  0.000000  0.000000  -13.728893  -8.217111  24.590126  73.646209  -2.910889  -13.908465  25.891340  37.026385  -53.305562  30.079631  108.035289
0.883100  0.000000  0.000000  0.000000  -13.728893  -8.217111  28.875840  73.540959  -7.022250  -15.123269  25.891340  37.026385  -53.305562  30.079631  108.035289
0.883736  0.000000  0.000000  0.000000  -13.728893  -8.217111  33.161555  73.345770  -11.130434  -16.359759  25.891340  37.026385  -53.305562  30.079631  108.035289
0.884371  0.000000  0.000000  0.000000  -13.728893  -8.217111  37.447269  73.055520  -15.233418  -17.631671  25.891340  37.026385  -53.305562  30.079631  108.035289
0.885006  0.000000  0.000000  0.000000  -13.728893  -8.217111  41.732983  72.662377  -19.328959  -18.954213  25.891340  37.026385  -53.305562  30.079631  108.035289
0.885642  0.000000  0.000000  0.000000  -13.728893  -8.217111  46.018697  72.155275  -23.414473  -20.344809  25.891340  37.026385  -53.305562  30.079631  108.035289
0.886277  0.000000  0.000000  0.000000  -4.072339  -4.093016  -14.779692  61.282599  28.613551  -4.897405  27.241037  47.851206  -47.659602  21.583420  90.019791
0.886912  0.000000  0.000000  0.000000  -4.072339  -4.093016  -10.493978  62.302997  24.836242  -7.164981  27.241037  47.851206  -47.659602  21.583420  90.019791
0.887548  0.000000  0.000000  0.000000  -4.072339  -4.093016  -6.208263  63.134465  21.026767  -9.297569  27.241037  47.851206  -47.659602  21.583420  90.019791
0.888183  0.000000  0.000000  0.000000  -4.072339  -4.093016  -1.922549  63.798110  17.192038  -11.323403  27.241037  47.851206  -47.659602  21.583420  90.019791
0.888818  0.000000  0.000000  0.000000  -4.072339  -4.093016  2.363165  64.310076  13.337910  -13.266702  27.241037  47.851206  -47.659602  21.583420  90.019791
0.889454  0.000000  0.000000  0.000000  -4.072339  -4.093016  6.648880  64.682457  9.469455  -15.148818  27.241037  47.851206  -47.659602  21.583420  90.019791
0.890089  0.000000  0.000000  0.000000  -4.072339  -4.093016  10.934594  64.923754  5.591188  -16.988891  27.241037  47.851206  -47.659602  21.583420  90.019791
0.890724  0.000000  0.000000  0.000000  -4.072339  -4.093016  15.220308  65.039408  1.707276  -18.804694  27.241037  47.851206  -47.659602  21.583420  90.019791
0.891360  0.000000  0.000000  0.000000  -4.072339  -4.093016  19.506022  65.031972  -2.178363  -20.613165  27.241037  47.851206  -47.659602  21.583420  90.019791
0.891995  0.000000  0.000000  0.000000  -4.072339  -4.093016  23.791737  64.901271  -6.061806  -22.431002  27.241037  47.851206  -47.659602  21.583420  90.019791
0.892630  0.000000  0.000000  0.000000  -4.072339  -4.093016  28.077451  64.644424  -9.939107  -24.275210  27.241037  47.851206  -47.659602  21.583420  90.019791
0.893266  0.000000  0.000000  0.000000  -4.072339  -4.093016  32.363165  64.255643  -13.806077  -26.163681  27.241037  47.851206  -47.659602  21.583420  90.019791
0.893901  0.000000  0.000000  0.000000  -4.072339  -4.093016  36.648880  63.725994  -17.658136  -28.115812  27.241037  47.851206  -47.659602  21.583420  90.019791
0.894536  0.000000  0.000000  0.000000  -4.072339  -4.093016  40.934594  63.042962  -21.490132  -30.153213  27.241037  47.851206  -47.659602  21.583420  90.019791
0.895172  0.000000  0.000000  0.000000  -4.072339  -4.093016  45.220308  62.189825  -25.296101  -32.300572  27.241037  47.851206  -47.659602  21.583420  90.019791
0.895807  0.000000  0.000000  0.000000  -13.264943  -1.912818  -14.779692  68.234677  40.305791  -0.595742  63.357026  48.916209  -38.607916  31.677582  97.636006
0.896442  0.000000  0.000000  0.000000  -13.264943  -1.912818  -10.493978  69.457031  36.308403  -2.566353  63.357026  48.916209  -38.607916  31.677582  97.636006
0.897078  0.000000  0.000000  0.000000  -13.264943  -1.912818  -6.208263  70.459255  32.281848  -4.343857  63.357026  48.916209  -38.607916  31.677582  97.636006
0.897713  0.000000  0.000000  0.000000  -13.264943  -1.912818  -1.922549  71.278970  28.232514  -5.969570  63.357026  48.916209  -38.607916  31.677582  97.636006
0.898348  0.000000  0.000000  0.000000  -13.264943  -1.912818  2.363165  71.944495  24.165368  -7.476004  63.357026  48.916209  -38.607916  31.677582  97.636006
0.898983  0.000000  0.000000  0.000000  -13.264943  -1.912818  6.648880  72.477061  20.084335  -8.889121  63.357026  48.916209  -38.607916  31.677582  97.636006
0.899619  0.000000  0.000000  0.000000  -13.264943  -1.912818  10.934594  72.892673  15.992653  -10.230341  63.357026  48.916209  -38.607916  31.677582  97.636006
0.900254  0.000000  0.000000  0.000000  -13.264943  -1.912818  15.220308  73.203052  11.892979  -11.517600  63.357026  48.916209  -38.607916  31.677582  97.636006
0.900889  0.000000  0.000000  0.000000  -13.264943  -1.912818  19.506022  73.416649  7.787654  -12.766551  63.357026  48.916209  -38.607916  31.677582  97.636006
0.901525  0.000000  0.000000  0.000000  -13.264943  -1.912818  23.791737  73.539070  3.678738  -13.991212  63.357026  48.916209  -38.607916  31.677582  97.636006
0.902160  0.000000  0.000000  0.000000  -13.264943  -1.912818  28.077451  73.573471  -0.431837  -15.204611  63.357026  48.916209  -38.607916  31.677582  97.636006
0.902795  0.000000  0.000000  0.000000  -13.264943  -1.912818  32.363165  73.520724  -4.542217  -16.419325  63.357026  48.916209  -38.607916  31.677582  97.636006
0.903431  0.000000  0.000000  0.000000  -13.264943  -1.912818  36.648880  73.379473  -8.650537  -17.647990  63.357026  48.916209  -38.607916  31.677582  97.636006
0.904066  0.000000  0.000000  0.000000  -13.264943  -1.912818  40.934594  73.146112  -12.754862  -18.903777  63.357026  48.916209  -38.607916  31.677582  97.636006
0.904701  0.000000  0.000000  0.000000  -13.264943  -1.912818  45.220308  72.814425  -16.853060  -20.201005  63.357026  48.916209  -38.607916  31.677582  97.636006
0.905337  0.000000  0.000000  0.000000  0.863806  -8.298203  -15.251197  63.458313  26.553870  0.301202  38.206611  40.148790  -30.961836  22.462825  96.102652
0.905972  0.000000  0.000000  0.000000  0.863806  -8.298203  -10.965482  64.323405  22.705022  -1.773255  38.206611  40.148790  -30.961836  22.462825  96.102652
0.906607  0.000000  0.000000  0.000000  0.863806  -8.298203  -6.679768  65.019033  18.830901  -3.733783  38.206611  40.148790  -30.961836  22.462825  96.102652
0.907243  0.000000  0.000000  0.000000  0.863806  -8.298203  -2.394054  65.563036  14.937214  -5.605600  38.206611  40.148790  -30.961836  22.462825  96.102652
0.907878  0.000000  0.000000  0.000000  0.863806  -8.298203  1.891660  65.968810  11.028842  -7.410546  38.206611  40.148790  -30.961836  22.462825  96.102652
0.908513  0.000000  0.000000  0.000000  0.863806  -8.298203  6.177375  66.246019  7.110075  -9.167990  38.206611  40.148790  -30.961836  22.462825  96.102652
0.909149  0.000000  0.000000  0.000000  0.863806  -8.298203  10.463089  66.401124  3.184795  -10.895641  38.206611  40.148790  -30.961836  22.462825  96.102652
0.909784  0.000000  0.000000  0.000000  0.863806  -8.298203  14.748803  66.437675  -0.743343  -12.610145  38.206611  40.148790  -30.961836  22.462825  96.102652
0.910419  0.000000  0.000000  0.000000  0.863806  -8.298203  19.034518  66.356501  -4.670819  -14.327707  38.206611  40.148790  -30.961836  22.462825  96.102652
0.911055  0.000000  0.000000  0.000000  0.863806  -8.298203  23.320232  66.155750  -8.594066  -16.064645  38.206611  40.148790  -30.961836  22.462825  96.102652
0.911690  0.000000  0.000000  0.000000  0.863806  -8.298203  27.605946  65.830814  -12.509378  -17.837898  38.206611  40.148790  -30.961836  22.462825  96.102652
0.912325  0.000000  0.000000  0.000000  0.863806  -8.298203  31.891660  65.374057  -16.412724  -19.665752  38.206611  40.148790  -30.961836  22.462825  96.102652
0.912961  0.000000  0.000000  0.000000  0.863806  -8.298203  36.177375  64.774470  -20.299619  -21.568412  38.206611  40.148790  -30.961836  22.462825  96.102652
0.913596  0.000000  0.000000  0.000000  0.863806  -8.298203  40.463089  64.017074  -24.164900  -23.568874  38.206611  40.148790  -30.961836  22.462825  96.102652
0.914231  0.000000  0.000000  0.000000  0.863806  -8.298203  44.748803  63.082115  -28.002470  -25.693927  38.206611  40.148790  -30.961836  22.462825  96.102652
0.914867  0.000000  0.000000  0.000000  -1.571353  6.311685  -15.251197  53.040228  16.536835  2.146586  43.374042  44.180509  -43.982096  22.161895  96.919664
0.915502  0.000000  0.000000  0.000000  -1.571353  6.311685  -10.965482  53.716813  13.096518  -0.497505  43.374042  44.180509  -43.982096  22.161895  96.919664
0.916137  0.000000  0.000000  0.000000  -1.571353  6.311685  -6.679768  54.223666  9.630017  -3.068401  43.374042  44.180509  -43.982096  22.161895  96.919664
0.916773  0.000000  0.000000  0.000000  -1.571353  6.311685  -2.394054  54.569483  6.144882  -5.586867  43.374042  44.180509  -43.982096  22.161895  96.919664
0.917408  0.000000  0.000000  0.000000  -1.571353  6.311685  1.891660  54.760144  2.648121  -8.072478  43.374042  44.180509  -43.982096  22.161895  96.919664
0.918043  0.000000  0.000000  0.000000  -1.571353  6.311685  6.177375  54.798874  -0.853583  -10.544070  43.374042  44.180509  -43.982096  22.161895  96.919664
0.918679  0.000000  0.000000  0.000000  -1.571353  6.311685  10.463089  54.686321  -4.353706  -13.020177  43.374042  44.180509  -43.982096  22.161895  96.919664
0.919314  0.000000  0.000000  0.000000  -1.571353  6.311685  14.748803  54.420591  -7.845649  -15.519417  43.374042  44.180509  -43.982096  22.161895  96.919664
0.919949  0.000000  0.000000  0.000000  -1.571353  6.311685  19.034518  53.997179  -11.322604  -18.060932  43.374042  44.180509  -43.982096  22.161895  96.919664
0.920584  0.000000  0.000000  0.000000  -1.571353  6.311685  23.320232  53.408853  -14.777326  -20.664825  43.374042  44.180509  -43.982096  22.161895  96.919664
0.921220  0.000000  0.000000  0.000000  -1.571353  6.311685  27.605946  52.645481  -18.201933  -23.352588  43.374042  44.180509  -43.982096  22.161895  96.919664
0.921855  0.000000  0.000000  0.000000  -1.571353  6.311685  31.891660  51.693780  -21.587635  -26.147580  43.374042  44.180509  -43.982096  22.161895  96.919664
0.922490  0.000000  0.000000  0.000000  -1.571353  6.311685  36.177375  50.537012  -24.924456  -29.075519  43.374042  44.180509  -43.982096  22.161895  96.919664
0.923126  0.000000  0.000000  0.000000  -1.571353  6.311685  40.463089  49.154662  -28.200952  -32.164940  43.374042  44.180509  -43.982096  22.161895  96.919664
0.923761  0.000000  0.000000  0.000000  -1.571353  6.311685  44.748803  47.522141  -31.403727  -35.447664  43.374042  44.180509  -43.982096  22.161895  96.919664
0.924396  0.000000  0.000000  0.000000  -22.569942  -5.314706  -15.251197  57.624227  14.467702  1.541820  34.413526  51.024850  -56.358314  21.219649  93.482311
0.925032  0.000000  0.000000  0.000000  -22.569942  -5.314706  -10.965482  58.136010  10.837457  -0.793193  34.413526  51.024850  -56.358314  21.219649  93.482311
0.925667  0.000000  0.000000  0.000000  -22.569942  -5.314706  -6.679768  58.493273  7.190057  -3.072042  34.413526  51.024850  -56.358314  21.219649  93.482311
0.926302  0.000000  0.000000  0.000000  -22.569942  -5.314706  -2.394054  58.702908  3.531591  -5.314497  34.413526  51.024850  -56.358314  21.219649  93.482311
0.926938  0.000000  0.000000  0.000000  -22.569942  -5.314706  1.891660  58.768940  -0.132228  -7.539310  34.413526  51.024850  -56.358314  21.219649  93.482311
0.927573  0.000000  0.000000  0.000000  -22.569942  -5.314706  6.177375  58.692614  -3.795854  -9.764780  34.413526  51.024850  -56.358314  21.219649  93.482311
0.928208  0.000000  0.000000  0.000000  -22.569942  -5.314706  10.463089  58.472493  -7.453718  -12.009225  34.413526  51.024850  -56.358314  21.219649  93.482311
0.928844  0.000000  0.000000  0.000000  -22.569942  -5.314706  14.748803  58.104351  -11.100085  -14.291455  34.413526  51.024850  -56.358314  21.219649  93.482311
0.929479  0.000000  0.000000  0.000000  -22.569942  -5.314706  19.034518  57.581068  -14.728846  -16.631321  34.413526  51.024850  -56.358314  21.219649  93.482311
0.930114  0.000000  0.000000  0.000000  -22.569942  -5.314706  23.320232  56.892366  -18.333318  -19.050234  34.413526  51.024850  -56.358314  21.219649  93.482311
0.930750  0.000000  0.000000  0.000000  -22.569942  -5.314706  27.605946  56.024452  -21.906011  -21.571783  34.413526  51.024850  -56.358314  21.219649  93.482311
0.931385  0.000000  0.000000  0.000000  -22.569942  -5.314706  31.891660  54.959559  -25.438324  -24.222412  34.413526  51.024850  -56.358314  21.219649  93.482311
0.932020  0.000000  0.000000  0.000000  -22.569942  -5.314706  36.177375  53.675341  -28.920207  -27.032163  34.413526  51.024850  -56.358314  21.219649  93.482311
0.932656  0.000000  0.000000  0.000000  -22.569942  -5.314706  40.463089  52.144226  -32.339749  -30.035487  34.413526  51.024850  -56.358314  21.219649  93.482311
0.933291  0.000000  0.000000  0.000000  -22.569942  -5.314706  44.748803  50.332698  -35.682601  -33.272114  34.413526  51.024850  -56.358314  21.219649  93.482311
0.933926  0.000000  0.000000  0.000000  -10.340165  -9.537815  -15.473910  63.351029  24.966128  -6.469833  62.629960  34.157951  -45.079912  18.497242  91.916006
0.934562  0.000000  0.000000  0.000000  -10.340165  -9.537815  -11.188196  64.157607  21.121798  -8.529039  62.629960  34.157951  -45.079912  18.497242  91.916006
0.935197  0.000000  0.000000  0.000000  -10.340165  -9.537815  -6.902482  64.800476  17.253855  -10.483752  62.629960  34.157951  -45.079912  18.497242  91.916006
0.935832  0.000000  0.000000  0.000000  -10.340165  -9.537815  -2.616768  65.295679  13.367802  -12.357891  62.629960  34.157951  -45.079912  18.497242  91.916006
0.936468  0.000000  0.000000  0.000000  -10.340165  -9.537815  1.668947  65.655129  9.468399  -14.172395  62.629960  34.157951  -45.079912  18.497242  91.916006
0.937103  0.000000  0.000000  0.000000  -10.340165  -9.537815  5.954661  65.887225  5.559882  -15.946063  62.629960  34.157951  -45.079912  18.497242  91.916006
0.937738  0.000000  0.000000  0.000000  -10.340165  -9.537815  10.240375  65.997285  1.646140  -17.696285  62.629960  34.157951  -45.079912  18.497242  91.916006
0.938374  0.000000  0.000000  0.000000  -10.340165  -9.537815  14.526090  65.987803  -2.269132  -19.439639  62.629960  34.157951  -45.079912  18.497242  91.916006
0.939009  0.000000  0.000000  0.000000  -10.340165  -9.537815  18.811804  65.858559  -6.182290  -21.192469  62.629960  34.157951  -45.079912  18.497242  91.916006
0.939644  0.000000  0.000000  0.000000  -10.340165  -9.537815  23.097518  65.606628  -10.089623  -22.971444  62.629960  34.157951  -45.079912  18.497242  91.916006
0.940280  0.000000  0.000000  0.000000  -10.340165  -9.537815  27.383232  65.226224  -13.987196  -24.794132  62.629960  34.157951  -45.079912  18.497242  91.916006
0.940915  0.000000  0.000000  0.000000  -10.340165  -9.537815  31.668947  64.708419  -17.870702  -26.679624  62.629960  34.157951  -45.079912  18.497242  91.916006
0.941550  0.000000  0.000000  0.000000  -10.340165  -9.537815  35.954661  64.040688  -21.735278  -28.649274  62.629960  34.157951  -45.079912  18.497242  91.916006
0.942186  0.000000  0.000000  0.000000  -10.340165  -9.537815  40.240375  63.206263  -25.575279  -30.727568  62.629960  34.157951  -45.079912  18.497242  91.916006
0.942821  0.000000  0.000000  0.000000  -10.340165  -9.537815  44.526090  62.183233  -29.383982  -32.943204  62.629960  34.157951  -45.079912  18.497242  91.916006
0.943456  0.000000  0.000000  0.000000  -10.823098  -0.049242  -15.473910  56.121193  19.183570  0.787625  54.636205  45.114966  -27.142697  28.898114  104.797955
0.944091  0.000000  0.000000  0.000000  -10.823098  -0.049242  -11.188196  56.862834  15.609522  -1.691344  54.636205  45.114966  -27.142697  28.898114  104.797955
0.944727  0.000000  0.000000  0.000000  -10.823098  -0.049242  -6.902482  57.434528  12.008636  -4.084989  54.636205  45.114966  -27.142697  28.898114  104.797955
0.945362  0.000000  0.000000  0.000000  -10.823098  -0.049242  -2.616768  57.847373  8.387940  -6.415242  54.636205  45.114966  -27.142697  28.898114  104.797955
0.945997  0.000000  0.000000  0.000000  -10.823098  -0.049242  1.668947  58.109263  4.753817  -8.702343  54.636205  45.114966  -27.142697  28.898114  104.797955
0.946633  0.000000  0.000000  0.000000  -10.823098  -0.049242  5.954661  58.225128  1.112246  -10.965394  54.636205  45.114966  -27.142697  28.898114  104.797955
0.947268  0.000000  0.000000  0.000000  -10.823098  -0.049242  10.240375  58.197159  -2.531062  -13.222862  54.636205  45.114966  -27.142697  28.898114  104.797955
0.947903  0.000000  0.000000  0.000000  -10.823098  -0.049242  14.526090  58.024829  -6.170425  -15.493063  54.636205  45.114966  -27.142697  28.898114  104.797955
0.948539  0.000000  0.000000  0.000000  -10.823098  -0.049242  18.811804  57.704895  -9.800043  -17.794649  54.636205  45.114966  -27.142697  28.898114  104.797955
0.949174  0.000000  0.000000  0.000000  -10.823098  -0.049242  23.097518  57.231291  -13.413812  -20.147104  54.636205  45.114966  -27.142697  28.898114  104.797955
0.949809  0.000000  0.000000  0.000000  -10.823098  -0.049242  27.383232  56.594914  -17.005125  -22.571259  54.636205  45.114966  -27.142697  28.898114  104.797955
0.950445  0.000000  0.000000  0.000000  -10.823098  -0.049242  31.668947  55.783330  -20.566645  -25.089860  54.636205  45.114966  -27.142697  28.898114  104.797955
0.951080  0.000000  0.000000  0.000000  -10.823098  -0.049242  35.954661  54.780367  -24.090018  -27.728211  54.636205  45.114966  -27.142697  28.898114  104.797955
0.951715  0.000000  0.000000  0.000000  -10.823098  -0.049242  40.240375  53.565577  -27.565559  -30.514844  54.636205  45.114966  -27.142697  28.898114  104.797955
0.952351  0.000000  0.000000  0.000000  -10.823098  -0.049242  44.526090  52.113662  -30.981904  -33.482266  54.636205  45.114966  -27.142697  28.898114  104.797955
0.952986  0.000000  0.000000  0.000000  -0.915467  -3.212491  -15.586092  56.939911  22.334801  -3.519550  60.428017  26.031871  -29.572614  23.881800  107.975318
0.953621  0.000000  0.000000  0.000000  -0.915467  -3.212491  -11.300378  57.805651  18.724797  -5.986609  60.428017  26.031871  -29.572614  23.881800  107.975318
0.954257  0.000000  0.000000  0.000000  -0.915467  -3.212491  -7.014663  58.493288  15.083853  -8.349948  60.428017  26.031871  -29.572614  23.881800  107.975318
0.954892  0.000000  0.000000  0.000000  -0.915467  -3.212491  -2.728949  59.017046  11.419250  -10.633368  60.428017  26.031871  -29.572614  23.881800  107.975318
0.955527  0.000000  0.000000  0.000000  -0.915467  -3.212491  1.556765  59.387506  7.737436  -12.858334  60.428017  26.031871  -29.572614  23.881800  107.975318
0.956163  0.000000  0.000000  0.000000  -0.915467  -3.212491  5.842479  59.612046  4.044295  -15.044683  60.428017  26.031871  -29.572614  23.881800  107.975318
0.956798  0.000000  0.000000  0.000000  -0.915467  -3.212491  10.128194  59.695067  0.345343  -17.211158  60.428017  26.031871  -29.572614  23.881800  107.975318
0.957433  0.000000  0.000000  0.000000  -0.915467  -3.212491  14.413908  59.638192  -3.354100  -19.375940  60.428017  26.031871  -29.572614  23.881800  107.975318
0.958069  0.000000  0.000000  0.000000  -0.915467  -3.212491  18.699622  59.440326  -7.048738  -21.557186  60.428017  26.031871  -29.572614  23.881800  107.975318
0.958704  0.000000  0.000000  0.000000  -0.915467  -3.212491  22.985337  59.097571  -10.733097  -23.773477  60.428017  26.031871  -29.572614  23.881800  107.975318
0.959339  0.000000  0.000000  0.000000  -0.915467  -3.212491  27.271051  58.603136  -14.401385  -26.044406  60.428017  26.031871  -29.572614  23.881800  107.975318
0.959975  0.000000  0.000000  0.000000  -0.915467  -3.212491  31.556765  57.947052  -18.047269  -28.391101  60.428017  26.031871  -29.572614  23.881800  107.975318
0.960610  0.000000  0.000000  0.000000  -0.915467  -3.212491  35.842479  57.115825  -21.663656  -30.836857  60.428017  26.031871  -29.572614  23.881800  107.975318
0.961245  0.000000  0.000000  0.000000  -0.915467  -3.212491  40.128194  56.091942  -25.242384  -33.407868  60.428017  26.031871  -29.572614  23.881800  107.975318
0.961881  0.000000  0.000000  0.000000  -0.915467  -3.212491  44.413908  54.853184  -28.773916  -36.133986  60.428017  26.031871  -29.572614  23.881800  107.975318
0.962516  0.000000  0.000000  0.000000  -1.098297  -6.378991  -15.620237  58.493387  20.371248  1.427496  38.847484  24.780854  -42.221521  16.300237  97.680371
0.963151  0.000000  0.000000  0.000000  -1.098297  -6.378991  -11.334523  59.236775  16.702348  -0.909329  38.847484  24.780854  -42.221521  16.300237  97.680371
0.963787  0.000000  0.000000  0.000000  -1.098297  -6.378991  -7.048808  59.813567  13.008208  -3.157652  38.847484  24.780854  -42.221521  16.300237  97.680371
0.964422  0.000000  0.000000  0.000000  -1.098297  -6.378991  -2.763094  60.235871  9.295289  -5.339740  38.847484  24.780854  -42.221521  16.300237  97.680371
0.965057  0.000000  0.000000  0.000000  -1.098297  -6.378991  1.522620  60.512371  5.569403  -7.475891  38.847484  24.780854  -42.221521  16.300237  97.680371
0.965693  0.000000  0.000000  0.000000  -1.098297  -6.378991  5.808335  60.648666  1.835922  -9.585064  38.847484  24.780854  -42.221521  16.300237  97.680371
0.966328  0.000000  0.000000  0.000000  -1.098297  -6.378991  10.094049  60.647491  -1.900033  -11.685432  38.847484  24.780854  -42.221521  16.300237  97.680371
0.966963  0.000000  0.000000  0.000000  -1.098297  -6.378991  14.379763  60.508820  -5.633427  -13.794914  38.847484  24.780854  -42.221521  16.300237  97.680371
0.967598  0.000000  0.000000  0.000000  -1.098297  -6.378991  18.665477  60.229867  -9.359130  -15.931707  38.847484  24.780854  -42.221521  16.300237  97.680371
0.968234  0.000000  0.000000  0.000000  -1.098297  -6.378991  22.951192  59.805001  -13.071783  -18.114740  38.847484  24.780854  -42.221521  16.300237  97.680371
0.968869  0.000000  0.000000  0.000000  -1.098297  -6.378991  27.236906  59.225463  -16.765548  -20.364385  38.847484  24.780854  -42.221521  16.300237  97.680371
0.969504  0.000000  0.000000  0.000000  -1.098297  -6.378991  31.522620  58.479093  -20.433955  -22.702933  38.847484  24.780854  -42.221521  16.300237  97.680371
0.970140  0.000000  0.000000  0.000000  -1.098297  -6.378991  35.808335  57.549821  -24.069620  -25.155378  38.847484  24.780854  -42.221521  16.300237  97.680371
0.970775  0.000000  0.000000  0.000000  -1.098297  -6.378991  40.094049  56.417031  -27.663915  -27.750218  38.847484  24.780854  -42.221521  16.300237  97.680371
0.971410  0.000000  0.000000  0.000000  -1.098297  -6.378991  44.379763  55.054812  -31.206623  -30.520378  38.847484  24.780854  -42.221521  16.300237  97.680371
0.972046  0.000000  0.000000  0.000000  6.961414  -6.442619  -15.632366  55.008228  16.604438  -1.073552  62.723573  22.370365  -18.726695  19.726905  93.396455
0.972681  0.000000  0.000000  0.000000  6.961414  -6.442619  -11.346652  55.654541  13.079041  -3.595150  62.723573  22.370365  -18.726695  19.726905  93.396455
0.973316  0.000000  0.000000  0.000000  6.961414  -6.442619  -7.060938  56.135137  9.529875  -6.045365  62.723573  22.370365  -18.726695  19.726905  93.396455
0.973952  0.000000  0.000000  0.000000  6.961414  -6.442619  -2.775224  56.458813  5.963946  -8.444973  62.723573  22.370365  -18.726695  19.726905  93.396455
0.974587  0.000000  0.000000  0.000000  6.961414  -6.442619  1.510491  56.631375  2.387792  -10.813514  62.723573  22.370365  -18.726695  19.726905  93.396455
0.975222  0.000000  0.000000  0.000000  6.961414  -6.442619  5.796205  56.655985  -1.192427  -13.169731  62.723573  22.370365  -18.726695  19.726905  93.396455
0.975858  0.000000  0.000000  0.000000  6.961414  -6.442619  10.081919  56.533024  -4.770632  -15.532096  62.723573  22.370365  -18.726695  19.726905  93.396455
0.976493  0.000000  0.000000  0.000000  6.961414  -6.442619  14.367634  56.260319  -8.340675  -17.919212  62.723573  22.370365  -18.726695  19.726905  93.396455
0.977128  0.000000  0.000000  0.000000  6.961414  -6.442619  18.653348  55.832953  -11.896186  -20.350289  62.723573  22.370365  -18.726695  19.726905  93.396455
0.977764  0.000000  0.000000  0.000000  6.961414  -6.442619  22.939062  55.243143  -15.430341  -22.845641  62.723573  22.370365  -18.726695  19.726905  93.396455
0.978399  0.000000  0.000000  0.000000  6.961414  -6.442619  27.224776  54.480022  -18.935668  -25.427154  62.723573  22.370365  -18.726695  19.726905  93.396455
0.979034  0.000000  0.000000  0.000000  6.961414  -6.442619  31.510491  53.529318  -22.403775  -28.118856  62.723573  22.370365  -18.726695  19.726905  93.396455
0.979670  0.000000  0.000000  0.000000  6.961414  -6.442619  35.796205  52.372944  -25.825038  -30.947498  62.723573  22.370365  -18.726695  19.726905  93.396455
0.980305  0.000000  0.000000  0.000000  6.961414  -6.442619  40.081919  50.988553  -29.188319  -33.943144  62.723573  22.370365  -18.726695  19.726905  93.396455
0.980940  0.000000  0.000000  0.000000  6.961414  -6.442619  44.367634  49.349074  -32.480439  -37.139821  62.723573  22.370365  -18.726695  19.726905  93.396455
0.981576  0.000000  0.000000  0.000000  -3.546603  2.697005  -15.746049  55.880324  23.364673  2.268625  103.223498  0.020156  -24.623941  16.943613  104.706190
0.982211  0.000000  0.000000  0.000000  -3.546603  2.697005  -11.460335  56.820077  19.796441  -0.284784  103.223498  0.020156  -24.623941  16.943613  104.706190
0.982846  0.000000  0.000000  0.000000  -3.546603  2.697005  -7.174621  57.574605  16.193550  -2.725590  103.223498  0.020156  -24.623941  16.943613  104.706190
0.983482  0.000000  0.000000  0.000000  -3.546603  2.697005  -2.888906  58.159258  12.563817  -5.078439  103.223498  0.020156  -24.623941  16.943613  104.706190
0.984117  0.000000  0.000000  0.000000  -3.546603  2.697005  1.396808  58.585696  8.914146  -7.365530  103.223498  0.020156  -24.623941  16.943613  104.706190
0.984752  0.000000  0.000000  0.000000  -3.546603  2.697005  5.682522  58.862266  5.250776  -9.607232  103.223498  0.020156  -24.623941  16.943613  104.706190
0.985388  0.000000  0.000000  0.000000  -3.546603  2.697005  9.968237  58.994332  1.579514  -11.822689  103.223498  0.020156  -24.623941  16.943613  104.706190
0.986023  0.000000  0.000000  0.000000  -3.546603  2.697005  14.253951  58.984407  -2.094113  -14.030324  103.223498  0.020156  -24.623941  16.943613  104.706190
0.986658  0.000000  0.000000  0.000000  -3.546603  2.697005  18.539665  58.832316  -5.764609  -16.248339  103.223498  0.020156  -24.623941  16.943613  104.706190
0.987294  0.000000  0.000000  0.000000  -3.546603  2.697005  22.825379  58.535129  -9.426407  -18.495241  103.223498  0.020156  -24.623941  16.943613  104.706190
0.987929  0.000000  0.000000  0.000000  -3.546603  2.697005  27.111094  58.087112  -13.073682  -20.790263  103.223498  0.020156  -24.623941  16.943613  104.706190
0.988564  0.000000  0.000000  0.000000  -3.546603  2.697005  31.396808  57.479440  -16.700090  -23.154047  103.223498  0.020156  -24.623941  16.943613  104.706190
0.989199  0.000000  0.000000  0.000000  -3.546603  2.697005  35.682522  56.699977  -20.298630  -25.609071  103.223498  0.020156  -24.623941  16.943613  104.706190
0.989835  0.000000  0.000000  0.000000  -3.546603  2.697005  39.968237  55.732814  -23.861305  -28.180408  103.223498  0.020156  -24.623941  16.943613  104.706190
0.990470  0.000000  0.000000  0.000000  -3.546603  2.697005  44.253951  54.557691  -27.378898  -30.896375  103.223498  0.020156  -24.623941  16.943613  104.706190
0.991105  0.000000  0.000000  0.000000  -2.294126  -11.109802  -15.746049  59.544471  18.394473  -6.516284  86.303303  7.240239  -40.047637  25.198212  104.876090
0.991741  0.000000  0.000000  0.000000  -2.294126  -11.109802  -11.460335  60.183796  14.687535  -8.760443  86.303303  7.240239  -40.047637  25.198212  104.876090
0.992376  0.000000  0.000000  0.000000  -2.294126  -11.109802  -7.174621  60.665522  10.959761  -10.929467  86.303303  7.240239  -40.047637  25.198212  104.876090
0.993011  0.000000  0.000000  0.000000  -2.294126  -11.109802  -2.888906  60.999799  7.217044  -13.044343  86.303303  7.240239  -40.047637  25.198212  104.876090
0.993647  0.000000  0.000000  0.000000  -2.294126  -11.109802  1.396808  61.193543  3.464760  -15.124432  86.303303  7.240239  -40.047637  25.198212  104.876090
0.994282  0.000000  0.000000  0.000000  -2.294126  -11.109802  5.682522  61.250707  -0.292039  -17.188060  86.303303  7.240239  -40.047637  25.198212  104.876090
0.994917  0.000000  0.000000  0.000000  -2.294126  -11.109802  9.968237  61.172446  -4.048466  -19.253067  86.303303  7.240239  -40.047637  25.198212  104.876090
0.995553  0.000000  0.000000  0.000000  -2.294126  -11.109802  14.253951  60.957200  -7.799601  -21.337351  86.303303  7.240239  -40.047637  25.198212  104.876090
0.996188  0.000000  0.000000  0.000000  -2.294126  -11.109802  18.539665  60.600536  -11.540358  -23.459337  86.303303  7.240239  -40.047637  25.198212  104.876090
0.996823  0.000000  0.000000  0.000000  -2.294126  -11.109802  22.825379  60.095064  -15.265297  -25.638611  86.303303  7.240239  -40.047637  25.198212  104.876090
0.997459  0.000000  0.000000  0.000000  -2.294126  -11.109802  27.111094  59.430099  -18.968423  -27.896475  86.303303  7.240239  -40.047637  25.198212  104.876090
0.998094  0.000000  0.000000  0.000000  -2.294126  -11.109802  31.396808  58.591231  -22.642961  -30.256643  86.303303  7.240239  -40.047637  25.198212  104.876090
0.998729  0.000000  0.000000  0.000000  -2.294126  -11.109802  35.682522  57.559750  -26.281064  -32.746045  86.303303  7.240239  -40.047637  25.198212  104.876090
0.999365  0.000000  0.000000  0.000000  -2.294126  -11.109802  39.968237  56.311850  -29.873459  -35.395734  86.303303  7.240239  -40.047637  25.198212  104.876090
1.000000  0.000000  0.000000  0.000000  -2.294126  -11.109802  44.253951  54.817788  -33.408995  -38.241980  86.303303  7.240239  -40.047637  25.198212  104.876090
