simulation
nRows=2718
nColumns=15
endheader
time  TH_x TH_y TH_z SC_y  SC_z  SC_x  AC_y  AC_z  AC_x  GH_y  GH_z  GH_yy  EL_x  PS_y
0.000000  0.000000  0.000000  0.000000  -31.868909  20.481231  -10.000000  35.050139  25.953802  10.671092  110.630181  25.555910  -141.593428  54.048823  86.138213
0.000368  0.000000  0.000000  0.000000  -31.868909  20.481231  -1.428571  38.035764  20.842272  3.169337  110.630181  25.555910  -141.593428  54.048823  86.138213
0.000736  0.000000  0.000000  0.000000  -31.868909  20.481231  7.142857  40.217705  15.426321  -3.825324  110.630181  25.555910  -141.593428  54.048823  86.138213
0.001104  0.000000  0.000000  0.000000  -31.868909  20.481231  15.714286  41.669402  9.802902  -10.457470  110.630181  25.555910  -141.593428  54.048823  86.138213
0.001472  0.000000  0.000000  0.000000  -31.868909  20.481231  24.285714  42.444269  4.055142  -16.865776  110.630181  25.555910  -141.593428  54.048823  86.138213
0.001840  0.000000  0.000000  0.000000  -31.868909  20.481231  32.857143  42.572050  -1.742406  -23.183069  110.630181  25.555910  -141.593428  54.048823  86.138213
0.002208  0.000000  0.000000  0.000000  -31.868909  20.481231  41.428571  42.057730  -7.518681  -29.539348  110.630181  25.555910  -141.593428  54.048823  86.138213
0.002576  0.000000  0.000000  0.000000  -31.868909  20.481231  50.000000  40.881379  -13.201115  -36.065874  110.630181  25.555910  -141.593428  54.048823  86.138213
0.002944  0.000000  0.000000  0.000000  -24.568284  8.018798  -10.000000  47.994316  23.619459  1.512264  -5.369854  70.680835  -48.739671  48.466487  77.984766
0.003312  0.000000  0.000000  0.000000  -24.568284  8.018798  -1.428571  50.085718  17.140328  -4.478921  -5.369854  70.680835  -48.739671  48.466487  77.984766
0.003681  0.000000  0.000000  0.000000  -24.568284  8.018798  7.142857  51.422066  10.496903  -10.060294  -5.369854  70.680835  -48.739671  48.466487  77.984766
0.004049  0.000000  0.000000  0.000000  -24.568284  8.018798  15.714286  52.086892  3.760271  -15.404571  -5.369854  70.680835  -48.739671  48.466487  77.984766
0.004417  0.000000  0.000000  0.000000  -24.568284  8.018798  24.285714  52.121498  -3.008449  -20.666430  -5.369854  70.680835  -48.739671  48.466487  77.984766
0.004785  0.000000  0.000000  0.000000  -24.568284  8.018798  32.857143  51.528027  -9.751547  -25.994126  -5.369854  70.680835  -48.739671  48.466487  77.984766
0.005153  0.000000  0.000000  0.000000  -24.568284  8.018798  41.428571  50.269632  -16.408609  -31.541040  -5.369854  70.680835  -48.739671  48.466487  77.984766
0.005521  0.000000  0.000000  0.000000  -24.568284  8.018798  50.000000  48.267708  -22.909985  -37.477323  -5.369854  70.680835  -48.739671  48.466487  77.984766
0.005889  0.000000  0.000000  0.000000  -11.908666  6.952156  -10.000000  47.100482  2.152055  8.363459  -1.468311  76.795726  -11.316719  59.134443  80.831562
0.006257  0.000000  0.000000  0.000000  -11.908666  6.952156  -1.428571  46.999619  -4.127230  2.525290  -1.468311  76.795726  -11.316719  59.134443  80.831562
0.006625  0.000000  0.000000  0.000000  -11.908666  6.952156  7.142857  46.249841  -10.363172  -3.405838  -1.468311  76.795726  -11.316719  59.134443  80.831562
0.006993  0.000000  0.000000  0.000000  -11.908666  6.952156  15.714286  44.813944  -16.486172  -9.576127  -1.468311  76.795726  -11.316719  59.134443  80.831562
0.007361  0.000000  0.000000  0.000000  -11.908666  6.952156  24.285714  42.621853  -22.416814  -16.143600  -1.468311  76.795726  -11.316719  59.134443  80.831562
0.007729  0.000000  0.000000  0.000000  -11.908666  6.952156  32.857143  39.570977  -28.059019  -23.282684  -1.468311  76.795726  -11.316719  59.134443  80.831562
0.008097  0.000000  0.000000  0.000000  -11.908666  6.952156  41.428571  35.531633  -33.292443  -31.182684  -1.468311  76.795726  -11.316719  59.134443  80.831562
0.008465  0.000000  0.000000  0.000000  -11.908666  6.952156  50.000000  30.365232  -37.965178  -40.032559  -1.468311  76.795726  -11.316719  59.134443  80.831562
0.008833  0.000000  0.000000  0.000000  -29.108520  17.553201  -10.000000  60.103999  13.940432  20.883380  46.790504  5.645267  -70.339331  32.641655  86.856403
0.009201  0.000000  0.000000  0.000000  -29.108520  17.553201  -1.428571  60.865917  6.477811  16.595712  46.790504  5.645267  -70.339331  32.641655  86.856403
0.009569  0.000000  0.000000  0.000000  -29.108520  17.553201  7.142857  61.064586  -1.019709  12.433899  46.790504  5.645267  -70.339331  32.641655  86.856403
0.009937  0.000000  0.000000  0.000000  -29.108520  17.553201  15.714286  60.716291  -8.511827  8.252564  46.790504  5.645267  -70.339331  32.641655  86.856403
0.010305  0.000000  0.000000  0.000000  -29.108520  17.553201  24.285714  59.792403  -15.957514  3.904028  46.790504  5.645267  -70.339331  32.641655  86.856403
0.010674  0.000000  0.000000  0.000000  -29.108520  17.553201  32.857143  58.214691  -23.309262  -0.779537  46.790504  5.645267  -70.339331  32.641655  86.856403
0.011042  0.000000  0.000000  0.000000  -29.108520  17.553201  41.428571  55.842783  -30.505714  -6.007528  46.790504  5.645267  -70.339331  32.641655  86.856403
0.011410  0.000000  0.000000  0.000000  -29.108520  17.553201  50.000000  52.451868  -37.460554  -12.059077  46.790504  5.645267  -70.339331  32.641655  86.856403
0.011778  0.000000  0.000000  0.000000  -12.249609  12.636538  -10.000000  39.105975  24.509941  8.843718  -176.988531  34.466374  213.396213  42.439312  86.640539
0.012146  0.000000  0.000000  0.000000  -12.249609  12.636538  -1.428571  41.712010  18.946153  1.820102  -176.988531  34.466374  213.396213  42.439312  86.640539
0.012514  0.000000  0.000000  0.000000  -12.249609  12.636538  7.142857  43.528938  13.135512  -4.740213  -176.988531  34.466374  213.396213  42.439312  86.640539
0.012882  0.000000  0.000000  0.000000  -12.249609  12.636538  15.714286  44.633467  7.166546  -10.992726  -176.988531  34.466374  213.396213  42.439312  86.640539
0.013250  0.000000  0.000000  0.000000  -12.249609  12.636538  24.285714  45.074213  1.115396  -17.082176  -176.988531  34.466374  213.396213  42.439312  86.640539
0.013618  0.000000  0.000000  0.000000  -12.249609  12.636538  32.857143  44.870931  -4.948282  -23.146559  -176.988531  34.466374  213.396213  42.439312  86.640539
0.013986  0.000000  0.000000  0.000000  -12.249609  12.636538  41.428571  44.014505  -10.955834  -29.322780  -176.988531  34.466374  213.396213  42.439312  86.640539
0.014354  0.000000  0.000000  0.000000  -12.249609  12.636538  50.000000  42.466875  -16.834171  -35.752523  -176.988531  34.466374  213.396213  42.439312  86.640539
0.014722  0.000000  0.000000  0.000000  -28.165384  16.206095  -10.000000  43.692066  18.936423  9.726536  -53.143385  -18.017508  60.370730  53.992235  85.492449
0.015090  0.000000  0.000000  0.000000  -28.165384  16.206095  -1.428571  45.437934  12.915307  3.378700  -53.143385  -18.017508  60.370730  53.992235  85.492449
0.015458  0.000000  0.000000  0.000000  -28.165384  16.206095  7.142857  46.472589  6.748378  -2.666312  -53.143385  -18.017508  60.370730  53.992235  85.492449
0.015826  0.000000  0.000000  0.000000  -28.165384  16.206095  15.714286  46.846361  0.508977  -8.558089  -53.143385  -18.017508  60.370730  53.992235  85.492449
0.016194  0.000000  0.000000  0.000000  -28.165384  16.206095  24.285714  46.577601  -5.735798  -14.438438  -53.143385  -18.017508  60.370730  53.992235  85.492449
0.016562  0.000000  0.000000  0.000000  -28.165384  16.206095  32.857143  45.653106  -11.919281  -20.448600  -53.143385  -18.017508  60.370730  53.992235  85.492449
0.016930  0.000000  0.000000  0.000000  -28.165384  16.206095  41.428571  44.027793  -17.969572  -26.736438  -53.143385  -18.017508  60.370730  53.992235  85.492449
0.017298  0.000000  0.000000  0.000000  -28.165384  16.206095  50.000000  41.624274  -23.803346  -33.462629  -53.143385  -18.017508  60.370730  53.992235  85.492449
0.017667  0.000000  0.000000  0.000000  -28.172806  -7.800013  -10.000000  51.150905  18.822614  8.292515  -4.779694  36.172256  21.926647  36.261503  82.366729
0.018035  0.000000  0.000000  0.000000  -28.172806  -7.800013  -1.428571  52.615808  12.073654  2.806381  -4.779694  36.172256  21.926647  36.261503  82.366729
0.018403  0.000000  0.000000  0.000000  -28.172806  -7.800013  7.142857  53.401695  5.222628  -2.407230  -4.779694  36.172256  21.926647  36.261503  82.366729
0.018771  0.000000  0.000000  0.000000  -28.172806  -7.800013  15.714286  53.560154  -1.670426  -7.507384  -4.779694  36.172256  21.926647  36.261503  82.366729
0.019139  0.000000  0.000000  0.000000  -28.172806  -7.800013  24.285714  53.101528  -8.550170  -12.643547  -4.779694  36.172256  21.926647  36.261503  82.366729
0.019507  0.000000  0.000000  0.000000  -28.172806  -7.800013  32.857143  51.995846  -15.359786  -17.968220  -4.779694  36.172256  21.926647  36.261503  82.366729
0.019875  0.000000  0.000000  0.000000  -28.172806  -7.800013  41.428571  50.170094  -22.034603  -23.649764  -4.779694  36.172256  21.926647  36.261503  82.366729
0.020243  0.000000  0.000000  0.000000  -28.172806  -7.800013  50.000000  47.502275  -28.494395  -29.885601  -4.779694  36.172256  21.926647  36.261503  82.366729
0.020611  0.000000  0.000000  0.000000  -13.981265  9.802935  -10.000000  55.745509  17.704828  0.939100  5.039489  44.416508  -43.807344  74.363153  79.348144
0.020979  0.000000  0.000000  0.000000  -13.981265  9.802935  -1.428571  56.944050  10.565603  -3.956376  5.039489  44.416508  -43.807344  74.363153  79.348144
0.021347  0.000000  0.000000  0.000000  -13.981265  9.802935  7.142857  57.511512  3.354469  -8.627474  5.039489  44.416508  -43.807344  74.363153  79.348144
0.021715  0.000000  0.000000  0.000000  -13.981265  9.802935  15.714286  57.490404  -3.878568  -13.229768  5.039489  44.416508  -43.807344  74.363153  79.348144
0.022083  0.000000  0.000000  0.000000  -13.981265  9.802935  24.285714  56.879176  -11.086239  -17.911724  5.039489  44.416508  -43.807344  74.363153  79.348144
0.022451  0.000000  0.000000  0.000000  -13.981265  9.802935  32.857143  55.631956  -18.218108  -22.830031  5.039489  44.416508  -43.807344  74.363153  79.348144
0.022819  0.000000  0.000000  0.000000  -13.981265  9.802935  41.428571  53.652696  -25.213995  -28.166002  5.039489  44.416508  -43.807344  74.363153  79.348144
0.023187  0.000000  0.000000  0.000000  -20.231506  13.090608  -10.000000  56.875169  1.198043  -3.231578  -6.360485  87.859539  -44.778053  63.342666  84.778707
0.023555  0.000000  0.000000  0.000000  -20.231506  13.090608  -1.428571  56.678860  -5.976363  -7.928873  -6.360485  87.859539  -44.778053  63.342666  84.778707
0.023923  0.000000  0.000000  0.000000  -20.231506  13.090608  7.142857  55.877374  -13.109854  -12.751106  -6.360485  87.859539  -44.778053  63.342666  84.778707
0.024291  0.000000  0.000000  0.000000  -20.231506  13.090608  15.714286  54.411526  -20.148386  -17.860508  -6.360485  87.859539  -44.778053  63.342666  84.778707
0.024660  0.000000  0.000000  0.000000  -20.231506  13.090608  24.285714  52.170137  -27.025823  -23.448193  -6.360485  87.859539  -44.778053  63.342666  84.778707
0.025028  0.000000  0.000000  0.000000  -20.231506  13.090608  32.857143  48.977699  -33.654324  -29.752902  -6.360485  87.859539  -44.778053  63.342666  84.778707
0.025396  0.000000  0.000000  0.000000  -40.739886  11.656421  -10.000000  51.796199  17.181220  1.651413  3.405457  85.253680  -30.835001  19.039483  85.900864
0.025764  0.000000  0.000000  0.000000  -40.739886  11.656421  -1.428571  53.080274  10.381542  -3.725713  3.405457  85.253680  -30.835001  19.039483  85.900864
0.026132  0.000000  0.000000  0.000000  -40.739886  11.656421  7.142857  53.703519  3.496306  -8.871829  3.405457  85.253680  -30.835001  19.039483  85.900864
0.026500  0.000000  0.000000  0.000000  -40.739886  11.656421  15.714286  53.707051  -3.416632  -13.942514  3.405457  85.253680  -30.835001  19.039483  85.900864
0.026868  0.000000  0.000000  0.000000  -40.739886  11.656421  24.285714  53.091109  -10.302505  -19.086900  3.405457  85.253680  -30.835001  19.039483  85.900864
0.027236  0.000000  0.000000  0.000000  -40.739886  11.656421  32.857143  51.815051  -17.103533  -24.460413  3.405457  85.253680  -30.835001  19.039483  85.900864
0.027604  0.000000  0.000000  0.000000  -40.739886  11.656421  41.428571  49.793648  -23.752305  -30.237880  3.405457  85.253680  -30.835001  19.039483  85.900864
0.027972  0.000000  0.000000  0.000000  -40.739886  11.656421  50.000000  46.890275  -30.163567  -36.627056  3.405457  85.253680  -30.835001  19.039483  85.900864
0.028340  0.000000  0.000000  0.000000  -14.792861  11.270277  -10.000000  52.201381  2.963108  18.073916  -5.486256  74.766956  -4.347989  29.407773  78.020342
0.028708  0.000000  0.000000  0.000000  -14.792861  11.270277  -1.428571  52.162343  -3.812733  12.821201  -5.486256  74.766956  -4.347989  29.407773  78.020342
0.029076  0.000000  0.000000  0.000000  -14.792861  11.270277  7.142857  51.493339  -10.556141  7.484960  -5.486256  74.766956  -4.347989  29.407773  78.020342
0.029444  0.000000  0.000000  0.000000  -14.792861  11.270277  15.714286  50.152691  -17.206097  1.910344  -5.486256  74.766956  -4.347989  29.407773  78.020342
0.029812  0.000000  0.000000  0.000000  -14.792861  11.270277  24.285714  48.056300  -23.691545  -4.075746  -5.486256  74.766956  -4.347989  29.407773  78.020342
0.030180  0.000000  0.000000  0.000000  -14.792861  11.270277  32.857143  45.072578  -29.923270  -10.676045  -5.486256  74.766956  -4.347989  29.407773  78.020342
0.030548  0.000000  0.000000  0.000000  -14.792861  11.270277  41.428571  41.018989  -35.783469  -18.131033  -5.486256  74.766956  -4.347989  29.407773  78.020342
0.030916  0.000000  0.000000  0.000000  -14.792861  11.270277  50.000000  35.669630  -41.112964  -26.714812  -5.486256  74.766956  -4.347989  29.407773  78.020342
0.031285  0.000000  0.000000  0.000000  -9.687877  1.241307  -10.000000  49.700164  20.152312  14.164156  -19.169808  65.268025  7.430511  71.680107  85.379941
0.031653  0.000000  0.000000  0.000000  -9.687877  1.241307  -1.428571  51.352762  13.530198  8.473899  -19.169808  65.268025  7.430511  71.680107  85.379941
0.032021  0.000000  0.000000  0.000000  -9.687877  1.241307  7.142857  52.303715  6.786636  3.095257  -19.169808  65.268025  7.430511  71.680107  85.379941
0.032389  0.000000  0.000000  0.000000  -9.687877  1.241307  15.714286  52.613315  -0.014486  -2.133691  -19.169808  65.268025  7.430511  71.680107  85.379941
0.032757  0.000000  0.000000  0.000000  -9.687877  1.241307  24.285714  52.301056  -6.815490  -7.362956  -19.169808  65.268025  7.430511  71.680107  85.379941
0.033125  0.000000  0.000000  0.000000  -9.687877  1.241307  32.857143  51.347273  -13.558675  -12.742568  -19.169808  65.268025  7.430511  71.680107  85.379941
0.033493  0.000000  0.000000  0.000000  -9.687877  1.241307  41.428571  49.691511  -20.180123  -18.434520  -19.169808  65.268025  7.430511  71.680107  85.379941
0.033861  0.000000  0.000000  0.000000  -9.687877  1.241307  50.000000  47.228005  -26.602491  -24.624853  -19.169808  65.268025  7.430511  71.680107  85.379941
0.034229  0.000000  0.000000  0.000000  -15.832366  9.854414  -10.000000  52.074041  22.600371  21.449404  -35.185972  48.986123  18.962168  44.109969  81.111453
0.034597  0.000000  0.000000  0.000000  -15.832366  9.854414  -1.428571  53.872520  15.751860  15.987599  -35.185972  48.986123  18.962168  44.109969  81.111453
0.034965  0.000000  0.000000  0.000000  -15.832366  9.854414  7.142857  54.958790  8.776348  10.886466  -35.185972  48.986123  18.962168  44.109969  81.111453
0.035333  0.000000  0.000000  0.000000  -15.832366  9.854414  15.714286  55.409790  1.734935  5.975125  -35.185972  48.986123  18.962168  44.109969  81.111453
0.035701  0.000000  0.000000  0.000000  -15.832366  9.854414  24.285714  55.256962  -5.319115  1.100383  -35.185972  48.986123  18.962168  44.109969  81.111453
0.036069  0.000000  0.000000  0.000000  -15.832366  9.854414  32.857143  54.489690  -12.334016  -3.887525  -35.185972  48.986123  18.962168  44.109969  81.111453
0.036437  0.000000  0.000000  0.000000  -15.832366  9.854414  41.428571  53.054118  -19.253382  -9.148937  -35.185972  48.986123  18.962168  44.109969  81.111453
0.036805  0.000000  0.000000  0.000000  -15.832366  9.854414  50.000000  50.847419  -26.009255  -14.869595  -35.185972  48.986123  18.962168  44.109969  81.111453
0.037173  0.000000  0.000000  0.000000  -13.257993  -2.578169  -10.000000  57.787140  15.967658  6.244142  -14.409654  58.267476  -22.254540  38.921142  87.134658
0.037541  0.000000  0.000000  0.000000  -13.257993  -2.578169  -1.428571  58.773232  8.672522  1.634408  -14.409654  58.267476  -22.254540  38.921142  87.134658
0.037909  0.000000  0.000000  0.000000  -13.257993  -2.578169  7.142857  59.160430  1.324249  -2.798294  -14.409654  58.267476  -22.254540  38.921142  87.134658
0.038278  0.000000  0.000000  0.000000  -13.257993  -2.578169  15.714286  58.978996  -6.031895  -7.204659  -14.409654  58.267476  -22.254540  38.921142  87.134658
0.038646  0.000000  0.000000  0.000000  -13.257993  -2.578169  24.285714  58.214804  -13.351669  -11.732472  -14.409654  58.267476  -22.254540  38.921142  87.134658
0.039014  0.000000  0.000000  0.000000  -13.257993  -2.578169  32.857143  56.807283  -20.586061  -16.542995  -14.409654  58.267476  -22.254540  38.921142  87.134658
0.039382  0.000000  0.000000  0.000000  -13.257993  -2.578169  41.428571  54.640728  -27.674380  -21.829397  -14.409654  58.267476  -22.254540  38.921142  87.134658
0.039750  0.000000  0.000000  0.000000  -13.257993  -2.578169  50.000000  51.528326  -34.534563  -27.839336  -14.409654  58.267476  -22.254540  38.921142  87.134658
0.040118  0.000000  0.000000  0.000000  -18.678945  -2.832723  -10.000000  48.032095  33.060158  15.859904  -7.730230  5.594733  -39.558813  49.534363  79.072181
0.040486  0.000000  0.000000  0.000000  -18.678945  -2.832723  -1.428571  51.217284  26.522672  9.464482  -7.730230  5.594733  -39.558813  49.534363  79.072181
0.040854  0.000000  0.000000  0.000000  -18.678945  -2.832723  7.142857  53.458367  19.731272  3.772617  -7.730230  5.594733  -39.558813  49.534363  79.072181
0.041222  0.000000  0.000000  0.000000  -18.678945  -2.832723  15.714286  54.923199  12.775091  -1.448140  -7.730230  5.594733  -39.558813  49.534363  79.072181
0.041590  0.000000  0.000000  0.000000  -18.678945  -2.832723  24.285714  55.718826  5.721930  -6.386246  -7.730230  5.594733  -39.558813  49.534363  79.072181
0.041958  0.000000  0.000000  0.000000  -18.678945  -2.832723  32.857143  55.902073  -1.372396  -11.203210  -7.730230  5.594733  -39.558813  49.534363  79.072181
0.042326  0.000000  0.000000  0.000000  -18.678945  -2.832723  41.428571  55.485890  -8.456972  -16.048928  -7.730230  5.594733  -39.558813  49.534363  79.072181
0.042694  0.000000  0.000000  0.000000  -18.678945  -2.832723  50.000000  54.440801  -15.479736  -21.076055  -7.730230  5.594733  -39.558813  49.534363  79.072181
0.043062  0.000000  0.000000  0.000000  -13.609093  16.156670  -10.000000  47.100483  30.398119  27.462381  -29.966889  66.354748  -19.819233  62.709091  86.745001
0.043430  0.000000  0.000000  0.000000  -13.609093  16.156670  -1.428571  50.019403  23.965224  21.087885  -29.966889  66.354748  -19.819233  62.709091  86.745001
0.043798  0.000000  0.000000  0.000000  -13.609093  16.156670  7.142857  52.052488  17.294633  15.331531  -29.966889  66.354748  -19.819233  62.709091  86.745001
0.044166  0.000000  0.000000  0.000000  -13.609093  16.156670  15.714286  53.338853  10.471575  9.983551  -29.966889  66.354748  -19.819233  62.709091  86.745001
0.044534  0.000000  0.000000  0.000000  -13.609093  16.156670  24.285714  53.965358  3.563225  4.868103  -29.966889  66.354748  -19.819233  62.709091  86.745001
0.044902  0.000000  0.000000  0.000000  -13.609093  16.156670  32.857143  53.973744  -3.372989  -0.170663  -29.966889  66.354748  -19.819233  62.709091  86.745001
0.045271  0.000000  0.000000  0.000000  -13.609093  16.156670  41.428571  53.364573  -10.282831  -5.281978  -29.966889  66.354748  -19.819233  62.709091  86.745001
0.045639  0.000000  0.000000  0.000000  -13.609093  16.156670  50.000000  52.097258  -17.109059  -10.621344  -29.966889  66.354748  -19.819233  62.709091  86.745001
0.046007  0.000000  0.000000  0.000000  -34.701070  -0.795906  -10.000000  49.977657  4.334001  1.292277  13.934804  49.845303  -10.478391  53.001057  83.140325
0.046375  0.000000  0.000000  0.000000  -34.701070  -0.795906  -1.428571  50.078492  -2.239854  -4.212005  13.934804  49.845303  -10.478391  53.001057  83.140325
0.046743  0.000000  0.000000  0.000000  -34.701070  -0.795906  7.142857  49.543302  -8.792885  -9.765984  13.934804  49.845303  -10.478391  53.001057  83.140325
0.047111  0.000000  0.000000  0.000000  -34.701070  -0.795906  15.714286  48.341571  -15.261729  -15.519250  13.934804  49.845303  -10.478391  53.001057  83.140325
0.047479  0.000000  0.000000  0.000000  -34.701070  -0.795906  24.285714  46.404832  -21.574715  -21.634594  13.934804  49.845303  -10.478391  53.001057  83.140325
0.047847  0.000000  0.000000  0.000000  -34.701070  -0.795906  32.857143  43.623932  -27.644586  -28.296916  13.934804  49.845303  -10.478391  53.001057  83.140325
0.048215  0.000000  0.000000  0.000000  -34.701070  -0.795906  41.428571  39.848259  -33.359619  -35.718680  13.934804  49.845303  -10.478391  53.001057  83.140325
0.048583  0.000000  0.000000  0.000000  -24.364720  -4.843066  -10.000000  38.353373  1.099126  -1.495751  19.607723  49.126808  7.644266  28.082227  79.032972
0.048951  0.000000  0.000000  0.000000  -24.364720  -4.843066  -1.428571  38.169991  -4.214880  -8.226037  19.607723  49.126808  7.644266  28.082227  79.032972
0.049319  0.000000  0.000000  0.000000  -24.364720  -4.843066  7.142857  37.355350  -9.470213  -15.048495  19.607723  49.126808  7.644266  28.082227  79.032972
0.049687  0.000000  0.000000  0.000000  -24.364720  -4.843066  15.714286  35.886546  -14.589806  -22.080239  19.607723  49.126808  7.644266  28.082227  79.032972
0.050055  0.000000  0.000000  0.000000  -24.364720  -4.843066  24.285714  33.725349  -19.489386  -29.439495  19.607723  49.126808  7.644266  28.082227  79.032972
0.050423  0.000000  0.000000  0.000000  -24.364720  -4.843066  32.857143  30.823672  -24.073903  -37.242576  19.607723  49.126808  7.644266  28.082227  79.032972
0.050791  0.000000  0.000000  0.000000  -24.364720  -4.843066  41.428571  27.133967  -28.234733  -45.595781  19.607723  49.126808  7.644266  28.082227  79.032972
0.051159  0.000000  0.000000  0.000000  -24.364720  -4.843066  50.000000  22.627370  -31.849332  -54.579229  19.607723  49.126808  7.644266  28.082227  79.032972
0.051527  0.000000  0.000000  0.000000  -13.923834  14.883047  -10.000000  55.607072  7.279244  -0.509335  -82.509233  -16.360483  96.842656  53.279678  86.619290
0.051895  0.000000  0.000000  0.000000  -13.923834  14.883047  -1.428571  55.922373  0.188731  -5.338744  -82.509233  -16.360483  96.842656  53.279678  86.619290
0.052264  0.000000  0.000000  0.000000  -13.923834  14.883047  7.142857  55.639093  -6.903097  -10.164199  -82.509233  -16.360483  96.842656  53.279678  86.619290
0.052632  0.000000  0.000000  0.000000  -13.923834  14.883047  15.714286  54.737179  -13.945003  -15.136517  -82.509233  -16.360483  96.842656  53.279678  86.619290
0.053000  0.000000  0.000000  0.000000  -13.923834  14.883047  24.285714  53.152015  -20.879702  -20.420604  -82.509233  -16.360483  96.842656  53.279678  86.619290
0.053368  0.000000  0.000000  0.000000  -13.923834  14.883047  32.857143  50.767188  -27.636597  -26.211063  -82.509233  -16.360483  96.842656  53.279678  86.619290
0.053736  0.000000  0.000000  0.000000  -13.923834  14.883047  41.428571  47.403443  -34.121876  -32.749398  -82.509233  -16.360483  96.842656  53.279678  86.619290
0.054104  0.000000  0.000000  0.000000  -11.254544  7.528764  -10.000000  49.259056  32.875408  -0.587432  -63.030357  -13.716946  66.840998  75.242226  84.235786
0.054472  0.000000  0.000000  0.000000  -11.254544  7.528764  -1.428571  52.336640  26.225886  -6.812433  -63.030357  -13.716946  66.840998  75.242226  84.235786
0.054840  0.000000  0.000000  0.000000  -11.254544  7.528764  7.142857  54.486544  19.337795  -12.350834  -63.030357  -13.716946  66.840998  75.242226  84.235786
0.055208  0.000000  0.000000  0.000000  -11.254544  7.528764  15.714286  55.875660  12.296194  -17.434506  -63.030357  -13.716946  66.840998  75.242226  84.235786
0.055576  0.000000  0.000000  0.000000  -11.254544  7.528764  24.285714  56.608500  5.165715  -22.250298  -63.030357  -13.716946  66.840998  75.242226  84.235786
0.055944  0.000000  0.000000  0.000000  -11.254544  7.528764  32.857143  56.738862  -2.000222  -26.958229  -63.030357  -13.716946  66.840998  75.242226  84.235786
0.056312  0.000000  0.000000  0.000000  -11.254544  7.528764  41.428571  56.276192  -9.152553  -31.707599  -63.030357  -13.716946  66.840998  75.242226  84.235786
0.056680  0.000000  0.000000  0.000000  -11.254544  7.528764  50.000000  55.186782  -16.240560  -36.651822  -63.030357  -13.716946  66.840998  75.242226  84.235786
0.057048  0.000000  0.000000  0.000000  -26.929452  10.424005  -10.000000  35.129026  -1.453652  -0.290127  43.748490  42.752877  -15.358107  69.489230  81.658090
0.057416  0.000000  0.000000  0.000000  -26.929452  10.424005  -1.428571  34.647813  -6.362543  -7.335247  43.748490  42.752877  -15.358107  69.489230  81.658090
0.057784  0.000000  0.000000  0.000000  -26.929452  10.424005  7.142857  33.550970  -11.174317  -14.514895  43.748490  42.752877  -15.358107  69.489230  81.658090
0.058152  0.000000  0.000000  0.000000  -26.929452  10.424005  15.714286  31.816764  -15.809584  -21.932143  43.748490  42.752877  -15.358107  69.489230  81.658090
0.058520  0.000000  0.000000  0.000000  -26.929452  10.424005  24.285714  29.415917  -20.181883  -29.686822  43.748490  42.752877  -15.358107  69.489230  81.658090
0.058888  0.000000  0.000000  0.000000  -26.929452  10.424005  32.857143  26.319214  -24.195733  -37.869567  43.748490  42.752877  -15.358107  69.489230  81.658090
0.059257  0.000000  0.000000  0.000000  -26.929452  10.424005  41.428571  22.509559  -27.746047  -46.551463  43.748490  42.752877  -15.358107  69.489230  81.658090
0.059625  0.000000  0.000000  0.000000  -26.929452  10.424005  50.000000  17.999666  -30.720586  -55.767833  43.748490  42.752877  -15.358107  69.489230  81.658090
0.059993  0.000000  0.000000  0.000000  -13.000084  20.300530  -10.000000  55.120140  30.057499  -1.386808  7.773216  37.820728  -23.977652  45.326459  84.890518
0.060361  0.000000  0.000000  0.000000  -13.000084  20.300530  -1.428571  57.494298  22.920242  -6.696377  7.773216  37.820728  -23.977652  45.326459  84.890518
0.060729  0.000000  0.000000  0.000000  -13.000084  20.300530  7.142857  59.072884  15.624419  -11.466952  7.773216  37.820728  -23.977652  45.326459  84.890518
0.061097  0.000000  0.000000  0.000000  -13.000084  20.300530  15.714286  59.992746  8.232759  -15.905944  7.773216  37.820728  -23.977652  45.326459  84.890518
0.061465  0.000000  0.000000  0.000000  -13.000084  20.300530  24.285714  60.330027  0.794175  -20.181001  7.773216  37.820728  -23.977652  45.326459  84.890518
0.061833  0.000000  0.000000  0.000000  -13.000084  20.300530  32.857143  60.111934  -6.648811  -24.440625  7.773216  37.820728  -23.977652  45.326459  84.890518
0.062201  0.000000  0.000000  0.000000  -13.000084  20.300530  41.428571  59.320922  -14.054266  -28.831516  7.773216  37.820728  -23.977652  45.326459  84.890518
0.062569  0.000000  0.000000  0.000000  -20.099354  5.880208  -10.000000  55.296928  20.752589  3.615628  -18.476182  72.195649  -54.253021  42.825652  83.775684
0.062937  0.000000  0.000000  0.000000  -20.099354  5.880208  -1.428571  56.781544  13.638542  -1.393556  -18.476182  72.195649  -54.253021  42.825652  83.775684
0.063305  0.000000  0.000000  0.000000  -20.099354  5.880208  7.142857  57.604830  6.430107  -6.106698  -18.476182  72.195649  -54.253021  42.825652  83.775684
0.063673  0.000000  0.000000  0.000000  -20.099354  5.880208  15.714286  57.829544  -0.820228  -10.687120  -18.476182  72.195649  -54.253021  42.825652  83.775684
0.064041  0.000000  0.000000  0.000000  -20.099354  5.880208  24.285714  57.472533  -8.065320  -15.284248  -18.476182  72.195649  -54.253021  42.825652  83.775684
0.064409  0.000000  0.000000  0.000000  -20.099354  5.880208  32.857143  56.506976  -15.257324  -20.049207  -18.476182  72.195649  -54.253021  42.825652  83.775684
0.064777  0.000000  0.000000  0.000000  -20.099354  5.880208  41.428571  54.858831  -22.341665  -25.150786  -18.476182  72.195649  -54.253021  42.825652  83.775684
0.065145  0.000000  0.000000  0.000000  -20.099354  5.880208  50.000000  52.397298  -29.249346  -30.793450  -18.476182  72.195649  -54.253021  42.825652  83.775684
0.065513  0.000000  0.000000  0.000000  -11.830180  13.863842  -10.000000  36.205681  -2.499438  8.336286  -7.973677  92.979565  -50.644469  76.799015  86.694034
0.065881  0.000000  0.000000  0.000000  -11.830180  13.863842  -1.428571  35.595185  -7.531769  1.368626  -7.973677  92.979565  -50.644469  76.799015  86.694034
0.066250  0.000000  0.000000  0.000000  -11.830180  13.863842  7.142857  34.355483  -12.451562  -5.760906  -7.973677  92.979565  -50.644469  76.799015  86.694034
0.066618  0.000000  0.000000  0.000000  -11.830180  13.863842  15.714286  32.459420  -17.177694  -13.160399  -7.973677  92.979565  -50.644469  76.799015  86.694034
0.066986  0.000000  0.000000  0.000000  -11.830180  13.863842  24.285714  29.871644  -21.620702  -20.934937  -7.973677  92.979565  -50.644469  76.799015  86.694034
0.067354  0.000000  0.000000  0.000000  -11.830180  13.863842  32.857143  26.557215  -25.680613  -29.179929  -7.973677  92.979565  -50.644469  76.799015  86.694034
0.067722  0.000000  0.000000  0.000000  -11.830180  13.863842  41.428571  22.495690  -29.246467  -37.968793  -7.973677  92.979565  -50.644469  76.799015  86.694034
0.068090  0.000000  0.000000  0.000000  -11.830180  13.863842  50.000000  17.701582  -32.199369  -47.334148  -7.973677  92.979565  -50.644469  76.799015  86.694034
0.068458  0.000000  0.000000  0.000000  -14.929058  -0.367552  -10.000000  42.915246  16.676941  4.401759  18.357787  27.704586  -18.575437  67.754017  82.766163
0.068826  0.000000  0.000000  0.000000  -14.929058  -0.367552  -1.428571  44.431068  10.751700  -1.977159  18.357787  27.704586  -18.575437  67.754017  82.766163
0.069194  0.000000  0.000000  0.000000  -14.929058  -0.367552  7.142857  45.257184  4.701466  -8.107430  18.357787  27.704586  -18.575437  67.754017  82.766163
0.069562  0.000000  0.000000  0.000000  -14.929058  -0.367552  15.714286  45.431063  -1.401359  -14.131477  18.357787  27.704586  -18.575437  67.754017  82.766163
0.069930  0.000000  0.000000  0.000000  -14.929058  -0.367552  24.285714  44.960634  -7.488649  -20.187046  18.357787  27.704586  -18.575437  67.754017  82.766163
0.070298  0.000000  0.000000  0.000000  -14.929058  -0.367552  32.857143  43.824450  -13.490975  -26.413235  18.357787  27.704586  -18.575437  67.754017  82.766163
0.070666  0.000000  0.000000  0.000000  -14.929058  -0.367552  41.428571  41.971486  -19.332118  -32.956527  18.357787  27.704586  -18.575437  67.754017  82.766163
0.071034  0.000000  0.000000  0.000000  -14.929058  -0.367552  50.000000  39.321864  -24.922971  -39.974944  18.357787  27.704586  -18.575437  67.754017  82.766163
0.071402  0.000000  0.000000  0.000000  -15.518368  20.897341  -10.000000  42.474758  7.321566  1.178981  46.429540  39.898844  -45.870440  58.971641  86.913301
0.071770  0.000000  0.000000  0.000000  -15.518368  20.897341  -1.428571  42.961471  1.500868  -5.134465  46.429540  39.898844  -45.870440  58.971641  86.913301
0.072138  0.000000  0.000000  0.000000  -15.518368  20.897341  7.142857  42.805650  -4.337930  -11.414289  46.429540  39.898844  -45.870440  58.971641  86.913301
0.072506  0.000000  0.000000  0.000000  -15.518368  20.897341  15.714286  42.001090  -10.124061  -17.791652  46.429540  39.898844  -45.870440  58.971641  86.913301
0.072874  0.000000  0.000000  0.000000  -15.518368  20.897341  24.285714  40.516184  -15.783009  -24.400897  46.429540  39.898844  -45.870440  58.971641  86.913301
0.073243  0.000000  0.000000  0.000000  -15.518368  20.897341  32.857143  38.294993  -21.231281  -31.382794  46.429540  39.898844  -45.870440  58.971641  86.913301
0.073611  0.000000  0.000000  0.000000  -15.518368  20.897341  41.428571  35.260807  -26.371072  -38.884712  46.429540  39.898844  -45.870440  58.971641  86.913301
0.073979  0.000000  0.000000  0.000000  -15.518368  20.897341  50.000000  31.325621  -31.085045  -47.054310  46.429540  39.898844  -45.870440  58.971641  86.913301
0.074347  0.000000  0.000000  0.000000  -24.998549  5.692378  -10.000000  54.199388  21.375682  17.412526  -43.183597  11.101377  46.818833  49.364164  87.306963
0.074715  0.000000  0.000000  0.000000  -24.998549  5.692378  -1.428571  55.787105  14.349979  12.249346  -43.183597  11.101377  46.818833  49.364164  87.306963
0.075083  0.000000  0.000000  0.000000  -24.998549  5.692378  7.142857  56.696099  7.219467  7.403706  -43.183597  11.101377  46.818833  49.364164  87.306963
0.075451  0.000000  0.000000  0.000000  -24.998549  5.692378  15.714286  56.994005  0.039490  2.709596  -43.183597  11.101377  46.818833  49.364164  87.306963
0.075819  0.000000  0.000000  0.000000  -24.998549  5.692378  24.285714  56.702612  -7.140759  -1.983707  -43.183597  11.101377  46.818833  49.364164  87.306963
0.076187  0.000000  0.000000  0.000000  -24.998549  5.692378  32.857143  55.800611  -14.272097  -6.826821  -43.183597  11.101377  46.818833  49.364164  87.306963
0.076555  0.000000  0.000000  0.000000  -24.998549  5.692378  41.428571  54.220916  -21.299296  -11.985505  -43.183597  11.101377  46.818833  49.364164  87.306963
0.076923  0.000000  0.000000  0.000000  -24.998549  5.692378  50.000000  51.842563  -28.153689  -17.657459  -43.183597  11.101377  46.818833  49.364164  87.306963
0.077291  0.000000  0.000000  0.000000  -13.392504  16.323174  -10.000000  48.462848  24.467316  11.234078  31.185200  10.103977  -33.819294  68.252008  83.589926
0.077659  0.000000  0.000000  0.000000  -13.392504  16.323174  -1.428571  50.624611  17.939022  5.271382  31.185200  10.103977  -33.819294  68.252008  83.589926
0.078027  0.000000  0.000000  0.000000  -13.392504  16.323174  7.142857  52.021584  11.242089  -0.260635  31.185200  10.103977  -33.819294  68.252008  83.589926
0.078395  0.000000  0.000000  0.000000  -13.392504  16.323174  15.714286  52.743794  4.447752  -5.538873  31.185200  10.103977  -33.819294  68.252008  83.589926
0.078763  0.000000  0.000000  0.000000  -13.392504  16.323174  24.285714  52.837354  -2.383447  -10.720049  31.185200  10.103977  -33.819294  68.252008  83.589926
0.079131  0.000000  0.000000  0.000000  -13.392504  16.323174  32.857143  52.308198  -9.194986  -15.953007  31.185200  10.103977  -33.819294  68.252008  83.589926
0.079499  0.000000  0.000000  0.000000  -13.392504  16.323174  41.428571  51.122652  -15.928267  -21.390787  31.185200  10.103977  -33.819294  68.252008  83.589926
0.079868  0.000000  0.000000  0.000000  -13.392504  16.323174  50.000000  49.204493  -22.516018  -27.202894  31.185200  10.103977  -33.819294  68.252008  83.589926
0.080236  0.000000  0.000000  0.000000  -39.114073  -13.266071  -10.000000  49.638230  0.998457  2.575769  11.391499  64.398144  -62.168741  61.611593  84.296884
0.080604  0.000000  0.000000  0.000000  -39.114073  -13.266071  -1.428571  49.417841  -5.527153  -2.989083  11.391499  64.398144  -62.168741  61.611593  84.296884
0.080972  0.000000  0.000000  0.000000  -39.114073  -13.266071  7.142857  48.549039  -11.999864  -8.677791  11.391499  64.398144  -62.168741  61.611593  84.296884
0.081340  0.000000  0.000000  0.000000  -39.114073  -13.266071  15.714286  46.983331  -18.352157  -14.644457  11.391499  64.398144  -62.168741  61.611593  84.296884
0.081708  0.000000  0.000000  0.000000  -39.114073  -13.266071  24.285714  44.633865  -24.504866  -21.060284  11.391499  64.398144  -62.168741  61.611593  84.296884
0.082076  0.000000  0.000000  0.000000  -39.114073  -13.266071  32.857143  41.373680  -30.359185  -28.120650  11.391499  64.398144  -62.168741  61.611593  84.296884
0.082444  0.000000  0.000000  0.000000  -39.114073  -13.266071  41.428571  37.039277  -35.787274  -36.045558  11.391499  64.398144  -62.168741  61.611593  84.296884
0.082812  0.000000  0.000000  0.000000  -22.820947  -1.479951  -10.000000  53.987073  25.276330  4.294495  16.488620  27.369160  -14.210953  49.547109  77.974516
0.083180  0.000000  0.000000  0.000000  -22.820947  -1.479951  -1.428571  55.955103  18.252162  -0.999982  16.488620  27.369160  -14.210953  49.547109  77.974516
0.083548  0.000000  0.000000  0.000000  -22.820947  -1.479951  7.142857  57.193759  11.093966  -5.877686  16.488620  27.369160  -14.210953  49.547109  77.974516
0.083916  0.000000  0.000000  0.000000  -22.820947  -1.479951  15.714286  57.799429  3.861174  -10.519982  16.488620  27.369160  -14.210953  49.547109  77.974516
0.084284  0.000000  0.000000  0.000000  -22.820947  -1.479951  24.285714  57.817976  -3.396437  -15.083374  16.488620  27.369160  -14.210953  49.547109  77.974516
0.084652  0.000000  0.000000  0.000000  -22.820947  -1.479951  32.857143  57.250811  -10.632247  -19.716098  16.488620  27.369160  -14.210953  49.547109  77.974516
0.085020  0.000000  0.000000  0.000000  -22.820947  -1.479951  41.428571  56.055012  -17.796867  -24.573632  16.488620  27.369160  -14.210953  49.547109  77.974516
0.085388  0.000000  0.000000  0.000000  -22.820947  -1.479951  50.000000  54.137740  -24.831708  -29.835224  16.488620  27.369160  -14.210953  49.547109  77.974516
0.085756  0.000000  0.000000  0.000000  -13.425072  1.027509  -10.000000  51.602798  4.750113  13.213530  5.660186  36.304728  12.230260  40.308079  85.061642
0.086124  0.000000  0.000000  0.000000  -13.425072  1.027509  -1.428571  51.731652  -1.978331  7.898789  5.660186  36.304728  12.230260  40.308079  85.061642
0.086492  0.000000  0.000000  0.000000  -13.425072  1.027509  7.142857  51.232341  -8.689638  2.540672  5.660186  36.304728  12.230260  40.308079  85.061642
0.086861  0.000000  0.000000  0.000000  -13.425072  1.027509  15.714286  50.074402  -15.323443  -3.012237  5.660186  36.304728  12.230260  40.308079  85.061642
0.087229  0.000000  0.000000  0.000000  -13.425072  1.027509  24.285714  48.186849  -21.811243  -8.925904  5.660186  36.304728  12.230260  40.308079  85.061642
0.087597  0.000000  0.000000  0.000000  -13.425072  1.027509  32.857143  45.453915  -28.068866  -15.391820  5.660186  36.304728  12.230260  40.308079  85.061642
0.087965  0.000000  0.000000  0.000000  -13.425072  1.027509  41.428571  41.711422  -33.986950  -22.635608  5.660186  36.304728  12.230260  40.308079  85.061642
0.088333  0.000000  0.000000  0.000000  -13.425072  1.027509  50.000000  36.751197  -39.419128  -30.916322  5.660186  36.304728  12.230260  40.308079  85.061642
0.088701  0.000000  0.000000  0.000000  -21.726753  18.699366  -10.000000  48.397642  16.242317  20.185944  71.740589  6.737180  -52.444910  74.770881  86.190078
0.089069  0.000000  0.000000  0.000000  -21.726753  18.699366  -1.428571  49.697392  9.763112  14.423054  71.740589  6.737180  -52.444910  74.770881  86.190078
0.089437  0.000000  0.000000  0.000000  -21.726753  18.699366  7.142857  50.323923  3.190834  8.882293  71.740589  6.737180  -52.444910  74.770881  86.190078
0.089805  0.000000  0.000000  0.000000  -21.726753  18.699366  15.714286  50.313394  -3.410818  3.412305  71.740589  6.737180  -52.444910  74.770881  86.190078
0.090173  0.000000  0.000000  0.000000  -21.726753  18.699366  24.285714  49.665206  -9.981052  -2.133369  71.740589  6.737180  -52.444910  74.770881  86.190078
0.090541  0.000000  0.000000  0.000000  -21.726753  18.699366  32.857143  48.341936  -16.455973  -7.906421  71.740589  6.737180  -52.444910  74.770881  86.190078
0.090909  0.000000  0.000000  0.000000  -21.726753  18.699366  41.428571  46.267255  -22.762137  -14.073779  71.740589  6.737180  -52.444910  74.770881  86.190078
0.091277  0.000000  0.000000  0.000000  -21.726753  18.699366  50.000000  43.322902  -28.809000  -20.826571  71.740589  6.737180  -52.444910  74.770881  86.190078
0.091645  0.000000  0.000000  0.000000  -15.744315  19.830914  -10.000000  50.854351  24.433986  28.009304  -19.864205  65.384702  -21.280079  26.115822  78.747345
0.092013  0.000000  0.000000  0.000000  -15.744315  19.830914  -1.428571  52.895921  17.685262  22.341722  -19.864205  65.384702  -21.280079  26.115822  78.747345
0.092381  0.000000  0.000000  0.000000  -15.744315  19.830914  7.142857  54.190549  10.786237  17.090138  -19.864205  65.384702  -21.280079  26.115822  78.747345
0.092749  0.000000  0.000000  0.000000  -15.744315  19.830914  15.714286  54.828732  3.802768  12.076335  -19.864205  65.384702  -21.280079  26.115822  78.747345
0.093117  0.000000  0.000000  0.000000  -15.744315  19.830914  24.285714  54.854341  -3.209240  7.143581  -19.864205  65.384702  -21.280079  26.115822  78.747345
0.093485  0.000000  0.000000  0.000000  -15.744315  19.830914  32.857143  54.269134  -10.197204  2.142516  -19.864205  65.384702  -21.280079  26.115822  78.747345
0.093854  0.000000  0.000000  0.000000  -15.744315  19.830914  41.428571  53.032912  -17.105752  -3.082413  -19.864205  65.384702  -21.280079  26.115822  78.747345
0.094222  0.000000  0.000000  0.000000  -15.744315  19.830914  50.000000  51.059408  -23.870144  -8.707052  -19.864205  65.384702  -21.280079  26.115822  78.747345
0.094590  0.000000  0.000000  0.000000  -12.578008  10.798736  -10.000000  37.644366  32.836303  5.961824  23.382287  18.539545  -102.581523  40.659721  87.301758
0.094958  0.000000  0.000000  0.000000  -12.578008  10.798736  -1.428571  41.482993  27.367743  -1.674667  23.382287  18.539545  -102.581523  40.659721  87.301758
0.095326  0.000000  0.000000  0.000000  -12.578008  10.798736  7.142857  44.342356  21.523936  -8.568245  23.382287  18.539545  -102.581523  40.659721  87.301758
0.095694  0.000000  0.000000  0.000000  -12.578008  10.798736  15.714286  46.358429  15.419506  -14.916507  23.382287  18.539545  -102.581523  40.659721  87.301758
0.096062  0.000000  0.000000  0.000000  -12.578008  10.798736  24.285714  47.633618  9.145340  -20.896732  23.382287  18.539545  -102.581523  40.659721  87.301758
0.096430  0.000000  0.000000  0.000000  -12.578008  10.798736  32.857143  48.234381  2.776719  -26.667742  23.382287  18.539545  -102.581523  40.659721  87.301758
0.096798  0.000000  0.000000  0.000000  -12.578008  10.798736  41.428571  48.192285  -3.619699  -32.376581  23.382287  18.539545  -102.581523  40.659721  87.301758
0.097166  0.000000  0.000000  0.000000  -12.578008  10.798736  50.000000  47.505121  -9.979794  -38.166593  23.382287  18.539545  -102.581523  40.659721  87.301758
0.097534  0.000000  0.000000  0.000000  -14.914240  11.019248  -10.000000  44.878470  13.323555  16.291507  19.188502  -4.107478  11.315782  49.253553  78.716303
0.097902  0.000000  0.000000  0.000000  -14.914240  11.019248  -1.428571  45.970300  7.212013  10.180555  19.188502  -4.107478  11.315782  49.253553  78.716303
0.098270  0.000000  0.000000  0.000000  -14.914240  11.019248  7.142857  46.398217  1.021558  4.233720  19.188502  -4.107478  11.315782  49.253553  78.716303
0.098638  0.000000  0.000000  0.000000  -14.914240  11.019248  15.714286  46.182791  -5.179852  -1.690170  19.188502  -4.107478  11.315782  49.253553  78.716303
0.099006  0.000000  0.000000  0.000000  -14.914240  11.019248  24.285714  45.313656  -11.325152  -7.731168  19.188502  -4.107478  11.315782  49.253553  78.716303
0.099374  0.000000  0.000000  0.000000  -14.914240  11.019248  32.857143  43.749351  -17.342576  -14.035068  19.188502  -4.107478  11.315782  49.253553  78.716303
0.099742  0.000000  0.000000  0.000000  -14.914240  11.019248  41.428571  41.417043  -23.149578  -20.759368  19.188502  -4.107478  11.315782  49.253553  78.716303
0.100110  0.000000  0.000000  0.000000  -14.914240  11.019248  50.000000  38.214021  -28.646221  -28.076322  19.188502  -4.107478  11.315782  49.253553  78.716303
0.100478  0.000000  0.000000  0.000000  -29.887788  11.855887  -10.000000  54.602377  0.453916  -3.691300  52.768045  33.654537  -27.250407  46.163374  87.342807
0.100847  0.000000  0.000000  0.000000  -29.887788  11.855887  -1.428571  54.337691  -6.526027  -8.676327  52.768045  33.654537  -27.250407  46.163374  87.342807
0.101215  0.000000  0.000000  0.000000  -29.887788  11.855887  7.142857  53.446185  -13.455640  -13.802260  52.768045  33.654537  -27.250407  46.163374  87.342807
0.101583  0.000000  0.000000  0.000000  -29.887788  11.855887  15.714286  51.866912  -20.275363  -19.232273  52.768045  33.654537  -27.250407  46.163374  87.342807
0.101951  0.000000  0.000000  0.000000  -29.887788  11.855887  24.285714  49.490044  -26.912633  -25.156315  52.768045  33.654537  -27.250407  46.163374  87.342807
0.102319  0.000000  0.000000  0.000000  -29.887788  11.855887  32.857143  46.147997  -33.272341  -31.805926  52.768045  33.654537  -27.250407  46.163374  87.342807
0.102687  0.000000  0.000000  0.000000  -38.060003  18.080136  -10.000000  54.242477  16.620415  16.806457  7.688490  55.940695  3.251891  49.315723  79.749630
0.103055  0.000000  0.000000  0.000000  -38.060003  18.080136  -1.428571  55.395264  9.609999  11.738722  7.688490  55.940695  3.251891  49.315723  79.749630
0.103423  0.000000  0.000000  0.000000  -38.060003  18.080136  7.142857  55.910432  2.528864  6.878489  7.688490  55.940695  3.251891  49.315723  79.749630
0.103791  0.000000  0.000000  0.000000  -38.060003  18.080136  15.714286  55.824594  -4.570241  2.071301  7.688490  55.940695  3.251891  49.315723  79.749630
0.104159  0.000000  0.000000  0.000000  -38.060003  18.080136  24.285714  55.131658  -11.636685  -2.832219  7.688490  55.940695  3.251891  49.315723  79.749630
0.104527  0.000000  0.000000  0.000000  -38.060003  18.080136  32.857143  53.782216  -18.615957  -7.990677  7.688490  55.940695  3.251891  49.315723  79.749630
0.104895  0.000000  0.000000  0.000000  -38.060003  18.080136  41.428571  51.677937  -25.442838  -13.587094  7.688490  55.940695  3.251891  49.315723  79.749630
0.105263  0.000000  0.000000  0.000000  -38.060003  18.080136  50.000000  48.661501  -32.032541  -19.845711  7.688490  55.940695  3.251891  49.315723  79.749630
0.105631  0.000000  0.000000  0.000000  -30.404238  6.376493  -10.000000  57.511036  7.860308  12.114147  -14.026577  89.579259  -51.275815  42.091736  85.803120
0.105999  0.000000  0.000000  0.000000  -30.404238  6.376493  -1.428571  57.851134  0.612827  7.522090  -14.026577  89.579259  -51.275815  42.091736  85.803120
0.106367  0.000000  0.000000  0.000000  -30.404238  6.376493  7.142857  57.609826  -6.638573  2.942495  -14.026577  89.579259  -51.275815  42.091736  85.803120
0.106735  0.000000  0.000000  0.000000  -30.404238  6.376493  15.714286  56.768983  -13.846710  -1.774192  -14.026577  89.579259  -51.275815  42.091736  85.803120
0.107103  0.000000  0.000000  0.000000  -30.404238  6.376493  24.285714  55.264468  -20.958901  -6.791947  -14.026577  89.579259  -51.275815  42.091736  85.803120
0.107471  0.000000  0.000000  0.000000  -30.404238  6.376493  32.857143  52.977663  -27.909793  -12.306615  -14.026577  89.579259  -51.275815  42.091736  85.803120
0.107840  0.000000  0.000000  0.000000  -30.404238  6.376493  41.428571  49.721242  -34.611388  -18.566580  -14.026577  89.579259  -51.275815  42.091736  85.803120
0.108208  0.000000  0.000000  0.000000  -30.404238  6.376493  50.000000  45.221535  -40.938266  -25.894890  -14.026577  89.579259  -51.275815  42.091736  85.803120
0.108576  0.000000  0.000000  0.000000  -25.062346  21.052976  -10.000000  34.779125  19.473784  4.595992  4.453897  40.019611  -81.480487  19.991075  79.851794
0.108944  0.000000  0.000000  0.000000  -25.062346  21.052976  -1.428571  36.902362  14.447902  -2.666482  4.453897  40.019611  -81.480487  19.991075  79.851794
0.109312  0.000000  0.000000  0.000000  -25.062346  21.052976  7.142857  38.327071  9.209809  -9.601270  4.453897  40.019611  -81.480487  19.991075  79.851794
0.109680  0.000000  0.000000  0.000000  -25.062346  21.052976  15.714286  39.093684  3.843155  -16.330923  4.453897  40.019611  -81.480487  19.991075  79.851794
0.110048  0.000000  0.000000  0.000000  -25.062346  21.052976  24.285714  39.225463  -1.575624  -22.975949  4.453897  40.019611  -81.480487  19.991075  79.851794
0.110416  0.000000  0.000000  0.000000  -25.062346  21.052976  32.857143  38.726485  -6.973134  -29.655597  4.453897  40.019611  -81.480487  19.991075  79.851794
0.110784  0.000000  0.000000  0.000000  -25.062346  21.052976  41.428571  37.581430  -12.274745  -36.489662  4.453897  40.019611  -81.480487  19.991075  79.851794
0.111152  0.000000  0.000000  0.000000  -25.062346  21.052976  50.000000  35.756638  -17.400327  -43.599878  4.453897  40.019611  -81.480487  19.991075  79.851794
0.111520  0.000000  0.000000  0.000000  -13.904146  0.307383  -10.000000  52.311793  -0.483264  -3.978974  1.882635  77.128213  -13.982571  70.483452  79.144291
0.111888  0.000000  0.000000  0.000000  -13.904146  0.307383  -1.428571  51.955305  -7.254710  -9.249284  1.882635  77.128213  -13.982571  70.483452  79.144291
0.112256  0.000000  0.000000  0.000000  -13.904146  0.307383  7.142857  50.952960  -13.963619  -14.680349  1.882635  77.128213  -13.982571  70.483452  79.144291
0.112624  0.000000  0.000000  0.000000  -13.904146  0.307383  15.714286  49.241936  -20.544852  -20.434940  1.882635  77.128213  -13.982571  70.483452  79.144291
0.112992  0.000000  0.000000  0.000000  -13.904146  0.307383  24.285714  46.714462  -26.919356  -26.700067  1.882635  77.128213  -13.982571  70.483452  79.144291
0.113360  0.000000  0.000000  0.000000  -13.904146  0.307383  32.857143  43.212631  -32.984907  -33.697517  1.882635  77.128213  -13.982571  70.483452  79.144291
0.113728  0.000000  0.000000  0.000000  -36.475459  20.831961  -10.000000  42.372003  1.360136  13.222093  63.471187  20.175896  -14.085301  58.680189  84.359264
0.114096  0.000000  0.000000  0.000000  -36.475459  20.831961  -1.428571  42.202714  -4.413038  6.881554  63.471187  20.175896  -14.085301  58.680189  84.359264
0.114464  0.000000  0.000000  0.000000  -36.475459  20.831961  7.142857  41.385694  -10.131601  0.441975  63.471187  20.175896  -14.085301  58.680189  84.359264
0.114833  0.000000  0.000000  0.000000  -36.475459  20.831961  15.714286  39.890062  -15.720447  -6.229023  63.471187  20.175896  -14.085301  58.680189  84.359264
0.115201  0.000000  0.000000  0.000000  -36.475459  20.831961  24.285714  37.661815  -21.095630  -13.269547  63.471187  20.175896  -14.085301  58.680189  84.359264
0.115569  0.000000  0.000000  0.000000  -36.475459  20.831961  32.857143  34.627847  -26.159231  -20.822975  63.471187  20.175896  -14.085301  58.680189  84.359264
0.115937  0.000000  0.000000  0.000000  -36.475459  20.831961  41.428571  30.705769  -30.794527  -29.031151  63.471187  20.175896  -14.085301  58.680189  84.359264
0.116305  0.000000  0.000000  0.000000  -36.475459  20.831961  50.000000  25.824546  -34.863108  -38.016245  63.471187  20.175896  -14.085301  58.680189  84.359264
0.116673  0.000000  0.000000  0.000000  -23.840646  9.388269  -10.000000  49.315344  24.252160  19.960438  7.405947  4.651382  23.814821  32.285547  78.774984
0.117041  0.000000  0.000000  0.000000  -23.840646  9.388269  -1.428571  51.412634  17.645081  14.108577  7.405947  4.651382  23.814821  32.285547  78.774984
0.117409  0.000000  0.000000  0.000000  -23.840646  9.388269  7.142857  52.754009  10.877812  8.676845  7.405947  4.651382  23.814821  32.285547  78.774984
0.117777  0.000000  0.000000  0.000000  -23.840646  9.388269  15.714286  53.428258  4.019434  3.488587  7.405947  4.651382  23.814821  32.285547  78.774984
0.118145  0.000000  0.000000  0.000000  -23.840646  9.388269  24.285714  53.479497  -2.871212  -1.612620  7.405947  4.651382  23.814821  32.285547  78.774984
0.118513  0.000000  0.000000  0.000000  -23.840646  9.388269  32.857143  52.911062  -9.738878  -6.775853  7.405947  4.651382  23.814821  32.285547  78.774984
0.118881  0.000000  0.000000  0.000000  -23.840646  9.388269  41.428571  51.685815  -16.525776  -12.155421  7.405947  4.651382  23.814821  32.285547  78.774984
0.119249  0.000000  0.000000  0.000000  -23.840646  9.388269  50.000000  49.722824  -23.165027  -17.923701  7.405947  4.651382  23.814821  32.285547  78.774984
0.119617  0.000000  0.000000  0.000000  -29.780896  -3.856242  -10.000000  58.599077  5.201929  -0.890012  13.398812  23.453819  -7.990970  15.669033  79.616046
0.119985  0.000000  0.000000  0.000000  -29.780896  -3.856242  -1.428571  58.719132  -2.122521  -5.346835  13.398812  23.453819  -7.990970  15.669033  79.616046
0.120353  0.000000  0.000000  0.000000  -29.780896  -3.856242  7.142857  58.264986  -9.434023  -9.846242  13.398812  23.453819  -7.990970  15.669033  79.616046
0.120721  0.000000  0.000000  0.000000  -29.780896  -3.856242  15.714286  57.201496  -16.685942  -14.540638  13.398812  23.453819  -7.990970  15.669033  79.616046
0.121089  0.000000  0.000000  0.000000  -29.780896  -3.856242  24.285714  55.444228  -23.823803  -19.603815  13.398812  23.453819  -7.990970  15.669033  79.616046
0.121457  0.000000  0.000000  0.000000  -29.780896  -3.856242  32.857143  52.847848  -30.777279  -25.250615  13.398812  23.453819  -7.990970  15.669033  79.616046
0.121826  0.000000  0.000000  0.000000  -31.465388  11.211938  -10.000000  38.827854  19.814651  13.871868  108.232724  12.648088  -89.374897  34.680091  84.223707
0.122194  0.000000  0.000000  0.000000  -31.465388  11.211938  -1.428571  40.852139  14.316507  6.989555  108.232724  12.648088  -89.374897  34.680091  84.223707
0.122562  0.000000  0.000000  0.000000  -31.465388  11.211938  7.142857  42.157474  8.630052  0.442072  108.232724  12.648088  -89.374897  34.680091  84.223707
0.122930  0.000000  0.000000  0.000000  -31.465388  11.211938  15.714286  42.793363  2.836023  -5.909039  108.232724  12.648088  -89.374897  34.680091  84.223707
0.123298  0.000000  0.000000  0.000000  -31.465388  11.211938  24.285714  42.784768  -2.992414  -12.196564  108.232724  12.648088  -89.374897  34.680091  84.223707
0.123666  0.000000  0.000000  0.000000  -31.465388  11.211938  32.857143  42.131330  -8.784526  -18.551192  108.232724  12.648088  -89.374897  34.680091  84.223707
0.124034  0.000000  0.000000  0.000000  -31.465388  11.211938  41.428571  40.807437  -14.467032  -25.105835  108.232724  12.648088  -89.374897  34.680091  84.223707
0.124402  0.000000  0.000000  0.000000  -31.465388  11.211938  50.000000  38.762953  -19.958897  -31.999105  108.232724  12.648088  -89.374897  34.680091  84.223707
0.124770  0.000000  0.000000  0.000000  -38.268647  -7.126064  -10.000000  57.491319  3.378717  12.892047  3.001060  81.531133  24.859470  26.921722  77.431030
0.125138  0.000000  0.000000  0.000000  -38.268647  -7.126064  -1.428571  57.472225  -3.852780  8.287341  3.001060  81.531133  24.859470  26.921722  77.431030
0.125506  0.000000  0.000000  0.000000  -38.268647  -7.126064  7.142857  56.862895  -11.059058  3.603488  3.001060  81.531133  24.859470  26.921722  77.431030
0.125874  0.000000  0.000000  0.000000  -38.268647  -7.126064  15.714286  55.617650  -18.189654  -1.316164  3.001060  81.531133  24.859470  26.921722  77.431030
0.126242  0.000000  0.000000  0.000000  -38.268647  -7.126064  24.285714  53.640663  -25.184398  -6.652786  3.001060  81.531133  24.859470  26.921722  77.431030
0.126610  0.000000  0.000000  0.000000  -38.268647  -7.126064  32.857143  50.774228  -31.964697  -12.631061  3.001060  81.531133  24.859470  26.921722  77.431030
0.126978  0.000000  0.000000  0.000000  -38.268647  -7.126064  41.428571  46.782565  -38.420970  -19.540482  3.001060  81.531133  24.859470  26.921722  77.431030
0.127346  0.000000  0.000000  0.000000  -38.268647  -7.126064  50.000000  41.338608  -44.394162  -27.752219  3.001060  81.531133  24.859470  26.921722  77.431030
0.127714  0.000000  0.000000  0.000000  -23.218494  8.499065  -10.000000  45.170234  20.795197  16.200941  -15.710013  32.978343  -47.748333  45.440509  83.800306
0.128082  0.000000  0.000000  0.000000  -23.218494  8.499065  -1.428571  47.070309  14.610559  9.967088  -15.710013  32.978343  -47.748333  45.440509  83.800306
0.128450  0.000000  0.000000  0.000000  -23.218494  8.499065  7.142857  48.240878  8.269643  4.079369  -15.710013  32.978343  -47.748333  45.440509  83.800306
0.128819  0.000000  0.000000  0.000000  -23.218494  8.499065  15.714286  48.744538  1.845425  -1.620282  -15.710013  32.978343  -47.748333  45.440509  83.800306
0.129187  0.000000  0.000000  0.000000  -23.218494  8.499065  24.285714  48.608360  -4.596898  -7.278740  -15.710013  32.978343  -47.748333  45.440509  83.800306
0.129555  0.000000  0.000000  0.000000  -23.218494  8.499065  32.857143  47.825021  -10.993798  -13.040337  -15.710013  32.978343  -47.748333  45.440509  83.800306
0.129923  0.000000  0.000000  0.000000  -23.218494  8.499065  41.428571  46.352469  -17.277539  -19.055704  -15.710013  32.978343  -47.748333  45.440509  83.800306
0.130291  0.000000  0.000000  0.000000  -23.218494  8.499065  50.000000  44.112426  -23.369786  -25.490095  -15.710013  32.978343  -47.748333  45.440509  83.800306
0.130659  0.000000  0.000000  0.000000  -22.418495  6.126992  -10.000000  52.618437  24.699186  2.049612  -18.525305  69.896605  -55.535627  46.122993  81.685354
0.131027  0.000000  0.000000  0.000000  -22.418495  6.126992  -1.428571  54.599460  17.793743  -3.403586  -18.525305  69.896605  -55.535627  46.122993  81.685354
0.131395  0.000000  0.000000  0.000000  -22.418495  6.126992  7.142857  55.845410  10.748721  -8.445272  -18.525305  69.896605  -55.535627  46.122993  81.685354
0.131763  0.000000  0.000000  0.000000  -22.418495  6.126992  15.714286  56.448675  3.626186  -13.254841  -18.525305  69.896605  -55.535627  46.122993  81.685354
0.132131  0.000000  0.000000  0.000000  -22.418495  6.126992  24.285714  56.453007  -3.521407  -17.988787  -18.525305  69.896605  -55.535627  46.122993  81.685354
0.132499  0.000000  0.000000  0.000000  -22.418495  6.126992  32.857143  55.858738  -10.644675  -22.796160  -18.525305  69.896605  -55.535627  46.122993  81.685354
0.132867  0.000000  0.000000  0.000000  -22.418495  6.126992  41.428571  54.622753  -17.691257  -27.833213  -18.525305  69.896605  -55.535627  46.122993  81.685354
0.133235  0.000000  0.000000  0.000000  -22.418495  6.126992  50.000000  52.653448  -24.599268  -33.278913  -18.525305  69.896605  -55.535627  46.122993  81.685354
0.133603  0.000000  0.000000  0.000000  -17.638510  15.326946  -10.000000  56.845337  11.341320  11.147390  -20.826913  80.803435  -24.319588  29.150524  81.435196
0.133971  0.000000  0.000000  0.000000  -17.638510  15.326946  -1.428571  57.478129  4.135508  6.459713  -20.826913  80.803435  -24.319588  29.150524  81.435196
0.134339  0.000000  0.000000  0.000000  -17.638510  15.326946  7.142857  57.519934  -3.097376  1.857034  -20.826913  80.803435  -24.319588  29.150524  81.435196
0.134707  0.000000  0.000000  0.000000  -17.638510  15.326946  15.714286  56.973840  -10.310042  -2.809155  -20.826913  80.803435  -24.319588  29.150524  81.435196
0.135075  0.000000  0.000000  0.000000  -17.638510  15.326946  24.285714  55.798993  -17.452701  -7.693861  -20.826913  80.803435  -24.319588  29.150524  81.435196
0.135444  0.000000  0.000000  0.000000  -17.638510  15.326946  32.857143  53.905194  -24.466581  -12.974917  -20.826913  80.803435  -24.319588  29.150524  81.435196
0.135812  0.000000  0.000000  0.000000  -17.638510  15.326946  41.428571  51.141856  -31.275561  -18.871515  -20.826913  80.803435  -24.319588  29.150524  81.435196
0.136180  0.000000  0.000000  0.000000  -17.638510  15.326946  50.000000  47.281983  -37.774102  -25.665531  -20.826913  80.803435  -24.319588  29.150524  81.435196
0.136548  0.000000  0.000000  0.000000  -30.245425  -5.992042  -10.000000  54.029705  12.305134  11.409990  8.676820  66.163434  7.703655  63.898431  80.369143
0.136916  0.000000  0.000000  0.000000  -30.245425  -5.992042  -1.428571  54.804819  5.329646  6.365882  8.676820  66.163434  7.703655  63.898431  80.369143
0.137284  0.000000  0.000000  0.000000  -30.245425  -5.992042  7.142857  54.961958  -1.685977  1.435822  8.676820  66.163434  7.703655  63.898431  80.369143
0.137652  0.000000  0.000000  0.000000  -30.245425  -5.992042  15.714286  54.511845  -8.689033  -3.530015  8.676820  66.163434  7.703655  63.898431  80.369143
0.138020  0.000000  0.000000  0.000000  -30.245425  -5.992042  24.285714  53.423607  -15.625413  -8.684675  8.676820  66.163434  7.703655  63.898431  80.369143
0.138388  0.000000  0.000000  0.000000  -30.245425  -5.992042  32.857143  51.621422  -22.433178  -14.198420  8.676820  66.163434  7.703655  63.898431  80.369143
0.138756  0.000000  0.000000  0.000000  -30.245425  -5.992042  41.428571  48.977207  -29.034732  -20.273655  8.676820  66.163434  7.703655  63.898431  80.369143
0.139124  0.000000  0.000000  0.000000  -30.245425  -5.992042  50.000000  45.300842  -35.326299  -27.160141  8.676820  66.163434  7.703655  63.898431  80.369143
0.139492  0.000000  0.000000  0.000000  -22.342198  4.368271  -10.000000  43.456451  0.264810  7.121823  16.959714  37.652110  -73.099964  35.215705  82.342110
0.139860  0.000000  0.000000  0.000000  -22.342198  4.368271  -1.428571  43.164196  -5.620571  0.880750  16.959714  37.652110  -73.099964  35.215705  82.342110
0.140228  0.000000  0.000000  0.000000  -22.342198  4.368271  7.142857  42.217524  -11.438436  -5.487247  16.959714  37.652110  -73.099964  35.215705  82.342110
0.140596  0.000000  0.000000  0.000000  -22.342198  4.368271  15.714286  40.578388  -17.113126  -12.119366  16.959714  37.652110  -73.099964  35.215705  82.342110
0.140964  0.000000  0.000000  0.000000  -22.342198  4.368271  24.285714  38.183824  -22.558741  -19.160335  16.959714  37.652110  -73.099964  35.215705  82.342110
0.141332  0.000000  0.000000  0.000000  -22.342198  4.368271  32.857143  34.950186  -27.673460  -26.761929  16.959714  37.652110  -73.099964  35.215705  82.342110
0.141700  0.000000  0.000000  0.000000  -22.342198  4.368271  41.428571  30.784274  -32.334332  -35.074948  16.959714  37.652110  -73.099964  35.215705  82.342110
0.142068  0.000000  0.000000  0.000000  -22.342198  4.368271  50.000000  25.607218  -36.394218  -44.227750  16.959714  37.652110  -73.099964  35.215705  82.342110
0.142437  0.000000  0.000000  0.000000  -7.764891  13.378516  -10.000000  60.457121  6.253452  14.587138  -31.838057  21.449786  -4.627094  61.008204  79.367551
0.142805  0.000000  0.000000  0.000000  -7.764891  13.378516  -1.428571  60.642927  -1.213795  10.371782  -31.838057  21.449786  -4.627094  61.008204  79.367551
0.143173  0.000000  0.000000  0.000000  -7.764891  13.378516  7.142857  60.276668  -8.674441  6.132981  -31.838057  21.449786  -4.627094  61.008204  79.367551
0.143541  0.000000  0.000000  0.000000  -7.764891  13.378516  15.714286  59.328541  -16.086454  1.722101  -31.838057  21.449786  -4.627094  61.008204  79.367551
0.143909  0.000000  0.000000  0.000000  -7.764891  13.378516  24.285714  57.719157  -23.401098  -3.029881  -31.838057  21.449786  -4.627094  61.008204  79.367551
0.144277  0.000000  0.000000  0.000000  -7.764891  13.378516  32.857143  55.307067  -30.555412  -8.333567  -31.838057  21.449786  -4.627094  61.008204  79.367551
0.144645  0.000000  0.000000  0.000000  -7.764891  13.378516  41.428571  51.867173  -37.460995  -14.468604  -31.838057  21.449786  -4.627094  61.008204  79.367551
0.145013  0.000000  0.000000  0.000000  -7.764891  13.378516  50.000000  47.061176  -43.986126  -21.817393  -31.838057  21.449786  -4.627094  61.008204  79.367551
0.145381  0.000000  0.000000  0.000000  -32.942711  17.186371  -10.000000  36.911563  28.246157  17.362290  120.544486  17.753195  -75.087886  44.300578  84.640470
0.145749  0.000000  0.000000  0.000000  -32.942711  17.186371  -1.428571  40.127190  22.899843  9.929429  120.544486  17.753195  -75.087886  44.300578  84.640470
0.146117  0.000000  0.000000  0.000000  -32.942711  17.186371  7.142857  42.483896  17.234916  3.076713  120.544486  17.753195  -75.087886  44.300578  84.640470
0.146485  0.000000  0.000000  0.000000  -32.942711  17.186371  15.714286  44.076749  11.352229  -3.360094  120.544486  17.753195  -75.087886  44.300578  84.640470
0.146853  0.000000  0.000000  0.000000  -32.942711  17.186371  24.285714  44.974713  5.335804  -9.533574  120.544486  17.753195  -75.087886  44.300578  84.640470
0.147221  0.000000  0.000000  0.000000  -32.942711  17.186371  32.857143  45.217913  -0.740947  -15.586332  120.544486  17.753195  -75.087886  44.300578  84.640470
0.147589  0.000000  0.000000  0.000000  -32.942711  17.186371  41.428571  44.817360  -6.809419  -21.655733  120.544486  17.753195  -75.087886  44.300578  84.640470
0.147957  0.000000  0.000000  0.000000  -32.942711  17.186371  50.000000  43.754967  -12.800329  -27.879897  120.544486  17.753195  -75.087886  44.300578  84.640470
0.148325  0.000000  0.000000  0.000000  -33.470053  -0.985977  -10.000000  56.761884  27.785509  11.002680  26.725889  7.399542  -13.458182  40.582827  82.251647
0.148693  0.000000  0.000000  0.000000  -33.470053  -0.985977  -1.428571  58.815067  20.528339  5.998276  26.725889  7.399542  -13.458182  40.582827  82.251647
0.149061  0.000000  0.000000  0.000000  -33.470053  -0.985977  7.142857  60.134848  13.140809  1.452840  26.725889  7.399542  -13.458182  40.582827  82.251647
0.149430  0.000000  0.000000  0.000000  -33.470053  -0.985977  15.714286  60.835938  5.678179  -2.824428  26.725889  7.399542  -13.458182  40.582827  82.251647
0.149798  0.000000  0.000000  0.000000  -33.470053  -0.985977  24.285714  60.976761  -1.815068  -6.991588  26.725889  7.399542  -13.458182  40.582827  82.251647
0.150166  0.000000  0.000000  0.000000  -33.470053  -0.985977  32.857143  60.568814  -9.298640  -11.193577  26.725889  7.399542  -13.458182  40.582827  82.251647
0.150534  0.000000  0.000000  0.000000  -33.470053  -0.985977  41.428571  59.578560  -16.730945  -15.579462  26.725889  7.399542  -13.458182  40.582827  82.251647
0.150902  0.000000  0.000000  0.000000  -33.470053  -0.985977  50.000000  57.921998  -24.063235  -20.320429  26.725889  7.399542  -13.458182  40.582827  82.251647
0.151270  0.000000  0.000000  0.000000  -11.746432  -12.880522  -10.000000  51.989790  2.423133  6.330669  -25.248454  67.777902  -52.456515  29.329466  85.031039
0.151638  0.000000  0.000000  0.000000  -11.746432  -12.880522  -1.428571  51.901652  -4.331025  1.049499  -25.248454  67.777902  -52.456515  29.329466  85.031039
0.152006  0.000000  0.000000  0.000000  -11.746432  -12.880522  7.142857  51.180516  -11.047897  -4.326857  -25.248454  67.777902  -52.456515  29.329466  85.031039
0.152374  0.000000  0.000000  0.000000  -11.746432  -12.880522  15.714286  49.781844  -17.665516  -9.953966  -25.248454  67.777902  -52.456515  29.329466  85.031039
0.152742  0.000000  0.000000  0.000000  -11.746432  -12.880522  24.285714  47.618745  -24.111332  -16.006219  -25.248454  67.777902  -52.456515  29.329466  85.031039
0.153110  0.000000  0.000000  0.000000  -11.746432  -12.880522  32.857143  44.557138  -30.293977  -22.687803  -25.248454  67.777902  -52.456515  29.329466  85.031039
0.153478  0.000000  0.000000  0.000000  -11.746432  -12.880522  41.428571  40.413189  -36.092775  -30.239777  -25.248454  67.777902  -52.456515  29.329466  85.031039
0.153846  0.000000  0.000000  0.000000  -11.746432  -12.880522  50.000000  34.963081  -41.345088  -38.933672  -25.248454  67.777902  -52.456515  29.329466  85.031039
0.154214  0.000000  0.000000  0.000000  -15.357652  16.293059  -10.000000  48.220531  3.998411  16.126055  -27.792261  63.217944  -61.207436  23.866686  81.389157
0.154582  0.000000  0.000000  0.000000  -15.357652  16.293059  -1.428571  48.300149  -2.402689  10.422069  -27.792261  63.217944  -61.207436  23.866686  81.389157
0.154950  0.000000  0.000000  0.000000  -15.357652  16.293059  7.142857  47.737833  -8.779794  4.664316  -27.792261  63.217944  -61.207436  23.866686  81.389157
0.155318  0.000000  0.000000  0.000000  -15.357652  16.293059  15.714286  46.503949  -15.066653  -1.293875  -27.792261  63.217944  -61.207436  23.866686  81.389157
0.155686  0.000000  0.000000  0.000000  -15.357652  16.293059  24.285714  44.533973  -21.188719  -7.610618  -27.792261  63.217944  -61.207436  23.866686  81.389157
0.156054  0.000000  0.000000  0.000000  -15.357652  16.293059  32.857143  41.727332  -27.056279  -14.462239  -27.792261  63.217944  -61.207436  23.866686  81.389157
0.156423  0.000000  0.000000  0.000000  -15.357652  16.293059  41.428571  37.949309  -32.556366  -22.045737  -27.792261  63.217944  -61.207436  23.866686  81.389157
0.156791  0.000000  0.000000  0.000000  -15.357652  16.293059  50.000000  33.043165  -37.544085  -30.570015  -27.792261  63.217944  -61.207436  23.866686  81.389157
0.157159  0.000000  0.000000  0.000000  -19.983761  18.965604  -10.000000  36.684721  25.376311  3.591747  37.238983  45.691031  -39.442183  66.233006  78.004289
0.157527  0.000000  0.000000  0.000000  -19.983761  18.965604  -1.428571  39.515713  20.079676  -3.719388  37.238983  45.691031  -39.442183  66.233006  78.004289
0.157895  0.000000  0.000000  0.000000  -19.983761  18.965604  7.142857  41.547601  14.502498  -10.540098  37.238983  45.691031  -39.442183  66.233006  78.004289
0.158263  0.000000  0.000000  0.000000  -19.983761  18.965604  15.714286  42.855815  8.738431  -17.019959  37.238983  45.691031  -39.442183  66.233006  78.004289
0.158631  0.000000  0.000000  0.000000  -19.983761  18.965604  24.285714  43.492298  2.867794  -23.300412  37.238983  45.691031  -39.442183  66.233006  78.004289
0.158999  0.000000  0.000000  0.000000  -19.983761  18.965604  32.857143  43.483109  -3.036839  -29.516421  37.238983  45.691031  -39.442183  66.233006  78.004289
0.159367  0.000000  0.000000  0.000000  -19.983761  18.965604  41.428571  42.827867  -8.905447  -35.800678  37.238983  45.691031  -39.442183  66.233006  78.004289
0.159735  0.000000  0.000000  0.000000  -19.983761  18.965604  50.000000  41.499757  -14.665339  -42.288307  37.238983  45.691031  -39.442183  66.233006  78.004289
0.160103  0.000000  0.000000  0.000000  -32.654598  20.256862  -10.000000  57.375628  22.758854  26.603282  19.512407  -2.757238  4.662208  68.599897  83.189980
0.160471  0.000000  0.000000  0.000000  -32.654598  20.256862  -1.428571  58.945791  15.472694  21.820728  19.512407  -2.757238  4.662208  68.599897  83.189980
0.160839  0.000000  0.000000  0.000000  -32.654598  20.256862  7.142857  59.857539  8.090987  17.366856  19.512407  -2.757238  4.662208  68.599897  83.189980
0.161207  0.000000  0.000000  0.000000  -32.654598  20.256862  15.714286  60.185967  0.662801  13.074430  19.512407  -2.757238  4.662208  68.599897  83.189980
0.161575  0.000000  0.000000  0.000000  -32.654598  20.256862  24.285714  59.957443  -6.769096  8.794931  19.512407  -2.757238  4.662208  68.599897  83.189980
0.161943  0.000000  0.000000  0.000000  -32.654598  20.256862  32.857143  59.153663  -14.162421  4.381316  19.512407  -2.757238  4.662208  68.599897  83.189980
0.162311  0.000000  0.000000  0.000000  -32.654598  20.256862  41.428571  57.708815  -21.469701  -0.328974  19.512407  -2.757238  4.662208  68.599897  83.189980
0.162679  0.000000  0.000000  0.000000  -32.654598  20.256862  50.000000  55.499512  -28.631250  -5.533665  19.512407  -2.757238  4.662208  68.599897  83.189980
0.163047  0.000000  0.000000  0.000000  -36.099723  0.059110  -10.000000  53.857268  22.012420  11.609019  -16.393908  20.502786  44.148786  22.220339  86.654148
0.163416  0.000000  0.000000  0.000000  -36.099723  0.059110  -1.428571  55.519409  15.012873  6.387220  -16.393908  20.502786  44.148786  22.220339  86.654148
0.163784  0.000000  0.000000  0.000000  -36.099723  0.059110  7.142857  56.492540  7.901938  1.500516  -16.393908  20.502786  44.148786  22.220339  86.654148
0.164152  0.000000  0.000000  0.000000  -36.099723  0.059110  15.714286  56.848896  0.736215  -3.219397  -16.393908  20.502786  44.148786  22.220339  86.654148
0.164520  0.000000  0.000000  0.000000  -36.099723  0.059110  24.285714  56.614453  -6.434485  -7.924100  -16.393908  20.502786  44.148786  22.220339  86.654148
0.164888  0.000000  0.000000  0.000000  -36.099723  0.059110  32.857143  55.772153  -13.560955  -12.763639  -16.393908  20.502786  44.148786  22.220339  86.654148
0.165256  0.000000  0.000000  0.000000  -36.099723  0.059110  41.428571  54.259787  -20.588544  -17.901584  -16.393908  20.502786  44.148786  22.220339  86.654148
0.165624  0.000000  0.000000  0.000000  -36.099723  0.059110  50.000000  51.962522  -27.449966  -23.531481  -16.393908  20.502786  44.148786  22.220339  86.654148
0.165992  0.000000  0.000000  0.000000  -12.696042  18.196221  -10.000000  45.171078  23.765244  24.042987  11.812439  0.531071  -17.813326  23.375030  84.979328
0.166360  0.000000  0.000000  0.000000  -12.696042  18.196221  -1.428571  47.409223  17.562700  17.715515  11.812439  0.531071  -17.813326  23.375030  84.979328
0.166728  0.000000  0.000000  0.000000  -12.696042  18.196221  7.142857  48.877082  11.172753  11.814274  11.812439  0.531071  -17.813326  23.375030  84.979328
0.167096  0.000000  0.000000  0.000000  -12.696042  18.196221  15.714286  49.656900  4.672369  6.170200  11.812439  0.531071  -17.813326  23.375030  84.979328
0.167464  0.000000  0.000000  0.000000  -12.696042  18.196221  24.285714  49.792582  -1.872290  0.630461  11.812439  0.531071  -17.813326  23.375030  84.979328
0.167832  0.000000  0.000000  0.000000  -12.696042  18.196221  32.857143  49.291747  -8.399323  -4.950853  11.812439  0.531071  -17.813326  23.375030  84.979328
0.168200  0.000000  0.000000  0.000000  -12.696042  18.196221  41.428571  48.126226  -14.845192  -10.722452  11.812439  0.531071  -17.813326  23.375030  84.979328
0.168568  0.000000  0.000000  0.000000  -12.696042  18.196221  50.000000  46.230494  -21.138380  -16.845353  11.812439  0.531071  -17.813326  23.375030  84.979328
0.168936  0.000000  0.000000  0.000000  -8.236760  4.669008  -10.000000  44.853169  23.660488  -0.204363  -35.595612  -17.531046  56.245680  61.179521  76.757692
0.169304  0.000000  0.000000  0.000000  -8.236760  4.669008  -1.428571  47.093715  17.490748  -6.564668  -35.595612  -17.531046  56.245680  61.179521  76.757692
0.169672  0.000000  0.000000  0.000000  -8.236760  4.669008  7.142857  48.564503  11.132207  -12.500465  -35.595612  -17.531046  56.245680  61.179521  76.757692
0.170040  0.000000  0.000000  0.000000  -8.236760  4.669008  15.714286  49.346690  4.662275  -18.179756  -35.595612  -17.531046  56.245680  61.179521  76.757692
0.170409  0.000000  0.000000  0.000000  -8.236760  4.669008  24.285714  49.483714  -1.852394  -23.754775  -35.595612  -17.531046  56.245680  61.179521  76.757692
0.170777  0.000000  0.000000  0.000000  -8.236760  4.669008  32.857143  48.983166  -8.349404  -29.370994  -35.595612  -17.531046  56.245680  61.179521  76.757692
0.171145  0.000000  0.000000  0.000000  -8.236760  4.669008  41.428571  47.817269  -14.764737  -35.176598  -35.595612  -17.531046  56.245680  61.179521  76.757692
0.171513  0.000000  0.000000  0.000000  -8.236760  4.669008  50.000000  45.921424  -21.026443  -41.331729  -35.595612  -17.531046  56.245680  61.179521  76.757692
0.171881  0.000000  0.000000  0.000000  -22.658115  13.706355  -10.000000  40.116584  28.226677  7.776354  -56.693595  -19.841449  78.091155  44.319130  84.722648
0.172249  0.000000  0.000000  0.000000  -22.658115  13.706355  -1.428571  43.160923  22.523596  0.688581  -56.693595  -19.841449  78.091155  44.319130  84.722648
0.172617  0.000000  0.000000  0.000000  -22.658115  13.706355  7.142857  45.342822  16.535535  -5.823148  -56.693595  -19.841449  78.091155  44.319130  84.722648
0.172985  0.000000  0.000000  0.000000  -22.658115  13.706355  15.714286  46.767729  10.357992  -11.936285  -56.693595  -19.841449  78.091155  44.319130  84.722648
0.173353  0.000000  0.000000  0.000000  -22.658115  13.706355  24.285714  47.507127  4.069687  -17.810546  -56.693595  -19.841449  78.091155  44.319130  84.722648
0.173721  0.000000  0.000000  0.000000  -22.658115  13.706355  32.857143  47.598636  -2.260548  -23.593273  -56.693595  -19.841449  78.091155  44.319130  84.722648
0.174089  0.000000  0.000000  0.000000  -22.658115  13.706355  41.428571  47.046931  -8.567605  -29.426672  -56.693595  -19.841449  78.091155  44.319130  84.722648
0.174457  0.000000  0.000000  0.000000  -22.658115  13.706355  50.000000  45.823889  -14.784310  -35.455836  -56.693595  -19.841449  78.091155  44.319130  84.722648
0.174825  0.000000  0.000000  0.000000  -40.398465  8.569124  -10.000000  58.455231  25.990547  21.609373  7.089776  40.066374  -17.974028  18.239989  79.480383
0.175193  0.000000  0.000000  0.000000  -40.398465  8.569124  -1.428571  60.250714  18.611866  16.889956  7.089776  40.066374  -17.974028  18.239989  79.480383
0.175561  0.000000  0.000000  0.000000  -40.398465  8.569124  7.142857  61.362783  11.125515  12.567349  7.089776  40.066374  -17.974028  18.239989  79.480383
0.175929  0.000000  0.000000  0.000000  -40.398465  8.569124  15.714286  61.889407  3.580558  8.463184  7.089776  40.066374  -17.974028  18.239989  79.480383
0.176297  0.000000  0.000000  0.000000  -40.398465  8.569124  24.285714  61.875213  -3.982412  4.426511  7.089776  40.066374  -17.974028  18.239989  79.480383
0.176665  0.000000  0.000000  0.000000  -40.398465  8.569124  32.857143  61.319017  -11.525320  0.314684  7.089776  40.066374  -17.974028  18.239989  79.480383
0.177033  0.000000  0.000000  0.000000  -40.398465  8.569124  41.428571  60.173617  -19.007290  -4.024180  7.089776  40.066374  -17.974028  18.239989  79.480383
0.177402  0.000000  0.000000  0.000000  -40.398465  8.569124  50.000000  58.337821  -26.378604  -8.770564  7.089776  40.066374  -17.974028  18.239989  79.480383
0.177770  0.000000  0.000000  0.000000  -33.231489  20.708416  -10.000000  38.740695  28.486357  19.190961  15.255461  36.405188  -65.015172  13.441217  77.608705
0.178138  0.000000  0.000000  0.000000  -33.231489  20.708416  -1.428571  41.893598  22.932367  11.939334  15.255461  36.405188  -65.015172  13.441217  77.608705
0.178506  0.000000  0.000000  0.000000  -33.231489  20.708416  7.142857  44.178816  17.075721  5.274502  15.255461  36.405188  -65.015172  13.441217  77.608705
0.178874  0.000000  0.000000  0.000000  -33.231489  20.708416  15.714286  45.699565  11.015040  -0.977107  15.255461  36.405188  -65.015172  13.441217  77.608705
0.179242  0.000000  0.000000  0.000000  -33.231489  20.708416  24.285714  46.528107  4.831751  -6.973474  15.255461  36.405188  -65.015172  13.441217  77.608705
0.179610  0.000000  0.000000  0.000000  -33.231489  20.708416  32.857143  46.704641  -1.403204  -12.860753  15.255461  36.405188  -65.015172  13.441217  77.608705
0.179978  0.000000  0.000000  0.000000  -33.231489  20.708416  41.428571  46.237796  -7.623286  -18.779529  15.255461  36.405188  -65.015172  13.441217  77.608705
0.180346  0.000000  0.000000  0.000000  -33.231489  20.708416  50.000000  45.104805  -13.760684  -24.872028  15.255461  36.405188  -65.015172  13.441217  77.608705
0.180714  0.000000  0.000000  0.000000  -41.176099  15.821282  -10.000000  46.717043  -0.047678  11.620252  18.302124  56.443053  -84.601847  38.206934  83.562349
0.181082  0.000000  0.000000  0.000000  -41.176099  15.821282  -1.428571  46.390816  -6.276240  5.719833  18.302124  56.443053  -84.601847  38.206934  83.562349
0.181450  0.000000  0.000000  0.000000  -41.176099  15.821282  7.142857  45.406073  -12.437238  -0.322897  18.302124  56.443053  -84.601847  38.206934  83.562349
0.181818  0.000000  0.000000  0.000000  -41.176099  15.821282  15.714286  43.715193  -18.457847  -6.656326  18.302124  56.443053  -84.601847  38.206934  83.562349
0.182186  0.000000  0.000000  0.000000  -41.176099  15.821282  24.285714  41.238527  -24.253296  -13.441889  18.302124  56.443053  -84.601847  38.206934  83.562349
0.182554  0.000000  0.000000  0.000000  -41.176099  15.821282  32.857143  37.866270  -29.719866  -20.856646  18.302124  56.443053  -84.601847  38.206934  83.562349
0.182922  0.000000  0.000000  0.000000  -41.176099  15.821282  41.428571  33.467765  -34.727480  -29.087508  18.302124  56.443053  -84.601847  38.206934  83.562349
0.183290  0.000000  0.000000  0.000000  -41.176099  15.821282  50.000000  27.916979  -39.113762  -38.308420  18.302124  56.443053  -84.601847  38.206934  83.562349
0.183658  0.000000  0.000000  0.000000  -19.583472  -2.164269  -10.000000  56.855617  23.120057  -2.463653  -12.090929  64.850560  -32.302376  44.862613  79.562722
0.184026  0.000000  0.000000  0.000000  -19.583472  -2.164269  -1.428571  58.481704  15.872868  -7.323516  -12.090929  64.850560  -32.302376  44.862613  79.562722
0.184395  0.000000  0.000000  0.000000  -19.583472  -2.164269  7.142857  59.438983  8.524887  -11.842278  -12.090929  64.850560  -32.302376  44.862613  79.562722
0.184763  0.000000  0.000000  0.000000  -19.583472  -2.164269  15.714286  59.805613  1.126662  -16.189239  -12.090929  64.850560  -32.302376  44.862613  79.562722
0.185131  0.000000  0.000000  0.000000  -19.583472  -2.164269  24.285714  59.610762  -6.278011  -20.514070  -12.090929  64.850560  -32.302376  44.862613  79.562722
0.185499  0.000000  0.000000  0.000000  -19.583472  -2.164269  32.857143  58.838982  -13.646190  -24.963917  -12.090929  64.850560  -32.302376  44.862613  79.562722
0.185867  0.000000  0.000000  0.000000  -19.583472  -2.164269  41.428571  57.427888  -20.930070  -29.700179  -12.090929  64.850560  -32.302376  44.862613  79.562722
0.186235  0.000000  0.000000  0.000000  -38.363262  5.155474  -10.000000  47.478507  6.043972  15.230213  19.669209  25.777780  5.865463  54.348481  80.588359
0.186603  0.000000  0.000000  0.000000  -38.363262  5.155474  -1.428571  47.769204  -0.293440  9.448781  19.669209  25.777780  5.865463  54.348481  80.588359
0.186971  0.000000  0.000000  0.000000  -38.363262  5.155474  7.142857  47.418996  -6.627857  3.660760  19.669209  25.777780  5.865463  54.348481  80.588359
0.187339  0.000000  0.000000  0.000000  -38.363262  5.155474  15.714286  46.409892  -12.893567  -2.277404  19.669209  25.777780  5.865463  54.348481  80.588359
0.187707  0.000000  0.000000  0.000000  -38.363262  5.155474  24.285714  44.690415  -19.018684  -8.517641  19.669209  25.777780  5.865463  54.348481  80.588359
0.188075  0.000000  0.000000  0.000000  -38.363262  5.155474  32.857143  42.174630  -24.918753  -15.227004  19.669209  25.777780  5.865463  54.348481  80.588359
0.188443  0.000000  0.000000  0.000000  -38.363262  5.155474  41.428571  38.743136  -30.489276  -22.591428  19.669209  25.777780  5.865463  54.348481  80.588359
0.188811  0.000000  0.000000  0.000000  -38.363262  5.155474  50.000000  34.251484  -35.597505  -30.810762  19.669209  25.777780  5.865463  54.348481  80.588359
0.189179  0.000000  0.000000  0.000000  -14.380931  16.868807  -10.000000  53.679136  21.071408  23.889831  -32.590835  13.737300  48.658056  20.080538  81.404954
0.189547  0.000000  0.000000  0.000000  -14.380931  16.868807  -1.428571  55.260453  14.090847  18.667688  -32.590835  13.737300  48.658056  20.080538  81.404954
0.189915  0.000000  0.000000  0.000000  -14.380931  16.868807  7.142857  56.161286  7.004677  13.758890  -32.590835  13.737300  48.658056  20.080538  81.404954
0.190283  0.000000  0.000000  0.000000  -14.380931  16.868807  15.714286  56.447410  -0.130829  8.998128  -32.590835  13.737300  48.658056  20.080538  81.404954
0.190651  0.000000  0.000000  0.000000  -14.380931  16.868807  24.285714  56.139393  -7.265442  4.234639  -32.590835  13.737300  48.658056  20.080538  81.404954
0.191020  0.000000  0.000000  0.000000  -14.380931  16.868807  32.857143  55.215085  -14.348792  -0.682582  -32.590835  13.737300  48.658056  20.080538  81.404954
0.191388  0.000000  0.000000  0.000000  -14.380931  16.868807  41.428571  53.606961  -21.324275  -5.919677  -32.590835  13.737300  48.658056  20.080538  81.404954
0.191756  0.000000  0.000000  0.000000  -14.380931  16.868807  50.000000  51.194336  -28.121605  -11.674192  -32.590835  13.737300  48.658056  20.080538  81.404954
0.192124  0.000000  0.000000  0.000000  -32.260271  11.703850  -10.000000  46.086092  0.081284  13.438753  14.789091  74.407033  -39.736912  47.939066  83.620088
0.192492  0.000000  0.000000  0.000000  -32.260271  11.703850  -1.428571  45.772989  -6.082729  7.471655  14.789091  74.407033  -39.736912  47.939066  83.620088
0.192860  0.000000  0.000000  0.000000  -32.260271  11.703850  7.142857  44.801871  -12.179819  1.366627  14.789091  74.407033  -39.736912  47.939066  83.620088
0.193228  0.000000  0.000000  0.000000  -32.260271  11.703850  15.714286  43.127314  -18.136609  -5.022563  14.789091  74.407033  -39.736912  47.939066  83.620088
0.193596  0.000000  0.000000  0.000000  -32.260271  11.703850  24.285714  40.673276  -23.868151  -11.854019  14.789091  74.407033  -39.736912  47.939066  83.620088
0.193964  0.000000  0.000000  0.000000  -32.260271  11.703850  32.857143  37.335479  -29.271208  -19.299660  14.789091  74.407033  -39.736912  47.939066  83.620088
0.194332  0.000000  0.000000  0.000000  -32.260271  11.703850  41.428571  32.991090  -34.217275  -27.538988  14.789091  74.407033  -39.736912  47.939066  83.620088
0.194700  0.000000  0.000000  0.000000  -32.260271  11.703850  50.000000  27.523846  -38.547242  -36.736598  14.789091  74.407033  -39.736912  47.939066  83.620088
0.195068  0.000000  0.000000  0.000000  -22.504459  18.523674  -10.000000  34.706967  14.705358  16.922445  14.892439  56.253765  -14.500724  14.258343  86.059464
0.195436  0.000000  0.000000  0.000000  -22.504459  18.523674  -1.428571  36.221205  9.725675  9.781514  14.892439  56.253765  -14.500724  14.258343  86.059464
0.195804  0.000000  0.000000  0.000000  -22.504459  18.523674  7.142857  37.087142  4.602376  2.853190  14.892439  56.253765  -14.500724  14.258343  86.059464
0.196172  0.000000  0.000000  0.000000  -22.504459  18.523674  15.714286  37.326909  -0.586889  -3.975439  14.892439  56.253765  -14.500724  14.258343  86.059464
0.196540  0.000000  0.000000  0.000000  -22.504459  18.523674  24.285714  36.946879  -5.767810  -10.816746  14.892439  56.253765  -14.500724  14.258343  86.059464
0.196908  0.000000  0.000000  0.000000  -22.504459  18.523674  32.857143  35.937003  -10.865654  -17.783186  14.892439  56.253765  -14.500724  14.258343  86.059464
0.197276  0.000000  0.000000  0.000000  -22.504459  18.523674  41.428571  34.271848  -15.801495  -24.987808  14.892439  56.253765  -14.500724  14.258343  86.059464
0.197644  0.000000  0.000000  0.000000  -22.504459  18.523674  50.000000  31.913910  -20.488597  -32.543059  14.892439  56.253765  -14.500724  14.258343  86.059464
0.198013  0.000000  0.000000  0.000000  -20.061036  1.304056  -10.000000  59.923134  21.734550  11.935229  -25.396239  60.955731  -38.811699  56.136057  77.687959
0.198381  0.000000  0.000000  0.000000  -20.061036  1.304056  -1.428571  61.292451  14.262546  7.515079  -25.396239  60.955731  -38.811699  56.136057  77.687959
0.198749  0.000000  0.000000  0.000000  -20.061036  1.304056  7.142857  62.046904  6.714418  3.381315  -25.396239  60.955731  -38.811699  56.136057  77.687959
0.199117  0.000000  0.000000  0.000000  -20.061036  1.304056  15.714286  62.251787  -0.867256  -0.625280  -25.396239  60.955731  -38.811699  56.136057  77.687959
0.199485  0.000000  0.000000  0.000000  -20.061036  1.304056  24.285714  61.924399  -8.444685  -4.648048  -25.396239  60.955731  -38.811699  56.136057  77.687959
0.199853  0.000000  0.000000  0.000000  -20.061036  1.304056  32.857143  61.037011  -15.979454  -8.832288  -25.396239  60.955731  -38.811699  56.136057  77.687959
0.200221  0.000000  0.000000  0.000000  -20.061036  1.304056  41.428571  59.512093  -23.427050  -13.343650  -25.396239  60.955731  -38.811699  56.136057  77.687959
0.200589  0.000000  0.000000  0.000000  -20.061036  1.304056  50.000000  57.208890  -30.729684  -18.390460  -25.396239  60.955731  -38.811699  56.136057  77.687959
0.200957  0.000000  0.000000  0.000000  -16.843909  16.441650  -10.000000  40.826920  15.032995  4.298890  7.526839  22.948997  -28.493375  24.770662  79.190367
0.201325  0.000000  0.000000  0.000000  -16.843909  16.441650  -1.428571  42.215740  9.344635  -2.264080  7.526839  22.948997  -28.493375  24.770662  79.190367
0.201693  0.000000  0.000000  0.000000  -16.843909  16.441650  7.142857  42.929812  3.539858  -8.613678  7.526839  22.948997  -28.493375  24.770662  79.190367
0.202061  0.000000  0.000000  0.000000  -16.843909  16.441650  15.714286  42.997386  -2.307697  -14.883779  7.526839  22.948997  -28.493375  24.770662  79.190367
0.202429  0.000000  0.000000  0.000000  -16.843909  16.441650  24.285714  42.421166  -8.127442  -21.205622  7.526839  22.948997  -28.493375  24.770662  79.190367
0.202797  0.000000  0.000000  0.000000  -16.843909  16.441650  32.857143  41.178259  -13.846814  -27.712185  7.526839  22.948997  -28.493375  24.770662  79.190367
0.203165  0.000000  0.000000  0.000000  -16.843909  16.441650  41.428571  39.220759  -19.386081  -34.542037  7.526839  22.948997  -28.493375  24.770662  79.190367
0.203533  0.000000  0.000000  0.000000  -16.843909  16.441650  50.000000  36.478154  -24.653042  -41.840932  7.526839  22.948997  -28.493375  24.770662  79.190367
0.203901  0.000000  0.000000  0.000000  -14.062509  3.174698  -10.000000  53.866533  3.212597  17.235350  -21.115950  24.764434  14.917142  31.084014  80.011519
0.204269  0.000000  0.000000  0.000000  -14.062509  3.174698  -1.428571  53.844391  -3.713592  12.182743  -21.115950  24.764434  14.917142  31.084014  80.011519
0.204637  0.000000  0.000000  0.000000  -14.062509  3.174698  7.142857  53.202889  -10.610549  7.050107  -21.115950  24.764434  14.917142  31.084014  80.011519
0.205006  0.000000  0.000000  0.000000  -14.062509  3.174698  15.714286  51.899460  -17.420510  1.681352  -21.115950  24.764434  14.917142  31.084014  80.011519
0.205374  0.000000  0.000000  0.000000  -14.062509  3.174698  24.285714  49.846460  -24.075789  -4.099753  -21.115950  24.764434  14.917142  31.084014  80.011519
0.205742  0.000000  0.000000  0.000000  -14.062509  3.174698  32.857143  46.904104  -30.490418  -10.503350  -21.115950  24.764434  14.917142  31.084014  80.011519
0.206110  0.000000  0.000000  0.000000  -14.062509  3.174698  41.428571  42.873356  -36.548955  -17.785489  -21.115950  24.764434  14.917142  31.084014  80.011519
0.206478  0.000000  0.000000  0.000000  -14.062509  3.174698  50.000000  37.497789  -42.091914  -26.249751  -21.115950  24.764434  14.917142  31.084014  80.011519
0.206846  0.000000  0.000000  0.000000  -37.363763  19.901986  -10.000000  50.158647  13.843457  18.936138  51.449464  16.207975  -36.419360  35.236763  76.327269
0.207214  0.000000  0.000000  0.000000  -37.363763  19.901986  -1.428571  51.170074  7.208687  13.413067  51.449464  16.207975  -36.419360  35.236763  76.327269
0.207582  0.000000  0.000000  0.000000  -37.363763  19.901986  7.142857  51.531854  0.509623  8.050667  51.449464  16.207975  -36.419360  35.236763  76.327269
0.207950  0.000000  0.000000  0.000000  -37.363763  19.901986  15.714286  51.265869  -6.193899  2.699455  51.449464  16.207975  -36.419360  35.236763  76.327269
0.208318  0.000000  0.000000  0.000000  -37.363763  19.901986  24.285714  50.356033  -12.842471  -2.789247  51.449464  16.207975  -36.419360  35.236763  76.327269
0.208686  0.000000  0.000000  0.000000  -37.363763  19.901986  32.857143  48.747233  -19.371027  -8.574331  51.449464  16.207975  -36.419360  35.236763  76.327269
0.209054  0.000000  0.000000  0.000000  -37.363763  19.901986  41.428571  46.341671  -25.701793  -14.835841  51.449464  16.207975  -36.419360  35.236763  76.327269
0.209422  0.000000  0.000000  0.000000  -37.363763  19.901986  50.000000  42.994951  -31.735780  -21.784560  51.449464  16.207975  -36.419360  35.236763  76.327269
0.209790  0.000000  0.000000  0.000000  -29.788675  17.328286  -10.000000  53.719174  27.606585  22.576977  22.560550  5.972981  4.212162  30.153538  82.938145
0.210158  0.000000  0.000000  0.000000  -29.788675  17.328286  -1.428571  55.932239  20.594628  17.170789  22.560550  5.972981  4.212162  30.153538  82.938145
0.210526  0.000000  0.000000  0.000000  -29.788675  17.328286  7.142857  57.376557  13.429712  12.246653  22.560550  5.972981  4.212162  30.153538  82.938145
0.210894  0.000000  0.000000  0.000000  -29.788675  17.328286  15.714286  58.167780  6.174829  7.610958  22.560550  5.972981  4.212162  30.153538  82.938145
0.211262  0.000000  0.000000  0.000000  -29.788675  17.328286  24.285714  58.367183  -1.119051  3.101429  22.560550  5.972981  4.212162  30.153538  82.938145
0.211630  0.000000  0.000000  0.000000  -29.788675  17.328286  32.857143  57.989944  -8.405970  -1.430678  22.560550  5.972981  4.212162  30.153538  82.938145
0.211999  0.000000  0.000000  0.000000  -29.788675  17.328286  41.428571  57.007253  -15.639084  -6.136491  22.560550  5.972981  4.212162  30.153538  82.938145
0.212367  0.000000  0.000000  0.000000  -29.788675  17.328286  50.000000  55.342349  -22.764575  -11.185886  22.560550  5.972981  4.212162  30.153538  82.938145
0.212735  0.000000  0.000000  0.000000  -20.113999  7.578136  -10.000000  43.402179  5.406623  13.586603  2.929494  26.509454  8.527547  34.133956  85.517784
0.213103  0.000000  0.000000  0.000000  -20.113999  7.578136  -1.428571  43.668728  -0.503211  7.369816  2.929494  26.509454  8.527547  34.133956  85.517784
0.213471  0.000000  0.000000  0.000000  -20.113999  7.578136  7.142857  43.292516  -6.407116  1.141742  2.929494  26.509454  8.527547  34.133956  85.517784
0.213839  0.000000  0.000000  0.000000  -20.113999  7.578136  15.714286  42.257945  -12.234274  -5.231402  2.929494  26.509454  8.527547  34.133956  85.517784
0.214207  0.000000  0.000000  0.000000  -20.113999  7.578136  24.285714  40.523026  -17.908190  -11.888472  2.929494  26.509454  8.527547  34.133956  85.517784
0.214575  0.000000  0.000000  0.000000  -20.113999  7.578136  32.857143  38.020744  -23.341270  -18.976383  2.929494  26.509454  8.527547  34.133956  85.517784
0.214943  0.000000  0.000000  0.000000  -20.113999  7.578136  41.428571  34.663697  -28.429101  -26.649112  2.929494  26.509454  8.527547  34.133956  85.517784
0.215311  0.000000  0.000000  0.000000  -20.113999  7.578136  50.000000  30.356484  -33.045174  -35.058452  2.929494  26.509454  8.527547  34.133956  85.517784
0.215679  0.000000  0.000000  0.000000  -28.554089  17.324077  -10.000000  46.554501  23.443949  23.625746  -17.573754  -10.953078  33.871137  54.330604  84.079369
0.216047  0.000000  0.000000  0.000000  -28.554089  17.324077  -1.428571  48.692740  17.105482  17.469820  -17.573754  -10.953078  33.871137  54.330604  84.079369
0.216415  0.000000  0.000000  0.000000  -28.554089  17.324077  7.142857  50.071074  10.593591  11.725564  -17.573754  -10.953078  33.871137  54.330604  84.079369
0.216783  0.000000  0.000000  0.000000  -28.554089  17.324077  15.714286  50.770801  3.982064  6.222885  -17.573754  -10.953078  33.871137  54.330604  84.079369
0.217151  0.000000  0.000000  0.000000  -28.554089  17.324077  24.285714  50.833162  -2.665453  0.808399  -17.573754  -10.953078  33.871137  54.330604  84.079369
0.217519  0.000000  0.000000  0.000000  -28.554089  17.324077  32.857143  50.261821  -9.288959  -4.664962  -17.573754  -10.953078  33.871137  54.330604  84.079369
0.217887  0.000000  0.000000  0.000000  -28.554089  17.324077  41.428571  49.023127  -15.826046  -10.348495  -17.573754  -10.953078  33.871137  54.330604  84.079369
0.218255  0.000000  0.000000  0.000000  -28.554089  17.324077  50.000000  47.044002  -22.205475  -16.408177  -17.573754  -10.953078  33.871137  54.330604  84.079369
0.218623  0.000000  0.000000  0.000000  -16.651842  16.351058  -10.000000  41.916925  1.552760  2.673341  3.765427  64.285411  -67.097775  41.631425  79.450443
0.218992  0.000000  0.000000  0.000000  -16.651842  16.351058  -1.428571  41.770720  -4.171186  -3.711096  3.765427  64.285411  -67.097775  41.631425  79.450443
0.219360  0.000000  0.000000  0.000000  -16.651842  16.351058  7.142857  40.978683  -9.842825  -10.188931  3.765427  64.285411  -67.097775  41.631425  79.450443
0.219728  0.000000  0.000000  0.000000  -16.651842  16.351058  15.714286  39.511715  -15.386965  -16.890792  3.765427  64.285411  -67.097775  41.631425  79.450443
0.220096  0.000000  0.000000  0.000000  -16.651842  16.351058  24.285714  37.318403  -20.719926  -23.952419  3.765427  64.285411  -67.097775  41.631425  79.450443
0.220464  0.000000  0.000000  0.000000  -16.651842  16.351058  32.857143  34.329123  -25.744598  -31.514022  3.765427  64.285411  -67.097775  41.631425  79.450443
0.220832  0.000000  0.000000  0.000000  -16.651842  16.351058  41.428571  30.465719  -30.345798  -39.713567  3.765427  64.285411  -67.097775  41.631425  79.450443
0.221200  0.000000  0.000000  0.000000  -16.651842  16.351058  50.000000  25.661470  -34.387651  -48.669226  3.765427  64.285411  -67.097775  41.631425  79.450443
0.221568  0.000000  0.000000  0.000000  -35.967109  9.323010  -10.000000  59.449073  23.784340  20.800371  -20.967719  41.182949  -60.484222  59.260693  80.422111
0.221936  0.000000  0.000000  0.000000  -35.967109  9.323010  -1.428571  61.006381  16.340185  16.272302  -20.967719  41.182949  -60.484222  59.260693  80.422111
0.222304  0.000000  0.000000  0.000000  -35.967109  9.323010  7.142857  61.921373  8.806605  12.079985  -20.967719  41.182949  -60.484222  59.260693  80.422111
0.222672  0.000000  0.000000  0.000000  -35.967109  9.323010  15.714286  62.274194  1.228496  8.056363  -20.967719  41.182949  -60.484222  59.260693  80.422111
0.223040  0.000000  0.000000  0.000000  -35.967109  9.323010  24.285714  62.094787  -6.355629  4.055623  -20.967719  41.182949  -60.484222  59.260693  80.422111
0.223408  0.000000  0.000000  0.000000  -35.967109  9.323010  32.857143  61.367994  -13.908111  -0.065206  -20.967719  41.182949  -60.484222  59.260693  80.422111
0.223776  0.000000  0.000000  0.000000  -35.967109  9.323010  41.428571  60.030981  -21.386799  -4.464109  -20.967719  41.182949  -60.484222  59.260693  80.422111
0.224144  0.000000  0.000000  0.000000  -35.967109  9.323010  50.000000  57.962364  -28.738521  -9.334978  -20.967719  41.182949  -60.484222  59.260693  80.422111
0.224512  0.000000  0.000000  0.000000  -21.344915  10.486260  -10.000000  39.173069  6.459042  11.281420  7.377558  71.666282  -33.425828  11.624298  80.774280
0.224880  0.000000  0.000000  0.000000  -21.344915  10.486260  -1.428571  39.606475  1.013574  4.645388  7.377558  71.666282  -33.425828  11.624298  80.774280
0.225248  0.000000  0.000000  0.000000  -21.344915  10.486260  7.142857  39.407988  -4.445427  -1.968319  7.377558  71.666282  -33.425828  11.624298  80.774280
0.225616  0.000000  0.000000  0.000000  -21.344915  10.486260  15.714286  38.571279  -9.844622  -8.680264  7.377558  71.666282  -33.425828  11.624298  80.774280
0.225985  0.000000  0.000000  0.000000  -21.344915  10.486260  24.285714  37.070364  -15.107149  -15.612623  7.377558  71.666282  -33.425828  11.624298  80.774280
0.226353  0.000000  0.000000  0.000000  -21.344915  10.486260  32.857143  34.861734  -20.148287  -22.889942  7.377558  71.666282  -33.425828  11.624298  80.774280
0.226721  0.000000  0.000000  0.000000  -21.344915  10.486260  41.428571  31.889543  -24.871375  -30.636771  7.377558  71.666282  -33.425828  11.624298  80.774280
0.227089  0.000000  0.000000  0.000000  -21.344915  10.486260  50.000000  28.096330  -29.164528  -38.969371  7.377558  71.666282  -33.425828  11.624298  80.774280
0.227457  0.000000  0.000000  0.000000  -18.195286  18.105796  -10.000000  48.306391  29.867762  28.971063  -71.620197  25.793489  45.210809  42.588345  77.887050
0.227825  0.000000  0.000000  0.000000  -18.195286  18.105796  -1.428571  51.087688  23.323863  22.773501  -71.620197  25.793489  45.210809  42.588345  77.887050
0.228193  0.000000  0.000000  0.000000  -18.195286  18.105796  7.142857  53.004027  16.559556  17.168554  -71.620197  25.793489  45.210809  42.588345  77.887050
0.228561  0.000000  0.000000  0.000000  -18.195286  18.105796  15.714286  54.190711  9.655795  11.948769  -71.620197  25.793489  45.210809  42.588345  77.887050
0.228929  0.000000  0.000000  0.000000  -18.195286  18.105796  24.285714  54.729996  2.676634  6.940573  -71.620197  25.793489  45.210809  42.588345  77.887050
0.229297  0.000000  0.000000  0.000000  -18.195286  18.105796  32.857143  54.658698  -4.322698  1.989385  -71.620197  25.793489  45.210809  42.588345  77.887050
0.229665  0.000000  0.000000  0.000000  -18.195286  18.105796  41.428571  53.971984  -11.289295  -3.054219  -71.620197  25.793489  45.210809  42.588345  77.887050
0.230033  0.000000  0.000000  0.000000  -18.195286  18.105796  50.000000  52.622819  -18.166480  -8.348012  -71.620197  25.793489  45.210809  42.588345  77.887050
0.230401  0.000000  0.000000  0.000000  -32.534554  12.437441  -10.000000  54.092273  16.592251  6.035053  -44.919942  -16.260047  99.388379  47.251398  83.655488
0.230769  0.000000  0.000000  0.000000  -32.534554  12.437441  -1.428571  55.247324  9.594683  0.949068  -44.919942  -16.260047  99.388379  47.251398  83.655488
0.231137  0.000000  0.000000  0.000000  -32.534554  12.437441  7.142857  55.763649  2.525985  -3.929368  -44.919942  -16.260047  99.388379  47.251398  83.655488
0.231505  0.000000  0.000000  0.000000  -32.534554  12.437441  15.714286  55.677750  -4.560800  -8.754710  -44.919942  -16.260047  99.388379  47.251398  83.655488
0.231873  0.000000  0.000000  0.000000  -32.534554  12.437441  24.285714  54.983602  -11.614742  -13.676386  -44.919942  -16.260047  99.388379  47.251398  83.655488
0.232241  0.000000  0.000000  0.000000  -32.534554  12.437441  32.857143  53.631914  -18.581042  -18.852945  -44.919942  -16.260047  99.388379  47.251398  83.655488
0.232609  0.000000  0.000000  0.000000  -32.534554  12.437441  41.428571  51.524746  -25.394176  -24.467179  -44.919942  -16.260047  99.388379  47.251398  83.655488
0.232978  0.000000  0.000000  0.000000  -32.534554  12.437441  50.000000  48.505587  -31.969066  -30.742667  -44.919942  -16.260047  99.388379  47.251398  83.655488
0.233346  0.000000  0.000000  0.000000  -20.479973  20.832210  -10.000000  60.613315  13.010000  27.958543  37.859588  -4.622441  21.550919  40.636411  85.264467
0.233714  0.000000  0.000000  0.000000  -20.479973  20.832210  -1.428571  61.293218  5.513238  23.744912  37.859588  -4.622441  21.550919  40.636411  85.264467
0.234082  0.000000  0.000000  0.000000  -20.479973  20.832210  7.142857  61.419038  -2.012421  19.637120  37.859588  -4.622441  21.550919  40.636411  85.264467
0.234450  0.000000  0.000000  0.000000  -20.479973  20.832210  15.714286  61.001120  -9.527644  15.491059  37.859588  -4.622441  21.550919  40.636411  85.264467
0.234818  0.000000  0.000000  0.000000  -20.479973  20.832210  24.285714  60.004742  -16.991708  11.158092  37.859588  -4.622441  21.550919  40.636411  85.264467
0.235186  0.000000  0.000000  0.000000  -20.479973  20.832210  32.857143  58.344154  -24.356637  6.466619  37.859588  -4.622441  21.550919  40.636411  85.264467
0.235554  0.000000  0.000000  0.000000  -20.479973  20.832210  41.428571  55.868617  -31.559530  1.199633  37.859588  -4.622441  21.550919  40.636411  85.264467
0.235922  0.000000  0.000000  0.000000  -20.479973  20.832210  50.000000  52.337861  -38.510768  -4.935412  37.859588  -4.622441  21.550919  40.636411  85.264467
0.236290  0.000000  0.000000  0.000000  -23.364564  14.080608  -10.000000  37.513332  13.620336  10.460263  21.147839  37.918855  -54.364868  51.032066  89.166747
0.236658  0.000000  0.000000  0.000000  -23.364564  14.080608  -1.428571  38.821885  8.317036  3.598255  21.147839  37.918855  -54.364868  51.032066  89.166747
0.237026  0.000000  0.000000  0.000000  -23.364564  14.080608  7.142857  39.475833  2.899412  -3.078479  21.147839  37.918855  -54.364868  51.032066  89.166747
0.237394  0.000000  0.000000  0.000000  -23.364564  14.080608  15.714286  39.495634  -2.557102  -9.691294  21.147839  37.918855  -54.364868  51.032066  89.166747
0.237762  0.000000  0.000000  0.000000  -23.364564  14.080608  24.285714  38.881907  -7.979343  -16.360464  21.147839  37.918855  -54.364868  51.032066  89.166747
0.238130  0.000000  0.000000  0.000000  -23.364564  14.080608  32.857143  37.615424  -13.292143  -23.207228  21.147839  37.918855  -54.364868  51.032066  89.166747
0.238498  0.000000  0.000000  0.000000  -23.364564  14.080608  41.428571  35.658518  -18.413980  -30.355134  21.147839  37.918855  -54.364868  51.032066  89.166747
0.238866  0.000000  0.000000  0.000000  -23.364564  14.080608  50.000000  32.959033  -23.252777  -37.928984  21.147839  37.918855  -54.364868  51.032066  89.166747
0.239234  0.000000  0.000000  0.000000  -30.794411  8.974039  -10.000000  49.667750  15.960248  16.504320  6.778558  40.628273  -64.495077  50.527505  85.874903
0.239603  0.000000  0.000000  0.000000  -30.794411  8.974039  -1.428571  50.900437  9.361512  10.893834  6.778558  40.628273  -64.495077  50.527505  85.874903
0.239971  0.000000  0.000000  0.000000  -30.794411  8.974039  7.142857  51.468062  2.677974  5.494357  6.778558  40.628273  -64.495077  50.527505  85.874903
0.240339  0.000000  0.000000  0.000000  -30.794411  8.974039  15.714286  51.404943  -4.029040  0.153766  6.778558  40.628273  -64.495077  50.527505  85.874903
0.240707  0.000000  0.000000  0.000000  -30.794411  8.974039  24.285714  50.707272  -10.700606  -5.275669  6.778558  40.628273  -64.495077  50.527505  85.874903
0.241075  0.000000  0.000000  0.000000  -30.794411  8.974039  32.857143  49.332834  -17.274165  -10.948291  6.778558  40.628273  -64.495077  50.527505  85.874903
0.241443  0.000000  0.000000  0.000000  -30.794411  8.974039  41.428571  47.198185  -23.676877  -17.036099  6.778558  40.628273  -64.495077  50.527505  85.874903
0.241811  0.000000  0.000000  0.000000  -30.794411  8.974039  50.000000  44.174410  -29.817675  -23.739022  6.778558  40.628273  -64.495077  50.527505  85.874903
0.242179  0.000000  0.000000  0.000000  -15.681235  4.795212  -10.000000  53.486802  28.336052  21.366144  -14.751222  76.291182  -19.425371  30.811261  88.409814
0.242547  0.000000  0.000000  0.000000  -15.681235  4.795212  -1.428571  55.787431  21.340252  15.902783  -14.751222  76.291182  -19.425371  30.811261  88.409814
0.242915  0.000000  0.000000  0.000000  -15.681235  4.795212  7.142857  57.303963  14.184206  10.944148  -14.751222  76.291182  -19.425371  30.811261  88.409814
0.243283  0.000000  0.000000  0.000000  -15.681235  4.795212  15.714286  58.158549  6.932559  6.292187  -14.751222  76.291182  -19.425371  30.811261  88.409814
0.243651  0.000000  0.000000  0.000000  -15.681235  4.795212  24.285714  58.417622  -0.362947  1.782256  -14.751222  76.291182  -19.425371  30.811261  88.409814
0.244019  0.000000  0.000000  0.000000  -15.681235  4.795212  32.857143  58.100960  -7.656202  -2.734990  -14.751222  76.291182  -19.425371  30.811261  88.409814
0.244387  0.000000  0.000000  0.000000  -15.681235  4.795212  41.428571  57.184372  -14.900813  -7.409668  -14.751222  76.291182  -19.425371  30.811261  88.409814
0.244755  0.000000  0.000000  0.000000  -15.681235  4.795212  50.000000  55.596390  -22.044104  -12.408884  -14.751222  76.291182  -19.425371  30.811261  88.409814
0.245123  0.000000  0.000000  0.000000  -12.600200  20.753025  -10.000000  35.008551  16.591594  10.138382  22.022873  33.254612  -27.362212  35.555505  88.824770
0.245491  0.000000  0.000000  0.000000  -12.600200  20.753025  -1.428571  36.753254  11.561113  2.980526  22.022873  33.254612  -27.362212  35.555505  88.824770
0.245859  0.000000  0.000000  0.000000  -12.600200  20.753025  7.142857  37.830600  6.361513  -3.920550  22.022873  33.254612  -27.362212  35.555505  88.824770
0.246227  0.000000  0.000000  0.000000  -12.600200  20.753025  15.714286  38.269906  1.072348  -10.682139  22.022873  33.254612  -27.362212  35.555505  88.824770
0.246596  0.000000  0.000000  0.000000  -12.600200  20.753025  24.285714  38.083734  -4.231686  -17.420350  22.022873  33.254612  -27.362212  35.555505  88.824770
0.246964  0.000000  0.000000  0.000000  -12.600200  20.753025  32.857143  37.266739  -9.476678  -24.251049  22.022873  33.254612  -27.362212  35.555505  88.824770
0.247332  0.000000  0.000000  0.000000  -12.600200  20.753025  41.428571  35.796084  -14.585518  -31.291008  22.022873  33.254612  -27.362212  35.555505  88.824770
0.247700  0.000000  0.000000  0.000000  -12.600200  20.753025  50.000000  33.633845  -19.473912  -38.657978  22.022873  33.254612  -27.362212  35.555505  88.824770
0.248068  0.000000  0.000000  0.000000  -28.298431  -7.705641  -10.000000  52.351753  9.364558  -0.991584  15.257551  67.066025  -9.619479  65.425002  82.756253
0.248436  0.000000  0.000000  0.000000  -28.298431  -7.705641  -1.428571  52.895664  2.548383  -6.220036  15.257551  67.066025  -9.619479  65.425002  82.756253
0.248804  0.000000  0.000000  0.000000  -28.298431  -7.705641  7.142857  52.816907  -4.288751  -11.393133  15.257551  67.066025  -9.619479  65.425002  82.756253
0.249172  0.000000  0.000000  0.000000  -28.298431  -7.705641  15.714286  52.110474  -11.090451  -16.659722  15.257551  67.066025  -9.619479  65.425002  82.756253
0.249540  0.000000  0.000000  0.000000  -28.298431  -7.705641  24.285714  50.731151  -17.796485  -22.176265  15.257551  67.066025  -9.619479  65.425002  82.756253
0.249908  0.000000  0.000000  0.000000  -28.298431  -7.705641  32.857143  48.589827  -24.336063  -28.119191  15.257551  67.066025  -9.619479  65.425002  82.756253
0.250276  0.000000  0.000000  0.000000  -28.298431  -7.705641  41.428571  45.547510  -30.619451  -34.697202  15.257551  67.066025  -9.619479  65.425002  82.756253
0.250644  0.000000  0.000000  0.000000  -15.829256  21.229349  -10.000000  60.629932  11.859061  5.444860  -19.348028  29.272001  -26.302884  32.875884  85.265999
0.251012  0.000000  0.000000  0.000000  -15.829256  21.229349  -1.428571  61.224672  4.364203  1.240726  -19.348028  29.272001  -26.302884  32.875884  85.265999
0.251380  0.000000  0.000000  0.000000  -15.829256  21.229349  7.142857  61.268316  -3.153590  -2.879765  -19.348028  29.272001  -26.302884  32.875884  85.265999
0.251748  0.000000  0.000000  0.000000  -15.829256  21.229349  15.714286  60.764447  -10.654870  -7.060509  -19.348028  29.272001  -26.302884  32.875884  85.265999
0.252116  0.000000  0.000000  0.000000  -15.829256  21.229349  24.285714  59.671146  -18.097944  -11.452568  -19.348028  29.272001  -26.302884  32.875884  85.265999
0.252484  0.000000  0.000000  0.000000  -15.829256  21.229349  32.857143  57.894003  -25.432839  -16.232975  -19.348028  29.272001  -26.302884  32.875884  85.265999
0.252852  0.000000  0.000000  0.000000  -15.829256  21.229349  41.428571  55.270809  -32.593145  -21.627939  -19.348028  29.272001  -26.302884  32.875884  85.265999
0.253220  0.000000  0.000000  0.000000  -11.853884  20.251679  -10.000000  45.897377  28.309388  23.330399  -13.582118  -12.870587  39.609542  13.482362  90.609648
0.253589  0.000000  0.000000  0.000000  -11.853884  20.251679  -1.428571  48.634563  22.006366  16.906912  -13.582118  -12.870587  39.609542  13.482362  90.609648
0.253957  0.000000  0.000000  0.000000  -11.853884  20.251679  7.142857  50.523755  15.474915  11.040980  -13.582118  -12.870587  39.609542  13.482362  90.609648
0.254325  0.000000  0.000000  0.000000  -11.853884  20.251679  15.714286  51.683391  8.798680  5.538818  -13.582118  -12.870587  39.609542  13.482362  90.609648
0.254693  0.000000  0.000000  0.000000  -11.853884  20.251679  24.285714  52.185937  2.045470  0.233325  -13.582118  -12.870587  39.609542  13.482362  90.609648
0.255061  0.000000  0.000000  0.000000  -11.853884  20.251679  32.857143  52.062627  -4.725100  -5.027489  -13.582118  -12.870587  39.609542  13.482362  90.609648
0.255429  0.000000  0.000000  0.000000  -11.853884  20.251679  41.428571  51.305815  -11.455256  -10.392107  -13.582118  -12.870587  39.609542  13.482362  90.609648
0.255797  0.000000  0.000000  0.000000  -11.853884  20.251679  50.000000  49.868379  -18.082963  -16.017103  -13.582118  -12.870587  39.609542  13.482362  90.609648
0.256165  0.000000  0.000000  0.000000  -11.394095  -6.961974  -10.000000  60.002018  24.438958  11.184799  -45.465572  31.169676  -9.201939  61.099141  87.413640
0.256533  0.000000  0.000000  0.000000  -11.394095  -6.961974  -1.428571  61.585127  16.953205  6.716818  -45.465572  31.169676  -9.201939  61.099141  87.413640
0.256901  0.000000  0.000000  0.000000  -11.394095  -6.961974  7.142857  62.526446  9.377813  2.594680  -45.465572  31.169676  -9.201939  61.099141  87.413640
0.257269  0.000000  0.000000  0.000000  -11.394095  -6.961974  15.714286  62.910126  1.756813  -1.349889  -45.465572  31.169676  -9.201939  61.099141  87.413640
0.257637  0.000000  0.000000  0.000000  -11.394095  -6.961974  24.285714  62.769276  -5.872436  -5.262223  -45.465572  31.169676  -9.201939  61.099141  87.413640
0.258005  0.000000  0.000000  0.000000  -11.394095  -6.961974  32.857143  62.091824  -13.473749  -9.283570  -45.465572  31.169676  -9.201939  61.099141  87.413640
0.258373  0.000000  0.000000  0.000000  -11.394095  -6.961974  41.428571  60.818388  -21.006930  -13.569087  -45.465572  31.169676  -9.201939  61.099141  87.413640
0.258741  0.000000  0.000000  0.000000  -11.394095  -6.961974  50.000000  58.831670  -28.421481  -18.308802  -45.465572  31.169676  -9.201939  61.099141  87.413640
0.259109  0.000000  0.000000  0.000000  -14.671656  21.649413  -10.000000  43.454256  18.371482  7.409366  19.164746  30.286175  -94.445232  59.384796  88.760705
0.259477  0.000000  0.000000  0.000000  -14.671656  21.649413  -1.428571  45.144355  12.378771  1.049744  19.164746  30.286175  -94.445232  59.384796  88.760705
0.259845  0.000000  0.000000  0.000000  -14.671656  21.649413  7.142857  46.128910  6.245059  -5.020658  19.164746  30.286175  -94.445232  59.384796  88.760705
0.260213  0.000000  0.000000  0.000000  -14.671656  21.649413  15.714286  46.454868  0.043501  -10.949430  19.164746  30.286175  -94.445232  59.384796  88.760705
0.260582  0.000000  0.000000  0.000000  -14.671656  21.649413  24.285714  46.137944  -6.158533  -16.877227  19.164746  30.286175  -94.445232  59.384796  88.760705
0.260950  0.000000  0.000000  0.000000  -14.671656  21.649413  32.857143  45.162865  -12.293668  -22.944654  19.164746  30.286175  -94.445232  59.384796  88.760705
0.261318  0.000000  0.000000  0.000000  -14.671656  21.649413  41.428571  43.483112  -18.288908  -29.299156  19.164746  30.286175  -94.445232  59.384796  88.760705
0.261686  0.000000  0.000000  0.000000  -14.671656  21.649413  50.000000  41.020738  -24.059491  -36.100686  19.164746  30.286175  -94.445232  59.384796  88.760705
0.262054  0.000000  0.000000  0.000000  -8.960529  2.321745  -10.000000  46.051297  8.583761  2.734259  -3.011206  54.002670  -10.268886  29.432804  87.901828
0.262422  0.000000  0.000000  0.000000  -8.960529  2.321745  -1.428571  46.620187  2.377619  -3.208025  -3.011206  54.002670  -10.268886  29.432804  87.901828
0.262790  0.000000  0.000000  0.000000  -8.960529  2.321745  7.142857  46.544140  -3.853820  -9.096872  -3.011206  54.002670  -10.268886  29.432804  87.901828
0.263158  0.000000  0.000000  0.000000  -8.960529  2.321745  15.714286  45.819478  -10.044108  -15.072542  -3.011206  54.002670  -10.268886  29.432804  87.901828
0.263526  0.000000  0.000000  0.000000  -8.960529  2.321745  24.285714  44.411048  -16.123308  -21.279706  -3.011206  54.002670  -10.268886  29.432804  87.901828
0.263894  0.000000  0.000000  0.000000  -8.960529  2.321745  32.857143  42.251830  -22.012026  -27.873956  -3.011206  54.002670  -10.268886  29.432804  87.901828
0.264262  0.000000  0.000000  0.000000  -8.960529  2.321745  41.428571  39.243546  -27.614768  -35.026042  -3.011206  54.002670  -10.268886  29.432804  87.901828
0.264630  0.000000  0.000000  0.000000  -8.960529  2.321745  50.000000  35.262274  -32.812610  -42.920068  -3.011206  54.002670  -10.268886  29.432804  87.901828
0.264998  0.000000  0.000000  0.000000  -35.653373  13.261685  -10.000000  46.952868  15.338471  22.522742  25.975709  46.451278  -12.422099  51.068257  91.998602
0.265366  0.000000  0.000000  0.000000  -35.653373  13.261685  -1.428571  48.202415  9.005361  16.610452  25.975709  46.451278  -12.422099  51.068257  91.998602
0.265734  0.000000  0.000000  0.000000  -35.653373  13.261685  7.142857  48.779836  2.581280  10.903659  25.975709  46.451278  -12.422099  51.068257  91.998602
0.266102  0.000000  0.000000  0.000000  -35.653373  13.261685  15.714286  48.716248  -3.868097  5.254530  25.975709  46.451278  -12.422099  51.068257  91.998602
0.266470  0.000000  0.000000  0.000000  -35.653373  13.261685  24.285714  48.008222  -10.279440  -0.481216  25.975709  46.451278  -12.422099  51.068257  91.998602
0.266838  0.000000  0.000000  0.000000  -35.653373  13.261685  32.857143  46.617625  -16.585894  -6.453175  25.975709  46.451278  -12.422099  51.068257  91.998602
0.267206  0.000000  0.000000  0.000000  -35.653373  13.261685  41.428571  44.470178  -22.710737  -12.824768  25.975709  46.451278  -12.422099  51.068257  91.998602
0.267575  0.000000  0.000000  0.000000  -35.653373  13.261685  50.000000  41.454101  -28.560154  -19.780017  25.975709  46.451278  -12.422099  51.068257  91.998602
0.267943  0.000000  0.000000  0.000000  -14.926823  18.441053  -10.000000  37.754014  17.644744  20.966965  -27.657648  25.654046  5.425680  49.490374  90.048732
0.268311  0.000000  0.000000  0.000000  -14.926823  18.441053  -1.428571  39.546672  12.284572  14.040162  -27.657648  25.654046  5.425680  49.490374  90.048732
0.268679  0.000000  0.000000  0.000000  -14.926823  18.441053  7.142857  40.648434  6.757506  7.394352  -27.657648  25.654046  5.425680  49.490374  90.048732
0.269047  0.000000  0.000000  0.000000  -14.926823  18.441053  15.714286  41.096815  1.142509  0.900074  -27.657648  25.654046  5.425680  49.490374  90.048732
0.269415  0.000000  0.000000  0.000000  -14.926823  18.441053  24.285714  40.907605  -4.487089  -5.568806  -27.657648  25.654046  5.425680  49.490374  90.048732
0.269783  0.000000  0.000000  0.000000  -14.926823  18.441053  32.857143  40.074109  -10.058901  -12.137802  -27.657648  25.654046  5.425680  49.490374  90.048732
0.270151  0.000000  0.000000  0.000000  -14.926823  18.441053  41.428571  38.567432  -15.496822  -18.934783  -27.657648  25.654046  5.425680  49.490374  90.048732
0.270519  0.000000  0.000000  0.000000  -14.926823  18.441053  50.000000  36.338227  -20.716293  -26.091739  -27.657648  25.654046  5.425680  49.490374  90.048732
0.270887  0.000000  0.000000  0.000000  -35.940877  3.152818  -10.000000  46.790943  17.173914  8.791782  67.869454  10.803267  -63.272791  13.372904  87.335700
0.271255  0.000000  0.000000  0.000000  -35.940877  3.152818  -1.428571  48.238208  10.847039  2.827986  67.869454  10.803267  -63.272791  13.372904  87.335700
0.271623  0.000000  0.000000  0.000000  -35.940877  3.152818  7.142857  48.998567  4.410310  -2.885973  67.869454  10.803267  -63.272791  13.372904  87.335700
0.271991  0.000000  0.000000  0.000000  -35.940877  3.152818  15.714286  49.113547  -2.069317  -8.501186  67.869454  10.803267  -63.272791  13.372904  87.335700
0.272359  0.000000  0.000000  0.000000  -35.940877  3.152818  24.285714  48.589435  -8.528937  -14.162532  67.869454  10.803267  -63.272791  13.372904  87.335700
0.272727  0.000000  0.000000  0.000000  -35.940877  3.152818  32.857143  47.397588  -14.903771  -20.017797  67.869454  10.803267  -63.272791  13.372904  87.335700
0.273095  0.000000  0.000000  0.000000  -35.940877  3.152818  41.428571  45.473134  -21.120983  -26.226670  67.869454  10.803267  -63.272791  13.372904  87.335700
0.273463  0.000000  0.000000  0.000000  -35.940877  3.152818  50.000000  42.713087  -27.092680  -32.968557  67.869454  10.803267  -63.272791  13.372904  87.335700
0.273831  0.000000  0.000000  0.000000  -10.037194  13.301777  -10.000000  54.831263  13.808894  11.015418  -190.416616  16.293074  216.960402  63.055365  84.094439
0.274199  0.000000  0.000000  0.000000  -10.037194  13.301777  -1.428571  55.718867  6.759597  6.056172  -190.416616  16.293074  216.960402  63.055365  84.094439
0.274568  0.000000  0.000000  0.000000  -10.037194  13.301777  7.142857  55.989246  -0.338395  1.240517  -190.416616  16.293074  216.960402  63.055365  84.094439
0.274936  0.000000  0.000000  0.000000  -10.037194  13.301777  15.714286  55.661570  -7.433994  -3.582217  -190.416616  16.293074  216.960402  63.055365  84.094439
0.275304  0.000000  0.000000  0.000000  -10.037194  13.301777  24.285714  54.712612  -14.475832  -8.563377  -190.416616  16.293074  216.960402  63.055365  84.094439
0.275672  0.000000  0.000000  0.000000  -10.037194  13.301777  32.857143  53.074051  -21.406068  -13.869553  -190.416616  16.293074  216.960402  63.055365  84.094439
0.276040  0.000000  0.000000  0.000000  -10.037194  13.301777  41.428571  50.625051  -28.152895  -19.698391  -190.416616  16.293074  216.960402  63.055365  84.094439
0.276408  0.000000  0.000000  0.000000  -10.037194  13.301777  50.000000  47.180702  -34.620415  -26.295982  -190.416616  16.293074  216.960402  63.055365  84.094439
0.276776  0.000000  0.000000  0.000000  -35.394945  16.369705  -10.000000  59.766205  23.817551  23.893622  -29.428018  12.632380  11.395328  37.350773  88.986116
0.277144  0.000000  0.000000  0.000000  -35.394945  16.369705  -1.428571  61.310555  16.350492  19.407926  -29.428018  12.632380  11.395328  37.350773  88.986116
0.277512  0.000000  0.000000  0.000000  -35.394945  16.369705  7.142857  62.216705  8.795648  15.256025  -29.428018  12.632380  11.395328  37.350773  88.986116
0.277880  0.000000  0.000000  0.000000  -35.394945  16.369705  15.714286  62.564643  1.197190  11.271443  -29.428018  12.632380  11.395328  37.350773  88.986116
0.278248  0.000000  0.000000  0.000000  -35.394945  16.369705  24.285714  62.384082  -6.407025  7.309004  -29.428018  12.632380  11.395328  37.350773  88.986116
0.278616  0.000000  0.000000  0.000000  -35.394945  16.369705  32.857143  61.659679  -13.979940  3.226309  -29.428018  12.632380  11.395328  37.350773  88.986116
0.278984  0.000000  0.000000  0.000000  -35.394945  16.369705  41.428571  60.328324  -21.480037  -1.134228  -29.428018  12.632380  11.395328  37.350773  88.986116
0.279352  0.000000  0.000000  0.000000  -35.394945  16.369705  50.000000  58.268079  -28.854829  -5.966497  -29.428018  12.632380  11.395328  37.350773  88.986116
0.279720  0.000000  0.000000  0.000000  -35.418758  16.878323  -10.000000  53.056444  20.585672  30.358620  32.419450  2.751475  -8.852039  19.256879  91.731368
0.280088  0.000000  0.000000  0.000000  -35.418758  16.878323  -1.428571  54.617648  13.660467  25.069218  32.419450  2.751475  -8.852039  19.256879  91.731368
0.280456  0.000000  0.000000  0.000000  -35.418758  16.878323  7.142857  55.497771  6.629697  20.085032  32.419450  2.751475  -8.852039  19.256879  91.731368
0.280824  0.000000  0.000000  0.000000  -35.418758  16.878323  15.714286  55.759492  -0.449333  15.242017  32.419450  2.751475  -8.852039  19.256879  91.731368
0.281192  0.000000  0.000000  0.000000  -35.418758  16.878323  24.285714  55.421235  -7.525163  10.389574  32.419450  2.751475  -8.852039  19.256879  91.731368
0.281561  0.000000  0.000000  0.000000  -35.418758  16.878323  32.857143  54.459190  -14.545897  5.376199  32.419450  2.751475  -8.852039  19.256879  91.731368
0.281929  0.000000  0.000000  0.000000  -35.418758  16.878323  41.428571  52.804658  -21.453078  0.035103  32.419450  2.751475  -8.852039  19.256879  91.731368
0.282297  0.000000  0.000000  0.000000  -35.418758  16.878323  50.000000  50.336653  -28.174103  -5.831434  32.419450  2.751475  -8.852039  19.256879  91.731368
0.282665  0.000000  0.000000  0.000000  -37.687380  6.664271  -10.000000  49.042052  32.538924  5.056396  31.551460  29.220819  -65.013466  68.314140  90.984196
0.283033  0.000000  0.000000  0.000000  -37.687380  6.664271  -1.428571  52.093906  25.911205  -1.179195  31.551460  29.220819  -65.013466  68.314140  90.984196
0.283401  0.000000  0.000000  0.000000  -37.687380  6.664271  7.142857  54.224546  19.045667  -6.738140  31.551460  29.220819  -65.013466  68.314140  90.984196
0.283769  0.000000  0.000000  0.000000  -37.687380  6.664271  15.714286  55.596984  12.027207  -11.849234  31.551460  29.220819  -65.013466  68.314140  90.984196
0.284137  0.000000  0.000000  0.000000  -37.687380  6.664271  24.285714  56.313249  4.920635  -16.697774  31.551460  29.220819  -65.013466  68.314140  90.984196
0.284505  0.000000  0.000000  0.000000  -37.687380  6.664271  32.857143  56.425348  -2.220233  -21.443204  31.551460  29.220819  -65.013466  68.314140  90.984196
0.284873  0.000000  0.000000  0.000000  -37.687380  6.664271  41.428571  55.941324  -9.345747  -26.234852  31.551460  29.220819  -65.013466  68.314140  90.984196
0.285241  0.000000  0.000000  0.000000  -37.687380  6.664271  50.000000  54.826248  -16.404406  -31.226578  31.551460  29.220819  -65.013466  68.314140  90.984196
0.285609  0.000000  0.000000  0.000000  -20.782287  15.960384  -10.000000  47.303026  8.953162  11.742159  2.575298  84.252646  -42.344842  59.228525  89.098268
0.285977  0.000000  0.000000  0.000000  -20.782287  15.960384  -1.428571  47.889806  2.618459  5.935358  2.575298  84.252646  -42.344842  59.228525  89.098268
0.286345  0.000000  0.000000  0.000000  -20.782287  15.960384  7.142857  47.833266  -3.742814  0.187251  2.575298  84.252646  -42.344842  59.228525  89.098268
0.286713  0.000000  0.000000  0.000000  -20.782287  15.960384  15.714286  47.130503  -10.066005  -5.644912  2.575298  84.252646  -42.344842  59.228525  89.098268
0.287081  0.000000  0.000000  0.000000  -20.782287  15.960384  24.285714  45.745198  -16.283055  -11.708680  2.575298  84.252646  -42.344842  59.228525  89.098268
0.287449  0.000000  0.000000  0.000000  -20.782287  15.960384  32.857143  43.606645  -22.316326  -18.164089  2.575298  84.252646  -42.344842  59.228525  89.098268
0.287817  0.000000  0.000000  0.000000  -20.782287  15.960384  41.428571  40.609206  -28.071582  -25.189458  2.575298  84.252646  -42.344842  59.228525  89.098268
0.288185  0.000000  0.000000  0.000000  -20.782287  15.960384  50.000000  36.616199  -33.429959  -32.981503  2.575298  84.252646  -42.344842  59.228525  89.098268
0.288554  0.000000  0.000000  0.000000  -28.576330  10.152996  -10.000000  55.922395  25.160454  12.285809  -25.741320  27.862282  -0.472269  72.330506  89.502371
0.288922  0.000000  0.000000  0.000000  -28.576330  10.152996  -1.428571  57.778818  17.979104  7.248876  -25.741320  27.862282  -0.472269  72.330506  89.502371
0.289290  0.000000  0.000000  0.000000  -28.576330  10.152996  7.142857  58.929683  10.678064  2.610411  -25.741320  27.862282  -0.472269  72.330506  89.502371
0.289658  0.000000  0.000000  0.000000  -28.576330  10.152996  15.714286  59.469204  3.311912  -1.808483  -25.741320  27.862282  -0.472269  72.330506  89.502371
0.290026  0.000000  0.000000  0.000000  -28.576330  10.152996  24.285714  59.440193  -4.073593  -6.161732  -25.741320  27.862282  -0.472269  72.330506  89.502371
0.290394  0.000000  0.000000  0.000000  -28.576330  10.152996  32.857143  58.840376  -11.435238  -10.595887  -25.741320  27.862282  -0.472269  72.330506  89.502371
0.290762  0.000000  0.000000  0.000000  -28.576330  10.152996  41.428571  57.622040  -18.726670  -15.266585  -25.741320  27.862282  -0.472269  72.330506  89.502371
0.291130  0.000000  0.000000  0.000000  -28.576330  10.152996  50.000000  55.685035  -25.891975  -20.356446  -25.741320  27.862282  -0.472269  72.330506  89.502371
0.291498  0.000000  0.000000  0.000000  -30.572805  4.502424  -10.000000  42.347366  21.860336  12.781688  81.121575  6.670139  -79.022769  17.775679  86.124591
0.291866  0.000000  0.000000  0.000000  -30.572805  4.502424  -1.428571  44.484547  15.962456  6.202809  81.121575  6.670139  -79.022769  17.775679  86.124591
0.292234  0.000000  0.000000  0.000000  -30.572805  4.502424  7.142857  45.873133  9.876570  0.006676  81.121575  6.670139  -79.022769  17.775679  86.124591
0.292602  0.000000  0.000000  0.000000  -30.572805  4.502424  15.714286  46.579352  3.681690  -5.962026  81.121575  6.670139  -79.022769  17.775679  86.124591
0.292970  0.000000  0.000000  0.000000  -30.572805  4.502424  24.285714  46.637491  -2.552443  -11.847815  81.121575  6.670139  -79.022769  17.775679  86.124591
0.293338  0.000000  0.000000  0.000000  -30.572805  4.502424  32.857143  46.050383  -8.759438  -17.790979  81.121575  6.670139  -79.022769  17.775679  86.124591
0.293706  0.000000  0.000000  0.000000  -30.572805  4.502424  41.428571  44.789480  -14.870601  -23.934747  81.121575  6.670139  -79.022769  17.775679  86.124591
0.294074  0.000000  0.000000  0.000000  -30.572805  4.502424  50.000000  42.794373  -20.809043  -30.432056  81.121575  6.670139  -79.022769  17.775679  86.124591
0.294442  0.000000  0.000000  0.000000  -23.007821  12.168282  -10.000000  61.207091  4.701474  11.624495  15.040054  28.490908  17.667611  15.042303  85.173736
0.294810  0.000000  0.000000  0.000000  -23.007821  12.168282  -1.428571  61.275081  -2.815929  7.502963  15.040054  28.490908  17.667611  15.042303  85.173736
0.295179  0.000000  0.000000  0.000000  -23.007821  12.168282  7.142857  60.796321  -10.318602  3.327679  15.040054  28.490908  17.667611  15.042303  85.173736
0.295547  0.000000  0.000000  0.000000  -23.007821  12.168282  15.714286  59.731000  -17.765054  -1.051763  15.040054  28.490908  17.667611  15.042303  85.173736
0.295915  0.000000  0.000000  0.000000  -23.007821  12.168282  24.285714  57.987377  -25.105837  -5.810739  15.040054  28.490908  17.667611  15.042303  85.173736
0.296283  0.000000  0.000000  0.000000  -23.007821  12.168282  32.857143  55.406729  -32.275498  -11.172660  15.040054  28.490908  17.667611  15.042303  85.173736
0.296651  0.000000  0.000000  0.000000  -23.007821  12.168282  41.428571  51.738146  -39.180201  -17.439659  15.040054  28.490908  17.667611  15.042303  85.173736
0.297019  0.000000  0.000000  0.000000  -39.597792  13.532034  -10.000000  54.934404  6.325690  14.615046  62.607358  10.023768  10.729806  57.834225  90.482184
0.297387  0.000000  0.000000  0.000000  -39.597792  13.532034  -1.428571  55.175879  -0.704655  9.702597  62.607358  10.023768  10.729806  57.834225  90.482184
0.297755  0.000000  0.000000  0.000000  -39.597792  13.532034  7.142857  54.812633  -7.729804  4.775250  62.607358  10.023768  10.729806  57.834225  90.482184
0.298123  0.000000  0.000000  0.000000  -39.597792  13.532034  15.714286  53.819571  -14.696610  -0.318796  62.607358  10.023768  10.729806  57.834225  90.482184
0.298491  0.000000  0.000000  0.000000  -39.597792  13.532034  24.285714  52.127206  -21.545035  -5.746717  62.607358  10.023768  10.729806  57.834225  90.482184
0.298859  0.000000  0.000000  0.000000  -39.597792  13.532034  32.857143  49.614581  -28.200649  -11.706050  62.607358  10.023768  10.729806  57.834225  90.482184
0.299227  0.000000  0.000000  0.000000  -39.597792  13.532034  41.428571  46.099270  -34.564447  -18.440472  62.607358  10.023768  10.729806  57.834225  90.482184
0.299595  0.000000  0.000000  0.000000  -39.597792  13.532034  50.000000  41.329693  -40.498765  -26.251641  62.607358  10.023768  10.729806  57.834225  90.482184
0.299963  0.000000  0.000000  0.000000  -34.946188  -5.710703  -10.000000  55.024502  17.547267  10.357739  13.462464  24.463071  56.055594  34.474776  87.368112
0.300331  0.000000  0.000000  0.000000  -34.946188  -5.710703  -1.428571  56.233939  10.467795  5.373561  13.462464  24.463071  56.055594  34.474776  87.368112
0.300699  0.000000  0.000000  0.000000  -34.946188  -5.710703  7.142857  56.806464  3.314392  0.613847  13.462464  24.463071  56.055594  34.474776  87.368112
0.301067  0.000000  0.000000  0.000000  -34.946188  -5.710703  15.714286  56.784011  -3.861495  -4.077133  13.462464  24.463071  56.055594  34.474776  87.368112
0.301435  0.000000  0.000000  0.000000  -34.946188  -5.710703  24.285714  56.164956  -11.011149  -8.848287  13.462464  24.463071  56.055594  34.474776  87.368112
0.301803  0.000000  0.000000  0.000000  -34.946188  -5.710703  32.857143  54.903872  -18.082651  -13.856527  13.462464  24.463071  56.055594  34.474776  87.368112
0.302172  0.000000  0.000000  0.000000  -34.946188  -5.710703  41.428571  52.906000  -25.014252  -19.282606  13.462464  24.463071  56.055594  34.474776  87.368112
0.302540  0.000000  0.000000  0.000000  -34.946188  -5.710703  50.000000  50.016384  -31.725684  -25.349104  13.462464  24.463071  56.055594  34.474776  87.368112
0.302908  0.000000  0.000000  0.000000  -31.023283  20.885373  -10.000000  60.026569  27.453480  10.545280  22.454920  25.656447  -19.731405  63.370711  91.671414
0.303276  0.000000  0.000000  0.000000  -31.023283  20.885373  -1.428571  61.857958  19.956684  6.001650  22.454920  25.656447  -19.731405  63.370711  91.671414
0.303644  0.000000  0.000000  0.000000  -31.023283  20.885373  7.142857  63.009227  12.354910  1.874865  22.454920  25.656447  -19.731405  63.370711  91.671414
0.304012  0.000000  0.000000  0.000000  -31.023283  20.885373  15.714286  63.587628  4.694563  -2.016792  22.454920  25.656447  -19.731405  63.370711  91.671414
0.304380  0.000000  0.000000  0.000000  -31.023283  20.885373  24.285714  63.644494  -2.986856  -5.823372  22.454920  25.656447  -19.731405  63.370711  91.671414
0.304748  0.000000  0.000000  0.000000  -31.023283  20.885373  32.857143  63.184806  -10.654940  -9.683820  22.454920  25.656447  -19.731405  63.370711  91.671414
0.305116  0.000000  0.000000  0.000000  -31.023283  20.885373  41.428571  62.168013  -18.273330  -13.744086  22.454920  25.656447  -19.731405  63.370711  91.671414
0.305484  0.000000  0.000000  0.000000  -31.023283  20.885373  50.000000  60.500624  -25.798211  -18.176785  22.454920  25.656447  -19.731405  63.370711  91.671414
0.305852  0.000000  0.000000  0.000000  -28.696625  8.044072  -10.000000  41.862846  16.374427  11.877533  19.590180  33.191462  -79.297509  39.218548  83.654964
0.306220  0.000000  0.000000  0.000000  -28.696625  8.044072  -1.428571  43.376413  10.564098  5.394312  19.590180  33.191462  -79.297509  39.218548  83.654964
0.306588  0.000000  0.000000  0.000000  -28.696625  8.044072  7.142857  44.203039  4.626629  -0.845299  19.590180  33.191462  -79.297509  39.218548  83.654964
0.306956  0.000000  0.000000  0.000000  -28.696625  8.044072  15.714286  44.378091  -1.364509  -6.980488  19.590180  33.191462  -79.297509  39.218548  83.654964
0.307324  0.000000  0.000000  0.000000  -28.696625  8.044072  24.285714  43.909088  -7.339943  -13.146330  19.590180  33.191462  -79.297509  39.218548  83.654964
0.307692  0.000000  0.000000  0.000000  -28.696625  8.044072  32.857143  42.775840  -13.229103  -19.479130  19.590180  33.191462  -79.297509  39.218548  83.654964
0.308060  0.000000  0.000000  0.000000  -28.696625  8.044072  41.428571  40.930499  -18.954831  -26.121503  19.590180  33.191462  -79.297509  39.218548  83.654964
0.308428  0.000000  0.000000  0.000000  -28.696625  8.044072  50.000000  38.298869  -24.427656  -33.225620  19.590180  33.191462  -79.297509  39.218548  83.654964
0.308796  0.000000  0.000000  0.000000  -40.683975  5.343574  -10.000000  55.898081  31.551513  3.459125  -46.037321  -17.252942  34.296422  52.969747  92.315723
0.309165  0.000000  0.000000  0.000000  -40.683975  5.343574  -1.428571  58.370776  24.346348  -1.803414  -46.037321  -17.252942  34.296422  52.969747  92.315723
0.309533  0.000000  0.000000  0.000000  -40.683975  5.343574  7.142857  60.029149  16.979474  -6.491048  -46.037321  -17.252942  34.296422  52.969747  92.315723
0.309901  0.000000  0.000000  0.000000  -40.683975  5.343574  15.714286  61.023795  9.513682  -10.820637  -46.037321  -17.252942  34.296422  52.969747  92.315723
0.310269  0.000000  0.000000  0.000000  -40.683975  5.343574  24.285714  61.440330  1.996879  -14.963671  -46.037321  -17.252942  34.296422  52.969747  92.315723
0.310637  0.000000  0.000000  0.000000  -40.683975  5.343574  32.857143  61.313444  -5.530260  -19.068793  -46.037321  -17.252942  34.296422  52.969747  92.315723
0.311005  0.000000  0.000000  0.000000  -40.683975  5.343574  41.428571  60.632641  -13.028464  -23.279996  -46.037321  -17.252942  34.296422  52.969747  92.315723
0.311373  0.000000  0.000000  0.000000  -40.683975  5.343574  50.000000  59.340516  -20.454470  -27.754178  -46.037321  -17.252942  34.296422  52.969747  92.315723
0.311741  0.000000  0.000000  0.000000  -23.074043  3.624789  -10.000000  46.599233  28.235961  5.445524  101.770920  13.145724  -39.331998  38.970695  83.558383
0.312109  0.000000  0.000000  0.000000  -23.074043  3.624789  -1.428571  49.288023  21.864716  -0.889624  101.770920  13.145724  -39.331998  38.970695  83.558383
0.312477  0.000000  0.000000  0.000000  -23.074043  3.624789  7.142857  51.134230  15.272470  -6.673282  101.770920  13.145724  -39.331998  38.970695  83.558383
0.312845  0.000000  0.000000  0.000000  -23.074043  3.624789  15.714286  52.256617  8.541107  -12.100014  101.770920  13.145724  -39.331998  38.970695  83.558383
0.313213  0.000000  0.000000  0.000000  -23.074043  3.624789  24.285714  52.726852  1.736930  -17.336945  101.770920  13.145724  -39.331998  38.970695  83.558383
0.313581  0.000000  0.000000  0.000000  -23.074043  3.624789  32.857143  52.574747  -5.081638  -22.536139  101.770920  13.145724  -39.331998  38.970695  83.558383
0.313949  0.000000  0.000000  0.000000  -23.074043  3.624789  41.428571  51.790681  -11.857713  -27.846565  101.770920  13.145724  -39.331998  38.970695  83.558383
0.314317  0.000000  0.000000  0.000000  -23.074043  3.624789  50.000000  50.324788  -18.529856  -33.426168  101.770920  13.145724  -39.331998  38.970695  83.558383
0.314685  0.000000  0.000000  0.000000  -11.714936  -6.021470  -10.000000  59.340315  29.174482  2.117560  -10.034817  16.135450  51.458393  32.698269  84.704156
0.315053  0.000000  0.000000  0.000000  -11.714936  -6.021470  -1.428571  61.361881  21.720730  -2.575109  -10.034817  16.135450  51.458393  32.698269  84.704156
0.315421  0.000000  0.000000  0.000000  -11.714936  -6.021470  7.142857  62.666137  14.148025  -6.799728  -10.034817  16.135450  51.458393  32.698269  84.704156
0.315789  0.000000  0.000000  0.000000  -11.714936  -6.021470  15.714286  63.376040  6.506320  -10.749399  -10.034817  16.135450  51.458393  32.698269  84.704156
0.316158  0.000000  0.000000  0.000000  -11.714936  -6.021470  24.285714  63.554985  -1.165104  -14.579871  -10.034817  16.135450  51.458393  32.698269  84.704156
0.316526  0.000000  0.000000  0.000000  -11.714936  -6.021470  32.857143  63.218544  -8.831292  -18.431375  -10.034817  16.135450  51.458393  32.698269  84.704156
0.316894  0.000000  0.000000  0.000000  -11.714936  -6.021470  41.428571  62.337309  -16.456553  -22.446807  -10.034817  16.135450  51.458393  32.698269  84.704156
0.317262  0.000000  0.000000  0.000000  -22.874562  7.221748  -10.000000  56.298987  40.517332  7.900062  -1.113130  15.284517  4.860054  65.606287  90.072378
0.317630  0.000000  0.000000  0.000000  -22.874562  7.221748  -1.428571  59.713056  33.240860  2.225591  -1.113130  15.284517  4.860054  65.606287  90.072378
0.317998  0.000000  0.000000  0.000000  -22.874562  7.221748  7.142857  62.075916  25.746883  -2.561386  -1.113130  15.284517  4.860054  65.606287  90.072378
0.318366  0.000000  0.000000  0.000000  -22.874562  7.221748  15.714286  63.652942  18.115234  -6.772790  -1.113130  15.284517  4.860054  65.606287  90.072378
0.318734  0.000000  0.000000  0.000000  -22.874562  7.221748  24.285714  64.605131  10.399844  -10.628903  -1.113130  15.284517  4.860054  65.606287  90.072378
0.319102  0.000000  0.000000  0.000000  -22.874562  7.221748  32.857143  65.022802  2.640610  -14.297494  -1.113130  15.284517  4.860054  65.606287  90.072378
0.319470  0.000000  0.000000  0.000000  -22.874562  7.221748  41.428571  64.943920  -5.129270  -17.920266  -1.113130  15.284517  4.860054  65.606287  90.072378
0.319838  0.000000  0.000000  0.000000  -22.874562  7.221748  50.000000  64.361403  -12.878267  -21.632698  -1.113130  15.284517  4.860054  65.606287  90.072378
0.320206  0.000000  0.000000  0.000000  -13.331473  -5.506982  -10.000000  54.449070  28.704996  10.912580  -32.572064  35.110610  -47.162181  64.164864  88.559390
0.320574  0.000000  0.000000  0.000000  -13.331473  -5.506982  -1.428571  56.729367  21.627895  5.563704  -32.572064  35.110610  -47.162181  64.164864  88.559390
0.320942  0.000000  0.000000  0.000000  -13.331473  -5.506982  7.142857  58.230494  14.395922  0.721364  -32.572064  35.110610  -47.162181  64.164864  88.559390
0.321310  0.000000  0.000000  0.000000  -13.331473  -5.506982  15.714286  59.077330  7.071685  -3.813915  -32.572064  35.110610  -47.162181  64.164864  88.559390
0.321678  0.000000  0.000000  0.000000  -13.331473  -5.506982  24.285714  59.337613  -0.295018  -8.206555  -32.572064  35.110610  -47.162181  64.164864  88.559390
0.322046  0.000000  0.000000  0.000000  -13.331473  -5.506982  32.857143  59.031733  -7.659985  -12.605046  -32.572064  35.110610  -47.162181  64.164864  88.559390
0.322414  0.000000  0.000000  0.000000  -13.331473  -5.506982  41.428571  58.135710  -14.978794  -17.158499  -32.572064  35.110610  -47.162181  64.164864  88.559390
0.322782  0.000000  0.000000  0.000000  -13.331473  -5.506982  50.000000  56.577687  -22.200917  -22.033415  -32.572064  35.110610  -47.162181  64.164864  88.559390
0.323151  0.000000  0.000000  0.000000  -42.992441  9.032235  -10.000000  46.505468  38.514883  27.629979  3.309063  54.627536  -19.846825  44.311406  92.698599
0.323519  0.000000  0.000000  0.000000  -42.992441  9.032235  -1.428571  50.533570  32.084105  20.675797  3.309063  54.627536  -19.846825  44.311406  92.698599
0.323887  0.000000  0.000000  0.000000  -42.992441  9.032235  7.142857  53.430093  25.324468  14.659744  3.309063  54.627536  -19.846825  44.311406  92.698599
0.324255  0.000000  0.000000  0.000000  -42.992441  9.032235  15.714286  55.431725  18.346891  9.291573  3.309063  54.627536  -19.846825  44.311406  92.698599
0.324623  0.000000  0.000000  0.000000  -42.992441  9.032235  24.285714  56.697400  11.230881  4.345621  3.309063  54.627536  -19.846825  44.311406  92.698599
0.324991  0.000000  0.000000  0.000000  -42.992441  9.032235  32.857143  57.324108  4.037318  -0.360030  3.309063  54.627536  -19.846825  44.311406  92.698599
0.325359  0.000000  0.000000  0.000000  -42.992441  9.032235  41.428571  57.358661  -3.182892  -4.982520  3.309063  54.627536  -19.846825  44.311406  92.698599
0.325727  0.000000  0.000000  0.000000  -42.992441  9.032235  50.000000  56.803621  -10.382148  -9.670433  3.309063  54.627536  -19.846825  44.311406  92.698599
0.326095  0.000000  0.000000  0.000000  -40.758663  21.701949  -10.000000  49.134749  10.509622  30.245187  -0.810780  54.708213  -50.658037  40.294303  92.117583
0.326463  0.000000  0.000000  0.000000  -40.758663  21.701949  -1.428571  49.844262  3.987622  24.635429  -0.810780  54.708213  -50.658037  40.294303  92.117583
0.326831  0.000000  0.000000  0.000000  -40.758663  21.701949  7.142857  49.912637  -2.571849  19.114498  -0.810780  54.708213  -50.658037  40.294303  92.117583
0.327199  0.000000  0.000000  0.000000  -40.758663  21.701949  15.714286  49.343742  -9.107244  13.536436  -0.810780  54.708213  -50.658037  40.294303  92.117583
0.327567  0.000000  0.000000  0.000000  -40.758663  21.701949  24.285714  48.105348  -15.554680  7.751451  -0.810780  54.708213  -50.658037  40.294303  92.117583
0.327935  0.000000  0.000000  0.000000  -40.758663  21.701949  32.857143  46.127422  -21.841648  1.596263  -0.810780  54.708213  -50.658037  40.294303  92.117583
0.328303  0.000000  0.000000  0.000000  -40.758663  21.701949  41.428571  43.299516  -27.879693  -5.114564  -0.810780  54.708213  -50.658037  40.294303  92.117583
0.328671  0.000000  0.000000  0.000000  -40.758663  21.701949  50.000000  39.470543  -33.555521  -12.593456  -0.810780  54.708213  -50.658037  40.294303  92.117583
0.329039  0.000000  0.000000  0.000000  -46.424139  4.062739  -10.000000  48.778583  32.303795  15.110568  55.294853  23.532598  -59.985309  53.277124  88.858666
0.329407  0.000000  0.000000  0.000000  -46.424139  4.062739  -1.428571  51.819937  25.701671  8.852991  55.294853  23.532598  -59.985309  53.277124  88.858666
0.329775  0.000000  0.000000  0.000000  -46.424139  4.062739  7.142857  53.943467  18.861074  3.266070  55.294853  23.532598  -59.985309  53.277124  88.858666
0.330144  0.000000  0.000000  0.000000  -46.424139  4.062739  15.714286  55.309480  11.867109  -1.876804  55.294853  23.532598  -59.985309  53.277124  88.858666
0.330512  0.000000  0.000000  0.000000  -46.424139  4.062739  24.285714  56.018352  4.784974  -6.759909  55.294853  23.532598  -59.985309  53.277124  88.858666
0.330880  0.000000  0.000000  0.000000  -46.424139  4.062739  32.857143  56.121016  -2.331021  -11.542370  55.294853  23.532598  -59.985309  53.277124  88.858666
0.331248  0.000000  0.000000  0.000000  -46.424139  4.062739  41.428571  55.624771  -9.430638  -16.373571  55.294853  23.532598  -59.985309  53.277124  88.858666
0.331616  0.000000  0.000000  0.000000  -46.424139  4.062739  50.000000  54.494147  -16.461683  -21.407610  55.294853  23.532598  -59.985309  53.277124  88.858666
0.331984  0.000000  0.000000  0.000000  -31.536575  3.935579  -10.000000  61.747757  10.489888  15.880125  -9.286498  17.684262  -13.673749  28.783536  90.360091
0.332352  0.000000  0.000000  0.000000  -31.536575  3.935579  -1.428571  62.221933  2.919653  11.829292  -9.286498  17.684262  -13.673749  28.783536  90.360091
0.332720  0.000000  0.000000  0.000000  -31.536575  3.935579  7.142857  62.160913  -4.664947  7.833012  -9.286498  17.684262  -13.673749  28.783536  90.360091
0.333088  0.000000  0.000000  0.000000  -31.536575  3.935579  15.714286  61.559548  -12.226469  3.749146  -9.286498  17.684262  -13.673749  28.783536  90.360091
0.333456  0.000000  0.000000  0.000000  -31.536575  3.935579  24.285714  60.366281  -19.724213  -0.575331  -9.286498  17.684262  -13.673749  28.783536  90.360091
0.333824  0.000000  0.000000  0.000000  -31.536575  3.935579  32.857143  58.474194  -27.108108  -5.324230  -9.286498  17.684262  -13.673749  28.783536  90.360091
0.334192  0.000000  0.000000  0.000000  -31.536575  3.935579  41.428571  55.702490  -34.309965  -10.738035  -9.286498  17.684262  -13.673749  28.783536  90.360091
0.334560  0.000000  0.000000  0.000000  -31.536575  3.935579  50.000000  51.765737  -41.229521  -17.149599  -9.286498  17.684262  -13.673749  28.783536  90.360091
0.334928  0.000000  0.000000  0.000000  -27.813550  10.192873  -10.000000  54.249300  24.721921  0.081110  113.543400  18.598197  -135.877160  53.242561  85.813813
0.335296  0.000000  0.000000  0.000000  -27.813550  10.192873  -1.428571  56.150365  17.678271  -5.162774  113.543400  18.598197  -135.877160  53.242561  85.813813
0.335664  0.000000  0.000000  0.000000  -27.813550  10.192873  7.142857  57.332665  10.506400  -10.006277  113.543400  18.598197  -135.877160  53.242561  85.813813
0.336032  0.000000  0.000000  0.000000  -27.813550  10.192873  15.714286  57.888152  3.264511  -14.628060  113.543400  18.598197  -135.877160  53.242561  85.813813
0.336400  0.000000  0.000000  0.000000  -27.813550  10.192873  24.285714  57.858898  -3.998253  -19.183295  113.543400  18.598197  -135.877160  53.242561  85.813813
0.336768  0.000000  0.000000  0.000000  -27.813550  10.192873  32.857143  57.242745  -11.235395  -23.820192  113.543400  18.598197  -135.877160  53.242561  85.813813
0.337137  0.000000  0.000000  0.000000  -27.813550  10.192873  41.428571  55.992882  -18.397168  -28.695497  113.543400  18.598197  -135.877160  53.242561  85.813813
0.337505  0.000000  0.000000  0.000000  -27.813550  10.192873  50.000000  54.011787  -25.424029  -33.991276  113.543400  18.598197  -135.877160  53.242561  85.813813
0.337873  0.000000  0.000000  0.000000  -29.737820  21.979778  -10.000000  48.284811  17.129177  16.910822  157.414938  31.581760  -169.147443  29.063352  91.762659
0.338241  0.000000  0.000000  0.000000  -29.737820  21.979778  -1.428571  49.678843  10.656347  11.118822  157.414938  31.581760  -169.147443  29.063352  91.762659
0.338609  0.000000  0.000000  0.000000  -29.737820  21.979778  7.142857  50.392184  4.081654  5.570443  157.414938  31.581760  -169.147443  29.063352  91.762659
0.338977  0.000000  0.000000  0.000000  -29.737820  21.979778  15.714286  50.466245  -2.530534  0.112706  157.414938  31.581760  -169.147443  29.063352  91.762659
0.339345  0.000000  0.000000  0.000000  -29.737820  21.979778  24.285714  49.905287  -9.119567  -5.401062  157.414938  31.581760  -169.147443  29.063352  91.762659
0.339713  0.000000  0.000000  0.000000  -29.737820  21.979778  32.857143  48.676801  -15.622524  -11.121416  157.414938  31.581760  -169.147443  29.063352  91.762659
0.340081  0.000000  0.000000  0.000000  -29.737820  21.979778  41.428571  46.709501  -21.967820  -17.213017  157.414938  31.581760  -169.147443  29.063352  91.762659
0.340449  0.000000  0.000000  0.000000  -29.737820  21.979778  50.000000  43.890245  -28.067836  -23.863907  157.414938  31.581760  -169.147443  29.063352  91.762659
0.340817  0.000000  0.000000  0.000000  -31.740290  12.456036  -1.428571  58.560984  21.881765  26.796366  50.020253  -9.647423  7.508022  32.885688  89.035770
0.341185  0.000000  0.000000  0.000000  -31.740290  12.456036  7.142857  60.002869  14.508814  22.190563  50.020253  -9.647423  7.508022  32.885688  89.035770
0.341553  0.000000  0.000000  0.000000  -31.740290  12.456036  15.714286  60.810357  7.051941  17.884586  50.020253  -9.647423  7.508022  32.885688  89.035770
0.341921  0.000000  0.000000  0.000000  -31.740290  12.456036  24.285714  61.051257  -0.443090  13.716059  50.020253  -9.647423  7.508022  32.885688  89.035770
0.342289  0.000000  0.000000  0.000000  -31.740290  12.456036  32.857143  60.745320  -7.935769  9.539044  50.020253  -9.647423  7.508022  32.885688  89.035770
0.342657  0.000000  0.000000  0.000000  -31.740290  12.456036  41.428571  59.867427  -15.385280  5.206625  50.020253  -9.647423  7.508022  32.885688  89.035770
0.343025  0.000000  0.000000  0.000000  -31.740290  12.456036  50.000000  58.343532  -22.744812  0.553198  50.020253  -9.647423  7.508022  32.885688  89.035770
0.343393  0.000000  0.000000  0.000000  -34.179070  12.381924  -10.000000  50.905796  27.189254  5.575027  78.596688  25.214789  -16.661443  45.445496  83.813980
0.343762  0.000000  0.000000  0.000000  -34.179070  12.381924  -1.428571  53.234745  20.422248  -0.180790  78.596688  25.214789  -16.661443  45.445496  83.813980
0.344130  0.000000  0.000000  0.000000  -34.179070  12.381924  7.142857  54.773259  13.482375  -5.444253  78.596688  25.214789  -16.661443  45.445496  83.813980
0.344498  0.000000  0.000000  0.000000  -34.179070  12.381924  15.714286  55.633905  6.439174  -10.407424  78.596688  25.214789  -16.661443  45.445496  83.813980
0.344866  0.000000  0.000000  0.000000  -34.179070  12.381924  24.285714  55.878216  -0.650601  -15.233801  78.596688  25.214789  -16.661443  45.445496  83.813980
0.345234  0.000000  0.000000  0.000000  -34.179070  12.381924  32.857143  55.523433  -7.735731  -20.073815  78.596688  25.214789  -16.661443  45.445496  83.813980
0.345602  0.000000  0.000000  0.000000  -34.179070  12.381924  41.428571  54.544484  -14.764505  -25.079178  78.596688  25.214789  -16.661443  45.445496  83.813980
0.345970  0.000000  0.000000  0.000000  -34.179070  12.381924  50.000000  52.871130  -21.678402  -30.417427  78.596688  25.214789  -16.661443  45.445496  83.813980
0.346338  0.000000  0.000000  0.000000  -45.587738  16.420998  -10.000000  54.368759  31.111549  13.350747  78.211070  15.736646  -111.287335  71.234384  84.618920
0.346706  0.000000  0.000000  0.000000  -45.587738  16.420998  -1.428571  56.899964  24.030317  7.895614  78.211070  15.736646  -111.287335  71.234384  84.618920
0.347074  0.000000  0.000000  0.000000  -45.587738  16.420998  7.142857  58.604428  16.776403  3.018969  78.211070  15.736646  -111.287335  71.234384  84.618920
0.347442  0.000000  0.000000  0.000000  -45.587738  16.420998  15.714286  59.629871  9.416334  -1.495050  78.211070  15.736646  -111.287335  71.234384  84.618920
0.347810  0.000000  0.000000  0.000000  -45.587738  16.420998  24.285714  60.061109  2.001304  -5.819207  78.211070  15.736646  -111.287335  71.234384  84.618920
0.348178  0.000000  0.000000  0.000000  -45.587738  16.420998  32.857143  59.932774  -5.425010  -10.104242  78.211070  15.736646  -111.287335  71.234384  84.618920
0.348546  0.000000  0.000000  0.000000  -45.587738  16.420998  41.428571  59.234624  -12.820417  -14.496348  78.211070  15.736646  -111.287335  71.234384  84.618920
0.348914  0.000000  0.000000  0.000000  -45.587738  16.420998  50.000000  57.909977  -20.138608  -19.154073  78.211070  15.736646  -111.287335  71.234384  84.618920
0.349282  0.000000  0.000000  0.000000  -20.068260  5.476812  -10.000000  48.660817  38.833772  12.818735  -30.726817  40.161326  -40.000533  15.663311  84.215306
0.349650  0.000000  0.000000  0.000000  -20.068260  5.476812  -1.428571  52.551509  32.200962  6.137839  -30.726817  40.161326  -40.000533  15.663311  84.215306
0.350018  0.000000  0.000000  0.000000  -20.068260  5.476812  7.142857  55.323216  25.265541  0.386513  -30.726817  40.161326  -40.000533  15.663311  84.215306
0.350386  0.000000  0.000000  0.000000  -20.068260  5.476812  15.714286  57.220661  18.131768  -4.732664  -30.726817  40.161326  -40.000533  15.663311  84.215306
0.350755  0.000000  0.000000  0.000000  -20.068260  5.476812  24.285714  58.403956  10.873471  -9.445833  -30.726817  40.161326  -40.000533  15.663311  84.215306
0.351123  0.000000  0.000000  0.000000  -20.068260  5.476812  32.857143  58.968579  3.546819  -13.933076  -30.726817  40.161326  -40.000533  15.663311  84.215306
0.351491  0.000000  0.000000  0.000000  -20.068260  5.476812  41.428571  58.958756  -3.801159  -18.349330  -30.726817  40.161326  -40.000533  15.663311  84.215306
0.351859  0.000000  0.000000  0.000000  -20.068260  5.476812  50.000000  58.373722  -11.126252  -22.841713  -30.726817  40.161326  -40.000533  15.663311  84.215306
0.352227  0.000000  0.000000  0.000000  -31.043526  6.124783  -10.000000  61.229863  7.504591  12.064696  8.459137  44.479755  -30.179312  58.658378  89.668254
0.352595  0.000000  0.000000  0.000000  -31.043526  6.124783  -1.428571  61.498987  -0.021669  7.951130  8.459137  44.479755  -30.179312  58.658378  89.668254
0.352963  0.000000  0.000000  0.000000  -31.043526  6.124783  7.142857  61.226736  -7.547807  3.837144  8.459137  44.479755  -30.179312  58.658378  89.668254
0.353331  0.000000  0.000000  0.000000  -31.043526  6.124783  15.714286  60.390492  -15.034154  -0.422890  8.459137  44.479755  -30.179312  58.658378  89.668254
0.353699  0.000000  0.000000  0.000000  -31.043526  6.124783  24.285714  58.919043  -22.435390  -4.992472  8.459137  44.479755  -30.179312  58.658378  89.668254
0.354067  0.000000  0.000000  0.000000  -31.043526  6.124783  32.857143  56.680603  -29.693690  -10.074052  8.459137  44.479755  -30.179312  58.658378  89.668254
0.354435  0.000000  0.000000  0.000000  -31.043526  6.124783  41.428571  53.461350  -36.728143  -15.936927  8.459137  44.479755  -30.179312  58.658378  89.668254
0.354803  0.000000  0.000000  0.000000  -14.069827  16.724774  -10.000000  35.228568  11.282748  4.675730  85.230728  20.703197  -104.224904  43.403988  91.722133
0.355171  0.000000  0.000000  0.000000  -14.069827  16.724774  -1.428571  36.304116  6.266531  -2.359411  85.230728  20.703197  -104.224904  43.403988  91.722133
0.355539  0.000000  0.000000  0.000000  -14.069827  16.724774  7.142857  36.751872  1.158495  -9.259340  85.230728  20.703197  -104.224904  43.403988  91.722133
0.355907  0.000000  0.000000  0.000000  -14.069827  16.724774  15.714286  36.583061  -3.966257  -16.134386  85.230728  20.703197  -104.224904  43.403988  91.722133
0.356275  0.000000  0.000000  0.000000  -14.069827  16.724774  24.285714  35.793399  -9.033436  -23.094776  85.230728  20.703197  -104.224904  43.403988  91.722133
0.356643  0.000000  0.000000  0.000000  -14.069827  16.724774  32.857143  34.363617  -13.965978  -30.251007  85.230728  20.703197  -104.224904  43.403988  91.722133
0.357011  0.000000  0.000000  0.000000  -14.069827  16.724774  41.428571  32.261814  -18.680406  -37.713197  85.230728  20.703197  -104.224904  43.403988  91.722133
0.357379  0.000000  0.000000  0.000000  -14.069827  16.724774  50.000000  29.449067  -23.083841  -45.587617  85.230728  20.703197  -104.224904  43.403988  91.722133
0.357748  0.000000  0.000000  0.000000  -33.414290  8.866315  -10.000000  43.679272  32.294377  28.184288  21.476513  -18.459418  -33.876183  39.309747  85.455644
0.358116  0.000000  0.000000  0.000000  -33.414290  8.866315  -1.428571  47.057130  26.186368  21.285343  21.476513  -18.459418  -33.876183  39.309747  85.455644
0.358484  0.000000  0.000000  0.000000  -33.414290  8.866315  7.142857  49.481821  19.782933  15.090707  21.476513  -18.459418  -33.876183  39.309747  85.455644
0.358852  0.000000  0.000000  0.000000  -33.414290  8.866315  15.714286  51.105170  13.183021  9.383090  21.476513  -18.459418  -33.876183  39.309747  85.455644
0.359220  0.000000  0.000000  0.000000  -33.414290  8.866315  24.285714  52.029441  6.463631  3.978894  21.476513  -18.459418  -33.876183  39.309747  85.455644
0.359588  0.000000  0.000000  0.000000  -33.414290  8.866315  32.857143  52.312481  -0.311233  -1.282557  21.476513  -18.459418  -33.876183  39.309747  85.455644
0.359956  0.000000  0.000000  0.000000  -33.414290  8.866315  41.428571  51.971919  -7.083472  -6.550788  21.476513  -18.459418  -33.876183  39.309747  85.455644
0.360324  0.000000  0.000000  0.000000  -33.414290  8.866315  50.000000  50.986549  -13.794706  -11.975870  21.476513  -18.459418  -33.876183  39.309747  85.455644
0.360692  0.000000  0.000000  0.000000  -17.469476  14.293812  -10.000000  60.887711  12.540391  27.587860  192.672136  14.645995  -227.744603  26.864528  92.592491
0.361060  0.000000  0.000000  0.000000  -17.469476  14.293812  -1.428571  61.526746  5.025305  23.413479  192.672136  14.645995  -227.744603  26.864528  92.592491
0.361428  0.000000  0.000000  0.000000  -17.469476  14.293812  7.142857  61.616290  -2.515699  19.334918  192.672136  14.645995  -227.744603  26.864528  92.592491
0.361796  0.000000  0.000000  0.000000  -17.469476  14.293812  15.714286  61.163782  -10.043827  15.208712  192.672136  14.645995  -227.744603  26.864528  92.592491
0.362164  0.000000  0.000000  0.000000  -17.469476  14.293812  24.285714  60.131317  -17.518515  10.885643  192.672136  14.645995  -227.744603  26.864528  92.592491
0.362532  0.000000  0.000000  0.000000  -17.469476  14.293812  32.857143  58.429276  -24.891568  6.192091  192.672136  14.645995  -227.744603  26.864528  92.592491
0.362900  0.000000  0.000000  0.000000  -17.469476  14.293812  41.428571  55.901411  -32.099311  0.906935  192.672136  14.645995  -227.744603  26.864528  92.592491
0.363268  0.000000  0.000000  0.000000  -17.469476  14.293812  50.000000  52.299161  -39.050424  -5.269640  192.672136  14.645995  -227.744603  26.864528  92.592491
0.363636  0.000000  0.000000  0.000000  -35.073196  11.802829  -10.000000  57.244968  34.996299  6.854077  122.270333  21.134266  -62.528439  48.307651  88.541269
0.364004  0.000000  0.000000  0.000000  -35.073196  11.802829  -1.428571  59.968768  27.673855  1.629753  122.270333  21.134266  -62.528439  48.307651  88.541269
0.364372  0.000000  0.000000  0.000000  -35.073196  11.802829  7.142857  61.822190  20.180423  -2.928347  122.270333  21.134266  -62.528439  48.307651  88.541269
0.364741  0.000000  0.000000  0.000000  -35.073196  11.802829  15.714286  62.991418  12.580488  -7.063563  122.270333  21.134266  -62.528439  48.307651  88.541269
0.365109  0.000000  0.000000  0.000000  -35.073196  11.802829  24.285714  63.585582  4.920805  -10.958896  122.270333  21.134266  -62.528439  48.307651  88.541269
0.365477  0.000000  0.000000  0.000000  -35.073196  11.802829  32.857143  63.657503  -2.760983  -14.764994  122.270333  21.134266  -62.528439  48.307651  88.541269
0.365845  0.000000  0.000000  0.000000  -35.073196  11.802829  41.428571  63.213450  -10.430453  -18.620852  122.270333  21.134266  -62.528439  48.307651  88.541269
0.366213  0.000000  0.000000  0.000000  -35.073196  11.802829  50.000000  62.214283  -18.051396  -22.671934  122.270333  21.134266  -62.528439  48.307651  88.541269
0.366581  0.000000  0.000000  0.000000  -16.908560  -5.934608  -10.000000  60.813983  23.270093  9.298571  -42.599703  14.882826  38.252658  21.820251  89.818819
0.366949  0.000000  0.000000  0.000000  -16.908560  -5.934608  -1.428571  62.263275  15.730829  4.968159  -42.599703  14.882826  38.252658  21.820251  89.818819
0.367317  0.000000  0.000000  0.000000  -16.908560  -5.934608  7.142857  63.095415  8.112338  0.950335  -42.599703  14.882826  38.252658  21.820251  89.818819
0.367685  0.000000  0.000000  0.000000  -16.908560  -5.934608  15.714286  63.385064  0.455974  -2.916893  -42.599703  14.882826  38.252658  21.820251  89.818819
0.368053  0.000000  0.000000  0.000000  -16.908560  -5.934608  24.285714  63.157407  -7.202462  -6.775865  -42.599703  14.882826  38.252658  21.820251  89.818819
0.368421  0.000000  0.000000  0.000000  -16.908560  -5.934608  32.857143  62.392688  -14.827468  -10.767846  -42.599703  14.882826  38.252658  21.820251  89.818819
0.368789  0.000000  0.000000  0.000000  -16.908560  -5.934608  41.428571  61.022640  -22.378659  -15.051418  -42.599703  14.882826  38.252658  21.820251  89.818819
0.369157  0.000000  0.000000  0.000000  -16.908560  -5.934608  50.000000  58.917958  -29.804223  -19.824648  -42.599703  14.882826  38.252658  21.820251  89.818819
0.369525  0.000000  0.000000  0.000000  -14.922715  -0.197017  -10.000000  48.826436  39.344694  14.989276  85.438990  -14.757216  -80.016483  25.660156  88.230602
0.369893  0.000000  0.000000  0.000000  -14.922715  -0.197017  -1.428571  52.773308  32.693439  8.293807  85.438990  -14.757216  -80.016483  25.660156  88.230602
0.370261  0.000000  0.000000  0.000000  -14.922715  -0.197017  7.142857  55.584197  25.736795  2.549121  85.438990  -14.757216  -80.016483  25.660156  88.230602
0.370629  0.000000  0.000000  0.000000  -14.922715  -0.197017  15.714286  57.512078  18.580172  -2.549470  85.438990  -14.757216  -80.016483  25.660156  88.230602
0.370997  0.000000  0.000000  0.000000  -14.922715  -0.197017  24.285714  58.722291  11.297727  -7.232064  85.438990  -14.757216  -80.016483  25.660156  88.230602
0.371365  0.000000  0.000000  0.000000  -14.922715  -0.197017  32.857143  59.313799  3.945440  -11.680666  85.438990  -14.757216  -80.016483  25.660156  88.230602
0.371734  0.000000  0.000000  0.000000  -14.922715  -0.197017  41.428571  59.333507  -3.430094  -16.050728  85.438990  -14.757216  -80.016483  25.660156  88.230602
0.372102  0.000000  0.000000  0.000000  -14.922715  -0.197017  50.000000  58.782938  -10.785433  -20.488971  85.438990  -14.757216  -80.016483  25.660156  88.230602
0.372470  0.000000  0.000000  0.000000  -34.981859  15.728514  -10.000000  39.637183  27.305164  27.380947  42.551821  23.387445  -42.584487  66.297129  90.849778
0.372838  0.000000  0.000000  0.000000  -34.981859  15.728514  -1.428571  42.583856  21.661496  20.286877  42.551821  23.387445  -42.584487  66.297129  90.849778
0.373206  0.000000  0.000000  0.000000  -34.981859  15.728514  7.142857  44.687745  15.739817  13.740171  42.551821  23.387445  -42.584487  66.297129  90.849778
0.373574  0.000000  0.000000  0.000000  -34.981859  15.728514  15.714286  46.045996  9.634176  7.570245  42.551821  23.387445  -42.584487  66.297129  90.849778
0.373942  0.000000  0.000000  0.000000  -34.981859  15.728514  24.285714  46.723902  3.422916  1.621879  42.551821  23.387445  -42.584487  66.297129  90.849778
0.374310  0.000000  0.000000  0.000000  -34.981859  15.728514  32.857143  46.754640  -2.824642  -4.249467  42.551821  23.387445  -42.584487  66.297129  90.849778
0.374678  0.000000  0.000000  0.000000  -34.981859  15.728514  41.428571  46.139678  -9.042272  -10.184299  42.551821  23.387445  -42.584487  66.297129  90.849778
0.375046  0.000000  0.000000  0.000000  -34.981859  15.728514  50.000000  44.848957  -15.161257  -16.326476  42.551821  23.387445  -42.584487  66.297129  90.849778
0.375414  0.000000  0.000000  0.000000  -38.949379  19.068513  -10.000000  51.639087  14.365135  18.538119  12.392108  56.394383  -29.804738  44.714306  96.322350
0.375782  0.000000  0.000000  0.000000  -38.949379  19.068513  -1.428571  52.661281  7.591926  13.183742  12.392108  56.394383  -29.804738  44.714306  96.322350
0.376150  0.000000  0.000000  0.000000  -38.949379  19.068513  7.142857  53.039711  0.755278  7.996786  12.392108  56.394383  -29.804738  44.714306  96.322350
0.376518  0.000000  0.000000  0.000000  -38.949379  19.068513  15.714286  52.798603  -6.087535  2.826187  12.392108  56.394383  -29.804738  44.714306  96.322350
0.376886  0.000000  0.000000  0.000000  -38.949379  19.068513  24.285714  51.922529  -12.879906  -2.477779  12.392108  56.394383  -29.804738  44.714306  96.322350
0.377254  0.000000  0.000000  0.000000  -38.949379  19.068513  32.857143  50.355085  -19.559738  -8.075740  12.392108  56.394383  -29.804738  44.714306  96.322350
0.377622  0.000000  0.000000  0.000000  -38.949379  19.068513  41.428571  47.994273  -26.052321  -14.151761  12.392108  56.394383  -29.804738  44.714306  96.322350
0.377990  0.000000  0.000000  0.000000  -38.949379  19.068513  50.000000  44.686316  -32.261455  -20.925488  12.392108  56.394383  -29.804738  44.714306  96.322350
0.378358  0.000000  0.000000  0.000000  -15.344765  23.519260  -10.000000  40.307797  33.052356  30.402969  -41.369162  38.771877  2.731653  56.356885  90.179666
0.378727  0.000000  0.000000  0.000000  -15.344765  23.519260  -1.428571  44.009177  27.290448  23.055172  -41.369162  38.771877  2.731653  56.356885  90.179666
0.379095  0.000000  0.000000  0.000000  -15.344765  23.519260  7.142857  46.725528  21.183466  16.453638  -41.369162  38.771877  2.731653  56.356885  90.179666
0.379463  0.000000  0.000000  0.000000  -15.344765  23.519260  15.714286  48.606068  14.841008  10.386527  -41.369162  38.771877  2.731653  56.356885  90.179666
0.379831  0.000000  0.000000  0.000000  -15.344765  23.519260  24.285714  49.757808  8.348740  4.669965  -41.369162  38.771877  2.731653  56.356885  90.179666
0.380199  0.000000  0.000000  0.000000  -15.344765  23.519260  32.857143  50.246834  1.777300  -0.857943  -41.369162  38.771877  2.731653  56.356885  90.179666
0.380567  0.000000  0.000000  0.000000  -15.344765  23.519260  41.428571  50.101213  -4.810538  -6.346486  -41.369162  38.771877  2.731653  56.356885  90.179666
0.380935  0.000000  0.000000  0.000000  -15.344765  23.519260  50.000000  49.312614  -11.353616  -11.942218  -41.369162  38.771877  2.731653  56.356885  90.179666
0.381303  0.000000  0.000000  0.000000  -36.677572  18.304459  -10.000000  42.844097  10.201689  12.931201  134.068445  19.306797  -106.708949  35.569198  89.655008
0.381671  0.000000  0.000000  0.000000  -36.677572  18.304459  -1.428571  43.641308  4.323529  6.639478  134.068445  19.306797  -106.708949  35.569198  89.655008
0.382039  0.000000  0.000000  0.000000  -36.677572  18.304459  7.142857  43.788553  -1.605714  0.445183  134.068445  19.306797  -106.708949  35.569198  89.655008
0.382407  0.000000  0.000000  0.000000  -36.677572  18.304459  15.714286  43.291991  -7.516102  -5.785165  134.068445  19.306797  -106.708949  35.569198  89.655008
0.382775  0.000000  0.000000  0.000000  -36.677572  18.304459  24.285714  42.130893  -13.336320  -12.186361  134.068445  19.306797  -106.708949  35.569198  89.655008
0.383143  0.000000  0.000000  0.000000  -36.677572  18.304459  32.857143  40.258069  -18.988327  -18.899161  134.068445  19.306797  -106.708949  35.569198  89.655008
0.383511  0.000000  0.000000  0.000000  -36.677572  18.304459  41.428571  37.601420  -24.381864  -26.072848  134.068445  19.306797  -106.708949  35.569198  89.655008
0.383879  0.000000  0.000000  0.000000  -36.677572  18.304459  50.000000  34.069634  -29.408643  -33.863242  134.068445  19.306797  -106.708949  35.569198  89.655008
0.384247  0.000000  0.000000  0.000000  -25.327169  -8.597898  -10.000000  57.238903  14.576252  9.129309  -23.733156  23.165295  34.437334  15.661164  90.165074
0.384615  0.000000  0.000000  0.000000  -25.327169  -8.597898  -1.428571  58.127331  7.328425  4.465069  -23.733156  23.165295  34.437334  15.661164  90.165074
0.384983  0.000000  0.000000  0.000000  -25.327169  -8.597898  7.142857  58.417883  0.034130  -0.048736  -23.733156  23.165295  34.437334  15.661164  90.165074
0.385351  0.000000  0.000000  0.000000  -25.327169  -8.597898  15.714286  58.132747  -7.260376  -4.561854  -23.733156  23.165295  34.437334  15.661164  90.165074
0.385720  0.000000  0.000000  0.000000  -25.327169  -8.597898  24.285714  57.250154  -14.508865  -9.223960  -23.733156  23.165295  34.437334  15.661164  90.165074
0.386088  0.000000  0.000000  0.000000  -25.327169  -8.597898  32.857143  55.701402  -21.659176  -14.200790  -23.733156  23.165295  34.437334  15.661164  90.165074
0.386456  0.000000  0.000000  0.000000  -25.327169  -8.597898  41.428571  53.361501  -28.645877  -19.692396  -23.733156  23.165295  34.437334  15.661164  90.165074
0.386824  0.000000  0.000000  0.000000  -25.327169  -8.597898  50.000000  50.033419  -35.379948  -25.955165  -23.733156  23.165295  34.437334  15.661164  90.165074
0.387192  0.000000  0.000000  0.000000  -39.836506  16.381162  -10.000000  51.590137  22.539886  3.465013  141.593893  33.127819  -122.207121  72.350863  86.493142
0.387560  0.000000  0.000000  0.000000  -39.836506  16.381162  -1.428571  53.404378  15.734410  -2.055501  141.593893  33.127819  -122.207121  72.350863  86.493142
0.387928  0.000000  0.000000  0.000000  -39.836506  16.381162  7.142857  54.503104  8.799255  -7.214034  141.593893  33.127819  -122.207121  72.350863  86.493142
0.388296  0.000000  0.000000  0.000000  -39.836506  16.381162  15.714286  54.962886  1.796532  -12.181224  141.593893  33.127819  -122.207121  72.350863  86.493142
0.388664  0.000000  0.000000  0.000000  -39.836506  16.381162  24.285714  54.815302  -5.219573  -17.110298  141.593893  33.127819  -122.207121  72.350863  86.493142
0.389032  0.000000  0.000000  0.000000  -39.836506  16.381162  32.857143  54.050249  -12.196416  -22.151000  141.593893  33.127819  -122.207121  72.350863  86.493142
0.389400  0.000000  0.000000  0.000000  -39.836506  16.381162  41.428571  52.614866  -19.076808  -27.463257  141.593893  33.127819  -122.207121  72.350863  86.493142
0.389768  0.000000  0.000000  0.000000  -39.836506  16.381162  50.000000  50.408148  -25.792031  -33.231595  141.593893  33.127819  -122.207121  72.350863  86.493142
0.390136  0.000000  0.000000  0.000000  -17.393199  4.935502  -10.000000  54.058979  29.363012  18.015093  -11.176563  5.229586  1.892076  35.720286  87.294393
0.390504  0.000000  0.000000  0.000000  -17.393199  4.935502  -1.428571  56.429828  22.315027  12.588963  -11.176563  5.229586  1.892076  35.720286  87.294393
0.390872  0.000000  0.000000  0.000000  -17.393199  4.935502  7.142857  58.004600  15.104153  7.692066  -11.176563  5.229586  1.892076  35.720286  87.294393
0.391240  0.000000  0.000000  0.000000  -17.393199  4.935502  15.714286  58.914428  7.795023  3.120346  -11.176563  5.229586  1.892076  35.720286  87.294393
0.391608  0.000000  0.000000  0.000000  -17.393199  4.935502  24.285714  59.232090  0.438586  -1.293241  -11.176563  5.229586  1.892076  35.720286  87.294393
0.391976  0.000000  0.000000  0.000000  -17.393199  4.935502  32.857143  58.982424  -6.920446  -5.698115  -11.176563  5.229586  1.892076  35.720286  87.294393
0.392344  0.000000  0.000000  0.000000  -17.393199  4.935502  41.428571  58.145940  -14.237705  -10.242732  -11.176563  5.229586  1.892076  35.720286  87.294393
0.392713  0.000000  0.000000  0.000000  -17.393199  4.935502  50.000000  56.655970  -21.463329  -15.091117  -11.176563  5.229586  1.892076  35.720286  87.294393
0.393081  0.000000  0.000000  0.000000  -33.297897  20.583878  -10.000000  47.692890  14.172823  8.729743  64.402116  22.900281  -35.937690  52.027405  89.334399
0.393449  0.000000  0.000000  0.000000  -33.297897  20.583878  -1.428571  48.801657  7.772727  2.918517  64.402116  22.900281  -35.937690  52.027405  89.334399
0.393817  0.000000  0.000000  0.000000  -33.297897  20.583878  7.142857  49.248236  1.296100  -2.716692  64.402116  22.900281  -35.937690  52.027405  89.334399
0.394185  0.000000  0.000000  0.000000  -33.297897  20.583878  15.714286  49.057151  -5.192991  -8.323042  64.402116  22.900281  -35.937690  52.027405  89.334399
0.394553  0.000000  0.000000  0.000000  -33.297897  20.583878  24.285714  48.217932  -11.631635  -14.045863  64.402116  22.900281  -35.937690  52.027405  89.334399
0.394921  0.000000  0.000000  0.000000  -33.297897  20.583878  32.857143  46.684490  -17.952180  -20.037829  64.402116  22.900281  -35.937690  52.027405  89.334399
0.395289  0.000000  0.000000  0.000000  -33.297897  20.583878  41.428571  44.373360  -24.075626  -26.467716  64.402116  22.900281  -35.937690  52.027405  89.334399
0.395657  0.000000  0.000000  0.000000  -33.297897  20.583878  50.000000  41.162216  -29.904005  -33.527078  64.402116  22.900281  -35.937690  52.027405  89.334399
0.396025  0.000000  0.000000  0.000000  -20.980610  12.064332  -10.000000  48.610032  10.226799  17.375147  4.198969  48.645773  -3.795643  29.462751  86.461246
0.396393  0.000000  0.000000  0.000000  -20.980610  12.064332  -1.428571  49.301583  3.756881  11.707601  4.198969  48.645773  -3.795643  29.462751  86.461246
0.396761  0.000000  0.000000  0.000000  -20.980610  12.064332  7.142857  49.350800  -2.749124  6.123943  4.198969  48.645773  -3.795643  29.462751  86.461246
0.397129  0.000000  0.000000  0.000000  -20.980610  12.064332  15.714286  48.760421  -9.228787  0.479019  4.198969  48.645773  -3.795643  29.462751  86.461246
0.397497  0.000000  0.000000  0.000000  -20.980610  12.064332  24.285714  47.497782  -15.617200  -5.376267  4.198969  48.645773  -3.795643  29.462751  86.461246
0.397865  0.000000  0.000000  0.000000  -20.980610  12.064332  32.857143  45.493344  -21.840681  -11.604099  4.198969  48.645773  -3.795643  29.462751  86.461246
0.398233  0.000000  0.000000  0.000000  -20.980610  12.064332  41.428571  42.638632  -27.809588  -18.387725  4.198969  48.645773  -3.795643  29.462751  86.461246
0.398601  0.000000  0.000000  0.000000  -20.980610  12.064332  50.000000  38.786914  -33.409607  -25.935082  4.198969  48.645773  -3.795643  29.462751  86.461246
0.398969  0.000000  0.000000  0.000000  -16.339392  1.836235  7.142857  56.608589  29.088270  20.572689  -67.956869  24.320919  53.606044  15.654639  87.074231
0.399338  0.000000  0.000000  0.000000  -16.339392  1.836235  15.714286  58.793726  21.837908  15.502995  -67.956869  24.320919  53.606044  15.654639  87.074231
0.399706  0.000000  0.000000  0.000000  -16.339392  1.836235  24.285714  60.221615  14.447812  10.929159  -67.956869  24.320919  53.606044  15.654639  87.074231
0.400074  0.000000  0.000000  0.000000  -16.339392  1.836235  32.857143  61.018569  6.975268  6.652455  -67.956869  24.320919  53.606044  15.654639  87.074231
0.400442  0.000000  0.000000  0.000000  -16.339392  1.836235  41.428571  61.251805  -0.534544  2.511058  -67.956869  24.320919  53.606044  15.654639  87.074231
0.400810  0.000000  0.000000  0.000000  -16.339392  1.836235  50.000000  60.940587  -8.041547  -1.640525  -67.956869  24.320919  53.606044  15.654639  87.074231
0.401178  0.000000  0.000000  0.000000  -39.576429  18.729928  -10.000000  57.408564  24.906850  13.888083  144.666841  25.111079  -133.592369  70.944133  89.133387
0.401546  0.000000  0.000000  0.000000  -39.576429  18.729928  -1.428571  59.164884  17.610615  9.056434  144.666841  25.111079  -133.592369  70.944133  89.133387
0.401914  0.000000  0.000000  0.000000  -39.576429  18.729928  7.142857  60.237742  10.206147  4.604501  144.666841  25.111079  -133.592369  70.944133  89.133387
0.402282  0.000000  0.000000  0.000000  -39.576429  18.729928  15.714286  60.718008  2.744144  0.356722  144.666841  25.111079  -133.592369  70.944133  89.133387
0.402650  0.000000  0.000000  0.000000  -39.576429  18.729928  24.285714  60.645029  -4.732724  -3.838050  144.666841  25.111079  -133.592369  70.944133  89.133387
0.403018  0.000000  0.000000  0.000000  -39.576429  18.729928  32.857143  60.012882  -12.183798  -8.124734  144.666841  25.111079  -133.592369  70.944133  89.133387
0.403386  0.000000  0.000000  0.000000  -39.576429  18.729928  41.428571  58.769430  -19.564912  -12.659076  144.666841  25.111079  -133.592369  70.944133  89.133387
0.403754  0.000000  0.000000  0.000000  -39.576429  18.729928  50.000000  56.808053  -26.822003  -17.626663  144.666841  25.111079  -133.592369  70.944133  89.133387
0.404122  0.000000  0.000000  0.000000  -40.539905  22.155455  -1.428571  54.597411  19.665067  31.425236  14.897219  22.077255  -21.083017  53.850270  89.338017
0.404490  0.000000  0.000000  0.000000  -40.539905  22.155455  7.142857  56.011933  12.612929  26.349174  14.897219  22.077255  -21.083017  53.850270  89.338017
0.404858  0.000000  0.000000  0.000000  -40.539905  22.155455  15.714286  56.768357  5.470172  21.547975  14.897219  22.077255  -21.083017  53.850270  89.338017
0.405226  0.000000  0.000000  0.000000  -40.539905  22.155455  24.285714  56.922517  -1.709808  16.860800  14.897219  22.077255  -21.083017  53.850270  89.338017
0.405594  0.000000  0.000000  0.000000  -40.539905  22.155455  32.857143  56.485685  -8.878282  12.138306  14.897219  22.077255  -21.083017  53.850270  89.338017
0.405962  0.000000  0.000000  0.000000  -40.539905  22.155455  41.428571  55.425879  -15.985076  7.227617  14.897219  22.077255  -21.083017  53.850270  89.338017
0.406331  0.000000  0.000000  0.000000  -40.539905  22.155455  50.000000  53.663933  -22.972326  1.956852  14.897219  22.077255  -21.083017  53.850270  89.338017
0.406699  0.000000  0.000000  0.000000  -23.462476  22.663044  -10.000000  57.752183  29.930169  23.212722  -13.120587  27.866768  -2.118758  67.596943  95.695380
0.407067  0.000000  0.000000  0.000000  -23.462476  22.663044  -1.428571  59.944010  22.589752  18.271443  -13.120587  27.866768  -2.118758  67.596943  95.695380
0.407435  0.000000  0.000000  0.000000  -23.462476  22.663044  7.142857  61.380624  15.113700  13.836814  -13.120587  27.866768  -2.118758  67.596943  95.695380
0.407803  0.000000  0.000000  0.000000  -23.462476  22.663044  15.714286  62.194445  7.557218  9.707073  -13.120587  27.866768  -2.118758  67.596943  95.695380
0.408171  0.000000  0.000000  0.000000  -23.462476  22.663044  24.285714  62.456577  -0.036716  5.720418  -13.120587  27.866768  -2.118758  67.596943  95.695380
0.408539  0.000000  0.000000  0.000000  -23.462476  22.663044  32.857143  62.189293  -7.630471  1.733080  -13.120587  27.866768  -2.118758  67.596943  95.695380
0.408907  0.000000  0.000000  0.000000  -23.462476  22.663044  41.428571  61.369884  -15.186399  -2.398777  -13.120587  27.866768  -2.118758  67.596943  95.695380
0.409275  0.000000  0.000000  0.000000  -23.462476  22.663044  50.000000  59.926713  -22.661429  -6.837258  -13.120587  27.866768  -2.118758  67.596943  95.695380
0.409643  0.000000  0.000000  0.000000  -40.790245  9.917139  -10.000000  51.209798  38.256297  17.521119  8.841946  37.827925  -27.588500  27.392028  95.801128
0.410011  0.000000  0.000000  0.000000  -40.790245  9.917139  -1.428571  54.805546  31.402183  11.240780  8.841946  37.827925  -27.588500  27.392028  95.801128
0.410379  0.000000  0.000000  0.000000  -40.790245  9.917139  7.142857  57.337518  24.284303  5.833219  8.841946  37.827925  -27.588500  27.392028  95.801128
0.410747  0.000000  0.000000  0.000000  -40.790245  9.917139  15.714286  59.042581  16.995716  1.008380  8.841946  37.827925  -27.588500  27.392028  95.801128
0.411115  0.000000  0.000000  0.000000  -40.790245  9.917139  24.285714  60.071090  9.602185  -3.451275  8.841946  37.827925  -27.588500  27.392028  95.801128
0.411483  0.000000  0.000000  0.000000  -40.790245  9.917139  32.857143  60.509246  2.154023  -7.718793  8.841946  37.827925  -27.588500  27.392028  95.801128
0.411851  0.000000  0.000000  0.000000  -40.790245  9.917139  41.428571  60.392728  -5.305932  -11.944558  8.841946  37.827925  -27.588500  27.392028  95.801128
0.412219  0.000000  0.000000  0.000000  -40.790245  9.917139  50.000000  59.712122  -12.736508  -16.274060  8.841946  37.827925  -27.588500  27.392028  95.801128
0.412587  0.000000  0.000000  0.000000  -17.949518  12.898927  -10.000000  41.995404  22.259700  17.703765  -3.209963  51.631082  -2.487029  29.118973  93.272570
0.412955  0.000000  0.000000  0.000000  -17.949518  12.898927  -1.428571  44.194980  16.396688  11.073383  -3.209963  51.631082  -2.487029  29.118973  93.272570
0.413324  0.000000  0.000000  0.000000  -17.949518  12.898927  7.142857  45.640070  10.338359  4.837465  -3.209963  51.631082  -2.487029  29.118973  93.272570
0.413692  0.000000  0.000000  0.000000  -17.949518  12.898927  15.714286  46.398868  4.164880  -1.159790  -3.209963  51.631082  -2.487029  29.118973  93.272570
0.414060  0.000000  0.000000  0.000000  -17.949518  12.898927  24.285714  46.507898  -2.053315  -7.063136  -3.209963  51.631082  -2.487029  29.118973  93.272570
0.414428  0.000000  0.000000  0.000000  -17.949518  12.898927  32.857143  45.972441  -8.249578  -13.012621  -3.209963  51.631082  -2.487029  29.118973  93.272570
0.414796  0.000000  0.000000  0.000000  -17.949518  12.898927  41.428571  44.766643  -14.355420  -19.150622  -3.209963  51.631082  -2.487029  29.118973  93.272570
0.415164  0.000000  0.000000  0.000000  -17.949518  12.898927  50.000000  42.833088  -20.294670  -25.628578  -3.209963  51.631082  -2.487029  29.118973  93.272570
0.415532  0.000000  0.000000  0.000000  -43.062161  20.554933  -10.000000  51.213222  28.256126  35.185470  12.450630  17.531544  -32.342475  64.188790  90.427973
0.415900  0.000000  0.000000  0.000000  -43.062161  20.554933  -1.428571  53.639226  21.456444  29.428111  12.450630  17.531544  -32.342475  64.188790  90.427973
0.416268  0.000000  0.000000  0.000000  -43.062161  20.554933  7.142857  55.258444  14.477669  24.191991  12.450630  17.531544  -32.342475  64.188790  90.427973
0.416636  0.000000  0.000000  0.000000  -43.062161  20.554933  15.714286  56.192710  7.390247  19.278759  12.450630  17.531544  -32.342475  64.188790  90.427973
0.417004  0.000000  0.000000  0.000000  -43.062161  20.554933  24.285714  56.510467  0.250819  14.521864  12.450630  17.531544  -32.342475  64.188790  90.427973
0.417372  0.000000  0.000000  0.000000  -43.062161  20.554933  32.857143  56.234613  -6.890334  9.770178  12.450630  17.531544  -32.342475  64.188790  90.427973
0.417740  0.000000  0.000000  0.000000  -43.062161  20.554933  41.428571  55.345280  -13.983141  4.873086  12.450630  17.531544  -32.342475  64.188790  90.427973
0.418108  0.000000  0.000000  0.000000  -43.062161  20.554933  50.000000  53.777434  -20.971631  -0.334368  12.450630  17.531544  -32.342475  64.188790  90.427973
0.418476  0.000000  0.000000  0.000000  -16.318552  -1.250188  -10.000000  61.436444  18.901925  5.419857  -7.492372  34.724751  -6.221254  21.968523  87.975378
0.418844  0.000000  0.000000  0.000000  -16.318552  -1.250188  -1.428571  62.526176  11.331657  1.252005  -7.492372  34.724751  -6.221254  21.968523  87.975378
0.419212  0.000000  0.000000  0.000000  -16.318552  -1.250188  7.142857  63.044536  3.706043  -2.699032  -7.492372  34.724751  -6.221254  21.968523  87.975378
0.419580  0.000000  0.000000  0.000000  -16.318552  -1.250188  15.714286  63.036693  -3.936840  -6.582091  -7.492372  34.724751  -6.221254  21.968523  87.975378
0.419948  0.000000  0.000000  0.000000  -16.318552  -1.250188  24.285714  62.501990  -11.561368  -10.537395  -7.492372  34.724751  -6.221254  21.968523  87.975378
0.420317  0.000000  0.000000  0.000000  -16.318552  -1.250188  32.857143  61.393752  -19.129297  -14.714369  -7.492372  34.724751  -6.221254  21.968523  87.975378
0.420685  0.000000  0.000000  0.000000  -16.318552  -1.250188  41.428571  59.610875  -26.593932  -19.291591  -7.492372  34.724751  -6.221254  21.968523  87.975378
0.421053  0.000000  0.000000  0.000000  -18.723648  4.296397  -10.000000  49.514631  17.657976  14.741407  18.453514  -6.888631  -15.926328  19.463858  94.298860
0.421421  0.000000  0.000000  0.000000  -18.723648  4.296397  -1.428571  50.921570  11.065418  9.082902  18.453514  -6.888631  -15.926328  19.463858  94.298860
0.421789  0.000000  0.000000  0.000000  -18.723648  4.296397  7.142857  51.649570  4.372356  3.675998  18.453514  -6.888631  -15.926328  19.463858  94.298860
0.422157  0.000000  0.000000  0.000000  -18.723648  4.296397  15.714286  51.743110  -2.358781  -1.634590  18.453514  -6.888631  -15.926328  19.463858  94.298860
0.422525  0.000000  0.000000  0.000000  -18.723648  4.296397  24.285714  51.207901  -9.069490  -6.996919  18.453514  -6.888631  -15.926328  19.463858  94.298860
0.422893  0.000000  0.000000  0.000000  -18.723648  4.296397  32.857143  50.011271  -15.699174  -12.562934  18.453514  -6.888631  -15.926328  19.463858  94.298860
0.423261  0.000000  0.000000  0.000000  -18.723648  4.296397  41.428571  48.079762  -22.178687  -18.499823  18.453514  -6.888631  -15.926328  19.463858  94.298860
0.423629  0.000000  0.000000  0.000000  -18.723648  4.296397  50.000000  45.294824  -28.422749  -25.000924  18.453514  -6.888631  -15.926328  19.463858  94.298860
0.423997  0.000000  0.000000  0.000000  -38.468252  11.967397  -10.000000  41.110276  15.658674  7.973235  123.238302  17.200666  -80.964826  57.989788  88.977184
0.424365  0.000000  0.000000  0.000000  -38.468252  11.967397  -1.428571  42.563533  9.935026  1.427018  123.238302  17.200666  -80.964826  57.989788  88.977184
0.424733  0.000000  0.000000  0.000000  -38.468252  11.967397  7.142857  43.336652  4.088826  -4.891415  123.238302  17.200666  -80.964826  57.989788  88.977184
0.425101  0.000000  0.000000  0.000000  -38.468252  11.967397  15.714286  43.460968  -1.806172  -11.117812  123.238302  17.200666  -80.964826  57.989788  88.977184
0.425469  0.000000  0.000000  0.000000  -38.468252  11.967397  24.285714  42.941579  -7.679734  -17.384734  123.238302  17.200666  -80.964826  57.989788  88.977184
0.425837  0.000000  0.000000  0.000000  -38.468252  11.967397  32.857143  41.757282  -13.460075  -23.826177  123.238302  17.200666  -80.964826  57.989788  88.977184
0.426205  0.000000  0.000000  0.000000  -38.468252  11.967397  41.428571  39.860921  -19.068613  -30.581889  123.238302  17.200666  -80.964826  57.989788  88.977184
0.426573  0.000000  0.000000  0.000000  -38.468252  11.967397  50.000000  37.181354  -24.414490  -37.799608  123.238302  17.200666  -80.964826  57.989788  88.977184
0.426941  0.000000  0.000000  0.000000  -30.055854  21.977908  -10.000000  51.695278  40.579398  9.629519  82.452764  19.519956  -102.161845  69.171784  94.982488
0.427310  0.000000  0.000000  0.000000  -30.055854  21.977908  -1.428571  55.551353  33.669816  3.256308  82.452764  19.519956  -102.161845  69.171784  94.982488
0.427678  0.000000  0.000000  0.000000  -30.055854  21.977908  7.142857  58.266824  26.482622  -2.148502  82.452764  19.519956  -102.161845  69.171784  94.982488
0.428046  0.000000  0.000000  0.000000  -30.055854  21.977908  15.714286  60.115716  19.116221  -6.907571  82.452764  19.519956  -102.161845  69.171784  94.982488
0.428414  0.000000  0.000000  0.000000  -30.055854  21.977908  24.285714  61.271740  11.638085  -11.255857  82.452764  19.519956  -102.161845  69.171784  94.982488
0.428782  0.000000  0.000000  0.000000  -30.055854  21.977908  32.857143  61.837011  4.098202  -15.374485  82.452764  19.519956  -102.161845  69.171784  94.982488
0.429150  0.000000  0.000000  0.000000  -30.055854  21.977908  41.428571  61.859493  -3.462367  -19.415686  82.452764  19.519956  -102.161845  69.171784  94.982488
0.429518  0.000000  0.000000  0.000000  -30.055854  21.977908  50.000000  61.341063  -11.005489  -23.522186  82.452764  19.519956  -102.161845  69.171784  94.982488
0.429886  0.000000  0.000000  0.000000  -48.664737  7.068007  -1.428571  52.285577  34.123355  26.328159  20.182603  -5.910449  -5.876621  18.902660  100.473705
0.430254  0.000000  0.000000  0.000000  -48.664737  7.068007  7.142857  55.293533  27.200600  20.444468  20.182603  -5.910449  -5.876621  18.902660  100.473705
0.430622  0.000000  0.000000  0.000000  -48.664737  7.068007  15.714286  57.376452  20.061394  15.261189  20.182603  -5.910449  -5.876621  18.902660  100.473705
0.430990  0.000000  0.000000  0.000000  -48.664737  7.068007  24.285714  58.716071  12.784454  10.535020  20.182603  -5.910449  -5.876621  18.902660  100.473705
0.431358  0.000000  0.000000  0.000000  -48.664737  7.068007  32.857143  59.423558  5.428165  6.076153  20.182603  -5.910449  -5.876621  18.902660  100.473705
0.431726  0.000000  0.000000  0.000000  -48.664737  7.068007  41.428571  59.555557  -1.959991  1.725501  20.182603  -5.910449  -5.876621  18.902660  100.473705
0.432094  0.000000  0.000000  0.000000  -48.664737  7.068007  50.000000  59.122429  -9.336755  -2.663874  20.182603  -5.910449  -5.876621  18.902660  100.473705
0.432462  0.000000  0.000000  0.000000  -21.942932  8.914367  -10.000000  56.394718  30.720799  9.996408  -1.091673  -3.263636  -4.548160  35.916670  96.362683
0.432830  0.000000  0.000000  0.000000  -21.942932  8.914367  -1.428571  58.751347  23.480459  4.836397  -1.091673  -3.263636  -4.548160  35.916670  96.362683
0.433198  0.000000  0.000000  0.000000  -21.942932  8.914367  7.142857  60.317587  16.088216  0.220967  -1.091673  -3.263636  -4.548160  35.916670  96.362683
0.433566  0.000000  0.000000  0.000000  -21.942932  8.914367  15.714286  61.235263  8.604191  -4.059842  -1.091673  -3.263636  -4.548160  35.916670  96.362683
0.433934  0.000000  0.000000  0.000000  -21.942932  8.914367  24.285714  61.583201  1.074717  -8.173418  -1.091673  -3.263636  -4.548160  35.916670  96.362683
0.434303  0.000000  0.000000  0.000000  -21.942932  8.914367  32.857143  61.390399  -6.460272  -12.266667  -1.091673  -3.263636  -4.548160  35.916670  96.362683
0.434671  0.000000  0.000000  0.000000  -21.942932  8.914367  41.428571  60.640850  -13.961587  -16.483992  -1.091673  -3.263636  -4.548160  35.916670  96.362683
0.435039  0.000000  0.000000  0.000000  -21.942932  8.914367  50.000000  59.270878  -21.385356  -20.984958  -1.091673  -3.263636  -4.548160  35.916670  96.362683
0.435407  0.000000  0.000000  0.000000  -33.297870  4.951776  -10.000000  47.353934  39.353539  28.348026  1.872340  7.522623  29.251619  33.968054  101.231263
0.435775  0.000000  0.000000  0.000000  -33.297870  4.951776  -1.428571  51.429953  32.837025  21.445939  1.872340  7.522623  29.251619  33.968054  101.231263
0.436143  0.000000  0.000000  0.000000  -33.297870  4.951776  7.142857  54.351561  25.994564  15.511980  1.872340  7.522623  29.251619  33.968054  101.231263
0.436511  0.000000  0.000000  0.000000  -33.297870  4.951776  15.714286  56.370101  18.937102  10.242869  1.872340  7.522623  29.251619  33.968054  101.231263
0.436879  0.000000  0.000000  0.000000  -33.297870  4.951776  24.285714  57.652767  11.743144  5.406633  1.872340  7.522623  29.251619  33.968054  101.231263
0.437247  0.000000  0.000000  0.000000  -33.297870  4.951776  32.857143  58.301446  4.472043  0.818725  1.872340  7.522623  29.251619  33.968054  101.231263
0.437615  0.000000  0.000000  0.000000  -33.297870  4.951776  41.428571  58.366166  -2.827029  -3.678436  1.872340  7.522623  29.251619  33.968054  101.231263
0.437983  0.000000  0.000000  0.000000  -33.297870  4.951776  50.000000  57.851851  -10.108503  -8.232720  1.872340  7.522623  29.251619  33.968054  101.231263
0.438351  0.000000  0.000000  0.000000  -27.897442  0.761086  7.142857  55.622179  32.633587  18.322256  102.747639  -17.987863  -90.556552  70.070270  97.358271
0.438719  0.000000  0.000000  0.000000  -27.897442  0.761086  15.714286  58.224499  25.445394  12.974708  102.747639  -17.987863  -90.556552  70.070270  97.358271
0.439087  0.000000  0.000000  0.000000  -27.897442  0.761086  24.285714  59.985116  18.085704  8.238771  102.747639  -17.987863  -90.556552  70.070270  97.358271
0.439455  0.000000  0.000000  0.000000  -27.897442  0.761086  32.857143  61.066309  10.619909  3.888474  102.747639  -17.987863  -90.556552  70.070270  97.358271
0.439823  0.000000  0.000000  0.000000  -27.897442  0.761086  41.428571  61.562107  3.097194  -0.252553  102.747639  -17.987863  -90.556552  70.070270  97.358271
0.440191  0.000000  0.000000  0.000000  -27.897442  0.761086  50.000000  61.514094  -4.441434  -4.334813  102.747639  -17.987863  -90.556552  70.070270  97.358271
0.440559  0.000000  0.000000  0.000000  -16.487924  8.173054  -10.000000  48.731520  26.087762  22.202120  178.535971  32.228037  -183.732685  72.143860  97.037338
0.440927  0.000000  0.000000  0.000000  -16.487924  8.173054  -1.428571  51.057853  19.525378  16.215012  178.535971  32.228037  -183.732685  72.143860  97.037338
0.441296  0.000000  0.000000  0.000000  -16.487924  8.173054  7.142857  52.595188  12.781606  10.702754  178.535971  32.228037  -183.732685  72.143860  97.037338
0.441664  0.000000  0.000000  0.000000  -16.487924  8.173054  15.714286  53.446232  5.929483  5.480375  178.535971  32.228037  -183.732685  72.143860  97.037338
0.442032  0.000000  0.000000  0.000000  -16.487924  8.173054  24.285714  53.667137  -0.970298  0.387022  178.535971  32.228037  -183.732685  72.143860  97.037338
0.442400  0.000000  0.000000  0.000000  -16.487924  8.173054  32.857143  53.272344  -7.862409  -4.727228  178.535971  32.228037  -183.732685  72.143860  97.037338
0.442768  0.000000  0.000000  0.000000  -16.487924  8.173054  41.428571  52.235995  -14.690602  -10.014027  178.535971  32.228037  -183.732685  72.143860  97.037338
0.443136  0.000000  0.000000  0.000000  -16.487924  8.173054  50.000000  50.489489  -21.391526  -15.639663  178.535971  32.228037  -183.732685  72.143860  97.037338
0.443504  0.000000  0.000000  0.000000  -48.385024  18.617546  -10.000000  42.318010  18.859085  21.962374  30.051140  68.787585  -16.692175  37.788557  91.567406
0.443872  0.000000  0.000000  0.000000  -48.385024  18.617546  -1.428571  44.103513  12.983842  15.468537  30.051140  68.787585  -16.692175  37.788557  91.567406
0.444240  0.000000  0.000000  0.000000  -48.385024  18.617546  7.142857  45.177570  6.955108  9.278986  30.051140  68.787585  -16.692175  37.788557  91.567406
0.444608  0.000000  0.000000  0.000000  -48.385024  18.617546  15.714286  45.588922  0.848136  3.247599  30.051140  68.787585  -16.692175  37.788557  91.567406
0.444976  0.000000  0.000000  0.000000  -48.385024  18.617546  24.285714  45.356526  -5.268198  -2.764728  30.051140  68.787585  -16.692175  37.788557  91.567406
0.445344  0.000000  0.000000  0.000000  -48.385024  18.617546  32.857143  44.469659  -11.325757  -8.896241  30.051140  68.787585  -16.692175  37.788557  91.567406
0.445712  0.000000  0.000000  0.000000  -48.385024  18.617546  41.428571  42.887830  -17.251641  -15.290549  30.051140  68.787585  -16.692175  37.788557  91.567406
0.446080  0.000000  0.000000  0.000000  -48.385024  18.617546  50.000000  40.540955  -22.962358  -22.101808  30.051140  68.787585  -16.692175  37.788557  91.567406
0.446448  0.000000  0.000000  0.000000  -28.505773  12.663179  -10.000000  38.174138  27.438972  15.790943  17.965549  33.163095  -61.511438  43.337044  96.424621
0.446816  0.000000  0.000000  0.000000  -28.505773  12.663179  -1.428571  41.213423  21.956557  8.533343  17.965549  33.163095  -61.511438  43.337044  96.424621
0.447184  0.000000  0.000000  0.000000  -28.505773  12.663179  7.142857  43.408637  16.179712  1.829201  17.965549  33.163095  -61.511438  43.337044  96.424621
0.447552  0.000000  0.000000  0.000000  -28.505773  12.663179  15.714286  44.853492  10.205200  -4.487006  17.965549  33.163095  -61.511438  43.337044  96.424621
0.447921  0.000000  0.000000  0.000000  -28.505773  12.663179  24.285714  45.613127  4.113879  -10.567807  17.965549  33.163095  -61.511438  43.337044  96.424621
0.448289  0.000000  0.000000  0.000000  -28.505773  12.663179  32.857143  45.722650  -2.022864  -16.555801  17.965549  33.163095  -61.511438  43.337044  96.424621
0.448657  0.000000  0.000000  0.000000  -28.505773  12.663179  41.428571  45.187123  -8.137366  -22.589268  17.965549  33.163095  -61.511438  43.337044  96.424621
0.449025  0.000000  0.000000  0.000000  -28.505773  12.663179  50.000000  43.981767  -14.160205  -28.808659  17.965549  33.163095  -61.511438  43.337044  96.424621
0.449393  0.000000  0.000000  0.000000  -29.074545  21.722295  -1.428571  36.853667  34.132147  38.042112  39.829799  -19.188900  -40.804119  34.336147  99.868726
0.449761  0.000000  0.000000  0.000000  -29.074545  21.722295  7.142857  40.939927  28.740475  30.224780  39.829799  -19.188900  -40.804119  34.336147  99.868726
0.450129  0.000000  0.000000  0.000000  -29.074545  21.722295  15.714286  44.008060  22.944614  23.202281  39.829799  -19.188900  -40.804119  34.336147  99.868726
0.450497  0.000000  0.000000  0.000000  -29.074545  21.722295  24.285714  46.202888  16.865794  16.770762  39.829799  -19.188900  -40.804119  34.336147  99.868726
0.450865  0.000000  0.000000  0.000000  -29.074545  21.722295  32.857143  47.636296  10.599319  10.746836  39.829799  -19.188900  -40.804119  34.336147  99.868726
0.451233  0.000000  0.000000  0.000000  -29.074545  21.722295  41.428571  48.383593  4.223054  4.967169  39.829799  -19.188900  -40.804119  34.336147  99.868726
0.451601  0.000000  0.000000  0.000000  -29.074545  21.722295  50.000000  48.484424  -2.195279  -0.717755  39.829799  -19.188900  -40.804119  34.336147  99.868726
0.451969  0.000000  0.000000  0.000000  -48.775863  20.907587  -10.000000  61.139974  19.868927  12.680817  125.268931  19.323587  -73.581027  16.455381  97.771285
0.452337  0.000000  0.000000  0.000000  -48.775863  20.907587  -1.428571  62.313499  12.316531  8.458126  125.268931  19.323587  -73.581027  16.455381  97.771285
0.452705  0.000000  0.000000  0.000000  -48.775863  20.907587  7.142857  62.904626  4.702960  4.473776  125.268931  19.323587  -73.581027  16.455381  97.771285
0.453073  0.000000  0.000000  0.000000  -48.775863  20.907587  15.714286  62.964995  -2.932755  0.576163  125.268931  19.323587  -73.581027  16.455381  97.771285
0.453441  0.000000  0.000000  0.000000  -48.775863  20.907587  24.285714  62.499763  -10.554736  -3.375281  125.268931  19.323587  -73.581027  16.455381  97.771285
0.453809  0.000000  0.000000  0.000000  -48.775863  20.907587  32.857143  61.468606  -18.125170  -7.527907  125.268931  19.323587  -73.581027  16.455381  97.771285
0.454177  0.000000  0.000000  0.000000  -48.775863  20.907587  41.428571  59.778357  -25.598601  -12.055364  125.268931  19.323587  -73.581027  16.455381  97.771285
0.454545  0.000000  0.000000  0.000000  -48.775863  20.907587  50.000000  57.266297  -32.914158  -17.182393  125.268931  19.323587  -73.581027  16.455381  97.771285
0.454914  0.000000  0.000000  0.000000  -32.821370  23.329878  -10.000000  35.638639  18.246004  19.933513  166.389624  41.412215  -131.588212  29.844253  91.870950
0.455282  0.000000  0.000000  0.000000  -32.821370  23.329878  -1.428571  37.574730  13.127832  12.788648  166.389624  41.412215  -131.588212  29.844253  91.870950
0.455650  0.000000  0.000000  0.000000  -32.821370  23.329878  7.142857  38.822425  7.820921  5.940769  166.389624  41.412215  -131.588212  29.844253  91.870950
0.456018  0.000000  0.000000  0.000000  -32.821370  23.329878  15.714286  39.418625  2.406605  -0.733246  166.389624  41.412215  -131.588212  29.844253  91.870950
0.456386  0.000000  0.000000  0.000000  -32.821370  23.329878  24.285714  39.381944  -3.040041  -7.354259  166.389624  41.412215  -131.588212  29.844253  91.870950
0.456754  0.000000  0.000000  0.000000  -32.821370  23.329878  32.857143  38.711199  -8.445794  -14.042263  166.389624  41.412215  -131.588212  29.844253  91.870950
0.457122  0.000000  0.000000  0.000000  -32.821370  23.329878  41.428571  37.385596  -13.735077  -20.918350  166.389624  41.412215  -131.588212  29.844253  91.870950
0.457490  0.000000  0.000000  0.000000  -32.821370  23.329878  50.000000  35.366234  -18.825564  -28.105874  166.389624  41.412215  -131.588212  29.844253  91.870950
0.457858  0.000000  0.000000  0.000000  -19.823225  13.312243  -1.428571  50.629276  40.445042  20.726815  -33.875346  15.020889  -18.722544  53.151648  96.449732
0.458226  0.000000  0.000000  0.000000  -19.823225  13.312243  7.142857  54.565828  33.627310  14.207197  -33.875346  15.020889  -18.722544  53.151648  96.449732
0.458594  0.000000  0.000000  0.000000  -19.823225  13.312243  15.714286  57.349751  26.518553  8.665508  -33.875346  15.020889  -18.722544  53.151648  96.449732
0.458962  0.000000  0.000000  0.000000  -19.823225  13.312243  24.285714  59.253086  19.221023  3.780479  -33.875346  15.020889  -18.722544  53.151648  96.449732
0.459330  0.000000  0.000000  0.000000  -19.823225  13.312243  32.857143  60.450273  11.805166  -0.684170  -33.875346  15.020889  -18.722544  53.151648  96.449732
0.459698  0.000000  0.000000  0.000000  -19.823225  13.312243  41.428571  61.044833  4.323378  -4.911518  -33.875346  15.020889  -18.722544  53.151648  96.449732
0.460066  0.000000  0.000000  0.000000  -19.823225  13.312243  50.000000  61.086238  -3.181384  -9.055693  -33.875346  15.020889  -18.722544  53.151648  96.449732
0.460434  0.000000  0.000000  0.000000  -20.738158  15.892887  -10.000000  38.757011  20.009402  20.539301  22.480013  37.078733  6.240395  19.691683  99.000439
0.460802  0.000000  0.000000  0.000000  -20.738158  15.892887  -1.428571  40.807979  14.517845  13.643852  22.480013  37.078733  6.240395  19.691683  99.000439
0.461170  0.000000  0.000000  0.000000  -20.738158  15.892887  7.142857  42.137718  8.834949  7.088378  22.480013  37.078733  6.240395  19.691683  99.000439
0.461538  0.000000  0.000000  0.000000  -20.738158  15.892887  15.714286  42.796623  3.041833  0.734101  22.480013  37.078733  6.240395  19.691683  99.000439
0.461907  0.000000  0.000000  0.000000  -20.738158  15.892887  24.285714  42.810578  -2.788204  -5.551951  22.480013  37.078733  6.240395  19.691683  99.000439
0.462275  0.000000  0.000000  0.000000  -20.738158  15.892887  32.857143  42.180098  -8.584420  -11.900523  22.480013  37.078733  6.240395  19.691683  99.000439
0.462643  0.000000  0.000000  0.000000  -20.738158  15.892887  41.428571  40.880446  -14.273732  -18.444406  22.480013  37.078733  6.240395  19.691683  99.000439
0.463011  0.000000  0.000000  0.000000  -20.738158  15.892887  50.000000  38.862253  -19.775479  -25.322051  22.480013  37.078733  6.240395  19.691683  99.000439
0.463379  0.000000  0.000000  0.000000  -25.355723  20.154466  -10.000000  34.293936  21.174075  20.143834  -6.293868  28.832486  -32.762603  53.304988  99.212260
0.463747  0.000000  0.000000  0.000000  -25.355723  20.154466  -1.428571  36.658900  16.192283  12.777157  -6.293868  28.832486  -32.762603  53.304988  99.212260
0.464115  0.000000  0.000000  0.000000  -25.355723  20.154466  7.142857  38.305168  10.969783  5.781877  -6.293868  28.832486  -32.762603  53.304988  99.212260
0.464483  0.000000  0.000000  0.000000  -25.355723  20.154466  15.714286  39.279433  5.593500  -0.966894  -6.293868  28.832486  -32.762603  53.304988  99.212260
0.464851  0.000000  0.000000  0.000000  -25.355723  20.154466  24.285714  39.611602  0.141618  -7.591805  -6.293868  28.832486  -32.762603  53.304988  99.212260
0.465219  0.000000  0.000000  0.000000  -25.355723  20.154466  32.857143  39.312246  -5.312167  -14.213607  -6.293868  28.832486  -32.762603  53.304988  99.212260
0.465587  0.000000  0.000000  0.000000  -25.355723  20.154466  41.428571  38.371840  -10.694223  -20.952963  -6.293868  28.832486  -32.762603  53.304988  99.212260
0.465955  0.000000  0.000000  0.000000  -25.355723  20.154466  50.000000  36.761410  -15.926730  -27.932419  -6.293868  28.832486  -32.762603  53.304988  99.212260
0.466323  0.000000  0.000000  0.000000  -19.038170  17.940908  -1.428571  61.100248  26.508080  15.534017  -48.118396  47.471124  6.967077  57.438547  103.685293
0.466691  0.000000  0.000000  0.000000  -19.038170  17.940908  7.142857  62.791713  18.939811  11.166627  -48.118396  47.471124  6.967077  57.438547  103.685293
0.467059  0.000000  0.000000  0.000000  -19.038170  17.940908  15.714286  63.833044  11.278316  7.182044  -48.118396  47.471124  6.967077  57.438547  103.685293
0.467427  0.000000  0.000000  0.000000  -19.038170  17.940908  24.285714  64.322101  3.566470  3.406190  -48.118396  47.471124  6.967077  57.438547  103.685293
0.467795  0.000000  0.000000  0.000000  -19.038170  17.940908  32.857143  64.302802  -4.160559  -0.306444  -48.118396  47.471124  6.967077  57.438547  103.685293
0.468163  0.000000  0.000000  0.000000  -19.038170  17.940908  41.428571  63.773441  -11.869841  -4.092959  -48.118396  47.471124  6.967077  57.438547  103.685293
0.468531  0.000000  0.000000  0.000000  -19.038170  17.940908  50.000000  62.686367  -19.525830  -8.100282  -48.118396  47.471124  6.967077  57.438547  103.685293
0.468900  0.000000  0.000000  0.000000  -24.094213  5.938798  7.142857  50.746935  38.944762  18.872983  -84.230459  28.231735  30.607551  66.278830  100.543615
0.469268  0.000000  0.000000  0.000000  -24.094213  5.938798  15.714286  54.472068  32.126356  12.479418  -84.230459  28.231735  30.607551  66.278830  100.543615
0.469636  0.000000  0.000000  0.000000  -24.094213  5.938798  24.285714  57.102579  25.032113  6.994322  -84.230459  28.231735  30.607551  66.278830  100.543615
0.470004  0.000000  0.000000  0.000000  -24.094213  5.938798  32.857143  58.885909  17.758900  2.118254  -84.230459  28.231735  30.607551  66.278830  100.543615
0.470372  0.000000  0.000000  0.000000  -24.094213  5.938798  41.428571  59.980176  10.374702  -2.372419  -84.230459  28.231735  30.607551  66.278830  100.543615
0.470740  0.000000  0.000000  0.000000  -24.094213  5.938798  50.000000  60.477526  2.931079  -6.654301  -84.230459  28.231735  30.607551  66.278830  100.543615
0.471108  0.000000  0.000000  0.000000  -32.243266  9.963056  7.142857  58.378905  37.978561  6.535896  53.772103  6.094935  -24.159378  69.735884  102.038019
0.471476  0.000000  0.000000  0.000000  -32.243266  9.963056  15.714286  61.318266  30.560919  1.329210  53.772103  6.094935  -24.159378  69.735884  102.038019
0.471844  0.000000  0.000000  0.000000  -32.243266  9.963056  24.285714  63.329956  22.965937  -3.126579  53.772103  6.094935  -24.159378  69.735884  102.038019
0.472212  0.000000  0.000000  0.000000  -32.243266  9.963056  32.857143  64.635316  15.259875  -7.102804  53.772103  6.094935  -24.159378  69.735884  102.038019
0.472580  0.000000  0.000000  0.000000  -32.243266  9.963056  41.428571  65.365401  7.488742  -10.794974  53.772103  6.094935  -24.159378  69.735884  102.038019
0.472948  0.000000  0.000000  0.000000  -32.243266  9.963056  50.000000  65.588933  -0.312025  -14.356837  53.772103  6.094935  -24.159378  69.735884  102.038019
0.473316  0.000000  0.000000  0.000000  -34.764420  24.188853  -10.000000  32.894909  32.948792  22.520960  65.065128  29.041372  -102.332097  61.845443  103.526636
0.473684  0.000000  0.000000  0.000000  -34.764420  24.188853  -1.428571  37.039086  28.027088  14.370534  65.065128  29.041372  -102.332097  61.845443  103.526636
0.474052  0.000000  0.000000  0.000000  -34.764420  24.188853  7.142857  40.217451  22.668085  6.962855  65.065128  29.041372  -102.332097  61.845443  103.526636
0.474420  0.000000  0.000000  0.000000  -34.764420  24.188853  15.714286  42.541454  16.994893  0.128154  65.065128  29.041372  -102.332097  61.845443  103.526636
0.474788  0.000000  0.000000  0.000000  -34.764420  24.188853  24.285714  44.105070  11.107555  -6.297229  65.065128  29.041372  -102.332097  61.845443  103.526636
0.475156  0.000000  0.000000  0.000000  -34.764420  24.188853  32.857143  44.976034  5.089563  -12.465315  65.065128  29.041372  -102.332097  61.845443  103.526636
0.475524  0.000000  0.000000  0.000000  -34.764420  24.188853  41.428571  45.193255  -0.985955  -18.518323  65.065128  29.041372  -102.332097  61.845443  103.526636
0.475893  0.000000  0.000000  0.000000  -34.764420  24.188853  50.000000  44.766554  -7.050444  -24.593483  65.065128  29.041372  -102.332097  61.845443  103.526636
0.476261  0.000000  0.000000  0.000000  -47.928416  12.275334  -10.000000  37.085685  41.302661  28.379808  68.004415  27.808511  -27.354962  38.145963  99.969047
0.476629  0.000000  0.000000  0.000000  -47.928416  12.275334  -1.428571  42.352606  35.813469  19.948843  68.004415  27.808511  -27.354962  38.145963  99.969047
0.476997  0.000000  0.000000  0.000000  -47.928416  12.275334  7.142857  46.314057  29.814186  12.655662  68.004415  27.808511  -27.354962  38.145963  99.969047
0.477365  0.000000  0.000000  0.000000  -47.928416  12.275334  15.714286  49.209795  23.460888  6.212282  68.004415  27.808511  -27.354962  38.145963  99.969047
0.477733  0.000000  0.000000  0.000000  -47.928416  12.275334  24.285714  51.227691  16.867752  0.372593  68.004415  27.808511  -27.354962  38.145963  99.969047
0.478101  0.000000  0.000000  0.000000  -47.928416  12.275334  32.857143  52.500293  10.120710  -5.067768  68.004415  27.808511  -27.354962  38.145963  99.969047
0.478469  0.000000  0.000000  0.000000  -47.928416  12.275334  41.428571  53.110539  3.288069  -10.282011  68.004415  27.808511  -27.354962  38.145963  99.969047
0.478837  0.000000  0.000000  0.000000  -47.928416  12.275334  50.000000  53.097793  -3.571352  -15.424916  68.004415  27.808511  -27.354962  38.145963  99.969047
0.479205  0.000000  0.000000  0.000000  -40.544775  22.503291  15.714286  56.146430  34.279859  19.907389  -23.000974  -8.427621  51.505554  57.118862  97.841383
0.479573  0.000000  0.000000  0.000000  -40.544775  22.503291  24.285714  58.881112  27.043735  14.558509  -23.000974  -8.427621  51.505554  57.118862  97.841383
0.479941  0.000000  0.000000  0.000000  -40.544775  22.503291  32.857143  60.744136  19.630246  9.867598  -23.000974  -8.427621  51.505554  57.118862  97.841383
0.480309  0.000000  0.000000  0.000000  -40.544775  22.503291  41.428571  61.915286  12.106097  5.595376  -23.000974  -8.427621  51.505554  57.118862  97.841383
0.480677  0.000000  0.000000  0.000000  -40.544775  22.503291  50.000000  62.500362  4.520258  1.559308  -23.000974  -8.427621  51.505554  57.118862  97.841383
0.481045  0.000000  0.000000  0.000000  -27.276387  14.491124  -1.428571  56.686945  19.692433  28.093748  -70.227761  15.020142  87.192995  74.588573  102.697578
0.481413  0.000000  0.000000  0.000000  -27.276387  14.491124  7.142857  58.022429  12.470666  23.284778  -70.227761  15.020142  87.192995  74.588573  102.697578
0.481781  0.000000  0.000000  0.000000  -27.276387  14.491124  15.714286  58.721158  5.168479  18.739147  -70.227761  15.020142  87.192995  74.588573  102.697578
0.482149  0.000000  0.000000  0.000000  -27.276387  14.491124  24.285714  58.837836  -2.165297  14.297795  -70.227761  15.020142  87.192995  74.588573  102.697578
0.482517  0.000000  0.000000  0.000000  -27.276387  14.491124  32.857143  58.381466  -9.485953  9.813080  -70.227761  15.020142  87.192995  74.588573  102.697578
0.482886  0.000000  0.000000  0.000000  -27.276387  14.491124  41.428571  57.316635  -16.747095  5.132669  -70.227761  15.020142  87.192995  74.588573  102.697578
0.483254  0.000000  0.000000  0.000000  -27.276387  14.491124  50.000000  55.558446  -23.894444  0.082577  -70.227761  15.020142  87.192995  74.588573  102.697578
0.483622  0.000000  0.000000  0.000000  -32.207209  3.722946  7.142857  62.123868  27.788260  15.199113  -53.388072  15.769754  18.015728  28.057808  98.196551
0.483990  0.000000  0.000000  0.000000  -32.207209  3.722946  15.714286  63.857680  20.147880  10.942186  -53.388072  15.769754  18.015728  28.057808  98.196551
0.484358  0.000000  0.000000  0.000000  -32.207209  3.722946  24.285714  64.941421  12.414882  7.086680  -53.388072  15.769754  18.015728  28.057808  98.196551
0.484726  0.000000  0.000000  0.000000  -32.207209  3.722946  32.857143  65.480980  4.630591  3.455550  -53.388072  15.769754  18.015728  28.057808  98.196551
0.485094  0.000000  0.000000  0.000000  -32.207209  3.722946  41.428571  65.526311  -3.171800  -0.096008  -53.388072  15.769754  18.015728  28.057808  98.196551
0.485462  0.000000  0.000000  0.000000  -32.207209  3.722946  50.000000  65.081528  -10.961851  -3.701837  -53.388072  15.769754  18.015728  28.057808  98.196551
0.485830  0.000000  0.000000  0.000000  -30.484517  16.764361  -10.000000  36.313511  35.613577  29.103477  -14.203679  -14.641958  13.517745  33.480161  103.954402
0.486198  0.000000  0.000000  0.000000  -30.484517  16.764361  -1.428571  40.669676  30.268766  21.110390  -14.203679  -14.641958  13.517745  33.480161  103.954402
0.486566  0.000000  0.000000  0.000000  -30.484517  16.764361  7.142857  43.958832  24.490244  13.974588  -14.203679  -14.641958  13.517745  33.480161  103.954402
0.486934  0.000000  0.000000  0.000000  -30.484517  16.764361  15.714286  46.338417  18.406682  7.482207  -14.203679  -14.641958  13.517745  33.480161  103.954402
0.487302  0.000000  0.000000  0.000000  -30.484517  16.764361  24.285714  47.932475  12.118098  1.441001  -14.203679  -14.641958  13.517745  33.480161  103.954402
0.487670  0.000000  0.000000  0.000000  -30.484517  16.764361  32.857143  48.826842  5.704953  -4.318681  -14.203679  -14.641958  13.517745  33.480161  103.954402
0.488038  0.000000  0.000000  0.000000  -30.484517  16.764361  41.428571  49.070154  -0.764144  -9.950111  -14.203679  -14.641958  13.517745  33.480161  103.954402
0.488406  0.000000  0.000000  0.000000  -30.484517  16.764361  50.000000  48.675686  -7.225844  -15.598558  -14.203679  -14.641958  13.517745  33.480161  103.954402
0.488774  0.000000  0.000000  0.000000  -41.596365  12.405094  -10.000000  39.605506  27.998160  24.269841  0.201166  27.069257  -42.186109  40.330123  106.493787
0.489142  0.000000  0.000000  0.000000  -41.596365  12.405094  -1.428571  42.646382  22.352633  17.137640  0.201166  27.069257  -42.186109  40.330123  106.493787
0.489510  0.000000  0.000000  0.000000  -41.596365  12.405094  7.142857  44.829787  16.419818  10.575022  0.201166  27.069257  -42.186109  40.330123  106.493787
0.489879  0.000000  0.000000  0.000000  -41.596365  12.405094  15.714286  46.257951  10.295571  4.407763  0.201166  27.069257  -42.186109  40.330123  106.493787
0.490247  0.000000  0.000000  0.000000  -41.596365  12.405094  24.285714  47.000570  4.059163  -1.521978  0.201166  27.069257  -42.186109  40.330123  106.493787
0.490615  0.000000  0.000000  0.000000  -41.596365  12.405094  32.857143  47.094500  -2.219866  -7.360308  0.201166  27.069257  -42.186109  40.330123  106.493787
0.490983  0.000000  0.000000  0.000000  -41.596365  12.405094  41.428571  46.544407  -8.475681  -13.248471  0.201166  27.069257  -42.186109  40.330123  106.493787
0.491351  0.000000  0.000000  0.000000  -41.596365  12.405094  50.000000  45.322970  -14.640479  -19.330386  0.201166  27.069257  -42.186109  40.330123  106.493787
0.491719  0.000000  0.000000  0.000000  -46.051102  17.708893  15.714286  48.088318  36.729245  23.871392  -57.705128  33.665668  -2.496716  71.016378  103.974750
0.492087  0.000000  0.000000  0.000000  -46.051102  17.708893  24.285714  51.741468  30.162942  17.259173  -57.705128  33.665668  -2.496716  71.016378  103.974750
0.492455  0.000000  0.000000  0.000000  -46.051102  17.708893  32.857143  54.342398  23.307338  11.491843  -57.705128  33.665668  -2.496716  71.016378  103.974750
0.492823  0.000000  0.000000  0.000000  -46.051102  17.708893  41.428571  56.104389  16.261818  6.299265  -57.705128  33.665668  -2.496716  71.016378  103.974750
0.493191  0.000000  0.000000  0.000000  -46.051102  17.708893  50.000000  57.167025  9.098696  1.470550  -57.705128  33.665668  -2.496716  71.016378  103.974750
0.493559  0.000000  0.000000  0.000000  -32.745499  15.252122  -10.000000  38.670026  41.506268  31.033396  18.069829  -1.660689  -6.463041  58.469802  103.017812
0.493927  0.000000  0.000000  0.000000  -32.745499  15.252122  -1.428571  43.839214  35.842501  22.780085  18.069829  -1.660689  -6.463041  58.469802  103.017812
0.494295  0.000000  0.000000  0.000000  -32.745499  15.252122  7.142857  47.695622  29.691899  15.671482  18.069829  -1.660689  -6.463041  58.469802  103.017812
0.494663  0.000000  0.000000  0.000000  -32.745499  15.252122  15.714286  50.493297  23.206589  9.405351  18.069829  -1.660689  -6.463041  58.469802  103.017812
0.495031  0.000000  0.000000  0.000000  -32.745499  15.252122  24.285714  52.425162  16.496508  3.730297  18.069829  -1.660689  -6.463041  58.469802  103.017812
0.495399  0.000000  0.000000  0.000000  -32.745499  15.252122  32.857143  53.624303  9.643841  -1.559219  18.069829  -1.660689  -6.463041  58.469802  103.017812
0.495767  0.000000  0.000000  0.000000  -32.745499  15.252122  41.428571  54.172087  2.713799  -6.636121  18.069829  -1.660689  -6.463041  58.469802  103.017812
0.496135  0.000000  0.000000  0.000000  -32.745499  15.252122  50.000000  54.105210  -4.237242  -11.654853  18.069829  -1.660689  -6.463041  58.469802  103.017812
0.496503  0.000000  0.000000  0.000000  -41.479675  15.093817  -10.000000  53.483353  28.442528  17.658312  -26.398129  -9.885975  26.276090  32.376164  101.078987
0.496872  0.000000  0.000000  0.000000  -41.479675  15.093817  -1.428571  55.795096  21.446531  12.190507  -26.398129  -9.885975  26.276090  32.376164  101.078987
0.497240  0.000000  0.000000  0.000000  -41.479675  15.093817  7.142857  57.320769  14.289478  7.230546  -26.398129  -9.885975  26.276090  32.376164  101.078987
0.497608  0.000000  0.000000  0.000000  -41.479675  15.093817  15.714286  58.183497  7.036158  2.579681  -26.398129  -9.885975  26.276090  32.376164  101.078987
0.497976  0.000000  0.000000  0.000000  -41.479675  15.093817  24.285714  58.450453  -0.261614  -1.927036  -26.398129  -9.885975  26.276090  32.376164  101.078987
0.498344  0.000000  0.000000  0.000000  -41.479675  15.093817  32.857143  58.142024  -7.557765  -6.439024  -26.398129  -9.885975  26.276090  32.376164  101.078987
0.498712  0.000000  0.000000  0.000000  -41.479675  15.093817  41.428571  57.234638  -14.806021  -11.106255  -26.398129  -9.885975  26.276090  32.376164  101.078987
0.499080  0.000000  0.000000  0.000000  -41.479675  15.093817  50.000000  55.657489  -21.953910  -16.095462  -26.398129  -9.885975  26.276090  32.376164  101.078987
0.499448  0.000000  0.000000  0.000000  -25.868776  10.741867  7.142857  52.314323  36.124167  22.342595  -18.433460  34.416008  2.893708  53.970872  103.093100
0.499816  0.000000  0.000000  0.000000  -25.868776  10.741867  15.714286  55.554875  29.188247  16.351951  -18.433460  34.416008  2.893708  53.970872  103.093100
0.500184  0.000000  0.000000  0.000000  -25.868776  10.741867  24.285714  57.815245  22.019989  11.134600  -18.433460  34.416008  2.893708  53.970872  103.093100
0.500552  0.000000  0.000000  0.000000  -25.868776  10.741867  32.857143  59.302042  14.702741  6.426752  -18.433460  34.416008  2.893708  53.970872  103.093100
0.500920  0.000000  0.000000  0.000000  -25.868776  10.741867  41.428571  60.143625  7.296776  2.027318  -18.433460  34.416008  2.893708  53.970872  103.093100
0.501288  0.000000  0.000000  0.000000  -25.868776  10.741867  50.000000  60.409508  -0.150329  -2.227798  -18.433460  34.416008  2.893708  53.970872  103.093100
0.501656  0.000000  0.000000  0.000000  -27.693919  21.996721  -10.000000  29.823756  36.868455  38.098927  -39.455183  20.453445  21.588269  70.375554  102.143014
0.502024  0.000000  0.000000  0.000000  -27.693919  21.996721  -1.428571  34.826053  32.274663  29.302105  -39.455183  20.453445  21.588269  70.375554  102.143014
0.502392  0.000000  0.000000  0.000000  -27.693919  21.996721  7.142857  38.750136  27.132441  21.400288  -39.455183  20.453445  21.588269  70.375554  102.143014
0.502760  0.000000  0.000000  0.000000  -27.693919  21.996721  15.714286  41.718799  21.588129  14.219288  -39.455183  20.453445  21.588269  70.375554  102.143014
0.503128  0.000000  0.000000  0.000000  -27.693919  21.996721  24.285714  43.848978  15.759257  7.581452  -39.455183  20.453445  21.588269  70.375554  102.143014
0.503497  0.000000  0.000000  0.000000  -27.693919  21.996721  32.857143  45.233980  9.740902  1.320499  -39.455183  20.453445  21.588269  70.375554  102.143014
0.503865  0.000000  0.000000  0.000000  -27.693919  21.996721  41.428571  45.937511  3.612630  -4.716256  -39.455183  20.453445  21.588269  70.375554  102.143014
0.504233  0.000000  0.000000  0.000000  -27.693919  21.996721  50.000000  45.992601  -2.555062  -10.671610  -39.455183  20.453445  21.588269  70.375554  102.143014
0.504601  0.000000  0.000000  0.000000  -52.484009  5.948978  24.285714  62.373720  30.845741  10.359160  -12.684325  6.203721  -18.369837  52.614832  105.949514
0.504969  0.000000  0.000000  0.000000  -52.484009  5.948978  32.857143  64.337159  23.180549  6.047561  -12.684325  6.203721  -18.369837  52.614832  105.949514
0.505337  0.000000  0.000000  0.000000  -52.484009  5.948978  41.428571  65.609086  15.410828  2.208521  -12.684325  6.203721  -18.369837  52.614832  105.949514
0.505705  0.000000  0.000000  0.000000  -52.484009  5.948978  50.000000  66.320401  7.580018  -1.351323  -12.684325  6.203721  -18.369837  52.614832  105.949514
0.506073  0.000000  0.000000  0.000000  -28.657933  16.598375  15.714286  41.764944  37.903535  33.398591  -95.767737  34.139500  33.319226  77.116977  106.309274
0.506441  0.000000  0.000000  0.000000  -28.657933  16.598375  24.285714  46.084847  31.947427  25.870514  -95.767737  34.139500  33.319226  77.116977  106.309274
0.506809  0.000000  0.000000  0.000000  -28.657933  16.598375  32.857143  49.260914  25.602672  19.288248  -95.767737  34.139500  33.319226  77.116977  106.309274
0.507177  0.000000  0.000000  0.000000  -28.657933  16.598375  41.428571  51.506604  18.993546  13.383898  -95.767737  34.139500  33.319226  77.116977  106.309274
0.507545  0.000000  0.000000  0.000000  -28.657933  16.598375  50.000000  52.975091  12.211743  7.937454  -95.767737  34.139500  33.319226  77.116977  106.309274
0.507913  0.000000  0.000000  0.000000  -38.194281  20.852765  -10.000000  31.745079  47.526053  35.704276  121.233235  20.065840  -115.508618  74.950298  105.261043
0.508281  0.000000  0.000000  0.000000  -38.194281  20.852765  -1.428571  38.772439  42.562545  25.795393  121.233235  20.065840  -115.508618  74.950298  105.261043
0.508649  0.000000  0.000000  0.000000  -38.194281  20.852765  7.142857  44.122094  36.876721  17.442936  121.233235  20.065840  -115.508618  74.950298  105.261043
0.509017  0.000000  0.000000  0.000000  -38.194281  20.852765  15.714286  48.105607  30.689862  10.295867  121.233235  20.065840  -115.508618  74.950298  105.261043
0.509385  0.000000  0.000000  0.000000  -38.194281  20.852765  24.285714  50.996851  24.159932  4.033645  121.233235  20.065840  -115.508618  74.950298  105.261043
0.509753  0.000000  0.000000  0.000000  -38.194281  20.852765  32.857143  53.003154  17.399738  -1.607630  121.233235  20.065840  -115.508618  74.950298  105.261043
0.510121  0.000000  0.000000  0.000000  -38.194281  20.852765  41.428571  54.267599  10.492564  -6.841113  121.233235  20.065840  -115.508618  74.950298  105.261043
0.510490  0.000000  0.000000  0.000000  -38.194281  20.852765  50.000000  54.878637  3.503611  -11.843878  121.233235  20.065840  -115.508618  74.950298  105.261043
0.510858  0.000000  0.000000  0.000000  -24.901203  22.879184  -10.000000  34.706764  27.622176  32.543474  11.322853  41.795830  -24.372506  27.839613  102.549262
0.511226  0.000000  0.000000  0.000000  -24.901203  22.879184  -1.428571  37.945050  22.536472  24.920479  11.322853  41.795830  -24.372506  27.839613  102.549262
0.511594  0.000000  0.000000  0.000000  -24.901203  22.879184  7.142857  40.346532  17.118102  17.856187  11.322853  41.795830  -24.372506  27.839613  102.549262
0.511962  0.000000  0.000000  0.000000  -24.901203  22.879184  15.714286  41.993540  11.469016  11.200312  11.322853  41.795830  -24.372506  27.839613  102.549262
0.512330  0.000000  0.000000  0.000000  -24.901203  22.879184  24.285714  42.948375  5.675369  4.809078  11.322853  41.795830  -24.372506  27.839613  102.549262
0.512698  0.000000  0.000000  0.000000  -24.901203  22.879184  32.857143  43.248927  -0.186965  -1.454057  11.322853  41.795830  -24.372506  27.839613  102.549262
0.513066  0.000000  0.000000  0.000000  -24.901203  22.879184  41.428571  42.907354  -6.047062  -7.721379  11.322853  41.795830  -24.372506  27.839613  102.549262
0.513434  0.000000  0.000000  0.000000  -24.901203  22.879184  50.000000  41.909850  -11.833844  -14.125324  11.322853  41.795830  -24.372506  27.839613  102.549262
0.513802  0.000000  0.000000  0.000000  -40.909913  15.573124  -10.000000  41.437085  30.766438  27.356844  14.118229  56.263859  -20.404449  20.984391  104.314778
0.514170  0.000000  0.000000  0.000000  -40.909913  15.573124  -1.428571  44.748665  24.902307  20.280737  14.118229  56.263859  -20.404449  20.984391  104.314778
0.514538  0.000000  0.000000  0.000000  -40.909913  15.573124  7.142857  47.139496  18.735453  13.863223  14.118229  56.263859  -20.404449  20.984391  104.314778
0.514906  0.000000  0.000000  0.000000  -40.909913  15.573124  15.714286  48.740417  12.365706  7.905837  14.118229  56.263859  -20.404449  20.984391  104.314778
0.515274  0.000000  0.000000  0.000000  -40.909913  15.573124  24.285714  49.641293  5.872701  2.235320  14.118229  56.263859  -20.404449  20.984391  104.314778
0.515642  0.000000  0.000000  0.000000  -40.909913  15.573124  32.857143  49.893000  -0.676068  -3.303617  14.118229  56.263859  -20.404449  20.984391  104.314778
0.516010  0.000000  0.000000  0.000000  -40.909913  15.573124  41.428571  49.509756  -7.218487  -8.857550  14.118229  56.263859  -20.404449  20.984391  104.314778
0.516378  0.000000  0.000000  0.000000  -40.909913  15.573124  50.000000  48.469907  -13.691888  -14.574056  14.118229  56.263859  -20.404449  20.984391  104.314778
0.516746  0.000000  0.000000  0.000000  -22.932575  12.176018  24.285714  57.128993  25.940191  23.406870  -76.114123  38.172777  30.357470  72.922887  99.044602
0.517114  0.000000  0.000000  0.000000  -22.932575  12.176018  32.857143  58.992356  18.661646  18.508902  -76.114123  38.172777  30.357470  72.922887  99.044602
0.517483  0.000000  0.000000  0.000000  -22.932575  12.176018  41.428571  60.154763  11.266761  14.018721  -76.114123  38.172777  30.357470  72.922887  99.044602
0.517851  0.000000  0.000000  0.000000  -22.932575  12.176018  50.000000  60.715403  3.807883  9.755630  -76.114123  38.172777  30.357470  72.922887  99.044602
0.518219  0.000000  0.000000  0.000000  -23.106071  22.682022  -10.000000  25.834076  40.089528  34.386495  -62.281396  11.382364  -3.998872  38.338079  108.433261
0.518587  0.000000  0.000000  0.000000  -23.106071  22.682022  -1.428571  31.721637  35.951743  24.847830  -62.281396  11.382364  -3.998872  38.338079  108.433261
0.518955  0.000000  0.000000  0.000000  -23.106071  22.682022  7.142857  36.438753  31.138488  16.329934  -62.281396  11.382364  -3.998872  38.338079  108.433261
0.519323  0.000000  0.000000  0.000000  -23.106071  22.682022  15.714286  40.097009  25.821054  8.675246  -62.281396  11.382364  -3.998872  38.338079  108.433261
0.519691  0.000000  0.000000  0.000000  -23.106071  22.682022  24.285714  42.826250  20.138195  1.700344  -62.281396  11.382364  -3.998872  38.338079  108.433261
0.520059  0.000000  0.000000  0.000000  -23.106071  22.682022  32.857143  44.741850  14.200665  -4.773861  -62.281396  11.382364  -3.998872  38.338079  108.433261
0.520427  0.000000  0.000000  0.000000  -23.106071  22.682022  41.428571  45.931593  8.098285  -10.912168  -62.281396  11.382364  -3.998872  38.338079  108.433261
0.520795  0.000000  0.000000  0.000000  -23.106071  22.682022  50.000000  46.451962  1.907027  -16.865528  -62.281396  11.382364  -3.998872  38.338079  108.433261
0.521163  0.000000  0.000000  0.000000  -53.710815  17.253276  -1.428571  59.146394  22.181033  23.755864  182.167131  38.256270  -143.933323  74.532422  105.776010
0.521531  0.000000  0.000000  0.000000  -53.710815  17.253276  7.142857  60.586580  14.763899  19.222164  182.167131  38.256270  -143.933323  74.532422  105.776010
0.521899  0.000000  0.000000  0.000000  -53.710815  17.253276  15.714286  61.397117  7.264276  14.990572  182.167131  38.256270  -143.933323  74.532422  105.776010
0.522267  0.000000  0.000000  0.000000  -53.710815  17.253276  24.285714  61.647235  -0.273235  10.898886  182.167131  38.256270  -143.933323  74.532422  105.776010
0.522635  0.000000  0.000000  0.000000  -53.710815  17.253276  32.857143  61.357759  -7.809352  6.802034  182.167131  38.256270  -143.933323  74.532422  105.776010
0.523003  0.000000  0.000000  0.000000  -53.710815  17.253276  41.428571  60.504567  -15.304600  2.554334  182.167131  38.256270  -143.933323  74.532422  105.776010
0.523371  0.000000  0.000000  0.000000  -53.710815  17.253276  50.000000  59.014567  -22.713752  -2.008429  182.167131  38.256270  -143.933323  74.532422  105.776010
0.523739  0.000000  0.000000  0.000000  -38.635894  4.408260  7.142857  57.736553  32.144830  20.716670  -33.941439  65.002126  5.254280  59.313917  105.727328
0.524107  0.000000  0.000000  0.000000  -38.635894  4.408260  15.714286  60.139562  24.797201  15.688737  -33.941439  65.002126  5.254280  59.313917  105.727328
0.524476  0.000000  0.000000  0.000000  -38.635894  4.408260  24.285714  61.744742  17.300633  11.231053  -33.941439  65.002126  5.254280  59.313917  105.727328
0.524844  0.000000  0.000000  0.000000  -38.635894  4.408260  32.857143  62.706002  9.713398  7.126139  -33.941439  65.002126  5.254280  59.313917  105.727328
0.525212  0.000000  0.000000  0.000000  -38.635894  4.408260  41.428571  63.109910  2.079464  3.204659  -33.941439  65.002126  5.254280  59.313917  105.727328
0.525580  0.000000  0.000000  0.000000  -38.635894  4.408260  50.000000  62.991520  -5.564107  -0.678847  -33.941439  65.002126  5.254280  59.313917  105.727328
0.525948  0.000000  0.000000  0.000000  -39.030286  18.288039  7.142857  60.588777  23.734753  24.912244  -47.272264  49.479557  21.694246  20.118345  109.920000
0.526316  0.000000  0.000000  0.000000  -39.030286  18.288039  15.714286  62.085761  16.209815  20.540864  -47.272264  49.479557  21.694246  20.118345  109.920000
0.526684  0.000000  0.000000  0.000000  -39.030286  18.288039  24.285714  62.957393  8.602140  16.494253  -47.272264  49.479557  21.694246  20.118345  109.920000
0.527052  0.000000  0.000000  0.000000  -39.030286  18.288039  32.857143  63.281916  0.953877  12.608235  -47.272264  49.479557  21.694246  20.118345  109.920000
0.527420  0.000000  0.000000  0.000000  -39.030286  18.288039  41.428571  63.087547  -6.698736  8.739541  -47.272264  49.479557  21.694246  20.118345  109.920000
0.527788  0.000000  0.000000  0.000000  -39.030286  18.288039  50.000000  62.357446  -14.320133  4.747148  -47.272264  49.479557  21.694246  20.118345  109.920000
0.528156  0.000000  0.000000  0.000000  -50.554416  13.829938  -1.428571  51.709187  40.857754  18.929736  105.228087  19.244611  -73.253410  40.993930  102.953916
0.528524  0.000000  0.000000  0.000000  -50.554416  13.829938  7.142857  55.601207  33.945272  12.537863  105.228087  19.244611  -73.253410  40.993930  102.953916
0.528892  0.000000  0.000000  0.000000  -50.554416  13.829938  15.714286  58.341987  26.752948  7.127113  105.228087  19.244611  -73.253410  40.993930  102.953916
0.529260  0.000000  0.000000  0.000000  -50.554416  13.829938  24.285714  60.210381  19.380048  2.370514  105.228087  19.244611  -73.253410  40.993930  102.953916
0.529628  0.000000  0.000000  0.000000  -50.554416  13.829938  32.857143  61.383188  11.894370  -1.969295  105.228087  19.244611  -73.253410  40.993930  102.953916
0.529996  0.000000  0.000000  0.000000  -50.554416  13.829938  41.428571  61.964567  4.346011  -6.074584  105.228087  19.244611  -73.253410  40.993930  102.953916
0.530364  0.000000  0.000000  0.000000  -50.554416  13.829938  50.000000  62.004061  -3.224118  -10.097967  105.228087  19.244611  -73.253410  40.993930  102.953916
0.530732  0.000000  0.000000  0.000000  -23.123014  13.742098  -1.428571  45.579700  41.350482  20.886639  -45.481444  56.723933  4.246904  36.472803  109.769572
0.531100  0.000000  0.000000  0.000000  -23.123014  13.742098  7.142857  50.110992  34.985874  13.571559  -45.481444  56.723933  4.246904  36.472803  109.769572
0.531469  0.000000  0.000000  0.000000  -23.123014  13.742098  15.714286  53.384415  28.247241  7.342571  -45.481444  56.723933  4.246904  36.472803  109.769572
0.531837  0.000000  0.000000  0.000000  -23.123014  13.742098  24.285714  55.682034  21.260433  1.868967  -45.481444  56.723933  4.246904  36.472803  109.769572
0.532205  0.000000  0.000000  0.000000  -23.123014  13.742098  32.857143  57.195946  14.113189  -3.101546  -45.481444  56.723933  4.246904  36.472803  109.769572
0.532573  0.000000  0.000000  0.000000  -23.123014  13.742098  41.428571  58.047564  6.870282  -7.766583  -45.481444  56.723933  4.246904  36.472803  109.769572
0.532941  0.000000  0.000000  0.000000  -23.123014  13.742098  50.000000  58.302886  -0.416354  -12.290625  -45.481444  56.723933  4.246904  36.472803  109.769572
0.533309  0.000000  0.000000  0.000000  -35.487678  5.808527  -10.000000  53.313231  29.860728  23.053731  25.693754  -16.861822  -8.099623  75.307542  105.009835
0.533677  0.000000  0.000000  0.000000  -35.487678  5.808527  -1.428571  55.782354  22.872448  17.507863  25.693754  -16.861822  -8.099623  75.307542  105.009835
0.534045  0.000000  0.000000  0.000000  -35.487678  5.808527  7.142857  57.436680  15.711034  12.513094  25.693754  -16.861822  -8.099623  75.307542  105.009835
0.534413  0.000000  0.000000  0.000000  -35.487678  5.808527  15.714286  58.412451  8.443960  7.861385  25.693754  -16.861822  -8.099623  75.307542  105.009835
0.534781  0.000000  0.000000  0.000000  -35.487678  5.808527  24.285714  58.786905  1.124100  3.382982  25.693754  -16.861822  -8.099623  75.307542  105.009835
0.535149  0.000000  0.000000  0.000000  -35.487678  5.808527  32.857143  58.588985  -6.202601  -1.072934  25.693754  -16.861822  -8.099623  75.307542  105.009835
0.535517  0.000000  0.000000  0.000000  -35.487678  5.808527  41.428571  57.803449  -13.491040  -5.654664  25.693754  -16.861822  -8.099623  75.307542  105.009835
0.535885  0.000000  0.000000  0.000000  -35.487678  5.808527  50.000000  56.368677  -20.691182  -10.524299  25.693754  -16.861822  -8.099623  75.307542  105.009835
0.536253  0.000000  0.000000  0.000000  -36.932315  10.216325  -1.428571  50.641777  33.165213  27.797836  15.234313  4.699696  13.526730  41.433194  106.901573
0.536621  0.000000  0.000000  0.000000  -36.932315  10.216325  7.142857  53.657136  26.389998  21.741098  15.234313  4.699696  13.526730  41.433194  106.901573
0.536989  0.000000  0.000000  0.000000  -36.932315  10.216325  15.714286  55.752090  19.388617  16.368343  15.234313  4.699696  13.526730  41.433194  106.901573
0.537357  0.000000  0.000000  0.000000  -36.932315  10.216325  24.285714  57.097409  12.242682  11.444643  15.234313  4.699696  13.526730  41.433194  106.901573
0.537725  0.000000  0.000000  0.000000  -36.932315  10.216325  32.857143  57.798532  5.013755  6.782913  15.234313  4.699696  13.526730  41.433194  106.901573
0.538093  0.000000  0.000000  0.000000  -36.932315  10.216325  41.428571  57.908856  -2.247441  2.223922  15.234313  4.699696  13.526730  41.433194  106.901573
0.538462  0.000000  0.000000  0.000000  -36.932315  10.216325  50.000000  57.436663  -9.494288  -2.380796  15.234313  4.699696  13.526730  41.433194  106.901573
0.538830  0.000000  0.000000  0.000000  -43.684931  22.603305  7.142857  61.930367  17.384825  27.456578  7.244504  14.657931  -13.673890  51.736290  105.826406
0.539198  0.000000  0.000000  0.000000  -43.684931  22.603305  15.714286  62.891421  9.784736  23.375601  7.244504  14.657931  -13.673890  51.736290  105.826406
0.539566  0.000000  0.000000  0.000000  -43.684931  22.603305  24.285714  63.297214  2.138175  19.478627  7.244504  14.657931  -13.673890  51.736290  105.826406
0.539934  0.000000  0.000000  0.000000  -43.684931  22.603305  32.857143  63.183134  -5.518164  15.620519  7.244504  14.657931  -13.673890  51.736290  105.826406
0.540302  0.000000  0.000000  0.000000  -43.684931  22.603305  41.428571  62.539318  -13.148994  11.661134  7.244504  14.657931  -13.673890  51.736290  105.826406
0.540670  0.000000  0.000000  0.000000  -43.684931  22.603305  50.000000  61.308880  -20.715336  7.447253  7.244504  14.657931  -13.673890  51.736290  105.826406
0.541038  0.000000  0.000000  0.000000  -31.543908  22.748073  -1.428571  55.802509  26.634678  28.526492  -26.755727  59.380955  -11.614752  48.843944  104.182546
0.541406  0.000000  0.000000  0.000000  -31.543908  22.748073  7.142857  57.802862  19.457091  23.429475  -26.755727  59.380955  -11.614752  48.843944  104.182546
0.541774  0.000000  0.000000  0.000000  -31.543908  22.748073  15.714286  59.075047  12.149344  18.769959  -26.755727  59.380955  -11.614752  48.843944  104.182546
0.542142  0.000000  0.000000  0.000000  -31.543908  22.748073  24.285714  59.725136  4.767853  14.361802  -26.755727  59.380955  -11.614752  48.843944  104.182546
0.542510  0.000000  0.000000  0.000000  -31.543908  22.748073  32.857143  59.805390  -2.641097  10.047970  -26.755727  59.380955  -11.614752  48.843944  104.182546
0.542878  0.000000  0.000000  0.000000  -31.543908  22.748073  41.428571  59.322197  -10.034925  5.682183  -26.755727  59.380955  -11.614752  48.843944  104.182546
0.543246  0.000000  0.000000  0.000000  -31.543908  22.748073  50.000000  58.236942  -17.369035  1.112248  -26.755727  59.380955  -11.614752  48.843944  104.182546
0.543614  0.000000  0.000000  0.000000  -51.340690  17.385084  32.857143  65.934563  13.214570  20.271698  -53.622542  41.395421  35.462777  20.543011  106.996913
0.543982  0.000000  0.000000  0.000000  -51.340690  17.385084  41.428571  66.501118  5.368486  16.771953  -53.622542  41.395421  35.462777  20.543011  106.996913
0.544350  0.000000  0.000000  0.000000  -51.340690  17.385084  50.000000  66.586804  -2.496956  13.361730  -53.622542  41.395421  35.462777  20.543011  106.996913
0.544718  0.000000  0.000000  0.000000  -35.619049  15.995510  24.285714  63.518478  24.131530  14.238930  -173.708853  53.158725  175.604141  72.124499  103.721355
0.545086  0.000000  0.000000  0.000000  -35.619049  15.995510  32.857143  64.898497  16.410677  10.266193  -173.708853  53.158725  175.604141  72.124499  103.721355
0.545455  0.000000  0.000000  0.000000  -35.619049  15.995510  41.428571  65.695171  8.620940  6.599644  -173.708853  53.158725  175.604141  72.124499  103.721355
0.545823  0.000000  0.000000  0.000000  -35.619049  15.995510  50.000000  65.984715  0.797853  3.082314  -173.708853  53.158725  175.604141  72.124499  103.721355
0.546191  0.000000  0.000000  0.000000  -37.453209  2.467204  -10.000000  45.898372  42.761269  21.589205  -27.170700  28.869108  19.303485  60.783686  110.585882
0.546559  0.000000  0.000000  0.000000  -37.453209  2.467204  -1.428571  50.622232  36.354743  14.189466  -27.170700  28.869108  19.303485  60.783686  110.585882
0.546927  0.000000  0.000000  0.000000  -37.453209  2.467204  7.142857  54.025857  29.562913  7.948543  -27.170700  28.869108  19.303485  60.783686  110.585882
0.547295  0.000000  0.000000  0.000000  -37.453209  2.467204  15.714286  56.419246  22.516774  2.510161  -27.170700  28.869108  19.303485  60.783686  110.585882
0.547663  0.000000  0.000000  0.000000  -37.453209  2.467204  24.285714  58.012358  15.305988  -2.392818  -27.170700  28.869108  19.303485  60.783686  110.585882
0.548031  0.000000  0.000000  0.000000  -37.453209  2.467204  32.857143  58.938195  7.995613  -6.965763  -27.170700  28.869108  19.303485  60.783686  110.585882
0.548399  0.000000  0.000000  0.000000  -37.453209  2.467204  41.428571  59.271001  0.636772  -11.376442  -27.170700  28.869108  19.303485  60.783686  110.585882
0.548767  0.000000  0.000000  0.000000  -37.453209  2.467204  50.000000  59.036803  -6.725832  -15.774495  -27.170700  28.869108  19.303485  60.783686  110.585882
0.549135  0.000000  0.000000  0.000000  -22.296703  11.514872  7.142857  49.569037  30.959759  34.162304  -48.048965  31.553115  27.106008  63.180768  103.059008
0.549503  0.000000  0.000000  0.000000  -22.296703  11.514872  15.714286  52.398753  24.293080  28.074711  -48.048965  31.553115  27.106008  63.180768  103.059008
0.549871  0.000000  0.000000  0.000000  -22.296703  11.514872  24.285714  54.350142  17.408496  22.605809  -48.048965  31.553115  27.106008  63.180768  103.059008
0.550239  0.000000  0.000000  0.000000  -22.296703  11.514872  32.857143  55.570074  10.385906  17.539230  -48.048965  31.553115  27.106008  63.180768  103.059008
0.550607  0.000000  0.000000  0.000000  -22.296703  11.514872  41.428571  56.147905  3.287431  12.697298  -48.048965  31.553115  27.106008  63.180768  103.059008
0.550975  0.000000  0.000000  0.000000  -22.296703  11.514872  50.000000  56.125069  -3.834123  7.924181  -48.048965  31.553115  27.106008  63.180768  103.059008
0.551343  0.000000  0.000000  0.000000  -44.878733  12.832533  24.285714  64.049413  13.849671  21.208696  49.750949  -8.697734  -11.699727  56.403571  108.032314
0.551711  0.000000  0.000000  0.000000  -44.878733  12.832533  32.857143  64.703181  6.118390  17.447738  49.750949  -8.697734  -11.699727  56.403571  108.032314
0.552079  0.000000  0.000000  0.000000  -44.878733  12.832533  41.428571  64.846336  -1.638295  13.794780  49.750949  -8.697734  -11.699727  56.403571  108.032314
0.552448  0.000000  0.000000  0.000000  -44.878733  12.832533  50.000000  64.491700  -9.388272  10.113281  49.750949  -8.697734  -11.699727  56.403571  108.032314
0.552816  0.000000  0.000000  0.000000  -38.321262  17.118370  -10.000000  35.319208  40.049907  29.010813  -22.360640  -7.518118  59.959691  56.258291  110.223391
0.553184  0.000000  0.000000  0.000000  -38.321262  17.118370  -1.428571  40.503046  34.771774  20.497043  -22.360640  -7.518118  59.959691  56.258291  110.223391
0.553552  0.000000  0.000000  0.000000  -38.321262  17.118370  7.142857  44.442347  28.974718  13.053927  -22.360640  -7.518118  59.959691  56.258291  110.223391
0.553920  0.000000  0.000000  0.000000  -38.321262  17.118370  15.714286  47.344037  22.812525  6.424965  -22.360640  -7.518118  59.959691  56.258291  110.223391
0.554288  0.000000  0.000000  0.000000  -38.321262  17.118370  24.285714  49.376643  16.400482  0.382027  -22.360640  -7.518118  59.959691  56.258291  110.223391
0.554656  0.000000  0.000000  0.000000  -38.321262  17.118370  32.857143  50.662074  9.827054  -5.269852  -22.360640  -7.518118  59.959691  56.258291  110.223391
0.555024  0.000000  0.000000  0.000000  -38.321262  17.118370  41.428571  51.277769  3.163615  -10.699361  -22.360640  -7.518118  59.959691  56.258291  110.223391
0.555392  0.000000  0.000000  0.000000  -38.321262  17.118370  50.000000  51.260691  -3.527790  -16.059159  -22.360640  -7.518118  59.959691  56.258291  110.223391
0.555760  0.000000  0.000000  0.000000  -32.302510  3.779358  24.285714  64.941425  25.372562  7.406442  -15.053184  12.068492  27.789075  36.427402  110.071285
0.556128  0.000000  0.000000  0.000000  -32.302510  3.779358  32.857143  66.334461  17.561307  3.610003  -15.053184  12.068492  27.789075  36.427402  110.071285
0.556496  0.000000  0.000000  0.000000  -32.302510  3.779358  41.428571  67.156126  9.683742  0.130592  -15.053184  12.068492  27.789075  36.427402  110.071285
0.556864  0.000000  0.000000  0.000000  -32.302510  3.779358  50.000000  67.488245  1.772768  -3.188064  -15.053184  12.068492  27.789075  36.427402  110.071285
0.557232  0.000000  0.000000  0.000000  -43.632251  21.479371  -10.000000  34.396370  29.317925  31.102242  64.978832  32.313069  -36.377072  71.910185  109.549784
0.557600  0.000000  0.000000  0.000000  -43.632251  21.479371  -1.428571  37.897573  24.253476  23.350111  64.978832  32.313069  -36.377072  71.910185  109.549784
0.557968  0.000000  0.000000  0.000000  -43.632251  21.479371  7.142857  40.524212  18.827324  16.212134  64.978832  32.313069  -36.377072  71.910185  109.549784
0.558336  0.000000  0.000000  0.000000  -43.632251  21.479371  15.714286  42.368498  13.147052  9.531152  64.978832  32.313069  -36.377072  71.910185  109.549784
0.558704  0.000000  0.000000  0.000000  -43.632251  21.479371  24.285714  43.502530  7.302285  3.157224  64.978832  32.313069  -36.377072  71.910185  109.549784
0.559073  0.000000  0.000000  0.000000  -43.632251  21.479371  32.857143  43.973018  1.370528  -3.050756  64.978832  32.313069  -36.377072  71.910185  109.549784
0.559441  0.000000  0.000000  0.000000  -43.632251  21.479371  41.428571  43.799777  -4.577214  -9.227971  64.978832  32.313069  -36.377072  71.910185  109.549784
0.559809  0.000000  0.000000  0.000000  -43.632251  21.479371  50.000000  42.975495  -10.471144  -15.508404  64.978832  32.313069  -36.377072  71.910185  109.549784
0.560177  0.000000  0.000000  0.000000  -45.194270  15.586781  7.142857  47.616047  37.596984  30.904870  -26.233182  9.526959  -17.121271  32.691703  106.440139
0.560545  0.000000  0.000000  0.000000  -45.194270  15.586781  15.714286  51.424293  31.068537  24.168887  -26.233182  9.526959  -17.121271  32.691703  106.440139
0.560913  0.000000  0.000000  0.000000  -45.194270  15.586781  24.285714  54.145807  24.235907  18.319270  -26.233182  9.526959  -17.121271  32.691703  106.440139
0.561281  0.000000  0.000000  0.000000  -45.194270  15.586781  32.857143  56.005494  17.202900  13.075922  -26.233182  9.526959  -17.121271  32.691703  106.440139
0.561649  0.000000  0.000000  0.000000  -45.194270  15.586781  41.428571  57.151850  10.044414  8.221252  -26.233182  9.526959  -17.121271  32.691703  106.440139
0.562017  0.000000  0.000000  0.000000  -45.194270  15.586781  50.000000  57.673217  2.818400  3.578620  -26.233182  9.526959  -17.121271  32.691703  106.440139
0.562385  0.000000  0.000000  0.000000  -27.146735  22.733115  -1.428571  57.222195  17.269167  30.603579  -23.801206  67.947257  13.932787  70.946355  104.041865
0.562753  0.000000  0.000000  0.000000  -27.146735  22.733115  7.142857  58.333462  10.013665  25.903661  -23.801206  67.947257  13.932787  70.946355  104.041865
0.563121  0.000000  0.000000  0.000000  -27.146735  22.733115  15.714286  58.831958  2.695089  21.411076  -23.801206  67.947257  13.932787  70.946355  104.041865
0.563489  0.000000  0.000000  0.000000  -27.146735  22.733115  24.285714  58.756441  -4.639825  16.972494  -23.801206  67.947257  13.932787  70.946355  104.041865
0.563857  0.000000  0.000000  0.000000  -27.146735  22.733115  32.857143  58.101089  -11.946447  12.440475  -23.801206  67.947257  13.932787  70.946355  104.041865
0.564225  0.000000  0.000000  0.000000  -27.146735  22.733115  41.428571  56.814659  -19.176484  7.657365  -23.801206  67.947257  13.932787  70.946355  104.041865
0.564593  0.000000  0.000000  0.000000  -27.146735  22.733115  50.000000  54.793284  -26.271358  2.437653  -23.801206  67.947257  13.932787  70.946355  104.041865
0.564961  0.000000  0.000000  0.000000  -50.243213  18.190014  -10.000000  42.420224  26.715495  25.456594  32.607425  42.990962  -25.710436  72.277620  103.498560
0.565329  0.000000  0.000000  0.000000  -50.243213  18.190014  -1.428571  45.147941  20.777105  18.698456  32.607425  42.990962  -25.710436  72.277620  103.498560
0.565697  0.000000  0.000000  0.000000  -50.243213  18.190014  7.142857  47.046863  14.594834  12.462606  32.607425  42.990962  -25.710436  72.277620  103.498560
0.566066  0.000000  0.000000  0.000000  -50.243213  18.190014  15.714286  48.216448  8.256333  6.572483  32.607425  42.990962  -25.710436  72.277620  103.498560
0.566434  0.000000  0.000000  0.000000  -50.243213  18.190014  24.285714  48.719143  1.834586  0.870141  32.607425  42.990962  -25.710436  72.277620  103.498560
0.566802  0.000000  0.000000  0.000000  -50.243213  18.190014  32.857143  48.581947  -4.605186  -4.791256  32.607425  42.990962  -25.710436  72.277620  103.498560
0.567170  0.000000  0.000000  0.000000  -50.243213  18.190014  41.428571  47.797490  -10.999398  -10.555984  32.607425  42.990962  -25.710436  72.277620  103.498560
0.567538  0.000000  0.000000  0.000000  -50.243213  18.190014  50.000000  46.323705  -17.280277  -16.574644  32.607425  42.990962  -25.710436  72.277620  103.498560
0.567906  0.000000  0.000000  0.000000  -50.915010  20.613329  -10.000000  42.183980  32.185392  33.358944  112.846440  17.206618  -59.767980  53.695994  107.657277
0.568274  0.000000  0.000000  0.000000  -50.915010  20.613329  -1.428571  45.643141  26.232018  26.286794  112.846440  17.206618  -59.767980  53.695994  107.657277
0.568642  0.000000  0.000000  0.000000  -50.915010  20.613329  7.142857  48.146270  19.967083  19.921707  112.846440  17.206618  -59.767980  53.695994  107.657277
0.569010  0.000000  0.000000  0.000000  -50.915010  20.613329  15.714286  49.840018  13.492917  14.051906  112.846440  17.206618  -59.767980  53.695994  107.657277
0.569378  0.000000  0.000000  0.000000  -50.915010  20.613329  24.285714  50.825479  6.889678  8.495820  112.846440  17.206618  -59.767980  53.695994  107.657277
0.569746  0.000000  0.000000  0.000000  -50.915010  20.613329  32.857143  51.161443  0.224088  3.093505  112.846440  17.206618  -59.767980  53.695994  107.657277
0.570114  0.000000  0.000000  0.000000  -50.915010  20.613329  41.428571  50.867928  -6.443482  -2.303872  112.846440  17.206618  -59.767980  53.695994  107.657277
0.570482  0.000000  0.000000  0.000000  -50.915010  20.613329  50.000000  49.927481  -13.052890  -7.844809  112.846440  17.206618  -59.767980  53.695994  107.657277
0.570850  0.000000  0.000000  0.000000  -39.155967  2.520318  15.714286  64.871334  23.119398  9.578860  53.820822  -18.891722  -46.178305  31.996848  108.033767
0.571218  0.000000  0.000000  0.000000  -39.155967  2.520318  24.285714  66.113132  15.317257  5.816286  53.820822  -18.891722  -46.178305  31.996848  108.033767
0.571586  0.000000  0.000000  0.000000  -39.155967  2.520318  32.857143  66.803934  7.456747  2.326717  53.820822  -18.891722  -46.178305  31.996848  108.033767
0.571954  0.000000  0.000000  0.000000  -39.155967  2.520318  41.428571  67.010713  -0.430151  -1.038838  53.820822  -18.891722  -46.178305  31.996848  108.033767
0.572322  0.000000  0.000000  0.000000  -39.155967  2.520318  50.000000  66.752884  -8.315552  -4.411397  53.820822  -18.891722  -46.178305  31.996848  108.033767
0.572690  0.000000  0.000000  0.000000  -19.152976  22.582301  -10.000000  44.894762  18.975026  16.540685  -191.638591  31.170354  209.828647  64.404588  104.518226
0.573059  0.000000  0.000000  0.000000  -19.152976  22.582301  -1.428571  46.602055  12.829205  10.324194  -191.638591  31.170354  209.828647  64.404588  104.518226
0.573427  0.000000  0.000000  0.000000  -19.152976  22.582301  7.142857  47.599883  6.544499  4.408050  -191.638591  31.170354  209.828647  64.404588  104.518226
0.573795  0.000000  0.000000  0.000000  -19.152976  22.582301  15.714286  47.939598  0.192420  -1.359920  -191.638591  31.170354  209.828647  64.404588  104.518226
0.574163  0.000000  0.000000  0.000000  -19.152976  22.582301  24.285714  47.638783  -6.161626  -7.123613  -191.638591  31.170354  209.828647  64.404588  104.518226
0.574531  0.000000  0.000000  0.000000  -19.152976  22.582301  32.857143  46.681864  -12.452344  -13.026596  -191.638591  31.170354  209.828647  64.404588  104.518226
0.574899  0.000000  0.000000  0.000000  -19.152976  22.582301  41.428571  45.019567  -18.608799  -19.220348  -191.638591  31.170354  209.828647  64.404588  104.518226
0.575267  0.000000  0.000000  0.000000  -19.152976  22.582301  50.000000  42.567843  -24.547895  -25.871348  -191.638591  31.170354  209.828647  64.404588  104.518226
0.575635  0.000000  0.000000  0.000000  -30.270402  12.189820  24.285714  65.407973  13.027310  18.609032  62.136939  -11.431822  -35.042675  20.227219  101.889949
0.576003  0.000000  0.000000  0.000000  -30.270402  12.189820  32.857143  65.975463  5.213208  15.038216  62.136939  -11.431822  -35.042675  20.227219  101.889949
0.576371  0.000000  0.000000  0.000000  -30.270402  12.189820  41.428571  66.054471  -2.620490  11.555758  62.136939  -11.431822  -35.042675  20.227219  101.889949
0.576739  0.000000  0.000000  0.000000  -30.270402  12.189820  50.000000  65.652210  -10.444419  8.029233  62.136939  -11.431822  -35.042675  20.227219  101.889949
0.577107  0.000000  0.000000  0.000000  -15.326825  18.037468  -10.000000  34.820742  28.325108  24.306007  -27.170974  31.190927  -29.062714  18.489126  105.069243
0.577475  0.000000  0.000000  0.000000  -15.326825  18.037468  -1.428571  38.154714  23.219790  16.654959  -27.170974  31.190927  -29.062714  18.489126  105.069243
0.577843  0.000000  0.000000  0.000000  -15.326825  18.037468  7.142857  40.635610  17.772465  9.585513  -27.170974  31.190927  -29.062714  18.489126  105.069243
0.578211  0.000000  0.000000  0.000000  -15.326825  18.037468  15.714286  42.350751  12.087049  2.943400  -27.170974  31.190927  -29.062714  18.489126  105.069243
0.578579  0.000000  0.000000  0.000000  -15.326825  18.037468  24.285714  43.366806  6.250739  -3.418401  -27.170974  31.190927  -29.062714  18.489126  105.069243
0.578947  0.000000  0.000000  0.000000  -15.326825  18.037468  32.857143  43.725188  0.339745  -9.638695  -27.170974  31.190927  -29.062714  18.489126  105.069243
0.579315  0.000000  0.000000  0.000000  -15.326825  18.037468  41.428571  43.440773  -5.575230  -15.851382  -27.170974  31.190927  -29.062714  18.489126  105.069243
0.579683  0.000000  0.000000  0.000000  -15.326825  18.037468  50.000000  42.501770  -11.423818  -22.190011  -27.170974  31.190927  -29.062714  18.489126  105.069243
0.580052  0.000000  0.000000  0.000000  -29.083127  10.923735  -10.000000  45.627885  13.398630  10.695903  -7.184815  74.713071  -22.767480  73.575719  101.087608
0.580420  0.000000  0.000000  0.000000  -29.083127  10.923735  -1.428571  46.709124  7.209557  4.665395  -7.184815  74.713071  -22.767480  73.575719  101.087608
0.580788  0.000000  0.000000  0.000000  -29.083127  10.923735  7.142857  47.127161  0.943683  -1.201201  -7.184815  74.713071  -22.767480  73.575719  101.087608
0.581156  0.000000  0.000000  0.000000  -29.083127  10.923735  15.714286  46.902831  -5.332042  -7.046631  -7.184815  74.713071  -22.767480  73.575719  101.087608
0.581524  0.000000  0.000000  0.000000  -29.083127  10.923735  24.285714  46.024945  -11.551499  -13.012528  -7.184815  74.713071  -22.767480  73.575719  101.087608
0.581892  0.000000  0.000000  0.000000  -29.083127  10.923735  32.857143  44.450032  -17.643701  -19.246867  -7.184815  74.713071  -22.767480  73.575719  101.087608
0.582260  0.000000  0.000000  0.000000  -29.083127  10.923735  41.428571  42.101677  -23.526550  -25.910563  -7.184815  74.713071  -22.767480  73.575719  101.087608
0.582628  0.000000  0.000000  0.000000  -29.083127  10.923735  50.000000  38.871422  -29.099937  -33.181293  -7.184815  74.713071  -22.767480  73.575719  101.087608
0.582996  0.000000  0.000000  0.000000  -19.397010  8.805399  -1.428571  60.531862  36.776409  3.206057  -37.647051  44.871479  -5.378366  42.113881  104.793107
0.583364  0.000000  0.000000  0.000000  -19.397010  8.805399  7.142857  63.162842  29.213911  -1.612747  -37.647051  44.871479  -5.378366  42.113881  104.793107
0.583732  0.000000  0.000000  0.000000  -19.397010  8.805399  15.714286  64.943667  21.502795  -5.759970  -37.647051  44.871479  -5.378366  42.113881  104.793107
0.584100  0.000000  0.000000  0.000000  -19.397010  8.805399  24.285714  66.073077  13.699740  -9.485040  -37.647051  44.871479  -5.378366  42.113881  104.793107
0.584468  0.000000  0.000000  0.000000  -19.397010  8.805399  32.857143  66.665927  5.844563  -12.968665  -37.647051  44.871479  -5.378366  42.113881  104.793107
0.584836  0.000000  0.000000  0.000000  -19.397010  8.805399  41.428571  66.778896  -2.031454  -16.355185  -37.647051  44.871479  -5.378366  42.113881  104.793107
0.585204  0.000000  0.000000  0.000000  -19.397010  8.805399  50.000000  66.422500  -9.900315  -19.775067  -37.647051  44.871479  -5.378366  42.113881  104.793107
0.585572  0.000000  0.000000  0.000000  -47.514135  1.076377  -10.000000  57.260026  28.304290  10.004715  35.227033  31.213440  -27.623571  44.768079  103.424958
0.585940  0.000000  0.000000  0.000000  -47.514135  1.076377  -1.428571  59.331628  21.007005  5.051371  35.227033  31.213440  -27.623571  44.768079  103.424958
0.586308  0.000000  0.000000  0.000000  -47.514135  1.076377  7.142857  60.668474  13.579963  0.565790  35.227033  31.213440  -27.623571  44.768079  103.424958
0.586676  0.000000  0.000000  0.000000  -47.514135  1.076377  15.714286  61.389105  6.077707  -3.644818  35.227033  31.213440  -27.623571  44.768079  103.424958
0.587045  0.000000  0.000000  0.000000  -47.514135  1.076377  24.285714  61.554603  -1.456212  -7.738834  35.227033  31.213440  -27.623571  44.768079  103.424958
0.587413  0.000000  0.000000  0.000000  -47.514135  1.076377  32.857143  61.178683  -8.982645  -11.860445  35.227033  31.213440  -27.623571  44.768079  103.424958
0.587781  0.000000  0.000000  0.000000  -47.514135  1.076377  41.428571  60.230019  -16.461441  -16.157127  35.227033  31.213440  -27.623571  44.768079  103.424958
0.588149  0.000000  0.000000  0.000000  -47.514135  1.076377  50.000000  58.626985  -23.845689  -20.797932  35.227033  31.213440  -27.623571  44.768079  103.424958
0.588517  0.000000  0.000000  0.000000  -37.434166  16.417081  -10.000000  57.116707  17.109500  22.879211  7.397624  41.229125  -7.917752  24.300011  99.924783
0.588885  0.000000  0.000000  0.000000  -37.434166  16.417081  -1.428571  58.218195  9.862806  18.168012  7.397624  41.229125  -7.917752  24.300011  99.924783
0.589253  0.000000  0.000000  0.000000  -37.434166  16.417081  7.142857  58.706793  2.553605  13.661265  7.397624  41.229125  -7.917752  24.300011  99.924783
0.589621  0.000000  0.000000  0.000000  -37.434166  16.417081  15.714286  58.620366  -4.771194  9.205790  7.397624  41.229125  -7.917752  24.300011  99.924783
0.589989  0.000000  0.000000  0.000000  -37.434166  16.417081  24.285714  57.952239  -12.066664  4.653971  7.397624  41.229125  -7.917752  24.300011  99.924783
0.590357  0.000000  0.000000  0.000000  -37.434166  16.417081  32.857143  56.650361  -19.284109  -0.152290  7.397624  41.229125  -7.917752  24.300011  99.924783
0.590725  0.000000  0.000000  0.000000  -37.434166  16.417081  41.428571  54.609980  -26.364387  -5.399153  7.397624  41.229125  -7.917752  24.300011  99.924783
0.591093  0.000000  0.000000  0.000000  -37.434166  16.417081  50.000000  51.659527  -33.228815  -11.321978  7.397624  41.229125  -7.917752  24.300011  99.924783
0.591461  0.000000  0.000000  0.000000  -16.512966  1.983532  -10.000000  55.650824  31.595796  17.577825  -68.615390  18.869949  53.495839  75.048388  99.718205
0.591829  0.000000  0.000000  0.000000  -16.512966  1.983532  -1.428571  58.144972  24.409829  12.279027  -68.615390  18.869949  53.495839  75.048388  99.718205
0.592197  0.000000  0.000000  0.000000  -16.512966  1.983532  7.142857  59.820209  17.059603  7.559356  -68.615390  18.869949  53.495839  75.048388  99.718205
0.592565  0.000000  0.000000  0.000000  -16.512966  1.983532  15.714286  60.827945  9.608721  3.201128  -68.615390  18.869949  53.495839  75.048388  99.718205
0.592933  0.000000  0.000000  0.000000  -16.512966  1.983532  24.285714  61.254469  2.105656  -0.967792  -68.615390  18.869949  53.495839  75.048388  99.718205
0.593301  0.000000  0.000000  0.000000  -16.512966  1.983532  32.857143  61.135179  -5.408423  -5.096544  -68.615390  18.869949  53.495839  75.048388  99.718205
0.593669  0.000000  0.000000  0.000000  -16.512966  1.983532  41.428571  60.460249  -12.893894  -9.329422  -68.615390  18.869949  53.495839  75.048388  99.718205
0.594038  0.000000  0.000000  0.000000  -16.512966  1.983532  50.000000  59.173062  -20.307183  -13.823250  -68.615390  18.869949  53.495839  75.048388  99.718205
0.594406  0.000000  0.000000  0.000000  -20.655328  5.126391  -10.000000  54.241020  22.622799  9.376137  17.304888  28.352282  -4.897979  52.142113  106.047159
0.594774  0.000000  0.000000  0.000000  -20.655328  5.126391  -1.428571  55.943330  15.588521  4.188211  17.304888  28.352282  -4.897979  52.142113  106.047159
0.595142  0.000000  0.000000  0.000000  -20.655328  5.126391  7.142857  56.953451  8.440854  -0.652149  17.304888  28.352282  -4.897979  52.142113  106.047159
0.595510  0.000000  0.000000  0.000000  -20.655328  5.126391  15.714286  57.347750  1.236010  -5.315135  17.304888  28.352282  -4.897979  52.142113  106.047159
0.595878  0.000000  0.000000  0.000000  -20.655328  5.126391  24.285714  57.155448  -5.976970  -9.952771  17.304888  28.352282  -4.897979  52.142113  106.047159
0.596246  0.000000  0.000000  0.000000  -20.655328  5.126391  32.857143  56.362342  -13.150053  -14.714461  17.304888  28.352282  -4.897979  52.142113  106.047159
0.596614  0.000000  0.000000  0.000000  -20.655328  5.126391  41.428571  54.908971  -20.230253  -19.762338  17.304888  28.352282  -4.897979  52.142113  106.047159
0.596982  0.000000  0.000000  0.000000  -20.655328  5.126391  50.000000  52.683183  -27.152496  -25.288087  17.304888  28.352282  -4.897979  52.142113  106.047159
0.597350  0.000000  0.000000  0.000000  -25.867403  18.735867  -10.000000  39.816985  11.811840  17.311656  14.822039  47.041042  -6.571259  29.663132  103.389843
0.597718  0.000000  0.000000  0.000000  -25.867403  18.735867  -1.428571  40.857801  6.257413  10.698542  14.822039  47.041042  -6.571259  29.663132  103.389843
0.598086  0.000000  0.000000  0.000000  -25.867403  18.735867  7.142857  41.247052  0.622119  4.225665  14.822039  47.041042  -6.571259  29.663132  103.389843
0.598454  0.000000  0.000000  0.000000  -25.867403  18.735867  15.714286  40.998596  -5.021073  -2.233346  14.822039  47.041042  -6.571259  29.663132  103.389843
0.598822  0.000000  0.000000  0.000000  -25.867403  18.735867  24.285714  40.103570  -10.599754  -8.804602  14.822039  47.041042  -6.571259  29.663132  103.389843
0.599190  0.000000  0.000000  0.000000  -25.867403  18.735867  32.857143  38.530749  -16.037309  -15.616838  14.822039  47.041042  -6.571259  29.663132  103.389843
0.599558  0.000000  0.000000  0.000000  -25.867403  18.735867  41.428571  36.228439  -21.248140  -22.803133  14.822039  47.041042  -6.571259  29.663132  103.389843
0.599926  0.000000  0.000000  0.000000  -25.867403  18.735867  50.000000  33.129493  -26.133031  -30.499148  14.822039  47.041042  -6.571259  29.663132  103.389843
0.600294  0.000000  0.000000  0.000000  -37.762707  7.806625  -10.000000  49.487002  34.801106  28.209269  -17.421919  60.819248  0.239801  64.899442  105.884199
0.600662  0.000000  0.000000  0.000000  -37.762707  7.806625  -1.428571  52.784358  28.119445  21.906729  -17.421919  60.819248  0.239801  64.899442  105.884199
0.601031  0.000000  0.000000  0.000000  -37.762707  7.806625  7.142857  55.104090  21.184027  16.358933  -17.421919  60.819248  0.239801  64.899442  105.884199
0.601399  0.000000  0.000000  0.000000  -37.762707  7.806625  15.714286  56.635711  14.084090  11.315681  -17.421919  60.819248  0.239801  64.899442  105.884199
0.601767  0.000000  0.000000  0.000000  -37.762707  7.806625  24.285714  57.499718  6.885800  6.579782  -17.421919  60.819248  0.239801  64.899442  105.884199
0.602135  0.000000  0.000000  0.000000  -37.762707  7.806625  32.857143  57.761920  -0.357651  1.986470  -17.421919  60.819248  0.239801  64.899442  105.884199
0.602503  0.000000  0.000000  0.000000  -37.762707  7.806625  41.428571  57.441930  -7.598806  -2.614121  -17.421919  60.819248  0.239801  64.899442  105.884199
0.602871  0.000000  0.000000  0.000000  -37.762707  7.806625  50.000000  56.515788  -14.789903  -7.372628  -17.421919  60.819248  0.239801  64.899442  105.884199
0.603239  0.000000  0.000000  0.000000  -21.519868  21.344335  -10.000000  48.320269  15.219571  30.717872  -1.332624  29.089283  -7.126546  61.714967  107.278750
0.603607  0.000000  0.000000  0.000000  -21.519868  21.344335  -1.428571  49.518333  8.753000  24.962814  -1.332624  29.089283  -7.126546  61.714967  107.278750
0.603975  0.000000  0.000000  0.000000  -21.519868  21.344335  7.142857  50.050049  2.202544  19.406130  -1.332624  29.089283  -7.126546  61.714967  107.278750
0.604343  0.000000  0.000000  0.000000  -21.519868  21.344335  15.714286  49.945695  -4.368411  13.898319  -1.332624  29.089283  -7.126546  61.714967  107.278750
0.604711  0.000000  0.000000  0.000000  -21.519868  21.344335  24.285714  49.199351  -10.898476  8.293164  -1.332624  29.089283  -7.126546  61.714967  107.278750
0.605079  0.000000  0.000000  0.000000  -21.519868  21.344335  32.857143  47.768478  -17.322273  2.437922  -1.332624  29.089283  -7.126546  61.714967  107.278750
0.605447  0.000000  0.000000  0.000000  -21.519868  21.344335  41.428571  45.571833  -23.563874  -3.836380  -1.332624  29.089283  -7.126546  61.714967  107.278750
0.605815  0.000000  0.000000  0.000000  -21.519868  21.344335  50.000000  42.486832  -29.529146  -10.723124  -1.332624  29.089283  -7.126546  61.714967  107.278750
0.606183  0.000000  0.000000  0.000000  -46.539168  4.324606  -10.000000  50.866829  15.166790  10.068686  29.494172  49.418523  -14.023718  59.921980  99.626316
0.606551  0.000000  0.000000  0.000000  -46.539168  4.324606  -1.428571  51.986761  8.460362  4.611659  29.494172  49.418523  -14.023718  59.921980  99.626316
0.606919  0.000000  0.000000  0.000000  -46.539168  4.324606  7.142857  52.453571  1.680958  -0.657018  29.494172  49.418523  -14.023718  59.921980  99.626316
0.607287  0.000000  0.000000  0.000000  -46.539168  4.324606  15.714286  52.296530  -5.112543  -5.889075  29.494172  49.418523  -14.023718  59.921980  99.626316
0.607656  0.000000  0.000000  0.000000  -46.539168  4.324606  24.285714  51.505807  -11.862759  -11.233334  29.494172  49.418523  -14.023718  59.921980  99.626316
0.608024  0.000000  0.000000  0.000000  -46.539168  4.324606  32.857143  50.031656  -18.507696  -16.847488  29.494172  49.418523  -14.023718  59.921980  99.626316
0.608392  0.000000  0.000000  0.000000  -46.539168  4.324606  41.428571  47.780640  -24.973852  -22.910055  29.494172  49.418523  -14.023718  59.921980  99.626316
0.608760  0.000000  0.000000  0.000000  -46.539168  4.324606  50.000000  44.610202  -31.167796  -29.631767  29.494172  49.418523  -14.023718  59.921980  99.626316
0.609128  0.000000  0.000000  0.000000  -31.391938  22.512940  -10.000000  37.169113  35.940848  42.573321  186.341348  45.150798  -200.695529  63.281295  103.691905
0.609496  0.000000  0.000000  0.000000  -31.391938  22.512940  -1.428571  41.519102  30.496783  34.650832  186.341348  45.150798  -200.695529  63.281295  103.691905
0.609864  0.000000  0.000000  0.000000  -31.391938  22.512940  7.142857  44.789273  24.626021  27.599500  186.341348  45.150798  -200.695529  63.281295  103.691905
0.610232  0.000000  0.000000  0.000000  -31.391938  22.512940  15.714286  47.145630  18.456771  21.197038  186.341348  45.150798  -200.695529  63.281295  103.691905
0.610600  0.000000  0.000000  0.000000  -31.391938  22.512940  24.285714  48.716738  12.087933  15.246624  186.341348  45.150798  -200.695529  63.281295  103.691905
0.610968  0.000000  0.000000  0.000000  -31.391938  22.512940  32.857143  49.590564  5.598576  9.576162  186.341348  45.150798  -200.695529  63.281295  103.691905
0.611336  0.000000  0.000000  0.000000  -31.391938  22.512940  41.428571  49.816281  -0.944028  4.031073  186.341348  45.150798  -200.695529  63.281295  103.691905
0.611704  0.000000  0.000000  0.000000  -31.391938  22.512940  50.000000  49.406595  -7.477763  -1.534965  186.341348  45.150798  -200.695529  63.281295  103.691905
0.612072  0.000000  0.000000  0.000000  -18.956722  16.102808  -10.000000  43.334105  39.445825  13.009512  -26.749137  -11.803309  16.132807  54.010039  98.753288
0.612440  0.000000  0.000000  0.000000  -18.956722  16.102808  -1.428571  47.765851  33.316845  5.555546  -26.749137  -11.803309  16.132807  54.010039  98.753288
0.612808  0.000000  0.000000  0.000000  -18.956722  16.102808  7.142857  51.001642  26.802648  -0.888852  -26.749137  -11.803309  16.132807  54.010039  98.753288
0.613176  0.000000  0.000000  0.000000  -18.956722  16.102808  15.714286  53.284089  20.029035  -6.618224  -26.749137  -11.803309  16.132807  54.010039  98.753288
0.613544  0.000000  0.000000  0.000000  -18.956722  16.102808  24.285714  54.783611  13.086572  -11.867005  -26.749137  -11.803309  16.132807  54.010039  98.753288
0.613912  0.000000  0.000000  0.000000  -18.956722  16.102808  32.857143  55.609569  6.043985  -16.825153  -26.749137  -11.803309  16.132807  54.010039  98.753288
0.614280  0.000000  0.000000  0.000000  -18.956722  16.102808  41.428571  55.820849  -1.042343  -21.655023  -26.749137  -11.803309  16.132807  54.010039  98.753288
0.614649  0.000000  0.000000  0.000000  -18.956722  16.102808  50.000000  55.432311  -8.121236  -26.506753  -26.749137  -11.803309  16.132807  54.010039  98.753288
0.615017  0.000000  0.000000  0.000000  -29.500058  5.188285  7.142857  60.354923  30.036391  16.622397  -17.239515  6.185064  33.103629  64.916016  103.306670
0.615385  0.000000  0.000000  0.000000  -29.500058  5.188285  15.714286  62.386144  22.508532  12.045384  -17.239515  6.185064  33.103629  64.916016  103.306670
0.615753  0.000000  0.000000  0.000000  -29.500058  5.188285  24.285714  63.702766  14.864886  7.946694  -17.239515  6.185064  33.103629  64.916016  103.306670
0.616121  0.000000  0.000000  0.000000  -29.500058  5.188285  32.857143  64.433357  7.153576  4.130960  -17.239515  6.185064  33.103629  64.916016  103.306670
0.616489  0.000000  0.000000  0.000000  -29.500058  5.188285  41.428571  64.645105  -0.588073  0.442911  -17.239515  6.185064  33.103629  64.916016  103.306670
0.616857  0.000000  0.000000  0.000000  -29.500058  5.188285  50.000000  64.356898  -8.327275  -3.255427  -17.239515  6.185064  33.103629  64.916016  103.306670
0.617225  0.000000  0.000000  0.000000  -27.469488  13.320589  -10.000000  42.214354  20.861479  16.168711  33.258005  29.975037  -33.856958  73.242749  98.323227
0.617593  0.000000  0.000000  0.000000  -27.469488  13.320589  -1.428571  44.238286  14.984336  9.607081  33.258005  29.975037  -33.856958  73.242749  98.323227
0.617961  0.000000  0.000000  0.000000  -27.469488  13.320589  7.142857  45.526888  8.929806  3.401818  33.258005  29.975037  -33.856958  73.242749  98.323227
0.618329  0.000000  0.000000  0.000000  -27.469488  13.320589  15.714286  46.140212  2.775700  -2.598720  33.258005  29.975037  -33.856958  73.242749  98.323227
0.618697  0.000000  0.000000  0.000000  -27.469488  13.320589  24.285714  46.107347  -3.408456  -8.536809  33.258005  29.975037  -33.856958  73.242749  98.323227
0.619065  0.000000  0.000000  0.000000  -27.469488  13.320589  32.857143  45.426723  -9.555649  -14.551666  33.258005  29.975037  -33.856958  73.242749  98.323227
0.619433  0.000000  0.000000  0.000000  -27.469488  13.320589  41.428571  44.066101  -15.595785  -20.786247  33.258005  29.975037  -33.856958  73.242749  98.323227
0.619801  0.000000  0.000000  0.000000  -27.469488  13.320589  50.000000  41.962273  -21.449855  -27.393446  33.258005  29.975037  -33.856958  73.242749  98.323227
0.620169  0.000000  0.000000  0.000000  -44.226404  15.484913  -10.000000  41.453736  15.717487  13.496240  -38.344884  -17.534821  80.226231  46.774222  100.644523
0.620537  0.000000  0.000000  0.000000  -44.226404  15.484913  -1.428571  42.903866  9.955869  6.984108  -38.344884  -17.534821  80.226231  46.774222  100.644523
0.620905  0.000000  0.000000  0.000000  -44.226404  15.484913  7.142857  43.672971  4.072741  0.700530  -38.344884  -17.534821  80.226231  46.774222  100.644523
0.621273  0.000000  0.000000  0.000000  -44.226404  15.484913  15.714286  43.792888  -1.858443  -5.491320  -38.344884  -17.534821  80.226231  46.774222  100.644523
0.621642  0.000000  0.000000  0.000000  -44.226404  15.484913  24.285714  43.268641  -7.767812  -11.724896  -38.344884  -17.534821  80.226231  46.774222  100.644523
0.622010  0.000000  0.000000  0.000000  -44.226404  15.484913  32.857143  42.078385  -13.583876  -18.135218  -38.344884  -17.534821  80.226231  46.774222  100.644523
0.622378  0.000000  0.000000  0.000000  -44.226404  15.484913  41.428571  40.173738  -19.228204  -24.863401  -38.344884  -17.534821  80.226231  46.774222  100.644523
0.622746  0.000000  0.000000  0.000000  -44.226404  15.484913  50.000000  37.481574  -24.609890  -32.059173  -38.344884  -17.534821  80.226231  46.774222  100.644523
0.623114  0.000000  0.000000  0.000000  -34.775217  6.769092  -10.000000  52.784913  25.715427  20.187251  17.989605  -9.900371  30.800514  25.900586  98.807576
0.623482  0.000000  0.000000  0.000000  -34.775217  6.769092  -1.428571  54.859195  18.791048  14.723431  17.989605  -9.900371  30.800514  25.900586  98.807576
0.623850  0.000000  0.000000  0.000000  -34.775217  6.769092  7.142857  56.185087  11.720541  9.697093  17.989605  -9.900371  30.800514  25.900586  98.807576
0.624218  0.000000  0.000000  0.000000  -34.775217  6.769092  15.714286  56.862907  4.566785  4.924110  17.989605  -9.900371  30.800514  25.900586  98.807576
0.624586  0.000000  0.000000  0.000000  -34.775217  6.769092  24.285714  56.942667  -2.617883  0.245973  17.989605  -9.900371  30.800514  25.900586  98.807576
0.624954  0.000000  0.000000  0.000000  -34.775217  6.769092  32.857143  56.430183  -9.784932  -4.486274  17.989605  -9.900371  30.800514  25.900586  98.807576
0.625322  0.000000  0.000000  0.000000  -34.775217  6.769092  41.428571  55.287820  -16.883674  -9.427028  17.989605  -9.900371  30.800514  25.900586  98.807576
0.625690  0.000000  0.000000  0.000000  -34.775217  6.769092  50.000000  53.429835  -23.854853  -14.751761  17.989605  -9.900371  30.800514  25.900586  98.807576
0.626058  0.000000  0.000000  0.000000  -32.340681  20.936119  -10.000000  52.578827  20.217144  14.301627  3.481941  20.848715  -41.877169  63.289049  100.310020
0.626426  0.000000  0.000000  0.000000  -32.340681  20.936119  -1.428571  54.124144  13.334989  8.960918  3.481941  20.848715  -41.877169  63.289049  100.310020
0.626794  0.000000  0.000000  0.000000  -32.340681  20.936119  7.142857  54.988020  6.347409  3.919140  3.481941  20.848715  -41.877169  63.289049  100.310020
0.627162  0.000000  0.000000  0.000000  -32.340681  20.936119  15.714286  55.230833  -0.687589  -0.986717  3.481941  20.848715  -41.877169  63.289049  100.310020
0.627530  0.000000  0.000000  0.000000  -32.340681  20.936119  24.285714  54.869356  -7.717511  -5.907111  3.481941  20.848715  -41.877169  63.289049  100.310020
0.627898  0.000000  0.000000  0.000000  -32.340681  20.936119  32.857143  53.878584  -14.689346  -10.993817  3.481941  20.848715  -41.877169  63.289049  100.310020
0.628266  0.000000  0.000000  0.000000  -32.340681  20.936119  41.428571  52.189042  -21.543198  -16.413999  3.481941  20.848715  -41.877169  63.289049  100.310020
0.628635  0.000000  0.000000  0.000000  -32.340681  20.936119  50.000000  49.679707  -28.204790  -22.365259  3.481941  20.848715  -41.877169  63.289049  100.310020
0.629003  0.000000  0.000000  0.000000  -31.154268  15.955355  -10.000000  53.218037  37.975816  8.143510  46.452912  17.979346  -92.604748  46.541451  93.101888
0.629371  0.000000  0.000000  0.000000  -31.154268  15.955355  -1.428571  56.606755  30.954653  2.170294  46.452912  17.979346  -92.604748  46.541451  93.101888
0.629739  0.000000  0.000000  0.000000  -31.154268  15.955355  7.142857  58.972094  23.697034  -2.969355  46.452912  17.979346  -92.604748  46.541451  93.101888
0.630107  0.000000  0.000000  0.000000  -31.154268  15.955355  15.714286  60.545660  16.287865  -7.560036  46.452912  17.979346  -92.604748  46.541451  93.101888
0.630475  0.000000  0.000000  0.000000  -31.154268  15.955355  24.285714  61.471262  8.786970  -11.812945  46.452912  17.979346  -92.604748  46.541451  93.101888
0.630843  0.000000  0.000000  0.000000  -31.154268  15.955355  32.857143  61.829006  1.240355  -15.895810  46.452912  17.979346  -92.604748  46.541451  93.101888
0.631211  0.000000  0.000000  0.000000  -31.154268  15.955355  41.428571  61.648901  -6.312523  -19.955340  46.452912  17.979346  -92.604748  46.541451  93.101888
0.631579  0.000000  0.000000  0.000000  -31.154268  15.955355  50.000000  60.915941  -13.833051  -24.135342  46.452912  17.979346  -92.604748  46.541451  93.101888
0.631947  0.000000  0.000000  0.000000  -18.676763  17.152165  -10.000000  49.369991  19.623682  12.622936  10.693757  38.483154  -55.208616  56.704350  96.660196
0.632315  0.000000  0.000000  0.000000  -18.676763  17.152165  -1.428571  50.981340  13.035041  6.905697  10.693757  38.483154  -55.208616  56.704350  96.660196
0.632683  0.000000  0.000000  0.000000  -18.676763  17.152165  7.142857  51.894577  6.327682  1.488438  10.693757  38.483154  -55.208616  56.704350  96.660196
0.633051  0.000000  0.000000  0.000000  -18.676763  17.152165  15.714286  52.166537  -0.434301  -3.788981  10.693757  38.483154  -55.208616  56.704350  96.660196
0.633419  0.000000  0.000000  0.000000  -18.676763  17.152165  24.285714  51.814056  -7.192593  -9.075883  10.693757  38.483154  -55.208616  56.704350  96.660196
0.633787  0.000000  0.000000  0.000000  -18.676763  17.152165  32.857143  50.815300  -13.888498  -14.522314  10.693757  38.483154  -55.208616  56.704350  96.660196
0.634155  0.000000  0.000000  0.000000  -18.676763  17.152165  41.428571  49.108074  -20.456700  -20.290655  10.693757  38.483154  -55.208616  56.704350  96.660196
0.634523  0.000000  0.000000  0.000000  -18.676763  17.152165  50.000000  46.585523  -26.818030  -26.567176  10.693757  38.483154  -55.208616  56.704350  96.660196
0.634891  0.000000  0.000000  0.000000  -39.633738  18.119545  -1.428571  61.355780  6.519399  31.378988  -16.664192  14.163672  29.458702  70.220321  95.894007
0.635259  0.000000  0.000000  0.000000  -39.633738  18.119545  7.142857  61.553107  -1.013279  27.281282  -16.664192  14.163672  29.458702  70.220321  95.894007
0.635628  0.000000  0.000000  0.000000  -39.633738  18.119545  15.714286  61.209368  -8.540753  23.164384  -16.664192  14.163672  29.458702  70.220321  95.894007
0.635996  0.000000  0.000000  0.000000  -39.633738  18.119545  24.285714  60.295960  -16.023055  18.881462  -16.664192  14.163672  29.458702  70.220321  95.894007
0.636364  0.000000  0.000000  0.000000  -39.633738  18.119545  32.857143  58.734463  -23.413829  14.265286  -16.664192  14.163672  29.458702  70.220321  95.894007
0.636732  0.000000  0.000000  0.000000  -39.633738  18.119545  41.428571  56.383760  -30.653043  9.106398  -16.664192  14.163672  29.458702  70.220321  95.894007
0.637100  0.000000  0.000000  0.000000  -39.633738  18.119545  50.000000  53.016630  -37.655893  3.123887  -16.664192  14.163672  29.458702  70.220321  95.894007
0.637468  0.000000  0.000000  0.000000  -34.313631  16.770209  -10.000000  51.114039  6.703558  2.737600  107.334351  19.040447  -62.841540  62.237217  92.889043
0.637836  0.000000  0.000000  0.000000  -34.313631  16.770209  -1.428571  51.429250  0.011903  -2.631112  107.334351  19.040447  -62.841540  62.237217  92.889043
0.638204  0.000000  0.000000  0.000000  -34.313631  16.770209  7.142857  51.116281  -6.679861  -7.999559  107.334351  19.040447  -62.841540  62.237217  92.889043
0.638572  0.000000  0.000000  0.000000  -34.313631  16.770209  15.714286  50.156304  -13.311942  -13.516683  107.334351  19.040447  -62.841540  62.237217  92.889043
0.638940  0.000000  0.000000  0.000000  -34.313631  16.770209  24.285714  48.491365  -19.818404  -19.342386  107.334351  19.040447  -62.841540  62.237217  92.889043
0.639308  0.000000  0.000000  0.000000  -34.313631  16.770209  32.857143  46.020819  -26.120079  -25.658289  107.334351  19.040447  -62.841540  62.237217  92.889043
0.639676  0.000000  0.000000  0.000000  -34.313631  16.770209  41.428571  42.597517  -32.115866  -32.676977  107.334351  19.040447  -62.841540  62.237217  92.889043
0.640044  0.000000  0.000000  0.000000  -34.313631  16.770209  50.000000  38.029348  -37.671741  -40.644457  107.334351  19.040447  -62.841540  62.237217  92.889043
0.640412  0.000000  0.000000  0.000000  -32.116047  11.592810  -10.000000  38.489313  28.637809  14.399946  85.534442  18.020846  -36.927078  28.742356  92.491010
0.640780  0.000000  0.000000  0.000000  -32.116047  11.592810  -1.428571  41.676464  23.110541  7.113047  85.534442  18.020846  -36.927078  28.742356  92.491010
0.641148  0.000000  0.000000  0.000000  -32.116047  11.592810  7.142857  43.992752  17.275922  0.418231  85.534442  18.020846  -36.927078  28.742356  92.491010
0.641516  0.000000  0.000000  0.000000  -32.116047  11.592810  15.714286  45.541736  11.233449  -5.857858  85.534442  18.020846  -36.927078  28.742356  92.491010
0.641884  0.000000  0.000000  0.000000  -32.116047  11.592810  24.285714  46.396458  5.065165  -11.873319  85.534442  18.020846  -36.927078  28.742356  92.491010
0.642252  0.000000  0.000000  0.000000  -32.116047  11.592810  32.857143  46.598116  -1.157553  -17.774337  85.534442  18.020846  -36.927078  28.742356  92.491010
0.642621  0.000000  0.000000  0.000000  -32.116047  11.592810  41.428571  46.156520  -7.367958  -23.701334  85.534442  18.020846  -36.927078  28.742356  92.491010
0.642989  0.000000  0.000000  0.000000  -32.116047  11.592810  50.000000  45.050255  -13.498239  -29.796087  85.534442  18.020846  -36.927078  28.742356  92.491010
0.643357  0.000000  0.000000  0.000000  -32.581229  3.816590  -10.000000  43.739558  16.266979  8.497781  81.527012  8.006578  -23.095220  60.279217  94.093521
0.643725  0.000000  0.000000  0.000000  -32.581229  3.816590  -1.428571  45.184144  10.257073  2.215301  81.527012  8.006578  -23.095220  60.279217  94.093521
0.644093  0.000000  0.000000  0.000000  -32.581229  3.816590  7.142857  45.943040  4.131099  -3.830487  81.527012  8.006578  -23.095220  60.279217  94.093521
0.644461  0.000000  0.000000  0.000000  -32.581229  3.816590  15.714286  46.051916  -2.039960  -9.783088  81.527012  8.006578  -23.095220  60.279217  94.093521
0.644829  0.000000  0.000000  0.000000  -32.581229  3.816590  24.285714  45.515924  -8.188869  -15.781552  81.527012  8.006578  -23.095220  60.279217  94.093521
0.645197  0.000000  0.000000  0.000000  -32.581229  3.816590  32.857143  44.309785  -14.246564  -21.967141  81.527012  8.006578  -23.095220  60.279217  94.093521
0.645565  0.000000  0.000000  0.000000  -32.581229  3.816590  41.428571  42.377492  -20.136396  -28.489679  81.527012  8.006578  -23.095220  60.279217  94.093521
0.645933  0.000000  0.000000  0.000000  -32.581229  3.816590  50.000000  39.632797  -25.767920  -35.512099  81.527012  8.006578  -23.095220  60.279217  94.093521
0.646301  0.000000  0.000000  0.000000  -20.867905  20.718034  -10.000000  51.792254  33.359116  28.886259  11.611505  -6.586792  -25.960237  71.384703  101.156029
0.646669  0.000000  0.000000  0.000000  -20.867905  20.718034  -1.428571  54.748199  26.482552  22.974785  11.611505  -6.586792  -25.960237  71.384703  101.156029
0.647037  0.000000  0.000000  0.000000  -20.867905  20.718034  7.142857  56.792427  19.390487  17.742397  11.611505  -6.586792  -25.960237  71.384703  101.156029
0.647405  0.000000  0.000000  0.000000  -20.867905  20.718034  15.714286  58.097971  12.161448  12.952588  11.611505  -6.586792  -25.960237  71.384703  101.156029
0.647773  0.000000  0.000000  0.000000  -20.867905  20.718034  24.285714  58.770444  4.854394  8.418760  11.611505  -6.586792  -25.960237  71.384703  101.156029
0.648141  0.000000  0.000000  0.000000  -20.867905  20.718034  32.857143  58.862501  -2.482243  3.982716  11.611505  -6.586792  -25.960237  71.384703  101.156029
0.648509  0.000000  0.000000  0.000000  -20.867905  20.718034  41.428571  58.381256  -9.803861  -0.503023  11.611505  -6.586792  -25.960237  71.384703  101.156029
0.648877  0.000000  0.000000  0.000000  -20.867905  20.718034  50.000000  57.289270  -17.063923  -5.191363  11.611505  -6.586792  -25.960237  71.384703  101.156029
0.649245  0.000000  0.000000  0.000000  -34.114431  16.155311  -10.000000  55.005180  32.289404  9.438365  40.422763  14.518379  -106.702102  24.721744  99.440496
0.649614  0.000000  0.000000  0.000000  -34.114431  16.155311  -1.428571  57.615511  25.151570  4.019895  40.422763  14.518379  -106.702102  24.721744  99.440496
0.649982  0.000000  0.000000  0.000000  -34.114431  16.155311  7.142857  59.382635  17.838713  -0.790487  40.422763  14.518379  -106.702102  24.721744  99.440496
0.650350  0.000000  0.000000  0.000000  -34.114431  16.155311  15.714286  60.465877  10.417503  -5.216967  40.422763  14.518379  -106.702102  24.721744  99.440496
0.650718  0.000000  0.000000  0.000000  -34.114431  16.155311  24.285714  60.957741  2.938347  -9.435795  40.422763  14.518379  -106.702102  24.721744  99.440496
0.651086  0.000000  0.000000  0.000000  -34.114431  16.155311  32.857143  60.898815  -4.556476  -13.598132  40.422763  14.518379  -106.702102  24.721744  99.440496
0.651454  0.000000  0.000000  0.000000  -34.114431  16.155311  41.428571  60.284295  -12.026865  -17.848448  40.422763  14.518379  -106.702102  24.721744  99.440496
0.651822  0.000000  0.000000  0.000000  -34.114431  16.155311  50.000000  59.063164  -19.429361  -22.341661  40.422763  14.518379  -106.702102  24.721744  99.440496
0.652190  0.000000  0.000000  0.000000  -13.954616  10.402461  -10.000000  55.111662  26.873211  30.119710  -41.437644  84.270444  -24.972091  46.723632  96.323321
0.652558  0.000000  0.000000  0.000000  -13.954616  10.402461  -1.428571  57.173387  19.750003  24.922897  -41.437644  84.270444  -24.972091  46.723632  96.323321
0.652926  0.000000  0.000000  0.000000  -13.954616  10.402461  7.142857  58.494706  12.489892  20.176011  -41.437644  84.270444  -24.972091  46.723632  96.323321
0.653294  0.000000  0.000000  0.000000  -13.954616  10.402461  15.714286  59.184231  5.151346  15.690788  -41.437644  84.270444  -24.972091  46.723632  96.323321
0.653662  0.000000  0.000000  0.000000  -13.954616  10.402461  24.285714  59.296687  -2.217860  11.308632  -41.437644  84.270444  -24.972091  46.723632  96.323321
0.654030  0.000000  0.000000  0.000000  -13.954616  10.402461  32.857143  58.840859  -9.573983  6.882441  -41.437644  84.270444  -24.972091  46.723632  96.323321
0.654398  0.000000  0.000000  0.000000  -13.954616  10.402461  41.428571  57.780885  -16.871569  2.260217  -41.437644  84.270444  -24.972091  46.723632  96.323321
0.654766  0.000000  0.000000  0.000000  -13.954616  10.402461  50.000000  56.031038  -24.057329  -2.732096  -41.437644  84.270444  -24.972091  46.723632  96.323321
0.655134  0.000000  0.000000  0.000000  -28.620433  12.554179  -10.000000  38.104178  21.574417  13.704025  35.437226  27.162493  -8.910143  55.069725  99.215542
0.655502  0.000000  0.000000  0.000000  -28.620433  12.554179  -1.428571  40.376276  16.145228  6.690973  35.437226  27.162493  -8.910143  55.069725  99.215542
0.655870  0.000000  0.000000  0.000000  -28.620433  12.554179  7.142857  41.907739  10.499381  0.059958  35.437226  27.162493  -8.910143  55.069725  99.215542
0.656238  0.000000  0.000000  0.000000  -28.620433  12.554179  15.714286  42.755937  4.721131  -6.330186  35.437226  27.162493  -8.910143  55.069725  99.215542
0.656607  0.000000  0.000000  0.000000  -28.620433  12.554179  24.285714  42.954136  -1.114545  -12.614104  35.437226  27.162493  -8.910143  55.069725  99.215542
0.656975  0.000000  0.000000  0.000000  -28.620433  12.554179  32.857143  42.510213  -6.936779  -18.922982  35.437226  27.162493  -8.910143  55.069725  99.215542
0.657343  0.000000  0.000000  0.000000  -28.620433  12.554179  41.428571  41.406563  -12.673736  -25.388846  35.437226  27.162493  -8.910143  55.069725  99.215542
0.657711  0.000000  0.000000  0.000000  -28.620433  12.554179  50.000000  39.600491  -18.247528  -32.148587  35.437226  27.162493  -8.910143  55.069725  99.215542
0.658079  0.000000  0.000000  0.000000  -18.104877  8.261909  -10.000000  37.558181  16.448323  9.155323  55.302880  18.362127  -43.103418  25.050577  96.888099
0.658447  0.000000  0.000000  0.000000  -18.104877  8.261909  -1.428571  39.209622  11.119425  2.239478  55.302880  18.362127  -43.103418  25.050577  96.888099
0.658815  0.000000  0.000000  0.000000  -18.104877  8.261909  7.142857  40.182869  5.638457  -4.424431  55.302880  18.362127  -43.103418  25.050577  96.888099
0.659183  0.000000  0.000000  0.000000  -18.104877  8.261909  15.714286  40.509933  0.083212  -10.962706  55.302880  18.362127  -43.103418  25.050577  96.888099
0.659551  0.000000  0.000000  0.000000  -18.104877  8.261909  24.285714  40.201907  -5.473113  -17.499121  55.302880  18.362127  -43.103418  25.050577  96.888099
0.659919  0.000000  0.000000  0.000000  -18.104877  8.261909  32.857143  39.248342  -10.957392  -24.157457  55.302880  18.362127  -43.103418  25.050577  96.888099
0.660287  0.000000  0.000000  0.000000  -18.104877  8.261909  41.428571  37.617812  -16.292041  -31.063911  55.302880  18.362127  -43.103418  25.050577  96.888099
0.660655  0.000000  0.000000  0.000000  -18.104877  8.261909  50.000000  35.260246  -21.390408  -38.348060  55.302880  18.362127  -43.103418  25.050577  96.888099
0.661023  0.000000  0.000000  0.000000  -27.148605  11.759754  -10.000000  41.794118  25.766079  9.620143  -184.206487  34.147919  213.243407  63.935145  94.928265
0.661391  0.000000  0.000000  0.000000  -27.148605  11.759754  -1.428571  44.433802  19.900542  2.833388  -184.206487  34.147919  213.243407  63.935145  94.928265
0.661759  0.000000  0.000000  0.000000  -27.148605  11.759754  7.142857  46.261615  13.796567  -3.458097  -184.206487  34.147919  213.243407  63.935145  94.928265
0.662127  0.000000  0.000000  0.000000  -27.148605  11.759754  15.714286  47.368762  7.540951  -9.424313  -184.206487  34.147919  213.243407  63.935145  94.928265
0.662495  0.000000  0.000000  0.000000  -27.148605  11.759754  24.285714  47.811753  1.206898  -15.219073  -184.206487  34.147919  213.243407  63.935145  94.928265
0.662863  0.000000  0.000000  0.000000  -27.148605  11.759754  32.857143  47.613378  -5.139423  -20.986815  -184.206487  34.147919  213.243407  63.935145  94.928265
0.663232  0.000000  0.000000  0.000000  -27.148605  11.759754  41.428571  46.763450  -11.432947  -26.870412  -184.206487  34.147919  213.243407  63.935145  94.928265
0.663600  0.000000  0.000000  0.000000  -27.148605  11.759754  50.000000  45.218351  -17.603889  -33.019267  -184.206487  34.147919  213.243407  63.935145  94.928265
0.663968  0.000000  0.000000  0.000000  -39.830447  19.515879  -10.000000  47.951942  37.268022  25.306218  -42.455131  -18.741162  101.567408  43.427791  92.140325
0.664336  0.000000  0.000000  0.000000  -39.830447  19.515879  -1.428571  51.688245  30.710696  18.638886  -42.455131  -18.741162  101.567408  43.427791  92.140325
0.664704  0.000000  0.000000  0.000000  -39.830447  19.515879  7.142857  54.352794  23.856943  12.840443  -42.455131  -18.741162  101.567408  43.427791  92.140325
0.665072  0.000000  0.000000  0.000000  -39.830447  19.515879  15.714286  56.166259  16.808285  7.634414  -42.455131  -18.741162  101.567408  43.427791  92.140325
0.665440  0.000000  0.000000  0.000000  -39.830447  19.515879  24.285714  57.273533  9.638231  2.805960  -42.455131  -18.741162  101.567408  43.427791  92.140325
0.665808  0.000000  0.000000  0.000000  -39.830447  19.515879  32.857143  57.759982  2.403862  -1.819823  -42.455131  -18.741162  101.567408  43.427791  92.140325
0.666176  0.000000  0.000000  0.000000  -39.830447  19.515879  41.428571  57.662195  -4.845986  -6.396575  -42.455131  -18.741162  101.567408  43.427791  92.140325
0.666544  0.000000  0.000000  0.000000  -39.830447  19.515879  50.000000  56.972904  -12.064400  -11.072779  -42.455131  -18.741162  101.567408  43.427791  92.140325
0.666912  0.000000  0.000000  0.000000  -18.197188  20.756436  -10.000000  58.911468  11.785921  18.508720  7.487623  21.661395  14.503676  58.982414  97.667458
0.667280  0.000000  0.000000  0.000000  -18.197188  20.756436  -1.428571  59.536992  4.417850  14.081695  7.487623  21.661395  14.503676  58.982414  97.667458
0.667648  0.000000  0.000000  0.000000  -18.197188  20.756436  7.142857  59.591731  -2.975961  9.742332  7.487623  21.661395  14.503676  58.982414  97.667458
0.668016  0.000000  0.000000  0.000000  -18.197188  20.756436  15.714286  59.080012  -10.352510  5.344151  7.487623  21.661395  14.503676  58.982414  97.667458
0.668384  0.000000  0.000000  0.000000  -18.197188  20.756436  24.285714  57.961141  -17.666527  0.734058  7.487623  21.661395  14.503676  58.982414  97.667458
0.668752  0.000000  0.000000  0.000000  -18.197188  20.756436  32.857143  56.143368  -24.864260  -4.265249  7.487623  21.661395  14.503676  58.982414  97.667458
0.669120  0.000000  0.000000  0.000000  -18.197188  20.756436  41.428571  53.470465  -31.875192  -9.876542  7.487623  21.661395  14.503676  58.982414  97.667458
0.669488  0.000000  0.000000  0.000000  -18.197188  20.756436  50.000000  49.700580  -38.599688  -16.394578  7.487623  21.661395  14.503676  58.982414  97.667458
0.669856  0.000000  0.000000  0.000000  -24.210823  8.181570  -10.000000  49.815203  21.062375  18.423501  -4.976022  38.269895  12.254722  46.907853  101.267249
0.670225  0.000000  0.000000  0.000000  -24.210823  8.181570  -1.428571  51.556235  14.425084  12.724586  -4.976022  38.269895  12.254722  46.907853  101.267249
0.670593  0.000000  0.000000  0.000000  -24.210823  8.181570  7.142857  52.586319  7.659109  7.359558  -4.976022  38.269895  12.254722  46.907853  101.267249
0.670961  0.000000  0.000000  0.000000  -24.210823  8.181570  15.714286  52.971791  0.828912  2.163589  -4.976022  38.269895  12.254722  46.907853  101.267249
0.671329  0.000000  0.000000  0.000000  -24.210823  8.181570  24.285714  52.737263  -6.008082  -3.014407  -4.976022  38.269895  12.254722  46.907853  101.267249
0.671697  0.000000  0.000000  0.000000  -24.210823  8.181570  32.857143  51.867781  -12.795151  -8.324075  -4.976022  38.269895  12.254722  46.907853  101.267249
0.672065  0.000000  0.000000  0.000000  -24.210823  8.181570  41.428571  50.307488  -19.470172  -13.925771  -4.976022  38.269895  12.254722  46.907853  101.267249
0.672433  0.000000  0.000000  0.000000  -24.210823  8.181570  50.000000  47.955184  -25.958522  -20.003038  -4.976022  38.269895  12.254722  46.907853  101.267249
0.672801  0.000000  0.000000  0.000000  -32.070000  7.725769  -10.000000  43.336183  32.249660  18.844752  7.207762  12.244671  -61.121908  24.765126  97.710582
0.673169  0.000000  0.000000  0.000000  -32.070000  7.725769  -1.428571  46.730222  26.176923  11.906859  7.207762  12.244671  -61.121908  24.765126  97.710582
0.673537  0.000000  0.000000  0.000000  -32.070000  7.725769  7.142857  49.170776  19.805308  5.673329  7.207762  12.244671  -61.121908  24.765126  97.710582
0.673905  0.000000  0.000000  0.000000  -32.070000  7.725769  15.714286  50.808345  13.234475  -0.071810  7.207762  12.244671  -61.121908  24.765126  97.710582
0.674273  0.000000  0.000000  0.000000  -32.070000  7.725769  24.285714  51.744785  6.542160  -5.511594  7.207762  12.244671  -61.121908  24.765126  97.710582
0.674641  0.000000  0.000000  0.000000  -32.070000  7.725769  32.857143  52.038083  -0.207020  -10.806520  7.207762  12.244671  -61.121908  24.765126  97.710582
0.675009  0.000000  0.000000  0.000000  -32.070000  7.725769  41.428571  51.706297  -6.954432  -16.105968  7.207762  12.244671  -61.121908  24.765126  97.710582
0.675377  0.000000  0.000000  0.000000  -32.070000  7.725769  50.000000  50.728993  -13.641251  -21.559668  7.207762  12.244671  -61.121908  24.765126  97.710582
0.675745  0.000000  0.000000  0.000000  -18.117489  10.935558  -10.000000  44.499102  24.437987  25.910032  -36.705953  60.862869  -33.395983  74.886291  96.958779
0.676113  0.000000  0.000000  0.000000  -18.117489  10.935558  -1.428571  46.847070  18.299431  19.481209  -36.705953  60.862869  -33.395983  74.886291  96.958779
0.676481  0.000000  0.000000  0.000000  -18.117489  10.935558  7.142857  48.411903  11.960875  13.500189  -36.705953  60.862869  -33.395983  74.886291  96.958779
0.676849  0.000000  0.000000  0.000000  -18.117489  10.935558  15.714286  49.279832  5.501686  7.796269  -36.705953  60.862869  -33.395983  74.886291  96.958779
0.677218  0.000000  0.000000  0.000000  -18.117489  10.935558  24.285714  49.499021  -1.010479  2.215714  -36.705953  60.862869  -33.395983  74.886291  96.958779
0.677586  0.000000  0.000000  0.000000  -18.117489  10.935558  32.857143  49.081636  -7.513025  -3.387302  -36.705953  60.862869  -33.395983  74.886291  96.958779
0.677954  0.000000  0.000000  0.000000  -18.117489  10.935558  41.428571  48.004509  -13.942456  -9.160077  -36.705953  60.862869  -33.395983  74.886291  96.958779
0.678322  0.000000  0.000000  0.000000  -18.117489  10.935558  50.000000  46.207925  -20.228226  -15.260692  -36.705953  60.862869  -33.395983  74.886291  96.958779
0.678690  0.000000  0.000000  0.000000  -42.992707  -0.737713  -10.000000  51.580090  27.922507  17.142154  -5.140474  74.803213  -38.852384  19.747277  101.632252
0.679058  0.000000  0.000000  0.000000  -42.992707  -0.737713  -1.428571  53.949113  21.092193  11.445098  -5.140474  74.803213  -38.852384  19.747277  101.632252
0.679426  0.000000  0.000000  0.000000  -42.992707  -0.737713  7.142857  55.521033  14.088690  6.256633  -5.140474  74.803213  -38.852384  19.747277  101.632252
0.679794  0.000000  0.000000  0.000000  -42.992707  -0.737713  15.714286  56.414814  6.980976  1.380405  -5.140474  74.803213  -38.852384  19.747277  101.632252
0.680162  0.000000  0.000000  0.000000  -42.992707  -0.737713  24.285714  56.696225  -0.175273  -3.348826  -5.140474  74.803213  -38.852384  19.747277  101.632252
0.680530  0.000000  0.000000  0.000000  -42.992707  -0.737713  32.857143  56.385674  -7.330327  -8.081698  -5.140474  74.803213  -38.852384  19.747277  101.632252
0.680898  0.000000  0.000000  0.000000  -42.992707  -0.737713  41.428571  55.460635  -14.434314  -12.969172  -5.140474  74.803213  -38.852384  19.747277  101.632252
0.681266  0.000000  0.000000  0.000000  -42.992707  -0.737713  50.000000  53.852958  -21.431092  -18.177629  -5.140474  74.803213  -38.852384  19.747277  101.632252
0.681634  0.000000  0.000000  0.000000  -37.511740  20.191332  -10.000000  45.673853  29.671083  35.662186  -9.264528  50.300553  -25.216113  30.589144  100.956232
0.682002  0.000000  0.000000  0.000000  -37.511740  20.191332  -1.428571  48.590288  23.381420  29.147441  -9.264528  50.300553  -25.216113  30.589144  100.956232
0.682370  0.000000  0.000000  0.000000  -37.511740  20.191332  7.142857  50.628326  16.846901  23.235317  -9.264528  50.300553  -25.216113  30.589144  100.956232
0.682738  0.000000  0.000000  0.000000  -37.511740  20.191332  15.714286  51.918222  10.154693  17.723598  -9.264528  50.300553  -25.216113  30.589144  100.956232
0.683106  0.000000  0.000000  0.000000  -37.511740  20.191332  24.285714  52.542108  3.374330  12.439931  -9.264528  50.300553  -25.216113  30.589144  100.956232
0.683474  0.000000  0.000000  0.000000  -37.511740  20.191332  32.857143  52.539376  -3.434244  7.229877  -9.264528  50.300553  -25.216113  30.589144  100.956232
0.683842  0.000000  0.000000  0.000000  -37.511740  20.191332  41.428571  51.909865  -10.214100  1.944893  -9.264528  50.300553  -25.216113  30.589144  100.956232
0.684211  0.000000  0.000000  0.000000  -37.511740  20.191332  50.000000  50.613798  -16.905244  -3.569563  -9.264528  50.300553  -25.216113  30.589144  100.956232
0.684579  0.000000  0.000000  0.000000  -42.192029  10.700862  -10.000000  43.509426  33.745506  8.252425  123.442975  26.373493  -74.443336  44.279992  95.997579
0.684947  0.000000  0.000000  0.000000  -42.192029  10.700862  -1.428571  47.095617  27.644067  1.243499  123.442975  26.373493  -74.443336  44.279992  95.997579
0.685315  0.000000  0.000000  0.000000  -42.192029  10.700862  7.142857  49.686909  21.228335  -5.005554  123.442975  26.373493  -74.443336  44.279992  95.997579
0.685683  0.000000  0.000000  0.000000  -42.192029  10.700862  15.714286  51.450288  14.602114  -10.724204  123.442975  26.373493  -74.443336  44.279992  95.997579
0.686051  0.000000  0.000000  0.000000  -42.192029  10.700862  24.285714  52.499984  7.844967  -16.104144  123.442975  26.373493  -74.443336  44.279992  95.997579
0.686419  0.000000  0.000000  0.000000  -42.192029  10.700862  32.857143  52.903443  1.021753  -21.310642  123.442975  26.373493  -74.443336  44.279992  95.997579
0.686787  0.000000  0.000000  0.000000  -42.192029  10.700862  41.428571  52.686349  -5.809852  -26.494989  123.442975  26.373493  -74.443336  44.279992  95.997579
0.687155  0.000000  0.000000  0.000000  -42.192029  10.700862  50.000000  51.834909  -12.593076  -31.806637  123.442975  26.373493  -74.443336  44.279992  95.997579
0.687523  0.000000  0.000000  0.000000  -32.589080  16.790318  -10.000000  50.414125  19.057534  24.934219  52.209386  7.959040  -26.265665  61.466798  97.104516
0.687891  0.000000  0.000000  0.000000  -32.589080  16.790318  -1.428571  51.929248  12.374671  19.354312  52.209386  7.959040  -26.265665  61.466798  97.104516
0.688259  0.000000  0.000000  0.000000  -32.589080  16.790318  7.142857  52.758236  5.583854  14.055917  52.209386  7.959040  -26.265665  61.466798  97.104516
0.688627  0.000000  0.000000  0.000000  -32.589080  16.790318  15.714286  52.954287  -1.253287  8.879715  52.209386  7.959040  -26.265665  61.466798  97.104516
0.688995  0.000000  0.000000  0.000000  -32.589080  16.790318  24.285714  52.529901  -8.080155  3.676341  52.209386  7.959040  -26.265665  61.466798  97.104516
0.689363  0.000000  0.000000  0.000000  -32.589080  16.790318  32.857143  51.457975  -14.839047  -1.705778  52.209386  7.959040  -26.265665  61.466798  97.104516
0.689731  0.000000  0.000000  0.000000  -32.589080  16.790318  41.428571  49.669483  -21.464828  -7.432712  52.209386  7.959040  -26.265665  61.466798  97.104516
0.690099  0.000000  0.000000  0.000000  -32.589080  16.790318  50.000000  47.048241  -27.877370  -13.697508  52.209386  7.959040  -26.265665  61.466798  97.104516
0.690467  0.000000  0.000000  0.000000  -31.830904  -2.143978  -10.000000  57.882015  24.765897  10.819971  -156.221142  24.809482  174.781020  41.421221  95.120819
0.690835  0.000000  0.000000  0.000000  -31.830904  -2.143978  -1.428571  59.601525  17.434219  6.055724  -156.221142  24.809482  174.781020  41.421221  95.120819
0.691204  0.000000  0.000000  0.000000  -31.830904  -2.143978  7.142857  60.645611  9.998174  1.663708  -156.221142  24.809482  174.781020  41.421221  95.120819
0.691572  0.000000  0.000000  0.000000  -31.830904  -2.143978  15.714286  61.103557  2.507179  -2.530186  -156.221142  24.809482  174.781020  41.421221  95.120819
0.691940  0.000000  0.000000  0.000000  -31.830904  -2.143978  24.285714  61.013248  -4.997070  -6.676071  -156.221142  24.809482  174.781020  41.421221  95.120819
0.692308  0.000000  0.000000  0.000000  -31.830904  -2.143978  32.857143  60.367278  -12.474694  -10.918308  -156.221142  24.809482  174.781020  41.421221  95.120819
0.692676  0.000000  0.000000  0.000000  -31.830904  -2.143978  41.428571  59.111760  -19.882158  -15.412788  -156.221142  24.809482  174.781020  41.421221  95.120819
0.693044  0.000000  0.000000  0.000000  -31.830904  -2.143978  50.000000  57.137621  -27.165872  -20.346315  -156.221142  24.809482  174.781020  41.421221  95.120819
0.693412  0.000000  0.000000  0.000000  -32.743282  12.753998  -10.000000  44.772249  20.838285  16.112872  60.532049  11.677438  -15.813104  19.235238  96.396958
0.693780  0.000000  0.000000  0.000000  -32.743282  12.753998  -1.428571  46.692937  14.693933  9.833042  60.532049  11.677438  -15.813104  19.235238  96.396958
0.694148  0.000000  0.000000  0.000000  -32.743282  12.753998  7.142857  47.882530  8.390167  3.901778  60.532049  11.677438  -15.813104  19.235238  96.396958
0.694516  0.000000  0.000000  0.000000  -32.743282  12.753998  15.714286  48.403551  2.000693  -1.838336  60.532049  11.677438  -15.813104  19.235238  96.396958
0.694884  0.000000  0.000000  0.000000  -32.743282  12.753998  24.285714  48.283597  -4.408691  -7.533739  60.532049  11.677438  -15.813104  19.235238  96.396958
0.695252  0.000000  0.000000  0.000000  -32.743282  12.753998  32.857143  47.516296  -10.773949  -13.328136  60.532049  11.677438  -15.813104  19.235238  96.396958
0.695620  0.000000  0.000000  0.000000  -32.743282  12.753998  41.428571  46.061106  -17.027064  -19.371138  60.532049  11.677438  -15.813104  19.235238  96.396958
0.695988  0.000000  0.000000  0.000000  -32.743282  12.753998  50.000000  43.841970  -23.089643  -25.826274  60.532049  11.677438  -15.813104  19.235238  96.396958
0.696356  0.000000  0.000000  0.000000  -11.721287  7.549377  -10.000000  42.917789  12.226425  1.496797  25.409068  33.589079  9.596935  29.689604  95.665005
0.696724  0.000000  0.000000  0.000000  -11.721287  7.549377  -1.428571  43.936548  6.328112  -4.807993  25.409068  33.589079  9.596935  29.689604  95.665005
0.697092  0.000000  0.000000  0.000000  -11.721287  7.549377  7.142857  44.296546  0.355605  -10.969345  25.409068  33.589079  9.596935  29.689604  95.665005
0.697460  0.000000  0.000000  0.000000  -11.721287  7.549377  15.714286  44.013246  -5.621011  -17.122709  25.409068  33.589079  9.596935  29.689604  95.665005
0.697828  0.000000  0.000000  0.000000  -11.721287  7.549377  24.285714  43.074471  -11.531937  -23.403231  25.409068  33.589079  9.596935  29.689604  95.665005
0.698197  0.000000  0.000000  0.000000  -11.721287  7.549377  32.857143  41.440473  -17.302376  -29.950946  25.409068  33.589079  9.596935  29.689604  95.665005
0.698565  0.000000  0.000000  0.000000  -11.721287  7.549377  41.428571  39.044817  -22.846995  -36.914640  25.409068  33.589079  9.596935  29.689604  95.665005
0.698933  0.000000  0.000000  0.000000  -11.721287  7.549377  50.000000  35.797911  -28.063829  -44.452279  25.409068  33.589079  9.596935  29.689604  95.665005
0.699301  0.000000  0.000000  0.000000  -16.805885  11.636092  -10.000000  52.883622  28.885985  0.430628  44.932873  7.342063  -101.840578  37.655072  98.540879
0.699669  0.000000  0.000000  0.000000  -16.805885  11.636092  -1.428571  55.277247  21.938521  -5.133436  44.932873  7.342063  -101.840578  37.655072  98.540879
0.700037  0.000000  0.000000  0.000000  -16.805885  11.636092  7.142857  56.869826  14.821522  -10.171482  44.932873  7.342063  -101.840578  37.655072  98.540879
0.700405  0.000000  0.000000  0.000000  -16.805885  11.636092  15.714286  57.788712  7.602062  -14.885385  44.932873  7.342063  -101.840578  37.655072  98.540879
0.700773  0.000000  0.000000  0.000000  -16.805885  11.636092  24.285714  58.104813  0.333452  -19.442185  44.932873  7.342063  -101.840578  37.655072  98.540879
0.701141  0.000000  0.000000  0.000000  -16.805885  11.636092  32.857143  57.842075  -6.937254  -23.992227  44.932873  7.342063  -101.840578  37.655072  98.540879
0.701509  0.000000  0.000000  0.000000  -16.805885  11.636092  41.428571  56.980637  -14.163301  -28.685149  44.932873  7.342063  -101.840578  37.655072  98.540879
0.701877  0.000000  0.000000  0.000000  -16.805885  11.636092  50.000000  55.454143  -21.292210  -33.685767  44.932873  7.342063  -101.840578  37.655072  98.540879
0.702245  0.000000  0.000000  0.000000  -15.758350  20.970878  -10.000000  49.294721  7.496209  7.836075  14.771509  33.608076  -87.972878  44.135023  91.616740
0.702613  0.000000  0.000000  0.000000  -15.758350  20.970878  -1.428571  49.707664  0.973158  2.257274  14.771509  33.608076  -87.972878  44.135023  91.616740
0.702981  0.000000  0.000000  0.000000  -15.758350  20.970878  7.142857  49.484790  -5.559075  -3.299915  14.771509  33.608076  -87.972878  44.135023  91.616740
0.703349  0.000000  0.000000  0.000000  -15.758350  20.970878  15.714286  48.613610  -12.038215  -8.981647  14.771509  33.608076  -87.972878  44.135023  91.616740
0.703717  0.000000  0.000000  0.000000  -15.758350  20.970878  24.285714  47.045323  -18.396874  -14.942215  14.771509  33.608076  -87.972878  44.135023  91.616740
0.704085  0.000000  0.000000  0.000000  -15.758350  20.970878  32.857143  44.692637  -24.555864  -21.353183  14.771509  33.608076  -87.972878  44.135023  91.616740
0.704453  0.000000  0.000000  0.000000  -15.758350  20.970878  41.428571  41.427916  -30.416353  -28.410522  14.771509  33.608076  -87.972878  44.135023  91.616740
0.704821  0.000000  0.000000  0.000000  -15.758350  20.970878  50.000000  37.086711  -35.850362  -36.335102  14.771509  33.608076  -87.972878  44.135023  91.616740
0.705190  0.000000  0.000000  0.000000  -10.917300  18.105336  -10.000000  43.120153  30.979231  13.444981  -16.900956  21.265771  -53.020993  70.533206  98.020416
0.705558  0.000000  0.000000  0.000000  -10.917300  18.105336  -1.428571  46.358259  24.937878  6.554319  -16.900956  21.265771  -53.020993  70.533206  98.020416
0.705926  0.000000  0.000000  0.000000  -10.917300  18.105336  7.142857  48.675093  18.610002  0.323383  -16.900956  21.265771  -53.020993  70.533206  98.020416
0.706294  0.000000  0.000000  0.000000  -10.917300  18.105336  15.714286  50.208030  12.092204  -5.453212  -16.900956  21.265771  -53.020993  70.533206  98.020416
0.706662  0.000000  0.000000  0.000000  -10.917300  18.105336  24.285714  51.049065  5.460906  -10.951868  -16.900956  21.265771  -53.020993  70.533206  98.020416
0.707030  0.000000  0.000000  0.000000  -10.917300  18.105336  32.857143  51.248556  -1.219241  -16.329367  -16.900956  21.265771  -53.020993  70.533206  98.020416
0.707398  0.000000  0.000000  0.000000  -10.917300  18.105336  41.428571  50.818424  -7.888607  -21.733679  -16.900956  21.265771  -53.020993  70.533206  98.020416
0.707766  0.000000  0.000000  0.000000  -10.917300  18.105336  50.000000  49.732963  -14.486453  -27.314743  -16.900956  21.265771  -53.020993  70.533206  98.020416
0.708134  0.000000  0.000000  0.000000  -33.241356  7.491830  -10.000000  53.565223  2.129239  3.478606  0.996967  67.822158  -44.629305  60.251057  97.683816
0.708502  0.000000  0.000000  0.000000  -33.241356  7.491830  -1.428571  53.447681  -4.766085  -1.617374  0.996967  67.822158  -44.629305  60.251057  97.683816
0.708870  0.000000  0.000000  0.000000  -33.241356  7.491830  7.142857  52.704761  -11.623148  -6.816726  0.996967  67.822158  -44.629305  60.251057  97.683816
0.709238  0.000000  0.000000  0.000000  -33.241356  7.491830  15.714286  51.287687  -18.382468  -12.277489  0.996967  67.822158  -44.629305  60.251057  97.683816
0.709606  0.000000  0.000000  0.000000  -33.241356  7.491830  24.285714  49.102285  -24.973505  -18.179448  0.996967  67.822158  -44.629305  60.251057  97.683816
0.709974  0.000000  0.000000  0.000000  -33.241356  7.491830  32.857143  46.002054  -31.305982  -24.737375  0.996967  67.822158  -44.629305  60.251057  97.683816
0.710342  0.000000  0.000000  0.000000  -33.241356  7.491830  41.428571  41.782431  -37.258375  -32.211363  0.996967  67.822158  -44.629305  60.251057  97.683816
0.710710  0.000000  0.000000  0.000000  -10.824537  14.956453  -10.000000  46.488745  18.979157  16.192923  -29.883495  8.212849  27.076876  28.712760  94.686433
0.711078  0.000000  0.000000  0.000000  -10.824537  14.956453  -1.428571  48.139125  12.672418  10.155540  -29.883495  8.212849  27.076876  28.712760  94.686433
0.711446  0.000000  0.000000  0.000000  -10.824537  14.956453  7.142857  49.084605  6.236260  4.413403  -29.883495  8.212849  27.076876  28.712760  94.686433
0.711815  0.000000  0.000000  0.000000  -10.824537  14.956453  15.714286  49.377304  -0.260481  -1.188464  -29.883495  8.212849  27.076876  28.712760  94.686433
0.712183  0.000000  0.000000  0.000000  -10.824537  14.956453  24.285714  49.033399  -6.754730  -6.796127  -29.883495  8.212849  27.076876  28.712760  94.686433
0.712551  0.000000  0.000000  0.000000  -10.824537  14.956453  32.857143  48.033889  -13.183180  -12.556014  -29.883495  8.212849  27.076876  28.712760  94.686433
0.712919  0.000000  0.000000  0.000000  -10.824537  14.956453  41.428571  46.323679  -19.476255  -18.624210  -29.883495  8.212849  27.076876  28.712760  94.686433
0.713287  0.000000  0.000000  0.000000  -10.824537  14.956453  50.000000  43.809486  -25.551317  -25.174982  -29.883495  8.212849  27.076876  28.712760  94.686433
0.713655  0.000000  0.000000  0.000000  -26.571519  10.238257  -10.000000  56.437732  17.632625  8.554041  20.534774  28.072758  15.993609  23.666188  92.064060
0.714023  0.000000  0.000000  0.000000  -26.571519  10.238257  -1.428571  57.606243  10.437884  3.747969  20.534774  28.072758  15.993609  23.666188  92.064060
0.714391  0.000000  0.000000  0.000000  -26.571519  10.238257  7.142857  58.151220  3.174621  -0.838862  20.534774  28.072758  15.993609  23.666188  92.064060
0.714759  0.000000  0.000000  0.000000  -26.571519  10.238257  15.714286  58.114264  -4.108649  -5.361280  20.534774  28.072758  15.993609  23.666188  92.064060
0.715127  0.000000  0.000000  0.000000  -26.571519  10.238257  24.285714  57.492582  -11.365953  -9.967262  20.534774  28.072758  15.993609  23.666188  92.064060
0.715495  0.000000  0.000000  0.000000  -26.571519  10.238257  32.857143  56.238591  -18.548016  -14.813671  20.534774  28.072758  15.993609  23.666188  92.064060
0.715863  0.000000  0.000000  0.000000  -26.571519  10.238257  41.428571  54.253526  -25.595692  -20.083195  20.534774  28.072758  15.993609  23.666188  92.064060
0.716231  0.000000  0.000000  0.000000  -26.571519  10.238257  50.000000  51.374605  -32.431163  -26.004341  20.534774  28.072758  15.993609  23.666188  92.064060
0.716599  0.000000  0.000000  0.000000  -28.143684  7.401575  -10.000000  47.835868  33.036858  26.697895  -0.729757  29.819545  -15.981714  47.190584  92.221714
0.716967  0.000000  0.000000  0.000000  -28.143684  7.401575  -1.428571  51.031708  26.517863  20.278323  -0.729757  29.819545  -15.981714  47.190584  92.221714
0.717335  0.000000  0.000000  0.000000  -28.143684  7.401575  7.142857  53.282323  19.742992  14.563044  -0.729757  29.819545  -15.981714  47.190584  92.221714
0.717703  0.000000  0.000000  0.000000  -28.143684  7.401575  15.714286  54.755073  12.801885  9.320063  -0.729757  29.819545  -15.981714  47.190584  92.221714
0.718071  0.000000  0.000000  0.000000  -28.143684  7.401575  24.285714  55.556983  5.762760  4.360924  -0.729757  29.819545  -15.981714  47.190584  92.221714
0.718439  0.000000  0.000000  0.000000  -28.143684  7.401575  32.857143  55.745018  -1.318154  -0.475924  -0.729757  29.819545  -15.981714  47.190584  92.221714
0.718808  0.000000  0.000000  0.000000  -28.143684  7.401575  41.428571  55.332369  -8.389640  -5.340435  -0.729757  29.819545  -15.981714  47.190584  92.221714
0.719176  0.000000  0.000000  0.000000  -28.143684  7.401575  50.000000  54.289991  -15.399334  -10.385224  -0.729757  29.819545  -15.981714  47.190584  92.221714
0.719544  0.000000  0.000000  0.000000  -26.511173  -7.492615  -10.000000  57.210005  0.575955  3.600545  -12.316369  96.312439  -8.414120  67.722653  100.003190
0.719912  0.000000  0.000000  0.000000  -26.511173  -7.492615  -1.428571  56.963515  -6.623687  -1.060330  -12.316369  96.312439  -8.414120  67.722653  100.003190
0.720280  0.000000  0.000000  0.000000  -26.511173  -7.492615  7.142857  56.111439  -13.778627  -5.859377  -12.316369  96.312439  -8.414120  67.722653  100.003190
0.720648  0.000000  0.000000  0.000000  -26.511173  -7.492615  15.714286  54.590067  -20.834765  -10.960696  -12.316369  96.312439  -8.414120  67.722653  100.003190
0.721016  0.000000  0.000000  0.000000  -26.511173  -7.492615  24.285714  52.282235  -27.725232  -16.559340  -12.316369  96.312439  -8.414120  67.722653  100.003190
0.721384  0.000000  0.000000  0.000000  -26.511173  -7.492615  32.857143  49.004128  -34.360441  -22.900813  -12.316369  96.312439  -8.414120  67.722653  100.003190
0.721752  0.000000  0.000000  0.000000  -26.511173  -7.492615  41.428571  44.489892  -40.613625  -30.300931  -12.316369  96.312439  -8.414120  67.722653  100.003190
0.722120  0.000000  0.000000  0.000000  -19.443991  -2.450920  -10.000000  54.311971  2.279738  8.701114  -11.472654  66.089360  -50.775364  45.683999  96.947004
0.722488  0.000000  0.000000  0.000000  -19.443991  -2.450920  -1.428571  54.206792  -4.681862  3.696379  -11.472654  66.089360  -50.775364  45.683999  96.947004
0.722856  0.000000  0.000000  0.000000  -19.443991  -2.450920  7.142857  53.481725  -11.607206  -1.409060  -11.472654  66.089360  -50.775364  45.683999  96.947004
0.723224  0.000000  0.000000  0.000000  -19.443991  -2.450920  15.714286  52.087802  -18.438386  -6.773560  -11.472654  66.089360  -50.775364  45.683999  96.947004
0.723592  0.000000  0.000000  0.000000  -19.443991  -2.450920  24.285714  49.929542  -25.106554  -12.578073  -11.472654  66.089360  -50.775364  45.683999  96.947004
0.723960  0.000000  0.000000  0.000000  -19.443991  -2.450920  32.857143  46.856951  -31.523155  -19.040539  -11.472654  66.089360  -50.775364  45.683999  96.947004
0.724328  0.000000  0.000000  0.000000  -19.443991  -2.450920  41.428571  42.657898  -37.568083  -26.428230  -11.472654  66.089360  -50.775364  45.683999  96.947004
0.724696  0.000000  0.000000  0.000000  -19.443991  -2.450920  50.000000  37.061160  -43.074166  -35.058105  -11.472654  66.089360  -50.775364  45.683999  96.947004
0.725064  0.000000  0.000000  0.000000  -24.378888  -0.346341  -10.000000  49.371735  9.808069  13.331412  12.277895  54.575740  27.149552  64.808289  95.943341
0.725432  0.000000  0.000000  0.000000  -24.378888  -0.346341  -1.428571  50.008362  3.266673  7.753074  12.277895  54.575740  27.149552  64.808289  95.943341
0.725801  0.000000  0.000000  0.000000  -24.378888  -0.346341  7.142857  50.006511  -3.305199  2.247336  12.277895  54.575740  27.149552  64.808289  95.943341
0.726169  0.000000  0.000000  0.000000  -24.378888  -0.346341  15.714286  49.366048  -9.846223  -3.331879  12.277895  54.575740  27.149552  64.808289  95.943341
0.726537  0.000000  0.000000  0.000000  -24.378888  -0.346341  24.285714  48.050540  -16.292122  -9.135560  12.277895  54.575740  27.149552  64.808289  95.943341
0.726905  0.000000  0.000000  0.000000  -24.378888  -0.346341  32.857143  45.985156  -22.569140  -15.329478  12.277895  54.575740  27.149552  64.808289  95.943341
0.727273  0.000000  0.000000  0.000000  -24.378888  -0.346341  41.428571  43.054112  -28.586691  -22.102634  12.277895  54.575740  27.149552  64.808289  95.943341
0.727641  0.000000  0.000000  0.000000  -24.378888  -0.346341  50.000000  39.100798  -34.228123  -29.671615  12.277895  54.575740  27.149552  64.808289  95.943341
0.728009  0.000000  0.000000  0.000000  -40.249202  7.866182  -10.000000  60.283634  6.692929  16.680187  7.400533  26.270936  37.154530  53.466996  95.626330
0.728377  0.000000  0.000000  0.000000  -40.249202  7.866182  -1.428571  60.503383  -0.762809  12.442865  7.400533  26.270936  37.154530  53.466996  95.626330
0.728745  0.000000  0.000000  0.000000  -40.249202  7.866182  7.142857  60.169754  -8.214363  8.190769  7.400533  26.270936  37.154530  53.466996  95.626330
0.729113  0.000000  0.000000  0.000000  -40.249202  7.866182  15.714286  59.255722  -15.619600  3.775704  7.400533  26.270936  37.154530  53.466996  95.626330
0.729481  0.000000  0.000000  0.000000  -40.249202  7.866182  24.285714  57.685273  -22.930051  -0.969721  7.400533  26.270936  37.154530  53.466996  95.626330
0.729849  0.000000  0.000000  0.000000  -40.249202  7.866182  32.857143  55.321478  -30.083499  -6.252805  7.400533  26.270936  37.154530  53.466996  95.626330
0.730217  0.000000  0.000000  0.000000  -40.249202  7.866182  41.428571  51.945836  -36.993093  -12.347524  7.400533  26.270936  37.154530  53.466996  95.626330
0.730585  0.000000  0.000000  0.000000  -40.249202  7.866182  50.000000  47.229685  -43.530018  -19.627366  7.400533  26.270936  37.154530  53.466996  95.626330
0.730953  0.000000  0.000000  0.000000  -32.049104  -3.744909  -10.000000  51.395271  32.949970  13.137097  8.843667  16.633423  40.239292  35.901260  94.795871
0.731321  0.000000  0.000000  0.000000  -32.049104  -3.744909  -1.428571  54.332331  26.109919  7.192749  8.843667  16.633423  40.239292  35.901260  94.795871
0.731689  0.000000  0.000000  0.000000  -32.049104  -3.744909  7.142857  56.363103  19.053564  1.917474  8.843667  16.633423  40.239292  35.901260  94.795871
0.732057  0.000000  0.000000  0.000000  -32.049104  -3.744909  15.714286  57.656063  11.859733  -2.921727  8.843667  16.633423  40.239292  35.901260  94.795871
0.732425  0.000000  0.000000  0.000000  -32.049104  -3.744909  24.285714  58.314036  4.588006  -7.509947  8.843667  16.633423  40.239292  35.901260  94.795871
0.732794  0.000000  0.000000  0.000000  -32.049104  -3.744909  32.857143  58.387794  -2.712407  -12.005069  8.843667  16.633423  40.239292  35.901260  94.795871
0.733162  0.000000  0.000000  0.000000  -32.049104  -3.744909  41.428571  57.882963  -9.995955  -16.554967  8.843667  16.633423  40.239292  35.901260  94.795871
0.733530  0.000000  0.000000  0.000000  -32.049104  -3.744909  50.000000  56.760773  -17.214946  -21.313385  8.843667  16.633423  40.239292  35.901260  94.795871
0.733898  0.000000  0.000000  0.000000  -15.368999  20.800860  -10.000000  35.777865  32.801888  14.317026  37.772890  24.775135  -66.615090  45.881323  94.370578
0.734266  0.000000  0.000000  0.000000  -15.368999  20.800860  -1.428571  39.726191  27.544831  6.478909  37.772890  24.775135  -66.615090  45.881323  94.370578
0.734634  0.000000  0.000000  0.000000  -15.368999  20.800860  7.142857  42.700140  21.889569  -0.617301  37.772890  24.775135  -66.615090  45.881323  94.370578
0.735002  0.000000  0.000000  0.000000  -15.368999  20.800860  15.714286  44.826315  15.954085  -7.158712  37.772890  24.775135  -66.615090  45.881323  94.370578
0.735370  0.000000  0.000000  0.000000  -15.368999  20.800860  24.285714  46.203787  9.832900  -13.317466  37.772890  24.775135  -66.615090  45.881323  94.370578
0.735738  0.000000  0.000000  0.000000  -15.368999  20.800860  32.857143  46.899503  3.604481  -19.249922  37.772890  24.775135  -66.615090  45.881323  94.370578
0.736106  0.000000  0.000000  0.000000  -15.368999  20.800860  41.428571  46.947738  -2.661911  -25.101252  37.772890  24.775135  -66.615090  45.881323  94.370578
0.736474  0.000000  0.000000  0.000000  -15.368999  20.800860  50.000000  46.350912  -8.900325  -31.012396  37.772890  24.775135  -66.615090  45.881323  94.370578
0.736842  0.000000  0.000000  0.000000  -31.045938  14.545883  -10.000000  38.929729  26.631364  6.468241  54.994072  42.829804  -18.860922  64.868714  100.784417
0.737210  0.000000  0.000000  0.000000  -31.045938  14.545883  -1.428571  41.822374  21.070998  -0.669231  54.994072  42.829804  -18.860922  64.868714  100.784417
0.737578  0.000000  0.000000  0.000000  -31.045938  14.545883  7.142857  43.886536  15.234444  -7.279424  54.994072  42.829804  -18.860922  64.868714  100.784417
0.737946  0.000000  0.000000  0.000000  -31.045938  14.545883  15.714286  45.212491  9.215270  -13.526803  54.994072  42.829804  -18.860922  64.868714  100.784417
0.738314  0.000000  0.000000  0.000000  -31.045938  14.545883  24.285714  45.861028  3.092142  -19.562626  54.994072  42.829804  -18.860922  64.868714  100.784417
0.738682  0.000000  0.000000  0.000000  -31.045938  14.545883  32.857143  45.862454  -3.064808  -25.528832  54.994072  42.829804  -18.860922  64.868714  100.784417
0.739050  0.000000  0.000000  0.000000  -31.045938  14.545883  41.428571  45.216842  -9.188235  -31.564038  54.994072  42.829804  -18.860922  64.868714  100.784417
0.739418  0.000000  0.000000  0.000000  -31.045938  14.545883  50.000000  43.894005  -15.208051  -37.810158  54.994072  42.829804  -18.860922  64.868714  100.784417
0.739787  0.000000  0.000000  0.000000  -29.131417  18.974906  -10.000000  57.998102  12.039174  23.282679  20.548812  14.216331  6.365467  38.766913  97.914106
0.740155  0.000000  0.000000  0.000000  -29.131417  18.974906  -1.428571  58.663042  4.740230  18.736901  20.548812  14.216331  6.365467  38.766913  97.914106
0.740523  0.000000  0.000000  0.000000  -29.131417  18.974906  7.142857  58.746840  -2.587772  14.286759  20.548812  14.216331  6.365467  38.766913  97.914106
0.740891  0.000000  0.000000  0.000000  -29.131417  18.974906  15.714286  58.255943  -9.900012  9.784695  20.548812  14.216331  6.365467  38.766913  97.914106
0.741259  0.000000  0.000000  0.000000  -29.131417  18.974906  24.285714  57.152293  -17.149635  5.077498  20.548812  14.216331  6.365467  38.766913  97.914106
0.741627  0.000000  0.000000  0.000000  -29.131417  18.974906  32.857143  55.347961  -24.281518  -0.010594  20.548812  14.216331  6.365467  38.766913  97.914106
0.741995  0.000000  0.000000  0.000000  -29.131417  18.974906  41.428571  52.693062  -31.224067  -5.697885  20.548812  14.216331  6.365467  38.766913  97.914106
0.742363  0.000000  0.000000  0.000000  -29.131417  18.974906  50.000000  48.957081  -37.877295  -12.269331  20.548812  14.216331  6.365467  38.766913  97.914106
0.742731  0.000000  0.000000  0.000000  -9.728760  0.154234  -10.000000  48.656854  30.616367  9.948727  -64.005015  11.884646  60.145509  68.398587  97.172388
0.743099  0.000000  0.000000  0.000000  -9.728760  0.154234  -1.428571  51.504554  24.035441  3.760256  -64.005015  11.884646  60.145509  68.398587  97.172388
0.743467  0.000000  0.000000  0.000000  -9.728760  0.154234  7.142857  53.473544  17.230561  -1.813723  -64.005015  11.884646  60.145509  68.398587  97.172388
0.743835  0.000000  0.000000  0.000000  -9.728760  0.154234  15.714286  54.706675  10.283359  -6.986379  -64.005015  11.884646  60.145509  68.398587  97.172388
0.744203  0.000000  0.000000  0.000000  -9.728760  0.154234  24.285714  55.291462  3.257737  -11.934309  -64.005015  11.884646  60.145509  68.398587  97.172388
0.744571  0.000000  0.000000  0.000000  -9.728760  0.154234  32.857143  55.268666  -3.791776  -16.813275  -64.005015  11.884646  60.145509  68.398587  97.172388
0.744939  0.000000  0.000000  0.000000  -9.728760  0.154234  41.428571  54.636722  -10.813437  -21.772612  -64.005015  11.884646  60.145509  68.398587  97.172388
0.745307  0.000000  0.000000  0.000000  -9.728760  0.154234  50.000000  53.351503  -17.752257  -26.969142  -64.005015  11.884646  60.145509  68.398587  97.172388
0.745675  0.000000  0.000000  0.000000  -18.881291  6.391329  -10.000000  56.825129  13.588256  2.508565  -45.306555  -10.684826  85.786307  72.483685  101.393647
0.746043  0.000000  0.000000  0.000000  -18.881291  6.391329  -1.428571  57.643160  6.376509  -2.198589  -45.306555  -10.684826  85.786307  72.483685  101.393647
0.746411  0.000000  0.000000  0.000000  -18.881291  6.391329  7.142857  57.863239  -0.876698  -6.774245  -45.306555  -10.684826  85.786307  72.483685  101.393647
0.746780  0.000000  0.000000  0.000000  -18.881291  6.391329  15.714286  57.501881  -8.124301  -11.367734  -45.306555  -10.684826  85.786307  72.483685  101.393647
0.747148  0.000000  0.000000  0.000000  -18.881291  6.391329  24.285714  56.531916  -15.318515  -16.130250  -45.306555  -10.684826  85.786307  72.483685  101.393647
0.747516  0.000000  0.000000  0.000000  -18.881291  6.391329  32.857143  54.878860  -22.404748  -21.230783  -45.306555  -10.684826  85.786307  72.483685  101.393647
0.747884  0.000000  0.000000  0.000000  -18.881291  6.391329  41.428571  52.411317  -29.313949  -26.874212  -45.306555  -10.684826  85.786307  72.483685  101.393647
0.748252  0.000000  0.000000  0.000000  -18.861189  14.507390  -10.000000  57.373597  1.774351  30.123465  -41.147751  16.549031  70.123070  32.134528  89.583044
0.748620  0.000000  0.000000  0.000000  -18.861189  14.507390  -1.428571  57.225041  -5.442472  25.493433  -41.147751  16.549031  70.123070  32.134528  89.583044
0.748988  0.000000  0.000000  0.000000  -18.861189  14.507390  7.142857  56.478558  -12.623136  20.750740  -41.147751  16.549031  70.123070  32.134528  89.583044
0.749356  0.000000  0.000000  0.000000  -18.861189  14.507390  15.714286  55.078222  -19.715287  15.734746  -41.147751  16.549031  70.123070  32.134528  89.583044
0.749724  0.000000  0.000000  0.000000  -18.861189  14.507390  24.285714  52.916094  -26.655171  10.256589  -41.147751  16.549031  70.123070  32.134528  89.583044
0.750092  0.000000  0.000000  0.000000  -18.861189  14.507390  32.857143  49.819530  -33.358220  4.079790  -41.147751  16.549031  70.123070  32.134528  89.583044
0.750460  0.000000  0.000000  0.000000  -18.861189  14.507390  41.428571  45.535122  -39.705419  -3.100535  -41.147751  16.549031  70.123070  32.134528  89.583044
0.750828  0.000000  0.000000  0.000000  -18.861189  14.507390  50.000000  39.719592  -45.523569  -11.670189  -41.147751  16.549031  70.123070  32.134528  89.583044
0.751196  0.000000  0.000000  0.000000  -38.551322  8.134089  -10.000000  48.087957  17.098397  10.299679  -0.498494  50.199095  -19.109339  46.875316  93.450054
0.751564  0.000000  0.000000  0.000000  -38.551322  8.134089  -1.428571  49.485220  10.644748  4.485536  -0.498494  50.199095  -19.109339  46.875316  93.450054
0.751932  0.000000  0.000000  0.000000  -38.551322  8.134089  7.142857  50.201194  4.088542  -1.085021  -0.498494  50.199095  -19.109339  46.875316  93.450054
0.752300  0.000000  0.000000  0.000000  -38.551322  8.134089  15.714286  50.277072  -2.505517  -6.564676  -0.498494  50.199095  -19.109339  46.875316  93.450054
0.752668  0.000000  0.000000  0.000000  -38.551322  8.134089  24.285714  49.717213  -9.076469  -12.099870  -0.498494  50.199095  -19.109339  46.875316  93.450054
0.753036  0.000000  0.000000  0.000000  -38.551322  8.134089  32.857143  48.489432  -15.561106  -17.840849  -0.498494  50.199095  -19.109339  46.875316  93.450054
0.753404  0.000000  0.000000  0.000000  -38.551322  8.134089  41.428571  46.523093  -21.887564  -23.951700  -0.498494  50.199095  -19.109339  46.875316  93.450054
0.753773  0.000000  0.000000  0.000000  -38.551322  8.134089  50.000000  43.706236  -27.968074  -30.619413  -0.498494  50.199095  -19.109339  46.875316  93.450054
0.754141  0.000000  0.000000  0.000000  -35.166422  6.700483  -10.000000  50.403469  12.824962  7.584623  -11.175071  66.549235  -33.756554  73.004918  88.217444
0.754509  0.000000  0.000000  0.000000  -35.166422  6.700483  -1.428571  51.310477  6.172043  2.101652  -11.175071  66.549235  -33.756554  73.004918  88.217444
0.754877  0.000000  0.000000  0.000000  -35.166422  6.700483  7.142857  51.573972  -0.535516  -3.244371  -11.175071  66.549235  -33.756554  73.004918  88.217444
0.755245  0.000000  0.000000  0.000000  -35.166422  6.700483  15.714286  51.209892  -7.238408  -8.602141  -11.175071  66.549235  -33.756554  73.004918  88.217444
0.755613  0.000000  0.000000  0.000000  -35.166422  6.700483  24.285714  50.196202  -13.876836  -14.121234  -11.175071  66.549235  -33.756554  73.004918  88.217444
0.755981  0.000000  0.000000  0.000000  -35.166422  6.700483  32.857143  48.471303  -20.384317  -19.963203  -11.175071  66.549235  -33.756554  73.004918  88.217444
0.756349  0.000000  0.000000  0.000000  -35.166422  6.700483  41.428571  45.930218  -26.680456  -26.312500  -11.175071  66.549235  -33.756554  73.004918  88.217444
0.756717  0.000000  0.000000  0.000000  -35.166422  6.700483  50.000000  42.420741  -32.662066  -33.385594  -11.175071  66.549235  -33.756554  73.004918  88.217444
0.757085  0.000000  0.000000  0.000000  -29.690004  13.109810  -10.000000  56.468181  14.311876  18.310704  19.198420  -4.402932  -3.813301  66.224439  86.365909
0.757453  0.000000  0.000000  0.000000  -29.690004  13.109810  -1.428571  57.355640  7.126248  13.551297  19.198420  -4.402932  -3.813301  66.224439  86.365909
0.757821  0.000000  0.000000  0.000000  -29.690004  13.109810  7.142857  57.638662  -0.106502  8.939912  19.198420  -4.402932  -3.813301  66.224439  86.365909
0.758189  0.000000  0.000000  0.000000  -29.690004  13.109810  15.714286  57.338369  -7.338567  4.326353  19.198420  -4.402932  -3.813301  66.224439  86.365909
0.758557  0.000000  0.000000  0.000000  -29.690004  13.109810  24.285714  56.432353  -14.522038  -0.439802  19.198420  -4.402932  -3.813301  66.224439  86.365909
0.758925  0.000000  0.000000  0.000000  -29.690004  13.109810  32.857143  54.851761  -21.602874  -5.524852  19.198420  -4.402932  -3.813301  66.224439  86.365909
0.759293  0.000000  0.000000  0.000000  -29.690004  13.109810  41.428571  52.472518  -28.513474  -11.128536  19.198420  -4.402932  -3.813301  66.224439  86.365909
0.759661  0.000000  0.000000  0.000000  -29.690004  13.109810  50.000000  49.100879  -35.162428  -17.504511  19.198420  -4.402932  -3.813301  66.224439  86.365909
0.760029  0.000000  0.000000  0.000000  -41.698754  17.856383  -10.000000  46.117032  -0.937707  11.657973  70.958636  25.048369  18.136101  47.457320  92.194517
0.760397  0.000000  0.000000  0.000000  -41.698754  17.856383  -1.428571  45.697248  -7.099421  5.681946  70.958636  25.048369  18.136101  47.457320  92.194517
0.760766  0.000000  0.000000  0.000000  -41.698754  17.856383  7.142857  44.614070  -13.182695  -0.455614  70.958636  25.048369  18.136101  47.457320  92.194517
0.761134  0.000000  0.000000  0.000000  -41.698754  17.856383  15.714286  42.816874  -19.112714  -6.902726  70.958636  25.048369  18.136101  47.457320  92.194517
0.761502  0.000000  0.000000  0.000000  -41.698754  17.856383  24.285714  40.224509  -24.802033  -13.819966  70.958636  25.048369  18.136101  47.457320  92.194517
0.761870  0.000000  0.000000  0.000000  -41.698754  17.856383  32.857143  36.728340  -30.143697  -21.381569  70.958636  25.048369  18.136101  47.457320  92.194517
0.762238  0.000000  0.000000  0.000000  -41.698754  17.856383  41.428571  32.203824  -35.004364  -29.767185  70.958636  25.048369  18.136101  47.457320  92.194517
0.762606  0.000000  0.000000  0.000000  -41.698754  17.856383  50.000000  26.539259  -39.219508  -39.135696  70.958636  25.048369  18.136101  47.457320  92.194517
0.762974  0.000000  0.000000  0.000000  -8.222582  -13.522021  -10.000000  48.688012  3.314964  1.475034  -9.301458  27.171609  33.967849  30.940870  88.210962
0.763342  0.000000  0.000000  0.000000  -8.222582  -13.522021  -1.428571  48.697206  -3.128950  -4.179980  -9.301458  27.171609  33.967849  30.940870  88.210962
0.763710  0.000000  0.000000  0.000000  -8.222582  -13.522021  7.142857  48.063949  -9.542087  -9.904971  -9.301458  27.171609  33.967849  30.940870  88.210962
0.764078  0.000000  0.000000  0.000000  -8.222582  -13.522021  15.714286  46.754194  -15.858214  -15.848369  -9.301458  27.171609  33.967849  30.940870  88.210962
0.764446  0.000000  0.000000  0.000000  -8.222582  -13.522021  24.285714  44.698078  -22.002018  -22.171417  -9.301458  27.171609  33.967849  30.940870  88.210962
0.764814  0.000000  0.000000  0.000000  -8.222582  -13.522021  32.857143  41.788468  -27.881991  -29.055248  -9.301458  27.171609  33.967849  30.940870  88.210962
0.765182  0.000000  0.000000  0.000000  -8.222582  -13.522021  41.428571  37.882963  -33.381983  -36.703053  -9.301458  27.171609  33.967849  30.940870  88.210962
0.765550  0.000000  0.000000  0.000000  -8.222582  -13.522021  50.000000  32.817244  -38.352172  -45.330161  -9.301458  27.171609  33.967849  30.940870  88.210962
0.765918  0.000000  0.000000  0.000000  -34.936824  5.199501  -10.000000  51.034026  32.714283  25.737610  -14.268057  14.493034  27.080419  18.788984  94.100772
0.766286  0.000000  0.000000  0.000000  -34.936824  5.199501  -1.428571  53.969173  25.907037  19.756647  -14.268057  14.493034  27.080419  18.788984  94.100772
0.766654  0.000000  0.000000  0.000000  -34.936824  5.199501  7.142857  55.999657  18.881671  14.440257  -14.268057  14.493034  27.080419  18.788984  94.100772
0.767022  0.000000  0.000000  0.000000  -34.936824  5.199501  15.714286  57.291327  11.717587  9.557441  -14.268057  14.493034  27.080419  18.788984  94.100772
0.767391  0.000000  0.000000  0.000000  -34.936824  5.199501  24.285714  57.945570  4.475023  4.923816  -14.268057  14.493034  27.080419  18.788984  94.100772
0.767759  0.000000  0.000000  0.000000  -34.936824  5.199501  32.857143  58.012286  -2.796100  0.381537  -14.268057  14.493034  27.080419  18.788984  94.100772
0.768127  0.000000  0.000000  0.000000  -34.936824  5.199501  41.428571  57.496510  -10.049468  -4.217573  -14.268057  14.493034  27.080419  18.788984  94.100772
0.768495  0.000000  0.000000  0.000000  -34.936824  5.199501  50.000000  56.359062  -17.236532  -9.027695  -14.268057  14.493034  27.080419  18.788984  94.100772
0.768863  0.000000  0.000000  0.000000  -22.435498  -1.893694  -10.000000  52.925846  30.520813  -0.700388  -29.564642  55.089326  -25.525851  28.867993  85.709182
0.769231  0.000000  0.000000  0.000000  -22.435498  -1.893694  -1.428571  55.489647  23.561986  -6.325675  -29.564642  55.089326  -25.525851  28.867993  85.709182
0.769599  0.000000  0.000000  0.000000  -22.435498  -1.893694  7.142857  57.220638  16.421483  -11.376050  -29.564642  55.089326  -25.525851  28.867993  85.709182
0.769967  0.000000  0.000000  0.000000  -22.435498  -1.893694  15.714286  58.261603  9.168943  -16.064450  -29.564642  55.089326  -25.525851  28.867993  85.709182
0.770335  0.000000  0.000000  0.000000  -22.435498  -1.893694  24.285714  58.694999  1.858508  -20.563571  -29.564642  55.089326  -25.525851  28.867993  85.709182
0.770703  0.000000  0.000000  0.000000  -22.435498  -1.893694  32.857143  58.554304  -5.463251  -25.025387  -29.564642  55.089326  -25.525851  28.867993  85.709182
0.771071  0.000000  0.000000  0.000000  -22.435498  -1.893694  41.428571  57.828727  -12.751297  -29.597856  -29.564642  55.089326  -25.525851  28.867993  85.709182
0.771439  0.000000  0.000000  0.000000  -22.435498  -1.893694  50.000000  56.461616  -19.956172  -34.440959  -29.564642  55.089326  -25.525851  28.867993  85.709182
0.771807  0.000000  0.000000  0.000000  -40.341228  13.096867  -10.000000  43.562168  10.402762  -0.963342  25.216141  61.096192  -73.628544  17.639468  85.094906
0.772175  0.000000  0.000000  0.000000  -40.341228  13.096867  -1.428571  44.367624  4.446428  -7.182174  25.216141  61.096192  -73.628544  17.639468  85.094906
0.772543  0.000000  0.000000  0.000000  -40.341228  13.096867  7.142857  44.522041  -1.561193  -13.300669  25.216141  61.096192  -73.628544  17.639468  85.094906
0.772911  0.000000  0.000000  0.000000  -40.341228  13.096867  15.714286  44.032090  -7.550931  -19.454248  25.216141  61.096192  -73.628544  17.639468  85.094906
0.773279  0.000000  0.000000  0.000000  -40.341228  13.096867  24.285714  42.876520  -13.452251  -25.779756  25.216141  61.096192  -73.628544  17.639468  85.094906
0.773647  0.000000  0.000000  0.000000  -40.341228  13.096867  32.857143  41.006148  -19.187813  -32.420641  25.216141  61.096192  -73.628544  17.639468  85.094906
0.774015  0.000000  0.000000  0.000000  -40.341228  13.096867  41.428571  38.345179  -24.667692  -39.530238  25.216141  61.096192  -73.628544  17.639468  85.094906
0.774384  0.000000  0.000000  0.000000  -40.341228  13.096867  50.000000  34.796283  -29.783268  -47.270473  25.216141  61.096192  -73.628544  17.639468  85.094906
0.774752  0.000000  0.000000  0.000000  -41.491842  15.304693  -10.000000  57.567634  11.843177  16.359569  2.221433  87.750344  -28.241024  35.016181  93.341941
0.775120  0.000000  0.000000  0.000000  -41.491842  15.304693  -1.428571  58.226174  4.578437  11.760197  2.221433  87.750344  -28.241024  35.016181  93.341941
0.775488  0.000000  0.000000  0.000000  -41.491842  15.304693  7.142857  58.299633  -2.715073  7.253880  2.221433  87.750344  -28.241024  35.016181  93.341941
0.775856  0.000000  0.000000  0.000000  -41.491842  15.304693  15.714286  57.793596  -9.991614  2.692634  2.221433  87.750344  -28.241024  35.016181  93.341941
0.776224  0.000000  0.000000  0.000000  -41.491842  15.304693  24.285714  56.669353  -17.203310  -2.077313  2.221433  87.750344  -28.241024  35.016181  93.341941
0.776592  0.000000  0.000000  0.000000  -41.491842  15.304693  32.857143  54.838521  -24.293789  -7.232328  2.221433  87.750344  -28.241024  35.016181  93.341941
0.776960  0.000000  0.000000  0.000000  -41.491842  15.304693  41.428571  52.151427  -31.189974  -12.990714  2.221433  87.750344  -28.241024  35.016181  93.341941
0.777328  0.000000  0.000000  0.000000  -41.491842  15.304693  50.000000  48.379392  -37.790116  -19.635864  2.221433  87.750344  -28.241024  35.016181  93.341941
0.777696  0.000000  0.000000  0.000000  -23.661978  19.867283  -10.000000  39.167923  11.819003  13.265448  -6.759465  74.094935  -21.372382  41.131791  87.501859
0.778064  0.000000  0.000000  0.000000  -23.661978  19.867283  -1.428571  40.223760  6.338045  6.588982  -6.759465  74.094935  -21.372382  41.131791  87.501859
0.778432  0.000000  0.000000  0.000000  -23.661978  19.867283  7.142857  40.629977  0.773625  0.054085  -6.759465  74.094935  -21.372382  41.131791  87.501859
0.778800  0.000000  0.000000  0.000000  -23.661978  19.867283  15.714286  40.400448  -4.800821  -6.463664  -6.759465  74.094935  -21.372382  41.131791  87.501859
0.779168  0.000000  0.000000  0.000000  -23.661978  19.867283  24.285714  39.527303  -10.312484  -13.088296  -6.759465  74.094935  -21.372382  41.131791  87.501859
0.779536  0.000000  0.000000  0.000000  -23.661978  19.867283  32.857143  37.981350  -15.684640  -19.946106  -6.759465  74.094935  -21.372382  41.131791  87.501859
0.779904  0.000000  0.000000  0.000000  -23.661978  19.867283  41.428571  35.714066  -20.831978  -27.166918  -6.759465  74.094935  -21.372382  41.131791  87.501859
0.780272  0.000000  0.000000  0.000000  -23.661978  19.867283  50.000000  32.662670  -25.656258  -34.882134  -6.759465  74.094935  -21.372382  41.131791  87.501859
0.780640  0.000000  0.000000  0.000000  -23.314345  14.921461  -10.000000  45.233125  30.703801  3.346650  -31.085906  43.170698  -40.515858  13.814690  91.532650
0.781008  0.000000  0.000000  0.000000  -23.314345  14.921461  -1.428571  48.305497  24.450932  -3.274257  -31.085906  43.170698  -40.515858  13.814690  91.532650
0.781377  0.000000  0.000000  0.000000  -23.314345  14.921461  7.142857  50.473093  17.937628  -9.255437  -31.085906  43.170698  -40.515858  13.814690  91.532650
0.781745  0.000000  0.000000  0.000000  -23.314345  14.921461  15.714286  51.875154  11.254620  -14.805557  -31.085906  43.170698  -40.515858  13.814690  91.532650
0.782113  0.000000  0.000000  0.000000  -23.314345  14.921461  24.285714  52.601511  4.473474  -20.101290  -31.085906  43.170698  -40.515858  13.814690  91.532650
0.782481  0.000000  0.000000  0.000000  -23.314345  14.921461  32.857143  52.698291  -2.345006  -25.299268  -31.085906  43.170698  -40.515858  13.814690  91.532650
0.782849  0.000000  0.000000  0.000000  -23.314345  14.921461  41.428571  52.171617  -9.144030  -30.548254  -31.085906  43.170698  -40.515858  13.814690  91.532650
0.783217  0.000000  0.000000  0.000000  -23.314345  14.921461  50.000000  50.988102  -15.864734  -36.001128  -31.085906  43.170698  -40.515858  13.814690  91.532650
0.783585  0.000000  0.000000  0.000000  -17.473342  -7.932002  -10.000000  52.398371  27.347722  8.719445  -29.527909  48.125485  -28.822687  23.730752  86.347037
0.783953  0.000000  0.000000  0.000000  -17.473342  -7.932002  -1.428571  54.660347  20.449025  3.149720  -29.527909  48.125485  -28.822687  23.730752  86.347037
0.784321  0.000000  0.000000  0.000000  -17.473342  -7.932002  7.142857  56.143609  13.388572  -1.934373  -29.527909  48.125485  -28.822687  23.730752  86.347037
0.784689  0.000000  0.000000  0.000000  -17.473342  -7.932002  15.714286  56.962058  6.232386  -6.725708  -29.527909  48.125485  -28.822687  23.730752  86.347037
0.785057  0.000000  0.000000  0.000000  -17.473342  -7.932002  24.285714  57.176761  -0.965847  -11.387194  -29.527909  48.125485  -28.822687  23.730752  86.347037
0.785425  0.000000  0.000000  0.000000  -17.473342  -7.932002  32.857143  56.803497  -8.157663  -16.068544  -29.527909  48.125485  -28.822687  23.730752  86.347037
0.785793  0.000000  0.000000  0.000000  -17.473342  -7.932002  41.428571  55.814765  -15.293815  -20.921473  -29.527909  48.125485  -28.822687  23.730752  86.347037
0.786161  0.000000  0.000000  0.000000  -17.473342  -7.932002  50.000000  54.136317  -22.318081  -26.115201  -29.527909  48.125485  -28.822687  23.730752  86.347037
0.786529  0.000000  0.000000  0.000000  -28.440993  8.394475  -10.000000  34.836076  1.215795  -0.374939  44.228034  34.364827  -36.970133  12.569751  89.823780
0.786897  0.000000  0.000000  0.000000  -28.440993  8.394475  -1.428571  34.684495  -3.677323  -7.416239  44.228034  34.364827  -36.970133  12.569751  89.823780
0.787265  0.000000  0.000000  0.000000  -28.440993  8.394475  7.142857  33.926923  -8.514507  -14.534798  44.228034  34.364827  -36.970133  12.569751  89.823780
0.787633  0.000000  0.000000  0.000000  -28.440993  8.394475  15.714286  32.548060  -13.219079  -21.833020  44.228034  34.364827  -36.970133  12.569751  89.823780
0.788001  0.000000  0.000000  0.000000  -28.440993  8.394475  24.285714  30.523102  -17.708955  -29.411452  44.228034  34.364827  -36.970133  12.569751  89.823780
0.788370  0.000000  0.000000  0.000000  -28.440993  8.394475  32.857143  27.823122  -21.894205  -37.364910  44.228034  34.364827  -36.970133  12.569751  89.823780
0.788738  0.000000  0.000000  0.000000  -28.440993  8.394475  41.428571  24.424443  -25.675653  -45.774739  44.228034  34.364827  -36.970133  12.569751  89.823780
0.789106  0.000000  0.000000  0.000000  -28.440993  8.394475  50.000000  20.323044  -28.945644  -54.695956  44.228034  34.364827  -36.970133  12.569751  89.823780
0.789474  0.000000  0.000000  0.000000  -29.911950  -12.554405  -10.000000  57.496472  17.981170  1.225956  -5.400018  18.107152  24.137248  33.673058  89.814779
0.789842  0.000000  0.000000  0.000000  -29.911950  -12.554405  -1.428571  58.657455  10.701926  -3.449167  -5.400018  18.107152  24.137248  33.673058  89.814779
0.790210  0.000000  0.000000  0.000000  -29.911950  -12.554405  7.142857  59.203900  3.356395  -7.903129  -5.400018  18.107152  24.137248  33.673058  89.814779
0.790578  0.000000  0.000000  0.000000  -29.911950  -12.554405  15.714286  59.178837  -4.009055  -12.290220  -5.400018  18.107152  24.137248  33.673058  89.814779
0.790946  0.000000  0.000000  0.000000  -29.911950  -12.554405  24.285714  58.580350  -11.350667  -16.757328  -5.400018  18.107152  24.137248  33.673058  89.814779
0.791314  0.000000  0.000000  0.000000  -29.911950  -12.554405  32.857143  57.361168  -18.621554  -21.460190  -5.400018  18.107152  24.137248  33.673058  89.814779
0.791682  0.000000  0.000000  0.000000  -29.911950  -12.554405  41.428571  55.421947  -25.765284  -26.581144  -5.400018  18.107152  24.137248  33.673058  89.814779
0.792050  0.000000  0.000000  0.000000  -11.048184  -5.823407  -10.000000  52.216715  6.963740  3.764067  -5.392078  12.259262  35.842633  54.786287  93.820516
0.792418  0.000000  0.000000  0.000000  -11.048184  -5.823407  -1.428571  52.543457  0.169758  -1.475201  -5.392078  12.259262  35.842633  54.786287  93.820516
0.792786  0.000000  0.000000  0.000000  -11.048184  -5.823407  7.142857  52.247926  -6.625640  -6.710777  -5.392078  12.259262  35.842633  54.786287  93.820516
0.793154  0.000000  0.000000  0.000000  -11.048184  -5.823407  15.714286  51.311560  -13.364714  -12.092481  -5.392078  12.259262  35.842633  54.786287  93.820516
0.793522  0.000000  0.000000  0.000000  -11.048184  -5.823407  24.285714  49.675192  -19.983682  -17.781727  -5.392078  12.259262  35.842633  54.786287  93.820516
0.793890  0.000000  0.000000  0.000000  -11.048184  -5.823407  32.857143  47.234643  -26.405540  -23.963490  -5.392078  12.259262  35.842633  54.786287  93.820516
0.794258  0.000000  0.000000  0.000000  -11.048184  -5.823407  41.428571  43.835261  -32.531071  -30.857461  -5.392078  12.259262  35.842633  54.786287  93.820516
0.794626  0.000000  0.000000  0.000000  -11.048184  -5.823407  50.000000  39.270605  -38.227054  -38.723421  -5.392078  12.259262  35.842633  54.786287  93.820516
0.794994  0.000000  0.000000  0.000000  -12.198231  18.443475  -10.000000  45.211686  15.226643  24.913223  -49.599544  15.294665  32.659093  28.320498  85.660242
0.795363  0.000000  0.000000  0.000000  -12.198231  18.443475  -1.428571  46.499192  9.069950  18.809540  -49.599544  15.294665  32.659093  28.320498  85.660242
0.795731  0.000000  0.000000  0.000000  -12.198231  18.443475  7.142857  47.111047  2.815581  12.913740  -49.599544  15.294665  32.659093  28.320498  85.660242
0.796099  0.000000  0.000000  0.000000  -12.198231  18.443475  15.714286  47.077746  -3.468214  7.081208  -49.599544  15.294665  32.659093  28.320498  85.660242
0.796467  0.000000  0.000000  0.000000  -12.198231  18.443475  24.285714  46.397628  -9.715714  1.170663  -49.599544  15.294665  32.659093  28.320498  85.660242
0.796835  0.000000  0.000000  0.000000  -12.198231  18.443475  32.857143  45.036835  -15.858050  -4.963310  -49.599544  15.294665  32.659093  28.320498  85.660242
0.797203  0.000000  0.000000  0.000000  -12.198231  18.443475  41.428571  42.928658  -21.817152  -11.477348  -49.599544  15.294665  32.659093  28.320498  85.660242
0.797571  0.000000  0.000000  0.000000  -12.198231  18.443475  50.000000  39.973581  -27.499111  -18.544304  -49.599544  15.294665  32.659093  28.320498  85.660242
0.797939  0.000000  0.000000  0.000000  -30.599941  7.061006  -10.000000  50.979670  29.838289  10.430988  30.795709  19.184371  -23.606571  14.653527  87.675703
0.798307  0.000000  0.000000  0.000000  -30.599941  7.061006  -1.428571  53.592666  23.051145  4.577855  30.795709  19.184371  -23.606571  14.653527  87.675703
0.798675  0.000000  0.000000  0.000000  -30.599941  7.061006  7.142857  55.365460  16.069610  -0.704086  30.795709  19.184371  -23.606571  14.653527  87.675703
0.799043  0.000000  0.000000  0.000000  -30.599941  7.061006  15.714286  56.434457  8.967480  -5.623526  30.795709  19.184371  -23.606571  14.653527  87.675703
0.799411  0.000000  0.000000  0.000000  -30.599941  7.061006  24.285714  56.879407  1.802858  -10.352642  30.795709  19.184371  -23.606571  14.653527  87.675703
0.799779  0.000000  0.000000  0.000000  -30.599941  7.061006  32.857143  56.732844  -5.373910  -15.044480  30.795709  19.184371  -23.606571  14.653527  87.675703
0.800147  0.000000  0.000000  0.000000  -30.599941  7.061006  41.428571  55.984121  -12.514032  -19.848381  30.795709  19.184371  -23.606571  14.653527  87.675703
0.800515  0.000000  0.000000  0.000000  -30.599941  7.061006  50.000000  54.577995  -19.564162  -24.924911  30.795709  19.184371  -23.606571  14.653527  87.675703
0.800883  0.000000  0.000000  0.000000  -40.328497  -6.717908  -10.000000  54.780750  15.384667  4.085115  -7.271292  62.099781  -11.506411  58.654264  87.082859
0.801251  0.000000  0.000000  0.000000  -40.328497  -6.717908  -1.428571  55.807489  8.333670  -0.898497  -7.271292  62.099781  -11.506411  58.654264  87.082859
0.801619  0.000000  0.000000  0.000000  -40.328497  -6.717908  7.142857  56.208797  1.222774  -5.704217  -7.271292  62.099781  -11.506411  58.654264  87.082859
0.801987  0.000000  0.000000  0.000000  -40.328497  -6.717908  15.714286  56.013389  -5.896678  -10.484417  -7.271292  62.099781  -11.506411  58.654264  87.082859
0.802356  0.000000  0.000000  0.000000  -40.328497  -6.717908  24.285714  55.207325  -12.974337  -15.389032  -7.271292  62.099781  -11.506411  58.654264  87.082859
0.802724  0.000000  0.000000  0.000000  -40.328497  -6.717908  32.857143  53.732402  -19.954830  -20.580069  -7.271292  62.099781  -11.506411  58.654264  87.082859
0.803092  0.000000  0.000000  0.000000  -40.328497  -6.717908  41.428571  51.479515  -26.770629  -26.247356  -7.271292  62.099781  -11.506411  58.654264  87.082859
0.803460  0.000000  0.000000  0.000000  -40.328497  -6.717908  50.000000  48.277475  -33.332660  -32.626036  -7.271292  62.099781  -11.506411  58.654264  87.082859
0.803828  0.000000  0.000000  0.000000  -25.267390  14.036610  -10.000000  55.460469  21.441196  20.343485  -36.414250  60.445676  -17.654139  13.547137  89.076188
0.804196  0.000000  0.000000  0.000000  -25.267390  14.036610  -1.428571  57.000101  14.311207  15.340387  -36.414250  60.445676  -17.654139  13.547137  89.076188
0.804564  0.000000  0.000000  0.000000  -25.267390  14.036610  7.142857  57.873216  7.083122  10.648449  -36.414250  60.445676  -17.654139  13.547137  89.076188
0.804932  0.000000  0.000000  0.000000  -25.267390  14.036610  15.714286  58.147188  -0.190496  6.102400  -36.414250  60.445676  -17.654139  13.547137  89.076188
0.805300  0.000000  0.000000  0.000000  -25.267390  14.036610  24.285714  57.842761  -7.462915  1.552492  -36.414250  60.445676  -17.654139  13.547137  89.076188
0.805668  0.000000  0.000000  0.000000  -25.267390  14.036610  32.857143  56.936873  -14.687249  -3.151416  -36.414250  60.445676  -17.654139  13.547137  89.076188
0.806036  0.000000  0.000000  0.000000  -25.267390  14.036610  41.428571  55.359532  -21.810451  -8.175883  -36.414250  60.445676  -17.654139  13.547137  89.076188
0.806404  0.000000  0.000000  0.000000  -25.267390  14.036610  50.000000  52.984531  -28.765905  -13.721957  -36.414250  60.445676  -17.654139  13.547137  89.076188
0.806772  0.000000  0.000000  0.000000  -10.169305  13.380191  -10.000000  49.876156  28.057515  7.013246  -24.011720  68.790734  -24.169128  33.380346  91.742819
0.807140  0.000000  0.000000  0.000000  -10.169305  13.380191  -1.428571  52.357825  21.378796  1.092857  -24.011720  68.790734  -24.169128  33.380346  91.742819
0.807508  0.000000  0.000000  0.000000  -10.169305  13.380191  7.142857  54.024173  14.510873  -4.302267  -24.011720  68.790734  -24.169128  33.380346  91.742819
0.807876  0.000000  0.000000  0.000000  -10.169305  13.380191  15.714286  54.995017  7.527274  -9.368947  -24.011720  68.790734  -24.169128  33.380346  91.742819
0.808244  0.000000  0.000000  0.000000  -10.169305  13.380191  24.285714  55.338634  0.487367  -14.273774  -24.011720  68.790734  -24.169128  33.380346  91.742819
0.808612  0.000000  0.000000  0.000000  -10.169305  13.380191  32.857143  55.078897  -6.556095  -19.168319  -24.011720  68.790734  -24.169128  33.380346  91.742819
0.808980  0.000000  0.000000  0.000000  -10.169305  13.380191  41.428571  54.197789  -13.550795  -24.203185  -24.011720  68.790734  -24.169128  33.380346  91.742819
0.809349  0.000000  0.000000  0.000000  -10.169305  13.380191  50.000000  52.633469  -20.438684  -29.542034  -24.011720  68.790734  -24.169128  33.380346  91.742819
0.809717  0.000000  0.000000  0.000000  -28.194838  17.368353  -10.000000  40.548577  14.267438  3.352481  -1.353509  73.987569  -31.289602  72.439317  87.561928
0.810085  0.000000  0.000000  0.000000  -28.194838  17.368353  -1.428571  41.856222  8.614914  -3.224767  -1.353509  73.987569  -31.289602  72.439317  87.561928
0.810453  0.000000  0.000000  0.000000  -28.194838  17.368353  7.142857  42.495303  2.854012  -9.606254  -1.353509  73.987569  -31.289602  72.439317  87.561928
0.810821  0.000000  0.000000  0.000000  -28.194838  17.368353  15.714286  42.490449  -2.941849  -15.923802  -1.353509  73.987569  -31.289602  72.439317  87.561928
0.811189  0.000000  0.000000  0.000000  -28.194838  17.368353  24.285714  41.841466  -8.701673  -22.307263  -1.353509  73.987569  -31.289602  72.439317  87.561928
0.811557  0.000000  0.000000  0.000000  -28.194838  17.368353  32.857143  40.523362  -14.351949  -28.888535  -1.353509  73.987569  -31.289602  72.439317  87.561928
0.811925  0.000000  0.000000  0.000000  -28.194838  17.368353  41.428571  38.487206  -19.811573  -35.804907  -1.353509  73.987569  -31.289602  72.439317  87.561928
0.812293  0.000000  0.000000  0.000000  -28.194838  17.368353  50.000000  35.663077  -24.986670  -43.199889  -1.353509  73.987569  -31.289602  72.439317  87.561928
0.812661  0.000000  0.000000  0.000000  -28.667375  -8.496675  -10.000000  57.718298  11.434574  0.955413  -4.852070  30.458742  -7.526693  24.497537  89.155653
0.813029  0.000000  0.000000  0.000000  -28.667375  -8.496675  -1.428571  58.340898  4.159341  -3.622306  -4.852070  30.458742  -7.526693  24.497537  89.155653
0.813397  0.000000  0.000000  0.000000  -28.667375  -8.496675  7.142857  58.380911  -3.141856  -8.115728  -4.852070  30.458742  -7.526693  24.497537  89.155653
0.813765  0.000000  0.000000  0.000000  -28.667375  -8.496675  15.714286  57.841353  -10.423503  -12.672650  -4.852070  30.458742  -7.526693  24.497537  89.155653
0.814133  0.000000  0.000000  0.000000  -28.667375  -8.496675  24.285714  56.680774  -17.637606  -17.447655  -4.852070  30.458742  -7.526693  24.497537  89.155653
0.814501  0.000000  0.000000  0.000000  -28.667375  -8.496675  32.857143  54.807494  -24.727303  -22.618962  -4.852070  30.458742  -7.526693  24.497537  89.155653
0.814869  0.000000  0.000000  0.000000  -28.667375  -8.496675  41.428571  52.067421  -31.618450  -28.408250  -4.852070  30.458742  -7.526693  24.497537  89.155653
0.815237  0.000000  0.000000  0.000000  -33.564742  9.084823  -10.000000  56.539815  -0.833958  2.390590  51.159508  18.265598  -28.195075  45.068194  86.962640
0.815605  0.000000  0.000000  0.000000  -33.564742  9.084823  -1.428571  56.173409  -7.973809  -2.369160  51.159508  18.265598  -28.195075  45.068194  86.962640
0.815974  0.000000  0.000000  0.000000  -33.564742  9.084823  7.142857  55.186967  -15.057440  -7.298032  51.159508  18.265598  -28.195075  45.068194  86.962640
0.816342  0.000000  0.000000  0.000000  -33.564742  9.084823  15.714286  53.508015  -22.027459  -12.564536  51.159508  18.265598  -28.195075  45.068194  86.962640
0.816710  0.000000  0.000000  0.000000  -33.564742  9.084823  24.285714  51.009711  -28.811955  -18.370506  51.159508  18.265598  -28.195075  45.068194  86.962640
0.817078  0.000000  0.000000  0.000000  -33.564742  9.084823  32.857143  47.498137  -35.313961  -24.969602  51.159508  18.265598  -28.195075  45.068194  86.962640
0.817446  0.000000  0.000000  0.000000  -14.198682  14.583059  -10.000000  58.131831  7.192231  -3.959173  106.885435  22.903148  -90.804419  46.372675  85.586420
0.817814  0.000000  0.000000  0.000000  -14.198682  14.583059  -1.428571  58.411616  -0.101996  -8.472407  106.885435  22.903148  -90.804419  46.372675  85.586420
0.818182  0.000000  0.000000  0.000000  -14.198682  14.583059  7.142857  58.115645  -7.395583  -12.987709  106.885435  22.903148  -90.804419  46.372675  85.586420
0.818550  0.000000  0.000000  0.000000  -14.198682  14.583059  15.714286  57.221324  -14.642245  -17.654888  106.885435  22.903148  -90.804419  46.372675  85.586420
0.818918  0.000000  0.000000  0.000000  -14.198682  14.583059  24.285714  55.659014  -21.789631  -22.640153  106.885435  22.903148  -90.804419  46.372675  85.586420
0.819286  0.000000  0.000000  0.000000  -14.198682  14.583059  32.857143  53.302561  -28.771958  -28.144383  106.885435  22.903148  -90.804419  46.372675  85.586420
0.819654  0.000000  0.000000  0.000000  -34.252400  14.366108  -10.000000  42.528164  19.253974  0.349834  143.656381  34.141704  -108.518679  25.347176  91.050398
0.820022  0.000000  0.000000  0.000000  -34.252400  14.366108  -1.428571  44.352030  13.353753  -6.132001  143.656381  34.141704  -108.518679  25.347176  91.050398
0.820390  0.000000  0.000000  0.000000  -34.252400  14.366108  7.142857  45.460142  7.296833  -12.299996  143.656381  34.141704  -108.518679  25.347176  91.050398
0.820758  0.000000  0.000000  0.000000  -34.252400  14.366108  15.714286  45.903639  1.158588  -18.301834  143.656381  34.141704  -108.518679  25.347176  91.050398
0.821126  0.000000  0.000000  0.000000  -34.252400  14.366108  24.285714  45.703283  -4.992306  -24.277648  143.656381  34.141704  -108.518679  25.347176  91.050398
0.821494  0.000000  0.000000  0.000000  -34.252400  14.366108  32.857143  44.849680  -11.088190  -30.366307  143.656381  34.141704  -108.518679  25.347176  91.050398
0.821862  0.000000  0.000000  0.000000  -34.252400  14.366108  41.428571  43.303140  -17.056911  -36.711981  143.656381  34.141704  -108.518679  25.347176  91.050398
0.822230  0.000000  0.000000  0.000000  -34.252400  14.366108  50.000000  40.993648  -22.815871  -43.469647  143.656381  34.141704  -108.518679  25.347176  91.050398
0.822598  0.000000  0.000000  0.000000  -28.077402  17.594982  -10.000000  39.721410  9.451186  16.923225  49.761455  4.438064  -44.914744  64.787041  86.672607
0.822967  0.000000  0.000000  0.000000  -28.077402  17.594982  -1.428571  40.491499  3.923234  10.324978  49.761455  4.438064  -44.914744  64.787041  86.672607
0.823335  0.000000  0.000000  0.000000  -28.077402  17.594982  7.142857  40.620627  -1.655847  3.813958  49.761455  4.438064  -44.914744  64.787041  86.672607
0.823703  0.000000  0.000000  0.000000  -28.077402  17.594982  15.714286  40.113189  -7.213458  -2.733788  49.761455  4.438064  -44.914744  64.787041  86.672607
0.824071  0.000000  0.000000  0.000000  -28.077402  17.594982  24.285714  38.951930  -12.675653  -9.443029  49.761455  4.438064  -44.914744  64.787041  86.672607
0.824439  0.000000  0.000000  0.000000  -28.077402  17.594982  32.857143  37.098823  -17.962550  -16.441635  49.761455  4.438064  -44.914744  64.787041  86.672607
0.824807  0.000000  0.000000  0.000000  -28.077402  17.594982  41.428571  34.498174  -22.983738  -23.860738  49.761455  4.438064  -44.914744  64.787041  86.672607
0.825175  0.000000  0.000000  0.000000  -28.077402  17.594982  50.000000  31.083873  -27.634011  -31.830360  49.761455  4.438064  -44.914744  64.787041  86.672607
0.825543  0.000000  0.000000  0.000000  -25.408403  14.411524  -10.000000  55.112969  30.224188  27.528410  -28.082172  53.814196  -8.210981  34.442911  85.870406
0.825911  0.000000  0.000000  0.000000  -25.408403  14.411524  -1.428571  57.504361  23.086790  22.211306  -28.082172  53.814196  -8.210981  34.442911  85.870406
0.826279  0.000000  0.000000  0.000000  -25.408403  14.411524  7.142857  59.096857  15.789620  17.438175  -28.082172  53.814196  -8.210981  34.442911  85.870406
0.826647  0.000000  0.000000  0.000000  -25.408403  14.411524  15.714286  60.028927  8.395683  13.000438  -28.082172  53.814196  -8.210981  34.442911  85.870406
0.827015  0.000000  0.000000  0.000000  -25.408403  14.411524  24.285714  60.377866  0.953974  8.729886  -28.082172  53.814196  -8.210981  34.442911  85.870406
0.827383  0.000000  0.000000  0.000000  -25.408403  14.411524  32.857143  60.171886  -6.493000  4.477854  -28.082172  53.814196  -8.210981  34.442911  85.870406
0.827751  0.000000  0.000000  0.000000  -25.408403  14.411524  41.428571  59.394398  -13.903468  0.097850  -28.082172  53.814196  -8.210981  34.442911  85.870406
0.828119  0.000000  0.000000  0.000000  -25.408403  14.411524  50.000000  57.981469  -21.230706  -4.571557  -28.082172  53.814196  -8.210981  34.442911  85.870406
0.828487  0.000000  0.000000  0.000000  -31.105646  12.630346  -10.000000  49.029739  22.634174  27.752761  7.389661  11.730794  -21.492648  38.228756  89.661517
0.828855  0.000000  0.000000  0.000000  -31.105646  12.630346  -1.428571  50.968129  16.062179  21.916155  7.389661  11.730794  -21.492648  38.228756  89.661517
0.829223  0.000000  0.000000  0.000000  -31.105646  12.630346  7.142857  52.171273  9.342421  16.457834  7.389661  11.730794  -21.492648  38.228756  89.661517
0.829591  0.000000  0.000000  0.000000  -31.105646  12.630346  15.714286  52.716104  2.542603  11.208048  7.389661  11.730794  -21.492648  38.228756  89.661517
0.829960  0.000000  0.000000  0.000000  -31.105646  12.630346  24.285714  52.637244  -4.278313  6.013547  7.389661  11.730794  -21.492648  38.228756  89.661517
0.830328  0.000000  0.000000  0.000000  -31.105646  12.630346  32.857143  51.929666  -11.063575  0.725637  7.389661  11.730794  -21.492648  38.228756  89.661517
0.830696  0.000000  0.000000  0.000000  -31.105646  12.630346  41.428571  50.548400  -17.752645  -4.811955  7.389661  11.730794  -21.492648  38.228756  89.661517
0.831064  0.000000  0.000000  0.000000  -31.105646  12.630346  50.000000  48.404892  -24.274410  -10.775212  7.389661  11.730794  -21.492648  38.228756  89.661517
0.831432  0.000000  0.000000  0.000000  -40.092302  1.066436  -10.000000  56.768195  17.377863  11.296107  -4.873381  39.429147  -15.388974  18.275562  89.541237
0.831800  0.000000  0.000000  0.000000  -40.092302  1.066436  -1.428571  57.903856  10.157731  6.536234  -4.873381  39.429147  -15.388974  18.275562  89.541237
0.832168  0.000000  0.000000  0.000000  -40.092302  1.066436  7.142857  58.421176  2.872040  1.988366  -4.873381  39.429147  -15.388974  18.275562  89.541237
0.832536  0.000000  0.000000  0.000000  -40.092302  1.066436  15.714286  58.359920  -4.431475  -2.501521  -4.873381  39.429147  -15.388974  18.275562  89.541237
0.832904  0.000000  0.000000  0.000000  -40.092302  1.066436  24.285714  57.715421  -11.707358  -7.081228  -4.873381  39.429147  -15.388974  18.275562  89.541237
0.833272  0.000000  0.000000  0.000000  -40.092302  1.066436  32.857143  56.437919  -18.906614  -11.908207  -4.873381  39.429147  -15.388974  18.275562  89.541237
0.833640  0.000000  0.000000  0.000000  -40.092302  1.066436  41.428571  54.425750  -25.970098  -17.166817  -4.873381  39.429147  -15.388974  18.275562  89.541237
0.834008  0.000000  0.000000  0.000000  -40.092302  1.066436  50.000000  51.511892  -32.819569  -23.088857  -4.873381  39.429147  -15.388974  18.275562  89.541237
0.834376  0.000000  0.000000  0.000000  -25.362604  2.871424  -10.000000  42.564557  20.209334  3.911358  47.423501  12.054191  -53.249712  64.284293  94.501378
0.834744  0.000000  0.000000  0.000000  -25.362604  2.871424  -1.428571  44.498346  14.299112  -2.593158  47.423501  12.054191  -53.249712  64.284293  94.501378
0.835112  0.000000  0.000000  0.000000  -25.362604  2.871424  7.142857  45.705199  8.221461  -8.759272  47.423501  12.054191  -53.249712  64.284293  94.501378
0.835480  0.000000  0.000000  0.000000  -25.362604  2.871424  15.714286  46.241745  2.052833  -14.737495  47.423501  12.054191  -53.249712  64.284293  94.501378
0.835848  0.000000  0.000000  0.000000  -25.362604  2.871424  24.285714  46.133560  -4.137948  -20.669586  47.423501  12.054191  -53.249712  64.284293  94.501378
0.836216  0.000000  0.000000  0.000000  -25.362604  2.871424  32.857143  45.375461  -10.283858  -26.695000  47.423501  12.054191  -53.249712  64.284293  94.501378
0.836584  0.000000  0.000000  0.000000  -25.362604  2.871424  41.428571  43.931457  -16.314173  -32.957763  47.423501  12.054191  -53.249712  64.284293  94.501378
0.836953  0.000000  0.000000  0.000000  -25.362604  2.871424  50.000000  41.734433  -22.148493  -39.612558  47.423501  12.054191  -53.249712  64.284293  94.501378
0.837321  0.000000  0.000000  0.000000  -18.204851  12.246133  -10.000000  57.653030  16.044056  8.113633  12.251229  13.631344  2.597013  33.710472  88.146372
0.837689  0.000000  0.000000  0.000000  -18.204851  12.246133  -1.428571  58.649478  8.759044  3.485686  12.251229  13.631344  2.597013  33.710472  88.146372
0.838057  0.000000  0.000000  0.000000  -18.204851  12.246133  7.142857  59.045129  1.419991  -0.963022  12.251229  13.631344  2.597013  33.710472  88.146372
0.838425  0.000000  0.000000  0.000000  -18.204851  12.246133  15.714286  58.870849  -5.927567  -5.383415  12.251229  13.631344  2.597013  33.710472  88.146372
0.838793  0.000000  0.000000  0.000000  -18.204851  12.246133  24.285714  58.113103  -13.239165  -9.923350  12.251229  13.631344  2.597013  33.710472  88.146372
0.839161  0.000000  0.000000  0.000000  -18.204851  12.246133  32.857143  56.712055  -20.465647  -14.743873  12.251229  13.631344  2.597013  33.710472  88.146372
0.839529  0.000000  0.000000  0.000000  -18.204851  12.246133  41.428571  54.553046  -27.546254  -20.037526  12.251229  13.631344  2.597013  33.710472  88.146372
0.839897  0.000000  0.000000  0.000000  -18.204851  12.246133  50.000000  51.450877  -34.399005  -26.050656  12.251229  13.631344  2.597013  33.710472  88.146372
0.840265  0.000000  0.000000  0.000000  -41.758584  5.327018  -10.000000  58.119125  11.986051  17.584725  185.533718  7.086298  -142.330374  40.685479  94.307034
0.840633  0.000000  0.000000  0.000000  -41.758584  5.327018  -1.428571  58.777239  4.677913  13.054748  185.533718  7.086298  -142.330374  40.685479  94.307034
0.841001  0.000000  0.000000  0.000000  -41.758584  5.327018  7.142857  58.855596  -2.658719  8.618958  185.533718  7.086298  -142.330374  40.685479  94.307034
0.841369  0.000000  0.000000  0.000000  -41.758584  5.327018  15.714286  58.360247  -9.979251  4.129907  185.533718  7.086298  -142.330374  40.685479  94.307034
0.841737  0.000000  0.000000  0.000000  -41.758584  5.327018  24.285714  57.252686  -17.237034  -0.565603  185.533718  7.086298  -142.330374  40.685479  94.307034
0.842105  0.000000  0.000000  0.000000  -41.758584  5.327018  32.857143  55.444302  -24.377069  -5.643681  185.533718  7.086298  -142.330374  40.685479  94.307034
0.842473  0.000000  0.000000  0.000000  -41.758584  5.327018  41.428571  52.784197  -31.327844  -11.323349  185.533718  7.086298  -142.330374  40.685479  94.307034
0.842841  0.000000  0.000000  0.000000  -41.758584  5.327018  50.000000  49.040151  -37.989302  -17.891048  185.533718  7.086298  -142.330374  40.685479  94.307034
0.843209  0.000000  0.000000  0.000000  -24.974789  8.866283  -10.000000  45.389839  28.678322  13.808625  165.955946  26.955799  -178.888538  68.314170  94.534151
0.843577  0.000000  0.000000  0.000000  -24.974789  8.866283  -1.428571  48.200667  22.423163  7.307056  165.955946  26.955799  -178.888538  68.314170  94.534151
0.843946  0.000000  0.000000  0.000000  -24.974789  8.866283  7.142857  50.153178  15.930778  1.377371  165.955946  26.955799  -178.888538  68.314170  94.534151
0.844314  0.000000  0.000000  0.000000  -24.974789  8.866283  15.714286  51.368288  9.286783  -4.175559  165.955946  26.955799  -178.888538  68.314170  94.534151
0.844682  0.000000  0.000000  0.000000  -24.974789  8.866283  24.285714  51.921181  2.560343  -9.519941  165.955946  26.955799  -178.888538  68.314170  94.534151
0.845050  0.000000  0.000000  0.000000  -24.974789  8.866283  32.857143  51.845884  -4.188081  -14.808235  165.955946  26.955799  -178.888538  68.314170  94.534151
0.845418  0.000000  0.000000  0.000000  -24.974789  8.866283  41.428571  51.137776  -10.900364  -20.188586  165.955946  26.955799  -178.888538  68.314170  94.534151
0.845786  0.000000  0.000000  0.000000  -24.974789  8.866283  50.000000  49.753208  -17.514583  -25.816213  165.955946  26.955799  -178.888538  68.314170  94.534151
0.846154  0.000000  0.000000  0.000000  -29.571759  14.556826  -10.000000  57.029215  8.423338  -2.711724  115.232192  27.371115  -97.129247  61.266350  89.349219
0.846522  0.000000  0.000000  0.000000  -29.571759  14.556826  -1.428571  57.421044  1.212466  -7.365170  115.232192  27.371115  -97.129247  61.266350  89.349219
0.846890  0.000000  0.000000  0.000000  -29.571759  14.556826  7.142857  57.226975  -6.006354  -11.993771  115.232192  27.371115  -97.129247  61.266350  89.349219
0.847258  0.000000  0.000000  0.000000  -29.571759  14.556826  15.714286  56.432631  -13.185234  -16.746919  115.232192  27.371115  -97.129247  61.266350  89.349219
0.847626  0.000000  0.000000  0.000000  -29.571759  14.556826  24.285714  54.978359  -20.271307  -21.786796  115.232192  27.371115  -97.129247  61.266350  89.349219
0.847994  0.000000  0.000000  0.000000  -29.571759  14.556826  32.857143  52.751571  -27.199640  -27.305318  115.232192  27.371115  -97.129247  61.266350  89.349219
0.848362  0.000000  0.000000  0.000000  -15.679958  4.397180  -10.000000  48.031754  23.523157  7.775800  -4.611988  -3.951459  -10.686521  60.506940  88.519652
0.848730  0.000000  0.000000  0.000000  -15.679958  4.397180  -1.428571  50.110913  17.040972  1.792181  -4.611988  -3.951459  -10.686521  60.506940  88.519652
0.849098  0.000000  0.000000  0.000000  -15.679958  4.397180  7.142857  51.436623  10.395680  -3.784428  -4.611988  -3.951459  -10.686521  60.506940  88.519652
0.849466  0.000000  0.000000  0.000000  -15.679958  4.397180  15.714286  52.091723  3.658150  -9.126379  -4.611988  -3.951459  -10.686521  60.506940  88.519652
0.849834  0.000000  0.000000  0.000000  -15.679958  4.397180  24.285714  52.116927  -3.110579  -14.388167  -4.611988  -3.951459  -10.686521  60.506940  88.519652
0.850202  0.000000  0.000000  0.000000  -15.679958  4.397180  32.857143  51.513790  -9.852812  -19.718043  -4.611988  -3.951459  -10.686521  60.506940  88.519652
0.850570  0.000000  0.000000  0.000000  -15.679958  4.397180  41.428571  50.244863  -16.508033  -25.269553  -4.611988  -3.951459  -10.686521  60.506940  88.519652
0.850939  0.000000  0.000000  0.000000  -15.679958  4.397180  50.000000  48.230871  -23.006427  -31.213184  -4.611988  -3.951459  -10.686521  60.506940  88.519652
0.851307  0.000000  0.000000  0.000000  -25.306911  10.821124  -10.000000  50.907624  4.784309  5.016760  6.494329  62.863661  -4.513680  33.479552  88.771929
0.851675  0.000000  0.000000  0.000000  -25.306911  10.821124  -1.428571  51.044721  -1.879631  -0.378873  6.494329  62.863661  -4.513680  33.479552  88.771929
0.852043  0.000000  0.000000  0.000000  -25.306911  10.821124  7.142857  50.550445  -8.526796  -5.815932  6.494329  62.863661  -4.513680  33.479552  88.771929
0.852411  0.000000  0.000000  0.000000  -25.306911  10.821124  15.714286  49.395477  -15.095688  -11.444895  6.494329  62.863661  -4.513680  33.479552  88.771929
0.852779  0.000000  0.000000  0.000000  -25.306911  10.821124  24.285714  47.511110  -21.516810  -17.429904  6.494329  62.863661  -4.513680  33.479552  88.771929
0.853147  0.000000  0.000000  0.000000  -25.306911  10.821124  32.857143  44.785656  -27.705258  -23.958930  6.494329  62.863661  -4.513680  33.479552  88.771929
0.853515  0.000000  0.000000  0.000000  -25.306911  10.821124  41.428571  41.061931  -33.551538  -31.251172  6.494329  62.863661  -4.513680  33.479552  88.771929
0.853883  0.000000  0.000000  0.000000  -25.306911  10.821124  50.000000  36.143108  -38.910402  -39.554909  6.494329  62.863661  -4.513680  33.479552  88.771929
0.854251  0.000000  0.000000  0.000000  -41.415893  -0.139333  -10.000000  47.051187  24.184393  -0.862934  25.628349  56.941906  -48.111631  67.837266  93.655570
0.854619  0.000000  0.000000  0.000000  -41.415893  -0.139333  -1.428571  49.249342  17.793094  -6.985224  25.628349  56.941906  -48.111631  67.837266  93.655570
0.854987  0.000000  0.000000  0.000000  -41.415893  -0.139333  7.142857  50.678907  11.224869  -12.677595  25.628349  56.941906  -48.111631  67.837266  93.655570
0.855355  0.000000  0.000000  0.000000  -41.415893  -0.139333  15.714286  51.426918  4.553581  -18.114067  25.628349  56.941906  -48.111631  67.837266  93.655570
0.855723  0.000000  0.000000  0.000000  -41.415893  -0.139333  24.285714  51.538744  -2.157744  -23.450035  25.628349  56.941906  -48.111631  67.837266  93.655570
0.856091  0.000000  0.000000  0.000000  -41.415893  -0.139333  32.857143  51.021142  -8.850220  -28.833391  25.628349  56.941906  -48.111631  67.837266  93.655570
0.856459  0.000000  0.000000  0.000000  -41.415893  -0.139333  41.428571  49.842763  -15.463022  -34.415587  25.628349  56.941906  -48.111631  67.837266  93.655570
0.856827  0.000000  0.000000  0.000000  -41.415893  -0.139333  50.000000  47.931955  -21.926993  -40.362713  25.628349  56.941906  -48.111631  67.837266  93.655570
0.857195  0.000000  0.000000  0.000000  -26.013824  16.923165  -10.000000  46.388450  0.997095  6.326337  56.046070  27.448015  -7.548158  33.239586  94.602910
0.857563  0.000000  0.000000  0.000000  -26.013824  16.923165  -1.428571  46.170502  -5.203173  0.401164  56.046070  27.448015  -7.548158  33.239586  94.602910
0.857932  0.000000  0.000000  0.000000  -26.013824  16.923165  7.142857  45.298738  -11.347058  -5.641652  56.046070  27.448015  -7.548158  33.239586  94.602910
0.858300  0.000000  0.000000  0.000000  -26.013824  16.923165  15.714286  43.731600  -17.362732  -11.947914  56.046070  27.448015  -7.548158  33.239586  94.602910
0.858668  0.000000  0.000000  0.000000  -26.013824  16.923165  24.285714  41.396171  -23.167624  -18.675124  56.046070  27.448015  -7.548158  33.239586  94.602910
0.859036  0.000000  0.000000  0.000000  -26.013824  16.923165  32.857143  38.189722  -28.661663  -25.995515  56.046070  27.448015  -7.548158  33.239586  94.602910
0.859404  0.000000  0.000000  0.000000  -26.013824  16.923165  41.428571  33.987515  -33.720088  -34.091811  56.046070  27.448015  -7.548158  33.239586  94.602910
0.859772  0.000000  0.000000  0.000000  -26.013824  16.923165  50.000000  28.665054  -38.187356  -43.137813  56.046070  27.448015  -7.548158  33.239586  94.602910
0.860140  0.000000  0.000000  0.000000  -16.803061  19.860538  -10.000000  54.043833  11.678725  8.483715  -54.218050  -16.502619  67.930303  26.897438  86.599738
0.860508  0.000000  0.000000  0.000000  -16.803061  19.860538  -1.428571  54.763382  4.704432  3.446180  -54.218050  -16.502619  67.930303  26.897438  86.599738
0.860876  0.000000  0.000000  0.000000  -16.803061  19.860538  7.142857  54.866994  -2.305317  -1.490815  -54.218050  -16.502619  67.930303  26.897438  86.599738
0.861244  0.000000  0.000000  0.000000  -16.803061  19.860538  15.714286  54.361733  -9.297805  -6.476816  -54.218050  -16.502619  67.930303  26.897438  86.599738
0.861612  0.000000  0.000000  0.000000  -16.803061  19.860538  24.285714  53.212990  -16.218345  -11.665784  -54.218050  -16.502619  67.930303  26.897438  86.599738
0.861980  0.000000  0.000000  0.000000  -16.803061  19.860538  32.857143  51.340829  -23.003791  -17.230119  -54.218050  -16.502619  67.930303  26.897438  86.599738
0.862348  0.000000  0.000000  0.000000  -16.803061  19.860538  41.428571  48.612427  -29.574561  -23.375526  -54.218050  -16.502619  67.930303  26.897438  86.599738
0.862716  0.000000  0.000000  0.000000  -16.803061  19.860538  50.000000  44.832498  -35.823776  -30.355943  -54.218050  -16.502619  67.930303  26.897438  86.599738
0.863084  0.000000  0.000000  0.000000  -41.237055  1.426842  -10.000000  59.935213  1.072115  14.981241  -7.182481  30.319991  6.448676  25.232052  93.178022
0.863452  0.000000  0.000000  0.000000  -41.237055  1.426842  -1.428571  59.736629  -6.342148  10.672729  -7.182481  30.319991  6.448676  25.232052  93.178022
0.863820  0.000000  0.000000  0.000000  -41.237055  1.426842  7.142857  58.962237  -13.719831  6.238208  -7.182481  30.319991  6.448676  25.232052  93.178022
0.864188  0.000000  0.000000  0.000000  -41.237055  1.426842  15.714286  57.549204  -21.013329  1.516204  -7.182481  30.319991  6.448676  25.232052  93.178022
0.864556  0.000000  0.000000  0.000000  -41.237055  1.426842  24.285714  55.378151  -28.163268  -3.688372  -7.182481  30.319991  6.448676  25.232052  93.178022
0.864925  0.000000  0.000000  0.000000  -41.237055  1.426842  32.857143  52.255667  -35.088625  -9.628364  -7.182481  30.319991  6.448676  25.232052  93.178022
0.865293  0.000000  0.000000  0.000000  -41.237055  1.426842  41.428571  47.889295  -41.671502  -16.643978  -7.182481  30.319991  6.448676  25.232052  93.178022
0.865661  0.000000  0.000000  0.000000  -41.237055  1.426842  50.000000  41.864102  -47.733391  -25.189509  -7.182481  30.319991  6.448676  25.232052  93.178022
0.866029  0.000000  0.000000  0.000000  -21.492742  20.029017  -10.000000  53.421165  27.676961  16.019214  -9.297690  -3.324438  26.042823  58.320628  87.314522
0.866397  0.000000  0.000000  0.000000  -21.492742  20.029017  -1.428571  55.658525  20.689657  10.571261  -9.297690  -3.324438  26.042823  58.320628  87.314522
0.866765  0.000000  0.000000  0.000000  -21.492742  20.029017  7.142857  57.122548  13.546457  5.609882  -9.297690  -3.324438  26.042823  58.320628  87.314522
0.867133  0.000000  0.000000  0.000000  -21.492742  20.029017  15.714286  57.929646  6.311224  0.940835  -9.297690  -3.324438  26.042823  58.320628  87.314522
0.867501  0.000000  0.000000  0.000000  -21.492742  20.029017  24.285714  58.141919  -0.964408  -3.598686  -9.297690  -3.324438  26.042823  58.320628  87.314522
0.867869  0.000000  0.000000  0.000000  -21.492742  20.029017  32.857143  57.775425  -8.233963  -8.157736  -9.297690  -3.324438  26.042823  58.320628  87.314522
0.868237  0.000000  0.000000  0.000000  -21.492742  20.029017  41.428571  56.802363  -15.450203  -12.887419  -9.297690  -3.324438  26.042823  58.320628  87.314522
0.868605  0.000000  0.000000  0.000000  -21.492742  20.029017  50.000000  55.147324  -22.559021  -17.957048  -9.297690  -3.324438  26.042823  58.320628  87.314522
0.868973  0.000000  0.000000  0.000000  -18.383070  2.289346  -10.000000  51.444614  0.829615  4.678577  187.332124  -5.679358  -160.335303  46.457450  84.889757
0.869341  0.000000  0.000000  0.000000  -18.383070  2.289346  -1.428571  51.208564  -5.867156  -0.679674  187.332124  -5.679358  -160.335303  46.457450  84.889757
0.869709  0.000000  0.000000  0.000000  -18.383070  2.289346  7.142857  50.329935  -12.511785  -6.168085  187.332124  -5.679358  -160.335303  46.457450  84.889757
0.870077  0.000000  0.000000  0.000000  -18.383070  2.289346  15.714286  48.755658  -19.039439  -11.944670  187.332124  -5.679358  -160.335303  46.457450  84.889757
0.870445  0.000000  0.000000  0.000000  -18.383070  2.289346  24.285714  46.390469  -25.373048  -18.187907  187.332124  -5.679358  -160.335303  46.457450  84.889757
0.870813  0.000000  0.000000  0.000000  -18.383070  2.289346  32.857143  43.092830  -31.414761  -25.106417  187.332124  -5.679358  -160.335303  46.457450  84.889757
0.871181  0.000000  0.000000  0.000000  -18.383070  2.289346  41.428571  38.675355  -37.035180  -32.942692  187.332124  -5.679358  -160.335303  46.457450  84.889757
0.871550  0.000000  0.000000  0.000000  -16.535054  15.102159  -10.000000  39.258079  17.414242  18.232997  164.950278  21.827377  -178.896382  71.001766  89.371929
0.871918  0.000000  0.000000  0.000000  -16.535054  15.102159  -1.428571  40.974807  11.884652  11.460234  164.950278  21.827377  -178.896382  71.001766  89.371929
0.872286  0.000000  0.000000  0.000000  -16.535054  15.102159  7.142857  41.998592  6.200368  4.961070  164.950278  21.827377  -178.896382  71.001766  89.371929
0.872654  0.000000  0.000000  0.000000  -16.535054  15.102159  15.714286  42.367676  0.438704  -1.398388  164.950278  21.827377  -178.896382  71.001766  89.371929
0.873022  0.000000  0.000000  0.000000  -16.535054  15.102159  24.285714  42.096197  -5.328350  -7.748039  164.950278  21.827377  -178.896382  71.001766  89.371929
0.873390  0.000000  0.000000  0.000000  -16.535054  15.102159  32.857143  41.173743  -11.029175  -14.217488  164.950278  21.827377  -178.896382  71.001766  89.371929
0.873758  0.000000  0.000000  0.000000  -16.535054  15.102159  41.428571  39.565646  -16.587603  -20.939833  164.950278  21.827377  -178.896382  71.001766  89.371929
0.874126  0.000000  0.000000  0.000000  -16.535054  15.102159  50.000000  37.214607  -21.917786  -28.054055  164.950278  21.827377  -178.896382  71.001766  89.371929
0.874494  0.000000  0.000000  0.000000  -9.303086  7.803381  -10.000000  59.323143  10.030301  25.272104  101.186013  -6.340171  -107.233456  36.706981  89.976699
0.874862  0.000000  0.000000  0.000000  -9.303086  7.803381  -1.428571  59.805970  2.636412  20.906445  101.186013  -6.340171  -107.233456  36.706981  89.976699
0.875230  0.000000  0.000000  0.000000  -9.303086  7.803381  7.142857  59.725345  -4.772579  16.592666  101.186013  -6.340171  -107.233456  36.706981  89.976699
0.875598  0.000000  0.000000  0.000000  -9.303086  7.803381  15.714286  59.074909  -12.154056  12.184455  101.186013  -6.340171  -107.233456  36.706981  89.976699
0.875966  0.000000  0.000000  0.000000  -9.303086  7.803381  24.285714  57.802319  -19.461778  7.524789  101.186013  -6.340171  -107.233456  36.706981  89.976699
0.876334  0.000000  0.000000  0.000000  -9.303086  7.803381  32.857143  55.801472  -26.639302  2.427486  101.186013  -6.340171  -107.233456  36.706981  89.976699
0.876702  0.000000  0.000000  0.000000  -9.303086  7.803381  41.428571  52.896845  -33.610950  -3.345533  101.186013  -6.340171  -107.233456  36.706981  89.976699
0.877070  0.000000  0.000000  0.000000  -9.303086  7.803381  50.000000  48.820145  -40.268004  -10.112584  101.186013  -6.340171  -107.233456  36.706981  89.976699
0.877438  0.000000  0.000000  0.000000  -17.068540  17.810496  -10.000000  54.104410  6.641773  7.908594  -1.157882  50.444684  -2.991902  67.329815  94.806190
0.877806  0.000000  0.000000  0.000000  -17.068540  17.810496  -1.428571  54.381598  -0.318413  2.895332  -1.157882  50.444684  -2.991902  67.329815  94.806190
0.878174  0.000000  0.000000  0.000000  -17.068540  17.810496  7.142857  54.048310  -7.276160  -2.124727  -1.157882  50.444684  -2.991902  67.329815  94.806190
0.878543  0.000000  0.000000  0.000000  -17.068540  17.810496  15.714286  53.082177  -14.176944  -7.302817  -1.157882  50.444684  -2.991902  67.329815  94.806190
0.878911  0.000000  0.000000  0.000000  -17.068540  17.810496  24.285714  51.417560  -20.959728  -12.804131  -1.157882  50.444684  -2.991902  67.329815  94.806190
0.879279  0.000000  0.000000  0.000000  -17.068540  17.810496  32.857143  48.939544  -27.549530  -18.821846  -1.157882  50.444684  -2.991902  67.329815  94.806190
0.879647  0.000000  0.000000  0.000000  -17.068540  17.810496  41.428571  45.475324  -33.847686  -25.591426  -1.157882  50.444684  -2.991902  67.329815  94.806190
0.880015  0.000000  0.000000  0.000000  -17.068540  17.810496  50.000000  40.788610  -39.718535  -33.400407  -1.157882  50.444684  -2.991902  67.329815  94.806190
0.880383  0.000000  0.000000  0.000000  -20.944916  11.114155  -10.000000  51.989787  23.356680  20.754303  -13.582286  35.284696  -24.439345  56.710873  84.952469
0.880751  0.000000  0.000000  0.000000  -20.944916  11.114155  -1.428571  53.867292  16.512119  15.261059  -13.582286  35.284696  -24.439345  56.710873  84.952469
0.881119  0.000000  0.000000  0.000000  -20.944916  11.114155  7.142857  55.022276  9.534039  10.148368  -13.582286  35.284696  -24.439345  56.710873  84.952469
0.881487  0.000000  0.000000  0.000000  -20.944916  11.114155  15.714286  55.537150  2.484487  5.242447  -13.582286  35.284696  -24.439345  56.710873  84.952469
0.881855  0.000000  0.000000  0.000000  -20.944916  11.114155  24.285714  55.448049  -4.583059  0.388881  -13.582286  35.284696  -24.439345  56.710873  84.952469
0.882223  0.000000  0.000000  0.000000  -20.944916  11.114155  32.857143  54.748746  -11.617216  -4.561764  -13.582286  35.284696  -24.439345  56.710873  84.952469
0.882591  0.000000  0.000000  0.000000  -20.944916  11.114155  41.428571  53.389987  -18.562687  -9.768089  -13.582286  35.284696  -24.439345  56.710873  84.952469
0.882959  0.000000  0.000000  0.000000  -20.944916  11.114155  50.000000  51.274146  -25.353416  -15.412656  -13.582286  35.284696  -24.439345  56.710873  84.952469
0.883327  0.000000  0.000000  0.000000  -32.292871  17.723551  -10.000000  50.525260  0.108969  24.113617  -15.587817  77.758749  -35.667554  14.405461  87.054596
0.883695  0.000000  0.000000  0.000000  -32.292871  17.723551  -1.428571  50.219587  -6.497822  18.641320  -15.587817  77.758749  -35.667554  14.405461  87.054596
0.884063  0.000000  0.000000  0.000000  -32.292871  17.723551  7.142857  49.263891  -13.044351  13.023632  -15.587817  77.758749  -35.667554  14.405461  87.054596
0.884431  0.000000  0.000000  0.000000  -32.292871  17.723551  15.714286  47.602681  -19.463288  7.102672  -15.587817  77.758749  -35.667554  14.405461  87.054596
0.884799  0.000000  0.000000  0.000000  -32.292871  17.723551  24.285714  45.139858  -25.674452  0.700709  -15.587817  77.758749  -35.667554  14.405461  87.054596
0.885167  0.000000  0.000000  0.000000  -32.292871  17.723551  32.857143  41.736067  -31.576301  -6.387749  -15.587817  77.758749  -35.667554  14.405461  87.054596
0.885536  0.000000  0.000000  0.000000  -32.292871  17.723551  41.428571  37.212031  -37.035711  -14.396587  -15.587817  77.758749  -35.667554  14.405461  87.054596
0.885904  0.000000  0.000000  0.000000  -32.292871  17.723551  50.000000  31.370015  -41.877262  -23.569608  -15.587817  77.758749  -35.667554  14.405461  87.054596
0.886272  0.000000  0.000000  0.000000  -9.940978  9.764549  -10.000000  48.871112  15.460491  17.890475  -30.528014  50.090145  -18.187941  14.383425  90.034397
0.886640  0.000000  0.000000  0.000000  -9.940978  9.764549  -1.428571  50.077599  8.939716  12.195145  -30.528014  50.090145  -18.187941  14.383425  90.034397
0.887008  0.000000  0.000000  0.000000  -9.940978  9.764549  7.142857  50.618506  2.335200  6.701953  -30.528014  50.090145  -18.187941  14.383425  90.034397
0.887376  0.000000  0.000000  0.000000  -9.940978  9.764549  15.714286  50.525437  -4.290556  1.260404  -30.528014  50.090145  -18.187941  14.383425  90.034397
0.887744  0.000000  0.000000  0.000000  -9.940978  9.764549  24.285714  49.792943  -10.877107  -4.276385  -30.528014  50.090145  -18.187941  14.383425  90.034397
0.888112  0.000000  0.000000  0.000000  -9.940978  9.764549  32.857143  48.378262  -17.360132  -10.061995  -30.528014  50.090145  -18.187941  14.383425  90.034397
0.888480  0.000000  0.000000  0.000000  -9.940978  9.764549  41.428571  46.198842  -23.664768  -16.266884  -30.528014  50.090145  -18.187941  14.383425  90.034397
0.888848  0.000000  0.000000  0.000000  -9.940978  9.764549  50.000000  43.129084  -29.697877  -23.087428  -30.528014  50.090145  -18.187941  14.383425  90.034397
0.889216  0.000000  0.000000  0.000000  -18.183903  19.242012  -10.000000  53.109398  4.488462  -2.622159  3.144057  60.119008  -59.166776  33.443817  92.477709
0.889584  0.000000  0.000000  0.000000  -18.183903  19.242012  -1.428571  53.204354  -2.375688  -7.759609  3.144057  60.119008  -59.166776  33.443817  92.477709
0.889952  0.000000  0.000000  0.000000  -18.183903  19.242012  7.142857  52.678863  -9.220580  -12.948492  3.144057  60.119008  -59.166776  33.443817  92.477709
0.890320  0.000000  0.000000  0.000000  -18.183903  19.242012  15.714286  51.498987  -15.988260  -18.342122  3.144057  60.119008  -59.166776  33.443817  92.477709
0.890688  0.000000  0.000000  0.000000  -18.183903  19.242012  24.285714  49.587764  -22.612219  -24.110625  3.144057  60.119008  -59.166776  33.443817  92.477709
0.891056  0.000000  0.000000  0.000000  -18.183903  19.242012  32.857143  46.819345  -29.009524  -30.453771  3.144057  60.119008  -59.166776  33.443817  92.477709
0.891424  0.000000  0.000000  0.000000  -18.183903  19.242012  41.428571  43.012823  -35.070556  -37.612239  3.144057  60.119008  -59.166776  33.443817  92.477709
0.891792  0.000000  0.000000  0.000000  -19.341701  18.792515  -10.000000  45.811893  12.942056  7.986620  5.729487  29.736458  -42.150620  52.519825  86.461686
0.892160  0.000000  0.000000  0.000000  -19.341701  18.792515  -1.428571  46.840406  6.736721  1.982094  5.729487  29.736458  -42.150620  52.519825  86.461686
0.892529  0.000000  0.000000  0.000000  -19.341701  18.792515  7.142857  47.208536  0.460010  -3.869555  5.729487  29.736458  -42.150620  52.519825  86.461686
0.892897  0.000000  0.000000  0.000000  -19.341701  18.792515  15.714286  46.934686  -5.821486  -9.710894  5.729487  29.736458  -42.150620  52.519825  86.461686
0.893265  0.000000  0.000000  0.000000  -19.341701  18.792515  24.285714  46.005158  -12.041587  -15.683931  5.729487  29.736458  -42.150620  52.519825  86.461686
0.893633  0.000000  0.000000  0.000000  -19.341701  18.792515  32.857143  44.373787  -18.128764  -21.937642  5.729487  29.736458  -42.150620  52.519825  86.461686
0.894001  0.000000  0.000000  0.000000  -19.341701  18.792515  41.428571  41.961282  -23.999889  -28.634496  5.729487  29.736458  -42.150620  52.519825  86.461686
0.894369  0.000000  0.000000  0.000000  -19.341701  18.792515  50.000000  38.656295  -29.553130  -35.954018  5.729487  29.736458  -42.150620  52.519825  86.461686
0.894737  0.000000  0.000000  0.000000  -36.453320  -6.035134  -10.000000  50.801041  5.398586  7.841883  -20.720379  11.859611  59.744639  70.244422  86.586937
0.895105  0.000000  0.000000  0.000000  -36.453320  -6.035134  -1.428571  50.996821  -1.258084  2.435473  -20.720379  11.859611  59.744639  70.244422  86.586937
0.895473  0.000000  0.000000  0.000000  -36.453320  -6.035134  7.142857  50.561770  -7.903507  -2.998657  -20.720379  11.859611  59.744639  70.244422  86.586937
0.895841  0.000000  0.000000  0.000000  -36.453320  -6.035134  15.714286  49.470147  -14.476494  -8.610181  -20.720379  11.859611  59.744639  70.244422  86.586937
0.896209  0.000000  0.000000  0.000000  -36.453320  -6.035134  24.285714  47.657194  -20.908480  -14.561388  -20.720379  11.859611  59.744639  70.244422  86.586937
0.896577  0.000000  0.000000  0.000000  -36.453320  -6.035134  32.857143  45.015683  -27.116262  -21.037374  -20.720379  11.859611  59.744639  70.244422  86.586937
0.896945  0.000000  0.000000  0.000000  -36.453320  -6.035134  41.428571  41.393171  -32.993042  -28.253787  -20.720379  11.859611  59.744639  70.244422  86.586937
0.897313  0.000000  0.000000  0.000000  -36.453320  -6.035134  50.000000  36.596754  -38.397438  -36.455877  -20.720379  11.859611  59.744639  70.244422  86.586937
0.897681  0.000000  0.000000  0.000000  -11.560009  11.810086  -10.000000  59.338603  6.830102  3.689668  9.828985  18.195796  -44.636084  21.736239  88.543698
0.898049  0.000000  0.000000  0.000000  -11.560009  11.810086  -1.428571  59.577784  -0.555684  -0.669570  9.828985  18.195796  -44.636084  21.736239  88.543698
0.898417  0.000000  0.000000  0.000000  -11.560009  11.810086  7.142857  59.253316  -7.938248  -5.039771  9.828985  18.195796  -44.636084  21.736239  88.543698
0.898785  0.000000  0.000000  0.000000  -11.560009  11.810086  15.714286  58.339578  -15.273566  -9.570093  9.828985  18.195796  -44.636084  21.736239  88.543698
0.899153  0.000000  0.000000  0.000000  -11.560009  11.810086  24.285714  56.762689  -22.511312  -14.427854  9.828985  18.195796  -44.636084  21.736239  88.543698
0.899522  0.000000  0.000000  0.000000  -11.560009  11.810086  32.857143  54.389609  -29.587424  -19.818217  9.828985  18.195796  -44.636084  21.736239  88.543698
0.899890  0.000000  0.000000  0.000000  -11.560009  11.810086  41.428571  51.009583  -36.413363  -26.008896  9.828985  18.195796  -44.636084  21.736239  88.543698
0.900258  0.000000  0.000000  0.000000  -18.073906  -9.211962  -10.000000  60.677508  9.455872  2.039096  -10.988633  40.167752  0.304741  71.890944  93.013397
0.900626  0.000000  0.000000  0.000000  -18.073906  -9.211962  -1.428571  61.095281  1.964033  -2.149096  -10.988633  40.167752  0.304741  71.890944  93.013397
0.900994  0.000000  0.000000  0.000000  -18.073906  -9.211962  7.142857  60.965509  -5.538194  -6.299685  -10.988633  40.167752  0.304741  71.890944  93.013397
0.901362  0.000000  0.000000  0.000000  -18.073906  -9.211962  15.714286  60.277539  -13.010803  -10.557346  -10.988633  40.167752  0.304741  71.890944  93.013397
0.901730  0.000000  0.000000  0.000000  -18.073906  -9.211962  24.285714  58.973955  -20.409734  -15.079488  -10.988633  40.167752  0.304741  71.890944  93.013397
0.902098  0.000000  0.000000  0.000000  -18.073906  -9.211962  32.857143  56.941074  -27.680302  -20.056072  -10.988633  40.167752  0.304741  71.890944  93.013397
0.902466  0.000000  0.000000  0.000000  -38.490004  2.914512  -10.000000  51.003289  8.304150  9.710975  31.224943  25.694829  14.929095  74.124125  88.673297
0.902834  0.000000  0.000000  0.000000  -38.490004  2.914512  -1.428571  51.469902  1.615740  4.327220  31.224943  25.694829  14.929095  74.124125  88.673297
0.903202  0.000000  0.000000  0.000000  -38.490004  2.914512  7.142857  51.307516  -5.086830  -1.021042  31.224943  25.694829  14.929095  74.124125  88.673297
0.903570  0.000000  0.000000  0.000000  -38.490004  2.914512  15.714286  50.506381  -11.744404  -6.481836  31.224943  25.694829  14.929095  74.124125  88.673297
0.903938  0.000000  0.000000  0.000000  -38.490004  2.914512  24.285714  49.018028  -18.293226  -12.211512  31.224943  25.694829  14.929095  74.124125  88.673297
0.904306  0.000000  0.000000  0.000000  -38.490004  2.914512  32.857143  46.752209  -24.658095  -18.385760  31.224943  25.694829  14.929095  74.124125  88.673297
0.904674  0.000000  0.000000  0.000000  -38.490004  2.914512  41.428571  43.572694  -30.744155  -25.209509  31.224943  25.694829  14.929095  74.124125  88.673297
0.905042  0.000000  0.000000  0.000000  -38.490004  2.914512  50.000000  39.296636  -36.426326  -32.921945  31.224943  25.694829  14.929095  74.124125  88.673297
0.905410  0.000000  0.000000  0.000000  -17.507969  9.299322  -10.000000  43.503813  1.027864  -1.907220  20.216846  42.446080  -69.166296  56.601232  88.392331
0.905778  0.000000  0.000000  0.000000  -17.507969  9.299322  -1.428571  43.294683  -4.867183  -8.135831  20.216846  42.446080  -69.166296  56.601232  88.392331
0.906146  0.000000  0.000000  0.000000  -17.507969  9.299322  7.142857  42.434071  -10.704040  -14.474169  20.216846  42.446080  -69.166296  56.601232  88.392331
0.906515  0.000000  0.000000  0.000000  -17.507969  9.299322  15.714286  40.887125  -16.408068  -21.058838  20.216846  42.446080  -69.166296  56.601232  88.392331
0.906883  0.000000  0.000000  0.000000  -17.507969  9.299322  24.285714  38.593715  -21.895015  -28.033786  20.216846  42.446080  -69.166296  56.601232  88.392331
0.907251  0.000000  0.000000  0.000000  -17.507969  9.299322  32.857143  35.472058  -27.065416  -35.550518  20.216846  42.446080  -69.166296  56.601232  88.392331
0.907619  0.000000  0.000000  0.000000  -17.507969  9.299322  41.428571  31.428593  -31.799193  -43.761376  20.216846  42.446080  -69.166296  56.601232  88.392331
0.907987  0.000000  0.000000  0.000000  -25.374893  16.850924  -10.000000  38.490203  1.249776  8.259928  43.854279  38.231649  -34.203719  17.362887  87.753585
0.908355  0.000000  0.000000  0.000000  -25.374893  16.850924  -1.428571  38.323888  -4.081280  1.543584  43.854279  38.231649  -34.203719  17.362887  87.753585
0.908723  0.000000  0.000000  0.000000  -25.374893  16.850924  7.142857  37.525908  -9.355768  -5.262110  43.854279  38.231649  -34.203719  17.362887  87.753585
0.909091  0.000000  0.000000  0.000000  -25.374893  16.850924  15.714286  36.073528  -14.496792  -12.274795  43.854279  38.231649  -34.203719  17.362887  87.753585
0.909459  0.000000  0.000000  0.000000  -25.374893  16.850924  24.285714  33.928346  -19.420281  -19.613390  43.854279  38.231649  -34.203719  17.362887  87.753585
0.909827  0.000000  0.000000  0.000000  -25.374893  16.850924  32.857143  31.041597  -24.031391  -27.395265  43.854279  38.231649  -34.203719  17.362887  87.753585
0.910195  0.000000  0.000000  0.000000  -25.374893  16.850924  41.428571  27.364443  -28.221547  -35.728280  43.854279  38.231649  -34.203719  17.362887  87.753585
0.910563  0.000000  0.000000  0.000000  -25.374893  16.850924  50.000000  22.865949  -31.867986  -44.694812  43.854279  38.231649  -34.203719  17.362887  87.753585
0.910931  0.000000  0.000000  0.000000  -14.171274  13.405923  -10.000000  48.302135  6.532963  1.726934  41.313689  19.290548  -49.327376  61.296025  92.719583
0.911299  0.000000  0.000000  0.000000  -14.171274  13.405923  -1.428571  48.632648  0.111287  -3.962916  41.313689  19.290548  -49.327376  61.296025  92.719583
0.911667  0.000000  0.000000  0.000000  -14.171274  13.405923  7.142857  48.324336  -6.311485  -9.650283  41.313689  19.290548  -49.327376  61.296025  92.719583
0.912035  0.000000  0.000000  0.000000  -14.171274  13.405923  15.714286  47.360721  -12.671076  -15.480092  41.313689  19.290548  -49.327376  61.296025  92.719583
0.912403  0.000000  0.000000  0.000000  -14.171274  13.405923  24.285714  45.690505  -18.897367  -21.605789  41.313689  19.290548  -49.327376  61.296025  92.719583
0.912771  0.000000  0.000000  0.000000  -14.171274  13.405923  32.857143  43.225998  -24.907794  -28.197179  41.313689  19.290548  -49.327376  61.296025  92.719583
0.913139  0.000000  0.000000  0.000000  -14.171274  13.405923  41.428571  39.842924  -30.599669  -35.445559  41.313689  19.290548  -49.327376  61.296025  92.719583
0.913508  0.000000  0.000000  0.000000  -14.171274  13.405923  50.000000  35.386979  -35.841348  -43.560886  41.313689  19.290548  -49.327376  61.296025  92.719583
0.913876  0.000000  0.000000  0.000000  -10.212215  9.913891  -10.000000  56.632295  20.970123  24.519353  176.765608  24.006397  -196.975884  42.461782  85.302045
0.914244  0.000000  0.000000  0.000000  -10.212215  9.913891  -1.428571  58.080354  13.748135  19.678251  176.765608  24.006397  -196.975884  42.461782  85.302045
0.914612  0.000000  0.000000  0.000000  -10.212215  9.913891  7.142857  58.879479  6.437460  15.129745  176.765608  24.006397  -196.975884  42.461782  85.302045
0.914980  0.000000  0.000000  0.000000  -10.212215  9.913891  15.714286  59.092984  -0.912275  10.711256  176.765608  24.006397  -196.975884  42.461782  85.302045
0.915348  0.000000  0.000000  0.000000  -10.212215  9.913891  24.285714  58.737465  -8.256567  6.274599  176.765608  24.006397  -196.975884  42.461782  85.302045
0.915716  0.000000  0.000000  0.000000  -10.212215  9.913891  32.857143  57.785212  -15.550206  1.669611  176.765608  24.006397  -196.975884  42.461782  85.302045
0.916084  0.000000  0.000000  0.000000  -10.212215  9.913891  41.428571  56.160205  -22.741301  -3.272598  176.765608  24.006397  -196.975884  42.461782  85.302045
0.916452  0.000000  0.000000  0.000000  -10.212215  9.913891  50.000000  53.727350  -29.763654  -8.759065  176.765608  24.006397  -196.975884  42.461782  85.302045
0.916820  0.000000  0.000000  0.000000  -32.731242  -3.557384  -10.000000  50.132083  0.138166  7.565946  -1.475282  18.115274  78.925275  34.484833  92.867203
0.917188  0.000000  0.000000  0.000000  -32.731242  -3.557384  -1.428571  49.828520  -6.431118  2.048776  -1.475282  18.115274  78.925275  34.484833  92.867203
0.917556  0.000000  0.000000  0.000000  -32.731242  -3.557384  7.142857  48.873767  -12.939776  -3.612591  -1.475282  18.115274  78.925275  34.484833  92.867203
0.917924  0.000000  0.000000  0.000000  -32.731242  -3.557384  15.714286  47.213325  -19.319924  -9.575120  -1.475282  18.115274  78.925275  34.484833  92.867203
0.918292  0.000000  0.000000  0.000000  -32.731242  -3.557384  24.285714  44.752996  -25.490919  -16.014861  -1.475282  18.115274  78.925275  34.484833  92.867203
0.918660  0.000000  0.000000  0.000000  -32.731242  -3.557384  32.857143  41.356738  -31.351021  -23.134261  -1.475282  18.115274  78.925275  34.484833  92.867203
0.919028  0.000000  0.000000  0.000000  -32.731242  -3.557384  41.428571  36.850669  -36.767499  -31.162082  -1.475282  18.115274  78.925275  34.484833  92.867203
0.919396  0.000000  0.000000  0.000000  -32.731242  -3.557384  50.000000  31.045066  -41.566422  -40.334394  -1.475282  18.115274  78.925275  34.484833  92.867203
0.919764  0.000000  0.000000  0.000000  -39.293888  16.268108  -10.000000  42.470043  9.487073  -1.630047  44.489665  66.462303  -33.215536  19.266004  91.513613
0.920132  0.000000  0.000000  0.000000  -39.293888  16.268108  -1.428571  43.195404  3.653742  -7.954712  44.489665  66.462303  -33.215536  19.266004  91.513613
0.920501  0.000000  0.000000  0.000000  -39.293888  16.268108  7.142857  43.273509  -2.223379  -14.197235  44.489665  66.462303  -33.215536  19.266004  91.513613
0.920869  0.000000  0.000000  0.000000  -39.293888  16.268108  15.714286  42.707525  -8.073947  -20.489643  44.489665  66.462303  -33.215536  19.266004  91.513613
0.921237  0.000000  0.000000  0.000000  -39.293888  16.268108  24.285714  41.474588  -13.825709  -26.965689  44.489665  66.462303  -33.215536  19.266004  91.513613
0.921605  0.000000  0.000000  0.000000  -39.293888  16.268108  32.857143  39.526296  -19.399274  -33.764955  44.489665  66.462303  -33.215536  19.266004  91.513613
0.921973  0.000000  0.000000  0.000000  -39.293888  16.268108  41.428571  36.790926  -24.702662  -41.034722  44.489665  66.462303  -33.215536  19.266004  91.513613
0.922341  0.000000  0.000000  0.000000  -39.293888  16.268108  50.000000  33.180027  -29.625853  -48.926749  44.489665  66.462303  -33.215536  19.266004  91.513613
0.922709  0.000000  0.000000  0.000000  -29.390406  21.269417  -10.000000  36.375628  3.929980  5.837941  -0.733207  66.958859  -71.169536  51.302383  89.440147
0.923077  0.000000  0.000000  0.000000  -29.390406  21.269417  -1.428571  36.542031  -1.169704  -1.055648  -0.733207  66.958859  -71.169536  51.302383  89.440147
0.923445  0.000000  0.000000  0.000000  -29.390406  21.269417  7.142857  36.093239  -6.252420  -7.974306  -0.733207  66.958859  -71.169536  51.302383  89.440147
0.923813  0.000000  0.000000  0.000000  -29.390406  21.269417  15.714286  35.018207  -11.243037  -15.027541  -0.733207  66.958859  -71.169536  51.302383  89.440147
0.924181  0.000000  0.000000  0.000000  -29.390406  21.269417  24.285714  33.292044  -16.062034  -22.324943  -0.733207  66.958859  -71.169536  51.302383  89.440147
0.924549  0.000000  0.000000  0.000000  -29.390406  21.269417  32.857143  30.879714  -20.622208  -29.974365  -0.733207  66.958859  -71.169536  51.302383  89.440147
0.924917  0.000000  0.000000  0.000000  -29.390406  21.269417  41.428571  27.743321  -24.825949  -38.076593  -0.733207  66.958859  -71.169536  51.302383  89.440147
0.925285  0.000000  0.000000  0.000000  -29.390406  21.269417  50.000000  23.854857  -28.564171  -46.714495  -0.733207  66.958859  -71.169536  51.302383  89.440147
0.925653  0.000000  0.000000  0.000000  -39.790790  -4.331266  -10.000000  59.612229  5.166596  10.445181  -0.996446  46.290215  -6.469815  56.445789  90.639608
0.926021  0.000000  0.000000  0.000000  -39.790790  -4.331266  -1.428571  59.723197  -2.235021  6.118081  -0.996446  46.290215  -6.469815  56.445789  90.639608
0.926389  0.000000  0.000000  0.000000  -39.790790  -4.331266  7.142857  59.270493  -9.623779  1.746961  -0.996446  46.290215  -6.469815  56.445789  90.639608
0.926757  0.000000  0.000000  0.000000  -39.790790  -4.331266  15.714286  58.218076  -16.955136  -2.819714  -0.996446  46.290215  -6.469815  56.445789  90.639608
0.927126  0.000000  0.000000  0.000000  -39.790790  -4.331266  24.285714  56.479666  -24.176780  -7.755905  -0.996446  46.290215  -6.469815  56.445789  90.639608
0.927494  0.000000  0.000000  0.000000  -39.790790  -4.331266  32.857143  53.906063  -31.220641  -13.278853  -0.996446  46.290215  -6.469815  56.445789  90.639608
0.927862  0.000000  0.000000  0.000000  -39.790790  -4.331266  41.428571  50.264376  -37.991031  -19.675402  -0.996446  46.290215  -6.469815  56.445789  90.639608
0.928230  0.000000  0.000000  0.000000  -28.193079  9.196659  -10.000000  55.973584  19.279462  -3.316007  18.150432  45.907670  -74.683278  15.535329  84.810562
0.928598  0.000000  0.000000  0.000000  -28.193079  9.196659  -1.428571  57.300874  12.116044  -8.209312  18.150432  45.907670  -74.683278  15.535329  84.810562
0.928966  0.000000  0.000000  0.000000  -28.193079  9.196659  7.142857  57.987218  4.871416  -12.844356  18.150432  45.907670  -74.683278  15.535329  84.810562
0.929334  0.000000  0.000000  0.000000  -28.193079  9.196659  15.714286  58.085104  -2.404229  -17.379940  18.150432  45.907670  -74.683278  15.535329  84.810562
0.929702  0.000000  0.000000  0.000000  -28.193079  9.196659  24.285714  57.601943  -9.664678  -21.964306  18.150432  45.907670  -74.683278  15.535329  84.810562
0.930070  0.000000  0.000000  0.000000  -28.193079  9.196659  32.857143  56.501009  -16.861774  -26.750863  18.150432  45.907670  -74.683278  15.535329  84.810562
0.930438  0.000000  0.000000  0.000000  -28.193079  9.196659  41.428571  54.696534  -23.939168  -31.914581  18.150432  45.907670  -74.683278  15.535329  84.810562
0.930806  0.000000  0.000000  0.000000  -29.834144  18.073482  -10.000000  42.665742  -3.515215  17.744492  36.381788  35.375085  -21.147582  61.020575  92.438119
0.931174  0.000000  0.000000  0.000000  -29.834144  18.073482  -1.428571  41.953060  -9.290937  11.368612  36.381788  35.375085  -21.147582  61.020575  92.438119
0.931542  0.000000  0.000000  0.000000  -29.834144  18.073482  7.142857  40.566699  -14.949962  4.780856  36.381788  35.375085  -21.147582  61.020575  92.438119
0.931910  0.000000  0.000000  0.000000  -29.834144  18.073482  15.714286  38.454704  -20.410273  -2.157662  36.381788  35.375085  -21.147582  61.020575  92.438119
0.932278  0.000000  0.000000  0.000000  -29.834144  18.073482  24.285714  35.544165  -25.576431  -9.592246  36.381788  35.375085  -21.147582  61.020575  92.438119
0.932646  0.000000  0.000000  0.000000  -29.834144  18.073482  32.857143  31.749534  -30.334372  -17.669449  36.381788  35.375085  -21.147582  61.020575  92.438119
0.933014  0.000000  0.000000  0.000000  -29.834144  18.073482  41.428571  26.991349  -34.547867  -26.520961  36.381788  35.375085  -21.147582  61.020575  92.438119
0.933382  0.000000  0.000000  0.000000  -29.834144  18.073482  50.000000  21.230404  -38.059203  -36.231581  36.381788  35.375085  -21.147582  61.020575  92.438119
0.933750  0.000000  0.000000  0.000000  -18.067623  7.383799  -10.000000  59.157185  6.151812  -3.353065  73.701014  18.760446  -65.382105  15.487055  93.486544
0.934119  0.000000  0.000000  0.000000  -18.067623  7.383799  -1.428571  59.346326  -1.218263  -7.736396  73.701014  18.760446  -65.382105  15.487055  93.486544
0.934487  0.000000  0.000000  0.000000  -18.067623  7.383799  7.142857  58.968911  -8.581174  -12.143874  73.701014  18.760446  -65.382105  15.487055  93.486544
0.934855  0.000000  0.000000  0.000000  -18.067623  7.383799  15.714286  57.995298  -15.892106  -16.725827  73.701014  18.760446  -65.382105  15.487055  93.486544
0.935223  0.000000  0.000000  0.000000  -18.067623  7.383799  24.285714  56.347019  -23.099316  -21.652214  73.701014  18.760446  -65.382105  15.487055  93.486544
0.935591  0.000000  0.000000  0.000000  -18.067623  7.383799  32.857143  53.885531  -30.136489  -27.132451  73.701014  18.760446  -65.382105  15.487055  93.486544
0.935959  0.000000  0.000000  0.000000  -26.665515  -4.938768  -10.000000  51.223075  14.013666  8.584374  -13.452528  15.191682  38.014965  18.145760  79.906216
0.936327  0.000000  0.000000  0.000000  -26.665515  -4.938768  -1.428571  52.223124  7.279788  3.184737  -13.452528  15.191682  38.014965  18.145760  79.906216
0.936695  0.000000  0.000000  0.000000  -26.665515  -4.938768  7.142857  52.578633  0.483906  -2.053949  -13.452528  15.191682  38.014965  18.145760  79.906216
0.937063  0.000000  0.000000  0.000000  -26.665515  -4.938768  15.714286  52.312015  -6.316003  -7.282098  -13.452528  15.191682  38.014965  18.145760  79.906216
0.937431  0.000000  0.000000  0.000000  -26.665515  -4.938768  24.285714  51.406479  -13.062403  -12.649334  -13.452528  15.191682  38.014965  18.145760  79.906216
0.937799  0.000000  0.000000  0.000000  -26.665515  -4.938768  32.857143  49.804739  -19.692000  -18.316307  -13.452528  15.191682  38.014965  18.145760  79.906216
0.938167  0.000000  0.000000  0.000000  -26.665515  -4.938768  41.428571  47.404686  -26.128634  -24.466780  -13.452528  15.191682  38.014965  18.145760  79.906216
0.938535  0.000000  0.000000  0.000000  -26.665515  -4.938768  50.000000  44.053808  -32.274401  -31.318891  -13.452528  15.191682  38.014965  18.145760  79.906216
0.938903  0.000000  0.000000  0.000000  -28.150732  -12.576665  -10.000000  59.553355  19.970206  5.260889  -7.583652  34.516902  25.267105  20.854628  79.070054
0.939271  0.000000  0.000000  0.000000  -28.150732  -12.576665  -1.428571  60.798244  12.530151  0.823607  -7.583652  34.516902  25.267105  20.854628  79.070054
0.939639  0.000000  0.000000  0.000000  -28.150732  -12.576665  7.142857  61.438564  5.021453  -3.362465  -7.583652  34.516902  25.267105  20.854628  79.070054
0.940007  0.000000  0.000000  0.000000  -28.150732  -12.576665  15.714286  61.528307  -2.513280  -7.452611  -7.583652  34.516902  25.267105  20.854628  79.070054
0.940375  0.000000  0.000000  0.000000  -28.150732  -12.576665  24.285714  61.074928  -10.035083  -11.590441  -7.583652  34.516902  25.267105  20.854628  79.070054
0.940743  0.000000  0.000000  0.000000  -28.150732  -12.576665  32.857143  60.040515  -17.503189  -15.925346  -7.583652  34.516902  25.267105  20.854628  79.070054
0.941112  0.000000  0.000000  0.000000  -28.150732  -12.576665  41.428571  58.335536  -24.869201  -20.631015  -7.583652  34.516902  25.267105  20.854628  79.070054
0.941480  0.000000  0.000000  0.000000  -6.573742  12.663076  -10.000000  43.787546  27.281077  27.214519  -49.880747  49.800908  -20.566670  55.168409  78.760237
0.941848  0.000000  0.000000  0.000000  -6.573742  12.663076  -1.428571  46.514520  21.196844  20.587655  -49.880747  49.800908  -20.566670  55.168409  78.760237
0.942216  0.000000  0.000000  0.000000  -6.573742  12.663076  7.142857  48.405135  14.875146  14.495792  -49.880747  49.800908  -20.566670  55.168409  78.760237
0.942584  0.000000  0.000000  0.000000  -6.573742  12.663076  15.714286  49.565924  8.402094  8.755659  -49.880747  49.800908  -20.566670  55.168409  78.760237
0.942952  0.000000  0.000000  0.000000  -6.573742  12.663076  24.285714  50.062940  1.848730  3.205618  -49.880747  49.800908  -20.566670  55.168409  78.760237
0.943320  0.000000  0.000000  0.000000  -6.573742  12.663076  32.857143  49.924492  -4.721825  -2.303425  -49.880747  49.800908  -20.566670  55.168409  78.760237
0.943688  0.000000  0.000000  0.000000  -6.573742  12.663076  41.428571  49.142714  -11.248127  -7.917768  -49.880747  49.800908  -20.566670  55.168409  78.760237
0.944056  0.000000  0.000000  0.000000  -6.573742  12.663076  50.000000  47.673045  -17.664408  -13.790821  -49.880747  49.800908  -20.566670  55.168409  78.760237
0.944424  0.000000  0.000000  0.000000  -7.405522  11.521792  -10.000000  36.843632  2.031315  6.068820  -2.522756  90.490778  -40.929745  60.453088  85.449587
0.944792  0.000000  0.000000  0.000000  -7.405522  11.521792  -1.428571  36.778864  -3.110678  -0.791591  -2.522756  90.490778  -40.929745  60.453088  85.449587
0.945160  0.000000  0.000000  0.000000  -7.405522  11.521792  7.142857  36.094262  -8.207752  -7.718966  -2.522756  90.490778  -40.929745  60.453088  85.449587
0.945528  0.000000  0.000000  0.000000  -7.405522  11.521792  15.714286  34.772682  -13.183600  -14.824271  -2.522756  90.490778  -40.929745  60.453088  85.449587
0.945896  0.000000  0.000000  0.000000  -7.405522  11.521792  24.285714  32.783709  -17.955997  -22.218449  -2.522756  90.490778  -40.929745  60.453088  85.449587
0.946264  0.000000  0.000000  0.000000  -7.405522  11.521792  32.857143  30.088393  -22.433712  -30.009569  -2.522756  90.490778  -40.929745  60.453088  85.449587
0.946632  0.000000  0.000000  0.000000  -7.405522  11.521792  41.428571  26.648483  -26.514063  -38.295707  -2.522756  90.490778  -40.929745  60.453088  85.449587
0.947000  0.000000  0.000000  0.000000  -7.405522  11.521792  50.000000  22.441802  -30.082628  -47.151394  -2.522756  90.490778  -40.929745  60.453088  85.449587
0.947368  0.000000  0.000000  0.000000  -37.914908  15.048421  -10.000000  57.506761  7.898935  14.812028  3.816890  75.807064  -33.393844  28.645138  83.012081
0.947736  0.000000  0.000000  0.000000  -37.914908  15.048421  -1.428571  57.850006  0.651669  10.219397  3.816890  75.807064  -33.393844  28.645138  83.012081
0.948105  0.000000  0.000000  0.000000  -37.914908  15.048421  7.142857  57.611817  -6.599766  5.640019  3.816890  75.807064  -33.393844  28.645138  83.012081
0.948473  0.000000  0.000000  0.000000  -37.914908  15.048421  15.714286  56.774297  -13.808197  0.924372  3.816890  75.807064  -33.393844  28.645138  83.012081
0.948841  0.000000  0.000000  0.000000  -37.914908  15.048421  24.285714  55.273579  -20.920986  -4.091397  3.816890  75.807064  -33.393844  28.645138  83.012081
0.949209  0.000000  0.000000  0.000000  -37.914908  15.048421  32.857143  52.991367  -27.872871  -9.602910  3.816890  75.807064  -33.393844  28.645138  83.012081
0.949577  0.000000  0.000000  0.000000  -37.914908  15.048421  41.428571  49.740757  -34.576007  -15.858206  3.816890  75.807064  -33.393844  28.645138  83.012081
0.949945  0.000000  0.000000  0.000000  -37.914908  15.048421  50.000000  45.248592  -40.905222  -23.179872  3.816890  75.807064  -33.393844  28.645138  83.012081
0.950313  0.000000  0.000000  0.000000  -17.908438  3.654360  -10.000000  58.750621  33.113470  17.170732  -40.769847  56.238639  -28.415897  37.206154  85.668888
0.950681  0.000000  0.000000  0.000000  -17.908438  3.654360  -1.428571  61.173055  25.688130  12.248855  -40.769847  56.238639  -28.415897  37.206154  85.668888
0.951049  0.000000  0.000000  0.000000  -17.908438  3.654360  7.142857  62.794866  18.117266  7.912481  -40.769847  56.238639  -28.415897  37.206154  85.668888
0.951417  0.000000  0.000000  0.000000  -17.908438  3.654360  15.714286  63.777968  10.457548  3.939278  -40.769847  56.238639  -28.415897  37.206154  85.668888
0.951785  0.000000  0.000000  0.000000  -17.908438  3.654360  24.285714  64.213876  2.751045  0.159009  -40.769847  56.238639  -28.415897  37.206154  85.668888
0.952153  0.000000  0.000000  0.000000  -17.908438  3.654360  32.857143  64.141524  -4.967246  -3.572421  -40.769847  56.238639  -28.415897  37.206154  85.668888
0.952521  0.000000  0.000000  0.000000  -17.908438  3.654360  41.428571  63.554525  -12.664089  -7.392616  -40.769847  56.238639  -28.415897  37.206154  85.668888
0.952889  0.000000  0.000000  0.000000  -17.908438  3.654360  50.000000  62.399990  -20.303068  -11.450967  -40.769847  56.238639  -28.415897  37.206154  85.668888
0.953257  0.000000  0.000000  0.000000  -10.993626  14.890325  -10.000000  55.152857  20.710129  3.240990  16.966633  25.656588  -77.490096  45.025520  85.514567
0.953625  0.000000  0.000000  0.000000  -10.993626  14.890325  -1.428571  56.639611  13.608030  -1.785762  16.966633  25.656588  -77.490096  45.025520  85.514567
0.953993  0.000000  0.000000  0.000000  -10.993626  14.890325  7.142857  57.463963  6.411055  -6.516582  16.966633  25.656588  -77.490096  45.025520  85.514567
0.954361  0.000000  0.000000  0.000000  -10.993626  14.890325  15.714286  57.688470  -0.828015  -11.114784  16.966633  25.656588  -77.490096  45.025520  85.514567
0.954729  0.000000  0.000000  0.000000  -10.993626  14.890325  24.285714  57.329895  -8.061759  -15.729894  16.966633  25.656588  -77.490096  45.025520  85.514567
0.955098  0.000000  0.000000  0.000000  -10.993626  14.890325  32.857143  56.361408  -15.242021  -20.513132  16.966633  25.656588  -77.490096  45.025520  85.514567
0.955466  0.000000  0.000000  0.000000  -10.993626  14.890325  41.428571  54.709082  -22.313913  -25.633312  16.966633  25.656588  -77.490096  45.025520  85.514567
0.955834  0.000000  0.000000  0.000000  -10.993626  14.890325  50.000000  52.242470  -29.208085  -31.294688  16.966633  25.656588  -77.490096  45.025520  85.514567
0.956202  0.000000  0.000000  0.000000  -20.228022  14.798839  -10.000000  49.060912  23.878153  2.803994  128.176756  25.954579  -156.685195  23.381781  83.308029
0.956570  0.000000  0.000000  0.000000  -20.228022  14.798839  -1.428571  51.130314  17.296754  -3.066859  128.176756  25.954579  -156.685195  23.381781  83.308029
0.956938  0.000000  0.000000  0.000000  -20.228022  14.798839  7.142857  52.447527  10.556614  -8.526357  128.176756  25.954579  -156.685195  23.381781  83.308029
0.957306  0.000000  0.000000  0.000000  -20.228022  14.798839  15.714286  53.098466  3.726884  -13.749331  128.176756  25.954579  -156.685195  23.381781  83.308029
0.957674  0.000000  0.000000  0.000000  -20.228022  14.798839  24.285714  53.125170  -3.133222  -18.891373  128.176756  25.954579  -156.685195  23.381781  83.308029
0.958042  0.000000  0.000000  0.000000  -20.228022  14.798839  32.857143  52.529354  -9.967828  -24.101370  128.176756  25.954579  -156.685195  23.381781  83.308029
0.958410  0.000000  0.000000  0.000000  -20.228022  14.798839  41.428571  51.272571  -16.718280  -29.533828  128.176756  25.954579  -156.685195  23.381781  83.308029
0.958778  0.000000  0.000000  0.000000  -20.228022  14.798839  50.000000  49.272922  -23.316542  -35.361427  128.176756  25.954579  -156.685195  23.381781  83.308029
0.959146  0.000000  0.000000  0.000000  -28.785407  2.588939  -10.000000  55.924331  11.662273  16.402429  64.128129  -3.629526  -76.618934  47.160158  81.264451
0.959514  0.000000  0.000000  0.000000  -28.785407  2.588939  -1.428571  56.602769  4.530042  11.597233  64.128129  -3.629526  -76.618934  47.160158  81.264451
0.959882  0.000000  0.000000  0.000000  -28.785407  2.588939  7.142857  56.680939  -2.633281  6.886479  64.128129  -3.629526  -76.618934  47.160158  81.264451
0.960250  0.000000  0.000000  0.000000  -28.785407  2.588939  15.714286  56.164482  -9.778627  2.121070  64.128129  -3.629526  -76.618934  47.160158  81.264451
0.960618  0.000000  0.000000  0.000000  -28.785407  2.588939  24.285714  55.015813  -16.854767  -2.853469  64.128129  -3.629526  -76.618934  47.160158  81.264451
0.960986  0.000000  0.000000  0.000000  -28.785407  2.588939  32.857143  53.149456  -23.801837  -8.212542  64.128129  -3.629526  -76.618934  47.160158  81.264451
0.961354  0.000000  0.000000  0.000000  -28.785407  2.588939  41.428571  50.422315  -30.543153  -14.169754  64.128129  -3.629526  -76.618934  47.160158  81.264451
0.961722  0.000000  0.000000  0.000000  -28.785407  2.588939  50.000000  46.619910  -36.973654  -20.996050  64.128129  -3.629526  -76.618934  47.160158  81.264451
0.962091  0.000000  0.000000  0.000000  -37.202385  1.308146  -10.000000  45.605501  26.672267  5.128337  10.036798  -19.503651  84.980007  70.008135  79.113791
0.962459  0.000000  0.000000  0.000000  -37.202385  1.308146  -1.428571  48.162673  20.408348  -1.259175  10.036798  -19.503651  84.980007  70.008135  79.113791
0.962827  0.000000  0.000000  0.000000  -37.202385  1.308146  7.142857  49.902277  13.930290  -7.138078  10.036798  -19.503651  84.980007  70.008135  79.113791
0.963195  0.000000  0.000000  0.000000  -37.202385  1.308146  15.714286  50.928807  7.319141  -12.692188  10.036798  -19.503651  84.980007  70.008135  79.113791
0.963563  0.000000  0.000000  0.000000  -37.202385  1.308146  24.285714  51.303924  0.642003  -18.082810  10.036798  -19.503651  84.980007  70.008135  79.113791
0.963931  0.000000  0.000000  0.000000  -37.202385  1.308146  32.857143  51.050096  -6.040791  -23.459295  10.036798  -19.503651  84.980007  70.008135  79.113791
0.964299  0.000000  0.000000  0.000000  -37.202385  1.308146  41.428571  50.152133  -12.669502  -28.970027  10.036798  -19.503651  84.980007  70.008135  79.113791
0.964667  0.000000  0.000000  0.000000  -37.202385  1.308146  50.000000  48.556114  -19.178855  -34.773176  10.036798  -19.503651  84.980007  70.008135  79.113791
0.965035  0.000000  0.000000  0.000000  -27.303981  16.998743  -10.000000  39.717420  24.592281  11.078174  69.233015  23.131193  -48.172337  38.529323  81.604376
0.965403  0.000000  0.000000  0.000000  -27.303981  16.998743  -1.428571  42.306281  18.960166  4.115601  69.233015  23.131193  -48.172337  38.529323  81.604376
0.965771  0.000000  0.000000  0.000000  -27.303981  16.998743  7.142857  44.103926  13.085525  -2.382121  69.233015  23.131193  -48.172337  38.529323  81.604376
0.966139  0.000000  0.000000  0.000000  -27.303981  16.998743  15.714286  45.189026  7.056162  -8.572986  69.233015  23.131193  -48.172337  38.529323  81.604376
0.966507  0.000000  0.000000  0.000000  -27.303981  16.998743  24.285714  45.610851  0.947431  -14.603319  69.233015  23.131193  -48.172337  38.529323  81.604376
0.966875  0.000000  0.000000  0.000000  -27.303981  16.998743  32.857143  45.388860  -5.171742  -20.612361  69.233015  23.131193  -48.172337  38.529323  81.604376
0.967243  0.000000  0.000000  0.000000  -27.303981  16.998743  41.428571  44.512816  -11.233288  -26.738373  69.233015  23.131193  -48.172337  38.529323  81.604376
0.967611  0.000000  0.000000  0.000000  -27.303981  16.998743  50.000000  42.942637  -17.164470  -33.124911  69.233015  23.131193  -48.172337  38.529323  81.604376
0.967979  0.000000  0.000000  0.000000  -17.722381  1.726760  -10.000000  55.910104  24.847015  8.280554  -12.164361  14.874704  14.180060  59.220814  86.561344
0.968347  0.000000  0.000000  0.000000  -17.722381  1.726760  -1.428571  57.738277  17.667851  3.250834  -12.164361  14.874704  14.180060  59.220814  86.561344
0.968715  0.000000  0.000000  0.000000  -17.722381  1.726760  7.142857  58.864955  10.370953  -1.388218  -12.164361  14.874704  14.180060  59.220814  86.561344
0.969084  0.000000  0.000000  0.000000  -17.722381  1.726760  15.714286  59.381938  3.010622  -5.814121  -12.164361  14.874704  14.180060  59.220814  86.561344
0.969452  0.000000  0.000000  0.000000  -17.722381  1.726760  24.285714  59.330111  -4.367389  -10.180284  -12.164361  14.874704  14.180060  59.220814  86.561344
0.969820  0.000000  0.000000  0.000000  -17.722381  1.726760  32.857143  58.705414  -11.719644  -14.633424  -12.164361  14.874704  14.180060  59.220814  86.561344
0.970188  0.000000  0.000000  0.000000  -17.722381  1.726760  41.428571  57.458243  -18.999332  -19.329990  -12.164361  14.874704  14.180060  59.220814  86.561344
0.970556  0.000000  0.000000  0.000000  -17.722381  1.726760  50.000000  55.486231  -26.149754  -24.454114  -12.164361  14.874704  14.180060  59.220814  86.561344
0.970924  0.000000  0.000000  0.000000  -30.457454  12.369384  -10.000000  56.730799  5.699710  21.069376  -16.308728  63.398789  -43.589988  68.155097  81.720275
0.971292  0.000000  0.000000  0.000000  -30.457454  12.369384  -1.428571  56.904031  -1.477997  16.378037  -16.308728  63.398789  -43.589988  68.155097  81.720275
0.971660  0.000000  0.000000  0.000000  -30.457454  12.369384  7.142857  56.486364  -8.645741  11.656168  -16.308728  63.398789  -43.589988  68.155097  81.720275
0.972028  0.000000  0.000000  0.000000  -30.457454  12.369384  15.714286  55.447265  -15.753439  6.751218  -16.308728  63.398789  -43.589988  68.155097  81.720275
0.972396  0.000000  0.000000  0.000000  -30.457454  12.369384  24.285714  53.709218  -22.743544  1.492189  -16.308728  63.398789  -43.589988  68.155097  81.720275
0.972764  0.000000  0.000000  0.000000  -30.457454  12.369384  32.857143  51.138630  -29.543197  -4.327556  -16.308728  63.398789  -43.589988  68.155097  81.720275
0.973132  0.000000  0.000000  0.000000  -30.457454  12.369384  41.428571  47.531997  -36.053305  -10.969752  -16.308728  63.398789  -43.589988  68.155097  81.720275
0.973500  0.000000  0.000000  0.000000  -30.457454  12.369384  50.000000  42.602740  -42.132599  -18.768533  -16.308728  63.398789  -43.589988  68.155097  81.720275
0.973868  0.000000  0.000000  0.000000  -7.140123  14.998615  -10.000000  44.699021  2.983087  1.973836  -10.228247  86.769047  -46.528133  61.430483  83.871413
0.974236  0.000000  0.000000  0.000000  -7.140123  14.998615  -1.428571  44.695369  -3.051409  -4.116213  -10.228247  86.769047  -46.528133  61.430483  83.871413
0.974604  0.000000  0.000000  0.000000  -7.140123  14.998615  7.142857  44.044630  -9.051116  -10.274953  -10.228247  86.769047  -46.528133  61.430483  83.871413
0.974972  0.000000  0.000000  0.000000  -7.140123  14.998615  15.714286  42.718212  -14.944622  -16.641101  -10.228247  86.769047  -46.528133  61.430483  83.871413
0.975340  0.000000  0.000000  0.000000  -7.140123  14.998615  24.285714  40.659339  -20.652184  -23.361330  -10.228247  86.769047  -46.528133  61.430483  83.871413
0.975709  0.000000  0.000000  0.000000  -7.140123  14.998615  32.857143  37.784850  -26.079927  -30.592890  -10.228247  86.769047  -46.528133  61.430483  83.871413
0.976077  0.000000  0.000000  0.000000  -7.140123  14.998615  41.428571  33.991474  -31.113451  -38.500867  -10.228247  86.769047  -46.528133  61.430483  83.871413
0.976445  0.000000  0.000000  0.000000  -7.140123  14.998615  50.000000  29.173108  -35.612558  -47.243871  -10.228247  86.769047  -46.528133  61.430483  83.871413
0.976813  0.000000  0.000000  0.000000  -39.239800  -12.400413  -10.000000  56.265591  27.058542  4.671396  4.142774  70.244200  -20.971690  43.673045  84.454959
0.977181  0.000000  0.000000  0.000000  -39.239800  -12.400413  -1.428571  58.279674  19.842763  -0.376826  4.142774  70.244200  -20.971690  43.673045  84.454959
0.977549  0.000000  0.000000  0.000000  -39.239800  -12.400413  7.142857  59.565058  12.497496  -4.980586  4.142774  70.244200  -20.971690  43.673045  84.454959
0.977917  0.000000  0.000000  0.000000  -39.239800  -12.400413  15.714286  60.230888  5.078461  -9.327565  4.142774  70.244200  -20.971690  43.673045  84.454959
0.978285  0.000000  0.000000  0.000000  -39.239800  -12.400413  24.285714  60.331570  -2.368981  -13.574994  4.142774  70.244200  -20.971690  43.673045  84.454959
0.978653  0.000000  0.000000  0.000000  -39.239800  -12.400413  32.857143  59.875183  -9.803269  -17.868521  4.142774  70.244200  -20.971690  43.673045  84.454959
0.979021  0.000000  0.000000  0.000000  -39.239800  -12.400413  41.428571  58.824775  -17.181128  -22.359149  4.142774  70.244200  -20.971690  43.673045  84.454959
0.979389  0.000000  0.000000  0.000000  -39.239800  -12.400413  50.000000  57.092605  -24.451491  -27.221033  4.142774  70.244200  -20.971690  43.673045  84.454959
0.979757  0.000000  0.000000  0.000000  -16.574929  14.197604  -10.000000  51.362634  30.750209  9.290435  -30.332092  43.638335  -43.380548  22.380679  86.630254
0.980125  0.000000  0.000000  0.000000  -16.574929  14.197604  -1.428571  54.052644  23.924626  3.447160  -30.332092  43.638335  -43.380548  22.380679  86.630254
0.980493  0.000000  0.000000  0.000000  -16.574929  14.197604  7.142857  55.887140  16.900699  -1.799491  -30.332092  43.638335  -43.380548  22.380679  86.630254
0.980861  0.000000  0.000000  0.000000  -16.574929  14.197604  15.714286  57.011428  9.752881  -6.664729  -30.332092  43.638335  -43.380548  22.380679  86.630254
0.981229  0.000000  0.000000  0.000000  -16.574929  14.197604  24.285714  57.511514  2.539044  -11.323945  -30.332092  43.638335  -43.380548  22.380679  86.630254
0.981597  0.000000  0.000000  0.000000  -16.574929  14.197604  32.857143  57.424764  -4.691358  -15.931144  -30.332092  43.638335  -43.380548  22.380679  86.630254
0.981965  0.000000  0.000000  0.000000  -16.574929  14.197604  41.428571  56.744750  -11.890949  -20.634968  -30.332092  43.638335  -43.380548  22.380679  86.630254
0.982333  0.000000  0.000000  0.000000  -16.574929  14.197604  50.000000  55.420364  -19.008489  -25.594040  -30.332092  43.638335  -43.380548  22.380679  86.630254
0.982702  0.000000  0.000000  0.000000  -26.911946  18.166344  -10.000000  34.691382  24.235377  29.330367  -7.065428  26.378189  -27.682366  62.276420  79.982991
0.983070  0.000000  0.000000  0.000000  -26.911946  18.166344  -1.428571  37.454917  19.180745  21.875233  -7.065428  26.378189  -27.682366  62.276420  79.982991
0.983438  0.000000  0.000000  0.000000  -26.911946  18.166344  7.142857  39.448642  13.843644  14.876111  -7.065428  26.378189  -27.682366  62.276420  79.982991
0.983806  0.000000  0.000000  0.000000  -26.911946  18.166344  15.714286  40.735218  8.317130  8.196753  -7.065428  26.378189  -27.682366  62.276420  79.982991
0.984174  0.000000  0.000000  0.000000  -26.911946  18.166344  24.285714  41.358801  2.682394  1.705108  -7.065428  26.378189  -27.682366  62.276420  79.982991
0.984542  0.000000  0.000000  0.000000  -26.911946  18.166344  32.857143  41.341703  -2.986356  -4.726725  -7.065428  26.378189  -27.682366  62.276420  79.982991
0.984910  0.000000  0.000000  0.000000  -26.911946  18.166344  41.428571  40.683303  -8.617201  -11.225159  -7.065428  26.378189  -27.682366  62.276420  79.982991
0.985278  0.000000  0.000000  0.000000  -26.911946  18.166344  50.000000  39.360076  -14.135703  -17.918291  -7.065428  26.378189  -27.682366  62.276420  79.982991
0.985646  0.000000  0.000000  0.000000  -10.081104  15.573021  -10.000000  36.897476  8.551823  14.678742  35.974650  11.268506  4.325937  62.220697  80.913512
0.986014  0.000000  0.000000  0.000000  -10.081104  15.573021  -1.428571  37.610395  3.356886  7.821518  35.974650  11.268506  4.325937  62.220697  80.913512
0.986382  0.000000  0.000000  0.000000  -10.081104  15.573021  7.142857  37.697706  -1.885462  1.037205  35.974650  11.268506  4.325937  62.220697  80.913512
0.986750  0.000000  0.000000  0.000000  -10.081104  15.573021  15.714286  37.161804  -7.101265  -5.788013  35.974650  11.268506  4.325937  62.220697  80.913512
0.987118  0.000000  0.000000  0.000000  -10.081104  15.573021  24.285714  35.988137  -12.215174  -12.768314  35.974650  11.268506  4.325937  62.220697  80.913512
0.987486  0.000000  0.000000  0.000000  -10.081104  15.573021  32.857143  34.146637  -17.146593  -20.018676  35.974650  11.268506  4.325937  62.220697  80.913512
0.987854  0.000000  0.000000  0.000000  -10.081104  15.573021  41.428571  31.595686  -21.806032  -27.653228  35.974650  11.268506  4.325937  62.220697  80.913512
0.988222  0.000000  0.000000  0.000000  -10.081104  15.573021  50.000000  28.290104  -26.092128  -35.779487  35.974650  11.268506  4.325937  62.220697  80.913512
0.988590  0.000000  0.000000  0.000000  -24.304042  19.793986  -10.000000  48.684213  18.524543  30.982889  -25.770809  8.382904  39.554955  77.769496  85.015382
0.988958  0.000000  0.000000  0.000000  -24.304042  19.793986  -1.428571  50.208044  12.006307  25.209184  -25.770809  8.382904  39.554955  77.769496  85.015382
0.989326  0.000000  0.000000  0.000000  -24.304042  19.793986  7.142857  51.040812  5.375397  19.711322  -25.770809  8.382904  39.554955  77.769496  85.015382
0.989695  0.000000  0.000000  0.000000  -24.304042  19.793986  15.714286  51.232362  -1.303581  14.332697  -25.770809  8.382904  39.554955  77.769496  85.015382
0.990063  0.000000  0.000000  0.000000  -24.304042  19.793986  24.285714  50.794115  -7.971058  8.925372  -25.770809  8.382904  39.554955  77.769496  85.015382
0.990431  0.000000  0.000000  0.000000  -24.304042  19.793986  32.857143  49.699915  -14.566174  3.339379  -25.770809  8.382904  39.554955  77.769496  85.015382
0.990799  0.000000  0.000000  0.000000  -24.304042  19.793986  41.428571  47.884176  -21.020689  -2.588229  -25.770809  8.382904  39.554955  77.769496  85.015382
0.991167  0.000000  0.000000  0.000000  -24.304042  19.793986  50.000000  45.238231  -27.251629  -9.043756  -25.770809  8.382904  39.554955  77.769496  85.015382
0.991535  0.000000  0.000000  0.000000  -32.836454  19.518472  -10.000000  57.096168  12.647667  18.135038  74.084422  8.189906  -59.741571  64.461243  87.309192
0.991903  0.000000  0.000000  0.000000  -32.836454  19.518472  -1.428571  57.830406  5.417507  13.470151  74.084422  8.189906  -59.741571  64.461243  87.309192
0.992271  0.000000  0.000000  0.000000  -32.836454  19.518472  7.142857  57.972619  -1.847485  8.916334  74.084422  8.189906  -59.741571  64.461243  87.309192
0.992639  0.000000  0.000000  0.000000  -32.836454  19.518472  15.714286  57.533501  -9.100724  4.324978  74.084422  8.189906  -59.741571  64.461243  87.309192
0.993007  0.000000  0.000000  0.000000  -32.836454  19.518472  24.285714  56.479877  -16.294155  -0.456445  74.084422  8.189906  -59.741571  64.461243  87.309192
0.993375  0.000000  0.000000  0.000000  -32.836454  19.518472  32.857143  54.730176  -23.372018  -5.600636  74.084422  8.189906  -59.741571  64.461243  87.309192
0.993743  0.000000  0.000000  0.000000  -32.836454  19.518472  41.428571  52.143931  -30.262915  -11.319073  74.084422  8.189906  -59.741571  64.461243  87.309192
0.994111  0.000000  0.000000  0.000000  -32.836454  19.518472  50.000000  48.505448  -36.868467  -17.883957  74.084422  8.189906  -59.741571  64.461243  87.309192
0.994479  0.000000  0.000000  0.000000  -18.041020  8.173967  -10.000000  50.820190  13.540535  0.596682  57.805782  13.905905  -44.162868  53.120076  79.871880
0.994847  0.000000  0.000000  0.000000  -18.041020  8.173967  -1.428571  51.785565  6.845744  -4.845102  57.805782  13.905905  -44.162868  53.120076  79.871880
0.995215  0.000000  0.000000  0.000000  -18.041020  8.173967  7.142857  52.106405  0.091540  -10.135211  57.805782  13.905905  -44.162868  53.120076  79.871880
0.995583  0.000000  0.000000  0.000000  -18.041020  8.173967  15.714286  51.802552  -6.663449  -15.423319  57.805782  13.905905  -44.162868  53.120076  79.871880
0.995951  0.000000  0.000000  0.000000  -18.041020  8.173967  24.285714  50.855228  -13.360657  -20.858951  57.805782  13.905905  -44.162868  53.120076  79.871880
0.996319  0.000000  0.000000  0.000000  -18.041020  8.173967  32.857143  49.205621  -19.935423  -26.603026  57.805782  13.905905  -44.162868  53.120076  79.871880
0.996688  0.000000  0.000000  0.000000  -18.041020  8.173967  41.428571  46.750776  -26.309822  -32.839327  57.805782  13.905905  -44.162868  53.120076  79.871880
0.997056  0.000000  0.000000  0.000000  -18.041020  8.173967  50.000000  43.338841  -32.383819  -39.784884  57.805782  13.905905  -44.162868  53.120076  79.871880
0.997424  0.000000  0.000000  0.000000  -37.707022  15.121478  -10.000000  40.784826  19.215329  16.799414  18.175390  61.179224  -38.551332  47.814817  80.565184
0.997792  0.000000  0.000000  0.000000  -37.707022  15.121478  -1.428571  42.666325  13.503803  10.134724  18.175390  61.179224  -38.551332  47.814817  80.565184
0.998160  0.000000  0.000000  0.000000  -37.707022  15.121478  7.142857  43.832876  7.624728  3.786532  18.175390  61.179224  -38.551332  47.814817  80.565184
0.998528  0.000000  0.000000  0.000000  -37.707022  15.121478  15.714286  44.333554  1.655764  -2.388058  18.175390  61.179224  -38.551332  47.814817  80.565184
0.998896  0.000000  0.000000  0.000000  -37.707022  15.121478  24.285714  44.189883  -4.332281  -8.525451  18.175390  61.179224  -38.551332  47.814817  80.565184
0.999264  0.000000  0.000000  0.000000  -37.707022  15.121478  32.857143  43.395662  -10.270065  -14.760552  18.175390  61.179224  -38.551332  47.814817  80.565184
0.999632  0.000000  0.000000  0.000000  -37.707022  15.121478  41.428571  41.916983  -16.084406  -21.232123  18.175390  61.179224  -38.551332  47.814817  80.565184
1.000000  0.000000  0.000000  0.000000  -37.707022  15.121478  50.000000  39.692772  -21.692760  -28.087138  18.175390  61.179224  -38.551332  47.814817  80.565184
