IKResults
version=1
nRows=6450
nColumns=18
inDegrees=yes

Units are S.I. units (second, meters, Newtons, ...)
If the header above contains a line with 'inDegrees', this indicates whether rotational values are in degrees (yes) or radians (no).

endheader
time	TH_x	TH_y	TH_z	TH_x_trans	TH_y_trans	TH_z_trans	SC_y	SC_z	SC_x	AC_y	AC_z	AC_x	GH_y	GH_z	GH_yy	EL_x	PS_y
      8.24000000	      7.35121194	   -177.52595785	      0.00000000	      0.10807906	      1.17540217	      0.01810448	    -19.99713704	      7.04506855	     31.07005230	     57.58682517	      0.90171944	     -5.59673502	     40.20415413	     60.90206936	    -43.96510679	     21.32069121	     63.11651243
      8.25000000	      7.40946740	   -177.59891865	      0.00000000	      0.10800450	      1.17548148	      0.01813607	    -19.97616790	      6.94101603	     30.93908967	     57.48227186	      1.02562064	     -5.70155014	     40.45336026	     60.81218041	    -44.56228703	     21.76567188	     63.35457209
      8.26000000	      7.51410667	   -177.72026558	      0.00000000	      0.10790843	      1.17544894	      0.01825762	    -19.95885936	      6.88739490	     30.91193428	     57.59365295	      0.94351092	     -5.49195662	     40.26344255	     60.57043358	    -44.77046208	     22.27836792	     63.52030688
      8.27000000	      7.56561403	   -177.65912983	      0.00000000	      0.10796869	      1.17567971	      0.01836405	    -20.10866626	      6.68870105	     30.86753839	     57.72883087	      1.00284425	     -5.58387000	     40.22288710	     60.40539446	    -44.99395924	     22.71907447	     63.68177301
      8.28000000	      7.66561220	   -177.78979361	      0.00000000	      0.10789221	      1.17570048	      0.01852344	    -20.07452594	      6.61899472	     30.84076657	     57.83421544	      0.92768845	     -5.42184814	     40.05595992	     60.16428738	    -45.21600720	     23.23479238	     63.84939030
      8.29000000	      7.72360462	   -177.75768906	      0.00000000	      0.10791565	      1.17594541	      0.01860331	    -20.14276801	      6.38345946	     30.70118030	     57.86498691	      1.04383063	     -5.60454865	     40.13074370	     60.11119792	    -45.52453256	     23.65586088	     64.08180674
      8.30000000	      7.80152824	   -177.83824798	      0.00000000	      0.10785865	      1.17610865	      0.01873525	    -20.11583157	      6.22756504	     30.60423999	     57.78927043	      1.12809183	     -5.75941409	     40.34098334	     60.02474067	    -46.01995598	     24.10909718	     64.27439335
      8.31000000	      7.93637942	   -177.98531146	      0.00000000	      0.10774420	      1.17607451	      0.01890929	    -20.05265993	      6.14461822	     30.54381227	     57.84844128	      1.07220599	     -5.58127724	     40.18134890	     59.82639327	    -46.13818913	     24.61198306	     64.47164340
      8.32000000	      8.02841159	   -178.02757376	      0.00000000	      0.10771103	      1.17621250	      0.01909082	    -20.09074199	      5.99999106	     30.50264721	     57.95081727	      1.05205673	     -5.52080499	     40.06421559	     59.60328038	    -46.33127685	     25.08364181	     64.58525451
      8.33000000	      8.06720104	   -177.93951155	      0.00000000	      0.10781022	      1.17644744	      0.01920584	    -20.22273472	      5.80014616	     30.42107234	     58.05798645	      1.09178489	     -5.68339478	     40.03043917	     59.48534139	    -46.58934442	     25.51012378	     64.69525293
      8.34000000	      8.15001513	   -178.03574426	      0.00000000	      0.10774839	      1.17656733	      0.01929215	    -20.11085705	      5.66611603	     30.29535792	     57.80710197	      1.24630831	     -5.99392500	     40.46614448	     59.47197924	    -47.31091323	     25.95045841	     65.02712912
      8.35000000	      8.23573536	   -178.05591779	      0.00000000	      0.10775886	      1.17666893	      0.01946068	    -20.13603212	      5.52163806	     30.15958266	     57.93065414	      1.25344505	     -5.90123747	     40.23571850	     59.30773737	    -47.34315190	     26.38553622	     65.42366814
      8.36000000	      8.31371800	   -178.06855458	      0.00000000	      0.10776619	      1.17680554	      0.01962023	    -20.15686437	      5.36719584	     30.03588017	     58.01873821	      1.27631430	     -5.85767542	     40.08504667	     59.13849785	    -47.48813710	     26.81438881	     65.71612311
      8.37000000	      8.39574475	   -178.11404349	      0.00000000	      0.10776713	      1.17687726	      0.01978258	    -20.14763685	      5.25510396	     29.91466170	     58.08257387	      1.30651707	     -5.81956123	     39.96272665	     58.99008297	    -47.59060589	     27.21326957	     65.99677203
      8.38000000	      8.46441519	   -178.12878751	      0.00000000	      0.10776721	      1.17697532	      0.01993783	    -20.14663842	      5.15225929	     29.78552717	     58.06603192	      1.35946070	     -5.87608521	     39.99825370	     58.86774694	    -47.94712184	     27.60890614	     66.12625058
      8.39000000	      8.54464170	   -178.14419335	      0.00000000	      0.10782221	      1.17702734	      0.02012537	    -20.16187759	      5.06064463	     29.67481188	     58.09611312	      1.44255572	     -5.98662286	     40.00383118	     58.77882811	    -48.15419715	     27.97547980	     66.25762321
      8.40000000	      8.58739493	   -178.27491472	      0.00000000	      0.10769949	      1.17721359	      0.02026315	    -20.00581407	      4.88572380	     29.38769275	     57.94137795	      1.58958300	     -6.04318541	     40.18121597	     58.77786102	    -48.49500900	     28.26587152	     66.74366571
      8.41000000	      8.72068062	   -178.22413270	      0.00000000	      0.10773708	      1.17707793	      0.02052161	    -20.20879265	      4.92693439	     29.36934935	     58.27292923	      1.49838707	     -5.46505911	     39.57908479	     58.29612773	    -48.34040148	     28.66588999	     67.66931697
      8.42000000	      8.73637176	   -178.29597056	      0.00000000	      0.10771779	      1.17732955	      0.02055084	    -19.99656657	      4.72826266	     29.08936518	     57.84208003	      1.79537025	     -6.08742974	     40.29140117	     58.57578789	    -48.95423739	     28.86200549	     67.10572981
      8.43000000	      8.80821335	   -178.26828551	      0.00000000	      0.10775820	      1.17739018	      0.02080617	    -20.09999039	      4.64635492	     28.95980532	     58.13349522	      1.78215862	     -5.79117515	     39.81980760	     58.31324467	    -48.82274659	     29.17514441	     67.78518574
      8.44000000	      8.87096089	   -178.35195912	      0.00000000	      0.10772871	      1.17750699	      0.02091487	    -19.96757398	      4.52207468	     28.80901918	     57.87729286	      1.95015020	     -6.06726609	     40.20631235	     58.38220895	    -49.10315163	     29.36764691	     67.10964591
      8.45000000	      8.94794431	   -178.33938349	      0.00000000	      0.10776045	      1.17756780	      0.02116570	    -20.04648521	      4.44237000	     28.74027886	     58.05508825	      1.93677852	     -5.90619503	     39.93114616	     58.19527296	    -49.07177994	     29.62482687	     67.50504145
      8.46000000	      9.01670046	   -178.34261144	      0.00000000	      0.10778919	      1.17764902	      0.02136414	    -20.07870200	      4.36306044	     28.71485878	     58.22015168	      1.88893615	     -5.74307309	     39.62907385	     57.99692501	    -48.98165168	     29.82058936	     67.98247289
      8.47000000	      9.03691198	   -178.46925933	      0.00000000	      0.10773376	      1.17782629	      0.02149922	    -19.89249574	      4.21737728	     28.59618130	     57.98873243	      1.99694645	     -6.07477786	     39.99458215	     58.13406269	    -49.17818468	     29.89501719	     67.63229643
      8.48000000	      9.11137041	   -178.47846686	      0.00000000	      0.10774013	      1.17785351	      0.02171187	    -19.91033728	      4.16910559	     28.63823995	     58.08420527	      1.90891024	     -6.03912483	     39.82234505	     58.01913673	    -49.18685857	     30.08368228	     67.82813895
      8.49000000	      9.17621105	   -178.52231772	      0.00000000	      0.10770569	      1.17790190	      0.02189871	    -19.88227471	      4.10523847	     28.61222076	     58.07493078	      1.89033889	     -6.00764375	     39.79508923	     57.95220903	    -49.18599813	     30.19926918	     67.85976902
      8.50000000	      9.22762085	   -178.54455641	      0.00000000	      0.10774988	      1.17792035	      0.02191598	    -19.78522714	      4.09874943	     28.61257003	     58.02594812	      1.86187136	     -5.94150599	     39.70094374	     57.81592545	    -49.21183632	     30.29080634	     67.91673705
      8.51000000	      9.24358589	   -178.53287140	      0.00000000	      0.10780709	      1.17811616	      0.02228528	    -19.89483853	      3.95370045	     28.64939204	     58.28409182	      1.80592297	     -6.05065145	     39.49717914	     57.77955493	    -49.06787160	     30.37655724	     68.04047864
      8.52000000	      9.28474554	   -178.57227858	      0.00000000	      0.10773527	      1.17816846	      0.02240334	    -19.83365548	      3.89785477	     28.92066979	     58.03256359	      1.63874710	     -6.45450010	     39.92782760	     57.86907527	    -49.33651494	     30.40136021	     67.48425087
      8.53000000	      9.35751369	   -178.76621683	      0.00000000	      0.10750744	      1.17800258	      0.02263571	    -19.70745738	      3.99362474	     28.91772502	     58.02688356	      1.45541982	     -6.02076029	     39.73292939	     57.69068305	    -49.20340699	     30.45072814	     67.84023644
      8.54000000	      9.39044589	   -178.65916551	      0.00000000	      0.10769362	      1.17813653	      0.02277026	    -19.80595368	      3.90523299	     28.94193479	     58.16315403	      1.58361311	     -6.16360398	     39.67395798	     57.57056507	    -49.32765228	     30.52140391	     67.82514229
      8.55000000	      9.38961471	   -178.72033107	      0.00000000	      0.10765118	      1.17814147	      0.02294347	    -19.75448371	      3.91692100	     28.89523508	     58.19888382	      1.54934046	     -6.08207685	     39.58692038	     57.50624769	    -49.30051857	     30.52525557	     67.93118959
      8.56000000	      9.39126211	   -178.74856888	      0.00000000	      0.10763605	      1.17815201	      0.02308188	    -19.72643070	      3.91459784	     28.85711981	     58.22245865	      1.53594032	     -6.02361189	     39.51728976	     57.45004905	    -49.26446835	     30.51678636	     68.02788019
      8.57000000	      9.37758038	   -178.72582411	      0.00000000	      0.10763903	      1.17821044	      0.02319795	    -19.74076547	      3.87730952	     28.81540589	     58.23119286	      1.52990886	     -6.03014009	     39.47841219	     57.45117267	    -49.16432589	     30.46259817	     68.09970801
      8.58000000	      9.35709083	   -178.73233857	      0.00000000	      0.10764046	      1.17821770	      0.02330151	    -19.71638152	      3.88185879	     28.77597067	     58.22536843	      1.51217930	     -6.00528218	     39.43363619	     57.42789740	    -49.10530986	     30.42387720	     68.16056418
      8.59000000	      9.34271100	   -178.77412297	      0.00000000	      0.10759531	      1.17815708	      0.02339056	    -19.65196292	      3.91871636	     28.73624132	     58.20237602	      1.46836841	     -5.90268366	     39.35743496	     57.39081415	    -49.01169545	     30.37585681	     68.27139282
      8.60000000	      9.26980629	   -178.71498164	      0.00000000	      0.10761473	      1.17834114	      0.02337416	    -19.60588928	      3.80969290	     28.55702583	     57.87532109	      1.66685031	     -6.34051710	     39.88197908	     57.68157126	    -49.12978043	     30.22598788	     67.58801454
      8.61000000	      9.23258359	   -178.70393148	      0.00000000	      0.10762257	      1.17829868	      0.02342337	    -19.59271968	      3.85565390	     28.50171289	     57.89639998	      1.64770651	     -6.20663502	     39.73665715	     57.61656436	    -48.93715116	     30.14387457	     67.73171044
      8.62000000	      9.19924117	   -178.68069385	      0.00000000	      0.10763290	      1.17826678	      0.02350468	    -19.60133197	      3.88989864	     28.45229772	     57.94594627	      1.62756913	     -6.09473327	     39.57988225	     57.56798321	    -48.75538125	     30.06899035	     67.85689294
      8.63000000	      9.16235735	   -178.68474257	      0.00000000	      0.10761306	      1.17824224	      0.02358540	    -19.58161749	      3.92857553	     28.39074810	     57.93987938	      1.61729169	     -6.00371982	     39.50963525	     57.54944441	    -48.61787482	     29.97672515	     67.89790103
      8.64000000	      9.11262635	   -178.69271973	      0.00000000	      0.10759294	      1.17820996	      0.02360681	    -19.51659986	      3.98007103	     28.32202810	     57.85585486	      1.62447911	     -5.96468804	     39.53999914	     57.54342778	    -48.60953982	     29.88392775	     67.77281958
      8.65000000	      9.07511569	   -178.68603525	      0.00000000	      0.10757001	      1.17818623	      0.02366538	    -19.49364282	      4.01359387	     28.26808035	     57.82066536	      1.64524394	     -5.92592946	     39.52796453	     57.54646238	    -48.48488848	     29.76973717	     67.72877528
      8.66000000	      9.03498772	   -178.73407266	      0.00000000	      0.10748957	      1.17815819	      0.02367418	    -19.38632246	      4.06102962	     28.17802750	     57.50922389	      1.79566775	     -6.12888553	     40.01430630	     57.67273869	    -48.68836262	     29.62794494	     66.98795637
      8.67000000	      8.99501672	   -178.72547819	      0.00000000	      0.10748615	      1.17814350	      0.02373793	    -19.36346297	      4.08646874	     28.13704715	     57.55217208	      1.77663959	     -6.02804305	     39.85169167	     57.65395112	    -48.44737396	     29.51026325	     67.10199669
      8.68000000	      8.96587108	   -178.72431638	      0.00000000	      0.10744893	      1.17810315	      0.02381876	    -19.35130899	      4.14236132	     28.10509655	     57.52732279	      1.79331401	     -5.95962871	     39.85862190	     57.62703189	    -48.41159418	     29.41128024	     66.97323974
      8.69000000	      8.93174521	   -178.73634275	      0.00000000	      0.10740685	      1.17808417	      0.02387479	    -19.31057342	      4.18154314	     28.06576436	     57.46059786	      1.83467167	     -5.94314555	     39.92132095	     57.63760529	    -48.34466262	     29.28434068	     66.81000338
      8.70000000	      8.90445014	   -178.73827893	      0.00000000	      0.10737954	      1.17806685	      0.02394236	    -19.28028079	      4.21063677	     28.02378419	     57.42981306	      1.85473588	     -5.90553872	     39.90960647	     57.66283858	    -48.22533041	     29.16763871	     66.74287355
      8.71000000	      8.86820800	   -178.71565517	      0.00000000	      0.10734500	      1.17805886	      0.02399108	    -19.26111386	      4.24708229	     27.95316747	     57.31902268	      1.92852510	     -5.95344630	     40.05325526	     57.73538806	    -48.22168478	     29.03231597	     66.45017447
      8.72000000	      8.84836474	   -178.72728387	      0.00000000	      0.10732898	      1.17808914	      0.02409949	    -19.24680151	      4.24176753	     27.93660308	     57.41191178	      1.92749064	     -5.83010064	     39.85887275	     57.71053204	    -47.93126144	     28.91132046	     66.64358094
      8.73000000	      8.81817848	   -178.69149629	      0.00000000	      0.10734138	      1.17807057	      0.02419833	    -19.27545778	      4.28636395	     27.88207670	     57.51421197	      1.93415991	     -5.66200395	     39.64352569	     57.65888514	    -47.76110375	     28.81923075	     66.91231621
      8.74000000	      8.80555176	   -178.73098040	      0.00000000	      0.10725198	      1.17807126	      0.02422233	    -19.17966814	      4.31151887	     27.81497858	     57.23137981	      2.10614046	     -5.86359517	     40.11460474	     57.80228417	    -47.98042260	     28.66729564	     66.27345839
      8.75000000	      8.80715340	   -178.75060523	      0.00000000	      0.10720469	      1.17803489	      0.02434091	    -19.17963207	      4.34457516	     27.79720677	     57.37190626	      2.08094923	     -5.58174652	     39.80222427	     57.71523339	    -47.62582173	     28.55243055	     66.75191485
      8.76000000	      8.79314631	   -178.74857539	      0.00000000	      0.10719600	      1.17804089	      0.02446737	    -19.17656707	      4.35816706	     27.77352990	     57.46077443	      2.08375330	     -5.45175207	     39.60638685	     57.69947076	    -47.39440966	     28.45245349	     67.01145041
      8.77000000	      8.76254208	   -178.71876034	      0.00000000	      0.10719354	      1.17813227	      0.02452536	    -19.16630060	      4.35159188	     27.74289390	     57.34119229	      2.21583065	     -5.64044233	     39.89567356	     57.79425793	    -47.61298799	     28.32978421	     66.54420249
      8.78000000	      8.78241778	   -178.67699263	      0.00000000	      0.10720180	      1.17815394	      0.02464069	    -19.20145467	      4.32459881	     27.71372780	     57.36038919	      2.30516834	     -5.64689285	     39.87975453	     57.85734123	    -47.48479749	     28.23008652	     66.49612810
      8.79000000	      8.73720573	   -178.68461734	      0.00000000	      0.10718259	      1.17819668	      0.02468302	    -19.15978890	      4.36515836	     27.69873725	     57.34051360	      2.33184657	     -5.61675227	     39.88175530	     57.87040756	    -47.37945726	     28.07319883	     66.42459123
      8.80000000	      8.75925016	   -178.69736440	      0.00000000	      0.10716695	      1.17816419	      0.02476652	    -19.13428530	      4.38983721	     27.71486707	     57.35822794	      2.36106796	     -5.53667844	     39.80754062	     57.88593813	    -47.20569451	     27.95144997	     66.49469437
      8.81000000	      8.76419446	   -178.71994237	      0.00000000	      0.10711518	      1.17825353	      0.02491347	    -19.12750109	      4.35074631	     27.70219151	     57.29683365	      2.49234405	     -5.61994461	     40.01356089	     57.95681601	    -47.25283730	     27.84334736	     66.08782985
      8.82000000	      8.75268710	   -178.81884006	      0.00000000	      0.10705846	      1.17812514	      0.02490897	    -18.96513494	      4.47252474	     27.68417799	     57.24954781	      2.45654374	     -5.43604788	     39.86421580	     57.97623857	    -46.90579854	     27.67622810	     66.36235341
      8.83000000	      8.76594441	   -178.71913119	      0.00000000	      0.10713850	      1.17829680	      0.02510549	    -19.11181692	      4.37244187	     27.69397057	     57.41640579	      2.55411285	     -5.43126785	     39.75379870	     57.98586362	    -46.80230777	     27.57507745	     66.46041777
      8.84000000	      8.76732634	   -178.68016921	      0.00000000	      0.10713786	      1.17844413	      0.02519348	    -19.13786020	      4.29154480	     27.68661204	     57.43008710	      2.61303195	     -5.45613809	     39.76866707	     58.06613050	    -46.73520802	     27.45066300	     66.35211056
      8.85000000	      8.76034082	   -178.71881919	      0.00000000	      0.10715859	      1.17838544	      0.02525631	    -19.08451057	      4.38298975	     27.70218075	     57.38850455	      2.70855083	     -5.49240753	     39.87610894	     58.10550829	    -46.71543243	     27.30026817	     66.04518654
      8.86000000	      8.76650247	   -178.72547445	      0.00000000	      0.10716943	      1.17843284	      0.02532772	    -19.05413874	      4.36665427	     27.71172938	     57.38647971	      2.76167889	     -5.47927074	     39.85186926	     58.17517995	    -46.51441910	     27.14461603	     66.01099453
      8.87000000	      8.78584963	   -178.73542309	      0.00000000	      0.10717865	      1.17846367	      0.02545992	    -19.06249203	      4.37446063	     27.73183633	     57.46583767	      2.81096912	     -5.37046228	     39.73406225	     58.17438679	    -46.31821398	     27.02108024	     66.17724854
      8.88000000	      8.79486177	   -178.72910796	      0.00000000	      0.10722667	      1.17850834	      0.02555575	    -19.06505350	      4.37527462	     27.73793852	     57.52174581	      2.87073428	     -5.30862666	     39.64789594	     58.20532039	    -46.16088842	     26.89109750	     66.28029741
      8.89000000	      8.81885848	   -178.73612349	      0.00000000	      0.10725100	      1.17855448	      0.02567695	    -19.07310681	      4.36428526	     27.75823528	     57.57994928	      2.94165888	     -5.24872574	     39.58337838	     58.24411547	    -45.99048759	     26.75171311	     66.38620455
      8.90000000	      8.81797833	   -178.80254360	      0.00000000	      0.10724469	      1.17858338	      0.02570605	    -18.97937390	      4.37529082	     27.77802104	     57.36540552	      3.12454575	     -5.47140187	     40.02728603	     58.41565865	    -46.06928024	     26.49927718	     65.26821665
      8.91000000	      8.81317574	   -178.79036768	      0.00000000	      0.10725406	      1.17864141	      0.02572646	    -18.93467996	      4.36716311	     27.77222035	     57.28937565	      3.14959587	     -5.50680447	     40.03984192	     58.57323774	    -45.80320506	     26.33951875	     65.30161012
      8.92000000	      8.83250077	   -178.76999065	      0.00000000	      0.10733093	      1.17871495	      0.02581923	    -18.94842833	      4.35811087	     27.81233011	     57.33899487	      3.24087436	     -5.53050548	     40.02266786	     58.62051327	    -45.77425830	     26.22460700	     65.27711833
      8.93000000	      8.85172045	   -178.75303085	      0.00000000	      0.10741604	      1.17874618	      0.02588131	    -18.95078780	      4.36628965	     27.85863367	     57.36534268	      3.32396357	     -5.54489086	     40.01220703	     58.67905919	    -45.70596215	     26.07963309	     65.26812889
      8.94000000	      8.86655838	   -178.73646385	      0.00000000	      0.10749603	      1.17880375	      0.02596302	    -18.96580355	      4.37550633	     27.91261153	     57.40273032	      3.41686918	     -5.55836569	     40.01403370	     58.72074512	    -45.66286923	     25.93754635	     65.24723387
      8.95000000	      8.87047671	   -178.80798866	      0.00000000	      0.10746397	      1.17883474	      0.02603713	    -18.89525707	      4.37018587	     27.94073108	     57.40898638	      3.41634899	     -5.43398135	     39.90067736	     58.83792970	    -45.10552755	     25.67539104	     65.34608042
      8.96000000	      8.91450267	   -178.84825895	      0.00000000	      0.10751077	      1.17878947	      0.02615161	    -18.86288161	      4.43685204	     28.00815498	     57.47159071	      3.45624567	     -5.31730544	     39.79897006	     58.83588717	    -45.08106919	     25.57772841	     65.43862858
      8.97000000	      8.94458126	   -178.86570717	      0.00000000	      0.10759285	      1.17882768	      0.02625867	    -18.86410191	      4.47451668	     28.09210796	     57.58336860	      3.51964936	     -5.21307762	     39.67274257	     58.80906833	    -44.98015479	     25.44165765	     65.57363233
      8.98000000	      8.97873419	   -178.88120146	      0.00000000	      0.10766269	      1.17879329	      0.02634159	    -18.85338026	      4.53699162	     28.16431583	     57.64462190	      3.57103214	     -5.10185125	     39.56850525	     58.81839537	    -44.87692328	     25.31074398	     65.71546273
      8.99000000	      8.93090046	   -178.79458314	      0.00000000	      0.10771898	      1.17897613	      0.02634971	    -18.92289029	      4.43901641	     28.15945439	     57.59287045	      3.64978475	     -5.20570567	     39.60110180	     59.10047846	    -44.15799170	     24.94393593	     65.88901547
      9.00000000	      8.99396497	   -178.85425449	      0.00000000	      0.10778050	      1.17893565	      0.02646464	    -18.86599258	      4.51537753	     28.25934404	     57.69784039	      3.67999534	     -5.04299629	     39.42307009	     59.07057389	    -44.13988232	     24.86050432	     66.01692690
      9.01000000	      8.97378366	   -178.82805399	      0.00000000	      0.10785516	      1.17906100	      0.02645695	    -18.84029449	      4.43754486	     28.26437615	     57.64770014	      3.75046877	     -5.12645283	     39.39440775	     59.36027198	    -43.39085815	     24.51848414	     66.05754222
      9.02000000	      8.98626712	   -178.86618752	      0.00000000	      0.10791947	      1.17902311	      0.02650257	    -18.80226002	      4.53929752	     28.35095150	     57.71556688	      3.79493065	     -4.99331497	     39.27387755	     59.36668932	    -43.21807086	     24.33454296	     66.21372602
      9.03000000	      9.00645853	   -178.86837294	      0.00000000	      0.10799350	      1.17902842	      0.02656762	    -18.80908187	      4.60027685	     28.43779997	     57.76695199	      3.85760587	     -4.90206202	     39.18841494	     59.41724268	    -42.97795596	     24.14476642	     66.37481496
      9.04000000	      9.01145632	   -178.74950046	      0.00000000	      0.10811416	      1.17913726	      0.02658731	    -18.91143926	      4.54653714	     28.46841787	     57.76069742	      3.96254840	     -4.93776972	     39.17279511	     59.63045690	    -42.48972252	     23.86488352	     66.50221211
      9.05000000	      9.01105694	   -178.77564158	      0.00000000	      0.10818039	      1.17915857	      0.02663372	    -18.88013140	      4.60365093	     28.52748016	     57.78902468	      4.04418121	     -4.89775132	     39.11548717	     59.75734258	    -42.09568539	     23.61212567	     66.59300585
      9.06000000	      9.04411869	   -178.78305465	      0.00000000	      0.10827853	      1.17911785	      0.02670187	    -18.87758088	      4.67498109	     28.59422543	     57.87526551	      4.11875233	     -4.75956919	     38.93604389	     59.83985089	    -41.69121098	     23.40651426	     66.88726022
      9.07000000	      9.05669024	   -178.76279266	      0.00000000	      0.10833407	      1.17919679	      0.02676274	    -18.90934068	      4.68650251	     28.64232620	     57.95997469	      4.17769584	     -4.60790343	     38.77483900	     59.93452489	    -41.31203538	     23.19845596	     67.17951390
      9.08000000	      9.05313881	   -178.74538587	      0.00000000	      0.10841852	      1.17918961	      0.02683456	    -18.93975393	      4.76789122	     28.67479913	     58.03365207	      4.27982149	     -4.58927407	     38.69977828	     60.11963550	    -40.87106598	     22.91442044	     67.37714077
      9.09000000	      9.05469270	   -178.75569718	      0.00000000	      0.10851323	      1.17919923	      0.02678784	    -18.87414916	      4.83530758	     28.73138266	     58.04049437	      4.35098759	     -4.44741339	     38.55733954	     60.21195065	    -40.47885422	     22.68407657	     67.60497114
      9.10000000	      9.04578923	   -178.73992998	      0.00000000	      0.10857715	      1.17924428	      0.02681814	    -18.89150447	      4.88297981	     28.77351396	     58.06324067	      4.46341758	     -4.44957487	     38.55477400	     60.41441526	    -40.06490903	     22.40258761	     67.68027239
      9.11000000	      9.07818295	   -178.90055682	      0.00000000	      0.10855331	      1.17908172	      0.02683213	    -18.70179873	      5.06669471	     28.85861799	     58.01743375	      4.45124217	     -4.21494073	     38.44145809	     60.53238081	    -39.71885113	     22.17319510	     67.94254129
      9.12000000	      9.06618602	   -178.74936068	      0.00000000	      0.10875621	      1.17923616	      0.02683308	    -18.84258011	      5.04960005	     28.91968674	     58.08727177	      4.64084337	     -4.32520362	     38.43575840	     60.74105493	    -39.27884476	     21.88568845	     67.97086462
      9.13000000	      9.06511086	   -178.75418278	      0.00000000	      0.10882506	      1.17925129	      0.02684298	    -18.82828277	      5.12950309	     28.98365632	     58.11326333	      4.73339730	     -4.26888451	     38.38554193	     60.92616621	    -38.83068004	     21.60637500	     68.03675941
      9.14000000	      9.08224965	   -178.72969878	      0.00000000	      0.10887333	      1.17933318	      0.02687062	    -18.86340992	      5.15810491	     29.07125440	     58.15717290	      4.82914992	     -4.18024890	     38.33596168	     61.08186293	    -38.43638661	     21.35871350	     68.17184963
      9.15000000	      9.07595372	   -178.83772086	      0.00000000	      0.10889745	      1.17920377	      0.02688955	    -18.76410648	      5.36281307	     29.15555521	     58.23427466	      4.86857900	     -3.97493714	     38.17410969	     61.18959267	    -38.01472325	     21.08484290	     68.50456033
      9.16000000	      9.07715634	   -178.72852204	      0.00000000	      0.10903015	      1.17934817	      0.02689696	    -18.87059299	      5.35783767	     29.22460580	     58.30723935	      5.00496452	     -3.98376454	     38.11851073	     61.40282830	    -37.55275088	     20.82355479	     68.67235896
      9.17000000	      9.06498677	   -178.78269003	      0.00000000	      0.10909752	      1.17927201	      0.02688995	    -18.80463465	      5.53070438	     29.28550672	     58.35250616	      5.07414166	     -3.87999024	     38.02183367	     61.59855841	    -37.10397348	     20.54877266	     68.84659700
      9.18000000	      9.05220694	   -178.79650696	      0.00000000	      0.10916235	      1.17929091	      0.02685867	    -18.76507662	      5.63296351	     29.34743560	     58.37317302	      5.15903668	     -3.82987600	     37.97937059	     61.83364499	    -36.61391551	     20.24093233	     68.90679248
      9.19000000	      9.05122921	   -178.81111494	      0.00000000	      0.10923714	      1.17928355	      0.02684844	    -18.74995890	      5.75689262	     29.43526938	     58.43026625	      5.24575688	     -3.73684123	     37.91135288	     62.01463313	    -36.19596701	     19.96787621	     69.01301999
      9.20000000	      9.04215762	   -178.83062357	      0.00000000	      0.10929350	      1.17928639	      0.02683861	    -18.72849993	      5.87520245	     29.50808719	     58.49090109	      5.32015275	     -3.65113861	     37.83363307	     62.23539233	    -35.70317383	     19.68602781	     69.13363398
      9.21000000	      9.03371879	   -178.87292509	      0.00000000	      0.10935241	      1.17930240	      0.02681829	    -18.67325024	      5.97861985	     29.58985660	     58.57858297	      5.38541330	     -3.56636689	     37.71979073	     62.46197355	    -35.12120072	     19.38900254	     69.05073316
      9.22000000	      9.02379416	   -178.88776123	      0.00000000	      0.10938821	      1.17931777	      0.02683390	    -18.70124469	      6.12019686	     29.70018631	     58.61907342	      5.47675873	     -3.49160622	     37.75203265	     62.64256914	    -34.78121931	     19.13827713	     69.10939631
      9.23000000	      9.02004952	   -178.92041437	      0.00000000	      0.10945678	      1.17930756	      0.02683162	    -18.66752522	      6.24122427	     29.78294695	     58.78362905	      5.50780127	     -3.32890811	     37.51161587	     62.85757452	    -34.10555997	     18.84820581	     69.14556666
      9.24000000	      9.02375204	   -178.95010730	      0.00000000	      0.10949609	      1.17930416	      0.02681831	    -18.64674061	      6.37718227	     29.87646759	     58.82341545	      5.59069133	     -3.26604147	     37.50626195	     63.09398653	    -33.73165640	     18.58878513	     69.24329939
      9.25000000	      9.00463600	   -178.99632676	      0.00000000	      0.10951482	      1.17930401	      0.02684365	    -18.64628530	      6.54044653	     29.98107188	     58.91185358	      5.67441113	     -3.18970965	     37.52693511	     63.27648067	    -33.54422498	     18.33005368	     69.31565633
      9.26000000	      8.98250814	   -178.99664924	      0.00000000	      0.10965035	      1.17932295	      0.02678530	    -18.62837172	      6.71493207	     30.09356765	     58.95864306	      5.80228588	     -3.18001699	     37.51004612	     63.39080560	    -33.48453106	     18.25390802	     69.34125509
      9.27000000	      8.97046498	   -179.05522891	      0.00000000	      0.10960335	      1.17933483	      0.02672149	    -18.54767126	      6.79248541	     30.13470892	     59.01641726	      5.79433367	     -3.06402901	     37.41135798	     63.80794240	    -32.51974184	     17.77874190	     69.70586191
      9.28000000	      8.94680329	   -179.07917495	      0.00000000	      0.10969875	      1.17936935	      0.02671256	    -18.53959892	      6.96785544	     30.24786530	     59.09653400	      5.91562549	     -3.03893549	     37.40199823	     63.92283220	    -32.48923258	     17.71908400	     69.72006412
      9.29000000	      8.94711262	   -179.11544006	      0.00000000	      0.10975656	      1.17933865	      0.02670119	    -18.53146644	      7.15796326	     30.36443502	     59.19127162	      6.02707336	     -2.98902807	     37.39957855	     64.07437163	    -32.42980217	     17.57311447	     69.75148971
      9.30000000	      8.95825596	   -179.21766437	      0.00000000	      0.10961345	      1.17933873	      0.02676176	    -18.49823481	      7.22804594	     30.42787572	     59.33817296	      5.98717130	     -2.76650954	     37.29380503	     64.47217597	    -31.43600058	     17.07184537	     70.14229079
      9.31000000	      8.93363620	   -179.23399280	      0.00000000	      0.10969380	      1.17938346	      0.02671342	    -18.48554510	      7.39391371	     30.53924917	     59.41613093	      6.10633831	     -2.74189483	     37.28549298	     64.58343225	    -31.40332089	     17.02760280	     70.15691995
      9.32000000	      8.95809002	   -179.31939427	      0.00000000	      0.10961958	      1.17932558	      0.02676337	    -18.47230049	      7.51011920	     30.62643629	     59.58871110	      6.09840841	     -2.52235506	     37.14784002	     64.89523539	    -30.61319076	     16.66081219	     70.46243835
      9.33000000	      8.93187689	   -179.34355165	      0.00000000	      0.10967308	      1.17938178	      0.02673184	    -18.45917214	      7.67093052	     30.73470954	     59.67729576	      6.21320304	     -2.49544868	     37.15006224	     65.00556046	    -30.58635188	     16.62112712	     70.47490913
      9.34000000	      8.93185744	   -179.39203404	      0.00000000	      0.10969040	      1.17939905	      0.02672766	    -18.45322688	      7.83830694	     30.84617800	     59.78327547	      6.31974958	     -2.44605127	     37.16793361	     65.14982216	    -30.53481321	     16.53163655	     70.50190614
      9.35000000	      9.01463793	   -179.49509549	      0.00000000	      0.10956871	      1.17932174	      0.02677681	    -18.43989722	      7.93754257	     30.97985383	     59.89227188	      6.37442276	     -2.25221496	     37.18191594	     65.44963537	    -29.80048382	     16.10443096	     70.82543810
      9.36000000	      8.95220384	   -179.53497958	      0.00000000	      0.10957115	      1.17945200	      0.02679086	    -18.43983670	      8.06717893	     31.06073827	     59.99149660	      6.45465744	     -2.21926536	     37.21094109	     65.56606248	    -29.76466563	     16.11695146	     70.84043619
      9.37000000	      8.95288678	   -179.59419631	      0.00000000	      0.10957503	      1.17946632	      0.02683545	    -18.43903412	      8.22474502	     31.16467185	     60.10276754	      6.55530809	     -2.17400795	     37.23669845	     65.71483062	    -29.70497557	     16.06844894	     70.87097887
      9.38000000	      9.00414746	   -179.72954343	      0.00000000	      0.10936828	      1.17944470	      0.02692852	    -18.39574772	      8.28210981	     31.25321072	     60.31018534	      6.53300859	     -1.91463952	     37.10916957	     66.03975576	    -28.74041219	     15.69835031	     71.33682346
      9.39000000	      8.98578853	   -179.76381610	      0.00000000	      0.10937724	      1.17951994	      0.02692214	    -18.39548405	      8.42121188	     31.35489827	     60.40742449	      6.64060077	     -1.88793679	     37.13996145	     66.14629662	    -28.70697065	     15.71402690	     71.35204672
      9.40000000	      9.00788241	   -179.83098279	      0.00000000	      0.10933085	      1.17953593	      0.02698528	    -18.40659570	      8.55899495	     31.46965218	     60.52529252	      6.75019435	     -1.83562688	     37.19075205	     66.28247206	    -28.64804833	     15.68923206	     71.38401627
      9.41000000	      9.07697337	   -179.96713831	      0.00000000	      0.10910897	      1.17952625	      0.02716849	    -18.45772415	      8.63755479	     31.62504256	     60.68855039	      6.83425631	     -1.64518326	     37.32128876	     66.46077736	    -28.26842092	     15.42013479	     71.60340369
      9.42000000	      9.10731401	   -180.02149464	      0.00000000	      0.10902748	      1.17957404	      0.02719361	    -18.44649067	      8.71407343	     31.71368073	     60.82872733	      6.86373204	     -1.48533727	     37.22249744	     66.65775128	    -27.66642964	     15.34085004	     71.98758279
      9.43000000	      9.10596878	   -180.07014544	      0.00000000	      0.10898242	      1.17962284	      0.02721981	    -18.45588425	      8.83656267	     31.81194700	     60.94032966	      6.96320285	     -1.44905040	     37.27418074	     66.77099218	    -27.62348892	     15.37140196	     72.01387804
      9.44000000	      9.17186679	   -180.17000015	      0.00000000	      0.10880514	      1.17964853	      0.02735740	    -18.50742125	      8.91141975	     31.93440870	     61.12862629	      7.04735651	     -1.21625820	     37.27579467	     66.88358948	    -27.26024241	     15.26780449	     72.47615246
      9.45000000	      9.22140608	   -180.22774533	      0.00000000	      0.10868822	      1.17966699	      0.02748719	    -18.58291551	      9.00824790	     32.03476413	     61.34025830	      7.13719364	     -1.01799191	     37.21965241	     66.97481587	    -27.03275642	     15.27060036	     72.91004615
      9.46000000	      9.23785448	   -180.27108759	      0.00000000	      0.10857951	      1.17971498	      0.02756530	    -18.64563001	      9.10335145	     32.10949579	     61.52358584	      7.21152993	     -0.86683959	     37.20288667	     67.09202037	    -26.83468143	     15.25149485	     73.30120099
      9.47000000	      9.28462426	   -180.27349484	      0.00000000	      0.10851342	      1.17984893	      0.02760606	    -18.72265097	      9.11921070	     32.21123751	     61.63838344	      7.33398526	     -0.79267389	     37.27462293	     67.21273898	    -26.63673746	     15.24245346	     73.63512147
      9.48000000	      9.32347619	   -180.40582685	      0.00000000	      0.10828791	      1.17981199	      0.02776450	    -18.73067609	      9.24990849	     32.25484192	     61.77410582	      7.42465239	     -0.65494769	     37.34512018	     67.40053740	    -26.40971925	     15.22483454	     74.02534856
      9.49000000	      9.37434784	   -180.47195017	      0.00000000	      0.10812886	      1.17984109	      0.02787471	    -18.79704666	      9.32980951	     32.35522214	     61.94352366	      7.50632207	     -0.48895301	     37.36300535	     67.49199690	    -26.25801208	     15.24653977	     74.36083485
      9.50000000	      9.41915404	   -180.52009519	      0.00000000	      0.10797798	      1.17987862	      0.02800587	    -18.88920613	      9.40858874	     32.43162082	     62.10274073	      7.60114189	     -0.39040120	     37.43585261	     67.63535225	    -26.14679418	     15.26201089	     74.64864281
      9.51000000	      9.46036140	   -180.55978747	      0.00000000	      0.10781761	      1.17995715	      0.02809089	    -18.95793779	      9.45850081	     32.52960251	     62.23855870	      7.64976988	     -0.31428788	     37.50081965	     67.80589165	    -25.88180491	     15.25850950	     74.92107793
      9.52000000	      9.50762389	   -180.63300330	      0.00000000	      0.10763821	      1.17997848	      0.02821809	    -19.02549578	      9.53618212	     32.61346099	     62.38940452	      7.73492510	     -0.18935054	     37.57382554	     67.92623468	    -25.75792346	     15.27258982	     75.21666488
      9.53000000	      9.55874807	   -180.68121820	      0.00000000	      0.10746043	      1.18002222	      0.02833209	    -19.10867740	      9.59614532	     32.68633372	     62.53022264	      7.81866922	     -0.07568412	     37.64596170	     68.06047409	    -25.61386629	     15.30213723	     75.51563406
      9.54000000	      9.60513432	   -180.70825613	      0.00000000	      0.10730898	      1.18009631	      0.02844089	    -19.20450149	      9.64191838	     32.74974852	     62.66174271	      7.89729274	     -0.01955153	     37.73871114	     68.23719596	    -25.48424160	     15.32416230	     75.83758928
      9.55000000	      9.65131391	   -180.76174745	      0.00000000	      0.10712031	      1.18014064	      0.02856326	    -19.27634297	      9.70004949	     32.82648310	     62.78184921	      7.96884513	      0.06253718	     37.85045626	     68.37921442	    -25.42289997	     15.36080755	     76.10458617
      9.56000000	      9.70784227	   -180.81075959	      0.00000000	      0.10693342	      1.18017597	      0.02868642	    -19.37474388	      9.75718217	     32.92434627	     62.92568820	      8.03466441	      0.18575690	     37.93079576	     68.48826725	    -25.29468588	     15.39316489	     76.41299400
      9.57000000	      9.76295936	   -180.84299369	      0.00000000	      0.10676826	      1.18021968	      0.02881745	    -19.47700945	      9.80772687	     33.00417542	     63.07401842	      8.09757217	      0.29269412	     37.99081356	     68.61684094	    -25.17537227	     15.43855893	     76.72614965
      9.58000000	      9.80902770	   -180.90416495	      0.00000000	      0.10657153	      1.18029500	      0.02893199	    -19.54764188	      9.83920195	     33.07996420	     63.20506985	      8.16777096	      0.39846143	     38.09046133	     68.73653842	    -25.02545091	     15.45821577	     77.03946056
      9.59000000	      9.86742445	   -180.93773829	      0.00000000	      0.10640912	      1.18034158	      0.02908827	    -19.65447406	      9.88041141	     33.13987898	     63.37337864	      8.24414248	      0.53621885	     38.12519101	     68.83631215	    -24.96715222	     15.52908199	     77.39761460
      9.60000000	      9.93211886	   -180.97710649	      0.00000000	      0.10624378	      1.18038070	      0.02922064	    -19.75156967	      9.91825528	     33.20386004	     63.50881032	      8.33143721	      0.66292066	     38.19136519	     68.94096905	    -24.86015536	     15.58665726	     77.72926678
      9.61000000	      9.96898382	   -181.01352091	      0.00000000	      0.10608424	      1.18046621	      0.02934436	    -19.83523457	      9.94431777	     33.24783853	     63.63784204	      8.41311578	      0.75067878	     38.28742231	     69.05286090	    -24.83097321	     15.63907351	     78.04169633
      9.62000000	     10.03145811	   -181.07122134	      0.00000000	      0.10590813	      1.18051138	      0.02947873	    -19.91150543	      9.97574889	     33.32074761	     63.75112614	      8.50328771	      0.86903434	     38.39134878	     69.13825283	    -24.74338870	     15.68165235	     78.35450631
      9.63000000	     10.08674505	   -181.12444028	      0.00000000	      0.10574032	      1.18057705	      0.02960750	    -19.97929718	      9.99639543	     33.38998319	     63.85530111	      8.58286208	      0.96963110	     38.49895853	     69.22759285	    -24.68617959	     15.73964293	     78.65392838
      9.64000000	     10.13193726	   -181.18021829	      0.00000000	      0.10557679	      1.18066710	      0.02973767	    -20.03021967	     10.00473546	     33.44569862	     63.93944571	      8.65811037	      1.02670415	     38.63828281	     69.34921602	    -24.62573455	     15.78218213	     78.89761873
      9.65000000	     10.16391617	   -181.47227182	      0.00000000	      0.10522769	      1.18057167	      0.02976145	    -19.74778693	     10.15846961	     33.44384067	     63.88854914	      8.55316130	      1.36776966	     38.64640372	     69.43943574	    -24.43971127	     15.88622782	     79.06574441
      9.66000000	     10.23088647	   -181.28319366	      0.00000000	      0.10527373	      1.18079817	      0.03001697	    -20.16777364	     10.04054067	     33.57009301	     64.17522912	      8.82939263	      1.24219127	     38.81902219	     69.47953634	    -24.48725266	     15.89153539	     79.31542080
      9.67000000	     10.28387936	   -181.32723226	      0.00000000	      0.10513916	      1.18088353	      0.03013625	    -20.22969616	     10.04371541	     33.64821305	     64.25097650	      8.92704697	      1.32284718	     38.96095921	     69.52713005	    -24.46588366	     15.94516230	     79.54378910
      9.68000000	     10.33320811	   -181.42307510	      0.00000000	      0.10496518	      1.18096150	      0.03026260	    -20.24070880	     10.05653362	     33.72974671	     64.32094765	      9.01739627	      1.42205204	     39.09523104	     69.56403792	    -24.36220489	     15.99315814	     79.74661949
      9.69000000	     10.37644755	   -181.44410441	      0.00000000	      0.10484367	      1.18104051	      0.03039284	    -20.32234888	     10.05520312	     33.79933799	     64.42011733	      9.08981073	      1.50531701	     39.20066377	     69.61111494	    -24.37046086	     16.06430324	     79.99164023
      9.70000000	     10.42241585	   -181.51842667	      0.00000000	      0.10469883	      1.18111577	      0.03052434	    -20.34189088	     10.06889858	     33.88113898	     64.48784643	      9.17612511	      1.59490016	     39.32513792	     69.63431739	    -24.33329124	     16.12609663	     80.23198636
      9.71000000	     10.47192498	   -181.57735112	      0.00000000	      0.10456832	      1.18119514	      0.03064753	    -20.37548706	     10.06710311	     33.96740978	     64.56240212	      9.27235923	      1.67921240	     39.44790889	     69.64255430	    -24.31150103	     16.18885178	     80.46762395
      9.72000000	     10.50958446	   -181.60698333	      0.00000000	      0.10446547	      1.18127508	      0.03077249	    -20.43345855	     10.07033694	     34.05059166	     64.63809003	      9.38169810	      1.73438213	     39.57975505	     69.63810305	    -24.40061854	     16.26483405	     80.76649816
      9.73000000	     10.55061454	   -181.69765054	      0.00000000	      0.10429623	      1.18136105	      0.03089313	    -20.42368881	     10.08954966	     34.13886600	     64.59188379	      9.50359571	      1.76808473	     39.86985174	     69.61024394	    -25.19004273	     16.43963966	     82.43761196
      9.74000000	     10.58754885	   -181.78338476	      0.00000000	      0.10414247	      1.18146322	      0.03101287	    -20.40710693	     10.07248182	     34.21947739	     64.65504101	      9.58839884	      1.86048299	     39.97916513	     69.60633612	    -25.00897904	     16.47604660	     82.48982606
      9.75000000	     10.61369558	   -181.83497779	      0.00000000	      0.10401034	      1.18157476	      0.03114415	    -20.43039921	     10.05890073	     34.29531308	     64.72843442	      9.67586479	      1.92980648	     40.09296718	     69.59739050	    -24.92808950	     16.52695262	     82.54111209
      9.76000000	     10.65547677	   -181.92370223	      0.00000000	      0.10387107	      1.18167027	      0.03124065	    -20.39733887	     10.03113220	     34.39313931	     64.78083414	      9.79860386	      1.98955208	     40.24312872	     69.56630740	    -24.82208932	     16.51528142	     82.59787133
      9.77000000	     10.66344698	   -181.93465751	      0.00000000	      0.10379494	      1.18176838	      0.03135248	    -20.44785728	     10.03195413	     34.46831683	     64.83509136	      9.90256514	      2.02380367	     40.36777180	     69.51915359	    -24.92352547	     16.61806239	     82.67587433
      9.78000000	     10.69957237	   -181.99172302	      0.00000000	      0.10366477	      1.18195288	      0.03148085	    -20.46097946	      9.95321085	     34.58792223	     64.89398048	     10.01914536	      2.07472500	     40.54260824	     69.44892615	    -24.85100611	     16.62761756	     82.79215985
      9.79000000	     10.71727769	   -182.07155435	      0.00000000	      0.10354401	      1.18196737	      0.03159566	    -20.43714912	     10.00409149	     34.67363515	     64.93188924	     10.10222381	      2.11197725	     40.66365004	     69.41715319	    -24.98923653	     16.69591859	     82.91023986
      9.80000000	     10.73463133	   -182.14721408	      0.00000000	      0.10341769	      1.18208930	      0.03167954	    -20.39470796	     10.00838130	     34.77052805	     64.79416967	     10.27643886	      1.97690390	     41.09848353	     69.38868160	    -25.96743934	     16.82954669	     84.29447859
      9.81000000	     10.74335502	   -182.27144139	      0.00000000	      0.10324518	      1.18219997	      0.03178064	    -20.31916704	      9.98908123	     34.86301645	     64.83973163	     10.33942365	      2.09667792	     41.19925028	     69.32515419	    -25.66298578	     16.80455368	     84.29633555
      9.82000000	     10.75851678	   -182.32497216	      0.00000000	      0.10312815	      1.18230683	      0.03185660	    -20.29314787	      9.94964111	     34.94187723	     64.90498071	     10.41370756	      2.18141548	     41.26771706	     69.26310106	    -25.51106129	     16.83192715	     84.26684802
      9.83000000	     10.76160027	   -182.30624129	      0.00000000	      0.10311797	      1.18243305	      0.03200250	    -20.38390123	      9.93403112	     35.00554188	     65.04477030	     10.54165876	      2.16954859	     41.34035332	     69.17492625	    -25.85984590	     16.93485867	     84.30076271
      9.84000000	     10.76509860	   -182.41188422	      0.00000000	      0.10297169	      1.18254620	      0.03209144	    -20.32059007	      9.94199218	     35.08742934	     64.86536812	     10.69366992	      2.05531776	     41.80385728	     69.16883605	    -26.45789179	     16.97030250	     84.87258702
      9.85000000	     10.76787506	   -182.53113999	      0.00000000	      0.10283812	      1.18267517	      0.03217907	    -20.22927272	      9.89813553	     35.13642977	     64.93197473	     10.76208617	      2.13872337	     41.88124655	     69.12509783	    -26.23670989	     16.92868220	     84.87898723
      9.86000000	     10.75155130	   -182.52716853	      0.00000000	      0.10281159	      1.18280738	      0.03229106	    -20.27976979	      9.86224794	     35.16234813	     65.04506154	     10.83499577	      2.14368644	     41.92207189	     69.10979126	    -26.23963070	     16.96731016	     84.88205918
      9.87000000	     10.74601368	   -182.56691828	      0.00000000	      0.10276528	      1.18294756	      0.03238298	    -20.28661331	      9.79040624	     35.21759572	     65.12377438	     10.94215752	      2.14271299	     42.03416371	     69.05889026	    -26.27252611	     16.97051345	     84.90256645
      9.88000000	     10.74059387	   -182.63647625	      0.00000000	      0.10269745	      1.18301490	      0.03246753	    -20.24702115	      9.81153679	     35.23246290	     65.17594295	     10.98191119	      2.15229217	     42.10920820	     69.07408953	    -26.35379083	     16.98844873	     84.92918243
      9.89000000	     10.73397007	   -182.70176171	      0.00000000	      0.10261514	      1.18311308	      0.03253549	    -20.22272411	      9.80812501	     35.25418716	     65.10871985	     11.08956509	      2.06492717	     42.41129444	     69.08059172	    -27.11568495	     17.06351685	     85.92849222
      9.90000000	     10.71519597	   -182.75794092	      0.00000000	      0.10257414	      1.18323416	      0.03262270	    -20.21184309	      9.76939272	     35.25180794	     65.21371351	     11.12541821	      2.11144543	     42.42845651	     69.08345010	    -26.96834478	     17.05010979	     85.89753062
      9.91000000	     10.69500516	   -182.79534973	      0.00000000	      0.10255507	      1.18334082	      0.03270197	    -20.22332461	      9.73566493	     35.23717765	     65.34250025	     11.15755309	      2.13839522	     42.42729119	     69.09717258	    -26.92512794	     17.04333699	     85.86076045
      9.92000000	     10.67870409	   -182.86300704	      0.00000000	      0.10251615	      1.18345809	      0.03278710	    -20.21041689	      9.69719482	     35.22101772	     65.44867371	     11.17772068	      2.17700099	     42.44568094	     69.11698727	    -26.86755993	     17.03459240	     85.83258963
      9.93000000	     10.64479705	   -182.87925115	      0.00000000	      0.10253463	      1.18356842	      0.03284948	    -20.23917250	      9.66002157	     35.19174832	     65.58065507	     11.20221419	      2.16216860	     42.45588843	     69.15672325	    -26.86343071	     17.00147561	     85.80897358
      9.94000000	     10.63591482	   -183.00875223	      0.00000000	      0.10244056	      1.18363267	      0.03291328	    -20.15939687	      9.64694629	     35.16555607	     65.64598371	     11.18825100	      2.23000171	     42.48887336	     69.20824800	    -26.75723828	     16.96306632	     85.77756375
      9.95000000	     10.60908779	   -182.96554909	      0.00000000	      0.10254535	      1.18375838	      0.03299509	    -20.25462172	      9.58700482	     35.12868129	     65.82294951	     11.19062529	      2.16943954	     42.44280028	     69.27601116	    -26.86681904	     16.98813159	     85.77664524
      9.96000000	     10.58930109	   -183.01604255	      0.00000000	      0.10256140	      1.18383609	      0.03302898	    -20.24573412	      9.55638982	     35.12135415	     65.91645413	     11.19938339	      2.15616903	     42.46392995	     69.32176692	    -26.77387096	     16.92568437	     85.77676155
      9.97000000	     10.56149317	   -183.05854754	      0.00000000	      0.10255832	      1.18396366	      0.03311421	    -20.26611115	      9.49912762	     35.07432176	     66.04511549	     11.16186704	      2.16621786	     42.45817213	     69.40084983	    -26.75350687	     16.90552327	     85.76770976
      9.98000000	     10.53344189	   -183.09064295	      0.00000000	      0.10260009	      1.18402866	      0.03317368	    -20.28411697	      9.48142323	     35.02491158	     66.18262332	     11.12031413	      2.17669573	     42.39689609	     69.46742340	    -26.77330798	     16.91248697	     85.77467548
      9.99000000	     10.50867033	   -183.13057986	      0.00000000	      0.10263490	      1.18410978	      0.03322095	    -20.29140605	      9.44760122	     34.98732283	     66.30024393	     11.08983921	      2.18609390	     42.36517287	     69.52544833	    -26.74167790	     16.88994942	     85.78874755
     10.00000000	     10.48493338	   -183.18365953	      0.00000000	      0.10264948	      1.18420871	      0.03325431	    -20.27175451	      9.39528178	     34.95116591	     66.38958684	     11.05402583	      2.19892708	     42.36077788	     69.58595835	    -26.64683236	     16.84096830	     85.77679246
     10.01000000	     10.45626114	   -183.19443398	      0.00000000	      0.10274224	      1.18426346	      0.03330028	    -20.31243746	      9.38210814	     34.91463634	     66.54536370	     11.03128855	      2.19384958	     42.27030090	     69.62232707	    -26.71307949	     16.85608520	     85.79859833
     10.02000000	     10.42651207	   -183.38749034	      0.00000000	      0.10263661	      1.18423943	      0.03332264	    -20.13935230	      9.40802711	     34.85235797	     66.51593478	     10.93090547	      2.27994516	     42.30515991	     69.73608818	    -26.48838396	     16.77013294	     85.75738726
     10.03000000	     10.39964518	   -183.25827010	      0.00000000	      0.10284689	      1.18440882	      0.03334057	    -20.30308820	      9.31597874	     34.82659633	     66.71855373	     10.96771216	      2.18227222	     42.21386022	     69.74858874	    -26.57899476	     16.78854180	     85.73591139
     10.04000000	     10.37992453	   -183.29154339	      0.00000000	      0.10290921	      1.18447515	      0.03336047	    -20.30312048	      9.28235763	     34.79157375	     66.80801055	     10.94292401	      2.18964554	     42.18664666	     69.79340922	    -26.54027691	     16.75198596	     85.72771473
     10.05000000	     10.35519115	   -183.38834164	      0.00000000	      0.10292398	      1.18453205	      0.03340461	    -20.26263883	      9.25283667	     34.79044245	     66.87566070	     10.96107555	      2.17847803	     42.22391391	     69.82039189	    -26.39845540	     16.64171839	     85.70562092
     10.06000000	     10.32794265	   -183.34532597	      0.00000000	      0.10304448	      1.18459648	      0.03340853	    -20.31019752	      9.22543360	     34.73039254	     66.98837046	     10.89612349	      2.16951344	     42.11029444	     69.87763372	    -26.45281819	     16.68994142	     85.65900638
     10.07000000	     10.30865986	   -183.39392911	      0.00000000	      0.10307762	      1.18465644	      0.03341503	    -20.27971594	      9.18693522	     34.70530870	     67.03911723	     10.86712746	      2.18315323	     42.10458494	     69.91198399	    -26.37769359	     16.64170388	     85.63512983
     10.08000000	     10.27456546	   -183.38486158	      0.00000000	      0.10320336	      1.18470332	      0.03340658	    -20.31365639	      9.18586357	     34.68311743	     67.16082221	     10.84664726	      2.17852911	     42.01326768	     69.90274534	    -26.49210807	     16.64082359	     85.64458256
     10.09000000	     10.26649282	   -183.43842372	      0.00000000	      0.10323973	      1.18473286	      0.03338888	    -20.25824314	      9.15922090	     34.66541296	     67.15307424	     10.81458208	      2.18541464	     42.02598861	     69.95453487	    -26.35573861	     16.59035757	     85.63211254
     10.10000000	     10.24621579	   -183.45122908	      0.00000000	      0.10331963	      1.18478123	      0.03338512	    -20.25069949	      9.13151323	     34.64037362	     67.20043989	     10.78536247	      2.17043664	     41.99890017	     69.99536811	    -26.31135114	     16.55870230	     85.59522770
     10.11000000	     10.22783983	   -183.47764823	      0.00000000	      0.10339071	      1.18482285	      0.03337226	    -20.23414095	      9.10820915	     34.62865663	     67.24196482	     10.76758697	      2.16184321	     41.98303759	     70.01765134	    -26.26297234	     16.51242997	     85.55635830
     10.12000000	     10.20994769	   -183.50104786	      0.00000000	      0.10346435	      1.18486357	      0.03335911	    -20.21818344	      9.08483707	     34.61823239	     67.27860374	     10.75013533	      2.15295237	     41.96957730	     70.03772993	    -26.21667982	     16.46650782	     85.51270977
     10.13000000	     10.19396925	   -183.52270857	      0.00000000	      0.10353813	      1.18490197	      0.03334086	    -20.20249661	      9.06124127	     34.61170349	     67.31020357	     10.73662101	      2.14312298	     41.95960190	     70.05377382	    -26.16901681	     16.41792188	     85.46628154
     10.14000000	     10.18099326	   -183.53019748	      0.00000000	      0.10361660	      1.18494327	      0.03333804	    -20.20741426	      9.03319734	     34.60469104	     67.34912612	     10.72331220	      2.13210333	     41.94742918	     70.06849822	    -26.14814533	     16.38020650	     85.41772463
     10.15000000	     10.16935503	   -183.51173899	      0.00000000	      0.10373449	      1.18494254	      0.03331874	    -20.24292987	      9.03826449	     34.60204924	     67.40205221	     10.71779008	      2.11428379	     41.90273831	     70.07156243	    -26.21254315	     16.36927246	     85.37915134
     10.16000000	     10.15847402	   -183.52106407	      0.00000000	      0.10381407	      1.18495413	      0.03329740	    -20.24089921	      9.02932115	     34.60110599	     67.42113495	     10.70808484	      2.10737272	     41.89232629	     70.08135196	    -26.21751339	     16.33466564	     85.35670799
     10.17000000	     10.14727756	   -183.53657832	      0.00000000	      0.10388675	      1.18496350	      0.03327142	    -20.22529711	      9.02255452	     34.59735049	     67.43857717	     10.69956992	      2.10732549	     41.87197746	     70.07663455	    -26.28171652	     16.32127338	     85.34684503
     10.18000000	     10.13657151	   -183.54178800	      0.00000000	      0.10396868	      1.18497731	      0.03323879	    -20.22496560	      9.01234478	     34.59492607	     67.44840778	     10.70186970	      2.09235054	     41.87884978	     70.08628875	    -26.29823074	     16.27533331	     85.34880202
     10.19000000	     10.12620578	   -183.57544150	      0.00000000	      0.10401256	      1.18499827	      0.03320358	    -20.18698345	      8.99071526	     34.59012725	     67.43245270	     10.68970660	      2.08361181	     41.90935606	     70.11992021	    -26.19422864	     16.19385261	     85.32364469
     10.20000000	     10.12156190	   -183.55596601	      0.00000000	      0.10412631	      1.18498903	      0.03316937	    -20.20696889	      8.99148972	     34.59725416	     67.46561221	     10.69309993	      2.07228380	     41.85745703	     70.09774764	    -26.30472506	     16.21632264	     85.29379549
     10.21000000	     10.11124969	   -183.57364462	      0.00000000	      0.10418111	      1.18500402	      0.03311115	    -20.17737062	      8.97733673	     34.58722486	     67.44100428	     10.68232497	      2.07156744	     41.87677637	     70.12141112	    -26.24287857	     16.15438969	     85.28098705
     10.22000000	     10.10234732	   -183.57118005	      0.00000000	      0.10426034	      1.18500771	      0.03306334	    -20.17242984	      8.96829623	     34.58157652	     67.43993708	     10.67959500	      2.05986021	     41.86823153	     70.13467919	    -26.23045186	     16.12148806	     85.25223166
     10.23000000	     10.09745167	   -183.52501565	      0.00000000	      0.10435773	      1.18506371	      0.03302771	    -20.22134073	      8.92483936	     34.58523062	     67.46453611	     10.67575821	      2.04503135	     41.86309228	     70.13054543	    -26.27518710	     16.10032558	     85.22562593
     10.24000000	     10.09974540	   -183.55804884	      0.00000000	      0.10442805	      1.18498435	      0.03298424	    -20.19495312	      8.95902897	     34.61192473	     67.46284941	     10.67947543	      2.03540071	     41.83899540	     70.14474412	    -26.23431677	     16.06108178	     85.20331364
     10.25000000	     10.09177518	   -183.55807913	      0.00000000	      0.10449645	      1.18497585	      0.03293716	    -20.18575951	      8.95261836	     34.60975250	     67.45251344	     10.66239356	      2.02211771	     41.84070487	     70.16632271	    -26.24417373	     16.02899701	     85.16510050
     10.26000000	     10.09202856	   -183.55309587	      0.00000000	      0.10457691	      1.18497309	      0.03286333	    -20.17536095	      8.94861019	     34.61389242	     67.43224989	     10.64570295	      2.02532810	     41.82452872	     70.15935780	    -26.29333094	     16.04709955	     85.14496502
     10.27000000	     10.07603388	   -183.57236281	      0.00000000	      0.10461741	      1.18499482	      0.03280189	    -20.16397920	      8.93437940	     34.62649811	     67.42618994	     10.65056069	      2.01194386	     41.85917530	     70.16656620	    -26.21759067	     15.96094677	     85.13031174
     10.28000000	     10.06279207	   -183.53126186	      0.00000000	      0.10476671	      1.18492668	      0.03270821	    -20.20315754	      8.98787647	     34.67410446	     67.47568047	     10.67260370	      1.98522155	     41.78490869	     70.08463290	    -26.48129280	     16.00299868	     85.14597793
     10.29000000	     10.07385693	   -183.64887501	      0.00000000	      0.10471266	      1.18488303	      0.03265313	    -20.06592761	      8.98461504	     34.65772102	     67.36505076	     10.61781487	      2.03155723	     41.84203332	     70.16550181	    -26.23912938	     15.93632988	     85.13948791
     10.30000000	     10.05954623	   -183.55568396	      0.00000000	      0.10482807	      1.18496588	      0.03258623	    -20.14944145	      8.91902544	     34.66490792	     67.38129203	     10.63346465	      1.97421837	     41.85343992	     70.16890437	    -26.21843194	     15.92337922	     85.10558340
     10.31000000	     10.05627389	   -183.52614523	      0.00000000	      0.10491864	      1.18490944	      0.03249693	    -20.15884148	      8.94879043	     34.65929838	     67.36938932	     10.60940809	      1.97499307	     41.80358800	     70.17167723	    -26.32370826	     15.96999360	     85.07655220
     10.32000000	     10.05799626	   -183.53555790	      0.00000000	      0.10497985	      1.18486214	      0.03243477	    -20.17097696	      8.97346971	     34.69556508	     67.37683216	     10.63935612	      1.96230902	     41.80717065	     70.13323962	    -26.44701935	     15.96735178	     85.11352879
     10.33000000	     10.05259713	   -183.51888102	      0.00000000	      0.10503970	      1.18485549	      0.03233916	    -20.17005235	      8.96378369	     34.69418090	     67.33571379	     10.62878090	      1.94930749	     41.83036312	     70.14994042	    -26.43059313	     15.96000304	     85.13466718
     10.34000000	     10.04034632	   -183.52042478	      0.00000000	      0.10506907	      1.18487588	      0.03227469	    -20.17704329	      8.93956921	     34.70172741	     67.32592087	     10.63668307	      1.93058715	     41.86943958	     70.15350396	    -26.38308119	     15.92329014	     85.12905128
     10.35000000	     10.03480767	   -183.52737935	      0.00000000	      0.10512919	      1.18483713	      0.03212952	    -20.13092037	      8.95975845	     34.71120723	     67.27751674	     10.63286136	      1.92907112	     41.85625481	     70.13988297	    -26.36298943	     15.93343979	     85.11243792
     10.36000000	     10.04585602	   -183.47180383	      0.00000000	      0.10520768	      1.18480930	      0.03211357	    -20.22458869	      8.95729170	     34.72821681	     67.31504880	     10.66078196	      1.89872442	     41.85625095	     70.13487149	    -26.47282341	     15.95053200	     85.11118290
     10.37000000	     10.03833930	   -183.50059345	      0.00000000	      0.10524372	      1.18476190	      0.03198313	    -20.17373965	      8.98764998	     34.73902355	     67.26506625	     10.65624253	      1.91860206	     41.85674117	     70.09324235	    -26.55636021	     15.98950690	     85.15474128
     10.38000000	     10.03062400	   -183.47069333	      0.00000000	      0.10531320	      1.18472061	      0.03184606	    -20.17683171	      9.00649163	     34.74637799	     67.22168920	     10.66823946	      1.89203623	     41.87527056	     70.08807172	    -26.54868965	     15.98700505	     85.17521144
     10.39000000	     10.04387267	   -183.50507945	      0.00000000	      0.10533537	      1.18467989	      0.03177678	    -20.16624130	      9.01273024	     34.77394738	     67.21056276	     10.68598020	      1.91288098	     41.89120431	     70.02874602	    -26.75180490	     16.05007051	     85.27214045
     10.40000000	     10.02974257	   -183.50202007	      0.00000000	      0.10534414	      1.18467792	      0.03165428	    -20.14756094	      9.00234704	     34.77345092	     67.15108478	     10.68147912	      1.89999695	     41.94649073	     70.04316267	    -26.63279013	     16.01173731	     85.28464503
     10.41000000	     10.03248449	   -183.46877054	      0.00000000	      0.10540712	      1.18465279	      0.03155386	    -20.17881898	      9.00533094	     34.78551478	     67.14369507	     10.69589103	      1.87685733	     41.93966202	     70.02208945	    -26.70571831	     16.05790588	     85.28079202
     10.42000000	     10.02880650	   -183.47928425	      0.00000000	      0.10541673	      1.18461212	      0.03144598	    -20.16890316	      9.02313023	     34.80724565	     67.11957131	     10.70148630	      1.89910477	     41.94952843	     69.97041542	    -26.74070222	     16.07818840	     85.31483650
     10.43000000	     10.03141659	   -183.48127710	      0.00000000	      0.10543826	      1.18459614	      0.03134223	    -20.16577802	      9.01804027	     34.82792764	     67.09047292	     10.71866158	      1.89721152	     41.97789657	     69.93560021	    -26.74586068	     16.09171665	     85.32701289
     10.44000000	     10.05104949	   -183.46915598	      0.00000000	      0.10546703	      1.18458957	      0.03123410	    -20.17941943	      8.98545451	     34.86324009	     67.07053246	     10.75117724	      1.90177528	     42.00684946	     69.88124835	    -26.74334482	     16.10561664	     85.33106895
     10.45000000	     10.02641847	   -183.46347824	      0.00000000	      0.10548654	      1.18454481	      0.03111236	    -20.17297952	      9.02687893	     34.85909830	     67.03673085	     10.75225936	      1.88386573	     42.01743302	     69.85498632	    -26.84656601	     16.14122316	     85.33104095
     10.46000000	     10.04218165	   -183.49100905	      0.00000000	      0.10547832	      1.18453176	      0.03100523	    -20.15117909	      9.01404878	     34.89330618	     67.00191592	     10.77952198	      1.90570688	     42.05779860	     69.79373174	    -26.83209280	     16.14302840	     85.32876493
     10.47000000	     10.04618646	   -183.47824041	      0.00000000	      0.10547922	      1.18451213	      0.03089250	    -20.15823998	      9.00701262	     34.90281314	     66.96607434	     10.79735895	      1.90965025	     42.08314469	     69.75167926	    -26.89340572	     16.17601042	     85.31811595
     10.48000000	     10.04537814	   -183.50445970	      0.00000000	      0.10546418	      1.18444469	      0.03075389	    -20.11827378	      9.03490049	     34.91984240	     66.92941027	     10.81344959	      1.92523652	     42.09750601	     69.69789798	    -26.92639675	     16.17646573	     85.30113227
     10.49000000	     10.03519362	   -183.42633275	      0.00000000	      0.10554312	      1.18444485	      0.03060295	    -20.15954594	      9.01965468	     34.91874269	     66.86535949	     10.84737001	      1.81129701	     42.16297186	     69.69722181	    -27.11646611	     16.23284205	     85.23229373
     10.50000000	     10.03332423	   -183.48776290	      0.00000000	      0.10548937	      1.18443204	      0.03046524	    -20.08552518	      9.01828566	     34.94751466	     66.79437069	     10.87518839	      1.83620226	     42.23039838	     69.62132738	    -27.06033174	     16.19669749	     85.20683739
     10.51000000	     10.02647541	   -183.44317347	      0.00000000	      0.10550357	      1.18440026	      0.03032300	    -20.11862311	      9.04541638	     34.96167785	     66.63238211	     10.93537302	      1.71882276	     42.45843210	     69.58803251	    -27.69448397	     16.27140504	     85.40538925
     10.52000000	     10.02811935	   -183.44745509	      0.00000000	      0.10548283	      1.18437507	      0.03018608	    -20.09853037	      9.02999008	     34.97174618	     66.61868015	     10.93824159	      1.76458298	     42.42730253	     69.52230791	    -27.57598470	     16.26564867	     85.37469172
     10.53000000	     10.01805590	   -183.48440922	      0.00000000	      0.10544638	      1.18436456	      0.03005595	    -20.05296431	      9.02001146	     34.98505556	     66.60359229	     10.94236565	      1.79949011	     42.41733765	     69.45168717	    -27.48136562	     16.24204136	     85.30314900
     10.54000000	     10.00521333	   -183.39349861	      0.00000000	      0.10552742	      1.18434980	      0.02988093	    -20.09763896	      9.00812862	     34.97188538	     66.58221181	     10.95602754	      1.72518188	     42.40401879	     69.41927769	    -27.68389845	     16.29256020	     85.16713334
     10.55000000	     10.01908337	   -183.41552097	      0.00000000	      0.10546889	      1.18425930	      0.02976967	    -20.10315530	      9.02718462	     35.01493151	     66.58682145	     10.95915026	      1.84561550	     42.36768468	     69.26655134	    -27.75609444	     16.30710747	     85.11755223
     10.56000000	     10.00974967	   -183.37881727	      0.00000000	      0.10547871	      1.18425814	      0.02962162	    -20.11127694	      9.00560381	     35.00320067	     66.53530055	     10.97173086	      1.80489609	     42.40238368	     69.23210624	    -27.87369560	     16.31064497	     85.01878804
     10.57000000	      9.99484146	   -183.36669764	      0.00000000	      0.10547498	      1.18423533	      0.02944022	    -20.07519980	      8.98918922	     34.98199046	     66.45488196	     10.98548976	      1.73589989	     42.47163132	     69.22096239	    -28.00242706	     16.28391076	     84.88472814
     10.58000000	      9.97808803	   -183.34865131	      0.00000000	      0.10548173	      1.18422057	      0.02926378	    -20.06343527	      8.97814607	     34.97399060	     66.38181852	     10.99986844	      1.69477216	     42.53046629	     69.17579564	    -28.10211822	     16.26231855	     84.75833000
     10.59000000	      9.94681710	   -183.33816071	      0.00000000	      0.10543867	      1.18419331	      0.02907795	    -20.04915118	      9.01038740	     34.95479179	     66.19003674	     11.04537119	      1.56437254	     42.81224147	     69.13430990	    -28.83204974	     16.26158319	     84.62379751
     10.60000000	      9.97167068	   -183.35837528	      0.00000000	      0.10538832	      1.18410224	      0.02892276	    -20.01006879	      8.99306687	     34.94083527	     66.16068041	     11.00653766	      1.66901756	     42.72597663	     69.06769957	    -28.71084455	     16.25866860	     84.58745377
     10.61000000	      9.93813787	   -183.26624867	      0.00000000	      0.10544283	      1.18411069	      0.02875858	    -20.06764077	      8.96231710	     34.87303500	     66.18413694	     10.96029291	      1.64213707	     42.64085854	     69.06186716	    -28.78105228	     16.25252027	     84.44785773
     10.62000000	      9.93526798	   -183.25193272	      0.00000000	      0.10542789	      1.18406444	      0.02859219	    -20.06535976	      8.93800966	     34.84059689	     66.16841092	     10.93293524	      1.68467532	     42.59324778	     68.98709282	    -28.89464859	     16.24519844	     84.32473149
     10.63000000	      9.91342521	   -183.21412330	      0.00000000	      0.10543510	      1.18405652	      0.02842764	    -20.06317729	      8.89861954	     34.79131753	     66.11301956	     10.88203093	      1.60866573	     42.62021423	     69.01036287	    -29.02865823	     16.19923306	     84.12358447
     10.64000000	      9.89585270	   -183.18276586	      0.00000000	      0.10537738	      1.18402464	      0.02827986	    -20.08883749	      8.85778107	     34.73880661	     66.09089683	     10.81381702	      1.64253871	     42.60370515	     68.97969405	    -29.13567532	     16.15496332	     83.94963626
     10.65000000	      9.89126023	   -183.11022388	      0.00000000	      0.10544213	      1.18397226	      0.02806797	    -20.12558537	      8.83433697	     34.69201455	     66.07132698	     10.78018534	      1.61937852	     42.54901650	     68.93362049	    -29.31141621	     16.12775183	     83.74437943
     10.66000000	      9.86488954	   -183.08260896	      0.00000000	      0.10543878	      1.18390450	      0.02787813	    -20.12627585	      8.85916712	     34.63577733	     65.94327731	     10.74279890	      1.55840934	     42.65669307	     68.89067004	    -29.84506651	     16.12695365	     83.39662462
     10.67000000	      9.86390836	   -183.05157814	      0.00000000	      0.10541659	      1.18385903	      0.02771601	    -20.14189132	      8.80393665	     34.58027324	     65.94877444	     10.64075951	      1.63369233	     42.54181886	     68.85066800	    -29.78024442	     16.06648601	     83.29499840
     10.68000000	      9.84405633	   -182.94804319	      0.00000000	      0.10551118	      1.18384332	      0.02751823	    -20.20003797	      8.75860952	     34.50075065	     65.96023359	     10.58391464	      1.54168121	     42.48236827	     68.82052307	    -30.27213509	     16.08294304	     82.92737590
     10.69000000	      9.82062801	   -182.90204200	      0.00000000	      0.10546999	      1.18375870	      0.02733676	    -20.24135929	      8.74530626	     34.45890831	     65.93765610	     10.46991958	      1.63064306	     42.40152371	     68.74367784	    -30.25404032	     15.98988977	     82.84158721
     10.70000000	      9.79416781	   -182.81251761	      0.00000000	      0.10548657	      1.18371741	      0.02718060	    -20.30672257	      8.69667668	     34.38970902	     65.95397011	     10.32650822	      1.62428994	     42.29749728	     68.72765141	    -30.45737283	     15.93816778	     82.64614505
     10.71000000	      9.77405614	   -182.75581715	      0.00000000	      0.10552278	      1.18367646	      0.02695944	    -20.30332138	      8.65022822	     34.32198441	     65.90584210	     10.24447255	      1.58580373	     42.25804665	     68.67608226	    -30.72107158	     15.87376336	     82.37317773
     10.72000000	      9.75353941	   -182.69201443	      0.00000000	      0.10551685	      1.18363730	      0.02681455	    -20.36867417	      8.60760405	     34.28369394	     65.93338651	     10.09276367	      1.68341831	     42.10930705	     68.55780067	    -30.79089225	     15.82316896	     82.22751863
     10.73000000	      9.72202655	   -182.64804421	      0.00000000	      0.10552200	      1.18361668	      0.02655827	    -20.30576625	      8.55456293	     34.18428800	     65.66935790	     10.06991953	      1.40871021	     42.40359135	     68.63117770	    -31.40290922	     15.69804243	     81.47207420
     10.74000000	      9.70483469	   -182.56363210	      0.00000000	      0.10554250	      1.18352766	      0.02637860	    -20.34941402	      8.51162930	     34.09542046	     65.68056491	      9.93290687	      1.48090451	     42.22764431	     68.55161615	    -31.45602235	     15.61754509	     81.33952724
     10.75000000	      9.67576058	   -182.47538613	      0.00000000	      0.10555518	      1.18350197	      0.02621153	    -20.40602957	      8.44219697	     34.00459022	     65.69197965	      9.81253936	      1.51485956	     42.09946322	     68.45828722	    -31.62229527	     15.54382724	     81.15648614
     10.76000000	      9.66650517	   -182.38937093	      0.00000000	      0.10556933	      1.18345022	      0.02605637	    -20.46143203	      8.35742138	     33.93654405	     65.68883488	      9.71081050	      1.51272496	     42.01516708	     68.37432281	    -31.83512424	     15.43832847	     80.95258173
     10.77000000	      9.61886692	   -182.32083128	      0.00000000	      0.10561431	      1.18343017	      0.02581459	    -20.42715861	      8.31555689	     33.83741275	     65.55434008	      9.60853894	      1.41086232	     42.05196401	     68.29932688	    -32.31425136	     15.36302988	     80.47819751
     10.78000000	      9.59899090	   -182.21899084	      0.00000000	      0.10566303	      1.18336012	      0.02560352	    -20.45661538	      8.26653606	     33.75472173	     65.45948704	      9.52149950	      1.35115056	     42.02551727	     68.22133260	    -32.55370663	     15.25338536	     80.19568161
     10.79000000	      9.56989883	   -182.13337275	      0.00000000	      0.10568034	      1.18331014	      0.02537986	    -20.45497627	      8.18629601	     33.67051016	     65.39369488	      9.38691853	      1.34944687	     41.93114839	     68.12090752	    -32.66414390	     15.13325922	     79.96911672
     10.80000000	      9.59458623	   -182.18678455	      0.00000000	      0.10560140	      1.18312732	      0.02520375	    -20.31857936	      8.16396093	     33.58023274	     65.29898072	      9.20829378	      1.48391318	     41.76649540	     68.00934665	    -32.76411980	     15.04921748	     79.93090172
     10.81000000	      9.48583975	   -181.93081040	      0.00000000	      0.10577678	      1.18328154	      0.02500745	    -20.50792202	      8.04268961	     33.47621146	     65.28064252	      9.19345173	      1.23016185	     41.84042999	     67.88359470	    -33.32933678	     14.89398991	     79.41548283
     10.82000000	      9.50160239	   -181.86265098	      0.00000000	      0.10581172	      1.18316259	      0.02479532	    -20.47536258	      7.97911229	     33.41538667	     65.13334667	      9.10013609	      1.16357307	     41.81936735	     67.79043209	    -33.48288610	     14.77095984	     79.04418233
     10.83000000	      9.48612176	   -181.77108068	      0.00000000	      0.10582719	      1.18317206	      0.02460930	    -20.48115027	      7.85856639	     33.33883681	     65.05146781	      8.98385982	      1.12568609	     41.77983825	     67.67117645	    -33.59044327	     14.57477089	     78.79093957
     10.84000000	      9.43910879	   -181.75149969	      0.00000000	      0.10580620	      1.18305953	      0.02435402	    -20.36723457	      7.85659931	     33.25253531	     64.69613666	      8.93136644	      0.89239715	     42.09441215	     67.59827337	    -34.19509605	     14.44970535	     77.70306742
     10.85000000	      9.40708348	   -181.65068373	      0.00000000	      0.10587231	      1.18305001	      0.02416935	    -20.37995340	      7.75684290	     33.16453797	     64.66917547	      8.83334673	      0.85688097	     41.96486015	     67.43488222	    -34.28828376	     14.31003712	     77.58788963
     10.86000000	      9.39467673	   -181.57133430	      0.00000000	      0.10590081	      1.18299307	      0.02399831	    -20.36031007	      7.66912485	     33.07279256	     64.62834064	      8.69346518	      0.89377780	     41.78800973	     67.26538460	    -34.35493708	     14.18992744	     77.47081713
     10.87000000	      9.40384606	   -181.50642165	      0.00000000	      0.10592893	      1.18292252	      0.02382939	    -20.32094835	      7.56648529	     32.98017274	     64.51817956	      8.59692463	      0.86624143	     41.70976130	     67.14212688	    -34.44265815	     14.04143545	     77.41812543
     10.88000000	      9.39001165	   -181.43631651	      0.00000000	      0.10594913	      1.18286822	      0.02364317	    -20.27993058	      7.47682132	     32.87796796	     64.41293581	      8.49625497	      0.82613190	     41.63190942	     66.99946996	    -34.54762181	     13.88732203	     77.35376710
     10.89000000	      9.33389493	   -181.36052696	      0.00000000	      0.10600022	      1.18283442	      0.02343288	    -20.23878600	      7.46358773	     32.79191797	     64.08148924	      8.53542471	      0.50529296	     42.02131333	     66.84191371	    -35.48962190	     13.79530386	     76.14132963
     10.90000000	      9.33556657	   -181.29122504	      0.00000000	      0.10602207	      1.18277112	      0.02327091	    -20.19728358	      7.35789304	     32.69622088	     63.96899885	      8.43996080	      0.46808519	     41.94362304	     66.70427492	    -35.53846420	     13.64298430	     76.10302559
     10.91000000	      9.31966399	   -181.21603639	      0.00000000	      0.10605416	      1.18272097	      0.02309168	    -20.14992669	      7.26295197	     32.59680736	     63.85886336	      8.34517101	      0.42163890	     41.86348279	     66.55013788	    -35.61233388	     13.48630092	     76.04846290
     10.92000000	      9.24684106	   -181.17706142	      0.00000000	      0.10607719	      1.18273787	      0.02283988	    -20.00179995	      7.18947299	     32.45738065	     63.49716908	      8.36134653	      0.04097299	     42.22566531	     66.51202490	    -35.83931932	     13.25276643	     74.24012781
     10.93000000	      9.22441251	   -181.08932254	      0.00000000	      0.10612448	      1.18268857	      0.02264303	    -19.96826382	      7.11051831	     32.37378824	     63.40917363	      8.27892057	      0.00933570	     42.12067933	     66.29570202	    -35.97507507	     13.12735505	     74.11534548
     10.94000000	      9.20975271	   -181.01936706	      0.00000000	      0.10616350	      1.18262549	      0.02250696	    -19.93333247	      7.02994240	     32.28335997	     63.31112855	      8.19559119	     -0.03756233	     42.04528475	     66.11074003	    -36.10356555	     12.99936692	     74.01549240
     10.95000000	      9.18769263	   -180.96030592	      0.00000000	      0.10610002	      1.18260702	      0.02248100	    -19.97090071	      6.95532200	     32.21522953	     63.13087608	      8.16441451	     -0.14211881	     42.25892794	     65.86441066	    -36.83880570	     12.98471688	     73.14449466
     10.96000000	      9.19872171	   -180.86986559	      0.00000000	      0.10620718	      1.18248541	      0.02223726	    -19.89376094	      6.89965800	     32.13974561	     62.99127151	      8.11915635	     -0.23641571	     42.16499771	     65.69701155	    -36.86983601	     12.83105847	     73.09980887
     10.97000000	      9.16860911	   -180.80616957	      0.00000000	      0.10623929	      1.18245645	      0.02207336	    -19.82544728	      6.81382195	     32.03994473	     62.87461211	      8.04064604	     -0.31520942	     42.10509820	     65.52178598	    -36.98453812	     12.71204920	     72.98608781
     10.98000000	      9.20869812	   -180.75270861	      0.00000000	      0.10620996	      1.18235106	      0.02201832	    -19.79741526	      6.70015973	     31.95653468	     62.77133570	      7.95595685	     -0.34528095	     42.04418254	     65.39176542	    -37.05283402	     12.60628910	     72.94332512
     10.99000000	      9.18544338	   -180.67943316	      0.00000000	      0.10624766	      1.18230794	      0.02186174	    -19.74920668	      6.61244264	     31.86517882	     62.66374063	      7.87597831	     -0.40192172	     41.98016121	     65.20958630	    -37.17291550	     12.48998321	     72.85782258
     11.00000000	      9.15615057	   -180.61540217	      0.00000000	      0.10627150	      1.18224554	      0.02171961	    -19.72756865	      6.62013292	     31.82488763	     62.38915762	      7.94389358	     -0.64364959	     42.32924008	     64.90671408	    -38.28885450	     12.58692335	     71.61376892
     11.01000000	      9.15880327	   -180.55930870	      0.00000000	      0.10627183	      1.18218274	      0.02163993	    -19.69307590	      6.52046759	     31.73039977	     62.28036321	      7.85680963	     -0.69349440	     42.28476239	     64.77136680	    -38.33883727	     12.47708042	     71.55854458
     11.02000000	      9.17009332	   -180.50101565	      0.00000000	      0.10625153	      1.18211415	      0.02155837	    -19.65851224	      6.41741484	     31.64206682	     62.18156569	      7.77172093	     -0.73282739	     42.23735903	     64.63350502	    -38.40768817	     12.38738217	     71.50229549
     11.03000000	      9.13979165	   -180.43992402	      0.00000000	      0.10623858	      1.18218092	      0.02151678	    -19.66789208	      6.34269712	     31.58300508	     61.78075542	      7.85192062	     -1.04952031	     42.80266610	     64.40250400	    -39.40870353	     12.56545944	     69.84256149
     11.04000000	      9.10856593	   -180.37748624	      0.00000000	      0.10629463	      1.18204250	      0.02131716	    -19.58687908	      6.31488038	     31.48615354	     61.78872314	      7.73751850	     -1.05097812	     42.56469710	     64.24469687	    -39.29262235	     12.38808438	     69.90587214
     11.05000000	      9.10954384	   -180.28291318	      0.00000000	      0.10632971	      1.18201129	      0.02127123	    -19.60523541	      6.23105085	     31.43312673	     61.72243331	      7.64753026	     -1.13439726	     42.53925905	     64.05074140	    -39.66637492	     12.43675021	     69.46580011
     11.06000000	      9.10482030	   -180.28866141	      0.00000000	      0.10626369	      1.18191427	      0.02114667	    -19.50268572	      6.18151535	     31.36990562	     61.42070254	      7.63796161	     -1.33990768	     42.86680790	     63.95488372	    -39.56888245	     12.30787513	     67.28800128
     11.07000000	      9.10277329	   -180.21873661	      0.00000000	      0.10628732	      1.18185232	      0.02108974	    -19.51242413	      6.11551273	     31.30425988	     61.37418318	      7.56597009	     -1.36030768	     42.81932677	     63.72688482	    -39.95014609	     12.37465552	     67.11533769
     11.08000000	      9.09758765	   -180.16520766	      0.00000000	      0.10627961	      1.18179761	      0.02102535	    -19.50064697	      6.05204881	     31.24539493	     61.24248604	      7.51509385	     -1.44589743	     42.92563775	     63.53433361	    -40.43887698	     12.42304856	     66.72410826
     11.09000000	      9.08680272	   -180.07662741	      0.00000000	      0.10632410	      1.18172516	      0.02100345	    -19.55254641	      6.00502364	     31.17452503	     61.25388649	      7.41750859	     -1.45115913	     42.81071751	     63.32518331	    -40.64216917	     12.48125677	     66.67156648
     11.10000000	      9.09350097	   -180.08474866	      0.00000000	      0.10623134	      1.18167300	      0.02092818	    -19.46366186	      5.95346620	     31.10389271	     60.89569075	      7.42865393	     -1.66830334	     43.26271866	     63.23382946	    -41.23955539	     12.51313351	     65.67319449
     11.11000000	      9.05869526	   -179.99169611	      0.00000000	      0.10624361	      1.18159182	      0.02083670	    -19.49439950	      5.94072593	     30.99618145	     60.70900747	      7.36562336	     -1.74368796	     43.42745066	     63.08493017	    -41.50408334	     12.53483929	     64.80986308
     11.12000000	      9.09616922	   -179.97733247	      0.00000000	      0.10624165	      1.18156260	      0.02091756	    -19.53259095	      5.82533244	     30.95488278	     60.88414085	      7.27440193	     -1.62387750	     43.15684985	     62.79737959	    -41.64119877	     12.63329565	     64.95650707
     11.13000000	      9.08258417	   -179.95586787	      0.00000000	      0.10618751	      1.18146727	      0.02084736	    -19.49096953	      5.81141353	     30.86203373	     60.55340355	      7.27570767	     -1.85371514	     43.60699071	     62.74738945	    -42.14993252	     12.63861765	     63.87695231
     11.14000000	      9.09633502	   -179.91227213	      0.00000000	      0.10621802	      1.18144677	      0.02086152	    -19.52348014	      5.72210639	     30.80404994	     60.66464145	      7.19448351	     -1.77470674	     43.42304512	     62.46203983	    -42.39567256	     12.76118046	     63.63584133
     11.15000000	      9.09306691	   -179.81419267	      0.00000000	      0.10626742	      1.18139687	      0.02087643	    -19.61581878	      5.66346433	     30.72357220	     60.70681959	      7.11123568	     -1.75350064	     43.32460691	     62.26512763	    -42.55067624	     12.82879404	     63.60910164
     11.16000000	      9.10421221	   -179.74643760	      0.00000000	      0.10629344	      1.18130484	      0.02088682	    -19.68313584	      5.62508033	     30.66017974	     60.74508127	      7.03749148	     -1.71187183	     43.25152725	     62.04460764	    -42.78157937	     12.89235115	     63.56531270
     11.17000000	      9.08458109	   -179.78853148	      0.00000000	      0.10617797	      1.18125995	      0.02082860	    -19.58681870	      5.59337857	     30.56250587	     60.39074789	      7.02677758	     -1.91354249	     43.77418767	     61.98855717	    -43.41549437	     12.92876964	     62.42011316
     11.18000000	      9.09957899	   -179.71851728	      0.00000000	      0.10620789	      1.18123954	      0.02087377	    -19.67215007	      5.49561910	     30.49834077	     60.51185940	      6.92416637	     -1.81453785	     43.58017382	     61.76172343	    -43.41223401	     12.98250601	     62.57893739
     11.19000000	      9.09867816	   -179.66248156	      0.00000000	      0.10623555	      1.18117702	      0.02087996	    -19.72326327	      5.46130926	     30.43706395	     60.49618190	      6.86242869	     -1.84364383	     43.63335822	     61.57363027	    -43.78497514	     13.06680922	     62.17469921
     11.20000000	      9.08800267	   -179.62591244	      0.00000000	      0.10621578	      1.18112121	      0.02088418	    -19.75092390	      5.42402886	     30.36995653	     60.46814855	      6.75095701	     -1.79577570	     43.63332065	     61.37905367	    -43.99268161	     13.13158332	     62.02137104
     11.21000000	      9.07610027	   -179.58810099	      0.00000000	      0.10620673	      1.18107547	      0.02088935	    -19.78437322	      5.37922780	     30.30170464	     60.43008158	      6.66814224	     -1.81576086	     43.71715670	     61.22376982	    -44.26368438	     13.16892321	     61.73037734
     11.22000000	      9.09705486	   -179.61296280	      0.00000000	      0.10614758	      1.18103435	      0.02087236	    -19.72359174	      5.32596408	     30.24075863	     60.10404506	      6.74491673	     -2.14450693	     44.31714596	     61.24220876	    -44.63586366	     13.13257066	     60.37445822
     11.23000000	      9.11601627	   -179.56248880	      0.00000000	      0.10615848	      1.18098678	      0.02095213	    -19.83146731	      5.26201378	     30.21009721	     60.26833673	      6.62717002	     -1.98761659	     44.11462380	     60.98113268	    -44.61800551	     13.18633816	     60.57918453
     11.24000000	      9.09911522	   -179.55011515	      0.00000000	      0.10615119	      1.18096328	      0.02090841	    -19.78743193	      5.21383817	     30.12082640	     60.05479522	      6.62305492	     -2.18485876	     44.46867505	     60.93806168	    -44.90991028	     13.18900642	     59.59834901
     11.25000000	      9.11224203	   -179.47951757	      0.00000000	      0.10618764	      1.18086626	      0.02095149	    -19.89790062	      5.18554696	     30.08291945	     60.18785025	      6.50162405	     -2.02064220	     44.28064175	     60.68337565	    -44.91685947	     13.24153573	     59.78308100
     11.26000000	      9.10856029	   -179.49182154	      0.00000000	      0.10613253	      1.18082812	      0.02090507	    -19.83682701	      5.13445426	     29.99917484	     59.97470620	      6.49544008	     -2.18525625	     44.61886040	     60.66605237	    -44.81518878	     13.17812516	     58.34142858
     11.27000000	      9.10981209	   -179.42659867	      0.00000000	      0.10617144	      1.18083014	      0.02099878	    -19.95843010	      5.05442266	     29.94178952	     60.09981422	      6.41109087	     -2.09158174	     44.51513527	     60.45564423	    -44.84089202	     13.20906949	     58.51827558
     11.28000000	      9.12118636	   -179.46731074	      0.00000000	      0.10614123	      1.18070759	      0.02103082	    -19.92157431	      5.05568969	     29.89163517	     60.17379102	      6.25189554	     -1.90822480	     44.34971179	     60.23509138	    -44.96333248	     13.28477692	     58.68510624
     11.29000000	      9.15897607	   -179.46762011	      0.00000000	      0.10617799	      1.18054843	      0.02107392	    -19.93732942	      5.07033570	     29.84616913	     60.28365956	      6.15918209	     -1.76150450	     44.17892288	     60.01226964	    -45.13300041	     13.39347483	     58.80741383
     11.30000000	      9.11525212	   -179.37014696	      0.00000000	      0.10618469	      1.18064907	      0.02099116	    -19.98216748	      4.95949285	     29.72200142	     59.88013584	      6.28898461	     -2.20640004	     44.93414716	     60.16790847	    -45.31273722	     13.23632080	     57.88686268
     11.31000000	      9.12729932	   -179.36292433	      0.00000000	      0.10623490	      1.18053946	      0.02102935	    -20.01248867	      4.97226336	     29.69553148	     60.04578337	      6.16654356	     -2.03277827	     44.71112243	     59.89648206	    -45.53040880	     13.36517948	     57.97042286
     11.32000000	      9.11176849	   -179.31941173	      0.00000000	      0.10621385	      1.18052321	      0.02100269	    -20.05295983	      4.90829642	     29.62375005	     59.83212179	      6.16930221	     -2.20141779	     45.10075258	     59.93514246	    -45.23922431	     13.20665942	     56.99465247
     11.33000000	      9.14437313	   -179.32468322	      0.00000000	      0.10626119	      1.18043263	      0.02104563	    -20.05445869	      4.90657641	     29.60599339	     59.97935114	      6.03646310	     -2.04392917	     44.86624523	     59.70222323	    -45.40747472	     13.34929596	     57.12118927
     11.34000000	      9.15217807	   -179.27669042	      0.00000000	      0.10627527	      1.18036850	      0.02107049	    -20.14550044	      4.87290218	     29.57303281	     60.04136919	      5.93345134	     -1.90957283	     44.77551081	     59.54720080	    -45.20119988	     13.31089270	     57.56769909
     11.35000000	      9.12541764	   -179.19862425	      0.00000000	      0.10631690	      1.18040321	      0.02107257	    -20.21115499	      4.79618381	     29.48975536	     60.00096477	      5.89746562	     -2.02253942	     44.91336709	     59.54125037	    -45.24073286	     13.27296580	     57.50369490
     11.36000000	      9.14709859	   -179.23111412	      0.00000000	      0.10630599	      1.18031420	      0.02102433	    -20.15242579	      4.78308085	     29.43304320	     59.81100467	      5.90138497	     -2.16550075	     45.22271079	     59.58720862	    -44.87897796	     13.16165961	     56.00201587
     11.37000000	      9.15924265	   -179.18099970	      0.00000000	      0.10634684	      1.18023812	      0.02106161	    -20.22754401	      4.75583586	     29.39930804	     59.95346446	      5.77982152	     -2.00944995	     44.98929519	     59.43207081	    -44.73319794	     13.19028232	     56.57752538
     11.38000000	      9.16626955	   -179.14907254	      0.00000000	      0.10639798	      1.18017075	      0.02109898	    -20.28614883	      4.75592699	     29.37642615	     60.07127283	      5.69465379	     -1.90342825	     44.83732180	     59.28068200	    -44.70589092	     13.21827111	     56.99793930
     11.39000000	      9.13972919	   -179.07150261	      0.00000000	      0.10645989	      1.18020367	      0.02110251	    -20.36583345	      4.71560008	     29.31825917	     60.09182632	      5.63718584	     -1.93369504	     44.85839078	     59.21765335	    -44.75916352	     13.23106709	     57.19159693
     11.40000000	      9.15950237	   -179.17761572	      0.00000000	      0.10636149	      1.18010028	      0.02101977	    -20.18239228	      4.70442088	     29.24302590	     59.75237859	      5.68244862	     -2.21595694	     45.38183315	     59.40800720	    -44.87497313	     13.12273700	     56.49358108
     11.41000000	      9.16645023	   -179.15423646	      0.00000000	      0.10638295	      1.18006196	      0.02104376	    -20.23214293	      4.70823951	     29.22686341	     59.79026162	      5.63477560	     -2.17837895	     45.38661787	     59.30365506	    -44.85761031	     13.14265267	     56.18977225
     11.42000000	      9.20021543	   -179.17054719	      0.00000000	      0.10638515	      1.17993850	      0.02108682	    -20.25651295	      4.72302468	     29.23166132	     59.93223708	      5.52093779	     -1.97235032	     45.12966547	     59.15051619	    -44.61188637	     13.15119260	     56.78857760
     11.43000000	      9.18768189	   -179.13294904	      0.00000000	      0.10637928	      1.17993904	      0.02104788	    -20.26285860	      4.70055648	     29.66291968	     59.77707554	      5.13096305	     -2.44251130	     45.47574168	     59.26448158	    -44.47996682	     13.06220079	     55.70445808
     11.44000000	      9.18897202	   -179.12733188	      0.00000000	      0.10640210	      1.17994118	      0.02105010	    -20.25302277	      4.66796851	     30.14719688	     59.84731836	      4.62300623	     -2.71176935	     45.40956563	     59.24949539	    -44.46825889	     13.04663395	     56.31958039
     11.45000000	      9.19812774	   -179.12474268	      0.00000000	      0.10639382	      1.17986892	      0.02105323	    -20.24755286	      4.67944184	     30.07564073	     59.79091116	      4.62838960	     -2.74339048	     45.49580469	     59.28094018	    -44.25885235	     13.01110281	     55.68703570
     11.46000000	      9.21365340	   -179.14802954	      0.00000000	      0.10639334	      1.17985477	      0.02106464	    -20.23607155	      4.67922592	     30.55247813	     59.85570492	      4.21541459	     -2.96369424	     45.49744114	     59.19156782	    -44.34856023	     13.03589842	     55.73405270
     11.47000000	      9.23112895	   -179.09318278	      0.00000000	      0.10642090	      1.17979117	      0.02112940	    -20.33531978	      4.69588084	     30.51886438	     59.95242035	      4.17656999	     -2.83757212	     45.35015470	     59.11550231	    -44.21217674	     13.04890858	     56.05998402
     11.48000000	      9.24812203	   -179.08609702	      0.00000000	      0.10646332	      1.17979022	      0.02119862	    -20.36078711	      4.66128623	     30.40338324	     60.11968125	      4.20877308	     -2.73085306	     45.10637919	     59.07547666	    -44.14479135	     13.07625009	     56.91941714
     11.49000000	      9.31138221	   -179.23773031	      0.00000000	      0.10632774	      1.17946617	      0.02135231	    -20.36114081	      4.86162964	     30.35205723	     60.51832936	      4.08066479	     -1.86656083	     44.36182303	     58.57640800	    -44.17318037	     13.23979470	     58.47381284
     11.50000000	      9.25170906	   -179.13252900	      0.00000000	      0.10637454	      1.17970455	      0.02117194	    -20.29708710	      4.72073832	     30.43415295	     59.86139106	      4.20012465	     -2.93801525	     45.54477489	     59.17136132	    -44.06397204	     12.99252062	     55.72536540
     11.51000000	      9.22494036	   -179.08786965	      0.00000000	      0.10639446	      1.17976021	      0.02124934	    -20.38688975	      4.69871507	     30.36986257	     60.01980211	      4.17082459	     -2.82212790	     45.34562385	     59.10889109	    -43.90535191	     12.97114740	     56.14260279
     11.52000000	      9.26200303	   -179.13843359	      0.00000000	      0.10635998	      1.17969454	      0.02121935	    -20.29620440	      4.71668726	     31.08999788	     59.90041868	      3.60160410	     -3.32440549	     45.55006169	     59.19935188	    -44.05324148	     12.98455162	     55.94065194
     11.53000000	      9.27870229	   -179.09889320	      0.00000000	      0.10642025	      1.17969020	      0.02132826	    -20.39290777	      4.68918248	     31.79587411	     60.25859864	      2.89059978	     -3.40477175	     44.99691733	     59.06349587	    -43.46039736	     12.97484526	     56.64818486
     11.54000000	      9.28280365	   -179.16684678	      0.00000000	      0.10633594	      1.17966431	      0.02131005	    -20.32038184	      4.74544227	     31.74424162	     60.01893830	      3.04004003	     -3.54645175	     45.43421111	     59.11451417	    -43.89394890	     12.99679338	     55.97038796
     11.55000000	      9.28996353	   -179.16794151	      0.00000000	      0.10634474	      1.17964429	      0.02136629	    -20.33264283	      4.75976938	     31.67154871	     60.10505263	      3.06763926	     -3.45067074	     45.26786378	     59.11089707	    -43.69169809	     12.97744742	     56.33335964
     11.56000000	      9.29367235	   -179.14574487	      0.00000000	      0.10634386	      1.17967704	      0.02138958	    -20.36470846	      4.74992696	     31.63169029	     60.13273154	      3.11351328	     -3.43002871	     45.22545548	     59.09775520	    -43.68389790	     13.01285422	     56.37560949
     11.57000000	      9.28311131	   -179.21716903	      0.00000000	      0.10627132	      1.17970253	      0.02140005	    -20.27918517	      4.76847992	     31.28377271	     59.90234494	      3.50222665	     -3.46295376	     45.60797980	     59.20225377	    -44.04957122	     13.01092078	     56.21910790
     11.58000000	      9.30329558	   -179.32432701	      0.00000000	      0.10617090	      1.17960023	      0.02145397	    -20.18529642	      4.83211656	     31.27778590	     59.91442532	      3.44871164	     -3.31451618	     45.48137233	     59.17741297	    -43.94549151	     13.02821949	     56.41355225
     11.59000000	      9.28796132	   -179.25143365	      0.00000000	      0.10624293	      1.17970079	      0.02148288	    -20.27435003	      4.79012537	     32.01487546	     59.95112739	      2.91349243	     -3.81313500	     45.55963727	     59.20093309	    -43.80782113	     13.00939990	     55.78154062
     11.60000000	      9.29925469	   -179.28573286	      0.00000000	      0.10618411	      1.17972986	      0.02157034	    -20.28769583	      4.78572342	     32.04067305	     60.01844757	      2.92284569	     -3.74181144	     45.48856304	     59.14346718	    -43.79402300	     13.03963394	     55.87587407
     11.61000000	      9.29013533	   -179.30209369	      0.00000000	      0.10619065	      1.17974255	      0.02157004	    -20.25044374	      4.80372944	     32.60911322	     59.97858442	      2.46756594	     -4.10777493	     45.53752763	     59.19042784	    -43.75728137	     13.03988135	     55.69792258
     11.62000000	      9.29541361	   -179.34249020	      0.00000000	      0.10613679	      1.17977214	      0.02165181	    -20.25431122	      4.80795879	     32.63486550	     60.03835009	      2.47721493	     -4.02166762	     45.46535107	     59.12040611	    -43.74797547	     13.06657496	     55.81282598
     11.63000000	      9.28195573	   -179.35113724	      0.00000000	      0.10613557	      1.17980908	      0.02169506	    -20.27278496	      4.82288656	     32.65454163	     60.09524148	      2.51090443	     -3.98546732	     45.40105156	     59.05641344	    -43.71524975	     13.08376042	     55.92936429
     11.64000000	      9.31392753	   -179.47280036	      0.00000000	      0.10601402	      1.17973613	      0.02178552	    -20.17295689	      4.86106870	     32.64339160	     60.11448707	      2.48073523	     -3.80996199	     45.23716009	     59.02987666	    -43.49213633	     13.08570248	     56.27773957
     11.65000000	      9.34226802	   -179.45571517	      0.00000000	      0.10605897	      1.17973381	      0.02182531	    -20.20145567	      4.88011634	     32.68751142	     60.16947001	      2.49502230	     -3.75874016	     45.12075707	     58.95241874	    -43.64750017	     13.20425163	     56.31633550
     11.66000000	      9.32341254	   -179.63109730	      0.00000000	      0.10588459	      1.17966514	      0.02187617	    -20.03962138	      4.96240162	     32.65163804	     60.16497199	      2.44497365	     -3.54752437	     44.97873671	     58.89957555	    -43.45776606	     13.18711245	     56.69678461
     11.67000000	      9.29694049	   -179.48104608	      0.00000000	      0.10599445	      1.17994510	      0.02187087	    -20.17725363	      4.83279315	     32.62359968	     59.95891895	      2.77322214	     -4.04257399	     45.56335777	     59.05077312	    -43.87869313	     13.16060533	     56.01772905
     11.68000000	      9.30198504	   -179.49045122	      0.00000000	      0.10598197	      1.17996449	      0.02191709	    -20.18559582	      4.82646479	     32.59546476	     60.02298373	      2.82491499	     -3.96573096	     45.43188039	     59.00864334	    -43.77912730	     13.18979709	     56.21537414
     11.69000000	      9.32006667	   -179.55154276	      0.00000000	      0.10593685	      1.17991047	      0.02187961	    -20.07513579	      4.88048093	     32.59712297	     59.95938789	      2.80604168	     -3.85981226	     45.32637871	     58.95998837	    -43.77128083	     13.25417165	     56.34021184
     11.70000000	      9.34388675	   -179.61283098	      0.00000000	      0.10585124	      1.17988114	      0.02204146	    -20.09516617	      4.89985385	     32.62045261	     60.00924367	      2.81945970	     -3.80210858	     45.29877469	     58.93480201	    -43.84924581	     13.31183585	     56.38468579
     11.71000000	      9.30691017	   -179.53227549	      0.00000000	      0.10591254	      1.18007057	      0.02205590	    -20.19137069	      4.82568823	     32.59655858	     60.06288683	      2.98584830	     -3.86906152	     45.32931767	     58.85738305	    -43.86973745	     13.30804877	     56.59209749
     11.72000000	      9.30988798	   -179.60331388	      0.00000000	      0.10581748	      1.18005750	      0.02204041	    -20.09416376	      4.85471479	     32.51928919	     59.80159646	      3.18146964	     -4.02207301	     45.72402094	     58.95929270	    -44.12927699	     13.27603448	     56.17261837
     11.73000000	      9.30054775	   -179.66814091	      0.00000000	      0.10576034	      1.18016448	      0.02210492	    -20.06969959	      4.80936459	     32.50783812	     59.89704299	      3.23159719	     -3.90355403	     45.57908729	     58.85152268	    -43.96481634	     13.27738667	     56.47774052
     11.74000000	      9.30000228	   -179.70962700	      0.00000000	      0.10569178	      1.18018580	      0.02212265	    -20.02092100	      4.81644297	     32.44680587	     59.77752080	      3.36496214	     -3.96069175	     45.75648023	     58.87162976	    -44.11690731	     13.29749153	     56.15353544
     11.75000000	      9.31671155	   -179.79123479	      0.00000000	      0.10560423	      1.18015675	      0.02223217	    -19.99321765	      4.82082813	     32.42833262	     59.86856486	      3.38388372	     -3.78613821	     45.57354397	     58.78921121	    -43.89358812	     13.29388172	     56.57956514
     11.76000000	      9.29045297	   -179.88782303	      0.00000000	      0.10551661	      1.18017625	      0.02216978	    -19.85661748	      4.83846424	     32.38359441	     59.86264275	      3.35650763	     -3.58891602	     45.36350312	     58.68096153	    -43.68396669	     13.31212222	     56.97332508
     11.77000000	      9.30377286	   -179.79688846	      0.00000000	      0.10554747	      1.18028810	      0.02220465	    -19.95710243	      4.78752262	     32.35726499	     59.70981690	      3.60679381	     -3.91191277	     45.81220754	     58.77559172	    -44.19580984	     13.34818264	     56.24013670
     11.78000000	      9.30659289	   -179.78781215	      0.00000000	      0.10550010	      1.18034573	      0.02227136	    -20.00904722	      4.73731436	     32.33015265	     59.82083421	      3.63087276	     -3.77797380	     45.61895254	     58.69090768	    -44.00768272	     13.36146914	     56.60025874
     11.79000000	      9.29475727	   -179.83520940	      0.00000000	      0.10546859	      1.18033521	      0.02225364	    -19.95053229	      4.78650376	     32.29732129	     59.83139590	      3.69498212	     -3.70585323	     45.55695669	     58.59776859	    -44.07493118	     13.39052946	     56.72955216
     11.80000000	      9.31070265	   -179.85770839	      0.00000000	      0.10538880	      1.18035483	      0.02225482	    -19.92282794	      4.77413353	     32.18200272	     59.64903671	      3.90127247	     -3.79702166	     45.85577018	     58.65085158	    -44.42103385	     13.42684332	     56.56451586
     11.81000000	      9.31140699	   -179.84150547	      0.00000000	      0.10535734	      1.18040869	      0.02228858	    -19.95309125	      4.73272598	     32.15684880	     59.72094107	      3.93387420	     -3.73190946	     45.72072606	     58.60301345	    -44.23585192	     13.41203506	     56.78761056
     11.82000000	      9.31530397	   -179.89036778	      0.00000000	      0.10527533	      1.18043267	      0.02230977	    -19.92254147	      4.72520014	     32.12336278	     59.76318094	      3.96927656	     -3.61616253	     45.61885274	     58.50896084	    -44.22241330	     13.45273969	     56.94687261
     11.83000000	      9.32597346	   -179.93104299	      0.00000000	      0.10518558	      1.18042035	      0.02228789	    -19.86969496	      4.73740320	     32.04887203	     59.56550384	      4.12469885	     -3.70755647	     45.91058673	     58.55930761	    -44.39683171	     13.44373072	     56.58998408
     11.84000000	      9.32667467	   -179.88946618	      0.00000000	      0.10517100	      1.18045601	      0.02232505	    -19.92976405	      4.69815250	     31.98870458	     59.68751758	      4.16530340	     -3.64435512	     45.73010443	     58.53120785	    -44.23198643	     13.43136290	     56.82901690
     11.85000000	      9.33802178	   -179.92305072	      0.00000000	      0.10510018	      1.18047619	      0.02235117	    -19.92891833	      4.68521393	     31.94176587	     59.77466837	      4.21563436	     -3.45785164	     45.55041218	     58.38904421	    -44.13060593	     13.46761258	     57.21616728
     11.86000000	      9.33185104	   -179.98308576	      0.00000000	      0.10496660	      1.18050361	      0.02229078	    -19.81565522	      4.67564067	     31.78955710	     59.48196336	      4.42466719	     -3.62569688	     45.97851967	     58.51223161	    -44.43727841	     13.45247038	     56.75159243
     11.87000000	      9.35720567	   -180.25053415	      0.00000000	      0.10465879	      1.18026502	      0.02230494	    -19.53972985	      4.78713341	     31.70836053	     59.45319280	      4.24395619	     -3.22405368	     45.66377329	     58.46814023	    -44.01233955	     13.42264247	     57.35957272
     11.88000000	      9.35310170	   -179.95602937	      0.00000000	      0.10484739	      1.18053939	      0.02235009	    -19.89049936	      4.61165491	     31.68750976	     59.68804731	      4.45811728	     -3.36157708	     45.58055226	     58.36720426	    -44.08479791	     13.47099210	     57.42916304
     11.89000000	      9.37001882	   -180.16369033	      0.00000000	      0.10461859	      1.18032399	      0.02232490	    -19.65200600	      4.72679936	     31.61330680	     59.59833289	      4.34180481	     -3.10420337	     45.40902308	     58.35557363	    -43.82481872	     13.45026569	     57.79336797
     11.90000000	      9.37319255	   -180.01458272	      0.00000000	      0.10464162	      1.18054323	      0.02232550	    -19.82959110	      4.61099531	     31.62580489	     59.49652796	      4.62259559	     -3.43576786	     45.90167774	     58.34077951	    -44.43193877	     13.50069808	     56.92737056
     11.91000000	      9.36934424	   -180.01386115	      0.00000000	      0.10455588	      1.18059689	      0.02233346	    -19.83865754	      4.56299411	     31.58439983	     59.55108337	      4.64237177	     -3.39216945	     45.80776324	     58.32082762	    -44.22285063	     13.44689581	     57.11051565
     11.92000000	      9.36809951	   -180.04343693	      0.00000000	      0.10441817	      1.18057870	      0.02234980	    -19.82139496	      4.57123626	     31.52814294	     59.51948723	      4.69832108	     -3.40213918	     45.90255417	     58.32462521	    -44.34917196	     13.44552100	     56.82038504
     11.93000000	      9.36902807	   -179.99105245	      0.00000000	      0.10438891	      1.18061579	      0.02231983	    -19.85810571	      4.53096880	     31.46064622	     59.55865981	      4.72698888	     -3.33107723	     45.76029658	     58.28095576	    -44.14974198	     13.43320224	     57.09959658
     11.94000000	      9.38983479	   -180.12755957	      0.00000000	      0.10414868	      1.18052390	      0.02232314	    -19.71273376	      4.56378463	     31.42798393	     59.52467263	      4.64234621	     -3.16018204	     45.65503645	     58.26529889	    -43.92353919	     13.38121942	     57.35174308
     11.95000000	      9.39773913	   -180.02323337	      0.00000000	      0.10412930	      1.18067759	      0.02230360	    -19.80729664	      4.45051967	     31.35933458	     59.39104540	      4.86887319	     -3.42575276	     46.03366435	     58.34139929	    -44.26384977	     13.38731704	     56.56872402
     11.96000000	      9.41784788	   -179.99851039	      0.00000000	      0.10402428	      1.18069569	      0.02234474	    -19.85412622	      4.39930909	     31.32909240	     59.47966017	      4.86800637	     -3.34457414	     45.89612638	     58.30226854	    -44.09713256	     13.35838114	     56.77068226
     11.97000000	      9.42575175	   -179.98928952	      0.00000000	      0.10392061	      1.18071367	      0.02237707	    -19.87911223	      4.36542290	     31.29468757	     59.53469609	      4.87052042	     -3.28467464	     45.83093032	     58.25951288	    -44.10350839	     13.34543772	     56.79945649
     11.98000000	      9.45284725	   -180.25343647	      0.00000000	      0.10355407	      1.18047390	      0.02234430	    -19.56963281	      4.47220339	     31.20480849	     59.42620664	      4.67032976	     -2.91924251	     45.59563024	     58.24921698	    -43.75384893	     13.30807637	     57.32512163
     11.99000000	      9.45912184	   -179.91998165	      0.00000000	      0.10372549	      1.18077106	      0.02242384	    -19.96893757	      4.26915497	     31.21748484	     59.68008917	      4.88882836	     -3.15595378	     45.60553773	     58.17413811	    -43.98517055	     13.33073276	     57.15543354
     12.00000000	      9.45284127	   -179.96862384	      0.00000000	      0.10352509	      1.18080303	      0.02237395	    -19.87320027	      4.24466579	     31.11121426	     59.39961063	      5.03786731	     -3.35001752	     46.09808664	     58.30458605	    -44.33234709	     13.25238220	     56.31546932
     12.01000000	      9.48091269	   -179.91957018	      0.00000000	      0.10343451	      1.18083795	      0.02245470	    -19.96377219	      4.17241460	     31.06045777	     59.59256815	      5.01823062	     -3.16592488	     45.81078214	     58.19758048	    -44.18726228	     13.25696305	     56.76263053
     12.02000000	      9.53008584	   -179.91840495	      0.00000000	      0.10327740	      1.18086204	      0.02249027	    -19.96528310	      4.11681205	     31.00019896	     59.47653100	      5.12580297	     -3.24319778	     46.06443530	     58.23226402	    -44.59841898	     13.28996445	     56.25453541
     12.03000000	      9.52203815	   -179.94538279	      0.00000000	      0.10312872	      1.18083427	      0.02250158	    -19.93424642	      4.10991244	     30.97411773	     59.53467966	      5.06876518	     -3.13580643	     45.95202657	     58.17021235	    -44.52573590	     13.22790753	     56.42935337
     12.04000000	      9.54209870	   -179.99870019	      0.00000000	      0.10293917	      1.18082594	      0.02256696	    -19.90613030	      4.05767820	     30.93018162	     59.65710567	      4.99919497	     -2.94023346	     45.72458076	     58.10811653	    -44.26152887	     13.13898206	     56.94041514
     12.05000000	      9.53432032	   -179.86256014	      0.00000000	      0.10290362	      1.18098988	      0.02250879	    -19.97651007	      3.95102476	     30.89236075	     59.43498809	      5.16748102	     -3.35283309	     46.26605707	     58.24861780	    -44.86423172	     13.14808163	     55.73252538
     12.06000000	      9.51764845	   -179.76694376	      0.00000000	      0.10280890	      1.18108375	      0.02257571	    -20.09022669	      3.85564186	     30.82410910	     59.60535206	      5.08517025	     -3.22757740	     46.01456229	     58.18385768	    -44.74490060	     13.13614580	     56.06150122
     12.07000000	      9.57228326	   -179.75091778	      0.00000000	      0.10270721	      1.18107440	      0.02264577	    -20.12439822	      3.78956768	     30.81511249	     59.75158816	      5.06526312	     -3.08414706	     45.82608621	     58.07915953	    -44.76893231	     13.12429308	     56.33985151
     12.08000000	      9.57881932	   -179.76588399	      0.00000000	      0.10255016	      1.18110027	      0.02259955	    -20.04232168	      3.74673827	     30.72480739	     59.46731149	      5.20869605	     -3.36181893	     46.38004482	     58.22681705	    -45.30468335	     13.06158271	     55.24986283
     12.09000000	      9.61238074	   -179.61814770	      0.00000000	      0.10255754	      1.18116750	      0.02257837	    -20.14882607	      3.63235039	     30.72266824	     59.59562296	      5.17137906	     -3.32408182	     46.16990672	     58.14976703	    -45.22629365	     13.06056160	     55.41285533
     12.10000000	      9.60700952	   -179.65002360	      0.00000000	      0.10236470	      1.18121219	      0.02271361	    -20.16589966	      3.55287950	     30.65582406	     59.74662075	      5.09211055	     -3.17054146	     46.04038782	     58.07897051	    -45.27106445	     13.00862820	     55.63926468
     12.11000000	      9.60383097	   -179.67486957	      0.00000000	      0.10219567	      1.18125635	      0.02264888	    -20.05274765	      3.48151175	     30.54362600	     59.43442808	      5.22079426	     -3.46448043	     46.61729079	     58.26426417	    -45.61121432	     12.90040749	     54.20936150
     12.12000000	      9.61414055	   -179.60350901	      0.00000000	      0.10214009	      1.18128826	      0.02272252	    -20.13157475	      3.41810522	     30.55112587	     59.63142561	      5.13459776	     -3.36652713	     46.42401519	     58.10776227	    -45.89943313	     12.96181067	     54.15430505
     12.13000000	      9.64819550	   -179.52111703	      0.00000000	      0.10205461	      1.18132683	      0.02279498	    -20.21298947	      3.30217070	     30.48520730	     59.70690381	      5.09328908	     -3.32050636	     46.35338964	     58.10568189	    -45.85458301	     12.90232870	     54.31539639
     12.14000000	      9.62398120	   -179.54154444	      0.00000000	      0.10188888	      1.18139461	      0.02274639	    -20.11340372	      3.21954439	     30.41542554	     59.47025967	      5.13054631	     -3.54727898	     46.81913174	     58.21683105	    -46.21080141	     12.79860367	     53.31468327
     12.15000000	      9.63952107	   -179.44569638	      0.00000000	      0.10186278	      1.18143381	      0.02279293	    -20.20116401	      3.12725766	     30.35229182	     59.67040516	      5.05224499	     -3.38079266	     46.56201731	     58.06474983	    -46.34415974	     12.82077341	     53.58702083
     12.16000000	      9.63843119	   -179.45636029	      0.00000000	      0.10170143	      1.18147232	      0.02281480	    -20.13901860	      3.03496371	     30.23535416	     59.49174368	      5.13285405	     -3.56399248	     46.98577365	     58.17261662	    -46.68132755	     12.73093027	     52.56170961
     12.17000000	      9.66275653	   -179.38698867	      0.00000000	      0.10165321	      1.18149404	      0.02291725	    -20.23280632	      2.93865500	     30.19153070	     59.76384852	      5.03294451	     -3.32209120	     46.65284631	     57.96561731	    -46.71530541	     12.72537642	     53.08991604
     12.18000000	      9.64179936	   -179.36702217	      0.00000000	      0.10152387	      1.18153838	      0.02288046	    -20.16615626	      2.86642885	     30.06678108	     59.48879333	      5.10742089	     -3.59027999	     47.21981494	     58.10140725	    -47.37915893	     12.68343446	     52.07966639
     12.19000000	      9.63540438	   -179.34998502	      0.00000000	      0.10141578	      1.18160984	      0.02290083	    -20.13432509	      2.74996136	     30.21461637	     59.44891648	      4.89921850	     -3.81234612	     47.43983189	     58.12169396	    -47.84614831	     12.63811302	     52.04389591
     12.20000000	      9.73718096	   -179.03911557	      0.00000000	      0.10156195	      1.18137818	      0.02326842	    -20.72950438	      2.85093613	     30.20687186	     60.53368075	      4.61035085	     -2.50089014	     45.87018473	     57.09218666	    -48.47233938	     13.10637242	     55.06723563
     12.21000000	      9.63667234	   -179.27631034	      0.00000000	      0.10125140	      1.18166930	      0.02295641	    -20.13129317	      2.59584142	     30.15385442	     59.34780752	      4.81318941	     -3.97604097	     47.90490943	     58.05083750	    -48.96016459	     12.61497564	     51.75998386
     12.22000000	      9.62760262	   -179.21126922	      0.00000000	      0.10121299	      1.18174600	      0.02302199	    -20.18133519	      2.45490752	     30.15853026	     59.59194771	      4.59873841	     -3.87654997	     47.63137643	     57.94072742	    -48.01705345	     12.45295663	     49.64722918
     12.23000000	      9.61681933	   -179.17870835	      0.00000000	      0.10113144	      1.18179686	      0.02305757	    -20.16598551	      2.36549948	     30.10879603	     59.52887640	      4.56405980	     -4.00701912	     47.92346433	     57.92571882	    -48.81397492	     12.45307032	     49.96652384
     12.24000000	      9.62009051	   -179.11963865	      0.00000000	      0.10109262	      1.18181203	      0.02309425	    -20.20650599	      2.27914004	     29.94334813	     59.62865484	      4.55890918	     -3.88158960	     47.88991480	     57.81665746	    -48.55568944	     12.37178345	     48.66121657
     12.25000000	      9.59174804	   -179.09686471	      0.00000000	      0.10102052	      1.18192099	      0.02312040	    -20.15065673	      2.14123451	     30.17441182	     59.57033451	      4.24523502	     -4.25609926	     48.19738616	     57.88383349	    -49.32626536	     12.31270927	     49.36715294
     12.26000000	      9.58867068	   -179.01565564	      0.00000000	      0.10099714	      1.18190011	      0.02317501	    -20.22718508	      2.08856716	     30.47886024	     59.67420369	      3.84210370	     -4.37103780	     48.23386546	     57.76549446	    -49.00132319	     12.21472320	     47.63297267
     12.27000000	      9.57230192	   -179.01402595	      0.00000000	      0.10091647	      1.18193153	      0.02321928	    -20.19973428	      2.02733310	     30.29996292	     59.59811450	      3.92279683	     -4.42326909	     48.59686035	     57.71049123	    -49.87077159	     12.22838682	     47.73776978
     12.28000000	      9.55636939	   -178.97955925	      0.00000000	      0.10087656	      1.18200014	      0.02324450	    -20.17582231	      1.93058926	     30.62858274	     59.63254972	      3.51413889	     -4.68202570	     48.75169792	     57.64226083	    -50.25780076	     12.18067684	     47.56511897
     12.29000000	      9.54181682	   -178.93776071	      0.00000000	      0.10082657	      1.18202725	      0.02328132	    -20.19131537	      1.85649425	     30.65287343	     59.65397605	      3.36164315	     -4.76431689	     48.93710704	     57.57663962	    -50.39531002	     12.09871188	     46.74807714
     12.30000000	      9.51220508	   -178.91122201	      0.00000000	      0.10080634	      1.18213142	      0.02329894	    -20.14296137	      1.72441148	     30.75046036	     59.68971154	      3.11789949	     -5.01480750	     49.10330065	     57.60366034	    -50.72607403	     11.99095549	     46.75279037
     12.31000000	      9.51266835	   -178.87438761	      0.00000000	      0.10076949	      1.18213450	      0.02336592	    -20.18184251	      1.66912134	     30.64800675	     59.76140178	      3.08933809	     -4.92542730	     49.23048838	     57.45596569	    -50.55936583	     11.88218063	     45.36785741
     12.32000000	      9.49644036	   -178.80494200	      0.00000000	      0.10077409	      1.18217872	      0.02344867	    -20.24601097	      1.59451297	     30.56099207	     59.91378168	      2.99262620	     -4.86016991	     49.23825900	     57.31191264	    -50.78420891	     11.83068323	     45.39135379
     12.33000000	      9.48845601	   -178.76921579	      0.00000000	      0.10076683	      1.18220454	      0.02347304	    -20.24063899	      1.52524897	     30.44497705	     59.99565342	      2.97753908	     -4.84713605	     49.35811407	     57.19070039	    -51.09787941	     11.77355511	     45.20592381
     12.34000000	      9.47567402	   -178.76910929	      0.00000000	      0.10069307	      1.18224751	      0.02350773	    -20.20221226	      1.46593216	     30.33981983	     59.86483350	      3.00710595	     -5.02395649	     49.87449480	     57.20876745	    -51.57728040	     11.68455780	     44.29913898
     12.35000000	      9.47291212	   -178.68826556	      0.00000000	      0.10071256	      1.18229761	      0.02358651	    -20.26615495	      1.36640044	     30.24435372	     60.00802030	      2.93326518	     -5.01334540	     49.92457962	     57.12100502	    -51.70575445	     11.58282114	     44.19282233
     12.36000000	      9.44347050	   -178.68553483	      0.00000000	      0.10067530	      1.18232535	      0.02358640	    -20.21052681	      1.32844609	     30.13392198	     59.90782544	      2.94564936	     -5.16632454	     50.36779126	     57.12632984	    -51.96566942	     11.44974185	     43.17484729
     12.37000000	      9.44200756	   -178.73171019	      0.00000000	      0.10060265	      1.18231806	      0.02369777	    -20.17878104	      1.25860794	     30.03103766	     60.11447876	      2.83636088	     -5.00270904	     50.31003761	     56.97202102	    -51.89708917	     11.27859017	     43.45210921
     12.38000000	      9.43696445	   -178.66813111	      0.00000000	      0.10062111	      1.18237182	      0.02379559	    -20.25177730	      1.17238554	     29.93405449	     60.33288294	      2.76936656	     -4.93205351	     50.30596183	     56.83190261	    -52.00048257	     11.16063551	     43.54235839
     12.39000000	      9.42614520	   -178.58978779	      0.00000000	      0.10066591	      1.18243094	      0.02375361	    -20.24971246	      1.14087612	     29.84763933	     60.15194048	      2.87727830	     -5.21003338	     50.98195371	     56.82336021	    -52.90400352	     11.20655431	     42.05109693
     12.40000000	      9.43671951	   -178.60718461	      0.00000000	      0.10061509	      1.18240922	      0.02388206	    -20.23982816	      1.08637169	     29.73238884	     60.33186559	      2.76278137	     -5.07766084	     50.95928349	     56.72720620	    -52.81848440	     11.03064713	     42.27357994
     12.41000000	      9.41876674	   -178.52766282	      0.00000000	      0.10062029	      1.18248435	      0.02386443	    -20.25253948	      1.02749904	     29.60639605	     60.18713190	      2.86251239	     -5.37784524	     51.59195420	     56.82536544	    -53.26374805	     10.93333152	     40.75304338
     12.42000000	      9.42952693	   -178.51815140	      0.00000000	      0.10060356	      1.18253438	      0.02399447	    -20.29047320	      0.92646122	     29.52030036	     60.43647953	      2.79368056	     -5.27055977	     51.57681148	     56.68599904	    -53.18099566	     10.73832455	     40.95618031
     12.43000000	      9.42008473	   -178.44008471	      0.00000000	      0.10062340	      1.18258776	      0.02397898	    -20.30259814	      0.87285525	     29.38864020	     60.33334318	      2.85761606	     -5.49822175	     52.10064874	     56.76820844	    -53.43945577	     10.63516145	     39.44050985
     12.44000000	      9.41899696	   -178.40175206	      0.00000000	      0.10065981	      1.18265023	      0.02405145	    -20.33039237	      0.79856300	     29.29501519	     60.53786680	      2.81263251	     -5.43195726	     52.15554726	     56.62334753	    -53.58513387	     10.53584178	     39.06907635
     12.45000000	      9.43614910	   -178.35116112	      0.00000000	      0.10063716	      1.18267927	      0.02412755	    -20.35854651	      0.72510254	     29.14893683	     60.52972229	      2.84947215	     -5.58037444	     52.54551229	     56.72410641	    -53.54169533	     10.35938682	     37.94568213
     12.46000000	      9.46016124	   -178.36824684	      0.00000000	      0.10059800	      1.18268340	      0.02424440	    -20.36240439	      0.66069669	     29.07322798	     60.75491881	      2.74282820	     -5.41564579	     52.53153792	     56.58675899	    -53.52013916	     10.18951202	     38.15286143
     12.47000000	      9.46752697	   -178.25786140	      0.00000000	      0.10065665	      1.18274899	      0.02430062	    -20.45619699	      0.59870157	     28.95160781	     60.80329856	      2.82244143	     -5.56732623	     52.93160178	     56.60603261	    -53.66150300	     10.09349710	     36.53537401
     12.48000000	      9.49446364	   -178.17855187	      0.00000000	      0.10068943	      1.18278702	      0.02440820	    -20.55637556	      0.52031720	     28.89127707	     61.04256889	      2.75959038	     -5.51137713	     52.98414456	     56.50238694	    -53.82008328	      9.98089310	     36.57594050
     12.49000000	      9.55679969	   -178.12797829	      0.00000000	      0.10070637	      1.18280204	      0.02456599	    -20.64135526	      0.44822869	     28.84547377	     61.25768790	      2.70811605	     -5.46545981	     53.09080086	     56.43066968	    -54.03013242	      9.89420458	     36.52798280
     12.50000000	      9.53725961	   -178.10367986	      0.00000000	      0.10068688	      1.18288654	      0.02458303	    -20.60921719	      0.40053860	     28.76037449	     61.12141366	      2.76829630	     -5.72903199	     53.74844189	     56.53260960	    -54.61954371	      9.81276393	     35.40811458
     12.51000000	      9.57911276	   -178.04346024	      0.00000000	      0.10071020	      1.18293835	      0.02471520	    -20.70035057	      0.30799577	     28.70740890	     61.37689738	      2.70206463	     -5.65954380	     53.78918241	     56.44125415	    -54.68112461	      9.68867705	     35.45110857
     12.52000000	      9.62149127	   -177.96555296	      0.00000000	      0.10074766	      1.18299501	      0.02484172	    -20.80485455	      0.21997472	     28.65844386	     61.60743884	      2.65097360	     -5.62400859	     53.88708081	     56.36881090	    -54.84570131	      9.59150101	     35.36206116
     12.53000000	      9.62704959	   -177.93048615	      0.00000000	      0.10073105	      1.18308831	      0.02490200	    -20.79944463	      0.13728414	     28.55399741	     61.50815042	      2.74019193	     -5.91746076	     54.52784464	     56.55081749	    -55.05326598	      9.45816582	     33.59597335
     12.54000000	      9.67709142	   -177.88413410	      0.00000000	      0.10074761	      1.18315272	      0.02506468	    -20.89627792	      0.04451871	     28.51261150	     61.77743551	      2.67577709	     -5.81519132	     54.57684570	     56.44398952	    -55.11618121	      9.33956787	     33.65094909
     12.55000000	      9.71706002	   -177.80744994	      0.00000000	      0.10077377	      1.18319902	      0.02517844	    -20.98477954	     -0.00687803	     28.46921296	     61.84732279	      2.68769558	     -5.92049193	     54.97499565	     56.46810965	    -55.56683224	      9.32410442	     32.65714415
     12.56000000	      9.76569232	   -177.73877199	      0.00000000	      0.10080790	      1.18328541	      0.02532550	    -21.08575011	     -0.12075139	     28.43357300	     62.08810399	      2.64833764	     -5.91475917	     55.09862873	     56.42626893	    -55.68304757	      9.20889381	     32.55561052
     12.57000000	      9.80492591	   -177.66989879	      0.00000000	      0.10082739	      1.18335232	      0.02546205	    -21.17260572	     -0.19594343	     28.38037759	     62.17642381	      2.65745441	     -6.02261571	     55.47806220	     56.48049272	    -55.98659658	      9.15550022	     31.54752521
     12.58000000	      9.86227331	   -177.62175440	      0.00000000	      0.10085554	      1.18345594	      0.02562660	    -21.26021464	     -0.31367954	     28.35817391	     62.42363333	      2.62304491	     -5.99846381	     55.60124608	     56.42047778	    -56.08993196	      9.04763039	     31.47487080
     12.59000000	      9.91808437	   -177.53500846	      0.00000000	      0.10090526	      1.18354945	      0.02579755	    -21.38906989	     -0.41918801	     28.33102503	     62.66379471	      2.58994697	     -5.99903543	     55.75232378	     56.38355257	    -56.30900592	      8.98501861	     31.26144677
     12.60000000	      9.97112772	   -177.49108639	      0.00000000	      0.10093137	      1.18364506	      0.02595739	    -21.46195391	     -0.49625451	     28.30855580	     62.75498237	      2.61339330	     -6.09972576	     56.16448232	     56.41564704	    -56.72045477	      8.96922997	     30.30447016
     12.61000000	     10.03516096	   -177.44542408	      0.00000000	      0.10095475	      1.18376136	      0.02615475	    -21.56195698	     -0.62416761	     28.28353771	     63.01294736	      2.58127339	     -6.07961112	     56.28956903	     56.37445004	    -56.79919842	      8.87481120	     30.23379748
     12.62000000	     10.10129934	   -177.34512650	      0.00000000	      0.10103395	      1.18383287	      0.02636609	    -21.72214215	     -0.71193105	     28.22233471	     63.34184480	      2.56335288	     -5.97036044	     56.31373587	     56.27634766	    -56.99957037	      8.83437134	     30.23747514
     12.63000000	     10.13199225	   -177.26252232	      0.00000000	      0.10107373	      1.18396947	      0.02653149	    -21.84524627	     -0.81543595	     28.13973058	     63.57529665	      2.56984015	     -5.96725511	     56.49473418	     56.24479379	    -57.34122221	      8.82363180	     29.94532623
     12.64000000	     10.21506598	   -177.23166529	      0.00000000	      0.10108507	      1.18408343	      0.02677156	    -21.93985718	     -0.94811519	     28.13244201	     63.78030694	      2.58336750	     -6.02336965	     56.76871069	     56.26414056	    -57.58915652	      8.76076001	     29.56348065
     12.65000000	     10.31015693	   -177.26823701	      0.00000000	      0.10106433	      1.18416802	      0.02704764	    -21.98596985	     -1.05925010	     28.10150295	     64.08522641	      2.56165076	     -5.85651211	     56.82155663	     56.13580880	    -57.70230163	      8.71449380	     29.64344549
     12.66000000	     10.36986980	   -177.09710527	      0.00000000	      0.10118744	      1.18433801	      0.02723048	    -22.18706460	     -1.19827362	     28.05283010	     64.25544584	      2.65586639	     -6.06795209	     57.19333313	     56.22720718	    -58.20249802	      8.76296949	     28.92362279
     12.67000000	     10.42295383	   -177.10600585	      0.00000000	      0.10114185	      1.18451548	      0.02741361	    -22.18573337	     -1.33629343	     27.96792462	     64.17922735	      2.81293534	     -6.37822869	     57.89988622	     56.47337238	    -58.42895856	      8.68621757	     27.19671571
     12.68000000	     10.51236685	   -177.03995817	      0.00000000	      0.10118367	      1.18463880	      0.02769325	    -22.34365579	     -1.46239347	     27.92506925	     64.55495964	      2.78032395	     -6.22655285	     57.86148656	     56.35000587	    -58.42639773	      8.64322725	     27.30052090
     12.69000000	     10.59362107	   -177.01329100	      0.00000000	      0.10119084	      1.18477189	      0.02791440	    -22.41742109	     -1.59023099	     27.87452748	     64.69121333	      2.86523512	     -6.33779689	     58.23351776	     56.42398352	    -58.64915072	      8.63230752	     26.34167995
     12.70000000	     10.69928316	   -176.97796329	      0.00000000	      0.10121362	      1.18491116	      0.02821318	    -22.54887601	     -1.73625033	     27.85327795	     65.05297990	      2.85091596	     -6.20896267	     58.23179713	     56.31078598	    -58.66550670	      8.59146958	     26.47091040
     12.71000000	     10.78138599	   -176.86433023	      0.00000000	      0.10132886	      1.18504977	      0.02843924	    -22.69083529	     -1.85419726	     27.80052918	     65.30100697	      2.92569795	     -6.32445540	     58.44126694	     56.36135991	    -59.05540105	      8.64695518	     25.96271810
     12.72000000	     10.85920384	   -176.93061995	      0.00000000	      0.10123969	      1.18524515	      0.02881188	    -22.76662016	     -2.01593517	     27.78845760	     65.62828676	      2.89961945	     -6.15871965	     58.52573971	     56.21615416	    -59.00597416	      8.56301933	     26.11566152
     12.73000000	     10.94317274	   -176.78631286	      0.00000000	      0.10134041	      1.18540209	      0.02909640	    -22.99537957	     -2.16401880	     27.74152381	     65.94088983	      2.93087733	     -6.21461865	     58.64944887	     56.23788348	    -59.27802383	      8.60033654	     25.90954831
     12.74000000	     11.02650291	   -176.78921052	      0.00000000	      0.10134503	      1.18558078	      0.02932099	    -23.00169743	     -2.29227002	     27.71151991	     65.93716655	      3.07937071	     -6.45025004	     59.21424404	     56.37064578	    -59.73223899	      8.65021979	     24.85561120
     12.75000000	     11.13976665	   -176.73917677	      0.00000000	      0.10140868	      1.18574172	      0.02963006	    -23.15297079	     -2.44263147	     27.70154019	     66.31106222	      3.08870475	     -6.34069906	     59.18935790	     56.25496545	    -59.65345062	      8.60300033	     25.02696413
     12.76000000	     11.21530920	   -176.67131728	      0.00000000	      0.10141647	      1.18588956	      0.02994260	    -23.30082684	     -2.59182230	     27.64858013	     66.61369105	      3.08887277	     -6.34580226	     59.26912141	     56.25675313	    -59.78032367	      8.62213539	     24.88336650
     12.77000000	     11.28959915	   -176.73098694	      0.00000000	      0.10142042	      1.18602182	      0.03022921	    -23.32375093	     -2.66590983	     27.65516891	     66.93270270	      3.09971197	     -6.20952936	     59.32274012	     56.10876821	    -59.74724338	      8.52811626	     25.01131438
     12.78000000	     11.40864615	   -176.57543587	      0.00000000	      0.10150319	      1.18620831	      0.03057343	    -23.57214914	     -2.86707423	     27.62006613	     67.20698555	      3.14665841	     -6.31545994	     59.47306433	     56.16102041	    -60.10634698	      8.66234619	     24.71639943
     12.79000000	     11.48879744	   -176.64738575	      0.00000000	      0.10141187	      1.18636958	      0.03091519	    -23.61530830	     -2.99594181	     27.61569064	     67.48947140	      3.14537426	     -6.19273715	     59.57653144	     56.04527138	    -60.09337565	      8.60520397	     24.79116213
     12.80000000	     11.54236255	   -176.53739734	      0.00000000	      0.10153263	      1.18656558	      0.03112446	    -23.72537907	     -3.12544486	     27.56434156	     67.57082881	      3.27134382	     -6.51969815	     60.00686403	     56.24492050	    -60.72702759	      8.72903985	     23.91961617
     12.81000000	     11.63776217	   -176.53942952	      0.00000000	      0.10143830	      1.18677248	      0.03153444	    -23.87742752	     -3.32173895	     27.56928657	     67.83573506	      3.27829536	     -6.43915187	     60.15422721	     56.15568022	    -60.67179427	      8.68207823	     23.98460407
     12.82000000	     11.73146469	   -176.50820394	      0.00000000	      0.10153755	      1.18683938	      0.03168741	    -23.86134663	     -3.37119498	     27.54809317	     67.80537377	      3.40546658	     -6.69877803	     60.58856150	     56.35179797	    -60.82955603	      8.70944764	     22.81001111
     12.83000000	     11.81485927	   -176.47251388	      0.00000000	      0.10157474	      1.18698943	      0.03200502	    -23.99472962	     -3.50488743	     27.51843653	     68.14467131	      3.40548695	     -6.62150802	     60.54649214	     56.27442086	    -60.72310671	      8.67908751	     22.90226428
     12.84000000	     11.90513699	   -176.43727503	      0.00000000	      0.10161129	      1.18712666	      0.03230596	    -24.09442667	     -3.63311342	     27.49156462	     68.40254911	      3.43718910	     -6.62592463	     60.60753228	     56.24706583	    -60.86194305	      8.74048425	     22.73926157
     12.85000000	     11.98409185	   -176.40980641	      0.00000000	      0.10164996	      1.18726360	      0.03256652	    -24.19163530	     -3.73199094	     27.49206652	     68.64052290	      3.46668369	     -6.57371817	     60.67566684	     56.16803694	    -60.82692986	      8.70769112	     22.76452969
     12.86000000	     11.98814600	   -176.36369751	      0.00000000	      0.10170874	      1.18750539	      0.03286808	    -24.31549702	     -3.85836871	     27.45657854	     68.86551252	      3.52174191	     -6.70694886	     60.88489496	     56.19329337	    -61.14665488	      8.73502735	     22.38582733
     12.87000000	     12.06612191	   -176.38487474	      0.00000000	      0.10169154	      1.18765667	      0.03319616	    -24.38796680	     -3.98449878	     27.44886181	     69.03801797	      3.58197333	     -6.76622536	     61.10490949	     56.21897279	    -61.30656237	      8.75178400	     22.08471891
     12.88000000	     12.20223035	   -176.35347715	      0.00000000	      0.10172355	      1.18769506	      0.03343297	    -24.45898700	     -4.07401896	     27.45511796	     69.20651519	      3.61410621	     -6.71069962	     61.14328712	     56.18389849	    -61.22136363	      8.77337891	     22.11018335
     12.89000000	     12.29098029	   -176.30990038	      0.00000000	      0.10176195	      1.18782471	      0.03373361	    -24.57788243	     -4.19495620	     27.44777432	     69.43591383	      3.65592611	     -6.71285725	     61.20153569	     56.15942105	    -61.22928995	      8.77417224	     22.06482784
     12.90000000	     12.37221692	   -176.44119283	      0.00000000	      0.10168691	      1.18795254	      0.03401654	    -24.52265165	     -4.28683273	     27.47904146	     69.62734450	      3.66473037	     -6.55643155	     61.23801791	     55.99294336	    -61.05900032	      8.73111427	     22.24527224
     12.91000000	     12.44884770	   -176.43302223	      0.00000000	      0.10171224	      1.18806978	      0.03431955	    -24.62307652	     -4.38646269	     27.48375553	     69.86789939	      3.68556363	     -6.50940035	     61.25808005	     55.93122163	    -60.99167301	      8.71038601	     22.33683132
     12.92000000	     12.47102440	   -176.34797742	      0.00000000	      0.10182560	      1.18821202	      0.03450099	    -24.70102982	     -4.44964684	     27.46943254	     69.80418273	      3.83659293	     -6.89278837	     61.79563296	     56.17326295	    -61.85656147	      8.90763330	     21.33006880
     12.93000000	     12.56417183	   -176.45209025	      0.00000000	      0.10174980	      1.18830406	      0.03477899	    -24.67721423	     -4.54387938	     27.48644418	     70.00676740	      3.83234479	     -6.71038652	     61.74974995	     56.02426776	    -61.51031259	      8.82829611	     21.60055282
     12.94000000	     12.61081008	   -176.28253125	      0.00000000	      0.10192500	      1.18843636	      0.03500199	    -24.89481950	     -4.64590486	     27.43959475	     70.27078757	      3.86433781	     -6.82995015	     61.70396929	     56.09800450	    -61.61111640	      8.88722131	     21.52405923
     12.95000000	     12.64498150	   -176.34713506	      0.00000000	      0.10185156	      1.18861469	      0.03528379	    -24.92375879	     -4.74784622	     27.44864506	     70.45783093	      3.87293503	     -6.74858312	     61.76874525	     55.98410065	    -61.54453396	      8.86036673	     21.59325744
     12.96000000	     12.68556906	   -176.28242049	      0.00000000	      0.10199963	      1.18867966	      0.03548070	    -25.02195551	     -4.79875181	     27.43010546	     70.61683185	      3.91398178	     -6.83991391	     61.81543246	     56.04185490	    -61.76835725	      8.93994383	     21.42291355
     12.97000000	     12.74515207	   -176.30913643	      0.00000000	      0.10200275	      1.18876576	      0.03573239	    -25.06460126	     -4.87042332	     27.43567411	     70.74843404	      3.94942581	     -6.83763540	     61.91052760	     56.02771675	    -61.86139210	      8.97434840	     21.35767330
     12.98000000	     12.75973580	   -176.31348345	      0.00000000	      0.10206412	      1.18891049	      0.03590127	    -25.08588569	     -4.94328435	     27.42121044	     70.85878218	      3.98930961	     -6.89998425	     62.00095100	     56.03590743	    -61.99879777	      9.01317798	     21.20094025
     12.99000000	     12.76700758	   -176.38018724	      0.00000000	      0.10209029	      1.18906705	      0.03604024	    -25.01966643	     -5.01136415	     27.42326487	     70.86944337	      4.04767074	     -6.97455194	     62.19486532	     56.02433627	    -62.24968387	      9.10348498	     20.94773247
     13.00000000	     12.84268316	   -176.39706541	      0.00000000	      0.10211322	      1.18909988	      0.03624432	    -25.05167301	     -5.05306277	     27.44176566	     70.89321693	      4.13057730	     -7.07134533	     62.43039378	     56.11773097	    -62.46611867	      9.14918681	     20.65849665
     13.01000000	     12.89218163	   -176.42109883	      0.00000000	      0.10215181	      1.18920022	      0.03644658	    -25.09140804	     -5.13695883	     27.42838096	     71.06315549	      4.14018110	     -6.99983840	     62.34894104	     56.06219469	    -62.12468765	      9.07893400	     20.91130308
     13.02000000	     12.85934799	   -176.42361462	      0.00000000	      0.10225223	      1.18931315	      0.03657449	    -25.10361705	     -5.17710796	     27.37734993	     71.23818779	      4.15243989	     -7.04433335	     62.30521612	     56.06292604	    -62.31095027	      9.14647471	     20.82544447
     13.03000000	     12.86416911	   -176.46234297	      0.00000000	      0.10231940	      1.18955794	      0.03667066	    -25.02514431	     -5.34461476	     28.01957972	     71.29651979	      3.49925708	     -7.51334904	     62.32470421	     56.25947411	    -61.88856548	      9.01794397	     20.60723945
     13.04000000	     12.91508274	   -176.55912613	      0.00000000	      0.10233606	      1.18954993	      0.03684472	    -24.97349533	     -5.32318800	     29.14482676	     71.24730168	      2.58458774	     -7.90479628	     62.66767631	     56.27157928	    -62.62374889	      9.18049630	     20.84325374
     13.05000000	     12.93571216	   -176.58097839	      0.00000000	      0.10241861	      1.18955177	      0.03697443	    -25.02783860	     -5.29154418	     29.39098631	     71.43318788	      2.37142409	     -7.74700707	     62.56024395	     56.05358942	    -62.55624151	      9.30661721	     20.21019573
     13.06000000	     12.94776002	   -176.65237420	      0.00000000	      0.10245719	      1.18963305	      0.03709542	    -24.94710389	     -5.32675313	     30.00703409	     71.33609848	      1.88921040	     -8.16320410	     62.89518226	     56.21047697	    -63.35868986	      9.38551162	     21.17257819
     13.07000000	     12.93952903	   -176.69279768	      0.00000000	      0.10254849	      1.18976043	      0.03717075	    -24.90921496	     -5.39130996	     32.25053946	     71.47769103	     -0.29508182	     -8.88842528	     62.76794252	     56.20953331	    -62.96089073	      9.35219600	     20.72258841
     13.08000000	     12.93273214	   -176.75181157	      0.00000000	      0.10259455	      1.18992900	      0.03725748	    -24.85169028	     -5.48909215	     33.59928590	     71.54320135	     -1.58495314	     -9.41666447	     62.76685980	     56.27211889	    -62.70831332	      9.27771769	     20.79767133
     13.09000000	     12.92814283	   -176.78195162	      0.00000000	      0.10270155	      1.18994199	      0.03731798	    -24.83754860	     -5.44544986	     33.89392037	     71.51329730	     -1.77494142	     -9.53646263	     62.95890583	     56.24244792	    -63.63121742	      9.51657347	     21.30024386
     13.10000000	     12.94823624	   -176.82154690	      0.00000000	      0.10276907	      1.18996602	      0.03746543	    -24.89542188	     -5.45517542	     33.73803094	     71.78945485	     -1.68190459	     -9.19364476	     62.65978141	     56.03416137	    -62.87442234	      9.49692867	     20.15017787
     13.11000000	     12.94415834	   -176.88397796	      0.00000000	      0.10282722	      1.19001645	      0.03752506	    -24.83175167	     -5.45619426	     34.59370345	     71.72568046	     -2.42091933	     -9.57327728	     62.86584502	     56.09062403	    -63.57496035	      9.61960263	     20.79866442
     13.12000000	     12.94350007	   -176.92761359	      0.00000000	      0.10291858	      1.19006850	      0.03757293	    -24.80433409	     -5.47109558	     35.49107989	     71.81502529	     -3.27753474	     -9.79576922	     62.78147769	     56.02216963	    -63.73724819	      9.71388843	     20.94712593
     13.13000000	     12.93114181	   -176.96603363	      0.00000000	      0.10294827	      1.19017851	      0.03765225	    -24.80258021	     -5.52061883	     36.40524041	     71.89422301	     -4.19321724	    -10.04301709	     62.68876937	     56.00658250	    -63.14471121	      9.62790453	     20.33510413
     13.14000000	     12.92337803	   -177.01528056	      0.00000000	      0.10299234	      1.19025962	      0.03766456	    -24.71648735	     -5.55042853	     37.13406818	     71.72109450	     -4.78209920	    -10.54818906	     63.02944608	     56.20236190	    -63.93465582	      9.67585286	     21.32672636
     13.15000000	     12.92301840	   -177.05155500	      0.00000000	      0.10305129	      1.19026597	      0.03771545	    -24.73065055	     -5.53427149	     36.00553089	     71.86410414	     -3.70992623	    -10.06007473	     62.94470946	     56.09866834	    -63.85903461	      9.74449521	     20.75762555
     13.16000000	     12.92306375	   -177.06919853	      0.00000000	      0.10310910	      1.19035096	      0.03778067	    -24.76241948	     -5.56322833	     36.81520062	     72.00901750	     -4.49918568	    -10.18128726	     62.79096830	     55.98367367	    -63.71328513	      9.77250948	     20.65458180
     13.17000000	     12.92154288	   -177.11664744	      0.00000000	      0.10313836	      1.19040624	      0.03783306	    -24.73628859	     -5.59563277	     37.07348435	     71.98763318	     -4.71274500	    -10.36462423	     62.89399692	     56.07758175	    -63.76233342	      9.76220215	     20.60812456
     13.18000000	     12.91981524	   -177.11624484	      0.00000000	      0.10320245	      1.19046740	      0.03788892	    -24.79985813	     -5.60438533	     36.67868100	     72.27184378	     -4.40733305	     -9.96816136	     62.56530778	     55.83954284	    -63.59485656	      9.86431827	     20.26888226
     13.19000000	     12.91208178	   -177.14659776	      0.00000000	      0.10320418	      1.19054294	      0.03787833	    -24.76924828	     -5.64213869	     38.02245394	     72.16027117	     -5.64602529	    -10.51023174	     62.72255172	     55.95790853	    -63.46889392	      9.77119201	     20.17158546
     13.20000000	     12.91121009	   -177.16254643	      0.00000000	      0.10322819	      1.19062034	      0.03788869	    -24.77685956	     -5.67433556	     39.14982123	     72.15113036	     -6.70444480	    -10.86253646	     62.74689400	     55.96127733	    -63.49314555	      9.77338188	     20.14304498
     13.21000000	     12.90924234	   -177.18752168	      0.00000000	      0.10324623	      1.19064722	      0.03790643	    -24.78777552	     -5.67655133	     40.66898445	     72.12855165	     -8.12682841	    -11.31824616	     62.76939333	     55.95968450	    -63.56029425	      9.76779023	     20.22264050
     13.22000000	     12.91043091	   -177.18170521	      0.00000000	      0.10325904	      1.19070875	      0.03793482	    -24.81743880	     -5.69163448	     40.99899210	     72.12404311	     -8.41766930	    -11.46129831	     62.84167058	     55.99368123	    -63.78117369	      9.79616285	     20.41954504
     13.23000000	     12.91381361	   -177.19265753	      0.00000000	      0.10328064	      1.19074010	      0.03796558	    -24.84966828	     -5.69599714	     41.01769781	     72.19348104	     -8.41153638	    -11.41079003	     62.84496862	     55.94133438	    -64.10128028	      9.87018339	     20.70060879
     13.24000000	     12.91419028	   -177.18825849	      0.00000000	      0.10330273	      1.19083620	      0.03794089	    -24.87002342	     -5.72772741	     40.38186151	     72.25451203	     -7.78842001	    -11.18423239	     62.84214156	     55.90081905	    -64.10804001	      9.87797279	     20.63119782
     13.25000000	     12.90892572	   -177.19558447	      0.00000000	      0.10328669	      1.19091283	      0.03793192	    -24.88494820	     -5.78038195	     40.22468218	     72.25490168	     -7.62939472	    -11.23592191	     62.89208153	     56.00747803	    -63.59820186	      9.72318072	     20.15662591
     13.26000000	     12.91255315	   -177.22163210	      0.00000000	      0.10330276	      1.19100415	      0.03794566	    -24.87683564	     -5.81155040	     38.39468474	     72.45842757	     -5.88542491	    -10.61507430	     62.80491998	     55.92573674	    -64.07352353	      9.84937391	     20.50832888
     13.27000000	     12.92566159	   -177.17925405	      0.00000000	      0.10331359	      1.19097068	      0.03797356	    -25.00257859	     -5.79625146	     38.15387365	     72.52661373	     -5.68912607	    -10.41911191	     62.73461509	     55.90110118	    -63.67252055	      9.72178004	     20.62371976
     13.28000000	     12.92676547	   -177.18956526	      0.00000000	      0.10330713	      1.19103350	      0.03794121	    -25.00401958	     -5.81131154	     37.94655054	     72.50208456	     -5.42271498	    -10.41788734	     62.87603684	     55.92568225	    -63.88394838	      9.75696901	     20.36520138
     13.29000000	     12.94378231	   -177.23935866	      0.00000000	      0.10326704	      1.19107295	      0.03796057	    -25.00310431	     -5.83176852	     37.78106863	     72.58911636	     -5.27176557	    -10.23469108	     62.78419137	     55.84240503	    -63.59290917	      9.66884380	     20.53131724
     13.30000000	     12.94511983	   -177.19419021	      0.00000000	      0.10328830	      1.19111648	      0.03795160	    -25.09618519	     -5.85749201	     37.64463778	     72.69279308	     -5.15307947	    -10.15792676	     62.71636768	     55.82669673	    -63.47993028	      9.62643773	     20.58658400
     13.31000000	     12.93768101	   -177.14825317	      0.00000000	      0.10330661	      1.19115391	      0.03795255	    -25.19041323	     -5.86391260	     37.51936700	     72.77396265	     -5.04659864	    -10.11415220	     62.69838594	     55.84052553	    -63.51778533	      9.59987203	     20.56557503
     13.32000000	     12.93382351	   -177.13400631	      0.00000000	      0.10328833	      1.19119769	      0.03792629	    -25.22641446	     -5.87205378	     37.38537201	     72.80038727	     -4.93420157	    -10.05043489	     62.69290279	     55.82623249	    -63.52434190	      9.59802885	     20.55038858
     13.33000000	     12.91743575	   -177.15623236	      0.00000000	      0.10326341	      1.19125627	      0.03786660	    -25.20115741	     -5.87752784	     37.22904493	     72.70220758	     -4.71635092	    -10.11702023	     62.91542646	     55.87386114	    -63.88710294	      9.66609601	     20.23535184
     13.34000000	     12.96834550	   -177.20074564	      0.00000000	      0.10323307	      1.19125274	      0.03782562	    -25.17708957	     -5.89246557	     37.11367928	     72.73698406	     -4.58526155	     -9.93692073	     62.83338693	     55.78252635	    -63.60418369	      9.58844441	     20.39998473
     13.35000000	     12.95933088	   -177.08901321	      0.00000000	      0.10328497	      1.19125727	      0.03782319	    -25.33684193	     -5.88861798	     36.94336470	     72.84172231	     -4.45376016	     -9.90169810	     62.77799438	     55.81358207	    -63.65410227	      9.59180959	     20.45452952
     13.36000000	     12.98042578	   -177.09507081	      0.00000000	      0.10329864	      1.19128525	      0.03773119	    -25.29977393	     -5.88414790	     36.79666838	     72.73546205	     -4.22183575	     -9.96669713	     62.96105230	     55.86756530	    -63.93105633	      9.65518853	     20.22068743
     13.37000000	     12.96354735	   -177.07300333	      0.00000000	      0.10328011	      1.19132885	      0.03770874	    -25.37215405	     -5.89863999	     36.65859946	     72.81161299	     -4.12539855	     -9.83961493	     62.88538971	     55.80668414	    -63.71545352	      9.56932557	     20.36863892
     13.38000000	     12.95934858	   -177.05787950	      0.00000000	      0.10327829	      1.19134841	      0.03767324	    -25.40754111	     -5.89018713	     35.63060183	     72.83291755	     -3.13451827	     -9.54020164	     62.91234305	     55.80014718	    -63.58365860	      9.60868339	     19.45891181
     13.39000000	     12.94354647	   -177.04925546	      0.00000000	      0.10328608	      1.19136185	      0.03761750	    -25.43803494	     -5.88610933	     34.73597901	     72.83107022	     -2.25820129	     -9.28699648	     62.96275366	     55.80187594	    -63.49342629	      9.55273942	     19.37204027
     13.40000000	     12.95866147	   -176.97343940	      0.00000000	      0.10329924	      1.19131307	      0.03758018	    -25.55701040	     -5.87354491	     34.48655289	     72.97206033	     -2.12258483	     -9.03499813	     62.69393645	     55.70679914	    -63.24442821	      9.49542545	     19.87215291
     13.41000000	     12.94103884	   -177.00635143	      0.00000000	      0.10326153	      1.19134124	      0.03748709	    -25.48725618	     -5.86698412	     34.30566276	     72.76301315	     -1.83704511	     -9.20886863	     63.05231613	     55.83924425	    -63.77351825	      9.56534611	     19.76131970
     13.42000000	     12.94501981	   -176.94667136	      0.00000000	      0.10328642	      1.19128401	      0.03745593	    -25.60026841	     -5.83998218	     34.04417994	     72.93453790	     -1.69759172	     -8.90449168	     62.73132040	     55.70184592	    -63.40031767	      9.46484085	     20.30442051
     13.43000000	     12.96464840	   -176.84562843	      0.00000000	      0.10336263	      1.19131911	      0.03737407	    -25.69202984	     -5.87258268	     33.90393764	     72.93498320	     -1.50677574	     -8.98047031	     62.75932609	     55.74781879	    -63.55324788	      9.53998090	     20.17731453
     13.44000000	     12.93901408	   -176.94237615	      0.00000000	      0.10326921	      1.19127752	      0.03729942	    -25.61592049	     -5.82266551	     33.79441203	     72.91186545	     -1.42884320	     -8.77625008	     62.70767222	     55.61777347	    -63.39530639	      9.45908886	     20.40755155
     13.45000000	     12.94814997	   -177.19616578	      0.00000000	      0.10313990	      1.19095817	      0.03711554	    -25.25747235	     -5.60255671	     33.56477428	     72.76026124	     -1.42304016	     -8.33320733	     62.40456262	     55.47588297	    -63.03334788	      9.36618359	     20.82440457
     13.46000000	     12.90532044	   -176.89724029	      0.00000000	      0.10328080	      1.19120303	      0.03712939	    -25.63782069	     -5.75312797	     33.46855858	     72.70728418	     -1.07714978	     -8.87588690	     62.93387525	     55.75329950	    -63.91247649	      9.56027473	     20.24731993
     13.47000000	     12.88958745	   -176.87942420	      0.00000000	      0.10325492	      1.19119461	      0.03699262	    -25.62056799	     -5.73869949	     32.80359051	     72.53325023	     -0.39985269	     -8.79017871	     63.08164390	     55.83109699	    -63.85830877	      9.48689786	     20.33139451
     13.48000000	     12.84803894	   -176.83904455	      0.00000000	      0.10325091	      1.19117974	      0.03690350	    -25.66769635	     -5.72523182	     32.64037671	     72.53909486	     -0.31992988	     -8.74965960	     62.95945552	     55.85092837	    -63.43326211	      9.39842769	     20.06973868
     13.49000000	     12.85205553	   -176.83066190	      0.00000000	      0.10326285	      1.19105627	      0.03683363	    -25.71187967	     -5.64019709	     32.90397194	     72.60328728	     -0.57392594	     -8.61215525	     62.76999952	     55.65676712	    -63.40939428	      9.50115752	     19.69755165
     13.50000000	     12.83300583	   -176.78439784	      0.00000000	      0.10319727	      1.19100478	      0.03679532	    -25.80022462	     -5.61839987	     32.70940149	     72.57921340	     -0.46964689	     -8.47820985	     62.65378710	     55.62441435	    -63.11184806	      9.42588232	     20.03364390
     13.51000000	     12.81964045	   -176.76373806	      0.00000000	      0.10324772	      1.19089948	      0.03664803	    -25.80450581	     -5.54346097	     32.58656333	     72.56555222	     -0.34284214	     -8.38590873	     62.51699687	     55.57090115	    -63.02876169	      9.38830067	     20.38928279
     13.52000000	     12.79679839	   -176.73636070	      0.00000000	      0.10321844	      1.19082036	      0.03657476	    -25.85565363	     -5.50443667	     32.44618804	     72.53340332	     -0.24102258	     -8.29120582	     62.41035563	     55.52081934	    -62.96357359	      9.39964164	     20.70959765
     13.53000000	     12.75728361	   -176.71417632	      0.00000000	      0.10325650	      1.19074790	      0.03640181	    -25.83684680	     -5.43141237	     32.33683271	     72.44630609	     -0.09045365	     -8.32212419	     62.39373696	     55.52748208	    -63.10154305	      9.41334553	     20.84819209
     13.54000000	     12.72365755	   -176.71337648	      0.00000000	      0.10320302	      1.19066817	      0.03631146	    -25.85905996	     -5.37536860	     32.22219574	     72.35724074	     -0.02003239	     -8.21243588	     62.31251435	     55.45861130	    -63.01895113	      9.40755205	     21.16085422
     13.55000000	     12.68068513	   -176.74818004	      0.00000000	      0.10316950	      1.19061866	      0.03617571	    -25.81067646	     -5.30718197	     32.11457893	     72.27094492	      0.08339821	     -8.10900695	     62.19605572	     55.35842274	    -62.79004828	      9.35852871	     21.36052916
     13.56000000	     12.66405602	   -176.65176725	      0.00000000	      0.10323492	      1.19044496	      0.03607903	    -25.93263632	     -5.21950870	     31.76861829	     72.31254966	      0.37173849	     -7.95586138	     61.94082404	     55.32448168	    -63.06236660	      9.43564483	     22.46348374
     13.57000000	     12.58309365	   -176.76078636	      0.00000000	      0.10313512	      1.19041194	      0.03579467	    -25.68761168	     -5.14254662	     31.48037530	     71.72333190	      0.82163822	     -8.28995788	     62.55589621	     55.59744695	    -63.46150898	      9.46428576	     21.56783138
     13.58000000	     12.53544502	   -176.76124659	      0.00000000	      0.10312641	      1.19026965	      0.03563448	    -25.67057456	     -5.04357875	     31.19167575	     71.56680615	      1.10629760	     -8.21071997	     62.50179940	     55.58906971	    -63.41688469	      9.46697001	     21.83649433
     13.59000000	     12.46865741	   -176.74640680	      0.00000000	      0.10307262	      1.19016866	      0.03549859	    -25.70279046	     -4.97042294	     31.05861164	     71.55482410	      1.12704571	     -8.01901228	     62.17341646	     55.45885728	    -63.00029282	      9.42955856	     22.18588521
     13.60000000	     12.43468146	   -176.81422623	      0.00000000	      0.10308950	      1.18999885	      0.03529682	    -25.60297500	     -4.84270443	     31.00152552	     71.50520899	      1.19303713	     -7.81296016	     61.85377381	     55.26477850	    -62.66598021	      9.40620395	     22.66093823
     13.61000000	     12.38733905	   -176.83241344	      0.00000000	      0.10306471	      1.18987931	      0.03517471	    -25.61036399	     -4.76103282	     30.89714388	     71.45642812	      1.28123883	     -7.67045195	     61.60343039	     55.13470658	    -62.38454950	      9.41593187	     23.05454269
     13.62000000	     12.32256498	   -176.85196540	      0.00000000	      0.10307091	      1.18971077	      0.03497183	    -25.56210120	     -4.63377896	     30.78527003	     71.34603085	      1.36052184	     -7.55461830	     61.34423719	     55.04088550	    -62.15616311	      9.43027207	     23.43418737
     13.63000000	     12.27604887	   -176.93176519	      0.00000000	      0.10300517	      1.18954941	      0.03487351	    -25.50655224	     -4.53896319	     30.68892965	     71.21242740	      1.41188836	     -7.43008791	     61.12308090	     54.96136416	    -61.93076618	      9.46477926	     23.81892017
     13.64000000	     12.16313572	   -176.85107783	      0.00000000	      0.10316397	      1.18936199	      0.03449708	    -25.44274222	     -4.34981285	     30.57422306	     70.98166959	      1.52892120	     -7.55092332	     60.95974346	     55.02053395	    -61.89112835	      9.51465430	     23.97358472
     13.65000000	     12.09863868	   -176.91299153	      0.00000000	      0.10316259	      1.18916232	      0.03428066	    -25.33021721	     -4.21241794	     30.47784737	     70.74331224	      1.62038700	     -7.53097527	     60.80252927	     55.01028403	    -61.71617328	      9.54354224	     24.32255670
     13.66000000	     12.00138625	   -176.95649169	      0.00000000	      0.10309548	      1.18903374	      0.03404101	    -25.24871855	     -4.09581976	     30.40614267	     70.55575855	      1.68791494	     -7.44479891	     60.59285538	     54.89194036	    -61.50112599	      9.57671754	     24.79334837
     13.67000000	     11.89579834	   -177.06661993	      0.00000000	      0.10315314	      1.18885250	      0.03367827	    -24.97258454	     -3.93129192	     30.30838152	     70.09172827	      1.85931586	     -7.70806340	     60.68978220	     55.07668062	    -61.48028151	      9.59021938	     24.74309707
     13.68000000	     11.81002933	   -177.05897491	      0.00000000	      0.10313909	      1.18868049	      0.03346108	    -24.95961826	     -3.79744959	     30.23180224	     69.90063632	      1.88406852	     -7.54241553	     60.36076117	     54.92392776	    -61.12672893	      9.64987567	     25.33794609
     13.69000000	     11.72586783	   -177.16109262	      0.00000000	      0.10320227	      1.18838620	      0.03315578	    -24.75937417	     -3.56758237	     30.16775029	     69.67762344	      1.95843166	     -7.47583845	     60.04641695	     54.86291072	    -60.80605791	      9.67608991	     25.84095070
     13.70000000	     11.64354343	   -177.19751355	      0.00000000	      0.10323253	      1.18812311	      0.03289791	    -24.67261058	     -3.37768900	     30.08247308	     69.52828659	      2.00043426	     -7.26989843	     59.58292894	     54.69739284	    -60.36351255	      9.72219197	     26.68930985
     13.71000000	     11.52031306	   -177.31536735	      0.00000000	      0.10323372	      1.18795085	      0.03250275	    -24.36631530	     -3.21000373	     29.95693790	     68.92570662	      2.21674288	     -7.60816926	     59.79527323	     54.95553167	    -60.28878962	      9.73123197	     26.55929749
     13.72000000	     11.45944478	   -177.35379286	      0.00000000	      0.10328968	      1.18771821	      0.03235914	    -24.35135419	     -3.05256991	     30.03549574	     68.80835695	      2.33085945	     -7.68764594	     59.65661568	     54.93536328	    -60.24984131	      9.75793228	     26.57562341
     13.73000000	     11.32583834	   -177.48659845	      0.00000000	      0.10328483	      1.18744042	      0.03188199	    -23.97959347	     -2.79314929	     29.98271393	     68.24714126	      2.25543325	     -7.63576398	     59.35613288	     54.89171999	    -59.68192972	      9.90824006	     26.89769776
     13.74000000	     11.25372540	   -177.50746144	      0.00000000	      0.10335036	      1.18720161	      0.03156468	    -23.85342731	     -2.63328145	     29.96018360	     68.01228193	      2.24178804	     -7.58894068	     58.87951841	     54.87413535	    -58.80738235	      9.84957051	     27.54511944
     13.75000000	     11.11509632	   -177.58328835	      0.00000000	      0.10338576	      1.18697104	      0.03124173	    -23.66250974	     -2.40708973	     29.96560758	     67.68597736	      2.26033046	     -7.61051717	     58.61871247	     54.82344283	    -58.54162785	      9.97165109	     27.74923858
     13.76000000	     11.00629882	   -177.66738853	      0.00000000	      0.10341619	      1.18676017	      0.03091919	    -23.46636608	     -2.24007635	     29.94870007	     67.44323471	      2.23455778	     -7.50646155	     58.10786374	     54.75829003	    -57.63900972	      9.85570688	     28.61900465
     13.77000000	     10.92078214	   -177.73353085	      0.00000000	      0.10344839	      1.18648881	      0.03061623	    -23.28851760	     -2.00859109	     29.96966612	     67.11243183	      2.27234397	     -7.52962997	     57.82854019	     54.73549745	    -57.38273329	     10.02283577	     28.85705242
     13.78000000	     10.83456551	   -177.81204591	      0.00000000	      0.10350776	      1.18624627	      0.03035047	    -23.12324386	     -1.81906314	     29.95868262	     66.95246417	      2.25721806	     -7.37014020	     57.20498602	     54.62668692	    -56.57943232	      9.99917206	     29.94573383
     13.79000000	     10.73921588	   -177.89602874	      0.00000000	      0.10354719	      1.18599666	      0.03002458	    -22.89550630	     -1.59015725	     29.97837916	     66.54355792	      2.29707651	     -7.39469349	     56.94858746	     54.62677260	    -56.21980199	     10.09740525	     30.28351623
     13.80000000	     10.66142177	   -177.97164885	      0.00000000	      0.10357511	      1.18575522	      0.02973942	    -22.70700202	     -1.40402241	     29.98653328	     66.23655902	      2.32795225	     -7.39614537	     56.55229413	     54.65298632	    -55.50691202	     10.08291672	     30.99292786
     13.81000000	     10.62395705	   -178.01223427	      0.00000000	      0.10361966	      1.18547689	      0.02948299	    -22.55977796	     -1.21862195	     29.99567073	     65.98323523	      2.33871943	     -7.31086004	     56.02036936	     54.64562603	    -54.80537032	     10.12395975	     31.82002290
     13.82000000	     10.50134040	   -178.08514146	      0.00000000	      0.10365225	      1.18529037	      0.02917179	    -22.35993328	     -1.00356575	     30.01088042	     65.67043131	      2.37465876	     -7.29943167	     55.64209512	     54.60659750	    -54.27862736	     10.18864305	     32.40742906
     13.83000000	     10.45185323	   -178.09860289	      0.00000000	      0.10370827	      1.18508022	      0.02904702	    -22.34291905	     -0.82116206	     30.12085175	     65.50921533	      2.53549340	     -7.39185154	     55.45405748	     54.61446714	    -54.21337202	     10.23120547	     32.45866012
     13.84000000	     10.40300269	   -178.09220554	      0.00000000	      0.10381939	      1.18486202	      0.02883549	    -22.28052673	     -0.61435358	     30.21261731	     65.25719928	      2.67891362	     -7.49299488	     55.23298402	     54.63034134	    -54.06941524	     10.33276903	     32.55593087
     13.85000000	     10.26479319	   -178.28095915	      0.00000000	      0.10370283	      1.18469821	      0.02834341	    -21.79227706	     -0.44419343	     30.09821279	     64.67560055	      2.51050793	     -7.34376757	     54.53824092	     54.74307663	    -52.28058684	     10.19210899	     34.06565582
     13.86000000	     10.23578137	   -178.30102505	      0.00000000	      0.10374252	      1.18447841	      0.02829038	    -21.80136102	     -0.26444207	     30.22177952	     64.55051782	      2.68408312	     -7.42531499	     54.35267764	     54.76717841	    -52.22781327	     10.24007739	     34.11048109
     13.87000000	     10.12492011	   -178.28383467	      0.00000000	      0.10381454	      1.18432936	      0.02790431	    -21.60806006	     -0.09423176	     30.16789512	     64.31403880	      2.53065540	     -7.17383082	     53.37132436	     54.72470077	    -50.70654695	     10.23223731	     35.70451076
     13.88000000	     10.07869012	   -178.32361580	      0.00000000	      0.10385536	      1.18414202	      0.02772928	    -21.49439273	      0.09923151	     30.21019367	     64.17710626	      2.54999109	     -6.97877906	     52.71977398	     54.62292823	    -50.15533994	     10.35920478	     36.77539319
     13.89000000	      9.98589654	   -178.40606686	      0.00000000	      0.10382800	      1.18393100	      0.02753017	    -21.31628745	      0.33627443	     30.24814446	     63.80164111	      2.62537131	     -7.02134695	     52.48702514	     54.70642013	    -49.68603706	     10.43632792	     37.19266243
     13.90000000	      9.98866153	   -178.34722754	      0.00000000	      0.10389721	      1.18380577	      0.02736556	    -21.30638480	      0.41847560	     30.28118260	     63.71506490	      2.67095811	     -6.91239469	     51.80156756	     54.77132344	    -48.72149746	     10.36234396	     38.29657204
     13.91000000	      9.93399134	   -178.47434812	      0.00000000	      0.10385241	      1.18361020	      0.02712231	    -21.05681048	      0.63214650	     30.34398739	     63.35984708	      2.74999362	     -6.86363408	     51.48047936	     54.81850537	    -48.08970058	     10.35155081	     38.91728503
     13.92000000	      9.90594118	   -178.48300083	      0.00000000	      0.10386851	      1.18346395	      0.02707586	    -21.06657624	      0.80108485	     30.47224942	     63.22579554	      2.92762212	     -6.93654634	     51.31170119	     54.86770899	    -48.04068550	     10.39621614	     38.95050357
     13.93000000	      9.81052759	   -178.51419928	      0.00000000	      0.10386823	      1.18331244	      0.02670969	    -20.80065914	      1.00318543	     30.44442840	     62.71684716	      2.89988038	     -6.92698300	     50.86431135	     55.04175893	    -46.96729529	     10.43970136	     39.74333463
     13.94000000	      9.80430822	   -178.52524494	      0.00000000	      0.10387876	      1.18316734	      0.02668193	    -20.81612789	      1.15714937	     30.58446616	     62.59908099	      3.08551681	     -6.98566253	     50.69071441	     55.10132160	    -46.89353544	     10.47024372	     39.79680704
     13.95000000	      9.73221250	   -178.49565775	      0.00000000	      0.10390004	      1.18309441	      0.02643174	    -20.70028293	      1.26212317	     30.55230867	     62.44391043	      2.97428211	     -6.76226575	     49.77635891	     55.21773183	    -45.16846487	     10.36235205	     41.26533263
     13.96000000	      9.72323325	   -178.52509126	      0.00000000	      0.10390400	      1.18293964	      0.02642578	    -20.70810850	      1.42798292	     30.69568949	     62.33253627	      3.15766418	     -6.80847476	     49.61809149	     55.28124174	    -45.12226855	     10.40165502	     41.30011084
     13.97000000	      9.67436076	   -178.54429000	      0.00000000	      0.10387525	      1.18277547	      0.02608404	    -20.48786016	      1.62341248	     30.70692027	     61.87796343	      3.11927409	     -6.70375589	     49.15219501	     55.43361633	    -44.12781787	     10.47134842	     42.07055697
     13.98000000	      9.64133786	   -178.54884379	      0.00000000	      0.10389012	      1.18267703	      0.02603698	    -20.47908461	      1.72785133	     30.75316682	     61.92431357	      3.10439924	     -6.48445198	     48.37161765	     55.49532786	    -42.94033006	     10.40018843	     43.21754480
     13.99000000	      9.62484856	   -178.57373477	      0.00000000	      0.10388565	      1.18255279	      0.02602824	    -20.49559101	      1.88897465	     30.89117687	     61.82679736	      3.28009149	     -6.52489184	     48.22645606	     55.57067049	    -42.89861135	     10.43794194	     43.24962061
     14.00000000	      9.57593343	   -178.54304209	      0.00000000	      0.10391688	      1.18241652	      0.02583135	    -20.42796096	      2.05152281	     30.89496084	     61.76901118	      3.15952284	     -6.13963298	     47.26564289	     55.57870166	    -41.63572975	     10.50017943	     44.68720157
     14.01000000	      9.57361889	   -178.57253393	      0.00000000	      0.10389315	      1.18228444	      0.02582330	    -20.44606336	      2.20916046	     31.03284937	     61.67104497	      3.33668369	     -6.18251991	     47.13994043	     55.67767334	    -41.58329328	     10.55033493	     44.72018733
     14.02000000	      9.56593704	   -178.58590295	      0.00000000	      0.10383482	      1.18215680	      0.02555254	    -20.27524651	      2.32847343	     31.03541676	     61.22185650	      3.34194997	     -6.17344568	     46.84467181	     56.00211286	    -40.61589097	     10.55211581	     45.41107282
     14.03000000	      9.51962791	   -178.62249541	      0.00000000	      0.10380078	      1.18205500	      0.02556244	    -20.30404191	      2.49730337	     31.15770415	     61.16437469	      3.50346647	     -6.21558349	     46.72133589	     56.09100088	    -40.54670979	     10.59384599	     45.45810092
     14.04000000	      9.47307427	   -178.59874452	      0.00000000	      0.10380491	      1.18196461	      0.02537322	    -20.24055566	      2.59155647	     31.14587015	     61.09447166	      3.40084301	     -5.99568150	     45.92752935	     56.31018551	    -39.06251704	     10.53375875	     46.69261275
     14.05000000	      9.46527908	   -178.62801515	      0.00000000	      0.10378207	      1.18186826	      0.02535569	    -20.26074981	      2.72868688	     31.27762336	     61.01600925	      3.55737499	     -6.00998225	     45.79866868	     56.40783264	    -39.01421613	     10.58647547	     46.72971532
     14.06000000	      9.42075432	   -178.63869785	      0.00000000	      0.10375190	      1.18174989	      0.02515253	    -20.16910144	      2.85455945	     31.28729589	     60.91592689	      3.48314511	     -5.77989256	     45.12654691	     56.58146079	    -37.83627349	     10.58559141	     47.76374621
     14.07000000	      9.42006102	   -178.67421253	      0.00000000	      0.10371368	      1.18164413	      0.02514430	    -20.20132986	      2.98870536	     31.41359846	     60.85331491	      3.63023246	     -5.78700988	     45.01014490	     56.69993990	    -37.79142981	     10.65645411	     47.79851875
     14.08000000	      9.42618775	   -178.67752759	      0.00000000	      0.10369606	      1.18150813	      0.02508716	    -20.22543312	      3.12892357	     31.51428991	     60.72750347	      3.74362623	     -5.78857900	     44.86088386	     56.85900916	    -37.66496967	     10.77377094	     47.88611476
     14.09000000	      9.41528742	   -178.68357280	      0.00000000	      0.10367808	      1.18137379	      0.02498999	    -20.23501570	      3.27862093	     31.59691814	     60.58801402	      3.83512294	     -5.78815036	     44.69957412	     57.03463586	    -37.46895867	     10.88691518	     48.01947264
     14.10000000	      9.35674067	   -178.69612919	      0.00000000	      0.10366270	      1.18125681	      0.02480544	    -20.17063548	      3.38886039	     31.56908874	     60.83292575	      3.53953506	     -5.12218991	     43.33388731	     57.05511602	    -35.76486753	     10.93208268	     49.94607329
     14.11000000	      9.33984450	   -178.75113631	      0.00000000	      0.10361425	      1.18116061	      0.02478064	    -20.19997875	      3.50894326	     31.69113327	     60.80587829	      3.68759315	     -5.13794226	     43.26759506	     57.17271448	    -35.72964210	     10.97855682	     49.97026953
     14.12000000	      9.34171567	   -178.79130354	      0.00000000	      0.10357078	      1.18103831	      0.02472435	    -20.22647120	      3.62928636	     31.79931453	     60.74425311	      3.81667469	     -5.14986597	     43.18706637	     57.32380004	    -35.65955258	     11.05407007	     50.01532582
     14.13000000	      9.29063131	   -178.82897857	      0.00000000	      0.10349939	      1.18099147	      0.02452109	    -20.11966631	      3.67122788	     31.76362181	     60.62870555	      3.77578828	     -5.07283623	     42.77043357	     57.67182077	    -34.63353069	     10.98457854	     50.95114961
     14.14000000	      9.27683227	   -178.88159632	      0.00000000	      0.10344262	      1.18088672	      0.02446106	    -20.14936490	      3.78829541	     31.87152538	     60.60369853	      3.89546796	     -5.06634123	     42.69844510	     57.79283352	    -34.60448132	     11.05738130	     50.97394688
     14.15000000	      9.27543588	   -178.92722851	      0.00000000	      0.10338983	      1.18075771	      0.02438763	    -20.17536610	      3.90573195	     31.96792749	     60.55716687	      3.99835886	     -5.05448943	     42.61431146	     57.94076432	    -34.54791287	     11.15305449	     51.01476986
     14.16000000	      9.25458183	   -178.95441154	      0.00000000	      0.10336496	      1.18062763	      0.02421506	    -20.11207507	      3.99213888	     32.47098944	     60.64000862	      3.43095865	     -5.00100333	     41.91255449	     58.10703370	    -34.17290643	     11.31142654	     53.24402977
     14.17000000	      9.23317112	   -179.01176572	      0.00000000	      0.10330018	      1.18050971	      0.02411087	    -20.11861770	      4.09911233	     32.21359442	     60.66586298	      3.76077259	     -4.73168064	     41.67174306	     58.21701585	    -34.08327533	     11.43232509	     53.64629187
     14.18000000	      9.20399025	   -179.07725581	      0.00000000	      0.10323543	      1.18042077	      0.02398902	    -20.09276792	      4.18021593	     31.65505437	     60.56904387	      4.36289916	     -4.43311169	     41.60486004	     58.41587841	    -33.94076107	     11.47942302	     54.01382594
     14.19000000	      9.23053190	   -179.10138622	      0.00000000	      0.10327455	      1.18021018	      0.02412981	    -20.30983305	      4.31509995	     31.80856524	     61.56852355	      4.05688857	     -3.32997191	     39.75390054	     57.95308774	    -33.11946516	     11.86298336	     55.76784353
     14.20000000	      9.16942049	   -179.20271394	      0.00000000	      0.10310676	      1.18019114	      0.02377067	    -20.10517768	      4.36011464	     32.14292616	     60.62832646	      4.13490626	     -4.40825877	     41.22638951	     58.65876989	    -33.47147807	     11.64077965	     54.26455544
     14.21000000	      9.17272808	   -179.23621765	      0.00000000	      0.10309795	      1.18007012	      0.02372015	    -20.20337081	      4.46272758	     32.20048689	     60.87412813	      4.17861052	     -4.07600136	     40.75294641	     58.58111431	    -33.48062747	     11.85297416	     54.81459941
     14.22000000	      9.13103735	   -179.34550480	      0.00000000	      0.10298037	      1.17997720	      0.02351984	    -20.08404596	      4.51429696	     31.81489867	     60.64483234	      4.58547395	     -4.04901256	     40.91928093	     58.93040386	    -33.29928843	     11.82257495	     55.02212866
     14.23000000	      9.11297455	   -179.40054039	      0.00000000	      0.10294029	      1.17988139	      0.02339219	    -20.10615929	      4.57921361	     31.85106693	     60.71972692	      4.62473319	     -3.90085630	     40.69677537	     59.01662747	    -33.03553274	     11.89538613	     55.17677773
     14.24000000	      9.09247864	   -179.49402993	      0.00000000	      0.10287760	      1.17984039	      0.02326376	    -20.05430601	      4.59647650	     32.04596840	     60.76254863	      4.51275843	     -3.97100222	     40.56478137	     59.20286203	    -32.93613992	     11.94641086	     55.70404089
     14.25000000	      9.07301764	   -179.57163878	      0.00000000	      0.10280694	      1.17970518	      0.02313452	    -20.07154504	      4.69648272	     32.66407682	     60.72338834	      4.10723790	     -4.23075572	     40.65772350	     59.30532025	    -33.09255887	     12.05894213	     55.44714258
     14.26000000	      9.05251287	   -179.64361858	      0.00000000	      0.10274071	      1.17964322	      0.02302511	    -20.07681729	      4.73036171	     32.99112182	     60.79340661	      3.89182356	     -4.31526606	     40.55472263	     59.41539917	    -33.12047220	     12.14954973	     55.78989781
     14.27000000	      9.04890251	   -179.72736817	      0.00000000	      0.10268393	      1.17954005	      0.02288849	    -20.06946586	      4.77253062	     33.20805290	     60.87686295	      3.76258735	     -4.25819869	     40.37927301	     59.48351420	    -32.83524725	     12.20829547	     55.62450824
     14.28000000	      9.04630785	   -179.79217428	      0.00000000	      0.10263882	      1.17945347	      0.02282987	    -20.13035206	      4.82091322	     33.19874365	     61.04628228	      3.80682482	     -4.01472472	     40.11148632	     59.49448550	    -32.80188113	     12.34253707	     56.12799377
     14.29000000	      9.06571607	   -179.96093605	      0.00000000	      0.10253776	      1.17923959	      0.02273580	    -20.04166221	      4.93431923	     33.20470660	     61.14015784	      3.77202865	     -3.72029872	     39.84044674	     59.51143386	    -32.91016158	     12.51143248	     56.44950400
     14.30000000	      9.00333030	   -179.96027814	      0.00000000	      0.10252387	      1.17933175	      0.02253829	    -20.07594948	      4.86004038	     35.24543382	     61.08026659	      2.12528780	     -4.98161788	     40.14910498	     59.76999121	    -32.52561306	     12.41532467	     55.44779191
     14.31000000	      8.99987900	   -180.01029585	      0.00000000	      0.10248695	      1.17924045	      0.02245154	    -20.13462346	      4.89038642	     35.16958377	     61.21532158	      2.21820188	     -4.75315563	     39.96296731	     59.79479696	    -32.53423323	     12.51156222	     55.96071286
     14.32000000	      8.98963221	   -180.07856572	      0.00000000	      0.10244858	      1.17919522	      0.02234874	    -20.15178044	      4.89430905	     35.13222480	     61.29241452	      2.29339759	     -4.62091802	     39.88580744	     59.83782556	    -32.59941346	     12.59590509	     56.23204392
     14.33000000	      9.01144388	   -180.12495489	      0.00000000	      0.10241914	      1.17910931	      0.02225707	    -20.18431987	      4.91077204	     35.17468113	     61.35200910	      2.29586379	     -4.53296072	     39.81618657	     59.88791255	    -32.76357667	     12.74105717	     56.23245715
     14.34000000	      8.96984218	   -180.21500875	      0.00000000	      0.10236075	      1.17904817	      0.02213855	    -20.17094055	      4.95501786	     35.18602767	     61.40295928	      2.30342372	     -4.45197185	     39.80743715	     59.92120535	    -32.83063922	     12.78042569	     56.29204132
     14.35000000	      8.95890959	   -180.25622165	      0.00000000	      0.10234002	      1.17905682	      0.02204584	    -20.21182785	      4.90964453	     35.07976551	     61.47590858	      2.42770681	     -4.36216457	     39.78651833	     60.00556326	    -32.82500402	     12.81311480	     56.67761911
     14.36000000	      8.95539533	   -180.38717822	      0.00000000	      0.10221856	      1.17903619	      0.02189447	    -20.10958209	      4.90553897	     34.95050807	     61.26257226	      2.67266078	     -4.47421658	     40.22163698	     60.14227422	    -33.28659194	     12.86863170	     56.37166344
     14.37000000	      8.94336377	   -180.40432807	      0.00000000	      0.10224356	      1.17897547	      0.02179692	    -20.16802130	      4.90866363	     34.83198010	     61.43297875	      2.73401125	     -4.22409093	     39.97976786	     60.13205189	    -33.22440721	     12.92754371	     56.88667552
     14.38000000	      8.93033324	   -180.42055487	      0.00000000	      0.10227945	      1.17892805	      0.02171534	    -20.23484062	      4.92287881	     34.67939297	     61.59260522	      2.85818747	     -3.98869872	     39.79492080	     60.08799623	    -33.37849184	     13.03486761	     57.42909998
     14.39000000	      8.92022175	   -180.51410726	      0.00000000	      0.10218464	      1.17891333	      0.02155607	    -20.13527836	      4.90289330	     34.54518927	     61.32558551	      3.05632274	     -4.17979574	     40.30373610	     60.28877219	    -33.74587435	     13.02839364	     56.76388935
     14.40000000	      8.92935235	   -180.53482571	      0.00000000	      0.10220320	      1.17886498	      0.02151439	    -20.21327080	      4.87736910	     34.45391382	     61.53445344	      3.12831282	     -3.91301874	     40.05899310	     60.21474080	    -33.74544305	     13.11530893	     57.33364542
     14.41000000	      8.90879622	   -180.61057371	      0.00000000	      0.10214786	      1.17887014	      0.02137695	    -20.15029318	      4.86768153	     34.35162657	     61.39486988	      3.25782088	     -3.99044669	     40.36847038	     60.31910859	    -33.89842791	     13.10801819	     56.62031368
     14.42000000	      8.92036216	   -180.61633959	      0.00000000	      0.10217513	      1.17883934	      0.02130465	    -20.19673671	      4.83878593	     34.26336229	     61.56817704	      3.30430913	     -3.76693350	     40.13392040	     60.26031935	    -33.89581064	     13.18895393	     57.13108315
     14.43000000	      8.90084160	   -180.62186237	      0.00000000	      0.10220535	      1.17882190	      0.02123364	    -20.24306522	      4.82620803	     34.13420649	     61.70918245	      3.38434934	     -3.58443127	     39.99257863	     60.21368064	    -33.97680661	     13.23650821	     57.62194225
     14.44000000	      8.83713369	   -180.54193894	      0.00000000	      0.10223841	      1.17906463	      0.02119578	    -20.39116071	      4.67318432	     34.03651447	     61.85102584	      3.46207218	     -3.55262388	     40.00896824	     60.19121606	    -34.13122371	     13.23758513	     57.78350185
